ORIGIN,DESTINATION,PAX IN/OUT,AVG. FARE ($),DISTANCE (MI),DAILY PAX I/O,RPM ($/MI)
JFK,LAX,"2,634,721",$468.25,"2,395 mi","7,218",$0.1955
LGA,ORD,"2,332,196",$226.60,709 mi,"6,390",$0.3196
LAX,SFO,"1,981,980",$115.16,328 mi,"5,430",$0.3511
JFK,LHR,"1,950,246",$821.99,"3,545 mi","5,343",$0.2319
EWR,MCO,"1,737,914",$167.98,911 mi,"4,761",$0.1844
LGA,MIA,"1,666,859",$199.99,"1,132 mi","4,567",$0.1767
LAX,ORD,"1,650,160",$297.88,"1,793 mi","4,521",$0.1661
EWR,LAX,"1,640,539",$435.60,"2,522 mi","4,495",$0.1727
DEN,PHX,"1,628,953",$158.57,584 mi,"4,463",$0.2715
JFK,SFO,"1,602,506",$472.28,"2,504 mi","4,390",$0.1886
MCO,PHL,"1,598,792",$180.32,837 mi,"4,380",$0.2154
LGA,MCO,"1,593,739",$146.11,922 mi,"4,366",$0.1585
ATL,LGA,"1,591,814",$222.29,738 mi,"4,361",$0.3012
MCO,SJU,"1,579,012",$148.94,"1,225 mi","4,326",$0.1216
LAS,LAX,"1,562,272",$101.77,243 mi,"4,280",$0.4188
HNL,OGG,"1,451,285",$63.24,98 mi,"3,976",$0.6453
HNL,LAX,"1,442,840",$302.55,"2,475 mi","3,953",$0.1222
LAX,SEA,"1,420,271",$185.49,984 mi,"3,891",$0.1885
BOS,MCO,"1,406,172",$174.52,"1,156 mi","3,853",$0.1510
EWR,SFO,"1,396,490",$570.13,"2,483 mi","3,826",$0.2296
BOS,ORD,"1,379,716",$189.91,838 mi,"3,780",$0.2266
DFW,LAX,"1,352,533",$232.87,"1,269 mi","3,706",$0.1835
ORD,SFO,"1,348,501",$362.11,"1,787 mi","3,695",$0.2026
DFW,LGA,"1,347,775",$260.97,"1,428 mi","3,693",$0.1828
MCO,ORD,"1,339,897",$188.65,"1,037 mi","3,671",$0.1819
JFK,MCO,"1,300,350",$130.00,973 mi,"3,563",$0.1336
DFW,ORD,"1,285,178",$216.04,826 mi,"3,521",$0.2615
PHX,SEA,"1,276,316",$168.35,"1,074 mi","3,497",$0.1568
BOS,SFO,"1,244,568",$374.25,"2,617 mi","3,410",$0.1430
EWR,FLL,"1,243,629",$194.03,"1,035 mi","3,407",$0.1875
BOS,DCA,"1,197,176",$147.06,387 mi,"3,280",$0.3800
DFW,LAS,"1,193,633",$217.17,"1,085 mi","3,270",$0.2002
ATL,DFW,"1,193,305",$227.25,708 mi,"3,269",$0.3210
BOS,LAX,"1,174,509",$369.44,"2,683 mi","3,218",$0.1377
ATL,MCO,"1,173,351",$168.51,392 mi,"3,215",$0.4299
DEN,LAS,"1,172,481",$145.28,646 mi,"3,212",$0.2249
DTW,MCO,"1,165,670",$184.25,988 mi,"3,194",$0.1865
LAS,SFO,"1,151,700",$128.09,426 mi,"3,155",$0.3007
FLL,LGA,"1,146,576",$170.92,"1,046 mi","3,141",$0.1634
ATL,FLL,"1,141,266",$136.57,599 mi,"3,127",$0.2280
ATL,EWR,"1,134,882",$187.32,723 mi,"3,109",$0.2591
DEN,ORD,"1,125,557",$201.41,859 mi,"3,084",$0.2345
LAS,SEA,"1,112,709",$160.23,893 mi,"3,049",$0.1794
DFW,MCO,"1,110,142",$232.15,"1,012 mi","3,041",$0.2294
DEN,LAX,"1,109,982",$182.26,887 mi,"3,041",$0.2055
EWR,ORD,"1,106,267",$232.68,695 mi,"3,031",$0.3348
SAN,SFO,"1,105,774",$120.27,434 mi,"3,030",$0.2771
ORD,PHX,"1,102,283",$253.43,"1,394 mi","3,020",$0.1818
DEN,DFW,"1,091,879",$178.84,622 mi,"2,991",$0.2875
DEN,MCO,"1,090,849",$226.31,"1,591 mi","2,989",$0.1422
SEA,SFO,"1,090,144",$186.79,659 mi,"2,987",$0.2834
JFK,MIA,"1,084,619",$179.57,"1,059 mi","2,972",$0.1696
HNL,ITO,"1,076,808",$84.17,210 mi,"2,950",$0.4008
LAS,ORD,"1,054,625",$239.81,"1,466 mi","2,889",$0.1636
JFK,LAS,"1,045,654",$293.63,"2,176 mi","2,865",$0.1349
DCA,MCO,"1,039,366",$145.26,738 mi,"2,848",$0.1968
ATL,MIA,"1,020,884",$169.72,614 mi,"2,797",$0.2764
HNL,LIH,"1,010,739",$66.92,104 mi,"2,769",$0.6435
HNL,KOA,"1,010,128",$71.82,159 mi,"2,767",$0.4517
JFK,SJU,"1,004,666",$171.51,"1,554 mi","2,753",$0.1104
ATL,ORD,"1,000,416",$201.43,625 mi,"2,741",$0.3223
LAS,PHX,"999,197",$139.88,247 mi,"2,738",$0.5663
ATL,LAX,"994,711",$359.22,"2,000 mi","2,725",$0.1796
BWI,MCO,"993,348",$194.42,764 mi,"2,722",$0.2545
EWR,MIA,"989,908",$228.77,"1,121 mi","2,712",$0.2041
ATL,PHL,"988,419",$191.74,646 mi,"2,708",$0.2968
CLT,LGA,"985,218",$184.88,560 mi,"2,699",$0.3301
DEN,SEA,"984,732",$168.32,"1,053 mi","2,698",$0.1598
LAX,PHX,"978,294",$125.94,380 mi,"2,680",$0.3314
SAN,SMF,"975,865",$157.05,494 mi,"2,674",$0.3179
ATL,BOS,"973,412",$220.56,917 mi,"2,667",$0.2405
DEN,SAN,"964,513",$160.43,878 mi,"2,643",$0.1827
FLL,JFK,"964,003",$157.27,"1,039 mi","2,641",$0.1514
SAN,SJC,"960,509",$160.33,430 mi,"2,632",$0.3729
MSP,PHX,"951,800",$218.90,"1,237 mi","2,608",$0.1770
ATL,DEN,"950,046",$198.32,"1,233 mi","2,603",$0.1608
LAX,MCO,"948,768",$261.48,"2,279 mi","2,599",$0.1147
LAS,SAN,"948,604",$93.97,251 mi,"2,599",$0.3744
JFK,STI,"945,880",$180.38,"1,435 mi","2,591",$0.1257
DEN,MSP,"940,302",$142.48,699 mi,"2,576",$0.2038
LGA,YYZ,"936,437",$200.03,345 mi,"2,566",$0.5798
DEN,LGA,"933,586",$266.32,"1,663 mi","2,558",$0.1601
DCA,ORD,"927,428",$207.61,629 mi,"2,541",$0.3301
SAN,SEA,"926,651",$183.01,"1,019 mi","2,539",$0.1796
IAH,LAX,"924,291",$215.59,"1,417 mi","2,532",$0.1521
BOS,FLL,"923,441",$162.01,"1,202 mi","2,530",$0.1348
DEN,SFO,"919,056",$216.06,995 mi,"2,518",$0.2171
LAX,GDL,"918,391",$96.44,"1,347 mi","2,516",$0.0716
ATL,DTW,"904,288",$213.32,613 mi,"2,478",$0.3480
JFK,CDG,"898,653",$673.82,"3,734 mi","2,462",$0.1805
EWR,PBI,"896,370",$233.50,"1,056 mi","2,456",$0.2211
DFW,PHX,"896,161",$229.27,892 mi,"2,455",$0.2570
ATL,LAS,"894,750",$301.33,"1,795 mi","2,451",$0.1679
PHX,SLC,"892,403",$175.86,523 mi,"2,445",$0.3363
IAH,ORD,"884,053",$240.70,954 mi,"2,422",$0.2523
BOS,DFW,"878,825",$234.92,"1,606 mi","2,408",$0.1463
IAH,LGA,"873,554",$254.56,"1,373 mi","2,393",$0.1854
BOS,DEN,"869,337",$235.40,"1,802 mi","2,382",$0.1306
ORD,SEA,"867,436",$235.88,"1,665 mi","2,377",$0.1417
LAX,PDX,"866,218",$149.97,810 mi,"2,373",$0.1851
PDX,PHX,"865,005",$198.66,980 mi,"2,370",$0.2027
ATL,DCA,"861,710",$200.51,531 mi,"2,361",$0.3776
LAS,SMF,"857,921",$125.39,385 mi,"2,350",$0.3257
MCO,MSP,"850,442",$200.08,"1,350 mi","2,330",$0.1482
BOS,MIA,"847,646",$179.91,"1,298 mi","2,322",$0.1386
PHX,SAN,"845,422",$144.94,313 mi,"2,316",$0.4631
ATL,JFK,"844,616",$144.34,736 mi,"2,314",$0.1961
ATL,TPA,"837,777",$165.30,395 mi,"2,295",$0.4185
CLT,DFW,"827,822",$229.83,962 mi,"2,268",$0.2389
JFK,SDQ,"822,491",$196.50,"1,507 mi","2,253",$0.1304
LAX,SLC,"810,587",$160.16,572 mi,"2,221",$0.2800
BOS,TPA,"809,146",$164.48,"1,222 mi","2,217",$0.1346
LAS,OAK,"807,269",$138.15,419 mi,"2,212",$0.3297
LAX,SJC,"807,176",$130.97,299 mi,"2,211",$0.4380
LAX,LHR,"805,101",$947.76,"5,605 mi","2,206",$0.1691
CLT,MCO,"802,395",$203.39,483 mi,"2,198",$0.4211
AUS,DEN,"798,118",$172.96,753 mi,"2,187",$0.2297
SEA,SNA,"797,261",$217.76,"1,008 mi","2,184",$0.2160
DEN,SLC,"796,442",$134.22,378 mi,"2,182",$0.3551
DFW,SFO,"795,651",$301.34,"1,506 mi","2,180",$0.2001
FLL,ORD,"794,658",$223.97,"1,220 mi","2,177",$0.1836
ATL,BWI,"793,670",$142.75,559 mi,"2,174",$0.2554
MIA,ORD,"791,550",$254.98,"1,163 mi","2,169",$0.2192
DFW,SEA,"789,895",$234.61,"1,608 mi","2,164",$0.1459
EWR,LAS,"788,938",$371.44,"2,289 mi","2,161",$0.1623
PHX,SFO,"788,281",$158.50,671 mi,"2,160",$0.2362
ORD,TPA,"779,171",$192.22,"1,044 mi","2,135",$0.1841
FLL,PHL,"775,980",$153.59,965 mi,"2,126",$0.1592
BOS,PHL,"773,963",$144.67,272 mi,"2,120",$0.5319
LAS,SJC,"773,739",$140.73,398 mi,"2,120",$0.3536
DTW,LGA,"769,232",$213.56,485 mi,"2,107",$0.4403
ORD,PHL,"765,008",$237.57,696 mi,"2,096",$0.3413
DFW,EWR,"763,255",$314.55,"1,411 mi","2,091",$0.2229
DEN,IAH,"762,676",$199.97,888 mi,"2,090",$0.2252
LGA,PBI,"762,085",$238.99,"1,068 mi","2,088",$0.2238
LGA,TPA,"746,258",$174.20,"1,042 mi","2,045",$0.1672
LAX,MEX,"740,247",$196.44,"1,506 mi","2,028",$0.1304
SFO,LHR,"739,975","$1,153.12","5,515 mi","2,027",$0.2091
SEA,SJC,"737,994",$192.74,718 mi,"2,022",$0.2684
BUR,LAS,"736,832",$177.90,230 mi,"2,019",$0.7735
BNA,MCO,"733,810",$212.27,636 mi,"2,010",$0.3338
LAS,PDX,"728,919",$140.39,740 mi,"1,997",$0.1897
EWR,TPA,"726,419",$194.29,"1,029 mi","1,990",$0.1888
SFO,SNA,"726,029",$165.90,383 mi,"1,989",$0.4332
LAS,SNA,"721,373",$142.14,219 mi,"1,976",$0.6490
DTW,FLL,"713,133",$184.42,"1,096 mi","1,954",$0.1683
LAS,MSP,"711,567",$200.80,"1,336 mi","1,949",$0.1503
DCA,MIA,"710,813",$188.69,894 mi,"1,947",$0.2111
IAH,MCO,"710,387",$171.95,878 mi,"1,946",$0.1958
AUS,LAX,"709,716",$236.14,"1,202 mi","1,944",$0.1965
LAX,MIA,"706,752",$360.99,"2,268 mi","1,936",$0.1592
ORD,RSW,"706,153",$260.45,"1,088 mi","1,935",$0.2394
PHL,TPA,"703,098",$193.84,949 mi,"1,926",$0.2043
HNL,SFO,"694,167",$337.89,"2,323 mi","1,902",$0.1455
ORD,CUN,"692,019",$223.53,"1,491 mi","1,896",$0.1499
EWR,IAH,"691,761",$270.73,"1,356 mi","1,895",$0.1997
ORD,SAN,"690,085",$265.41,"1,772 mi","1,891",$0.1498
ATL,IAH,"689,348",$164.23,667 mi,"1,889",$0.2462
EWR,LHR,"676,357",$864.54,"3,352 mi","1,853",$0.2579
MCO,MDW,"676,196",$199.25,"1,021 mi","1,853",$0.1952
HNL,SEA,"674,271",$350.83,"2,596 mi","1,847",$0.1351
DFW,DTW,"673,487",$281.82,956 mi,"1,845",$0.2948
MSP,ORD,"673,131",$192.68,344 mi,"1,844",$0.5601
MIA,PHL,"673,065",$184.91,985 mi,"1,844",$0.1877
DTW,TPA,"669,501",$188.67,955 mi,"1,834",$0.1976
LAX,MSP,"665,151",$227.52,"1,487 mi","1,822",$0.1530
CLE,MCO,"662,756",$134.86,870 mi,"1,816",$0.1550
JFK,CUN,"662,705",$234.73,"1,604 mi","1,816",$0.1463
LAX,PHL,"662,494",$359.73,"2,468 mi","1,815",$0.1458
DFW,PHL,"660,349",$261.55,"1,261 mi","1,809",$0.2074
LAX,ICN,"660,076",$808.82,"6,160 mi","1,808",$0.1313
IAH,LAS,"657,940",$222.51,"1,257 mi","1,803",$0.1770
DEN,IAD,"656,437",$299.00,"1,492 mi","1,798",$0.2004
BNA,LGA,"656,103",$214.51,786 mi,"1,798",$0.2729
IAD,SFO,"655,635",$437.18,"2,342 mi","1,796",$0.1867
JFK,PHX,"653,154",$298.98,"2,213 mi","1,789",$0.1351
MIA,EZE,"652,872",$611.40,"4,556 mi","1,789",$0.1342
JFK,PUJ,"652,590",$220.99,"1,605 mi","1,788",$0.1377
MCO,RDU,"645,640",$133.04,519 mi,"1,769",$0.2563
ORD,MEX,"643,161",$168.91,"1,638 mi","1,762",$0.1031
BOS,LHR,"639,187",$638.78,"3,157 mi","1,751",$0.2023
MIA,MEX,"638,396",$198.35,"1,236 mi","1,749",$0.1605
JFK,TPA,"637,779",$118.16,"1,036 mi","1,747",$0.1141
BOS,RSW,"637,363",$196.17,"1,289 mi","1,746",$0.1522
EWR,SJU,"633,268",$205.99,"1,564 mi","1,735",$0.1317
HNL,LAS,"632,897",$330.95,"2,676 mi","1,734",$0.1237
CLT,EWR,"632,097",$186.09,544 mi,"1,732",$0.3421
EWR,PHX,"630,837",$350.33,"2,064 mi","1,728",$0.1697
DFW,MIA,"629,978",$237.16,"1,086 mi","1,726",$0.2184
LAX,SMF,"629,906",$142.26,362 mi,"1,726",$0.3930
DTW,LAS,"627,499",$251.55,"1,693 mi","1,719",$0.1486
JFK,MEX,"626,441",$339.86,"2,028 mi","1,716",$0.1676
BOS,CLT,"625,885",$252.58,749 mi,"1,715",$0.3372
BOS,LGA,"624,345",$226.98,178 mi,"1,711",$1.2752
IAD,LAX,"623,712",$368.17,"2,215 mi","1,709",$0.1662
JFK,SEA,"623,578",$312.91,"2,487 mi","1,708",$0.1258
JFK,FCO,"620,691",$428.40,"4,138 mi","1,701",$0.1035
CLT,ORD,"619,669",$196.18,617 mi,"1,698",$0.3180
ATL,SFO,"618,161",$342.01,"2,071 mi","1,694",$0.1651
DEN,TPA,"615,098",$226.83,"1,550 mi","1,685",$0.1463
DEN,PDX,"614,959",$173.04,"1,019 mi","1,685",$0.1698
BOS,SEA,"611,658",$268.22,"2,414 mi","1,676",$0.1111
MCO,IND,"611,223",$199.88,805 mi,"1,675",$0.2483
LAX,YVR,"608,595",$191.60,"1,114 mi","1,667",$0.1720
ATL,PHX,"608,469",$312.63,"1,632 mi","1,667",$0.1916
PHX,SNA,"607,958",$170.16,348 mi,"1,666",$0.4890
IAH,MIA,"607,038",$198.73,934 mi,"1,663",$0.2128
DFW,CUN,"607,000",$162.85,999 mi,"1,663",$0.1630
DFW,FLL,"605,718",$251.94,"1,084 mi","1,660",$0.2324
DTW,PHX,"601,254",$282.86,"1,718 mi","1,647",$0.1646
FLL,LAX,"601,051",$289.27,"2,268 mi","1,647",$0.1275
BOS,PHX,"600,954",$265.53,"2,226 mi","1,646",$0.1193
JFK,SAN,"599,999",$304.73,"2,368 mi","1,644",$0.1287
DEN,PHL,"595,823",$273.96,"1,507 mi","1,632",$0.1818
MCO,CMH,"595,755",$206.94,780 mi,"1,632",$0.2653
DFW,MSP,"595,069",$253.16,827 mi,"1,630",$0.3061
MCO,BDL,"594,774",$151.73,"1,083 mi","1,630",$0.1401
JFK,TLV,"590,679","$1,071.32","5,835 mi","1,618",$0.1836
PHX,SMF,"590,218",$217.76,627 mi,"1,617",$0.3473
AUS,LAS,"587,154",$186.03,"1,121 mi","1,609",$0.1660
CLT,FLL,"584,559",$200.67,652 mi,"1,602",$0.3078
LAX,SJD,"584,119",$187.25,885 mi,"1,600",$0.2116
DEN,EWR,"581,240",$312.87,"1,649 mi","1,592",$0.1897
JFK,MXP,"581,073",$766.39,"4,104 mi","1,592",$0.1867
LAX,CUN,"580,835",$232.10,"2,181 mi","1,591",$0.1064
DTW,LAX,"579,903",$373.63,"2,034 mi","1,589",$0.1837
LAS,RNO,"579,670",$193.71,335 mi,"1,588",$0.5782
PHL,SJU,"577,337",$189.11,"1,533 mi","1,582",$0.1234
MDW,PHX,"576,362",$217.93,"1,484 mi","1,579",$0.1469
CLT,PHL,"575,878",$177.78,461 mi,"1,578",$0.3856
DEN,SNA,"575,539",$204.31,870 mi,"1,577",$0.2348
BOS,LAS,"574,825",$301.70,"2,304 mi","1,575",$0.1309
MCO,STL,"574,450",$227.36,908 mi,"1,574",$0.2504
BNA,DEN,"573,556",$199.78,"1,041 mi","1,571",$0.1919
BOS,PBI,"571,070",$196.50,"1,235 mi","1,565",$0.1591
FLL,YYZ,"571,033",$185.71,"1,254 mi","1,564",$0.1481
SAN,OAK,"570,967",$172.80,433 mi,"1,564",$0.3991
LAS,SLC,"570,911",$143.25,379 mi,"1,564",$0.3780
IAD,SAL,"564,549",$174.98,"1,842 mi","1,547",$0.0950
MCO,YYZ,"564,230",$168.03,"1,026 mi","1,546",$0.1638
SEA,SLC,"559,940",$196.70,667 mi,"1,534",$0.2949
MCO,PIT,"559,008",$195.58,861 mi,"1,532",$0.2272
BOS,RDU,"559,004",$153.38,594 mi,"1,532",$0.2582
MIA,SJU,"557,422",$241.76,"1,014 mi","1,527",$0.2384
LGA,RDU,"557,397",$155.02,418 mi,"1,527",$0.3709
DAL,DEN,"553,229",$170.20,671 mi,"1,516",$0.2537
ATL,MDW,"551,975",$166.35,574 mi,"1,512",$0.2898
PDX,SFO,"551,877",$168.83,568 mi,"1,512",$0.2972
MIA,BOG,"551,658",$213.93,"1,558 mi","1,511",$0.1373
MSP,RSW,"549,977",$221.85,"1,461 mi","1,507",$0.1518
MCO,PVD,"548,699",$157.00,"1,105 mi","1,503",$0.1421
FLL,IAH,"548,441",$179.89,935 mi,"1,503",$0.1924
DFW,TPA,"546,544",$249.70,899 mi,"1,497",$0.2778
ATL,MSP,"544,488",$278.54,934 mi,"1,492",$0.2982
BUR,OAK,"544,473",$178.36,315 mi,"1,492",$0.5662
BOS,DTW,"541,200",$204.77,612 mi,"1,483",$0.3346
AUS,PHX,"540,030",$240.91,896 mi,"1,480",$0.2689
LAS,MCO,"539,949",$267.14,"2,097 mi","1,479",$0.1274
MCO,BUF,"538,125",$142.92,"1,043 mi","1,474",$0.1370
IAH,MEX,"537,516",$156.76,742 mi,"1,473",$0.2113
FLL,SJU,"535,599",$138.79,"1,077 mi","1,467",$0.1289
LAS,PHL,"534,707",$285.93,"2,106 mi","1,465",$0.1358
BNA,LAX,"533,183",$298.56,"1,739 mi","1,461",$0.1717
AUS,SFO,"533,128",$294.95,"1,547 mi","1,461",$0.1907
BWI,FLL,"532,894",$199.49,955 mi,"1,460",$0.2089
MIA,LHR,"532,803",$864.24,"4,550 mi","1,460",$0.1899
SEA,SMF,"527,951",$163.84,624 mi,"1,446",$0.2626
DCA,DFW,"525,948",$256.62,"1,226 mi","1,441",$0.2093
CVG,MCO,"524,727",$136.38,735 mi,"1,438",$0.1856
BOS,EWR,"524,726",$190.43,194 mi,"1,438",$0.9816
DEN,STL,"524,468",$195.94,791 mi,"1,437",$0.2477
DFW,SAN,"522,216",$270.83,"1,133 mi","1,431",$0.2390
BOS,SAN,"522,177",$295.43,"2,659 mi","1,431",$0.1111
LAX,HND,"522,146",$946.44,"5,312 mi","1,431",$0.1782
LAX,YYZ,"521,996",$330.83,"2,106 mi","1,430",$0.1571
DFW,SLC,"521,256",$249.39,"1,018 mi","1,428",$0.2450
MCO,PHX,"519,933",$273.28,"1,900 mi","1,424",$0.1438
EWR,SEA,"519,354",$320.25,"2,323 mi","1,423",$0.1379
BNA,BOS,"519,341",$182.67,913 mi,"1,423",$0.2001
PHL,SFO,"519,219",$426.57,"2,591 mi","1,423",$0.1646
ANC,SEA,"516,939",$292.19,"1,402 mi","1,416",$0.2084
ATL,AUS,"515,763",$224.60,787 mi,"1,413",$0.2854
DEN,MIA,"513,008",$256.03,"1,759 mi","1,406",$0.1456
BWI,TPA,"511,831",$218.14,869 mi,"1,402",$0.2510
BOS,IAH,"511,530",$299.77,"1,547 mi","1,401",$0.1938
CLT,MIA,"511,384",$222.12,632 mi,"1,401",$0.3515
DTW,RSW,"511,228",$220.54,"1,054 mi","1,401",$0.2092
DEN,MCI,"511,003",$188.07,547 mi,"1,400",$0.3438
LAX,SAL,"508,393",$221.88,"2,390 mi","1,393",$0.0928
IAD,LHR,"506,982",$893.98,"3,777 mi","1,389",$0.2367
EWR,RSW,"505,624",$219.54,"1,102 mi","1,385",$0.1992
ATL,SEA,"505,233",$325.58,"2,113 mi","1,384",$0.1541
BOS,SJU,"502,679",$199.42,"1,729 mi","1,377",$0.1153
AUS,ORD,"502,229",$235.78,949 mi,"1,376",$0.2485
DCA,LAX,"502,206",$341.26,"2,375 mi","1,376",$0.1437
DEN,DTW,"500,879",$204.81,"1,154 mi","1,372",$0.1775
ONT,SEA,"500,821",$161.97,928 mi,"1,372",$0.1745
MSP,SEA,"500,347",$236.32,"1,353 mi","1,371",$0.1747
SAN,SLC,"500,207",$177.65,646 mi,"1,370",$0.2750
FLL,YUL,"499,311",$197.87,"1,428 mi","1,368",$0.1386
AUS,EWR,"499,160",$300.52,"1,547 mi","1,368",$0.1943
DFW,IAH,"495,737",$171.37,232 mi,"1,358",$0.7387
IAD,MCO,"492,292",$165.09,782 mi,"1,349",$0.2111
CLT,DEN,"490,727",$247.78,"1,295 mi","1,344",$0.1913
CLT,TPA,"490,613",$216.64,494 mi,"1,344",$0.4385
SJC,SNA,"488,470",$220.15,352 mi,"1,338",$0.6254
JFK,PBI,"484,744",$182.47,"1,061 mi","1,328",$0.1720
PDX,SAN,"484,410",$207.03,962 mi,"1,327",$0.2152
LAX,OGG,"483,918",$345.60,"2,409 mi","1,326",$0.1435
EWR,CUN,"481,608",$233.19,"1,595 mi","1,319",$0.1462
DCA,FLL,"481,092",$156.87,928 mi,"1,318",$0.1690
IAH,SFO,"479,936",$368.19,"1,682 mi","1,315",$0.2189
SFO,YVR,"479,250",$177.28,777 mi,"1,313",$0.2282
LAS,SAT,"479,119",$211.83,"1,099 mi","1,313",$0.1927
ATL,RDU,"477,687",$187.27,345 mi,"1,309",$0.5428
AUS,JFK,"475,773",$304.60,"1,473 mi","1,303",$0.2068
LAS,MIA,"473,078",$300.82,"2,236 mi","1,296",$0.1345
BNA,FLL,"473,019",$216.61,818 mi,"1,296",$0.2648
BUR,SFO,"472,843",$147.49,317 mi,"1,295",$0.4653
DAL,LAS,"472,683",$250.25,"1,032 mi","1,295",$0.2425
PHX,SJC,"472,596",$211.58,602 mi,"1,295",$0.3515
LAX,NRT,"469,757",$572.79,"5,276 mi","1,287",$0.1086
BNA,DFW,"469,530",$240.25,649 mi,"1,286",$0.3702
MCO,MSY,"468,722",$201.13,566 mi,"1,284",$0.3554
CLT,LAS,"464,951",$257.89,"1,969 mi","1,274",$0.1310
DAL,PHX,"464,820",$209.55,851 mi,"1,273",$0.2462
AUS,MCO,"463,030",$215.78,962 mi,"1,269",$0.2243
BOS,BWI,"461,728",$157.87,380 mi,"1,265",$0.4154
HNL,HND,"460,150",$472.10,"3,732 mi","1,261",$0.1265
BNA,ORD,"459,710",$165.57,398 mi,"1,259",$0.4160
DFW,SNA,"459,081",$342.32,"1,166 mi","1,258",$0.2936
DEN,MDW,"458,702",$156.91,866 mi,"1,257",$0.1812
DAL,MCO,"458,630",$223.01,"1,001 mi","1,257",$0.2228
BOS,MSP,"457,994",$306.37,"1,087 mi","1,255",$0.2818
DAL,HOU,"457,819",$197.00,233 mi,"1,254",$0.8455
MSP,TPA,"455,038",$193.82,"1,269 mi","1,247",$0.1527
MSP,SFO,"454,898",$268.65,"1,634 mi","1,246",$0.1644
IAH,CUN,"454,190",$181.41,788 mi,"1,244",$0.2302
ORD,SNA,"453,697",$371.31,"1,774 mi","1,243",$0.2093
DFW,PDX,"452,931",$223.17,"1,662 mi","1,241",$0.1343
JFK,MAD,"451,468",$523.61,"3,472 mi","1,237",$0.1508
MIA,HAV,"451,210",$146.55,228 mi,"1,236",$0.6428
HNL,NRT,"451,097",$467.50,"3,698 mi","1,236",$0.1264
JFK,MBJ,"451,044",$223.10,"1,595 mi","1,236",$0.1399
DTW,IAH,"448,529",$212.72,"1,043 mi","1,229",$0.2040
LAS,MDW,"447,869",$201.37,"1,471 mi","1,227",$0.1369
CLT,IAH,"447,008",$236.16,938 mi,"1,225",$0.2518
BWI,DEN,"447,006",$259.88,"1,532 mi","1,225",$0.1696
MIA,RDU,"443,574",$144.26,723 mi,"1,215",$0.1995
SFO,SLC,"442,165",$182.64,617 mi,"1,211",$0.2960
MCO,SEA,"442,152",$319.01,"2,626 mi","1,211",$0.1215
BWI,LAX,"441,347",$263.30,"2,394 mi","1,209",$0.1100
BNA,TPA,"440,500",$206.82,595 mi,"1,207",$0.3476
CLT,LAX,"440,000",$362.54,"2,184 mi","1,205",$0.1660
MCI,MCO,"439,502",$263.83,"1,040 mi","1,204",$0.2537
CLT,DTW,"439,203",$246.77,486 mi,"1,203",$0.5078
EWR,RDU,"438,637",$144.91,404 mi,"1,202",$0.3587
DCA,TPA,"438,612",$218.52,839 mi,"1,202",$0.2605
EWR,STI,"436,488",$214.74,"1,441 mi","1,196",$0.1490
PHL,PHX,"436,123",$277.68,"2,009 mi","1,195",$0.1382
DCA,LGA,"435,411",$205.91,208 mi,"1,193",$0.9900
FLL,NAS,"433,449",$95.16,177 mi,"1,188",$0.5376
BNA,DCA,"432,907",$203.41,544 mi,"1,186",$0.3739
HNL,SAN,"432,180",$294.01,"2,532 mi","1,184",$0.1161
BWI,MIA,"431,120",$168.04,920 mi,"1,181",$0.1827
LAX,CDG,"430,794",$955.96,"5,826 mi","1,180",$0.1641
EWR,TLV,"430,383","$1,155.08","5,509 mi","1,179",$0.2097
PDX,SNA,"429,722",$223.64,886 mi,"1,177",$0.2524
PHL,PBI,"428,491",$229.57,924 mi,"1,174",$0.2485
BNA,PHX,"428,438",$277.24,"1,402 mi","1,174",$0.1977
MDW,TPA,"428,261",$183.23,968 mi,"1,173",$0.1893
DEN,HOU,"428,165",$204.80,909 mi,"1,173",$0.2253
JFK,SLC,"426,992",$407.06,"2,044 mi","1,170",$0.1991
AUS,SEA,"426,578",$242.21,"1,822 mi","1,169",$0.1329
BUR,SEA,"426,516",$204.55,966 mi,"1,169",$0.2117
LGA,STL,"424,652",$216.27,913 mi,"1,163",$0.2369
DFW,MEX,"422,290",$147.50,910 mi,"1,157",$0.1621
BUR,SMF,"422,007",$215.07,370 mi,"1,156",$0.5813
SEA,OAK,"421,860",$179.92,652 mi,"1,156",$0.2760
IAH,PHX,"421,259",$199.61,977 mi,"1,154",$0.2043
LAX,MSY,"419,277",$267.09,"1,717 mi","1,149",$0.1556
SFO,ICN,"419,258",$830.03,"5,475 mi","1,149",$0.1516
ATL,DAL,"418,885",$225.13,698 mi,"1,148",$0.3225
ORD,PDX,"418,418",$258.22,"1,683 mi","1,146",$0.1534
ATL,CLE,"418,246",$165.09,572 mi,"1,146",$0.2886
BUR,PHX,"418,132",$170.75,357 mi,"1,146",$0.4783
ORD,RDU,"416,819",$214.84,665 mi,"1,142",$0.3231
BNA,LAS,"416,575",$290.43,"1,632 mi","1,141",$0.1780
DCA,DEN,"416,196",$186.76,"1,428 mi","1,140",$0.1308
EWR,SAN,"415,929",$380.35,"2,347 mi","1,140",$0.1621
DFW,RDU,"415,772",$268.21,"1,027 mi","1,139",$0.2612
DEN,SMF,"415,306",$218.24,880 mi,"1,138",$0.2480
CLE,TPA,"411,911",$116.97,957 mi,"1,129",$0.1222
DAL,MDW,"411,600",$206.50,770 mi,"1,128",$0.2682
BNA,PHL,"411,533",$201.17,654 mi,"1,127",$0.3076
BWI,LAS,"408,561",$303.17,"2,164 mi","1,119",$0.1401
JFK,AUA,"407,449",$287.03,"1,898 mi","1,116",$0.1512
MCO,SFO,"407,274",$345.02,"2,369 mi","1,116",$0.1456
DEN,CUN,"406,415",$242.71,"1,721 mi","1,113",$0.1410
DTW,MIA,"405,593",$219.85,"1,114 mi","1,111",$0.1974
MIA,LIM,"403,305",$363.14,"2,700 mi","1,105",$0.1345
ORD,LHR,"403,262",$885.36,"4,059 mi","1,105",$0.2181
ATL,MSY,"403,022",$164.33,412 mi,"1,104",$0.3989
LGA,MSP,"402,310",$338.11,987 mi,"1,102",$0.3426
TPA,SJU,"401,673",$146.15,"1,274 mi","1,100",$0.1147
PHX,OAK,"399,645",$184.08,664 mi,"1,095",$0.2772
DEN,IND,"398,697",$206.97,945 mi,"1,092",$0.2190
ONT,SMF,"398,445",$210.84,378 mi,"1,092",$0.5578
BNA,EWR,"398,258",$189.21,724 mi,"1,091",$0.2613
JFK,DUB,"398,174",$463.38,"3,266 mi","1,091",$0.1419
LAS,YYZ,"397,952",$246.46,"1,997 mi","1,090",$0.1234
IAD,SAN,"397,858",$361.48,"2,181 mi","1,090",$0.1657
DFW,ONT,"397,295",$226.74,"1,222 mi","1,088",$0.1855
DEN,SAT,"395,547",$193.72,771 mi,"1,084",$0.2513
DEN,ONT,"395,543",$159.11,793 mi,"1,084",$0.2006
MCO,ISP,"395,321",$136.51,"1,001 mi","1,083",$0.1364
ATL,IAD,"394,376",$157.17,550 mi,"1,080",$0.2858
DTW,EWR,"394,326",$187.22,502 mi,"1,080",$0.3729
MCI,PHX,"393,402",$267.24,"1,073 mi","1,078",$0.2491
LAS,TPA,"391,542",$272.44,"1,921 mi","1,073",$0.1418
LGA,MDW,"391,326",$181.63,701 mi,"1,072",$0.2591
ORD,SLC,"391,321",$314.54,"1,209 mi","1,072",$0.2602
MIA,SFO,"389,719",$361.29,"2,505 mi","1,068",$0.1442
DEN,MSY,"389,603",$211.11,"1,029 mi","1,067",$0.2052
OGG,SEA,"388,627",$371.59,"2,719 mi","1,065",$0.1367
LAX,GUA,"388,382",$198.10,"2,260 mi","1,064",$0.0877
LAX,OAK,"388,061",$160.07,347 mi,"1,063",$0.4613
MCO,MKE,"387,842",$222.25,"1,100 mi","1,063",$0.2020
PHL,RDU,"386,650",$226.29,327 mi,"1,059",$0.6920
IAH,SEA,"386,594",$304.08,"1,928 mi","1,059",$0.1577
BNA,MSP,"386,141",$190.29,716 mi,"1,058",$0.2658
MCO,SLC,"385,089",$288.75,"1,986 mi","1,055",$0.1454
JFK,BCN,"384,347",$535.51,"3,936 mi","1,053",$0.1361
FLL,KIN,"384,059",$87.89,620 mi,"1,052",$0.1418
LGA,MSY,"384,031",$214.34,"1,218 mi","1,052",$0.1760
JFK,FRA,"383,193",$654.57,"3,731 mi","1,050",$0.1754
LAS,STL,"382,756",$267.06,"1,409 mi","1,049",$0.1895
SFO,YYZ,"382,102",$365.22,"2,323 mi","1,047",$0.1572
SEA,BOI,"381,570",$136.09,386 mi,"1,045",$0.3526
ATL,SAN,"381,260",$280.02,"1,830 mi","1,045",$0.1530
DTW,MSP,"381,091",$256.42,543 mi,"1,044",$0.4722
EWR,SDQ,"379,486",$227.34,"1,608 mi","1,040",$0.1414
LAX,KOA,"376,130",$369.83,"2,426 mi","1,030",$0.1524
MIA,SDQ,"375,973",$65.68,823 mi,"1,030",$0.0798
ATL,SLC,"374,924",$396.76,"1,539 mi","1,027",$0.2578
PHX,STL,"373,642",$268.68,"1,221 mi","1,024",$0.2200
IAD,SEA,"373,423",$311.47,"2,231 mi","1,023",$0.1396
ORD,SJU,"372,959",$306.96,"2,012 mi","1,022",$0.1526
RDU,TPA,"371,909",$143.38,606 mi,"1,019",$0.2366
BUR,SJC,"370,866",$180.04,305 mi,"1,016",$0.5903
ATL,HOU,"370,285",$202.11,674 mi,"1,014",$0.2999
LAX,PVR,"368,993",$183.62,"1,256 mi","1,011",$0.1462
DCA,PBI,"366,575",$170.03,885 mi,"1,004",$0.1921
PHL,CUN,"366,146",$132.13,"1,427 mi","1,003",$0.0926
SEA,GEG,"364,143",$142.90,216 mi,998,$0.6616
MSP,SAN,"363,610",$280.41,"1,484 mi",996,$0.1890
DTW,ORD,"363,522",$196.73,227 mi,996,$0.8667
CLT,PHX,"362,722",$241.53,"1,717 mi",994,$0.1407
HOU,LAS,"362,041",$221.73,"1,270 mi",992,$0.1746
LAX,LIH,"361,972",$346.19,"2,533 mi",992,$0.1367
LAS,IND,"361,579",$235.43,"1,538 mi",991,$0.1531
AUS,SAN,"361,510",$215.98,"1,127 mi",990,$0.1916
EWR,PUJ,"360,820",$232.02,"1,614 mi",989,$0.1438
JFK,ICN,"360,815","$1,110.22","6,683 mi",989,$0.1661
MCO,LGW,"360,782",$529.33,"4,474 mi",988,$0.1183
FLL,LAS,"360,377",$235.04,"2,105 mi",987,$0.1117
DEN,RDU,"360,200",$242.31,"1,476 mi",987,$0.1642
AUS,BOS,"360,169",$266.27,"1,747 mi",987,$0.1524
BNA,DTW,"360,096",$215.80,471 mi,987,$0.4582
DCA,IAH,"360,045",$306.74,"1,242 mi",986,$0.2470
PHL,RSW,"359,688",$190.97,965 mi,985,$0.1979
LAS,LGB,"358,868",$116.54,238 mi,983,$0.4897
HOU,MDW,"356,404",$223.75,910 mi,976,$0.2459
IAD,LAS,"356,242",$344.28,"1,999 mi",976,$0.1722
DEN,SJC,"356,236",$224.05,918 mi,976,$0.2441
MIA,GRU,"356,199",$745.05,"3,961 mi",976,$0.1881
AUS,BNA,"356,164",$185.95,733 mi,976,$0.2537
LGA,CMH,"355,888",$211.99,491 mi,975,$0.4318
HOU,MCO,"353,516",$254.14,823 mi,969,$0.3088
PDX,SMF,"353,476",$189.00,493 mi,968,$0.3834
BOS,AUA,"352,321",$303.71,"2,126 mi",965,$0.1429
ORD,YYZ,"352,157",$204.16,448 mi,965,$0.4557
LAS,MCI,"351,554",$265.44,"1,103 mi",963,$0.2407
JFK,ORD,"350,697",$172.40,760 mi,961,$0.2268
FLL,IND,"350,491",$176.54,"1,037 mi",960,$0.1702
CLE,FLL,"350,069",$170.44,"1,096 mi",959,$0.1555
ATL,STL,"348,835",$196.62,499 mi,956,$0.3940
LAS,MEX,"348,524",$153.23,"1,553 mi",955,$0.0987
ORD,GDL,"347,047",$140.48,"1,681 mi",951,$0.0836
JFK,RDU,"346,826",$106.57,440 mi,950,$0.2422
LAX,SAT,"345,827",$210.39,"1,172 mi",947,$0.1795
CLE,LAS,"345,676",$188.25,"1,875 mi",947,$0.1004
MCO,GRU,"345,610",$576.88,"4,396 mi",947,$0.1312
SFO,TPE,"344,725","$1,023.27","6,262 mi",944,$0.1634
LAX,FCO,"344,290",$589.46,"6,530 mi",943,$0.0903
IAH,PHL,"344,161",$291.26,"1,363 mi",943,$0.2137
CLT,DCA,"343,968",$190.81,341 mi,942,$0.5596
IAH,TPA,"343,010",$190.11,762 mi,940,$0.2495
FLL,SFO,"341,858",$316.56,"2,657 mi",937,$0.1191
BNA,MIA,"340,028",$236.96,783 mi,932,$0.3026
CLE,RSW,"339,902",$132.33,"1,059 mi",931,$0.1250
HNL,ICN,"339,295",$468.99,"4,431 mi",930,$0.1058
CLE,LGA,"339,206",$190.93,431 mi,929,$0.4430
BOS,SLC,"339,201",$333.84,"2,163 mi",929,$0.1543
MCO,MEX,"339,071",$142.11,"1,242 mi",929,$0.1144
CLT,SFO,"339,021",$444.85,"2,361 mi",929,$0.1884
SFO,MEX,"338,990",$255.29,"1,826 mi",929,$0.1398
PHX,MKE,"338,530",$262.00,"1,502 mi",927,$0.1744
LAS,ONT,"338,018",$106.70,191 mi,926,$0.5586
BWI,DFW,"337,933",$201.25,"1,251 mi",926,$0.1609
MIA,PHX,"337,469",$317.95,"2,028 mi",925,$0.1568
PDX,SJC,"337,218",$205.70,552 mi,924,$0.3726
ATL,PBI,"336,730",$211.79,530 mi,923,$0.3996
MSP,PDX,"336,432",$230.30,"1,465 mi",922,$0.1572
CLT,MSP,"335,911",$256.53,958 mi,920,$0.2678
PDX,SLC,"334,562",$175.74,610 mi,917,$0.2881
JFK,KIN,"334,454",$207.78,"1,532 mi",916,$0.1356
SEA,PSP,"334,275",$244.54,"1,018 mi",916,$0.2402
EWR,MSP,"334,035",$261.07,"1,036 mi",915,$0.2520
FLL,MBJ,"333,930",$88.36,526 mi,915,$0.1680
PHX,TPA,"333,917",$326.44,"1,731 mi",915,$0.1886
EWR,ORY,"333,433",$255.53,"3,748 mi",914,$0.0682
DFW,JFK,"333,198",$218.24,"1,347 mi",913,$0.1620
AUS,MIA,"331,565",$260.61,"1,069 mi",908,$0.2438
BNA,DAL,"331,519",$220.46,603 mi,908,$0.3656
PHX,ABQ,"331,475",$197.83,318 mi,908,$0.6221
PHL,SAN,"331,444",$366.87,"2,294 mi",908,$0.1599
PHX,IND,"331,190",$289.46,"1,531 mi",907,$0.1891
BNA,CLT,"331,030",$177.04,338 mi,907,$0.5238
IAH,MSY,"330,905",$180.24,313 mi,907,$0.5758
JFK,BUF,"330,280",$98.56,292 mi,905,$0.3375
LAX,MNL,"329,622",$504.84,"7,514 mi",903,$0.0672
LAS,LHR,"329,413",$861.22,"5,372 mi",903,$0.1603
SFO,HKG,"328,863","$1,236.82","7,121 mi",901,$0.1737
BUR,DEN,"328,192",$207.55,824 mi,899,$0.2519
ATL,LHR,"327,374",$757.20,"4,327 mi",897,$0.1750
ATL,SJU,"327,203",$212.27,"1,502 mi",896,$0.1413
PHX,SAT,"326,906",$239.05,866 mi,896,$0.2760
FLL,RDU,"325,126",$124.19,702 mi,891,$0.1769
DTW,PHL,"324,996",$229.80,466 mi,890,$0.4931
BOS,PIT,"322,715",$159.95,510 mi,884,$0.3136
JFK,GEO,"322,575",$281.29,"2,470 mi",884,$0.1139
IAH,SAL,"322,327",$152.45,"1,175 mi",883,$0.1297
MCO,RIC,"322,311",$134.52,648 mi,883,$0.2076
MIA,PTY,"321,571",$231.30,"1,122 mi",881,$0.2061
MIA,YYZ,"321,568",$238.79,"1,273 mi",881,$0.1876
MCO,LHR,"321,331",$518.48,"4,458 mi",880,$0.1163
DEN,FLL,"321,081",$307.00,"1,651 mi",880,$0.1859
DFW,IND,"321,030",$271.95,738 mi,880,$0.3685
MIA,MDE,"319,935",$181.35,"1,436 mi",877,$0.1263
CVG,FLL,"319,342",$156.76,962 mi,875,$0.1630
LAX,TPA,"318,997",$318.87,"2,089 mi",874,$0.1526
MCO,ALB,"318,756",$168.26,"1,042 mi",873,$0.1615
MSY,ORD,"317,280",$226.42,863 mi,869,$0.2624
EWR,SLC,"316,632",$348.96,"2,023 mi",867,$0.1725
DCA,MSP,"316,168",$256.42,957 mi,866,$0.2679
ATL,IND,"315,677",$222.14,420 mi,865,$0.5289
MCO,SJO,"315,509",$123.55,"1,249 mi",864,$0.0989
DAL,MSY,"315,387",$187.04,449 mi,864,$0.4166
MCO,SAT,"315,261",$217.34,"1,008 mi",864,$0.2156
MCO,CUN,"314,307",$105.59,600 mi,861,$0.1760
DTW,SFO,"314,235",$409.91,"2,136 mi",861,$0.1919
BOS,MSY,"314,129",$200.42,"1,326 mi",861,$0.1511
HNL,PHX,"314,111",$389.70,"3,000 mi",861,$0.1299
DCA,PHX,"313,432",$297.99,"2,033 mi",859,$0.1466
PIT,TPA,"313,035",$207.22,901 mi,858,$0.2300
BNA,SEA,"312,975",$270.97,"2,033 mi",857,$0.1333
CLE,DEN,"312,908",$211.06,"1,162 mi",857,$0.1816
BWI,CLT,"312,429",$155.27,350 mi,856,$0.4436
HOU,PHX,"311,516",$208.52,987 mi,853,$0.2113
PHX,OMA,"310,710",$229.93,"1,005 mi",851,$0.2288
DTW,SEA,"310,350",$310.02,"1,980 mi",850,$0.1566
MIA,MAD,"310,293",$545.46,"4,283 mi",850,$0.1274
DCA,DTW,"310,185",$219.13,417 mi,850,$0.5255
BOS,JFK,"309,361",$128.84,193 mi,848,$0.6676
BNA,RDU,"308,521",$194.13,454 mi,845,$0.4276
MIA,CUN,"308,517",$133.33,515 mi,845,$0.2589
DFW,MSY,"307,337",$190.94,460 mi,842,$0.4151
EWR,YYZ,"306,240",$193.92,337 mi,839,$0.5754
DCA,SFO,"306,050",$402.82,"2,364 mi",838,$0.1704
SFO,NRT,"305,611",$597.27,"5,264 mi",837,$0.1135
BWI,MDW,"304,990",$174.43,591 mi,836,$0.2951
MIA,TPA,"303,712",$251.29,199 mi,832,$1.2628
EWR,CDG,"302,984",$595.34,"3,748 mi",830,$0.1588
HOU,LGA,"302,903",$220.76,"1,383 mi",830,$0.1596
SFO,SJD,"302,668",$237.82,"1,212 mi",829,$0.1962
DCA,STL,"302,602",$204.02,739 mi,829,$0.2761
MSP,CUN,"302,479",$238.64,"1,738 mi",829,$0.1373
DCA,MSY,"301,883",$248.55,998 mi,827,$0.2490
BOS,JAX,"301,522",$176.88,"1,041 mi",826,$0.1699
BWI,ORD,"300,923",$194.22,639 mi,824,$0.3039
JFK,RSW,"300,906",$166.18,"1,108 mi",824,$0.1500
LAS,RDU,"300,480",$244.60,"1,960 mi",823,$0.1248
LAX,RNO,"300,232",$124.03,379 mi,823,$0.3273
EWR,YTZ,"299,714",$134.65,346 mi,821,$0.3892
AUS,DFW,"299,515",$208.02,196 mi,821,$1.0613
MIA,MGA,"298,637",$157.15,"1,049 mi",818,$0.1498
PHL,SEA,"298,468",$368.80,"2,301 mi",818,$0.1603
MCO,MAN,"298,175",$420.50,"4,101 mi",817,$0.1025
LAX,TPE,"297,892",$897.57,"6,583 mi",816,$0.1363
JAX,JFK,"296,598",$158.30,804 mi,813,$0.1969
MCO,HPN,"296,024",$176.13,"1,002 mi",811,$0.1758
BOS,CHS,"294,926",$161.18,794 mi,808,$0.2030
TPA,BDL,"294,827",$147.93,"1,080 mi",808,$0.1370
DAL,LGA,"294,554",$248.59,"1,420 mi",807,$0.1751
BWI,PHX,"294,503",$300.27,"2,054 mi",807,$0.1462
ATL,CMH,"294,132",$207.13,435 mi,806,$0.4762
JFK,MAN,"293,728",$398.95,"3,432 mi",805,$0.1162
DFW,IAD,"293,712",$244.79,"1,205 mi",805,$0.2031
EWR,AUA,"293,540",$313.92,"1,905 mi",804,$0.1648
BWI,DAL,"293,516",$248.34,"1,242 mi",804,$0.2000
JFK,ATH,"293,148",$612.88,"5,077 mi",803,$0.1207
PHX,BOI,"292,804",$169.77,758 mi,802,$0.2240
ATL,MCI,"292,698",$253.38,671 mi,802,$0.3776
ONT,PHX,"292,429",$185.79,334 mi,801,$0.5563
MCO,SAN,"292,203",$251.68,"2,209 mi",801,$0.1139
CVG,LAS,"291,571",$184.41,"1,624 mi",799,$0.1136
BWI,IAH,"291,226",$206.97,"1,197 mi",798,$0.1729
LAS,GDL,"291,190",$108.02,"1,252 mi",798,$0.0863
BOS,DUB,"291,054",$393.77,"2,894 mi",797,$0.1361
DEN,JFK,"290,997",$182.94,"1,671 mi",797,$0.1095
JFK,POS,"290,451",$253.49,"2,276 mi",796,$0.1114
PDX,OAK,"290,381",$169.61,560 mi,796,$0.3029
TPA,IND,"290,203",$199.02,864 mi,795,$0.2303
SFO,MNL,"289,837",$524.65,"7,185 mi",794,$0.0730
ATL,SAT,"289,690",$221.56,899 mi,794,$0.2465
IAD,TPA,"289,023",$189.72,788 mi,792,$0.2408
ATL,CVG,"288,773",$225.90,385 mi,791,$0.5868
ATL,RSW,"288,418",$215.83,531 mi,790,$0.4065
EWR,MSY,"288,171",$251.37,"1,132 mi",790,$0.2221
PHX,RNO,"287,613",$223.91,583 mi,788,$0.3841
LAS,MSY,"286,980",$256.35,"1,542 mi",786,$0.1662
FLL,MSY,"286,062",$164.74,653 mi,784,$0.2523
DEN,MKE,"286,031",$210.97,866 mi,784,$0.2436
ATL,CUN,"285,866",$227.52,909 mi,783,$0.2503
CLE,ORD,"285,370",$197.12,306 mi,782,$0.6442
SEA,LHR,"285,155",$778.80,"4,641 mi",781,$0.1678
DCA,MDW,"285,074",$181.25,617 mi,781,$0.2938
LGA,PIT,"283,963",$168.35,324 mi,778,$0.5196
LGA,YUL,"283,937",$211.13,314 mi,778,$0.6724
BOS,CUN,"283,698",$201.35,"1,685 mi",777,$0.1195
CVG,DFW,"282,987",$269.78,787 mi,775,$0.3428
HNL,PDX,"282,938",$360.48,"2,680 mi",775,$0.1345
DFW,SMF,"282,878",$250.84,"1,471 mi",775,$0.1705
DEN,OMA,"282,492",$160.72,485 mi,774,$0.3314
LAX,HKG,"281,667","$1,249.84","7,031 mi",772,$0.1778
JFK,SAL,"281,261",$198.70,"2,031 mi",771,$0.0978
LAS,YVR,"280,392",$166.48,"1,022 mi",768,$0.1629
DAL,LAX,"280,350",$233.90,"1,280 mi",768,$0.1827
JFK,AMS,"280,335",$571.90,"3,524 mi",768,$0.1623
DEN,PIT,"280,248",$271.72,"1,326 mi",768,$0.2049
EWR,MEX,"279,240",$311.86,"2,139 mi",765,$0.1458
MIA,NAS,"278,943",$79.51,178 mi,764,$0.4467
MIA,MSP,"278,065",$229.26,"1,457 mi",762,$0.1574
LAS,ABQ,"277,919",$203.92,470 mi,761,$0.4339
BNA,JFK,"277,416",$151.82,741 mi,760,$0.2049
LGA,IND,"276,562",$226.55,639 mi,758,$0.3545
LAX,RDU,"276,509",$318.02,"2,300 mi",758,$0.1383
SFO,CDG,"276,509","$1,075.55","5,736 mi",758,$0.1875
IAH,SAN,"276,407",$295.81,"1,262 mi",757,$0.2344
LAX,SYD,"276,373","$1,470.03","7,269 mi",757,$0.2022
TPA,YYZ,"275,896",$163.59,"1,130 mi",756,$0.1448
CLE,DFW,"275,583",$265.52,"1,051 mi",755,$0.2526
FLL,CUN,"275,523",$81.82,566 mi,755,$0.1446
FLL,CMH,"275,438",$175.98,946 mi,755,$0.1860
BUR,PDX,"275,357",$194.96,843 mi,754,$0.2313
SFO,PSP,"275,139",$163.04,408 mi,754,$0.3996
DTW,CUN,"274,230",$267.04,"1,521 mi",751,$0.1756
ORD,PBI,"273,373",$320.13,"1,112 mi",749,$0.2879
BOS,IAD,"272,971",$180.91,424 mi,748,$0.4267
FLL,PIT,"272,962",$171.48,"1,026 mi",748,$0.1671
HOU,MSY,"271,342",$176.70,293 mi,743,$0.6031
SFO,DEL,"271,173",$787.54,"7,461 mi",743,$0.1056
CLE,PHX,"270,009",$243.59,"1,786 mi",740,$0.1364
BWI,HOU,"269,643",$257.94,"1,208 mi",739,$0.2135
HNL,SJC,"269,578",$279.48,"2,486 mi",739,$0.1124
ORD,PUJ,"269,132",$240.43,"2,042 mi",737,$0.1177
ATL,PIT,"269,102",$232.34,543 mi,737,$0.4279
DCA,LAS,"268,780",$300.15,"2,021 mi",736,$0.1485
DFW,MCI,"268,544",$246.95,447 mi,736,$0.5525
MDW,RSW,"268,489",$244.24,"1,074 mi",736,$0.2274
FLL,BDL,"268,390",$154.92,"1,141 mi",735,$0.1358
MIA,SEA,"268,181",$299.47,"2,803 mi",735,$0.1068
JAX,PHL,"268,012",$198.03,721 mi,734,$0.2747
SFO,CUN,"267,936",$304.92,"2,334 mi",734,$0.1306
LAX,MDW,"267,629",$224.15,"1,695 mi",733,$0.1322
PHX,LGB,"267,255",$164.14,365 mi,732,$0.4497
EWR,CHS,"267,215",$173.40,610 mi,732,$0.2843
MCO,BQN,"266,511",$123.57,"1,163 mi",730,$0.1063
DAL,MCI,"266,336",$205.94,447 mi,730,$0.4607
JFK,LGW,"266,030",$549.03,"3,356 mi",729,$0.1636
DEN,CMH,"265,938",$254.20,"1,186 mi",729,$0.2143
CLT,JFK,"265,923",$156.05,525 mi,729,$0.2972
SEA,TPA,"265,788",$276.65,"2,441 mi",728,$0.1133
BWI,MSY,"265,612",$227.91,968 mi,728,$0.2354
MCO,MIA,"264,229",$103.69,199 mi,724,$0.5211
LAS,MKE,"264,219",$250.18,"1,474 mi",724,$0.1697
DAL,DCA,"264,172",$228.23,"1,217 mi",724,$0.1875
IAH,LHR,"263,973","$1,142.35","4,968 mi",723,$0.2299
LAS,CMH,"263,921",$254.74,"1,819 mi",723,$0.1400
BOS,CLE,"263,767",$174.01,544 mi,723,$0.3199
BNA,HOU,"263,270",$233.28,650 mi,721,$0.3589
JFK,GYE,"263,070",$315.33,"2,893 mi",721,$0.1090
EWR,SNA,"262,733",$470.87,"2,501 mi",720,$0.1883
LAX,SGN,"262,456",$500.53,"8,403 mi",719,$0.0596
IAD,ORD,"262,383",$217.19,569 mi,719,$0.3817
DFW,LHR,"262,288",$916.79,"4,597 mi",719,$0.1994
TPA,BUF,"261,945",$173.57,"1,024 mi",718,$0.1695
RDU,SFO,"259,596",$372.84,"2,323 mi",711,$0.1605
FLL,MDW,"259,578",$220.33,"1,204 mi",711,$0.1830
PHL,PUJ,"259,289",$205.34,"1,574 mi",710,$0.1305
SFO,PVR,"258,633",$233.57,"1,603 mi",709,$0.1457
DTW,SAN,"258,246",$359.05,"2,011 mi",708,$0.1785
LAX,MCI,"258,140",$255.45,"1,320 mi",707,$0.1935
IAD,CDG,"258,033",$829.95,"3,735 mi",707,$0.2222
MSP,PHL,"257,933",$271.80,"1,007 mi",707,$0.2699
CVG,TPA,"257,922",$138.99,798 mi,707,$0.1742
MCO,MBJ,"257,712",$134.40,741 mi,706,$0.1814
SAT,MEX,"257,231",$103.29,678 mi,705,$0.1523
BWI,SJU,"257,115",$230.02,"1,522 mi",704,$0.1511
MCO,SYR,"256,451",$139.73,"1,087 mi",703,$0.1285
LGA,MCI,"256,035",$302.68,"1,072 mi",701,$0.2824
CVG,LGA,"255,986",$262.27,602 mi,701,$0.4357
MSP,SLC,"255,726",$339.41,959 mi,701,$0.3539
ONT,OAK,"255,536",$201.01,351 mi,700,$0.5727
CVG,DEN,"255,228",$196.03,"1,098 mi",699,$0.1785
FLL,MSP,"254,757",$234.49,"1,444 mi",698,$0.1624
ORD,PIT,"254,538",$195.66,399 mi,697,$0.4904
DAL,STL,"254,284",$222.51,562 mi,697,$0.3959
HNL,SMF,"253,620",$301.83,"2,386 mi",695,$0.1265
ATL,BNA,"253,587",$201.09,220 mi,695,$0.9140
MSY,PHL,"253,141",$252.50,"1,121 mi",694,$0.2252
JFK,HND,"252,479","$1,769.68","6,960 mi",692,$0.2543
IAH,SLC,"252,441",$310.65,"1,158 mi",692,$0.2683
OGG,SFO,"252,226",$350.71,"2,266 mi",691,$0.1548
AUS,PHL,"251,534",$275.02,"1,386 mi",689,$0.1984
DFW,PIT,"251,284",$303.12,"1,034 mi",688,$0.2932
MCO,MEM,"251,009",$197.64,705 mi,688,$0.2803
DEN,OKC,"250,960",$151.51,510 mi,688,$0.2971
BOS,PUJ,"250,712",$239.22,"1,701 mi",687,$0.1406
AUS,CLT,"250,675",$275.84,"1,000 mi",687,$0.2758
BWI,CUN,"250,127",$219.84,"1,434 mi",685,$0.1533
DFW,SJU,"249,863",$304.58,"2,229 mi",685,$0.1366
ONT,PDX,"249,492",$169.24,864 mi,684,$0.1959
MCO,PUJ,"248,972",$130.63,"1,033 mi",682,$0.1265
DCA,RDU,"248,953",$171.11,234 mi,682,$0.7312
JFK,HKG,"248,732","$1,962.07","7,817 mi",681,$0.2510
EWR,JAX,"248,227",$206.76,846 mi,680,$0.2444
CLT,SEA,"247,969",$322.26,"2,342 mi",679,$0.1376
AUS,MSP,"247,931",$256.66,"1,074 mi",679,$0.2390
AUS,MSY,"247,537",$162.77,456 mi,678,$0.3570
PHX,GEG,"246,353",$233.92,990 mi,675,$0.2363
BOS,CDG,"246,074",$581.62,"3,542 mi",674,$0.1642
MCO,MHT,"245,916",$177.42,"1,177 mi",674,$0.1507
BOS,RIC,"245,873",$148.54,460 mi,674,$0.3229
PHX,RDU,"245,527",$313.34,"1,830 mi",673,$0.1712
STL,CUN,"245,422",$211.63,"1,204 mi",672,$0.1758
PHX,CMH,"245,322",$300.54,"1,617 mi",672,$0.1859
DTW,RDU,"245,223",$214.43,486 mi,672,$0.4412
LAX,IND,"245,206",$282.50,"1,864 mi",672,$0.1516
DAL,SAN,"244,727",$226.16,"1,144 mi",670,$0.1977
CLT,MSY,"244,676",$214.36,671 mi,670,$0.3195
ATL,BDL,"244,418",$239.77,885 mi,670,$0.2709
LAS,PIT,"243,995",$274.69,"1,962 mi",668,$0.1400
AUS,SLC,"243,604",$258.29,"1,118 mi",667,$0.2310
DCA,SEA,"243,129",$353.97,"2,393 mi",666,$0.1479
LAS,ELP,"242,511",$175.04,565 mi,664,$0.3098
IAD,PHX,"242,335",$314.43,"2,011 mi",664,$0.1564
DEN,RNO,"242,325",$203.92,778 mi,664,$0.2621
HOU,LAX,"242,011",$242.34,"1,345 mi",663,$0.1802
BOS,PDX,"241,067",$298.06,"2,454 mi",660,$0.1215
DFW,STL,"240,505",$232.73,534 mi,659,$0.4358
DEN,LHR,"240,359",$809.85,"4,518 mi",659,$0.1792
CLE,LAX,"240,050",$318.55,"1,987 mi",658,$0.1603
AUS,TPA,"240,033",$213.46,954 mi,658,$0.2238
CVG,RSW,"239,687",$138.33,907 mi,657,$0.1525
AUS,MDW,"239,478",$210.35,944 mi,656,$0.2228
BNA,MDW,"239,450",$164.66,407 mi,656,$0.4046
IAH,MSP,"239,196",$259.66,"1,005 mi",655,$0.2584
ORD,CDG,"239,059",$623.34,"4,017 mi",655,$0.1552
ATL,JAX,"238,623",$211.49,262 mi,654,$0.8072
MIA,MSY,"238,515",$211.85,694 mi,653,$0.3053
SJC,GDL,"237,186",$181.09,"1,565 mi",650,$0.1157
BNA,BWI,"236,973",$261.01,604 mi,649,$0.4321
AUS,RDU,"236,945",$241.36,"1,195 mi",649,$0.2020
DEN,MEX,"236,373",$160.81,"1,494 mi",648,$0.1076
FLL,HPN,"236,153",$196.25,"1,133 mi",647,$0.1732
LAS,OMA,"235,967",$266.42,"1,130 mi",646,$0.2358
FLL,MDE,"235,654",$98.13,"1,368 mi",646,$0.0717
STL,TPA,"235,466",$252.07,896 mi,645,$0.2813
CLT,PBI,"235,167",$271.61,610 mi,644,$0.4453
MSY,PHX,"235,138",$274.31,"1,259 mi",644,$0.2179
DFW,SJC,"234,832",$292.05,"1,478 mi",643,$0.1976
JFK,DEL,"234,338",$725.55,"7,085 mi",642,$0.1024
DCA,MCI,"234,023",$224.80,919 mi,641,$0.2446
AUS,SJC,"233,456",$336.17,"1,517 mi",640,$0.2216
MCO,BOG,"233,280",$189.37,"1,756 mi",639,$0.1078
FLL,TPA,"233,096",$64.34,191 mi,639,$0.3369
JFK,DXB,"232,849","$1,405.38","7,041 mi",638,$0.1996
HOU,STL,"232,796",$257.05,667 mi,638,$0.3854
BOS,SDQ,"232,566",$228.58,"1,606 mi",637,$0.1423
DAL,SAT,"232,173",$185.32,255 mi,636,$0.7267
ORD,BDL,"231,996",$272.58,758 mi,636,$0.3596
MCO,YUL,"231,857",$183.04,"1,285 mi",635,$0.1424
ANC,FAI,"231,175",$169.08,252 mi,633,$0.6710
FLL,SJO,"231,135",$79.89,"1,176 mi",633,$0.0679
TPA,CMH,"231,070",$212.32,806 mi,633,$0.2634
AUS,PDX,"231,009",$239.26,"1,764 mi",633,$0.1356
JFK,BOM,"230,963",$905.67,"8,021 mi",633,$0.1129
LAS,GEG,"230,773",$183.37,830 mi,632,$0.2209
MSY,TPA,"230,515",$175.40,502 mi,632,$0.3494
BNA,SAN,"229,985",$301.66,"1,695 mi",630,$0.1780
SEA,KOA,"229,794",$366.71,"2,769 mi",630,$0.1324
DAL,TPA,"229,789",$199.06,889 mi,630,$0.2239
BNA,MSY,"229,227",$201.59,485 mi,628,$0.4156
PHX,SJD,"229,223",$229.56,746 mi,628,$0.3077
TPA,PVD,"228,937",$156.34,"1,104 mi",627,$0.1416
AUS,BWI,"228,741",$296.45,"1,300 mi",627,$0.2280
PHX,PIT,"228,443",$283.05,"1,756 mi",626,$0.1612
BOS,SAV,"228,428",$167.54,874 mi,626,$0.1917
MIA,FCO,"228,324",$505.11,"5,020 mi",626,$0.1006
MCO,NAS,"228,006",$119.17,343 mi,625,$0.3474
DCA,JAX,"227,923",$219.17,616 mi,624,$0.3558
LAS,FAT,"227,664",$106.33,266 mi,624,$0.3997
DFW,GDL,"227,414",$136.95,966 mi,623,$0.1418
DCA,SAN,"227,375",$281.48,"2,203 mi",623,$0.1278
JFK,NAS,"226,683",$243.77,"1,132 mi",621,$0.2153
FLL,PUJ,"226,305",$88.59,887 mi,620,$0.0999
LAS,OKC,"226,033",$244.13,"1,014 mi",619,$0.2408
EWR,IND,"226,008",$208.40,624 mi,619,$0.3340
ORD,CMH,"225,287",$203.38,286 mi,617,$0.7111
HNL,SLC,"224,981",$440.61,"2,900 mi",616,$0.1519
JFK,SXM,"224,852",$348.58,"1,736 mi",616,$0.2008
SFO,KOA,"224,795",$437.43,"2,294 mi",616,$0.1907
ATL,PDX,"224,605",$300.31,"2,103 mi",615,$0.1428
BWI,MSP,"224,417",$199.22,962 mi,615,$0.2071
CLT,RSW,"224,377",$259.89,583 mi,615,$0.4458
JFK,ZRH,"224,369",$978.99,"3,802 mi",615,$0.2575
DCA,PVD,"224,302",$170.33,345 mi,615,$0.4937
EWR,PDX,"224,113",$338.09,"2,354 mi",614,$0.1436
MSP,RDU,"223,789",$249.45,950 mi,613,$0.2626
ORD,SMF,"223,125",$307.29,"1,830 mi",611,$0.1679
BOS,IND,"223,028",$277.05,792 mi,611,$0.3498
DFW,YYZ,"223,003",$362.51,"1,162 mi",611,$0.3120
ATL,RIC,"222,889",$238.96,466 mi,611,$0.5128
MCO,ORF,"222,828",$190.76,636 mi,610,$0.2999
RDU,SEA,"222,653",$277.21,"2,279 mi",610,$0.1216
FLL,RIC,"222,596",$110.04,831 mi,610,$0.1324
DCA,IND,"222,367",$209.36,513 mi,609,$0.4081
FLL,SEA,"222,231",$278.78,"2,633 mi",609,$0.1059
ATL,ORF,"222,209",$201.44,531 mi,609,$0.3794
DEN,TUS,"222,181",$173.92,620 mi,609,$0.2805
MCO,PDX,"221,972",$282.46,"2,455 mi",608,$0.1151
BWI,SAN,"221,239",$371.00,"2,221 mi",606,$0.1670
LAS,BOI,"220,956",$171.81,536 mi,605,$0.3205
BNA,SFO,"220,852",$358.03,"1,906 mi",605,$0.1878
JFK,PDX,"220,803",$293.36,"2,374 mi",605,$0.1236
LGA,RSW,"220,722",$200.69,"1,114 mi",605,$0.1802
LAX,TUS,"220,569",$174.28,464 mi,604,$0.3756
SLC,LGB,"220,278",$177.99,607 mi,604,$0.2932
JFK,CHS,"220,242",$163.00,618 mi,603,$0.2638
JFK,MSY,"220,144",$201.16,"1,216 mi",603,$0.1654
HNL,OAK,"220,035",$291.07,"2,334 mi",603,$0.1247
DFW,CMH,"219,995",$268.63,953 mi,603,$0.2819
SLC,SNA,"218,984",$303.77,570 mi,600,$0.5329
PHL,CHS,"218,226",$235.95,568 mi,598,$0.4154
SLC,SMF,"218,188",$216.55,546 mi,598,$0.3966
MIA,CDG,"217,844",$781.06,"4,717 mi",597,$0.1656
MCO,SDF,"217,453",$204.86,742 mi,596,$0.2761
IAH,PDX,"217,412",$267.84,"1,768 mi",596,$0.1515
MCO,HVN,"217,193",$141.80,976 mi,595,$0.1453
BNA,SLC,"217,005",$312.49,"1,443 mi",595,$0.2166
MIA,GUA,"216,926",$141.92,988 mi,594,$0.1436
SAN,RNO,"216,915",$197.82,504 mi,594,$0.3925
DFW,SJD,"216,692",$294.30,993 mi,594,$0.2964
DTW,MSY,"216,438",$233.63,899 mi,593,$0.2599
PIT,RSW,"216,369",$195.89,939 mi,593,$0.2086
EWR,YVR,"216,259",$386.97,"2,350 mi",592,$0.1647
LAX,GEG,"216,124",$182.38,918 mi,592,$0.1987
DEN,BOI,"215,505",$193.67,667 mi,590,$0.2904
LAX,BCN,"215,335",$640.96,"5,831 mi",590,$0.1099
DFW,JAX,"215,199",$272.84,945 mi,590,$0.2887
MCI,ORD,"214,442",$208.58,414 mi,588,$0.5038
JAX,ORD,"214,266",$259.10,891 mi,587,$0.2908
MCI,MDW,"213,960",$217.64,416 mi,586,$0.5232
AUS,DTW,"213,918",$291.22,"1,115 mi",586,$0.2612
PDX,BOI,"213,862",$190.45,333 mi,586,$0.5719
ONT,SJC,"213,825",$212.67,343 mi,586,$0.6200
BWI,DTW,"213,653",$153.45,420 mi,585,$0.3654
BOS,CMH,"213,618",$258.32,620 mi,585,$0.4166
MDW,MSY,"213,419",$219.51,802 mi,585,$0.2737
BWI,JAX,"213,324",$273.03,684 mi,584,$0.3992
OGG,LIH,"213,314",$77.37,195 mi,584,$0.3968
LGA,GSO,"213,102",$188.12,474 mi,584,$0.3969
DFW,RSW,"212,882",$299.46,"1,045 mi",583,$0.2866
PHX,PAE,"212,806",$185.43,"1,100 mi",583,$0.1686
LGA,RIC,"212,734",$214.87,301 mi,583,$0.7139
PHX,YYC,"212,315",$209.28,"1,189 mi",582,$0.1760
DAL,ELP,"212,125",$211.56,545 mi,581,$0.3882
EWR,DUB,"212,068",$528.19,"3,280 mi",581,$0.1610
CLT,SAN,"211,737",$303.77,"2,010 mi",580,$0.1511
MIA,SAL,"211,684",$145.73,"1,057 mi",580,$0.1379
CLE,EWR,"211,222",$208.43,391 mi,579,$0.5331
ATL,CLT,"211,205",$258.83,220 mi,579,$1.1765
HNL,KIX,"210,808",$422.85,"4,232 mi",578,$0.0999
MIA,SJO,"210,730",$154.75,"1,155 mi",577,$0.1340
JFK,EZE,"210,439",$824.07,"5,462 mi",577,$0.1509
HOU,CUN,"210,183",$210.42,768 mi,576,$0.2740
PHX,YYZ,"210,045",$283.46,"1,928 mi",575,$0.1470
ORD,SAT,"209,757",$284.22,"1,073 mi",575,$0.2649
AUS,IAD,"209,645",$335.89,"1,256 mi",574,$0.2674
SAN,BOI,"209,598",$171.15,772 mi,574,$0.2217
IAH,MTY,"209,107",$109.54,399 mi,573,$0.2745
SAT,MTY,"208,862",$84.08,286 mi,572,$0.2940
LAX,ABQ,"208,799",$206.82,656 mi,572,$0.3153
HNL,LGB,"208,601",$277.46,"2,488 mi",572,$0.1115
MCO,VCP,"208,595",$590.26,"4,093 mi",571,$0.1442
LGA,BUF,"208,565",$158.78,282 mi,571,$0.5630
MCO,ACY,"208,563",$172.28,827 mi,571,$0.2083
DEN,ABQ,"208,371",$167.60,360 mi,571,$0.4656
LGA,CHS,"208,303",$213.32,623 mi,571,$0.3424
MDW,MSP,"208,204",$177.08,338 mi,570,$0.5239
BOS,YYZ,"208,039",$269.70,432 mi,570,$0.6243
ATL,MBJ,"207,853",$206.45,"1,154 mi",569,$0.1789
SAT,SEA,"207,507",$232.93,"1,720 mi",569,$0.1354
BWI,RSW,"207,433",$245.40,893 mi,568,$0.2748
LAS,YYC,"207,274",$190.92,"1,071 mi",568,$0.1783
IAH,RDU,"207,147",$271.49,"1,072 mi",568,$0.2533
FLL,AVL,"206,794",$171.85,682 mi,567,$0.2520
JFK,YYZ,"206,195",$148.10,355 mi,565,$0.4172
BOS,STL,"206,172",$303.22,"1,075 mi",565,$0.2821
JFK,BOG,"205,976",$320.85,"2,557 mi",564,$0.1255
SAN,TPA,"205,879",$245.94,"2,021 mi",564,$0.1217
IAH,MAF,"205,634",$299.33,441 mi,563,$0.6788
DFW,SAT,"205,620",$196.59,254 mi,563,$0.7740
EWR,FCO,"205,524",$510.95,"4,153 mi",563,$0.1230
JFK,GRU,"205,004",$903.80,"4,619 mi",562,$0.1957
JFK,FOC,"204,915",$806.29,"7,989 mi",561,$0.1009
CLT,STL,"204,491",$203.17,557 mi,560,$0.3648
HNL,YVR,"204,401",$295.19,"2,624 mi",560,$0.1125
LAX,PVG,"204,201",$947.49,"6,277 mi",559,$0.1509
AUS,FLL,"204,124",$203.83,"1,070 mi",559,$0.1905
MCI,SEA,"203,604",$242.99,"1,441 mi",558,$0.1686
LAX,STL,"203,512",$276.40,"1,637 mi",558,$0.1688
SJC,LGB,"203,175",$191.92,334 mi,557,$0.5746
MCO,GRR,"203,061",$170.35,"1,057 mi",556,$0.1612
SEA,TUS,"202,987",$204.26,"1,180 mi",556,$0.1731
ATL,MKE,"202,710",$239.97,650 mi,555,$0.3692
ORD,CHS,"202,195",$240.49,784 mi,554,$0.3067
SEA,STL,"202,164",$253.73,"1,756 mi",554,$0.1445
JFK,SAV,"201,866",$146.19,740 mi,553,$0.1976
DEN,OAK,"201,848",$220.60,926 mi,553,$0.2382
FLL,BUF,"201,733",$166.57,"1,133 mi",553,$0.1470
LAS,MEM,"201,614",$219.66,"1,371 mi",552,$0.1602
DFW,MEM,"201,603",$219.12,418 mi,552,$0.5242
IAH,GDL,"201,459",$106.24,846 mi,552,$0.1256
DEN,RSW,"201,422",$316.58,"1,654 mi",552,$0.1914
ONT,SFO,"201,395",$115.81,353 mi,552,$0.3281
SFO,TPA,"200,976",$371.71,"2,317 mi",551,$0.1604
MIA,SLC,"200,792",$350.04,"2,023 mi",550,$0.1730
BOS,MYR,"200,491",$164.62,760 mi,549,$0.2166
FLL,STL,"199,329",$243.47,"1,090 mi",546,$0.2234
CLT,CUN,"198,365",$247.06,"1,013 mi",543,$0.2439
BWI,SEA,"198,109",$282.63,"2,399 mi",543,$0.1178
IAH,SJU,"198,087",$319.71,"1,946 mi",543,$0.1643
MCO,SDQ,"198,086",$122.02,"1,040 mi",543,$0.1173
DEN,SJD,"198,045",$302.16,"1,228 mi",543,$0.2461
SEA,SJD,"197,583",$237.54,"1,872 mi",541,$0.1269
DEN,HNL,"197,473",$516.99,"3,259 mi",541,$0.1586
EWR,SRQ,"197,416",$250.32,"1,066 mi",541,$0.2348
SEA,LIH,"196,513",$360.44,"2,619 mi",538,$0.1376
PHX,OKC,"196,428",$238.56,857 mi,538,$0.2784
PHX,CUN,"195,945",$259.35,"1,812 mi",537,$0.1431
BWI,SFO,"195,799",$340.59,"2,378 mi",536,$0.1432
LAX,PIT,"195,785",$261.79,"2,195 mi",536,$0.1193
MIA,SAN,"195,581",$333.39,"2,195 mi",536,$0.1519
BNA,MCI,"195,533",$243.82,506 mi,536,$0.4819
BNA,IAH,"195,357",$248.29,636 mi,535,$0.3904
BOS,BUF,"194,922",$155.03,383 mi,534,$0.4048
SEA,RNO,"194,904",$198.31,547 mi,534,$0.3625
BWI,MBJ,"194,277",$244.34,"1,473 mi",532,$0.1659
CVG,PHX,"193,907",$248.04,"1,519 mi",531,$0.1633
EWR,MYR,"193,803",$152.55,568 mi,531,$0.2686
MSP,STL,"193,740",$221.59,435 mi,531,$0.5094
BOS,MDW,"193,516",$165.27,884 mi,530,$0.1870
SEA,ICN,"193,433",$738.61,"5,359 mi",530,$0.1378
DEN,ELP,"193,222",$143.29,548 mi,529,$0.2615
LAX,CMH,"193,212",$262.23,"2,051 mi",529,$0.1279
ONT,GDL,"192,638",$209.94,"1,317 mi",528,$0.1594
DCA,CHS,"192,199",$218.89,431 mi,527,$0.5079
HNL,JFK,"192,196",$635.19,"4,826 mi",527,$0.1316
IAD,CUN,"191,988",$267.00,"1,399 mi",526,$0.1909
SEA,FAI,"191,865",$265.59,"1,575 mi",526,$0.1686
FLL,SDQ,"191,770",$79.38,879 mi,525,$0.0903
DTW,SLC,"191,021",$399.55,"1,433 mi",523,$0.2788
SAN,SAT,"190,634",$279.24,"1,093 mi",522,$0.2555
ORD,FCO,"190,519",$482.60,"4,954 mi",522,$0.0974
ORD,DUB,"190,465",$555.39,"3,553 mi",522,$0.1563
FLL,PHX,"190,451",$228.15,"1,910 mi",522,$0.1195
DCA,HOU,"190,427",$268.31,"1,180 mi",522,$0.2274
MSY,SEA,"190,297",$264.61,"2,145 mi",521,$0.1234
EWR,ATH,"190,284",$953.77,"4,796 mi",521,$0.1989
EWR,LIS,"189,764",$527.40,"3,275 mi",520,$0.1610
BOS,CVG,"189,314",$291.13,772 mi,519,$0.3771
BOS,SRQ,"189,300",$192.28,"1,258 mi",519,$0.1528
OGG,PDX,"189,000",$349.41,"2,484 mi",518,$0.1407
LAX,BOI,"188,818",$170.29,695 mi,517,$0.2450
SFO,SGN,"188,806",$508.11,"8,062 mi",517,$0.0630
CLT,SLC,"188,555",$348.08,"1,671 mi",517,$0.2083
FLL,GUA,"188,268",$77.63,"1,070 mi",516,$0.0726
MIA,PUJ,"187,879",$101.23,938 mi,515,$0.1079
LGA,GSP,"187,793",$217.43,592 mi,515,$0.3673
BWI,SAT,"187,677",$340.08,"1,447 mi",514,$0.2350
ATL,BUF,"187,673",$198.76,734 mi,514,$0.2708
EWR,PIT,"187,639",$166.06,328 mi,514,$0.5063
DEN,GRR,"187,512",$211.74,982 mi,514,$0.2156
STL,RSW,"187,179",$257.63,"1,009 mi",513,$0.2553
SEA,IND,"186,670",$269.46,"1,805 mi",511,$0.1493
AUS,IND,"186,558",$211.54,947 mi,511,$0.2234
CLT,BDL,"186,543",$237.17,663 mi,511,$0.3577
IAH,YYC,"186,452",$278.26,"1,696 mi",511,$0.1641
MDW,SAN,"186,202",$234.89,"1,673 mi",510,$0.1404
JFK,GUA,"186,174",$209.15,"2,125 mi",510,$0.0984
EWR,SAV,"185,887",$191.10,730 mi,509,$0.2618
BOS,BCN,"185,850",$516.29,"3,531 mi",509,$0.1462
JFK,BGI,"185,771",$252.13,"2,155 mi",509,$0.1170
LAX,YYC,"185,519",$198.45,"1,171 mi",508,$0.1695
MCI,TPA,"185,197",$246.91,"1,017 mi",507,$0.2428
SEA,CUN,"184,589",$284.27,"2,604 mi",506,$0.1092
ANC,PDX,"184,553",$370.46,"1,585 mi",506,$0.2337
OGG,SAN,"184,325",$309.73,"2,613 mi",505,$0.1185
MIA,BCN,"184,148",$504.96,"4,547 mi",505,$0.1111
ATL,CDG,"183,484",$855.39,"4,516 mi",503,$0.1894
BNA,PIT,"183,414",$215.75,447 mi,503,$0.4827
HOU,MCI,"183,253",$244.63,648 mi,502,$0.3775
FLL,TYS,"182,975",$184.11,731 mi,501,$0.2519
SJC,SLC,"182,790",$219.02,566 mi,501,$0.3870
MCO,TTN,"182,580",$80.87,871 mi,500,$0.0928
BWI,CHS,"182,466",$222.84,459 mi,500,$0.4855
DEN,PVR,"182,264",$266.61,"1,366 mi",499,$0.1952
JFK,LIS,"182,245",$485.09,"3,459 mi",499,$0.1402
LGA,MEM,"182,027",$265.31,990 mi,499,$0.2680
IAH,SNA,"181,988",$318.09,"1,384 mi",499,$0.2298
CLT,BUF,"181,690",$197.19,563 mi,498,$0.3502
MCO,BHM,"181,169",$225.94,465 mi,496,$0.4859
FLL,ALB,"181,101",$176.06,"1,171 mi",496,$0.1504
MDW,PHL,"180,956",$174.25,647 mi,496,$0.2693
SFO,BCN,"180,823",$692.10,"6,136 mi",495,$0.1128
DFW,MKE,"180,637",$294.88,879 mi,495,$0.3355
ORD,YVR,"180,322",$302.77,"1,812 mi",494,$0.1671
DCA,CMH,"180,300",$156.26,312 mi,494,$0.5008
CLT,SJU,"179,238",$293.89,"1,520 mi",491,$0.1933
DEN,JAX,"178,574",$298.67,"1,402 mi",489,$0.2130
BNA,SAT,"178,154",$259.10,796 mi,488,$0.3255
EWR,MXP,"178,123",$668.29,"3,879 mi",488,$0.1723
MCO,DUB,"178,062",$397.93,"3,942 mi",488,$0.1009
PDX,SEA,"178,024",$113.49,125 mi,488,$0.9079
JFK,IST,"177,960",$593.67,"4,837 mi",488,$0.1227
DFW,ABQ,"177,887",$194.41,585 mi,487,$0.3323
SFO,BLR,"177,852","$1,232.06","8,952 mi",487,$0.1376
AUS,MCI,"177,064",$213.49,671 mi,485,$0.3182
DEN,GEG,"177,031",$213.24,810 mi,485,$0.2633
FLL,PVD,"176,775",$173.53,"1,154 mi",484,$0.1504
PHX,PVR,"176,714",$204.19,945 mi,484,$0.2161
PHX,COS,"175,706",$210.49,534 mi,481,$0.3942
MCO,ROC,"175,106",$170.75,"1,004 mi",480,$0.1701
AUS,STL,"175,105",$208.04,744 mi,480,$0.2796
ORD,SRQ,"175,044",$286.27,"1,084 mi",480,$0.2641
CLT,IND,"174,754",$243.60,415 mi,479,$0.5870
JFK,MDE,"174,697",$328.80,"2,456 mi",479,$0.1339
AUS,LHR,"174,524",$881.34,"5,051 mi",478,$0.1745
BWI,PBI,"174,399",$297.94,912 mi,478,$0.3267
FLL,BOG,"174,035",$142.61,"1,483 mi",477,$0.0962
DFW,BDL,"173,779",$336.16,"1,424 mi",476,$0.2361
SLC,OAK,"173,742",$172.98,605 mi,476,$0.2859
EWR,ICN,"173,507",$669.74,"7,087 mi",475,$0.0945
BNA,JAX,"173,478",$231.49,469 mi,475,$0.4936
MIA,POS,"173,287",$251.99,"1,575 mi",475,$0.1600
IAD,IAH,"173,224",$304.53,"1,153 mi",475,$0.2641
AUS,DCA,"173,188",$329.89,"1,353 mi",474,$0.2438
DCA,SAT,"172,969",$275.25,"1,420 mi",474,$0.1938
JFK,CAI,"172,897",$387.22,"5,770 mi",474,$0.0671
SAT,ELP,"172,256",$230.03,481 mi,472,$0.4782
PHL,LHR,"172,126",$795.13,"3,429 mi",472,$0.2319
JFK,TPE,"171,841","$1,123.32","7,560 mi",471,$0.1486
JFK,BQN,"171,036",$184.46,"1,533 mi",469,$0.1203
PHL,SLC,"170,887",$371.31,"1,980 mi",468,$0.1875
JAX,LGA,"170,845",$237.35,809 mi,468,$0.2934
SAN,ORF,"170,605",$294.81,"2,395 mi",467,$0.1231
EWR,CMH,"170,573",$228.16,448 mi,467,$0.5093
DEN,BDL,"170,388",$298.21,"1,617 mi",467,$0.1844
SEA,TPE,"170,145",$731.27,"6,244 mi",466,$0.1171
LAX,LIR,"169,952",$338.71,"2,549 mi",466,$0.1329
IAD,DUB,"169,587",$469.17,"3,293 mi",465,$0.1425
ORD,SJD,"169,257",$338.90,"1,754 mi",464,$0.1932
BOS,YTZ,"169,051",$184.80,420 mi,463,$0.4400
LAX,BKK,"168,844",$704.44,"8,010 mi",463,$0.0879
SAN,LHR,"168,786",$943.18,"5,308 mi",462,$0.1777
PHX,YVR,"168,615",$234.69,"1,194 mi",462,$0.1966
HNL,SYD,"168,562",$655.90,"5,229 mi",462,$0.1254
DFW,PBI,"168,385",$359.30,"1,068 mi",461,$0.3364
AUS,CUN,"168,347",$256.14,894 mi,461,$0.2865
FLL,MCI,"167,876",$238.54,"1,205 mi",460,$0.1980
PHX,LHR,"167,703",$840.95,"5,416 mi",459,$0.1553
CLE,CLT,"167,685",$214.42,444 mi,459,$0.4829
MIA,SCL,"167,389",$640.04,"4,261 mi",459,$0.1502
AUS,ELP,"167,305",$229.73,513 mi,458,$0.4478
PHL,STL,"167,251",$266.01,835 mi,458,$0.3186
RDU,SAN,"167,242",$274.27,"2,122 mi",458,$0.1293
LAS,TUL,"167,031",$223.12,"1,105 mi",458,$0.2019
PDX,GEG,"166,927",$164.85,286 mi,457,$0.5764
EWR,MBJ,"166,821",$247.40,"1,595 mi",457,$0.1551
DCA,JFK,"166,819",$115.13,207 mi,457,$0.5562
SFO,PVG,"166,795","$1,223.91","5,953 mi",457,$0.2056
SAN,IND,"166,755",$264.26,"1,725 mi",457,$0.1532
PDX,PSP,"166,728",$228.80,848 mi,457,$0.2698
LAS,OGG,"166,719",$350.94,"2,611 mi",457,$0.1344
CLE,IAH,"166,695",$284.63,"1,124 mi",457,$0.2532
ATL,SRQ,"166,373",$201.18,432 mi,456,$0.4657
SFO,AMS,"166,224",$848.59,"5,623 mi",455,$0.1509
CVG,SEA,"166,031",$269.33,"1,901 mi",455,$0.1417
CVG,ORD,"165,915",$193.72,272 mi,455,$0.7122
PHX,DSM,"165,860",$213.78,"1,114 mi",454,$0.1919
DFW,MFE,"165,483",$292.73,484 mi,453,$0.6048
EWR,NAS,"165,421",$285.55,"1,065 mi",453,$0.2681
DFW,TYS,"165,348",$343.63,793 mi,453,$0.4333
SEA,YYZ,"165,225",$298.68,"1,993 mi",453,$0.1499
CLT,MCI,"165,171",$233.83,783 mi,453,$0.2986
MCO,MDE,"165,109",$136.84,"1,634 mi",452,$0.0837
DFW,RIC,"164,594",$338.69,"1,120 mi",451,$0.3024
ATL,PUJ,"164,557",$278.63,"1,480 mi",451,$0.1883
LAX,SJO,"164,524",$287.17,"2,805 mi",451,$0.1024
MCI,SAN,"164,465",$268.31,"1,371 mi",451,$0.1957
ORD,STL,"164,380",$202.43,266 mi,450,$0.7610
CLE,SFO,"164,270",$375.05,"2,222 mi",450,$0.1688
SFO,FCO,"164,146",$626.50,"6,438 mi",450,$0.0973
JFK,LIM,"164,024",$531.58,"3,754 mi",449,$0.1416
AUS,SMF,"163,975",$293.96,"1,434 mi",449,$0.2050
DEN,BZN,"163,712",$214.34,508 mi,449,$0.4219
BWI,SLC,"163,595",$317.33,"1,804 mi",448,$0.1759
EWR,SJO,"163,549",$365.87,"2,274 mi",448,$0.1609
MIA,STL,"163,037",$263.12,"1,102 mi",447,$0.2388
BNA,CLE,"163,023",$205.18,435 mi,447,$0.4717
SFO,YYC,"162,971",$184.97,"1,049 mi",446,$0.1763
BOS,HNL,"162,786",$500.74,"5,239 mi",446,$0.0956
CVG,DCA,"162,682",$174.41,398 mi,446,$0.4382
OGG,KOA,"162,210",$68.71,81 mi,444,$0.8483
RDU,SJU,"161,947",$179.29,"1,478 mi",444,$0.1213
ORD,SAV,"161,489",$238.82,797 mi,442,$0.2996
ATL,ICN,"161,437","$1,918.41","7,351 mi",442,$0.2610
SEA,PVR,"161,429",$228.96,"2,143 mi",442,$0.1068
TPA,MKE,"161,367",$244.41,"1,109 mi",442,$0.2204
ORD,MTY,"161,351",$178.62,"1,277 mi",442,$0.1399
CVG,EWR,"161,148",$228.96,585 mi,442,$0.3914
JFK,ANU,"160,921",$236.45,"1,827 mi",441,$0.1294
DCA,RSW,"160,856",$215.71,921 mi,441,$0.2342
SEA,HND,"160,840",$968.22,"4,648 mi",441,$0.2083
BOS,FCO,"160,768",$455.54,"4,203 mi",440,$0.1084
PHX,TUL,"160,737",$229.14,905 mi,440,$0.2532
BUR,SLC,"160,613",$258.01,591 mi,440,$0.4366
SLC,TPA,"160,605",$307.14,"1,942 mi",440,$0.1582
BOS,KEF,"160,471",$212.68,"2,335 mi",440,$0.0911
HOU,MAF,"160,223",$222.40,427 mi,439,$0.5208
CLE,MIA,"159,793",$184.14,"1,115 mi",438,$0.1651
BWI,PUJ,"159,676",$239.55,"1,463 mi",437,$0.1637
MSP,IND,"159,565",$286.14,487 mi,437,$0.5876
MCO,SMF,"159,540",$256.91,"2,476 mi",437,$0.1038
ATL,YYZ,"159,504",$353.79,762 mi,437,$0.4643
MDW,RDU,"159,472",$196.76,612 mi,437,$0.3215
JFK,MSP,"159,232",$230.03,"1,057 mi",436,$0.2176
BNA,PDX,"159,174",$236.29,"2,027 mi",436,$0.1166
DEN,LGB,"159,063",$180.74,879 mi,436,$0.2056
LGA,ILM,"158,940",$211.27,486 mi,435,$0.4347
CLT,PIT,"158,882",$218.38,356 mi,435,$0.6134
JAX,LAS,"158,790",$274.31,"2,020 mi",435,$0.1358
LAX,AKL,"158,744","$1,059.31","6,321 mi",435,$0.1676
DTW,JFK,"158,744",$178.96,522 mi,435,$0.3428
JFK,PLS,"158,622",$266.95,"1,345 mi",435,$0.1985
FLL,IAD,"158,529",$215.05,876 mi,434,$0.2455
LAX,ATH,"158,499",$737.20,"7,121 mi",434,$0.1035
BWI,STL,"158,271",$280.48,758 mi,434,$0.3700
BOS,LIS,"158,125",$453.51,"3,088 mi",433,$0.1469
SAN,GEG,"158,012",$193.66,"1,059 mi",433,$0.1829
JFK,GVA,"157,907","$1,141.66","3,737 mi",433,$0.3055
IAH,SAP,"157,714",$161.51,"1,076 mi",432,$0.1501
DFW,MTY,"157,712",$106.64,509 mi,432,$0.2095
SFO,HND,"157,671","$1,625.08","5,302 mi",432,$0.3065
CVG,LAX,"157,523",$303.92,"1,839 mi",432,$0.1653
ORD,BZN,"157,024",$276.84,"1,148 mi",430,$0.2411
SFO,IND,"156,815",$346.54,"1,997 mi",430,$0.1735
HNL,ORD,"156,643",$692.17,"4,364 mi",429,$0.1586
ANC,PHX,"156,546",$408.79,"2,472 mi",429,$0.1654
RDU,STL,"156,530",$258.69,686 mi,429,$0.3771
LAS,DSM,"156,253",$182.36,"1,249 mi",428,$0.1460
DEN,MEM,"155,986",$200.78,845 mi,427,$0.2376
SEA,ABQ,"155,950",$195.74,"1,144 mi",427,$0.1711
CLT,SAT,"155,882",$235.67,"1,060 mi",427,$0.2223
PHL,IND,"155,803",$284.41,604 mi,427,$0.4709
MSP,CMH,"155,755",$302.57,644 mi,427,$0.4698
OGG,OAK,"155,544",$298.47,"2,277 mi",426,$0.1311
PHX,MEX,"155,442",$212.39,"1,291 mi",426,$0.1645
PIT,SEA,"155,426",$252.32,"2,055 mi",426,$0.1228
DFW,PVR,"155,233",$256.32,954 mi,425,$0.2687
ATL,MEX,"155,072",$373.45,"1,372 mi",425,$0.2722
MSP,MSY,"154,928",$247.03,"1,010 mi",424,$0.2446
MSY,SFO,"154,925",$329.39,"1,851 mi",424,$0.1780
SAN,STL,"154,834",$303.92,"1,507 mi",424,$0.2017
SFO,DUB,"154,506",$767.41,"5,238 mi",423,$0.1465
ORD,BUF,"154,234",$206.98,458 mi,423,$0.4519
SFO,RDM,"153,887",$190.63,449 mi,422,$0.4246
LGA,MYR,"153,840",$149.90,546 mi,421,$0.2745
DCA,SLC,"153,794",$400.38,"1,902 mi",421,$0.2105
CLT,JAX,"153,677",$246.54,319 mi,421,$0.7729
DCA,MKE,"153,602",$223.20,652 mi,421,$0.3423
DAL,ORD,"153,443",$185.22,774 mi,420,$0.2393
FLL,SDF,"153,065",$185.95,924 mi,419,$0.2012
ATL,MEM,"152,806",$256.20,341 mi,419,$0.7513
BOS,STI,"152,733",$212.81,"1,634 mi",418,$0.1302
LAS,GRR,"152,723",$207.11,"1,688 mi",418,$0.1227
MCO,PSE,"152,512",$130.48,"1,144 mi",418,$0.1141
DEN,TUL,"152,338",$188.36,525 mi,417,$0.3588
JFK,MNL,"152,185",$776.18,"8,255 mi",417,$0.0940
DFW,HNL,"152,004",$487.54,"3,665 mi",416,$0.1330
MIA,SAP,"151,985",$168.57,842 mi,416,$0.2002
MIA,CLO,"151,984",$194.62,"1,512 mi",416,$0.1287
HOU,SAN,"151,517",$295.19,"1,349 mi",415,$0.2188
PIT,SFO,"151,376",$381.32,"2,182 mi",415,$0.1748
SEA,BZN,"151,325",$162.90,525 mi,415,$0.3103
BWI,SRQ,"151,305",$277.23,907 mi,415,$0.3057
LGA,SDF,"151,070",$237.16,677 mi,414,$0.3503
LGA,ORF,"150,903",$178.29,305 mi,413,$0.5846
LAS,MFE,"150,880",$149.12,"1,173 mi",413,$0.1271
MCO,OMA,"150,348",$250.94,"1,175 mi",412,$0.2136
DEN,PNS,"150,188",$199.09,"1,143 mi",411,$0.1742
IAH,YYZ,"150,076",$377.35,"1,242 mi",411,$0.3038
JAX,ORF,"149,760",$171.22,559 mi,410,$0.3063
MCO,PWM,"149,755",$150.97,"1,179 mi",410,$0.1280
PHL,SAV,"149,548",$216.97,611 mi,410,$0.3551
DEN,PSP,"149,491",$208.33,798 mi,410,$0.2611
BNA,MKE,"149,476",$211.51,462 mi,410,$0.4578
JFK,BER,"149,372",$625.84,"4,090 mi",409,$0.1530
FLL,XPL,"149,063",$166.92,908 mi,408,$0.1838
LGA,MKE,"149,049",$327.54,714 mi,408,$0.4587
PHX,ELP,"149,006",$194.56,356 mi,408,$0.5465
MSY,STL,"148,935",$260.27,587 mi,408,$0.4434
FLL,SLC,"148,890",$332.99,"2,019 mi",408,$0.1649
ATL,CHS,"148,849",$214.37,251 mi,408,$0.8541
DFW,RNO,"148,749",$306.15,"1,382 mi",408,$0.2215
CVG,MSP,"148,669",$305.37,614 mi,407,$0.4973
DEN,DSM,"148,606",$179.13,606 mi,407,$0.2956
FLL,VCP,"148,533",$578.74,"4,168 mi",407,$0.1389
DFW,SAL,"148,495",$210.01,"1,392 mi",407,$0.1509
DCA,SJU,"148,273",$220.67,"1,511 mi",406,$0.1460
DFW,ELP,"148,186",$193.00,568 mi,406,$0.3398
SFO,LIH,"148,013",$389.99,"2,370 mi",406,$0.1646
JFK,ROC,"147,465",$104.30,271 mi,404,$0.3849
ATL,SNA,"147,455",$411.48,"1,858 mi",404,$0.2215
DCA,EWR,"147,399",$198.19,192 mi,404,$1.0322
HOU,ELP,"147,265",$237.90,657 mi,403,$0.3621
SFO,FRA,"147,144",$790.72,"5,514 mi",403,$0.1434
OGG,SJC,"146,948",$300.78,"2,425 mi",403,$0.1240
PHX,FAT,"146,826",$184.73,508 mi,402,$0.3636
SEA,CMH,"146,758",$260.56,"2,071 mi",402,$0.1258
ORD,YYC,"146,656",$271.80,"1,423 mi",402,$0.1910
ATL,SDF,"146,588",$247.60,312 mi,402,$0.7936
LAS,TUS,"146,587",$181.68,354 mi,402,$0.5132
DFW,SDF,"146,379",$255.00,754 mi,401,$0.3382
TPA,ISP,"146,290",$113.12,"1,066 mi",401,$0.1061
DFW,TUS,"146,274",$232.41,835 mi,401,$0.2783
ATL,SMF,"146,244",$370.21,"2,151 mi",401,$0.1721
BWI,RDU,"146,215",$210.48,264 mi,401,$0.7973
SAN,FAT,"146,119",$130.09,323 mi,400,$0.4028
IAH,PIT,"146,093",$340.64,"1,151 mi",400,$0.2960
JFK,PTY,"146,089",$388.90,"2,142 mi",400,$0.1816
LAS,COS,"145,998",$205.60,621 mi,400,$0.3311
DCA,BDL,"145,958",$240.69,322 mi,400,$0.7475
LGA,OMA,"145,845",$281.39,"1,179 mi",400,$0.2387
BWI,MCI,"145,730",$306.45,935 mi,399,$0.3278
DFW,GRR,"145,698",$289.54,903 mi,399,$0.3206
LAX,DUB,"145,669",$683.88,"5,013 mi",399,$0.1364
MSY,RDU,"145,585",$186.41,756 mi,399,$0.2466
EWR,SAT,"145,577",$344.21,"1,520 mi",399,$0.2265
HOU,TPA,"145,530",$213.64,803 mi,399,$0.2661
ANC,MSP,"145,098",$297.09,"2,436 mi",398,$0.1220
DFW,OMA,"144,539",$245.73,602 mi,396,$0.4082
SFO,SIN,"144,523","$1,847.72","8,185 mi",396,$0.2257
LGA,TYS,"144,215",$257.90,666 mi,395,$0.3872
FLL,SAT,"143,587",$198.53,"1,109 mi",393,$0.1790
CLE,SEA,"143,553",$271.20,"2,075 mi",393,$0.1307
MIA,IND,"143,519",$264.93,992 mi,393,$0.2671
ORD,RIC,"143,501",$249.59,660 mi,393,$0.3782
FLL,CHS,"143,445",$112.08,458 mi,393,$0.2447
AUS,ABQ,"143,243",$245.26,637 mi,392,$0.3850
PHL,PIT,"143,152",$261.04,259 mi,392,$1.0079
OGG,SMF,"142,884",$336.40,"2,330 mi",391,$0.1444
MSY,SAN,"142,755",$301.03,"1,644 mi",391,$0.1831
DTW,STL,"142,628",$206.60,426 mi,391,$0.4850
DFW,BOI,"142,571",$317.67,"1,233 mi",391,$0.2576
DCA,YYZ,"142,528",$216.16,370 mi,390,$0.5842
IAD,MEX,"142,405",$323.07,"1,809 mi",390,$0.1786
SDF,TPA,"142,387",$215.64,750 mi,390,$0.2875
MCI,CUN,"142,196",$276.76,"1,384 mi",390,$0.2000
ORD,TVC,"141,525",$183.41,217 mi,388,$0.8452
BOS,MKE,"141,468",$218.98,884 mi,388,$0.2477
LGA,SRQ,"141,390",$233.22,"1,017 mi",387,$0.2293
DCA,PDX,"141,386",$343.53,"2,414 mi",387,$0.1423
LGA,OKC,"141,329",$290.44,"1,378 mi",387,$0.2108
LAX,MAD,"141,324",$821.40,"6,006 mi",387,$0.1368
CVG,MIA,"141,313",$219.85,978 mi,387,$0.2248
MCI,PHL,"141,290",$270.84,"1,005 mi",387,$0.2695
TPA,LHR,"141,267",$575.24,"4,270 mi",387,$0.1347
DFW,PNS,"140,911",$232.97,621 mi,386,$0.3752
MCI,SLC,"140,825",$309.45,889 mi,386,$0.3481
BWI,IND,"140,711",$226.05,500 mi,386,$0.4521
DAL,ABQ,"140,626",$232.56,596 mi,385,$0.3902
CVG,IAH,"140,555",$257.12,845 mi,385,$0.3043
LAX,AMS,"140,361",$827.23,"5,732 mi",385,$0.1443
ONT,TPE,"140,177",$856.99,"7,023 mi",384,$0.1220
MIA,GCM,"140,124",$137.40,468 mi,384,$0.2936
ANC,ENA,"140,051",$93.30,61 mi,384,$1.5295
BUR,DFW,"139,849",$302.28,"1,266 mi",383,$0.2388
EWR,BCN,"139,770",$680.54,"3,953 mi",383,$0.1722
DEN,DRO,"139,763",$250.01,259 mi,383,$0.9653
MSP,SAT,"139,694",$294.33,"1,131 mi",383,$0.2602
ATL,HPN,"139,361",$267.67,803 mi,382,$0.3333
RDU,SLC,"139,211",$359.65,"1,874 mi",381,$0.1919
MEM,PHX,"139,179",$258.94,"1,299 mi",381,$0.1993
DFW,FAT,"139,125",$296.27,"1,271 mi",381,$0.2331
ATL,GRR,"138,823",$273.89,622 mi,380,$0.4403
ATL,FCO,"138,718",$685.86,"5,175 mi",380,$0.1325
JFK,PVG,"138,389","$1,199.94","7,599 mi",379,$0.1579
LAX,SIN,"138,376","$1,735.19","8,499 mi",379,$0.2042
SFO,BOM,"138,342",$870.53,"8,143 mi",379,$0.1069
BOS,AMS,"138,312",$568.53,"3,550 mi",379,$0.1601
PIT,SRQ,"138,287",$176.79,887 mi,379,$0.1993
ORD,PSP,"138,057",$367.18,"1,599 mi",378,$0.2296
LAX,TLV,"138,056","$1,366.55","7,787 mi",378,$0.1755
HOU,SJD,"137,910",$251.44,"1,029 mi",378,$0.2444
DAL,LGB,"137,870",$232.91,"1,266 mi",378,$0.1840
HNL,ONT,"137,679",$333.61,"2,677 mi",377,$0.1246
SEA,MKE,"137,642",$253.29,"1,741 mi",377,$0.1455
FLL,ACY,"137,561",$175.92,950 mi,377,$0.1852
MDW,SAT,"137,505",$244.77,"1,006 mi",377,$0.2433
LAS,PAE,"137,337",$177.25,922 mi,376,$0.1922
DEN,CHS,"137,169",$281.46,"1,490 mi",376,$0.1889
LAX,YUL,"137,018",$352.95,"2,394 mi",375,$0.1474
IAH,IND,"136,703",$280.74,870 mi,375,$0.3227
BNA,YYZ,"136,612",$207.50,660 mi,374,$0.3144
LAX,PEK,"136,583",$846.76,"6,050 mi",374,$0.1400
BOS,MAD,"136,450",$482.12,"3,299 mi",374,$0.1461
SAT,TPA,"136,191",$240.92,999 mi,373,$0.2412
JFK,CTG,"136,058",$268.79,"2,152 mi",373,$0.1249
AUS,CMH,"136,041",$253.59,"1,105 mi",373,$0.2295
IAD,GUA,"135,889",$244.16,"1,805 mi",372,$0.1353
LAX,ELP,"135,730",$214.83,733 mi,372,$0.2931
IAD,MSP,"135,730",$204.85,933 mi,372,$0.2196
BNA,SMF,"135,553",$268.12,"1,970 mi",371,$0.1361
JFK,PIT,"135,543",$107.52,329 mi,371,$0.3268
SAN,SJD,"135,526",$185.37,779 mi,371,$0.2380
JFK,MUC,"135,138",$774.60,"4,148 mi",370,$0.1867
LAS,BDL,"135,064",$267.37,"2,361 mi",370,$0.1132
IAD,FCO,"134,814",$662.15,"4,628 mi",369,$0.1431
DFW,MAF,"134,760",$216.91,299 mi,369,$0.7255
DFW,BJX,"134,605",$127.26,892 mi,369,$0.1427
LAS,YUL,"134,520",$308.57,"2,301 mi",369,$0.1341
BNA,RSW,"134,509",$253.56,745 mi,369,$0.3403
ANC,HNL,"134,494",$485.78,"2,696 mi",368,$0.1802
MSP,PSP,"134,442",$282.28,"1,408 mi",368,$0.2005
DTW,PBI,"134,380",$282.18,"1,122 mi",368,$0.2515
JFK,SJO,"134,364",$223.48,"2,277 mi",368,$0.0981
CLT,SRQ,"134,225",$262.38,564 mi,368,$0.4652
ATL,OMA,"134,210",$262.37,796 mi,368,$0.3296
SAT,GDL,"134,203",$113.61,713 mi,368,$0.1593
LAS,BLI,"134,060",$158.72,984 mi,367,$0.1613
IAD,MIA,"133,931",$161.93,951 mi,367,$0.1703
JAX,PHX,"133,590",$297.99,"1,836 mi",366,$0.1623
LAX,FRA,"133,553",$698.45,"5,618 mi",366,$0.1243
BNA,CHS,"133,544",$216.49,426 mi,366,$0.5082
DEN,BUF,"133,532",$245.64,"1,397 mi",366,$0.1758
JFK,STT,"133,468",$306.73,"1,676 mi",366,$0.1830
JFK,DAC,"133,439",$591.72,"8,102 mi",366,$0.0730
OGG,PHX,"133,372",$468.32,"2,756 mi",365,$0.1699
DFW,CHS,"133,334",$287.19,"1,015 mi",365,$0.2829
PHX,GDL,"133,161",$207.58,"1,071 mi",365,$0.1938
ANC,BET,"132,783",$255.01,385 mi,364,$0.6624
DFW,CDG,"132,779",$658.61,"4,788 mi",364,$0.1376
CLT,LHR,"132,586",$876.85,"4,101 mi",363,$0.2138
JFK,UVF,"132,511",$278.88,"1,954 mi",363,$0.1427
CVG,VPS,"132,495",$180.91,619 mi,363,$0.2923
SEA,FRA,"132,463",$637.35,"5,246 mi",363,$0.1215
DAL,OAK,"132,414",$213.47,"1,421 mi",363,$0.1502
PHL,CMH,"132,184",$253.24,417 mi,362,$0.6073
BNA,ECP,"132,068",$227.77,390 mi,362,$0.5840
TPA,ORF,"132,052",$147.60,696 mi,362,$0.2121
IAD,SJU,"131,875",$297.10,"1,621 mi",361,$0.1833
DEN,SDF,"131,804",$261.04,"1,052 mi",361,$0.2481
SEA,OMA,"131,711",$217.85,"1,405 mi",361,$0.1551
DFW,TUL,"131,687",$215.90,244 mi,361,$0.8848
ORD,SYR,"131,460",$251.82,623 mi,360,$0.4042
SLC,STL,"131,351",$323.43,"1,118 mi",360,$0.2893
DTW,MCI,"131,350",$327.22,646 mi,360,$0.5065
AUS,DAL,"131,184",$195.83,196 mi,359,$0.9991
ORD,ROC,"131,063",$228.75,510 mi,359,$0.4485
MDW,MIA,"131,047",$165.12,"1,148 mi",359,$0.1438
SAN,ABQ,"130,886",$234.25,646 mi,359,$0.3626
LGA,XNA,"130,851",$324.32,"1,110 mi",358,$0.2922
MIA,TLV,"130,823","$1,129.05","6,789 mi",358,$0.1663
DCA,OKC,"130,585",$279.96,"1,190 mi",358,$0.2353
BWI,PVD,"130,239",$227.59,337 mi,357,$0.6753
DAL,SJC,"129,965",$254.62,"1,490 mi",356,$0.1709
ORD,BCN,"129,919",$567.97,"4,276 mi",356,$0.1328
LAS,MTY,"129,845",$196.62,"1,172 mi",356,$0.1678
DFW,YVR,"129,811",$324.43,"1,699 mi",356,$0.1910
AUS,SNA,"129,656",$290.95,"1,242 mi",355,$0.2343
DEN,YVR,"129,440",$300.48,"1,145 mi",355,$0.2624
DTW,SAT,"129,359",$275.18,"1,250 mi",354,$0.2201
SFO,SBA,"129,304",$195.15,255 mi,354,$0.7653
SEA,GDL,"129,293",$145.34,"2,206 mi",354,$0.0659
DCA,MEM,"129,150",$259.54,784 mi,354,$0.3310
LAX,OKC,"129,063",$275.25,"1,148 mi",354,$0.2398
IAD,SAT,"129,038",$306.02,"1,401 mi",354,$0.2184
SEA,FAT,"128,977",$190.28,727 mi,353,$0.2617
DFW,GSP,"128,948",$325.80,834 mi,353,$0.3906
MCO,PNS,"128,670",$145.36,392 mi,353,$0.3708
PDX,GDL,"128,658",$211.48,"2,110 mi",352,$0.1002
MCO,OKC,"128,558",$265.59,"1,100 mi",352,$0.2414
MIA,CTG,"128,335",$179.90,"1,139 mi",352,$0.1579
SAT,STL,"128,234",$279.38,811 mi,351,$0.3445
MIA,CAP,"128,048",$318.02,684 mi,351,$0.4649
PHX,BDL,"127,951",$273.09,"2,274 mi",351,$0.1201
SAT,SLC,"127,727",$303.60,"1,120 mi",350,$0.2711
PHL,MBJ,"127,620",$270.40,"1,440 mi",350,$0.1878
SEA,CHS,"127,473",$299.87,"2,482 mi",349,$0.1208
MDW,CUN,"127,366",$209.62,"1,391 mi",349,$0.1507
RDU,RSW,"127,109",$170.65,689 mi,348,$0.2477
DAL,SMF,"126,799",$277.15,"1,482 mi",347,$0.1870
MSP,VPS,"126,419",$176.82,"1,091 mi",346,$0.1621
MIA,SXM,"126,382",$375.67,"1,186 mi",346,$0.3168
MCI,MSP,"126,317",$266.41,405 mi,346,$0.6578
EWR,OPO,"126,108",$443.30,"3,231 mi",346,$0.1372
DFW,BHM,"125,988",$258.65,578 mi,345,$0.4475
FLL,SAN,"125,693",$265.38,"2,196 mi",344,$0.1208
MIA,FRA,"125,675",$677.68,"4,679 mi",344,$0.1448
SEA,OKC,"125,386",$261.60,"1,563 mi",344,$0.1674
DEN,RIC,"125,380",$299.73,"1,434 mi",344,$0.2090
CVG,SRQ,"125,225",$194.81,838 mi,343,$0.2325
ATL,OKC,"125,177",$267.86,782 mi,343,$0.3425
JAX,MIA,"125,018",$260.85,346 mi,343,$0.7539
IAD,SLC,"124,984",$347.17,"1,878 mi",342,$0.1849
LAS,RSW,"124,842",$265.17,"2,129 mi",342,$0.1246
DEN,TYS,"124,761",$224.70,"1,195 mi",342,$0.1880
LAX,KIX,"124,760",$752.82,"5,558 mi",342,$0.1354
MIA,CMH,"124,413",$216.29,963 mi,341,$0.2246
LAX,EVN,"124,313",$594.39,"6,985 mi",341,$0.0851
IAH,GUA,"124,254",$221.11,"1,140 mi",340,$0.1940
MIA,LRM,"124,038",$327.79,860 mi,340,$0.3812
BOS,SAT,"123,985",$275.45,"1,815 mi",340,$0.1518
ORD,TUS,"123,951",$289.77,"1,392 mi",340,$0.2082
BOS,FRA,"123,795",$687.89,"3,549 mi",339,$0.1938
DEN,BHM,"123,471",$267.17,"1,049 mi",338,$0.2547
FLL,MCO,"123,328",$47.73,173 mi,338,$0.2759
SAN,YYZ,"123,325",$345.75,"2,088 mi",338,$0.1656
ORD,PWM,"123,164",$254.41,924 mi,337,$0.2753
LGA,SAV,"123,073",$208.38,701 mi,337,$0.2973
MIA,BDL,"122,674",$218.98,"1,161 mi",336,$0.1886
IAH,MCI,"122,487",$278.10,663 mi,336,$0.4195
BOS,MCI,"122,436",$344.62,"1,215 mi",335,$0.2836
ORD,OMA,"122,275",$182.60,427 mi,335,$0.4276
MCO,PTY,"121,990",$234.57,"1,383 mi",334,$0.1696
FLL,ISP,"121,817",$145.64,"1,061 mi",334,$0.1373
PIT,RDU,"121,706",$191.73,318 mi,333,$0.6029
IAH,SJD,"121,656",$317.99,"1,035 mi",333,$0.3072
LAX,MTY,"121,607",$123.75,"1,193 mi",333,$0.1037
EWR,DEL,"121,579","$1,127.34","7,528 mi",333,$0.1498
AUS,PIT,"121,504",$273.35,"1,245 mi",333,$0.2196
DFW,PSP,"121,386",$294.39,"1,090 mi",333,$0.2701
SFO,STL,"121,125",$308.65,"1,680 mi",332,$0.1837
LAX,BZN,"121,036",$264.46,876 mi,332,$0.3019
DAL,IND,"121,026",$209.14,732 mi,332,$0.2857
JFK,POP,"121,005",$197.39,"1,499 mi",332,$0.1317
BNA,ONT,"120,978",$268.19,"1,799 mi",331,$0.1491
SAN,YVR,"120,831",$245.10,"1,214 mi",331,$0.2019
MIA,PIT,"120,818",$253.76,985 mi,331,$0.2576
AUS,LGB,"120,563",$233.99,"1,261 mi",330,$0.1856
DCA,OMA,"120,438",$252.54,979 mi,330,$0.2580
ORD,MBJ,"120,410",$236.93,"1,673 mi",330,$0.1416
LAX,MEM,"120,397",$279.62,"1,663 mi",330,$0.1681
SLC,CUN,"120,367",$373.66,"1,945 mi",330,$0.1921
LAX,PPT,"120,268",$866.32,"4,231 mi",330,$0.2048
MIA,PDX,"120,227",$267.34,"2,616 mi",329,$0.1022
JFK,YVR,"120,216",$337.74,"2,369 mi",329,$0.1426
MIA,SNU,"120,175",$89.25,236 mi,329,$0.3782
CVG,PHL,"119,961",$279.47,491 mi,329,$0.5692
ORD,ATH,"119,958",$578.59,"5,612 mi",329,$0.1031
CVG,PIE,"119,593",$131.17,755 mi,328,$0.1737
LAX,EUG,"119,573",$185.61,771 mi,328,$0.2407
DFW,BZN,"119,552",$307.65,"1,198 mi",328,$0.2568
EWR,YUL,"119,501",$184.78,341 mi,327,$0.5419
ORD,DEL,"119,488",$833.69,"7,693 mi",327,$0.1084
ORD,ALB,"119,451",$233.08,743 mi,327,$0.3137
CLE,MSP,"119,424",$301.98,640 mi,327,$0.4718
OGG,LGB,"119,373",$315.51,"2,420 mi",327,$0.1304
DFW,HOU,"119,372",$160.25,254 mi,327,$0.6309
MIA,YUL,"119,341",$225.84,"1,449 mi",327,$0.1559
ATL,AMS,"119,300",$788.23,"4,258 mi",327,$0.1851
DTW,IAD,"118,818",$170.26,372 mi,326,$0.4577
IAD,MAD,"118,787",$494.40,"3,920 mi",325,$0.1261
BWI,MKE,"118,609",$240.40,621 mi,325,$0.3871
JFK,WAW,"118,514",$472.79,"4,383 mi",325,$0.1079
LAS,ICN,"118,494","$1,075.71","5,827 mi",325,$0.1846
ORD,TYS,"118,431",$244.56,461 mi,324,$0.5305
CLT,MKE,"118,410",$251.38,631 mi,324,$0.3984
LAS,BUF,"118,389",$275.16,"2,041 mi",324,$0.1348
HOU,ABQ,"118,301",$291.65,735 mi,324,$0.3968
MCO,MYR,"118,275",$178.83,377 mi,324,$0.4744
JFK,BRU,"118,109",$463.17,"3,767 mi",324,$0.1230
EWR,AMS,"118,050",$562.98,"3,755 mi",323,$0.1499
DFW,BUF,"118,011",$266.92,"1,247 mi",323,$0.2140
ORD,ABQ,"117,943",$273.98,"1,149 mi",323,$0.2385
FLL,YOW,"117,919",$191.43,"1,394 mi",323,$0.1373
DEN,MSN,"117,810",$220.09,799 mi,323,$0.2755
MCO,STI,"117,793",$125.95,947 mi,323,$0.1330
MIA,ORY,"117,765",$254.22,"4,440 mi",323,$0.0573
DFW,ORF,"117,754",$251.13,"1,246 mi",323,$0.2015
SFO,BOI,"117,722",$181.52,507 mi,323,$0.3580
RDU,IND,"117,630",$239.38,473 mi,322,$0.5061
DTW,JAX,"117,597",$264.91,791 mi,322,$0.3349
MCI,PDX,"117,431",$226.73,"1,434 mi",322,$0.1581
ANC,SCC,"117,249",$406.36,644 mi,321,$0.6310
ONT,SLC,"117,095",$218.71,541 mi,321,$0.4043
PDX,RNO,"117,043",$186.56,432 mi,321,$0.4319
ATL,NAS,"117,024",$255.49,749 mi,321,$0.3411
ORD,PNS,"116,981",$194.79,772 mi,320,$0.2523
MSP,MKE,"116,910",$256.42,306 mi,320,$0.8380
DEN,SBA,"116,771",$228.19,887 mi,320,$0.2573
JFK,GND,"116,761",$318.39,"2,171 mi",320,$0.1467
TPA,CUN,"116,707",$134.24,569 mi,320,$0.2359
ANC,LAX,"116,707",$360.77,"2,413 mi",320,$0.1495
DCA,PWM,"116,627",$240.68,467 mi,320,$0.5154
PHL,SRQ,"116,243",$200.05,987 mi,318,$0.2027
TPA,HAV,"116,234",$131.24,355 mi,318,$0.3697
MSP,BDL,"116,006",$322.89,"1,079 mi",318,$0.2992
FLL,MKE,"115,945",$188.34,"1,282 mi",318,$0.1469
LAS,CUN,"115,916",$172.10,"1,935 mi",318,$0.0889
MSP,SMF,"115,867",$326.01,"1,559 mi",317,$0.2091
DAL,FLL,"115,714",$222.54,"1,139 mi",317,$0.1954
SEA,RDM,"115,714",$133.62,221 mi,317,$0.6046
PHL,SAT,"115,710",$288.11,"1,449 mi",317,$0.1988
LAX,TUL,"115,643",$231.22,"1,318 mi",317,$0.1754
AUS,CVG,"115,546",$226.75,929 mi,317,$0.2441
ATL,SJO,"115,356",$391.07,"1,683 mi",316,$0.2324
MEM,ORD,"115,325",$238.16,507 mi,316,$0.4697
JAX,MSP,"115,306",$276.18,"1,139 mi",316,$0.2425
DEN,LIT,"115,159",$212.89,793 mi,316,$0.2685
DEN,MSO,"115,158",$243.51,698 mi,316,$0.3489
HOU,OKC,"115,110",$192.20,432 mi,315,$0.4449
FLL,HVN,"115,092",$144.60,"1,095 mi",315,$0.1321
JAX,STL,"115,028",$216.82,730 mi,315,$0.2970
LAX,OMA,"114,971",$254.78,"1,288 mi",315,$0.1978
DEN,OGG,"114,966",$561.91,"3,199 mi",315,$0.1757
ORD,GSP,"114,877",$227.83,561 mi,315,$0.4061
LAS,YEG,"114,869",$158.77,"1,229 mi",315,$0.1292
LAX,DXB,"114,844","$1,893.73","8,076 mi",315,$0.2345
LGA,BHM,"114,800",$354.94,891 mi,315,$0.3984
TPA,RIC,"114,719",$200.45,702 mi,314,$0.2855
DEN,SJU,"114,666",$338.06,"2,813 mi",314,$0.1202
CLT,SMF,"114,660",$269.52,"2,306 mi",314,$0.1169
BNA,IAD,"114,569",$176.93,557 mi,314,$0.3176
MSP,GRR,"114,405",$258.15,395 mi,313,$0.6535
ATL,PVD,"114,321",$293.90,876 mi,313,$0.3355
CLE,CUN,"114,113",$191.16,"1,395 mi",313,$0.1370
JFK,SJD,"114,109",$296.63,"2,334 mi",313,$0.1271
MIA,CHS,"114,018",$257.79,506 mi,312,$0.5095
FLL,ORF,"113,997",$172.66,760 mi,312,$0.2272
MCO,EZE,"113,893",$580.74,"4,754 mi",312,$0.1222
DEN,JAC,"113,878",$262.95,394 mi,312,$0.6674
JFK,IND,"113,861",$184.25,643 mi,312,$0.2865
EWR,MAD,"113,858",$584.42,"3,489 mi",312,$0.1675
JFK,VCE,"113,476",$622.87,"4,267 mi",311,$0.1460
IAD,PUJ,"113,224",$297.74,"1,555 mi",310,$0.1915
OGG,YVR,"113,110",$383.08,"2,753 mi",310,$0.1392
DFW,ECP,"112,917",$217.04,663 mi,309,$0.3274
EWR,STL,"112,891",$257.13,896 mi,309,$0.2870
SFO,PEK,"112,864","$1,070.24","6,075 mi",309,$0.1762
ORD,PVR,"112,822",$353.01,"1,839 mi",309,$0.1920
CLT,PDX,"112,810",$349.62,"2,345 mi",309,$0.1491
LAS,SDF,"112,596",$287.83,"1,669 mi",308,$0.1725
RDU,LHR,"112,535",$835.24,"3,746 mi",308,$0.2230
BOS,ORF,"112,533",$188.96,454 mi,308,$0.4162
MSY,SAT,"112,373",$217.01,508 mi,308,$0.4272
BNA,LHR,"112,283",$811.86,"4,296 mi",308,$0.1890
LAS,RIC,"112,265",$276.02,"2,143 mi",308,$0.1288
ATL,SJC,"112,200",$410.68,"2,174 mi",307,$0.1889
CLE,PHL,"112,129",$227.04,351 mi,307,$0.6468
IAD,ICN,"112,070","$1,561.14","6,734 mi",307,$0.2318
TPA,LGW,"112,054",$520.59,"4,551 mi",307,$0.1144
LAX,MEL,"111,973","$1,449.69","7,689 mi",307,$0.1885
MDW,STL,"111,773",$201.80,259 mi,306,$0.7792
JFK,NCE,"111,763","$1,252.78","4,100 mi",306,$0.3056
DEN,GJT,"111,485",$238.90,206 mi,305,$1.1597
MCI,MSY,"111,437",$252.98,712 mi,305,$0.3553
DTW,MYR,"111,092",$149.43,656 mi,304,$0.2278
IAH,SMF,"110,872",$308.28,"1,559 mi",304,$0.1977
EWR,YOW,"110,764",$178.37,339 mi,303,$0.5262
DFW,DSM,"110,739",$265.19,606 mi,303,$0.4376
DEN,CID,"110,714",$168.22,712 mi,303,$0.2363
BWI,SAV,"110,704",$236.55,565 mi,303,$0.4187
DFW,GEG,"110,683",$303.52,"1,520 mi",303,$0.1997
ATL,SAV,"110,604",$200.07,208 mi,303,$0.9619
HOU,LGB,"110,495",$236.57,"1,413 mi",303,$0.1674
DAL,RDU,"110,474",$222.59,"1,082 mi",303,$0.2057
DAL,CMH,"110,424",$261.96,946 mi,303,$0.2769
IAH,CMH,"110,415",$322.59,956 mi,303,$0.3374
JFK,SRQ,"110,313",$176.36,"1,074 mi",302,$0.1642
JFK,SIN,"110,288","$2,623.51","9,245 mi",302,$0.2838
ORD,YUL,"110,269",$264.01,724 mi,302,$0.3647
IAH,RSW,"110,166",$229.89,886 mi,302,$0.2595
BWI,KEF,"110,070",$177.20,"2,839 mi",302,$0.0624
AUS,OAK,"110,056",$263.69,"1,450 mi",302,$0.1819
JFK,PEK,"109,992","$1,426.49","6,616 mi",301,$0.2156
LAX,SJU,"109,888",$388.26,"3,483 mi",301,$0.1115
MSP,SRQ,"109,875",$206.91,"1,384 mi",301,$0.1495
MIA,SAT,"109,756",$310.50,"1,107 mi",301,$0.2805
ATL,ONT,"109,748",$331.56,"1,952 mi",301,$0.1699
CLT,MEM,"109,692",$265.94,525 mi,301,$0.5066
ATL,ATH,"109,632",$928.04,"5,859 mi",300,$0.1584
DFW,COS,"109,566",$243.82,610 mi,300,$0.3997
DFW,VPS,"109,426",$261.29,659 mi,300,$0.3965
LAX,IST,"109,363",$650.41,"7,041 mi",300,$0.0924
DFW,GSO,"109,238",$330.41,967 mi,299,$0.3417
SEA,CDG,"109,238",$760.72,"5,151 mi",299,$0.1477
EWR,IAD,"108,980",$151.18,218 mi,299,$0.6935
DFW,YYC,"108,955",$404.22,"1,569 mi",299,$0.2576
MDW,CMH,"108,875",$182.07,290 mi,298,$0.6278
DAL,BHM,"108,715",$228.87,604 mi,298,$0.3789
LAS,ORF,"108,638",$253.86,"2,085 mi",298,$0.1218
MCO,CDG,"108,595",$630.78,"4,363 mi",298,$0.1446
ORD,MAD,"108,583",$650.32,"4,064 mi",297,$0.1600
BNA,SRQ,"108,490",$214.86,670 mi,297,$0.3207
SAN,KOA,"108,290",$336.30,"2,630 mi",297,$0.1279
BNA,CMH,"108,277",$228.96,348 mi,297,$0.6579
FLL,MEM,"108,277",$214.23,825 mi,297,$0.2597
JFK,EDI,"108,229",$561.99,"3,150 mi",297,$0.1784
DFW,SAV,"108,139",$276.79,895 mi,296,$0.3093
DEN,ORF,"108,136",$258.32,"1,595 mi",296,$0.1620
LAS,ICT,"108,124",$171.55,"1,014 mi",296,$0.1692
MSP,BZN,"107,976",$250.10,897 mi,296,$0.2788
RDU,HVN,"107,898",$155.93,475 mi,296,$0.3283
CLT,ALB,"107,802",$227.24,665 mi,295,$0.3417
PHX,EUG,"107,664",$207.59,981 mi,295,$0.2116
MSP,PIT,"107,437",$285.67,747 mi,294,$0.3824
LAS,EUG,"107,272",$167.71,720 mi,294,$0.2329
DFW,HYD,"107,270",$792.42,"9,229 mi",294,$0.0859
DFW,QRO,"107,251",$162.48,844 mi,294,$0.1925
TPA,BHM,"107,181",$221.23,446 mi,294,$0.4960
DTW,CHS,"107,173",$246.92,648 mi,294,$0.3810
MCO,YYC,"107,163",$280.32,"2,237 mi",294,$0.1253
DEN,GDL,"107,085",$176.17,"1,299 mi",293,$0.1356
IAH,BJX,"107,041",$145.27,751 mi,293,$0.1934
MSY,SLC,"107,014",$306.04,"1,470 mi",293,$0.2082
MDW,SMF,"106,982",$297.59,"1,732 mi",293,$0.1718
JFK,SNN,"106,969",$493.64,"2,981 mi",293,$0.1656
DEN,SAV,"106,850",$265.69,"1,369 mi",293,$0.1941
SFO,BKK,"106,845",$758.08,"8,159 mi",293,$0.0929
MIA,UIO,"106,804",$234.78,"1,849 mi",293,$0.1270
STL,CMH,"106,738",$219.28,420 mi,292,$0.5221
DEN,FCA,"106,683",$251.89,775 mi,292,$0.3250
CVG,SLC,"106,586",$372.80,"1,403 mi",292,$0.2657
TPA,ACY,"106,551",$172.90,942 mi,292,$0.1835
PHL,YYZ,"106,512",$251.61,357 mi,292,$0.7048
IAH,JAX,"106,482",$284.48,839 mi,292,$0.3391
MCI,MIA,"106,327",$270.02,"1,290 mi",291,$0.2093
JFK,ACC,"106,278",$513.47,"4,955 mi",291,$0.1036
SAN,TUS,"106,243",$206.79,356 mi,291,$0.5809
IAH,ONT,"106,193",$188.53,"1,291 mi",291,$0.1460
CVG,SFB,"106,058",$120.88,758 mi,291,$0.1595
CLT,PVD,"105,759",$237.95,703 mi,290,$0.3385
MIA,STT,"105,670",$389.28,"1,140 mi",290,$0.3415
MIA,LGW,"105,643",$452.36,"4,565 mi",289,$0.0991
MCO,GDL,"105,631",$157.20,"1,529 mi",289,$0.1028
IAH,OKC,"105,596",$220.61,408 mi,289,$0.5407
STL,SMF,"105,532",$294.75,"1,725 mi",289,$0.1709
PHL,AUA,"105,522",$334.70,"1,860 mi",289,$0.1799
SJC,BOI,"105,522",$191.85,507 mi,289,$0.3784
CVG,JFK,"105,491",$201.42,606 mi,289,$0.3324
CVG,PGD,"105,470",$119.96,826 mi,289,$0.1452
MIA,PLS,"105,369",$237.69,561 mi,289,$0.4237
BNA,CUN,"105,184",$250.99,"1,011 mi",288,$0.2483
MDW,SJC,"105,114",$283.25,"1,888 mi",288,$0.1500
IAD,SMF,"105,057",$314.14,"2,281 mi",288,$0.1377
JAX,LAX,"104,849",$302.08,"2,212 mi",287,$0.1366
CLT,CMH,"104,804",$235.51,337 mi,287,$0.6988
CLE,DCA,"104,771",$201.39,301 mi,287,$0.6691
PIT,MYR,"104,706",$117.21,462 mi,287,$0.2537
FLL,HOU,"104,684",$221.80,985 mi,287,$0.2252
IAD,YYZ,"104,638",$188.00,336 mi,287,$0.5595
MSP,SNA,"104,590",$378.88,"1,566 mi",287,$0.2419
BNA,SJC,"104,586",$298.47,"2,000 mi",287,$0.1492
MDW,SRQ,"104,564",$223.72,"1,006 mi",286,$0.2224
LAX,BUF,"104,494",$249.34,"2,279 mi",286,$0.1094
JAX,SAN,"104,472",$320.83,"2,148 mi",286,$0.1494
BUR,BOI,"104,310",$159.47,637 mi,286,$0.2503
LAX,GRU,"104,299",$901.89,"6,348 mi",286,$0.1421
MCO,YOW,"104,240",$183.71,"1,171 mi",286,$0.1569
CLT,SYR,"104,060",$260.63,586 mi,285,$0.4448
CLE,SJU,"104,008",$153.05,"1,897 mi",285,$0.0807
PDX,KOA,"103,993",$355.30,"2,685 mi",285,$0.1323
MCI,RDU,"103,948",$231.67,875 mi,285,$0.2648
BUR,RNO,"103,934",$183.51,363 mi,285,$0.5055
ATL,ABQ,"103,916",$288.37,"1,305 mi",285,$0.2210
SFO,GEG,"103,856",$182.04,711 mi,285,$0.2560
TPA,CHS,"103,834",$162.49,360 mi,284,$0.4514
DEN,FAR,"103,817",$189.80,608 mi,284,$0.3122
IAH,TUL,"103,772",$214.53,417 mi,284,$0.5145
JFK,UIO,"103,702",$288.57,"2,746 mi",284,$0.1051
EWR,SMF,"103,668",$347.07,"2,419 mi",284,$0.1435
MCO,BSB,"103,649",$383.17,"3,902 mi",284,$0.0982
BOS,BDA,"103,632",$227.73,750 mi,284,$0.3036
MIA,GIG,"103,542",$564.74,"4,049 mi",284,$0.1395
ORD,AMS,"103,390",$726.55,"3,985 mi",283,$0.1823
MSP,LHR,"103,251",$856.00,"4,123 mi",283,$0.2076
BWI,MYR,"103,084",$195.46,412 mi,282,$0.4744
SEA,YYC,"102,897",$164.34,465 mi,282,$0.3534
SEA,SBA,"102,796",$215.27,936 mi,282,$0.2300
DAL,AMA,"102,637",$178.74,333 mi,281,$0.5368
ORD,XNA,"102,618",$258.59,538 mi,281,$0.4807
MSP,SJU,"102,523",$328.70,"2,334 mi",281,$0.1408
DTW,PDX,"102,434",$356.17,"2,006 mi",281,$0.1776
IAH,STL,"102,307",$262.37,648 mi,280,$0.4049
LGA,GRR,"102,215",$263.29,598 mi,280,$0.4403
AUS,ONT,"102,047",$252.08,"1,230 mi",280,$0.2049
MIA,BAQ,"101,977",$190.98,"1,058 mi",279,$0.1805
BWI,MHT,"101,961",$206.54,365 mi,279,$0.5659
RDU,BDL,"101,832",$161.88,516 mi,279,$0.3137
DEN,BIL,"101,776",$218.33,469 mi,279,$0.4655
SFO,SAL,"101,759",$323.56,"2,562 mi",279,$0.1263
MIA,KIN,"101,666",$223.73,605 mi,279,$0.3698
HOU,IND,"101,626",$263.35,836 mi,278,$0.3150
LAX,BDL,"101,618",$318.04,"2,445 mi",278,$0.1301
DFW,XNA,"101,543",$297.81,289 mi,278,$1.0305
BWI,ABQ,"101,538",$312.38,"1,616 mi",278,$0.1933
HNL,IAH,"101,535",$611.26,"4,014 mi",278,$0.1523
DFW,HRL,"101,518",$235.51,476 mi,278,$0.4948
ORD,ICN,"101,314","$1,357.63","6,340 mi",278,$0.2141
SFO,EUG,"101,307",$174.89,438 mi,278,$0.3993
PHX,RSW,"101,254",$319.11,"1,921 mi",277,$0.1661
SFO,BZN,"101,251",$272.59,831 mi,277,$0.3280
DAL,SLC,"101,040",$234.36,"1,028 mi",277,$0.2280
IAD,LIS,"101,028",$602.93,"3,476 mi",277,$0.1735
SFO,ORY,"100,879",$309.87,"5,412 mi",276,$0.0573
IAH,SGN,"100,793",$630.73,"8,982 mi",276,$0.0702
IAH,CDG,"100,749",$983.18,"5,165 mi",276,$0.1904
DFW,LBB,"100,733",$171.52,289 mi,276,$0.5935
ORD,HPN,"100,599",$332.64,758 mi,276,$0.4388
AUS,IAH,"100,524",$143.33,144 mi,275,$0.9953
HOU,SMF,"100,505",$334.89,"1,572 mi",275,$0.2130
MDW,MLM,"100,452",$59.55,"1,754 mi",275,$0.0340
IAH,XPL,"100,329",$181.83,"1,144 mi",275,$0.1589
IAH,YVR,"100,280",$348.84,"1,910 mi",275,$0.1826
CLE,STL,"100,265",$213.92,501 mi,275,$0.4270
PHL,MYR,"99,968",$170.19,460 mi,274,$0.3700
ATL,ALB,"99,649",$266.04,879 mi,273,$0.3027
ORD,BTV,"99,564",$251.73,784 mi,273,$0.3211
DTW,SNA,"99,541",$408.56,"1,897 mi",273,$0.2154
LAX,CAN,"99,502",$615.30,"7,002 mi",273,$0.0879
IAD,DXB,"99,424","$1,256.37","6,843 mi",272,$0.1836
IAH,NRT,"99,398",$663.19,"6,828 mi",272,$0.0971
FLL,PNS,"99,312",$178.83,541 mi,272,$0.3306
SFO,CMH,"99,308",$339.90,"2,053 mi",272,$0.1656
BOS,ATH,"99,303",$634.85,"4,601 mi",272,$0.1380
ORD,ORF,"99,245",$190.14,695 mi,272,$0.2736
JFK,CAN,"99,195",$787.19,"7,749 mi",272,$0.1016
PDX,ABQ,"99,036",$210.48,"1,143 mi",271,$0.1841
CLT,RIC,"99,034",$277.38,248 mi,271,$1.1185
EWR,PWM,"99,023",$170.36,293 mi,271,$0.5814
SEA,DUB,"99,005",$573.39,"4,662 mi",271,$0.1230
MCO,YHZ,"98,911",$175.99,"1,453 mi",271,$0.1211
MCI,SMF,"98,910",$264.85,"1,481 mi",271,$0.1788
LGA,CAE,"98,876",$249.99,598 mi,271,$0.4180
DEN,YYC,"98,765",$223.88,871 mi,271,$0.2570
BNA,BDL,"98,750",$266.00,824 mi,271,$0.3228
IAD,JAX,"98,742",$205.38,612 mi,271,$0.3356
DEN,FSD,"98,634",$154.29,497 mi,270,$0.3104
BOS,NAS,"98,577",$259.21,"1,290 mi",270,$0.2009
BOS,SMF,"98,509",$263.29,"2,708 mi",270,$0.0972
MCO,YVR,"98,483",$254.88,"2,545 mi",270,$0.1001
MSP,YYZ,"98,457",$253.26,697 mi,270,$0.3634
TPA,ALB,"98,330",$228.33,"1,165 mi",269,$0.1960
ORD,HKG,"98,251","$1,346.70","7,548 mi",269,$0.1784
LAX,LGA,"98,225",$265.46,"2,538 mi",269,$0.1046
SEA,DEL,"98,210",$529.86,"7,258 mi",269,$0.0730
JFK,TIA,"98,145",$270.88,"4,468 mi",269,$0.0606
LAS,FRA,"97,964",$584.92,"5,402 mi",268,$0.1083
BWI,SDF,"97,944",$191.86,479 mi,268,$0.4005
MSP,PVR,"97,929",$259.60,"1,862 mi",268,$0.1394
ATL,SJD,"97,927",$453.54,"1,642 mi",268,$0.2762
SLC,LHR,"97,905","$1,021.28","4,707 mi",268,$0.2170
SFO,TUS,"97,883",$226.76,774 mi,268,$0.2930
TPA,HPN,"97,837",$176.83,"1,002 mi",268,$0.1765
JFK,BKK,"97,795",$890.47,"8,926 mi",268,$0.0998
LAS,SCK,"97,759",$41.92,347 mi,268,$0.1208
AUS,CLE,"97,709",$227.75,"1,209 mi",268,$0.1884
ANC,DFW,"97,692",$438.44,"2,947 mi",268,$0.1488
ORD,GSO,"97,676",$226.08,571 mi,268,$0.3959
PIT,SAN,"97,621",$253.93,"2,165 mi",267,$0.1173
DEN,KOA,"97,587",$543.74,"3,425 mi",267,$0.1588
CLE,RDU,"97,577",$168.92,428 mi,267,$0.3947
DAL,ONT,"97,507",$231.50,"1,161 mi",267,$0.1994
DEN,YYZ,"97,467",$325.02,"1,273 mi",267,$0.2553
DEN,XNA,"97,382",$187.96,597 mi,267,$0.3148
PHX,SDF,"97,381",$306.92,"1,458 mi",267,$0.2105
LAX,STS,"97,277",$157.91,412 mi,267,$0.3833
MCO,GIG,"97,274",$502.94,"4,223 mi",267,$0.1191
SEA,MNL,"97,225",$502.39,"6,852 mi",266,$0.0733
DFW,EGE,"97,182",$317.31,742 mi,266,$0.4276
MCO,ABQ,"97,096",$265.62,"1,504 mi",266,$0.1766
MDW,OAK,"97,085",$235.36,"1,785 mi",266,$0.1319
SFO,LIS,"97,072",$674.98,"5,838 mi",266,$0.1156
EWR,LIM,"96,977",$530.41,"3,538 mi",266,$0.1499
EWR,PLS,"96,774",$324.95,"1,351 mi",265,$0.2405
LGA,TUL,"96,612",$280.89,"1,191 mi",265,$0.2358
MSP,PUJ,"96,596",$279.46,"2,382 mi",265,$0.1173
BOS,SDF,"96,564",$262.25,852 mi,265,$0.3078
DEN,EUG,"96,487",$230.31,"1,024 mi",264,$0.2249
IAD,LGA,"96,480",$213.33,235 mi,264,$0.9078
DFW,AMA,"96,353",$177.01,321 mi,264,$0.5514
DTW,SJU,"96,301",$316.06,"1,875 mi",264,$0.1686
AUS,BUR,"96,230",$256.63,"1,275 mi",264,$0.2013
EWR,MKE,"96,120",$283.31,745 mi,263,$0.3803
CLT,YYZ,"96,098",$267.92,607 mi,263,$0.4414
JFK,GIG,"95,972",$840.95,"4,659 mi",263,$0.1805
HOU,SJC,"95,966",$295.84,"1,570 mi",263,$0.1884
SAT,SFO,"95,867",$305.17,"1,437 mi",263,$0.2124
JAX,PIT,"95,816",$188.49,717 mi,263,$0.2629
BNA,RIC,"95,809",$246.13,542 mi,262,$0.4541
JFK,LIR,"95,797",$368.49,"2,131 mi",262,$0.1729
MIA,AMS,"95,744",$693.51,"4,486 mi",262,$0.1546
PDX,TUS,"95,737",$194.16,"1,154 mi",262,$0.1682
MEM,MIA,"95,564",$336.47,886 mi,262,$0.3798
DEN,RDM,"95,535",$240.49,923 mi,262,$0.2606
SEA,JNU,"95,440",$257.26,934 mi,261,$0.2754
DCA,HSV,"95,426",$315.89,630 mi,261,$0.5014
JAX,SEA,"95,401",$363.17,"2,366 mi",261,$0.1535
HNL,IAD,"95,395",$862.23,"4,953 mi",261,$0.1741
SLC,ABQ,"95,256",$255.75,478 mi,261,$0.5350
FLL,MYR,"95,199",$197.74,547 mi,261,$0.3615
MIA,XPL,"95,177",$283.32,942 mi,261,$0.3008
DEN,PBI,"95,154",$296.44,"1,728 mi",261,$0.1716
LGA,PWM,"95,048",$219.89,277 mi,260,$0.7938
HOU,CMH,"95,028",$277.78,"1,031 mi",260,$0.2694
SLC,IND,"95,008",$330.56,"1,392 mi",260,$0.2375
EWR,BZN,"95,001",$408.23,"1,933 mi",260,$0.2112
DAL,LBB,"94,976",$184.86,284 mi,260,$0.6509
MCI,SAT,"94,901",$242.30,729 mi,260,$0.3324
MIA,LIS,"94,836",$508.96,"4,273 mi",260,$0.1191
ANC,LAS,"94,787",$297.85,"2,370 mi",260,$0.1257
JFK,BDA,"94,673",$197.54,739 mi,259,$0.2673
BOS,HKG,"94,625","$1,756.74","8,196 mi",259,$0.2143
PHX,BUF,"94,622",$290.94,"1,965 mi",259,$0.1481
MDW,OMA,"94,555",$189.92,409 mi,259,$0.4644
LAS,BHM,"94,505",$304.34,"1,662 mi",259,$0.1831
IAD,DEL,"94,484",$701.59,"7,717 mi",259,$0.0909
ATL,SYR,"94,442",$240.48,818 mi,259,$0.2940
BOS,MBJ,"94,409",$223.36,"1,749 mi",259,$0.1277
ORD,MDT,"94,327",$259.15,575 mi,258,$0.4507
SFO,YUL,"94,327",$381.45,"2,457 mi",258,$0.1553
HOU,OAK,"94,298",$289.42,"1,688 mi",258,$0.1715
AUS,MKE,"94,265",$236.52,"1,064 mi",258,$0.2223
MCO,AMS,"94,181",$602.04,"4,394 mi",258,$0.1370
RDU,PVD,"94,156",$136.64,549 mi,258,$0.2489
DEN,SYR,"94,110",$287.86,"1,533 mi",258,$0.1878
DTW,MEM,"94,062",$276.15,592 mi,258,$0.4665
DFW,ICN,"94,015","$1,061.69","7,031 mi",258,$0.1510
ANC,ADQ,"94,007",$198.99,260 mi,258,$0.7653
LAX,BNE,"93,942","$1,031.08","6,951 mi",257,$0.1483
DFW,GUA,"93,918",$311.35,"1,370 mi",257,$0.2273
DFW,OGG,"93,898",$515.40,"3,594 mi",257,$0.1434
BUR,STS,"93,894",$126.29,375 mi,257,$0.3368
SAN,LIH,"93,836",$320.63,"2,592 mi",257,$0.1237
PDX,LHR,"93,825",$900.28,"5,046 mi",257,$0.1784
LGA,AVL,"93,761",$222.94,616 mi,257,$0.3619
HOU,TUL,"93,703",$202.46,468 mi,257,$0.4326
LGA,PHX,"93,676",$260.59,"2,208 mi",257,$0.1180
MSP,DUB,"93,674",$547.42,"3,836 mi",257,$0.1427
ANC,DEN,"93,612",$418.56,"2,328 mi",256,$0.1798
FLL,CTG,"93,571",$105.80,"1,088 mi",256,$0.0972
BOS,YVR,"93,428",$300.87,"2,582 mi",256,$0.1165
AUS,MEX,"93,400",$179.62,726 mi,256,$0.2474
DTW,CDG,"93,393",$735.40,"4,070 mi",256,$0.1807
PDX,TPA,"93,383",$249.11,"2,569 mi",256,$0.0970
EWR,ZRH,"93,306","$1,195.65","4,053 mi",256,$0.2950
ORD,MLM,"93,287",$95.75,"1,660 mi",256,$0.0577
HOU,MEM,"93,285",$182.52,469 mi,256,$0.3892
SFO,MAD,"93,284",$780.05,"5,624 mi",256,$0.1387
ORD,BOI,"93,163",$277.82,"1,476 mi",255,$0.1882
SAN,STS,"93,067",$176.03,524 mi,255,$0.3359
BWI,BUF,"93,013",$193.53,289 mi,255,$0.6697
PDX,PHL,"92,974",$337.93,"2,472 mi",255,$0.1367
PHX,RIC,"92,932",$281.65,"2,020 mi",255,$0.1394
HOU,RDU,"92,912",$281.64,"1,018 mi",255,$0.2767
OGG,ITO,"92,828",$98.73,125 mi,254,$0.7898
LAX,RDM,"92,822",$215.91,705 mi,254,$0.3063
IAD,FRA,"92,694",$800.47,"4,192 mi",254,$0.1910
SFO,ZRH,"92,644","$1,466.60","5,651 mi",254,$0.2595
DTW,PUJ,"92,636",$336.54,"1,799 mi",254,$0.1871
IAH,MNL,"92,489",$737.53,"8,780 mi",253,$0.0840
JFK,CPH,"92,474",$529.63,"3,730 mi",253,$0.1420
DAL,COS,"92,267",$205.03,584 mi,253,$0.3511
IAD,AMS,"92,209",$663.23,"3,741 mi",253,$0.1773
BNA,LGB,"92,118",$280.04,"1,728 mi",252,$0.1621
LAX,PBI,"92,052",$358.82,"2,256 mi",252,$0.1591
ATL,BOG,"92,026",$325.44,"2,043 mi",252,$0.1593
JFK,SMF,"92,003",$226.32,"2,590 mi",252,$0.0874
MDW,PIT,"91,989",$183.10,389 mi,252,$0.4707
ANC,ORD,"91,791",$402.21,"2,924 mi",251,$0.1376
PHL,PWM,"91,768",$356.98,353 mi,251,$1.0113
BWI,CMH,"91,729",$212.82,346 mi,251,$0.6151
IAD,PDX,"91,712",$330.31,"2,251 mi",251,$0.1467
FLL,CLO,"91,700",$127.09,"1,623 mi",251,$0.0783
DFW,MDW,"91,697",$88.69,773 mi,251,$0.1147
ORD,KRK,"91,659",$407.42,"4,584 mi",251,$0.0889
ATL,YYC,"91,656",$295.83,"1,855 mi",251,$0.1595
MIA,RIC,"91,565",$271.63,803 mi,251,$0.3383
DCA,BHM,"91,559",$266.06,673 mi,251,$0.3953
LAS,CHS,"91,548",$322.09,"1,941 mi",251,$0.1659
CVG,SFO,"91,493",$290.38,"2,093 mi",251,$0.1387
ORD,LIS,"91,477",$481.32,"4,119 mi",251,$0.1169
LAS,LGA,"91,276",$265.47,"2,170 mi",250,$0.1223
ATL,PNS,"91,225",$178.58,264 mi,250,$0.6764
ORD,IND,"91,222",$150.68,182 mi,250,$0.8279
JFK,HYD,"91,209",$927.76,"8,300 mi",250,$0.1118
DFW,SGF,"91,157",$382.11,375 mi,250,$1.0190
DCA,SDF,"91,143",$213.01,458 mi,250,$0.4651
BNA,OMA,"91,127",$247.26,630 mi,250,$0.3925
LAS,HND,"91,080","$1,043.97","5,702 mi",250,$0.1831
DEN,RAP,"91,078",$224.94,310 mi,250,$0.7256
MCO,STT,"91,073",$182.45,"1,210 mi",250,$0.1508
BOS,ZRH,"91,042","$1,334.06","3,622 mi",249,$0.3683
ATL,HND,"91,000","$1,593.31","7,074 mi",249,$0.2252
LGA,SAT,"90,982",$276.63,"1,632 mi",249,$0.1695
LAX,DEL,"90,977",$756.22,"8,240 mi",249,$0.0918
BWI,SMF,"90,971",$312.21,"2,461 mi",249,$0.1269
PHX,YEG,"90,897",$203.53,"1,334 mi",249,$0.1526
CLT,GRR,"90,803",$278.73,566 mi,249,$0.4925
PHX,LIH,"90,713",$426.96,"3,063 mi",249,$0.1394
DTW,LHR,"90,632",$909.19,"3,643 mi",248,$0.2496
EWR,YYC,"90,625",$378.24,"1,956 mi",248,$0.1934
MCO,SNA,"90,592",$336.22,"2,118 mi",248,$0.1587
JFK,KEF,"90,577",$274.35,"2,665 mi",248,$0.1029
DAL,MKE,"90,553",$260.57,877 mi,248,$0.2971
LAX,MXP,"90,528",$678.29,"6,205 mi",248,$0.1093
MIA,TLH,"90,527",$302.87,391 mi,248,$0.7746
JFK,CUR,"90,395",$286.98,"1,927 mi",248,$0.1489
MSP,TUS,"90,282",$236.37,"1,258 mi",247,$0.1879
ANC,JNU,"90,247",$252.74,586 mi,247,$0.4313
DCA,PNS,"90,147",$273.20,792 mi,247,$0.3449
DEN,PWM,"90,129",$309.60,"1,830 mi",247,$0.1692
CLT,MEX,"90,124",$313.27,"1,599 mi",247,$0.1959
LAX,MKE,"90,038",$266.90,"1,806 mi",247,$0.1478
ATL,GSO,"89,966",$240.86,297 mi,246,$0.8110
AUS,LGA,"89,939",$230.79,"1,472 mi",246,$0.1568
SFO,RNO,"89,928",$209.15,198 mi,246,$1.0563
LAX,CHS,"89,851",$311.25,"2,135 mi",246,$0.1458
HOU,SAT,"89,841",$171.22,186 mi,246,$0.9205
EWR,GRU,"89,770","$1,192.49","4,631 mi",246,$0.2575
ATL,LIT,"89,727",$229.62,466 mi,246,$0.4927
EWR,LIR,"89,705",$373.26,"2,126 mi",246,$0.1756
PDX,SJD,"89,562",$251.08,"1,659 mi",245,$0.1513
LAX,RIC,"89,554",$278.20,"2,231 mi",245,$0.1247
SAN,CMH,"89,491",$270.63,"1,901 mi",245,$0.1424
DEN,CDG,"89,488",$811.93,"5,013 mi",245,$0.1620
BOS,MEX,"89,464",$373.83,"2,345 mi",245,$0.1594
SFO,HYD,"89,367",$979.69,"8,160 mi",245,$0.1201
JFK,TAS,"89,267",$564.96,"6,133 mi",245,$0.0921
ATL,HNL,"89,084",$735.29,"4,629 mi",244,$0.1588
HNL,FUK,"89,049",$455.78,"4,521 mi",244,$0.1008
MIA,BGI,"88,997",$320.60,"1,563 mi",244,$0.2051
BNA,PBI,"88,965",$240.74,736 mi,244,$0.3271
CLE,SAN,"88,919",$295.25,"2,083 mi",244,$0.1417
FLL,BAQ,"88,918",$134.72,"1,139 mi",244,$0.1183
MIA,MXP,"88,899",$502.16,"5,069 mi",244,$0.0991
MCO,ORH,"88,711",$141.14,"1,125 mi",243,$0.1255
BWI,LHR,"88,710",$637.53,"3,515 mi",243,$0.1814
IAD,HYD,"88,648",$493.83,"8,502 mi",243,$0.0581
LAS,BZN,"88,602",$179.42,681 mi,243,$0.2635
HNL,MNL,"88,566",$670.29,"5,453 mi",243,$0.1229
ATL,ROC,"88,443",$236.58,772 mi,242,$0.3065
HNL,NGO,"88,404",$468.16,"4,139 mi",242,$0.1131
RDU,CMH,"88,311",$185.90,373 mi,242,$0.4984
IAD,RSW,"88,295",$236.65,920 mi,242,$0.2572
JFK,NAP,"88,277",$593.76,"4,258 mi",242,$0.1394
LGA,MSN,"88,165",$363.83,834 mi,242,$0.4362
MSP,BOI,"88,126",$289.23,"1,173 mi",241,$0.2466
DFW,SAF,"88,059",$259.41,533 mi,241,$0.4867
ATL,BCN,"88,011",$693.33,"4,710 mi",241,$0.1472
MCO,GUA,"87,996",$97.81,"1,158 mi",241,$0.0845
SLC,BOI,"87,858",$275.85,299 mi,241,$0.9226
PIT,SLC,"87,841",$318.97,"1,705 mi",241,$0.1871
LGA,DSM,"87,780",$273.98,"1,059 mi",240,$0.2587
FLL,FPO,"87,773",$86.79,93 mi,240,$0.9332
BUR,DAL,"87,749",$282.70,"1,277 mi",240,$0.2214
PHL,DUB,"87,679",$567.03,"3,362 mi",240,$0.1687
PHX,CDG,"87,679",$757.63,"5,632 mi",240,$0.1345
SEA,STS,"87,594",$221.31,637 mi,240,$0.3474
MCO,ONT,"87,542",$270.34,"2,232 mi",240,$0.1211
PHX,BHM,"87,510",$271.23,"1,408 mi",240,$0.1926
CLT,ROC,"87,465",$227.07,556 mi,240,$0.4084
JFK,BLR,"87,404","$1,006.32","8,044 mi",239,$0.1251
HOU,HRL,"87,400",$132.31,285 mi,239,$0.4642
ORD,JAC,"87,354",$381.84,"1,124 mi",239,$0.3397
PHX,KOA,"87,347",$410.47,"2,942 mi",239,$0.1395
EWR,BER,"87,343",$855.69,"4,102 mi",239,$0.2086
TPA,TTN,"87,187",$77.62,986 mi,239,$0.0787
ORD,AVL,"87,170",$239.75,552 mi,239,$0.4343
CLE,JFK,"87,137",$145.50,437 mi,239,$0.3330
DEN,ALB,"87,136",$309.44,"1,558 mi",239,$0.1986
MCO,HSV,"87,122",$219.43,520 mi,239,$0.4220
ATL,ECP,"87,025",$164.14,233 mi,238,$0.7045
ORD,WAW,"87,024",$425.35,"4,812 mi",238,$0.0884
IAD,CHS,"86,926",$200.93,455 mi,238,$0.4416
DCA,SRQ,"86,844",$262.68,827 mi,238,$0.3176
CLT,OMA,"86,809",$250.11,885 mi,238,$0.2826
BNA,PNS,"86,785",$216.26,380 mi,238,$0.5691
DFW,CRP,"86,754",$189.70,366 mi,238,$0.5183
ORD,SJC,"86,744",$326.65,"1,770 mi",238,$0.1845
DCA,SAV,"86,676",$213.61,536 mi,237,$0.3985
MIA,MNL,"86,635",$734.62,"9,583 mi",237,$0.0767
DAL,PIT,"86,630",$248.72,"1,091 mi",237,$0.2280
BNA,BUR,"86,555",$290.52,"1,732 mi",237,$0.1677
SFO,SYD,"86,499","$1,665.51","7,647 mi",237,$0.2178
ATL,EYW,"86,470",$274.58,667 mi,237,$0.4117
DTW,SAV,"86,421",$262.39,686 mi,237,$0.3825
ATL,FRA,"86,235",$756.19,"4,742 mi",236,$0.1595
BOS,SNN,"86,233",$510.76,"2,800 mi",236,$0.1824
ANC,SFO,"86,213",$334.42,"2,075 mi",236,$0.1612
SAN,EUG,"86,137",$177.91,877 mi,236,$0.2029
PHX,MSN,"85,983",$327.32,"1,436 mi",236,$0.2279
SFO,PPT,"85,855",$446.53,"4,076 mi",235,$0.1096
LAX,CPH,"85,784",$488.62,"5,442 mi",235,$0.0898
MCO,AUA,"85,760",$245.71,"1,359 mi",235,$0.1808
SLC,SJD,"85,721",$284.41,"1,263 mi",235,$0.2252
EWR,BQN,"85,718",$265.45,"1,541 mi",235,$0.1723
DCA,ABQ,"85,664",$290.92,"1,598 mi",235,$0.1821
IAH,QRO,"85,609",$163.70,693 mi,235,$0.2362
ATL,LIR,"85,514",$395.97,"1,546 mi",234,$0.2561
MIA,MTY,"85,500",$149.09,"1,269 mi",234,$0.1175
MEM,PHL,"85,366",$257.76,847 mi,234,$0.3043
PDX,FAT,"85,278",$179.68,646 mi,234,$0.2781
ATL,SDQ,"85,229",$281.16,"1,349 mi",234,$0.2084
BNA,STL,"85,081",$205.47,280 mi,233,$0.7338
JFK,OTP,"85,042",$589.52,"4,884 mi",233,$0.1207
MCO,ELP,"85,020",$282.63,"1,559 mi",233,$0.1813
ATL,PWM,"84,944",$336.63,"1,057 mi",233,$0.3185
DFW,FCO,"84,912",$716.92,"5,769 mi",233,$0.1243
DFW,LIT,"84,898",$290.88,313 mi,233,$0.9293
SEA,ORF,"84,874",$345.63,"2,359 mi",233,$0.1465
IAH,ECP,"84,807",$239.49,553 mi,232,$0.4331
AUS,YYZ,"84,766",$418.23,"1,399 mi",232,$0.2989
IAH,MKE,"84,684",$296.59,"1,015 mi",232,$0.2922
JAX,IND,"84,670",$201.35,667 mi,232,$0.3019
MIA,AUA,"84,649",$161.68,"1,102 mi",232,$0.1467
EWR,GUA,"84,642",$291.89,"1,993 mi",232,$0.1465
LAX,SDF,"84,545",$294.57,"1,783 mi",232,$0.1652
BOS,BZN,"84,524",$304.80,"2,046 mi",232,$0.1490
IAH,TYS,"84,503",$278.83,794 mi,232,$0.3512
LAX,LIM,"84,461",$614.72,"4,051 mi",231,$0.1517
BNA,SAV,"84,361",$214.92,430 mi,231,$0.4998
MCI,RSW,"84,353",$281.11,"1,121 mi",231,$0.2508
MIA,GDL,"84,235",$182.39,"1,460 mi",231,$0.1249
EWR,BOG,"84,233",$344.38,"2,562 mi",231,$0.1344
STL,PUJ,"84,143",$178.14,"1,977 mi",231,$0.0901
IAD,ATH,"84,132",$671.82,"5,001 mi",230,$0.1343
DCA,MSN,"84,128",$268.11,727 mi,230,$0.3688
IAH,RIC,"84,101",$322.79,"1,191 mi",230,$0.2710
IAD,BOG,"84,100",$292.26,"2,304 mi",230,$0.1268
JFK,SAT,"83,879",$261.65,"1,537 mi",230,$0.1702
TPA,HVN,"83,855",$139.58,"1,100 mi",230,$0.1269
MSP,SJD,"83,817",$295.00,"1,713 mi",230,$0.1722
MSY,PDX,"83,799",$233.34,"2,109 mi",230,$0.1106
DAL,MAF,"83,737",$190.76,308 mi,229,$0.6194
MCI,OAK,"83,636",$299.80,"1,530 mi",229,$0.1959
BNA,GRR,"83,568",$175.38,457 mi,229,$0.3838
MCO,TUL,"83,540",$232.65,"1,035 mi",229,$0.2248
LAX,LIS,"83,447",$677.12,"5,507 mi",229,$0.1230
LAS,LIT,"83,405",$274.16,"1,331 mi",229,$0.2060
EWR,BUF,"83,391",$172.90,274 mi,228,$0.6310
SEA,YVR,"83,370",$118.81,123 mi,228,$0.9659
PIT,STL,"83,346",$231.01,569 mi,228,$0.4060
MDW,ABQ,"83,328",$246.89,"1,085 mi",228,$0.2275
LAX,ASE,"83,297",$366.90,714 mi,228,$0.5139
JFK,CMH,"83,206",$164.16,496 mi,228,$0.3310
MDW,ONT,"83,197",$310.41,"1,651 mi",228,$0.1880
MCO,HND,"83,143","$1,134.60","7,487 mi",228,$0.1515
SFO,CAN,"83,094",$533.75,"6,677 mi",228,$0.0799
SEA,MEX,"83,051",$420.47,"2,264 mi",228,$0.1857
DCA,BTV,"82,723",$253.18,450 mi,227,$0.5626
OGG,SLC,"82,697",$435.85,"2,844 mi",227,$0.1533
PHX,RDM,"82,677",$236.77,920 mi,227,$0.2574
EWR,FRA,"82,642",$784.33,"3,975 mi",226,$0.1973
MCI,SFO,"82,637",$336.41,"1,541 mi",226,$0.2183
ORD,PVD,"82,580",$278.36,822 mi,226,$0.3386
SAN,ELP,"82,440",$260.28,652 mi,226,$0.3992
IAD,IST,"82,393",$589.05,"5,368 mi",226,$0.1097
LAS,DUB,"82,391",$509.50,"5,089 mi",226,$0.1001
DTW,BDL,"82,298",$260.25,531 mi,225,$0.4901
IAH,PVR,"82,038",$256.74,919 mi,225,$0.2794
MIA,PNS,"82,034",$289.25,514 mi,225,$0.5627
MCO,TYS,"82,021",$235.07,518 mi,225,$0.4538
ORD,DSM,"82,011",$189.46,289 mi,225,$0.6556
DEN,ICT,"81,992",$168.99,406 mi,225,$0.4162
JFK,AMD,"81,963",$598.78,"7,308 mi",225,$0.0819
MIA,SDF,"81,951",$275.46,886 mi,225,$0.3109
BOS,ICN,"81,923","$1,535.68","7,016 mi",224,$0.2189
LAX,MUC,"81,839","$1,001.23","6,154 mi",224,$0.1627
IAH,BZE,"81,700",$242.74,938 mi,224,$0.2588
TPA,MEX,"81,621",$165.39,"1,235 mi",224,$0.1339
MDW,SLC,"81,498",$253.71,"1,293 mi",223,$0.1962
HOU,SJO,"81,477",$201.48,"1,580 mi",223,$0.1275
ATL,GUA,"81,458",$269.56,"1,330 mi",223,$0.2027
DEN,MTJ,"81,448",$171.81,202 mi,223,$0.8505
CLT,CVG,"81,430",$265.16,345 mi,223,$0.7686
DCA,PIT,"81,358",$198.51,210 mi,223,$0.9453
JFK,CLO,"81,276",$307.12,"2,491 mi",223,$0.1233
LAX,ORF,"81,263",$280.17,"2,437 mi",223,$0.1150
ORD,FRA,"81,243",$925.96,"4,461 mi",223,$0.2076
ORD,OKC,"81,233",$226.53,671 mi,223,$0.3376
MIA,YVR,"81,226",$369.22,"2,882 mi",223,$0.1281
BOS,ILM,"81,078",$136.65,692 mi,222,$0.1975
EWR,EDI,"81,052",$481.92,"3,357 mi",222,$0.1436
JFK,CMN,"80,950",$498.83,"3,709 mi",222,$0.1345
EWR,BOM,"80,939",$832.57,"8,029 mi",222,$0.1037
LGA,SMF,"80,937",$275.62,"2,583 mi",222,$0.1067
ATL,YVR,"80,886",$302.62,"2,311 mi",222,$0.1309
EWR,RIC,"80,765",$226.30,270 mi,221,$0.8381
IAH,BHM,"80,637",$257.89,544 mi,221,$0.4741
ORD,BHM,"80,559",$257.45,567 mi,221,$0.4541
DEN,GSP,"80,539",$270.30,"1,314 mi",221,$0.2057
BNA,BUF,"80,525",$223.04,652 mi,221,$0.3421
SJC,SJD,"80,512",$189.58,"1,257 mi",221,$0.1508
SLC,CMH,"80,487",$336.31,"1,478 mi",221,$0.2275
ATL,TUS,"80,441",$322.05,"1,492 mi",220,$0.2159
JFK,SYR,"80,368",$89.70,215 mi,220,$0.4172
DEN,FAT,"80,318",$247.31,867 mi,220,$0.2852
IAD,CAI,"80,140",$442.00,"5,655 mi",220,$0.0782
JFK,JED,"80,076",$439.36,"6,162 mi",219,$0.0713
BNA,ALB,"80,062",$238.53,799 mi,219,$0.2985
DFW,JAC,"80,057",$371.80,"1,015 mi",219,$0.3663
PDX,PVR,"79,957",$261.71,"2,041 mi",219,$0.1282
DTW,AMS,"79,835",$846.32,"4,047 mi",219,$0.2091
MSY,PIT,"79,809",$230.17,890 mi,219,$0.2586
HOU,SLC,"79,745",$280.03,"1,249 mi",218,$0.2242
LAX,YEG,"79,666",$177.76,"1,318 mi",218,$0.1349
DFW,DRO,"79,641",$304.74,693 mi,218,$0.4397
PHX,CHS,"79,634",$302.26,"1,897 mi",218,$0.1593
BNA,SNA,"79,576",$335.40,"1,715 mi",218,$0.1956
RDU,CDG,"79,466",$718.67,"4,163 mi",218,$0.1726
SAT,SMF,"79,458",$239.97,"1,505 mi",218,$0.1594
CLE,PUJ,"79,371",$170.68,"1,715 mi",217,$0.0995
CLT,PWM,"79,360",$246.34,836 mi,217,$0.2947
EWR,GYE,"79,286",$210.02,"2,893 mi",217,$0.0726
DCA,SMF,"79,220",$248.80,"2,446 mi",217,$0.1017
SJC,NRT,"79,205",$243.85,"4,988 mi",217,$0.0489
LAX,EZE,"79,175",$849.37,"6,311 mi",217,$0.1346
FLL,ROC,"79,118",$160.66,"1,222 mi",217,$0.1315
CVG,CUN,"79,053",$211.91,"1,289 mi",217,$0.1644
BNA,ABQ,"79,004",$285.80,"1,086 mi",216,$0.2632
RDU,CUN,"78,988",$209.39,"1,170 mi",216,$0.1790
IAD,SAV,"78,981",$183.39,531 mi,216,$0.3454
DTW,HND,"78,976","$1,714.62","6,220 mi",216,$0.2757
ORD,BJX,"78,964",$135.75,"1,601 mi",216,$0.0848
AUS,HNL,"78,942",$374.39,"3,870 mi",216,$0.0967
SEA,NRT,"78,929",$755.88,"4,614 mi",216,$0.1638
BOS,MUC,"78,911",$943.17,"3,726 mi",216,$0.2531
MCI,IND,"78,883",$230.14,436 mi,216,$0.5278
PIT,CHS,"78,881",$155.37,541 mi,216,$0.2872
PIT,PBI,"78,855",$209.88,983 mi,216,$0.2135
CVG,JAX,"78,791",$196.69,597 mi,216,$0.3295
BNA,ORF,"78,770",$242.35,602 mi,216,$0.4026
SFO,ABQ,"78,716",$281.01,868 mi,216,$0.3237
HOU,PIT,"78,684",$263.68,"1,165 mi",216,$0.2263
CVG,CHS,"78,666",$172.73,512 mi,216,$0.3374
ATL,YUL,"78,619",$318.61,964 mi,215,$0.3305
CLT,MBJ,"78,611",$341.78,"1,204 mi",215,$0.2839
JFK,PWM,"78,574",$121.85,281 mi,215,$0.4336
AUS,RNO,"78,522",$253.31,"1,445 mi",215,$0.1753
MSP,CHS,"78,516",$257.86,"1,120 mi",215,$0.2302
PHL,EYW,"78,491",$278.38,"1,158 mi",215,$0.2404
BNA,DSM,"78,426",$170.22,514 mi,215,$0.3312
MCI,ABQ,"78,387",$242.43,739 mi,215,$0.3281
PHX,ICT,"78,163",$218.50,843 mi,214,$0.2592
SFO,IST,"78,100",$666.06,"6,890 mi",214,$0.0967
SLC,RNO,"78,015",$244.98,408 mi,214,$0.6004
SFO,GDL,"78,007",$174.26,"1,692 mi",214,$0.1030
ORD,ICT,"77,980",$198.73,569 mi,214,$0.3493
JFK,GCM,"77,980",$241.82,"1,587 mi",214,$0.1524
LAX,LGW,"77,960",$739.59,"5,302 mi",214,$0.1395
DEN,LIH,"77,949",$547.14,"3,511 mi",214,$0.1558
RDU,SAT,"77,925",$260.77,"1,186 mi",213,$0.2199
JAX,SJU,"77,893",$207.83,"1,327 mi",213,$0.1566
DAL,SNA,"77,886",$275.12,"1,249 mi",213,$0.2203
PHX,GRR,"77,829",$278.27,"1,524 mi",213,$0.1826
CLT,EYW,"77,826",$258.44,760 mi,213,$0.3401
FLL,GRR,"77,766",$217.07,"1,236 mi",213,$0.1756
MIA,ZRH,"77,749","$1,083.34","5,020 mi",213,$0.2158
LGA,ROC,"77,740",$186.59,262 mi,213,$0.7122
IAD,MSY,"77,689",$237.89,983 mi,213,$0.2420
LAS,TYS,"77,689",$260.61,"1,787 mi",213,$0.1458
ATL,TUL,"77,609",$250.14,652 mi,213,$0.3837
MEM,TPA,"77,541",$237.80,636 mi,212,$0.3739
BWI,HNL,"77,523",$477.91,"4,992 mi",212,$0.0957
MSY,CUN,"77,425",$152.22,674 mi,212,$0.2258
MCO,BOI,"77,406",$247.47,"2,258 mi",212,$0.1096
ATL,PTY,"77,400",$320.73,"1,779 mi",212,$0.1803
ATL,SAL,"77,377",$242.51,"1,382 mi",212,$0.1755
SFO,ATH,"77,274",$775.84,"6,997 mi",212,$0.1109
BWI,BDL,"77,245",$201.85,291 mi,212,$0.6936
ATL,AUA,"77,230",$404.77,"1,667 mi",212,$0.2428
LAX,ZRH,"77,204","$1,124.88","5,746 mi",212,$0.1958
ORD,FCA,"77,190",$308.82,"1,389 mi",211,$0.2223
PDX,CUN,"77,111",$216.14,"2,555 mi",211,$0.0846
BOS,TYS,"77,060",$241.97,804 mi,211,$0.3010
ATL,STT,"77,020",$440.06,"1,648 mi",211,$0.2670
SEA,SBP,"76,992",$199.73,823 mi,211,$0.2427
MCO,LBE,"76,960",$161.76,801 mi,211,$0.2019
CVG,SAN,"76,927",$297.74,"1,917 mi",211,$0.1553
PHL,CDG,"76,917",$597.48,"3,830 mi",211,$0.1560
MCO,MSN,"76,892",$257.65,"1,143 mi",211,$0.2254
MIA,HOG,"76,892",$141.95,441 mi,211,$0.3219
EWR,MCI,"76,802",$345.05,"1,122 mi",210,$0.3075
BOS,EDI,"76,786",$429.22,"2,968 mi",210,$0.1446
MSP,AMS,"76,722",$686.49,"4,279 mi",210,$0.1604
DCA,HNL,"76,696",$583.85,"4,977 mi",210,$0.1173
TPA,PWM,"76,609",$194.59,"1,316 mi",210,$0.1479
PHL,MKE,"76,577",$248.41,710 mi,210,$0.3499
FLL,STI,"76,544",$121.94,740 mi,210,$0.1648
DEN,ASE,"76,539",$226.35,121 mi,210,$1.8707
ATL,BZN,"76,528",$404.78,"1,687 mi",210,$0.2399
DCA,BUF,"76,478",$189.52,305 mi,210,$0.6214
HOU,ONT,"76,450",$282.48,"1,302 mi",209,$0.2170
EWR,BRU,"76,402",$536.76,"3,780 mi",209,$0.1420
JFK,ONT,"76,365",$207.55,"2,351 mi",209,$0.0883
ORD,LIT,"76,319",$216.79,570 mi,209,$0.3803
SLC,GEG,"76,304",$267.85,530 mi,209,$0.5054
ORD,TUL,"76,250",$236.65,603 mi,209,$0.3925
LAS,CDG,"76,129",$919.59,"5,266 mi",209,$0.1746
DFW,SRQ,"76,126",$278.19,972 mi,209,$0.2862
IAH,MEM,"76,052",$217.53,455 mi,208,$0.4781
CLE,SRQ,"76,052",$123.56,998 mi,208,$0.1238
MSY,LHR,"76,012",$700.74,"4,758 mi",208,$0.1473
MSP,GEG,"76,001",$273.04,"1,137 mi",208,$0.2401
EWR,SDF,"75,943",$246.66,622 mi,208,$0.3966
MCO,CAK,"75,881",$176.15,837 mi,208,$0.2105
SEA,PVG,"75,840",$865.11,"5,880 mi",208,$0.1471
DAL,OMA,"75,837",$209.39,605 mi,208,$0.3461
DFW,SYR,"75,814",$342.63,"1,295 mi",208,$0.2646
BNA,OKC,"75,767",$237.24,596 mi,208,$0.3981
MIA,ORF,"75,696",$286.52,780 mi,207,$0.3673
CVG,SAV,"75,681",$183.70,531 mi,207,$0.3460
LGA,CHO,"75,613",$255.85,296 mi,207,$0.8644
BWI,ALB,"75,608",$197.69,280 mi,207,$0.7060
DAL,ECP,"75,577",$214.89,692 mi,207,$0.3105
MIA,IST,"75,431",$635.10,"6,134 mi",207,$0.1035
TPA,SMF,"75,425",$267.55,"2,282 mi",207,$0.1172
DCA,TYS,"75,340",$241.70,449 mi,206,$0.5383
MCO,DSM,"75,336",$251.95,"1,175 mi",206,$0.2144
IAH,SDF,"75,266",$301.43,764 mi,206,$0.3945
MIA,DUB,"75,203",$436.32,"4,033 mi",206,$0.1082
STL,SRQ,"75,141",$219.06,932 mi,206,$0.2350
BWI,PWM,"75,120",$218.08,437 mi,206,$0.4990
MCO,MTY,"75,114",$215.80,"1,134 mi",206,$0.1903
OGG,ORD,"75,113",$737.54,"4,303 mi",206,$0.1714
DFW,PUJ,"75,105",$251.94,"2,092 mi",206,$0.1204
JFK,PRG,"75,076",$533.79,"4,192 mi",206,$0.1273
LAX,RSW,"75,000",$359.41,"2,301 mi",205,$0.1562
DCA,YUL,"74,979",$237.46,472 mi,205,$0.5031
JAX,MDW,"74,975",$226.74,876 mi,205,$0.2588
IAH,AMS,"74,936","$1,014.72","5,151 mi",205,$0.1970
FLL,BHM,"74,926",$197.38,631 mi,205,$0.3128
RDU,ROC,"74,845",$131.38,519 mi,205,$0.2531
FLL,SYR,"74,808",$165.99,"1,235 mi",205,$0.1344
JAX,RDU,"74,801",$214.11,420 mi,205,$0.5098
LAS,SJD,"74,786",$167.04,978 mi,205,$0.1708
CLT,SNA,"74,777",$381.60,"2,157 mi",205,$0.1769
AUS,SJD,"74,713",$255.73,861 mi,205,$0.2970
PHX,MFR,"74,668",$219.79,828 mi,205,$0.2654
SAT,CUN,"74,543",$200.75,903 mi,204,$0.2223
BWI,GSP,"74,536",$195.44,412 mi,204,$0.4744
MDW,GDL,"74,330",$140.76,"1,779 mi",204,$0.0791
DFW,MSN,"74,312",$378.40,797 mi,204,$0.4748
AUS,JAX,"74,306",$244.40,981 mi,204,$0.2491
ATL,ELP,"74,296",$290.97,"1,319 mi",204,$0.2206
JFK,LOS,"74,210",$531.58,"5,090 mi",203,$0.1044
LAX,MLM,"74,107",$112.03,"1,486 mi",203,$0.0754
EWR,ARN,"74,103",$547.44,"3,801 mi",203,$0.1440
MIA,GYE,"74,099",$305.46,"1,873 mi",203,$0.1631
LAX,ORY,"74,086",$250.94,"5,834 mi",203,$0.0430
LAS,ALB,"74,075",$308.69,"2,165 mi",203,$0.1426
FLL,ORH,"74,067",$144.87,"1,249 mi",203,$0.1160
MCO,CNF,"74,059",$414.05,"4,027 mi",203,$0.1028
SEA,MSO,"74,032",$173.37,400 mi,203,$0.4334
LAX,VCE,"74,013",$676.24,"5,960 mi",203,$0.1135
BOS,SAL,"74,006",$312.20,"2,339 mi",203,$0.1335
BOS,GRU,"73,982",$776.60,"4,664 mi",203,$0.1665
LAX,DPS,"73,960",$981.91,"8,369 mi",203,$0.1173
IAH,DXB,"73,933","$1,784.26","8,400 mi",203,$0.2124
ORD,HND,"73,927","$1,662.78","6,101 mi",203,$0.2725
BOS,GRR,"73,919",$220.30,760 mi,203,$0.2899
CLE,SLC,"73,877",$323.97,"1,514 mi",202,$0.2140
BOS,AVL,"73,869",$130.65,805 mi,202,$0.1623
FLL,STT,"73,797",$191.88,"1,140 mi",202,$0.1683
RDU,ALB,"73,789",$180.97,560 mi,202,$0.3232
ORD,MNL,"73,703",$687.45,"7,877 mi",202,$0.0873
ORD,RNO,"73,695",$327.35,"1,717 mi",202,$0.1907
RDU,PBI,"73,443",$202.20,621 mi,201,$0.3256
MSY,CHS,"73,404",$171.22,653 mi,201,$0.2622
ORD,SDF,"73,359",$204.67,296 mi,201,$0.6915
PDX,BZN,"73,307",$195.90,569 mi,201,$0.3443
BOS,MEM,"73,270",$329.28,"1,172 mi",201,$0.2810
IAH,MFE,"73,246",$180.50,307 mi,201,$0.5879
LAS,STS,"73,201",$121.25,439 mi,201,$0.2762
EWR,AVL,"73,037",$169.98,599 mi,200,$0.2838
PHL,FCO,"72,948",$422.85,"4,228 mi",200,$0.1000
MCO,CHS,"72,940",$198.80,308 mi,200,$0.6455
PHX,PSP,"72,912",$191.20,252 mi,200,$0.7587
ORD,FSD,"72,892",$224.14,447 mi,200,$0.5014
LAS,AMS,"72,763",$842.98,"5,502 mi",199,$0.1532
ONT,ORD,"72,756",$276.45,"1,645 mi",199,$0.1681
DTW,MDW,"72,700",$192.16,235 mi,199,$0.8177
CLT,ONT,"72,633",$287.50,"2,012 mi",199,$0.1429
DTW,ORF,"72,601",$229.07,513 mi,199,$0.4465
SLC,TUS,"72,564",$299.65,620 mi,199,$0.4833
AUS,ECP,"72,468",$188.51,687 mi,199,$0.2744
SJC,KOA,"72,466",$288.00,"2,311 mi",199,$0.1246
DEN,MAF,"72,458",$259.47,547 mi,199,$0.4744
SAN,MRY,"72,439",$150.17,364 mi,198,$0.4126
MCO,EDI,"72,391",$536.09,"4,282 mi",198,$0.1252
EWR,SAL,"72,369",$208.85,"2,150 mi",198,$0.0971
PHX,ORF,"72,352",$250.97,"2,086 mi",198,$0.1203
MIA,MID,"72,314",$121.81,662 mi,198,$0.1840
CLT,PUJ,"72,236",$349.41,"1,342 mi",198,$0.2604
EWR,GSP,"72,216",$231.75,576 mi,198,$0.4023
IAD,AUA,"72,165",$302.63,"1,827 mi",198,$0.1656
ORD,GEG,"72,149",$261.46,"1,539 mi",198,$0.1699
PHX,TYS,"72,124",$275.06,"1,644 mi",198,$0.1673
SLC,OMA,"72,061",$311.42,863 mi,197,$0.3609
SFO,GUA,"72,059",$323.42,"2,591 mi",197,$0.1248
SAN,RDM,"72,052",$197.19,849 mi,197,$0.2323
SAN,MKE,"71,954",$265.45,"1,684 mi",197,$0.1576
SAN,YYC,"71,890",$208.62,"1,242 mi",197,$0.1680
LGA,LIT,"71,863",$286.92,"1,051 mi",197,$0.2730
DEN,DUB,"71,812",$509.60,"4,511 mi",197,$0.1130
LAS,FSD,"71,748",$186.04,"1,135 mi",197,$0.1639
EWR,EYW,"71,721",$313.63,"1,162 mi",196,$0.2699
DEN,SRQ,"71,696",$284.66,"1,576 mi",196,$0.1806
MIA,CMW,"71,670",$118.95,329 mi,196,$0.3616
PHL,SDF,"71,643",$257.55,592 mi,196,$0.4351
ATL,GRU,"71,623",$955.03,"4,526 mi",196,$0.2110
EWR,CPH,"71,527",$519.09,"3,740 mi",196,$0.1388
BWI,CVG,"71,502",$204.43,416 mi,196,$0.4914
BOS,SYR,"71,478",$111.96,256 mi,196,$0.4373
JAX,BDL,"71,322",$201.05,963 mi,195,$0.2088
MDW,LGB,"71,314",$234.16,"1,686 mi",195,$0.1389
MCI,MKE,"71,303",$221.16,422 mi,195,$0.5241
JFK,SNA,"71,198",$502.83,"2,376 mi",195,$0.2116
HNL,MCO,"71,194",$489.49,"4,606 mi",195,$0.1063
DTW,GSP,"71,188",$325.07,524 mi,195,$0.6204
MIA,VVI,"71,094",$398.94,"3,311 mi",195,$0.1205
SFO,PAE,"71,091",$203.00,733 mi,195,$0.2769
FLL,YQB,"71,088",$254.19,"1,465 mi",195,$0.1735
JFK,LHE,"71,066",$568.51,"7,264 mi",195,$0.0783
DFW,SLP,"71,043",$172.31,750 mi,195,$0.2297
CLT,MDW,"71,041",$176.05,566 mi,195,$0.3110
PDX,STS,"70,979",$194.45,504 mi,194,$0.3858
IAH,FCO,"70,829",$657.94,"5,500 mi",194,$0.1196
JFK,BUD,"70,794",$419.32,"4,228 mi",194,$0.0992
IAH,XNA,"70,702",$246.91,426 mi,194,$0.5796
BWI,CLE,"70,693",$202.59,305 mi,194,$0.6642
MSY,IND,"70,643",$241.75,729 mi,194,$0.3316
AUS,SJU,"70,622",$273.95,"2,208 mi",193,$0.1241
BWI,BHM,"70,622",$237.62,701 mi,193,$0.3390
CLT,AUA,"70,446",$485.02,"1,762 mi",193,$0.2753
DEN,SGF,"70,420",$252.85,616 mi,193,$0.4105
FLL,PDX,"70,418",$272.42,"2,771 mi",193,$0.0983
HOU,PVR,"70,412",$231.97,852 mi,193,$0.2723
CLT,STT,"70,311",$332.95,"1,568 mi",193,$0.2123
MSP,HRL,"70,286",$128.90,"1,273 mi",193,$0.1013
FLL,SAP,"70,206",$163.73,861 mi,192,$0.1902
SEA,ELP,"70,166",$270.36,"1,326 mi",192,$0.2039
CLT,PLS,"70,122",$604.94,"1,098 mi",192,$0.5509
ORD,HYD,"70,105",$670.27,"8,501 mi",192,$0.0788
IAD,HND,"70,037","$1,813.68","6,970 mi",192,$0.2602
MCO,MDT,"69,991",$177.93,879 mi,192,$0.2024
MSP,SDF,"69,937",$302.27,621 mi,192,$0.4867
MSY,SAP,"69,923",$135.62,"1,045 mi",192,$0.1298
DFW,YUL,"69,918",$308.12,"1,466 mi",192,$0.2102
BNA,DUB,"69,908",$559.27,"3,779 mi",192,$0.1480
PHL,SMF,"69,861",$317.31,"2,526 mi",191,$0.1256
DCA,NAS,"69,816",$209.50,926 mi,191,$0.2262
IAD,PTY,"69,776",$391.28,"2,005 mi",191,$0.1952
FLL,GYE,"69,763",$130.45,"2,008 mi",191,$0.0650
BUR,MDW,"69,696",$282.13,"1,684 mi",191,$0.1675
EWR,MUC,"69,653","$1,018.57","4,162 mi",191,$0.2447
STL,OMA,"69,638",$230.09,331 mi,191,$0.6951
ORD,GUA,"69,570",$247.92,"1,842 mi",191,$0.1346
LAS,ATW,"69,564",$221.17,"1,462 mi",191,$0.1513
DCA,TUS,"69,539",$329.34,"2,010 mi",191,$0.1639
MIA,BHM,"69,471",$277.37,642 mi,190,$0.4320
IAD,BCN,"69,413",$612.90,"4,170 mi",190,$0.1470
MSP,RIC,"69,367",$303.93,998 mi,190,$0.3045
ORD,MYR,"69,289",$193.70,776 mi,190,$0.2496
CLT,ILM,"69,265",$142.15,191 mi,190,$0.7442
MIA,SAV,"69,229",$269.14,454 mi,190,$0.5928
IAH,ORF,"69,217",$286.72,"1,235 mi",190,$0.2322
ORD,SJO,"69,138",$415.40,"2,288 mi",189,$0.1816
EWR,SXM,"69,098",$421.32,"1,748 mi",189,$0.2410
SFO,DXB,"69,083","$1,674.83","7,847 mi",189,$0.2134
MIA,SMF,"69,002",$333.30,"2,472 mi",189,$0.1348
MCO,SJC,"68,985",$272.98,"2,344 mi",189,$0.1165
SFO,SJO,"68,985",$436.64,"2,950 mi",189,$0.1480
SLC,MKE,"68,969",$300.68,"1,207 mi",189,$0.2491
JFK,SGN,"68,931",$711.41,"8,615 mi",189,$0.0826
ORD,MXP,"68,819",$888.78,"4,375 mi",189,$0.2031
BWI,PDX,"68,763",$291.97,"2,281 mi",188,$0.1280
PHX,MRY,"68,745",$209.37,579 mi,188,$0.3616
SFO,MUC,"68,632","$1,292.29","5,688 mi",188,$0.2272
TPA,PNS,"68,608",$151.90,339 mi,188,$0.4481
ORD,BOG,"68,462",$265.79,"2,792 mi",188,$0.0952
PHL,GSP,"68,355",$263.70,499 mi,187,$0.5285
ATL,BOI,"68,311",$332.55,"1,890 mi",187,$0.1760
SLC,CDG,"68,289","$1,011.05","5,218 mi",187,$0.1938
MCO,ILM,"68,276",$199.30,465 mi,187,$0.4286
DFW,MTJ,"68,251",$297.73,699 mi,187,$0.4259
SEA,SGN,"68,154",$444.00,"7,637 mi",187,$0.0581
BOS,SNA,"68,129",$359.38,"2,664 mi",187,$0.1349
PHX,ALB,"68,110",$346.97,"2,219 mi",187,$0.1564
LAX,XNA,"68,081",$319.90,"1,409 mi",187,$0.2270
BUR,STL,"68,033",$327.60,"1,627 mi",186,$0.2014
LAS,LIH,"68,016",$379.67,"2,898 mi",186,$0.1310
CLT,VPS,"67,990",$232.31,446 mi,186,$0.5209
HOU,OMA,"67,980",$250.70,830 mi,186,$0.3020
MCO,BTV,"67,947",$175.27,"1,232 mi",186,$0.1423
HNL,PHL,"67,931",$525.86,"4,764 mi",186,$0.1104
MSP,SAV,"67,884",$260.89,"1,125 mi",186,$0.2319
IAH,LBB,"67,855",$204.05,471 mi,186,$0.4332
STL,LGB,"67,835",$301.02,"1,531 mi",186,$0.1966
JFK,SAP,"67,834",$138.56,"1,994 mi",186,$0.0695
SFO,LIM,"67,792",$469.89,"4,646 mi",186,$0.1011
CLE,MDW,"67,769",$169.72,315 mi,186,$0.5388
ATL,DUB,"67,753",$812.56,"3,811 mi",186,$0.2132
HOU,LIR,"67,714",$244.51,"1,414 mi",186,$0.1729
IAH,ABQ,"67,690",$274.46,721 mi,185,$0.3807
HNL,MSP,"67,684",$704.63,"4,085 mi",185,$0.1725
IAH,PUJ,"67,665",$307.98,"1,811 mi",185,$0.1701
ATL,DSM,"67,633",$289.85,765 mi,185,$0.3789
SFO,CPH,"67,581",$599.45,"5,308 mi",185,$0.1129
DFW,PVU,"67,511",$149.59,986 mi,185,$0.1517
EWR,STT,"67,511",$364.34,"1,589 mi",185,$0.2293
CLT,IAD,"67,489",$185.37,311 mi,185,$0.5960
MIA,STX,"67,464",$246.32,"1,173 mi",185,$0.2100
LAX,MFR,"67,331",$182.62,650 mi,184,$0.2810
DCA,SNA,"67,307",$349.88,"2,351 mi",184,$0.1488
SAN,OMA,"67,294",$247.78,"1,272 mi",184,$0.1948
DCA,DSM,"67,284",$268.65,868 mi,184,$0.3095
DEN,MFR,"67,268",$228.93,932 mi,184,$0.2456
MDW,SAV,"67,209",$209.77,735 mi,184,$0.2854
MIA,STI,"67,172",$238.40,736 mi,184,$0.3239
BOS,ROC,"67,170",$191.10,332 mi,184,$0.5756
EWR,NAP,"67,162",$654.24,"4,537 mi",184,$0.1442
MCO,MNL,"67,150",$793.06,"9,388 mi",184,$0.0845
JFK,OSL,"67,128",$480.59,"3,787 mi",184,$0.1269
ORD,FAR,"67,081",$239.14,573 mi,184,$0.4173
LAS,SJU,"67,073",$354.98,"3,312 mi",184,$0.1072
PDX,IND,"67,035",$298.69,"1,928 mi",184,$0.1549
SFO,MFR,"66,986",$198.99,320 mi,184,$0.6218
MSP,CDG,"66,986",$731.35,"4,083 mi",184,$0.1791
BWI,MEM,"66,911",$261.83,762 mi,183,$0.3436
CVG,RDU,"66,909",$282.54,402 mi,183,$0.7028
SLC,OKC,"66,876",$280.35,839 mi,183,$0.3341
DTW,SMF,"66,816",$344.94,"2,068 mi",183,$0.1668
JFK,SCL,"66,729",$929.16,"5,272 mi",183,$0.1762
EWR,GRR,"66,696",$222.45,586 mi,183,$0.3796
MDW,YTZ,"66,688",$145.85,430 mi,183,$0.3392
PHX,STS,"66,653",$242.93,719 mi,183,$0.3379
CLT,PNS,"66,635",$253.84,503 mi,183,$0.5047
ANC,OME,"66,529",$255.49,553 mi,182,$0.4620
MIA,BSB,"66,516",$348.14,"3,501 mi",182,$0.0994
PHX,SBA,"66,460",$198.46,468 mi,182,$0.4241
DEN,PVD,"66,458",$269.97,"1,681 mi",182,$0.1606
FLL,BQN,"66,344",$123.07,954 mi,182,$0.1290
PDX,RDU,"66,336",$293.38,"2,429 mi",182,$0.1208
MEM,MSP,"66,169",$308.42,722 mi,181,$0.4272
LAX,OAX,"66,164",$122.33,"1,834 mi",181,$0.0667
HOU,BZE,"66,136",$191.42,973 mi,181,$0.1967
MSP,OMA,"66,108",$237.27,290 mi,181,$0.8182
MCO,TUS,"66,071",$270.67,"1,728 mi",181,$0.1566
LAS,PSC,"66,057",$160.73,711 mi,181,$0.2261
EWR,SIN,"66,038","$3,077.15","9,243 mi",181,$0.3329
BOS,YUL,"65,969",$253.01,246 mi,181,$1.0285
IAH,SAT,"65,891",$163.15,184 mi,181,$0.8867
MIA,ATH,"65,883",$651.62,"6,026 mi",181,$0.1081
IAD,PWM,"65,872",$224.85,478 mi,180,$0.4704
JFK,FLR,"65,795",$597.52,"4,026 mi",180,$0.1484
LGA,SFO,"65,750",$311.59,"2,497 mi",180,$0.1248
SAN,OKC,"65,723",$244.54,"1,100 mi",180,$0.2223
DCA,CAE,"65,686",$224.28,420 mi,180,$0.5340
PHL,TYS,"65,676",$294.08,570 mi,180,$0.5159
EWR,HNL,"65,557",$836.05,"5,103 mi",180,$0.1638
PDX,STL,"65,529",$259.42,"1,755 mi",180,$0.1478
ATL,JAN,"65,524",$229.85,350 mi,180,$0.6567
RDU,PUJ,"65,439",$183.84,"1,313 mi",179,$0.1400
LEX,ORD,"65,420",$212.60,333 mi,179,$0.6384
DFW,FAR,"65,402",$343.35,998 mi,179,$0.3440
MSP,PWM,"65,320",$229.27,"1,099 mi",179,$0.2086
MSP,ABQ,"65,302",$259.12,951 mi,179,$0.2725
MDW,ELP,"65,289",$221.34,"1,200 mi",179,$0.1845
BWI,COS,"65,251",$337.77,"1,455 mi",179,$0.2321
LAX,JAC,"65,250",$311.78,760 mi,179,$0.4102
MEM,RDU,"65,210",$248.21,613 mi,179,$0.4049
LAX,BZE,"65,206",$248.37,"2,111 mi",179,$0.1177
CVG,LHR,"65,201",$823.34,"4,071 mi",179,$0.2022
IAD,ACC,"65,177",$670.91,"5,133 mi",179,$0.1307
MIA,MVD,"65,173",$592.06,"4,614 mi",179,$0.1283
ATL,HVN,"65,168",$167.24,847 mi,179,$0.1974
PHX,SJU,"65,135",$342.42,"2,923 mi",178,$0.1171
ORD,GRR,"65,115",$140.00,141 mi,178,$0.9929
EWR,TYS,"65,086",$174.17,649 mi,178,$0.2684
SFO,GRU,"65,071","$1,247.24","6,285 mi",178,$0.1984
IAH,PNS,"65,069",$201.97,503 mi,178,$0.4015
LAX,AGU,"65,004",$70.33,"1,333 mi",178,$0.0528
BWI,ONT,"64,943",$300.22,"2,346 mi",178,$0.1280
ATL,SCL,"64,939",$965.04,"4,574 mi",178,$0.2110
SAN,PNS,"64,879",$312.51,"1,714 mi",178,$0.1823
SFO,ACV,"64,869",$203.74,242 mi,178,$0.8419
CLT,RDU,"64,857",$114.78,134 mi,178,$0.8566
PIT,LHR,"64,856",$731.50,"3,821 mi",178,$0.1914
MIA,BER,"64,840",$446.89,"5,127 mi",178,$0.0872
ORD,BOM,"64,827",$765.56,"7,801 mi",178,$0.0981
LAS,XNA,"64,743",$211.30,"1,195 mi",177,$0.1768
BOS,PDL,"64,723",$271.03,"2,317 mi",177,$0.1170
MSP,PBI,"64,702",$301.99,"1,408 mi",177,$0.2145
MIA,ASU,"64,588",$597.27,"3,954 mi",177,$0.1511
ORD,ZRH,"64,536",$954.25,"4,298 mi",177,$0.2220
MIA,MBJ,"64,518",$255.22,510 mi,177,$0.5004
DEN,FCO,"64,489",$685.37,"5,383 mi",177,$0.1273
IAH,OMA,"64,479",$286.76,806 mi,177,$0.3558
ORD,CHA,"64,441",$249.20,516 mi,177,$0.4829
ANC,OTZ,"64,406",$241.32,563 mi,176,$0.4286
DFW,FSD,"64,399",$338.49,716 mi,176,$0.4728
EWR,ROC,"64,360",$144.81,239 mi,176,$0.6059
MCO,LIM,"64,306",$318.56,"2,893 mi",176,$0.1101
EWR,ORF,"64,297",$183.24,293 mi,176,$0.6254
LEX,SFB,"64,262",$168.48,648 mi,176,$0.2600
SAT,IND,"64,253",$252.02,"1,015 mi",176,$0.2483
LGA,SAN,"64,247",$269.35,"2,363 mi",176,$0.1140
EWR,PVG,"64,213","$1,303.13","7,148 mi",176,$0.1823
IAH,CHS,"64,212",$301.79,951 mi,176,$0.3173
IAH,JFK,"64,193",$187.60,"1,373 mi",176,$0.1366
JFK,PEI,"64,179",$315.89,"2,552 mi",176,$0.1238
MSP,SJC,"64,168",$352.81,"1,525 mi",176,$0.2314
TPA,GSP,"64,158",$194.00,492 mi,176,$0.3943
LAS,GRU,"64,154",$830.49,"5,896 mi",176,$0.1409
DFW,JAN,"64,154",$223.50,395 mi,176,$0.5658
PHX,PBI,"63,984",$358.37,"2,015 mi",175,$0.1779
PDX,SBA,"63,981",$211.45,809 mi,175,$0.2614
LAS,KOA,"63,950",$347.58,"2,796 mi",175,$0.1243
EWR,WAW,"63,935",$407.69,"4,394 mi",175,$0.0928
EWR,IST,"63,892",$464.67,"4,851 mi",175,$0.0958
PHX,TPE,"63,843",$915.96,"6,878 mi",175,$0.1332
LAS,PBI,"63,699",$364.25,"2,089 mi",175,$0.1744
IAH,PBI,"63,695",$307.65,925 mi,175,$0.3326
DCA,ALB,"63,684",$215.02,328 mi,174,$0.6555
DTW,FRA,"63,646",$789.38,"4,026 mi",174,$0.1961
ANC,SLC,"63,641",$351.77,"2,057 mi",174,$0.1710
JFK,CTA,"63,523",$602.62,"4,416 mi",174,$0.1365
PHL,PNS,"63,509",$243.53,963 mi,174,$0.2529
JFK,YYC,"63,494",$313.08,"2,097 mi",174,$0.1493
EWR,JAC,"63,471",$610.09,"1,813 mi",174,$0.3365
LGA,PNS,"63,466",$268.45,"1,061 mi",174,$0.2530
SAN,CHS,"63,447",$337.61,"2,082 mi",174,$0.1622
DFW,MYR,"63,432",$277.61,"1,077 mi",174,$0.2578
AUS,TUL,"63,390",$218.43,440 mi,174,$0.4964
SFO,MXP,"63,389",$666.74,"5,754 mi",174,$0.1159
ATL,SXM,"63,378",$422.01,"1,753 mi",174,$0.2407
IAD,IND,"63,285",$210.28,461 mi,173,$0.4561
EWR,NCE,"63,229","$1,004.13","3,876 mi",173,$0.2591
PDX,LIH,"63,204",$321.36,"2,550 mi",173,$0.1260
SFO,BDL,"63,155",$363.45,"2,698 mi",173,$0.1347
SFO,AKL,"63,124","$1,095.88","6,333 mi",173,$0.1730
IAH,LIR,"63,115",$277.55,"1,437 mi",173,$0.1931
PHL,PLS,"63,073",$482.85,"1,301 mi",173,$0.3711
IAH,SJO,"63,037",$279.35,"1,603 mi",173,$0.1743
ATL,MXP,"62,969",$816.11,"4,885 mi",173,$0.1671
MCO,GSP,"62,931",$233.75,436 mi,172,$0.5361
MIA,AEP,"62,848",$484.04,"4,541 mi",172,$0.1066
IAH,SAV,"62,822",$274.62,824 mi,172,$0.3333
SLC,MEX,"62,816",$422.85,"1,710 mi",172,$0.2473
DTW,BHM,"62,795",$333.68,645 mi,172,$0.5173
DCA,SYR,"62,784",$229.03,307 mi,172,$0.7460
SAT,OKC,"62,723",$225.51,420 mi,172,$0.5369
BNA,PVD,"62,639",$231.12,932 mi,172,$0.2480
TPA,YUL,"62,626",$216.55,"1,340 mi",172,$0.1616
EWR,CAI,"62,544",$369.81,"5,787 mi",171,$0.0639
PIT,PGD,"62,536",$121.69,971 mi,171,$0.1253
MCO,AVP,"62,519",$189.63,918 mi,171,$0.2066
LAX,GRR,"62,511",$303.19,"1,926 mi",171,$0.1574
JAX,PVD,"62,469",$198.40,992 mi,171,$0.2000
MEM,SAN,"62,438",$309.97,"1,517 mi",171,$0.2043
ATL,LOS,"62,411",$718.44,"5,663 mi",171,$0.1269
ATL,PLS,"62,403",$342.65,"1,138 mi",171,$0.3011
BUR,HOU,"62,365",$306.03,"1,344 mi",171,$0.2277
ORD,PVG,"62,334","$1,521.77","6,831 mi",171,$0.2228
LAX,BOM,"62,279",$953.91,"8,959 mi",171,$0.1065
AUS,OKC,"62,277",$208.33,370 mi,171,$0.5631
LAS,PNS,"62,272",$301.19,"1,705 mi",171,$0.1767
PHL,OMA,"62,239",$257.96,"1,053 mi",171,$0.2450
SFO,RIC,"62,226",$313.06,"2,371 mi",170,$0.1320
DFW,MSO,"62,225",$292.45,"1,279 mi",170,$0.2287
EWR,MSN,"62,222",$288.71,773 mi,170,$0.3735
LAS,MFR,"62,184",$133.33,617 mi,170,$0.2161
MSP,YVR,"62,154",$350.33,"1,475 mi",170,$0.2375
DFW,FCA,"62,147",$344.51,"1,432 mi",170,$0.2406
DEN,ECP,"62,078",$267.89,"1,212 mi",170,$0.2210
EWR,GVA,"62,071","$1,009.94","3,752 mi",170,$0.2692
DCA,MHT,"62,046",$236.22,418 mi,170,$0.5651
DFW,CHA,"61,985",$360.73,715 mi,170,$0.5045
TPA,OMA,"61,966",$281.37,"1,155 mi",170,$0.2436
IAH,BTR,"61,961",$252.69,245 mi,170,$1.0314
ATL,COS,"61,953",$273.79,"1,147 mi",170,$0.2387
CLT,NAS,"61,944",$376.32,711 mi,170,$0.5293
LAX,BJX,"61,908",$145.31,"1,407 mi",170,$0.1033
AUS,HOU,"61,884",$172.90,144 mi,170,$1.2007
MDW,MEM,"61,870",$192.90,467 mi,170,$0.4131
HNL,AKL,"61,853",$652.84,"4,537 mi",169,$0.1439
DFW,MDT,"61,842",$405.25,"1,266 mi",169,$0.3201
DFW,ILM,"61,829",$404.20,"1,071 mi",169,$0.3774
BNA,MYR,"61,786",$213.93,456 mi,169,$0.4691
SEA,RSW,"61,781",$333.19,"2,699 mi",169,$0.1234
BUR,ABQ,"61,772",$251.98,650 mi,169,$0.3877
SEA,AMS,"61,769",$763.11,"4,725 mi",169,$0.1615
DFW,SJO,"61,754",$365.55,"1,834 mi",169,$0.1993
MDW,CHS,"61,705",$191.73,723 mi,169,$0.2652
MCI,PNS,"61,643",$220.02,765 mi,169,$0.2876
LAS,SBA,"61,628",$183.50,297 mi,169,$0.6178
PHX,SBP,"61,613",$204.76,493 mi,169,$0.4153
MEM,SEA,"61,608",$321.21,"1,923 mi",169,$0.1670
MSY,CMH,"61,599",$218.75,782 mi,169,$0.2797
PHL,MEX,"61,592",$297.65,"2,058 mi",169,$0.1446
DFW,SBN,"61,573",$358.25,871 mi,169,$0.4113
MIA,WAW,"61,549",$583.22,"5,434 mi",169,$0.1073
JFK,VIE,"61,518",$772.00,"4,102 mi",169,$0.1882
PDX,SAT,"61,498",$272.44,"1,764 mi",168,$0.1544
BWI,SJC,"61,490",$288.53,"2,506 mi",168,$0.1151
DEN,LIR,"61,428",$379.54,"2,407 mi",168,$0.1577
IAD,MUC,"61,253",$823.17,"4,124 mi",168,$0.1996
ATL,VPS,"61,086",$144.59,258 mi,167,$0.5604
DTW,MEX,"61,085",$555.45,"1,767 mi",167,$0.3143
IAD,RDU,"61,057",$172.14,217 mi,167,$0.7933
LAS,SAV,"61,050",$300.86,"1,892 mi",167,$0.1590
EWR,VCE,"61,046",$598.81,"4,033 mi",167,$0.1485
DEN,SAF,"61,004",$211.44,312 mi,167,$0.6777
DCA,EYW,"60,958",$260.52,995 mi,167,$0.2618
HOU,BHM,"60,942",$254.12,587 mi,167,$0.4329
LAX,IKA,"60,942",$591.60,"7,369 mi",167,$0.0803
LAS,MNL,"60,923",$590.81,"7,154 mi",167,$0.0826
MSY,ORF,"60,889",$210.07,911 mi,167,$0.2306
ORD,NAS,"60,878",$330.61,"1,274 mi",167,$0.2595
PHL,BHM,"60,861",$264.83,794 mi,167,$0.3335
DEN,AVL,"60,856",$254.36,"1,208 mi",167,$0.2106
LAX,PUJ,"60,844",$290.13,"3,340 mi",167,$0.0869
AUS,CHS,"60,829",$286.12,"1,085 mi",167,$0.2637
LGA,ABQ,"60,772",$257.45,"1,762 mi",166,$0.1461
BOS,NRT,"60,769","$1,852.40","6,485 mi",166,$0.2856
SAN,NRT,"60,747",$994.58,"5,379 mi",166,$0.1849
IAD,YTZ,"60,734",$121.01,329 mi,166,$0.3678
MCO,RNO,"60,729",$285.71,"2,381 mi",166,$0.1200
CLE,MYR,"60,708",$143.03,575 mi,166,$0.2487
SFO,OMA,"60,703",$300.70,"1,387 mi",166,$0.2168
TPA,SYR,"60,702",$178.77,"1,138 mi",166,$0.1571
SAT,SJU,"60,696",$248.88,"2,244 mi",166,$0.1109
CLE,MSY,"60,655",$244.41,890 mi,166,$0.2746
LAX,ZCL,"60,586",$99.77,"1,183 mi",166,$0.0843
PHX,LIT,"60,566",$244.53,"1,168 mi",166,$0.2094
BNA,SJU,"60,491",$279.35,"1,701 mi",166,$0.1642
DCA,VPS,"60,472",$272.00,765 mi,166,$0.3556
MCO,SCL,"60,461",$508.14,"4,457 mi",166,$0.1140
LAX,TFU,"60,434",$591.49,"6,975 mi",166,$0.0848
TPA,ROC,"60,430",$189.57,"1,049 mi",166,$0.1807
DTW,FCO,"60,388",$573.06,"4,477 mi",165,$0.1280
ORD,MUC,"60,348",$871.04,"4,381 mi",165,$0.1988
AUS,GRR,"60,344",$224.22,"1,136 mi",165,$0.1974
LAS,VPS,"60,326",$262.65,"1,641 mi",165,$0.1601
IAH,ICT,"60,313",$231.23,527 mi,165,$0.4388
DEN,MYR,"60,284",$252.10,"1,526 mi",165,$0.1652
CLT,SDF,"60,261",$237.87,345 mi,165,$0.6895
MDW,BJX,"60,234",$78.27,"1,693 mi",165,$0.0462
JAX,CMH,"60,232",$184.74,640 mi,165,$0.2887
LAS,SYR,"60,223",$253.47,"2,052 mi",165,$0.1235
CLT,CHS,"60,211",$283.36,173 mi,165,$1.6379
LAS,NRT,"60,208",$897.20,"5,335 mi",165,$0.1682
ANC,KTN,"60,183",$380.23,796 mi,165,$0.4777
MSP,FCA,"60,162",$263.51,"1,054 mi",165,$0.2500
SFO,KIX,"59,987","$1,040.55","5,238 mi",164,$0.1987
DCA,GSP,"59,984",$198.64,384 mi,164,$0.5173
PHX,BZN,"59,970",$199.23,880 mi,164,$0.2264
MCO,LIT,"59,892",$266.89,798 mi,164,$0.3344
IAD,STT,"59,884",$458.26,"1,657 mi",164,$0.2766
HNL,YYZ,"59,815",$434.34,"4,502 mi",164,$0.0965
BOS,MXP,"59,779",$688.31,"3,685 mi",164,$0.1868
DFW,BOM,"59,767",$687.25,"8,520 mi",164,$0.0807
IAD,BOM,"59,739",$655.67,"8,231 mi",164,$0.0797
SEA,HKG,"59,725",$897.06,"6,293 mi",164,$0.1425
JFK,SYD,"59,717","$2,162.67","10,248 mi",164,$0.2110
ATL,MUC,"59,705",$779.74,"4,930 mi",164,$0.1582
BNA,BZN,"59,686",$188.83,"1,476 mi",164,$0.1279
ATL,RNO,"59,527",$371.14,"1,929 mi",163,$0.1924
MIA,COR,"59,508",$566.53,"4,209 mi",163,$0.1346
JFK,GDL,"59,506",$201.89,"2,154 mi",163,$0.0937
JFK,ORF,"59,435",$127.86,299 mi,163,$0.4276
ATL,PVR,"59,415",$382.01,"1,510 mi",163,$0.2530
CLT,DSM,"59,406",$281.19,838 mi,163,$0.3355
ATL,IST,"59,401",$574.29,"5,573 mi",163,$0.1030
LAX,NAS,"59,391",$339.86,"2,444 mi",163,$0.1391
IAH,BOM,"59,334",$770.99,"8,687 mi",163,$0.0888
ATL,BHM,"59,333",$125.66,130 mi,163,$0.9666
ORD,SGF,"59,329",$203.80,425 mi,163,$0.4795
SLC,PVR,"59,275",$380.07,"1,401 mi",162,$0.2713
ORD,COS,"59,240",$239.46,936 mi,162,$0.2558
ATL,DAB,"59,225",$211.81,377 mi,162,$0.5618
AUS,BDL,"59,187",$309.12,"1,557 mi",162,$0.1985
MSY,SMF,"59,182",$255.92,"1,931 mi",162,$0.1325
EWR,SJD,"59,089",$447.59,"2,316 mi",162,$0.1933
DCA,DAY,"59,030",$222.13,378 mi,162,$0.5876
ATL,MAD,"58,956",$692.63,"4,455 mi",162,$0.1555
SAN,BDL,"58,935",$344.82,"2,571 mi",161,$0.1341
DTW,RIC,"58,929",$258.57,442 mi,161,$0.5850
IAH,NLU,"58,900",$93.67,721 mi,161,$0.1299
IAD,BDL,"58,858",$208.41,315 mi,161,$0.6616
MSY,RIC,"58,833",$224.08,878 mi,161,$0.2552
DFW,DEL,"58,778",$756.11,"7,927 mi",161,$0.0954
ATL,MAN,"58,766",$992.66,"3,966 mi",161,$0.2503
ATL,GEG,"58,743",$341.08,"2,025 mi",161,$0.1684
TPA,SNA,"58,730",$348.59,"2,187 mi",161,$0.1594
DCA,LIT,"58,724",$284.55,859 mi,161,$0.3313
ORD,GRU,"58,724","$1,203.62","5,080 mi",161,$0.2369
DAL,MEM,"58,657",$199.70,409 mi,161,$0.4883
LAX,MRY,"58,646",$244.31,258 mi,161,$0.9469
ATL,DAY,"58,600",$234.50,420 mi,161,$0.5583
EWR,HKG,"58,592","$1,165.20","7,811 mi",161,$0.1492
LAX,BOG,"58,590",$343.96,"3,584 mi",161,$0.0960
LAS,MAN,"58,580",$657.03,"4,922 mi",160,$0.1335
EWR,KEF,"58,531",$258.18,"2,517 mi",160,$0.1026
CLE,MCI,"58,511",$243.33,713 mi,160,$0.3413
ATL,LEX,"58,459",$247.75,295 mi,160,$0.8398
MDW,BHM,"58,396",$213.38,588 mi,160,$0.3629
MIA,BZE,"58,373",$388.27,791 mi,160,$0.4909
EWR,VIE,"58,369",$825.95,"4,369 mi",160,$0.1890
SEA,SIN,"58,342","$1,497.57","7,822 mi",160,$0.1915
DCA,GRR,"58,331",$258.11,539 mi,160,$0.4789
SFO,MAA,"58,319","$1,035.42","8,904 mi",160,$0.1163
MSP,YYC,"58,277",$268.75,"1,018 mi",160,$0.2640
AUS,YVR,"58,273",$266.20,"1,814 mi",160,$0.1467
BOS,BOM,"58,256",$643.97,"7,379 mi",160,$0.0873
MSP,HND,"58,245","$1,289.91","6,146 mi",160,$0.2099
DFW,FWA,"58,235",$308.28,885 mi,160,$0.3483
PHL,SNA,"58,209",$361.27,"2,304 mi",159,$0.1568
ORD,FNT,"58,177",$192.23,216 mi,159,$0.8900
JAX,SFO,"58,036",$361.58,"2,291 mi",159,$0.1578
IAH,LIT,"58,008",$213.08,364 mi,159,$0.5854
BOS,PEK,"58,004",$965.44,"6,518 mi",159,$0.1481
LAX,IPL,"58,000",$83.23,175 mi,159,$0.4756
MDW,AGU,"57,982",$120.46,"1,674 mi",159,$0.0720
TPA,GRR,"57,960",$232.29,"1,074 mi",159,$0.2163
JFK,PSP,"57,943",$428.02,"2,444 mi",159,$0.1751
DFW,RAP,"57,939",$295.27,810 mi,159,$0.3645
PIT,SAV,"57,929",$153.38,597 mi,159,$0.2569
MCO,FCO,"57,924",$586.83,"4,955 mi",159,$0.1184
MDW,SFO,"57,876",$220.75,"1,907 mi",159,$0.1158
MIA,CUR,"57,838",$166.68,"1,159 mi",158,$0.1438
SFO,TLV,"57,753","$1,661.12","7,186 mi",158,$0.2312
CLE,DUB,"57,752",$389.96,"3,352 mi",158,$0.1163
EWR,MEM,"57,680",$285.82,973 mi,158,$0.2938
BOS,PVG,"57,678","$1,602.77","7,074 mi",158,$0.2266
TPA,EYW,"57,677",$93.40,248 mi,158,$0.3766
MCO,ILG,"57,655",$158.09,817 mi,158,$0.1935
IAD,CMH,"57,646",$188.28,308 mi,158,$0.6113
ATL,GCM,"57,545",$309.61,"1,039 mi",158,$0.2980
BOS,PLS,"57,535",$275.13,"1,381 mi",158,$0.1992
MSP,RNO,"57,534",$265.15,"1,444 mi",158,$0.1836
SJC,LIH,"57,515",$292.33,"2,537 mi",158,$0.1152
LAX,COS,"57,513",$242.12,807 mi,158,$0.3000
CLT,XNA,"57,510",$302.92,775 mi,158,$0.3909
PHX,CID,"57,503",$277.06,"1,212 mi",158,$0.2286
DCA,TUL,"57,457",$229.66,"1,078 mi",157,$0.2130
ORD,RAP,"57,457",$230.95,754 mi,157,$0.3063
MCO,GEG,"57,376",$264.57,"2,413 mi",157,$0.1096
PHX,FCO,"57,375",$619.81,"6,334 mi",157,$0.0979
BNA,ELP,"57,361",$252.36,"1,201 mi",157,$0.2101
DFW,ICT,"57,306",$213.24,319 mi,157,$0.6685
ORD,HSV,"57,259",$213.80,526 mi,157,$0.4065
IAD,BTV,"57,207",$225.85,455 mi,157,$0.4964
LAS,FAR,"57,203",$214.34,"1,168 mi",157,$0.1835
DFW,BCN,"57,153",$595.57,"5,028 mi",157,$0.1185
ORD,FAT,"57,097",$276.68,"1,674 mi",156,$0.1653
EWR,BTV,"57,071",$205.23,258 mi,156,$0.7955
ORD,AMD,"57,036",$561.47,"7,540 mi",156,$0.0745
LAX,SAV,"57,031",$361.66,"2,211 mi",156,$0.1636
AUS,DSM,"57,021",$192.96,791 mi,156,$0.2439
EWR,BDA,"56,993",$225.33,756 mi,156,$0.2981
BUR,MCI,"56,981",$297.06,"1,392 mi",156,$0.2134
DEN,HSV,"56,970",$358.57,"1,015 mi",156,$0.3533
MDW,OKC,"56,960",$198.38,670 mi,156,$0.2961
MIA,VRA,"56,960",$92.72,198 mi,156,$0.4683
MCO,BCN,"56,929",$511.42,"4,770 mi",156,$0.1072
PHX,GJT,"56,920",$256.38,425 mi,156,$0.6032
DFW,BRO,"56,905",$225.97,499 mi,156,$0.4528
ORD,BKK,"56,897",$782.54,"8,294 mi",156,$0.0944
SJC,MLM,"56,864",$157.98,"1,693 mi",156,$0.0933
MIA,GEO,"56,804",$197.39,"1,913 mi",156,$0.1032
MCO,MAD,"56,786",$568.76,"4,496 mi",156,$0.1265
STL,CHS,"56,777",$232.71,684 mi,156,$0.3402
MIA,MUC,"56,776",$770.18,"4,848 mi",156,$0.1589
DFW,ALB,"56,767",$361.58,"1,389 mi",156,$0.2603
ORD,EYW,"56,749",$317.79,"1,292 mi",155,$0.2460
DCA,COS,"56,745",$322.77,"1,527 mi",155,$0.2114
DFW,BLR,"56,745","$1,133.73","9,510 mi",155,$0.1192
RDU,MEX,"56,742",$295.50,"1,726 mi",155,$0.1712
DAL,MIA,"56,705",$233.46,"1,141 mi",155,$0.2046
DCA,ONT,"56,621",$260.69,"2,192 mi",155,$0.1189
CLT,TUL,"56,571",$252.48,865 mi,155,$0.2919
MCO,FRA,"56,568",$738.51,"4,877 mi",155,$0.1514
BNA,TUL,"56,547",$230.05,499 mi,155,$0.4610
MSP,RAP,"56,484",$254.27,503 mi,155,$0.5055
DEN,ATW,"56,483",$253.00,855 mi,155,$0.2959
LAX,SCL,"56,455",$883.35,"5,752 mi",155,$0.1536
IAD,SJO,"56,453",$269.31,"1,982 mi",155,$0.1359
DFW,OKC,"56,429",$297.44,170 mi,155,$1.7496
PDX,YVR,"56,401",$185.02,259 mi,155,$0.7144
JFK,COK,"56,396",$512.71,"8,698 mi",155,$0.0589
LAS,SGF,"56,377",$208.38,"1,242 mi",154,$0.1678
LAX,MDE,"56,356",$373.96,"3,247 mi",154,$0.1152
SAT,CMH,"56,355",$254.53,"1,173 mi",154,$0.2170
BOS,TLV,"56,333","$1,210.24","5,643 mi",154,$0.2145
DFW,NAS,"56,317",$350.79,"1,260 mi",154,$0.2784
LAS,ROC,"56,270",$248.81,"1,975 mi",154,$0.1260
FLL,GSP,"56,243",$206.74,603 mi,154,$0.3429
DAL,JAX,"56,182",$227.15,879 mi,154,$0.2584
DFW,LRD,"56,145",$265.85,385 mi,154,$0.6905
ATL,BZE,"56,131",$295.29,"1,172 mi",154,$0.2520
AUS,MEM,"56,068",$238.70,576 mi,154,$0.4144
MIA,CPH,"56,018",$405.02,"5,020 mi",153,$0.0807
LEX,PIE,"55,995",$181.62,729 mi,153,$0.2491
MIA,DXB,"55,928","$1,567.68","8,068 mi",153,$0.1943
MSP,LIR,"55,896",$341.93,"2,341 mi",153,$0.1461
DFW,PWM,"55,851",$365.31,"1,570 mi",153,$0.2327
JAX,SLC,"55,801",$361.82,"1,777 mi",153,$0.2036
HNL,SAT,"55,780",$457.33,"3,825 mi",153,$0.1196
BOS,OMA,"55,764",$297.55,"1,317 mi",153,$0.2259
SLC,YYZ,"55,722",$384.48,"1,606 mi",153,$0.2394
SEA,RIC,"55,696",$332.93,"2,286 mi",153,$0.1456
ORD,ELP,"55,662",$269.64,"1,199 mi",152,$0.2249
TPA,AMS,"55,605",$659.55,"4,741 mi",152,$0.1391
SDF,SEA,"55,595",$333.24,"1,882 mi",152,$0.1771
LAS,BIL,"55,577",$174.21,732 mi,152,$0.2380
LAS,CID,"55,566",$188.85,"1,277 mi",152,$0.1479
MSP,OGG,"55,546",$477.48,"4,029 mi",152,$0.1185
IAH,YEG,"55,522",$355.10,"1,910 mi",152,$0.1859
SAN,PVD,"55,513",$320.18,"2,638 mi",152,$0.1214
DFW,BOG,"55,487",$287.08,"2,517 mi",152,$0.1141
EWR,HND,"55,480","$1,728.20","6,543 mi",152,$0.2641
LAS,PVD,"55,468",$285.02,"2,428 mi",152,$0.1174
IAD,JED,"55,459",$473.73,"6,384 mi",152,$0.0742
SJC,STL,"55,443",$268.59,"1,762 mi",152,$0.1524
DFW,HND,"55,431","$2,004.72","6,641 mi",152,$0.3019
SFO,JAC,"55,400",$317.09,715 mi,152,$0.4435
IAD,CPH,"55,397",$426.01,"4,185 mi",152,$0.1018
SEA,BIL,"55,388",$209.65,642 mi,152,$0.3266
RDU,BUF,"55,381",$139.10,503 mi,152,$0.2765
ORD,IST,"55,373",$626.27,"5,623 mi",152,$0.1114
IAH,TPE,"55,350","$1,037.67","8,164 mi",152,$0.1271
PHX,PSC,"55,344",$224.51,933 mi,152,$0.2406
MCO,XNA,"55,295",$265.13,959 mi,151,$0.2765
CLT,ORF,"55,173",$259.89,298 mi,151,$0.8721
DTW,MKE,"55,164",$276.96,230 mi,151,$1.2042
DCA,ELP,"55,110",$283.23,"1,665 mi",151,$0.1701
MCO,PLS,"55,074",$198.02,707 mi,151,$0.2801
IAH,HRL,"55,046",$153.15,304 mi,151,$0.5038
PHX,SAV,"55,037",$283.86,"1,731 mi",151,$0.1640
ORD,AUA,"54,988",$416.80,"2,234 mi",151,$0.1866
HNL,MEL,"54,970",$648.19,"5,680 mi",151,$0.1141
RDU,YYZ,"54,906",$365.77,525 mi,150,$0.6967
ORD,TPE,"54,830","$1,090.30","7,666 mi",150,$0.1422
MDW,PVD,"54,771",$216.38,815 mi,150,$0.2655
DFW,CID,"54,757",$344.80,707 mi,150,$0.4877
DFW,TQO,"54,654",$185.69,"1,084 mi",150,$0.1713
SLC,LIH,"54,594",$369.86,"3,127 mi",150,$0.1183
DEN,AMS,"54,580",$662.31,"4,942 mi",150,$0.1340
FLL,DSM,"54,571",$206.74,"1,355 mi",150,$0.1526
DEN,BTV,"54,510",$330.04,"1,586 mi",149,$0.2081
IAH,BDL,"54,509",$319.28,"1,550 mi",149,$0.2060
MSP,BUF,"54,503",$239.48,711 mi,149,$0.3368
MCI,CMH,"54,495",$258.56,649 mi,149,$0.3984
DFW,HSV,"54,478",$375.83,619 mi,149,$0.6072
BOS,HND,"54,416","$1,687.87","6,914 mi",149,$0.2441
LAX,NCE,"54,413","$1,514.74","6,258 mi",149,$0.2420
ATL,XNA,"54,412",$307.03,570 mi,149,$0.5386
PIT,SAT,"54,325",$272.16,"1,238 mi",149,$0.2198
BWI,OAK,"54,320",$324.63,"2,368 mi",149,$0.1371
JAX,MSY,"54,320",$222.39,528 mi,149,$0.4212
LAX,CAI,"54,314",$473.47,"7,364 mi",149,$0.0643
FLL,YYC,"54,273",$263.80,"2,552 mi",149,$0.1034
PIT,PIE,"54,270",$105.46,854 mi,149,$0.1235
SFO,SJU,"54,263",$440.24,"3,517 mi",149,$0.1252
MIA,VCE,"54,254",$609.30,"5,242 mi",149,$0.1162
BWI,JAN,"54,206",$227.05,914 mi,149,$0.2484
LEX,PGD,"54,206",$130.88,760 mi,149,$0.1722
IAH,HSV,"54,200",$287.73,576 mi,148,$0.4995
IAD,HSV,"54,184",$257.28,613 mi,148,$0.4197
ANC,BRW,"54,174",$265.67,700 mi,148,$0.3795
CVG,PDX,"54,174",$286.25,"2,029 mi",148,$0.1411
SEA,BDL,"54,171",$356.12,"2,498 mi",148,$0.1426
PIT,CUN,"54,152",$250.52,"1,358 mi",148,$0.1845
PIT,BDL,"54,148",$207.60,417 mi,148,$0.4978
DEN,MTY,"54,126",$216.52,978 mi,148,$0.2214
STL,PNS,"54,109",$243.47,582 mi,148,$0.4183
JFK,PMO,"54,100",$449.05,"4,303 mi",148,$0.1044
CLE,SAT,"54,056",$258.04,"1,203 mi",148,$0.2145
MDW,PDX,"54,052",$224.25,"1,695 mi",148,$0.1323
LAS,LGW,"54,044",$641.30,"5,397 mi",148,$0.1188
SLC,TUL,"54,025",$296.21,896 mi,148,$0.3306
HNL,YYC,"53,936",$299.74,"3,218 mi",148,$0.0931
BOS,STT,"53,881",$374.48,"1,646 mi",148,$0.2275
IAD,CMN,"53,844",$441.66,"3,706 mi",148,$0.1192
ATL,MSN,"53,841",$315.62,687 mi,148,$0.4594
DFW,DXB,"53,831","$1,298.95","7,786 mi",147,$0.1668
IAD,YVR,"53,803",$331.52,"2,268 mi",147,$0.1462
BOS,IST,"53,769",$542.22,"4,945 mi",147,$0.1097
JFK,MAA,"53,751",$747.21,"8,624 mi",147,$0.0866
ATL,BOM,"53,734",$595.99,"8,243 mi",147,$0.0723
AUS,TYS,"53,713",$227.74,907 mi,147,$0.2511
PIT,SFB,"53,711",$122.62,787 mi,147,$0.1558
IAH,TQO,"53,703",$216.58,806 mi,147,$0.2687
PHX,PNS,"53,545",$277.23,"1,422 mi",147,$0.1950
DEN,TVC,"53,483",$302.72,"1,060 mi",147,$0.2856
ATL,MDT,"53,457",$322.99,639 mi,146,$0.5055
SEA,ICT,"53,391",$274.79,"1,470 mi",146,$0.1869
DAL,SEA,"53,386",$213.93,"1,618 mi",146,$0.1322
DFW,BIL,"53,353",$272.58,"1,049 mi",146,$0.2598
DFW,LFT,"53,333",$289.46,340 mi,146,$0.8514
RDU,SDF,"53,325",$219.39,403 mi,146,$0.5444
BNA,SYR,"53,320",$184.05,718 mi,146,$0.2563
DFW,SGN,"53,310",$557.05,"9,307 mi",146,$0.0599
DFW,GJT,"53,291",$312.98,795 mi,146,$0.3937
ATL,EZE,"53,284","$1,108.07","5,169 mi",146,$0.2144
DEN,SJO,"53,282",$352.84,"2,344 mi",146,$0.1505
BNA,ROC,"53,204",$161.78,700 mi,146,$0.2311
HNL,PPG,"53,183","$1,026.00","2,534 mi",146,$0.4049
ORD,ECP,"53,145",$254.10,787 mi,146,$0.3229
MCI,PIT,"53,144",$285.07,794 mi,146,$0.3590
SAN,RIC,"53,139",$321.79,"2,328 mi",146,$0.1382
LAX,BHM,"53,135",$346.04,"1,865 mi",146,$0.1855
MDW,BUF,"53,122",$186.43,481 mi,146,$0.3876
PDX,MFR,"53,089",$156.39,230 mi,145,$0.6800
SEA,EUG,"53,067",$130.43,241 mi,145,$0.5412
MDW,MYR,"53,055",$212.96,716 mi,145,$0.2974
MDW,ORF,"53,049",$188.52,682 mi,145,$0.2764
PHL,NAS,"53,039",$283.83,"1,064 mi",145,$0.2668
ORD,DXB,"53,032","$1,282.11","7,016 mi",145,$0.1827
DFW,AMS,"53,024",$825.59,"4,762 mi",145,$0.1734
STL,ECP,"53,019",$233.15,616 mi,145,$0.3785
SDF,SFO,"53,006",$322.19,"2,046 mi",145,$0.1575
MIA,FOR,"53,004",$473.23,"3,357 mi",145,$0.1410
STL,MKE,"52,988",$209.38,308 mi,145,$0.6798
MSP,OKC,"52,966",$303.07,716 mi,145,$0.4233
BWI,ELP,"52,956",$338.45,"1,687 mi",145,$0.2006
CVG,MSY,"52,902",$231.89,723 mi,145,$0.3207
DFW,MLM,"52,873",$301.79,906 mi,145,$0.3331
JFK,ARN,"52,845",$614.79,"3,792 mi",145,$0.1621
PHX,PVU,"52,835",$136.90,455 mi,145,$0.3009
SLC,AMS,"52,749",$770.89,"4,827 mi",145,$0.1597
BNA,OAK,"52,742",$298.33,"2,013 mi",144,$0.1482
IAD,BRU,"52,734",$808.65,"3,766 mi",144,$0.2147
BOS,TUS,"52,690",$356.98,"2,353 mi",144,$0.1517
ATL,EDI,"52,676",$693.36,"3,880 mi",144,$0.1787
IAH,MDW,"52,644",$98.74,890 mi,144,$0.1109
AUS,RSW,"52,579",$263.67,969 mi,144,$0.2721
MDW,BDL,"52,568",$216.85,751 mi,144,$0.2887
ORD,VCE,"52,515",$646.83,"4,796 mi",144,$0.1349
ORD,ILM,"52,497",$283.50,783 mi,144,$0.3621
ATL,ICT,"52,470",$261.90,803 mi,144,$0.3262
FLL,USA,"52,417",$117.68,663 mi,144,$0.1775
ORD,LIR,"52,368",$478.58,"2,108 mi",143,$0.2270
DEN,PIA,"52,351",$204.69,815 mi,143,$0.2512
JFK,NBO,"52,315",$913.28,"7,134 mi",143,$0.1280
PHL,GSO,"52,290",$244.41,376 mi,143,$0.6500
SAT,SNA,"52,290",$277.28,"1,140 mi",143,$0.2432
DFW,AVL,"52,255",$364.82,821 mi,143,$0.4444
SFO,BER,"52,251","$1,057.20","5,508 mi",143,$0.1919
IAD,TYS,"52,186",$199.32,406 mi,143,$0.4909
RDU,SYR,"52,168",$174.83,536 mi,143,$0.3262
AUS,BOI,"52,146",$268.94,"1,333 mi",143,$0.2018
ORD,KEF,"52,129",$326.34,"2,848 mi",143,$0.1146
DCA,BGR,"52,110",$301.03,571 mi,143,$0.5272
PHX,DRO,"52,105",$269.78,341 mi,143,$0.7911
ORD,CHO,"52,088",$281.80,582 mi,143,$0.4842
ANC,IAH,"52,055",$538.73,"3,359 mi",143,$0.1604
CLE,PDX,"52,041",$299.54,"1,979 mi",143,$0.1514
IAH,MOB,"52,011",$264.47,439 mi,142,$0.6024
IAH,GSP,"51,985",$292.99,811 mi,142,$0.3613
SJC,GEG,"51,975",$225.62,721 mi,142,$0.3129
LGA,SLC,"51,949",$272.82,"1,918 mi",142,$0.1422
MSP,MEX,"51,932",$395.55,"1,844 mi",142,$0.2145
BOS,DEL,"51,901",$659.91,"6,918 mi",142,$0.0954
PHX,YUL,"51,816",$288.43,"2,244 mi",142,$0.1285
MDW,ZCL,"51,807",$116.59,"1,611 mi",142,$0.0724
FLL,SMF,"51,770",$308.17,"2,621 mi",142,$0.1176
RDU,SMF,"51,730",$315.42,"2,410 mi",142,$0.1309
SAN,SBP,"51,702",$145.34,271 mi,142,$0.5363
CLT,MUC,"51,638",$860.88,"4,704 mi",141,$0.1830
ATL,BUR,"51,614",$372.95,"1,879 mi",141,$0.1985
JFK,HAM,"51,601",$498.58,"3,915 mi",141,$0.1274
LAS,MAF,"51,497",$262.82,770 mi,141,$0.3413
EWR,GSO,"51,492",$207.35,458 mi,141,$0.4527
DEN,IDA,"51,481",$209.20,471 mi,141,$0.4442
LAS,GSP,"51,460",$329.81,"1,901 mi",141,$0.1735
BNA,XNA,"51,441",$233.68,412 mi,141,$0.5672
LAX,ZIH,"51,381",$191.55,"1,586 mi",141,$0.1208
PHX,PVD,"51,319",$249.96,"2,204 mi",141,$0.1134
IAH,BUF,"51,305",$269.50,"1,319 mi",141,$0.2043
PDX,MSO,"51,286",$211.95,428 mi,141,$0.4952
SEA,BLR,"51,286","$1,057.60","7,826 mi",141,$0.1351
EWR,YHZ,"51,275",$229.40,630 mi,140,$0.3641
CLT,GCM,"51,259",$319.84,"1,067 mi",140,$0.2998
HOU,SDF,"51,241",$267.18,827 mi,140,$0.3231
LAX,PTY,"51,241",$455.29,"3,101 mi",140,$0.1468
IAD,ABQ,"51,234",$320.23,"1,575 mi",140,$0.2033
SFO,CHS,"51,212",$410.78,"2,319 mi",140,$0.1771
DAL,SDF,"51,196",$194.72,747 mi,140,$0.2607
ONT,STL,"51,128",$264.64,"1,497 mi",140,$0.1768
BUR,EUG,"51,086",$152.62,755 mi,140,$0.2021
MCI,SNA,"51,052",$313.54,"1,299 mi",140,$0.2414
ORD,CAE,"51,047",$264.51,687 mi,140,$0.3850
MCO,GCM,"50,997",$187.81,650 mi,140,$0.2889
IAH,ELP,"50,956",$229.16,687 mi,140,$0.3336
LAX,MZT,"50,944",$164.18,"1,015 mi",140,$0.1618
BOS,YYC,"50,912",$278.95,"2,028 mi",139,$0.1375
FLL,YVR,"50,818",$286.37,"2,706 mi",139,$0.1058
DTW,SRQ,"50,810",$275.58,994 mi,139,$0.2772
IAH,SJC,"50,809",$344.27,"1,653 mi",139,$0.2083
DFW,MAD,"50,791",$721.07,"4,805 mi",139,$0.1501
SEA,MFR,"50,789",$136.00,341 mi,139,$0.3988
BOS,MDE,"50,764",$264.23,"2,591 mi",139,$0.1020
BWI,SNA,"50,694",$325.42,"2,371 mi",139,$0.1373
BNA,YYC,"50,667",$213.25,"1,648 mi",139,$0.1294
DFW,BTR,"50,665",$278.49,372 mi,139,$0.7486
PHL,MSN,"50,665",$331.58,739 mi,139,$0.4487
TPA,OKC,"50,648",$256.67,991 mi,139,$0.2590
LAX,PVD,"50,616",$267.90,"2,664 mi",139,$0.1006
DFW,LIR,"50,583",$290.93,"1,756 mi",139,$0.1657
STL,OKC,"50,563",$230.80,475 mi,139,$0.4859
SAN,PAE,"50,514",$215.60,"1,114 mi",138,$0.1935
TPA,BTV,"50,464",$170.02,"1,290 mi",138,$0.1318
BOS,CPH,"50,413",$462.16,"3,770 mi",138,$0.1226
MSP,FCO,"50,410",$533.72,"5,036 mi",138,$0.1060
DCA,HPN,"50,366",$294.47,240 mi,138,$1.2270
MSY,SJU,"50,346",$219.00,"1,771 mi",138,$0.1237
BNA,HVN,"50,321",$156.62,848 mi,138,$0.1847
ATL,MYR,"50,319",$175.56,307 mi,138,$0.5719
LAX,MSN,"50,291",$312.93,"1,633 mi",138,$0.1916
SFO,MSN,"50,281",$342.13,"1,822 mi",138,$0.1878
SAN,CDG,"50,274",$789.71,"5,513 mi",138,$0.1432
ORD,CPH,"50,269",$454.68,"4,130 mi",138,$0.1101
SEA,BKK,"50,232",$657.60,"7,225 mi",138,$0.0910
JAX,SAT,"50,186",$287.36,"1,035 mi",137,$0.2776
ATL,LIM,"50,100",$474.43,"3,287 mi",137,$0.1443
BNA,RNO,"50,088",$297.81,"1,757 mi",137,$0.1695
JFK,ABQ,"50,051",$201.44,"1,766 mi",137,$0.1141
IAD,LIM,"50,046",$343.08,"3,415 mi",137,$0.1005
AUS,HRL,"50,036",$122.86,282 mi,137,$0.4357
DCA,MYR,"49,964",$194.79,362 mi,137,$0.5381
LAX,VIE,"49,958",$787.26,"6,307 mi",137,$0.1248
EWR,UIO,"49,947",$247.05,"2,747 mi",137,$0.0899
SFO,RSW,"49,940",$404.57,"2,551 mi",137,$0.1586
LAX,LIT,"49,939",$274.98,"1,446 mi",137,$0.1902
HNL,TPA,"49,906",$505.74,"4,823 mi",137,$0.1049
CLT,HNL,"49,905",$489.68,"4,530 mi",137,$0.1081
MIA,EYW,"49,897",$111.59,121 mi,137,$0.9222
PHL,YUL,"49,855",$199.72,406 mi,137,$0.4919
LAX,BER,"49,811",$836.73,"5,632 mi",136,$0.1486
DAL,PNS,"49,810",$193.43,573 mi,136,$0.3376
BOS,GUA,"49,808",$244.27,"2,311 mi",136,$0.1057
MCO,SAP,"49,806",$115.95,"1,021 mi",136,$0.1136
EWR,GCM,"49,791",$368.12,"1,492 mi",136,$0.2467
MCO,GSO,"49,785",$208.07,552 mi,136,$0.3769
SDF,RSW,"49,759",$183.97,812 mi,136,$0.2266
MSP,NBO,"49,755",$388.77,"8,413 mi",136,$0.0462
ATL,GDL,"49,726",$317.92,"1,513 mi",136,$0.2101
MDW,SEA,"49,722",$214.03,"1,781 mi",136,$0.1202
BNA,YVR,"49,694",$256.49,"1,976 mi",136,$0.1298
BOS,MSN,"49,691",$304.39,902 mi,136,$0.3375
BWI,OKC,"49,678",$257.64,"1,142 mi",136,$0.2256
SEA,PSC,"49,660",$122.31,177 mi,136,$0.6910
PHX,XNA,"49,656",$316.29,"1,052 mi",136,$0.3007
LAX,HAN,"49,607",$765.36,"7,414 mi",136,$0.1032
BOS,DXB,"49,552","$1,540.95","6,850 mi",136,$0.2250
FLL,LEX,"49,480",$202.60,840 mi,136,$0.2412
FLL,JAX,"49,472",$157.11,309 mi,136,$0.5084
SAT,ORF,"49,467",$277.19,"1,339 mi",136,$0.2070
IAH,GRR,"49,456",$307.74,"1,074 mi",135,$0.2865
MIA,GSP,"49,451",$327.22,658 mi,135,$0.4973
LAX,DSM,"49,449",$281.73,"1,401 mi",135,$0.2011
MSP,MSO,"49,371",$264.11,980 mi,135,$0.2695
MCO,AVL,"49,331",$197.30,474 mi,135,$0.4162
MSP,AZA,"49,277",$80.56,"1,228 mi",135,$0.0656
MIA,POP,"49,215",$409.23,724 mi,135,$0.5652
JAX,MCI,"49,209",$256.89,984 mi,135,$0.2611
JFK,DSS,"49,193",$536.37,"3,942 mi",135,$0.1361
AUS,RIC,"49,082",$300.25,"1,307 mi",134,$0.2297
BWI,OMA,"49,067",$264.46,991 mi,134,$0.2669
PDX,AMS,"48,993",$974.56,"5,139 mi",134,$0.1896
ORD,ASE,"48,932",$396.95,981 mi,134,$0.4046
CVG,MYR,"48,921",$147.38,474 mi,134,$0.3109
MCO,REC,"48,920",$440.81,"3,872 mi",134,$0.1138
TPA,MHT,"48,914",$242.74,"1,241 mi",134,$0.1956
BOS,SJO,"48,888",$367.48,"2,446 mi",134,$0.1502
DFW,SYD,"48,880","$1,717.04","8,323 mi",134,$0.2063
IAH,DSM,"48,810",$275.48,827 mi,134,$0.3331
PHX,FSD,"48,786",$277.08,"1,048 mi",134,$0.2644
LAX,CGK,"48,780","$1,315.96","9,248 mi",134,$0.1423
LAS,LBB,"48,749",$260.93,796 mi,134,$0.3278
DEN,ROC,"48,734",$249.71,"1,451 mi",134,$0.1721
ORD,MSO,"48,728",$279.58,"1,369 mi",134,$0.2042
DFW,SBA,"48,726",$313.19,"1,352 mi",133,$0.2316
BOS,OKC,"48,699",$344.03,"1,457 mi",133,$0.2361
MCO,YWG,"48,678",$209.89,"1,755 mi",133,$0.1196
IAH,COS,"48,653",$275.81,833 mi,133,$0.3311
LAS,SRQ,"48,646",$337.34,"2,056 mi",133,$0.1641
DCA,ROC,"48,643",$196.85,306 mi,133,$0.6433
CLT,OKC,"48,627",$268.08,966 mi,133,$0.2775
BOS,ABQ,"48,621",$297.70,"1,911 mi",133,$0.1558
DTW,MBJ,"48,613",$327.51,"1,719 mi",133,$0.1905
MCO,CLO,"48,578",$213.83,"1,698 mi",133,$0.1259
RDU,MBJ,"48,555",$152.17,"1,238 mi",133,$0.1229
BWI,LGB,"48,426",$211.72,"2,382 mi",133,$0.0889
LAS,SYD,"48,417","$1,293.55","7,958 mi",133,$0.1625
PDX,PIT,"48,406",$304.49,"2,079 mi",133,$0.1465
PHL,OKC,"48,374",$292.55,"1,220 mi",133,$0.2398
JFK,HEL,"48,340",$770.74,"3,982 mi",132,$0.1936
DTW,MTY,"48,329",$662.10,"1,437 mi",132,$0.4608
SEA,GRR,"48,327",$315.96,"1,856 mi",132,$0.1702
IAD,MCI,"48,272",$259.72,952 mi,132,$0.2728
BWI,GRR,"48,270",$237.49,511 mi,132,$0.4648
IAH,NAS,"48,251",$343.28,"1,112 mi",132,$0.3087
BNA,PWM,"48,251",$240.36,"1,039 mi",132,$0.2313
IAD,MNL,"48,232","$1,079.23","8,812 mi",132,$0.1225
EWR,NRT,"48,231","$1,262.88","6,919 mi",132,$0.1825
FLL,POS,"48,190",$243.97,"1,580 mi",132,$0.1544
TPA,MSN,"48,184",$236.67,"1,147 mi",132,$0.2063
JFK,SKB,"48,181",$272.63,"1,689 mi",132,$0.1614
AUS,MAF,"48,147",$122.39,285 mi,132,$0.4294
SFO,BUF,"48,131",$294.67,"2,373 mi",132,$0.1242
ORD,QRO,"48,127",$245.75,"1,591 mi",132,$0.1545
DFW,OAX,"48,124",$240.50,"1,065 mi",132,$0.2258
DTW,HNL,"48,095",$787.01,"4,602 mi",132,$0.1710
SAN,RSW,"48,092",$347.57,"2,225 mi",132,$0.1562
AUS,OMA,"48,072",$237.86,751 mi,132,$0.3167
IAH,SIN,"48,057","$2,162.52","9,626 mi",132,$0.2247
PHL,DSM,"48,040",$224.11,999 mi,132,$0.2243
DFW,BZE,"47,994",$337.48,"1,156 mi",131,$0.2919
DAL,CHS,"47,917",$239.32,945 mi,131,$0.2532
TPA,CDG,"47,906",$657.96,"4,710 mi",131,$0.1397
FLL,AXM,"47,875",$156.71,"1,476 mi",131,$0.1062
STL,SJU,"47,815",$280.07,"1,965 mi",131,$0.1425
DFW,COU,"47,720",$220.45,475 mi,131,$0.4641
BOS,EYW,"47,646",$255.85,"1,416 mi",131,$0.1807
IAD,ZRH,"47,636",$927.53,"4,270 mi",131,$0.2172
BWI,VPS,"47,628",$283.01,844 mi,130,$0.3353
MSP,MBJ,"47,601",$285.25,"2,086 mi",130,$0.1367
DEN,BCN,"47,586",$666.86,"5,034 mi",130,$0.1325
DFW,LEX,"47,574",$420.03,760 mi,130,$0.5527
IAD,ADD,"47,567",$648.71,"6,969 mi",130,$0.0931
JFK,AMM,"47,537",$500.96,"5,898 mi",130,$0.0849
EWR,ILM,"47,532",$221.40,504 mi,130,$0.4393
FLL,PBG,"47,514",$125.45,"1,377 mi",130,$0.0911
DCA,SJC,"47,495",$244.35,"2,345 mi",130,$0.1042
PDX,CMH,"47,475",$298.99,"1,967 mi",130,$0.1520
MEM,SLC,"47,466",$359.02,"1,221 mi",130,$0.2940
SEA,DXB,"47,427","$1,173.07","7,189 mi",130,$0.1632
SEA,FCO,"47,419",$637.13,"5,503 mi",130,$0.1158
LAX,PAE,"47,399",$201.28,956 mi,130,$0.2105
FLL,TLV,"47,396","$1,176.77","6,375 mi",130,$0.1846
MIA,NAP,"47,391",$487.49,"5,457 mi",130,$0.0893
DFW,ASE,"47,377",$367.43,722 mi,130,$0.5089
ONT,SAT,"47,371",$243.54,"1,199 mi",130,$0.2031
BUR,RDM,"47,360",$150.41,731 mi,130,$0.2058
AUS,SDF,"47,352",$269.02,902 mi,130,$0.2982
HOU,JAX,"47,351",$243.80,790 mi,130,$0.3086
BNA,VPS,"47,320",$212.43,378 mi,130,$0.5620
BOS,DSM,"47,283",$269.09,"1,127 mi",130,$0.2388
MIA,ISP,"47,245",$232.04,"1,083 mi",129,$0.2143
CLT,BHM,"47,242",$304.29,340 mi,129,$0.8950
IAH,SLP,"47,240",$182.63,656 mi,129,$0.2784
ORD,NRT,"47,174","$1,277.96","6,071 mi",129,$0.2105
SFO,PSC,"47,162",$204.74,602 mi,129,$0.3401
DTW,PNS,"47,156",$216.54,863 mi,129,$0.2509
MCI,STL,"47,152",$219.29,229 mi,129,$0.9576
DEN,SGU,"47,115",$253.67,535 mi,129,$0.4741
JFK,PRN,"47,048",$304.63,"4,478 mi",129,$0.0680
DFW,FRA,"47,041",$781.82,"5,285 mi",129,$0.1479
MSY,BDL,"47,025",$257.86,"1,241 mi",129,$0.2078
AUS,AMS,"46,982",$868.13,"4,925 mi",129,$0.1763
BUR,ACV,"46,975",$179.76,547 mi,129,$0.3286
MIA,MKE,"46,943",$241.88,"1,299 mi",129,$0.1862
DFW,PVG,"46,892","$1,151.16","7,557 mi",128,$0.1523
HNL,MKK,"46,859",$104.24,52 mi,128,$2.0046
JFK,RNO,"46,832",$317.63,"2,333 mi",128,$0.1361
ANC,SAN,"46,748",$391.44,"2,522 mi",128,$0.1552
CLT,YUL,"46,712",$303.33,779 mi,128,$0.3894
IAD,PEK,"46,697","$1,406.79","7,112 mi",128,$0.1978
CLE,IAD,"46,679",$194.80,279 mi,128,$0.6982
LAX,ALB,"46,647",$363.73,"2,388 mi",128,$0.1523
JFK,SVD,"46,645",$232.01,"1,985 mi",128,$0.1169
PHL,BCN,"46,637",$540.30,"3,797 mi",128,$0.1423
TPA,HSV,"46,563",$213.36,508 mi,128,$0.4200
ATL,VCE,"46,541",$767.75,"5,050 mi",128,$0.1520
DEN,PUJ,"46,536",$288.51,"2,688 mi",127,$0.1073
EWR,BHM,"46,532",$243.94,874 mi,127,$0.2791
JFK,AKL,"46,524","$1,585.60","9,097 mi",127,$0.1743
JFK,RIC,"46,521",$135.24,297 mi,127,$0.4554
MDW,ALB,"46,495",$189.55,695 mi,127,$0.2727
BOS,SJC,"46,471",$243.76,"2,602 mi",127,$0.0937
DTW,IND,"46,451",$245.65,238 mi,127,$1.0321
BOS,RNO,"46,386",$344.99,"2,594 mi",127,$0.1330
DAL,PHL,"46,373",$228.72,"1,253 mi",127,$0.1825
MCO,POS,"46,331",$323.28,"1,840 mi",127,$0.1757
SLC,PSP,"46,281",$299.15,557 mi,127,$0.5371
IAH,BCN,"46,272",$756.63,"5,078 mi",127,$0.1490
DEN,BIS,"46,263",$228.58,531 mi,127,$0.4305
BOS,VCE,"46,238",$461.29,"4,076 mi",127,$0.1132
PHL,GRR,"46,207",$292.12,555 mi,127,$0.5263
LGA,ONT,"46,174",$220.70,"2,491 mi",127,$0.0886
MIA,OMA,"46,163",$269.16,"1,352 mi",126,$0.1991
BNA,HNL,"46,143",$483.84,"4,472 mi",126,$0.1082
IAH,MAD,"46,134",$827.18,"5,145 mi",126,$0.1608
DTW,YVR,"46,086",$278.67,"1,898 mi",126,$0.1468
TPA,ILM,"46,070",$213.35,529 mi,126,$0.4033
MSY,YYZ,"46,045",$323.06,"1,144 mi",126,$0.2824
DTW,SJC,"46,010",$329.66,"1,995 mi",126,$0.1652
LAX,GSP,"45,992",$298.94,"2,114 mi",126,$0.1414
LAX,WAW,"45,978",$602.32,"6,181 mi",126,$0.0974
PHL,BUF,"45,970",$244.28,287 mi,126,$0.8511
ATL,TQO,"45,953",$259.29,922 mi,126,$0.2812
IAH,MID,"45,926",$228.97,740 mi,126,$0.3094
SJC,TPA,"45,898",$299.04,"2,434 mi",126,$0.1229
SFO,VCE,"45,806",$646.57,"5,860 mi",125,$0.1103
BUR,JFK,"45,797",$228.23,"2,386 mi",125,$0.0957
BWI,TUS,"45,769",$281.84,"1,913 mi",125,$0.1473
CLT,CDG,"45,761",$637.56,"4,289 mi",125,$0.1487
IAH,ATH,"45,745",$714.47,"6,135 mi",125,$0.1165
EWR,VPS,"45,731",$186.61,"1,017 mi",125,$0.1835
PHL,AMS,"45,712",$659.06,"3,838 mi",125,$0.1717
PHX,BFL,"45,649",$199.25,411 mi,125,$0.4848
LAS,MSO,"45,648",$178.33,774 mi,125,$0.2304
TPA,XNA,"45,619",$212.59,922 mi,125,$0.2306
DEN,DAY,"45,605",$297.77,"1,050 mi",125,$0.2836
LAX,MBJ,"45,583",$334.69,"2,624 mi",125,$0.1275
RDU,PWM,"45,557",$164.06,721 mi,125,$0.2275
HNL,OKA,"45,540",$782.05,"4,794 mi",125,$0.1631
MDW,TUS,"45,505",$264.14,"1,395 mi",125,$0.1893
STL,SNA,"45,483",$312.78,"1,613 mi",125,$0.1939
LAS,LEX,"45,482",$246.86,"1,732 mi",125,$0.1425
BOS,CNF,"45,460",$547.52,"4,756 mi",125,$0.1151
PDX,HND,"45,405",$988.96,"4,991 mi",124,$0.1981
DEN,HDN,"45,393",$169.88,137 mi,124,$1.2400
FLL,ABE,"45,375",$207.63,"1,012 mi",124,$0.2052
TPA,ABQ,"45,347",$259.47,"1,540 mi",124,$0.1685
ONT,PHL,"45,307",$324.43,"2,280 mi",124,$0.1423
DTW,SJD,"45,294",$450.02,"1,946 mi",124,$0.2313
SFO,MEL,"45,291","$1,505.32","7,625 mi",124,$0.1974
IAD,LOS,"45,260",$572.73,"5,275 mi",124,$0.1086
MSP,ORF,"45,208",$292.31,"1,012 mi",124,$0.2888
FLL,XNA,"45,147",$211.40,"1,125 mi",124,$0.1879
IAD,YUL,"45,141",$225.39,504 mi,124,$0.4472
SFO,MKE,"45,124",$295.62,"1,896 mi",124,$0.1559
ATL,ZRH,"45,111",$897.17,"4,820 mi",124,$0.1861
LAS,RDM,"45,104",$196.08,628 mi,124,$0.3122
PDX,MEX,"45,104",$247.19,"2,182 mi",124,$0.1133
BOS,LIR,"45,056",$420.53,"2,293 mi",123,$0.1834
LAX,SYR,"45,049",$339.05,"2,416 mi",123,$0.1403
FLL,STX,"45,046",$139.32,"1,174 mi",123,$0.1187
AUS,ORF,"44,996",$283.35,"1,355 mi",123,$0.2091
HNL,CTS,"44,969",$501.41,"3,857 mi",123,$0.1300
CLE,JAX,"44,969",$243.88,777 mi,123,$0.3139
DCA,ILM,"44,969",$257.01,310 mi,123,$0.8291
AUS,CDG,"44,921",$855.24,"4,946 mi",123,$0.1729
EWR,POP,"44,879",$261.72,"1,418 mi",123,$0.1846
DAL,HRL,"44,836",$184.36,474 mi,123,$0.3889
ORD,TLV,"44,828","$1,039.36","6,351 mi",123,$0.1637
RDU,MHT,"44,803",$144.77,644 mi,123,$0.2248
ATL,SAP,"44,786",$241.76,"1,237 mi",123,$0.1954
LAS,AMA,"44,780",$241.50,734 mi,123,$0.3290
TPA,GCM,"44,721",$147.28,586 mi,123,$0.2513
SEA,TUL,"44,681",$285.06,"1,509 mi",122,$0.1889
PHX,SGU,"44,657",$282.87,260 mi,122,$1.0880
MCI,VPS,"44,655",$175.76,788 mi,122,$0.2230
IAH,CRP,"44,654",$177.15,195 mi,122,$0.9085
ORD,BLR,"44,643","$1,158.63","8,771 mi",122,$0.1321
ORD,AMM,"44,621",$488.95,"6,409 mi",122,$0.0763
SEA,PEK,"44,588",$702.69,"5,555 mi",122,$0.1265
STL,VPS,"44,451",$229.25,593 mi,122,$0.3866
HNL,ORF,"44,421",$662.79,"5,052 mi",122,$0.1312
RDU,GRR,"44,392",$207.64,584 mi,122,$0.3555
MSP,TYS,"44,373",$291.37,768 mi,122,$0.3794
MSP,MYR,"44,358",$197.14,"1,118 mi",122,$0.1763
MIA,BUF,"44,339",$177.97,"1,224 mi",121,$0.1454
SAT,SJC,"44,320",$256.80,"1,496 mi",121,$0.1717
ONT,SAL,"44,306",$251.13,"2,354 mi",121,$0.1067
DFW,ROW,"44,268",$190.20,447 mi,121,$0.4255
MEM,SFO,"44,159",$378.81,"1,750 mi",121,$0.2165
ATL,FAT,"44,102",$332.25,"2,053 mi",121,$0.1618
CLT,MDT,"44,045",$270.46,425 mi,121,$0.6364
MCO,COS,"44,042",$259.15,"1,565 mi",121,$0.1656
TPA,YVR,"44,032",$302.21,"2,516 mi",121,$0.1201
MCI,SJC,"44,017",$272.17,"1,431 mi",121,$0.1902
IAH,LOS,"43,984",$932.55,"6,700 mi",121,$0.1392
JAX,RIC,"43,969",$221.69,529 mi,120,$0.4191
CLT,SAV,"43,956",$266.85,208 mi,120,$1.2829
ORD,ROA,"43,955",$276.95,546 mi,120,$0.5072
IAD,PLS,"43,926",$315.79,"1,262 mi",120,$0.2502
DFW,DUB,"43,921",$709.99,"4,327 mi",120,$0.1641
ORD,COU,"43,913",$192.16,324 mi,120,$0.5931
ANC,ATL,"43,820",$587.66,"3,308 mi",120,$0.1776
LGA,SJC,"43,761",$249.88,"2,479 mi",120,$0.1008
SLC,BZN,"43,756",$257.35,337 mi,120,$0.7636
LAS,FCA,"43,749",$182.38,871 mi,120,$0.2094
MSP,KEF,"43,718",$307.85,"3,024 mi",120,$0.1018
LAS,BIS,"43,699",$191.74,"1,016 mi",120,$0.1887
IAD,SGN,"43,657",$652.25,"8,718 mi",120,$0.0748
DCA,XNA,"43,645",$340.36,932 mi,120,$0.3652
SAT,COS,"43,606",$205.53,711 mi,119,$0.2891
SAN,SDF,"43,593",$292.67,"1,747 mi",119,$0.1675
SAT,RIC,"43,545",$280.02,"1,373 mi",119,$0.2039
ORD,EZE,"43,485","$1,059.90","5,791 mi",119,$0.1830
DFW,MBJ,"43,457",$289.88,"1,500 mi",119,$0.1933
EWR,TIA,"43,443",$309.07,"4,759 mi",119,$0.0649
SEA,IST,"43,439",$581.08,"6,237 mi",119,$0.0932
DTW,BEY,"43,412",$531.92,"6,089 mi",119,$0.0874
RDU,SNA,"43,410",$340.77,"2,274 mi",119,$0.1499
MIA,PEI,"43,399",$210.87,"1,525 mi",119,$0.1383
IAD,BKK,"43,382","$1,058.58","8,534 mi",119,$0.1240
LAS,HSV,"43,375",$240.36,"1,644 mi",119,$0.1462
ATL,GSP,"43,351",$113.44,158 mi,119,$0.7180
DFW,EUG,"43,314",$291.06,"1,556 mi",119,$0.1871
ORD,EDI,"43,288",$680.96,"3,812 mi",119,$0.1786
MCO,ABE,"43,278",$249.48,881 mi,119,$0.2832
BNA,TUS,"43,264",$278.17,"1,453 mi",119,$0.1914
ATL,ILM,"43,250",$223.98,387 mi,118,$0.5788
LAX,LTO,"43,234",$179.60,672 mi,118,$0.2673
IAH,MBJ,"43,232",$274.20,"1,392 mi",118,$0.1970
PDX,OKC,"43,212",$270.73,"1,438 mi",118,$0.1883
LAX,FLR,"43,197",$892.18,"6,013 mi",118,$0.1484
CVG,PBI,"43,167",$219.74,867 mi,118,$0.2534
SAN,MFR,"43,165",$181.39,713 mi,118,$0.2544
MSP,ICN,"43,148","$1,389.97","6,045 mi",118,$0.2299
LAX,PRG,"43,122",$665.35,"5,772 mi",118,$0.1153
DEN,MUC,"43,120",$724.89,"5,367 mi",118,$0.1351
SDF,SLC,"43,103",$299.49,"1,448 mi",118,$0.2068
RDU,SJC,"43,091",$314.24,"2,303 mi",118,$0.1364
PHL,BTV,"43,069",$342.91,345 mi,118,$0.9939
CLT,MYR,"43,062",$118.22,151 mi,118,$0.7829
AUS,MTY,"43,049",$123.23,349 mi,118,$0.3531
LAS,PVR,"43,013",$156.90,"1,184 mi",118,$0.1325
SLC,FCA,"42,999",$294.14,516 mi,118,$0.5700
LGA,BGR,"42,992",$249.13,367 mi,118,$0.6788
MIA,RTB,"42,986",$432.75,745 mi,118,$0.5809
DFW,EYW,"42,964",$335.15,"1,056 mi",118,$0.3174
MIA,EGE,"42,952",$557.79,"1,863 mi",118,$0.2994
TPA,FCO,"42,948",$628.22,"5,030 mi",118,$0.1249
CLE,LHR,"42,930",$724.24,"3,621 mi",118,$0.2000
PHL,ILM,"42,903",$287.18,426 mi,118,$0.6741
JFK,TQO,"42,881",$211.13,"1,584 mi",117,$0.1333
IAH,RNO,"42,854",$313.78,"1,482 mi",117,$0.2117
PDX,BIL,"42,850",$203.43,698 mi,117,$0.2914
LAS,AVL,"42,847",$235.65,"1,765 mi",117,$0.1335
PHX,AMS,"42,845",$663.50,"5,234 mi",117,$0.1268
MCO,BZN,"42,800",$317.24,"2,075 mi",117,$0.1529
BOS,VIE,"42,795",$861.18,"4,163 mi",117,$0.2069
IAH,YUL,"42,786",$424.25,"1,632 mi",117,$0.2600
ATL,UIO,"42,770",$442.54,"2,295 mi",117,$0.1928
STL,MBJ,"42,749",$233.26,"1,538 mi",117,$0.1517
LAX,FAT,"42,730",$188.91,203 mi,117,$0.9306
DCA,ECP,"42,702",$267.53,746 mi,117,$0.3586
RDU,SRQ,"42,702",$175.33,645 mi,117,$0.2718
LAX,LIN,"42,659",$776.95,"5,869 mi",117,$0.1324
ORD,SYD,"42,609","$2,033.49","8,957 mi",117,$0.2270
LAS,MSN,"42,603",$316.45,"1,495 mi",117,$0.2117
ORD,BEG,"42,588",$475.05,"4,834 mi",117,$0.0983
DFW,MRY,"42,584",$377.68,"1,470 mi",117,$0.2569
LAS,MYR,"42,584",$286.16,"1,987 mi",117,$0.1440
DFW,ATH,"42,570",$729.67,"6,433 mi",117,$0.1134
DTW,ICN,"42,566","$1,669.77","6,421 mi",117,$0.2600
ORD,DAY,"42,566",$187.86,247 mi,117,$0.7606
PDX,OMA,"42,547",$255.95,"1,406 mi",117,$0.1820
JFK,ISB,"42,525",$590.71,"6,680 mi",117,$0.0884
SAT,ABQ,"42,503",$217.84,627 mi,116,$0.3474
LAX,NAP,"42,483",$696.12,"6,649 mi",116,$0.1047
CVG,CDG,"42,481",$815.46,"4,020 mi",116,$0.2029
BOS,RAI,"42,477",$270.79,"3,489 mi",116,$0.0776
JFK,BEG,"42,471",$476.54,"4,364 mi",116,$0.1092
MCO,LGB,"42,447",$225.36,"2,265 mi",116,$0.0995
MDW,RNO,"42,437",$282.52,"1,726 mi",116,$0.1637
SAN,GRR,"42,418",$309.34,"1,908 mi",116,$0.1621
PHX,BCN,"42,379",$557.62,"5,965 mi",116,$0.0935
ONT,TPA,"42,357",$282.65,"2,171 mi",116,$0.1302
BOS,FLR,"42,352",$522.17,"4,085 mi",116,$0.1278
JFK,ITM,"42,331","$1,370.75","6,697 mi",116,$0.2047
MSP,ONT,"42,299",$287.31,"1,536 mi",116,$0.1871
LAS,YWG,"42,298",$175.75,"1,349 mi",116,$0.1303
IAH,IST,"42,278",$652.60,"6,166 mi",116,$0.1058
MCI,ONT,"42,276",$288.49,"1,276 mi",116,$0.2261
MCO,ICN,"42,266","$1,017.09","7,315 mi",116,$0.1390
LAS,SHV,"42,231",$182.29,"1,277 mi",116,$0.1427
LAX,BRU,"42,224",$658.43,"5,794 mi",116,$0.1136
FLL,ILM,"42,204",$193.07,565 mi,116,$0.3417
SEA,KEF,"42,181",$457.29,"3,719 mi",116,$0.1230
ORD,BGR,"42,175",$300.54,946 mi,116,$0.3177
HNL,STL,"42,167",$441.50,"3,998 mi",116,$0.1104
AUS,TUS,"42,054",$244.29,819 mi,115,$0.2983
IAD,NBO,"42,050",$857.29,"7,345 mi",115,$0.1167
DEN,VPS,"42,000",$245.08,"1,245 mi",115,$0.1969
IAD,SBN,"41,988",$181.47,519 mi,115,$0.3497
IAD,YYC,"41,957",$320.47,"2,005 mi",115,$0.1598
PHL,LIS,"41,949",$532.74,"3,552 mi",115,$0.1500
IAH,DEL,"41,947","$1,010.71","8,611 mi",115,$0.1174
LAS,YOW,"41,919",$251.75,"2,076 mi",115,$0.1213
SEA,KTN,"41,910",$286.78,699 mi,115,$0.4103
LAS,MOT,"41,905",$215.62,"1,131 mi",115,$0.1906
RDU,MKE,"41,897",$233.42,709 mi,115,$0.3292
CVG,BDL,"41,895",$255.46,640 mi,115,$0.3992
BUR,MCO,"41,884",$284.27,"2,145 mi",115,$0.1325
LAX,GIG,"41,877",$899.56,"6,489 mi",115,$0.1386
ORD,PTY,"41,864",$386.95,"2,402 mi",115,$0.1611
DFW,GCM,"41,855",$352.42,"1,310 mi",115,$0.2690
LAS,ECP,"41,823",$309.24,"1,683 mi",115,$0.1837
SLC,SBA,"41,806",$241.45,597 mi,115,$0.4044
BOS,BHM,"41,784",$304.49,"1,018 mi",114,$0.2991
MCO,YEG,"41,779",$263.07,"2,299 mi",114,$0.1144
AUS,BUF,"41,775",$251.53,"1,406 mi",114,$0.1789
MCO,OAK,"41,774",$267.98,"2,506 mi",114,$0.1069
LAS,SBN,"41,769",$224.21,"1,639 mi",114,$0.1368
PIT,VPS,"41,750",$155.35,799 mi,114,$0.1944
MIA,NCE,"41,740","$1,156.06","5,039 mi",114,$0.2294
LAX,GVA,"41,706","$1,057.85","5,732 mi",114,$0.1846
BOS,BER,"41,671",$811.03,"3,898 mi",114,$0.2081
IAD,GVA,"41,658","$1,132.62","4,202 mi",114,$0.2695
DTW,OKC,"41,652",$293.45,925 mi,114,$0.3172
DFW,MOB,"41,608",$313.10,522 mi,114,$0.5998
DEN,LBB,"41,606",$208.17,470 mi,114,$0.4429
DTW,TYS,"41,587",$304.40,457 mi,114,$0.6661
DFW,PIA,"41,581",$331.58,693 mi,114,$0.4785
SLC,RSW,"41,576",$354.95,"2,042 mi",114,$0.1738
LGA,ELP,"41,554",$323.58,"1,845 mi",114,$0.1754
MCO,SBN,"41,536",$225.37,930 mi,114,$0.2423
LAX,ICT,"41,534",$250.81,"1,236 mi",114,$0.2029
BOS,ONT,"41,520",$296.88,"2,484 mi",114,$0.1195
BNA,BOI,"41,519",$285.98,"1,688 mi",114,$0.1694
HNL,RDU,"41,508",$493.56,"4,637 mi",114,$0.1064
LAS,HKG,"41,506","$1,010.35","7,066 mi",114,$0.1430
SLC,YVR,"41,505",$317.23,773 mi,114,$0.4104
IAD,VIE,"41,505","$1,094.33","4,586 mi",114,$0.2386
HOU,MSP,"41,500",$194.13,"1,027 mi",114,$0.1890
DTW,OMA,"41,484",$281.90,668 mi,114,$0.4220
ORD,VPS,"41,464",$328.03,774 mi,114,$0.4238
LAS,PIA,"41,447",$211.01,"1,452 mi",114,$0.1453
MCO,FAT,"41,434",$267.38,"2,223 mi",114,$0.1203
DFW,SBP,"41,419",$411.13,"1,316 mi",113,$0.3124
MDW,COS,"41,410",$205.72,888 mi,113,$0.2317
SLC,BIL,"41,395",$300.17,399 mi,113,$0.7523
SFO,BRU,"41,356",$890.51,"5,360 mi",113,$0.1661
PHX,SRQ,"41,255",$281.66,"1,851 mi",113,$0.1522
IAD,COS,"41,252",$349.98,"1,416 mi",113,$0.2472
IAD,SDF,"41,230",$198.67,436 mi,113,$0.4557
MIA,GVA,"41,216","$1,098.21","4,932 mi",113,$0.2227
LAX,PNS,"41,215",$321.35,"1,779 mi",113,$0.1806
HOU,PVU,"41,199",$128.74,"1,215 mi",113,$0.1060
CVG,IAD,"41,197",$194.71,375 mi,113,$0.5192
CLT,FCO,"41,178",$556.48,"4,944 mi",113,$0.1126
EWR,BUD,"41,169",$502.43,"4,503 mi",113,$0.1116
PHX,HND,"41,167","$1,354.41","5,963 mi",113,$0.2271
JFK,BRI,"41,163",$450.84,"4,624 mi",113,$0.0975
LGA,SYR,"41,155",$183.66,204 mi,113,$0.9003
DEN,MRY,"41,151",$286.93,928 mi,113,$0.3092
SDF,SFB,"41,126",$111.04,678 mi,113,$0.1638
ATL,PSP,"41,103",$375.13,"1,781 mi",113,$0.2106
JFK,MRS,"41,082",$541.85,"4,016 mi",113,$0.1349
PDX,YYZ,"41,075",$332.94,"2,154 mi",113,$0.1546
ORD,PEK,"41,068","$1,099.02","6,760 mi",113,$0.1626
STL,SAV,"41,062",$227.32,710 mi,112,$0.3202
PHX,GSP,"41,060",$333.50,"1,751 mi",112,$0.1905
DFW,GRU,"41,058",$961.52,"5,276 mi",112,$0.1822
JAX,TYS,"41,057",$202.62,379 mi,112,$0.5346
ATL,DEL,"41,052",$692.37,"7,733 mi",112,$0.0895
HOU,PNS,"40,990",$177.45,502 mi,112,$0.3535
SEA,BHM,"40,988",$349.02,"2,013 mi",112,$0.1734
SEA,BUF,"40,974",$309.31,"2,179 mi",112,$0.1420
MCI,LHR,"40,956",$807.69,"4,197 mi",112,$0.1924
BWI,AUA,"40,956",$349.57,"1,830 mi",112,$0.1910
JFK,DPS,"40,944","$1,054.28","9,860 mi",112,$0.1069
BOS,BOG,"40,876",$284.28,"2,687 mi",112,$0.1058
LAX,PSC,"40,848",$179.58,878 mi,112,$0.2045
AUS,LBB,"40,844",$219.91,332 mi,112,$0.6624
LAS,MUC,"40,835",$692.68,"5,926 mi",112,$0.1169
CVG,MCI,"40,831",$271.06,522 mi,112,$0.5193
IAH,AMA,"40,788",$235.53,533 mi,112,$0.4419
PIT,SJU,"40,788",$225.76,"1,794 mi",112,$0.1258
PHX,ROC,"40,776",$276.56,"1,904 mi",112,$0.1453
SAN,TUL,"40,775",$241.92,"1,197 mi",112,$0.2021
MCO,CHA,"40,761",$231.10,495 mi,112,$0.4669
IAD,PIT,"40,742",$149.50,177 mi,112,$0.8446
SEA,FCA,"40,724",$218.37,389 mi,112,$0.5614
MCO,ICT,"40,692",$267.91,"1,162 mi",111,$0.2306
SEA,BOM,"40,671",$653.87,"7,511 mi",111,$0.0871
EWR,DSM,"40,642",$245.82,"1,044 mi",111,$0.2355
MIA,ONT,"40,621",$282.77,"2,223 mi",111,$0.1272
MIA,CUC,"40,620",$213.36,"1,376 mi",111,$0.1551
SAN,SJU,"40,618",$399.18,"3,404 mi",111,$0.1173
ORD,STT,"40,614",$517.75,"2,182 mi",111,$0.2373
PHL,PVD,"40,589",$303.18,230 mi,111,$1.3182
DEN,SBP,"40,586",$271.34,958 mi,111,$0.2832
SAN,CUN,"40,550",$236.94,"1,965 mi",111,$0.1206
SEA,YUL,"40,542",$398.95,"2,346 mi",111,$0.1701
MIA,GSO,"40,539",$317.89,733 mi,111,$0.4337
LAX,FCA,"40,488",$243.41,"1,046 mi",111,$0.2327
HOU,CHS,"40,471",$254.00,899 mi,111,$0.2825
SLC,BUF,"40,447",$279.31,"1,655 mi",111,$0.1688
DAL,PDX,"40,387",$241.86,"1,575 mi",111,$0.1536
DTW,PWM,"40,370",$291.39,647 mi,111,$0.4504
DTW,YYZ,"40,364",$237.40,220 mi,111,$1.0791
LAX,ARN,"40,330",$608.76,"5,672 mi",110,$0.1073
DCA,AVL,"40,313",$287.05,396 mi,110,$0.7249
LAX,DAD,"40,272",$557.52,"8,054 mi",110,$0.0692
SAN,COS,"40,269",$228.18,839 mi,110,$0.2720
LAS,CHA,"40,231",$267.45,"1,628 mi",110,$0.1643
MSP,FAR,"40,219",$200.37,230 mi,110,$0.8712
HOU,ECP,"40,213",$196.06,552 mi,110,$0.3552
ATL,JAC,"40,207",$454.71,"1,616 mi",110,$0.2814
MIA,BUD,"40,189",$595.98,"5,502 mi",110,$0.1083
RDU,HPN,"40,176",$124.79,438 mi,110,$0.2849
SAN,FCO,"40,168",$697.83,"6,559 mi",110,$0.1064
BOS,DAL,"40,166",$215.45,"1,505 mi",110,$0.1432
STL,TUL,"40,137",$203.81,360 mi,110,$0.5661
ANC,EWR,"40,136",$544.44,"3,260 mi",110,$0.1670
DAL,VPS,"40,115",$243.28,648 mi,110,$0.3754
AUS,ALB,"40,109",$307.88,"1,529 mi",110,$0.2014
ATL,OGG,"40,083",$648.08,"4,291 mi",110,$0.1510
PHX,AVL,"40,075",$237.59,"1,629 mi",110,$0.1459
SAN,MNL,"40,074",$755.88,"7,620 mi",110,$0.0992
SFO,GRR,"40,054",$358.54,"1,903 mi",110,$0.1884
EWR,SAP,"40,048",$224.41,"1,987 mi",110,$0.1129
PDX,DSM,"40,037",$263.94,"1,511 mi",110,$0.1747
SFO,ORF,"40,011",$328.86,"2,589 mi",110,$0.1270
MCO,KEF,"40,006",$422.12,"3,635 mi",110,$0.1161
BOS,OPO,"39,987",$379.32,"3,230 mi",110,$0.1174
PHL,XNA,"39,948",$315.13,"1,096 mi",109,$0.2875
STL,OAK,"39,934",$295.24,"1,669 mi",109,$0.1769
LAX,CRK,"39,931",$395.27,"7,505 mi",109,$0.0527
BOS,SXM,"39,924",$467.34,"1,795 mi",109,$0.2604
PHX,ECP,"39,919",$280.23,"1,594 mi",109,$0.1758
JAX,HVN,"39,895",$158.55,864 mi,109,$0.1835
MCI,ECP,"39,855",$261.53,821 mi,109,$0.3186
MIA,ARN,"39,849",$386.20,"5,117 mi",109,$0.0755
MIA,OKC,"39,842",$260.47,"1,259 mi",109,$0.2069
DEN,ATH,"39,828",$724.96,"6,339 mi",109,$0.1144
IAD,VCE,"39,821",$589.79,"4,501 mi",109,$0.1310
SLC,ELP,"39,818",$230.90,673 mi,109,$0.3431
SAT,CHS,"39,815",$291.04,"1,079 mi",109,$0.2697
EWR,TQO,"39,813",$245.01,"1,674 mi",109,$0.1464
RDU,PNS,"39,812",$199.33,630 mi,109,$0.3164
BOS,BLR,"39,786","$1,013.27","7,871 mi",109,$0.1287
PIT,PUJ,"39,768",$225.58,"1,621 mi",109,$0.1392
LGA,TUS,"39,759",$347.80,"2,192 mi",109,$0.1587
LGA,ROA,"39,739",$251.33,393 mi,109,$0.6395
MSP,BIL,"39,736",$239.83,724 mi,109,$0.3313
MSP,YUL,"39,716",$310.42,975 mi,109,$0.3184
PHX,YWG,"39,703",$198.55,"1,406 mi",109,$0.1412
PIT,PVD,"39,697",$163.40,480 mi,109,$0.3404
IAH,SGF,"39,648",$236.27,499 mi,109,$0.4735
ATL,SGN,"39,614",$708.07,"9,002 mi",109,$0.0787
DCA,GSO,"39,580",$223.69,241 mi,108,$0.9282
SLC,MSN,"39,577",$340.21,"1,206 mi",108,$0.2821
SAN,HND,"39,555",$956.62,"5,749 mi",108,$0.1664
SAT,OMA,"39,554",$258.98,851 mi,108,$0.3043
HNL,MCI,"39,537",$422.85,"4,005 mi",108,$0.1056
DAL,SAV,"39,532",$243.34,886 mi,108,$0.2747
JFK,GLA,"39,519",$635.97,"3,111 mi",108,$0.2044
SLC,CHS,"39,509",$347.19,"1,781 mi",108,$0.1949
MIA,GGT,"39,469",$155.68,327 mi,108,$0.4761
ORD,SGN,"39,462",$633.18,"8,413 mi",108,$0.0753
MIA,POA,"39,460",$541.04,"4,438 mi",108,$0.1219
PHL,STT,"39,459",$361.68,"1,561 mi",108,$0.2317
ATL,MLB,"39,454",$238.78,456 mi,108,$0.5236
MIA,SKB,"39,436",$396.14,"1,308 mi",108,$0.3029
SLC,JAC,"39,430",$217.59,199 mi,108,$1.0934
DEN,XWA,"39,420",$288.45,565 mi,108,$0.5105
BOS,GSP,"39,412",$269.60,818 mi,108,$0.3296
IAD,BUF,"39,401",$173.82,275 mi,108,$0.6321
BOS,SGN,"39,396",$679.92,"8,496 mi",108,$0.0800
CLT,DAL,"39,396",$224.96,952 mi,108,$0.2363
SEA,SIT,"39,392",$294.70,834 mi,108,$0.3534
IAH,MGA,"39,386",$324.34,"1,325 mi",108,$0.2448
ATL,UVF,"39,372",$424.70,"2,074 mi",108,$0.2048
DTW,ELP,"39,349",$356.99,"1,410 mi",108,$0.2532
DFW,CZM,"39,328",$257.49,"1,089 mi",108,$0.2364
SDF,VPS,"39,327",$138.94,517 mi,108,$0.2687
STL,BDL,"39,325",$265.37,984 mi,108,$0.2697
CVG,SAT,"39,312",$299.14,993 mi,108,$0.3012
IAH,FRA,"39,304",$999.30,"5,378 mi",108,$0.1858
MCI,RNO,"39,291",$309.16,"1,373 mi",108,$0.2252
LAS,RAP,"39,287",$178.58,867 mi,108,$0.2060
LAX,MAN,"39,277",$744.80,"5,459 mi",108,$0.1364
LAS,FWA,"39,275",$220.34,"1,695 mi",108,$0.1300
MDW,ECP,"39,270",$180.39,773 mi,108,$0.2334
AUS,ICN,"39,266","$1,181.46","7,170 mi",108,$0.1648
CVG,YYZ,"39,251",$376.62,425 mi,108,$0.8862
SFO,YEG,"39,250",$220.75,"1,128 mi",108,$0.1957
PHX,SYR,"39,248",$292.02,"2,102 mi",108,$0.1389
LAX,ROC,"39,239",$308.62,"2,335 mi",108,$0.1322
LGA,ASE,"39,236",$702.89,"1,687 mi",107,$0.4167
LAS,PVG,"39,229",$664.61,"6,701 mi",107,$0.0992
LAS,IDA,"39,204",$181.65,523 mi,107,$0.3473
PDX,SBP,"39,203",$203.22,700 mi,107,$0.2903
PHX,PWM,"39,184",$271.55,"2,264 mi",107,$0.1199
AUS,AVL,"39,178",$193.78,977 mi,107,$0.1983
IAD,EDI,"39,167",$659.44,"3,364 mi",107,$0.1960
IAH,VER,"39,152",$306.68,728 mi,107,$0.4213
IAH,HKG,"39,135","$1,016.91","8,084 mi",107,$0.1258
OGG,YYC,"39,135",$360.69,"3,182 mi",107,$0.1134
EWR,SYD,"39,109","$2,080.44","10,228 mi",107,$0.2034
SEA,IDA,"39,088",$195.63,548 mi,107,$0.3570
MCO,MUC,"39,063",$650.08,"5,058 mi",107,$0.1285
BOS,BOI,"39,061",$335.19,"2,327 mi",107,$0.1440
ATL,LIS,"39,049",$754.05,"3,969 mi",107,$0.1900
IAD,BER,"39,037",$807.53,"4,318 mi",107,$0.1870
SAT,MKE,"39,012",$250.75,"1,129 mi",107,$0.2221
ATL,GIG,"39,007",$830.63,"4,606 mi",107,$0.1803
RDU,KEF,"39,002",$314.14,"2,921 mi",107,$0.1075
SAN,AMS,"39,001",$894.57,"5,767 mi",107,$0.1551
IAH,GCM,"38,971",$386.55,"1,112 mi",107,$0.3476
PHL,SJC,"38,938",$236.01,"2,573 mi",107,$0.0917
EWR,OSL,"38,926",$540.07,"3,797 mi",107,$0.1422
BNA,FSD,"38,890",$186.73,763 mi,107,$0.2447
CLT,BGI,"38,886",$339.73,"1,971 mi",107,$0.1724
SAN,BZN,"38,851",$203.45,928 mi,106,$0.2192
MIA,MAN,"38,848",$486.71,"4,453 mi",106,$0.1093
LAX,BUD,"38,842",$700.85,"6,419 mi",106,$0.1092
SFO,OKC,"38,842",$304.61,"1,422 mi",106,$0.2142
PDX,GRR,"38,828",$274.66,"1,773 mi",106,$0.1549
MSP,FAT,"38,825",$273.76,"1,441 mi",106,$0.1900
HOU,TUS,"38,812",$254.10,971 mi,106,$0.2617
DEN,EGE,"38,811",$196.32,116 mi,106,$1.6924
LAS,FCO,"38,801",$618.29,"6,296 mi",106,$0.0982
MEM,PIT,"38,792",$266.12,631 mi,106,$0.4217
SFO,DAD,"38,771",$493.51,"7,710 mi",106,$0.0640
IAH,HAV,"38,770",$185.37,961 mi,106,$0.1929
IAH,HND,"38,769","$1,764.90","6,864 mi",106,$0.2571
MIA,SCU,"38,738",$161.45,507 mi,106,$0.3184
ONT,IND,"38,727",$280.14,"1,711 mi",106,$0.1637
BWI,RNO,"38,719",$306.20,"2,213 mi",106,$0.1384
MSP,XNA,"38,675",$316.70,579 mi,106,$0.5470
JFK,JNB,"38,645","$1,085.80","7,734 mi",106,$0.1404
SFO,NAN,"38,630",$620.00,"5,629 mi",106,$0.1101
DEN,CUU,"38,618",$141.14,797 mi,106,$0.1771
RDU,OMA,"38,607",$257.93,"1,025 mi",106,$0.2516
FLL,MGA,"38,583",$122.06,"1,008 mi",106,$0.1211
IAH,JAN,"38,558",$210.03,340 mi,106,$0.6177
IAH,TUS,"38,547",$276.07,906 mi,106,$0.3047
TPA,BOG,"38,546",$207.72,"1,649 mi",106,$0.1260
SJC,PVR,"38,545",$215.48,"1,572 mi",106,$0.1371
PDX,PVU,"38,493",$122.58,683 mi,105,$0.1795
LAS,EZE,"38,480",$740.24,"5,921 mi",105,$0.1250
SEA,DSM,"38,452",$306.33,"1,417 mi",105,$0.2162
SFO,ALB,"38,450",$373.84,"2,476 mi",105,$0.1510
SEA,CPH,"38,446",$472.07,"4,999 mi",105,$0.0944
JFK,TGD,"38,405",$403.46,"4,685 mi",105,$0.0861
MSY,MKE,"38,401",$230.78,931 mi,105,$0.2479
MIA,BRU,"38,387",$548.96,"4,774 mi",105,$0.1150
MIA,SNA,"38,362",$414.45,"2,375 mi",105,$0.1745
SFO,EZE,"38,359","$1,277.43","6,270 mi",105,$0.2037
IAD,MBJ,"38,339",$262.73,"1,371 mi",105,$0.1916
JFK,SHA,"38,325","$1,207.31","7,159 mi",105,$0.1686
SFO,HAN,"38,311","$1,027.23","7,086 mi",105,$0.1450
ATL,CHO,"38,307",$246.31,443 mi,105,$0.5560
CLT,GDL,"38,287",$170.94,"1,644 mi",105,$0.1040
TPA,TUL,"38,262",$245.71,994 mi,105,$0.2472
DTW,SDF,"38,255",$299.22,297 mi,105,$1.0075
IAD,JFK,"38,245",$115.45,235 mi,105,$0.4913
MCO,YQB,"38,238",$228.49,"1,418 mi",105,$0.1611
EWR,KRK,"38,234",$415.34,"4,168 mi",105,$0.0996
DEN,FRA,"38,225",$727.98,"4,875 mi",105,$0.1493
STL,LHR,"38,192",$877.87,"4,063 mi",105,$0.2161
CLE,BDL,"38,190",$237.78,460 mi,105,$0.5169
MDW,DGO,"38,125",$90.96,"1,507 mi",104,$0.0604
IAH,CZM,"38,083",$228.73,813 mi,104,$0.2813
ATL,KIN,"38,070",$261.15,"1,148 mi",104,$0.2275
HNL,BOI,"38,055",$352.84,"2,918 mi",104,$0.1209
EWR,AGP,"38,031",$576.28,"3,777 mi",104,$0.1526
DCA,TLH,"38,013",$325.52,739 mi,104,$0.4405
SAN,DSM,"37,989",$237.78,"1,382 mi",104,$0.1721
SAT,BDL,"37,944",$302.95,"1,621 mi",104,$0.1869
EWR,YQB,"37,916",$305.30,456 mi,104,$0.6695
CLT,SXM,"37,912",$568.82,"1,565 mi",104,$0.3635
BNA,MDT,"37,900",$228.04,625 mi,104,$0.3649
SAN,BUF,"37,867",$295.76,"2,258 mi",104,$0.1310
ORD,AVP,"37,863",$257.99,611 mi,104,$0.4222
SDF,PGD,"37,846",$140.21,783 mi,104,$0.1791
IAD,ROC,"37,845",$178.93,280 mi,104,$0.6390
LAS,MLI,"37,835",$194.43,"1,332 mi",104,$0.1460
DTW,GSO,"37,782",$250.92,474 mi,104,$0.5294
CVG,DTW,"37,758",$228.82,222 mi,103,$1.0307
IAD,STL,"37,757",$289.11,715 mi,103,$0.4043
ANC,KOA,"37,717",$446.03,"2,964 mi",103,$0.1505
JFK,AUH,"37,714","$2,282.93","6,648 mi",103,$0.3434
DFW,TVC,"37,694",$372.43,"1,053 mi",103,$0.3537
MCO,PVU,"37,674",$222.39,"1,961 mi",103,$0.1134
ATL,HSV,"37,642",$137.89,146 mi,103,$0.9445
LGA,EYW,"37,595",$326.06,"1,246 mi",103,$0.2617
TPA,CAK,"37,579",$170.76,869 mi,103,$0.1965
IAH,BOI,"37,527",$281.83,"1,525 mi",103,$0.1848
SAN,MSN,"37,516",$325.36,"1,619 mi",103,$0.2010
DTW,ALB,"37,515",$262.98,503 mi,103,$0.5228
SAT,SDF,"37,512",$260.27,970 mi,103,$0.2683
DEN,ZRH,"37,488",$851.67,"4,991 mi",103,$0.1706
MSP,BIS,"37,454",$261.15,373 mi,103,$0.7001
IAD,MXP,"37,431",$534.93,"4,085 mi",103,$0.1309
SLC,MSO,"37,430",$262.67,449 mi,103,$0.5850
MCO,UIO,"37,399",$199.63,"1,923 mi",102,$0.1038
DEN,GSO,"37,381",$284.34,"1,326 mi",102,$0.2144
MIA,VIE,"37,372",$726.27,"5,054 mi",102,$0.1437
FLL,SXM,"37,361",$172.44,"1,186 mi",102,$0.1454
FLL,LIM,"37,353",$113.76,"2,561 mi",102,$0.0444
JFK,ACK,"37,343",$198.44,205 mi,102,$0.9680
ATL,BGI,"37,331",$356.01,"2,178 mi",102,$0.1635
ORD,CID,"37,329",$136.29,202 mi,102,$0.6747
MDW,SNA,"37,320",$244.76,"1,780 mi",102,$0.1375
CLT,SJD,"37,306",$294.16,"1,973 mi",102,$0.1491
ORD,LIM,"37,304",$524.38,"3,679 mi",102,$0.1425
LGA,SEA,"37,288",$283.98,"2,334 mi",102,$0.1217
MIA,CNF,"37,277",$471.48,"4,093 mi",102,$0.1152
MSY,RSW,"37,267",$234.79,587 mi,102,$0.4000
DTW,RNO,"37,237",$346.76,"1,841 mi",102,$0.1884
JFK,OGG,"37,234",$611.91,"4,769 mi",102,$0.1283
FLL,OMA,"37,223",$259.16,"1,424 mi",102,$0.1820
IAD,BLR,"37,190",$772.17,"8,748 mi",102,$0.0883
LGA,ACK,"37,174",$247.48,207 mi,102,$1.1956
CLE,SNA,"37,173",$353.02,"1,967 mi",102,$0.1795
ATL,HYD,"37,161",$729.27,"8,483 mi",102,$0.0860
BNA,PGD,"37,144",$117.68,714 mi,102,$0.1648
DAL,LIT,"37,125",$158.25,305 mi,102,$0.5189
IAH,LIM,"37,110",$714.11,"3,052 mi",102,$0.2340
PHL,SDQ,"37,086",$184.23,"1,472 mi",102,$0.1252
STL,YYZ,"37,077",$299.43,633 mi,102,$0.4730
MEM,SAT,"37,075",$264.94,644 mi,102,$0.4114
DAL,RNO,"37,054",$291.80,"1,313 mi",102,$0.2222
BNA,ATW,"37,050",$195.08,554 mi,102,$0.3521
MSY,PVD,"37,037",$265.53,"1,365 mi",101,$0.1945
DEN,MHT,"37,024",$267.61,"1,776 mi",101,$0.1507
ATL,JNB,"37,015","$1,414.16","8,692 mi",101,$0.1627
DCA,JAN,"36,999",$285.40,885 mi,101,$0.3225
HNL,LHR,"36,989",$909.71,"7,007 mi",101,$0.1298
MEM,IND,"36,982",$325.80,370 mi,101,$0.8805
BOS,PSP,"36,965",$429.75,"2,587 mi",101,$0.1661
SJC,PSP,"36,959",$208.68,378 mi,101,$0.5521
ORD,VIE,"36,945",$874.39,"4,843 mi",101,$0.1805
PDX,FRA,"36,894",$651.68,"5,367 mi",101,$0.1214
PHL,ABQ,"36,883",$311.29,"1,795 mi",101,$0.1734
IAH,LFT,"36,863",$209.74,207 mi,101,$1.0132
DEN,NRT,"36,856","$1,197.21","5,601 mi",101,$0.2137
SEA,BCN,"36,831",$631.01,"5,261 mi",101,$0.1199
ORD,NAP,"36,818",$611.42,"5,081 mi",101,$0.1203
SLC,GRR,"36,805",$336.44,"1,405 mi",101,$0.2395
MDW,SDF,"36,790",$172.79,263 mi,101,$0.6570
MSY,SNA,"36,772",$316.26,"1,587 mi",101,$0.1993
MDW,VPS,"36,763",$200.42,760 mi,101,$0.2637
ORD,EGE,"36,730",$387.96,"1,035 mi",101,$0.3748
CLE,SMF,"36,723",$280.71,"2,029 mi",101,$0.1383
DTW,HPN,"36,720",$274.70,489 mi,101,$0.5618
HOU,MIA,"36,713",$208.84,983 mi,101,$0.2125
PHL,YVR,"36,709",$323.06,"2,332 mi",101,$0.1385
DTW,MUC,"36,698",$906.72,"4,205 mi",101,$0.2156
JFK,MED,"36,680",$347.30,"6,049 mi",100,$0.0574
RDU,BTV,"36,647",$193.53,644 mi,100,$0.3005
DFW,MLI,"36,629",$359.04,670 mi,100,$0.5359
RDU,ISP,"36,625",$116.01,473 mi,100,$0.2453
FLL,SAV,"36,622",$206.04,410 mi,100,$0.5025
SFO,SBD,"36,607",$146.53,388 mi,100,$0.3777
DFW,EVV,"36,592",$342.62,622 mi,100,$0.5508
JFK,BZN,"36,580",$280.87,"1,954 mi",100,$0.1437
JFK,TBS,"36,579",$359.37,"5,413 mi",100,$0.0664
AUS,PVU,"36,537",$116.89,"1,083 mi",100,$0.1079
MIA,ILM,"36,535",$322.41,585 mi,100,$0.5511
SAN,PBI,"36,526",$392.58,"2,321 mi",100,$0.1691
SEA,MSN,"36,524",$327.28,"1,666 mi",100,$0.1964
BNA,IND,"36,519",$224.67,242 mi,100,$0.9284
DEN,CDR,"36,506",$77.88,228 mi,100,$0.3416
SLC,BDL,"36,492",$345.64,"2,082 mi",100,$0.1660
DFW,MHK,"36,488",$213.58,419 mi,100,$0.5097
LAX,BLI,"36,468",$215.19,"1,079 mi",100,$0.1994
DEN,MOT,"36,457",$246.69,586 mi,100,$0.4210
TPA,MYR,"36,456",$166.55,435 mi,100,$0.3829
LAX,NAN,"36,436",$906.40,"5,359 mi",100,$0.1691
CLE,PBI,"36,435",$263.43,"1,053 mi",100,$0.2502
BNA,GEG,"36,419",$265.63,"1,812 mi",100,$0.1466
PHL,RNO,"36,410",$310.68,"2,412 mi",100,$0.1288
MDW,SJU,"36,392",$257.36,"2,121 mi",100,$0.1213
DFW,IST,"36,389",$574.68,"6,073 mi",100,$0.0946
LAS,PWM,"36,382",$318.53,"2,332 mi",100,$0.1366
ATL,OAK,"36,357",$249.25,"2,189 mi",100,$0.1139
DFW,MAA,"36,336",$951.29,"9,538 mi",100,$0.0997
DTW,DUB,"36,313",$629.83,"3,582 mi",99,$0.1758
SFO,CRK,"36,303",$369.14,"7,175 mi",99,$0.0514
PHL,TUS,"36,272",$289.14,"1,989 mi",99,$0.1454
MDW,PNS,"36,249",$182.88,805 mi,99,$0.2272
MSY,SJC,"36,246",$275.69,"1,825 mi",99,$0.1511
STL,LIT,"36,214",$197.64,287 mi,99,$0.6886
BNA,ILM,"36,208",$190.00,497 mi,99,$0.3823
STL,ORF,"36,178",$252.53,760 mi,99,$0.3323
DCA,CID,"36,161",$313.48,775 mi,99,$0.4045
SEA,PPT,"36,161",$708.57,"4,943 mi",99,$0.1433
LAS,GTF,"36,152",$195.47,835 mi,99,$0.2341
ATL,TYS,"36,126",$173.29,157 mi,99,$1.1038
IAD,AMM,"36,123",$692.54,"5,773 mi",99,$0.1200
SFO,LIR,"36,114",$532.45,"2,860 mi",99,$0.1862
SEA,PNS,"36,089",$349.98,"2,260 mi",99,$0.1549
MSY,SDF,"36,081",$198.96,602 mi,99,$0.3305
IAD,SYR,"36,075",$228.12,305 mi,99,$0.7479
BUR,BWI,"36,068",$313.94,"2,246 mi",99,$0.1398
DFW,SGU,"36,067",$324.43,"1,008 mi",99,$0.3219
RDU,BHM,"36,064",$254.26,494 mi,99,$0.5147
EWR,BGR,"36,035",$205.54,405 mi,99,$0.5075
MSP,SYR,"36,020",$288.28,884 mi,99,$0.3261
MCO,BGR,"36,017",$175.29,"1,283 mi",99,$0.1366
SEA,ATH,"36,016",$626.20,"6,366 mi",99,$0.0984
SEA,YEG,"36,006",$152.76,540 mi,99,$0.2829
PDX,MKE,"36,000",$271.78,"1,662 mi",99,$0.1635
ORD,BIL,"35,986",$257.78,"1,090 mi",99,$0.2365
MIA,PBM,"35,976",$270.02,"2,109 mi",99,$0.1280
IAD,MAA,"35,941",$659.51,"8,312 mi",98,$0.0793
AUS,PVD,"35,909",$240.17,"1,610 mi",98,$0.1492
DEN,COD,"35,901",$219.12,379 mi,98,$0.5782
DTW,PVG,"35,890","$1,685.46","6,908 mi",98,$0.2440
EWR,GDL,"35,887",$199.68,"2,271 mi",98,$0.0879
HNL,PVG,"35,886",$513.11,"5,065 mi",98,$0.1013
BOS,YHZ,"35,844",$271.58,401 mi,98,$0.6773
SAT,OAK,"35,828",$238.85,"1,430 mi",98,$0.1670
HNL,HKG,"35,823",$595.20,"5,726 mi",98,$0.1039
LGA,BTV,"35,794",$234.76,250 mi,98,$0.9390
TPA,TUS,"35,780",$274.50,"1,666 mi",98,$0.1648
IAD,PVD,"35,685",$261.54,360 mi,98,$0.7265
SEA,SJU,"35,681",$427.26,"3,613 mi",98,$0.1183
BOS,TUL,"35,654",$296.00,"1,349 mi",98,$0.2194
CVG,SJU,"35,642",$224.36,"1,864 mi",98,$0.1204
DTW,PVR,"35,641",$433.96,"2,017 mi",98,$0.2152
STL,PBI,"35,641",$288.03,993 mi,98,$0.2901
AUS,AMA,"35,637",$198.80,406 mi,98,$0.4897
ORD,MDE,"35,625",$277.98,"2,512 mi",98,$0.1107
LAX,YWG,"35,583",$196.94,"1,585 mi",97,$0.1243
ONT,RDU,"35,583",$267.77,"2,253 mi",97,$0.1189
MCI,BDL,"35,579",$268.95,"1,131 mi",97,$0.2378
ATL,TLH,"35,578",$207.74,217 mi,97,$0.9573
ATL,CPH,"35,572",$560.50,"4,454 mi",97,$0.1258
ORD,PRG,"35,545",$526.00,"4,398 mi",97,$0.1196
BOS,GVA,"35,544",$850.99,"3,778 mi",97,$0.2252
MCO,MID,"35,532",$139.59,758 mi,97,$0.1842
MCI,SJD,"35,523",$286.95,"1,378 mi",97,$0.2082
SEA,PVD,"35,490",$326.69,"2,564 mi",97,$0.1274
LAS,CAK,"35,488",$232.89,"1,896 mi",97,$0.1228
HNL,IND,"35,488",$468.24,"4,464 mi",97,$0.1049
SEA,SYD,"35,485","$1,308.85","7,981 mi",97,$0.1640
DFW,STT,"35,475",$348.96,"2,291 mi",97,$0.1523
IAH,TAM,"35,472",$258.18,537 mi,97,$0.4808
PHX,LBB,"35,467",$230.90,605 mi,97,$0.3817
HNL,GUM,"35,460","$1,692.41","3,682 mi",97,$0.4596
BOS,YOW,"35,457",$199.50,318 mi,97,$0.6274
BOS,MAN,"35,442",$577.89,"3,051 mi",97,$0.1894
MIA,TQO,"35,441",$247.11,590 mi,97,$0.4188
DFW,LCH,"35,431",$223.76,286 mi,97,$0.7824
BNA,FAR,"35,421",$221.85,937 mi,97,$0.2368
BNA,COS,"35,416",$234.47,974 mi,97,$0.2407
CLT,MSN,"35,413",$328.10,687 mi,97,$0.4776
STL,ABQ,"35,386",$244.74,960 mi,97,$0.2549
BNA,SFB,"35,385",$146.11,580 mi,97,$0.2519
DEN,GTF,"35,385",$244.31,642 mi,97,$0.3805
AUS,SAV,"35,380",$257.49,953 mi,97,$0.2702
SFO,ASE,"35,379",$402.20,822 mi,97,$0.4893
SFO,MGA,"35,370",$391.62,"2,758 mi",97,$0.1420
MSY,OMA,"35,345",$244.85,818 mi,97,$0.2993
ORD,SIN,"35,345","$2,157.91","9,632 mi",97,$0.2240
DTW,ONT,"35,337",$338.82,"1,872 mi",97,$0.1810
MSY,MNL,"35,328",$858.12,"8,461 mi",97,$0.1014
IAH,ICN,"35,306","$1,278.82","7,262 mi",97,$0.1761
MSP,TUL,"35,302",$245.25,598 mi,97,$0.4101
FLL,CID,"35,300",$198.47,"1,237 mi",97,$0.1604
LAX,CEB,"35,299",$459.68,"7,115 mi",97,$0.0646
DEN,CPR,"35,287",$210.14,223 mi,97,$0.9423
PHL,CAE,"35,270",$280.09,539 mi,97,$0.5196
STL,RIC,"35,270",$253.10,735 mi,97,$0.3444
MIA,LIN,"35,266",$640.86,"5,098 mi",97,$0.1257
AUS,HND,"35,254","$1,216.17","6,756 mi",97,$0.1800
SFO,VIE,"35,238","$1,021.04","5,819 mi",97,$0.1755
CLT,SJO,"35,214",$385.59,"1,702 mi",96,$0.2266
CVG,SNA,"35,196",$334.45,"1,817 mi",96,$0.1841
DTW,YYC,"35,156",$257.93,"1,611 mi",96,$0.1601
DFW,TPE,"35,131","$1,047.76","7,474 mi",96,$0.1402
JFK,AGP,"35,127",$574.42,"3,540 mi",96,$0.1623
BOS,PRG,"35,113",$484.07,"3,767 mi",96,$0.1285
MIA,LIR,"35,113",$727.79,"1,138 mi",96,$0.6395
DFW,DGO,"35,108",$321.26,780 mi,96,$0.4119
SFO,PRG,"35,101",$737.16,"5,651 mi",96,$0.1304
SFO,DPS,"35,096","$1,009.96","8,100 mi",96,$0.1247
DFW,SHV,"35,084",$262.71,183 mi,96,$1.4356
DEN,PSC,"35,078",$227.34,877 mi,96,$0.2592
LAX,ACV,"35,049",$259.82,595 mi,96,$0.4367
LAX,EDI,"35,045",$784.25,"4,997 mi",96,$0.1569
SDF,PIE,"35,036",$102.29,709 mi,96,$0.1443
MIA,TYS,"35,021",$388.73,704 mi,96,$0.5522
DEN,KEF,"35,009",$403.48,"3,451 mi",96,$0.1169
JFK,KHI,"35,005",$621.41,"7,042 mi",96,$0.0882
EWR,PRG,"34,982",$647.71,"4,205 mi",96,$0.1540
DTW,KEF,"34,967",$269.05,"2,869 mi",96,$0.0938
MIA,GRR,"34,956",$298.44,"1,254 mi",96,$0.2380
RDU,OKC,"34,953",$259.34,"1,087 mi",96,$0.2386
JFK,CGK,"34,947","$1,594.89","9,749 mi",96,$0.1636
JFK,BZE,"34,920",$217.11,"1,869 mi",96,$0.1162
BOS,PNS,"34,913",$281.21,"1,178 mi",96,$0.2387
LGA,CUN,"34,908",$208.27,"1,610 mi",96,$0.1294
IAD,KEF,"34,896",$256.84,"2,709 mi",96,$0.0948
PDX,CDG,"34,878","$1,055.24","5,268 mi",96,$0.2003
IAH,PVG,"34,868","$1,648.64","7,333 mi",96,$0.2248
ATL,MTY,"34,851",$332.94,"1,117 mi",95,$0.2981
SLC,KOA,"34,850",$345.93,"3,052 mi",95,$0.1133
SFO,GVA,"34,819","$1,121.24","5,647 mi",95,$0.1986
MCI,RIC,"34,816",$258.86,920 mi,95,$0.2814
MIA,GND,"34,802",$383.68,"1,490 mi",95,$0.2575
LAS,FNT,"34,797",$194.36,"1,781 mi",95,$0.1091
SLC,DSM,"34,778",$273.54,982 mi,95,$0.2786
AUS,GEG,"34,758",$275.07,"1,648 mi",95,$0.1669
SEA,ALB,"34,745",$350.08,"2,279 mi",95,$0.1536
DTW,BUF,"34,718",$208.04,247 mi,95,$0.8423
ORD,GRB,"34,711",$159.06,169 mi,95,$0.9412
MCO,EYW,"34,703",$79.15,261 mi,95,$0.3033
PHX,ICN,"34,645",$851.21,"6,075 mi",95,$0.1401
ANC,DTW,"34,643",$399.33,"2,889 mi",95,$0.1382
DEN,LEX,"34,640",$291.48,"1,051 mi",95,$0.2773
IAH,PSP,"34,592",$328.70,"1,305 mi",95,$0.2519
SEA,ZRH,"34,580",$780.07,"5,400 mi",95,$0.1445
MSP,PVD,"34,578",$257.37,"1,081 mi",95,$0.2381
MSY,XNA,"34,578",$198.38,478 mi,95,$0.4150
MCO,SWF,"34,553",$163.25,960 mi,95,$0.1701
DFW,BIS,"34,549",$357.19,949 mi,95,$0.3764
LGA,YYC,"34,523",$306.23,"1,966 mi",95,$0.1558
DEN,MBJ,"34,521",$295.42,"2,106 mi",95,$0.1403
IAD,SIN,"34,515","$2,057.64","9,940 mi",95,$0.2070
IAD,CAE,"34,513",$220.65,389 mi,95,$0.5672
DEN,JAN,"34,500",$274.77,937 mi,95,$0.2932
BNA,GSP,"34,474",$230.79,273 mi,94,$0.8454
TPA,COS,"34,469",$269.71,"1,520 mi",94,$0.1774
BOS,BRU,"34,447",$706.09,"3,366 mi",94,$0.2098
JFK,BLQ,"34,423",$368.95,"4,255 mi",94,$0.0867
AUS,COS,"34,411",$194.13,739 mi,94,$0.2627
AUS,BHM,"34,393",$255.67,661 mi,94,$0.3868
SLC,FAT,"34,393",$232.35,515 mi,94,$0.4512
MSP,KOA,"34,370",$429.15,"4,064 mi",94,$0.1056
TPA,FRA,"34,370",$694.26,"4,953 mi",94,$0.1402
IAH,KHI,"34,365",$603.40,"8,216 mi",94,$0.0734
ATL,YEG,"34,353",$268.70,"1,912 mi",94,$0.1405
DEN,YUL,"34,347",$401.09,"1,656 mi",94,$0.2422
PHL,BGR,"34,334",$281.44,459 mi,94,$0.6132
FLL,LHR,"34,328",$568.53,"4,265 mi",94,$0.1333
ANC,MCO,"34,288",$513.79,"3,925 mi",94,$0.1309
MIA,BOM,"34,285",$760.21,"8,584 mi",94,$0.0886
SFO,XNA,"34,255",$403.44,"1,594 mi",94,$0.2531
DEN,BZE,"34,244",$299.80,"1,772 mi",94,$0.1692
EWR,DXB,"34,232","$1,191.27","6,643 mi",94,$0.1793
DCA,LIM,"34,216",$511.29,"3,620 mi",94,$0.1412
LAX,SRQ,"34,214",$330.78,"2,232 mi",94,$0.1482
JAX,MEM,"34,203",$256.40,558 mi,94,$0.4595
FLL,AUA,"34,198",$180.61,"1,112 mi",94,$0.1624
LAX,ITM,"34,193",$809.75,"5,877 mi",94,$0.1378
SEA,SAV,"34,192",$338.28,"2,462 mi",94,$0.1374
EWR,MNL,"34,182",$944.47,"8,755 mi",94,$0.1079
SLC,RIC,"34,177",$348.90,"1,803 mi",94,$0.1935
MSP,ALB,"34,164",$283.94,948 mi,94,$0.2995
HNL,PAE,"34,149",$299.91,"2,613 mi",94,$0.1148
CLE,MKE,"34,147",$244.54,337 mi,94,$0.7256
SEA,COS,"34,100",$219.55,"1,098 mi",93,$0.2000
DTW,ABQ,"34,098",$295.05,"1,304 mi",93,$0.2263
DEN,LNK,"34,096",$212.03,409 mi,93,$0.5184
LGA,SNA,"34,093",$339.29,"2,370 mi",93,$0.1432
BOS,LIM,"34,081",$449.20,"3,891 mi",93,$0.1154
ONT,MNL,"34,067",$380.95,"7,551 mi",93,$0.0505
JAX,MDT,"34,054",$166.11,703 mi,93,$0.2363
TPA,ELP,"34,046",$282.02,"1,407 mi",93,$0.2004
SEA,HYD,"34,020","$1,120.10","7,552 mi",93,$0.1483
MSP,ELP,"34,020",$267.27,"1,183 mi",93,$0.2259
PHX,SCK,"34,009",$116.87,584 mi,93,$0.2001
PIT,ORF,"34,005",$191.49,320 mi,93,$0.5984
DEN,SHV,"33,985",$298.66,816 mi,93,$0.3660
DFW,ATW,"33,980",$363.95,936 mi,93,$0.3888
HNL,GEG,"33,957",$317.98,"2,793 mi",93,$0.1138
EWR,PSP,"33,919",$477.31,"2,423 mi",93,$0.1970
IAH,POS,"33,911",$505.96,"2,486 mi",93,$0.2035
DTW,ATH,"33,897",$556.79,"5,103 mi",93,$0.1091
SLC,SGU,"33,886",$202.45,278 mi,93,$0.7282
LAS,PSP,"33,882",$191.30,168 mi,93,$1.1387
BNA,PUJ,"33,850",$285.51,"1,599 mi",93,$0.1786
DTW,PVD,"33,849",$286.81,631 mi,93,$0.4545
LAS,MAD,"33,828",$809.91,"5,429 mi",93,$0.1492
ORD,BER,"33,823",$720.44,"4,547 mi",93,$0.1584
LAS,PUJ,"33,799",$225.68,"3,173 mi",93,$0.0711
ORD,ATW,"33,794",$137.92,166 mi,93,$0.8308
TPA,ILG,"33,793",$159.03,927 mi,93,$0.1716
DFW,CMI,"33,765",$234.31,713 mi,93,$0.3286
SJC,ABQ,"33,764",$227.33,842 mi,93,$0.2700
SFO,MTY,"33,762",$262.73,"1,492 mi",92,$0.1761
PIT,EYW,"33,761",$174.85,"1,072 mi",92,$0.1631
DCA,RNO,"33,760",$337.82,"2,335 mi",92,$0.1447
MDW,TUL,"33,748",$221.97,600 mi,92,$0.3700
SLC,ICN,"33,747","$1,169.96","5,713 mi",92,$0.2048
SAT,TUS,"33,730",$248.88,784 mi,92,$0.3174
JFK,KRK,"33,691",$434.34,"4,414 mi",92,$0.0984
IAH,BZN,"33,673",$332.20,"1,343 mi",92,$0.2474
ANC,SIT,"33,640",$292.39,608 mi,92,$0.4809
MSY,ONT,"33,633",$249.78,"1,572 mi",92,$0.1589
EWR,RNO,"33,622",$418.04,"2,312 mi",92,$0.1808
TPA,RNO,"33,606",$297.83,"2,195 mi",92,$0.1357
FLL,CAE,"33,605",$194.80,531 mi,92,$0.3669
DFW,GRI,"33,578",$215.09,579 mi,92,$0.3715
DFW,LIS,"33,568",$550.30,"4,601 mi",92,$0.1196
SLC,ORF,"33,562",$366.08,"1,988 mi",92,$0.1841
STL,RNO,"33,550",$270.12,"1,523 mi",92,$0.1774
LAX,MGA,"33,535",$339.75,"2,449 mi",92,$0.1387
SLC,BHM,"33,532",$309.97,"1,513 mi",92,$0.2049
FLL,YHZ,"33,530",$220.40,"1,643 mi",92,$0.1341
IAH,STT,"33,524",$479.11,"2,130 mi",92,$0.2249
DCA,CUN,"33,512",$226.19,"1,321 mi",92,$0.1712
IAD,PBI,"33,494",$231.27,887 mi,92,$0.2607
ORD,GCM,"33,477",$419.24,"1,566 mi",92,$0.2677
SFO,BOG,"33,449",$459.87,"3,903 mi",92,$0.1178
PIT,SNA,"33,410",$354.26,"2,173 mi",92,$0.1630
SAN,SAV,"33,384",$312.03,"2,152 mi",91,$0.1450
ANC,BOS,"33,374",$497.49,"3,474 mi",91,$0.1432
LGA,CHA,"33,352",$308.88,711 mi,91,$0.4344
DAL,TUS,"33,349",$217.61,847 mi,91,$0.2569
ATL,BTR,"33,342",$247.54,461 mi,91,$0.5370
SAT,LHR,"33,334",$732.82,"5,119 mi",91,$0.1432
LAX,HSV,"33,333",$358.36,"1,853 mi",91,$0.1934
MCO,YYT,"33,329",$216.11,"2,083 mi",91,$0.1037
MCO,CRW,"33,319",$202.28,708 mi,91,$0.2857
JFK,PMI,"33,301",$616.95,"4,024 mi",91,$0.1533
IAD,SRQ,"33,285",$165.05,824 mi,91,$0.2003
BOS,GEG,"33,270",$301.62,"2,336 mi",91,$0.1291
FLL,OKC,"33,265",$276.11,"1,254 mi",91,$0.2202
ORD,CAK,"33,250",$211.37,353 mi,91,$0.5988
MSP,YEG,"33,247",$232.34,"1,051 mi",91,$0.2211
MCO,SAL,"33,233",$177.03,"1,115 mi",91,$0.1588
TPA,PUJ,"33,223",$166.33,"1,141 mi",91,$0.1458
FLL,TLH,"33,206",$158.07,405 mi,91,$0.3903
SAN,ALB,"33,202",$340.94,"2,367 mi",91,$0.1440
DFW,ZRH,"33,190",$828.93,"5,384 mi",91,$0.1540
ATL,BLR,"33,163",$749.03,"8,723 mi",91,$0.0859
BWI,TUL,"33,130",$275.62,"1,037 mi",91,$0.2658
SLC,COS,"33,118",$232.96,398 mi,91,$0.5853
HOU,JAN,"33,116",$210.32,370 mi,91,$0.5684
BOS,PTY,"33,113",$387.89,"2,427 mi",91,$0.1598
SLC,GDL,"33,110",$257.91,"1,445 mi",91,$0.1785
DCA,ICT,"33,108",$253.14,"1,140 mi",91,$0.2221
BOS,HOU,"33,103",$233.11,"1,655 mi",91,$0.1409
PIT,GSP,"33,040",$196.35,390 mi,91,$0.5035
IAD,PVU,"33,038",$216.12,"1,761 mi",91,$0.1227
DFW,TRI,"33,035",$392.63,840 mi,91,$0.4674
LGA,RNO,"33,033",$344.18,"2,326 mi",91,$0.1480
CLT,ECP,"33,004",$256.47,451 mi,90,$0.5687
LAX,ADL,"32,992","$1,277.34","8,416 mi",90,$0.1518
PHL,ZRH,"32,988",$720.72,"3,894 mi",90,$0.1851
SDF,SRQ,"32,983",$164.85,790 mi,90,$0.2087
ORD,MAA,"32,975",$682.34,"8,306 mi",90,$0.0822
IAD,ISB,"32,968",$583.89,"6,866 mi",90,$0.0850
DFW,CAE,"32,958",$371.51,948 mi,90,$0.3919
ORD,CAI,"32,934",$420.26,"5,951 mi",90,$0.0706
CLT,DAB,"32,925",$303.09,430 mi,90,$0.7049
JFK,DUS,"32,901",$488.07,"3,851 mi",90,$0.1267
JAX,GRR,"32,872",$231.26,856 mi,90,$0.2702
SAN,BHM,"32,853",$313.16,"1,808 mi",90,$0.1732
DFW,RDM,"32,839",$295.87,"1,557 mi",90,$0.1900
JFK,MVD,"32,836",$702.10,"5,496 mi",90,$0.1277
MSP,SJO,"32,827",$490.70,"2,395 mi",90,$0.2049
SEA,SJO,"32,816",$426.84,"3,509 mi",90,$0.1216
FLL,TUL,"32,809",$241.97,"1,197 mi",90,$0.2021
HOU,PHL,"32,806",$201.41,"1,294 mi",90,$0.1556
LAX,BLR,"32,786","$1,222.72","8,741 mi",90,$0.1399
BWI,ORF,"32,779",$228.88,165 mi,90,$1.3872
SFO,ROC,"32,765",$377.79,"2,285 mi",90,$0.1653
ANC,SMF,"32,750",$341.70,"2,029 mi",90,$0.1684
MCO,DXB,"32,746","$1,320.19","7,510 mi",90,$0.1758
BNA,YUL,"32,729",$268.91,905 mi,90,$0.2971
AUS,YYC,"32,729",$236.85,"1,722 mi",90,$0.1375
ATL,SHV,"32,728",$276.02,534 mi,90,$0.5169
SEA,SUN,"32,708",$257.95,460 mi,90,$0.5608
JFK,RUH,"32,694","$2,083.42","6,707 mi",90,$0.3106
LAS,MRY,"32,688",$116.11,385 mi,90,$0.3016
MSY,CDG,"32,672",$703.16,"4,661 mi",90,$0.1509
PHX,CLD,"32,659",$162.46,296 mi,89,$0.5489
IAD,YOW,"32,653",$323.75,436 mi,89,$0.7425
BUR,PSC,"32,631",$141.00,810 mi,89,$0.1741
LAX,SGF,"32,620",$241.03,"1,377 mi",89,$0.1750
SEA,LIT,"32,596",$297.63,"1,727 mi",89,$0.1723
IAD,LHE,"32,595",$497.80,"7,460 mi",89,$0.0667
DEN,MAD,"32,582",$622.24,"5,146 mi",89,$0.1209
SAT,QRO,"32,578",$173.69,644 mi,89,$0.2697
JFK,LIN,"32,569",$475.24,"4,134 mi",89,$0.1150
ANC,DLG,"32,561",$252.82,338 mi,89,$0.7480
BOS,BGI,"32,556",$301.82,"2,202 mi",89,$0.1371
DCA,LEX,"32,544",$225.70,401 mi,89,$0.5628
RDU,DUB,"32,537",$526.29,"3,485 mi",89,$0.1510
SJC,IND,"32,534",$304.40,"1,978 mi",89,$0.1539
ORD,MAN,"32,520",$689.78,"3,929 mi",89,$0.1756
ATL,BQK,"32,512",$209.59,231 mi,89,$0.9073
PIT,SMF,"32,508",$299.60,"2,119 mi",89,$0.1414
LAX,ZLO,"32,494",$247.63,"1,370 mi",89,$0.1808
FLL,ABQ,"32,492",$278.64,"1,736 mi",89,$0.1605
IAH,GEG,"32,471",$304.34,"1,746 mi",89,$0.1743
CVG,EYW,"32,465",$173.17,986 mi,89,$0.1756
DAL,TUL,"32,464",$183.90,231 mi,89,$0.7961
IAH,ASE,"32,463",$439.16,886 mi,89,$0.4957
ORD,ABE,"32,425",$324.83,673 mi,89,$0.4827
CLT,FRA,"32,412",$817.55,"4,518 mi",89,$0.1810
DFW,ROC,"32,387",$273.89,"1,302 mi",89,$0.2104
MIA,ELH,"32,383",$298.24,219 mi,89,$1.3618
MSY,BUF,"32,367",$263.63,"1,065 mi",89,$0.2475
TPA,LIT,"32,342",$240.05,759 mi,89,$0.3163
PHX,MYR,"32,318",$287.56,"1,954 mi",89,$0.1472
MSP,MSN,"32,306",$222.60,220 mi,89,$1.0118
DCA,BTR,"32,282",$323.83,"1,014 mi",88,$0.3194
PHX,DUB,"32,266",$734.65,"5,130 mi",88,$0.1432
SEA,XNA,"32,249",$379.97,"1,671 mi",88,$0.2274
PIT,PWM,"32,245",$188.40,536 mi,88,$0.3515
PHX,VPS,"32,240",$293.39,"1,459 mi",88,$0.2011
IAD,TLV,"32,233","$1,066.35","6,068 mi",88,$0.1757
RDU,ABQ,"32,227",$269.89,"1,514 mi",88,$0.1783
ATL,DXB,"32,213",$759.35,"7,814 mi",88,$0.0972
BOS,BKK,"32,195","$1,015.76","8,784 mi",88,$0.1156
LGA,PDX,"32,141",$297.17,"2,512 mi",88,$0.1183
DFW,PLS,"32,087",$368.77,"1,646 mi",88,$0.2240
EWR,JNB,"32,064","$1,310.48","7,753 mi",88,$0.1690
ONT,SJD,"32,061",$72.82,864 mi,88,$0.0843
BOS,BUD,"32,046",$484.66,"4,298 mi",88,$0.1128
SAT,GEG,"32,036",$273.37,"1,658 mi",88,$0.1649
DEN,LIM,"32,005",$582.94,"4,117 mi",88,$0.1416
DCA,ACK,"32,003",$195.86,392 mi,88,$0.4996
HNL,MIA,"31,991",$656.77,"4,708 mi",88,$0.1395
DFW,PVD,"31,962",$312.22,"1,572 mi",88,$0.1986
EWR,FLR,"31,928",$570.62,"4,291 mi",87,$0.1330
MSY,OAK,"31,927",$226.81,"1,843 mi",87,$0.1231
LAS,SJO,"31,921",$295.16,"2,567 mi",87,$0.1150
IAD,RUH,"31,916","$2,018.32","6,535 mi",87,$0.3088
IAD,AMD,"31,914",$516.44,"7,967 mi",87,$0.0648
MDW,MHT,"31,910",$218.01,810 mi,87,$0.2691
JFK,HAN,"31,905",$967.48,"8,407 mi",87,$0.1151
MDW,RIC,"31,896",$205.99,647 mi,87,$0.3184
JAX,PDX,"31,885",$375.87,"2,352 mi",87,$0.1598
DFW,TLH,"31,854",$362.99,789 mi,87,$0.4601
CLE,HNL,"31,846",$543.45,"4,414 mi",87,$0.1231
ORD,LIH,"31,818",$562.56,"4,410 mi",87,$0.1276
MSY,OKC,"31,816",$233.25,584 mi,87,$0.3994
PHL,RIC,"31,809",$355.71,192 mi,87,$1.8527
DFW,MNL,"31,807",$896.11,"8,558 mi",87,$0.1047
IAH,SYR,"31,806",$290.10,"1,353 mi",87,$0.2144
JFK,LYS,"31,794",$446.04,"3,939 mi",87,$0.1132
MIA,UVF,"31,791",$431.49,"1,550 mi",87,$0.2784
ANC,JFK,"31,773",$489.84,"3,275 mi",87,$0.1496
FLL,MHT,"31,759",$199.86,"1,226 mi",87,$0.1630
SEA,MUC,"31,735",$887.59,"5,426 mi",87,$0.1636
IAD,MOB,"31,723",$251.37,810 mi,87,$0.3103
IAD,TPE,"31,722","$1,700.30","8,087 mi",87,$0.2103
CLT,HPN,"31,720",$308.77,581 mi,87,$0.5314
RDU,FCO,"31,698",$571.37,"4,816 mi",87,$0.1186
MIA,ELP,"31,696",$343.17,"1,679 mi",87,$0.2044
TPA,BCN,"31,677",$597.46,"4,569 mi",87,$0.1308
TPA,PTY,"31,676",$256.91,"1,282 mi",87,$0.2004
MCO,NRT,"31,671",$781.95,"7,020 mi",87,$0.1114
EWR,AMD,"31,661",$596.04,"7,316 mi",87,$0.0815
DTW,CHA,"31,633",$345.11,521 mi,87,$0.6624
ONT,CMH,"31,619",$288.42,"1,887 mi",87,$0.1528
ORD,KOA,"31,600",$663.96,"4,333 mi",87,$0.1532
FLL,PTY,"31,596",$209.16,"1,211 mi",87,$0.1727
IAH,GIG,"31,576","$1,726.62","5,176 mi",87,$0.3336
LAX,MFE,"31,555",$217.96,"1,277 mi",86,$0.1707
CLT,BCN,"31,553",$477.83,"4,478 mi",86,$0.1067
BNA,PVU,"31,544",$153.67,"1,342 mi",86,$0.1145
DEN,ICN,"31,541","$1,094.55","6,374 mi",86,$0.1717
MIA,TUL,"31,514",$256.06,"1,203 mi",86,$0.2129
TPA,YHZ,"31,508",$211.02,"1,615 mi",86,$0.1307
SFO,YOW,"31,498",$410.56,"2,514 mi",86,$0.1633
IAH,MSN,"31,493",$327.62,938 mi,86,$0.3493
CVG,ORF,"31,480",$221.64,469 mi,86,$0.4726
IAH,MLM,"31,474",$160.99,761 mi,86,$0.2116
LAX,TYS,"31,442",$363.67,"1,887 mi",86,$0.1927
DTW,PIT,"31,433",$233.97,207 mi,86,$1.1303
MDW,PGD,"31,432",$106.74,"1,046 mi",86,$0.1020
BOS,LGW,"31,431",$271.17,"3,372 mi",86,$0.0804
AUS,PBI,"31,426",$306.50,"1,061 mi",86,$0.2889
MCI,PUJ,"31,425",$282.39,"2,191 mi",86,$0.1289
SFO,CEB,"31,424",$430.15,"6,817 mi",86,$0.0631
MEM,PDX,"31,391",$336.70,"1,906 mi",86,$0.1767
DCA,PSP,"31,389",$351.57,"2,140 mi",86,$0.1643
TPA,YOW,"31,383",$187.96,"1,294 mi",86,$0.1453
DFW,GCK,"31,381",$213.54,393 mi,86,$0.5434
LAX,PWM,"31,379",$332.16,"2,715 mi",86,$0.1223
MIA,FLN,"31,379",$547.83,"4,126 mi",86,$0.1328
HOU,GSP,"31,378",$258.71,819 mi,86,$0.3159
MCO,PSP,"31,362",$375.81,"2,041 mi",86,$0.1841
IAD,DAY,"31,343",$238.64,356 mi,86,$0.6703
EWR,OGG,"31,341",$765.84,"5,042 mi",86,$0.1519
BNA,CDG,"31,338",$826.01,"4,230 mi",86,$0.1953
BOS,ELP,"31,324",$327.32,"2,127 mi",86,$0.1539
DFW,IDA,"31,317",$298.60,"1,127 mi",86,$0.2650
RDU,HND,"31,293","$1,361.79","7,120 mi",86,$0.1913
EWR,PVR,"31,288",$504.73,"2,356 mi",86,$0.2142
DEN,YEG,"31,281",$300.73,988 mi,86,$0.3044
ORD,SCE,"31,268",$260.52,511 mi,86,$0.5098
ORD,BUD,"31,250",$447.27,"4,972 mi",86,$0.0900
IAH,BKK,"31,217","$1,161.60","8,957 mi",86,$0.1297
LAS,SAL,"31,211",$240.13,"2,318 mi",86,$0.1036
DFW,BFL,"31,197",$342.12,"1,306 mi",85,$0.2620
SAT,RNO,"31,197",$256.54,"1,347 mi",85,$0.1905
MSP,LIH,"31,183",$429.20,"4,126 mi",85,$0.1040
PIT,MBJ,"31,160",$194.27,"1,479 mi",85,$0.1314
MCO,CTG,"31,134",$173.22,"1,259 mi",85,$0.1376
PHL,PSP,"31,119",$417.80,"2,367 mi",85,$0.1765
DTW,QRO,"31,105",$567.74,"1,838 mi",85,$0.3089
DTW,BCN,"31,080",$561.41,"4,075 mi",85,$0.1378
ATL,CTG,"31,076",$274.71,"1,750 mi",85,$0.1570
ONT,OKC,"31,074",$222.25,"1,172 mi",85,$0.1896
TPA,YYC,"31,063",$276.07,"2,216 mi",85,$0.1246
SAN,BCN,"31,051",$756.40,"5,847 mi",85,$0.1294
BOS,NAP,"31,049",$435.71,"4,079 mi",85,$0.1068
IAD,PRG,"31,022",$551.39,"4,422 mi",85,$0.1247
STL,TUS,"31,014",$262.80,"1,205 mi",85,$0.2181
MCO,SGF,"31,001",$292.10,899 mi,85,$0.3249
CLT,ATH,"30,998",$652.38,"5,630 mi",85,$0.1159
MIA,OPO,"30,991",$362.63,"4,268 mi",85,$0.0850
FLL,BEL,"30,980",$348.61,"2,754 mi",85,$0.1266
FLL,SNA,"30,937",$368.01,"2,375 mi",85,$0.1550
JAX,LHR,"30,918",$817.27,"4,114 mi",85,$0.1987
DCA,BOI,"30,911",$310.71,"1,982 mi",85,$0.1568
PHL,TUL,"30,892",$282.66,"1,115 mi",85,$0.2535
AUS,PSP,"30,878",$270.51,"1,096 mi",85,$0.2468
STL,ELP,"30,858",$278.39,"1,052 mi",85,$0.2646
DTW,OGG,"30,852",$564.58,"4,542 mi",85,$0.1243
FLL,ILG,"30,846",$172.91,947 mi,85,$0.1826
DEN,LIS,"30,816",$671.56,"4,685 mi",84,$0.1433
PHX,MNL,"30,785",$710.71,"7,853 mi",84,$0.0905
STL,SJD,"30,765",$270.56,"1,520 mi",84,$0.1780
SFO,ARN,"30,757",$904.68,"5,185 mi",84,$0.1745
SAN,ICN,"30,753","$1,049.25","6,272 mi",84,$0.1673
SEA,PUW,"30,751",$162.86,242 mi,84,$0.6730
IAD,ALB,"30,739",$230.94,335 mi,84,$0.6894
ORD,GVA,"30,730",$838.82,"4,252 mi",84,$0.1973
AUS,SRQ,"30,695",$217.01,907 mi,84,$0.2393
BOS,VPS,"30,690",$264.27,"1,151 mi",84,$0.2296
MIA,MAO,"30,671",$384.36,"2,337 mi",84,$0.1645
LEX,LGA,"30,668",$285.50,621 mi,84,$0.4597
LAS,BCN,"30,660",$715.04,"5,951 mi",84,$0.1202
CLE,ONT,"30,649",$234.89,"2,063 mi",84,$0.1139
JAX,SDF,"30,631",$235.96,596 mi,84,$0.3959
MCO,LAN,"30,603",$154.69,978 mi,84,$0.1582
LAS,LRD,"30,567",$183.22,"1,059 mi",84,$0.1730
ORD,PLS,"30,559",$438.91,"1,714 mi",84,$0.2561
PHX,MZT,"30,557",$479.04,767 mi,84,$0.6246
MSP,BHM,"30,550",$316.62,881 mi,84,$0.3594
MCO,JAN,"30,549",$262.76,569 mi,84,$0.4618
HNL,FAT,"30,547",$354.80,"2,596 mi",84,$0.1367
LAS,GFK,"30,542",$251.46,"1,266 mi",84,$0.1986
JFK,GPS,"30,514",$529.83,"2,931 mi",84,$0.1808
LAS,ZRH,"30,492",$777.11,"5,870 mi",84,$0.1324
TPA,ZRH,"30,487",$556.97,"5,014 mi",84,$0.1111
ATL,AVL,"30,432",$141.98,169 mi,83,$0.8401
SAN,YUL,"30,431",$332.73,"2,381 mi",83,$0.1397
DAL,RSW,"30,424",$274.01,"1,034 mi",83,$0.2650
SFO,SYR,"30,410",$350.37,"2,362 mi",83,$0.1483
ANC,IAD,"30,402",$506.98,"3,448 mi",83,$0.1470
IAH,EZE,"30,399","$1,793.25","5,230 mi",83,$0.3429
LAX,CID,"30,381",$261.38,"1,593 mi",83,$0.1641
DFW,HKG,"30,339","$1,602.29","8,353 mi",83,$0.1918
ATL,CUR,"30,338",$383.55,"1,827 mi",83,$0.2099
MSP,BTV,"30,336",$267.78,954 mi,83,$0.2807
SDF,CHS,"30,333",$188.68,470 mi,83,$0.4014
SFO,DSM,"30,314",$310.95,"1,592 mi",83,$0.1953
SFO,CAI,"30,304",$492.70,"7,235 mi",83,$0.0681
MIA,MHH,"30,294",$145.84,211 mi,83,$0.6912
CVG,PVD,"30,290",$190.80,698 mi,83,$0.2734
RDU,MSN,"30,280",$252.47,730 mi,83,$0.3458
JFK,KTM,"30,214",$529.60,"7,303 mi",83,$0.0725
PHL,ATH,"30,207",$569.78,"4,871 mi",83,$0.1170
IAD,ARN,"30,189",$558.62,"3,996 mi",83,$0.1398
MCO,ATH,"30,180",$664.04,"5,954 mi",83,$0.1115
MIA,PRG,"30,173",$570.03,"5,214 mi",83,$0.1093
DTW,DSM,"30,165",$307.53,548 mi,83,$0.5612
SFO,ELP,"30,161",$251.96,962 mi,83,$0.2619
DFW,DAY,"30,154",$328.01,834 mi,83,$0.3933
IAH,GRU,"30,146","$1,224.54","5,059 mi",83,$0.2421
SEA,TYS,"30,145",$426.26,"2,047 mi",83,$0.2082
DFW,XPL,"30,141",$260.08,"1,362 mi",83,$0.1910
BOS,ACK,"30,107",$163.42,94 mi,82,$1.7385
ATL,ROA,"30,094",$231.91,368 mi,82,$0.6302
CVG,PUJ,"30,084",$256.43,"1,667 mi",82,$0.1538
MCI,CHS,"30,083",$253.07,957 mi,82,$0.2644
PHL,ELP,"30,078",$308.43,"1,876 mi",82,$0.1644
MCI,SJU,"30,066",$264.10,"2,172 mi",82,$0.1216
BNA,FAT,"30,053",$279.72,"1,883 mi",82,$0.1486
MCO,LIS,"30,036",$559.05,"4,232 mi",82,$0.1321
PIT,IND,"30,002",$243.52,315 mi,82,$0.7731
CLE,MEM,"29,998",$247.40,641 mi,82,$0.3860
ATL,BTV,"29,997",$288.65,932 mi,82,$0.3097
PIT,OKC,"29,997",$301.57,"1,038 mi",82,$0.2905
PDX,RSW,"29,992",$360.66,"2,673 mi",82,$0.1349
ANC,GEG,"29,978",$395.61,"1,627 mi",82,$0.2432
LAS,JAN,"29,977",$280.93,"1,496 mi",82,$0.1878
BNA,PIE,"29,961",$97.83,596 mi,82,$0.1641
EWR,OMA,"29,953",$304.60,"1,165 mi",82,$0.2615
LAX,SAN,"29,921",$115.90,106 mi,82,$1.0934
LGA,DAY,"29,921",$222.73,532 mi,82,$0.4187
LGA,NAS,"29,898",$285.19,"1,074 mi",82,$0.2655
HOU,PDX,"29,897",$269.22,"1,787 mi",82,$0.1507
AUS,MSN,"29,886",$265.82,975 mi,82,$0.2726
TPA,AVP,"29,867",$195.20,970 mi,82,$0.2012
MIA,CWB,"29,860",$517.91,"4,231 mi",82,$0.1224
MIA,AGP,"29,857",$579.83,"4,294 mi",82,$0.1350
LAX,PER,"29,831","$1,234.13","9,598 mi",82,$0.1286
PHX,SGN,"29,829",$536.37,"8,714 mi",82,$0.0616
MDW,MBJ,"29,814",$218.15,"1,761 mi",82,$0.1239
AUS,MFE,"29,793",$127.53,288 mi,82,$0.4428
RDU,TUS,"29,781",$308.93,"1,796 mi",82,$0.1720
TPA,SDQ,"29,758",$251.86,"1,018 mi",82,$0.2474
MSY,ABQ,"29,757",$227.20,983 mi,82,$0.2311
ATL,AMD,"29,755",$592.30,"8,484 mi",82,$0.0698
PHX,FRA,"29,734",$721.88,"5,455 mi",81,$0.1323
PHL,BZN,"29,730",$255.35,"1,903 mi",81,$0.1342
BOS,HYD,"29,711",$747.40,"8,118 mi",81,$0.0921
MDW,PUJ,"29,705",$274.05,"2,027 mi",81,$0.1352
HNL,CMH,"29,703",$535.21,"4,646 mi",81,$0.1152
LAX,OKA,"29,694",$689.83,"6,632 mi",81,$0.1040
DFW,VCE,"29,639",$740.46,"5,617 mi",81,$0.1318
FLL,SAL,"29,620",$85.11,"1,077 mi",81,$0.0790
PIT,MLB,"29,615",$174.61,830 mi,81,$0.2104
ONT,CUN,"29,615",$180.12,"2,137 mi",81,$0.0843
LAX,SUN,"29,592",$384.26,718 mi,81,$0.5352
ANC,LHR,"29,588","$1,104.43","4,607 mi",81,$0.2397
MCI,PGD,"29,576",$117.17,"1,092 mi",81,$0.1073
JFK,PVR,"29,552",$318.86,"2,372 mi",81,$0.1344
MSP,FSD,"29,545",$214.68,202 mi,81,$1.0628
IAD,PVG,"29,537","$1,228.82","7,215 mi",81,$0.1703
CLT,YVR,"29,533",$379.61,"2,400 mi",81,$0.1582
DCA,PHL,"29,531",$239.68,123 mi,81,$1.9486
RDU,AMS,"29,524",$720.78,"4,178 mi",81,$0.1725
HNL,OMA,"29,515",$426.13,"3,710 mi",81,$0.1149
CVG,MLB,"29,509",$173.16,767 mi,81,$0.2258
ATL,YWG,"29,476",$210.96,"1,339 mi",81,$0.1576
IAH,ALB,"29,476",$360.10,"1,525 mi",81,$0.2361
MIA,MDZ,"29,452",$559.07,"3,996 mi",81,$0.1399
IAH,LIS,"29,451",$788.87,"4,913 mi",81,$0.1606
ORD,SBA,"29,451",$330.40,"1,745 mi",81,$0.1893
TPA,GEG,"29,437",$251.45,"2,244 mi",81,$0.1121
BOS,XNA,"29,434",$359.83,"1,270 mi",81,$0.2833
DFW,BMI,"29,433",$405.88,711 mi,81,$0.5709
ORD,FWA,"29,382",$149.34,161 mi,80,$0.9276
MSP,ATH,"29,375",$674.59,"5,672 mi",80,$0.1189
CLT,LIT,"29,374",$279.56,658 mi,80,$0.4249
FLL,NSB,"29,374",$96.03,58 mi,80,$1.6557
ATL,NCE,"29,344","$1,079.38","4,596 mi",80,$0.2349
MCI,YYZ,"29,342",$384.68,811 mi,80,$0.4743
LGA,BZN,"29,341",$353.40,"1,832 mi",80,$0.1929
EWR,MDE,"29,333",$257.35,"2,315 mi",80,$0.1112
JFK,SKG,"29,326",$466.95,"4,923 mi",80,$0.0949
SEA,SYR,"29,326",$354.63,"2,300 mi",80,$0.1542
SLC,HND,"29,318","$1,191.82","5,309 mi",80,$0.2245
MEM,PIE,"29,290",$143.33,673 mi,80,$0.2130
SFO,PUJ,"29,282",$345.14,"3,597 mi",80,$0.0960
MCI,SDF,"29,278",$259.09,475 mi,80,$0.5455
HNL,RNO,"29,268",$406.41,"2,493 mi",80,$0.1630
MEM,CMH,"29,239",$256.43,501 mi,80,$0.5118
SDF,CUN,"29,230",$257.61,"1,222 mi",80,$0.2108
JAX,MKE,"29,228",$241.22,898 mi,80,$0.2686
IAH,FAT,"29,225",$319.28,"1,522 mi",80,$0.2098
LAX,SHA,"29,205",$728.92,"6,294 mi",80,$0.1158
PHL,BDL,"29,183",$410.62,202 mi,80,$2.0328
SFO,RDD,"29,171",$170.24,194 mi,80,$0.8775
DTW,SYR,"29,163",$260.65,384 mi,80,$0.6788
AUS,GSP,"29,147",$282.46,984 mi,80,$0.2871
LAX,KUL,"29,109",$981.52,"9,064 mi",80,$0.1083
MIA,OSL,"29,087",$395.82,"4,874 mi",80,$0.0812
PDX,IDA,"29,079",$221.70,521 mi,80,$0.4255
LGA,MTY,"29,073",$314.24,"1,879 mi",80,$0.1672
SFO,FCA,"29,072",$299.00,819 mi,80,$0.3651
IAD,TUS,"29,059",$329.17,"1,987 mi",80,$0.1657
ONT,BOI,"29,052",$218.22,681 mi,80,$0.3204
CLT,AMS,"29,011",$635.42,"4,049 mi",79,$0.1569
HOU,SEA,"29,004",$258.88,"1,949 mi",79,$0.1328
JFK,DOH,"28,997","$1,267.23","6,892 mi",79,$0.1839
SAN,MUC,"28,988","$1,138.59","6,190 mi",79,$0.1839
LAX,FAI,"28,986",$302.06,"2,536 mi",79,$0.1191
ONT,GEG,"28,977",$246.23,965 mi,79,$0.2552
IAH,HYD,"28,964",$809.03,"8,874 mi",79,$0.0912
BWI,PNS,"28,955",$221.20,821 mi,79,$0.2694
EWR,EGE,"28,925",$609.73,"1,773 mi",79,$0.3439
MCO,CID,"28,924",$252.89,"1,065 mi",79,$0.2375
SLC,HSV,"28,924",$438.21,"1,479 mi",79,$0.2963
DFW,GNV,"28,916",$383.26,872 mi,79,$0.4395
CVG,SMF,"28,905",$310.88,"2,031 mi",79,$0.1531
LAS,GSO,"28,900",$289.19,"1,896 mi",79,$0.1525
PHX,TUS,"28,895",$117.86,113 mi,79,$1.0430
IAH,DUB,"28,889",$704.22,"4,411 mi",79,$0.1597
HNL,ITM,"28,878",$510.51,"3,973 mi",79,$0.1285
SEA,MRY,"28,871",$200.89,728 mi,79,$0.2759
ANC,OGG,"28,864",$421.98,"2,716 mi",79,$0.1554
LAS,RFD,"28,858",$125.94,"1,408 mi",79,$0.0894
PHX,PUJ,"28,836",$281.18,"2,960 mi",79,$0.0950
ORD,ARN,"28,826",$616.16,"4,132 mi",79,$0.1491
LAX,AMM,"28,807",$555.58,"7,375 mi",79,$0.0753
JFK,MKE,"28,786",$238.54,766 mi,79,$0.3114
MSP,YXE,"28,785",$193.59,770 mi,79,$0.2514
RDU,YVR,"28,771",$308.31,"2,471 mi",79,$0.1248
DFW,KOA,"28,760",$545.58,"3,830 mi",79,$0.1424
ORD,BRU,"28,759",$749.91,"4,024 mi",79,$0.1864
PHX,YXE,"28,732",$264.04,"1,361 mi",79,$0.1940
BOS,SIN,"28,702","$2,362.04","9,681 mi",79,$0.2440
DTW,TUS,"28,695",$321.16,"1,712 mi",79,$0.1876
CLT,ELP,"28,692",$264.17,"1,437 mi",79,$0.1838
SFO,BNE,"28,673","$1,207.94","7,281 mi",79,$0.1659
ONT,SGN,"28,667",$434.80,"7,944 mi",79,$0.0547
LAX,KEF,"28,656",$627.81,"4,433 mi",79,$0.1416
IAH,BOG,"28,652",$521.69,"2,294 mi",78,$0.2274
IAD,MDE,"28,646",$251.01,"2,336 mi",78,$0.1075
SLC,EUG,"28,629",$240.78,598 mi,78,$0.4026
ORD,JED,"28,621",$501.85,"6,684 mi",78,$0.0751
TPA,ATH,"28,605",$664.84,"6,034 mi",78,$0.1102
MCI,ORF,"28,595",$248.48,987 mi,78,$0.2518
IAD,BUD,"28,594",$534.57,"4,446 mi",78,$0.1202
SFO,NCE,"28,594","$1,387.57","5,816 mi",78,$0.2386
LAS,SCF,"28,584",$297.76,247 mi,78,$1.2055
BOS,OGG,"28,582",$578.70,"5,182 mi",78,$0.1117
CLE,SAV,"28,566",$214.15,661 mi,78,$0.3240
SFO,TYS,"28,552",$387.29,"2,178 mi",78,$0.1778
JFK,PDL,"28,552",$208.30,"2,626 mi",78,$0.0793
ATL,GNV,"28,535",$195.45,292 mi,78,$0.6693
SAN,PVR,"28,531",$214.71,"1,143 mi",78,$0.1878
LAX,JNB,"28,530","$1,377.17","10,691 mi",78,$0.1288
CLE,ORF,"28,526",$194.32,422 mi,78,$0.4605
MSP,COS,"28,517",$194.45,746 mi,78,$0.2607
DFW,CLL,"28,515",$127.31,159 mi,78,$0.8007
SAN,TYS,"28,497",$338.43,"1,841 mi",78,$0.1838
DCA,MGM,"28,489",$341.56,714 mi,78,$0.4784
IAD,DAC,"28,486",$734.31,"8,269 mi",78,$0.0888
IAD,GRU,"28,473","$1,063.22","4,896 mi",78,$0.2172
JFK,KUL,"28,471",$980.45,"9,142 mi",78,$0.1072
DCA,MVY,"28,457",$192.66,371 mi,78,$0.5193
MCO,ZRH,"28,441",$621.88,"4,649 mi",78,$0.1338
RDU,BCN,"28,437",$738.14,"4,094 mi",78,$0.1803
MIA,ROC,"28,431",$220.40,"1,242 mi",78,$0.1775
FLL,PWM,"28,401",$246.40,"1,374 mi",78,$0.1793
JFK,MCI,"28,382",$286.10,"1,077 mi",78,$0.2656
CVG,AZA,"28,380",$156.35,"1,504 mi",78,$0.1040
MIA,BDA,"28,380",$365.54,"1,014 mi",78,$0.3605
IAH,BLR,"28,360","$1,699.33","9,700 mi",78,$0.1752
RDU,ELP,"28,360",$280.51,"1,652 mi",78,$0.1698
FLL,MDT,"28,341",$215.07,"1,025 mi",78,$0.2098
ANC,HOM,"28,334",$192.50,113 mi,78,$1.7035
BOS,TVC,"28,328",$195.91,769 mi,78,$0.2548
PIT,AUA,"28,320",$274.42,"1,970 mi",78,$0.1393
TPA,BOI,"28,314",$296.41,"2,088 mi",78,$0.1420
PDX,SDF,"28,311",$318.65,"2,003 mi",78,$0.1591
DTW,TVC,"28,310",$192.46,201 mi,78,$0.9575
SAT,TUL,"28,310",$239.32,499 mi,78,$0.4796
MEM,CUN,"28,288",$245.38,"1,016 mi",78,$0.2415
LAS,GRI,"28,277",$125.16,940 mi,77,$0.1331
JAX,SMF,"28,276",$324.02,"2,250 mi",77,$0.1440
PHL,AVL,"28,265",$276.81,518 mi,77,$0.5344
BOS,TIA,"28,263",$251.85,"4,287 mi",77,$0.0587
JFK,MVY,"28,254",$211.91,178 mi,77,$1.1905
LAX,RDD,"28,247",$231.20,516 mi,77,$0.4481
FLL,CAK,"28,245",$120.15,"1,059 mi",77,$0.1135
CLE,CHS,"28,235",$235.41,579 mi,77,$0.4066
MCI,ELP,"28,227",$268.92,810 mi,77,$0.3320
BOS,ARN,"28,202",$544.28,"3,839 mi",77,$0.1418
DCA,LHR,"28,180",$721.15,"3,544 mi",77,$0.2035
DFW,MID,"28,177",$294.46,914 mi,77,$0.3222
LGA,PSP,"28,165",$440.57,"2,439 mi",77,$0.1806
CLT,ABQ,"28,165",$255.38,"1,489 mi",77,$0.1715
LAX,VPS,"28,158",$360.83,"1,816 mi",77,$0.1987
DFW,MUC,"28,130",$939.02,"5,157 mi",77,$0.1821
TPA,MDE,"28,122",$172.44,"1,624 mi",77,$0.1062
MSP,FRA,"28,121",$696.45,"4,249 mi",77,$0.1639
EWR,ANU,"28,114",$333.27,"1,733 mi",77,$0.1923
CLE,MBJ,"28,109",$227.26,"1,552 mi",77,$0.1464
BNA,JAN,"28,083",$214.54,337 mi,77,$0.6366
ATL,LGB,"28,074",$214.69,"1,987 mi",77,$0.1080
AUS,DUB,"28,066",$821.07,"4,766 mi",77,$0.1723
DFW,GPT,"28,060",$306.70,484 mi,77,$0.6337
MIA,AVL,"28,059",$288.93,699 mi,77,$0.4133
EWR,SYR,"28,039",$127.62,201 mi,77,$0.6349
CLE,FCO,"28,033",$628.87,"4,723 mi",77,$0.1332
DAL,PVD,"28,026",$248.60,"1,565 mi",77,$0.1588
SFO,EDI,"28,017",$854.06,"5,203 mi",77,$0.1641
SAT,PNS,"28,010",$229.47,698 mi,77,$0.3288
AUS,FCO,"27,998",$642.10,"5,932 mi",77,$0.1082
MEM,SFB,"27,997",$143.24,690 mi,77,$0.2076
ORD,SOF,"27,997",$331.45,"5,353 mi",77,$0.0619
EWR,CLO,"27,992",$244.52,"2,493 mi",77,$0.0981
IAD,SNA,"27,987",$364.58,"2,328 mi",77,$0.1566
PIT,BHM,"27,969",$263.48,616 mi,77,$0.4277
JFK,CNF,"27,964",$624.43,"4,722 mi",77,$0.1322
DCA,AGS,"27,940",$311.97,482 mi,77,$0.6472
IAH,ROC,"27,914",$270.10,"1,371 mi",76,$0.1970
JFK,OPO,"27,907",$330.13,"3,413 mi",76,$0.0967
ORD,KHI,"27,898",$519.31,"7,774 mi",76,$0.0668
PDX,NRT,"27,895",$923.82,"4,954 mi",76,$0.1865
DFW,MLU,"27,876",$195.57,301 mi,76,$0.6497
RDU,FRA,"27,871","$1,024.64","4,139 mi",76,$0.2476
DTW,HSV,"27,865",$348.54,572 mi,76,$0.6093
MIA,DEL,"27,855",$875.34,"8,140 mi",76,$0.1075
MCO,PBI,"27,844",$89.11,146 mi,76,$0.6103
MCI,BOI,"27,835",$257.15,"1,115 mi",76,$0.2306
SLC,XNA,"27,835",$345.13,973 mi,76,$0.3547
JAX,OKC,"27,833",$270.97,"1,010 mi",76,$0.2683
SFO,PBI,"27,824",$470.27,"2,486 mi",76,$0.1892
SAT,BOI,"27,821",$236.60,"1,418 mi",76,$0.1669
PHX,MAD,"27,800",$551.90,"5,762 mi",76,$0.0958
ORD,DLH,"27,781",$273.61,409 mi,76,$0.6690
LAS,GPT,"27,762",$233.45,"1,505 mi",76,$0.1551
DFW,AGU,"27,736",$174.32,863 mi,76,$0.2020
BNA,PIA,"27,727",$173.36,365 mi,76,$0.4750
LAS,TLV,"27,726","$1,256.37","7,568 mi",76,$0.1660
LAX,PNH,"27,705",$560.47,"7,955 mi",76,$0.0705
MCO,GYE,"27,688",$254.16,"2,178 mi",76,$0.1167
ORD,NCE,"27,665","$1,046.98","4,665 mi",76,$0.2244
JFK,ALG,"27,661",$298.52,"4,146 mi",76,$0.0720
LEX,PHL,"27,657",$313.76,503 mi,76,$0.6238
BOS,TPE,"27,644","$1,280.87","7,481 mi",76,$0.1712
SFO,BUD,"27,638",$734.98,"5,919 mi",76,$0.1242
LAS,MHT,"27,629",$288.29,"2,422 mi",76,$0.1190
MSP,OAK,"27,621",$231.89,"1,528 mi",76,$0.1518
MCI,GRR,"27,609",$257.54,554 mi,76,$0.4649
SFO,PTY,"27,592",$486.21,"3,221 mi",76,$0.1510
SJC,CMH,"27,563",$314.06,"2,159 mi",76,$0.1455
PDX,BDL,"27,557",$346.53,"2,537 mi",75,$0.1366
IAD,HKG,"27,527","$1,349.71","8,385 mi",75,$0.1610
MEM,ORF,"27,522",$268.12,757 mi,75,$0.3542
MEM,SMF,"27,514",$302.15,"1,704 mi",75,$0.1773
DFW,LIM,"27,488",$611.95,"3,269 mi",75,$0.1872
LAX,SZX,"27,476",$665.45,"7,452 mi",75,$0.0893
BWI,ISP,"27,464",$225.56,227 mi,75,$0.9937
BOS,COS,"27,456",$274.05,"1,720 mi",75,$0.1593
ORD,YEG,"27,451",$266.55,"1,374 mi",75,$0.1940
SLC,YYC,"27,441",$306.38,698 mi,75,$0.4389
AUS,BZN,"27,439",$256.23,"1,260 mi",75,$0.2034
BNA,FNT,"27,430",$144.19,513 mi,75,$0.2811
DTW,PSP,"27,419",$387.20,"1,825 mi",75,$0.2122
DCA,BZN,"27,405",$293.46,"1,738 mi",75,$0.1688
PHX,ATH,"27,375",$731.99,"6,955 mi",75,$0.1052
SAT,BJX,"27,364",$103.89,638 mi,75,$0.1628
EWR,PNS,"27,344",$250.89,"1,044 mi",75,$0.2403
AUS,XNA,"27,319",$250.74,449 mi,75,$0.5584
JAX,BUF,"27,313",$217.03,849 mi,75,$0.2556
CLT,RNO,"27,310",$308.66,"2,072 mi",75,$0.1490
MIA,ANU,"27,303",$300.50,"1,369 mi",75,$0.2195
EWR,ONT,"27,284",$330.93,"2,475 mi",75,$0.1337
RDU,DSM,"27,266",$241.21,863 mi,75,$0.2795
LGA,COS,"27,259",$242.96,"1,683 mi",75,$0.1444
BUR,ORD,"27,255",$240.13,"1,782 mi",75,$0.1348
PHX,SDQ,"27,251",$399.52,"2,720 mi",75,$0.1469
BOS,MNL,"27,244",$992.25,"8,686 mi",75,$0.1142
PIT,MKE,"27,232",$254.39,417 mi,75,$0.6100
CLE,GSP,"27,226",$233.34,465 mi,75,$0.5018
SFO,FLR,"27,223",$778.85,"5,923 mi",75,$0.1315
IAD,FLR,"27,210",$659.55,"4,509 mi",75,$0.1463
JAX,FNT,"27,187",$134.61,843 mi,74,$0.1597
DEN,IST,"27,180",$666.88,"6,297 mi",74,$0.1059
BNA,MBJ,"27,176",$221.92,"1,289 mi",74,$0.1722
IAH,ZRH,"27,171",$963.20,"5,468 mi",74,$0.1762
PHL,ECP,"27,168",$229.97,859 mi,74,$0.2677
MDW,BOI,"27,123",$201.41,"1,401 mi",74,$0.1438
MCO,GPT,"27,122",$205.16,502 mi,74,$0.4087
TPA,GSO,"27,112",$230.30,564 mi,74,$0.4083
BNA,MEX,"27,095",$368.13,"1,418 mi",74,$0.2596
MIA,BON,"27,080",$463.38,"1,189 mi",74,$0.3897
ATL,CAE,"27,072",$170.88,185 mi,74,$0.9237
LAX,SHE,"27,069",$444.11,"6,082 mi",74,$0.0730
LGA,YVR,"27,064",$403.32,"2,360 mi",74,$0.1709
HOU,SAV,"27,056",$229.20,825 mi,74,$0.2778
MIA,DSM,"27,038",$249.62,"1,288 mi",74,$0.1938
HOU,HVN,"27,037",$175.23,"1,532 mi",74,$0.1144
SJC,CUN,"27,034",$179.78,"2,448 mi",74,$0.0734
MIA,LIT,"27,031",$258.89,913 mi,74,$0.2836
LAS,SBP,"27,001",$159.07,323 mi,74,$0.4925
AUS,OGG,"27,000",$443.78,"3,790 mi",74,$0.1171
MSP,CPH,"26,983",$561.93,"4,396 mi",74,$0.1278
FLL,ONT,"26,970",$285.31,"2,362 mi",74,$0.1208
DAL,BUF,"26,960",$227.09,"1,241 mi",74,$0.1830
LEX,MCO,"26,952",$294.15,669 mi,74,$0.4397
ORD,LOS,"26,950",$453.47,"5,798 mi",74,$0.0782
BWI,ECP,"26,948",$256.43,823 mi,74,$0.3116
SEA,ADQ,"26,942",$506.77,"1,393 mi",74,$0.3638
PIT,ALB,"26,903",$227.61,378 mi,74,$0.6021
BNA,CID,"26,895",$218.27,495 mi,74,$0.4409
MCO,LNS,"26,871",$159.15,831 mi,74,$0.1915
ORD,MSN,"26,854",$103.84,105 mi,74,$0.9890
DTW,DEL,"26,850",$512.75,"7,168 mi",74,$0.0715
LAX,CTG,"26,848",$422.55,"3,060 mi",74,$0.1381
DEN,GUA,"26,847",$329.64,"2,003 mi",74,$0.1646
CLT,BGR,"26,847",$236.90,892 mi,74,$0.2656
MSP,BCN,"26,836",$611.24,"4,653 mi",74,$0.1314
DCA,OAK,"26,834",$323.71,"2,353 mi",74,$0.1376
CVG,RIC,"26,824",$234.63,424 mi,73,$0.5534
HNL,ABQ,"26,807",$409.35,"3,131 mi",73,$0.1307
DAL,SJU,"26,799",$272.29,"2,087 mi",73,$0.1305
IAD,RNO,"26,777",$346.05,"2,177 mi",73,$0.1590
TPA,DSM,"26,764",$294.04,"1,094 mi",73,$0.2688
MIA,ABQ,"26,755",$285.38,"1,636 mi",73,$0.1744
DFW,STS,"26,745",$274.85,"1,447 mi",73,$0.1899
ATL,EGE,"26,735",$463.76,"1,271 mi",73,$0.3649
EWR,CRW,"26,734",$193.18,414 mi,73,$0.4666
BWI,SJO,"26,723",$265.09,"2,131 mi",73,$0.1244
SFO,SAV,"26,706",$400.61,"2,276 mi",73,$0.1760
MCO,SBA,"26,705",$367.02,"2,364 mi",73,$0.1553
PHX,SJO,"26,704",$330.81,"2,466 mi",73,$0.1341
SAT,BHM,"26,692",$246.82,721 mi,73,$0.3423
ORD,MBS,"26,689",$239.37,215 mi,73,$1.1133
PHX,HSV,"26,678",$313.10,"1,487 mi",73,$0.2106
MCO,PVG,"26,668","$1,082.17","7,807 mi",73,$0.1386
PDX,ELP,"26,668",$277.09,"1,248 mi",73,$0.2220
BWI,BOI,"26,650",$292.68,"1,991 mi",73,$0.1470
CLE,RIC,"26,650",$245.48,351 mi,73,$0.6994
MCO,EVV,"26,632",$193.39,731 mi,73,$0.2646
ATL,CPT,"26,629","$1,473.11","8,377 mi",73,$0.1759
PHX,MAF,"26,613",$229.79,562 mi,73,$0.4089
DTW,BZN,"26,610",$259.22,"1,438 mi",73,$0.1803
MSY,SAV,"26,601",$235.47,539 mi,73,$0.4369
ANC,AKN,"26,600",$269.97,279 mi,73,$0.9676
ORD,MQT,"26,600",$210.80,294 mi,73,$0.7170
FLL,REC,"26,596",$463.89,"3,730 mi",73,$0.1244
CLT,DUB,"26,593",$506.48,"3,600 mi",73,$0.1407
IAH,MUC,"26,584","$1,012.98","5,567 mi",73,$0.1820
HOU,SNA,"26,578",$255.27,"1,313 mi",73,$0.1944
BOS,LIT,"26,577",$322.32,"1,296 mi",73,$0.2487
DTW,MSN,"26,577",$270.11,320 mi,73,$0.8441
FLL,CUR,"26,564",$189.75,"1,168 mi",73,$0.1625
DEN,HLN,"26,562",$252.85,575 mi,73,$0.4397
SLC,LIT,"26,545",$294.56,"1,189 mi",73,$0.2477
HNL,LAO,"26,542",$524.71,"5,401 mi",73,$0.0972
SLC,SUN,"26,536",$219.06,229 mi,73,$0.9566
CLT,MAD,"26,535",$518.44,"3,975 mi",73,$0.1304
SFO,SBP,"26,527",$181.49,197 mi,73,$0.9213
BNA,PSP,"26,521",$378.64,"1,740 mi",73,$0.2176
EWR,CHA,"26,519",$247.41,739 mi,73,$0.3348
SEA,BLI,"26,502",$104.01,96 mi,73,$1.0834
TPA,OAK,"26,501",$290.80,"2,451 mi",73,$0.1186
LGA,HSV,"26,495",$261.01,797 mi,73,$0.3275
IAH,AGU,"26,494",$198.45,695 mi,73,$0.2855
SEA,GRU,"26,494","$1,251.56","6,576 mi",73,$0.1903
EWR,BGI,"26,487",$291.09,"2,168 mi",73,$0.1343
STL,BOI,"26,460",$286.21,"1,338 mi",72,$0.2139
HOU,RNO,"26,453",$255.11,"1,590 mi",72,$0.1604
PHL,MAD,"26,426",$663.59,"3,562 mi",72,$0.1863
BWI,PIT,"26,423",$202.23,216 mi,72,$0.9363
LAX,HAM,"26,423",$863.76,"5,815 mi",72,$0.1485
RDU,CAK,"26,422",$168.47,366 mi,72,$0.4603
MIA,SYR,"26,403",$258.78,"1,183 mi",72,$0.2187
SAN,MAD,"26,384",$679.39,"6,017 mi",72,$0.1129
CLT,HYD,"26,336",$711.37,"8,826 mi",72,$0.0806
MIA,EIS,"26,333",$574.36,"1,093 mi",72,$0.5255
DCA,CHA,"26,323",$326.01,506 mi,72,$0.6443
DCA,YOW,"26,320",$277.50,438 mi,72,$0.6336
SEA,MAD,"26,285",$878.51,"5,454 mi",72,$0.1611
DFW,MXP,"26,265",$909.59,"5,463 mi",72,$0.1665
TPA,MNL,"26,250",$926.81,"9,377 mi",72,$0.0988
SLC,FCO,"26,249",$653.32,"5,922 mi",72,$0.1103
AUS,LIT,"26,247",$223.38,459 mi,72,$0.4867
ORD,SAL,"26,243",$222.04,"1,914 mi",72,$0.1160
MEM,MSY,"26,235",$252.38,359 mi,72,$0.7030
BOS,MDT,"26,233",$282.07,344 mi,72,$0.8200
EWR,SNN,"26,220",$516.38,"3,180 mi",72,$0.1624
AUS,FRA,"26,217",$851.39,"5,140 mi",72,$0.1656
DCA,GEG,"26,208",$319.38,"2,037 mi",72,$0.1568
EWR,BLR,"26,208","$1,311.34","8,052 mi",72,$0.1629
HOU,COS,"26,204",$226.89,805 mi,72,$0.2819
BOS,SBA,"26,195",$442.97,"2,583 mi",72,$0.1715
MIA,TUS,"26,177",$330.61,"1,840 mi",72,$0.1797
ORD,RDM,"26,171",$318.61,"1,723 mi",72,$0.1849
EWR,RZE,"26,164",$367.47,"4,249 mi",72,$0.0865
STL,YVR,"26,155",$315.06,"1,819 mi",72,$0.1732
LAX,ITO,"26,142",$343.74,"2,373 mi",72,$0.1449
HOU,MKE,"26,138",$204.76,976 mi,72,$0.2098
EWR,ABQ,"26,104",$353.49,"1,747 mi",72,$0.2023
DFW,NRT,"26,091","$1,366.37","6,222 mi",71,$0.2196
DEN,SAL,"26,086",$324.37,"2,119 mi",71,$0.1531
SFO,TUL,"26,071",$327.03,"1,419 mi",71,$0.2305
DAL,ORF,"26,069",$217.69,"1,165 mi",71,$0.1869
HOU,MBJ,"26,067",$222.18,"1,376 mi",71,$0.1615
EWR,CPT,"26,065","$1,271.09","7,589 mi",71,$0.1675
IAD,WAW,"26,064",$920.39,"4,340 mi",71,$0.2121
MSP,GSP,"26,061",$317.65,929 mi,71,$0.3419
MCI,TUS,"26,055",$268.73,"1,066 mi",71,$0.2521
PDX,TUL,"26,055",$281.01,"1,483 mi",71,$0.1895
SFO,SCL,"26,030","$1,014.09","5,744 mi",71,$0.1765
EWR,OKC,"26,026",$305.83,"1,362 mi",71,$0.2245
FLL,CNF,"26,022",$496.74,"4,102 mi",71,$0.1211
SAN,SYR,"26,016",$304.78,"2,255 mi",71,$0.1352
LAS,SMX,"26,008",$96.93,318 mi,71,$0.3048
HNL,BNE,"26,001",$649.78,"4,834 mi",71,$0.1344
LGA,ECP,"25,997",$286.31,953 mi,71,$0.3004
LAX,TAO,"25,986",$646.18,"6,479 mi",71,$0.0997
BUR,MFR,"25,981",$140.46,597 mi,71,$0.2353
SFO,LIN,"25,980",$737.63,"5,779 mi",71,$0.1276
PDX,FAI,"25,976",$339.00,"1,686 mi",71,$0.2011
SLC,LIM,"25,962",$559.26,"4,402 mi",71,$0.1270
PHL,ORF,"25,956",$324.42,206 mi,71,$1.5749
SAT,VPS,"25,944",$221.98,696 mi,71,$0.3189
ATL,MHT,"25,924",$214.65,922 mi,71,$0.2328
CLT,SJC,"25,915",$289.46,"2,201 mi",71,$0.1315
ORD,TQO,"25,913",$195.13,"1,552 mi",71,$0.1257
EWR,PMI,"25,912",$880.41,"4,042 mi",71,$0.2178
IAH,PWM,"25,910",$325.56,"1,715 mi",71,$0.1898
PHL,NAP,"25,910",$478.98,"4,617 mi",71,$0.1037
EWR,MEL,"25,895","$1,968.17","10,665 mi",71,$0.1845
HNL,OKC,"25,889",$470.93,"3,624 mi",71,$0.1299
IAH,SHV,"25,881",$213.05,198 mi,71,$1.0760
ATL,ATW,"25,858",$357.47,743 mi,71,$0.4811
HOU,LBB,"25,851",$219.77,460 mi,71,$0.4778
PHL,GEG,"25,830",$291.91,"2,213 mi",71,$0.1319
DTW,ROC,"25,829",$200.82,304 mi,71,$0.6606
SJC,RNO,"25,812",$209.98,182 mi,71,$1.1537
JFK,CCU,"25,794",$753.58,"8,153 mi",71,$0.0924
LAX,SAP,"25,788",$269.18,"2,217 mi",71,$0.1214
STL,BUF,"25,779",$247.14,693 mi,71,$0.3566
FLL,MHH,"25,765",$106.46,187 mi,71,$0.5693
MSY,RNO,"25,764",$270.53,"1,735 mi",71,$0.1559
DEN,COS,"25,762",$39.33,71 mi,71,$0.5539
HOU,SJU,"25,761",$269.70,"1,935 mi",71,$0.1394
LAS,GJT,"25,742",$167.08,406 mi,71,$0.4115
MSP,CZM,"25,740",$170.02,"1,669 mi",71,$0.1019
BNA,FCO,"25,729",$681.94,"4,864 mi",70,$0.1402
LAS,YXE,"25,708",$181.44,"1,150 mi",70,$0.1578
MIA,OTP,"25,703",$500.91,"5,897 mi",70,$0.0849
BUR,LGA,"25,698",$225.34,"2,528 mi",70,$0.0891
ATL,SGF,"25,683",$241.85,545 mi,70,$0.4438
MCO,YQM,"25,670",$246.21,"1,473 mi",70,$0.1671
MIA,HND,"25,655","$1,650.53","7,680 mi",70,$0.2149
MIA,RCH,"25,648",$222.56,"1,130 mi",70,$0.1970
SAN,LIT,"25,609",$270.01,"1,480 mi",70,$0.1824
SFO,KUL,"25,598",$897.59,"8,217 mi",70,$0.1092
SAT,RSW,"25,584",$266.83,"1,070 mi",70,$0.2494
PHL,BOI,"25,572",$328.88,"2,170 mi",70,$0.1516
MCI,MEM,"25,570",$289.19,405 mi,70,$0.7140
JFK,NCL,"25,553",$607.92,"3,225 mi",70,$0.1885
TPA,TYS,"25,547",$294.40,532 mi,70,$0.5534
MSP,ROC,"25,546",$288.80,758 mi,70,$0.3810
DAL,SRQ,"25,536",$193.55,905 mi,70,$0.2139
ORD,CMX,"25,527",$216.32,371 mi,70,$0.5831
MCO,PEI,"25,511",$206.59,"1,622 mi",70,$0.1274
SFO,PVU,"25,507",$159.85,619 mi,70,$0.2582
MIA,CMN,"25,499",$502.50,"4,184 mi",70,$0.1201
IAD,ELP,"25,494",$384.19,"1,746 mi",70,$0.2200
SAT,BUF,"25,491",$287.04,"1,474 mi",70,$0.1947
BOS,SJD,"25,478",$381.17,"2,657 mi",70,$0.1435
PHX,NRT,"25,476","$1,055.94","5,580 mi",70,$0.1892
IAD,DLA,"25,471",$405.00,"5,716 mi",70,$0.0709
LAX,YOW,"25,464",$332.97,"2,303 mi",70,$0.1446
ATL,PVG,"25,454","$1,174.89","7,416 mi",70,$0.1584
CVG,HNL,"25,454",$660.80,"4,558 mi",70,$0.1450
MSP,LIT,"25,449",$287.71,682 mi,70,$0.4219
CLT,CID,"25,441",$340.55,763 mi,70,$0.4463
PHL,SJO,"25,437",$334.68,"2,201 mi",70,$0.1521
PHX,FCA,"25,428",$275.89,"1,003 mi",70,$0.2751
LAX,MYR,"25,415",$294.68,"2,184 mi",70,$0.1349
MIA,RNO,"25,407",$354.54,"2,386 mi",70,$0.1486
CVG,ONT,"25,405",$299.61,"1,906 mi",70,$0.1572
BOS,NCE,"25,398",$741.38,"3,910 mi",70,$0.1896
IAH,PEK,"25,398","$1,344.93","7,395 mi",70,$0.1819
SFO,PVD,"25,369",$352.76,"2,605 mi",70,$0.1354
MIA,XNA,"25,365",$399.63,"1,066 mi",69,$0.3749
BNA,SJD,"25,350",$321.01,"1,691 mi",69,$0.1898
MCI,PIE,"25,346",$142.49,"1,015 mi",69,$0.1404
SAN,PVU,"25,345",$114.27,617 mi,69,$0.1852
SJC,ZCL,"25,337",$153.84,"1,564 mi",69,$0.0984
HNL,MSY,"25,332",$481.38,"4,324 mi",69,$0.1113
TPA,BZN,"25,320",$338.91,"1,925 mi",69,$0.1761
JFK,NRT,"25,315",$823.94,"6,527 mi",69,$0.1262
DEN,DIK,"25,295",$254.60,503 mi,69,$0.5062
MSY,MBJ,"25,294",$214.62,"1,143 mi",69,$0.1878
EWR,PRN,"25,281",$326.65,"4,491 mi",69,$0.0727
CLT,BZN,"25,281",$272.30,"1,785 mi",69,$0.1525
ORD,YOW,"25,276",$306.11,633 mi,69,$0.4836
STL,MYR,"25,273",$197.97,749 mi,69,$0.2643
MCI,SAV,"25,267",$239.77,931 mi,69,$0.2575
AUS,FAT,"25,261",$238.76,"1,386 mi",69,$0.1723
SAN,ROC,"25,256",$304.32,"2,313 mi",69,$0.1316
LAX,BEY,"25,254",$725.90,"7,682 mi",69,$0.0945
MIA,DPS,"25,242",$848.07,"11,208 mi",69,$0.0757
MCO,BDA,"25,229",$231.12,995 mi,69,$0.2323
DCA,EZE,"25,224","$1,186.45","5,383 mi",69,$0.2204
DEN,MLI,"25,209",$286.36,728 mi,69,$0.3934
IAH,OAX,"25,208",$229.73,874 mi,69,$0.2628
MCO,FAR,"25,203",$266.09,"1,573 mi",69,$0.1692
SLC,TYS,"25,203",$412.42,"1,503 mi",69,$0.2744
SEA,ITO,"25,198",$413.59,"2,571 mi",69,$0.1609
SDF,SMF,"25,177",$300.59,"1,986 mi",69,$0.1514
BNA,CVG,"25,176",$218.35,237 mi,69,$0.9213
ORD,LNK,"25,154",$231.09,479 mi,69,$0.4824
PHX,FAR,"25,147",$303.08,"1,262 mi",69,$0.2402
MCI,SRQ,"25,120",$267.53,"1,111 mi",69,$0.2408
DEN,ILM,"25,102",$303.78,"1,473 mi",69,$0.2062
CLT,UVF,"25,101",$393.12,"1,878 mi",69,$0.2093
CLE,DAL,"25,078",$197.85,984 mi,69,$0.2011
IAH,AUA,"25,072",$345.49,"1,960 mi",69,$0.1763
MCO,SRQ,"25,065",$66.16,107 mi,69,$0.6183
AUS,BCN,"25,054",$689.52,"5,492 mi",69,$0.1255
LAX,ECP,"25,043",$291.38,"1,972 mi",69,$0.1478
DTW,TUL,"25,023",$289.33,812 mi,69,$0.3563
AUS,PNS,"25,012",$230.80,644 mi,69,$0.3584
SEA,GSP,"25,010",$378.68,"2,161 mi",69,$0.1752
BUR,SAT,"25,007",$290.07,"1,244 mi",69,$0.2332
DFW,MGM,"25,006",$355.72,602 mi,69,$0.5909
ORD,FAI,"25,002",$436.12,"2,861 mi",68,$0.1524
HOU,ORF,"25,000",$235.22,"1,244 mi",68,$0.1891
MCI,PBI,"24,994",$317.26,"1,248 mi",68,$0.2542
PDX,FCA,"24,988",$226.89,449 mi,68,$0.5053
LAX,QRO,"24,977",$200.90,"1,402 mi",68,$0.1433
DTW,BOI,"24,976",$304.50,"1,606 mi",68,$0.1896
IAD,SJC,"24,976",$270.55,"2,467 mi",68,$0.1097
LAX,HYD,"24,972","$1,259.41","8,469 mi",68,$0.1487
BWI,GEG,"24,965",$318.53,"2,043 mi",68,$0.1559
MIA,HAM,"24,962",$730.77,"4,668 mi",68,$0.1565
MIA,ALB,"24,957",$246.06,"1,265 mi",68,$0.1945
JAX,DSM,"24,951",$204.62,982 mi,68,$0.2084
EWR,DBV,"24,946",$884.24,"4,379 mi",68,$0.2019
BWI,NAS,"24,946",$258.40,"1,007 mi",68,$0.2566
LAX,UIO,"24,916",$440.70,"3,606 mi",68,$0.1222
DTW,YUL,"24,915",$299.29,545 mi,68,$0.5492
HNL,YEG,"24,907",$283.30,"3,301 mi",68,$0.0858
CLT,TYS,"24,902",$292.53,171 mi,68,$1.7107
SFO,BHM,"24,900",$354.21,"1,950 mi",68,$0.1816
PHX,LIS,"24,884",$665.88,"5,258 mi",68,$0.1266
EWR,HYD,"24,878",$965.77,"8,307 mi",68,$0.1163
MIA,PTP,"24,877",$337.80,"1,416 mi",68,$0.2386
SLC,PBI,"24,870",$437.12,"2,121 mi",68,$0.2061
JFK,MEL,"24,868","$2,299.76","10,685 mi",68,$0.2152
DFW,MEL,"24,858","$1,637.69","9,264 mi",68,$0.1768
ORD,YQB,"24,850",$312.38,904 mi,68,$0.3456
ATL,FWA,"24,799",$281.53,524 mi,68,$0.5373
SAT,GRR,"24,795",$267.98,"1,133 mi",68,$0.2365
PIT,FCO,"24,783",$580.97,"4,690 mi",68,$0.1239
LAX,MSO,"24,775",$270.22,896 mi,68,$0.3016
STL,PVD,"24,772",$253.32,987 mi,68,$0.2567
TPA,HND,"24,769","$1,041.90","7,471 mi",68,$0.1395
SJC,EUG,"24,760",$197.90,486 mi,68,$0.4072
MSP,PNS,"24,755",$300.85,"1,017 mi",68,$0.2958
MSY,TUL,"24,754",$227.92,554 mi,68,$0.4114
SFO,GSP,"24,749",$412.45,"2,296 mi",68,$0.1796
HNL,PIT,"24,746",$501.78,"4,783 mi",68,$0.1049
ORD,EUG,"24,718",$288.86,"1,722 mi",68,$0.1677
DEN,SHR,"24,712",$222.26,348 mi,68,$0.6387
MIA,SVD,"24,707",$196.70,"1,561 mi",68,$0.1260
JAX,SNA,"24,677",$407.88,"2,183 mi",68,$0.1868
IAD,BOI,"24,668",$339.12,"2,081 mi",68,$0.1630
CLT,ATW,"24,661",$324.85,721 mi,68,$0.4506
TPA,BGR,"24,639",$193.65,"1,428 mi",68,$0.1356
FLL,HNL,"24,632",$584.48,"5,003 mi",67,$0.1168
MCO,CAE,"24,628",$237.46,392 mi,67,$0.6058
AUS,HYD,"24,620",$672.07,"8,875 mi",67,$0.0757
IAH,MXP,"24,619","$1,095.40","5,541 mi",67,$0.1977
SFO,MDE,"24,611",$362.94,"3,766 mi",67,$0.0964
JFK,TLS,"24,603",$538.91,"3,607 mi",67,$0.1494
PDX,ICN,"24,593","$1,101.97","5,117 mi",67,$0.2154
FLL,CDG,"24,585",$634.95,"4,697 mi",67,$0.1352
LGA,MVY,"24,581",$266.99,170 mi,67,$1.5705
PHX,JAN,"24,580",$290.80,"1,311 mi",67,$0.2218
MCO,FSD,"24,577",$274.16,"1,311 mi",67,$0.2091
EWR,BOI,"24,571",$392.74,"2,077 mi",67,$0.1891
BOS,GCM,"24,558",$307.58,"1,654 mi",67,$0.1860
ONT,ABQ,"24,549",$245.66,610 mi,67,$0.4027
LGA,CDG,"24,533",$581.24,"3,514 mi",67,$0.1654
PHX,MHT,"24,533",$291.02,"2,343 mi",67,$0.1242
PHL,LIT,"24,522",$266.20,967 mi,67,$0.2753
FLL,SWF,"24,516",$119.39,"1,087 mi",67,$0.1098
MCI,MBJ,"24,512",$251.06,"1,806 mi",67,$0.1390
CVG,ALB,"24,501",$273.27,641 mi,67,$0.4263
IAD,NCE,"24,496",$883.61,"4,082 mi",67,$0.2165
SFO,WAW,"24,496","$1,062.16","6,028 mi",67,$0.1762
STL,GEG,"24,494",$278.13,"1,445 mi",67,$0.1925
TPA,DUB,"24,485",$527.25,"4,262 mi",67,$0.1237
JFK,PVD,"24,476",$75.52,147 mi,67,$0.5137
PHL,DAY,"24,476",$285.98,490 mi,67,$0.5836
EWR,HAM,"24,470",$757.32,"3,700 mi",67,$0.2047
IAD,JNB,"24,461","$1,116.88","7,893 mi",67,$0.1415
LAS,SIN,"24,451","$1,769.91","9,094 mi",67,$0.1946
BNA,LAL,"24,436",$149.69,601 mi,67,$0.2491
SEA,HSV,"24,434",$401.04,"2,090 mi",67,$0.1919
IAH,GPT,"24,431",$273.70,387 mi,67,$0.7072
MSP,ICT,"24,417",$295.76,561 mi,67,$0.5272
AUS,SJO,"24,398",$311.57,"1,594 mi",67,$0.1955
MEM,RIC,"24,386",$245.80,747 mi,67,$0.3290
ATL,ABE,"24,382",$341.88,713 mi,67,$0.4795
SLC,SAV,"24,379",$343.70,"1,747 mi",67,$0.1967
SLC,ALB,"24,377",$325.31,"1,896 mi",67,$0.1716
DFW,BKK,"24,373",$912.79,"8,740 mi",67,$0.1044
ATL,BMI,"24,370",$293.09,549 mi,67,$0.5339
BOS,SYD,"24,369","$2,415.48","9,794 mi",67,$0.2466
CVG,MEM,"24,327",$252.73,391 mi,67,$0.6464
DTW,BOM,"24,326",$553.68,"8,175 mi",67,$0.0677
BUR,TPA,"24,321",$286.50,"2,216 mi",67,$0.1293
AUS,PVR,"24,299",$250.98,833 mi,67,$0.3013
MCO,VCE,"24,298",$588.31,"5,161 mi",67,$0.1140
PDX,FCO,"24,290",$593.12,"5,963 mi",67,$0.0995
JFK,CPT,"24,288","$1,058.58","7,570 mi",67,$0.1398
EWR,TUS,"24,285",$365.14,"2,049 mi",67,$0.1782
IAD,PSP,"24,282",$438.77,"2,250 mi",67,$0.1950
LAX,HGH,"24,282","$1,012.01","6,377 mi",67,$0.1587
JAX,SYR,"24,271",$206.82,952 mi,66,$0.2172
IAD,KTM,"24,266",$610.58,"7,469 mi",66,$0.0817
FLL,RNO,"24,249",$320.00,"2,531 mi",66,$0.1264
LAX,JAN,"24,234",$311.04,"1,589 mi",66,$0.1957
CLE,BHM,"24,234",$234.55,623 mi,66,$0.3765
FLL,TUS,"24,234",$288.30,"1,841 mi",66,$0.1566
BOS,NBO,"24,228",$635.11,"7,406 mi",66,$0.0858
ATL,SBA,"24,222",$365.04,"2,079 mi",66,$0.1756
JFK,PSE,"24,216",$167.55,"1,670 mi",66,$0.1003
DFW,SCL,"24,209",$837.40,"5,035 mi",66,$0.1663
JFK,BTV,"24,202",$185.10,275 mi,66,$0.6731
DAL,BDL,"24,186",$236.43,"1,417 mi",66,$0.1669
STL,ICT,"24,182",$216.15,403 mi,66,$0.5364
RDU,YYC,"24,177",$232.27,"2,089 mi",66,$0.1112
SFO,COS,"24,175",$249.27,933 mi,66,$0.2672
PHX,MUC,"24,173",$824.35,"5,635 mi",66,$0.1463
IAH,OGG,"24,157",$547.34,"3,705 mi",66,$0.1477
LAS,BOG,"24,150",$350.74,"3,283 mi",66,$0.1068
MIA,PVD,"24,141",$236.55,"1,247 mi",66,$0.1897
PHL,NCE,"24,135",$536.50,"3,952 mi",66,$0.1358
DEN,SYD,"24,131","$1,725.88","8,604 mi",66,$0.2006
EWR,SJC,"24,127",$306.55,"2,466 mi",66,$0.1243
JFK,CUE,"24,127",$303.08,"3,116 mi",66,$0.0973
MCI,BHM,"24,127",$261.57,611 mi,66,$0.4281
IAD,HVN,"24,119",$133.38,299 mi,66,$0.4461
ORD,HDN,"24,110",$336.81,"1,037 mi",66,$0.3248
JFK,KIX,"24,109","$1,060.40","7,139 mi",66,$0.1485
LAX,FSD,"24,100",$228.19,"1,298 mi",66,$0.1758
BNA,ICN,"24,096","$1,030.62","6,719 mi",66,$0.1534
MIA,BOI,"24,092",$281.14,"2,284 mi",66,$0.1231
SEA,ROC,"24,086",$289.28,"2,095 mi",66,$0.1381
DTW,TIA,"24,068",$329.78,"5,082 mi",66,$0.0649
ONT,ELP,"24,055",$218.39,648 mi,66,$0.3370
SEA,YYJ,"24,045",$121.92,95 mi,66,$1.2834
HNL,LNY,"24,043",$105.52,71 mi,66,$1.4862
LGA,BOI,"24,040",$359.95,"2,219 mi",66,$0.1622
ATL,POP,"24,035",$236.05,"1,320 mi",66,$0.1788
MIA,SJC,"24,032",$279.67,"2,478 mi",66,$0.1129
DFW,BPT,"24,016",$211.03,278 mi,66,$0.7591
RDU,BOI,"24,005",$280.07,"1,979 mi",66,$0.1415
ORD,UVF,"23,981",$437.18,"2,607 mi",66,$0.1677
PIT,YVR,"23,966",$293.10,"2,221 mi",66,$0.1320
MIA,EDI,"23,950",$491.27,"4,132 mi",66,$0.1189
PDX,SGN,"23,939",$732.62,"7,710 mi",66,$0.0950
IAH,GSO,"23,937",$256.69,"1,015 mi",66,$0.2529
IAD,SXM,"23,926",$452.57,"1,632 mi",66,$0.2773
SLC,SJU,"23,911",$423.01,"3,023 mi",66,$0.1399
IAD,ONT,"23,911",$316.74,"2,170 mi",66,$0.1460
PDX,ALB,"23,908",$352.33,"2,317 mi",66,$0.1521
IAD,BZN,"23,897",$338.95,"1,822 mi",65,$0.1860
FLL,CHA,"23,880",$197.25,667 mi,65,$0.2957
SAT,SAV,"23,880",$287.38,"1,070 mi",65,$0.2686
SAT,YYZ,"23,872",$291.52,"1,467 mi",65,$0.1987
CLT,BOI,"23,847",$281.65,"1,895 mi",65,$0.1486
AUS,ROC,"23,838",$278.41,"1,374 mi",65,$0.2026
MSP,MZT,"23,815",$124.38,"1,721 mi",65,$0.0723
DEN,CHA,"23,809",$292.02,"1,083 mi",65,$0.2696
DEN,NAS,"23,807",$400.69,"1,820 mi",65,$0.2202
JFK,BIO,"23,789",$513.50,"3,638 mi",65,$0.1411
RDU,COS,"23,789",$281.91,"1,476 mi",65,$0.1910
FLL,LCK,"23,778",$117.00,934 mi,65,$0.1253
MSY,GRR,"23,773",$269.79,900 mi,65,$0.2998
MCI,PVD,"23,772",$254.09,"1,268 mi",65,$0.2004
DEN,VCE,"23,764",$710.57,"5,530 mi",65,$0.1285
PHX,GSO,"23,763",$274.25,"1,766 mi",65,$0.1553
ATL,EUG,"23,763",$320.44,"2,119 mi",65,$0.1512
JFK,BEY,"23,760",$634.88,"5,436 mi",65,$0.1168
ORD,MKE,"23,755",$68.36,69 mi,65,$0.9907
ATL,MOB,"23,730",$222.17,311 mi,65,$0.7144
CLE,OKC,"23,724",$255.90,919 mi,65,$0.2785
DEN,GUC,"23,721",$201.72,147 mi,65,$1.3722
MSY,ALB,"23,708",$289.77,"1,304 mi",65,$0.2222
DEN,AMA,"23,704",$189.08,371 mi,65,$0.5096
TPA,GPT,"23,702",$172.82,441 mi,65,$0.3919
EWR,CAE,"23,698",$195.95,621 mi,65,$0.3155
SDF,SAV,"23,687",$183.74,505 mi,65,$0.3638
DTW,GEG,"23,680",$309.69,"1,648 mi",65,$0.1879
SLC,PNS,"23,676",$306.95,"1,603 mi",65,$0.1915
PHX,BIL,"23,670",$237.22,848 mi,65,$0.2797
BUR,MSY,"23,665",$294.82,"1,615 mi",65,$0.1826
BOS,CAI,"23,659",$411.34,"5,255 mi",65,$0.0783
MIA,PMI,"23,654",$640.06,"4,898 mi",65,$0.1307
LAS,YYJ,"23,653",$202.75,993 mi,65,$0.2042
LAX,DAY,"23,650",$341.81,"1,862 mi",65,$0.1836
CLT,TUS,"23,640",$284.19,"1,680 mi",65,$0.1692
MCO,ERI,"23,639",$163.77,917 mi,65,$0.1786
MSP,AVL,"23,613",$265.87,887 mi,65,$0.2997
ORD,YWG,"23,585",$296.21,728 mi,65,$0.4069
BNA,HND,"23,581","$1,509.83","6,454 mi",65,$0.2339
ONT,PIT,"23,573",$304.69,"2,023 mi",65,$0.1506
IAH,XWA,"23,571",$458.05,"1,379 mi",65,$0.3322
SAN,SRQ,"23,566",$313.12,"2,031 mi",65,$0.1542
DCA,SDQ,"23,528",$264.99,"1,523 mi",64,$0.1740
SFO,PWM,"23,522",$391.65,"2,635 mi",64,$0.1486
LAS,YQR,"23,514",$192.70,"1,087 mi",64,$0.1773
PHX,YQR,"23,513",$251.13,"1,195 mi",64,$0.2102
MCO,POA,"23,502",$482.91,"4,634 mi",64,$0.1042
SFO,WUH,"23,499",$626.18,"6,658 mi",64,$0.0940
MSY,PUJ,"23,497",$275.91,"1,632 mi",64,$0.1691
DFW,COK,"23,492",$622.10,"9,714 mi",64,$0.0640
JFK,ASU,"23,483",$592.53,"4,530 mi",64,$0.1308
SLC,ROC,"23,447",$323.85,"1,705 mi",64,$0.1899
LAX,NKG,"23,438",$681.92,"6,763 mi",64,$0.1008
HNL,BKK,"23,422",$694.52,"6,385 mi",64,$0.1088
PDX,YYC,"23,418",$207.27,564 mi,64,$0.3675
SAN,ZRH,"23,411",$947.92,"5,777 mi",64,$0.1641
DFW,PSC,"23,397",$266.44,"1,441 mi",64,$0.1849
DEN,MXP,"23,397",$804.26,"5,395 mi",64,$0.1491
ATL,KOA,"23,393",$495.90,"4,307 mi",64,$0.1151
PDX,ORF,"23,386",$333.15,"2,521 mi",64,$0.1321
EWR,HHH,"23,385",$267.29,667 mi,64,$0.4007
BNA,ABE,"23,376",$224.39,663 mi,64,$0.3384
FLL,ELH,"23,362",$132.29,213 mi,64,$0.6211
RDU,SJO,"23,362",$253.64,"1,875 mi",64,$0.1353
CVG,SJC,"23,361",$353.26,"1,952 mi",64,$0.1810
MIA,FDF,"23,360",$499.74,"1,424 mi",64,$0.3509
PHL,FRA,"23,358",$791.40,"4,057 mi",64,$0.1951
LGA,MEX,"23,322",$229.24,"2,156 mi",64,$0.1063
HNL,TUS,"23,320",$397.70,"3,058 mi",64,$0.1301
SAN,FRA,"23,315",$923.88,"5,652 mi",64,$0.1635
TPA,SJO,"23,315",$232.16,"1,210 mi",64,$0.1919
FLL,ATW,"23,311",$195.54,"1,301 mi",64,$0.1503
CLE,AUA,"23,302",$299.99,"2,057 mi",64,$0.1458
MCI,YVR,"23,299",$316.93,"1,507 mi",64,$0.2103
MCO,CPH,"23,297",$423.73,"4,623 mi",64,$0.0917
SFO,MAN,"23,278",$780.74,"5,364 mi",64,$0.1456
ANC,DUT,"23,277",$904.38,813 mi,64,$1.1124
FLL,ELP,"23,270",$287.39,"1,680 mi",64,$0.1711
EWR,MTY,"23,252",$317.89,"1,862 mi",64,$0.1707
IAD,OSL,"23,249",$629.37,"3,771 mi",64,$0.1669
MIA,ASE,"23,243",$732.30,"1,849 mi",64,$0.3961
STL,ALB,"23,220",$252.69,881 mi,64,$0.2868
LGA,LHR,"23,212",$627.97,"3,337 mi",64,$0.1882
ORD,UIO,"23,204",$320.98,"3,058 mi",64,$0.1050
BOS,PQI,"23,195",$83.09,342 mi,64,$0.2430
SEA,CDV,"23,181",$401.28,"1,251 mi",64,$0.3208
CLT,JAC,"23,175",$363.72,"1,732 mi",63,$0.2100
FLL,SJC,"23,173",$291.07,"2,630 mi",63,$0.1107
PHL,SJD,"23,173",$315.98,"2,384 mi",63,$0.1325
BNA,MHT,"23,172",$219.61,909 mi,63,$0.2416
AUS,PTY,"23,167",$278.69,"1,821 mi",63,$0.1530
RDU,BZN,"23,154",$251.68,"1,756 mi",63,$0.1433
BOS,VIX,"23,148",$590.76,"4,891 mi",63,$0.1208
SEA,HLN,"23,145",$189.40,474 mi,63,$0.3996
EWR,ASE,"23,139",$682.41,"1,673 mi",63,$0.4079
SFO,MSO,"23,137",$240.54,746 mi,63,$0.3224
LAX,FUK,"23,133",$672.36,"5,803 mi",63,$0.1159
CLE,OMA,"23,106",$234.58,750 mi,63,$0.3128
SFO,CGK,"23,099","$1,336.04","8,934 mi",63,$0.1495
RDU,YUL,"23,090",$360.92,692 mi,63,$0.5216
MSY,ELP,"23,084",$242.38,993 mi,63,$0.2441
ATL,GRB,"23,068",$355.73,752 mi,63,$0.4730
MCI,LGB,"23,062",$286.18,"1,310 mi",63,$0.2185
CLT,MHT,"23,046",$193.61,715 mi,63,$0.2708
AUS,MAD,"23,037",$776.05,"5,250 mi",63,$0.1478
DCA,LGB,"23,011",$269.14,"2,364 mi",63,$0.1138
HOU,VPS,"22,977",$199.40,511 mi,63,$0.3902
FLL,YEG,"22,975",$300.17,"2,621 mi",63,$0.1145
ANC,BOI,"22,970",$354.53,"1,783 mi",63,$0.1988
DCA,MBJ,"22,968",$235.90,"1,365 mi",63,$0.1728
SJC,BJX,"22,955",$158.09,"1,616 mi",63,$0.0978
ANC,FRA,"22,951",$704.11,"4,802 mi",63,$0.1466
ATL,BRU,"22,950",$896.03,"4,547 mi",63,$0.1971
MIA,ICN,"22,943","$1,243.81","7,965 mi",63,$0.1562
DEN,SUN,"22,940",$280.57,573 mi,63,$0.4897
ORD,COK,"22,934",$526.28,"8,438 mi",63,$0.0624
ATL,HAV,"22,931",$217.15,724 mi,63,$0.2999
BWI,HVN,"22,925",$126.37,239 mi,63,$0.5287
SDF,SJU,"22,911",$252.12,"1,862 mi",63,$0.1354
IAD,VVI,"22,903",$413.42,"4,139 mi",63,$0.0999
DTW,BJX,"22,897",$527.84,"1,751 mi",63,$0.3015
DFW,BTV,"22,878",$333.11,"1,553 mi",63,$0.2145
SEA,NBO,"22,868",$768.82,"9,285 mi",63,$0.0828
ATL,LIH,"22,865",$517.68,"4,416 mi",63,$0.1172
DEN,CPH,"22,856",$593.76,"4,740 mi",63,$0.1253
LAX,MID,"22,846",$238.41,"2,028 mi",63,$0.1176
EWR,PMO,"22,844",$725.11,"4,586 mi",63,$0.1581
IAH,GEO,"22,839","$1,084.30","2,815 mi",63,$0.3852
CVG,STL,"22,827",$256.29,298 mi,63,$0.8600
DFW,LIH,"22,812",$456.30,"3,955 mi",62,$0.1154
CLT,LIS,"22,794",$382.28,"3,981 mi",62,$0.0960
PIT,SJC,"22,790",$286.56,"2,164 mi",62,$0.1324
JAX,CAK,"22,784",$175.98,698 mi,62,$0.2521
IAD,VRB,"22,779",$157.20,774 mi,62,$0.2031
FLL,YWG,"22,775",$232.39,"1,937 mi",62,$0.1200
CLT,AVP,"22,771",$210.33,524 mi,62,$0.4014
IAH,PVD,"22,764",$344.06,"1,511 mi",62,$0.2277
JAX,BHM,"22,754",$263.36,354 mi,62,$0.7440
IAD,DOH,"22,746","$1,339.11","7,121 mi",62,$0.1881
OGG,PHL,"22,725",$685.94,"4,997 mi",62,$0.1373
MSY,PWM,"22,722",$317.87,"1,488 mi",62,$0.2136
BWI,LIR,"22,719",$301.27,"2,110 mi",62,$0.1428
SAT,FRA,"22,707",$507.81,"5,525 mi",62,$0.0919
LAX,HKT,"22,706",$779.77,"8,405 mi",62,$0.0928
EWR,PTY,"22,705",$387.61,"2,142 mi",62,$0.1810
MIA,SJD,"22,689",$376.72,"1,912 mi",62,$0.1970
HNL,MKE,"22,687",$408.90,"4,360 mi",62,$0.0938
LGA,YHZ,"22,666",$265.18,578 mi,62,$0.4588
JFK,SOF,"22,661",$416.98,"4,569 mi",62,$0.0913
MSY,LIT,"22,661",$230.87,357 mi,62,$0.6467
DTW,HOU,"22,651",$214.24,"1,060 mi",62,$0.2021
BOS,UVF,"22,643",$387.38,"2,005 mi",62,$0.1932
MCI,GEG,"22,622",$263.99,"1,236 mi",62,$0.2136
CLT,LEX,"22,619",$325.60,274 mi,62,$1.1883
LAX,CTS,"22,615",$781.17,"4,963 mi",62,$0.1574
ONT,OMA,"22,604",$254.70,"1,245 mi",62,$0.2046
DFW,MFR,"22,603",$259.82,"1,596 mi",62,$0.1628
PHX,SAF,"22,592",$289.02,359 mi,62,$0.8051
DFW,TRC,"22,591",$199.13,616 mi,62,$0.3233
ORD,FLR,"22,590",$728.05,"4,823 mi",62,$0.1510
MCO,DAY,"22,586",$248.44,834 mi,62,$0.2979
ATL,QRO,"22,580",$315.15,"1,359 mi",62,$0.2319
IAH,BRO,"22,563",$226.27,300 mi,62,$0.7542
ANC,TPA,"22,560",$499.45,"3,683 mi",62,$0.1356
BWI,YVR,"22,555",$298.22,"2,294 mi",62,$0.1300
PHX,MSO,"22,548",$256.43,966 mi,62,$0.2655
RDU,RNO,"22,548",$307.58,"2,302 mi",62,$0.1336
DFW,HVN,"22,541",$169.34,"1,402 mi",62,$0.1208
LGA,YEG,"22,537",$351.81,"2,088 mi",62,$0.1685
MDW,GEG,"22,534",$213.22,"1,462 mi",62,$0.1458
MCO,GLA,"22,521",$380.55,"3,993 mi",62,$0.0953
DTW,XNA,"22,509",$310.35,693 mi,62,$0.4478
PDX,RIC,"22,499",$348.81,"2,303 mi",62,$0.1515
OGG,BOI,"22,497",$333.17,"2,700 mi",62,$0.1234
SEA,RDD,"22,490",$148.60,493 mi,62,$0.3014
LAS,CAE,"22,474",$332.45,"1,980 mi",62,$0.1679
BOS,BEY,"22,472",$576.50,"5,255 mi",62,$0.1097
PIT,CDG,"22,468",$698.84,"4,016 mi",62,$0.1740
PHX,LIR,"22,459",$403.88,"2,233 mi",62,$0.1809
IAD,GSP,"22,454",$189.97,372 mi,62,$0.5107
PHL,MXP,"22,448",$579.10,"3,956 mi",62,$0.1464
RDU,DAB,"22,446",$172.22,495 mi,61,$0.3479
LAX,OSL,"22,443",$593.22,"5,171 mi",61,$0.1147
MSY,PBI,"22,434",$261.07,679 mi,61,$0.3845
MCO,SYD,"22,428","$1,596.82","9,624 mi",61,$0.1659
DEN,MDT,"22,424",$362.93,"1,515 mi",61,$0.2396
DFW,LOS,"22,419",$567.16,"6,369 mi",61,$0.0891
JFK,KOA,"22,419",$642.80,"5,093 mi",61,$0.1262
DEN,ABE,"22,416",$284.47,"1,581 mi",61,$0.1799
ATL,MDE,"22,410",$225.00,"1,924 mi",61,$0.1169
DTW,CMH,"22,400",$177.49,150 mi,61,$1.1833
CLT,YYC,"22,382",$384.66,"2,030 mi",61,$0.1895
MSP,AUA,"22,363",$320.23,"2,701 mi",61,$0.1186
ONT,MKE,"22,358",$284.52,"1,658 mi",61,$0.1716
SFO,NAS,"22,349",$342.93,"2,844 mi",61,$0.1206
TPA,ICT,"22,349",$241.61,"1,058 mi",61,$0.2284
LAS,YLW,"22,347",$208.59,953 mi,61,$0.2189
IAD,ORF,"22,333",$134.82,152 mi,61,$0.8870
HOU,SFO,"22,310",$293.23,"1,598 mi",61,$0.1835
DAL,MSP,"22,299",$257.17,828 mi,61,$0.3106
MIA,CBB,"22,285",$419.68,"3,039 mi",61,$0.1381
BNA,GSO,"22,281",$234.33,365 mi,61,$0.6420
DTW,IST,"22,279",$511.82,"5,125 mi",61,$0.0999
RDU,XNA,"22,273",$282.23,892 mi,61,$0.3164
LAX,GSO,"22,265",$342.04,"2,233 mi",61,$0.1532
SJC,OKC,"22,249",$291.75,"1,315 mi",61,$0.2219
ORD,MHT,"22,248",$272.69,866 mi,61,$0.3149
MIA,LPB,"22,247",$400.21,"2,943 mi",61,$0.1360
MSY,FCO,"22,228",$654.29,"5,284 mi",61,$0.1238
PDX,RDM,"22,224",$150.22,113 mi,61,$1.3294
LGA,TVC,"22,217",$360.06,633 mi,61,$0.5688
MSY,TUS,"22,202",$250.30,"1,268 mi",61,$0.1974
IAH,MOT,"22,198",$408.34,"1,340 mi",61,$0.3047
SAN,GSP,"22,198",$323.59,"2,063 mi",61,$0.1569
BOS,GIG,"22,187",$780.08,"4,984 mi",61,$0.1565
JAX,ROC,"22,187",$205.60,927 mi,61,$0.2218
DFW,TYR,"22,175",$57.65,99 mi,61,$0.5823
ONT,RNO,"22,150",$185.51,407 mi,61,$0.4558
CLT,SHV,"22,129",$290.29,786 mi,61,$0.3693
MIA,HKG,"22,115","$1,969.55","9,248 mi",61,$0.2130
JAX,YYZ,"22,108",$240.90,946 mi,61,$0.2547
PIT,TUL,"22,097",$283.93,870 mi,61,$0.3264
SAT,CDG,"22,089",$829.70,"5,320 mi",61,$0.1560
TPA,LIS,"22,079",$635.33,"4,315 mi",60,$0.1472
HNL,TPE,"22,078",$876.78,"4,908 mi",60,$0.1786
BWI,BDA,"22,077",$193.19,794 mi,60,$0.2433
ORD,SKP,"22,064",$250.47,"5,012 mi",60,$0.0500
PHL,COS,"22,058",$298.47,"1,616 mi",60,$0.1847
DEN,RIW,"22,056",$177.77,305 mi,60,$0.5829
LAX,XMN,"22,051",$811.96,"7,160 mi",60,$0.1134
SFO,NAP,"22,051",$658.66,"6,170 mi",60,$0.1068
SJC,OMA,"22,047",$280.86,"1,370 mi",60,$0.2050
SFO,ATQ,"22,043",$582.83,"7,294 mi",60,$0.0799
IAH,PLS,"22,031",$414.65,"1,493 mi",60,$0.2777
ATL,CID,"22,028",$303.88,715 mi,60,$0.4250
MCO,CUC,"22,027",$204.18,"1,574 mi",60,$0.1297
SFO,IKA,"22,026",$532.22,"7,152 mi",60,$0.0744
EWR,CNF,"22,024",$534.82,"4,735 mi",60,$0.1130
PIT,OMA,"22,016",$271.08,794 mi,60,$0.3414
MCO,MXP,"22,010",$759.59,"4,990 mi",60,$0.1522
HNL,SNA,"21,985",$348.07,"2,657 mi",60,$0.1310
DFW,NBO,"21,983",$585.26,"8,480 mi",60,$0.0690
LEX,SAT,"21,965",$307.26,"1,018 mi",60,$0.3018
IAH,MAN,"21,947",$927.22,"4,563 mi",60,$0.2032
SAT,PVD,"21,945",$254.47,"1,778 mi",60,$0.1431
MEM,LHR,"21,917",$878.70,"4,486 mi",60,$0.1959
DCA,HHH,"21,903",$249.36,487 mi,60,$0.5120
JFK,IBZ,"21,901",$751.25,"3,749 mi",60,$0.2004
IAH,EGE,"21,895",$431.65,963 mi,60,$0.4482
SEA,ALW,"21,864",$129.80,206 mi,60,$0.6301
AUS,GRU,"21,861",$917.95,"4,874 mi",60,$0.1883
PDX,LGB,"21,851",$194.77,872 mi,60,$0.2234
LAS,GUA,"21,834",$273.17,"2,189 mi",60,$0.1248
IAH,CAI,"21,829",$704.37,"6,795 mi",60,$0.1037
BOS,HSV,"21,809",$304.13,974 mi,60,$0.3122
LAX,YLW,"21,792",$251.75,"1,140 mi",60,$0.2208
PHX,ZRH,"21,787",$693.19,"5,573 mi",60,$0.1244
MIA,SYD,"21,786","$2,037.19","9,054 mi",60,$0.2250
PIT,ABQ,"21,780",$271.95,"1,527 mi",60,$0.1781
SEA,PBI,"21,780",$415.48,"2,606 mi",60,$0.1594
BNA,AMS,"21,779",$804.53,"4,483 mi",60,$0.1795
AUS,BLR,"21,769","$1,019.51","9,705 mi",60,$0.1050
BWI,SJD,"21,754",$252.40,"2,295 mi",60,$0.1100
JAX,OMA,"21,751",$285.02,"1,055 mi",60,$0.2702
FLL,TVC,"21,745",$221.40,"1,365 mi",60,$0.1622
SEA,LIS,"21,743",$659.84,"5,358 mi",60,$0.1232
PHL,LIR,"21,730",$408.62,"2,183 mi",60,$0.1872
DCA,TLV,"21,722","$1,548.89","5,701 mi",60,$0.2717
AUS,YUL,"21,713",$361.65,"1,718 mi",59,$0.2105
JFK,ABJ,"21,712",$476.79,"5,077 mi",59,$0.0939
LAX,CPT,"21,712","$1,420.94","9,691 mi",59,$0.1466
MIA,CAI,"21,709",$498.00,"6,689 mi",59,$0.0745
LAS,TPE,"21,703",$961.32,"6,632 mi",59,$0.1450
DAL,HNL,"21,700",$320.40,"3,675 mi",59,$0.0872
DAL,BOI,"21,692",$245.75,"1,243 mi",59,$0.1977
EWR,XNA,"21,688",$314.55,"1,094 mi",59,$0.2875
STL,CDG,"21,688",$697.69,"4,518 mi",59,$0.1544
MCI,BUF,"21,675",$257.90,894 mi,59,$0.2885
JFK,VLC,"21,668",$438.48,"3,870 mi",59,$0.1133
CLE,CDG,"21,661",$707.30,"3,807 mi",59,$0.1858
PHX,FAI,"21,656",$378.13,"2,556 mi",59,$0.1479
DTW,AMM,"21,645",$493.51,"6,223 mi",59,$0.0793
RDU,TUL,"21,637",$259.33,983 mi,59,$0.2638
LAS,KIX,"21,637",$753.14,"5,959 mi",59,$0.1264
LAS,CLD,"21,630",$274.85,244 mi,59,$1.1264
MCI,CDG,"21,624",$785.00,"4,393 mi",59,$0.1787
EWR,SBA,"21,620",$445.55,"2,585 mi",59,$0.1724
DCA,TVC,"21,620",$258.71,581 mi,59,$0.4453
LAS,DAY,"21,619",$292.86,"1,747 mi",59,$0.1676
JFK,SKD,"21,615",$439.61,"6,170 mi",59,$0.0712
CLT,CUR,"21,612",$621.17,"1,706 mi",59,$0.3641
AUS,PUJ,"21,611",$270.90,"2,064 mi",59,$0.1313
DFW,CUU,"21,610",$408.44,585 mi,59,$0.6982
PDX,MSN,"21,609",$320.27,"1,689 mi",59,$0.1896
CLE,HOU,"21,599",$213.98,"1,140 mi",59,$0.1877
BWI,ILM,"21,590",$198.71,356 mi,59,$0.5582
DFW,KHI,"21,585",$635.10,"8,558 mi",59,$0.0742
STL,FCO,"21,568",$636.56,"4,900 mi",59,$0.1299
DEN,PRC,"21,566",$212.44,540 mi,59,$0.3934
SAT,TYS,"21,565",$297.86,918 mi,59,$0.3245
CLT,LIR,"21,553",$474.45,"1,673 mi",59,$0.2836
BUR,MSP,"21,551",$305.14,"1,566 mi",59,$0.1949
PIT,DUB,"21,551",$528.05,"3,538 mi",59,$0.1493
SAN,ECP,"21,523",$303.77,"1,904 mi",59,$0.1595
MIA,JNB,"21,520","$1,156.99","7,818 mi",59,$0.1480
EWR,HDN,"21,512",$388.42,"1,776 mi",59,$0.2187
DEN,ACV,"21,505",$278.89,"1,054 mi",59,$0.2646
MCO,SJD,"21,499",$303.69,"1,746 mi",59,$0.1739
BOS,ICT,"21,456",$297.27,"1,387 mi",59,$0.2143
SJC,MKE,"21,449",$298.56,"1,770 mi",59,$0.1687
BWI,LIT,"21,442",$242.95,938 mi,59,$0.2590
ANC,YVR,"21,440",$368.81,"1,367 mi",59,$0.2698
FLL,BOI,"21,439",$294.28,"2,419 mi",59,$0.1217
MIA,PWM,"21,438",$256.16,"1,396 mi",59,$0.1835
DTW,ILM,"21,415",$241.46,642 mi,59,$0.3761
HOU,DSM,"21,415",$171.60,851 mi,59,$0.2016
LAX,BLQ,"21,409",$637.08,"5,979 mi",59,$0.1066
MCO,HKG,"21,408","$1,352.44","8,523 mi",59,$0.1587
DCA,YVR,"21,407",$389.05,"2,431 mi",59,$0.1600
CVG,XNA,"21,405",$302.15,543 mi,59,$0.5564
LAX,HEL,"21,399",$711.55,"5,768 mi",59,$0.1234
BOS,EZE,"21,392","$1,085.73","5,553 mi",59,$0.1955
SAN,DUB,"21,387",$751.06,"5,352 mi",59,$0.1403
MDW,PWM,"21,386",$205.82,866 mi,59,$0.2377
MSP,YWG,"21,386",$182.13,407 mi,59,$0.4475
HNL,JAX,"21,382",$664.97,"4,835 mi",59,$0.1375
IAD,PGD,"21,379",$132.75,845 mi,59,$0.1571
SAN,ICT,"21,375",$245.75,"1,199 mi",59,$0.2050
SDF,SNA,"21,372",$338.65,"1,761 mi",59,$0.1923
SAN,PSC,"21,371",$196.85,913 mi,59,$0.2156
ORD,PIA,"21,371",$102.04,134 mi,59,$0.7615
BWI,BZN,"21,362",$286.02,"1,746 mi",59,$0.1638
MEM,CHS,"21,333",$246.52,570 mi,58,$0.4325
LGA,ICT,"21,328",$307.84,"1,238 mi",58,$0.2487
FLL,LIT,"21,323",$239.92,906 mi,58,$0.2648
PHL,MHT,"21,311",$246.16,298 mi,58,$0.8260
SFO,SUN,"21,309",$401.46,606 mi,58,$0.6625
SLC,PVD,"21,308",$328.32,"2,025 mi",58,$0.1621
MCO,EUG,"21,288",$290.14,"2,615 mi",58,$0.1110
SAN,SIN,"21,252","$1,449.71","9,132 mi",58,$0.1588
DFW,SIN,"21,249","$2,000.40","9,992 mi",58,$0.2002
SFO,KEF,"21,212",$642.63,"4,319 mi",58,$0.1488
DCA,YYC,"21,211",$299.24,"2,028 mi",58,$0.1476
HOU,BDL,"21,202",$245.26,"1,471 mi",58,$0.1667
HNL,CDG,"21,197",$883.09,"7,207 mi",58,$0.1225
DAL,DTW,"21,195",$226.41,"1,009 mi",58,$0.2244
SFO,BTV,"21,187",$489.75,"2,646 mi",58,$0.1851
DAL,ALB,"21,182",$253.97,"1,383 mi",58,$0.1836
TPA,MAD,"21,182",$555.93,"4,578 mi",58,$0.1214
RDU,ATH,"21,177",$667.85,"5,502 mi",58,$0.1214
MSY,ROC,"21,168",$219.75,"1,108 mi",58,$0.1983
MIA,DUS,"21,166",$515.35,"4,582 mi",58,$0.1125
BNA,MSN,"21,152",$284.69,490 mi,58,$0.5810
RDU,VPS,"21,145",$219.52,565 mi,58,$0.3885
CLE,YVR,"21,144",$320.22,"2,114 mi",58,$0.1515
IAH,BFL,"21,135",$373.88,"1,382 mi",58,$0.2705
BOS,OSL,"21,127",$499.09,"3,599 mi",58,$0.1387
MIA,FLR,"21,119",$887.29,"5,229 mi",58,$0.1697
ORD,SDQ,"21,117",$304.78,"2,006 mi",58,$0.1519
MSP,YQR,"21,104",$193.08,675 mi,58,$0.2860
JFK,ITH,"21,102",$187.27,183 mi,58,$1.0233
JAX,ALB,"21,095",$248.58,923 mi,58,$0.2693
MIA,HEL,"21,092",$900.18,"5,329 mi",58,$0.1689
DFW,HDN,"21,080",$359.82,792 mi,58,$0.4543
SEA,BER,"21,077",$644.27,"4,913 mi",58,$0.1311
STL,BHM,"21,073",$230.13,423 mi,58,$0.5440
DAL,SFO,"21,070",$229.31,"1,430 mi",58,$0.1604
RDU,ICN,"21,065","$1,095.52","7,331 mi",58,$0.1494
AUS,SYR,"21,058",$287.28,"1,529 mi",58,$0.1879
MSY,MAF,"21,046",$217.84,742 mi,58,$0.2936
STL,FRA,"21,032","$1,047.29","4,718 mi",58,$0.2220
BUR,DCA,"21,016",$251.09,"2,228 mi",58,$0.1127
PHX,MDT,"21,015",$339.52,"1,931 mi",58,$0.1758
MCO,MFE,"21,007",$252.44,"1,018 mi",58,$0.2480
FLL,MSN,"20,992",$293.86,"1,249 mi",58,$0.2353
MIA,BLQ,"20,984",$621.64,"4,912 mi",57,$0.1266
IAD,FNA,"20,982",$379.22,"4,333 mi",57,$0.0875
DEN,MNL,"20,968",$864.50,"7,440 mi",57,$0.1162
MCO,MAF,"20,966",$246.89,"1,307 mi",57,$0.1889
IAH,PTY,"20,960",$438.55,"1,828 mi",57,$0.2399
IAD,SAP,"20,950",$181.29,"1,795 mi",57,$0.1010
SEA,GTF,"20,938",$213.32,526 mi,57,$0.4056
DTW,FAT,"20,930",$358.57,"1,900 mi",57,$0.1887
ORD,MFE,"20,929",$371.55,"1,202 mi",57,$0.3091
PDX,DUB,"20,924",$609.05,"4,777 mi",57,$0.1275
ORD,CEB,"20,908",$548.15,"8,546 mi",57,$0.0641
CLT,BTV,"20,904",$306.52,738 mi,57,$0.4153
AUS,PWM,"20,899",$285.38,"1,709 mi",57,$0.1670
PDX,ATW,"20,894",$286.66,"1,607 mi",57,$0.1784
PIT,TUS,"20,879",$302.63,"1,848 mi",57,$0.1638
DCA,SJO,"20,870",$302.35,"2,103 mi",57,$0.1438
BNA,YEG,"20,862",$247.40,"1,704 mi",57,$0.1452
ATL,SBN,"20,855",$334.17,584 mi,57,$0.5722
LAS,BNE,"20,843","$1,101.54","7,171 mi",57,$0.1536
SAT,LIT,"20,837",$241.02,497 mi,57,$0.4849
MCO,DPS,"20,833","$1,026.28","11,026 mi",57,$0.0931
SDF,ORF,"20,821",$219.12,514 mi,57,$0.4263
SEA,SAL,"20,806",$300.42,"3,120 mi",57,$0.0963
MSP,MUC,"20,805",$612.24,"4,703 mi",57,$0.1302
CLE,PVD,"20,772",$235.54,555 mi,57,$0.4244
LAS,MEL,"20,772","$1,419.10","8,405 mi",57,$0.1688
ATL,BKK,"20,746",$930.77,"9,423 mi",57,$0.0988
DEN,PTY,"20,737",$489.69,"2,557 mi",57,$0.1915
SAN,ATH,"20,737",$717.48,"7,160 mi",57,$0.1002
DFW,EDI,"20,735",$543.28,"4,637 mi",57,$0.1172
JFK,KWI,"20,728","$1,052.77","6,529 mi",57,$0.1612
BOS,JAC,"20,718",$494.16,"2,051 mi",57,$0.2409
SFO,HAM,"20,718",$935.75,"5,688 mi",57,$0.1645
MSY,TYS,"20,694",$269.53,526 mi,57,$0.5124
ATL,NAP,"20,684",$862.37,"5,302 mi",57,$0.1626
PHL,BDA,"20,676",$630.88,760 mi,57,$0.8301
SEA,LGB,"20,671",$173.45,995 mi,57,$0.1743
SLC,PSC,"20,670",$264.31,504 mi,57,$0.5244
FLL,GSO,"20,658",$192.73,672 mi,57,$0.2868
DFW,AMM,"20,657",$521.07,"7,233 mi",57,$0.0720
ATL,AGS,"20,649",$91.55,139 mi,57,$0.6586
SDF,BDL,"20,647",$256.42,759 mi,57,$0.3378
ATL,CHA,"20,644",$86.69,103 mi,57,$0.8417
LGA,OAK,"20,637",$272.14,"2,486 mi",57,$0.1095
ORD,NBO,"20,637",$712.55,"7,780 mi",57,$0.0916
BOS,CMN,"20,635",$408.89,"3,537 mi",57,$0.1156
SAN,XNA,"20,625",$278.91,"1,363 mi",57,$0.2046
ONT,SDF,"20,605",$334.86,"1,846 mi",56,$0.1814
JFK,ADE,"20,599",$342.34,"7,275 mi",56,$0.0471
LAX,WUH,"20,596",$733.40,"7,006 mi",56,$0.1047
DTW,LIT,"20,595",$245.79,684 mi,56,$0.3593
DFW,FLG,"20,578",$236.08,825 mi,56,$0.2862
LAX,YYJ,"20,552",$252.47,"1,079 mi",56,$0.2340
BUR,SCF,"20,546",$340.11,357 mi,56,$0.9527
PHL,VPS,"20,545",$235.82,880 mi,56,$0.2680
SFO,LIT,"20,540",$329.63,"1,738 mi",56,$0.1897
FLL,FSD,"20,527",$188.76,"1,572 mi",56,$0.1201
BOS,CID,"20,522",$337.28,"1,091 mi",56,$0.3091
DFW,PTY,"20,519",$340.86,"1,935 mi",56,$0.1762
JFK,RAK,"20,517",$602.73,"3,746 mi",56,$0.1609
SAN,OKA,"20,515",$901.02,"6,740 mi",56,$0.1337
ORD,LAN,"20,504",$292.11,183 mi,56,$1.5962
ORD,VNO,"20,494",$306.74,"4,551 mi",56,$0.0674
MSY,BOI,"20,490",$255.20,"1,755 mi",56,$0.1454
LAS,EDI,"20,484",$592.76,"5,077 mi",56,$0.1168
EWR,ACC,"20,483",$354.68,"5,283 mi",56,$0.0671
SLC,VPS,"20,477",$378.65,"1,541 mi",56,$0.2457
PDX,CHS,"20,470",$314.39,"2,479 mi",56,$0.1268
JFK,ZAG,"20,443",$367.66,"4,420 mi",56,$0.0832
MSP,PGD,"20,441",$86.86,"1,430 mi",56,$0.0607
SAT,DSM,"20,441",$258.79,846 mi,56,$0.3059
CLT,PSP,"20,433",$296.87,"1,956 mi",56,$0.1518
PHL,YYC,"20,428",$401.05,"1,944 mi",56,$0.2063
IAD,CHO,"20,419",$98.29,75 mi,56,$1.3105
DTW,BTV,"20,413",$268.48,519 mi,56,$0.5173
MCO,BRU,"20,405",$628.72,"4,681 mi",56,$0.1343
IAD,XPL,"20,400",$325.66,"1,855 mi",56,$0.1756
DEN,SGN,"20,391",$693.58,"8,148 mi",56,$0.0851
STL,COS,"20,391",$215.90,748 mi,56,$0.2886
IAH,DRO,"20,380",$314.85,842 mi,56,$0.3739
CLT,ZRH,"20,349",$756.85,"4,325 mi",56,$0.1750
SAN,PWM,"20,348",$347.30,"2,696 mi",56,$0.1288
MCO,BOM,"20,345",$674.13,"8,990 mi",56,$0.0750
BOS,GSO,"20,341",$240.34,625 mi,56,$0.3845
DEN,GRB,"20,334",$238.58,876 mi,56,$0.2724
SJC,TUS,"20,330",$217.82,699 mi,56,$0.3116
TPA,LIM,"20,329",$331.65,"2,703 mi",56,$0.1227
ATL,MNL,"20,312",$956.02,"8,972 mi",56,$0.1066
LAX,RUH,"20,310","$2,023.09","8,499 mi",56,$0.2380
EWR,BZE,"20,304",$340.46,"1,754 mi",56,$0.1941
DFW,AGS,"20,294",$407.07,898 mi,56,$0.4533
ATL,FSD,"20,288",$320.50,925 mi,56,$0.3465
ORD,ACC,"20,281",$433.34,"6,018 mi",56,$0.0720
LAX,PRC,"20,276",$170.22,335 mi,56,$0.5081
DFW,CAI,"20,276",$476.44,"6,722 mi",56,$0.0709
ORD,SCL,"20,265",$963.18,"5,160 mi",56,$0.1867
FLL,GEG,"20,262",$251.25,"2,584 mi",56,$0.0972
PHX,YLW,"20,261",$237.18,"1,238 mi",56,$0.1916
MCI,FCO,"20,252",$596.15,"5,358 mi",55,$0.1113
SAT,XNA,"20,249",$258.84,509 mi,55,$0.5085
IAH,JAC,"20,242",$403.61,"1,303 mi",55,$0.3098
IAD,NAP,"20,238",$608.30,"4,478 mi",55,$0.1358
PHX,DEL,"20,234",$942.96,"8,354 mi",55,$0.1129
SFO,AMD,"20,228",$876.12,"8,374 mi",55,$0.1046
MCI,TYS,"20,222",$272.74,615 mi,55,$0.4435
JAX,ONT,"20,211",$322.26,"2,039 mi",55,$0.1580
MCO,CWB,"20,207",$464.61,"4,166 mi",55,$0.1115
BOS,ECP,"20,202",$301.18,"1,200 mi",55,$0.2510
ATL,NBO,"20,194",$560.29,"8,289 mi",55,$0.0676
BUR,GEG,"20,191",$226.46,900 mi,55,$0.2516
SAN,HSV,"20,181",$332.24,"1,695 mi",55,$0.1960
PHL,VCE,"20,133",$479.82,"4,110 mi",55,$0.1167
ORD,JNB,"20,129","$1,130.14","8,971 mi",55,$0.1260
CLT,GEG,"20,126",$276.71,"1,994 mi",55,$0.1388
JFK,WNZ,"20,125",$835.49,"7,836 mi",55,$0.1066
EWR,PEK,"20,122","$1,249.09","7,019 mi",55,$0.1780
DFW,AUA,"20,112",$453.40,"2,279 mi",55,$0.1989
AUS,MYR,"20,111",$251.07,"1,157 mi",55,$0.2170
ATL,HDN,"20,107",$404.52,"1,378 mi",55,$0.2936
LAX,SDQ,"20,098",$344.20,"3,268 mi",55,$0.1053
HOU,TYS,"20,090",$175.77,804 mi,55,$0.2186
BOS,KOA,"20,072",$622.46,"4,911 mi",55,$0.1267
CVG,MKE,"20,058",$248.10,308 mi,55,$0.8055
MCO,SPI,"20,028",$175.21,949 mi,55,$0.1846
DEN,EZE,"20,023","$1,294.47","6,116 mi",55,$0.2117
MSP,LIS,"20,021",$650.16,"4,026 mi",55,$0.1615
HOU,BUF,"20,018",$253.78,"1,257 mi",55,$0.2019
ATL,TRI,"20,007",$185.98,220 mi,55,$0.8454
DEN,FAI,"20,007",$391.18,"2,498 mi",55,$0.1566
SFO,FAI,"20,007",$318.99,"2,081 mi",55,$0.1533
LAX,LAP,"19,998",$177.15,862 mi,55,$0.2055
STL,DSM,"19,996",$196.78,267 mi,55,$0.7370
JFK,BON,"19,992",$175.40,"2,058 mi",55,$0.0852
MEM,MBJ,"19,989",$247.86,"1,320 mi",55,$0.1878
CLT,CHA,"19,983",$288.97,234 mi,55,$1.2349
SAT,DAY,"19,978",$263.02,"1,110 mi",55,$0.2370
MEM,SNA,"19,966",$377.26,"1,540 mi",55,$0.2450
IAH,VCE,"19,966",$728.62,"5,368 mi",55,$0.1357
IAD,MAN,"19,961",$681.17,"3,448 mi",55,$0.1976
ATL,TTN,"19,960",$75.49,722 mi,55,$0.1046
SLC,ICT,"19,951",$278.69,831 mi,55,$0.3354
LAX,DUS,"19,951",$728.97,"5,505 mi",55,$0.1324
SLC,RDM,"19,941",$279.62,540 mi,55,$0.5178
CLE,YYZ,"19,937",$338.86,199 mi,55,$1.7028
SAN,CID,"19,923",$273.34,"1,483 mi",55,$0.1843
CLT,MXP,"19,907",$635.64,"4,386 mi",55,$0.1449
PHX,MBJ,"19,906",$265.66,"2,411 mi",55,$0.1102
MSY,YVR,"19,906",$371.84,"2,235 mi",55,$0.1664
PHX,SGF,"19,901",$290.14,"1,112 mi",55,$0.2609
MCI,GSP,"19,900",$283.05,729 mi,55,$0.3883
CVG,GSP,"19,898",$261.87,307 mi,55,$0.8530
DEN,LBL,"19,897",$135.06,272 mi,55,$0.4965
MSY,MEX,"19,884",$390.55,888 mi,54,$0.4398
AUS,TPE,"19,881","$1,349.53","8,065 mi",54,$0.1673
LAX,UPN,"19,881",$151.94,"1,464 mi",54,$0.1038
IAH,LRD,"19,879",$241.38,292 mi,54,$0.8266
DTW,LIH,"19,878",$496.94,"4,377 mi",54,$0.1135
ATL,BER,"19,877",$763.55,"4,866 mi",54,$0.1569
SFO,GIG,"19,865","$1,083.55","6,413 mi",54,$0.1690
HNL,COS,"19,864",$465.58,"3,452 mi",54,$0.1349
PIT,MSN,"19,859",$291.80,518 mi,54,$0.5633
ORD,RST,"19,859",$287.56,276 mi,54,$1.0419
DFW,FAI,"19,855",$438.04,"2,960 mi",54,$0.1480
SEA,MDT,"19,851",$347.18,"2,222 mi",54,$0.1562
SAT,ALB,"19,840",$276.19,"1,691 mi",54,$0.1633
LEX,PHX,"19,836",$325.42,"1,611 mi",54,$0.2020
MCO,YXE,"19,814",$328.70,"2,157 mi",54,$0.1524
DTW,NAS,"19,813",$390.82,"1,270 mi",54,$0.3077
MIA,YYC,"19,811",$347.66,"2,414 mi",54,$0.1440
SEA,JAC,"19,808",$248.59,638 mi,54,$0.3896
ATL,BJX,"19,804",$290.97,"1,401 mi",54,$0.2077
IAD,CPT,"19,798","$1,239.53","8,169 mi",54,$0.1517
CLT,BZE,"19,786",$277.03,"1,263 mi",54,$0.2193
PDX,BUF,"19,784",$300.24,"2,216 mi",54,$0.1355
MEM,TYS,"19,772",$262.71,331 mi,54,$0.7937
ATL,MLI,"19,762",$254.81,615 mi,54,$0.4143
BOS,WAW,"19,759",$641.58,"4,191 mi",54,$0.1531
MIA,PSP,"19,747",$435.73,"2,162 mi",54,$0.2015
SAT,CAE,"19,746",$291.30,"1,094 mi",54,$0.2663
AUS,SBA,"19,740",$300.44,"1,364 mi",54,$0.2203
TPA,ICN,"19,734","$1,183.11","7,314 mi",54,$0.1618
HNL,FRA,"19,721",$659.04,"7,214 mi",54,$0.0914
MSP,ATW,"19,715",$204.96,242 mi,54,$0.8469
PHL,FAT,"19,715",$306.37,"2,323 mi",54,$0.1319
IAH,SYD,"19,708","$1,719.58","8,339 mi",54,$0.2062
BWI,AGS,"19,706",$225.37,483 mi,54,$0.4666
EWR,SKG,"19,701",$558.73,"4,938 mi",54,$0.1131
MCO,OGG,"19,695",$554.61,"4,812 mi",54,$0.1153
OGG,GEG,"19,693",$326.83,"2,924 mi",54,$0.1118
DEN,BOG,"19,669",$330.09,"2,991 mi",54,$0.1104
EWR,GEG,"19,668",$369.36,"2,108 mi",54,$0.1752
IAD,IKA,"19,667",$581.45,"6,532 mi",54,$0.0890
PIT,RIC,"19,662",$235.73,267 mi,54,$0.8829
TPA,NAS,"19,653",$165.00,362 mi,54,$0.4558
PDX,COS,"19,643",$228.58,"1,057 mi",54,$0.2163
MSP,TVC,"19,642",$217.38,385 mi,54,$0.5646
BNA,CAK,"19,639",$168.73,448 mi,54,$0.3766
DTW,CAI,"19,639",$363.11,"5,767 mi",54,$0.0630
EWR,BKK,"19,635","$1,245.63","8,925 mi",54,$0.1396
LAX,AGP,"19,631",$841.84,"5,786 mi",54,$0.1455
PHL,UVF,"19,625",$337.99,"1,943 mi",54,$0.1740
SEA,CID,"19,624",$318.98,"1,587 mi",54,$0.2010
BOS,FAT,"19,611",$323.13,"2,665 mi",54,$0.1212
ONT,MLM,"19,611",$165.38,"1,370 mi",54,$0.1207
JFK,SPU,"19,605",$494.95,"4,511 mi",54,$0.1097
MIA,MSN,"19,605",$345.54,"1,342 mi",54,$0.2575
DFW,SDQ,"19,590",$344.38,"1,908 mi",54,$0.1805
JFK,CKY,"19,590",$423.82,"4,361 mi",54,$0.0972
SDF,RIC,"19,586",$237.52,447 mi,54,$0.5314
ORD,OPO,"19,586",$486.81,"3,817 mi",54,$0.1275
MEM,ONT,"19,571",$335.76,"1,521 mi",54,$0.2207
DTW,ATW,"19,543",$244.22,305 mi,54,$0.8007
LAS,HRL,"19,525",$182.05,"1,272 mi",53,$0.1431
JFK,BOD,"19,524",$629.18,"3,699 mi",53,$0.1701
LGA,CID,"19,518",$284.25,955 mi,53,$0.2976
LAS,MXP,"19,514",$833.39,"5,624 mi",53,$0.1482
MCO,BAQ,"19,503",$196.78,"1,245 mi",53,$0.1581
MCI,MSN,"19,502",$305.45,397 mi,53,$0.7694
DTW,GRU,"19,498","$1,225.27","4,957 mi",53,$0.2472
DFW,EZE,"19,490","$1,383.85","5,143 mi",53,$0.2691
MCO,SHV,"19,480",$262.89,771 mi,53,$0.3410
LAX,LEX,"19,475",$371.84,"1,957 mi",53,$0.1900
FLL,BGA,"19,466",$168.98,"1,345 mi",53,$0.1256
LAX,SGU,"19,460",$197.95,337 mi,53,$0.5874
MIA,ICT,"19,449",$253.98,"1,256 mi",53,$0.2022
LGA,JAN,"19,438",$308.12,"1,102 mi",53,$0.2796
MSP,ZRH,"19,433",$718.30,"4,357 mi",53,$0.1649
SFO,OTH,"19,432",$236.98,400 mi,53,$0.5925
DEN,HRL,"19,419",$182.46,994 mi,53,$0.1836
ANC,BNA,"19,412",$429.06,"3,100 mi",53,$0.1384
IAH,MDE,"19,393",$409.24,"2,157 mi",53,$0.1897
JFK,TRV,"19,382",$500.24,"8,307 mi",53,$0.0602
TPA,SGN,"19,380",$585.86,"9,395 mi",53,$0.0624
PHL,EDI,"19,374",$506.57,"3,439 mi",53,$0.1473
ORD,CRW,"19,366",$246.65,404 mi,53,$0.6105
DFW,MZT,"19,365",$411.13,902 mi,53,$0.4558
DFW,KTM,"19,363",$638.05,"8,494 mi",53,$0.0751
DCA,SCL,"19,355","$1,024.31","4,857 mi",53,$0.2109
IAH,COK,"19,354",$736.53,"9,321 mi",53,$0.0790
MIA,MRS,"19,350",$606.32,"4,945 mi",53,$0.1226
LAX,JED,"19,350",$782.16,"8,070 mi",53,$0.0969
ANC,PHL,"19,335",$473.37,"3,471 mi",53,$0.1364
BOS,ACC,"19,335",$454.45,"4,833 mi",53,$0.0940
JFK,LIH,"19,326",$593.34,"5,170 mi",53,$0.1148
ORD,SXM,"19,326",$483.59,"2,139 mi",53,$0.2261
ANC,AUS,"19,324",$423.64,"3,080 mi",53,$0.1375
SAT,PBI,"19,318",$327.21,"1,170 mi",53,$0.2797
LAX,NGO,"19,298",$806.12,"5,810 mi",53,$0.1387
DTW,AUA,"19,298",$458.30,"2,270 mi",53,$0.2019
EWR,LOS,"19,292",$517.78,"5,425 mi",53,$0.0954
IAD,GSO,"19,287",$188.32,232 mi,53,$0.8117
MCO,LBB,"19,284",$282.47,"1,302 mi",53,$0.2170
ORD,CTG,"19,279",$242.47,"2,236 mi",53,$0.1084
MCI,ALB,"19,278",$288.56,"1,146 mi",53,$0.2518
MSY,SYR,"19,277",$229.94,"1,160 mi",53,$0.1982
MSP,ILM,"19,276",$272.57,"1,060 mi",53,$0.2571
CLT,ICT,"19,272",$241.40,903 mi,53,$0.2673
SEA,KIX,"19,259",$705.96,"5,178 mi",53,$0.1363
PHL,HSV,"19,254",$304.46,751 mi,53,$0.4054
IAD,SYD,"19,236","$2,250.87","10,035 mi",53,$0.2243
MSP,MDT,"19,212",$329.41,869 mi,53,$0.3791
SDF,PBI,"19,206",$300.06,833 mi,53,$0.3602
IAD,OGS,"19,203",$153.99,421 mi,53,$0.3658
DCA,MNL,"19,200",$795.58,"8,826 mi",53,$0.0901
SLC,YUL,"19,197",$388.18,"1,878 mi",53,$0.2067
ORD,PSC,"19,193",$308.91,"1,612 mi",53,$0.1916
DTW,OAK,"19,184",$280.74,"2,125 mi",53,$0.1321
RDU,CPH,"19,173",$739.29,"4,399 mi",53,$0.1681
ATL,GPT,"19,172",$225.65,363 mi,53,$0.6216
LAX,GCM,"19,164",$355.79,"2,560 mi",53,$0.1390
PHX,CUL,"19,158",$113.77,638 mi,52,$0.1783
JFK,YUL,"19,115",$174.67,344 mi,52,$0.5078
DCA,FSD,"19,096",$276.94,"1,040 mi",52,$0.2663
SAN,SJO,"19,092",$353.50,"2,700 mi",52,$0.1309
SFO,SRQ,"19,089",$371.78,"2,334 mi",52,$0.1593
MCO,YFC,"19,086",$261.72,"1,492 mi",52,$0.1754
MSY,LGB,"19,083",$276.00,"1,702 mi",52,$0.1622
SJC,ELP,"19,081",$260.01,991 mi,52,$0.2624
MIA,GEG,"19,077",$256.83,"2,441 mi",52,$0.1052
BNA,FRA,"19,076",$684.41,"4,707 mi",52,$0.1454
MCI,DUB,"19,074",$541.91,"4,169 mi",52,$0.1300
CLT,COS,"19,069",$250.49,"1,290 mi",52,$0.1942
PHX,VCE,"19,062",$711.88,"6,148 mi",52,$0.1158
DFW,YEG,"19,051",$380.83,"1,581 mi",52,$0.2409
ATL,MFE,"19,026",$264.67,"1,002 mi",52,$0.2641
LAX,EGE,"19,026",$374.45,725 mi,52,$0.5165
SFO,MBJ,"19,021",$322.52,"3,070 mi",52,$0.1051
PHX,NAS,"18,994",$321.03,"2,086 mi",52,$0.1539
SAT,FCO,"18,986",$576.91,"6,000 mi",52,$0.0962
ORD,OAK,"18,972",$223.75,"1,886 mi",52,$0.1186
JFK,ALA,"18,967",$502.53,"6,546 mi",52,$0.0768
SLC,GSP,"18,966",$404.24,"1,615 mi",52,$0.2503
IAH,AMM,"18,956",$493.22,"7,325 mi",52,$0.0673
MCO,FWA,"18,951",$287.21,868 mi,52,$0.3309
ATL,TLV,"18,940","$1,075.22","6,617 mi",52,$0.1625
RDU,LIT,"18,940",$260.27,784 mi,52,$0.3320
MSP,MOT,"18,939",$228.93,461 mi,52,$0.4966
AUS,ATH,"18,933",$772.43,"6,601 mi",52,$0.1170
CLT,HOU,"18,929",$240.73,947 mi,52,$0.2542
SFO,YWG,"18,914",$198.21,"1,459 mi",52,$0.1359
CLE,IND,"18,914",$269.52,253 mi,52,$1.0653
TPA,SJD,"18,904",$316.76,"1,775 mi",52,$0.1785
BNA,MTY,"18,903",$296.59,"1,100 mi",52,$0.2696
LAX,GYE,"18,898",$396.84,"3,427 mi",52,$0.1158
DTW,LIR,"18,892",$466.64,"2,123 mi",52,$0.2198
SAN,LIS,"18,891",$684.47,"5,851 mi",52,$0.1170
EWR,FAT,"18,867",$377.44,"2,369 mi",52,$0.1593
CLE,SJD,"18,860",$314.94,"2,105 mi",52,$0.1496
ORD,JAN,"18,854",$286.10,658 mi,52,$0.4348
LAS,MBJ,"18,852",$236.02,"2,490 mi",52,$0.0948
FLL,COS,"18,852",$268.44,"1,622 mi",52,$0.1655
LAX,OTP,"18,836",$538.16,"6,375 mi",52,$0.0844
STL,GRR,"18,820",$239.08,371 mi,52,$0.6444
SEA,ARN,"18,816",$532.68,"4,563 mi",52,$0.1167
PDX,KEF,"18,812",$426.57,"3,838 mi",52,$0.1111
BOS,MAA,"18,810",$769.52,"8,443 mi",52,$0.0911
LGA,YWG,"18,804",$327.00,"1,252 mi",52,$0.2612
BOS,SCL,"18,802",$912.34,"5,391 mi",52,$0.1692
MDW,PSP,"18,802",$255.07,"1,704 mi",52,$0.1497
CLT,HHH,"18,798",$115.92,213 mi,52,$0.5442
LAX,AUA,"18,790",$354.59,"3,271 mi",51,$0.1084
MDW,TYS,"18,787",$163.78,474 mi,51,$0.3455
CLT,VCE,"18,781",$578.28,"4,542 mi",51,$0.1273
MEM,RSW,"18,780",$292.17,786 mi,51,$0.3717
LAS,YHZ,"18,767",$280.67,"2,815 mi",51,$0.0997
ORD,MLI,"18,762",$104.28,135 mi,51,$0.7724
MEM,PBI,"18,758",$292.77,847 mi,51,$0.3457
OGG,YYZ,"18,754",$486.22,"4,448 mi",51,$0.1093
DEN,EDI,"18,753",$680.95,"4,252 mi",51,$0.1601
BWI,CDG,"18,752",$524.27,"3,694 mi",51,$0.1419
DFW,ROA,"18,747",$307.65,980 mi,51,$0.3139
BUR,PHL,"18,734",$293.53,"2,315 mi",51,$0.1268
SJC,YYZ,"18,732",$223.66,"2,306 mi",51,$0.0970
FLL,AMS,"18,721",$734.92,"4,466 mi",51,$0.1646
ORD,GIG,"18,717",$838.59,"5,148 mi",51,$0.1629
BOS,GLA,"18,717",$470.68,"3,112 mi",51,$0.1512
MCI,FAT,"18,717",$265.22,"1,408 mi",51,$0.1884
JFK,CEB,"18,713",$609.10,"8,476 mi",51,$0.0719
DEN,GCC,"18,707",$227.83,322 mi,51,$0.7075
IAD,AVL,"18,701",$230.86,381 mi,51,$0.6059
MCI,YYC,"18,697",$344.98,"1,201 mi",51,$0.2872
SFO,AMM,"18,685",$518.45,"7,224 mi",51,$0.0718
MDW,BZN,"18,678",$185.43,"1,231 mi",51,$0.1506
DFW,AKL,"18,675","$1,272.53","7,224 mi",51,$0.1762
MEM,SJC,"18,672",$350.21,"1,833 mi",51,$0.1911
IAD,CTG,"18,641",$258.30,"1,914 mi",51,$0.1350
DTW,COS,"18,641",$254.28,"1,109 mi",51,$0.2293
LAX,MRS,"18,639",$813.64,"6,200 mi",51,$0.1312
MSY,GEG,"18,631",$245.59,"1,947 mi",51,$0.1261
SAN,FCA,"18,619",$265.35,"1,120 mi",51,$0.2369
EWR,PEI,"18,611",$239.39,"2,407 mi",51,$0.0995
PHL,ICT,"18,607",$258.78,"1,166 mi",51,$0.2219
PHX,SIN,"18,600","$1,763.17","8,809 mi",51,$0.2002
ATL,FAY,"18,581",$175.36,320 mi,51,$0.5480
LAS,PTY,"18,581",$433.45,"3,006 mi",51,$0.1442
JFK,RZE,"18,575",$356.45,"4,499 mi",51,$0.0792
DTW,ZRH,"18,574",$879.38,"4,370 mi",51,$0.2012
IAD,OPO,"18,562",$426.79,"3,434 mi",51,$0.1243
DFW,HEL,"18,561",$871.97,"5,368 mi",51,$0.1624
IAH,BIL,"18,557",$322.47,"1,344 mi",51,$0.2399
DCA,LAN,"18,553",$241.31,465 mi,51,$0.5189
DTW,VPS,"18,553",$240.08,854 mi,51,$0.2811
CLE,MEX,"18,546",$291.69,"1,880 mi",51,$0.1552
IAH,MTJ,"18,530",$330.14,954 mi,51,$0.3461
MSY,DSM,"18,515",$259.79,845 mi,51,$0.3074
CVG,OMA,"18,511",$255.85,630 mi,51,$0.4061
PHX,ILM,"18,511",$294.27,"2,007 mi",51,$0.1466
LAX,OPO,"18,509",$740.99,"5,424 mi",51,$0.1366
SEA,PWM,"18,503",$365.67,"2,408 mi",51,$0.1519
MEM,BDL,"18,501",$282.42,"1,078 mi",51,$0.2620
MIA,BKK,"18,480","$1,171.87","9,417 mi",51,$0.1244
CLT,SGF,"18,471",$321.60,686 mi,51,$0.4688
CLE,ALB,"18,468",$241.87,410 mi,51,$0.5899
ANC,SNA,"18,459",$393.99,"2,444 mi",51,$0.1612
IAH,CAE,"18,458",$292.19,902 mi,51,$0.3239
CLE,RNO,"18,451",$315.18,"1,923 mi",51,$0.1639
HNL,PEK,"18,443",$542.35,"4,901 mi",51,$0.1107
ORD,MED,"18,436",$441.67,"6,956 mi",51,$0.0635
MIA,BZN,"18,426",$351.02,"2,256 mi",50,$0.1556
MCO,MVD,"18,424",$516.05,"4,532 mi",50,$0.1139
LAX,PLS,"18,419",$465.31,"3,002 mi",50,$0.1550
MSP,SGN,"18,419",$588.97,"8,140 mi",50,$0.0724
MSP,EUG,"18,411",$266.26,"1,426 mi",50,$0.1867
DEN,HKG,"18,410","$1,355.47","7,249 mi",50,$0.1870
AUS,EUG,"18,394",$277.78,"1,642 mi",50,$0.1692
ANC,DCA,"18,382",$517.70,"3,468 mi",50,$0.1493
MSP,JED,"18,382",$445.08,"7,155 mi",50,$0.0622
LEX,SRQ,"18,374",$191.70,767 mi,50,$0.2499
BWI,FAT,"18,371",$281.57,"2,398 mi",50,$0.1174
SEA,TLV,"18,364","$1,375.20","6,970 mi",50,$0.1973
PIT,YYZ,"18,359",$294.85,229 mi,50,$1.2876
SAT,LBB,"18,357",$215.72,357 mi,50,$0.6043
PDX,BCN,"18,354",$700.04,"5,367 mi",50,$0.1304
SAT,GSP,"18,339",$283.80,"1,049 mi",50,$0.2705
SFO,ITM,"18,339","$1,470.00","5,537 mi",50,$0.2655
CVG,FCO,"18,334",$594.89,"4,657 mi",50,$0.1277
DCA,FAT,"18,330",$316.95,"2,382 mi",50,$0.1331
MEM,MKE,"18,329",$259.01,540 mi,50,$0.4796
MSY,YUL,"18,323",$349.90,"1,436 mi",50,$0.2437
PDX,GSP,"18,323",$329.85,"2,160 mi",50,$0.1527
IAH,LEX,"18,319",$295.67,803 mi,50,$0.3682
SEA,CKG,"18,318",$554.02,"6,488 mi",50,$0.0854
DAL,GEG,"18,316",$252.44,"1,530 mi",50,$0.1650
PIT,MAF,"18,307",$346.70,"1,396 mi",50,$0.2484
DFW,CPH,"18,306",$601.78,"5,212 mi",50,$0.1155
RDU,ZRH,"18,305",$992.92,"4,208 mi",50,$0.2360
MCI,SYR,"18,298",$273.42,"1,030 mi",50,$0.2655
ATL,MAA,"18,293",$742.54,"9,331 mi",50,$0.0796
PHX,HRL,"18,286",$206.50,"1,023 mi",50,$0.2019
PHX,CHA,"18,285",$324.09,"1,577 mi",50,$0.2055
ORD,HVN,"18,276",$163.53,799 mi,50,$0.2047
MIA,GLA,"18,275",$431.49,"4,347 mi",50,$0.0993
MSP,GSO,"18,274",$291.82,895 mi,50,$0.3261
ATL,LFT,"18,267",$258.81,488 mi,50,$0.5303
MCO,GRB,"18,264",$293.22,"1,136 mi",50,$0.2581
IAH,CHA,"18,260",$307.85,664 mi,50,$0.4636
LAX,BTV,"18,252",$451.93,"2,570 mi",50,$0.1758
IAH,CID,"18,246",$282.22,872 mi,50,$0.3236
IAD,AUH,"18,243","$1,483.25","6,863 mi",50,$0.2161
BUR,DTW,"18,241",$285.67,"1,905 mi",50,$0.1500
BUR,SLE,"18,238",$167.69,757 mi,50,$0.2215
ATL,MAF,"18,231",$274.93,"1,069 mi",50,$0.2572
ATL,PRG,"18,225",$751.91,"4,682 mi",50,$0.1606
ORD,MFR,"18,200",$274.02,"1,725 mi",50,$0.1589
AUS,MUC,"18,195",$935.05,"5,647 mi",50,$0.1656
LAX,CUZ,"18,186",$740.03,"4,615 mi",50,$0.1604
ORD,HEL,"18,172",$674.12,"4,290 mi",50,$0.1571
PHX,MTY,"18,171",$301.78,915 mi,50,$0.3298
BOS,SKG,"18,162",$549.25,"4,456 mi",50,$0.1233
DEN,BKK,"18,160",$960.89,"8,140 mi",50,$0.1180
LAS,BRU,"18,149",$513.56,"5,563 mi",50,$0.0923
LGA,SJU,"18,136",$199.21,"1,660 mi",50,$0.1200
SLC,ECP,"18,126",$335.78,"1,581 mi",50,$0.2124
JFK,HKT,"18,118",$861.88,"9,301 mi",50,$0.0927
PDX,BHM,"18,115",$337.79,"2,122 mi",50,$0.1592
ATL,BUD,"18,115",$554.67,"4,963 mi",50,$0.1118
BWI,HSV,"18,109",$267.67,659 mi,50,$0.4062
HNL,PPT,"18,106",$635.94,"2,663 mi",50,$0.2388
HOU,PVD,"18,102",$272.00,"1,616 mi",50,$0.1683
LAX,TPQ,"18,101",$172.98,"1,233 mi",50,$0.1403
DTW,LEX,"18,100",$277.56,305 mi,50,$0.9100
IAD,KHI,"18,099",$562.14,"7,244 mi",50,$0.0776
ORD,TIA,"18,094",$239.46,"5,275 mi",50,$0.0454
MSP,BKK,"18,093",$769.53,"8,545 mi",50,$0.0901
DFW,ACT,"18,087",$61.25,93 mi,50,$0.6586
PHL,CID,"18,079",$272.41,844 mi,50,$0.3228
ORD,MEL,"18,064","$1,935.63","9,956 mi",49,$0.1944
IAH,AKL,"18,062","$1,310.54","7,198 mi",49,$0.1821
LEX,TPA,"18,050",$287.47,726 mi,49,$0.3960
TPA,FAT,"18,050",$267.19,"2,305 mi",49,$0.1159
TPA,MUC,"18,049",$611.19,"5,136 mi",49,$0.1190
STL,MEX,"18,036",$320.49,"1,389 mi",49,$0.2307
SAT,SYR,"18,016",$279.62,"1,596 mi",49,$0.1752
MCI,MYR,"18,009",$211.59,928 mi,49,$0.2280
FLL,FCO,"18,001",$443.71,"5,311 mi",49,$0.0835
TPA,GRU,"17,989",$695.99,"4,417 mi",49,$0.1576
FLL,BGR,"17,978",$184.04,"1,483 mi",49,$0.1241
MEM,SJU,"17,975",$339.11,"1,807 mi",49,$0.1877
BUR,IND,"17,974",$281.75,"1,747 mi",49,$0.1613
DTW,KOA,"17,972",$497.53,"4,307 mi",49,$0.1155
RDU,PTY,"17,960",$275.61,"1,796 mi",49,$0.1535
PDX,ICT,"17,958",$250.12,"1,361 mi",49,$0.1838
MCO,ATW,"17,956",$293.77,"1,129 mi",49,$0.2602
LAS,MDT,"17,951",$376.21,"2,026 mi",49,$0.1857
SFO,JED,"17,947",$459.31,"8,412 mi",49,$0.0546
MSY,MSN,"17,946",$279.72,937 mi,49,$0.2985
MCO,YQR,"17,945",$283.82,"2,006 mi",49,$0.1415
SAT,FAT,"17,943",$247.35,"1,283 mi",49,$0.1928
CLT,JAN,"17,930",$283.78,578 mi,49,$0.4910
IAD,GEG,"17,919",$308.94,"2,016 mi",49,$0.1532
HNL,CHS,"17,914",$595.24,"4,896 mi",49,$0.1216
SAT,SJD,"17,877",$227.46,849 mi,49,$0.2679
SEA,SRQ,"17,877",$278.41,"2,620 mi",49,$0.1063
MSY,AMS,"17,875",$821.15,"4,662 mi",49,$0.1761
LAS,MDE,"17,868",$320.91,"3,350 mi",49,$0.0958
SAN,TPE,"17,865","$1,161.12","6,686 mi",49,$0.1737
SFO,COK,"17,860",$765.65,"8,651 mi",49,$0.0885
IAD,STR,"17,854",$586.46,"4,013 mi",49,$0.1461
AUS,LIR,"17,835",$300.31,"1,516 mi",49,$0.1981
EWR,ELP,"17,825",$342.39,"1,942 mi",49,$0.1763
DTW,LIS,"17,818",$643.72,"3,666 mi",49,$0.1756
CLE,ATH,"17,816",$597.07,"5,393 mi",49,$0.1107
RDU,NAS,"17,815",$241.47,776 mi,49,$0.3112
ONT,TUS,"17,809",$220.95,396 mi,49,$0.5580
DEN,CRP,"17,806",$279.57,958 mi,49,$0.2918
LAS,ILM,"17,804",$337.20,"2,158 mi",49,$0.1563
MSY,MYR,"17,800",$200.82,691 mi,49,$0.2906
LGA,UIO,"17,799",$245.84,"2,755 mi",49,$0.0892
LAX,LOS,"17,795",$665.93,"7,485 mi",49,$0.0890
HNL,SIN,"17,790","$1,092.72","6,503 mi",49,$0.1680
SEA,PUJ,"17,789",$302.76,"3,720 mi",49,$0.0814
PHL,HND,"17,777","$1,419.83","6,972 mi",49,$0.2036
LAX,CKG,"17,772",$659.90,"7,360 mi",49,$0.0897
MIA,COS,"17,769",$282.83,"1,627 mi",49,$0.1738
DTW,DXB,"17,762",$573.72,"7,295 mi",49,$0.0786
JAX,CUN,"17,749",$246.20,751 mi,49,$0.3278
DEN,SBN,"17,748",$290.88,938 mi,49,$0.3101
DFW,TLV,"17,741","$1,309.59","7,175 mi",49,$0.1825
DTW,ICT,"17,725",$283.83,784 mi,49,$0.3620
JAX,CDG,"17,719",$731.35,"4,547 mi",49,$0.1608
RDU,GEG,"17,715",$291.86,"2,065 mi",49,$0.1413
JFK,GEG,"17,713",$334.24,"2,126 mi",49,$0.1572
PIT,NAS,"17,711",$212.83,"1,111 mi",49,$0.1916
AUS,GSO,"17,697",$235.63,"1,135 mi",48,$0.2076
DTW,JED,"17,694",$447.27,"6,500 mi",48,$0.0688
OGG,YEG,"17,693",$354.89,"3,270 mi",48,$0.1085
PDX,LIT,"17,692",$305.20,"1,704 mi",48,$0.1791
MCO,GEO,"17,691",$294.98,"2,201 mi",48,$0.1340
ORD,AGP,"17,691",$532.52,"4,419 mi",48,$0.1205
IAH,DPS,"17,688",$997.05,"9,681 mi",48,$0.1030
ATL,ACC,"17,678",$560.60,"5,504 mi",48,$0.1019
LGA,HHH,"17,654",$223.48,681 mi,48,$0.3282
SEA,MEL,"17,654","$1,411.91","8,432 mi",48,$0.1674
DTW,MDT,"17,645",$310.91,359 mi,48,$0.8660
EWR,TPE,"17,616","$1,152.38","7,552 mi",48,$0.1526
DFW,GRB,"17,612",$302.68,960 mi,48,$0.3153
IAH,SBA,"17,612",$349.45,"1,505 mi",48,$0.2322
LAX,CLO,"17,597",$371.02,"3,316 mi",48,$0.1119
FLL,HND,"17,596","$1,145.50","7,667 mi",48,$0.1494
IAD,BEY,"17,592",$751.76,"5,655 mi",48,$0.1329
CLE,SJC,"17,591",$287.79,"2,075 mi",48,$0.1387
IAH,FSD,"17,591",$308.46,915 mi,48,$0.3371
BOS,LIN,"17,586",$793.79,"3,713 mi",48,$0.2138
AUS,PVG,"17,586","$1,276.29","7,694 mi",48,$0.1659
TPA,PSP,"17,583",$319.26,"1,984 mi",48,$0.1609
MCO,DEL,"17,582",$856.34,"8,001 mi",48,$0.1070
MSP,LGB,"17,568",$233.20,"1,481 mi",48,$0.1575
BNA,SHV,"17,563",$211.14,495 mi,48,$0.4265
JFK,MTY,"17,560",$345.11,"1,769 mi",48,$0.1951
MSY,GSP,"17,558",$236.04,561 mi,48,$0.4207
JFK,CUZ,"17,554",$571.45,"3,857 mi",48,$0.1482
MIA,SSA,"17,548",$600.42,"3,770 mi",48,$0.1593
JAX,PWM,"17,547",$246.53,"1,069 mi",48,$0.2306
CLT,GRU,"17,541","$1,009.46","4,499 mi",48,$0.2244
SLC,MFR,"17,538",$243.24,590 mi,48,$0.4123
BOS,CHA,"17,532",$266.77,943 mi,48,$0.2829
IAH,RTB,"17,528",$384.70,"1,130 mi",48,$0.3404
MIA,PVG,"17,526","$1,345.39","7,994 mi",48,$0.1683
MSP,GRB,"17,513",$246.52,243 mi,48,$1.0145
PHX,GRB,"17,512",$312.48,"1,440 mi",48,$0.2170
DFW,VER,"17,510",$311.51,923 mi,48,$0.3375
IAD,OGG,"17,507",$650.08,"4,889 mi",48,$0.1330
SEA,VCE,"17,507",$630.72,"5,616 mi",48,$0.1123
LGA,GEG,"17,506",$341.61,"2,250 mi",48,$0.1518
MSP,GCM,"17,500",$383.41,"1,952 mi",48,$0.1964
DTW,DAC,"17,494",$463.74,"7,619 mi",48,$0.0609
DEN,GCM,"17,488",$321.96,"2,042 mi",48,$0.1577
DFW,SWO,"17,485",$151.77,232 mi,48,$0.6542
PHX,HYD,"17,480",$687.87,"9,135 mi",48,$0.0753
SEA,MAN,"17,471",$638.84,"4,775 mi",48,$0.1338
LGA,JAC,"17,461",$557.37,"1,938 mi",48,$0.2876
LAX,CGO,"17,449",$595.00,"6,822 mi",48,$0.0872
BOS,HEL,"17,442",$609.79,"3,807 mi",48,$0.1602
SDF,MYR,"17,430",$175.35,506 mi,48,$0.3465
STL,DUB,"17,429",$655.72,"3,794 mi",48,$0.1728
DEN,HND,"17,428","$1,492.26","5,634 mi",48,$0.2649
SLC,SRQ,"17,426",$331.20,"1,965 mi",48,$0.1685
IAH,MDT,"17,415",$371.49,"1,299 mi",48,$0.2860
LAS,BKK,"17,410",$774.66,"8,028 mi",48,$0.0965
IAD,ABV,"17,409",$683.71,"5,379 mi",48,$0.1271
BWI,DSM,"17,404",$242.80,881 mi,48,$0.2756
SFO,OSL,"17,404",$737.81,"5,337 mi",48,$0.1382
PDX,TYS,"17,404",$353.06,"2,046 mi",48,$0.1726
PHX,MFE,"17,404",$292.34,936 mi,48,$0.3123
FLL,SBN,"17,403",$219.85,"1,170 mi",48,$0.1879
ONT,ORF,"17,394",$290.50,"2,249 mi",48,$0.1292
DEN,TPE,"17,371","$1,192.45","6,852 mi",48,$0.1740
PDX,AZA,"17,359",$106.53,997 mi,48,$0.1069
TPA,SAV,"17,357",$230.88,307 mi,48,$0.7521
DEN,GRU,"17,354","$1,232.42","5,930 mi",48,$0.2078
LEX,SAN,"17,354",$358.02,"1,806 mi",48,$0.1982
ORD,AZO,"17,347",$140.25,118 mi,48,$1.1886
ORD,HAM,"17,347",$930.92,"4,372 mi",48,$0.2129
ANC,MIA,"17,339",$606.25,"3,879 mi",48,$0.1563
SEA,LIM,"17,338",$640.20,"5,108 mi",48,$0.1253
ATL,CAI,"17,337",$524.21,"6,169 mi",47,$0.0850
MSY,GSO,"17,337",$222.07,753 mi,47,$0.2949
JAX,LIT,"17,336",$237.48,699 mi,47,$0.3397
LGA,ICN,"17,333",$974.99,"6,673 mi",47,$0.1461
PDX,SRQ,"17,322",$266.74,"2,595 mi",47,$0.1028
SLC,MAN,"17,322","$1,004.06","4,851 mi",47,$0.2070
STL,GSP,"17,319",$242.50,539 mi,47,$0.4499
DTW,SJO,"17,318",$479.78,"2,294 mi",47,$0.2091
PHX,MXP,"17,313",$810.67,"6,014 mi",47,$0.1348
SFO,PNS,"17,303",$321.17,"2,124 mi",47,$0.1512
IAD,OTP,"17,300",$727.54,"4,816 mi",47,$0.1511
IAD,OMA,"17,296",$324.18,"1,016 mi",47,$0.3191
BNA,ATH,"17,292",$746.38,"5,840 mi",47,$0.1278
JFK,BOI,"17,291",$332.94,"2,226 mi",47,$0.1496
DTW,HVN,"17,289",$156.32,527 mi,47,$0.2966
LAX,NBO,"17,272","$1,021.59","9,386 mi",47,$0.1088
LAS,FAI,"17,267",$330.75,"2,324 mi",47,$0.1423
FLL,ICT,"17,251",$261.60,"1,327 mi",47,$0.1971
IAH,SCL,"17,251","$1,280.05","4,803 mi",47,$0.2665
PDX,ATH,"17,243",$652.30,"6,113 mi",47,$0.1067
MIA,HPN,"17,239",$248.70,"1,155 mi",47,$0.2153
JFK,VNO,"17,238",$360.91,"4,187 mi",47,$0.0862
JFK,EGE,"17,234",$303.77,"1,689 mi",47,$0.1799
PDX,BFI,"17,216",$287.67,131 mi,47,$2.1960
DCA,SBA,"17,213",$346.55,"2,300 mi",47,$0.1507
CLE,ABQ,"17,212",$253.36,"1,450 mi",47,$0.1747
ATL,BDA,"17,188",$309.89,"1,112 mi",47,$0.2787
EWR,BNE,"17,185","$1,349.50","9,327 mi",47,$0.1447
CLT,SAL,"17,180",$262.48,"1,635 mi",47,$0.1605
LAX,PMI,"17,172","$1,067.22","6,304 mi",47,$0.1693
ATL,OAJ,"17,147",$174.57,386 mi,47,$0.4523
LAX,MAA,"17,144","$1,044.57","8,702 mi",47,$0.1200
MIA,AXA,"17,143",$578.41,"1,184 mi",47,$0.4885
PHX,SBN,"17,136",$320.09,"1,557 mi",47,$0.2056
LAX,AVL,"17,134",$349.25,"1,968 mi",47,$0.1775
CVG,YVR,"17,127",$298.11,"2,069 mi",47,$0.1441
LAS,LIM,"17,126",$514.82,"4,022 mi",47,$0.1280
BNA,ICT,"17,125",$223.30,621 mi,47,$0.3596
PHX,RST,"17,122",$297.92,"1,234 mi",47,$0.2414
LGA,GRU,"17,119",$751.67,"4,629 mi",47,$0.1624
DFW,YOW,"17,091",$441.02,"1,467 mi",47,$0.3006
HNL,MEM,"17,091",$805.39,"4,042 mi",47,$0.1993
SEA,DAY,"17,090",$336.95,"1,893 mi",47,$0.1780
PHX,IDA,"17,087",$272.13,717 mi,47,$0.3795
JFK,MHT,"17,084",$111.57,193 mi,47,$0.5781
PHL,GCM,"17,075",$392.73,"1,424 mi",47,$0.2758
LAX,FOC,"17,071",$568.80,"6,612 mi",47,$0.0860
ATL,SYD,"17,071","$2,186.51","9,006 mi",47,$0.2428
PIT,HND,"17,071","$1,417.03","6,798 mi",47,$0.2084
BNA,OGG,"17,064",$588.08,"4,403 mi",47,$0.1336
ATL,CRW,"17,062",$238.50,375 mi,47,$0.6360
PHX,GUA,"17,059",$343.23,"1,928 mi",47,$0.1780
MCO,BER,"17,055",$545.03,"4,733 mi",47,$0.1152
LGA,FAT,"17,052",$341.91,"2,531 mi",47,$0.1351
RDU,MUC,"17,045",$799.87,"4,314 mi",47,$0.1854
PHX,BKK,"17,044",$912.72,"8,787 mi",47,$0.1039
CLE,MSN,"17,041",$252.94,413 mi,47,$0.6124
EWR,DUS,"17,035",$822.91,"3,865 mi",47,$0.2129
DEN,SIN,"17,022","$2,115.95","8,790 mi",47,$0.2407
TPA,CAE,"17,017",$277.69,433 mi,47,$0.6413
MCI,GSO,"17,005",$245.76,861 mi,47,$0.2854
CLE,PNS,"16,998",$235.99,836 mi,47,$0.2823
SEA,SGF,"16,993",$346.05,"1,575 mi",47,$0.2197
MSP,BZE,"16,988",$293.20,"1,967 mi",47,$0.1491
DTW,ECP,"16,987",$192.66,855 mi,47,$0.2253
DFW,SAP,"16,982",$191.24,"1,374 mi",47,$0.1392
ANC,CLT,"16,974",$511.87,"3,335 mi",47,$0.1535
FLL,BZN,"16,974",$371.78,"2,246 mi",47,$0.1655
BOS,POP,"16,972",$225.68,"1,515 mi",46,$0.1490
SLC,PUJ,"16,942",$405.24,"2,902 mi",46,$0.1396
JFK,BSB,"16,941",$688.75,"4,115 mi",46,$0.1674
IAH,FCA,"16,935",$327.06,"1,661 mi",46,$0.1969
CVG,MDW,"16,933",$177.03,242 mi,46,$0.7315
MSP,MAD,"16,932",$698.72,"4,449 mi",46,$0.1571
BOS,AGP,"16,929",$545.72,"3,372 mi",46,$0.1618
HOU,BOI,"16,929",$229.60,"1,545 mi",46,$0.1486
MIA,BGA,"16,927",$232.47,"1,413 mi",46,$0.1645
MSY,COS,"16,916",$249.30,"1,053 mi",46,$0.2368
HNL,YUL,"16,904",$404.22,"4,759 mi",46,$0.0849
BOS,HAM,"16,900",$857.11,"3,723 mi",46,$0.2302
PIT,YUL,"16,886",$339.43,461 mi,46,$0.7363
ORD,MHK,"16,871",$207.47,485 mi,46,$0.4278
MCO,STX,"16,859",$209.03,"1,244 mi",46,$0.1680
EWR,CUR,"16,849",$353.91,"2,055 mi",46,$0.1722
MIA,BEG,"16,846",$516.90,"5,629 mi",46,$0.0918
ORD,SBN,"16,845",$119.45,81 mi,46,$1.4747
ATL,ANU,"16,814",$351.49,"1,862 mi",46,$0.1888
BOS,BUR,"16,811",$266.57,"2,673 mi",46,$0.0997
PIT,PNS,"16,798",$230.60,818 mi,46,$0.2819
DCA,BOG,"16,797",$321.83,"2,437 mi",46,$0.1321
ANC,MNL,"16,790",$668.71,"5,468 mi",46,$0.1223
IAD,MED,"16,789",$280.54,"6,657 mi",46,$0.0421
BWI,XNA,"16,785",$238.57,"1,012 mi",46,$0.2357
MCO,FOR,"16,785",$418.94,"3,499 mi",46,$0.1197
LGA,VPS,"16,784",$268.85,"1,033 mi",46,$0.2603
DEN,FWA,"16,781",$254.23,995 mi,46,$0.2555
SAT,ECP,"16,770",$235.33,783 mi,46,$0.3005
ORD,CUR,"16,770",$323.16,"2,282 mi",46,$0.1416
SFO,OPO,"16,768",$740.25,"5,404 mi",46,$0.1370
PHL,ICN,"16,767",$965.91,"6,711 mi",46,$0.1439
PDX,TPE,"16,765","$1,191.43","5,942 mi",46,$0.2005
ORD,MKL,"16,763",$120.94,431 mi,46,$0.2806
SDF,YYZ,"16,761",$310.28,481 mi,46,$0.6451
MCI,PVR,"16,759",$258.75,"1,387 mi",46,$0.1866
LAX,BIL,"16,752",$212.58,942 mi,46,$0.2257
LAX,CAE,"16,744",$320.26,"2,189 mi",46,$0.1463
DEN,BER,"16,744",$635.43,"5,221 mi",46,$0.1217
CLT,HND,"16,738","$1,734.77","7,095 mi",46,$0.2445
MSY,HVN,"16,731",$156.79,"1,281 mi",46,$0.1224
MCO,SGN,"16,730",$616.79,"9,963 mi",46,$0.0619
CLE,TUL,"16,710",$253.49,811 mi,46,$0.3126
SAT,MSN,"16,704",$272.91,"1,035 mi",46,$0.2637
CVG,YUL,"16,689",$335.57,733 mi,46,$0.4578
TPA,LGB,"16,687",$223.70,"2,075 mi",46,$0.1078
ORD,DUS,"16,684",$958.13,"4,091 mi",46,$0.2342
EWR,KOA,"16,682",$853.07,"5,072 mi",46,$0.1682
BNA,ILG,"16,677",$159.50,671 mi,46,$0.2377
MCO,PSM,"16,672",$101.67,"1,203 mi",46,$0.0845
ORD,AKL,"16,663","$1,578.89","7,945 mi",46,$0.1987
EWR,MAN,"16,659",$558.31,"3,445 mi",46,$0.1621
JFK,LCA,"16,659",$654.34,"5,641 mi",46,$0.1160
IAD,SBA,"16,655",$391.05,"2,278 mi",46,$0.1717
DTW,GRB,"16,650",$259.58,278 mi,46,$0.9337
HOU,ALB,"16,648",$313.72,"1,539 mi",46,$0.2038
SEA,BOG,"16,645",$408.22,"4,223 mi",46,$0.0967
DCA,PUJ,"16,642",$237.34,"1,540 mi",46,$0.1541
CLE,PWM,"16,627",$254.90,589 mi,46,$0.4328
CVG,MEX,"16,626",$354.61,"1,557 mi",46,$0.2278
DTW,GDL,"16,626",$428.25,"1,952 mi",46,$0.2194
ANC,MCI,"16,622",$398.54,"2,838 mi",46,$0.1404
JFK,AEP,"16,620",$509.75,"5,446 mi",46,$0.0936
ONT,TUL,"16,614",$274.57,"1,196 mi",46,$0.2296
MCO,ROA,"16,603",$280.96,600 mi,45,$0.4683
IAH,ILM,"16,602",$321.33,"1,029 mi",45,$0.3123
LAX,SBP,"16,589",$186.14,150 mi,45,$1.2409
MEM,SAV,"16,589",$244.19,527 mi,45,$0.4634
AUS,LIM,"16,583",$345.78,"3,318 mi",45,$0.1042
DCA,GUA,"16,583",$308.77,"1,923 mi",45,$0.1606
SAT,ROC,"16,574",$243.69,"1,439 mi",45,$0.1693
PIT,SDF,"16,570",$244.30,345 mi,45,$0.7081
DCA,SHV,"16,569",$267.27,"1,070 mi",45,$0.2498
CLT,DEL,"16,553",$920.72,"8,037 mi",45,$0.1146
PHL,CHA,"16,548",$276.91,659 mi,45,$0.4202
CVG,GSO,"16,543",$250.39,320 mi,45,$0.7825
CVG,ROC,"16,543",$257.97,474 mi,45,$0.5442
MIA,VLC,"16,542",$417.83,"4,729 mi",45,$0.0884
DAL,MYR,"16,537",$218.38,"1,005 mi",45,$0.2173
ORD,ITM,"16,535","$1,687.52","6,271 mi",45,$0.2691
PHX,FWA,"16,533",$308.93,"1,511 mi",45,$0.2045
JAX,TUS,"16,528",$294.79,"1,673 mi",45,$0.1762
PIT,ELP,"16,525",$290.42,"1,618 mi",45,$0.1795
MCO,HRL,"16,524",$195.93,"1,044 mi",45,$0.1877
MIA,CPT,"16,519","$1,106.61","7,440 mi",45,$0.1487
IAD,AGP,"16,510",$458.49,"3,990 mi",45,$0.1149
LAX,XIY,"16,509",$631.36,"6,607 mi",45,$0.0956
ORD,SBP,"16,507",$355.86,"1,762 mi",45,$0.2020
FLL,BLV,"16,504",$108.96,"1,060 mi",45,$0.1028
IAD,ROA,"16,500",$170.93,172 mi,45,$0.9938
MCO,VPS,"16,499",$244.83,354 mi,45,$0.6916
HNL,MDW,"16,495",$379.39,"4,118 mi",45,$0.0921
LGA,SBN,"16,481",$335.34,668 mi,45,$0.5020
IAH,PIB,"16,479",$193.48,360 mi,45,$0.5374
SFO,PEN,"16,471","$1,295.54","8,651 mi",45,$0.1498
ATL,LBB,"16,469",$271.53,"1,029 mi",45,$0.2639
BWI,MSN,"16,468",$260.80,734 mi,45,$0.3553
MCO,FLN,"16,456",$492.92,"4,575 mi",45,$0.1077
SAT,YVR,"16,456",$327.35,"1,821 mi",45,$0.1798
AUS,VPS,"16,442",$225.25,645 mi,45,$0.3492
BWI,HND,"16,435",$842.13,"6,977 mi",45,$0.1207
STL,AMS,"16,435",$781.98,"4,228 mi",45,$0.1850
ATL,YOW,"16,426",$335.72,959 mi,45,$0.3501
HOU,RIC,"16,424",$222.01,"1,200 mi",45,$0.1850
SEA,FSD,"16,422",$303.08,"1,222 mi",45,$0.2480
STL,PWM,"16,422",$275.17,"1,060 mi",45,$0.2596
PHL,MUC,"16,416",$561.07,"4,244 mi",45,$0.1322
BNA,CAI,"16,413",$332.35,"6,539 mi",45,$0.0508
MCI,OGG,"16,408",$501.16,"3,709 mi",45,$0.1351
ORD,BIS,"16,408",$294.48,693 mi,45,$0.4249
STL,FAT,"16,403",$283.82,"1,650 mi",45,$0.1720
IAD,EZE,"16,394",$909.10,"5,081 mi",45,$0.1789
MCI,PSP,"16,393",$302.44,"1,225 mi",45,$0.2469
PDX,YUL,"16,390",$326.76,"2,397 mi",45,$0.1363
BUR,FLL,"16,383",$286.01,"2,406 mi",45,$0.1189
CLE,TUS,"16,381",$301.83,"1,775 mi",45,$0.1700
MCI,AMS,"16,380",$831.08,"4,623 mi",45,$0.1798
ORD,RZE,"16,379",$331.67,"4,656 mi",45,$0.0712
MCO,YXU,"16,377",$221.55,"1,039 mi",45,$0.2132
PHX,JAC,"16,374",$308.78,727 mi,45,$0.4247
SEA,LIR,"16,372",$412.62,"3,423 mi",45,$0.1205
JFK,HYA,"16,369",$175.66,189 mi,45,$0.9294
SLC,YEG,"16,366",$285.61,842 mi,45,$0.3392
SFO,HEL,"16,357","$1,162.51","5,258 mi",45,$0.2211
PHX,BTV,"16,333",$368.61,"2,264 mi",45,$0.1628
EWR,LIT,"16,329",$278.83,"1,035 mi",45,$0.2694
AUS,DEL,"16,328",$911.33,"8,613 mi",45,$0.1058
DTW,CPH,"16,320",$623.37,"4,219 mi",45,$0.1478
IAD,VPS,"16,319",$230.76,755 mi,45,$0.3056
LGA,BOG,"16,319",$194.90,"2,418 mi",45,$0.0806
PHL,ROC,"16,319",$270.80,249 mi,45,$1.0876
RDU,MAD,"16,315",$723.81,"4,090 mi",45,$0.1770
ORD,OTP,"16,313",$478.07,"5,358 mi",45,$0.0892
DEN,GVA,"16,300",$776.32,"5,271 mi",45,$0.1473
FLL,OAK,"16,294",$268.62,"2,648 mi",45,$0.1014
MCO,YKF,"16,289",$183.05,"1,009 mi",45,$0.1814
SAN,GSO,"16,287",$303.43,"2,187 mi",45,$0.1387
PIT,GRR,"16,272",$246.17,329 mi,45,$0.7482
MSP,SXM,"16,271",$402.34,"2,615 mi",45,$0.1539
DFW,ZCL,"16,271",$229.98,749 mi,45,$0.3070
ANC,RDU,"16,266",$439.72,"3,369 mi",45,$0.1305
SAT,HND,"16,265","$1,257.81","6,756 mi",45,$0.1862
CLT,TVC,"16,261",$321.99,723 mi,45,$0.4454
PDX,SJO,"16,259",$367.03,"3,443 mi",45,$0.1066
DCA,SJD,"16,256",$347.72,"2,267 mi",45,$0.1534
JFK,MLA,"16,253",$612.35,"4,726 mi",45,$0.1296
PIT,RNO,"16,252",$299.43,"2,138 mi",45,$0.1401
SEA,MYR,"16,251",$288.50,"2,502 mi",45,$0.1153
TPA,VCE,"16,247",$557.77,"5,240 mi",45,$0.1064
ANC,STL,"16,232",$427.09,"3,017 mi",44,$0.1416
SEA,MAA,"16,230",$987.53,"8,277 mi",44,$0.1193
AUS,KOA,"16,217",$482.86,"3,799 mi",44,$0.1271
SAN,GUM,"16,216","$2,030.72","6,355 mi",44,$0.3195
CLT,LIM,"16,215",$471.43,"3,371 mi",44,$0.1398
MCO,MAO,"16,208",$331.46,"2,514 mi",44,$0.1318
CLT,FAT,"16,196",$261.32,"2,220 mi",44,$0.1177
BUR,RDU,"16,193",$307.33,"2,293 mi",44,$0.1340
SDF,PUJ,"16,193",$248.36,"1,660 mi",44,$0.1496
STL,SYR,"16,189",$257.41,778 mi,44,$0.3309
CLT,GUA,"16,187",$321.39,"1,591 mi",44,$0.2020
DEN,YWG,"16,186",$305.65,806 mi,44,$0.3792
JFK,POA,"16,175",$680.91,"4,937 mi",44,$0.1379
PDX,XNA,"16,175",$312.54,"1,648 mi",44,$0.1896
DAL,CUN,"16,167",$189.64,"1,051 mi",44,$0.1804
DTW,VCE,"16,163",$584.64,"4,335 mi",44,$0.1349
PHL,BJX,"16,162",$301.88,"2,083 mi",44,$0.1449
BOS,UIO,"16,160",$349.55,"2,882 mi",44,$0.1213
MEM,GSO,"16,156",$234.59,586 mi,44,$0.4003
SAN,NAS,"16,152",$331.24,"2,519 mi",44,$0.1315
IAH,MYR,"16,134",$272.59,965 mi,44,$0.2825
SFO,CTS,"16,127","$1,242.68","4,926 mi",44,$0.2523
LAX,HRL,"16,120",$219.22,"1,387 mi",44,$0.1581
DEN,PRG,"16,100",$596.49,"5,047 mi",44,$0.1182
LAS,LIS,"16,091",$673.97,"5,278 mi",44,$0.1277
HOU,AVL,"16,082",$211.93,817 mi,44,$0.2594
IAD,HEL,"16,078",$620.72,"4,440 mi",44,$0.1398
PHX,LTO,"16,066",$590.82,531 mi,44,$1.1127
PIT,LIT,"16,064",$264.51,744 mi,44,$0.3555
DEN,LAR,"16,056",$96.46,116 mi,44,$0.8316
SFO,GSO,"16,054",$346.07,"2,259 mi",44,$0.1532
JAX,PNS,"16,042",$217.89,337 mi,44,$0.6466
DEN,ROA,"16,041",$316.65,"1,381 mi",44,$0.2293
CLT,BOM,"16,033",$891.03,"8,559 mi",44,$0.1041
PDX,SAV,"16,025",$328.26,"2,452 mi",44,$0.1339
LAX,CJU,"16,023",$612.95,"6,344 mi",44,$0.0966
BOS,LIH,"16,013",$604.05,"5,281 mi",44,$0.1144
CVG,HND,"16,007","$1,550.55","6,357 mi",44,$0.2439
CLT,HSV,"16,004",$264.23,323 mi,44,$0.8180
DEN,BFL,"16,004",$291.21,868 mi,44,$0.3355
ATL,ARN,"16,003",$727.38,"4,501 mi",44,$0.1616
JAX,FCO,"16,002",$634.64,"4,885 mi",44,$0.1299
LGA,MFE,"16,002",$477.72,"1,771 mi",44,$0.2697
PDX,SJU,"15,997",$384.38,"3,824 mi",44,$0.1005
ORD,SJJ,"15,989",$303.48,"4,808 mi",44,$0.0631
CVG,BUF,"15,980",$240.75,398 mi,44,$0.6049
CLT,MTY,"15,979",$371.82,"1,271 mi",44,$0.2925
DTW,BLR,"15,978",$774.21,"8,676 mi",44,$0.0892
JFK,SKP,"15,974",$305.03,"4,525 mi",44,$0.0674
CVG,MBJ,"15,968",$277.33,"1,520 mi",44,$0.1825
DEN,CZM,"15,967",$332.11,"1,749 mi",44,$0.1899
SEA,YLW,"15,956",$113.65,226 mi,44,$0.5029
BOS,BSL,"15,956",$761.16,"3,576 mi",44,$0.2129
SJC,COS,"15,948",$231.71,913 mi,44,$0.2538
JFK,GOT,"15,941",$461.74,"3,665 mi",44,$0.1260
BNA,EUG,"15,937",$296.09,"2,050 mi",44,$0.1444
CLT,POP,"15,933",$382.53,"1,204 mi",44,$0.3177
RDU,AUA,"15,930",$265.24,"1,654 mi",44,$0.1604
MSY,NAS,"15,923",$219.72,829 mi,44,$0.2650
CLT,BTR,"15,921",$300.97,654 mi,44,$0.4602
DFW,BNE,"15,920","$1,376.32","8,553 mi",44,$0.1609
SFO,ICT,"15,919",$299.97,"1,402 mi",44,$0.2140
RDU,PVG,"15,905","$1,225.74","7,388 mi",44,$0.1659
BNA,CAE,"15,891",$233.66,359 mi,44,$0.6509
STL,BZN,"15,891",$256.99,"1,129 mi",44,$0.2276
BNA,MEM,"15,885",$202.17,206 mi,44,$0.9814
DEN,CAE,"15,882",$308.37,"1,318 mi",44,$0.2340
LAS,BTV,"15,876",$384.59,"2,194 mi",43,$0.1753
JFK,SVQ,"15,871",$572.57,"3,451 mi",43,$0.1659
BOS,EUG,"15,865",$327.64,"2,664 mi",43,$0.1230
HNL,ELP,"15,865",$412.07,"3,332 mi",43,$0.1237
ORD,LHE,"15,862",$641.50,"7,452 mi",43,$0.0861
ORD,CZM,"15,859",$237.44,"1,529 mi",43,$0.1553
LAS,ITO,"15,850",$393.37,"2,741 mi",43,$0.1435
SFO,CTG,"15,847",$358.18,"3,557 mi",43,$0.1007
DTW,MAD,"15,846",$744.97,"4,097 mi",43,$0.1818
PHX,ATW,"15,843",$309.18,"1,417 mi",43,$0.2182
CVG,PWM,"15,828",$267.90,784 mi,43,$0.3417
LAX,MAF,"15,824",$249.63,977 mi,43,$0.2555
LAS,CPH,"15,821",$608.94,"5,557 mi",43,$0.1096
EWR,MAA,"15,802",$838.55,"8,631 mi",43,$0.0972
MDW,PBI,"15,801",$240.31,"1,164 mi",43,$0.2065
JFK,DBV,"15,793",$699.67,"4,635 mi",43,$0.1510
MSP,PLS,"15,788",$378.60,"1,930 mi",43,$0.1962
PIT,TYS,"15,785",$251.80,371 mi,43,$0.6787
LAS,VIE,"15,781",$815.74,"6,081 mi",43,$0.1341
RDU,GRU,"15,780",$943.12,"4,472 mi",43,$0.2109
JFK,ABZ,"15,777",$882.86,"3,370 mi",43,$0.2620
SFO,CCU,"15,772","$1,026.93","8,049 mi",43,$0.1276
EWR,FAO,"15,770",$582.36,"3,380 mi",43,$0.1723
SEA,CAN,"15,769",$581.65,"6,641 mi",43,$0.0876
JAX,ABQ,"15,762",$259.85,"1,433 mi",43,$0.1813
DFW,TXK,"15,762",$156.18,175 mi,43,$0.8925
SFO,YYJ,"15,756",$262.19,741 mi,43,$0.3538
JFK,SJC,"15,755",$315.59,"2,640 mi",43,$0.1195
CLT,MFE,"15,743",$323.87,"1,236 mi",43,$0.2620
LAX,LBB,"15,737",$250.24,980 mi,43,$0.2553
HNL,SDF,"15,724",$571.61,"4,245 mi",43,$0.1347
HOU,SRQ,"15,718",$206.45,763 mi,43,$0.2706
ORD,AUH,"15,711","$1,031.16","7,044 mi",43,$0.1464
SFO,AVL,"15,710",$355.14,"2,267 mi",43,$0.1567
SLC,FRA,"15,705",$723.87,"5,360 mi",43,$0.1351
STL,PSP,"15,702",$288.59,"1,534 mi",43,$0.1881
SEA,MTY,"15,701",$223.32,"1,866 mi",43,$0.1197
MCO,RAP,"15,699",$279.09,"1,661 mi",43,$0.1680
PHX,YYJ,"15,693",$254.66,"1,169 mi",43,$0.2178
AUS,BOG,"15,692",$245.69,"2,405 mi",43,$0.1022
BOS,MTY,"15,684",$369.37,"2,065 mi",43,$0.1789
RDU,PSP,"15,683",$344.35,"2,066 mi",43,$0.1667
SEA,DPS,"15,681",$930.43,"7,916 mi",43,$0.1175
SFO,KTM,"15,680",$587.29,"7,352 mi",43,$0.0799
JFK,CMB,"15,677",$775.87,"8,470 mi",43,$0.0916
DFW,AVP,"15,676",$324.62,"1,267 mi",43,$0.2562
SLC,CID,"15,674",$321.54,"1,084 mi",43,$0.2966
CLT,ANU,"15,674",$749.29,"1,665 mi",43,$0.4500
DCA,LIR,"15,670",$265.02,"1,961 mi",43,$0.1351
DEN,MFE,"15,667",$303.10,986 mi,43,$0.3074
MSP,DXB,"15,667",$607.85,"7,418 mi",43,$0.0819
RDU,CHS,"15,662",$266.05,225 mi,43,$1.1824
MEM,PUJ,"15,661",$288.38,"1,797 mi",43,$0.1605
EWR,MTJ,"15,656",$487.06,"1,845 mi",43,$0.2640
DAL,RIC,"15,652",$233.90,"1,113 mi",43,$0.2102
SAT,LGB,"15,650",$217.82,"1,228 mi",43,$0.1774
EWR,TUL,"15,649",$290.99,"1,248 mi",43,$0.2332
AUS,ICT,"15,647",$230.04,500 mi,43,$0.4601
LAS,VCE,"15,640",$660.65,"6,098 mi",43,$0.1083
CLE,BCN,"15,635",$607.16,"4,288 mi",43,$0.1416
DCA,MEX,"15,624",$338.02,"1,935 mi",43,$0.1747
LAX,TLS,"15,623",$817.77,"6,049 mi",43,$0.1352
BWI,PTY,"15,615",$293.73,"2,150 mi",43,$0.1366
BNA,BCN,"15,614",$674.57,"4,442 mi",43,$0.1519
DFW,GGG,"15,612",$155.77,136 mi,43,$1.1454
SFO,OKA,"15,597","$1,065.59","5,929 mi",43,$0.1797
TPA,CHA,"15,590",$292.24,497 mi,43,$0.5880
MSP,ECP,"15,581",$203.58,"1,049 mi",43,$0.1941
TPA,MBJ,"15,577",$220.72,695 mi,43,$0.3176
MEM,PVD,"15,576",$275.77,"1,070 mi",43,$0.2577
DFW,GUC,"15,573",$404.69,657 mi,43,$0.6160
SFO,JNB,"15,572","$1,360.87","10,866 mi",43,$0.1252
FLL,DUB,"15,566",$546.04,"4,014 mi",43,$0.1360
RDU,EYW,"15,564",$236.57,826 mi,43,$0.2864
JFK,SUF,"15,555",$352.27,"4,414 mi",43,$0.0798
CLE,EYW,"15,554",$217.27,"1,200 mi",43,$0.1811
DCA,ORF,"15,546",$253.64,139 mi,43,$1.8247
MCO,ARN,"15,543",$385.94,"4,702 mi",43,$0.0821
EWR,SBN,"15,529",$326.35,616 mi,43,$0.5298
SAN,JAC,"15,526",$269.06,803 mi,43,$0.3351
CLT,CAK,"15,525",$221.08,383 mi,43,$0.5772
JFK,BSL,"15,522",$520.01,"3,989 mi",43,$0.1304
SAT,SLP,"15,521",$54.85,510 mi,43,$0.1075
IAH,MAA,"15,519","$1,068.04","9,736 mi",43,$0.1097
SAN,ILM,"15,513",$343.36,"2,184 mi",43,$0.1572
TPA,MDT,"15,511",$316.59,933 mi,42,$0.3393
ORD,SLP,"15,505",$226.66,"1,510 mi",42,$0.1501
MDW,AVL,"15,497",$166.04,537 mi,42,$0.3092
MSP,GFK,"15,494",$212.76,275 mi,42,$0.7737
HNL,RIC,"15,493",$619.39,"4,691 mi",42,$0.1320
MEM,PNS,"15,488",$189.63,366 mi,42,$0.5181
PHX,YOW,"15,480",$345.71,"2,022 mi",42,$0.1710
ANC,SAT,"15,459",$477.35,"3,284 mi",42,$0.1454
CLT,AVL,"15,459",$128.25,88 mi,42,$1.4574
MSY,HRL,"15,446",$183.15,504 mi,42,$0.3634
CLT,OGG,"15,445",$561.34,"4,464 mi",42,$0.1257
EWR,TVC,"15,441",$319.66,662 mi,42,$0.4829
DEN,DEL,"15,439",$996.04,"7,938 mi",42,$0.1255
PDX,MUC,"15,433",$783.78,"5,549 mi",42,$0.1412
MIA,SMR,"15,431",$177.27,"1,121 mi",42,$0.1581
ONT,COS,"15,419",$228.41,764 mi,42,$0.2990
IAD,OKC,"15,415",$297.92,"1,099 mi",42,$0.2711
MSY,XPL,"15,412",$188.98,"1,053 mi",42,$0.1795
ORD,BZE,"15,411",$432.66,"1,740 mi",42,$0.2487
IAH,DMM,"15,394","$2,330.14","8,142 mi",42,$0.2862
FLL,HSV,"15,391",$234.67,690 mi,42,$0.3401
JFK,STR,"15,388",$580.54,"4,029 mi",42,$0.1441
OGG,FAT,"15,381",$358.79,"2,531 mi",42,$0.1418
IAD,HAM,"15,377",$794.79,"3,901 mi",42,$0.2037
AUS,SIN,"15,374","$2,203.03","10,126 mi",42,$0.2176
MIA,SIN,"15,372","$2,344.22","10,855 mi",42,$0.2160
IAH,EUG,"15,371",$327.64,"1,861 mi",42,$0.1761
BUR,OKC,"15,362",$295.61,"1,143 mi",42,$0.2586
LAX,PKX,"15,362",$579.70,"6,084 mi",42,$0.0953
LAX,ILM,"15,361",$419.53,"2,371 mi",42,$0.1769
JFK,LUX,"15,358",$982.17,"3,874 mi",42,$0.2535
DCA,SGF,"15,354",$258.39,922 mi,42,$0.2802
ORD,OSL,"15,354",$504.07,"3,921 mi",42,$0.1286
SLC,BCN,"15,348",$702.22,"5,587 mi",42,$0.1257
PHX,RAP,"15,345",$276.59,902 mi,42,$0.3066
DTW,JAN,"15,340",$291.78,800 mi,42,$0.3647
MEM,GRR,"15,338",$255.59,574 mi,42,$0.4453
EWR,ECP,"15,337",$243.55,937 mi,42,$0.2599
IAD,LIN,"15,334",$569.42,"4,114 mi",42,$0.1384
CVG,OKC,"15,330",$274.67,731 mi,42,$0.3757
SAT,HSV,"15,321",$261.09,746 mi,42,$0.3500
DCA,GNV,"15,313",$266.66,679 mi,42,$0.3927
CLE,DSM,"15,312",$247.82,593 mi,42,$0.4179
ORD,KIX,"15,311","$1,067.56","6,687 mi",42,$0.1596
CVG,HOU,"15,301",$219.31,860 mi,42,$0.2550
CLE,VPS,"15,296",$190.08,774 mi,42,$0.2456
DFW,ABI,"15,293",$151.38,162 mi,42,$0.9344
CVG,AMS,"15,291",$906.06,"4,007 mi",42,$0.2261
DFW,SJT,"15,288",$162.44,236 mi,42,$0.6883
SFO,NBO,"15,285","$1,058.98","9,317 mi",42,$0.1137
SEA,BTR,"15,280",$340.03,"1,958 mi",42,$0.1737
BOS,PVR,"15,279",$285.72,"2,560 mi",42,$0.1116
MCO,OSL,"15,278",$398.79,"4,750 mi",42,$0.0840
SEA,BZE,"15,278",$305.69,"2,906 mi",42,$0.1052
IAH,EDI,"15,270",$846.47,"4,738 mi",42,$0.1787
IAD,DSS,"15,264",$786.27,"3,882 mi",42,$0.2025
BOS,LEX,"15,257",$302.76,799 mi,42,$0.3789
PHL,OAK,"15,257",$269.93,"2,430 mi",42,$0.1111
DTW,MXP,"15,255",$776.95,"4,449 mi",42,$0.1746
PIT,ATH,"15,254",$655.61,"5,364 mi",42,$0.1222
RDU,SJD,"15,254",$277.08,"1,984 mi",42,$0.1397
BNA,SJO,"15,253",$309.30,"1,866 mi",42,$0.1658
CLE,YUL,"15,251",$284.80,479 mi,42,$0.5946
ORD,SPI,"15,250",$179.46,169 mi,42,$1.0619
AUS,LEX,"15,247",$279.84,949 mi,42,$0.2949
ATL,MTJ,"15,246",$407.35,"1,389 mi",42,$0.2933
ONT,XNA,"15,242",$283.57,"1,361 mi",42,$0.2084
PDX,PNS,"15,227",$307.79,"2,232 mi",42,$0.1379
CLT,BDA,"15,216",$364.89,982 mi,42,$0.3716
LAS,NAS,"15,206",$287.42,"2,280 mi",42,$0.1261
TPA,JAN,"15,202",$250.75,525 mi,42,$0.4776
MEM,OMA,"15,201",$260.92,523 mi,42,$0.4989
LAX,DBV,"15,190",$832.99,"6,677 mi",42,$0.1248
JAX,TUL,"15,189",$238.01,881 mi,42,$0.2702
SFO,BLQ,"15,183",$657.52,"6,249 mi",42,$0.1052
IAD,LFW,"15,179",$590.52,"5,185 mi",42,$0.1139
ANC,BWI,"15,178",$456.54,"3,462 mi",42,$0.1319
DEN,EYW,"15,178",$306.91,"1,749 mi",42,$0.1755
BOS,GDL,"15,176",$346.19,"2,477 mi",42,$0.1398
BOS,AMD,"15,174",$608.70,"7,576 mi",42,$0.0803
SEA,DAD,"15,173",$403.25,"7,266 mi",42,$0.0555
IAH,KOA,"15,170",$664.53,"3,943 mi",42,$0.1685
DEN,SCL,"15,169","$1,065.23","5,670 mi",42,$0.1879
AUS,NRT,"15,168","$1,042.29","6,720 mi",42,$0.1551
MIA,IBZ,"15,167",$948.16,"4,839 mi",42,$0.1959
ATL,FAI,"15,165",$468.75,"3,265 mi",42,$0.1436
IAD,UIO,"15,163",$388.04,"2,781 mi",42,$0.1395
SAN,GRU,"15,155",$953.54,"6,242 mi",42,$0.1528
MSP,MFR,"15,151",$272.22,"1,530 mi",42,$0.1779
LGA,TLH,"15,148",$361.17,899 mi,42,$0.4017
RDU,OAK,"15,148",$244.27,"2,313 mi",42,$0.1056
JFK,ALC,"15,148",$361.57,"3,905 mi",42,$0.0926
MEM,GSP,"15,146",$243.88,426 mi,41,$0.5725
IAD,KRK,"15,136","$1,129.42","4,641 mi",41,$0.2434
MSY,BZN,"15,133",$272.63,"1,521 mi",41,$0.1792
LAS,BER,"15,132",$562.05,"5,757 mi",41,$0.0976
MCO,EWN,"15,131",$153.26,507 mi,41,$0.3023
CLE,COS,"15,129",$230.28,"1,254 mi",41,$0.1836
SAN,SGN,"15,124",$565.48,"8,513 mi",41,$0.0664
BOS,YEG,"15,121",$335.20,"2,140 mi",41,$0.1566
DCA,SYD,"15,121","$2,194.92","10,058 mi",41,$0.2182
BOS,JNB,"15,120","$1,080.97","7,626 mi",41,$0.1417
BNA,HRL,"15,109",$179.70,969 mi,41,$0.1854
DFW,GIG,"15,108",$720.12,"5,075 mi",41,$0.1419
LAX,YHZ,"15,108",$404.00,"3,056 mi",41,$0.1322
MCI,MEX,"15,103",$406.77,"1,355 mi",41,$0.3002
DFW,JED,"15,100",$567.81,"7,917 mi",41,$0.0717
RDU,TYS,"15,099",$269.73,301 mi,41,$0.8961
IAH,ROA,"15,086",$348.26,986 mi,41,$0.3532
CVG,ABQ,"15,079",$302.31,"1,275 mi",41,$0.2371
DFW,DAC,"15,079",$921.88,"8,741 mi",41,$0.1055
SFO,OAX,"15,069",$369.51,"2,047 mi",41,$0.1805
IAH,HOB,"15,063",$237.40,516 mi,41,$0.4601
PHL,SXM,"15,046",$510.00,"1,623 mi",41,$0.3142
SJC,MSN,"15,038",$338.52,"1,699 mi",41,$0.1992
TPA,CLO,"15,035",$173.96,"1,788 mi",41,$0.0973
DCA,HND,"15,024","$1,525.78","6,580 mi",41,$0.2319
SEA,BRU,"15,010",$638.86,"4,796 mi",41,$0.1332
SAN,LBB,"15,004",$283.28,863 mi,41,$0.3283
ORD,MTJ,"15,003",$324.60,"1,046 mi",41,$0.3103
PHX,HKG,"15,000","$1,337.76","7,314 mi",41,$0.1829
LAX,CTA,"14,992",$839.58,"6,468 mi",41,$0.1298
LGA,HND,"14,980","$1,114.95","6,545 mi",41,$0.1704
AUS,HSV,"14,972",$266.99,726 mi,41,$0.3678
LEX,RDU,"14,967",$264.41,365 mi,41,$0.7244
ORD,TIJ,"14,966",$196.67,"1,767 mi",41,$0.1113
RDU,STT,"14,962",$348.87,"1,432 mi",41,$0.2436
MIA,FPO,"14,961",$180.90,115 mi,41,$1.5730
BOS,SOF,"14,954",$446.39,"4,387 mi",41,$0.1018
ATL,MFR,"14,953",$331.35,"2,093 mi",41,$0.1583
SEA,LGW,"14,953",$370.57,"4,666 mi",41,$0.0794
CLE,PSP,"14,951",$322.20,"2,012 mi",41,$0.1601
MSP,CID,"14,948",$234.90,214 mi,41,$1.0977
SAT,ICN,"14,946",$846.31,"7,180 mi",41,$0.1179
SFO,BSL,"14,945","$1,740.59","5,615 mi",41,$0.3100
MSP,DSM,"14,942",$186.02,225 mi,41,$0.8268
AUS,CID,"14,940",$258.52,899 mi,41,$0.2876
PDX,HKG,"14,939","$1,381.19","6,362 mi",41,$0.2171
MCI,BZN,"14,938",$249.55,975 mi,41,$0.2559
FLL,EZE,"14,930",$476.41,"4,572 mi",41,$0.1042
BWI,PSP,"14,923",$301.46,"2,158 mi",41,$0.1397
DEN,YOW,"14,920",$367.85,"1,559 mi",41,$0.2360
TPA,DAY,"14,909",$232.31,855 mi,41,$0.2717
AUS,LIS,"14,906",$704.57,"5,024 mi",41,$0.1402
EWR,RAK,"14,906",$708.78,"3,546 mi",41,$0.1999
MCI,ROC,"14,906",$250.96,950 mi,41,$0.2642
RDU,BOM,"14,906",$806.16,"8,456 mi",41,$0.0953
MCO,MFR,"14,899",$291.08,"2,576 mi",41,$0.1130
BNA,BTV,"14,898",$244.14,942 mi,41,$0.2592
ORD,CWA,"14,885",$307.77,207 mi,41,$1.4868
STL,TYS,"14,880",$286.78,417 mi,41,$0.6877
SAT,GSO,"14,880",$248.46,"1,200 mi",41,$0.2071
PIT,BCN,"14,871",$562.78,"4,247 mi",41,$0.1325
SFO,UIO,"14,868",$580.45,"3,941 mi",41,$0.1473
ATL,CZM,"14,863",$222.69,947 mi,41,$0.2352
DEN,RKS,"14,863",$172.99,267 mi,41,$0.6479
CLE,GSO,"14,861",$218.44,370 mi,41,$0.5904
SAN,MYR,"14,861",$285.45,"2,134 mi",41,$0.1338
SEA,YOW,"14,861",$341.76,"2,128 mi",41,$0.1606
STL,PVR,"14,858",$246.59,"1,484 mi",41,$0.1662
SFO,OTP,"14,858",$806.96,"6,234 mi",41,$0.1294
IAH,KUL,"14,854","$1,645.92","9,613 mi",41,$0.1712
FLL,BTV,"14,845",$286.52,"1,290 mi",41,$0.2221
STL,GSO,"14,836",$215.01,583 mi,41,$0.3688
IAH,FAR,"14,830",$282.95,"1,138 mi",41,$0.2486
SAN,MSO,"14,824",$233.45,"1,023 mi",41,$0.2282
IAD,EYW,"14,818",$315.02,994 mi,41,$0.3169
IAH,PSC,"14,810",$343.92,"1,650 mi",41,$0.2084
ORD,SHV,"14,809",$351.10,756 mi,41,$0.4644
DFW,UVF,"14,807",$415.88,"2,704 mi",41,$0.1538
MSP,SGF,"14,803",$345.51,512 mi,41,$0.6748
ORD,LIN,"14,801",$728.06,"4,676 mi",41,$0.1557
RDU,LIS,"14,800",$635.47,"3,624 mi",41,$0.1754
ORD,CMI,"14,799",$160.76,139 mi,41,$1.1565
LEX,SFO,"14,795",$382.24,"1,987 mi",41,$0.1924
LAS,ATH,"14,784",$817.25,"6,492 mi",41,$0.1259
SFO,AGP,"14,784",$864.13,"5,772 mi",41,$0.1497
SAN,GPT,"14,780",$295.00,"1,608 mi",40,$0.1835
DEN,LFT,"14,779",$305.75,"1,007 mi",40,$0.3036
SAN,FSD,"14,776",$307.15,"1,374 mi",40,$0.2235
SEA,OKA,"14,771",$739.88,"5,926 mi",40,$0.1249
MIA,REC,"14,771",$529.59,"3,958 mi",40,$0.1338
SAT,AMA,"14,770",$216.08,449 mi,40,$0.4812
STL,ROC,"14,767",$245.42,705 mi,40,$0.3481
OGG,HND,"14,765",$612.10,"3,827 mi",40,$0.1599
DEN,JLN,"14,759",$191.74,564 mi,40,$0.3400
MCO,JNB,"14,756",$917.79,"7,928 mi",40,$0.1158
BWI,ICT,"14,739",$266.86,"1,093 mi",40,$0.2442
MSP,JAC,"14,731",$319.73,844 mi,40,$0.3788
IAH,FLR,"14,730","$1,108.74","5,384 mi",40,$0.2059
LAS,DXB,"14,728","$1,766.51","8,399 mi",40,$0.2103
FLL,PSP,"14,708",$456.83,"2,162 mi",40,$0.2113
SAN,VPS,"14,706",$294.77,"1,859 mi",40,$0.1586
PIT,KEF,"14,700",$289.34,"2,872 mi",40,$0.1007
SLC,BTV,"14,699",$389.47,"1,912 mi",40,$0.2037
MEM,YYZ,"14,694",$336.82,788 mi,40,$0.4274
CLT,SGN,"14,691",$695.57,"9,494 mi",40,$0.0733
SEA,GUA,"14,690",$297.34,"2,823 mi",40,$0.1053
MSY,SJD,"14,690",$301.23,"1,251 mi",40,$0.2408
SFO,HSV,"14,689",$367.41,"1,926 mi",40,$0.1908
DEN,BRU,"14,685",$711.19,"4,997 mi",40,$0.1423
CLE,XNA,"14,677",$258.17,734 mi,40,$0.3517
SAN,DAY,"14,675",$326.80,"1,832 mi",40,$0.1784
SFO,ISB,"14,674",$603.82,"7,646 mi",40,$0.0790
BOS,OAK,"14,651",$268.60,"2,606 mi",40,$0.1031
PHX,CAE,"14,651",$327.24,"1,823 mi",40,$0.1795
MSP,SBN,"14,651",$315.31,399 mi,40,$0.7903
LAX,LYS,"14,644",$603.12,"5,723 mi",40,$0.1054
BOS,RDM,"14,637",$352.21,"2,410 mi",40,$0.1461
DFW,BUD,"14,634",$570.53,"5,797 mi",40,$0.0984
SFO,ADE,"14,631",$605.26,"9,122 mi",40,$0.0664
CLE,TYS,"14,629",$249.14,416 mi,40,$0.5989
MCO,TLV,"14,627",$982.78,"6,718 mi",40,$0.1463
RDU,VCE,"14,619",$580.38,"4,697 mi",40,$0.1236
JAX,SJC,"14,613",$385.25,"2,267 mi",40,$0.1699
DFW,NAN,"14,611",$796.45,"6,826 mi",40,$0.1167
SAT,ICT,"14,606",$230.49,547 mi,40,$0.4214
SEA,CGK,"14,606","$1,231.39","8,634 mi",40,$0.1426
HNL,HOU,"14,604",$384.81,"3,787 mi",40,$0.1016
SEA,NAS,"14,600",$342.37,"2,971 mi",40,$0.1152
MCI,COS,"14,593",$196.18,521 mi,40,$0.3765
LGA,GDL,"14,591",$321.70,"2,289 mi",40,$0.1405
SEA,OSL,"14,586",$461.90,"4,416 mi",40,$0.1046
MIA,CTA,"14,581",$543.89,"5,266 mi",40,$0.1033
RDU,SAV,"14,578",$244.88,303 mi,40,$0.8082
DTW,HYD,"14,567",$612.59,"7,923 mi",40,$0.0773
DFW,GRK,"14,567",$138.87,131 mi,40,$1.0601
BUR,PIT,"14,565",$303.96,"2,058 mi",40,$0.1477
BOS,SBN,"14,563",$255.34,762 mi,40,$0.3351
DFW,ARN,"14,558",$789.04,"4,903 mi",40,$0.1609
IAH,HDN,"14,557",$386.53,"1,016 mi",40,$0.3804
DTW,BGW,"14,552",$398.19,"6,443 mi",40,$0.0618
DTW,LGB,"14,552",$263.36,"1,907 mi",40,$0.1381
MSP,STT,"14,550",$594.84,"2,524 mi",40,$0.2357
LAX,MDT,"14,548",$424.09,"2,383 mi",40,$0.1780
RDU,GUA,"14,545",$215.06,"1,592 mi",40,$0.1351
TPA,CID,"14,536",$247.02,"1,124 mi",40,$0.2198
MCO,FCA,"14,529",$324.97,"2,291 mi",40,$0.1418
BNA,MAF,"14,524",$207.30,905 mi,40,$0.2291
ATL,GVA,"14,522","$1,109.35","4,750 mi",40,$0.2335
MIA,GNV,"14,513",$445.40,304 mi,40,$1.4651
JFK,RMO,"14,508",$568.77,"4,896 mi",40,$0.1162
ATL,EVV,"14,496",$232.07,340 mi,40,$0.6826
EWR,UVF,"14,491",$316.40,"1,965 mi",40,$0.1610
OGG,STL,"14,489",$489.76,"3,936 mi",40,$0.1244
ORD,GLA,"14,488",$549.02,"3,555 mi",40,$0.1544
CLE,BOI,"14,486",$275.94,"1,693 mi",40,$0.1630
SEA,GSO,"14,484",$349.23,"2,218 mi",40,$0.1575
SLC,SYR,"14,484",$375.21,"1,781 mi",40,$0.2107
BOS,LOS,"14,482",$557.27,"4,960 mi",40,$0.1124
BNA,YWG,"14,468",$209.23,"1,122 mi",40,$0.1865
CVG,TUS,"14,462",$312.15,"1,500 mi",40,$0.2081
PHL,SBA,"14,461",$362.16,"2,533 mi",40,$0.1430
MCI,FRA,"14,459",$689.46,"4,854 mi",40,$0.1420
JFK,VKO,"14,455",$896.35,"4,521 mi",40,$0.1983
LAS,BLV,"14,454",$145.59,"1,354 mi",40,$0.1075
EWR,LYS,"14,441",$484.10,"3,724 mi",40,$0.1300
SAN,YEG,"14,440",$276.85,"1,476 mi",40,$0.1876
IAH,TLV,"14,436","$1,060.70","7,265 mi",40,$0.1460
MCO,PSC,"14,431",$323.15,"2,311 mi",40,$0.1398
DCA,FAR,"14,428",$307.02,"1,107 mi",40,$0.2773
SAN,SGF,"14,426",$290.16,"1,420 mi",40,$0.2043
ONT,TYS,"14,418",$302.11,"1,955 mi",40,$0.1545
MCO,SIN,"14,414","$2,056.20","10,658 mi",39,$0.1929
ORD,DEC,"14,410",$91.76,161 mi,39,$0.5699
BOS,MEL,"14,408","$2,381.74","10,842 mi",39,$0.2197
SEA,BNE,"14,406","$1,145.12","7,130 mi",39,$0.1606
OGG,RNO,"14,405",$403.34,"2,588 mi",39,$0.1559
EWR,ATW,"14,397",$272.48,747 mi,39,$0.3648
SDF,OMA,"14,389",$258.08,564 mi,39,$0.4576
JAX,GSO,"14,380",$224.17,388 mi,39,$0.5778
MIA,BEL,"14,363",$383.65,"2,920 mi",39,$0.1314
MCI,PWM,"14,359",$301.07,"1,333 mi",39,$0.2259
BNA,LBB,"14,358",$240.41,848 mi,39,$0.2835
HNL,ZRH,"14,358",$738.30,"7,837 mi",39,$0.0942
SJC,XNA,"14,356",$332.07,"1,570 mi",39,$0.2115
IAH,SBN,"14,355",$323.23,924 mi,39,$0.3498
ATL,HKG,"14,346","$1,449.07","8,135 mi",39,$0.1781
BOS,PMI,"14,343",$551.85,"3,839 mi",39,$0.1437
RDU,JAN,"14,342",$260.74,670 mi,39,$0.3892
JAX,ELP,"14,339",$269.84,"1,505 mi",39,$0.1793
SAN,OAJ,"14,328",$340.77,"2,331 mi",39,$0.1462
RDU,ICT,"14,317",$258.95,"1,069 mi",39,$0.2422
DFW,BER,"14,316",$700.08,"5,060 mi",39,$0.1384
SLC,SJO,"14,315",$427.90,"2,802 mi",39,$0.1527
BUR,CLT,"14,315",$268.88,"2,051 mi",39,$0.1311
BUR,CMH,"14,310",$282.17,"2,040 mi",39,$0.1383
DEN,TLH,"14,302",$362.76,"1,277 mi",39,$0.2841
IAH,GVA,"14,294","$1,492.35","5,092 mi",39,$0.2931
LAX,DAC,"14,292",$871.09,"7,777 mi",39,$0.1120
JFK,BNE,"14,288","$1,826.99","9,346 mi",39,$0.1955
IAH,JED,"14,285",$665.24,"7,526 mi",39,$0.0884
SLC,PWM,"14,275",$363.82,"2,183 mi",39,$0.1667
LAX,BEG,"14,273",$572.23,"6,219 mi",39,$0.0920
BUR,MIA,"14,270",$247.88,"2,406 mi",39,$0.1030
SEA,PSG,"14,263",$324.31,810 mi,39,$0.4004
JFK,BDL,"14,262",$48.47,109 mi,39,$0.4447
ATL,STX,"14,251",$411.35,"1,688 mi",39,$0.2437
LAX,CHA,"14,246",$333.52,"1,941 mi",39,$0.1718
LAX,AEP,"14,242",$744.92,"6,303 mi",39,$0.1182
CVG,BHM,"14,240",$275.33,384 mi,39,$0.7170
PHL,YHZ,"14,235",$213.79,670 mi,39,$0.3191
DFW,GVA,"14,234","$1,126.21","5,021 mi",39,$0.2243
MSY,FAT,"14,234",$255.71,"1,808 mi",39,$0.1414
STL,ATH,"14,233",$706.98,"5,867 mi",39,$0.1205
HNL,EUG,"14,227",$335.03,"2,452 mi",39,$0.1366
HOU,RSW,"14,220",$180.00,877 mi,39,$0.2052
ATL,TPE,"14,212","$1,057.05","7,802 mi",39,$0.1355
JAX,MSN,"14,211",$308.78,999 mi,39,$0.3091
SFO,PNH,"14,209",$502.50,"7,632 mi",39,$0.0658
ORD,DBV,"14,199",$670.81,"5,162 mi",39,$0.1300
MEM,BUF,"14,189",$250.97,837 mi,39,$0.2998
MSP,OSL,"14,188",$393.98,"4,150 mi",39,$0.0949
SFO,LHE,"14,187",$604.44,"7,312 mi",39,$0.0827
SFO,FUK,"14,186","$1,136.51","5,820 mi",39,$0.1953
ONT,BDL,"14,183",$320.70,"2,550 mi",39,$0.1258
SJC,BUF,"14,182",$276.76,"2,357 mi",39,$0.1174
SLC,ATH,"14,178",$891.20,"6,136 mi",39,$0.1452
CLE,DTW,"14,167",$150.46,92 mi,39,$1.6354
ATL,TVC,"14,162",$357.78,747 mi,39,$0.4790
SLC,SGF,"14,158",$318.85,"1,056 mi",39,$0.3019
PHX,BOM,"14,143",$683.20,"8,529 mi",39,$0.0801
JAX,RNO,"14,141",$315.37,"2,292 mi",39,$0.1376
ONT,RIC,"14,123",$306.71,"2,185 mi",39,$0.1404
BWI,OGG,"14,121",$503.91,"4,641 mi",39,$0.1086
ORD,GYE,"14,120",$274.27,"3,183 mi",39,$0.0862
ATL,MHH,"14,111",$333.16,679 mi,39,$0.4907
EWR,BIO,"14,111",$565.91,"3,442 mi",39,$0.1644
MCO,MLI,"14,109",$280.97,"1,007 mi",39,$0.2790
SDF,MKE,"14,109",$249.64,339 mi,39,$0.7364
PHL,JAC,"14,098",$420.72,"1,779 mi",39,$0.2365
DFW,MDE,"14,085",$319.53,"2,380 mi",39,$0.1343
SJC,BDL,"14,084",$327.55,"2,525 mi",39,$0.1297
OGG,ONT,"14,080",$285.96,"2,453 mi",39,$0.1166
DEN,AUA,"14,077",$339.48,"2,745 mi",39,$0.1237
CVG,MSN,"14,076",$270.12,362 mi,39,$0.7462
IAD,MHT,"14,075",$211.75,405 mi,39,$0.5228
JFK,FAT,"14,068",$312.79,"2,389 mi",39,$0.1309
JFK,HGH,"14,065","$1,320.56","7,232 mi",39,$0.1826
DTW,EYW,"14,063",$371.13,"1,260 mi",39,$0.2945
IAD,SOF,"14,056",$650.27,"5,083 mi",39,$0.1279
IAH,CTG,"14,054",$594.74,"1,802 mi",39,$0.3300
RDU,HYD,"14,047",$673.01,"8,730 mi",38,$0.0771
MIA,OCJ,"14,044",$551.52,570 mi,38,$0.9676
DCA,CDG,"14,038",$715.43,"3,952 mi",38,$0.1810
IAH,BRU,"14,033","$1,425.90","5,185 mi",38,$0.2750
ATL,VIE,"14,020",$878.46,"5,136 mi",38,$0.1710
EWR,BLQ,"14,014",$589.15,"4,270 mi",38,$0.1380
AUS,MHT,"14,013",$261.00,"1,639 mi",38,$0.1592
DFW,MAN,"14,009",$984.38,"4,752 mi",38,$0.2072
DCA,YHZ,"14,007",$282.88,834 mi,38,$0.3392
DEN,PLS,"14,001",$304.09,"2,205 mi",38,$0.1379
CLE,BZN,"13,996",$265.53,"1,443 mi",38,$0.1840
BOS,JAN,"13,993",$300.34,"1,214 mi",38,$0.2474
SLC,GTF,"13,993",$252.46,449 mi,38,$0.5623
RDU,HSV,"13,992",$235.67,445 mi,38,$0.5296
LAX,JNU,"13,987",$377.78,"1,900 mi",38,$0.1988
TPA,AVL,"13,981",$263.28,530 mi,38,$0.4968
BNA,LIT,"13,978",$240.14,317 mi,38,$0.7575
SDF,ABQ,"13,977",$270.23,"1,140 mi",38,$0.2370
CLT,ABE,"13,970",$293.53,494 mi,38,$0.5942
CLT,SBN,"13,967",$329.39,550 mi,38,$0.5989
ORD,RMO,"13,964",$389.26,"5,334 mi",38,$0.0730
AUS,JAN,"13,964",$220.06,486 mi,38,$0.4528
DCA,GPT,"13,962",$241.99,925 mi,38,$0.2616
LGA,LGB,"13,960",$247.85,"2,528 mi",38,$0.0980
IAD,COK,"13,959",$481.04,"8,390 mi",38,$0.0573
SEA,PRG,"13,958",$664.53,"5,060 mi",38,$0.1313
CLT,MNL,"13,958",$930.71,"8,973 mi",38,$0.1037
CLT,BLR,"13,957","$1,394.49","8,547 mi",38,$0.1632
MIA,PVR,"13,951",$326.35,"1,572 mi",38,$0.2076
TPA,SGF,"13,936",$259.94,925 mi,38,$0.2810
BNA,NAS,"13,931",$258.58,969 mi,38,$0.2669
DFW,BRU,"13,930",$903.19,"5,095 mi",38,$0.1773
SEA,EDI,"13,928",$606.15,"4,337 mi",38,$0.1398
BOS,OTP,"13,921",$545.62,"4,692 mi",38,$0.1163
DTW,MFE,"13,919",$316.58,"1,350 mi",38,$0.2345
SLC,LBB,"13,919",$255.13,722 mi,38,$0.3534
MSY,DUB,"13,914",$479.11,"4,216 mi",38,$0.1136
FLL,YYT,"13,912",$293.51,"2,166 mi",38,$0.1355
IAH,BUD,"13,908",$968.74,"5,897 mi",38,$0.1643
SFO,ADL,"13,894","$1,387.70","7,833 mi",38,$0.1772
DEN,HYS,"13,894",$127.79,306 mi,38,$0.4176
SEA,MXP,"13,885",$769.28,"5,517 mi",38,$0.1394
DTW,ADE,"13,881",$458.83,"7,644 mi",38,$0.0600
PHL,KOA,"13,879",$582.58,"4,733 mi",38,$0.1231
SLC,GRU,"13,876",$982.93,"6,289 mi",38,$0.1563
STL,YUL,"13,873",$335.00,939 mi,38,$0.3568
AUS,ASE,"13,867",$432.19,836 mi,38,$0.5170
AUS,BOM,"13,866",$650.65,"8,705 mi",38,$0.0747
PHX,LIM,"13,860",$778.41,"4,008 mi",38,$0.1942
BNA,BHM,"13,852",$202.24,182 mi,38,$1.1112
MSP,SBA,"13,844",$312.29,"1,532 mi",38,$0.2038
SLC,LIR,"13,842",$416.32,"2,556 mi",38,$0.1629
CVG,RNO,"13,837",$311.10,"1,810 mi",38,$0.1719
SEA,FAR,"13,834",$313.85,"1,156 mi",38,$0.2715
JFK,HAV,"13,832",$347.53,"1,279 mi",38,$0.2717
JAX,COS,"13,830",$263.19,"1,466 mi",38,$0.1795
SJC,TUL,"13,829",$296.15,"1,396 mi",38,$0.2121
ONT,BJX,"13,828",$185.70,"1,375 mi",38,$0.1351
LAX,CNX,"13,827",$657.78,"8,283 mi",38,$0.0794
PHL,ROA,"13,826",$357.10,301 mi,38,$1.1864
SFO,ILM,"13,819",$450.96,"2,550 mi",38,$0.1768
DEN,STT,"13,816",$485.12,"2,703 mi",38,$0.1795
MCO,BKK,"13,816",$986.86,"9,237 mi",38,$0.1068
MIA,SVQ,"13,810",$579.87,"4,211 mi",38,$0.1377
FLL,JAN,"13,787",$246.20,759 mi,38,$0.3244
BWI,ROC,"13,786",$228.62,285 mi,38,$0.8022
MIA,DOM,"13,779",$274.98,"1,372 mi",38,$0.2004
CVG,BOI,"13,777",$292.64,"1,607 mi",38,$0.1821
SLC,MAF,"13,773",$292.19,842 mi,38,$0.3470
JFK,XPL,"13,770",$299.70,"1,931 mi",38,$0.1552
CLE,ECP,"13,761",$212.29,819 mi,38,$0.2592
ORD,EAU,"13,757",$151.24,276 mi,38,$0.5480
PHX,YUM,"13,754",$148.12,155 mi,38,$0.9556
HOU,LIT,"13,748",$170.05,382 mi,38,$0.4452
MDW,PVU,"13,747",$130.29,"1,288 mi",38,$0.1012
PIT,GEG,"13,741",$271.90,"1,840 mi",38,$0.1478
CVG,GUF,"13,734",$150.05,655 mi,38,$0.2291
LAX,BSL,"13,730",$719.56,"5,708 mi",38,$0.1261
MDW,SJD,"13,729",$277.26,"1,751 mi",38,$0.1583
MSP,PSC,"13,725",$327.74,"1,212 mi",38,$0.2704
ORD,BLQ,"13,716",$858.86,"4,517 mi",38,$0.1901
JAX,BLV,"13,713",$133.14,746 mi,38,$0.1785
MIA,LYS,"13,712",$400.43,"4,608 mi",38,$0.0869
PIT,COS,"13,711",$259.22,"1,342 mi",38,$0.1932
MIA,MFE,"13,708",$351.62,"1,081 mi",38,$0.3253
ONT,PSC,"13,707",$187.26,822 mi,38,$0.2278
LAX,CHC,"13,706",$919.45,"7,098 mi",38,$0.1295
MCO,NCE,"13,695",$729.41,"4,678 mi",38,$0.1559
BNA,KEF,"13,693",$348.65,"3,330 mi",38,$0.1047
MSY,CRP,"13,687",$221.37,450 mi,37,$0.4919
SAT,SRQ,"13,686",$236.17,"1,006 mi",37,$0.2348
SAT,MGM,"13,680",$331.12,718 mi,37,$0.4612
STL,BCN,"13,679",$665.56,"4,780 mi",37,$0.1392
AUS,LIH,"13,675",$464.90,"3,709 mi",37,$0.1253
DFW,PRG,"13,667",$592.53,"5,496 mi",37,$0.1078
SFO,CID,"13,663",$361.43,"1,696 mi",37,$0.2131
MSP,ARN,"13,661",$499.57,"4,364 mi",37,$0.1145
MCO,SBP,"13,655",$367.86,"2,270 mi",37,$0.1621
DFW,NCE,"13,652","$1,051.98","5,158 mi",37,$0.2040
ATL,RDM,"13,644",$322.20,"2,147 mi",37,$0.1501
BNA,GUA,"13,642",$336.21,"1,462 mi",37,$0.2300
MCO,SXM,"13,642",$268.89,"1,316 mi",37,$0.2043
CLT,DAY,"13,638",$300.71,359 mi,37,$0.8376
EWR,MRS,"13,635",$511.75,"4,031 mi",37,$0.1270
EWR,HSV,"13,634",$250.78,781 mi,37,$0.3211
CLE,AMS,"13,629",$726.89,"4,027 mi",37,$0.1805
SEA,WRG,"13,621",$311.79,778 mi,37,$0.4008
DCA,STT,"13,614",$300.16,"1,544 mi",37,$0.1944
DEN,SDQ,"13,601",$316.68,"2,476 mi",37,$0.1279
DAL,OPF,"13,596",$655.99,"1,138 mi",37,$0.5764
MCI,OKC,"13,592",$292.65,322 mi,37,$0.9089
JFK,PER,"13,590","$1,807.30","11,278 mi",37,$0.1603
DCA,LBB,"13,578",$259.47,"1,379 mi",37,$0.1882
LAX,GRB,"13,578",$358.54,"1,710 mi",37,$0.2097
MCO,RDM,"13,577",$336.94,"2,514 mi",37,$0.1340
IAH,UIO,"13,575",$423.62,"2,432 mi",37,$0.1742
ORD,CPT,"13,569","$1,114.05","8,774 mi",37,$0.1270
ORD,LBB,"13,564",$266.10,922 mi,37,$0.2886
SLC,MYR,"13,560",$290.96,"1,927 mi",37,$0.1510
IAH,TVC,"13,554",$374.51,"1,116 mi",37,$0.3356
BNA,SBA,"13,550",$320.09,"1,809 mi",37,$0.1769
BUR,OMA,"13,549",$246.27,"1,277 mi",37,$0.1929
SLC,GUA,"13,548",$429.55,"2,290 mi",37,$0.1876
LAX,YQB,"13,547",$404.95,"2,507 mi",37,$0.1615
IAD,GCM,"13,544",$376.01,"1,419 mi",37,$0.2650
RDU,DEL,"13,535",$798.82,"7,485 mi",37,$0.1067
STL,HND,"13,532","$1,327.79","6,195 mi",37,$0.2143
LGA,SJD,"13,530",$316.81,"2,332 mi",37,$0.1359
MIA,SGF,"13,528",$256.14,"1,136 mi",37,$0.2255
CLE,ICT,"13,526",$265.93,895 mi,37,$0.2971
EWR,EZE,"13,521","$1,050.32","5,152 mi",37,$0.2039
CLT,GSO,"13,516",$115.79,81 mi,37,$1.4295
DEN,BTR,"13,515",$314.59,967 mi,37,$0.3253
BNA,MAD,"13,512",$702.76,"4,212 mi",37,$0.1668
PHL,SGF,"13,508",$310.86,965 mi,37,$0.3221
CVG,ATH,"13,498",$642.10,"5,618 mi",37,$0.1143
CLT,EDI,"13,496",$459.79,"3,901 mi",37,$0.1179
PIT,BZN,"13,496",$258.35,"1,542 mi",37,$0.1675
SFO,LYS,"13,496",$843.70,"5,644 mi",37,$0.1495
LAX,TQO,"13,494",$182.96,"2,043 mi",37,$0.0896
CVG,GRR,"13,491",$259.43,276 mi,37,$0.9400
EWR,SGN,"13,491",$873.95,"8,611 mi",37,$0.1015
CLT,SDQ,"13,490",$214.69,"1,390 mi",37,$0.1545
SLC,MUC,"13,490",$839.58,"5,224 mi",37,$0.1607
SDF,ELP,"13,484",$302.45,"1,283 mi",37,$0.2357
HNL,TUL,"13,473",$425.60,"3,945 mi",37,$0.1079
CLT,SAP,"13,473",$235.54,"1,389 mi",37,$0.1696
IAH,CPH,"13,470",$954.94,"5,326 mi",37,$0.1793
RDU,LIR,"13,469",$358.73,"1,743 mi",37,$0.2058
PHX,BLR,"13,468","$1,051.44","8,876 mi",37,$0.1185
MEM,OKC,"13,464",$270.87,418 mi,37,$0.6480
MSY,BCN,"13,461",$541.66,"4,848 mi",37,$0.1117
EWR,COS,"13,460",$333.36,"1,668 mi",37,$0.1999
HNL,LGA,"13,460",$530.55,"5,117 mi",37,$0.1037
BOS,CTA,"13,459",$573.65,"4,501 mi",37,$0.1274
BOS,CTG,"13,457",$258.15,"2,155 mi",37,$0.1198
CVG,SJD,"13,456",$280.55,"1,779 mi",37,$0.1577
SDF,OKC,"13,452",$247.39,705 mi,37,$0.3509
SEA,PTY,"13,451",$528.90,"3,754 mi",37,$0.1409
JAX,XNA,"13,441",$262.03,804 mi,37,$0.3259
MCO,LFT,"13,439",$282.15,675 mi,37,$0.4180
AUS,EZE,"13,436",$835.67,"5,319 mi",37,$0.1571
SAT,PWM,"13,435",$282.05,"1,883 mi",37,$0.1498
FLL,ECP,"13,433",$247.31,468 mi,37,$0.5284
BOS,KRK,"13,427",$579.06,"3,975 mi",37,$0.1457
TPA,MXP,"13,412",$692.42,"4,773 mi",37,$0.1451
STL,AUA,"13,411",$311.94,"2,267 mi",37,$0.1376
SEA,SCL,"13,407","$1,127.54","6,626 mi",37,$0.1702
PIT,YYC,"13,404",$363.58,"1,818 mi",37,$0.2000
BOS,CAE,"13,403",$303.64,775 mi,37,$0.3918
TPA,MAF,"13,403",$231.03,"1,171 mi",37,$0.1973
RDU,ECP,"13,400",$241.60,540 mi,37,$0.4474
LGA,AGS,"13,398",$473.80,658 mi,37,$0.7201
BUR,MKE,"13,391",$284.85,"1,689 mi",37,$0.1687
IAH,MFR,"13,389",$312.76,"1,798 mi",37,$0.1739
CVG,SYR,"13,387",$286.42,542 mi,37,$0.5285
IAD,GIG,"13,377",$691.77,"4,950 mi",37,$0.1398
ONT,GRR,"13,377",$310.05,"1,881 mi",37,$0.1648
IAD,NAS,"13,375",$236.74,932 mi,37,$0.2540
RDU,SAL,"13,373",$208.38,"1,626 mi",37,$0.1282
CLE,NAS,"13,367",$297.29,"1,194 mi",37,$0.2490
IAD,NSI,"13,361",$534.06,"6,183 mi",37,$0.0864
CLE,LIT,"13,360",$233.71,706 mi,37,$0.3310
ORD,TLH,"13,358",$359.82,800 mi,37,$0.4498
PIT,OAK,"13,355",$253.83,"2,171 mi",37,$0.1169
FLL,HTS,"13,346",$166.71,835 mi,37,$0.1997
JFK,MEC,"13,343",$270.89,"2,993 mi",37,$0.0905
MCI,MDT,"13,338",$322.57,925 mi,37,$0.3487
DCA,UIO,"13,331",$406.59,"2,613 mi",37,$0.1556
SAN,MDT,"13,331",$369.45,"2,353 mi",37,$0.1570
MIA,PMO,"13,326",$454.00,"5,152 mi",37,$0.0881
AUS,NAS,"13,317",$314.79,"1,246 mi",36,$0.2526
DEN,ARN,"13,309",$634.64,"4,682 mi",36,$0.1355
PIT,FRA,"13,307",$898.50,"3,986 mi",36,$0.2254
SFO,MRY,"13,306",$102.05,75 mi,36,$1.3607
FLL,SJD,"13,306",$378.27,"1,808 mi",36,$0.2092
MSY,YYC,"13,302",$396.90,"1,959 mi",36,$0.2026
IAH,YOW,"13,301",$400.99,"1,457 mi",36,$0.2752
MCO,CRP,"13,297",$268.78,957 mi,36,$0.2809
MSP,VCE,"13,294",$580.36,"4,860 mi",36,$0.1194
SFO,MDT,"13,291",$393.78,"2,506 mi",36,$0.1571
DTW,GRR,"13,289",$90.58,116 mi,36,$0.7809
SEA,ECP,"13,289",$307.64,"2,329 mi",36,$0.1321
ANC,SJC,"13,288",$381.10,"2,104 mi",36,$0.1811
LAX,BOB,"13,287","$1,085.27","4,238 mi",36,$0.2561
LAX,GLA,"13,283",$886.74,"4,969 mi",36,$0.1785
LAX,PUS,"13,281",$866.11,"5,799 mi",36,$0.1494
MSP,EDI,"13,273",$556.62,"3,629 mi",36,$0.1534
DFW,VIE,"13,268",$779.42,"5,668 mi",36,$0.1375
TPA,LIR,"13,263",$401.40,"1,254 mi",36,$0.3201
MIA,CZM,"13,258",$316.48,540 mi,36,$0.5861
MCI,ICN,"13,257","$1,128.13","6,720 mi",36,$0.1679
IAH,VIE,"13,252",$938.10,"5,429 mi",36,$0.1728
LAX,WLG,"13,245","$1,071.28","6,506 mi",36,$0.1647
ATL,HRL,"13,239",$234.81,970 mi,36,$0.2421
CLT,STX,"13,236",$309.04,"1,517 mi",36,$0.2037
SEA,EZE,"13,229","$1,250.01","7,123 mi",36,$0.1755
IAD,SCL,"13,227",$941.03,"5,166 mi",36,$0.1822
MSP,RDM,"13,224",$291.76,"1,410 mi",36,$0.2069
DEN,BUD,"13,223",$591.41,"5,658 mi",36,$0.1045
SEA,GVA,"13,222",$994.99,"5,095 mi",36,$0.1953
MSP,FAI,"13,222",$379.74,"2,386 mi",36,$0.1592
ATL,PSC,"13,217",$387.56,"2,073 mi",36,$0.1870
ORD,MRY,"13,209",$394.53,"1,785 mi",36,$0.2210
MCO,QRO,"13,207",$269.81,"1,340 mi",36,$0.2014
SAT,MDT,"13,204",$293.91,"1,385 mi",36,$0.2122
SAT,MAF,"13,201",$238.31,285 mi,36,$0.8362
TPA,SBN,"13,201",$273.59,"1,001 mi",36,$0.2733
SEA,BTV,"13,190",$415.11,"2,400 mi",36,$0.1730
DCA,GRB,"13,184",$319.67,712 mi,36,$0.4490
IAH,EYW,"13,176",$312.88,941 mi,36,$0.3325
CLT,MHH,"13,175",$500.72,624 mi,36,$0.8024
LEX,VPS,"13,174",$188.27,549 mi,36,$0.3429
DCA,ICN,"13,174","$1,231.81","7,165 mi",36,$0.1719
ORD,ZAG,"13,173",$413.51,"4,643 mi",36,$0.0891
OGG,IND,"13,167",$501.48,"4,144 mi",36,$0.1210
IAD,KOA,"13,159",$638.14,"4,630 mi",36,$0.1378
IAH,CLO,"13,156",$291.64,"2,142 mi",36,$0.1362
PIT,BOI,"13,153",$278.14,"1,790 mi",36,$0.1554
EWR,SKP,"13,152",$275.27,"4,539 mi",36,$0.0606
LAS,DEL,"13,152",$906.54,"7,662 mi",36,$0.1183
MIA,SOF,"13,145",$557.18,"5,499 mi",36,$0.1013
EWR,GLA,"13,144",$424.95,"3,317 mi",36,$0.1281
SAN,EZE,"13,141","$1,172.94","5,837 mi",36,$0.2009
IAH,BTV,"13,129",$330.74,"1,522 mi",36,$0.2173
DEN,PVG,"13,129","$1,646.17","6,497 mi",36,$0.2534
MSP,ADD,"13,116",$647.82,"7,439 mi",36,$0.0871
MCO,LIR,"13,114",$324.23,"1,224 mi",36,$0.2649
SDF,PVD,"13,112",$245.90,820 mi,36,$0.2999
MCO,SAV,"13,097",$263.74,248 mi,36,$1.0635
ONT,BKK,"13,095",$592.64,"8,036 mi",36,$0.0737
SJC,GRR,"13,094",$342.93,"1,887 mi",36,$0.1817
ORD,HAN,"13,093",$839.79,"8,222 mi",36,$0.1021
ANC,PIT,"13,091",$448.29,"3,077 mi",36,$0.1457
MSP,CAI,"13,091",$369.75,"6,009 mi",36,$0.0615
ATL,RTB,"13,090",$283.15,"1,240 mi",36,$0.2283
DCA,MAD,"13,085",$450.29,"3,675 mi",36,$0.1225
JFK,MGA,"13,080",$291.91,"2,045 mi",36,$0.1427
ATL,ELH,"13,077",$308.21,709 mi,36,$0.4347
IAH,CRW,"13,072",$340.58,"1,004 mi",36,$0.3392
BWI,SBA,"13,072",$337.53,"2,460 mi",36,$0.1372
IAH,GYE,"13,066",$404.16,"2,371 mi",36,$0.1705
IAD,EBB,"13,062",$654.85,"7,059 mi",36,$0.0928
MCO,PVR,"13,059",$246.72,"1,546 mi",36,$0.1596
DEN,EAR,"13,057",$175.57,295 mi,36,$0.5952
PHL,ATW,"13,055",$306.17,766 mi,36,$0.3997
CVG,ILM,"13,051",$246.81,514 mi,36,$0.4802
PDX,CID,"13,044",$316.70,"1,600 mi",36,$0.1979
LAX,DOH,"13,042","$1,513.14","8,044 mi",36,$0.1881
HNL,AMS,"13,039",$636.72,"7,026 mi",36,$0.0906
ANC,YYZ,"13,037",$407.69,"3,115 mi",36,$0.1309
JFK,SHE,"13,035",$668.90,"6,450 mi",36,$0.1037
SAN,VCE,"13,033",$762.55,"5,992 mi",36,$0.1273
DTW,AVL,"13,032",$267.22,456 mi,36,$0.5860
BWI,CAE,"13,031",$244.00,425 mi,36,$0.5741
CVG,GEG,"13,031",$297.07,"1,791 mi",36,$0.1659
CLT,PIA,"13,028",$273.61,589 mi,36,$0.4645
IAH,SRQ,"13,023",$249.73,771 mi,36,$0.3239
CLE,OGG,"13,017",$627.60,"4,628 mi",36,$0.1356
LGA,PVR,"13,016",$396.03,"2,372 mi",36,$0.1670
DFW,AEX,"13,012",$220.72,275 mi,36,$0.8026
MSP,PIE,"13,012",$151.88,"1,269 mi",36,$0.1197
SAN,PUJ,"13,010",$281.45,"3,069 mi",36,$0.0917
STL,NAS,"13,009",$243.93,"1,174 mi",36,$0.2078
PDX,ROC,"13,004",$339.29,"2,263 mi",36,$0.1499
ATL,DAC,"13,001",$554.59,"8,704 mi",36,$0.0637
MSY,LBB,"13,001",$247.16,702 mi,36,$0.3521
IAH,LCH,"12,991",$166.31,123 mi,36,$1.3521
SAN,MXP,"12,984",$881.55,"6,236 mi",36,$0.1414
BWI,CID,"12,982",$258.43,835 mi,36,$0.3095
SLC,IDA,"12,975",$219.75,194 mi,36,$1.1327
PIT,DSM,"12,974",$229.70,682 mi,36,$0.3368
SFO,TFU,"12,974","$1,036.53","6,647 mi",36,$0.1559
PHX,SYD,"12,966","$1,626.74","7,569 mi",36,$0.2149
LAX,MHT,"12,960",$280.46,"2,659 mi",36,$0.1055
ORD,JLN,"12,959",$185.99,469 mi,36,$0.3966
JAX,MNL,"12,956",$823.20,"8,711 mi",35,$0.0945
ATL,FLR,"12,952",$910.84,"4,763 mi",35,$0.1912
JFK,NKG,"12,949","$1,041.15","7,592 mi",35,$0.1371
ANC,MSY,"12,946",$516.79,"3,322 mi",35,$0.1556
MIA,SLA,"12,945",$478.31,"3,746 mi",35,$0.1277
HNL,GRR,"12,943",$583.62,"4,222 mi",35,$0.1382
MSY,PSP,"12,937",$292.08,"1,511 mi",35,$0.1933
OGG,TPA,"12,935",$674.89,"4,744 mi",35,$0.1423
CVG,DSM,"12,929",$248.03,489 mi,35,$0.5072
EWR,ICT,"12,925",$287.76,"1,298 mi",35,$0.2217
SAN,BLI,"12,922",$189.07,"1,110 mi",35,$0.1703
DEN,LBF,"12,913",$133.39,234 mi,35,$0.5700
ORD,KUL,"12,909",$927.31,"9,567 mi",35,$0.0969
PIT,PSP,"12,890",$335.50,"1,973 mi",35,$0.1700
MIA,CUZ,"12,888",$398.19,"2,858 mi",35,$0.1393
PHX,TVC,"12,887",$344.10,"1,656 mi",35,$0.2078
MSP,FWA,"12,886",$283.64,472 mi,35,$0.6009
JAX,PUJ,"12,882",$256.03,"1,138 mi",35,$0.2250
TPA,LBB,"12,877",$276.93,"1,244 mi",35,$0.2226
PHX,DAY,"12,876",$283.43,"1,548 mi",35,$0.1831
IAH,DAY,"12,875",$289.25,957 mi,35,$0.3022
LAX,DLC,"12,872",$591.58,"5,924 mi",35,$0.0999
ORD,SKG,"12,871",$512.79,"5,445 mi",35,$0.0942
CLE,SDF,"12,866",$252.20,313 mi,35,$0.8058
SJC,BZN,"12,866",$203.91,780 mi,35,$0.2614
AUS,MDT,"12,865",$319.22,"1,404 mi",35,$0.2274
LAX,GOT,"12,865",$409.82,"5,327 mi",35,$0.0769
AUS,FCA,"12,863",$330.32,"1,481 mi",35,$0.2230
DCA,XPL,"12,859",$285.75,"1,750 mi",35,$0.1633
SFO,HGH,"12,859","$1,141.25","6,426 mi",35,$0.1776
IAH,NBO,"12,854",$731.59,"8,998 mi",35,$0.0813
JFK,BHX,"12,849",$479.20,"3,269 mi",35,$0.1466
PHL,SBN,"12,845",$288.81,574 mi,35,$0.5032
SAT,TIJ,"12,845",$243.56,"1,080 mi",35,$0.2255
CLE,GEG,"12,837",$279.28,"1,739 mi",35,$0.1606
PIT,AMS,"12,835",$750.81,"3,775 mi",35,$0.1989
DFW,JNB,"12,831","$1,368.62","8,876 mi",35,$0.1542
RDU,ILG,"12,830",$136.24,306 mi,35,$0.4452
JFK,EVN,"12,827",$605.40,"5,807 mi",35,$0.1043
SEA,VPS,"12,826",$368.66,"2,290 mi",35,$0.1610
LAS,SDQ,"12,825",$284.01,"2,925 mi",35,$0.0971
ORD,YHZ,"12,825",$312.49,"1,272 mi",35,$0.2457
AUS,MBJ,"12,822",$288.12,"1,435 mi",35,$0.2008
IAH,AVL,"12,818",$273.04,858 mi,35,$0.3182
DFW,OAK,"12,817",$202.70,"1,410 mi",35,$0.1438
BUR,EWR,"12,810",$283.02,"2,512 mi",35,$0.1127
SEA,VIE,"12,809",$853.14,"5,226 mi",35,$0.1632
EWR,BSL,"12,803",$865.32,"3,770 mi",35,$0.2295
PDX,PBI,"12,799",$433.91,"2,745 mi",35,$0.1581
PHX,BTR,"12,795",$299.99,"1,274 mi",35,$0.2355
PDX,MNL,"12,791",$674.73,"6,502 mi",35,$0.1038
MCI,HND,"12,787","$1,344.24","6,394 mi",35,$0.2102
MCO,BIS,"12,786",$303.29,"1,596 mi",35,$0.1900
MSP,HSV,"12,786",$360.86,762 mi,35,$0.4736
AUS,CAE,"12,784",$250.83,972 mi,35,$0.2581
SFO,MRS,"12,784",$787.78,"5,768 mi",35,$0.1366
MCI,LBB,"12,777",$261.90,537 mi,35,$0.4877
PHL,SYR,"12,775",$379.16,235 mi,35,$1.6134
HOU,AMA,"12,774",$215.75,553 mi,35,$0.3901
IAH,RDM,"12,771",$372.48,"1,666 mi",35,$0.2236
SFO,DUS,"12,761",$940.10,"5,401 mi",35,$0.1741
LAS,PEK,"12,758",$856.81,"6,046 mi",35,$0.1417
ONT,HKG,"12,757",$698.59,"7,059 mi",35,$0.0990
RDU,BDA,"12,749",$151.98,867 mi,35,$0.1753
LAS,CRP,"12,743",$276.12,"1,146 mi",35,$0.2409
LEX,MSY,"12,742",$275.39,624 mi,35,$0.4413
MCI,ATH,"12,742",$688.54,"5,660 mi",35,$0.1217
LEX,MCI,"12,738",$296.25,569 mi,35,$0.5207
PHL,GRB,"12,738",$326.29,710 mi,35,$0.4596
SDF,MBJ,"12,735",$214.20,"1,481 mi",35,$0.1446
SFO,ZIH,"12,735",$258.29,"1,932 mi",35,$0.1337
DCA,PSC,"12,734",$425.21,"2,240 mi",35,$0.1898
MIA,GOT,"12,731",$335.31,"4,674 mi",35,$0.0717
SAT,PSP,"12,728",$262.73,"1,133 mi",35,$0.2319
MCO,MSO,"12,728",$326.65,"2,241 mi",35,$0.1458
ATL,FAR,"12,727",$346.85,"1,157 mi",35,$0.2998
FLL,SGF,"12,723",$244.16,"1,127 mi",35,$0.2166
PHL,TVC,"12,716",$329.32,645 mi,35,$0.5106
PDX,MAD,"12,704",$661.99,"5,560 mi",35,$0.1191
SLC,NRT,"12,700",$783.04,"5,275 mi",35,$0.1484
ONT,LIT,"12,698",$253.71,"1,487 mi",35,$0.1706
LAX,FAR,"12,697",$302.35,"1,482 mi",35,$0.2040
BOS,AUH,"12,695","$1,330.76","6,468 mi",35,$0.2057
LAX,RAP,"12,695",$244.96,"1,045 mi",35,$0.2344
MSP,CHA,"12,693",$323.22,825 mi,35,$0.3918
EWR,YEG,"12,689",$405.77,"1,957 mi",35,$0.2073
JFK,BLL,"12,684",$416.75,"3,827 mi",35,$0.1089
PHX,BMI,"12,679",$344.18,"1,319 mi",35,$0.2609
BUR,HNL,"12,675",$306.62,"2,635 mi",35,$0.1164
ATL,STI,"12,674",$344.85,"1,261 mi",35,$0.2735
IAH,DAD,"12,672",$714.68,"9,158 mi",35,$0.0780
SFO,CPT,"12,670","$1,434.56","9,943 mi",35,$0.1443
BNA,ZRH,"12,667",$782.37,"4,795 mi",35,$0.1632
LAX,BGI,"12,661",$453.00,"4,061 mi",35,$0.1115
RDU,SGF,"12,661",$285.75,791 mi,35,$0.3613
DTW,STT,"12,658",$563.49,"2,030 mi",35,$0.2776
RDU,FAT,"12,655",$290.20,"2,194 mi",35,$0.1323
MCO,BTR,"12,646",$261.01,591 mi,35,$0.4416
LAS,AGS,"12,640",$381.89,"1,942 mi",35,$0.1966
ATL,KEF,"12,638",$544.93,"3,409 mi",35,$0.1599
SLC,SCL,"12,632","$1,199.73","5,930 mi",35,$0.2023
SDF,SJC,"12,631",$318.70,"2,024 mi",35,$0.1575
IAH,NAP,"12,631",$725.42,"5,967 mi",35,$0.1216
MIA,NRT,"12,629","$1,229.07","7,646 mi",35,$0.1607
MIA,MYR,"12,617",$255.37,534 mi,35,$0.4782
OGG,OMA,"12,612",$482.24,"3,653 mi",35,$0.1320
LAX,TSN,"12,609",$497.14,"6,069 mi",35,$0.0819
IAH,BEY,"12,603",$651.36,"7,194 mi",35,$0.0905
LAS,GRB,"12,596",$342.00,"1,575 mi",35,$0.2171
LAX,AMD,"12,592","$1,072.29","8,177 mi",34,$0.1311
MSP,GUA,"12,589",$458.90,"2,162 mi",34,$0.2123
ONT,SAV,"12,581",$330.30,"2,037 mi",34,$0.1622
SEA,HAN,"12,577",$707.79,"6,626 mi",34,$0.1068
SLC,FAI,"12,576",$352.99,"2,114 mi",34,$0.1670
IAH,OSL,"12,572","$1,381.24","5,112 mi",34,$0.2702
STL,LBB,"12,567",$224.06,706 mi,34,$0.3174
IAD,MGA,"12,566",$255.67,"1,869 mi",34,$0.1368
AUS,SGN,"12,561",$496.66,"8,899 mi",34,$0.0558
LEX,MSP,"12,557",$298.37,630 mi,34,$0.4736
DFW,TUP,"12,556",$138.65,470 mi,34,$0.2950
AUS,RDM,"12,553",$316.25,"1,654 mi",34,$0.1912
LAS,YXX,"12,547",$186.79,937 mi,34,$0.1993
MCO,BIL,"12,546",$292.37,"1,962 mi",34,$0.1490
SLC,SAL,"12,545",$364.67,"2,272 mi",34,$0.1605
LAX,SPU,"12,538",$714.77,"6,179 mi",34,$0.1157
TPA,STT,"12,537",$289.33,"1,336 mi",34,$0.2166
IAH,JNB,"12,533","$1,311.27","9,292 mi",34,$0.1411
DTW,TLV,"12,531","$1,039.97","6,164 mi",34,$0.1687
JFK,HAJ,"12,529",$444.73,"3,707 mi",34,$0.1200
CVG,PNS,"12,527",$241.46,591 mi,34,$0.4086
STL,LIR,"12,521",$295.28,"1,909 mi",34,$0.1547
BOS,MRS,"12,519",$666.05,"3,604 mi",34,$0.1848
MCO,CAI,"12,519",$570.97,"6,242 mi",34,$0.0915
SFO,HKT,"12,514",$822.44,"8,579 mi",34,$0.0959
ORD,BSL,"12,512",$665.96,"4,518 mi",34,$0.1474
MEM,SRQ,"12,508",$259.42,707 mi,34,$0.3669
SDF,LHR,"12,507",$704.84,"4,156 mi",34,$0.1696
CLE,STT,"12,507",$390.43,"1,824 mi",34,$0.2141
DFW,TAM,"12,499",$197.49,712 mi,34,$0.2774
SAN,PTY,"12,498",$408.85,"2,824 mi",34,$0.1448
DCA,STX,"12,498",$294.65,"1,685 mi",34,$0.1749
LGA,SAF,"12,498",$522.12,"1,721 mi",34,$0.3034
LAX,ZQN,"12,491","$1,163.41","7,317 mi",34,$0.1590
BWI,AMS,"12,485",$521.15,"3,701 mi",34,$0.1408
IAD,FAT,"12,478",$306.12,"2,358 mi",34,$0.1298
IAH,FWA,"12,478",$294.00,977 mi,34,$0.3009
EWR,LCA,"12,474",$880.62,"5,326 mi",34,$0.1653
DEN,QRO,"12,468",$337.70,"1,315 mi",34,$0.2568
DEN,NCE,"12,451",$951.11,"5,435 mi",34,$0.1750
PHL,GRU,"12,450","$1,077.74","4,892 mi",34,$0.2203
RDU,AMM,"12,449",$597.20,"5,958 mi",34,$0.1002
SLC,FSD,"12,443",$283.86,778 mi,34,$0.3649
BOS,FCA,"12,439",$363.59,"2,174 mi",34,$0.1672
BOS,ROA,"12,439",$299.96,607 mi,34,$0.4942
BOS,SGF,"12,439",$328.85,"1,272 mi",34,$0.2585
BNA,MUC,"12,417",$721.52,"4,897 mi",34,$0.1473
SFO,SHA,"12,417","$1,136.07","5,969 mi",34,$0.1903
RDU,MNL,"12,412",$814.54,"8,460 mi",34,$0.0963
ATL,BGR,"12,410",$332.57,"1,099 mi",34,$0.3026
PDX,PDT,"12,404",$80.67,187 mi,34,$0.4314
ATL,SIN,"12,402","$2,016.45","9,658 mi",34,$0.2088
ANC,OKC,"12,400",$460.84,"2,963 mi",34,$0.1555
PIT,ILM,"12,395",$200.22,461 mi,34,$0.4343
AUS,SGF,"12,393",$266.73,530 mi,34,$0.5033
SLC,MDT,"12,390",$405.25,"1,893 mi",34,$0.2141
DTW,ARN,"12,389",$522.17,"3,992 mi",34,$0.1308
SAT,SGF,"12,389",$251.51,590 mi,34,$0.4263
JAX,ATH,"12,387",$750.41,"5,878 mi",34,$0.1277
CVG,BCN,"12,384",$735.98,"4,244 mi",34,$0.1734
DEN,PUB,"12,382",$60.78,106 mi,34,$0.5734
EWR,GIG,"12,381","$1,167.08","4,672 mi",34,$0.2498
AUS,ZRH,"12,380",$906.90,"5,553 mi",34,$0.1633
TPA,HRL,"12,375",$209.90,909 mi,34,$0.2309
LGA,SBA,"12,372",$408.20,"2,601 mi",34,$0.1569
ORD,BTR,"12,368",$326.73,835 mi,34,$0.3913
JFK,TAB,"12,356",$303.24,"2,119 mi",34,$0.1431
MIA,BTV,"12,356",$303.74,"1,310 mi",34,$0.2319
CLT,AMD,"12,355",$544.25,"7,811 mi",34,$0.0697
IAH,ATW,"12,354",$294.96,"1,023 mi",34,$0.2883
ATL,FCA,"12,353",$368.16,"1,894 mi",34,$0.1944
SFO,SMF,"12,350",$121.65,83 mi,34,$1.4657
SEA,MBJ,"12,344",$342.39,"3,097 mi",34,$0.1106
EWR,CID,"12,342",$327.95,886 mi,34,$0.3701
JFK,SVO,"12,342",$775.37,"4,787 mi",34,$0.1620
PHL,LIM,"12,342",$510.11,"3,479 mi",34,$0.1466
SLC,DUB,"12,340",$819.60,"4,442 mi",34,$0.1845
BWI,TYS,"12,334",$271.73,450 mi,34,$0.6038
LAS,GIG,"12,331",$742.86,"6,020 mi",34,$0.1234
SLC,CPH,"12,329",$665.98,"5,179 mi",34,$0.1286
BNA,EDI,"12,326",$476.28,"3,835 mi",34,$0.1242
PHX,FLG,"12,326",$74.34,115 mi,34,$0.6464
MIA,MAF,"12,318",$238.82,"1,431 mi",34,$0.1669
ORD,CLO,"12,315",$267.66,"2,831 mi",34,$0.0945
RDU,BLR,"12,315",$982.91,"8,453 mi",34,$0.1163
MSY,AVL,"12,308",$255.20,603 mi,34,$0.4232
DTW,CID,"12,307",$293.64,442 mi,34,$0.6643
DEN,SUX,"12,298",$167.64,451 mi,34,$0.3717
DCA,KIN,"12,297",$226.00,"1,402 mi",34,$0.1612
MCO,KOA,"12,296",$494.96,"4,821 mi",34,$0.1027
AUS,BTV,"12,291",$325.53,"1,709 mi",34,$0.1905
ORD,IDA,"12,290",$322.07,"1,189 mi",34,$0.2709
PDX,BKK,"12,289",$812.71,"7,756 mi",34,$0.1048
LGA,PHL,"12,287",$259.11,92 mi,34,$2.8164
LAX,CMN,"12,281",$669.82,"5,798 mi",34,$0.1155
ORD,ANU,"12,276",$349.04,"2,376 mi",34,$0.1469
SLC,SYD,"12,275","$1,538.12","8,261 mi",34,$0.1862
SLC,MAD,"12,274",$750.52,"5,406 mi",34,$0.1388
DTW,EUG,"12,271",$308.81,"1,933 mi",34,$0.1598
MSP,TVF,"12,267",$106.85,269 mi,34,$0.3972
PHX,AMA,"12,266",$231.27,619 mi,34,$0.3736
IAD,MEM,"12,261",$291.84,719 mi,34,$0.4059
IAH,YWG,"12,260",$265.88,"1,339 mi",34,$0.1986
MCI,JAN,"12,256",$254.38,532 mi,34,$0.4782
AUS,CHA,"12,252",$275.32,822 mi,34,$0.3349
SFO,FAT,"12,241",$152.98,153 mi,34,$0.9999
LAX,CTU,"12,231",$574.02,"7,409 mi",34,$0.0775
ORD,DPS,"12,226",$976.05,"10,037 mi",33,$0.0972
HNL,PSP,"12,225",$435.35,"2,739 mi",33,$0.1589
LAX,CSX,"12,221",$469.29,"6,766 mi",33,$0.0694
PIT,GSO,"12,221",$199.29,295 mi,33,$0.6756
PDX,GUA,"12,219",$314.19,"2,923 mi",33,$0.1075
MIA,FAT,"12,206",$310.36,"2,356 mi",33,$0.1317
CVG,TUL,"12,202",$262.29,625 mi,33,$0.4197
CLT,TLH,"12,190",$290.80,375 mi,33,$0.7755
SDF,BUF,"12,172",$229.87,478 mi,33,$0.4809
ORD,PMO,"12,164",$623.99,"4,854 mi",33,$0.1286
IAD,MRS,"12,162",$608.50,"4,250 mi",33,$0.1432
DEN,UIO,"12,160",$480.30,"3,319 mi",33,$0.1447
DEN,TLV,"12,156","$1,167.70","6,632 mi",33,$0.1761
CLE,ELP,"12,145",$296.62,"1,463 mi",33,$0.2027
DEN,DXB,"12,142","$1,647.51","7,524 mi",33,$0.2190
SLC,STS,"12,142",$177.58,615 mi,33,$0.2887
JFK,TUN,"12,141",$537.72,"4,222 mi",33,$0.1274
RDU,CID,"12,141",$244.84,832 mi,33,$0.2943
SEA,BUD,"12,139",$613.77,"5,319 mi",33,$0.1154
MCI,BCN,"12,130",$575.58,"4,950 mi",33,$0.1163
LGA,EGE,"12,124",$499.94,"1,787 mi",33,$0.2798
JFK,ABV,"12,122",$692.73,"5,505 mi",33,$0.1258
ORD,SLN,"12,119",$178.08,541 mi,33,$0.3292
BOS,BLQ,"12,112",$580.62,"4,063 mi",33,$0.1429
ORD,FOD,"12,107",$139.35,314 mi,33,$0.4438
DCA,BDA,"12,105",$289.56,850 mi,33,$0.3407
ORD,MCW,"12,103",$147.23,279 mi,33,$0.5277
SAN,ITO,"12,101",$282.18,"2,571 mi",33,$0.1098
SEA,CAI,"12,100",$515.99,"6,628 mi",33,$0.0779
MSY,BHM,"12,097",$276.96,311 mi,33,$0.8905
CLE,FRA,"12,093",$974.46,"4,254 mi",33,$0.2291
ORD,OAX,"12,089",$261.11,"1,857 mi",33,$0.1406
ATL,BON,"12,087",$399.58,"1,855 mi",33,$0.2154
DCA,MLB,"12,086",$281.03,794 mi,33,$0.3539
PDX,GSO,"12,085",$337.03,"2,363 mi",33,$0.1426
JFK,LCY,"12,077","$1,511.75","3,358 mi",33,$0.4502
ANC,CVG,"12,076",$442.74,"3,196 mi",33,$0.1385
MSY,AMM,"12,076",$600.06,"7,113 mi",33,$0.0844
SAT,AMS,"12,076",$833.48,"5,297 mi",33,$0.1573
DTW,CAE,"12,069",$293.75,602 mi,33,$0.4880
JFK,TAO,"12,063",$986.49,"7,255 mi",33,$0.1360
SAN,MOB,"12,061",$332.28,"1,753 mi",33,$0.1895
SFO,TAO,"12,051","$1,165.66","5,773 mi",33,$0.2019
MCI,MAF,"12,048",$237.63,639 mi,33,$0.3719
DAL,MHT,"12,045",$272.43,"1,497 mi",33,$0.1820
DEN,BFF,"12,044",$87.63,146 mi,33,$0.6002
JFK,TUS,"12,044",$394.50,"2,196 mi",33,$0.1796
IAH,GRB,"12,040",$320.03,"1,044 mi",33,$0.3065
JFK,BHD,"12,037",$788.89,"3,074 mi",33,$0.2566
SFO,MYR,"12,037",$290.25,"2,361 mi",33,$0.1229
MIA,VPS,"12,035",$233.27,514 mi,33,$0.4538
SEA,CAE,"12,031",$373.26,"2,247 mi",33,$0.1661
PDX,SAL,"12,029",$305.28,"2,870 mi",33,$0.1064
SAT,JAN,"12,027",$237.31,517 mi,33,$0.4590
DEN,NAP,"12,021",$664.31,"5,838 mi",33,$0.1138
MSP,MHT,"12,009",$254.27,"1,122 mi",33,$0.2266
CVG,FRA,"12,006","$1,142.69","4,480 mi",33,$0.2551
FLL,LGB,"12,001",$222.64,"2,253 mi",33,$0.0988
JAX,GSP,"12,000",$227.55,315 mi,33,$0.7224
LGA,SGF,"12,000",$322.12,"1,041 mi",33,$0.3094
SAN,FAR,"11,999",$287.11,"1,495 mi",33,$0.1920
LAX,KRK,"11,996",$684.91,"6,277 mi",33,$0.1091
LGA,HRL,"11,993",$234.78,"1,741 mi",33,$0.1349
RDU,LIM,"11,989",$353.48,"3,212 mi",33,$0.1100
SFO,KBL,"11,989",$623.02,"7,172 mi",33,$0.0869
SAT,MLM,"11,988",$109.31,667 mi,33,$0.1639
RDU,BOG,"11,986",$203.33,"2,239 mi",33,$0.0908
DCA,SBN,"11,984",$254.93,543 mi,33,$0.4695
MSP,PVG,"11,981","$1,552.11","6,539 mi",33,$0.2374
LEX,SEA,"11,980",$351.65,"1,938 mi",33,$0.1814
ATL,OSL,"11,980",$695.04,"4,279 mi",33,$0.1624
EWR,SVQ,"11,978",$459.15,"3,683 mi",33,$0.1247
MIA,ECP,"11,976",$251.26,475 mi,33,$0.5290
IAH,ABZ,"11,974","$1,423.67","4,475 mi",33,$0.3181
FLL,ASE,"11,971",$705.61,"1,736 mi",33,$0.4065
BNA,SDF,"11,969",$176.90,156 mi,33,$1.1340
PHL,GDL,"11,969",$273.51,"2,064 mi",33,$0.1325
LAX,PMO,"11,968",$750.13,"6,366 mi",33,$0.1178
MCO,VIE,"11,963",$686.16,"4,966 mi",33,$0.1382
CLE,HND,"11,962","$1,164.67","6,306 mi",33,$0.1847
CLT,MLI,"11,962",$253.32,653 mi,33,$0.3879
MCI,YUL,"11,962",$331.08,"1,114 mi",33,$0.2972
BNA,RFD,"11,961",$89.20,452 mi,33,$0.1973
DTW,PRG,"11,956",$595.95,"4,228 mi",33,$0.1410
SAT,BZN,"11,950",$272.04,"1,355 mi",33,$0.2008
SEA,CEB,"11,950",$424.28,"6,960 mi",33,$0.0610
ANC,PSG,"11,946",$333.91,695 mi,33,$0.4804
EWR,RUN,"11,944",$536.53,"8,928 mi",33,$0.0601
DCA,GIG,"11,937",$867.91,"4,932 mi",33,$0.1760
IAH,CPR,"11,936",$365.18,"1,051 mi",33,$0.3475
PDX,ZRH,"11,936",$671.30,"5,521 mi",33,$0.1216
DTW,BUD,"11,936",$588.35,"4,791 mi",33,$0.1228
HNL,HIJ,"11,932",$681.40,"4,114 mi",33,$0.1656
MIA,JAN,"11,924",$246.65,764 mi,33,$0.3228
MCI,CAE,"11,923",$276.89,814 mi,33,$0.3402
DEN,GNV,"11,920",$333.47,"1,490 mi",33,$0.2238
BOS,MSO,"11,911",$341.50,"2,051 mi",33,$0.1665
IAH,PER,"11,910","$3,551.71","10,900 mi",33,$0.3258
PDX,FSD,"11,902",$287.74,"1,236 mi",33,$0.2328
IAD,GLA,"11,900",$560.29,"3,326 mi",33,$0.1685
CVG,BZN,"11,898",$246.68,"1,464 mi",33,$0.1685
MEM,SDF,"11,885",$268.44,330 mi,33,$0.8135
STL,MDT,"11,883",$280.60,710 mi,33,$0.3952
LAS,AKL,"11,882",$934.95,"6,955 mi",33,$0.1344
JAX,RST,"11,881",$306.61,"1,066 mi",33,$0.2876
BUR,COS,"11,876",$237.16,846 mi,33,$0.2803
MCO,BGI,"11,876",$269.48,"1,705 mi",33,$0.1581
BOS,LGB,"11,875",$217.23,"2,674 mi",33,$0.0812
MEM,ABQ,"11,875",$256.31,968 mi,33,$0.2648
BWI,LIM,"11,874",$307.33,"3,431 mi",33,$0.0896
CLT,FWA,"11,874",$307.31,446 mi,33,$0.6890
CLT,GNV,"11,870",$310.69,401 mi,33,$0.7748
BOS,DUS,"11,863",$967.16,"3,659 mi",33,$0.2643
ORD,MEI,"11,863",$410.23,688 mi,33,$0.5963
PHL,EUG,"11,854",$354.68,"2,518 mi",32,$0.1409
PIT,ECP,"11,845",$243.80,744 mi,32,$0.3277
PHX,CRP,"11,844",$251.04,918 mi,32,$0.2735
IAD,BEG,"11,843",$695.93,"4,866 mi",32,$0.1430
ONT,BHM,"11,841",$304.09,"1,711 mi",32,$0.1777
HNL,SGN,"11,830",$514.88,"6,479 mi",32,$0.0795
ORD,ISB,"11,827",$667.33,"7,289 mi",32,$0.0916
BWI,ICN,"11,825",$925.78,"6,733 mi",32,$0.1375
PHX,BUD,"11,818",$583.66,"6,268 mi",32,$0.0931
IAH,DOH,"11,811","$1,271.26","8,276 mi",32,$0.1536
MCO,GVA,"11,811",$633.24,"4,572 mi",32,$0.1385
MCO,YYG,"11,790",$276.99,"1,532 mi",32,$0.1808
MSP,NAS,"11,789",$429.10,"1,678 mi",32,$0.2557
MEM,VPS,"11,785",$184.39,362 mi,32,$0.5094
PDX,PVD,"11,785",$313.06,"2,452 mi",32,$0.1277
PHX,TLV,"11,783","$1,326.45","7,204 mi",32,$0.1841
DEN,ATY,"11,781",$134.17,502 mi,32,$0.2673
JFK,JRO,"11,777","$1,089.24","7,684 mi",32,$0.1418
JFK,WUH,"11,777",$942.11,"7,251 mi",32,$0.1299
DEN,VIE,"11,776",$803.17,"5,537 mi",32,$0.1451
BOS,GNV,"11,774",$307.56,"1,044 mi",32,$0.2946
AUS,GDL,"11,771",$314.03,778 mi,32,$0.4036
IAH,BGR,"11,770",$373.17,"1,713 mi",32,$0.2178
MIA,VKO,"11,768",$856.24,"5,555 mi",32,$0.1541
BOS,HDN,"11,767",$271.53,"1,923 mi",32,$0.1412
LAX,HDN,"11,765",$238.57,785 mi,32,$0.3039
LAS,MID,"11,762",$234.43,"1,915 mi",32,$0.1224
ONT,RSW,"11,761",$297.70,"2,123 mi",32,$0.1402
PIT,XNA,"11,761",$267.91,839 mi,32,$0.3193
BOS,TLH,"11,756",$347.05,"1,142 mi",32,$0.3039
EWR,ACK,"11,754",$307.31,225 mi,32,$1.3658
JFK,FAO,"11,750",$414.51,"3,363 mi",32,$0.1233
SAN,HRL,"11,750",$235.36,"1,293 mi",32,$0.1820
STL,IND,"11,749",$248.35,221 mi,32,$1.1238
ONT,CHS,"11,748",$308.89,"2,219 mi",32,$0.1392
TPA,FSD,"11,747",$246.28,"1,296 mi",32,$0.1900
SAN,SYD,"11,745","$1,359.32","7,740 mi",32,$0.1756
ATL,AEX,"11,742",$261.42,514 mi,32,$0.5086
JFK,CWB,"11,742",$826.90,"4,982 mi",32,$0.1660
MIA,TFN,"11,741",$435.94,"3,772 mi",32,$0.1156
SAN,HKG,"11,739","$1,305.36","7,577 mi",32,$0.1723
FLL,LBE,"11,733",$161.50,953 mi,32,$0.1695
RDU,LBB,"11,727",$263.91,"1,274 mi",32,$0.2072
CLT,BOG,"11,723",$348.14,"2,087 mi",32,$0.1668
BOS,PMO,"11,720",$495.82,"4,381 mi",32,$0.1132
SAN,JAN,"11,713",$305.69,"1,622 mi",32,$0.1885
IAD,CGK,"11,712","$1,573.37","9,849 mi",32,$0.1597
LAX,CNS,"11,709","$1,166.18","6,973 mi",32,$0.1672
PIT,CAE,"11,708",$241.58,469 mi,32,$0.5151
PHX,EDI,"11,707",$634.42,"4,833 mi",32,$0.1313
LAS,YQB,"11,707",$344.40,"2,420 mi",32,$0.1423
SEA,AKN,"11,701",$592.75,"1,550 mi",32,$0.3824
ANC,OMA,"11,695",$424.63,"2,531 mi",32,$0.1678
HNL,DSM,"11,695",$524.36,"4,059 mi",32,$0.1292
CLE,SJO,"11,689",$333.09,"2,110 mi",32,$0.1579
CLT,RAP,"11,686",$272.73,"1,360 mi",32,$0.2005
SEA,AVL,"11,683",$392.35,"2,126 mi",32,$0.1845
PHL,CPH,"11,681",$594.78,"3,818 mi",32,$0.1558
ANC,CLE,"11,676",$414.24,"3,162 mi",32,$0.1310
IAD,PSC,"11,675",$433.94,"2,217 mi",32,$0.1957
SLC,GSO,"11,669",$336.11,"1,701 mi",32,$0.1976
SAN,CRP,"11,665",$271.32,"1,259 mi",32,$0.2155
BNA,MFE,"11,663",$200.26,939 mi,32,$0.2133
MCO,BUD,"11,660",$463.07,"5,410 mi",32,$0.0856
BWI,LBB,"11,659",$300.73,"1,401 mi",32,$0.2147
TPA,YYT,"11,655",$293.79,"2,032 mi",32,$0.1446
JFK,RDM,"11,650",$365.56,"2,322 mi",32,$0.1574
ANC,CUN,"11,649",$324.10,"3,941 mi",32,$0.0822
ORD,UBN,"11,644",$602.65,"6,364 mi",32,$0.0947
JFK,XMN,"11,639","$1,112.86","8,104 mi",32,$0.1373
ANC,IND,"11,635",$462.27,"2,923 mi",32,$0.1581
LAS,AZA,"11,626",$61.14,268 mi,32,$0.2281
EWR,LEX,"11,625",$291.05,568 mi,32,$0.5124
ORD,CMN,"11,624",$531.75,"4,399 mi",32,$0.1209
ORD,ALO,"11,618",$184.04,226 mi,32,$0.8143
OGG,CMH,"11,612",$502.72,"4,582 mi",32,$0.1097
RDU,DAY,"11,612",$234.31,418 mi,32,$0.5606
DCA,JAC,"11,603",$428.74,"1,716 mi",32,$0.2498
DFW,FSM,"11,597",$162.76,220 mi,32,$0.7398
LAX,SXM,"11,594",$758.71,"3,668 mi",32,$0.2068
MCO,NAP,"11,594",$626.48,"5,074 mi",32,$0.1235
DEN,SLN,"11,585",$154.28,371 mi,32,$0.4158
LGA,GRB,"11,582",$347.32,791 mi,32,$0.4391
LEX,CUN,"11,574",$259.36,"1,147 mi",32,$0.2261
TPA,ERI,"11,569",$165.07,"1,014 mi",32,$0.1628
MSP,ZIH,"11,565",$105.66,"2,002 mi",32,$0.0528
LAX,SOF,"11,561",$612.05,"6,418 mi",32,$0.0954
ORD,DAD,"11,560",$580.60,"8,547 mi",32,$0.0679
LGA,LBB,"11,559",$322.31,"1,654 mi",32,$0.1949
TPA,EZE,"11,552",$802.67,"4,475 mi",32,$0.1794
BOS,CUR,"11,552",$316.84,"2,151 mi",32,$0.1473
AUS,SYD,"11,551","$1,969.52","8,728 mi",32,$0.2257
DAL,FAT,"11,544",$234.07,"1,282 mi",32,$0.1826
JFK,SBA,"11,543",$397.89,"2,455 mi",32,$0.1621
ONT,MEX,"11,543",$265.43,"1,475 mi",32,$0.1800
DEN,MDE,"11,541",$398.63,"2,863 mi",32,$0.1392
OGG,LHR,"11,540","$1,238.34","7,445 mi",32,$0.1663
BUR,CLE,"11,537",$285.99,"2,099 mi",32,$0.1363
DCA,BGI,"11,535",$314.03,"2,141 mi",32,$0.1467
SEA,ADD,"11,529",$659.42,"8,620 mi",32,$0.0765
JAX,EYW,"11,521",$292.57,398 mi,32,$0.7351
STL,YYC,"11,518",$319.86,"1,385 mi",32,$0.2309
IAD,HAN,"11,517","$1,137.13","8,522 mi",32,$0.1334
DCA,MFE,"11,515",$324.31,"1,553 mi",32,$0.2088
HNL,MEX,"11,515",$415.49,"3,905 mi",32,$0.1064
SLC,BOG,"11,511",$343.75,"3,523 mi",32,$0.0976
IAD,MKE,"11,505",$272.82,592 mi,32,$0.4608
RDU,EDI,"11,500",$534.36,"3,782 mi",32,$0.1413
MSP,CAE,"11,499",$343.98,962 mi,32,$0.3576
PDX,SYR,"11,496",$335.47,"2,339 mi",31,$0.1434
EWR,SKB,"11,492",$353.67,"1,701 mi",31,$0.2079
SFO,BEG,"11,489",$693.72,"6,473 mi",31,$0.1072
MCO,YSJ,"11,488",$224.93,"1,483 mi",31,$0.1517
ORD,EVV,"11,487",$230.30,281 mi,31,$0.8196
SAN,MAF,"11,484",$242.81,902 mi,31,$0.2692
LAX,XPL,"11,483",$318.13,"2,275 mi",31,$0.1398
MCO,HYD,"11,482",$980.68,"8,733 mi",31,$0.1123
STL,CAE,"11,480",$250.74,594 mi,31,$0.4221
STL,MSN,"11,476",$281.73,317 mi,31,$0.8887
SEA,BET,"11,475",$518.04,"1,753 mi",31,$0.2955
BOS,DBV,"11,472",$547.06,"4,185 mi",31,$0.1307
IAH,CUR,"11,471",$513.30,"2,026 mi",31,$0.2534
IAH,PRG,"11,470",$824.73,"5,270 mi",31,$0.1565
JFK,CGO,"11,468",$752.92,"7,438 mi",31,$0.1012
RDU,SDQ,"11,465",$175.12,"1,368 mi",31,$0.1280
DCA,MAF,"11,463",$318.19,"1,445 mi",31,$0.2202
SAT,PVR,"11,458",$200.57,722 mi,31,$0.2778
DEN,PAE,"11,457",$80.79,"1,066 mi",31,$0.0758
MSP,IST,"11,451",$513.81,"5,652 mi",31,$0.0909
MIA,ROS,"11,449",$658.94,"4,125 mi",31,$0.1597
MCO,TVC,"11,437",$335.51,"1,186 mi",31,$0.2829
CVG,PSP,"11,436",$312.22,"1,742 mi",31,$0.1792
HOU,ORD,"11,435",$186.36,918 mi,31,$0.2030
CVG,MDT,"11,433",$285.00,415 mi,31,$0.6867
LAS,ROA,"11,433",$316.31,"1,997 mi",31,$0.1584
LGA,PVG,"11,430",$790.26,"7,588 mi",31,$0.1041
IAH,SDQ,"11,430",$411.64,"1,744 mi",31,$0.2360
IAD,ILM,"11,430",$219.38,314 mi,31,$0.6987
ATL,ASE,"11,429",$494.46,"1,263 mi",31,$0.3915
CLT,GGT,"11,414",$540.90,834 mi,31,$0.6486
PIT,MAD,"11,414",$634.35,"3,772 mi",31,$0.1682
BOS,CPT,"11,409","$1,136.46","7,496 mi",31,$0.1516
PHL,GUA,"11,407",$311.33,"2,036 mi",31,$0.1529
ATL,JED,"11,404",$496.06,"7,323 mi",31,$0.0677
LEX,SLC,"11,404",$366.78,"1,511 mi",31,$0.2427
FLL,GGT,"11,402",$109.98,329 mi,31,$0.3343
MIA,NBO,"11,401",$926.35,"8,179 mi",31,$0.1133
PHL,TLH,"11,400",$298.31,857 mi,31,$0.3481
EWR,SGF,"11,398",$322.21,"1,089 mi",31,$0.2959
ANC,FLL,"11,398",$568.62,"4,107 mi",31,$0.1385
RDU,SBN,"11,397",$272.02,588 mi,31,$0.4626
MIA,CGK,"11,396",$782.47,"11,332 mi",31,$0.0690
PIT,MEX,"11,394",$370.74,"1,887 mi",31,$0.1965
DEN,JMS,"11,393",$176.32,590 mi,31,$0.2988
MSP,JAN,"11,388",$336.63,858 mi,31,$0.3923
BWI,CHA,"11,379",$237.01,566 mi,31,$0.4187
DCA,DAB,"11,368",$218.26,728 mi,31,$0.2998
JFK,NQZ,"11,364",$481.88,"5,938 mi",31,$0.0812
LAX,POA,"11,359",$524.93,"6,036 mi",31,$0.0870
SEA,LBB,"11,358",$285.42,"1,471 mi",31,$0.1940
MSP,MXP,"11,354",$783.27,"4,718 mi",31,$0.1660
BOS,PNH,"11,351",$545.27,"8,441 mi",31,$0.0646
CLT,UIO,"11,351",$407.33,"2,374 mi",31,$0.1716
BOS,DAY,"11,345",$269.15,729 mi,31,$0.3692
PIT,CHA,"11,345",$257.56,478 mi,31,$0.5388
BNA,TLH,"11,344",$294.87,405 mi,31,$0.7281
PDX,KIX,"11,343",$723.12,"5,238 mi",31,$0.1381
LAS,LIR,"11,339",$320.41,"2,477 mi",31,$0.1294
LAX,SKG,"11,336",$667.18,"6,532 mi",31,$0.1021
IAH,RAP,"11,333",$296.36,"1,091 mi",31,$0.2716
PHX,DXB,"11,333","$1,243.23","8,049 mi",31,$0.1545
BOS,HAN,"11,321","$1,011.19","7,797 mi",31,$0.1297
DFW,ANU,"11,315",$352.41,"2,371 mi",31,$0.1486
IAH,BIS,"11,312",$314.65,"1,159 mi",31,$0.2715
MCO,XPL,"11,307",$213.20,"1,077 mi",31,$0.1980
SAT,PUJ,"11,297",$264.72,"1,976 mi",31,$0.1340
MSY,ILM,"11,296",$270.96,757 mi,31,$0.3579
EWR,OTP,"11,295",$551.99,"4,898 mi",31,$0.1127
MSP,MAN,"11,294",$710.63,"3,753 mi",31,$0.1893
LEX,MIA,"11,292",$339.45,909 mi,31,$0.3734
LAX,IBZ,"11,291","$1,355.74","5,918 mi",31,$0.2291
BNA,GNV,"11,290",$271.33,528 mi,31,$0.5139
SAN,CAE,"11,290",$306.70,"2,135 mi",31,$0.1437
ANC,ONT,"11,289",$382.48,"2,286 mi",31,$0.1673
BNA,PVG,"11,289","$1,087.68","7,213 mi",31,$0.1508
DFW,XWA,"11,287",$346.64,"1,083 mi",31,$0.3201
DEN,MOB,"11,286",$326.04,"1,086 mi",31,$0.3002
PIT,VCE,"11,286",$631.16,"4,551 mi",31,$0.1387
IAH,BER,"11,285",$918.62,"5,480 mi",31,$0.1676
MCO,KIN,"11,281",$272.45,757 mi,31,$0.3599
MIA,HSV,"11,281",$284.72,745 mi,31,$0.3822
PDX,LIR,"11,278",$337.67,"3,158 mi",31,$0.1069
LAS,YYT,"11,275",$416.66,"3,315 mi",31,$0.1257
IAH,YYT,"11,273",$725.17,"2,477 mi",31,$0.2928
SJC,RSW,"11,270",$382.09,"2,524 mi",31,$0.1514
SLC,ATW,"11,264",$364.04,"1,250 mi",31,$0.2912
BNA,EYW,"11,264",$279.03,825 mi,31,$0.3382
RDU,MXP,"11,261",$918.80,"4,531 mi",31,$0.2028
SLC,GJT,"11,253",$237.59,210 mi,31,$1.1314
JFK,BDS,"11,252",$466.63,"4,422 mi",31,$0.1055
MEM,ELP,"11,250",$284.84,943 mi,31,$0.3021
BUR,IAH,"11,249",$274.74,"1,416 mi",31,$0.1940
LGA,MAF,"11,247",$315.34,"1,731 mi",31,$0.1822
IAD,TAS,"11,247",$856.58,"6,318 mi",31,$0.1356
MCI,LIT,"11,244",$256.53,334 mi,31,$0.7681
BOS,SBP,"11,243",$419.61,"2,599 mi",31,$0.1615
MEM,FAT,"11,243",$310.59,"1,712 mi",31,$0.1814
BOS,STX,"11,241",$270.55,"1,691 mi",31,$0.1600
MSP,MLB,"11,241",$264.11,"1,310 mi",31,$0.2016
EWR,HAV,"11,237",$496.86,"1,353 mi",31,$0.3672
AUS,MDE,"11,233",$208.83,"2,135 mi",31,$0.0978
MSP,PRG,"11,233",$502.64,"4,705 mi",31,$0.1068
MCO,BLR,"11,233","$1,041.97","8,959 mi",31,$0.1163
FLL,ATH,"11,228",$680.29,"6,006 mi",31,$0.1133
CLE,HSV,"11,223",$239.01,555 mi,31,$0.4306
FLL,GRU,"11,220",$538.60,"3,972 mi",31,$0.1356
PHX,BOG,"11,220",$467.41,"3,233 mi",31,$0.1446
MIA,VIX,"11,219",$493.32,"4,287 mi",31,$0.1151
CVG,PIT,"11,217",$272.49,248 mi,31,$1.0988
PDX,SIN,"11,216","$1,647.77","7,884 mi",31,$0.2090
DTW,EDI,"11,214",$573.95,"3,632 mi",31,$0.1580
SDF,ALB,"11,212",$245.86,681 mi,31,$0.3610
MCO,MEL,"11,211","$1,598.72","10,009 mi",31,$0.1597
DEN,CHO,"11,208",$332.09,"1,450 mi",31,$0.2290
MSY,SRQ,"11,200",$245.74,515 mi,31,$0.4772
AUS,ILM,"11,198",$288.36,"1,223 mi",31,$0.2358
LGA,ORH,"11,198",$134.00,142 mi,31,$0.9437
HNL,FAI,"11,193",$550.25,"3,130 mi",31,$0.1758
ONT,EUG,"11,191",$243.72,734 mi,31,$0.3320
CLT,KOA,"11,188",$473.93,"4,483 mi",31,$0.1057
HNL,PVD,"11,187",$588.16,"4,924 mi",31,$0.1194
BNA,SGF,"11,181",$285.00,369 mi,31,$0.7724
RDU,CHA,"11,180",$257.49,355 mi,31,$0.7253
PHX,SAL,"11,179",$304.19,"2,057 mi",31,$0.1479
PHX,LFT,"11,179",$297.07,"1,159 mi",31,$0.2563
ATL,AMM,"11,176",$508.81,"6,290 mi",31,$0.0809
DFW,ABE,"11,176",$337.00,"1,266 mi",31,$0.2662
JFK,TRN,"11,176",$464.10,"3,832 mi",31,$0.1211
TPA,JAC,"11,173",$394.57,"1,842 mi",31,$0.2142
SEA,JAN,"11,172",$310.27,"2,041 mi",31,$0.1520
SJC,MEX,"11,171",$213.94,"1,907 mi",31,$0.1122
CVG,MHT,"11,168",$205.68,761 mi,31,$0.2703
SFO,SDQ,"11,162",$365.41,"3,530 mi",31,$0.1035
SFO,EGE,"11,155",$442.60,821 mi,31,$0.5391
MSP,GRU,"11,154","$1,228.08","5,730 mi",31,$0.2143
LAX,HAV,"11,154",$320.81,"2,231 mi",31,$0.1438
LAX,TVC,"11,153",$457.84,"1,833 mi",31,$0.2498
IAD,ROB,"11,148",$594.72,"4,863 mi",31,$0.1223
ATL,PEK,"11,146",$938.91,"6,954 mi",31,$0.1350
ATL,NRT,"11,135",$985.00,"7,041 mi",31,$0.1399
BOS,SHA,"11,129","$1,194.36","7,075 mi",30,$0.1688
DAL,PBI,"11,128",$246.32,"1,057 mi",30,$0.2330
AUS,MXP,"11,126",$836.05,"5,630 mi",30,$0.1485
AUS,JAC,"11,125",$357.73,"1,207 mi",30,$0.2964
BOS,LYS,"11,123",$700.08,"3,529 mi",30,$0.1984
BWI,STT,"11,122",$376.18,"1,553 mi",30,$0.2422
EWR,RDM,"11,120",$454.73,"2,445 mi",30,$0.1860
SLC,CAE,"11,119",$436.88,"1,801 mi",30,$0.2426
DEN,BNE,"11,118","$1,860.50","7,776 mi",30,$0.2393
DTW,MAN,"11,118",$865.99,"3,742 mi",30,$0.2314
BNA,LIR,"11,115",$388.07,"1,818 mi",30,$0.2135
BOS,AGS,"11,112",$367.74,835 mi,30,$0.4404
ONT,BZN,"11,111",$194.60,904 mi,30,$0.2153
PHL,HHH,"11,111",$254.56,628 mi,30,$0.4054
ATL,ADD,"11,110",$464.86,"7,463 mi",30,$0.0623
DFW,BGR,"11,110",$295.76,"1,663 mi",30,$0.1778
FLL,YQM,"11,110",$347.07,"1,576 mi",30,$0.2202
JFK,ROB,"11,110",$382.82,"4,416 mi",30,$0.0867
LGA,LIM,"11,109",$405.43,"3,764 mi",30,$0.1077
BWI,HRL,"11,108",$237.92,"1,462 mi",30,$0.1627
MSY,HND,"11,103","$1,301.28","7,068 mi",30,$0.1841
IAD,UBN,"11,099",$772.37,"6,255 mi",30,$0.1235
TPA,AUA,"11,099",$384.71,"1,380 mi",30,$0.2788
DFW,YWG,"11,095",$416.58,"1,140 mi",30,$0.3654
TPA,EDI,"11,094",$569.65,"4,356 mi",30,$0.1308
SFO,CHC,"11,088",$997.55,"7,134 mi",30,$0.1398
CLE,TLV,"11,081",$938.80,"5,783 mi",30,$0.1623
PHL,JAN,"11,074",$281.50,948 mi,30,$0.2969
SEA,OME,"11,072",$552.29,"2,040 mi",30,$0.2707
CLT,PRG,"11,071",$532.61,"4,749 mi",30,$0.1122
BNA,DAB,"11,068",$273.56,563 mi,30,$0.4859
MSY,ICT,"11,066",$253.23,650 mi,30,$0.3896
DFW,RTB,"11,062",$601.53,"1,360 mi",30,$0.4423
SFO,YLW,"11,062",$260.90,891 mi,30,$0.2928
EWR,ZAG,"11,061",$458.05,"4,176 mi",30,$0.1097
JFK,LCG,"11,060",$767.24,"3,375 mi",30,$0.2273
RDU,ORF,"11,057",$319.83,155 mi,30,$2.0634
PHL,LGB,"11,056",$239.75,"2,314 mi",30,$0.1036
ANC,FAT,"11,055",$480.13,"2,071 mi",30,$0.2318
MSP,SAL,"11,054",$355.94,"2,120 mi",30,$0.1679
LAX,ATW,"11,052",$343.66,"1,793 mi",30,$0.1917
DFW,NAP,"11,051",$770.33,"5,896 mi",30,$0.1307
CLT,MLB,"11,051",$285.58,477 mi,30,$0.5987
RDU,TLH,"11,050",$282.69,482 mi,30,$0.5865
DTW,SCL,"11,050",$985.11,"5,443 mi",30,$0.1810
MEM,ALB,"11,049",$264.23,"1,048 mi",30,$0.2521
SLC,MBJ,"11,049",$355.96,"2,609 mi",30,$0.1364
IAD,SJD,"11,046",$333.87,"2,247 mi",30,$0.1486
LAX,MVD,"11,040",$775.30,"6,418 mi",30,$0.1208
DFW,UIO,"11,033",$353.59,"2,507 mi",30,$0.1410
TPA,BOM,"11,028",$638.13,"8,528 mi",30,$0.0748
MSY,FRA,"11,017",$586.57,"5,172 mi",30,$0.1134
LGA,FCA,"11,011",$431.44,"1,969 mi",30,$0.2191
AUS,FSD,"11,008",$281.95,954 mi,30,$0.2955
SEA,FLR,"11,008",$766.54,"5,692 mi",30,$0.1347
DAL,ROC,"11,007",$259.98,"1,220 mi",30,$0.2131
SAT,GPT,"11,007",$214.98,549 mi,30,$0.3916
BOS,TER,"11,006",$236.35,"2,362 mi",30,$0.1001
ATL,DOH,"11,005",$767.20,"7,670 mi",30,$0.1000
BOS,FWA,"11,002",$300.82,759 mi,30,$0.3963
LGA,MDE,"11,001",$216.56,"2,465 mi",30,$0.0879
PHX,PLS,"11,000",$413.45,"2,622 mi",30,$0.1577
SDF,ROC,"10,995",$230.87,559 mi,30,$0.4130
MCO,BRO,"10,994",$287.02,"1,035 mi",30,$0.2773
TPA,CPH,"10,991",$506.38,"4,981 mi",30,$0.1017
DTW,DAB,"10,988",$265.88,936 mi,30,$0.2841
IAD,KUL,"10,987","$1,142.10","9,842 mi",30,$0.1160
BNA,BTR,"10,986",$274.43,478 mi,30,$0.5741
ORD,SUX,"10,986",$222.36,448 mi,30,$0.4963
SJC,DSM,"10,981",$314.04,"1,574 mi",30,$0.1995
MSP,MTY,"10,981",$449.40,"1,415 mi",30,$0.3176
DCA,CBB,"10,978",$462.40,"4,070 mi",30,$0.1136
SFO,TVC,"10,977",$415.32,"2,017 mi",30,$0.2059
IAH,TIJ,"10,976",$351.33,"1,248 mi",30,$0.2815
JAX,GEG,"10,976",$320.23,"2,296 mi",30,$0.1395
CVG,ECP,"10,974",$237.31,622 mi,30,$0.3815
IAD,LPB,"10,972",$510.79,"3,762 mi",30,$0.1358
DCA,MLI,"10,972",$242.15,711 mi,30,$0.3406
SFO,KHI,"10,971",$748.51,"7,830 mi",30,$0.0956
DFW,YUM,"10,965",$283.93,988 mi,30,$0.2874
SAN,BOG,"10,962",$405.45,"3,481 mi",30,$0.1165
TPA,BUD,"10,962",$502.40,"5,486 mi",30,$0.0916
BOS,CHO,"10,956",$230.74,504 mi,30,$0.4578
STL,ICN,"10,951","$1,062.30","6,473 mi",30,$0.1641
DFW,MED,"10,951",$477.45,"7,325 mi",30,$0.0652
CLE,LIR,"10,949",$354.65,"2,077 mi",30,$0.1708
IAH,IDA,"10,949",$342.34,"1,350 mi",30,$0.2536
DCA,HRL,"10,948",$247.70,"1,434 mi",30,$0.1727
FLL,ICN,"10,947","$1,188.55","7,487 mi",30,$0.1587
ANC,YYC,"10,946",$380.05,"1,477 mi",30,$0.2573
IAH,MSO,"10,946",$307.77,"1,494 mi",30,$0.2060
RDU,MDT,"10,946",$243.58,308 mi,30,$0.7908
OGG,RDU,"10,943",$602.68,"4,854 mi",30,$0.1242
DFW,LHE,"10,941",$634.25,"8,190 mi",30,$0.0774
SFO,KRK,"10,941","$1,054.86","5,775 mi",30,$0.1827
DEN,DDC,"10,940",$153.89,283 mi,30,$0.5438
SDF,COS,"10,938",$251.03,994 mi,30,$0.2525
JAX,ILG,"10,934",$162.02,699 mi,30,$0.2318
JAX,YVR,"10,934",$432.36,"2,583 mi",30,$0.1674
CLT,GRB,"10,932",$304.07,723 mi,30,$0.4206
CLE,YYC,"10,932",$351.19,"1,709 mi",30,$0.2055
LAX,SBN,"10,930",$377.68,"1,875 mi",30,$0.2014
RDU,FSD,"10,930",$244.45,"1,056 mi",30,$0.2315
PHL,MNL,"10,929","$1,126.16","8,792 mi",30,$0.1281
RDU,PLS,"10,928",$316.13,"1,019 mi",30,$0.3102
IAD,DSM,"10,927",$300.70,898 mi,30,$0.3349
CVG,ELP,"10,926",$295.03,"1,358 mi",30,$0.2173
SEA,YWG,"10,921",$247.88,"1,116 mi",30,$0.2221
DTW,ELM,"10,919",$221.36,321 mi,30,$0.6896
ORD,MGA,"10,919",$319.92,"2,002 mi",30,$0.1598
SAN,BKK,"10,919",$890.00,"8,116 mi",30,$0.1097
SAN,AVL,"10,915",$305.15,"2,040 mi",30,$0.1496
BOS,GYE,"10,913",$346.69,"3,032 mi",30,$0.1143
LGA,GYE,"10,910",$151.41,"2,900 mi",30,$0.0522
EWR,SBP,"10,907",$438.32,"2,454 mi",30,$0.1786
JAX,HPN,"10,900",$180.97,882 mi,30,$0.2052
IAH,CEB,"10,898",$624.65,"8,359 mi",30,$0.0747
DCA,CRP,"10,897",$274.41,"1,361 mi",30,$0.2016
CLT,FCA,"10,894",$298.64,"1,978 mi",30,$0.1510
JAX,MBJ,"10,894",$231.15,836 mi,30,$0.2765
BNA,KOA,"10,894",$414.97,"4,424 mi",30,$0.0938
SFO,NGO,"10,890","$1,050.56","5,152 mi",30,$0.2039
MIA,CID,"10,889",$274.99,"1,327 mi",30,$0.2072
JAX,AMS,"10,887",$730.85,"4,307 mi",30,$0.1697
SEA,AKL,"10,886","$1,095.94","7,215 mi",30,$0.1519
DFW,IKA,"10,886",$527.45,"7,068 mi",30,$0.0746
SDF,TUS,"10,879",$281.29,"1,435 mi",30,$0.1960
DFW,AMD,"10,873",$674.25,"8,254 mi",30,$0.0817
LGA,SCL,"10,873",$838.66,"4,974 mi",30,$0.1686
PHX,MLI,"10,866",$309.99,"1,337 mi",30,$0.2319
PHX,SHV,"10,866",$282.21,"1,087 mi",30,$0.2596
LAX,STR,"10,863",$921.79,"5,705 mi",30,$0.1616
PHX,DLH,"10,857",$293.84,"1,349 mi",30,$0.2178
MSY,ATH,"10,850",$759.95,"5,927 mi",30,$0.1282
JAX,CRP,"10,846",$273.39,"1,001 mi",30,$0.2731
IAH,KIX,"10,842","$1,344.01","6,692 mi",30,$0.2008
JAX,ICT,"10,841",$263.55,995 mi,30,$0.2649
CVG,LIT,"10,837",$251.75,498 mi,30,$0.5055
STL,MUC,"10,835",$648.96,"4,623 mi",30,$0.1404
JFK,PUS,"10,831","$1,069.98","7,213 mi",30,$0.1483
MDW,IND,"10,827",$107.13,157 mi,30,$0.6824
DAL,BZN,"10,824",$294.09,"1,137 mi",30,$0.2587
LAS,BTR,"10,823",$301.51,"1,391 mi",30,$0.2168
PIT,ICN,"10,821","$1,085.95","6,995 mi",30,$0.1552
MDW,HRL,"10,816",$199.43,"1,177 mi",30,$0.1694
LGA,GNV,"10,812",$287.44,873 mi,30,$0.3293
ORD,LYS,"10,808",$665.66,"4,231 mi",30,$0.1573
HNL,CAN,"10,807",$471.39,"5,404 mi",30,$0.0872
EWR,TFS,"10,802",$455.85,"3,237 mi",30,$0.1408
MCI,ATW,"10,799",$306.40,455 mi,30,$0.6734
LAX,YXE,"10,799",$246.17,"1,345 mi",30,$0.1830
MSP,XWA,"10,797",$231.13,534 mi,30,$0.4328
BOS,YYT,"10,793",$351.69,931 mi,30,$0.3778
ATL,XPL,"10,792",$321.70,"1,379 mi",30,$0.2333
DCA,SAL,"10,789",$301.07,"1,846 mi",30,$0.1631
MIA,HRL,"10,787",$231.08,"1,046 mi",30,$0.2209
PHX,GRU,"10,783","$1,043.32","6,005 mi",30,$0.1737
SEA,JNB,"10,780","$1,251.40","10,572 mi",30,$0.1184
PIT,SJD,"10,778",$305.59,"2,152 mi",30,$0.1420
SAN,PVG,"10,778","$1,307.71","6,383 mi",30,$0.2049
JAX,BZN,"10,776",$328.57,"1,844 mi",30,$0.1782
DFW,CVN,"10,773",$108.81,352 mi,30,$0.3091
DTW,VIE,"10,772",$851.86,"4,389 mi",30,$0.1941
SLC,SCF,"10,772",$291.28,493 mi,30,$0.5908
MIA,GDN,"10,771",$629.37,"4,966 mi",30,$0.1267
CLE,ILM,"10,767",$217.03,554 mi,29,$0.3918
MSP,EYW,"10,761",$368.89,"1,590 mi",29,$0.2320
CLT,MOB,"10,756",$265.84,542 mi,29,$0.4905
SAN,MEX,"10,754",$323.74,"1,405 mi",29,$0.2304
LAX,FWA,"10,754",$328.90,"1,817 mi",29,$0.1810
SLC,TPE,"10,752",$881.25,"6,547 mi",29,$0.1346
LEX,YYZ,"10,751",$306.55,454 mi,29,$0.6752
SLC,ZRH,"10,746",$900.66,"5,494 mi",29,$0.1639
BWI,BZE,"10,737",$253.19,"1,600 mi",29,$0.1582
JFK,TFU,"10,732",$970.54,"7,307 mi",29,$0.1328
BWI,YYZ,"10,730",$208.72,357 mi,29,$0.5846
CVG,DUB,"10,726",$651.55,"3,786 mi",29,$0.1721
JFK,FUK,"10,724","$1,051.09","7,293 mi",29,$0.1441
PDX,PUJ,"10,723",$332.65,"3,703 mi",29,$0.0898
IAH,GJT,"10,721",$305.39,"1,008 mi",29,$0.3030
SAN,BIL,"10,721",$241.27,983 mi,29,$0.2454
DTW,PLS,"10,712",$481.25,"1,598 mi",29,$0.3012
SFO,BZE,"10,712",$391.67,"2,409 mi",29,$0.1626
LAS,ARN,"10,710",$477.07,"5,461 mi",29,$0.0874
DTW,MHT,"10,708",$233.39,590 mi,29,$0.3956
MCO,TPE,"10,706","$1,067.99","8,700 mi",29,$0.1228
TPA,FWA,"10,705",$264.50,884 mi,29,$0.2992
MSP,ROA,"10,700",$374.36,837 mi,29,$0.4473
STL,EUG,"10,700",$293.52,"1,677 mi",29,$0.1750
EWR,VNO,"10,695",$271.92,"4,458 mi",29,$0.0610
RDU,SGN,"10,678",$650.14,"9,466 mi",29,$0.0687
FLL,MAO,"10,677",$316.12,"2,346 mi",29,$0.1347
JFK,BGO,"10,671",$599.27,"3,586 mi",29,$0.1671
BNA,GRU,"10,663","$1,116.68","5,026 mi",29,$0.2222
IAD,TIA,"10,659",$636.14,"4,977 mi",29,$0.1278
IAD,BSL,"10,654",$626.87,"3,976 mi",29,$0.1577
DFW,MGA,"10,651",$225.08,"1,542 mi",29,$0.1460
DEN,FLR,"10,650",$796.71,"5,575 mi",29,$0.1429
TPA,AGS,"10,647",$276.41,363 mi,29,$0.7615
LGA,FSD,"10,644",$327.29,"1,218 mi",29,$0.2687
DEN,AGS,"10,643",$340.07,"1,372 mi",29,$0.2479
JFK,SMR,"10,641",$332.91,"1,979 mi",29,$0.1682
SFO,NKG,"10,640",$826.18,"6,042 mi",29,$0.1367
TPA,SHV,"10,639",$251.53,719 mi,29,$0.3498
ANC,TUS,"10,631",$425.33,"2,738 mi",29,$0.1553
ATL,MLU,"10,629",$255.42,460 mi,29,$0.5553
SLC,DAY,"10,624",$366.66,"1,501 mi",29,$0.2443
MCO,FAI,"10,614",$489.15,"3,657 mi",29,$0.1338
IAH,NCE,"10,613","$1,112.26","5,547 mi",29,$0.2005
MIA,TLS,"10,609",$625.05,"4,750 mi",29,$0.1316
SAN,YOW,"10,607",$424.58,"2,290 mi",29,$0.1854
BNA,FCA,"10,606",$305.39,"1,679 mi",29,$0.1819
MCO,ITM,"10,601","$1,242.41","7,230 mi",29,$0.1718
TPA,AMM,"10,601",$572.29,"6,463 mi",29,$0.0885
CLT,MAA,"10,596",$697.04,"9,151 mi",29,$0.0762
BOS,CAN,"10,594",$782.71,"8,122 mi",29,$0.0964
DCA,BZE,"10,588",$216.83,"1,572 mi",29,$0.1379
JFK,OKA,"10,585",$924.04,"7,847 mi",29,$0.1178
DEN,HOB,"10,580",$203.81,517 mi,29,$0.3942
MCO,JAC,"10,578",$435.88,"1,992 mi",29,$0.2188
SDF,CAE,"10,578",$277.14,378 mi,29,$0.7332
BNA,AGS,"10,577",$266.27,318 mi,29,$0.8373
DTW,SLP,"10,573",$509.39,"1,763 mi",29,$0.2889
LGA,GUA,"10,563",$244.06,"2,006 mi",29,$0.1217
SFO,CMN,"10,561",$672.94,"5,807 mi",29,$0.1159
ORD,PMI,"10,560",$903.62,"4,640 mi",29,$0.1947
DTW,ROA,"10,559",$311.98,393 mi,29,$0.7938
JFK,PNH,"10,559",$963.26,"9,095 mi",29,$0.1059
STL,HRL,"10,559",$207.68,992 mi,29,$0.2094
TPA,ROA,"10,556",$261.84,683 mi,29,$0.3834
SFO,CHA,"10,555",$393.19,"2,126 mi",29,$0.1849
PHX,AUA,"10,554",$500.42,"2,919 mi",29,$0.1714
MCO,IST,"10,550",$614.80,"5,696 mi",29,$0.1079
LAX,GUM,"10,546","$1,923.47","5,899 mi",29,$0.3261
CLE,OAK,"10,545",$254.69,"2,082 mi",29,$0.1223
JFK,FAI,"10,543",$460.59,"3,367 mi",29,$0.1368
SLC,JAN,"10,542",$341.57,"1,304 mi",29,$0.2619
SAN,CPH,"10,535",$659.23,"5,484 mi",29,$0.1202
SEA,WAW,"10,530",$783.86,"5,378 mi",29,$0.1458
PHL,PVR,"10,529",$316.20,"2,144 mi",29,$0.1475
PHX,JNU,"10,528",$426.91,"2,074 mi",29,$0.2058
ORD,SAP,"10,528",$235.51,"1,778 mi",29,$0.1325
JAX,LEX,"10,527",$261.64,563 mi,29,$0.4647
LAX,ZAG,"10,525",$573.80,"6,054 mi",29,$0.0948
MEM,TUS,"10,520",$297.53,"1,258 mi",29,$0.2365
SLC,ILM,"10,516",$451.95,"1,851 mi",29,$0.2442
FLL,BCN,"10,512",$499.87,"4,810 mi",29,$0.1039
ONT,YVR,"10,512",$267.07,"1,051 mi",29,$0.2541
IAD,TUL,"10,510",$296.95,"1,056 mi",29,$0.2812
DEN,JNB,"10,508","$1,434.79","9,873 mi",29,$0.1453
JFK,LJU,"10,508",$614.28,"4,333 mi",29,$0.1418
DCA,POS,"10,507",$298.25,"2,244 mi",29,$0.1329
CVG,BTV,"10,499",$267.24,722 mi,29,$0.3701
CVG,ICT,"10,498",$254.09,677 mi,29,$0.3753
AUS,TLV,"10,498","$1,378.14","7,347 mi",29,$0.1876
JFK,BAQ,"10,497",$289.41,"2,118 mi",29,$0.1366
AUS,MAA,"10,494",$781.33,"9,166 mi",29,$0.0852
DEN,MEL,"10,493","$2,127.04","9,051 mi",29,$0.2350
DTW,TPE,"10,492","$1,037.75","7,755 mi",29,$0.1338
JFK,NTE,"10,492",$493.78,"3,387 mi",29,$0.1458
SAT,YYC,"10,492",$314.22,"1,744 mi",29,$0.1802
IAH,MEL,"10,487","$2,070.25","9,270 mi",29,$0.2233
TPA,CTG,"10,487",$172.20,"1,333 mi",29,$0.1292
MDW,FAT,"10,486",$234.52,"1,682 mi",29,$0.1394
PHX,YXX,"10,484",$211.16,"1,165 mi",29,$0.1813
ATL,GGT,"10,483",$352.71,893 mi,29,$0.3950
FLL,FWA,"10,482",$235.61,"1,038 mi",29,$0.2270
MIA,OGG,"10,476",$751.92,"4,631 mi",29,$0.1624
SAN,BER,"10,476",$906.66,"6,023 mi",29,$0.1505
ORD,WRO,"10,469",$469.01,"4,446 mi",29,$0.1055
DTW,MQT,"10,464",$246.30,359 mi,29,$0.6861
HOU,GEG,"10,459",$313.80,"1,665 mi",29,$0.1885
PIT,LGB,"10,451",$216.28,"2,057 mi",29,$0.1051
STL,SBA,"10,451",$306.29,"1,605 mi",29,$0.1908
BNA,MXP,"10,450",$850.93,"4,583 mi",29,$0.1857
RDU,TPE,"10,447","$1,091.81","7,786 mi",29,$0.1402
LAX,KHI,"10,445",$837.82,"8,103 mi",29,$0.1034
SFO,CNX,"10,444",$615.29,"7,935 mi",29,$0.0775
HNL,PNS,"10,443",$619.86,"4,242 mi",29,$0.1461
SFO,MZT,"10,441",$186.07,"1,423 mi",29,$0.1308
ORD,CRK,"10,441",$478.97,"7,847 mi",29,$0.0610
EWR,KIX,"10,438","$1,150.39","6,711 mi",29,$0.1714
ORD,AGS,"10,437",$307.16,697 mi,29,$0.4407
DEN,ADD,"10,429",$516.13,"8,083 mi",29,$0.0639
IAD,ABJ,"10,429","$1,173.28","5,259 mi",29,$0.2231
PHL,PVG,"10,429","$1,285.00","7,632 mi",29,$0.1684
LAS,SCL,"10,425",$839.55,"5,757 mi",29,$0.1458
DFW,GTF,"10,421",$294.18,"1,294 mi",29,$0.2273
JFK,PKX,"10,416",$645.18,"6,656 mi",29,$0.0969
AUS,MNL,"10,409",$952.68,"8,668 mi",29,$0.1099
OGG,MKE,"10,409",$439.39,"4,051 mi",29,$0.1085
FLL,FRA,"10,407",$364.13,"4,660 mi",29,$0.0781
SFO,PER,"10,406","$1,604.68","9,429 mi",29,$0.1702
ORD,VER,"10,403",$193.75,"1,601 mi",29,$0.1210
PHX,GTF,"10,403",$304.95,"1,000 mi",29,$0.3050
OGG,ABQ,"10,403",$407.35,"3,253 mi",29,$0.1252
MSP,DEL,"10,402",$930.35,"7,105 mi",28,$0.1309
SEA,CHA,"10,400",$326.64,"2,148 mi",28,$0.1521
LAX,STI,"10,398",$355.68,"2,994 mi",28,$0.1188
PDX,YEG,"10,398",$250.90,688 mi,28,$0.3647
BOS,MSS,"10,394",$97.32,270 mi,28,$0.3604
IAD,DUS,"10,391",$719.21,"3,844 mi",28,$0.1871
DFW,GTR,"10,386",$276.12,475 mi,28,$0.5813
TPA,CRP,"10,382",$281.61,887 mi,28,$0.3175
PHL,BUD,"10,378",$501.00,"4,318 mi",28,$0.1160
MIA,YYT,"10,375",$365.26,"2,187 mi",28,$0.1670
IAD,MCN,"10,370",$135.31,570 mi,28,$0.2374
MSP,BER,"10,367",$614.65,"4,573 mi",28,$0.1344
IAH,LIH,"10,364",$551.94,"3,845 mi",28,$0.1435
PHL,FAR,"10,363",$264.68,"1,147 mi",28,$0.2308
BWI,MEX,"10,349",$292.31,"1,965 mi",28,$0.1488
SDF,GSP,"10,348",$229.33,290 mi,28,$0.7908
DFW,ADD,"10,343",$447.65,"8,588 mi",28,$0.0521
SFO,SHE,"10,334",$531.45,"5,734 mi",28,$0.0927
JFK,CRK,"10,327",$650.72,"8,725 mi",28,$0.0746
ORD,XPL,"10,322",$322.52,"1,844 mi",28,$0.1749
LEX,MYR,"10,316",$184.14,425 mi,28,$0.4333
BNA,JAC,"10,312",$339.33,"1,411 mi",28,$0.2405
SLC,BKK,"10,310",$752.88,"8,373 mi",28,$0.0899
ORD,BNE,"10,308","$1,604.69","9,170 mi",28,$0.1750
ORD,STI,"10,301",$239.43,"1,916 mi",28,$0.1250
LAX,GPT,"10,295",$342.48,"1,779 mi",28,$0.1925
LAX,UBN,"10,293",$555.00,"5,959 mi",28,$0.0931
PIT,SJO,"10,287",$326.14,"2,057 mi",28,$0.1586
DCA,ANU,"10,285",$525.23,"1,812 mi",28,$0.2899
LAS,DAB,"10,284",$388.11,"2,090 mi",28,$0.1857
IAH,VSA,"10,282",$385.89,818 mi,28,$0.4717
PIT,JAN,"10,281",$302.77,810 mi,28,$0.3738
BWI,KOA,"10,279",$530.04,"4,668 mi",28,$0.1135
BOS,FSD,"10,278",$344.15,"1,260 mi",28,$0.2731
CVG,SJO,"10,278",$417.16,"2,068 mi",28,$0.2017
AUS,BTR,"10,272",$233.23,377 mi,28,$0.6186
CVG,QRO,"10,271",$384.07,"1,525 mi",28,$0.2518
BOS,ITM,"10,270","$2,190.34","7,056 mi",28,$0.3104
SFO,CKG,"10,261",$762.92,"6,604 mi",28,$0.1155
MSY,MAD,"10,256",$592.57,"4,891 mi",28,$0.1212
LAS,LFT,"10,255",$348.47,"1,354 mi",28,$0.2574
JFK,CTS,"10,253","$1,531.54","6,451 mi",28,$0.2374
TPA,ATW,"10,246",$268.54,"1,208 mi",28,$0.2223
ATL,KHI,"10,234",$543.01,"8,221 mi",28,$0.0661
IAH,LHE,"10,231",$662.52,"7,890 mi",28,$0.0840
IAD,CLO,"10,229",$281.45,"2,374 mi",28,$0.1186
LAX,STT,"10,222",$507.20,"3,341 mi",28,$0.1518
SLC,CHA,"10,221",$379.24,"1,461 mi",28,$0.2596
PDX,LIS,"10,220",$621.72,"5,140 mi",28,$0.1210
ATL,MSO,"10,219",$323.42,"1,743 mi",28,$0.1856
SLC,MFE,"10,210",$284.15,"1,242 mi",28,$0.2288
MEM,SJD,"10,206",$308.21,"1,486 mi",28,$0.2074
CLT,ICN,"10,205","$1,050.54","7,329 mi",28,$0.1433
TPA,CAI,"10,205",$493.93,"6,708 mi",28,$0.0736
MSP,MNL,"10,204",$820.30,"8,039 mi",28,$0.1020
DEN,AKL,"10,202","$1,298.67","7,583 mi",28,$0.1713
MIA,LBB,"10,201",$271.11,"1,356 mi",28,$0.1999
SFO,XMN,"10,191",$743.86,"6,420 mi",28,$0.1159
PHL,BOM,"10,190",$956.56,"7,638 mi",28,$0.1252
MEM,RNO,"10,190",$342.66,"1,609 mi",28,$0.2130
SFO,XIY,"10,190",$750.25,"6,668 mi",28,$0.1125
IAD,TUN,"10,189",$648.39,"4,443 mi",28,$0.1459
CLT,BKK,"10,183",$753.16,"8,784 mi",28,$0.0857
MSP,SCL,"10,182","$1,074.46","5,756 mi",28,$0.1867
DTW,BER,"10,179",$670.80,"4,372 mi",28,$0.1534
CLE,CAE,"10,179",$228.43,534 mi,28,$0.4278
IAH,MED,"10,174",$486.88,"7,404 mi",28,$0.0658
SAN,BTV,"10,174",$386.39,"2,552 mi",28,$0.1514
SFO,PMI,"10,174",$883.55,"6,253 mi",28,$0.1413
LAX,CMB,"10,171",$981.15,"9,072 mi",28,$0.1082
DCA,RAP,"10,164",$280.58,"1,430 mi",28,$0.1962
DCA,SAF,"10,163",$401.51,"1,654 mi",28,$0.2428
MCO,BGA,"10,156",$242.53,"1,611 mi",28,$0.1505
DTW,SBA,"10,154",$356.47,"2,094 mi",28,$0.1702
SFO,STR,"10,143","$1,151.95","5,950 mi",28,$0.1936
JAX,JAN,"10,143",$264.72,495 mi,28,$0.5348
CLT,BER,"10,141",$622.78,"4,646 mi",28,$0.1340
IAH,MLI,"10,141",$299.73,812 mi,28,$0.3691
LAS,QRO,"10,140",$251.86,"1,358 mi",28,$0.1855
JFK,CTU,"10,139",$928.29,"7,289 mi",28,$0.1274
ORD,MAF,"10,134",$338.10,"1,017 mi",28,$0.3324
SAT,FSD,"10,134",$264.23,946 mi,28,$0.2793
MIA,KRK,"10,133",$557.41,"5,130 mi",28,$0.1087
MSP,MFE,"10,132",$265.25,"1,362 mi",28,$0.1948
PHX,PRG,"10,124",$716.66,"5,972 mi",28,$0.1200
MCI,HSV,"10,123",$270.71,527 mi,28,$0.5137
PDX,SYD,"10,123","$1,216.56","7,909 mi",28,$0.1538
CLT,FAR,"10,117",$309.58,"1,187 mi",28,$0.2608
MSP,DAY,"10,117",$284.71,590 mi,28,$0.4826
MSY,CAE,"10,117",$264.23,619 mi,28,$0.4269
SJC,LHR,"10,114",$614.07,"5,516 mi",28,$0.1113
PIT,BTV,"10,114",$253.57,467 mi,28,$0.5430
PHL,FCA,"10,113",$339.34,"1,938 mi",28,$0.1751
ONT,YYZ,"10,110",$340.19,"2,191 mi",28,$0.1553
SDF,ICN,"10,110","$1,027.90","7,027 mi",28,$0.1463
TPA,CRW,"10,109",$226.08,698 mi,28,$0.3239
PHX,ROA,"10,106",$334.42,"1,762 mi",28,$0.1898
JAX,BCN,"10,105",$687.56,"4,704 mi",28,$0.1462
ORD,JNU,"10,105",$499.75,"2,223 mi",28,$0.2248
ORD,CLJ,"10,105",$379.31,"5,161 mi",28,$0.0735
TPA,NRT,"10,104",$924.03,"7,438 mi",28,$0.1242
EWR,LIH,"10,103",$770.58,"5,149 mi",28,$0.1497
MEM,ROC,"10,103",$264.69,889 mi,28,$0.2977
LAX,HPN,"10,100",$311.13,"2,545 mi",28,$0.1223
DAL,GRR,"10,100",$212.85,899 mi,28,$0.2368
BWI,EUG,"10,099",$335.45,"2,323 mi",28,$0.1444
DFW,MBS,"10,098",$291.78,985 mi,28,$0.2962
SAT,SHV,"10,095",$224.07,351 mi,28,$0.6384
ATL,OTP,"10,092",$671.16,"5,664 mi",28,$0.1185
LGA,DAB,"10,092",$220.97,871 mi,28,$0.2537
MSY,STT,"10,092",$405.14,"1,833 mi",28,$0.2210
IAD,PNS,"10,090",$278.67,828 mi,28,$0.3366
LGA,GIG,"10,090","$1,357.93","4,957 mi",28,$0.2739
LAX,VLC,"10,079",$862.14,"5,819 mi",28,$0.1482
SAT,MYR,"10,079",$240.51,"1,218 mi",28,$0.1975
SEA,OTP,"10,078",$584.30,"5,621 mi",28,$0.1039
SFO,CTA,"10,077",$888.84,"6,385 mi",28,$0.1392
PHL,FWA,"10,075",$269.27,545 mi,28,$0.4941
IAH,ZIH,"10,072",$299.24,966 mi,28,$0.3098
JFK,ATQ,"10,065",$568.44,"6,838 mi",28,$0.0831
ANC,ILI,"10,059",$118.99,200 mi,28,$0.5950
IAH,AGS,"10,058",$325.52,845 mi,28,$0.3852
JFK,DAD,"10,055",$770.65,"8,774 mi",28,$0.0878
RDU,MDE,"10,054",$178.53,"2,126 mi",28,$0.0840
LAS,BOM,"10,053",$801.87,"8,847 mi",28,$0.0906
MIA,BLR,"10,050","$1,227.41","9,081 mi",28,$0.1352
TPA,GRB,"10,048",$287.43,"1,217 mi",28,$0.2362
BWI,EYW,"10,045",$260.74,"1,085 mi",28,$0.2403
ORD,LSE,"10,045",$178.83,220 mi,28,$0.8129
DEN,AVP,"10,040",$387.05,"1,560 mi",28,$0.2481
SAN,FAI,"10,039",$341.24,"2,489 mi",28,$0.1371
PHL,AGS,"10,038",$267.69,600 mi,28,$0.4462
DFW,CUR,"10,036",$403.14,"2,211 mi",27,$0.1823
CLE,BTV,"10,030",$229.93,473 mi,27,$0.4861
RDU,FAR,"10,027",$247.00,"1,165 mi",27,$0.2120
TPA,FCA,"10,026",$389.82,"2,131 mi",27,$0.1829
BWI,MCN,"10,023",$154.69,612 mi,27,$0.2528
ONT,BUF,"10,022",$283.88,"2,233 mi",27,$0.1271
MCO,OPO,"10,020",$437.04,"4,217 mi",27,$0.1036
MCO,SNN,"10,019",$474.41,"3,841 mi",27,$0.1235
FLL,YKF,"10,017",$203.84,"1,165 mi",27,$0.1750
LAS,BLR,"10,014","$1,012.90","8,662 mi",27,$0.1169
EWR,PDL,"10,008",$340.56,"2,647 mi",27,$0.1287
IAH,PIA,"10,002",$307.65,827 mi,27,$0.3720
SFO,AUA,"10,001",$380.86,"3,540 mi",27,$0.1076
SDF,DSM,"9,997",$244.49,466 mi,27,$0.5247
ANC,CMH,"9,994",$420.85,"3,204 mi",27,$0.1314
MSP,LIM,"9,992",$660.57,"4,181 mi",27,$0.1580
SFO,DBV,"9,991",$872.07,"6,561 mi",27,$0.1329
LAS,XWA,"9,987",$235.84,991 mi,27,$0.2380
ONT,DSM,"9,983",$302.66,"1,358 mi",27,$0.2229
ORD,BFL,"9,983",$366.24,"1,781 mi",27,$0.2056
TPA,BKK,"9,980","$1,063.18","9,835 mi",27,$0.1081
MSY,MFE,"9,978",$220.27,570 mi,27,$0.3864
SEA,TVC,"9,976",$438.52,"1,806 mi",27,$0.2428
DFW,LAW,"9,974",$123.01,136 mi,27,$0.9045
DEN,ISP,"9,973",$274.73,"1,705 mi",27,$0.1611
JFK,EUG,"9,971",$360.95,"2,571 mi",27,$0.1404
BNA,ROA,"9,967",$267.71,369 mi,27,$0.7255
HNL,ADL,"9,966",$654.30,"5,524 mi",27,$0.1184
DEN,SCE,"9,956",$339.05,"1,450 mi",27,$0.2338
SJC,BHM,"9,955",$352.34,"1,925 mi",27,$0.1830
EWR,SOF,"9,954",$511.03,"4,581 mi",27,$0.1116
FLL,YFC,"9,952",$275.02,"1,607 mi",27,$0.1711
CLT,MGA,"9,949",$262.35,"1,578 mi",27,$0.1663
JFK,RIX,"9,949",$436.18,"4,065 mi",27,$0.1073
MSP,BUD,"9,946",$495.76,"5,006 mi",27,$0.0990
BUR,FCA,"9,944",$188.38,"1,027 mi",27,$0.1834
STL,MHT,"9,939",$264.11,"1,059 mi",27,$0.2494
MIA,MHT,"9,936",$215.45,"1,246 mi",27,$0.1729
BOS,ASE,"9,933",$634.76,"1,818 mi",27,$0.3492
BWI,FCO,"9,929",$474.35,"4,582 mi",27,$0.1035
LAS,AUA,"9,919",$344.23,"3,333 mi",27,$0.1033
CLE,GRR,"9,917",$245.53,220 mi,27,$1.1160
RDU,LGB,"9,915",$218.09,"2,288 mi",27,$0.0953
MCI,LIR,"9,910",$328.07,"2,124 mi",27,$0.1545
DEN,DLH,"9,909",$286.58,813 mi,27,$0.3525
PHX,TIJ,"9,904",$322.48,303 mi,27,$1.0643
EWR,JAN,"9,902",$280.49,"1,086 mi",27,$0.2583
DFW,KEF,"9,893",$714.33,"3,623 mi",27,$0.1972
SJC,CHS,"9,891",$341.75,"2,297 mi",27,$0.1488
SAT,BCN,"9,887",$623.32,"5,560 mi",27,$0.1121
DFW,STI,"9,883",$274.88,"1,822 mi",27,$0.1509
ORD,GNV,"9,881",$328.75,932 mi,27,$0.3527
PIT,SYR,"9,879",$231.87,271 mi,27,$0.8556
TPA,YEG,"9,876",$281.20,"2,284 mi",27,$0.1231
MCI,HRL,"9,874",$208.75,947 mi,27,$0.2204
IAD,GDL,"9,873",$251.39,"2,054 mi",27,$0.1224
DFW,MOT,"9,872",$258.77,"1,117 mi",27,$0.2317
DCA,MRY,"9,867",$309.74,"2,356 mi",27,$0.1315
PHL,FSD,"9,866",$292.08,"1,168 mi",27,$0.2501
MCI,DAY,"9,865",$272.00,577 mi,27,$0.4714
IAH,YHZ,"9,864",$418.37,"2,068 mi",27,$0.2023
SAT,AGS,"9,862",$277.53,"1,037 mi",27,$0.2676
SAN,MHT,"9,862",$309.80,"2,637 mi",27,$0.1175
BWI,PLS,"9,858",$305.82,"1,193 mi",27,$0.2563
DTW,LFT,"9,854",$389.55,929 mi,27,$0.4193
BNA,VCE,"9,854",$633.65,"4,734 mi",27,$0.1339
EWR,BON,"9,853",$315.70,"2,066 mi",27,$0.1528
EWR,TLH,"9,853",$345.80,885 mi,27,$0.3907
SEA,HEL,"9,853",$749.17,"4,911 mi",27,$0.1525
CLE,FAT,"9,852",$282.68,"2,100 mi",27,$0.1346
FLL,VPS,"9,849",$214.88,478 mi,27,$0.4495
ORD,CRP,"9,849",$315.99,"1,155 mi",27,$0.2736
SAN,BRU,"9,848","$1,061.44","5,828 mi",27,$0.1821
RDU,NBO,"9,841",$581.70,"7,928 mi",27,$0.0734
PHX,EZE,"9,839","$1,236.07","5,674 mi",27,$0.2178
LGA,PUJ,"9,836",$255.62,"1,522 mi",27,$0.1680
LGA,SJO,"9,836",$293.75,"2,286 mi",27,$0.1285
MIA,RMO,"9,835",$651.85,"5,587 mi",27,$0.1167
BOS,KIX,"9,832","$1,201.01","7,083 mi",27,$0.1696
PHX,BRU,"9,832",$691.06,"5,614 mi",27,$0.1231
LGA,FAR,"9,831",$369.53,"1,178 mi",27,$0.3137
MCO,AGS,"9,830",$291.74,334 mi,27,$0.8735
MIA,CHA,"9,828",$298.51,681 mi,27,$0.4383
MIA,OAK,"9,828",$257.60,"2,650 mi",27,$0.0972
LAS,TLH,"9,826",$413.95,"1,761 mi",27,$0.2351
BOS,YWG,"9,826",$309.20,"1,392 mi",27,$0.2221
MCI,CHA,"9,824",$265.38,582 mi,27,$0.4560
JFK,SJJ,"9,820",$307.35,"4,589 mi",27,$0.0670
DCA,LFT,"9,818",$265.83,"1,068 mi",27,$0.2489
IAD,RAK,"9,817",$563.55,"3,738 mi",27,$0.1508
JFK,HER,"9,815",$465.15,"4,940 mi",27,$0.0942
MCO,AMA,"9,809",$281.42,"1,321 mi",27,$0.2130
DAL,ISP,"9,809",$266.29,"1,461 mi",27,$0.1823
JFK,ADL,"9,808","$1,735.89","10,321 mi",27,$0.1682
DFW,YQB,"9,808",$377.69,"1,603 mi",27,$0.2356
SDF,GSO,"9,804",$228.65,360 mi,27,$0.6351
MDW,MAF,"9,797",$276.57,"1,015 mi",27,$0.2725
ORD,HRL,"9,794",$237.22,"1,258 mi",27,$0.1886
SAT,EUG,"9,791",$277.49,"1,637 mi",27,$0.1695
CLE,MUC,"9,789",$922.58,"4,443 mi",27,$0.2076
FLL,FAT,"9,788",$302.66,"2,355 mi",27,$0.1285
CVG,CID,"9,788",$259.75,406 mi,27,$0.6398
SDF,PWM,"9,785",$253.37,915 mi,27,$0.2769
DFW,SXM,"9,784",$568.50,"2,408 mi",27,$0.2361
DEN,JNU,"9,784",$440.05,"1,778 mi",27,$0.2475
IAD,PHL,"9,781",$153.46,138 mi,27,$1.1120
BWI,FRA,"9,781",$692.13,"3,907 mi",27,$0.1772
MCI,AMA,"9,780",$209.81,490 mi,27,$0.4282
ATL,CLO,"9,775",$246.22,"2,079 mi",27,$0.1184
ORD,LRD,"9,775",$355.31,"1,227 mi",27,$0.2896
AUS,CPH,"9,774",$654.06,"5,393 mi",27,$0.1213
AUS,EDI,"9,774",$838.59,"4,533 mi",27,$0.1850
PHX,PVG,"9,772","$1,194.42","6,558 mi",27,$0.1821
HOU,ILM,"9,769",$208.93,"1,034 mi",27,$0.2021
SJC,RIC,"9,765",$323.64,"2,351 mi",27,$0.1377
AUS,BER,"9,760",$815.61,"5,228 mi",27,$0.1560
MEM,BOI,"9,759",$324.37,"1,468 mi",27,$0.2210
PHX,PTY,"9,756",$416.88,"2,751 mi",27,$0.1515
CLT,GYE,"9,756",$321.94,"2,660 mi",27,$0.1210
SAT,YUL,"9,755",$292.74,"1,786 mi",27,$0.1639
BOS,BEG,"9,753",$443.32,"4,184 mi",27,$0.1060
RDU,JAC,"9,752",$392.06,"1,714 mi",27,$0.2287
HNL,RSW,"9,750",$811.63,"4,610 mi",27,$0.1761
CLT,FSD,"9,747",$291.98,"1,051 mi",27,$0.2778
IAH,SBP,"9,745",$390.98,"1,467 mi",27,$0.2665
MCO,AGP,"9,744",$614.67,"4,523 mi",27,$0.1359
BOS,FAI,"9,733",$438.13,"3,349 mi",27,$0.1308
ORD,MID,"9,731",$233.48,"1,501 mi",27,$0.1555
BWI,LEX,"9,729",$231.55,423 mi,27,$0.5474
BWI,GCM,"9,728",$270.47,"1,444 mi",27,$0.1873
LAX,CAK,"9,728",$274.04,"2,130 mi",27,$0.1287
MEM,MDT,"9,727",$303.30,829 mi,27,$0.3659
MCO,YTZ,"9,720",$189.84,"1,023 mi",27,$0.1856
PHL,PTY,"9,718",$362.25,"2,079 mi",27,$0.1742
MDW,ROC,"9,716",$171.63,506 mi,27,$0.3392
EWR,TBS,"9,712",$411.70,"5,759 mi",27,$0.0715
PHX,EGE,"9,711",$365.20,529 mi,27,$0.6904
MEM,OAK,"9,710",$367.07,"1,848 mi",27,$0.1986
PHX,HMO,"9,707",$419.29,296 mi,27,$1.4165
DTW,FAI,"9,705",$393.18,"2,812 mi",27,$0.1398
BNA,RDM,"9,704",$316.32,"1,831 mi",27,$0.1728
SLC,SGN,"9,691",$551.41,"8,346 mi",27,$0.0661
ATL,CRP,"9,691",$259.22,901 mi,27,$0.2877
MIA,ALC,"9,691",$408.20,"4,746 mi",27,$0.0860
STL,VCE,"9,690",$690.53,"4,756 mi",27,$0.1452
LAX,ACC,"9,688",$702.34,"7,348 mi",27,$0.0956
SEA,NAP,"9,679",$839.94,"5,606 mi",27,$0.1498
SDF,SYR,"9,676",$272.20,627 mi,27,$0.4341
MIA,AMM,"9,673",$525.83,"6,456 mi",27,$0.0814
SFO,GLA,"9,669",$722.26,"5,176 mi",26,$0.1395
PDX,BTV,"9,667",$384.72,"2,448 mi",26,$0.1572
RDU,ATW,"9,666",$240.28,797 mi,26,$0.3015
SLC,FAR,"9,656",$322.29,890 mi,26,$0.3621
SEA,MFE,"9,652",$263.47,"1,908 mi",26,$0.1381
EWR,EUG,"9,651",$386.72,"2,550 mi",26,$0.1517
PHL,BGI,"9,650",$271.17,"2,147 mi",26,$0.1263
MCI,EUG,"9,648",$292.26,"1,544 mi",26,$0.1893
IAD,LIT,"9,648",$286.78,892 mi,26,$0.3215
MIA,JAC,"9,647",$617.64,"2,166 mi",26,$0.2852
SFO,RUH,"9,646","$1,982.26","7,813 mi",26,$0.2537
LEX,HND,"9,644","$2,022.89","6,415 mi",26,$0.3153
HOU,MYR,"9,643",$278.77,970 mi,26,$0.2874
LAX,BOD,"9,641","$1,031.19","5,913 mi",26,$0.1744
MSP,VIE,"9,641",$677.93,"4,881 mi",26,$0.1389
OGG,MNL,"9,640",$561.08,"5,556 mi",26,$0.1010
SAN,PRG,"9,639",$737.57,"5,810 mi",26,$0.1269
TPA,GUA,"9,635",$272.80,"1,090 mi",26,$0.2503
JAX,BTV,"9,631",$228.43,"1,040 mi",26,$0.2196
JAX,HND,"9,626","$1,449.02","7,352 mi",26,$0.1971
SAN,ATW,"9,626",$304.72,"1,679 mi",26,$0.1815
DEN,BTM,"9,626",$185.98,594 mi,26,$0.3131
SAN,LIR,"9,625",$391.74,"2,449 mi",26,$0.1600
STL,SJO,"9,623",$314.15,"1,962 mi",26,$0.1601
SLC,MNL,"9,622",$799.11,"7,111 mi",26,$0.1124
ORD,SNN,"9,619",$597.84,"3,687 mi",26,$0.1621
PHX,GVA,"9,615",$865.50,"5,546 mi",26,$0.1561
MCO,YYJ,"9,613",$368.60,"2,544 mi",26,$0.1449
ORD,PRN,"9,613",$277.57,"5,269 mi",26,$0.0527
EWR,YYT,"9,612",$333.15,"1,124 mi",26,$0.2964
DTW,MAA,"9,611","$1,031.01","8,227 mi",26,$0.1253
LAX,MOB,"9,607",$355.10,"1,822 mi",26,$0.1949
DEN,BLR,"9,606","$1,393.06","9,030 mi",26,$0.1543
SFO,YHZ,"9,604",$392.16,"2,941 mi",26,$0.1333
DCA,GRU,"9,603","$1,275.44","4,594 mi",26,$0.2776
SFO,TLS,"9,603",$748.42,"5,985 mi",26,$0.1250
LAS,HAM,"9,601",$552.06,"5,265 mi",26,$0.1049
PHL,CUR,"9,598",$358.86,"1,892 mi",26,$0.1897
MSY,BTV,"9,597",$288.31,"1,409 mi",26,$0.2046
PHX,PIA,"9,597",$323.35,"1,363 mi",26,$0.2372
BWI,CTG,"9,594",$158.24,"2,046 mi",26,$0.0773
ORD,LFT,"9,593",$310.58,819 mi,26,$0.3792
PHX,AVP,"9,593",$349.18,"1,988 mi",26,$0.1756
PHX,NAP,"9,592",$741.50,"6,457 mi",26,$0.1148
FLL,HRL,"9,591",$215.73,"1,118 mi",26,$0.1930
CLE,MXP,"9,590",$817.11,"4,163 mi",26,$0.1963
JFK,CKG,"9,589",$915.01,"7,802 mi",26,$0.1173
CLE,MTY,"9,584",$352.15,"1,456 mi",26,$0.2419
ORD,MOB,"9,583",$303.72,803 mi,26,$0.3782
JFK,STX,"9,581",$262.77,"1,722 mi",26,$0.1526
MSP,BLR,"9,576","$1,582.53","8,132 mi",26,$0.1946
BNA,SBN,"9,576",$279.28,398 mi,26,$0.7017
MCO,TRI,"9,575",$312.30,543 mi,26,$0.5751
MCI,AVL,"9,574",$245.97,741 mi,26,$0.3319
TPA,FAR,"9,570",$275.17,"1,566 mi",26,$0.1757
ONT,SJU,"9,566",$404.72,"3,437 mi",26,$0.1178
ATL,MKL,"9,564",$88.24,280 mi,26,$0.3151
ATL,POS,"9,561",$264.63,"2,226 mi",26,$0.1189
AUS,MFR,"9,560",$248.18,"1,676 mi",26,$0.1481
SEA,NCE,"9,559","$1,057.79","5,595 mi",26,$0.1891
FLL,MAF,"9,550",$259.92,"1,348 mi",26,$0.1928
ATL,HAM,"9,549",$873.91,"4,417 mi",26,$0.1979
LAX,VNO,"9,547",$470.71,"5,769 mi",26,$0.0816
OGG,SAT,"9,544",$480.77,"3,745 mi",26,$0.1284
SAN,LIM,"9,544",$618.05,"3,946 mi",26,$0.1566
BNA,LFT,"9,541",$284.35,526 mi,26,$0.5406
MCO,CPT,"9,537",$941.48,"8,045 mi",26,$0.1170
SAT,MAD,"9,536",$583.42,"5,317 mi",26,$0.1097
SDF,LIT,"9,532",$246.60,445 mi,26,$0.5542
IAH,OTP,"9,531",$680.57,"5,921 mi",26,$0.1149
DTW,UVF,"9,528",$430.46,"2,451 mi",26,$0.1756
LGA,ATW,"9,526",$314.49,805 mi,26,$0.3907
SJC,ORF,"9,525",$311.76,"2,569 mi",26,$0.1214
AUS,HPN,"9,524",$255.49,"1,580 mi",26,$0.1617
MSP,DLH,"9,522",$104.43,148 mi,26,$0.7056
SAT,HRL,"9,519",$154.13,241 mi,26,$0.6395
DFW,CHO,"9,518",$278.50,"1,071 mi",26,$0.2600
ORD,CCU,"9,518",$699.40,"7,726 mi",26,$0.0905
BOS,SHV,"9,517",$358.70,"1,378 mi",26,$0.2603
SEA,CRK,"9,517",$398.02,"6,832 mi",26,$0.0583
PHX,SCL,"9,516","$1,439.29","5,497 mi",26,$0.2618
BOS,ATW,"9,515",$283.96,861 mi,26,$0.3298
CLT,LBB,"9,515",$263.35,"1,228 mi",26,$0.2145
EWR,NBO,"9,513",$594.64,"7,153 mi",26,$0.0831
MSY,EUG,"9,513",$297.27,"2,104 mi",26,$0.1413
ORD,MRS,"9,510",$662.37,"4,322 mi",26,$0.1533
ORD,AMA,"9,508",$290.33,904 mi,26,$0.3212
EWR,CTG,"9,501",$309.72,"2,029 mi",26,$0.1526
LAX,CRP,"9,493",$314.50,"1,269 mi",26,$0.2478
HNL,BDL,"9,490",$607.95,"4,860 mi",26,$0.1251
SEA,KUL,"9,490",$866.18,"7,826 mi",26,$0.1107
TPA,SCL,"9,489",$625.49,"4,438 mi",26,$0.1409
ANC,CDV,"9,489",$197.92,154 mi,26,$1.2852
BOS,MFR,"9,488",$330.72,"2,527 mi",26,$0.1309
IAH,GUC,"9,483",$353.38,913 mi,26,$0.3871
RDU,MAA,"9,483",$654.38,"8,527 mi",26,$0.0767
RDU,HKG,"9,483","$1,443.20","8,581 mi",26,$0.1682
CLT,BUD,"9,481",$480.26,"5,047 mi",26,$0.0952
BWI,SGF,"9,479",$274.56,943 mi,26,$0.2912
PHX,DAB,"9,475",$376.53,"1,899 mi",26,$0.1983
PIT,FAT,"9,473",$284.86,"2,193 mi",26,$0.1299
MSP,GYE,"9,472",$361.88,"3,453 mi",26,$0.1048
MCI,MHT,"9,472",$275.61,"1,270 mi",26,$0.2170
CLT,ERI,"9,471",$153.55,462 mi,26,$0.3324
LGA,FCO,"9,470",$357.09,"4,137 mi",26,$0.0863
MCO,PIA,"9,469",$263.19,999 mi,26,$0.2635
CLT,EZE,"9,467","$1,108.33","5,202 mi",26,$0.2131
STL,ZRH,"9,463",$761.55,"4,537 mi",26,$0.1679
HNL,BUF,"9,461",$504.73,"4,835 mi",26,$0.1044
HOU,MHT,"9,460",$333.17,"1,557 mi",26,$0.2140
TPA,DEL,"9,457",$835.22,"8,055 mi",26,$0.1037
DTW,SYD,"9,456","$1,072.53","9,751 mi",26,$0.1100
SFO,UBN,"9,455",$560.26,"5,638 mi",26,$0.0994
BOS,AKL,"9,451","$1,688.55","8,736 mi",26,$0.1933
CLE,LIS,"9,447",$538.25,"3,618 mi",26,$0.1488
ORD,DOH,"9,445",$798.29,"6,905 mi",26,$0.1156
SFO,GUM,"9,444","$1,759.11","5,630 mi",26,$0.3125
LGA,MBJ,"9,443",$217.14,"1,604 mi",26,$0.1354
BNA,YOW,"9,440",$283.68,882 mi,26,$0.3216
IAD,MEL,"9,440","$2,158.97","9,857 mi",26,$0.2190
SFO,DOH,"9,437","$1,029.09","7,831 mi",26,$0.1314
STL,EYW,"9,435",$246.39,"1,069 mi",26,$0.2305
MIA,BIO,"9,433",$395.00,"4,540 mi",26,$0.0870
LAX,YQR,"9,431",$243.70,"1,374 mi",26,$0.1774
IAD,CCU,"9,429",$586.08,"8,327 mi",26,$0.0704
LAX,IDA,"9,423",$242.39,766 mi,26,$0.3164
MCO,YLW,"9,423",$368.67,"2,555 mi",26,$0.1443
BNA,PVR,"9,413",$321.37,"1,502 mi",26,$0.2140
DCA,PVR,"9,412",$306.63,"2,029 mi",26,$0.1511
IAH,KEF,"9,411",$596.35,"3,972 mi",26,$0.1501
DTW,SGF,"9,408",$314.81,652 mi,26,$0.4828
STL,SGN,"9,407",$588.08,"9,105 mi",26,$0.0646
LAS,TVC,"9,403",$305.44,"1,605 mi",26,$0.1903
DTW,IMT,"9,402",$163.52,353 mi,26,$0.4632
LGA,QRO,"9,396",$374.39,"2,016 mi",26,$0.1857
DFW,DOH,"9,394","$1,082.58","8,157 mi",26,$0.1327
BNA,AUA,"9,390",$368.07,"1,875 mi",26,$0.1963
RDU,MAN,"9,390",$698.24,"3,641 mi",26,$0.1918
BOS,ANU,"9,388",$273.92,"1,771 mi",26,$0.1547
MSY,MDT,"9,388",$292.84,"1,005 mi",26,$0.2914
MEM,MSN,"9,383",$300.23,577 mi,26,$0.5203
SJC,ALB,"9,383",$358.63,"2,613 mi",26,$0.1372
IAH,MRY,"9,380",$427.78,"1,543 mi",26,$0.2772
SFO,CHO,"9,376",$434.16,"2,302 mi",26,$0.1886
PHX,AGS,"9,375",$358.52,"1,779 mi",26,$0.2015
AUS,SBP,"9,372",$255.93,"1,336 mi",26,$0.1916
MSP,LBB,"9,372",$275.97,927 mi,26,$0.2977
PDX,AVL,"9,370",$336.90,"2,126 mi",26,$0.1585
PIT,PLS,"9,370",$252.96,"1,416 mi",26,$0.1786
IAD,JAN,"9,369",$317.73,818 mi,26,$0.3884
SEA,PNH,"9,365",$474.48,"7,214 mi",26,$0.0658
SFO,PKX,"9,365",$511.11,"6,112 mi",26,$0.0836
RDU,GDL,"9,358",$273.30,"1,768 mi",26,$0.1546
HNL,PSC,"9,355",$378.45,"2,855 mi",26,$0.1326
RDU,SBA,"9,355",$343.99,"2,235 mi",26,$0.1539
EWR,MLA,"9,353",$621.57,"4,742 mi",26,$0.1311
PIT,MUC,"9,353",$747.05,"4,422 mi",26,$0.1689
SAT,CID,"9,349",$227.68,905 mi,26,$0.2516
LAS,DLH,"9,344",$302.18,"1,436 mi",26,$0.2104
SEA,GLA,"9,340",$554.63,"4,581 mi",26,$0.1211
PHX,ITO,"9,339",$382.33,"2,716 mi",26,$0.1408
HNL,SBA,"9,338",$434.54,"2,552 mi",26,$0.1703
EWR,SPU,"9,337",$500.32,"4,526 mi",26,$0.1105
ORD,STR,"9,333",$978.70,"4,540 mi",26,$0.2156
JFK,SSA,"9,330",$736.97,"4,469 mi",26,$0.1649
AUS,VCE,"9,328",$673.07,"5,786 mi",26,$0.1163
SFO,MED,"9,327",$370.20,"8,226 mi",26,$0.0450
SAT,SBA,"9,326",$278.07,"1,333 mi",26,$0.2086
DEN,NBO,"9,325",$832.69,"8,581 mi",26,$0.0970
OGG,OKC,"9,324",$403.22,"3,557 mi",26,$0.1134
EWR,FCA,"9,321",$415.99,"2,080 mi",26,$0.2000
PHX,BER,"9,318",$619.94,"5,831 mi",26,$0.1063
MIA,TUC,"9,316",$536.85,"3,887 mi",26,$0.1381
STL,HSV,"9,315",$257.60,337 mi,26,$0.7644
HNL,HSV,"9,313",$707.01,"4,482 mi",26,$0.1577
DCA,CUR,"9,312",$303.33,"1,965 mi",26,$0.1544
MEM,DSM,"9,312",$240.96,506 mi,26,$0.4762
PHX,HPN,"9,311",$306.60,"2,088 mi",26,$0.1468
TPA,PVR,"9,311",$285.52,"1,559 mi",26,$0.1831
TPA,GIG,"9,309",$510.39,"4,247 mi",26,$0.1202
DFW,ACC,"9,308",$546.33,"6,596 mi",26,$0.0828
LGA,HAV,"9,308",$233.76,"1,285 mi",26,$0.1819
PHL,SYD,"9,307","$2,269.48","9,572 mi",25,$0.2371
ORD,SUN,"9,306",$363.27,"1,298 mi",25,$0.2799
DFW,JNU,"9,303",$554.11,"2,543 mi",25,$0.2179
AUS,PSC,"9,301",$298.53,"1,551 mi",25,$0.1925
CLE,CHA,"9,299",$232.02,491 mi,25,$0.4725
LAX,RAK,"9,296","$1,016.31","5,852 mi",25,$0.1737
SAN,FUK,"9,296",$854.79,"6,272 mi",25,$0.1363
LAX,NCL,"9,292",$675.82,"5,086 mi",25,$0.1329
JAX,BOI,"9,291",$321.94,"2,025 mi",25,$0.1590
SFO,ADD,"9,291",$466.65,"8,725 mi",25,$0.0535
SAN,MBJ,"9,290",$254.91,"2,539 mi",25,$0.1004
ORD,KTM,"9,289",$504.58,"7,375 mi",25,$0.0684
BWI,YYC,"9,286",$287.80,"2,030 mi",25,$0.1418
BOS,JED,"9,282",$668.78,"5,985 mi",25,$0.1117
BNA,LIS,"9,280",$689.51,"3,998 mi",25,$0.1725
JFK,LPA,"9,280",$372.04,"3,484 mi",25,$0.1068
ORD,DAB,"9,278",$323.77,934 mi,25,$0.3466
IAD,BHM,"9,276",$275.89,618 mi,25,$0.4464
MIA,GYN,"9,276",$560.14,"3,491 mi",25,$0.1605
PDX,FNT,"9,273",$230.99,"1,855 mi",25,$0.1245
TPA,SBA,"9,272",$311.31,"2,303 mi",25,$0.1352
PHX,VEL,"9,270",$102.39,519 mi,25,$0.1973
DTW,BKK,"9,265",$984.70,"8,822 mi",25,$0.1116
LAX,HIJ,"9,264","$1,147.36","5,660 mi",25,$0.2027
MIA,ADZ,"9,259",$234.81,945 mi,25,$0.2485
ATL,YHZ,"9,256",$336.89,"1,397 mi",25,$0.2412
PDX,PWM,"9,255",$378.78,"2,605 mi",25,$0.1454
BOS,FOC,"9,255",$721.68,"7,899 mi",25,$0.0914
LAX,VER,"9,255",$146.81,"1,654 mi",25,$0.0888
DEN,OSL,"9,250",$599.77,"4,770 mi",25,$0.1257
PHX,VIE,"9,250",$668.11,"5,791 mi",25,$0.1154
PIT,ICT,"9,249",$290.64,914 mi,25,$0.3180
TPA,UIO,"9,249",$231.26,"2,020 mi",25,$0.1145
SDF,PNS,"9,248",$216.49,554 mi,25,$0.3908
PHX,MAA,"9,244",$723.52,"8,855 mi",25,$0.0817
JFK,AYT,"9,236",$472.66,"5,108 mi",25,$0.0925
IAH,OAK,"9,232",$246.89,"1,576 mi",25,$0.1567
LEX,GSO,"9,231",$284.03,281 mi,25,$1.0108
OGG,PIT,"9,230",$589.64,"4,446 mi",25,$0.1326
LAX,DAB,"9,227",$321.87,"2,145 mi",25,$0.1501
MEM,AMS,"9,225","$1,234.98","4,397 mi",25,$0.2809
TPA,TLV,"9,223",$992.63,"6,797 mi",25,$0.1460
CVG,COS,"9,221",$252.26,"1,043 mi",25,$0.2419
SFO,FOC,"9,220",$765.08,"6,677 mi",25,$0.1146
JAX,RSW,"9,217",$280.89,281 mi,25,$0.9996
LAX,BTR,"9,217",$326.32,"1,653 mi",25,$0.1974
SAN,GRB,"9,217",$323.42,"1,700 mi",25,$0.1902
MCI,FAR,"9,213",$333.69,553 mi,25,$0.6034
ONT,GSP,"9,213",$328.96,"1,945 mi",25,$0.1691
SFO,FSD,"9,210",$316.46,"1,443 mi",25,$0.2193
DEN,CPT,"9,210","$1,167.68","9,609 mi",25,$0.1215
MCO,MGM,"9,210",$289.08,416 mi,25,$0.6949
FLL,GRB,"9,209",$298.83,"1,308 mi",25,$0.2285
PIT,STT,"9,209",$401.33,"1,726 mi",25,$0.2325
PHL,LIH,"9,204",$603.98,"4,808 mi",25,$0.1256
SDF,RNO,"9,204",$298.17,"1,768 mi",25,$0.1686
SEA,HAM,"9,203",$907.00,"4,768 mi",25,$0.1902
SAN,YYJ,"9,200",$279.94,"1,112 mi",25,$0.2517
DFW,DAB,"9,200",$321.74,"1,008 mi",25,$0.3192
MCI,BTV,"9,199",$265.87,"1,196 mi",25,$0.2223
HNL,MFR,"9,193",$393.87,"2,416 mi",25,$0.1630
BOS,FNC,"9,192",$308.82,"3,083 mi",25,$0.1002
PHL,EZE,"9,188","$1,078.10","5,427 mi",25,$0.1987
HNL,PER,"9,183",$977.71,"6,566 mi",25,$0.1489
SEA,GUM,"9,182","$1,997.25","5,838 mi",25,$0.3421
EWR,BEY,"9,178",$558.86,"5,787 mi",25,$0.0966
CLE,ICN,"9,174","$1,224.04","6,902 mi",25,$0.1773
CLT,GPT,"9,165",$309.95,560 mi,25,$0.5535
IAD,CTA,"9,164",$840.44,"4,924 mi",25,$0.1707
SFO,VLC,"9,162",$814.46,"5,781 mi",25,$0.1409
IAH,AVP,"9,162",$389.67,"1,387 mi",25,$0.2809
JFK,COR,"9,160",$629.72,"5,159 mi",25,$0.1221
JFK,FLN,"9,156",$712.96,"4,839 mi",25,$0.1473
MEM,FCO,"9,156",$626.44,"5,359 mi",25,$0.1169
EWR,MRY,"9,155",$560.47,"2,634 mi",25,$0.2128
MIA,VNO,"9,155",$385.80,"5,200 mi",25,$0.0742
SDF,BOI,"9,155",$308.08,"1,577 mi",25,$0.1954
BUR,BZN,"9,153",$221.40,858 mi,25,$0.2580
SAN,CHA,"9,146",$315.05,"1,779 mi",25,$0.1771
BWI,SHV,"9,141",$250.20,"1,034 mi",25,$0.2420
HOU,GRR,"9,140",$215.99,"1,094 mi",25,$0.1974
BNA,CRP,"9,138",$233.93,883 mi,25,$0.2649
BOS,EBB,"9,137",$412.98,"7,107 mi",25,$0.0581
RDU,QRO,"9,137",$322.74,"1,719 mi",25,$0.1877
EWR,BAQ,"9,134",$218.26,"2,121 mi",25,$0.1029
SEA,MHT,"9,133",$339.10,"2,526 mi",25,$0.1342
DTW,TLH,"9,133",$355.21,794 mi,25,$0.4474
EWR,FAI,"9,133",$486.23,"3,353 mi",25,$0.1450
MCO,BNE,"9,130","$1,188.16","8,868 mi",25,$0.1340
DFW,PEK,"9,129","$1,056.12","7,165 mi",25,$0.1474
MCO,BJX,"9,127",$230.92,"1,405 mi",25,$0.1644
AUS,SBN,"9,122",$267.90,986 mi,25,$0.2717
CLT,EUG,"9,121",$322.69,"2,372 mi",25,$0.1360
DEN,MAN,"9,121",$784.77,"4,656 mi",25,$0.1686
MSP,BRU,"9,121",$728.28,"4,327 mi",25,$0.1683
BUR,TUL,"9,118",$277.44,"1,235 mi",25,$0.2246
TPA,BER,"9,116",$561.19,"4,802 mi",25,$0.1169
DTW,OSL,"9,113",$504.29,"4,009 mi",25,$0.1258
MEM,GEG,"9,112",$347.29,"1,610 mi",25,$0.2157
IAD,BLQ,"9,111",$626.14,"4,227 mi",25,$0.1481
ORD,CGK,"9,111","$1,333.53","9,509 mi",25,$0.1402
RDU,BTR,"9,111",$293.14,780 mi,25,$0.3758
IAH,TLH,"9,110",$326.63,637 mi,25,$0.5128
LAS,SLE,"9,110",$155.81,758 mi,25,$0.2056
JAX,FRA,"9,109",$585.78,"4,787 mi",25,$0.1224
MCO,HEL,"9,109",$583.44,"5,198 mi",25,$0.1122
BNA,MFR,"9,107",$261.08,"2,027 mi",25,$0.1288
JAX,MHT,"9,105",$231.38,997 mi,25,$0.2321
FLL,HDN,"9,098",$347.10,"1,897 mi",25,$0.1830
MCO,UVF,"9,098",$316.49,"1,704 mi",25,$0.1857
STL,MAF,"9,095",$229.17,791 mi,25,$0.2897
IAH,ACC,"9,094",$806.74,"6,143 mi",25,$0.1313
RDU,BUD,"9,092",$563.43,"4,639 mi",25,$0.1215
ORD,SPU,"9,091",$617.87,"5,040 mi",25,$0.1226
RDU,YOW,"9,088",$333.35,653 mi,25,$0.5105
DEN,DVL,"9,087",$196.24,619 mi,25,$0.3170
DFW,ZIH,"9,085",$520.96,"1,059 mi",25,$0.4919
JAX,HSV,"9,082",$266.12,424 mi,25,$0.6276
BNA,PSC,"9,072",$306.45,"1,864 mi",25,$0.1644
DTW,FSD,"9,071",$309.43,663 mi,25,$0.4667
PIT,MXP,"9,069",$740.38,"4,392 mi",25,$0.1686
SAT,BOG,"9,067",$302.97,"2,268 mi",25,$0.1336
CVG,ATW,"9,066",$283.77,423 mi,25,$0.6709
TPA,GDL,"9,063",$289.54,"1,362 mi",25,$0.2126
IAD,TLS,"9,061","$1,147.31","3,829 mi",25,$0.2996
HNL,YWG,"9,058",$303.84,"3,694 mi",25,$0.0823
HNL,BZN,"9,057",$441.65,"3,023 mi",25,$0.1461
LGA,GCM,"9,055",$348.24,"1,595 mi",25,$0.2183
MSY,BGR,"9,055",$345.15,"1,504 mi",25,$0.2295
BOS,FAR,"9,048",$372.73,"1,340 mi",25,$0.2782
MSY,MHT,"9,046",$270.13,"1,329 mi",25,$0.2033
SFO,LOS,"9,044",$710.00,"8,035 mi",25,$0.0884
CLT,OAK,"9,042",$242.18,"2,213 mi",25,$0.1094
RDU,PIA,"9,041",$273.40,657 mi,25,$0.4161
SEA,CPT,"9,040","$1,168.33","9,910 mi",25,$0.1179
CVG,GRB,"9,037",$304.02,404 mi,25,$0.7525
ATL,MGM,"9,036",$125.79,151 mi,25,$0.8330
BNA,BGR,"9,036",$257.62,"1,077 mi",25,$0.2392
PDX,SGF,"9,034",$331.00,"1,656 mi",25,$0.1999
JFK,MFR,"9,032",$327.51,"2,432 mi",25,$0.1347
BOS,RUH,"9,024","$2,203.24","6,135 mi",25,$0.3591
MSY,SGN,"9,024",$514.13,"9,682 mi",25,$0.0531
MIA,BEY,"9,023",$700.04,"6,352 mi",25,$0.1102
SLC,SBP,"9,019",$268.88,589 mi,25,$0.4565
SFO,PLS,"9,016",$524.59,"3,065 mi",25,$0.1712
CVG,ICN,"9,014","$1,470.96","6,996 mi",25,$0.2103
CLT,EVV,"9,013",$264.30,402 mi,25,$0.6575
DEN,BGR,"9,011",$330.41,"1,902 mi",25,$0.1737
LAX,SHV,"9,007",$307.34,"1,464 mi",25,$0.2099
DEN,BJX,"9,006",$283.94,"1,357 mi",25,$0.2092
IAH,FAI,"9,004",$462.01,"3,179 mi",25,$0.1453
DEN,KTM,"9,001",$610.18,"7,956 mi",25,$0.0767
MCI,NAS,"9,000",$280.79,"1,363 mi",25,$0.2060
DTW,AGS,"8,994",$334.84,598 mi,25,$0.5599
MDW,JAN,"8,993",$241.64,687 mi,25,$0.3517
BNA,MAN,"8,993",$674.68,"4,175 mi",25,$0.1616
IAD,CMB,"8,993",$928.09,"9,202 mi",25,$0.1009
MIA,BRI,"8,993",$496.42,"5,571 mi",25,$0.0891
RDU,PRG,"8,993",$513.15,"4,629 mi",25,$0.1109
LAX,TLH,"8,990",$460.84,"1,938 mi",25,$0.2378
CLE,PLS,"8,988",$350.33,"1,423 mi",25,$0.2462
MCO,PRG,"8,986",$599.86,"5,117 mi",25,$0.1172
TPA,NAP,"8,983",$804.64,"5,468 mi",25,$0.1472
MSP,PTY,"8,977",$472.06,"2,530 mi",25,$0.1866
JFK,CHQ,"8,974",$450.54,"4,889 mi",25,$0.0922
FLL,PIA,"8,972",$213.34,"1,181 mi",25,$0.1806
MIA,CAE,"8,972",$329.16,582 mi,25,$0.5656
JFK,MEM,"8,972",$265.80,934 mi,25,$0.2846
CLE,SDQ,"8,972",$231.35,"1,795 mi",25,$0.1289
BWI,AVL,"8,969",$221.29,401 mi,25,$0.5518
DCA,FWA,"8,969",$243.95,442 mi,25,$0.5519
PHX,STT,"8,967",$408.08,"3,167 mi",25,$0.1289
SEA,ITM,"8,967",$977.03,"4,852 mi",25,$0.2014
PDX,PVG,"8,963","$1,686.32","5,952 mi",25,$0.2833
SAN,MFE,"8,959",$320.54,"1,262 mi",25,$0.2540
PHL,ALB,"8,955",$356.72,206 mi,25,$1.7317
IAH,PBC,"8,955",$284.60,749 mi,25,$0.3800
DTW,YEG,"8,949",$346.37,"1,630 mi",25,$0.2125
ATL,BSL,"8,946",$611.36,"4,771 mi",25,$0.1281
DCA,ATW,"8,943",$267.03,680 mi,25,$0.3927
IAH,EVV,"8,943",$323.32,692 mi,25,$0.4672
IAD,PBG,"8,942",$107.74,457 mi,24,$0.2358
LGA,CRP,"8,941",$344.35,"1,565 mi",24,$0.2200
LAX,VKO,"8,940",$951.19,"5,902 mi",24,$0.1612
SFO,BFL,"8,940",$200.60,246 mi,24,$0.8154
ATL,RAP,"8,932",$334.92,"1,192 mi",24,$0.2810
HNL,NAN,"8,931",$685.91,"3,269 mi",24,$0.2098
ORD,BDA,"8,926",$357.89,"1,391 mi",24,$0.2573
ANC,RNO,"8,926",$424.16,"1,911 mi",24,$0.2220
EWR,CTA,"8,925",$784.91,"4,432 mi",24,$0.1771
TPA,ABE,"8,923",$307.09,993 mi,24,$0.3093
FLL,ROA,"8,920",$260.19,801 mi,24,$0.3248
AUS,YEG,"8,918",$287.94,"1,840 mi",24,$0.1565
IAH,IKA,"8,917",$509.56,"7,197 mi",24,$0.0708
AUS,DAY,"8,915",$261.97,982 mi,24,$0.2668
ORD,CAN,"8,915",$811.97,"7,489 mi",24,$0.1084
SLC,LIS,"8,911",$683.32,"4,950 mi",24,$0.1380
BNA,ISP,"8,908",$239.80,777 mi,24,$0.3086
MSP,HDN,"8,908",$248.88,795 mi,24,$0.3131
HOU,CRP,"8,905",$182.23,181 mi,24,$1.0068
ONT,HSV,"8,905",$294.82,"1,805 mi",24,$0.1633
SAN,DEL,"8,902","$1,186.79","8,341 mi",24,$0.1423
MSP,AMA,"8,900",$297.60,827 mi,24,$0.3599
CLT,PVG,"8,898","$1,629.75","7,390 mi",24,$0.2205
ORD,TAS,"8,897",$484.39,"6,317 mi",24,$0.0767
TPA,TLH,"8,895",$162.74,194 mi,24,$0.8389
IAD,EBL,"8,894","$2,062.40","6,223 mi",24,$0.3314
PHX,CPH,"8,893",$575.48,"5,639 mi",24,$0.1021
MIA,NCL,"8,887",$445.50,"4,462 mi",24,$0.0998
MEM,MEX,"8,882",$382.39,"1,177 mi",24,$0.3249
SFO,ECP,"8,881",$411.71,"2,077 mi",24,$0.1982
DFW,MHT,"8,879",$329.40,"1,596 mi",24,$0.2064
BOS,NCL,"8,878",$719.05,"3,233 mi",24,$0.2224
PHX,NCE,"8,878",$824.39,"6,055 mi",24,$0.1362
DCA,EUG,"8,876",$330.93,"2,314 mi",24,$0.1430
EWR,ADL,"8,870","$1,504.06","10,300 mi",24,$0.1460
HNL,YYJ,"8,870",$346.49,"2,595 mi",24,$0.1335
SAT,FAR,"8,870",$259.20,"1,241 mi",24,$0.2089
SDF,ECP,"8,868",$220.03,556 mi,24,$0.3957
CLT,QRO,"8,867",$376.16,"1,497 mi",24,$0.2513
BWI,MAF,"8,865",$263.83,"1,559 mi",24,$0.1692
CVG,MUC,"8,863",$864.44,"4,670 mi",24,$0.1851
MSY,SBA,"8,863",$294.57,"1,698 mi",24,$0.1735
JAX,SGF,"8,861",$241.04,840 mi,24,$0.2870
SAN,KIX,"8,858","$1,046.10","6,011 mi",24,$0.1740
MIA,RUN,"8,856",$660.65,"9,914 mi",24,$0.0666
EWR,FWA,"8,856",$282.91,559 mi,24,$0.5061
IAD,KBL,"8,855",$551.89,"6,720 mi",24,$0.0821
MIA,DOH,"8,854","$1,238.90","7,437 mi",24,$0.1666
BNA,GRB,"8,853",$296.38,600 mi,24,$0.4940
BOS,GND,"8,852",$354.00,"2,105 mi",24,$0.1682
OGG,LAO,"8,852",$622.27,"5,185 mi",24,$0.1200
DTW,MNL,"8,849",$802.08,"8,469 mi",24,$0.0947
PHL,PBG,"8,844",$93.55,352 mi,24,$0.2658
BNA,STT,"8,836",$419.90,"1,751 mi",24,$0.2398
PIT,ZRH,"8,833",$816.66,"4,068 mi",24,$0.2008
SDF,GRR,"8,831",$255.64,335 mi,24,$0.7631
DEN,CAI,"8,828",$541.16,"7,045 mi",24,$0.0768
SAT,PSC,"8,828",$228.79,"1,652 mi",24,$0.1385
MCO,HAM,"8,825",$979.93,"4,852 mi",24,$0.2020
LGA,EZE,"8,822",$928.97,"5,472 mi",24,$0.1698
SFO,ROA,"8,821",$412.41,"2,237 mi",24,$0.1844
SAT,BTV,"8,819",$333.78,"1,673 mi",24,$0.1995
BNA,BFL,"8,818",$294.40,"1,753 mi",24,$0.1679
JFK,GYD,"8,817",$645.06,"5,990 mi",24,$0.1077
RDU,BRU,"8,811",$898.03,"4,200 mi",24,$0.2138
BOS,LHE,"8,810",$596.18,"6,673 mi",24,$0.0893
JFK,EBB,"8,806",$705.64,"7,274 mi",24,$0.0970
CLE,VCE,"8,804",$567.32,"4,311 mi",24,$0.1316
ATL,AMA,"8,804",$278.35,959 mi,24,$0.2903
HNL,ICT,"8,802",$491.05,"3,630 mi",24,$0.1353
MCO,CHO,"8,801",$226.95,670 mi,24,$0.3387
LAX,MTJ,"8,800",$322.28,685 mi,24,$0.4705
AUS,HKG,"8,799","$1,720.48","7,999 mi",24,$0.2151
LAX,MLB,"8,798",$399.38,"2,191 mi",24,$0.1823
PHX,ABE,"8,798",$321.60,"2,000 mi",24,$0.1608
TPA,YWG,"8,796",$279.58,"1,753 mi",24,$0.1595
MSP,SYD,"8,784","$1,741.98","8,739 mi",24,$0.1993
AUS,MRY,"8,782",$264.11,"1,502 mi",24,$0.1758
PDX,GRB,"8,781",$396.09,"1,621 mi",24,$0.2443
SLC,EZE,"8,778","$1,079.62","6,416 mi",24,$0.1683
PHX,ASE,"8,777",$413.38,476 mi,24,$0.8684
PHL,PRG,"8,772",$590.09,"4,288 mi",24,$0.1376
MCO,AEP,"8,771",$421.99,"4,463 mi",24,$0.0946
SFO,DAY,"8,769",$395.59,"2,108 mi",24,$0.1877
MIA,AKL,"8,768","$1,678.21","8,295 mi",24,$0.2023
SAN,IDA,"8,768",$254.66,819 mi,24,$0.3109
ANC,RDM,"8,765",$413.20,"1,705 mi",24,$0.2423
LAS,TIJ,"8,764",$90.12,258 mi,24,$0.3493
MSP,TPE,"8,763","$1,192.95","7,351 mi",24,$0.1623
SAN,GVA,"8,761",$952.81,"5,758 mi",24,$0.1655
LAS,TRC,"8,760",$146.05,"1,035 mi",24,$0.1411
SEA,FUK,"8,755",$678.32,"5,098 mi",24,$0.1331
SAT,FAY,"8,751",$260.79,"1,238 mi",24,$0.2107
PHX,KEF,"8,751",$663.41,"4,274 mi",24,$0.1552
JFK,OAX,"8,747",$316.94,"2,066 mi",24,$0.1534
STL,MTY,"8,747",$323.96,"1,092 mi",24,$0.2967
SAN,EDI,"8,746",$741.24,"5,342 mi",24,$0.1388
IAD,PMI,"8,746",$570.02,"4,011 mi",24,$0.1421
PHX,MDE,"8,743",$369.56,"2,916 mi",24,$0.1267
FLL,DAY,"8,741",$239.12,954 mi,24,$0.2506
LGA,MTJ,"8,734",$464.75,"1,859 mi",24,$0.2500
MCI,KOA,"8,733",$501.57,"3,964 mi",24,$0.1265
SFO,BIO,"8,730",$703.91,"5,512 mi",24,$0.1277
PIT,HSV,"8,729",$239.13,556 mi,24,$0.4301
SDF,TUL,"8,727",$260.34,558 mi,24,$0.4666
MEM,MYR,"8,726",$232.68,618 mi,24,$0.3765
DTW,FAR,"8,726",$352.86,715 mi,24,$0.4935
PHX,TLH,"8,723",$377.03,"1,680 mi",24,$0.2244
LEX,PBI,"8,722",$293.43,802 mi,24,$0.3659
LAX,ROA,"8,717",$383.13,"2,221 mi",24,$0.1725
DEN,MGA,"8,716",$395.80,"2,156 mi",24,$0.1836
BOS,DAB,"8,714",$262.65,"1,037 mi",24,$0.2533
MEM,STL,"8,714",$328.57,265 mi,24,$1.2399
SEA,ILM,"8,713",$406.21,"2,527 mi",24,$0.1607
JFK,MLE,"8,710","$1,295.85","8,974 mi",24,$0.1444
ORD,OWB,"8,706",$79.97,286 mi,24,$0.2796
ANC,WRG,"8,705",$423.39,727 mi,24,$0.5824
ONT,MAF,"8,702",$267.18,876 mi,24,$0.3050
BOS,SVQ,"8,700",$535.66,"3,282 mi",24,$0.1632
SDF,BHM,"8,700",$242.94,314 mi,24,$0.7737
AUS,ISP,"8,699",$290.65,"1,510 mi",24,$0.1925
MEM,CDG,"8,698","$1,453.04","4,683 mi",24,$0.3103
CVG,DAL,"8,697",$236.07,780 mi,24,$0.3027
FLL,LBB,"8,696",$274.16,"1,439 mi",24,$0.1905
ORD,ADD,"8,696",$588.78,"7,795 mi",24,$0.0755
ONT,LIH,"8,695",$306.91,"2,738 mi",24,$0.1121
PDX,FAR,"8,693",$299.40,"1,193 mi",24,$0.2510
IAH,LAD,"8,692","$2,752.71","7,861 mi",24,$0.3502
MEM,SYR,"8,691",$267.95,956 mi,24,$0.2803
MCO,AKL,"8,689","$1,324.50","8,332 mi",24,$0.1590
CLT,GSP,"8,687",$117.22,77 mi,24,$1.5223
SFO,SOF,"8,686",$687.04,"6,291 mi",24,$0.1092
BUR,IAD,"8,686",$324.59,"2,206 mi",24,$0.1471
MCI,AGS,"8,686",$296.26,793 mi,24,$0.3736
MCI,EYW,"8,686",$249.91,"1,230 mi",24,$0.2032
ANC,PSC,"8,685",$415.32,"1,555 mi",24,$0.2671
MSP,ROB,"8,683",$591.40,"5,732 mi",24,$0.1032
JAX,FAT,"8,682",$329.94,"2,281 mi",24,$0.1446
MIA,FSD,"8,682",$324.05,"1,584 mi",24,$0.2046
SEA,RAP,"8,682",$320.97,984 mi,24,$0.3262
DEN,TRI,"8,680",$292.99,"1,191 mi",24,$0.2460
SAN,FWA,"8,680",$286.79,"1,902 mi",24,$0.1508
TPA,GYE,"8,676",$202.00,"2,026 mi",24,$0.0997
LAS,GVA,"8,670",$794.38,"5,851 mi",24,$0.1358
STL,KOA,"8,667",$500.71,"4,204 mi",24,$0.1191
SEA,OAX,"8,666",$323.11,"2,633 mi",24,$0.1227
STL,FSD,"8,665",$284.51,456 mi,24,$0.6239
BOS,KTM,"8,665",$510.35,"7,588 mi",24,$0.0673
LAS,MOB,"8,665",$324.08,"1,639 mi",24,$0.1977
MSY,EYW,"8,663",$259.27,662 mi,24,$0.3916
SDF,MSN,"8,662",$280.52,379 mi,24,$0.7402
CLE,GRB,"8,654",$299.61,371 mi,24,$0.8076
MCI,STT,"8,652",$415.90,"2,223 mi",24,$0.1871
DEN,HEL,"8,651",$670.49,"5,101 mi",24,$0.1314
BWI,GUA,"8,651",$202.59,"1,839 mi",24,$0.1102
LAX,KTM,"8,650",$613.89,"7,665 mi",24,$0.0801
TPA,PEI,"8,648",$218.95,"1,611 mi",24,$0.1359
MIA,LPA,"8,647",$450.88,"3,835 mi",24,$0.1176
DEN,MGM,"8,646",$370.54,"1,110 mi",24,$0.3338
SLC,AKL,"8,646",$931.78,"7,304 mi",24,$0.1276
JFK,NGO,"8,645","$1,206.79","7,075 mi",24,$0.1706
JAX,DUB,"8,643",$747.59,"3,856 mi",24,$0.1939
EWR,BEG,"8,640",$437.56,"4,648 mi",24,$0.0941
MSP,GTF,"8,640",$300.38,857 mi,24,$0.3505
SAT,SJO,"8,640",$332.06,"1,585 mi",24,$0.2095
STL,JAN,"8,638",$236.14,458 mi,24,$0.5156
RDU,OGS,"8,637",$159.15,652 mi,24,$0.2441
IAD,FIH,"8,637",$898.48,"6,367 mi",24,$0.1411
JFK,BGR,"8,637",$202.85,393 mi,24,$0.5162
LGA,FWA,"8,633",$279.41,573 mi,24,$0.4876
IAH,ABV,"8,633",$739.84,"6,449 mi",24,$0.1147
JFK,YEG,"8,632",$348.72,"1,976 mi",24,$0.1765
LAS,HAV,"8,630",$246.17,"2,087 mi",24,$0.1180
FLL,BDA,"8,628",$217.61,"1,059 mi",24,$0.2055
IAD,ASU,"8,627","$1,013.10","4,757 mi",24,$0.2130
CVG,OGG,"8,624",$605.66,"4,231 mi",24,$0.1431
SFO,PMO,"8,622",$890.87,"6,288 mi",24,$0.1417
JFK,WRO,"8,621",$529.64,"4,015 mi",24,$0.1319
FLL,MXP,"8,619",$530.99,"5,048 mi",24,$0.1052
LAX,KIN,"8,614",$336.93,"2,873 mi",24,$0.1173
LGA,RAP,"8,614",$331.18,"1,543 mi",24,$0.2146
IAD,DPS,"8,611","$1,199.50","10,514 mi",24,$0.1141
LAX,BRI,"8,610",$766.11,"6,714 mi",24,$0.1141
AUS,GUA,"8,605",$335.66,"1,135 mi",24,$0.2957
ONT,MFR,"8,603",$208.55,661 mi,24,$0.3155
MIA,ATW,"8,599",$283.91,"1,398 mi",24,$0.2031
DTW,MED,"8,598",$392.91,"6,371 mi",24,$0.0617
DEN,CTG,"8,597",$290.85,"2,625 mi",24,$0.1108
ATL,STR,"8,596",$890.40,"4,810 mi",24,$0.1851
PHX,KIX,"8,594","$1,106.51","6,219 mi",24,$0.1779
MSY,CHA,"8,594",$251.83,442 mi,24,$0.5698
HOU,ROC,"8,593",$251.50,"1,306 mi",24,$0.1926
MCO,ASU,"8,591",$633.80,"3,910 mi",24,$0.1621
DAL,PSP,"8,588",$217.35,"1,169 mi",24,$0.1859
CLE,AVL,"8,586",$212.00,403 mi,24,$0.5261
JFK,XIY,"8,586","$1,111.85","7,029 mi",24,$0.1582
MSY,SJO,"8,584",$274.35,"1,479 mi",24,$0.1855
PHX,BIS,"8,584",$286.69,"1,062 mi",24,$0.2700
TPA,EUG,"8,584",$303.20,"2,423 mi",24,$0.1251
RDU,EUG,"8,582",$344.45,"2,317 mi",24,$0.1487
EWR,MFE,"8,581",$354.91,"1,754 mi",24,$0.2023
BOS,AMM,"8,580",$512.07,"5,374 mi",24,$0.0953
IAD,LYS,"8,579",$607.02,"4,173 mi",24,$0.1455
LGA,SHV,"8,579",$361.11,"1,280 mi",24,$0.2821
CLT,AOO,"8,578",$85.29,390 mi,24,$0.2187
CLE,ZRH,"8,577",$755.86,"4,346 mi",23,$0.1739
PHL,MLM,"8,573",$301.87,"1,997 mi",23,$0.1512
TPA,SAL,"8,571",$212.92,"1,121 mi",23,$0.1899
BNA,CHO,"8,569",$242.71,488 mi,23,$0.4974
ATL,LHE,"8,567",$577.16,"7,496 mi",23,$0.0770
TPA,MFE,"8,567",$266.70,"1,002 mi",23,$0.2662
MCO,WDH,"8,565","$1,212.54","7,226 mi",23,$0.1678
MSP,FLR,"8,561",$763.76,"4,899 mi",23,$0.1559
MCO,PBG,"8,559",$164.74,"1,237 mi",23,$0.1332
PHX,YHZ,"8,559",$341.24,"2,593 mi",23,$0.1316
CLE,GDL,"8,556",$248.63,"1,969 mi",23,$0.1263
ORD,BMI,"8,556",$168.64,119 mi,23,$1.4171
IAD,MSN,"8,556",$293.77,703 mi,23,$0.4179
SLC,VCE,"8,554",$813.47,"5,388 mi",23,$0.1510
ONT,SGF,"8,552",$323.51,"1,332 mi",23,$0.2429
IAD,MLB,"8,550",$289.97,748 mi,23,$0.3877
IAD,SVQ,"8,546",$652.95,"3,895 mi",23,$0.1676
TPA,SYD,"8,545","$1,816.12","8,985 mi",23,$0.2021
PHL,BOG,"8,541",$347.79,"2,504 mi",23,$0.1389
IAH,TRI,"8,540",$329.38,844 mi,23,$0.3903
LAS,NCE,"8,535","$1,100.42","5,672 mi",23,$0.1940
PIT,SGF,"8,535",$273.12,764 mi,23,$0.3575
RDU,MTY,"8,534",$315.19,"1,483 mi",23,$0.2125
DFW,BGI,"8,533",$425.63,"2,813 mi",23,$0.1513
MCO,ECP,"8,530",$281.19,292 mi,23,$0.9630
LAX,OOL,"8,529",$941.51,"7,389 mi",23,$0.1274
RDU,VIE,"8,529",$860.62,"4,791 mi",23,$0.1796
SFO,BIL,"8,528",$252.26,936 mi,23,$0.2695
SEA,MAF,"8,526",$263.28,"1,460 mi",23,$0.1803
TPA,PRG,"8,524",$643.84,"4,891 mi",23,$0.1316
MSP,JNB,"8,522","$1,126.77","9,251 mi",23,$0.1218
MSP,HYD,"8,521",$812.21,"8,356 mi",23,$0.0972
BUR,CVG,"8,520",$320.05,"1,944 mi",23,$0.1646
MIA,TRN,"8,520",$469.74,"5,026 mi",23,$0.0935
SLC,RAP,"8,520",$293.71,522 mi,23,$0.5627
DCA,AMA,"8,519",$270.80,"1,420 mi",23,$0.1907
AUS,VIE,"8,518",$871.34,"5,503 mi",23,$0.1583
HOU,FAT,"8,516",$283.45,"1,536 mi",23,$0.1845
AUS,FWA,"8,516",$261.49,"1,052 mi",23,$0.2486
PHL,SCL,"8,516",$813.96,"4,918 mi",23,$0.1655
IAD,EUG,"8,514",$324.53,"2,433 mi",23,$0.1334
DCA,CTG,"8,513",$212.86,"1,906 mi",23,$0.1117
IAH,LIN,"8,513","$1,290.53","5,248 mi",23,$0.2459
MIA,SBN,"8,510",$307.95,"1,117 mi",23,$0.2757
SFO,GOT,"8,509",$621.89,"5,189 mi",23,$0.1198
EWR,GOT,"8,507",$566.40,"3,674 mi",23,$0.1542
PHL,ANU,"8,507",$492.50,"1,712 mi",23,$0.2877
BNA,AVL,"8,503",$250.26,230 mi,23,$1.0881
TPA,EGE,"8,502",$477.43,"1,560 mi",23,$0.3060
CLE,PVR,"8,495",$334.83,"2,039 mi",23,$0.1642
MCI,MAD,"8,494",$569.04,"4,729 mi",23,$0.1203
SFO,SBN,"8,493",$344.06,"1,867 mi",23,$0.1843
SLC,EDI,"8,493",$640.65,"4,426 mi",23,$0.1447
DEN,YYJ,"8,493",$292.09,"1,071 mi",23,$0.2727
MIA,BNE,"8,490","$1,780.50","8,885 mi",23,$0.2004
LAX,CWB,"8,490",$594.22,"5,936 mi",23,$0.1001
CVG,NAS,"8,485",$334.20,"1,087 mi",23,$0.3075
BOS,SPU,"8,483",$568.89,"4,068 mi",23,$0.1398
IAD,SCE,"8,482",$169.10,129 mi,23,$1.3109
SDF,FRA,"8,480",$569.20,"4,566 mi",23,$0.1247
BOS,RAK,"8,478",$544.89,"3,577 mi",23,$0.1523
BWI,MNL,"8,474",$832.50,"8,813 mi",23,$0.0945
EWR,LFW,"8,472",$342.94,"5,023 mi",23,$0.0683
ORD,SVQ,"8,469",$486.63,"4,072 mi",23,$0.1195
SFO,SGF,"8,468",$331.46,"1,633 mi",23,$0.2030
ORD,RUH,"8,466","$1,229.09","6,770 mi",23,$0.1815
SEA,GRB,"8,466",$345.27,"1,591 mi",23,$0.2170
IAD,BSB,"8,464","$1,143.47","4,368 mi",23,$0.2618
LAS,SGN,"8,464",$560.03,"8,451 mi",23,$0.0663
EWR,ROB,"8,462",$361.71,"4,437 mi",23,$0.0815
JFK,STL,"8,460",$224.12,863 mi,23,$0.2597
IAD,PMO,"8,459",$522.00,"4,524 mi",23,$0.1154
ONT,VPS,"8,453",$289.32,"1,770 mi",23,$0.1635
MSY,HSV,"8,448",$257.53,369 mi,23,$0.6979
LAX,UVF,"8,446",$466.25,"3,951 mi",23,$0.1180
BOS,BZE,"8,445",$349.49,"2,055 mi",23,$0.1701
SDF,FCO,"8,445",$668.72,"4,737 mi",23,$0.1412
DEN,GPT,"8,443",$298.13,"1,061 mi",23,$0.2810
LAS,LIN,"8,442",$844.53,"5,650 mi",23,$0.1495
MSP,GPT,"8,442",$271.76,"1,056 mi",23,$0.2573
ORD,LGW,"8,436",$208.11,"4,081 mi",23,$0.0510
SJC,TYS,"8,435",$338.40,"2,030 mi",23,$0.1667
ONT,MSN,"8,431",$322.08,"1,591 mi",23,$0.2024
RDU,KOA,"8,427",$671.27,"4,592 mi",23,$0.1462
CVG,CAE,"8,423",$277.55,392 mi,23,$0.7080
ANC,JAX,"8,423",$678.76,"3,790 mi",23,$0.1791
SAT,MHT,"8,423",$304.68,"1,703 mi",23,$0.1789
SFO,JNU,"8,422",$379.14,"1,488 mi",23,$0.2548
TPA,KEF,"8,419",$692.43,"3,701 mi",23,$0.1871
PHL,MOB,"8,416",$273.09,939 mi,23,$0.2908
BOS,MVY,"8,415",$159.43,68 mi,23,$2.3446
MCI,ILM,"8,414",$246.21,"1,021 mi",23,$0.2411
MDW,LBB,"8,412",$236.41,978 mi,23,$0.2417
MIA,YHZ,"8,409",$323.49,"1,664 mi",23,$0.1944
SAN,VIE,"8,407",$990.81,"5,978 mi",23,$0.1657
SAN,SBN,"8,405",$336.01,"1,743 mi",23,$0.1928
MSP,MAF,"8,404",$286.06,986 mi,23,$0.2901
STL,MAD,"8,404",$616.62,"4,550 mi",23,$0.1355
ONT,PNS,"8,402",$276.82,"1,841 mi",23,$0.1504
SAT,LIR,"8,402",$320.00,"1,598 mi",23,$0.2003
LAX,CJS,"8,400",$129.94,734 mi,23,$0.1770
SEA,GJT,"8,398",$236.30,925 mi,23,$0.2555
TPA,FAY,"8,397",$229.72,546 mi,23,$0.4207
MSP,SBP,"8,391",$350.17,"1,538 mi",23,$0.2277
MCO,RCH,"8,390",$245.44,"1,248 mi",23,$0.1967
SLC,SHV,"8,390",$361.99,"1,191 mi",23,$0.3039
SEA,GPT,"8,390",$311.47,"2,052 mi",23,$0.1518
PHL,DAB,"8,389",$275.78,833 mi,23,$0.3311
SLC,PVG,"8,389","$1,187.08","6,588 mi",23,$0.1802
SLC,BTR,"8,387",$340.12,"1,403 mi",23,$0.2424
MIA,AGS,"8,386",$284.00,549 mi,23,$0.5173
IAD,JAC,"8,380",$504.09,"1,798 mi",23,$0.2804
JFK,OGU,"8,379",$547.41,"5,527 mi",23,$0.0990
BOS,MFE,"8,378",$311.69,"1,958 mi",23,$0.1592
EWR,MDW,"8,378",$164.53,688 mi,23,$0.2391
HOU,BZN,"8,376",$222.67,"1,365 mi",23,$0.1631
JAX,GRB,"8,376",$296.33,"1,059 mi",23,$0.2798
CLE,SYR,"8,372",$248.34,307 mi,23,$0.8089
MIA,BJX,"8,372",$298.01,"1,341 mi",23,$0.2222
BOS,TLS,"8,367",$804.25,"3,430 mi",23,$0.2345
HNL,TYS,"8,367",$736.61,"4,359 mi",23,$0.1690
IAH,CPT,"8,362","$1,320.12","8,364 mi",23,$0.1578
SFO,GYE,"8,357",$385.13,"3,979 mi",23,$0.0968
TPA,BTR,"8,356",$270.22,564 mi,23,$0.4791
MSP,HPN,"8,355",$294.72,987 mi,23,$0.2986
HNL,MUC,"8,354",$756.87,"7,807 mi",23,$0.0969
BUR,SDF,"8,354",$282.02,"1,885 mi",23,$0.1496
CLE,AMM,"8,353",$423.50,"5,840 mi",23,$0.0725
PHX,CPR,"8,353",$263.17,742 mi,23,$0.3547
DEN,ALS,"8,350",$100.92,184 mi,23,$0.5485
IAD,TBS,"8,350",$849.71,"5,970 mi",23,$0.1423
EWR,DAB,"8,347",$238.15,858 mi,23,$0.2776
JFK,NUE,"8,346",$626.26,"4,081 mi",23,$0.1535
PDX,VCE,"8,345",$765.59,"5,737 mi",23,$0.1334
RDU,EZE,"8,340","$1,046.15","4,904 mi",23,$0.2133
IAD,ITH,"8,338",$216.79,243 mi,23,$0.8921
BOS,GOT,"8,335",$733.10,"3,485 mi",23,$0.2104
DCA,UVF,"8,335",$310.25,"2,054 mi",23,$0.1510
EWR,TLS,"8,334",$366.20,"3,847 mi",23,$0.0952
IAH,CGK,"8,331","$1,653.71","9,946 mi",23,$0.1663
LAS,GLA,"8,331",$682.49,"5,046 mi",23,$0.1353
LEX,PDX,"8,330",$362.60,"2,064 mi",23,$0.1757
EWR,QRO,"8,328",$416.55,"2,000 mi",23,$0.2083
PHX,CEZ,"8,328",$134.68,318 mi,23,$0.4235
BOS,VLC,"8,328",$504.88,"3,471 mi",23,$0.1455
BWI,RAP,"8,327",$279.20,"1,355 mi",23,$0.2061
SLC,GRB,"8,325",$387.05,"1,197 mi",23,$0.3234
LAX,TRN,"8,324",$567.66,"6,192 mi",23,$0.0917
JAX,CHA,"8,323",$264.04,363 mi,23,$0.7274
TPA,HYD,"8,323",$678.35,"9,335 mi",23,$0.0727
MCO,LIH,"8,321",$505.73,"4,958 mi",23,$0.1020
BNA,FAY,"8,320",$247.68,432 mi,23,$0.5733
MEM,CAE,"8,316",$301.02,525 mi,23,$0.5734
MIA,FAR,"8,316",$286.13,"1,665 mi",23,$0.1718
ORD,BIO,"8,315",$769.30,"3,994 mi",23,$0.1926
AUS,GIG,"8,311",$775.16,"5,296 mi",23,$0.1464
LAX,HAJ,"8,308",$846.17,"5,870 mi",23,$0.1442
STL,FAR,"8,308",$288.48,672 mi,23,$0.4293
EWR,HEL,"8,307",$578.11,"4,237 mi",23,$0.1364
BWI,TLH,"8,306",$299.71,768 mi,23,$0.3902
IAD,DBV,"8,302",$684.80,"4,868 mi",23,$0.1407
MEM,BZN,"8,298",$256.79,"1,292 mi",23,$0.1988
IAH,MEI,"8,297",$178.94,435 mi,23,$0.4114
LAS,YMM,"8,294",$207.40,"1,476 mi",23,$0.1405
HNL,MSN,"8,289",$522.67,"4,035 mi",23,$0.1295
SAN,BLR,"8,287","$1,226.79","9,387 mi",23,$0.1307
BOS,RAP,"8,286",$353.54,"1,560 mi",23,$0.2266
EWR,TGD,"8,286",$368.06,"4,701 mi",23,$0.0783
JFK,TLL,"8,286",$577.37,"4,008 mi",23,$0.1441
JFK,IGU,"8,285",$924.00,"4,599 mi",23,$0.2009
PHX,HLN,"8,283",$292.44,883 mi,23,$0.3312
LGA,MOB,"8,282",$281.58,"1,095 mi",23,$0.2572
MIA,YQB,"8,280",$379.60,"1,577 mi",23,$0.2407
MSP,RTB,"8,280",$162.51,"1,952 mi",23,$0.0833
CVG,MTY,"8,279",$399.73,"1,319 mi",23,$0.3031
ANC,MEM,"8,277",$910.93,"3,053 mi",23,$0.2984
LAS,JNU,"8,276",$363.40,"1,827 mi",23,$0.1989
DEN,BOM,"8,266",$869.61,"8,109 mi",23,$0.1072
ATL,SBP,"8,264",$306.98,"1,993 mi",23,$0.1540
BUR,JAX,"8,262",$299.79,"2,208 mi",23,$0.1358
STL,AVL,"8,262",$241.69,473 mi,23,$0.5110
HNL,BHM,"8,260",$618.31,"4,232 mi",23,$0.1461
CLT,ELH,"8,254",$346.34,697 mi,23,$0.4969
BOS,STR,"8,253",$785.29,"3,837 mi",23,$0.2047
JAX,DAY,"8,250",$255.38,645 mi,23,$0.3959
SAN,NAP,"8,249",$959.34,"6,680 mi",23,$0.1436
LGA,MLI,"8,248",$280.35,892 mi,23,$0.3143
IAD,MLA,"8,242","$1,035.15","4,672 mi",23,$0.2216
CVG,YYC,"8,241",$348.56,"1,592 mi",23,$0.2189
ORD,MWA,"8,236",$99.41,289 mi,23,$0.3440
IAH,SXM,"8,232",$488.09,"2,119 mi",23,$0.2303
BOS,KIN,"8,231",$229.82,"1,774 mi",23,$0.1295
SAN,KEF,"8,226",$603.85,"4,472 mi",23,$0.1350
MIA,YOW,"8,224",$364.05,"1,414 mi",23,$0.2575
SDF,STL,"8,222",$245.76,246 mi,23,$0.9990
ATL,ISP,"8,222",$220.43,770 mi,23,$0.2863
TPA,TVC,"8,218",$319.62,"1,135 mi",23,$0.2816
RDU,PVR,"8,218",$256.84,"1,969 mi",23,$0.1304
SFO,CTU,"8,217",$938.56,"7,061 mi",23,$0.1329
IAD,DAR,"8,216",$962.05,"8,179 mi",23,$0.1176
HNL,SBP,"8,214",$425.48,"2,518 mi",23,$0.1690
JFK,ORY,"8,212",$503.72,"3,516 mi",22,$0.1433
IAH,MBS,"8,209",$285.95,"1,088 mi",22,$0.2628
DAL,GSP,"8,208",$246.98,876 mi,22,$0.2819
CLE,ROC,"8,208",$222.05,237 mi,22,$0.9369
CLT,BRU,"8,206",$794.11,"4,323 mi",22,$0.1837
IAD,OKA,"8,203","$1,516.37","7,883 mi",22,$0.1924
CLT,MAF,"8,201",$235.43,"1,279 mi",22,$0.1841
MSY,CID,"8,201",$280.36,851 mi,22,$0.3294
CVG,OAK,"8,199",$322.34,"2,082 mi",22,$0.1548
LAS,MGM,"8,197",$363.02,"1,608 mi",22,$0.2258
DCA,OGG,"8,194",$612.29,"4,913 mi",22,$0.1246
DEN,OTH,"8,189",$317.09,"1,068 mi",22,$0.2969
MIA,QRO,"8,184",$322.58,"1,350 mi",22,$0.2389
ATL,KRK,"8,184",$814.12,"5,189 mi",22,$0.1569
TPA,VIE,"8,181",$641.60,"5,350 mi",22,$0.1199
CVG,MAD,"8,180",$827.05,"4,019 mi",22,$0.2058
BWI,PVR,"8,178",$241.34,"2,184 mi",22,$0.1105
AUS,CHO,"8,176",$300.19,"1,188 mi",22,$0.2527
CLT,DXB,"8,174","$1,039.92","7,597 mi",22,$0.1369
SJC,SAV,"8,170",$327.45,"2,392 mi",22,$0.1369
ONT,ICT,"8,168",$249.97,"1,189 mi",22,$0.2102
ORD,GPT,"8,168",$320.85,826 mi,22,$0.3884
TPA,KOA,"8,167",$563.10,"4,751 mi",22,$0.1185
LAX,AGS,"8,166",$447.06,"2,022 mi",22,$0.2211
ATL,SLP,"8,163",$336.30,"1,313 mi",22,$0.2561
MCO,KIX,"8,161","$1,312.37","7,705 mi",22,$0.1703
AUS,AGS,"8,160",$305.82,919 mi,22,$0.3328
RDU,CAI,"8,159",$476.44,"5,831 mi",22,$0.0817
PDX,CPH,"8,158",$622.44,"4,826 mi",22,$0.1290
PHL,YQB,"8,155",$361.40,501 mi,22,$0.7214
DEN,OPO,"8,149",$608.15,"4,608 mi",22,$0.1320
MCO,MOT,"8,148",$293.39,"1,683 mi",22,$0.1743
SLC,ITO,"8,145",$452.83,"3,001 mi",22,$0.1509
DFW,YHZ,"8,140",$340.42,"1,907 mi",22,$0.1785
DCA,PLS,"8,137",$299.08,"1,177 mi",22,$0.2541
LEX,SNA,"8,136",$400.51,"1,933 mi",22,$0.2072
ATL,ILG,"8,133",$164.25,661 mi,22,$0.2485
ATL,DUS,"8,132",$930.21,"4,361 mi",22,$0.2133
MSY,ICN,"8,132","$1,305.51","6,990 mi",22,$0.1868
ORD,GJT,"8,132",$299.63,"1,131 mi",22,$0.2649
STL,GDL,"8,130",$256.82,"1,432 mi",22,$0.1793
BOS,PSC,"8,129",$340.58,"2,428 mi",22,$0.1403
MCO,VIX,"8,128",$488.01,"4,467 mi",22,$0.1092
JFK,ESB,"8,124",$721.32,"5,052 mi",22,$0.1428
LEX,RIC,"8,119",$262.25,412 mi,22,$0.6365
JFK,ORK,"8,118",$632.14,"3,196 mi",22,$0.1978
SFO,SAP,"8,116",$314.47,"2,677 mi",22,$0.1175
LEX,MEM,"8,115",$286.85,374 mi,22,$0.7670
MCI,PLS,"8,114",$349.93,"1,847 mi",22,$0.1895
BOS,CLO,"8,107",$310.56,"2,622 mi",22,$0.1184
DCA,CAK,"8,106",$229.24,282 mi,22,$0.8129
RDU,GNV,"8,104",$268.24,487 mi,22,$0.5508
DEN,YHZ,"8,103",$364.88,"2,169 mi",22,$0.1682
AUS,MSO,"8,102",$267.06,"1,494 mi",22,$0.1788
JFK,ADB,"8,100",$488.53,"4,899 mi",22,$0.0997
LAX,GNV,"8,099",$371.84,"2,067 mi",22,$0.1799
MSY,SGF,"8,098",$273.55,516 mi,22,$0.5301
DEN,CRW,"8,097",$297.35,"1,275 mi",22,$0.2332
PIT,BTR,"8,096",$277.87,893 mi,22,$0.3112
AUS,GRB,"8,094",$278.17,"1,083 mi",22,$0.2569
BUR,RSW,"8,092",$306.98,"2,166 mi",22,$0.1417
IAH,CHO,"8,088",$319.51,"1,149 mi",22,$0.2781
MCO,AZO,"8,088",$276.59,954 mi,22,$0.2899
SFO,TRN,"8,087",$640.64,"6,103 mi",22,$0.1050
JFK,DAR,"8,084",$898.53,"7,960 mi",22,$0.1129
BWI,DUB,"8,084",$365.20,"3,454 mi",22,$0.1057
CLE,JAN,"8,083",$258.31,798 mi,22,$0.3237
MCI,MUC,"8,082",$670.64,"5,045 mi",22,$0.1329
MSP,UIO,"8,082",$532.31,"3,143 mi",22,$0.1694
MCI,ZRH,"8,081",$812.20,"4,672 mi",22,$0.1738
TPA,BRU,"8,080",$704.87,"4,758 mi",22,$0.1481
BUR,CCR,"8,078",$282.38,343 mi,22,$0.8233
IAH,UVF,"8,076",$486.14,"2,534 mi",22,$0.1918
SDF,GEG,"8,074",$281.10,"1,774 mi",22,$0.1585
SFO,CAE,"8,074",$404.25,"2,240 mi",22,$0.1805
BOS,CGK,"8,073","$1,666.65","10,226 mi",22,$0.1630
DEN,HYD,"8,072",$920.52,"8,232 mi",22,$0.1118
LEX,BDL,"8,071",$267.60,707 mi,22,$0.3785
IAD,ESB,"8,070",$922.84,"5,595 mi",22,$0.1649
SEA,JED,"8,066",$485.45,"7,297 mi",22,$0.0665
LAX,HBA,"8,065","$1,330.37","7,709 mi",22,$0.1726
LAX,BIO,"8,063",$904.68,"5,902 mi",22,$0.1533
SFO,ATW,"8,063",$364.84,"1,759 mi",22,$0.2074
SLC,LWS,"8,062",$210.89,475 mi,22,$0.4440
EWR,MHT,"8,061",$250.30,215 mi,22,$1.1642
CLT,GND,"8,060",$948.32,"2,062 mi",22,$0.4599
FLL,YTZ,"8,058",$169.24,"1,250 mi",22,$0.1354
IAH,DAC,"8,054",$783.30,"8,959 mi",22,$0.0874
LGA,BTR,"8,053",$304.39,"1,161 mi",22,$0.2622
AUS,STT,"8,046",$427.56,"2,140 mi",22,$0.1998
CLE,ATW,"8,046",$268.39,403 mi,22,$0.6660
LAX,SNN,"8,045",$828.39,"5,262 mi",22,$0.1574
MIA,TIA,"8,044",$490.04,"5,706 mi",22,$0.0859
EWR,MSO,"8,043",$390.84,"2,074 mi",22,$0.1884
HNL,MAJ,"8,043","$1,350.17","2,347 mi",22,$0.5753
CLT,NBO,"8,043",$509.94,"8,061 mi",22,$0.0633
DCA,FCO,"8,042",$681.78,"4,612 mi",22,$0.1478
SAN,SDQ,"8,041",$329.54,"3,000 mi",22,$0.1098
SEA,CTS,"8,040",$892.79,"4,508 mi",22,$0.1980
RDU,MAF,"8,037",$270.15,"1,325 mi",22,$0.2039
DAL,DSM,"8,037",$207.04,606 mi,22,$0.3417
LAX,NUE,"8,030","$1,017.93","6,070 mi",22,$0.1677
AUS,ROA,"8,029",$280.87,"1,093 mi",22,$0.2570
LEX,CHS,"8,029",$251.26,451 mi,22,$0.5571
IAH,ISB,"8,028",$709.46,"7,740 mi",22,$0.0917
RDU,BER,"8,023",$737.35,"4,263 mi",22,$0.1730
SFO,ZAG,"8,023",$709.39,"5,941 mi",22,$0.1194
JFK,GDN,"8,022",$404.87,"4,213 mi",22,$0.0961
TPA,VPS,"8,016",$272.97,305 mi,22,$0.8950
EWR,SCL,"8,015",$932.09,"5,277 mi",22,$0.1766
DCA,STI,"8,009",$241.87,"1,355 mi",22,$0.1785
LAX,NLU,"8,009",$323.06,"1,587 mi",22,$0.2036
RDU,NRT,"8,009",$919.42,"7,089 mi",22,$0.1297
PDX,HSV,"8,007",$321.08,"1,957 mi",22,$0.1641
MSY,DAY,"8,004",$238.70,742 mi,22,$0.3217
PHX,SOW,"8,004",$66.08,133 mi,22,$0.4968
RDU,UVF,"8,004",$417.76,"1,945 mi",22,$0.2148
IAD,KWI,"8,002","$1,192.64","6,758 mi",22,$0.1765
CLT,LFT,"8,000",$328.46,707 mi,22,$0.4646
IAD,OAK,"7,999",$290.79,"2,475 mi",22,$0.1175
SDF,MDT,"7,999",$250.02,515 mi,22,$0.4855
SEA,ATW,"7,999",$336.05,"1,677 mi",22,$0.2004
DAL,GUC,"7,999",$695.95,667 mi,22,$1.0434
ANC,ICN,"7,997",$947.80,"3,903 mi",22,$0.2428
RDU,FWA,"7,996",$238.33,479 mi,22,$0.4976
EWR,FNC,"7,995",$446.52,"3,075 mi",22,$0.1452
DEN,DAB,"7,995",$335.71,"1,573 mi",22,$0.2134
CLT,PTY,"7,994",$357.11,"1,755 mi",22,$0.2035
MSP,BOM,"7,993","$1,095.23","7,692 mi",22,$0.1424
ATL,MVD,"7,991",$583.13,"4,923 mi",22,$0.1185
IAH,BGW,"7,991",$508.37,"7,110 mi",22,$0.0715
BWI,CUR,"7,989",$342.25,"1,981 mi",22,$0.1728
IAD,NRT,"7,986","$1,370.72","6,940 mi",22,$0.1975
MCO,PMI,"7,985",$615.33,"4,844 mi",22,$0.1270
CLT,MAN,"7,984",$688.30,"3,988 mi",22,$0.1726
DEN,PEK,"7,979","$1,146.66","6,522 mi",22,$0.1758
MCO,CUR,"7,979",$294.50,"1,335 mi",22,$0.2206
MCO,MBS,"7,979",$298.60,"1,087 mi",22,$0.2747
SAT,MNL,"7,979",$880.68,"8,665 mi",22,$0.1016
EWR,CWB,"7,978",$573.22,"4,993 mi",22,$0.1148
MCI,PSC,"7,973",$292.43,"1,361 mi",22,$0.2149
SFO,FAR,"7,972",$337.60,"1,405 mi",22,$0.2403
EWR,SHV,"7,971",$294.23,"1,264 mi",22,$0.2328
PHL,BTR,"7,971",$282.80,"1,070 mi",22,$0.2643
SLC,HLN,"7,969",$255.34,390 mi,22,$0.6547
CLT,FLR,"7,968",$589.62,"4,546 mi",22,$0.1297
ORD,BGI,"7,966",$343.19,"2,703 mi",22,$0.1270
CLT,NAP,"7,963",$484.47,"5,072 mi",22,$0.0955
EWR,XPL,"7,959",$268.93,"1,925 mi",22,$0.1397
IAD,MFE,"7,958",$421.04,"1,447 mi",22,$0.2910
MEM,PWM,"7,956",$313.78,"1,239 mi",22,$0.2533
MIA,MDT,"7,955",$291.04,985 mi,22,$0.2955
BOS,YQB,"7,953",$304.91,315 mi,22,$0.9680
MCO,IDA,"7,951",$363.60,"2,054 mi",22,$0.1770
PHL,HKG,"7,951","$1,359.96","7,857 mi",22,$0.1731
MCO,AMD,"7,949",$686.04,"8,731 mi",22,$0.0786
ONT,GSO,"7,949",$272.02,"2,185 mi",22,$0.1245
RDU,BGR,"7,946",$235.62,832 mi,22,$0.2832
PIT,SHV,"7,946",$272.55,908 mi,22,$0.3002
TPA,PMI,"7,943",$570.74,"4,639 mi",22,$0.1230
MSP,ABR,"7,938",$169.68,264 mi,22,$0.6427
PIT,MHT,"7,938",$199.75,499 mi,22,$0.4003
TPA,TPE,"7,938",$954.20,"8,191 mi",22,$0.1165
LAX,LJU,"7,937","$1,032.95","5,983 mi",22,$0.1726
IAD,BGI,"7,935",$453.59,"2,161 mi",22,$0.2099
MCO,SDU,"7,935",$409.09,"4,494 mi",22,$0.0910
MSP,YOW,"7,930",$371.33,881 mi,22,$0.4215
PHX,MOB,"7,927",$322.50,"1,359 mi",22,$0.2373
PHL,MLI,"7,927",$307.15,830 mi,22,$0.3701
MEM,TUL,"7,926",$280.21,351 mi,22,$0.7983
CLE,CVG,"7,926",$219.88,228 mi,22,$0.9644
PHL,SHV,"7,925",$306.05,"1,189 mi",22,$0.2574
SAT,MBJ,"7,924",$245.84,"1,546 mi",22,$0.1590
DTW,BRU,"7,919",$824.96,"4,083 mi",22,$0.2020
SEA,DUT,"7,919","$1,121.60","1,894 mi",22,$0.5922
SDF,CDG,"7,916",$682.10,"4,100 mi",22,$0.1664
EWR,GRB,"7,915",$355.23,779 mi,22,$0.4560
SAT,DUB,"7,914",$712.94,"4,833 mi",22,$0.1475
MIA,HYD,"7,912","$1,097.23","9,412 mi",22,$0.1166
BOS,GRB,"7,911",$332.92,844 mi,22,$0.3945
ATL,WAW,"7,908",$738.72,"4,854 mi",22,$0.1522
SEA,FWA,"7,908",$352.55,"1,928 mi",22,$0.1829
SJC,LBB,"7,907",$280.57,"1,122 mi",22,$0.2501
CLE,LGB,"7,905",$231.18,"2,100 mi",22,$0.1101
EWR,VLC,"7,905",$474.71,"3,887 mi",22,$0.1221
ORD,CUU,"7,905",$331.28,"1,324 mi",22,$0.2502
BNA,QRO,"7,904",$328.47,"1,307 mi",22,$0.2513
BWI,BTR,"7,903",$247.46,"1,043 mi",22,$0.2373
EWR,ITM,"7,903","$1,471.73","6,685 mi",22,$0.2202
SLC,AVL,"7,900",$398.96,"1,683 mi",22,$0.2371
ORD,ALG,"7,900",$516.52,"4,502 mi",22,$0.1147
BOS,BGO,"7,899",$465.50,"3,199 mi",22,$0.1455
SFO,MTJ,"7,897",$330.86,814 mi,22,$0.4065
PIT,PVG,"7,897","$1,376.27","7,509 mi",22,$0.1833
HNL,SAV,"7,896",$653.91,"4,557 mi",22,$0.1435
MSP,GVA,"7,893",$849.91,"4,324 mi",22,$0.1966
FLL,LIS,"7,893",$384.65,"4,256 mi",22,$0.0904
LAS,YQU,"7,890",$196.36,"1,291 mi",22,$0.1521
LAX,KMG,"7,884",$570.13,"7,311 mi",22,$0.0780
MCI,SBA,"7,884",$265.42,"1,381 mi",22,$0.1922
IAH,BNE,"7,880","$2,215.62","8,597 mi",22,$0.2577
MCI,LIH,"7,879",$453.10,"4,056 mi",22,$0.1117
BWI,BOG,"7,878",$185.22,"2,315 mi",22,$0.0800
IAD,ICT,"7,878",$300.94,"1,118 mi",22,$0.2692
ORD,DAC,"7,875",$778.61,"7,650 mi",22,$0.1018
SFO,LBB,"7,875",$291.38,"1,148 mi",22,$0.2538
IAD,LIR,"7,875",$333.25,"1,960 mi",22,$0.1700
DCA,FCA,"7,871",$344.27,"1,893 mi",22,$0.1819
MCO,MOB,"7,862",$322.39,458 mi,22,$0.7039
PHL,ACK,"7,859",$269.88,297 mi,22,$0.9087
SLC,NAS,"7,856",$474.96,"2,326 mi",22,$0.2042
ONT,PBI,"7,847",$331.31,"2,212 mi",21,$0.1498
DEN,SXM,"7,844",$437.36,"2,806 mi",21,$0.1559
IAD,CBR,"7,842","$3,584.05","10,178 mi",21,$0.3521
ORD,FRU,"7,838",$367.94,"6,654 mi",21,$0.0553
RDU,SIN,"7,836","$2,095.98","10,153 mi",21,$0.2064
SLC,MXP,"7,834",$806.09,"5,271 mi",21,$0.1529
DEN,RTB,"7,833",$520.31,"2,017 mi",21,$0.2580
BOS,VNO,"7,828",$343.23,"4,257 mi",21,$0.0806
ORD,MLA,"7,828",$721.92,"5,321 mi",21,$0.1357
PHL,RAP,"7,826",$311.05,"1,495 mi",21,$0.2081
HNL,GMP,"7,826",$453.83,"4,413 mi",21,$0.1028
DTW,MOB,"7,823",$319.64,866 mi,21,$0.3691
LAX,WNZ,"7,822",$854.01,"6,468 mi",21,$0.1320
STL,HYD,"7,821",$650.08,"8,246 mi",21,$0.0788
TPA,CHO,"7,821",$265.57,763 mi,21,$0.3481
LAX,PEN,"7,820","$1,300.05","8,470 mi",21,$0.1535
PDX,LIM,"7,819",$592.50,"4,736 mi",21,$0.1251
JFK,BKO,"7,814",$378.69,"4,262 mi",21,$0.0889
AUS,BKK,"7,814","$1,001.78","9,441 mi",21,$0.1061
BNA,MSO,"7,813",$302.70,"1,543 mi",21,$0.1962
SEA,AGS,"7,813",$382.54,"2,371 mi",21,$0.1613
STL,GRU,"7,812","$1,379.91","5,303 mi",21,$0.2602
EWR,RAP,"7,810",$324.64,"1,440 mi",21,$0.2254
SFO,ORK,"7,810","$1,484.95","5,241 mi",21,$0.2833
BOS,FAO,"7,806",$410.18,"3,196 mi",21,$0.1283
AUS,SCL,"7,805",$814.87,"4,873 mi",21,$0.1672
LAS,GNV,"7,801",$384.04,"2,006 mi",21,$0.1914
PIT,LIS,"7,801",$603.21,"3,787 mi",21,$0.1593
DAL,HDN,"7,796",$252.91,756 mi,21,$0.3345
CLT,XPL,"7,795",$264.74,"1,447 mi",21,$0.1830
IAD,VLC,"7,793",$395.17,"4,102 mi",21,$0.0963
SDF,XNA,"7,792",$271.73,504 mi,21,$0.5391
FLL,OGG,"7,791",$686.64,"4,635 mi",21,$0.1481
PHL,MAN,"7,791",$854.44,"3,322 mi",21,$0.2572
PIT,LIR,"7,790",$400.42,"2,154 mi",21,$0.1859
DFW,TIJ,"7,789",$224.18,"1,122 mi",21,$0.1998
DEN,MLU,"7,788",$308.97,841 mi,21,$0.3674
HOU,PUJ,"7,788",$265.67,"1,912 mi",21,$0.1389
AUS,MTJ,"7,785",$304.01,842 mi,21,$0.3611
AUS,DRO,"7,783",$266.50,729 mi,21,$0.3656
JAX,PSP,"7,779",$398.17,"1,979 mi",21,$0.2012
DTW,HKG,"7,776","$1,255.97","8,079 mi",21,$0.1555
MCO,YDF,"7,774",$276.95,"1,855 mi",21,$0.1493
CLT,MDE,"7,773",$280.53,"1,977 mi",21,$0.1419
LAS,ISP,"7,772",$276.08,"2,209 mi",21,$0.1250
MCO,BMI,"7,772",$314.11,910 mi,21,$0.3452
STL,CHA,"7,769",$256.43,396 mi,21,$0.6476
LAX,SVQ,"7,764",$704.21,"6,049 mi",21,$0.1164
PHL,GPT,"7,759",$282.43,"1,048 mi",21,$0.2695
SAN,TLV,"7,758","$1,413.84","7,379 mi",21,$0.1916
SAN,NCE,"7,758","$1,119.59","5,918 mi",21,$0.1892
BOS,HAV,"7,754",$301.47,"1,536 mi",21,$0.1963
SFO,SAF,"7,752",$355.52,887 mi,21,$0.4008
CLT,CPH,"7,750",$578.75,"4,252 mi",21,$0.1361
PDX,MDT,"7,749",$417.36,"2,248 mi",21,$0.1857
MCO,SSA,"7,747",$424.30,"4,172 mi",21,$0.1017
RDU,RAP,"7,743",$264.36,"1,439 mi",21,$0.1837
CVG,JAC,"7,735",$333.97,"1,342 mi",21,$0.2489
CVG,ZRH,"7,735",$807.59,"4,305 mi",21,$0.1876
LEX,LHR,"7,734",$659.19,"4,117 mi",21,$0.1601
HNL,SYR,"7,730",$576.67,"4,967 mi",21,$0.1161
SAT,NAS,"7,728",$288.92,"1,284 mi",21,$0.2250
JFK,ELP,"7,727",$325.55,"1,962 mi",21,$0.1659
SAT,BTR,"7,727",$225.11,456 mi,21,$0.4937
ORD,RAK,"7,727",$609.38,"4,187 mi",21,$0.1455
HOU,PBI,"7,726",$237.75,918 mi,21,$0.2590
AUS,TLH,"7,725",$357.00,818 mi,21,$0.4364
BUR,ELP,"7,724",$227.44,691 mi,21,$0.3291
LAX,ASU,"7,722",$691.66,"5,885 mi",21,$0.1175
RDU,CUR,"7,722",$502.28,"1,696 mi",21,$0.2962
DEN,KIX,"7,719","$1,229.36","5,859 mi",21,$0.2098
EWR,YWG,"7,716",$371.73,"1,320 mi",21,$0.2816
STL,BTV,"7,714",$258.32,942 mi,21,$0.2742
PHL,MSO,"7,713",$324.37,"1,928 mi",21,$0.1682
MCO,CGK,"7,713",$925.70,"10,486 mi",21,$0.0883
ATL,OPO,"7,712",$792.23,"4,179 mi",21,$0.1896
IAH,HAN,"7,712",$916.04,"8,370 mi",21,$0.1094
DTW,NAP,"7,712",$718.89,"4,880 mi",21,$0.1473
PDX,MYR,"7,712",$305.22,"2,503 mi",21,$0.1219
DEN,CUR,"7,711",$557.45,"2,807 mi",21,$0.1986
PIT,ROC,"7,711",$208.47,217 mi,21,$0.9607
BOS,SAP,"7,711",$197.56,"2,176 mi",21,$0.0908
ORD,GTF,"7,709",$361.44,"1,243 mi",21,$0.2908
SAT,ATH,"7,707",$764.95,"6,669 mi",21,$0.1147
PHX,GPT,"7,702",$264.96,"1,318 mi",21,$0.2010
ATL,HEL,"7,701",$902.57,"4,971 mi",21,$0.1816
BNA,RAP,"7,699",$249.97,"1,052 mi",21,$0.2376
ATL,BLQ,"7,697",$880.15,"5,037 mi",21,$0.1747
CLE,PVG,"7,695","$1,493.12","6,985 mi",21,$0.2138
ONT,KOA,"7,694",$305.92,"2,472 mi",21,$0.1238
LAX,MED,"7,692",$441.88,"7,903 mi",21,$0.0559
MCI,SJO,"7,691",$310.55,"2,062 mi",21,$0.1506
EWR,FAR,"7,690",$361.20,"1,167 mi",21,$0.3095
JFK,DME,"7,688","$1,151.61","4,547 mi",21,$0.2533
SFO,XPL,"7,687",$383.64,"2,741 mi",21,$0.1400
BNA,SYD,"7,686","$1,647.20","8,933 mi",21,$0.1844
PHX,HAV,"7,686",$265.40,"1,875 mi",21,$0.1415
IAD,CAN,"7,684",$699.66,"7,832 mi",21,$0.0893
LAX,KTI,"7,684",$590.20,"8,453 mi",21,$0.0698
ONT,LBB,"7,681",$249.88,878 mi,21,$0.2846
CLE,CID,"7,679",$252.67,495 mi,21,$0.5104
DCA,MSO,"7,678",$350.01,"1,995 mi",21,$0.1754
MIA,ZAG,"7,673",$616.03,"5,408 mi",21,$0.1139
ORD,CTA,"7,666",$698.88,"4,964 mi",21,$0.1408
MIA,RUH,"7,664","$1,858.03","7,680 mi",21,$0.2419
PHL,HYD,"7,663","$1,000.33","7,898 mi",21,$0.1267
PDX,MTY,"7,662",$241.98,"1,904 mi",21,$0.1271
PHX,AKL,"7,661","$1,233.58","6,567 mi",21,$0.1878
MSP,HAV,"7,658",$346.69,"1,582 mi",21,$0.2191
IAD,LUX,"7,657","$1,224.68","3,866 mi",21,$0.3168
TPA,LFT,"7,654",$258.03,573 mi,21,$0.4503
BNA,MLI,"7,650",$255.00,435 mi,21,$0.5862
DFW,GLH,"7,650",$90.26,363 mi,21,$0.2487
PHX,CAI,"7,650",$553.08,"7,214 mi",21,$0.0767
PDX,MBJ,"7,644",$373.63,"3,252 mi",21,$0.1149
DCA,BIS,"7,642",$322.95,"1,275 mi",21,$0.2533
SEA,SDQ,"7,638",$389.30,"3,453 mi",21,$0.1127
MIA,BGR,"7,638",$299.27,"1,505 mi",21,$0.1989
DCA,HAV,"7,637",$296.71,"1,107 mi",21,$0.2680
MDW,TIJ,"7,635",$172.61,"1,668 mi",21,$0.1035
BNA,FWA,"7,634",$254.01,355 mi,21,$0.7155
LAS,DUS,"7,633",$535.60,"5,616 mi",21,$0.0954
SFO,JAN,"7,632",$371.47,"1,913 mi",21,$0.1942
ANC,GRR,"7,630",$440.19,"2,957 mi",21,$0.1489
CVG,GUA,"7,630",$396.14,"1,675 mi",21,$0.2365
AUS,SFB,"7,629",$126.70,962 mi,21,$0.1317
LAX,MLA,"7,623",$949.16,"6,534 mi",21,$0.1453
DCA,SXM,"7,622",$392.29,"1,614 mi",21,$0.2431
SJC,LIT,"7,622",$276.05,"1,612 mi",21,$0.1712
SAN,AMA,"7,619",$244.75,876 mi,21,$0.2794
ONT,ALB,"7,617",$311.69,"2,345 mi",21,$0.1329
ORD,BEY,"7,613",$529.80,"6,273 mi",21,$0.0845
MIA,SBA,"7,613",$371.15,"2,495 mi",21,$0.1488
IAD,PRN,"7,612",$584.72,"4,987 mi",21,$0.1172
SFO,QRO,"7,607",$437.42,"1,720 mi",21,$0.2543
EWR,AGS,"7,606",$289.04,643 mi,21,$0.4495
CLE,MAD,"7,602",$653.77,"4,053 mi",21,$0.1613
MIA,ROA,"7,602",$298.39,773 mi,21,$0.3860
MIA,YEG,"7,600",$380.80,"2,480 mi",21,$0.1535
FLL,MAD,"7,600",$356.33,"4,530 mi",21,$0.0787
MCO,VER,"7,600",$224.21,"1,171 mi",21,$0.1915
IAD,KGL,"7,599",$818.88,"7,028 mi",21,$0.1165
DTW,FCA,"7,598",$325.93,"1,503 mi",21,$0.2169
CLE,SGF,"7,597",$286.14,660 mi,21,$0.4335
EWR,BDQ,"7,597",$581.21,"7,376 mi",21,$0.0788
FLL,EUG,"7,592",$299.72,"2,614 mi",21,$0.1147
LGA,XPL,"7,591",$223.20,"1,937 mi",21,$0.1152
LAS,AVP,"7,588",$337.84,"2,202 mi",21,$0.1534
EWR,MFR,"7,587",$364.23,"2,412 mi",21,$0.1510
BOS,BOD,"7,586",$779.60,"3,306 mi",21,$0.2358
MIA,DAV,"7,586",$322.18,"1,247 mi",21,$0.2584
ATL,DPS,"7,585","$1,254.39","10,003 mi",21,$0.1254
LAS,HPN,"7,583",$315.92,"2,311 mi",21,$0.1367
PHX,YQU,"7,582",$206.88,"1,493 mi",21,$0.1386
DCA,MOB,"7,581",$283.38,874 mi,21,$0.3242
MIA,DAY,"7,580",$255.67,971 mi,21,$0.2633
STL,GRB,"7,578",$321.78,425 mi,21,$0.7571
LAX,CBR,"7,577","$1,446.14","7,409 mi",21,$0.1952
SAT,MRY,"7,577",$271.31,"1,477 mi",21,$0.1837
LAS,OSL,"7,576",$540.32,"5,276 mi",21,$0.1024
ATL,BIL,"7,575",$345.78,"1,569 mi",21,$0.2204
HNL,LIT,"7,574",$511.74,"3,922 mi",21,$0.1305
SFO,GRB,"7,569",$380.96,"1,887 mi",21,$0.2019
MSY,GUA,"7,567",$308.90,"1,033 mi",21,$0.2990
BNA,GDL,"7,564",$309.69,"1,518 mi",21,$0.2040
MIA,MEL,"7,560","$2,330.40","9,980 mi",21,$0.2335
EWR,STX,"7,559",$351.24,"1,733 mi",21,$0.2027
PHX,UVF,"7,555",$449.62,"3,571 mi",21,$0.1259
PIT,BGR,"7,555",$245.27,671 mi,21,$0.3655
MCO,AYT,"7,554",$486.03,"5,950 mi",21,$0.0817
IAH,GTF,"7,554",$348.69,"1,435 mi",21,$0.2430
PIT,AGS,"7,554",$258.99,516 mi,21,$0.5019
IAD,AVP,"7,545",$199.35,195 mi,21,$1.0223
IAH,AMD,"7,544",$966.74,"8,423 mi",21,$0.1148
PHL,MFE,"7,544",$407.66,"1,577 mi",21,$0.2585
ANC,SJU,"7,542",$650.60,"5,055 mi",21,$0.1287
DTW,LIM,"7,540",$749.23,"3,655 mi",21,$0.2050
RDU,MLI,"7,540",$239.95,761 mi,21,$0.3153
CVG,MXP,"7,538",$944.44,"4,645 mi",21,$0.2033
AUS,EGE,"7,538",$311.31,811 mi,21,$0.3839
AUS,YOW,"7,533",$436.75,"1,630 mi",21,$0.2679
MCI,GUA,"7,533",$415.24,"1,674 mi",21,$0.2481
BNA,TVC,"7,531",$258.19,616 mi,21,$0.4191
TPA,MAN,"7,530",$508.04,"4,172 mi",21,$0.1218
IAD,XNA,"7,529",$363.38,967 mi,21,$0.3758
BOS,LBB,"7,529",$346.91,"1,823 mi",21,$0.1903
IAH,HAM,"7,528","$1,237.68","4,996 mi",21,$0.2477
SDF,OAK,"7,525",$329.65,"1,916 mi",21,$0.1721
BOS,BIO,"7,524",$549.36,"3,250 mi",21,$0.1690
STL,PVG,"7,522","$1,317.32","6,968 mi",21,$0.1891
MCI,ITM,"7,518","$1,322.42","6,592 mi",21,$0.2006
ATL,GYN,"7,516",$612.45,"4,051 mi",21,$0.1512
LEX,SMF,"7,515",$317.31,"1,930 mi",21,$0.1644
OGG,EUG,"7,513",$315.12,"2,410 mi",21,$0.1308
SFO,VPS,"7,513",$339.50,"2,161 mi",21,$0.1571
ATL,SKB,"7,512",$384.25,"1,702 mi",21,$0.2258
TPA,IST,"7,510",$646.36,"6,124 mi",21,$0.1055
ATL,GYE,"7,507",$327.84,"2,566 mi",21,$0.1278
LAX,VRN,"7,507",$633.50,"6,288 mi",21,$0.1007
JAX,MAF,"7,504",$257.70,"1,250 mi",21,$0.2062
BUR,MEM,"7,502",$309.97,"1,561 mi",21,$0.1986
CLE,MHT,"7,501",$203.13,559 mi,21,$0.3634
LAX,CUR,"7,499",$451.39,"3,340 mi",21,$0.1351
SDF,EYW,"7,499",$261.08,998 mi,21,$0.2616
SEA,SHV,"7,498",$392.79,"1,760 mi",21,$0.2232
TPA,HKG,"7,497","$1,625.74","8,529 mi",21,$0.1906
AUS,ATW,"7,496",$246.59,"1,126 mi",21,$0.2190
LAS,CEB,"7,494",$578.50,"7,212 mi",21,$0.0802
EWR,POS,"7,492",$292.26,"2,289 mi",21,$0.1277
PDX,LBB,"7,491",$307.28,"1,331 mi",21,$0.2309
JFK,ORH,"7,491",$106.48,154 mi,21,$0.6914
RDU,SYD,"7,491","$1,663.95","9,344 mi",21,$0.1781
ONT,LHR,"7,487",$424.86,"5,572 mi",21,$0.0762
IAH,VCT,"7,487",$63.30,127 mi,21,$0.4984
JFK,BJL,"7,486",$430.27,"4,025 mi",21,$0.1069
AUS,BUD,"7,486",$692.62,"5,625 mi",21,$0.1231
IAH,DLH,"7,485",$355.58,"1,142 mi",21,$0.3114
LGA,AMS,"7,484",$516.06,"3,740 mi",21,$0.1380
SFO,CLO,"7,484",$350.60,"3,624 mi",21,$0.0967
SEA,DOH,"7,482",$931.62,"7,175 mi",20,$0.1298
DEN,PIR,"7,481",$202.82,397 mi,20,$0.5109
BNA,YHZ,"7,478",$269.07,"1,312 mi",20,$0.2051
HNL,MYJ,"7,477",$436.22,"4,387 mi",20,$0.0994
ORD,VLC,"7,476",$573.95,"4,234 mi",20,$0.1356
SAN,HDN,"7,472",$220.97,746 mi,20,$0.2962
LEX,SAV,"7,471",$226.65,465 mi,20,$0.4874
BNA,AVP,"7,471",$278.80,670 mi,20,$0.4161
BUR,BDL,"7,462",$359.28,"2,436 mi",20,$0.1475
SDF,FAY,"7,462",$225.20,426 mi,20,$0.5286
BNA,SAL,"7,460",$283.99,"1,527 mi",20,$0.1860
SAN,YWG,"7,456",$248.57,"1,612 mi",20,$0.1542
SFO,YQB,"7,455",$440.01,"2,558 mi",20,$0.1720
MCI,BIL,"7,454",$246.82,808 mi,20,$0.3055
BWI,SDQ,"7,453",$197.02,"1,538 mi",20,$0.1281
JFK,CLJ,"7,453",$417.63,"4,695 mi",20,$0.0890
RDU,BKK,"7,453",$991.23,"8,742 mi",20,$0.1134
DAL,PWM,"7,450",$290.10,"1,564 mi",20,$0.1855
SEA,LIN,"7,450",$982.12,"5,219 mi",20,$0.1882
MSP,MGQ,"7,448",$486.04,"8,067 mi",20,$0.0603
PDX,CAE,"7,444",$380.81,"2,246 mi",20,$0.1696
LAX,ADD,"7,444",$505.93,"8,843 mi",20,$0.0572
LGA,NRT,"7,443",$739.54,"6,517 mi",20,$0.1135
SAT,FWA,"7,442",$260.68,"1,054 mi",20,$0.2473
MCI,SHV,"7,440",$272.59,462 mi,20,$0.5900
ORD,BGW,"7,439",$521.57,"6,610 mi",20,$0.0789
MCI,CRP,"7,438",$297.65,788 mi,20,$0.3777
MCO,MGA,"7,435",$331.96,"1,133 mi",20,$0.2930
DFW,FLR,"7,434",$832.26,"5,640 mi",20,$0.1476
CVG,FAT,"7,427",$313.11,"1,848 mi",20,$0.1694
EWR,JED,"7,426",$369.44,"6,178 mi",20,$0.0598
ANC,EUG,"7,425",$377.40,"1,653 mi",20,$0.2283
PHX,YQB,"7,425",$418.96,"2,235 mi",20,$0.1875
DEN,BLI,"7,425",$281.14,"1,105 mi",20,$0.2544
ORD,NCL,"7,425",$819.55,"3,901 mi",20,$0.2101
BOS,MLA,"7,423",$793.04,"4,538 mi",20,$0.1748
EWR,OAX,"7,423",$336.98,"2,054 mi",20,$0.1641
LAX,BRO,"7,421",$315.85,"1,329 mi",20,$0.2377
MSP,GDL,"7,421",$420.26,"1,832 mi",20,$0.2294
RDU,MFE,"7,419",$247.10,"1,289 mi",20,$0.1917
AUS,CTG,"7,419",$185.43,"2,032 mi",20,$0.0913
IAD,AGS,"7,416",$320.58,474 mi,20,$0.6763
LAX,PXM,"7,415",$195.44,"1,876 mi",20,$0.1042
DEN,STI,"7,413",$287.74,"2,536 mi",20,$0.1135
SDF,HND,"7,412","$1,352.13","6,373 mi",20,$0.2122
DFW,OSL,"7,412",$755.95,"4,694 mi",20,$0.1610
LGA,AUA,"7,410",$296.48,"2,027 mi",20,$0.1463
MIA,TVC,"7,407",$340.97,"1,302 mi",20,$0.2619
LGA,HYA,"7,406",$224.07,202 mi,20,$1.1093
ORD,LGB,"7,406",$250.75,"1,680 mi",20,$0.1493
SFO,BIH,"7,406",$189.59,228 mi,20,$0.8315
LAS,STT,"7,405",$321.25,"3,375 mi",20,$0.0952
SAT,AVL,"7,404",$248.68,982 mi,20,$0.2532
SEA,UIO,"7,401",$518.81,"4,087 mi",20,$0.1269
MCO,DLH,"7,397",$302.80,"1,359 mi",20,$0.2228
HOU,PSP,"7,396",$240.97,"1,240 mi",20,$0.1943
LAX,BHX,"7,395",$608.90,"5,518 mi",20,$0.1103
TPA,KIN,"7,392",$255.77,760 mi,20,$0.3365
SJC,HSV,"7,389",$343.54,"1,904 mi",20,$0.1804
IAD,VNO,"7,389",$791.67,"4,395 mi",20,$0.1801
JFK,BGA,"7,388",$327.42,"2,247 mi",20,$0.1457
MSY,ISP,"7,388",$281.96,"1,180 mi",20,$0.2389
CVG,HYD,"7,388",$595.18,"8,145 mi",20,$0.0731
PDX,CHA,"7,387",$268.97,"2,140 mi",20,$0.1257
SJC,YVR,"7,387",$273.93,795 mi,20,$0.3446
MIA,LGB,"7,386",$231.94,"2,393 mi",20,$0.0969
ONT,CHA,"7,386",$279.03,"1,782 mi",20,$0.1566
SFO,SVQ,"7,386",$555.48,"5,685 mi",20,$0.0977
SFO,HAJ,"7,384","$1,265.97","5,413 mi",20,$0.2339
MCO,BFL,"7,383",$339.93,"2,183 mi",20,$0.1557
SEA,TLH,"7,383",$407.56,"2,254 mi",20,$0.1808
IAD,SJJ,"7,382",$694.18,"4,541 mi",20,$0.1529
RDU,SHV,"7,378",$275.14,864 mi,20,$0.3184
BOS,DOH,"7,376","$1,011.37","6,310 mi",20,$0.1603
PHL,YEG,"7,371",$418.62,"1,951 mi",20,$0.2146
TPA,RAP,"7,371",$297.81,"1,636 mi",20,$0.1820
IAD,SKG,"7,370",$551.82,"4,856 mi",20,$0.1136
PHX,BZE,"7,366",$306.90,"1,779 mi",20,$0.1725
PHX,EVV,"7,364",$363.46,"1,363 mi",20,$0.2667
HNL,FCO,"7,363",$703.63,"8,270 mi",20,$0.0851
SAT,CHA,"7,363",$285.96,888 mi,20,$0.3220
IAH,YQB,"7,363",$427.16,"1,780 mi",20,$0.2400
SLC,ROA,"7,359",$425.26,"1,672 mi",20,$0.2543
IAD,IDA,"7,359",$414.29,"1,867 mi",20,$0.2219
DFW,CRW,"7,356",$313.69,917 mi,20,$0.3421
MCO,COR,"7,356",$697.34,"4,406 mi",20,$0.1583
IAD,ZAG,"7,349",$816.25,"4,381 mi",20,$0.1863
LEX,RSW,"7,349",$268.05,788 mi,20,$0.3402
DCA,PIA,"7,349",$235.92,663 mi,20,$0.3558
ORD,HMO,"7,346",$366.67,"1,615 mi",20,$0.2270
LAS,BJX,"7,344",$225.59,"1,289 mi",20,$0.1750
DFW,GYE,"7,342",$251.30,"2,748 mi",20,$0.0914
ONT,PVR,"7,342",$160.41,"1,157 mi",20,$0.1386
PHL,MRY,"7,340",$403.48,"2,586 mi",20,$0.1560
BWI,UVF,"7,339",$378.35,"2,062 mi",20,$0.1835
FLL,JAC,"7,337",$523.67,"2,033 mi",20,$0.2576
SAT,SBN,"7,333",$278.06,"1,049 mi",20,$0.2651
IAD,PVR,"7,325",$326.05,"2,138 mi",20,$0.1525
DCA,YUM,"7,325",$445.76,"2,070 mi",20,$0.2153
IAD,BAH,"7,319","$1,410.36","6,617 mi",20,$0.2131
LAS,WAW,"7,317",$775.82,"5,965 mi",20,$0.1301
ORD,OKA,"7,317",$966.67,"7,424 mi",20,$0.1302
IAH,OPO,"7,314",$782.54,"4,587 mi",20,$0.1706
JFK,GYN,"7,312",$640.30,"4,131 mi",20,$0.1550
SFO,MFE,"7,307",$334.26,"1,567 mi",20,$0.2133
SEA,SGU,"7,307",$309.54,867 mi,20,$0.3570
IAD,GOT,"7,306",$631.40,"4,113 mi",20,$0.1535
RDU,SAP,"7,306",$204.63,"1,566 mi",20,$0.1307
HOU,PWM,"7,305",$244.28,"1,728 mi",20,$0.1414
DTW,CUR,"7,300",$409.82,"2,181 mi",20,$0.1879
MCI,GRB,"7,299",$340.60,478 mi,20,$0.7126
CLT,BJX,"7,298",$323.53,"1,537 mi",20,$0.2105
SFO,GYN,"7,298",$538.61,"5,859 mi",20,$0.0919
IAD,RIC,"7,297",$96.37,97 mi,20,$0.9935
SAN,TVC,"7,290",$343.32,"1,823 mi",20,$0.1883
SFO,GNV,"7,290",$351.95,"2,424 mi",20,$0.1452
CVG,GDL,"7,289",$319.57,"1,641 mi",20,$0.1947
TPA,MOB,"7,289",$301.95,404 mi,20,$0.7474
ATL,COK,"7,286",$638.22,"8,884 mi",20,$0.0718
DCA,AUA,"7,286",$231.34,"1,815 mi",20,$0.1275
DFW,WAW,"7,285","$1,163.88","5,637 mi",20,$0.2065
FLL,EYW,"7,285",$79.44,141 mi,20,$0.5634
ORD,ZIH,"7,283",$333.45,"1,809 mi",20,$0.1843
DCA,MTY,"7,278",$375.65,"1,566 mi",20,$0.2399
MEM,HND,"7,275","$1,397.05","6,403 mi",20,$0.2182
MSP,TLH,"7,271",$414.29,"1,144 mi",20,$0.3621
CLT,VIE,"7,269",$676.25,"4,626 mi",20,$0.1462
BOS,PRN,"7,269",$298.17,"4,297 mi",20,$0.0694
RDU,HRL,"7,268",$241.84,"1,336 mi",20,$0.1810
DAL,MTJ,"7,268",$235.34,710 mi,20,$0.3315
LAX,TNA,"7,267",$497.07,"6,185 mi",20,$0.0804
JAX,TIA,"7,266",$375.26,"5,551 mi",20,$0.0676
BWI,MDE,"7,262",$162.14,"2,350 mi",20,$0.0690
JAX,SJD,"7,261",$400.59,"1,742 mi",20,$0.2300
LAS,TRI,"7,259",$388.75,"1,869 mi",20,$0.2080
IAD,CHA,"7,257",$333.61,490 mi,20,$0.6808
ATL,NUE,"7,256",$670.28,"4,578 mi",20,$0.1464
CLT,NCE,"7,255",$548.77,"4,380 mi",20,$0.1253
ANC,MCG,"7,255",$122.42,226 mi,20,$0.5417
DTW,FLR,"7,254",$626.75,"4,626 mi",20,$0.1355
SFO,IDA,"7,249",$278.26,657 mi,20,$0.4235
PHL,RDM,"7,248",$375.34,"2,413 mi",20,$0.1555
LAS,JAC,"7,244",$286.36,587 mi,20,$0.4878
TPA,ECP,"7,243",$279.88,265 mi,20,$1.0562
MCO,GYN,"7,242",$570.84,"3,893 mi",20,$0.1466
TPA,YQB,"7,240",$419.39,"1,476 mi",20,$0.2841
STL,STT,"7,240",$435.14,"2,138 mi",20,$0.2035
HNL,KMQ,"7,239",$542.73,"3,910 mi",20,$0.1388
AUS,AUA,"7,238",$310.65,"2,212 mi",20,$0.1404
DFW,OPO,"7,236",$621.54,"4,833 mi",20,$0.1286
ORD,HHH,"7,236",$236.25,805 mi,20,$0.2935
MSY,JAC,"7,236",$378.28,"1,509 mi",20,$0.2507
DCA,OKA,"7,234",$857.90,"7,897 mi",20,$0.1086
MCO,DUS,"7,230",$342.33,"4,493 mi",20,$0.0762
PHX,NBO,"7,229",$660.18,"9,159 mi",20,$0.0721
PHL,LBB,"7,225",$319.25,"1,572 mi",20,$0.2031
AUS,EYW,"7,225",$256.87,"1,082 mi",20,$0.2374
ORD,BHX,"7,220",$609.95,"3,746 mi",20,$0.1628
OGG,SNA,"7,219",$333.16,"2,584 mi",20,$0.1289
HNL,RDM,"7,219",$462.49,"2,703 mi",20,$0.1711
SFO,ALG,"7,217",$502.74,"6,425 mi",20,$0.0782
SFO,LJU,"7,216","$1,307.47","6,238 mi",20,$0.2096
PHX,AMM,"7,215",$657.98,"7,251 mi",20,$0.0907
BOS,BNE,"7,211","$1,814.74","9,472 mi",20,$0.1916
CVG,DEL,"7,209",$681.06,"7,848 mi",20,$0.0868
EWR,STR,"7,208",$732.14,"4,043 mi",20,$0.1811
MCO,AMM,"7,206",$609.53,"6,784 mi",20,$0.0898
DFW,ISB,"7,202",$738.45,"8,032 mi",20,$0.0919
SAT,ILM,"7,202",$273.38,"1,210 mi",20,$0.2259
BOS,SJJ,"7,199",$393.58,"4,397 mi",20,$0.0895
CLT,SBA,"7,199",$284.08,"2,259 mi",20,$0.1258
IAH,ARN,"7,199",$875.60,"5,338 mi",20,$0.1640
MEM,MAF,"7,198",$208.79,714 mi,20,$0.2924
DTW,STR,"7,197","$1,253.38","4,351 mi",20,$0.2881
BOS,BIL,"7,197",$347.75,"1,805 mi",20,$0.1927
ANC,LGA,"7,196",$506.68,"3,265 mi",20,$0.1552
DFW,TRV,"7,196",$731.58,"9,264 mi",20,$0.0790
MIA,GRB,"7,195",$322.62,"1,323 mi",20,$0.2439
DTW,NCE,"7,194",$898.84,"4,462 mi",20,$0.2014
MSP,YLW,"7,191",$281.19,"1,227 mi",20,$0.2292
STL,SJJ,"7,190",$476.63,"5,050 mi",20,$0.0944
MEM,ILM,"7,189",$275.10,667 mi,20,$0.4124
PDX,BLR,"7,188","$1,299.95","8,426 mi",20,$0.1543
SLC,AMA,"7,186",$249.98,658 mi,20,$0.3799
LAX,HUX,"7,185",$217.61,"1,919 mi",20,$0.1134
DEN,AGU,"7,185",$231.52,"1,300 mi",20,$0.1781
SAN,BUD,"7,185",$727.57,"6,462 mi",20,$0.1126
MSY,OGG,"7,184",$500.36,"4,246 mi",20,$0.1178
PHL,MTY,"7,183",$343.74,"1,680 mi",20,$0.2046
DTW,MAF,"7,182",$281.31,"1,292 mi",20,$0.2177
JAX,TPA,"7,180",$437.70,186 mi,20,$2.3532
PHL,BER,"7,180",$758.63,"3,941 mi",20,$0.1925
DEN,KRK,"7,180",$871.02,"5,530 mi",20,$0.1575
SEA,YAK,"7,180",$327.30,"1,057 mi",20,$0.3096
IAD,MVD,"7,179",$927.84,"5,436 mi",20,$0.1707
TPA,JNB,"7,175",$980.21,"8,483 mi",20,$0.1155
MCO,CEB,"7,172",$778.05,"8,994 mi",20,$0.0865
DTW,SDQ,"7,171",$334.63,"1,774 mi",20,$0.1886
AUS,BIL,"7,170",$261.81,"1,265 mi",20,$0.2070
JFK,VRN,"7,164",$361.59,"3,962 mi",20,$0.0913
ORD,YYJ,"7,154",$328.88,"1,716 mi",20,$0.1917
DTW,AGU,"7,153",$549.29,"1,738 mi",20,$0.3160
MSY,YEG,"7,152",$431.80,"1,932 mi",20,$0.2235
IAD,GRR,"7,150",$300.31,486 mi,20,$0.6179
TPA,ARN,"7,149",$425.30,"5,060 mi",20,$0.0841
HNL,TSA,"7,148","$1,108.33","4,890 mi",20,$0.2267
DFW,CPR,"7,147",$313.01,834 mi,20,$0.3753
MSY,GRB,"7,147",$328.95,978 mi,20,$0.3363
JFK,MPL,"7,146",$786.41,"3,723 mi",20,$0.2112
BOS,CWB,"7,145",$655.70,"5,040 mi",20,$0.1301
SFO,DAC,"7,142",$915.47,"7,917 mi",20,$0.1156
BNA,GPT,"7,139",$244.39,431 mi,20,$0.5670
ATL,AZO,"7,137",$280.21,615 mi,20,$0.4556
STL,PLS,"7,136",$343.17,"1,636 mi",20,$0.2098
BWI,GRK,"7,133",$407.47,"1,277 mi",20,$0.3191
LAS,PRG,"7,133",$617.00,"5,559 mi",20,$0.1110
LEX,ORF,"7,133",$263.69,453 mi,20,$0.5821
FLL,AGS,"7,132",$250.69,531 mi,20,$0.4721
EWR,LIN,"7,130",$591.81,"4,150 mi",20,$0.1426
LGA,YOW,"7,130",$282.72,337 mi,20,$0.8389
ATL,AKL,"7,130","$1,769.07","8,343 mi",20,$0.2120
MEM,ICT,"7,126",$232.18,466 mi,20,$0.4982
EWR,FSD,"7,124",$339.30,"1,135 mi",20,$0.2989
IAD,MRY,"7,122",$456.04,"2,334 mi",20,$0.1954
ORD,EBB,"7,122",$486.08,"7,972 mi",20,$0.0610
SEA,SBN,"7,121",$321.33,"1,744 mi",20,$0.1842
ATL,AVP,"7,118",$288.02,693 mi,20,$0.4156
BOS,BLL,"7,118",$526.92,"3,424 mi",20,$0.1539
ANC,YAK,"7,116",$335.44,382 mi,19,$0.8781
OGG,CDG,"7,108","$1,132.47","7,213 mi",19,$0.1570
SLC,MHT,"7,107",$275.55,"2,009 mi",19,$0.1372
LAS,ABE,"7,106",$340.92,"2,221 mi",19,$0.1535
DCA,YWG,"7,106",$263.33,"1,212 mi",19,$0.2173
SAN,RAP,"7,105",$270.55,"1,124 mi",19,$0.2407
SLC,TVC,"7,105",$375.15,"1,319 mi",19,$0.2844
JAX,NAS,"7,104",$289.84,471 mi,19,$0.6154
FLL,FNT,"7,101",$160.14,"1,149 mi",19,$0.1394
ORD,CNX,"7,100",$615.44,"7,970 mi",19,$0.0772
MCI,IDA,"7,099",$289.28,971 mi,19,$0.2979
MIA,IGU,"7,098",$489.56,"3,828 mi",19,$0.1279
ORD,MZT,"7,097",$188.43,"1,725 mi",19,$0.1092
SAT,SGN,"7,096",$556.98,"8,909 mi",19,$0.0625
BWI,MLB,"7,095",$293.10,774 mi,19,$0.3787
LAX,PEI,"7,094",$392.07,"3,291 mi",19,$0.1191
BNA,PLS,"7,093",$347.52,"1,277 mi",19,$0.2721
ATL,ABY,"7,088",$135.64,150 mi,19,$0.9043
AUS,FAR,"7,087",$257.17,"1,192 mi",19,$0.2157
SAN,ARN,"7,084",$557.79,"5,727 mi",19,$0.0974
SLC,FWA,"7,082",$304.55,"1,436 mi",19,$0.2121
DEN,HAV,"7,081",$282.87,"1,694 mi",19,$0.1670
STL,ILM,"7,078",$258.77,734 mi,19,$0.3525
MDW,GSP,"7,077",$233.68,579 mi,19,$0.4036
BNA,AMA,"7,075",$251.50,870 mi,19,$0.2891
BOS,ZAG,"7,072",$511.52,"3,981 mi",19,$0.1285
MSP,AGS,"7,070",$380.75,966 mi,19,$0.3942
HNL,KOJ,"7,067",$583.82,"4,262 mi",19,$0.1370
SDF,MEX,"7,066",$403.55,"1,476 mi",19,$0.2734
RDU,TLV,"7,065","$1,000.64","5,898 mi",19,$0.1697
DFW,CPT,"7,064","$1,281.81","8,525 mi",19,$0.1504
BUR,TUS,"7,059",$237.08,466 mi,19,$0.5088
ATL,IDA,"7,056",$394.38,"1,681 mi",19,$0.2346
ATL,MBS,"7,054",$306.37,705 mi,19,$0.4346
SEA,ROA,"7,054",$398.57,"2,306 mi",19,$0.1728
IAD,LEX,"7,053",$257.71,380 mi,19,$0.6782
LAX,AVP,"7,052",$392.72,"2,295 mi",19,$0.1711
PHL,FAI,"7,052",$496.30,"3,368 mi",19,$0.1474
JFK,JTR,"7,049",$478.82,"5,213 mi",19,$0.0919
MCO,NBO,"7,048",$761.57,"7,725 mi",19,$0.0986
SAN,MAN,"7,043",$912.75,"5,491 mi",19,$0.1662
PHX,JNB,"7,042","$1,234.85","9,716 mi",19,$0.1271
DCA,YEG,"7,038",$340.19,"1,925 mi",19,$0.1767
PIT,LBB,"7,038",$313.04,"1,238 mi",19,$0.2529
MIA,DBV,"7,037",$823.95,"5,276 mi",19,$0.1562
ANC,BZN,"7,036",$422.33,"1,932 mi",19,$0.2186
DCA,HKG,"7,036","$1,791.66","7,907 mi",19,$0.2266
MCI,BTR,"7,033",$269.18,619 mi,19,$0.4349
DEN,ACC,"7,032",$769.60,"6,527 mi",19,$0.1179
RDU,GSP,"7,031",$239.76,199 mi,19,$1.2048
BOS,MAF,"7,029",$249.90,"1,794 mi",19,$0.1393
ATL,GTR,"7,029",$203.72,235 mi,19,$0.8669
CVG,HSV,"7,023",$267.91,336 mi,19,$0.7974
IAH,ABE,"7,022",$331.43,"1,297 mi",19,$0.2555
SAT,ATW,"7,019",$250.53,"1,120 mi",19,$0.2237
SLC,HRL,"7,019",$260.20,"1,336 mi",19,$0.1948
DTW,JAC,"7,015",$415.13,"1,342 mi",19,$0.3093
MIA,XRY,"7,014",$784.88,"4,472 mi",19,$0.1755
ANC,MFR,"7,014",$357.40,"1,665 mi",19,$0.2147
SAN,BTR,"7,013",$282.35,"1,489 mi",19,$0.1896
BNA,NRT,"7,012","$1,301.15","6,821 mi",19,$0.1908
DFW,CTG,"7,008",$271.93,"2,006 mi",19,$0.1356
TPA,AMD,"7,006",$476.36,"8,284 mi",19,$0.0575
DTW,BTR,"7,005",$316.09,942 mi,19,$0.3356
STL,LIS,"7,003",$706.70,"4,089 mi",19,$0.1728
MIA,BOD,"7,003",$702.89,"4,357 mi",19,$0.1613
LAX,PSP,"7,000",$185.77,112 mi,19,$1.6587
LGA,MGM,"7,000",$271.10,934 mi,19,$0.2903
LAX,CHO,"6,997",$392.39,"2,167 mi",19,$0.1811
RDU,ANU,"6,996",$289.55,"1,712 mi",19,$0.1691
LAX,BGR,"6,994",$415.71,"2,626 mi",19,$0.1583
IAD,MSO,"6,994",$335.40,"1,971 mi",19,$0.1702
SAT,VCE,"6,992",$560.27,"5,513 mi",19,$0.1016
SAN,AGS,"6,992",$318.67,"2,092 mi",19,$0.1523
JAX,LIS,"6,988",$784.76,"4,179 mi",19,$0.1878
BWI,JAC,"6,986",$396.84,"1,726 mi",19,$0.2299
SFO,TLH,"6,986",$443.11,"2,152 mi",19,$0.2059
MCO,PEK,"6,985","$1,222.61","7,792 mi",19,$0.1569
PIT,LFT,"6,982",$294.54,941 mi,19,$0.3130
SFO,YXE,"6,981",$290.42,"1,221 mi",19,$0.2379
TPA,ASE,"6,980",$571.25,"1,546 mi",19,$0.3695
STL,MNL,"6,980","$1,047.79","7,988 mi",19,$0.1312
IAD,MGW,"6,979",$99.79,144 mi,19,$0.6930
SJC,GSP,"6,978",$347.29,"2,272 mi",19,$0.1529
LAS,HEL,"6,973",$873.22,"5,241 mi",19,$0.1666
ANC,ABQ,"6,972",$421.16,"2,535 mi",19,$0.1661
PHX,GUP,"6,971",$138.01,240 mi,19,$0.5750
BWI,FSD,"6,969",$243.98,"1,113 mi",19,$0.2192
LAS,JNB,"6,968","$1,337.91","9,875 mi",19,$0.1355
ANC,RSW,"6,967",$593.21,"4,024 mi",19,$0.1474
TPA,MTY,"6,967",$283.27,"1,060 mi",19,$0.2672
SAT,MUC,"6,965",$640.73,"5,383 mi",19,$0.1190
CVG,VCE,"6,963",$721.79,"4,523 mi",19,$0.1596
DEN,YQR,"6,962",$230.52,752 mi,19,$0.3065
BNA,HPN,"6,962",$226.92,801 mi,19,$0.2833
IAH,KWI,"6,962","$1,561.90","7,916 mi",19,$0.1973
ORD,BRO,"6,961",$289.54,"1,198 mi",19,$0.2417
STL,BTR,"6,959",$265.59,586 mi,19,$0.4532
IAD,SPU,"6,958",$637.60,"4,744 mi",19,$0.1344
AUS,TVC,"6,956",$317.22,"1,165 mi",19,$0.2723
CLE,EDI,"6,954",$472.74,"3,615 mi",19,$0.1308
SAN,GJT,"6,952",$223.27,675 mi,19,$0.3308
PHX,MAN,"6,949","$1,003.19","5,274 mi",19,$0.1902
OGG,ICN,"6,948",$586.09,"4,805 mi",19,$0.1220
LAX,SIT,"6,947",$474.80,"1,730 mi",19,$0.2745
ATL,PUS,"6,945","$1,549.47","7,431 mi",19,$0.2085
JFK,FOR,"6,938",$739.77,"3,677 mi",19,$0.2012
IAD,BGW,"6,935",$662.59,"6,392 mi",19,$0.1037
RDU,ARN,"6,934",$707.42,"4,465 mi",19,$0.1584
LGA,OGG,"6,933",$636.86,"4,762 mi",19,$0.1337
LGA,MSO,"6,932",$422.88,"1,964 mi",19,$0.2153
IAD,ASE,"6,931",$646.84,"1,617 mi",19,$0.4000
MIA,FWA,"6,930",$274.51,"1,119 mi",19,$0.2453
PDX,GJT,"6,928",$230.42,869 mi,19,$0.2652
AUS,DXB,"6,926","$1,437.38","8,456 mi",19,$0.1700
OGG,GRR,"6,924",$527.90,"4,425 mi",19,$0.1193
JAX,LBB,"6,924",$281.20,"1,161 mi",19,$0.2422
PDX,GTF,"6,923",$264.87,533 mi,19,$0.4969
MIA,IQQ,"6,922",$783.81,"3,370 mi",19,$0.2326
TPA,SIN,"6,920","$1,828.31","10,053 mi",19,$0.1819
MSY,PLS,"6,917",$336.60,"1,214 mi",19,$0.2773
SEA,OTZ,"6,915",$522.57,"2,018 mi",19,$0.2590
HNL,KWA,"6,914","$1,166.77","2,371 mi",19,$0.4921
DCA,NRT,"6,908","$1,264.60","6,552 mi",19,$0.1930
EWR,MGA,"6,907",$372.81,"2,166 mi",19,$0.1721
ORD,GOT,"6,906",$423.22,"4,044 mi",19,$0.1047
SAN,EYW,"6,906",$321.69,"2,276 mi",19,$0.1413
DTW,OTP,"6,905",$596.81,"5,180 mi",19,$0.1152
LAX,TIA,"6,904",$394.29,"6,788 mi",19,$0.0581
JAX,SHV,"6,903",$230.21,706 mi,19,$0.3261
LAX,AMA,"6,902",$287.85,982 mi,19,$0.2931
JFK,DLC,"6,900",$836.16,"7,058 mi",19,$0.1185
BUR,BHM,"6,899",$316.18,"1,860 mi",19,$0.1700
SDF,YUL,"6,898",$280.59,772 mi,19,$0.3635
ORD,GDN,"6,896",$366.19,"4,630 mi",19,$0.0791
ANC,CHS,"6,893",$510.14,"3,490 mi",19,$0.1462
CLT,RDM,"6,893",$364.52,"2,135 mi",19,$0.1707
LGA,SAP,"6,892",$200.79,"2,000 mi",19,$0.1004
IAD,LIH,"6,892",$749.66,"4,711 mi",19,$0.1591
PHL,BZE,"6,892",$303.16,"1,678 mi",19,$0.1807
IAD,MYR,"6,891",$203.04,384 mi,19,$0.5288
FLL,YQR,"6,890",$284.51,"2,060 mi",19,$0.1381
IAH,ITM,"6,887","$1,719.31","7,079 mi",19,$0.2429
ORD,JST,"6,887",$158.67,470 mi,19,$0.3376
IAD,ECP,"6,886",$275.44,736 mi,19,$0.3742
SAN,FLR,"6,879",$938.56,"6,416 mi",19,$0.1463
DFW,LIN,"6,878",$863.62,"5,174 mi",19,$0.1669
BWI,GPT,"6,874",$239.99,899 mi,19,$0.2670
SEA,KRK,"6,871",$840.16,"5,170 mi",19,$0.1625
HNL,OKJ,"6,870",$530.37,"4,059 mi",19,$0.1307
JFK,JMK,"6,868",$702.38,"5,161 mi",19,$0.1361
LAS,ABI,"6,867",$324.40,946 mi,19,$0.3429
JFK,FNA,"6,867",$352.69,"4,428 mi",19,$0.0796
BOS,FLN,"6,865",$571.83,"5,197 mi",19,$0.1100
DTW,SHV,"6,860",$335.34,858 mi,19,$0.3908
CVG,BOM,"6,859",$694.29,"7,920 mi",19,$0.0877
MSY,ROA,"6,857",$297.92,755 mi,19,$0.3946
LAX,NGB,"6,855",$945.30,"6,745 mi",19,$0.1401
JAX,MAD,"6,855",$697.98,"4,177 mi",19,$0.1671
BNA,MLB,"6,854",$278.86,637 mi,19,$0.4378
RDU,PEK,"6,853","$1,430.47","6,885 mi",19,$0.2078
BOS,MOB,"6,853",$368.67,"1,284 mi",19,$0.2871
HNL,ROC,"6,851",$584.09,"4,886 mi",19,$0.1195
PHX,BLI,"6,849",$284.09,"1,228 mi",19,$0.2313
SEA,BRW,"6,845",$543.38,"2,047 mi",19,$0.2655
EWR,GNV,"6,844",$265.47,913 mi,19,$0.2908
MSP,IDA,"6,843",$325.34,964 mi,19,$0.3375
TPA,TRI,"6,843",$284.80,605 mi,19,$0.4707
LAX,ALA,"6,842",$597.06,"7,218 mi",19,$0.0827
JAX,CID,"6,840",$259.45,993 mi,19,$0.2613
DCA,SAP,"6,839",$221.45,"1,694 mi",19,$0.1307
RDU,GVA,"6,839","$1,044.82","4,139 mi",19,$0.2524
RDU,IST,"6,838",$641.39,"5,246 mi",19,$0.1223
STL,EDI,"6,837",$528.37,"4,072 mi",19,$0.1298
PHL,GNV,"6,836",$310.47,832 mi,19,$0.3732
SAT,ISP,"6,834",$307.89,"1,573 mi",19,$0.1957
BOS,BHX,"6,833",$523.75,"3,278 mi",19,$0.1598
DCA,GCM,"6,833",$262.62,"1,335 mi",19,$0.1967
CLT,GVA,"6,832",$711.70,"4,258 mi",19,$0.1671
JAX,YUL,"6,832",$310.68,"1,086 mi",19,$0.2861
LAS,SOF,"6,826",$545.54,"6,592 mi",19,$0.0828
JFK,AXM,"6,824",$289.93,"2,578 mi",19,$0.1125
LAX,GTF,"6,822",$233.41,974 mi,19,$0.2396
PHL,VIE,"6,822",$666.22,"4,192 mi",19,$0.1589
PIT,DAB,"6,821",$245.36,806 mi,19,$0.3044
SAN,DAB,"6,821",$283.85,"2,080 mi",19,$0.1365
MEM,YUL,"6,820",$321.46,"1,082 mi",19,$0.2971
DCA,MDE,"6,819",$192.12,"2,329 mi",19,$0.0825
DCA,IDA,"6,817",$503.07,"1,781 mi",19,$0.2825
DEN,EVV,"6,816",$333.82,900 mi,19,$0.3709
SEA,MLI,"6,810",$338.32,"1,658 mi",19,$0.2041
SJC,MAF,"6,809",$323.17,"1,214 mi",19,$0.2662
DEN,SAP,"6,807",$290.42,"2,025 mi",19,$0.1434
JFK,JER,"6,806","$1,661.18","3,522 mi",19,$0.4717
STL,AMA,"6,806",$223.12,691 mi,19,$0.3229
DFW,DLH,"6,805",$335.43,967 mi,19,$0.3469
SJC,PVD,"6,805",$275.58,"2,749 mi",19,$0.1002
RDU,FCA,"6,803",$310.67,"2,048 mi",19,$0.1517
CLT,SCL,"6,801","$1,186.62","4,641 mi",19,$0.2557
MSY,SBN,"6,801",$284.24,813 mi,19,$0.3496
OGG,MFR,"6,799",$339.14,"2,370 mi",19,$0.1431
SDF,BTR,"6,798",$253.42,593 mi,19,$0.4274
DCA,AMS,"6,797",$707.43,"3,730 mi",19,$0.1897
MCO,MRY,"6,797",$391.31,"2,337 mi",19,$0.1674
ATL,ABV,"6,797",$563.60,"5,792 mi",19,$0.0973
SFO,GCM,"6,797",$634.32,"2,683 mi",19,$0.2364
BWI,GRB,"6,793",$318.87,715 mi,19,$0.4460
DCA,BIL,"6,792",$309.36,"1,717 mi",19,$0.1802
DTW,JNB,"6,790","$1,341.33","8,226 mi",19,$0.1631
BNA,BIL,"6,789",$266.43,"1,355 mi",19,$0.1966
SEA,MOB,"6,789",$435.92,"2,201 mi",19,$0.1981
DAL,MBJ,"6,787",$261.84,"1,490 mi",19,$0.1757
IAD,GYE,"6,785",$391.26,"2,759 mi",19,$0.1418
LAX,DRW,"6,783","$1,771.70","7,640 mi",19,$0.2319
BOS,QRO,"6,782",$364.51,"2,331 mi",19,$0.1564
BOS,KUL,"6,781","$1,174.82","9,007 mi",19,$0.1304
CLE,HKG,"6,781","$1,148.14","8,157 mi",19,$0.1408
ANC,SDF,"6,780",$510.77,"3,208 mi",19,$0.1592
JFK,CFU,"6,778",$560.26,"4,827 mi",19,$0.1161
STL,BGR,"6,775",$292.11,"1,147 mi",19,$0.2547
LAX,ABE,"6,774",$372.22,"2,311 mi",19,$0.1611
PHX,GNV,"6,774",$353.58,"1,711 mi",19,$0.2067
JFK,UBN,"6,771",$737.19,"6,146 mi",19,$0.1199
CLT,CHO,"6,762",$218.43,252 mi,19,$0.8668
MIA,CCP,"6,761",$725.17,"4,478 mi",19,$0.1619
SLC,KEF,"6,761",$554.28,"3,829 mi",19,$0.1448
EWR,MOB,"6,760",$336.11,"1,078 mi",19,$0.3118
MCI,MFR,"6,759",$278.24,"1,524 mi",19,$0.1826
OGG,TUS,"6,759",$469.47,"2,982 mi",19,$0.1574
STL,FAI,"6,759",$402.29,"2,979 mi",19,$0.1350
JAX,MEX,"6,758",$387.28,"1,287 mi",19,$0.3009
DFW,ITM,"6,755","$2,451.12","6,455 mi",19,$0.3797
DTW,SGN,"6,751",$751.46,"8,980 mi",18,$0.0837
MCI,ROA,"6,750",$278.88,786 mi,18,$0.3548
BNA,TUP,"6,750",$72.20,179 mi,18,$0.4034
MIA,EUG,"6,750",$284.70,"2,619 mi",18,$0.1087
SAN,BOM,"6,748",$789.29,"9,059 mi",18,$0.0871
ATL,YQB,"6,746",$365.79,"1,170 mi",18,$0.3126
TPA,PVG,"6,746","$1,243.57","8,289 mi",18,$0.1500
SJC,PBI,"6,745",$357.79,"2,612 mi",18,$0.1370
DTW,GVA,"6,740",$865.44,"4,317 mi",18,$0.2005
SJC,ITO,"6,739",$354.80,"2,262 mi",18,$0.1569
SLC,CHO,"6,739",$413.60,"1,841 mi",18,$0.2247
AUS,NCE,"6,737","$1,026.44","5,311 mi",18,$0.1933
ORD,NGO,"6,737","$1,687.90","6,228 mi",18,$0.2710
SFO,FWA,"6,736",$319.11,"1,927 mi",18,$0.1656
SFO,ACC,"6,736",$706.75,"7,909 mi",18,$0.0894
BNA,MNL,"6,735","$1,111.78","8,753 mi",18,$0.1270
MEM,LBB,"6,735",$273.42,702 mi,18,$0.3895
MSY,GIG,"6,733","$1,024.41","4,656 mi",18,$0.2200
PHL,BRU,"6,732",$781.08,"3,638 mi",18,$0.2147
FLL,FAR,"6,732",$294.07,"1,653 mi",18,$0.1779
PDX,MXP,"6,731",$886.14,"5,307 mi",18,$0.1670
BOS,HGH,"6,728","$2,177.97","7,589 mi",18,$0.2870
MIA,DAC,"6,728",$750.21,"8,682 mi",18,$0.0864
SFO,SZX,"6,728","$1,273.67","6,694 mi",18,$0.1903
AUS,MAN,"6,727",$861.74,"4,638 mi",18,$0.1858
DAL,SCF,"6,725",$520.94,903 mi,18,$0.5769
JAX,AVL,"6,724",$261.51,355 mi,18,$0.7366
JFK,CNX,"6,723","$1,068.36","8,056 mi",18,$0.1326
JFK,MDZ,"6,723",$677.09,"5,239 mi",18,$0.1292
ONT,STS,"6,722",$158.33,410 mi,18,$0.3862
PDX,JNU,"6,721",$375.11,985 mi,18,$0.3808
DCA,GEO,"6,720",$238.19,"2,600 mi",18,$0.0916
MEM,AMM,"6,720",$555.64,"6,842 mi",18,$0.0812
DCA,GDL,"6,719",$308.33,"2,069 mi",18,$0.1490
IAD,SGF,"6,718",$259.83,899 mi,18,$0.2890
PDX,SBN,"6,716",$341.77,"1,763 mi",18,$0.1939
PHL,DEL,"6,714",$955.85,"7,163 mi",18,$0.1334
CLT,BIL,"6,711",$273.97,"1,661 mi",18,$0.1649
BOS,BTR,"6,709",$287.09,"1,339 mi",18,$0.2144
DFW,LAN,"6,709",$290.20,932 mi,18,$0.3114
ATL,AUH,"6,708","$1,036.34","7,379 mi",18,$0.1404
FLL,NRT,"6,706","$1,244.74","7,190 mi",18,$0.1731
HNL,KMJ,"6,706",$685.40,"4,243 mi",18,$0.1615
LAX,GJT,"6,706",$258.25,634 mi,18,$0.4073
ATL,DHN,"6,704",$147.45,166 mi,18,$0.8883
BWI,ANU,"6,704",$343.99,"1,713 mi",18,$0.2008
LGA,LFT,"6,703",$336.23,"1,212 mi",18,$0.2774
MSY,CRW,"6,701",$308.74,738 mi,18,$0.4183
MCO,SGU,"6,700",$336.58,"2,017 mi",18,$0.1669
ORD,POP,"6,698",$260.79,"1,785 mi",18,$0.1461
PHX,ABI,"6,698",$275.30,740 mi,18,$0.3720
BOS,SAF,"6,696",$450.19,"1,984 mi",18,$0.2269
SAN,BAH,"6,694",$758.69,"8,530 mi",18,$0.0889
EWR,BRI,"6,691",$583.20,"4,369 mi",18,$0.1335
SFO,MOB,"6,691",$392.96,"1,938 mi",18,$0.2028
ATL,MRS,"6,687",$980.13,"4,515 mi",18,$0.2171
LAS,BUD,"6,687",$648.91,"6,195 mi",18,$0.1047
PIT,CID,"6,687",$267.34,622 mi,18,$0.4298
EWR,FNT,"6,686",$189.98,501 mi,18,$0.3792
CLT,SKB,"6,684",$542.97,"1,719 mi",18,$0.3159
PHX,GCM,"6,683",$554.65,"2,059 mi",18,$0.2694
IAD,RAP,"6,683",$319.21,"1,406 mi",18,$0.2270
STL,ROA,"6,681",$292.74,591 mi,18,$0.4953
STL,MXP,"6,680",$911.34,"4,612 mi",18,$0.1976
FLL,CRP,"6,675",$284.41,"1,106 mi",18,$0.2572
LAX,LHE,"6,675",$775.19,"8,072 mi",18,$0.0960
PHX,YMM,"6,675",$333.05,"1,653 mi",18,$0.2015
SFO,CGO,"6,674",$685.21,"6,096 mi",18,$0.1124
ATL,MGA,"6,673",$425.52,"1,444 mi",18,$0.2947
LAS,UIO,"6,672",$355.82,"3,541 mi",18,$0.1005
SFO,SPU,"6,672",$763.02,"6,449 mi",18,$0.1183
MIA,ANF,"6,671",$726.17,"3,361 mi",18,$0.2161
JFK,CUC,"6,669",$295.01,"2,329 mi",18,$0.1267
LAS,PMI,"6,668",$803.16,"6,064 mi",18,$0.1324
PHX,UIO,"6,667",$483.10,"3,089 mi",18,$0.1564
ORD,HAJ,"6,666","$1,140.92","4,407 mi",18,$0.2589
SAN,IST,"6,666",$749.73,"7,089 mi",18,$0.1058
IAD,FAI,"6,664",$503.46,"3,161 mi",18,$0.1593
EWR,BTR,"6,663",$282.33,"1,216 mi",18,$0.2322
CLE,BGR,"6,662",$244.68,675 mi,18,$0.3625
HOU,GSO,"6,662",$225.55,964 mi,18,$0.2340
DCA,SBP,"6,659",$363.88,"2,323 mi",18,$0.1566
PHX,ISP,"6,659",$278.58,"2,250 mi",18,$0.1238
DFW,CMN,"6,659",$608.38,"4,839 mi",18,$0.1257
DCA,CRW,"6,657",$454.47,255 mi,18,$1.7822
CLT,CAE,"6,656",$142.12,86 mi,18,$1.6526
ANC,HND,"6,652","$1,063.04","3,562 mi",18,$0.2984
ONT,MTY,"6,649",$220.48,"1,155 mi",18,$0.1909
PDX,DEL,"6,649",$869.38,"6,951 mi",18,$0.1251
OGG,RDM,"6,648",$358.52,"2,502 mi",18,$0.1433
PHL,BSL,"6,647",$385.04,"4,086 mi",18,$0.0942
ORD,TLS,"6,644",$781.21,"4,159 mi",18,$0.1878
JAX,CHS,"6,644",$284.84,186 mi,18,$1.5314
SEA,BGR,"6,644",$451.56,"2,441 mi",18,$0.1850
BWI,CRP,"6,642",$311.81,"1,388 mi",18,$0.2246
MSY,UVF,"6,642",$413.29,"2,244 mi",18,$0.1842
DEN,ABI,"6,642",$249.68,603 mi,18,$0.4141
MCI,RAP,"6,642",$253.71,525 mi,18,$0.4833
SFO,MAF,"6,641",$288.83,"1,172 mi",18,$0.2464
BNA,FAI,"6,639",$379.91,"3,058 mi",18,$0.1242
ATL,LAN,"6,638",$262.38,613 mi,18,$0.4280
CLT,PVR,"6,638",$307.97,"1,730 mi",18,$0.1780
PHL,ASE,"6,638",$524.12,"1,727 mi",18,$0.3035
SAN,GIG,"6,638",$933.18,"6,013 mi",18,$0.1552
LAX,ISP,"6,638",$310.26,"2,429 mi",18,$0.1277
IAD,BGO,"6,635",$478.47,"3,806 mi",18,$0.1257
MSY,EDI,"6,633",$671.10,"4,280 mi",18,$0.1568
DFW,DAD,"6,633",$604.32,"8,926 mi",18,$0.0677
MEM,HRL,"6,632",$201.95,737 mi,18,$0.2740
DTW,KRK,"6,631",$807.02,"4,421 mi",18,$0.1825
DEN,UVF,"6,627",$397.54,"3,102 mi",18,$0.1282
LGA,HDN,"6,626",$331.52,"1,686 mi",18,$0.1966
PDX,DAY,"6,625",$350.60,"1,908 mi",18,$0.1838
DFW,AZO,"6,624",$296.11,926 mi,18,$0.3198
FLL,PVR,"6,624",$297.03,"1,681 mi",18,$0.1767
ORD,TGD,"6,623",$481.21,"5,211 mi",18,$0.0923
SFO,BTR,"6,622",$359.60,"1,899 mi",18,$0.1894
SAT,SBP,"6,621",$341.94,"1,389 mi",18,$0.2462
TPA,RDM,"6,618",$323.47,"2,329 mi",18,$0.1389
ORD,DRO,"6,615",$334.15,"1,139 mi",18,$0.2934
LAX,MGM,"6,615",$401.90,"1,793 mi",18,$0.2241
ATL,GRK,"6,614",$257.32,777 mi,18,$0.3312
TPA,MSO,"6,613",$323.82,"2,210 mi",18,$0.1465
CVG,AUA,"6,612",$448.05,"2,103 mi",18,$0.2131
SEA,CJU,"6,612",$370.09,"5,572 mi",18,$0.0664
SFO,ITO,"6,612",$410.32,"2,247 mi",18,$0.1826
MCO,SMR,"6,611",$189.22,"1,243 mi",18,$0.1522
MEM,LGB,"6,610",$205.45,"1,555 mi",18,$0.1321
ORD,FAO,"6,610",$677.23,"3,993 mi",18,$0.1696
OGG,DSM,"6,609",$475.75,"3,998 mi",18,$0.1190
SEA,MDE,"6,607",$459.06,"4,086 mi",18,$0.1123
MCI,FWA,"6,607",$287.22,501 mi,18,$0.5733
BOS,GYN,"6,606",$634.14,"4,177 mi",18,$0.1518
SLC,CRP,"6,605",$305.23,"1,255 mi",18,$0.2432
MSY,PTY,"6,605",$314.12,"1,559 mi",18,$0.2015
EWR,AKL,"6,603","$1,553.45","9,078 mi",18,$0.1711
JFK,BRE,"6,603",$383.95,"3,884 mi",18,$0.0989
ATL,SCE,"6,602",$293.37,634 mi,18,$0.4627
SDF,JAN,"6,599",$230.09,487 mi,18,$0.4725
IAD,RDM,"6,598",$351.41,"2,328 mi",18,$0.1509
JFK,CSX,"6,598",$813.45,"7,889 mi",18,$0.1031
SFO,BEY,"6,596",$769.88,"7,519 mi",18,$0.1024
IAH,ADL,"6,595","$1,700.08","9,036 mi",18,$0.1881
DTW,TGD,"6,594",$379.48,"4,727 mi",18,$0.0803
TPA,AMA,"6,594",$254.83,"1,194 mi",18,$0.2134
DFW,HUX,"6,593",$475.72,"1,220 mi",18,$0.3899
HNL,SJU,"6,592",$665.89,"6,056 mi",18,$0.1100
JAX,JAC,"6,591",$468.89,"1,881 mi",18,$0.2493
DCA,BCN,"6,590",$532.06,"4,154 mi",18,$0.1281
MSY,LIR,"6,590",$280.63,"1,415 mi",18,$0.1983
CLT,MGM,"6,588",$279.13,383 mi,18,$0.7288
SLC,BNE,"6,585","$1,873.97","7,897 mi",18,$0.2373
AUS,PRG,"6,584",$753.36,"5,672 mi",18,$0.1328
EWR,BIL,"6,583",$392.90,"1,804 mi",18,$0.2178
EWR,LUX,"6,581","$1,436.81","3,887 mi",18,$0.3696
AUS,PLS,"6,580",$317.83,"1,727 mi",18,$0.1840
LAX,ADB,"6,579",$561.22,"7,188 mi",18,$0.0781
ONT,CID,"6,579",$263.93,"1,458 mi",18,$0.1810
TPA,STX,"6,578",$217.08,"1,371 mi",18,$0.1583
DFW,MLB,"6,578",$331.31,"1,060 mi",18,$0.3126
DAL,CSW,"6,573",$706.33,"1,082 mi",18,$0.6528
CLT,TQO,"6,572",$244.11,"1,083 mi",18,$0.2254
DTW,EBL,"6,572",$402.08,"6,261 mi",18,$0.0642
FLL,CPT,"6,572",$834.06,"7,901 mi",18,$0.1056
BWI,LIH,"6,571",$530.43,"5,042 mi",18,$0.1052
MSP,BGR,"6,570",$326.67,"1,154 mi",18,$0.2831
AUS,GNV,"6,569",$277.81,950 mi,18,$0.2924
FLL,YXE,"6,568",$412.28,"2,203 mi",18,$0.1871
MSY,AMA,"6,567",$262.43,734 mi,18,$0.3575
DTW,GUA,"6,566",$380.82,"2,015 mi",18,$0.1890
MCO,EGE,"6,566",$430.62,"1,700 mi",18,$0.2533
TPA,DXB,"6,565","$1,043.41","8,049 mi",18,$0.1296
MIA,SHV,"6,563",$255.25,964 mi,18,$0.2648
MCI,VCE,"6,562",$557.19,"5,194 mi",18,$0.1073
BWI,DAY,"6,562",$250.67,393 mi,18,$0.6378
IAH,SVG,"6,561","$1,765.07","4,689 mi",18,$0.3764
SDF,YVR,"6,561",$405.10,"1,935 mi",18,$0.2094
TPA,BIL,"6,561",$347.38,"1,822 mi",18,$0.1907
LAX,CSW,"6,560",$976.44,889 mi,18,$1.0984
BNA,BIS,"6,558",$258.96,"1,063 mi",18,$0.2436
MCO,GTF,"6,557",$332.53,"2,017 mi",18,$0.1649
BNA,YQB,"6,557",$375.22,"1,110 mi",18,$0.3380
PHX,PGA,"6,552",$112.75,250 mi,18,$0.4510
MCI,ABE,"6,552",$285.18,"1,054 mi",18,$0.2706
EWR,BGO,"6,549",$454.75,"3,597 mi",18,$0.1264
MSP,LOS,"6,547",$563.72,"6,030 mi",18,$0.0935
CVG,BLR,"6,545",$878.57,"8,392 mi",18,$0.1047
LAX,BAQ,"6,545",$327.57,"3,080 mi",18,$0.1064
JAX,ROA,"6,544",$257.61,496 mi,18,$0.5194
TPA,DPS,"6,542",$941.71,"10,997 mi",18,$0.0856
ATL,SOF,"6,540",$510.40,"5,305 mi",18,$0.0962
SFO,MID,"6,539",$351.17,"2,335 mi",18,$0.1504
TPA,SXM,"6,536",$380.16,"1,368 mi",18,$0.2779
IAD,ALG,"6,533",$732.00,"4,123 mi",18,$0.1775
MSY,POS,"6,533",$416.20,"2,223 mi",18,$0.1872
CLE,GRU,"6,532","$1,275.01","5,171 mi",18,$0.2466
MEM,PSP,"6,532",$353.86,"1,465 mi",18,$0.2415
PIT,CUR,"6,529",$357.13,"2,010 mi",18,$0.1777
DEN,COU,"6,529",$229.38,689 mi,18,$0.3329
MSY,MAN,"6,528",$519.16,"4,640 mi",18,$0.1119
MCO,FPO,"6,527",$110.49,212 mi,18,$0.5212
BWI,BCN,"6,524",$447.36,"4,124 mi",18,$0.1085
EWR,MLI,"6,524",$314.42,825 mi,18,$0.3811
DTW,RDM,"6,521",$305.25,"1,948 mi",18,$0.1567
SDF,MHT,"6,521",$205.75,793 mi,18,$0.2595
JFK,IKA,"6,520",$649.85,"5,942 mi",18,$0.1094
PHX,IST,"6,519",$841.94,"6,503 mi",18,$0.1295
JFK,CAG,"6,519",$483.54,"4,338 mi",18,$0.1115
IAD,SHV,"6,517",$281.87,989 mi,18,$0.2850
HNL,CID,"6,517",$497.40,"3,921 mi",18,$0.1269
BNA,LIH,"6,516",$490.37,"4,529 mi",18,$0.1083
MIA,LOS,"6,513",$715.35,"5,456 mi",18,$0.1311
EWR,WRO,"6,512",$491.11,"4,276 mi",18,$0.1149
PIT,UVF,"6,512",$365.91,"2,119 mi",18,$0.1727
BOS,MRY,"6,511",$389.57,"2,781 mi",18,$0.1401
RDU,AEX,"6,510",$242.09,825 mi,18,$0.2934
BNA,SBP,"6,507",$372.56,"1,954 mi",18,$0.1907
EWR,LGW,"6,503",$207.57,"3,370 mi",18,$0.0616
PHL,KIN,"6,502",$266.19,"1,472 mi",18,$0.1808
ATL,LIN,"6,500",$856.80,"4,630 mi",18,$0.1851
JFK,OVD,"6,500",$653.89,"3,279 mi",18,$0.1994
SAN,ROA,"6,499",$345.54,"2,178 mi",18,$0.1587
PHX,CWA,"6,497",$315.95,"1,381 mi",18,$0.2288
AUS,SDQ,"6,494",$308.84,"1,876 mi",18,$0.1646
CLE,KOA,"6,492",$558.85,"4,385 mi",18,$0.1274
MSY,AGS,"6,490",$266.44,556 mi,18,$0.4792
DTW,MFR,"6,489",$315.23,"1,941 mi",18,$0.1624
PHL,UIO,"6,489",$458.47,"2,853 mi",18,$0.1607
AUS,MLI,"6,488",$286.76,900 mi,18,$0.3186
SAN,SBA,"6,485",$214.19,186 mi,18,$1.1516
MCO,MLU,"6,484",$265.41,677 mi,18,$0.3920
OGG,SYD,"6,484","$1,033.50","4,966 mi",18,$0.2081
SDF,ATH,"6,484",$588.69,"5,703 mi",18,$0.1032
TPA,MLI,"6,483",$282.66,"1,003 mi",18,$0.2818
MCI,AUA,"6,483",$372.87,"2,460 mi",18,$0.1516
MIA,CRP,"6,482",$257.50,"1,101 mi",18,$0.2339
PHL,GIG,"6,478",$953.01,"4,653 mi",18,$0.2048
ORD,LJU,"6,477",$683.32,"4,565 mi",18,$0.1497
CLT,JNB,"6,477",$989.53,"8,020 mi",18,$0.1234
SFO,HPN,"6,476",$353.32,"2,655 mi",18,$0.1331
IAD,RMO,"6,474","$1,026.57","5,122 mi",18,$0.2004
MSY,MUC,"6,474",$579.67,"5,048 mi",18,$0.1148
ONT,PVD,"6,473",$279.32,"2,465 mi",18,$0.1133
PDX,BTR,"6,473",$356.60,"1,924 mi",18,$0.1853
CLT,ROA,"6,470",$198.82,161 mi,18,$1.2349
BOS,DPS,"6,468","$1,162.25","10,387 mi",18,$0.1119
LAX,COR,"6,467",$665.10,"5,896 mi",18,$0.1128
PHX,STI,"6,464",$447.05,"2,800 mi",18,$0.1597
PIT,JAC,"6,462",$390.12,"1,524 mi",18,$0.2560
BWI,SBN,"6,461",$274.43,520 mi,18,$0.5278
SLC,JNU,"6,461",$389.45,"1,612 mi",18,$0.2416
ANC,VDZ,"6,458",$92.65,121 mi,18,$0.7657
STL,RAP,"6,458",$263.49,774 mi,18,$0.3404
JFK,VGO,"6,451",$423.51,"3,192 mi",18,$0.1327
DEN,WAW,"6,450",$729.72,"5,451 mi",18,$0.1339
PDX,MAF,"6,449",$268.89,"1,483 mi",18,$0.1813
IAD,YEG,"6,447",$349.27,"2,024 mi",18,$0.1726
MCI,TLH,"6,447",$349.28,824 mi,18,$0.4239
PIT,EUG,"6,446",$298.88,"2,251 mi",18,$0.1328
MCI,MTY,"6,445",$370.69,955 mi,18,$0.3882
MEM,COS,"6,444",$258.05,879 mi,18,$0.2936
MIA,FCA,"6,442",$386.86,"2,329 mi",18,$0.1661
CVG,SGF,"6,441",$279.79,475 mi,18,$0.5890
DEN,SCK,"6,441",$112.93,873 mi,18,$0.1294
SFO,AGS,"6,440",$422.92,"2,343 mi",18,$0.1805
LAX,CZM,"6,439",$246.24,"2,196 mi",18,$0.1121
SDF,FAT,"6,439",$302.46,"1,799 mi",18,$0.1681
MCI,SAL,"6,438",$274.75,"1,764 mi",18,$0.1558
RDU,GRB,"6,436",$284.47,749 mi,18,$0.3798
CLE,BTR,"6,436",$278.16,940 mi,18,$0.2959
BWI,GSO,"6,435",$530.75,286 mi,18,$1.8558
LAX,COK,"6,433",$803.44,"8,961 mi",18,$0.0897
MSY,FAR,"6,430",$325.15,"1,258 mi",18,$0.2585
STL,LIH,"6,429",$496.42,"4,299 mi",18,$0.1155
JAX,BGR,"6,428",$330.90,"1,246 mi",18,$0.2656
BUR,DSM,"6,427",$274.37,"1,390 mi",18,$0.1974
BOS,ISB,"6,426",$523.59,"6,512 mi",18,$0.0804
JFK,TFS,"6,424",$563.34,"3,417 mi",18,$0.1649
MCO,TGZ,"6,424",$218.94,"1,141 mi",18,$0.1919
ANC,CDG,"6,422","$1,329.96","4,812 mi",18,$0.2764
SAN,GNV,"6,421",$357.71,"2,003 mi",18,$0.1786
DTW,CUU,"6,420",$732.95,"1,523 mi",18,$0.4813
CLT,YQB,"6,420",$324.14,969 mi,18,$0.3345
SAT,ROA,"6,419",$290.70,"1,156 mi",18,$0.2515
RDU,JNB,"6,419","$1,171.07","8,406 mi",18,$0.1393
BNA,BRU,"6,418",$789.98,"4,252 mi",18,$0.1858
ORD,HKT,"6,417",$586.35,"9,222 mi",18,$0.0636
MIA,TPE,"6,416","$1,270.32","8,898 mi",18,$0.1428
SFO,HDN,"6,416",$315.49,811 mi,18,$0.3890
FLL,EGE,"6,415",$544.40,"1,750 mi",18,$0.3111
SAT,RAP,"6,414",$236.08,"1,003 mi",18,$0.2354
ORD,BGO,"6,413",$424.58,"3,745 mi",18,$0.1134
ATL,BEG,"6,411",$679.04,"5,100 mi",18,$0.1331
CLE,JAC,"6,411",$370.24,"1,516 mi",18,$0.2442
ATL,GEO,"6,410",$234.62,"2,439 mi",18,$0.0962
BNA,IDA,"6,409",$339.90,"1,391 mi",18,$0.2444
MEM,MTY,"6,408",$326.24,905 mi,18,$0.3605
DEN,GIG,"6,404","$1,094.74","6,038 mi",18,$0.1813
MSP,BOG,"6,402",$501.89,"2,916 mi",18,$0.1721
OGG,FRA,"6,401",$710.98,"7,226 mi",18,$0.0984
MSP,EZE,"6,401","$1,183.82","5,742 mi",18,$0.2062
ATL,LYS,"6,394",$891.60,"4,719 mi",18,$0.1889
FLL,SHV,"6,393",$235.24,905 mi,18,$0.2599
IAD,LGW,"6,392",$241.36,"3,796 mi",18,$0.0636
SJC,ROC,"6,391",$311.50,"2,270 mi",18,$0.1372
MIA,STR,"6,391",$797.98,"4,733 mi",18,$0.1686
PIT,EDI,"6,390",$522.52,"3,391 mi",18,$0.1541
SEA,BIS,"6,388",$324.21,982 mi,18,$0.3302
TPA,UVF,"6,387",$409.39,"1,752 mi",17,$0.2337
ORD,SGU,"6,386",$353.20,"1,446 mi",17,$0.2443
LAX,MLE,"6,383","$1,848.56","9,980 mi",17,$0.1852
MSP,BTR,"6,383",$326.32,968 mi,17,$0.3371
MIA,KEF,"6,383",$549.60,"3,770 mi",17,$0.1458
PHX,ARN,"6,377",$562.91,"5,563 mi",17,$0.1012
SJC,ICT,"6,377",$297.16,"1,379 mi",17,$0.2155
SFO,LTO,"6,376",$235.47,"1,000 mi",17,$0.2355
SEA,DLG,"6,375",$555.35,"1,619 mi",17,$0.3430
SAN,HPN,"6,375",$311.49,"2,517 mi",17,$0.1238
MIA,TLL,"6,374",$624.64,"5,041 mi",17,$0.1239
MIA,RIX,"6,373",$513.50,"5,401 mi",17,$0.0951
PIT,MTY,"6,371",$374.08,"1,482 mi",17,$0.2524
BWI,SAP,"6,371",$156.65,"1,722 mi",17,$0.0910
LAS,VNY,"6,367",$82.01,236 mi,17,$0.3475
CLT,LGB,"6,366",$211.66,"2,045 mi",17,$0.1035
SEA,LUX,"6,366",$786.42,"5,212 mi",17,$0.1509
BUR,GRR,"6,365",$307.38,"1,915 mi",17,$0.1605
CLE,SGN,"6,364",$659.69,"8,523 mi",17,$0.0774
MSP,CRP,"6,364",$274.95,"1,170 mi",17,$0.2350
CLT,STI,"6,363",$231.13,"1,223 mi",17,$0.1890
MSP,CHO,"6,363",$319.38,920 mi,17,$0.3472
JFK,MFE,"6,359",$226.38,"1,667 mi",17,$0.1358
SLC,AGS,"6,357",$462.26,"1,670 mi",17,$0.2768
LAX,LUX,"6,356",$990.24,"5,570 mi",17,$0.1778
SJC,SJU,"6,355",$340.79,"3,707 mi",17,$0.0919
CVG,BGR,"6,354",$249.49,877 mi,17,$0.2845
JFK,GOA,"6,353",$379.08,"4,149 mi",17,$0.0914
SAN,MDE,"6,351",$338.05,"3,151 mi",17,$0.1073
LAX,HER,"6,351",$859.80,"7,316 mi",17,$0.1175
CLE,FCA,"6,349",$309.92,"1,692 mi",17,$0.1832
SJC,TLV,"6,345","$2,052.01","7,637 mi",17,$0.2687
LAX,MLI,"6,344",$369.18,"1,555 mi",17,$0.2374
ATL,NCL,"6,343","$1,016.76","4,202 mi",17,$0.2420
MCO,OTP,"6,343",$554.87,"5,804 mi",17,$0.0956
BNA,UVF,"6,340",$372.12,"2,153 mi",17,$0.1728
MIA,RAK,"6,338",$694.43,"4,448 mi",17,$0.1561
IAH,SGU,"6,338",$302.32,"1,192 mi",17,$0.2536
MCO,RST,"6,338",$264.64,"1,199 mi",17,$0.2207
CLT,SYD,"6,336","$2,001.26","9,790 mi",17,$0.2044
STL,FCA,"6,335",$300.63,"1,400 mi",17,$0.2147
PHL,MGM,"6,333",$265.44,836 mi,17,$0.3175
CLE,DEL,"6,329",$982.19,"7,195 mi",17,$0.1365
IAD,LJU,"6,327",$819.24,"4,300 mi",17,$0.1905
BWI,GNV,"6,325",$300.29,751 mi,17,$0.3999
LAX,DVO,"6,325",$675.64,"7,165 mi",17,$0.0943
MIA,SKG,"6,322",$718.15,"5,891 mi",17,$0.1219
MSY,LIS,"6,321",$633.48,"4,379 mi",17,$0.1447
IAH,GNV,"6,321",$337.01,760 mi,17,$0.4434
JFK,LED,"6,320",$829.53,"4,408 mi",17,$0.1882
BOS,CCU,"6,320",$601.03,"7,990 mi",17,$0.0752
CLE,FSD,"6,320",$279.92,795 mi,17,$0.3521
IAD,DAB,"6,320",$226.71,726 mi,17,$0.3123
BWI,DAB,"6,319",$249.30,712 mi,17,$0.3501
FLL,MAN,"6,316",$379.11,"4,174 mi",17,$0.0908
IAD,ITM,"6,315","$1,772.68","7,134 mi",17,$0.2485
BWI,CPH,"6,314",$285.57,"4,144 mi",17,$0.0689
DTW,WAW,"6,313",$632.83,"4,375 mi",17,$0.1446
ANC,ORF,"6,311",$549.00,"3,607 mi",17,$0.1522
IAH,ABI,"6,311",$243.86,315 mi,17,$0.7742
LGA,BCN,"6,305",$338.30,"3,936 mi",17,$0.0860
JFK,CJU,"6,304",$639.73,"7,368 mi",17,$0.0868
JFK,REC,"6,304",$638.17,"4,303 mi",17,$0.1483
FLL,MNL,"6,304",$750.03,"9,571 mi",17,$0.0784
AUS,UIO,"6,303",$282.95,"2,522 mi",17,$0.1122
SFO,RMO,"6,303",$570.58,"6,522 mi",17,$0.0875
STL,DAY,"6,302",$256.90,348 mi,17,$0.7382
LAX,MPL,"6,301","$1,148.98","5,789 mi",17,$0.1985
MSP,HKG,"6,301","$1,620.55","7,264 mi",17,$0.2231
SAN,TLH,"6,301",$354.04,"1,874 mi",17,$0.1889
TPA,FAI,"6,299",$489.39,"3,875 mi",17,$0.1263
MCI,ISP,"6,298",$268.74,"1,179 mi",17,$0.2279
MSY,FSD,"6,296",$276.12,"1,034 mi",17,$0.2670
RDU,RDM,"6,294",$321.27,"2,355 mi",17,$0.1364
SLC,BFL,"6,292",$306.17,517 mi,17,$0.5922
IAH,BON,"6,291",$381.66,"2,191 mi",17,$0.1742
PIT,MOB,"6,289",$289.52,836 mi,17,$0.3463
CLE,GUA,"6,288",$323.62,"1,867 mi",17,$0.1733
SAT,NRT,"6,287",$855.45,"6,327 mi",17,$0.1352
SLC,CRW,"6,287",$418.24,"1,667 mi",17,$0.2509
CLT,OPO,"6,286",$495.38,"3,945 mi",17,$0.1256
DTW,DUS,"6,286","$1,076.76","4,159 mi",17,$0.2589
ATL,SJJ,"6,285",$423.13,"5,058 mi",17,$0.0837
PIT,AVL,"6,283",$229.40,382 mi,17,$0.6005
STL,CRP,"6,283",$257.18,888 mi,17,$0.2896
EWR,DPS,"6,280","$1,742.41","10,461 mi",17,$0.1666
AUS,QRO,"6,279",$303.86,700 mi,17,$0.4341
IAD,PEI,"6,278",$221.23,"2,290 mi",17,$0.0966
MCO,SLP,"6,278",$239.63,"1,256 mi",17,$0.1908
LAX,CNF,"6,277",$627.38,"6,315 mi",17,$0.0993
DEN,YLW,"6,274",$336.42,"1,029 mi",17,$0.3269
MCI,GUF,"6,271",$163.12,727 mi,17,$0.2244
ORD,TRI,"6,270",$320.42,467 mi,17,$0.6861
CLT,PSC,"6,269",$394.54,"2,052 mi",17,$0.1923
MSY,MXP,"6,269",$868.98,"5,010 mi",17,$0.1734
SJC,HRL,"6,266",$214.90,"1,565 mi",17,$0.1373
LAS,NAP,"6,264",$652.68,"6,042 mi",17,$0.1080
JAX,BTR,"6,263",$259.11,546 mi,17,$0.4746
MCI,SGN,"6,263",$639.71,"8,450 mi",17,$0.0757
PDX,IST,"6,263",$663.01,"6,365 mi",17,$0.1042
JFK,MCT,"6,262","$1,099.51","6,825 mi",17,$0.1611
BOS,ABZ,"6,260",$805.73,"2,993 mi",17,$0.2692
SFO,VTE,"6,259",$490.92,"7,839 mi",17,$0.0626
SLC,HKG,"6,255","$1,191.83","7,391 mi",17,$0.1613
MSY,VCE,"6,254",$535.49,"5,164 mi",17,$0.1037
EWR,CEB,"6,254",$679.45,"8,989 mi",17,$0.0756
ORD,AGU,"6,253",$291.43,"1,680 mi",17,$0.1735
EWR,TLL,"6,252",$278.48,"4,265 mi",17,$0.0653
CLT,LIH,"6,250",$478.13,"4,867 mi",17,$0.0982
JFK,VIX,"6,249",$667.33,"4,868 mi",17,$0.1371
DTW,YWG,"6,248",$295.51,876 mi,17,$0.3373
MSP,DAB,"6,246",$322.34,"1,310 mi",17,$0.2461
LAX,TRI,"6,244",$398.31,"1,967 mi",17,$0.2025
FLL,VCE,"6,243",$670.21,"4,918 mi",17,$0.1363
SAT,PTY,"6,243",$335.38,"1,821 mi",17,$0.1842
BWI,MGM,"6,240",$262.02,700 mi,17,$0.3743
LAS,EVV,"6,240",$382.06,"1,569 mi",17,$0.2435
ATL,TLS,"6,239","$1,280.32","4,608 mi",17,$0.2778
RDU,GPT,"6,239",$239.28,725 mi,17,$0.3300
SFO,NCL,"6,239",$766.34,"5,296 mi",17,$0.1447
LAX,CCU,"6,234",$920.99,"7,902 mi",17,$0.1166
BOS,AZO,"6,232",$244.16,720 mi,17,$0.3391
CLT,GIG,"6,232",$914.67,"4,567 mi",17,$0.2003
JFK,SVG,"6,230",$671.60,"3,416 mi",17,$0.1966
SLC,SBN,"6,229",$344.81,"1,290 mi",17,$0.2673
SJC,PNS,"6,228",$294.85,"1,975 mi",17,$0.1493
MIA,YWG,"6,227",$347.90,"1,953 mi",17,$0.1781
DEN,YQB,"6,226",$393.76,"1,777 mi",17,$0.2216
HNL,YOW,"6,224",$516.86,"4,672 mi",17,$0.1106
SAN,ACV,"6,222",$277.71,707 mi,17,$0.3928
TPA,MFR,"6,222",$297.02,"2,531 mi",17,$0.1174
EWR,KUL,"6,221","$1,437.38","9,141 mi",17,$0.1572
DTW,GNV,"6,219",$316.40,841 mi,17,$0.3762
DEN,BSL,"6,217",$605.99,"5,257 mi",17,$0.1153
STL,SHV,"6,216",$261.86,463 mi,17,$0.5656
DTW,BOG,"6,214",$447.20,"2,573 mi",17,$0.1738
IAD,TLL,"6,212",$818.07,"4,210 mi",17,$0.1943
ATL,EBB,"6,210",$515.59,"7,512 mi",17,$0.0686
ONT,CAE,"6,209",$322.82,"2,016 mi",17,$0.1601
PHL,STX,"6,209",$281.57,"1,604 mi",17,$0.1755
JAX,ILM,"6,207",$306.86,332 mi,17,$0.9243
SFO,BGR,"6,206",$483.53,"2,694 mi",17,$0.1795
LGA,ELH,"6,203",$503.25,"1,037 mi",17,$0.4853
PHX,CHO,"6,200",$298.21,"1,841 mi",17,$0.1620
LAS,OKA,"6,200",$665.95,"6,697 mi",17,$0.0994
LAX,LFT,"6,199",$371.95,"1,517 mi",17,$0.2452
BNA,DAY,"6,199",$227.28,284 mi,17,$0.8003
BNA,MOB,"6,199",$282.13,398 mi,17,$0.7089
IAD,CKY,"6,199",$713.23,"4,535 mi",17,$0.1573
SDF,ICT,"6,199",$243.99,619 mi,17,$0.3942
ORD,MKG,"6,198",$69.79,122 mi,17,$0.5720
CVG,BTR,"6,194",$286.08,672 mi,17,$0.4257
DCA,ATH,"6,193",$617.89,"5,295 mi",17,$0.1167
LAS,HLN,"6,191",$252.33,767 mi,17,$0.3290
SDF,BCN,"6,186",$528.59,"4,591 mi",17,$0.1151
PDX,PTY,"6,185",$483.44,"3,698 mi",17,$0.1307
MSY,GRU,"6,182",$884.50,"4,556 mi",17,$0.1941
MSP,SIN,"6,180","$2,019.99","8,799 mi",17,$0.2296
DTW,PLN,"6,179",$194.10,236 mi,17,$0.8225
PHL,OAX,"6,179",$315.86,"2,099 mi",17,$0.1505
ANC,BUR,"6,176",$464.52,"2,258 mi",17,$0.2057
DTW,PSC,"6,172",$363.12,"1,830 mi",17,$0.1984
CLT,ISP,"6,170",$225.26,558 mi,17,$0.4037
DFW,HRO,"6,170",$107.08,311 mi,17,$0.3443
MCI,LIS,"6,167",$755.37,"4,269 mi",17,$0.1769
STL,UVF,"6,167",$414.78,"2,416 mi",17,$0.1717
BNA,BOG,"6,164",$382.49,"2,244 mi",17,$0.1705
SFO,VRN,"6,164",$802.03,"5,827 mi",17,$0.1376
PHL,MFR,"6,164",$326.28,"2,378 mi",17,$0.1372
LEX,XNA,"6,163",$277.98,531 mi,17,$0.5235
TPA,BZE,"6,160",$228.57,833 mi,17,$0.2744
OGG,YYJ,"6,159",$322.13,"2,721 mi",17,$0.1184
MIA,PSC,"6,159",$284.29,"2,475 mi",17,$0.1149
LAS,VER,"6,157",$207.68,"1,691 mi",17,$0.1228
ATL,BOD,"6,155","$1,057.86","4,477 mi",17,$0.2363
DCA,TPE,"6,155","$1,419.03","8,100 mi",17,$0.1752
BWI,FAR,"6,154",$276.39,"1,111 mi",17,$0.2488
ATL,BFL,"6,153",$396.34,"1,906 mi",17,$0.2079
BUR,ICT,"6,153",$269.24,"1,156 mi",17,$0.2329
CLE,CUR,"6,150",$332.79,"2,099 mi",17,$0.1585
ONT,FAT,"6,149",$242.81,216 mi,17,$1.1241
ONT,FSD,"6,144",$247.89,"1,335 mi",17,$0.1857
PHX,SXM,"6,144",$770.13,"3,287 mi",17,$0.2343
CLT,MRY,"6,143",$347.23,"2,206 mi",17,$0.1574
LAS,CRW,"6,143",$340.80,"1,898 mi",17,$0.1796
PHL,MDE,"6,143",$446.03,"2,259 mi",17,$0.1974
DEN,FLG,"6,143",$241.87,488 mi,17,$0.4956
MCO,BZE,"6,143",$214.88,848 mi,17,$0.2534
SAT,GUA,"6,139",$323.67,"1,116 mi",17,$0.2900
STL,AGS,"6,139",$250.18,616 mi,17,$0.4061
ANC,LIT,"6,135",$559.85,"3,183 mi",17,$0.1759
HNL,YLW,"6,135",$319.83,"2,792 mi",17,$0.1146
EWR,DAY,"6,134",$245.35,548 mi,17,$0.4477
SAN,ASE,"6,132",$365.05,708 mi,17,$0.5156
DFW,HAM,"6,132",$917.56,"4,896 mi",17,$0.1874
PHL,BLR,"6,131","$1,219.50","8,630 mi",17,$0.1413
PHL,BFL,"6,128",$440.03,"2,464 mi",17,$0.1786
SFO,MLA,"6,127","$1,119.76","6,458 mi",17,$0.1734
LEX,PIT,"6,126",$254.06,298 mi,17,$0.8526
PHL,FLG,"6,125",$289.72,"1,949 mi",17,$0.1487
CVG,LIS,"6,124",$625.07,"3,815 mi",17,$0.1638
SAN,YLW,"6,124",$267.15,"1,159 mi",17,$0.2305
DAL,TSM,"6,121",$393.85,543 mi,17,$0.7253
LAX,HRB,"6,120",$516.26,"5,450 mi",17,$0.0947
ORD,MGM,"6,116",$297.93,654 mi,17,$0.4556
DFW,EIS,"6,116","$1,304.74","2,177 mi",17,$0.5993
PIT,BUF,"6,114",$229.70,180 mi,17,$1.2761
ATL,BEY,"6,113",$678.48,"6,554 mi",17,$0.1035
LAS,BMI,"6,112",$349.62,"1,492 mi",17,$0.2343
ORD,DBQ,"6,111",$97.45,151 mi,17,$0.6454
ATL,BIS,"6,111",$374.34,"1,283 mi",17,$0.2918
SLC,TLH,"6,111",$491.26,"1,752 mi",17,$0.2804
JFK,PSC,"6,110",$338.23,"2,207 mi",17,$0.1533
DFW,DPS,"6,107","$1,511.96","9,496 mi",17,$0.1592
BWI,SXM,"6,105",$368.97,"1,721 mi",17,$0.2144
MCO,FLR,"6,105",$730.77,"5,155 mi",17,$0.1418
MIA,VER,"6,101",$359.65,"1,080 mi",17,$0.3330
EWR,LFT,"6,098",$329.11,"1,196 mi",17,$0.2752
CLT,TLV,"6,097","$1,020.34","6,017 mi",17,$0.1696
DFW,BEY,"6,095",$636.85,"7,098 mi",17,$0.0897
LAX,ABZ,"6,095",$865.63,"5,286 mi",17,$0.1638
MEM,YVR,"6,092",$396.56,"1,998 mi",17,$0.1985
MCO,LOS,"6,091",$722.29,"5,507 mi",17,$0.1312
MCO,CMN,"6,090",$465.74,"4,162 mi",17,$0.1119
LAS,ASE,"6,090",$424.36,517 mi,17,$0.8208
EWR,SAF,"6,089",$569.18,"1,812 mi",17,$0.3141
LEX,SJU,"6,088",$474.37,"1,705 mi",17,$0.2782
PHX,CNY,"6,085",$112.69,377 mi,17,$0.2989
MIA,ACY,"6,083",$165.37,"1,030 mi",17,$0.1606
AUS,YWG,"6,082",$266.14,"1,403 mi",17,$0.1897
MSY,ZRH,"6,082",$676.04,"5,253 mi",17,$0.1287
ATL,ZAG,"6,082",$667.75,"4,898 mi",17,$0.1363
SEA,BFL,"6,080",$299.74,872 mi,17,$0.3437
LEX,OKC,"6,079",$293.60,720 mi,17,$0.4078
DEN,MBS,"6,077",$273.45,"1,056 mi",17,$0.2589
LGA,CLO,"6,077",$194.58,"2,500 mi",17,$0.0778
BWI,SAL,"6,077",$192.63,"1,874 mi",17,$0.1028
LAS,GYE,"6,076",$262.02,"3,587 mi",17,$0.0730
SDF,CHO,"6,075",$213.20,384 mi,17,$0.5552
AUS,MOB,"6,072",$295.48,545 mi,17,$0.5422
PHL,CRP,"6,072",$331.65,"1,566 mi",17,$0.2118
JFK,JAI,"6,071",$572.85,"7,604 mi",17,$0.0753
PHX,MBS,"6,069",$313.15,"1,603 mi",17,$0.1954
ORD,CUC,"6,068",$194.76,"2,457 mi",17,$0.0793
EWR,SBH,"6,066",$835.53,"1,763 mi",17,$0.4739
CLE,SHV,"6,064",$279.14,878 mi,17,$0.3179
RDU,TVC,"6,063",$269.61,688 mi,17,$0.3919
DTW,MGM,"6,061",$345.37,726 mi,17,$0.4757
SFO,SKG,"6,061",$770.02,"6,412 mi",17,$0.1201
DEN,RST,"6,061",$201.63,706 mi,17,$0.2856
SFO,YQR,"6,061",$211.64,"1,206 mi",17,$0.1755
LAS,YXS,"6,058",$300.73,"1,244 mi",17,$0.2417
LEX,CHO,"6,058",$256.87,325 mi,17,$0.7904
PHL,BKK,"6,057",$786.13,"8,989 mi",17,$0.0875
SEA,MZT,"6,056",$240.37,"1,955 mi",17,$0.1230
CLT,ARN,"6,055",$591.77,"4,574 mi",17,$0.1294
IAH,ACA,"6,055",$275.81,984 mi,17,$0.2803
BOS,DAC,"6,054",$778.41,"7,479 mi",17,$0.1041
PDX,JAN,"6,049",$385.54,"2,014 mi",17,$0.1914
ANC,TUL,"6,049",$558.07,"2,975 mi",17,$0.1876
CVG,STT,"6,049",$478.33,"1,799 mi",17,$0.2659
JFK,JAC,"6,049",$543.29,"1,946 mi",17,$0.2792
ORD,SAF,"6,048",$347.56,"1,102 mi",17,$0.3154
BWI,AMA,"6,044",$309.81,"1,442 mi",17,$0.2148
MSP,GNV,"6,044",$370.59,"1,171 mi",17,$0.3165
HOU,ISP,"6,043",$317.72,"1,507 mi",17,$0.2108
LAX,BLL,"6,041",$483.40,"5,350 mi",17,$0.0904
CVG,CHA,"6,041",$271.19,271 mi,17,$1.0007
FLL,YYG,"6,041",$334.13,"1,631 mi",17,$0.2049
ATL,MEL,"6,040","$1,749.17","9,397 mi",17,$0.1861
EWR,AYT,"6,040",$406.75,"5,438 mi",17,$0.0748
BNA,AGU,"6,036",$354.61,"1,411 mi",17,$0.2513
LAX,TBS,"6,035",$501.21,"6,894 mi",17,$0.0727
MIA,ALA,"6,034",$611.90,"7,670 mi",17,$0.0798
PHX,LRD,"6,033",$315.68,824 mi,17,$0.3831
DEN,DBV,"6,032",$788.89,"5,546 mi",17,$0.1422
MEM,DUB,"6,032",$825.28,"4,200 mi",17,$0.1965
HNL,CHC,"6,031",$611.88,"4,709 mi",17,$0.1299
MSP,AKL,"6,031","$1,288.68","7,800 mi",17,$0.1652
RDU,SCL,"6,030",$683.34,"4,670 mi",17,$0.1463
PHX,EYW,"6,027",$294.81,"1,862 mi",17,$0.1583
MIA,CJC,"6,025",$544.53,"3,525 mi",17,$0.1545
JAX,SBN,"6,024",$272.70,792 mi,17,$0.3443
ATL,PIA,"6,024",$277.68,582 mi,17,$0.4771
ATL,GLA,"6,022",$858.87,"4,080 mi",16,$0.2105
SFO,SNN,"6,022",$991.67,"4,884 mi",16,$0.2030
LAS,FAY,"6,021",$291.71,"1,968 mi",16,$0.1482
AUS,LFT,"6,020",$263.52,329 mi,16,$0.8010
ATL,BSB,"6,017",$576.16,"4,306 mi",16,$0.1338
DCA,CMI,"6,013",$231.56,623 mi,16,$0.3717
IAH,AGP,"6,013",$846.86,"4,908 mi",16,$0.1725
JAX,EDI,"6,013",$503.60,"3,940 mi",16,$0.1278
JFK,OLB,"6,013","$1,168.83","4,301 mi",16,$0.2718
BWI,MUC,"6,012",$426.20,"4,083 mi",16,$0.1044
LGA,ALB,"6,012",$198.04,140 mi,16,$1.4146
PIT,CRP,"6,010",$303.12,"1,358 mi",16,$0.2232
CLE,BEG,"6,010",$482.29,"4,929 mi",16,$0.0978
SEA,AGP,"6,010",$696.67,"5,310 mi",16,$0.1312
DFW,BSL,"6,009",$633.51,"5,027 mi",16,$0.1260
LAX,ILO,"6,009",$651.42,"7,610 mi",16,$0.0856
SDF,AMS,"6,009",$860.82,"4,088 mi",16,$0.2106
FLL,BTR,"6,007",$256.26,758 mi,16,$0.3381
AUS,BRU,"6,003",$877.12,"4,960 mi",16,$0.1768
LAX,CGQ,"6,000",$550.42,"5,885 mi",16,$0.0935
SAN,ITM,"6,000","$1,219.66","5,639 mi",16,$0.2163
CLT,CRP,"5,998",$291.13,"1,134 mi",16,$0.2567
FLL,MOB,"5,998",$287.33,604 mi,16,$0.4757
DCA,TRI,"5,998",$280.61,326 mi,16,$0.8608
TPA,CPT,"5,997","$1,140.22","8,098 mi",16,$0.1408
ONT,HRL,"5,994",$275.63,"1,267 mi",16,$0.2175
JFK,INV,"5,992",$877.79,"3,104 mi",16,$0.2828
DCA,FRA,"5,990",$867.25,"3,936 mi",16,$0.2203
PIT,KOA,"5,990",$491.03,"4,474 mi",16,$0.1098
MSP,SDQ,"5,987",$549.67,"2,343 mi",16,$0.2346
MSP,NCE,"5,984",$793.18,"4,751 mi",16,$0.1670
MEM,CRP,"5,983",$247.30,650 mi,16,$0.3805
EWR,RMO,"5,979",$691.86,"4,622 mi",16,$0.1497
PIT,TLH,"5,979",$323.85,713 mi,16,$0.4542
LEX,STL,"5,978",$276.95,325 mi,16,$0.8522
DEN,HPN,"5,977",$293.12,"1,572 mi",16,$0.1865
IAD,JIB,"5,977","$2,251.97","7,487 mi",16,$0.3008
DEN,MLM,"5,976",$236.57,"1,357 mi",16,$0.1743
IAH,CMN,"5,975",$552.02,"5,148 mi",16,$0.1072
JAX,OAK,"5,975",$292.57,"2,282 mi",16,$0.1282
CLT,AGS,"5,974",$184.44,136 mi,16,$1.3562
SDF,NAS,"5,973",$259.95,"1,060 mi",16,$0.2452
AUS,GVA,"5,971","$1,064.26","5,177 mi",16,$0.2056
RDU,XPL,"5,971",$290.45,"1,530 mi",16,$0.1898
PDX,ECP,"5,971",$319.39,"2,304 mi",16,$0.1386
DFW,GLA,"5,970","$1,283.94","4,600 mi",16,$0.2791
ORD,POZ,"5,970",$477.15,"4,389 mi",16,$0.1087
DTW,SAL,"5,970",$368.21,"2,078 mi",16,$0.1772
LGA,LIR,"5,968",$323.67,"2,270 mi",16,$0.1426
SEA,RMO,"5,967",$671.17,"5,860 mi",16,$0.1145
CVG,AVL,"5,966",$247.48,268 mi,16,$0.9234
BNA,LIM,"5,965",$562.27,"3,282 mi",16,$0.1713
SJC,SRQ,"5,961",$310.28,"2,450 mi",16,$0.1266
EWR,GDN,"5,961",$449.99,"3,978 mi",16,$0.1131
ANC,MKE,"5,959",$407.66,"2,704 mi",16,$0.1508
IAD,TLH,"5,959",$310.32,729 mi,16,$0.4257
ATL,BLL,"5,959",$672.40,"4,599 mi",16,$0.1462
LAX,CUU,"5,957",$311.53,843 mi,16,$0.3695
HNL,GSP,"5,955",$679.75,"4,741 mi",16,$0.1434
LAS,PVU,"5,954",$27.04,351 mi,16,$0.0770
LAS,IST,"5,953",$864.54,"6,425 mi",16,$0.1346
LAX,EYW,"5,948",$378.61,"2,220 mi",16,$0.1705
SEA,DUS,"5,948",$698.98,"4,829 mi",16,$0.1447
SFO,BLI,"5,947",$260.56,749 mi,16,$0.3479
HNL,PUS,"5,943",$616.84,"4,323 mi",16,$0.1427
BOS,HER,"5,940",$671.84,"4,762 mi",16,$0.1411
BUR,MAF,"5,940",$262.53,919 mi,16,$0.2857
AUS,ABE,"5,940",$304.94,"1,482 mi",16,$0.2058
HOU,GUF,"5,939",$152.78,476 mi,16,$0.3210
BOS,TRI,"5,938",$328.08,753 mi,16,$0.4357
LAX,TGZ,"5,936",$158.32,"1,920 mi",16,$0.0825
SLC,MTY,"5,933",$469.21,"1,277 mi",16,$0.3674
BOS,NUE,"5,930",$634.89,"3,663 mi",16,$0.1733
CLE,BUD,"5,929",$482.23,"4,495 mi",16,$0.1073
IAH,STX,"5,928",$373.42,"2,162 mi",16,$0.1727
PHX,BGR,"5,928",$341.02,"2,484 mi",16,$0.1373
CLT,CKB,"5,925",$89.08,276 mi,16,$0.3228
BNA,YXE,"5,921",$271.44,"1,522 mi",16,$0.1783
ONT,FCO,"5,920",$318.44,"6,496 mi",16,$0.0490
ORD,BLI,"5,919",$418.87,"1,677 mi",16,$0.2498
BWI,MOB,"5,917",$247.02,852 mi,16,$0.2899
BWI,SYD,"5,916","$1,461.33","9,493 mi",16,$0.1539
MCI,BIS,"5,916",$302.12,581 mi,16,$0.5200
JAX,ISP,"5,915",$262.01,885 mi,16,$0.2961
PDX,RAP,"5,914",$286.77,990 mi,16,$0.2897
BUR,LBB,"5,913",$261.45,976 mi,16,$0.2679
SFO,EVN,"5,913",$816.89,"6,789 mi",16,$0.1203
LAS,CCR,"5,912",$319.87,415 mi,16,$0.7708
EWR,CGK,"5,912","$1,725.79","9,746 mi",16,$0.1771
DTW,RAP,"5,911",$312.50,969 mi,16,$0.3225
BUR,RIC,"5,911",$305.20,"2,222 mi",16,$0.1374
DTW,BGR,"5,909",$304.98,770 mi,16,$0.3961
DEN,YXE,"5,906",$355.41,830 mi,16,$0.4282
BOS,BSB,"5,905",$636.26,"4,155 mi",16,$0.1531
MSP,LAN,"5,903",$238.73,440 mi,16,$0.5426
OGG,SBA,"5,903",$420.87,"2,482 mi",16,$0.1696
DCA,ASE,"5,902",$521.84,"1,546 mi",16,$0.3375
PHL,MAA,"5,902",$673.33,"8,203 mi",16,$0.0821
ORD,BOD,"5,900",$816.50,"4,032 mi",16,$0.2025
CLE,FAR,"5,899",$282.74,807 mi,16,$0.3504
DFW,HAN,"5,897",$782.62,"8,153 mi",16,$0.0960
TPA,NCE,"5,897","$1,020.67","4,754 mi",16,$0.2147
SFO,ITH,"5,896",$404.66,"2,349 mi",16,$0.1723
SAT,KOA,"5,894",$499.59,"3,534 mi",16,$0.1414
BWI,TPE,"5,893","$1,080.95","8,084 mi",16,$0.1337
IAH,ANU,"5,892",$596.96,"2,222 mi",16,$0.2687
ATL,MLM,"5,891",$325.52,"1,353 mi",16,$0.2406
DFW,BGW,"5,889",$447.63,"7,435 mi",16,$0.0602
PHL,MDT,"5,887",$154.91,81 mi,16,$1.9125
SFO,RAK,"5,886","$1,060.78","6,235 mi",16,$0.1701
MSY,ATW,"5,885",$284.41,"1,021 mi",16,$0.2786
PHX,TRI,"5,885",$399.21,"1,733 mi",16,$0.2304
MSP,QRO,"5,884",$477.18,"1,775 mi",16,$0.2688
MIA,CHO,"5,884",$248.96,834 mi,16,$0.2985
PHL,CAI,"5,884",$487.30,"5,525 mi",16,$0.0882
DEN,GLA,"5,883",$553.07,"4,484 mi",16,$0.1233
JFK,ZNZ,"5,881",$894.31,"7,930 mi",16,$0.1128
JFK,KGL,"5,880",$929.38,"6,824 mi",16,$0.1362
MIA,MLA,"5,880",$822.34,"5,607 mi",16,$0.1467
EWR,YYJ,"5,879",$568.76,"2,364 mi",16,$0.2406
SDF,BZN,"5,879",$236.60,"1,442 mi",16,$0.1641
DCA,DUB,"5,878",$546.16,"3,281 mi",16,$0.1665
EWR,LHE,"5,878",$478.01,"6,846 mi",16,$0.0698
FLL,AVP,"5,877",$288.63,"1,052 mi",16,$0.2744
BNA,SGN,"5,875",$532.16,"9,351 mi",16,$0.0569
RDU,KTM,"5,874",$558.87,"8,162 mi",16,$0.0685
CVG,SGN,"5,873",$615.58,"9,182 mi",16,$0.0670
JAX,MUC,"5,871",$501.82,"4,681 mi",16,$0.1072
RDU,DXB,"5,870",$990.52,"7,479 mi",16,$0.1324
LAX,KWI,"5,868","$1,434.79","8,221 mi",16,$0.1745
SAN,MLB,"5,868",$389.94,"2,256 mi",16,$0.1728
MSP,AMM,"5,868",$679.09,"6,070 mi",16,$0.1119
LAX,BGO,"5,867",$672.75,"5,032 mi",16,$0.1337
HNL,CAE,"5,866",$616.29,"4,537 mi",16,$0.1358
SDF,SJD,"5,864",$302.38,"1,701 mi",16,$0.1778
BWI,BGI,"5,862",$318.74,"2,149 mi",16,$0.1483
EWR,ALG,"5,862",$208.92,"4,163 mi",16,$0.0502
LAX,SBA,"5,861",$133.79,91 mi,16,$1.4702
PHX,MGM,"5,861",$356.65,"1,530 mi",16,$0.2331
DAL,PUJ,"5,861",$290.18,"2,080 mi",16,$0.1395
MSP,SHV,"5,858",$371.83,886 mi,16,$0.4197
SEA,CRP,"5,858",$312.22,"1,848 mi",16,$0.1690
AUS,BFL,"5,856",$312.51,"1,252 mi",16,$0.2496
ORD,HAV,"5,855",$194.19,"1,390 mi",16,$0.1397
HNL,DPS,"5,853",$828.56,"6,054 mi",16,$0.1369
SDF,ATW,"5,851",$260.88,458 mi,16,$0.5696
SLC,PTY,"5,850",$591.05,"2,873 mi",16,$0.2057
IAH,WAW,"5,849",$887.06,"5,753 mi",16,$0.1542
AUS,BZE,"5,847",$291.02,"1,086 mi",16,$0.2680
EWR,POA,"5,845",$653.80,"5,254 mi",16,$0.1244
MSY,BRU,"5,844",$606.19,"4,978 mi",16,$0.1218
JFK,BAH,"5,843","$1,145.03","6,798 mi",16,$0.1684
HNL,NGS,"5,842",$592.45,"4,560 mi",16,$0.1299
PHL,MAF,"5,839",$328.17,"1,550 mi",16,$0.2117
ORD,YXE,"5,839",$368.70,"1,159 mi",16,$0.3181
MCI,MSO,"5,838",$280.50,"1,139 mi",16,$0.2463
CVG,DAB,"5,836",$245.44,733 mi,16,$0.3348
TPA,STI,"5,836",$197.93,987 mi,16,$0.2005
MCI,RDM,"5,836",$279.53,"1,356 mi",16,$0.2061
PHL,NRT,"5,834",$980.20,"6,538 mi",16,$0.1499
SLC,UIO,"5,834",$513.73,"3,631 mi",16,$0.1415
DEN,DPS,"5,833","$1,300.86","9,453 mi",16,$0.1376
SLC,TWF,"5,833",$150.01,170 mi,16,$0.8824
CVG,JAN,"5,832",$275.55,538 mi,16,$0.5122
PHX,IPL,"5,832",$89.81,216 mi,16,$0.4158
LAS,YCD,"5,831",$207.74,968 mi,16,$0.2146
SEA,AMA,"5,831",$331.52,"1,396 mi",16,$0.2375
IAD,HDN,"5,828",$335.09,"1,531 mi",16,$0.2189
SAN,SHV,"5,828",$293.99,"1,316 mi",16,$0.2234
SAT,HPN,"5,826",$263.54,"1,551 mi",16,$0.1699
MCO,YTS,"5,826",$216.24,"1,433 mi",16,$0.1509
CLE,MDT,"5,821",$243.85,271 mi,16,$0.8998
LAS,BGR,"5,821",$322.05,"2,548 mi",16,$0.1264
PIT,BER,"5,818",$820.42,"4,345 mi",16,$0.1888
SDF,ILM,"5,817",$253.33,498 mi,16,$0.5087
IAH,PHC,"5,815",$944.43,"6,571 mi",16,$0.1437
LAS,BJC,"5,815",$445.19,625 mi,16,$0.7123
ANC,OAK,"5,814",$504.38,"1,953 mi",16,$0.2583
DEN,CYS,"5,814",$85.53,87 mi,16,$0.9831
ONT,DAY,"5,814",$354.51,"1,819 mi",16,$0.1949
SFO,LAO,"5,813",$541.00,"6,618 mi",16,$0.0817
MSY,BOM,"5,812",$635.13,"9,130 mi",16,$0.0696
ORD,NUE,"5,806",$676.59,"4,311 mi",16,$0.1569
MCI,SBN,"5,804",$270.56,457 mi,16,$0.5920
ORD,YLW,"5,803",$317.35,"1,643 mi",16,$0.1932
DFW,CEB,"5,802",$664.63,"8,159 mi",16,$0.0815
SLC,BTM,"5,802",$199.38,369 mi,16,$0.5403
BWI,PSC,"5,801",$395.55,"2,117 mi",16,$0.1868
MSY,FCA,"5,801",$327.61,"1,844 mi",16,$0.1777
MSP,TLV,"5,800","$1,316.84","6,019 mi",16,$0.2188
EWR,ROA,"5,799",$267.71,377 mi,16,$0.7101
MDW,YUL,"5,798",$173.87,766 mi,16,$0.2270
RDU,GCM,"5,797",$401.65,"1,191 mi",16,$0.3372
BUR,BUF,"5,795",$305.46,"2,136 mi",16,$0.1430
CLT,AMM,"5,793",$610.27,"6,452 mi",16,$0.0946
LAS,CAN,"5,792",$676.33,"7,470 mi",16,$0.0905
CLT,BSL,"5,790",$417.07,"4,544 mi",16,$0.0918
RDU,FAI,"5,789",$433.54,"3,297 mi",16,$0.1315
SLC,ARN,"5,789",$759.82,"5,083 mi",16,$0.1495
SDF,BTV,"5,787",$244.65,760 mi,16,$0.3219
TPA,MBS,"5,786",$252.97,"1,046 mi",16,$0.2418
ORD,CGI,"5,783",$94.15,350 mi,16,$0.2690
IAD,BIO,"5,782",$529.48,"3,872 mi",16,$0.1367
BWI,ATW,"5,781",$289.80,725 mi,16,$0.3997
LEX,BHM,"5,781",$273.48,342 mi,16,$0.7996
ONT,ROC,"5,780",$271.29,"2,289 mi",16,$0.1185
ATL,KUL,"5,777",$994.74,"9,594 mi",16,$0.1037
ATL,DSS,"5,774",$643.33,"4,500 mi",16,$0.1430
AUS,SAL,"5,773",$281.57,"1,319 mi",16,$0.2135
HNL,ALB,"5,772",$605.48,"4,793 mi",16,$0.1263
LAX,LCA,"5,772",$856.78,"7,129 mi",16,$0.1202
CLE,HHH,"5,772",$227.09,619 mi,16,$0.3669
RDU,FLR,"5,772",$784.66,"4,427 mi",16,$0.1772
LAX,RIX,"5,772",$644.53,"5,611 mi",16,$0.1149
IAD,EVN,"5,771",$881.53,"6,031 mi",16,$0.1462
PIT,HRL,"5,770",$248.94,"1,445 mi",16,$0.1723
SEA,SCE,"5,770",$466.68,"2,286 mi",16,$0.2041
LAS,BZE,"5,768",$208.31,"2,142 mi",16,$0.0973
MCO,LRD,"5,767",$278.23,"1,141 mi",16,$0.2438
DTW,SKP,"5,764",$373.10,"5,132 mi",16,$0.0727
RDU,SXM,"5,762",$322.18,"1,608 mi",16,$0.2004
PHL,FLR,"5,760",$482.47,"4,372 mi",16,$0.1104
TPA,LIH,"5,759",$479.74,"4,892 mi",16,$0.0981
MEM,ECP,"5,758",$258.53,417 mi,16,$0.6200
MIA,JED,"5,758",$718.11,"7,004 mi",16,$0.1025
STL,JAC,"5,758",$305.85,"1,141 mi",16,$0.2681
ORD,SKB,"5,757",$433.82,"2,329 mi",16,$0.1863
LGA,BJX,"5,756",$328.99,"2,053 mi",16,$0.1602
SFO,RAP,"5,756",$301.73,"1,067 mi",16,$0.2828
DEN,OAX,"5,756",$296.16,"1,600 mi",16,$0.1851
FLL,YLW,"5,755",$332.22,"2,730 mi",16,$0.1217
EWR,LJU,"5,753",$657.70,"4,348 mi",16,$0.1513
MCI,FCA,"5,751",$254.85,"1,116 mi",16,$0.2284
ATL,CAN,"5,749",$957.21,"8,077 mi",16,$0.1185
ONT,MDT,"5,746",$408.41,"2,337 mi",16,$0.1748
ONT,FCA,"5,743",$245.25,"1,030 mi",16,$0.2381
MIA,CYB,"5,743",$111.11,410 mi,16,$0.2710
PIT,FSD,"5,743",$252.47,846 mi,16,$0.2984
ATL,CMN,"5,740",$526.55,"4,442 mi",16,$0.1185
MSY,BIL,"5,739",$267.10,"1,428 mi",16,$0.1870
LAX,IWK,"5,738","$1,140.02","5,701 mi",16,$0.2000
PIT,BOM,"5,738",$789.63,"7,732 mi",16,$0.1021
SLC,SDQ,"5,736",$459.37,"2,846 mi",16,$0.1614
MIA,IPC,"5,736","$1,024.44","4,017 mi",16,$0.2550
CLT,DUS,"5,734",$953.09,"4,408 mi",16,$0.2162
DCA,RDM,"5,734",$367.61,"2,215 mi",16,$0.1660
TPA,BIS,"5,734",$249.62,"1,581 mi",16,$0.1579
DTW,HAM,"5,733",$905.93,"3,953 mi",16,$0.2292
DFW,PRN,"5,732",$637.46,"6,092 mi",16,$0.1046
DCA,DLH,"5,729",$319.41,915 mi,16,$0.3491
LAX,FLN,"5,727",$651.79,"6,056 mi",16,$0.1076
ATL,HAN,"5,725","$1,243.35","8,329 mi",16,$0.1493
LAX,HFE,"5,725",$463.43,"6,829 mi",16,$0.0679
EWR,DOM,"5,724",$349.02,"1,958 mi",16,$0.1783
RDU,YEG,"5,724",$392.81,"2,123 mi",16,$0.1850
CLT,CZM,"5,721",$437.58,"1,046 mi",16,$0.4183
CVG,PVR,"5,720",$303.55,"1,814 mi",16,$0.1673
CLT,TRI,"5,720",$202.87,116 mi,16,$1.7489
MSP,STI,"5,720",$454.11,"2,120 mi",16,$0.2142
CLT,AMA,"5,719",$261.58,"1,135 mi",16,$0.2305
DTW,MLI,"5,719",$277.67,361 mi,16,$0.7692
ONT,RDM,"5,716",$205.59,752 mi,16,$0.2734
JFK,BRS,"5,716",$682.10,"3,452 mi",16,$0.1976
BOS,GPT,"5,713",$273.54,"1,257 mi",16,$0.2176
MIA,ZCO,"5,713",$656.60,"4,634 mi",16,$0.1417
SLC,BIS,"5,712",$333.64,716 mi,16,$0.4660
MIA,CEB,"5,711",$717.71,"9,172 mi",16,$0.0783
MSP,BGO,"5,711",$552.57,"3,975 mi",16,$0.1390
FLL,KEF,"5,711",$628.35,"3,748 mi",16,$0.1676
MIA,RDM,"5,710",$336.11,"2,526 mi",16,$0.1331
SFO,VNO,"5,709",$639.41,"5,953 mi",16,$0.1074
LAS,ITM,"5,707",$869.96,"5,933 mi",16,$0.1466
PDX,TVC,"5,705",$300.21,"1,734 mi",16,$0.1731
BUR,CHS,"5,703",$276.48,"2,129 mi",16,$0.1299
DAL,CRP,"5,703",$201.53,342 mi,16,$0.5893
DAL,SJD,"5,703",$281.52,"1,061 mi",16,$0.2653
MSP,MBS,"5,703",$301.10,476 mi,16,$0.6326
LAX,ANU,"5,702",$552.99,"3,777 mi",16,$0.1464
PDX,EDI,"5,702",$524.81,"4,725 mi",16,$0.1111
BOS,SKB,"5,701",$357.27,"1,745 mi",16,$0.2047
TPA,PSC,"5,701",$339.99,"2,278 mi",16,$0.1492
CVG,EDI,"5,701",$608.27,"3,843 mi",16,$0.1583
LAX,SCE,"5,700",$449.28,"2,324 mi",16,$0.1933
PIT,GPT,"5,699",$244.28,881 mi,16,$0.2773
BNA,CPH,"5,698",$584.96,"4,670 mi",16,$0.1253
DEN,MLB,"5,695",$377.46,"1,639 mi",16,$0.2303
LAX,TUN,"5,695",$579.20,"6,338 mi",16,$0.0914
IAH,SAF,"5,694",$322.30,713 mi,16,$0.4520
MIA,YQM,"5,692",$358.73,"1,695 mi",16,$0.2116
IAH,YQR,"5,692",$312.69,"1,538 mi",16,$0.2033
TPA,GVA,"5,689",$653.82,"4,645 mi",16,$0.1408
DFW,KIX,"5,688","$1,136.02","6,481 mi",16,$0.1753
PDX,GRU,"5,688","$1,162.20","6,533 mi",16,$0.1779
BOS,EGE,"5,685",$559.35,"1,812 mi",16,$0.3087
RDU,AMD,"5,683",$567.13,"7,716 mi",16,$0.0735
PIT,XWA,"5,683",$460.56,"1,235 mi",16,$0.3729
PDX,BFL,"5,681",$255.34,748 mi,16,$0.3414
PHL,MBS,"5,680",$295.95,505 mi,16,$0.5860
SAT,MFR,"5,678",$264.82,"1,570 mi",16,$0.1687
JAX,VCE,"5,678",$717.65,"5,079 mi",16,$0.1413
LEX,MKE,"5,677",$278.00,392 mi,16,$0.7092
PDX,BOG,"5,677",$405.07,"3,927 mi",16,$0.1031
PHL,TRI,"5,676",$307.67,440 mi,16,$0.6993
FLL,MUC,"5,675",$548.24,"5,127 mi",16,$0.1069
ATL,PPT,"5,675","$1,189.14","5,724 mi",16,$0.2077
SAT,GRB,"5,669",$255.37,"1,213 mi",16,$0.2105
SFO,BOD,"5,668",$990.20,"5,511 mi",16,$0.1797
MCO,RUH,"5,667","$1,565.79","7,162 mi",16,$0.2186
SJC,BKK,"5,666",$623.04,"8,191 mi",16,$0.0761
DFW,KRK,"5,665","$1,085.59","5,694 mi",16,$0.1907
ORD,BRI,"5,665",$541.65,"4,868 mi",16,$0.1113
EWR,HAN,"5,664","$1,205.32","8,404 mi",16,$0.1434
FLL,MEX,"5,662",$270.99,"1,327 mi",16,$0.2042
SEA,HDN,"5,661",$237.92,862 mi,16,$0.2760
LAS,DRO,"5,660",$250.29,404 mi,16,$0.6195
LGA,PIA,"5,660",$272.41,802 mi,16,$0.3397
ORD,MLU,"5,660",$352.30,713 mi,16,$0.4941
ORD,TRN,"5,660",$954.78,"4,350 mi",16,$0.2195
IAD,CEB,"5,659",$678.80,"8,501 mi",16,$0.0798
LAX,RAR,"5,658",$620.19,"4,542 mi",16,$0.1365
ONT,BIL,"5,658",$247.06,970 mi,16,$0.2547
LAX,TAS,"5,658",$730.43,"7,001 mi",16,$0.1043
MEM,GUA,"5,657",$420.18,"1,372 mi",15,$0.3063
ATL,AGP,"5,655",$767.14,"4,250 mi",15,$0.1805
HNL,FSD,"5,655",$551.62,"3,674 mi",15,$0.1501
CVG,LIR,"5,654",$435.84,"2,026 mi",15,$0.2151
SLC,SIN,"5,651","$1,809.13","9,014 mi",15,$0.2007
MCI,NBO,"5,648",$473.49,"8,676 mi",15,$0.0546
RDU,UIO,"5,648",$318.61,"2,413 mi",15,$0.1320
MCO,YAM,"5,646",$314.06,"1,297 mi",15,$0.2421
MEM,CHA,"5,646",$300.80,278 mi,15,$1.0820
JAX,YYC,"5,645",$347.40,"2,246 mi",15,$0.1547
DCA,GND,"5,644",$358.39,"2,140 mi",15,$0.1675
BOS,LUX,"5,644","$1,099.65","3,681 mi",15,$0.2987
ATL,RUH,"5,643","$1,210.64","7,053 mi",15,$0.1716
DAL,EUG,"5,640",$214.32,"1,662 mi",15,$0.1290
ANC,RIC,"5,640",$527.60,"3,534 mi",15,$0.1493
FLL,EDI,"5,640",$594.47,"4,367 mi",15,$0.1361
IAD,AKL,"5,639","$1,881.50","8,866 mi",15,$0.2122
PHL,PSC,"5,639",$330.35,"2,296 mi",15,$0.1439
BOS,XPL,"5,638",$350.34,"2,101 mi",15,$0.1667
MCO,BSL,"5,635",$489.24,"4,887 mi",15,$0.1001
MCI,DAB,"5,634",$291.42,"1,076 mi",15,$0.2708
TPA,YFC,"5,633",$419.61,"1,558 mi",15,$0.2693
MCO,AEX,"5,633",$283.29,723 mi,15,$0.3918
BOS,PEI,"5,632",$323.45,"2,533 mi",15,$0.1277
HNL,JNU,"5,631",$538.47,"2,895 mi",15,$0.1860
MSY,SDQ,"5,631",$242.82,"1,566 mi",15,$0.1551
STL,MFR,"5,628",$285.52,"1,663 mi",15,$0.1717
DFW,CWA,"5,626",$319.98,938 mi,15,$0.3411
MIA,CLJ,"5,626",$592.09,"5,383 mi",15,$0.1100
IAD,YWG,"5,624",$258.01,"1,192 mi",15,$0.2165
SLC,JNB,"5,624","$1,412.32","10,256 mi",15,$0.1377
MSY,MFR,"5,623",$288.44,"1,934 mi",15,$0.1491
IAH,RKS,"5,621",$349.05,"1,076 mi",15,$0.3244
SJC,ECP,"5,621",$335.38,"2,052 mi",15,$0.1634
EWR,SUN,"5,619",$605.63,"1,985 mi",15,$0.3051
EWR,PVD,"5,618",$223.56,154 mi,15,$1.4517
MIA,CYA,"5,618",$415.07,686 mi,15,$0.6051
MSY,RDM,"5,617",$328.19,"1,891 mi",15,$0.1736
PIT,RAP,"5,616",$247.97,"1,152 mi",15,$0.2153
SEA,ZIH,"5,616",$272.77,"2,447 mi",15,$0.1115
PIT,ANU,"5,615",$267.27,"2,012 mi",15,$0.1328
SAN,DXB,"5,613","$1,274.77","8,148 mi",15,$0.1565
JAX,FWA,"5,610",$257.65,728 mi,15,$0.3539
DEN,MAA,"5,607",$833.42,"8,508 mi",15,$0.0980
SEA,SZX,"5,607",$804.32,"6,667 mi",15,$0.1206
DTW,BZE,"5,604",$418.25,"1,782 mi",15,$0.2347
LGA,MGA,"5,603",$364.09,"2,177 mi",15,$0.1672
AUS,GCM,"5,601",$339.71,"1,230 mi",15,$0.2762
MSY,GEO,"5,600",$601.61,"2,715 mi",15,$0.2216
IAD,SBP,"5,599",$368.46,"2,443 mi",15,$0.1508
JFK,CHC,"5,598","$1,102.68","9,395 mi",15,$0.1174
OGG,MUE,"5,597",$65.65,81 mi,15,$0.8105
IAD,GYD,"5,597","$1,170.87","6,210 mi",15,$0.1885
SEA,LOS,"5,597","$1,059.71","7,677 mi",15,$0.1380
SAN,LIN,"5,596",$982.89,"5,899 mi",15,$0.1666
BOS,COK,"5,595",$506.48,"8,511 mi",15,$0.0595
MIA,LJU,"5,594",$813.76,"5,011 mi",15,$0.1624
BOS,VXE,"5,592",$323.71,"3,124 mi",15,$0.1036
DFW,SUN,"5,592",$382.89,"1,150 mi",15,$0.3329
CLT,SVD,"5,592",$569.51,"1,900 mi",15,$0.2997
BOS,RIX,"5,590",$448.99,"3,888 mi",15,$0.1155
JAX,MXP,"5,590",$794.11,"4,624 mi",15,$0.1717
LAS,STI,"5,590",$240.43,"2,839 mi",15,$0.0847
DCA,AEX,"5,589",$281.80,"1,048 mi",15,$0.2689
BOS,HAJ,"5,588","$1,042.24","3,526 mi",15,$0.2956
JFK,EAS,"5,587",$669.14,"3,689 mi",15,$0.1814
BNA,AMM,"5,585",$553.47,"6,653 mi",15,$0.0832
LAS,KEF,"5,581",$622.18,"4,205 mi",15,$0.1480
MEM,NAS,"5,580",$298.90,"1,048 mi",15,$0.2852
JAX,HRL,"5,580",$254.76,983 mi,15,$0.2592
MSP,MLU,"5,580",$405.73,831 mi,15,$0.4882
MSY,HPN,"5,580",$248.19,"1,237 mi",15,$0.2006
CVG,PVG,"5,578","$1,499.29","7,516 mi",15,$0.1995
MSP,YQB,"5,578",$406.88,"1,087 mi",15,$0.3743
MSY,MSO,"5,578",$287.61,"1,780 mi",15,$0.1616
IAD,JRO,"5,577",$906.01,"7,446 mi",15,$0.1217
IAD,KIX,"5,577","$1,644.45","7,162 mi",15,$0.2296
MCO,ASE,"5,577",$494.43,"1,687 mi",15,$0.2931
PIT,HHH,"5,576",$197.39,589 mi,15,$0.3351
IAH,BAQ,"5,575",$582.95,"1,811 mi",15,$0.3219
LAS,CHO,"5,573",$347.30,"1,954 mi",15,$0.1777
IAD,BOD,"5,568",$789.52,"3,704 mi",15,$0.2132
MSP,GJT,"5,567",$275.68,905 mi,15,$0.3046
PHX,SAD,"5,567",$110.45,139 mi,15,$0.7946
PHX,CUR,"5,564",$514.83,"2,987 mi",15,$0.1724
PIT,PVR,"5,564",$275.05,"2,068 mi",15,$0.1330
JAX,GUA,"5,562",$426.15,"1,271 mi",15,$0.3353
STL,BUD,"5,562",$544.75,"4,927 mi",15,$0.1106
MCO,GJT,"5,562",$300.19,"1,668 mi",15,$0.1800
TPA,MGM,"5,562",$270.95,388 mi,15,$0.6983
PDX,PRG,"5,560",$539.98,"5,498 mi",15,$0.0982
CLT,CAI,"5,559",$417.51,"5,952 mi",15,$0.0701
JFK,FNC,"5,559",$321.60,"3,056 mi",15,$0.1052
AUS,RAP,"5,559",$250.31,"1,031 mi",15,$0.2428
IAD,FCA,"5,557",$351.63,"1,871 mi",15,$0.1879
CVG,EUG,"5,554",$288.06,"2,064 mi",15,$0.1396
PHL,TPE,"5,553","$1,133.23","7,590 mi",15,$0.1493
MCO,CGH,"5,551",$354.25,"4,144 mi",15,$0.0855
CLT,SBY,"5,546",$175.26,381 mi,15,$0.4600
HNL,CUN,"5,546",$509.89,"4,397 mi",15,$0.1160
HOU,CHA,"5,546",$271.02,716 mi,15,$0.3785
LAX,EBB,"5,546",$682.65,"9,707 mi",15,$0.0703
JFK,MAO,"5,543",$685.17,"3,234 mi",15,$0.2119
BOS,EIS,"5,542",$469.09,"1,747 mi",15,$0.2685
STL,AMM,"5,540",$555.73,"6,666 mi",15,$0.0834
SAT,MID,"5,538",$161.91,833 mi,15,$0.1944
FLL,MFE,"5,538",$288.20,"1,155 mi",15,$0.2495
SAN,UIO,"5,538",$490.92,"3,294 mi",15,$0.1490
SAN,CHO,"5,535",$376.80,"2,130 mi",15,$0.1769
IAD,MFR,"5,535",$317.14,"2,435 mi",15,$0.1302
PHL,CTG,"5,534",$327.34,"2,094 mi",15,$0.1563
MIA,MTJ,"5,532",$461.43,"1,883 mi",15,$0.2451
ORD,MGW,"5,532",$168.71,461 mi,15,$0.3660
LAX,YCD,"5,530",$218.07,"1,113 mi",15,$0.1959
MIA,LUX,"5,530","$1,161.95","4,872 mi",15,$0.2385
PHX,ZIH,"5,530",$362.99,"1,237 mi",15,$0.2934
SFO,DRO,"5,530",$313.09,779 mi,15,$0.4019
SLC,QRO,"5,526",$428.62,"1,603 mi",15,$0.2674
BOS,MLB,"5,525",$317.74,"1,090 mi",15,$0.2915
JAX,SGN,"5,524",$606.60,"9,243 mi",15,$0.0656
DTW,NRT,"5,523","$1,231.72","6,192 mi",15,$0.1989
ATL,GOT,"5,522",$714.73,"4,656 mi",15,$0.1535
PHL,BIL,"5,521",$357.70,"1,775 mi",15,$0.2015
DFW,RST,"5,519",$269.74,823 mi,15,$0.3278
ORD,ACK,"5,518",$418.72,949 mi,15,$0.4412
BNA,SDQ,"5,516",$322.87,"1,651 mi",15,$0.1956
LAX,POS,"5,516",$394.00,"4,050 mi",15,$0.0973
AUS,COK,"5,516",$590.86,"9,910 mi",15,$0.0596
CLE,MNL,"5,512",$903.20,"8,555 mi",15,$0.1056
MSY,FWA,"5,512",$251.16,787 mi,15,$0.3191
PHL,GVA,"5,510",$616.57,"4,065 mi",15,$0.1517
JAX,TVC,"5,509",$311.72,977 mi,15,$0.3191
DTW,ANU,"5,506",$326.88,"2,213 mi",15,$0.1477
CLE,DAB,"5,504",$249.06,871 mi,15,$0.2859
DFW,CCU,"5,503",$965.11,"8,838 mi",15,$0.1092
MSP,EVV,"5,502",$409.62,540 mi,15,$0.7586
BWI,PVG,"5,502","$1,067.62","7,212 mi",15,$0.1480
IAD,MCT,"5,500","$1,268.06","7,037 mi",15,$0.1802
LAX,ITH,"5,499",$425.07,"2,397 mi",15,$0.1773
LGA,BIS,"5,498",$370.37,"1,437 mi",15,$0.2577
MEM,ATH,"5,498",$731.38,"5,681 mi",15,$0.1287
STL,TLH,"5,497",$284.27,651 mi,15,$0.4367
MDW,ISP,"5,495",$235.35,786 mi,15,$0.2994
PDX,MEL,"5,495","$1,567.79","8,359 mi",15,$0.1876
JFK,TRS,"5,493",$321.54,"4,055 mi",15,$0.0793
HNL,OOL,"5,491",$568.50,"4,852 mi",15,$0.1172
DTW,MBS,"5,488",$69.51,95 mi,15,$0.7317
PHX,OSL,"5,487",$730.73,"5,368 mi",15,$0.1361
PDX,BER,"5,485",$670.94,"5,030 mi",15,$0.1334
CVG,SHV,"5,483",$297.88,665 mi,15,$0.4479
HNL,VPS,"5,482",$604.78,"4,280 mi",15,$0.1413
BNA,GCM,"5,482",$272.94,"1,171 mi",15,$0.2331
BOS,GDN,"5,481",$512.24,"4,022 mi",15,$0.1274
SEA,OSN,"5,480",$561.76,"5,358 mi",15,$0.1048
EWR,ADB,"5,478",$368.00,"4,913 mi",15,$0.0749
CLE,RAP,"5,478",$269.42,"1,121 mi",15,$0.2403
BNA,TLV,"5,477","$1,279.76","6,208 mi",15,$0.2061
SLC,CDC,"5,477",$108.52,229 mi,15,$0.4739
IAD,LUN,"5,477","$1,219.33","7,958 mi",15,$0.1532
LAS,NCL,"5,476",$742.38,"4,868 mi",15,$0.1525
PHL,LOS,"5,476",$474.79,"5,161 mi",15,$0.0920
CLE,UVF,"5,475",$333.12,"2,218 mi",15,$0.1502
TPA,HDN,"5,475",$365.83,"1,596 mi",15,$0.2292
MSP,GLA,"5,474",$672.98,"3,819 mi",15,$0.1762
DCA,HYA,"5,474",$294.70,394 mi,15,$0.7480
DCA,PTY,"5,473",$498.25,"2,001 mi",15,$0.2490
SAN,GTF,"5,469",$266.62,"1,096 mi",15,$0.2433
SFO,DLC,"5,469",$702.90,"5,596 mi",15,$0.1256
TPA,BGI,"5,468",$316.99,"1,752 mi",15,$0.1809
DFW,HPN,"5,466",$278.70,"1,442 mi",15,$0.1933
IAD,SHA,"5,466",$877.62,"7,219 mi",15,$0.1216
JFK,PPT,"5,466","$1,346.10","6,484 mi",15,$0.2076
ANC,BIL,"5,465",$455.94,"2,018 mi",15,$0.2259
LAX,PBC,"5,462",$173.93,"1,648 mi",15,$0.1055
MDW,OGG,"5,462",$456.03,"4,060 mi",15,$0.1123
MCI,UVF,"5,459",$370.16,"2,625 mi",15,$0.1410
SAT,MOT,"5,459",$274.85,"1,263 mi",15,$0.2176
MIA,NTE,"5,456","$1,170.81","4,551 mi",15,$0.2573
HNL,LUP,"5,455",$17.04,59 mi,15,$0.2888
DTW,BGM,"5,453",$238.46,388 mi,15,$0.6146
CLT,MSL,"5,453",$86.68,390 mi,15,$0.2223
MEM,SGN,"5,452",$564.72,"9,359 mi",15,$0.0603
PDX,SGU,"5,449",$307.02,727 mi,15,$0.4223
SAN,SCL,"5,449",$968.54,"5,311 mi",15,$0.1824
HOU,HSV,"5,449",$305.67,587 mi,15,$0.5207
SLC,MOT,"5,448",$351.33,714 mi,15,$0.4921
ANC,COS,"5,447",$456.04,"2,532 mi",15,$0.1801
BOS,IDA,"5,445",$387.77,"2,119 mi",15,$0.1830
BNA,HYD,"5,443",$795.74,"8,365 mi",15,$0.0951
MCO,JER,"5,443",$576.27,"4,157 mi",15,$0.1386
MCO,CWA,"5,443",$340.99,"1,183 mi",15,$0.2882
MCO,MAA,"5,443",$913.22,"9,598 mi",15,$0.0951
BUR,ORF,"5,442",$290.59,"2,429 mi",15,$0.1196
SEA,CCU,"5,441",$796.53,"7,446 mi",15,$0.1070
JFK,BIQ,"5,441",$938.46,"3,483 mi",15,$0.2694
LAS,YKA,"5,440",$225.26,"1,075 mi",15,$0.2095
MEM,DAY,"5,438",$251.17,447 mi,15,$0.5619
IAH,VPS,"5,437",$239.34,512 mi,15,$0.4675
SFO,HIJ,"5,436","$1,983.52","5,339 mi",15,$0.3715
MSY,MLI,"5,434",$304.79,816 mi,15,$0.3735
BOS,MLI,"5,433",$310.82,973 mi,15,$0.3194
MCO,WAW,"5,432",$853.64,"5,017 mi",15,$0.1701
SLC,PRG,"5,431",$689.81,"5,525 mi",15,$0.1249
MCO,ANU,"5,430",$275.16,"1,508 mi",15,$0.1825
BWI,ATH,"5,430",$620.95,"5,265 mi",15,$0.1179
LEX,MSN,"5,430",$294.65,444 mi,15,$0.6636
SAT,PIA,"5,430",$295.87,941 mi,15,$0.3144
EWR,CMN,"5,428",$363.11,"3,510 mi",15,$0.1035
LAX,HAK,"5,427",$650.31,"7,293 mi",15,$0.0892
SFO,SXM,"5,427",$769.35,"3,685 mi",15,$0.2088
IAH,CCU,"5,425",$882.41,"9,055 mi",15,$0.0975
PIT,SBA,"5,423",$330.52,"2,259 mi",15,$0.1463
PHX,DPS,"5,421","$1,268.36","8,720 mi",15,$0.1455
DTW,TRI,"5,420",$333.86,388 mi,15,$0.8605
CLT,KTM,"5,419",$615.41,"7,759 mi",15,$0.0793
SEA,QRO,"5,418",$283.66,"2,161 mi",15,$0.1313
DEN,AGP,"5,416",$751.92,"4,965 mi",15,$0.1514
TPA,BLR,"5,416",$928.96,"9,578 mi",15,$0.0970
IAD,BNE,"5,415","$2,207.77","9,727 mi",15,$0.2270
MSY,BER,"5,414",$544.26,"4,981 mi",15,$0.1093
LGA,MID,"5,411",$341.07,"1,604 mi",15,$0.2126
DCA,YQB,"5,408",$360.86,599 mi,15,$0.6024
PDX,NAS,"5,408",$446.27,"2,777 mi",15,$0.1607
EWR,SJJ,"5,406",$226.49,"4,335 mi",15,$0.0522
MSY,GNV,"5,405",$261.60,465 mi,15,$0.5626
PHL,QRO,"5,404",$332.83,"2,044 mi",15,$0.1628
JFK,ADZ,"5,403",$342.44,"1,937 mi",15,$0.1768
MEM,SJO,"5,402",$399.66,"1,715 mi",15,$0.2330
MSP,YHZ,"5,401",$324.00,"1,489 mi",15,$0.2176
PIT,NAP,"5,400",$630.60,"4,817 mi",15,$0.1309
RDU,MSO,"5,400",$291.89,"2,021 mi",15,$0.1444
CLE,MAF,"5,398",$333.50,"1,338 mi",15,$0.2493
SDF,DAB,"5,397",$209.38,697 mi,15,$0.3004
IAD,TRV,"5,396",$427.27,"8,507 mi",15,$0.0502
MEM,FRA,"5,395","$1,028.18","4,609 mi",15,$0.2231
EWR,OAK,"5,395",$297.76,"2,473 mi",15,$0.1204
MSP,BJI,"5,395",$133.47,205 mi,15,$0.6511
SFO,VKO,"5,395",$547.59,"5,708 mi",15,$0.0959
MEM,AVL,"5,394",$263.66,407 mi,15,$0.6478
LAS,CRK,"5,393",$409.46,"7,142 mi",15,$0.0573
DFW,HLN,"5,393",$269.48,"1,269 mi",15,$0.2124
FLL,BIM,"5,393",$92.96,63 mi,15,$1.4756
EWR,PSC,"5,392",$386.52,"2,323 mi",15,$0.1664
JAX,LIR,"5,391",$416.80,"1,355 mi",15,$0.3076
MSY,TVC,"5,391",$315.49,"1,018 mi",15,$0.3099
MIA,HAJ,"5,390",$503.20,"4,968 mi",15,$0.1013
FLL,MLI,"5,390",$231.29,"1,179 mi",15,$0.1962
IAD,GPT,"5,388",$250.84,857 mi,15,$0.2927
RDU,CTG,"5,388",$160.47,"1,716 mi",15,$0.0935
PHX,FLR,"5,386",$924.40,"6,194 mi",15,$0.1492
BNA,BER,"5,385",$723.63,"4,816 mi",15,$0.1503
IAH,SCE,"5,384",$380.12,"1,271 mi",15,$0.2991
ORD,LUX,"5,384","$1,431.70","4,131 mi",15,$0.3466
JFK,PNS,"5,383",$267.56,997 mi,15,$0.2684
IAD,ADB,"5,381",$438.93,"5,435 mi",15,$0.0808
CLT,ACC,"5,380",$455.71,"5,639 mi",15,$0.0808
AUS,IDA,"5,379",$298.40,"1,177 mi",15,$0.2535
MCO,YSB,"5,379",$235.17,"1,219 mi",15,$0.1929
AUS,IST,"5,378",$702.40,"6,238 mi",15,$0.1126
LAX,DLH,"5,378",$314.22,"1,679 mi",15,$0.1871
ATL,BIO,"5,376",$934.27,"4,155 mi",15,$0.2249
IAH,YLW,"5,375",$351.30,"1,805 mi",15,$0.1946
DFW,OKA,"5,374",$978.57,"7,629 mi",15,$0.1283
SFO,CXR,"5,372",$504.51,"7,882 mi",15,$0.0640
TPA,WAW,"5,372",$506.33,"5,085 mi",15,$0.0996
AUS,NAP,"5,371",$854.50,"6,058 mi",15,$0.1411
BOS,LJU,"5,370",$788.12,"4,142 mi",15,$0.1903
STL,MGM,"5,370",$256.41,513 mi,15,$0.4998
DCA,MGA,"5,369",$270.78,"1,987 mi",15,$0.1363
SFO,PNQ,"5,368","$1,104.31","8,663 mi",15,$0.1275
MSP,HEL,"5,368",$746.07,"4,251 mi",15,$0.1755
SEA,LFT,"5,366",$376.95,"1,940 mi",15,$0.1943
IAH,BGI,"5,365",$382.67,"2,644 mi",15,$0.1447
SFO,PUS,"5,363",$840.39,"5,813 mi",15,$0.1446
IAD,ASM,"5,362",$544.55,"6,677 mi",15,$0.0816
ONT,YYC,"5,361",$246.32,"1,156 mi",15,$0.2131
ANC,BDL,"5,357",$570.21,"3,442 mi",15,$0.1657
DFW,OTP,"5,356",$737.89,"6,184 mi",15,$0.1193
LEX,LIT,"5,355",$280.25,495 mi,15,$0.5662
DFW,KIN,"5,354",$302.94,"1,578 mi",15,$0.1920
MIA,SPU,"5,352",$719.00,"5,160 mi",15,$0.1393
FLL,JNB,"5,351","$1,060.35","7,816 mi",15,$0.1357
TPA,COK,"5,351",$516.36,"9,732 mi",15,$0.0531
IAD,FSD,"5,350",$300.50,"1,080 mi",15,$0.2782
AUS,FLR,"5,350",$772.76,"5,805 mi",15,$0.1331
DFW,KUL,"5,350","$1,141.89","9,977 mi",15,$0.1145
FLL,CPH,"5,349",$498.36,"4,708 mi",15,$0.1059
CLE,SBA,"5,349",$350.58,"2,171 mi",15,$0.1615
DCA,RST,"5,348",$259.03,898 mi,15,$0.2885
JAX,STT,"5,347",$417.41,"1,303 mi",15,$0.3203
MSP,ACC,"5,347",$639.88,"5,911 mi",15,$0.1083
PHL,LFT,"5,345",$286.91,"1,191 mi",15,$0.2409
DEN,LIN,"5,343",$851.50,"5,424 mi",15,$0.1570
DTW,EVV,"5,342",$343.37,352 mi,15,$0.9755
LAX,BDA,"5,342",$422.44,"2,981 mi",15,$0.1417
PHX,ACV,"5,342",$265.79,819 mi,15,$0.3245
STL,RDM,"5,341",$309.22,"1,676 mi",15,$0.1845
DFW,SKB,"5,340",$361.64,"2,459 mi",15,$0.1471
RDU,NAP,"5,340",$729.60,"4,656 mi",15,$0.1567
MIA,KOA,"5,338",$590.22,"4,922 mi",15,$0.1199
CLE,AGS,"5,338",$242.00,573 mi,15,$0.4223
LGA,BZE,"5,337",$258.06,"1,876 mi",15,$0.1376
MCI,GRU,"5,337","$1,063.65","5,496 mi",15,$0.1935
SFO,CMB,"5,336","$1,061.95","9,295 mi",15,$0.1142
FLL,FCA,"5,334",$403.01,"2,320 mi",15,$0.1737
MSP,HIB,"5,334",$82.63,169 mi,15,$0.4889
PDX,VPS,"5,328",$303.70,"2,264 mi",15,$0.1341
PDX,BZE,"5,328",$259.16,"2,677 mi",15,$0.0968
DFW,SCE,"5,325",$400.28,"1,227 mi",15,$0.3262
EWR,CCU,"5,325",$738.40,"7,681 mi",15,$0.0961
LEX,PNS,"5,324",$268.23,559 mi,15,$0.4798
JFK,BGW,"5,322",$465.20,"5,804 mi",15,$0.0802
OGG,BZN,"5,321",$385.11,"2,978 mi",15,$0.1293
SFO,STT,"5,320",$556.61,"3,797 mi",15,$0.1466
BOS,TFS,"5,320",$439.70,"3,075 mi",15,$0.1430
DTW,LIN,"5,319",$845.78,"4,478 mi",15,$0.1889
SEA,UBN,"5,318",$542.20,"5,390 mi",15,$0.1006
CLT,YHZ,"5,316",$296.11,"1,169 mi",15,$0.2533
SAN,GDL,"5,316",$204.91,"1,236 mi",15,$0.1658
MSP,TRI,"5,315",$383.73,786 mi,15,$0.4882
LAX,DRO,"5,314",$250.46,657 mi,15,$0.3812
CVG,AGS,"5,314",$270.27,433 mi,15,$0.6242
MSP,MOB,"5,314",$367.95,"1,048 mi",15,$0.3511
SEA,YXE,"5,314",$222.36,744 mi,15,$0.2989
LAS,MZT,"5,312",$130.88,"1,070 mi",15,$0.1223
ATL,VLD,"5,311",$159.88,202 mi,15,$0.7915
PIT,FCA,"5,311",$308.29,"1,800 mi",15,$0.1713
SLC,YWG,"5,311",$388.92,978 mi,15,$0.3977
IAH,YYJ,"5,310",$384.70,"2,018 mi",15,$0.1906
JFK,OKC,"5,310",$311.33,"1,382 mi",15,$0.2253
BOS,BQN,"5,308",$245.46,"1,715 mi",15,$0.1431
PHX,YCD,"5,308",$232.09,"1,202 mi",15,$0.1931
BWI,LFT,"5,307",$250.57,"1,034 mi",15,$0.2423
CVG,FSD,"5,302",$273.28,679 mi,15,$0.4025
MCI,TVC,"5,301",$289.75,582 mi,15,$0.4979
SLC,LFT,"5,300",$433.36,"1,376 mi",15,$0.3149
BNA,HDN,"5,298",$276.02,"1,186 mi",15,$0.2327
FLL,BRU,"5,298",$534.97,"4,753 mi",15,$0.1126
RDU,STI,"5,298",$267.69,"1,205 mi",15,$0.2221
TPA,CUR,"5,298",$271.93,"1,357 mi",15,$0.2004
LEX,MEX,"5,297",$376.93,"1,504 mi",15,$0.2506
LGA,AMA,"5,296",$302.82,"1,509 mi",15,$0.2007
MIA,OAX,"5,296",$259.17,"1,254 mi",15,$0.2067
ORD,TRV,"5,296",$545.50,"9,085 mi",15,$0.0600
EWR,JTR,"5,295",$704.60,"5,228 mi",15,$0.1348
DFW,HAV,"5,294",$249.16,"1,157 mi",15,$0.2154
PHL,MVY,"5,293",$262.71,272 mi,15,$0.9658
SFO,SJJ,"5,293",$315.10,"6,107 mi",15,$0.0516
MIA,MFR,"5,292",$356.64,"2,577 mi",14,$0.1384
IAH,GLA,"5,289",$904.43,"4,426 mi",14,$0.2043
DFW,ABV,"5,288",$403.38,"6,493 mi",14,$0.0621
MCO,SCE,"5,288",$323.43,906 mi,14,$0.3570
SLC,BUD,"5,288",$620.34,"5,817 mi",14,$0.1066
BNA,GLA,"5,288",$553.11,"4,035 mi",14,$0.1371
PHX,BEG,"5,288",$702.83,"6,070 mi",14,$0.1158
SFO,TQO,"5,287",$287.10,"2,330 mi",14,$0.1232
DEN,BMI,"5,286",$308.79,857 mi,14,$0.3603
MEM,DAB,"5,286",$262.99,640 mi,14,$0.4109
MSY,CHO,"5,283",$263.56,904 mi,14,$0.2915
MIA,SKP,"5,283",$398.22,"5,443 mi",14,$0.0732
ATL,RAK,"5,282",$657.05,"4,209 mi",14,$0.1561
PDX,EZE,"5,282","$1,123.98","6,636 mi",14,$0.1694
STL,ATW,"5,281",$296.28,381 mi,14,$0.7776
SFO,BRI,"5,281",$785.55,"6,223 mi",14,$0.1262
AUS,HDN,"5,280",$291.13,918 mi,14,$0.3171
BNA,BOM,"5,280",$696.61,"8,142 mi",14,$0.0856
PHX,WAW,"5,279",$584.74,"6,052 mi",14,$0.0966
CVG,GVA,"5,277","$1,561.57","4,512 mi",14,$0.3461
RDU,MOB,"5,277",$270.24,673 mi,14,$0.4015
PHX,BGI,"5,277",$717.45,"3,467 mi",14,$0.2069
SAN,SUN,"5,276",$290.51,738 mi,14,$0.3936
CLT,EGE,"5,275",$352.09,"1,408 mi",14,$0.2501
DEN,TQO,"5,275",$271.59,"1,642 mi",14,$0.1654
FLL,RDM,"5,275",$315.09,"2,676 mi",14,$0.1177
BWI,FWA,"5,274",$242.26,453 mi,14,$0.5348
DEN,GUM,"5,273","$1,939.85","6,464 mi",14,$0.3001
CLT,LIN,"5,272",$669.31,"4,688 mi",14,$0.1428
RDU,AVP,"5,271",$243.94,424 mi,14,$0.5753
OGG,SBP,"5,270",$356.72,"2,308 mi",14,$0.1546
BOS,KHI,"5,269",$655.93,"6,866 mi",14,$0.0955
LAS,ADD,"5,269",$523.68,"8,625 mi",14,$0.0607
DFW,HOT,"5,268",$95.19,244 mi,14,$0.3901
MSY,YOW,"5,268",$381.40,"1,362 mi",14,$0.2800
SAT,SAL,"5,266",$291.75,"1,302 mi",14,$0.2241
PHL,GLA,"5,266",$653.57,"3,201 mi",14,$0.2042
TPA,MTJ,"5,266",$296.46,"1,678 mi",14,$0.1767
SFO,GJT,"5,265",$247.85,780 mi,14,$0.3178
MCO,HDN,"5,264",$333.06,"1,737 mi",14,$0.1917
LGA,TQO,"5,264",$182.38,"1,590 mi",14,$0.1147
OGG,TUL,"5,259",$526.59,"3,649 mi",14,$0.1443
LAS,BLQ,"5,257",$738.64,"5,760 mi",14,$0.1282
MCI,BGR,"5,256",$282.44,"1,416 mi",14,$0.1995
STL,GPT,"5,255",$233.21,598 mi,14,$0.3900
DCA,ABY,"5,255",$346.08,666 mi,14,$0.5196
TPA,OSL,"5,255",$605.20,"4,538 mi",14,$0.1334
EWR,HAJ,"5,254",$941.35,"3,949 mi",14,$0.2384
LAS,CTG,"5,254",$311.96,"2,952 mi",14,$0.1057
JFK,SZX,"5,253","$1,311.25","7,796 mi",14,$0.1682
STL,PSC,"5,250",$284.00,"1,589 mi",14,$0.1787
BWI,FAI,"5,249",$461.44,"3,171 mi",14,$0.1455
BNA,BJX,"5,249",$326.57,"1,416 mi",14,$0.2306
JFK,PSA,"5,247",$530.97,"3,996 mi",14,$0.1329
SFO,MHT,"5,247",$296.13,"2,590 mi",14,$0.1143
DTW,EZE,"5,246","$1,427.82","5,715 mi",14,$0.2498
JFK,OUA,"5,246",$319.84,"4,597 mi",14,$0.0696
SEA,YHZ,"5,246",$349.67,"2,668 mi",14,$0.1311
AUS,SAF,"5,245",$298.84,597 mi,14,$0.5006
SEA,HPN,"5,245",$335.02,"2,333 mi",14,$0.1436
PIT,GJT,"5,244",$292.87,"1,543 mi",14,$0.1898
SDF,PSP,"5,244",$343.86,"1,790 mi",14,$0.1921
LAX,SJJ,"5,244",$534.14,"6,221 mi",14,$0.0859
DTW,SIN,"5,243","$1,745.16","9,673 mi",14,$0.1804
CLT,HRL,"5,240",$250.08,"1,133 mi",14,$0.2207
SAT,MOB,"5,238",$269.28,598 mi,14,$0.4503
PDX,ILM,"5,237",$360.34,"2,532 mi",14,$0.1423
JFK,AAL,"5,233",$287.79,"3,596 mi",14,$0.0800
IAD,HKT,"5,231",$625.27,"9,449 mi",14,$0.0662
JFK,ZAD,"5,231",$372.77,"4,189 mi",14,$0.0890
JFK,BDQ,"5,230",$624.89,"7,368 mi",14,$0.0848
JAX,ZRH,"5,229",$830.09,"4,852 mi",14,$0.1711
BOS,EVN,"5,228",$713.23,"5,289 mi",14,$0.1349
MSP,ITO,"5,227",$489.51,"3,781 mi",14,$0.1295
SFO,TBU,"5,226",$750.48,"5,157 mi",14,$0.1455
BNA,XPL,"5,225",$308.46,"1,542 mi",14,$0.2000
SFO,TER,"5,225",$712.47,"4,760 mi",14,$0.1497
CVG,TLH,"5,225",$284.08,616 mi,14,$0.4612
JAX,SJO,"5,224",$409.03,"1,469 mi",14,$0.2784
DCA,GRK,"5,222",$342.69,"1,251 mi",14,$0.2739
TPA,PLS,"5,222",$387.61,796 mi,14,$0.4869
TPA,YQM,"5,219",$300.37,"1,537 mi",14,$0.1954
BOS,YYJ,"5,218",$388.38,"2,448 mi",14,$0.1587
BOS,PIA,"5,218",$305.85,943 mi,14,$0.3243
DTW,DLH,"5,217",$350.75,524 mi,14,$0.6694
MCI,GRK,"5,214",$302.63,613 mi,14,$0.4937
ORD,BDQ,"5,213",$659.10,"8,067 mi",14,$0.0817
MSY,BOG,"5,212",$311.96,"2,100 mi",14,$0.1486
DEN,BGA,"5,212",$264.57,"3,074 mi",14,$0.0861
MEM,YYC,"5,211",$331.85,"1,680 mi",14,$0.1975
ATL,GTF,"5,211",$395.13,"1,745 mi",14,$0.2264
LAX,YYT,"5,210",$515.23,"3,350 mi",14,$0.1538
BNA,DXB,"5,210","$1,150.12","7,752 mi",14,$0.1484
IAH,CWB,"5,210","$2,082.36","5,051 mi",14,$0.4123
RDU,BZE,"5,209",$284.76,"1,437 mi",14,$0.1982
IAD,GUM,"5,208","$2,453.73","7,668 mi",14,$0.3200
DTW,AMD,"5,207",$484.60,"7,442 mi",14,$0.0651
ORD,GND,"5,206",$327.70,"2,678 mi",14,$0.1224
FLL,GPT,"5,204",$261.76,601 mi,14,$0.4355
AUS,SHV,"5,203",$271.12,267 mi,14,$1.0154
SAN,MLI,"5,203",$327.59,"1,628 mi",14,$0.2012
PDX,TLV,"5,200","$1,500.64","7,100 mi",14,$0.2114
AUS,KEF,"5,199",$574.81,"3,797 mi",14,$0.1514
MIA,AXM,"5,199",$207.58,"1,550 mi",14,$0.1339
DCA,MFR,"5,198",$330.83,"2,315 mi",14,$0.1429
DFW,BLI,"5,197",$345.48,"1,661 mi",14,$0.2080
MCI,FAI,"5,196",$355.40,"2,653 mi",14,$0.1340
MCI,CZM,"5,196",$222.73,"1,336 mi",14,$0.1667
SFO,KMG,"5,195",$613.39,"6,983 mi",14,$0.0878
PIT,DEL,"5,194",$999.14,"7,672 mi",14,$0.1302
MCO,SBY,"5,191",$176.50,739 mi,14,$0.2388
SEA,BLQ,"5,189",$783.49,"5,320 mi",14,$0.1473
MIA,YFC,"5,188",$319.00,"1,629 mi",14,$0.1958
DTW,HRL,"5,188",$273.50,"1,411 mi",14,$0.1938
STL,GUA,"5,188",$364.73,"1,720 mi",14,$0.2121
PHX,GIG,"5,187",$982.81,"6,140 mi",14,$0.1601
BOS,POS,"5,185",$309.40,"2,339 mi",14,$0.1323
BUR,MSN,"5,183",$338.73,"1,722 mi",14,$0.1967
LAS,OTP,"5,183",$758.37,"6,551 mi",14,$0.1158
PDX,SCL,"5,183","$1,030.87","6,155 mi",14,$0.1675
LAX,AZO,"5,182",$365.87,"1,807 mi",14,$0.2025
PDX,ADQ,"5,182",$544.02,"1,468 mi",14,$0.3706
PHX,OPO,"5,180",$702.92,"5,506 mi",14,$0.1277
SFO,SGU,"5,180",$310.85,469 mi,14,$0.6628
SEA,OPO,"5,178",$712.72,"4,935 mi",14,$0.1444
RDU,BJX,"5,177",$275.03,"1,661 mi",14,$0.1656
PDX,AKL,"5,176",$947.64,"7,113 mi",14,$0.1332
BUR,HSV,"5,176",$337.56,"1,739 mi",14,$0.1941
LAX,BIS,"5,174",$268.55,"1,317 mi",14,$0.2039
CLE,MOB,"5,172",$270.63,797 mi,14,$0.3396
MIA,AMA,"5,171",$256.46,"1,470 mi",14,$0.1745
MIA,AVP,"5,171",$288.29,"1,072 mi",14,$0.2689
AUS,KIX,"5,168",$926.74,"7,000 mi",14,$0.1324
DTW,IDA,"5,168",$340.19,"1,406 mi",14,$0.2420
JFK,TER,"5,167",$191.80,"2,382 mi",14,$0.0805
MCI,HYD,"5,167",$627.80,"8,761 mi",14,$0.0717
MIA,MEC,"5,167",$267.19,"1,903 mi",14,$0.1404
DCA,BFL,"5,166",$439.42,"2,375 mi",14,$0.1850
SLC,BER,"5,165",$536.60,"5,065 mi",14,$0.1059
MCI,GNV,"5,164",$271.66,998 mi,14,$0.2722
ONT,MSO,"5,163",$217.46,934 mi,14,$0.2328
DCA,SKB,"5,163",$289.20,"1,668 mi",14,$0.1734
SEA,AUA,"5,163",$356.94,"3,734 mi",14,$0.0956
JFK,TFN,"5,162",$501.87,"3,413 mi",14,$0.1470
TPA,SBP,"5,162",$311.88,"2,215 mi",14,$0.1408
CLT,HEL,"5,160",$622.71,"4,771 mi",14,$0.1305
CVG,MAN,"5,160",$764.95,"3,948 mi",14,$0.1938
LAS,GRK,"5,159",$326.51,"1,022 mi",14,$0.3195
TPA,MRY,"5,158",$339.66,"2,425 mi",14,$0.1401
LAX,NTE,"5,157",$783.63,"5,434 mi",14,$0.1442
PIT,GRB,"5,157",$275.65,503 mi,14,$0.5480
IAH,DUS,"5,155","$1,323.74","5,263 mi",14,$0.2515
IAD,SDQ,"5,154",$408.61,"1,537 mi",14,$0.2658
PDX,FWA,"5,154",$340.77,"1,947 mi",14,$0.1750
SEA,LWS,"5,154",$162.64,269 mi,14,$0.6046
IAD,TRN,"5,153",$882.27,"4,053 mi",14,$0.2177
MEM,TRI,"5,152",$288.97,449 mi,14,$0.6436
IAH,RUH,"5,150","$1,696.14","8,119 mi",14,$0.2089
MIA,BSL,"5,150",$686.66,"4,681 mi",14,$0.1467
LAX,TRC,"5,149",$126.61,"1,036 mi",14,$0.1222
JFK,DMM,"5,147","$1,270.74","6,359 mi",14,$0.1998
TPA,POS,"5,147",$327.26,"1,880 mi",14,$0.1741
MEM,EYW,"5,147",$295.87,849 mi,14,$0.3485
EWR,HER,"5,146",$569.90,"5,261 mi",14,$0.1083
CLE,BJX,"5,146",$346.30,"1,872 mi",14,$0.1850
MDW,SBA,"5,145",$257.50,"1,859 mi",14,$0.1385
ORD,YQR,"5,145",$362.90,958 mi,14,$0.3788
PHL,HDN,"5,145",$306.75,"1,630 mi",14,$0.1882
LEX,ONT,"5,145",$330.28,"1,798 mi",14,$0.1837
DAL,OGG,"5,144",$394.10,"3,827 mi",14,$0.1030
MSP,BFL,"5,143",$362.19,"1,459 mi",14,$0.2482
FLL,GIG,"5,142",$487.67,"4,308 mi",14,$0.1132
CVG,FCA,"5,141",$305.00,"1,646 mi",14,$0.1853
LEX,ALB,"5,140",$275.68,634 mi,14,$0.4348
DCA,HEL,"5,137",$853.92,"4,433 mi",14,$0.1926
BNA,AEX,"5,136",$263.77,459 mi,14,$0.5747
ATL,LRD,"5,136",$321.43,957 mi,14,$0.3359
DTW,OPO,"5,135",$707.68,"3,608 mi",14,$0.1961
BOS,TRN,"5,135",$740.49,"3,653 mi",14,$0.2027
TPA,FUE,"5,135",$181.26,"3,994 mi",14,$0.0454
MIA,PUQ,"5,131",$873.06,"5,638 mi",14,$0.1549
OGG,YLW,"5,131",$374.78,"2,759 mi",14,$0.1358
SAT,LIH,"5,130",$413.69,"3,669 mi",14,$0.1128
DFW,STX,"5,129",$280.65,"2,326 mi",14,$0.1207
DTW,SBP,"5,128",$429.62,"1,988 mi",14,$0.2161
LAS,LWS,"5,128",$223.93,740 mi,14,$0.3026
STL,DAB,"5,127",$261.74,874 mi,14,$0.2995
SEA,EAT,"5,126",$134.74,101 mi,14,$1.3341
ORD,ADB,"5,125",$456.19,"5,386 mi",14,$0.0847
SAT,CRW,"5,122",$295.57,"1,107 mi",14,$0.2670
SEA,CHO,"5,119",$395.32,"2,213 mi",14,$0.1786
TPA,DLH,"5,119",$301.19,"1,363 mi",14,$0.2210
DEN,HAM,"5,118",$912.57,"4,756 mi",14,$0.1919
TPA,SAP,"5,117",$236.01,959 mi,14,$0.2461
BNA,NBO,"5,115",$544.34,"7,870 mi",14,$0.0692
PHL,NBO,"5,115",$598.59,"7,665 mi",14,$0.0781
BWI,MSO,"5,113",$329.64,"1,885 mi",14,$0.1749
DFW,BDA,"5,112",$487.89,"1,820 mi",14,$0.2681
MDW,EUG,"5,111",$270.32,"1,732 mi",14,$0.1561
BUR,LIT,"5,106",$293.54,"1,440 mi",14,$0.2038
LAX,CRW,"5,106",$348.26,"2,001 mi",14,$0.1740
PIT,GRU,"5,106","$1,061.19","5,069 mi",14,$0.2093
CVG,KOA,"5,105",$559.66,"4,519 mi",14,$0.1238
MCO,DAV,"5,105",$325.89,"1,344 mi",14,$0.2425
DTW,ESC,"5,101",$137.90,315 mi,14,$0.4378
FLL,SGN,"5,101",$542.92,"10,142 mi",14,$0.0535
AUS,BGR,"5,099",$304.31,"1,804 mi",14,$0.1687
DFW,YYJ,"5,098",$370.85,"1,691 mi",14,$0.2193
ATL,ITO,"5,097",$684.05,"4,252 mi",14,$0.1609
ONT,SRQ,"5,097",$283.13,"2,185 mi",14,$0.1296
MSP,ASE,"5,097",$351.04,776 mi,14,$0.4524
TPA,FLR,"5,095",$851.91,"4,929 mi",14,$0.1728
ATL,HAJ,"5,095","$1,074.18","4,714 mi",14,$0.2279
JFK,TSN,"5,093",$666.64,"6,675 mi",14,$0.0999
AUS,FAI,"5,092",$369.97,"3,296 mi",14,$0.1122
OGG,COS,"5,091",$429.13,"3,387 mi",14,$0.1267
DEN,CNY,"5,090",$102.33,290 mi,14,$0.3529
LAS,PLS,"5,090",$490.59,"2,667 mi",14,$0.1839
BNA,EBL,"5,089",$739.19,"6,715 mi",14,$0.1101
CLT,WAW,"5,087",$562.20,"4,650 mi",14,$0.1209
CLT,YEG,"5,087",$386.75,"2,073 mi",14,$0.1866
HNL,DAY,"5,087",$623.29,"4,575 mi",14,$0.1362
JAX,FSD,"5,087",$280.54,"1,261 mi",14,$0.2225
SFO,LGB,"5,087",$205.74,343 mi,14,$0.5998
CLT,SLP,"5,085",$321.29,"1,546 mi",14,$0.2078
IAH,BSL,"5,085",$782.17,"5,421 mi",14,$0.1443
IAD,GNV,"5,083",$267.10,675 mi,14,$0.3957
STL,GCM,"5,083",$278.57,"1,405 mi",14,$0.1983
AUS,DAB,"5,082",$284.29,"1,029 mi",14,$0.2763
SJC,CID,"5,082",$308.28,"1,580 mi",14,$0.1951
PHX,HDN,"5,082",$261.16,537 mi,14,$0.4863
LAX,KTN,"5,080",$436.02,"1,563 mi",14,$0.2790
PHL,SBP,"5,080",$426.12,"2,554 mi",14,$0.1668
LGA,TRI,"5,079",$342.09,532 mi,14,$0.6430
IAH,YXE,"5,078",$325.57,"1,687 mi",14,$0.1930
IAD,CID,"5,077",$333.58,799 mi,14,$0.4175
ORD,RIX,"5,076",$375.03,"4,685 mi",14,$0.0800
LAS,BDA,"5,076",$369.31,"2,777 mi",14,$0.1330
PIT,IDA,"5,075",$392.85,"1,687 mi",14,$0.2329
PIT,MLI,"5,075",$259.90,524 mi,14,$0.4960
RDU,YHZ,"5,074",$250.84,984 mi,14,$0.2549
DCA,FAI,"5,069",$431.73,"3,179 mi",14,$0.1358
MSY,AUA,"5,069",$271.80,"1,824 mi",14,$0.1490
IAD,FAO,"5,065",$515.97,"3,580 mi",14,$0.1441
PDX,BOM,"5,063",$722.45,"8,099 mi",14,$0.0892
SAT,CJS,"5,063",$71.21,480 mi,14,$0.1484
SAT,EVV,"5,062",$336.84,885 mi,14,$0.3806
CLT,BLQ,"5,061",$782.82,"4,808 mi",14,$0.1628
LAX,TLL,"5,061",$575.08,"5,482 mi",14,$0.1049
ORD,VRN,"5,061",$864.04,"4,743 mi",14,$0.1822
FLL,TRI,"5,058",$304.49,709 mi,14,$0.4295
OGG,PSC,"5,058",$397.32,"2,649 mi",14,$0.1500
BOS,RST,"5,057",$302.22,"1,119 mi",14,$0.2701
IAD,FWA,"5,057",$235.31,446 mi,14,$0.5276
BOS,LFT,"5,056",$364.69,"1,390 mi",14,$0.2624
STL,XNA,"5,056",$497.69,267 mi,14,$1.8640
PHL,EGE,"5,055",$482.66,"1,624 mi",14,$0.2972
DFW,CAK,"5,055",$325.09,991 mi,14,$0.3280
DTW,MSO,"5,054",$327.77,"1,583 mi",14,$0.2071
SFO,SCE,"5,054",$446.18,"2,440 mi",14,$0.1829
MCO,NVT,"5,052",$624.52,"4,260 mi",14,$0.1466
MSY,PSC,"5,052",$329.63,"1,855 mi",14,$0.1777
DEN,CWA,"5,052",$298.20,862 mi,14,$0.3459
SJC,SJO,"5,050",$368.04,"3,101 mi",14,$0.1187
DTW,PTY,"5,048",$466.94,"2,371 mi",14,$0.1969
JFK,HBE,"5,048",$270.91,"5,325 mi",14,$0.0509
FLL,MFR,"5,047",$341.94,"2,733 mi",14,$0.1251
CLT,HAJ,"5,047","$1,258.14","4,232 mi",14,$0.2973
MEM,ROA,"5,047",$290.78,562 mi,14,$0.5174
IAH,BLQ,"5,046","$1,097.23","5,693 mi",14,$0.1927
SAN,LFT,"5,046",$302.26,"1,537 mi",14,$0.1967
SLC,KIX,"5,045",$792.91,"5,883 mi",14,$0.1348
DAL,IAD,"5,044",$250.66,"1,127 mi",14,$0.2224
SDF,GRB,"5,042",$294.12,467 mi,14,$0.6298
IAD,MTY,"5,041",$365.38,"1,549 mi",14,$0.2359
BOS,BIS,"5,041",$339.81,"1,441 mi",14,$0.2358
SEA,AMD,"5,040",$819.55,"7,252 mi",14,$0.1130
MIA,BIL,"5,039",$378.67,"2,020 mi",14,$0.1875
STL,BIS,"5,039",$274.24,786 mi,14,$0.3489
TPA,XPL,"5,039",$237.20,"1,019 mi",14,$0.2328
HNL,XNA,"5,038",$517.50,"3,800 mi",14,$0.1362
DEN,OTP,"5,036",$698.53,"6,027 mi",14,$0.1159
AUS,TQO,"5,034",$228.96,961 mi,14,$0.2383
TPA,BAQ,"5,032",$202.56,"1,245 mi",14,$0.1627
PHL,ACC,"5,031",$455.42,"5,025 mi",14,$0.0906
SFO,BGO,"5,031",$626.24,"4,899 mi",14,$0.1278
BNA,PTY,"5,029",$327.16,"1,867 mi",14,$0.1752
JFK,POZ,"5,029",$605.99,"4,217 mi",14,$0.1437
SAT,BIL,"5,029",$284.89,"1,212 mi",14,$0.2351
RDU,MFR,"5,028",$296.86,"2,449 mi",14,$0.1212
BWI,HKG,"5,028","$1,460.99","7,889 mi",14,$0.1852
BWI,GIG,"5,026",$488.93,"4,940 mi",14,$0.0990
MCO,BHD,"5,025","$1,086.00","4,193 mi",14,$0.2590
HNL,PNI,"5,024","$1,410.45","2,995 mi",14,$0.4709
LAX,RUN,"5,024",$914.63,"11,805 mi",14,$0.0775
DFW,AGP,"5,024",$707.50,"4,883 mi",14,$0.1449
PDX,PSC,"5,024",$268.23,169 mi,14,$1.5872
BNA,EZE,"5,023",$943.16,"5,383 mi",14,$0.1752
BUR,BJC,"5,023",$436.32,854 mi,14,$0.5109
PHX,SUN,"5,022",$306.47,686 mi,14,$0.4467
CLE,LIH,"5,020",$621.29,"4,735 mi",14,$0.1312
STL,PRG,"5,020",$629.37,"4,930 mi",14,$0.1277
STL,ISP,"5,019",$252.99,898 mi,14,$0.2817
ORD,PNH,"5,018",$701.93,"8,390 mi",14,$0.0837
SFO,CRP,"5,017",$332.87,"1,641 mi",14,$0.2028
JFK,MRU,"5,014",$825.48,"8,999 mi",14,$0.0917
SAT,ZRH,"5,014",$802.24,"5,293 mi",14,$0.1516
LAS,MBS,"5,013",$335.88,"1,767 mi",14,$0.1901
PHX,CEB,"5,012",$607.81,"7,449 mi",14,$0.0816
IAD,YHZ,"5,011",$331.47,799 mi,14,$0.4149
TPA,OAJ,"5,010",$234.28,572 mi,14,$0.4096
ORD,STX,"5,009",$358.22,"2,095 mi",14,$0.1710
IAH,MZT,"5,008",$219.02,848 mi,14,$0.2583
MSP,PIA,"5,008",$284.43,352 mi,14,$0.8080
CVG,ROA,"5,007",$283.79,273 mi,14,$1.0395
MEM,FSD,"5,007",$294.10,712 mi,14,$0.4131
LGA,MAD,"5,006",$240.91,"3,687 mi",14,$0.0653
DTW,LBB,"5,006",$332.42,"1,198 mi",14,$0.2775
SFO,BGI,"5,006",$398.30,"4,319 mi",14,$0.0922
MCO,MTJ,"5,005",$334.16,"1,725 mi",14,$0.1937
IAD,RIX,"5,002",$765.72,"4,535 mi",14,$0.1688
SDF,FSD,"5,002",$271.33,664 mi,14,$0.4086
LAS,MLB,"5,001",$392.98,"2,020 mi",14,$0.1945
SAN,PIA,"5,001",$308.92,"1,659 mi",14,$0.1862
SAT,BFL,"5,001",$332.58,"1,226 mi",14,$0.2713
MCI,MXP,"5,000",$849.51,"5,046 mi",14,$0.1684
JFK,TLH,"4,999",$279.38,895 mi,14,$0.3122
PHX,MLB,"4,999",$382.24,"1,834 mi",14,$0.2084
LAX,ORK,"4,998","$1,062.54","5,004 mi",14,$0.2123
IAD,YQB,"4,998",$377.54,604 mi,14,$0.6251
SFO,CNF,"4,998",$912.10,"6,244 mi",14,$0.1461
JAX,SDQ,"4,997",$267.26,"1,090 mi",14,$0.2452
BUR,SAV,"4,996",$263.75,"2,206 mi",14,$0.1196
DTW,SXM,"4,996",$453.15,"1,988 mi",14,$0.2279
DCA,AZO,"4,996",$217.35,519 mi,14,$0.4188
JAX,SAL,"4,995",$344.85,"1,230 mi",14,$0.2804
PHL,YWG,"4,995",$396.66,"1,235 mi",14,$0.3212
LAX,JTR,"4,994",$863.10,"7,259 mi",14,$0.1189
SEA,AMM,"4,994",$692.66,"7,007 mi",14,$0.0989
DFW,RUH,"4,992","$1,624.46","7,548 mi",14,$0.2152
BWI,MTY,"4,991",$362.91,"1,691 mi",14,$0.2146
HNL,TAK,"4,990",$444.66,"4,306 mi",14,$0.1033
MIA,GHB,"4,989",$547.28,256 mi,14,$2.1378
LAS,TQO,"4,989",$210.17,"1,932 mi",14,$0.1088
RDU,RIC,"4,989",$290.67,135 mi,14,$2.1531
PHX,RDD,"4,986",$296.31,726 mi,14,$0.4081
PHL,PIA,"4,986",$318.06,786 mi,14,$0.4047
CVG,WAW,"4,985","$1,099.96","4,579 mi",14,$0.2402
LAX,ISB,"4,985",$874.23,"7,485 mi",14,$0.1168
PHX,AEX,"4,984",$360.85,"1,109 mi",14,$0.3254
AUS,ARN,"4,983",$741.38,"5,080 mi",14,$0.1459
MSY,SYD,"4,983","$1,505.52","8,613 mi",14,$0.1748
PHX,YYT,"4,982",$438.27,"3,274 mi",14,$0.1339
MIA,NVT,"4,981",$690.10,"4,331 mi",14,$0.1593
MCI,EDI,"4,980",$668.01,"4,200 mi",14,$0.1591
DEN,RDD,"4,979",$281.32,902 mi,14,$0.3119
DCA,BMI,"4,978",$290.45,660 mi,14,$0.4401
SEA,KTM,"4,977",$705.13,"7,175 mi",14,$0.0983
STL,MOB,"4,977",$282.79,553 mi,14,$0.5114
DTW,PMO,"4,976",$428.63,"4,947 mi",14,$0.0866
RDU,GYE,"4,974",$206.50,"2,708 mi",14,$0.0763
SFO,TRV,"4,974",$807.63,"9,286 mi",14,$0.0870
PHX,AZO,"4,972",$323.02,"1,511 mi",14,$0.2138
CLT,BIS,"4,972",$294.83,"1,260 mi",14,$0.2340
JFK,LBA,"4,971",$726.97,"3,447 mi",14,$0.2109
SAT,LIM,"4,971",$514.61,"3,300 mi",14,$0.1559
CLT,HDN,"4,970",$285.73,"1,429 mi",14,$0.2000
JAX,MFE,"4,970",$274.80,"1,018 mi",14,$0.2699
SDF,SGF,"4,968",$275.22,436 mi,14,$0.6312
PHX,QRO,"4,965",$392.51,"1,178 mi",14,$0.3332
DCA,MXP,"4,963",$673.71,"4,071 mi",14,$0.1655
PHX,TWF,"4,963",$342.75,620 mi,14,$0.5528
MSP,ABE,"4,962",$401.93,918 mi,14,$0.4378
SLC,MOB,"4,959",$423.81,"1,451 mi",14,$0.2921
TPA,EVV,"4,959",$308.58,776 mi,14,$0.3977
MCO,OGS,"4,958",$156.35,"1,203 mi",14,$0.1300
MIA,MRU,"4,958",$808.30,"9,458 mi",14,$0.0855
ATL,ISB,"4,957",$594.15,"7,792 mi",14,$0.0763
PHL,OPO,"4,957",$327.69,"3,304 mi",14,$0.0992
SEA,GNV,"4,956",$398.89,"2,376 mi",14,$0.1679
MDW,LIT,"4,956",$178.76,560 mi,14,$0.3192
IAH,CRK,"4,955",$665.36,"8,250 mi",14,$0.0806
SEA,BSL,"4,955",$863.80,"5,366 mi",14,$0.1610
JFK,FRU,"4,954",$348.03,"6,134 mi",14,$0.0567
LAS,SAP,"4,954",$159.77,"2,265 mi",14,$0.0705
LGA,OAX,"4,954",$403.42,"2,069 mi",14,$0.1950
MSP,HAM,"4,954",$707.84,"4,143 mi",14,$0.1709
SLC,HPN,"4,953",$355.96,"1,922 mi",14,$0.1852
PHX,CRW,"4,952",$323.58,"1,780 mi",14,$0.1818
RDU,OKA,"4,950",$876.95,"8,048 mi",14,$0.1090
DTW,BGI,"4,949",$472.31,"2,395 mi",14,$0.1972
DCA,POP,"4,948",$234.78,"1,334 mi",14,$0.1760
MCI,GCM,"4,948",$340.33,"1,643 mi",14,$0.2071
SEA,TLS,"4,946","$1,353.86","5,429 mi",14,$0.2494
CVG,CHO,"4,945",$269.71,331 mi,14,$0.8148
SAT,DAB,"4,945",$304.39,"1,079 mi",14,$0.2821
SAN,EGE,"4,945",$329.68,723 mi,14,$0.4560
SJC,FCA,"4,945",$294.47,824 mi,14,$0.3574
IAH,DBV,"4,944",$828.75,"6,068 mi",14,$0.1366
SEA,BGO,"4,942",$666.73,"4,566 mi",14,$0.1460
JAX,ICN,"4,940","$1,201.93","7,179 mi",14,$0.1674
MSP,CPT,"4,939","$1,140.58","8,564 mi",14,$0.1332
PHX,BGW,"4,939",$535.93,"7,804 mi",14,$0.0687
IAH,ADD,"4,937",$462.89,"8,624 mi",14,$0.0537
CVG,MFE,"4,936",$296.03,"1,223 mi",14,$0.2421
RDU,GIG,"4,936",$512.85,"4,813 mi",14,$0.1066
ATL,BGO,"4,935",$657.91,"4,347 mi",14,$0.1513
RDU,CRP,"4,935",$276.60,"1,267 mi",14,$0.2183
MSP,NAP,"4,934",$651.55,"4,859 mi",14,$0.1341
LAX,AYT,"4,933",$544.51,"6,941 mi",14,$0.0784
IAD,BJL,"4,932",$693.83,"4,202 mi",14,$0.1651
ATL,MED,"4,931",$423.30,"7,204 mi",14,$0.0588
LAS,PPT,"4,929",$882.04,"4,466 mi",14,$0.1975
SLC,TLV,"4,929","$1,166.41","6,771 mi",14,$0.1723
HNL,SGF,"4,928",$519.46,"4,084 mi",14,$0.1272
PDX,EUG,"4,928",$146.99,103 mi,14,$1.4271
DEN,AMM,"4,925",$689.43,"6,679 mi",13,$0.1032
SFO,BSB,"4,925",$690.33,"5,890 mi",13,$0.1172
LAX,KMJ,"4,922",$854.24,"5,816 mi",13,$0.1469
MCO,FAY,"4,922",$235.17,489 mi,13,$0.4809
FLL,LFT,"4,920",$261.95,798 mi,13,$0.3283
FLL,YYJ,"4,920",$388.05,"2,872 mi",13,$0.1351
SFO,NUE,"4,918",$884.02,"5,608 mi",13,$0.1576
JAX,ATW,"4,917",$297.73,"1,053 mi",13,$0.2827
BWI,IDA,"4,916",$418.11,"1,791 mi",13,$0.2335
MIA,HRE,"4,914",$707.22,"8,290 mi",13,$0.0853
SEA,MGM,"4,913",$361.24,"2,210 mi",13,$0.1635
ATL,BHX,"4,911",$928.88,"4,252 mi",13,$0.2185
CVG,HPN,"4,911",$242.41,614 mi,13,$0.3948
SAN,ISP,"4,911",$353.34,"2,550 mi",13,$0.1386
OGG,PSP,"4,910",$478.36,"2,510 mi",13,$0.1906
OGG,AMS,"4,910","$1,146.09","7,035 mi",13,$0.1629
ANC,PSP,"4,909",$435.79,"2,472 mi",13,$0.1763
JFK,RHO,"4,908",$423.80,"5,018 mi",13,$0.0845
PIT,ATW,"4,907",$257.00,481 mi,13,$0.5343
IAD,BIL,"4,906",$357.39,"1,693 mi",13,$0.2111
DTW,MEL,"4,905","$1,427.23","9,601 mi",13,$0.1487
CVG,AVP,"4,904",$309.09,483 mi,13,$0.6399
IAH,HMO,"4,904",$304.07,917 mi,13,$0.3316
LGA,BIL,"4,903",$388.78,"1,710 mi",13,$0.2274
PHX,MTJ,"4,902",$241.56,432 mi,13,$0.5592
LAX,OAJ,"4,901",$317.25,"2,242 mi",13,$0.1415
PHX,CPT,"4,900","$1,258.19","9,915 mi",13,$0.1269
SFO,BHX,"4,899",$517.58,"5,109 mi",13,$0.1013
LAS,NGO,"4,899","$1,013.04","5,526 mi",13,$0.1833
LAX,YQU,"4,899",$200.54,"1,423 mi",13,$0.1409
MIA,BLL,"4,899",$433.18,"4,883 mi",13,$0.0887
MSP,CWA,"4,899",$140.50,169 mi,13,$0.8314
MSY,CUR,"4,899",$339.76,"1,782 mi",13,$0.1907
SEA,FAY,"4,898",$347.26,"2,308 mi",13,$0.1505
BWI,LOS,"4,898",$555.18,"5,558 mi",13,$0.0999
PDX,JAC,"4,898",$288.46,581 mi,13,$0.4965
CLT,MFR,"4,897",$328.05,"2,356 mi",13,$0.1392
DFW,CLO,"4,897",$235.00,"2,501 mi",13,$0.0940
LAX,VSA,"4,897",$209.24,"1,867 mi",13,$0.1121
BOS,TFU,"4,896","$1,492.18","7,184 mi",13,$0.2077
SAT,FCA,"4,896",$357.54,"1,497 mi",13,$0.2388
DEN,MZT,"4,892",$351.40,"1,123 mi",13,$0.3129
LAX,POP,"4,892",$324.12,"2,985 mi",13,$0.1086
PIT,BRU,"4,891","$1,033.62","4,040 mi",13,$0.2558
SDF,DUB,"4,890",$497.33,"3,872 mi",13,$0.1284
JAX,GPT,"4,890",$221.86,427 mi,13,$0.5196
LAS,YQM,"4,889",$379.08,"2,589 mi",13,$0.1464
MSY,CAK,"4,886",$303.94,929 mi,13,$0.3272
SEA,COK,"4,886",$733.14,"8,543 mi",13,$0.0858
ATL,VLC,"4,884",$586.45,"4,367 mi",13,$0.1343
BOS,CRP,"4,884",$341.47,"1,740 mi",13,$0.1962
SDF,TLH,"4,884",$292.87,559 mi,13,$0.5239
CLT,SBP,"4,883",$399.21,"2,292 mi",13,$0.1742
HNL,AGS,"4,883",$662.18,"4,498 mi",13,$0.1472
MSY,DAB,"4,883",$293.75,538 mi,13,$0.5460
DTW,TQO,"4,882",$296.24,"1,497 mi",13,$0.1979
DAL,SAF,"4,882",$353.29,544 mi,13,$0.6494
MIA,MRY,"4,882",$370.85,"2,469 mi",13,$0.1502
PHL,IDA,"4,882",$402.82,"1,844 mi",13,$0.2184
PDX,BUD,"4,881",$531.09,"5,775 mi",13,$0.0920
RDU,MLB,"4,881",$244.82,532 mi,13,$0.4602
DEN,BGI,"4,879",$429.13,"3,202 mi",13,$0.1340
DFW,CGK,"4,879","$1,343.99","9,740 mi",13,$0.1380
MSP,INL,"4,878",$160.22,263 mi,13,$0.6092
ATL,PRN,"4,878",$196.74,"5,536 mi",13,$0.0355
BWI,MRY,"4,878",$380.37,"2,371 mi",13,$0.1604
MSP,RHI,"4,878",$116.30,196 mi,13,$0.5934
EWR,CRP,"4,877",$346.82,"1,548 mi",13,$0.2240
BOS,BRI,"4,877",$496.01,"4,175 mi",13,$0.1188
MCO,ACC,"4,877",$685.73,"5,662 mi",13,$0.1211
SJC,GSO,"4,876",$333.31,"2,377 mi",13,$0.1402
LAX,LST,"4,876","$1,075.02","8,162 mi",13,$0.1317
BWI,STX,"4,875",$300.09,"1,597 mi",13,$0.1879
EWR,AMM,"4,875",$462.28,"5,912 mi",13,$0.0782
PIT,SGN,"4,874",$657.67,"9,130 mi",13,$0.0720
LGA,EUG,"4,873",$374.26,"2,413 mi",13,$0.1551
HNL,RAR,"4,873",$426.72,"3,029 mi",13,$0.1409
ORD,KGL,"4,873",$607.63,"7,496 mi",13,$0.0811
SLC,PIH,"4,873",$154.69,146 mi,13,$1.0595
DTW,GCM,"4,872",$530.86,"1,636 mi",13,$0.3245
CLT,YOW,"4,871",$400.87,728 mi,13,$0.5506
DTW,CHO,"4,871",$290.11,371 mi,13,$0.7820
LGA,ATH,"4,871",$304.78,"4,779 mi",13,$0.0638
LEX,OMA,"4,868",$283.87,660 mi,13,$0.4301
SFO,CUZ,"4,868",$548.22,"4,669 mi",13,$0.1174
SDF,MUC,"4,867",$612.34,"4,478 mi",13,$0.1367
AUS,CRP,"4,866",$235.34,173 mi,13,$1.3603
IAD,NCL,"4,866",$676.31,"3,441 mi",13,$0.1965
MCO,ACE,"4,865",$255.01,"4,163 mi",13,$0.0613
JAX,SBA,"4,864",$347.19,"2,295 mi",13,$0.1513
PDX,HLN,"4,862",$269.43,528 mi,13,$0.5103
SDF,HPN,"4,862",$230.82,650 mi,13,$0.3551
MIA,MAA,"4,861",$981.37,"9,168 mi",13,$0.1070
ONT,ECP,"4,860",$332.75,"1,925 mi",13,$0.1729
DTW,LOS,"4,858",$640.31,"5,915 mi",13,$0.1083
CLT,SIN,"4,857","$2,184.52","10,186 mi",13,$0.2145
TPA,BEG,"4,857",$508.49,"5,292 mi",13,$0.0961
LAS,YYG,"4,856",$439.19,"2,661 mi",13,$0.1650
SDF,STT,"4,856",$364.18,"1,799 mi",13,$0.2024
TPA,MGA,"4,854",$278.84,"1,153 mi",13,$0.2418
SJC,PSC,"4,852",$263.56,651 mi,13,$0.4049
FLL,CHO,"4,849",$201.87,865 mi,13,$0.2334
LAS,SNN,"4,849",$544.96,"4,734 mi",13,$0.1151
BNA,MEL,"4,848","$1,873.62","9,335 mi",13,$0.2007
ORD,MOT,"4,848",$331.59,759 mi,13,$0.4369
CLE,MLI,"4,846",$268.68,461 mi,13,$0.5828
SLC,GVA,"4,846",$821.81,"5,159 mi",13,$0.1593
MCO,YQY,"4,845",$289.36,"1,732 mi",13,$0.1671
LAS,POS,"4,845",$343.66,"3,895 mi",13,$0.0882
LAX,CUL,"4,844",$148.81,886 mi,13,$0.1680
PHL,SGN,"4,844",$632.05,"9,200 mi",13,$0.0687
SFO,ZQN,"4,844","$1,416.38","6,922 mi",13,$0.2046
DTW,YOW,"4,843",$353.75,452 mi,13,$0.7826
SFO,CSX,"4,842",$708.82,"6,439 mi",13,$0.1101
CLE,BKK,"4,842",$933.96,"8,367 mi",13,$0.1116
ORD,PNQ,"4,841","$1,087.88","8,337 mi",13,$0.1305
DTW,MLB,"4,840",$301.12,"1,017 mi",13,$0.2961
JFK,LFW,"4,838",$337.24,"5,002 mi",13,$0.0674
TPA,YQR,"4,835",$361.60,"1,878 mi",13,$0.1925
BWI,MAD,"4,834",$339.99,"3,874 mi",13,$0.0878
DFW,POP,"4,833",$607.47,"1,922 mi",13,$0.3161
MCO,OAX,"4,833",$211.50,"1,296 mi",13,$0.1632
ATL,RMO,"4,832",$410.89,"5,670 mi",13,$0.0725
CLE,MFE,"4,832",$290.22,"1,365 mi",13,$0.2126
SLC,TRI,"4,832",$431.01,"1,568 mi",13,$0.2749
SDF,AUA,"4,831",$328.43,"2,081 mi",13,$0.1578
MIA,LFT,"4,830",$292.03,752 mi,13,$0.3883
IAH,CAK,"4,827",$345.11,"1,052 mi",13,$0.3281
MCO,LCH,"4,826",$296.89,705 mi,13,$0.4211
BOS,ADL,"4,825","$2,215.03","11,095 mi",13,$0.1996
DFW,DLA,"4,823",$631.08,"6,819 mi",13,$0.0925
DTW,GPT,"4,822",$283.01,849 mi,13,$0.3333
IAH,KBL,"4,822",$581.07,"8,100 mi",13,$0.0717
MIA,MLI,"4,821",$299.51,"1,266 mi",13,$0.2366
SLC,GNV,"4,820",$396.95,"1,887 mi",13,$0.2104
BWI,GDL,"4,815",$288.41,"2,099 mi",13,$0.1374
ORD,FUK,"4,815","$1,129.43","6,877 mi",13,$0.1642
JFK,ITO,"4,815",$539.05,"4,747 mi",13,$0.1136
MSP,NRT,"4,813",$905.60,"5,758 mi",13,$0.1573
IAH,HEL,"4,812",$933.35,"5,509 mi",13,$0.1694
MCI,JAC,"4,812",$282.35,906 mi,13,$0.3116
RDU,BGI,"4,811",$257.30,"1,921 mi",13,$0.1339
LAX,ALG,"4,810",$398.14,"6,090 mi",13,$0.0654
SAT,JAC,"4,810",$330.53,"1,148 mi",13,$0.2879
ONT,JAN,"4,810",$325.03,"1,639 mi",13,$0.1983
SFO,CUR,"4,810",$417.46,"3,607 mi",13,$0.1157
MIA,LCA,"4,808",$783.12,"6,226 mi",13,$0.1258
PDX,NBO,"4,805",$838.17,"9,408 mi",13,$0.0891
BOS,ADD,"4,804",$448.81,"6,986 mi",13,$0.0642
SLC,DEL,"4,804",$751.06,"7,837 mi",13,$0.0958
BOS,VRN,"4,803",$546.29,"4,016 mi",13,$0.1360
IAD,DMM,"4,802","$1,486.90","6,576 mi",13,$0.2261
MIA,GOA,"4,802",$647.71,"4,803 mi",13,$0.1349
ANC,AMS,"4,801","$1,203.40","4,607 mi",13,$0.2612
LAS,SXM,"4,801",$478.08,"3,289 mi",13,$0.1454
SEA,TRI,"4,800",$432.34,"2,223 mi",13,$0.1945
MEM,MHT,"4,800",$281.14,"1,166 mi",13,$0.2411
LAX,MFM,"4,799",$725.17,"7,052 mi",13,$0.1028
JAX,AUA,"4,799",$594.95,"1,494 mi",13,$0.3982
SLC,LOS,"4,799","$1,202.58","7,420 mi",13,$0.1621
ATL,FOC,"4,798",$712.98,"8,268 mi",13,$0.0862
PHL,SIN,"4,798","$1,539.32","9,875 mi",13,$0.1559
LAS,CUU,"4,796",$224.92,761 mi,13,$0.2956
PHX,MOT,"4,796",$342.92,"1,130 mi",13,$0.3035
HNL,HAN,"4,796",$695.52,"6,254 mi",13,$0.1112
MIA,ACC,"4,795",$663.89,"5,273 mi",13,$0.1259
BNA,MOT,"4,795",$271.93,"1,085 mi",13,$0.2506
LEX,ABQ,"4,795",$302.48,"1,199 mi",13,$0.2523
PHX,LNK,"4,795",$328.69,953 mi,13,$0.3449
BOS,POA,"4,793",$631.94,"5,311 mi",13,$0.1190
SAN,MEL,"4,793","$1,737.32","8,184 mi",13,$0.2123
BWI,NRT,"4,792",$859.11,"6,947 mi",13,$0.1237
LAX,NNG,"4,792",$440.10,"7,249 mi",13,$0.0607
BWI,SYR,"4,787",$293.31,265 mi,13,$1.1068
ONT,MBJ,"4,786",$375.21,"2,582 mi",13,$0.1453
BNA,VIE,"4,785",$858.55,"4,801 mi",13,$0.1788
DCA,LRD,"4,785",$260.63,"1,462 mi",13,$0.1783
LAS,SLP,"4,785",$269.17,"1,243 mi",13,$0.2165
PIT,VIE,"4,782",$779.69,"4,623 mi",13,$0.1687
DTW,ITO,"4,782",$604.79,"4,257 mi",13,$0.1421
LAS,CPR,"4,782",$260.71,680 mi,13,$0.3834
PHX,MEL,"4,782","$1,897.03","7,984 mi",13,$0.2376
SFO,SHV,"4,782",$366.33,"1,599 mi",13,$0.2291
AUS,KTM,"4,780",$588.84,"8,179 mi",13,$0.0720
ORD,BLL,"4,780",$536.00,"4,263 mi",13,$0.1257
EWR,MAF,"4,779",$368.36,"1,715 mi",13,$0.2148
LAX,KMQ,"4,779","$1,006.20","5,765 mi",13,$0.1745
CVG,ABE,"4,776",$321.09,517 mi,13,$0.6211
MSY,ABE,"4,775",$304.46,"1,078 mi",13,$0.2824
BWI,MLI,"4,774",$262.65,723 mi,13,$0.3633
ORD,BAQ,"4,774",$297.74,"2,359 mi",13,$0.1262
SDF,SJO,"4,774",$315.87,"2,007 mi",13,$0.1574
MSP,MED,"4,773",$421.14,"7,001 mi",13,$0.0602
DFW,DBV,"4,773",$847.62,"5,636 mi",13,$0.1504
IAD,HRE,"4,772","$1,005.91","7,734 mi",13,$0.1301
MSY,HDN,"4,772",$353.89,"1,233 mi",13,$0.2870
ATL,SGU,"4,772",$430.19,"1,704 mi",13,$0.2525
PHL,SAF,"4,771",$403.47,"1,651 mi",13,$0.2444
MSP,YYJ,"4,770",$272.83,"1,400 mi",13,$0.1949
STL,BZE,"4,770",$207.38,"1,515 mi",13,$0.1369
MCO,RAK,"4,770",$540.53,"4,174 mi",13,$0.1295
PIT,TLV,"4,769","$1,101.76","5,761 mi",13,$0.1912
BNA,BKK,"4,767",$895.82,"8,692 mi",13,$0.1031
DTW,AKL,"4,767","$1,246.66","8,662 mi",13,$0.1439
HNL,BIL,"4,767",$429.94,"3,336 mi",13,$0.1289
EWR,PPT,"4,765",$932.58,"6,465 mi",13,$0.1443
RDU,ABE,"4,765",$287.65,387 mi,13,$0.7433
MIA,YYG,"4,765",$350.14,"1,753 mi",13,$0.1997
RDU,MGM,"4,765",$271.03,515 mi,13,$0.5263
IAD,FOC,"4,764",$732.83,"8,054 mi",13,$0.0910
DEN,SNN,"4,762",$687.75,"4,182 mi",13,$0.1645
LAX,APW,"4,762","$1,199.60","4,970 mi",13,$0.2414
MCI,MFE,"4,761",$322.69,901 mi,13,$0.3581
RDU,SNN,"4,758",$589.27,"3,388 mi",13,$0.1739
DFW,POS,"4,757",$389.63,"2,657 mi",13,$0.1466
CLT,MSO,"4,756",$320.82,"1,945 mi",13,$0.1649
JFK,FCA,"4,756",$383.66,"2,100 mi",13,$0.1827
LAX,LAN,"4,754",$320.94,"1,973 mi",13,$0.1627
BWI,HAV,"4,753",$224.21,"1,133 mi",13,$0.1979
LAS,FLR,"4,753",$798.48,"6,152 mi",13,$0.1298
SAT,LIS,"4,752",$714.78,"4,795 mi",13,$0.1491
BOS,SCE,"4,751",$338.63,379 mi,13,$0.8935
MCO,TAM,"4,751",$191.58,"1,149 mi",13,$0.1667
BNA,DLH,"4,749",$289.27,817 mi,13,$0.3541
SAT,YEG,"4,749",$394.20,"1,865 mi",13,$0.2114
ONT,CEB,"4,749",$402.69,"7,152 mi",13,$0.0563
PIT,FAR,"4,748",$276.75,909 mi,13,$0.3045
JFK,JNU,"4,747",$538.99,"2,955 mi",13,$0.1824
ORD,VKO,"4,747",$585.56,"5,120 mi",13,$0.1144
SAT,BIS,"4,745",$265.69,"1,161 mi",13,$0.2288
DTW,CPT,"4,744",$983.81,"8,552 mi",13,$0.1150
PIT,GNV,"4,744",$265.06,778 mi,13,$0.3407
DCA,TQO,"4,743",$216.36,"1,394 mi",13,$0.1552
HOU,ICT,"4,743",$199.94,584 mi,13,$0.3424
ATL,GJT,"4,742",$314.50,"1,346 mi",13,$0.2337
MSY,TRI,"4,742",$274.31,618 mi,13,$0.4439
MSY,SAL,"4,741",$257.37,"1,112 mi",13,$0.2314
LGA,DUB,"4,740",$559.26,"3,263 mi",13,$0.1714
ONT,NRT,"4,738",$637.15,"5,636 mi",13,$0.1131
JFK,HRE,"4,737",$772.42,"7,552 mi",13,$0.1023
MEM,ABE,"4,737",$329.44,907 mi,13,$0.3632
ATL,KTM,"4,737",$567.68,"7,902 mi",13,$0.0718
LAX,BGW,"4,737",$383.34,"7,888 mi",13,$0.0486
CLE,ROA,"4,735",$255.86,309 mi,13,$0.8280
RDU,PSC,"4,734",$323.20,"2,259 mi",13,$0.1431
ANC,FCO,"4,733",$903.63,"5,410 mi",13,$0.1670
MCI,GPT,"4,732",$247.91,713 mi,13,$0.3477
SAT,GNV,"4,731",$308.77,943 mi,13,$0.3274
LAS,BGI,"4,730",$336.20,"3,669 mi",13,$0.0916
IAH,HPN,"4,729",$292.61,"1,474 mi",13,$0.1985
PIT,FAI,"4,729",$375.43,"3,181 mi",13,$0.1180
MSY,LIM,"4,728",$457.88,"3,123 mi",13,$0.1466
SEA,YKM,"4,726",$131.17,106 mi,13,$1.2375
STL,ABE,"4,726",$314.43,827 mi,13,$0.3802
EWR,FNA,"4,725",$329.39,"4,450 mi",13,$0.0740
AUS,HAV,"4,725",$193.62,"1,097 mi",13,$0.1765
DTW,YHZ,"4,722",$300.57,978 mi,13,$0.3073
JFK,SBH,"4,722",$597.89,"1,751 mi",13,$0.3415
MIA,LSC,"4,720",$655.52,"4,013 mi",13,$0.1633
LGA,LRD,"4,718",$295.18,"1,766 mi",13,$0.1671
BNA,DEL,"4,716",$879.96,"8,079 mi",13,$0.1089
CVG,GRU,"4,716","$1,395.46","4,824 mi",13,$0.2893
STL,PTY,"4,715",$363.74,"2,226 mi",13,$0.1634
MCO,OAJ,"4,715",$237.67,478 mi,13,$0.4972
CLE,VIE,"4,714",$822.21,"4,372 mi",13,$0.1881
CLT,HKG,"4,714","$2,078.19","8,594 mi",13,$0.2418
PDX,UIO,"4,714",$520.12,"4,022 mi",13,$0.1293
LAS,MVD,"4,713",$636.09,"6,016 mi",13,$0.1057
PDX,MOB,"4,713",$386.41,"2,046 mi",13,$0.1889
SFO,CMI,"4,710",$323.45,"1,777 mi",13,$0.1820
BOS,DAD,"4,709",$651.01,"8,148 mi",13,$0.0799
STL,MFE,"4,709",$293.87,952 mi,13,$0.3087
DFW,MRS,"4,708",$726.66,"5,399 mi",13,$0.1346
DEN,PER,"4,707","$3,044.78","10,422 mi",13,$0.2921
ORD,CWB,"4,707",$835.13,"5,437 mi",13,$0.1536
LAX,ADE,"4,705",$523.85,"8,755 mi",13,$0.0598
ATL,RST,"4,705",$330.15,806 mi,13,$0.4096
IAD,NUE,"4,704",$651.89,"4,313 mi",13,$0.1511
TPA,TIA,"4,704",$401.38,"5,709 mi",13,$0.0703
DCA,MEL,"4,702","$1,777.50","9,878 mi",13,$0.1799
BOS,BJX,"4,700",$418.53,"2,231 mi",13,$0.1876
HNL,YXE,"4,699",$318.11,"3,546 mi",13,$0.0897
JFK,SSH,"4,698",$445.72,"5,660 mi",13,$0.0787
PHX,CMI,"4,698",$289.77,"1,344 mi",13,$0.2156
EWR,RIX,"4,697",$354.40,"4,327 mi",13,$0.0819
SAT,MLI,"4,696",$288.06,908 mi,13,$0.3172
DEN,BRO,"4,695",$301.45,"1,083 mi",13,$0.2783
PHX,PEK,"4,694","$1,168.86","6,291 mi",13,$0.1858
ORD,LWB,"4,693",$97.38,504 mi,13,$0.1932
ORD,HUX,"4,692",$274.89,"1,821 mi",13,$0.1510
DEN,LCH,"4,689",$285.92,904 mi,13,$0.3163
PDX,ROA,"4,689",$412.44,"2,319 mi",13,$0.1779
FLL,RAP,"4,688",$298.30,"1,730 mi",13,$0.1724
MSP,BRD,"4,688",$85.05,111 mi,13,$0.7662
CLT,FAY,"4,688",$160.22,113 mi,13,$1.4179
JFK,BJV,"4,688","$1,064.17","5,272 mi",13,$0.2019
LAS,CWB,"4,688",$571.02,"5,866 mi",13,$0.0973
SEA,DAB,"4,687",$374.92,"2,603 mi",13,$0.1440
SFO,AMA,"4,687",$315.09,"1,125 mi",13,$0.2801
LAX,UKB,"4,686",$574.79,"5,550 mi",13,$0.1036
DEN,MID,"4,685",$308.71,"1,626 mi",13,$0.1899
JFK,HIJ,"4,685","$1,467.77","6,769 mi",13,$0.2168
PHL,IST,"4,685",$527.06,"5,232 mi",13,$0.1007
DTW,BSL,"4,682",$593.34,"4,324 mi",13,$0.1372
SAT,CHO,"4,682",$296.29,"1,251 mi",13,$0.2368
PDX,YWG,"4,681",$220.06,"1,173 mi",13,$0.1876
SFO,SLP,"4,681",$384.92,"1,609 mi",13,$0.2392
MSP,TQO,"4,680",$281.37,"1,789 mi",13,$0.1573
ORD,ORK,"4,679",$896.99,"3,729 mi",13,$0.2405
PHL,YOW,"4,679",$399.07,366 mi,13,$1.0904
SFO,EYW,"4,677",$349.43,"2,621 mi",13,$0.1333
BOS,MTJ,"4,676",$479.71,"1,885 mi",13,$0.2545
CLE,SXM,"4,676",$301.40,"1,899 mi",13,$0.1587
IAH,DAB,"4,674",$334.48,885 mi,13,$0.3779
ORD,POS,"4,673",$373.23,"2,617 mi",13,$0.1426
PIT,PRG,"4,672",$626.68,"4,196 mi",13,$0.1494
DFW,SPS,"4,671",$66.00,116 mi,13,$0.5690
DTW,ACC,"4,670",$624.94,"5,778 mi",13,$0.1082
BWI,XPL,"4,669",$228.51,"1,777 mi",13,$0.1286
MIA,ORK,"4,669",$858.73,"3,950 mi",13,$0.2174
CLE,TPE,"4,666","$1,054.08","7,383 mi",13,$0.1428
IAD,SKP,"4,665",$658.50,"4,744 mi",13,$0.1388
PHL,MLB,"4,665",$288.71,896 mi,13,$0.3222
SDF,LGB,"4,664",$268.87,"1,772 mi",13,$0.1517
ORD,IKA,"4,663",$496.23,"6,301 mi",13,$0.0788
PIT,HKG,"4,663","$1,743.86","7,763 mi",13,$0.2246
SLC,MLI,"4,663",$327.28,"1,083 mi",13,$0.3022
LAX,ALC,"4,662",$706.79,"6,235 mi",13,$0.1134
RDU,BSL,"4,662",$565.78,"4,161 mi",13,$0.1360
FLL,SCL,"4,661",$496.88,"4,029 mi",13,$0.1233
IAH,CJS,"4,661",$97.16,647 mi,13,$0.1502
ANC,FCA,"4,660",$548.89,"1,698 mi",13,$0.3233
DCA,SIN,"4,660","$2,811.10","9,367 mi",13,$0.3001
MSP,DUS,"4,658",$852.55,"4,392 mi",13,$0.1941
CLE,EUG,"4,656",$303.64,"2,021 mi",13,$0.1502
MIA,CCU,"4,656",$745.95,"9,275 mi",13,$0.0804
ATL,PEI,"4,656",$213.47,"2,006 mi",13,$0.1064
LAX,VVI,"4,656",$508.52,"4,937 mi",13,$0.1030
LGA,GPT,"4,650",$233.03,"1,079 mi",13,$0.2160
STL,QRO,"4,650",$311.53,"1,341 mi",13,$0.2323
AUS,JNB,"4,648","$1,608.78","9,436 mi",13,$0.1705
CVG,MOB,"4,648",$280.30,594 mi,13,$0.4719
EWR,BJX,"4,648",$375.15,"2,037 mi",13,$0.1842
LAS,OPO,"4,645",$822.39,"5,518 mi",13,$0.1490
MCO,CTA,"4,645",$709.02,"5,211 mi",13,$0.1361
TPA,GJT,"4,645",$295.94,"1,725 mi",13,$0.1716
CLE,NAP,"4,643",$667.61,"4,567 mi",13,$0.1462
STL,MSO,"4,643",$288.01,"1,361 mi",13,$0.2116
SAN,HAM,"4,643","$1,116.42","5,515 mi",13,$0.2024
CLE,TLH,"4,642",$299.43,751 mi,13,$0.3987
MEM,BCN,"4,642",$593.00,"4,631 mi",13,$0.1281
LEX,ECP,"4,641",$236.23,551 mi,13,$0.4287
SEA,HRL,"4,641",$251.67,"2,045 mi",13,$0.1231
PIT,BUD,"4,640",$496.02,"4,478 mi",13,$0.1108
MIA,RAP,"4,640",$359.38,"1,846 mi",13,$0.1947
PIT,MFE,"4,640",$350.25,"1,386 mi",13,$0.2527
SEA,DRO,"4,638",$334.76,"1,057 mi",13,$0.3167
MEM,ICN,"4,638","$1,540.96","7,116 mi",13,$0.2165
EWR,TRI,"4,637",$333.53,547 mi,13,$0.6097
MSY,PVR,"4,635",$272.63,"1,168 mi",13,$0.2334
STL,ANU,"4,635",$459.96,"2,346 mi",13,$0.1961
MSP,OPO,"4,633",$663.07,"4,195 mi",13,$0.1581
BWI,GRU,"4,631",$883.78,"4,887 mi",13,$0.1808
LAS,YTZ,"4,630",$166.94,"1,892 mi",13,$0.0882
PDX,MFE,"4,630",$260.32,"1,955 mi",13,$0.1332
SDF,LIR,"4,630",$336.76,"1,963 mi",13,$0.1716
SDF,MTY,"4,630",$384.11,"1,234 mi",13,$0.3113
STL,BRU,"4,630","$1,002.94","4,264 mi",13,$0.2352
BNA,TRI,"4,629",$274.67,232 mi,13,$1.1839
HNL,YGJ,"4,629",$506.22,"4,088 mi",13,$0.1238
PDX,BIS,"4,629",$290.14,"1,014 mi",13,$0.2861
LAX,SAF,"4,628",$284.21,687 mi,13,$0.4137
LEX,ILM,"4,626",$228.71,441 mi,13,$0.5186
STL,CZM,"4,625",$241.56,"1,314 mi",13,$0.1838
DFW,ADL,"4,624","$1,627.36","9,568 mi",13,$0.1701
MCO,BEG,"4,624",$557.72,"5,220 mi",13,$0.1068
MSY,KOA,"4,622",$577.19,"4,007 mi",13,$0.1440
SFO,LFT,"4,621",$349.24,"1,754 mi",13,$0.1991
DTW,BIS,"4,621",$335.51,938 mi,13,$0.3577
SAN,SGU,"4,621",$273.64,352 mi,13,$0.7774
ANC,TYS,"4,620",$579.25,"3,204 mi",13,$0.1808
DTW,NBO,"4,620",$502.15,"7,565 mi",13,$0.0664
JFK,SKT,"4,619",$653.92,"7,197 mi",13,$0.0909
ANC,PNS,"4,617",$594.85,"3,604 mi",13,$0.1651
PHX,LWS,"4,615",$272.60,904 mi,13,$0.3015
HNL,WLG,"4,614",$631.91,"4,528 mi",13,$0.1396
SDF,AGS,"4,614",$263.48,381 mi,13,$0.6915
SEA,PIA,"4,614",$353.40,"1,722 mi",13,$0.2052
LAX,BSB,"4,613",$587.05,"5,594 mi",13,$0.1049
LEX,GSP,"4,613",$294.63,246 mi,13,$1.1977
LGA,YYT,"4,611",$345.51,"1,177 mi",13,$0.2936
BOS,SUN,"4,610",$523.88,"2,101 mi",13,$0.2493
SJC,SIN,"4,609",$771.90,"8,215 mi",13,$0.0940
BNA,AMD,"4,608",$587.36,"7,885 mi",13,$0.0745
MCI,PVG,"4,608","$1,228.52","7,245 mi",13,$0.1696
ANC,ICT,"4,607",$509.09,"2,673 mi",13,$0.1905
CLT,GJT,"4,607",$291.35,"1,490 mi",13,$0.1955
AUS,FAY,"4,606",$273.47,"1,107 mi",13,$0.2470
CVG,RDM,"4,606",$292.49,"1,844 mi",13,$0.1586
JFK,MSO,"4,603",$362.56,"1,973 mi",13,$0.1838
PHL,AMA,"4,602",$294.92,"1,523 mi",13,$0.1936
OGG,KIX,"4,601",$612.44,"4,334 mi",13,$0.1413
MIA,ABZ,"4,601",$737.00,"4,168 mi",13,$0.1768
IAH,ZAG,"4,600",$655.30,"5,503 mi",13,$0.1191
LGA,LAN,"4,600",$216.08,552 mi,13,$0.3914
SLC,BLI,"4,600",$296.23,733 mi,13,$0.4041
LAX,SLP,"4,599",$216.42,"1,293 mi",13,$0.1674
SJC,SYR,"4,596",$349.29,"2,346 mi",13,$0.1489
MSY,DEL,"4,595",$815.08,"8,554 mi",13,$0.0953
MCO,DBV,"4,594",$756.95,"5,202 mi",13,$0.1455
PHX,LAN,"4,594",$289.43,"1,567 mi",13,$0.1847
PDX,HYD,"4,593",$834.78,"8,137 mi",13,$0.1026
HNL,CPH,"4,593",$657.06,"7,304 mi",13,$0.0900
ONT,MFE,"4,592",$358.76,"1,314 mi",13,$0.2730
STL,GNV,"4,591",$269.89,755 mi,13,$0.3575
EWR,ABV,"4,591",$632.26,"5,527 mi",13,$0.1144
FLL,PSC,"4,591",$311.52,"2,469 mi",13,$0.1262
MSP,DRO,"4,591",$288.54,953 mi,13,$0.3028
LAX,BHD,"4,588",$875.86,"4,977 mi",13,$0.1760
LAS,YQQ,"4,587",$193.24,"1,093 mi",13,$0.1768
PHL,DLH,"4,586",$327.19,946 mi,13,$0.3459
SAN,PEK,"4,586","$1,608.62","6,156 mi",13,$0.2613
MSY,EZE,"4,585",$896.95,"4,784 mi",13,$0.1875
CVG,BUD,"4,583",$581.81,"5,001 mi",13,$0.1163
TPA,AZO,"4,582",$260.58,"1,030 mi",13,$0.2530
SEA,PER,"4,580","$1,269.38","8,964 mi",13,$0.1416
MCI,GDL,"4,578",$298.70,"1,436 mi",13,$0.2080
SEA,GOT,"4,578",$546.55,"4,582 mi",13,$0.1193
DTW,BIL,"4,577",$329.02,"1,233 mi",13,$0.2668
CLE,HYD,"4,575",$619.81,"8,439 mi",13,$0.0734
SFO,RUN,"4,575",$741.89,"10,935 mi",13,$0.0678
SFO,LUX,"4,574","$1,200.37","5,811 mi",13,$0.2066
FLL,YDF,"4,574",$292.90,"1,950 mi",13,$0.1502
PHL,SAL,"4,574",$372.02,"2,070 mi",13,$0.1797
SLC,BZE,"4,573",$356.67,"2,199 mi",13,$0.1622
PHX,CAK,"4,572",$346.66,"1,802 mi",13,$0.1924
SFO,MVD,"4,572","$1,051.98","6,764 mi",13,$0.1555
BNA,BZE,"4,572",$284.06,"1,249 mi",13,$0.2274
SEA,GIG,"4,571","$1,086.83","6,677 mi",13,$0.1628
TPA,OPO,"4,571",$603.58,"4,298 mi",13,$0.1404
CLT,CTG,"4,570",$302.13,"1,797 mi",13,$0.1681
LAS,KUL,"4,570","$1,005.47","8,587 mi",13,$0.1171
LGA,PLS,"4,570",$260.47,"1,277 mi",13,$0.2040
ORD,TGZ,"4,569",$230.32,"1,729 mi",13,$0.1332
SEA,CNX,"4,568",$460.40,"6,979 mi",13,$0.0660
EWR,DAC,"4,567",$538.30,"7,632 mi",13,$0.0705
IAD,BHX,"4,566",$473.45,"3,486 mi",13,$0.1358
MSP,LIN,"4,566","$1,126.89","4,747 mi",13,$0.2374
PDX,OAX,"4,566",$364.95,"2,400 mi",13,$0.1521
DCA,DEL,"4,565","$1,425.16","7,714 mi",13,$0.1847
MCO,LNZ,"4,565",$804.57,"4,866 mi",13,$0.1653
MIA,BTR,"4,565",$271.81,716 mi,13,$0.3796
ONT,MYR,"4,564",$320.95,"2,271 mi",13,$0.1413
JAX,OGG,"4,563",$679.07,"4,481 mi",13,$0.1515
ORD,POA,"4,560",$846.27,"5,330 mi",12,$0.1588
MIA,LCG,"4,559",$635.64,"4,261 mi",12,$0.1492
JFK,SBP,"4,558",$307.73,"2,474 mi",12,$0.1244
RDU,BIL,"4,558",$284.28,"1,738 mi",12,$0.1636
DCA,DHN,"4,557",$364.09,683 mi,12,$0.5331
BOS,HRL,"4,556",$260.31,"1,928 mi",12,$0.1350
CLE,BEY,"4,555",$469.62,"6,070 mi",12,$0.0774
IAH,CNM,"4,553",$157.88,535 mi,12,$0.2951
DEN,GYE,"4,553",$368.67,"3,201 mi",12,$0.1152
JFK,REG,"4,552",$292.03,"4,419 mi",12,$0.0661
SAT,TLH,"4,552",$311.57,872 mi,12,$0.3573
ONT,PUJ,"4,550",$393.92,"3,102 mi",12,$0.1270
CVG,BRU,"4,548","$1,113.67","4,038 mi",12,$0.2758
SDF,YYC,"4,544",$326.02,"1,686 mi",12,$0.1934
EWR,JKH,"4,544",$674.97,"5,171 mi",12,$0.1305
BWI,FCA,"4,543",$340.79,"1,898 mi",12,$0.1796
LAX,JRO,"4,543","$1,456.53","9,509 mi",12,$0.1532
JFK,SCQ,"4,542",$565.90,"3,384 mi",12,$0.1672
PDX,MZT,"4,541",$208.24,"1,746 mi",12,$0.1193
ATL,DAD,"4,540",$739.50,"8,637 mi",12,$0.0856
SJC,MTY,"4,540",$159.00,"1,463 mi",12,$0.1087
CLT,KEF,"4,539",$513.54,"3,021 mi",12,$0.1700
MEM,MFE,"4,539",$255.70,761 mi,12,$0.3360
CVG,GNV,"4,538",$280.26,681 mi,12,$0.4115
DFW,PER,"4,537","$1,884.25","10,202 mi",12,$0.1847
SAN,RST,"4,537",$285.73,"1,582 mi",12,$0.1806
SLC,OSL,"4,534",$571.74,"4,897 mi",12,$0.1168
IAH,BGO,"4,534","$1,148.35","4,637 mi",12,$0.2476
EWR,NCL,"4,533",$576.04,"3,437 mi",12,$0.1676
IAH,KTM,"4,532",$590.81,"8,705 mi",12,$0.0679
SDF,ABE,"4,531",$299.78,558 mi,12,$0.5372
HNL,BCN,"4,530",$775.94,"7,686 mi",12,$0.1010
IAH,MGM,"4,530",$334.96,536 mi,12,$0.6249
ORD,MVD,"4,530","$1,029.70","5,508 mi",12,$0.1869
LAS,CWA,"4,528",$329.98,"1,505 mi",12,$0.2193
CVG,SDQ,"4,527",$302.62,"1,735 mi",12,$0.1744
HNL,PBI,"4,526","$1,017.73","4,704 mi",12,$0.2164
BWI,RIC,"4,523",$172.63,117 mi,12,$1.4755
DCA,PVG,"4,522","$1,338.81","7,675 mi",12,$0.1744
LEX,HPN,"4,522",$288.82,598 mi,12,$0.4830
TPA,YXE,"4,521",$327.46,"2,145 mi",12,$0.1527
ATL,MOT,"4,520",$337.19,"1,373 mi",12,$0.2456
LGA,YXE,"4,520",$374.91,"1,781 mi",12,$0.2105
CLT,BFL,"4,518",$424.64,"2,071 mi",12,$0.2050
MCI,MNL,"4,518",$803.84,"7,822 mi",12,$0.1028
LAS,GCM,"4,516",$416.88,"2,424 mi",12,$0.1720
CLT,IDA,"4,516",$368.18,"1,799 mi",12,$0.2047
MCI,MOB,"4,514",$281.86,719 mi,12,$0.3920
RDU,CMN,"4,514",$465.11,"4,077 mi",12,$0.1141
CLT,OAJ,"4,512",$225.70,184 mi,12,$1.2266
CLE,ANU,"4,512",$293.27,"1,994 mi",12,$0.1471
RDU,LFT,"4,511",$268.08,884 mi,12,$0.3033
AUS,GPT,"4,510",$242.33,498 mi,12,$0.4866
IAD,HAJ,"4,510",$846.56,"3,923 mi",12,$0.2158
DFW,CUL,"4,510",$155.51,820 mi,12,$0.1896
ATL,ABZ,"4,509","$1,206.53","3,902 mi",12,$0.3092
CLE,RDM,"4,509",$376.75,"1,923 mi",12,$0.1959
MCI,CPH,"4,508",$716.92,"4,483 mi",12,$0.1599
SLC,CPR,"4,508",$301.60,329 mi,12,$0.9167
LEX,MDT,"4,507",$259.47,459 mi,12,$0.5653
CLE,GPT,"4,506",$240.60,834 mi,12,$0.2885
STL,NBO,"4,505",$620.12,"7,984 mi",12,$0.0777
DFW,GND,"4,505",$685.33,"2,573 mi",12,$0.2664
ATL,DBV,"4,502",$870.12,"5,101 mi",12,$0.1706
PHX,MLU,"4,501",$359.40,"1,123 mi",12,$0.3200
IAD,GRB,"4,500",$292.58,650 mi,12,$0.4501
CVG,SBA,"4,500",$317.57,"1,902 mi",12,$0.1670
MIA,TUN,"4,500",$412.46,"5,356 mi",12,$0.0770
PHX,YKA,"4,499",$272.23,"1,305 mi",12,$0.2086
JFK,LUN,"4,496",$959.90,"7,312 mi",12,$0.1313
BWI,EZE,"4,495",$750.67,"5,399 mi",12,$0.1390
BWI,POS,"4,495",$251.87,"2,122 mi",12,$0.1187
STL,IST,"4,495",$766.68,"5,540 mi",12,$0.1384
DTW,RUH,"4,494",$649.86,"6,605 mi",12,$0.0984
JAX,MOB,"4,493",$290.33,402 mi,12,$0.7222
LGA,MBS,"4,493",$261.70,539 mi,12,$0.4855
IAD,LCA,"4,492",$879.90,"5,873 mi",12,$0.1498
SJC,FAI,"4,492",$317.96,"2,236 mi",12,$0.1422
DTW,BEG,"4,490",$690.19,"4,949 mi",12,$0.1395
LAX,LNK,"4,489",$325.62,"1,238 mi",12,$0.2630
DTW,HAV,"4,487",$402.63,"1,289 mi",12,$0.3124
MIA,PEK,"4,486","$1,094.01","7,524 mi",12,$0.1454
BNA,YLW,"4,485",$281.17,"1,943 mi",12,$0.1447
SAT,IDA,"4,485",$293.04,"1,186 mi",12,$0.2471
MEM,BTR,"4,483",$282.62,309 mi,12,$0.9146
CLT,ASE,"4,480",$412.09,"1,491 mi",12,$0.2764
SFO,DRS,"4,480","$1,353.52","5,582 mi",12,$0.2425
BNA,SAP,"4,478",$277.41,"1,473 mi",12,$0.1883
CLT,TPE,"4,478","$1,133.77","8,266 mi",12,$0.1372
DFW,YLW,"4,478",$378.93,"1,590 mi",12,$0.2383
TPA,IDA,"4,477",$383.97,"2,016 mi",12,$0.1905
BWI,TVC,"4,476",$283.90,615 mi,12,$0.4616
ORD,FOC,"4,475",$747.85,"7,648 mi",12,$0.0978
SAT,FAI,"4,474",$413.51,"3,123 mi",12,$0.1324
ANC,SDP,"4,470",$607.66,539 mi,12,$1.1274
LAX,CEN,"4,470",$112.08,661 mi,12,$0.1696
MSY,YQB,"4,470",$443.60,"1,492 mi",12,$0.2973
SEA,BEG,"4,470",$645.87,"5,840 mi",12,$0.1106
SAT,MSO,"4,470",$304.22,"1,508 mi",12,$0.2017
SAN,DRO,"4,469",$247.86,633 mi,12,$0.3916
BWI,BER,"4,469",$333.80,"4,026 mi",12,$0.0829
ATL,MHK,"4,468",$296.25,756 mi,12,$0.3919
DFW,SVD,"4,467",$633.94,"2,556 mi",12,$0.2480
AUS,PIA,"4,466",$278.10,825 mi,12,$0.3371
MIA,ABE,"4,466",$309.84,"1,032 mi",12,$0.3002
LAS,OAX,"4,466",$231.81,"1,683 mi",12,$0.1377
LGA,AEX,"4,464",$394.07,"1,190 mi",12,$0.3312
ORD,ATQ,"4,463",$546.52,"7,445 mi",12,$0.0734
DEN,ANU,"4,463",$517.90,"3,090 mi",12,$0.1676
LAS,STR,"4,463",$511.38,"5,488 mi",12,$0.0932
SAN,BIS,"4,463",$260.85,"1,261 mi",12,$0.2069
CVG,AMM,"4,462",$511.11,"6,427 mi",12,$0.0795
MCI,LFT,"4,462",$267.67,666 mi,12,$0.4019
LGA,DLH,"4,460",$329.63,"1,032 mi",12,$0.3194
DCA,KOA,"4,460",$418.37,"4,940 mi",12,$0.0847
SEA,NAN,"4,458",$816.54,"6,017 mi",12,$0.1357
DTW,LRD,"4,457",$355.63,"1,400 mi",12,$0.2540
MCI,FAY,"4,455",$262.18,892 mi,12,$0.2939
SLC,DXB,"4,455","$1,299.10","8,036 mi",12,$0.1617
JAX,PBI,"4,455",$326.39,288 mi,12,$1.1333
ORD,ALA,"4,454",$440.29,"6,661 mi",12,$0.0661
SJC,VPS,"4,453",$290.96,"2,134 mi",12,$0.1363
SAT,GRU,"4,452",$884.78,"5,182 mi",12,$0.1707
AUS,TRI,"4,452",$279.85,951 mi,12,$0.2943
ORD,PUS,"4,451","$1,294.66","6,817 mi",12,$0.1899
SAT,STT,"4,451",$477.22,"2,309 mi",12,$0.2067
LAX,PIA,"4,450",$324.19,"1,686 mi",12,$0.1923
MEM,STT,"4,450",$406.51,"1,975 mi",12,$0.2058
OGG,MSN,"4,450",$462.45,"4,226 mi",12,$0.1094
SFO,TAS,"4,450",$718.13,"6,729 mi",12,$0.1067
SAT,GTF,"4,449",$269.76,"1,375 mi",12,$0.1962
DCA,GYE,"4,447",$196.91,"2,754 mi",12,$0.0715
PDX,DXB,"4,446",$971.83,"7,314 mi",12,$0.1329
CLE,GCM,"4,446",$331.85,"1,482 mi",12,$0.2239
SLC,STT,"4,445",$617.90,"3,268 mi",12,$0.1891
PHL,AZO,"4,444",$287.91,578 mi,12,$0.4981
LAS,SCE,"4,441",$412.30,"2,090 mi",12,$0.1973
MCO,COK,"4,441",$576.01,"9,102 mi",12,$0.0633
SAT,OAJ,"4,440",$262.25,"1,309 mi",12,$0.2003
SAT,TVC,"4,440",$272.89,"1,302 mi",12,$0.2096
PHX,MID,"4,439",$275.71,"1,666 mi",12,$0.1655
SFO,TSN,"4,439",$494.33,"5,741 mi",12,$0.0861
SAN,AVP,"4,438",$329.95,"2,409 mi",12,$0.1370
ORD,HER,"4,438",$703.28,"5,795 mi",12,$0.1214
BNA,SGU,"4,437",$320.08,"1,444 mi",12,$0.2217
ATL,SKG,"4,435",$434.71,"5,373 mi",12,$0.0809
CLE,LEX,"4,434",$277.24,283 mi,12,$0.9796
LAX,MYJ,"4,434","$1,992.41","5,695 mi",12,$0.3499
SFO,WLG,"4,434","$1,072.14","6,941 mi",12,$0.1545
HOU,IAD,"4,433",$301.09,"1,236 mi",12,$0.2436
SLC,MEL,"4,433","$1,421.87","8,203 mi",12,$0.1733
SLC,VIE,"4,433",$733.27,"5,703 mi",12,$0.1286
PDX,BRU,"4,431",$732.29,"5,213 mi",12,$0.1405
MSP,JNU,"4,429",$441.67,"2,020 mi",12,$0.2186
LGA,BRO,"4,428",$320.96,"1,746 mi",12,$0.1838
RDU,CLO,"4,426",$206.72,"2,306 mi",12,$0.0896
CVG,TVC,"4,425",$291.17,408 mi,12,$0.7137
TPA,PIA,"4,425",$285.20,995 mi,12,$0.2866
CLT,GLA,"4,424",$463.39,"3,860 mi",12,$0.1200
ORD,TAM,"4,423",$148.95,"1,433 mi",12,$0.1039
SFO,AVP,"4,422",$445.23,"2,398 mi",12,$0.1857
LEX,PVD,"4,421",$277.18,721 mi,12,$0.3844
MEM,FWA,"4,420",$269.80,501 mi,12,$0.5385
MCO,AGU,"4,416",$228.44,"1,350 mi",12,$0.1692
ONT,ACV,"4,416",$378.51,578 mi,12,$0.6549
ATL,SNN,"4,416",$737.32,"3,717 mi",12,$0.1984
ATL,MRY,"4,415",$302.06,"2,174 mi",12,$0.1389
SLC,YOW,"4,414",$457.93,"1,898 mi",12,$0.2413
DEN,CMN,"4,413",$503.19,"4,968 mi",12,$0.1013
ATL,CWA,"4,412",$389.78,794 mi,12,$0.4909
PDX,MRY,"4,411",$208.62,642 mi,12,$0.3250
MIA,CUE,"4,411",$296.41,"1,924 mi",12,$0.1541
DFW,PNH,"4,410",$638.45,"8,773 mi",12,$0.0728
FLL,YAM,"4,410",$176.98,"1,387 mi",12,$0.1276
PHL,GND,"4,409",$979.93,"2,030 mi",12,$0.4827
MEM,BTV,"4,408",$270.64,"1,069 mi",12,$0.2532
STL,BIL,"4,408",$302.13,"1,015 mi",12,$0.2977
BNA,NAP,"4,407",$909.86,"5,291 mi",12,$0.1720
IAH,BMI,"4,407",$324.96,834 mi,12,$0.3896
ANC,LIH,"4,406",$480.29,"2,827 mi",12,$0.1699
DFW,EBB,"4,406",$653.77,"8,699 mi",12,$0.0752
SDF,SHV,"4,406",$241.22,621 mi,12,$0.3884
FLL,BIS,"4,404",$338.05,"1,875 mi",12,$0.1803
LAS,PER,"4,404","$1,601.66","9,814 mi",12,$0.1632
ONT,SYR,"4,403",$330.94,"2,232 mi",12,$0.1483
LAS,KIN,"4,403",$391.32,"2,570 mi",12,$0.1523
LAX,SAI,"4,403",$922.25,"8,375 mi",12,$0.1101
BNA,TPE,"4,401","$1,036.00","7,598 mi",12,$0.1364
LGA,SAL,"4,400",$259.77,"2,037 mi",12,$0.1275
SEA,STT,"4,399",$502.27,"3,665 mi",12,$0.1370
RDU,LOS,"4,399",$558.79,"5,346 mi",12,$0.1045
DFW,HMO,"4,397",$361.45,895 mi,12,$0.4039
JFK,SDF,"4,396",$289.67,640 mi,12,$0.4526
LAX,MCY,"4,396","$1,022.58","6,925 mi",12,$0.1477
TPA,LPA,"4,395",$770.50,"3,920 mi",12,$0.1966
MCO,YQG,"4,394",$206.91,990 mi,12,$0.2090
LAX,YMM,"4,393",$259.82,"1,653 mi",12,$0.1572
SFO,PIA,"4,392",$358.72,"1,702 mi",12,$0.2108
SFO,AZO,"4,392",$294.10,"2,021 mi",12,$0.1455
PHX,YQQ,"4,391",$194.44,"1,342 mi",12,$0.1449
HNL,FAR,"4,391",$541.43,"3,916 mi",12,$0.1383
LAX,TBU,"4,391",$939.15,"5,173 mi",12,$0.1815
PIT,ISP,"4,391",$214.75,385 mi,12,$0.5578
LAX,BIQ,"4,390","$1,212.99","5,947 mi",12,$0.2040
MIA,YYJ,"4,390",$526.30,"2,712 mi",12,$0.1941
BOS,KGL,"4,389",$681.90,"6,672 mi",12,$0.1022
SJC,GRU,"4,389","$1,457.90","6,642 mi",12,$0.2195
BWI,POP,"4,388",$422.78,"1,432 mi",12,$0.2952
LAS,NLU,"4,388",$68.08,"1,538 mi",12,$0.0443
RDU,STR,"4,388",$826.25,"4,201 mi",12,$0.1967
BOS,LAN,"4,387",$213.77,670 mi,12,$0.3191
SEA,AVP,"4,387",$411.69,"2,372 mi",12,$0.1736
MIA,CAY,"4,387",$778.66,"2,418 mi",12,$0.3220
IAD,ALA,"4,386",$778.03,"6,727 mi",12,$0.1157
IAD,LGB,"4,386",$263.57,"2,204 mi",12,$0.1196
FLL,YXU,"4,385",$243.57,"1,208 mi",12,$0.2016
SFO,DAB,"4,385",$365.81,"2,507 mi",12,$0.1459
IAD,TVC,"4,383",$323.37,562 mi,12,$0.5754
MEM,JAC,"4,383",$410.85,"1,215 mi",12,$0.3381
JFK,FIH,"4,382",$658.64,"6,184 mi",12,$0.1065
MCO,LIN,"4,382",$672.30,"5,020 mi",12,$0.1339
PIT,YEG,"4,381",$418.63,"1,836 mi",12,$0.2280
STL,CUR,"4,381",$305.10,"2,325 mi",12,$0.1312
JFK,AGA,"4,380",$504.76,"3,718 mi",12,$0.1358
MIA,TIJ,"4,380",$305.06,"2,318 mi",12,$0.1316
PHX,BSL,"4,380",$567.11,"5,875 mi",12,$0.0965
BOS,ALC,"4,379",$521.88,"3,721 mi",12,$0.1403
IAD,FAR,"4,379",$342.56,"1,085 mi",12,$0.3157
SFO,DVO,"4,379",$636.50,"6,876 mi",12,$0.0926
MEM,FAR,"4,378",$287.59,921 mi,12,$0.3123
FLL,ZRH,"4,376",$627.59,"5,001 mi",12,$0.1255
JFK,YWG,"4,374",$281.47,"1,339 mi",12,$0.2102
MCI,CHO,"4,374",$270.53,853 mi,12,$0.3172
SLC,IST,"4,374",$840.90,"6,068 mi",12,$0.1386
SEA,BRO,"4,373",$402.18,"2,071 mi",12,$0.1942
ATL,ITM,"4,371","$1,360.62","7,263 mi",12,$0.1873
MSP,MAA,"4,370",$718.11,"8,164 mi",12,$0.0880
PIT,PSC,"4,370",$330.96,"1,913 mi",12,$0.1730
EWR,MID,"4,369",$363.03,"1,591 mi",12,$0.2282
TPA,BDA,"4,369",$266.44,"1,140 mi",12,$0.2337
LAX,TYN,"4,368",$569.17,"6,303 mi",12,$0.0903
MEM,SBN,"4,368",$283.73,516 mi,12,$0.5499
BNA,BLR,"4,367",$925.98,"8,613 mi",12,$0.1075
BOS,MVD,"4,365",$904.23,"5,254 mi",12,$0.1721
LAS,CPT,"4,365","$1,151.32","9,545 mi",12,$0.1206
HNL,MAD,"4,361",$883.45,"8,094 mi",12,$0.1091
MSP,HGA,"4,361",$645.41,"7,599 mi",12,$0.0849
CLT,IST,"4,360",$589.96,"5,694 mi",12,$0.1036
FLL,HKG,"4,360","$1,529.99","9,232 mi",12,$0.1657
JFK,JIB,"4,360",$578.60,"7,252 mi",12,$0.0798
PDX,MAN,"4,360",$925.97,"4,608 mi",12,$0.2009
EWR,SKD,"4,358",$490.50,"6,559 mi",12,$0.0748
OGG,ICT,"4,357",$387.90,"3,566 mi",12,$0.1088
IAH,PXM,"4,356",$227.85,952 mi,12,$0.2393
TPA,DBV,"4,354",$833.54,"5,603 mi",12,$0.1488
CVG,MNL,"4,352","$1,451.75","8,131 mi",12,$0.1785
PIT,GCM,"4,352",$395.34,"1,422 mi",12,$0.2780
MCO,POP,"4,351",$275.83,930 mi,12,$0.2966
IAH,MRS,"4,350",$737.97,"5,465 mi",12,$0.1350
ORD,JTR,"4,350",$559.24,"5,416 mi",12,$0.1033
MIA,SNN,"4,349",$622.11,"3,929 mi",12,$0.1583
LGA,LIS,"4,349",$319.31,"3,461 mi",12,$0.0923
BNA,ANU,"4,348",$386.25,"1,949 mi",12,$0.1982
PHX,ELM,"4,346",$379.14,"2,054 mi",12,$0.1846
ONT,SBN,"4,345",$294.52,"1,828 mi",12,$0.1611
DFW,BLQ,"4,344",$722.90,"5,615 mi",12,$0.1287
MSY,SHV,"4,343",$273.42,279 mi,12,$0.9800
DCA,MBS,"4,342",$237.81,503 mi,12,$0.4728
SFO,KMJ,"4,342","$1,429.40","5,495 mi",12,$0.2601
BOS,MGM,"4,340",$307.00,"1,059 mi",12,$0.2899
CVG,FAR,"4,340",$275.30,794 mi,12,$0.3467
PHL,SCE,"4,340",$185.60,158 mi,12,$1.1747
ATL,CAK,"4,339",$275.17,513 mi,12,$0.5364
AUS,GJT,"4,339",$288.68,845 mi,12,$0.3416
CLE,FLR,"4,339",$712.23,"4,329 mi",12,$0.1645
PHL,DXB,"4,339",$974.18,"6,720 mi",12,$0.1450
LAX,TAK,"4,339",$811.12,"5,969 mi",12,$0.1359
LAX,NTL,"4,338","$1,258.39","7,645 mi",12,$0.1646
MIA,TRI,"4,338",$317.44,726 mi,12,$0.4372
ORD,JRO,"4,337",$946.50,"7,890 mi",12,$0.1200
STL,TRI,"4,337",$269.77,477 mi,12,$0.5656
HNL,UBJ,"4,336",$642.92,"4,468 mi",12,$0.1439
RDU,BIS,"4,334",$244.78,"1,399 mi",12,$0.1750
SEA,LYS,"4,334",$949.74,"5,413 mi",12,$0.1755
AUS,CRW,"4,333",$298.84,"1,107 mi",12,$0.2700
MIA,KHI,"4,332",$653.21,"8,563 mi",12,$0.0763
SEA,AZO,"4,332",$280.18,"1,874 mi",12,$0.1495
CLT,CLO,"4,330",$372.23,"2,274 mi",12,$0.1637
ANC,MSO,"4,330",$408.34,"1,672 mi",12,$0.2442
JAX,LIM,"4,330",$439.11,"2,864 mi",12,$0.1533
SEA,GRK,"4,328",$395.21,"1,770 mi",12,$0.2233
SFO,BJX,"4,328",$437.19,"1,646 mi",12,$0.2656
IAH,KRK,"4,326","$1,219.84","5,802 mi",12,$0.2102
MSY,SXM,"4,326",$811.45,"1,838 mi",12,$0.4415
BNA,ASE,"4,324",$470.91,"1,156 mi",12,$0.4074
EWR,MVD,"4,324",$773.20,"5,504 mi",12,$0.1405
DEN,LAN,"4,321",$245.69,"1,027 mi",12,$0.2392
JFK,EYW,"4,320",$257.14,"1,239 mi",12,$0.2075
DTW,STI,"4,320",$347.44,"1,691 mi",12,$0.2055
BOS,GJT,"4,316",$363.25,"1,902 mi",12,$0.1910
MIA,HMO,"4,316",$256.61,"1,837 mi",12,$0.1397
IAH,MXL,"4,315",$208.55,"1,151 mi",12,$0.1812
MDW,CRP,"4,315",$295.84,"1,080 mi",12,$0.2739
CLT,HAM,"4,313",$859.11,"4,472 mi",12,$0.1921
IAH,DIK,"4,313",$422.95,"1,266 mi",12,$0.3341
SDF,CID,"4,313",$247.49,395 mi,12,$0.6266
JFK,BES,"4,312",$599.82,"3,439 mi",12,$0.1744
JAX,CHO,"4,310",$282.56,576 mi,12,$0.4906
MSP,CRW,"4,309",$349.79,771 mi,12,$0.4537
LAX,KWJ,"4,307",$926.34,"5,890 mi",12,$0.1573
BOS,JRO,"4,306","$1,050.23","7,516 mi",12,$0.1397
STL,BKK,"4,306","$1,087.81","8,481 mi",12,$0.1283
LAX,BQN,"4,304",$300.20,"3,415 mi",12,$0.0879
DCA,MOT,"4,303",$360.89,"1,328 mi",12,$0.2718
EWR,YQT,"4,303",$211.73,886 mi,12,$0.2390
SDF,QRO,"4,303",$409.94,"1,443 mi",12,$0.2841
BNA,BUD,"4,302",$574.63,"4,925 mi",12,$0.1167
CVG,GPT,"4,302",$234.74,628 mi,12,$0.3738
IAH,CUU,"4,302",$348.07,627 mi,12,$0.5551
JFK,PBM,"4,300",$436.24,"2,771 mi",12,$0.1574
SLC,PPT,"4,300",$764.53,"4,839 mi",12,$0.1580
ATL,BNE,"4,299","$1,346.36","9,298 mi",12,$0.1448
SAN,YHZ,"4,299",$444.91,"3,041 mi",12,$0.1463
MEM,CID,"4,298",$274.03,468 mi,12,$0.5855
ATL,CGK,"4,298","$1,194.57","10,719 mi",12,$0.1114
SFO,CJU,"4,297",$701.29,"6,000 mi",12,$0.1169
LAX,ESB,"4,296",$808.18,"6,793 mi",12,$0.1190
DFW,CAN,"4,294",$898.98,"7,821 mi",12,$0.1149
LGA,DRO,"4,294",$390.10,"1,771 mi",12,$0.2203
TPA,MAA,"4,293",$620.76,"9,097 mi",12,$0.0682
SEA,BHX,"4,293","$1,142.63","4,839 mi",12,$0.2361
IAH,GUM,"4,292","$1,619.58","7,659 mi",12,$0.2115
HOU,OGG,"4,290",$385.19,"3,941 mi",12,$0.0977
SDF,GNV,"4,290",$274.76,638 mi,12,$0.4307
SFO,ZDH,"4,290","$3,134.64","5,968 mi",12,$0.5252
LAS,HYD,"4,289",$995.76,"8,388 mi",12,$0.1187
BUR,APC,"4,287",$361.11,342 mi,12,$1.0559
STL,SXM,"4,285",$300.80,"2,108 mi",12,$0.1427
ANC,DSM,"4,285",$482.62,"2,750 mi",12,$0.1755
MCO,ABI,"4,285",$291.52,"1,093 mi",12,$0.2667
PIT,SXM,"4,285",$343.12,"1,911 mi",12,$0.1795
IAD,AYT,"4,284",$602.22,"5,656 mi",12,$0.1065
CVG,UVF,"4,284",$366.22,"2,200 mi",12,$0.1665
LGA,AZO,"4,283",$229.76,594 mi,12,$0.3868
CVG,DXB,"4,282","$1,299.48","7,518 mi",12,$0.1728
RDU,AMA,"4,282",$264.50,"1,325 mi",12,$0.1996
SEA,SOF,"4,282",$496.46,"6,042 mi",12,$0.0822
MIA,BIS,"4,282",$324.13,"1,777 mi",12,$0.1824
MIA,VGO,"4,281",$444.73,"4,011 mi",12,$0.1109
SLC,GPT,"4,281",$345.73,"1,511 mi",12,$0.2288
DEN,LOS,"4,280","$1,079.62","6,657 mi",12,$0.1622
CLE,LBB,"4,279",$280.91,"1,250 mi",12,$0.2247
MIA,DUR,"4,279",$669.26,"8,543 mi",12,$0.0783
JFK,BEL,"4,279","$1,075.85","3,212 mi",12,$0.3349
JAX,PLS,"4,278",$314.97,864 mi,12,$0.3645
JFK,KMG,"4,277",$837.19,"8,126 mi",12,$0.1030
JFK,SOU,"4,276",$497.05,"3,314 mi",12,$0.1500
TPA,OTP,"4,276",$494.44,"5,880 mi",12,$0.0841
MIA,SGN,"4,273",$908.23,"10,160 mi",12,$0.0894
DAL,JAN,"4,272",$222.75,384 mi,12,$0.5801
SLC,MGM,"4,272",$480.57,"1,483 mi",12,$0.3241
BWI,MAN,"4,271",$427.43,"3,618 mi",12,$0.1181
SAN,AUA,"4,271",$345.55,"3,381 mi",12,$0.1022
SLC,BRU,"4,266",$680.74,"5,187 mi",12,$0.1312
MSY,MTY,"4,265",$328.68,688 mi,12,$0.4777
BNA,GVA,"4,263",$847.44,"4,457 mi",12,$0.1901
PHL,EVV,"4,263",$319.48,692 mi,12,$0.4617
PHL,DOH,"4,261","$1,388.97","6,988 mi",12,$0.1988
SFO,STI,"4,261",$441.88,"3,439 mi",12,$0.1285
HOU,LEX,"4,261",$278.09,867 mi,12,$0.3207
LAX,SVU,"4,261",$789.41,"5,225 mi",12,$0.1511
SAN,MGM,"4,261",$320.17,"1,734 mi",12,$0.1846
DTW,BRO,"4,260",$397.28,"1,340 mi",12,$0.2965
SJC,HND,"4,258","$1,012.53","5,334 mi",12,$0.1898
STL,HKG,"4,257","$1,744.75","8,172 mi",12,$0.2135
BNA,YQR,"4,255",$269.58,"1,373 mi",12,$0.1963
JFK,GMP,"4,255","$1,332.88","7,085 mi",12,$0.1881
LAX,RMO,"4,254",$576.18,"6,687 mi",12,$0.0862
CLE,LFT,"4,253",$267.85,930 mi,12,$0.2880
DFW,FIH,"4,252",$522.06,"7,453 mi",12,$0.0700
MEM,GNV,"4,252",$303.26,565 mi,12,$0.5367
FLL,PVG,"4,252","$1,296.52","8,473 mi",12,$0.1530
JFK,ADD,"4,252",$861.05,"7,168 mi",12,$0.1201
RDU,YQB,"4,252",$361.82,820 mi,12,$0.4412
BOS,ORK,"4,250",$529.17,"3,005 mi",12,$0.1761
SEA,HKT,"4,250",$628.37,"7,629 mi",12,$0.0824
PHX,MGA,"4,249",$438.00,"2,261 mi",12,$0.1937
MSY,ASE,"4,249",$450.36,"1,103 mi",12,$0.4083
BNA,GRK,"4,246",$265.26,708 mi,12,$0.3747
EWR,ITH,"4,246",$207.42,167 mi,12,$1.2420
SEA,PUS,"4,246",$805.67,"5,074 mi",12,$0.1588
JAX,XRY,"4,245","$1,546.72","4,387 mi",12,$0.3526
MCI,SYD,"4,245","$1,689.20","8,580 mi",12,$0.1969
MEM,JNB,"4,245","$1,026.27","8,505 mi",12,$0.1207
SAT,TRI,"4,244",$300.13,"1,014 mi",12,$0.2960
SAT,EZE,"4,243","$1,096.41","5,306 mi",12,$0.2066
AUS,SGU,"4,243",$294.31,999 mi,12,$0.2946
MSP,SGU,"4,243",$366.35,"1,222 mi",12,$0.2998
DEN,MRS,"4,242",$798.62,"5,057 mi",12,$0.1579
LAX,AXT,"4,242","$1,026.22","5,458 mi",12,$0.1880
IAD,SAF,"4,241",$434.80,"1,632 mi",12,$0.2664
MEM,LFT,"4,241",$298.48,365 mi,12,$0.8178
PHL,ALG,"4,238",$245.50,"3,993 mi",12,$0.0615
FLL,SBA,"4,237",$392.38,"2,495 mi",12,$0.1573
MSP,MGM,"4,237",$364.14,915 mi,12,$0.3980
TPA,LAN,"4,236",$225.49,998 mi,12,$0.2259
DEN,AEX,"4,236",$341.89,872 mi,12,$0.3921
MIA,SLP,"4,236",$311.26,"1,364 mi",12,$0.2282
MSP,GOT,"4,234",$580.94,"4,294 mi",12,$0.1353
PIT,SBP,"4,234",$399.70,"2,148 mi",12,$0.1861
BUR,VPS,"4,233",$279.34,"1,924 mi",12,$0.1452
LAS,LAN,"4,233",$245.73,"1,634 mi",12,$0.1504
BNA,MLU,"4,231",$273.96,407 mi,12,$0.6731
FLL,SYD,"4,230","$1,759.20","9,069 mi",12,$0.1940
JFK,EIS,"4,230",$515.99,"1,579 mi",12,$0.3268
SFO,MLI,"4,230",$345.47,"1,659 mi",12,$0.2082
DEN,DUS,"4,230",$900.47,"5,056 mi",12,$0.1781
DEN,CUL,"4,229",$136.94,"1,088 mi",12,$0.1259
LAS,PXM,"4,229",$181.72,"1,838 mi",12,$0.0989
PDX,AMA,"4,228",$296.51,"1,267 mi",12,$0.2340
FLL,CRW,"4,227",$276.26,880 mi,12,$0.3139
LEX,TUL,"4,227",$261.52,615 mi,12,$0.4252
SEA,NGO,"4,227",$792.34,"5,092 mi",12,$0.1556
MCO,LPA,"4,226",$565.76,"4,079 mi",12,$0.1387
SAN,LRD,"4,226",$291.67,"1,151 mi",12,$0.2534
BOS,HYA,"4,225",$146.93,63 mi,12,$2.3322
CLE,PRG,"4,225",$498.37,"4,473 mi",12,$0.1114
DEN,AZO,"4,225",$271.73,977 mi,12,$0.2781
RDU,SKB,"4,225",$318.87,"1,568 mi",12,$0.2034
DTW,CTG,"4,224",$710.33,"2,313 mi",12,$0.3071
OGG,HNM,"4,224",$54.55,27 mi,12,$2.0204
ATL,POA,"4,223",$730.22,"4,756 mi",12,$0.1535
BNA,BNE,"4,223","$1,121.62","9,194 mi",12,$0.1220
CVG,PLS,"4,223",$305.89,"1,443 mi",12,$0.2120
LAS,RUH,"4,223","$1,334.82","7,814 mi",12,$0.1708
BOS,BAQ,"4,221",$364.41,"2,120 mi",12,$0.1719
CVG,FAI,"4,221",$395.36,"3,132 mi",12,$0.1262
MCO,XWA,"4,221",$323.72,"1,763 mi",12,$0.1836
MSP,SLP,"4,220",$393.77,"1,574 mi",12,$0.2502
PIT,MSO,"4,219",$291.16,"1,786 mi",12,$0.1630
BNA,MTJ,"4,218",$317.20,"1,210 mi",12,$0.2621
LAX,MBS,"4,218",$378.23,"2,007 mi",12,$0.1885
EWR,VRN,"4,217",$475.89,"4,222 mi",12,$0.1127
LAS,VLD,"4,217",$461.86,"1,809 mi",12,$0.2553
DCA,GTR,"4,216",$355.06,755 mi,12,$0.4703
LAX,VTE,"4,215",$588.45,"8,186 mi",12,$0.0719
PHX,HAM,"4,213",$808.69,"5,331 mi",12,$0.1517
LGA,MLB,"4,212",$249.52,985 mi,12,$0.2533
PHL,SKB,"4,212",$790.89,"1,678 mi",12,$0.4713
DTW,TRN,"4,211","$1,524.34","4,163 mi",12,$0.3662
STL,LIM,"4,210",$562.56,"3,503 mi",12,$0.1606
BNA,CUR,"4,210",$380.57,"2,048 mi",12,$0.1858
BOS,IBZ,"4,210",$643.51,"3,574 mi",12,$0.1801
CLE,MAN,"4,210",$748.12,"3,720 mi",12,$0.2011
SAN,STT,"4,209",$445.27,"3,469 mi",12,$0.1284
SLC,DRO,"4,208",$301.47,348 mi,12,$0.8663
SDF,MAF,"4,208",$299.96,993 mi,12,$0.3021
BOS,ALG,"4,207",$330.21,"3,732 mi",12,$0.0885
ATL,DLH,"4,205",$379.09,"1,029 mi",12,$0.3684
DAL,DSI,"4,205",$447.97,652 mi,12,$0.6871
ORD,FIH,"4,205",$406.12,"6,892 mi",12,$0.0589
IAD,PKX,"4,204",$771.87,"6,737 mi",12,$0.1146
SAN,YXE,"4,204",$322.24,"1,485 mi",12,$0.2170
AUS,CAI,"4,203",$570.27,"7,305 mi",12,$0.0781
LAS,MLM,"4,201",$219.89,"1,453 mi",12,$0.1513
IAD,TRI,"4,201",$250.83,330 mi,12,$0.7601
DTW,ISP,"4,200",$205.54,523 mi,12,$0.3930
STL,LFT,"4,200",$282.99,615 mi,12,$0.4601
PDX,ZIH,"4,200",$245.71,"2,215 mi",12,$0.1109
RDU,HEL,"4,198",$606.80,"4,393 mi",12,$0.1381
MSP,BSL,"4,197",$666.51,"4,584 mi",11,$0.1454
MCO,LNK,"4,197",$370.90,"1,187 mi",11,$0.3125
JAX,AMM,"4,196",$735.51,"6,705 mi",11,$0.1097
MSY,SBP,"4,195",$341.26,"1,852 mi",11,$0.1843
DEN,BLQ,"4,195",$777.04,"5,220 mi",11,$0.1489
JFK,MID,"4,194",$311.53,"1,600 mi",11,$0.1947
BOS,ABE,"4,194",$184.91,250 mi,11,$0.7396
HOU,CAE,"4,194",$276.93,856 mi,11,$0.3235
JFK,TIJ,"4,194",$276.09,"2,508 mi",11,$0.1101
LAX,YNT,"4,194",$481.67,"6,005 mi",11,$0.0802
MCO,FNT,"4,191",$251.87,983 mi,11,$0.2562
SAN,WAW,"4,191","$1,030.06","5,868 mi",11,$0.1755
MCO,BLQ,"4,191",$578.23,"4,840 mi",11,$0.1195
BUR,TYS,"4,190",$333.15,"1,996 mi",11,$0.1669
BNA,EGE,"4,190",$418.29,"1,162 mi",11,$0.3600
SFO,ABZ,"4,190",$645.58,"5,174 mi",11,$0.1248
MCO,CRK,"4,189",$688.42,"8,814 mi",11,$0.0781
MIA,CPO,"4,189","$1,388.74","3,832 mi",11,$0.3624
BNA,OAJ,"4,187",$248.33,502 mi,11,$0.4947
CLE,MGM,"4,187",$233.98,697 mi,11,$0.3357
IAH,ALG,"4,186","$1,207.93","5,603 mi",11,$0.2156
MSP,LFT,"4,185",$376.95,986 mi,11,$0.3823
PDX,ITO,"4,185",$388.80,"2,644 mi",11,$0.1470
MCI,SBP,"4,184",$355.39,"1,491 mi",11,$0.2384
IAH,LNK,"4,184",$375.38,732 mi,11,$0.5128
MSY,MTJ,"4,184",$325.85,"1,128 mi",11,$0.2889
STL,NRT,"4,182","$1,060.52","6,546 mi",11,$0.1620
ATL,CUZ,"4,182",$587.73,"3,462 mi",11,$0.1698
DEN,CTA,"4,182",$995.85,"5,695 mi",11,$0.1749
SEA,MRS,"4,181",$810.27,"5,229 mi",11,$0.1550
SLC,NCE,"4,181","$1,082.29","5,651 mi",11,$0.1915
ORD,MBL,"4,178",$67.99,184 mi,11,$0.3695
MIA,FAO,"4,177",$530.98,"4,362 mi",11,$0.1217
ATL,CUC,"4,175",$187.96,"1,990 mi",11,$0.0945
DEN,POP,"4,175",$316.44,"2,375 mi",11,$0.1332
ATL,GFK,"4,174",$368.23,"1,153 mi",11,$0.3194
SEA,OAJ,"4,174",$391.07,"2,517 mi",11,$0.1554
MSP,RST,"4,173",$53.44,78 mi,11,$0.6851
CLE,NRT,"4,172","$1,081.55","6,277 mi",11,$0.1723
SAN,EVV,"4,172",$380.50,"1,652 mi",11,$0.2303
PDX,YOW,"4,170",$365.26,"2,174 mi",11,$0.1680
BOS,IKA,"4,169",$621.13,"6,119 mi",11,$0.1015
HNL,IWK,"4,169",$914.35,"4,153 mi",11,$0.2202
SAN,AZO,"4,169",$299.24,"1,787 mi",11,$0.1675
SAT,ABE,"4,169",$311.80,"1,460 mi",11,$0.2136
BWI,MFE,"4,168",$386.14,"1,582 mi",11,$0.2441
BOS,LCA,"4,167",$793.82,"5,131 mi",11,$0.1547
DFW,MQT,"4,167",$378.91,"1,092 mi",11,$0.3470
ORD,TFS,"4,166",$556.99,"3,912 mi",11,$0.1424
SJC,CAE,"4,165",$339.07,"2,217 mi",11,$0.1529
DTW,AGP,"4,164",$621.28,"4,193 mi",11,$0.1482
PHX,SCE,"4,163",$430.23,"1,995 mi",11,$0.2157
BOS,DLH,"4,163",$370.76,"1,051 mi",11,$0.3528
CLE,BRU,"4,162","$1,015.71","4,061 mi",11,$0.2501
ORD,PPT,"4,162","$1,406.63","5,856 mi",11,$0.2402
SAT,RDM,"4,162",$294.62,"1,556 mi",11,$0.1893
MSY,OAJ,"4,162",$225.82,785 mi,11,$0.2877
MIA,YXE,"4,160",$610.42,"2,215 mi",11,$0.2756
BWI,RDM,"4,160",$385.96,"2,223 mi",11,$0.1736
CLE,BOM,"4,160",$779.22,"7,715 mi",11,$0.1010
AUS,WAW,"4,158",$844.04,"5,480 mi",11,$0.1540
CVG,TYS,"4,156",$278.09,234 mi,11,$1.1884
SAN,GUA,"4,156",$365.01,"2,154 mi",11,$0.1695
FLL,MBS,"4,156",$276.26,"1,189 mi",11,$0.2323
ATL,HKT,"4,155",$654.95,"9,260 mi",11,$0.0707
MCO,GOT,"4,155",$300.84,"4,847 mi",11,$0.0621
IAD,ORY,"4,154",$408.11,"3,735 mi",11,$0.1093
ORD,CMB,"4,154",$783.15,"9,222 mi",11,$0.0849
CLT,KRK,"4,152",$545.94,"4,970 mi",11,$0.1098
ORD,ACA,"4,151",$213.99,"1,935 mi",11,$0.1106
PIT,BIL,"4,151",$310.31,"1,421 mi",11,$0.2184
DEN,DAD,"4,150",$587.82,"8,273 mi",11,$0.0711
HNL,MSO,"4,150",$446.07,"2,920 mi",11,$0.1528
TPA,CEB,"4,149",$743.04,"9,530 mi",11,$0.0780
LAS,LYS,"4,148",$550.07,"5,502 mi",11,$0.1000
LAS,RST,"4,146",$252.58,"1,349 mi",11,$0.1872
SDF,MOB,"4,146",$267.72,552 mi,11,$0.4850
AUS,POA,"4,144",$610.88,"5,006 mi",11,$0.1220
MCO,ADB,"4,143",$356.72,"5,738 mi",11,$0.0622
LAX,ACA,"4,142",$156.51,"1,607 mi",11,$0.0974
AUS,AVP,"4,140",$343.63,"1,488 mi",11,$0.2309
JAX,LFT,"4,140",$286.22,632 mi,11,$0.4529
FLL,NCE,"4,140",$754.21,"4,727 mi",11,$0.1596
PHX,OTP,"4,139",$633.73,"6,632 mi",11,$0.0956
BOS,HHH,"4,138",$247.67,853 mi,11,$0.2904
BNA,PRG,"4,137",$624.16,"4,930 mi",11,$0.1266
EWR,YLW,"4,136",$516.04,"2,318 mi",11,$0.2226
MIA,PMC,"4,135",$634.20,"4,528 mi",11,$0.1401
IAH,SNN,"4,134",$915.78,"4,591 mi",11,$0.1995
LAS,LOS,"4,134",$846.72,"7,263 mi",11,$0.1166
PHX,CTG,"4,133",$297.02,"2,719 mi",11,$0.1092
SAT,LFT,"4,133",$265.82,403 mi,11,$0.6596
PDX,DLH,"4,133",$302.07,"1,490 mi",11,$0.2027
CVG,ACC,"4,132",$381.08,"5,850 mi",11,$0.0651
MCI,BUD,"4,131",$604.50,"5,358 mi",11,$0.1128
CLT,SHD,"4,130",$63.01,246 mi,11,$0.2561
LAS,CLO,"4,130",$285.25,"3,437 mi",11,$0.0830
MCO,TLS,"4,129","$1,004.75","4,683 mi",11,$0.2146
MIA,PIA,"4,127",$344.00,"1,196 mi",11,$0.2876
CVG,CPH,"4,126",$773.04,"4,179 mi",11,$0.1850
SLC,DLH,"4,123",$400.02,"1,036 mi",11,$0.3861
SDF,GUA,"4,123",$294.05,"1,606 mi",11,$0.1831
IAH,SKB,"4,121",$546.91,"2,165 mi",11,$0.2526
IAH,TRV,"4,120",$797.90,"9,437 mi",11,$0.0846
PHL,LAN,"4,120",$250.90,540 mi,11,$0.4646
MCO,BEY,"4,120",$669.64,"6,279 mi",11,$0.1066
SAT,CRP,"4,120",$259.24,131 mi,11,$1.9789
SAT,AEX,"4,118",$637.62,363 mi,11,$1.7565
CLE,MSO,"4,116",$282.56,"1,679 mi",11,$0.1683
PDX,CAI,"4,114",$597.14,"7,166 mi",11,$0.0833
LAX,MDZ,"4,113",$637.27,"5,795 mi",11,$0.1100
SFO,GPT,"4,112",$355.24,"1,902 mi",11,$0.1868
LAS,EYW,"4,111",$311.93,"2,068 mi",11,$0.1508
SAT,AGU,"4,111",$181.99,573 mi,11,$0.3176
IAD,BRI,"4,111",$775.99,"4,575 mi",11,$0.1696
ORD,PXM,"4,110",$256.69,"1,941 mi",11,$0.1322
DTW,YQB,"4,109",$368.52,648 mi,11,$0.5687
SFO,MFM,"4,109",$528.32,"6,728 mi",11,$0.0785
SLC,HAV,"4,109",$277.93,"2,172 mi",11,$0.1280
MCO,LYS,"4,109",$465.64,"4,537 mi",11,$0.1026
PHL,BIS,"4,109",$318.25,"1,401 mi",11,$0.2272
ONT,HND,"4,108",$651.02,"5,673 mi",11,$0.1148
HNL,ROR,"4,105","$1,845.25","4,729 mi",11,$0.3902
OGG,SDF,"4,104",$597.29,"4,440 mi",11,$0.1345
JFK,PUF,"4,104",$679.20,"3,754 mi",11,$0.1809
SEA,ACC,"4,103",$634.58,"7,146 mi",11,$0.0888
IAD,MDT,"4,102",$119.95,97 mi,11,$1.2366
HNL,APW,"4,101",$622.57,"2,532 mi",11,$0.2459
ORD,PEI,"4,101",$261.54,"2,595 mi",11,$0.1008
BUR,ECP,"4,099",$322.06,"1,969 mi",11,$0.1636
MSY,BGI,"4,099",$291.62,"2,216 mi",11,$0.1316
LAS,YXU,"4,098",$328.98,"1,804 mi",11,$0.1824
ORD,ABZ,"4,098","$1,011.35","3,819 mi",11,$0.2648
DFW,FNT,"4,097",$292.96,972 mi,11,$0.3014
ATL,NTE,"4,093",$777.18,"4,122 mi",11,$0.1885
LAS,AYT,"4,092",$364.27,"6,734 mi",11,$0.0541
LAX,SVG,"4,091",$639.64,"5,109 mi",11,$0.1252
LGA,BMI,"4,091",$301.11,764 mi,11,$0.3941
DEN,LRD,"4,090",$299.73,929 mi,11,$0.3226
JFK,TSA,"4,090","$1,446.10","8,025 mi",11,$0.1802
TPA,MOT,"4,089",$300.08,"1,671 mi",11,$0.1796
LAX,OKJ,"4,088",$910.63,"5,606 mi",11,$0.1624
MCI,GTF,"4,087",$299.97,976 mi,11,$0.3073
LAS,VSA,"4,087",$192.87,"1,903 mi",11,$0.1014
CVG,SIN,"4,086","$2,723.09","9,303 mi",11,$0.2927
SAN,ABE,"4,086",$327.31,"2,425 mi",11,$0.1350
SLC,MRY,"4,085",$230.41,588 mi,11,$0.3919
LGA,SUN,"4,085",$586.71,"2,121 mi",11,$0.2766
DFW,TBN,"4,084",$103.61,421 mi,11,$0.2461
SAN,LNK,"4,084",$312.83,"1,220 mi",11,$0.2564
MCO,CCU,"4,083",$748.44,"9,106 mi",11,$0.0822
TPA,HRG,"4,083",$423.24,"6,954 mi",11,$0.0609
DTW,GOT,"4,082",$763.60,"3,892 mi",11,$0.1962
MSP,VTE,"4,080",$811.57,"8,219 mi",11,$0.0987
HNL,MDT,"4,077",$675.28,"4,683 mi",11,$0.1442
JFK,SUN,"4,077",$620.32,"2,129 mi",11,$0.2914
JAX,PTY,"4,077",$345.61,"1,533 mi",11,$0.2254
CVG,LGB,"4,074",$276.39,"1,828 mi",11,$0.1512
SLC,FAY,"4,072",$381.71,"1,782 mi",11,$0.2142
LGA,MLU,"4,071",$342.11,"1,189 mi",11,$0.2877
CLE,AMD,"4,070",$545.06,"7,921 mi",11,$0.0688
SFO,ABE,"4,068",$373.25,"2,420 mi",11,$0.1542
BOS,MBS,"4,068",$276.84,646 mi,11,$0.4285
MIA,COK,"4,068",$714.45,"9,785 mi",11,$0.0730
EWR,YYG,"4,067",$225.22,654 mi,11,$0.3444
MIA,TFS,"4,067",$531.69,"3,998 mi",11,$0.1330
SAT,OKA,"4,067",$800.44,"7,297 mi",11,$0.1097
ATL,OAX,"4,065",$291.55,"1,339 mi",11,$0.2177
PIT,CPH,"4,065",$449.31,"4,202 mi",11,$0.1069
DFW,CHC,"4,064",$975.64,"7,521 mi",11,$0.1297
MCI,TUL,"4,064",$250.26,217 mi,11,$1.1533
SEA,STR,"4,062",$871.59,"5,032 mi",11,$0.1732
TPA,GLA,"4,061",$518.31,"4,063 mi",11,$0.1276
EWR,KTM,"4,060",$496.15,"7,306 mi",11,$0.0679
MIA,HDN,"4,058",$348.87,"1,793 mi",11,$0.1946
EWR,CHQ,"4,058",$554.57,"5,207 mi",11,$0.1065
CLT,AKL,"4,056","$1,455.25","8,077 mi",11,$0.1802
TPA,DOH,"4,056",$762.22,"7,889 mi",11,$0.0966
ANC,ELP,"4,056",$495.28,"2,726 mi",11,$0.1817
MCO,DRO,"4,056",$333.69,"1,692 mi",11,$0.1972
MCO,CGB,"4,054",$394.21,"3,584 mi",11,$0.1100
BUR,ALB,"4,053",$290.59,"2,525 mi",11,$0.1151
JFK,WLG,"4,050","$1,324.81","9,227 mi",11,$0.1436
JFK,RVN,"4,048",$643.50,"4,044 mi",11,$0.1591
MIA,AEX,"4,046",$320.58,861 mi,11,$0.3723
EWR,PIA,"4,045",$281.51,788 mi,11,$0.3572
SAN,JNB,"4,044","$1,267.67","10,007 mi",11,$0.1267
STL,TVC,"4,043",$274.35,496 mi,11,$0.5531
LAS,ACV,"4,041",$256.67,572 mi,11,$0.4487
JFK,ORN,"4,040",$310.30,"3,990 mi",11,$0.0778
EWR,BIS,"4,039",$314.25,"1,426 mi",11,$0.2204
HNL,KUL,"4,039","$1,046.82","6,610 mi",11,$0.1584
MEM,CHO,"4,039",$267.00,694 mi,11,$0.3847
PHL,AGP,"4,039",$651.59,"3,628 mi",11,$0.1796
LGA,SYD,"4,038","$1,988.64","9,648 mi",11,$0.2061
MIA,MSO,"4,038",$423.05,"2,420 mi",11,$0.1748
CLE,LIM,"4,037",$601.38,"3,593 mi",11,$0.1674
CLT,NRT,"4,037","$1,379.58","6,651 mi",11,$0.2074
PIT,MNL,"4,036","$1,101.48","8,147 mi",11,$0.1352
STL,CHO,"4,035",$260.95,665 mi,11,$0.3924
DTW,BFL,"4,035",$458.00,"2,022 mi",11,$0.2265
EWR,GPT,"4,034",$275.49,"1,063 mi",11,$0.2592
DTW,ZAG,"4,033",$561.41,"4,742 mi",11,$0.1184
SAN,JNU,"4,031",$423.75,"2,005 mi",11,$0.2113
LEX,YUL,"4,031",$276.43,782 mi,11,$0.3535
ANC,SYR,"4,030",$488.74,"3,264 mi",11,$0.1497
LAX,ATQ,"4,030",$719.39,"7,585 mi",11,$0.0948
ANC,MEX,"4,029",$442.69,"3,665 mi",11,$0.1208
BOS,CEB,"4,029",$801.34,"8,935 mi",11,$0.0897
PHL,AKL,"4,029","$1,599.78","8,480 mi",11,$0.1887
MEM,XNA,"4,029",$528.06,266 mi,11,$1.9852
SLC,BOM,"4,028",$685.28,"8,039 mi",11,$0.0852
BNA,YYJ,"4,027",$289.28,"1,979 mi",11,$0.1462
LGA,EVV,"4,026",$319.13,776 mi,11,$0.4113
MIA,BRE,"4,026","$1,069.48","4,918 mi",11,$0.2175
SAN,AKL,"4,025","$1,320.67","6,707 mi",11,$0.1969
DTW,PIA,"4,024",$282.76,335 mi,11,$0.8441
PIT,KTM,"4,023",$545.35,"7,864 mi",11,$0.0693
LAX,EVV,"4,021",$374.92,"1,689 mi",11,$0.2220
LAX,CXR,"4,021",$408.36,"8,220 mi",11,$0.0497
AUS,MGM,"4,020",$274.46,661 mi,11,$0.4152
SAN,CRK,"4,020",$470.59,"7,167 mi",11,$0.0657
HNL,AOJ,"4,018",$880.42,"3,905 mi",11,$0.2255
HNL,GRU,"4,017","$1,017.46","7,855 mi",11,$0.1295
MCI,PTY,"4,016",$330.57,"2,224 mi",11,$0.1486
ATL,INV,"4,016",$636.10,"3,832 mi",11,$0.1660
BOS,ADB,"4,016",$469.09,"4,719 mi",11,$0.0994
IAD,MLI,"4,015",$260.77,688 mi,11,$0.3790
RDU,AZO,"4,014",$260.93,552 mi,11,$0.4727
PHL,COK,"4,013",$729.36,"8,276 mi",11,$0.0881
ATL,KIX,"4,011","$1,370.06","7,290 mi",11,$0.1879
DEN,ADL,"4,010","$1,853.89","9,294 mi",11,$0.1995
JAX,MLI,"4,010",$298.50,929 mi,11,$0.3213
PHL,HAM,"4,009",$536.46,"4,011 mi",11,$0.1337
IAH,KIN,"4,009",$385.12,"1,391 mi",11,$0.2769
LAS,GOT,"4,008",$313.95,"5,438 mi",11,$0.0577
SAN,BSL,"4,007","$1,223.44","5,739 mi",11,$0.2132
CVG,MSO,"4,006",$334.93,"1,525 mi",11,$0.2196
LEX,CDG,"4,005",$728.56,"4,062 mi",11,$0.1794
SEA,RUH,"4,005","$1,639.21","7,165 mi",11,$0.2288
LEX,ROC,"4,005",$263.11,490 mi,11,$0.5370
BNA,JNB,"4,003","$1,173.22","8,338 mi",11,$0.1407
SAT,MFE,"4,003",$303.11,239 mi,11,$1.2682
MIA,CAK,"4,002",$226.50,"1,016 mi",11,$0.2229
PIT,HYD,"4,002",$818.81,"7,972 mi",11,$0.1027
LGA,CRW,"4,001",$289.01,430 mi,11,$0.6721
BOS,JNU,"3,999",$495.10,"2,797 mi",11,$0.1770
IAH,TLS,"3,999","$1,128.87","5,283 mi",11,$0.2137
RDU,LIH,"3,999",$582.77,"4,688 mi",11,$0.1243
SDF,LBB,"3,997",$275.60,980 mi,11,$0.2812
IAH,PNH,"3,996",$784.25,"9,546 mi",11,$0.0822
SEA,DBV,"3,996",$995.12,"5,941 mi",11,$0.1675
IAH,LYS,"3,996","$1,163.55","5,381 mi",11,$0.2162
JAX,BUD,"3,996",$550.39,"5,319 mi",11,$0.1035
TPA,SGU,"3,996",$430.46,"1,848 mi",11,$0.2329
DTW,NGO,"3,995","$2,279.93","6,341 mi",11,$0.3596
SLC,MLM,"3,995",$318.95,"1,632 mi",11,$0.1954
MSP,CUR,"3,995",$521.55,"2,754 mi",11,$0.1894
DAL,SBA,"3,994",$254.44,"1,284 mi",11,$0.1982
HNL,CGK,"3,994","$1,232.56","6,518 mi",11,$0.1891
CLE,DXB,"3,994","$1,486.23","6,866 mi",11,$0.2165
EWR,ALC,"3,993",$326.88,"3,922 mi",11,$0.0833
PHX,ANU,"3,993",$724.06,"3,397 mi",11,$0.2131
ATL,YXE,"3,992",$294.75,"1,743 mi",11,$0.1691
DCA,GTF,"3,991",$406.38,"1,867 mi",11,$0.2177
MEM,OGG,"3,991",$666.90,"4,221 mi",11,$0.1580
LEX,PWM,"3,991",$260.56,865 mi,11,$0.3012
SFO,HAV,"3,991",$414.75,"2,489 mi",11,$0.1666
LEX,CAE,"3,990",$259.59,334 mi,11,$0.7772
MSY,BZE,"3,990",$234.25,895 mi,11,$0.2617
SFO,VGA,"3,990",$738.39,"8,655 mi",11,$0.0853
DTW,HAJ,"3,989","$1,207.72","4,228 mi",11,$0.2856
ORD,KIN,"3,987",$343.94,"1,840 mi",11,$0.1869
DEN,STS,"3,987",$359.28,945 mi,11,$0.3802
JFK,ACE,"3,987",$624.72,"3,338 mi",11,$0.1872
JFK,KGS,"3,986",$380.21,"4,960 mi",11,$0.0767
LAX,YKA,"3,986",$254.78,"1,127 mi",11,$0.2261
EWR,MED,"3,984",$337.55,"6,439 mi",11,$0.0524
CVG,TPE,"3,983","$1,004.81","7,931 mi",11,$0.1267
EWR,BOD,"3,982",$654.23,"3,499 mi",11,$0.1870
LAX,CLJ,"3,982",$560.37,"6,191 mi",11,$0.0905
LAX,TSV,"3,980",$989.69,"7,435 mi",11,$0.1331
TPA,AKL,"3,977","$1,749.41","8,249 mi",11,$0.2121
LAX,YXX,"3,976",$318.84,"1,030 mi",11,$0.3096
LAS,MCE,"3,976",$142.17,300 mi,11,$0.4739
OGG,MKK,"3,975",$103.96,47 mi,11,$2.2119
LAS,POA,"3,973",$617.62,"5,983 mi",11,$0.1032
LAX,OLB,"3,973","$1,378.24","6,108 mi",11,$0.2256
TPA,STR,"3,972",$616.56,"5,014 mi",11,$0.1230
MCO,COU,"3,972",$322.13,981 mi,11,$0.3284
DEN,HHH,"3,971",$239.32,"1,391 mi",11,$0.1720
BNA,CRW,"3,971",$267.18,330 mi,11,$0.8096
BOS,LCY,"3,971",$637.46,"3,178 mi",11,$0.2006
ORD,CNF,"3,970","$1,031.81","5,250 mi",11,$0.1965
PHX,SIT,"3,969",$472.88,"2,026 mi",11,$0.2334
RDU,MTJ,"3,969",$297.32,"1,654 mi",11,$0.1798
BOS,CMB,"3,969",$767.35,"8,296 mi",11,$0.0925
IAH,STI,"3,968",$352.05,"1,660 mi",11,$0.2121
SEA,TAO,"3,967","$1,185.65","5,649 mi",11,$0.2099
AUS,PEK,"3,966","$1,370.19","7,321 mi",11,$0.1872
JAX,ABE,"3,966",$316.94,760 mi,11,$0.4170
IAH,MCT,"3,966","$1,972.79","8,592 mi",11,$0.2296
LGA,SDQ,"3,966",$354.58,"1,611 mi",11,$0.2201
PHL,PMI,"3,965",$757.34,"4,120 mi",11,$0.1838
PDX,DRO,"3,964",$262.34,934 mi,11,$0.2809
MSY,TLH,"3,964",$295.20,365 mi,11,$0.8088
IAD,LFT,"3,963",$294.58,"1,053 mi",11,$0.2798
MCI,BZE,"3,961",$256.84,"1,505 mi",11,$0.1707
BNA,BGI,"3,961",$463.72,"2,249 mi",11,$0.2062
RDU,MRY,"3,961",$378.68,"2,451 mi",11,$0.1545
SLC,YYJ,"3,961",$284.26,757 mi,11,$0.3755
BUR,PNS,"3,960",$293.72,"1,776 mi",11,$0.1654
PDX,SDQ,"3,960",$508.49,"3,646 mi",11,$0.1395
IAH,BLI,"3,958",$486.87,"1,872 mi",11,$0.2601
STL,IDA,"3,957",$341.65,"1,207 mi",11,$0.2831
MCO,MRS,"3,956",$541.92,"4,593 mi",11,$0.1180
DFW,HKT,"3,955",$765.67,"9,711 mi",11,$0.0788
LAX,BRE,"3,955","$1,025.30","5,474 mi",11,$0.1873
FLL,YTS,"3,955",$389.20,"1,603 mi",11,$0.2428
PHL,POS,"3,954",$306.56,"2,129 mi",11,$0.1440
DEN,EBB,"3,952",$369.33,"8,837 mi",11,$0.0418
ATL,MPL,"3,952","$1,166.58","4,456 mi",11,$0.2618
SFO,MLE,"3,952","$1,373.48","9,653 mi",11,$0.1423
HNL,DRW,"3,951","$1,381.99","5,521 mi",11,$0.2503
SEA,IKA,"3,948",$490.89,"6,898 mi",11,$0.0712
MIA,SBP,"3,948",$346.64,"2,544 mi",11,$0.1363
SAN,CTA,"3,946","$1,681.42","6,493 mi",11,$0.2590
JAX,EGE,"3,946",$436.83,"1,600 mi",11,$0.2730
PIT,LIM,"3,945",$527.41,"3,525 mi",11,$0.1496
PDX,GVA,"3,941",$857.60,"5,528 mi",11,$0.1551
PIT,SDQ,"3,941",$276.05,"1,599 mi",11,$0.1726
ATL,CTA,"3,941",$954.55,"5,467 mi",11,$0.1746
IAH,AUH,"3,941","$1,523.31","8,428 mi",11,$0.1807
MSP,MRY,"3,941",$322.35,"1,546 mi",11,$0.2085
LAX,ABV,"3,939",$525.93,"7,572 mi",11,$0.0695
MIA,TRU,"3,939",$362.75,"2,272 mi",11,$0.1597
BOS,LBA,"3,938",$666.21,"3,255 mi",11,$0.2047
RDU,NCE,"3,938",$779.84,"4,522 mi",11,$0.1725
DTW,LAN,"3,936",$42.08,72 mi,11,$0.5844
JFK,QRO,"3,935",$336.17,"2,015 mi",11,$0.1668
SFO,BLL,"3,934",$441.72,"5,548 mi",11,$0.0796
DCA,GUM,"3,933","$1,891.99","7,687 mi",11,$0.2461
PHX,BRO,"3,933",$259.64,986 mi,11,$0.2633
DFW,BAQ,"3,933",$270.33,"2,137 mi",11,$0.1265
LAX,SYZ,"3,933",$650.85,"7,771 mi",11,$0.0838
SLC,GYE,"3,932",$379.21,"3,697 mi",11,$0.1026
DEN,CUZ,"3,930",$510.72,"4,373 mi",11,$0.1168
IAH,TGZ,"3,930",$206.59,967 mi,11,$0.2136
DEN,BGO,"3,929",$641.90,"4,604 mi",11,$0.1394
JFK,RGN,"3,929",$695.50,"8,156 mi",11,$0.0853
TPA,SNN,"3,928",$562.68,"3,913 mi",11,$0.1438
ATL,IKA,"3,927",$462.77,"7,075 mi",11,$0.0654
SEA,BOD,"3,927",$927.67,"4,990 mi",11,$0.1859
ONT,IDA,"3,927",$280.79,740 mi,11,$0.3794
EWR,BFL,"3,925",$464.76,"2,515 mi",11,$0.1848
MCO,SVD,"3,925",$414.41,"1,619 mi",11,$0.2560
PDX,VIE,"3,924",$655.60,"5,674 mi",11,$0.1155
MDW,MEX,"3,923",$158.78,"1,731 mi",11,$0.0917
EWR,TRN,"3,922",$427.14,"4,085 mi",11,$0.1046
AUS,SXM,"3,921",$576.44,"2,394 mi",11,$0.2408
LAX,LAO,"3,921",$565.86,"6,933 mi",11,$0.0816
EWR,GJT,"3,920",$372.78,"1,866 mi",11,$0.1998
SFO,TIA,"3,919",$511.73,"6,670 mi",11,$0.0767
SEA,YQR,"3,917",$200.49,850 mi,11,$0.2359
DCA,LNK,"3,916",$354.07,"1,085 mi",11,$0.3263
HNL,VIE,"3,916",$632.57,"7,856 mi",11,$0.0805
LAX,JMK,"3,914","$1,307.30","7,191 mi",11,$0.1818
CLE,FAI,"3,913",$424.05,"3,078 mi",11,$0.1378
LEX,SYR,"3,913",$263.57,584 mi,11,$0.4513
DCA,AMM,"3,913",$637.77,"6,116 mi",11,$0.1043
LGA,CMI,"3,912",$254.46,782 mi,11,$0.3254
MSY,ABZ,"3,912",$751.87,"4,299 mi",11,$0.1749
TPA,BMI,"3,912",$298.57,965 mi,11,$0.3094
MIA,YSJ,"3,910",$380.71,"1,521 mi",11,$0.2503
RDU,SBP,"3,910",$405.07,"2,405 mi",11,$0.1684
SEA,DLH,"3,910",$385.94,"1,365 mi",11,$0.2827
IAH,SKG,"3,909",$667.43,"6,354 mi",11,$0.1050
DEN,CLO,"3,909",$403.48,"3,161 mi",11,$0.1276
BNA,ARN,"3,908",$618.06,"4,427 mi",11,$0.1396
EWR,AXM,"3,908",$243.37,"2,431 mi",11,$0.1001
DFW,LNK,"3,908",$351.24,566 mi,11,$0.6206
MCI,BRU,"3,907",$571.24,"4,395 mi",11,$0.1300
EWR,AZO,"3,906",$240.11,616 mi,11,$0.3898
PHX,COU,"3,906",$326.48,"1,198 mi",11,$0.2725
LAS,BEG,"3,905",$710.63,"6,006 mi",11,$0.1183
PIT,FLR,"3,905",$746.20,"4,566 mi",11,$0.1634
MCO,BFM,"3,903",$206.32,421 mi,11,$0.4901
JFK,OHD,"3,903",$224.80,"4,799 mi",11,$0.0468
JAX,MYR,"3,901",$234.06,281 mi,11,$0.8330
SFO,YCD,"3,901",$263.57,769 mi,11,$0.3427
HNL,SHA,"3,899",$515.97,"4,795 mi",11,$0.1076
LAX,LPB,"3,899",$821.67,"4,658 mi",11,$0.1764
PHX,DAD,"3,899",$567.15,"7,868 mi",11,$0.0721
CLT,KIN,"3,898",$281.37,"1,184 mi",11,$0.2376
DTW,SBN,"3,898",$172.22,151 mi,11,$1.1405
MIA,VRN,"3,897",$710.03,"5,176 mi",11,$0.1372
MSP,MTJ,"3,896",$235.34,848 mi,11,$0.2775
FLL,AMA,"3,895",$253.74,"1,467 mi",11,$0.1730
ANC,YUL,"3,895",$461.86,"3,027 mi",11,$0.1526
HNL,GSO,"3,895",$634.50,"4,855 mi",11,$0.1307
IAH,CUL,"3,895",$135.56,851 mi,11,$0.1593
PDX,OTP,"3,895",$563.00,"5,741 mi",11,$0.0981
SEA,CTG,"3,895",$409.76,"3,614 mi",11,$0.1134
ATL,OKA,"3,894",$847.95,"7,564 mi",11,$0.1121
EWR,LLA,"3,893",$636.43,"3,753 mi",11,$0.1696
PDX,SHV,"3,893",$375.00,"1,724 mi",11,$0.2175
EWR,KIN,"3,892",$254.84,"1,627 mi",11,$0.1566
MDW,AMA,"3,892",$248.95,853 mi,11,$0.2919
ONT,FAI,"3,892",$387.64,"2,546 mi",11,$0.1523
ONT,SIN,"3,892",$838.98,"8,532 mi",11,$0.0983
MIA,MOB,"3,891",$302.34,608 mi,11,$0.4973
LGA,RST,"3,891",$303.74,"1,002 mi",11,$0.3031
MSY,BFL,"3,889",$352.81,"1,760 mi",11,$0.2005
MIA,CAN,"3,887",$845.84,"9,186 mi",11,$0.0921
PHX,LIN,"3,887",$696.75,"5,691 mi",11,$0.1224
DEN,CMI,"3,886",$252.40,841 mi,11,$0.3001
EWR,IDA,"3,886",$435.30,"1,994 mi",11,$0.2183
MIA,GJT,"3,886",$345.01,"1,931 mi",11,$0.1787
SEA,YUM,"3,886",$346.36,"1,132 mi",11,$0.3060
ORD,IRK,"3,886",$78.46,267 mi,11,$0.2939
DFW,ACA,"3,885",$191.29,"1,162 mi",11,$0.1646
SFO,BDA,"3,885",$808.20,"3,139 mi",11,$0.2575
SFO,KHH,"3,885","$1,119.08","6,816 mi",11,$0.1642
JFK,AGS,"3,884",$292.29,695 mi,11,$0.4206
PHX,BNE,"3,883","$1,635.09","7,717 mi",11,$0.2119
STL,KEF,"3,883",$566.09,"3,289 mi",11,$0.1721
MIA,BHD,"3,882",$664.70,"4,044 mi",11,$0.1644
SAT,DRO,"3,882",$271.73,772 mi,11,$0.3520
STL,BOG,"3,879",$374.02,"2,486 mi",11,$0.1505
EWR,LBB,"3,878",$320.53,"1,542 mi",11,$0.2079
SDF,VCE,"3,877",$642.17,"4,888 mi",11,$0.1314
ATL,AGU,"3,876",$416.43,"1,408 mi",11,$0.2958
MCO,RSW,"3,875",$144.34,130 mi,11,$1.1103
CVG,LIH,"3,874",$597.25,"4,609 mi",11,$0.1296
MSY,CPH,"3,871",$671.76,"4,848 mi",11,$0.1386
IAD,CLJ,"3,871",$525.74,"4,924 mi",11,$0.1068
ONT,AMS,"3,871",$717.84,"5,368 mi",11,$0.1337
DTW,GJT,"3,870",$314.31,"1,371 mi",11,$0.2293
SEA,CTA,"3,869",$907.76,"5,827 mi",11,$0.1558
ANC,HSV,"3,869",$622.76,"3,178 mi",11,$0.1960
LAS,MRS,"3,868",$548.02,"5,963 mi",11,$0.0919
PDX,ARN,"3,868",$543.77,"4,975 mi",11,$0.1093
DEN,CGK,"3,867","$1,541.34","9,684 mi",11,$0.1592
IAD,BAQ,"3,866",$181.03,"1,887 mi",11,$0.0959
SAT,TRC,"3,866",$103.64,420 mi,11,$0.2468
SAT,EYW,"3,864",$284.78,"1,051 mi",11,$0.2710
SEA,NCL,"3,864",$739.62,"4,699 mi",11,$0.1574
MCI,BFL,"3,863",$325.54,"1,318 mi",11,$0.2470
SFO,NAG,"3,861",$701.50,"7,903 mi",11,$0.0888
CLT,CWA,"3,859",$329.07,829 mi,11,$0.3969
RDU,OSL,"3,856",$572.41,"4,226 mi",11,$0.1354
SEA,SPU,"3,856",$799.05,"5,833 mi",11,$0.1370
JFK,TRD,"3,855",$888.00,"3,493 mi",11,$0.2542
MCI,QRO,"3,855",$385.37,"1,291 mi",11,$0.2985
RDU,ACC,"3,854",$603.58,"5,194 mi",11,$0.1162
SEA,MED,"3,854",$293.35,"7,117 mi",11,$0.0412
SAN,CAI,"3,853",$760.54,"7,403 mi",11,$0.1027
EWR,NUE,"3,852",$598.21,"3,857 mi",11,$0.1551
LAX,DMM,"3,852","$1,768.28","7,945 mi",11,$0.2226
PHX,BJX,"3,852",$345.11,"1,106 mi",11,$0.3120
DEN,XPL,"3,851",$410.02,"1,974 mi",11,$0.2077
IAH,RST,"3,851",$285.37,946 mi,11,$0.3017
MDW,PVR,"3,850",$193.64,"1,833 mi",11,$0.1056
SFO,FLG,"3,850",$257.31,639 mi,11,$0.4027
MCO,BEL,"3,849",$560.35,"2,905 mi",11,$0.1929
JFK,VGA,"3,847",$563.66,"7,918 mi",11,$0.0712
DEN,KTN,"3,847",$481.96,"1,586 mi",11,$0.3039
JFK,RNS,"3,847",$440.19,"3,361 mi",11,$0.1310
SAT,BGR,"3,847",$395.39,"1,985 mi",11,$0.1992
LGA,YYJ,"3,844",$511.05,"2,521 mi",11,$0.2027
PHL,GTF,"3,844",$415.23,"1,806 mi",11,$0.2299
MSY,GDL,"3,843",$329.15,"1,075 mi",11,$0.3062
DCA,VVI,"3,843",$481.78,"3,886 mi",11,$0.1240
SAN,PLS,"3,842",$384.89,"2,754 mi",11,$0.1398
LAS,CAI,"3,840",$650.14,"7,595 mi",11,$0.0856
LAX,PMR,"3,840",$906.64,"6,829 mi",11,$0.1328
MCI,MLB,"3,840",$303.79,"1,149 mi",11,$0.2644
CLE,SIN,"3,839","$2,648.07","9,175 mi",11,$0.2886
LGA,GJT,"3,839",$410.95,"1,882 mi",11,$0.2184
CLE,BER,"3,838",$609.39,"4,358 mi",11,$0.1398
MCO,HER,"3,838",$518.06,"5,756 mi",11,$0.0900
SAT,MLB,"3,838",$309.02,"1,050 mi",11,$0.2943
RDU,EGE,"3,836",$462.34,"1,505 mi",11,$0.3072
RDU,GLA,"3,836",$487.47,"3,523 mi",11,$0.1384
IAD,BLL,"3,836",$446.70,"3,816 mi",11,$0.1171
RDU,YWG,"3,836",$285.02,"1,379 mi",11,$0.2067
FLL,FAI,"3,835",$443.26,"3,829 mi",11,$0.1158
BNA,HKG,"3,834","$1,714.35","7,936 mi",11,$0.2160
DTW,PEK,"3,834","$1,032.54","6,813 mi",11,$0.1516
MEM,LIR,"3,834",$331.19,"1,763 mi",11,$0.1879
SLC,VNY,"3,834",$136.44,561 mi,11,$0.2432
IAH,DLA,"3,834",$541.75,"7,182 mi",11,$0.0754
JAX,LGB,"3,833",$270.94,"2,198 mi",11,$0.1233
SFO,ADB,"3,832",$453.98,"6,640 mi",10,$0.0684
DTW,GLA,"3,832",$580.45,"3,594 mi",10,$0.1615
CVG,PRG,"3,831",$602.20,"4,426 mi",10,$0.1361
FLL,AZO,"3,830",$266.34,"1,123 mi",10,$0.2372
MSY,ANU,"3,830","$1,237.00","1,942 mi",10,$0.6370
ORD,AYT,"3,829",$550.48,"5,585 mi",10,$0.0986
AUS,PEN,"3,827","$1,332.83","10,003 mi",10,$0.1332
MSP,HLN,"3,826",$366.68,937 mi,10,$0.3913
CLT,CPT,"3,826","$1,117.51","7,757 mi",10,$0.1441
IAD,VKO,"3,826",$681.61,"5,013 mi",10,$0.1360
CLE,ISP,"3,825",$187.54,443 mi,10,$0.4233
LAX,EBL,"3,824","$1,140.55","7,680 mi",10,$0.1485
BWI,BIL,"3,823",$320.99,"1,725 mi",10,$0.1861
ORD,KWI,"3,823","$1,025.79","6,974 mi",10,$0.1471
FLL,CWB,"3,822",$483.22,"3,996 mi",10,$0.1209
HOU,SBA,"3,822",$363.75,"1,428 mi",10,$0.2547
AUS,UVF,"3,821",$348.80,"2,519 mi",10,$0.1385
BUR,OGG,"3,821",$340.45,"2,414 mi",10,$0.1410
PHL,MTJ,"3,820",$340.08,"1,689 mi",10,$0.2013
SFO,TUN,"3,820",$473.97,"6,662 mi",10,$0.0711
HOU,EUG,"3,819",$321.80,"1,770 mi",10,$0.1818
LAX,BCD,"3,819",$533.35,"7,585 mi",10,$0.0703
SFO,RGN,"3,819",$582.13,"8,151 mi",10,$0.0714
CLE,GNV,"3,816",$276.00,834 mi,10,$0.3309
MIA,ALG,"3,815",$550.03,"4,693 mi",10,$0.1172
ORD,FLG,"3,815",$294.91,"1,404 mi",10,$0.2100
CVG,PTY,"3,814",$429.02,"2,034 mi",10,$0.2109
IAH,MHT,"3,814",$381.14,"1,640 mi",10,$0.2324
PIT,BLR,"3,814","$1,054.49","8,213 mi",10,$0.1284
RDU,SLP,"3,813",$268.96,"1,580 mi",10,$0.1702
PDX,OSL,"3,813",$514.13,"4,537 mi",10,$0.1133
SAT,BKK,"3,812",$803.36,"8,911 mi",10,$0.0902
SFO,KCZ,"3,812","$1,450.70","5,674 mi",10,$0.2557
IAH,BEG,"3,812",$492.87,"6,052 mi",10,$0.0814
SEA,EYW,"3,812",$387.43,"2,635 mi",10,$0.1470
BOS,TQO,"3,811",$182.15,"1,868 mi",10,$0.0975
MIA,TRS,"3,811",$637.55,"5,286 mi",10,$0.1206
MCO,YQT,"3,808",$228.27,"1,486 mi",10,$0.1536
ORD,NLU,"3,808",$70.88,"1,717 mi",10,$0.0413
MIA,GOX,"3,808",$602.74,"9,354 mi",10,$0.0644
TPA,FNC,"3,808",$723.05,"3,756 mi",10,$0.1925
JAX,FAR,"3,805",$281.52,"1,434 mi",10,$0.1963
MSY,GLA,"3,805",$535.92,"4,243 mi",10,$0.1263
EWR,ADD,"3,804",$738.00,"6,768 mi",10,$0.1090
MSY,RAP,"3,804",$265.01,"1,161 mi",10,$0.2283
SEA,ABZ,"3,803",$976.54,"4,567 mi",10,$0.2138
PHL,JNB,"3,802","$1,040.60","7,794 mi",10,$0.1335
SEA,SHA,"3,800",$646.38,"5,551 mi",10,$0.1164
SFO,POA,"3,800",$752.61,"6,355 mi",10,$0.1184
MSY,NRT,"3,799",$933.93,"7,033 mi",10,$0.1328
ONT,NAS,"3,799",$305.06,"2,549 mi",10,$0.1197
JAX,TRI,"3,796",$250.77,427 mi,10,$0.5873
ORD,HLN,"3,796",$364.84,"1,191 mi",10,$0.3063
LGA,YQB,"3,796",$332.94,420 mi,10,$0.7927
LAS,AGP,"3,795",$791.99,"5,901 mi",10,$0.1342
MSP,SAF,"3,795",$284.19,902 mi,10,$0.3151
OGG,NRT,"3,794",$662.51,"3,794 mi",10,$0.1746
SEA,VLC,"3,793",$805.54,"5,285 mi",10,$0.1524
LAX,SUB,"3,792","$1,317.82","8,964 mi",10,$0.1470
SAN,BZE,"3,792",$287.63,"2,141 mi",10,$0.1343
STL,NAP,"3,792",$773.31,"5,330 mi",10,$0.1451
PHL,GYE,"3,791",$379.61,"2,831 mi",10,$0.1341
AUS,LOS,"3,789",$615.21,"6,440 mi",10,$0.0955
RDU,STX,"3,788",$301.63,"1,474 mi",10,$0.2046
EWR,PER,"3,788","$2,281.22","11,958 mi",10,$0.1908
LAX,MOT,"3,788",$344.66,"1,366 mi",10,$0.2523
DCA,MLU,"3,787",$271.88,975 mi,10,$0.2789
SFO,NGS,"3,787","$1,816.46","5,875 mi",10,$0.3092
SLC,ACC,"3,787",$710.45,"7,293 mi",10,$0.0974
ATL,JRO,"3,786","$1,079.55","8,387 mi",10,$0.1287
IAD,PNH,"3,785","$1,034.98","8,677 mi",10,$0.1193
LAS,LNK,"3,785",$326.43,"1,015 mi",10,$0.3216
SAT,YUM,"3,784",$277.90,949 mi,10,$0.2928
LAX,GND,"3,784",$499.82,"3,969 mi",10,$0.1259
SAN,SAL,"3,784",$308.80,"2,150 mi",10,$0.1436
IAH,ELM,"3,783",$368.09,"1,285 mi",10,$0.2865
LEX,GNV,"3,782",$297.40,610 mi,10,$0.4875
STL,JNB,"3,782","$1,060.93","9,085 mi",10,$0.1168
MEM,AGS,"3,781",$261.03,486 mi,10,$0.5371
CVG,RAP,"3,780",$274.53,979 mi,10,$0.2804
DTW,ASE,"3,780",$510.10,"1,281 mi",10,$0.3982
DCA,LIH,"3,779",$452.12,"5,026 mi",10,$0.0900
IAD,BZE,"3,779",$325.54,"1,568 mi",10,$0.2076
EWR,DRO,"3,778",$417.78,"1,757 mi",10,$0.2378
CLT,LAN,"3,777",$214.53,575 mi,10,$0.3731
MIA,TAS,"3,777",$738.30,"7,632 mi",10,$0.0967
BOS,HKT,"3,776",$860.55,"8,617 mi",10,$0.0999
MSY,YHZ,"3,775",$475.45,"1,832 mi",10,$0.2595
EWR,MLB,"3,775",$286.76,916 mi,10,$0.3131
ANC,SAV,"3,774",$564.32,"3,495 mi",10,$0.1615
STL,OAJ,"3,774",$238.61,778 mi,10,$0.3067
PHL,CRW,"3,773",$315.80,345 mi,10,$0.9154
SLC,LNK,"3,772",$322.86,819 mi,10,$0.3942
BWI,KIN,"3,772",$215.17,"1,423 mi",10,$0.1512
PHX,SJJ,"3,771",$387.49,"6,439 mi",10,$0.0602
MSP,WAW,"3,770",$808.70,"4,818 mi",10,$0.1678
MCI,BOM,"3,769","$1,342.47","8,573 mi",10,$0.1566
SAN,HLN,"3,768",$270.98,"1,027 mi",10,$0.2639
SAT,MBS,"3,768",$230.30,"1,212 mi",10,$0.1900
SDF,GRK,"3,767",$390.66,819 mi,10,$0.4770
SDF,ROA,"3,767",$261.00,330 mi,10,$0.7909
ORD,MLB,"3,767",$339.19,"1,073 mi",10,$0.3161
PHX,SKB,"3,766",$402.17,"3,336 mi",10,$0.1206
SFO,GTF,"3,766",$290.55,907 mi,10,$0.3203
EWR,COK,"3,765",$538.02,"8,707 mi",10,$0.0618
HNL,ECP,"3,765",$633.32,"4,322 mi",10,$0.1465
ORD,TBS,"3,765",$494.07,"6,132 mi",10,$0.0806
AUS,CLO,"3,764",$234.09,"2,376 mi",10,$0.0985
FLL,NAP,"3,764",$649.81,"5,121 mi",10,$0.1269
ORD,BHD,"3,764","$1,054.05","3,755 mi",10,$0.2807
FLL,GYN,"3,763",$548.52,"3,717 mi",10,$0.1476
OGG,RSW,"3,762",$860.63,"4,534 mi",10,$0.1898
ORD,ALC,"3,761",$455.63,"4,276 mi",10,$0.1066
ANC,BUF,"3,761",$484.14,"3,185 mi",10,$0.1520
HNL,MRY,"3,761",$422.77,"2,331 mi",10,$0.1814
JFK,NAN,"3,761","$1,615.18","7,744 mi",10,$0.2086
SFO,TBS,"3,760",$810.59,"7,107 mi",10,$0.1141
BOS,MGA,"3,760",$283.16,"2,346 mi",10,$0.1207
BNA,SIN,"3,758","$2,031.54","10,050 mi",10,$0.2021
PIT,LIH,"3,755",$572.96,"4,832 mi",10,$0.1186
BWI,FAY,"3,755",$249.71,305 mi,10,$0.8187
LAX,AAL,"3,754",$496.83,"5,299 mi",10,$0.0938
SEA,STI,"3,754",$390.61,"3,365 mi",10,$0.1161
STL,SIN,"3,754","$2,258.48","9,233 mi",10,$0.2446
STL,VIE,"3,754",$719.97,"4,804 mi",10,$0.1499
BOS,WRO,"3,754",$679.95,"3,834 mi",10,$0.1773
ONT,ICN,"3,753",$852.82,"5,828 mi",10,$0.1463
EWR,VGA,"3,752",$506.62,"8,414 mi",10,$0.0602
FLL,MSO,"3,752",$330.49,"2,272 mi",10,$0.1455
BOS,AXA,"3,752",$594.57,"1,785 mi",10,$0.3331
DCA,CLL,"3,752",$296.60,"1,197 mi",10,$0.2478
LAX,CWA,"3,751",$305.62,"1,645 mi",10,$0.1858
MEM,BZE,"3,750",$262.34,"1,178 mi",10,$0.2227
LGA,FRA,"3,747",$383.30,"3,958 mi",10,$0.0968
TPA,TGZ,"3,747",$249.05,"1,065 mi",10,$0.2338
AUS,BMI,"3,746",$316.81,890 mi,10,$0.3560
CLT,MTJ,"3,746",$263.37,"1,547 mi",10,$0.1702
EWR,VIX,"3,745",$525.30,"4,882 mi",10,$0.1076
TPA,HER,"3,745",$533.86,"5,832 mi",10,$0.0915
JFK,BJX,"3,744",$290.45,"2,178 mi",10,$0.1334
IAH,FPO,"3,742",$699.12,"1,008 mi",10,$0.6936
LAS,EGE,"3,742",$391.39,497 mi,10,$0.7875
MSP,MEL,"3,742","$1,263.84","9,162 mi",10,$0.1379
CLE,GVA,"3,740","$1,237.91","4,038 mi",10,$0.3066
SAN,CTG,"3,740",$376.66,"3,152 mi",10,$0.1195
MSY,PVG,"3,739","$1,354.04","7,949 mi",10,$0.1703
IAH,LAN,"3,739",$225.27,"1,097 mi",10,$0.2054
ORD,MVY,"3,739",$351.50,865 mi,10,$0.4064
LAX,SSA,"3,737",$659.19,"5,975 mi",10,$0.1103
ORD,ABV,"3,737",$587.71,"5,883 mi",10,$0.0999
MCI,FSD,"3,737",$270.28,323 mi,10,$0.8368
LAS,AZO,"3,736",$314.06,"1,682 mi",10,$0.1867
SFO,MBS,"3,736",$393.02,"1,972 mi",10,$0.1993
MIA,FNC,"3,735",$535.96,"3,689 mi",10,$0.1453
STL,SBN,"3,735",$310.25,287 mi,10,$1.0810
IAD,PIA,"3,735",$250.41,640 mi,10,$0.3913
MSP,UVF,"3,734",$532.25,"2,950 mi",10,$0.1804
ANC,CDB,"3,733",$690.52,600 mi,10,$1.1509
DFW,OAJ,"3,733",$283.10,"1,155 mi",10,$0.2451
ONT,AMA,"3,732",$295.27,933 mi,10,$0.3165
SDF,LFT,"3,732",$278.04,636 mi,10,$0.4372
STL,BFL,"3,731",$354.27,"1,639 mi",10,$0.2162
LAS,GUM,"3,731","$1,901.59","6,031 mi",10,$0.3153
BUR,MSO,"3,730",$228.72,933 mi,10,$0.2451
LAS,TAM,"3,730",$162.47,"1,450 mi",10,$0.1120
DEN,STR,"3,730",$988.79,"4,957 mi",10,$0.1995
CLE,QRO,"3,729",$373.89,"1,738 mi",10,$0.2151
LAX,YQQ,"3,729",$233.01,"1,104 mi",10,$0.2111
MCO,EIS,"3,729",$372.11,"1,227 mi",10,$0.3033
MCO,HLN,"3,729",$401.90,"2,014 mi",10,$0.1996
MCO,JNU,"3,729",$572.06,"3,349 mi",10,$0.1708
DEN,WYS,"3,729",$174.15,482 mi,10,$0.3613
IAD,FRU,"3,729","$1,355.40","6,699 mi",10,$0.2023
STL,GVA,"3,728","$1,479.07","4,488 mi",10,$0.3296
DTW,CRP,"3,727",$367.15,"1,238 mi",10,$0.2966
JFK,DOM,"3,727",$339.91,"1,831 mi",10,$0.1856
DEN,FAY,"3,724",$352.69,"1,492 mi",10,$0.2364
HNL,KMI,"3,723",$446.47,"4,220 mi",10,$0.1058
TPA,TFS,"3,723",$441.82,"4,088 mi",10,$0.1081
LEX,DSM,"3,722",$277.72,522 mi,10,$0.5320
SLC,YHZ,"3,722",$373.26,"2,508 mi",10,$0.1488
BNA,SCE,"3,721",$325.71,595 mi,10,$0.5474
CVG,PSC,"3,719",$306.41,"1,750 mi",10,$0.1751
DEN,YUM,"3,719",$289.59,721 mi,10,$0.4017
EWR,MGM,"3,718",$301.35,864 mi,10,$0.3488
LGA,MUC,"3,718",$571.70,"4,146 mi",10,$0.1379
SAN,HYD,"3,718","$1,069.69","8,568 mi",10,$0.1248
SFO,MYJ,"3,718","$1,427.23","5,374 mi",10,$0.2656
JFK,KMI,"3,718","$1,138.36","6,958 mi",10,$0.1636
MCI,PRG,"3,717",$608.76,"5,057 mi",10,$0.1204
DEN,CHC,"3,716","$1,141.23","7,492 mi",10,$0.1523
MCI,CAK,"3,715",$275.44,688 mi,10,$0.4003
JFK,OAK,"3,715",$373.55,"2,492 mi",10,$0.1499
SAN,STR,"3,715","$1,099.67","6,092 mi",10,$0.1805
HNL,KCZ,"3,714",$687.80,"4,332 mi",10,$0.1588
FLL,GVA,"3,713",$577.14,"4,626 mi",10,$0.1248
SAT,GJT,"3,712",$267.11,849 mi,10,$0.3146
JAX,BIL,"3,712",$290.31,"1,734 mi",10,$0.1674
LEX,BTR,"3,711",$304.97,620 mi,10,$0.4919
ORD,ATY,"3,711",$107.31,491 mi,10,$0.2186
STL,FWA,"3,710",$272.10,324 mi,10,$0.8398
IAD,ATW,"3,707",$286.37,699 mi,10,$0.4097
DFW,KTN,"3,707",$520.14,"2,207 mi",10,$0.2357
PHL,GJT,"3,705",$337.91,"1,818 mi",10,$0.1859
PDX,TLH,"3,704",$410.05,"2,372 mi",10,$0.1729
AUS,BJX,"3,702",$294.96,658 mi,10,$0.4483
BNA,MDE,"3,701",$337.64,"2,123 mi",10,$0.1590
MCI,HPN,"3,701",$287.26,"1,146 mi",10,$0.2507
AUS,YQB,"3,701",$401.93,"1,865 mi",10,$0.2155
MIA,LED,"3,700",$712.20,"5,191 mi",10,$0.1372
MCI,MRY,"3,699",$395.19,"1,529 mi",10,$0.2585
RDU,ITH,"3,699",$233.16,488 mi,10,$0.4778
MCI,CUR,"3,698",$266.85,"2,520 mi",10,$0.1059
STL,SYD,"3,698","$1,748.20","9,332 mi",10,$0.1873
LAX,GFK,"3,697",$397.44,"1,506 mi",10,$0.2639
STL,TLV,"3,697","$1,358.97","6,224 mi",10,$0.2183
AUS,MEL,"3,696","$2,068.94","8,615 mi",10,$0.2402
DFW,DUS,"3,696",$614.47,"5,169 mi",10,$0.1189
DTW,PRN,"3,696",$283.24,"4,785 mi",10,$0.0592
LAX,HLN,"3,696",$275.86,909 mi,10,$0.3035
LAX,RBA,"3,695",$953.73,"6,164 mi",10,$0.1547
ONT,SJO,"3,695",$235.39,"2,768 mi",10,$0.0850
DTW,ABE,"3,694",$434.94,437 mi,10,$0.9953
SFO,ELM,"3,694",$404.34,"2,476 mi",10,$0.1633
ORD,PLN,"3,694",$240.61,302 mi,10,$0.7967
SFO,OKJ,"3,693","$1,305.98","5,285 mi",10,$0.2471
SJC,GUA,"3,693",$216.85,"2,560 mi",10,$0.0847
DEN,HAN,"3,692","$1,082.53","8,014 mi",10,$0.1351
MSP,AZO,"3,692",$268.52,412 mi,10,$0.6517
SFO,AYT,"3,691",$576.33,"7,221 mi",10,$0.0798
MSY,MRY,"3,690",$332.00,"1,927 mi",10,$0.1723
JFK,VVI,"3,689",$439.66,"4,208 mi",10,$0.1045
CLE,BZE,"3,689",$280.11,"1,642 mi",10,$0.1706
CLE,PTY,"3,689",$356.01,"2,172 mi",10,$0.1639
LAS,MGA,"3,689",$243.13,"2,520 mi",10,$0.0965
PIT,GUA,"3,689",$373.96,"1,951 mi",10,$0.1917
JAX,AVP,"3,687",$267.24,845 mi,10,$0.3163
MIA,LIH,"3,687",$637.90,"5,070 mi",10,$0.1258
CLE,KTM,"3,684",$500.21,"7,364 mi",10,$0.0679
BOS,YXE,"3,683",$338.40,"1,730 mi",10,$0.1956
MCI,NRT,"3,681","$1,055.78","6,360 mi",10,$0.1660
SAN,DUS,"3,681",$892.63,"5,881 mi",10,$0.1518
CLE,CAI,"3,681",$479.29,"6,096 mi",10,$0.0786
PHL,MOT,"3,680",$311.31,"1,366 mi",10,$0.2279
SAN,GFK,"3,680",$414.41,"1,524 mi",10,$0.2719
ATL,GND,"3,679",$371.45,"2,129 mi",10,$0.1745
FLL,TPE,"3,679","$1,108.31","8,366 mi",10,$0.1325
MSP,ZAG,"3,679",$581.60,"4,981 mi",10,$0.1168
MEM,PLS,"3,678",$345.17,"1,368 mi",10,$0.2523
SEA,CUU,"3,678",$568.16,"1,611 mi",10,$0.3527
DEN,PPT,"3,678","$1,190.19","4,762 mi",10,$0.2499
BNA,IST,"3,676",$784.03,"5,880 mi",10,$0.1333
DEN,ELM,"3,675",$358.08,"1,407 mi",10,$0.2545
SJC,CDG,"3,675",$781.22,"5,737 mi",10,$0.1362
STL,AVP,"3,673",$383.12,770 mi,10,$0.4976
ATL,JNU,"3,672",$548.17,"2,766 mi",10,$0.1982
CLT,PGV,"3,672",$168.79,196 mi,10,$0.8612
PDX,DAB,"3,672",$285.89,"2,435 mi",10,$0.1174
LAX,FLG,"3,671",$235.87,380 mi,10,$0.6207
PDX,MHT,"3,671",$296.83,"2,420 mi",10,$0.1227
SFO,ILO,"3,670",$633.60,"7,290 mi",10,$0.0869
IAD,BTR,"3,670",$336.73,998 mi,10,$0.3374
ORD,BQN,"3,670",$194.19,"1,969 mi",10,$0.0986
SJC,IDA,"3,669",$291.10,690 mi,10,$0.4219
MSP,STR,"3,669",$822.74,"4,596 mi",10,$0.1790
TPA,CGK,"3,668",$938.86,"11,135 mi",10,$0.0843
BOS,KWI,"3,667","$1,339.70","6,337 mi",10,$0.2114
SDF,GPT,"3,667",$222.00,586 mi,10,$0.3788
SEA,PLS,"3,666",$706.94,"3,179 mi",10,$0.2224
DTW,TRC,"3,666",$573.55,"1,667 mi",10,$0.3441
SFO,MGM,"3,666",$383.66,"1,996 mi",10,$0.1922
MSP,CAK,"3,665",$271.77,635 mi,10,$0.4280
DFW,SNN,"3,665",$673.09,"4,245 mi",10,$0.1586
SDF,CMH,"3,665",$235.06,192 mi,10,$1.2243
MIA,CRK,"3,664",$657.95,"9,555 mi",10,$0.0689
DFW,SVQ,"3,663","$1,017.18","4,794 mi",10,$0.2122
IAH,YQM,"3,663",$569.77,"1,926 mi",10,$0.2958
LAX,MRU,"3,663",$912.64,"11,128 mi",10,$0.0820
AUS,CZM,"3,662",$243.90,973 mi,10,$0.2507
SFO,KIN,"3,662",$272.62,"2,971 mi",10,$0.0918
SFO,FAO,"3,661",$733.66,"5,624 mi",10,$0.1305
MCI,BKK,"3,661",$831.95,"8,901 mi",10,$0.0935
BOS,INV,"3,660",$537.27,"3,104 mi",10,$0.1731
SEA,CMN,"3,658",$745.19,"5,380 mi",10,$0.1385
CLE,HPN,"3,658",$209.25,411 mi,10,$0.5091
DTW,MTJ,"3,658",$304.73,"1,351 mi",10,$0.2256
SAN,CPT,"3,658","$1,326.25","9,606 mi",10,$0.1381
STL,MRY,"3,657",$285.09,"1,667 mi",10,$0.1710
LAS,ELM,"3,654",$336.88,"2,013 mi",10,$0.1674
LEX,GRR,"3,653",$285.72,348 mi,10,$0.8210
BWI,GLA,"3,652",$386.50,"3,286 mi",10,$0.1176
HNL,CBR,"3,651","$1,228.17","5,381 mi",10,$0.2282
PIT,SYD,"3,650","$2,030.14","9,324 mi",10,$0.2177
DEN,LYS,"3,649",$797.09,"5,257 mi",10,$0.1516
ORD,DAR,"3,646",$482.45,"8,156 mi",10,$0.0592
ORD,IBZ,"3,645",$779.94,"4,337 mi",10,$0.1798
PHX,TQO,"3,645",$254.19,"1,699 mi",10,$0.1496
ATL,YYJ,"3,645",$326.63,"2,179 mi",10,$0.1499
DTW,MDE,"3,644",$337.98,"2,614 mi",10,$0.1293
BOS,NKG,"3,643","$1,451.88","7,496 mi",10,$0.1937
BUR,PBI,"3,643",$273.81,"2,253 mi",10,$0.1215
DEN,LWS,"3,643",$243.87,744 mi,10,$0.3278
IAD,QRO,"3,642",$364.60,"1,794 mi",10,$0.2032
PDX,AGS,"3,642",$420.28,"2,227 mi",10,$0.1887
SAN,FAY,"3,642",$326.50,"2,124 mi",10,$0.1537
LAX,YKF,"3,640",$226.81,"2,196 mi",10,$0.1033
MSY,AVP,"3,638",$262.35,"1,094 mi",10,$0.2398
ORD,CJS,"3,638",$131.88,"1,282 mi",10,$0.1029
CLT,VER,"3,637",$325.14,"1,492 mi",10,$0.2179
DEN,JED,"3,637",$517.82,"7,359 mi",10,$0.0704
EWR,ESB,"3,637",$427.67,"5,378 mi",10,$0.0795
LAX,GMP,"3,636","$1,135.90","5,784 mi",10,$0.1964
LEX,FAY,"3,636",$264.41,392 mi,10,$0.6745
MCI,YEG,"3,636",$362.00,"1,353 mi",10,$0.2676
SFO,KTN,"3,635",$403.13,"1,261 mi",10,$0.3197
SJC,AMS,"3,635",$718.94,"5,298 mi",10,$0.1357
FLL,KOA,"3,633",$754.18,"4,640 mi",10,$0.1625
DFW,FAY,"3,633",$305.56,"1,018 mi",10,$0.3002
ANC,LFT,"3,632",$612.00,"3,458 mi",10,$0.1770
RDU,DLH,"3,632",$284.53,"1,056 mi",10,$0.2694
DTW,APN,"3,632",$138.96,192 mi,10,$0.7238
IAH,CTA,"3,631","$1,124.16","6,142 mi",10,$0.1830
SLC,CZM,"3,631",$720.62,"2,090 mi",10,$0.3448
MCO,ELM,"3,631",$304.29,"1,009 mi",10,$0.3016
LGA,RDM,"3,630",$433.07,"2,314 mi",10,$0.1872
MIA,TGZ,"3,629",$249.50,"1,069 mi",10,$0.2334
SAN,SCE,"3,629",$364.43,"2,295 mi",10,$0.1588
IAH,VLC,"3,628",$842.31,"5,327 mi",10,$0.1581
PHX,HEL,"3,628",$824.32,"5,350 mi",10,$0.1541
BOS,LPA,"3,627",$444.42,"3,138 mi",10,$0.1416
ORD,VGA,"3,627",$610.19,"8,080 mi",10,$0.0755
SEA,YQB,"3,627",$358.35,"2,280 mi",10,$0.1572
LAX,FAO,"3,626",$720.94,"5,629 mi",10,$0.1281
PHX,KTN,"3,625",$409.44,"1,840 mi",10,$0.2225
CVG,BER,"3,622",$750.56,"4,586 mi",10,$0.1637
JFK,CGN,"3,620",$586.61,"3,878 mi",10,$0.1513
RDU,ITM,"3,620",$905.71,"6,867 mi",10,$0.1319
DCA,EVV,"3,620",$294.24,587 mi,10,$0.5013
EWR,BSB,"3,620",$609.20,"4,383 mi",10,$0.1390
SAT,AUA,"3,619",$395.11,"2,235 mi",10,$0.1768
ORD,DSS,"3,616",$568.62,"4,702 mi",10,$0.1209
SLC,NBO,"3,616",$866.26,"8,815 mi",10,$0.0983
SAN,DPS,"3,615","$1,044.10","8,455 mi",10,$0.1235
ATL,CNF,"3,613",$863.67,"4,680 mi",10,$0.1845
MIA,ADB,"3,613",$604.22,"6,169 mi",10,$0.0979
MSP,POP,"3,612",$400.39,"2,231 mi",10,$0.1795
DTW,AZO,"3,611",$58.06,109 mi,10,$0.5327
OGG,YUL,"3,611",$602.92,"4,709 mi",10,$0.1280
SJC,RDM,"3,611",$246.42,492 mi,10,$0.5009
IAH,RAK,"3,611",$683.36,"4,875 mi",10,$0.1402
JFK,ZQN,"3,611","$1,840.55","9,053 mi",10,$0.2033
TPA,DRO,"3,611",$321.24,"1,545 mi",10,$0.2079
RDU,CPT,"3,610",$984.39,"7,670 mi",10,$0.1283
LAX,KOJ,"3,609",$981.87,"5,867 mi",10,$0.1674
CVG,IDA,"3,609",$375.83,"1,406 mi",10,$0.2673
MEM,UVF,"3,609",$400.55,"2,260 mi",10,$0.1772
MSY,MGA,"3,609",$293.63,"1,223 mi",10,$0.2401
SFO,DLH,"3,609",$385.62,"1,708 mi",10,$0.2258
ORD,LFW,"3,608",$354.96,"6,067 mi",10,$0.0585
LAS,HAJ,"3,608",$509.53,"5,643 mi",10,$0.0903
AUS,OPO,"3,607",$712.12,"4,977 mi",10,$0.1431
HNL,CEB,"3,606",$519.75,"5,045 mi",10,$0.1030
CLT,DOH,"3,606",$883.34,"7,015 mi",10,$0.1259
STL,FAY,"3,606",$218.01,664 mi,10,$0.3283
EWR,LNK,"3,605",$402.14,"1,144 mi",10,$0.3515
IAD,PUS,"3,605","$1,434.44","7,256 mi",10,$0.1977
MSY,DPS,"3,605",$984.24,"10,540 mi",10,$0.0934
DTW,BIO,"3,605","$1,047.85","3,794 mi",10,$0.2762
SFO,RIX,"3,605",$677.21,"5,784 mi",10,$0.1171
ATL,BRE,"3,605",$624.61,"4,390 mi",10,$0.1423
LAX,GDN,"3,602",$781.66,"5,642 mi",10,$0.1385
RDU,OPO,"3,602",$601.48,"3,813 mi",10,$0.1577
ORD,ASU,"3,602",$689.07,"4,882 mi",10,$0.1411
LAS,MLU,"3,601",$351.29,"1,379 mi",10,$0.2547
DFW,BEG,"3,601",$521.71,"5,611 mi",10,$0.0930
LAS,HER,"3,601",$673.77,"7,088 mi",10,$0.0951
MIA,VAR,"3,600",$484.20,"5,670 mi",10,$0.0854
ATL,DRO,"3,599",$331.70,"1,372 mi",10,$0.2418
RDU,MGA,"3,599",$288.96,"1,754 mi",10,$0.1647
SAN,OSL,"3,596",$665.77,"5,219 mi",10,$0.1276
BOS,EVV,"3,595",$316.71,892 mi,10,$0.3551
BOS,YLW,"3,595",$372.32,"2,401 mi",10,$0.1551
JAX,BOG,"3,595",$301.40,"1,903 mi",10,$0.1584
LAX,SMR,"3,595",$324.75,"3,100 mi",10,$0.1048
SAN,AMM,"3,595",$738.06,"7,882 mi",10,$0.0936
SAN,TRI,"3,595",$379.46,"2,044 mi",10,$0.1856
MIA,SJJ,"3,594",$411.07,"5,243 mi",10,$0.0784
ANC,GSP,"3,593",$575.11,"3,515 mi",10,$0.1636
CLE,PSC,"3,593",$358.97,"1,813 mi",10,$0.1980
PIT,BZE,"3,591",$342.71,"1,607 mi",10,$0.2133
DTW,RST,"3,591",$299.54,490 mi,10,$0.6113
ANC,BHM,"3,590",$534.00,"3,437 mi",10,$0.1554
PHX,AMD,"3,588",$754.19,"8,776 mi",10,$0.0859
TPA,EIS,"3,588",$353.13,"1,277 mi",10,$0.2765
DFW,TIA,"3,586",$434.60,"6,096 mi",10,$0.0713
MCI,CRW,"3,586",$300.56,729 mi,10,$0.4123
MCI,MGM,"3,586",$286.25,651 mi,10,$0.4397
MCI,SGU,"3,586",$273.22,"1,003 mi",10,$0.2724
MCO,TLH,"3,586",$310.04,221 mi,10,$1.4029
BOS,CRW,"3,585",$358.14,602 mi,10,$0.5949
IAD,NQZ,"3,585","$1,278.26","6,120 mi",10,$0.2089
SAN,YQB,"3,584",$473.93,"2,499 mi",10,$0.1896
MSY,BIS,"3,584",$288.42,"1,249 mi",10,$0.2309
JAX,RAP,"3,583",$327.54,"1,539 mi",10,$0.2128
MCI,AMM,"3,582",$648.24,"6,798 mi",10,$0.0954
MCO,MDZ,"3,582",$583.65,"4,440 mi",10,$0.1315
AUS,STS,"3,582",$347.73,"1,493 mi",10,$0.2329
HNL,ATH,"3,582",$978.40,"8,090 mi",10,$0.1209
JFK,PNQ,"3,582","$1,100.67","7,614 mi",10,$0.1446
LAS,XPL,"3,581",$198.36,"2,195 mi",10,$0.0904
BOS,ITH,"3,580",$224.55,270 mi,10,$0.8317
PHX,KGL,"3,580",$539.02,"9,440 mi",10,$0.0571
BWI,MFR,"3,579",$350.59,"2,326 mi",10,$0.1507
MSP,HAN,"3,579",$996.96,"7,945 mi",10,$0.1255
ORD,YYT,"3,579",$404.02,"1,698 mi",10,$0.2379
PHX,SNN,"3,579",$736.24,"5,060 mi",10,$0.1455
DTW,LHE,"3,579",$556.06,"6,935 mi",10,$0.0802
LAX,YXS,"3,578",$216.97,"1,351 mi",10,$0.1606
JFK,LPB,"3,578",$527.87,"3,846 mi",10,$0.1373
PIT,RDM,"3,576",$325.69,"2,145 mi",10,$0.1518
MIA,GPT,"3,575",$249.82,641 mi,10,$0.3897
JFK,SZG,"3,574",$986.11,"3,972 mi",10,$0.2483
MEM,ATW,"3,573",$297.68,623 mi,10,$0.4778
PHX,CGK,"3,573","$2,792.55","9,605 mi",10,$0.2907
DEN,LGW,"3,573",$256.84,"4,541 mi",10,$0.0566
MSY,OTP,"3,572",$494.29,"6,090 mi",10,$0.0812
CVG,DSS,"3,571",$437.23,"4,257 mi",10,$0.1027
AUS,AKL,"3,570","$1,639.53","7,532 mi",10,$0.2177
DCA,VCE,"3,570",$583.84,"4,225 mi",10,$0.1382
LAS,CNF,"3,569",$552.29,"5,848 mi",10,$0.0944
MCI,TRI,"3,569",$292.74,719 mi,10,$0.4071
MSP,BLL,"3,569",$679.79,"4,031 mi",10,$0.1686
JFK,NVT,"3,567",$686.02,"4,788 mi",10,$0.1433
MEM,GRB,"3,567",$308.06,680 mi,10,$0.4530
CLE,CHO,"3,565",$245.04,298 mi,10,$0.8223
SFO,KTI,"3,565",$531.52,"7,638 mi",10,$0.0696
DTW,JIB,"3,565",$742.34,"7,191 mi",10,$0.1032
IAH,SVD,"3,564",$566.40,"2,394 mi",10,$0.2366
RDU,WAW,"3,563",$775.11,"4,541 mi",10,$0.1707
JFK,FUE,"3,562",$493.41,"3,547 mi",10,$0.1391
BUR,CUN,"3,561",$228.65,"2,055 mi",10,$0.1113
ORD,KTN,"3,560",$535.04,"2,092 mi",10,$0.2558
SFO,OIT,"3,560","$1,513.31","5,766 mi",10,$0.2625
IAD,OUA,"3,557",$915.30,"4,785 mi",10,$0.1913
BWI,SBP,"3,556",$398.71,"2,339 mi",10,$0.1705
PDX,YYJ,"3,555",$254.23,209 mi,10,$1.2164
SAT,XWA,"3,552",$356.97,"1,284 mi",10,$0.2780
JAX,CTA,"3,552","$1,035.27","5,465 mi",10,$0.1894
SAT,GUM,"3,551","$1,800.89","7,065 mi",10,$0.2549
SAT,MTJ,"3,551",$263.45,796 mi,10,$0.3310
LAS,FUK,"3,551",$817.26,"6,210 mi",10,$0.1316
BWI,LGA,"3,550",$313.53,179 mi,10,$1.7516
DTW,MRS,"3,550",$669.74,"4,129 mi",10,$0.1622
MSP,PNH,"3,550",$601.67,"8,628 mi",10,$0.0697
SLC,PLS,"3,550",$474.51,"2,576 mi",10,$0.1842
AUS,KUL,"3,549","$1,236.88","10,121 mi",10,$0.1222
JFK,COV,"3,547",$634.59,"5,605 mi",10,$0.1132
BOS,REC,"3,547",$690.74,"4,039 mi",10,$0.1710
FLL,MGM,"3,546",$249.46,588 mi,10,$0.4243
ORD,BGA,"3,546",$240.70,"2,648 mi",10,$0.0909
BOS,ABV,"3,546","$1,063.48","5,358 mi",10,$0.1985
STL,EZE,"3,545","$1,300.80","5,639 mi",10,$0.2307
MIA,AGU,"3,544",$307.20,"1,462 mi",10,$0.2101
PIT,TVC,"3,544",$285.69,412 mi,10,$0.6934
AUS,BIS,"3,542",$231.59,"1,122 mi",10,$0.2064
AUS,AMM,"3,541",$565.89,"6,974 mi",10,$0.0811
CLT,DLH,"3,541",$322.67,962 mi,10,$0.3354
CVG,LFT,"3,541",$287.22,761 mi,10,$0.3774
IAH,BDA,"3,541",$521.28,"1,760 mi",10,$0.2962
JAX,AMA,"3,540",$285.01,"1,240 mi",10,$0.2298
SJC,MSO,"3,540",$288.14,749 mi,10,$0.3847
PDX,ADD,"3,540",$647.19,"8,748 mi",10,$0.0740
SLC,SCE,"3,539",$411.92,"1,720 mi",10,$0.2395
TPA,BJX,"3,538",$231.35,"1,245 mi",10,$0.1858
SEA,ZAG,"3,537",$696.39,"5,688 mi",10,$0.1224
SLC,BJX,"3,535",$422.36,"1,545 mi",10,$0.2734
LAX,DUD,"3,534",$980.95,"7,297 mi",10,$0.1344
FLL,SBP,"3,533",$372.93,"2,396 mi",10,$0.1556
PHL,HRL,"3,533",$293.36,"1,644 mi",10,$0.1784
MSP,DBV,"3,532",$718.50,"4,918 mi",10,$0.1461
ATL,LJU,"3,530","$1,140.28","5,115 mi",10,$0.2229
BNA,HAV,"3,530",$307.67,915 mi,10,$0.3363
ONT,RAP,"3,529",$250.73,"1,008 mi",10,$0.2487
RDU,MOT,"3,529",$246.82,"1,384 mi",10,$0.1783
MEM,GDL,"3,529",$359.77,"1,251 mi",10,$0.2876
SEA,PMI,"3,529","$1,002.64","5,709 mi",10,$0.1756
LAX,CMI,"3,528",$296.98,"1,655 mi",10,$0.1794
BWI,ZRH,"3,527",$410.59,"4,226 mi",10,$0.0972
SFO,HRL,"3,527",$229.53,"1,692 mi",10,$0.1357
ORD,ADL,"3,526","$2,036.12","9,612 mi",10,$0.2118
MDW,ICT,"3,525",$193.41,570 mi,10,$0.3393
MSY,DRO,"3,525",$280.09,"1,086 mi",10,$0.2579
DCA,EGE,"3,524",$473.66,"1,544 mi",10,$0.3068
DCA,NAP,"3,524",$623.49,"4,464 mi",10,$0.1397
AUS,GUC,"3,523",$335.65,758 mi,10,$0.4428
ONT,SHV,"3,523",$315.54,"1,416 mi",10,$0.2228
ANC,FSD,"3,522",$506.54,"2,535 mi",10,$0.1998
TPA,ANU,"3,522",$295.08,"1,471 mi",10,$0.2006
ATL,YLW,"3,521",$346.19,"2,033 mi",10,$0.1703
EWR,RUH,"3,521","$1,462.65","6,721 mi",10,$0.2176
MSP,MRS,"3,520",$804.00,"4,683 mi",10,$0.1717
IAH,CWA,"3,518",$287.83,"1,100 mi",10,$0.2617
JFK,KOJ,"3,518","$1,508.91","6,976 mi",10,$0.2163
SAN,BNE,"3,518","$1,334.41","7,413 mi",10,$0.1800
SDF,FAR,"3,517",$288.96,800 mi,10,$0.3612
MEM,XPL,"3,516",$309.51,"1,386 mi",10,$0.2233
HNL,JAN,"3,516",$699.44,"4,059 mi",10,$0.1723
EWR,EVV,"3,515",$349.86,714 mi,10,$0.4900
PIT,YHZ,"3,515",$286.90,927 mi,10,$0.3095
CLT,MBS,"3,514",$275.21,617 mi,10,$0.4460
SDF,ZRH,"3,513",$834.79,"4,385 mi",10,$0.1904
LAX,FAY,"3,511",$296.56,"2,305 mi",10,$0.1287
SLC,LRD,"3,511",$318.93,"1,124 mi",10,$0.2837
BNA,NCE,"3,511",$950.06,"4,871 mi",10,$0.1950
SEA,ASE,"3,510",$421.83,988 mi,10,$0.4270
EWR,POZ,"3,510",$740.73,"4,229 mi",10,$0.1752
MIA,CRW,"3,510",$314.74,898 mi,10,$0.3505
SEA,ABE,"3,510",$388.33,"2,407 mi",10,$0.1613
CLE,BOG,"3,509",$434.76,"2,658 mi",10,$0.1636
ANC,NRT,"3,509",$883.00,"3,323 mi",10,$0.2657
CVG,LBB,"3,509",$272.16,"1,053 mi",10,$0.2585
MIA,MED,"3,507",$342.12,"6,917 mi",10,$0.0495
TPA,BEY,"3,507",$535.51,"6,745 mi",10,$0.0794
IAD,MAF,"3,506",$420.91,"1,425 mi",10,$0.2954
LAS,IBZ,"3,506","$1,512.59","6,043 mi",10,$0.2503
SJC,ICN,"3,505","$1,075.82","5,845 mi",10,$0.1841
SJC,LIM,"3,505",$678.82,"4,346 mi",10,$0.1562
BWI,AKL,"3,504","$1,145.84","8,913 mi",10,$0.1286
EWR,GYN,"3,504",$598.33,"4,144 mi",10,$0.1444
ONT,CRP,"3,503",$318.42,"1,303 mi",10,$0.2444
DFW,CTM,"3,503",$140.61,"1,165 mi",10,$0.1207
JAX,CRW,"3,502",$252.38,528 mi,10,$0.4780
MIA,LYB,"3,502",$151.79,436 mi,10,$0.3481
JAX,FCA,"3,500",$410.18,"2,168 mi",10,$0.1892
LAX,CGN,"3,498",$873.84,"5,878 mi",10,$0.1487
CVG,BZE,"3,498",$246.90,"1,457 mi",10,$0.1695
DTW,LYS,"3,498",$854.80,"4,042 mi",10,$0.2115
LAS,AGU,"3,497",$199.51,"1,220 mi",10,$0.1635
MCI,LIM,"3,496",$547.57,"3,610 mi",10,$0.1517
JFK,TAK,"3,495","$1,625.25","6,761 mi",10,$0.2404
RDU,IDA,"3,494",$428.25,"1,778 mi",10,$0.2409
DCA,EIS,"3,494",$376.10,"1,645 mi",10,$0.2286
MIA,MTR,"3,494",$207.26,"1,173 mi",10,$0.1767
ATL,BAQ,"3,493",$245.37,"1,737 mi",10,$0.1413
ANC,SGF,"3,493",$557.22,"2,825 mi",10,$0.1972
CLT,FAI,"3,491",$528.40,"3,273 mi",10,$0.1614
IAH,POP,"3,491",$326.48,"1,752 mi",10,$0.1863
ATL,SVG,"3,490",$670.83,"4,393 mi",10,$0.1527
LEX,AMS,"3,490",$705.48,"4,053 mi",10,$0.1741
DCA,JNB,"3,490","$1,460.37","8,356 mi",10,$0.1748
STL,YEG,"3,490",$408.04,"1,533 mi",10,$0.2662
ORD,LCH,"3,489",$340.32,897 mi,10,$0.3794
DEN,RHI,"3,489",$312.14,840 mi,10,$0.3716
MIA,OVD,"3,489",$472.20,"4,122 mi",10,$0.1146
STL,CRW,"3,488",$288.79,489 mi,10,$0.5906
CLE,NCE,"3,487",$741.43,"4,172 mi",10,$0.1777
MEM,TLH,"3,487",$290.18,472 mi,10,$0.6148
FLL,DAD,"3,486",$563.74,"9,189 mi",10,$0.0613
PDX,GPT,"3,486",$338.17,"2,021 mi",10,$0.1673
PDX,NAP,"3,486",$653.83,"6,073 mi",10,$0.1077
AUS,AMD,"3,486",$560.65,"8,961 mi",10,$0.0626
SAN,OPO,"3,486",$754.19,"5,768 mi",10,$0.1308
CVG,MFR,"3,485",$277.27,"2,057 mi",10,$0.1348
MIA,BRO,"3,485",$318.70,"1,033 mi",10,$0.3085
MCO,MRU,"3,483",$628.35,"9,517 mi",10,$0.0660
DFW,VLD,"3,483",$330.16,845 mi,10,$0.3907
AUS,STI,"3,482",$267.76,"1,903 mi",10,$0.1407
ATL,DLA,"3,482",$526.00,"6,492 mi",10,$0.0810
SAT,HDN,"3,482",$283.70,930 mi,10,$0.3051
SDF,CRP,"3,481",$269.61,959 mi,10,$0.2811
MEM,PVR,"3,481",$260.42,"1,318 mi",10,$0.1976
SLC,ABE,"3,480",$440.59,"1,842 mi",10,$0.2392
JFK,VPS,"3,480",$241.52,"1,030 mi",10,$0.2345
CLT,COK,"3,479",$579.56,"9,239 mi",10,$0.0627
LAX,RST,"3,479",$307.54,"1,499 mi",10,$0.2052
LAS,MAA,"3,478","$1,097.72","9,168 mi",10,$0.1197
BOS,ESB,"3,477",$529.06,"5,173 mi",10,$0.1023
DEN,SPU,"3,477",$795.11,"5,769 mi",10,$0.1378
MCO,SAF,"3,477",$342.49,"1,483 mi",10,$0.2309
SDF,HRL,"3,476",$271.95,"1,110 mi",10,$0.2450
CLT,LYS,"3,476",$582.72,"4,491 mi",10,$0.1298
MCI,LAN,"3,476",$311.25,596 mi,10,$0.5222
MCO,DAC,"3,474",$891.42,"8,520 mi",10,$0.1046
BUR,SRQ,"3,473",$238.00,"2,100 mi",10,$0.1133
PDX,CEB,"3,473",$510.42,"6,594 mi",10,$0.0774
MIA,TRC,"3,472",$321.11,"1,481 mi",10,$0.2168
BWI,AEX,"3,472",$318.26,"1,076 mi",10,$0.2958
AUS,LIN,"3,471",$821.24,"5,660 mi",10,$0.1451
SAN,GLA,"3,471","$1,181.70","5,311 mi",10,$0.2225
ORD,ABI,"3,470",$303.00,952 mi,10,$0.3183
DEN,LJU,"3,470",$866.24,"5,242 mi",10,$0.1652
HOU,MSN,"3,469",$310.90,"1,018 mi",10,$0.3054
ORD,CUZ,"3,468",$556.56,"4,087 mi",10,$0.1362
IAD,SKD,"3,468",$398.37,"6,753 mi",10,$0.0590
PIT,ROA,"3,467",$310.73,226 mi,9,$1.3749
MCO,GFK,"3,466",$347.12,"1,641 mi",9,$0.2115
AUS,NBO,"3,466",$712.14,"8,591 mi",9,$0.0829
SLC,AVP,"3,466",$411.96,"1,819 mi",9,$0.2265
ATL,YQR,"3,465",$254.38,"1,593 mi",9,$0.1597
BOS,CUZ,"3,465",$609.41,"3,747 mi",9,$0.1626
ANC,YEG,"3,464",$499.75,"1,399 mi",9,$0.3572
BNA,GJT,"3,464",$274.94,"1,174 mi",9,$0.2342
LAX,MVY,"3,464",$617.83,"2,709 mi",9,$0.2281
BUR,APA,"3,464",$444.15,807 mi,9,$0.5504
LAS,UVF,"3,464",$508.16,"3,785 mi",9,$0.1343
STL,NCE,"3,464",$783.47,"4,627 mi",9,$0.1693
CLT,GOT,"3,463",$774.95,"4,443 mi",9,$0.1744
MSP,SPU,"3,463",$616.08,"5,101 mi",9,$0.1208
MIA,AQP,"3,462",$329.65,"2,880 mi",9,$0.1145
TPA,SOF,"3,462",$397.84,"5,493 mi",9,$0.0724
BNA,LAN,"3,460",$223.30,487 mi,9,$0.4585
LEX,DUB,"3,460",$513.98,"3,610 mi",9,$0.1424
SJC,MYR,"3,460",$273.65,"2,339 mi",9,$0.1170
HNL,MYR,"3,459",$715.53,"4,660 mi",9,$0.1535
DFW,PHC,"3,458",$685.05,"6,628 mi",9,$0.1034
PHX,LOS,"3,458",$753.35,"7,167 mi",9,$0.1051
LAS,OAJ,"3,457",$290.78,"2,038 mi",9,$0.1427
LAS,AEX,"3,457",$384.84,"1,297 mi",9,$0.2967
LAS,CUL,"3,457",$131.79,932 mi,9,$0.1414
MIA,SVO,"3,457",$818.41,"5,545 mi",9,$0.1476
DCA,MHK,"3,456",$367.15,"1,084 mi",9,$0.3387
ATL,ROB,"3,455",$520.38,"5,216 mi",9,$0.0998
EWR,RHO,"3,455",$573.49,"5,031 mi",9,$0.1140
ATL,AAL,"3,454",$613.30,"4,587 mi",9,$0.1337
TPA,PRN,"3,453",$608.17,"5,730 mi",9,$0.1061
DEN,BEG,"3,450",$768.93,"5,494 mi",9,$0.1400
ORD,CPR,"3,450",$347.92,919 mi,9,$0.3786
MCI,DLH,"3,450",$314.47,552 mi,9,$0.5697
BNA,SXM,"3,449",$431.17,"1,847 mi",9,$0.2334
MIA,CUU,"3,449",$270.08,"1,635 mi",9,$0.1652
SEA,BIO,"3,449","$1,156.87","5,317 mi",9,$0.2176
MEM,HPN,"3,448",$241.47,"1,005 mi",9,$0.2403
DEN,PMI,"3,447",$892.68,"5,454 mi",9,$0.1637
DTW,HEL,"3,447",$671.74,"4,417 mi",9,$0.1521
IAD,DAD,"3,447",$744.57,"8,360 mi",9,$0.0891
ONT,FRA,"3,446",$572.07,"5,588 mi",9,$0.1024
PHL,BQN,"3,446",$124.97,"1,507 mi",9,$0.0829
SAN,DLH,"3,446",$306.27,"1,684 mi",9,$0.1819
ONT,MGA,"3,445",$349.77,"2,563 mi",9,$0.1365
SEA,KKJ,"3,444",$959.37,"5,378 mi",9,$0.1784
ATL,CEB,"3,444",$810.35,"8,606 mi",9,$0.0942
ATL,ABI,"3,443",$261.57,914 mi,9,$0.2862
LAX,ELM,"3,443",$368.92,"2,236 mi",9,$0.1650
TPA,BFL,"3,442",$411.43,"2,129 mi",9,$0.1933
MEM,PVG,"3,442","$1,769.49","7,196 mi",9,$0.2459
LAX,AUH,"3,441","$1,569.82","8,628 mi",9,$0.1819
JFK,NGB,"3,440","$1,184.34","7,247 mi",9,$0.1634
ORD,TRC,"3,440",$221.55,"1,480 mi",9,$0.1497
BWI,UIO,"3,439",$351.60,"2,799 mi",9,$0.1256
JAX,GRU,"3,439",$950.13,"4,528 mi",9,$0.2098
PHX,COK,"3,439",$578.74,"9,093 mi",9,$0.0636
BOS,AYT,"3,437",$442.10,"4,927 mi",9,$0.0897
IAD,ADE,"3,437",$353.57,"7,072 mi",9,$0.0500
FLL,GHB,"3,436",$87.09,237 mi,9,$0.3675
IAH,CAN,"3,436","$1,012.73","8,039 mi",9,$0.1260
JFK,NWI,"3,435",$923.76,"3,592 mi",9,$0.2572
LAX,SKB,"3,435",$592.23,"3,500 mi",9,$0.1692
LAS,YDF,"3,434",$437.47,"2,903 mi",9,$0.1507
IAD,MGM,"3,433",$322.89,660 mi,9,$0.4892
IAH,FAY,"3,433",$306.63,987 mi,9,$0.3107
IAH,GDN,"3,431",$611.51,"5,573 mi",9,$0.1097
IAD,EGE,"3,430",$530.94,"1,616 mi",9,$0.3286
PHX,FAY,"3,429",$342.16,"1,830 mi",9,$0.1870
BNA,SLP,"3,429",$312.50,"1,323 mi",9,$0.2362
MSP,AGP,"3,429",$716.84,"4,307 mi",9,$0.1664
BOS,BFL,"3,428",$458.34,"2,671 mi",9,$0.1716
SAT,XPL,"3,428",$321.68,"1,212 mi",9,$0.2654
ATL,LAL,"3,426",$150.31,399 mi,9,$0.3767
IAH,HLN,"3,426",$326.48,"1,410 mi",9,$0.2315
PDX,STT,"3,425",$447.95,"3,654 mi",9,$0.1226
DCA,AKL,"3,425","$1,503.41","8,367 mi",9,$0.1797
JFK,RUN,"3,424",$685.53,"8,908 mi",9,$0.0770
LEX,SJC,"3,424",$378.37,"2,088 mi",9,$0.1812
CLE,EZE,"3,423","$1,246.04","5,307 mi",9,$0.2348
STL,MLB,"3,423",$331.62,896 mi,9,$0.3701
SAN,HEL,"3,422",$849.04,"5,489 mi",9,$0.1547
MSP,BHX,"3,421",$734.49,"3,802 mi",9,$0.1932
MIA,GOI,"3,420",$681.15,"9,374 mi",9,$0.0727
MIA,YAM,"3,420",$459.42,"1,405 mi",9,$0.3270
TPA,QRO,"3,419",$308.82,"1,184 mi",9,$0.2608
IAH,TRC,"3,418",$231.13,563 mi,9,$0.4105
FLL,SNN,"3,418",$517.08,"3,910 mi",9,$0.1322
LAX,BMI,"3,418",$352.48,"1,726 mi",9,$0.2042
SAN,CRW,"3,418",$352.92,"2,087 mi",9,$0.1691
SEA,MTJ,"3,415",$290.10,924 mi,9,$0.3140
DEN,MQT,"3,414",$290.43,"1,006 mi",9,$0.2887
DEN,SIT,"3,413",$467.27,"1,868 mi",9,$0.2501
MSY,SIN,"3,413","$1,775.14","10,377 mi",9,$0.1711
ORD,SOU,"3,413",$351.15,"4,042 mi",9,$0.0869
DFW,TLS,"3,412",$795.91,"4,918 mi",9,$0.1618
DCA,COU,"3,411",$315.32,840 mi,9,$0.3754
SLC,MLB,"3,411",$539.33,"2,033 mi",9,$0.2653
LAS,HDN,"3,410",$271.85,542 mi,9,$0.5016
LAX,NQZ,"3,410",$400.10,"6,731 mi",9,$0.0594
ORD,SIT,"3,410",$529.03,"2,378 mi",9,$0.2225
PDX,MLI,"3,410",$364.49,"1,573 mi",9,$0.2317
MSP,CNX,"3,409",$691.63,"7,733 mi",9,$0.0894
DEN,CLL,"3,408",$256.02,769 mi,9,$0.3329
LAS,SIT,"3,408",$410.44,"1,775 mi",9,$0.2312
JFK,UBJ,"3,407","$1,210.32","6,832 mi",9,$0.1772
PIT,TPE,"3,406","$1,134.53","7,932 mi",9,$0.1430
SAT,MXP,"3,406",$769.10,"5,366 mi",9,$0.1433
ANC,IDA,"3,405",$474.82,"1,908 mi",9,$0.2489
JFK,MRY,"3,405",$290.90,"2,655 mi",9,$0.1096
SEA,CWA,"3,405",$348.33,"1,610 mi",9,$0.2164
SLC,PIA,"3,405",$348.05,"1,199 mi",9,$0.2903
ORD,MXL,"3,405",$163.87,"1,675 mi",9,$0.0978
BOS,CWA,"3,404",$327.59,919 mi,9,$0.3565
MCI,DEL,"3,404",$748.24,"7,486 mi",9,$0.1000
EWR,JMK,"3,404",$994.72,"5,176 mi",9,$0.1922
HNL,FAY,"3,404",$647.06,"4,931 mi",9,$0.1312
DEN,SOF,"3,403",$673.08,"6,051 mi",9,$0.1112
ORD,TLL,"3,403",$345.10,"4,326 mi",9,$0.0798
TPA,MEL,"3,403","$1,859.12","9,347 mi",9,$0.1989
ORD,CTS,"3,402","$1,068.60","5,994 mi",9,$0.1783
LEX,ELP,"3,402",$350.29,"1,343 mi",9,$0.2608
BOS,CKG,"3,401",$917.65,"7,230 mi",9,$0.1269
DEN,VEL,"3,401",$100.93,267 mi,9,$0.3780
ATL,CCU,"3,401",$852.74,"8,263 mi",9,$0.1032
SFO,BAQ,"3,400",$303.60,"3,366 mi",9,$0.0902
ATL,SPU,"3,399",$841.30,"4,985 mi",9,$0.1688
TPA,SPU,"3,399",$563.94,"5,480 mi",9,$0.1029
CVG,IST,"3,399",$820.41,"5,322 mi",9,$0.1542
EWR,CHO,"3,399",$268.67,280 mi,9,$0.9595
IAH,MVD,"3,399","$1,783.46","5,313 mi",9,$0.3357
ORD,SVD,"3,399",$458.81,"2,478 mi",9,$0.1852
SEA,CRW,"3,399",$419.05,"2,190 mi",9,$0.1913
JFK,OIT,"3,397","$1,317.74","6,851 mi",9,$0.1923
SFO,TAK,"3,397","$2,224.37","5,300 mi",9,$0.4197
BUR,HRL,"3,396",$242.82,"1,390 mi",9,$0.1747
SAN,BGR,"3,396",$351.49,"2,611 mi",9,$0.1346
DFW,LYS,"3,395",$662.96,"5,308 mi",9,$0.1249
STL,ZAG,"3,394",$362.54,"4,885 mi",9,$0.0742
FLL,VIX,"3,393",$568.77,"4,045 mi",9,$0.1406
SAT,MHK,"3,393",$255.33,652 mi,9,$0.3916
BOS,BRE,"3,392",$932.42,"3,693 mi",9,$0.2525
TPA,AGP,"3,392",$658.03,"4,606 mi",9,$0.1429
LAS,DPS,"3,391","$1,081.24","9,026 mi",9,$0.1198
SFO,ESB,"3,391",$783.96,"6,638 mi",9,$0.1181
PDX,BNE,"3,390","$1,117.57","7,506 mi",9,$0.1489
FLL,MTJ,"3,389",$446.93,"1,879 mi",9,$0.2379
SFO,HRB,"3,389",$631.37,"5,439 mi",9,$0.1161
STL,DEL,"3,389",$973.21,"7,947 mi",9,$0.1225
MCI,MOT,"3,389",$314.47,721 mi,9,$0.4362
MSP,TLS,"3,389","$1,063.09","4,256 mi",9,$0.2498
EWR,SZG,"3,388","$1,301.16","4,231 mi",9,$0.3075
LAS,RDD,"3,388",$208.10,478 mi,9,$0.4354
CVG,AEX,"3,386",$378.21,715 mi,9,$0.5290
DEN,OAJ,"3,386",$268.94,"1,566 mi",9,$0.1717
ORD,VVI,"3,386",$475.21,"4,544 mi",9,$0.1046
FLL,FAY,"3,385",$153.94,640 mi,9,$0.2405
SFO,HER,"3,385",$928.14,"7,194 mi",9,$0.1290
ORD,IWD,"3,380",$98.02,323 mi,9,$0.3035
TPA,YDF,"3,380",$301.48,"1,921 mi",9,$0.1569
AUS,YYJ,"3,380",$331.18,"1,802 mi",9,$0.1838
DTW,NUE,"3,379",$583.08,"4,136 mi",9,$0.1410
STL,BER,"3,379",$939.57,"4,809 mi",9,$0.1954
SFO,ALA,"3,379",$629.49,"6,912 mi",9,$0.0911
DAL,ICT,"3,379",$201.43,344 mi,9,$0.5856
MCO,FNC,"3,378",$786.90,"3,905 mi",9,$0.2015
ATL,NWI,"3,377","$1,573.09","4,117 mi",9,$0.3821
RDU,GRK,"3,376",$294.80,"1,110 mi",9,$0.2656
RDU,SCE,"3,376",$237.81,337 mi,9,$0.7057
SDF,ISP,"3,376",$211.55,718 mi,9,$0.2946
IAH,COU,"3,375",$307.13,655 mi,9,$0.4689
JFK,DYU,"3,375",$625.81,"6,672 mi",9,$0.0938
IAH,NCL,"3,374","$1,134.95","4,543 mi",9,$0.2498
SEA,ISB,"3,374",$748.59,"6,559 mi",9,$0.1141
DTW,COK,"3,373",$600.56,"8,856 mi",9,$0.0678
PIT,BFL,"3,373",$385.80,"2,062 mi",9,$0.1871
MCO,CMI,"3,371",$239.31,868 mi,9,$0.2757
SEA,SXM,"3,371",$760.19,"3,994 mi",9,$0.1903
EWR,CFU,"3,370",$559.03,"4,842 mi",9,$0.1155
MSY,SCL,"3,370",$769.79,"4,423 mi",9,$0.1740
ATL,KWI,"3,370",$812.55,"6,881 mi",9,$0.1181
MEM,MAD,"3,370",$934.07,"4,402 mi",9,$0.2122
CLT,EWN,"3,369",$172.47,228 mi,9,$0.7564
LAX,KHN,"3,369",$475.83,"6,626 mi",9,$0.0718
DTW,BLQ,"3,367",$753.27,"4,600 mi",9,$0.1638
EWR,IBZ,"3,367","$1,128.73","3,998 mi",9,$0.2823
ORD,BSZ,"3,367",$610.61,"6,654 mi",9,$0.0918
ORD,KTW,"3,367",$369.57,"4,544 mi",9,$0.0813
ORD,PER,"3,366","$2,026.86","11,283 mi",9,$0.1796
BNA,AKL,"3,366","$1,544.45","8,310 mi",9,$0.1859
LEX,BUF,"3,365",$273.45,472 mi,9,$0.5793
STL,HAV,"3,365",$197.03,"1,149 mi",9,$0.1715
MCO,ALC,"3,364",$653.16,"4,427 mi",9,$0.1475
BOS,FUK,"3,363","$1,299.96","6,806 mi",9,$0.1910
MCO,SKB,"3,363",$365.49,"1,450 mi",9,$0.2521
LAX,KWE,"3,362",$586.70,"7,533 mi",9,$0.0779
IAD,CUR,"3,361",$344.07,"1,979 mi",9,$0.1739
LGA,SBP,"3,361",$410.75,"2,468 mi",9,$0.1664
DCA,BRO,"3,361",$309.85,"1,526 mi",9,$0.2030
MSP,CEB,"3,361",$597.74,"8,212 mi",9,$0.0728
BNA,DRO,"3,360",$292.37,"1,133 mi",9,$0.2580
SFO,WNZ,"3,359",$924.68,"6,144 mi",9,$0.1505
MCO,CZM,"3,359",$256.62,671 mi,9,$0.3824
HNL,SJD,"3,358",$419.02,"3,163 mi",9,$0.1325
MEM,EUG,"3,358",$369.78,"1,807 mi",9,$0.2046
ORD,BRE,"3,358","$1,045.25","4,352 mi",9,$0.2402
SAN,CAK,"3,358",$374.17,"1,980 mi",9,$0.1890
OGG,LNY,"3,357",$58.79,34 mi,9,$1.7291
SFO,NNG,"3,357",$525.57,"7,350 mi",9,$0.0715
BOS,ITO,"3,357",$516.03,"5,164 mi",9,$0.0999
JFK,KMJ,"3,356","$1,479.63","6,908 mi",9,$0.2142
PIT,MFR,"3,356",$313.55,"2,255 mi",9,$0.1390
IAD,MLE,"3,355","$1,207.08","9,196 mi",9,$0.1313
TPA,CMN,"3,355",$585.49,"4,503 mi",9,$0.1300
DFW,RAK,"3,355",$849.40,"4,873 mi",9,$0.1743
MDW,GRR,"3,355",$106.86,133 mi,9,$0.8035
BWI,VCE,"3,354",$556.83,"4,456 mi",9,$0.1250
IAD,SUN,"3,354",$510.96,"1,982 mi",9,$0.2578
PHL,STI,"3,354",$234.68,"1,398 mi",9,$0.1679
DEN,BDA,"3,354",$489.51,"2,204 mi",9,$0.2221
DEN,TYR,"3,353",$252.10,754 mi,9,$0.3344
BNA,SCL,"3,352",$900.35,"4,764 mi",9,$0.1890
DTW,KHI,"3,352",$526.94,"7,209 mi",9,$0.0731
DEN,GFK,"3,352",$337.50,651 mi,9,$0.5184
ATL,TAE,"3,349","$1,176.61","7,394 mi",9,$0.1591
EWR,HOU,"3,349",$247.83,"1,452 mi",9,$0.1707
OGG,FSD,"3,348",$493.50,"3,620 mi",9,$0.1363
JFK,YXE,"3,348",$322.59,"1,791 mi",9,$0.1801
MSP,AVP,"3,348",$363.48,941 mi,9,$0.3863
PHX,FNT,"3,346",$295.95,"1,710 mi",9,$0.1731
SAT,CPH,"3,346",$466.74,"5,459 mi",9,$0.0855
SEA,BJL,"3,344",$521.37,"6,435 mi",9,$0.0810
SEA,GYE,"3,344",$483.15,"4,148 mi",9,$0.1165
DTW,POP,"3,343",$296.40,"1,670 mi",9,$0.1775
MCI,AVP,"3,343",$342.36,978 mi,9,$0.3501
DFW,KGL,"3,343",$530.18,"8,158 mi",9,$0.0650
SFO,UVF,"3,343",$644.01,"3,964 mi",9,$0.1625
MCO,NCL,"3,342",$557.56,"4,359 mi",9,$0.1279
PHX,DUS,"3,342",$704.09,"5,342 mi",9,$0.1318
AUS,MBS,"3,342",$287.15,"1,222 mi",9,$0.2350
DTW,KWI,"3,342",$461.66,"6,412 mi",9,$0.0720
TPA,HAM,"3,342",$454.60,"4,926 mi",9,$0.0923
MSY,TLV,"3,341","$1,144.44","7,050 mi",9,$0.1623
SEA,BGW,"3,340",$396.08,"7,002 mi",9,$0.0566
DCA,LCH,"3,339",$313.44,"1,132 mi",9,$0.2769
MIA,YIA,"3,339",$817.08,"11,356 mi",9,$0.0720
SEA,GDN,"3,339","$1,032.31","5,189 mi",9,$0.1989
PDX,QRO,"3,338",$216.15,"2,207 mi",9,$0.0979
SLC,XWA,"3,337",$389.35,636 mi,9,$0.6122
DFW,GFK,"3,336",$385.70,"1,009 mi",9,$0.3823
SFO,CZM,"3,335",$330.96,"2,497 mi",9,$0.1325
CLE,DLH,"3,334",$312.45,654 mi,9,$0.4778
CLT,PHF,"3,334",$171.18,289 mi,9,$0.5923
EWR,YQM,"3,334",$242.05,586 mi,9,$0.4131
BNA,AZO,"3,333",$240.11,413 mi,9,$0.5814
MSY,PIA,"3,333",$265.19,760 mi,9,$0.3489
ANC,UNK,"3,332",$393.61,403 mi,9,$0.9767
MCO,MLA,"3,332",$861.78,"5,555 mi",9,$0.1551
BOS,YQR,"3,331",$336.62,"1,631 mi",9,$0.2064
OGG,BDL,"3,331",$676.41,"5,102 mi",9,$0.1326
PDX,FLR,"3,331",$833.00,"5,811 mi",9,$0.1433
MCO,JED,"3,330",$816.48,"6,956 mi",9,$0.1174
SLC,OKA,"3,329",$810.60,"6,244 mi",9,$0.1298
ATL,BIQ,"3,328","$1,602.68","4,475 mi",9,$0.3581
ONT,FWA,"3,328",$315.10,"1,773 mi",9,$0.1777
PHX,YXS,"3,328",$313.65,"1,461 mi",9,$0.2147
MIA,PKX,"3,327","$1,043.86","7,564 mi",9,$0.1380
SEA,SJJ,"3,327",$520.50,"5,519 mi",9,$0.0943
MIA,PAP,"3,324",$527.26,735 mi,9,$0.7174
PHL,SAP,"3,323",$211.26,"1,796 mi",9,$0.1176
JAX,EUG,"3,322",$377.81,"2,510 mi",9,$0.1505
JFK,GNV,"3,322",$247.40,868 mi,9,$0.2850
ORD,EBL,"3,322",$526.40,"6,050 mi",9,$0.0870
PHX,OAJ,"3,321",$313.07,"2,019 mi",9,$0.1551
SAT,CAK,"3,320",$305.54,"1,201 mi",9,$0.2544
PDX,GLA,"3,319",$491.25,"4,700 mi",9,$0.1045
LAX,PSA,"3,318",$686.80,"6,365 mi",9,$0.1079
IAD,BRE,"3,318",$712.96,"3,873 mi",9,$0.1841
JFK,OMA,"3,318",$294.83,"1,116 mi",9,$0.2642
PHX,OKA,"3,317",$841.00,"6,551 mi",9,$0.1284
MSY,BRO,"3,317",$238.21,504 mi,9,$0.4726
EWR,SGU,"3,316",$464.12,"2,053 mi",9,$0.2261
IAH,BAH,"3,316","$1,551.44","7,707 mi",9,$0.2013
AUS,DLH,"3,316",$303.50,"1,223 mi",9,$0.2482
ORD,VTE,"3,316",$630.27,"7,992 mi",9,$0.0789
SLC,GIG,"3,316",$955.42,"6,032 mi",9,$0.1584
STL,MTJ,"3,315",$265.20,973 mi,9,$0.2726
ONT,AVL,"3,314",$268.36,"2,041 mi",9,$0.1315
PHX,BEY,"3,314",$572.53,"7,553 mi",9,$0.0758
OGG,CHS,"3,314",$793.88,"4,542 mi",9,$0.1748
TPA,NBO,"3,314",$745.31,"7,803 mi",9,$0.0955
SLC,YLW,"3,314",$308.39,749 mi,9,$0.4117
MIA,TGD,"3,313",$554.21,"5,655 mi",9,$0.0980
IAH,HKT,"3,312",$721.16,"9,362 mi",9,$0.0770
HNL,LEX,"3,312",$683.42,"4,305 mi",9,$0.1588
PHX,OAX,"3,312",$264.10,"1,436 mi",9,$0.1839
LAX,DSS,"3,310",$990.63,"6,095 mi",9,$0.1625
SEA,BJX,"3,310",$386.85,"2,101 mi",9,$0.1841
AUS,SNN,"3,309",$659.37,"4,675 mi",9,$0.1410
DTW,CIU,"3,308",$176.11,293 mi,9,$0.6011
PIT,DLH,"3,308",$333.21,762 mi,9,$0.4373
AUS,CAK,"3,307",$337.63,"1,207 mi",9,$0.2797
MCI,GJT,"3,307",$246.64,717 mi,9,$0.3440
MCO,DAD,"3,307",$588.98,"9,577 mi",9,$0.0615
SFO,TLL,"3,307",$766.99,"5,311 mi",9,$0.1444
ORD,STS,"3,306",$358.38,"1,788 mi",9,$0.2004
SEA,AEX,"3,305",$400.21,"1,979 mi",9,$0.2022
CLE,YEG,"3,304",$325.68,"1,628 mi",9,$0.2000
RDU,HDN,"3,304",$272.10,"1,617 mi",9,$0.1683
IAH,GYD,"3,302","$1,387.24","7,301 mi",9,$0.1900
LAS,MTJ,"3,300",$271.01,446 mi,9,$0.6076
SFO,GOA,"3,300",$650.94,"5,823 mi",9,$0.1118
PDX,GNV,"3,300",$391.59,"2,358 mi",9,$0.1661
PHL,DRO,"3,300",$382.14,"1,811 mi",9,$0.2110
MIA,NQZ,"3,299",$462.46,"6,651 mi",9,$0.0695
JFK,BHM,"3,298",$341.59,839 mi,9,$0.4071
JFK,RBA,"3,298",$794.37,"3,730 mi",9,$0.2130
MCO,HRE,"3,298",$794.83,"8,379 mi",9,$0.0949
PHX,HAN,"3,297",$761.86,"7,676 mi",9,$0.0993
JFK,MAF,"3,296",$197.71,"1,633 mi",9,$0.1211
DEN,ITH,"3,296",$280.96,"1,515 mi",9,$0.1855
SJC,AMA,"3,296",$319.72,"1,168 mi",9,$0.2737
CLT,DRO,"3,295",$298.47,"1,541 mi",9,$0.1937
MEM,MOB,"3,295",$302.56,327 mi,9,$0.9253
MSP,SCE,"3,295",$332.89,850 mi,9,$0.3916
LEX,FCO,"3,294",$562.83,"4,987 mi",9,$0.1129
MIA,YQR,"3,294",$321.14,"2,072 mi",9,$0.1550
BNA,CWA,"3,294",$308.79,599 mi,9,$0.5155
DTW,CZM,"3,294",$620.51,"1,558 mi",9,$0.3983
SFO,JRO,"3,293","$1,318.15","9,448 mi",9,$0.1395
BOS,NTE,"3,290",$782.94,"3,406 mi",9,$0.2299
OGG,MUC,"3,290",$772.84,"7,368 mi",9,$0.1049
PDX,MTJ,"3,289",$367.12,924 mi,9,$0.3973
SFO,ALC,"3,289",$545.24,"6,200 mi",9,$0.0879
BWI,EVV,"3,289",$300.66,573 mi,9,$0.5247
LAS,KTN,"3,289",$413.93,"1,590 mi",9,$0.2603
MCI,TPE,"3,289",$938.85,"7,643 mi",9,$0.1228
BWI,EDI,"3,288",$410.37,"3,530 mi",9,$0.1163
MSP,KRK,"3,288",$687.59,"4,604 mi",9,$0.1493
SJC,CHA,"3,287",$294.42,"1,980 mi",9,$0.1487
LAS,YXJ,"3,287",$203.44,"1,460 mi",9,$0.1393
PHL,AEX,"3,287",$339.96,"1,100 mi",9,$0.3091
ONT,GRK,"3,286",$311.11,"1,133 mi",9,$0.2746
SFO,GDN,"3,286","$1,019.98","5,839 mi",9,$0.1747
PIT,ARN,"3,286",$582.56,"4,242 mi",9,$0.1373
LAS,SUN,"3,285",$301.19,530 mi,9,$0.5683
PDX,YLW,"3,285",$260.56,347 mi,9,$0.7509
MIA,BDS,"3,285",$678.82,"5,315 mi",9,$0.1277
SEA,MGA,"3,284",$414.12,"3,306 mi",9,$0.1253
MCO,FAO,"3,284",$499.10,"4,075 mi",9,$0.1225
RDU,AGS,"3,283",$261.99,242 mi,9,$1.0826
PIT,AMA,"3,282",$279.86,"1,260 mi",9,$0.2221
SDF,CHA,"3,281",$271.16,212 mi,9,$1.2791
BOS,PSA,"3,278",$491.68,"3,817 mi",9,$0.1288
EWR,ISB,"3,277",$511.65,"6,686 mi",9,$0.0765
RDU,AKL,"3,277","$1,389.26","8,710 mi",9,$0.1595
FLL,PEI,"3,276",$229.72,"1,543 mi",9,$0.1489
IAH,TIA,"3,276",$499.51,"5,819 mi",9,$0.0858
SEA,NUE,"3,276",$589.33,"5,338 mi",9,$0.1104
JAX,VIE,"3,275",$759.18,"4,881 mi",9,$0.1555
SEA,AGU,"3,274",$215.74,"2,034 mi",9,$0.1061
CLE,BLR,"3,273","$1,050.98","8,697 mi",9,$0.1208
FLL,OAJ,"3,273",$174.45,605 mi,9,$0.2883
SAN,MTY,"3,273",$353.09,"1,168 mi",9,$0.3023
BNA,LRD,"3,272",$236.29,926 mi,9,$0.2552
HNL,FCA,"3,272",$486.91,"2,947 mi",9,$0.1652
JAX,BGI,"3,272",$255.16,"1,913 mi",9,$0.1334
LAS,TWF,"3,269",$286.78,457 mi,9,$0.6275
BOS,CGB,"3,268",$747.00,"3,995 mi",9,$0.1870
EWR,BLL,"3,267",$722.66,"3,615 mi",9,$0.1999
EWR,GOH,"3,267",$845.98,"1,801 mi",9,$0.4697
BOS,SGU,"3,267",$395.27,"2,200 mi",9,$0.1797
SLC,LYS,"3,267",$863.69,"5,151 mi",9,$0.1677
BOS,DRO,"3,266",$374.65,"1,910 mi",9,$0.1962
HNL,AXT,"3,265",$344.45,"3,702 mi",9,$0.0930
SAN,MTJ,"3,264",$235.43,676 mi,9,$0.3483
ATL,DAR,"3,264",$588.72,"8,150 mi",9,$0.0722
LAX,IFN,"3,264",$614.19,"8,019 mi",9,$0.0766
SAT,PLS,"3,264",$366.53,"1,662 mi",9,$0.2205
ATL,CWB,"3,263",$923.28,"4,838 mi",9,$0.1908
JAX,NAP,"3,263",$769.06,"5,004 mi",9,$0.1537
AUS,LNK,"3,263",$308.40,716 mi,9,$0.4307
MCO,ABZ,"3,263",$472.10,"4,064 mi",9,$0.1162
MDW,DSM,"3,263",$162.94,314 mi,9,$0.5189
TPA,BAH,"3,261",$861.19,"7,794 mi",9,$0.1105
BOS,OKA,"3,261","$1,066.00","7,325 mi",9,$0.1455
CLE,BIL,"3,260",$289.14,"1,322 mi",9,$0.2187
LGA,MXP,"3,260",$330.57,"4,102 mi",9,$0.0806
PIT,BKK,"3,260","$1,011.45","8,432 mi",9,$0.1200
STL,MOT,"3,260",$232.98,827 mi,9,$0.2817
LAX,GOA,"3,259",$598.87,"5,908 mi",9,$0.1014
PIT,PIA,"3,259",$257.87,481 mi,9,$0.5361
CLE,MFR,"3,258",$312.52,"2,153 mi",9,$0.1452
EWR,EVN,"3,255",$536.65,"5,480 mi",9,$0.0979
PHX,EKO,"3,255",$360.13,534 mi,9,$0.6744
LAS,BRO,"3,254",$289.27,"1,222 mi",9,$0.2367
ATL,HLN,"3,252",$444.02,"1,645 mi",9,$0.2699
MCO,CUU,"3,252",$292.28,"1,449 mi",9,$0.2017
SDF,AVL,"3,252",$226.75,251 mi,9,$0.9034
DTW,STX,"3,251",$356.67,"2,075 mi",9,$0.1719
SLC,FLG,"3,250",$253.96,403 mi,9,$0.6302
PHX,BQN,"3,250",$391.82,"3,034 mi",9,$0.1291
PIT,BIS,"3,250",$300.63,"1,077 mi",9,$0.2791
EWR,SVG,"3,249",$729.83,"3,427 mi",9,$0.2130
SFO,KOJ,"3,249","$2,058.53","5,546 mi",9,$0.3712
ATL,POZ,"3,249",$919.09,"4,700 mi",9,$0.1956
JFK,NGS,"3,248","$2,512.20","6,920 mi",9,$0.3630
HOU,LHR,"3,248",$923.38,"4,983 mi",9,$0.1853
CVG,HHH,"3,247",$218.96,506 mi,9,$0.4327
PHL,MEL,"3,247","$2,656.65","9,981 mi",9,$0.2662
PHX,PPT,"3,247","$1,332.16","4,436 mi",9,$0.3003
SEA,EBB,"3,247",$648.36,"9,086 mi",9,$0.0714
SEA,GST,"3,246",$348.74,910 mi,9,$0.3832
CLE,UIO,"3,246",$439.10,"2,964 mi",9,$0.1481
DFW,ELM,"3,246",$424.70,"1,309 mi",9,$0.3244
DFW,TGZ,"3,246",$152.57,"1,191 mi",9,$0.1281
ATL,MID,"3,244",$315.83,962 mi,9,$0.3283
BWI,TRI,"3,244",$284.64,375 mi,9,$0.7590
CLE,CRP,"3,244",$286.28,"1,331 mi",9,$0.2151
CLT,YWG,"3,244",$376.66,"1,344 mi",9,$0.2803
MSY,IST,"3,244",$876.32,"6,347 mi",9,$0.1381
PDX,DAD,"3,244",$487.03,"6,913 mi",9,$0.0705
LAS,CGK,"3,243","$1,472.96","9,353 mi",9,$0.1575
SDF,PVR,"3,243",$334.27,"1,728 mi",9,$0.1934
HNL,OIT,"3,242",$478.73,"4,187 mi",9,$0.1143
ATL,ABJ,"3,242",$740.55,"5,635 mi",9,$0.1314
AUS,CPT,"3,241","$1,256.03","8,494 mi",9,$0.1479
MCI,SAP,"3,241",$257.96,"1,647 mi",9,$0.1566
LGA,CZM,"3,240",$235.89,"1,548 mi",9,$0.1524
SAN,OTP,"3,239",$633.14,"6,817 mi",9,$0.0929
MSP,LCY,"3,239",$873.24,"3,899 mi",9,$0.2240
AUS,CMI,"3,238",$260.66,836 mi,9,$0.3118
MIA,BMI,"3,238",$328.52,"1,163 mi",9,$0.2825
MSP,MQT,"3,238",$217.69,290 mi,9,$0.7507
MCO,FSM,"3,237",$287.31,874 mi,9,$0.3287
STL,GJT,"3,237",$277.33,945 mi,9,$0.2935
HNL,BER,"3,236",$409.05,"7,538 mi",9,$0.0543
DFW,NUE,"3,236",$735.79,"5,087 mi",9,$0.1446
SFO,MLB,"3,236",$370.25,"2,413 mi",9,$0.1534
EWR,MBS,"3,235",$266.82,528 mi,9,$0.5053
JFK,YYJ,"3,235",$458.65,"2,531 mi",9,$0.1812
SAN,CWA,"3,235",$289.64,"1,638 mi",9,$0.1768
AUS,HEL,"3,234",$890.76,"5,558 mi",9,$0.1603
STL,YWG,"3,234",$437.96,867 mi,9,$0.5051
BOS,GTF,"3,234",$342.20,"1,924 mi",9,$0.1779
LAX,LRD,"3,233",$364.23,"1,242 mi",9,$0.2933
SJC,MDT,"3,233",$377.27,"2,342 mi",9,$0.1611
BOS,ALA,"3,232",$550.89,"6,005 mi",9,$0.0917
CLE,IST,"3,232",$868.10,"5,425 mi",9,$0.1600
MCO,TIA,"3,231",$450.84,"5,302 mi",9,$0.0850
EWR,CLJ,"3,230",$646.12,"4,708 mi",9,$0.1372
CLT,DBV,"3,228",$823.95,"5,189 mi",9,$0.1588
IAH,STR,"3,228",$860.20,"5,134 mi",9,$0.1675
PHL,BMI,"3,227",$313.18,700 mi,9,$0.4474
SAN,PUS,"3,227",$917.45,"6,269 mi",9,$0.1463
JFK,JAN,"3,227",$269.63,"1,102 mi",9,$0.2447
LAX,OIT,"3,227",$885.12,"5,751 mi",9,$0.1539
HNL,CNS,"3,226",$620.58,"4,499 mi",9,$0.1379
SLC,EVV,"3,226",$446.79,"1,275 mi",9,$0.3504
SAN,GCM,"3,226",$471.15,"2,468 mi",9,$0.1909
CLT,CRW,"3,225",$233.07,214 mi,9,$1.0891
SAN,RDD,"3,225",$282.70,625 mi,9,$0.4523
CLT,EIS,"3,224",$623.69,"1,579 mi",9,$0.3950
LAS,YSJ,"3,223",$434.17,"2,694 mi",9,$0.1612
SFO,SAH,"3,223",$533.87,"8,926 mi",9,$0.0598
PDX,BLI,"3,222",$291.55,228 mi,9,$1.2787
DTW,HAN,"3,222","$1,010.39","7,775 mi",9,$0.1300
MCO,MHH,"3,222",$212.74,282 mi,9,$0.7544
HNL,IZO,"3,221",$443.29,"4,361 mi",9,$0.1016
PHL,DUS,"3,221",$589.95,"3,947 mi",9,$0.1495
JFK,OKJ,"3,220","$1,912.69","7,147 mi",9,$0.2676
CLE,CPH,"3,219",$623.11,"3,964 mi",9,$0.1572
DFW,PPT,"3,219","$1,549.90","5,065 mi",9,$0.3060
MCI,BOG,"3,219",$361.03,"2,633 mi",9,$0.1371
AUS,OAX,"3,218",$293.89,886 mi,9,$0.3317
BOS,KTI,"3,218",$462.12,"8,976 mi",9,$0.0515
MEM,CAK,"3,218",$270.40,634 mi,9,$0.4265
LAX,PUW,"3,217",$280.44,914 mi,9,$0.3068
SFO,LAN,"3,217",$307.60,"1,949 mi",9,$0.1578
BWI,YUL,"3,217",$248.64,474 mi,9,$0.5246
PDX,NCE,"3,217",$915.25,"5,380 mi",9,$0.1701
ATL,CSG,"3,213",$73.55,81 mi,9,$0.9080
HNL,KKJ,"3,213",$479.93,"4,484 mi",9,$0.1070
FLL,GDL,"3,212",$348.07,"1,471 mi",9,$0.2366
SEA,LHE,"3,212",$576.42,"6,676 mi",9,$0.0863
MCO,BLL,"3,211",$520.91,"4,773 mi",9,$0.1091
JFK,KMQ,"3,210","$1,544.07","6,983 mi",9,$0.2211
OGG,CID,"3,209",$473.08,"3,864 mi",9,$0.1224
EWR,ELH,"3,208",$415.56,"1,093 mi",9,$0.3802
BOS,CTS,"3,207","$1,686.06","6,399 mi",9,$0.2635
IAH,OKA,"3,207",$875.72,"7,854 mi",9,$0.1115
SDF,MFE,"3,207",$349.41,"1,136 mi",9,$0.3076
IAD,GJT,"3,207",$418.37,"1,709 mi",9,$0.2448
SAT,SDQ,"3,207",$317.15,"2,025 mi",9,$0.1566
FLL,LAN,"3,206",$212.39,"1,146 mi",9,$0.1853
TPA,SKB,"3,206",$302.83,"1,503 mi",9,$0.2015
SAT,SCL,"3,203",$849.16,"4,850 mi",9,$0.1751
CLT,LOS,"3,203",$508.50,"5,464 mi",9,$0.0931
PDX,CRP,"3,203",$316.44,"1,898 mi",9,$0.1667
DFW,TWF,"3,202",$364.97,"1,193 mi",9,$0.3059
JAX,XPL,"3,201",$424.67,"1,134 mi",9,$0.3745
MIA,YDF,"3,200",$274.41,"1,970 mi",9,$0.1393
MSP,ISP,"3,200",$263.30,"1,087 mi",9,$0.2422
MCO,SVQ,"3,199","$1,006.66","4,432 mi",9,$0.2271
MEM,CRW,"3,199",$293.08,502 mi,9,$0.5838
STL,FLR,"3,199",$755.74,"5,075 mi",9,$0.1489
JAX,CAE,"3,199",$292.71,233 mi,9,$1.2563
MIA,YLW,"3,198",$413.70,"2,579 mi",9,$0.1604
ONT,PWM,"3,197",$311.42,"2,670 mi",9,$0.1166
MSP,EGE,"3,195",$338.56,811 mi,9,$0.4175
DFW,CMB,"3,195",$931.21,"9,950 mi",9,$0.0936
PDX,CPR,"3,195",$291.48,843 mi,9,$0.3458
PHX,JED,"3,194",$602.82,"8,426 mi",9,$0.0715
DEN,BIH,"3,193",$241.21,781 mi,9,$0.3088
SFO,KWJ,"3,193",$425.19,"5,909 mi",9,$0.0720
SFO,VER,"3,193",$302.50,"2,089 mi",9,$0.1448
MEM,MUC,"3,192",$874.12,"4,788 mi",9,$0.1826
DFW,ZAG,"3,192",$675.08,"5,418 mi",9,$0.1246
MIA,DRO,"3,192",$367.35,"1,844 mi",9,$0.1992
ORD,LAP,"3,192",$193.34,"1,839 mi",9,$0.1051
AUS,OSL,"3,191",$699.16,"4,869 mi",9,$0.1436
DTW,BHX,"3,191",$812.75,"3,568 mi",9,$0.2278
MIA,BHX,"3,190",$543.06,"4,484 mi",9,$0.1211
SLC,PEK,"3,190","$1,260.25","5,889 mi",9,$0.2140
BOS,NGO,"3,189","$1,584.37","6,614 mi",9,$0.2395
MSY,EGE,"3,189",$407.07,"1,188 mi",9,$0.3427
DTW,AEX,"3,188",$342.08,880 mi,9,$0.3887
MIA,MGM,"3,188",$251.00,564 mi,9,$0.4450
CLT,BMI,"3,188",$273.20,584 mi,9,$0.4678
MSY,BKK,"3,188",$904.69,"9,611 mi",9,$0.0941
DEN,GOT,"3,186",$954.14,"4,637 mi",9,$0.2058
TPA,WDH,"3,185",$424.01,"7,287 mi",9,$0.0582
IAH,CMB,"3,185",$800.56,"9,554 mi",9,$0.0838
DFW,AXA,"3,185","$1,009.16","2,405 mi",9,$0.4196
SAN,XRY,"3,185","$1,222.35","5,722 mi",9,$0.2136
IAH,AZO,"3,184",$307.82,976 mi,9,$0.3154
DFW,KBL,"3,184",$820.09,"7,922 mi",9,$0.1035
SFO,ASM,"3,184",$604.07,"8,326 mi",9,$0.0726
MCO,HAV,"3,182",$237.87,393 mi,9,$0.6053
LAX,SVD,"3,182",$452.05,"3,728 mi",9,$0.1213
MEM,FCA,"3,182",$336.88,"1,587 mi",9,$0.2123
PHL,KEF,"3,181",$443.72,"2,754 mi",9,$0.1611
CLT,LSE,"3,179",$322.79,787 mi,9,$0.4102
SAT,VER,"3,178",$213.17,754 mi,9,$0.2827
MDW,SJO,"3,178",$261.15,"2,273 mi",9,$0.1149
PDX,KTN,"3,177",$384.00,760 mi,9,$0.5053
PIT,SIN,"3,177","$2,416.15","9,247 mi",9,$0.2613
MIA,BFL,"3,177",$270.56,"2,454 mi",9,$0.1103
DEN,TLS,"3,176",$851.80,"4,906 mi",9,$0.1736
PDX,MAA,"3,176",$752.12,"8,390 mi",9,$0.0896
AUS,CUR,"3,175",$323.97,"2,150 mi",9,$0.1507
SFO,EBB,"3,175",$745.47,"9,661 mi",9,$0.0772
STL,TPE,"3,175",$925.15,"7,803 mi",9,$0.1186
DTW,NCL,"3,175","$1,039.64","3,718 mi",9,$0.2796
FLL,EVV,"3,174",$321.30,904 mi,9,$0.3554
BUR,YVR,"3,174",$312.47,"1,033 mi",9,$0.3025
MCO,VLC,"3,173",$747.65,"4,678 mi",9,$0.1598
MIA,MLU,"3,173",$283.18,871 mi,9,$0.3251
MCO,SOF,"3,172",$536.34,"5,755 mi",9,$0.0932
SEA,BLL,"3,172",$766.00,"4,917 mi",9,$0.1558
ORD,LAF,"3,171",$99.99,115 mi,9,$0.8695
SAT,BZE,"3,171",$250.37,"1,017 mi",9,$0.2462
EWR,TRD,"3,170",$639.34,"3,718 mi",9,$0.1720
IAD,NIM,"3,170",$798.75,"5,237 mi",9,$0.1525
ORD,ESB,"3,170",$703.81,"5,495 mi",9,$0.1281
JAX,OAJ,"3,168",$248.91,393 mi,9,$0.6334
ONT,CDG,"3,167",$811.32,"5,792 mi",9,$0.1401
MIA,TBS,"3,167",$571.61,"6,412 mi",9,$0.0891
RDU,BMI,"3,166",$295.30,616 mi,9,$0.4794
DEN,BLL,"3,165",$577.64,"4,638 mi",9,$0.1245
BNA,MRY,"3,164",$385.96,"2,004 mi",9,$0.1926
CLE,MLB,"3,164",$273.38,950 mi,9,$0.2878
IAD,MDW,"3,164",$185.79,593 mi,9,$0.3133
LAS,LCH,"3,164",$264.04,"1,291 mi",9,$0.2045
AUS,COU,"3,164",$282.08,691 mi,9,$0.4082
JFK,KCZ,"3,163","$1,383.58","6,810 mi",9,$0.2032
BOS,GVR,"3,162",$547.63,"4,758 mi",9,$0.1151
CLE,TVC,"3,162",$284.17,306 mi,9,$0.9287
PHX,GFK,"3,162",$461.29,"1,226 mi",9,$0.3763
SAT,SYD,"3,161","$1,419.87","8,160 mi",9,$0.1740
CLT,AZO,"3,160",$239.65,561 mi,9,$0.4272
DTW,UIO,"3,160",$621.67,"3,030 mi",9,$0.2052
AUS,OTP,"3,160",$730.86,"5,991 mi",9,$0.1220
LAX,BAH,"3,160","$1,321.67","8,460 mi",9,$0.1562
LAX,EIS,"3,160","$1,153.55","3,569 mi",9,$0.3232
BOS,ROB,"3,159",$521.54,"4,577 mi",9,$0.1139
PDX,PEK,"3,159","$1,424.53","5,643 mi",9,$0.2524
IAD,IPT,"3,158",$107.38,156 mi,9,$0.6883
SJC,CRP,"3,158",$290.24,"1,516 mi",9,$0.1915
AUS,AGU,"3,158",$315.78,634 mi,9,$0.4981
LAS,BSL,"3,155",$563.56,"5,489 mi",9,$0.1027
SFO,CWB,"3,155",$732.97,"6,636 mi",9,$0.1105
PIT,BOG,"3,154",$374.01,"2,426 mi",9,$0.1542
DEN,SVQ,"3,153",$568.77,"5,178 mi",9,$0.1098
DFW,ITH,"3,153",$276.72,"1,340 mi",9,$0.2065
IAH,MLU,"3,152",$256.50,270 mi,9,$0.9500
LAX,INV,"3,152","$1,083.47","5,216 mi",9,$0.2077
IAD,DYU,"3,152","$1,768.55","6,472 mi",9,$0.2733
MSP,SAP,"3,151",$472.04,"2,119 mi",9,$0.2228
SEA,ABI,"3,150",$339.26,"1,623 mi",9,$0.2090
ATL,ELM,"3,149",$382.67,695 mi,9,$0.5506
JFK,ECP,"3,149",$267.53,950 mi,9,$0.2816
TPA,GTF,"3,149",$324.09,"1,990 mi",9,$0.1629
BOS,BRS,"3,149",$546.46,"3,260 mi",9,$0.1676
DFW,EBL,"3,148","$1,131.65","6,825 mi",9,$0.1658
JAX,MFR,"3,147",$353.91,"2,477 mi",9,$0.1429
SLC,EYW,"3,147",$420.70,"2,130 mi",9,$0.1975
MCI,MGA,"3,146",$304.92,"2,006 mi",9,$0.1520
RDU,POP,"3,146",$213.63,"1,183 mi",9,$0.1806
MEM,VCE,"3,145",$651.23,"4,914 mi",9,$0.1325
DEN,ZAG,"3,145",$567.48,"5,317 mi",9,$0.1067
OGG,LUP,"3,144",$30.18,42 mi,9,$0.7186
JAX,KEF,"3,144",$509.34,"3,518 mi",9,$0.1448
LAS,YFC,"3,143",$390.02,"2,659 mi",9,$0.1467
BOS,MID,"3,143",$355.44,"1,889 mi",9,$0.1882
PDX,PIA,"3,143",$307.86,"1,631 mi",9,$0.1888
SAT,PVG,"3,142","$1,532.53","7,703 mi",9,$0.1990
MCO,BOD,"3,142",$734.17,"4,292 mi",9,$0.1711
ANC,PUW,"3,139",$448.63,"1,688 mi",9,$0.2658
SDF,GDL,"3,139",$367.70,"1,657 mi",9,$0.2219
TPA,SCE,"3,138",$320.26,900 mi,9,$0.3558
IAH,DSS,"3,137",$822.41,"5,176 mi",9,$0.1589
JFK,VTZ,"3,136",$587.83,"8,386 mi",9,$0.0701
LGA,KIN,"3,135",$199.65,"1,636 mi",9,$0.1220
SFO,CJB,"3,135",$665.22,"9,112 mi",9,$0.0730
DFW,LSE,"3,134",$308.51,845 mi,9,$0.3651
ORD,AEX,"3,134",$317.20,756 mi,9,$0.4196
TPA,JTR,"3,134","$1,160.38","5,806 mi",9,$0.1999
CLT,SGU,"3,134",$339.18,"1,872 mi",9,$0.1812
HNL,GPT,"3,134",$677.64,"4,392 mi",9,$0.1543
IAH,SPU,"3,133",$719.76,"5,944 mi",9,$0.1211
SFO,TRI,"3,133",$429.54,"2,255 mi",9,$0.1905
MCO,IBZ,"3,133",$884.32,"4,510 mi",9,$0.1961
BWI,HDN,"3,132",$334.95,"1,568 mi",9,$0.2136
OGG,ZRH,"3,131",$687.70,"7,850 mi",9,$0.0876
MSY,MBS,"3,131",$315.61,965 mi,9,$0.3271
MEM,SBA,"3,130",$338.81,"1,741 mi",9,$0.1946
RDU,KRK,"3,129",$783.95,"4,850 mi",9,$0.1616
BOS,TBS,"3,129",$541.11,"5,233 mi",9,$0.1034
DAL,LHR,"3,129","$1,026.22","4,876 mi",9,$0.2105
JFK,DLA,"3,128",$395.55,"5,526 mi",9,$0.0716
PIT,YOW,"3,128",$345.61,394 mi,9,$0.8772
TPA,BSL,"3,127",$441.88,"4,965 mi",9,$0.0890
ONT,PVG,"3,126",$932.24,"6,695 mi",9,$0.1392
CVG,BOG,"3,125",$354.07,"2,389 mi",9,$0.1482
JFK,CWL,"3,125",$663.02,"3,425 mi",9,$0.1936
MSP,BJX,"3,125",$395.41,"1,767 mi",9,$0.2238
TPA,KRK,"3,125",$508.44,"5,421 mi",9,$0.0938
ORD,DMM,"3,124",$893.16,"6,781 mi",9,$0.1317
BWI,SCL,"3,124",$582.55,"5,179 mi",9,$0.1125
MIA,CGB,"3,123",$428.58,"3,194 mi",9,$0.1342
ONT,OAJ,"3,123",$285.79,"2,332 mi",9,$0.1226
LGA,RTB,"3,122",$323.44,"1,907 mi",9,$0.1696
PHL,SKG,"3,121",$577.22,"5,019 mi",9,$0.1150
SLC,DAB,"3,121",$434.89,"1,969 mi",9,$0.2209
PDX,OKA,"3,120",$875.57,"5,635 mi",9,$0.1554
SEA,MLB,"3,120",$450.78,"2,673 mi",9,$0.1686
LGA,OAJ,"3,120",$205.81,473 mi,9,$0.4351
MIA,HKT,"3,119",$999.63,"10,395 mi",9,$0.0962
CVG,TLV,"3,117","$1,069.77","6,367 mi",9,$0.1680
DEN,VLD,"3,117",$354.52,"1,396 mi",9,$0.2540
RDU,KIN,"3,116",$192.17,"1,209 mi",9,$0.1589
SAN,MBS,"3,116",$293.59,"1,990 mi",9,$0.1475
MIA,AYT,"3,116",$664.38,"6,396 mi",9,$0.1039
PIT,MGM,"3,116",$263.98,641 mi,9,$0.4118
LEX,NGO,"3,115","$2,408.22","6,542 mi",9,$0.3681
PIT,BGI,"3,115",$335.86,"2,341 mi",9,$0.1435
SFO,LCA,"3,115","$1,084.13","7,413 mi",9,$0.1462
LAX,CTM,"3,113",$354.95,"2,072 mi",9,$0.1713
TPA,CYB,"3,113",$181.76,615 mi,9,$0.2955
DFW,CNS,"3,113","$1,162.62","8,659 mi",9,$0.1343
EWR,DSS,"3,112",$405.01,"3,733 mi",9,$0.1085
SEA,TFU,"3,112",$600.40,"6,519 mi",9,$0.0921
TPA,YYJ,"3,111",$392.91,"2,514 mi",9,$0.1563
BNA,OSL,"3,110",$498.61,"4,468 mi",9,$0.1116
PDX,LNK,"3,110",$317.39,"1,375 mi",9,$0.2308
LAS,CTA,"3,109",$933.81,"6,247 mi",9,$0.1495
BNA,MBS,"3,108",$287.26,514 mi,9,$0.5589
ORD,SZG,"3,108","$1,216.73","4,447 mi",9,$0.2736
BNA,YYT,"3,107",$278.99,"1,955 mi",9,$0.1427
SAN,SJT,"3,107",$372.11,952 mi,9,$0.3909
MSP,CIU,"3,106",$164.41,446 mi,9,$0.3686
SFO,YKF,"3,106",$127.65,"2,151 mi",9,$0.0593
HNL,VCE,"3,106",$835.25,"8,011 mi",9,$0.1043
EWR,OAJ,"3,105",$221.38,459 mi,9,$0.4823
IAH,FSM,"3,105",$236.69,363 mi,9,$0.6520
DFW,NGO,"3,103","$2,976.67","6,401 mi",9,$0.4650
MEM,AUA,"3,103",$333.79,"2,056 mi",9,$0.1623
MEM,QRO,"3,103",$358.00,"1,209 mi",9,$0.2961
MSY,FAI,"3,102",$460.72,"3,315 mi",8,$0.1390
IAH,GND,"3,102",$933.62,"2,407 mi",8,$0.3879
ORD,INV,"3,101",$544.72,"3,745 mi",8,$0.1455
LAX,SYX,"3,101",$768.58,"7,877 mi",8,$0.0976
MSP,OTP,"3,100",$648.19,"5,069 mi",8,$0.1279
DFW,YXE,"3,100",$467.26,"1,460 mi",8,$0.3200
PHX,GLA,"3,099",$757.40,"5,100 mi",8,$0.1485
BOS,CMI,"3,099",$284.06,937 mi,8,$0.3032
MIA,WRO,"3,099",$603.19,"5,298 mi",8,$0.1139
DEN,ACT,"3,098",$219.32,685 mi,8,$0.3202
CVG,VIE,"3,096",$696.53,"4,585 mi",8,$0.1519
IAH,SOF,"3,096",$790.80,"5,906 mi",8,$0.1339
FLL,VIE,"3,096",$718.10,"5,034 mi",8,$0.1426
LEX,TUS,"3,094",$279.27,"1,584 mi",8,$0.1763
PHX,CUU,"3,094",$337.11,500 mi,8,$0.6742
SLC,ABI,"3,094",$272.06,920 mi,8,$0.2957
JAX,EZE,"3,094",$971.99,"4,901 mi",8,$0.1983
JFK,SAW,"3,093",$243.05,"5,177 mi",8,$0.0469
FLL,BIL,"3,092",$367.12,"2,135 mi",8,$0.1720
JAX,PVR,"3,092",$332.62,"1,661 mi",8,$0.2003
SEA,MBS,"3,091",$370.99,"1,796 mi",8,$0.2066
BOS,PER,"3,090","$2,269.97","11,970 mi",8,$0.1896
JFK,NAG,"3,090",$489.27,"7,592 mi",8,$0.0644
LAS,FSM,"3,090",$317.89,"1,200 mi",8,$0.2649
MCO,ZAG,"3,090",$434.73,"5,323 mi",8,$0.0817
LAX,REC,"3,089",$546.52,"5,977 mi",8,$0.0914
IAD,LAD,"3,089","$1,510.77","6,440 mi",8,$0.2346
LAX,MAO,"3,089",$627.43,"4,704 mi",8,$0.1334
ATL,TIA,"3,088",$364.29,"5,526 mi",8,$0.0659
BNA,MAA,"3,088",$787.61,"9,204 mi",8,$0.0856
ONT,ILM,"3,087",$333.01,"2,187 mi",8,$0.1523
RDU,LIN,"3,087",$910.34,"4,296 mi",8,$0.2119
IAD,BKO,"3,086",$980.85,"4,442 mi",8,$0.2208
LEX,JAN,"3,086",$269.42,487 mi,8,$0.5532
PDX,CHO,"3,085",$394.45,"2,367 mi",8,$0.1666
PHL,LYS,"3,085",$416.28,"4,035 mi",8,$0.1032
IAH,BLL,"3,085",$891.17,"4,898 mi",8,$0.1819
ORD,TUN,"3,084",$540.28,"5,089 mi",8,$0.1062
PDX,AUA,"3,084",$396.96,"3,703 mi",8,$0.1072
ONT,KIX,"3,083",$655.88,"5,935 mi",8,$0.1105
PIT,NCE,"3,082",$687.86,"4,141 mi",8,$0.1661
STL,HDN,"3,082",$266.85,931 mi,8,$0.2866
IAD,CTU,"3,081",$909.31,"7,861 mi",8,$0.1157
RDU,LAN,"3,081",$253.43,585 mi,8,$0.4332
SAN,HAN,"3,080","$1,064.53","7,985 mi",8,$0.1333
BOS,TLL,"3,078",$575.24,"3,832 mi",8,$0.1501
CLT,POS,"3,078",$268.90,"2,163 mi",8,$0.1243
MIA,NQN,"3,078",$655.82,"4,405 mi",8,$0.1489
IAD,LLW,"3,078","$1,365.99","8,187 mi",8,$0.1668
CLE,WAW,"3,077",$612.83,"4,366 mi",8,$0.1404
SAT,CSG,"3,077",$282.97,851 mi,8,$0.3325
SEA,EVV,"3,077",$409.15,"1,918 mi",8,$0.2133
LAX,TLC,"3,076",$70.10,"1,581 mi",8,$0.0443
ONT,BTR,"3,076",$333.75,"1,606 mi",8,$0.2078
SLC,CAI,"3,076",$639.29,"7,216 mi",8,$0.0886
CVG,KEF,"3,075",$472.75,"2,913 mi",8,$0.1623
ATL,SVD,"3,073",$457.14,"2,093 mi",8,$0.2184
ORD,YUM,"3,073",$307.70,"1,642 mi",8,$0.1874
LAX,NSN,"3,072","$1,075.68","6,566 mi",8,$0.1638
SEA,CLO,"3,072",$353.50,"4,198 mi",8,$0.0842
JAX,PRG,"3,071",$601.32,"4,732 mi",8,$0.1271
MCO,HAJ,"3,071",$654.82,"4,584 mi",8,$0.1428
DCA,FAY,"3,070",$431.31,295 mi,8,$1.4621
JAX,HYD,"3,070",$552.33,"8,617 mi",8,$0.0641
MCO,GND,"3,070",$390.39,"1,746 mi",8,$0.2236
SJC,LIR,"3,070",$373.39,"3,005 mi",8,$0.1243
FLL,ASU,"3,068",$630.81,"3,969 mi",8,$0.1589
SFO,BRE,"3,068",$992.74,"5,691 mi",8,$0.1744
HNL,GRB,"3,067",$708.49,"4,090 mi",8,$0.1732
CVG,MAA,"3,066",$721.93,"8,449 mi",8,$0.0854
DTW,BLL,"3,065",$786.64,"4,093 mi",8,$0.1922
DTW,HMO,"3,065",$747.06,"1,842 mi",8,$0.4056
LAS,SZX,"3,065",$748.49,"7,490 mi",8,$0.0999
MCI,SDQ,"3,065",$303.96,"2,140 mi",8,$0.1420
LAS,CUR,"3,064",$554.86,"3,206 mi",8,$0.1731
LAX,BDS,"3,064",$887.09,"6,778 mi",8,$0.1309
MCO,GTR,"3,064",$323.47,528 mi,8,$0.6126
AUS,MGA,"3,063",$381.50,"1,491 mi",8,$0.2559
MCO,MCZ,"3,063",$520.66,"3,891 mi",8,$0.1338
CVG,KTM,"3,062",$548.23,"8,013 mi",8,$0.0684
ATL,RNS,"3,062",$702.81,"4,096 mi",8,$0.1716
MCI,MTJ,"3,062",$272.08,689 mi,8,$0.3949
DTW,ITM,"3,061","$1,474.26","6,381 mi",8,$0.2310
MCO,GRK,"3,060",$261.32,977 mi,8,$0.2675
PHL,WAW,"3,060",$849.61,"4,476 mi",8,$0.1898
SEA,VER,"3,059",$271.15,"2,518 mi",8,$0.1077
MEM,AMA,"3,059",$278.51,682 mi,8,$0.4084
SAN,CGK,"3,059","$1,212.85","8,804 mi",8,$0.1378
MCI,AZO,"3,058",$279.46,536 mi,8,$0.5214
ORD,ITH,"3,058",$265.47,568 mi,8,$0.4674
DTW,BGO,"3,057",$570.91,"3,818 mi",8,$0.1495
JFK,TUL,"3,056",$266.01,"1,269 mi",8,$0.2096
IAH,VVI,"3,056",$757.46,"3,809 mi",8,$0.1989
BOS,SVG,"3,055",$725.07,"3,438 mi",8,$0.2109
JAX,NRT,"3,055","$1,020.32","6,893 mi",8,$0.1480
PHX,RHI,"3,055",$306.77,"1,503 mi",8,$0.2041
OGG,YWG,"3,055",$357.75,"3,877 mi",8,$0.0923
PHL,YUM,"3,055",$435.88,"2,163 mi",8,$0.2015
ATL,BRS,"3,054",$892.35,"3,987 mi",8,$0.2238
FLL,YXX,"3,054",$258.46,"2,834 mi",8,$0.0912
ORD,LCA,"3,053",$653.84,"6,146 mi",8,$0.1064
PIT,MAN,"3,053",$870.12,"3,485 mi",8,$0.2497
SEA,MOT,"3,053",$347.07,944 mi,8,$0.3677
SLC,EKO,"3,053",$189.76,193 mi,8,$0.9832
SAN,MEI,"3,052",$554.69,"1,602 mi",8,$0.3462
STL,BLR,"3,052","$1,493.77","9,028 mi",8,$0.1655
MSP,MLI,"3,051",$290.71,282 mi,8,$1.0309
PIT,EVV,"3,051",$300.65,439 mi,8,$0.6849
STL,CPH,"3,051",$629.86,"4,379 mi",8,$0.1438
MSY,DXB,"3,051","$1,243.36","8,232 mi",8,$0.1510
JAX,UVF,"3,050",$381.84,"1,702 mi",8,$0.2243
BWI,BIS,"3,049",$235.73,"1,279 mi",8,$0.1843
CLE,PIA,"3,048",$253.37,424 mi,8,$0.5976
SAT,NLU,"3,048",$29.27,656 mi,8,$0.0446
STL,HPN,"3,047",$256.73,869 mi,8,$0.2954
BWI,QRO,"3,047",$332.91,"1,837 mi",8,$0.1812
OGG,RIC,"3,046",$734.53,"4,629 mi",8,$0.1587
DFW,LUN,"3,046",$992.03,"9,099 mi",8,$0.1090
IAD,HER,"3,046",$837.27,"5,481 mi",8,$0.1528
IAH,VKO,"3,046","$1,768.83","6,074 mi",8,$0.2912
PHX,PIH,"3,045",$304.51,635 mi,8,$0.4795
SEA,CMI,"3,045",$269.08,"1,705 mi",8,$0.1578
CLE,SYD,"3,044","$1,794.13","9,251 mi",8,$0.1939
MEM,FAY,"3,043",$202.38,646 mi,8,$0.3133
MIA,NUE,"3,041",$662.36,"5,089 mi",8,$0.1302
SLC,FLR,"3,040",$773.30,"5,441 mi",8,$0.1421
DFW,GOT,"3,039",$560.87,"4,820 mi",8,$0.1164
SJC,SGF,"3,039",$322.46,"1,515 mi",8,$0.2128
LAX,SZG,"3,038","$1,675.61","5,859 mi",8,$0.2860
AUS,AZO,"3,038",$285.65,"1,037 mi",8,$0.2755
CLE,BGI,"3,038",$309.85,"2,305 mi",8,$0.1344
MSP,SVG,"3,038",$277.70,"3,806 mi",8,$0.0730
LAS,KRK,"3,037",$727.21,"6,056 mi",8,$0.1201
JFK,KTI,"3,037","$1,054.47","9,108 mi",8,$0.1158
BNA,BDA,"3,035",$312.11,"1,242 mi",8,$0.2513
JFK,MYJ,"3,035","$1,722.61","7,233 mi",8,$0.2382
PHL,CTA,"3,035",$719.61,"4,507 mi",8,$0.1597
SDF,STI,"3,035",$386.84,"1,630 mi",8,$0.2373
SAT,BMI,"3,034",$277.50,956 mi,8,$0.2903
BOS,CFU,"3,032",$576.96,"4,365 mi",8,$0.1322
CVG,BKK,"3,032",$940.00,"9,039 mi",8,$0.1040
EWR,GVR,"3,032",$537.02,"4,468 mi",8,$0.1202
MIA,NAT,"3,032",$519.42,"3,829 mi",8,$0.1357
SFO,CLJ,"3,032",$611.59,"6,052 mi",8,$0.1011
SEA,DSS,"3,031",$916.89,"5,975 mi",8,$0.1535
BUR,MRY,"3,030",$338.17,264 mi,8,$1.2809
LEX,PUJ,"3,030",$327.03,"1,713 mi",8,$0.1909
DAL,SJO,"3,029",$277.96,"1,719 mi",8,$0.1617
SFO,GRZ,"3,029","$1,369.61","6,217 mi",8,$0.2203
EWR,KHI,"3,028",$432.76,"7,487 mi",8,$0.0578
TPA,LOS,"3,028",$655.34,"5,926 mi",8,$0.1106
IAD,CRP,"3,027",$354.60,"1,428 mi",8,$0.2483
BWI,MTJ,"3,024",$303.45,"1,723 mi",8,$0.1761
EWR,OUA,"3,024",$383.62,"4,902 mi",8,$0.0783
MIA,FAI,"3,024",$422.64,"4,079 mi",8,$0.1036
ORD,CHQ,"3,024",$611.76,"5,743 mi",8,$0.1065
PDX,JNB,"3,024","$1,087.29","10,032 mi",8,$0.1084
ANC,RAP,"3,023",$507.79,"2,295 mi",8,$0.2213
ONT,AGS,"3,023",$320.69,"1,977 mi",8,$0.1622
LGA,YQR,"3,023",$372.70,"1,568 mi",8,$0.2377
LGA,CTG,"3,022",$234.44,"2,035 mi",8,$0.1152
DCA,BQN,"3,022",$277.35,"1,481 mi",8,$0.1873
RDU,VER,"3,022",$344.47,"1,614 mi",8,$0.2134
PIT,MTJ,"3,021",$238.65,"1,431 mi",8,$0.1668
CLT,PKB,"3,020",$70.56,278 mi,8,$0.2538
DTW,SKG,"3,019",$426.29,"5,255 mi",8,$0.0811
IAD,ALC,"3,018",$469.68,"4,138 mi",8,$0.1135
LAX,RGN,"3,017",$707.58,"8,500 mi",8,$0.0832
DTW,SAP,"3,017",$449.12,"1,813 mi",8,$0.2477
HNL,YQR,"3,016",$322.54,"3,388 mi",8,$0.0952
TPA,YYG,"3,016",$407.03,"1,598 mi",8,$0.2547
FLL,UIO,"3,015",$206.94,"1,760 mi",8,$0.1176
PHL,XPL,"3,015",$358.73,"1,851 mi",8,$0.1938
STL,BOM,"3,015","$1,042.15","8,544 mi",8,$0.1220
RDU,MBS,"3,014",$267.97,581 mi,8,$0.4612
SLC,LAN,"3,014",$412.97,"1,370 mi",8,$0.3014
PHX,XWA,"3,013",$329.54,"1,077 mi",8,$0.3060
ANC,VPS,"3,013",$538.85,"3,414 mi",8,$0.1578
SAN,MOT,"3,013",$280.71,"1,313 mi",8,$0.2138
ATL,GDN,"3,012",$825.11,"4,691 mi",8,$0.1759
MCO,YIA,"3,012","$1,157.90","11,161 mi",8,$0.1037
SEA,OIT,"3,011",$853.86,"5,056 mi",8,$0.1689
TPA,POP,"3,011",$348.60,916 mi,8,$0.3806
JFK,AHO,"3,011",$336.01,"4,005 mi",8,$0.0839
CVG,LIM,"3,010",$629.20,"3,669 mi",8,$0.1715
BNA,MGA,"3,010",$357.11,"1,607 mi",8,$0.2222
MIA,CGR,"3,010",$526.06,"3,738 mi",8,$0.1407
MCI,ANU,"3,009",$519.33,"2,423 mi",8,$0.2143
MCI,KEF,"3,009",$490.66,"3,194 mi",8,$0.1536
FLL,YSB,"3,009",$260.51,"1,463 mi",8,$0.1781
IAH,YMM,"3,009",$405.02,"2,057 mi",8,$0.1969
EWR,EIS,"3,007",$630.35,"1,689 mi",8,$0.3732
SJC,FSD,"3,006",$310.97,"1,427 mi",8,$0.2179
HNL,YUM,"3,006",$820.69,"2,842 mi",8,$0.2888
SFO,EVV,"3,006",$390.41,"1,834 mi",8,$0.2129
MCO,PER,"3,005","$1,302.68","11,037 mi",8,$0.1180
SAN,LAN,"3,005",$306.41,"1,954 mi",8,$0.1568
MSY,GCM,"3,002",$279.90,954 mi,8,$0.2934
BOS,ISP,"3,002",$288.96,148 mi,8,$1.9524
LAS,VLC,"3,002",$864.93,"5,592 mi",8,$0.1547
HNL,IDA,"3,001",$412.99,"2,940 mi",8,$0.1405
JFK,IDA,"3,001",$408.83,"2,015 mi",8,$0.2029
SEA,HAJ,"3,001",$557.63,"4,828 mi",8,$0.1155
JFK,LEX,"3,001",$280.09,623 mi,8,$0.4496
AUS,GLA,"3,000",$641.30,"4,776 mi",8,$0.1343
MIA,FAY,"3,000",$193.53,622 mi,8,$0.3111
MSY,BUD,"3,000",$565.05,"5,698 mi",8,$0.0992
ORD,BRS,"3,000",$525.09,"3,742 mi",8,$0.1403
DEN,CEB,"2,999",$677.27,"7,546 mi",8,$0.0898
MCI,HAV,"2,999",$210.20,"1,298 mi",8,$0.1619
PHX,KUL,"2,999","$1,271.61","9,381 mi",8,$0.1356
PHX,TLS,"2,999","$1,001.98","5,490 mi",8,$0.1825
SAT,EDI,"2,999",$690.82,"4,880 mi",8,$0.1416
TPA,GND,"2,997",$502.35,"1,684 mi",8,$0.2983
DEN,CVN,"2,996",$121.65,374 mi,8,$0.3253
MEM,SHV,"2,996",$352.86,294 mi,8,$1.2002
BOS,YQT,"2,996",$245.64,949 mi,8,$0.2588
LGA,FAY,"2,995",$178.78,469 mi,8,$0.3812
SAT,MDE,"2,995",$294.01,"2,138 mi",8,$0.1375
HNL,HBA,"2,994",$523.78,"5,796 mi",8,$0.0904
PIT,YQB,"2,993",$387.44,601 mi,8,$0.6447
FLL,EIS,"2,992",$368.59,"1,093 mi",8,$0.3372
SJC,JAC,"2,992",$247.57,750 mi,8,$0.3301
DFW,MHH,"2,992",$541.24,"1,236 mi",8,$0.4379
PHL,AGU,"2,992",$330.51,"2,086 mi",8,$0.1584
DFW,CTA,"2,991",$799.64,"6,080 mi",8,$0.1315
DEN,CEZ,"2,991",$140.53,285 mi,8,$0.4931
FLL,GJT,"2,990",$381.65,"1,814 mi",8,$0.2104
MIA,KUL,"2,990","$1,292.88","10,146 mi",8,$0.1274
MSY,NAP,"2,990",$738.61,"5,404 mi",8,$0.1367
SAN,BMI,"2,990",$296.74,"1,697 mi",8,$0.1749
DCA,BNE,"2,988","$1,687.47","9,751 mi",8,$0.1731
JFK,BPS,"2,988","$1,063.99","4,392 mi",8,$0.2423
ANC,XNA,"2,987",$500.89,"3,023 mi",8,$0.1657
JFK,BIL,"2,987",$389.93,"1,719 mi",8,$0.2268
CLE,HDN,"2,987",$269.88,"1,281 mi",8,$0.2107
DFW,PMI,"2,987","$1,279.87","5,433 mi",8,$0.2356
JAX,EVV,"2,987",$292.97,637 mi,8,$0.4599
ORD,FNC,"2,987",$594.91,"3,733 mi",8,$0.1594
ORD,RGN,"2,987",$570.07,"8,611 mi",8,$0.0662
CVG,NAP,"2,986",$874.01,"5,073 mi",8,$0.1723
BWI,CZM,"2,986",$254.22,"1,383 mi",8,$0.1838
BNA,RST,"2,985",$273.91,600 mi,8,$0.4565
LAX,JER,"2,984","$1,066.10","5,653 mi",8,$0.1886
DEN,CAK,"2,984",$320.97,"1,184 mi",8,$0.2711
EWR,KSC,"2,983",$403.64,"4,536 mi",8,$0.0890
HNL,MGM,"2,982",$673.63,"4,266 mi",8,$0.1579
MSY,EVV,"2,981",$320.96,560 mi,8,$0.5731
FLL,YSJ,"2,981",$308.13,"1,593 mi",8,$0.1934
ORD,HGH,"2,980",$974.43,"7,345 mi",8,$0.1327
PDX,DPS,"2,980",$895.67,"7,943 mi",8,$0.1128
LGA,MOT,"2,980",$350.17,"1,479 mi",8,$0.2368
ATL,FOR,"2,979",$970.54,"3,833 mi",8,$0.2532
ATL,GUM,"2,979","$1,613.41","8,080 mi",8,$0.1997
OGG,ELP,"2,979",$371.02,"3,065 mi",8,$0.1211
MCO,BIO,"2,978","$1,005.42","4,217 mi",8,$0.2384
SFO,BHD,"2,977","$1,046.61","4,890 mi",8,$0.2140
MSP,EBB,"2,977",$528.24,"8,139 mi",8,$0.0649
JFK,LIT,"2,976",$250.98,"1,052 mi",8,$0.2386
MEM,GRU,"2,976","$1,374.33","4,795 mi",8,$0.2866
OGG,TYS,"2,975",$647.21,"4,559 mi",8,$0.1420
PHX,SVC,"2,975",$124.91,223 mi,8,$0.5601
IAD,LBB,"2,975",$268.00,"1,442 mi",8,$0.1859
LEX,MBJ,"2,974",$335.90,"1,367 mi",8,$0.2457
ORD,SHE,"2,974",$547.35,"6,526 mi",8,$0.0839
CLE,KEF,"2,973",$478.21,"2,868 mi",8,$0.1667
DCA,FLG,"2,973",$336.94,"1,859 mi",8,$0.1812
LGA,MRY,"2,973",$517.21,"2,494 mi",8,$0.2074
SDF,MLB,"2,973",$238.16,732 mi,8,$0.3254
SFO,RST,"2,973",$324.48,"1,566 mi",8,$0.2072
SFO,VTZ,"2,973",$677.72,"8,514 mi",8,$0.0796
BNA,ABI,"2,973",$227.58,809 mi,8,$0.2813
MIA,OAJ,"2,973",$239.47,663 mi,8,$0.3612
EWR,ZAD,"2,972",$433.10,"4,203 mi",8,$0.1030
IAH,GOT,"2,972",$808.94,"4,933 mi",8,$0.1640
RDU,COK,"2,971",$497.69,"8,603 mi",8,$0.0579
TPA,GEO,"2,971",$220.41,"2,109 mi",8,$0.1045
DCA,LSE,"2,970",$243.74,838 mi,8,$0.2909
HNL,EZE,"2,968",$966.24,"7,332 mi",8,$0.1318
MCO,PPT,"2,968","$1,000.97","5,723 mi",8,$0.1749
SLC,LIN,"2,968",$922.06,"5,298 mi",8,$0.1740
ATL,BRO,"2,967",$301.28,916 mi,8,$0.3289
LGA,TLV,"2,967",$974.32,"5,833 mi",8,$0.1670
RDU,SAF,"2,967",$308.31,"1,572 mi",8,$0.1961
MDW,YOW,"2,966",$180.43,672 mi,8,$0.2685
ATL,MAO,"2,966",$957.70,"3,081 mi",8,$0.3108
BOS,MGF,"2,966",$676.92,"4,567 mi",8,$0.1482
SEA,DAC,"2,966",$926.90,"6,894 mi",8,$0.1345
FLL,FLN,"2,965",$436.66,"4,394 mi",8,$0.0994
JFK,SDU,"2,964",$931.03,"4,667 mi",8,$0.1995
ANC,PVR,"2,964",$334.34,"3,627 mi",8,$0.0922
EWR,ALA,"2,964",$394.42,"6,168 mi",8,$0.0639
MDW,HVN,"2,964",$173.63,746 mi,8,$0.2327
BWI,MOT,"2,963",$275.49,"1,331 mi",8,$0.2070
ATL,KGL,"2,962",$591.01,"7,928 mi",8,$0.0745
MSP,BOD,"2,962",$713.04,"4,129 mi",8,$0.1727
DCA,NBO,"2,961",$374.35,"7,779 mi",8,$0.0481
PHL,ABE,"2,961",$521.75,57 mi,8,$9.1535
JAX,ANU,"2,960",$371.96,"1,602 mi",8,$0.2322
TPA,SJJ,"2,959",$496.60,"5,564 mi",8,$0.0893
SJC,AVL,"2,959",$301.56,"2,113 mi",8,$0.1427
BWI,YEG,"2,958",$356.09,"2,045 mi",8,$0.1741
ANC,BKK,"2,957",$680.26,"6,189 mi",8,$0.1099
SDF,HSV,"2,957",$268.27,243 mi,8,$1.1040
SFO,IBZ,"2,956","$1,178.79","6,240 mi",8,$0.1889
PHX,SAP,"2,954",$365.44,"1,892 mi",8,$0.1932
MSP,YXX,"2,954",$214.78,"1,353 mi",8,$0.1587
CVG,NBO,"2,952",$681.01,"7,701 mi",8,$0.0884
IAH,PEI,"2,952",$341.87,"2,223 mi",8,$0.1538
JFK,HRG,"2,952",$446.71,"5,672 mi",8,$0.0788
PIT,GVA,"2,950",$846.76,"4,258 mi",8,$0.1989
DEN,ITM,"2,949","$1,415.62","6,194 mi",8,$0.2285
JAX,AMD,"2,949",$564.87,"8,111 mi",8,$0.0696
MEM,OAJ,"2,949",$237.24,679 mi,8,$0.3494
CVG,EZE,"2,948",$984.49,"5,209 mi",8,$0.1890
SAT,HYD,"2,948",$619.41,"9,475 mi",8,$0.0654
LAX,KHH,"2,947",$865.98,"6,738 mi",8,$0.1285
JAX,BOM,"2,947",$803.57,"8,358 mi",8,$0.0961
PIT,MAA,"2,946",$805.88,"8,790 mi",8,$0.0917
SAT,BUD,"2,946",$586.38,"6,040 mi",8,$0.0971
SLC,WAW,"2,946",$745.84,"5,260 mi",8,$0.1418
IAD,BGA,"2,945",$217.83,"2,148 mi",8,$0.1014
MSP,KTM,"2,944",$594.06,"7,644 mi",8,$0.0777
AUS,LAN,"2,942",$269.51,"1,096 mi",8,$0.2459
EWR,PSA,"2,942",$560.03,"4,259 mi",8,$0.1315
DTW,FWA,"2,941",$119.94,131 mi,8,$0.9156
EWR,CKY,"2,940",$281.21,"4,382 mi",8,$0.0642
ANC,AEX,"2,940",$706.05,"3,176 mi",8,$0.2223
CLE,TIA,"2,939",$458.81,"5,056 mi",8,$0.0907
MSY,VIE,"2,937",$995.36,"5,564 mi",8,$0.1789
PHX,CZM,"2,937",$390.93,"1,723 mi",8,$0.2269
BOS,SSA,"2,936",$731.72,"4,215 mi",8,$0.1736
DTW,LGW,"2,936",$267.93,"3,663 mi",8,$0.0731
IAH,JNU,"2,936",$518.59,"2,774 mi",8,$0.1869
JFK,PEN,"2,935","$1,382.29","8,963 mi",8,$0.1542
AUS,SCE,"2,933",$337.36,"1,291 mi",8,$0.2613
CVG,GCM,"2,933",$341.35,"1,420 mi",8,$0.2404
LAX,WRO,"2,933",$700.11,"5,784 mi",8,$0.1210
MIA,SUB,"2,933",$894.52,"11,227 mi",8,$0.0797
ANC,PBI,"2,932",$778.13,"4,072 mi",8,$0.1911
IAD,MTJ,"2,932",$373.65,"1,682 mi",8,$0.2221
LGA,STX,"2,932",$291.60,"1,733 mi",8,$0.1683
SDF,AVP,"2,932",$236.40,592 mi,8,$0.3993
BOS,CLJ,"2,931",$658.87,"4,241 mi",8,$0.1554
MIA,TAM,"2,931",$232.74,"1,100 mi",8,$0.2116
MSP,PPT,"2,929",$868.56,"5,744 mi",8,$0.1512
BNA,UIO,"2,928",$346.22,"2,484 mi",8,$0.1394
DCA,GFK,"2,928",$381.04,"1,149 mi",8,$0.3316
MCI,HDN,"2,928",$244.54,688 mi,8,$0.3554
PIT,EZE,"2,927",$973.39,"5,544 mi",8,$0.1756
LEX,RNO,"2,926",$351.11,"1,942 mi",8,$0.1808
PHX,KRK,"2,926",$612.59,"5,779 mi",8,$0.1060
AUS,EVV,"2,925",$293.19,817 mi,8,$0.3589
BWI,GND,"2,924","$1,047.57","2,150 mi",8,$0.4872
MIA,MXL,"2,924",$200.95,"2,214 mi",8,$0.0908
MCO,BRI,"2,923",$605.71,"5,499 mi",8,$0.1101
RDU,EVV,"2,923",$314.86,520 mi,8,$0.6055
TPA,PMO,"2,922",$720.93,"5,173 mi",8,$0.1394
SFO,DMM,"2,921","$2,032.52","7,740 mi",8,$0.2626
BWI,GJT,"2,921",$332.05,"1,749 mi",8,$0.1899
JFK,KKJ,"2,920","$1,279.83","6,841 mi",8,$0.1871
ATL,TUN,"2,920",$612.18,"5,255 mi",8,$0.1165
MCI,BER,"2,919",$666.83,"4,642 mi",8,$0.1437
MSP,PEK,"2,918","$1,371.81","6,094 mi",8,$0.2251
SDF,EUG,"2,918",$346.73,"2,034 mi",8,$0.1705
LAX,BGA,"2,918",$285.65,"3,319 mi",8,$0.0861
DTW,DOH,"2,916",$653.21,"7,169 mi",8,$0.0911
MSY,MEL,"2,916","$1,392.15","9,553 mi",8,$0.1457
CLT,BEY,"2,914",$451.11,"5,960 mi",8,$0.0757
EWR,BRO,"2,914",$390.58,"1,728 mi",8,$0.2260
SFO,NGB,"2,914","$1,169.37","6,029 mi",8,$0.1940
CLE,YQB,"2,913",$391.76,656 mi,8,$0.5972
CVG,ABY,"2,913",$363.67,504 mi,8,$0.7216
PHL,TQO,"2,913",$205.01,"1,593 mi",8,$0.1287
DCA,EDI,"2,912",$506.32,"3,561 mi",8,$0.1422
ONT,GPT,"2,912",$291.64,"1,731 mi",8,$0.1685
JFK,MYR,"2,912",$229.46,541 mi,8,$0.4241
DFW,SJJ,"2,911",$215.64,"5,583 mi",8,$0.0386
ORD,CUL,"2,910",$267.90,"1,681 mi",8,$0.1594
PHL,LIN,"2,910",$735.95,"3,984 mi",8,$0.1847
SFO,BIS,"2,910",$288.75,"1,232 mi",8,$0.2344
CVG,BIL,"2,908",$295.30,"1,259 mi",8,$0.2346
PHX,AGP,"2,908","$1,041.02","5,882 mi",8,$0.1770
PHX,DOH,"2,908","$1,134.43","7,993 mi",8,$0.1419
MIA,BHI,"2,907",$536.96,"4,747 mi",8,$0.1131
PIT,SBN,"2,906",$277.76,317 mi,8,$0.8762
JFK,VQS,"2,906",$407.84,"1,680 mi",8,$0.2428
LAX,BES,"2,906",$676.47,"5,282 mi",8,$0.1281
SDF,EDI,"2,906",$545.45,"3,700 mi",8,$0.1474
SLC,GCM,"2,906",$588.36,"2,407 mi",8,$0.2444
CVG,SCE,"2,905",$261.67,371 mi,8,$0.7053
BNA,TQO,"2,905",$193.63,"1,137 mi",8,$0.1703
LAX,RTB,"2,905",$463.01,"2,251 mi",8,$0.2057
PDX,OPO,"2,905",$615.56,"5,031 mi",8,$0.1224
IAD,NKC,"2,904",$810.78,"4,030 mi",8,$0.2012
JAX,BRU,"2,904",$789.27,"4,592 mi",8,$0.1719
MIA,SAF,"2,904",$355.29,"1,619 mi",8,$0.2195
ANC,FAR,"2,903",$452.03,"2,221 mi",8,$0.2035
CLT,MLU,"2,903",$321.62,683 mi,8,$0.4709
PIT,HDN,"2,903",$261.62,"1,371 mi",8,$0.1908
ATL,LYH,"2,903",$202.04,401 mi,8,$0.5038
MIA,YXU,"2,902",$370.78,"1,156 mi",8,$0.3207
MCO,BRE,"2,901","$1,123.83","4,817 mi",8,$0.2333
DTW,SCE,"2,900",$285.77,309 mi,8,$0.9248
PDX,BGR,"2,900",$417.96,"2,645 mi",8,$0.1580
IAH,CMI,"2,900",$268.54,825 mi,8,$0.3255
PHL,BEY,"2,900",$559.83,"5,868 mi",8,$0.0954
MCO,VSA,"2,899",$280.41,994 mi,8,$0.2821
SAN,AGP,"2,899","$1,132.78","6,149 mi",8,$0.1842
BNA,FLR,"2,898",$796.72,"5,041 mi",8,$0.1580
IAH,OAJ,"2,898",$270.05,"1,118 mi",8,$0.2415
ATL,SVQ,"2,898",$778.75,"4,419 mi",8,$0.1762
MIA,EVV,"2,898",$335.08,974 mi,8,$0.3440
JFK,AXT,"2,896","$1,244.77","6,688 mi",8,$0.1861
LGA,PTY,"2,896",$453.44,"2,150 mi",8,$0.2109
JAX,STX,"2,896",$303.06,"1,340 mi",8,$0.2262
IAH,GCC,"2,895",$504.31,"1,172 mi",8,$0.4303
ATL,LCY,"2,894",$795.47,"4,094 mi",8,$0.1943
DTW,DRO,"2,894",$305.95,"1,299 mi",8,$0.2355
HNL,MTY,"2,893",$333.24,"3,755 mi",8,$0.0887
HOU,TLH,"2,893",$312.22,676 mi,8,$0.4619
SAT,AVP,"2,892",$326.20,"1,466 mi",8,$0.2225
DFW,KWI,"2,892","$1,096.44","7,798 mi",8,$0.1406
LAS,CMI,"2,892",$274.67,"1,525 mi",8,$0.1801
LAS,TLS,"2,892",$553.71,"5,810 mi",8,$0.0953
SEA,CZM,"2,892",$350.87,"2,791 mi",8,$0.1257
PIT,IST,"2,891",$530.16,"5,406 mi",8,$0.0981
SLC,BGR,"2,891",$378.35,"2,244 mi",8,$0.1686
BOS,BDS,"2,891",$651.65,"4,504 mi",8,$0.1447
DFW,SKP,"2,891",$603.50,"5,787 mi",8,$0.1043
JAX,DEL,"2,891",$736.76,"8,367 mi",8,$0.0881
DEN,OKA,"2,890","$1,277.33","6,969 mi",8,$0.1833
SFO,LNK,"2,890",$378.81,"1,343 mi",8,$0.2821
IAD,GDN,"2,890",$680.45,"4,436 mi",8,$0.1534
MIA,YTS,"2,890",$313.36,"1,528 mi",8,$0.2051
BOS,DSS,"2,889",$564.68,"3,602 mi",8,$0.1568
BOS,JTR,"2,889",$572.82,"4,730 mi",8,$0.1211
IAD,COO,"2,888",$733.47,"5,235 mi",8,$0.1401
DFW,SOF,"2,887",$867.82,"6,178 mi",8,$0.1405
CVG,FLR,"2,887",$844.63,"4,540 mi",8,$0.1860
JAX,HDN,"2,887",$363.04,"1,634 mi",8,$0.2222
RDU,MEL,"2,887","$2,032.11","10,341 mi",8,$0.1965
PIT,NRT,"2,884","$1,158.74","6,767 mi",8,$0.1712
CLE,CZM,"2,884",$261.25,"1,430 mi",8,$0.1827
SFO,UBJ,"2,884","$1,899.92","5,430 mi",8,$0.3499
BWI,PRG,"2,883",$387.21,"4,124 mi",8,$0.0939
FLL,YQG,"2,883",$274.55,"1,164 mi",8,$0.2359
SEA,ACV,"2,883",$313.97,470 mi,8,$0.6680
DTW,DBV,"2,883",$569.48,"4,681 mi",8,$0.1217
SAT,OAX,"2,883",$219.21,847 mi,8,$0.2588
LAX,MLU,"2,882",$314.86,"1,569 mi",8,$0.2007
MCO,FUE,"2,882",$269.39,"4,159 mi",8,$0.0648
SDF,OAJ,"2,882",$227.40,492 mi,8,$0.4622
LGA,CWA,"2,882",$375.86,821 mi,8,$0.4578
PHX,ACC,"2,882",$567.88,"7,023 mi",8,$0.0809
RDU,TQO,"2,881",$212.74,"1,247 mi",8,$0.1706
BNA,GTF,"2,880",$337.74,"1,530 mi",8,$0.2207
DEN,GTR,"2,879",$324.24,963 mi,8,$0.3367
IAD,SNN,"2,879",$502.87,"3,397 mi",8,$0.1480
PHL,ARN,"2,879",$503.18,"3,878 mi",8,$0.1298
AUS,MID,"2,879",$251.14,787 mi,8,$0.3191
JFK,KTW,"2,879",$313.14,"4,371 mi",8,$0.0716
MCI,VIE,"2,878",$821.87,"4,927 mi",8,$0.1668
SLC,MLU,"2,878",$421.27,"1,277 mi",8,$0.3299
DTW,AVP,"2,877",$283.83,386 mi,8,$0.7353
SEA,HMO,"2,877",$434.94,"1,362 mi",8,$0.3193
ANC,MSN,"2,876",$449.29,"2,812 mi",8,$0.1598
MIA,LRD,"2,876",$331.53,"1,225 mi",8,$0.2706
MSP,NUE,"2,876",$561.90,"4,354 mi",8,$0.1291
SFO,WRO,"2,875",$850.15,"5,654 mi",8,$0.1504
ONT,ABI,"2,875",$300.40,"1,071 mi",8,$0.2805
IAD,ABZ,"2,874",$778.73,"3,387 mi",8,$0.2299
LAX,KGL,"2,874","$1,481.35","9,720 mi",8,$0.1524
LAX,LBA,"2,873",$695.76,"5,137 mi",8,$0.1354
SEA,GCM,"2,873",$538.41,"2,915 mi",8,$0.1847
DFW,LGW,"2,873",$465.70,"4,617 mi",8,$0.1009
ANC,BLI,"2,872",$514.18,"1,408 mi",8,$0.3652
DFW,NCL,"2,872",$848.35,"4,726 mi",8,$0.1795
SDF,MXP,"2,871",$698.60,"4,455 mi",8,$0.1568
FLL,BFL,"2,871",$469.35,"2,311 mi",8,$0.2031
BOS,OAJ,"2,870",$252.95,612 mi,8,$0.4133
SDF,RAP,"2,870",$268.57,956 mi,8,$0.2809
IAH,PUS,"2,869","$1,470.38","6,879 mi",8,$0.2137
IAD,PHC,"2,868",$473.28,"5,529 mi",8,$0.0856
PHL,MLU,"2,864",$305.93,"1,031 mi",8,$0.2967
ATL,VNO,"2,863",$447.29,"4,905 mi",8,$0.0912
TPA,HEL,"2,863",$846.60,"5,264 mi",8,$0.1608
MCI,NAP,"2,862",$738.11,"5,164 mi",8,$0.1429
BWI,BTV,"2,862",$325.95,420 mi,8,$0.7761
MIA,EVN,"2,862",$647.05,"6,859 mi",8,$0.0943
SAT,VLD,"2,862",$297.03,884 mi,8,$0.3360
LAX,YGJ,"2,862","$1,158.06","5,603 mi",8,$0.2067
MCO,YXX,"2,861",$286.64,"2,507 mi",8,$0.1143
LAX,KCZ,"2,860",$959.12,"5,663 mi",8,$0.1694
ANC,TPE,"2,860","$1,031.70","4,532 mi",8,$0.2276
DTW,GTR,"2,860",$425.91,683 mi,8,$0.6236
ORD,ORY,"2,859",$308.39,"4,020 mi",8,$0.0767
SFO,YYT,"2,859",$401.94,"3,591 mi",8,$0.1119
HNL,KHH,"2,858",$704.19,"5,008 mi",8,$0.1406
CLT,BRO,"2,858",$251.76,"1,205 mi",8,$0.2089
PHX,HHH,"2,858",$312.11,"1,867 mi",8,$0.1672
MEM,MLB,"2,857",$286.36,750 mi,8,$0.3818
MCO,OKA,"2,856","$1,028.30","7,955 mi",8,$0.1293
PHL,SVD,"2,856",$582.74,"2,095 mi",8,$0.2782
BOS,OAX,"2,856",$307.63,"2,385 mi",8,$0.1290
MCO,RHO,"2,856",$615.65,"5,849 mi",8,$0.1053
IAH,LCA,"2,854","$1,749.52","7,065 mi",8,$0.2476
BOS,WUH,"2,853","$1,105.28","7,151 mi",8,$0.1546
DCA,CBR,"2,852","$4,236.39","9,606 mi",8,$0.4410
LAX,GEO,"2,851",$342.93,"4,394 mi",8,$0.0780
MSP,BLQ,"2,850",$828.82,"4,867 mi",8,$0.1703
DFW,HHH,"2,850",$227.42,981 mi,8,$0.2318
JFK,CGQ,"2,850",$881.63,"6,271 mi",8,$0.1406
RDU,AVL,"2,850",$297.49,219 mi,8,$1.3584
PHL,PMO,"2,849",$681.77,"4,665 mi",8,$0.1461
ANC,ANI,"2,849",$137.59,327 mi,8,$0.4208
HNL,LIM,"2,849",$782.33,"6,120 mi",8,$0.1278
IAH,RCH,"2,848",$341.99,"1,864 mi",8,$0.1835
DTW,MRY,"2,848",$402.42,"2,011 mi",8,$0.2001
SFO,PEI,"2,848",$315.39,"3,816 mi",8,$0.0826
HNL,PWM,"2,847",$655.19,"4,945 mi",8,$0.1325
SDF,HAV,"2,847",$193.44,"1,099 mi",8,$0.1760
SJC,DAY,"2,847",$340.91,"2,089 mi",8,$0.1632
ORD,PSA,"2,847",$637.54,"4,516 mi",8,$0.1412
SDF,MAD,"2,846",$759.83,"4,097 mi",8,$0.1855
BWI,BJX,"2,846",$282.84,"1,874 mi",8,$0.1509
JFK,TIV,"2,846",$560.05,"4,661 mi",8,$0.1202
LAS,BSB,"2,846",$537.70,"5,833 mi",8,$0.0922
ORD,SKD,"2,846",$525.76,"6,380 mi",8,$0.0824
BUR,XNA,"2,845",$290.27,"1,402 mi",8,$0.2070
MIA,ARI,"2,845",$634.31,"3,216 mi",8,$0.1972
BWI,LIS,"2,844",$426.83,"3,644 mi",8,$0.1171
MSP,ESC,"2,844",$156.51,312 mi,8,$0.5016
ATL,VER,"2,843",$394.40,"1,273 mi",8,$0.3098
FLL,YQT,"2,843",$222.58,"1,667 mi",8,$0.1335
SEA,LAN,"2,842",$287.88,"1,794 mi",8,$0.1605
AUS,AGP,"2,842",$601.24,"5,014 mi",8,$0.1199
HNL,LIS,"2,841",$894.77,"7,583 mi",8,$0.1180
LAX,USM,"2,840","$1,370.33","8,768 mi",8,$0.1563
DFW,ELH,"2,839",$691.03,"1,368 mi",8,$0.5051
DFW,PUS,"2,839",$852.68,"6,664 mi",8,$0.1280
MSY,GTF,"2,837",$326.31,"1,600 mi",8,$0.2039
SFO,VVI,"2,837",$495.50,"5,581 mi",8,$0.0888
DEN,SKB,"2,837",$692.82,"2,858 mi",8,$0.2424
EWR,MEC,"2,837",$319.00,"2,819 mi",8,$0.1132
JFK,HAK,"2,837",$900.59,"7,995 mi",8,$0.1126
DTW,HHH,"2,836",$208.96,684 mi,8,$0.3055
IAD,GTF,"2,836",$376.95,"1,736 mi",8,$0.2171
PIT,MRY,"2,836",$386.03,"2,177 mi",8,$0.1773
AUS,YHZ,"2,835",$440.88,"2,170 mi",8,$0.2032
SAN,YQR,"2,834",$305.75,"1,420 mi",8,$0.2153
PIT,DUS,"2,834","$1,403.90","4,119 mi",8,$0.3408
IAH,NAN,"2,833","$1,000.25","6,864 mi",8,$0.1457
DTW,YLW,"2,832",$409.25,"1,734 mi",8,$0.2360
IAH,BIO,"2,832","$1,089.67","4,797 mi",8,$0.2272
MCI,IST,"2,832",$629.53,"6,008 mi",8,$0.1048
SFO,CGQ,"2,832",$637.99,"5,537 mi",8,$0.1152
SFO,KMQ,"2,832","$1,719.99","5,424 mi",8,$0.3171
DTW,HDN,"2,832",$318.17,"1,203 mi",8,$0.2645
CLT,OTP,"2,831",$483.47,"5,125 mi",8,$0.0943
ONT,BCN,"2,830",$466.79,"5,796 mi",8,$0.0805
BNA,VLD,"2,830",$278.87,405 mi,8,$0.6886
IAD,ZNZ,"2,830",$811.41,"7,676 mi",8,$0.1057
STL,CAI,"2,829",$503.49,"6,572 mi",8,$0.0766
CVG,MGM,"2,829",$267.31,462 mi,8,$0.5786
DTW,DPS,"2,829","$1,100.13","9,569 mi",8,$0.1150
PIT,PTY,"2,829",$367.22,"2,106 mi",8,$0.1744
BNA,HEL,"2,828",$748.60,"4,598 mi",8,$0.1628
ATL,PMI,"2,827",$838.91,"4,796 mi",8,$0.1749
CLT,AEX,"2,827",$283.87,700 mi,8,$0.4055
MSP,BNE,"2,827","$1,340.25","8,913 mi",8,$0.1504
AUS,MOT,"2,826",$265.69,"1,225 mi",8,$0.2169
CVG,OAJ,"2,826",$226.82,471 mi,8,$0.4816
MSP,LRD,"2,826",$353.53,"1,283 mi",8,$0.2755
CVG,AMD,"2,825",$699.04,"8,137 mi",8,$0.0859
LEX,ICT,"2,825",$281.10,721 mi,8,$0.3899
ATL,YYT,"2,824",$474.99,"1,959 mi",8,$0.2425
AUS,SAP,"2,824",$225.13,"1,155 mi",8,$0.1949
SAN,MRS,"2,824",$706.14,"5,861 mi",8,$0.1205
SAN,NGO,"2,824",$987.95,"5,919 mi",8,$0.1669
LAX,LED,"2,824","$1,067.32","5,545 mi",8,$0.1925
IAD,OAX,"2,823",$277.07,"1,966 mi",8,$0.1409
CLE,AMA,"2,823",$275.29,"1,190 mi",8,$0.2313
DEN,BIO,"2,823",$905.80,"4,758 mi",8,$0.1904
BOS,CZM,"2,822",$253.79,"1,824 mi",8,$0.1391
DCA,QRO,"2,822",$379.77,"1,921 mi",8,$0.1977
MSY,SCE,"2,822",$327.72,"1,054 mi",8,$0.3109
PHX,BTM,"2,821",$208.29,839 mi,8,$0.2483
MCO,NUE,"2,818",$612.93,"4,998 mi",8,$0.1226
ORD,HIJ,"2,818","$1,725.57","6,361 mi",8,$0.2713
SFO,ASU,"2,818",$645.45,"5,863 mi",8,$0.1101
BWI,CLO,"2,817",$246.32,"2,388 mi",8,$0.1031
DTW,BNE,"2,817","$1,349.10","8,863 mi",8,$0.1522
DFW,SKG,"2,816",$702.29,"5,902 mi",8,$0.1190
DTW,VLC,"2,816",$932.23,"4,029 mi",8,$0.2314
PHX,MQT,"2,816",$323.71,"1,523 mi",8,$0.2125
BWI,ARN,"2,815",$327.21,"3,960 mi",8,$0.0826
SFO,IXC,"2,815",$745.88,"7,785 mi",8,$0.0958
SLC,BLR,"2,815","$1,148.00","8,395 mi",8,$0.1367
EWR,DLH,"2,814",$340.15,962 mi,8,$0.3536
SAT,SAF,"2,814",$244.64,592 mi,8,$0.4132
SAN,KUL,"2,813","$1,231.35","8,639 mi",8,$0.1425
SLC,KTM,"2,813",$761.88,"7,349 mi",8,$0.1037
AUS,GYE,"2,812",$242.80,"2,448 mi",8,$0.0992
DEN,TRC,"2,812",$261.97,"1,020 mi",8,$0.2568
DFW,GEO,"2,811",$996.52,"2,991 mi",8,$0.3332
MSP,ANU,"2,811",$605.02,"2,719 mi",8,$0.2225
JFK,VER,"2,810",$313.65,"2,050 mi",8,$0.1530
PIT,MDT,"2,809",$251.95,190 mi,8,$1.3261
JFK,SGF,"2,808",$279.73,"1,045 mi",8,$0.2677
SEA,GFK,"2,808",$385.15,"1,129 mi",8,$0.3411
MSP,LYS,"2,807",$767.66,"4,309 mi",8,$0.1782
DTW,PPT,"2,807",$857.26,"5,717 mi",8,$0.1499
PHX,MHK,"2,807",$282.42,911 mi,8,$0.3100
PIT,LNS,"2,807",$72.17,203 mi,8,$0.3555
BOS,AMA,"2,806",$323.65,"1,664 mi",8,$0.1945
DFW,ELD,"2,806",$96.13,239 mi,8,$0.4022
CLE,TRI,"2,806",$261.96,352 mi,8,$0.7442
RDU,POS,"2,805",$257.13,"1,999 mi",8,$0.1286
BOS,MHH,"2,805",$351.17,"1,114 mi",8,$0.3152
LAX,URC,"2,805",$951.62,"7,020 mi",8,$0.1356
SFO,HUI,"2,805",$657.09,"7,262 mi",8,$0.0905
TPA,YQG,"2,805",$438.89,"1,018 mi",8,$0.4311
SAN,BEG,"2,804",$605.96,"6,645 mi",8,$0.0912
MSP,IMT,"2,803",$123.66,248 mi,8,$0.4986
PHL,RST,"2,803",$292.29,900 mi,8,$0.3248
SFO,LGW,"2,803",$504.78,"5,217 mi",8,$0.0968
BUR,GSO,"2,802",$273.43,"2,225 mi",8,$0.1229
MIA,RST,"2,802",$296.86,"1,470 mi",8,$0.2019
PHL,ART,"2,801",$203.46,296 mi,8,$0.6874
DFW,AUH,"2,801","$1,391.76","7,817 mi",8,$0.1780
BUR,PVD,"2,800",$265.87,"2,499 mi",8,$0.1064
DEN,KWI,"2,800","$1,366.31","7,130 mi",8,$0.1916
MIA,YSB,"2,800",$224.06,"1,397 mi",8,$0.1604
TPA,ACC,"2,800",$548.15,"5,405 mi",8,$0.1014
DTW,BOD,"2,798",$812.94,"4,074 mi",8,$0.1995
SAN,LYS,"2,798",$863.51,"6,104 mi",8,$0.1415
CLT,MOT,"2,797",$294.20,"1,416 mi",8,$0.2078
IAH,SVQ,"2,797",$851.53,"4,820 mi",8,$0.1767
TPA,ADB,"2,797",$320.49,"6,172 mi",8,$0.0519
HOU,AGS,"2,795",$266.77,850 mi,8,$0.3138
MSY,LIH,"2,795",$452.58,"4,392 mi",8,$0.1030
ORD,XWA,"2,795",$350.66,911 mi,8,$0.3849
ONT,FAR,"2,794",$316.01,"1,442 mi",8,$0.2191
PHX,TEX,"2,794",$259.46,376 mi,8,$0.6901
OGG,MSO,"2,794",$366.44,"3,055 mi",8,$0.1199
SFO,POP,"2,794",$332.38,"3,427 mi",8,$0.0970
RDU,ASE,"2,793",$477.59,"1,595 mi",8,$0.2994
SLC,MTJ,"2,793",$236.33,276 mi,8,$0.8563
LAX,NGS,"2,791","$1,113.45","6,216 mi",8,$0.1791
CVG,LNK,"2,790",$289.72,672 mi,8,$0.4311
FLL,SSA,"2,789",$675.79,"3,776 mi",8,$0.1790
CVG,BJX,"2,789",$390.75,"1,549 mi",8,$0.2523
MCO,NGO,"2,789","$1,179.05","7,184 mi",8,$0.1641
MIA,DSS,"2,789","$1,190.76","4,257 mi",8,$0.2797
DFW,ABY,"2,788",$352.37,733 mi,8,$0.4807
CLE,STX,"2,787",$302.52,"1,866 mi",8,$0.1621
DTW,AMA,"2,787",$341.90,"1,065 mi",8,$0.3210
JFK,KBL,"2,787",$723.12,"6,934 mi",8,$0.1043
JFK,YLW,"2,785",$371.95,"2,337 mi",8,$0.1592
HNL,SJO,"2,785",$585.47,"5,075 mi",8,$0.1154
DFW,STR,"2,784",$497.36,"5,050 mi",8,$0.0985
PIT,STX,"2,784",$313.08,"1,768 mi",8,$0.1771
PHL,CZM,"2,784",$521.23,"1,550 mi",8,$0.3363
MIA,ITM,"2,783","$1,542.78","7,413 mi",8,$0.2081
SAT,LAN,"2,783",$263.15,"1,159 mi",8,$0.2270
HNL,RAP,"2,783",$599.50,"3,582 mi",8,$0.1674
PHX,GYE,"2,782",$313.34,"3,325 mi",8,$0.0942
RDU,AGP,"2,782",$636.33,"4,146 mi",8,$0.1535
SEA,DLC,"2,781","$1,213.79","5,134 mi",8,$0.2364
SAT,AMM,"2,781",$671.22,"7,474 mi",8,$0.0898
CVG,CAI,"2,780",$552.03,"6,319 mi",8,$0.0874
STL,BSL,"2,780",$512.75,"4,493 mi",8,$0.1141
DTW,SNN,"2,779",$502.79,"3,289 mi",8,$0.1529
TPA,AEX,"2,779",$292.13,663 mi,8,$0.4406
SEA,HAV,"2,778",$402.33,"2,685 mi",8,$0.1498
CLT,STR,"2,778",$928.62,"4,318 mi",8,$0.2151
MIA,BBA,"2,778",$613.16,"4,834 mi",8,$0.1268
BOS,MPL,"2,777","$1,104.61","3,544 mi",8,$0.3117
JFK,SAH,"2,777",$409.38,"7,099 mi",8,$0.0577
SLC,AUA,"2,777",$437.47,"3,294 mi",8,$0.1328
BOS,SMA,"2,777",$288.74,"2,509 mi",8,$0.1151
CLE,LNK,"2,777",$300.34,799 mi,8,$0.3759
IAH,SSG,"2,776","$2,734.91","7,131 mi",8,$0.3835
LAS,COU,"2,776",$335.98,"1,307 mi",8,$0.2571
MSY,JNB,"2,776",$918.92,"8,460 mi",8,$0.1086
DCA,ABI,"2,775",$265.72,"1,303 mi",8,$0.2039
BUR,CID,"2,774",$299.11,"1,582 mi",8,$0.1891
DEN,RAK,"2,774",$870.89,"5,330 mi",8,$0.1634
PHL,AXA,"2,774","$1,065.52","1,614 mi",8,$0.6602
PHL,CPT,"2,774","$1,132.75","7,615 mi",8,$0.1488
PHL,POP,"2,773",$424.28,"1,460 mi",8,$0.2906
SFO,BGA,"2,773",$218.24,"3,836 mi",8,$0.0569
DFW,CNF,"2,773","$1,018.37","4,891 mi",8,$0.2082
SAT,EGE,"2,773",$372.46,822 mi,8,$0.4531
CLT,ITM,"2,772","$1,472.15","6,849 mi",8,$0.2149
BWI,BRU,"2,772",$405.37,"3,954 mi",8,$0.1025
BOS,RMO,"2,771",$319.59,"4,704 mi",8,$0.0679
IAH,CHC,"2,771","$1,269.58","7,476 mi",8,$0.1698
JFK,MGF,"2,771",$626.04,"4,506 mi",8,$0.1389
LAX,SDJ,"2,771",$611.02,"5,484 mi",8,$0.1114
ORD,BRL,"2,771",$52.99,192 mi,8,$0.2760
LAX,TAM,"2,770",$180.18,"1,527 mi",8,$0.1180
PHX,LCH,"2,770",$272.27,"1,159 mi",8,$0.2349
ONT,MOB,"2,770",$314.29,"1,671 mi",8,$0.1881
IAH,PRN,"2,769",$598.79,"5,821 mi",8,$0.1029
BOS,SKP,"2,768",$471.43,"4,345 mi",8,$0.1085
MIA,SGU,"2,768",$398.95,"2,036 mi",8,$0.1959
SJC,MZT,"2,768",$168.98,"1,310 mi",8,$0.1290
JAX,MSO,"2,764",$324.80,"2,122 mi",8,$0.1531
SEA,ASM,"2,764",$646.18,"7,710 mi",8,$0.0838
TPA,YLW,"2,762",$346.25,"2,381 mi",8,$0.1454
BWI,MLU,"2,762",$282.62,"1,003 mi",8,$0.2818
LEX,HSV,"2,762",$241.51,272 mi,8,$0.8879
MCO,HMO,"2,762",$246.77,"1,851 mi",8,$0.1333
MCO,PMO,"2,761",$519.07,"5,412 mi",8,$0.0959
BOS,OLB,"2,759",$824.27,"3,872 mi",8,$0.2129
JFK,ASE,"2,759",$532.93,"1,797 mi",8,$0.2966
SLC,DPS,"2,758",$867.51,"8,543 mi",8,$0.1015
TPA,CTA,"2,757",$706.44,"5,615 mi",8,$0.1258
CVG,STI,"2,757",$261.35,"1,548 mi",8,$0.1688
LAX,POZ,"2,757",$706.52,"6,065 mi",8,$0.1165
DFW,LWS,"2,756",$382.51,"1,364 mi",8,$0.2804
MCI,ALG,"2,755",$312.96,"5,193 mi",8,$0.0603
SLC,MBS,"2,755",$358.49,"1,391 mi",8,$0.2577
SLC,OTP,"2,754",$741.73,"6,172 mi",8,$0.1202
HNL,SCL,"2,754",$836.73,"7,065 mi",8,$0.1184
RDU,COU,"2,752",$369.83,741 mi,8,$0.4991
SFO,MPL,"2,751","$1,001.02","5,721 mi",8,$0.1750
CLE,EGE,"2,751",$392.60,"1,357 mi",8,$0.2893
SAN,FLG,"2,750",$216.71,346 mi,8,$0.6263
DTW,CRW,"2,749",$454.46,273 mi,8,$1.6647
PHL,AMD,"2,749","$1,518.00","7,849 mi",8,$0.1934
SFO,PQC,"2,749",$686.14,"7,739 mi",8,$0.0887
JFK,YQR,"2,748",$291.54,"1,576 mi",8,$0.1850
EWR,TOS,"2,747",$328.14,"3,795 mi",8,$0.0865
SFO,CRW,"2,747",$406.31,"2,138 mi",8,$0.1900
MSP,PMI,"2,746","$1,650.34","4,482 mi",8,$0.3682
LAX,NPE,"2,745",$849.44,"6,345 mi",8,$0.1339
LGA,LNK,"2,744",$364.26,"1,157 mi",8,$0.3148
ANC,CRK,"2,744",$564.35,"5,441 mi",8,$0.1037
LAX,PHC,"2,742",$766.12,"7,736 mi",8,$0.0990
SJC,BIL,"2,742",$289.52,876 mi,8,$0.3305
BOS,DAR,"2,741",$784.68,"7,794 mi",8,$0.1007
CVG,TRI,"2,740",$300.10,210 mi,8,$1.4290
DCA,LIS,"2,739",$568.03,"3,672 mi",8,$0.1547
SDF,NBO,"2,739",$497.05,"8,255 mi",8,$0.0602
SFO,KMI,"2,739","$1,292.16","5,851 mi",8,$0.2208
BWI,MEL,"2,738","$1,508.05","9,901 mi",8,$0.1523
MCO,GOX,"2,738",$700.36,"9,232 mi",8,$0.0759
MSY,YWG,"2,738",$411.96,"1,466 mi",8,$0.2810
PDX,HDN,"2,737",$234.04,877 mi,7,$0.2669
SFO,SIT,"2,737",$417.12,"1,512 mi",7,$0.2759
ONT,JAC,"2,736",$246.13,733 mi,7,$0.3358
MSY,KEF,"2,735",$605.78,"3,813 mi",7,$0.1589
EWR,MLU,"2,735",$297.44,"1,172 mi",7,$0.2538
BNA,BLQ,"2,734",$745.30,"4,726 mi",7,$0.1577
BOS,TUN,"2,734",$638.44,"4,047 mi",7,$0.1578
SAN,GYE,"2,734",$368.73,"3,323 mi",7,$0.1110
DFW,DSS,"2,733",$923.57,"4,945 mi",7,$0.1868
AUS,BNE,"2,732","$1,485.83","7,971 mi",7,$0.1864
MSY,PRG,"2,732",$628.93,"5,398 mi",7,$0.1165
CLT,PAH,"2,731",$118.68,469 mi,7,$0.2530
EWR,YXE,"2,731",$415.33,"1,772 mi",7,$0.2344
ANC,ADK,"2,731",$470.25,"1,225 mi",7,$0.3839
ANC,CID,"2,731",$475.40,"2,635 mi",7,$0.1804
SFO,HLN,"2,731",$273.64,792 mi,7,$0.3455
SFO,KKJ,"2,731","$2,613.91","5,781 mi",7,$0.4522
BOS,LNK,"2,730",$380.40,"1,369 mi",7,$0.2779
MSY,NCE,"2,730",$813.92,"5,317 mi",7,$0.1531
SLC,NAP,"2,730",$811.55,"6,041 mi",7,$0.1343
MCO,MLM,"2,730",$240.90,"1,416 mi",7,$0.1701
STL,GRK,"2,730",$300.97,658 mi,7,$0.4574
PDX,BJX,"2,728",$342.84,"2,016 mi",7,$0.1701
JAX,GCM,"2,728",$412.91,797 mi,7,$0.5181
IAD,PSA,"2,726",$680.48,"4,217 mi",7,$0.1614
IAD,IBZ,"2,725",$623.88,"4,214 mi",7,$0.1480
MSY,GVA,"2,725",$793.81,"5,185 mi",7,$0.1531
TPA,MLU,"2,725",$257.09,667 mi,7,$0.3854
IAD,TGD,"2,724","$1,152.63","4,633 mi",7,$0.2488
PHX,DAC,"2,724",$678.98,"7,967 mi",7,$0.0852
SAT,YOW,"2,724",$447.17,"1,600 mi",7,$0.2795
ANC,SAL,"2,722",$414.50,"4,586 mi",7,$0.0904
LEX,YVR,"2,722",$393.03,"2,113 mi",7,$0.1860
SEA,SNN,"2,722",$593.21,"4,353 mi",7,$0.1363
MEM,EDI,"2,721",$522.34,"4,256 mi",7,$0.1227
JAX,BKK,"2,720",$736.38,"9,099 mi",7,$0.0809
MSY,UIO,"2,720",$366.26,"2,290 mi",7,$0.1599
MSY,VAR,"2,720",$914.51,"6,219 mi",7,$0.1471
SEA,LJU,"2,720",$784.70,"5,621 mi",7,$0.1396
LAS,ACC,"2,719",$687.47,"7,130 mi",7,$0.0964
ORD,LBA,"2,719",$605.59,"3,707 mi",7,$0.1634
DTW,TLS,"2,717","$1,089.59","4,209 mi",7,$0.2589
SAN,SAF,"2,717",$260.80,645 mi,7,$0.4043
DEN,MLA,"2,717",$864.16,"6,109 mi",7,$0.1415
DTW,SGU,"2,717",$454.83,"1,687 mi",7,$0.2696
IAD,ATQ,"2,717",$527.67,"7,457 mi",7,$0.0708
JFK,DUR,"2,716",$776.29,"8,004 mi",7,$0.0970
MCO,STR,"2,716",$696.13,"4,649 mi",7,$0.1497
MSY,FAY,"2,715",$226.49,725 mi,7,$0.3124
SFO,AXT,"2,715","$2,285.16","5,116 mi",7,$0.4467
STL,BGI,"2,714",$436.80,"2,511 mi",7,$0.1740
IAD,FUK,"2,713","$1,458.84","7,329 mi",7,$0.1991
DTW,GIG,"2,712",$944.65,"5,015 mi",7,$0.1884
MSP,GIG,"2,712","$1,089.72","5,467 mi",7,$0.1993
RDU,RST,"2,712",$275.87,885 mi,7,$0.3117
MSP,DPS,"2,711","$1,407.98","9,703 mi",7,$0.1451
TPA,BNE,"2,711","$1,399.89","8,790 mi",7,$0.1593
ORD,ADE,"2,710",$501.34,"7,385 mi",7,$0.0679
HNL,MFE,"2,710",$450.96,"3,644 mi",7,$0.1238
SAN,TLS,"2,710","$1,181.47","5,716 mi",7,$0.2067
BWI,MXP,"2,709",$386.19,"4,043 mi",7,$0.0955
LAS,BFL,"2,709",$255.54,216 mi,7,$1.1831
ORD,MYJ,"2,709","$1,285.13","6,403 mi",7,$0.2007
BOS,SZG,"2,708",$643.61,"3,791 mi",7,$0.1698
PHL,CLO,"2,707",$299.66,"2,436 mi",7,$0.1230
CLT,LRD,"2,706",$368.31,"1,247 mi",7,$0.2954
IAH,EBB,"2,706",$638.47,"8,684 mi",7,$0.0735
PHX,DBV,"2,706",$869.25,"6,505 mi",7,$0.1336
SLC,STI,"2,706",$292.93,"2,758 mi",7,$0.1062
ATL,CLJ,"2,705",$425.76,"5,155 mi",7,$0.0826
CLT,SAF,"2,705",$326.25,"1,454 mi",7,$0.2244
DEN,FAO,"2,705",$791.40,"4,804 mi",7,$0.1647
JFK,CID,"2,705",$282.24,962 mi,7,$0.2934
CLE,SAL,"2,704",$276.31,"2,040 mi",7,$0.1354
ORD,VSA,"2,704",$355.04,"1,632 mi",7,$0.2175
SEA,ZLO,"2,704",$279.83,"2,130 mi",7,$0.1314
SJC,ILM,"2,704",$389.25,"2,528 mi",7,$0.1540
SLC,OAJ,"2,703",$413.91,"1,851 mi",7,$0.2236
EWR,DLA,"2,703",$399.99,"5,890 mi",7,$0.0679
IAH,ORK,"2,702",$882.80,"4,627 mi",7,$0.1908
MDW,AUA,"2,702",$336.14,"2,357 mi",7,$0.1426
MEM,LRD,"2,702",$290.10,785 mi,7,$0.3696
SEA,ATQ,"2,702",$783.16,"7,071 mi",7,$0.1108
SAT,DLH,"2,701",$337.29,"1,205 mi",7,$0.2799
ATL,TRN,"2,700",$793.32,"4,569 mi",7,$0.1736
LAS,AMM,"2,700","$1,046.09","7,615 mi",7,$0.1374
MSP,NCL,"2,700",$669.85,"3,944 mi",7,$0.1698
MSY,CAI,"2,700",$661.54,"6,988 mi",7,$0.0947
DTW,OAJ,"2,700",$263.80,579 mi,7,$0.4556
JFK,LEJ,"2,700",$582.25,"3,832 mi",7,$0.1519
ATL,BQN,"2,699",$233.26,"1,450 mi",7,$0.1609
LAX,MHD,"2,699",$425.96,"7,814 mi",7,$0.0545
ORD,EIS,"2,699","$1,005.35","2,192 mi",7,$0.4586
LEX,SGF,"2,698",$269.03,469 mi,7,$0.5736
SAT,GFK,"2,698",$310.24,"1,312 mi",7,$0.2365
MCI,CAI,"2,697",$513.35,"6,326 mi",7,$0.0811
LAX,NLK,"2,697",$729.96,"6,677 mi",7,$0.1093
BNA,STX,"2,696",$285.75,"1,900 mi",7,$0.1504
SEA,DHN,"2,696",$451.78,"2,299 mi",7,$0.1965
LAS,TGZ,"2,696",$199.48,"1,970 mi",7,$0.1013
FLL,BMI,"2,695",$279.66,"1,082 mi",7,$0.2585
IAD,RBA,"2,695","$1,232.28","3,727 mi",7,$0.3306
PHX,MRS,"2,695",$765.88,"5,989 mi",7,$0.1279
OGG,SGF,"2,693",$551.86,"3,781 mi",7,$0.1460
LAS,DOH,"2,692","$1,329.62","8,353 mi",7,$0.1592
BOS,ACE,"2,692",$568.40,"3,189 mi",7,$0.1782
LAX,AEX,"2,692",$406.07,"1,556 mi",7,$0.2610
IAD,LBV,"2,691","$1,143.61","5,849 mi",7,$0.1955
IAH,TRN,"2,691",$925.67,"5,510 mi",7,$0.1680
PIT,MLU,"2,691",$289.75,829 mi,7,$0.3495
RDU,GJT,"2,691",$336.85,"1,589 mi",7,$0.2120
SLC,HAM,"2,691",$691.00,"5,212 mi",7,$0.1326
JFK,DAB,"2,690",$214.72,865 mi,7,$0.2482
CLT,HAV,"2,689",$237.53,824 mi,7,$0.2883
ORD,LPA,"2,689",$671.77,"4,220 mi",7,$0.1592
PDX,HEL,"2,689",$610.31,"4,748 mi",7,$0.1285
PDX,HRL,"2,689",$272.10,"1,976 mi",7,$0.1377
DEN,POS,"2,689",$512.34,"3,230 mi",7,$0.1586
JAX,BMI,"2,688",$302.27,824 mi,7,$0.3668
JAX,HAV,"2,688",$250.39,536 mi,7,$0.4671
SLC,HDN,"2,688",$185.64,258 mi,7,$0.7195
LAX,KBL,"2,687",$732.62,"7,907 mi",7,$0.0927
SJC,YYC,"2,687",$280.64,"1,057 mi",7,$0.2655
PHX,FSM,"2,686",$345.49,983 mi,7,$0.3515
STL,YQB,"2,684",$395.02,"1,074 mi",7,$0.3678
IAD,DRO,"2,683",$405.12,"1,694 mi",7,$0.2391
ATL,PHF,"2,682",$159.21,493 mi,7,$0.3229
SFO,HFE,"2,681",$817.45,"6,481 mi",7,$0.1261
CLE,BIS,"2,681",$302.86,"1,035 mi",7,$0.2926
FLL,AKL,"2,681","$1,542.04","8,312 mi",7,$0.1855
CVG,CUR,"2,680",$335.50,"2,154 mi",7,$0.1558
ORD,JER,"2,678","$2,331.14","4,065 mi",7,$0.5735
ATL,GLH,"2,677",$96.53,367 mi,7,$0.2630
HNL,BUD,"2,677",$698.25,"7,912 mi",7,$0.0883
LGA,MHH,"2,677",$586.99,973 mi,7,$0.6033
LAX,AVV,"2,677","$1,433.43","7,717 mi",7,$0.1857
PDX,YXE,"2,676",$290.41,877 mi,7,$0.3311
SFO,POS,"2,675",$469.00,"4,069 mi",7,$0.1153
BUR,GSP,"2,673",$318.86,"2,107 mi",7,$0.1513
DTW,SAF,"2,673",$386.48,"1,260 mi",7,$0.3067
MIA,YQY,"2,673",$609.66,"1,741 mi",7,$0.3502
SAT,BRU,"2,673",$840.89,"5,334 mi",7,$0.1576
BWI,OSL,"2,672",$372.08,"3,966 mi",7,$0.0938
MCI,SNN,"2,672",$453.85,"4,087 mi",7,$0.1110
RDU,GOT,"2,672",$658.26,"4,078 mi",7,$0.1614
MCO,BGO,"2,671",$490.66,"4,283 mi",7,$0.1146
MIA,VSA,"2,671",$302.84,995 mi,7,$0.3044
AUS,BRO,"2,670",$198.16,306 mi,7,$0.6476
SLC,GFK,"2,669",$396.06,854 mi,7,$0.4638
DTW,MLU,"2,669",$316.91,797 mi,7,$0.3976
PHL,LNK,"2,669",$358.73,"1,166 mi",7,$0.3077
SAT,SGU,"2,669",$252.17,"1,045 mi",7,$0.2413
STL,ASE,"2,669",$388.61,912 mi,7,$0.4261
EWR,AMA,"2,668",$388.52,"1,586 mi",7,$0.2450
IAH,YQU,"2,667",$389.80,"2,028 mi",7,$0.1922
STL,BJX,"2,667",$286.62,"1,351 mi",7,$0.2122
MCO,YUM,"2,667",$368.90,"1,934 mi",7,$0.1907
BOS,MLU,"2,666",$325.77,"1,374 mi",7,$0.2371
MSY,STX,"2,665",$313.56,"1,759 mi",7,$0.1783
SAT,GCM,"2,665",$423.75,"1,325 mi",7,$0.3198
PHX,GUM,"2,664","$1,837.70","6,250 mi",7,$0.2940
BWI,BUD,"2,664",$457.03,"4,677 mi",7,$0.0977
TPA,ITM,"2,664","$1,132.87","7,665 mi",7,$0.1478
RDU,BFL,"2,663",$427.59,"2,178 mi",7,$0.1963
IAH,LMM,"2,663",$158.44,917 mi,7,$0.1728
MCI,JNB,"2,663","$1,112.10","8,784 mi",7,$0.1266
SFO,PDL,"2,662",$594.75,"5,159 mi",7,$0.1153
JFK,COO,"2,661",$415.02,"5,364 mi",7,$0.0774
LAX,GYD,"2,660",$998.80,"7,026 mi",7,$0.1422
SAN,GOT,"2,660",$613.27,"5,372 mi",7,$0.1142
SAT,CZM,"2,660",$238.18,981 mi,7,$0.2428
ORD,XMN,"2,660","$1,205.87","7,322 mi",7,$0.1647
SEA,EGE,"2,660",$335.86,910 mi,7,$0.3691
MIA,SLZ,"2,659",$486.32,"3,014 mi",7,$0.1614
STL,YOW,"2,659",$417.83,905 mi,7,$0.4617
LAS,DBV,"2,658",$936.75,"6,073 mi",7,$0.1542
ONT,GTF,"2,658",$254.17,953 mi,7,$0.2667
MCI,MAN,"2,657",$841.84,"4,324 mi",7,$0.1947
MSP,MDE,"2,657",$411.13,"2,796 mi",7,$0.1470
PHL,MGA,"2,656",$430.25,"2,090 mi",7,$0.2059
PHX,RUH,"2,656","$1,480.55","7,921 mi",7,$0.1869
JFK,UDI,"2,655",$660.17,"4,295 mi",7,$0.1537
PHX,ITM,"2,655","$1,518.56","5,834 mi",7,$0.2603
BOS,PPT,"2,654","$1,418.86","6,278 mi",7,$0.2260
MCO,AXM,"2,654",$219.19,"1,645 mi",7,$0.1332
SDF,PVG,"2,654","$1,292.00","7,109 mi",7,$0.1817
TPA,RST,"2,654",$252.46,"1,195 mi",7,$0.2113
JAX,SJJ,"2,654",$660.30,"5,403 mi",7,$0.1222
DFW,FOC,"2,653",$810.56,"7,478 mi",7,$0.1084
ORD,ELM,"2,652",$317.47,548 mi,7,$0.5793
SFO,DSS,"2,652",$808.43,"6,600 mi",7,$0.1225
ANC,STS,"2,652",$441.29,"2,008 mi",7,$0.2198
MCO,MVY,"2,652",$325.55,"1,047 mi",7,$0.3109
STL,MAA,"2,652",$827.94,"8,546 mi",7,$0.0969
LAX,ABX,"2,650","$1,054.39","7,541 mi",7,$0.1398
ANC,ALB,"2,650",$526.82,"3,361 mi",7,$0.1567
ONT,FAY,"2,650",$316.14,"2,125 mi",7,$0.1488
STL,GTF,"2,650",$303.01,"1,249 mi",7,$0.2426
JAX,CAI,"2,649",$465.96,"6,176 mi",7,$0.0754
MSY,XWA,"2,649",$385.03,"1,406 mi",7,$0.2738
HNL,PTY,"2,648",$709.52,"5,100 mi",7,$0.1391
MSY,MLB,"2,648",$305.18,613 mi,7,$0.4978
SEA,KTI,"2,648",$490.59,"7,222 mi",7,$0.0679
EWR,GUM,"2,647","$2,536.71","7,701 mi",7,$0.3294
MIA,CIX,"2,647",$234.56,"2,319 mi",7,$0.1011
EWR,BGA,"2,646",$235.90,"2,250 mi",7,$0.1048
IAD,EVV,"2,646",$265.89,532 mi,7,$0.4998
IAD,YYJ,"2,646",$413.11,"2,279 mi",7,$0.1813
DAL,CDG,"2,645",$666.50,"4,783 mi",7,$0.1393
IAH,NUE,"2,645",$683.38,"5,496 mi",7,$0.1243
JAX,SXM,"2,645",$447.91,"1,492 mi",7,$0.3002
LAX,TRD,"2,645",$804.12,"5,313 mi",7,$0.1513
MSY,STI,"2,645",$210.21,"1,474 mi",7,$0.1426
DTW,CLJ,"2,645",$357.32,"4,695 mi",7,$0.0761
CVG,ISP,"2,644",$210.30,605 mi,7,$0.3476
IAH,ALA,"2,644",$859.77,"7,126 mi",7,$0.1207
SFO,SVG,"2,643",$657.81,"4,981 mi",7,$0.1321
SFO,NTE,"2,641",$709.93,"5,368 mi",7,$0.1323
LEX,DAB,"2,640",$251.25,664 mi,7,$0.3784
MCI,BJX,"2,639",$378.37,"1,367 mi",7,$0.2768
SEA,MLU,"2,639",$354.61,"1,831 mi",7,$0.1937
HNL,TKS,"2,638","$1,252.01","4,024 mi",7,$0.3111
LAX,HBE,"2,638",$340.40,"7,722 mi",7,$0.0441
SJC,FCO,"2,637",$367.15,"6,439 mi",7,$0.0570
DCA,MTJ,"2,637",$322.68,"1,606 mi",7,$0.2009
HNL,MAF,"2,636",$391.17,"3,377 mi",7,$0.1158
PHX,NGO,"2,636","$1,121.87","6,130 mi",7,$0.1830
SFO,EIS,"2,636",$971.94,"3,594 mi",7,$0.2704
CLT,HTS,"2,635",$169.39,229 mi,7,$0.7397
HNL,BOG,"2,635",$680.61,"5,871 mi",7,$0.1159
MCO,MQT,"2,635",$371.67,"1,320 mi",7,$0.2816
OGG,YXE,"2,635",$338.31,"3,304 mi",7,$0.1024
DFW,HRE,"2,634",$986.51,"9,346 mi",7,$0.1056
MCI,MBS,"2,634",$259.67,604 mi,7,$0.4299
MIA,LAN,"2,634",$261.85,"1,162 mi",7,$0.2253
CLT,COU,"2,633",$266.01,689 mi,7,$0.3861
EWR,CZM,"2,633",$257.44,"1,536 mi",7,$0.1676
IAH,GOX,"2,633",$585.95,"9,473 mi",7,$0.0619
LAX,CHQ,"2,632",$775.54,"6,850 mi",7,$0.1132
MSP,JIJ,"2,632",$709.51,"8,030 mi",7,$0.0884
ORD,KOJ,"2,632","$1,915.72","6,576 mi",7,$0.2913
AUS,HAM,"2,631","$1,052.95","5,377 mi",7,$0.1958
LAS,CIU,"2,631",$427.95,"1,678 mi",7,$0.2550
JFK,MAH,"2,630","$1,033.75","4,086 mi",7,$0.2530
RDU,HAM,"2,630",$866.17,"4,353 mi",7,$0.1990
CLE,SAF,"2,629",$372.96,"1,406 mi",7,$0.2653
ORD,DLA,"2,629",$379.36,"6,616 mi",7,$0.0573
SLC,CTG,"2,629",$350.12,"3,144 mi",7,$0.1114
AUS,ORK,"2,628","$1,230.81","4,439 mi",7,$0.2773
BOS,FOR,"2,626",$561.16,"3,893 mi",7,$0.1441
IAD,SYZ,"2,626",$645.93,"6,515 mi",7,$0.0991
MCO,TRC,"2,626",$296.57,"1,332 mi",7,$0.2227
DEN,NAN,"2,625","$1,087.57","6,192 mi",7,$0.1756
PDX,PUW,"2,625",$282.62,266 mi,7,$1.0625
ANC,SJD,"2,625",$377.90,"3,147 mi",7,$0.1201
LAX,COU,"2,625",$311.04,"1,535 mi",7,$0.2026
BUR,LIH,"2,624",$390.70,"2,696 mi",7,$0.1449
PHX,GRK,"2,624",$279.67,869 mi,7,$0.3218
FLL,BKK,"2,624",$776.05,"9,980 mi",7,$0.0778
LAS,CJS,"2,624",$66.26,569 mi,7,$0.1164
TPA,LIN,"2,624",$654.82,"4,802 mi",7,$0.1364
ORD,GUM,"2,622","$1,918.83","7,130 mi",7,$0.2691
PDX,HAN,"2,622","$1,329.71","7,119 mi",7,$0.1868
PHL,SUN,"2,622",$474.72,"2,072 mi",7,$0.2291
MSP,LFW,"2,622",$456.86,"5,952 mi",7,$0.0768
PDX,FLG,"2,621",$257.04,893 mi,7,$0.2878
RDU,VLD,"2,621",$280.27,424 mi,7,$0.6610
ATL,TBS,"2,619",$618.87,"6,512 mi",7,$0.0950
CLT,ZAG,"2,619",$978.84,"4,976 mi",7,$0.1967
MCO,NAT,"2,619",$493.12,"3,746 mi",7,$0.1316
SEA,VKO,"2,619",$667.98,"5,376 mi",7,$0.1243
SLC,OPO,"2,619",$818.11,"5,164 mi",7,$0.1584
AUS,YXE,"2,618",$331.28,"1,538 mi",7,$0.2154
CLE,BFL,"2,617",$408.25,"2,101 mi",7,$0.1943
DCA,OAJ,"2,617",$451.26,288 mi,7,$1.5669
PHX,LSE,"2,616",$290.80,"1,286 mi",7,$0.2261
ORD,CHC,"2,615","$1,372.41","8,267 mi",7,$0.1660
PIT,PEK,"2,615","$1,619.88","6,567 mi",7,$0.2467
SFO,CNS,"2,614",$915.16,"7,234 mi",7,$0.1265
AUS,DHN,"2,614",$267.03,751 mi,7,$0.3556
DEN,EIS,"2,614",$556.47,"2,887 mi",7,$0.1928
ANC,PWM,"2,613",$548.03,"3,427 mi",7,$0.1599
BOS,TAO,"2,613","$1,926.84","7,161 mi",7,$0.2691
MIA,LHE,"2,612",$779.05,"8,383 mi",7,$0.0929
SDF,BGR,"2,611",$240.61,"1,015 mi",7,$0.2371
SEA,CLJ,"2,611",$666.82,"5,778 mi",7,$0.1154
CVG,SGU,"2,610",$424.26,"1,619 mi",7,$0.2621
DCA,BSB,"2,610",$690.93,"4,350 mi",7,$0.1588
EWR,BHX,"2,610",$435.42,"3,484 mi",7,$0.1250
MEM,KOA,"2,610",$618.08,"4,239 mi",7,$0.1458
SEA,CPR,"2,610",$296.47,806 mi,7,$0.3678
DFW,PUW,"2,609",$319.53,"1,381 mi",7,$0.2314
EWR,VVI,"2,609",$404.87,"4,215 mi",7,$0.0961
LAS,ZAG,"2,609",$568.32,"5,839 mi",7,$0.0973
MCI,CID,"2,609",$273.92,231 mi,7,$1.1858
LEX,BOI,"2,608",$336.55,"1,737 mi",7,$0.1938
CLE,MAA,"2,608",$657.72,"8,251 mi",7,$0.0797
DCA,MID,"2,606",$333.02,"1,404 mi",7,$0.2372
PDX,WAW,"2,606",$613.23,"5,185 mi",7,$0.1183
BOS,ELH,"2,605",$559.86,"1,175 mi",7,$0.4765
CLT,CMN,"2,605",$554.13,"4,210 mi",7,$0.1316
DFW,CWB,"2,605",$683.54,"4,964 mi",7,$0.1377
MEM,MXP,"2,605",$898.64,"4,766 mi",7,$0.1886
SEA,SHE,"2,604",$661.72,"5,238 mi",7,$0.1263
DCA,SVD,"2,602",$426.67,"2,084 mi",7,$0.2047
CVG,MLI,"2,601",$243.66,340 mi,7,$0.7166
AUS,OAJ,"2,600",$284.68,"1,245 mi",7,$0.2287
SAN,ABI,"2,600",$297.00,"1,049 mi",7,$0.2831
DTW,SJJ,"2,599",$408.80,"4,630 mi",7,$0.0883
STL,HHH,"2,598",$195.96,727 mi,7,$0.2695
ANC,GSO,"2,597",$529.70,"3,319 mi",7,$0.1596
PHL,GRK,"2,597",$383.35,"1,446 mi",7,$0.2651
PDX,TRI,"2,596",$419.08,"2,227 mi",7,$0.1882
DTW,EGE,"2,596",$459.17,"1,202 mi",7,$0.3820
SLC,KTN,"2,596",$355.58,"1,308 mi",7,$0.2719
CVG,NRT,"2,595","$1,037.77","6,327 mi",7,$0.1640
MEM,BGR,"2,595",$280.11,"1,341 mi",7,$0.2089
DEN,UBN,"2,594",$810.79,"5,906 mi",7,$0.1373
IAD,VRN,"2,594",$832.01,"4,182 mi",7,$0.1990
SAT,ASE,"2,594",$385.58,847 mi,7,$0.4552
IAH,HAJ,"2,593","$1,292.68","5,334 mi",7,$0.2423
LAS,ABZ,"2,592","$1,110.50","4,764 mi",7,$0.2331
MCI,EZE,"2,592","$1,036.40","5,787 mi",7,$0.1791
TPA,DAD,"2,592",$649.11,"9,032 mi",7,$0.0719
ORD,DGO,"2,591",$216.62,"1,512 mi",7,$0.1433
LAS,MHK,"2,590",$314.15,"1,063 mi",7,$0.2955
DCA,AXA,"2,589",$603.92,"1,605 mi",7,$0.3763
JFK,KRS,"2,589",$516.57,"3,729 mi",7,$0.1385
MCI,MLU,"2,589",$266.29,477 mi,7,$0.5583
ORD,MLE,"2,589","$1,054.51","8,769 mi",7,$0.1203
ATL,ITH,"2,589",$292.25,727 mi,7,$0.4020
LAS,WDH,"2,589",$538.00,"9,747 mi",7,$0.0552
DTW,CTA,"2,588",$817.52,"5,066 mi",7,$0.1614
JFK,HRB,"2,588",$857.78,"6,159 mi",7,$0.1393
DFW,DMM,"2,587","$1,173.50","8,026 mi",7,$0.1462
SAT,HMO,"2,587",$216.60,735 mi,7,$0.2947
DAL,APA,"2,587",$545.72,662 mi,7,$0.8244
MSP,ELM,"2,587",$360.46,813 mi,7,$0.4434
BOS,SVD,"2,586",$282.24,"2,039 mi",7,$0.1384
DCA,CSG,"2,586",$292.58,604 mi,7,$0.4844
BOS,BMI,"2,585",$358.59,907 mi,7,$0.3954
SAN,PMO,"2,585",$636.89,"6,390 mi",7,$0.0997
SAT,STX,"2,585",$260.67,"2,204 mi",7,$0.1183
ONT,HAN,"2,584",$523.22,"7,439 mi",7,$0.0703
TPA,SAF,"2,584",$346.97,"1,432 mi",7,$0.2423
DEN,HER,"2,583",$691.98,"6,529 mi",7,$0.1060
RDU,CWA,"2,582",$301.76,864 mi,7,$0.3493
ORD,ACV,"2,582",$381.23,"1,917 mi",7,$0.1989
BUR,BIL,"2,581",$263.91,983 mi,7,$0.2685
JAX,SIN,"2,581","$1,712.91","9,898 mi",7,$0.1731
MSY,IDA,"2,579",$335.59,"1,565 mi",7,$0.2144
PDX,TQO,"2,579",$222.16,"2,567 mi",7,$0.0865
CLT,MRS,"2,579",$427.00,"4,298 mi",7,$0.0993
FLL,BER,"2,579",$408.81,"5,107 mi",7,$0.0800
LAS,ORK,"2,579",$593.85,"5,077 mi",7,$0.1170
MIA,ESB,"2,578",$572.37,"5,999 mi",7,$0.0954
AUS,KRK,"2,577",$925.48,"5,531 mi",7,$0.1673
SDF,UVF,"2,577",$355.51,"2,338 mi",7,$0.1521
JAX,UIO,"2,577",$466.12,"2,191 mi",7,$0.2127
TPA,LNK,"2,577",$316.31,"1,236 mi",7,$0.2559
PIT,QRO,"2,576",$329.96,"1,752 mi",7,$0.1883
JFK,DAM,"2,576",$557.55,"5,836 mi",7,$0.0955
FLL,BNE,"2,575","$1,334.28","9,449 mi",7,$0.1412
BOS,SID,"2,574",$245.54,"3,427 mi",7,$0.0716
LAX,IGU,"2,574",$929.66,"5,695 mi",7,$0.1632
SAN,BLQ,"2,574",$787.85,"6,380 mi",7,$0.1235
JAX,MGM,"2,574",$280.50,295 mi,7,$0.9508
PDX,AVP,"2,574",$396.98,"2,265 mi",7,$0.1753
SDF,TVC,"2,574",$267.62,440 mi,7,$0.6082
AUS,MLB,"2,573",$303.22,"1,067 mi",7,$0.2842
CVG,YEG,"2,573",$339.80,"1,630 mi",7,$0.2085
EWR,AEX,"2,573",$369.95,"1,174 mi",7,$0.3151
HNL,BTV,"2,573",$737.82,"4,800 mi",7,$0.1537
SDF,LIS,"2,573",$668.62,"3,891 mi",7,$0.1718
BOS,AAL,"2,572",$523.75,"3,417 mi",7,$0.1533
DFW,ACK,"2,572",$407.11,"1,635 mi",7,$0.2490
AUS,GTF,"2,572",$299.14,"1,441 mi",7,$0.2076
BOS,JER,"2,572",$951.01,"3,330 mi",7,$0.2856
FLL,MOT,"2,572",$349.77,"1,968 mi",7,$0.1777
LEX,SHV,"2,572",$268.03,666 mi,7,$0.4024
SLC,HEL,"2,571",$815.77,"4,887 mi",7,$0.1669
DCA,VLD,"2,571",$314.97,640 mi,7,$0.4921
HNL,LBB,"2,571",$419.15,"3,395 mi",7,$0.1235
JFK,JPA,"2,571",$836.42,"4,244 mi",7,$0.1971
JFK,KSC,"2,571",$403.53,"4,524 mi",7,$0.0892
LEX,COS,"2,571",$268.60,"1,054 mi",7,$0.2548
SEA,CAK,"2,571",$347.75,"2,112 mi",7,$0.1647
DEN,KUL,"2,570","$1,504.40","9,323 mi",7,$0.1614
JFK,MCZ,"2,570",$858.68,"4,353 mi",7,$0.1973
BOS,CHQ,"2,568",$627.80,"4,709 mi",7,$0.1333
MCO,MHK,"2,568",$298.17,"1,182 mi",7,$0.2523
BWI,SIN,"2,567","$1,840.08","9,924 mi",7,$0.1854
DEN,FNT,"2,567",$255.08,"1,135 mi",7,$0.2247
MCI,AEX,"2,567",$341.93,581 mi,7,$0.5885
CVG,YQB,"2,567",$332.88,883 mi,7,$0.3770
LAS,LCA,"2,567",$790.75,"7,352 mi",7,$0.1076
SLC,CWA,"2,567",$424.93,"1,195 mi",7,$0.3556
TPA,TQO,"2,567",$169.91,609 mi,7,$0.2790
IAD,CUC,"2,566",$262.18,"2,230 mi",7,$0.1176
LEX,QRO,"2,565",$414.67,"1,475 mi",7,$0.2811
MCO,BHX,"2,565",$612.50,"4,389 mi",7,$0.1396
SFO,ZLO,"2,565",$231.67,"1,618 mi",7,$0.1432
ATL,XWA,"2,564",$439.17,"1,463 mi",7,$0.3002
IAD,SMR,"2,564",$255.57,"1,875 mi",7,$0.1363
CLT,SKG,"2,563",$625.75,"5,159 mi",7,$0.1213
SAN,DBV,"2,563",$808.45,"6,323 mi",7,$0.1279
SAN,STI,"2,562",$299.89,"3,098 mi",7,$0.0968
LGA,BRU,"2,562",$158.90,"3,765 mi",7,$0.0422
SLC,CPT,"2,562","$1,442.43","9,427 mi",7,$0.1530
DCA,CWA,"2,561",$328.73,790 mi,7,$0.4161
FLL,BZE,"2,561",$188.74,812 mi,7,$0.2324
IAH,FNT,"2,561",$279.42,"1,069 mi",7,$0.2614
MCO,GOI,"2,561",$812.71,"9,252 mi",7,$0.0878
DCA,GJT,"2,561",$315.26,"1,633 mi",7,$0.1931
SEA,MXL,"2,560",$140.04,"1,056 mi",7,$0.1326
SFO,ANU,"2,560",$624.83,"4,023 mi",7,$0.1553
IAH,BOD,"2,559",$823.04,"4,850 mi",7,$0.1697
RDU,OAX,"2,559",$289.44,"1,655 mi",7,$0.1749
RDU,JED,"2,558",$512.53,"6,557 mi",7,$0.0782
SFO,BGW,"2,557",$375.01,"7,240 mi",7,$0.0518
DTW,MOT,"2,556",$328.62,935 mi,7,$0.3515
MSY,RST,"2,554",$334.28,998 mi,7,$0.3349
SEA,RAK,"2,554",$838.64,"5,794 mi",7,$0.1447
ANC,ROC,"2,554",$442.91,"3,023 mi",7,$0.1465
MEM,ZRH,"2,554",$851.30,"4,985 mi",7,$0.1708
ATL,LUX,"2,553","$1,074.74","4,384 mi",7,$0.2452
MIA,PPT,"2,553","$1,662.96","5,368 mi",7,$0.3098
ORD,RHI,"2,553",$221.11,272 mi,7,$0.8129
TPA,SVD,"2,553",$530.21,"1,662 mi",7,$0.3190
BOS,AEX,"2,552",$323.28,"1,450 mi",7,$0.2230
CLE,CWA,"2,552",$268.28,444 mi,7,$0.6042
IAH,CNF,"2,552","$1,135.71","4,694 mi",7,$0.2419
MCI,ABI,"2,552",$275.13,534 mi,7,$0.5152
PIT,HPN,"2,552",$210.24,334 mi,7,$0.6295
BNA,STI,"2,551",$293.36,"1,557 mi",7,$0.1884
IAH,YXX,"2,551",$262.02,"1,874 mi",7,$0.1398
TPA,RAK,"2,551",$643.34,"4,252 mi",7,$0.1513
RDU,YXE,"2,550",$430.13,"1,820 mi",7,$0.2363
SEA,FOC,"2,550",$537.28,"6,256 mi",7,$0.0859
STL,KTM,"2,550",$811.77,"7,602 mi",7,$0.1068
CVG,ANU,"2,549",$460.05,"1,985 mi",7,$0.2318
LAS,YSB,"2,549",$302.78,"1,849 mi",7,$0.1638
IAD,CNF,"2,549",$724.94,"4,452 mi",7,$0.1628
CLE,ABE,"2,548",$307.79,348 mi,7,$0.8845
LAX,CFU,"2,548",$882.40,"6,499 mi",7,$0.1358
PIT,CMH,"2,547",$254.71,140 mi,7,$1.8194
SFO,TNA,"2,546",$558.96,"5,857 mi",7,$0.0954
PHL,LSE,"2,545",$312.07,841 mi,7,$0.3711
IAD,TNR,"2,543","$1,411.50","9,153 mi",7,$0.1542
SLC,MDE,"2,543",$467.99,"3,385 mi",7,$0.1383
LGA,MFR,"2,543",$417.80,"2,574 mi",7,$0.1623
SAN,TQO,"2,543",$265.27,"2,073 mi",7,$0.1280
IAD,CRK,"2,542",$612.77,"8,775 mi",7,$0.0698
FLL,MVD,"2,542",$412.41,"4,629 mi",7,$0.0891
SEA,KHI,"2,542",$794.66,"7,180 mi",7,$0.1107
SFO,SZG,"2,542","$1,182.45","6,106 mi",7,$0.1937
CLT,OSL,"2,541",$534.98,"4,084 mi",7,$0.1310
SEA,RST,"2,541",$294.25,"1,406 mi",7,$0.2093
CLE,ASE,"2,540",$461.09,"1,362 mi",7,$0.3385
PHX,EAT,"2,540",$279.85,"1,087 mi",7,$0.2575
PIT,DXB,"2,540","$1,408.44","7,285 mi",7,$0.1933
MIA,SZG,"2,540","$1,291.93","4,912 mi",7,$0.2630
JFK,SZF,"2,538",$429.71,"5,454 mi",7,$0.0788
IAD,BIS,"2,538",$351.60,"1,252 mi",7,$0.2808
SDF,SGN,"2,538",$735.83,"9,227 mi",7,$0.0797
ATL,PUF,"2,538",$759.75,"4,531 mi",7,$0.1677
MSP,GRK,"2,538",$265.79,956 mi,7,$0.2780
SEA,TQO,"2,537",$271.45,"2,782 mi",7,$0.0976
ATL,TAS,"2,536",$581.95,"6,788 mi",7,$0.0857
OGG,ORF,"2,536",$604.41,"4,986 mi",7,$0.1212
ORD,ACT,"2,536",$291.94,908 mi,7,$0.3215
SEA,FAO,"2,536",$674.99,"5,496 mi",7,$0.1228
SAN,COU,"2,535",$339.99,"1,412 mi",7,$0.2408
SAT,YWG,"2,534",$397.17,"1,367 mi",7,$0.2905
MCO,LDB,"2,534",$502.63,"4,225 mi",7,$0.1190
ONT,PTY,"2,534",$350.59,"2,884 mi",7,$0.1216
DTW,YYJ,"2,533",$286.39,"1,910 mi",7,$0.1499
MIA,MBS,"2,533",$333.86,"1,281 mi",7,$0.2606
LAX,AQP,"2,533",$782.02,"4,782 mi",7,$0.1635
JAX,IST,"2,532",$657.09,"5,613 mi",7,$0.1171
DAL,HOB,"2,531",$196.28,359 mi,7,$0.5467
EWR,PNQ,"2,531","$1,505.24","8,093 mi",7,$0.1860
HNL,HKD,"2,530",$507.46,"3,900 mi",7,$0.1301
IAH,RIX,"2,530",$753.28,"5,636 mi",7,$0.1337
PHX,TYR,"2,529",$274.32,936 mi,7,$0.2931
AUS,ACC,"2,529",$665.76,"6,662 mi",7,$0.0999
MDW,TLH,"2,529",$315.06,786 mi,7,$0.4008
BWI,TLV,"2,528",$980.41,"6,023 mi",7,$0.1628
PHL,MRS,"2,528",$872.53,"3,872 mi",7,$0.2253
ATL,ADB,"2,528",$566.21,"5,636 mi",7,$0.1005
MIA,SDU,"2,527",$467.01,"4,308 mi",7,$0.1084
STL,TIA,"2,527",$399.86,"5,529 mi",7,$0.0723
SLC,AZO,"2,526",$381.52,"1,406 mi",7,$0.2714
JAX,JNB,"2,525","$1,228.59","7,986 mi",7,$0.1538
DEN,PMO,"2,525",$907.62,"5,589 mi",7,$0.1624
PHL,SVQ,"2,525","$1,195.78","3,539 mi",7,$0.3379
PHX,GCC,"2,525",$348.37,855 mi,7,$0.4075
MCO,LSE,"2,524",$322.59,"1,237 mi",7,$0.2608
CVG,CRP,"2,524",$279.95,"1,104 mi",7,$0.2536
BWI,HEL,"2,522",$403.42,"4,403 mi",7,$0.0916
IAD,MPM,"2,522","$1,466.35","8,106 mi",7,$0.1809
MCO,FOC,"2,522",$661.78,"8,177 mi",7,$0.0809
RDU,CZM,"2,522",$293.54,"1,135 mi",7,$0.2586
HNL,FOC,"2,520",$606.32,"5,291 mi",7,$0.1146
IAH,PMI,"2,519",$971.65,"5,482 mi",7,$0.1772
LAX,NPL,"2,519",$707.63,"6,431 mi",7,$0.1100
MEM,MAN,"2,518",$631.90,"4,108 mi",7,$0.1538
SFO,BQN,"2,518",$345.38,"3,669 mi",7,$0.0941
LAS,YQT,"2,517",$341.74,"1,512 mi",7,$0.2260
MIA,MCZ,"2,515",$707.97,"3,742 mi",7,$0.1892
EWR,NQZ,"2,514",$555.58,"5,596 mi",7,$0.0993
ORD,PUW,"2,513",$413.85,"1,515 mi",7,$0.2732
BOS,BHB,"2,513",$163.52,202 mi,7,$0.8095
BWI,GTF,"2,512",$328.32,"1,874 mi",7,$0.1752
ATL,MVY,"2,512",$355.97,954 mi,7,$0.3731
SEA,EVN,"2,512",$528.57,"6,519 mi",7,$0.0811
AUS,EIS,"2,511",$981.61,"2,161 mi",7,$0.4542
ORD,NAN,"2,511","$1,028.60","7,483 mi",7,$0.1375
MIA,TNR,"2,511",$863.51,"8,811 mi",7,$0.0980
ORD,GFK,"2,511",$324.76,630 mi,7,$0.5155
PHX,BJI,"2,511",$397.36,"1,358 mi",7,$0.2926
SEA,INV,"2,511","$1,159.05","4,503 mi",7,$0.2574
JFK,UKB,"2,509","$1,871.59","7,126 mi",7,$0.2626
PDX,CRW,"2,509",$366.97,"2,075 mi",7,$0.1769
BOS,CNX,"2,509","$1,095.96","8,409 mi",7,$0.1303
LEX,BTV,"2,509",$275.21,719 mi,7,$0.3828
PHL,PEK,"2,509","$1,633.51","6,656 mi",7,$0.2454
MDW,GSO,"2,508",$264.19,558 mi,7,$0.4735
PDX,YUM,"2,508",$299.51,960 mi,7,$0.3120
DCA,HLN,"2,508",$486.33,"1,891 mi",7,$0.2572
EWR,UME,"2,508",$333.91,"3,986 mi",7,$0.0838
SAT,LNK,"2,508",$326.04,764 mi,7,$0.4268
OGG,BIL,"2,507",$430.20,"3,286 mi",7,$0.1309
ONT,PNH,"2,507",$466.91,"7,984 mi",7,$0.0585
IAH,SJJ,"2,507",$375.03,"5,666 mi",7,$0.0662
DCA,SGU,"2,506",$447.33,"2,040 mi",7,$0.2193
HNL,ZQN,"2,506",$629.97,"5,192 mi",7,$0.1213
DFW,NSI,"2,506",$606.22,"6,930 mi",7,$0.0875
IAD,CAK,"2,505",$207.11,259 mi,7,$0.7997
JFK,DVO,"2,505",$696.78,"8,646 mi",7,$0.0806
LAX,LCH,"2,504",$297.45,"1,450 mi",7,$0.2051
RDU,MLU,"2,504",$309.48,815 mi,7,$0.3797
DCA,ELH,"2,503",$360.58,952 mi,7,$0.3788
MSY,CPT,"2,502","$1,273.08","8,593 mi",7,$0.1482
JFK,BFL,"2,502",$287.51,"2,537 mi",7,$0.1133
MEM,MFR,"2,501",$309.44,"1,777 mi",7,$0.1741
SDF,BJX,"2,501",$328.85,"1,558 mi",7,$0.2111
MIA,CLD,"2,501",$216.56,"2,338 mi",7,$0.0926
RDU,ACK,"2,501",$275.64,582 mi,7,$0.4736
SFO,SUV,"2,501",$731.52,"5,265 mi",7,$0.1389
ORD,YQM,"2,500",$367.94,"1,148 mi",7,$0.3205
HOU,YYZ,"2,500",$339.22,"1,335 mi",7,$0.2541
SFO,AGU,"2,500",$439.57,"1,674 mi",7,$0.2626
HNL,MXP,"2,499",$665.08,"7,503 mi",7,$0.0886
JFK,MBA,"2,499",$827.47,"7,846 mi",7,$0.1055
JAX,BFL,"2,498",$312.78,"2,245 mi",7,$0.1393
AUS,BSL,"2,498",$554.44,"5,505 mi",7,$0.1007
JFK,MFM,"2,498",$687.69,"7,830 mi",7,$0.0878
PHL,HAV,"2,498",$261.16,"1,202 mi",7,$0.2173
SFO,KGL,"2,498","$1,188.64","9,136 mi",7,$0.1301
OGG,BHM,"2,497",$665.34,"4,421 mi",7,$0.1505
FLL,FOR,"2,496",$428.64,"3,567 mi",7,$0.1202
JAX,BAH,"2,496",$999.08,"7,184 mi",7,$0.1391
PIT,UIO,"2,496",$451.51,"2,893 mi",7,$0.1561
STL,DLH,"2,496",$278.35,550 mi,7,$0.5061
SLC,BSL,"2,496",$586.88,"5,454 mi",7,$0.1076
RDU,LGW,"2,495",$346.21,"3,996 mi",7,$0.0866
PHL,DAC,"2,494",$860.97,"8,176 mi",7,$0.1053
DTW,SPU,"2,494",$697.27,"4,847 mi",7,$0.1439
PHL,OTP,"2,494",$488.17,"4,980 mi",7,$0.0980
ANC,GDL,"2,492",$468.71,"3,695 mi",7,$0.1268
ORD,AXA,"2,492","$1,740.40","2,132 mi",7,$0.8163
BOS,PUS,"2,491","$1,336.91","7,141 mi",7,$0.1872
SFO,HAK,"2,491",$671.91,"7,400 mi",7,$0.0908
LAX,TKS,"2,491","$1,155.59","5,944 mi",7,$0.1944
CLE,POP,"2,490",$189.00,"1,587 mi",7,$0.1191
MCO,CPR,"2,490",$322.65,"1,667 mi",7,$0.1936
STL,DXB,"2,488","$1,579.60","7,716 mi",7,$0.2047
TPA,BRO,"2,488",$212.55,956 mi,7,$0.2223
SDF,SBA,"2,486",$311.71,"1,963 mi",7,$0.1588
DFW,OUL,"2,486","$1,059.44","4,856 mi",7,$0.2182
JFK,PFT,"2,486",$620.81,"8,248 mi",7,$0.0753
MCO,ACT,"2,486",$307.70,948 mi,7,$0.3246
JFK,QYG,"2,484",$732.38,"4,020 mi",7,$0.1822
RDU,KIX,"2,484","$1,202.82","7,319 mi",7,$0.1643
MIA,MPL,"2,483",$952.71,"4,596 mi",7,$0.2073
SEA,YQU,"2,483",$247.07,571 mi,7,$0.4327
LAX,SOU,"2,483",$600.02,"5,274 mi",7,$0.1138
JFK,AQP,"2,482",$591.84,"4,057 mi",7,$0.1459
JFK,NAT,"2,482",$789.44,"4,146 mi",7,$0.1904
JFK,NSI,"2,482",$626.40,"5,980 mi",7,$0.1047
MIA,IDA,"2,482",$418.08,"2,096 mi",7,$0.1995
ONT,TRI,"2,482",$388.97,"2,040 mi",7,$0.1907
LAS,SVQ,"2,482","$1,273.19","5,469 mi",7,$0.2328
MCI,SAF,"2,482",$269.18,653 mi,7,$0.4122
ATL,ORK,"2,481","$1,258.64","3,979 mi",7,$0.3163
JFK,LAD,"2,481",$982.73,"6,654 mi",7,$0.1477
PHX,KIN,"2,481",$307.75,"2,497 mi",7,$0.1232
MIA,ITH,"2,480",$300.75,"1,139 mi",7,$0.2640
EWR,HRL,"2,480",$314.53,"1,724 mi",7,$0.1824
JAX,BRO,"2,480",$271.56,"1,038 mi",7,$0.2616
ORD,BSB,"2,480",$583.27,"4,597 mi",7,$0.1269
HOU,DAY,"2,479",$254.88,917 mi,7,$0.2779
LAX,DAV,"2,479",$516.56,"2,800 mi",7,$0.1845
SEA,SKG,"2,479",$651.66,"5,816 mi",7,$0.1120
BUR,SYR,"2,478",$317.47,"2,405 mi",7,$0.1320
DCA,BKK,"2,478","$1,021.00","8,540 mi",7,$0.1196
LGA,BAQ,"2,478",$182.51,"2,004 mi",7,$0.0911
PDX,CLJ,"2,478",$577.13,"5,906 mi",7,$0.0977
BWI,SKB,"2,478",$590.96,"1,780 mi",7,$0.3320
MCI,EGE,"2,477",$359.74,631 mi,7,$0.5701
AUS,YLW,"2,476",$304.38,"1,823 mi",7,$0.1670
ATL,BHD,"2,474","$1,452.45","4,044 mi",7,$0.3592
DEN,BOD,"2,474",$809.21,"5,074 mi",7,$0.1595
JFK,NKC,"2,474",$434.79,"3,616 mi",7,$0.1202
JFK,CHA,"2,474",$306.36,711 mi,7,$0.4309
OGG,XNA,"2,473",$552.10,"3,966 mi",7,$0.1392
RDU,DHN,"2,473",$261.06,481 mi,7,$0.5427
BOS,SOU,"2,473",$429.83,"3,133 mi",7,$0.1372
DFW,YQR,"2,473",$432.54,"1,310 mi",7,$0.3302
LAX,MCT,"2,473","$1,594.38","8,709 mi",7,$0.1831
RDU,BQN,"2,473",$180.49,"1,438 mi",7,$0.1255
PHX,YKM,"2,472",$251.76,"1,042 mi",7,$0.2416
ORD,OAJ,"2,472",$284.69,766 mi,7,$0.3717
LEX,TLH,"2,471",$303.42,512 mi,7,$0.5926
MIA,CGH,"2,471",$404.40,"4,211 mi",7,$0.0960
ATL,HHH,"2,471",$211.94,244 mi,7,$0.8686
CVG,FAY,"2,471",$256.01,438 mi,7,$0.5845
DCA,BQK,"2,470",$308.40,564 mi,7,$0.5468
MCI,NCE,"2,470",$868.51,"4,774 mi",7,$0.1819
PHL,CUU,"2,469",$429.39,"1,847 mi",7,$0.2325
PIT,WAW,"2,469",$635.02,"4,358 mi",7,$0.1457
EWR,ALB,"2,468",$181.69,139 mi,7,$1.3071
MIA,KIX,"2,468","$1,561.56","7,899 mi",7,$0.1977
DEN,ZIH,"2,468",$386.76,"1,504 mi",7,$0.2572
SFO,MRU,"2,468","$1,249.04","10,912 mi",7,$0.1145
MIA,TAP,"2,467",$329.71,"1,123 mi",7,$0.2936
MSY,HAV,"2,467",$201.54,706 mi,7,$0.2855
SAT,DHN,"2,467",$282.73,761 mi,7,$0.3715
SDF,KOA,"2,467",$562.18,"4,465 mi",7,$0.1259
PHX,PUW,"2,466",$294.42,929 mi,7,$0.3169
JFK,BHB,"2,466",$157.96,370 mi,7,$0.4269
SLC,ASE,"2,466",$409.02,300 mi,7,$1.3634
JAX,PSC,"2,465",$395.11,"2,204 mi",7,$0.1793
PDX,SCE,"2,465",$418.44,"2,180 mi",7,$0.1919
STL,MBS,"2,465",$246.18,451 mi,7,$0.5459
ANC,YUM,"2,465",$553.51,"2,447 mi",7,$0.2262
BOS,MED,"2,465",$414.80,"5,868 mi",7,$0.0707
STL,YHZ,"2,465",$322.65,"1,396 mi",7,$0.2311
CLT,RST,"2,464",$257.78,884 mi,7,$0.2916
ONT,MGM,"2,464",$389.83,"1,856 mi",7,$0.2100
SJC,JAN,"2,464",$339.87,"1,886 mi",7,$0.1802
STL,CID,"2,464",$277.43,221 mi,7,$1.2553
DFW,DHN,"2,464",$388.65,707 mi,7,$0.5497
LEX,FAT,"2,463",$388.11,"1,976 mi",7,$0.1964
SFO,SAI,"2,463","$1,042.96","8,030 mi",7,$0.1299
MIA,DLH,"2,463",$425.54,"1,546 mi",7,$0.2753
OGG,BUF,"2,463",$568.60,"4,777 mi",7,$0.1190
TPA,IBZ,"2,463",$855.85,"4,587 mi",7,$0.1866
CVG,CUU,"2,462",$685.16,"1,452 mi",7,$0.4719
SAN,CMI,"2,462",$264.67,"1,627 mi",7,$0.1627
SAT,AZO,"2,462",$280.84,"1,100 mi",7,$0.2553
EWR,JNU,"2,461",$531.97,"2,938 mi",7,$0.1811
SFO,BMI,"2,461",$294.68,"1,742 mi",7,$0.1692
BOS,BAH,"2,461",$965.76,"6,605 mi",7,$0.1462
DEN,VLC,"2,461",$762.83,"5,322 mi",7,$0.1433
MIA,POZ,"2,460",$758.84,"4,955 mi",7,$0.1531
MEM,MLI,"2,460",$291.62,457 mi,7,$0.6381
TPA,KIX,"2,460",$895.11,"7,692 mi",7,$0.1164
LEX,OAJ,"2,459",$243.24,434 mi,7,$0.5605
DTW,BSR,"2,458",$422.68,"6,328 mi",7,$0.0668
FLL,POA,"2,457",$442.90,"4,452 mi",7,$0.0995
SFO,JER,"2,457","$1,031.10","5,252 mi",7,$0.1963
ATL,FSM,"2,456",$304.19,595 mi,7,$0.5112
LAX,TGD,"2,456",$543.89,"6,719 mi",7,$0.0809
FLL,BGI,"2,454",$270.71,"1,661 mi",7,$0.1630
PDX,CPT,"2,454","$1,169.48","10,559 mi",7,$0.1108
LAX,HHH,"2,454",$362.36,"2,109 mi",7,$0.1718
MEM,RAP,"2,453",$288.24,904 mi,7,$0.3188
ATL,VIX,"2,453",$853.87,"4,865 mi",7,$0.1755
DEN,KIN,"2,452",$362.24,"2,316 mi",7,$0.1564
MCI,OAJ,"2,452",$232.98,"1,020 mi",7,$0.2284
DFW,GGT,"2,451",$978.32,"1,394 mi",7,$0.7018
IAD,MAO,"2,451",$604.01,"3,198 mi",7,$0.1889
MIA,BGO,"2,451",$594.40,"4,397 mi",7,$0.1352
IAD,STI,"2,451",$273.06,"1,369 mi",7,$0.1995
JAX,BER,"2,450",$530.99,"4,641 mi",7,$0.1144
CLT,AGP,"2,449",$807.63,"4,280 mi",7,$0.1887
BOS,MOT,"2,449",$345.54,"1,470 mi",7,$0.2351
CLE,JNB,"2,449","$1,238.50","8,144 mi",7,$0.1521
SDF,JAC,"2,449",$367.75,"1,312 mi",7,$0.2803
ATL,EWN,"2,448",$196.84,420 mi,7,$0.4687
LAS,SJT,"2,448",$322.52,929 mi,7,$0.3472
LAS,PBC,"2,447",$235.58,"1,504 mi",7,$0.1566
IAD,IWK,"2,446","$2,093.89","7,252 mi",7,$0.2887
MSY,BMI,"2,446",$292.10,706 mi,7,$0.4137
LAS,YKM,"2,445",$235.22,753 mi,7,$0.3124
DCA,MAN,"2,445",$638.48,"3,437 mi",7,$0.1858
ORD,ABY,"2,445",$359.01,772 mi,7,$0.4650
ORD,KBL,"2,445",$493.32,"7,162 mi",7,$0.0689
SAN,NBO,"2,444",$743.07,"9,400 mi",7,$0.0791
SEA,CUR,"2,444",$570.57,"3,795 mi",7,$0.1503
AUS,JNU,"2,444",$466.07,"2,686 mi",7,$0.1735
RDU,EIS,"2,444",$449.98,"1,440 mi",7,$0.3125
BWI,ASE,"2,442",$525.80,"1,561 mi",7,$0.3368
AUS,FLG,"2,442",$260.29,856 mi,7,$0.3041
BOS,LDB,"2,442",$647.69,"4,854 mi",7,$0.1334
HNL,MOB,"2,442",$632.53,"4,180 mi",7,$0.1513
HOU,CRW,"2,442",$345.79,957 mi,7,$0.3613
PIT,MOT,"2,442",$283.83,"1,129 mi",7,$0.2514
SAT,GTR,"2,442",$332.00,660 mi,7,$0.5030
HNL,GVA,"2,441",$681.56,"7,892 mi",7,$0.0864
JFK,DAV,"2,441",$594.68,"2,222 mi",7,$0.2676
ATL,TWF,"2,441",$504.49,"1,683 mi",7,$0.2998
LAX,CUC,"2,440",$267.90,"3,526 mi",7,$0.0760
MEM,HYD,"2,440",$834.32,"8,483 mi",7,$0.0984
MCO,VRN,"2,440",$730.59,"4,800 mi",7,$0.1522
CVG,ARN,"2,438",$627.34,"4,464 mi",7,$0.1405
CVG,NCE,"2,438",$999.66,"4,653 mi",7,$0.2148
MSP,LWS,"2,438",$350.52,"1,116 mi",7,$0.3141
RDU,BLQ,"2,438","$1,292.74","4,409 mi",7,$0.2932
SAN,BGI,"2,438",$643.27,"3,748 mi",7,$0.1716
BUR,KOA,"2,436",$318.24,"2,583 mi",7,$0.1232
DEN,CIU,"2,436",$276.53,"1,074 mi",7,$0.2575
FLL,MTY,"2,436",$400.25,"1,202 mi",7,$0.3330
HOU,EVV,"2,436",$320.82,708 mi,7,$0.4531
LAX,TFN,"2,436","$1,695.48","5,939 mi",7,$0.2855
SAT,TQO,"2,435",$203.24,964 mi,7,$0.2108
BNA,CPT,"2,434","$1,092.68","8,068 mi",7,$0.1354
FLL,CXY,"2,433",$49.43,67 mi,7,$0.7378
SDF,PLS,"2,432",$267.22,"1,429 mi",7,$0.1870
DFW,CNX,"2,432",$697.59,"8,974 mi",7,$0.0777
LGA,KOA,"2,432",$636.87,"5,087 mi",7,$0.1252
MCO,SPU,"2,431",$538.66,"5,087 mi",7,$0.1059
TPA,YQY,"2,430",$430.56,"1,806 mi",7,$0.2384
FLL,LIH,"2,430",$608.81,"4,777 mi",7,$0.1274
EWR,YFC,"2,429",$279.88,508 mi,7,$0.5509
STL,SBP,"2,429",$368.95,"1,730 mi",7,$0.2133
SEA,SVG,"2,429",$493.60,"4,657 mi",7,$0.1060
SDF,CUR,"2,428",$421.70,"2,133 mi",7,$0.1977
IAH,FOC,"2,428",$688.85,"7,694 mi",7,$0.0895
IAH,RMO,"2,427",$767.02,"5,908 mi",7,$0.1298
RDU,NUE,"2,427",$647.63,"4,252 mi",7,$0.1523
LAX,HSG,"2,426","$1,102.66","5,828 mi",7,$0.1892
SAN,KTN,"2,426",$461.59,"1,662 mi",7,$0.2777
CLE,OPO,"2,425",$665.34,"3,784 mi",7,$0.1758
DFW,GUM,"2,424","$1,783.03","7,036 mi",7,$0.2534
FLL,QRO,"2,424",$294.42,"1,364 mi",7,$0.2159
MDW,AGS,"2,424",$273.47,642 mi,7,$0.4260
PHX,CNM,"2,423",$213.83,470 mi,7,$0.4550
TPA,CWA,"2,423",$311.72,"1,263 mi",7,$0.2468
BUR,AMA,"2,423",$246.12,975 mi,7,$0.2524
PDX,HPN,"2,422",$338.39,"2,366 mi",7,$0.1430
JAX,SCL,"2,422","$1,101.42","4,605 mi",7,$0.2392
LAX,LHW,"2,421",$580.03,"6,660 mi",7,$0.0871
MCI,AKL,"2,421","$1,447.86","8,023 mi",7,$0.1805
PHX,KTM,"2,420",$719.90,"7,820 mi",7,$0.0921
ONT,TQO,"2,419",$172.82,"2,127 mi",7,$0.0813
ANC,DAY,"2,418",$472.68,"2,980 mi",7,$0.1586
JFK,CCP,"2,418",$716.99,"5,189 mi",7,$0.1382
RDU,CMI,"2,417",$240.52,609 mi,7,$0.3949
CLE,IDA,"2,417",$354.63,"1,585 mi",7,$0.2237
MCO,VVI,"2,417",$457.15,"3,509 mi",7,$0.1303
LGA,MAN,"2,416",$515.50,"3,229 mi",7,$0.1596
DCA,BAQ,"2,416",$299.50,"1,879 mi",7,$0.1594
DTW,GRZ,"2,416",$985.24,"4,392 mi",7,$0.2243
IAH,ZLO,"2,416",$272.20,918 mi,7,$0.2965
LAX,ABI,"2,415",$291.76,"1,054 mi",7,$0.2768
CLT,ADD,"2,415",$523.72,"7,691 mi",7,$0.0681
JFK,IXC,"2,415",$645.35,"7,377 mi",7,$0.0875
MCO,HAN,"2,415","$1,299.68","9,242 mi",7,$0.1406
BWI,RTB,"2,413",$280.52,"1,739 mi",7,$0.1613
SFO,BOB,"2,413",$994.07,"4,320 mi",7,$0.2301
JFK,LDB,"2,412",$671.65,"4,513 mi",7,$0.1488
PHX,CYS,"2,412",$298.90,684 mi,7,$0.4370
ATL,BJL,"2,412",$477.90,"4,573 mi",7,$0.1045
LAS,TAO,"2,412",$517.67,"6,494 mi",7,$0.0797
MSY,HKG,"2,411","$1,722.48","8,736 mi",7,$0.1972
TPA,RUH,"2,411",$814.22,"7,235 mi",7,$0.1125
JAX,ASE,"2,411",$547.72,"1,497 mi",7,$0.3659
ATL,WRO,"2,410",$888.06,"5,040 mi",7,$0.1762
EWR,BMI,"2,410",$311.63,796 mi,7,$0.3915
FLL,ITH,"2,410",$248.25,"1,188 mi",7,$0.2090
JFK,GSO,"2,410",$209.29,444 mi,7,$0.4714
MSP,CMI,"2,410",$251.79,406 mi,7,$0.6202
MSP,KIX,"2,410",$963.54,"6,358 mi",7,$0.1515
PHX,SOF,"2,409",$529.37,"6,663 mi",7,$0.0794
EWR,YAM,"2,409",$176.90,633 mi,7,$0.2795
ANC,CEB,"2,408",$566.97,"5,299 mi",7,$0.1070
HNL,ILM,"2,408",$856.31,"4,998 mi",7,$0.1713
LEX,GEG,"2,407",$359.92,"1,726 mi",7,$0.2085
MCI,BLR,"2,407","$1,142.18","8,513 mi",7,$0.1342
MIA,MLM,"2,407",$276.20,"1,422 mi",7,$0.1942
JFK,PXM,"2,406",$575.77,"2,142 mi",7,$0.2688
RDU,SVD,"2,406",$291.83,"1,856 mi",7,$0.1572
DEN,VRN,"2,405",$786.62,"5,165 mi",7,$0.1523
JAX,KOA,"2,405",$851.82,"4,493 mi",7,$0.1896
FLL,SDU,"2,405",$517.04,"4,318 mi",7,$0.1197
PDX,LFT,"2,405",$355.43,"1,901 mi",7,$0.1870
MCO,ITH,"2,404",$207.41,979 mi,7,$0.2119
ORD,OIT,"2,404","$2,097.15","6,449 mi",7,$0.3252
LAS,BLL,"2,402",$379.61,"5,457 mi",7,$0.0696
PIT,DRO,"2,402",$281.25,"1,538 mi",7,$0.1829
SLC,PER,"2,402","$2,538.34","9,442 mi",7,$0.2688
TPA,JMK,"2,402","$1,135.02","5,763 mi",7,$0.1969
HNL,JHM,"2,401",$90.07,87 mi,7,$1.0353
IAD,SVG,"2,401",$397.94,"3,625 mi",7,$0.1098
SFO,BRO,"2,401",$320.94,"1,617 mi",7,$0.1985
BOS,ASU,"2,401","$1,020.17","4,891 mi",7,$0.2086
LAX,HTI,"2,401","$3,686.08","7,351 mi",7,$0.5014
FLL,ACK,"2,400",$291.37,"1,233 mi",7,$0.2363
SFO,AUH,"2,400","$1,532.92","7,901 mi",7,$0.1940
SFO,COR,"2,400",$908.60,"5,879 mi",7,$0.1546
IAD,UVF,"2,399",$438.60,"1,952 mi",7,$0.2247
PHX,CRK,"2,399",$510.69,"7,841 mi",7,$0.0651
SEA,AYT,"2,399",$563.34,"6,186 mi",7,$0.0911
MCO,KGS,"2,398",$557.37,"6,148 mi",7,$0.0907
MDW,LHR,"2,398",$817.17,"3,827 mi",7,$0.2135
SAT,RST,"2,398",$307.15,"1,015 mi",7,$0.3026
ATL,FIH,"2,397",$537.43,"7,162 mi",7,$0.0750
DFW,ACY,"2,397",$189.71,"1,368 mi",7,$0.1387
ONT,MLI,"2,397",$296.06,"1,605 mi",7,$0.1845
STL,ARN,"2,397",$723.10,"4,654 mi",7,$0.1554
CLE,MRY,"2,396",$404.92,"2,089 mi",7,$0.1938
DEN,ZCL,"2,396",$246.22,"1,213 mi",7,$0.2030
FLL,PLS,"2,396",$238.87,597 mi,7,$0.4001
ORD,OKJ,"2,396","$1,574.49","6,707 mi",7,$0.2348
ATL,FLN,"2,395",$895.70,"4,699 mi",7,$0.1906
DFW,CUC,"2,395",$239.15,"2,262 mi",7,$0.1057
EWR,LPA,"2,394",$338.73,"3,505 mi",7,$0.0966
JFK,GRR,"2,394",$279.49,605 mi,7,$0.4620
BNA,USA,"2,393",$147.08,328 mi,7,$0.4484
LAX,DAR,"2,393","$1,162.23","9,781 mi",7,$0.1188
MCO,SKG,"2,393",$811.45,"5,475 mi",7,$0.1482
MSP,CTA,"2,393",$884.92,"5,050 mi",7,$0.1752
JFK,XNA,"2,392",$329.09,"1,114 mi",7,$0.2954
BWI,PIA,"2,391",$280.35,718 mi,7,$0.3905
SEA,LTO,"2,391",$317.59,"1,550 mi",7,$0.2049
IAD,MRU,"2,390","$1,690.08","9,778 mi",7,$0.1728
JFK,ICT,"2,390",$330.83,"1,318 mi",7,$0.2510
MEM,BOM,"2,390","$1,081.13","8,787 mi",7,$0.1230
SFO,SKB,"2,390","$1,069.23","3,734 mi",7,$0.2863
SLC,YUM,"2,390",$306.22,563 mi,7,$0.5439
IAH,TUN,"2,389",$670.45,"5,594 mi",7,$0.1199
MSY,BNE,"2,389","$1,400.70","8,382 mi",7,$0.1671
IAD,AAL,"2,389",$372.06,"3,806 mi",7,$0.0978
JAX,OKA,"2,389","$1,083.69","8,308 mi",7,$0.1304
SLC,CUU,"2,389",$546.94,928 mi,7,$0.5894
STL,TQO,"2,388",$224.67,"1,333 mi",7,$0.1685
DTW,CAN,"2,388","$1,038.60","7,547 mi",7,$0.1376
HOU,HDN,"2,388",$315.95,976 mi,7,$0.3237
EWR,BRE,"2,387",$686.13,"3,898 mi",7,$0.1760
LAX,ACK,"2,387",$663.48,"2,739 mi",7,$0.2422
LGA,TLS,"2,387",$175.21,"3,830 mi",7,$0.0457
MCI,SXM,"2,387",$402.22,"2,465 mi",7,$0.1632
CLT,CCU,"2,386",$594.98,"8,127 mi",7,$0.0732
LAS,ALC,"2,384",$683.78,"5,993 mi",7,$0.1141
PDX,ABE,"2,383",$418.34,"2,439 mi",7,$0.1715
RDU,DBV,"2,383",$707.12,"4,769 mi",7,$0.1483
DTW,CMN,"2,382",$433.30,"3,925 mi",7,$0.1104
PHL,ORH,"2,382",$162.09,234 mi,7,$0.6927
LAS,YQY,"2,381",$553.19,"2,978 mi",7,$0.1858
MCO,IGU,"2,381",$608.24,"4,012 mi",7,$0.1516
MIA,ABJ,"2,381","$1,371.85","5,369 mi",7,$0.2555
LAS,FAO,"2,380",$585.07,"5,734 mi",7,$0.1020
ATL,NSI,"2,380",$648.83,"6,226 mi",7,$0.1042
LAX,CJC,"2,380","$1,207.62","4,926 mi",7,$0.2452
MCI,SCE,"2,380",$316.39,924 mi,7,$0.3424
SFO,YQU,"2,380",$162.56,"1,261 mi",7,$0.1289
DFW,VLC,"2,378",$740.41,"5,284 mi",7,$0.1401
DTW,ABZ,"2,378",$793.02,"3,432 mi",7,$0.2311
MIA,SBH,"2,378","$1,173.45","1,280 mi",7,$0.9168
PHX,KWI,"2,378",$737.11,"7,676 mi",7,$0.0960
SAT,IST,"2,378",$797.38,"6,692 mi",7,$0.1192
TPA,YTZ,"2,378",$154.84,"1,128 mi",7,$0.1373
LGA,CUR,"2,378",$449.79,"1,938 mi",7,$0.2321
ORD,NTE,"2,378",$836.93,"3,918 mi",7,$0.2136
ATL,LCH,"2,377",$283.35,553 mi,7,$0.5124
DEN,STX,"2,377",$364.31,"2,739 mi",7,$0.1330
DFW,ZQN,"2,377","$1,710.91","7,729 mi",7,$0.2214
RDU,LNK,"2,377",$337.10,999 mi,7,$0.3374
SAT,KEF,"2,377",$647.74,"4,097 mi",7,$0.1581
DFW,SIT,"2,376",$571.03,"2,379 mi",7,$0.2400
EWR,LAN,"2,376",$220.01,573 mi,7,$0.3840
MSY,GJT,"2,375",$282.26,"1,248 mi",7,$0.2262
CLT,AUH,"2,375","$1,403.41","7,617 mi",7,$0.1842
MIA,MZT,"2,375",$207.42,"1,592 mi",7,$0.1303
TPA,CUU,"2,375",$454.46,"1,466 mi",7,$0.3100
ATL,CMI,"2,373",$207.82,506 mi,7,$0.4107
ONT,ATW,"2,373",$350.33,"1,750 mi",7,$0.2002
ATL,LUN,"2,372",$592.30,"8,347 mi",6,$0.0710
SDF,TYS,"2,370",$275.67,195 mi,6,$1.4137
LAS,SAF,"2,370",$287.28,524 mi,6,$0.5482
SEA,VNO,"2,370",$638.68,"5,289 mi",6,$0.1208
ATL,SBY,"2,369",$203.41,613 mi,6,$0.3318
JFK,VCP,"2,369",$612.71,"4,577 mi",6,$0.1339
TPA,GTR,"2,369",$315.40,529 mi,6,$0.5962
BNA,SUN,"2,368",$436.52,"1,589 mi",6,$0.2747
IAD,AGA,"2,368",$525.60,"3,940 mi",6,$0.1334
MSY,NCL,"2,368",$726.40,"4,358 mi",6,$0.1667
BWI,LGW,"2,366",$233.11,"3,752 mi",6,$0.0621
CLT,DPS,"2,365","$1,203.95","10,034 mi",6,$0.1200
LAS,SKG,"2,365","$1,100.77","6,320 mi",6,$0.1742
CLE,YOW,"2,365",$370.53,399 mi,6,$0.9286
DCA,DRO,"2,365",$404.49,"1,718 mi",6,$0.2354
MCO,CIU,"2,364",$337.40,"1,280 mi",6,$0.2636
IAH,PMO,"2,364",$885.55,"5,672 mi",6,$0.1561
ORD,KMJ,"2,363","$1,461.31","6,511 mi",6,$0.2244
PIT,GTR,"2,363",$321.77,681 mi,6,$0.4725
DTW,BRE,"2,361",$849.68,"3,930 mi",6,$0.2162
ORD,ACE,"2,361",$859.43,"4,271 mi",6,$0.2012
ORD,NGS,"2,361","$1,527.88","6,530 mi",6,$0.2340
PDX,MGM,"2,361",$375.20,"2,192 mi",6,$0.1712
SAN,MAA,"2,361","$1,062.50","8,803 mi",6,$0.1207
HNL,TKK,"2,360","$1,143.87","3,583 mi",6,$0.3192
LAS,BIO,"2,360",$815.17,"5,332 mi",6,$0.1529
STL,AEX,"2,360",$275.18,543 mi,6,$0.5068
SLC,BLQ,"2,359",$712.75,"5,407 mi",6,$0.1318
SEA,BGI,"2,358",$756.84,"4,421 mi",6,$0.1712
SFO,CWA,"2,358",$330.90,"1,811 mi",6,$0.1827
SLC,YQB,"2,358",$455.85,"2,103 mi",6,$0.2168
IAD,AMA,"2,358",$338.70,"1,316 mi",6,$0.2574
CLT,ABI,"2,357",$296.50,"1,124 mi",6,$0.2638
IAD,HRL,"2,357",$357.74,"1,418 mi",6,$0.2523
MIA,ISB,"2,357",$681.22,"8,211 mi",6,$0.0830
HNL,UBN,"2,356",$562.49,"5,214 mi",6,$0.1079
MCO,TFS,"2,356",$372.59,"4,006 mi",6,$0.0930
BNA,GIG,"2,355","$1,001.54","4,813 mi",6,$0.2081
JFK,BUS,"2,355",$438.85,"5,628 mi",6,$0.0780
ORD,RDD,"2,355",$426.65,"1,830 mi",6,$0.2331
PDX,SUN,"2,355",$316.78,446 mi,6,$0.7103
PIT,TRI,"2,355",$298.94,292 mi,6,$1.0238
ATL,BES,"2,354","$1,299.64","3,975 mi",6,$0.3270
DTW,TUN,"2,354",$681.60,"4,877 mi",6,$0.1398
MSP,BMI,"2,354",$305.76,364 mi,6,$0.8400
IAD,CBB,"2,353",$461.04,"4,081 mi",6,$0.1130
LAS,NUE,"2,353",$568.56,"5,501 mi",6,$0.1034
BNA,LOS,"2,352",$614.54,"5,772 mi",6,$0.1065
PHL,TIA,"2,352",$405.15,"4,558 mi",6,$0.0889
PIT,SNN,"2,352",$613.64,"3,242 mi",6,$0.1893
CLE,PEK,"2,351","$1,413.02","6,487 mi",6,$0.2178
DTW,DSS,"2,351",$479.63,"4,203 mi",6,$0.1141
DTW,SKB,"2,351",$397.68,"2,044 mi",6,$0.1946
ORD,CLL,"2,350",$302.53,889 mi,6,$0.3403
HNL,MLI,"2,350",$590.00,"4,228 mi",6,$0.1395
LGA,YLW,"2,349",$414.20,"2,192 mi",6,$0.1890
DAL,KOA,"2,349",$420.98,"3,841 mi",6,$0.1096
AUS,DOH,"2,348",$940.66,"7,855 mi",6,$0.1198
PHX,ABR,"2,348",$430.28,"1,132 mi",6,$0.3801
SAT,DEL,"2,348","$1,006.04","8,159 mi",6,$0.1233
BNA,SJJ,"2,347",$362.92,"5,032 mi",6,$0.0721
MSP,BIO,"2,347",$767.32,"4,358 mi",6,$0.1761
MIA,NVA,"2,347",$261.23,"1,661 mi",6,$0.1573
BWI,VLD,"2,346",$288.57,669 mi,6,$0.4313
LAX,KMI,"2,346",$885.27,"5,831 mi",6,$0.1518
AUS,MLU,"2,346",$281.41,380 mi,6,$0.7406
LAX,VIX,"2,346",$628.86,"6,159 mi",6,$0.1021
TPA,OKA,"2,345",$871.79,"7,945 mi",6,$0.1097
AUS,CUU,"2,344",$321.62,494 mi,6,$0.6511
DTW,YXE,"2,344",$413.81,"1,324 mi",6,$0.3125
EWR,YDF,"2,344",$223.16,976 mi,6,$0.2286
LAS,RHO,"2,344",$661.48,"6,694 mi",6,$0.0988
DEN,DOH,"2,343",$967.42,"7,453 mi",6,$0.1298
JFK,IPC,"2,343","$1,354.77","5,369 mi",6,$0.2523
SFO,ACK,"2,343",$607.93,"2,844 mi",6,$0.2138
SEA,YMM,"2,342",$225.86,765 mi,6,$0.2952
CLT,SNN,"2,342",$649.34,"3,505 mi",6,$0.1853
BOS,RTB,"2,341",$319.76,"1,959 mi",6,$0.1632
CLE,SBP,"2,341",$382.16,"2,063 mi",6,$0.1852
DAL,EWR,"2,341",$289.44,"1,321 mi",6,$0.2191
RDU,LYS,"2,341",$909.58,"4,109 mi",6,$0.2214
SAN,GRK,"2,341",$267.70,"1,106 mi",6,$0.2420
ATL,TRD,"2,340",$972.30,"4,192 mi",6,$0.2319
IAD,LRD,"2,339",$407.76,"1,445 mi",6,$0.2822
PHL,SGU,"2,339",$439.46,"2,005 mi",6,$0.2192
MSP,CMN,"2,339",$522.58,"4,578 mi",6,$0.1142
JFK,DLM,"2,338",$737.91,"5,345 mi",6,$0.1381
IAD,JST,"2,338",$85.94,124 mi,6,$0.6931
EWR,KGS,"2,337",$496.27,"4,974 mi",6,$0.0998
MSY,TQO,"2,337",$212.80,719 mi,6,$0.2960
SFO,PUW,"2,337",$235.71,707 mi,6,$0.3334
SFO,YKA,"2,337",$201.07,936 mi,6,$0.2148
PHL,TIJ,"2,337",$248.18,"2,430 mi",6,$0.1021
BOS,FLG,"2,336",$340.18,"2,158 mi",6,$0.1576
MCO,KRK,"2,336",$696.23,"5,035 mi",6,$0.1383
ORD,DAM,"2,335",$669.82,"5,965 mi",6,$0.1123
PDX,AMM,"2,335",$642.23,"6,721 mi",6,$0.0956
IAH,GUW,"2,334","$3,695.45","6,932 mi",6,$0.5331
PHL,EIS,"2,334",$407.05,"1,660 mi",6,$0.2452
SLC,CAK,"2,333",$406.93,"1,636 mi",6,$0.2487
CLE,YHZ,"2,333",$338.19,924 mi,6,$0.3660
ANC,MDT,"2,332",$516.41,"3,402 mi",6,$0.1518
HNL,GRK,"2,331",$821.89,"3,854 mi",6,$0.2133
LAX,SYO,"2,331","$1,058.09","5,189 mi",6,$0.2039
PHL,ABI,"2,331",$306.67,"1,496 mi",6,$0.2050
PHL,LCH,"2,331",$280.18,"1,180 mi",6,$0.2374
DAL,LIH,"2,330",$342.50,"3,967 mi",6,$0.0863
JFK,CJC,"2,330",$801.38,"4,242 mi",6,$0.1889
BWI,DHN,"2,329",$299.00,756 mi,6,$0.3955
SDF,PTY,"2,329",$281.01,"1,988 mi",6,$0.1414
BNA,OPO,"2,329",$623.28,"4,199 mi",6,$0.1484
JAX,BZE,"2,329",$305.72,957 mi,6,$0.3195
MIA,PRN,"2,329",$951.02,"5,732 mi",6,$0.1659
DEN,DSS,"2,328",$623.11,"5,285 mi",6,$0.1179
RDU,DOH,"2,328",$610.72,"6,902 mi",6,$0.0885
MIA,CJS,"2,328",$257.12,"1,679 mi",6,$0.1531
MEM,HDN,"2,327",$268.94,"1,042 mi",6,$0.2581
MEM,SAL,"2,327",$328.10,"1,449 mi",6,$0.2264
MSP,ABZ,"2,327",$639.67,"3,850 mi",6,$0.1661
BWI,MGA,"2,327",$218.32,"1,897 mi",6,$0.1151
MEM,MSO,"2,327",$303.36,"1,447 mi",6,$0.2096
JAX,SAP,"2,326",$267.98,"1,145 mi",6,$0.2340
LAX,ANF,"2,326",$705.24,"4,912 mi",6,$0.1436
PHX,NAN,"2,326","$1,077.32","6,010 mi",6,$0.1793
PHX,YSJ,"2,326",$495.14,"2,481 mi",6,$0.1996
HNL,DEL,"2,325","$1,077.46","7,182 mi",6,$0.1500
IAD,WRO,"2,325",$690.44,"4,492 mi",6,$0.1537
CLT,FLG,"2,324",$290.74,"1,780 mi",6,$0.1633
DEN,TWF,"2,324",$312.77,525 mi,6,$0.5958
MSY,FLR,"2,324",$883.22,"5,172 mi",6,$0.1708
DEN,LCA,"2,324",$979.48,"6,828 mi",6,$0.1435
DFW,SPI,"2,324",$239.79,611 mi,6,$0.3925
MDW,SLP,"2,324",$103.24,"1,504 mi",6,$0.0686
SAN,SNN,"2,323",$853.75,"4,980 mi",6,$0.1714
IAD,JNU,"2,323",$487.66,"2,906 mi",6,$0.1678
IAH,ZQN,"2,323","$1,763.31","8,157 mi",6,$0.2162
FLL,BPS,"2,322",$527.97,"4,151 mi",6,$0.1272
PHX,ZAG,"2,322",$614.20,"5,896 mi",6,$0.1042
MIA,IKA,"2,321",$679.43,"6,936 mi",6,$0.0980
DTW,KIX,"2,321","$1,203.03","6,407 mi",6,$0.1878
SAN,ADQ,"2,321",$674.17,"2,459 mi",6,$0.2742
CVG,MGA,"2,320",$395.67,"1,917 mi",6,$0.2064
PIT,KRK,"2,320",$771.41,"4,668 mi",6,$0.1653
SEA,BMI,"2,320",$301.43,"1,765 mi",6,$0.1708
LGA,SXM,"2,320",$504.24,"1,645 mi",6,$0.3065
SLC,HYD,"2,320",$963.47,"8,623 mi",6,$0.1117
LAX,TRU,"2,319",$585.91,"3,763 mi",6,$0.1557
CVG,HKG,"2,319","$2,096.20","8,271 mi",6,$0.2534
MIA,EAS,"2,318",$965.74,"4,328 mi",6,$0.2231
ANC,GUM,"2,318","$2,185.14","4,723 mi",6,$0.4627
SJC,YYJ,"2,318",$285.99,760 mi,6,$0.3763
MSY,SAF,"2,317",$287.07,966 mi,6,$0.2972
EWR,HKT,"2,316","$1,553.43","8,759 mi",6,$0.1774
SDF,SXM,"2,316",$470.03,"1,890 mi",6,$0.2487
BNA,MGM,"2,316",$245.36,273 mi,6,$0.8988
LAS,KGS,"2,316","$1,913.72","7,056 mi",6,$0.2712
LGA,EDI,"2,316",$758.32,"3,147 mi",6,$0.2410
PHL,CWA,"2,315",$307.37,834 mi,6,$0.3685
SDF,MLI,"2,315",$233.84,329 mi,6,$0.7108
TPA,ABI,"2,315",$263.89,"1,036 mi",6,$0.2547
JFK,HSV,"2,314",$325.36,847 mi,6,$0.3841
CLT,MLM,"2,314",$353.60,"1,570 mi",6,$0.2252
AUS,RST,"2,313",$286.55,"1,019 mi",6,$0.2812
LAX,IPC,"2,313","$1,372.00","4,135 mi",6,$0.3318
ORD,NSI,"2,313",$657.32,"6,333 mi",6,$0.1038
LAS,MQT,"2,312",$355.13,"1,644 mi",6,$0.2160
ORD,TFU,"2,312","$1,103.15","7,601 mi",6,$0.1451
MCO,ACK,"2,312",$310.92,"1,123 mi",6,$0.2769
SEA,TRN,"2,312",$801.31,"5,514 mi",6,$0.1453
BOS,BRO,"2,311",$354.50,"1,934 mi",6,$0.1833
STL,SAL,"2,311",$320.01,"1,802 mi",6,$0.1776
DTW,MGA,"2,310",$315.52,"2,148 mi",6,$0.1469
EWR,CUU,"2,310",$484.32,"2,032 mi",6,$0.2383
ORD,EVN,"2,310",$701.34,"6,206 mi",6,$0.1130
SLC,AMM,"2,310",$692.68,"6,814 mi",6,$0.1017
BUR,CRP,"2,310",$303.14,"1,349 mi",6,$0.2247
DEN,BON,"2,310",$352.76,"3,016 mi",6,$0.1170
LEX,SJD,"2,310",$301.08,"1,750 mi",6,$0.1720
DTW,GTF,"2,309",$350.71,"1,453 mi",6,$0.2414
MCO,TIJ,"2,309",$217.36,"2,196 mi",6,$0.0990
PHX,YXU,"2,309",$337.03,"1,843 mi",6,$0.1829
ATL,AQP,"2,308",$575.70,"3,662 mi",6,$0.1572
PHX,BLQ,"2,308",$789.13,"5,803 mi",6,$0.1360
PHX,PEN,"2,307","$2,389.44","8,756 mi",6,$0.2729
PHX,YQM,"2,307",$325.96,"2,538 mi",6,$0.1284
MCO,SUB,"2,307","$1,296.87","10,395 mi",6,$0.1248
PDX,EVV,"2,307",$398.20,"1,807 mi",6,$0.2204
SEA,KIN,"2,307",$445.27,"3,369 mi",6,$0.1322
ATL,SSA,"2,306",$784.67,"4,552 mi",6,$0.1724
ATL,SKP,"2,306",$508.79,"5,587 mi",6,$0.0911
LAX,SKP,"2,306",$549.48,"6,414 mi",6,$0.0857
SFO,INV,"2,306",$795.37,"4,808 mi",6,$0.1654
ORD,PEN,"2,305","$1,495.07","8,856 mi",6,$0.1688
RDU,GND,"2,305",$664.05,"2,020 mi",6,$0.3287
SAT,MAA,"2,305",$623.38,"9,782 mi",6,$0.0637
ORD,GRK,"2,305",$288.51,960 mi,6,$0.3005
LAX,LCY,"2,304",$875.94,"5,622 mi",6,$0.1558
ANC,SBA,"2,302",$412.10,"2,344 mi",6,$0.1758
PHX,EBL,"2,302",$641.54,"7,600 mi",6,$0.0844
BNA,HLN,"2,302",$362.51,"1,444 mi",6,$0.2510
LAS,PUW,"2,301",$240.40,766 mi,6,$0.3138
MEM,ANU,"2,301","$1,076.66","2,065 mi",6,$0.5214
CLT,SUN,"2,301",$405.78,"1,913 mi",6,$0.2121
JAX,YHZ,"2,300",$447.02,"1,441 mi",6,$0.3102
MCI,ARN,"2,300",$534.20,"4,744 mi",6,$0.1126
IAH,SJT,"2,298",$277.17,331 mi,6,$0.8374
SFO,HKD,"2,298",$890.07,"4,712 mi",6,$0.1889
JFK,ILM,"2,298",$186.19,480 mi,6,$0.3879
LAX,TAC,"2,298",$573.90,"7,023 mi",6,$0.0817
SAN,EWN,"2,298",$356.61,"2,361 mi",6,$0.1510
BNA,CZM,"2,297",$218.78,"1,110 mi",6,$0.1971
BOS,BON,"2,297",$372.86,"2,032 mi",6,$0.1835
ONT,ABE,"2,297",$385.49,"2,267 mi",6,$0.1700
LAS,YAM,"2,296",$398.25,"1,784 mi",6,$0.2232
BUR,ROC,"2,295",$252.51,"2,324 mi",6,$0.1087
MCO,MGF,"2,295",$531.82,"4,204 mi",6,$0.1265
MCO,SVG,"2,295",$251.44,"4,317 mi",6,$0.0582
PHL,AMM,"2,295",$616.70,"5,644 mi",6,$0.1093
LEX,LFT,"2,295",$314.81,665 mi,6,$0.4734
RDU,CEB,"2,295",$769.76,"9,185 mi",6,$0.0838
BWI,TQO,"2,294",$203.56,"1,423 mi",6,$0.1430
LAX,LPA,"2,294","$1,148.32","6,011 mi",6,$0.1910
BUR,SGF,"2,293",$350.76,"1,370 mi",6,$0.2560
IAD,INV,"2,293",$552.17,"3,316 mi",6,$0.1665
BOS,SZX,"2,293","$1,718.47","8,173 mi",6,$0.2103
EWR,MOT,"2,292",$333.00,"1,383 mi",6,$0.2408
STL,MAN,"2,292",$753.46,"4,186 mi",6,$0.1800
ANC,ZRH,"2,291",$830.83,"4,981 mi",6,$0.1668
PDX,PLS,"2,291",$411.22,"3,161 mi",6,$0.1301
SFO,TFS,"2,291",$973.36,"6,011 mi",6,$0.1619
CLE,HRL,"2,290",$252.49,"1,341 mi",6,$0.1883
MCI,XWA,"2,290",$362.36,788 mi,6,$0.4598
FLL,SIN,"2,290","$2,345.06","10,205 mi",6,$0.2298
JAX,MTY,"2,290",$351.43,"1,202 mi",6,$0.2924
SLC,ISP,"2,289",$287.47,"2,078 mi",6,$0.1383
JFK,TKS,"2,289","$1,873.97","7,172 mi",6,$0.2613
SEA,XIY,"2,288",$575.82,"5,777 mi",6,$0.0997
LAS,ABY,"2,288",$433.87,"1,851 mi",6,$0.2344
PHL,WDH,"2,288",$669.84,"7,556 mi",6,$0.0887
FLL,DLH,"2,286",$328.10,"1,626 mi",6,$0.2018
JFK,ANF,"2,286",$855.65,"4,566 mi",6,$0.1874
JFK,HUY,"2,286",$970.75,"3,302 mi",6,$0.2940
LAX,CGY,"2,286",$602.80,"7,607 mi",6,$0.0792
BOS,MAZ,"2,285",$267.63,"1,631 mi",6,$0.1641
MCI,YWG,"2,285",$431.37,722 mi,6,$0.5975
SFO,COU,"2,285",$301.84,"1,583 mi",6,$0.1907
TPA,DUS,"2,285",$504.40,"4,847 mi",6,$0.1041
ATL,LBA,"2,284","$1,243.14","3,980 mi",6,$0.3123
MIA,NLU,"2,284",$118.36,"1,224 mi",6,$0.0967
SFO,RAR,"2,283",$614.87,"4,878 mi",6,$0.1260
RDU,AGU,"2,282",$282.37,"1,669 mi",6,$0.1692
DCA,MUC,"2,282",$837.13,"4,112 mi",6,$0.2036
MEM,BHM,"2,282",$312.30,216 mi,6,$1.4458
CLT,GTF,"2,281",$330.28,"1,722 mi",6,$0.1918
STL,LAN,"2,281",$214.67,399 mi,6,$0.5380
LAS,YTS,"2,280",$397.66,"1,851 mi",6,$0.2148
MCO,DOH,"2,280",$957.91,"7,812 mi",6,$0.1226
IAH,YCD,"2,280",$296.87,"2,051 mi",6,$0.1447
HNL,CHA,"2,278",$733.26,"4,568 mi",6,$0.1605
JFK,ILO,"2,278",$828.64,"8,993 mi",6,$0.0921
ORD,MCT,"2,278",$792.53,"7,194 mi",6,$0.1102
BNA,LCH,"2,277",$267.15,544 mi,6,$0.4911
JFK,CFE,"2,277",$755.79,"3,626 mi",6,$0.2084
PDX,MLM,"2,277",$322.73,"2,096 mi",6,$0.1540
CLT,BEG,"2,276",$472.13,"5,190 mi",6,$0.0910
IAD,VGA,"2,276",$643.02,"8,605 mi",6,$0.0747
MSY,DBV,"2,276",$842.18,"5,510 mi",6,$0.1528
SEA,ABJ,"2,276",$420.26,"7,012 mi",6,$0.0599
ATL,RUN,"2,275",$954.02,"10,137 mi",6,$0.0941
CLE,RST,"2,275",$287.17,550 mi,6,$0.5221
MIA,KTW,"2,275",$656.44,"5,092 mi",6,$0.1289
ORD,VLD,"2,275",$371.35,839 mi,6,$0.4426
PHL,CAK,"2,275",$271.04,344 mi,6,$0.7879
DFW,ACV,"2,275",$348.38,"1,540 mi",6,$0.2262
MEM,YEG,"2,275",$506.66,"1,654 mi",6,$0.3063
SJC,KEF,"2,275",$762.72,"4,070 mi",6,$0.1874
DCA,ACT,"2,274",$292.55,"1,204 mi",6,$0.2430
IAH,FLG,"2,274",$316.41,984 mi,6,$0.3216
IAH,MLB,"2,274",$343.57,923 mi,6,$0.3722
PHX,YXJ,"2,274",$212.00,"1,679 mi",6,$0.1263
SDF,SCE,"2,274",$254.44,445 mi,6,$0.5718
DCA,BER,"2,273",$793.46,"4,306 mi",6,$0.1843
PDX,LIN,"2,272","$1,126.17","5,661 mi",6,$0.1989
PIT,ITM,"2,272","$1,318.73","6,559 mi",6,$0.2011
RDU,HAV,"2,272",$255.75,889 mi,6,$0.2877
SEA,UVF,"2,272",$622.90,"4,066 mi",6,$0.1532
PHX,STR,"2,271",$659.32,"5,538 mi",6,$0.1191
IAH,MHK,"2,270",$247.72,618 mi,6,$0.4008
MDW,CDG,"2,270",$526.41,"4,020 mi",6,$0.1309
BUR,LHR,"2,269","$1,167.84","5,263 mi",6,$0.2219
IAH,DAR,"2,269",$811.06,"8,815 mi",6,$0.0920
DTW,GFK,"2,268",$341.77,804 mi,6,$0.4251
SFO,PSA,"2,266",$956.61,"5,906 mi",6,$0.1620
LEX,EYW,"2,265",$353.76,974 mi,6,$0.3632
LGA,STT,"2,265",$361.88,"1,589 mi",6,$0.2277
IAH,EIS,"2,265",$494.88,"2,026 mi",6,$0.2443
EWR,MMX,"2,264",$846.65,"4,001 mi",6,$0.2116
SAT,HAV,"2,264",$157.76,"1,059 mi",6,$0.1490
SAN,BRO,"2,264",$315.21,"1,316 mi",6,$0.2395
HOU,XNA,"2,263",$257.09,476 mi,6,$0.5401
IAD,FAY,"2,263",$319.31,275 mi,6,$1.1611
MCO,PQI,"2,263",$196.12,"1,407 mi",6,$0.1394
HNL,MSJ,"2,263",$599.60,"3,869 mi",6,$0.1550
PDX,NUE,"2,262","$1,050.46","5,143 mi",6,$0.2043
PIT,HAV,"2,261",$259.79,"1,252 mi",6,$0.2075
RDU,DPS,"2,261","$1,326.62","10,055 mi",6,$0.1319
PHX,CTA,"2,260",$916.31,"6,278 mi",6,$0.1460
BNA,OTP,"2,258",$672.38,"5,622 mi",6,$0.1196
LGA,YYG,"2,258",$289.53,638 mi,6,$0.4538
PHX,SKG,"2,258",$947.12,"6,380 mi",6,$0.1485
JAX,CPH,"2,257",$655.84,"4,526 mi",6,$0.1449
LAX,FOR,"2,257",$623.38,"5,613 mi",6,$0.1111
MCO,LHE,"2,256",$764.35,"8,237 mi",6,$0.0928
LAX,PUF,"2,256","$1,364.73","5,644 mi",6,$0.2418
MEM,LIM,"2,256",$447.31,"3,460 mi",6,$0.1293
CLT,KWI,"2,255",$876.49,"7,085 mi",6,$0.1237
FLL,ELM,"2,255",$258.15,"1,161 mi",6,$0.2224
HNL,AVL,"2,255",$568.11,"4,716 mi",6,$0.1205
JFK,TOS,"2,255",$386.91,"3,569 mi",6,$0.1084
RDU,GTF,"2,255",$349.45,"1,790 mi",6,$0.1952
SEA,MID,"2,255",$337.67,"2,503 mi",6,$0.1349
MSY,HEL,"2,254","$1,104.79","5,368 mi",6,$0.2058
CLE,BQN,"2,254",$147.38,"1,860 mi",6,$0.0792
IAH,PPT,"2,254","$1,622.03","5,026 mi",6,$0.3227
MSP,COU,"2,254",$280.54,435 mi,6,$0.6449
PHL,CMI,"2,254",$274.98,711 mi,6,$0.3868
IAH,LPA,"2,253","$1,781.25","4,870 mi",6,$0.3658
LAX,YIA,"2,253",$959.38,"9,139 mi",6,$0.1050
ORD,AAL,"2,253",$492.40,"3,990 mi",6,$0.1234
ORD,BAH,"2,253",$823.09,"6,818 mi",6,$0.1207
SDF,BIS,"2,253",$320.54,937 mi,6,$0.3421
ATL,RBA,"2,252",$585.35,"4,468 mi",6,$0.1310
ORD,RTB,"2,252",$390.01,"1,828 mi",6,$0.2134
DEN,RUH,"2,251","$1,441.32","7,821 mi",6,$0.1843
ANC,GJT,"2,251",$490.35,"2,250 mi",6,$0.2179
DEN,HMO,"2,251",$351.67,852 mi,6,$0.4128
MIA,BRC,"2,251",$658.57,"4,522 mi",6,$0.1456
BOS,VVI,"2,250",$457.44,"4,051 mi",6,$0.1129
TPA,PEK,"2,250","$1,279.22","7,803 mi",6,$0.1639
IAH,INV,"2,249",$726.58,"4,677 mi",6,$0.1554
JFK,TYS,"2,248",$292.59,627 mi,6,$0.4667
SFO,TAG,"2,248",$647.78,"7,276 mi",6,$0.0890
SFO,YMM,"2,248",$280.87,"1,454 mi",6,$0.1932
SFO,CUU,"2,248",$482.52,"1,096 mi",6,$0.4403
BOS,HOR,"2,247",$329.14,"2,150 mi",6,$0.1531
DTW,SOF,"2,247",$499.85,"4,867 mi",6,$0.1027
MSY,MDE,"2,247",$322.55,"1,965 mi",6,$0.1641
BOS,VQS,"2,247",$426.07,"1,756 mi",6,$0.2426
CLT,MEL,"2,247","$1,919.93","10,208 mi",6,$0.1881
JAX,PVG,"2,247","$1,804.25","8,144 mi",6,$0.2215
LAX,YXJ,"2,247",$154.28,"1,498 mi",6,$0.1030
MDW,GNV,"2,247",$313.00,863 mi,6,$0.3627
ANC,AVL,"2,246",$595.50,"3,271 mi",6,$0.1821
MDW,NAS,"2,246",$247.96,"1,337 mi",6,$0.1855
SEA,SAP,"2,246",$397.88,"3,043 mi",6,$0.1308
CVG,JNB,"2,245","$1,022.72","8,775 mi",6,$0.1165
PHX,CLJ,"2,244",$513.06,"6,060 mi",6,$0.0847
CLT,PMI,"2,244",$831.49,"4,563 mi",6,$0.1822
DFW,BLL,"2,244",$699.67,"4,793 mi",6,$0.1460
DFW,BIO,"2,243",$785.29,"5,040 mi",6,$0.1558
DEN,SKG,"2,243",$684.34,"6,159 mi",6,$0.1111
MCO,KUL,"2,243","$1,198.40","10,581 mi",6,$0.1133
MIA,AMD,"2,242",$991.60,"8,347 mi",6,$0.1188
ORD,SHA,"2,242","$1,526.19","7,260 mi",6,$0.2102
IAH,BRE,"2,241","$1,400.73","5,280 mi",6,$0.2653
LAS,CZM,"2,241",$269.03,"2,073 mi",6,$0.1298
ONT,MTJ,"2,241",$209.14,640 mi,6,$0.3268
EWR,VER,"2,240",$335.35,"1,918 mi",6,$0.1748
BWI,DLH,"2,240",$274.95,972 mi,6,$0.2829
JFK,SLZ,"2,240",$981.83,"3,414 mi",6,$0.2876
LAX,CAG,"2,240",$812.19,"6,558 mi",6,$0.1238
LEX,MOB,"2,240",$304.80,564 mi,6,$0.5404
PDX,BSL,"2,240",$748.96,"5,486 mi",6,$0.1365
STL,SDQ,"2,239",$304.09,"1,930 mi",6,$0.1576
LAS,ADL,"2,239","$1,328.23","8,651 mi",6,$0.1535
BNA,CTG,"2,238",$285.75,"1,850 mi",6,$0.1545
DEN,GND,"2,238",$338.47,"3,143 mi",6,$0.1077
MIA,COU,"2,238",$323.11,"1,170 mi",6,$0.2762
DTW,ISB,"2,238",$631.86,"6,778 mi",6,$0.0932
HNL,OAJ,"2,238",$598.51,"4,714 mi",6,$0.1270
LAS,XMN,"2,238",$505.57,"6,785 mi",6,$0.0745
SAT,CPR,"2,238",$332.58,994 mi,6,$0.3346
DCA,DXB,"2,237","$1,613.44","7,256 mi",6,$0.2224
EWR,TUN,"2,237",$595.49,"4,238 mi",6,$0.1405
HNL,AVV,"2,237",$414.61,"5,712 mi",6,$0.0726
IAH,GFK,"2,235",$340.17,"1,208 mi",6,$0.2816
BWI,SAF,"2,235",$351.06,"1,577 mi",6,$0.2226
PIT,GDL,"2,235",$306.48,"1,877 mi",6,$0.1633
SFO,BCD,"2,235",$534.04,"7,266 mi",6,$0.0735
JFK,GIB,"2,234",$828.33,"3,733 mi",6,$0.2219
AUS,CMN,"2,233",$553.73,"5,266 mi",6,$0.1052
SFO,ABJ,"2,233",$940.68,"7,282 mi",6,$0.1292
DEN,BGW,"2,232",$490.56,"7,217 mi",6,$0.0680
SFO,AAL,"2,232",$358.25,"5,487 mi",6,$0.0653
PDX,RDD,"2,232",$253.50,340 mi,6,$0.7456
IAD,CNX,"2,231",$964.78,"8,189 mi",6,$0.1178
JFK,MME,"2,231","$1,059.19","3,444 mi",6,$0.3075
LAX,CPR,"2,231",$307.75,867 mi,6,$0.3550
DTW,LCY,"2,230",$893.51,"3,888 mi",6,$0.2298
PDX,ASE,"2,230",$332.56,886 mi,6,$0.3753
OGG,MEX,"2,230",$479.07,"3,812 mi",6,$0.1257
SAT,SCE,"2,230",$340.67,"1,355 mi",6,$0.2514
SLC,SAF,"2,230",$276.56,493 mi,6,$0.5610
ONT,BLI,"2,229",$275.41,"1,080 mi",6,$0.2550
PDX,CWA,"2,229",$388.59,"1,641 mi",6,$0.2368
SJC,YUL,"2,229",$387.51,"2,595 mi",6,$0.1493
IAH,ACV,"2,228",$368.46,"1,830 mi",6,$0.2013
SLC,CLL,"2,228",$326.36,"1,087 mi",6,$0.3002
BOS,PEN,"2,228","$1,815.14","8,825 mi",6,$0.2057
CVG,SXM,"2,228",$654.52,"1,886 mi",6,$0.3470
BUR,IDA,"2,227",$295.95,748 mi,6,$0.3957
LEX,FRA,"2,227",$566.71,"4,528 mi",6,$0.1252
ONT,MAD,"2,227",$605.28,"5,620 mi",6,$0.1077
SLC,KIN,"2,227",$457.01,"2,536 mi",6,$0.1802
SEA,ORK,"2,225",$922.56,"4,408 mi",6,$0.2093
MEM,PSC,"2,225",$394.03,"1,649 mi",6,$0.2390
OGG,LIT,"2,225",$488.59,"3,854 mi",6,$0.1268
PIT,NBO,"2,225",$640.82,"7,453 mi",6,$0.0860
IAD,POA,"2,224",$668.39,"5,207 mi",6,$0.1284
MCO,YMM,"2,223",$327.01,"2,362 mi",6,$0.1384
SFO,TYN,"2,223",$532.02,"6,345 mi",6,$0.0838
AUS,XWA,"2,223",$347.31,"1,328 mi",6,$0.2615
LAX,LMM,"2,221",$147.56,822 mi,6,$0.1795
CLT,BIO,"2,221",$626.87,"4,181 mi",6,$0.1499
DAL,GSO,"2,221",$339.19,958 mi,6,$0.3541
IAD,ISU,"2,221","$3,156.03","5,943 mi",6,$0.5310
SEA,RTB,"2,221",$389.54,"3,048 mi",6,$0.1278
ATL,CKY,"2,220",$632.61,"4,609 mi",6,$0.1373
AUS,ANU,"2,220",$723.07,"2,357 mi",6,$0.3068
MCI,KIX,"2,220",$981.48,"6,233 mi",6,$0.1575
MIA,AZO,"2,220",$258.86,"1,140 mi",6,$0.2271
MIA,JPA,"2,220",$540.62,"3,913 mi",6,$0.1382
SAN,CTS,"2,219",$861.41,"5,382 mi",6,$0.1601
DEN,ACK,"2,219",$366.69,"1,753 mi",6,$0.2092
ATL,COU,"2,218",$343.08,579 mi,6,$0.5925
BOS,FIH,"2,218",$533.22,"6,428 mi",6,$0.0830
BOS,ZDH,"2,218","$1,935.32","3,580 mi",6,$0.5406
LAX,ROR,"2,218","$1,498.17","7,100 mi",6,$0.2110
LAX,TRS,"2,218",$613.29,"6,345 mi",6,$0.0967
ORD,CIU,"2,218",$207.37,331 mi,6,$0.6265
SLC,ACV,"2,218",$266.69,652 mi,6,$0.4090
BWI,OKA,"2,217",$899.43,"7,425 mi",6,$0.1211
HOU,MTJ,"2,217",$265.60,917 mi,6,$0.2896
IAH,CYS,"2,217",$378.14,964 mi,6,$0.3923
DFW,BAH,"2,216","$1,151.94","7,594 mi",6,$0.1517
ORD,ABJ,"2,215",$526.51,"5,496 mi",6,$0.0958
BNA,ITM,"2,215","$1,436.02","7,042 mi",6,$0.2039
SAN,TWF,"2,215",$282.33,710 mi,6,$0.3976
ATL,NGO,"2,213","$1,163.50","6,794 mi",6,$0.1713
LAX,SCF,"2,213",$108.77,358 mi,6,$0.3038
AUS,MVD,"2,212",$529.91,"5,404 mi",6,$0.0981
BOS,BHD,"2,212",$583.89,"3,072 mi",6,$0.1901
LAX,CLL,"2,212",$268.36,"1,345 mi",6,$0.1995
MIA,KWI,"2,212","$1,327.80","7,537 mi",6,$0.1762
SFO,FNC,"2,212",$775.56,"5,790 mi",6,$0.1339
TPA,MVD,"2,212",$514.74,"4,812 mi",6,$0.1070
SAT,PRG,"2,211",$554.07,"5,739 mi",6,$0.0965
SDF,MGM,"2,210",$257.02,396 mi,6,$0.6490
BNA,YYG,"2,209",$326.92,"1,361 mi",6,$0.2402
MIA,RZE,"2,209",$558.35,"5,216 mi",6,$0.1070
DTW,SVG,"2,208","$1,445.95","3,647 mi",6,$0.3965
PIT,SAF,"2,207",$301.84,"1,397 mi",6,$0.2161
LAX,FRU,"2,206",$555.53,"7,266 mi",6,$0.0765
LGA,LYS,"2,206",$145.10,"3,707 mi",6,$0.0391
SEA,PEN,"2,206","$1,285.01","8,207 mi",6,$0.1566
SEA,SVQ,"2,206","$1,139.18","5,548 mi",6,$0.2053
DFW,ASM,"2,205",$496.91,"7,776 mi",6,$0.0639
MSP,YQU,"2,205",$253.40,"1,291 mi",6,$0.1963
PDX,MOT,"2,205",$294.27,"1,050 mi",6,$0.2803
STL,CPT,"2,205","$1,416.90","8,314 mi",6,$0.1704
TPA,AYT,"2,205",$257.86,"6,025 mi",6,$0.0428
LGA,BNE,"2,204","$1,023.13","9,919 mi",6,$0.1031
RDU,DRO,"2,204",$290.54,"1,653 mi",6,$0.1758
IAD,CHQ,"2,204",$840.74,"5,109 mi",6,$0.1646
LEX,ICN,"2,204","$1,273.99","6,651 mi",6,$0.1915
LAS,CMN,"2,203",$609.43,"5,569 mi",6,$0.1094
ONT,GJT,"2,202",$232.17,595 mi,6,$0.3902
DEN,TEX,"2,202",$233.98,211 mi,6,$1.1089
ORD,KMI,"2,202","$1,718.65","6,957 mi",6,$0.2470
BOS,AVP,"2,201",$266.49,261 mi,6,$1.0210
MSP,AEX,"2,201",$349.70,909 mi,6,$0.3847
MSP,CUU,"2,201",$533.36,"1,358 mi",6,$0.3928
ORD,SVG,"2,201",$431.22,"3,800 mi",6,$0.1135
PHL,COU,"2,201",$376.59,936 mi,6,$0.4023
BOS,ORY,"2,201",$409.33,"3,542 mi",6,$0.1156
HNL,ATW,"2,201",$533.61,"4,324 mi",6,$0.1234
SAN,IWK,"2,200","$1,184.90","5,804 mi",6,$0.2042
ORD,NQZ,"2,200",$408.49,"5,715 mi",6,$0.0715
BOS,VKO,"2,199",$652.60,"4,346 mi",6,$0.1502
IAH,YUM,"2,199",$351.66,"1,116 mi",6,$0.3151
LAS,CEN,"2,199",$111.26,696 mi,6,$0.1599
MCI,BSL,"2,198",$668.28,"4,630 mi",6,$0.1443
JFK,EFL,"2,198",$624.10,"4,914 mi",6,$0.1270
TPA,ACE,"2,198",$770.69,"3,999 mi",6,$0.1927
LAX,YXU,"2,197",$348.08,"2,154 mi",6,$0.1616
LEX,SBY,"2,197",$156.97,479 mi,6,$0.3277
MCI,DRO,"2,197",$277.87,744 mi,6,$0.3735
LAS,CFU,"2,196","$1,967.39","6,283 mi",6,$0.3131
AUS,SUN,"2,195",$405.22,"1,257 mi",6,$0.3224
CLE,MTJ,"2,195",$275.12,"1,346 mi",6,$0.2044
JAX,BEG,"2,195",$465.46,"5,138 mi",6,$0.0906
MEM,CUR,"2,195",$358.84,"2,117 mi",6,$0.1695
DCA,ITH,"2,193",$226.30,261 mi,6,$0.8670
TPA,POA,"2,193",$508.66,"4,643 mi",6,$0.1096
LAX,BJV,"2,193","$1,382.81","6,843 mi",6,$0.2021
ORD,FAY,"2,192",$290.21,707 mi,6,$0.4105
DFW,ALG,"2,191",$822.46,"5,240 mi",6,$0.1570
LAS,BOD,"2,191",$753.16,"5,674 mi",6,$0.1327
SDF,BOG,"2,191",$368.40,"2,352 mi",6,$0.1566
PDX,OME,"2,189",$536.55,"2,138 mi",6,$0.2510
DFW,FUK,"2,189","$1,023.77","7,110 mi",6,$0.1440
SLC,RST,"2,189",$324.19,985 mi,6,$0.3291
MIA,JMK,"2,188","$1,265.98","5,756 mi",6,$0.2199
LGA,IDA,"2,187",$398.56,"1,891 mi",6,$0.2108
ORD,TYR,"2,187",$294.76,759 mi,6,$0.3884
AUS,POP,"2,187",$582.62,"1,893 mi",6,$0.3078
CLE,OTP,"2,187",$465.31,"4,864 mi",6,$0.0957
PDX,BET,"2,187",$573.26,"1,948 mi",6,$0.2943
PHL,SNN,"2,186",$398.51,"3,071 mi",6,$0.1298
BOS,ZLO,"2,184",$167.44,"2,454 mi",6,$0.0682
MSP,KUL,"2,184","$1,032.18","9,290 mi",6,$0.1111
PHX,TIA,"2,184",$508.28,"6,231 mi",6,$0.0816
PDX,CAK,"2,184",$412.28,"2,135 mi",6,$0.1931
LEX,LYH,"2,183",$145.85,291 mi,6,$0.5012
MIA,HAN,"2,183","$1,290.67","9,437 mi",6,$0.1368
SEA,PMO,"2,183",$690.94,"6,091 mi",6,$0.1134
SLC,COU,"2,183",$349.03,"1,023 mi",6,$0.3412
MCO,TRN,"2,183",$837.24,"4,950 mi",6,$0.1691
SFO,BDS,"2,183",$827.54,"6,281 mi",6,$0.1318
IAD,TFS,"2,182",$685.76,"3,628 mi",6,$0.1890
JAX,DRO,"2,182",$264.17,"1,606 mi",6,$0.1645
SFO,FLN,"2,182",$655.39,"6,765 mi",6,$0.0969
CVG,DLH,"2,181",$291.48,679 mi,6,$0.4293
IAD,CUZ,"2,181",$413.05,"3,752 mi",6,$0.1101
LGA,BFL,"2,181",$333.47,"2,383 mi",6,$0.1399
BNA,LYH,"2,181",$200.21,435 mi,6,$0.4603
IAH,GGT,"2,181",$487.99,"1,316 mi",6,$0.3708
LGA,CUE,"2,181",$258.00,"3,125 mi",6,$0.0826
JFK,MSN,"2,180",$355.03,842 mi,6,$0.4217
BNA,LNK,"2,179",$331.71,654 mi,6,$0.5072
MCI,ELM,"2,179",$382.85,981 mi,6,$0.3903
PIT,CZM,"2,179",$206.07,"1,392 mi",6,$0.1480
SFO,JTR,"2,179",$850.53,"6,717 mi",6,$0.1266
DAL,DAB,"2,178",$295.11,997 mi,6,$0.2960
BNA,POP,"2,178",$232.46,"1,539 mi",6,$0.1510
FLL,SCE,"2,178",$348.35,999 mi,6,$0.3487
MIA,CWA,"2,176",$313.79,"1,454 mi",6,$0.2158
ANC,GRB,"2,176",$530.22,"2,782 mi",6,$0.1906
DFW,LTO,"2,176",$597.25,954 mi,6,$0.6260
JAX,LRD,"2,175",$259.50,"1,059 mi",6,$0.2450
MSP,YXS,"2,175",$321.52,"1,406 mi",6,$0.2287
CLT,ELM,"2,175",$388.43,543 mi,6,$0.7153
MSY,EIS,"2,174","$1,593.65","1,854 mi",6,$0.8596
SEA,CSG,"2,174",$466.16,"2,268 mi",6,$0.2055
SLC,GRK,"2,174",$300.30,"1,005 mi",6,$0.2988
STL,SGU,"2,174",$377.67,"1,305 mi",6,$0.2894
EWR,RST,"2,174",$258.89,989 mi,6,$0.2618
LAX,KKJ,"2,173","$1,928.24","6,123 mi",6,$0.3149
MCO,STS,"2,173",$349.28,"2,542 mi",6,$0.1374
PDX,YHZ,"2,173",$368.62,"2,724 mi",6,$0.1353
PDX,YQB,"2,173",$390.36,"2,334 mi",6,$0.1672
SAN,MGA,"2,173",$338.69,"2,496 mi",6,$0.1357
RDU,HAN,"2,172","$1,033.96","8,734 mi",6,$0.1184
AUS,CWA,"2,172",$331.22,"1,065 mi",6,$0.3110
IAH,ADB,"2,172",$683.78,"6,245 mi",6,$0.1095
LAS,BHD,"2,172",$778.84,"5,052 mi",6,$0.1542
ORD,LCY,"2,172",$844.90,"3,841 mi",6,$0.2200
HOU,SYR,"2,171",$259.59,"1,451 mi",6,$0.1789
IAD,HLN,"2,171",$432.83,"1,867 mi",6,$0.2318
IAD,POS,"2,171",$442.14,"2,130 mi",6,$0.2076
DAL,AMS,"2,170",$718.75,"5,051 mi",6,$0.1423
LAX,FNT,"2,170",$310.47,"2,019 mi",6,$0.1538
MSP,JRO,"2,170",$746.54,"8,538 mi",6,$0.0874
MDW,HDN,"2,170",$194.70,985 mi,6,$0.1977
PDX,HAV,"2,170",$181.49,"2,650 mi",6,$0.0685
MCO,KHI,"2,169",$867.19,"8,443 mi",6,$0.1027
SFO,YQQ,"2,169",$267.60,820 mi,6,$0.3263
STL,SNN,"2,169",$509.32,"3,711 mi",6,$0.1372
IAH,CTM,"2,168",$145.58,934 mi,6,$0.1559
PDX,PEN,"2,168","$1,600.16","8,283 mi",6,$0.1932
ANC,BIS,"2,167",$463.18,"2,232 mi",6,$0.2075
AUS,BLI,"2,167",$378.48,"1,885 mi",6,$0.2008
LEX,AGS,"2,167",$268.21,366 mi,6,$0.7328
ORD,KCZ,"2,167","$1,153.54","6,392 mi",6,$0.1805
SAT,LAP,"2,166",$130.04,849 mi,6,$0.1532
EWR,FRU,"2,166",$517.97,"6,139 mi",6,$0.0844
SAT,SIN,"2,166","$1,616.48","9,543 mi",6,$0.1694
MSY,DLH,"2,165",$365.43,"1,134 mi",6,$0.3222
PHL,AVP,"2,165",$454.14,101 mi,6,$4.4964
AUS,DPS,"2,164","$1,152.88","9,555 mi",6,$0.1207
IAD,LBA,"2,164",$557.96,"3,463 mi",6,$0.1611
SAN,RUH,"2,163","$1,700.38","8,063 mi",6,$0.2109
SAT,NAP,"2,163",$908.06,"5,770 mi",6,$0.1574
ATL,LGW,"2,163",$262.15,"4,346 mi",6,$0.0603
IAD,BLI,"2,163",$402.55,"2,240 mi",6,$0.1797
IAH,MLA,"2,163",$981.78,"5,821 mi",6,$0.1687
SEA,TRV,"2,162",$813.19,"8,144 mi",6,$0.0999
BWI,LAN,"2,161",$219.72,496 mi,6,$0.4430
JAX,MRY,"2,161",$445.88,"2,403 mi",6,$0.1856
LEX,AVP,"2,161",$273.48,540 mi,6,$0.5064
SFO,URC,"2,161",$760.66,"6,307 mi",6,$0.1206
IAH,STS,"2,161",$404.08,"1,718 mi",6,$0.2352
BNA,SAF,"2,160",$296.84,"1,118 mi",6,$0.2655
BOS,TRD,"2,160",$569.68,"3,318 mi",6,$0.1717
BNA,NGO,"2,160","$1,377.71","6,586 mi",6,$0.2092
DEN,GRK,"2,159",$246.81,741 mi,6,$0.3331
LAS,BAQ,"2,159",$254.34,"2,967 mi",6,$0.0857
LAS,LUX,"2,159",$646.81,"5,683 mi",6,$0.1138
RDU,OTP,"2,159",$757.12,"5,010 mi",6,$0.1511
IAH,ABJ,"2,158","$1,120.63","6,305 mi",6,$0.1777
IAH,WLG,"2,158","$1,066.68","7,316 mi",6,$0.1458
SLC,SXM,"2,158",$584.59,"3,182 mi",6,$0.1837
ATL,TRV,"2,158",$884.57,"9,557 mi",6,$0.0926
SAN,SXM,"2,158",$604.99,"3,381 mi",6,$0.1789
BWI,BFL,"2,157",$404.52,"2,393 mi",6,$0.1690
LGA,LOS,"2,156",$642.79,"5,410 mi",6,$0.1188
BNA,FSM,"2,155",$289.87,448 mi,6,$0.6470
DTW,BJI,"2,155",$372.53,654 mi,6,$0.5696
ATL,LFW,"2,155",$483.51,"5,563 mi",6,$0.0869
LAS,RAK,"2,155",$659.05,"5,971 mi",6,$0.1104
SEA,JRO,"2,154","$1,022.85","8,881 mi",6,$0.1152
BNA,JNU,"2,154",$468.69,"2,559 mi",6,$0.1832
PDX,CZM,"2,154",$352.12,"2,578 mi",6,$0.1366
RDU,EBL,"2,154","$1,509.98","6,059 mi",6,$0.2492
EWR,FLN,"2,153",$625.64,"5,151 mi",6,$0.1215
MSP,BLI,"2,153",$341.24,"1,444 mi",6,$0.2363
JAX,VPS,"2,153",$238.13,297 mi,6,$0.8018
MIA,SRQ,"2,152",$286.18,173 mi,6,$1.6542
DFW,CRK,"2,152",$583.31,"8,539 mi",6,$0.0683
AUS,SLP,"2,151",$266.96,567 mi,6,$0.4708
CLT,BRE,"2,151",$717.12,"4,183 mi",6,$0.1714
DFW,RDD,"2,151",$365.34,"1,533 mi",6,$0.2383
SDF,GCM,"2,151",$351.96,"1,291 mi",6,$0.2726
SFO,DGT,"2,151",$611.31,"6,894 mi",6,$0.0887
ATL,ZCL,"2,151",$239.11,"1,373 mi",6,$0.1742
JFK,CCJ,"2,150",$430.10,"8,621 mi",6,$0.0499
LAX,HMO,"2,150",$405.42,563 mi,6,$0.7201
PDX,MDE,"2,150",$472.76,"3,797 mi",6,$0.1245
IAD,HGH,"2,150","$1,075.29","7,294 mi",6,$0.1474
SEA,MLM,"2,150",$319.26,"2,318 mi",6,$0.1377
CLT,CLL,"2,150",$292.18,977 mi,6,$0.2991
CVG,GLA,"2,150",$805.15,"3,582 mi",6,$0.2248
PIT,SAL,"2,149",$328.95,"2,002 mi",6,$0.1643
RDU,DAD,"2,149",$656.09,"9,085 mi",6,$0.0722
BOS,GOA,"2,148",$613.85,"3,728 mi",6,$0.1647
HNL,GDL,"2,148",$313.10,"3,401 mi",6,$0.0921
TPA,CZM,"2,148",$305.60,567 mi,6,$0.5390
IAD,SGU,"2,147",$395.09,"2,017 mi",6,$0.1959
CLE,STI,"2,147",$254.83,"1,608 mi",6,$0.1585
DEN,DHN,"2,147",$408.18,"1,264 mi",6,$0.3229
LAX,ROS,"2,147",$620.74,"6,120 mi",6,$0.1014
LGA,SLP,"2,147",$316.98,"2,090 mi",6,$0.1517
MSY,KIN,"2,147",$362.54,"1,224 mi",6,$0.2962
ONT,RDD,"2,147",$340.10,500 mi,6,$0.6802
SEA,BOB,"2,147","$1,073.44","4,633 mi",6,$0.2317
STL,AKL,"2,147","$1,378.92","7,736 mi",6,$0.1782
LAS,HAN,"2,146",$775.14,"7,888 mi",6,$0.0983
LAX,IVC,"2,146",$870.12,"7,392 mi",6,$0.1177
SAT,DXB,"2,146","$1,520.43","8,520 mi",6,$0.1785
LAX,TRG,"2,145",$931.52,"6,292 mi",6,$0.1480
MSY,MOT,"2,145",$276.45,"1,432 mi",6,$0.1931
ORD,YYG,"2,145",$368.54,"1,221 mi",6,$0.3018
BOS,FAY,"2,144",$264.96,643 mi,6,$0.4121
BOS,PKX,"2,144","$1,114.90","6,557 mi",6,$0.1700
LGA,VLD,"2,143",$302.17,894 mi,6,$0.3380
LGA,COU,"2,143",$316.12,"1,010 mi",6,$0.3130
EWR,ABJ,"2,142",$548.53,"5,097 mi",6,$0.1076
EWR,VLD,"2,142",$246.65,827 mi,6,$0.2982
MIA,HER,"2,142",$943.73,"5,817 mi",6,$0.1622
MSY,SVD,"2,141",$361.54,"2,255 mi",6,$0.1603
MIA,MLE,"2,139","$2,061.43","9,430 mi",6,$0.2186
FLL,DPS,"2,138",$957.87,"10,547 mi",6,$0.0908
IAD,CGN,"2,138","$1,019.52","3,869 mi",6,$0.2635
IAD,OAJ,"2,138",$339.18,275 mi,6,$1.2334
PHL,TLS,"2,138",$545.20,"3,698 mi",6,$0.1474
SFO,UIH,"2,138",$587.66,"7,331 mi",6,$0.0802
DTW,GRK,"2,138",$266.71,"1,076 mi",6,$0.2479
RDU,MHK,"2,138",$237.70,974 mi,6,$0.2440
STL,WAW,"2,137","$1,168.56","4,780 mi",6,$0.2445
JFK,TNR,"2,136","$1,074.75","8,420 mi",6,$0.1276
AUS,DBV,"2,136",$821.76,"5,795 mi",6,$0.1418
BOS,TGD,"2,135",$548.75,"4,232 mi",6,$0.1297
LAS,TLC,"2,135",$60.95,"1,540 mi",6,$0.0396
PHL,FAY,"2,135",$305.79,404 mi,6,$0.7569
JFK,EBL,"2,135",$589.30,"5,646 mi",6,$0.1044
SAN,ELM,"2,135",$321.05,"2,349 mi",6,$0.1367
MCO,ADZ,"2,134",$378.82,"1,062 mi",6,$0.3567
DEN,CNX,"2,134",$577.87,"8,351 mi",6,$0.0692
SEA,SAF,"2,133",$309.03,"1,132 mi",6,$0.2730
BOS,MLE,"2,133","$1,172.06","8,784 mi",6,$0.1334
LAX,SWA,"2,133",$616.46,"6,855 mi",6,$0.0899
HNL,HAM,"2,132",$614.42,"6,991 mi",6,$0.0879
MIA,PER,"2,132","$1,972.55","11,025 mi",6,$0.1789
ORD,TWF,"2,132",$427.30,"1,314 mi",6,$0.3252
MCO,BAH,"2,132","$1,225.23","7,717 mi",6,$0.1588
SFO,ACE,"2,132",$503.00,"5,754 mi",6,$0.0874
SLC,MRS,"2,131",$665.44,"5,592 mi",6,$0.1190
ATL,ACA,"2,130",$363.30,"1,550 mi",6,$0.2344
STL,OKA,"2,130","$1,083.57","7,101 mi",6,$0.1526
SLC,DUS,"2,130",$500.84,"4,933 mi",6,$0.1015
ATL,PNH,"2,129",$926.23,"8,977 mi",6,$0.1032
LAS,FLN,"2,129",$596.67,"5,991 mi",6,$0.0996
BUR,YYZ,"2,129",$381.73,"2,225 mi",6,$0.1716
EWR,TAS,"2,129",$502.44,"6,139 mi",6,$0.0818
HNL,LST,"2,129",$393.13,"5,749 mi",6,$0.0684
DEN,YYT,"2,128",$547.80,"2,674 mi",6,$0.2049
DEN,ALC,"2,128",$700.77,"5,060 mi",6,$0.1385
MEM,BIL,"2,128",$305.48,"1,259 mi",6,$0.2426
ATL,FUK,"2,127","$1,127.87","7,488 mi",6,$0.1506
HNL,BTR,"2,127",$544.41,"4,264 mi",6,$0.1277
MSP,ITM,"2,126","$1,464.92","6,330 mi",6,$0.2314
FLL,MVY,"2,125",$305.20,"1,154 mi",6,$0.2645
JFK,COS,"2,125",$247.23,"1,591 mi",6,$0.1554
MCO,SLZ,"2,125",$393.05,"3,359 mi",6,$0.1170
ONT,LIR,"2,124",$352.60,"2,514 mi",6,$0.1403
SFO,DAR,"2,124","$1,054.67","10,320 mi",6,$0.1022
LAX,CCP,"2,123",$736.89,"5,520 mi",6,$0.1335
JAX,MTJ,"2,123",$287.81,"1,537 mi",6,$0.1873
JFK,CGB,"2,123",$669.24,"3,929 mi",6,$0.1703
JFK,CIX,"2,123",$483.52,"3,398 mi",6,$0.1423
EWR,LRD,"2,122",$340.22,"1,750 mi",6,$0.1944
SFO,BBI,"2,122",$714.14,"7,797 mi",6,$0.0916
JFK,AVL,"2,122",$232.84,615 mi,6,$0.3786
CLT,BNE,"2,121","$2,202.12","9,515 mi",6,$0.2314
PIT,BSL,"2,121",$427.01,"4,271 mi",6,$0.1000
BOS,HLN,"2,121",$475.93,"1,957 mi",6,$0.2432
OGG,YQR,"2,121",$349.41,"3,556 mi",6,$0.0983
IAH,HRE,"2,120",$751.47,"9,254 mi",6,$0.0812
MSP,TFS,"2,120",$395.63,"4,125 mi",6,$0.0959
SFO,HPH,"2,120",$593.50,"7,510 mi",6,$0.0790
CLT,GRK,"2,120",$345.99,"1,048 mi",6,$0.3301
MEM,AVP,"2,120",$329.71,859 mi,6,$0.3838
SEA,TIA,"2,119",$439.92,"5,695 mi",6,$0.0772
SFO,KWE,"2,119",$460.05,"6,767 mi",6,$0.0680
SLC,GUM,"2,119","$1,923.47","6,094 mi",6,$0.3156
CVG,SCL,"2,118","$1,064.56","4,931 mi",6,$0.2159
MIA,ZSA,"2,118",$225.92,370 mi,6,$0.6106
SDF,MSO,"2,118",$314.99,"1,601 mi",6,$0.1967
MCO,YKA,"2,117",$305.06,"2,468 mi",6,$0.1236
OGG,SYR,"2,117",$639.23,"4,910 mi",6,$0.1302
PHL,TLV,"2,117",$789.16,"5,931 mi",6,$0.1331
CLE,SNN,"2,117",$492.59,"3,266 mi",6,$0.1508
CLE,EVV,"2,116",$285.67,392 mi,6,$0.7288
SEA,ELM,"2,116",$421.61,"2,157 mi",6,$0.1955
BUR,SJD,"2,116",$188.92,953 mi,6,$0.1982
LAS,EAT,"2,116",$259.01,799 mi,6,$0.3242
MIA,LCH,"2,116",$303.73,868 mi,6,$0.3499
EWR,CUE,"2,115",$249.31,"3,117 mi",6,$0.0800
LGA,AXA,"2,115",$757.30,"1,635 mi",6,$0.4632
PDX,LGW,"2,115",$428.20,"4,776 mi",6,$0.0897
SEA,TUN,"2,115",$625.82,"6,095 mi",6,$0.1027
PHX,LYS,"2,114",$602.07,"5,876 mi",6,$0.1025
IAD,PER,"2,114","$2,094.99","11,886 mi",6,$0.1763
DCA,YYJ,"2,112",$541.69,"2,443 mi",6,$0.2217
DEN,ALG,"2,110","$1,300.72","5,608 mi",6,$0.2319
DEN,MHK,"2,109",$352.12,442 mi,6,$0.7967
DFW,SPU,"2,108",$987.55,"5,861 mi",6,$0.1685
DCA,ACC,"2,108",$618.82,"5,112 mi",6,$0.1211
STL,SKB,"2,108",$542.00,"2,295 mi",6,$0.2362
JFK,EXT,"2,107",$701.71,"3,235 mi",6,$0.2169
TPA,ELM,"2,107",$309.80,999 mi,6,$0.3101
LAS,DHN,"2,107",$433.00,"1,784 mi",6,$0.2427
TPA,SVQ,"2,107",$713.41,"4,514 mi",6,$0.1580
IAD,POZ,"2,106",$942.33,"4,443 mi",6,$0.2121
SFO,HHH,"2,106",$350.58,"2,301 mi",6,$0.1524
ATL,JPA,"2,106",$850.56,"4,420 mi",6,$0.1924
BOS,GYD,"2,106",$668.24,"5,464 mi",6,$0.1223
ORD,TLC,"2,106",$239.47,"1,758 mi",6,$0.1362
SFO,YXX,"2,106",$207.87,812 mi,6,$0.2560
SFO,OOL,"2,105","$1,196.23","6,869 mi",6,$0.1741
IAD,BJX,"2,105",$327.53,"1,831 mi",6,$0.1789
JFK,CYB,"2,105",$210.34,"1,537 mi",6,$0.1369
JFK,VAR,"2,105",$471.64,"4,720 mi",6,$0.0999
MCI,TQO,"2,104",$202.43,"1,428 mi",6,$0.1418
SAT,UVF,"2,104",$500.16,"2,550 mi",6,$0.1961
LAS,ASU,"2,104",$582.96,"5,491 mi",6,$0.1062
CVG,SBP,"2,103",$289.52,"1,926 mi",6,$0.1503
MEM,SDQ,"2,103",$356.16,"1,642 mi",6,$0.2169
ORD,LUN,"2,103",$702.36,"8,517 mi",6,$0.0825
LAX,AXA,"2,102","$1,400.26","3,665 mi",6,$0.3821
AUS,RUH,"2,102","$1,068.58","8,193 mi",6,$0.1304
EWR,FAY,"2,102",$199.38,456 mi,6,$0.4372
PDX,SAF,"2,102",$317.67,"1,070 mi",6,$0.2969
RDU,ADE,"2,102",$516.90,"7,240 mi",6,$0.0714
SAT,SAP,"2,102",$277.81,"1,217 mi",6,$0.2283
DFW,ORK,"2,101","$1,290.48","4,546 mi",6,$0.2839
JFK,TNG,"2,101",$666.14,"3,717 mi",6,$0.1792
LAX,TFS,"2,101","$1,585.43","5,599 mi",6,$0.2832
MSP,SUN,"2,101",$365.91,"1,014 mi",6,$0.3609
PHL,LHE,"2,101",$690.14,"6,920 mi",6,$0.0997
ORD,UBJ,"2,101","$1,833.33","6,435 mi",6,$0.2849
DCA,FSM,"2,100",$347.42,954 mi,6,$0.3642
LGA,GRK,"2,099",$283.46,"1,537 mi",6,$0.1844
PHX,CLL,"2,099",$294.88,965 mi,6,$0.3056
JFK,ISG,"2,099","$1,270.95","7,562 mi",6,$0.1681
DFW,NLU,"2,098",$198.75,943 mi,6,$0.2108
DFW,VSA,"2,098",$225.45,"1,030 mi",6,$0.2189
AUS,ITM,"2,098",$874.19,"6,974 mi",6,$0.1253
HNL,YQQ,"2,098",$416.72,"2,741 mi",6,$0.1520
PDX,NAN,"2,097",$731.10,"5,932 mi",6,$0.1232
DFW,HAJ,"2,097",$944.40,"5,233 mi",6,$0.1805
EWR,RTB,"2,097",$405.21,"1,784 mi",6,$0.2271
CVG,YOW,"2,096",$375.53,651 mi,6,$0.5769
MCO,JPA,"2,096",$513.24,"4,064 mi",6,$0.1263
EWR,KGL,"2,096",$936.08,"6,842 mi",6,$0.1368
SDF,MNL,"2,095",$902.69,"8,657 mi",6,$0.1043
BOS,COU,"2,095",$345.79,"1,102 mi",6,$0.3138
SEA,XMN,"2,095","$1,133.43","6,022 mi",6,$0.1882
DFW,CYS,"2,094",$334.00,692 mi,6,$0.4827
DFW,OOL,"2,094","$1,706.76","8,553 mi",6,$0.1996
LAS,BRI,"2,094",$931.18,"6,483 mi",6,$0.1436
SAT,TPE,"2,094","$1,171.83","7,601 mi",6,$0.1542
PHL,OAJ,"2,093",$264.15,361 mi,6,$0.7317
PHL,GFK,"2,093",$369.17,"1,257 mi",6,$0.2937
PHX,BDA,"2,092",$648.30,"2,641 mi",6,$0.2455
ATL,SHE,"2,092",$700.03,"6,734 mi",6,$0.1040
ONT,DRO,"2,092",$211.36,575 mi,6,$0.3676
PDX,GIG,"2,092","$1,327.26","6,640 mi",6,$0.1999
SDF,FCA,"2,091",$317.16,"1,633 mi",6,$0.1942
RDU,RUH,"2,090","$1,154.69","7,139 mi",6,$0.1617
AUS,COR,"2,090",$385.92,"4,926 mi",6,$0.0783
ORD,SZZ,"2,090",$353.56,"4,545 mi",6,$0.0778
PHX,CMN,"2,090",$763.40,"5,533 mi",6,$0.1380
LEX,ATH,"2,089",$796.26,"5,332 mi",6,$0.1493
DFW,JRO,"2,089","$2,163.29","8,580 mi",6,$0.2521
SLC,UBN,"2,089","$1,154.74","6,056 mi",6,$0.1907
LAX,TAG,"2,088",$613.29,"7,591 mi",6,$0.0808
PDX,TWF,"2,088",$261.64,470 mi,6,$0.5567
BOS,XMN,"2,087","$1,902.09","8,010 mi",6,$0.2375
DEN,PRN,"2,087",$451.55,"5,981 mi",6,$0.0755
IAD,SVO,"2,087",$657.53,"5,000 mi",6,$0.1315
MCO,BLI,"2,087",$445.66,"2,665 mi",6,$0.1672
ORD,RUN,"2,087",$825.80,"10,160 mi",6,$0.0813
LGA,DHN,"2,087",$353.87,890 mi,6,$0.3976
MEM,MNL,"2,087",$885.42,"8,201 mi",6,$0.1080
SLC,TLS,"2,086",$777.08,"5,126 mi",6,$0.1516
LEX,MTY,"2,086",$410.83,"1,276 mi",6,$0.3220
PHL,HEL,"2,086","$1,130.15","4,319 mi",6,$0.2617
SJC,CMI,"2,086",$305.94,"1,759 mi",6,$0.1739
LAS,YXT,"2,085",$467.26,"1,380 mi",6,$0.3386
LAX,ASP,"2,085","$1,724.55","7,850 mi",6,$0.2197
LAX,GYN,"2,085",$641.05,"5,903 mi",6,$0.1086
ORD,TAO,"2,084","$1,499.97","6,540 mi",6,$0.2294
IAH,RUN,"2,084",$859.46,"10,203 mi",6,$0.0842
JAX,YOW,"2,084",$360.12,"1,043 mi",6,$0.3453
BUR,FAT,"2,082",$251.55,200 mi,6,$1.2578
LGA,CUU,"2,082",$435.70,"2,049 mi",6,$0.2126
JFK,KHN,"2,082",$890.34,"7,822 mi",6,$0.1138
SAN,PMI,"2,082",$967.18,"6,320 mi",6,$0.1530
ANC,SYD,"2,081","$1,422.23","7,130 mi",6,$0.1995
ATL,ASU,"2,081",$672.43,"4,302 mi",6,$0.1563
LAS,YXC,"2,081",$158.69,907 mi,6,$0.1750
CLT,FLO,"2,080",$145.91,102 mi,6,$1.4305
IAH,TLC,"2,080",$81.87,759 mi,6,$0.1079
TPA,HAN,"2,080",$909.58,"8,722 mi",6,$0.1043
BNA,COU,"2,079",$235.04,345 mi,6,$0.6813
FLL,IDA,"2,079",$379.85,"2,089 mi",6,$0.1818
MEM,AZO,"2,079",$277.64,568 mi,6,$0.4888
DTW,KTM,"2,078",$603.34,"7,780 mi",6,$0.0776
IAH,RAR,"2,078","$1,171.91","5,385 mi",6,$0.2176
RDU,CAE,"2,078",$306.79,182 mi,6,$1.6857
JFK,SLA,"2,078",$473.57,"4,694 mi",6,$0.1009
SEA,BEY,"2,077",$573.16,"6,455 mi",6,$0.0888
PDX,MBS,"2,076",$372.66,"1,827 mi",6,$0.2040
SEA,FNT,"2,076",$286.71,"1,827 mi",6,$0.1569
DFW,BHD,"2,075","$1,859.35","4,313 mi",6,$0.4311
FLL,YQY,"2,075",$410.17,"1,827 mi",6,$0.2245
IAD,JTR,"2,075",$626.32,"5,447 mi",6,$0.1150
AUS,BLQ,"2,074",$883.21,"5,444 mi",6,$0.1622
IAH,LUX,"2,074","$1,368.15","4,988 mi",6,$0.2743
LGA,LSE,"2,074",$226.13,939 mi,6,$0.2408
ATL,RIX,"2,073",$692.17,"4,778 mi",6,$0.1449
BNA,MHK,"2,073",$292.33,567 mi,6,$0.5156
BWI,EGE,"2,073",$546.27,"1,655 mi",6,$0.3301
EWR,GOA,"2,073",$489.48,"3,922 mi",6,$0.1248
LAS,TRN,"2,071",$805.28,"5,958 mi",6,$0.1352
ORD,ROB,"2,071",$454.85,"5,450 mi",6,$0.0835
BUR,DAY,"2,070",$339.68,"1,968 mi",6,$0.1726
DEN,LSE,"2,070",$330.26,765 mi,6,$0.4317
SEA,KMJ,"2,070",$402.79,"5,437 mi",6,$0.0741
DEN,TIA,"2,070",$590.40,"6,001 mi",6,$0.0984
MCI,DHN,"2,069",$296.45,781 mi,6,$0.3796
PHL,VLD,"2,068",$327.40,751 mi,6,$0.4360
SEA,BRE,"2,068",$767.90,"4,774 mi",6,$0.1609
CVG,MRY,"2,068",$356.69,"2,083 mi",6,$0.1712
JFK,KZN,"2,068",$451.99,"4,847 mi",6,$0.0933
MSY,OSL,"2,068",$753.41,"4,663 mi",6,$0.1616
MSP,MGA,"2,067",$308.67,"2,369 mi",6,$0.1303
AUS,BEG,"2,067",$600.91,"5,774 mi",6,$0.1041
CLE,SLP,"2,067",$333.93,"1,674 mi",6,$0.1995
DFW,MVD,"2,067",$939.89,"5,542 mi",6,$0.1696
PHX,STX,"2,067",$345.46,"3,014 mi",6,$0.1146
HNL,CHO,"2,066",$644.00,"4,910 mi",6,$0.1312
LAS,POP,"2,066",$500.36,"3,002 mi",6,$0.1667
TPA,GOT,"2,066",$305.13,"4,631 mi",6,$0.0659
SDF,BIL,"2,065",$281.72,"1,241 mi",6,$0.2270
STL,AZO,"2,065",$247.16,339 mi,6,$0.7291
LAX,SDU,"2,064",$897.95,"6,119 mi",6,$0.1467
DFW,POA,"2,063",$818.16,"5,438 mi",6,$0.1505
JFK,PAE,"2,063",$379.16,"2,338 mi",6,$0.1622
LEX,CHA,"2,063",$250.68,204 mi,6,$1.2288
TPA,SKG,"2,063",$737.84,"5,893 mi",6,$0.1252
BOS,VCP,"2,062",$713.25,"4,623 mi",6,$0.1543
IAH,SUN,"2,062",$472.36,"1,357 mi",6,$0.3481
CLT,ACT,"2,062",$283.12,999 mi,6,$0.2834
JAX,MGA,"2,062",$284.93,"1,261 mi",6,$0.2260
DTW,CWA,"2,061",$321.66,352 mi,6,$0.9138
HNL,FWA,"2,061",$647.00,"4,513 mi",6,$0.1434
LGA,GUC,"2,061",$440.09,"1,702 mi",6,$0.2586
PHL,BRO,"2,061",$334.00,"1,649 mi",6,$0.2025
CLE,OAJ,"2,061",$212.50,495 mi,6,$0.4293
HOU,MGM,"2,061",$270.93,574 mi,6,$0.4720
IAH,NGO,"2,061","$2,117.87","7,020 mi",6,$0.3017
ORD,BON,"2,061",$413.01,"2,306 mi",6,$0.1791
ATL,CMB,"2,060",$880.65,"9,152 mi",6,$0.0962
ATL,LWS,"2,060",$490.51,"1,975 mi",6,$0.2484
HNL,KTN,"2,060",$736.38,"2,793 mi",6,$0.2637
EWR,STS,"2,060",$437.11,"2,637 mi",6,$0.1658
SFO,IDR,"2,060",$676.23,"7,860 mi",6,$0.0860
CLE,ARN,"2,059",$604.51,"4,238 mi",6,$0.1426
IAH,CNX,"2,059",$841.49,"8,668 mi",6,$0.0971
PDX,STR,"2,059","$1,191.32","5,464 mi",6,$0.2180
SEA,ALC,"2,058",$823.37,"5,679 mi",6,$0.1450
MEM,LIS,"2,058",$786.97,"4,191 mi",6,$0.1878
JAX,AEX,"2,057",$243.38,665 mi,6,$0.3660
JFK,HKD,"2,057",$983.26,"6,535 mi",6,$0.1505
SLC,MGA,"2,057",$452.21,"2,446 mi",6,$0.1849
MDW,MTJ,"2,057",$229.77,"1,052 mi",6,$0.2184
MCO,YCD,"2,055",$287.72,"2,731 mi",6,$0.1054
DFW,CJS,"2,055",$194.56,572 mi,6,$0.3401
CLE,GJT,"2,054",$310.11,"1,368 mi",6,$0.2267
MSY,QRO,"2,054",$313.76,923 mi,6,$0.3399
DEN,BJI,"2,054",$314.58,739 mi,6,$0.4257
LEX,PSP,"2,054",$414.16,"1,745 mi",6,$0.2373
MIA,BAH,"2,054","$1,695.09","7,349 mi",6,$0.2307
MSY,ECP,"2,054",$282.01,276 mi,6,$1.0218
LAX,GRK,"2,053",$288.84,"1,177 mi",6,$0.2454
IAD,BFL,"2,053",$398.73,"2,351 mi",6,$0.1696
ATL,AJU,"2,053",$698.35,"4,510 mi",6,$0.1548
EWR,SLP,"2,053",$332.53,"1,953 mi",6,$0.1703
MIA,JTR,"2,053",$767.36,"5,796 mi",6,$0.1324
CLE,ZAG,"2,052",$562.58,"4,719 mi",6,$0.1192
BNA,KIN,"2,052",$231.26,"1,352 mi",6,$0.1711
LEX,ABE,"2,052",$306.34,506 mi,6,$0.6054
SEA,TAS,"2,052",$658.66,"6,078 mi",6,$0.1084
CVG,YWG,"2,051",$426.14,942 mi,6,$0.4524
SEA,ADL,"2,051","$1,443.50","8,088 mi",6,$0.1785
ATL,CWL,"2,051","$1,052.76","3,961 mi",6,$0.2658
JAX,MLU,"2,050",$312.43,606 mi,6,$0.5156
IAH,CUC,"2,048",$335.62,"2,187 mi",6,$0.1535
EWR,CUC,"2,048",$199.39,"2,334 mi",6,$0.0854
HNL,ARN,"2,048",$502.83,"6,631 mi",6,$0.0758
LAS,NBO,"2,048",$810.92,"9,160 mi",6,$0.0885
CVG,SNN,"2,046",$909.01,"3,694 mi",6,$0.2461
SAN,KRK,"2,046",$861.02,"5,955 mi",6,$0.1446
AUS,HAN,"2,046","$1,077.76","8,300 mi",6,$0.1299
CLT,NUE,"2,046",$442.09,"4,638 mi",6,$0.0953
EWR,ABZ,"2,046",$914.75,"3,185 mi",6,$0.2872
EWR,GTF,"2,046",$367.50,"1,942 mi",6,$0.1892
LAX,NVT,"2,046",$529.10,"6,018 mi",6,$0.0879
BWI,DRO,"2,045",$317.37,"1,737 mi",6,$0.1827
CLT,JED,"2,045",$494.18,"7,092 mi",6,$0.0697
ONT,YUL,"2,045",$396.51,"2,352 mi",6,$0.1686
SLC,STR,"2,045",$614.96,"5,133 mi",6,$0.1198
LAS,BEY,"2,045",$714.40,"7,032 mi",6,$0.1016
SFO,MLU,"2,045",$354.38,"1,692 mi",6,$0.2094
DFW,YKM,"2,042",$330.45,"1,509 mi",6,$0.2190
PHX,SVQ,"2,042",$837.62,"5,788 mi",6,$0.1447
PDX,GFK,"2,041",$392.74,"1,244 mi",6,$0.3157
RDU,MLM,"2,041",$283.80,"1,797 mi",6,$0.1579
CVG,MAF,"2,040",$249.50,"1,066 mi",6,$0.2341
ORD,NKG,"2,040","$2,822.50","7,278 mi",6,$0.3878
PHX,SLP,"2,040",$328.97,"1,057 mi",6,$0.3112
HNL,TLH,"2,040",$947.60,"4,404 mi",6,$0.2152
PIT,GLA,"2,040",$661.56,"3,354 mi",6,$0.1972
FLL,ARN,"2,039",$374.81,"5,095 mi",6,$0.0736
IAD,FNC,"2,039",$598.14,"3,263 mi",6,$0.1833
SAT,LAW,"2,039",$241.23,358 mi,6,$0.6738
BOS,DMM,"2,038","$1,528.48","6,561 mi",6,$0.2330
JFK,GSP,"2,038",$274.85,626 mi,6,$0.4391
JAX,CUR,"2,038",$610.33,"1,459 mi",6,$0.4183
DEN,CUC,"2,037",$183.44,"2,878 mi",6,$0.0637
HOU,TRI,"2,037",$300.99,907 mi,6,$0.3319
JFK,CJB,"2,037",$543.44,"8,157 mi",6,$0.0666
MSP,NTE,"2,036",$950.63,"4,004 mi",6,$0.2374
DEN,HKT,"2,035",$860.85,"9,075 mi",6,$0.0949
DFW,ABJ,"2,035",$429.06,"6,387 mi",6,$0.0672
JFK,ZCO,"2,035",$528.62,"5,333 mi",6,$0.0991
ANC,SBP,"2,035",$467.42,"2,272 mi",6,$0.2057
MCO,TYR,"2,034",$305.02,856 mi,6,$0.3563
SLC,ZAG,"2,034",$561.98,"5,483 mi",6,$0.1025
LAX,YZF,"2,033",$262.17,"1,919 mi",6,$0.1366
SFO,OLB,"2,033","$1,624.55","6,032 mi",6,$0.2693
BNA,ELM,"2,033",$276.67,689 mi,6,$0.4016
DTW,VLD,"2,033",$359.05,766 mi,6,$0.4687
SDF,AEX,"2,032",$245.91,629 mi,6,$0.3910
SEA,FLG,"2,032",$290.01,"1,042 mi",6,$0.2783
SJC,SGU,"2,032",$321.60,445 mi,6,$0.7227
DEN,JRO,"2,030","$1,069.17","9,237 mi",6,$0.1157
ONT,LRD,"2,030",$264.20,"1,200 mi",6,$0.2202
SDF,SAL,"2,030",$283.21,"1,669 mi",6,$0.1697
JFK,PQI,"2,029",$148.57,491 mi,6,$0.3026
MDW,MTY,"2,029",$121.01,"1,350 mi",6,$0.0896
PDX,SNN,"2,029",$685.25,"4,460 mi",6,$0.1536
IAH,BHD,"2,029",$757.36,"4,401 mi",6,$0.1721
MCI,DXB,"2,029","$1,215.38","7,803 mi",6,$0.1558
RDU,SJT,"2,029",$337.32,"1,245 mi",6,$0.2709
AUS,XPL,"2,028",$373.38,"1,223 mi",6,$0.3053
CLE,AUH,"2,028","$2,360.17","7,316 mi",6,$0.3226
DTW,FAY,"2,028",$284.61,537 mi,6,$0.5300
LEX,EWN,"2,028",$152.98,453 mi,6,$0.3377
MSP,OAJ,"2,028",$345.70,"1,045 mi",6,$0.3308
MSY,GDN,"2,028",$510.45,"5,398 mi",6,$0.0946
CLE,SCL,"2,027","$1,157.80","5,060 mi",6,$0.2288
OGG,TPE,"2,027",$749.22,"5,315 mi",6,$0.1410
DFW,HBA,"2,027","$1,587.06","8,668 mi",6,$0.1831
EWR,IKA,"2,027",$576.29,"6,321 mi",6,$0.0912
HOU,KOA,"2,027",$416.96,"3,949 mi",6,$0.1056
IAH,AYT,"2,027",$545.28,"6,449 mi",6,$0.0846
LGA,MEL,"2,027","$1,936.94","10,059 mi",6,$0.1926
ORD,GOA,"2,027",$598.63,"4,427 mi",6,$0.1352
SLC,CUZ,"2,027",$952.22,"4,679 mi",6,$0.2035
TPA,LCH,"2,027",$276.83,642 mi,6,$0.4312
JFK,SUB,"2,026","$1,223.27","10,406 mi",6,$0.1176
BWI,CSG,"2,025",$240.15,672 mi,6,$0.3574
MSP,BEG,"2,025",$916.19,"5,177 mi",6,$0.1770
MSP,DAD,"2,025",$580.15,"7,776 mi",6,$0.0746
ATL,COR,"2,025",$916.62,"4,537 mi",6,$0.2020
CLE,NBO,"2,025",$631.78,"7,513 mi",6,$0.0841
DTW,YQR,"2,024",$342.87,"1,123 mi",6,$0.3053
OGG,FCA,"2,024",$448.16,"2,907 mi",6,$0.1542
LAX,PQC,"2,023","$1,051.91","8,560 mi",6,$0.1229
PHL,GTR,"2,023",$353.29,877 mi,6,$0.4028
BNA,YUM,"2,022",$356.56,"1,557 mi",6,$0.2290
PIT,YWG,"2,022",$385.01,"1,080 mi",6,$0.3565
BOS,LPL,"2,022",$356.05,"3,217 mi",6,$0.1107
MCI,XPL,"2,022",$350.24,"1,822 mi",6,$0.1922
MCO,VQS,"2,021",$248.01,"1,191 mi",6,$0.2082
MIA,MOT,"2,021",$381.61,"1,865 mi",6,$0.2046
JAX,MBS,"2,021",$295.31,937 mi,6,$0.3152
SDF,GRU,"2,021","$1,023.33","4,810 mi",6,$0.2128
FLL,TCB,"2,021",$72.85,172 mi,6,$0.4235
IAH,YKA,"2,021",$352.03,"1,872 mi",6,$0.1881
ANC,GPT,"2,019",$530.73,"3,338 mi",6,$0.1590
TPA,COU,"2,019",$324.98,961 mi,6,$0.3382
DAL,AUA,"2,018",$305.25,"2,268 mi",6,$0.1346
SDF,AMA,"2,018",$267.20,934 mi,6,$0.2861
STL,ABI,"2,018",$279.72,662 mi,6,$0.4225
CLT,TYR,"2,018",$299.08,879 mi,6,$0.3403
PDX,CGK,"2,018","$1,533.97","8,684 mi",6,$0.1766
SAT,COU,"2,017",$315.62,712 mi,6,$0.4433
BOS,MAO,"2,016",$612.81,"3,115 mi",6,$0.1967
LGA,LCH,"2,016",$282.43,"1,349 mi",6,$0.2094
PDX,GCM,"2,016",$574.88,"3,052 mi",6,$0.1884
BOS,CUU,"2,016",$520.75,"2,095 mi",6,$0.2486
MDW,LIH,"2,016",$579.41,"4,420 mi",6,$0.1311
BOS,IPN,"2,015",$611.26,"4,504 mi",6,$0.1357
MSP,BEY,"2,015",$696.68,"5,937 mi",6,$0.1173
PHL,TFS,"2,014",$604.88,"3,500 mi",6,$0.1728
DFW,BGO,"2,014",$894.32,"4,520 mi",6,$0.1979
LEX,BCN,"2,014",$545.16,"4,279 mi",6,$0.1274
RDU,MHH,"2,014",$234.07,675 mi,6,$0.3468
AUS,MHK,"2,013",$254.05,640 mi,6,$0.3970
TPA,LSE,"2,013",$267.99,"1,165 mi",6,$0.2300
BUR,GJT,"2,012",$247.37,661 mi,6,$0.3742
CLE,ACC,"2,012",$548.17,"5,366 mi",6,$0.1022
DEN,VNO,"2,012",$526.85,"5,112 mi",6,$0.1031
PDX,DBV,"2,012",$780.51,"5,711 mi",6,$0.1367
PHX,EIS,"2,011",$482.92,"3,189 mi",6,$0.1514
MIA,GYD,"2,011","$1,161.03","7,064 mi",6,$0.1644
PDX,LWS,"2,011",$252.81,281 mi,6,$0.8997
SFO,GYD,"2,011","$1,264.41","6,809 mi",6,$0.1857
ANC,YKM,"2,010",$463.43,"1,499 mi",6,$0.3092
CVG,BGI,"2,010",$406.52,"2,291 mi",6,$0.1774
DFW,CBR,"2,010","$2,362.84","8,977 mi",6,$0.2632
LEX,MUC,"2,008",$633.01,"4,443 mi",6,$0.1425
MCI,YQB,"2,007",$440.92,"1,318 mi",5,$0.3345
MSY,CTG,"2,007",$342.15,"1,601 mi",5,$0.2137
DFW,BHX,"2,006",$945.07,"4,520 mi",5,$0.2091
CVG,GJT,"2,006",$283.77,"1,314 mi",5,$0.2160
DEN,VER,"2,006",$327.74,"1,564 mi",5,$0.2096
MCO,DUR,"2,006",$731.17,"8,667 mi",5,$0.0844
MCO,BGM,"2,005",$224.65,968 mi,5,$0.2321
PHX,CIU,"2,005",$362.36,"1,746 mi",5,$0.2075
PHX,POP,"2,005",$275.54,"2,789 mi",5,$0.0988
ATL,TLL,"2,005",$770.10,"5,003 mi",5,$0.1539
BOS,NQZ,"2,005",$584.79,"5,433 mi",5,$0.1076
BWI,MHK,"2,005",$353.62,"1,101 mi",5,$0.3212
LAX,PPG,"2,005","$1,059.27","4,645 mi",5,$0.2280
PIT,JNB,"2,005","$1,101.53","8,053 mi",5,$0.1368
CLE,HAV,"2,004",$266.93,"1,311 mi",5,$0.2036
IAD,CPR,"2,004",$426.11,"1,485 mi",5,$0.2869
LGA,AGU,"2,004",$318.01,"2,183 mi",5,$0.1457
ONT,GUA,"2,003",$268.46,"2,094 mi",5,$0.1282
AUS,ELM,"2,003",$372.75,"1,374 mi",5,$0.2713
ORD,HRE,"2,003",$674.18,"8,262 mi",5,$0.0816
PHX,HKT,"2,002",$819.98,"9,212 mi",5,$0.0890
MSP,SKB,"2,002",$520.57,"2,516 mi",5,$0.2069
DCA,SJT,"2,001",$427.35,"1,375 mi",5,$0.3108
IAD,AEX,"2,001",$333.50,"1,030 mi",5,$0.3238
DCA,MVD,"2,000",$594.21,"5,423 mi",5,$0.1096
LAS,ANU,"2,000",$344.03,"3,392 mi",5,$0.1014
LAX,YQM,"2,000",$355.90,"2,991 mi",5,$0.1190
BNA,SBY,"1,999",$221.40,614 mi,5,$0.3606
MEM,BFL,"1,999",$320.85,"1,586 mi",5,$0.2023
SEA,HGH,"1,999","$1,233.20","5,982 mi",5,$0.2062
DEN,FSM,"1,998",$255.42,625 mi,5,$0.4087
BUR,MTJ,"1,998",$313.02,633 mi,5,$0.4945
ONT,HDN,"1,998",$219.34,744 mi,5,$0.2948
PDX,CDV,"1,998",$628.35,"1,345 mi",5,$0.4672
SJC,ATW,"1,998",$318.23,"1,851 mi",5,$0.1719
ONT,ROA,"1,997",$333.98,"2,046 mi",5,$0.1632
MEM,DXB,"1,997","$1,472.64","7,462 mi",5,$0.1974
ATL,MQT,"1,996",$363.24,865 mi,5,$0.4199
BWI,JNB,"1,996","$1,000.96","7,856 mi",5,$0.1274
MSP,FNT,"1,996",$245.42,505 mi,5,$0.4860
RDU,NGO,"1,996","$1,445.08","7,249 mi",5,$0.1993
BNA,LSE,"1,996",$283.81,606 mi,5,$0.4683
DEN,BQK,"1,996",$422.30,"1,471 mi",5,$0.2871
LGA,PLN,"1,995",$371.86,623 mi,5,$0.5969
MEM,TVC,"1,995",$322.57,730 mi,5,$0.4419
MIA,SCQ,"1,995",$889.59,"4,263 mi",5,$0.2087
MSP,YMM,"1,995",$366.90,"1,159 mi",5,$0.3166
PIT,AEX,"1,995",$308.63,962 mi,5,$0.3208
DEN,TRN,"1,994",$794.52,"5,377 mi",5,$0.1478
JAX,SCE,"1,994",$299.67,769 mi,5,$0.3897
SJC,EZE,"1,994","$1,023.56","6,626 mi",5,$0.1545
BOS,RBA,"1,993",$479.89,"3,348 mi",5,$0.1433
TPA,ZAG,"1,993",$443.83,"5,086 mi",5,$0.0873
OGG,GSP,"1,992",$537.21,"4,399 mi",5,$0.1221
ATL,MLA,"1,991",$955.43,"5,500 mi",5,$0.1737
CLT,ISB,"1,991",$535.26,"7,614 mi",5,$0.0703
JFK,SEZ,"1,991","$2,122.68","8,186 mi",5,$0.2593
LAX,NWI,"1,991",$513.74,"5,605 mi",5,$0.0917
STL,UIO,"1,991",$426.03,"2,876 mi",5,$0.1481
IAD,LNK,"1,990",$387.32,"1,060 mi",5,$0.3654
LAX,TOY,"1,990","$1,540.20","5,384 mi",5,$0.2861
JAX,PIA,"1,989",$262.40,808 mi,5,$0.3248
AUS,CPR,"1,989",$330.60,"1,034 mi",5,$0.3197
SEA,MLA,"1,989",$763.16,"6,274 mi",5,$0.1216
SEA,POP,"1,989",$264.13,"3,557 mi",5,$0.0743
TPA,KWI,"1,988","$1,003.74","7,088 mi",5,$0.1416
IAD,ORK,"1,988",$882.09,"3,229 mi",5,$0.2732
ORD,VTZ,"1,988",$584.30,"8,521 mi",5,$0.0686
STL,CAK,"1,988",$310.31,512 mi,5,$0.6061
SJC,JNU,"1,988",$350.10,"1,511 mi",5,$0.2317
DAL,NAS,"1,987",$316.60,"1,326 mi",5,$0.2388
BNA,SNN,"1,987",$498.11,"3,918 mi",5,$0.1271
IAD,MHD,"1,987",$392.74,"6,370 mi",5,$0.0617
JAX,GJT,"1,987",$322.38,"1,578 mi",5,$0.2043
BNA,YXU,"1,986",$346.31,578 mi,5,$0.5992
MSY,LOS,"1,986",$956.25,"6,390 mi",5,$0.1496
BOS,PUW,"1,986",$435.43,"2,325 mi",5,$0.1873
DFW,XMN,"1,986","$1,126.23","8,077 mi",5,$0.1394
BNA,ACC,"1,985",$427.95,"5,622 mi",5,$0.0761
BNA,WAW,"1,985",$898.79,"5,096 mi",5,$0.1764
HNL,WAW,"1,985",$692.56,"7,579 mi",5,$0.0914
LAS,LNZ,"1,985",$519.93,"6,005 mi",5,$0.0866
LAS,LSE,"1,984",$293.10,"1,328 mi",5,$0.2207
LAS,PIH,"1,984",$274.67,476 mi,5,$0.5770
MSY,YYJ,"1,984",$375.17,"2,229 mi",5,$0.1683
PHX,AGU,"1,984",$324.47,973 mi,5,$0.3335
CLT,FPO,"1,984",$429.12,631 mi,5,$0.6801
EWR,EBB,"1,983",$391.41,"7,293 mi",5,$0.0537
LAX,DRP,"1,983",$573.39,"7,008 mi",5,$0.0818
MSY,AZO,"1,983",$295.46,858 mi,5,$0.3444
PHL,BLQ,"1,983",$794.67,"4,351 mi",5,$0.1826
HNL,BIS,"1,982",$477.86,"3,508 mi",5,$0.1362
FLL,MLU,"1,981",$272.02,867 mi,5,$0.3137
MCI,YHZ,"1,981",$453.77,"1,684 mi",5,$0.2695
PDX,SIT,"1,980",$394.16,932 mi,5,$0.4229
SJC,MFR,"1,980",$225.67,360 mi,5,$0.6269
BOS,CGN,"1,979","$1,009.24","3,472 mi",5,$0.2907
LEX,CID,"1,979",$261.77,446 mi,5,$0.5869
MCI,YOW,"1,979",$423.58,"1,023 mi",5,$0.4141
MCI,FLR,"1,978",$838.16,"4,921 mi",5,$0.1703
JFK,CPO,"1,978","$1,614.50","4,554 mi",5,$0.3545
LAS,YUM,"1,977",$244.50,246 mi,5,$0.9939
MCI,MLI,"1,977",$298.24,275 mi,5,$1.0845
SDF,ANU,"1,977",$501.38,"2,113 mi",5,$0.2373
MCO,LCA,"1,977",$527.18,"6,535 mi",5,$0.0807
ORD,GUC,"1,976",$337.48,"1,060 mi",5,$0.3184
SFO,CLL,"1,976",$288.91,"1,607 mi",5,$0.1798
MCO,KWI,"1,975",$958.09,"7,015 mi",5,$0.1366
TPA,MAO,"1,974",$366.25,"2,691 mi",5,$0.1361
IAD,WUH,"1,973",$784.73,"7,334 mi",5,$0.1070
STL,SAF,"1,972",$290.50,863 mi,5,$0.3366
ATL,BAH,"1,972","$1,046.41","7,576 mi",5,$0.1381
SEA,KBL,"1,972",$425.88,"6,927 mi",5,$0.0615
BOS,POZ,"1,971",$693.39,"4,025 mi",5,$0.1723
MEM,PTY,"1,971",$446.05,"1,972 mi",5,$0.2262
DCA,LAW,"1,971",$357.13,"1,180 mi",5,$0.3027
LAX,LCG,"1,971","$2,006.03","5,351 mi",5,$0.3749
PHX,YYG,"1,971",$433.24,"2,774 mi",5,$0.1562
BNA,CEB,"1,970",$887.30,"8,398 mi",5,$0.1057
DEN,MVD,"1,970",$869.13,"6,201 mi",5,$0.1402
LAS,YZF,"1,970",$345.40,"1,878 mi",5,$0.1839
PHX,YQT,"1,970",$387.02,"1,607 mi",5,$0.2408
BOS,YDF,"1,969",$351.58,831 mi,5,$0.4231
SLC,BRO,"1,969",$303.51,"1,284 mi",5,$0.2364
PDX,VER,"1,969",$273.60,"2,297 mi",5,$0.1191
LEX,PHF,"1,968",$164.05,435 mi,5,$0.3771
ATL,KRS,"1,968",$509.50,"4,494 mi",5,$0.1134
IAD,WDH,"1,968","$1,095.58","7,210 mi",5,$0.1520
JFK,XRY,"1,968","$1,005.75","3,463 mi",5,$0.2904
LAX,PRN,"1,968",$381.39,"6,364 mi",5,$0.0599
ONT,BTV,"1,968",$348.46,"2,377 mi",5,$0.1466
MSY,LAN,"1,967",$268.16,909 mi,5,$0.2950
ANC,MYR,"1,966",$580.75,"3,699 mi",5,$0.1570
TPA,LNZ,"1,966",$643.17,"4,937 mi",5,$0.1303
PHL,DHN,"1,966",$348.54,797 mi,5,$0.4373
SFO,IWK,"1,966","$1,702.39","5,712 mi",5,$0.2980
MCO,VAR,"1,965",$593.22,"5,585 mi",5,$0.1062
MEM,CUU,"1,965",$577.13,"1,003 mi",5,$0.5754
DCA,ITM,"1,965","$1,494.02","6,733 mi",5,$0.2219
PHX,ROW,"1,965",$345.85,445 mi,5,$0.7772
CLE,MOT,"1,964",$246.34,"1,027 mi",5,$0.2399
PDX,EYW,"1,964",$353.68,"2,767 mi",5,$0.1278
SFO,DLI,"1,964",$574.09,"7,934 mi",5,$0.0724
DFW,EWN,"1,963",$342.94,"1,118 mi",5,$0.3067
JAX,NCE,"1,963","$1,006.69","4,894 mi",5,$0.2057
LEX,FSD,"1,963",$308.22,762 mi,5,$0.4045
JFK,PUQ,"1,962",$775.59,"6,278 mi",5,$0.1235
BUR,JAC,"1,962",$268.39,790 mi,5,$0.3397
FLL,CGR,"1,962",$498.72,"3,750 mi",5,$0.1330
ATL,REC,"1,961",$876.46,"4,210 mi",5,$0.2082
MSP,TWF,"1,961",$386.40,"1,040 mi",5,$0.3715
BOS,CHC,"1,961","$1,194.27","9,581 mi",5,$0.1246
JAX,SBP,"1,961",$316.83,"2,338 mi",5,$0.1355
LAX,DHN,"1,961",$443.56,"1,860 mi",5,$0.2385
SJC,MTJ,"1,961",$307.07,791 mi,5,$0.3882
EWR,OLB,"1,960","$1,406.49","4,317 mi",5,$0.3258
ORD,GTR,"1,960",$356.00,607 mi,5,$0.5865
SAN,PUW,"1,959",$286.78,939 mi,5,$0.3054
SAT,UIO,"1,959",$523.28,"2,513 mi",5,$0.2082
AUS,NUE,"1,959",$530.06,"5,574 mi",5,$0.0951
PDX,PUS,"1,959","$2,281.78","5,457 mi",5,$0.4181
EWR,KTW,"1,958",$323.20,"4,384 mi",5,$0.0737
FLL,BSB,"1,958",$412.22,"3,509 mi",5,$0.1175
IAD,VAR,"1,958",$458.75,"5,243 mi",5,$0.0875
DFW,CXR,"1,957",$586.44,"8,617 mi",5,$0.0681
MEM,DEL,"1,957",$914.26,"8,200 mi",5,$0.1115
JAX,CTG,"1,957",$247.22,"1,398 mi",5,$0.1768
LAX,ELH,"1,957",$762.21,"2,476 mi",5,$0.3078
SAT,FLR,"1,957",$687.89,"5,532 mi",5,$0.1243
ONT,HPN,"1,956",$277.52,"2,499 mi",5,$0.1111
LAS,PUS,"1,956","$1,146.94","6,198 mi",5,$0.1851
BOS,NWI,"1,956",$419.65,"3,201 mi",5,$0.1311
EWR,CMI,"1,956",$251.78,721 mi,5,$0.3492
JFK,SLL,"1,956",$554.64,"7,020 mi",5,$0.0790
ORD,LWS,"1,956",$381.59,"1,509 mi",5,$0.2529
RDU,PEI,"1,956",$249.94,"2,090 mi",5,$0.1196
LAX,HRE,"1,955",$865.67,"10,563 mi",5,$0.0820
RDU,KUL,"1,955","$1,237.45","10,061 mi",5,$0.1230
BOS,XIY,"1,955","$1,196.60","6,915 mi",5,$0.1730
IAH,AXA,"1,955","$1,261.62","2,118 mi",5,$0.5957
MSP,FAY,"1,955",$341.27,"1,050 mi",5,$0.3250
SAN,YKM,"1,955",$246.10,"1,001 mi",5,$0.2459
SEA,RIX,"1,955",$590.46,"4,820 mi",5,$0.1225
SEA,DAR,"1,954","$1,111.78","9,711 mi",5,$0.1145
DTW,KIN,"1,954",$467.82,"1,773 mi",5,$0.2639
SFO,QYG,"1,954","$1,349.93","5,405 mi",5,$0.2498
SJC,NAS,"1,954",$290.56,"2,816 mi",5,$0.1032
SFO,SOU,"1,953",$557.83,"5,192 mi",5,$0.1074
ANC,ATW,"1,953",$527.28,"2,618 mi",5,$0.2014
DFW,LMM,"1,953",$122.36,853 mi,5,$0.1434
LGA,ZRH,"1,953",$490.62,"3,801 mi",5,$0.1291
PDX,GUM,"1,953","$1,746.09","5,850 mi",5,$0.2985
MCO,TPA,"1,952",$276.39,79 mi,5,$3.4986
PHL,ROB,"1,952",$577.54,"4,478 mi",5,$0.1290
CLT,SOF,"1,952",$658.79,"5,408 mi",5,$0.1218
MSP,SNN,"1,952",$493.83,"3,761 mi",5,$0.1313
MSY,HAM,"1,952",$848.75,"4,817 mi",5,$0.1762
ORD,LLW,"1,952",$682.11,"8,216 mi",5,$0.0830
SAN,MLU,"1,952",$297.73,"1,416 mi",5,$0.2103
IAH,BGA,"1,951",$363.19,"2,071 mi",5,$0.1754
ONT,PEK,"1,951",$869.80,"6,447 mi",5,$0.1349
SAT,VIE,"1,951",$807.16,"5,910 mi",5,$0.1366
SEA,YYT,"1,951",$494.03,"3,224 mi",5,$0.1532
ANC,GTF,"1,949",$426.98,"1,836 mi",5,$0.2326
MSY,CGK,"1,949","$1,449.78","10,140 mi",5,$0.1430
PHL,ELH,"1,949",$650.30,968 mi,5,$0.6718
TPA,ASU,"1,949",$659.31,"3,914 mi",5,$0.1684
TPA,ITH,"1,949",$233.69,"1,091 mi",5,$0.2142
MEM,ASE,"1,948",$362.98,"1,001 mi",5,$0.3626
SAT,MZT,"1,948",$171.56,673 mi,5,$0.2549
SEA,CSX,"1,948",$421.65,"5,991 mi",5,$0.0704
LAX,YKM,"1,947",$274.91,853 mi,5,$0.3223
PHL,CCU,"1,947",$475.17,"7,750 mi",5,$0.0613
PHX,CAN,"1,947",$658.19,"7,732 mi",5,$0.0851
SAN,LOS,"1,947","$1,067.93","7,917 mi",5,$0.1349
DCA,SUN,"1,946",$568.67,"2,005 mi",5,$0.2836
MSP,ABI,"1,946",$255.15,901 mi,5,$0.2832
BWI,AZO,"1,946",$271.09,526 mi,5,$0.5154
DEN,IBZ,"1,946","$1,094.61","5,113 mi",5,$0.2141
MCO,PUW,"1,945",$353.42,"2,372 mi",5,$0.1490
SEA,LNK,"1,945",$369.53,"1,379 mi",5,$0.2680
DCA,CUZ,"1,944",$367.32,"3,743 mi",5,$0.0981
SAN,ACC,"1,944",$622.90,"7,765 mi",5,$0.0802
PHX,ZLO,"1,944",$222.15,"1,056 mi",5,$0.2104
SAN,CUR,"1,944",$431.62,"3,254 mi",5,$0.1326
SAT,MAN,"1,944",$871.64,"4,702 mi",5,$0.1854
CLE,YWG,"1,943",$383.42,916 mi,5,$0.4186
DCA,STR,"1,943",$522.00,"4,248 mi",5,$0.1229
LAS,PRN,"1,943",$540.69,"6,531 mi",5,$0.0828
MCO,ROS,"1,943",$806.57,"4,313 mi",5,$0.1870
SEA,MFM,"1,943",$425.88,"6,704 mi",5,$0.0635
MEM,EGE,"1,942",$486.69,"1,010 mi",5,$0.4819
CVG,AUH,"1,941","$2,761.23","7,103 mi",5,$0.3887
MSY,GND,"1,941",$991.43,"2,140 mi",5,$0.4633
DFW,BQK,"1,941",$334.81,890 mi,5,$0.3762
PHX,CCU,"1,941",$688.25,"8,084 mi",5,$0.0851
SFO,ACA,"1,941",$212.63,"1,932 mi",5,$0.1101
BNA,DUS,"1,940",$804.61,"4,326 mi",5,$0.1860
PIT,CAI,"1,940",$485.47,"6,065 mi",5,$0.0800
DCA,CZM,"1,939",$247.81,"1,439 mi",5,$0.1722
MSP,CPR,"1,939",$295.37,692 mi,5,$0.4268
RDU,GTR,"1,939",$267.82,553 mi,5,$0.4843
AUS,CEB,"1,939",$617.27,"8,757 mi",5,$0.0705
MSP,BGI,"1,938",$469.03,"3,047 mi",5,$0.1539
ONT,BOG,"1,938",$319.09,"3,339 mi",5,$0.0956
LAX,SJW,"1,938",$477.24,"6,588 mi",5,$0.0724
SAT,ANU,"1,938",$383.37,"2,393 mi",5,$0.1602
DFW,TLL,"1,937",$762.51,"5,409 mi",5,$0.1410
LGA,DSS,"1,937",$399.22,"3,719 mi",5,$0.1073
FLL,RSD,"1,936",$107.87,269 mi,5,$0.4010
SFO,CAK,"1,936",$469.68,"2,117 mi",5,$0.2219
LAS,VNO,"1,936",$619.72,"5,915 mi",5,$0.1048
LGA,CPT,"1,936","$1,408.92","8,047 mi",5,$0.1751
MEM,EZE,"1,936",$940.13,"5,393 mi",5,$0.1743
MSY,RTB,"1,936",$280.19,"1,003 mi",5,$0.2794
DTW,LUX,"1,935","$1,359.91","4,196 mi",5,$0.3241
DTW,MLA,"1,935",$710.40,"5,112 mi",5,$0.1390
BWI,YWG,"1,935",$406.73,"1,212 mi",5,$0.3356
OGG,IDA,"1,935",$339.15,"3,068 mi",5,$0.1105
SDF,BUD,"1,935",$581.94,"4,790 mi",5,$0.1215
SEA,CMB,"1,935","$1,298.78","8,678 mi",5,$0.1497
ATL,CUU,"1,934",$538.28,"1,276 mi",5,$0.4218
MCO,TQO,"1,934",$189.54,675 mi,5,$0.2808
SJC,PWM,"1,934",$357.78,"2,621 mi",5,$0.1365
CLT,LWB,"1,933",$69.83,191 mi,5,$0.3656
IAH,JRO,"1,933","$1,583.07","9,096 mi",5,$0.1740
JFK,LBV,"1,933",$714.17,"5,666 mi",5,$0.1260
SFO,HUX,"1,933",$298.13,"2,260 mi",5,$0.1319
JFK,MOB,"1,933",$253.87,"1,093 mi",5,$0.2323
PDX,NGO,"1,933","$1,322.65","5,151 mi",5,$0.2568
MIA,YTZ,"1,932",$260.47,"1,270 mi",5,$0.2051
DEN,CAN,"1,932",$711.28,"7,205 mi",5,$0.0987
SFO,TBB,"1,931",$544.78,"7,820 mi",5,$0.0697
BOS,GGT,"1,931",$494.03,"1,289 mi",5,$0.3833
MEM,GPT,"1,931",$297.07,335 mi,5,$0.8868
MSP,MLM,"1,931",$391.21,"1,732 mi",5,$0.2259
MEM,MTJ,"1,930",$253.22,"1,049 mi",5,$0.2414
CLT,CAN,"1,930","$1,001.41","8,033 mi",5,$0.1247
LAS,CLJ,"1,930","$1,159.36","6,353 mi",5,$0.1825
LAX,WUX,"1,930",$643.40,"6,318 mi",5,$0.1018
SAN,ABY,"1,930",$375.52,"1,866 mi",5,$0.2012
ATL,CFE,"1,929",$871.89,"4,631 mi",5,$0.1883
RDU,KWI,"1,929",$857.51,"6,559 mi",5,$0.1307
BWI,RST,"1,929",$268.00,906 mi,5,$0.2958
LEX,TYS,"1,929",$258.58,152 mi,5,$1.7012
STL,EGE,"1,929",$340.49,914 mi,5,$0.3725
LAS,APA,"1,928",$445.36,593 mi,5,$0.7510
IAH,POA,"1,928","$1,227.47","5,213 mi",5,$0.2355
JAX,ARN,"1,927",$567.67,"4,596 mi",5,$0.1235
PDX,MGA,"1,927",$413.47,"3,239 mi",5,$0.1277
SEA,CHC,"1,927","$1,059.76","7,651 mi",5,$0.1385
HNL,YHZ,"1,926",$491.02,"5,235 mi",5,$0.0938
LAX,SVO,"1,926",$666.59,"6,245 mi",5,$0.1067
SFO,TKS,"1,926","$1,826.38","5,278 mi",5,$0.3460
LEX,ELM,"1,926",$385.43,482 mi,5,$0.7996
TPA,JSI,"1,926",$854.15,"5,967 mi",5,$0.1431
TPA,MRS,"1,925",$504.40,"4,956 mi",5,$0.1018
ANC,SNP,"1,925",$706.63,787 mi,5,$0.8979
EWR,BHD,"1,925","$1,202.14","3,087 mi",5,$0.3894
SAN,DOH,"1,924","$1,595.07","8,612 mi",5,$0.1852
JFK,GOX,"1,924",$789.04,"7,782 mi",5,$0.1014
TPA,GRK,"1,924",$245.28,915 mi,5,$0.2681
DEN,SJJ,"1,923",$493.29,"5,823 mi",5,$0.0847
EWR,GRZ,"1,923","$1,096.19","4,362 mi",5,$0.2513
SJC,BLI,"1,923",$341.70,814 mi,5,$0.4198
BNA,BRO,"1,923",$249.52,977 mi,5,$0.2554
ORD,MAO,"1,923",$571.32,"3,673 mi",5,$0.1555
HNL,DUB,"1,922",$750.55,"6,791 mi",5,$0.1105
FLL,OPO,"1,922",$382.47,"4,250 mi",5,$0.0900
LAS,JER,"1,922",$749.33,"5,101 mi",5,$0.1469
PDX,LTO,"1,922",$303.96,"1,445 mi",5,$0.2104
SJC,HDN,"1,922",$279.70,843 mi,5,$0.3318
PHL,FPO,"1,921",$654.94,913 mi,5,$0.7173
CVG,CMN,"1,921",$498.89,"4,310 mi",5,$0.1158
ORD,VAR,"1,920",$410.05,"5,168 mi",5,$0.0793
MSP,STX,"1,919",$520.31,"2,418 mi",5,$0.2152
TPA,RHO,"1,919",$381.12,"6,290 mi",5,$0.0606
AUS,CCU,"1,919",$739.66,"8,499 mi",5,$0.0870
ATL,CLL,"1,918",$263.94,707 mi,5,$0.3733
ATL,ERI,"1,918",$185.54,609 mi,5,$0.3047
BWI,MBS,"1,918",$261.24,503 mi,5,$0.5194
JFK,BBA,"1,918",$726.01,"6,161 mi",5,$0.1178
LAS,ACY,"1,918",$191.98,"2,276 mi",5,$0.0843
LAX,TWF,"1,918",$282.94,646 mi,5,$0.4380
FLL,AEX,"1,917",$311.96,859 mi,5,$0.3632
JAX,OPO,"1,917",$748.40,"3,915 mi",5,$0.1912
DTW,JNU,"1,916",$474.83,"2,517 mi",5,$0.1886
HOU,LIH,"1,915",$390.14,"4,090 mi",5,$0.0954
ATL,ALG,"1,914","$1,043.16","4,910 mi",5,$0.2125
BNA,GYE,"1,914",$303.14,"2,761 mi",5,$0.1098
LAS,BRE,"1,914",$409.91,"5,261 mi",5,$0.0779
MSY,TPE,"1,914",$864.90,"8,340 mi",5,$0.1037
CLT,AGU,"1,914",$342.05,"1,641 mi",5,$0.2084
JAX,GYE,"1,914",$267.44,"2,191 mi",5,$0.1221
ORD,TFN,"1,913",$726.90,"3,906 mi",5,$0.1861
ATL,MCZ,"1,913",$710.68,"4,235 mi",5,$0.1678
DEN,TFS,"1,913",$657.32,"4,766 mi",5,$0.1379
DTW,ORK,"1,913","$1,156.83","3,532 mi",5,$0.3275
ONT,TLH,"1,913",$425.12,"1,892 mi",5,$0.2247
ATL,BGW,"1,912",$633.01,"6,537 mi",5,$0.0968
TPA,MHH,"1,912",$170.65,360 mi,5,$0.4740
EWR,VKO,"1,911","$1,558.31","4,529 mi",5,$0.3441
MCI,ISB,"1,911",$753.48,"7,120 mi",5,$0.1058
LGA,BDA,"1,911",$277.60,795 mi,5,$0.3492
LAX,DGT,"1,910",$666.53,"7,636 mi",5,$0.0873
MCO,CGR,"1,910",$545.20,"3,932 mi",5,$0.1387
MCI,HKG,"1,910","$1,481.88","8,029 mi",5,$0.1846
ANC,MUC,"1,909",$669.48,"4,945 mi",5,$0.1354
CLE,KRK,"1,909",$727.81,"4,681 mi",5,$0.1555
FLL,UVF,"1,909",$342.05,"1,462 mi",5,$0.2340
DEN,SLP,"1,909",$355.20,"1,273 mi",5,$0.2790
HOU,SBN,"1,909",$307.47,"1,001 mi",5,$0.3072
MSP,CAN,"1,909","$1,520.10","7,208 mi",5,$0.2109
AUS,CNF,"1,908",$614.90,"4,809 mi",5,$0.1279
JFK,GRX,"1,908",$632.18,"3,779 mi",5,$0.1673
BNA,STS,"1,908",$310.69,"2,038 mi",5,$0.1524
CLE,MDE,"1,908",$406.69,"2,541 mi",5,$0.1601
ANC,EAT,"1,907",$555.55,"1,465 mi",5,$0.3792
BNA,XWA,"1,907",$270.35,"1,242 mi",5,$0.2177
BOS,TAS,"1,907",$782.88,"5,966 mi",5,$0.1312
MCI,HEL,"1,906",$824.03,"4,901 mi",5,$0.1681
BOS,HIJ,"1,906","$1,510.52","7,126 mi",5,$0.2120
BWI,EWR,"1,906",$388.81,174 mi,5,$2.2345
JAX,CHQ,"1,906","$1,164.03","5,982 mi",5,$0.1946
JFK,FDF,"1,906",$415.17,"1,898 mi",5,$0.2187
MCO,UDI,"1,906",$529.20,"3,827 mi",5,$0.1383
ATL,PUW,"1,905",$343.66,"1,871 mi",5,$0.1837
CVG,ITM,"1,905","$1,709.33","6,930 mi",5,$0.2467
PDX,AGP,"1,905",$613.00,"5,740 mi",5,$0.1068
BNA,LGW,"1,904",$231.76,"4,064 mi",5,$0.0570
LAS,CHQ,"1,904",$984.23,"6,635 mi",5,$0.1483
JFK,IDR,"1,903",$528.61,"7,413 mi",5,$0.0713
LGA,VCE,"1,903",$433.29,"4,266 mi",5,$0.1016
PDX,ACV,"1,903",$293.47,317 mi,5,$0.9258
CLE,BSL,"1,902",$434.64,"4,298 mi",5,$0.1011
FLL,MEL,"1,902","$1,559.06","9,997 mi",5,$0.1560
LGA,PSC,"1,902",$361.14,"2,199 mi",5,$0.1642
SAT,CUR,"1,902",$475.24,"2,172 mi",5,$0.2188
JFK,GOI,"1,902",$685.72,"7,803 mi",5,$0.0879
MCO,CAN,"1,902",$857.30,"8,988 mi",5,$0.0954
SFO,OAJ,"1,902",$308.98,"2,406 mi",5,$0.1284
SLC,AEX,"1,901",$378.03,"1,300 mi",5,$0.2908
LAX,AOJ,"1,901","$1,309.34","5,393 mi",5,$0.2428
LAX,FDF,"1,901",$470.58,"3,916 mi",5,$0.1202
PDX,CAN,"1,901","$1,582.87","6,717 mi",5,$0.2357
CVG,BIS,"1,900",$273.22,999 mi,5,$0.2735
SAN,MCT,"1,900","$1,055.78","8,277 mi",5,$0.1276
ONT,SAP,"1,899",$235.23,"2,315 mi",5,$0.1016
OGG,MEL,"1,899",$797.46,"5,392 mi",5,$0.1479
SAT,YQB,"1,899",$482.59,"1,821 mi",5,$0.2650
BOS,ALB,"1,897",$262.83,149 mi,5,$1.7640
LAS,BQN,"1,897",$384.66,"3,057 mi",5,$0.1258
MCO,YZV,"1,897",$220.01,"1,751 mi",5,$0.1256
MEM,BGI,"1,897",$454.21,"2,505 mi",5,$0.1813
SEA,BHD,"1,897","$1,220.46","4,609 mi",5,$0.2648
ATL,SUN,"1,896",$514.97,"1,792 mi",5,$0.2874
ONT,GNV,"1,896",$352.98,"2,147 mi",5,$0.1644
PIT,AMM,"1,896",$464.84,"5,818 mi",5,$0.0799
SAT,JNB,"1,896","$1,268.12","9,477 mi",5,$0.1338
EWR,OKA,"1,896","$1,162.24","7,379 mi",5,$0.1575
SJC,SBA,"1,896",$211.94,241 mi,5,$0.8794
AUS,BGI,"1,895",$282.28,"2,623 mi",5,$0.1076
CLE,DRO,"1,895",$312.78,"1,453 mi",5,$0.2153
JFK,DSM,"1,895",$308.68,"1,066 mi",5,$0.2896
TPA,PPT,"1,895","$1,564.68","5,639 mi",5,$0.2775
AUS,YQR,"1,895",$383.80,"1,487 mi",5,$0.2581
DCA,DOM,"1,895",$558.20,"1,928 mi",5,$0.2895
HNL,PUW,"1,895",$480.42,"2,787 mi",5,$0.1724
MIA,GRZ,"1,895",$777.18,"5,346 mi",5,$0.1454
BWI,JFK,"1,894",$297.93,190 mi,5,$1.5681
SDF,HDN,"1,894",$226.15,"1,121 mi",5,$0.2017
DCA,JNU,"1,894",$564.61,"2,756 mi",5,$0.2049
LAX,QYG,"1,894","$1,296.88","5,876 mi",5,$0.2207
ANC,DUB,"1,893",$620.58,"4,401 mi",5,$0.1410
SAN,LWS,"1,893",$261.15,971 mi,5,$0.2689
SAT,TLC,"1,893",$36.04,729 mi,5,$0.0494
IAH,ACY,"1,893",$155.25,"1,304 mi",5,$0.1191
MSP,TRN,"1,893",$836.40,"4,424 mi",5,$0.1891
DCA,HDN,"1,892",$320.43,"1,649 mi",5,$0.1943
MSY,ARN,"1,892",$520.83,"4,882 mi",5,$0.1067
ONT,BZE,"1,892",$284.54,"2,202 mi",5,$0.1292
CVG,CWA,"1,892",$339.38,458 mi,5,$0.7410
JAX,FAY,"1,892",$243.72,362 mi,5,$0.6733
SFO,CGY,"1,892",$562.32,"7,294 mi",5,$0.0771
SAN,KIN,"1,891",$335.25,"2,621 mi",5,$0.1279
STL,BEG,"1,891",$428.30,"5,078 mi",5,$0.0843
CVG,NGO,"1,890","$1,677.75","6,885 mi",5,$0.2437
CVG,SAL,"1,890",$315.94,"1,735 mi",5,$0.1821
STL,SCE,"1,890",$337.45,700 mi,5,$0.4821
LAX,XRY,"1,890","$1,493.50","6,073 mi",5,$0.2459
DTW,DAD,"1,889","$1,005.05","8,594 mi",5,$0.1169
MEM,SAP,"1,889",$230.64,"1,400 mi",5,$0.1647
RDU,BGO,"1,889",$671.80,"4,025 mi",5,$0.1669
PHL,HRG,"1,888",$374.34,"6,119 mi",5,$0.0612
IAD,SHE,"1,888",$813.26,"6,916 mi",5,$0.1176
JAX,KIN,"1,887",$392.69,949 mi,5,$0.4138
MCI,STX,"1,887",$308.72,"2,261 mi",5,$0.1365
MCO,SWO,"1,887",$223.05,"1,031 mi",5,$0.2163
SFO,SSA,"1,887",$759.76,"6,249 mi",5,$0.1216
CLE,SCE,"1,887",$223.50,206 mi,5,$1.0850
DCA,CLO,"1,887",$265.69,"2,367 mi",5,$0.1122
PHX,PMO,"1,887",$598.14,"6,172 mi",5,$0.0969
SEA,VTE,"1,887",$552.81,"7,344 mi",5,$0.0753
FLL,MRY,"1,886",$496.40,"2,468 mi",5,$0.2011
PDX,KUL,"1,886",$919.83,"8,381 mi",5,$0.1098
PHL,HYA,"1,886",$157.00,297 mi,5,$0.5286
BNA,BSL,"1,886",$624.47,"4,471 mi",5,$0.1397
DTW,KUL,"1,886",$939.42,"9,035 mi",5,$0.1040
JFK,AES,"1,885",$998.64,"3,368 mi",5,$0.2965
LAS,HKT,"1,885",$733.40,"8,428 mi",5,$0.0870
JFK,DRS,"1,885",$819.78,"4,140 mi",5,$0.1980
SLC,PNH,"1,885",$603.25,"8,368 mi",5,$0.0721
JFK,EUN,"1,884",$388.46,"3,419 mi",5,$0.1136
MSP,RMO,"1,884",$375.54,"5,029 mi",5,$0.0747
MSY,LNK,"1,884",$305.33,809 mi,5,$0.3774
SAN,PPT,"1,884",$721.07,"3,959 mi",5,$0.1821
IAH,SLN,"1,883",$246.91,641 mi,5,$0.3852
RDU,BEY,"1,883",$697.46,"6,203 mi",5,$0.1124
EWR,AAR,"1,883",$382.31,"3,879 mi",5,$0.0986
LAX,TSA,"1,883","$1,399.22","6,975 mi",5,$0.2006
ATL,HRE,"1,882",$496.24,"8,595 mi",5,$0.0577
DCA,MHH,"1,882",$422.33,879 mi,5,$0.4805
DEN,KGL,"1,882",$789.51,"8,326 mi",5,$0.0948
TPA,CCU,"1,882",$707.08,"8,620 mi",5,$0.0820
MEM,NRT,"1,881","$1,789.59","6,765 mi",5,$0.2645
PHX,ITH,"1,881",$319.91,"2,079 mi",5,$0.1539
DTW,PUS,"1,880","$1,274.99","6,914 mi",5,$0.1844
JFK,GRZ,"1,879","$1,077.54","4,094 mi",5,$0.2632
TPA,RTB,"1,879",$253.44,820 mi,5,$0.3091
LAX,DME,"1,878","$1,694.75","6,289 mi",5,$0.2695
BWI,KIX,"1,878",$716.31,"6,748 mi",5,$0.1062
HNL,SHV,"1,878",$623.70,"3,848 mi",5,$0.1621
AUS,STR,"1,877",$732.30,"5,212 mi",5,$0.1405
PHL,DPS,"1,877","$1,143.07","9,886 mi",5,$0.1156
SEA,CUZ,"1,877",$683.38,"5,387 mi",5,$0.1269
LAS,CTM,"1,876",$179.41,"2,095 mi",5,$0.0856
LAS,LMM,"1,876",$140.32,779 mi,5,$0.1801
JAX,GRK,"1,875",$263.35,929 mi,5,$0.2835
ORD,GRZ,"1,875","$1,082.88","4,568 mi",5,$0.2371
SLC,LCH,"1,875",$330.67,"1,245 mi",5,$0.2656
SFO,POZ,"1,874","$1,073.69","5,578 mi",5,$0.1925
FLL,DXB,"1,874",$665.62,"7,579 mi",5,$0.0878
IAH,LJU,"1,873","$1,008.34","5,759 mi",5,$0.1751
CLE,SGU,"1,873",$308.62,"1,663 mi",5,$0.1856
JFK,BBI,"1,873",$627.38,"8,271 mi",5,$0.0759
MSP,HAJ,"1,873",$651.27,"4,183 mi",5,$0.1557
RDU,POA,"1,873","$1,109.13","5,039 mi",5,$0.2201
SAN,CLL,"1,873",$283.48,"1,195 mi",5,$0.2372
MCO,ALG,"1,872",$947.78,"4,939 mi",5,$0.1919
ANC,PVG,"1,872","$1,450.62","4,170 mi",5,$0.3479
JFK,CAE,"1,872",$273.52,632 mi,5,$0.4328
LEX,YYC,"1,872",$407.14,"1,638 mi",5,$0.2486
SDF,TRI,"1,872",$267.24,224 mi,5,$1.1930
SLC,EGE,"1,872",$350.96,286 mi,5,$1.2271
IAH,VAR,"1,871",$702.66,"6,043 mi",5,$0.1163
JFK,NIM,"1,871",$401.44,"5,029 mi",5,$0.0798
CLT,YUM,"1,870",$377.09,"1,871 mi",5,$0.2015
PHX,GTR,"1,870",$394.64,"1,307 mi",5,$0.3019
SLC,KRK,"1,870",$766.42,"5,677 mi",5,$0.1350
MCO,RMO,"1,869",$640.62,"5,832 mi",5,$0.1098
HOU,FCO,"1,869",$521.99,"5,513 mi",5,$0.0947
JFK,LLW,"1,869",$697.61,"7,518 mi",5,$0.0928
JFK,RMQ,"1,869","$1,439.91","7,621 mi",5,$0.1889
MIA,JKH,"1,868",$822.77,"6,118 mi",5,$0.1345
BNA,ADD,"1,868",$505.36,"7,491 mi",5,$0.0675
DFW,EAT,"1,867",$339.35,"1,524 mi",5,$0.2227
LAS,CTS,"1,867","$1,022.69","5,002 mi",5,$0.2045
SAN,SIT,"1,867",$481.98,"1,830 mi",5,$0.2634
SLC,TQO,"1,867",$327.55,"1,957 mi",5,$0.1674
BNA,EBB,"1,867",$537.85,"7,581 mi",5,$0.0709
PIT,EGE,"1,866",$364.35,"1,449 mi",5,$0.2514
ONT,DAD,"1,865",$352.23,"8,083 mi",5,$0.0436
JFK,CXR,"1,865",$805.30,"9,058 mi",5,$0.0889
CVG,YHZ,"1,864",$281.84,"1,120 mi",5,$0.2516
DEN,LUX,"1,864","$1,120.40","4,817 mi",5,$0.2326
JFK,TAE,"1,864","$1,119.59","6,751 mi",5,$0.1658
PDX,STI,"1,864",$478.77,"3,552 mi",5,$0.1348
SDF,STX,"1,864",$264.62,"1,954 mi",5,$0.1354
AUS,DAD,"1,864",$807.26,"9,071 mi",5,$0.0890
CLE,MEL,"1,864","$1,962.93","9,666 mi",5,$0.2031
MCO,ADL,"1,864","$1,488.61","9,765 mi",5,$0.1524
SAN,SPU,"1,864",$829.00,"6,597 mi",5,$0.1257
SFO,CGN,"1,864","$1,290.80","5,769 mi",5,$0.2237
JAX,ECP,"1,863",$289.84,238 mi,5,$1.2178
SAT,PBC,"1,863",$210.32,695 mi,5,$0.3026
MCO,BON,"1,863",$408.76,"1,447 mi",5,$0.2825
MCO,YQU,"1,862",$265.90,"2,699 mi",5,$0.0985
HOU,GNV,"1,862",$304.83,803 mi,5,$0.3796
PDX,CTA,"1,862",$726.68,"6,307 mi",5,$0.1152
MSP,HHH,"1,861",$285.98,"1,070 mi",5,$0.2673
HNL,SRQ,"1,861","$1,050.49","4,550 mi",5,$0.2309
MDW,DAB,"1,861",$307.09,976 mi,5,$0.3146
ATL,TYR,"1,860",$261.00,623 mi,5,$0.4189
MSP,CUE,"1,860",$538.18,"3,313 mi",5,$0.1624
PHX,DHN,"1,860",$431.85,"1,506 mi",5,$0.2868
JFK,HZI,"1,859",$596.42,"7,826 mi",5,$0.0762
PDX,MID,"1,859",$387.81,"2,598 mi",5,$0.1493
STL,BNE,"1,859","$2,684.07","9,014 mi",5,$0.2978
DCA,MDT,"1,859",$136.48,97 mi,5,$1.4070
MCO,ABR,"1,859",$390.09,"1,457 mi",5,$0.2677
RDU,ELM,"1,859",$248.64,433 mi,5,$0.5742
MCO,TUN,"1,858",$546.01,"4,996 mi",5,$0.1093
BWI,GFK,"1,857",$385.79,"1,223 mi",5,$0.3154
DEN,PUW,"1,857",$306.35,760 mi,5,$0.4031
MIA,ZOS,"1,857",$324.20,"4,749 mi",5,$0.0683
PIT,ASE,"1,857",$421.21,"1,368 mi",5,$0.3079
MIA,ACE,"1,857",$774.99,"4,163 mi",5,$0.1862
ATL,CIX,"1,856",$887.24,"2,725 mi",5,$0.3256
BOS,GRW,"1,856",$260.96,"2,170 mi",5,$0.1203
MIA,TAB,"1,856",$228.44,"1,673 mi",5,$0.1365
MIA,YBG,"1,856",$290.35,"1,588 mi",5,$0.1828
DAL,HAV,"1,855",$179.53,"1,145 mi",5,$0.1568
SFO,KWI,"1,855","$1,212.73","7,543 mi",5,$0.1608
DEN,IMT,"1,854",$345.53,904 mi,5,$0.3822
FLL,ACC,"1,854",$564.73,"5,265 mi",5,$0.1073
JFK,SBN,"1,854",$303.65,635 mi,5,$0.4782
OGG,FCO,"1,854","$1,016.51","8,285 mi",5,$0.1227
ORD,CGN,"1,854","$1,257.57","4,120 mi",5,$0.3052
TPA,XWA,"1,854",$338.82,"1,748 mi",5,$0.1938
SAT,KIX,"1,853",$998.86,"7,002 mi",5,$0.1427
LAX,ADQ,"1,853",$615.86,"2,211 mi",5,$0.2785
MEM,RDM,"1,853",$356.38,"1,710 mi",5,$0.2084
MSP,BRO,"1,853",$255.71,"1,372 mi",5,$0.1864
ANC,GAL,"1,852",$138.37,318 mi,5,$0.4351
EWR,AAL,"1,852",$333.10,"3,830 mi",5,$0.0870
MEM,BIS,"1,852",$279.39,954 mi,5,$0.2929
MEM,YWG,"1,852",$407.25,"1,058 mi",5,$0.3849
LAX,EAT,"1,851",$284.00,962 mi,5,$0.2952
MCO,FLG,"1,851",$387.96,"1,780 mi",5,$0.2180
MSP,DOH,"1,851",$681.93,"7,319 mi",5,$0.0932
PHL,NUE,"1,851",$544.25,"3,933 mi",5,$0.1384
BNA,AGP,"1,850",$791.36,"4,545 mi",5,$0.1741
IAH,FAO,"1,850",$574.78,"4,730 mi",5,$0.1215
JAX,GUM,"1,849","$2,043.24","8,347 mi",5,$0.2448
ATL,EVN,"1,849",$659.43,"6,576 mi",5,$0.1003
DCA,BJX,"1,848",$333.56,"1,960 mi",5,$0.1702
IAH,JTR,"1,848",$708.96,"6,652 mi",5,$0.1066
LAX,WGA,"1,847",$815.96,"7,488 mi",5,$0.1090
MIA,SUF,"1,847",$374.09,"5,284 mi",5,$0.0708
SAN,MHK,"1,846",$284.30,"1,190 mi",5,$0.2389
MCO,GUM,"1,846","$2,092.23","8,455 mi",5,$0.2475
SDF,POZ,"1,846",$875.76,"4,511 mi",5,$0.1941
DEN,TBS,"1,845",$607.67,"6,295 mi",5,$0.0965
PHX,EBB,"1,845",$657.32,"8,896 mi",5,$0.0739
RDU,MVY,"1,845",$240.17,565 mi,5,$0.4251
MSY,ACT,"1,845",$285.79,416 mi,5,$0.6870
LAX,RNS,"1,844","$1,337.81","5,389 mi",5,$0.2482
MIA,OLB,"1,844","$1,560.51","4,913 mi",5,$0.3176
RDU,LCH,"1,844",$303.20,897 mi,5,$0.3380
IAH,ESB,"1,844",$778.48,"6,767 mi",5,$0.1150
MCO,CUZ,"1,844",$364.74,"3,055 mi",5,$0.1194
PDX,RMO,"1,844",$391.96,"5,641 mi",5,$0.0695
SAT,BLR,"1,844",$924.88,"9,189 mi",5,$0.1007
AUS,CUC,"1,843",$174.16,"2,306 mi",5,$0.0755
LAS,SPU,"1,843",$927.73,"6,331 mi",5,$0.1465
PDX,CTS,"1,843",$756.67,"4,574 mi",5,$0.1654
JFK,AJU,"1,843",$522.54,"4,139 mi",5,$0.1262
TPA,CMI,"1,843",$238.77,869 mi,5,$0.2748
ATL,DMM,"1,842","$1,383.78","7,531 mi",5,$0.1837
LAS,GTR,"1,842",$410.46,"1,469 mi",5,$0.2794
JAX,TLV,"1,842","$1,192.78","6,254 mi",5,$0.1907
SJC,TLH,"1,842",$398.02,"2,260 mi",5,$0.1761
IAD,GBE,"1,841","$1,176.31","8,194 mi",5,$0.1436
TPA,BLQ,"1,841",$606.45,"5,218 mi",5,$0.1162
CVG,LOS,"1,841",$521.34,"6,000 mi",5,$0.0869
DCA,SPI,"1,841",$226.86,658 mi,5,$0.3448
SJC,FRA,"1,841",$643.60,"5,859 mi",5,$0.1098
ATL,PIU,"1,840",$599.27,"2,614 mi",5,$0.2293
DFW,RIX,"1,840",$660.22,"5,184 mi",5,$0.1274
JAX,NBO,"1,840","$1,055.80","8,192 mi",5,$0.1289
PIT,HEL,"1,840",$651.30,"4,173 mi",5,$0.1561
JFK,TGZ,"1,839",$286.10,"2,083 mi",5,$0.1373
IAD,CKG,"1,839",$934.63,"7,916 mi",5,$0.1181
JFK,OMR,"1,839",$449.90,"4,345 mi",5,$0.1035
CVG,HRL,"1,838",$219.66,"1,127 mi",5,$0.1949
HOU,CDG,"1,838",$859.60,"4,879 mi",5,$0.1762
ORD,YKM,"1,838",$342.74,"1,584 mi",5,$0.2164
ORD,LPL,"1,837",$351.28,"3,908 mi",5,$0.0899
DAL,TYS,"1,836",$344.45,784 mi,5,$0.4393
LAS,EVN,"1,836",$684.71,"6,802 mi",5,$0.1007
DEN,CNF,"1,836","$1,473.11","5,498 mi",5,$0.2679
MIA,CMI,"1,836",$244.07,"1,054 mi",5,$0.2316
SLC,AGP,"1,836",$812.48,"5,551 mi",5,$0.1464
ANC,NIB,"1,834",$117.99,184 mi,5,$0.6413
OGG,FAR,"1,834",$699.31,"3,640 mi",5,$0.1921
FLL,CGB,"1,833","$1,199.86","3,404 mi",5,$0.3525
SFO,CBR,"1,833","$2,124.71","7,343 mi",5,$0.2894
SFO,SDJ,"1,833",$874.96,"5,144 mi",5,$0.1701
PHX,JRO,"1,833","$1,432.55","9,848 mi",5,$0.1455
DTW,ALG,"1,832",$299.89,"4,561 mi",5,$0.0658
PHX,VLD,"1,832",$368.42,"1,635 mi",5,$0.2253
BOS,AGU,"1,831",$400.96,"2,232 mi",5,$0.1796
CLT,CEB,"1,831",$862.62,"9,162 mi",5,$0.0942
HNL,MCY,"1,830",$487.15,"4,799 mi",5,$0.1015
SAT,MLU,"1,830",$267.05,446 mi,5,$0.5988
ATL,BEL,"1,830","$1,028.17","3,261 mi",5,$0.3153
DCA,MQT,"1,830",$333.59,716 mi,5,$0.4659
MCI,BGI,"1,830",$350.79,"2,890 mi",5,$0.1214
BWI,GUM,"1,829","$2,179.30","7,686 mi",5,$0.2835
DEN,CCU,"1,829",$654.51,"8,276 mi",5,$0.0791
OGG,FAI,"1,829",$482.90,"3,151 mi",5,$0.1533
SFO,THD,"1,829","$1,230.46","7,169 mi",5,$0.1716
AUS,DUS,"1,829",$790.75,"5,030 mi",5,$0.1572
MSY,YYT,"1,829",$637.88,"2,395 mi",5,$0.2663
BWI,ABY,"1,827",$304.74,657 mi,5,$0.4638
JAX,DPS,"1,827","$1,071.88","10,265 mi",5,$0.1044
IAD,GOA,"1,826",$767.92,"4,383 mi",5,$0.1752
MSP,OAX,"1,826",$366.43,"1,995 mi",5,$0.1837
SEA,PPG,"1,826","$1,024.45","5,051 mi",5,$0.2028
SEA,XPL,"1,826",$483.52,"3,113 mi",5,$0.1553
SAT,CUU,"1,825",$210.48,442 mi,5,$0.4762
SJC,HPN,"1,825",$332.50,"2,484 mi",5,$0.1339
STL,SCL,"1,825",$945.06,"4,986 mi",5,$0.1895
ATL,ACK,"1,825",$301.35,974 mi,5,$0.3094
STL,STX,"1,824",$336.04,"2,179 mi",5,$0.1542
DAL,YYZ,"1,824",$462.43,"1,229 mi",5,$0.3763
STL,ITM,"1,824","$1,305.46","6,769 mi",5,$0.1929
PDX,KTM,"1,823",$562.60,"6,865 mi",5,$0.0820
SLC,BMI,"1,823",$384.64,"1,242 mi",5,$0.3097
CLT,YXE,"1,823",$378.60,"1,671 mi",5,$0.2266
EWR,ACV,"1,823",$460.23,"2,651 mi",5,$0.1736
MCO,GDN,"1,823",$549.18,"5,162 mi",5,$0.1064
PDX,SAP,"1,823",$515.13,"2,978 mi",5,$0.1730
SAT,MXL,"1,823",$135.80,"1,044 mi",5,$0.1301
IAH,FUK,"1,822","$1,508.51","6,909 mi",5,$0.2183
LGA,GTF,"1,822",$415.65,"1,953 mi",5,$0.2128
MCI,CWA,"1,822",$341.61,473 mi,5,$0.7222
MSP,LNK,"1,822",$302.51,341 mi,5,$0.8871
MSY,NBO,"1,822",$756.48,"8,198 mi",5,$0.0923
LAX,MKY,"1,821","$1,037.10","6,939 mi",5,$0.1495
MCO,MZT,"1,821",$195.90,"1,543 mi",5,$0.1270
PHL,BNE,"1,821","$1,988.80","9,848 mi",5,$0.2019
BNA,GFK,"1,820",$340.31,"1,006 mi",5,$0.3383
LAX,PUQ,"1,820","$1,009.97","6,450 mi",5,$0.1566
BUR,FSD,"1,819",$343.34,"1,285 mi",5,$0.2672
MEM,BJX,"1,819",$358.21,"1,160 mi",5,$0.3088
BOS,STS,"1,819",$372.50,"2,776 mi",5,$0.1342
EWR,OGU,"1,819",$457.19,"5,539 mi",5,$0.0825
MSP,LGW,"1,818",$345.51,"3,904 mi",5,$0.0885
RDU,DUS,"1,818",$859.87,"4,036 mi",5,$0.2131
SEA,POS,"1,818",$467.24,"4,205 mi",5,$0.1111
JFK,KHH,"1,818",$987.31,"7,736 mi",5,$0.1276
BOS,SVO,"1,817",$661.12,"4,334 mi",5,$0.1525
DEN,BAQ,"1,817",$477.02,"2,630 mi",5,$0.1814
SFO,TAC,"1,817",$542.04,"6,724 mi",5,$0.0806
BNA,GND,"1,817",$907.89,"2,343 mi",5,$0.3875
CLT,GEO,"1,816",$523.86,"2,378 mi",5,$0.2203
LEX,BZN,"1,816",$352.12,"1,414 mi",5,$0.2490
ORD,ADQ,"1,816",$590.23,"2,856 mi",5,$0.2067
SEA,HER,"1,816",$830.66,"6,182 mi",5,$0.1344
SEA,TLL,"1,816",$530.53,"4,678 mi",5,$0.1134
ATL,AYT,"1,815",$502.77,"5,844 mi",5,$0.0860
MCO,MEC,"1,815",$204.49,"1,969 mi",5,$0.1039
DEN,BRD,"1,814",$297.63,718 mi,5,$0.4145
STL,DRO,"1,814",$292.41,981 mi,5,$0.2981
ANC,YYJ,"1,814",$377.35,"1,388 mi",5,$0.2719
RDU,CWB,"1,814",$636.10,"4,802 mi",5,$0.1325
BOS,YAM,"1,813",$222.08,701 mi,5,$0.3168
EWR,ATQ,"1,813",$540.00,"7,268 mi",5,$0.0743
HOU,SGF,"1,813",$250.26,552 mi,5,$0.4534
IAD,CRW,"1,813",$431.30,220 mi,5,$1.9605
LAS,MLA,"1,813","$1,157.47","6,312 mi",5,$0.1834
IAD,LCY,"1,813",$775.66,"3,576 mi",5,$0.2169
LGA,CPH,"1,813",$425.16,"3,726 mi",5,$0.1141
OGG,EZE,"1,813",$764.14,"7,686 mi",5,$0.0994
IAH,GTR,"1,812",$374.23,449 mi,5,$0.8335
JFK,PUW,"1,812",$424.02,"2,242 mi",5,$0.1891
PDX,ZLO,"1,812",$242.41,"2,161 mi",5,$0.1122
CLT,BAQ,"1,811",$436.08,"1,777 mi",5,$0.2454
FLL,VQS,"1,811",$220.42,"1,053 mi",5,$0.2093
PIT,DAY,"1,811",$249.72,220 mi,5,$1.1351
BOS,BEL,"1,811",$600.08,"3,233 mi",5,$0.1856
MCI,HHH,"1,811",$227.22,896 mi,5,$0.2536
AUS,HHH,"1,810",$251.51,982 mi,5,$0.2561
MIA,ABI,"1,810",$280.97,"1,292 mi",5,$0.2175
PIT,DHN,"1,810",$339.50,718 mi,5,$0.4728
MSP,BGW,"1,810",$480.42,"6,606 mi",5,$0.0727
SLC,MVD,"1,810",$612.18,"6,128 mi",5,$0.0999
MIA,VUP,"1,809",$236.23,"1,192 mi",5,$0.1982
SFO,YKM,"1,809",$217.67,606 mi,5,$0.3592
MSY,ABI,"1,809",$273.02,598 mi,5,$0.4566
AUS,POS,"1,808",$293.86,"2,615 mi",5,$0.1124
LAS,BHX,"1,808",$713.75,"4,977 mi",5,$0.1434
SFO,BIQ,"1,808",$956.35,"5,550 mi",5,$0.1723
SFO,YXS,"1,808",$191.52,"1,158 mi",5,$0.1654
IAD,BZV,"1,807","$1,862.21","6,352 mi",5,$0.2932
SDF,BRU,"1,807",$613.45,"4,373 mi",5,$0.1403
LGA,ABY,"1,807",$353.21,885 mi,5,$0.3991
MCO,SJT,"1,807",$387.21,"1,200 mi",5,$0.3227
ORD,WUH,"1,807",$825.34,"7,000 mi",5,$0.1179
PDX,BRO,"1,807",$344.71,"2,002 mi",5,$0.1722
EWR,YQR,"1,806",$388.43,"1,558 mi",5,$0.2493
TPA,GFK,"1,806",$369.80,"1,636 mi",5,$0.2260
AUS,ALG,"1,806",$216.19,"5,377 mi",5,$0.0402
CVG,BSL,"1,806",$410.49,"4,524 mi",5,$0.0907
LAX,KRS,"1,806",$464.19,"5,201 mi",5,$0.0893
DFW,ABZ,"1,805",$838.56,"4,645 mi",5,$0.1805
CLT,CTA,"1,804",$648.81,"4,931 mi",5,$0.1316
DFW,LGB,"1,804",$328.13,"1,181 mi",5,$0.2778
LAS,RHI,"1,804",$375.89,"1,442 mi",5,$0.2607
MCO,ORK,"1,804",$501.01,"4,104 mi",5,$0.1221
SFO,MCT,"1,803","$1,224.19","8,453 mi",5,$0.1448
SFO,VCS,"1,802",$545.97,"8,175 mi",5,$0.0668
ATL,PGV,"1,801",$201.52,436 mi,5,$0.4622
IAD,SZG,"1,801","$1,178.24","4,190 mi",5,$0.2812
HNL,YXS,"1,800",$216.60,"2,820 mi",5,$0.0768
DCA,OAX,"1,800",$430.67,"1,978 mi",5,$0.2177
LAX,STX,"1,800",$439.40,"3,372 mi",5,$0.1303
SFO,ABV,"1,800",$798.39,"8,099 mi",5,$0.0986
CLT,ROB,"1,799",$537.71,"4,730 mi",5,$0.1137
DFW,MXL,"1,799",$141.95,"1,024 mi",5,$0.1386
MSY,VER,"1,799",$397.44,862 mi,5,$0.4611
ATL,FNA,"1,799",$469.52,"4,956 mi",5,$0.0947
DFW,ASU,"1,799",$913.08,"4,640 mi",5,$0.1968
SJC,QRO,"1,799",$254.22,"1,691 mi",5,$0.1503
SLC,BOD,"1,799",$919.22,"5,308 mi",5,$0.1732
MCI,EVV,"1,798",$274.20,409 mi,5,$0.6704
DTW,BDA,"1,797",$339.16,"1,190 mi",5,$0.2850
HNL,AKJ,"1,797",$385.65,"3,822 mi",5,$0.1009
LAX,GRZ,"1,797","$1,075.75","5,968 mi",5,$0.1803
BOS,BGW,"1,796",$594.38,"5,971 mi",5,$0.0995
JFK,YOW,"1,796",$229.98,327 mi,5,$0.7033
CLT,KUL,"1,796","$1,458.72","10,102 mi",5,$0.1444
DEN,MED,"1,796",$630.60,"7,206 mi",5,$0.0875
RDU,SGU,"1,795",$406.35,"1,982 mi",5,$0.2050
EWR,ORK,"1,795",$762.21,"3,211 mi",5,$0.2374
JAX,LIH,"1,795",$703.71,"4,614 mi",5,$0.1525
DFW,WLG,"1,794",$916.49,"7,812 mi",5,$0.1173
DTW,RIX,"1,794",$676.69,"4,535 mi",5,$0.1492
ORD,CAY,"1,794",$293.62,"3,471 mi",5,$0.0846
TPA,YSB,"1,794",$207.07,"1,253 mi",5,$0.1653
ATL,LNK,"1,793",$356.87,865 mi,5,$0.4126
BOS,BPS,"1,793",$789.01,"4,678 mi",5,$0.1687
DTW,CEB,"1,793",$940.73,"8,164 mi",5,$0.1152
IAD,GRK,"1,793",$263.53,"1,309 mi",5,$0.2013
MDW,CAE,"1,792",$289.68,631 mi,5,$0.4591
ORD,KHH,"1,792",$969.50,"7,395 mi",5,$0.1311
SDF,FAI,"1,792",$477.84,"3,152 mi",5,$0.1516
MIA,KTM,"1,791",$742.73,"8,878 mi",5,$0.0837
ATL,ACT,"1,791",$231.91,780 mi,5,$0.2973
BUR,CDG,"1,791","$2,106.40","5,809 mi",5,$0.3626
SJC,GJT,"1,791",$251.53,759 mi,5,$0.3314
PDX,HAM,"1,790",$925.65,"5,186 mi",5,$0.1785
BUR,BLI,"1,790",$294.92,"1,062 mi",5,$0.2777
CLE,BRO,"1,790",$370.79,"1,434 mi",5,$0.2586
AUS,KIN,"1,789",$268.81,"1,609 mi",5,$0.1671
SEA,ALG,"1,789","$1,651.84","5,893 mi",5,$0.2803
ATL,SAF,"1,788",$325.29,"1,199 mi",5,$0.2713
CLT,SVQ,"1,788","$1,114.62","4,186 mi",5,$0.2663
LEX,ROA,"1,788",$283.54,266 mi,5,$1.0659
MCO,CPX,"1,788",$218.15,"1,193 mi",5,$0.1829
SLC,SAP,"1,788",$422.27,"2,335 mi",5,$0.1808
DFW,NAG,"1,787",$577.52,"8,958 mi",5,$0.0645
SDF,YWG,"1,787",$380.24,959 mi,5,$0.3965
SEA,NTE,"1,787","$1,646.07","4,840 mi",5,$0.3401
SFO,RTB,"1,787",$531.96,"2,550 mi",5,$0.2086
HNL,BRU,"1,787",$690.17,"7,552 mi",5,$0.0914
MIA,ACK,"1,787",$366.47,"1,181 mi",5,$0.3103
SJC,CUL,"1,786",$136.97,"1,180 mi",5,$0.1161
BNA,BMI,"1,786",$269.20,334 mi,5,$0.8060
EWR,BJL,"1,786",$534.70,"4,047 mi",5,$0.1321
ORD,CKY,"1,785",$874.46,"4,823 mi",5,$0.1813
JAX,POS,"1,785",$335.80,"1,953 mi",5,$0.1719
LAX,PMC,"1,785",$774.70,"6,127 mi",5,$0.1264
JFK,URC,"1,784","$1,085.99","6,674 mi",5,$0.1627
PHL,JNU,"1,783",$642.21,"2,940 mi",5,$0.2184
JAX,BIS,"1,783",$297.07,"1,471 mi",5,$0.2020
ORD,GGT,"1,783",$780.39,"1,405 mi",5,$0.5554
SFO,DUD,"1,783",$771.95,"6,910 mi",5,$0.1117
BNA,ACT,"1,782",$207.39,660 mi,5,$0.3142
HNL,PRG,"1,782",$871.02,"7,254 mi",5,$0.1201
JAX,CEB,"1,782",$789.75,"9,416 mi",5,$0.0839
JFK,PEW,"1,782",$505.83,"7,031 mi",5,$0.0719
PHL,HAN,"1,782","$1,011.48","8,461 mi",5,$0.1195
BWI,SVD,"1,781",$667.91,"1,970 mi",5,$0.3390
IAD,NKG,"1,780",$945.75,"7,664 mi",5,$0.1234
JFK,FSD,"1,780",$267.35,"1,154 mi",5,$0.2317
SAT,ITM,"1,780","$1,041.63","6,976 mi",5,$0.1493
DEN,HAJ,"1,779",$990.46,"4,800 mi",5,$0.2063
MEM,GCM,"1,779",$320.54,"1,173 mi",5,$0.2733
SFO,TRS,"1,779",$645.00,"5,871 mi",5,$0.1099
SLC,KUL,"1,779","$1,003.30","9,018 mi",5,$0.1113
RDU,TRI,"1,779",$292.21,200 mi,5,$1.4611
SLC,FSM,"1,779",$323.44,"1,058 mi",5,$0.3057
IAD,TAO,"1,778",$949.85,"7,327 mi",5,$0.1296
AUS,TLL,"1,778",$849.27,"5,272 mi",5,$0.1611
JAX,GVA,"1,777",$817.59,"4,774 mi",5,$0.1713
SLC,CYS,"1,777",$296.63,386 mi,5,$0.7685
AUS,MRS,"1,776",$583.30,"5,559 mi",5,$0.1049
BOS,DLA,"1,776",$450.64,"5,391 mi",5,$0.0836
DFW,PMO,"1,776","$1,004.49","5,614 mi",5,$0.1789
IAH,RDD,"1,776",$493.49,"1,627 mi",5,$0.3033
SEA,SPS,"1,776",$292.19,"1,499 mi",5,$0.1949
PDX,ITM,"1,775",$978.42,"5,212 mi",5,$0.1877
PIT,POP,"1,775",$208.81,"1,588 mi",5,$0.1315
SLC,GOT,"1,775",$721.00,"5,059 mi",5,$0.1425
ORD,BDS,"1,775",$782.15,"5,240 mi",5,$0.1493
PDX,ACC,"1,775",$463.15,"7,217 mi",5,$0.0642
DFW,CUZ,"1,774",$565.31,"3,502 mi",5,$0.1614
LAX,DRS,"1,774","$1,073.21","6,056 mi",5,$0.1772
SFO,BDQ,"1,774",$798.11,"7,926 mi",5,$0.1007
ATL,TGZ,"1,773",$397.78,"1,334 mi",5,$0.2982
DFW,BOD,"1,773",$710.25,"5,088 mi",5,$0.1396
EWR,FPO,"1,773",$418.60,"1,040 mi",5,$0.4025
SFO,NSN,"1,773","$1,010.11","7,000 mi",5,$0.1443
DTW,XPL,"1,773",$401.77,"1,992 mi",5,$0.2017
MEM,SBP,"1,773",$409.56,"1,778 mi",5,$0.2303
SLC,POP,"1,773",$255.55,"2,744 mi",5,$0.0931
BOS,BLI,"1,772",$439.04,"2,408 mi",5,$0.1823
EWR,AXA,"1,772",$845.64,"1,637 mi",5,$0.5166
SAN,SVQ,"1,772",$865.79,"6,054 mi",5,$0.1430
AUS,PMI,"1,772",$867.50,"5,259 mi",5,$0.1650
CVG,SYD,"1,772","$1,839.93","9,082 mi",5,$0.2026
LAX,IQT,"1,772",$774.33,"4,043 mi",5,$0.1915
RDU,SOF,"1,772",$713.02,"4,975 mi",5,$0.1433
SEA,TBS,"1,771",$650.37,"6,043 mi",5,$0.1076
SFO,ABI,"1,771",$327.56,"1,371 mi",5,$0.2389
BOS,NGB,"1,770","$3,046.30","7,608 mi",5,$0.4004
STL,MLU,"1,770",$252.34,454 mi,5,$0.5558
ATL,NAT,"1,770",$913.25,"4,330 mi",5,$0.2109
HNL,SZX,"1,770",$588.79,"5,391 mi",5,$0.1092
STL,XPL,"1,770",$299.34,"1,737 mi",5,$0.1723
BNA,CPR,"1,769",$314.25,"1,184 mi",5,$0.2654
HOU,JFK,"1,769",$245.08,"1,384 mi",5,$0.1771
LAS,UBN,"1,769",$711.59,"5,915 mi",5,$0.1203
IAH,KRS,"1,768",$980.01,"4,786 mi",5,$0.2048
BNA,TWF,"1,767",$414.73,"1,496 mi",5,$0.2772
ANC,BTV,"1,767",$568.79,"3,096 mi",5,$0.1837
ORD,DHN,"1,766",$375.18,727 mi,5,$0.5161
MCO,CLL,"1,766",$290.27,945 mi,5,$0.3072
CLE,DUS,"1,765","$1,048.25","4,140 mi",5,$0.2532
STL,CEB,"1,765",$755.94,"8,138 mi",5,$0.0929
IAD,BDS,"1,765",$772.85,"4,930 mi",5,$0.1568
BNA,SKB,"1,764",$533.18,"1,899 mi",5,$0.2808
BOS,RUN,"1,764","$1,082.79","8,753 mi",5,$0.1237
JAX,STI,"1,764",$281.48,"1,064 mi",5,$0.2645
AUS,SOF,"1,764",$647.50,"6,351 mi",5,$0.1020
BOS,PVH,"1,764",$716.50,"3,664 mi",5,$0.1956
DTW,ABY,"1,764",$355.32,761 mi,5,$0.4669
MSP,VNO,"1,764",$566.83,"4,536 mi",5,$0.1250
PHX,GOT,"1,764",$545.22,"5,203 mi",5,$0.1048
MIA,CGN,"1,763",$531.67,"4,606 mi",5,$0.1154
PIT,GIG,"1,763","$1,343.81","4,829 mi",5,$0.2783
TPA,YQT,"1,763",$226.10,"1,499 mi",5,$0.1508
ATL,GRZ,"1,763",$802.13,"5,129 mi",5,$0.1564
SLC,MAA,"1,762",$953.80,"8,381 mi",5,$0.1138
CLT,HKT,"1,762",$692.95,"9,159 mi",5,$0.0757
JFK,AOJ,"1,762",$973.61,"6,604 mi",5,$0.1474
PHL,RUH,"1,762","$1,139.65","6,803 mi",5,$0.1675
BOS,CAK,"1,762",$291.60,532 mi,5,$0.5481
DEN,NCL,"1,762",$677.31,"4,608 mi",5,$0.1470
JAX,DLH,"1,762",$337.58,"1,223 mi",5,$0.2760
LEX,ATW,"1,761",$297.78,462 mi,5,$0.6445
ORD,CNS,"1,761","$1,119.18","8,579 mi",5,$0.1305
MCI,TLV,"1,761","$1,061.17","6,349 mi",5,$0.1671
SLC,NGO,"1,761",$830.66,"5,797 mi",5,$0.1433
LAS,CLL,"1,760",$293.68,"1,181 mi",5,$0.2487
LAX,YXT,"1,760",$363.69,"1,456 mi",5,$0.2498
ATL,CGB,"1,760",$678.86,"3,767 mi",5,$0.1802
DTW,SUN,"1,760",$435.82,"1,608 mi",5,$0.2710
EWR,QYG,"1,760","$1,243.50","3,798 mi",5,$0.3274
LGA,BQN,"1,760",$232.74,"1,543 mi",5,$0.1508
SFO,LEJ,"1,759",$852.82,"5,530 mi",5,$0.1542
IAD,JUB,"1,758",$872.96,"6,804 mi",5,$0.1283
IAD,VFA,"1,758",$852.96,"7,467 mi",5,$0.1142
MSP,SKG,"1,758",$906.29,"5,497 mi",5,$0.1649
JFK,RKD,"1,758",$291.15,346 mi,5,$0.8415
SFO,LED,"1,758",$600.18,"5,361 mi",5,$0.1120
BWI,BKK,"1,757","$1,107.10","8,517 mi",5,$0.1300
MCI,CPR,"1,757",$290.89,680 mi,5,$0.4278
MSP,YQQ,"1,757",$201.86,"1,464 mi",5,$0.1379
IAD,EWN,"1,756",$166.12,260 mi,5,$0.6389
JFK,ELH,"1,756",$366.80,"1,029 mi",5,$0.3565
MCO,ISB,"1,756",$880.40,"8,067 mi",5,$0.1091
ONT,DUB,"1,756",$670.96,"5,289 mi",5,$0.1269
IAD,DLH,"1,756",$413.76,950 mi,5,$0.4355
STL,PEK,"1,756","$1,629.14","6,528 mi",5,$0.2496
ORD,NAG,"1,755",$481.03,"7,760 mi",5,$0.0620
SAN,CLO,"1,755",$420.29,"3,418 mi",5,$0.1230
ORD,GYD,"1,755",$794.53,"5,977 mi",5,$0.1329
ORD,TNR,"1,754",$878.32,"9,661 mi",5,$0.0909
SJC,MHT,"1,754",$258.89,"2,734 mi",5,$0.0947
IAD,FLN,"1,753",$576.91,"5,115 mi",5,$0.1128
IAD,NTE,"1,753",$839.81,"3,607 mi",5,$0.2328
JFK,GPT,"1,753",$241.53,"1,077 mi",5,$0.2243
LAS,PEI,"1,753",$348.08,"3,204 mi",5,$0.1086
MCO,YQQ,"1,753",$262.99,"2,626 mi",5,$0.1001
OGG,CUN,"1,753",$482.02,"4,314 mi",5,$0.1117
MIA,JRO,"1,753","$1,555.83","8,259 mi",5,$0.1884
SAN,EAT,"1,753",$292.20,994 mi,5,$0.2940
MSP,SIT,"1,752",$491.72,"2,036 mi",5,$0.2415
PDX,MHK,"1,752",$297.70,"1,347 mi",5,$0.2210
PHL,NCL,"1,752",$954.56,"3,520 mi",5,$0.2712
DEN,YKM,"1,752",$287.59,893 mi,5,$0.3220
STL,CIU,"1,752",$311.45,617 mi,5,$0.5048
BOS,EAS,"1,751",$374.71,"3,502 mi",5,$0.1070
SJC,CJS,"1,751",$149.88,995 mi,5,$0.1506
LAS,EKO,"1,750",$337.03,340 mi,5,$0.9913
PHL,KTM,"1,750",$828.49,"7,832 mi",5,$0.1058
PHX,XPL,"1,750",$363.55,"1,952 mi",5,$0.1862
SEA,ITH,"1,750",$436.25,"2,301 mi",5,$0.1896
CLE,GTF,"1,750",$328.28,"1,460 mi",5,$0.2248
TPA,YSJ,"1,750",$312.84,"1,461 mi",5,$0.2141
MDW,KOA,"1,749",$346.35,"4,341 mi",5,$0.0798
LGA,MQT,"1,749",$377.68,800 mi,5,$0.4721
SAN,ITH,"1,749",$337.49,"2,373 mi",5,$0.1422
SFO,EAT,"1,749",$271.05,706 mi,5,$0.3839
BOS,VTE,"1,748",$592.66,"7,999 mi",5,$0.0741
IAD,ADL,"1,748","$2,575.49","10,130 mi",5,$0.2542
PHL,YYJ,"1,748",$435.78,"2,344 mi",5,$0.1859
ANC,LEX,"1,748",$575.74,"3,065 mi",5,$0.1878
ATL,EIS,"1,748",$513.00,"1,567 mi",5,$0.3274
MEM,SCL,"1,748","$1,595.45","4,742 mi",5,$0.3365
SEA,RUN,"1,747","$1,084.10","10,915 mi",5,$0.0993
MSP,DLA,"1,747",$588.24,"6,850 mi",5,$0.0859
TPA,FAO,"1,746",$677.32,"4,409 mi",5,$0.1536
BOS,UBN,"1,746",$854.05,"6,402 mi",5,$0.1334
LAS,ACT,"1,746",$280.55,"1,104 mi",5,$0.2541
ONT,MHK,"1,746",$380.94,"1,246 mi",5,$0.3057
BOS,FNA,"1,745",$789.65,"4,316 mi",5,$0.1830
LAS,CHC,"1,745",$834.40,"6,911 mi",5,$0.1207
LAS,SHE,"1,745",$543.37,"6,090 mi",5,$0.0892
SJC,AGS,"1,745",$419.88,"2,320 mi",5,$0.1810
RDU,MRS,"1,745",$645.46,"4,177 mi",5,$0.1545
MSY,GGT,"1,744",$894.57,961 mi,5,$0.9309
IAH,ELH,"1,743",$462.26,"1,216 mi",5,$0.3801
BNA,JED,"1,743",$805.97,"7,316 mi",5,$0.1102
LAX,KWL,"1,742",$569.49,"7,041 mi",5,$0.0809
ORD,ZQN,"1,742","$1,485.34","8,476 mi",5,$0.1752
SLC,YXE,"1,742",$449.73,850 mi,5,$0.5291
BUR,FAI,"1,741",$436.82,"2,374 mi",5,$0.1840
CLT,BQN,"1,741",$130.22,"1,389 mi",5,$0.0938
DAL,PLS,"1,741",$352.99,"1,635 mi",5,$0.2159
SDF,MTJ,"1,741",$240.00,"1,162 mi",5,$0.2065
SFO,MAO,"1,741",$619.19,"4,721 mi",5,$0.1312
SFO,SYZ,"1,741",$344.33,"7,551 mi",5,$0.0456
LAX,POM,"1,740","$1,640.05","7,035 mi",5,$0.2331
SLC,CEB,"1,739",$654.26,"7,648 mi",5,$0.0855
IAD,PUW,"1,739",$461.63,"1,994 mi",5,$0.2315
EWR,REC,"1,738",$627.84,"4,069 mi",5,$0.1543
IAH,CIU,"1,738",$404.21,"1,229 mi",5,$0.3289
SFO,KHN,"1,738",$679.69,"6,690 mi",5,$0.1016
CLE,RUH,"1,737","$4,073.26","6,997 mi",5,$0.5821
MSP,RAK,"1,737",$579.51,"4,635 mi",5,$0.1250
JFK,CGR,"1,736",$662.75,"4,529 mi",5,$0.1463
AUS,VLC,"1,736",$844.74,"5,431 mi",5,$0.1555
DEN,ABR,"1,735",$307.72,485 mi,5,$0.6345
SFO,LKO,"1,735",$733.83,"7,507 mi",5,$0.0978
IAD,YUM,"1,735",$526.34,"2,174 mi",5,$0.2421
ONT,CGK,"1,734",$603.71,"9,289 mi",5,$0.0650
SFO,LBA,"1,734",$566.95,"5,356 mi",5,$0.1059
ANC,CAE,"1,733",$593.76,"3,398 mi",5,$0.1747
PHX,ACT,"1,733",$287.06,843 mi,5,$0.3405
FLL,GTF,"1,733",$378.41,"2,181 mi",5,$0.1735
MSY,BSL,"1,733",$574.90,"5,205 mi",5,$0.1105
PHX,ALW,"1,732",$212.48,907 mi,5,$0.2343
SAN,BQN,"1,732",$318.79,"3,141 mi",5,$0.1015
CLE,CPT,"1,731","$1,275.14","7,965 mi",5,$0.1601
PDX,PNH,"1,731",$643.42,"7,736 mi",5,$0.0832
BNA,TYR,"1,731",$254.29,579 mi,5,$0.4392
IAH,PUW,"1,731",$386.03,"1,691 mi",5,$0.2283
SEA,CGO,"1,731",$419.24,"5,619 mi",5,$0.0746
ORD,TAP,"1,730",$212.92,"1,840 mi",5,$0.1157
ATL,PHC,"1,730",$589.58,"5,922 mi",5,$0.0996
FLL,GEO,"1,730",$291.69,"2,036 mi",5,$0.1433
IAD,MBS,"1,730",$274.42,482 mi,5,$0.5693
JFK,MUX,"1,730",$539.34,"6,847 mi",5,$0.0788
SAT,GIG,"1,730",$954.34,"5,306 mi",5,$0.1799
SFO,GND,"1,730",$627.49,"3,989 mi",5,$0.1573
BNA,KIX,"1,730","$1,185.16","7,070 mi",5,$0.1676
DCA,BLI,"1,730",$499.34,"2,401 mi",5,$0.2080
DEN,NUE,"1,730",$693.79,"4,978 mi",5,$0.1394
EWR,SSA,"1,730",$824.75,"4,224 mi",5,$0.1953
MEM,CAI,"1,729",$601.76,"6,734 mi",5,$0.0894
PDX,PPT,"1,729",$980.51,"4,819 mi",5,$0.2035
PHX,HAJ,"1,729",$666.61,"5,709 mi",5,$0.1168
SAT,FLG,"1,729",$245.45,887 mi,5,$0.2767
LAX,LWS,"1,728",$283.56,836 mi,5,$0.3392
BOS,MQT,"1,728",$349.01,879 mi,5,$0.3971
CVG,UIO,"1,727",$409.97,"2,818 mi",5,$0.1455
DFW,VVI,"1,727",$493.44,"4,024 mi",5,$0.1226
JFK,OAJ,"1,727",$210.64,467 mi,5,$0.4510
PIT,FAY,"1,727",$254.13,399 mi,5,$0.6369
DEN,DGO,"1,726",$315.15,"1,054 mi",5,$0.2990
LEX,MLB,"1,726",$285.09,701 mi,5,$0.4067
BWI,EIS,"1,725",$678.50,"1,654 mi",5,$0.4102
ATL,LPI,"1,725",$728.45,"4,467 mi",5,$0.1631
ONT,DAB,"1,725",$336.93,"2,100 mi",5,$0.1604
DFW,MCT,"1,724",$918.11,"8,454 mi",5,$0.1086
DTW,LNK,"1,724",$347.66,720 mi,5,$0.4829
IAD,MOT,"1,724",$349.13,"1,307 mi",5,$0.2671
PHL,BHX,"1,724",$483.31,"3,567 mi",5,$0.1355
SFO,SYX,"1,724",$601.28,"7,095 mi",5,$0.0847
IAD,SKT,"1,724",$490.08,"6,962 mi",5,$0.0704
LAS,AUH,"1,724","$1,762.92","7,957 mi",5,$0.2216
ORD,YKA,"1,724",$360.07,"1,600 mi",5,$0.2250
PHL,CLL,"1,724",$249.47,"1,389 mi",5,$0.1796
OGG,AKL,"1,723",$638.24,"4,285 mi",5,$0.1489
SAT,POS,"1,723",$544.60,"2,642 mi",5,$0.2061
BWI,GYE,"1,723",$201.94,"2,949 mi",5,$0.0685
CLT,ACK,"1,722",$309.51,700 mi,5,$0.4422
MIA,SDR,"1,722",$637.49,"4,492 mi",5,$0.1419
BOS,DAV,"1,722",$639.07,"2,375 mi",5,$0.2691
DFW,ALW,"1,722",$263.15,"1,489 mi",5,$0.1767
HNL,HSG,"1,722",$508.18,"4,534 mi",5,$0.1121
JFK,FSC,"1,722",$752.01,"4,260 mi",5,$0.1765
LGA,GTR,"1,722",$344.52,972 mi,5,$0.3544
SEA,ADB,"1,722",$737.86,"6,408 mi",5,$0.1151
SEA,MHK,"1,722",$341.54,"1,361 mi",5,$0.2509
BWI,NCE,"1,721",$755.19,"4,039 mi",5,$0.1870
IAD,BHD,"1,721",$756.03,"3,290 mi",5,$0.2298
LAS,COR,"1,721",$564.73,"5,877 mi",5,$0.0961
LAX,DUR,"1,721",$817.18,"10,309 mi",5,$0.0793
SDF,IST,"1,721",$828.47,"5,738 mi",5,$0.1444
BOS,HMO,"1,721",$503.21,"2,471 mi",5,$0.2036
BUR,RAP,"1,721",$273.68,"1,030 mi",5,$0.2657
JFK,LSC,"1,721",$687.82,"4,732 mi",5,$0.1454
SFO,VDH,"1,721",$502.45,"7,250 mi",5,$0.0693
EWR,OHD,"1,720",$202.88,"4,813 mi",5,$0.0422
LAX,JUL,"1,720",$820.50,"4,520 mi",5,$0.1815
LAX,NOU,"1,719","$1,345.78","6,090 mi",5,$0.2210
LAX,YUM,"1,719",$291.22,230 mi,5,$1.2662
ONT,KUL,"1,719",$803.85,"8,567 mi",5,$0.0938
HNL,MMB,"1,718",$427.81,"3,736 mi",5,$0.1145
PHX,PMI,"1,718","$1,291.81","5,718 mi",5,$0.2259
MCI,ADD,"1,718",$582.80,"8,206 mi",5,$0.0710
PHL,YXE,"1,718",$384.44,"1,764 mi",5,$0.2179
RDU,ABY,"1,717",$271.59,445 mi,5,$0.6103
BOS,HPN,"1,716",$256.24,171 mi,5,$1.4985
MSP,ACV,"1,716",$422.64,"1,623 mi",5,$0.2604
PHL,ITM,"1,715","$1,984.31","7,128 mi",5,$0.2784
SEA,LCA,"1,715",$798.69,"6,359 mi",5,$0.1256
DTW,WRO,"1,714",$967.99,"4,282 mi",5,$0.2261
LAS,ADB,"1,714",$609.44,"6,559 mi",5,$0.0929
ORD,UKB,"1,714","$1,420.70","6,675 mi",5,$0.2128
CLT,PMO,"1,713",$558.02,"5,114 mi",5,$0.1091
JFK,INN,"1,713",$775.19,"3,922 mi",5,$0.1977
DCA,FNT,"1,712",$207.75,437 mi,5,$0.4754
EWR,AGU,"1,712",$343.55,"2,165 mi",5,$0.1587
FLL,SAF,"1,712",$359.27,"1,717 mi",5,$0.2092
IAH,ITH,"1,712",$378.26,"1,397 mi",5,$0.2708
JFK,HSG,"1,712","$1,681.52","6,899 mi",5,$0.2437
JFK,NNG,"1,712",$775.46,"8,307 mi",5,$0.0934
PHX,AQP,"1,712","$2,381.01","4,482 mi",5,$0.5312
DEN,TSM,"1,711",$136.31,248 mi,5,$0.5496
DTW,NTE,"1,711",$879.86,"3,727 mi",5,$0.2361
JAX,MAA,"1,711",$671.69,"8,923 mi",5,$0.0753
ORD,QYG,"1,711","$1,437.73","4,203 mi",5,$0.3421
ORD,ALW,"1,711",$265.18,"1,572 mi",5,$0.1687
SDF,VIE,"1,710",$744.89,"4,666 mi",5,$0.1596
SJC,BTV,"1,710",$473.74,"2,632 mi",5,$0.1800
CLE,DBV,"1,709",$747.04,"4,945 mi",5,$0.1511
IAH,NSI,"1,709","$1,026.61","6,878 mi",5,$0.1493
LAX,PPP,"1,709",$948.00,"6,949 mi",5,$0.1364
SAT,CAI,"1,709",$674.63,"6,943 mi",5,$0.0972
CVG,GIG,"1,709","$1,145.78","4,892 mi",5,$0.2342
RDU,DAC,"1,709",$743.52,"8,002 mi",5,$0.0929
SEA,KMG,"1,709",$740.36,"6,487 mi",5,$0.1141
TPA,MVY,"1,709",$282.75,"1,112 mi",5,$0.2543
JAX,YEG,"1,708",$376.67,"2,174 mi",5,$0.1733
STL,RST,"1,707",$270.46,362 mi,5,$0.7471
DAL,CAE,"1,707",$334.40,883 mi,5,$0.3787
PHL,LPA,"1,707",$457.24,"3,361 mi",5,$0.1360
MSY,CLO,"1,706",$277.19,"2,101 mi",5,$0.1319
PIT,GTF,"1,706",$342.55,"1,657 mi",5,$0.2067
DCA,CPT,"1,706","$1,662.14","8,145 mi",5,$0.2041
PHX,SJT,"1,706",$325.76,708 mi,5,$0.4601
SAT,CLO,"1,706",$216.79,"2,237 mi",5,$0.0969
SEA,PRN,"1,706",$701.45,"5,651 mi",5,$0.1241
MSY,FSM,"1,705",$292.49,453 mi,5,$0.6457
MIA,NAN,"1,704","$1,363.98","7,261 mi",5,$0.1879
DTW,DMM,"1,704",$652.94,"6,625 mi",5,$0.0986
JFK,MTR,"1,704",$353.03,"2,136 mi",5,$0.1653
MIA,GTF,"1,704",$400.77,"2,189 mi",5,$0.1831
CLE,GYE,"1,703",$333.15,"3,103 mi",5,$0.1074
PHL,KIX,"1,703","$1,468.43","7,155 mi",5,$0.2052
PHL,VER,"1,702",$330.51,"1,954 mi",5,$0.1691
RDU,BEG,"1,702",$670.56,"4,771 mi",5,$0.1405
ATL,ALC,"1,702",$653.16,"4,397 mi",5,$0.1485
ATL,STS,"1,702",$331.95,"2,089 mi",5,$0.1589
MEM,BUD,"1,702",$672.31,"5,099 mi",5,$0.1319
ANC,CHA,"1,701",$541.45,"3,405 mi",5,$0.1590
ATL,DGO,"1,701",$301.04,"1,338 mi",5,$0.2250
IAH,SUB,"1,701","$1,299.05","10,337 mi",5,$0.1257
PDX,LAN,"1,701",$354.68,"1,819 mi",5,$0.1950
SAT,CUL,"1,700",$101.48,625 mi,5,$0.1624
MSP,GGR,"1,700",$892.85,"7,810 mi",5,$0.1143
SAN,CEB,"1,699",$922.79,"7,657 mi",5,$0.1205
LAX,ZCO,"1,698",$865.65,"5,649 mi",5,$0.1532
SDF,MRY,"1,698",$354.00,"2,032 mi",5,$0.1742
SFO,YGJ,"1,698","$1,212.55","5,281 mi",5,$0.2296
ATL,SLZ,"1,698",$743.74,"3,510 mi",5,$0.2119
LAS,VRN,"1,698",$546.59,"6,056 mi",5,$0.0903
TPA,MLA,"1,698",$713.89,"5,308 mi",5,$0.1345
BWI,BNE,"1,697","$1,389.05","9,771 mi",5,$0.1422
CLT,AXA,"1,697",$881.08,"1,559 mi",5,$0.5652
MSP,RUH,"1,697","$1,157.36","7,200 mi",5,$0.1607
EWR,NSI,"1,697",$502.38,"6,001 mi",5,$0.0837
LEX,MHT,"1,697",$204.64,746 mi,5,$0.2743
FLL,PRG,"1,696",$280.16,"5,193 mi",5,$0.0539
JAX,AGS,"1,695",$321.45,193 mi,5,$1.6655
SDF,AMM,"1,695",$506.53,"6,134 mi",5,$0.0826
ORD,DVO,"1,695",$711.68,"8,691 mi",5,$0.0819
SFO,DRP,"1,695",$458.65,"7,119 mi",5,$0.0644
DEN,VVI,"1,694",$488.71,"4,645 mi",5,$0.1052
FLL,MCZ,"1,694",$538.24,"3,746 mi",5,$0.1437
LEX,NAS,"1,694",$389.18,"1,021 mi",5,$0.3812
BOS,NVT,"1,694",$598.00,"5,142 mi",5,$0.1163
BWI,BSL,"1,694",$442.10,"3,934 mi",5,$0.1124
CLE,MZT,"1,694",$222.13,"1,948 mi",5,$0.1140
DFW,DOM,"1,694",$547.89,"2,609 mi",5,$0.2100
SAT,FSM,"1,694",$246.08,481 mi,5,$0.5116
JAX,CPT,"1,693","$1,283.53","7,658 mi",5,$0.1676
OGG,MAD,"1,693","$1,785.00","7,614 mi",5,$0.2344
JFK,OOL,"1,693","$1,665.42","9,932 mi",5,$0.1677
DAL,MEX,"1,692",$290.10,909 mi,5,$0.3191
MIA,MHK,"1,691",$270.67,"1,363 mi",5,$0.1986
MIA,FRU,"1,691",$583.79,"7,638 mi",5,$0.0764
DCA,NCE,"1,690","$1,207.12","4,319 mi",5,$0.2795
LGA,BQK,"1,690",$328.92,759 mi,5,$0.4334
MSY,CEB,"1,690",$693.97,"9,105 mi",5,$0.0762
ONT,MLB,"1,690",$375.41,"2,279 mi",5,$0.1647
SAT,SXM,"1,690",$560.74,"2,432 mi",5,$0.2306
CLE,AKL,"1,689","$1,647.40","8,206 mi",5,$0.2008
SDF,SBY,"1,689",$167.31,538 mi,5,$0.3110
SLC,HAN,"1,688","$1,024.91","7,738 mi",5,$0.1325
CLT,OAX,"1,688",$372.75,"1,638 mi",5,$0.2276
CVG,ASE,"1,688",$421.68,"1,223 mi",5,$0.3448
HNL,GJT,"1,688",$529.58,"3,056 mi",5,$0.1733
IAD,HIJ,"1,688","$1,948.00","6,797 mi",5,$0.2866
LAS,ACA,"1,688",$164.45,"1,684 mi",5,$0.0977
SAT,TAM,"1,688",$139.51,516 mi,5,$0.2704
ANC,YOW,"1,687",$533.69,"2,975 mi",5,$0.1794
BOS,BIQ,"1,687",$752.32,"3,511 mi",5,$0.2143
DCA,YXE,"1,687",$319.22,"1,738 mi",5,$0.1837
BOS,QYG,"1,686",$966.39,"3,606 mi",5,$0.2680
STL,MEL,"1,686","$1,916.61","9,200 mi",5,$0.2083
JAX,GIG,"1,686",$782.64,"4,613 mi",5,$0.1697
LAX,BRS,"1,686",$757.36,"5,212 mi",5,$0.1453
IAH,LSE,"1,685",$228.82,956 mi,5,$0.2394
JAX,HKG,"1,685","$1,410.50","8,385 mi",5,$0.1682
OGG,YOW,"1,684",$408.48,"4,907 mi",5,$0.0832
TPA,POZ,"1,684",$604.18,"5,229 mi",5,$0.1155
LGA,GGT,"1,684",$487.19,"1,159 mi",5,$0.4204
SFO,CAG,"1,684",$804.62,"6,486 mi",5,$0.1241
DFW,DAR,"1,683","$1,188.50","8,836 mi",5,$0.1345
EWR,LPB,"1,683",$444.18,"3,852 mi",5,$0.1153
MIA,FSM,"1,683",$285.57,"1,032 mi",5,$0.2767
CLE,COU,"1,683",$318.05,559 mi,5,$0.5690
JAX,RDM,"1,683",$413.55,"2,268 mi",5,$0.1823
MSY,BLR,"1,683",$951.37,"9,626 mi",5,$0.0988
OGG,PBI,"1,683","$1,032.00","4,914 mi",5,$0.2100
PDX,MLU,"1,683",$401.41,"1,800 mi",5,$0.2230
HNL,ALW,"1,682",$534.86,"2,887 mi",5,$0.1853
HNL,DVO,"1,682",$548.95,"5,324 mi",5,$0.1031
IAH,SYZ,"1,682",$475.14,"7,579 mi",5,$0.0627
BOS,YQM,"1,681",$327.33,417 mi,5,$0.7850
CVG,OPO,"1,681",$508.04,"3,997 mi",5,$0.1271
MSY,AKL,"1,681","$1,267.29","7,448 mi",5,$0.1702
OGG,ALB,"1,681",$580.32,"5,033 mi",5,$0.1153
SJC,ROA,"1,681",$415.92,"2,216 mi",5,$0.1877
CLE,BUF,"1,680",$251.94,185 mi,5,$1.3618
JFK,TRU,"1,680",$553.04,"3,282 mi",5,$0.1685
ANC,BFL,"1,680",$621.11,"2,168 mi",5,$0.2865
AUS,FNT,"1,680",$259.79,"1,135 mi",5,$0.2289
BOS,VLD,"1,680",$290.59,"1,017 mi",5,$0.2857
CLE,SKB,"1,680",$563.91,"2,074 mi",5,$0.2719
CVG,AMA,"1,680",$281.33,"1,002 mi",5,$0.2808
ATL,IGU,"1,679",$991.84,"4,676 mi",5,$0.2121
SAN,AEX,"1,679",$346.48,"1,486 mi",5,$0.2332
LEX,ERI,"1,679",$163.77,376 mi,5,$0.4356
CLT,HAN,"1,678",$946.64,"8,257 mi",5,$0.1146
JFK,BTR,"1,678",$276.89,"1,160 mi",5,$0.2387
PIT,OAJ,"1,678",$214.71,430 mi,5,$0.4993
IAD,ENU,"1,678",$567.12,"5,500 mi",5,$0.1031
BOS,LEJ,"1,677",$969.97,"3,877 mi",5,$0.2502
TPA,CUC,"1,677",$214.95,"1,486 mi",5,$0.1447
BWI,LNK,"1,677",$381.53,"1,035 mi",5,$0.3686
DEN,DAC,"1,677",$821.31,"7,691 mi",5,$0.1068
LAX,BNK,"1,677",$748.62,"7,411 mi",5,$0.1010
ATL,TIJ,"1,676",$275.66,"1,821 mi",5,$0.1514
BNA,MID,"1,676",$301.69,"1,033 mi",5,$0.2921
LEX,GPT,"1,676",$256.37,603 mi,5,$0.4252
CLT,CMI,"1,676",$257.39,505 mi,5,$0.5097
LAX,ROK,"1,676","$1,040.79","6,948 mi",5,$0.1498
MCI,VLD,"1,676",$321.56,847 mi,5,$0.3796
ANC,CGK,"1,675","$1,210.07","7,243 mi",5,$0.1671
IAD,BRO,"1,675",$408.22,"1,423 mi",5,$0.2869
PIT,ACK,"1,675",$314.25,518 mi,5,$0.6067
SEA,CLL,"1,675",$322.49,"1,854 mi",5,$0.1739
LAS,ALW,"1,674",$215.45,690 mi,5,$0.3122
EWR,GYD,"1,674",$689.59,"5,651 mi",5,$0.1220
BOS,GFK,"1,673",$409.06,"1,365 mi",5,$0.2997
HNL,HRL,"1,673",$386.49,"3,906 mi",5,$0.0989
JFK,IZO,"1,673","$2,042.01","7,122 mi",5,$0.2867
LAS,SPS,"1,673",$284.64,981 mi,5,$0.2902
JFK,MGM,"1,673",$229.56,879 mi,5,$0.2612
PIT,SCL,"1,673",$899.26,"5,294 mi",5,$0.1699
DTW,CMB,"1,672",$549.02,"8,598 mi",5,$0.0639
MIA,GPS,"1,672",$341.27,"1,874 mi",5,$0.1821
MSP,SOF,"1,672",$559.84,"5,081 mi",5,$0.1102
PHL,BQK,"1,672",$308.99,669 mi,5,$0.4619
BOS,NAN,"1,672","$1,347.05","7,884 mi",5,$0.1709
HOU,MAD,"1,672",$408.58,"4,856 mi",5,$0.0841
SLC,DHN,"1,672",$391.46,"1,659 mi",5,$0.2360
IAD,GFK,"1,671",$335.29,"1,198 mi",5,$0.2799
JFK,BZV,"1,671",$750.54,"6,550 mi",5,$0.1146
JFK,CPX,"1,671",$331.66,"1,574 mi",5,$0.2107
MSP,FLG,"1,670",$313.46,"1,216 mi",5,$0.2578
IAD,JAI,"1,670",$457.11,"7,803 mi",5,$0.0586
IAH,MHH,"1,670",$542.09,"1,101 mi",5,$0.4924
SDF,POP,"1,670",$411.25,"1,610 mi",5,$0.2554
BOS,CAG,"1,669",$525.66,"3,909 mi",5,$0.1345
MEM,LCH,"1,669",$264.13,401 mi,5,$0.6587
PHL,BOD,"1,669",$642.84,"3,796 mi",5,$0.1693
SFO,RMQ,"1,669","$1,463.19","6,719 mi",5,$0.2178
JFK,LPL,"1,668",$368.78,"3,210 mi",5,$0.1149
TPA,LCA,"1,668",$782.91,"6,614 mi",5,$0.1184
PHX,SHR,"1,668",$316.23,803 mi,5,$0.3938
IAD,QYG,"1,667","$1,372.04","3,999 mi",5,$0.3431
LAX,EAS,"1,667","$1,296.96","5,597 mi",5,$0.2317
PHX,SVD,"1,667",$679.32,"3,578 mi",5,$0.1899
ORD,JMK,"1,666",$686.71,"5,362 mi",5,$0.1281
RDU,ABI,"1,666",$296.98,"1,252 mi",5,$0.2372
SLC,NAN,"1,666",$729.65,"5,876 mi",5,$0.1242
BOS,GEO,"1,666",$408.15,"2,676 mi",5,$0.1525
IAD,TQO,"1,666",$273.90,"1,389 mi",5,$0.1972
SFO,TTJ,"1,666","$2,286.69","5,563 mi",5,$0.4111
STL,OPO,"1,666",$662.56,"4,283 mi",5,$0.1547
IAH,EBL,"1,665",$881.98,"6,939 mi",5,$0.1271
PHX,YDF,"1,665",$427.13,"3,051 mi",5,$0.1400
ATL,VKO,"1,664",$665.87,"5,542 mi",5,$0.1201
DEN,ROW,"1,664",$251.32,439 mi,5,$0.5725
DTW,RUN,"1,664",$890.84,"9,351 mi",5,$0.0953
PHL,STR,"1,664",$520.85,"4,125 mi",5,$0.1263
SEA,NAG,"1,664",$685.92,"7,292 mi",5,$0.0941
MIA,PIU,"1,664",$404.14,"2,206 mi",5,$0.1832
BOS,MCT,"1,663","$1,111.76","7,056 mi",5,$0.1576
DTW,VNO,"1,663",$677.48,"4,406 mi",5,$0.1538
ORD,TAK,"1,663","$2,094.72","6,344 mi",5,$0.3302
HNL,ROA,"1,662",$785.67,"4,555 mi",5,$0.1725
JAX,FAI,"1,662",$590.63,"3,525 mi",5,$0.1676
SFO,MVY,"1,662",$661.61,"2,813 mi",5,$0.2352
SAN,UVF,"1,662",$465.76,"3,644 mi",5,$0.1278
FLL,BRO,"1,661",$259.52,"1,104 mi",5,$0.2351
JAX,MAN,"1,661",$716.20,"4,014 mi",5,$0.1784
ORD,COR,"1,661",$959.88,"5,125 mi",5,$0.1873
BOS,JPA,"1,661",$506.47,"3,982 mi",5,$0.1272
LAX,BQK,"1,661",$426.02,"2,083 mi",5,$0.2045
STL,GFK,"1,661",$314.01,699 mi,5,$0.4492
DFW,MCY,"1,660","$1,490.85","8,531 mi",5,$0.1748
IAH,VLD,"1,660",$398.10,743 mi,5,$0.5358
ORD,FLN,"1,660",$702.21,"5,264 mi",5,$0.1334
SLC,TBU,"1,659",$958.01,"5,717 mi",5,$0.1676
ANC,MOB,"1,658",$611.29,"3,347 mi",5,$0.1826
DTW,QYG,"1,657","$2,192.39","4,041 mi",5,$0.5425
DFW,PBC,"1,656",$220.13,924 mi,5,$0.2382
SFO,REC,"1,655",$888.33,"6,230 mi",5,$0.1426
ATL,PER,"1,655","$1,421.81","11,585 mi",5,$0.1227
BNA,SVD,"1,655",$726.39,"2,306 mi",5,$0.3150
DTW,INL,"1,655",$323.57,675 mi,5,$0.4794
MCI,MAA,"1,655",$662.57,"8,544 mi",5,$0.0775
SFO,TRD,"1,655",$668.15,"4,848 mi",5,$0.1378
BOS,CXR,"1,654",$590.05,"8,940 mi",5,$0.0660
DEN,YKA,"1,654",$404.54,"1,100 mi",5,$0.3678
JFK,PQC,"1,654",$879.47,"8,655 mi",5,$0.1016
DTW,BRS,"1,654",$850.80,"3,780 mi",5,$0.2251
DEN,AIA,"1,653",$68.89,175 mi,5,$0.3937
DEN,SJT,"1,653",$342.60,613 mi,5,$0.5589
DTW,JRO,"1,653",$884.89,"8,148 mi",5,$0.1086
EWR,CJB,"1,653",$608.31,"8,671 mi",5,$0.0702
MSP,BDA,"1,653",$491.57,"1,806 mi",5,$0.2722
SLC,MHK,"1,653",$352.44,793 mi,5,$0.4444
JAX,DXB,"1,652","$1,413.66","7,420 mi",5,$0.1905
MDW,MXL,"1,652",$168.72,"1,582 mi",5,$0.1066
SEA,KMQ,"1,652",$818.53,"5,031 mi",5,$0.1627
TPA,CNF,"1,652",$447.29,"4,053 mi",5,$0.1104
MEM,SCE,"1,652",$384.40,795 mi,5,$0.4835
ANC,JAN,"1,651",$575.02,"3,199 mi",5,$0.1797
SFO,ISP,"1,651",$304.35,"2,691 mi",5,$0.1131
STL,LOS,"1,651",$612.86,"5,948 mi",5,$0.1030
ANC,TEK,"1,651",$113.21,116 mi,5,$0.9759
LAX,DAM,"1,651",$634.94,"7,732 mi",5,$0.0821
JFK,BSZ,"1,650",$969.67,"6,134 mi",5,$0.1581
RDU,CSG,"1,650",$226.94,408 mi,5,$0.5562
STL,STI,"1,650",$356.72,"1,836 mi",5,$0.1943
LGA,EIS,"1,650",$439.61,"1,590 mi",5,$0.2765
MSP,DSS,"1,650",$550.80,"4,978 mi",5,$0.1106
SDF,LSE,"1,650",$358.08,473 mi,5,$0.7570
PHL,ABY,"1,649",$326.75,786 mi,5,$0.4157
RDU,JIB,"1,649","$1,510.49","7,659 mi",5,$0.1972
AUS,LYS,"1,649",$928.31,"5,471 mi",5,$0.1697
BNA,EIS,"1,649",$457.24,"1,874 mi",5,$0.2440
LEX,STT,"1,649",$554.51,"1,857 mi",5,$0.2986
MEM,NAP,"1,649",$874.55,"5,487 mi",5,$0.1594
BNA,ACK,"1,648",$288.20,991 mi,5,$0.2908
BOS,LSE,"1,648",$307.06,993 mi,5,$0.3092
ANC,SJO,"1,647",$546.30,"4,960 mi",5,$0.1101
DTW,DHN,"1,647",$350.10,784 mi,5,$0.4466
MCO,KTM,"1,647",$760.24,"8,713 mi",5,$0.0873
CLT,TLS,"1,647","$1,080.45","4,122 mi",5,$0.2621
SDF,MFR,"1,647",$330.90,"1,904 mi",5,$0.1738
MEM,PIA,"1,646",$253.60,401 mi,5,$0.6324
ORD,FSM,"1,646",$387.15,593 mi,5,$0.6529
FLL,CWA,"1,646",$279.49,"1,355 mi",5,$0.2063
PDX,MRS,"1,646",$839.12,"5,338 mi",5,$0.1572
PHX,POS,"1,646",$428.30,"3,458 mi",5,$0.1239
FLL,COK,"1,645",$469.24,"9,763 mi",5,$0.0481
BWI,BMI,"1,645",$302.46,676 mi,5,$0.4474
MCO,ORY,"1,645",$267.59,"4,630 mi",5,$0.0578
DFW,TUN,"1,644",$663.82,"5,889 mi",5,$0.1127
RDU,RMO,"1,644","$1,107.28","5,333 mi",5,$0.2076
SEA,HAK,"1,644",$396.74,"6,950 mi",5,$0.0571
AUS,HLN,"1,643",$354.57,"1,410 mi",5,$0.2515
DCA,LOS,"1,643",$648.81,"5,253 mi",5,$0.1235
MEM,BRU,"1,643",$794.61,"4,703 mi",5,$0.1690
MSY,POP,"1,643",$390.33,"1,462 mi",5,$0.2670
OGG,ROC,"1,643",$583.31,"4,830 mi",5,$0.1208
STL,LYS,"1,643",$821.55,"4,466 mi",5,$0.1840
FLL,NVT,"1,643",$480.47,"4,342 mi",5,$0.1107
IAH,SUX,"1,642",$370.67,886 mi,4,$0.4184
MCO,TWF,"1,642",$424.88,"2,149 mi",4,$0.1977
MSP,JTR,"1,641",$930.99,"5,812 mi",4,$0.1602
PDX,EAT,"1,641",$283.40,164 mi,4,$1.7280
DEN,ACE,"1,640",$452.19,"4,871 mi",4,$0.0928
MCI,OPO,"1,640",$766.96,"4,466 mi",4,$0.1717
MDW,MOB,"1,640",$278.69,744 mi,4,$0.3746
CVG,BFL,"1,640",$368.79,"1,953 mi",4,$0.1888
IAD,HBE,"1,640",$365.60,"5,545 mi",4,$0.0659
LAX,TAE,"1,640",$785.78,"5,780 mi",4,$0.1359
PDX,PIH,"1,639",$307.83,544 mi,4,$0.5659
LAX,CPO,"1,639","$2,141.28","5,096 mi",4,$0.4202
LAX,TAP,"1,639",$258.72,"2,031 mi",4,$0.1274
PIT,MDE,"1,639",$507.83,"2,462 mi",4,$0.2063
LAX,VLD,"1,638",$432.54,"2,114 mi",4,$0.2046
ANC,NCN,"1,638",$111.55,99 mi,4,$1.1268
JFK,HMO,"1,638",$341.97,"2,305 mi",4,$0.1484
DFW,DRW,"1,637","$2,593.24","8,832 mi",4,$0.2936
SAN,SOF,"1,637",$612.73,"6,459 mi",4,$0.0949
CVG,EGE,"1,637",$436.90,"1,150 mi",4,$0.3799
MSP,XPL,"1,637",$372.30,"2,191 mi",4,$0.1699
EWR,BLI,"1,636",$484.43,"2,324 mi",4,$0.2084
MIA,BPS,"1,636",$608.27,"3,902 mi",4,$0.1559
SEA,BRI,"1,636",$972.33,"5,997 mi",4,$0.1621
SEA,CEN,"1,636",$132.30,"1,587 mi",4,$0.0834
SFO,USM,"1,636","$1,064.62","7,933 mi",4,$0.1342
EWR,CGN,"1,635",$917.31,"3,891 mi",4,$0.2358
SJC,DRO,"1,635",$273.79,802 mi,4,$0.3414
DEN,BQN,"1,635",$317.23,"2,753 mi",4,$0.1152
DTW,XWA,"1,635",$327.06,"1,041 mi",4,$0.3142
SLC,UVF,"1,635",$606.96,"3,475 mi",4,$0.1747
MSP,VLC,"1,634",$912.55,"4,626 mi",4,$0.1973
CVG,EWN,"1,633",$175.95,487 mi,4,$0.3613
MSP,DAR,"1,633",$536.96,"8,310 mi",4,$0.0646
SDF,LIH,"1,633",$521.87,"4,294 mi",4,$0.1215
IAH,BRI,"1,633","$1,045.35","6,065 mi",4,$0.1724
PHX,NCL,"1,633",$960.31,"5,224 mi",4,$0.1838
SEA,ABV,"1,633","$2,406.40","7,243 mi",4,$0.3322
ATL,BPS,"1,633","$1,094.41","4,433 mi",4,$0.2469
AUS,BAQ,"1,633",$294.48,"1,925 mi",4,$0.1530
ANC,CPH,"1,632",$924.18,"4,183 mi",4,$0.2209
DFW,LJU,"1,632",$992.03,"5,339 mi",4,$0.1858
PHL,RAK,"1,632",$637.80,"3,836 mi",4,$0.1663
CLT,LHE,"1,632",$549.14,"7,329 mi",4,$0.0749
DEN,EKO,"1,632",$366.03,570 mi,4,$0.6422
SJC,SAF,"1,631",$366.47,860 mi,4,$0.4261
MIA,QYG,"1,630","$1,497.03","4,774 mi",4,$0.3136
SEA,BAH,"1,630","$1,061.88","7,104 mi",4,$0.1495
PHX,GND,"1,630","$1,219.21","3,590 mi",4,$0.3396
IAD,BRS,"1,629",$538.37,"3,469 mi",4,$0.1552
BOS,TFN,"1,629",$642.56,"3,070 mi",4,$0.2093
IAH,MQT,"1,629",$432.20,"1,173 mi",4,$0.3685
CLT,LYH,"1,628",$128.12,170 mi,4,$0.7536
ATL,CPR,"1,628",$361.30,"1,390 mi",4,$0.2599
JAX,BDA,"1,628",$342.11,980 mi,4,$0.3491
PDX,CTG,"1,627",$410.46,"3,790 mi",4,$0.1083
HNL,GAJ,"1,627",$648.81,"3,694 mi",4,$0.1756
IAD,ABI,"1,626",$304.08,"1,362 mi",4,$0.2233
MIA,KZN,"1,626",$563.55,"5,897 mi",4,$0.0956
FLL,LOS,"1,625",$683.24,"5,783 mi",4,$0.1181
LAS,TYR,"1,625",$329.79,"1,120 mi",4,$0.2945
HNL,CJU,"1,624",$330.60,"4,476 mi",4,$0.0739
MCI,ASE,"1,624",$344.55,630 mi,4,$0.5469
MIA,JER,"1,624","$2,047.18","4,498 mi",4,$0.4551
TPA,FLG,"1,624",$325.68,"1,725 mi",4,$0.1888
LGA,GFK,"1,623",$363.47,"1,284 mi",4,$0.2831
SLC,MZT,"1,623",$413.08,"1,224 mi",4,$0.3375
HNL,DHN,"1,623",$615.42,"4,330 mi",4,$0.1421
IAD,BDQ,"1,622",$610.08,"8,031 mi",4,$0.0760
SDF,NRT,"1,622","$1,354.57","6,735 mi",4,$0.2011
LAX,ALW,"1,622",$244.21,865 mi,4,$0.2823
CLE,KIX,"1,621","$1,493.20","6,491 mi",4,$0.2300
DTW,PEN,"1,621","$1,557.38","9,420 mi",4,$0.1653
TPA,NUE,"1,621",$505.91,"4,778 mi",4,$0.1059
JFK,OVB,"1,620",$410.82,"5,853 mi",4,$0.0702
JFK,TVC,"1,620",$320.81,682 mi,4,$0.4704
SDF,BZE,"1,620",$390.25,"1,477 mi",4,$0.2642
MCI,UIO,"1,620",$359.78,"2,826 mi",4,$0.1273
ONT,SGU,"1,620",$272.08,317 mi,4,$0.8583
SAT,BER,"1,620",$692.36,"5,619 mi",4,$0.1232
HNL,JAC,"1,619",$601.28,"3,004 mi",4,$0.2002
SEA,TWF,"1,619",$338.02,528 mi,4,$0.6402
BWI,HLN,"1,619",$364.96,"1,898 mi",4,$0.1923
ONT,GRU,"1,619","$1,391.95","6,310 mi",4,$0.2206
PHL,KRK,"1,619","$1,105.35","4,508 mi",4,$0.2452
PIT,DBV,"1,619",$687.11,"4,919 mi",4,$0.1397
RDU,GFK,"1,619",$375.92,"1,217 mi",4,$0.3089
SAT,ELM,"1,619",$338.30,"1,439 mi",4,$0.2351
SJC,BCN,"1,619",$387.75,"6,134 mi",4,$0.0632
MCO,DMM,"1,618","$1,240.08","7,669 mi",4,$0.1617
STL,HVN,"1,618",$180.52,912 mi,4,$0.1979
CLT,CUU,"1,618",$488.31,"1,575 mi",4,$0.3100
TPA,KGS,"1,618",$784.45,"5,865 mi",4,$0.1338
DFW,BSB,"1,617",$688.78,"4,815 mi",4,$0.1430
SAN,ZAG,"1,617",$629.30,"6,466 mi",4,$0.0973
HOU,CID,"1,617",$225.61,843 mi,4,$0.2676
MCI,CPT,"1,617","$1,157.63","9,069 mi",4,$0.1276
ORD,ZNZ,"1,617",$645.99,"8,627 mi",4,$0.0749
BOS,JMK,"1,616",$620.65,"4,970 mi",4,$0.1249
JFK,PMC,"1,616",$892.10,"5,841 mi",4,$0.1527
DTW,LWS,"1,616",$426.55,"1,626 mi",4,$0.2623
EWR,LEJ,"1,616",$919.05,"3,844 mi",4,$0.2391
LAX,DLA,"1,616",$486.67,"7,919 mi",4,$0.0615
ORD,DRS,"1,616","$1,121.37","4,340 mi",4,$0.2584
IAD,NAG,"1,615",$360.82,"7,777 mi",4,$0.0464
SJC,MAD,"1,615",$802.61,"5,620 mi",4,$0.1428
DFW,VTE,"1,615",$584.28,"8,429 mi",4,$0.0693
IAH,SIT,"1,615",$637.89,"2,755 mi",4,$0.2315
MIA,GRK,"1,615",$286.22,"1,091 mi",4,$0.2623
FLL,LIR,"1,614",$321.89,"1,092 mi",4,$0.2948
IAH,ATQ,"1,614",$569.89,"7,881 mi",4,$0.0723
JFK,YGJ,"1,614","$1,306.48","6,696 mi",4,$0.1951
PHL,MHK,"1,614",$299.96,"1,107 mi",4,$0.2710
CLE,CEB,"1,614",$562.73,"8,759 mi",4,$0.0642
STL,AMD,"1,614",$599.77,"7,784 mi",4,$0.0771
DCA,YYT,"1,613",$359.53,"1,315 mi",4,$0.2734
EWR,OSD,"1,613",$273.00,"3,833 mi",4,$0.0712
PHL,HLN,"1,613",$428.47,"1,831 mi",4,$0.2340
SAN,LUX,"1,613","$1,929.44","5,601 mi",4,$0.3445
SAT,CTG,"1,613",$235.78,"2,041 mi",4,$0.1155
EWR,CUZ,"1,612",$552.22,"3,861 mi",4,$0.1430
EWR,SFT,"1,612",$343.22,"3,752 mi",4,$0.0915
ORD,MPL,"1,612",$985.10,"4,267 mi",4,$0.2309
DEN,YCD,"1,612",$260.05,"1,169 mi",4,$0.2225
IAH,PAE,"1,612",$177.13,"1,831 mi",4,$0.0967
SDF,EWN,"1,612",$171.68,543 mi,4,$0.3162
LEX,AVL,"1,611",$275.90,219 mi,4,$1.2598
MIA,NAV,"1,611",$366.28,"6,495 mi",4,$0.0564
SLC,BGW,"1,611",$544.07,"6,887 mi",4,$0.0790
MCI,RST,"1,611",$274.84,349 mi,4,$0.7875
TPA,CIU,"1,611",$303.69,"1,229 mi",4,$0.2471
EWR,TNR,"1,610",$664.20,"8,961 mi",4,$0.0741
SLC,SIT,"1,610",$460.65,"1,485 mi",4,$0.3102
CLE,CTA,"1,610",$828.54,"4,737 mi",4,$0.1749
PIT,LSE,"1,610",$281.66,628 mi,4,$0.4485
JAX,MCO,"1,609",$467.52,140 mi,4,$3.3394
RDU,TLS,"1,609","$1,429.49","4,248 mi",4,$0.3365
BWI,GTR,"1,609",$290.15,784 mi,4,$0.3701
IAH,YIA,"1,609",$764.48,"9,887 mi",4,$0.0773
ATL,HTS,"1,608",$166.55,333 mi,4,$0.5002
ATL,SOU,"1,608",$819.19,"4,050 mi",4,$0.2023
IAH,ROW,"1,608",$231.95,605 mi,4,$0.3834
DFW,MVY,"1,608",$280.34,"1,608 mi",4,$0.1743
FLL,GHC,"1,608",$62.18,141 mi,4,$0.4410
MIA,SVG,"1,608",$709.35,"4,428 mi",4,$0.1602
PIT,CPT,"1,607","$1,272.89","7,866 mi",4,$0.1618
SAN,HAV,"1,607",$316.84,"2,284 mi",4,$0.1387
DCA,DSS,"1,606",$749.60,"4,098 mi",4,$0.1829
DTW,LJU,"1,606",$846.03,"4,658 mi",4,$0.1816
MCI,FNT,"1,606",$263.84,605 mi,4,$0.4361
MSP,BRS,"1,606",$864.50,"3,807 mi",4,$0.2271
CVG,AKL,"1,606","$1,593.80","8,505 mi",4,$0.1874
DCA,LGW,"1,606",$242.55,"3,782 mi",4,$0.0641
PIT,ACC,"1,606",$398.02,"5,282 mi",4,$0.0754
TPA,FNT,"1,606",$234.46,"1,069 mi",4,$0.2193
AUS,VLD,"1,605",$298.06,883 mi,4,$0.3376
CVG,DUS,"1,605","$1,150.74","4,366 mi",4,$0.2636
JFK,LPI,"1,605",$671.75,"3,751 mi",4,$0.1791
BUR,MYR,"1,603",$250.05,"2,313 mi",4,$0.1081
LAX,GTR,"1,603",$468.50,"1,759 mi",4,$0.2663
PIT,BDA,"1,603",$337.08,"1,060 mi",4,$0.3180
SAN,QRO,"1,603",$300.73,"1,299 mi",4,$0.2315
RDU,BAQ,"1,603",$155.50,"1,797 mi",4,$0.0865
JFK,FAE,"1,602",$298.62,"3,144 mi",4,$0.0950
MCO,LWS,"1,602",$421.90,"2,359 mi",4,$0.1788
PDX,OAJ,"1,602",$312.79,"2,378 mi",4,$0.1315
SAN,BIO,"1,602",$655.20,"5,917 mi",4,$0.1107
MSP,SOU,"1,602",$482.67,"3,871 mi",4,$0.1247
AUS,OKA,"1,601",$753.36,"7,748 mi",4,$0.0972
PIT,OPO,"1,601",$677.34,"3,517 mi",4,$0.1926
SLC,BLL,"1,601",$873.33,"5,078 mi",4,$0.1720
SLC,BGI,"1,600",$500.72,"3,797 mi",4,$0.1319
ATL,NVT,"1,600","$1,258.06","4,650 mi",4,$0.2706
DTW,LSE,"1,600",$222.60,403 mi,4,$0.5524
SLC,CLO,"1,600",$318.54,"3,494 mi",4,$0.0912
IAD,CTS,"1,600","$1,550.48","6,469 mi",4,$0.2397
LGA,MHK,"1,600",$250.62,"1,245 mi",4,$0.2013
RDU,ORK,"1,600","$1,414.88","3,628 mi",4,$0.3900
SDF,PRG,"1,600",$567.29,"4,786 mi",4,$0.1185
AUS,GTR,"1,599",$333.45,595 mi,4,$0.5604
HNL,SDQ,"1,599",$654.21,"5,824 mi",4,$0.1123
HNL,YKM,"1,599",$441.49,"2,639 mi",4,$0.1673
SFO,PHC,"1,599",$800.68,"8,294 mi",4,$0.0965
CVG,MTJ,"1,599",$332.48,"1,211 mi",4,$0.2745
HNL,SBN,"1,599",$610.13,"4,450 mi",4,$0.1371
IAH,MLE,"1,598","$1,225.97","10,262 mi",4,$0.1195
LAS,LJU,"1,598","$1,604.60","6,124 mi",4,$0.2620
LAX,CFS,"1,598","$1,350.03","7,053 mi",4,$0.1914
SAN,BEY,"1,598",$728.19,"7,282 mi",4,$0.1000
SJC,FWA,"1,598",$291.83,"2,028 mi",4,$0.1439
CLE,HAM,"1,597","$1,035.22","4,183 mi",4,$0.2475
HNL,LFT,"1,597",$710.63,"4,217 mi",4,$0.1685
EWR,VTZ,"1,596",$638.53,"8,391 mi",4,$0.0761
DEN,AYT,"1,596",$390.01,"6,234 mi",4,$0.0626
MCI,GVA,"1,595",$874.73,"4,916 mi",4,$0.1779
ORD,TRD,"1,595",$546.52,"3,807 mi",4,$0.1436
PIT,FWA,"1,595",$250.71,254 mi,4,$0.9870
RDU,YQR,"1,595",$459.84,"1,681 mi",4,$0.2736
HNL,OTP,"1,595",$829.51,"7,640 mi",4,$0.1086
HNL,YQB,"1,595",$524.78,"5,147 mi",4,$0.1020
DAL,PVR,"1,594",$263.60,"1,017 mi",4,$0.2592
DFW,PIH,"1,594",$401.79,"1,058 mi",4,$0.3798
IAD,NDJ,"1,594","$1,533.56","6,000 mi",4,$0.2556
MCI,LRD,"1,594",$330.27,831 mi,4,$0.3974
BWI,VVI,"1,594",$408.32,"3,901 mi",4,$0.1047
PHX,CUZ,"1,594",$694.33,"4,057 mi",4,$0.1711
PHX,IMT,"1,594",$394.65,"1,569 mi",4,$0.2515
SAT,VSA,"1,594",$216.42,899 mi,4,$0.2407
BWI,NAP,"1,593",$522.13,"4,710 mi",4,$0.1109
PDX,BMI,"1,593",$346.67,"1,672 mi",4,$0.2073
PHX,LHE,"1,593",$699.45,"8,167 mi",4,$0.0856
JFK,RCH,"1,593",$338.69,"1,952 mi",4,$0.1735
MSY,BQK,"1,593",$287.38,546 mi,4,$0.5263
SEA,YXS,"1,592",$237.19,458 mi,4,$0.5179
ORD,TBN,"1,592",$88.60,358 mi,4,$0.2475
PHL,AYT,"1,592",$449.18,"5,198 mi",4,$0.0864
IAH,OOL,"1,591","$1,140.34","8,093 mi",4,$0.1409
SJC,RAP,"1,591",$265.68,"1,121 mi",4,$0.2370
DTW,IKA,"1,591",$613.91,"6,543 mi",4,$0.0938
IAH,KGL,"1,591",$712.23,"8,632 mi",4,$0.0825
LAX,VAR,"1,591",$637.91,"6,895 mi",4,$0.0925
SAT,BRO,"1,591",$171.34,267 mi,4,$0.6417
RDU,GEO,"1,590",$284.86,"2,483 mi",4,$0.1147
DFW,IBZ,"1,590",$980.83,"5,080 mi",4,$0.1931
LAS,FOC,"1,590",$540.82,"6,653 mi",4,$0.0813
LEX,GDL,"1,590",$428.21,"1,696 mi",4,$0.2525
PHX,GGG,"1,590",$249.03,"1,035 mi",4,$0.2406
PIT,SGU,"1,590",$340.36,"1,855 mi",4,$0.1835
SJC,SCL,"1,590",$891.51,"5,715 mi",4,$0.1560
STL,STR,"1,590",$567.26,"4,796 mi",4,$0.1183
CVG,XPL,"1,589",$329.43,"1,657 mi",4,$0.1988
PDX,CRK,"1,589",$473.19,"6,887 mi",4,$0.0687
PDX,ZAG,"1,589",$637.81,"5,811 mi",4,$0.1098
JAX,MOT,"1,588",$329.42,"1,555 mi",4,$0.2118
PHL,OSL,"1,588",$617.04,"3,879 mi",4,$0.1591
RDU,YUM,"1,588",$371.89,"1,985 mi",4,$0.1874
SDF,HHH,"1,588",$222.00,515 mi,4,$0.4311
CLE,FAY,"1,588",$245.75,458 mi,4,$0.5366
DEN,GDN,"1,588","$1,584.29","4,956 mi",4,$0.3197
PHX,BGO,"1,588",$910.12,"4,904 mi",4,$0.1856
MEM,MRY,"1,587",$377.35,"1,727 mi",4,$0.2185
ONT,EVV,"1,587",$374.00,"1,745 mi",4,$0.2143
SEA,ALA,"1,587",$631.43,"6,235 mi",4,$0.1013
HNL,HGH,"1,586",$697.89,"5,162 mi",4,$0.1352
RDU,BRO,"1,586",$302.75,"1,338 mi",4,$0.2263
FLL,MAB,"1,586",$323.50,"3,096 mi",4,$0.1045
FLL,AGP,"1,585",$411.68,"4,278 mi",4,$0.0962
MIA,DME,"1,585","$1,453.59","5,928 mi",4,$0.2452
ORD,COO,"1,585",$515.33,"5,761 mi",4,$0.0895
SFO,LSE,"1,585",$359.31,"1,725 mi",4,$0.2083
CLT,MVY,"1,584",$323.34,682 mi,4,$0.4741
ATL,EBL,"1,583",$978.02,"6,770 mi",4,$0.1445
PIT,STI,"1,583",$242.94,"1,611 mi",4,$0.1508
ONT,CHO,"1,583",$355.56,"2,253 mi",4,$0.1578
TPA,MHK,"1,583",$251.05,"1,085 mi",4,$0.2314
DFW,RKS,"1,582",$334.35,919 mi,4,$0.3638
ORD,SCQ,"1,582",$574.74,"4,008 mi",4,$0.1434
BOS,TRV,"1,582",$793.46,"8,633 mi",4,$0.0919
PHX,PER,"1,582","$1,821.86","9,380 mi",4,$0.1942
SEA,WRO,"1,582",$839.19,"5,366 mi",4,$0.1564
BOS,RZE,"1,581",$653.87,"4,057 mi",4,$0.1612
LAX,UBJ,"1,581",$594.54,"6,108 mi",4,$0.0973
SFO,RBA,"1,581",$878.91,"6,169 mi",4,$0.1425
BNA,PUW,"1,580",$296.64,"1,672 mi",4,$0.1774
HNL,PIA,"1,580",$612.22,"4,274 mi",4,$0.1432
BUR,TSM,"1,580",$406.75,754 mi,4,$0.5395
FLL,LRD,"1,580",$295.42,"1,230 mi",4,$0.2402
IAH,CME,"1,580",$485.10,838 mi,4,$0.5789
SFO,PMR,"1,580",$813.07,"6,460 mi",4,$0.1259
AUS,RTB,"1,579",$299.42,"1,226 mi",4,$0.2442
JFK,DNZ,"1,579",$672.44,"5,335 mi",4,$0.1260
ATL,YKM,"1,579",$434.39,"2,145 mi",4,$0.2025
MSP,BRE,"1,579",$701.57,"4,129 mi",4,$0.1699
BUR,AVL,"1,578",$312.85,"1,961 mi",4,$0.1595
LGA,CSG,"1,578",$247.81,862 mi,4,$0.2875
MCI,HLN,"1,578",$331.74,"1,036 mi",4,$0.3202
SDF,CAK,"1,578",$245.35,306 mi,4,$0.8018
MSP,VLD,"1,577",$392.79,"1,080 mi",4,$0.3637
DTW,COU,"1,577",$268.16,505 mi,4,$0.5310
HNL,CXI,"1,577",$796.79,"1,377 mi",4,$0.5786
TPA,SWO,"1,577",$206.42,"1,052 mi",4,$0.1962
FLL,LCH,"1,576",$278.39,869 mi,4,$0.3204
ONT,HLN,"1,576",$295.06,943 mi,4,$0.3129
BOS,FUE,"1,576",$171.90,"3,392 mi",4,$0.0507
RDU,RTB,"1,576",$247.78,"1,476 mi",4,$0.1679
SAN,HAJ,"1,576",$902.99,"5,909 mi",4,$0.1528
DFW,JTR,"1,575",$733.52,"6,189 mi",4,$0.1185
MSP,YCD,"1,575",$322.74,"1,419 mi",4,$0.2274
PDX,CNX,"1,575",$531.75,"7,503 mi",4,$0.0709
ATL,MDZ,"1,575","$1,002.34","4,844 mi",4,$0.2069
BNA,HHH,"1,575",$209.11,422 mi,4,$0.4955
BNA,KWI,"1,575","$1,289.08","6,835 mi",4,$0.1886
BOS,HRE,"1,575",$773.74,"7,424 mi",4,$0.1042
DEN,ALW,"1,575",$204.28,786 mi,4,$0.2599
MCO,SZG,"1,575",$996.27,"4,829 mi",4,$0.2063
ANC,MAF,"1,574",$518.32,"3,018 mi",4,$0.1717
JFK,YNJ,"1,573",$619.74,"6,681 mi",4,$0.0928
JFK,PHC,"1,573",$513.53,"5,342 mi",4,$0.0961
ORD,ACY,"1,573",$189.21,740 mi,4,$0.2557
SFO,SYO,"1,573","$1,508.74","5,169 mi",4,$0.2919
MCO,DVO,"1,572",$788.24,"9,675 mi",4,$0.0815
BOS,SUF,"1,571",$399.25,"4,498 mi",4,$0.0888
JFK,TOY,"1,571","$1,722.03","6,545 mi",4,$0.2631
ONT,ATH,"1,571",$498.32,"7,091 mi",4,$0.0703
IAD,JMK,"1,571",$862.07,"5,080 mi",4,$0.1697
MCI,POP,"1,571",$352.88,"1,911 mi",4,$0.1847
MSP,BON,"1,571",$850.20,"2,618 mi",4,$0.3248
PDX,BGO,"1,571",$586.82,"4,418 mi",4,$0.1328
SDF,LYH,"1,571",$166.69,351 mi,4,$0.4749
RDU,SKG,"1,570",$928.47,"5,040 mi",4,$0.1842
TPA,VNO,"1,570",$616.85,"5,156 mi",4,$0.1196
CVG,HAM,"1,570","$1,123.79","4,410 mi",4,$0.2548
MIA,FNT,"1,570",$227.82,"1,166 mi",4,$0.1954
CLT,FSM,"1,569",$382.67,780 mi,4,$0.4906
JFK,YNT,"1,569",$767.91,"6,739 mi",4,$0.1140
LAS,AMD,"1,568",$667.45,"8,567 mi",4,$0.0779
JFK,HFE,"1,568","$1,317.57","7,592 mi",4,$0.1735
MCO,TRV,"1,568",$622.20,"9,216 mi",4,$0.0675
MEM,DLH,"1,568",$345.02,798 mi,4,$0.4324
SEA,BDA,"1,568",$613.99,"3,242 mi",4,$0.1894
DFW,COD,"1,568",$365.26,"1,059 mi",4,$0.3449
PDX,YQR,"1,567",$281.61,918 mi,4,$0.3068
MEM,MBS,"1,567",$252.62,685 mi,4,$0.3688
MCO,DHN,"1,566",$299.25,308 mi,4,$0.9716
ONT,CRW,"1,566",$426.94,"2,076 mi",4,$0.2057
DEN,IKA,"1,566",$851.72,"7,222 mi",4,$0.1179
IAD,BSZ,"1,566","$1,557.51","6,699 mi",4,$0.2325
ORD,PLQ,"1,565",$201.43,"4,372 mi",4,$0.0461
ATL,CGR,"1,565",$752.06,"4,094 mi",4,$0.1837
CLE,DPS,"1,565","$1,161.22","10,251 mi",4,$0.1133
HOU,HAV,"1,564",$211.87,891 mi,4,$0.2378
HOU,MEX,"1,564",$200.99,722 mi,4,$0.2784
JAX,IDA,"1,564",$439.54,"1,944 mi",4,$0.2261
JFK,UGC,"1,564",$580.86,"5,897 mi",4,$0.0985
TPA,ACK,"1,564",$308.51,"1,192 mi",4,$0.2588
CLE,HEL,"1,564",$687.41,"4,165 mi",4,$0.1650
DEN,ADQ,"1,564",$624.61,"2,359 mi",4,$0.2648
JFK,NOC,"1,563",$256.99,"2,970 mi",4,$0.0865
JFK,USM,"1,563","$1,310.15","8,678 mi",4,$0.1510
MDW,LIR,"1,563",$312.47,"2,224 mi",4,$0.1405
FLL,SLZ,"1,563",$429.63,"3,017 mi",4,$0.1424
BOS,DRS,"1,562","$1,013.07","3,717 mi",4,$0.2726
SAT,HKG,"1,562","$1,465.59","8,505 mi",4,$0.1723
CLT,MHK,"1,561",$288.62,933 mi,4,$0.3093
DCA,RTB,"1,561",$657.93,"1,609 mi",4,$0.4089
HNL,LIN,"1,561",$775.46,"7,520 mi",4,$0.1031
BOS,VAR,"1,560",$405.62,"4,820 mi",4,$0.0842
PHL,GUM,"1,560","$2,571.51","8,180 mi",4,$0.3144
BNA,BLI,"1,559",$348.47,"1,942 mi",4,$0.1794
JFK,LKO,"1,559",$710.92,"7,279 mi",4,$0.0977
MSY,WAW,"1,559",$708.83,"5,573 mi",4,$0.1272
SFO,SKP,"1,559",$542.66,"6,684 mi",4,$0.0812
DTW,BQK,"1,559",$299.80,741 mi,4,$0.4046
CVG,SAP,"1,558",$269.09,"1,593 mi",4,$0.1689
TPA,MID,"1,558",$265.76,641 mi,4,$0.4146
DAL,ROA,"1,558",$268.57,"1,031 mi",4,$0.2605
HNL,TVC,"1,558",$747.75,"4,470 mi",4,$0.1673
MEM,SIN,"1,558","$3,362.20","10,057 mi",4,$0.3343
RDU,AXA,"1,558",$907.67,"1,601 mi",4,$0.5669
STL,JNU,"1,557",$506.29,"2,440 mi",4,$0.2075
BNA,HAM,"1,557",$793.34,"4,371 mi",4,$0.1815
IAH,PBM,"1,557","$1,900.19","3,205 mi",4,$0.5929
CLT,OKA,"1,556","$1,038.58","7,566 mi",4,$0.1373
PHL,CHO,"1,556",$319.23,216 mi,4,$1.4779
ATL,YCD,"1,556",$366.97,"2,340 mi",4,$0.1568
CVG,TLS,"1,556","$1,794.86","4,393 mi",4,$0.4086
DAL,LIM,"1,556",$481.59,"3,463 mi",4,$0.1391
ATL,PLN,"1,555",$408.43,850 mi,4,$0.4805
JAX,YUM,"1,555",$334.51,"1,878 mi",4,$0.1781
DEN,GGG,"1,555",$221.06,781 mi,4,$0.2830
MEM,ISP,"1,555",$324.62,970 mi,4,$0.3347
DEN,TXK,"1,554",$181.60,716 mi,4,$0.2536
EWR,BOO,"1,554",$533.95,"3,518 mi",4,$0.1518
IAH,ABY,"1,554",$351.01,650 mi,4,$0.5400
ORD,DYU,"1,554",$718.97,"6,885 mi",4,$0.1044
LAX,YYG,"1,554",$459.65,"3,067 mi",4,$0.1499
DEN,ITO,"1,553",$521.29,"3,372 mi",4,$0.1546
MSY,SGU,"1,553",$289.22,"1,469 mi",4,$0.1969
LAS,CJU,"1,553","$1,101.48","6,384 mi",4,$0.1725
RDU,LSE,"1,553",$264.91,886 mi,4,$0.2990
SEA,GTR,"1,553",$510.56,"1,937 mi",4,$0.2636
SJC,DUB,"1,553",$939.21,"4,932 mi",4,$0.1904
IAD,IFN,"1,552",$539.94,"6,318 mi",4,$0.0855
ATL,YQM,"1,551",$475.52,"1,309 mi",4,$0.3633
HNL,EAT,"1,551",$457.60,"2,678 mi",4,$0.1709
ORD,PHC,"1,551",$603.44,"6,422 mi",4,$0.0940
SFO,YXU,"1,551",$294.38,"2,247 mi",4,$0.1310
LEX,TVC,"1,551",$296.71,452 mi,4,$0.6564
RDU,LRD,"1,550",$258.49,"1,381 mi",4,$0.1872
EWR,ABY,"1,549",$345.61,868 mi,4,$0.3982
TPA,LRD,"1,549",$264.97,"1,066 mi",4,$0.2486
DFW,ADB,"1,549",$548.29,"6,543 mi",4,$0.0838
STL,DHN,"1,549",$326.01,602 mi,4,$0.5415
LGA,YQT,"1,548",$289.16,893 mi,4,$0.3238
BNA,DHN,"1,548",$251.95,329 mi,4,$0.7658
BOS,VGO,"1,548",$566.68,"3,205 mi",4,$0.1768
DEN,ABY,"1,547",$409.05,"1,319 mi",4,$0.3101
LAX,LSE,"1,547",$326.26,"1,555 mi",4,$0.2098
MCI,STI,"1,547",$225.83,"2,047 mi",4,$0.1103
EWR,CWA,"1,547",$368.89,809 mi,4,$0.4560
LEX,BJX,"1,547",$510.16,"1,503 mi",4,$0.3394
SAN,FNT,"1,547",$268.45,"1,883 mi",4,$0.1426
AUS,PAE,"1,546",$210.66,"1,732 mi",4,$0.1216
LAX,TVU,"1,546","$1,123.91","5,503 mi",4,$0.2042
SJC,SBN,"1,546",$335.46,"1,965 mi",4,$0.1707
SJC,ZIH,"1,546",$288.75,"1,900 mi",4,$0.1520
HNL,ADQ,"1,546",$662.14,"2,607 mi",4,$0.2540
LAX,LPI,"1,546","$1,203.58","5,692 mi",4,$0.2115
PHX,YZF,"1,545",$496.71,"2,069 mi",4,$0.2401
RDU,CLL,"1,545",$267.10,"1,110 mi",4,$0.2406
SEA,TSN,"1,545",$855.20,"5,259 mi",4,$0.1626
EWR,DHN,"1,545",$336.98,929 mi,4,$0.3627
IAD,ACV,"1,545",$456.39,"2,372 mi",4,$0.1924
ORD,SMR,"1,545",$253.03,"2,356 mi",4,$0.1074
BNA,CLL,"1,544",$238.64,657 mi,4,$0.3632
MCO,LYH,"1,544",$213.91,646 mi,4,$0.3311
PHX,BIO,"1,544","$1,300.29","5,670 mi",4,$0.2293
TPA,BGO,"1,544",$616.31,"4,348 mi",4,$0.1417
OGG,PNS,"1,544",$564.16,"4,427 mi",4,$0.1274
PIT,AZO,"1,544",$267.80,310 mi,4,$0.8639
MDW,HSV,"1,543",$242.19,482 mi,4,$0.5025
ORD,TSR,"1,543",$541.16,"5,124 mi",4,$0.1056
SDF,LAW,"1,543",$241.07,725 mi,4,$0.3325
TPA,JNU,"1,543",$533.62,"3,332 mi",4,$0.1602
SFO,YUM,"1,542",$226.82,574 mi,4,$0.3952
AUS,CTA,"1,542","$1,032.52","5,874 mi",4,$0.1758
EWR,SCE,"1,542",$303.20,187 mi,4,$1.6214
FLL,LGW,"1,542",$342.61,"4,544 mi",4,$0.0754
MIA,XSC,"1,542",$578.01,647 mi,4,$0.8934
MSP,YYT,"1,541",$427.49,"1,979 mi",4,$0.2160
ORD,PKX,"1,541",$928.34,"6,405 mi",4,$0.1449
ANC,YWG,"1,541",$420.86,"2,070 mi",4,$0.2033
LAS,TXK,"1,541",$289.50,"1,176 mi",4,$0.2462
EWR,INN,"1,540","$1,022.30","3,935 mi",4,$0.2598
HNL,JNB,"1,540",$950.03,"11,566 mi",4,$0.0821
BOS,GTR,"1,539",$322.12,"1,160 mi",4,$0.2777
DEN,YQT,"1,539",$576.48,988 mi,4,$0.5835
EWR,MHH,"1,539",$489.00,"1,024 mi",4,$0.4775
CVG,MOT,"1,539",$270.97,"1,011 mi",4,$0.2680
MCO,YKM,"1,539",$368.48,"2,527 mi",4,$0.1458
STL,HAM,"1,539","$1,162.62","4,364 mi",4,$0.2664
CLT,LCH,"1,538",$292.85,819 mi,4,$0.3576
DEN,BRI,"1,538","$1,199.83","5,569 mi",4,$0.2154
CVG,BQN,"1,538",$177.98,"1,819 mi",4,$0.0978
PHL,CMB,"1,538",$842.77,"8,554 mi",4,$0.0985
JFK,IQQ,"1,537",$599.44,"4,360 mi",4,$0.1375
ONT,PLS,"1,537","$1,044.52","2,956 mi",4,$0.3534
PIT,AKL,"1,537","$1,372.84","8,768 mi",4,$0.1566
SDF,SBP,"1,537",$342.15,"1,875 mi",4,$0.1825
OGG,GSO,"1,536",$568.90,"4,508 mi",4,$0.1262
SFO,GUC,"1,536",$363.36,817 mi,4,$0.4447
BUR,AMS,"1,536","$1,760.93","5,382 mi",4,$0.3272
LGA,UVF,"1,536",$206.65,"1,964 mi",4,$0.1052
PDX,RST,"1,536",$292.55,"1,429 mi",4,$0.2047
ONT,LFT,"1,535",$258.04,"1,564 mi",4,$0.1650
ORD,YFC,"1,535",$341.30,"1,126 mi",4,$0.3031
PDX,ABI,"1,535",$305.21,"1,475 mi",4,$0.2069
ANC,OKA,"1,535",$996.15,"4,528 mi",4,$0.2200
BOS,SLP,"1,535",$326.52,"2,278 mi",4,$0.1433
SLC,XPL,"1,535",$423.57,"2,265 mi",4,$0.1870
DEN,TGZ,"1,534",$220.02,"1,808 mi",4,$0.1217
FLL,LNK,"1,534",$327.98,"1,353 mi",4,$0.2424
FLL,SGU,"1,534",$404.04,"2,160 mi",4,$0.1871
HNL,STS,"1,534",$322.79,"2,321 mi",4,$0.1391
JAX,GTF,"1,534",$323.99,"1,901 mi",4,$0.1704
SFO,BON,"1,534",$316.12,"3,646 mi",4,$0.0867
DCA,SGN,"1,533",$852.15,"9,266 mi",4,$0.0920
DTW,RAK,"1,533",$582.95,"3,967 mi",4,$0.1469
PIT,DOH,"1,533","$2,248.30","6,733 mi",4,$0.3339
HNL,TBU,"1,532",$707.52,"3,067 mi",4,$0.2307
IAD,STS,"1,532",$359.97,"2,492 mi",4,$0.1445
JFK,SHV,"1,532",$304.46,"1,282 mi",4,$0.2375
DTW,MPL,"1,531","$1,056.19","4,073 mi",4,$0.2593
SLC,BGO,"1,531",$750.99,"4,469 mi",4,$0.1680
CLE,BMI,"1,531",$281.87,385 mi,4,$0.7321
ORD,CYS,"1,531",$333.91,848 mi,4,$0.3938
TPA,CPR,"1,530",$332.73,"1,737 mi",4,$0.1916
STL,SJT,"1,529",$329.48,789 mi,4,$0.4176
PHL,CMN,"1,528",$444.21,"3,800 mi",4,$0.1169
CVG,PHF,"1,527",$175.85,478 mi,4,$0.3679
JFK,GBE,"1,527",$896.52,"8,025 mi",4,$0.1117
PDX,JED,"1,527",$442.79,"7,878 mi",4,$0.0562
HNL,YXC,"1,526",$258.98,"3,100 mi",4,$0.0835
LAX,LSC,"1,526",$753.85,"5,220 mi",4,$0.1444
ONT,MUC,"1,526",$620.71,"5,766 mi",4,$0.1077
SDF,PSC,"1,526",$380.20,"1,729 mi",4,$0.2199
DCA,ROA,"1,525",$235.41,197 mi,4,$1.1950
MSP,DAC,"1,525",$713.38,"7,912 mi",4,$0.0902
RDU,FOC,"1,525",$782.60,"8,239 mi",4,$0.0950
SFO,FOR,"1,525",$883.24,"5,862 mi",4,$0.1507
ANC,ECP,"1,524",$608.13,"3,658 mi",4,$0.1662
BNA,ABY,"1,524",$274.29,338 mi,4,$0.8115
CVG,DRO,"1,524",$284.63,"1,297 mi",4,$0.2195
ATL,IQT,"1,524",$554.10,"2,604 mi",4,$0.2128
PHX,DSS,"1,524",$964.96,"5,763 mi",4,$0.1674
ATL,PTP,"1,523",$369.13,"1,806 mi",4,$0.2044
CLT,PEK,"1,523","$1,687.73","6,903 mi",4,$0.2445
JFK,OUL,"1,523","$1,067.01","3,846 mi",4,$0.2774
MEM,TQO,"1,523",$188.64,"1,006 mi",4,$0.1875
PHL,KUL,"1,523","$1,870.41","9,200 mi",4,$0.2033
PHX,PLN,"1,523",$486.19,"1,714 mi",4,$0.2837
PIT,BJX,"1,523",$308.53,"1,891 mi",4,$0.1632
SJC,MID,"1,523",$201.35,"2,304 mi",4,$0.0874
AUS,CUZ,"1,523",$422.78,"3,577 mi",4,$0.1182
LAX,TNR,"1,523","$1,227.62","10,744 mi",4,$0.1143
SAN,FSM,"1,523",$284.64,"1,355 mi",4,$0.2101
RDU,BON,"1,522",$314.24,"1,820 mi",4,$0.1727
SAT,BOM,"1,522",$821.39,"9,299 mi",4,$0.0883
SEA,MLE,"1,522","$1,322.93","9,003 mi",4,$0.1469
SLC,CGK,"1,522","$1,335.87","8,788 mi",4,$0.1520
BNA,BGW,"1,521",$462.18,"6,891 mi",4,$0.0671
IAD,OLB,"1,521","$1,049.51","4,535 mi",4,$0.2314
MSY,CRK,"1,521",$722.91,"8,962 mi",4,$0.0807
PHL,DBV,"1,521",$400.82,"4,731 mi",4,$0.0847
SAN,YCD,"1,521",$263.78,"1,214 mi",4,$0.2173
SFO,SUB,"1,521","$1,190.03","8,163 mi",4,$0.1458
SLC,SJJ,"1,521",$312.85,"6,001 mi",4,$0.0521
SFO,UKB,"1,520",$930.18,"5,554 mi",4,$0.1675
ATL,VTE,"1,520",$600.92,"8,575 mi",4,$0.0701
AUS,PUW,"1,520",$371.01,"1,499 mi",4,$0.2475
BWI,LRD,"1,519",$359.72,"1,489 mi",4,$0.2416
IAH,ASU,"1,519","$1,063.76","4,427 mi",4,$0.2403
LAX,ACT,"1,519",$265.79,"1,275 mi",4,$0.2085
LAX,NSI,"1,519",$765.80,"8,518 mi",4,$0.0899
PIT,LCH,"1,519",$315.95,"1,053 mi",4,$0.3000
IAD,RGN,"1,518",$908.25,"8,812 mi",4,$0.1031
SEA,EBL,"1,518",$777.49,"6,790 mi",4,$0.1145
MIA,ZAL,"1,518",$857.59,"4,409 mi",4,$0.1945
PDX,AZO,"1,518",$302.24,"1,897 mi",4,$0.1593
PHX,AUH,"1,517","$1,691.29","8,593 mi",4,$0.1968
TPA,BGA,"1,517",$189.17,"1,518 mi",4,$0.1246
CLT,LNK,"1,517",$300.60,915 mi,4,$0.3285
MIA,LEI,"1,517",$403.95,"4,674 mi",4,$0.0864
SJC,MFE,"1,517",$313.51,"1,537 mi",4,$0.2040
MIA,BCM,"1,516",$508.55,"5,521 mi",4,$0.0921
SLC,SOF,"1,516",$681.99,"6,213 mi",4,$0.1098
CLT,NGO,"1,516","$2,303.26","6,806 mi",4,$0.3384
DCA,BEL,"1,516",$772.93,"3,219 mi",4,$0.2401
MEM,BOG,"1,516",$385.90,"2,257 mi",4,$0.1710
MCO,DOM,"1,515",$405.18,"1,509 mi",4,$0.2685
AUS,SKB,"1,515",$609.45,"2,300 mi",4,$0.2650
IAH,COD,"1,515",$430.31,"1,289 mi",4,$0.3338
IAH,NAG,"1,515",$569.59,"9,155 mi",4,$0.0622
MCI,GFK,"1,515",$349.58,592 mi,4,$0.5905
SEA,MCT,"1,515","$1,127.23","7,302 mi",4,$0.1544
SFO,LPA,"1,515",$771.56,"6,073 mi",4,$0.1270
JAX,GDL,"1,514",$338.75,"1,555 mi",4,$0.2178
MSY,LYS,"1,514",$420.83,"4,855 mi",4,$0.0867
ONT,MLU,"1,514",$349.57,"1,520 mi",4,$0.2300
PHL,LRD,"1,514",$351.54,"1,673 mi",4,$0.2101
ATL,CHQ,"1,514",$527.19,"5,623 mi",4,$0.0938
SDF,SDQ,"1,514",$330.05,"1,722 mi",4,$0.1917
BOS,KHH,"1,513","$1,320.91","8,128 mi",4,$0.1625
IAD,CWB,"1,513",$829.88,"4,671 mi",4,$0.1777
BNA,STR,"1,512",$643.81,"4,780 mi",4,$0.1347
MDW,HAV,"1,512",$200.13,"1,375 mi",4,$0.1455
IAH,LWS,"1,512",$367.34,"1,672 mi",4,$0.2197
DEN,EAT,"1,511",$296.12,961 mi,4,$0.3081
CLT,FOC,"1,511",$868.11,"7,762 mi",4,$0.1118
JAX,AZO,"1,511",$289.85,864 mi,4,$0.3355
SAT,CEB,"1,511",$878.69,"8,747 mi",4,$0.1005
CLE,PMO,"1,510",$705.57,"4,912 mi",4,$0.1436
ATL,HUY,"1,509","$1,966.17","4,285 mi",4,$0.4588
DEN,MHH,"1,509",$794.93,"1,776 mi",4,$0.4476
PIT,OSL,"1,509",$519.83,"3,774 mi",4,$0.1377
BWI,BOM,"1,508",$690.13,"7,716 mi",4,$0.0894
JFK,MLM,"1,508",$208.69,"2,088 mi",4,$0.0999
LGA,ABI,"1,508",$268.80,"1,583 mi",4,$0.1698
ORD,ISP,"1,508",$208.11,748 mi,4,$0.2782
SEA,KGL,"1,508","$1,038.88","8,621 mi",4,$0.1205
DTW,CNF,"1,508","$1,159.46","4,807 mi",4,$0.2412
IAD,KMG,"1,507",$811.51,"7,771 mi",4,$0.1044
ANC,ALW,"1,506",$451.08,"1,686 mi",4,$0.2675
LEX,MGM,"1,506",$242.73,397 mi,4,$0.6114
PHL,HMO,"1,506",$466.03,"2,219 mi",4,$0.2100
RDU,BNE,"1,506","$1,617.62","9,082 mi",4,$0.1781
SEA,ANU,"1,506",$425.01,"3,864 mi",4,$0.1100
ATL,VVI,"1,505",$523.31,"3,697 mi",4,$0.1415
BUR,JAN,"1,505",$364.56,"1,683 mi",4,$0.2166
JFK,SLK,"1,505",$139.97,252 mi,4,$0.5554
CVG,LYH,"1,504",$151.45,330 mi,4,$0.4589
JFK,BIA,"1,504",$834.39,"4,242 mi",4,$0.1967
JFK,SCY,"1,504",$623.01,"3,130 mi",4,$0.1990
SAN,BDA,"1,504",$500.37,"2,934 mi",4,$0.1705
DTW,BMI,"1,504",$408.65,303 mi,4,$1.3487
PIT,CHO,"1,504",$243.68,182 mi,4,$1.3389
SDF,RDM,"1,504",$397.15,"1,928 mi",4,$0.2060
TPA,AUH,"1,504","$1,230.36","8,064 mi",4,$0.1526
ATL,IBZ,"1,503",$738.62,"4,472 mi",4,$0.1652
JAX,POP,"1,503",$231.62,986 mi,4,$0.2349
ORD,BJM,"1,503",$326.29,"7,987 mi",4,$0.0409
SLC,DBV,"1,503",$966.83,"6,072 mi",4,$0.1592
HOU,MOB,"1,502",$251.23,413 mi,4,$0.6083
MIA,ZIH,"1,502",$359.71,"1,514 mi",4,$0.2376
MSY,GYE,"1,502",$759.64,"2,254 mi",4,$0.3370
SEA,JER,"1,502","$1,504.36","4,715 mi",4,$0.3191
FLL,BUD,"1,502",$468.88,"5,482 mi",4,$0.0855
ORD,IWK,"1,502",$979.07,"6,792 mi",4,$0.1442
PIT,CWA,"1,502",$309.88,546 mi,4,$0.5675
SLC,EAT,"1,502",$307.57,630 mi,4,$0.4882
STL,KIX,"1,501","$1,230.70","6,797 mi",4,$0.1811
ATL,PMO,"1,501",$863.23,"5,347 mi",4,$0.1614
LAX,HVB,"1,501",$654.53,"6,891 mi",4,$0.0950
IAD,VTE,"1,500","$1,195.24","8,758 mi",4,$0.1365
LGA,TRC,"1,500",$457.46,"2,051 mi",4,$0.2230
MSY,COU,"1,500",$288.43,601 mi,4,$0.4799
ATL,YUM,"1,500",$359.20,"1,689 mi",4,$0.2127
FLL,HHH,"1,500",$232.39,413 mi,4,$0.5627
IAH,MRU,"1,500",$716.65,"10,312 mi",4,$0.0695
JFK,PNT,"1,500","$1,279.36","6,569 mi",4,$0.1948
MSP,YUM,"1,500",$301.18,"1,464 mi",4,$0.2057
DEN,BEY,"1,499",$795.97,"6,544 mi",4,$0.1216
LEX,MAD,"1,499",$620.99,"4,300 mi",4,$0.1444
IAD,COR,"1,499",$998.23,"5,076 mi",4,$0.1967
MSP,MPL,"1,499","$1,414.10","4,627 mi",4,$0.3056
BNA,NCL,"1,498","$1,021.75","3,916 mi",4,$0.2609
BOS,HRG,"1,498",$211.91,"5,493 mi",4,$0.0386
IAH,JER,"1,497",$958.16,"4,670 mi",4,$0.2052
JFK,TTJ,"1,497","$1,516.61","7,088 mi",4,$0.2140
MIA,AUH,"1,497","$1,912.56","7,608 mi",4,$0.2514
SAN,SAP,"1,497",$359.74,"2,120 mi",4,$0.1697
JFK,YKM,"1,497",$386.14,"2,270 mi",4,$0.1701
LAX,KZN,"1,497","$1,294.15","6,021 mi",4,$0.2149
JAX,YQB,"1,496",$441.84,"1,291 mi",4,$0.3422
ORD,SPS,"1,496",$285.41,773 mi,4,$0.3692
PHX,CLO,"1,496",$332.80,"2,994 mi",4,$0.1112
IAH,DUD,"1,496","$1,021.22","8,109 mi",4,$0.1259
PDX,GYE,"1,495",$453.10,"4,079 mi",4,$0.1111
ATL,EAT,"1,495",$405.77,"2,019 mi",4,$0.2010
ATL,UDI,"1,495","$1,265.45","4,472 mi",4,$0.2830
BNA,TIA,"1,495",$414.56,"5,184 mi",4,$0.0800
BNA,YQM,"1,495",$299.91,"1,289 mi",4,$0.2327
LAS,MRU,"1,495","$1,003.61","11,609 mi",4,$0.0865
SEA,MPL,"1,494","$1,980.00","5,188 mi",4,$0.3816
EWR,JRO,"1,494",$726.66,"7,255 mi",4,$0.1002
MSP,KIN,"1,494",$427.41,"2,027 mi",4,$0.2109
STL,CWA,"1,494",$312.98,432 mi,4,$0.7245
TPA,FSM,"1,494",$308.39,887 mi,4,$0.3477
MSP,AGU,"1,493",$433.75,"1,733 mi",4,$0.2503
DFW,RCH,"1,492",$269.12,"2,188 mi",4,$0.1230
ORD,BJI,"1,492",$316.36,529 mi,4,$0.5980
CLT,GTR,"1,491",$306.49,454 mi,4,$0.6751
DAL,LIR,"1,491",$283.21,"1,748 mi",4,$0.1620
MIA,SUN,"1,491",$651.61,"2,196 mi",4,$0.2967
BWI,OAJ,"1,491",$479.10,314 mi,4,$1.5258
MSY,CTA,"1,491",$789.92,"5,904 mi",4,$0.1338
BUR,HDN,"1,490",$228.60,727 mi,4,$0.3144
BWI,LIN,"1,490",$452.98,"4,323 mi",4,$0.1048
PHX,SPU,"1,490",$963.80,"6,014 mi",4,$0.1603
STL,OTP,"1,490",$609.07,"5,291 mi",4,$0.1151
JAX,SGU,"1,489",$380.34,"1,934 mi",4,$0.1967
ONT,CUL,"1,489",$122.68,911 mi,4,$0.1347
DEN,ORK,"1,489",$765.08,"4,489 mi",4,$0.1704
EWR,DAR,"1,489",$493.45,"7,515 mi",4,$0.0657
LAX,MPH,"1,489",$645.68,"7,587 mi",4,$0.0851
PHX,BHD,"1,489",$450.80,"5,098 mi",4,$0.0884
HNL,CRP,"1,488",$672.92,"3,673 mi",4,$0.1832
MSY,MID,"1,488",$287.30,608 mi,4,$0.4725
CLT,RAK,"1,487",$681.06,"3,992 mi",4,$0.1706
DEN,PEI,"1,487",$224.92,"2,927 mi",4,$0.0768
IAH,BHX,"1,487",$568.64,"4,605 mi",4,$0.1235
JFK,OUD,"1,487",$339.20,"3,723 mi",4,$0.0911
LAS,HMO,"1,487",$529.49,522 mi,4,$1.0143
MCO,RTB,"1,487",$306.03,873 mi,4,$0.3505
PHX,BGM,"1,487",$276.31,"2,102 mi",4,$0.1315
MSP,KTN,"1,487",$484.87,"1,768 mi",4,$0.2742
MSY,SKB,"1,487",$624.91,"1,885 mi",4,$0.3315
SDF,LIM,"1,487",$678.09,"3,408 mi",4,$0.1990
MEM,CPH,"1,486",$692.64,"4,847 mi",4,$0.1429
DFW,ABR,"1,486",$371.35,897 mi,4,$0.4140
JAX,BLR,"1,486",$937.16,"9,395 mi",4,$0.0998
ATL,MME,"1,485","$1,479.46","3,977 mi",4,$0.3720
ATL,TAM,"1,485",$354.07,"1,098 mi",4,$0.3225
HNL,BLI,"1,485",$463.89,"2,634 mi",4,$0.1761
DFW,MLA,"1,484","$1,039.75","6,124 mi",4,$0.1698
MCO,YXS,"1,484",$264.99,"2,635 mi",4,$0.1006
PIT,PMO,"1,484",$585.43,"4,590 mi",4,$0.1275
SLC,MQT,"1,484",$452.60,"1,321 mi",4,$0.3426
SLC,SNN,"1,484",$681.10,"4,655 mi",4,$0.1463
STL,LCH,"1,484",$240.90,598 mi,4,$0.4028
SAT,LSE,"1,484",$288.34,"1,036 mi",4,$0.2783
BOS,YYG,"1,483",$374.25,488 mi,4,$0.7669
CLT,RUH,"1,483",$948.91,"6,840 mi",4,$0.1387
MDW,BTR,"1,483",$280.81,776 mi,4,$0.3619
BOS,ACV,"1,483",$473.57,"2,616 mi",4,$0.1810
BOS,GRK,"1,483",$295.54,"1,618 mi",4,$0.1827
DFW,GCC,"1,483",$378.36,886 mi,4,$0.4270
JAX,LCH,"1,483",$333.75,667 mi,4,$0.5004
SJC,CHO,"1,483",$356.15,"2,425 mi",4,$0.1469
STL,AGP,"1,483",$520.22,"4,642 mi",4,$0.1121
JAX,QRO,"1,482",$356.70,"1,297 mi",4,$0.2750
DFW,SHE,"1,482",$560.23,"6,479 mi",4,$0.0865
EWR,YSB,"1,482",$188.85,543 mi,4,$0.3478
SAT,STR,"1,482",$614.19,"5,275 mi",4,$0.1164
OGG,YKA,"1,481",$328.70,"2,747 mi",4,$0.1197
JAX,FLR,"1,480",$798.23,"4,781 mi",4,$0.1670
MSY,YUM,"1,480",$346.68,"1,403 mi",4,$0.2471
OGG,GRU,"1,480","$1,197.52","8,237 mi",4,$0.1454
ANC,SHV,"1,480",$571.69,"3,263 mi",4,$0.1752
PIT,LRD,"1,480",$326.60,"1,455 mi",4,$0.2245
MIA,RBA,"1,479","$1,022.11","4,218 mi",4,$0.2423
MSP,CTG,"1,479",$635.76,"2,524 mi",4,$0.2519
ATL,GOA,"1,479","$1,070.86","4,931 mi",4,$0.2172
CLT,DHN,"1,479",$330.88,385 mi,4,$0.8594
JFK,CZM,"1,479",$405.78,"1,543 mi",4,$0.2630
PIT,BMI,"1,479",$301.42,442 mi,4,$0.6819
JFK,RMF,"1,478",$562.65,"6,138 mi",4,$0.0917
LAS,ABR,"1,478",$382.15,"1,118 mi",4,$0.3418
SLC,VLD,"1,478",$441.54,"1,793 mi",4,$0.2463
TPA,JST,"1,478",$227.33,904 mi,4,$0.2515
AUS,CSG,"1,477",$269.98,790 mi,4,$0.3417
BNA,EWN,"1,477",$189.45,530 mi,4,$0.3575
DFW,LAP,"1,477",$104.43,982 mi,4,$0.1063
DFW,MLE,"1,477","$1,817.79","10,094 mi",4,$0.1801
LGA,TAM,"1,477",$251.77,"1,835 mi",4,$0.1372
ATL,MLE,"1,477","$1,065.89","9,169 mi",4,$0.1162
CLT,MID,"1,477",$294.57,"1,153 mi",4,$0.2555
IAD,SLP,"1,477",$314.56,"1,747 mi",4,$0.1801
LGA,SGU,"1,477",$395.79,"2,196 mi",4,$0.1802
DTW,EBB,"1,476",$747.60,"7,740 mi",4,$0.0966
PDX,COU,"1,476",$355.95,"1,661 mi",4,$0.2143
BOS,PIX,"1,476",$315.33,"2,296 mi",4,$0.1373
RDU,NCL,"1,476","$1,134.52","3,637 mi",4,$0.3119
SFO,LPB,"1,476",$567.80,"4,979 mi",4,$0.1140
STL,PMO,"1,476",$602.65,"5,085 mi",4,$0.1185
CLE,XPL,"1,475",$363.63,"1,836 mi",4,$0.1981
FLL,SUN,"1,475",$623.73,"2,189 mi",4,$0.2849
JFK,AKJ,"1,475","$1,059.01","6,377 mi",4,$0.1661
JFK,ATW,"1,475",$284.05,815 mi,4,$0.3485
LAS,CNX,"1,475",$546.67,"7,798 mi",4,$0.0701
MSP,WRO,"1,475","$1,002.82","4,743 mi",4,$0.2114
ORD,RBA,"1,475",$504.06,"4,156 mi",4,$0.1213
SLC,DSS,"1,475","$1,100.96","5,984 mi",4,$0.1840
CLT,EBB,"1,474",$489.67,"7,298 mi",4,$0.0671
CVG,RST,"1,474",$293.55,510 mi,4,$0.5756
DCA,BON,"1,474",$343.96,"1,981 mi",4,$0.1736
ATL,PIH,"1,474",$399.18,"1,598 mi",4,$0.2498
LGA,AKL,"1,474","$1,497.88","8,566 mi",4,$0.1749
MCO,ESB,"1,474",$471.43,"6,282 mi",4,$0.0750
SDF,DLH,"1,474",$294.63,663 mi,4,$0.4444
ATL,LCA,"1,473",$781.76,"6,049 mi",4,$0.1292
LAX,BBA,"1,473",$821.66,"6,052 mi",4,$0.1358
TPA,VLC,"1,473",$718.16,"4,482 mi",4,$0.1602
JFK,MLB,"1,471",$252.38,922 mi,4,$0.2737
SAT,CWA,"1,471",$347.91,"1,123 mi",4,$0.3098
SJC,ATH,"1,471",$687.36,"6,593 mi",4,$0.1043
BOS,RUT,"1,471",$78.47,131 mi,4,$0.5990
ORD,BET,"1,471",$501.14,"3,332 mi",4,$0.1504
TPA,CWB,"1,471",$337.35,"4,439 mi",4,$0.0760
ATL,LLW,"1,471",$644.03,"8,105 mi",4,$0.0795
BWI,ROA,"1,471",$498.90,213 mi,4,$2.3423
LAS,DAD,"1,471",$471.51,"8,092 mi",4,$0.0583
SFO,FRU,"1,470",$663.56,"6,965 mi",4,$0.0953
MCI,LSE,"1,470",$268.01,374 mi,4,$0.7166
MSP,COK,"1,470",$666.65,"8,322 mi",4,$0.0801
MSY,MRS,"1,470",$680.79,"4,927 mi",4,$0.1382
ORD,KMQ,"1,470","$1,700.75","6,532 mi",4,$0.2604
ATL,ESB,"1,469",$674.75,"5,786 mi",4,$0.1166
AUS,PEI,"1,469",$177.79,"2,194 mi",4,$0.0810
MEM,VIE,"1,469",$879.77,"5,283 mi",4,$0.1665
PHL,SPS,"1,469",$389.74,"1,302 mi",4,$0.2993
ANC,TRI,"1,469",$636.24,"3,219 mi",4,$0.1977
BUR,MDT,"1,469",$321.33,"2,236 mi",4,$0.1437
CLT,GFK,"1,469",$381.29,"1,175 mi",4,$0.3245
CVG,OTP,"1,469","$1,256.48","5,391 mi",4,$0.2331
EWR,MHK,"1,469",$269.92,"1,158 mi",4,$0.2331
FLL,RSW,"1,468",$241.02,101 mi,4,$2.3863
HNL,STR,"1,468",$809.15,"7,760 mi",4,$0.1043
HOU,MDT,"1,468",$327.78,"1,235 mi",4,$0.2654
MSP,AAL,"1,468",$316.90,"3,997 mi",4,$0.0793
ANC,TVC,"1,467",$495.09,"2,856 mi",4,$0.1734
DCA,BRU,"1,467",$788.25,"3,753 mi",4,$0.2100
JFK,GRB,"1,467",$320.70,753 mi,4,$0.4259
LAS,GCN,"1,467",$114.71,163 mi,4,$0.7037
LAX,PTP,"1,467",$368.66,"3,601 mi",4,$0.1024
SFO,APW,"1,467","$1,076.35","4,936 mi",4,$0.2181
SFO,TAP,"1,467",$434.90,"2,347 mi",4,$0.1853
SAN,LJU,"1,466","$1,146.30","6,390 mi",4,$0.1794
DTW,SSA,"1,466",$975.36,"4,617 mi",4,$0.2113
HNL,ISG,"1,466",$537.48,"4,744 mi",4,$0.1133
MIA,PVH,"1,466",$340.01,"2,547 mi",4,$0.1335
MSY,TAM,"1,466",$313.51,689 mi,4,$0.4550
ORD,SSA,"1,466",$934.36,"4,779 mi",4,$0.1955
AUS,FLN,"1,465",$378.05,"4,993 mi",4,$0.0757
EWR,BJV,"1,465",$930.23,"4,978 mi",4,$0.1869
JAX,MHH,"1,465",$315.37,380 mi,4,$0.8299
MIA,BIQ,"1,464","$1,419.68","4,339 mi",4,$0.3272
EWR,CMB,"1,464",$833.32,"8,479 mi",4,$0.0983
PIT,VLD,"1,464",$275.07,671 mi,4,$0.4099
HNL,BLR,"1,463",$913.28,"8,212 mi",4,$0.1112
JFK,ASR,"1,463",$358.05,"5,209 mi",4,$0.0687
MSP,EAT,"1,463",$358.82,"1,336 mi",4,$0.2686
SFO,GFK,"1,463",$380.74,"1,499 mi",4,$0.2540
BUR,LEX,"1,462",$371.71,"1,949 mi",4,$0.1907
LAX,HKD,"1,462","$1,277.00","5,036 mi",4,$0.2536
SJC,GNV,"1,462",$395.91,"2,257 mi",4,$0.1754
CLE,SJJ,"1,462",$288.71,"4,892 mi",4,$0.0590
JFK,AXA,"1,461",$634.15,"1,726 mi",4,$0.3674
MCI,PIA,"1,461",$269.52,290 mi,4,$0.9294
BNA,PHF,"1,461",$173.39,552 mi,4,$0.3141
EWR,INV,"1,461","$1,005.23","3,308 mi",4,$0.3039
DCA,XRY,"1,460","$1,402.82","3,888 mi",4,$0.3608
RDU,EBB,"1,460",$697.26,"7,173 mi",4,$0.0972
TPA,FPO,"1,460",$156.06,263 mi,4,$0.5934
AUS,LCH,"1,460",$224.29,274 mi,4,$0.8186
HNL,TLV,"1,460","$1,054.68","8,915 mi",4,$0.1183
SFO,MPH,"1,459",$537.12,"7,265 mi",4,$0.0739
PHL,ISB,"1,458",$718.86,"6,760 mi",4,$0.1063
AUS,BHD,"1,457",$905.35,"4,751 mi",4,$0.1906
HNL,YCD,"1,457",$205.42,"2,593 mi",4,$0.0792
BOS,GUM,"1,457","$1,913.07","8,198 mi",4,$0.2334
CLT,FNT,"1,457",$218.56,539 mi,4,$0.4055
DEN,AMD,"1,457",$740.85,"7,841 mi",4,$0.0945
IAD,MPL,"1,457","$1,095.49","3,943 mi",4,$0.2778
MIA,MAH,"1,457","$1,020.06","4,969 mi",4,$0.2053
EWR,GGT,"1,456",$302.22,"1,224 mi",4,$0.2469
DEN,TLL,"1,456",$663.63,"4,848 mi",4,$0.1369
IAH,DHN,"1,456",$348.15,577 mi,4,$0.6034
IAH,LGB,"1,456",$311.66,"1,402 mi",4,$0.2223
MSY,OKA,"1,456","$1,065.41","7,581 mi",4,$0.1405
JFK,CLY,"1,455",$759.87,"4,211 mi",4,$0.1804
MEM,DRO,"1,455",$351.95,972 mi,4,$0.3621
AUS,YUM,"1,455",$320.20,982 mi,4,$0.3261
ORD,CFU,"1,455",$720.49,"5,057 mi",4,$0.1425
JFK,PUY,"1,454",$429.75,"4,104 mi",4,$0.1047
MSP,STS,"1,454",$367.79,"1,532 mi",4,$0.2401
TPA,BIO,"1,454",$449.92,"4,293 mi",4,$0.1048
JFK,DUD,"1,453","$1,029.59","9,006 mi",4,$0.1143
LAS,PPG,"1,453","$1,048.88","4,873 mi",4,$0.2152
PHX,TXK,"1,453",$272.26,"1,069 mi",4,$0.2547
AUS,ASU,"1,452",$602.50,"4,802 mi",4,$0.1255
SFO,FAY,"1,452",$309.34,"2,336 mi",4,$0.1324
CLE,CTG,"1,452",$582.36,"2,109 mi",4,$0.2761
AUS,STX,"1,451",$237.73,"2,170 mi",4,$0.1096
ATL,ZNZ,"1,451",$663.50,"8,628 mi",4,$0.0769
JFK,PMR,"1,451",$966.92,"9,158 mi",4,$0.1056
JFK,STS,"1,451",$447.99,"2,658 mi",4,$0.1685
LAS,EAR,"1,451",$288.29,957 mi,4,$0.3012
LAS,YQG,"1,451",$272.13,"1,712 mi",4,$0.1590
SJC,BOG,"1,451",$433.11,"3,646 mi",4,$0.1188
LGA,KEF,"1,450",$290.67,"2,659 mi",4,$0.1093
MCO,CMB,"1,450",$806.59,"9,965 mi",4,$0.0809
MIA,FLG,"1,450",$297.25,"2,026 mi",4,$0.1467
EWR,GFK,"1,449",$361.98,"1,200 mi",4,$0.3017
IAH,DVO,"1,449",$710.23,"8,439 mi",4,$0.0842
JAX,SYD,"1,449","$1,929.36","9,090 mi",4,$0.2123
PDX,CUR,"1,449",$652.06,"3,766 mi",4,$0.1731
RDU,DSS,"1,449",$834.35,"4,176 mi",4,$0.1998
SEA,TFS,"1,449",$695.79,"5,319 mi",4,$0.1308
BWI,ACC,"1,449",$478.93,"5,093 mi",4,$0.0940
CLE,AVP,"1,449",$299.34,328 mi,4,$0.9126
ORD,CXR,"1,449",$518.06,"8,808 mi",4,$0.0588
ATL,TAO,"1,448",$958.72,"7,568 mi",4,$0.1267
BOS,TNR,"1,448","$1,015.83","8,783 mi",4,$0.1157
DCA,EWN,"1,448",$220.53,269 mi,4,$0.8198
HNL,DAD,"1,448",$451.08,"5,878 mi",4,$0.0767
JFK,AJA,"1,447",$658.28,"4,231 mi",4,$0.1556
CLE,ITM,"1,447","$1,434.70","6,465 mi",4,$0.2219
DEN,FOC,"1,447",$708.30,"6,857 mi",4,$0.1033
DTW,AUH,"1,447",$737.08,"6,896 mi",4,$0.1069
DEN,FMN,"1,446",$205.12,298 mi,4,$0.6883
PHL,OKA,"1,446",$877.64,"7,869 mi",4,$0.1115
BNA,DOH,"1,445",$822.72,"7,175 mi",4,$0.1147
PHX,YXC,"1,445",$181.40,"1,168 mi",4,$0.1553
DFW,MAO,"1,444",$721.24,"3,568 mi",4,$0.2021
SAN,NCL,"1,444",$787.85,"5,118 mi",4,$0.1539
TPA,MQT,"1,444",$309.29,"1,258 mi",4,$0.2459
DFW,CLJ,"1,444",$925.62,"5,987 mi",4,$0.1546
LAX,GOX,"1,444",$782.40,"8,643 mi",4,$0.0905
BNA,BEG,"1,443",$611.96,"5,068 mi",4,$0.1207
BOS,MHK,"1,443",$263.42,"1,397 mi",4,$0.1886
DFW,TLC,"1,443",$174.60,978 mi,4,$0.1785
SFO,JIB,"1,443",$770.12,"9,180 mi",4,$0.0839
LAS,INV,"1,442",$451.60,"4,697 mi",4,$0.0961
ORD,EAT,"1,442",$350.88,"1,569 mi",4,$0.2236
PHX,GRZ,"1,442","$1,048.96","6,173 mi",4,$0.1699
SDF,BKK,"1,442","$1,558.05","8,564 mi",4,$0.1819
CLE,BDA,"1,442",$327.01,"1,099 mi",4,$0.2976
HNL,DUS,"1,442",$465.33,"7,114 mi",4,$0.0654
LAX,RSU,"1,442",$640.33,"5,868 mi",4,$0.1091
DEN,COK,"1,441",$622.00,"8,711 mi",4,$0.0714
SFO,MHD,"1,441",$611.26,"7,552 mi",4,$0.0809
ATL,FPO,"1,441",$441.41,579 mi,4,$0.7624
CLE,BHX,"1,441",$560.39,"3,546 mi",4,$0.1580
CLE,MQT,"1,441",$323.66,452 mi,4,$0.7161
SAN,ORK,"1,441","$1,235.94","5,028 mi",4,$0.2458
BWI,MLM,"1,440",$255.38,"2,029 mi",4,$0.1259
HNL,SUV,"1,440",$868.08,"3,056 mi",4,$0.2841
CLT,XWA,"1,440",$351.21,"1,516 mi",4,$0.2317
DFW,FNA,"1,440",$490.01,"5,374 mi",4,$0.0912
FLL,SJP,"1,440",$686.43,"3,724 mi",4,$0.1843
LGA,FDF,"1,440",$280.53,"1,909 mi",4,$0.1470
SJC,MBJ,"1,440",$395.96,"3,041 mi",4,$0.1302
TPA,OAX,"1,440",$255.68,"1,214 mi",4,$0.2106
BOS,CWL,"1,439",$603.78,"3,233 mi",4,$0.1868
IAD,PDL,"1,439",$425.20,"2,850 mi",4,$0.1492
DAL,CHA,"1,439",$387.38,705 mi,4,$0.5495
IAH,TBS,"1,439",$588.00,"7,082 mi",4,$0.0830
SEA,TYR,"1,439",$267.49,"1,699 mi",4,$0.1574
SJC,FAR,"1,439",$296.75,"1,394 mi",4,$0.2129
LAS,BGO,"1,438",$673.95,"4,825 mi",4,$0.1397
MCO,RIX,"1,438",$690.80,"5,280 mi",4,$0.1308
SJC,PUJ,"1,438",$336.29,"3,361 mi",4,$0.1001
TPA,YTS,"1,438",$204.62,"1,467 mi",4,$0.1395
CLE,LCH,"1,438",$286.78,975 mi,4,$0.2941
SEA,CNF,"1,438",$828.69,"6,891 mi",4,$0.1203
BNA,GOT,"1,437",$432.40,"4,321 mi",4,$0.1001
CLT,ACY,"1,437",$168.35,442 mi,4,$0.3809
HOU,ICN,"1,437","$1,486.98","6,859 mi",4,$0.2168
SEA,IBZ,"1,437","$1,254.92","5,374 mi",4,$0.2335
DEN,PNH,"1,436",$677.76,"8,159 mi",4,$0.0831
JFK,GTF,"1,436",$394.90,"1,848 mi",4,$0.2137
JFK,VTE,"1,436","$1,320.30","8,128 mi",4,$0.1624
IAD,BJM,"1,435","$1,027.31","7,479 mi",4,$0.1374
LAX,RFP,"1,435",$749.37,"3,997 mi",4,$0.1875
BOS,CSG,"1,435",$284.72,"1,052 mi",4,$0.2706
DFW,BQN,"1,435",$186.55,"2,037 mi",4,$0.0916
SEA,LAW,"1,435",$291.03,"1,475 mi",4,$0.1973
SEA,LCY,"1,435",$866.28,"4,941 mi",4,$0.1753
SJC,MLI,"1,435",$345.95,"1,640 mi",4,$0.2109
CLE,JED,"1,434","$3,488.33","6,873 mi",4,$0.5075
LAS,FNC,"1,434",$777.16,"5,184 mi",4,$0.1499
MCI,SIN,"1,434","$1,935.33","9,105 mi",4,$0.2126
MCO,DGO,"1,434",$214.89,"1,422 mi",4,$0.1511
ONT,QRO,"1,434",$284.63,"1,370 mi",4,$0.2078
PIT,LNK,"1,434",$309.62,891 mi,4,$0.3475
ORD,LPB,"1,433",$439.19,"4,359 mi",4,$0.1008
CVG,MLU,"1,433",$293.74,630 mi,4,$0.4663
BWI,DPS,"1,432","$1,174.92","9,904 mi",4,$0.1186
LAX,ISA,"1,432","$1,120.53","7,905 mi",4,$0.1417
LEX,MLI,"1,432",$221.17,380 mi,4,$0.5820
JAX,TQO,"1,432",$223.45,828 mi,4,$0.2699
LEX,ZRH,"1,432",$636.80,"4,616 mi",4,$0.1380
DCA,PEK,"1,431",$776.07,"7,122 mi",4,$0.1090
LAS,YYF,"1,431",$188.03,980 mi,4,$0.1919
MEM,NBO,"1,431",$996.05,"8,063 mi",4,$0.1235
MSY,YXE,"1,431",$516.82,"1,694 mi",4,$0.3051
SAN,EBL,"1,431",$740.39,"7,744 mi",4,$0.0956
MCO,HHH,"1,431",$212.21,257 mi,4,$0.8257
JFK,IWK,"1,430","$1,133.96","7,220 mi",4,$0.1571
SEA,DVO,"1,430",$594.31,"7,062 mi",4,$0.0842
HNL,IST,"1,429","$1,088.63","7,847 mi",4,$0.1387
BOS,ABI,"1,429",$299.93,"1,758 mi",4,$0.1706
CLT,TAM,"1,429",$305.03,"1,396 mi",4,$0.2185
EWR,HRE,"1,429",$807.50,"8,041 mi",4,$0.1004
MSY,LIN,"1,429",$707.62,"5,039 mi",4,$0.1404
BNA,KTM,"1,428",$610.81,"8,236 mi",4,$0.0742
CLT,BON,"1,428",$446.46,"1,728 mi",4,$0.2584
SFO,LRD,"1,428",$313.81,"1,455 mi",4,$0.2157
ANC,CRP,"1,427",$581.31,"3,423 mi",4,$0.1698
IAH,NQZ,"1,427","$1,494.53","6,985 mi",4,$0.2140
LAX,BON,"1,427",$305.14,"3,587 mi",4,$0.0851
MCI,LCH,"1,427",$272.21,658 mi,4,$0.4137
MDW,MGM,"1,427",$312.31,640 mi,4,$0.4880
TPA,STS,"1,426",$347.97,"2,490 mi",4,$0.1397
ATL,FAO,"1,426",$779.24,"4,321 mi",4,$0.1803
BUR,SJU,"1,426",$410.22,"3,280 mi",4,$0.1251
LAX,LEJ,"1,426","$1,323.01","5,998 mi",4,$0.2206
FLL,UDI,"1,425",$564.23,"3,660 mi",4,$0.1542
MSP,LUX,"1,425",$941.18,"4,186 mi",4,$0.2248
ORD,YXX,"1,425",$256.47,"1,669 mi",4,$0.1537
PHX,MVD,"1,424",$807.04,"6,125 mi",4,$0.1318
SFO,AKJ,"1,424",$597.80,"4,576 mi",4,$0.1306
DTW,SVQ,"1,424",$725.19,"3,860 mi",4,$0.1879
MIA,CMB,"1,424",$976.60,"9,504 mi",4,$0.1028
MSY,PMO,"1,424",$841.77,"5,447 mi",4,$0.1545
PHX,SPS,"1,424",$295.27,800 mi,4,$0.3691
DTW,GDN,"1,423",$919.34,"4,206 mi",4,$0.2186
EWR,JER,"1,423","$2,593.52","3,330 mi",4,$0.7788
JFK,WDH,"1,423","$1,073.64","7,059 mi",4,$0.1521
PHX,ADD,"1,423",$551.17,"9,203 mi",4,$0.0599
SLC,DAD,"1,423",$516.62,"7,974 mi",4,$0.0648
BWI,LAW,"1,423",$304.84,"1,203 mi",4,$0.2534
JFK,KWE,"1,423",$886.74,"8,029 mi",4,$0.1104
MSP,NWI,"1,423",$829.60,"3,898 mi",4,$0.2128
BWI,PEK,"1,422","$1,363.56","6,690 mi",4,$0.2038
CLT,CLJ,"1,422",$429.73,"5,252 mi",4,$0.0818
MSP,CKY,"1,422",$493.00,"5,088 mi",4,$0.0969
MEM,COU,"1,422",$378.22,280 mi,4,$1.3508
SFO,NPE,"1,422",$905.32,"6,768 mi",4,$0.1338
JAX,BEY,"1,421",$511.04,"6,586 mi",4,$0.0776
RDU,CCU,"1,421",$604.53,"8,556 mi",4,$0.0707
MCO,ILO,"1,421",$878.86,"9,571 mi",4,$0.0918
JFK,KYA,"1,420",$513.35,"5,130 mi",4,$0.1001
JFK,MMY,"1,420","$2,103.54","7,520 mi",4,$0.2797
JFK,TRC,"1,420",$249.13,"1,932 mi",4,$0.1289
LGA,YQM,"1,420",$340.69,607 mi,4,$0.5613
TPA,SKP,"1,420",$520.72,"5,442 mi",4,$0.0957
CLT,SJJ,"1,420",$382.78,"5,144 mi",4,$0.0744
DEN,ZQN,"1,420","$1,505.64","8,176 mi",4,$0.1842
HNL,YXJ,"1,420",$380.72,"3,158 mi",4,$0.1206
DFW,CIU,"1,419",$322.83,"1,171 mi",4,$0.2757
HOU,FWA,"1,419",$244.28,996 mi,4,$0.2453
IAD,COV,"1,419",$908.41,"5,836 mi",4,$0.1557
PHX,FUK,"1,419","$1,225.70","6,095 mi",4,$0.2011
JFK,HRL,"1,419",$213.00,"1,741 mi",4,$0.1223
SLC,NUE,"1,418",$715.61,"5,146 mi",4,$0.1391
SDF,PHF,"1,418",$178.98,525 mi,4,$0.3409
CLT,GRZ,"1,417",$852.39,"4,904 mi",4,$0.1738
FLL,HAV,"1,417",$87.01,248 mi,4,$0.3508
BWI,ABI,"1,417",$341.81,"1,408 mi",4,$0.2428
DFW,FAO,"1,417",$778.60,"5,000 mi",4,$0.1557
SAT,WAW,"1,417",$740.60,"5,885 mi",4,$0.1258
SLC,BQK,"1,417",$475.85,"1,762 mi",4,$0.2701
SLC,RDD,"1,417",$366.35,525 mi,4,$0.6978
IAH,APW,"1,416","$1,644.84","5,744 mi",4,$0.2864
LEX,JAC,"1,416",$422.88,"1,455 mi",4,$0.2906
DEN,TAS,"1,416","$2,673.38","7,024 mi",4,$0.3806
IAH,HOG,"1,416",$468.41,"1,384 mi",4,$0.3384
SEA,UKB,"1,416",$558.41,"4,867 mi",4,$0.1147
LAX,BEL,"1,415",$808.45,"5,285 mi",4,$0.1530
BOS,KOJ,"1,415","$1,823.75","6,916 mi",4,$0.2637
PIT,CMI,"1,415",$262.13,412 mi,4,$0.6362
IAD,LPA,"1,414",$566.65,"3,697 mi",4,$0.1533
MIA,PSO,"1,414",$253.27,"1,646 mi",4,$0.1539
PHL,SOF,"1,414",$442.37,"4,947 mi",4,$0.0894
HOU,NAS,"1,414",$366.84,"1,103 mi",4,$0.3326
IAD,VTZ,"1,414",$635.73,"8,077 mi",4,$0.0787
PIT,SOF,"1,414",$651.00,"4,828 mi",4,$0.1348
SAT,HLN,"1,414",$344.86,"1,343 mi",4,$0.2568
DCA,ZRH,"1,413","$1,074.12","4,257 mi",4,$0.2523
DEN,JTR,"1,413",$919.50,"6,101 mi",4,$0.1507
IAH,DOM,"1,413",$691.98,"2,446 mi",4,$0.2829
SEA,WUH,"1,413",$747.70,"5,814 mi",4,$0.1286
STL,GLA,"1,413",$556.51,"4,035 mi",4,$0.1379
BOS,LRD,"1,413",$326.50,"1,838 mi",4,$0.1776
MCO,ZCL,"1,413",$197.00,"1,424 mi",4,$0.1383
JFK,SAI,"1,412","$1,440.49","8,442 mi",4,$0.1706
MIA,TRD,"1,412",$306.86,"4,532 mi",4,$0.0677
DAL,HSV,"1,412",$313.95,610 mi,4,$0.5147
MCI,GYE,"1,412",$314.51,"3,105 mi",4,$0.1013
MIA,YUM,"1,412",$404.10,"2,050 mi",4,$0.1971
ONT,ITO,"1,412",$400.35,"2,418 mi",4,$0.1656
BWI,CWA,"1,411",$332.31,748 mi,4,$0.4443
DFW,SUX,"1,411",$386.88,678 mi,4,$0.5706
IAH,HHH,"1,411",$238.47,905 mi,4,$0.2635
SLC,VLC,"1,411",$734.96,"5,578 mi",4,$0.1318
DFW,INV,"1,411","$1,075.64","4,305 mi",4,$0.2499
JAX,CRK,"1,411",$830.59,"8,682 mi",4,$0.0957
PHX,YFC,"1,411",$387.86,"2,452 mi",4,$0.1582
HNL,GTF,"1,410",$454.19,"3,237 mi",4,$0.1403
PHL,HER,"1,410",$618.14,"5,343 mi",4,$0.1157
IAH,LAP,"1,410",$327.81,"1,039 mi",4,$0.3155
LAS,PHF,"1,410",$420.73,"2,194 mi",4,$0.1918
BOS,DLC,"1,409","$1,723.88","6,559 mi",4,$0.2628
MSY,MGM,"1,409",$313.43,271 mi,4,$1.1566
AUS,BEY,"1,409",$571.89,"7,273 mi",4,$0.0786
CVG,BLQ,"1,409",$837.91,"4,797 mi",4,$0.1747
HNL,OSL,"1,409",$505.68,"6,567 mi",4,$0.0770
ORD,AXT,"1,409","$1,642.91","6,224 mi",4,$0.2640
SAT,TLV,"1,409","$1,199.58","7,415 mi",4,$0.1618
SLC,ABZ,"1,409",$870.09,"4,408 mi",4,$0.1974
MCO,CJS,"1,408",$181.22,"1,560 mi",4,$0.1162
ONT,FSM,"1,408",$275.05,"1,280 mi",4,$0.2149
PHL,ZAG,"1,408",$638.49,"4,516 mi",4,$0.1414
PIT,AMD,"1,408",$459.65,"7,941 mi",4,$0.0579
MSY,ACY,"1,407",$142.37,"1,135 mi",4,$0.1254
CLE,LSE,"1,407",$270.92,522 mi,4,$0.5190
MSP,SJJ,"1,407",$373.98,"5,158 mi",4,$0.0725
SAN,MLA,"1,406","$1,035.54","6,557 mi",4,$0.1579
STL,SAP,"1,406",$258.50,"1,664 mi",4,$0.1553
BOS,PUF,"1,406",$711.88,"3,358 mi",4,$0.2120
LGA,NAP,"1,406",$357.88,"4,521 mi",4,$0.0792
MSP,RDD,"1,406",$413.32,"1,543 mi",4,$0.2679
DEN,RIX,"1,406",$415.37,"5,266 mi",4,$0.0789
FLL,NAT,"1,406",$444.83,"3,831 mi",4,$0.1161
SAT,CLD,"1,406",$221.31,"1,170 mi",4,$0.1892
AUS,MHH,"1,405",$491.47,"1,237 mi",4,$0.3973
CVG,BRO,"1,405",$330.14,"1,206 mi",4,$0.2737
MIA,BJV,"1,405","$1,401.49","6,232 mi",4,$0.2249
ORD,XRY,"1,405","$1,376.90","4,341 mi",4,$0.3172
TPA,MRU,"1,405","$1,088.05","10,184 mi",4,$0.1068
IAD,YQT,"1,405",$290.12,853 mi,4,$0.3401
LAS,BQK,"1,404",$412.77,"2,014 mi",4,$0.2050
MCO,EBB,"1,404","$1,138.98","7,420 mi",4,$0.1535
TPA,BGM,"1,404",$189.83,"1,082 mi",4,$0.1754
DTW,TWF,"1,404",$469.75,"1,628 mi",4,$0.2885
IAH,LBV,"1,404","$2,345.23","6,870 mi",4,$0.3414
LAX,AES,"1,404","$1,541.12","4,946 mi",4,$0.3116
BOS,DOM,"1,403",$485.20,"1,998 mi",4,$0.2428
CLE,BON,"1,403",$402.72,"2,248 mi",4,$0.1791
JFK,ROS,"1,403",$681.26,"4,994 mi",4,$0.1364
SEA,LCH,"1,403",$370.21,"1,893 mi",4,$0.1956
DEN,AUH,"1,403","$2,257.02","7,565 mi",4,$0.2984
EWR,COU,"1,403",$321.23,937 mi,4,$0.3428
RDU,RAK,"1,403",$706.50,"3,865 mi",4,$0.1828
DFW,LYH,"1,402",$285.13,"1,084 mi",4,$0.2630
ORD,REX,"1,402",$175.32,"1,288 mi",4,$0.1361
SJC,HMO,"1,402",$215.18,823 mi,4,$0.2615
BNA,LIN,"1,401",$904.64,"4,612 mi",4,$0.1961
HNL,MAN,"1,401",$665.51,"6,863 mi",4,$0.0970
SFO,TGD,"1,401",$744.62,"6,599 mi",4,$0.1128
CLT,PPT,"1,400","$1,994.27","5,610 mi",4,$0.3555
BOS,CLL,"1,400",$319.64,"1,667 mi",4,$0.1917
DEN,ABZ,"1,400",$713.11,"4,244 mi",4,$0.1680
IAH,KOJ,"1,400","$1,197.58","6,992 mi",4,$0.1713
PDX,LOS,"1,400",$943.50,"7,307 mi",4,$0.1291
SAN,XWA,"1,400",$318.22,"1,318 mi",4,$0.2414
BOS,JAI,"1,399",$539.95,"6,993 mi",4,$0.0772
DEN,PLN,"1,399",$376.51,"1,048 mi",4,$0.3593
JAX,MDE,"1,399",$346.18,"1,677 mi",4,$0.2064
MIA,PNT,"1,399","$1,116.20","5,212 mi",4,$0.2142
MSP,GDN,"1,399",$641.66,"4,633 mi",4,$0.1385
ATL,SJT,"1,399",$358.16,920 mi,4,$0.3893
AUS,MDZ,"1,399",$296.30,"4,604 mi",4,$0.0644
EWR,LCH,"1,399",$319.64,"1,332 mi",4,$0.2400
MCO,FUK,"1,399","$1,211.30","7,444 mi",4,$0.1627
MCO,XRY,"1,399","$1,166.76","4,178 mi",4,$0.2793
MSY,BJX,"1,399",$269.36,963 mi,4,$0.2797
ORD,RHO,"1,399",$436.09,"5,513 mi",4,$0.0791
SDF,MHK,"1,399",$335.08,611 mi,4,$0.5484
SJC,YEG,"1,399",$300.56,"1,137 mi",4,$0.2643
IAD,XRY,"1,398","$1,126.71","3,680 mi",4,$0.3062
SAN,CPR,"1,398",$270.65,940 mi,4,$0.2879
SLC,VVI,"1,398",$414.80,"5,261 mi",4,$0.0788
MCI,KTM,"1,397",$714.09,"8,042 mi",4,$0.0888
SFO,GMP,"1,397","$1,280.42","5,795 mi",4,$0.2210
STL,VLD,"1,397",$276.70,661 mi,4,$0.4186
BNA,SJT,"1,397",$308.20,884 mi,4,$0.3486
JAX,ACC,"1,397",$478.12,"5,352 mi",4,$0.0893
PHX,ABY,"1,397",$419.14,"1,671 mi",4,$0.2508
CLE,GLA,"1,396",$653.53,"3,369 mi",4,$0.1940
IAH,IFN,"1,396",$411.62,"7,828 mi",4,$0.0526
CVG,ERI,"1,396",$156.29,306 mi,4,$0.5108
IAH,NSN,"1,396",$925.20,"7,846 mi",4,$0.1179
MCO,DSS,"1,396",$431.21,"4,063 mi",4,$0.1061
MDW,GRU,"1,396","$1,071.06","5,064 mi",4,$0.2115
SEA,CXR,"1,396",$469.07,"7,471 mi",4,$0.0628
SLC,MID,"1,396",$360.73,"1,952 mi",4,$0.1848
DEN,TUN,"1,395",$833.51,"5,547 mi",4,$0.1503
MCO,MIR,"1,395",$491.08,"5,052 mi",4,$0.0972
MEM,YOW,"1,395",$451.01,"1,003 mi",4,$0.4497
ONT,EZE,"1,395",$952.12,"6,283 mi",4,$0.1515
MEM,BKK,"1,395","$1,511.21","9,267 mi",4,$0.1631
MIA,YQG,"1,395",$332.75,"1,182 mi",4,$0.2815
SAN,LCH,"1,395",$291.31,"1,378 mi",4,$0.2114
SEA,AAL,"1,395",$525.39,"4,851 mi",4,$0.1083
SFO,MOT,"1,395",$287.37,"1,329 mi",4,$0.2162
BNA,SOF,"1,394",$922.30,"5,601 mi",4,$0.1647
BWI,MVD,"1,394",$787.80,"5,439 mi",4,$0.1448
DFW,ESB,"1,394",$734.75,"6,661 mi",4,$0.1103
IAD,MBA,"1,394",$637.69,"7,599 mi",4,$0.0839
ORD,KTI,"1,394",$406.17,"8,402 mi",4,$0.0483
PHL,BGO,"1,394",$684.52,"3,465 mi",4,$0.1976
RDU,CTA,"1,394",$817.44,"4,808 mi",4,$0.1700
LAX,YNJ,"1,394",$518.93,"5,788 mi",4,$0.0897
SDF,HYD,"1,394",$831.32,"8,219 mi",4,$0.1011
TPA,JER,"1,394",$554.07,"4,493 mi",4,$0.1233
IAH,CAY,"1,393",$392.00,"3,392 mi",4,$0.1156
LAX,TRV,"1,393","$1,099.43","9,618 mi",4,$0.1143
SLC,APW,"1,393",$989.69,"5,215 mi",4,$0.1898
BNA,ELH,"1,393",$268.34,916 mi,4,$0.2929
BWI,SGU,"1,392",$392.50,"1,938 mi",4,$0.2025
MCI,LOS,"1,392",$789.32,"6,547 mi",4,$0.1206
MEM,STX,"1,392",$280.79,"1,897 mi",4,$0.1480
IAD,TOS,"1,392",$680.61,"3,984 mi",4,$0.1708
ONT,LNK,"1,391",$334.91,"1,269 mi",4,$0.2639
LGA,CLL,"1,390",$265.43,"1,482 mi",4,$0.1791
MIA,HHH,"1,390",$242.33,432 mi,4,$0.5609
ORD,ASM,"1,390",$459.22,"7,015 mi",4,$0.0655
CLE,FSM,"1,390",$296.75,772 mi,4,$0.3844
DFW,LFW,"1,390",$537.03,"6,658 mi",4,$0.0807
CVG,HEL,"1,389",$998.90,"4,375 mi",4,$0.2283
EWR,HMO,"1,389",$348.35,"2,152 mi",4,$0.1619
LAS,CMB,"1,389",$689.06,"9,013 mi",4,$0.0765
LAX,ZNZ,"1,389",$973.76,"9,745 mi",4,$0.0999
MCO,CUL,"1,389",$234.54,"1,682 mi",4,$0.1394
EWR,NTE,"1,388",$705.89,"3,402 mi",4,$0.2075
LAX,GLT,"1,388","$1,035.80","7,354 mi",4,$0.1408
AUS,PPT,"1,388","$1,068.41","4,633 mi",4,$0.2306
BOS,SMR,"1,388",$301.00,"2,232 mi",4,$0.1349
IAH,WRO,"1,388",$940.68,"5,654 mi",4,$0.1664
PHL,MHH,"1,388",$484.17,901 mi,4,$0.5374
SLC,BHX,"1,388",$640.80,"4,624 mi",4,$0.1386
DCA,PQI,"1,387",$186.73,728 mi,4,$0.2565
SDF,SYD,"1,387","$1,944.48","9,015 mi",4,$0.2157
BWI,STI,"1,386",$242.97,"1,455 mi",4,$0.1670
ORD,BBI,"1,386",$618.00,"7,875 mi",4,$0.0785
RDU,CUZ,"1,386",$561.94,"3,546 mi",4,$0.1585
IAD,DAM,"1,386",$828.13,"6,069 mi",4,$0.1365
JFK,FWA,"1,386",$268.53,615 mi,4,$0.4366
JFK,GZP,"1,386",$602.96,"5,194 mi",4,$0.1161
MCO,RDD,"1,386",$382.06,"2,528 mi",4,$0.1511
SFO,BRS,"1,386",$817.66,"5,449 mi",4,$0.1501
MIA,BES,"1,385",$924.16,"4,147 mi",4,$0.2229
PHX,EAR,"1,385",$283.89,849 mi,4,$0.3344
ANC,ILM,"1,385",$579.34,"3,484 mi",4,$0.1663
PHX,BON,"1,385",$359.78,"3,214 mi",4,$0.1119
SEA,DGO,"1,384",$303.28,"1,828 mi",4,$0.1659
LAS,WRO,"1,384",$724.38,"5,576 mi",4,$0.1299
MCO,TLL,"1,384","$1,002.08","4,920 mi",4,$0.2037
SEA,SOU,"1,384",$466.32,"4,646 mi",4,$0.1004
CLT,NCL,"1,383","$1,559.56","3,982 mi",4,$0.3917
DFW,SYZ,"1,383",$451.79,"7,455 mi",4,$0.0606
BWI,BAQ,"1,383",$251.61,"1,899 mi",4,$0.1325
EWR,GUC,"1,383",$444.36,"1,688 mi",4,$0.2632
FLL,CUC,"1,383",$224.79,"1,310 mi",4,$0.1716
LAS,ITH,"1,383",$283.01,"2,034 mi",4,$0.1391
MCO,PFO,"1,383",$735.37,"6,488 mi",4,$0.1133
ORD,MHH,"1,383",$626.74,"1,269 mi",4,$0.4939
TPA,NCL,"1,383",$390.70,"4,433 mi",4,$0.0881
ANC,BCN,"1,382",$682.00,"5,029 mi",4,$0.1356
LEX,PGV,"1,381",$165.68,419 mi,4,$0.3954
DFW,LST,"1,381","$1,334.39","8,665 mi",4,$0.1540
IAH,GCK,"1,381",$254.85,610 mi,4,$0.4178
SAT,NCE,"1,381",$802.60,"5,375 mi",4,$0.1493
SFO,IFN,"1,381",$525.27,"7,787 mi",4,$0.0675
BWI,SJT,"1,380",$347.96,"1,486 mi",4,$0.2342
EWR,AES,"1,380",$379.78,"3,585 mi",4,$0.1059
IAD,VER,"1,380",$326.44,"1,820 mi",4,$0.1794
MDW,BZE,"1,380",$336.45,"1,726 mi",4,$0.1949
MDW,CHA,"1,380",$318.87,471 mi,4,$0.6770
MSY,HYD,"1,380",$780.44,"8,815 mi",4,$0.0885
SDF,UIO,"1,380",$414.78,"2,768 mi",4,$0.1498
DFW,ZLO,"1,380",$326.44,"1,090 mi",4,$0.2995
LAS,PMO,"1,380",$829.68,"6,524 mi",4,$0.1272
ORD,YCD,"1,380",$306.23,"1,844 mi",4,$0.1661
EWR,KRS,"1,379",$384.42,"3,522 mi",4,$0.1091
IAH,CLJ,"1,379",$874.19,"6,092 mi",4,$0.1435
LGA,CNF,"1,379",$672.46,"4,732 mi",4,$0.1421
CVG,GTF,"1,379",$326.14,"1,411 mi",4,$0.2311
RDU,SPS,"1,379",$288.92,"1,088 mi",4,$0.2656
ANC,SRQ,"1,378",$697.97,"3,945 mi",4,$0.1769
CVG,MBS,"1,378",$287.19,320 mi,4,$0.8975
BNA,YQU,"1,378",$343.12,"2,067 mi",4,$0.1660
DCA,PLN,"1,378",$383.24,628 mi,4,$0.6103
DFW,TAS,"1,378",$825.45,"7,456 mi",4,$0.1107
EWR,HAU,"1,378",$521.02,"3,404 mi",4,$0.1531
CLE,LRD,"1,377",$281.46,"1,423 mi",4,$0.1978
IAD,MYJ,"1,377","$1,749.68","7,263 mi",4,$0.2409
JFK,OBO,"1,377",$744.91,"6,044 mi",4,$0.1232
PHL,FAO,"1,377",$526.09,"3,664 mi",4,$0.1436
SEA,ORY,"1,377",$395.80,"4,863 mi",4,$0.0814
SEA,SLP,"1,377",$301.03,"2,043 mi",4,$0.1473
EWR,KWI,"1,376","$1,360.14","6,160 mi",4,$0.2208
ORD,BQK,"1,376",$346.95,847 mi,4,$0.4096
PHL,CGK,"1,376","$1,569.31","10,405 mi",4,$0.1508
LAX,PDG,"1,376","$1,094.89","8,776 mi",4,$0.1248
BUR,YYC,"1,375",$347.26,"1,225 mi",4,$0.2835
MCO,ELH,"1,375",$350.70,340 mi,4,$1.0315
SFO,FNT,"1,375",$345.63,"2,113 mi",4,$0.1636
ONT,MHT,"1,375",$279.67,"2,461 mi",4,$0.1136
JFK,SGU,"1,374",$486.93,"2,201 mi",4,$0.2212
SAT,ARN,"1,374",$944.22,"5,140 mi",4,$0.1837
SJC,SYD,"1,374","$1,211.64","7,660 mi",4,$0.1582
AUS,LWS,"1,374",$388.26,"1,571 mi",4,$0.2471
LAX,PQI,"1,374",$326.94,"2,825 mi",4,$0.1157
MEM,SYD,"1,374","$1,465.23","8,740 mi",4,$0.1676
SEA,RAR,"1,374",$537.57,"5,125 mi",4,$0.1049
MIA,SCY,"1,374",$370.55,"2,005 mi",4,$0.1848
SDF,RST,"1,374",$296.55,546 mi,4,$0.5431
STL,HLN,"1,374",$320.78,"1,182 mi",4,$0.2714
DEN,CFU,"1,373",$717.85,"5,751 mi",4,$0.1248
ATL,CUE,"1,372",$523.66,"2,624 mi",4,$0.1996
BNA,LYS,"1,372",$789.01,"4,431 mi",4,$0.1781
SFO,ALW,"1,372",$224.38,641 mi,4,$0.3500
SFO,CFU,"1,372","$1,024.35","6,788 mi",4,$0.1509
MCO,PHF,"1,372",$171.14,683 mi,4,$0.2506
MSP,DHN,"1,371",$363.14,996 mi,4,$0.3646
PIT,BRO,"1,371",$365.19,"1,452 mi",4,$0.2515
EWR,ZDH,"1,371","$1,768.48","4,009 mi",4,$0.4411
MSY,OPO,"1,371",$610.02,"4,615 mi",4,$0.1322
OGG,JNU,"1,371",$466.36,"2,893 mi",4,$0.1612
PHX,CMB,"1,371",$799.84,"9,810 mi",4,$0.0815
SFO,KRS,"1,371",$748.57,"5,069 mi",4,$0.1477
EWR,DRS,"1,370","$1,067.02","4,152 mi",4,$0.2570
IAD,XIY,"1,370",$977.57,"7,130 mi",4,$0.1371
MEM,SGU,"1,370",$378.81,"1,363 mi",4,$0.2779
SJC,PIA,"1,370",$361.99,"1,788 mi",4,$0.2025
EWR,PUW,"1,370",$382.10,"2,092 mi",4,$0.1826
LAS,VAR,"1,370",$169.89,"6,677 mi",4,$0.0254
EWR,YUM,"1,369",$398.92,"2,218 mi",4,$0.1799
LAX,FSM,"1,369",$367.05,"1,408 mi",4,$0.2607
LGA,STI,"1,369",$221.63,"1,534 mi",4,$0.1445
SAT,CYS,"1,369",$366.71,852 mi,4,$0.4304
CLE,GND,"1,368",$592.71,"2,295 mi",4,$0.2583
PDX,PXM,"1,368",$184.65,"2,604 mi",4,$0.0709
PHL,BIO,"1,368",$497.21,"3,516 mi",4,$0.1414
BNA,LEX,"1,367",$314.78,170 mi,4,$1.8516
STL,ELM,"1,367",$306.58,768 mi,4,$0.3992
ATL,BGA,"1,367",$293.18,"2,027 mi",4,$0.1446
BNA,PEK,"1,367","$1,565.81","7,177 mi",4,$0.2182
JAX,LOS,"1,367",$681.28,"5,863 mi",4,$0.1162
PHX,YQL,"1,367",$226.30,"1,086 mi",4,$0.2084
PHX,YXH,"1,367",$198.84,"1,114 mi",4,$0.1785
IAD,DAV,"1,366",$521.40,"2,197 mi",4,$0.2373
SAT,AKL,"1,366","$1,458.24","7,465 mi",4,$0.1953
ONT,PUW,"1,365",$231.67,903 mi,4,$0.2566
IAH,KTN,"1,365",$543.88,"2,422 mi",4,$0.2246
RDU,ADD,"1,365",$567.59,"7,558 mi",4,$0.0751
MSP,HER,"1,364",$639.41,"5,860 mi",4,$0.1091
LAS,HHH,"1,364",$315.59,"1,918 mi",4,$0.1645
MEM,BLR,"1,364",$893.64,"8,737 mi",4,$0.1023
MCO,YZF,"1,363",$560.50,"2,869 mi",4,$0.1954
MSY,LRD,"1,363",$257.96,565 mi,4,$0.4566
STL,SKP,"1,363",$403.45,"5,578 mi",4,$0.0723
SAT,TYR,"1,363",$251.99,274 mi,4,$0.9197
SJC,SHV,"1,363",$320.99,"1,671 mi",4,$0.1921
IAD,MLU,"1,362",$306.83,957 mi,4,$0.3206
ORD,OVD,"1,362","$1,305.31","3,854 mi",4,$0.3387
ORD,ELH,"1,362",$467.53,"1,346 mi",4,$0.3473
ATL,THE,"1,361",$872.08,"3,925 mi",4,$0.2222
AUS,ITH,"1,361",$317.51,"1,490 mi",4,$0.2131
IAH,MPL,"1,361","$1,174.80","5,089 mi",4,$0.2309
JAX,SNN,"1,361","$1,065.90","3,989 mi",4,$0.2672
SLC,PUW,"1,361",$367.73,469 mi,4,$0.7841
BWI,GEO,"1,360",$210.17,"2,608 mi",4,$0.0806
PDX,OTZ,"1,360",$608.62,"2,123 mi",4,$0.2867
MSP,TUN,"1,360",$937.77,"5,199 mi",4,$0.1804
PHX,RTB,"1,360",$446.61,"1,919 mi",4,$0.2327
SAN,YQQ,"1,360",$221.49,"1,275 mi",4,$0.1737
SLC,ASU,"1,360",$625.22,"5,916 mi",4,$0.1057
SLC,YQR,"1,360",$385.08,730 mi,4,$0.5275
STL,ACC,"1,360",$817.40,"6,167 mi",4,$0.1325
CLE,GIG,"1,359","$1,109.13","5,231 mi",4,$0.2120
CLT,SCE,"1,359",$272.73,411 mi,4,$0.6636
LAX,RHI,"1,359",$366.51,"1,774 mi",4,$0.2066
SLC,OAX,"1,359",$332.32,"1,822 mi",4,$0.1824
CLT,RMO,"1,359",$663.96,"5,452 mi",4,$0.1218
MIA,PXM,"1,359",$284.98,"1,319 mi",4,$0.2161
PDX,PMO,"1,359",$791.99,"5,847 mi",4,$0.1355
DFW,DIK,"1,358",$347.84,977 mi,4,$0.3560
MCO,TAP,"1,358",$340.47,"1,143 mi",4,$0.2979
SFO,LCY,"1,358","$1,250.00","5,206 mi",4,$0.2401
DCA,CPH,"1,358",$353.16,"4,175 mi",4,$0.0846
LEX,BOG,"1,358",$453.65,"2,323 mi",4,$0.1953
MCI,GTR,"1,358",$303.48,512 mi,4,$0.5927
PDX,MLB,"1,358",$305.38,"2,499 mi",4,$0.1222
DFW,PEI,"1,357",$363.26,"2,306 mi",4,$0.1575
IAD,YLW,"1,357",$412.23,"2,235 mi",4,$0.1844
ATL,FLO,"1,357",$162.55,264 mi,4,$0.6157
BOS,BJV,"1,357",$779.63,"4,784 mi",4,$0.1630
SLC,GLA,"1,356",$951.96,"4,398 mi",4,$0.2165
IAD,WLG,"1,355","$2,798.55","8,993 mi",4,$0.3112
IAH,TAO,"1,355","$1,347.50","7,090 mi",4,$0.1901
JAX,BSL,"1,355",$447.27,"4,803 mi",4,$0.0931
STL,EIS,"1,355",$890.96,"2,152 mi",4,$0.4140
DTW,DAM,"1,354",$709.66,"5,793 mi",4,$0.1225
PHX,COD,"1,354",$328.59,805 mi,4,$0.4082
SEA,VRN,"1,354",$886.17,"5,260 mi",4,$0.1685
DFW,AYT,"1,353",$678.06,"6,755 mi",4,$0.1004
JFK,BCD,"1,353",$793.50,"8,987 mi",4,$0.0883
MCO,SIT,"1,353",$622.53,"3,354 mi",4,$0.1856
ONT,VCE,"1,353",$437.23,"5,930 mi",4,$0.0737
RDU,ISB,"1,353",$720.30,"7,520 mi",4,$0.0958
SLC,ZCL,"1,353",$342.69,"1,389 mi",4,$0.2467
JFK,SZZ,"1,353",$363.05,"3,866 mi",4,$0.0939
AUS,SVQ,"1,352",$715.80,"5,229 mi",4,$0.1369
IAH,POZ,"1,352","$1,370.54","5,597 mi",4,$0.2449
MCI,SCL,"1,352","$1,025.27","5,409 mi",4,$0.1895
MEM,SGF,"1,352",$508.51,237 mi,4,$2.1456
PIT,MEL,"1,351","$1,775.30","9,736 mi",4,$0.1823
DFW,RHI,"1,350",$365.94,938 mi,4,$0.3901
IAH,ALC,"1,350","$1,053.70","5,362 mi",4,$0.1965
SAN,AUH,"1,350","$1,666.52","8,196 mi",4,$0.2033
MSY,CCU,"1,350",$585.63,"8,534 mi",4,$0.0686
ORD,BRD,"1,350",$301.48,421 mi,4,$0.7161
SLC,SPU,"1,350",$796.36,"5,609 mi",4,$0.1420
CVG,COU,"1,349",$249.52,394 mi,4,$0.6333
DTW,HLN,"1,349",$355.50,"1,394 mi",4,$0.2550
IAD,RZE,"1,349","$1,314.62","4,726 mi",4,$0.2782
JFK,NAV,"1,349",$682.56,"5,492 mi",4,$0.1243
MCI,MEL,"1,349","$1,756.95","9,551 mi",4,$0.1840
CLE,LOS,"1,349",$563.22,"5,498 mi",4,$0.1024
CLT,NAN,"1,348","$1,142.13","7,787 mi",4,$0.1467
DCA,LPB,"1,348",$711.62,"3,984 mi",4,$0.1786
MCO,AJU,"1,348",$671.24,"4,138 mi",4,$0.1622
BNA,KRK,"1,348","$1,024.65","5,140 mi",4,$0.1993
BOS,FPO,"1,348",$281.23,"1,210 mi",4,$0.2324
EWR,BDL,"1,348",$335.83,119 mi,4,$2.8221
EWR,FLG,"1,348",$347.34,"2,002 mi",4,$0.1735
IAD,YYT,"1,348",$473.77,"1,412 mi",4,$0.3355
ORD,YQU,"1,348",$377.86,"1,713 mi",4,$0.2206
STL,OSL,"1,348",$514.72,"4,428 mi",4,$0.1162
LAS,DLC,"1,347",$902.43,"6,302 mi",4,$0.1432
MEM,BQK,"1,347",$278.81,574 mi,4,$0.4857
PHL,TYR,"1,347",$317.94,"1,273 mi",4,$0.2498
SDF,IDA,"1,347",$439.23,"1,375 mi",4,$0.3194
SJC,BZE,"1,347",$336.08,"2,380 mi",4,$0.1412
FLL,CPX,"1,347",$173.44,"1,123 mi",4,$0.1544
DTW,MLM,"1,346",$505.67,"1,913 mi",4,$0.2643
PDX,GDN,"1,346",$716.35,"5,007 mi",4,$0.1431
CLT,RTB,"1,346",$377.62,"1,310 mi",4,$0.2883
JFK,LYB,"1,346",$205.92,"1,451 mi",4,$0.1419
LAS,REX,"1,346",$53.65,"1,180 mi",4,$0.0455
SEA,LBA,"1,346",$604.88,"4,764 mi",4,$0.1270
CVG,SBY,"1,345",$176.44,511 mi,4,$0.3453
EWR,COO,"1,345",$521.14,"5,385 mi",4,$0.0968
JFK,SLP,"1,345",$278.72,"1,967 mi",4,$0.1417
SFO,CPR,"1,345",$307.82,941 mi,4,$0.3271
BNA,CUU,"1,344",$572.95,"1,270 mi",4,$0.4511
SAN,EIS,"1,344",$421.63,"3,288 mi",4,$0.1282
IAH,NTE,"1,343",$850.73,"4,748 mi",4,$0.1792
JFK,KUH,"1,343",$792.38,"6,375 mi",4,$0.1243
MCI,WAW,"1,343",$797.19,"4,884 mi",4,$0.1632
PDX,CUU,"1,343",$327.60,"1,433 mi",4,$0.2286
PHL,NAN,"1,343","$1,051.98","7,667 mi",4,$0.1372
LAX,MQT,"1,343",$365.74,"1,777 mi",4,$0.2058
SAN,BQK,"1,343",$351.73,"2,149 mi",4,$0.1637
HOU,AUA,"1,342",$340.80,"2,065 mi",4,$0.1650
JFK,NCU,"1,342",$511.12,"5,819 mi",4,$0.0878
ATL,MGF,"1,342",$744.54,"4,620 mi",4,$0.1612
DTW,CCU,"1,342",$512.12,"7,686 mi",4,$0.0666
JFK,MPM,"1,342","$1,037.18","8,432 mi",4,$0.1230
SAN,LAW,"1,342",$346.11,"1,053 mi",4,$0.3287
SDF,KGL,"1,342",$470.91,"7,924 mi",4,$0.0594
SEA,LRD,"1,342",$317.38,"1,901 mi",4,$0.1670
ATL,NAG,"1,342",$594.65,"8,756 mi",4,$0.0679
BOS,SCQ,"1,342",$445.94,"3,198 mi",4,$0.1394
DCA,SCE,"1,342",$183.20,149 mi,4,$1.2295
IAD,TSA,"1,342","$1,818.04","8,081 mi",4,$0.2250
SDF,GND,"1,342","$1,074.92","2,263 mi",4,$0.4750
BWI,LSE,"1,341",$257.58,795 mi,4,$0.3240
HNL,PVR,"1,341",$463.08,"3,280 mi",4,$0.1412
JAX,SKB,"1,341",$289.58,"1,456 mi",4,$0.1989
LAX,INC,"1,341",$505.21,"6,877 mi",4,$0.0735
EWR,BKO,"1,340",$332.34,"4,547 mi",4,$0.0731
JAX,WAW,"1,340",$783.49,"5,226 mi",4,$0.1499
MSY,TLS,"1,340",$511.79,"4,752 mi",4,$0.1077
PHX,MRU,"1,340","$1,152.31","11,678 mi",4,$0.0987
MSY,CZM,"1,340",$273.37,707 mi,4,$0.3867
JAX,EIS,"1,339",$912.29,"1,400 mi",4,$0.6516
SDF,YQB,"1,339",$397.71,912 mi,4,$0.4361
CLE,HAN,"1,339","$1,284.68","7,839 mi",4,$0.1639
IAD,PEW,"1,339",$446.93,"7,231 mi",4,$0.0618
LGA,SKB,"1,339",$412.09,"1,699 mi",4,$0.2425
SLC,CTA,"1,339","$1,200.61","5,896 mi",4,$0.2036
TPA,LYB,"1,339",$177.92,577 mi,4,$0.3084
FLL,DRO,"1,338",$342.17,"1,840 mi",4,$0.1860
HNL,BFL,"1,338",$540.30,"2,611 mi",4,$0.2069
MEM,SXM,"1,338",$484.82,"2,084 mi",4,$0.2326
OGG,PUW,"1,338",$403.89,"2,746 mi",4,$0.1471
SDF,ITM,"1,338","$1,131.96","6,950 mi",4,$0.1629
BWI,ALC,"1,337",$464.47,"3,853 mi",4,$0.1205
MCI,HAM,"1,337",$601.61,"4,756 mi",4,$0.1265
SDF,EZE,"1,337",$899.11,"5,496 mi",4,$0.1636
SEA,IWK,"1,337","$1,099.09","5,314 mi",4,$0.2068
CLT,BAH,"1,337",$799.19,"6,927 mi",4,$0.1154
MEM,ITM,"1,337","$1,248.98","6,588 mi",4,$0.1896
ORD,IDR,"1,337",$602.27,"8,081 mi",4,$0.0745
PHX,TRV,"1,337",$572.29,"9,765 mi",4,$0.0586
OGG,BIS,"1,336",$482.38,"3,461 mi",4,$0.1394
PDX,FAY,"1,336",$320.58,"2,312 mi",4,$0.1387
FLL,SAQ,"1,336",$63.07,153 mi,4,$0.4122
HNL,CRW,"1,336",$712.02,"4,458 mi",4,$0.1597
JFK,KTN,"1,336",$632.52,"2,688 mi",4,$0.2353
JFK,YXX,"1,336",$255.70,"2,334 mi",4,$0.1096
ANC,PVD,"1,335",$506.77,"3,496 mi",4,$0.1450
IAH,CUZ,"1,335",$666.23,"3,284 mi",4,$0.2029
CLE,SVD,"1,334",$771.14,"2,246 mi",4,$0.3433
MCI,CEB,"1,334",$576.80,"7,958 mi",4,$0.0725
PHL,JED,"1,334",$812.87,"6,640 mi",4,$0.1224
MCO,VNO,"1,333",$788.27,"5,090 mi",4,$0.1549
FLL,DEL,"1,332","$1,289.70","8,622 mi",4,$0.1496
ORD,KKJ,"1,332","$1,177.48","6,446 mi",4,$0.1827
SAN,ACT,"1,332",$296.00,"1,133 mi",4,$0.2613
DCA,OPO,"1,332",$503.96,"3,417 mi",4,$0.1475
DTW,DAR,"1,332",$469.84,"8,428 mi",4,$0.0557
DTW,SOU,"1,332","$1,096.82","3,624 mi",4,$0.3027
IAD,PPT,"1,332","$1,660.34","5,887 mi",4,$0.2820
MCI,LHE,"1,332",$655.56,"7,269 mi",4,$0.0902
MIA,XWA,"1,332",$382.91,"2,064 mi",4,$0.1855
PDX,LYS,"1,332",$792.77,"5,530 mi",4,$0.1434
SLC,YKM,"1,332",$291.89,603 mi,4,$0.4841
CVG,OSL,"1,331",$598.31,"4,232 mi",4,$0.1414
MEM,NGO,"1,331","$2,203.95","6,540 mi",4,$0.3370
PHX,VER,"1,331",$302.90,"1,346 mi",4,$0.2250
CVG,STR,"1,331",$779.74,"4,288 mi",4,$0.1818
MCO,GGT,"1,331",$182.97,462 mi,4,$0.3960
MCO,TXK,"1,331",$241.23,802 mi,4,$0.3008
MIA,LMM,"1,331",$205.68,"1,734 mi",4,$0.1186
SJC,DAB,"1,331",$377.45,"2,480 mi",4,$0.1522
SFO,TOY,"1,330","$1,543.17","5,063 mi",4,$0.3048
MCI,ACC,"1,330",$629.38,"6,029 mi",4,$0.1044
MDW,SHV,"1,330",$284.39,748 mi,4,$0.3802
JFK,FAR,"1,329",$347.76,"1,186 mi",4,$0.2932
DFW,LUX,"1,328",$996.14,"5,209 mi",4,$0.1912
MEM,MOT,"1,328",$249.37,"1,049 mi",4,$0.2377
SEA,JTR,"1,328",$537.04,"6,500 mi",4,$0.0826
MCO,HKT,"1,327",$975.53,"10,208 mi",4,$0.0956
SLC,BEG,"1,327",$840.57,"6,000 mi",4,$0.1401
ATL,SZX,"1,327","$1,401.21","8,116 mi",4,$0.1726
EWR,YTS,"1,327",$193.68,668 mi,4,$0.2899
IAH,TFU,"1,327","$1,396.39","7,830 mi",4,$0.1783
SEA,BON,"1,327",$484.47,"4,064 mi",4,$0.1192
ATL,TNR,"1,326",$696.79,"9,594 mi",4,$0.0726
RDU,YYJ,"1,326",$473.57,"2,334 mi",4,$0.2029
ANC,GUA,"1,326",$420.64,"4,466 mi",4,$0.0942
ATL,NAN,"1,326","$1,107.80","7,566 mi",4,$0.1464
DEN,DAV,"1,326",$369.61,"2,648 mi",4,$0.1396
CLT,BGO,"1,325",$737.77,"4,136 mi",4,$0.1784
MIA,FUE,"1,325",$700.71,"4,156 mi",4,$0.1686
PHX,IKA,"1,325",$517.95,"7,329 mi",4,$0.0707
SAT,MGA,"1,325",$311.49,"1,481 mi",4,$0.2103
BUR,SUN,"1,325",$274.48,659 mi,4,$0.4165
CVG,MEL,"1,325","$1,922.42","10,080 mi",4,$0.1907
EWR,CAG,"1,325",$522.51,"4,355 mi",4,$0.1200
IAH,AEX,"1,325",$608.82,196 mi,4,$3.1062
ONT,GRB,"1,324",$326.70,"1,773 mi",4,$0.1843
STL,DUS,"1,324","$1,420.08","4,334 mi",4,$0.3277
DAL,OKC,"1,324",$212.61,186 mi,4,$1.1431
LAX,CWL,"1,324",$325.01,"5,191 mi",4,$0.0626
MCI,AMD,"1,324",$736.57,"8,292 mi",4,$0.0888
MCI,SKB,"1,324",$520.93,"2,519 mi",4,$0.2068
PHL,BAQ,"1,324",$280.75,"2,063 mi",4,$0.1361
BNA,BQK,"1,323",$282.04,436 mi,4,$0.6469
JAX,AKL,"1,323","$1,608.42","8,383 mi",4,$0.1919
LAX,MHK,"1,323",$271.35,"1,217 mi",4,$0.2230
IAH,TBU,"1,323","$1,478.27","6,178 mi",4,$0.2393
JFK,LFT,"1,323",$271.83,"1,212 mi",4,$0.2243
MIA,GRX,"1,323",$763.73,"4,591 mi",4,$0.1664
BWI,IST,"1,322",$615.34,"5,014 mi",4,$0.1227
MCO,PAE,"1,322",$232.20,"2,635 mi",4,$0.0881
MIA,CHQ,"1,322",$791.79,"5,762 mi",4,$0.1374
TPA,VER,"1,322",$257.42,"1,089 mi",4,$0.2364
ATL,CCP,"1,321","$1,109.12","4,771 mi",4,$0.2325
JFK,JKH,"1,321",$493.88,"4,856 mi",4,$0.1017
SDF,YEG,"1,321",$350.51,"1,735 mi",4,$0.2020
DCA,ROW,"1,320",$337.03,"1,623 mi",4,$0.2077
DEN,KBL,"1,320",$592.12,"7,497 mi",4,$0.0790
DTW,GND,"1,320",$596.90,"2,383 mi",4,$0.2505
HOU,BTR,"1,320",$256.59,262 mi,4,$0.9794
IAH,CTS,"1,320","$1,390.17","6,057 mi",4,$0.2295
JFK,HSR,"1,320",$484.35,"7,757 mi",4,$0.0624
MEM,MAA,"1,320",$894.05,"9,327 mi",4,$0.0959
BOS,LCH,"1,319",$330.95,"1,447 mi",4,$0.2287
DCA,TYR,"1,319",$278.16,"1,088 mi",4,$0.2557
HOU,DAB,"1,319",$317.50,830 mi,4,$0.3825
MCO,RHI,"1,319",$371.00,"1,231 mi",4,$0.3014
ATL,ASM,"1,319",$640.44,"7,183 mi",4,$0.0892
AUS,ELH,"1,319",$699.24,"1,281 mi",4,$0.5459
BWI,SUN,"1,318",$417.58,"1,899 mi",4,$0.2199
PHX,ESC,"1,318",$383.77,"1,518 mi",4,$0.2528
SDF,CAI,"1,318",$478.92,"6,031 mi",4,$0.0794
DFW,CLD,"1,318",$220.67,"1,136 mi",4,$0.1943
FLL,OSL,"1,318",$469.44,"4,570 mi",4,$0.1027
MEM,IDA,"1,318",$300.05,"1,274 mi",4,$0.2355
ONT,TWF,"1,318",$292.85,624 mi,4,$0.4693
PHL,PPT,"1,318","$1,605.99","6,389 mi",4,$0.2514
DCA,GGT,"1,317",$433.07,"1,091 mi",4,$0.3969
MCI,FLG,"1,317",$305.16,"1,003 mi",4,$0.3042
ANC,MGM,"1,317",$529.30,"3,318 mi",4,$0.1595
JFK,BLI,"1,317",$463.39,"2,343 mi",4,$0.1978
PHL,GOT,"1,317",$792.33,"3,984 mi",4,$0.1989
SFO,GOX,"1,316",$840.93,"8,860 mi",4,$0.0949
SDF,JNB,"1,316","$1,408.02","8,310 mi",4,$0.1694
ATL,BLI,"1,315",$448.14,"2,275 mi",4,$0.1970
EWR,FIH,"1,315",$840.43,"6,203 mi",4,$0.1355
EWR,GEO,"1,315",$212.91,"2,636 mi",4,$0.0808
EWR,SUF,"1,315",$528.15,"4,703 mi",4,$0.1123
TPA,CRK,"1,315",$647.71,"8,805 mi",4,$0.0736
BNA,OKA,"1,315",$786.91,"7,356 mi",4,$0.1070
MSY,TYR,"1,315",$225.76,355 mi,4,$0.6359
PHL,ADB,"1,315",$381.80,"5,298 mi",4,$0.0721
HOU,MLI,"1,314",$281.10,884 mi,4,$0.3180
MSP,PUW,"1,314",$330.00,"1,188 mi",4,$0.2778
SEA,FSM,"1,314",$333.47,"1,709 mi",4,$0.1951
SJC,GRB,"1,314",$356.68,"1,762 mi",4,$0.2024
IAD,CHC,"1,314","$1,940.06","9,161 mi",4,$0.2118
MCO,MPL,"1,314",$553.65,"4,812 mi",4,$0.1151
SFO,NQZ,"1,314",$640.04,"6,067 mi",4,$0.1055
BOS,TRS,"1,313",$471.65,"4,113 mi",4,$0.1147
CLT,WRO,"1,313",$852.74,"4,540 mi",4,$0.1878
MCO,PLN,"1,313",$395.14,"1,236 mi",4,$0.3197
ORD,BJL,"1,313",$511.80,"4,507 mi",4,$0.1136
ANC,HLN,"1,313",$436.44,"1,753 mi",4,$0.2490
DFW,JMK,"1,313",$572.48,"6,135 mi",4,$0.0933
RDU,TRC,"1,313",$276.58,"1,669 mi",4,$0.1657
SEA,VLD,"1,313",$407.83,"2,283 mi",4,$0.1786
TPA,DHN,"1,313",$326.75,299 mi,4,$1.0928
TPA,ESB,"1,313",$319.37,"5,988 mi",4,$0.0533
DAL,MLB,"1,312",$366.72,987 mi,4,$0.3716
JAX,LAN,"1,312",$240.24,838 mi,4,$0.2867
MSP,ORK,"1,312","$1,056.21","3,806 mi",4,$0.2775
PDX,BGW,"1,312",$544.61,"6,718 mi",4,$0.0811
BOS,YKM,"1,312",$413.46,"2,346 mi",4,$0.1762
DFW,LCA,"1,312","$1,658.37","6,970 mi",4,$0.2379
BOS,DHN,"1,311",$358.90,"1,135 mi",4,$0.3162
MSP,LJU,"1,311",$895.58,"4,615 mi",4,$0.1941
ORD,LMM,"1,311",$214.61,"1,697 mi",4,$0.1265
IAD,SZX,"1,311","$1,938.39","8,363 mi",4,$0.2318
LAX,CIU,"1,310",$516.58,"2,024 mi",4,$0.2552
SFO,GEO,"1,310",$627.93,"4,399 mi",4,$0.1427
ATL,LAW,"1,310",$253.11,826 mi,4,$0.3064
BNA,LWS,"1,310",$345.70,"1,765 mi",4,$0.1959
EWR,BDS,"1,310",$746.36,"4,437 mi",4,$0.1682
LAX,JJN,"1,310","$1,008.48","7,127 mi",4,$0.1415
MIA,ZBF,"1,310",$469.57,"1,653 mi",4,$0.2841
SEA,EIS,"1,310",$633.86,"3,678 mi",4,$0.1723
IAH,ROB,"1,310",$623.09,"5,533 mi",4,$0.1126
MEM,TLV,"1,310","$1,015.93","6,387 mi",4,$0.1591
ANC,KSM,"1,309",$495.94,453 mi,4,$1.0948
DFW,BJI,"1,309",$396.20,986 mi,4,$0.4018
EWR,FOR,"1,309",$525.92,"3,694 mi",4,$0.1424
DEN,BHD,"1,309",$694.89,"4,480 mi",4,$0.1551
MEM,HKG,"1,309","$2,263.32","8,421 mi",4,$0.2688
MSY,MAA,"1,308",$844.80,"9,117 mi",4,$0.0927
MSY,HLN,"1,308",$332.96,"1,585 mi",4,$0.2101
SEA,YZF,"1,308",$273.05,"1,050 mi",4,$0.2600
SFO,YZF,"1,308",$295.78,"1,802 mi",4,$0.1641
DCA,BEG,"1,307",$454.47,"4,852 mi",4,$0.0937
LEX,SJO,"1,307",$550.42,"1,996 mi",4,$0.2758
OGG,SAV,"1,307",$648.58,"4,765 mi",4,$0.1361
SEA,BRS,"1,307",$580.22,"4,588 mi",4,$0.1265
ORD,YMM,"1,307",$436.91,"1,489 mi",4,$0.2934
RDU,SVQ,"1,307","$1,019.14","3,817 mi",4,$0.2670
LAS,GEO,"1,306",$292.45,"4,246 mi",4,$0.0689
MCO,SUN,"1,306",$435.46,"2,035 mi",4,$0.2140
OGG,JAC,"1,306",$668.80,"2,954 mi",4,$0.2264
PIT,CPR,"1,306",$339.88,"1,317 mi",4,$0.2581
IAD,DUR,"1,306",$794.21,"8,159 mi",4,$0.0973
MSY,ABY,"1,306",$272.92,364 mi,4,$0.7498
SDF,DHN,"1,306",$270.73,460 mi,4,$0.5885
MSY,CPR,"1,305",$341.49,"1,301 mi",4,$0.2625
OGG,NGO,"1,305",$621.69,"4,239 mi",4,$0.1467
JAX,OTP,"1,305",$675.74,"5,714 mi",4,$0.1183
MCO,LJU,"1,305",$597.17,"5,237 mi",4,$0.1140
BUR,HLN,"1,304",$270.30,948 mi,4,$0.2851
DFW,REC,"1,304",$605.72,"4,813 mi",4,$0.1259
SJC,BTR,"1,304",$273.67,"1,762 mi",4,$0.1553
PHL,ORK,"1,303","$1,222.10","3,293 mi",4,$0.3711
STL,FLG,"1,303",$286.57,"1,163 mi",4,$0.2464
ATL,CJC,"1,303","$1,449.45","4,131 mi",4,$0.3509
LGA,FPO,"1,303","$1,117.50",989 mi,4,$1.1299
EWR,RDD,"1,302",$458.77,"2,567 mi",4,$0.1787
SAT,NGO,"1,302","$2,585.64","6,513 mi",4,$0.3970
JAX,BRE,"1,302","$1,000.88","4,446 mi",4,$0.2251
LAS,YXH,"1,302",$279.88,958 mi,4,$0.2922
LAS,ZIH,"1,302",$173.01,"1,481 mi",4,$0.1168
PDX,SJJ,"1,302",$640.42,"5,637 mi",4,$0.1136
PHL,SBY,"1,302",$84.92,104 mi,4,$0.8165
STL,ABY,"1,301",$306.90,626 mi,4,$0.4903
CVG,CPT,"1,301",$996.21,"8,041 mi",4,$0.1239
SFO,FDF,"1,301","$1,174.32","4,170 mi",4,$0.2816
DTW,YUM,"1,300",$326.29,"1,880 mi",4,$0.1736
HNL,HEL,"1,300",$600.88,"6,997 mi",4,$0.0859
CLE,MLU,"1,300",$293.29,857 mi,4,$0.3422
DEN,OLB,"1,299","$1,416.34","5,329 mi",4,$0.2658
RDU,LAW,"1,299",$237.56,"1,077 mi",4,$0.2206
STL,GIG,"1,299","$1,054.13","5,075 mi",4,$0.2077
HNL,SJT,"1,299",$623.96,"3,476 mi",4,$0.1795
MIA,DVO,"1,299",$948.09,"9,859 mi",4,$0.0962
CVG,LIN,"1,298",$860.63,"4,403 mi",4,$0.1955
LAX,ABY,"1,298",$435.67,"1,926 mi",4,$0.2262
RDU,JRO,"1,298",$857.84,"7,561 mi",4,$0.1135
MSP,ACE,"1,298",$212.71,"4,487 mi",4,$0.0474
MSY,GUC,"1,298",$372.61,"1,152 mi",4,$0.3234
SLC,CMI,"1,298",$273.68,"1,281 mi",4,$0.2136
AUS,FSM,"1,297",$216.79,416 mi,4,$0.5211
LAX,PNT,"1,297","$1,366.54","6,730 mi",4,$0.2031
MCI,YXE,"1,297",$433.25,"1,026 mi",4,$0.4223
SLC,ELM,"1,297",$526.02,"1,860 mi",4,$0.2828
BWI,GVA,"1,297",$578.22,"3,915 mi",4,$0.1477
DAL,ABE,"1,297",$326.71,"1,337 mi",4,$0.2444
ORD,CTM,"1,296",$179.27,"1,671 mi",4,$0.1073
ORD,DAV,"1,296",$386.55,"2,414 mi",4,$0.1601
RDU,CRW,"1,296",$371.10,239 mi,4,$1.5527
RDU,FSM,"1,296",$242.52,849 mi,4,$0.2857
JFK,VSA,"1,296",$385.65,"1,988 mi",4,$0.1940
PDX,DAC,"1,296",$765.48,"7,427 mi",4,$0.1031
SJC,YOW,"1,296",$532.93,"2,500 mi",4,$0.2132
BNA,HAN,"1,295",$947.22,"8,139 mi",4,$0.1164
IAH,HER,"1,295",$896.15,"6,689 mi",4,$0.1340
ATL,CNX,"1,294","$1,150.85","8,544 mi",4,$0.1347
FLL,ABY,"1,294",$283.08,436 mi,4,$0.6493
LAX,DGO,"1,294",$218.65,"1,045 mi",4,$0.2092
MSY,ZAG,"1,294",$538.53,"5,305 mi",4,$0.1015
ORD,LEJ,"1,294","$1,152.25","4,541 mi",4,$0.2537
MEM,FAI,"1,294",$497.04,"3,216 mi",4,$0.1546
PDX,EGE,"1,294",$313.50,868 mi,4,$0.3612
PHX,PPG,"1,294",$945.94,"5,232 mi",4,$0.1808
DTW,CSG,"1,293",$289.63,696 mi,4,$0.4161
EWR,CAK,"1,293",$331.35,392 mi,4,$0.8453
DFW,EKO,"1,293",$410.56,"1,204 mi",4,$0.3410
EWR,TAM,"1,293",$349.02,"1,932 mi",4,$0.1807
SAN,BHD,"1,293",$692.83,"5,316 mi",4,$0.1303
SAT,SPS,"1,293",$279.56,299 mi,4,$0.9350
LEX,GRU,"1,292","$1,149.11","4,768 mi",4,$0.2410
SDF,NAP,"1,292",$966.84,"4,858 mi",4,$0.1990
STL,LNK,"1,292",$347.35,358 mi,4,$0.9703
FLL,BJX,"1,292",$396.51,"1,436 mi",4,$0.2761
PDX,POP,"1,292",$607.23,"3,537 mi",4,$0.1717
PHX,MLM,"1,291",$261.51,"1,191 mi",4,$0.2196
SFO,BAH,"1,291","$1,127.72","8,239 mi",4,$0.1369
PIT,ABE,"1,291",$249.63,260 mi,4,$0.9601
SAN,PIH,"1,290",$287.11,724 mi,4,$0.3966
ORD,WLG,"1,290","$1,314.34","8,098 mi",4,$0.1623
DEN,MVY,"1,289",$324.04,"1,831 mi",4,$0.1770
DFW,VNO,"1,289",$725.69,"5,324 mi",4,$0.1363
ONT,LIM,"1,289",$580.66,"4,023 mi",4,$0.1443
PHX,LJU,"1,289",$936.43,"5,822 mi",4,$0.1608
ATL,GUC,"1,289",$366.53,"1,337 mi",4,$0.2741
DCA,ARN,"1,289",$335.38,"3,989 mi",4,$0.0841
DCA,KEF,"1,288",$396.02,"2,702 mi",4,$0.1466
FLL,CEB,"1,288",$693.88,"9,162 mi",4,$0.0757
LAX,ABJ,"1,288",$976.28,"7,610 mi",4,$0.1283
PIT,LYS,"1,288",$734.38,"3,984 mi",4,$0.1843
LAX,SLA,"1,288",$579.47,"5,184 mi",4,$0.1118
LGA,HKG,"1,288",$949.02,"8,290 mi",4,$0.1145
PDX,CHC,"1,288",$821.24,"7,105 mi",4,$0.1156
PIT,GGG,"1,288",$288.17,"1,007 mi",4,$0.2862
TPA,BRI,"1,288",$496.14,"5,254 mi",4,$0.0944
IAH,TRD,"1,287","$1,250.85","4,996 mi",4,$0.2504
JFK,RUT,"1,287",$99.35,198 mi,4,$0.5018
MIA,KSC,"1,287",$640.03,"5,227 mi",4,$0.1224
ORD,FPO,"1,287",$395.76,"1,150 mi",4,$0.3441
STL,LRD,"1,287",$309.74,907 mi,4,$0.3415
LAX,CKY,"1,286",$657.56,"6,478 mi",4,$0.1015
EWR,IDR,"1,285",$578.36,"7,878 mi",4,$0.0734
MDW,LIM,"1,285",$364.15,"3,666 mi",4,$0.0993
PDX,BEY,"1,285",$629.71,"6,984 mi",4,$0.0902
SLC,BDA,"1,285",$547.90,"2,575 mi",4,$0.2128
BWI,LCH,"1,285",$305.81,"1,161 mi",4,$0.2634
HNL,TTJ,"1,285",$482.98,"4,037 mi",4,$0.1196
MSP,LPA,"1,285",$354.89,"4,186 mi",4,$0.0848
SAN,ALW,"1,285",$213.15,953 mi,4,$0.2237
SAT,BGI,"1,285",$476.58,"2,819 mi",4,$0.1691
CLE,TQO,"1,284",$209.97,"1,552 mi",4,$0.1353
BOS,MRU,"1,284",$934.23,"9,387 mi",4,$0.0995
DFW,BGA,"1,284",$347.85,"2,417 mi",4,$0.1439
PIT,TYR,"1,284",$307.16,981 mi,4,$0.3131
SDF,XPL,"1,284",$269.11,"1,691 mi",4,$0.1591
CLE,LJU,"1,283",$475.71,"4,635 mi",4,$0.1026
CVG,ALG,"1,283",$539.70,"4,453 mi",4,$0.1212
HNL,HUX,"1,283",$313.35,"4,154 mi",4,$0.0754
BNA,NUE,"1,282",$754.96,"4,826 mi",4,$0.1564
LAS,STX,"1,282",$369.98,"3,409 mi",4,$0.1085
SAT,GVA,"1,282","$1,126.52","5,565 mi",4,$0.2024
JFK,SYO,"1,282","$1,663.52","6,356 mi",4,$0.2617
PIT,DUJ,"1,282",$44.86,81 mi,4,$0.5538
ATL,LSE,"1,281",$254.35,773 mi,4,$0.3290
DFW,RVN,"1,281","$2,007.78","4,793 mi",4,$0.4189
DTW,FLG,"1,281",$309.77,"1,547 mi",4,$0.2002
ONT,YEG,"1,281",$358.99,"1,385 mi",4,$0.2592
PHL,ACT,"1,281",$288.42,"1,313 mi",4,$0.2197
PDX,XWA,"1,281",$385.78,879 mi,4,$0.4389
PHX,HIB,"1,281",$373.71,"1,346 mi",4,$0.2776
PIT,BEG,"1,281",$760.16,"4,908 mi",4,$0.1549
RDU,ELH,"1,281",$360.28,751 mi,4,$0.4797
MIA,SCE,"1,280",$344.01,"1,082 mi",4,$0.3179
STL,KRK,"1,280",$737.93,"5,130 mi",4,$0.1438
LAX,ISG,"1,280","$1,806.05","6,480 mi",4,$0.2787
MCO,LUX,"1,280",$702.73,"4,782 mi",4,$0.1470
BOS,UDI,"1,279",$818.73,"4,340 mi",4,$0.1886
TPA,HHH,"1,279",$232.37,304 mi,4,$0.7644
IAD,PLQ,"1,279",$273.19,"4,213 mi",4,$0.0648
ANC,KIX,"1,278","$1,025.30","3,562 mi",4,$0.2878
EWR,LBA,"1,278",$561.97,"3,461 mi",4,$0.1624
MIA,DHN,"1,278",$326.38,479 mi,4,$0.6814
BNA,FLG,"1,277",$328.44,"1,443 mi",3,$0.2276
LAS,ABV,"1,277","$1,549.96","7,800 mi",3,$0.1987
LAS,CGN,"1,277",$343.20,"5,319 mi",3,$0.0645
MDW,PLS,"1,277",$270.97,"1,698 mi",3,$0.1596
SDF,DEL,"1,277","$1,085.24","7,463 mi",3,$0.1454
SFO,CHQ,"1,277",$812.74,"7,155 mi",3,$0.1136
DFW,CKY,"1,277",$807.71,"5,645 mi",3,$0.1431
TPA,HLN,"1,277",$395.44,"1,986 mi",3,$0.1991
CLE,ACK,"1,277",$296.04,593 mi,3,$0.4992
PHX,ORK,"1,277",$875.09,"4,810 mi",3,$0.1819
SAN,LSE,"1,277",$327.78,"1,545 mi",3,$0.2122
ANC,BNE,"1,276","$1,573.30","7,098 mi",3,$0.2217
BNA,TYS,"1,276",$305.98,147 mi,3,$2.0815
DAL,FCO,"1,276",$368.89,"5,763 mi",3,$0.0640
PDX,SOF,"1,276","$1,059.32","6,169 mi",3,$0.1717
BNA,RUH,"1,275","$1,184.50","7,019 mi",3,$0.1688
IAH,YQQ,"1,275",$422.80,"1,991 mi",3,$0.2124
MIA,USH,"1,275",$903.91,"5,786 mi",3,$0.1562
PHL,MID,"1,275",$406.51,"1,607 mi",3,$0.2530
SAT,LCH,"1,275",$217.46,327 mi,3,$0.6650
ATL,CKG,"1,275",$549.00,"8,240 mi",3,$0.0666
EWR,DOH,"1,275","$1,346.45","6,905 mi",3,$0.1950
MCO,EAT,"1,275",$400.52,"2,382 mi",3,$0.1681
MSP,CGK,"1,275","$1,340.03","9,218 mi",3,$0.1454
LGA,PTP,"1,274",$286.67,"1,792 mi",3,$0.1600
IAD,YXE,"1,274",$353.64,"1,717 mi",3,$0.2060
PHX,PUS,"1,274",$785.05,"6,085 mi",3,$0.1290
ATL,YKA,"1,273",$392.73,"2,092 mi",3,$0.1877
EWR,AOI,"1,273",$354.96,"4,394 mi",3,$0.0808
PHX,NUE,"1,273",$644.47,"5,557 mi",3,$0.1160
BOS,KGS,"1,273",$466.03,"5,076 mi",3,$0.0918
CLE,SAP,"1,273",$281.78,"1,775 mi",3,$0.1587
EWR,SVD,"1,273",$326.53,"1,996 mi",3,$0.1636
ORD,TKS,"1,273","$1,433.55","6,724 mi",3,$0.2132
SAN,BGW,"1,273",$515.31,"7,951 mi",3,$0.0648
IAD,BJV,"1,272","$1,460.40","5,504 mi",3,$0.2653
SLC,NTE,"1,272",$703.37,"4,863 mi",3,$0.1446
MEM,MGM,"1,272",$334.29,288 mi,3,$1.1607
ORD,AKN,"1,271",$598.12,"2,992 mi",3,$0.1999
PIT,MBS,"1,271",$287.25,297 mi,3,$0.9672
AUS,DAC,"1,271",$870.38,"8,925 mi",3,$0.0975
HNL,CRK,"1,271",$568.01,"5,467 mi",3,$0.1039
ANC,MFE,"1,270",$549.01,"3,293 mi",3,$0.1667
BNA,DBV,"1,270",$767.11,"5,394 mi",3,$0.1422
MCO,FDF,"1,270",$698.09,"1,565 mi",3,$0.4461
MCI,SLP,"1,270",$348.43,"1,270 mi",3,$0.2744
PIT,BQK,"1,270",$271.37,661 mi,3,$0.4105
SDF,DRO,"1,270",$264.82,"1,167 mi",3,$0.2269
BOS,CRK,"1,269",$828.72,"8,644 mi",3,$0.0959
CLE,AEX,"1,269",$278.31,942 mi,3,$0.2954
LAX,BHE,"1,269",$771.55,"6,956 mi",3,$0.1109
AUS,GOT,"1,269",$691.53,"5,301 mi",3,$0.1305
SLC,NCL,"1,269",$973.73,"4,514 mi",3,$0.2157
STL,CPR,"1,269",$291.32,860 mi,3,$0.3387
MCO,CHC,"1,268","$1,053.89","8,066 mi",3,$0.1307
MCO,TSR,"1,268",$306.87,"5,230 mi",3,$0.0587
MSY,AGP,"1,268",$570.76,"4,947 mi",3,$0.1154
ORD,GEO,"1,268",$709.96,"2,958 mi",3,$0.2400
PIT,CTA,"1,268",$711.96,"4,993 mi",3,$0.1426
DTW,POZ,"1,268","$1,179.22","4,228 mi",3,$0.2789
DFW,PLN,"1,267",$378.18,"1,058 mi",3,$0.3574
IAD,GTR,"1,267",$344.48,737 mi,3,$0.4674
PHL,BLI,"1,267",$515.71,"2,305 mi",3,$0.2237
JAX,CWA,"1,267",$357.61,"1,046 mi",3,$0.3419
JFK,NVA,"1,267",$304.97,"2,528 mi",3,$0.1206
MSP,ISB,"1,267",$651.52,"6,739 mi",3,$0.0967
MSY,PNS,"1,267",$412.84,192 mi,3,$2.1502
MSY,SOF,"1,267",$695.96,"5,710 mi",3,$0.1219
SAN,VLD,"1,267",$361.99,"2,048 mi",3,$0.1768
BWI,BLR,"1,266",$744.32,"8,205 mi",3,$0.0907
SDF,MAN,"1,266",$720.40,"3,799 mi",3,$0.1896
ORD,TRS,"1,266",$500.53,"4,827 mi",3,$0.1037
PHL,DOM,"1,266",$500.52,"1,823 mi",3,$0.2746
SFO,SMR,"1,266",$412.76,"3,594 mi",3,$0.1148
MEM,MGA,"1,265",$322.75,"1,648 mi",3,$0.1958
DEN,PEN,"1,265","$1,893.47","8,668 mi",3,$0.2184
MSP,BGM,"1,265",$288.17,907 mi,3,$0.3177
PHX,YQY,"1,265",$496.72,"2,755 mi",3,$0.1803
TPA,MLM,"1,265",$268.50,"1,333 mi",3,$0.2014
MEM,GJT,"1,264",$272.13,"1,090 mi",3,$0.2497
IAH,TWF,"1,264",$336.13,"1,408 mi",3,$0.2387
SAN,POA,"1,264",$580.79,"6,299 mi",3,$0.0922
ATL,ACY,"1,263",$159.58,698 mi,3,$0.2286
STL,LSE,"1,263",$290.70,368 mi,3,$0.7899
FLL,JPA,"1,263",$552.37,"3,915 mi",3,$0.1411
IAD,SEZ,"1,263","$1,769.49","8,926 mi",3,$0.1982
ORD,EFL,"1,263",$748.25,"5,466 mi",3,$0.1369
LAX,SPI,"1,262",$259.21,"1,582 mi",3,$0.1638
SFO,HBA,"1,262","$1,186.10","7,679 mi",3,$0.1545
DEN,SPS,"1,262",$221.16,546 mi,3,$0.4051
MSP,OKA,"1,262",$813.96,"7,099 mi",3,$0.1147
SEA,SJT,"1,262",$326.62,"1,647 mi",3,$0.1983
TPA,GDN,"1,262",$608.96,"5,234 mi",3,$0.1163
JFK,TRI,"1,261",$309.29,531 mi,3,$0.5825
MEM,BMI,"1,261",$312.90,369 mi,3,$0.8480
RDU,CUC,"1,261",$203.93,"2,030 mi",3,$0.1005
IAD,SBH,"1,261",$693.61,"1,647 mi",3,$0.4211
SAN,YQU,"1,261",$314.83,"1,600 mi",3,$0.1968
SLC,GTR,"1,261",$454.91,"1,420 mi",3,$0.3204
MCO,ESC,"1,260",$348.46,"1,273 mi",3,$0.2737
MCO,ZAD,"1,260",$562.81,"5,340 mi",3,$0.1054
LAS,YQL,"1,260",$337.20,972 mi,3,$0.3469
TPA,BLI,"1,260",$357.85,"2,634 mi",3,$0.1359
JFK,ZGN,"1,259",$500.37,"7,803 mi",3,$0.0641
LEX,GRB,"1,259",$318.03,468 mi,3,$0.6796
DEN,SZG,"1,259",$754.30,"5,120 mi",3,$0.1473
IAD,GOX,"1,259",$564.69,"8,476 mi",3,$0.0666
PDX,LJU,"1,259","$1,448.59","5,409 mi",3,$0.2678
TPA,EBB,"1,259",$640.73,"7,497 mi",3,$0.0855
BOS,RHO,"1,258",$531.26,"5,137 mi",3,$0.1034
SEA,RBA,"1,258",$714.12,"5,373 mi",3,$0.1329
BNA,YSJ,"1,258",$349.69,"1,293 mi",3,$0.2704
MIA,CFU,"1,258",$578.50,"5,436 mi",3,$0.1064
MSY,SPU,"1,258",$814.68,"5,727 mi",3,$0.1423
SFO,HMO,"1,258",$549.98,853 mi,3,$0.6448
DTW,LBA,"1,257",$717.29,"3,533 mi",3,$0.2030
IAH,CKY,"1,257",$751.92,"5,235 mi",3,$0.1436
IAH,PSA,"1,257","$1,126.24","5,687 mi",3,$0.1980
JFK,KWJ,"1,257",$736.11,"7,251 mi",3,$0.1015
LEX,MAF,"1,257",$331.32,"1,111 mi",3,$0.2982
SAT,FNT,"1,257",$277.49,"1,272 mi",3,$0.2182
JFK,NPL,"1,257",$941.77,"8,654 mi",3,$0.1088
MCO,NTE,"1,257",$686.90,"4,474 mi",3,$0.1535
MSP,LCH,"1,257",$297.05,988 mi,3,$0.3007
PDX,HKT,"1,257",$673.99,"7,708 mi",3,$0.0874
BOS,RKD,"1,256",$138.22,156 mi,3,$0.8860
DEN,CMX,"1,256",$308.51,923 mi,3,$0.3342
JFK,MDW,"1,256",$209.57,752 mi,3,$0.2787
LGA,BGI,"1,256",$218.71,"2,039 mi",3,$0.1073
MCO,CAG,"1,256",$749.44,"5,176 mi",3,$0.1448
MEM,CPT,"1,256","$1,205.91","8,209 mi",3,$0.1469
PHL,OVD,"1,256","$1,105.53","3,577 mi",3,$0.3091
TPA,CLL,"1,256",$293.70,826 mi,3,$0.3556
DEN,MCK,"1,255",$98.63,210 mi,3,$0.4697
JFK,SYX,"1,255","$1,357.83","8,610 mi",3,$0.1577
LAX,RHO,"1,255","$1,255.21","6,904 mi",3,$0.1818
ONT,YKM,"1,255",$261.16,904 mi,3,$0.2889
PHX,PNH,"1,255",$738.92,"8,750 mi",3,$0.0844
PIT,LOS,"1,255",$615.50,"5,417 mi",3,$0.1136
SLC,ABJ,"1,255",$568.94,"7,116 mi",3,$0.0800
MCO,ACV,"1,254",$337.13,"2,475 mi",3,$0.1362
LAX,SJT,"1,254",$357.36,"1,088 mi",3,$0.3285
MIA,MVY,"1,254",$384.34,"1,175 mi",3,$0.3271
MCO,SJJ,"1,253",$512.12,"5,166 mi",3,$0.0991
PIT,BEY,"1,253",$634.12,"6,048 mi",3,$0.1048
IAH,BQK,"1,252",$319.67,804 mi,3,$0.3976
SEA,ACT,"1,252",$247.06,"1,663 mi",3,$0.1486
SLC,ACT,"1,252",$273.78,"1,067 mi",3,$0.2566
LGA,MVD,"1,251",$366.36,"5,186 mi",3,$0.0706
RDU,PMO,"1,251",$712.61,"4,694 mi",3,$0.1518
CLT,KIX,"1,249","$1,651.19","7,301 mi",3,$0.2262
IAH,TAS,"1,249","$1,043.31","7,640 mi",3,$0.1366
ORD,IZO,"1,249","$1,065.71","6,305 mi",3,$0.1690
CLT,DAD,"1,249",$729.32,"9,109 mi",3,$0.0801
MIA,PSS,"1,249",$281.32,"3,894 mi",3,$0.0722
BNA,VER,"1,248",$280.73,"1,347 mi",3,$0.2084
DTW,CWL,"1,248","$1,427.65","3,754 mi",3,$0.3803
IAD,KTI,"1,248","$1,337.25","9,226 mi",3,$0.1449
IAH,NJF,"1,248",$509.90,"7,629 mi",3,$0.0668
ONT,MRY,"1,248",$224.29,305 mi,3,$0.7354
PDX,YKM,"1,248",$254.31,124 mi,3,$2.0509
SJC,OAX,"1,248",$245.30,"2,017 mi",3,$0.1216
DFW,YYT,"1,248",$583.93,"2,580 mi",3,$0.2263
RDU,MID,"1,248",$331.99,"1,261 mi",3,$0.2633
SFO,JMK,"1,247","$1,205.49","6,651 mi",3,$0.1812
ATL,KTN,"1,247",$549.30,"2,778 mi",3,$0.1977
DEN,EBL,"1,246","$1,607.72","6,609 mi",3,$0.2433
FLL,CIU,"1,246",$320.41,"1,456 mi",3,$0.2201
JFK,NPE,"1,246",$934.95,"9,070 mi",3,$0.1031
MIA,TRV,"1,246",$730.78,"9,904 mi",3,$0.0738
PDX,KRK,"1,246",$740.13,"5,617 mi",3,$0.1318
DCA,KIX,"1,246","$1,418.51","6,759 mi",3,$0.2099
CLT,GUC,"1,245",$308.94,"1,494 mi",3,$0.2068
CLT,SPU,"1,245",$644.53,"5,066 mi",3,$0.1272
DTW,CMI,"1,245",$236.28,306 mi,3,$0.7722
JFK,RAP,"1,245",$320.44,"1,550 mi",3,$0.2067
OGG,BKK,"1,245",$633.05,"6,882 mi",3,$0.0920
PHX,PRN,"1,245",$574.08,"6,595 mi",3,$0.0870
ATL,UBN,"1,245",$876.50,"6,980 mi",3,$0.1256
MCI,BLI,"1,245",$376.88,"1,472 mi",3,$0.2560
BOS,CPX,"1,245",$289.85,"1,746 mi",3,$0.1660
CVG,ELM,"1,245",$317.06,447 mi,3,$0.7093
SAN,TRN,"1,245","$1,249.60","5,858 mi",3,$0.2133
DTW,OKA,"1,244",$912.55,"7,532 mi",3,$0.1212
SLC,CUR,"1,244",$578.79,"3,165 mi",3,$0.1829
BOS,YTS,"1,244",$222.93,680 mi,3,$0.3278
JFK,CUU,"1,244",$389.86,"1,932 mi",3,$0.2018
LAX,BDB,"1,244",$868.34,"6,905 mi",3,$0.1258
PHX,FAO,"1,244",$638.89,"5,708 mi",3,$0.1119
RDU,SUN,"1,244",$427.44,"1,886 mi",3,$0.2266
SAN,VLC,"1,244","$1,011.56","5,832 mi",3,$0.1734
PHL,LNZ,"1,243",$716.18,"4,349 mi",3,$0.1647
PIT,SKB,"1,243",$425.26,"1,855 mi",3,$0.2293
SAT,LOS,"1,243",$781.18,"6,896 mi",3,$0.1133
CVG,TQO,"1,242",$249.91,"1,355 mi",3,$0.1844
ATL,FNT,"1,242",$251.35,665 mi,3,$0.3780
IAH,LFW,"1,241",$400.86,"6,205 mi",3,$0.0646
MSY,GRK,"1,241",$217.06,443 mi,3,$0.4900
PHL,VLC,"1,241",$497.59,"3,734 mi",3,$0.1333
SDF,SJJ,"1,241",$635.42,"4,901 mi",3,$0.1297
CVG,STX,"1,240",$446.05,"1,840 mi",3,$0.2424
JFK,FAY,"1,240",$151.22,493 mi,3,$0.3067
ONT,OKA,"1,240",$594.00,"6,666 mi",3,$0.0891
ORD,ZTH,"1,240",$472.55,"5,499 mi",3,$0.0859
BOS,BQK,"1,240",$310.03,930 mi,3,$0.3334
CVG,HMO,"1,240",$645.78,"1,701 mi",3,$0.3796
LAS,LAW,"1,240",$338.67,920 mi,3,$0.3681
LAX,PIU,"1,240",$625.66,"3,550 mi",3,$0.1762
BOS,CUC,"1,239",$285.97,"2,310 mi",3,$0.1238
BOS,RNS,"1,239",$621.62,"3,181 mi",3,$0.1954
TPA,BOD,"1,239",$638.92,"4,638 mi",3,$0.1378
SAN,CMN,"1,239",$783.73,"5,795 mi",3,$0.1352
EWR,TRS,"1,238",$701.17,"4,320 mi",3,$0.1623
ORD,JIB,"1,238",$762.64,"7,383 mi",3,$0.1033
SJC,TVC,"1,238",$366.52,"2,001 mi",3,$0.1832
IAH,RGN,"1,238",$668.94,"9,381 mi",3,$0.0713
LAX,FNC,"1,238",$626.82,"5,412 mi",3,$0.1158
ORD,SVO,"1,238",$640.57,"4,805 mi",3,$0.1333
PHL,FNT,"1,238",$268.71,504 mi,3,$0.5332
SDF,SLP,"1,238",$355.97,"1,465 mi",3,$0.2430
STL,DBV,"1,238",$966.46,"5,102 mi",3,$0.1894
LAX,LRE,"1,237",$798.21,"7,278 mi",3,$0.1097
SLC,BIO,"1,237",$836.66,"4,990 mi",3,$0.1677
ANC,MRY,"1,237",$420.43,"2,155 mi",3,$0.1951
ORD,INL,"1,237",$333.66,544 mi,3,$0.6133
IAD,BIQ,"1,236","$1,119.20","3,704 mi",3,$0.3022
SEA,MQT,"1,236",$384.70,"1,587 mi",3,$0.2424
DFW,EVN,"1,236",$726.62,"6,616 mi",3,$0.1098
IAD,CXR,"1,236",$979.93,"8,623 mi",3,$0.1136
LAX,BGM,"1,236",$292.63,"2,281 mi",3,$0.1283
BOS,ABY,"1,235",$381.53,"1,073 mi",3,$0.3556
HNL,TRI,"1,235",$913.18,"4,711 mi",3,$0.1938
LAS,CGO,"1,235",$398.62,"6,428 mi",3,$0.0620
SFO,TAM,"1,235",$315.81,"1,855 mi",3,$0.1702
CLT,VLD,"1,235",$323.27,345 mi,3,$0.9370
IAH,SSA,"1,235","$1,607.07","4,667 mi",3,$0.3443
SEA,PKX,"1,235","$1,522.88","5,593 mi",3,$0.2723
SJC,FLG,"1,235",$243.44,573 mi,3,$0.4249
EWR,GTR,"1,234",$316.96,899 mi,3,$0.3526
HNL,OBO,"1,234",$645.45,"3,558 mi",3,$0.1814
BOS,AEP,"1,234",$646.54,"5,535 mi",3,$0.1168
DEN,CTS,"1,234","$1,184.96","5,544 mi",3,$0.2137
MCO,LAW,"1,234",$235.72,"1,058 mi",3,$0.2228
ORD,GMP,"1,234",$758.21,"6,718 mi",3,$0.1129
SDF,YOW,"1,234",$410.44,694 mi,3,$0.5914
TPA,KTM,"1,234",$671.49,"8,762 mi",3,$0.0766
TPA,VRN,"1,234",$630.70,"5,175 mi",3,$0.1219
IAH,IBZ,"1,233","$1,430.34","5,438 mi",3,$0.2630
IAH,LED,"1,233",$951.66,"5,344 mi",3,$0.1781
RDU,CMB,"1,233",$588.56,"8,880 mi",3,$0.0663
SEA,MVD,"1,233","$1,308.59","6,795 mi",3,$0.1926
BWI,CMI,"1,232",$221.58,601 mi,3,$0.3687
FLL,PQI,"1,232",$258.43,"1,618 mi",3,$0.1597
JFK,SIT,"1,232",$585.57,"2,990 mi",3,$0.1958
BOS,GRZ,"1,232","$1,164.35","3,914 mi",3,$0.2975
SEA,AXT,"1,232",$651.97,"4,718 mi",3,$0.1382
ATL,XMN,"1,231",$969.52,"7,907 mi",3,$0.1226
AUS,SPU,"1,231","$1,001.50","6,030 mi",3,$0.1661
BWI,JNU,"1,231",$521.31,"2,753 mi",3,$0.1894
IAH,YXJ,"1,231",$548.12,"2,128 mi",3,$0.2576
MSY,ITM,"1,231","$1,247.52","7,274 mi",3,$0.1715
BOS,KMG,"1,231",$660.41,"7,525 mi",3,$0.0878
SFO,AEX,"1,231",$410.57,"1,798 mi",3,$0.2283
AUS,VER,"1,230",$215.83,746 mi,3,$0.2893
DTW,FSM,"1,230",$313.96,736 mi,3,$0.4266
MCO,EKW,"1,230",$372.95,189 mi,3,$1.9733
SDF,CZM,"1,230",$232.40,"1,259 mi",3,$0.1846
ATL,QYG,"1,230","$1,508.65","4,794 mi",3,$0.3147
BWI,WAW,"1,230",$672.49,"4,566 mi",3,$0.1473
CVG,VLD,"1,230",$292.82,560 mi,3,$0.5229
HNL,SDJ,"1,230",$307.20,"3,665 mi",3,$0.0838
TPA,AGU,"1,230",$210.67,"1,273 mi",3,$0.1655
IAD,ASB,"1,229","$1,290.96","6,234 mi",3,$0.2071
MIA,CAG,"1,229","$1,193.45","4,929 mi",3,$0.2421
ORD,CCJ,"1,229",$416.42,"8,885 mi",3,$0.0469
BWI,BQK,"1,229",$235.47,592 mi,3,$0.3978
DFW,TRN,"1,229",$803.82,"5,119 mi",3,$0.1570
IAD,RDD,"1,229",$487.86,"2,288 mi",3,$0.2132
MCO,RAO,"1,229",$466.81,"4,213 mi",3,$0.1108
JFK,ASB,"1,228","$1,085.64","6,407 mi",3,$0.1694
PIT,OTP,"1,228",$596.70,"4,848 mi",3,$0.1231
SAN,CGN,"1,228",$979.85,"5,570 mi",3,$0.1759
AUS,ABY,"1,228",$384.59,780 mi,3,$0.4931
LAX,ASM,"1,228",$646.46,"8,459 mi",3,$0.0764
SAN,ADD,"1,228",$603.48,"9,423 mi",3,$0.0640
BOS,FNT,"1,227",$248.28,667 mi,3,$0.3722
SFO,OBO,"1,227","$1,055.48","4,861 mi",3,$0.2171
LAX,SCQ,"1,227","$1,247.97","5,699 mi",3,$0.2190
DFW,DUR,"1,226",$766.72,"9,678 mi",3,$0.0792
EWR,LAD,"1,226",$896.76,"6,287 mi",3,$0.1426
LAX,PLN,"1,226",$548.86,"1,881 mi",3,$0.2918
MEM,OPO,"1,226","$1,001.70","4,402 mi",3,$0.2276
DTW,AAL,"1,226",$338.02,"4,071 mi",3,$0.0830
EWR,CHC,"1,226","$1,379.04","8,832 mi",3,$0.1561
MCI,BRO,"1,226",$278.32,910 mi,3,$0.3058
ORD,PNA,"1,225",$702.68,"4,318 mi",3,$0.1627
DTW,NWI,"1,225",$926.24,"3,901 mi",3,$0.2374
LAX,VLI,"1,225","$1,586.66","5,809 mi",3,$0.2731
MEM,MID,"1,225",$322.45,946 mi,3,$0.3409
PDX,BGI,"1,225",$465.30,"4,409 mi",3,$0.1055
SFO,BQK,"1,225",$545.63,"2,283 mi",3,$0.2390
SFO,RNS,"1,225","$1,240.71","5,650 mi",3,$0.2196
CLE,CMN,"1,224",$594.62,"4,109 mi",3,$0.1447
LAX,CSG,"1,224",$405.36,"1,986 mi",3,$0.2041
MIA,LEJ,"1,224","$1,022.01","4,800 mi",3,$0.2129
PIT,RST,"1,224",$293.19,650 mi,3,$0.4511
DFW,ROB,"1,224",$499.25,"5,966 mi",3,$0.0837
PHX,OTH,"1,224",$317.70,925 mi,3,$0.3435
SAT,YHZ,"1,224",$431.09,"2,238 mi",3,$0.1926
FLL,STM,"1,223",$300.16,"2,519 mi",3,$0.1192
IAH,VRN,"1,223",$707.19,"5,314 mi",3,$0.1331
ATL,IOS,"1,223","$1,072.08","4,352 mi",3,$0.2463
EWR,BAH,"1,223","$1,106.35","6,414 mi",3,$0.1725
MIA,JNU,"1,223",$466.81,"3,334 mi",3,$0.1400
STL,HEL,"1,223",$927.14,"4,821 mi",3,$0.1923
STL,SOF,"1,223",$501.43,"5,285 mi",3,$0.0949
AUS,RAK,"1,222","$1,010.16","5,297 mi",3,$0.1907
JAX,GTR,"1,222",$334.18,430 mi,3,$0.7772
JFK,PFO,"1,222",$444.86,"5,599 mi",3,$0.0795
PHX,BRD,"1,222",$400.25,"1,337 mi",3,$0.2994
BNA,PMI,"1,222",$916.33,"4,808 mi",3,$0.1906
MCI,MDE,"1,222",$306.56,"2,663 mi",3,$0.1151
BNA,DPS,"1,221","$1,380.95","9,796 mi",3,$0.1410
HNL,GUA,"1,221",$580.68,"4,290 mi",3,$0.1354
IAH,EAT,"1,221",$350.39,"1,733 mi",3,$0.2022
ORD,CJU,"1,221",$812.26,"6,986 mi",3,$0.1163
SJC,ABI,"1,221",$301.05,"1,342 mi",3,$0.2243
BWI,AXA,"1,221",$992.37,"1,713 mi",3,$0.5793
MIA,GTR,"1,221",$385.57,741 mi,3,$0.5203
MCI,JNU,"1,220",$554.79,"2,256 mi",3,$0.2459
PIT,AVP,"1,220",$275.16,236 mi,3,$1.1659
ANC,BEG,"1,220",$662.73,"4,940 mi",3,$0.1342
HOU,AMS,"1,220",$972.45,"5,168 mi",3,$0.1882
PHL,LCA,"1,220",$634.36,"5,403 mi",3,$0.1174
CLT,FIH,"1,219",$529.84,"6,956 mi",3,$0.0762
PHX,BOD,"1,219",$889.00,"5,694 mi",3,$0.1561
SLC,LSE,"1,219",$282.66,"1,109 mi",3,$0.2549
IAD,MDZ,"1,218",$757.61,"5,140 mi",3,$0.1474
ORD,JAI,"1,218",$534.29,"7,343 mi",3,$0.0728
SEA,HRE,"1,218",$889.06,"9,606 mi",3,$0.0926
DEN,LHE,"1,217",$490.32,"7,729 mi",3,$0.0634
IAH,COR,"1,217","$1,420.45","4,843 mi",3,$0.2933
LEX,HHH,"1,217",$202.85,444 mi,3,$0.4569
IAD,GRZ,"1,217","$1,028.89","4,579 mi",3,$0.2247
JAX,ELM,"1,217",$284.10,874 mi,3,$0.3251
ONT,AVP,"1,217",$431.94,"2,251 mi",3,$0.1919
PHL,GUC,"1,217",$427.77,"1,741 mi",3,$0.2457
LGA,RHI,"1,216",$351.54,826 mi,3,$0.4256
SEA,BSB,"1,216",$648.78,"6,133 mi",3,$0.1058
EWR,WDH,"1,216",$645.03,"7,517 mi",3,$0.0858
HNL,XIY,"1,216",$724.27,"5,744 mi",3,$0.1261
LAS,TIA,"1,216",$680.69,"6,560 mi",3,$0.1038
SLC,GCC,"1,216",$370.52,421 mi,3,$0.8801
BOS,GIB,"1,215",$809.03,"3,347 mi",3,$0.2417
HNL,NAP,"1,215",$857.79,"7,866 mi",3,$0.1091
RDU,FLG,"1,215",$316.27,"1,786 mi",3,$0.1771
ATL,ALW,"1,215",$332.29,"2,030 mi",3,$0.1637
LGA,YFC,"1,215",$349.31,494 mi,3,$0.7071
SAN,YXX,"1,215",$204.24,"1,192 mi",3,$0.1713
MIA,LSE,"1,214",$280.55,"1,435 mi",3,$0.1955
MSP,GEO,"1,214",$319.92,"3,281 mi",3,$0.0975
ANC,LIM,"1,214",$711.96,"6,199 mi",3,$0.1149
IAD,BQK,"1,214",$247.22,594 mi,3,$0.4162
JAX,SAF,"1,214",$302.55,"1,408 mi",3,$0.2149
ORD,TAE,"1,213",$876.64,"6,384 mi",3,$0.1373
PDX,ACA,"1,213",$210.86,"2,460 mi",3,$0.0857
SEA,HIJ,"1,213","$1,325.86","5,272 mi",3,$0.2515
SFO,ISG,"1,213","$1,604.67","6,543 mi",3,$0.2452
CVG,AGP,"1,212",$772.43,"4,351 mi",3,$0.1775
LAS,BTM,"1,212",$248.13,717 mi,3,$0.3461
CLT,POZ,"1,212",$938.94,"4,773 mi",3,$0.1967
LAS,ESC,"1,212",$441.53,"1,551 mi",3,$0.2847
PDX,LRD,"1,212",$359.20,"1,724 mi",3,$0.2084
EWR,CPR,"1,212",$382.15,"1,710 mi",3,$0.2235
MCO,ROW,"1,212",$228.74,"1,456 mi",3,$0.1571
DFW,AVV,"1,211","$2,543.82","8,749 mi",3,$0.2908
MCI,CLL,"1,211",$202.51,591 mi,3,$0.3427
STL,GUM,"1,211","$1,480.96","7,150 mi",3,$0.2071
DCA,SNN,"1,211",$567.56,"3,384 mi",3,$0.1677
BUR,YYJ,"1,210",$339.55,"1,000 mi",3,$0.3396
BWI,STN,"1,210",$202.74,"3,753 mi",3,$0.0540
SFO,HRE,"1,210",$895.42,"10,644 mi",3,$0.0841
BWI,SGN,"1,210",$907.18,"8,707 mi",3,$0.1042
JFK,CBR,"1,210","$2,748.95","10,393 mi",3,$0.2645
LAX,CIX,"1,210",$435.27,"3,892 mi",3,$0.1118
SAN,CSG,"1,210",$387.13,"1,813 mi",3,$0.2135
EWR,HSR,"1,209",$492.49,"7,765 mi",3,$0.0634
IAH,PMR,"1,209",$861.31,"7,700 mi",3,$0.1119
IAD,AZO,"1,209",$253.49,495 mi,3,$0.5121
LAS,TSN,"1,209",$441.76,"6,446 mi",3,$0.0685
BOS,EXT,"1,208",$571.94,"3,055 mi",3,$0.1872
EWR,COV,"1,208",$499.59,"5,291 mi",3,$0.0944
HNL,EDI,"1,208",$735.20,"7,100 mi",3,$0.1035
PHX,LMM,"1,208",$97.09,547 mi,3,$0.1775
RDU,MVD,"1,208",$796.62,"5,254 mi",3,$0.1516
SJC,CUU,"1,208",$337.07,"1,066 mi",3,$0.3162
AUS,ZAG,"1,207",$618.42,"5,925 mi",3,$0.1044
MSY,ELH,"1,207",$621.45,913 mi,3,$0.6807
PIT,LAN,"1,207",$248.56,267 mi,3,$0.9309
SDF,GJT,"1,207",$277.74,"1,265 mi",3,$0.2196
LAX,OVD,"1,206","$1,884.56","5,766 mi",3,$0.3268
SAT,STI,"1,206",$205.99,"1,825 mi",3,$0.1129
BNA,MHH,"1,206",$696.18,898 mi,3,$0.7753
BWI,BGO,"1,206",$540.63,"3,546 mi",3,$0.1525
FLL,DHN,"1,206",$325.90,469 mi,3,$0.6949
IAH,YSJ,"1,206",$628.56,"1,969 mi",3,$0.3192
HOU,ABI,"1,205",$244.75,313 mi,3,$0.7819
JAX,COU,"1,205",$323.26,804 mi,3,$0.4021
MCI,OSL,"1,205",$894.16,"4,262 mi",3,$0.2098
MSP,MVD,"1,205",$833.99,"5,801 mi",3,$0.1438
TPA,FOC,"1,205",$718.37,"8,177 mi",3,$0.0879
LAX,EMD,"1,205",$830.28,"7,513 mi",3,$0.1105
STL,YXE,"1,205",$434.37,"1,177 mi",3,$0.3690
DFW,VKO,"1,204","$1,432.42","5,928 mi",3,$0.2416
EWR,ZIH,"1,204",$651.46,"2,206 mi",3,$0.2953
JFK,NSN,"1,204","$1,057.69","9,303 mi",3,$0.1137
LAX,KTW,"1,204",$484.11,"5,872 mi",3,$0.0824
MSP,ADB,"1,204",$455.23,"5,430 mi",3,$0.0838
ORD,ZLO,"1,204",$347.98,"1,911 mi",3,$0.1821
PIT,HAN,"1,204","$1,016.01","8,400 mi",3,$0.1210
BUR,PVR,"1,204",$169.17,"1,193 mi",3,$0.1418
SEA,BIQ,"1,204",$837.46,"5,351 mi",3,$0.1565
DCA,BAH,"1,203",$776.05,"7,015 mi",3,$0.1106
PHX,JER,"1,203","$1,039.52","5,449 mi",3,$0.1908
PHX,SKP,"1,203",$631.61,"6,261 mi",3,$0.1009
JFK,NQY,"1,203",$395.21,"3,372 mi",3,$0.1172
MCI,GND,"1,203","$1,058.72","2,840 mi",3,$0.3728
PHL,TRV,"1,203",$481.15,"8,911 mi",3,$0.0540
ATL,RCH,"1,202",$293.10,"1,641 mi",3,$0.1786
BOS,EAT,"1,202",$406.90,"2,321 mi",3,$0.1753
MEM,LIH,"1,202",$584.48,"4,352 mi",3,$0.1343
PDX,EBB,"1,202",$545.42,"9,204 mi",3,$0.0593
LGA,XWA,"1,201",$350.20,"1,502 mi",3,$0.2332
IAD,SAH,"1,201",$389.70,"6,906 mi",3,$0.0564
EWR,MDZ,"1,200",$732.36,"5,244 mi",3,$0.1397
TPA,TLS,"1,200",$686.42,"4,764 mi",3,$0.1441
ATL,CIU,"1,200",$380.32,898 mi,3,$0.4235
JAX,ITM,"1,200",$895.94,"7,540 mi",3,$0.1188
LAS,GCC,"1,200",$309.80,740 mi,3,$0.4186
LAS,ZCL,"1,200",$165.14,"1,212 mi",3,$0.1363
LAX,LUN,"1,200",$964.02,"10,307 mi",3,$0.0935
MSP,CHC,"1,200","$1,274.65","8,652 mi",3,$0.1473
DAL,LOS,"1,199",$432.18,"6,359 mi",3,$0.0680
IAH,YXU,"1,199",$438.46,"1,158 mi",3,$0.3786
MSP,SVQ,"1,199","$1,140.82","4,478 mi",3,$0.2548
CLT,ACV,"1,198",$428.12,"2,285 mi",3,$0.1874
IAD,FRS,"1,198",$321.42,"1,747 mi",3,$0.1840
IAH,HBE,"1,198",$908.86,"7,101 mi",3,$0.1280
MSP,POS,"1,198",$396.33,"3,121 mi",3,$0.1270
SDF,BGI,"1,198",$392.81,"2,437 mi",3,$0.1612
ATL,YQU,"1,198",$372.32,"2,288 mi",3,$0.1627
SAT,MEI,"1,198",$299.84,589 mi,3,$0.5091
ATL,FLG,"1,197",$306.72,"1,505 mi",3,$0.2038
AUS,BSB,"1,197",$422.68,"4,729 mi",3,$0.0894
BOS,YUM,"1,197",$414.68,"2,527 mi",3,$0.1641
MIA,ABV,"1,197","$1,042.51","5,623 mi",3,$0.1854
PHX,KMJ,"1,197","$1,382.26","6,490 mi",3,$0.2130
BNA,CIU,"1,196",$303.90,730 mi,3,$0.4163
CLT,TXK,"1,196",$258.92,731 mi,3,$0.3542
DEN,CJS,"1,196",$76.55,560 mi,3,$0.1367
PDX,SPU,"1,196",$712.57,"5,956 mi",3,$0.1196
DAL,AVL,"1,196",$339.84,812 mi,3,$0.4185
DEN,DMM,"1,196",$785.42,"7,795 mi",3,$0.1008
JAX,SRQ,"1,196",$509.64,227 mi,3,$2.2451
PIT,LIN,"1,196",$761.95,"4,164 mi",3,$0.1830
TPA,TRV,"1,195",$558.01,"9,281 mi",3,$0.0601
ATL,YMM,"1,195",$426.93,"1,970 mi",3,$0.2167
DEN,RMO,"1,195",$663.49,"5,969 mi",3,$0.1112
IAD,DHN,"1,195",$313.66,672 mi,3,$0.4668
ORD,SBZ,"1,195",$468.76,"5,225 mi",3,$0.0897
SLC,HKT,"1,195",$758.41,"8,804 mi",3,$0.0861
BOS,CFE,"1,194","$1,312.21","3,446 mi",3,$0.3808
BOS,SIT,"1,194",$635.15,"2,836 mi",3,$0.2240
CVG,MDE,"1,194",$378.57,"2,274 mi",3,$0.1665
EWR,BPS,"1,194",$610.83,"4,407 mi",3,$0.1386
MIA,ABY,"1,194",$296.17,448 mi,3,$0.6611
SEA,ESB,"1,193",$751.05,"6,012 mi",3,$0.1249
STL,NUE,"1,193",$630.05,"4,553 mi",3,$0.1384
BUR,JNU,"1,193",$387.28,"1,774 mi",3,$0.2183
IAH,SHE,"1,193",$624.30,"6,696 mi",3,$0.0932
HNL,AMA,"1,192",$485.72,"3,400 mi",3,$0.1429
JFK,RTB,"1,192",$349.62,"1,900 mi",3,$0.1840
MCI,KRK,"1,192",$766.26,"4,943 mi",3,$0.1550
SDF,BER,"1,192",$584.42,"4,671 mi",3,$0.1251
LAX,SUF,"1,192",$618.80,"6,427 mi",3,$0.0963
SEA,SKB,"1,192","$1,280.84","3,814 mi",3,$0.3358
ATL,SAW,"1,191",$839.32,"5,610 mi",3,$0.1496
BOS,VER,"1,191",$327.15,"2,241 mi",3,$0.1460
HNL,DXB,"1,191","$1,555.88","8,263 mi",3,$0.1883
IAH,GRI,"1,191",$337.45,754 mi,3,$0.4475
TPA,SLP,"1,191",$297.28,"1,251 mi",3,$0.2376
BWI,CPT,"1,191","$1,107.13","7,662 mi",3,$0.1445
CLE,RTB,"1,191",$496.58,"1,809 mi",3,$0.2745
MCO,MAH,"1,191",$368.63,"4,913 mi",3,$0.0750
MSP,TRD,"1,191",$268.59,"4,011 mi",3,$0.0670
ONT,CPR,"1,191",$306.47,883 mi,3,$0.3471
SAT,BSL,"1,191",$482.12,"5,249 mi",3,$0.0918
SEA,MRU,"1,191",$804.95,"10,886 mi",3,$0.0739
LAS,DVO,"1,190",$581.58,"7,275 mi",3,$0.0799
PHX,LYH,"1,190",$294.11,"1,914 mi",3,$0.1537
IAD,TAK,"1,190","$1,042.87","7,205 mi",3,$0.1447
MEM,PRG,"1,189",$568.75,"4,816 mi",3,$0.1181
STL,CTG,"1,189",$257.63,"2,095 mi",3,$0.1230
BOS,NAG,"1,189",$454.66,"7,424 mi",3,$0.0612
SLC,ADL,"1,189","$1,810.00","8,414 mi",3,$0.2151
SLC,AGU,"1,188",$371.36,"1,477 mi",3,$0.2514
CLE,VLD,"1,188",$304.85,761 mi,3,$0.4006
CLT,CGK,"1,188","$2,199.94","10,058 mi",3,$0.2187
ONT,BIS,"1,188",$294.80,"1,206 mi",3,$0.2444
PHX,BQK,"1,188",$356.65,"1,730 mi",3,$0.2062
SEA,CJS,"1,188",$191.20,"1,335 mi",3,$0.1432
LAX,XWA,"1,187",$348.77,"1,208 mi",3,$0.2887
RDU,LHE,"1,187",$607.17,"7,242 mi",3,$0.0838
SEA,HGA,"1,187",$526.76,"8,161 mi",3,$0.0645
IAD,CCJ,"1,187",$415.24,"8,833 mi",3,$0.0470
LEX,EUG,"1,187",$450.00,"1,974 mi",3,$0.2280
SAN,POS,"1,187",$435.20,"3,963 mi",3,$0.1098
CLT,DOM,"1,186",$552.86,"1,768 mi",3,$0.3127
IAD,SOU,"1,186",$442.18,"3,751 mi",3,$0.1179
IAH,YKM,"1,186",$375.20,"1,717 mi",3,$0.2185
SAN,YKA,"1,186",$270.22,"1,214 mi",3,$0.2226
BNA,EAT,"1,186",$391.20,"1,933 mi",3,$0.2024
HOU,ROA,"1,186",$295.41,996 mi,3,$0.2966
LAX,YXC,"1,186",$362.83,"1,124 mi",3,$0.3228
SAN,HHH,"1,186",$346.77,"2,179 mi",3,$0.1591
AUS,ABZ,"1,185",$607.04,"4,543 mi",3,$0.1336
LAS,CSG,"1,185",$407.67,"1,787 mi",3,$0.2281
SLC,TYR,"1,185",$311.59,"1,053 mi",3,$0.2959
ATL,ALA,"1,184",$533.97,"6,780 mi",3,$0.0788
DEN,CSG,"1,184",$373.55,"1,172 mi",3,$0.3187
LEX,NRT,"1,184","$1,633.22","6,779 mi",3,$0.2409
PDX,SKG,"1,184",$692.21,"6,302 mi",3,$0.1098
OGG,ATW,"1,184",$495.12,"4,019 mi",3,$0.1232
PDX,FUK,"1,184",$795.78,"5,479 mi",3,$0.1452
DFW,BON,"1,183",$459.68,"2,247 mi",3,$0.2046
SJC,GTF,"1,183",$226.99,855 mi,3,$0.2655
BOS,TKS,"1,183","$1,509.26","7,115 mi",3,$0.2121
CVG,ITH,"1,183",$247.18,506 mi,3,$0.4885
FLL,PLN,"1,183",$423.85,"1,330 mi",3,$0.3187
LAX,OME,"1,183",$510.96,"2,791 mi",3,$0.1831
LGA,PEI,"1,183",$170.45,"2,412 mi",3,$0.0707
AUS,LUX,"1,182",$958.30,"5,379 mi",3,$0.1782
CLT,ACA,"1,182",$302.65,"1,671 mi",3,$0.1811
CLT,BOD,"1,182",$718.85,"4,247 mi",3,$0.1693
MEM,AEX,"1,182",$288.74,288 mi,3,$1.0026
MSP,MHK,"1,182",$254.41,421 mi,3,$0.6043
ATL,ART,"1,182",$242.65,871 mi,3,$0.2786
MCO,POZ,"1,182","$1,054.24","5,156 mi",3,$0.2045
ORD,MDZ,"1,182",$818.23,"5,150 mi",3,$0.1589
STL,BDA,"1,181",$286.30,"1,549 mi",3,$0.1848
LAS,ILO,"1,181",$614.96,"7,259 mi",3,$0.0847
LGA,CAK,"1,180",$253.49,408 mi,3,$0.6213
MCI,BEG,"1,180",$619.18,"5,524 mi",3,$0.1121
PHX,YYF,"1,180",$279.08,"1,209 mi",3,$0.2308
AUS,LSE,"1,180",$274.32,"1,039 mi",3,$0.2640
HNL,TFU,"1,180",$463.16,"6,091 mi",3,$0.0760
LAS,NAN,"1,180",$859.70,"5,930 mi",3,$0.1450
IAD,PBM,"1,180",$680.93,"2,619 mi",3,$0.2600
IAH,YXT,"1,180",$751.49,"2,287 mi",3,$0.3286
LAX,GZP,"1,180",$437.31,"7,012 mi",3,$0.0624
MIA,DAR,"1,180","$1,052.03","8,007 mi",3,$0.1314
MIA,LAP,"1,180",$276.07,"1,941 mi",3,$0.1422
MSP,ALW,"1,180",$295.96,"1,176 mi",3,$0.2517
ORD,LBV,"1,180",$652.97,"6,769 mi",3,$0.0965
SEA,CHQ,"1,180","$1,151.28","6,149 mi",3,$0.1872
SEA,YKF,"1,180",$128.28,"2,087 mi",3,$0.0615
DEN,RZE,"1,179","$3,116.98","5,268 mi",3,$0.5917
IAH,TFS,"1,179","$1,498.54","4,799 mi",3,$0.3123
MCO,GGG,"1,179",$256.67,818 mi,3,$0.3138
ONT,TVC,"1,179",$331.56,"1,792 mi",3,$0.1850
DTW,FOC,"1,179","$1,150.11","7,279 mi",3,$0.1580
SAN,TIA,"1,179",$433.65,"6,826 mi",3,$0.0635
SFO,LHW,"1,179",$609.51,"6,727 mi",3,$0.0906
AUS,CGK,"1,178","$1,749.07","9,838 mi",3,$0.1778
BOS,BGA,"1,178",$314.62,"2,365 mi",3,$0.1330
MSP,GTR,"1,178",$355.05,853 mi,3,$0.4162
SEA,PSA,"1,178",$619.75,"5,678 mi",3,$0.1091
EWR,CTS,"1,178","$1,562.96","6,063 mi",3,$0.2578
OGG,MXP,"1,178","$1,155.70","7,978 mi",3,$0.1449
BOS,MME,"1,177",$730.86,"3,063 mi",3,$0.2386
MSP,AUH,"1,177","$1,242.86","7,454 mi",3,$0.1667
SFO,DLA,"1,177",$532.17,"8,480 mi",3,$0.0628
IAD,STX,"1,177",$566.39,"1,603 mi",3,$0.3533
MCI,CTG,"1,177",$393.46,"2,387 mi",3,$0.1648
PHL,STS,"1,177",$356.81,"2,442 mi",3,$0.1461
MIA,ADL,"1,176","$2,043.82","10,355 mi",3,$0.1974
SEA,TRD,"1,176",$638.02,"4,230 mi",3,$0.1508
MSP,MLA,"1,176",$988.72,"5,422 mi",3,$0.1824
MSY,PUW,"1,176",$422.56,"1,898 mi",3,$0.2226
AUS,SVD,"1,175",$899.76,"2,682 mi",3,$0.3355
BOS,TSN,"1,175",$865.94,"6,579 mi",3,$0.1316
DCA,FDF,"1,175",$436.81,"1,881 mi",3,$0.2322
MCO,BJI,"1,175",$353.86,"1,553 mi",3,$0.2279
CLT,PIH,"1,175",$473.10,"1,820 mi",3,$0.2599
RDU,VNO,"1,175",$677.24,"4,602 mi",3,$0.1472
SJC,HLN,"1,175",$301.87,840 mi,3,$0.3594
LAX,GGT,"1,174",$749.14,"2,574 mi",3,$0.2910
ONT,MDE,"1,174",$383.18,"3,210 mi",3,$0.1194
ORD,OLB,"1,174","$1,023.18","4,596 mi",3,$0.2226
PHL,FSM,"1,174",$405.82,"1,057 mi",3,$0.3839
EWR,GND,"1,174",$316.59,"2,184 mi",3,$0.1450
EWR,YSJ,"1,174",$306.84,542 mi,3,$0.5661
OGG,ALW,"1,174",$327.90,"2,678 mi",3,$0.1224
SAN,ABZ,"1,174",$605.45,"5,323 mi",3,$0.1137
AUS,AEX,"1,173",$304.39,323 mi,3,$0.9424
DFW,CSG,"1,173",$291.05,724 mi,3,$0.4020
MEM,RST,"1,173",$298.43,608 mi,3,$0.4908
MSP,CMB,"1,173",$785.28,"8,550 mi",3,$0.0918
SAN,NGS,"1,173","$1,116.77","5,958 mi",3,$0.1874
SDF,SAP,"1,173",$324.25,"1,528 mi",3,$0.2122
LGA,ZIH,"1,173",$464.32,"2,359 mi",3,$0.1968
MIA,INV,"1,172",$879.21,"4,100 mi",3,$0.2144
PHX,RAK,"1,172",$966.09,"5,580 mi",3,$0.1731
CLT,TRV,"1,172",$578.93,"9,363 mi",3,$0.0618
IAD,ACE,"1,172",$470.28,"3,540 mi",3,$0.1328
IAH,HUX,"1,172",$223.88,"1,012 mi",3,$0.2212
LGA,ACC,"1,172",$503.91,"4,961 mi",3,$0.1016
MCO,KTN,"1,172",$602.28,"2,998 mi",3,$0.2009
AUS,TYR,"1,171",$188.34,194 mi,3,$0.9708
DEN,BPT,"1,171",$262.36,938 mi,3,$0.2797
SAT,LMM,"1,171",$129.94,681 mi,3,$0.1908
PHX,ISB,"1,171",$632.10,"8,032 mi",3,$0.0787
EWR,TRV,"1,170",$535.11,"8,829 mi",3,$0.0606
JFK,AGU,"1,170",$278.56,"2,054 mi",3,$0.1356
ANC,GST,"1,170",$273.13,546 mi,3,$0.5002
IAD,UKB,"1,170","$1,631.39","7,148 mi",3,$0.2282
LAX,TOS,"1,170",$467.90,"5,112 mi",3,$0.0915
STL,XWA,"1,170",$263.22,908 mi,3,$0.2899
LAS,CYS,"1,169",$249.57,639 mi,3,$0.3906
SEA,BAQ,"1,169",$295.88,"3,844 mi",3,$0.0770
SLC,CUC,"1,169",$349.04,"3,417 mi",3,$0.1021
LAX,EAR,"1,169",$285.28,"1,196 mi",3,$0.2385
DEN,ISB,"1,168",$671.96,"7,141 mi",3,$0.0941
FLL,JNU,"1,168",$477.83,"3,529 mi",3,$0.1354
TPA,CSG,"1,168",$253.59,355 mi,3,$0.7143
CLT,ABY,"1,168",$260.52,307 mi,3,$0.8486
DEN,ADB,"1,168",$727.27,"6,423 mi",3,$0.1132
EWR,MJT,"1,167",$648.69,"5,159 mi",3,$0.1257
SFO,ROR,"1,167","$1,535.94","6,810 mi",3,$0.2255
SAN,NUE,"1,167",$796.97,"6,107 mi",3,$0.1305
SEA,CGQ,"1,167",$510.46,"4,742 mi",3,$0.1076
LEX,OGG,"1,166",$714.74,"4,504 mi",3,$0.1587
MIA,XMN,"1,166",$810.79,"9,009 mi",3,$0.0900
ORD,PDL,"1,166",$483.02,"3,142 mi",3,$0.1537
SAT,ABY,"1,166",$313.50,834 mi,3,$0.3759
SDF,LNK,"1,166",$344.73,633 mi,3,$0.5446
SEA,GOX,"1,166",$666.64,"7,719 mi",3,$0.0864
CLE,AGU,"1,166",$349.59,"1,754 mi",3,$0.1993
STL,TWF,"1,166",$466.35,"1,247 mi",3,$0.3740
FLL,PUW,"1,165",$377.70,"2,393 mi",3,$0.1578
IAH,CNS,"1,165","$1,812.35","8,759 mi",3,$0.2069
IAH,HIJ,"1,165","$1,768.98","6,777 mi",3,$0.2610
LAS,JED,"1,165",$500.58,"7,864 mi",3,$0.0637
SJC,MLB,"1,165",$433.31,"2,536 mi",3,$0.1709
SAT,GYE,"1,165",$417.08,"2,436 mi",3,$0.1712
ATL,BRI,"1,164",$769.67,"5,405 mi",3,$0.1424
ATL,TRU,"1,164",$608.20,"2,991 mi",3,$0.2033
CLE,SPU,"1,164",$788.35,"4,821 mi",3,$0.1635
PHL,MQT,"1,164",$350.80,781 mi,3,$0.4492
SEA,POA,"1,164",$782.94,"7,138 mi",3,$0.1097
BNA,BHD,"1,164",$654.79,"3,770 mi",3,$0.1737
IAH,FIH,"1,164",$565.33,"7,383 mi",3,$0.0766
MSP,LHE,"1,164",$742.38,"6,887 mi",3,$0.1078
RDU,CUU,"1,164",$520.73,"1,707 mi",3,$0.3051
SJC,TRI,"1,164",$366.73,"2,103 mi",3,$0.1744
HNL,SAL,"1,163",$527.10,"4,405 mi",3,$0.1197
ORD,LED,"1,163",$627.07,"4,719 mi",3,$0.1329
DTW,ABI,"1,163",$303.46,"1,155 mi",3,$0.2627
MSY,BLI,"1,163",$367.23,"2,196 mi",3,$0.1672
STL,BRO,"1,162",$223.35,"1,006 mi",3,$0.2220
ATL,SZG,"1,162",$800.60,"4,999 mi",3,$0.1602
ORD,HKD,"1,162","$1,197.08","6,079 mi",3,$0.1969
SDF,MOT,"1,162",$238.47,"1,013 mi",3,$0.2354
MEM,GTF,"1,161",$357.32,"1,439 mi",3,$0.2483
ORD,BIQ,"1,161",$748.66,"4,297 mi",3,$0.1742
ORD,SJT,"1,161",$343.68,980 mi,3,$0.3507
IAD,TRD,"1,161",$714.66,"3,921 mi",3,$0.1823
MIA,CRD,"1,161",$574.76,"4,861 mi",3,$0.1182
PIT,GFK,"1,161",$323.06,952 mi,3,$0.3393
RDU,ACT,"1,161",$274.90,"1,065 mi",3,$0.2581
STL,MDE,"1,161",$368.04,"2,364 mi",3,$0.1557
LAX,ZAM,"1,160","$1,613.53","7,358 mi",3,$0.2193
MCO,CNX,"1,160",$845.30,"8,900 mi",3,$0.0950
PHL,HKT,"1,160",$614.98,"8,822 mi",3,$0.0697
TPA,PUW,"1,160",$345.81,"2,339 mi",3,$0.1478
ANC,TCT,"1,160",$124.74,226 mi,3,$0.5519
DEN,ELH,"1,160",$553.51,"1,838 mi",3,$0.3011
BNA,ACY,"1,159",$144.18,720 mi,3,$0.2003
MCI,ACT,"1,159",$219.54,534 mi,3,$0.4111
RDU,VVI,"1,159",$382.66,"3,952 mi",3,$0.0968
ATL,ZLO,"1,159",$251.41,"1,545 mi",3,$0.1627
DEN,BHX,"1,159",$580.90,"4,437 mi",3,$0.1309
DFW,BFF,"1,159",$240.31,695 mi,3,$0.3458
DFW,IMT,"1,159",$415.55,980 mi,3,$0.4240
LAS,TFS,"1,159",$567.05,"5,706 mi",3,$0.0994
MSP,RUN,"1,159",$931.22,"9,706 mi",3,$0.0959
RDU,VLC,"1,159","$1,031.74","4,024 mi",3,$0.2564
ATL,RHI,"1,158",$428.91,897 mi,3,$0.4782
DEN,CNS,"1,158","$1,212.26","8,227 mi",3,$0.1474
ONT,AEX,"1,158",$407.07,"1,509 mi",3,$0.2698
PHX,ABZ,"1,158",$497.77,"4,822 mi",3,$0.1032
SFO,DRW,"1,158","$1,858.91","7,420 mi",3,$0.2505
PIT,KIX,"1,157","$1,512.03","6,993 mi",3,$0.2162
SEA,PEI,"1,157",$457.14,"4,151 mi",3,$0.1101
DEN,GGT,"1,157",$475.64,"2,079 mi",3,$0.2288
SFO,MDZ,"1,157",$960.76,"5,785 mi",3,$0.1661
CVG,COK,"1,156",$484.57,"8,560 mi",3,$0.0566
JFK,BHK,"1,156",$720.02,"6,481 mi",3,$0.1111
BOS,ZNZ,"1,156",$979.00,"7,311 mi",3,$0.1339
FLL,CAI,"1,156",$438.41,"6,281 mi",3,$0.0698
SFO,CUC,"1,156",$349.56,"3,833 mi",3,$0.0912
EWR,YKM,"1,155",$385.04,"2,390 mi",3,$0.1611
IAH,MYJ,"1,155","$1,388.12","6,816 mi",3,$0.2037
LAX,IQQ,"1,155","$1,239.99","4,774 mi",3,$0.2597
PHX,ADQ,"1,155",$584.37,"2,591 mi",3,$0.2255
BUR,CHA,"1,155",$326.40,"1,933 mi",3,$0.1689
MSP,ALG,"1,155",$344.85,"4,912 mi",3,$0.0702
PDX,BRW,"1,155",$474.24,"2,039 mi",3,$0.2326
BOS,TAK,"1,154",$543.06,"6,707 mi",3,$0.0810
JAX,DBV,"1,154",$919.18,"5,126 mi",3,$0.1793
MSP,ESB,"1,154",$516.47,"5,853 mi",3,$0.0882
MSP,TIA,"1,154",$339.19,"5,333 mi",3,$0.0636
STL,POP,"1,154",$415.03,"1,713 mi",3,$0.2423
BOS,DLM,"1,154",$914.69,"4,854 mi",3,$0.1884
MEM,BER,"1,154",$712.41,"4,998 mi",3,$0.1425
ATL,YXS,"1,153",$468.42,"2,392 mi",3,$0.1958
LAX,SUV,"1,153","$1,315.76","5,646 mi",3,$0.2330
ORD,OTH,"1,153",$491.16,"1,888 mi",3,$0.2601
BOS,AGA,"1,153","$1,000.09","3,346 mi",3,$0.2989
EWR,PBC,"1,153",$316.67,"2,001 mi",3,$0.1583
MIA,RBR,"1,153",$473.85,"2,523 mi",3,$0.1878
SEA,ISP,"1,153",$315.75,"2,368 mi",3,$0.1333
TPA,JED,"1,153","$1,151.38","7,032 mi",3,$0.1637
ATL,YXX,"1,152",$353.54,"2,271 mi",3,$0.1557
DTW,MID,"1,152",$390.73,"1,560 mi",3,$0.2505
IAD,NGO,"1,152","$1,801.53","7,094 mi",3,$0.2540
IAH,SKP,"1,152",$733.84,"6,233 mi",3,$0.1177
PHX,GUC,"1,152",$286.86,466 mi,3,$0.6156
SFO,KTW,"1,152",$647.47,"6,092 mi",3,$0.1063
ORD,KRS,"1,152",$514.77,"4,139 mi",3,$0.1244
DFW,WRO,"1,151",$876.48,"5,223 mi",3,$0.1678
MCO,IKA,"1,151",$600.98,"6,836 mi",3,$0.0879
ANC,MOT,"1,151",$607.78,"2,015 mi",3,$0.3016
BOS,GUC,"1,151",$430.93,"1,836 mi",3,$0.2347
SAN,GTR,"1,151",$413.74,"1,701 mi",3,$0.2432
BNA,PBC,"1,150",$409.39,"1,412 mi",3,$0.2899
DAL,AGS,"1,150",$359.40,836 mi,3,$0.4299
IAD,OUD,"1,150",$390.28,"4,184 mi",3,$0.0933
LAS,KWI,"1,150","$1,456.19","8,027 mi",3,$0.1814
DCA,ADL,"1,149","$2,922.17","10,779 mi",3,$0.2711
SLC,RTB,"1,149",$995.51,"2,205 mi",3,$0.4515
DCA,NAN,"1,149","$1,545.45","8,037 mi",3,$0.1923
PHL,PUW,"1,149",$407.67,"2,195 mi",3,$0.1857
BWI,BRO,"1,148",$320.74,"1,466 mi",3,$0.2188
PDX,IKA,"1,148",$436.02,"6,621 mi",3,$0.0659
SAT,BQK,"1,148",$304.04,988 mi,3,$0.3077
AUS,TRV,"1,148",$616.61,"10,032 mi",3,$0.0615
LAX,YYF,"1,148",$165.87,"1,042 mi",3,$0.1592
OGG,YQQ,"1,148",$200.67,"2,711 mi",3,$0.0740
SFO,PPG,"1,148","$1,342.35","4,621 mi",3,$0.2905
ATL,WUH,"1,148",$897.69,"8,057 mi",3,$0.1114
TPA,LYS,"1,148",$745.61,"4,897 mi",3,$0.1523
DTW,YYT,"1,147",$313.13,"1,486 mi",3,$0.2107
EWR,NVT,"1,147",$642.21,"4,799 mi",3,$0.1338
LAS,LCY,"1,147",$918.17,"5,388 mi",3,$0.1704
LAS,XIY,"1,147",$569.04,"7,006 mi",3,$0.0812
ORD,DLC,"1,147",$859.61,"6,742 mi",3,$0.1275
SAN,DAD,"1,147",$664.07,"7,689 mi",3,$0.0864
ATL,ANF,"1,147","$1,122.99","3,928 mi",3,$0.2859
BNA,CLO,"1,147",$345.34,"2,415 mi",3,$0.1430
DEN,AXA,"1,147","$1,125.83","2,976 mi",3,$0.3783
DEN,PIH,"1,147",$283.76,447 mi,3,$0.6348
FLL,RST,"1,147",$306.27,"1,455 mi",3,$0.2105
RDU,XWA,"1,147",$259.44,"1,483 mi",3,$0.1749
ANC,SOF,"1,146",$469.29,"5,408 mi",3,$0.0868
MDW,YYZ,"1,146",$217.86,445 mi,3,$0.4896
TPA,RMO,"1,146",$595.21,"5,906 mi",3,$0.1008
SDF,MGA,"1,146",$346.16,"1,745 mi",3,$0.1984
BNA,OAX,"1,145",$371.37,"1,414 mi",3,$0.2626
PIT,KIN,"1,145",$200.88,"1,619 mi",3,$0.1241
STL,NGO,"1,145","$2,717.96","6,328 mi",3,$0.4295
ANC,YHZ,"1,145",$484.34,"3,577 mi",3,$0.1354
FLL,GCM,"1,145",$146.96,489 mi,3,$0.3005
HNL,TRG,"1,145",$600.83,"4,542 mi",3,$0.1323
LAX,HRG,"1,145",$552.71,"7,603 mi",3,$0.0727
PHL,XMN,"1,145",$595.60,"8,140 mi",3,$0.0732
CVG,SAF,"1,144",$330.45,"1,161 mi",3,$0.2846
JAX,GND,"1,144",$482.61,"1,857 mi",3,$0.2599
RDU,ABV,"1,144",$920.37,"5,804 mi",3,$0.1586
DFW,TFU,"1,143",$951.02,"8,084 mi",3,$0.1176
FLL,RAO,"1,143",$526.44,"4,035 mi",3,$0.1305
PDX,ALW,"1,143",$229.64,216 mi,3,$1.0631
AUS,LCA,"1,143",$739.65,"7,144 mi",3,$0.1035
LAS,SKB,"1,142",$455.47,"3,337 mi",3,$0.1365
MCI,EIS,"1,142",$657.11,"2,237 mi",3,$0.2937
JAX,OSL,"1,141",$779.66,"4,640 mi",3,$0.1680
SFO,PXM,"1,141",$395.29,"2,217 mi",3,$0.1783
ATL,ABR,"1,141",$406.73,"1,136 mi",3,$0.3580
PHL,SLP,"1,141",$435.57,"1,877 mi",3,$0.2321
IAD,MID,"1,140",$402.26,"1,397 mi",3,$0.2879
JAX,ABI,"1,140",$316.27,"1,035 mi",3,$0.3056
ATL,AES,"1,140",$541.48,"4,326 mi",3,$0.1252
CLE,OSL,"1,140",$579.31,"4,007 mi",3,$0.1446
PDX,TIA,"1,140",$563.63,"6,172 mi",3,$0.0913
JAX,PNH,"1,139",$662.09,"9,784 mi",3,$0.0677
LAS,WLG,"1,139","$1,051.51","6,733 mi",3,$0.1562
PHX,TRC,"1,139",$362.68,772 mi,3,$0.4698
SDF,MAA,"1,139",$735.61,"9,049 mi",3,$0.0813
ONT,XPL,"1,139",$345.96,"2,239 mi",3,$0.1545
BNA,CSG,"1,138",$235.59,276 mi,3,$0.8536
MSY,FPO,"1,138",$489.48,720 mi,3,$0.6798
DTW,CWB,"1,138",$988.29,"5,318 mi",3,$0.1858
PIT,STR,"1,138",$831.27,"4,304 mi",3,$0.1931
AUS,GFK,"1,137",$331.69,"1,190 mi",3,$0.2787
IAH,ACK,"1,137",$465.47,"1,563 mi",3,$0.2978
MIA,AAL,"1,137",$274.66,"4,601 mi",3,$0.0597
SAT,STS,"1,137",$256.82,"1,473 mi",3,$0.1744
CLT,CNF,"1,137",$552.13,"4,363 mi",3,$0.1265
LAX,ABR,"1,136",$376.69,"1,281 mi",3,$0.2941
ATL,SIT,"1,136",$574.20,"2,946 mi",3,$0.1949
JAX,ROW,"1,136",$317.04,"1,392 mi",3,$0.2278
JFK,TRG,"1,135","$2,024.27","8,520 mi",3,$0.2376
SAN,TYR,"1,135",$274.66,"1,305 mi",3,$0.2105
TPA,PLN,"1,135",$368.58,"1,185 mi",3,$0.3110
CLT,BHX,"1,135",$658.80,"3,793 mi",3,$0.1737
DTW,CMX,"1,135",$299.25,412 mi,3,$0.7263
LAX,FNA,"1,135",$450.34,"6,942 mi",3,$0.0649
LAX,RZE,"1,135","$1,058.36","6,330 mi",3,$0.1672
ATL,TRC,"1,134",$489.93,"1,228 mi",3,$0.3990
SFO,IVC,"1,134","$1,132.56","6,999 mi",3,$0.1618
SFO,GES,"1,134",$617.65,"6,942 mi",3,$0.0890
AUS,CMB,"1,133",$739.44,"9,554 mi",3,$0.0774
PHX,INL,"1,133",$380.46,"1,462 mi",3,$0.2602
HNL,PMR,"1,133",$508.82,"4,449 mi",3,$0.1144
MCI,BNE,"1,133","$1,176.63","8,782 mi",3,$0.1340
MSP,KHI,"1,133",$839.09,"7,234 mi",3,$0.1160
ONT,OAX,"1,133",$186.25,"1,801 mi",3,$0.1034
TPA,RDD,"1,133",$537.93,"2,334 mi",3,$0.2305
BWI,DEL,"1,132",$993.48,"7,236 mi",3,$0.1373
MIA,LAD,"1,132","$1,942.08","6,500 mi",3,$0.2988
SAN,BFL,"1,132",$270.09,221 mi,3,$1.2221
BOS,OGU,"1,132",$919.09,"5,025 mi",3,$0.1829
MCO,ALW,"1,132",$367.58,"2,411 mi",3,$0.1525
BNA,PER,"1,131","$1,804.79","11,444 mi",3,$0.1577
JFK,CJS,"1,131",$261.39,"1,969 mi",3,$0.1328
CVG,DBV,"1,131",$834.46,"5,171 mi",3,$0.1614
ORD,YSJ,"1,131",$410.99,"1,155 mi",3,$0.3558
PIT,CNF,"1,131",$998.13,"4,906 mi",3,$0.2035
SAN,MVD,"1,131",$830.85,"6,307 mi",3,$0.1317
SDF,LRD,"1,131",$276.21,"1,113 mi",3,$0.2482
SFO,NPL,"1,131",$670.35,"6,450 mi",3,$0.1039
ONT,EYW,"1,130",$351.29,"2,177 mi",3,$0.1614
ANC,FWA,"1,130",$527.00,"2,893 mi",3,$0.1822
ATL,MCT,"1,130","$1,031.01","8,018 mi",3,$0.1286
EWR,ASU,"1,129",$849.22,"4,819 mi",3,$0.1762
JAX,GEO,"1,129",$302.87,"2,316 mi",3,$0.1308
SLC,ITM,"1,129",$923.04,"5,515 mi",3,$0.1674
DFW,RMO,"1,129",$626.13,"6,160 mi",3,$0.1016
MCO,CGN,"1,129",$290.60,"4,797 mi",3,$0.0606
AUS,NAN,"1,128",$926.03,"6,731 mi",3,$0.1376
PHX,YAM,"1,128",$360.13,"1,751 mi",3,$0.2057
DFW,TAO,"1,128",$743.23,"7,297 mi",3,$0.1019
MEM,VLD,"1,128",$278.63,472 mi,3,$0.5903
OGG,SIN,"1,128","$1,642.17","6,598 mi",3,$0.2489
DFW,XRY,"1,127","$1,237.82","4,807 mi",3,$0.2575
MIA,LNK,"1,127",$413.65,"1,446 mi",3,$0.2861
AUS,BGO,"1,127",$835.48,"4,984 mi",3,$0.1676
MIA,CKY,"1,127","$1,469.56","4,350 mi",3,$0.3378
MSP,IWD,"1,127",$104.48,193 mi,3,$0.5413
DFW,PIB,"1,126",$234.24,447 mi,3,$0.5240
SDF,CRW,"1,126",$312.36,218 mi,3,$1.4328
AUS,BQK,"1,126",$299.32,935 mi,3,$0.3201
BOS,MCZ,"1,126",$844.90,"4,345 mi",3,$0.1945
JFK,AUG,"1,126",$221.83,335 mi,3,$0.6622
MCO,BPS,"1,126",$622.34,"4,066 mi",3,$0.1531
RDU,ZAG,"1,126",$598.49,"4,851 mi",3,$0.1234
CVG,CZM,"1,125",$278.94,"1,326 mi",3,$0.2104
MIA,BQN,"1,125",$225.56,952 mi,3,$0.2369
DEN,EVN,"1,125",$629.80,"6,378 mi",3,$0.0987
JFK,CGY,"1,125",$724.19,"8,575 mi",3,$0.0845
MCO,EVN,"1,125",$651.94,"6,753 mi",3,$0.0965
JAX,YWG,"1,124",$410.00,"1,613 mi",3,$0.2542
PIT,HAM,"1,124","$1,067.93","4,169 mi",3,$0.2562
IAH,YXS,"1,124",$369.83,"2,205 mi",3,$0.1677
DFW,YQM,"1,123",$521.66,"1,990 mi",3,$0.2621
LAX,SPN,"1,123","$1,342.07","6,144 mi",3,$0.2184
STL,CLL,"1,123",$237.39,678 mi,3,$0.3501
BOS,OVD,"1,123","$1,073.02","3,103 mi",3,$0.3458
LGA,NCE,"1,123",$961.74,"4,099 mi",3,$0.2346
ONT,JNU,"1,123",$348.52,"1,797 mi",3,$0.1939
BOS,MAH,"1,122",$576.44,"3,672 mi",3,$0.1570
JFK,NDJ,"1,122",$745.51,"5,781 mi",3,$0.1290
JFK,SDR,"1,122",$804.37,"3,591 mi",3,$0.2240
BOS,BES,"1,122",$873.42,"3,059 mi",3,$0.2855
CLT,CPR,"1,122",$441.28,"1,418 mi",3,$0.3112
JFK,ACA,"1,122",$278.87,"2,195 mi",3,$0.1270
MIA,CCS,"1,122",$421.28,"1,322 mi",3,$0.3187
MIA,ROW,"1,122",$315.65,"1,496 mi",3,$0.2110
CLE,CMI,"1,121",$189.90,340 mi,3,$0.5585
MSY,BEY,"1,121",$700.22,"6,986 mi",3,$0.1002
ORD,CEN,"1,121",$187.72,"1,546 mi",3,$0.1214
DAL,CRW,"1,121",$332.13,909 mi,3,$0.3654
DFW,POZ,"1,121","$1,341.94","5,487 mi",3,$0.2446
LAX,YIW,"1,121",$503.08,"6,833 mi",3,$0.0736
SEA,NGS,"1,121",$777.61,"5,471 mi",3,$0.1421
EWR,CSG,"1,120",$259.25,796 mi,3,$0.3257
ORD,VGO,"1,120",$805.57,"4,020 mi",3,$0.2004
PHX,VLC,"1,120",$962.97,"5,593 mi",3,$0.1722
SEA,PIH,"1,120",$306.76,550 mi,3,$0.5577
CLE,AGP,"1,120",$585.93,"3,901 mi",3,$0.1502
RDU,GGT,"1,120",$638.72,894 mi,3,$0.7145
SJC,MUC,"1,120",$722.57,"6,043 mi",3,$0.1196
BNA,MQT,"1,119",$316.31,687 mi,3,$0.4604
BOS,PLQ,"1,119",$500.99,"4,062 mi",3,$0.1233
LGA,TYR,"1,119",$295.98,"1,364 mi",3,$0.2170
SDF,KEF,"1,118",$582.65,"2,993 mi",3,$0.1947
BOS,LAD,"1,118","$1,405.10","6,149 mi",3,$0.2285
DEN,TIJ,"1,118",$235.81,877 mi,3,$0.2689
IAD,REC,"1,118",$984.94,"4,116 mi",3,$0.2393
MSP,ABY,"1,118",$405.94,"1,074 mi",3,$0.3780
MSY,MHH,"1,118",$917.61,811 mi,3,$1.1315
PDX,ITH,"1,118",$325.19,"2,202 mi",3,$0.1477
SEA,HUX,"1,118",$280.66,"2,566 mi",3,$0.1094
PHL,CPR,"1,117",$389.15,"1,671 mi",3,$0.2329
SEA,SKP,"1,117",$609.74,"5,701 mi",3,$0.1070
DAL,SYR,"1,117",$320.32,"1,368 mi",3,$0.2342
LAS,ISB,"1,117",$614.94,"7,826 mi",3,$0.0786
MCO,CTS,"1,117",$953.18,"7,013 mi",3,$0.1359
PIT,RTB,"1,117",$568.33,"1,763 mi",3,$0.3224
LAS,HGH,"1,116",$849.44,"6,409 mi",3,$0.1325
ORD,ZDH,"1,116","$2,401.77","4,522 mi",3,$0.5311
PDX,CMB,"1,116","$1,194.32","8,790 mi",3,$0.1359
DEN,LPA,"1,116",$729.67,"5,125 mi",3,$0.1424
DEN,PDL,"1,116",$565.40,"4,230 mi",3,$0.1337
EWR,BBI,"1,116",$588.31,"7,793 mi",3,$0.0755
JFK,MMB,"1,116",$783.20,"6,322 mi",3,$0.1239
MIA,IQT,"1,116",$485.29,"2,033 mi",3,$0.2387
MIA,MHC,"1,116",$697.07,"4,584 mi",3,$0.1521
ORD,UIN,"1,116",$73.15,215 mi,3,$0.3402
BNA,KGL,"1,115",$862.43,"8,013 mi",3,$0.1076
CLT,TIA,"1,115",$334.36,"4,990 mi",3,$0.0670
ORD,ABR,"1,115",$387.75,594 mi,3,$0.6528
SEA,HRB,"1,115",$575.54,"4,643 mi",3,$0.1240
AUS,BDA,"1,115",$505.06,"1,888 mi",3,$0.2675
DCA,ART,"1,115",$191.76,348 mi,3,$0.5510
EWR,BQK,"1,115",$251.37,745 mi,3,$0.3374
IAD,OIT,"1,115","$1,364.16","7,307 mi",3,$0.1867
LAS,GND,"1,115",$642.44,"3,588 mi",3,$0.1791
LEX,EDI,"1,115",$687.36,"3,893 mi",3,$0.1766
RDU,ADB,"1,115",$448.81,"5,632 mi",3,$0.0797
ANC,JAC,"1,114",$603.25,"1,944 mi",3,$0.3103
MCI,BQK,"1,114",$271.28,901 mi,3,$0.3011
SDF,EGE,"1,114",$474.73,"1,175 mi",3,$0.4040
EWR,EFL,"1,114","$1,068.40","4,930 mi",3,$0.2167
IAD,DUJ,"1,114",$66.06,177 mi,3,$0.3732
LAX,EXT,"1,114",$242.09,"5,218 mi",3,$0.0464
SAT,CRK,"1,114",$612.14,"8,145 mi",3,$0.0752
BNA,HMO,"1,113",$539.30,"1,539 mi",3,$0.3504
BNA,LAW,"1,113",$281.84,690 mi,3,$0.4085
DCA,TXK,"1,113",$254.06,985 mi,3,$0.2579
JFK,VFA,"1,113","$1,311.52","7,293 mi",3,$0.1798
DEN,APN,"1,113",$303.36,"1,165 mi",3,$0.2604
LEX,KTM,"1,113",$621.14,"8,083 mi",3,$0.0768
DCA,ABR,"1,112",$354.33,"1,217 mi",3,$0.2912
MEM,IST,"1,112","$1,242.93","6,066 mi",3,$0.2049
MSP,ITH,"1,112",$337.18,878 mi,3,$0.3840
ORD,PBC,"1,112",$311.78,"1,641 mi",3,$0.1900
BOS,ACY,"1,112",$145.95,266 mi,3,$0.5487
PIT,ZAG,"1,112",$819.07,"4,423 mi",3,$0.1852
EWR,VAR,"1,111",$421.05,"4,733 mi",3,$0.0890
LAS,HHR,"1,111",$104.81,241 mi,3,$0.4349
MIA,LYH,"1,111",$224.18,775 mi,3,$0.2893
BUR,PWM,"1,111",$304.99,"2,546 mi",3,$0.1198
MIA,PSA,"1,111",$577.73,"5,193 mi",3,$0.1113
SJC,SUN,"1,111",$278.51,602 mi,3,$0.4626
SLC,CTS,"1,111",$510.76,"4,912 mi",3,$0.1040
AUS,NLU,"1,110",$108.19,748 mi,3,$0.1446
CLT,VLC,"1,110",$189.85,"4,148 mi",3,$0.0458
LAS,GGG,"1,110",$271.98,"1,157 mi",3,$0.2351
CLE,POS,"1,110",$312.65,"2,541 mi",3,$0.1230
DTW,MVY,"1,110",$274.15,638 mi,3,$0.4297
BNA,DAD,"1,109",$620.78,"8,442 mi",3,$0.0735
LAS,BON,"1,109",$846.19,"3,445 mi",3,$0.2456
LAS,PGA,"1,109",$279.15,220 mi,3,$1.2689
ONT,AUA,"1,109",$646.87,"3,429 mi",3,$0.1886
ONT,FLG,"1,109",$223.53,355 mi,3,$0.6297
SAN,BOD,"1,109","$1,381.12","5,588 mi",3,$0.2472
BWI,VER,"1,109",$334.84,"1,755 mi",3,$0.1908
JFK,CAY,"1,109",$382.09,"2,725 mi",3,$0.1402
HNL,DAB,"1,108",$955.33,"4,608 mi",3,$0.2073
ONT,YYJ,"1,108",$281.80,"1,020 mi",3,$0.2763
AUS,ACV,"1,108",$341.73,"1,703 mi",3,$0.2007
EWR,MRU,"1,108",$616.18,"9,018 mi",3,$0.0683
MCO,YGR,"1,108",$294.71,"1,730 mi",3,$0.1704
PHX,DMM,"1,108","$1,426.39","7,885 mi",3,$0.1809
SAT,ZIH,"1,108",$250.71,821 mi,3,$0.3054
SLC,ITH,"1,108",$365.32,"1,769 mi",3,$0.2065
TPA,CUZ,"1,108",$301.70,"2,865 mi",3,$0.1053
ATL,AXM,"1,107",$230.72,"2,029 mi",3,$0.1137
DTW,ADD,"1,107",$528.63,"7,581 mi",3,$0.0697
LAX,RVN,"1,107",$925.38,"5,083 mi",3,$0.1821
SAN,AMD,"1,107",$658.71,"8,270 mi",3,$0.0797
BOS,PAE,"1,107",$418.95,"2,555 mi",3,$0.1640
BWI,PUW,"1,107",$417.53,"2,149 mi",3,$0.1943
CVG,LRD,"1,107",$352.53,"1,129 mi",3,$0.3122
HNL,YAP,"1,107","$1,467.88","4,184 mi",3,$0.3508
MIA,PNA,"1,107",$531.52,"4,344 mi",3,$0.1224
SAN,CZM,"1,107",$261.80,"1,979 mi",3,$0.1323
AUS,YKM,"1,106",$310.12,"1,716 mi",3,$0.1807
MSY,JNU,"1,106",$504.04,"2,771 mi",3,$0.1819
MSY,LSE,"1,106",$268.51,932 mi,3,$0.2881
SFO,RHI,"1,106",$317.84,"1,721 mi",3,$0.1847
SFO,SJZ,"1,106",$522.81,"5,008 mi",3,$0.1044
SLC,VER,"1,106",$387.30,"1,815 mi",3,$0.2134
TPA,BQN,"1,106",$267.75,"1,140 mi",3,$0.2349
LAS,POZ,"1,106",$766.56,"5,504 mi",3,$0.1393
LAX,VGO,"1,106",$796.75,"5,385 mi",3,$0.1480
MIA,DRS,"1,106",$958.17,"4,866 mi",3,$0.1969
PDX,CUL,"1,106",$192.26,"1,717 mi",3,$0.1120
RDU,RHI,"1,106",$304.42,848 mi,3,$0.3590
EWR,UBN,"1,105",$977.79,"6,523 mi",3,$0.1499
HOU,HND,"1,105",$942.12,"6,885 mi",3,$0.1368
DFW,TFN,"1,105","$1,122.29","4,542 mi",3,$0.2471
IAD,PNQ,"1,105",$954.83,"7,810 mi",3,$0.1223
JAX,ACK,"1,105",$328.15,"1,016 mi",3,$0.3230
JFK,LAN,"1,105",$201.33,559 mi,3,$0.3602
EWR,FUK,"1,104","$1,117.11","7,282 mi",3,$0.1534
JFK,YKA,"1,104",$405.60,"2,384 mi",3,$0.1701
MIA,YYB,"1,104",$251.55,"1,379 mi",3,$0.1824
PHX,SMX,"1,104","$1,376.79",508 mi,3,$2.7102
CLT,HLN,"1,104",$370.74,"1,840 mi",3,$0.2015
BNA,RTB,"1,103",$276.22,"1,410 mi",3,$0.1959
PIT,NUE,"1,103",$582.32,"4,098 mi",3,$0.1421
BNA,GUF,"1,103",$153.53,427 mi,3,$0.3596
BOS,ACT,"1,103",$263.34,"1,667 mi",3,$0.1580
DCA,AQP,"1,103",$326.25,"3,945 mi",3,$0.0827
FLL,AEP,"1,103",$316.02,"4,291 mi",3,$0.0736
IAD,LAN,"1,103",$255.34,443 mi,3,$0.5764
MSY,PGD,"1,103",$156.82,561 mi,3,$0.2795
PDX,CLL,"1,103",$263.58,"1,698 mi",3,$0.1552
PIT,YXE,"1,103",$430.09,"1,531 mi",3,$0.2809
DCA,STS,"1,102",$399.87,"2,515 mi",3,$0.1590
ORD,ASB,"1,102",$799.48,"6,714 mi",3,$0.1191
SLC,BJI,"1,102",$392.57,932 mi,3,$0.4212
IAH,DGO,"1,102",$191.79,674 mi,3,$0.2846
LAS,TLL,"1,102",$652.32,"5,289 mi",3,$0.1233
OGG,MAF,"1,101",$479.58,"3,508 mi",3,$0.1367
TPA,YXU,"1,101",$337.83,"1,012 mi",3,$0.3338
JAX,LNK,"1,101",$318.52,"1,138 mi",3,$0.2799
LAX,TUO,"1,101",$975.34,"6,736 mi",3,$0.1448
PIT,AGP,"1,101",$688.54,"3,850 mi",3,$0.1788
SFO,YQM,"1,101",$307.33,"3,048 mi",3,$0.1008
DFW,VCT,"1,100",$228.97,288 mi,3,$0.7950
ORD,FOR,"1,100","$1,050.29","4,552 mi",3,$0.2307
RDU,MQT,"1,100",$296.98,824 mi,3,$0.3604
ONT,SAF,"1,099",$225.80,682 mi,3,$0.3311
PDX,YKA,"1,099",$331.76,356 mi,3,$0.9319
PHX,SPI,"1,099",$231.02,"1,350 mi",3,$0.1711
PIT,TQO,"1,099",$257.71,"1,515 mi",3,$0.1701
IAD,ROW,"1,099",$343.90,"1,601 mi",3,$0.2148
SEA,NWI,"1,099","$1,383.37","4,908 mi",3,$0.2819
BOS,YFC,"1,098",$313.20,338 mi,3,$0.9266
CVG,HDN,"1,098",$273.14,"1,163 mi",3,$0.2349
LAX,YQT,"1,098",$261.63,"1,849 mi",3,$0.1415
MCO,FBT,"1,098",$396.90,180 mi,3,$2.2050
MCO,XAP,"1,098",$443.64,"4,155 mi",3,$0.1068
MSY,ELM,"1,098",$353.58,"1,155 mi",3,$0.3061
PDX,BLQ,"1,098",$746.96,"5,770 mi",3,$0.1295
SAT,CMI,"1,098",$250.45,899 mi,3,$0.2786
SEA,YXJ,"1,098",$213.20,593 mi,3,$0.3595
IAD,FLO,"1,098",$181.28,363 mi,3,$0.4994
BWI,TFS,"1,097",$824.34,"3,583 mi",3,$0.2301
CLE,SBZ,"1,097",$401.13,"4,738 mi",3,$0.0847
HNL,MDE,"1,097",$392.88,"5,415 mi",3,$0.0726
LAS,AAL,"1,097",$410.21,"5,405 mi",3,$0.0759
TPA,AXA,"1,097",$621.40,"1,449 mi",3,$0.4288
EWR,PEN,"1,097","$2,695.04","9,516 mi",3,$0.2832
IAD,LEJ,"1,096",$777.93,"4,298 mi",3,$0.1810
JAX,ZAG,"1,096",$472.75,"4,932 mi",3,$0.0959
ONT,ALW,"1,096",$252.97,808 mi,3,$0.3131
AUS,BQN,"1,096",$244.23,"2,015 mi",3,$0.1212
DEN,BRE,"1,096","$1,140.25","5,040 mi",3,$0.2262
DTW,HKT,"1,096",$955.02,"8,689 mi",3,$0.1099
EWR,NGO,"1,096","$1,663.92","7,063 mi",3,$0.2356
IAD,CFU,"1,096",$540.07,"5,060 mi",3,$0.1067
SFO,YNT,"1,096",$722.57,"6,030 mi",3,$0.1198
ATL,DOM,"1,095",$521.45,"1,965 mi",3,$0.2654
DTW,PMI,"1,095","$1,314.24","4,167 mi",3,$0.3154
CLT,DRS,"1,095","$1,143.35","4,696 mi",3,$0.2435
CVG,NCL,"1,095","$1,544.02","3,928 mi",3,$0.3931
IAD,DME,"1,095","$1,411.24","4,747 mi",3,$0.2973
IAD,MGQ,"1,095",$640.87,"7,606 mi",3,$0.0843
LAX,GRX,"1,095",$979.34,"5,793 mi",3,$0.1691
MIA,YZF,"1,095",$960.62,"3,066 mi",3,$0.3133
BNA,ERI,"1,094",$176.12,523 mi,3,$0.3367
BNA,YSB,"1,094",$283.40,762 mi,3,$0.3719
CLT,PNH,"1,094",$930.89,"8,908 mi",3,$0.1045
LAX,FPO,"1,094",$296.87,"2,337 mi",3,$0.1270
MSP,PMO,"1,094",$626.98,"5,249 mi",3,$0.1194
OGG,YKM,"1,094",$506.86,"2,760 mi",3,$0.1836
PDX,GRK,"1,094",$264.18,"1,614 mi",3,$0.1637
TPA,DOM,"1,094",$586.26,"1,654 mi",3,$0.3544
CLT,XMN,"1,093",$681.48,"8,367 mi",3,$0.0814
HOU,OAJ,"1,093",$289.76,"1,058 mi",3,$0.2739
MEM,GND,"1,093","$1,057.29","2,305 mi",3,$0.4587
SEA,ZQN,"1,093","$1,055.63","7,860 mi",3,$0.1343
AUS,DRS,"1,093","$1,271.10","5,285 mi",3,$0.2405
BNA,FLO,"1,093",$194.07,427 mi,3,$0.4545
MEM,ACC,"1,093",$728.82,"6,165 mi",3,$0.1182
SLC,YYT,"1,093",$454.31,"2,986 mi",3,$0.1521
JAX,HAM,"1,092",$981.99,"4,754 mi",3,$0.2066
PHX,TSR,"1,092",$455.86,"6,048 mi",3,$0.0754
PIT,COU,"1,092",$290.16,628 mi,3,$0.4620
SFO,LCH,"1,092",$359.02,"1,691 mi",3,$0.2123
TPA,YUM,"1,092",$338.04,"1,875 mi",3,$0.1803
ANC,YLW,"1,092",$462.41,"1,447 mi",3,$0.3196
ATL,CJU,"1,092",$929.18,"7,603 mi",3,$0.1222
DAL,LEX,"1,092",$454.10,753 mi,3,$0.6031
JFK,YQU,"1,092",$306.03,"2,335 mi",3,$0.1311
LAS,PNH,"1,092",$580.68,"8,487 mi",3,$0.0684
PIT,GND,"1,091",$512.71,"2,197 mi",3,$0.2334
DCA,CMN,"1,090",$786.88,"3,687 mi",3,$0.2134
HNL,YXT,"1,090",$388.96,"2,835 mi",3,$0.1372
MCO,PIH,"1,090",$380.11,"1,944 mi",3,$0.1955
SAT,GUC,"1,090",$308.74,764 mi,3,$0.4041
IAD,CSX,"1,090",$889.79,"7,979 mi",3,$0.1115
MCI,DBV,"1,089",$866.31,"5,559 mi",3,$0.1558
MSY,KUL,"1,089","$1,247.19","10,341 mi",3,$0.1206
BOS,LCG,"1,089",$901.82,"3,003 mi",3,$0.3003
MCI,CTA,"1,089",$956.07,"5,677 mi",3,$0.1684
ONT,LAW,"1,089",$338.50,"1,127 mi",3,$0.3004
DTW,SAH,"1,088",$378.22,"7,026 mi",3,$0.0538
MCI,GLA,"1,088","$1,131.89","3,922 mi",3,$0.2886
MEM,LAN,"1,088",$264.24,590 mi,3,$0.4479
PDX,PMI,"1,088",$608.35,"5,821 mi",3,$0.1045
SFO,LAP,"1,088",$288.56,"1,140 mi",3,$0.2531
STL,DOH,"1,088","$1,527.19","7,597 mi",3,$0.2010
ANC,MEL,"1,088","$1,253.10","7,972 mi",3,$0.1572
DEN,JST,"1,088",$297.02,"1,402 mi",3,$0.2119
MDW,AMS,"1,088",$985.02,"3,989 mi",3,$0.2469
MSP,LBA,"1,088","$1,163.59","3,756 mi",3,$0.3098
TPA,TYR,"1,088",$302.15,850 mi,3,$0.3555
ATL,PMC,"1,087",$958.51,"5,394 mi",3,$0.1777
IAD,BGF,"1,087","$2,134.97","6,157 mi",3,$0.3468
ORD,CKG,"1,087",$950.66,"7,175 mi",3,$0.1325
RDU,CGK,"1,087","$1,384.67","10,041 mi",3,$0.1379
IAD,SSA,"1,086","$1,289.10","4,512 mi",3,$0.2857
LAX,AAR,"1,086",$287.53,"5,689 mi",3,$0.0505
SEA,CKY,"1,086",$657.88,"6,777 mi",3,$0.0971
DTW,SZG,"1,086",$509.78,"4,271 mi",3,$0.1194
MSY,SVQ,"1,086",$783.76,"4,853 mi",3,$0.1615
LAX,ZAD,"1,085",$867.01,"6,121 mi",3,$0.1416
DFW,DVO,"1,085",$740.92,"8,755 mi",3,$0.0846
DTW,KGL,"1,085","$1,487.12","7,725 mi",3,$0.1925
IAD,HSG,"1,085","$1,539.01","7,361 mi",3,$0.2091
JFK,QKL,"1,085",$948.66,"3,869 mi",3,$0.2452
SAN,BGO,"1,085",$796.90,"5,076 mi",3,$0.1570
SFO,RSU,"1,085",$520.31,"5,545 mi",3,$0.0938
MSY,VPS,"1,084",$277.46,233 mi,3,$1.1908
EWR,CAN,"1,084","$1,184.05","7,744 mi",3,$0.1529
EWR,UDI,"1,084",$596.64,"4,307 mi",3,$0.1385
HNL,NOU,"1,084",$811.17,"3,963 mi",3,$0.2047
IAD,YGJ,"1,083","$1,043.19","6,725 mi",3,$0.1551
LGA,GVA,"1,083",$448.00,"3,736 mi",3,$0.1199
MSP,CLO,"1,083",$566.69,"2,942 mi",3,$0.1926
SFO,STX,"1,083",$366.06,"3,832 mi",3,$0.0955
AUS,IBZ,"1,083","$1,887.24","5,542 mi",3,$0.3405
DEN,CLJ,"1,083","$1,121.42","5,828 mi",3,$0.1924
PDX,BJI,"1,083",$368.48,"1,353 mi",3,$0.2723
PDX,CUZ,"1,083",$666.64,"5,315 mi",3,$0.1254
JFK,MZT,"1,083",$259.71,"2,303 mi",3,$0.1128
LAX,CFE,"1,083","$1,290.64","6,007 mi",3,$0.2149
LGA,PVD,"1,083",$385.83,147 mi,3,$2.6247
PHX,DRS,"1,083","$1,166.64","5,903 mi",3,$0.1976
SEA,KRS,"1,083",$420.83,"4,472 mi",3,$0.0941
ORD,MGQ,"1,082",$518.78,"7,976 mi",3,$0.0650
RDU,MLA,"1,082","$1,066.17","5,137 mi",3,$0.2075
CVG,BQK,"1,082",$297.48,551 mi,3,$0.5399
LAX,ZOS,"1,082",$610.56,"6,081 mi",3,$0.1004
DEN,SVD,"1,081",$684.47,"3,117 mi",3,$0.2196
MSP,FNC,"1,080",$300.88,"3,928 mi",3,$0.0766
BUR,FAR,"1,080",$349.02,"1,381 mi",3,$0.2527
MEM,JED,"1,080",$574.36,"7,073 mi",3,$0.0812
ORD,TXK,"1,080",$268.52,696 mi,3,$0.3858
SDF,ERI,"1,080",$171.36,411 mi,3,$0.4169
SDF,NUE,"1,080",$859.15,"4,684 mi",3,$0.1834
BOS,BTV,"1,079",$313.86,176 mi,3,$1.7833
HNL,DLC,"1,079",$518.91,"4,956 mi",3,$0.1047
JFK,BOO,"1,079",$842.93,"3,511 mi",3,$0.2401
PHL,BEG,"1,079",$913.03,"4,454 mi",3,$0.2050
PIT,ART,"1,079",$144.70,314 mi,3,$0.4608
PIT,OKA,"1,079",$987.05,"7,268 mi",3,$0.1358
SAT,CEN,"1,079",$120.25,685 mi,3,$0.1755
SAT,COK,"1,079",$656.78,"9,383 mi",3,$0.0700
JFK,PTP,"1,078",$318.45,"1,892 mi",3,$0.1683
LAS,CBR,"1,078","$1,375.21","8,106 mi",3,$0.1697
SFO,VLD,"1,078",$398.73,"2,200 mi",3,$0.1812
BWI,DXB,"1,078",$850.31,"7,225 mi",3,$0.1177
PHL,LAW,"1,078",$284.31,"1,282 mi",3,$0.2218
AUS,EAT,"1,077",$389.96,"1,738 mi",3,$0.2244
CLE,BNE,"1,077","$1,815.44","8,938 mi",3,$0.2031
AUS,KWI,"1,077","$1,029.62","7,517 mi",3,$0.1370
DEN,PBC,"1,077",$279.52,"1,523 mi",3,$0.1835
DTW,CLO,"1,077",$341.48,"2,787 mi",3,$0.1225
FLL,BGM,"1,077",$209.98,"1,174 mi",3,$0.1789
OGG,BNE,"1,076",$709.68,"4,885 mi",3,$0.1453
SLC,CWB,"1,076",$863.59,"5,913 mi",3,$0.1460
PIT,ABI,"1,076",$321.55,"1,249 mi",3,$0.2574
BOS,KTN,"1,075",$610.32,"2,717 mi",3,$0.2246
CLT,PEI,"1,075",$284.47,"2,063 mi",3,$0.1379
SEA,NNG,"1,075",$547.15,"6,871 mi",3,$0.0796
JFK,ZDH,"1,075","$1,455.51","3,993 mi",3,$0.3645
LAX,AKJ,"1,075","$1,511.82","5,205 mi",3,$0.2905
SAN,DHN,"1,075",$399.00,"1,911 mi",3,$0.2088
MIA,TYR,"1,074",$255.57,"1,048 mi",3,$0.2439
CLE,EBB,"1,074","$1,744.31","7,682 mi",3,$0.2271
DTW,FUK,"1,073","$1,078.31","6,981 mi",3,$0.1545
EWR,MLE,"1,073","$1,469.48","8,462 mi",3,$0.1737
PIT,MVY,"1,073",$257.32,491 mi,3,$0.5241
BNA,PNH,"1,073",$664.93,"9,330 mi",3,$0.0713
DTW,BIQ,"1,073","$1,301.67","3,847 mi",3,$0.3384
MIA,STM,"1,073",$347.42,"2,512 mi",3,$0.1383
BOS,SAW,"1,072",$378.59,"4,695 mi",3,$0.0806
LAS,GRZ,"1,072","$2,061.58","5,755 mi",3,$0.3582
PDX,GOT,"1,072",$926.99,"4,702 mi",3,$0.1971
PHL,CEB,"1,072",$823.94,"9,020 mi",3,$0.0913
SLC,ROW,"1,072",$240.47,680 mi,3,$0.3536
EWR,MZT,"1,071",$259.24,"2,286 mi",3,$0.1134
SDF,BFL,"1,071",$399.49,"1,898 mi",3,$0.2105
FLL,GTR,"1,071",$324.87,689 mi,3,$0.4715
LAX,ADZ,"1,071",$466.51,"2,652 mi",3,$0.1759
TPA,PHF,"1,070",$252.07,745 mi,3,$0.3383
LAX,AJA,"1,070",$601.83,"6,406 mi",3,$0.0939
SAT,TGZ,"1,070",$192.98,989 mi,3,$0.1951
SJC,PUW,"1,070",$287.06,672 mi,3,$0.4272
CLT,BKW,"1,069",$61.15,173 mi,3,$0.3535
LGA,FNT,"1,069",$235.88,546 mi,3,$0.4320
HOU,FAY,"1,069",$290.91,"1,055 mi",3,$0.2757
IAD,ASP,"1,069","$4,539.76","10,017 mi",3,$0.4532
SLC,FNT,"1,069",$339.08,"1,409 mi",3,$0.2407
ATL,SDU,"1,068","$1,097.00","4,614 mi",3,$0.2378
DCA,PER,"1,068","$2,868.89","11,910 mi",3,$0.2409
MIA,EUN,"1,068",$252.10,"4,219 mi",3,$0.0598
SLC,SVG,"1,068",$946.25,"4,543 mi",3,$0.2083
STL,LWS,"1,068",$410.73,"1,403 mi",3,$0.2928
MCO,SJP,"1,067",$409.89,"4,133 mi",3,$0.0992
SAT,NUE,"1,067",$705.46,"5,314 mi",3,$0.1328
SDF,DXB,"1,067","$1,002.01","7,160 mi",3,$0.1399
CLT,MQT,"1,066",$298.96,815 mi,3,$0.3668
LAX,WYS,"1,066",$258.92,813 mi,3,$0.3185
TPA,HAJ,"1,066",$597.18,"4,942 mi",3,$0.1208
PHX,RKS,"1,066",$253.73,604 mi,3,$0.4201
CLE,MID,"1,065",$380.10,"1,441 mi",3,$0.2638
JFK,AAR,"1,065",$410.99,"3,867 mi",3,$0.1063
MCO,CSG,"1,065",$267.34,344 mi,3,$0.7772
MSY,CMI,"1,065",$272.63,682 mi,3,$0.3998
SEA,COU,"1,065",$331.52,"1,569 mi",3,$0.2113
STL,GND,"1,065","$1,210.20","2,471 mi",3,$0.4898
DCA,SPS,"1,065",$314.51,"1,273 mi",3,$0.2471
LAX,TYR,"1,065",$258.59,"1,293 mi",3,$0.2000
OGG,DAY,"1,065",$530.18,"4,511 mi",3,$0.1175
ATL,BGM,"1,064",$350.90,727 mi,3,$0.4827
IAH,DUR,"1,064",$740.13,"8,979 mi",3,$0.0824
JAX,CMN,"1,064",$453.48,"4,381 mi",3,$0.1035
JFK,FLG,"1,064",$378.48,"2,147 mi",3,$0.1763
LAS,GUP,"1,064",$146.16,348 mi,3,$0.4200
ONT,PXM,"1,064",$154.14,"1,735 mi",3,$0.0888
SFO,SCQ,"1,064","$1,076.15","5,338 mi",3,$0.2016
TPA,SUN,"1,064",$649.91,"1,999 mi",3,$0.3251
DTW,CPR,"1,064",$359.29,"1,208 mi",3,$0.2974
BWI,BON,"1,063",$604.37,"1,996 mi",3,$0.3028
DEN,SWO,"1,063",$173.35,471 mi,3,$0.3680
HNL,KEF,"1,063",$774.21,"5,892 mi",3,$0.1314
LAS,BJI,"1,063",$455.93,"1,339 mi",3,$0.3405
PHX,PEI,"1,063",$369.47,"2,963 mi",3,$0.1247
PIT,SAP,"1,063",$270.59,"1,737 mi",3,$0.1558
LEX,FCA,"1,062",$493.88,"1,591 mi",3,$0.3104
ONT,VER,"1,062",$175.99,"1,620 mi",3,$0.1086
SEA,BQK,"1,062",$450.07,"2,343 mi",3,$0.1921
HNL,STI,"1,062",$628.14,"5,741 mi",3,$0.1094
MSY,SNN,"1,062",$652.67,"4,123 mi",3,$0.1583
OGG,PVG,"1,062","$1,810.79","5,166 mi",3,$0.3505
PHL,RTB,"1,062",$619.91,"1,816 mi",3,$0.3414
SEA,ROW,"1,062",$268.10,"1,307 mi",3,$0.2051
JAX,GLA,"1,061",$830.81,"4,143 mi",3,$0.2005
LGA,LIH,"1,061",$723.89,"4,862 mi",3,$0.1489
PDX,AKN,"1,061",$586.19,"1,727 mi",3,$0.3394
PHL,XWA,"1,061",$404.38,"1,472 mi",3,$0.2747
HNL,ABI,"1,061",$564.77,"3,518 mi",3,$0.1605
SAN,IBZ,"1,061","$1,010.85","6,297 mi",3,$0.1605
SDF,MLU,"1,061",$283.82,512 mi,3,$0.5543
SFO,COO,"1,061","$2,244.92","8,000 mi",3,$0.2806
ONT,BRO,"1,060",$293.09,"1,369 mi",3,$0.2141
SFO,CWL,"1,060",$722.26,"5,113 mi",3,$0.1413
JAX,HLN,"1,060",$377.83,"2,019 mi",3,$0.1871
MCO,SLN,"1,060",$282.45,"1,214 mi",3,$0.2327
SFO,OUL,"1,060","$1,275.27","5,294 mi",3,$0.2409
LAS,WUH,"1,059",$456.20,"6,612 mi",3,$0.0690
OGG,EAT,"1,059",$447.63,"2,804 mi",3,$0.1596
PHX,YKF,"1,059",$272.92,"1,778 mi",3,$0.1535
ANC,MAD,"1,059","$1,094.14","5,008 mi",3,$0.2185
DEN,BGM,"1,059",$228.51,"1,542 mi",3,$0.1482
MSP,ASM,"1,059",$673.94,"7,091 mi",3,$0.0950
BWI,STR,"1,058",$503.54,"3,971 mi",3,$0.1268
PHX,WRO,"1,058",$728.72,"5,998 mi",3,$0.1215
IAD,MUX,"1,058",$402.13,"7,474 mi",3,$0.0538
IAH,PUF,"1,058","$1,830.28","5,209 mi",3,$0.3514
PHL,ACY,"1,058",$470.11,44 mi,3,$10.6843
MCI,GIG,"1,057",$782.08,"5,263 mi",3,$0.1486
SEA,YXU,"1,057",$291.76,"2,061 mi",3,$0.1416
ANC,SUN,"1,057",$541.38,"1,842 mi",3,$0.2939
BOS,SUB,"1,057","$1,747.22","10,308 mi",3,$0.1695
JFK,IOS,"1,057",$723.01,"4,564 mi",3,$0.1584
JFK,THE,"1,057",$767.94,"3,827 mi",3,$0.2007
BOS,HUY,"1,056","$1,073.52","3,314 mi",3,$0.3239
DAL,BZE,"1,056",$285.04,"1,148 mi",3,$0.2483
DAL,OAJ,"1,056",$251.81,"1,078 mi",3,$0.2336
JFK,PNA,"1,056",$780.81,"3,713 mi",3,$0.2103
LAX,HET,"1,056",$511.67,"6,170 mi",3,$0.0829
SFO,MMB,"1,056",$820.24,"4,498 mi",3,$0.1824
BOS,CJU,"1,056","$1,159.18","7,290 mi",3,$0.1590
SEA,CWB,"1,056",$852.23,"6,573 mi",3,$0.1297
SFO,YFC,"1,056",$506.72,"2,961 mi",3,$0.1711
STL,HAJ,"1,056","$1,213.98","4,667 mi",3,$0.2601
ATL,LDB,"1,055","$1,023.96","4,369 mi",3,$0.2344
DTW,TRV,"1,055",$501.46,"8,980 mi",3,$0.0558
HNL,YKA,"1,055",$325.92,"2,777 mi",3,$0.1174
ANC,BTR,"1,054",$573.12,"3,466 mi",3,$0.1654
FLL,VER,"1,054",$383.92,"1,094 mi",3,$0.3509
PHX,LCA,"1,054",$635.92,"7,002 mi",3,$0.0908
LAX,BIA,"1,054",$669.13,"6,395 mi",3,$0.1046
MDW,MLU,"1,054",$292.98,703 mi,3,$0.4168
TPA,ELH,"1,054",$171.79,388 mi,3,$0.4428
BOS,KTW,"1,053",$645.35,"3,936 mi",3,$0.1640
DTW,ABJ,"1,053",$482.56,"5,270 mi",3,$0.0916
FLL,KIX,"1,053","$1,452.60","7,887 mi",3,$0.1842
SEA,XWA,"1,053",$330.94,886 mi,3,$0.3735
EWR,MPL,"1,053",$837.59,"3,737 mi",3,$0.2241
MDW,BIS,"1,053",$258.67,750 mi,3,$0.3449
MDW,SYR,"1,053",$269.88,582 mi,3,$0.4637
MIA,TLC,"1,053",$45.09,"1,345 mi",3,$0.0335
SEA,LUN,"1,053","$1,337.94","9,369 mi",3,$0.1428
JFK,AZO,"1,052",$226.07,600 mi,3,$0.3768
SEA,CJB,"1,052","$1,617.26","7,977 mi",3,$0.2027
ORD,GCK,"1,052",$273.16,755 mi,3,$0.3618
SAN,VRN,"1,052",$791.20,"5,952 mi",3,$0.1329
SDF,SGU,"1,052",$380.17,"1,474 mi",3,$0.2579
ATL,SWO,"1,051",$253.19,716 mi,3,$0.3536
AUS,VVI,"1,051",$323.84,"4,146 mi",3,$0.0781
DFW,FPO,"1,051",$875.78,"1,147 mi",3,$0.7635
LAS,FLG,"1,051",$226.82,200 mi,3,$1.1341
DEN,CLD,"1,051",$177.70,814 mi,3,$0.2183
EWR,PHC,"1,051",$676.18,"5,361 mi",3,$0.1261
IAD,CAY,"1,051",$388.67,"2,748 mi",3,$0.1414
IAH,TAK,"1,051","$1,833.92","7,166 mi",3,$0.2559
AUS,CAN,"1,051",$768.35,"7,956 mi",3,$0.0966
BNA,YQQ,"1,051",$275.50,"2,183 mi",3,$0.1262
ORD,RKS,"1,051",$280.29,"1,055 mi",3,$0.2657
JFK,YCD,"1,050",$375.21,"2,548 mi",3,$0.1473
OGG,YXS,"1,050",$222.66,"2,798 mi",3,$0.0796
AUS,HAJ,"1,050","$1,082.45","5,094 mi",3,$0.2125
DEN,ESC,"1,050",$363.70,947 mi,3,$0.3841
EWR,GRK,"1,050",$283.52,"1,520 mi",3,$0.1865
MSY,MHK,"1,050",$222.29,707 mi,3,$0.3144
LAX,TIV,"1,049",$981.17,"6,310 mi",3,$0.1555
RDU,MYR,"1,049",$210.97,147 mi,3,$1.4352
BNA,MRS,"1,049",$904.35,"4,790 mi",3,$0.1888
DAL,CHO,"1,049",$279.19,"1,062 mi",3,$0.2629
DTW,SZX,"1,049","$2,058.70","8,058 mi",3,$0.2555
IAH,BQN,"1,049",$234.83,"1,997 mi",3,$0.1176
SFO,ACT,"1,049",$303.99,"1,440 mi",3,$0.2111
LAX,TMW,"1,048",$729.29,"7,636 mi",3,$0.0955
LGA,MNL,"1,048",$665.73,"8,754 mi",3,$0.0760
FLL,XWA,"1,048",$353.09,"2,053 mi",3,$0.1720
IAH,CKG,"1,048",$839.66,"8,307 mi",3,$0.1011
MCO,TRD,"1,048",$667.57,"4,679 mi",3,$0.1427
ONT,KEF,"1,048",$656.76,"4,402 mi",3,$0.1492
PDX,TLS,"1,048",$783.60,"5,542 mi",3,$0.1414
ANC,MXP,"1,047",$517.00,"4,813 mi",3,$0.1074
BNA,BGO,"1,047",$577.03,"4,026 mi",3,$0.1433
DAL,FAY,"1,047",$289.45,"1,070 mi",3,$0.2705
SLC,SJT,"1,047",$349.59,886 mi,3,$0.3946
ATL,BJI,"1,046",$422.76,"1,136 mi",3,$0.3721
CLT,MVD,"1,046",$953.94,"5,253 mi",3,$0.1816
LAX,NTG,"1,046",$328.48,"6,268 mi",3,$0.0524
SDF,NCE,"1,046",$841.76,"4,462 mi",3,$0.1887
SEA,BJI,"1,046",$412.51,"1,234 mi",3,$0.3343
IAH,LUN,"1,046","$1,226.91","8,487 mi",3,$0.1446
SAT,BLI,"1,046",$348.77,"1,892 mi",3,$0.1843
CLT,JRO,"1,045","$1,520.27","8,161 mi",3,$0.1863
DEN,GEO,"1,045",$543.03,"3,789 mi",3,$0.1433
MSP,RIX,"1,045",$532.76,"4,390 mi",3,$0.1214
RDU,HLN,"1,045",$381.82,"1,916 mi",3,$0.1993
SEA,LSE,"1,045",$308.38,"1,554 mi",3,$0.1984
LAX,BTM,"1,045",$277.11,859 mi,3,$0.3226
LGA,FOR,"1,045",$695.32,"3,687 mi",3,$0.1886
SAT,NBO,"1,045",$714.28,"9,187 mi",3,$0.0777
EWR,COR,"1,044",$647.54,"4,865 mi",3,$0.1331
IAH,RIW,"1,044",$349.84,"1,123 mi",3,$0.3115
ATL,JUL,"1,044",$319.15,"3,626 mi",3,$0.0880
BNA,BEY,"1,044",$897.64,"6,523 mi",3,$0.1376
CLE,PSE,"1,044",$232.49,"1,796 mi",3,$0.1294
EWR,CRK,"1,044",$484.90,"8,716 mi",3,$0.0556
IAH,GOA,"1,044",$958.96,"5,265 mi",3,$0.1821
PHL,BRI,"1,044",$655.42,"4,720 mi",3,$0.1389
CLE,CWB,"1,043",$694.74,"4,924 mi",3,$0.1411
IAH,OKJ,"1,043","$1,700.31","6,727 mi",3,$0.2528
MCO,ALO,"1,043",$189.77,"1,121 mi",3,$0.1693
ORD,HSG,"1,043","$1,231.41","6,507 mi",3,$0.1892
HNL,BET,"1,043",$549.49,"2,650 mi",3,$0.2074
HNL,EVV,"1,043",$656.10,"4,408 mi",3,$0.1488
LAS,CUZ,"1,043",$523.10,"4,304 mi",3,$0.1215
IAH,BJI,"1,042",$400.94,"1,247 mi",3,$0.3215
IAH,OIT,"1,042","$1,216.87","7,293 mi",3,$0.1669
SDF,MBS,"1,042",$259.09,369 mi,3,$0.7021
JFK,AEX,"1,042",$327.22,"1,190 mi",3,$0.2750
BOS,IGU,"1,041","$1,011.59","4,668 mi",3,$0.2167
DEN,TRV,"1,041",$631.98,"9,368 mi",3,$0.0675
LAX,QKL,"1,041","$1,419.05","5,527 mi",3,$0.2567
MIA,TCQ,"1,041",$365.03,"3,010 mi",3,$0.1213
MSY,SUB,"1,041","$1,561.29","10,583 mi",3,$0.1475
MSY,AXA,"1,040","$1,496.98","1,949 mi",3,$0.7681
TPA,ABZ,"1,040",$421.26,"4,132 mi",3,$0.1020
CVG,KRK,"1,040",$784.41,"4,909 mi",3,$0.1598
EWR,VXE,"1,040",$454.32,"3,244 mi",3,$0.1400
FLL,MGF,"1,040",$526.19,"3,789 mi",3,$0.1389
IAD,SSG,"1,040","$1,541.88","5,674 mi",3,$0.2717
JFK,LEB,"1,040",$222.58,227 mi,3,$0.9805
PIT,LHE,"1,040",$499.25,"6,987 mi",3,$0.0715
DCA,BHB,"1,039",$297.02,573 mi,3,$0.5184
MSP,YKM,"1,039",$334.81,"1,355 mi",3,$0.2471
ATL,TAP,"1,039",$439.56,"1,351 mi",3,$0.3254
IAD,AGU,"1,039",$364.72,"1,948 mi",3,$0.1872
LAX,PIH,"1,039",$290.26,673 mi,3,$0.4313
PHL,JTR,"1,039",$648.24,"5,309 mi",3,$0.1221
PIT,CTG,"1,039",$320.69,"2,033 mi",3,$0.1577
RDU,SPU,"1,039",$857.67,"4,940 mi",3,$0.1736
DFW,ITO,"1,038",$518.04,"3,771 mi",3,$0.1374
DFW,PEN,"1,038","$1,306.26","9,850 mi",3,$0.1326
LGA,CPR,"1,038",$451.43,"1,623 mi",3,$0.2781
ORD,GRX,"1,038",$772.54,"4,433 mi",3,$0.1743
FLL,IOS,"1,038",$627.82,"3,833 mi",3,$0.1638
IAD,DRS,"1,038","$1,178.71","4,368 mi",3,$0.2699
RDU,GUM,"1,038","$2,026.51","8,236 mi",3,$0.2461
SEA,CGN,"1,038","$1,084.36","5,161 mi",3,$0.2101
SEA,MGQ,"1,038",$469.88,"8,670 mi",3,$0.0542
BWI,BSB,"1,037",$534.25,"4,359 mi",3,$0.1226
CLT,RZE,"1,037","$1,282.96","5,055 mi",3,$0.2538
EWR,EVE,"1,037",$375.87,"3,768 mi",3,$0.0998
EWR,TIJ,"1,037",$329.64,"2,486 mi",3,$0.1326
LEX,FAR,"1,037",$320.97,898 mi,3,$0.3574
PIT,GRK,"1,037",$304.81,"1,213 mi",3,$0.2513
RDU,BOD,"1,037","$1,012.48","4,118 mi",3,$0.2459
CVG,LSE,"1,037",$280.74,463 mi,3,$0.6063
MEM,DSS,"1,037",$444.66,"4,543 mi",3,$0.0979
MSY,CLL,"1,037",$280.80,378 mi,3,$0.7429
ONT,EAT,"1,037",$309.32,904 mi,3,$0.3422
PHX,PIR,"1,037",$278.86,954 mi,3,$0.2923
SDF,BSL,"1,037",$580.65,"4,609 mi",3,$0.1260
SLC,ISB,"1,037",$652.89,"7,510 mi",3,$0.0869
DFW,KTI,"1,036",$605.69,"8,781 mi",3,$0.0690
JFK,CRW,"1,036",$267.54,458 mi,3,$0.5841
LAX,YQL,"1,036",$207.62,"1,087 mi",3,$0.1910
PDX,RUH,"1,036","$1,511.84","7,291 mi",3,$0.2074
AUS,TAM,"1,035",$140.13,562 mi,3,$0.2493
MSP,CWL,"1,035",$593.30,"3,784 mi",3,$0.1568
PHL,KHI,"1,035",$567.05,"7,568 mi",3,$0.0749
AUS,NCL,"1,035",$903.74,"4,901 mi",3,$0.1844
DFW,SSA,"1,035",$869.68,"5,146 mi",3,$0.1690
SFO,ZNZ,"1,035","$1,062.67","9,680 mi",3,$0.1098
ATL,CRK,"1,034",$620.22,"8,423 mi",3,$0.0736
BUR,DRO,"1,034",$330.44,610 mi,3,$0.5417
HNL,KSA,"1,034","$1,378.17","2,925 mi",3,$0.4712
IAD,YAM,"1,034",$267.68,651 mi,3,$0.4112
JFK,FPO,"1,034",$263.54,"1,043 mi",3,$0.2527
JFK,PPG,"1,034","$1,273.36","7,001 mi",3,$0.1819
PHL,ACE,"1,034",$284.89,"3,630 mi",3,$0.0785
PHX,BLL,"1,034",$890.44,"5,210 mi",3,$0.1709
PIT,CLL,"1,034",$313.53,"1,167 mi",3,$0.2687
ATL,MRU,"1,033",$876.93,"9,651 mi",3,$0.0909
DAL,BJC,"1,033",$410.68,650 mi,3,$0.6318
DFW,CTS,"1,033","$1,920.20","5,843 mi",3,$0.3286
HOU,CHO,"1,033",$287.40,"1,161 mi",3,$0.2475
SEA,FRU,"1,033",$439.10,"6,282 mi",3,$0.0699
BOS,PHC,"1,032",$613.74,"5,209 mi",3,$0.1178
OGG,YCD,"1,032",$253.80,"2,721 mi",3,$0.0933
SLC,TRN,"1,032","$1,193.97","5,585 mi",3,$0.2138
DCA,YQR,"1,032",$298.75,"1,515 mi",3,$0.1972
PHX,MEI,"1,032",$258.47,"1,309 mi",3,$0.1975
SAT,CPT,"1,031","$1,425.41","8,520 mi",3,$0.1673
DFW,CKG,"1,031",$813.61,"8,076 mi",3,$0.1007
JFK,IOM,"1,031",$458.13,"3,323 mi",3,$0.1379
LAX,ZHT,"1,031","$1,736.98","6,089 mi",3,$0.2853
BWI,ITM,"1,030",$687.41,"6,722 mi",3,$0.1023
DEN,FNC,"1,030","$1,025.17","4,860 mi",3,$0.2109
PDX,CLO,"1,030",$312.24,"4,140 mi",3,$0.0754
JFK,TNA,"1,030","$1,091.98","7,248 mi",3,$0.1507
SLC,ABY,"1,030",$456.11,"1,617 mi",3,$0.2821
IAD,SSH,"1,029",$973.27,"5,881 mi",3,$0.1655
IAD,TRS,"1,029",$711.73,"4,538 mi",3,$0.1568
MCI,TYR,"1,029",$221.21,467 mi,3,$0.4737
CLE,SKG,"1,028",$618.29,"4,926 mi",3,$0.1255
CVG,FLG,"1,028",$329.13,"1,552 mi",3,$0.2121
LAX,EWN,"1,028",$368.07,"2,409 mi",3,$0.1528
SEA,FIH,"1,028",$753.43,"8,293 mi",3,$0.0909
AUS,AXA,"1,027",$987.13,"2,252 mi",3,$0.4383
BNA,RDD,"1,027",$353.05,"1,883 mi",3,$0.1875
HNL,CSG,"1,027",$565.38,"4,345 mi",3,$0.1301
JFK,YIA,"1,027","$1,007.21","10,468 mi",3,$0.0962
SFO,AES,"1,027",$780.98,"5,101 mi",3,$0.1531
TPA,BLL,"1,027",$550.22,"4,846 mi",3,$0.1135
BNA,YKM,"1,026",$324.60,"1,937 mi",3,$0.1676
CLE,GTR,"1,026",$298.48,635 mi,3,$0.4700
LAS,SLN,"1,026",$240.25,"1,006 mi",3,$0.2388
MSP,WDH,"1,026",$735.06,"8,545 mi",3,$0.0860
PHX,TRN,"1,026",$729.52,"5,647 mi",3,$0.1292
HNL,TOY,"1,025",$493.83,"4,107 mi",3,$0.1202
IAH,AES,"1,025","$1,735.01","4,600 mi",3,$0.3772
JFK,MSQ,"1,025",$388.47,"4,571 mi",3,$0.0850
BUR,PUW,"1,024",$304.09,843 mi,3,$0.3607
PIT,BNE,"1,024","$1,863.81","9,018 mi",3,$0.2067
ORD,OHD,"1,023",$382.79,"5,326 mi",3,$0.0719
DEN,LFW,"1,022",$492.55,"6,979 mi",3,$0.0706
JFK,SAF,"1,022",$307.22,"1,832 mi",3,$0.1677
LAX,MOV,"1,022",$690.22,"7,463 mi",3,$0.0925
MSP,NSI,"1,022","$1,051.51","6,955 mi",3,$0.1512
BOS,ZQN,"1,021","$2,117.07","9,229 mi",3,$0.2294
DEN,ASM,"1,021",$485.98,"7,725 mi",3,$0.0629
DTW,DRS,"1,021",$571.28,"4,172 mi",3,$0.1369
IAD,RAI,"1,021",$986.76,"3,761 mi",3,$0.2624
JFK,LEI,"1,021",$626.87,"3,637 mi",3,$0.1724
MCO,JST,"1,021",$243.90,808 mi,3,$0.3019
SLC,CNX,"1,021",$616.99,"8,103 mi",3,$0.0761
ATL,RDD,"1,020",$465.58,"2,059 mi",3,$0.2261
EWR,HLN,"1,020",$439.40,"1,858 mi",3,$0.2365
HOU,PLS,"1,020",$312.47,"1,575 mi",3,$0.1984
JFK,IXB,"1,020",$484.33,"7,874 mi",3,$0.0615
TPA,PQI,"1,020",$195.74,"1,468 mi",3,$0.1333
JFK,YMM,"1,019",$397.63,"2,058 mi",3,$0.1932
DTW,CKY,"1,018",$317.55,"4,598 mi",3,$0.0691
LAX,TSR,"1,018",$524.15,"6,189 mi",3,$0.0847
MSY,ILG,"1,018",$167.20,"1,096 mi",3,$0.1526
PDX,CCU,"1,018",$869.99,"7,114 mi",3,$0.1223
PDX,SXM,"1,018",$593.02,"3,986 mi",3,$0.1488
PHL,GGT,"1,018",$811.91,"1,161 mi",3,$0.6993
ANC,DPS,"1,018","$1,299.41","7,115 mi",3,$0.1826
ONT,CUU,"1,018",$430.06,756 mi,3,$0.5689
CVG,MRS,"1,016",$781.63,"4,307 mi",3,$0.1815
EWR,ACA,"1,015",$299.94,"2,182 mi",3,$0.1375
SAN,YMM,"1,015",$315.66,"1,727 mi",3,$0.1828
CVG,MHK,"1,014",$251.98,662 mi,3,$0.3806
DEN,POA,"1,014","$1,052.18","6,099 mi",3,$0.1725
ORD,COD,"1,014",$401.28,"1,042 mi",3,$0.3851
ORD,SSH,"1,014",$469.67,"6,556 mi",3,$0.0716
LAS,LPA,"1,013",$947.54,"5,771 mi",3,$0.1642
MDW,TRI,"1,013",$307.62,479 mi,3,$0.6422
ATL,ADL,"1,012","$1,239.80","10,301 mi",3,$0.1204
BUR,BTV,"1,012",$391.51,"2,557 mi",3,$0.1531
CVG,ART,"1,012",$149.28,545 mi,3,$0.2739
ATL,TSN,"1,011",$858.40,"7,002 mi",3,$0.1226
DTW,BLI,"1,011",$444.20,"1,870 mi",3,$0.2375
JFK,ALW,"1,010",$379.56,"2,304 mi",3,$0.1647
DCA,PIH,"1,009",$462.21,"1,808 mi",3,$0.2556
JFK,KTT,"1,009",$457.42,"3,984 mi",3,$0.1148
JFK,PVK,"1,009",$333.54,"4,892 mi",3,$0.0682
MCO,CLJ,"1,009",$578.49,"5,293 mi",3,$0.1093
MEM,ABY,"1,009",$305.39,400 mi,3,$0.7635
DEN,LYH,"1,008",$285.76,"1,423 mi",3,$0.2008
IAH,IVC,"1,008","$1,120.07","7,730 mi",3,$0.1449
LAS,SHR,"1,008",$309.85,759 mi,3,$0.4082
MCO,ABY,"1,007",$262.04,283 mi,3,$0.9259
MSY,DUS,"1,007",$777.75,"5,060 mi",3,$0.1537
DEN,JER,"1,006","$1,310.56","4,829 mi",3,$0.2714
IAH,LBA,"1,006",$515.09,"4,855 mi",3,$0.1061
LAS,DGO,"1,006",$320.97,"1,009 mi",3,$0.3181
LGA,CIU,"1,006",$323.49,631 mi,3,$0.5127
AUS,FAO,"1,005",$718.31,"5,136 mi",3,$0.1399
JAX,CZM,"1,005",$253.28,739 mi,3,$0.3427
ATL,EXT,"1,004",$739.26,"3,971 mi",3,$0.1862
CLT,HMO,"1,004",$382.47,"1,749 mi",3,$0.2187
HNL,NPE,"1,003",$476.85,"4,370 mi",3,$0.1091
SFO,BES,"1,003",$817.26,"5,540 mi",3,$0.1475
SFO,FSM,"1,002",$317.65,"1,606 mi",3,$0.1978
HNL,GNV,"1,001",$869.25,"4,812 mi",3,$0.1806
IAD,ADZ,"1,001",$279.88,"1,785 mi",3,$0.1568
LAX,TBZ,"1,001",$537.10,"7,581 mi",3,$0.0708
MCI,EBB,"1,001",$608.38,"8,385 mi",3,$0.0726
ANC,PMI,"1,000",$590.61,"5,151 mi",3,$0.1147
ATL,AXA,"1,000","$1,036.73","1,646 mi",3,$0.6298
DEN,HUX,"1,000",$394.61,"1,688 mi",3,$0.2338
PDX,LCH,"1,000",$334.42,"1,966 mi",3,$0.1701
RDU,KHI,"1,000",$507.76,"7,454 mi",3,$0.0681