ORIGIN,DESTINATION,PAX IN/OUT,AVG. FARE ($),DISTANCE (MI),DAILY PAX I/O,RPM ($/MI)
BOG,MDE,"3,683,896",$52.86,130 mi,"10,093",$0.4066
LIM,CUZ,"3,322,157",$73.22,353 mi,"9,102",$0.2074
BOG,CTG,"2,494,359",$66.18,420 mi,"6,834",$0.1576
BOG,CLO,"2,196,439",$56.28,179 mi,"6,018",$0.3144
CUN,MEX,"2,122,997",$105.35,774 mi,"5,816",$0.1361
MEX,MTY,"2,085,160",$118.45,430 mi,"5,713",$0.2755
SCL,CJC,"2,059,355",$143.52,738 mi,"5,642",$0.1945
BSB,CGH,"1,958,147",$180.32,526 mi,"5,365",$0.3428
SCL,ANF,"1,911,976",$150.14,667 mi,"5,238",$0.2251
BOG,SMR,"1,817,079",$64.91,456 mi,"4,978",$0.1423
GDL,TIJ,"1,795,532",$77.37,"1,217 mi","4,919",$0.0636
LIM,AQP,"1,749,354",$84.81,490 mi,"4,793",$0.1731
GDL,MEX,"1,639,928",$84.36,276 mi,"4,493",$0.3057
MEX,TIJ,"1,511,639",$150.41,"1,473 mi","4,141",$0.1021
GRU,REC,"1,435,962",$196.22,"1,344 mi","3,934",$0.1460
MDE,CTG,"1,344,811",$52.55,305 mi,"3,684",$0.1723
CUN,MTY,"1,341,339",$120.03,873 mi,"3,675",$0.1375
BOG,BAQ,"1,261,458",$71.06,417 mi,"3,456",$0.1704
GRU,POA,"1,256,213",$122.25,554 mi,"3,442",$0.2207
SCL,IQQ,"1,248,335",$139.98,916 mi,"3,420",$0.1528
SCL,PMC,"1,245,469",$97.95,587 mi,"3,412",$0.1669
UIO,GYE,"1,209,384",$73.25,181 mi,"3,313",$0.4047
CUN,NLU,"1,186,117",$73.75,815 mi,"3,250",$0.0905
SCL,CCP,"1,135,518",$85.59,259 mi,"3,111",$0.3305
GRU,FOR,"1,106,142",$224.84,"1,502 mi","3,031",$0.1497
MEX,MID,"1,035,561",$109.92,600 mi,"2,837",$0.1832
GDL,MTY,"1,022,103",$52.52,428 mi,"2,800",$0.1227
GDL,LAX,"918,391",$96.44,"1,347 mi","2,516",$0.0716
REC,CGH,"910,317",$290.18,"1,283 mi","2,494",$0.2262
LIM,TPP,"900,068",$68.23,372 mi,"2,466",$0.1834
BOG,PEI,"896,185",$54.15,107 mi,"2,455",$0.5061
CUN,GDL,"878,435",$84.99,"1,030 mi","2,407",$0.0825
SCL,ZCO,"876,946",$97.67,408 mi,"2,403",$0.2394
BOG,BGA,"876,183",$64.56,185 mi,"2,401",$0.3490
LIM,PIU,"873,996",$79.43,512 mi,"2,395",$0.1551
CUN,YYZ,"867,542",$175.20,"1,668 mi","2,377",$0.1050
BSB,GRU,"859,931",$139.02,547 mi,"2,356",$0.2541
GRU,SSA,"843,972",$173.57,874 mi,"2,312",$0.1986
LIM,SCL,"838,790",$200.60,"1,484 mi","2,298",$0.1352
SCL,AEP,"832,364",$116.03,734 mi,"2,280",$0.1581
SDQ,JFK,"822,491",$196.50,"1,507 mi","2,253",$0.1304
BSB,SDU,"815,201",$204.44,560 mi,"2,233",$0.3651
GIG,POA,"809,589",$160.56,718 mi,"2,218",$0.2236
GRU,CWB,"808,993",$91.90,230 mi,"2,216",$0.3996
GIG,SCL,"802,907",$166.91,"1,878 mi","2,200",$0.0889
GRU,CNF,"798,380",$86.64,317 mi,"2,187",$0.2733
MTY,NLU,"791,749",$71.65,435 mi,"2,169",$0.1647
GRU,SCL,"777,828",$214.37,"1,674 mi","2,131",$0.1281
GIG,REC,"768,509",$193.18,"1,120 mi","2,106",$0.1725
GRU,MCZ,"762,069",$224.84,"1,229 mi","2,088",$0.1829
LIM,IQT,"752,503",$87.00,645 mi,"2,062",$0.1349
LIM,CIX,"747,564",$75.82,418 mi,"2,048",$0.1814
GRU,CGB,"745,138",$157.12,851 mi,"2,041",$0.1846
MEX,LAX,"740,247",$196.44,"1,506 mi","2,028",$0.1304
LIM,TRU,"733,692",$75.77,295 mi,"2,010",$0.2568
MDE,SMR,"731,914",$54.17,341 mi,"2,005",$0.1589
GDL,NLU,"724,569",$57.07,293 mi,"1,985",$0.1948
TIJ,CUL,"723,137",$55.92,763 mi,"1,981",$0.0733
SCL,LSC,"719,185",$70.21,234 mi,"1,970",$0.3000
GIG,GRU,"718,893",$104.10,203 mi,"1,970",$0.5128
REC,VCP,"715,234",$242.70,"1,270 mi","1,960",$0.1911
GRU,FLN,"705,407",$96.47,330 mi,"1,933",$0.2923
BOG,ADZ,"698,008",$90.01,728 mi,"1,912",$0.1236
CUN,ORD,"692,019",$223.53,"1,491 mi","1,896",$0.1499
BSB,REC,"675,048",$216.78,997 mi,"1,849",$0.2174
GIG,SSA,"664,372",$188.45,733 mi,"1,820",$0.2571
MEX,MAD,"663,692",$565.56,"5,464 mi","1,818",$0.1035
CUN,JFK,"662,705",$234.73,"1,604 mi","1,816",$0.1463
GIG,AEP,"658,368",$154.82,"1,187 mi","1,804",$0.1304
BOG,MTR,"657,916",$77.41,316 mi,"1,803",$0.2450
EZE,MIA,"652,872",$611.40,"4,556 mi","1,789",$0.1342
GIG,VIX,"645,770",$120.01,252 mi,"1,769",$0.4762
MEX,ORD,"643,161",$168.91,"1,638 mi","1,762",$0.1031
GRU,BEL,"640,790",$232.69,"1,576 mi","1,756",$0.1476
MEX,MIA,"638,396",$198.35,"1,236 mi","1,749",$0.1605
BOG,CUC,"637,694",$72.56,242 mi,"1,747",$0.2998
MEX,VSA,"629,776",$103.23,408 mi,"1,725",$0.2530
CLO,MDE,"629,507",$54.31,199 mi,"1,725",$0.2729
EZE,GIG,"627,854",$156.62,"1,203 mi","1,720",$0.1302
MEX,JFK,"626,441",$339.86,"2,028 mi","1,716",$0.1676
MTY,TLC,"626,329",$68.85,433 mi,"1,716",$0.1590
MEX,PVR,"623,930",$82.89,398 mi,"1,709",$0.2083
GRU,NAT,"618,633",$250.02,"1,383 mi","1,695",$0.1808
GRU,VIX,"608,284",$102.51,467 mi,"1,667",$0.2195
CUN,DFW,"607,000",$162.85,999 mi,"1,663",$0.1630
GIG,FOR,"605,546",$250.95,"1,311 mi","1,659",$0.1914
LIM,JUL,"602,421",$88.60,540 mi,"1,650",$0.1641
EZE,MAD,"599,613",$601.76,"6,079 mi","1,643",$0.0990
MEX,HMO,"590,279",$142.73,976 mi,"1,617",$0.1462
POS,TAB,"585,545",$35.46,49 mi,"1,604",$0.7237
TIJ,NLU,"585,125",$104.18,"1,374 mi","1,603",$0.0758
SJD,LAX,"584,119",$187.25,885 mi,"1,600",$0.2116
CUN,LAX,"580,835",$232.10,"2,181 mi","1,591",$0.1064
EZE,BRC,"579,969",$73.13,837 mi,"1,589",$0.0874
REC,CNF,"579,661",$238.97,"1,029 mi","1,588",$0.2322
MEX,SJD,"573,717",$100.12,710 mi,"1,572",$0.1410
MTY,QRO,"573,113",$54.27,368 mi,"1,570",$0.1475
GRU,CGR,"561,232",$153.16,581 mi,"1,538",$0.2636
SCL,CPO,"560,592",$126.08,411 mi,"1,536",$0.3068
TIJ,BJX,"557,500",$50.95,"1,279 mi","1,527",$0.0398
GRU,AEP,"556,250",$172.13,"1,021 mi","1,524",$0.1686
BSB,CNF,"553,020",$146.57,379 mi,"1,515",$0.3867
CUN,YUL,"551,917",$168.25,"1,790 mi","1,512",$0.0940
BOG,MIA,"551,658",$213.93,"1,558 mi","1,511",$0.1373
LIM,CJA,"551,187",$78.06,360 mi,"1,510",$0.2168
GIG,CNF,"550,956",$107.01,231 mi,"1,509",$0.4632
VCP,POA,"547,544",$224.08,559 mi,"1,500",$0.4009
GRU,IGU,"546,346",$172.42,542 mi,"1,497",$0.3181
GRU,MAO,"543,847",$280.55,"1,726 mi","1,490",$0.1625
GRU,JPA,"537,801",$223.36,"1,319 mi","1,473",$0.1693
MEX,IAH,"537,516",$156.76,742 mi,"1,473",$0.2113
BSB,GIG,"520,289",$166.73,585 mi,"1,425",$0.2850
GRU,AJU,"519,569",$211.38,"1,091 mi","1,423",$0.1937
MEX,CUU,"519,413",$139.45,750 mi,"1,423",$0.1859
GRU,BPS,"519,282",$171.85,701 mi,"1,423",$0.2451
SCL,PUQ,"517,065",$172.76,"1,396 mi","1,417",$0.1238
GRU,GYN,"514,511",$116.33,488 mi,"1,410",$0.2384
BSB,SSA,"514,467",$151.07,693 mi,"1,409",$0.2180
SCL,ARI,"514,368",$133.27,"1,009 mi","1,409",$0.1321
GRU,NVT,"512,142",$107.22,283 mi,"1,403",$0.3789
MEX,TGZ,"509,116",$98.65,431 mi,"1,395",$0.2289
VCP,CNF,"499,948",$194.01,301 mi,"1,370",$0.6446
CLO,CTG,"496,836",$64.75,466 mi,"1,361",$0.1389
CUN,TLC,"486,067",$64.98,856 mi,"1,332",$0.0759
BSB,FOR,"484,042",$232.45,"1,019 mi","1,326",$0.2281
MEX,CJS,"483,495",$116.10,988 mi,"1,325",$0.1175
CUN,EWR,"481,608",$233.19,"1,595 mi","1,319",$0.1462
BSB,VCP,"480,336",$165.86,511 mi,"1,316",$0.3246
BOG,LIM,"478,533",$218.03,"1,138 mi","1,311",$0.1916
MTY,TIJ,"477,846",$93.85,"1,084 mi","1,309",$0.0866
MDE,BAQ,"477,087",$59.28,339 mi,"1,307",$0.1749
LIM,PCL,"477,021",$70.03,314 mi,"1,307",$0.2230
GRU,SLZ,"472,881",$231.42,"1,405 mi","1,296",$0.1647
GDL,SJD,"470,444",$35.36,462 mi,"1,289",$0.0765
GIG,CWB,"466,452",$139.50,405 mi,"1,278",$0.3444
LIM,TCQ,"465,175",$115.86,599 mi,"1,274",$0.1934
SCL,FLN,"461,264",$128.90,"1,419 mi","1,264",$0.0908
PVR,TIJ,"458,459",$50.62,"1,125 mi","1,256",$0.0450
CUN,IAH,"454,190",$181.41,788 mi,"1,244",$0.2302
CCS,PMV,"451,836",$61.52,200 mi,"1,238",$0.3076
TIJ,MZT,"451,331",$40.07,948 mi,"1,237",$0.0423
HAV,MIA,"451,210",$146.55,228 mi,"1,236",$0.6428
MBJ,JFK,"451,044",$223.10,"1,595 mi","1,236",$0.1399
LIM,AEP,"447,083",$173.62,"1,892 mi","1,225",$0.0918
LIM,AYP,"447,021",$62.63,217 mi,"1,225",$0.2886
MTY,PVR,"446,784",$75.34,466 mi,"1,224",$0.1617
SJD,TIJ,"446,275",$42.91,761 mi,"1,223",$0.0564
MDE,ADZ,"442,092",$74.15,598 mi,"1,211",$0.1240
VCP,SSA,"442,030",$250.67,879 mi,"1,211",$0.2852
TIJ,MLM,"435,618",$51.65,"1,278 mi","1,193",$0.0404
BOG,MEX,"434,197",$236.84,"2,022 mi","1,190",$0.1171
BOG,PTY,"431,599",$140.97,483 mi,"1,182",$0.2919
EZE,IGR,"427,268",$67.65,693 mi,"1,171",$0.0976
MTY,BJX,"423,235",$53.50,352 mi,"1,160",$0.1520
MEX,DFW,"422,290",$147.50,910 mi,"1,157",$0.1621
GRU,LIS,"410,359",$750.09,"4,782 mi","1,124",$0.1569
BSB,POA,"410,271",$202.32,"1,027 mi","1,124",$0.1970
BOG,MAD,"409,365",$506.36,"5,140 mi","1,122",$0.0985
AUA,JFK,"407,449",$287.03,"1,898 mi","1,116",$0.1512
CUN,DEN,"406,415",$242.71,"1,721 mi","1,113",$0.1410
PTY,SJO,"404,910",$122.07,325 mi,"1,109",$0.3756
LIM,MIA,"403,305",$363.14,"2,700 mi","1,105",$0.1345
EZE,PUJ,"401,805",$402.42,"3,857 mi","1,101",$0.1043
MTY,MID,"400,529",$109.71,720 mi,"1,097",$0.1524
MEX,OAX,"396,413",$83.14,221 mi,"1,086",$0.3762
CCS,MAD,"394,704",$357.27,"4,484 mi","1,081",$0.0797
LIM,TBP,"389,042",$90.29,607 mi,"1,066",$0.1487
CUN,TIJ,"388,961",$76.11,"1,950 mi","1,066",$0.0390
MEX,MZT,"388,029",$65.34,514 mi,"1,063",$0.1271
SJO,GUA,"387,732",$131.01,547 mi,"1,062",$0.2395
BOG,SCL,"387,673",$365.46,"2,562 mi","1,062",$0.1426
KIN,FLL,"384,059",$87.89,620 mi,"1,052",$0.1418
SDQ,EWR,"379,486",$227.34,"1,608 mi","1,040",$0.1414
UIO,CUE,"379,057",$77.47,190 mi,"1,039",$0.4077
SDQ,MIA,"375,973",$65.68,823 mi,"1,030",$0.0798
GDL,CJS,"375,866",$58.05,768 mi,"1,030",$0.0756
LIM,MAD,"370,567",$562.28,"6,097 mi","1,015",$0.0922
REC,FOR,"369,840",$196.07,378 mi,"1,013",$0.5187
BSB,BEL,"369,702",$226.68,"1,032 mi","1,013",$0.2197
MTY,CJS,"369,436",$67.17,540 mi,"1,012",$0.1244
PVR,LAX,"368,993",$183.62,"1,256 mi","1,011",$0.1462
EZE,LIM,"368,025",$180.24,"1,900 mi","1,008",$0.0949
GDL,MXL,"367,238",$88.79,"1,080 mi","1,006",$0.0822
CUN,PHL,"366,146",$132.13,"1,427 mi","1,003",$0.0926
VCP,CWB,"364,265",$148.00,222 mi,998,$0.6667
VCP,SDU,"363,062",$175.46,245 mi,995,$0.7162
TQO,NLU,"358,045",$62.10,760 mi,981,$0.0817
GIG,VCP,"357,806",$148.65,241 mi,980,$0.6168
GIG,IGU,"357,322",$167.26,712 mi,979,$0.2349
GRU,MIA,"356,199",$745.05,"3,961 mi",976,$0.1881
BSB,CWB,"356,089",$195.10,692 mi,976,$0.2819
CUN,PBC,"352,383",$71.30,780 mi,965,$0.0914
AUA,BOS,"352,321",$303.71,"2,126 mi",965,$0.1429
MEX,TRC,"352,291",$128.85,521 mi,965,$0.2473
MTY,HMO,"350,244",$80.78,730 mi,960,$0.1107
MEX,LAS,"348,524",$153.23,"1,553 mi",955,$0.0987
GDL,ORD,"347,047",$140.48,"1,681 mi",951,$0.0836
GRU,MCO,"345,610",$576.88,"4,396 mi",947,$0.1312
MEX,PXM,"343,991",$88.29,286 mi,942,$0.3087
REC,SSA,"342,617",$187.86,416 mi,939,$0.4516
MEX,MCO,"339,071",$142.11,"1,242 mi",929,$0.1144
MEX,SFO,"338,990",$255.29,"1,826 mi",929,$0.1398
CUN,MAD,"338,706",$303.69,"4,798 mi",928,$0.0633
GDL,FAT,"338,400",$79.88,"1,451 mi",927,$0.0551
KIN,JFK,"334,454",$207.78,"1,532 mi",916,$0.1356
MBJ,FLL,"333,930",$88.36,526 mi,915,$0.1680
TIJ,LAP,"332,109",$39.56,730 mi,910,$0.0542
BSB,MAO,"331,624",$268.15,"1,175 mi",909,$0.2282
VCP,CGB,"330,916",$180.61,752 mi,907,$0.2402
GDL,PVR,"330,011",$34.32,130 mi,904,$0.2640
BOG,PSO,"328,518",$79.08,306 mi,900,$0.2584
MEX,HUX,"327,953",$88.60,304 mi,899,$0.2914
GRU,THE,"324,831",$241.24,"1,253 mi",890,$0.1925
TIJ,OAX,"322,717",$61.93,"1,607 mi",884,$0.0385
PTY,MIA,"321,571",$231.30,"1,122 mi",881,$0.2061
MEX,MXL,"320,826",$124.08,"1,394 mi",879,$0.0890
BOG,RCH,"320,408",$89.30,465 mi,878,$0.1920
CUN,QRO,"320,071",$73.48,886 mi,877,$0.0829
MDE,MIA,"319,935",$181.35,"1,436 mi",877,$0.1263
GDL,HMO,"318,964",$60.80,788 mi,874,$0.0772
MBJ,YYZ,"318,295",$195.77,"1,794 mi",872,$0.1091
CUN,BJX,"318,241",$66.36,914 mi,872,$0.0726
MEX,VER,"317,844",$104.76,195 mi,871,$0.5372
CUN,LGW,"317,700",$563.16,"5,105 mi",870,$0.1103
UIO,LOH,"316,825",$60.27,285 mi,868,$0.2115
GDL,OAK,"316,421",$78.86,"1,592 mi",867,$0.0495
TIJ,PBC,"316,309",$75.82,"1,520 mi",867,$0.0499
SJO,MCO,"315,509",$123.55,"1,249 mi",864,$0.0989
MEX,GUA,"315,095",$110.81,676 mi,863,$0.1639
CUN,MCO,"314,307",$105.59,600 mi,861,$0.1760
GIG,FLN,"313,579",$116.35,485 mi,859,$0.2399
BSB,JPA,"311,877",$202.65,"1,096 mi",854,$0.1849
GRU,MAD,"308,861",$774.86,"5,362 mi",846,$0.1445
CUN,MIA,"308,517",$133.33,515 mi,845,$0.2589
CLO,SMR,"308,346",$57.43,528 mi,845,$0.1088
GDL,MID,"303,759",$77.25,908 mi,832,$0.0851
SJD,SFO,"302,668",$237.82,"1,212 mi",829,$0.1962
CUN,MSP,"302,479",$238.64,"1,738 mi",829,$0.1373
SDQ,SJU,"302,300",$75.98,233 mi,828,$0.3261
BSB,MCZ,"302,292",$202.03,956 mi,828,$0.2113
VCP,GYN,"301,697",$149.76,475 mi,827,$0.3153
CUN,EZE,"300,039",$445.07,"4,155 mi",822,$0.1071
GRU,MGF,"299,795",$123.41,341 mi,821,$0.3619
TIJ,HMO,"298,171",$45.10,437 mi,817,$0.1032
MEX,SJO,"297,191",$143.00,"1,223 mi",814,$0.1169
EZE,SCL,"295,885",$122.79,728 mi,811,$0.1687
AUA,EWR,"293,540",$313.92,"1,905 mi",804,$0.1648
GDL,LAS,"291,190",$108.02,"1,252 mi",798,$0.0863
CUN,YVR,"290,651",$208.31,"2,698 mi",796,$0.0772
POS,JFK,"290,451",$253.49,"2,276 mi",796,$0.1114
REC,GYN,"289,123",$219.13,"1,095 mi",792,$0.2001
BOG,VUP,"289,036",$92.37,413 mi,792,$0.2237
GIG,CGH,"289,030",$141.99,217 mi,792,$0.6543
CUN,ATL,"285,866",$227.52,909 mi,783,$0.2503
BOG,LET,"285,195",$101.96,660 mi,781,$0.1545
CUN,BOS,"283,698",$201.35,"1,685 mi",777,$0.1195
GRU,LIM,"281,897",$296.44,"2,094 mi",772,$0.1416
GDL,CUL,"279,616",$56.69,383 mi,766,$0.1480
MEX,EWR,"279,240",$311.86,"2,139 mi",765,$0.1458
MEX,CDG,"279,184",$559.88,"5,545 mi",765,$0.1010
GRU,JDO,"277,334",$216.00,"1,181 mi",760,$0.1829
BOG,PUJ,"277,047",$115.73,"1,003 mi",759,$0.1154
CUN,FLL,"275,523",$81.82,566 mi,755,$0.1446
VCP,FLN,"274,913",$101.39,344 mi,753,$0.2947
LIM,PEM,"274,627",$127.35,518 mi,752,$0.2458
CUN,DTW,"274,230",$267.04,"1,521 mi",751,$0.1756
SCL,ZOS,"273,894",$82.94,529 mi,750,$0.1568
BSB,NAT,"272,897",$211.97,"1,133 mi",748,$0.1871
GDL,VER,"271,511",$52.36,487 mi,744,$0.1075
EZE,BCN,"270,946",$669.53,"6,707 mi",742,$0.0998
MDE,MTR,"269,651",$54.48,192 mi,739,$0.2838
BOG,CUN,"268,980",$139.22,"1,457 mi",737,$0.0956
CUN,SFO,"267,936",$304.92,"2,334 mi",734,$0.1306
SCL,MDZ,"267,462",$69.16,118 mi,733,$0.5861
BSB,CGB,"266,016",$155.75,561 mi,729,$0.2776
BOG,EYP,"265,825",$84.11,125 mi,728,$0.6729
MEX,CTM,"265,650",$81.47,726 mi,728,$0.1122
CLO,ADZ,"265,354",$89.96,745 mi,727,$0.1208
VCP,MAO,"264,254",$325.31,"1,677 mi",724,$0.1940
MEX,LAP,"261,928",$86.51,816 mi,718,$0.1060
GRU,XAP,"261,637",$146.45,449 mi,717,$0.3262
CCS,PZO,"260,862",$74.45,320 mi,715,$0.2327
BOG,AXM,"260,588",$56.38,116 mi,714,$0.4860
PVR,SFO,"258,633",$233.57,"1,603 mi",709,$0.1457
MBJ,MCO,"257,712",$134.40,741 mi,706,$0.1814
GRU,PNZ,"257,673",$218.97,"1,078 mi",706,$0.2031
MEX,SAT,"257,231",$103.29,678 mi,705,$0.1523
SCL,ZAL,"256,121",$77.97,465 mi,702,$0.1677
BGI,LHR,"255,838",$725.91,"4,069 mi",701,$0.1784
BSB,SLZ,"255,182",$201.79,923 mi,699,$0.2186
MTY,CUL,"254,474",$55.97,452 mi,697,$0.1238
BSB,FLN,"252,734",$188.03,792 mi,692,$0.2374
GRU,PMW,"252,074",$210.93,943 mi,691,$0.2237
MTY,VER,"250,718",$105.94,506 mi,687,$0.2094
MEX,CUL,"250,696",$113.95,631 mi,687,$0.1806
CUN,BWI,"250,127",$219.84,"1,434 mi",685,$0.1533
BSB,THE,"250,099",$205.60,848 mi,685,$0.2425
VCP,BEL,"248,902",$282.80,"1,542 mi",682,$0.1834
GDL,LAP,"248,699",$54.90,498 mi,681,$0.1102
PVR,NLU,"246,699",$69.86,421 mi,676,$0.1659
TIJ,AGU,"246,641",$43.58,"1,134 mi",676,$0.0384
VCP,FOR,"245,548",$323.71,"1,491 mi",673,$0.2171
CUN,STL,"245,422",$211.63,"1,204 mi",672,$0.1758
CCS,MAR,"245,006",$64.28,312 mi,671,$0.2060
VCP,VIX,"244,460",$151.33,493 mi,670,$0.3070
BSB,GYN,"244,042",$131.38,98 mi,669,$1.3406
BOG,GRU,"243,086",$357.82,"2,775 mi",666,$0.1289
MEX,TAP,"241,869",$88.24,530 mi,663,$0.1665
GIG,NVT,"241,659",$160.95,453 mi,662,$0.3553
BOG,NVA,"241,111",$87.11,149 mi,661,$0.5846
VCP,NVT,"238,566",$178.68,275 mi,654,$0.6497
GDL,SJC,"237,186",$181.09,"1,565 mi",650,$0.1157
GRU,FCO,"236,586",$740.26,"5,685 mi",648,$0.1302
MEX,DEN,"236,373",$160.81,"1,494 mi",648,$0.1076
MDE,FLL,"235,654",$98.13,"1,368 mi",646,$0.0717
UIO,MEC,"234,704",$66.53,175 mi,643,$0.3802
CUN,VER,"234,112",$98.86,599 mi,641,$0.1650
EZE,FCO,"233,951",$631.94,"6,723 mi",641,$0.0940
SCL,BBA,"233,830",$139.05,893 mi,641,$0.1557
GRU,IOS,"233,518",$206.05,791 mi,640,$0.2605
BOG,MCO,"233,280",$189.37,"1,756 mi",639,$0.1078
SCL,IPC,"232,688",$371.89,"2,261 mi",638,$0.1645
SDQ,BOS,"232,566",$228.58,"1,606 mi",637,$0.1423
UIO,GPS,"232,274",$148.01,848 mi,636,$0.1745
SJO,FLL,"231,135",$79.89,"1,176 mi",633,$0.0679
SXM,SBH,"230,801",$111.34,19 mi,632,$5.8600
SJD,PHX,"229,223",$229.56,746 mi,628,$0.3077
GDL,SMF,"228,472",$82.81,"1,711 mi",626,$0.0484
BOG,EOH,"227,519",$75.84,148 mi,623,$0.5124
GDL,DFW,"227,414",$136.95,966 mi,623,$0.1418
SXM,JFK,"224,852",$348.58,"1,736 mi",616,$0.2008
GDL,CUU,"224,509",$61.48,571 mi,615,$0.1077
GIG,JPA,"223,715",$250.30,"1,179 mi",613,$0.2123
PTY,GUA,"223,071",$225.81,819 mi,611,$0.2757
EZE,USH,"220,923",$165.53,"1,416 mi",605,$0.1169
GRU,VDC,"220,733",$184.65,670 mi,605,$0.2756
CUN,YYC,"219,112",$242.94,"2,466 mi",600,$0.0985
GIG,MCZ,"219,042",$211.53,"1,074 mi",600,$0.1970
BOG,SDQ,"218,800",$129.81,965 mi,599,$0.1345
EZE,SLA,"218,465",$76.47,828 mi,599,$0.0924
MTY,CUU,"218,385",$94.11,425 mi,598,$0.2214
REC,FEN,"218,353",$186.65,331 mi,598,$0.5639
LIM,TYL,"217,969",$108.75,569 mi,597,$0.1911
GIG,MVD,"217,584",$127.72,"1,099 mi",596,$0.1162
GDL,TGZ,"217,547",$47.42,749 mi,596,$0.0633
SJD,DFW,"216,692",$294.30,993 mi,594,$0.2964
GRU,LHR,"216,127",$983.10,"5,702 mi",592,$0.1724
CUN,TGZ,"214,511",$64.27,522 mi,588,$0.1231
GIG,NAT,"212,102",$241.78,"1,328 mi",581,$0.1821
SJO,MIA,"210,730",$154.75,"1,155 mi",577,$0.1340
EZE,JFK,"210,439",$824.07,"5,462 mi",577,$0.1509
CUN,HOU,"210,183",$210.42,768 mi,576,$0.2740
VCP,CGR,"210,007",$166.88,499 mi,575,$0.3344
PVR,TLC,"209,395",$57.12,370 mi,574,$0.1544
MTY,IAH,"209,107",$109.54,399 mi,573,$0.2745
MTY,SAT,"208,862",$84.08,286 mi,572,$0.2940
VCP,MCO,"208,595",$590.26,"4,093 mi",571,$0.1442
LIM,PTY,"208,308",$291.85,"1,510 mi",571,$0.1933
MBJ,ATL,"207,853",$206.45,"1,154 mi",569,$0.1789
TIJ,LMM,"206,053",$70.77,691 mi,565,$0.1024
BOG,JFK,"205,976",$320.85,"2,557 mi",564,$0.1255
SJD,TLC,"205,928",$79.03,726 mi,564,$0.1089
SDQ,MAD,"205,746",$365.85,"4,032 mi",564,$0.0907
MEX,CZM,"205,269",$79.19,767 mi,562,$0.1032
MEX,LHR,"205,013",$737.46,"5,366 mi",562,$0.1374
GRU,JFK,"205,004",$903.80,"4,619 mi",562,$0.1957
PVR,YVR,"204,178",$185.41,"2,138 mi",559,$0.0867
VCP,MCZ,"202,823",$175.22,"1,161 mi",556,$0.1509
SCL,MAD,"202,811",$887.50,"6,861 mi",556,$0.1294
GRU,LDB,"202,702",$158.81,287 mi,555,$0.5533
MEX,YYZ,"202,127",$347.42,"2,078 mi",554,$0.1672
BSB,VIX,"201,991",$193.18,604 mi,553,$0.3198
GDL,IAH,"201,459",$106.24,846 mi,552,$0.1256
MDE,CUC,"200,986",$61.34,241 mi,551,$0.2545
EZE,GRU,"199,988",$162.27,"1,038 mi",548,$0.1563
SJO,SAL,"198,726",$120.44,393 mi,544,$0.3065
CUN,CLT,"198,365",$247.06,"1,013 mi",543,$0.2439
LIM,PUJ,"198,316",$173.43,"2,262 mi",543,$0.0767
SDQ,MCO,"198,086",$122.02,"1,040 mi",543,$0.1173
SJD,DEN,"198,045",$302.16,"1,228 mi",543,$0.2461
GRU,SDU,"197,914",$130.13,219 mi,542,$0.5942
SJD,SEA,"197,583",$237.54,"1,872 mi",541,$0.1269
LIM,MDE,"196,950",$163.31,"1,300 mi",540,$0.1256
LIM,MEX,"196,619",$281.60,"2,559 mi",539,$0.1100
EZE,MDZ,"196,173",$86.84,622 mi,537,$0.1396
CUN,PHX,"195,945",$259.35,"1,812 mi",537,$0.1431
MTY,PBC,"195,713",$121.79,485 mi,536,$0.2511
BSB,CGR,"194,530",$213.87,529 mi,533,$0.4043
MBJ,BWI,"194,277",$244.34,"1,473 mi",532,$0.1659
GRU,UDI,"194,056",$176.29,324 mi,532,$0.5441
GDL,ONT,"192,638",$209.94,"1,317 mi",528,$0.1594
GRU,CDG,"192,592",$938.98,"5,668 mi",528,$0.1657
MDE,PTY,"192,107",$104.71,327 mi,526,$0.3202
CUN,IAD,"191,988",$267.00,"1,399 mi",526,$0.1909
TIJ,QRO,"191,782",$67.56,"1,281 mi",525,$0.0527
SDQ,FLL,"191,770",$79.38,879 mi,525,$0.0903
VCP,BPS,"190,836",$149.03,672 mi,523,$0.2218
MDE,SJU,"190,596",$165.37,"1,091 mi",522,$0.1516
SCL,PUJ,"188,658",$275.04,"3,486 mi",517,$0.0789
GRU,CAC,"187,232",$155.04,470 mi,513,$0.3299
BOG,SJO,"186,505",$176.34,803 mi,511,$0.2196
CUN,FRA,"185,993",$438.46,"5,507 mi",510,$0.0796
BGI,JFK,"185,771",$252.13,"2,155 mi",509,$0.1170
SJD,CUL,"185,248",$47.59,185 mi,508,$0.2572
SCL,MVD,"185,075",$125.35,824 mi,507,$0.1521
MEX,PTY,"184,834",$279.79,"1,543 mi",506,$0.1813
EZE,FTE,"184,771",$137.63,"1,304 mi",506,$0.1055
CUN,SEA,"184,589",$284.27,"2,604 mi",506,$0.1092
MTY,OAX,"183,416",$64.39,625 mi,503,$0.1030
CUN,SJO,"182,314",$59.60,760 mi,499,$0.0784
PVR,DEN,"182,264",$266.61,"1,366 mi",499,$0.1952
BSB,BVB,"181,812",$341.50,"1,513 mi",498,$0.2257
SJO,MAD,"181,275",$420.56,"5,439 mi",497,$0.0773
MEX,ZIH,"180,345",$59.97,195 mi,494,$0.3075
BSB,RBR,"180,004",$301.72,"1,365 mi",493,$0.2210
GRU,JJD,"178,667",$288.90,"1,432 mi",489,$0.2017
TIJ,TLC,"177,221",$87.97,"1,453 mi",486,$0.0605
UIO,OCC,"177,012",$85.88,100 mi,485,$0.8588
PVR,PHX,"176,714",$204.19,945 mi,484,$0.2161
BSB,PVH,"175,874",$233.33,"1,222 mi",482,$0.1909
CUN,YEG,"175,235",$223.71,"2,559 mi",480,$0.0874
BOG,UIO,"174,835",$123.54,429 mi,479,$0.2880
MDE,JFK,"174,697",$328.80,"2,456 mi",479,$0.1339
SJD,NLU,"174,564",$92.47,705 mi,478,$0.1312
TIJ,DGO,"174,185",$60.73,924 mi,477,$0.0657
BOG,FLL,"174,035",$142.61,"1,483 mi",477,$0.0962
MTY,TGZ,"173,676",$100.38,760 mi,476,$0.1321
POS,MIA,"173,287",$251.99,"1,575 mi",475,$0.1600
VRA,YYZ,"172,871",$182.62,"1,473 mi",474,$0.1240
GRU,OPS,"172,644",$254.76,968 mi,473,$0.2632
AUA,CUR,"171,996",$95.37,72 mi,471,$1.3246
GDL,TLC,"171,234",$43.93,249 mi,469,$0.1764
PVR,YYC,"170,212",$203.60,"2,221 mi",466,$0.0917
VCP,IGU,"170,046",$167.54,481 mi,466,$0.3483
KIN,YYZ,"169,917",$198.07,"1,732 mi",466,$0.1144
SJD,ORD,"169,257",$338.90,"1,754 mi",464,$0.1932
REC,POA,"169,067",$287.83,"1,786 mi",463,$0.1612
MEX,ACA,"168,648",$65.51,196 mi,462,$0.3342
CUN,AUS,"168,347",$256.14,894 mi,461,$0.2865
VCP,LIS,"168,076",$394.71,"5,074 mi",460,$0.0778
PTY,SCL,"168,021",$520.18,"2,898 mi",460,$0.1795
MDE,MEX,"167,973",$237.75,"1,889 mi",460,$0.1259
SCL,MIA,"167,389",$640.04,"4,261 mi",459,$0.1502
GDL,OAX,"167,331",$37.93,510 mi,458,$0.0744
PTY,SDQ,"167,074",$287.71,890 mi,458,$0.3233
MBJ,EWR,"166,821",$247.40,"1,595 mi",457,$0.1551
CUN,CJS,"166,753",$134.84,"1,369 mi",457,$0.0985
TIJ,CLQ,"166,596",$75.57,"1,199 mi",456,$0.0630
BOG,IBE,"166,443",$58.61,69 mi,456,$0.8494
MDE,MCO,"165,109",$136.84,"1,634 mi",452,$0.0837
SJO,LAX,"164,524",$287.17,"2,805 mi",451,$0.1024
HAV,MAD,"164,429",$279.67,"4,775 mi",450,$0.0586
CUN,CUU,"164,226",$167.68,"1,345 mi",450,$0.1247
LIM,JFK,"164,024",$531.58,"3,754 mi",449,$0.1416
MTY,VSA,"163,608",$121.83,691 mi,448,$0.1763
GRU,PUJ,"163,560",$297.28,"3,354 mi",448,$0.0886
SJO,EWR,"163,549",$365.87,"2,274 mi",448,$0.1609
EZE,PTY,"163,334",$547.32,"3,225 mi",447,$0.1697
TIJ,ACA,"163,103",$49.18,"1,577 mi",447,$0.0312
MEX,AGU,"162,374",$125.47,270 mi,445,$0.4647
REC,BEL,"162,081",$205.09,"1,074 mi",444,$0.1910
PVR,SEA,"161,429",$228.96,"2,143 mi",442,$0.1068
MTY,ORD,"161,351",$178.62,"1,277 mi",442,$0.1399
GRU,MEX,"157,958",$826.52,"4,758 mi",433,$0.1737
MTY,DFW,"157,712",$106.64,509 mi,432,$0.2095
BOG,CCS,"157,122",$256.41,618 mi,430,$0.4149
MTY,SJD,"155,991",$98.20,612 mi,427,$0.1605
MEX,PHX,"155,442",$212.39,"1,291 mi",426,$0.1645
PVR,DFW,"155,233",$256.32,954 mi,425,$0.2687
MEX,ATL,"155,072",$373.45,"1,372 mi",425,$0.2722
MDE,PUJ,"154,418",$103.00,"1,009 mi",423,$0.1021
CLO,PSO,"152,472",$79.32,166 mi,418,$0.4778
CLO,MIA,"151,984",$194.62,"1,512 mi",416,$0.1287
CLO,MAD,"151,516",$496.90,"5,314 mi",415,$0.0935
MTY,MZT,"150,118",$91.27,414 mi,411,$0.2205
CUN,PTY,"149,164",$162.82,995 mi,409,$0.1636
SCL,MHC,"148,678",$82.39,658 mi,407,$0.1252
VCP,FLL,"148,533",$578.74,"4,168 mi",407,$0.1389
CCS,SVZ,"147,942",$65.00,405 mi,405,$0.1605
EZE,MEX,"147,526",$783.87,"4,734 mi",404,$0.1656
CLO,BAQ,"147,026",$82.58,503 mi,403,$0.1642
BSB,PMW,"146,970",$149.44,375 mi,403,$0.3985
TIJ,CUU,"146,534",$80.94,685 mi,401,$0.1182
MDE,MAD,"146,193",$472.14,"4,840 mi",401,$0.0975
TIJ,CJS,"146,152",$88.23,601 mi,400,$0.1468
PTY,JFK,"146,089",$388.90,"2,142 mi",400,$0.1816
GRU,MXP,"145,954",$854.16,"5,716 mi",400,$0.1494
MDE,SDQ,"144,650",$113.39,904 mi,396,$0.1254
MEX,REX,"144,090",$118.97,471 mi,395,$0.2526
MEX,NRT,"143,665","$1,059.25","7,202 mi",394,$0.1471
CUN,SCL,"143,380",$335.20,"3,790 mi",393,$0.0884
GRU,JOI,"142,995",$135.43,235 mi,392,$0.5763
MEX,IAD,"142,405",$323.07,"1,809 mi",390,$0.1786
LIM,HUU,"142,305",$62.92,155 mi,390,$0.4059
CUN,MCI,"142,196",$276.76,"1,384 mi",390,$0.2000
MEX,YVR,"142,012",$306.06,"2,377 mi",389,$0.1288
BOG,NLU,"141,716",$185.17,"1,911 mi",388,$0.0969
LIM,UIO,"141,182",$177.55,851 mi,387,$0.2086
MTY,MXL,"140,828",$64.77,996 mi,386,$0.0650
VRA,YUL,"140,718",$186.17,"1,561 mi",386,$0.1193
BOG,CDG,"140,229",$574.21,"5,532 mi",384,$0.1038
GDL,PBC,"138,575",$73.56,325 mi,380,$0.2263
MEX,LMM,"138,472",$112.52,747 mi,379,$0.1506
SJD,HOU,"137,910",$251.44,"1,029 mi",378,$0.2444
CCS,VIG,"137,741",$81.89,337 mi,377,$0.2430
GRU,SJP,"137,672",$140.26,269 mi,377,$0.5214
EZE,TUC,"137,599",$98.82,695 mi,377,$0.1422
GDL,PXM,"137,337",$55.24,503 mi,376,$0.1098
GIG,GYN,"137,290",$174.47,594 mi,376,$0.2937
GIG,LIS,"135,975",$779.32,"4,937 mi",373,$0.1579
CCS,BLA,"135,627",$68.30,165 mi,372,$0.4139
SJD,SAN,"135,526",$185.37,779 mi,371,$0.2380
SJD,YVR,"135,461",$190.93,"1,885 mi",371,$0.1013
SJO,JFK,"134,364",$223.48,"2,277 mi",368,$0.0981
GDL,SAT,"134,203",$113.61,713 mi,368,$0.1593
REC,VIX,"134,132",$219.83,885 mi,367,$0.2484
MDE,BGA,"133,207",$69.46,172 mi,365,$0.4038
GDL,PHX,"133,161",$207.58,"1,071 mi",365,$0.1938
PVR,BJX,"133,027",$37.37,252 mi,364,$0.1483
CUN,CDG,"132,717",$396.24,"4,954 mi",364,$0.0800
TIJ,VER,"132,687",$88.36,"1,536 mi",364,$0.0575
CCS,STD,"132,447",$66.78,415 mi,363,$0.1609
TIJ,CEN,"132,226",$62.98,539 mi,362,$0.1168
GIG,BPS,"131,693",$212.50,533 mi,361,$0.3987
VCP,RAO,"131,507",$134.18,140 mi,360,$0.9584
GIG,COR,"130,686",$176.67,"1,456 mi",358,$0.1213
BSB,MAB,"130,418",$182.95,708 mi,357,$0.2584
MTY,LAS,"129,845",$196.62,"1,172 mi",356,$0.1678
PTY,SAL,"129,640",$154.90,743 mi,355,$0.2085
GDL,SEA,"129,293",$145.34,"2,206 mi",354,$0.0659
GDL,PDX,"128,658",$211.48,"2,110 mi",352,$0.1002
GIG,AJU,"127,933",$271.32,940 mi,351,$0.2886
MEX,YUL,"127,890",$308.29,"2,376 mi",350,$0.1298
MEX,SCL,"127,857",$681.56,"4,222 mi",350,$0.1614
SCL,PNT,"127,834",$190.90,"1,304 mi",350,$0.1464
MBJ,PHL,"127,620",$270.40,"1,440 mi",350,$0.1878
CUN,MDW,"127,366",$209.62,"1,391 mi",349,$0.1507
PTY,DAV,"127,210",$103.07,220 mi,349,$0.4685
MEX,SLP,"126,969",$150.43,222 mi,348,$0.6776
GIG,MAO,"126,661",$280.63,"1,823 mi",347,$0.1539
TIJ,UPN,"126,642",$72.94,"1,256 mi",347,$0.0581
SXM,MIA,"126,382",$375.67,"1,186 mi",346,$0.3168
GIG,CDG,"126,045",$666.49,"5,877 mi",345,$0.1134
VCP,NAT,"125,869",$264.79,"1,469 mi",345,$0.1803
MEX,TAM,"125,673",$137.89,206 mi,344,$0.6694
GIG,LIM,"125,538",$301.46,"2,277 mi",344,$0.1324
MTY,MLM,"125,213",$48.89,402 mi,343,$0.1216
MEX,FCO,"125,083",$498.26,"6,542 mi",343,$0.0762
GRU,VVI,"125,038",$177.37,"1,115 mi",343,$0.1591
REC,MAO,"125,036",$229.73,"1,815 mi",343,$0.1266
KIN,GCM,"124,847",$137.13,323 mi,342,$0.4246
LIM,CTG,"123,836",$161.43,"1,509 mi",339,$0.1070
GRU,PTY,"123,415",$462.34,"3,065 mi",338,$0.1508
VCP,SJP,"122,024",$115.76,216 mi,334,$0.5359
PTY,MCO,"121,990",$234.57,"1,383 mi",334,$0.1696
EZE,FLN,"121,667",$120.15,746 mi,333,$0.1611
MDE,PEI,"121,664",$57.25,93 mi,333,$0.6156
SJD,IAH,"121,656",$317.99,"1,035 mi",333,$0.3072
MTY,LAX,"121,607",$123.75,"1,193 mi",333,$0.1037
CUN,VSA,"121,538",$86.08,453 mi,333,$0.1900
BOG,GUA,"120,910",$250.60,"1,346 mi",331,$0.1862
MBJ,ORD,"120,410",$236.93,"1,673 mi",330,$0.1416
MEX,CME,"120,409",$134.62,492 mi,330,$0.2736
CUN,SLC,"120,367",$373.66,"1,945 mi",330,$0.1921
UIO,ETR,"120,304",$56.63,263 mi,330,$0.2153
GDL,VSA,"120,107",$79.39,727 mi,329,$0.1092
MEX,CTG,"119,238",$223.05,"1,739 mi",327,$0.1283
GDL,CEN,"119,085",$80.44,609 mi,326,$0.1321
GRU,PVH,"118,882",$304.04,"1,584 mi",326,$0.1919
GDL,MAD,"118,581",$475.74,"5,967 mi",325,$0.0797
TIJ,TPQ,"118,540",$80.09,"1,038 mi",325,$0.0772
MEX,BCN,"118,422",$777.41,"5,714 mi",324,$0.1361
BOG,EZE,"118,369",$381.61,"2,826 mi",324,$0.1350
MDE,BLB,"118,367",$83.27,333 mi,324,$0.2501
REC,SLZ,"117,278",$231.16,724 mi,321,$0.3193
BOG,BCN,"117,109",$629.75,"5,131 mi",321,$0.1227
BOG,GIG,"116,806",$329.69,"2,737 mi",320,$0.1205
CUN,TPA,"116,707",$134.24,569 mi,320,$0.2359
CUN,SLP,"116,640",$29.62,879 mi,320,$0.0337
POS,YYZ,"116,359",$339.09,"2,458 mi",319,$0.1380
HAV,TPA,"116,234",$131.24,355 mi,318,$0.3697
VCP,ORY,"116,058",$279.67,"5,995 mi",318,$0.0467
SCL,BCN,"116,031",$615.01,"6,720 mi",318,$0.0915
MEX,BJX,"116,019",$159.08,196 mi,318,$0.8116
CUN,LAS,"115,916",$172.10,"1,935 mi",318,$0.0889
MBJ,LHR,"115,804",$464.14,"4,549 mi",317,$0.1020
MEX,SAL,"115,601",$183.39,805 mi,317,$0.2278
MTY,MAD,"115,384",$506.78,"5,565 mi",316,$0.0911
VCP,UDI,"115,375",$233.22,303 mi,316,$0.7697
SJO,ATL,"115,356",$391.07,"1,683 mi",316,$0.2324
GRU,PFB,"115,036",$168.23,478 mi,315,$0.3519
PVR,YYZ,"114,862",$220.17,"2,231 mi",315,$0.0987
CUN,CLE,"114,113",$191.16,"1,395 mi",313,$0.1370
SJD,JFK,"114,109",$296.63,"2,334 mi",313,$0.1271
EZE,MCO,"113,893",$580.74,"4,754 mi",312,$0.1222
PVR,ORD,"112,822",$353.01,"1,839 mi",309,$0.1920
MEX,OAK,"112,668",$150.96,"1,935 mi",309,$0.0780
GRU,MVD,"112,580",$252.62,"1,005 mi",308,$0.2514
SJO,ACO,"112,014",$90.00,66 mi,307,$1.3636
GRU,BCN,"111,816",$767.61,"5,609 mi",306,$0.1369
PVR,YEG,"109,971",$203.02,"2,366 mi",301,$0.0858
BSB,AJU,"109,843",$202.19,779 mi,301,$0.2596
PVR,QRO,"109,335",$48.88,338 mi,300,$0.1446
EZE,CDG,"108,335",$839.61,"7,104 mi",297,$0.1182
MDE,SJO,"108,043",$142.45,637 mi,296,$0.2236
GIG,SLZ,"107,964",$248.33,"1,441 mi",296,$0.1723
POS,GEO,"107,848",$164.53,342 mi,295,$0.4811
BGI,YYZ,"107,778",$292.33,"2,501 mi",295,$0.1169
AUA,YYZ,"107,391",$261.73,"2,162 mi",294,$0.1211
GDL,DEN,"107,085",$176.17,"1,299 mi",293,$0.1356
CLO,TCO,"107,075",$76.92,208 mi,293,$0.3698
UIO,MIA,"106,804",$234.78,"1,849 mi",293,$0.1270
GIG,BEL,"106,664",$329.66,"1,568 mi",292,$0.2102
VCP,XAP,"105,729",$214.94,461 mi,290,$0.4662
GDL,MCO,"105,631",$157.20,"1,529 mi",289,$0.1028
AUA,PHL,"105,522",$334.70,"1,860 mi",289,$0.1799
CUN,YQB,"105,401",$185.45,"2,039 mi",289,$0.0910
CUN,BNA,"105,184",$250.99,"1,011 mi",288,$0.2483
GDL,TQO,"105,141",$73.25,"1,044 mi",288,$0.0702
TIJ,TGZ,"105,050",$40.71,"1,802 mi",288,$0.0226
CUN,OAX,"104,874",$49.77,722 mi,287,$0.0689
GRU,LAX,"104,299",$901.89,"6,348 mi",286,$0.1421
TIJ,ZCL,"104,161",$52.43,"1,130 mi",285,$0.0464
VCP,JPA,"104,004",$255.53,"1,403 mi",285,$0.1821
EZE,NQN,"103,943",$121.04,585 mi,285,$0.2069
CUN,OMA,"103,830",$253.69,"1,451 mi",284,$0.1748
UIO,JFK,"103,702",$288.57,"2,746 mi",284,$0.1051
BSB,MCO,"103,649",$383.17,"3,902 mi",284,$0.0982
GIG,MIA,"103,542",$564.74,"4,049 mi",284,$0.1395
REC,AEP,"103,329",$251.86,"2,286 mi",283,$0.1102
MTY,TAM,"103,109",$64.63,287 mi,282,$0.2252
GDL,TRC,"102,856",$55.42,339 mi,282,$0.1635
BOG,YYZ,"102,853",$313.36,"2,633 mi",282,$0.1190
BOG,PUU,"102,737",$94.03,322 mi,281,$0.2920
BSB,BPS,"102,315",$228.32,570 mi,280,$0.4006
KIN,MIA,"101,666",$223.73,605 mi,279,$0.3698
BOG,AUC,"100,847",$70.54,295 mi,276,$0.2391
VCP,CAC,"100,685",$186.57,438 mi,276,$0.4260
EZE,JUJ,"100,669",$78.82,846 mi,276,$0.0932
GRU,IMP,"99,990",$267.61,"1,276 mi",274,$0.2097
LIM,JAU,"99,053",$72.66,115 mi,271,$0.6318
CLO,SCL,"98,192",$200.14,"2,501 mi",269,$0.0800
PVR,MSP,"97,929",$259.60,"1,862 mi",268,$0.1394
SJD,ATL,"97,927",$453.54,"1,642 mi",268,$0.2762
GRU,OPO,"97,417",$589.77,"4,930 mi",267,$0.1196
GIG,MCO,"97,274",$502.94,"4,223 mi",267,$0.1191
CCS,MUN,"97,266",$68.37,260 mi,266,$0.2630
LIM,EWR,"96,977",$530.41,"3,538 mi",266,$0.1499
MEX,MTT,"96,898",$165.91,299 mi,265,$0.5549
MEX,AMS,"96,725",$551.83,"5,892 mi",265,$0.0937
VCP,MGF,"96,001",$90.61,321 mi,263,$0.2823
GIG,JFK,"95,972",$840.95,"4,659 mi",263,$0.1805
BOG,FLA,"95,758",$77.76,243 mi,262,$0.3200
MEX,ZLO,"95,677",$128.65,347 mi,262,$0.3707
UIO,SCY,"95,139",$153.59,803 mi,261,$0.1913
GRU,MOC,"94,651",$186.44,480 mi,259,$0.3884
SJD,SMF,"94,506",$199.26,"1,319 mi",259,$0.1511
MBJ,BOS,"94,409",$223.36,"1,749 mi",259,$0.1277
BOG,PPN,"94,231",$83.84,237 mi,258,$0.3538
BOG,CUR,"93,681",$166.13,608 mi,257,$0.2732
UIO,MAD,"93,415",$378.52,"5,266 mi",256,$0.0719
MEX,AUS,"93,400",$179.62,726 mi,256,$0.2474
MTY,LMM,"93,223",$61.72,541 mi,255,$0.1141
GDL,LMM,"92,712",$74.64,526 mi,254,$0.1419
BOG,ATL,"92,026",$325.44,"2,043 mi",252,$0.1593
CLO,FLL,"91,700",$127.09,"1,623 mi",251,$0.0783
CUN,MDE,"90,887",$141.33,"1,244 mi",249,$0.1136
MEX,CLT,"90,124",$313.27,"1,599 mi",247,$0.1959
VCP,IOS,"89,904",$262.87,798 mi,246,$0.3294
GRU,EWR,"89,770","$1,192.49","4,631 mi",246,$0.2575
SJD,PDX,"89,562",$251.08,"1,659 mi",245,$0.1513
MEX,BOS,"89,464",$373.83,"2,345 mi",245,$0.1594
VCP,SLZ,"89,014",$298.56,"1,467 mi",244,$0.2035
BGI,MIA,"88,997",$320.60,"1,563 mi",244,$0.2051
VCP,OPS,"88,911",$331.06,920 mi,244,$0.3598
SCL,CUZ,"88,823",$200.63,"1,415 mi",243,$0.1418
CCS,LRV,"88,443",$68.31,98 mi,242,$0.6970
CUN,IND,"87,821",$265.09,"1,330 mi",241,$0.1993
EZE,LHR,"87,593",$987.62,"6,712 mi",240,$0.1471
BOG,HAV,"87,578",$186.23,"1,420 mi",240,$0.1311
GRU,FRA,"87,480","$1,008.15","5,905 mi",240,$0.1707
VCP,PMW,"87,377",$299.28,856 mi,239,$0.3496
BSB,MCP,"87,338",$355.63,"1,087 mi",239,$0.3272
VCP,THE,"87,122",$273.23,"1,311 mi",239,$0.2084
CUN,GUA,"86,840",$60.15,491 mi,238,$0.1225
PTY,UIO,"86,701",$172.68,658 mi,238,$0.2624
CUN,ORY,"86,272",$261.93,"5,257 mi",236,$0.0498
LIM,CDG,"86,260",$771.21,"6,577 mi",236,$0.1173
SJO,CDG,"85,926",$554.64,"5,719 mi",235,$0.0970
AUA,MCO,"85,760",$245.71,"1,359 mi",235,$0.1808
SJD,SLC,"85,721",$284.41,"1,263 mi",235,$0.2252
BOG,SJU,"85,681",$181.68,"1,130 mi",235,$0.1608
CUN,PUJ,"85,606",$106.40,"1,251 mi",235,$0.0851
MTY,MIA,"85,500",$149.09,"1,269 mi",234,$0.1175
BOG,IPI,"85,355",$98.00,349 mi,234,$0.2808
MTY,CEN,"85,311",$78.38,593 mi,234,$0.1322
SDQ,ATL,"85,229",$281.16,"1,349 mi",234,$0.2084
BOG,MZL,"85,040",$55.50,91 mi,233,$0.6099
VCP,JOI,"84,986",$157.60,239 mi,233,$0.6594
GRU,AMS,"84,682",$803.90,"5,891 mi",232,$0.1365
AUA,MIA,"84,649",$161.68,"1,102 mi",232,$0.1467
REC,CWB,"84,627",$276.34,"1,571 mi",232,$0.1759
REC,NAT,"84,522",$140.76,171 mi,232,$0.8232
LIM,LAX,"84,461",$614.72,"4,051 mi",231,$0.1517
GDL,MIA,"84,235",$182.39,"1,460 mi",231,$0.1249
BOG,EWR,"84,233",$344.38,"2,562 mi",231,$0.1344
BOG,IAD,"84,100",$292.26,"2,304 mi",230,$0.1268
GDL,ACA,"83,839",$51.63,339 mi,230,$0.1523
SJD,MSP,"83,817",$295.00,"1,713 mi",230,$0.1722
MEX,SEA,"83,051",$420.47,"2,264 mi",228,$0.1857
TIJ,TAP,"82,875",$83.11,"2,031 mi",227,$0.0409
REC,SDU,"82,703",$208.87,"1,193 mi",227,$0.1751
BOG,BLB,"82,198",$94.26,460 mi,225,$0.2049
KIN,LGW,"82,080",$679.78,"4,543 mi",225,$0.1496
PVR,IAH,"82,038",$256.74,919 mi,225,$0.2794
MEX,TPA,"81,621",$165.39,"1,235 mi",224,$0.1339
SJO,HOU,"81,477",$201.48,"1,580 mi",223,$0.1275
CLO,JFK,"81,276",$307.12,"2,491 mi",223,$0.1233
CUN,HAV,"81,251",$115.03,325 mi,223,$0.3539
LIM,BCN,"81,197",$536.08,"6,404 mi",222,$0.0837
BOG,AEP,"80,683",$349.83,"2,986 mi",221,$0.1172
SJD,SJC,"80,512",$189.58,"1,257 mi",221,$0.1508
GRU,CXJ,"80,367",$184.13,479 mi,220,$0.3844
BOG,UIB,"80,356",$73.86,179 mi,220,$0.4126
PVR,PDX,"79,957",$261.71,"2,041 mi",219,$0.1282
BOG,VVC,"79,604",$83.73,50 mi,218,$1.6746
VCP,AJU,"79,545",$246.10,"1,095 mi",218,$0.2247
LIM,ATA,"79,270",$94.40,182 mi,217,$0.5187
EZE,LAX,"79,175",$849.37,"6,311 mi",217,$0.1346
MBJ,YUL,"79,163",$218.80,"1,934 mi",217,$0.1131
VCP,LDB,"79,091",$106.97,263 mi,217,$0.4067
CUN,CVG,"79,053",$211.91,"1,289 mi",217,$0.1644
CUN,RDU,"78,988",$209.39,"1,170 mi",216,$0.1790
MBJ,CLT,"78,611",$341.78,"1,204 mi",215,$0.2839
SCL,CDG,"78,397",$857.58,"7,471 mi",215,$0.1148
MTY,TQO,"78,300",$101.82,855 mi,215,$0.1191
LIM,GYE,"78,258",$218.39,686 mi,214,$0.3184
REC,THE,"78,195",$231.94,599 mi,214,$0.3872
GDL,SFO,"78,007",$174.26,"1,692 mi",214,$0.1030
SJD,SNA,"77,972",$309.91,853 mi,214,$0.3633
GRU,HND,"77,723","$1,244.50","11,173 mi",213,$0.1114
GIG,LHR,"77,668",$985.59,"5,578 mi",213,$0.1767
GRU,BRC,"77,470",$263.02,"1,823 mi",212,$0.1443
CUN,MSY,"77,425",$152.22,674 mi,212,$0.2258
PTY,ATL,"77,400",$320.73,"1,779 mi",212,$0.1803
AUA,ATL,"77,230",$404.77,"1,667 mi",212,$0.2428
CUN,PDX,"77,111",$216.14,"2,555 mi",211,$0.0846
SDQ,GUA,"77,083",$217.81,"1,448 mi",211,$0.1504
GRU,JJG,"76,679",$143.00,408 mi,210,$0.3505
CUN,YWG,"76,633",$204.05,"2,136 mi",210,$0.0955
MEX,DGO,"76,330",$165.67,463 mi,209,$0.3578
BOG,LHR,"76,282",$880.18,"5,423 mi",209,$0.1623
TIJ,SLP,"75,961",$70.02,"1,175 mi",208,$0.0596
CUN,LHR,"75,644",$304.50,"5,088 mi",207,$0.0598
SJO,XQP,"75,556",$58.07,39 mi,207,$1.4890
GRU,DXB,"75,495","$1,119.73","7,819 mi",207,$0.1432
PTY,CTG,"75,307",$99.20,288 mi,206,$0.3444
VCP,CXJ,"75,135",$221.02,481 mi,206,$0.4595
MTY,MCO,"75,114",$215.80,"1,134 mi",206,$0.1903
CUN,AGU,"74,994",$46.15,"1,024 mi",205,$0.0451
SJD,LAS,"74,786",$167.04,978 mi,205,$0.1708
SJD,AUS,"74,713",$255.73,861 mi,205,$0.2970
PTY,PUJ,"74,544",$177.21,958 mi,204,$0.1850
CUN,SAT,"74,543",$200.75,903 mi,204,$0.2223
LIM,SJO,"74,431",$252.37,"1,645 mi",204,$0.1534
GDL,MDW,"74,330",$140.76,"1,779 mi",204,$0.0791
GRU,YYZ,"74,242",$740.55,"4,938 mi",203,$0.1500
BGI,POS,"74,197",$163.98,218 mi,203,$0.7522
CUN,SMF,"74,197",$211.94,"2,462 mi",203,$0.0861
CUN,MAN,"74,136",$492.29,"4,698 mi",203,$0.1048
GRU,BOS,"73,982",$776.60,"4,664 mi",203,$0.1665
CCS,PTY,"73,689",$330.14,876 mi,202,$0.3769
VCP,PFB,"73,127",$241.41,470 mi,200,$0.5136
PTY,XPL,"72,951",$232.64,650 mi,200,$0.3579
SDQ,SJO,"72,802",$210.27,"1,168 mi",199,$0.1800
SJO,LHR,"72,663",$508.88,"5,573 mi",199,$0.0913
SJD,YYC,"72,473",$236.29,"1,888 mi",199,$0.1252
AUA,IAD,"72,165",$302.63,"1,827 mi",198,$0.1656
SJO,PJM,"71,833",$112.58,114 mi,197,$0.9875
CUN,BRU,"71,794",$238.39,"5,003 mi",197,$0.0476
MEX,CPE,"71,728",$148.22,541 mi,197,$0.2740
GRU,ATL,"71,623",$955.03,"4,526 mi",196,$0.2110
CUN,CMH,"71,552",$243.93,"1,291 mi",196,$0.1889
PTY,GYE,"71,350",$147.10,800 mi,195,$0.1839
MDE,SCL,"71,020",$312.98,"2,668 mi",195,$0.1173
PTY,MGA,"70,930",$233.89,522 mi,194,$0.4481
CCS,CUR,"70,820",$269.33,178 mi,194,$1.5131
GIG,MAD,"70,706",$753.57,"4,911 mi",194,$0.1534
CLO,BGA,"70,653",$86.89,321 mi,194,$0.2707
AUA,CLT,"70,446",$485.02,"1,762 mi",193,$0.2753
PVR,HOU,"70,412",$231.97,852 mi,193,$0.2723
SCL,LHR,"70,406","$1,199.97","7,458 mi",193,$0.1609
REC,AJU,"70,106",$102.81,239 mi,192,$0.4302
CLO,GPI,"69,813",$64.48,128 mi,191,$0.5038
PTY,IAD,"69,776",$391.28,"2,005 mi",191,$0.1952
GRU,PVG,"69,665","$1,450.12","11,888 mi",191,$0.1220
SJO,YYZ,"69,564",$328.64,"2,413 mi",191,$0.1362
UIO,PUJ,"69,554",$158.68,"1,415 mi",191,$0.1121
CUN,LIM,"69,485",$194.32,"2,449 mi",190,$0.0793
TIJ,ZIH,"69,171",$47.46,"1,371 mi",190,$0.0346
SJO,ORD,"69,138",$415.40,"2,288 mi",189,$0.1816
SXM,EWR,"69,098",$421.32,"1,748 mi",189,$0.2410
SJO,SFO,"68,985",$436.64,"2,950 mi",189,$0.1480
CUN,YOW,"68,894",$183.73,"1,741 mi",189,$0.1055
VCP,PPB,"68,681",$149.75,272 mi,188,$0.5506
CCS,HAV,"68,508",$418.67,"1,369 mi",188,$0.3058
BOG,ORD,"68,462",$265.79,"2,792 mi",188,$0.0952
MEX,ICN,"68,342",$995.98,"7,291 mi",187,$0.1366
BSB,OPS,"68,082",$236.89,600 mi,187,$0.3948
BOG,EJA,"68,049",$94.88,157 mi,186,$0.6043
LIM,SFO,"67,792",$469.89,"4,646 mi",186,$0.1011
GRU,MCP,"67,712",$318.02,"1,702 mi",186,$0.1869
MEX,IST,"67,513",$608.95,"6,864 mi",185,$0.0887
MEX,CEN,"67,122",$161.58,849 mi,184,$0.1903
BSB,IMP,"66,948",$226.28,694 mi,183,$0.3261
SCL,JFK,"66,729",$929.16,"5,272 mi",183,$0.1762
BGI,SVD,"66,602",$94.39,119 mi,182,$0.7932
BSB,MIA,"66,516",$348.14,"3,501 mi",182,$0.0994
BGI,MAN,"66,410",$508.98,"4,037 mi",182,$0.1261
REC,LIS,"66,159",$582.30,"3,748 mi",181,$0.1554
CUN,MKE,"66,094",$178.96,"1,470 mi",181,$0.1217
GRU,SJO,"65,939",$371.14,"3,337 mi",181,$0.1112
SXM,CDG,"65,564",$958.27,"4,061 mi",180,$0.2360
GRU,FEN,"65,355",$297.19,"1,597 mi",179,$0.1861
LIM,MXP,"65,237",$511.09,"6,810 mi",179,$0.0750
GRU,SFO,"65,071","$1,247.24","6,285 mi",178,$0.1984
REC,MCZ,"65,070",$102.94,110 mi,178,$0.9358
GDL,RNO,"65,038",$68.18,"1,683 mi",178,$0.0405
MEX,ZCL,"64,951",$130.95,324 mi,178,$0.4042
SCL,ATL,"64,939",$965.04,"4,574 mi",178,$0.2110
LIM,LIN,"64,936",$523.43,"6,835 mi",178,$0.0766
CUN,YHZ,"64,882",$228.78,"2,053 mi",178,$0.1114
MBJ,MIA,"64,518",$255.22,510 mi,177,$0.5004
CUN,GRU,"64,479",$406.91,"4,226 mi",177,$0.0963
GIG,OPO,"64,435",$669.23,"5,097 mi",177,$0.1313
EZE,REC,"64,345",$255.56,"2,446 mi",176,$0.1045
LIM,MCO,"64,306",$318.56,"2,893 mi",176,$0.1101
GDL,REX,"64,282",$107.62,513 mi,176,$0.2098
GRU,LAS,"64,154",$830.49,"5,896 mi",176,$0.1409
MEX,SMF,"64,122",$142.23,"1,949 mi",176,$0.0730
PVR,YUL,"64,082",$236.18,"2,399 mi",176,$0.0984
CUN,AMS,"63,993",$413.39,"5,299 mi",175,$0.0780
EZE,SJO,"63,803",$466.85,"3,628 mi",175,$0.1287
GRU,MDE,"63,681",$355.07,"2,913 mi",174,$0.1219
SXM,ATL,"63,378",$422.01,"1,753 mi",174,$0.2407
SJO,IAH,"63,037",$279.35,"1,603 mi",173,$0.1743
MEX,SLC,"62,816",$422.85,"1,710 mi",172,$0.2473
LIM,AMS,"62,688",$795.36,"6,732 mi",172,$0.1181
LIM,YYZ,"62,604",$383.65,"3,736 mi",172,$0.1027
BSB,STM,"62,589",$288.06,"1,009 mi",171,$0.2855
SDQ,NLU,"62,498",$155.77,"1,859 mi",171,$0.0838
CUN,FCO,"62,477",$379.91,"5,877 mi",171,$0.0646
HAV,NLU,"61,997",$236.57,"1,058 mi",170,$0.2236
SJO,DFW,"61,754",$365.55,"1,834 mi",169,$0.1993
CUN,MLM,"61,596",$38.19,891 mi,169,$0.0429
MEX,PHL,"61,592",$297.65,"2,058 mi",169,$0.1446
POS,LGW,"61,517",$491.80,"4,543 mi",169,$0.1083
CLO,MEX,"61,419",$190.30,"1,939 mi",168,$0.0981
MEX,DTW,"61,085",$555.45,"1,767 mi",167,$0.3143
LIM,LHR,"60,958",$786.26,"6,496 mi",167,$0.1210
VRA,SVO,"60,917",$456.89,"6,096 mi",167,$0.0749
SJD,YYZ,"60,577",$281.84,"2,152 mi",166,$0.1310
SCL,MCO,"60,461",$508.14,"4,457 mi",166,$0.1140
BOG,GDL,"59,988",$235.18,"2,309 mi",164,$0.1019
SDQ,BCN,"59,624",$265.08,"4,316 mi",163,$0.0614
GRU,ZRH,"59,613","$1,164.51","5,791 mi",163,$0.2011
LIM,FCO,"59,606",$570.20,"6,535 mi",163,$0.0873
GDL,JFK,"59,506",$201.89,"2,154 mi",163,$0.0937
PVR,ATL,"59,415",$382.01,"1,510 mi",163,$0.2530
MEX,PUJ,"59,376",$222.54,"2,064 mi",163,$0.1078
PVR,SLC,"59,275",$380.07,"1,401 mi",162,$0.2713
SJD,EWR,"59,089",$447.59,"2,316 mi",162,$0.1933
EZE,MDE,"58,969",$379.03,"3,129 mi",162,$0.1211
CUN,TRC,"58,912",$132.38,"1,061 mi",161,$0.1248
SJD,QRO,"58,876",$68.85,617 mi,161,$0.1116
SJO,FRA,"58,863",$419.63,"5,638 mi",161,$0.0744
GIG,FCO,"58,743",$654.36,"5,869 mi",161,$0.1115
GRU,ORD,"58,724","$1,203.62","5,080 mi",161,$0.2369
GIG,ROS,"58,640",$201.53,"1,313 mi",161,$0.1535
GIG,PTY,"58,628",$478.75,"3,389 mi",161,$0.1413
EZE,COR,"58,609",$88.86,396 mi,161,$0.2244
CUN,IST,"58,605",$466.89,"6,676 mi",161,$0.0699
BOG,LAX,"58,590",$343.96,"3,584 mi",161,$0.0960
BOG,MTY,"58,583",$252.19,"2,184 mi",161,$0.1155
SCL,COR,"58,494",$141.84,398 mi,160,$0.3564
AUA,AMS,"58,395",$579.39,"4,748 mi",160,$0.1220
SCL,POA,"58,261",$228.01,"1,210 mi",160,$0.1884
SJD,BJX,"58,223",$36.26,532 mi,160,$0.0682
CCS,BNS,"57,871",$79.93,267 mi,159,$0.2994
TIJ,TRC,"57,860",$75.00,977 mi,159,$0.0768
SXM,YYZ,"57,662",$257.66,"1,955 mi",158,$0.1318
VRA,MIA,"56,960",$92.72,198 mi,156,$0.4683
MEX,RDU,"56,742",$295.50,"1,726 mi",155,$0.1712
PVR,SNA,"56,738",$262.62,"1,220 mi",155,$0.2153
GIG,CGB,"56,704",$212.15,945 mi,155,$0.2245
EZE,HAV,"56,575",$381.03,"4,419 mi",155,$0.0862
SDQ,SAL,"56,567",$197.63,"1,372 mi",155,$0.1440
GDL,YVR,"56,527",$69.44,"2,331 mi",155,$0.0298
PTY,CUR,"56,522",$206.10,762 mi,155,$0.2705
BOG,TCO,"56,473",$132.55,364 mi,155,$0.3641
SCL,LAX,"56,455",$883.35,"5,752 mi",155,$0.1536
SJO,IAD,"56,453",$269.31,"1,982 mi",155,$0.1359
TIJ,MID,"56,430",$130.51,"1,803 mi",155,$0.0724
BGI,GND,"56,375",$114.91,176 mi,154,$0.6529
MDE,LAX,"56,356",$373.96,"3,247 mi",154,$0.1152
REC,FLN,"56,231",$227.13,"1,666 mi",154,$0.1363
SJO,AMS,"56,201",$403.27,"5,461 mi",154,$0.0738
SCL,CNF,"56,056",$299.42,"1,959 mi",154,$0.1528
VCP,JDO,"55,982",$170.39,"1,174 mi",153,$0.1451
CUN,REX,"55,650",$87.67,820 mi,152,$0.1069
GIG,FRA,"55,637",$711.11,"5,767 mi",152,$0.1233
BOG,DFW,"55,487",$287.08,"2,517 mi",152,$0.1141
GIG,MDZ,"55,247",$197.30,"1,650 mi",151,$0.1196
PVR,YWG,"55,104",$248.07,"2,005 mi",151,$0.1237
AUA,ORD,"54,988",$416.80,"2,234 mi",151,$0.1866
GRU,ASU,"54,949",$194.21,727 mi,151,$0.2671
MDE,RCH,"54,918",$83.55,420 mi,150,$0.1989
TQO,DFW,"54,654",$185.69,"1,084 mi",150,$0.1713
PTY,MAD,"54,571",$566.91,"5,220 mi",150,$0.1086
MDE,AXM,"54,393",$56.31,125 mi,149,$0.4505
TQO,YUL,"54,157",$122.80,"1,977 mi",148,$0.0621
CUN,PIT,"54,152",$250.52,"1,358 mi",148,$0.1845
MTY,DEN,"54,126",$216.52,978 mi,148,$0.2214
HAV,GEO,"54,070",$474.64,"1,910 mi",148,$0.2485
VCP,PNZ,"54,052",$191.39,"1,069 mi",148,$0.1790
TQO,IAH,"53,703",$216.58,806 mi,147,$0.2687
SJD,OAK,"53,619",$91.51,"1,212 mi",147,$0.0755
GRU,JNB,"53,607",$675.66,"4,761 mi",147,$0.1419
MTY,ICN,"53,413","$1,006.08","7,338 mi",146,$0.1371
GRU,NRT,"53,377","$1,215.48","11,836 mi",146,$0.1027
EZE,ATL,"53,284","$1,108.07","5,169 mi",146,$0.2144
SJO,DEN,"53,282",$352.84,"2,344 mi",146,$0.1505
VCP,ROO,"53,126",$273.89,643 mi,146,$0.4260
CCS,BRM,"53,056",$62.56,161 mi,145,$0.3886
MBJ,FRA,"52,759",$662.30,"5,245 mi",145,$0.1263
PTY,SAP,"52,741",$218.49,704 mi,144,$0.3104
REC,PNZ,"52,500",$159.50,383 mi,144,$0.4164
EZE,VVI,"52,477",$174.39,"1,257 mi",144,$0.1387
SCL,GYE,"52,382",$303.74,"2,170 mi",144,$0.1400
REC,MVD,"52,161",$222.32,"2,347 mi",143,$0.0947
BSB,IGU,"52,019",$219.46,770 mi,143,$0.2850
AUA,BOG,"51,936",$103.86,626 mi,142,$0.1659
MEX,MSP,"51,932",$395.55,"1,844 mi",142,$0.2145
MEX,SDQ,"51,738",$275.16,"1,979 mi",142,$0.1390
MEX,DXB,"51,728",$835.45,"9,170 mi",142,$0.0911
CLO,PTY,"51,707",$92.28,421 mi,142,$0.2192
GRU,MDZ,"51,507",$279.04,"1,548 mi",141,$0.1803
BOG,CUZ,"51,459",$203.80,"1,307 mi",141,$0.1559
PTY,LAX,"51,241",$455.29,"3,101 mi",140,$0.1468
SCL,ASU,"51,004",$301.05,947 mi,140,$0.3179
EZE,IST,"50,973",$625.73,"7,851 mi",140,$0.0797
CUN,SJU,"50,817",$160.94,"1,409 mi",139,$0.1142
GDL,TAP,"50,799",$44.00,846 mi,139,$0.0520
MDE,BOS,"50,764",$264.23,"2,591 mi",139,$0.1020
GRU,GVA,"50,706","$1,053.65","5,653 mi",139,$0.1864
SCL,SYD,"50,478","$1,261.01","6,835 mi",138,$0.1845
GRU,LPB,"50,408",$233.53,"1,442 mi",138,$0.1619
BSB,LIS,"50,234",$710.49,"4,667 mi",138,$0.1522
GIG,MEX,"50,174",$661.35,"4,620 mi",137,$0.1431
LIM,ATL,"50,100",$474.43,"3,287 mi",137,$0.1443
MDE,GUA,"50,056",$226.21,"1,144 mi",137,$0.1977
LIM,IAD,"50,046",$343.08,"3,415 mi",137,$0.1005
UIO,EWR,"49,947",$247.05,"2,747 mi",137,$0.0899
GDL,ATL,"49,726",$317.92,"1,513 mi",136,$0.2101
SCL,SJO,"49,616",$437.42,"3,031 mi",136,$0.1443
EZE,AMS,"49,456",$843.47,"6,908 mi",135,$0.1221
CUN,MVD,"49,450",$457.65,"4,228 mi",135,$0.1082
MDE,UIO,"49,421",$144.21,493 mi,135,$0.2925
GDL,YYZ,"49,347",$102.56,"2,038 mi",135,$0.0503
SJO,CTG,"49,234",$127.79,574 mi,135,$0.2226
HAV,MEX,"49,217",$199.04,"1,133 mi",135,$0.1757
PTY,MNL,"49,118",$845.03,"10,598 mi",135,$0.0797
EZE,UIO,"48,969",$378.09,"2,799 mi",134,$0.1351
REC,MCO,"48,920",$440.81,"3,872 mi",134,$0.1138
SJO,BOS,"48,888",$367.48,"2,446 mi",134,$0.1502
GRU,MUC,"48,733",$933.58,"5,941 mi",134,$0.1571
CUN,YLW,"48,721",$249.04,"2,749 mi",133,$0.0906
MBJ,DTW,"48,613",$327.51,"1,719 mi",133,$0.1905
SCL,IGU,"48,605",$189.84,"1,149 mi",133,$0.1652
CLO,MCO,"48,578",$213.83,"1,698 mi",133,$0.1259
MBJ,RDU,"48,555",$152.17,"1,238 mi",133,$0.1229
GIG,AMS,"48,469",$757.59,"6,118 mi",133,$0.1238
MTY,OAK,"48,365",$77.92,"1,487 mi",133,$0.0524
LIM,CHH,"48,329",$66.36,417 mi,132,$0.1591
MTY,DTW,"48,329",$662.10,"1,437 mi",132,$0.4608
SDQ,SXM,"48,315",$80.10,444 mi,132,$0.1804
POS,FLL,"48,190",$243.97,"1,580 mi",132,$0.1544
TIJ,LTO,"47,899",$72.13,548 mi,131,$0.1316
MEX,SJU,"47,894",$364.69,"2,224 mi",131,$0.1640
CUN,BDL,"47,784",$191.59,"1,714 mi",131,$0.1118
GRU,IST,"47,699",$723.05,"6,363 mi",131,$0.1136
MBJ,MSP,"47,601",$285.25,"2,086 mi",130,$0.1367
GDL,SJO,"47,543",$93.99,"1,420 mi",130,$0.0662
LIM,SDQ,"47,505",$281.84,"2,099 mi",130,$0.1343
SJO,YUL,"47,304",$274.12,"2,452 mi",130,$0.1118
CUN,TAM,"47,253",$97.46,732 mi,129,$0.1331
CUN,MXP,"47,072",$441.48,"5,286 mi",129,$0.0835
EZE,FRA,"46,693","$1,117.84","6,933 mi",128,$0.1612
GRU,ORY,"46,574",$500.50,"5,999 mi",128,$0.0834
BSB,SCL,"46,347",$326.90,"1,814 mi",127,$0.1802
POS,MCO,"46,331",$323.28,"1,840 mi",127,$0.1757
VCP,MAD,"46,250",$257.14,"5,360 mi",127,$0.0480
REC,UDI,"46,078",$174.59,"1,196 mi",126,$0.1460
MTY,TAP,"46,015",$92.37,882 mi,126,$0.1047
TQO,ATL,"45,953",$259.29,922 mi,126,$0.2812
PTY,MVD,"45,925",$570.88,"3,498 mi",126,$0.1632
AUA,MDE,"45,896",$86.94,589 mi,126,$0.1476
REC,RAO,"45,886",$265.31,"1,205 mi",126,$0.2202
CUN,HMO,"45,819",$85.55,"1,560 mi",126,$0.0548
CUN,COR,"45,698",$451.07,"3,799 mi",125,$0.1187
MBJ,LAX,"45,583",$334.69,"2,624 mi",125,$0.1275
CLO,ANF,"45,576",$143.25,"1,964 mi",125,$0.0729
BOG,APO,"45,529",$110.40,270 mi,125,$0.4089
SCL,CWB,"45,449",$289.58,"1,363 mi",125,$0.2125
PVR,SMF,"45,397",$171.03,"1,626 mi",124,$0.1052
SJD,DTW,"45,294",$450.02,"1,946 mi",124,$0.2313
SCL,TRU,"45,253",$179.54,"1,883 mi",124,$0.0953
SJO,MGA,"45,190",$213.50,193 mi,124,$1.1062
POS,GND,"45,124",$145.08,99 mi,124,$1.4655
MEX,PDX,"45,104",$247.19,"2,182 mi",124,$0.1133
PVR,CJS,"44,627",$108.73,737 mi,122,$0.1475
BOG,FCO,"44,560",$519.49,"5,990 mi",122,$0.0867
CUN,PVR,"44,558",$158.62,"1,222 mi",122,$0.1298
MBJ,BDL,"44,512",$133.54,"1,697 mi",122,$0.0787
SDQ,CUR,"44,155",$73.34,447 mi,121,$0.1641
LIM,VVI,"43,865",$169.14,981 mi,120,$0.1724
REC,IGU,"43,690",$190.70,"1,817 mi",120,$0.1050
CUN,BCN,"43,681",$337.76,"5,376 mi",120,$0.0628
MTY,HUX,"43,502",$170.48,712 mi,119,$0.2394
EZE,ORD,"43,485","$1,059.90","5,791 mi",119,$0.1830
MBJ,DFW,"43,457",$289.88,"1,500 mi",119,$0.1933
GRU,TLV,"43,450",$889.93,"6,788 mi",119,$0.1311
EZE,DXB,"43,310",$820.12,"8,752 mi",119,$0.0937
LIM,YUL,"43,293",$347.53,"4,097 mi",119,$0.0848
MBJ,IAH,"43,232",$274.20,"1,392 mi",118,$0.1970
CCS,LSP,"43,215",$69.54,236 mi,118,$0.2947
REC,SJP,"43,180",$222.49,"1,266 mi",118,$0.1757
EZE,TLV,"43,120",$749.58,"7,381 mi",118,$0.1016
MTY,AUS,"43,049",$123.23,349 mi,118,$0.3531
PVR,LAS,"43,013",$156.90,"1,184 mi",118,$0.1325
TQO,JFK,"42,881",$211.13,"1,584 mi",117,$0.1333
UIO,ATL,"42,770",$442.54,"2,295 mi",117,$0.1928
MBJ,STL,"42,749",$233.26,"1,538 mi",117,$0.1517
GRU,CTG,"42,716",$350.89,"2,962 mi",117,$0.1185
CUN,YQR,"42,715",$183.57,"2,182 mi",117,$0.0841
CLO,BLB,"42,652",$88.88,419 mi,117,$0.2121
HAV,CDG,"42,644",$546.57,"4,955 mi",117,$0.1103
MEX,PEK,"42,635",$676.57,"7,959 mi",117,$0.0850
BSB,NVT,"42,557",$301.98,785 mi,117,$0.3847
CUN,GRR,"42,427",$272.13,"1,556 mi",116,$0.1749
EZE,CTG,"42,387",$429.50,"3,219 mi",116,$0.1334
GRU,RBR,"42,383",$270.26,"1,747 mi",116,$0.1547
MEX,FRA,"42,340",$827.76,"5,757 mi",116,$0.1438
GIG,LAX,"41,877",$899.56,"6,489 mi",115,$0.1386
PTY,ORD,"41,864",$386.95,"2,402 mi",115,$0.1611
SCL,FRA,"41,661",$855.80,"7,745 mi",114,$0.1105
CLO,BCN,"41,587",$500.79,"5,294 mi",114,$0.0946
SCL,CTG,"41,572",$297.46,"2,954 mi",114,$0.1007
MEX,MUC,"41,504",$868.19,"6,301 mi",114,$0.1378
SJO,NOB,"41,422",$79.09,95 mi,113,$0.8325
CUN,SJD,"41,273",$185.85,"1,512 mi",113,$0.1229
GRU,DFW,"41,058",$961.52,"5,276 mi",112,$0.1822
AUA,BWI,"40,956",$349.57,"1,830 mi",112,$0.1910
CLO,MTR,"40,906",$95.71,356 mi,112,$0.2688
BOG,BOS,"40,876",$284.28,"2,687 mi",112,$0.1058
SXM,YUL,"40,836",$252.27,"1,931 mi",112,$0.1306
KIN,PTY,"40,802",$294.62,618 mi,112,$0.4767
AUA,BON,"40,654",$128.26,125 mi,111,$1.0261
CUN,DSM,"40,617",$290.15,"1,426 mi",111,$0.2035
BSB,LIM,"40,574",$314.58,"2,033 mi",111,$0.1547
CUN,SAN,"40,550",$236.94,"1,965 mi",111,$0.1206
AUA,EZE,"40,464",$471.31,"3,456 mi",111,$0.1364
HAV,SDQ,"40,463",$109.07,855 mi,111,$0.1276
EZE,GYE,"40,460",$355.41,"2,720 mi",111,$0.1307
BGI,SLU,"40,418",$106.68,124 mi,111,$0.8603
MBJ,PTY,"40,311",$240.32,679 mi,110,$0.3539
GRU,YVR,"40,284",$814.16,"7,073 mi",110,$0.1151
GRU,PET,"40,209",$178.27,695 mi,110,$0.2565
MTY,PXM,"40,181",$104.37,732 mi,110,$0.1426
SXM,BOS,"39,924",$467.34,"1,795 mi",109,$0.2604
TQO,EWR,"39,813",$245.01,"1,674 mi",109,$0.1464
CCS,LRM,"39,745",$141.48,574 mi,109,$0.2465
BOG,MVD,"39,717",$354.18,"2,886 mi",109,$0.1227
KIN,SDQ,"39,118",$128.40,454 mi,107,$0.2828
GDL,HUX,"39,023",$47.92,550 mi,107,$0.0871
GIG,ATL,"39,007",$830.63,"4,606 mi",107,$0.1803
BGI,CLT,"38,886",$339.73,"1,971 mi",107,$0.1724
CUN,AEP,"38,864",$383.74,"4,400 mi",106,$0.0872
HAV,IAH,"38,770",$185.37,961 mi,106,$0.1929
SCL,SSA,"38,709",$254.42,"2,409 mi",106,$0.1056
MEX,TPQ,"38,694",$116.47,386 mi,106,$0.3017
SDQ,CTG,"38,680",$138.94,696 mi,106,$0.1996
GRU,HKG,"38,627","$1,221.93","10,850 mi",106,$0.1126
GRU,ATH,"38,557",$821.29,"6,413 mi",106,$0.1281
BOG,TPA,"38,546",$207.72,"1,649 mi",106,$0.1260
PVR,SJC,"38,545",$215.48,"1,572 mi",106,$0.1371
EZE,LAS,"38,480",$740.24,"5,921 mi",105,$0.1250
AUA,PTY,"38,445",$171.95,658 mi,105,$0.2613
EZE,SFO,"38,359","$1,277.43","6,270 mi",105,$0.2037
MBJ,IAD,"38,339",$262.73,"1,371 mi",105,$0.1916
GDL,CLT,"38,287",$170.94,"1,644 mi",105,$0.1040
REC,CGB,"38,183",$261.22,"1,569 mi",105,$0.1665
EZE,SSA,"38,141",$251.67,"1,912 mi",104,$0.1316
CUN,OKC,"38,090",$267.56,"1,150 mi",104,$0.2327
EZE,CBB,"38,090",$184.72,"1,252 mi",104,$0.1475
CUN,LIS,"38,077",$235.58,"4,818 mi",104,$0.0489
KIN,ATL,"38,070",$261.15,"1,148 mi",104,$0.2275
SJO,SJU,"38,062",$244.24,"1,310 mi",104,$0.1864
SXM,CLT,"37,912",$568.82,"1,565 mi",104,$0.3635
SCL,UIO,"37,673",$367.78,"2,280 mi",103,$0.1613
AUA,LIM,"37,490",$227.45,"1,710 mi",103,$0.1330
MDE,GYE,"37,470",$150.93,632 mi,103,$0.2388
UIO,MCO,"37,399",$199.63,"1,923 mi",102,$0.1038
SXM,FLL,"37,361",$172.44,"1,186 mi",102,$0.1454
LIM,FLL,"37,353",$113.76,"2,561 mi",102,$0.0444
REC,JPA,"37,347",$39.29,70 mi,102,$0.5613
MEX,BER,"37,342",$518.11,"5,868 mi",102,$0.0883
EZE,CRD,"37,339",$132.89,917 mi,102,$0.1449
BGI,ATL,"37,331",$356.01,"2,178 mi",102,$0.1635
SJD,CLT,"37,306",$294.16,"1,973 mi",102,$0.1491
LIM,ORD,"37,304",$524.38,"3,679 mi",102,$0.1425
SJD,HMO,"37,298",$81.12,406 mi,102,$0.1998
REC,CPV,"37,284",$95.43,92 mi,102,$1.0373
SJD,TRC,"37,278",$84.03,444 mi,102,$0.1893
LIM,IAH,"37,110",$714.11,"3,052 mi",102,$0.2340
SDQ,PHL,"37,086",$184.23,"1,472 mi",102,$0.1252
SDQ,GEO,"36,986",$127.09,"1,161 mi",101,$0.1095
BOG,BSB,"36,829",$307.65,"2,219 mi",101,$0.1386
SJD,MXL,"36,808",$77.19,714 mi,101,$0.1081
GRU,LAD,"36,648",$744.01,"4,182 mi",100,$0.1779
VCP,JTC,"36,629",$129.15,132 mi,100,$0.9784
GRU,BER,"36,541",$796.96,"6,546 mi",100,$0.1217
HAV,FCO,"36,373",$440.02,"5,240 mi",100,$0.0840
GRU,DUB,"36,359",$624.80,"6,003 mi",100,$0.1041
BOG,YUL,"36,358",$311.75,"2,732 mi",100,$0.1141
MDE,YYZ,"36,283",$344.66,"2,526 mi",99,$0.1364
GRU,CPT,"36,160",$730.99,"3,828 mi",99,$0.1910
MDE,VUP,"36,156",$120.78,320 mi,99,$0.3774
GRU,ICN,"36,117","$1,560.36","11,721 mi",99,$0.1331
PTY,YYZ,"36,071",$388.22,"2,463 mi",99,$0.1576
GRU,BRU,"36,036",$754.82,"6,177 mi",99,$0.1222
SCL,FCO,"36,016",$800.85,"7,166 mi",99,$0.1118
BGI,FRA,"35,971",$545.99,"4,695 mi",99,$0.1163
HAV,PTY,"35,971",$222.69,"1,011 mi",99,$0.2203
EZE,NAT,"35,912",$279.95,"2,417 mi",98,$0.1158
GDL,EWR,"35,887",$199.68,"2,271 mi",98,$0.0879
PVR,MXL,"35,718",$56.74,998 mi,98,$0.0569
KIN,POS,"35,659",$311.82,"1,116 mi",98,$0.2794
PVR,DTW,"35,641",$433.96,"2,017 mi",98,$0.2152
GIG,SJK,"35,631",$84.28,174 mi,98,$0.4844
MDE,ORD,"35,625",$277.98,"2,512 mi",98,$0.1107
MEX,ZRH,"35,536",$848.03,"6,191 mi",97,$0.1370
REC,NVT,"35,532",$249.29,"1,624 mi",97,$0.1535
SJD,MCI,"35,523",$286.95,"1,378 mi",97,$0.2082
TQO,MIA,"35,441",$247.11,590 mi,97,$0.4188
GRU,GEL,"35,418",$195.07,566 mi,97,$0.3446
CLO,LIM,"35,414",$234.20,"1,109 mi",97,$0.2112
CUN,VIE,"35,405",$315.97,"5,561 mi",97,$0.0568
PTY,SJU,"35,218",$293.57,"1,073 mi",96,$0.2736
SJO,CLT,"35,214",$385.59,"1,702 mi",96,$0.2266
SJO,XPL,"35,044",$218.71,373 mi,96,$0.5864
CUN,LGA,"34,908",$208.27,"1,610 mi",96,$0.1294
MTY,ATL,"34,851",$332.94,"1,117 mi",95,$0.2981
EZE,MCZ,"34,672",$278.09,"2,331 mi",95,$0.1193
SJD,YEG,"34,535",$168.84,"2,156 mi",95,$0.0783
MBJ,DEN,"34,521",$295.42,"2,106 mi",95,$0.1403
EZE,LIN,"34,333",$829.94,"6,764 mi",94,$0.1227
BOG,PTX,"34,218",$74.12,231 mi,94,$0.3209
LIM,DCA,"34,216",$511.29,"3,620 mi",94,$0.1412
AUA,FLL,"34,198",$180.61,"1,112 mi",94,$0.1624
BOG,CZU,"34,159",$80.97,319 mi,94,$0.2538
MEX,TLV,"34,140",$867.69,"7,988 mi",94,$0.1086
LIM,BOS,"34,081",$449.20,"3,891 mi",93,$0.1154
CUN,MUC,"34,047",$176.52,"5,689 mi",93,$0.0310
LIM,MVD,"33,939",$255.65,"1,995 mi",93,$0.1281
POS,IAH,"33,911",$505.96,"2,486 mi",93,$0.2035
HAV,SCU,"33,891",$113.58,485 mi,93,$0.2342
MEX,SZX,"33,863",$970.27,"9,042 mi",93,$0.1073
EZE,PMI,"33,824",$702.57,"6,259 mi",93,$0.1122
MTY,SFO,"33,762",$262.73,"1,492 mi",92,$0.1761
GRU,YUL,"33,748",$720.82,"5,212 mi",92,$0.1383
SCL,BRC,"33,589",$88.96,552 mi,92,$0.1612
CLO,CUC,"33,578",$89.24,415 mi,92,$0.2150
CUN,DCA,"33,512",$226.19,"1,321 mi",92,$0.1712
BOG,SFO,"33,449",$459.87,"3,903 mi",92,$0.1178
BOG,VVI,"33,426",$262.17,"1,665 mi",92,$0.1575
VCP,IZA,"33,398",$163.60,282 mi,92,$0.5801
BOG,GYE,"33,375",$174.32,637 mi,91,$0.2737
GRU,LIN,"33,330",$686.03,"6,082 mi",91,$0.1128
POS,PTY,"33,255",$301.49,"1,270 mi",91,$0.2374
PTY,BOS,"33,113",$387.89,"2,427 mi",91,$0.1598
GDL,SLC,"33,110",$257.91,"1,445 mi",91,$0.1785
BOG,SJE,"32,925",$78.73,185 mi,90,$0.4256
CUN,TUL,"32,886",$275.97,"1,145 mi",90,$0.2410
SJO,MSP,"32,827",$490.70,"2,395 mi",90,$0.2049
SJO,SEA,"32,816",$426.84,"3,509 mi",90,$0.1216
TQO,YYZ,"32,615",$175.80,"1,740 mi",89,$0.1010
EZE,ATH,"32,564",$769.81,"7,504 mi",89,$0.1026
BGI,BOS,"32,556",$301.82,"2,202 mi",89,$0.1371
BOG,PCR,"32,518",$92.10,483 mi,89,$0.1907
CLO,PUU,"32,510",$82.61,204 mi,89,$0.4050
LIM,FRA,"32,508",$644.24,"6,864 mi",89,$0.0939
UIO,BLB,"32,377",$187.61,611 mi,89,$0.3071
SJO,LGW,"32,325",$642.71,"5,586 mi",89,$0.1151
CUN,YYJ,"32,298",$322.17,"2,688 mi",88,$0.1199
CUN,YXE,"32,242",$263.33,"2,326 mi",88,$0.1132
PTY,FRA,"32,205",$476.69,"5,817 mi",88,$0.0819
BOG,AMS,"32,194",$549.08,"5,328 mi",88,$0.1031
MDE,CUR,"32,179",$146.45,624 mi,88,$0.2347
SJD,ONT,"32,061",$72.82,864 mi,88,$0.0843
LIM,DEN,"32,005",$582.94,"4,117 mi",88,$0.1416
SJO,LAS,"31,921",$295.16,"2,567 mi",87,$0.1150
MEX,UIO,"31,834",$387.58,"2,006 mi",87,$0.1932
GRU,USH,"31,816",$282.23,"2,370 mi",87,$0.1191
BOG,ASU,"31,753",$418.56,"2,420 mi",87,$0.1730
PTY,TPA,"31,676",$256.91,"1,282 mi",87,$0.2004
EZE,MXP,"31,600",$752.12,"7,169 mi",87,$0.1049
PTY,FLL,"31,596",$209.16,"1,211 mi",87,$0.1727
GIG,IAH,"31,576","$1,726.62","5,176 mi",87,$0.3336
VRA,YQB,"31,565",$189.28,"1,682 mi",86,$0.1125
MDE,PSO,"31,480",$91.36,365 mi,86,$0.2503
MDE,BCN,"31,359",$518.42,"5,448 mi",86,$0.0952
SJO,LIR,"31,355",$103.30,103 mi,86,$1.0029
GRU,VCE,"31,335",$712.05,"6,204 mi",86,$0.1148
MDE,SAL,"31,334",$159.51,"1,087 mi",86,$0.1467
PVR,EWR,"31,288",$504.73,"2,356 mi",86,$0.2142
GRU,PEK,"31,245","$1,381.54","11,249 mi",86,$0.1228
MBJ,PIT,"31,160",$194.27,"1,479 mi",85,$0.1314
EZE,LPB,"31,149",$222.24,"1,441 mi",85,$0.1542
EZE,ZRH,"31,126",$983.00,"7,245 mi",85,$0.1357
KIN,PUJ,"31,112",$61.06,537 mi,85,$0.1137
SJO,TNO,"30,917",$128.68,114 mi,85,$1.1288
MEX,BKK,"30,915",$680.71,"10,073 mi",85,$0.0676
CCS,MDE,"30,867",$317.11,673 mi,85,$0.4712
SJD,STL,"30,765",$270.56,"1,520 mi",84,$0.1780
UIO,BCN,"30,756",$382.94,"5,900 mi",84,$0.0649
EZE,AGP,"30,745",$665.98,"5,857 mi",84,$0.1137
PTY,ASU,"30,608",$556.02,"2,706 mi",84,$0.2055
BOG,IST,"30,553",$587.97,"6,466 mi",84,$0.0909
PVR,YYJ,"30,492",$288.76,"2,113 mi",84,$0.1367
EZE,IAH,"30,399","$1,793.25","5,230 mi",83,$0.3429
VCP,OPO,"30,307",$424.10,"4,925 mi",83,$0.0861
MEX,ATH,"30,213",$610.74,"7,229 mi",83,$0.0845
LIM,ANF,"30,209",$258.86,930 mi,83,$0.2783
GRU,IAH,"30,146","$1,224.54","5,059 mi",83,$0.2421
HAV,FRA,"30,117",$394.89,"5,209 mi",83,$0.0758
EZE,FOR,"30,066",$208.51,"2,574 mi",82,$0.0810
CUN,BOI,"30,062",$282.40,"2,224 mi",82,$0.1270
MEX,MXP,"29,839",$676.18,"6,256 mi",82,$0.1081
MBJ,MDW,"29,814",$218.15,"1,761 mi",82,$0.1239
CUN,BHX,"29,787",$512.65,"4,729 mi",82,$0.1084
SDQ,TPA,"29,758",$251.86,"1,018 mi",82,$0.2474
SJO,ZRH,"29,754",$530.19,"6,013 mi",82,$0.0882
HAV,MTY,"29,737",$131.17,"1,095 mi",81,$0.1198
SCL,YYZ,"29,735",$845.59,"5,193 mi",81,$0.1628
POS,ANU,"29,727",$172.08,439 mi,81,$0.3920
CUN,FSD,"29,621",$314.96,"1,708 mi",81,$0.1844
CUN,ONT,"29,615",$180.12,"2,137 mi",81,$0.0843
BGI,ANU,"29,579",$108.10,330 mi,81,$0.3276
GDL,PSC,"29,572",$195.72,"2,050 mi",81,$0.0955
PVR,JFK,"29,552",$318.86,"2,372 mi",81,$0.1344
VCP,ARU,"29,507",$153.97,240 mi,81,$0.6415
CUN,ASU,"29,420",$422.89,"3,642 mi",81,$0.1161
LIM,LPB,"29,400",$163.20,653 mi,81,$0.2499
MEX,YYC,"29,381",$323.30,"2,265 mi",80,$0.1427
MDE,EWR,"29,333",$257.35,"2,315 mi",80,$0.1112
CUN,BER,"29,325",$236.69,"5,660 mi",80,$0.0418
GRU,BKK,"29,298",$966.18,"10,498 mi",80,$0.0920
CUN,SDF,"29,230",$257.61,"1,222 mi",80,$0.2108
SDQ,ORY,"29,127",$299.84,"4,322 mi",80,$0.0694
VCP,PMG,"29,109",$208.46,565 mi,80,$0.3690
MTY,LGA,"29,073",$314.24,"1,879 mi",80,$0.1672
BOG,PDA,"28,747",$94.31,421 mi,79,$0.2240
BOG,IAH,"28,652",$521.69,"2,294 mi",78,$0.2274
MDE,IAD,"28,646",$251.01,"2,336 mi",78,$0.1075
BOG,ZRH,"28,638",$519.15,"5,807 mi",78,$0.0894
MEX,VIE,"28,575",$639.27,"6,127 mi",78,$0.1043
MTY,SLP,"28,557",$135.22,242 mi,78,$0.5588
CUN,DUB,"28,542",$372.88,"4,539 mi",78,$0.0822
PVR,SAN,"28,531",$214.71,"1,143 mi",78,$0.1878
PVR,YLW,"28,512",$291.21,"2,230 mi",78,$0.1306
LIM,GUA,"28,480",$362.60,"1,993 mi",78,$0.1819
GRU,IAD,"28,473","$1,063.22","4,896 mi",78,$0.2172
BOG,LPB,"28,454",$260.77,"1,567 mi",78,$0.1664
AUA,PIT,"28,320",$274.42,"1,970 mi",78,$0.1393
CUN,MEM,"28,288",$245.38,"1,016 mi",78,$0.2415
BOG,FRA,"28,184",$530.87,"5,815 mi",77,$0.0913
MDE,TPA,"28,122",$172.44,"1,624 mi",77,$0.1062
GRU,CUZ,"28,109",$266.86,"1,854 mi",77,$0.1439
MBJ,CLE,"28,109",$227.26,"1,552 mi",77,$0.1464
CLO,GRU,"28,038",$343.76,"2,662 mi",77,$0.1291
TIJ,TQO,"28,031",$144.33,"2,057 mi",77,$0.0702
CLO,EWR,"27,992",$244.52,"2,493 mi",77,$0.0981
GIG,ZRH,"27,950",$681.31,"5,998 mi",77,$0.1136
CCS,CUM,"27,902",$70.99,189 mi,76,$0.3756
PTY,GEO,"27,871",$304.81,"1,501 mi",76,$0.2031
CUN,RIC,"27,790",$221.08,"1,235 mi",76,$0.1790
BOG,DXB,"27,694",$902.43,"8,215 mi",76,$0.1099
GRU,VIE,"27,669",$999.15,"6,102 mi",76,$0.1637
PTY,SFO,"27,592",$486.21,"3,221 mi",76,$0.1510
GRU,RAO,"27,568",$124.39,174 mi,76,$0.7149
SCL,VVI,"27,535",$308.77,"1,151 mi",75,$0.2683
LIM,DFW,"27,488",$611.95,"3,269 mi",75,$0.1872
LIM,COR,"27,409",$226.63,"1,613 mi",75,$0.1405
CLO,ACE,"27,358",$451.64,"4,327 mi",75,$0.1044
PVR,YQR,"27,272",$192.00,"1,994 mi",75,$0.0963
CUN,ZRH,"27,263",$465.69,"5,563 mi",75,$0.0837
SDQ,PHX,"27,251",$399.52,"2,720 mi",75,$0.1469
MBJ,BNA,"27,176",$221.92,"1,289 mi",74,$0.1722
VCP,BYO,"27,144",$257.71,591 mi,74,$0.4361
BGI,OGL,"27,121",$184.19,430 mi,74,$0.4283
CCS,NLU,"27,120",$538.54,"2,156 mi",74,$0.2498
POS,SLU,"27,120",$171.10,245 mi,74,$0.6984
PTY,NAS,"27,114",$284.53,"1,143 mi",74,$0.2489
MEX,BNA,"27,095",$368.13,"1,418 mi",74,$0.2596
CUN,YXU,"27,087",$142.60,"1,508 mi",74,$0.0946
KIN,NAS,"27,052",$215.39,478 mi,74,$0.4506
CUN,SJC,"27,034",$179.78,"2,448 mi",74,$0.0734
BGI,GEO,"27,000",$122.82,448 mi,74,$0.2742
CUN,MDZ,"26,931",$412.54,"3,792 mi",74,$0.1088
SJO,BCN,"26,874",$580.43,"5,405 mi",74,$0.1074
SDQ,FCO,"26,723",$327.92,"4,820 mi",73,$0.0680
SJO,BWI,"26,723",$265.09,"2,131 mi",73,$0.1244
SJO,PHX,"26,704",$330.81,"2,466 mi",73,$0.1341
GRU,COR,"26,699",$229.47,"1,251 mi",73,$0.1834
MEX,SHA,"26,664",$649.54,"8,271 mi",73,$0.0785
HAV,MID,"26,653",$135.07,471 mi,73,$0.2868
CUN,GEG,"26,596",$245.38,"2,580 mi",73,$0.0951
REC,FLL,"26,596",$463.89,"3,730 mi",73,$0.1244
MTY,CZM,"26,534",$92.22,884 mi,73,$0.1043
MBJ,IND,"26,532",$239.53,"1,595 mi",73,$0.1502
GRU,CAN,"26,517","$1,150.34","10,820 mi",73,$0.1063
GRU,SEA,"26,494","$1,251.56","6,576 mi",73,$0.1903
BGI,EWR,"26,487",$291.09,"2,168 mi",73,$0.1343
PTY,GCM,"26,433",$211.78,740 mi,72,$0.2862
MEX,GVA,"26,361",$977.83,"5,765 mi",72,$0.1696
GRU,CBB,"26,346",$219.06,"1,380 mi",72,$0.1587
EZE,BER,"26,322",$781.90,"7,636 mi",72,$0.1024
SDQ,MXP,"26,181",$283.31,"4,619 mi",72,$0.0613
BOG,VLN,"26,179",$109.96,585 mi,72,$0.1880
MBJ,HOU,"26,067",$222.18,"1,376 mi",71,$0.1615
SCL,SFO,"26,030","$1,014.09","5,744 mi",71,$0.1765
LIM,SLC,"25,962",$559.26,"4,402 mi",71,$0.1270
CCS,CUN,"25,951",$414.85,"1,458 mi",71,$0.2845
TQO,ORD,"25,913",$195.13,"1,552 mi",71,$0.1257
GIG,CGR,"25,894",$198.77,728 mi,71,$0.2730
CUN,BUF,"25,857",$186.42,"1,633 mi",71,$0.1142
HAV,LIM,"25,852",$314.76,"2,518 mi",71,$0.1250
MBJ,OMA,"25,649",$283.73,"1,842 mi",70,$0.1540
CLO,CUN,"25,643",$176.18,"1,357 mi",70,$0.1298
SJD,BOS,"25,478",$381.17,"2,657 mi",70,$0.1435
EZE,PVG,"25,457","$1,278.76","11,816 mi",70,$0.1082
BOG,SAL,"25,449",$186.48,"1,147 mi",70,$0.1626
SJO,PHL,"25,437",$334.68,"2,201 mi",70,$0.1521
EZE,SDQ,"25,351",$574.74,"3,638 mi",69,$0.1580
SJD,BNA,"25,350",$321.01,"1,691 mi",69,$0.1898
CUN,SDQ,"25,331",$164.22,"1,099 mi",69,$0.1494
SJO,SAP,"25,314",$186.19,439 mi,69,$0.4241
MBJ,MSY,"25,294",$214.62,"1,143 mi",69,$0.1878
GIG,MDE,"25,281",$386.45,"2,866 mi",69,$0.1348
EZE,DCA,"25,224","$1,186.45","5,383 mi",69,$0.2204
CUN,MXL,"25,173",$98.22,"1,858 mi",69,$0.0529
AUA,IAH,"25,072",$345.49,"1,960 mi",69,$0.1763
LIM,YVR,"24,969",$568.51,"4,919 mi",68,$0.1156
SCL,PVG,"24,969","$1,554.17","12,036 mi",68,$0.1291
UIO,LAX,"24,916",$440.70,"3,606 mi",68,$0.1222
VCP,MII,"24,845",$99.46,181 mi,68,$0.5495
CLO,PMI,"24,834",$424.58,"5,319 mi",68,$0.0798
MTY,YYZ,"24,774",$358.22,"1,739 mi",68,$0.2060
MEX,QRO,"24,738",$91.78,112 mi,68,$0.8195
HAV,MXP,"24,711",$417.74,"4,996 mi",68,$0.0836
SCL,CUC,"24,629",$239.25,"2,771 mi",67,$0.0863
MDE,SFO,"24,611",$362.94,"3,766 mi",67,$0.0964
CUN,ICN,"24,533",$642.72,"8,086 mi",67,$0.0795
MBJ,MCI,"24,512",$251.06,"1,806 mi",67,$0.1390
CCS,EZE,"24,509",$536.36,"3,091 mi",67,$0.1735
GRU,LGW,"24,441",$469.81,"5,693 mi",67,$0.0825
SJO,AUS,"24,398",$311.57,"1,594 mi",67,$0.1955
PVR,MID,"24,358",$61.04,"1,037 mi",67,$0.0589
PVR,AUS,"24,299",$250.98,833 mi,67,$0.3013
BOG,VGZ,"24,288",$79.34,317 mi,67,$0.2503
BGI,KIN,"24,255",$289.92,"1,235 mi",66,$0.2348
SCL,DFW,"24,209",$837.40,"5,035 mi",66,$0.1663
VCP,CMG,"24,192",$344.78,711 mi,66,$0.4849
LIM,SJU,"24,167",$313.15,"2,304 mi",66,$0.1359
BOG,LAS,"24,150",$350.74,"3,283 mi",66,$0.1068
EZE,BPS,"24,060",$214.28,"1,801 mi",66,$0.1190
MEX,LIS,"24,049",$754.19,"5,546 mi",66,$0.1360
MEX,MVD,"24,048",$608.10,"4,553 mi",66,$0.1336
CUN,CID,"24,043",$234.79,"1,512 mi",66,$0.1553
SXM,IAD,"23,926",$452.57,"1,632 mi",66,$0.2773
AUA,GRU,"23,919",$319.36,"3,037 mi",66,$0.1052
TIJ,VSA,"23,847",$132.82,"1,860 mi",65,$0.0714
REC,SCL,"23,813",$303.08,"2,789 mi",65,$0.1087
REC,CGR,"23,809",$274.62,"1,617 mi",65,$0.1698
GDL,MDE,"23,684",$242.79,"2,178 mi",65,$0.1115
MEX,LIN,"23,656",$731.03,"6,287 mi",65,$0.1163
GIG,ASU,"23,545",$202.13,943 mi,65,$0.2143
SDQ,DCA,"23,528",$264.99,"1,523 mi",64,$0.1740
GRU,CAI,"23,523",$638.84,"6,538 mi",64,$0.0977
VRA,FRA,"23,416",$450.86,"4,863 mi",64,$0.0927
POS,PBM,"23,368",$211.28,568 mi,64,$0.3720
SJO,RDU,"23,362",$253.64,"1,875 mi",64,$0.1353
PTY,AMS,"23,324",$660.18,"5,640 mi",64,$0.1171
MEX,LGA,"23,322",$229.24,"2,156 mi",64,$0.1063
SJO,TPA,"23,315",$232.16,"1,210 mi",64,$0.1919
AUA,CLE,"23,302",$299.99,"2,057 mi",64,$0.1458
REC,COR,"23,294",$300.62,"2,399 mi",64,$0.1253
PTY,BAQ,"23,275",$110.51,327 mi,64,$0.3380
MTY,EWR,"23,252",$317.89,"1,862 mi",64,$0.1707
CLO,EOH,"23,215",$90.08,199 mi,64,$0.4527
UIO,ORD,"23,204",$320.98,"3,058 mi",64,$0.1050
SCL,AKL,"23,195","$1,108.97","6,178 mi",64,$0.1795
SJD,PHL,"23,173",$315.98,"2,384 mi",63,$0.1325
PTY,AUS,"23,167",$278.69,"1,821 mi",63,$0.1530
GRU,PKX,"23,157","$1,294.71","11,269 mi",63,$0.1149
KIN,ANU,"23,152",$240.58,959 mi,63,$0.2509
EZE,LGW,"23,114",$578.75,"7,119 mi",63,$0.0813
EZE,YYZ,"23,101",$781.96,"5,752 mi",63,$0.1359
REC,OPO,"23,044",$464.18,"3,909 mi",63,$0.1187
SXM,EIS,"22,988",$119.44,95 mi,63,$1.2573
MBJ,DCA,"22,968",$235.90,"1,365 mi",63,$0.1728
HAV,ATL,"22,931",$217.15,724 mi,63,$0.2999
BOG,YVR,"22,921",$450.62,"4,069 mi",63,$0.1107
CUN,MFE,"22,901",$96.17,826 mi,63,$0.1164
GIG,BRC,"22,889",$200.95,"2,115 mi",63,$0.0950
BSB,AEP,"22,868",$203.55,"1,489 mi",63,$0.1367
BOG,PMI,"22,783",$387.28,"5,154 mi",62,$0.0751
SCL,SDQ,"22,765",$471.99,"3,688 mi",62,$0.1280
EZE,CUZ,"22,731",$283.05,"1,641 mi",62,$0.1725
PTY,EWR,"22,705",$387.61,"2,142 mi",62,$0.1810
SJD,MIA,"22,689",$376.72,"1,912 mi",62,$0.1970
PTY,PEI,"22,579",$95.83,374 mi,62,$0.2562
LIM,SAL,"22,473",$259.37,"1,998 mi",62,$0.1298
SJO,UIO,"22,430",$225.42,831 mi,61,$0.2713
BGI,PTY,"22,413",$353.30,"1,335 mi",61,$0.2646
MDE,ATL,"22,410",$225.00,"1,924 mi",61,$0.1169
AUA,MSP,"22,363",$320.23,"2,701 mi",61,$0.1186
GIG,BCN,"22,334",$661.38,"5,136 mi",61,$0.1288
GIG,GVA,"22,304",$733.46,"5,851 mi",61,$0.1254
BSB,CUN,"22,256",$275.50,"3,561 mi",61,$0.0774
MEX,CAI,"22,251",$591.74,"7,918 mi",61,$0.0747
CCS,TFN,"22,236",$242.66,"3,387 mi",61,$0.0716
GIG,BOS,"22,187",$780.08,"4,984 mi",61,$0.1565
SJO,MUC,"22,055",$376.55,"5,796 mi",60,$0.0650
CUN,YYT,"21,995",$224.17,"2,560 mi",60,$0.0876
POS,CUR,"21,973",$170.66,544 mi,60,$0.3137
BOG,MXP,"21,910",$456.32,"5,473 mi",60,$0.0834
GRU,AUS,"21,861",$917.95,"4,874 mi",60,$0.1883
CUN,FAT,"21,775",$223.51,"2,315 mi",60,$0.0965
POS,SVD,"21,775",$145.44,171 mi,60,$0.8505
PTY,YUL,"21,773",$336.12,"2,613 mi",60,$0.1286
MEX,PRG,"21,770",$521.00,"6,341 mi",60,$0.0822
SJD,BWI,"21,754",$252.40,"2,295 mi",60,$0.1100
GRU,CJC,"21,753",$304.55,"1,384 mi",60,$0.2201
GRU,ADZ,"21,736",$285.34,"3,547 mi",60,$0.0804
EZE,VIE,"21,722",$976.20,"7,580 mi",60,$0.1288
VRA,LIS,"21,716",$261.44,"4,441 mi",59,$0.0589
PTY,CDG,"21,605",$628.26,"5,542 mi",59,$0.1134
MDE,NVA,"21,592",$97.52,229 mi,59,$0.4259
MEX,SAP,"21,564",$286.59,760 mi,59,$0.3771
MEX,NLD,"21,531",$128.17,537 mi,59,$0.2387
SJD,MCO,"21,499",$303.69,"1,746 mi",59,$0.1739
CUN,CHS,"21,488",$283.82,949 mi,59,$0.2991
GIG,ORY,"21,480",$433.33,"5,858 mi",59,$0.0740
EZE,BOS,"21,392","$1,085.73","5,553 mi",59,$0.1955
CUN,ABQ,"21,361",$263.98,"1,493 mi",59,$0.1768
LIM,POA,"21,240",$279.20,"2,136 mi",58,$0.1307
SXM,SAB,"21,225",$97.98,27 mi,58,$3.6289
VCP,AFL,"21,225",$253.98,"1,051 mi",58,$0.2417
MEX,BAQ,"21,223",$262.52,"1,774 mi",58,$0.1480
CCS,LFR,"21,120",$87.32,407 mi,58,$0.2145
SDQ,ORD,"21,117",$304.78,"2,006 mi",58,$0.1519
SJD,BOI,"21,112",$269.38,"1,502 mi",58,$0.1793
GIG,MXP,"20,981",$685.04,"5,570 mi",57,$0.1230
BOG,RVE,"20,963",$72.16,214 mi,57,$0.3372
PTY,IAH,"20,960",$438.55,"1,828 mi",57,$0.2399
SDQ,FDF,"20,877",$98.88,651 mi,57,$0.1519
SJO,DCA,"20,870",$302.35,"2,103 mi",57,$0.1438
EZE,LIS,"20,799",$707.60,"5,805 mi",57,$0.1219
PTY,DEN,"20,737",$489.69,"2,557 mi",57,$0.1915
BOG,MAO,"20,682",$166.24,"1,077 mi",57,$0.1544
CUN,GLA,"20,608",$506.39,"4,877 mi",56,$0.1038
SXM,EUX,"20,561",$116.37,40 mi,56,$2.9093
PTY,DFW,"20,519",$340.86,"1,935 mi",56,$0.1762
SCL,LIS,"20,477",$789.77,"6,168 mi",56,$0.1280
VRA,YHZ,"20,435",$166.95,"1,762 mi",56,$0.0948
CLO,IPI,"20,351",$86.51,200 mi,56,$0.4326
LIM,TPA,"20,329",$331.65,"2,703 mi",56,$0.1227
GRU,UIO,"20,312",$427.31,"2,597 mi",56,$0.1645
BOG,BER,"20,296",$532.83,"6,038 mi",56,$0.0882
SCL,MEL,"20,288","$1,282.10","7,229 mi",56,$0.1774
SCL,ORD,"20,265",$963.18,"5,160 mi",56,$0.1867
REC,MAD,"20,262",$401.74,"4,025 mi",56,$0.0998
MTY,AGU,"20,240",$170.43,305 mi,55,$0.5588
UIO,LHR,"20,195",$708.06,"5,877 mi",55,$0.1205
GIG,CTG,"20,164",$417.69,"3,264 mi",55,$0.1280
PVR,YXE,"20,162",$276.82,"2,242 mi",55,$0.1235
SCL,YVR,"20,142","$1,156.46","6,746 mi",55,$0.1714
EZE,VCE,"20,139",$641.53,"6,879 mi",55,$0.0933
AUA,DFW,"20,112",$453.40,"2,279 mi",55,$0.1989
SDQ,LAX,"20,098",$344.20,"3,268 mi",55,$0.1053
MBJ,CMH,"20,053",$202.31,"1,469 mi",55,$0.1377
EZE,DEN,"20,023","$1,294.47","6,116 mi",55,$0.2117
MEX,HKG,"19,995","$1,071.84","8,529 mi",55,$0.1257
MBJ,MEM,"19,989",$247.86,"1,320 mi",55,$0.1878
BGI,DOM,"19,961",$131.07,203 mi,55,$0.6457
CUN,ORF,"19,950",$274.17,"1,231 mi",55,$0.2227
MBJ,PHX,"19,906",$265.66,"2,411 mi",55,$0.1102
MEX,VCE,"19,893",$616.44,"6,421 mi",55,$0.0960
EZE,GUA,"19,885",$554.67,"4,127 mi",54,$0.1344
MEX,MSY,"19,884",$390.55,888 mi,54,$0.4398
SJD,OMA,"19,874",$284.33,"1,443 mi",54,$0.1970
GIG,SFO,"19,865","$1,083.55","6,413 mi",54,$0.1690
GRU,DOH,"19,817",$988.14,"7,589 mi",54,$0.1302
GDL,BOI,"19,805",$210.02,"1,810 mi",54,$0.1160
BOG,DEN,"19,669",$330.09,"2,991 mi",54,$0.1104
SCL,MXP,"19,668",$844.23,"7,592 mi",54,$0.1112
MEX,TQO,"19,617",$44.37,722 mi,54,$0.0615
SDQ,DFW,"19,590",$344.38,"1,908 mi",54,$0.1805
SJO,YVR,"19,588",$452.96,"3,406 mi",54,$0.1330
SCL,ADZ,"19,580",$246.48,"3,159 mi",54,$0.0780
MEX,PVG,"19,558","$1,325.22","7,774 mi",54,$0.1705
MEX,MGA,"19,538",$310.19,964 mi,54,$0.3218
EZE,MUC,"19,529",$932.52,"6,974 mi",54,$0.1337
PTY,COR,"19,507",$503.35,"3,054 mi",53,$0.1648
GRU,DTW,"19,498","$1,225.27","4,957 mi",53,$0.2472
EZE,DFW,"19,490","$1,383.85","5,143 mi",53,$0.2691
PVR,BOI,"19,476",$228.84,"1,754 mi",53,$0.1305
MEX,AEP,"19,417",$558.92,"4,725 mi",53,$0.1183
MEX,MAM,"19,406",$135.25,462 mi,53,$0.2927
MDE,IAH,"19,393",$409.24,"2,157 mi",53,$0.1897
CUN,RNO,"19,365",$248.74,"2,390 mi",53,$0.1041
SCL,DCA,"19,355","$1,024.31","4,857 mi",53,$0.2109
LIM,FLR,"19,328",$492.72,"6,909 mi",53,$0.0713
SXM,ORD,"19,326",$483.59,"2,139 mi",53,$0.2261
AUA,DTW,"19,298",$458.30,"2,270 mi",53,$0.2019
LIM,ZRH,"19,262",$692.82,"6,827 mi",53,$0.1015
SJO,BER,"19,250",$410.85,"6,173 mi",53,$0.0666
SCL,LPB,"19,184",$358.94,"1,212 mi",53,$0.2962
UIO,CUZ,"19,158",$293.49,994 mi,52,$0.2953
SJO,GLF,"19,147",$113.84,113 mi,52,$1.0074
GRU,PDP,"19,142",$236.54,973 mi,52,$0.2431
CUN,YKF,"19,105",$180.47,"1,642 mi",52,$0.1099
SJO,SAN,"19,092",$353.50,"2,700 mi",52,$0.1309
MBJ,SFO,"19,021",$322.52,"3,070 mi",52,$0.1051
SJD,FAT,"19,021",$207.09,"1,147 mi",52,$0.1805
HAV,JBQ,"19,018",$87.59,884 mi,52,$0.0991
MBJ,RIC,"18,999",$215.42,"1,274 mi",52,$0.1691
BOG,VLC,"18,988",$385.80,"4,988 mi",52,$0.0773
EZE,ORY,"18,913",$628.40,"7,084 mi",52,$0.0887
SJD,TPA,"18,904",$316.76,"1,775 mi",52,$0.1785
MTY,BNA,"18,903",$296.59,"1,100 mi",52,$0.2696
SJD,CLE,"18,860",$314.94,"2,105 mi",52,$0.1496
MBJ,LAS,"18,852",$236.02,"2,490 mi",52,$0.0948
SCL,GUA,"18,823",$500.04,"3,668 mi",52,$0.1363
HAV,TFN,"18,814",$228.09,"3,957 mi",52,$0.0576
SCL,BOS,"18,802",$912.34,"5,391 mi",52,$0.1692
AUA,LAX,"18,790",$354.59,"3,271 mi",51,$0.1084
PTY,ICN,"18,777",$900.93,"8,549 mi",51,$0.1054
GIG,ORD,"18,717",$838.59,"5,148 mi",51,$0.1629
CUN,CTG,"18,714",$175.68,"1,019 mi",51,$0.1724
CLO,VVC,"18,700",$93.72,202 mi,51,$0.4640
LIM,TRN,"18,697",$449.83,"6,358 mi",51,$0.0708
PTY,CAN,"18,641",$601.08,"10,336 mi",51,$0.0582
SJD,IND,"18,636",$243.78,"1,838 mi",51,$0.1326
CUN,CUL,"18,600",$105.88,"1,375 mi",51,$0.0770
PTY,LAS,"18,581",$433.45,"3,006 mi",51,$0.1442
MEX,CLE,"18,546",$291.69,"1,880 mi",51,$0.1552
MTY,SJO,"18,541",$191.90,"1,552 mi",51,$0.1236
GRU,CMN,"18,501",$687.70,"4,825 mi",51,$0.1425
MEX,GYE,"18,483",$379.35,"1,921 mi",51,$0.1975
GRU,ARN,"18,402","$1,058.72","6,581 mi",50,$0.1609
SCL,HKG,"18,357","$1,900.13","11,968 mi",50,$0.1588
VCP,UBA,"18,347",$100.10,223 mi,50,$0.4489
GIG,MUC,"18,288",$637.06,"5,796 mi",50,$0.1099
GIG,SJO,"18,286",$389.77,"3,473 mi",50,$0.1122
SJD,GEG,"18,198",$242.84,"1,797 mi",50,$0.1351
SJO,VIE,"18,172",$459.10,"6,380 mi",50,$0.0720
MTY,PHX,"18,171",$301.78,915 mi,50,$0.3298
VCP,PTO,"18,121",$262.40,402 mi,50,$0.6527
GRU,NCE,"18,102","$1,248.03","5,576 mi",50,$0.2238
LIM,ICN,"18,098","$1,282.64","10,458 mi",50,$0.1226
SXM,AXA,"18,041",$82.71,13 mi,49,$6.3623
MEX,STL,"18,036",$320.49,"1,389 mi",49,$0.2307
MEX,CPH,"18,035",$579.76,"5,734 mi",49,$0.1011
CUN,ICT,"18,001",$255.78,"1,271 mi",49,$0.2012
GRU,TPA,"17,989",$695.99,"4,417 mi",49,$0.1576
PTY,RDU,"17,960",$275.61,"1,796 mi",49,$0.1535
CUN,SLA,"17,955",$399.85,"3,585 mi",49,$0.1115
CUN,GIG,"17,920",$423.11,"4,093 mi",49,$0.1034
SJD,SAT,"17,877",$227.46,849 mi,49,$0.2679
MDE,LAS,"17,868",$320.91,"3,350 mi",49,$0.0958
SCL,IST,"17,810",$797.04,"7,897 mi",49,$0.1009
UIO,LGA,"17,799",$245.84,"2,755 mi",49,$0.0892
SCL,ZRH,"17,763","$1,110.74","7,652 mi",49,$0.1452
CUN,JAX,"17,749",$246.20,751 mi,49,$0.3278
POS,PMV,"17,724",$68.36,175 mi,49,$0.3906
LIM,TGI,"17,720",$62.49,209 mi,49,$0.2990
GRU,CPH,"17,706",$981.01,"6,659 mi",49,$0.1473
MTY,LAP,"17,695",$104.22,633 mi,48,$0.1646
CLO,UIB,"17,651",$100.70,145 mi,48,$0.6945
GIG,YYZ,"17,627",$675.80,"4,986 mi",48,$0.1355
BOG,MVP,"17,599",$83.48,371 mi,48,$0.2250
CLO,LAX,"17,597",$371.02,"3,316 mi",48,$0.1119
MBJ,YHZ,"17,584",$186.71,"2,063 mi",48,$0.0905
MTY,JFK,"17,560",$345.11,"1,769 mi",48,$0.1951
GRU,CLT,"17,541","$1,009.46","4,499 mi",48,$0.2244
EZE,GVA,"17,462","$1,097.95","7,098 mi",48,$0.1547
BGI,CCS,"17,451",$170.84,551 mi,48,$0.3101
GRU,SDQ,"17,447",$586.97,"3,387 mi",48,$0.1733
BOG,COR,"17,417",$357.87,"2,496 mi",48,$0.1434
GRU,DEN,"17,354","$1,232.42","5,930 mi",48,$0.2078
LIM,SEA,"17,338",$640.20,"5,108 mi",48,$0.1253
GIG,TUC,"17,335",$221.12,"1,355 mi",47,$0.1632
EZE,BRU,"17,335",$805.95,"6,838 mi",47,$0.1179
SJO,DTW,"17,318",$479.78,"2,294 mi",47,$0.2091
GRU,MTY,"17,315",$915.95,"5,090 mi",47,$0.1800
SJD,FRA,"17,309",$403.76,"5,949 mi",47,$0.0679
MEX,BRU,"17,295",$605.99,"5,919 mi",47,$0.1024
SDQ,ZRH,"17,267",$366.60,"4,886 mi",47,$0.0750
SCL,IAH,"17,251","$1,280.05","4,803 mi",47,$0.2665
SDQ,FRA,"17,224",$507.97,"4,875 mi",47,$0.1042
EZE,NRT,"17,175",$828.61,"11,710 mi",47,$0.0708
SCL,YUL,"17,128",$637.42,"5,288 mi",47,$0.1205
LIM,LAS,"17,126",$514.82,"4,022 mi",47,$0.1280
GRU,LGA,"17,119",$751.67,"4,629 mi",47,$0.1624
CCS,LIS,"17,048",$503.74,"3,919 mi",47,$0.1285
CCS,CAN,"17,047",$823.06,"10,390 mi",47,$0.0792
EZE,HKG,"17,041","$1,226.33","11,115 mi",47,$0.1103
PVR,GEG,"17,033",$201.47,"1,924 mi",47,$0.1047
MEX,DUB,"17,008",$626.87,"5,418 mi",47,$0.1157
LIM,PEK,"16,998","$1,683.76","10,635 mi",47,$0.1583
MDE,MTY,"16,982",$280.80,"2,183 mi",47,$0.1286
SCL,FOR,"16,981",$345.50,"2,829 mi",47,$0.1221
BOG,GVA,"16,961",$749.82,"5,684 mi",46,$0.1319
BSB,JFK,"16,941",$688.75,"4,115 mi",46,$0.1674
CUN,ALB,"16,940",$228.16,"1,630 mi",46,$0.1400
EZE,HND,"16,930","$1,290.60","11,060 mi",46,$0.1167
MDE,YUL,"16,928",$376.85,"2,636 mi",46,$0.1430
GRU,KIX,"16,914","$1,269.87","11,320 mi",46,$0.1122
MEX,PEI,"16,901",$255.07,"1,924 mi",46,$0.1326
EZE,CUR,"16,826",$480.86,"3,419 mi",46,$0.1406
BOG,DCA,"16,797",$321.83,"2,437 mi",46,$0.1321
POS,SJU,"16,763",$124.98,606 mi,46,$0.2062
PVR,MCI,"16,759",$258.75,"1,387 mi",46,$0.1866
UIO,YYZ,"16,748",$355.00,"2,936 mi",46,$0.1209
SJD,YLW,"16,745",$259.81,"1,982 mi",46,$0.1311
LIM,ASU,"16,720",$341.24,"1,524 mi",46,$0.2239
CUN,MZT,"16,688",$121.89,"1,286 mi",46,$0.0948
EZE,VLC,"16,685",$562.77,"6,139 mi",46,$0.0917
BOG,SEA,"16,645",$408.22,"4,223 mi",46,$0.0967
GDL,DTW,"16,626",$428.25,"1,952 mi",46,$0.2194
MEX,CVG,"16,626",$354.61,"1,557 mi",46,$0.2278
SCL,AMS,"16,621",$961.86,"7,682 mi",46,$0.1252
SXM,ANU,"16,606",$106.03,104 mi,45,$1.0195
CLO,GUA,"16,595",$226.66,"1,266 mi",45,$0.1790
CCS,BCN,"16,591",$391.28,"4,513 mi",45,$0.0867
LIM,AUS,"16,583",$345.78,"3,318 mi",45,$0.1042
MEX,WAW,"16,573",$548.62,"6,134 mi",45,$0.0894
LIM,MUC,"16,536",$587.90,"6,991 mi",45,$0.0841
VRA,YOW,"16,519",$155.80,"1,527 mi",45,$0.1020
SXM,JBQ,"16,514",$54.94,467 mi,45,$0.1176
CUN,FAR,"16,508",$292.48,"1,817 mi",45,$0.1610
CUN,YXX,"16,492",$243.69,"2,661 mi",45,$0.0916
CLO,PUJ,"16,472",$187.24,"1,206 mi",45,$0.1553
SDQ,PTP,"16,468",$90.73,540 mi,45,$0.1680
LIM,MBJ,"16,451",$248.48,"2,173 mi",45,$0.1143
SJD,RNO,"16,421",$244.90,"1,312 mi",45,$0.1867
PVR,YQB,"16,419",$226.11,"2,538 mi",45,$0.0891
REC,ORY,"16,415",$538.23,"4,668 mi",45,$0.1153
PVR,MLM,"16,412",$88.60,272 mi,45,$0.3257
EZE,IAD,"16,394",$909.10,"5,081 mi",45,$0.1789
SCL,HND,"16,353","$1,455.95","10,375 mi",45,$0.1403
PVR,OMA,"16,351",$274.85,"1,573 mi",45,$0.1747
BOG,LGA,"16,319",$194.90,"2,418 mi",45,$0.0806
BOG,LIS,"16,287",$587.90,"4,817 mi",45,$0.1220
SXM,CUR,"16,275",$247.41,545 mi,45,$0.4540
SXM,MSP,"16,271",$402.34,"2,615 mi",45,$0.1539
SCL,CJA,"16,266",$306.11,"1,824 mi",45,$0.1678
BOG,XPL,"16,262",$272.97,"1,104 mi",45,$0.2473
SJO,PDX,"16,259",$367.03,"3,443 mi",45,$0.1066
SCL,MUC,"16,256",$971.65,"7,818 mi",45,$0.1243
SJD,DCA,"16,256",$347.72,"2,267 mi",45,$0.1534
CCS,IST,"16,248","$1,228.38","5,849 mi",45,$0.2100
CUN,XNA,"16,241",$273.43,"1,110 mi",44,$0.2463
LIM,CLT,"16,215",$471.43,"3,371 mi",44,$0.1398
SCL,BER,"16,205",$779.91,"7,550 mi",44,$0.1033
MBJ,DUS,"16,196",$659.49,"5,151 mi",44,$0.1280
HAV,LPA,"16,180",$265.98,"4,267 mi",44,$0.0623
AUA,PBM,"16,171",$137.66,"1,088 mi",44,$0.1265
CUN,DAL,"16,167",$189.64,"1,051 mi",44,$0.1804
GRU,CUR,"16,167",$383.76,"2,806 mi",44,$0.1368
UIO,BOS,"16,160",$349.55,"2,882 mi",44,$0.1213
LIM,MDZ,"16,143",$213.13,"1,577 mi",44,$0.1351
SJO,BRU,"16,061",$459.47,"5,458 mi",44,$0.0842
GDL,TAM,"16,057",$87.58,360 mi,44,$0.2433
BOG,PVG,"16,047",$866.25,"10,038 mi",44,$0.0863
SCL,AQP,"16,040",$328.97,"1,144 mi",44,$0.2876
CLO,NVA,"16,030",$97.03,82 mi,44,$1.1833
BOG,MUC,"16,021",$489.36,"5,963 mi",44,$0.0821
GDL,GUA,"16,020",$192.27,964 mi,44,$0.1995
CUN,SYR,"16,015",$224.42,"1,598 mi",44,$0.1404
EZE,PEK,"16,009","$1,134.09","12,345 mi",44,$0.0919
MTY,CLT,"15,979",$371.82,"1,271 mi",44,$0.2925
BOG,BRU,"15,978",$519.14,"5,635 mi",44,$0.0921
BSB,JDO,"15,975",$123.11,811 mi,44,$0.1518
HAV,PUJ,"15,969",$96.10,986 mi,44,$0.0975
MBJ,CVG,"15,968",$277.33,"1,520 mi",44,$0.1825
SCL,CIX,"15,968",$276.72,"1,869 mi",44,$0.1481
AUA,RDU,"15,930",$265.24,"1,654 mi",44,$0.1604
LIM,CWB,"15,900",$308.31,"1,984 mi",44,$0.1554
GRU,MNL,"15,898","$1,138.98","11,071 mi",44,$0.1029
TIJ,PEK,"15,886","$1,004.85","6,173 mi",44,$0.1628
CLO,RCH,"15,866",$89.25,582 mi,43,$0.1534
PTY,HKG,"15,856",$836.92,"10,392 mi",43,$0.0805
LIM,HND,"15,805","$1,585.98","9,909 mi",43,$0.1601
GRU,FLR,"15,805",$737.45,"6,083 mi",43,$0.1212
BOG,VIE,"15,786",$712.76,"5,830 mi",43,$0.1223
MEX,BIO,"15,783",$731.71,"5,772 mi",43,$0.1268
GRU,RDU,"15,780",$943.12,"4,472 mi",43,$0.2109
GIG,CUZ,"15,771",$376.90,"2,045 mi",43,$0.1843
MBJ,MKE,"15,758",$196.31,"1,733 mi",43,$0.1133
CUN,OAK,"15,743",$159.73,"2,472 mi",43,$0.0646
EZE,SJU,"15,708",$594.30,"3,601 mi",43,$0.1650
MTY,SEA,"15,701",$223.32,"1,866 mi",43,$0.1197
AUA,JBQ,"15,697",$69.60,432 mi,43,$0.1611
BOG,AUS,"15,692",$245.69,"2,405 mi",43,$0.1022
PTY,CUC,"15,688",$98.95,462 mi,43,$0.2142
MTY,BOS,"15,684",$369.37,"2,065 mi",43,$0.1789
CUN,ROC,"15,670",$257.81,"1,664 mi",43,$0.1549
BSB,LHR,"15,626",$746.24,"5,621 mi",43,$0.1328
MEX,DCA,"15,624",$338.02,"1,935 mi",43,$0.1747
PTY,BWI,"15,615",$293.73,"2,150 mi",43,$0.1366
MTY,LHR,"15,582",$766.67,"5,390 mi",43,$0.1422
MBJ,TPA,"15,577",$220.72,695 mi,43,$0.3176
CCS,FCO,"15,531",$472.95,"5,334 mi",43,$0.0887
GIG,BER,"15,439",$663.56,"6,026 mi",42,$0.1101
MBJ,YYC,"15,409",$271.26,"2,900 mi",42,$0.0935
SCL,VIX,"15,405",$376.41,"2,015 mi",42,$0.1868
MEX,IND,"15,403",$363.75,"1,546 mi",42,$0.2353
GRU,BLQ,"15,373",$789.98,"5,763 mi",42,$0.1371
BOG,LIN,"15,358",$541.29,"5,498 mi",42,$0.0985
PTY,LHR,"15,287",$688.79,"5,094 mi",42,$0.1352
PVR,BOS,"15,279",$285.72,"2,560 mi",42,$0.1116
CUN,LIT,"15,268",$290.90,"1,030 mi",42,$0.2824
MEX,RNO,"15,263",$333.85,"1,798 mi",42,$0.1857
SJD,RDU,"15,254",$277.08,"1,984 mi",42,$0.1397
SJO,BNA,"15,253",$309.30,"1,866 mi",42,$0.1658
MEX,XPL,"15,214",$327.64,856 mi,42,$0.3828
PTY,BCN,"15,213",$584.67,"5,525 mi",42,$0.1058
GDL,BOS,"15,176",$346.19,"2,477 mi",42,$0.1398
CUN,MSN,"15,170",$278.38,"1,488 mi",42,$0.1871
SCL,DEN,"15,169","$1,065.23","5,670 mi",42,$0.1879
POS,OGL,"15,169",$143.60,352 mi,42,$0.4080
UIO,IAD,"15,163",$388.04,"2,781 mi",42,$0.1395
GRU,SAN,"15,155",$953.54,"6,242 mi",42,$0.1528
PTY,BOM,"15,137",$575.90,"10,016 mi",41,$0.0575
GIG,DFW,"15,108",$720.12,"5,075 mi",41,$0.1419
MEX,MCI,"15,103",$406.77,"1,355 mi",41,$0.3002
GIG,NQN,"15,087",$234.00,"1,895 mi",41,$0.1235
LIM,NRT,"15,080",$896.56,"9,296 mi",41,$0.0964
SJO,LIO,"15,080",$68.44,82 mi,41,$0.8346
PVR,YQQ,"15,069",$304.04,"2,208 mi",41,$0.1377
SXM,PHL,"15,046",$510.00,"1,623 mi",41,$0.3142
CLO,TPA,"15,035",$173.96,"1,788 mi",41,$0.0973
CUN,BIS,"15,011",$282.42,"1,883 mi",41,$0.1500
TIJ,ORD,"14,966",$196.67,"1,767 mi",41,$0.1113
SDQ,STT,"14,939",$142.57,317 mi,41,$0.4497
CCS,VLV,"14,930",$79.65,268 mi,41,$0.2972
EZE,FLL,"14,930",$476.41,"4,572 mi",41,$0.1042
PTY,BGA,"14,897",$99.39,458 mi,41,$0.2170
SXM,SJU,"14,886",$89.67,198 mi,41,$0.4529
SJD,YUL,"14,873",$282.50,"2,458 mi",41,$0.1149
UIO,SFO,"14,868",$580.45,"3,941 mi",41,$0.1473
PVR,STL,"14,858",$246.59,"1,484 mi",41,$0.1662
EZE,IBZ,"14,839",$919.14,"6,559 mi",41,$0.1401
GRU,GUA,"14,800",$577.40,"3,850 mi",41,$0.1500
SCL,PEI,"14,795",$300.49,"2,739 mi",41,$0.1097
MEX,SIN,"14,789","$1,499.21","10,622 mi",41,$0.1411
UIO,CTG,"14,778",$149.38,779 mi,40,$0.1918
REC,MIA,"14,771",$529.59,"3,958 mi",40,$0.1338
GIG,LIN,"14,762",$767.22,"5,926 mi",40,$0.1295
REC,FCO,"14,760",$571.89,"4,419 mi",40,$0.1294
SDQ,ANU,"14,758",$156.02,542 mi,40,$0.2879
EZE,MTY,"14,737",$911.51,"5,142 mi",40,$0.1773
LIM,PVG,"14,723","$1,586.13","10,328 mi",40,$0.1536
GRU,BEY,"14,699",$665.87,"6,473 mi",40,$0.1029
SJD,MSY,"14,690",$301.23,"1,251 mi",40,$0.2408
LIM,BRU,"14,678",$567.07,"6,696 mi",40,$0.0847
CCS,GRU,"14,672",$573.16,"2,812 mi",40,$0.2038
LIM,BAQ,"14,672",$245.74,"1,543 mi",40,$0.1593
BOG,YYC,"14,663",$625.10,"4,059 mi",40,$0.1540
CLO,SJO,"14,654",$232.29,719 mi,40,$0.3231
CLO,VLC,"14,595",$417.54,"5,153 mi",40,$0.0810
GDL,LGA,"14,591",$321.70,"2,289 mi",40,$0.1405
SJO,DRK,"14,569",$118.08,93 mi,40,$1.2697
CUN,NCL,"14,567",$305.99,"4,994 mi",40,$0.0613
MEX,ASU,"14,553",$515.95,"4,037 mi",40,$0.1278
LIM,BLQ,"14,520",$540.10,"6,519 mi",40,$0.0829
PTY,VVI,"14,515",$339.30,"2,088 mi",40,$0.1625
GRU,HGH,"14,485","$1,161.25","11,158 mi",40,$0.1041
GRU,NAP,"14,480",$707.78,"6,084 mi",40,$0.1163
MEX,DEL,"14,476",$877.84,"8,837 mi",40,$0.0993
CLO,CDG,"14,451",$542.96,"5,698 mi",40,$0.0953
MEX,MLM,"14,450",$109.17,134 mi,40,$0.8147
GIG,BRU,"14,387",$635.04,"6,037 mi",39,$0.1052
SXM,AMS,"14,344",$734.30,"4,437 mi",39,$0.1655
GRU,FTE,"14,337",$289.20,"2,378 mi",39,$0.1216
MBJ,AMS,"14,336",$377.11,"4,761 mi",39,$0.0792
VCP,OAL,"14,336",$391.08,"1,274 mi",39,$0.3070
SJO,SLC,"14,315",$427.90,"2,802 mi",39,$0.1527
SJO,FCO,"14,308",$612.15,"5,904 mi",39,$0.1037
MDE,LHR,"14,252",$759.24,"5,397 mi",39,$0.1407
SCL,SJU,"14,241",$504.19,"3,487 mi",39,$0.1446
MTY,ACA,"14,225",$126.32,643 mi,39,$0.1965
HAV,NAS,"14,224",$156.08,332 mi,39,$0.4701
BOG,WAW,"14,215",$564.58,"5,993 mi",39,$0.0942
GRU,HAM,"14,208",$964.98,"6,107 mi",39,$0.1580
PTY,BZE,"14,190",$226.96,863 mi,39,$0.2630
CUN,HAM,"14,155",$227.73,"5,168 mi",39,$0.0441
GRU,PEI,"14,106",$338.93,"2,858 mi",39,$0.1186
VCP,PET,"14,103",$247.31,701 mi,39,$0.3528
MDE,DFW,"14,085",$319.53,"2,380 mi",39,$0.1343
AUA,DEN,"14,077",$339.48,"2,745 mi",39,$0.1237
BSB,MAD,"14,053",$811.86,"4,967 mi",39,$0.1635
MDE,CDG,"14,032",$678.87,"5,191 mi",38,$0.1308
GIG,VIE,"14,029",$752.53,"5,952 mi",38,$0.1264
BOG,FRS,"13,968",$263.05,"1,318 mi",38,$0.1996
PVR,MIA,"13,951",$326.35,"1,572 mi",38,$0.2076
AUA,BDL,"13,946",$304.20,"1,979 mi",38,$0.1537
HAV,BCN,"13,938",$296.15,"4,764 mi",38,$0.0622
MEX,HGH,"13,938",$634.02,"8,358 mi",38,$0.0759
BSB,FCO,"13,880",$770.81,"5,358 mi",38,$0.1439
GRU,SLC,"13,876",$982.93,"6,289 mi",38,$0.1563
VCP,JPR,"13,871",$348.43,"1,320 mi",38,$0.2640
CUN,GSP,"13,862",$237.20,"1,028 mi",38,$0.2307
LIM,PHX,"13,860",$778.41,"4,008 mi",38,$0.1942
GIG,DXB,"13,856","$1,463.95","7,162 mi",38,$0.2044
EZE,RGL,"13,848",$166.16,"1,239 mi",38,$0.1341
GRU,BVB,"13,842",$443.37,"1,990 mi",38,$0.2228
MBJ,BUF,"13,838",$196.64,"1,638 mi",38,$0.1200
HAV,JFK,"13,832",$347.53,"1,279 mi",38,$0.2717
MTY,NRT,"13,805","$1,224.59","6,438 mi",38,$0.1902
CLO,SDQ,"13,775",$212.95,"1,158 mi",38,$0.1839
CLO,LHR,"13,754",$677.68,"5,260 mi",38,$0.1288
CUN,ROS,"13,752",$470.22,"4,228 mi",38,$0.1112
BOG,HAY,"13,737",$55.11,241 mi,38,$0.2287
SJD,MDW,"13,729",$277.26,"1,751 mi",38,$0.1583
CLO,SJU,"13,660",$252.54,"1,209 mi",37,$0.2089
EZE,CAI,"13,649",$652.31,"7,145 mi",37,$0.0913
EZE,ADZ,"13,648",$396.84,"3,718 mi",37,$0.1067
SXM,MCO,"13,642",$268.89,"1,316 mi",37,$0.2043
CCS,CTG,"13,612",$377.48,596 mi,37,$0.6334
SDQ,DEN,"13,601",$316.68,"2,476 mi",37,$0.1279
CUN,LYS,"13,595",$308.70,"5,438 mi",37,$0.0568
HAV,ORY,"13,576",$208.34,"4,952 mi",37,$0.0421
UIO,IAH,"13,575",$423.62,"2,432 mi",37,$0.1742
EZE,CPH,"13,554",$837.69,"7,290 mi",37,$0.1149
SDQ,EIS,"13,550",$151.01,326 mi,37,$0.4632
SJD,LGA,"13,530",$316.81,"2,332 mi",37,$0.1359
EZE,EWR,"13,521","$1,050.32","5,152 mi",37,$0.2039
CUN,BHM,"13,520",$280.38,891 mi,37,$0.3147
TQO,LAX,"13,494",$182.96,"2,043 mi",37,$0.0896
SDQ,CLT,"13,490",$214.69,"1,390 mi",37,$0.1545
SJD,CVG,"13,456",$280.55,"1,779 mi",37,$0.1577
TIJ,TAM,"13,451",$136.80,"1,406 mi",37,$0.0973
PTY,SEA,"13,451",$528.90,"3,754 mi",37,$0.1409
GDL,PTY,"13,440",$280.97,"1,727 mi",37,$0.1627
GIG,MNL,"13,437","$1,223.04","11,597 mi",37,$0.1055
EZE,AUS,"13,436",$835.67,"5,319 mi",37,$0.1571
CCS,VVI,"13,431",$323.10,"1,910 mi",37,$0.1692
CUN,SAL,"13,423",$129.78,560 mi,37,$0.2318
CUN,BZN,"13,412",$263.30,"2,257 mi",37,$0.1167
AUA,STL,"13,411",$311.94,"2,267 mi",37,$0.1376
SCL,SEA,"13,407","$1,127.54","6,626 mi",37,$0.1702
SDQ,SCU,"13,406",$137.13,404 mi,37,$0.3394
BOG,BIO,"13,401",$390.67,"5,207 mi",37,$0.0750
UIO,FCO,"13,380",$491.40,"6,066 mi",37,$0.0810
GIG,IAD,"13,377",$691.77,"4,950 mi",37,$0.1398
GIG,XAP,"13,371",$181.29,640 mi,37,$0.2833
GDL,LHR,"13,370",$605.55,"5,475 mi",37,$0.1106
CUN,PVD,"13,362",$221.93,"1,740 mi",37,$0.1275
REC,ASU,"13,350",$189.45,"1,843 mi",37,$0.1028
UIO,DCA,"13,331",$406.59,"2,613 mi",37,$0.1556
CUN,BIL,"13,306",$258.99,"2,167 mi",36,$0.1195
SJD,FLL,"13,306",$378.27,"1,808 mi",36,$0.2092
GIG,SLA,"13,231",$232.80,"1,369 mi",36,$0.1701
EZE,SEA,"13,229","$1,250.01","7,123 mi",36,$0.1755
SCL,IAD,"13,227",$941.03,"5,166 mi",36,$0.1822
CUN,WAW,"13,219",$383.59,"5,963 mi",36,$0.0643
KIN,PLS,"13,210",$169.67,408 mi,36,$0.4159
MDE,IBE,"13,183",$74.68,126 mi,36,$0.5927
CLO,IAH,"13,156",$291.64,"2,142 mi",36,$0.1362
EZE,SAN,"13,141","$1,172.94","5,837 mi",36,$0.2009
TIJ,PXM,"13,131",$35.69,"1,644 mi",36,$0.0217
BOG,SVQ,"13,087",$573.73,"4,977 mi",36,$0.1153
MBJ,YEG,"13,078",$229.84,"3,158 mi",36,$0.0728
BOG,AGP,"13,072",$407.41,"4,753 mi",36,$0.0857
LIM,BER,"13,072",$730.32,"7,107 mi",36,$0.1028
VRA,YQM,"13,066",$207.29,"1,793 mi",36,$0.1156
PVR,MCO,"13,059",$246.72,"1,546 mi",36,$0.1596
EZE,ICN,"13,035","$1,039.85","12,466 mi",36,$0.0834
PVR,LGA,"13,016",$396.03,"2,372 mi",36,$0.1670
SDQ,VCE,"12,984",$274.89,"5,086 mi",36,$0.0540
MBJ,CHS,"12,973",$269.41,"1,033 mi",36,$0.2608
MEX,ARN,"12,949",$554.58,"6,115 mi",35,$0.0907
MDE,YVR,"12,937",$321.85,"3,940 mi",35,$0.0817
MBJ,YOW,"12,935",$148.11,"1,801 mi",35,$0.0822
MBJ,ORF,"12,909",$244.80,"1,237 mi",35,$0.1979
BOG,ICN,"12,906","$1,035.00","9,513 mi",35,$0.1088
KIN,LHR,"12,905",$405.32,"4,531 mi",35,$0.0895
GIG,THE,"12,901",$318.18,"1,264 mi",35,$0.2517
GRU,DEL,"12,898","$1,187.31","8,678 mi",35,$0.1368
CLO,VUP,"12,885",$105.78,538 mi,35,$0.1966
EZE,MBJ,"12,871",$426.91,"4,015 mi",35,$0.1063
TIJ,SAT,"12,845",$243.56,"1,080 mi",35,$0.2255
GRU,SLA,"12,838",$201.41,"1,166 mi",35,$0.1727
PVR,RNO,"12,828",$206.14,"1,511 mi",35,$0.1364
SDQ,LAS,"12,825",$284.01,"2,925 mi",35,$0.0971
MBJ,AUS,"12,822",$288.12,"1,435 mi",35,$0.2008
PTY,IST,"12,820",$932.62,"6,924 mi",35,$0.1347
EZE,FOC,"12,811",$859.62,"12,167 mi",35,$0.0707
BSB,CDG,"12,809",$764.14,"5,603 mi",35,$0.1364
SCL,CGH,"12,767",$247.15,"1,655 mi",35,$0.1493
GRU,PRG,"12,762",$935.00,"6,476 mi",35,$0.1444
MEX,BUD,"12,744",$799.37,"6,639 mi",35,$0.1204
MBJ,SDF,"12,735",$214.20,"1,481 mi",35,$0.1446
LIM,IGU,"12,733",$398.49,"1,695 mi",35,$0.2351
CCS,VKO,"12,724","$1,565.99","6,343 mi",35,$0.2469
VCP,BVH,"12,716",$327.62,"1,077 mi",35,$0.3042
MEX,VGO,"12,712",$815.31,"5,187 mi",35,$0.1572
GRU,GYE,"12,687",$458.08,"2,755 mi",35,$0.1663
VRA,YYC,"12,685",$420.99,"2,682 mi",35,$0.1570
GRU,SYD,"12,681","$1,479.84","8,555 mi",35,$0.1730
CUN,TYS,"12,668",$298.61,"1,005 mi",35,$0.2971
BSB,PTY,"12,664",$421.85,"2,840 mi",35,$0.1485
GIG,ATH,"12,664",$814.50,"5,865 mi",35,$0.1389
BGI,LAX,"12,661",$453.00,"4,061 mi",35,$0.1115
MEX,CAN,"12,657",$637.22,"8,497 mi",35,$0.0750
SCL,SLC,"12,632","$1,199.73","5,930 mi",35,$0.2023
GIG,PMW,"12,621",$242.99,901 mi,35,$0.2697
GDL,LIM,"12,596",$427.01,"2,782 mi",35,$0.1535
MEX,FLR,"12,562",$611.17,"6,427 mi",34,$0.0951
BOG,TME,"12,545",$70.65,198 mi,34,$0.3568
SCL,MCZ,"12,535",$241.42,"2,684 mi",34,$0.0899
LIM,MZA,"12,511",$94.68,176 mi,34,$0.5380
PTY,SAN,"12,498",$408.85,"2,824 mi",34,$0.1448
CLO,FLA,"12,483",$114.78,142 mi,34,$0.8083
LIM,LIS,"12,474",$689.10,"5,432 mi",34,$0.1269
GRU,STM,"12,455",$336.12,"1,508 mi",34,$0.2229
GRU,PHL,"12,450","$1,077.74","4,892 mi",34,$0.2203
SCL,ARN,"12,432",$749.46,"7,890 mi",34,$0.0950
CCS,FNC,"12,429",$500.60,"3,633 mi",34,$0.1378
BOG,GEO,"12,426",$360.85,"1,133 mi",34,$0.3185
GRU,SIN,"12,411","$2,136.13","9,641 mi",34,$0.2216
MTY,CDG,"12,410",$668.38,"5,263 mi",34,$0.1270
HAV,GCM,"12,401",$163.59,256 mi,34,$0.6390
LIM,MTY,"12,383",$485.13,"3,126 mi",34,$0.1552
GIG,EWR,"12,381","$1,167.08","4,672 mi",34,$0.2498
SXM,DOM,"12,351",$144.41,216 mi,34,$0.6686
MBJ,SEA,"12,344",$342.39,"3,097 mi",34,$0.1106
LIM,PHL,"12,342",$510.11,"3,479 mi",34,$0.1466
CUN,MRS,"12,338",$334.91,"5,492 mi",34,$0.0610
GIG,LAS,"12,331",$742.86,"6,020 mi",34,$0.1234
CLO,ORD,"12,315",$267.66,"2,831 mi",34,$0.0945
MDE,LET,"12,308",$84.82,785 mi,34,$0.1081
HAV,SCL,"12,305",$404.34,"4,089 mi",34,$0.0989
AUA,CMH,"12,297",$319.21,"2,117 mi",34,$0.1508
KIN,DCA,"12,297",$226.00,"1,402 mi",34,$0.1612
SJD,OKC,"12,278",$252.81,"1,083 mi",34,$0.2334
EZE,GDL,"12,269",$739.02,"4,966 mi",34,$0.1488
EZE,BHI,"12,264",$123.51,346 mi,34,$0.3570
CLO,EZE,"12,263",$434.31,"2,980 mi",34,$0.1457
CLO,IBE,"12,261",$81.70,108 mi,34,$0.7565
AUA,AEP,"12,239",$284.26,"3,439 mi",34,$0.0827
BSB,MGF,"12,206",$175.47,607 mi,33,$0.2891
GRU,DUS,"12,185","$1,020.60","6,270 mi",33,$0.1628
CUN,YQM,"12,182",$221.34,"2,200 mi",33,$0.1006
CLO,PEI,"12,179",$78.42,101 mi,33,$0.7764
UIO,DEN,"12,160",$480.30,"3,319 mi",33,$0.1447
SJD,DSM,"12,126",$293.01,"1,620 mi",33,$0.1809
SJD,CMH,"12,119",$299.50,"2,007 mi",33,$0.1492
GDL,GRU,"12,083",$745.97,"4,737 mi",33,$0.1575
MBJ,DSM,"12,083",$336.03,"1,897 mi",33,$0.1771
BOG,ALC,"12,030",$377.52,"5,282 mi",33,$0.0715
GIG,UDI,"12,024",$205.94,434 mi,33,$0.4745
MEX,XNA,"12,024",$364.21,"1,235 mi",33,$0.2949
PTY,PBM,"12,004",$370.12,"1,727 mi",33,$0.2143
POS,SXM,"12,002",$238.08,544 mi,33,$0.4376
PTY,SXM,"12,001",$319.36,"1,293 mi",33,$0.2470
LIM,RDU,"11,989",$353.48,"3,212 mi",33,$0.1100
BOG,RDU,"11,986",$203.33,"2,239 mi",33,$0.0908
AUA,CLO,"11,975",$112.92,734 mi,33,$0.1538
GDL,CDG,"11,972",$545.72,"5,660 mi",33,$0.0964
GDL,PHL,"11,969",$273.51,"2,064 mi",33,$0.1325
MTY,FCO,"11,957",$542.55,"5,899 mi",33,$0.0920
GIG,DCA,"11,937",$867.91,"4,932 mi",33,$0.1760
LIM,VCE,"11,932",$604.53,"6,580 mi",33,$0.0919
CUN,GVA,"11,930",$405.29,"5,157 mi",33,$0.0786
CUN,PXM,"11,915",$159.51,781 mi,33,$0.2042
PTY,ADZ,"11,908",$95.11,299 mi,33,$0.3181
GRU,LCY,"11,883",$441.55,"6,071 mi",33,$0.0727
SDQ,CDG,"11,882",$346.03,"4,598 mi",33,$0.0753
BGI,MCO,"11,876",$269.48,"1,705 mi",33,$0.1581
LIM,BWI,"11,874",$307.33,"3,431 mi",33,$0.0896
SCL,PEM,"11,846",$281.80,"1,482 mi",32,$0.1901
SJD,GRR,"11,827",$310.22,"1,884 mi",32,$0.1647
BGI,EIS,"11,810",$234.53,485 mi,32,$0.4836
CUN,VVI,"11,790",$283.56,"3,213 mi",32,$0.0883
GDL,AUS,"11,771",$314.03,778 mi,32,$0.4036
CLO,YYZ,"11,766",$312.48,"2,863 mi",32,$0.1091
MEX,HAM,"11,759",$743.93,"6,056 mi",32,$0.1228
BOG,CLT,"11,723",$348.14,"2,087 mi",32,$0.1668
MTY,YVR,"11,721",$349.35,"1,976 mi",32,$0.1768
SJO,CLE,"11,689",$333.09,"2,110 mi",32,$0.1579
BGI,YUL,"11,683",$404.10,"2,461 mi",32,$0.1642
MDE,FCO,"11,654",$435.69,"5,640 mi",32,$0.0773
EZE,CUC,"11,649",$370.47,"3,184 mi",32,$0.1164
CUN,ANC,"11,649",$324.10,"3,941 mi",32,$0.0822
BGI,SKB,"11,640",$180.29,374 mi,32,$0.4821
MTY,PTY,"11,631",$281.75,"1,730 mi",32,$0.1629
SJO,CPH,"11,631",$503.42,"5,737 mi",32,$0.0877
BGI,DUS,"11,624",$213.31,"4,360 mi",32,$0.0489
CUN,MYR,"11,624",$296.10,970 mi,32,$0.3053
GRU,BOM,"11,604","$1,180.45","8,291 mi",32,$0.1424
SXM,SKB,"11,598",$123.75,59 mi,32,$2.0975
BOG,ANF,"11,596",$277.85,"1,902 mi",32,$0.1461
SXM,LAX,"11,594",$758.71,"3,668 mi",32,$0.2068
GRU,SJU,"11,586",$680.88,"3,084 mi",32,$0.2208
CUN,LEX,"11,574",$259.36,"1,147 mi",32,$0.2261
LIM,ORY,"11,567",$604.89,"6,563 mi",32,$0.0922
EZE,TPA,"11,552",$802.67,"4,475 mi",32,$0.1794
MEX,ONT,"11,543",$265.43,"1,475 mi",32,$0.1800
MDE,DEN,"11,541",$398.63,"2,863 mi",32,$0.1392
BGI,DCA,"11,535",$314.03,"2,141 mi",32,$0.1467
SCL,TYL,"11,532",$348.70,"2,039 mi",32,$0.1710
MEX,HNL,"11,515",$415.49,"3,905 mi",32,$0.1064
BOG,SLC,"11,511",$343.75,"3,523 mi",32,$0.0976
EZE,BKK,"11,502","$1,013.60","10,802 mi",32,$0.0938
SCL,BRU,"11,488",$928.88,"7,174 mi",31,$0.1295
REC,JDO,"11,471",$88.11,295 mi,31,$0.2987
SDQ,RDU,"11,465",$175.12,"1,368 mi",31,$0.1280
MTY,GUA,"11,463",$252.99,"1,021 mi",31,$0.2478
PVR,SAT,"11,458",$200.57,722 mi,31,$0.2778
SJO,HAM,"11,452",$332.48,"5,659 mi",31,$0.0588
GDL,CTG,"11,447",$196.53,"2,033 mi",31,$0.0967
REC,MXP,"11,437",$527.21,"4,728 mi",31,$0.1115
SDQ,IAH,"11,430",$411.64,"1,744 mi",31,$0.2360
GRU,HEL,"11,414",$974.04,"7,229 mi",31,$0.1347
MTY,CTG,"11,412",$225.28,"1,867 mi",31,$0.1207
LIM,GVA,"11,409",$886.65,"6,693 mi",31,$0.1325
CUN,LAP,"11,394",$86.59,"1,466 mi",31,$0.0591
MEX,PIT,"11,394",$370.74,"1,887 mi",31,$0.1965
UIO,CLT,"11,351",$407.33,"2,374 mi",31,$0.1716
HAV,LGW,"11,346",$305.45,"4,525 mi",31,$0.0675
MDE,MVD,"11,346",$413.47,"3,195 mi",31,$0.1294
GIG,CAC,"11,340",$152.45,645 mi,31,$0.2364
VCP,RIA,"11,335",$242.85,633 mi,31,$0.3836
CLO,LET,"11,332",$85.50,716 mi,31,$0.1194
SCL,PIU,"11,296",$260.20,"2,108 mi",31,$0.1234
GRU,AGP,"11,291",$698.11,"4,823 mi",31,$0.1447
KIN,MCO,"11,281",$272.45,757 mi,31,$0.3599
MEX,BLQ,"11,268",$736.37,"6,408 mi",31,$0.1149
EZE,YUL,"11,266",$657.71,"5,797 mi",31,$0.1135
BOG,ORY,"11,243",$360.38,"5,200 mi",31,$0.0693
HAV,EWR,"11,237",$496.86,"1,353 mi",31,$0.3672
MDE,AUS,"11,233",$208.83,"2,135 mi",31,$0.0978
BOG,PHX,"11,220",$467.41,"3,233 mi",31,$0.1446
GRU,FLL,"11,220",$538.60,"3,972 mi",31,$0.1356
EZE,NAP,"11,201",$697.23,"7,186 mi",31,$0.0970
EZE,CNF,"11,190",$216.14,"1,335 mi",31,$0.1619
MEX,SJC,"11,171",$213.94,"1,907 mi",31,$0.1122
SDQ,SFO,"11,162",$365.41,"3,530 mi",31,$0.1035
MTY,FRA,"11,158",$962.06,"5,799 mi",31,$0.1659
GRU,MSP,"11,154","$1,228.08","5,730 mi",31,$0.2143
BOG,ARN,"11,154",$546.30,"5,830 mi",31,$0.0937
HAV,LAX,"11,154",$320.81,"2,231 mi",31,$0.1438
MDE,EYP,"11,152",$87.59,210 mi,31,$0.4171
EZE,PSS,"11,146",$92.98,520 mi,31,$0.1788
CUN,SGF,"11,133",$294.55,"1,222 mi",31,$0.2410
MTY,PDS,"11,122",$175.54,205 mi,30,$0.8563
EZE,BLQ,"11,115",$797.19,"6,800 mi",30,$0.1172
CCS,BEY,"11,114",$871.68,"6,706 mi",30,$0.1300
LIM,LGA,"11,109",$405.43,"3,764 mi",30,$0.1077
AUA,TPA,"11,099",$384.71,"1,380 mi",30,$0.2788
EZE,SMR,"11,079",$373.38,"3,236 mi",30,$0.1154
VCP,ASU,"11,079",$125.23,692 mi,30,$0.1810
HAV,ZRH,"11,063",$305.45,"5,258 mi",30,$0.0581
SCL,DTW,"11,050",$985.11,"5,443 mi",30,$0.1810
MBJ,SLC,"11,049",$355.96,"2,609 mi",30,$0.1364
SJD,IAD,"11,046",$333.87,"2,247 mi",30,$0.1486
MEX,OMA,"11,042",$327.44,"1,476 mi",30,$0.2218
BSB,EZE,"11,039",$170.54,"1,421 mi",30,$0.1200
UIO,DFW,"11,033",$353.59,"2,507 mi",30,$0.1410
MBJ,YWG,"11,028",$214.44,"2,492 mi",30,$0.0861
SCL,NRT,"11,022","$1,230.77","10,343 mi",30,$0.1190
BOG,BUN,"11,018",$71.62,199 mi,30,$0.3599
MEX,PSC,"11,006",$308.19,"2,240 mi",30,$0.1376
MDE,LGA,"11,001",$216.56,"2,465 mi",30,$0.0879
MTY,MSP,"10,981",$449.40,"1,415 mi",30,$0.3176
TIJ,IAH,"10,976",$351.33,"1,248 mi",30,$0.2815
PTY,TLV,"10,975",$755.20,"7,480 mi",30,$0.1010
BOG,SAN,"10,962",$405.45,"3,481 mi",30,$0.1165
GIG,PVH,"10,961",$315.53,"1,630 mi",30,$0.1936
GRU,SAL,"10,937",$479.07,"3,728 mi",30,$0.1285
BOG,VCE,"10,934",$472.48,"5,642 mi",30,$0.0837
CUN,PRG,"10,930",$621.54,"5,416 mi",30,$0.1148
MTY,ZIH,"10,921",$114.49,555 mi,30,$0.2063
SJD,YYJ,"10,920",$245.06,"1,971 mi",30,$0.1243
PVR,CUU,"10,901",$130.71,573 mi,30,$0.2281
LIM,TLV,"10,895",$891.53,"7,700 mi",30,$0.1158
MBJ,JAX,"10,894",$231.15,836 mi,30,$0.2765
SCL,LGA,"10,873",$838.66,"4,974 mi",30,$0.1686
PTY,FCO,"10,862",$558.99,"6,061 mi",30,$0.0922
CUN,CPH,"10,822",$384.12,"5,223 mi",30,$0.0735
CLO,EYP,"10,816",$106.32,310 mi,30,$0.3430
MBJ,GRR,"10,805",$270.74,"1,794 mi",30,$0.1509
GRU,PHX,"10,783","$1,043.32","6,005 mi",30,$0.1737
SJD,PIT,"10,778",$305.59,"2,152 mi",30,$0.1420
AUA,IND,"10,758",$351.98,"2,190 mi",29,$0.1607
MEX,SAN,"10,754",$323.74,"1,405 mi",29,$0.2304
LIM,FLN,"10,752",$349.95,"2,075 mi",29,$0.1687
CUN,SNA,"10,750",$295.02,"2,020 mi",29,$0.1460
SJO,GYE,"10,723",$292.14,918 mi,29,$0.3182
CUN,VCE,"10,713",$329.10,"5,786 mi",29,$0.0569
AUA,SDQ,"10,707",$132.11,422 mi,29,$0.3131
GRU,LOS,"10,665",$805.80,"4,064 mi",29,$0.1983
CUN,NCE,"10,664",$384.59,"5,259 mi",29,$0.0731
GRU,BNA,"10,663","$1,116.68","5,026 mi",29,$0.2222
HAV,VIE,"10,660",$391.09,"5,605 mi",29,$0.0698
CLO,GIG,"10,658",$380.39,"2,968 mi",29,$0.1282
SJD,TUL,"10,638",$265.92,"1,186 mi",29,$0.2242
SCL,GVA,"10,630","$1,079.09","7,067 mi",29,$0.1527
PTY,YVR,"10,628",$512.05,"3,856 mi",29,$0.1328
GRU,MAB,"10,625",$294.84,"1,223 mi",29,$0.2411
SDQ,AMS,"10,617",$459.62,"4,427 mi",29,$0.1038
GRU,WAW,"10,602",$863.38,"6,409 mi",29,$0.1347
GRU,LYS,"10,591",$818.75,"5,595 mi",29,$0.1463
PVR,IND,"10,590",$282.29,"1,780 mi",29,$0.1586
CUN,VRN,"10,589",$530.79,"5,387 mi",29,$0.0985
CLO,LPA,"10,583",$490.93,"4,471 mi",29,$0.1098
CLO,UIO,"10,577",$145.80,297 mi,29,$0.4909
MEX,CUC,"10,569",$228.67,"2,006 mi",29,$0.1140
SCL,SAL,"10,557",$507.38,"3,348 mi",29,$0.1515
CUN,TLV,"10,555",$778.06,"6,908 mi",29,$0.1126
AUA,PHX,"10,554",$500.42,"2,919 mi",29,$0.1714
PVR,PHL,"10,529",$316.20,"2,144 mi",29,$0.1475
EZE,YVR,"10,512","$1,109.16","6,814 mi",29,$0.1628
SJD,LHR,"10,509",$847.03,"5,575 mi",29,$0.1519
POS,DCA,"10,507",$298.25,"2,244 mi",29,$0.1329
SCL,BAQ,"10,496",$350.41,"2,979 mi",29,$0.1176
GRU,NGY,"10,484",$594.30,"11,949 mi",29,$0.0497
BSB,JOI,"10,478",$224.26,740 mi,29,$0.3031
MBJ,NAS,"10,459",$163.25,438 mi,29,$0.3727
GIG,CPH,"10,449",$751.47,"6,520 mi",29,$0.1153
SCL,VCE,"10,437",$855.16,"7,745 mi",29,$0.1104
SCL,LAS,"10,425",$839.55,"5,757 mi",29,$0.1458
CLO,BIO,"10,424",$441.09,"5,065 mi",29,$0.0871
AUA,SCL,"10,413",$362.17,"3,266 mi",29,$0.1109
HAV,IST,"10,403",$649.25,"6,373 mi",29,$0.1019
MEX,OPO,"10,393",$831.59,"5,523 mi",28,$0.1506
LIM,BIO,"10,373",$478.76,"5,836 mi",28,$0.0820
UIO,SAL,"10,369",$174.52,"1,225 mi",28,$0.1425
CUN,RSW,"10,365",$305.58,484 mi,28,$0.6314
CUN,ELP,"10,360",$255.63,"1,373 mi",28,$0.1862
VCP,STM,"10,358",$263.90,"1,467 mi",28,$0.1799
SDQ,PLS,"10,354",$197.40,277 mi,28,$0.7126
MEX,BWI,"10,349",$292.31,"1,965 mi",28,$0.1488
CUN,CZM,"10,335",$71.18,37 mi,28,$1.9238
GRU,CKS,"10,320",$458.02,"1,182 mi",28,$0.3875
SJO,PIT,"10,287",$326.14,"2,057 mi",28,$0.1586
POS,NAS,"10,278",$279.60,"1,498 mi",28,$0.1866
SJO,CVG,"10,278",$417.16,"2,068 mi",28,$0.2017
PVR,FAT,"10,262",$170.57,"1,454 mi",28,$0.1173
MTY,MTT,"10,251",$172.56,618 mi,28,$0.2792
MEX,NCE,"10,243",$950.22,"5,884 mi",28,$0.1615
BSB,XAP,"10,240",$232.95,810 mi,28,$0.2876
EZE,UAQ,"10,232",$107.01,596 mi,28,$0.1795
CLO,IAD,"10,229",$281.45,"2,374 mi",28,$0.1186
SJD,MEM,"10,206",$308.21,"1,486 mi",28,$0.2074
GIG,IOS,"10,199",$294.03,598 mi,28,$0.4917
SCL,BNE,"10,196","$1,607.08","7,126 mi",28,$0.2255
BOG,LMC,"10,195",$73.45,181 mi,28,$0.4058
SCL,MSP,"10,182","$1,074.46","5,756 mi",28,$0.1867
PTY,MDZ,"10,170",$453.19,"2,889 mi",28,$0.1569
SCL,GYN,"10,163",$323.72,"1,719 mi",28,$0.1883
CUN,HUX,"10,159",$88.81,693 mi,28,$0.1282
SJD,MID,"10,156",$65.50,"1,254 mi",28,$0.0522
GRU,MAN,"10,156",$851.03,"5,748 mi",28,$0.1481
GIG,YUL,"10,129",$647.57,"4,939 mi",28,$0.1311
VRA,YEG,"10,128",$365.03,"2,601 mi",28,$0.1403
MEX,CMH,"10,091",$364.42,"1,765 mi",28,$0.2065
GIG,LGA,"10,090","$1,357.93","4,957 mi",28,$0.2739
TQO,YQB,"10,088",$139.73,"1,993 mi",28,$0.0701
SJO,SMF,"10,085",$329.15,"3,131 mi",28,$0.1051
HAV,AMS,"10,073",$370.46,"5,004 mi",28,$0.0740
GIG,USH,"10,070",$277.83,"2,485 mi",28,$0.1118
MDE,RDU,"10,054",$178.53,"2,126 mi",28,$0.0840
MEX,AGP,"10,052",$657.78,"5,498 mi",28,$0.1196
UIO,VLC,"10,040",$362.54,"5,412 mi",28,$0.0670
SCL,PEK,"10,031","$2,323.92","12,175 mi",27,$0.1909
HAV,PEK,"10,030","$1,379.61","7,673 mi",27,$0.1798
SJO,IND,"10,030",$360.40,"1,996 mi",27,$0.1806
GRU,MLA,"10,025",$656.40,"5,538 mi",27,$0.1185
SCL,VIE,"10,016",$983.26,"8,012 mi",27,$0.1227
BOG,SYD,"10,004","$1,067.84","9,168 mi",27,$0.1165
SJO,PUJ,"10,002",$318.41,"1,250 mi",27,$0.2547
AUA,SFO,"10,001",$380.86,"3,540 mi",27,$0.1076
GDL,FCO,"9,997",$507.67,"6,290 mi",27,$0.0807
VRA,YVR,"9,997",$359.82,"2,805 mi",27,$0.1283
LIM,MSP,"9,992",$660.57,"4,181 mi",27,$0.1580
CUN,PSC,"9,980",$260.70,"2,588 mi",27,$0.1007
CLO,SXM,"9,962",$595.53,"1,305 mi",27,$0.4563
MDE,ZRH,"9,958",$424.29,"5,792 mi",27,$0.0733
SCL,SMR,"9,956",$266.69,"2,991 mi",27,$0.0892
PVR,PSC,"9,951",$202.99,"1,991 mi",27,$0.1020
MDE,ASU,"9,927",$371.33,"2,555 mi",27,$0.1453
GDL,SJU,"9,923",$321.88,"2,502 mi",27,$0.1286
AUA,LAS,"9,919",$344.23,"3,333 mi",27,$0.1033
SJO,GVA,"9,906",$714.34,"5,908 mi",27,$0.1209
TIJ,PHX,"9,904",$322.48,303 mi,27,$1.0643
EZE,ALC,"9,893",$535.92,"6,454 mi",27,$0.0830
CCS,OPO,"9,890",$349.37,"3,979 mi",27,$0.0878
LIM,SDU,"9,889",$212.85,"2,283 mi",27,$0.0932
MTY,IND,"9,882",$348.34,"1,288 mi",27,$0.2705
SJO,MVD,"9,873",$471.55,"3,712 mi",27,$0.1270
GDL,IAD,"9,873",$251.39,"2,054 mi",27,$0.1224
GRU,ANF,"9,861",$473.90,"1,472 mi",27,$0.3219
VCP,BRC,"9,848",$348.96,"1,928 mi",27,$0.1810
BOG,CPH,"9,844",$499.72,"5,650 mi",27,$0.0884
BSB,LDB,"9,839",$213.33,539 mi,27,$0.3958
EZE,PHX,"9,839","$1,236.07","5,674 mi",27,$0.2178
SDQ,LHR,"9,839",$571.49,"4,209 mi",27,$0.1358
SJO,LGA,"9,836",$293.75,"2,286 mi",27,$0.1285
SCL,NAT,"9,834",$306.71,"3,054 mi",27,$0.1004
LIM,CNF,"9,814",$422.06,"2,193 mi",27,$0.1925
REC,ZRH,"9,807",$536.04,"4,809 mi",27,$0.1115
MEX,BOI,"9,795",$305.52,"1,882 mi",27,$0.1623
SXM,DFW,"9,784",$568.50,"2,408 mi",27,$0.2361
CUN,NAP,"9,783",$451.09,"6,003 mi",27,$0.0751
UIO,LIN,"9,781",$489.73,"6,293 mi",27,$0.0778
CLO,ATL,"9,775",$246.22,"2,079 mi",27,$0.1184
LIM,VLC,"9,774",$510.35,"5,870 mi",27,$0.0869
GIG,PNZ,"9,769",$270.47,974 mi,27,$0.2777
MEX,COR,"9,767",$740.38,"4,073 mi",27,$0.1818
LIM,PEI,"9,759",$224.95,"1,202 mi",27,$0.1871
PTY,PHX,"9,756",$416.88,"2,751 mi",27,$0.1515
SCL,ICN,"9,756","$1,201.06","11,771 mi",27,$0.1020
CCS,IKA,"9,718","$1,118.24","7,524 mi",27,$0.1486
PTY,PHL,"9,718",$362.25,"2,079 mi",27,$0.1742
GIG,SIN,"9,706","$2,597.89","9,492 mi",27,$0.2737
MBJ,ROC,"9,698",$204.51,"1,752 mi",27,$0.1167
TIJ,MTT,"9,696",$179.57,"1,660 mi",27,$0.1082
HAV,MUC,"9,695",$269.27,"5,073 mi",27,$0.0531
SCL,FTE,"9,687",$194.33,"1,203 mi",27,$0.1615
LIM,SYD,"9,684","$1,220.31","7,711 mi",27,$0.1583
GIG,TLV,"9,666",$760.38,"6,203 mi",26,$0.1226
EZE,DME,"9,663",$946.59,"8,142 mi",26,$0.1163
BGI,PHL,"9,650",$271.17,"2,147 mi",26,$0.1263
LIM,CJC,"9,646",$321.34,876 mi,26,$0.3668
LIM,CBB,"9,640",$176.62,845 mi,26,$0.2090
GIG,JDO,"9,637",$289.08,"1,142 mi",26,$0.2531
MEX,HAJ,"9,633","$1,014.91","5,728 mi",26,$0.1772
SJO,STL,"9,623",$314.15,"1,962 mi",26,$0.1601
GRU,DCA,"9,603","$1,275.44","4,594 mi",26,$0.2776
GRU,PPB,"9,599",$83.79,317 mi,26,$0.2643
MTY,CLE,"9,584",$352.15,"1,456 mi",26,$0.2419
REC,FRA,"9,582",$505.72,"4,646 mi",26,$0.1089
SDQ,MRS,"9,581",$305.43,"4,740 mi",26,$0.0644
GDL,SCL,"9,569",$553.02,"4,169 mi",26,$0.1327
CUN,ACA,"9,565",$109.65,865 mi,26,$0.1268
POS,ATL,"9,561",$264.63,"2,226 mi",26,$0.1189
LIM,SAN,"9,544",$618.05,"3,946 mi",26,$0.1566
CLO,ALC,"9,540",$439.50,"5,140 mi",26,$0.0855
CUN,HRL,"9,520",$152.60,747 mi,26,$0.2043
CUN,TLS,"9,519",$265.50,"5,296 mi",26,$0.0501
SCL,PHX,"9,516","$1,439.29","5,497 mi",26,$0.2618
CUN,DGO,"9,509",$120.94,"1,111 mi",26,$0.1089
EZE,OPO,"9,507",$645.64,"5,949 mi",26,$0.1085
SCL,TPA,"9,489",$625.49,"4,438 mi",26,$0.1409
PTY,CNF,"9,476",$425.79,"3,215 mi",26,$0.1324
EZE,CLT,"9,467","$1,108.33","5,202 mi",26,$0.2131
GIG,OSL,"9,456","$1,194.41","6,298 mi",26,$0.1896
MEX,BOM,"9,455","$1,033.34","9,427 mi",26,$0.1096
LIM,VIE,"9,453",$790.35,"6,794 mi",26,$0.1163
GIG,CXJ,"9,445",$169.57,641 mi,26,$0.2645
MBJ,LGA,"9,443",$217.14,"1,604 mi",26,$0.1354
PTY,SMR,"9,436",$134.33,367 mi,26,$0.3660
HAV,ATH,"9,427",$397.68,"5,895 mi",26,$0.0675
SDQ,GVA,"9,422",$589.13,"4,495 mi",26,$0.1311
SXM,PUJ,"9,422",$134.27,337 mi,26,$0.3984
SCL,BPS,"9,415",$259.08,"2,361 mi",26,$0.1097
PVR,BNA,"9,413",$321.37,"1,502 mi",26,$0.2140
PVR,DCA,"9,412",$306.63,"2,029 mi",26,$0.1511
MEX,DUS,"9,406",$825.43,"6,002 mi",26,$0.1375
SCL,JUL,"9,404",$323.55,"1,202 mi",26,$0.2692
GIG,MGF,"9,393",$225.10,576 mi,26,$0.3908
AUA,BNA,"9,390",$368.07,"1,875 mi",26,$0.1963
GDL,CTM,"9,385",$51.92,"1,015 mi",26,$0.0512
SJO,LIS,"9,371",$655.05,"4,835 mi",26,$0.1355
CCS,SCL,"9,369",$552.06,"3,142 mi",26,$0.1757
GDL,RDU,"9,358",$273.30,"1,768 mi",26,$0.1546
CCS,MEX,"9,346",$717.22,"2,289 mi",26,$0.3133
GIG,LCY,"9,332",$425.39,"5,938 mi",26,$0.0716
CUN,OPO,"9,331",$202.82,"4,534 mi",26,$0.0447
MTY,GRR,"9,331",$380.60,"1,483 mi",26,$0.2566
PVR,TPA,"9,311",$285.52,"1,559 mi",26,$0.1831
GIG,TPA,"9,309",$510.39,"4,247 mi",26,$0.1202
HAV,LGA,"9,308",$233.76,"1,285 mi",26,$0.1819
GRU,YYC,"9,296",$869.30,"6,376 mi",25,$0.1363
MEX,FAT,"9,296",$200.69,"1,678 mi",25,$0.1196
MDE,FRA,"9,292",$475.72,"5,795 mi",25,$0.0821
MBJ,SAN,"9,290",$254.91,"2,539 mi",25,$0.1004
LIM,HKG,"9,289","$1,322.32","11,077 mi",25,$0.1194
GIG,DUB,"9,273",$603.52,"5,883 mi",25,$0.1026
LIM,CCP,"9,269",$332.05,"1,780 mi",25,$0.1865
UIO,TPA,"9,249",$231.26,"2,020 mi",25,$0.1145
BOG,POA,"9,247",$378.95,"2,754 mi",25,$0.1376
VCP,RRJ,"9,240",$135.47,246 mi,25,$0.5507
SCL,SDU,"9,228",$219.76,"1,879 mi",25,$0.1170
REC,LHR,"9,218",$684.34,"4,737 mi",25,$0.1445
LIM,LGW,"9,208",$519.94,"6,122 mi",25,$0.0849
CUN,POS,"9,203",$343.32,"1,896 mi",25,$0.1811
EZE,PHL,"9,188","$1,078.10","5,427 mi",25,$0.1987
CUN,UIO,"9,162",$246.92,"1,524 mi",25,$0.1620
CUN,ATW,"9,158",$309.94,"1,560 mi",25,$0.1987
BOG,TLV,"9,156",$739.67,"7,359 mi",25,$0.1005
MDE,AMS,"9,149",$459.11,"5,303 mi",25,$0.0866
CUN,SAV,"9,145",$286.55,817 mi,25,$0.3507
GIG,VCE,"9,130",$678.98,"6,044 mi",25,$0.1123
EZE,PMY,"9,130",$97.32,632 mi,25,$0.1540
SCL,NVT,"9,120",$302.24,"1,352 mi",25,$0.2236
CUN,CMW,"9,105",$121.94,565 mi,25,$0.2158
UIO,FRA,"9,104",$478.25,"5,905 mi",25,$0.0810
CUN,BUD,"9,098",$385.97,"5,689 mi",25,$0.0678
GIG,ADZ,"9,089",$319.85,"3,678 mi",25,$0.0870
REC,AMS,"9,088",$502.16,"4,930 mi",25,$0.1019
EZE,SAL,"9,085",$574.32,"3,772 mi",25,$0.1523
AUA,SYR,"9,083",$284.68,"2,082 mi",25,$0.1367
BOG,SAT,"9,067",$302.97,"2,268 mi",25,$0.1336
REC,MGF,"9,067",$201.72,"1,598 mi",25,$0.1262
GDL,TPA,"9,063",$289.54,"1,362 mi",25,$0.2126
PTY,PEK,"9,048","$1,099.99","9,157 mi",25,$0.1201
EZE,REL,"9,043",$112.10,703 mi,25,$0.1595
PTY,FLN,"9,042",$382.13,"3,368 mi",25,$0.1135
KIN,GEO,"9,041",$421.37,"1,522 mi",25,$0.2769
MDE,IPI,"9,035",$94.00,410 mi,25,$0.2293
MBJ,YVR,"9,009",$336.63,"3,180 mi",25,$0.1059
MEX,SVQ,"9,000",$713.87,"5,412 mi",25,$0.1319
GIG,MDQ,"8,995",$187.52,"1,386 mi",25,$0.1353
BSB,ORY,"8,991",$574.88,"5,585 mi",25,$0.1029
MDE,VVC,"8,991",$95.39,192 mi,25,$0.4968
MEX,VLC,"8,990",$682.50,"5,984 mi",25,$0.1141
PTY,MSP,"8,977",$472.06,"2,530 mi",25,$0.1866
CUN,PEI,"8,973",$212.41,"1,307 mi",25,$0.1625
EZE,SYD,"8,972","$1,307.04","7,092 mi",25,$0.1843
SDQ,CLE,"8,972",$231.35,"1,795 mi",25,$0.1289
PTY,POA,"8,969",$377.06,"3,385 mi",25,$0.1114
SJO,TLV,"8,963",$806.00,"7,259 mi",25,$0.1110
GDL,HAV,"8,957",$110.92,"1,310 mi",25,$0.0847
BOG,PEK,"8,954","$1,358.81","9,546 mi",25,$0.1423
BOG,LPA,"8,953",$454.64,"4,293 mi",25,$0.1059
LIM,YYC,"8,945",$426.75,"4,745 mi",25,$0.0899
CUN,TUS,"8,945",$259.48,"1,717 mi",25,$0.1511
BOG,CJC,"8,937",$527.83,"1,855 mi",24,$0.2845
MTY,SCL,"8,901",$670.13,"4,655 mi",24,$0.1440
MEX,MEM,"8,882",$382.39,"1,177 mi",24,$0.3249
CUN,PNS,"8,875",$249.24,672 mi,24,$0.3709
CUN,LBB,"8,866",$268.18,"1,225 mi",24,$0.2189
MEX,NAP,"8,859",$395.44,"6,669 mi",24,$0.0593
BOG,MGA,"8,828",$324.69,940 mi,24,$0.3454
EZE,LGA,"8,822",$928.97,"5,472 mi",24,$0.1698
GIG,PEK,"8,779","$1,687.00","10,437 mi",24,$0.1616
EZE,SLC,"8,778","$1,079.62","6,416 mi",24,$0.1683
CUN,COS,"8,777",$216.39,"1,571 mi",24,$0.1377
REC,CDG,"8,768",$466.49,"4,415 mi",24,$0.1057
TIJ,LAS,"8,764",$90.12,258 mi,24,$0.3493
SCL,HAM,"8,763",$915.61,"7,923 mi",24,$0.1156
MEX,CWB,"8,751",$818.60,"4,432 mi",24,$0.1847
MTY,STL,"8,747",$323.96,"1,092 mi",24,$0.2967
GRU,MPM,"8,746",$614.82,"4,737 mi",24,$0.1298
GIG,NCE,"8,743",$899.81,"5,763 mi",24,$0.1561
MDE,PHX,"8,743",$369.56,"2,916 mi",24,$0.1267
VCP,JJG,"8,724",$106.90,421 mi,24,$0.2539
SCL,SLZ,"8,710",$479.27,"2,815 mi",24,$0.1703
MBJ,CID,"8,697",$289.63,"1,754 mi",24,$0.1651
PTY,ZRH,"8,688",$717.84,"5,831 mi",24,$0.1231
VCP,MCP,"8,665",$191.31,"1,663 mi",24,$0.1150
EZE,NCE,"8,658",$962.44,"7,020 mi",24,$0.1371
SCL,BEL,"8,654",$533.84,"2,721 mi",24,$0.1962
GRU,CCP,"8,643",$355.93,"1,883 mi",24,$0.1890
SJO,SAT,"8,640",$332.06,"1,585 mi",24,$0.2095
GIG,MAN,"8,636",$834.53,"5,630 mi",24,$0.1482
HAV,LAS,"8,630",$246.17,"2,087 mi",24,$0.1180
SCL,JNB,"8,628","$1,158.34","5,551 mi",24,$0.2087
UIO,GUA,"8,625",$285.38,"1,274 mi",24,$0.2240
MBJ,CDG,"8,619",$459.81,"4,689 mi",24,$0.0981
EZE,DUB,"8,616",$937.72,"6,645 mi",24,$0.1411
KIN,LAX,"8,614",$336.93,"2,873 mi",24,$0.1173
UIO,MCH,"8,605",$79.04,237 mi,24,$0.3335
REC,BVB,"8,586",$225.61,"1,989 mi",24,$0.1134
SJO,MSY,"8,584",$274.35,"1,479 mi",24,$0.1855
AUA,PUJ,"8,581",$192.02,420 mi,24,$0.4572
CUN,POA,"8,580",$387.70,"4,122 mi",24,$0.0941
UIO,ESM,"8,579",$51.92,119 mi,24,$0.4363
REC,STM,"8,575",$420.82,"1,379 mi",23,$0.3052
MBJ,ALB,"8,569",$210.03,"1,743 mi",23,$0.1205
GRU,IZA,"8,568",$85.73,256 mi,23,$0.3349
SJO,CMH,"8,568",$309.61,"2,137 mi",23,$0.1449
GDL,CLE,"8,556",$248.63,"1,969 mi",23,$0.1263
BOG,SVI,"8,554",$74.09,186 mi,23,$0.3983
CCS,CAJ,"8,546",$91.91,401 mi,23,$0.2292
GIG,CJC,"8,544",$322.49,"1,585 mi",23,$0.2035
BOG,PHL,"8,541",$347.79,"2,504 mi",23,$0.1389
MTY,RDU,"8,534",$315.19,"1,483 mi",23,$0.2125
BGI,DFW,"8,533",$425.63,"2,813 mi",23,$0.1513
SJD,MKE,"8,523",$280.27,"1,795 mi",23,$0.1561
GIG,UIO,"8,521",$472.50,"2,916 mi",23,$0.1620
CUN,BAQ,"8,520",$227.86,"1,033 mi",23,$0.2206
SCL,PHL,"8,516",$813.96,"4,918 mi",23,$0.1655
MBJ,SMF,"8,511",$298.91,"2,868 mi",23,$0.1042
PTY,MAO,"8,509",$283.52,"1,619 mi",23,$0.1751
MEX,EDI,"8,508",$566.61,"5,167 mi",23,$0.1097
GIG,JNB,"8,505",$889.09,"4,310 mi",23,$0.2063
PVR,CLE,"8,495",$334.83,"2,039 mi",23,$0.1642
BOG,HAM,"8,494",$513.55,"5,545 mi",23,$0.0926
GRU,BUD,"8,484","$1,010.86","6,559 mi",23,$0.1541
MEX,YOW,"8,483",$424.93,"2,300 mi",23,$0.1848
GRU,TPE,"8,470","$1,200.48","12,004 mi",23,$0.1000
PTY,MEC,"8,465",$264.58,677 mi,23,$0.3908
BSB,IAD,"8,464","$1,143.47","4,368 mi",23,$0.2618
GRU,DME,"8,462","$1,110.64","7,106 mi",23,$0.1563
MDE,CUZ,"8,457",$184.60,"1,341 mi",23,$0.1377
LIM,IST,"8,444",$742.22,"7,356 mi",23,$0.1009
CUN,PMI,"8,441",$373.54,"5,445 mi",23,$0.0686
EZE,RES,"8,437",$114.26,525 mi,23,$0.2176
LIM,SLA,"8,412",$174.33,"1,203 mi",23,$0.1449
BOG,ATH,"8,411",$723.55,"6,651 mi",23,$0.1088
HAV,BRU,"8,405",$297.36,"5,014 mi",23,$0.0593
PVR,GRR,"8,389",$305.69,"1,855 mi",23,$0.1648
GIG,ICN,"8,387","$1,623.94","10,915 mi",23,$0.1488
SDQ,BON,"8,380",$67.05,432 mi,23,$0.1552
MDE,PMI,"8,346",$354.48,"5,477 mi",23,$0.0647
EZE,RDU,"8,340","$1,046.15","4,904 mi",23,$0.2133
GDL,MFR,"8,325",$155.18,"1,947 mi",23,$0.0797
MBJ,MXP,"8,317",$532.42,"5,308 mi",23,$0.1003
GIG,AUS,"8,311",$775.16,"5,296 mi",23,$0.1464
AUA,ROC,"8,309",$294.54,"2,099 mi",23,$0.1403
CCS,SDQ,"8,304",$493.06,587 mi,23,$0.8400
GRU,OSL,"8,292",$940.45,"6,418 mi",23,$0.1465
SDQ,AXA,"8,289",$91.32,421 mi,23,$0.2169
MTY,CVG,"8,279",$399.73,"1,319 mi",23,$0.3031
SDQ,NAS,"8,274",$231.46,657 mi,23,$0.3523
HAV,VCE,"8,271",$316.49,"5,479 mi",23,$0.0578
VCP,BVB,"8,268",$421.13,"2,066 mi",23,$0.2038
GRU,IBZ,"8,263","$1,141.89","5,141 mi",23,$0.2221
LIM,SMR,"8,254",$203.40,"1,659 mi",23,$0.1226
SXM,IAH,"8,232",$488.09,"2,119 mi",23,$0.2303
KIN,BOS,"8,231",$229.82,"1,774 mi",23,$0.1295
PTY,DEL,"8,218",$787.23,"9,681 mi",23,$0.0813
PVR,RDU,"8,218",$256.84,"1,969 mi",23,$0.1304
EZE,TRN,"8,201",$665.74,"6,694 mi",22,$0.0995
MBJ,OKC,"8,194",$276.31,"1,726 mi",22,$0.1601
REC,PMW,"8,186",$235.21,900 mi,22,$0.2613
PVR,BWI,"8,178",$241.34,"2,184 mi",22,$0.1105
SDQ,PMI,"8,163",$285.65,"4,627 mi",22,$0.0617
MDE,LIS,"8,155",$300.64,"4,540 mi",22,$0.0662
BOG,NRT,"8,143","$1,119.32","9,123 mi",22,$0.1227
GDL,STL,"8,130",$256.82,"1,432 mi",22,$0.1793
SCL,RCH,"8,123",$276.07,"3,200 mi",22,$0.0863
GDL,ZIH,"8,121",$64.64,242 mi,22,$0.2671
EZE,BAQ,"8,117",$460.84,"3,433 mi",22,$0.1342
BSB,CAC,"8,116",$176.74,749 mi,22,$0.2360
BOG,CNF,"8,114",$310.65,"2,572 mi",22,$0.1208
POS,AMS,"8,108",$872.51,"4,776 mi",22,$0.1827
CLO,BOS,"8,107",$310.56,"2,622 mi",22,$0.1184
TIJ,CTM,"8,095",$57.66,"1,961 mi",22,$0.0294
UIO,MSP,"8,082",$532.31,"3,143 mi",22,$0.1694
LIM,ARN,"8,077",$703.03,"7,322 mi",22,$0.0960
CCS,PYH,"8,062",$86.33,337 mi,22,$0.2562
BSB,DUB,"8,049",$570.47,"5,548 mi",22,$0.1028
SDQ,SAN,"8,041",$329.54,"3,000 mi",22,$0.1098
GIG,FEN,"8,031",$310.96,"1,451 mi",22,$0.2143
GRU,IND,"8,020","$1,099.87","4,910 mi",22,$0.2240
SJO,ASU,"8,018",$455.80,"2,934 mi",22,$0.1554
SCL,EWR,"8,015",$932.09,"5,277 mi",22,$0.1766
MEX,BGA,"8,015",$287.72,"1,875 mi",22,$0.1535
VCP,RVD,"8,011",$126.88,448 mi,22,$0.2832
SCL,ORY,"8,010",$720.12,"7,452 mi",22,$0.0966
SJO,HKG,"8,001",$790.44,"10,186 mi",22,$0.0776
GDL,GEG,"7,996",$178.83,"1,973 mi",22,$0.0906
PTY,CLT,"7,994",$357.11,"1,755 mi",22,$0.2035
TQO,HMO,"7,989",$192.59,"1,541 mi",22,$0.1250
SJD,RDM,"7,988",$261.87,"1,547 mi",22,$0.1693
GRU,HAV,"7,986",$406.83,"3,894 mi",22,$0.1045
MEX,HND,"7,975",$934.22,"6,818 mi",22,$0.1370
GRU,VLC,"7,970",$645.91,"5,104 mi",22,$0.1265
EZE,EDI,"7,969",$864.21,"7,270 mi",22,$0.1189
BGI,ORD,"7,966",$343.19,"2,703 mi",22,$0.1270
GRU,BAQ,"7,960",$413.95,"2,956 mi",22,$0.1400
PVR,OAK,"7,959",$149.45,"1,507 mi",22,$0.0992
CUN,PWM,"7,959",$237.97,"1,884 mi",22,$0.1263
CUN,EUG,"7,958",$280.03,"2,537 mi",22,$0.1104
MTY,YUL,"7,941",$369.40,"1,934 mi",22,$0.1910
GDL,SAL,"7,939",$230.75,"1,029 mi",22,$0.2242
BGI,IAD,"7,935",$453.59,"2,161 mi",22,$0.2099
CLO,GYE,"7,935",$215.68,476 mi,22,$0.4531
GRU,PMI,"7,934",$844.22,"5,547 mi",22,$0.1522
SDQ,MUC,"7,924",$325.80,"4,740 mi",22,$0.0687
MBJ,SAT,"7,924",$245.84,"1,546 mi",22,$0.1590
EZE,AKL,"7,916","$1,144.01","6,599 mi",22,$0.1734
PVR,YXS,"7,910",$269.55,"2,397 mi",22,$0.1125
MEX,GRR,"7,905",$383.74,"1,856 mi",22,$0.2068
EZE,CPC,"7,897",$87.59,803 mi,22,$0.1091
BOG,TFN,"7,896",$459.72,"4,243 mi",22,$0.1083
EZE,XMN,"7,889",$975.02,"12,050 mi",22,$0.0809
GIG,LGW,"7,883",$557.25,"5,912 mi",22,$0.0943
BOG,CWB,"7,879",$426.70,"2,757 mi",22,$0.1548
BOG,BWI,"7,878",$185.22,"2,315 mi",22,$0.0800
MTY,PUS,"7,874","$1,066.85","6,930 mi",22,$0.1539
EZE,MAN,"7,869","$1,065.99","6,750 mi",22,$0.1579
VCP,MAB,"7,868",$228.15,"1,189 mi",22,$0.1919
SCL,CGR,"7,864",$383.59,"1,292 mi",22,$0.2969
SXM,DEN,"7,844",$437.36,"2,806 mi",21,$0.1559
TIJ,CAN,"7,842",$681.74,"7,566 mi",21,$0.0901
AUA,COR,"7,838",$341.63,"3,143 mi",21,$0.1087
GRU,BIO,"7,838",$818.00,"5,537 mi",21,$0.1477
GRU,MRS,"7,823",$867.08,"5,833 mi",21,$0.1487
LIM,ADZ,"7,819",$196.37,"1,781 mi",21,$0.1103
LIM,PDX,"7,819",$592.50,"4,736 mi",21,$0.1251
GRU,STL,"7,812","$1,379.91","5,303 mi",21,$0.2602
CUN,AGP,"7,807",$303.84,"5,104 mi",21,$0.0595
SCL,AUS,"7,805",$814.87,"4,873 mi",21,$0.1672
EZE,WAW,"7,791",$953.63,"7,903 mi",21,$0.1207
TIJ,DFW,"7,789",$224.18,"1,122 mi",21,$0.1998
MEX,SYD,"7,786","$1,493.14","7,825 mi",21,$0.1908
SJD,EUG,"7,786",$259.74,"1,688 mi",21,$0.1539
MDE,CLT,"7,773",$280.53,"1,977 mi",21,$0.1419
CUN,YQT,"7,770",$202.53,"1,950 mi",21,$0.1039
BOG,HKG,"7,766",$993.00,"10,807 mi",21,$0.0919
PTY,MUC,"7,766",$364.52,"5,978 mi",21,$0.0610
HAV,BOS,"7,754",$301.47,"1,536 mi",21,$0.1963
CUN,ARN,"7,752",$392.55,"5,628 mi",21,$0.0697
MEX,LPB,"7,743",$455.67,"3,153 mi",21,$0.1445
GIG,JUJ,"7,738",$194.90,"1,428 mi",21,$0.1365
MEX,VVI,"7,705",$468.61,"3,431 mi",21,$0.1366
SJO,MCI,"7,691",$310.55,"2,062 mi",21,$0.1506
HAV,PHX,"7,686",$265.40,"1,875 mi",21,$0.1415
GIG,PUJ,"7,679",$395.12,"3,424 mi",21,$0.1154
GRU,DOU,"7,664",$284.53,529 mi,21,$0.5379
SCL,CPH,"7,664",$827.22,"7,614 mi",21,$0.1086
MTY,PDX,"7,662",$241.98,"1,904 mi",21,$0.1271
AUA,BUF,"7,660",$295.46,"2,102 mi",21,$0.1406
HAV,MSP,"7,658",$346.69,"1,582 mi",21,$0.2191
PVR,EUG,"7,646",$238.97,"1,861 mi",21,$0.1284
EZE,VGO,"7,644",$707.62,"6,002 mi",21,$0.1179
MBJ,PDX,"7,644",$373.63,"3,252 mi",21,$0.1149
PTY,PVG,"7,642","$1,085.11","9,604 mi",21,$0.1130
GRU,IQQ,"7,639",$341.30,"1,576 mi",21,$0.2166
SDQ,SEA,"7,638",$389.30,"3,453 mi",21,$0.1127
HAV,DCA,"7,637",$296.71,"1,107 mi",21,$0.2680
SCL,ATH,"7,635",$889.98,"7,582 mi",21,$0.1174
TIJ,MDW,"7,635",$172.61,"1,668 mi",21,$0.1035
PVR,YOW,"7,631",$221.32,"2,462 mi",21,$0.0899
MEX,CHA,"7,630",$420.30,"1,330 mi",21,$0.3160
SXM,DCA,"7,622",$392.29,"1,614 mi",21,$0.2431
VCP,EEA,"7,621",$98.89,367 mi,21,$0.2695
CUN,CEN,"7,605",$79.69,"1,554 mi",21,$0.0513
EZE,BIO,"7,605",$710.09,"6,240 mi",21,$0.1138
REC,IMP,"7,600",$224.32,904 mi,21,$0.2481
CUN,MAF,"7,599",$281.51,"1,244 mi",21,$0.2263
LIM,CPH,"7,597",$710.29,"6,686 mi",21,$0.1062
MBJ,SYR,"7,586",$224.49,"1,754 mi",21,$0.1280
SJD,VNY,"7,577",$175.45,958 mi,21,$0.1831
GIG,MRS,"7,575",$691.09,"5,348 mi",21,$0.1292
LIM,AGP,"7,573",$642.33,"5,609 mi",21,$0.1145
SJO,CUR,"7,572",$310.42,"1,076 mi",21,$0.2885
MEX,STR,"7,570",$719.75,"6,182 mi",21,$0.1164
PVR,CMH,"7,567",$293.45,"1,932 mi",21,$0.1519
GDL,BNA,"7,564",$309.69,"1,518 mi",21,$0.2040
SCL,DUS,"7,558",$951.69,"7,270 mi",21,$0.1309
HAV,VVI,"7,549",$411.40,"3,187 mi",21,$0.1291
LIM,DTW,"7,540",$749.23,"3,655 mi",21,$0.2050
SCL,DXB,"7,529","$1,464.68","9,455 mi",21,$0.1549
REC,XAP,"7,522",$205.23,"1,699 mi",21,$0.1208
SCL,TLV,"7,517","$1,066.76","7,967 mi",21,$0.1339
BSB,GVA,"7,511",$955.57,"5,611 mi",21,$0.1703
GRU,RAK,"7,511",$806.84,"4,710 mi",21,$0.1713
CUN,YQG,"7,500",$135.66,"1,530 mi",21,$0.0887
SJO,MXP,"7,493",$627.80,"5,690 mi",21,$0.1103
POS,EWR,"7,492",$292.26,"2,289 mi",21,$0.1277
BOG,POS,"7,487",$538.26,938 mi,21,$0.5738
CLO,SFO,"7,484",$350.60,"3,624 mi",21,$0.0967
MEX,MNL,"7,466","$1,209.25","9,105 mi",20,$0.1328
MEX,SMR,"7,463",$306.71,"1,698 mi",20,$0.1806
SDQ,BWI,"7,453",$197.02,"1,538 mi",20,$0.1281
EZE,PRG,"7,445",$851.40,"7,130 mi",20,$0.1194
SJO,ORY,"7,445",$448.45,"5,380 mi",20,$0.0834
VCP,CAW,"7,440",$95.39,396 mi,20,$0.2409
GDL,SDQ,"7,438",$313.20,"2,258 mi",20,$0.1387
CLO,GVA,"7,433",$652.97,"5,853 mi",20,$0.1116
GRU,PMC,"7,431",$368.74,"2,034 mi",20,$0.1813
GDL,MSP,"7,421",$420.26,"1,832 mi",20,$0.2294
SCL,YYC,"7,419",$726.00,"6,210 mi",20,$0.1169
EZE,HAM,"7,414",$973.06,"7,128 mi",20,$0.1365
AUA,LGA,"7,410",$296.48,"2,027 mi",20,$0.1463
UIO,SEA,"7,401",$518.81,"4,087 mi",20,$0.1269
KIN,TPA,"7,392",$255.77,760 mi,20,$0.3365
CLO,FCO,"7,386",$527.15,"6,164 mi",20,$0.0855
BSB,MVD,"7,379",$303.50,"1,361 mi",20,$0.2230
BSB,MEX,"7,373",$707.29,"4,373 mi",20,$0.1617
SCL,BLQ,"7,371",$846.15,"7,218 mi",20,$0.1172
SCL,AJU,"7,363",$520.38,"2,555 mi",20,$0.2037
SDQ,LIN,"7,359",$381.82,"4,934 mi",20,$0.0774
SCL,PDP,"7,358",$151.93,875 mi,20,$0.1736
CCS,POS,"7,355",$235.41,372 mi,20,$0.6328
SJD,YWG,"7,354",$244.28,"1,909 mi",20,$0.1280
PVR,ONT,"7,342",$160.41,"1,157 mi",20,$0.1386
CUN,GSO,"7,340",$268.04,"1,156 mi",20,$0.2319
HAV,BER,"7,337",$424.75,"5,368 mi",20,$0.0791
MDE,MXP,"7,337",$455.20,"5,462 mi",20,$0.0833
BOG,SJD,"7,327",$288.70,"2,773 mi",20,$0.1041
PVR,IAD,"7,325",$326.05,"2,138 mi",20,$0.1525
REC,MAB,"7,316",$242.89,964 mi,20,$0.2520
MBJ,FSD,"7,315",$338.13,"1,988 mi",20,$0.1701
MBJ,SAV,"7,311",$308.93,992 mi,20,$0.3114
SCL,JPA,"7,308",$474.60,"2,832 mi",20,$0.1676
PVR,OKC,"7,300",$260.36,"1,084 mi",20,$0.2402
SJD,PSC,"7,299",$220.66,"1,631 mi",20,$0.1353
GDL,CVG,"7,289",$319.57,"1,641 mi",20,$0.1947
AUA,DCA,"7,286",$231.34,"1,815 mi",20,$0.1275
EZE,DEL,"7,283",$958.44,"9,520 mi",20,$0.1007
SCL,LIN,"7,278",$877.37,"7,166 mi",20,$0.1224
MTY,DCA,"7,278",$375.65,"1,566 mi",20,$0.2399
MDE,BWI,"7,262",$162.14,"2,350 mi",20,$0.0690
SJD,JAX,"7,261",$400.59,"1,742 mi",20,$0.2300
MDE,STI,"7,260",$95.23,941 mi,20,$0.1012
GIG,RAO,"7,246",$161.86,303 mi,20,$0.5342
AUA,AUS,"7,238",$310.65,"2,212 mi",20,$0.1404
AUA,YUL,"7,237",$241.26,"2,219 mi",20,$0.1087
MDE,XPL,"7,233",$236.54,977 mi,20,$0.2421
CLO,YUL,"7,231",$391.09,"2,988 mi",20,$0.1309
BOG,OPO,"7,226",$492.00,"4,596 mi",20,$0.1070
SJD,ABQ,"7,224",$252.56,867 mi,20,$0.2913
PVR,AGU,"7,217",$129.91,196 mi,20,$0.6628
MEX,EAS,"7,213",$818.43,"5,826 mi",20,$0.1405
MEX,CUZ,"7,207",$381.39,"2,844 mi",20,$0.1341
BGI,PBM,"7,201",$100.51,621 mi,20,$0.1619
GIG,YVR,"7,201",$847.07,"7,177 mi",20,$0.1180
MEX,TUS,"7,199",$352.30,"1,178 mi",20,$0.2991
BOG,BSA,"7,187",$784.76,"8,638 mi",20,$0.0908
MTY,PHL,"7,183",$343.74,"1,680 mi",20,$0.2046
MEX,POA,"7,174",$705.42,"4,530 mi",20,$0.1557
SDQ,DTW,"7,171",$334.63,"1,774 mi",20,$0.1886
HAV,VLN,"7,152",$200.58,"1,343 mi",20,$0.1494
SJO,MKE,"7,151",$351.56,"2,219 mi",20,$0.1584
BSB,RAO,"7,143",$235.87,353 mi,20,$0.6682
GIG,ANF,"7,139",$291.97,"1,674 mi",20,$0.1744
SJO,DUB,"7,134",$955.29,"5,324 mi",20,$0.1794
BGI,AMS,"7,133",$598.89,"4,292 mi",20,$0.1395
MEX,OSL,"7,129",$469.57,"5,543 mi",20,$0.0847
CCS,DXB,"7,127","$1,185.22","8,070 mi",20,$0.1469
GIG,JOI,"7,127",$257.76,408 mi,20,$0.6318
MTY,SJU,"7,121",$377.89,"2,301 mi",20,$0.1642
CUN,JAN,"7,101",$301.47,827 mi,19,$0.3645
MEX,LYS,"7,098",$723.28,"6,089 mi",19,$0.1188
GIG,HAM,"7,097",$754.15,"5,974 mi",19,$0.1262
PVR,LHR,"7,092",$677.95,"5,541 mi",19,$0.1224
HAV,DEN,"7,081",$282.87,"1,694 mi",19,$0.1670
CUN,HSV,"7,076",$328.45,912 mi,19,$0.3601
MEX,GSP,"7,075",$397.00,"1,527 mi",19,$0.2600
SJD,RSW,"7,070",$438.43,"1,712 mi",19,$0.2561
MEX,SDF,"7,066",$403.55,"1,476 mi",19,$0.2734
SCL,MAO,"7,062",$465.68,"2,275 mi",19,$0.2047
GRU,SVO,"7,056",$898.54,"7,100 mi",19,$0.1266
LIM,CUC,"7,049",$200.46,"1,456 mi",19,$0.1377
MDE,ORY,"7,045",$339.90,"5,183 mi",19,$0.0656
UIO,ALC,"7,030",$281.51,"5,397 mi",19,$0.0522
BSB,BRU,"7,025",$731.80,"5,423 mi",19,$0.1349
EZE,ARN,"7,023",$932.81,"7,593 mi",19,$0.1229
POS,SKB,"7,019",$197.14,487 mi,19,$0.4048
HAV,LIS,"7,013",$212.81,"4,234 mi",19,$0.0503
SJO,PRG,"7,008",$643.19,"5,877 mi",19,$0.1094
CLO,AGP,"7,005",$505.31,"4,919 mi",19,$0.1027
CCS,MXP,"7,002",$388.70,"4,857 mi",19,$0.0800
PVR,DSM,"6,988",$277.20,"1,544 mi",19,$0.1795
MTY,TPA,"6,967",$283.27,"1,060 mi",19,$0.2672
MEX,MRS,"6,962",$719.07,"6,160 mi",19,$0.1167
MBJ,BHM,"6,957",$294.03,"1,140 mi",19,$0.2579
GDL,DGO,"6,949",$136.07,269 mi,19,$0.5058
CCS,LIM,"6,938",$569.43,"1,762 mi",19,$0.3232
SJO,SNA,"6,934",$507.89,"2,768 mi",19,$0.1835
AUA,RIC,"6,933",$326.99,"1,839 mi",19,$0.1778
GIG,WAW,"6,931",$714.69,"6,651 mi",19,$0.1075
MTY,GSP,"6,930",$361.06,"1,199 mi",19,$0.3011
BOG,DUS,"6,928",$533.18,"5,405 mi",19,$0.0986
CUN,MFR,"6,928",$234.61,"2,625 mi",19,$0.0894
EZE,CAN,"6,920","$1,221.91","11,161 mi",19,$0.1095
BGI,DUB,"6,917",$745.57,"3,891 mi",19,$0.1916
BGI,SJU,"6,916",$104.93,553 mi,19,$0.1897
GRU,OTP,"6,904",$864.67,"6,352 mi",19,$0.1361
MEX,YEG,"6,903",$360.57,"2,539 mi",19,$0.1420
BOG,LQM,"6,901",$81.53,350 mi,19,$0.2329
MEX,OVD,"6,883",$852.62,"5,286 mi",19,$0.1613
MEX,ABQ,"6,879",$313.79,"1,207 mi",19,$0.2600
REC,MCP,"6,876",$255.87,"1,210 mi",19,$0.2115
PVR,MKE,"6,872",$293.62,"1,782 mi",19,$0.1648
UIO,YUL,"6,872",$364.53,"3,258 mi",19,$0.1119
EZE,PEI,"6,861",$380.57,"2,869 mi",19,$0.1326
GRU,CLV,"6,858",$118.88,431 mi,19,$0.2758
BOG,TIJ,"6,856",$328.76,"3,262 mi",19,$0.1008
CLO,CUR,"6,853",$166.98,808 mi,19,$0.2067
CLO,TFN,"6,853",$547.47,"4,421 mi",19,$0.1238
GDL,FRA,"6,846",$730.69,"6,223 mi",19,$0.1174
SCL,DUB,"6,841",$849.39,"7,342 mi",19,$0.1157
GRU,TRN,"6,836",$742.46,"5,660 mi",19,$0.1312
CUN,AMA,"6,834",$196.87,"1,370 mi",19,$0.1437
CUN,MSO,"6,827",$309.77,"2,278 mi",19,$0.1360
SDQ,VLN,"6,826",$68.93,602 mi,19,$0.1145
GDL,BCN,"6,822",$665.16,"5,860 mi",19,$0.1135
MEX,MAN,"6,821",$704.15,"5,583 mi",19,$0.1261
MDE,DCA,"6,819",$192.12,"2,329 mi",19,$0.0825
KIN,CAP,"6,808",$355.30,315 mi,19,$1.1279
SCL,CLT,"6,801","$1,186.62","4,641 mi",19,$0.2557
MBJ,DAL,"6,787",$261.84,"1,490 mi",19,$0.1757
CUN,NRT,"6,779",$846.04,"7,664 mi",19,$0.1104
TIJ,SHA,"6,766",$565.86,"6,813 mi",19,$0.0831
CUN,AVL,"6,765",$233.04,"1,060 mi",19,$0.2198
CLO,FUE,"6,764",$463.79,"4,572 mi",19,$0.1014
MTY,DGO,"6,764",$144.06,291 mi,19,$0.4951
MEX,JAX,"6,758",$387.28,"1,287 mi",19,$0.3009
BOG,BLQ,"6,757",$588.01,"5,939 mi",19,$0.0990
MBJ,PWM,"6,750",$218.07,"1,738 mi",18,$0.1255
MTY,SDQ,"6,750",$354.04,"1,948 mi",18,$0.1817
UIO,YVR,"6,744",$602.55,"4,448 mi",18,$0.1355
GIG,MSY,"6,733","$1,024.41","4,656 mi",18,$0.2200
GDL,DCA,"6,719",$308.33,"2,069 mi",18,$0.1490
AUA,SXM,"6,699",$296.32,616 mi,18,$0.4810
UIO,MVD,"6,690",$449.48,"2,882 mi",18,$0.1560
UIO,CDG,"6,682",$626.55,"5,639 mi",18,$0.1111
CUN,BGA,"6,682",$218.71,"1,367 mi",18,$0.1600
GRU,BYO,"6,681",$120.81,635 mi,18,$0.1903
UIO,LAS,"6,672",$355.82,"3,541 mi",18,$0.1005
SJO,DUS,"6,671",$411.62,"5,894 mi",18,$0.0698
CUN,GRB,"6,671",$278.45,"1,573 mi",18,$0.1770
BOG,MDZ,"6,669",$376.73,"2,696 mi",18,$0.1397
UIO,PHX,"6,667",$483.10,"3,089 mi",18,$0.1564
POS,MNL,"6,654","$1,184.34","10,373 mi",18,$0.1142
MTY,ONT,"6,649",$220.48,"1,155 mi",18,$0.1909
MTY,BRO,"6,649",$185.02,162 mi,18,$1.1421
LIM,MNL,"6,648","$1,206.19","11,541 mi",18,$0.1045
GIG,SAN,"6,638",$933.18,"6,013 mi",18,$0.1552
PVR,CLT,"6,638",$307.97,"1,730 mi",18,$0.1780
MBJ,MYR,"6,635",$251.22,"1,018 mi",18,$0.2468
BOG,ZCO,"6,629",$388.93,"2,926 mi",18,$0.1329
CUN,CNF,"6,627",$426.10,"4,159 mi",18,$0.1025
BOG,FLN,"6,625",$354.04,"2,897 mi",18,$0.1222
PVR,FLL,"6,624",$297.03,"1,681 mi",18,$0.1767
SXM,LHR,"6,620","$1,068.44","4,201 mi",18,$0.2543
SJO,MRS,"6,619",$530.42,"5,887 mi",18,$0.0901
LIM,PMC,"6,616",$290.43,"2,108 mi",18,$0.1378
MEX,CNF,"6,613",$711.78,"4,467 mi",18,$0.1593
AUA,CVG,"6,612",$448.05,"2,103 mi",18,$0.2131
MDE,SEA,"6,607",$459.06,"4,086 mi",18,$0.1123
PTY,MSY,"6,605",$314.12,"1,559 mi",18,$0.2015
LIM,ATH,"6,603",$765.40,"7,105 mi",18,$0.1077
VCP,AQA,"6,599",$73.05,101 mi,18,$0.7233
MEX,ITM,"6,593","$1,197.12","7,476 mi",18,$0.1601
SCL,OSL,"6,587",$746.55,"8,168 mi",18,$0.0914
UIO,ASU,"6,587",$426.86,"2,291 mi",18,$0.1863
GRU,HAJ,"6,580","$1,398.29","6,421 mi",18,$0.2178
CLO,VCE,"6,577",$460.77,"5,803 mi",18,$0.0794
TQO,CLT,"6,572",$244.11,"1,083 mi",18,$0.2254
MTY,MKE,"6,570",$394.53,"1,413 mi",18,$0.2792
UIO,AMS,"6,567",$657.24,"6,113 mi",18,$0.1075
POS,DOM,"6,558",$165.86,352 mi,18,$0.4712
CUN,GYE,"6,551",$313.45,"1,621 mi",18,$0.1934
LIM,ROS,"6,548",$229.53,"1,722 mi",18,$0.1333
SXM,TPA,"6,536",$380.16,"1,368 mi",18,$0.2779
POS,MSY,"6,533",$416.20,"2,223 mi",18,$0.1872
GRU,CLE,"6,532","$1,275.01","5,171 mi",18,$0.2466
CUN,RAP,"6,531",$286.90,"1,785 mi",18,$0.1607
CLO,SAL,"6,525",$305.44,"1,136 mi",18,$0.2689
GDL,OMA,"6,524",$347.46,"1,455 mi",18,$0.2388
KIN,SXM,"6,520",$253.12,872 mi,18,$0.2903
BSB,MXP,"6,515",$684.53,"5,358 mi",18,$0.1278
BOG,HND,"6,508","$1,480.25","8,624 mi",18,$0.1716
KIN,PHL,"6,502",$266.19,"1,472 mi",18,$0.1808
SDQ,AUS,"6,494",$308.84,"1,876 mi",18,$0.1646
SCL,CGB,"6,492",$335.70,"1,484 mi",18,$0.2262
UIO,PHL,"6,489",$458.47,"2,853 mi",18,$0.1607
MEX,BHM,"6,489",$310.97,"1,273 mi",18,$0.2443
UIO,ZRH,"6,488",$518.31,"5,898 mi",18,$0.0879
AUA,MCI,"6,483",$372.87,"2,460 mi",18,$0.1516
GIG,MCP,"6,482",$315.90,"1,615 mi",18,$0.1956
SDQ,IND,"6,479",$333.86,"1,827 mi",18,$0.1827
GIG,PHL,"6,478",$953.01,"4,653 mi",18,$0.2048
REC,PVH,"6,474",$354.60,"2,040 mi",18,$0.1738
GIG,VDC,"6,468",$189.87,584 mi,18,$0.3251
GIG,OPS,"6,464",$322.32,"1,142 mi",18,$0.2822
BOG,MRS,"6,448",$524.92,"5,626 mi",18,$0.0933
MTY,MCI,"6,445",$370.69,955 mi,18,$0.3882
MEX,KRK,"6,440",$559.86,"6,555 mi",18,$0.0854
BOG,CCP,"6,439",$388.47,"2,952 mi",18,$0.1316
CUN,YFC,"6,433",$204.68,"2,003 mi",18,$0.1022
GIG,LDB,"6,432",$257.05,517 mi,18,$0.4972
GRU,STR,"6,432","$1,092.65","6,230 mi",18,$0.1754
BOG,IQQ,"6,429",$502.98,"1,817 mi",18,$0.2768
MTY,FAT,"6,429",$202.35,"1,340 mi",18,$0.1510
SCL,MNL,"6,428","$1,358.79","11,264 mi",18,$0.1206
POS,SDQ,"6,426",$386.45,799 mi,18,$0.4837
PVR,ABQ,"6,421",$180.49,"1,026 mi",18,$0.1759
CCS,CLO,"6,419",$431.08,831 mi,18,$0.5187
GRU,LUX,"6,418",$886.90,"5,810 mi",18,$0.1527
UIO,GVA,"6,409",$606.11,"6,139 mi",18,$0.0987
MTY,MEM,"6,408",$326.24,905 mi,18,$0.3605
LIM,SVQ,"6,407",$784.83,"5,556 mi",18,$0.1413
GIG,DEN,"6,404","$1,094.74","6,038 mi",18,$0.1813
SCL,AGP,"6,404",$836.21,"6,259 mi",18,$0.1336
BOG,MSP,"6,402",$501.89,"2,916 mi",18,$0.1721
EZE,MSP,"6,401","$1,183.82","5,742 mi",18,$0.2062
HAV,ASU,"6,398",$339.09,"3,838 mi",18,$0.0884
GRU,EDI,"6,395",$906.96,"5,856 mi",18,$0.1549
LIM,BGA,"6,391",$223.77,"1,310 mi",18,$0.1708
SCL,BKK,"6,380","$1,025.35","10,645 mi",17,$0.0963
SDQ,NAP,"6,374",$365.96,"5,238 mi",17,$0.0699
MTY,PIT,"6,371",$374.08,"1,482 mi",17,$0.2524
GIG,SYD,"6,354","$1,495.31","8,150 mi",17,$0.1835
SDQ,BAQ,"6,352",$261.75,642 mi,17,$0.4077
MDE,SAN,"6,351",$338.05,"3,151 mi",17,$0.1073
LIM,SSA,"6,341",$477.19,"2,693 mi",17,$0.1772
MEX,HEL,"6,334",$558.07,"5,925 mi",17,$0.0942
REC,PPB,"6,330",$190.41,"1,421 mi",17,$0.1340
TIJ,HUX,"6,330",$101.16,"1,791 mi",17,$0.0565
CLO,GDL,"6,329",$266.02,"2,093 mi",17,$0.1271
MEX,ELP,"6,329",$403.15,939 mi,17,$0.4293
SJO,BDL,"6,328",$298.99,"2,246 mi",17,$0.1331
SDQ,SKB,"6,317",$77.74,449 mi,17,$0.1731
MTY,SAL,"6,309",$253.38,"1,147 mi",17,$0.2209
SCL,OPO,"6,306",$858.69,"6,297 mi",17,$0.1364
REC,JFK,"6,304",$638.17,"4,303 mi",17,$0.1483
UIO,AUS,"6,303",$282.95,"2,522 mi",17,$0.1122
SJO,LYS,"6,295",$501.10,"5,862 mi",17,$0.0855
GIG,IQQ,"6,294",$256.67,"1,786 mi",17,$0.1437
GIG,HND,"6,293","$1,758.48","11,191 mi",17,$0.1571
MEX,RIC,"6,293",$357.06,"1,863 mi",17,$0.1917
BSB,BCN,"6,288",$645.33,"4,926 mi",17,$0.1310
GRU,SVQ,"6,283",$726.44,"5,112 mi",17,$0.1421
SCL,PMI,"6,283",$716.71,"6,679 mi",17,$0.1073
BSB,OPO,"6,265",$574.27,"4,815 mi",17,$0.1193
GIG,BHI,"6,263",$241.80,"1,518 mi",17,$0.1593
BGI,SXM,"6,255",$221.00,432 mi,17,$0.5116
MTY,MUC,"6,252",$968.16,"5,640 mi",17,$0.1717
PVR,YXX,"6,251",$216.34,"2,109 mi",17,$0.1026
UIO,PMI,"6,250",$345.07,"5,578 mi",17,$0.0619
CUN,ILM,"6,246",$300.97,"1,097 mi",17,$0.2744
GIG,PVG,"6,244","$1,995.98","11,011 mi",17,$0.1813
MBJ,TYS,"6,244",$322.33,"1,214 mi",17,$0.2655
GRU,TLS,"6,243",$758.52,"5,370 mi",17,$0.1413
PTY,SAT,"6,243",$335.38,"1,821 mi",17,$0.1842
LIM,DUS,"6,233",$639.10,"6,802 mi",17,$0.0940
GIG,CLT,"6,232",$914.67,"4,567 mi",17,$0.2003
CUN,DUS,"6,226",$136.51,"5,403 mi",17,$0.0253
LIM,OPO,"6,225",$555.94,"5,861 mi",17,$0.0949
MEX,BUF,"6,221",$396.01,"2,069 mi",17,$0.1914
SJO,YYC,"6,214",$495.36,"3,403 mi",17,$0.1456
BOG,DTW,"6,214",$447.20,"2,573 mi",17,$0.1738
MDE,VLC,"6,203",$359.58,"5,300 mi",17,$0.0678
GIG,CCP,"6,202",$247.99,"2,080 mi",17,$0.1192
SCL,SJP,"6,190",$382.29,"1,618 mi",17,$0.2363
PVR,MFR,"6,188",$184.48,"1,761 mi",17,$0.1048
EZE,BRI,"6,185",$805.18,"6,878 mi",17,$0.1171
PTY,PDX,"6,185",$483.44,"3,698 mi",17,$0.1307
GRU,MSY,"6,182",$884.50,"4,556 mi",17,$0.1941
BSB,CXJ,"6,181",$199.26,972 mi,17,$0.2050
MTY,SMF,"6,166",$233.80,"1,488 mi",17,$0.1571
BOG,BNA,"6,164",$382.49,"2,244 mi",17,$0.1705
SXM,PHX,"6,144",$770.13,"3,287 mi",17,$0.2343
MDE,PHL,"6,143",$446.03,"2,259 mi",17,$0.1974
CUN,SRQ,"6,142",$308.42,501 mi,17,$0.6156
MEX,NAS,"6,135",$633.03,"1,390 mi",17,$0.4554
MEX,OTP,"6,131",$800.12,"6,623 mi",17,$0.1208
SDQ,BLQ,"6,118",$418.53,"4,749 mi",17,$0.0881
GIG,SDQ,"6,116",$522.27,"3,261 mi",17,$0.1602
POS,LHR,"6,114",$516.20,"4,275 mi",17,$0.1207
VRA,YQT,"6,114",$218.95,"1,749 mi",17,$0.1252
HAV,WAW,"6,108",$395.19,"5,345 mi",17,$0.0739
LIM,MAN,"6,105",$700.14,"6,087 mi",17,$0.1150
SXM,BWI,"6,105",$368.97,"1,721 mi",17,$0.2144
SCL,SIN,"6,104","$1,523.51","9,891 mi",17,$0.1540
AUA,CDG,"6,093",$739.19,"4,923 mi",17,$0.1502
LIM,DXB,"6,091","$1,160.62","8,936 mi",17,$0.1299
HAV,VKO,"6,089",$554.41,"6,141 mi",17,$0.0903
MEX,GEG,"6,087",$346.50,"2,140 mi",17,$0.1619
LIM,IGR,"6,080",$257.95,"1,806 mi",17,$0.1428
BSB,AMS,"6,079",$655.91,"5,492 mi",17,$0.1194
CLO,LGA,"6,077",$194.58,"2,500 mi",17,$0.0778
LIM,MRS,"6,077",$604.12,"6,602 mi",17,$0.0915
MEX,TLS,"6,068",$618.87,"5,972 mi",17,$0.1036
GDL,NRT,"6,055","$1,106.07","6,944 mi",17,$0.1593
EZE,PMO,"6,050",$766.90,"7,017 mi",17,$0.1093
GIG,GEO,"6,035","$1,034.58","2,197 mi",17,$0.4709
PVR,VER,"6,033",$73.97,616 mi,17,$0.1201
VCP,GEL,"6,033",$292.59,587 mi,17,$0.4984
SDQ,YYZ,"6,032",$345.06,"1,783 mi",17,$0.1935
SCL,RDU,"6,030",$683.34,"4,670 mi",17,$0.1463
HAV,MVD,"6,028",$377.67,"4,485 mi",17,$0.0842
BSB,ATL,"6,017",$576.16,"4,306 mi",16,$0.1338
UIO,IST,"6,016",$558.68,"7,319 mi",16,$0.0763
AUA,ALB,"6,015",$337.72,"2,165 mi",16,$0.1560
PTY,ROS,"6,000",$624.41,"3,054 mi",16,$0.2045
SDQ,MVD,"5,998",$591.12,"3,902 mi",16,$0.1515
MTY,PUJ,"5,993",$281.03,"2,023 mi",16,$0.1389
CUN,BIO,"5,988",$248.92,"4,791 mi",16,$0.0520
SDQ,MSP,"5,987",$549.67,"2,343 mi",16,$0.2346
BOG,LYS,"5,984",$560.86,"5,631 mi",16,$0.0996
MBJ,TUL,"5,976",$281.15,"1,592 mi",16,$0.1766
SJD,FSD,"5,971",$261.29,"1,641 mi",16,$0.1592
EZE,FLR,"5,968",$905.28,"6,766 mi",16,$0.1338
LIM,BNA,"5,965",$562.27,"3,282 mi",16,$0.1713
GRU,BRI,"5,963",$824.94,"6,203 mi",16,$0.1330
GRU,BNE,"5,962","$1,395.59","8,429 mi",16,$0.1656
PTY,GVA,"5,960","$1,016.72","5,385 mi",16,$0.1888
EZE,SIN,"5,959","$1,543.28","9,569 mi",16,$0.1613
UIO,BRU,"5,955",$570.41,"6,090 mi",16,$0.0937
EZE,LCY,"5,945",$671.74,"6,729 mi",16,$0.0998
SCL,USH,"5,942",$254.44,"1,442 mi",16,$0.1764
CUN,FWA,"5,941",$285.66,"1,423 mi",16,$0.2007
TQO,YYC,"5,938",$355.61,"2,648 mi",16,$0.1343
CLO,FRA,"5,933",$517.64,"5,981 mi",16,$0.0865
MTY,SLC,"5,933",$469.21,"1,277 mi",16,$0.3674
REC,LDB,"5,926",$243.18,"1,547 mi",16,$0.1572
CUN,IDA,"5,924",$338.76,"2,059 mi",16,$0.1645
SJO,GRR,"5,920",$432.48,"2,342 mi",16,$0.1847
VRA,YXU,"5,912",$131.94,"1,341 mi",16,$0.0984
BSB,BOS,"5,905",$636.26,"4,155 mi",16,$0.1531
POS,EIS,"5,903",$226.43,566 mi,16,$0.4001
GRU,ROS,"5,896",$262.13,"1,121 mi",16,$0.2338
MDE,SAP,"5,884",$289.30,"1,031 mi",16,$0.2806
GIG,NAP,"5,883",$659.61,"5,569 mi",16,$0.1184
SJD,LIT,"5,882",$340.06,"1,363 mi",16,$0.2495
VCP,FEN,"5,873",$270.79,"1,599 mi",16,$0.1693
LIM,PMI,"5,868",$531.54,"6,404 mi",16,$0.0830
MTY,BCN,"5,864",$650.81,"5,814 mi",16,$0.1119
SJD,SDF,"5,864",$302.38,"1,701 mi",16,$0.1778
BGI,BWI,"5,862",$318.74,"2,149 mi",16,$0.1483
EZE,ROS,"5,860",$60.14,179 mi,16,$0.3360
HAV,ORD,"5,855",$194.19,"1,390 mi",16,$0.1397
CUN,MLI,"5,852",$272.10,"1,383 mi",16,$0.1967
PTY,SLC,"5,850",$591.05,"2,873 mi",16,$0.2057
VRA,YQR,"5,846",$266.26,"2,200 mi",16,$0.1210
GIG,OTP,"5,838",$858.81,"6,570 mi",16,$0.1307
GIG,VVI,"5,836",$249.59,"1,296 mi",16,$0.1926
UIO,SLC,"5,834",$513.73,"3,631 mi",16,$0.1415
SCL,TPP,"5,828",$235.44,"1,835 mi",16,$0.1283
REC,MOC,"5,826",$237.80,868 mi,16,$0.2740
MEX,POS,"5,822",$677.55,"2,507 mi",16,$0.2703
SJD,ICT,"5,818",$248.95,"1,275 mi",16,$0.1953
MEX,CHS,"5,815",$420.66,"1,543 mi",16,$0.2726
HAV,SJO,"5,802",$276.36,879 mi,16,$0.3144
BOG,ACE,"5,798",$393.96,"4,417 mi",16,$0.0892
KIN,YVR,"5,791",$263.93,"3,254 mi",16,$0.0811
SDQ,MNL,"5,779","$1,032.70","10,348 mi",16,$0.0998
SJD,BHM,"5,769",$360.93,"1,519 mi",16,$0.2376
LIM,VGO,"5,766",$589.75,"5,548 mi",16,$0.1063
SXM,RDU,"5,762",$322.18,"1,608 mi",16,$0.2004
SDQ,STI,"5,760",$21.20,88 mi,16,$0.2409
SCL,PER,"5,756","$2,020.04","7,664 mi",16,$0.2636
BSB,IOS,"5,747",$251.54,578 mi,16,$0.4352
SCL,CAN,"5,745","$1,548.70","11,351 mi",16,$0.1364
GIG,FLR,"5,744",$673.88,"5,920 mi",16,$0.1138
EZE,DUS,"5,744",$958.91,"6,927 mi",16,$0.1384
PTY,CAP,"5,739",$382.80,853 mi,16,$0.4488
SDQ,SLC,"5,736",$459.37,"2,846 mi",16,$0.1614
BOG,PVR,"5,734",$252.02,"2,432 mi",16,$0.1036
SJO,AEP,"5,734",$272.69,"3,616 mi",16,$0.0754
PVR,CVG,"5,720",$303.55,"1,814 mi",16,$0.1673
REC,GVA,"5,704",$683.19,"4,391 mi",16,$0.1556
SJD,DAL,"5,703",$281.52,"1,061 mi",16,$0.2653
SDQ,BRU,"5,702",$389.13,"4,414 mi",16,$0.0882
CUN,PSP,"5,701",$306.32,"1,950 mi",16,$0.1571
GRU,PDX,"5,688","$1,162.20","6,533 mi",16,$0.1779
SJO,CHS,"5,683",$417.75,"1,653 mi",16,$0.2527
MTY,CME,"5,677",$163.45,746 mi,16,$0.2191
BOG,PDX,"5,677",$405.07,"3,927 mi",16,$0.1031
BSB,FEN,"5,674",$238.56,"1,301 mi",16,$0.1834
SCL,IQT,"5,674",$319.35,"1,990 mi",16,$0.1605
GDL,IND,"5,670",$340.29,"1,715 mi",16,$0.1984
MEX,FLL,"5,662",$270.99,"1,327 mi",16,$0.2042
SDQ,LYS,"5,651",$300.28,"4,449 mi",15,$0.0675
GIG,CPV,"5,650",$233.78,"1,215 mi",15,$0.1924
MEX,BDL,"5,649",$393.14,"2,256 mi",15,$0.1743
UIO,RDU,"5,648",$318.61,"2,413 mi",15,$0.1320
LIM,JNB,"5,645","$1,166.89","6,980 mi",15,$0.1672
BOG,CAI,"5,642",$661.71,"6,766 mi",15,$0.0978
MTY,CTM,"5,634",$209.52,878 mi,15,$0.2386
SDQ,MSY,"5,631",$242.82,"1,566 mi",15,$0.1551
SJD,SBP,"5,629",$236.51,"1,094 mi",15,$0.2162
CUN,NAS,"5,628",$431.01,679 mi,15,$0.6348
MEX,DSM,"5,617",$384.39,"1,513 mi",15,$0.2541
GRU,PUQ,"5,615",$470.56,"2,337 mi",15,$0.2014
MEX,PMI,"5,593",$887.04,"6,147 mi",15,$0.1443
EZE,BUD,"5,586",$955.68,"7,214 mi",15,$0.1325
BOG,CUE,"5,584",$170.26,603 mi,15,$0.2824
SJD,BZN,"5,579",$313.41,"1,612 mi",15,$0.1944
GIG,IST,"5,578",$847.08,"6,574 mi",15,$0.1289
GIG,LYS,"5,573",$625.99,"5,452 mi",15,$0.1148
MTY,CMH,"5,568",$379.60,"1,354 mi",15,$0.2804
GDL,CZM,"5,565",$57.96,"1,027 mi",15,$0.0564
PVR,PIT,"5,564",$275.05,"2,068 mi",15,$0.1330
AUA,LHR,"5,560",$745.33,"4,528 mi",15,$0.1646
MEX,ROC,"5,559",$364.87,"2,116 mi",15,$0.1724
CUN,ECP,"5,558",$269.84,666 mi,15,$0.4052
MEX,YHZ,"5,552",$473.34,"2,768 mi",15,$0.1710
MEX,TUL,"5,550",$319.41,"1,139 mi",15,$0.2804
CUN,HNL,"5,546",$509.89,"4,397 mi",15,$0.1160
GIG,ARN,"5,540",$718.88,"6,454 mi",15,$0.1114
LIM,WAW,"5,539",$731.33,"6,998 mi",15,$0.1045
MBJ,PVD,"5,539",$245.16,"1,600 mi",15,$0.1532
GIG,MOC,"5,539",$218.86,436 mi,15,$0.5020
UIO,SAN,"5,538",$490.92,"3,294 mi",15,$0.1490
EZE,SDE,"5,533",$92.75,613 mi,15,$0.1513
PTY,ATH,"5,529",$665.69,"6,349 mi",15,$0.1048
UIO,MUC,"5,528",$501.57,"6,044 mi",15,$0.0830
MEX,YQB,"5,524",$402.60,"2,377 mi",15,$0.1694
POS,LAX,"5,516",$394.00,"4,050 mi",15,$0.0973
SDQ,BNA,"5,516",$322.87,"1,651 mi",15,$0.1956
GDL,QRO,"5,513",$162.71,208 mi,15,$0.7823
CUN,LMM,"5,513",$123.30,"1,399 mi",15,$0.0881
SJD,SJO,"5,513",$241.60,"1,970 mi",15,$0.1226
BOG,KIN,"5,503",$500.72,960 mi,15,$0.5216
GRU,CGK,"5,501","$1,883.48","9,996 mi",15,$0.1884
MEX,OKC,"5,498",$338.10,"1,139 mi",15,$0.2968
PTY,BER,"5,494",$434.56,"5,668 mi",15,$0.0767
GRU,YOW,"5,492",$833.33,"5,246 mi",15,$0.1589
MDE,BIO,"5,489",$365.21,"4,898 mi",15,$0.0746
GRU,XMN,"5,486","$1,024.31","11,117 mi",15,$0.0921
PVR,SLP,"5,481",$111.30,289 mi,15,$0.3851
BOG,PMC,"5,480",$408.30,"3,285 mi",15,$0.1243
CLO,ZRH,"5,477",$555.06,"5,975 mi",15,$0.0929
PTY,DCA,"5,473",$498.25,"2,001 mi",15,$0.2490
BGI,TPA,"5,468",$316.99,"1,752 mi",15,$0.1809
MDE,MGA,"5,464",$319.15,816 mi,15,$0.3911
BSB,PNZ,"5,463",$221.56,689 mi,15,$0.3216
GRU,CPV,"5,461",$240.07,"1,359 mi",15,$0.1767
EZE,TPE,"5,451","$1,186.88","12,116 mi",15,$0.0980
MTY,AMS,"5,451",$770.44,"5,572 mi",15,$0.1383
CCS,AEP,"5,449",$376.92,"3,265 mi",15,$0.1154
MDE,ALC,"5,449",$348.22,"4,981 mi",15,$0.0699
SCL,SAN,"5,449",$968.54,"5,311 mi",15,$0.1824
SCL,UDI,"5,448",$386.04,"1,766 mi",15,$0.2186
UIO,MXP,"5,447",$397.21,"6,265 mi",15,$0.0634
CUN,KRK,"5,440",$321.70,"5,981 mi",15,$0.0538
MEX,SDR,"5,437",$925.56,"5,725 mi",15,$0.1617
BOG,DAV,"5,435",$197.26,604 mi,15,$0.3266
SCL,HEL,"5,434",$972.79,"8,632 mi",15,$0.1127
SXM,SFO,"5,427",$769.35,"3,685 mi",15,$0.2088
BGI,MNL,"5,425","$1,079.84","10,214 mi",15,$0.1057
SJD,MFR,"5,424",$175.64,"1,482 mi",15,$0.1185
GRU,NGO,"5,423","$1,527.58","11,972 mi",15,$0.1276
MBJ,PNS,"5,423",$215.61,981 mi,15,$0.2198
EZE,LYS,"5,415",$815.06,"7,036 mi",15,$0.1158
LIM,SMF,"5,411",$513.28,"4,390 mi",15,$0.1169
SCL,AYP,"5,405",$284.65,"1,457 mi",15,$0.1954
VCP,MDZ,"5,403",$107.28,"1,438 mi",15,$0.0746
SJO,MEM,"5,402",$399.66,"1,715 mi",15,$0.2330
LIM,PUQ,"5,401",$290.33,"2,766 mi",15,$0.1050
KIN,EIS,"5,389",$362.84,780 mi,15,$0.4652
MEX,YLW,"5,384",$392.17,"2,314 mi",15,$0.1695
SCL,BIO,"5,381",$823.85,"6,605 mi",15,$0.1247
AUA,PVD,"5,380",$279.85,"1,960 mi",15,$0.1428
GIG,ABZ,"5,376","$1,182.81","6,199 mi",15,$0.1908
BGI,GLA,"5,373",$769.37,"4,268 mi",15,$0.1803
MEX,TRN,"5,368",$664.93,"6,221 mi",15,$0.1069
CCS,ORY,"5,367",$485.37,"4,874 mi",15,$0.0996
GRU,BEG,"5,366",$833.68,"6,123 mi",15,$0.1362
BGI,IAH,"5,365",$382.67,"2,644 mi",15,$0.1447
SJD,VER,"5,364",$72.99,941 mi,15,$0.0776
MDE,POA,"5,359",$348.35,"2,882 mi",15,$0.1209
GRU,CTA,"5,357","$1,045.87","5,975 mi",15,$0.1750
KIN,DFW,"5,354",$302.94,"1,578 mi",15,$0.1920
HAV,BEG,"5,350",$384.95,"5,525 mi",15,$0.0697
CUN,TAP,"5,340",$107.05,579 mi,15,$0.1849
EZE,MNL,"5,337","$1,292.95","10,701 mi",15,$0.1208
GRU,MCI,"5,337","$1,063.65","5,496 mi",15,$0.1935
BOG,CPO,"5,333",$466.97,"2,287 mi",15,$0.2042
BSB,FRA,"5,333",$762.77,"5,867 mi",15,$0.1300
MBJ,SCL,"5,329",$360.88,"3,724 mi",15,$0.0969
BGI,NAS,"5,328",$307.22,"1,476 mi",15,$0.2081
REC,CAC,"5,327",$195.40,"1,639 mi",15,$0.1192
MDE,AGP,"5,318",$385.47,"4,762 mi",15,$0.0809
SCL,PRG,"5,317",$916.17,"7,512 mi",15,$0.1220
MDE,BRU,"5,316",$461.53,"5,611 mi",15,$0.0823
GDL,SAN,"5,316",$204.91,"1,236 mi",15,$0.1658
MTY,MXP,"5,313",$751.21,"5,617 mi",15,$0.1337
GRU,BLR,"5,311","$1,668.41","8,467 mi",15,$0.1970
CLO,MXP,"5,309",$468.92,"5,633 mi",15,$0.0832
GIG,BLQ,"5,300",$660.22,"5,611 mi",15,$0.1177
SJD,CUU,"5,300",$71.94,436 mi,15,$0.1650
MEX,ORF,"5,298",$380.86,"1,888 mi",15,$0.2017
MEX,LEX,"5,297",$376.93,"1,504 mi",15,$0.2506
HAV,DFW,"5,294",$249.16,"1,157 mi",15,$0.2154
CUN,YQU,"5,292",$316.61,"2,967 mi",14,$0.1067
PVR,TGZ,"5,291",$109.17,824 mi,14,$0.1325
UIO,PVG,"5,289","$1,208.93","10,217 mi",14,$0.1183
TQO,SFO,"5,287",$287.10,"2,330 mi",14,$0.1232
LIM,HAM,"5,286",$669.93,"6,971 mi",14,$0.0961
SCL,IPI,"5,286",$314.28,"2,337 mi",14,$0.1345
VRA,YWG,"5,285",$257.45,"1,983 mi",14,$0.1298
EZE,PDX,"5,282","$1,123.98","6,636 mi",14,$0.1694
LIM,NCE,"5,281",$721.94,"6,316 mi",14,$0.1143
HAV,SPC,"5,279",$545.67,"3,873 mi",14,$0.1409
BOG,NCE,"5,278",$794.15,"5,395 mi",14,$0.1472
BGI,PHX,"5,277",$717.45,"3,467 mi",14,$0.2069
TQO,DEN,"5,275",$271.59,"1,642 mi",14,$0.1654
GDL,LTO,"5,275",$76.89,654 mi,14,$0.1176
CUN,ATH,"5,269",$575.66,"6,571 mi",14,$0.0876
TQO,LGA,"5,264",$182.38,"1,590 mi",14,$0.1147
PVR,FSD,"5,259",$345.80,"1,607 mi",14,$0.2152
BOG,NAS,"5,258",$553.84,"1,465 mi",14,$0.3780
GIG,SJP,"5,254",$331.99,431 mi,14,$0.7703
CUN,CUZ,"5,253",$309.30,"2,673 mi",14,$0.1157
GIG,SMR,"5,251",$528.89,"3,051 mi",14,$0.1733
MBJ,LIT,"5,250",$307.34,"1,381 mi",14,$0.2225
EZE,DTW,"5,246","$1,427.82","5,715 mi",14,$0.2498
REC,ROS,"5,245",$373.59,"2,451 mi",14,$0.1524
SJO,NRT,"5,244","$1,052.60","8,388 mi",14,$0.1255
CUN,BTV,"5,244",$240.52,"1,745 mi",14,$0.1378
SJO,RIC,"5,243",$263.29,"1,891 mi",14,$0.1392
PTY,OTP,"5,242",$525.59,"6,720 mi",14,$0.0782
CUN,YHM,"5,231",$85.82,"1,533 mi",14,$0.0560
SJO,JAX,"5,224",$409.03,"1,469 mi",14,$0.2784
EZE,CTA,"5,220",$771.86,"6,662 mi",14,$0.1159
BOG,MSY,"5,212",$311.96,"2,100 mi",14,$0.1486
SJD,RIC,"5,212",$411.93,"2,092 mi",14,$0.1969
CUN,DAY,"5,205",$244.95,"1,352 mi",14,$0.1812
PVR,YKF,"5,201",$299.14,"2,192 mi",14,$0.1365
REC,JOI,"5,200",$286.52,"1,593 mi",14,$0.1799
MEX,SNA,"5,195",$385.83,"1,563 mi",14,$0.2469
UIO,PEK,"5,194","$1,586.76","9,234 mi",14,$0.1718
GIG,PHX,"5,187",$982.81,"6,140 mi",14,$0.1601
BOG,SAP,"5,185",$312.10,"1,159 mi",14,$0.2693
POS,BOS,"5,185",$309.40,"2,339 mi",14,$0.1323
SCL,PDX,"5,183","$1,030.87","6,155 mi",14,$0.1675
CUN,GJT,"5,182",$260.04,"1,736 mi",14,$0.1498
CUN,ZIH,"5,181",$68.59,"1,009 mi",14,$0.0680
MEX,LTO,"5,178",$81.64,930 mi,14,$0.0878
GIG,PRG,"5,174",$655.54,"6,322 mi",14,$0.1037
GRU,PER,"5,172","$1,445.55","8,691 mi",14,$0.1663
EZE,TFN,"5,168",$497.76,"5,013 mi",14,$0.0993
GIG,GYE,"5,166",$366.13,"2,753 mi",14,$0.1330
BOG,LSC,"5,166",$410.60,"2,472 mi",14,$0.1661
SDQ,CMH,"5,165",$259.28,"1,635 mi",14,$0.1586
VRA,YHM,"5,164",$36.95,"1,351 mi",14,$0.0274
CLO,TBD,"5,163",$63.76,100 mi,14,$0.6376
AUA,SEA,"5,163",$356.94,"3,734 mi",14,$0.0956
GDL,PUJ,"5,160",$231.46,"2,343 mi",14,$0.0988
GRU,ZCO,"5,157",$371.34,"1,926 mi",14,$0.1928
GRU,CMH,"5,156","$1,140.26","5,119 mi",14,$0.2228
CUN,CHA,"5,155",$332.74,943 mi,14,$0.3529
SDQ,IAD,"5,154",$408.61,"1,537 mi",14,$0.2658
EZE,SCQ,"5,150",$708.76,"6,043 mi",14,$0.1173
BOG,BKK,"5,149",$958.22,"11,452 mi",14,$0.0837
BOG,CUU,"5,149",$271.02,"2,583 mi",14,$0.1049
SJO,BAQ,"5,149",$260.48,625 mi,14,$0.4168
POS,TPA,"5,147",$327.26,"1,880 mi",14,$0.1741
BSB,PFB,"5,146",$246.63,927 mi,14,$0.2661
MDE,CNF,"5,145",$390.74,"2,700 mi",14,$0.1447
GIG,FLL,"5,142",$487.67,"4,308 mi",14,$0.1132
AUA,OMA,"5,138",$399.63,"2,605 mi",14,$0.1534
PVR,HMO,"5,125",$127.52,706 mi,14,$0.1806
SJO,ARN,"5,123",$524.70,"5,858 mi",14,$0.0896
SDQ,XPL,"5,120",$532.98,"1,183 mi",14,$0.4505
SDQ,OVD,"5,120",$528.94,"3,918 mi",14,$0.1350
AUA,FCO,"5,119",$563.67,"5,092 mi",14,$0.1107
BGI,ARN,"5,118",$481.83,"4,852 mi",14,$0.0993
GDL,YYC,"5,117",$171.60,"2,126 mi",14,$0.0807
CUN,YBG,"5,116",$219.79,"2,143 mi",14,$0.1026
PTY,MXP,"5,116",$529.37,"5,850 mi",14,$0.0905
EZE,SVQ,"5,113",$858.32,"6,206 mi",14,$0.1383
CUN,KIN,"5,108",$321.44,712 mi,14,$0.4515
GRU,PIT,"5,106","$1,061.19","5,069 mi",14,$0.2093
GRU,RUH,"5,092","$1,859.25","7,283 mi",14,$0.2553
GIG,CUR,"5,089",$489.58,"3,068 mi",14,$0.1596
SDQ,BER,"5,085",$482.26,"4,784 mi",14,$0.1008
REC,BCN,"5,074",$604.51,"4,018 mi",14,$0.1505
GRU,ZAG,"5,071",$751.80,"5,992 mi",14,$0.1255
HAV,LHR,"5,070",$504.17,"4,790 mi",14,$0.1053
AUA,MSY,"5,069",$271.80,"1,824 mi",14,$0.1490
BOG,BNE,"5,068",$793.10,"9,227 mi",14,$0.0860
CLO,MTY,"5,060",$256.10,"2,265 mi",14,$0.1131
BSB,ZRH,"5,053",$912.65,"5,759 mi",14,$0.1585
SJO,SJC,"5,050",$368.04,"3,101 mi",14,$0.1187
PTY,DTW,"5,048",$466.94,"2,371 mi",14,$0.1969
SCL,EDI,"5,047",$849.34,"7,547 mi",14,$0.1125
MTY,IAD,"5,041",$365.38,"1,549 mi",14,$0.2359
EZE,SNU,"5,040",$507.87,"4,327 mi",14,$0.1174
TQO,AUS,"5,034",$228.96,961 mi,14,$0.2383
PTY,BNA,"5,029",$327.16,"1,867 mi",14,$0.1752
BOG,LGW,"5,028",$427.83,"5,430 mi",14,$0.0788
GIG,BWI,"5,026",$488.93,"4,940 mi",14,$0.0990
PTY,DXB,"5,024",$972.39,"8,835 mi",14,$0.1101
EZE,BNA,"5,023",$943.16,"5,383 mi",14,$0.1752
PVR,RDM,"5,021",$241.18,"1,922 mi",14,$0.1255
GIG,DUS,"5,018",$716.77,"5,771 mi",14,$0.1242
SJD,CHS,"5,015",$365.99,"1,981 mi",14,$0.1848
MEX,TYS,"5,012",$394.23,"1,500 mi",14,$0.2628
BGI,SFO,"5,006",$398.30,"4,319 mi",14,$0.0922
LIM,IND,"5,001",$523.16,"3,514 mi",14,$0.1489
GRU,KEF,"5,000",$860.21,"5,991 mi",14,$0.1436
MEX,ANF,"5,000",$964.15,"3,429 mi",14,$0.2812
SDQ,JAX,"4,997",$267.26,"1,090 mi",14,$0.2452
SXM,DTW,"4,996",$453.15,"1,988 mi",14,$0.2279
BOG,YOW,"4,994",$452.70,"2,724 mi",14,$0.1662
CUN,RDM,"4,993",$294.56,"2,452 mi",14,$0.1201
MTY,BWI,"4,991",$362.91,"1,691 mi",14,$0.2146
TQO,LAS,"4,989",$210.17,"1,932 mi",14,$0.1088
SCL,VLC,"4,988",$823.08,"6,948 mi",14,$0.1185
SJO,BUF,"4,981",$387.19,"2,369 mi",14,$0.1634
GIG,GUA,"4,976",$524.31,"4,234 mi",14,$0.1238
BOG,AQP,"4,973",$270.67,"1,508 mi",14,$0.1795
SJD,TUS,"4,972",$230.23,643 mi,14,$0.3581
GIG,PEI,"4,972",$293.82,"2,820 mi",14,$0.1042
GRU,DPS,"4,972","$1,355.41","9,593 mi",14,$0.1413
LIM,SAT,"4,971",$514.61,"3,300 mi",14,$0.1559
PTY,TPE,"4,968","$1,150.28","9,408 mi",14,$0.1223
MEX,NUE,"4,954",$769.30,"5,869 mi",14,$0.1311
BGI,DTW,"4,949",$472.31,"2,395 mi",14,$0.1972
SDQ,GCM,"4,949",$400.58,743 mi,14,$0.5391
LIM,LYS,"4,947",$631.44,"6,635 mi",14,$0.0952
GIG,HKG,"4,942","$1,292.79","11,309 mi",14,$0.1143
CCS,VLC,"4,938",$350.17,"4,370 mi",14,$0.0801
GIG,RDU,"4,936",$512.85,"4,813 mi",14,$0.1066
VCP,PGZ,"4,935",$116.41,232 mi,14,$0.5018
AUA,ORF,"4,933",$324.64,"1,780 mi",14,$0.1824
BSB,SFO,"4,925",$690.33,"5,890 mi",13,$0.1172
LIM,CUR,"4,924",$264.21,"1,711 mi",13,$0.1544
LIM,ALC,"4,923",$501.30,"5,841 mi",13,$0.0858
SJD,BDL,"4,922",$377.43,"2,414 mi",13,$0.1564
GRU,FOC,"4,921","$1,113.31","11,895 mi",13,$0.0936
BGI,CPH,"4,920",$448.63,"4,637 mi",13,$0.0968
CUN,OTP,"4,918",$511.58,"6,061 mi",13,$0.0844
MEX,TPE,"4,901",$991.83,"8,588 mi",13,$0.1155
CLO,DFW,"4,897",$235.00,"2,501 mi",13,$0.0940
EZE,LPA,"4,896",$616.43,"5,325 mi",13,$0.1158
SJD,FAR,"4,891",$358.72,"1,846 mi",13,$0.1943
BOG,MEL,"4,886",$965.42,"8,816 mi",13,$0.1095
SDQ,YUL,"4,886",$343.31,"1,827 mi",13,$0.1879
BOG,PRG,"4,885",$692.42,"6,075 mi",13,$0.1140
SCL,PMW,"4,882",$336.10,"2,074 mi",13,$0.1621
TQO,DTW,"4,882",$296.24,"1,497 mi",13,$0.1979
BGI,DEN,"4,879",$429.13,"3,202 mi",13,$0.1340
SJO,DAV,"4,875",$252.57,169 mi,13,$1.4945
POS,SJO,"4,872",$488.26,"1,508 mi",13,$0.3238
CLO,LIN,"4,871",$432.21,"5,658 mi",13,$0.0764
PVR,PSP,"4,870",$235.04,"1,174 mi",13,$0.2002
BOG,YEG,"4,870",$428.61,"4,148 mi",13,$0.1033
SJO,VCE,"4,867",$609.58,"6,221 mi",13,$0.0980
GIG,BAQ,"4,864",$429.01,"3,253 mi",13,$0.1319
BOG,TLS,"4,862",$509.34,"5,113 mi",13,$0.0996
BOG,MID,"4,860",$318.72,"1,484 mi",13,$0.2148
PVR,OAX,"4,857",$124.40,595 mi,13,$0.2091
HAV,PLS,"4,854",$219.53,633 mi,13,$0.3468
MBJ,BTV,"4,851",$213.05,"1,761 mi",13,$0.1210
POS,LAS,"4,845",$343.66,"3,895 mi",13,$0.0882
GDL,YUL,"4,843",$353.69,"2,476 mi",13,$0.1428
MBJ,MSN,"4,840",$312.06,"1,883 mi",13,$0.1657
GIG,IMP,"4,838",$339.03,"1,264 mi",13,$0.2682
MEX,MEL,"4,837","$1,538.03","8,184 mi",13,$0.1879
MEX,MDZ,"4,836",$706.52,"4,004 mi",13,$0.1765
MTY,GSO,"4,836",$362.70,"1,345 mi",13,$0.2697
LIM,MAO,"4,834",$456.35,"1,362 mi",13,$0.3351
AUA,SDF,"4,831",$328.43,"2,081 mi",13,$0.1578
SCL,CUR,"4,827",$442.45,"3,057 mi",13,$0.1447
LIM,MEL,"4,819","$1,369.03","8,301 mi",13,$0.1649
GDL,BWI,"4,815",$288.41,"2,099 mi",13,$0.1374
AUA,GRR,"4,813",$383.03,"2,364 mi",13,$0.1620
BGI,RDU,"4,811",$257.30,"1,921 mi",13,$0.1339
LIM,ZCO,"4,810",$306.57,"1,823 mi",13,$0.1682
BSB,VDC,"4,807",$169.72,457 mi,13,$0.3714
GDL,AMS,"4,806",$684.12,"5,648 mi",13,$0.1211
MEX,HSV,"4,804",$410.14,"1,253 mi",13,$0.3273
VRA,VIE,"4,804",$678.11,"5,236 mi",13,$0.1295
SXM,LAS,"4,801",$478.08,"3,289 mi",13,$0.1454
BGI,CDG,"4,800",$763.12,"4,152 mi",13,$0.1838
HAV,ALG,"4,799",$771.85,"4,903 mi",13,$0.1574
AUA,JAX,"4,799",$594.95,"1,494 mi",13,$0.3982
MDE,CWB,"4,798",$433.34,"2,727 mi",13,$0.1589
CUN,FCA,"4,793",$289.72,"2,344 mi",13,$0.1236
CUN,TUC,"4,792",$428.58,"3,506 mi",13,$0.1222
PVR,TUL,"4,790",$249.05,"1,176 mi",13,$0.2118
MTY,ZLO,"4,787",$146.24,555 mi,13,$0.2635
MBJ,ONT,"4,786",$375.21,"2,582 mi",13,$0.1453
HAV,PMI,"4,786",$180.35,"5,125 mi",13,$0.0352
BOG,SSA,"4,783",$385.13,"2,661 mi",13,$0.1447
VCP,TJL,"4,782",$151.31,321 mi,13,$0.4714
MEX,JAC,"4,781",$374.70,"1,855 mi",13,$0.2020
BSB,SJP,"4,781",$152.34,344 mi,13,$0.4428
CUN,BZE,"4,780",$271.53,251 mi,13,$1.0818
SDQ,UIO,"4,778",$351.99,"1,369 mi",13,$0.2571
SJO,SDF,"4,774",$315.87,"2,007 mi",13,$0.1574
VCP,PVH,"4,766",$281.08,"1,441 mi",13,$0.1951
REC,YYZ,"4,763",$581.14,"4,676 mi",13,$0.1243
POS,FDF,"4,760",$173.01,285 mi,13,$0.6071
POS,DFW,"4,757",$389.63,"2,657 mi",13,$0.1466
TQO,FRA,"4,754",$250.93,"5,263 mi",13,$0.0477
HAV,BWI,"4,753",$224.21,"1,133 mi",13,$0.1979
GIG,BVB,"4,752",$471.08,"2,063 mi",13,$0.2283
EZE,OSL,"4,746","$1,006.37","7,877 mi",13,$0.1278
TQO,DCA,"4,743",$216.36,"1,394 mi",13,$0.1552
MBJ,ICT,"4,742",$343.81,"1,719 mi",13,$0.2000
SJD,CID,"4,739",$278.71,"1,709 mi",13,$0.1631
MEX,SAV,"4,738",$391.15,"1,370 mi",13,$0.2855
GIG,CRD,"4,736",$245.98,"2,025 mi",13,$0.1215
GIG,JJD,"4,734",$350.63,"1,347 mi",13,$0.2603
GRU,ITM,"4,734","$1,367.63","11,294 mi",13,$0.1211
BGI,LAS,"4,730",$336.20,"3,669 mi",13,$0.0916
GIG,FTE,"4,730",$283.42,"2,525 mi",13,$0.1122
LIM,MSY,"4,728",$457.88,"3,123 mi",13,$0.1466
HAV,AUS,"4,725",$193.62,"1,097 mi",13,$0.1765
GRU,CVG,"4,716","$1,395.46","4,824 mi",13,$0.2893
PTY,STL,"4,715",$363.74,"2,226 mi",13,$0.1634
UIO,PDX,"4,714",$520.12,"4,022 mi",13,$0.1293
BOG,CAN,"4,713",$823.57,"10,744 mi",13,$0.0767
SJO,MAN,"4,712",$721.65,"5,173 mi",13,$0.1395
CLO,YVR,"4,710",$321.23,"4,301 mi",13,$0.0747
REC,MUC,"4,707",$512.96,"4,967 mi",13,$0.1033
HAV,GVA,"4,706",$642.18,"4,867 mi",13,$0.1319
SJD,MSO,"4,706",$253.73,"1,710 mi",13,$0.1484
CUN,OSL,"4,703",$321.89,"5,387 mi",13,$0.0598
CUN,SAP,"4,701",$163.08,404 mi,13,$0.4037
EZE,IPI,"4,700",$330.71,"2,675 mi",13,$0.1236
GRU,MLE,"4,700","$1,219.93","7,983 mi",13,$0.1528
MEX,JNB,"4,696","$1,218.12","9,343 mi",13,$0.1304
REC,OPS,"4,695",$223.15,"1,386 mi",13,$0.1610
SCL,TCQ,"4,691",$336.75,"1,092 mi",13,$0.3084
SDQ,CUC,"4,683",$221.65,728 mi,13,$0.3045
TQO,MSP,"4,680",$281.37,"1,789 mi",13,$0.1573
SJO,LIN,"4,679",$679.75,"5,718 mi",13,$0.1189
SXM,CLE,"4,676",$301.40,"1,899 mi",13,$0.1587
POS,ORD,"4,673",$373.23,"2,617 mi",13,$0.1426
VCP,MVD,"4,669",$135.87,948 mi,13,$0.1433
GRU,EGE,"4,667","$1,444.17","5,667 mi",13,$0.2548
MBJ,YYT,"4,661",$265.63,"2,386 mi",13,$0.1113
SCL,FLL,"4,661",$496.88,"4,029 mi",13,$0.1233
CUN,CUC,"4,655",$199.71,"1,359 mi",13,$0.1470
MBJ,GSP,"4,654",$286.08,"1,198 mi",13,$0.2388
BOG,DUB,"4,650",$710.68,"4,903 mi",13,$0.1449
SJO,BOI,"4,647",$398.37,"3,099 mi",13,$0.1285
SCL,MAN,"4,646",$994.66,"7,473 mi",13,$0.1331
KIN,SCU,"4,644",$122.78,149 mi,13,$0.8240
GIG,CKS,"4,637",$314.27,"1,275 mi",13,$0.2465
MBJ,PBI,"4,637",$289.54,565 mi,13,$0.5125
GIG,PMC,"4,636",$208.98,"2,216 mi",13,$0.0943
PVR,MSY,"4,635",$272.63,"1,168 mi",13,$0.2334
SJO,TIJ,"4,634",$191.18,"2,681 mi",13,$0.0713
GRU,BWI,"4,631",$883.78,"4,887 mi",13,$0.1808
MTY,SDF,"4,630",$384.11,"1,234 mi",13,$0.3113
EZE,MEL,"4,627","$1,333.46","7,424 mi",13,$0.1796
HAV,OPO,"4,616",$167.46,"4,233 mi",13,$0.0396
SCL,MGF,"4,615",$357.18,"1,367 mi",13,$0.2613
BSB,LAX,"4,613",$587.05,"5,594 mi",13,$0.1049
GIG,CUC,"4,612",$323.94,"2,990 mi",13,$0.1083
BOG,MBJ,"4,612",$368.86,"1,017 mi",13,$0.3627
PVR,BZN,"4,611",$286.11,"1,819 mi",13,$0.1573
LIM,LSC,"4,609",$304.14,"1,332 mi",13,$0.2283
SDQ,BDL,"4,608",$255.62,"1,585 mi",13,$0.1613
CUN,BOD,"4,607",$321.82,"4,872 mi",13,$0.0661
EZE,LCG,"4,604",$615.82,"6,065 mi",13,$0.1015
BGI,OSL,"4,598",$581.24,"4,629 mi",13,$0.1256
SCL,PNZ,"4,591",$408.21,"2,462 mi",13,$0.1658
MDE,VVI,"4,588",$253.33,"1,791 mi",13,$0.1414
CUN,MDT,"4,587",$294.29,"1,495 mi",13,$0.1968
EZE,MSY,"4,585",$896.95,"4,784 mi",13,$0.1875
BOG,OSL,"4,582",$571.49,"5,946 mi",13,$0.0961
SJD,BIL,"4,582",$253.47,"1,520 mi",13,$0.1668
MEX,KIX,"4,579",$692.36,"7,500 mi",13,$0.0923
GDL,MCI,"4,578",$298.70,"1,436 mi",13,$0.2080
BOG,DEL,"4,577",$948.63,"9,730 mi",13,$0.0975
EZE,EAS,"4,576",$913.07,"6,668 mi",13,$0.1369
MDE,SXM,"4,574",$372.65,"1,132 mi",13,$0.3292
MEX,AVL,"4,572",$320.65,"1,450 mi",13,$0.2211
MEX,BSL,"4,572","$1,031.12","6,143 mi",13,$0.1679
GIG,SEA,"4,571","$1,086.83","6,677 mi",13,$0.1628
CLO,ASU,"4,569",$360.52,"2,286 mi",13,$0.1577
EZE,VKO,"4,563","$1,217.94","8,122 mi",13,$0.1500
CUN,LGB,"4,559",$291.24,"2,163 mi",12,$0.1346
MEX,YWG,"4,558",$384.84,"2,045 mi",12,$0.1882
REC,RBR,"4,557",$305.93,"2,320 mi",12,$0.1319
SDQ,IST,"4,556",$805.25,"5,979 mi",12,$0.1347
GIG,MAB,"4,554",$234.17,"1,230 mi",12,$0.1904
CUN,BLQ,"4,554",$440.38,"5,761 mi",12,$0.0764
GRU,DSM,"4,547","$1,321.70","5,247 mi",12,$0.2519
SJO,OMA,"4,544",$424.95,"2,209 mi",12,$0.1924
SCL,LDB,"4,540",$341.99,"1,338 mi",12,$0.2556
MTY,SJC,"4,540",$159.00,"1,463 mi",12,$0.1087
SJO,BUD,"4,539",$713.73,"6,516 mi",12,$0.1095
MEX,KUL,"4,534","$1,212.86","10,664 mi",12,$0.1137
CUN,EDI,"4,531",$636.55,"4,918 mi",12,$0.1294
EZE,MRS,"4,531",$964.83,"6,932 mi",12,$0.1392
SJD,MAD,"4,528",$707.26,"5,798 mi",12,$0.1220
SDQ,CVG,"4,527",$302.62,"1,735 mi",12,$0.1744
SCL,WAW,"4,521",$845.61,"7,825 mi",12,$0.1081
BOG,BEL,"4,521",$480.19,"1,876 mi",12,$0.2560
SDQ,ICN,"4,520","$1,804.28","8,687 mi",12,$0.2077
BOG,IND,"4,514",$382.06,"2,459 mi",12,$0.1554
MBJ,ATW,"4,509",$350.67,"1,939 mi",12,$0.1809
EZE,CJC,"4,508",$266.67,"1,025 mi",12,$0.2602
BGI,YOW,"4,506",$401.56,"2,495 mi",12,$0.1609
CUN,CAE,"4,501",$310.46,929 mi,12,$0.3342
SJO,CUZ,"4,497",$259.78,"1,775 mi",12,$0.1464
GRU,CUC,"4,497",$316.28,"2,875 mi",12,$0.1100
LIM,LCG,"4,496",$600.00,"5,588 mi",12,$0.1074
EZE,BWI,"4,495",$750.67,"5,399 mi",12,$0.1390
POS,BWI,"4,495",$251.87,"2,122 mi",12,$0.1187
SDQ,VIE,"4,494",$606.33,"5,261 mi",12,$0.1152
MEX,FLN,"4,490",$602.89,"4,549 mi",12,$0.1325
HAV,DTW,"4,487",$402.63,"1,289 mi",12,$0.3124
CUN,ISP,"4,485",$331.11,"1,634 mi",12,$0.2026
CUN,TVC,"4,484",$319.44,"1,688 mi",12,$0.1892
MDE,AEP,"4,483",$336.51,"2,933 mi",12,$0.1147
LIM,BKK,"4,482","$1,165.98","11,884 mi",12,$0.0981
MDE,COR,"4,481",$406.26,"2,774 mi",12,$0.1465
MDE,AQP,"4,477",$241.54,"1,624 mi",12,$0.1487
SJD,ORF,"4,475",$322.98,"2,269 mi",12,$0.1423
SCL,NCE,"4,474","$1,056.19","7,020 mi",12,$0.1505
MEX,SYR,"4,469",$413.91,"2,173 mi",12,$0.1905
SCL,CAI,"4,468",$714.96,"8,211 mi",12,$0.0871
SDQ,GYE,"4,466",$296.13,"1,630 mi",12,$0.1817
LIM,XPL,"4,463",$440.27,"2,025 mi",12,$0.2174
MEX,LIT,"4,461",$347.71,"1,103 mi",12,$0.3152
GRU,SAT,"4,452",$884.78,"5,182 mi",12,$0.1707
LIM,CPO,"4,452",$373.79,"1,096 mi",12,$0.3410
PTY,YYC,"4,452",$452.48,"3,611 mi",12,$0.1253
MEX,MKE,"4,446",$421.45,"1,698 mi",12,$0.2482
MEX,ALB,"4,443",$399.02,"2,245 mi",12,$0.1777
SCL,AXM,"4,438",$317.04,"2,556 mi",12,$0.1240
PTY,SIN,"4,434","$1,167.30","11,329 mi",12,$0.1030
MEX,RAK,"4,430",$542.37,"5,749 mi",12,$0.0943
GIG,MTY,"4,427",$832.30,"5,225 mi",12,$0.1593
LIM,BDL,"4,427",$412.81,"3,851 mi",12,$0.1072
CLO,RDU,"4,426",$206.72,"2,306 mi",12,$0.0896
GRU,MEL,"4,426","$1,724.69","8,396 mi",12,$0.2054
GRU,ATM,"4,424",$331.59,"1,490 mi",12,$0.2225
PTY,HND,"4,424","$1,992.68","8,688 mi",12,$0.2294
SDQ,NCE,"4,419",$451.79,"4,560 mi",12,$0.0991
GRU,ARI,"4,417",$375.05,"1,625 mi",12,$0.2308
SJO,TLS,"4,416",$471.98,"5,689 mi",12,$0.0830
UIO,BER,"4,416",$573.78,"6,114 mi",12,$0.0938
BOG,IBZ,"4,415",$593.61,"5,393 mi",12,$0.1101
SJD,LBB,"4,413",$308.39,896 mi,12,$0.3442
CLO,SVQ,"4,408",$462.83,"4,852 mi",12,$0.0954
AUA,MKE,"4,405",$380.14,"2,288 mi",12,$0.1661
POS,YUL,"4,405",$355.49,"2,595 mi",12,$0.1370
KIN,LAS,"4,403",$391.32,"2,570 mi",12,$0.1523
KIN,YHZ,"4,403",$244.97,"1,954 mi",12,$0.1254
MEX,GSO,"4,400",$337.85,"1,586 mi",12,$0.2130
VCP,GPB,"4,397",$112.29,312 mi,12,$0.3599
SCL,DEL,"4,392","$1,177.42","10,198 mi",12,$0.1155
GRU,DSS,"4,389",$862.72,"3,397 mi",12,$0.2540
GRU,SJC,"4,389","$1,457.90","6,642 mi",12,$0.2195
SJD,VSA,"4,386",$74.21,"1,183 mi",12,$0.0627
REC,MDZ,"4,386",$253.44,"2,839 mi",12,$0.0893
GIG,LAD,"4,385","$1,344.46","3,736 mi",12,$0.3599
TIJ,MIA,"4,380",$305.06,"2,318 mi",12,$0.1316
PTY,IND,"4,371",$328.94,"2,095 mi",12,$0.1570
PTY,VIE,"4,362",$511.69,"6,205 mi",12,$0.0825
HAV,SJU,"4,361",$232.50,"1,138 mi",12,$0.2043
PVR,VSA,"4,360",$90.74,806 mi,12,$0.1126
GIG,SJU,"4,356",$457.64,"3,141 mi",12,$0.1457
GRU,TUN,"4,355",$773.45,"5,730 mi",12,$0.1350
MEX,GOT,"4,337",$504.12,"6,007 mi",12,$0.0839
GRU,PMO,"4,334",$889.25,"5,916 mi",12,$0.1503
CLO,CLT,"4,330",$372.23,"2,274 mi",12,$0.1637
LIM,JAX,"4,330",$439.11,"2,864 mi",12,$0.1533
LIM,TLS,"4,328",$559.63,"6,415 mi",12,$0.0872
SCL,SVQ,"4,328",$879.95,"6,621 mi",12,$0.1329
KIN,BDL,"4,326",$220.47,"1,626 mi",12,$0.1356
SXM,MSY,"4,326",$811.45,"1,838 mi",12,$0.4415
PVR,BIL,"4,325",$246.71,"1,694 mi",12,$0.1456
SCL,IGR,"4,322",$198.60,"1,145 mi",12,$0.1734
MEX,RSW,"4,309",$340.67,"1,168 mi",12,$0.2917
SCL,BGA,"4,296",$351.73,"2,888 mi",12,$0.1218
BGI,YVR,"4,294",$554.01,"4,486 mi",12,$0.1235
HAV,OTP,"4,293",$680.54,"5,778 mi",12,$0.1178
MEX,ASE,"4,291",$433.62,"1,487 mi",12,$0.2916
SDQ,LCG,"4,288",$229.07,"4,038 mi",12,$0.0567
GRU,QRO,"4,288","$1,061.92","4,584 mi",12,$0.2317
SXM,STL,"4,285",$300.80,"2,108 mi",12,$0.1427
SXM,PIT,"4,285",$343.12,"1,911 mi",12,$0.1795
GIG,RBR,"4,281",$338.80,"1,914 mi",12,$0.1770
GRU,AKL,"4,279","$1,312.30","7,248 mi",12,$0.1811
AUA,ANU,"4,278",$218.27,655 mi,12,$0.3332
GRU,BGA,"4,274",$358.41,"2,860 mi",12,$0.1253
AUA,SAN,"4,271",$345.55,"3,381 mi",12,$0.1022
BSB,IZA,"4,268",$127.78,513 mi,12,$0.2491
MTY,MSY,"4,265",$328.68,688 mi,12,$0.4777
MEX,YYJ,"4,260",$462.19,"2,503 mi",12,$0.1847
BSB,CTG,"4,248",$336.21,"2,699 mi",12,$0.1246
CCS,AMS,"4,248",$478.80,"4,725 mi",12,$0.1013
SJO,NCE,"4,247",$569.83,"5,987 mi",12,$0.0952
HAV,IND,"4,246",$204.41,"1,143 mi",12,$0.1788
AUA,CUN,"4,244",$388.53,"1,298 mi",12,$0.2993
UIO,AEP,"4,244",$295.98,"2,624 mi",12,$0.1128
EZE,SAT,"4,243","$1,096.41","5,306 mi",12,$0.2066
MEX,ALC,"4,236",$647.24,"5,660 mi",12,$0.1144
CUN,LIN,"4,233",$483.23,"5,315 mi",12,$0.0909
BOG,QRO,"4,227",$364.28,"2,127 mi",12,$0.1713
SDQ,RIC,"4,223",$209.75,"1,439 mi",12,$0.1458
REC,CXJ,"4,222",$243.67,"1,744 mi",12,$0.1397
MEX,BOD,"4,222",$641.92,"5,503 mi",12,$0.1166
GDL,MTT,"4,221",$160.21,575 mi,12,$0.2786
BOG,TQO,"4,219",$133.88,"1,360 mi",12,$0.0984
BOG,MAN,"4,219",$594.40,"5,058 mi",12,$0.1175
CUN,YTZ,"4,215",$196.26,"1,570 mi",12,$0.1250
SCL,TUS,"4,215","$1,428.26","5,070 mi",12,$0.2817
LIM,STL,"4,210",$562.56,"3,503 mi",12,$0.1606
GIG,EDI,"4,210",$983.13,"5,744 mi",12,$0.1712
LIM,OSL,"4,208",$741.95,"6,671 mi",12,$0.1112
SJD,PBI,"4,205",$470.81,"1,812 mi",12,$0.2598
AUA,ASU,"4,201",$398.57,"2,658 mi",12,$0.1500
BOG,IGU,"4,198",$345.18,"2,400 mi",12,$0.1438
TIJ,GUA,"4,197",$186.14,"2,135 mi",11,$0.0872
TIJ,JFK,"4,194",$276.09,"2,508 mi",11,$0.1101
MEX,CCP,"4,191",$753.85,"4,365 mi",11,$0.1727
PTY,LPB,"4,190",$317.14,"1,984 mi",11,$0.1598
GRU,IKA,"4,188","$1,005.91","7,322 mi",11,$0.1374
SCL,XAP,"4,185",$371.64,"1,198 mi",11,$0.3102
BOG,SXM,"4,176",$346.75,"1,222 mi",11,$0.2838
CUN,HND,"4,174","$1,245.02","7,700 mi",11,$0.1617
LIM,PRG,"4,163",$772.70,"7,121 mi",11,$0.1085
GRU,LSC,"4,161",$302.69,"1,539 mi",11,$0.1967
MEX,BEG,"4,160",$610.58,"6,391 mi",11,$0.0955
EZE,YYC,"4,159","$1,248.67","7,029 mi",11,$0.1776
MBJ,SGF,"4,155",$255.59,"1,550 mi",11,$0.1649
SDQ,MGA,"4,153",$538.18,"1,146 mi",11,$0.4696
AUA,BAQ,"4,144",$158.59,351 mi,11,$0.4518
PVR,FAR,"4,144",$330.76,"1,930 mi",11,$0.1714
EZE,ZAG,"4,143",$763.55,"7,464 mi",11,$0.1023
PTY,LIS,"4,137",$530.33,"4,908 mi",11,$0.1081
CUN,EVV,"4,133",$297.88,"1,210 mi",11,$0.2462
CLO,LAS,"4,130",$285.25,"3,437 mi",11,$0.0830
HAV,CPH,"4,130",$456.14,"4,956 mi",11,$0.0920
EZE,RGA,"4,128",$179.57,"1,426 mi",11,$0.1259
SJO,ATH,"4,124",$709.26,"6,958 mi",11,$0.1019
CUN,SBN,"4,110",$246.70,"1,471 mi",11,$0.1677
HAV,SLC,"4,109",$277.93,"2,172 mi",11,$0.1280
BGI,MSY,"4,099",$291.62,"2,216 mi",11,$0.1316
CUN,LFT,"4,099",$316.81,688 mi,11,$0.4605
SJO,WAW,"4,099",$863.05,"6,491 mi",11,$0.1330
MEX,BLR,"4,098","$1,362.23","9,866 mi",11,$0.1381
GRU,SMT,"4,097",$356.97,939 mi,11,$0.3802
MDE,MUC,"4,094",$402.85,"5,945 mi",11,$0.0678
SJD,MSN,"4,088",$327.29,"1,752 mi",11,$0.1868
PTY,JAX,"4,077",$345.61,"1,533 mi",11,$0.2254
SCL,ROS,"4,076",$178.50,562 mi,11,$0.3176
MEX,MSN,"4,075",$387.19,"1,785 mi",11,$0.2169
AUA,CHS,"4,071",$346.97,"1,499 mi",11,$0.2315
CUN,VPS,"4,071",$315.25,633 mi,11,$0.4980
LIM,BRC,"4,069",$233.50,"2,106 mi",11,$0.1109
LIM,TIJ,"4,067",$340.11,"4,170 mi",11,$0.0816
AUA,CUC,"4,067",$191.72,348 mi,11,$0.5509
BGI,BOG,"4,065",$512.75,"1,190 mi",11,$0.4309
MEX,IGU,"4,064",$552.54,"4,447 mi",11,$0.1243
EZE,TRS,"4,063",$638.60,"6,934 mi",11,$0.0921
SCL,CGK,"4,063","$2,038.44","9,992 mi",11,$0.2040
GRU,NAS,"4,062",$892.22,"3,822 mi",11,$0.2334
SJO,YOW,"4,062",$398.67,"2,568 mi",11,$0.1552
UIO,ORY,"4,061",$560.93,"5,629 mi",11,$0.0997
BSB,PPB,"4,058",$163.19,477 mi,11,$0.3421
SDQ,ATH,"4,055",$616.89,"5,464 mi",11,$0.1129
HAV,YYZ,"4,054",$352.31,"1,395 mi",11,$0.2526
REC,VCE,"4,054",$606.10,"4,860 mi",11,$0.1247
EZE,JNB,"4,051",$798.30,"4,890 mi",11,$0.1633
SJO,ORF,"4,046",$335.67,"1,983 mi",11,$0.1693
SDQ,LIS,"4,042",$517.44,"3,741 mi",11,$0.1383
PVR,ICT,"4,038",$258.74,"1,301 mi",11,$0.1989
LIM,CLE,"4,037",$601.38,"3,593 mi",11,$0.1674
GIG,GDN,"4,034","$1,158.43","6,265 mi",11,$0.1849
GIG,AGP,"4,029",$718.58,"4,969 mi",11,$0.1446
MEX,ANC,"4,029",$442.69,"3,665 mi",11,$0.1208
PVR,CID,"4,029",$223.91,"1,714 mi",11,$0.1306
KIN,MNL,"4,027","$1,065.91","10,184 mi",11,$0.1047
GRU,SOF,"4,026",$702.85,"6,558 mi",11,$0.1072
KIN,SJO,"4,025",$531.74,762 mi,11,$0.6978
GIG,UAQ,"4,020",$199.36,"1,606 mi",11,$0.1241
GRU,HNL,"4,017","$1,017.46","7,855 mi",11,$0.1295
PTY,MCI,"4,016",$330.57,"2,224 mi",11,$0.1486
KIN,IAH,"4,009",$385.12,"1,391 mi",11,$0.2769
MBJ,ZRH,"4,007",$644.07,"5,276 mi",11,$0.1221
SCL,YEG,"4,007",$570.59,"6,321 mi",11,$0.0903
GRU,TUC,"4,006",$269.17,"1,224 mi",11,$0.2199
SJD,XNA,"4,005",$292.66,"1,331 mi",11,$0.2199
SJO,ABQ,"4,005",$340.53,"2,300 mi",11,$0.1481
BOG,BJX,"4,001",$288.86,"2,216 mi",11,$0.1304
HAV,SFO,"3,991",$414.75,"2,489 mi",11,$0.1666
KIN,ORD,"3,987",$343.94,"1,840 mi",11,$0.1869
MDE,DXB,"3,986","$1,076.38","8,229 mi",11,$0.1308
SJO,YEG,"3,985",$423.89,"3,305 mi",11,$0.1283
GRU,QYG,"3,984",$483.44,"6,215 mi",11,$0.0778
SCL,TBP,"3,983",$244.29,"2,218 mi",11,$0.1101
GIG,HAV,"3,982",$561.40,"4,238 mi",11,$0.1325
CLO,AMS,"3,979",$580.80,"5,821 mi",11,$0.0998
CCS,BAQ,"3,978",$424.18,545 mi,11,$0.7783
SDQ,BLB,"3,976",$184.38,964 mi,11,$0.1913
HAV,GER,"3,968",$36.05,81 mi,11,$0.4451
GRU,DBV,"3,967","$1,033.83","5,957 mi",11,$0.1735
GIG,STM,"3,967",$322.09,"1,559 mi",11,$0.2066
SDQ,LGA,"3,966",$354.58,"1,611 mi",11,$0.2201
GIG,REL,"3,963",$218.57,"1,946 mi",11,$0.1123
SCL,MDQ,"3,961",$176.81,828 mi,11,$0.2135
BGI,BNA,"3,961",$463.72,"2,249 mi",11,$0.2062
HAV,MDE,"3,960",$216.77,"1,290 mi",11,$0.1680
SDQ,PDX,"3,960",$508.49,"3,646 mi",11,$0.1395
SDQ,LGW,"3,959",$422.45,"4,219 mi",11,$0.1001
POS,PHL,"3,954",$306.56,"2,129 mi",11,$0.1440
CLO,BRU,"3,953",$493.56,"5,800 mi",11,$0.0851
SJO,NAS,"3,953",$428.26,"1,096 mi",11,$0.3907
MTY,PVG,"3,949","$1,473.30","7,857 mi",11,$0.1875
LIM,PIT,"3,945",$527.41,"3,525 mi",11,$0.1496
GRU,KUL,"3,942","$1,580.89","9,579 mi",11,$0.1650
EZE,HEL,"3,942",$885.32,"7,824 mi",11,$0.1132
SDQ,PIT,"3,941",$276.05,"1,599 mi",11,$0.1726
SDQ,ASU,"3,940",$534.04,"3,032 mi",11,$0.1761
CLO,AEP,"3,939",$336.39,"2,966 mi",11,$0.1134
CLO,TFS,"3,939",$421.90,"4,400 mi",11,$0.0959
BSB,PUJ,"3,938",$375.84,"2,839 mi",11,$0.1324
SJD,PSP,"3,935",$239.87,869 mi,11,$0.2760
CCS,SJO,"3,933",$468.39,"1,136 mi",11,$0.4123
CLO,ESM,"3,927",$90.90,277 mi,11,$0.3282
MEX,MDW,"3,923",$158.78,"1,731 mi",11,$0.0917
SXM,AUS,"3,921",$576.44,"2,394 mi",11,$0.2408
MEX,CUR,"3,917",$374.16,"2,122 mi",11,$0.1763
SJD,BUF,"3,915",$275.33,"2,167 mi",11,$0.1271
REC,MVF,"3,912",$278.18,255 mi,11,$1.0909
LIM,TUS,"3,912",$813.35,"3,894 mi",11,$0.2089
SCL,TLS,"3,910",$914.46,"7,203 mi",11,$0.1270
CLO,DEN,"3,909",$403.48,"3,161 mi",11,$0.1276
CLO,LCG,"3,905",$539.49,"5,101 mi",11,$0.1058
REC,LGW,"3,905",$539.20,"4,450 mi",11,$0.1212
MEX,CKG,"3,904",$565.83,"8,892 mi",11,$0.0636
MDE,GVA,"3,902",$541.23,"5,671 mi",11,$0.0954
GIG,PUQ,"3,901",$437.80,"2,463 mi",11,$0.1778
BGI,BOM,"3,900",$872.84,"8,761 mi",11,$0.0996
KIN,CLT,"3,898",$281.37,"1,184 mi",11,$0.2376
MDE,NAS,"3,898",$475.31,"1,350 mi",11,$0.3521
CUN,PIA,"3,898",$268.79,"1,325 mi",11,$0.2029
BOG,VER,"3,896",$265.91,"1,735 mi",11,$0.1533
EZE,AXM,"3,896",$417.99,"3,024 mi",11,$0.1382
BSB,MDE,"3,894",$316.26,"2,347 mi",11,$0.1348
SJO,COR,"3,893",$398.81,"3,240 mi",11,$0.1231
KIN,EWR,"3,892",$254.84,"1,627 mi",11,$0.1566
CLO,IBZ,"3,891",$485.65,"5,568 mi",11,$0.0872
UIO,SJU,"3,887",$317.15,"1,578 mi",11,$0.2010
LIM,OTP,"3,884",$670.54,"7,670 mi",11,$0.0874
REC,NSR,"3,884",$110.88,516 mi,11,$0.2149
PTY,BRU,"3,881",$538.74,"5,302 mi",11,$0.1016
BOG,STL,"3,879",$374.02,"2,486 mi",11,$0.1505
GRU,TLL,"3,876",$665.91,"6,776 mi",11,$0.0983
GRU,SAW,"3,874",$618.75,"6,378 mi",11,$0.0970
CUN,FLN,"3,873",$427.03,"4,355 mi",11,$0.0981
CLO,MVD,"3,872",$386.38,"2,874 mi",11,$0.1344
GIG,TLS,"3,870",$611.04,"5,229 mi",11,$0.1169
BGI,CHS,"3,869",$363.83,"1,942 mi",11,$0.1873
MEX,ZAG,"3,869",$660.21,"6,573 mi",11,$0.1004
MTY,ZRH,"3,867",$843.67,"5,891 mi",11,$0.1432
LIM,NAP,"3,857",$680.52,"7,037 mi",11,$0.0967
GRU,AQP,"3,855",$341.88,"1,649 mi",11,$0.2073
LIM,DUB,"3,853",$801.06,"5,939 mi",11,$0.1349
HAV,HAN,"3,853","$1,273.67","9,052 mi",11,$0.1407
VCP,CPV,"3,852",$144.97,"1,279 mi",11,$0.1133
TIJ,SZX,"3,851",$875.95,"7,583 mi",11,$0.1155
HAV,KIN,"3,850",$214.01,519 mi,11,$0.4124
PVR,MDW,"3,850",$193.64,"1,833 mi",11,$0.1056
SCL,LGW,"3,848",$642.23,"7,020 mi",11,$0.0915
SJO,MNL,"3,844","$1,756.18","9,716 mi",11,$0.1808
GDL,MSY,"3,843",$329.15,"1,075 mi",11,$0.3062
BGI,CUN,"3,842",$418.22,"1,830 mi",11,$0.2285
SCL,TUC,"3,836",$211.47,583 mi,11,$0.3627
AUA,MEX,"3,830",$354.92,"1,926 mi",10,$0.1843
SDQ,STX,"3,826",$168.19,314 mi,10,$0.5356
TQO,SMF,"3,823",$193.61,"2,461 mi",10,$0.0787
PTY,CVG,"3,814",$429.02,"2,034 mi",10,$0.2109
CUN,TLH,"3,813",$343.33,645 mi,10,$0.5323
HAV,SOF,"3,813",$344.29,"5,722 mi",10,$0.0602
TQO,BOS,"3,811",$182.15,"1,868 mi",10,$0.0975
SXM,BON,"3,811",$292.59,550 mi,10,$0.5320
UIO,PNA,"3,808",$328.67,"5,386 mi",10,$0.0610
MTY,EGE,"3,805",$628.36,"1,067 mi",10,$0.5889
MEX,LPA,"3,804",$815.16,"5,385 mi",10,$0.1514
GRU,NBJ,"3,803",$836.27,"3,949 mi",10,$0.2118
EZE,GOA,"3,803",$728.09,"7,118 mi",10,$0.1023
BOG,TRN,"3,801",$451.40,"5,757 mi",10,$0.0784
GIG,BKK,"3,800","$1,186.58","10,298 mi",10,$0.1152
GDL,GIG,"3,789",$513.73,"4,882 mi",10,$0.1052
GRU,ALC,"3,789",$751.50,"5,354 mi",10,$0.1404
SDQ,BIO,"3,789",$300.52,"4,068 mi",10,$0.0739
MDE,LGW,"3,787",$419.39,"5,091 mi",10,$0.0824
HAV,COR,"3,784",$452.31,"4,058 mi",10,$0.1115
HAV,MRS,"3,782",$359.07,"4,876 mi",10,$0.0736
EZE,BOM,"3,781","$1,129.37","9,008 mi",10,$0.1254
SJD,SGF,"3,780",$258.51,"1,333 mi",10,$0.1939
BOG,FOR,"3,776",$412.59,"2,451 mi",10,$0.1683
KIN,BDA,"3,776",$412.18,"1,288 mi",10,$0.3200
KIN,BWI,"3,772",$215.17,"1,423 mi",10,$0.1512
SCL,THE,"3,768",$280.86,"2,737 mi",10,$0.1026
CUN,BTR,"3,765",$302.72,729 mi,10,$0.4153
CLO,AUS,"3,764",$234.09,"2,376 mi",10,$0.0985
HAV,TIJ,"3,762",$275.21,"2,268 mi",10,$0.1213
MBJ,XNA,"3,757",$263.56,"1,629 mi",10,$0.1618
MTY,RNO,"3,756",$337.76,"1,524 mi",10,$0.2216
SJO,CAN,"3,755",$642.15,"9,549 mi",10,$0.0672
CUN,PBI,"3,755",$235.53,562 mi,10,$0.4191
MDE,ANF,"3,752",$198.02,"2,135 mi",10,$0.0927
SCL,GOT,"3,749",$566.82,"7,658 mi",10,$0.0740
POS,GCM,"3,743",$414.78,"1,507 mi",10,$0.2752
SJO,SMR,"3,742",$189.60,702 mi,10,$0.2701
BOG,BSC,"3,739",$108.29,239 mi,10,$0.4531
KIN,MEX,"3,735",$568.13,"1,505 mi",10,$0.3775
BOG,FLR,"3,734",$517.60,"5,589 mi",10,$0.0926
BOG,SIN,"3,733","$1,642.71","12,358 mi",10,$0.1329
BOG,PUQ,"3,731",$475.78,"4,111 mi",10,$0.1157
MTY,SAP,"3,723",$411.06,"1,030 mi",10,$0.3991
EZE,TLS,"3,723",$802.34,"6,401 mi",10,$0.1253
SJO,OKC,"3,721",$376.94,"2,005 mi",10,$0.1880
SJO,PMI,"3,719",$821.33,"5,787 mi",10,$0.1419
PTY,ORF,"3,718",$374.96,"1,991 mi",10,$0.1883
MTY,DSM,"3,717",$325.45,"1,183 mi",10,$0.2751
EZE,OTP,"3,716",$894.32,"7,388 mi",10,$0.1211
UIO,LPB,"3,715",$329.57,"1,367 mi",10,$0.2411
CUN,MOT,"3,709",$301.71,"1,982 mi",10,$0.1522
KIN,YUL,"3,704",$268.69,"1,853 mi",10,$0.1450
MDE,BNA,"3,701",$337.64,"2,123 mi",10,$0.1590
KIN,YYC,"3,695",$183.37,"2,971 mi",10,$0.0617
SJO,ONT,"3,695",$235.39,"2,768 mi",10,$0.0850
PTY,CPH,"3,694",$775.48,"5,953 mi",10,$0.1303
GIG,SAL,"3,693",$575.88,"3,864 mi",10,$0.1490
GRU,CPC,"3,690",$257.50,"1,784 mi",10,$0.1443
SCL,LYS,"3,689",$741.94,"7,009 mi",10,$0.1059
PTY,CLE,"3,689",$356.01,"2,172 mi",10,$0.1639
HAV,AGP,"3,688",$217.19,"4,780 mi",10,$0.0454
MTY,VCE,"3,687",$825.60,"6,122 mi",10,$0.1349
SJO,TUS,"3,683",$327.10,"2,221 mi",10,$0.1473
PVR,SJO,"3,678",$248.32,"1,535 mi",10,$0.1618
MDE,FLN,"3,677",$371.16,"2,858 mi",10,$0.1299
SCL,NAP,"3,674",$716.96,"7,672 mi",10,$0.0935
BGI,YHZ,"3,673",$383.47,"2,277 mi",10,$0.1684
CCS,MVD,"3,670",$607.30,"3,317 mi",10,$0.1831
EZE,CCP,"3,668",$227.64,849 mi,10,$0.2681
MBJ,GCM,"3,668",$122.05,225 mi,10,$0.5424
CUN,NQN,"3,668",$444.11,"4,188 mi",10,$0.1060
SXM,BDL,"3,663",$379.36,"1,693 mi",10,$0.2241
KIN,SFO,"3,662",$272.62,"2,971 mi",10,$0.0918
SJO,BLQ,"3,657",$552.77,"6,183 mi",10,$0.0894
TQO,PHX,"3,645",$254.19,"1,699 mi",10,$0.1496
MDE,DTW,"3,644",$337.98,"2,614 mi",10,$0.1293
CUN,HEL,"3,643",$449.68,"5,492 mi",10,$0.0819
SXM,IND,"3,642",$480.93,"2,100 mi",10,$0.2290
BSB,YYZ,"3,640",$849.61,"4,439 mi",10,$0.1914
BOG,BUD,"3,637",$935.43,"5,953 mi",10,$0.1571
MTY,BDL,"3,637",$367.00,"1,858 mi",10,$0.1975
MEX,LCG,"3,636","$1,174.49","5,500 mi",10,$0.2135
PVR,SJD,"3,630",$185.40,343 mi,10,$0.5405
GDL,CMH,"3,630",$375.26,"1,752 mi",10,$0.2142
UIO,SMR,"3,628",$147.52,852 mi,10,$0.1731
LIM,YEG,"3,625",$420.15,"4,850 mi",10,$0.0866
GRU,AMM,"3,624",$745.43,"6,840 mi",10,$0.1090
SJO,HND,"3,624","$1,440.98","8,425 mi",10,$0.1710
BGI,PTP,"3,620",$127.30,251 mi,10,$0.5072
SDQ,SAP,"3,620",$402.29,"1,260 mi",10,$0.3193
BSB,EWR,"3,620",$609.20,"4,383 mi",10,$0.1390
AUA,SAT,"3,619",$395.11,"2,235 mi",10,$0.1768
GRU,GOT,"3,618","$1,011.59","6,737 mi",10,$0.1502
GIG,CAI,"3,617",$826.04,"6,338 mi",10,$0.1303
MTY,HND,"3,617","$1,499.29","6,873 mi",10,$0.2181
EZE,IND,"3,616","$1,355.23","5,609 mi",10,$0.2416
BOG,YQB,"3,614",$369.61,"3,000 mi",10,$0.1232
PVR,SBA,"3,613",$287.88,"1,340 mi",10,$0.2148
AUA,MDZ,"3,612",$339.29,"3,039 mi",10,$0.1116
MTY,LRD,"3,612",$234.33,132 mi,10,$1.7752
MDE,PPN,"3,600",$83.28,261 mi,10,$0.3191
VCP,DIQ,"3,598",$108.80,237 mi,10,$0.4591
BOG,MLA,"3,597",$438.47,"6,130 mi",10,$0.0715
GDL,SUN,"3,596",$227.83,"1,761 mi",10,$0.1294
BOG,JAX,"3,595",$301.40,"1,903 mi",10,$0.1584
TIJ,MAD,"3,593",$731.31,"5,668 mi",10,$0.1290
BOG,REC,"3,592",$412.88,"2,930 mi",10,$0.1409
BOG,CJS,"3,590",$247.90,"2,882 mi",10,$0.0860
MDE,TIJ,"3,589",$324.47,"3,134 mi",10,$0.1035
SCL,BOM,"3,588","$1,153.17","9,693 mi",10,$0.1190
SJD,ATW,"3,587",$341.60,"1,832 mi",10,$0.1865
HAV,BUD,"3,584",$582.27,"5,408 mi",10,$0.1077
EZE,KUL,"3,583","$1,436.41","10,179 mi",10,$0.1411
GIG,CPT,"3,579","$1,014.86","3,895 mi",10,$0.2606
EZE,SOF,"3,578",$806.23,"7,212 mi",10,$0.1118
MEX,IDA,"3,578",$298.96,"1,881 mi",10,$0.1589
SCL,QYG,"3,573",$579.83,"8,047 mi",10,$0.0721
CUN,SHV,"3,571",$294.57,924 mi,10,$0.3188
AUA,ROS,"3,570",$434.68,"3,100 mi",10,$0.1402
CCS,ZRH,"3,570",$464.38,"4,856 mi",10,$0.0956
PVR,RSW,"3,568",$342.71,"1,585 mi",10,$0.2162
MEX,CJC,"3,567",$604.58,"3,647 mi",10,$0.1658
SCL,MRS,"3,566",$735.96,"7,358 mi",10,$0.1000
GRU,GVR,"3,564",$79.79,439 mi,10,$0.1818
PVR,TRC,"3,564",$133.09,368 mi,10,$0.3617
CUN,LPB,"3,562",$285.59,"2,800 mi",10,$0.1020
SJO,SXM,"3,562",$378.87,"1,564 mi",10,$0.2422
CUN,BUR,"3,561",$228.65,"2,055 mi",10,$0.1113
AUA,SJO,"3,556",$328.44,"1,006 mi",10,$0.3265
GDL,ICN,"3,555",$861.03,"7,069 mi",10,$0.1218
LIM,GPS,"3,552",$310.02,"1,169 mi",10,$0.2652
SJO,GSO,"3,548",$347.48,"1,768 mi",10,$0.1965
AUA,YVR,"3,547",$347.64,"4,048 mi",10,$0.0859
REC,BOS,"3,547",$690.74,"4,039 mi",10,$0.1710
EZE,STL,"3,545","$1,300.80","5,639 mi",10,$0.2307
CLO,EAS,"3,545",$476.35,"5,436 mi",10,$0.0876
KIN,MDE,"3,541",$283.15,793 mi,10,$0.3571
MEX,HKT,"3,537",$673.57,"10,501 mi",10,$0.0641
SDQ,PEI,"3,536",$245.54,995 mi,10,$0.2468
PTY,AGP,"3,534",$505.04,"4,859 mi",10,$0.1039
GRU,CHS,"3,531","$1,306.80","4,343 mi",10,$0.3009
HAV,BNA,"3,530",$307.67,915 mi,10,$0.3363
EZE,OVD,"3,529",$684.38,"6,152 mi",10,$0.1112
GDL,MEM,"3,529",$359.77,"1,251 mi",10,$0.2876
UIO,BIO,"3,528",$512.67,"5,661 mi",10,$0.0906
SCL,KIX,"3,523","$1,104.94","11,274 mi",10,$0.0980
GIG,ZCO,"3,522",$284.96,"1,992 mi",10,$0.1431
HAV,PVG,"3,517",$936.45,"8,618 mi",10,$0.1087
MDE,EJA,"3,517",$84.86,122 mi,10,$0.6956
BSB,CZS,"3,513",$316.48,"1,826 mi",10,$0.1733
MEX,EGE,"3,510",$462.20,"1,516 mi",10,$0.3049
POS,LFT,"3,510",$479.56,"2,461 mi",10,$0.1949
BOG,CLE,"3,509",$434.76,"2,658 mi",10,$0.1636
GRU,SMF,"3,508",$934.43,"6,281 mi",10,$0.1488
BSB,SJO,"3,508",$461.41,"2,966 mi",10,$0.1556
SJD,OAX,"3,508",$97.34,972 mi,10,$0.1001
SCL,ADL,"3,506","$1,360.34","7,128 mi",10,$0.1908
SCL,FLR,"3,506",$839.48,"7,190 mi",10,$0.1168
LIM,SJC,"3,505",$678.82,"4,346 mi",10,$0.1562
GRU,FAO,"3,503",$648.54,"5,016 mi",10,$0.1293
MBJ,GSO,"3,503",$210.01,"1,259 mi",10,$0.1668
BOG,CMH,"3,503",$336.28,"2,424 mi",10,$0.1387
PVR,SBP,"3,501",$222.66,"1,331 mi",10,$0.1673
SDQ,TLS,"3,500",$423.55,"4,277 mi",10,$0.0990
LIM,MCI,"3,496",$547.57,"3,610 mi",10,$0.1517
SJO,OPO,"3,493",$641.07,"5,164 mi",10,$0.1241
BOG,FUE,"3,491",$520.45,"4,394 mi",10,$0.1184
EZE,JPA,"3,489",$245.58,"2,356 mi",10,$0.1042
GRU,SXM,"3,489",$936.49,"2,985 mi",10,$0.3137
GDL,MUC,"3,483",$708.60,"6,039 mi",10,$0.1173
PVR,MEM,"3,481",$260.42,"1,318 mi",10,$0.1976
CCS,FRA,"3,480",$303.73,"4,867 mi",10,$0.0624
SDQ,PVD,"3,478",$210.42,"1,661 mi",10,$0.1267
TQO,YOW,"3,476",$309.45,"1,811 mi",10,$0.1709
UIO,IND,"3,473",$428.51,"2,714 mi",10,$0.1579
CLO,NAS,"3,470",$397.76,"1,442 mi",10,$0.2758
MBJ,COR,"3,470",$378.33,"3,453 mi",10,$0.1096
BOG,PBM,"3,466",$472.78,"1,345 mi",9,$0.3515
PVR,TUS,"3,465",$249.70,839 mi,9,$0.2976
BSB,JJD,"3,464",$262.62,"1,002 mi",9,$0.2621
BOG,NAP,"3,458",$547.00,"5,746 mi",9,$0.0952
MEX,BZN,"3,457",$336.20,"1,888 mi",9,$0.1781
CUN,DXB,"3,456",$877.83,"8,607 mi",9,$0.1020
KIN,CYB,"3,452",$141.26,229 mi,9,$0.6169
SXM,BNA,"3,449",$431.17,"1,847 mi",9,$0.2334
GRU,NUE,"3,447","$1,039.46","5,965 mi",9,$0.1743
SJD,CJS,"3,444",$127.06,601 mi,9,$0.2114
LIM,CMH,"3,443",$594.38,"3,721 mi",9,$0.1597
MDE,LPB,"3,440",$264.86,"1,594 mi",9,$0.1662
SJO,GCM,"3,440",$383.87,650 mi,9,$0.5906
GRU,JAX,"3,439",$950.13,"4,528 mi",9,$0.2098
UIO,BWI,"3,439",$351.60,"2,799 mi",9,$0.1256
LIM,MGA,"3,437",$471.41,"1,728 mi",9,$0.2728
MDE,IST,"3,436",$920.09,"6,863 mi",9,$0.1341
GRU,YEG,"3,436",$836.43,"6,836 mi",9,$0.1224
PTY,HAM,"3,435",$495.05,"5,860 mi",9,$0.0845
LIM,BOI,"3,432",$560.01,"4,698 mi",9,$0.1192
GRU,YQB,"3,431",$871.94,"5,248 mi",9,$0.1661
VRA,YYT,"3,430",$372.54,"2,389 mi",9,$0.1559
EZE,CLE,"3,423","$1,246.04","5,307 mi",9,$0.2348
SJD,SBA,"3,423",$226.41,960 mi,9,$0.2358
LIM,HEL,"3,421",$773.81,"7,572 mi",9,$0.1022
MEX,COS,"3,420",$342.94,"1,339 mi",9,$0.2561
AUA,PWM,"3,417",$283.11,"2,087 mi",9,$0.1357
MDE,PBM,"3,417",$456.22,"1,350 mi",9,$0.3379
LIM,KIX,"3,415",$685.77,"10,181 mi",9,$0.0674
MBJ,MEX,"3,415",$547.56,"1,424 mi",9,$0.3845
SCL,CPT,"3,414","$1,173.97","4,802 mi",9,$0.2445
MEX,CSX,"3,411",$713.09,"8,757 mi",9,$0.0814
GRU,SPU,"3,400","$1,118.38","6,281 mi",9,$0.1781
BOG,RMO,"3,400",$701.55,"6,393 mi",9,$0.1097
EZE,SMF,"3,399",$920.66,"6,288 mi",9,$0.1464
GRU,MDQ,"3,398",$253.71,"1,162 mi",9,$0.2183
LIM,SOF,"3,397",$553.19,"7,092 mi",9,$0.0780
UIO,LIS,"3,396",$523.21,"5,267 mi",9,$0.0993
SJO,OSL,"3,395",$503.85,"5,627 mi",9,$0.0895
PVR,MSN,"3,392",$270.14,"1,750 mi",9,$0.1544
AUA,CTG,"3,386",$141.45,410 mi,9,$0.3450
PTY,BKK,"3,385",$972.90,"11,190 mi",9,$0.0869
PTY,VLN,"3,381",$152.57,760 mi,9,$0.2008
BSB,ASU,"3,379",$264.44,923 mi,9,$0.2865
CUN,YDF,"3,379",$243.30,"2,455 mi",9,$0.0991
HAV,BLQ,"3,379",$340.27,"5,452 mi",9,$0.0624
GRU,BOD,"3,376","$1,030.33","5,693 mi",9,$0.1810
KIN,GUA,"3,376",$635.54,968 mi,9,$0.6565
MEX,ORY,"3,376",$405.21,"5,545 mi",9,$0.0731
GIG,NRT,"3,376","$1,539.55","11,170 mi",9,$0.1378
SJO,AGP,"3,374",$689.30,"5,082 mi",9,$0.1356
CUN,MHT,"3,374",$235.99,"1,703 mi",9,$0.1386
SJD,FCA,"3,373",$325.64,"1,703 mi",9,$0.1912
CCS,UIO,"3,371",$517.99,"1,109 mi",9,$0.4671
SXM,SEA,"3,371",$760.19,"3,994 mi",9,$0.1903
SCL,MSY,"3,370",$769.79,"4,423 mi",9,$0.1740
CCS,BER,"3,369",$414.81,"5,396 mi",9,$0.0769
MTY,ELP,"3,369",$292.33,547 mi,9,$0.5344
MBJ,CPH,"3,366",$472.66,"5,347 mi",9,$0.0884
PTY,MTR,"3,365",$190.98,236 mi,9,$0.8092
HAV,STL,"3,365",$197.03,"1,149 mi",9,$0.1715
EZE,ANF,"3,364",$283.95,"1,095 mi",9,$0.2593
SJD,HNL,"3,358",$419.02,"3,163 mi",9,$0.1325
AUA,PEI,"3,355",$181.52,639 mi,9,$0.2841
GRU,KRK,"3,355",$973.90,"6,682 mi",9,$0.1457
MEX,MAO,"3,353",$539.58,"3,163 mi",9,$0.1706
SCL,BNA,"3,352",$900.35,"4,764 mi",9,$0.1890
SJO,BHM,"3,352",$366.01,"1,685 mi",9,$0.2172
AUA,DSM,"3,346",$380.49,"2,386 mi",9,$0.1595
MEX,MDT,"3,344",$376.56,"1,891 mi",9,$0.1991
MEX,CAE,"3,340",$371.63,"1,534 mi",9,$0.2423
GIG,DEL,"3,337","$1,473.88","8,476 mi",9,$0.1739
SJO,BZE,"3,336",$312.99,571 mi,9,$0.5481
MTY,VIE,"3,334",$894.58,"6,185 mi",9,$0.1446
REC,JTC,"3,328",$179.22,"1,392 mi",9,$0.1288
SJO,QRO,"3,326",$276.00,"1,252 mi",9,$0.2204
SJD,TGZ,"3,325",$74.75,"1,210 mi",9,$0.0618
GRU,FNC,"3,324",$789.92,"4,474 mi",9,$0.1766
MEX,SSA,"3,319",$851.96,"4,838 mi",9,$0.1761
GIG,SLC,"3,316",$955.42,"6,032 mi",9,$0.1584
PVR,GJT,"3,315",$205.63,"1,328 mi",9,$0.1548
SJO,ICN,"3,310",$879.44,"8,862 mi",9,$0.0992
GRU,TFU,"3,306","$1,028.86","10,905 mi",9,$0.0943
SDQ,VLC,"3,302",$432.14,"4,451 mi",9,$0.0971
GIG,SVG,"3,300","$1,654.28","6,481 mi",9,$0.2553
LIM,BOM,"3,295","$1,045.07","10,694 mi",9,$0.0977
CUN,SYD,"3,291","$1,267.18","9,080 mi",9,$0.1396
MEX,PBI,"3,290",$398.87,"1,265 mi",9,$0.3153
LIM,BOD,"3,287",$573.37,"5,969 mi",9,$0.0961
MBJ,MDE,"3,283",$351.63,895 mi,9,$0.3929
SXM,NCE,"3,274","$1,062.49","4,259 mi",9,$0.2495
REC,BRU,"3,274",$547.36,"4,565 mi",9,$0.1199
MTY,SAN,"3,273",$353.09,"1,168 mi",9,$0.3023
GDL,RDM,"3,272",$178.54,"1,875 mi",9,$0.0952
BGI,JAX,"3,272",$255.16,"1,913 mi",9,$0.1334
SDQ,HAM,"3,270",$381.83,"4,922 mi",9,$0.0776
GRU,CPO,"3,267",$389.01,"1,584 mi",9,$0.2456
SJD,PNS,"3,267",$346.43,"1,431 mi",9,$0.2421
GRU,SMR,"3,267",$394.75,"3,127 mi",9,$0.1262
BOG,VSA,"3,265",$396.54,"1,607 mi",9,$0.2468
MEX,NTE,"3,254",$539.34,"5,412 mi",9,$0.0997
MEX,SCQ,"3,253",$721.11,"5,186 mi",9,$0.1390
SDQ,CHS,"3,253",$281.51,"1,224 mi",9,$0.2300
LIM,SIN,"3,252","$1,688.33","12,047 mi",9,$0.1401
UIO,PEI,"3,251",$143.44,374 mi,9,$0.3835
SDQ,ACE,"3,248",$322.81,"3,697 mi",9,$0.0873
CCS,LHR,"3,247",$627.64,"4,781 mi",9,$0.1313
EZE,IQQ,"3,246",$247.48,"1,251 mi",9,$0.1978
UIO,CLE,"3,246",$439.10,"2,964 mi",9,$0.1481
SJO,ALB,"3,245",$436.53,"2,279 mi",9,$0.1915
PVR,SDF,"3,243",$334.27,"1,728 mi",9,$0.1934
LIM,PBM,"3,241",$574.76,"1,989 mi",9,$0.2890
SJD,PBC,"3,240",$98.67,804 mi,9,$0.1227
CUN,MAO,"3,234",$329.96,"2,536 mi",9,$0.1301
PVR,MFE,"3,234",$165.43,603 mi,9,$0.2743
GIG,PFB,"3,229",$266.13,659 mi,9,$0.4038
SJO,RNO,"3,227",$416.12,"3,077 mi",9,$0.1352
SDQ,AGP,"3,226",$343.08,"4,230 mi",9,$0.0811
SDQ,BQN,"3,225",$18.33,161 mi,9,$0.1139
MEX,RUH,"3,222","$1,426.86","8,860 mi",9,$0.1610
MBJ,ILM,"3,221",$308.55,"1,056 mi",9,$0.2922
MEX,NBO,"3,220","$1,183.62","9,486 mi",9,$0.1248
SJO,XNA,"3,219",$373.22,"1,981 mi",9,$0.1884
BOG,MCI,"3,219",$361.03,"2,633 mi",9,$0.1371
GIG,AKL,"3,217","$1,231.58","7,389 mi",9,$0.1667
GIG,NCL,"3,213","$1,089.26","6,088 mi",9,$0.1789
GDL,FLL,"3,212",$348.07,"1,471 mi",9,$0.2366
SJO,TYS,"3,212",$486.53,"1,838 mi",9,$0.2647
BOG,AUH,"3,207",$906.75,"8,197 mi",9,$0.1106
SDQ,SAT,"3,207",$317.15,"2,025 mi",9,$0.1566
BGI,EDI,"3,203",$856.39,"4,058 mi",9,$0.2110
SCL,SAT,"3,203",$849.16,"4,850 mi",9,$0.1751
SJO,IST,"3,203",$772.84,"6,704 mi",9,$0.1153
MDE,MZL,"3,202",$153.62,76 mi,9,$2.0213
AUA,BTV,"3,198",$280.71,"2,150 mi",9,$0.1306
SJD,CDG,"3,197",$771.91,"5,770 mi",9,$0.1338
CCS,NAP,"3,197",$445.10,"5,128 mi",9,$0.0868
MBJ,FCO,"3,197",$515.85,"5,221 mi",9,$0.0988
GIG,LSC,"3,194",$243.75,"1,847 mi",9,$0.1320
SJO,VVI,"3,191",$396.93,"2,319 mi",9,$0.1712
MEX,PNS,"3,190",$362.49,"1,096 mi",9,$0.3307
MEX,PWM,"3,188",$369.69,"2,428 mi",9,$0.1523
SXM,CMH,"3,183",$383.04,"1,864 mi",9,$0.2055
HAV,MCO,"3,182",$237.87,393 mi,9,$0.6053
GRU,ACC,"3,181",$745.34,"3,821 mi",9,$0.1951
MTY,FWA,"3,180",$449.08,"1,395 mi",9,$0.3219
SJD,TYS,"3,178",$372.04,"1,822 mi",9,$0.2042
SJO,MDW,"3,178",$261.15,"2,273 mi",9,$0.1149
MEX,ICT,"3,177",$392.41,"1,224 mi",9,$0.3206
MEX,CMN,"3,174",$945.54,"5,738 mi",9,$0.1648
TIJ,SAL,"3,173",$231.99,"2,134 mi",9,$0.1087
GIG,BOM,"3,171","$1,302.43","8,088 mi",9,$0.1610
LIM,LPA,"3,170",$476.51,"5,112 mi",9,$0.0932
SJO,BOD,"3,166",$530.16,"5,253 mi",9,$0.1009
POS,BOM,"3,164","$1,109.65","8,965 mi",9,$0.1238
UIO,DXB,"3,164","$1,049.21","9,163 mi",9,$0.1145
SJD,GJT,"3,164",$231.33,"1,139 mi",9,$0.2031
UIO,VIE,"3,163",$681.61,"6,258 mi",9,$0.1089
EZE,SNA,"3,163","$1,423.89","5,909 mi",9,$0.2410
REC,BER,"3,162",$560.50,"4,905 mi",9,$0.1143
GRU,AUH,"3,161","$1,008.78","7,757 mi",9,$0.1300
UIO,DTW,"3,160",$621.67,"3,030 mi",9,$0.2052
MEX,PNA,"3,160",$703.54,"5,846 mi",9,$0.1203
GIG,ZAG,"3,155",$916.73,"6,199 mi",9,$0.1479
BOG,PIT,"3,154",$374.01,"2,426 mi",9,$0.1542
REC,PFB,"3,154",$325.63,"1,848 mi",9,$0.1762
PVR,MSO,"3,151",$267.91,"1,935 mi",9,$0.1385
TQO,CJS,"3,149",$181.63,"1,449 mi",9,$0.1253
CUN,SBP,"3,148",$331.20,"2,196 mi",9,$0.1508
MBJ,JAN,"3,148",$294.29,"1,180 mi",9,$0.2494
BOG,NTE,"3,146",$465.00,"5,008 mi",9,$0.0929
GIG,PMI,"3,144","$1,066.45","5,387 mi",9,$0.1980
SJD,GSP,"3,143",$386.51,"1,786 mi",9,$0.2164
HAV,OMA,"3,142",$203.28,"1,532 mi",9,$0.1327
PVR,CDG,"3,142",$643.56,"5,728 mi",9,$0.1124
SJO,PEI,"3,141",$248.57,702 mi,9,$0.3541
CUN,CTA,"3,139",$342.93,"6,139 mi",9,$0.0559
GDL,SDF,"3,139",$367.70,"1,657 mi",9,$0.2219
REC,ATH,"3,136",$901.43,"5,090 mi",9,$0.1771
KIN,LGA,"3,135",$199.65,"1,636 mi",9,$0.1220
PTY,CMH,"3,133",$343.53,"2,084 mi",9,$0.1648
MEX,CPT,"3,128","$1,196.88","8,263 mi",9,$0.1448
AUA,MVD,"3,125",$394.11,"3,295 mi",9,$0.1196
SCL,XPL,"3,125",$547.04,"3,383 mi",9,$0.1617
BOG,CVG,"3,125",$354.07,"2,389 mi",9,$0.1482
SCL,BWI,"3,124",$582.55,"5,179 mi",9,$0.1125
CUN,XPL,"3,122",$232.81,442 mi,9,$0.5267
MBJ,FWA,"3,121",$271.62,"1,660 mi",9,$0.1636
MBJ,MLI,"3,120",$321.57,"1,698 mi",9,$0.1894
LIM,CUE,"3,119",$277.65,625 mi,9,$0.4442
AUA,MAD,"3,117",$752.96,"4,560 mi",9,$0.1651
KIN,GND,"3,117",$388.66,"1,049 mi",9,$0.3705
KIN,RDU,"3,116",$192.17,"1,209 mi",9,$0.1589
BGI,PIT,"3,115",$335.86,"2,341 mi",9,$0.1435
UIO,VCE,"3,113",$517.82,"6,446 mi",9,$0.0803
KIN,SJU,"3,113",$277.69,730 mi,9,$0.3804
CUN,GRI,"3,111","$1,115.77","1,577 mi",9,$0.7075
GRU,BJX,"3,111",$868.90,"4,664 mi",9,$0.1863
HAV,PRG,"3,110",$480.76,"5,454 mi",9,$0.0881
GIG,BUD,"3,110",$838.15,"6,395 mi",9,$0.1311
GDL,IDA,"3,108",$193.16,"1,717 mi",9,$0.1125
MDE,YYC,"3,107",$487.51,"3,697 mi",9,$0.1319
PTY,LIN,"3,105",$602.42,"5,879 mi",9,$0.1025
AUA,MEM,"3,103",$333.79,"2,056 mi",9,$0.1623
CLO,AUC,"3,099",$103.13,444 mi,8,$0.2323
CCS,PEK,"3,098","$1,740.36","8,659 mi",8,$0.2010
BSB,UIO,"3,097",$468.41,"2,273 mi",8,$0.2061
BOG,JNB,"3,097","$1,197.96","7,343 mi",8,$0.1631
HAV,LYS,"3,095",$389.96,"4,831 mi",8,$0.0807
EZE,JAX,"3,094",$971.99,"4,901 mi",8,$0.1983
GRU,BBA,"3,092",$392.71,"2,032 mi",8,$0.1933
PVR,JAX,"3,092",$332.62,"1,661 mi",8,$0.2003
MDE,GSP,"3,091",$280.07,"1,971 mi",8,$0.1421
MEX,SOF,"3,090",$736.08,"7,004 mi",8,$0.1051
REC,LAX,"3,089",$546.52,"5,977 mi",8,$0.0914
CUN,ZAG,"3,089",$507.73,"5,604 mi",8,$0.0906
LIM,JAE,"3,088",$130.94,444 mi,8,$0.2949
LIM,EDI,"3,087",$745.33,"6,105 mi",8,$0.1221
SJO,YWG,"3,087",$444.52,"2,771 mi",8,$0.1604
AUA,PDX,"3,084",$396.96,"3,703 mi",8,$0.1072
SJO,YHZ,"3,083",$428.97,"2,626 mi",8,$0.1634
CLO,PNA,"3,082",$459.25,"5,438 mi",8,$0.0845
EZE,PUQ,"3,078",$326.16,"1,351 mi",8,$0.2414
POS,CLT,"3,078",$268.90,"2,163 mi",8,$0.1243
BGI,SJO,"3,075",$428.52,"1,635 mi",8,$0.2621
SDQ,BUF,"3,075",$225.66,"1,827 mi",8,$0.1235
MEX,MYR,"3,073",$331.69,"1,534 mi",8,$0.2162
KIN,YEG,"3,072",$244.98,"3,231 mi",8,$0.0758
CLO,SEA,"3,072",$353.50,"4,198 mi",8,$0.0842
PTY,ORY,"3,072",$340.89,"5,212 mi",8,$0.0654
SJO,DSM,"3,071",$374.74,"2,186 mi",8,$0.1714
CCS,VCE,"3,070",$372.40,"5,027 mi",8,$0.0741
EZE,PMC,"3,069",$200.77,885 mi,8,$0.2269
GDL,BQN,"3,069",$266.00,"2,285 mi",8,$0.1164
SJD,GUA,"3,066",$253.58,"1,427 mi",8,$0.1777
SDQ,MCI,"3,065",$303.96,"2,140 mi",8,$0.1420
GRU,GOA,"3,062",$748.60,"6,017 mi",8,$0.1244
SJO,DEL,"3,061",$860.93,"9,779 mi",8,$0.0880
POS,PUJ,"3,055",$311.89,746 mi,8,$0.4181
GDL,EUG,"3,050",$212.73,"1,931 mi",8,$0.1102
SCL,SLA,"3,049",$261.71,650 mi,8,$0.4026
BGI,SDQ,"3,046",$371.77,748 mi,8,$0.4970
MTY,LIN,"3,046",$834.19,"5,646 mi",8,$0.1477
GRU,MBJ,"3,044",$486.93,"3,698 mi",8,$0.1317
GRU,WNZ,"3,042","$1,322.88","11,937 mi",8,$0.1108
GRU,YWG,"3,041",$798.57,"6,121 mi",8,$0.1305
CLO,BSC,"3,041",$80.50,191 mi,8,$0.4215
BOG,VGO,"3,040",$462.28,"4,900 mi",8,$0.0943
SJO,LPB,"3,039",$333.14,"2,070 mi",8,$0.1609
BGI,CLE,"3,038",$309.85,"2,305 mi",8,$0.1344
SCL,ALC,"3,037",$700.09,"6,892 mi",8,$0.1016
MDE,LPA,"3,037",$369.98,"4,069 mi",8,$0.0909
GIG,BGA,"3,036",$376.89,"2,981 mi",8,$0.1264
REC,BPS,"3,035",$270.55,658 mi,8,$0.4112
LIM,DEL,"3,032","$1,026.83","10,107 mi",8,$0.1016
PVR,IDA,"3,031",$242.26,"1,577 mi",8,$0.1536
SJO,DAL,"3,029",$277.96,"1,719 mi",8,$0.1617
CUN,NTE,"3,029",$411.12,"5,095 mi",8,$0.0807
MEX,PVD,"3,028",$371.35,"2,301 mi",8,$0.1614
GRU,NBO,"3,028","$1,036.63","5,936 mi",8,$0.1746
AUA,MYR,"3,027",$529.92,"1,520 mi",8,$0.3486
SJO,SAV,"3,027",$482.93,"1,587 mi",8,$0.3043
CLO,ARN,"3,024",$476.85,"5,972 mi",8,$0.0798
MEX,PUQ,"3,023",$702.61,"5,124 mi",8,$0.1371
PVR,YKA,"3,023",$421.74,"2,166 mi",8,$0.1947
SXM,RIC,"3,023",$346.36,"1,549 mi",8,$0.2236
LIM,RNO,"3,022",$513.71,"4,356 mi",8,$0.1179
BGI,NCL,"3,021",$889.59,"4,350 mi",8,$0.2045
SJO,BIO,"3,021",$583.74,"5,151 mi",8,$0.1133
UIO,FLL,"3,015",$206.94,"1,760 mi",8,$0.1176
LIM,CVG,"3,010",$629.20,"3,669 mi",8,$0.1715
LIM,IQQ,"3,010",$324.53,724 mi,8,$0.4482
CUN,YYG,"3,006",$250.13,"2,264 mi",8,$0.1105
MTY,FAR,"3,003",$410.77,"1,516 mi",8,$0.2710
GRU,VKO,"3,002","$1,602.04","7,525 mi",8,$0.2129
CUN,VLC,"3,002",$273.05,"4,967 mi",8,$0.0550
MDE,BER,"2,999",$511.23,"5,661 mi",8,$0.0903
HAV,MCI,"2,999",$210.20,"1,298 mi",8,$0.1619
SDQ,BOD,"2,997",$259.35,"4,177 mi",8,$0.0621
MDE,SAT,"2,995",$294.01,"2,138 mi",8,$0.1375
GIG,KUL,"2,994","$1,901.34","9,421 mi",8,$0.2018
MEX,IBZ,"2,992","$1,453.09","5,740 mi",8,$0.2532
MEX,DAY,"2,991",$400.98,"1,716 mi",8,$0.2337
MEX,AKL,"2,990","$1,298.95","6,608 mi",8,$0.1966
HAV,HAM,"2,988",$413.70,"5,197 mi",8,$0.0796
SJO,TTQ,"2,987",$24.86,45 mi,8,$0.5524
SJD,JAN,"2,983",$304.89,"1,314 mi",8,$0.2320
CUN,SMR,"2,982",$170.10,"1,051 mi",8,$0.1618
HAV,ANU,"2,981",$254.69,"1,438 mi",8,$0.1771
MTY,SAV,"2,981",$411.36,"1,185 mi",8,$0.3471
SCL,JOI,"2,980",$227.15,"1,447 mi",8,$0.1570
SDQ,PBM,"2,979",$378.05,"1,366 mi",8,$0.2768
MTY,CID,"2,978",$358.41,"1,247 mi",8,$0.2874
GRU,MEM,"2,976","$1,374.33","4,795 mi",8,$0.2866
MBJ,LEX,"2,974",$335.90,"1,367 mi",8,$0.2457
AUA,YOW,"2,972",$318.95,"2,361 mi",8,$0.1351
LIM,YOW,"2,969",$535.59,"4,082 mi",8,$0.1312
EZE,HNL,"2,968",$966.24,"7,332 mi",8,$0.1318
MTY,SLW,"2,968",$65.11,56 mi,8,$1.1627
SXM,SLU,"2,966",$216.97,302 mi,8,$0.7184
PVR,ANC,"2,964",$334.34,"3,627 mi",8,$0.0922
SJO,PNS,"2,964",$322.77,"1,385 mi",8,$0.2330
SCL,BUD,"2,957",$936.33,"7,636 mi",8,$0.1226
MBJ,RSW,"2,956",$252.89,589 mi,8,$0.4294
PTY,CHS,"2,955",$276.73,"1,696 mi",8,$0.1632
GRU,YHZ,"2,955",$862.59,"4,696 mi",8,$0.1837
MEX,FSD,"2,955",$299.25,"1,624 mi",8,$0.1843
GDL,ZRH,"2,953",$543.68,"5,945 mi",8,$0.0915
MEX,LRD,"2,951",$450.91,578 mi,8,$0.7801
MEX,KEF,"2,950",$610.33,"4,469 mi",8,$0.1366
LIM,ORF,"2,950",$521.22,"3,279 mi",8,$0.1590
CCS,SFD,"2,949",$74.76,184 mi,8,$0.4063
EZE,CVG,"2,948",$984.49,"5,209 mi",8,$0.1890
MDE,PVG,"2,946","$1,206.41","9,908 mi",8,$0.1218
SJO,PVD,"2,946",$386.16,"2,396 mi",8,$0.1612
POS,BZE,"2,945",$631.35,"1,924 mi",8,$0.3281
MEX,ECP,"2,943",$370.16,"1,087 mi",8,$0.3405
EZE,DBV,"2,942",$968.78,"6,995 mi",8,$0.1385
MBJ,ECP,"2,940",$250.75,986 mi,8,$0.2543
BOG,SMF,"2,939",$483.13,"3,895 mi",8,$0.1240
HAV,GUA,"2,939",$404.93,811 mi,8,$0.4993
GIG,LPA,"2,938",$954.72,"4,087 mi",8,$0.2336
BOG,OVD,"2,936",$543.25,"5,052 mi",8,$0.1075
GRU,TBT,"2,935",$283.80,"2,112 mi",8,$0.1344
LIM,BNE,"2,931","$1,418.46","8,352 mi",8,$0.1698
CUN,VNO,"2,931",$322.55,"5,690 mi",8,$0.0567
UIO,BNA,"2,928",$346.22,"2,484 mi",8,$0.1394
MEX,MLA,"2,928",$773.43,"6,456 mi",8,$0.1198
EZE,PIT,"2,927",$973.39,"5,544 mi",8,$0.1756
GIG,SOF,"2,927",$769.14,"6,382 mi",8,$0.1205
EZE,BGA,"2,927",$417.30,"3,144 mi",8,$0.1327
MEX,JAN,"2,926",$467.57,"1,018 mi",8,$0.4593
BGI,IND,"2,925",$362.02,"2,384 mi",8,$0.1519
SCL,OTP,"2,924",$960.34,"7,857 mi",8,$0.1222
MDE,TCO,"2,923",$218.07,367 mi,8,$0.5942
EZE,CMH,"2,922","$1,178.80","5,559 mi",8,$0.2121
HAV,LIN,"2,919",$361.83,"5,335 mi",8,$0.0678
SDQ,ROC,"2,918",$286.28,"1,716 mi",8,$0.1668
UIO,DUS,"2,915",$569.20,"6,194 mi",8,$0.0919
TQO,PHL,"2,913",$205.01,"1,593 mi",8,$0.1287
TQO,BNA,"2,905",$193.63,"1,137 mi",8,$0.1703
MBJ,GRB,"2,904",$315.99,"1,833 mi",8,$0.1724
PTY,VCE,"2,904",$593.25,"5,679 mi",8,$0.1045
GRU,BSL,"2,897","$1,170.37","6,118 mi",8,$0.1913
GIG,MEL,"2,897","$1,588.06","8,471 mi",8,$0.1875
CUN,SOF,"2,896",$420.64,"6,010 mi",8,$0.0700
PTY,LGA,"2,896",$453.44,"2,150 mi",8,$0.2109
SDQ,TAM,"2,896",$589.90,"1,788 mi",8,$0.3299
MTY,HNL,"2,893",$333.24,"3,755 mi",8,$0.0887
POS,PTP,"2,891",$133.85,404 mi,8,$0.3313
REC,ATM,"2,886",$338.37,"1,275 mi",8,$0.2654
GIG,BIO,"2,883",$739.70,"5,080 mi",8,$0.1456
SJO,PWM,"2,881",$357.43,"2,396 mi",8,$0.1492
TQO,RDU,"2,881",$212.74,"1,247 mi",8,$0.1706
BOG,GSP,"2,880",$342.04,"2,085 mi",8,$0.1640
SJO,FON,"2,880",$29.99,40 mi,8,$0.7498
CUN,YMM,"2,880",$316.01,"2,673 mi",8,$0.1182
SJD,SAV,"2,880",$361.21,"1,791 mi",8,$0.2017
CUN,CRP,"2,877",$262.69,790 mi,8,$0.3325
HAV,SLA,"2,875",$305.30,"3,600 mi",8,$0.0848
BOG,TLU,"2,873",$219.91,357 mi,8,$0.6160
BOG,BBA,"2,871",$487.28,"3,395 mi",8,$0.1435
BOG,RAK,"2,871",$633.21,"4,507 mi",8,$0.1405
GIG,TRN,"2,869",$689.46,"5,513 mi",8,$0.1251
BOG,EAS,"2,868",$557.75,"5,265 mi",8,$0.1059
KIN,YLW,"2,868",$472.48,"3,126 mi",8,$0.1511
AUA,BLB,"2,865",$154.64,717 mi,8,$0.2157
SJD,COS,"2,865",$248.37,"1,155 mi",8,$0.2150
GIG,VLC,"2,862",$723.77,"4,960 mi",8,$0.1459
SJO,EDI,"2,862",$582.30,"5,452 mi",8,$0.1068
PVR,BIS,"2,858",$265.65,"1,765 mi",8,$0.1505
HAV,LCG,"2,855",$223.80,"4,230 mi",8,$0.0529
SJO,TUL,"2,853",$371.27,"1,894 mi",8,$0.1960
SJO,GEG,"2,853",$329.26,"3,340 mi",8,$0.0986
BSB,CPV,"2,849",$158.02,"1,037 mi",8,$0.1524
LIM,HNL,"2,849",$782.33,"6,120 mi",8,$0.1278
CLO,HAM,"2,848",$470.11,"5,696 mi",8,$0.0825
CUN,RBA,"2,848",$267.46,"5,018 mi",8,$0.0533
HAV,SDF,"2,847",$193.44,"1,099 mi",8,$0.1760
MBJ,FAR,"2,846",$376.97,"2,170 mi",8,$0.1737
BSB,LAS,"2,846",$537.70,"5,833 mi",8,$0.0922
CUN,HOG,"2,845",$287.86,702 mi,8,$0.4101
SJO,MSN,"2,845",$518.30,"2,242 mi",8,$0.2312
MEX,BIL,"2,840",$270.25,"1,957 mi",8,$0.1381
EZE,NAS,"2,838",$847.05,"4,448 mi",8,$0.1904
CUN,FAO,"2,837",$242.93,"4,620 mi",8,$0.0526
MDE,TLV,"2,837",$604.69,"7,375 mi",8,$0.0820
MDE,VCE,"2,837",$450.18,"5,981 mi",8,$0.0753
UIO,VVI,"2,837",$420.78,"1,640 mi",8,$0.2566
EZE,OLB,"2,831","$1,412.87","6,579 mi",8,$0.2148
HAV,TLS,"2,830",$354.26,"4,982 mi",8,$0.0711
PTY,PIT,"2,829",$367.22,"2,106 mi",8,$0.1744
GRU,DAC,"2,827","$1,182.02","10,009 mi",8,$0.1181
PTY,YEG,"2,825",$412.31,"3,491 mi",8,$0.1181
AUA,SAV,"2,825",$384.46,"1,484 mi",8,$0.2591
UIO,TLV,"2,821",$706.96,"7,346 mi",8,$0.0962
CUN,YWH,"2,820",$226.74,"2,678 mi",8,$0.0847
CUN,LUX,"2,819",$276.69,"5,413 mi",8,$0.0511
BSB,BER,"2,817",$917.42,"6,142 mi",8,$0.1494
CLO,BWI,"2,817",$246.32,"2,388 mi",8,$0.1031
CLO,VGO,"2,816",$416.86,"4,775 mi",8,$0.0873
MTY,UIO,"2,816",$431.29,"2,234 mi",8,$0.1931
MEX,GLA,"2,814",$624.76,"5,130 mi",8,$0.1218
UIO,YYC,"2,810",$500.09,"3,984 mi",8,$0.1255
POS,RDU,"2,805",$257.13,"1,999 mi",8,$0.1286
SJD,TAM,"2,804",$77.76,735 mi,8,$0.1058
EZE,RNO,"2,803",$819.81,"6,256 mi",8,$0.1310
LIM,EAS,"2,802",$546.45,"6,253 mi",8,$0.0874
MEX,FOC,"2,801",$593.29,"8,615 mi",8,$0.0689
SCL,VDC,"2,801",$328.83,"2,193 mi",8,$0.1499
CUN,YAM,"2,801",$273.25,"1,816 mi",8,$0.1505
TIJ,REX,"2,800",$375.30,"1,178 mi",8,$0.3186
KIN,MBJ,"2,797",$128.58,81 mi,8,$1.5874
AUA,SJU,"2,795",$427.35,475 mi,8,$0.8997
GDL,YEG,"2,792",$208.52,"2,260 mi",8,$0.0923
HAV,ACE,"2,791",$464.04,"4,108 mi",8,$0.1130
KIN,SLU,"2,790",$378.79,"1,051 mi",8,$0.3604
BOG,SPU,"2,789",$622.35,"5,836 mi",8,$0.1066
SJO,HNL,"2,785",$585.47,"5,075 mi",8,$0.1154
LIM,VNO,"2,784",$668.56,"7,611 mi",8,$0.0878
PVR,MAD,"2,783",$593.38,"6,056 mi",8,$0.0980
GDL,DSM,"2,783",$349.30,"1,605 mi",8,$0.2176
PTY,CIX,"2,782",$134.26,"1,063 mi",8,$0.1263
BOG,SCQ,"2,781",$492.28,"4,921 mi",8,$0.1000
BOG,LCG,"2,780",$450.84,"4,642 mi",8,$0.0971
SJO,SYR,"2,780",$346.08,"2,410 mi",8,$0.1436
MDE,SVQ,"2,780",$611.09,"4,694 mi",8,$0.1302
HAV,SEA,"2,778",$402.33,"2,685 mi",8,$0.1498
CUN,GTF,"2,778",$263.74,"2,213 mi",8,$0.1192
GDL,YHZ,"2,778",$214.58,"2,903 mi",8,$0.0739
AUA,SLC,"2,777",$437.47,"3,294 mi",8,$0.1328
PVR,DGO,"2,776",$231.56,249 mi,8,$0.9300
TIJ,HGH,"2,776",$500.78,"6,499 mi",8,$0.0771
LIM,CAI,"2,772",$698.35,"7,964 mi",8,$0.0877
GRU,HAN,"2,771","$1,313.84","10,981 mi",8,$0.1196
EZE,ZCO,"2,770",$206.34,854 mi,8,$0.2416
SJO,GSP,"2,766",$396.90,"1,673 mi",8,$0.2372
CLO,NQU,"2,766",$71.91,167 mi,8,$0.4306
CLO,VVI,"2,764",$233.88,"1,772 mi",8,$0.1320
POS,DEL,"2,761","$1,044.44","8,305 mi",8,$0.1258
SJO,MDZ,"2,760",$382.59,"3,222 mi",8,$0.1187
EZE,RAK,"2,760",$861.77,"5,471 mi",8,$0.1575
PVR,MNL,"2,759",$740.73,"8,719 mi",8,$0.0850
PVR,CHS,"2,759",$350.09,"1,710 mi",8,$0.2047
GDL,MFE,"2,757",$237.94,521 mi,8,$0.4567
SDQ,FLR,"2,755",$415.49,"5,044 mi",8,$0.0824
SCL,HNL,"2,754",$836.73,"7,065 mi",8,$0.1184
SXM,MNL,"2,752","$1,108.10","9,865 mi",8,$0.1123
AUA,RSW,"2,747",$318.52,"1,270 mi",8,$0.2508
CUN,DAB,"2,742",$315.66,650 mi,8,$0.4856
PTY,RGN,"2,741",$916.18,"10,297 mi",8,$0.0890
KIN,SKB,"2,740",$356.04,899 mi,8,$0.3960
MDE,POS,"2,740",$454.94,"1,040 mi",8,$0.4374
MEX,HIJ,"2,739","$1,066.41","7,164 mi",8,$0.1489
SJO,VLC,"2,738",$642.35,"5,611 mi",8,$0.1145
BSB,CKS,"2,736",$302.48,709 mi,7,$0.4266
BSB,TBT,"2,733",$414.22,"1,747 mi",7,$0.2371
SJD,SLP,"2,733",$107.70,581 mi,7,$0.1854
CCS,VGO,"2,728",$431.67,"4,245 mi",7,$0.1017
SJO,CID,"2,727",$674.39,"2,318 mi",7,$0.2909
PTY,NRT,"2,726","$1,106.04","8,148 mi",7,$0.1357
HAV,BIO,"2,724",$264.32,"4,493 mi",7,$0.0588
MBJ,ABQ,"2,724",$265.14,"2,031 mi",7,$0.1305
SJO,MID,"2,722",$229.54,863 mi,7,$0.2660
EZE,XPL,"2,720",$627.27,"4,020 mi",7,$0.1560
BOG,AKL,"2,720","$1,077.15","7,799 mi",7,$0.1381
UIO,MSY,"2,720",$366.26,"2,290 mi",7,$0.1599
BOG,BOD,"2,718",$491.62,"5,335 mi",7,$0.0921
SJO,ROC,"2,715",$420.28,"2,392 mi",7,$0.1757
CUN,GOT,"2,715",$396.23,"5,484 mi",7,$0.0723
BGI,STL,"2,714",$436.80,"2,511 mi",7,$0.1740
GIG,DTW,"2,712",$944.65,"5,015 mi",7,$0.1884
GIG,MSP,"2,712","$1,089.72","5,467 mi",7,$0.1993
CUN,GPT,"2,711",$352.24,682 mi,7,$0.5165
CUN,ROA,"2,710",$278.04,"1,235 mi",7,$0.2251
SJO,PVG,"2,708","$1,439.32","8,839 mi",7,$0.1628
CLO,PHL,"2,707",$299.66,"2,436 mi",7,$0.1230
SJO,CNF,"2,706",$472.69,"3,521 mi",7,$0.1342
BOG,YWG,"2,704",$407.52,"3,299 mi",7,$0.1235
AUA,MDW,"2,702",$336.14,"2,357 mi",7,$0.1426
GIG,CPO,"2,701",$329.79,"1,695 mi",7,$0.1946
SJD,IDA,"2,701",$205.31,"1,371 mi",7,$0.1498
GRU,MAA,"2,700","$1,273.04","9,147 mi",7,$0.1392
HAV,VLC,"2,700",$246.47,"4,954 mi",7,$0.0498
UIO,BAQ,"2,700",$177.87,824 mi,7,$0.2159
SCL,BOD,"2,698",$940.71,"6,750 mi",7,$0.1394
GRU,CKG,"2,691","$1,099.56","10,401 mi",7,$0.1057
EZE,LED,"2,690","$1,191.30","8,469 mi",7,$0.1407
HAV,CLT,"2,689",$237.53,824 mi,7,$0.2883
LIM,CPT,"2,689",$980.95,"6,259 mi",7,$0.1567
POS,DEN,"2,689",$512.34,"3,230 mi",7,$0.1586
PVR,ATW,"2,688",$361.63,"1,834 mi",7,$0.1972
HAV,JAX,"2,688",$250.39,536 mi,7,$0.4671
BOG,GPS,"2,684",$212.93,"1,203 mi",7,$0.1770
LIM,POS,"2,684",$660.96,"1,958 mi",7,$0.3376
REC,YUL,"2,683",$568.63,"4,546 mi",7,$0.1251
SJD,BTR,"2,682",$442.14,"1,213 mi",7,$0.3645
MDE,GPS,"2,681",$232.48,"1,087 mi",7,$0.2139
PTY,BIO,"2,680",$387.55,"5,263 mi",7,$0.0736
SCL,JDO,"2,677",$434.87,"2,787 mi",7,$0.1560
EZE,BEG,"2,676",$797.00,"7,603 mi",7,$0.1048
POS,SFO,"2,675",$469.00,"4,069 mi",7,$0.1153
GRU,SLP,"2,675",$796.72,"4,977 mi",7,$0.1601
CUN,SGU,"2,674",$302.68,"2,005 mi",7,$0.1510
LIM,NTE,"2,674",$754.15,"5,979 mi",7,$0.1261
GIG,BRA,"2,670",$310.35,774 mi,7,$0.4010
LIM,TPE,"2,670","$1,029.09","10,609 mi",7,$0.0970
SJO,YQB,"2,669",$292.26,"2,571 mi",7,$0.1137
EZE,SRE,"2,669",$227.47,"1,184 mi",7,$0.1921
PTY,CGK,"2,662","$1,670.57","12,334 mi",7,$0.1354
MDE,MDZ,"2,657",$364.69,"2,811 mi",7,$0.1297
MDE,MSP,"2,657",$411.13,"2,796 mi",7,$0.1470
BOG,HEL,"2,656",$707.53,"6,433 mi",7,$0.1100
MEX,BNE,"2,655","$1,034.15","8,124 mi",7,$0.1273
PTY,VKO,"2,654","$1,340.86","6,494 mi",7,$0.2065
GIG,SDE,"2,653",$233.77,"1,398 mi",7,$0.1672
MTY,PIA,"2,651",$396.08,"1,226 mi",7,$0.3231
SDQ,COR,"2,651",$603.49,"3,352 mi",7,$0.1800
CCS,AGP,"2,649",$434.08,"4,391 mi",7,$0.0989
PTY,HNL,"2,648",$709.52,"5,100 mi",7,$0.1391
SXM,JAX,"2,645",$447.91,"1,492 mi",7,$0.3002
EZE,BNE,"2,643","$1,403.26","7,437 mi",7,$0.1887
MDE,CJA,"2,642",$123.37,915 mi,7,$0.1348
VRA,REN,"2,640",$506.21,"6,846 mi",7,$0.0739
PTY,RIC,"2,639",$298.00,"1,910 mi",7,$0.1560
EZE,EGE,"2,638",$837.48,"6,178 mi",7,$0.1356
MTY,BHM,"2,638",$407.85,935 mi,7,$0.4362
BOG,HNL,"2,635",$680.61,"5,871 mi",7,$0.1159
CLO,OVD,"2,635",$477.90,"5,223 mi",7,$0.0915
LIM,BUD,"2,634",$928.01,"6,910 mi",7,$0.1343
GRU,IPC,"2,634",$455.52,"3,783 mi",7,$0.1204
CUN,YKA,"2,629",$363.64,"2,655 mi",7,$0.1370
SCL,PCL,"2,629",$263.67,"1,797 mi",7,$0.1467
VCP,ATM,"2,628",$351.44,"1,449 mi",7,$0.2425
EZE,TUS,"2,626","$1,117.19","5,912 mi",7,$0.1890
GRU,ADD,"2,626",$757.51,"6,353 mi",7,$0.1192
MEX,NGO,"2,625","$1,239.47","6,977 mi",7,$0.1777
SJD,ANC,"2,625",$377.90,"3,147 mi",7,$0.1201
MBJ,HSV,"2,624",$298.44,"1,203 mi",7,$0.2481
REC,DUS,"2,624",$496.99,"4,650 mi",7,$0.1069
MEX,AMM,"2,619",$597.02,"7,582 mi",7,$0.0787
GRU,JMK,"2,618","$1,278.84","6,463 mi",7,$0.1979
GIG,LUX,"2,618",$816.05,"6,026 mi",7,$0.1354
MBJ,ARN,"2,618",$467.83,"5,479 mi",7,$0.0854
MTY,TYS,"2,617",$394.43,"1,213 mi",7,$0.3252
SCL,DPS,"2,616","$1,511.73","9,214 mi",7,$0.1641
GRU,ASE,"2,614","$1,857.06","5,648 mi",7,$0.3288
AUA,GEO,"2,613",$255.22,875 mi,7,$0.2917
GIG,IPN,"2,613",$179.95,229 mi,7,$0.7858
BSB,DCA,"2,610",$690.93,"4,350 mi",7,$0.1588
MEX,BRE,"2,609",$555.03,"5,677 mi",7,$0.0978
UIO,AGP,"2,609",$490.28,"5,173 mi",7,$0.0948
LIM,STR,"2,605",$587.16,"6,475 mi",7,$0.0907
SJD,YXE,"2,604",$280.46,"1,951 mi",7,$0.1438
EZE,LUX,"2,603","$1,190.67","6,837 mi",7,$0.1742
POS,GUA,"2,603",$455.38,"2,046 mi",7,$0.2226
SCL,JJD,"2,602",$380.06,"2,793 mi",7,$0.1361
GIG,BEG,"2,601",$665.40,"5,963 mi",7,$0.1116
BGI,RIC,"2,601",$329.97,"1,954 mi",7,$0.1689
CCS,ATH,"2,599",$553.76,"5,645 mi",7,$0.0981
MTY,MGA,"2,597",$376.17,"1,347 mi",7,$0.2793
EZE,SPU,"2,596",$904.66,"6,953 mi",7,$0.1301
LIM,BHX,"2,596","$1,045.30","6,464 mi",7,$0.1617
PTY,PRG,"2,594",$600.03,"6,075 mi",7,$0.0988
BOG,NBO,"2,594","$1,123.93","7,447 mi",7,$0.1509
EZE,MCI,"2,592","$1,036.40","5,787 mi",7,$0.1791
SXM,CHS,"2,589",$537.82,"1,513 mi",7,$0.3555
VCP,PDP,"2,587",$160.80,977 mi,7,$0.1646
SJD,TAP,"2,586",$77.61,"1,233 mi",7,$0.0629
EZE,RCH,"2,583",$363.55,"3,238 mi",7,$0.1123
BGI,YYC,"2,582",$544.11,"4,122 mi",7,$0.1320
PTY,VLC,"2,582",$494.93,"5,387 mi",7,$0.0919
CUN,YSJ,"2,581",$242.66,"2,119 mi",7,$0.1145
TQO,PDX,"2,579",$222.16,"2,567 mi",7,$0.0865
MEX,DPS,"2,579","$1,228.28","9,731 mi",7,$0.1262
MDE,DAV,"2,578",$189.71,490 mi,7,$0.3872
UIO,JAX,"2,577",$466.12,"2,191 mi",7,$0.2127
EZE,MLA,"2,575",$856.88,"6,978 mi",7,$0.1228
LIM,GEO,"2,575",$759.81,"1,766 mi",7,$0.4302
EZE,BBA,"2,574",$284.37,"1,061 mi",7,$0.2680
BOG,EDI,"2,573",$719.05,"5,367 mi",7,$0.1340
SCL,BLR,"2,573","$1,339.49","10,315 mi",7,$0.1299
BOG,MNL,"2,572","$1,526.24","11,074 mi",7,$0.1378
GRU,CAY,"2,571",$301.63,"1,932 mi",7,$0.1561
CUN,FLR,"2,569",$555.80,"5,775 mi",7,$0.0962
EZE,LCA,"2,568","$1,217.51","7,871 mi",7,$0.1547
TQO,TPA,"2,567",$169.91,609 mi,7,$0.2790
LIM,OVD,"2,565",$661.99,"6,052 mi",7,$0.1094
PVR,CUL,"2,565",$183.16,325 mi,7,$0.5636
BOG,DBV,"2,563",$699.23,"6,305 mi",7,$0.1109
CCS,MUC,"2,562",$354.66,"5,003 mi",7,$0.0709
GIG,HEL,"2,561",$916.13,"6,677 mi",7,$0.1372
GIG,PET,"2,560",$209.58,805 mi,7,$0.2603
HAV,FLR,"2,560",$346.46,"5,146 mi",7,$0.0673
MEX,NCL,"2,560",$770.91,"5,570 mi",7,$0.1384
GDL,SLP,"2,559",$161.29,200 mi,7,$0.8065
BGI,GCM,"2,558",$366.02,"1,467 mi",7,$0.2495
GDL,TUS,"2,555",$295.96,901 mi,7,$0.3285
MBJ,SHV,"2,553",$285.59,"1,421 mi",7,$0.2010
MTY,MLI,"2,551",$315.74,"1,177 mi",7,$0.2683
MDE,AUC,"2,551",$96.07,338 mi,7,$0.2842
CCS,GIG,"2,550",$829.23,"2,897 mi",7,$0.2862
CUN,MBJ,"2,550",$457.37,590 mi,7,$0.7752
GRU,SZX,"2,549","$1,782.03","11,517 mi",7,$0.1547
SJD,BFL,"2,549",$229.42,"1,048 mi",7,$0.2189
MEX,AXM,"2,548",$240.54,"1,824 mi",7,$0.1319
MDE,SLC,"2,543",$467.99,"3,385 mi",7,$0.1383
TQO,SAN,"2,543",$265.27,"2,073 mi",7,$0.1280
BSB,DXB,"2,542","$1,710.74","7,268 mi",7,$0.2354
LIM,CGK,"2,541","$1,727.76","10,821 mi",7,$0.1597
LIM,VKO,"2,538","$1,841.63","7,612 mi",7,$0.2419
TQO,SEA,"2,537",$271.45,"2,782 mi",7,$0.0976
HAV,HOG,"2,536",$87.51,406 mi,7,$0.2155
SCL,GPS,"2,536",$352.27,"2,681 mi",7,$0.1314
GIG,BGO,"2,536","$1,462.65","6,543 mi",7,$0.2235
MTY,MFE,"2,534",$265.26,115 mi,7,$2.3066
PTY,ONT,"2,534",$350.59,"2,884 mi",7,$0.1216
SCL,YOW,"2,534",$712.33,"5,284 mi",7,$0.1348
KIN,SVD,"2,532",$381.41,"1,121 mi",7,$0.3402
GRU,LPA,"2,530",$773.74,"4,232 mi",7,$0.1828
BGI,BZE,"2,529",$406.50,"2,001 mi",7,$0.2031
GRU,SAP,"2,529",$650.18,"3,764 mi",7,$0.1727
GDL,MXP,"2,527",$622.40,"6,385 mi",7,$0.0975
MBJ,SJU,"2,526",$308.77,757 mi,7,$0.4079
MEX,DOH,"2,525","$1,000.88","8,510 mi",7,$0.1176
CCS,SMR,"2,524",$283.84,478 mi,7,$0.5938
HAV,YUL,"2,524",$520.39,"1,579 mi",7,$0.3296
BGI,TAB,"2,522",$143.45,156 mi,7,$0.9196
CUN,ZCL,"2,522",$132.35,"1,052 mi",7,$0.1258
SJD,SHV,"2,521",$253.25,"1,197 mi",7,$0.2116
SJO,BJX,"2,519",$246.05,"1,335 mi",7,$0.1843
SJO,ELP,"2,516",$356.02,"2,007 mi",7,$0.1774
GRU,SNA,"2,514","$1,545.67","5,943 mi",7,$0.2601
GIG,POS,"2,514","$1,015.47","2,691 mi",7,$0.3774
GDL,SAP,"2,510",$347.14,"1,101 mi",7,$0.3153
BOG,MPL,"2,510",$668.24,"5,238 mi",7,$0.1276
PVR,YQU,"2,510",$244.46,"2,562 mi",7,$0.0954
SCL,SMF,"2,509",$949.13,"6,128 mi",7,$0.1549
POS,YYC,"2,509",$658.38,"3,944 mi",7,$0.1669
GRU,TUS,"2,506","$1,077.71","5,900 mi",7,$0.1827
GRU,IQT,"2,506",$376.04,"2,314 mi",7,$0.1625
MDE,MAO,"2,504",$203.58,"1,200 mi",7,$0.1697
MBJ,VRN,"2,500",$347.86,"5,417 mi",7,$0.0642
CUN,TRI,"2,498",$315.39,"1,133 mi",7,$0.2784
HAV,PHL,"2,498",$261.16,"1,202 mi",7,$0.2173
HAV,MAF,"2,497",$166.69,"1,400 mi",7,$0.1191
SJD,CRP,"2,497",$303.66,801 mi,7,$0.3791
BOG,ARI,"2,496",$364.96,"1,566 mi",7,$0.2331
UIO,PIT,"2,496",$451.51,"2,893 mi",7,$0.1561
GDL,OKC,"2,496",$270.53,"1,051 mi",7,$0.2574
SCL,BHI,"2,495",$236.69,588 mi,7,$0.4025
VCP,RBR,"2,495",$203.29,"1,595 mi",7,$0.1275
MTY,YYC,"2,494",$356.27,"1,955 mi",7,$0.1822
MDE,ICN,"2,493",$722.40,"9,381 mi",7,$0.0770
GDL,ANC,"2,492",$468.71,"3,695 mi",7,$0.1268
SJO,BOC,"2,492",$116.92,137 mi,7,$0.8534
SJO,DXB,"2,490","$1,072.58","8,521 mi",7,$0.1259
BGI,FDF,"2,488",$152.15,150 mi,7,$1.0143
BOG,BOM,"2,487",$892.92,"9,365 mi",7,$0.0953
GIG,CPC,"2,486",$234.60,"2,078 mi",7,$0.1129
PTY,SMF,"2,486",$477.52,"3,414 mi",7,$0.1399
SJD,MAF,"2,485",$267.56,739 mi,7,$0.3621
PTY,ARN,"2,485",$643.90,"6,108 mi",7,$0.1054
GRU,MKE,"2,484","$1,045.08","5,130 mi",7,$0.2037
CUN,AYT,"2,482",$531.38,"6,941 mi",7,$0.0766
GIG,ARU,"2,481",$145.49,460 mi,7,$0.3163
KIN,PHX,"2,481",$307.75,"2,497 mi",7,$0.1232
BSB,ORD,"2,480",$583.27,"4,597 mi",7,$0.1269
CLO,XPL,"2,479",$238.50,"1,043 mi",7,$0.2287
REC,IPN,"2,476",$308.59,961 mi,7,$0.3211
HAV,CAI,"2,475",$480.00,"6,515 mi",7,$0.0737
GRU,HKT,"2,474","$1,082.53","10,173 mi",7,$0.1064
GRU,ICT,"2,473","$1,358.48","5,201 mi",7,$0.2612
MEX,CGK,"2,469","$1,626.43","10,165 mi",7,$0.1600
GDL,CME,"2,467",$132.49,783 mi,7,$0.1692
GRU,NQN,"2,467",$307.01,"1,713 mi",7,$0.1792
HAV,MSY,"2,467",$201.54,706 mi,7,$0.2855
LIM,NCL,"2,467",$654.76,"6,145 mi",7,$0.1066
REC,PDP,"2,466",$188.40,"2,313 mi",7,$0.0815
MDE,GEO,"2,463",$428.09,"1,214 mi",7,$0.3526
AUA,YYC,"2,463",$359.03,"3,733 mi",7,$0.0962
MTY,CWB,"2,463",$720.73,"4,762 mi",7,$0.1514
VCP,BRA,"2,463",$351.71,791 mi,7,$0.4446
LIM,AKL,"2,462","$1,130.92","6,483 mi",7,$0.1744
TIJ,ZLO,"2,458",$144.24,"1,239 mi",7,$0.1164
AUA,GIG,"2,456",$440.64,"3,130 mi",7,$0.1408
MEX,PSP,"2,455",$355.93,"1,505 mi",7,$0.2365
BGI,FLL,"2,454",$270.71,"1,661 mi",7,$0.1630
KIN,DEN,"2,452",$362.24,"2,316 mi",7,$0.1564
GRU,BHI,"2,451",$293.58,"1,444 mi",7,$0.2033
MEX,TFU,"2,451",$497.81,"8,400 mi",7,$0.0593
PVR,ELP,"2,450",$218.47,749 mi,7,$0.2917
SJD,HRL,"2,447",$279.31,762 mi,7,$0.3665
BGI,MEX,"2,445",$671.56,"2,576 mi",7,$0.2607
GIG,ARI,"2,445",$180.16,"1,723 mi",7,$0.1046
MTY,DAY,"2,445",$434.34,"1,378 mi",7,$0.3152
CLO,HAV,"2,444",$196.48,"1,361 mi",7,$0.1444
CUN,MOB,"2,444",$364.90,692 mi,7,$0.5273
AUA,BCN,"2,443",$637.28,"4,867 mi",7,$0.1309
SCL,IOS,"2,441",$307.11,"2,434 mi",7,$0.1262
BOG,CHS,"2,440",$555.15,"2,045 mi",7,$0.2715
SDQ,ALC,"2,439",$257.02,"4,190 mi",7,$0.0613
BGI,SAN,"2,438",$643.27,"3,748 mi",7,$0.1716
MTY,FLL,"2,436",$400.25,"1,202 mi",7,$0.3330
TQO,SAT,"2,435",$203.24,964 mi,7,$0.2108
MEX,DAB,"2,434",$596.40,"1,355 mi",7,$0.4401
MEX,GEO,"2,434",$648.68,"2,966 mi",7,$0.2187
GIG,BBA,"2,432",$345.46,"2,185 mi",7,$0.1581
HAV,BOD,"2,431",$374.25,"4,861 mi",7,$0.0770
BOG,TRU,"2,430",$258.13,919 mi,7,$0.2809
HAV,CTG,"2,430",$225.33,950 mi,7,$0.2372
CCS,BRU,"2,429",$359.91,"4,991 mi",7,$0.0721
MTY,SHV,"2,425",$302.19,614 mi,7,$0.4922
HAV,CAP,"2,425",$413.56,673 mi,7,$0.6145
SCL,JAX,"2,422","$1,101.42","4,605 mi",7,$0.2392
BOG,SAV,"2,419",$257.01,"1,891 mi",7,$0.1359
LIM,NGO,"2,419",$643.27,"10,086 mi",7,$0.0638
MBJ,VIE,"2,419",$651.89,"5,311 mi",7,$0.1227
TQO,ONT,"2,419",$172.82,"2,127 mi",7,$0.0813
LIM,IPC,"2,418",$706.54,"2,268 mi",7,$0.3115
HAV,ARN,"2,418",$395.71,"5,047 mi",7,$0.0784
MDE,IND,"2,418",$342.43,"2,487 mi",7,$0.1377
CCS,CDG,"2,417",$558.20,"4,600 mi",7,$0.1213
SJD,MLI,"2,417",$309.65,"1,732 mi",7,$0.1788
SJO,TQO,"2,417",$102.64,718 mi,7,$0.1430
MEX,BTR,"2,416",$453.20,885 mi,7,$0.5121
GRU,TIA,"2,415",$851.80,"5,975 mi",7,$0.1426
MTY,TUL,"2,415",$317.55,785 mi,7,$0.4045
HAV,SJD,"2,408",$209.45,"1,682 mi",7,$0.1245
HAV,TFS,"2,408",$376.83,"4,193 mi",7,$0.0899
SJD,ALB,"2,408",$350.21,"2,530 mi",7,$0.1384
SCL,IMP,"2,407",$460.59,"2,366 mi",7,$0.1947
KIN,YOW,"2,405",$227.65,"1,836 mi",7,$0.1240
PTY,RCH,"2,404",$176.34,457 mi,7,$0.3859
HAV,OSL,"2,403",$541.62,"4,818 mi",7,$0.1124
EZE,HAJ,"2,401","$1,150.14","7,070 mi",7,$0.1627
HAV,BLB,"2,400",$175.01,"1,020 mi",7,$0.1716
BSB,YUL,"2,399",$709.55,"4,672 mi",7,$0.1519
BGI,BER,"2,399",$572.51,"4,646 mi",7,$0.1232
CLO,EJA,"2,398",$94.76,290 mi,7,$0.3268
EZE,MAH,"2,397","$1,059.33","6,329 mi",7,$0.1674
GRU,TUL,"2,397",$963.28,"5,074 mi",7,$0.1898
CLO,COG,"2,396",$63.11,105 mi,7,$0.6010
PTY,OPO,"2,396",$465.02,"4,662 mi",7,$0.0997
SXM,CAP,"2,396",$326.40,587 mi,7,$0.5560
PTY,SAV,"2,395",$428.71,"1,549 mi",7,$0.2768
REC,IZA,"2,395",$138.70,"1,044 mi",7,$0.1329
GDL,GSP,"2,394",$338.89,"1,573 mi",7,$0.2154
SCL,NQN,"2,392",$216.83,423 mi,7,$0.5126
BOG,OTP,"2,391",$793.25,"6,296 mi",7,$0.1260
SDQ,VGO,"2,389",$304.48,"4,017 mi",7,$0.0758
GIG,DME,"2,388","$1,674.05","7,387 mi",7,$0.2266
TQO,STL,"2,388",$224.67,"1,333 mi",7,$0.1685
PTY,VGO,"2,387",$631.25,"4,960 mi",7,$0.1273
SXM,MCI,"2,387",$402.22,"2,465 mi",7,$0.1632
SXM,FCO,"2,387",$859.08,"4,511 mi",7,$0.1904
MEX,QYG,"2,385","$1,386.65","6,156 mi",7,$0.2253
UIO,SYD,"2,383","$1,348.23","8,209 mi",7,$0.1642
EZE,CGH,"2,382",$181.96,"1,020 mi",7,$0.1784
EZE,GPS,"2,382",$433.51,"3,039 mi",7,$0.1426
MTY,BIO,"2,382",$589.53,"5,517 mi",7,$0.1069
PVR,YWH,"2,382",$233.93,"2,229 mi",7,$0.1049
CUN,BMI,"2,381",$265.61,"1,308 mi",7,$0.2031
TQO,IND,"2,381",$195.95,"1,394 mi",7,$0.1406
CCS,LGW,"2,381",$657.21,"4,510 mi",7,$0.1457
AUA,TYS,"2,379",$438.66,"1,776 mi",7,$0.2470
CCS,MNL,"2,377",$902.29,"10,298 mi",7,$0.0876
MTY,MAM,"2,374",$195.02,166 mi,7,$1.1748
MEX,SDU,"2,373",$472.37,"4,629 mi",7,$0.1020
MEX,MTR,"2,373",$297.86,"1,666 mi",7,$0.1788
CCS,GVA,"2,371",$809.79,"5,032 mi",6,$0.1609
BSB,IPN,"2,370",$210.63,448 mi,6,$0.4702
SCL,EAS,"2,370",$833.52,"6,649 mi",6,$0.1254
VCP,JFK,"2,369",$612.71,"4,577 mi",6,$0.1339
MEX,TVC,"2,368",$468.73,"1,855 mi",6,$0.2527
MDE,ATH,"2,364",$673.88,"6,268 mi",6,$0.1075
LIM,OMA,"2,364",$543.36,"3,990 mi",6,$0.1362
PVR,RIC,"2,363",$304.30,"2,096 mi",6,$0.1452
BSB,JNB,"2,362",$911.98,"4,753 mi",6,$0.1919
POS,YVR,"2,362",$502.96,"4,537 mi",6,$0.1109
MDE,HAM,"2,361",$446.98,"5,517 mi",6,$0.0810
MEX,MFE,"2,359",$394.98,455 mi,6,$0.8681
BGI,SEA,"2,358",$756.84,"4,421 mi",6,$0.1712
CUN,ALC,"2,358",$219.14,"4,984 mi",6,$0.0440
MDE,CUE,"2,357",$251.97,692 mi,6,$0.3641
SJO,FLN,"2,356",$330.97,"3,424 mi",6,$0.0967
GIG,BNA,"2,355","$1,001.54","4,813 mi",6,$0.2081
MEX,TFN,"2,355",$796.97,"5,007 mi",6,$0.1592
GRU,RIC,"2,354","$1,026.26","4,803 mi",6,$0.2137
SCL,VKO,"2,352","$1,579.47","9,030 mi",6,$0.1749
MEX,CPO,"2,351",$715.99,"3,853 mi",6,$0.1858
POS,PLS,"2,351",$370.93,"1,090 mi",6,$0.3403
SJO,POA,"2,349",$408.68,"3,635 mi",6,$0.1124
SJO,ZYR,"2,349",$668.01,"5,458 mi",6,$0.1224
EZE,KRK,"2,348",$956.95,"7,328 mi",6,$0.1306
MDE,SJD,"2,348",$352.65,"2,641 mi",6,$0.1335
TIJ,CZM,"2,347",$77.45,"1,963 mi",6,$0.0395
GIG,MLA,"2,345",$796.13,"5,369 mi",6,$0.1483
GRU,GEO,"2,344",$778.54,"2,282 mi",6,$0.3412
MEX,MSO,"2,344",$304.45,"2,141 mi",6,$0.1422
GDL,LIT,"2,343",$292.30,"1,155 mi",6,$0.2531
EZE,MAO,"2,342",$287.78,"2,264 mi",6,$0.1271
LIM,RIC,"2,342",$497.38,"3,319 mi",6,$0.1499
CLO,CUZ,"2,341",$209.46,"1,256 mi",6,$0.1668
BOG,SCY,"2,340",$179.25,"1,102 mi",6,$0.1627
BOG,ORF,"2,339",$285.45,"2,295 mi",6,$0.1244
PVR,BDL,"2,338",$286.92,"2,467 mi",6,$0.1163
PVR,LIT,"2,338",$265.69,"1,291 mi",6,$0.2058
TQO,MSY,"2,337",$212.80,719 mi,6,$0.2960
TIJ,PHL,"2,337",$248.18,"2,430 mi",6,$0.1021
SCL,OOL,"2,336","$1,022.75","7,507 mi",6,$0.1362
MEX,LSC,"2,334",$589.67,"3,766 mi",6,$0.1566
EZE,DSS,"2,334",$642.01,"4,499 mi",6,$0.1427
GDL,GRR,"2,334",$385.46,"1,913 mi",6,$0.2015
SDQ,POP,"2,334",$28.70,106 mi,6,$0.2708
CUN,YQY,"2,333",$201.82,"2,370 mi",6,$0.0852
MTY,ASE,"2,332",$386.17,978 mi,6,$0.3949
PTY,SDF,"2,329",$281.01,"1,988 mi",6,$0.1414
SDQ,SYR,"2,329",$170.57,"1,798 mi",6,$0.0949
BOG,OAX,"2,328",$250.72,"1,697 mi",6,$0.1477
GRU,JTR,"2,328",$792.14,"6,433 mi",6,$0.1231
AUA,MSN,"2,327",$468.55,"2,482 mi",6,$0.1888
MDE,TFN,"2,326",$415.58,"4,268 mi",6,$0.0974
GRU,YYJ,"2,324",$773.09,"7,067 mi",6,$0.1094
SXM,BER,"2,322",$901.49,"4,816 mi",6,$0.1872
SXM,LGA,"2,320",$504.24,"1,645 mi",6,$0.3065
GRU,GSP,"2,319",$979.42,"4,521 mi",6,$0.2166
BOG,MXL,"2,318",$363.27,"3,374 mi",6,$0.1077
SXM,SDF,"2,316",$470.03,"1,890 mi",6,$0.2487
KIN,MAD,"2,315",$866.77,"4,688 mi",6,$0.1849
BSB,SDQ,"2,314",$551.76,"2,710 mi",6,$0.2036
GDL,BHM,"2,314",$288.54,"1,398 mi",6,$0.2064
MDE,VIE,"2,312",$487.74,"5,813 mi",6,$0.0839
CUN,MGA,"2,311",$328.29,634 mi,6,$0.5178
MEX,HAN,"2,311",$918.75,"8,887 mi",6,$0.1034
EZE,TRU,"2,311",$289.36,"2,193 mi",6,$0.1319
SJD,LEX,"2,310",$301.08,"1,750 mi",6,$0.1720
GRU,BLL,"2,309",$864.91,"6,556 mi",6,$0.1319
HAV,JNB,"2,309","$1,303.24","7,882 mi",6,$0.1653
TIJ,MCO,"2,309",$217.36,"2,196 mi",6,$0.0990
BOG,BHM,"2,307",$434.39,"2,218 mi",6,$0.1958
KIN,SEA,"2,307",$445.27,"3,369 mi",6,$0.1322
LIM,MTR,"2,307",$255.83,"1,400 mi",6,$0.1827
SJD,RAP,"2,305",$269.98,"1,447 mi",6,$0.1866
EZE,PVR,"2,304",$795.93,"4,761 mi",6,$0.1672
HAV,SMR,"2,302",$185.69,952 mi,6,$0.1951
BOG,PNA,"2,302",$496.23,"4,960 mi",6,$0.1000
LIM,GOT,"2,302",$671.62,"6,689 mi",6,$0.1004
PTY,PMI,"2,301",$516.42,"5,240 mi",6,$0.0986
AUA,SMF,"2,299",$717.88,"3,736 mi",6,$0.1922
LIM,TUL,"2,299",$554.60,"3,655 mi",6,$0.1517
PTY,MRS,"2,298",$605.28,"5,684 mi",6,$0.1065
BGI,VIE,"2,295",$885.23,"5,055 mi",6,$0.1751
GRU,GLA,"2,295","$1,013.62","5,828 mi",6,$0.1739
TQO,BWI,"2,294",$203.56,"1,423 mi",6,$0.1430
CUN,CWB,"2,291",$503.57,"3,969 mi",6,$0.1269
SJD,SYD,"2,290","$1,127.79","7,364 mi",6,$0.1531
BOG,HMO,"2,290",$306.25,"3,030 mi",6,$0.1011
MTY,JAX,"2,290",$351.43,"1,202 mi",6,$0.2924
BGI,DEL,"2,289","$1,031.24","8,603 mi",6,$0.1199
GIG,RCH,"2,288",$425.76,"3,201 mi",6,$0.1330
GRU,SZG,"2,286","$1,391.46","5,961 mi",6,$0.2334
SXM,BCN,"2,286",$781.99,"4,250 mi",6,$0.1840
MDE,BDL,"2,285",$242.94,"2,551 mi",6,$0.0952
GIG,YYC,"2,283","$1,086.83","6,859 mi",6,$0.1585
MEX,FAR,"2,282",$333.13,"1,960 mi",6,$0.1700
CUN,BDA,"2,282",$310.03,"1,526 mi",6,$0.2032
LIM,FOR,"2,281",$469.20,"2,779 mi",6,$0.1688
PVR,FCA,"2,280",$264.34,"2,032 mi",6,$0.1301
CUN,BFS,"2,279",$321.52,"4,533 mi",6,$0.0709
BSB,BRC,"2,278",$308.73,"2,163 mi",6,$0.1427
SJO,CUU,"2,278",$228.22,"1,855 mi",6,$0.1230
HAV,DUS,"2,276",$303.76,"5,107 mi",6,$0.0595
HAV,RDU,"2,272",$255.75,889 mi,6,$0.2877
MEX,PMC,"2,271",$736.83,"4,659 mi",6,$0.1582
EZE,BZN,"2,271","$1,649.67","6,268 mi",6,$0.2632
MDE,SYD,"2,270",$928.84,"8,632 mi",6,$0.1076
MEX,ILM,"2,270",$419.68,"1,703 mi",6,$0.2464
MTY,MDT,"2,269",$440.03,"1,721 mi",6,$0.2557
SDQ,BGA,"2,269",$248.79,840 mi,6,$0.2962
GRU,GRZ,"2,268","$1,337.06","6,017 mi",6,$0.2222
AUA,OKC,"2,267",$547.65,"2,407 mi",6,$0.2275
GDL,VIE,"2,265",$572.64,"6,612 mi",6,$0.0866
MEX,RUN,"2,265","$1,195.98","10,462 mi",6,$0.1143
HAV,SAT,"2,264",$157.76,"1,059 mi",6,$0.1490
SDQ,DUS,"2,264",$443.22,"4,790 mi",6,$0.0925
CUN,DEL,"2,262",$728.20,"9,111 mi",6,$0.0799
HAV,PIT,"2,261",$259.79,"1,252 mi",6,$0.2075
BSB,CUR,"2,260",$542.27,"2,342 mi",6,$0.2315
CUN,BKK,"2,260",$767.90,"10,281 mi",6,$0.0747
CUN,RAK,"2,260",$860.58,"4,982 mi",6,$0.1727
GRU,IPN,"2,258",$111.78,364 mi,6,$0.3071
SJD,LFT,"2,257",$321.29,"1,160 mi",6,$0.2770
EZE,BOI,"2,256","$1,818.84","6,322 mi",6,$0.2877
LIM,MEM,"2,256",$447.31,"3,460 mi",6,$0.1293
MEX,ABZ,"2,256",$925.58,"5,186 mi",6,$0.1785
POS,DXB,"2,256","$1,162.55","7,737 mi",6,$0.1503
UIO,SMF,"2,255",$542.44,"3,715 mi",6,$0.1460
GIG,SFN,"2,254",$185.84,"1,202 mi",6,$0.1546
SDQ,HND,"2,254","$1,975.15","7,991 mi",6,$0.2472
HAV,NRT,"2,252","$1,111.27","7,282 mi",6,$0.1526
SCL,RAO,"2,252",$331.20,"1,593 mi",6,$0.2079
PVR,CTM,"2,250",$67.20,"1,144 mi",6,$0.0587
SJD,FWA,"2,250",$283.24,"1,824 mi",6,$0.1553
SXM,ORF,"2,250",$375.68,"1,572 mi",6,$0.2390
BSB,GUA,"2,248",$581.53,"3,482 mi",6,$0.1670
MDE,MSY,"2,247",$322.55,"1,965 mi",6,$0.1641
MTY,PRG,"2,247",$789.45,"6,015 mi",6,$0.1312
PVR,PBI,"2,247",$475.68,"1,593 mi",6,$0.2986
SDQ,MID,"2,245",$365.89,"1,272 mi",6,$0.2876
SXM,YVR,"2,243",$647.00,"3,821 mi",6,$0.1693
HAV,MPM,"2,241",$947.19,"8,637 mi",6,$0.1097
SCL,CBR,"2,240","$1,136.09","6,820 mi",6,$0.1666
MTY,BER,"2,240",$684.00,"5,897 mi",6,$0.1160
SDQ,STL,"2,239",$304.09,"1,930 mi",6,$0.1576
AUA,ILM,"2,239",$654.46,"1,632 mi",6,$0.4010
CLO,MGA,"2,237",$332.76,922 mi,6,$0.3609
PTY,FPO,"2,237",$585.29,"1,173 mi",6,$0.4990
MTY,OMA,"2,236",$345.63,"1,066 mi",6,$0.3242
GRU,OMA,"2,236","$1,569.66","5,314 mi",6,$0.2954
AUA,ZRH,"2,235",$645.89,"5,204 mi",6,$0.1241
LIM,BBA,"2,235",$345.62,"2,292 mi",6,$0.1508
GDL,PIT,"2,235",$306.48,"1,877 mi",6,$0.1633
MEX,VPS,"2,235",$381.16,"1,127 mi",6,$0.3382
PVR,BHM,"2,235",$344.39,"1,397 mi",6,$0.2465
BOG,IPC,"2,234","$1,096.19","3,320 mi",6,$0.3302
SCL,TFN,"2,234",$658.85,"5,398 mi",6,$0.1221
MEX,FCA,"2,231",$482.64,"2,103 mi",6,$0.2295
MEX,OGG,"2,230",$479.07,"3,812 mi",6,$0.1257
POS,SCL,"2,229",$713.13,"3,195 mi",6,$0.2232
MTY,CPE,"2,228",$151.26,715 mi,6,$0.2116
SXM,CVG,"2,228",$654.52,"1,886 mi",6,$0.3470
KIN,SLC,"2,227",$457.01,"2,536 mi",6,$0.1802
SJO,HEL,"2,227",$635.06,"6,067 mi",6,$0.1047
CUN,HKG,"2,226",$922.77,"8,856 mi",6,$0.1042
CUN,BEG,"2,223",$427.42,"5,811 mi",6,$0.0736
LIM,MID,"2,223",$394.07,"2,504 mi",6,$0.1574
SCL,IND,"2,220",$990.61,"5,302 mi",6,$0.1868
HAV,NAP,"2,219",$409.93,"5,690 mi",6,$0.0720
EZE,DOH,"2,219","$1,091.45","8,039 mi",6,$0.1358
GRU,JUL,"2,219",$248.15,"1,587 mi",6,$0.1564
EZE,BOD,"2,218",$881.65,"6,387 mi",6,$0.1380
MBJ,GEO,"2,217",$409.38,"1,608 mi",6,$0.2546
BOG,RUH,"2,215",$967.28,"8,211 mi",6,$0.1178
GRU,NTE,"2,215",$924.41,"5,788 mi",6,$0.1597
MEX,SRQ,"2,215",$417.34,"1,216 mi",6,$0.3432
GRU,EVN,"2,213",$822.19,"7,507 mi",6,$0.1095
CCS,YYZ,"2,212",$622.06,"2,479 mi",6,$0.2509
CLO,POA,"2,212",$341.54,"2,940 mi",6,$0.1162
REC,GVR,"2,211",$195.70,908 mi,6,$0.2155
SJO,STR,"2,209",$436.81,"5,680 mi",6,$0.0769
GRU,CZS,"2,209",$288.46,"2,120 mi",6,$0.1361
UIO,HKG,"2,208","$1,187.34","11,016 mi",6,$0.1078
SJD,ECP,"2,207",$349.66,"1,601 mi",6,$0.2184
BOG,KRK,"2,206",$621.12,"5,959 mi",6,$0.1042
CLO,SAP,"2,206",$413.16,"1,171 mi",6,$0.3528
MEX,LUX,"2,206",$737.23,"6,027 mi",6,$0.1223
GDL,CPE,"2,205",$138.43,857 mi,6,$0.1615
GDL,TPE,"2,204",$918.55,"7,849 mi",6,$0.1170
CUN,AGS,"2,204",$294.47,931 mi,6,$0.3163
MEX,CID,"2,204",$354.10,"1,562 mi",6,$0.2267
BSB,CUC,"2,202",$288.25,"2,282 mi",6,$0.1263
EZE,PEM,"2,201",$274.01,"1,724 mi",6,$0.1589
UIO,AQP,"2,200",$161.71,"1,176 mi",6,$0.1375
EZE,ASE,"2,198",$753.22,"5,794 mi",6,$0.1300
PTY,TUS,"2,198",$392.83,"2,493 mi",6,$0.1576
CUN,MLB,"2,196",$339.80,645 mi,6,$0.5268
EZE,EOH,"2,196",$150.76,"3,137 mi",6,$0.0481
VCP,IPN,"2,196",$152.76,374 mi,6,$0.4084
CUN,ZLO,"2,194",$116.09,"1,189 mi",6,$0.0976
SDQ,DOM,"2,194",$287.60,606 mi,6,$0.4746
SXM,CPH,"2,194",$777.25,"4,503 mi",6,$0.1726
BOG,TFS,"2,193",$532.08,"4,222 mi",6,$0.1260
SJD,SYR,"2,193",$369.23,"2,288 mi",6,$0.1614
MEX,BLL,"2,192",$532.86,"5,612 mi",6,$0.0950
MEX,DAV,"2,192",$351.94,"1,310 mi",6,$0.2687
VCP,MOC,"2,192",$382.37,501 mi,6,$0.7632
BOG,SDF,"2,191",$368.40,"2,352 mi",6,$0.1566
CUN,GFK,"2,190",$371.63,"1,888 mi",6,$0.1968
SXM,GEO,"2,190",$267.34,888 mi,6,$0.3011
EZE,LSC,"2,189",$197.02,836 mi,6,$0.2357
HAV,LPB,"2,189",$307.70,"2,980 mi",6,$0.1033
EZE,KIX,"2,189","$1,188.79","11,303 mi",6,$0.1052
GIG,BOD,"2,189",$794.54,"5,225 mi",6,$0.1521
AUA,BHM,"2,188",$425.28,"1,851 mi",6,$0.2298
SJD,JAC,"2,188",$341.73,"1,456 mi",6,$0.2347
GIG,CGK,"2,188","$1,914.43","9,297 mi",6,$0.2059
GIG,CTA,"2,188",$760.73,"5,797 mi",6,$0.1312
GRU,BDS,"2,185","$1,043.83","6,236 mi",6,$0.1674
GRU,SJD,"2,182",$902.01,"5,486 mi",6,$0.1644
GRU,BRE,"2,180","$1,154.16","6,419 mi",6,$0.1798
CUN,SBA,"2,179",$321.59,"2,271 mi",6,$0.1416
MTY,TUS,"2,179",$353.48,763 mi,6,$0.4633
UIO,ICN,"2,179","$1,317.75","9,128 mi",6,$0.1444
BGI,MUC,"2,178",$934.01,"4,548 mi",6,$0.2054
SJD,ELP,"2,178",$238.61,650 mi,6,$0.3671
LIM,REC,"2,177",$451.29,"2,794 mi",6,$0.1615
KIN,CDG,"2,177",$618.05,"4,667 mi",6,$0.1324
MTY,HSV,"2,176",$351.31,"1,032 mi",6,$0.3404
SCL,MOC,"2,176",$273.16,"1,972 mi",6,$0.1385
LIM,BEL,"2,174",$605.34,"2,158 mi",6,$0.2805
GRU,ORF,"2,173",$979.17,"4,734 mi",6,$0.2068
SCL,PVH,"2,172",$400.35,"1,814 mi",6,$0.2207
GRU,VNO,"2,171",$911.59,"7,051 mi",6,$0.1293
POS,IAD,"2,171",$442.14,"2,130 mi",6,$0.2076
VRA,CDG,"2,171",$243.87,"4,909 mi",6,$0.0497
EZE,PLS,"2,171","$1,147.63","4,133 mi",6,$0.2777
MDE,ARN,"2,171",$516.50,"6,146 mi",6,$0.0840
HAV,PDX,"2,170",$181.49,"2,650 mi",6,$0.0685
MEX,MPL,"2,167",$735.29,"5,742 mi",6,$0.1281
GRU,TRS,"2,167",$740.37,"6,261 mi",6,$0.1183
MEX,LOS,"2,166",$961.52,"6,660 mi",6,$0.1444
AUA,GSP,"2,164",$354.63,"1,778 mi",6,$0.1995
MEX,TLH,"2,162",$377.99,"1,227 mi",6,$0.3081
BOG,PBC,"2,161",$218.71,"1,856 mi",6,$0.1178
MTY,SNA,"2,160",$363.04,"1,159 mi",6,$0.3132
SXM,SLC,"2,158",$584.59,"3,182 mi",6,$0.1837
LIM,NAS,"2,158",$505.36,"2,638 mi",6,$0.1916
SXM,SAN,"2,158",$604.99,"3,381 mi",6,$0.1789
BGI,ZRH,"2,157",$910.60,"4,669 mi",6,$0.1950
MDE,CPH,"2,157",$613.26,"5,618 mi",6,$0.1092
SJD,SGU,"2,156",$211.58,960 mi,6,$0.2204
SCL,LPA,"2,153",$634.19,"5,411 mi",6,$0.1172
MDE,PDX,"2,150",$472.76,"3,797 mi",6,$0.1245
UIO,NRT,"2,150","$1,608.92","8,669 mi",6,$0.1856
BOG,BDL,"2,150",$501.05,"2,651 mi",6,$0.1890
GDL,HNL,"2,148",$313.10,"3,401 mi",6,$0.0921
GRU,ZOS,"2,148",$306.92,"2,003 mi",6,$0.1532
MBJ,BDA,"2,148",$463.95,"1,224 mi",6,$0.3790
KIN,MSY,"2,147",$362.54,"1,224 mi",6,$0.2962
SCL,TPE,"2,146","$1,425.40","11,168 mi",6,$0.1276
CUN,CAK,"2,145",$265.47,"1,452 mi",6,$0.1828
LIM,BLL,"2,145",$689.55,"6,962 mi",6,$0.0990
LIM,YWG,"2,145",$384.18,"4,584 mi",6,$0.0838
GIG,IBZ,"2,144",$967.97,"4,992 mi",6,$0.1939
MTY,BUF,"2,140",$380.42,"1,640 mi",6,$0.2320
AUA,LIN,"2,139",$678.24,"4,936 mi",6,$0.1374
MEX,EUG,"2,137",$321.39,"2,267 mi",6,$0.1418
BOG,LAP,"2,137",$304.29,"2,837 mi",6,$0.1073
EZE,NUE,"2,137","$1,258.07","7,428 mi",6,$0.1694
EZE,RUH,"2,135","$1,451.95","7,766 mi",6,$0.1870
CUN,ANF,"2,133",$310.11,"3,364 mi",6,$0.0922
LIM,ABQ,"2,129",$584.33,"3,668 mi",6,$0.1593
SJD,AMA,"2,128",$663.56,934 mi,6,$0.7104
BSB,CLO,"2,127",$311.16,"2,434 mi",6,$0.1278
MEX,DBV,"2,127",$806.62,"6,788 mi",6,$0.1188
SJO,NTE,"2,127",$576.77,"5,205 mi",6,$0.1108
BSB,ADZ,"2,125",$305.11,"2,942 mi",6,$0.1037
LIM,CHS,"2,124",$650.44,"3,203 mi",6,$0.2031
CUN,RIX,"2,123",$374.72,"5,916 mi",6,$0.0633
UIO,LPA,"2,122",$438.52,"4,725 mi",6,$0.0928
PTY,PNS,"2,122",$290.63,"1,609 mi",6,$0.1806
PTY,RMO,"2,122",$794.63,"6,404 mi",6,$0.1241
MBJ,SJO,"2,120",$454.72,701 mi,6,$0.6487
SCL,ZAG,"2,120",$839.08,"7,916 mi",6,$0.1060
SCL,CVG,"2,118","$1,064.56","4,931 mi",6,$0.2159
SCL,MPN,"2,117",$392.67,"1,457 mi",6,$0.2695
GDL,UIO,"2,117",$466.46,"2,275 mi",6,$0.2050
AUA,MXP,"2,116",$636.15,"5,213 mi",6,$0.1220
MEX,ADZ,"2,116",$284.94,"1,282 mi",6,$0.2223
BOG,TUL,"2,116",$397.57,"2,654 mi",6,$0.1498
LIM,NUE,"2,116",$773.84,"6,564 mi",6,$0.1179
MEX,BHX,"2,116",$535.21,"5,295 mi",6,$0.1011
SJD,BUR,"2,116",$188.92,953 mi,6,$0.1982
GIG,GLA,"2,115","$1,031.37","6,070 mi",6,$0.1699
PTY,DUS,"2,114",$513.15,"5,731 mi",6,$0.0895
BOG,CBB,"2,112",$271.42,"1,573 mi",6,$0.1725
BOG,ZAG,"2,112",$645.32,"5,816 mi",6,$0.1110
REC,VDC,"2,109",$205.64,601 mi,6,$0.3422
CUN,SXM,"2,106",$440.25,"1,607 mi",6,$0.2740
TQO,MCI,"2,104",$202.43,"1,428 mi",6,$0.1418
SDQ,MEM,"2,103",$356.16,"1,642 mi",6,$0.2169
GIG,PBM,"2,102",$695.01,"2,176 mi",6,$0.3194
GRU,RIX,"2,102",$808.58,"7,083 mi",6,$0.1142
MBJ,MUC,"2,102",$305.56,"5,415 mi",6,$0.0564
MEX,PKX,"2,102",$562.44,"7,997 mi",6,$0.0703
MDE,NLU,"2,101",$140.71,"1,896 mi",6,$0.0742
SDQ,NRT,"2,100","$1,237.26","8,453 mi",6,$0.1464
MEX,TLL,"2,099",$490.33,"5,960 mi",6,$0.0823
MEX,VRN,"2,098",$755.09,"5,990 mi",6,$0.1261
SXM,LIS,"2,097",$896.18,"3,626 mi",6,$0.2472
BGI,CMH,"2,096",$324.11,"2,271 mi",6,$0.1427
GIG,SVQ,"2,095",$815.16,"4,963 mi",6,$0.1642
GRU,TYS,"2,094","$1,036.21","4,628 mi",6,$0.2239
BOG,MZT,"2,092",$236.79,"2,567 mi",6,$0.0922
GIG,PDX,"2,092","$1,327.26","6,640 mi",6,$0.1999
LIM,PVR,"2,092",$401.55,"2,870 mi",6,$0.1399
PTY,BOI,"2,091",$394.58,"3,349 mi",6,$0.1178
BOG,TUS,"2,090",$358.32,"3,130 mi",6,$0.1145
VCP,BCN,"2,089",$412.87,"5,609 mi",6,$0.0736
SJD,YQR,"2,089",$251.19,"1,847 mi",6,$0.1360
GRU,LCA,"2,088",$972.86,"6,804 mi",6,$0.1430
CUN,ORN,"2,087",$403.35,"5,338 mi",6,$0.0756
PTY,OMA,"2,087",$385.65,"2,518 mi",6,$0.1532
MTY,LEX,"2,086",$410.83,"1,276 mi",6,$0.3220
EZE,BLR,"2,086","$1,365.46","9,050 mi",6,$0.1509
MEX,SXM,"2,085",$572.04,"2,422 mi",6,$0.2362
SJO,SIN,"2,085","$1,990.12","11,814 mi",6,$0.1685
CUN,CWA,"2,085",$255.03,"1,697 mi",6,$0.1503
LIM,XRY,"2,085",$841.06,"5,532 mi",6,$0.1520
SXM,MRS,"2,085",$824.82,"4,161 mi",6,$0.1982
GDL,ABQ,"2,084",$269.50,992 mi,6,$0.2717
MEX,LJU,"2,084",$712.55,"6,109 mi",6,$0.1166
LIM,YYJ,"2,083",$392.16,"4,901 mi",6,$0.0800
BOG,TYS,"2,082",$426.16,"2,306 mi",6,$0.1848
MEX,BIQ,"2,080",$794.70,"5,836 mi",6,$0.1362
SCL,MGA,"2,080",$642.94,"3,404 mi",6,$0.1889
EZE,CPO,"2,079",$207.80,865 mi,6,$0.2402
MEX,TUN,"2,079",$611.50,"6,223 mi",6,$0.0983
GIG,IGR,"2,078",$203.38,713 mi,6,$0.2852
PTY,BDL,"2,077",$397.15,"2,238 mi",6,$0.1775
MEX,MOB,"2,075",$423.78,"1,061 mi",6,$0.3994
MTY,BAQ,"2,075",$345.81,"1,889 mi",6,$0.1831
PTY,JNB,"2,075","$1,207.97","7,810 mi",6,$0.1547
GDL,ATW,"2,074",$481.38,"1,792 mi",6,$0.2686
EZE,SUF,"2,072",$781.73,"7,188 mi",6,$0.1088
EZE,AQP,"2,072",$359.65,"1,555 mi",6,$0.2313
GRU,XPL,"2,070",$510.70,"3,704 mi",6,$0.1379
MTY,DUB,"2,070",$680.00,"5,106 mi",6,$0.1332
CUN,MTT,"2,069",$127.62,525 mi,6,$0.2431
PTY,NCE,"2,069",$869.60,"5,448 mi",6,$0.1596
GRU,SAV,"2,068","$1,209.62","4,605 mi",6,$0.2627
PTY,ILM,"2,068",$669.87,"1,796 mi",6,$0.3730
MTY,HKG,"2,067",$978.73,"8,660 mi",6,$0.1130
LIM,ITM,"2,063",$841.75,"10,158 mi",6,$0.0829
SXM,ZRH,"2,063","$1,191.33","4,590 mi",6,$0.2595
VCP,BOS,"2,062",$713.25,"4,623 mi",6,$0.1543
GRU,BHX,"2,061","$1,004.81","6,070 mi",6,$0.1655
LIM,OKC,"2,059",$448.66,"3,645 mi",6,$0.1231
MEX,VKO,"2,058","$1,183.25","6,858 mi",6,$0.1725
SDQ,GRR,"2,057",$354.69,"1,985 mi",6,$0.1787
VCP,FRA,"2,057",$723.38,"5,902 mi",6,$0.1226
SCL,CHC,"2,056",$948.01,"5,621 mi",6,$0.1687
GDL,MGA,"2,056",$406.53,"1,312 mi",6,$0.3099
CUN,GNV,"2,053",$371.71,643 mi,6,$0.5781
BSB,VIE,"2,053",$940.98,"5,751 mi",6,$0.1636
SJO,PEK,"2,052","$1,358.86","8,468 mi",6,$0.1605
HAV,DXB,"2,052",$983.03,"7,823 mi",6,$0.1257
KIN,BNA,"2,052",$231.26,"1,352 mi",6,$0.1711
CLO,BER,"2,051",$497.63,"5,838 mi",6,$0.0852
CUN,PMO,"2,049",$404.98,"6,017 mi",6,$0.0673
MEX,VNO,"2,047",$512.20,"6,554 mi",6,$0.0782
GDL,MZT,"2,046",$162.61,271 mi,6,$0.6000
HAV,ALC,"2,045",$197.57,"4,971 mi",6,$0.0397
UIO,LGW,"2,045",$402.51,"5,543 mi",6,$0.0726
EZE,CTC,"2,041",$110.54,622 mi,6,$0.1777
MEX,CTA,"2,040",$560.72,"6,828 mi",6,$0.0821
SJD,BIS,"2,039",$353.44,"1,656 mi",6,$0.2134
GRU,JUJ,"2,038",$244.63,"1,143 mi",6,$0.2140
LIM,MPL,"2,038",$956.17,"6,542 mi",6,$0.1462
SCL,XNA,"2,037","$1,732.52","4,896 mi",6,$0.3539
BOG,ABQ,"2,036",$341.05,"2,858 mi",6,$0.1193
CUN,MEL,"2,036","$1,224.35","9,437 mi",6,$0.1297
BOG,TGZ,"2,035",$260.58,"1,473 mi",6,$0.1769
EZE,IRJ,"2,034",$119.55,594 mi,6,$0.2013
BGI,ORF,"2,032",$345.93,"1,885 mi",6,$0.1835
BOG,CUL,"2,032",$302.20,"2,687 mi",6,$0.1125
MEX,GNV,"2,032",$458.94,"1,231 mi",6,$0.3728
MEX,HYD,"2,031","$1,648.19","9,600 mi",6,$0.1717
SDQ,MKE,"2,030",$291.07,"1,941 mi",6,$0.1500
MTY,MDW,"2,029",$121.01,"1,350 mi",6,$0.0896
CUN,VGO,"2,029",$327.07,"4,527 mi",6,$0.0722
GIG,ALC,"2,028",$816.27,"5,198 mi",6,$0.1570
BSB,ATM,"2,027",$197.77,948 mi,6,$0.2086
POS,FCO,"2,027",$741.51,"4,741 mi",6,$0.1564
SCL,CLE,"2,027","$1,157.80","5,060 mi",6,$0.2288
GIG,VAR,"2,022",$843.95,"6,215 mi",6,$0.1358
TQO,OMA,"2,022",$206.66,"1,584 mi",6,$0.1305
POS,BCN,"2,022",$814.41,"4,493 mi",6,$0.1813
MBJ,TLH,"2,021",$332.82,888 mi,6,$0.3748
GRU,SDF,"2,021","$1,023.33","4,810 mi",6,$0.2128
TQO,PMI,"2,020",$400.66,"5,201 mi",6,$0.0770
BOG,MEC,"2,020",$247.46,578 mi,6,$0.4281
GRU,POS,"2,019",$749.36,"2,634 mi",6,$0.2845
BOG,BRC,"2,019",$393.40,"3,079 mi",6,$0.1278
KIN,LYB,"2,019",$107.19,254 mi,6,$0.4220
MTY,RIC,"2,019",$341.97,"1,607 mi",6,$0.2128
AUA,DAL,"2,018",$305.25,"2,268 mi",6,$0.1346
GDL,CHS,"2,018",$376.78,"1,716 mi",6,$0.2196
BOG,PNS,"2,017",$318.79,"1,914 mi",6,$0.1666
BOG,STR,"2,017",$462.31,"5,842 mi",6,$0.0791
GRU,LCG,"2,016",$880.26,"5,050 mi",6,$0.1743
SCL,LIH,"2,015","$1,071.76","7,169 mi",6,$0.1495
SDQ,TLV,"2,015",$733.86,"6,546 mi",6,$0.1121
SXM,MAD,"2,012",$876.26,"3,944 mi",6,$0.2222
UIO,CPH,"2,012",$632.58,"6,452 mi",6,$0.0980
GDL,BER,"2,011",$523.84,"6,324 mi",6,$0.0828
BGI,CVG,"2,010",$406.52,"2,291 mi",6,$0.1774
GRU,ORK,"2,007",$817.03,"5,514 mi",5,$0.1482
BOG,GPI,"2,007",$186.09,307 mi,5,$0.6062
BOG,RIC,"2,006",$313.03,"2,343 mi",5,$0.1336
EZE,CHS,"2,006","$1,116.60","5,028 mi",5,$0.2221
CCS,ASU,"2,004",$736.17,"2,480 mi",5,$0.2968
HAV,CLE,"2,004",$266.93,"1,311 mi",5,$0.2036
SCL,YWG,"2,003",$597.76,"5,800 mi",5,$0.1031
GRU,PLZ,"2,002","$1,084.73","4,472 mi",5,$0.2426
BGI,MBJ,"2,001",$413.10,"1,242 mi",5,$0.3326
TIJ,TFU,"2,000",$566.29,"7,538 mi",5,$0.0751
CLO,BLQ,"2,000",$543.79,"6,110 mi",5,$0.0890
SDQ,SVQ,"1,998",$410.86,"3,909 mi",5,$0.1051
SXM,GRR,"1,998",$439.06,"2,225 mi",5,$0.1973
SJO,BKK,"1,997","$1,049.14","10,442 mi",5,$0.1005
BGI,BDA,"1,996",$820.92,"1,413 mi",5,$0.5810
CCS,LCG,"1,996",$391.33,"4,276 mi",5,$0.0915
EZE,BJX,"1,995",$958.58,"4,918 mi",5,$0.1949
PVR,COS,"1,994",$242.74,"1,215 mi",5,$0.1998
EZE,SJC,"1,994","$1,023.56","6,626 mi",5,$0.1545
EZE,CWB,"1,992",$244.02,824 mi,5,$0.2961
GIG,QYG,"1,992",$473.90,"6,456 mi",5,$0.0734
LIM,MKE,"1,992",$594.12,"3,743 mi",5,$0.1587
SJD,ASE,"1,992",$489.82,"1,157 mi",5,$0.4234
UIO,STL,"1,991",$426.03,"2,876 mi",5,$0.1481
POS,MAD,"1,990",$957.38,"4,184 mi",5,$0.2288
SCL,EOH,"1,990",$218.93,"2,672 mi",5,$0.0819
PVR,PXM,"1,988",$112.27,649 mi,5,$0.1730
SDQ,SAV,"1,987",$384.19,"1,152 mi",5,$0.3335
EZE,TFS,"1,986",$840.21,"5,289 mi",5,$0.1589
EZE,VER,"1,983","$1,111.17","4,339 mi",5,$0.2561
GDL,PBI,"1,972",$378.26,"1,574 mi",5,$0.2403
CLO,CWB,"1,972",$517.46,"2,793 mi",5,$0.1853
PTY,MEM,"1,971",$446.05,"1,972 mi",5,$0.2262
PVR,SGF,"1,971",$275.01,"1,308 mi",5,$0.2103
EZE,STR,"1,970",$845.87,"7,325 mi",5,$0.1155
HAV,PBC,"1,968",$222.04,"1,030 mi",5,$0.2156
BSB,MUC,"1,967",$861.21,"5,922 mi",5,$0.1454
SXM,MAN,"1,966",$996.79,"4,151 mi",5,$0.2401
TIJ,CPE,"1,965",$154.02,"1,798 mi",5,$0.0857
GRU,LPI,"1,965","$1,071.49","6,466 mi",5,$0.1657
LIM,BUF,"1,962",$791.81,"3,913 mi",5,$0.2024
REC,ATL,"1,961",$876.46,"4,210 mi",5,$0.2082
PTY,LGW,"1,961",$471.94,"5,105 mi",5,$0.0924
SJO,LFT,"1,960",$325.38,"1,529 mi",5,$0.2128
BOG,SNA,"1,960",$620.27,"3,341 mi",5,$0.1857
CUN,SIN,"1,960","$1,381.31","11,045 mi",5,$0.1251
POS,YEG,"1,960",$554.33,"3,990 mi",5,$0.1389
SDQ,SMR,"1,960",$230.27,608 mi,5,$0.3787
SJO,BZN,"1,959",$532.29,"2,852 mi",5,$0.1866
UIO,SAT,"1,959",$523.28,"2,513 mi",5,$0.2082
GRU,MPL,"1,959",$984.18,"5,794 mi",5,$0.1699
BSB,FLL,"1,958",$412.22,"3,509 mi",5,$0.1175
BOG,KIX,"1,957","$1,227.01","9,398 mi",5,$0.1306
MEX,XIY,"1,956",$585.62,"8,538 mi",5,$0.0686
PTY,WAW,"1,956",$769.33,"5,971 mi",5,$0.1288
KIN,DTW,"1,954",$467.82,"1,773 mi",5,$0.2639
KIN,BCN,"1,952",$572.25,"4,984 mi",5,$0.1148
MDE,OPO,"1,952",$366.92,"4,877 mi",5,$0.0752
GRU,GCM,"1,950",$644.73,"3,887 mi",5,$0.1659
BOG,GOT,"1,948",$499.33,"5,986 mi",5,$0.0834
SJO,ILM,"1,948",$658.23,"1,776 mi",5,$0.3706
CUN,BNE,"1,948","$1,042.82","8,405 mi",5,$0.1241
SXM,MUC,"1,947",$888.60,"4,468 mi",5,$0.1989
EZE,SDU,"1,946",$174.19,"1,276 mi",5,$0.1365
SDQ,ORF,"1,945",$250.91,"1,296 mi",5,$0.1936
GDL,DUB,"1,945",$851.23,"5,529 mi",5,$0.1540
PVR,LBB,"1,944",$354.32,949 mi,5,$0.3734
GDL,ATH,"1,942",$501.26,"7,357 mi",5,$0.0681
EZE,MGA,"1,942",$691.78,"3,604 mi",5,$0.1919
SCL,VGO,"1,941","$1,023.40","6,736 mi",5,$0.1519
MBJ,LFT,"1,941",$300.49,"1,233 mi",5,$0.2437
SDQ,DUB,"1,941",$572.48,"4,236 mi",5,$0.1351
BOG,SLP,"1,939",$339.48,"2,097 mi",5,$0.1619
PVR,ORF,"1,939",$330.24,"2,010 mi",5,$0.1643
BGI,MSP,"1,938",$469.03,"3,047 mi",5,$0.1539
BOG,ONT,"1,938",$319.09,"3,339 mi",5,$0.0956
AUA,UIO,"1,938",$174.98,"1,012 mi",5,$0.1729
BSB,PEI,"1,938",$273.03,"2,450 mi",5,$0.1114
GIG,RIX,"1,936","$1,023.02","6,533 mi",5,$0.1566
PTY,DUB,"1,936",$690.90,"5,173 mi",5,$0.1336
EZE,MEM,"1,936",$940.13,"5,393 mi",5,$0.1743
SXM,YYC,"1,935",$452.18,"3,692 mi",5,$0.1225
TQO,MCO,"1,934",$189.54,675 mi,5,$0.2808
GIG,BNE,"1,934","$1,448.14","9,064 mi",5,$0.1598
KIN,DOM,"1,933",$362.66,"1,069 mi",5,$0.3393
BOG,NUE,"1,933",$664.46,"5,930 mi",5,$0.1121
CUN,YQQ,"1,932",$342.24,"2,951 mi",5,$0.1160
MTY,BLQ,"1,932",$753.39,"5,760 mi",5,$0.1308
GRU,GMP,"1,931",$808.41,"11,723 mi",5,$0.0690
BOG,SDU,"1,929",$260.68,"2,745 mi",5,$0.0950
SJD,YQQ,"1,928",$235.54,"2,071 mi",5,$0.1137
GDL,IST,"1,927",$602.40,"7,394 mi",5,$0.0815
CLO,PPN,"1,927",$133.64,75 mi,5,$1.7819
SJO,AVL,"1,924",$428.28,"1,814 mi",5,$0.2361
UIO,MAN,"1,924",$776.00,"5,825 mi",5,$0.1332
SJD,MRY,"1,922",$206.44,"1,211 mi",5,$0.1705
MTY,CHS,"1,920",$318.87,"1,341 mi",5,$0.2378
AUA,DUB,"1,920",$705.79,"4,319 mi",5,$0.1634
CLO,MAH,"1,919",$493.83,"5,396 mi",5,$0.0915
GIG,SPU,"1,919",$937.27,"5,756 mi",5,$0.1628
MTY,LIS,"1,919",$838.76,"5,330 mi",5,$0.1574
SDQ,OPO,"1,919",$291.39,"3,775 mi",5,$0.0772
SJO,SGF,"1,919",$360.42,"2,027 mi",5,$0.1778
PTY,LPA,"1,917",$755.13,"4,212 mi",5,$0.1793
REC,DUB,"1,915",$643.00,"4,434 mi",5,$0.1450
MTY,GYE,"1,914",$335.67,"2,427 mi",5,$0.1383
EZE,MID,"1,913",$930.77,"4,229 mi",5,$0.2201
BSB,GVR,"1,912",$166.38,457 mi,5,$0.3641
CUN,JNB,"1,912",$873.37,"8,606 mi",5,$0.1015
LIM,SJD,"1,912",$346.19,"3,379 mi",5,$0.1025
SJO,CJS,"1,909",$226.68,"2,125 mi",5,$0.1067
SJO,FAT,"1,909",$308.74,"2,798 mi",5,$0.1103
BOG,TLC,"1,908",$106.19,"2,048 mi",5,$0.0519
MDE,CLE,"1,908",$406.69,"2,541 mi",5,$0.1601
SCL,CMH,"1,907",$852.63,"5,283 mi",5,$0.1614
SCL,KNA,"1,905",$64.38,54 mi,5,$1.1922
MBJ,BOI,"1,904",$412.68,"2,729 mi",5,$0.1512
BOG,AGU,"1,902",$370.87,"2,155 mi",5,$0.1721
PTY,SVD,"1,901",$340.05,"1,301 mi",5,$0.2614
CCS,SAL,"1,899",$416.41,"1,458 mi",5,$0.2856
SJO,LIT,"1,897",$394.41,"1,835 mi",5,$0.2149
BGI,MEM,"1,897",$454.21,"2,505 mi",5,$0.1813
EZE,MEC,"1,897",$354.26,"2,823 mi",5,$0.1255
POS,CDG,"1,897",$976.64,"4,356 mi",5,$0.2242
BOG,NQN,"1,896",$472.48,"3,131 mi",5,$0.1509
GRU,SFN,"1,896",$256.59,"1,016 mi",5,$0.2525
SDQ,AEP,"1,896",$470.03,"3,623 mi",5,$0.1297
BGI,AUS,"1,895",$282.28,"2,623 mi",5,$0.1076
BOG,TAP,"1,894",$254.87,"1,465 mi",5,$0.1740
MEX,RCH,"1,894",$403.56,"1,767 mi",5,$0.2284
UIO,CAI,"1,894",$470.55,"7,619 mi",5,$0.0618
BOG,ICT,"1,893",$329.33,"2,628 mi",5,$0.1253
PVR,TAM,"1,892",$96.59,503 mi,5,$0.1920
KIN,SAN,"1,891",$335.25,"2,621 mi",5,$0.1279
GRU,ZAL,"1,891",$428.42,"1,971 mi",5,$0.2174
REC,HAM,"1,889",$492.08,"5,154 mi",5,$0.0955
BGI,FCO,"1,888","$1,014.44","4,822 mi",5,$0.2104
BGI,JNB,"1,887","$1,264.03","6,282 mi",5,$0.2012
KIN,JAX,"1,887",$392.69,949 mi,5,$0.4138
BSB,ARU,"1,887",$172.77,387 mi,5,$0.4464
CLO,DCA,"1,887",$265.69,"2,367 mi",5,$0.1122
EZE,EVN,"1,886",$936.94,"8,580 mi",5,$0.1092
MTY,CNF,"1,886",$813.38,"5,049 mi",5,$0.1611
MTY,LIT,"1,885",$352.50,799 mi,5,$0.4412
GRU,MSN,"1,884","$1,001.09","5,505 mi",5,$0.1819
BOG,ELP,"1,884",$366.58,"2,720 mi",5,$0.1348
MBJ,VPS,"1,883",$279.63,958 mi,5,$0.2919
SJO,RSW,"1,883",$417.80,"1,119 mi",5,$0.3734
BOG,VKO,"1,882","$1,295.46","6,969 mi",5,$0.1859
MEX,DMM,"1,882",$966.46,"8,899 mi",5,$0.1086
PVR,XNA,"1,879",$367.86,"1,226 mi",5,$0.3000
BOG,GSO,"1,877",$538.12,"2,266 mi",5,$0.2375
CLO,ORY,"1,877",$556.17,"5,689 mi",5,$0.0978
CUN,CUR,"1,876",$259.73,"1,293 mi",5,$0.2009
SDQ,NTE,"1,876",$304.84,"4,397 mi",5,$0.0693
PVR,RAP,"1,875",$289.80,"1,668 mi",5,$0.1737
SCL,NTE,"1,874",$695.26,"6,811 mi",5,$0.1021
BOG,HAJ,"1,873",$525.24,"5,872 mi",5,$0.0894
SCL,CBB,"1,872",$343.66,"1,174 mi",5,$0.2927
CUN,BOM,"1,869",$992.18,"9,624 mi",5,$0.1031
TQO,SLC,"1,867",$327.55,"1,957 mi",5,$0.1674
SCL,TRN,"1,866",$721.47,"7,092 mi",5,$0.1017
LIM,RCH,"1,866",$260.11,"1,602 mi",5,$0.1624
SCL,CAC,"1,865",$385.77,"1,226 mi",5,$0.3147
CUN,BSL,"1,864",$432.42,"5,514 mi",5,$0.0784
GIG,RAK,"1,864",$893.08,"4,289 mi",5,$0.2082
HAV,AEP,"1,863",$361.37,"4,148 mi",5,$0.0871
MEX,DME,"1,863","$1,480.78","6,885 mi",5,$0.2151
GDL,TUL,"1,862",$308.02,"1,207 mi",5,$0.2552
MEX,MAA,"1,861","$1,472.42","9,889 mi",5,$0.1489
LIM,GRR,"1,860",$525.30,"3,715 mi",5,$0.1414
BOG,IQT,"1,859",$287.89,607 mi,5,$0.4743
EZE,ABQ,"1,859","$1,224.61","5,909 mi",5,$0.2072
EZE,DSM,"1,858","$1,579.34","5,898 mi",5,$0.2678
MBJ,OSL,"1,857",$301.44,"4,928 mi",5,$0.0612
UIO,OVD,"1,857",$315.83,"5,186 mi",5,$0.0609
CCS,HKG,"1,857","$2,068.73","10,466 mi",5,$0.1977
GDL,HSV,"1,857",$331.37,"1,444 mi",5,$0.2295
HAV,DAL,"1,855",$179.53,"1,145 mi",5,$0.1568
SJO,QYG,"1,855",$563.48,"5,772 mi",5,$0.0976
SCL,STR,"1,854",$793.16,"7,273 mi",5,$0.1091
GRU,ROC,"1,853","$1,042.50","5,158 mi",5,$0.2021
PTY,CUZ,"1,852",$205.64,"1,594 mi",5,$0.1290
UIO,CMH,"1,852",$403.53,"2,871 mi",5,$0.1406
MTY,RSW,"1,851",$478.44,"1,172 mi",5,$0.4082
BOG,DOH,"1,848",$902.94,"8,005 mi",5,$0.1128
EZE,NTE,"1,847",$706.31,"6,471 mi",5,$0.1092
GRU,AAX,"1,847",$176.17,277 mi,5,$0.6360
BOG,DMM,"1,846",$813.84,"7,874 mi",5,$0.1034
BOG,ROS,"1,846",$487.60,"2,824 mi",5,$0.1727
REC,PET,"1,845",$256.68,"2,036 mi",5,$0.1261
MBJ,MDZ,"1,845",$365.23,"3,490 mi",5,$0.1047
GIG,RUH,"1,844","$1,609.84","6,660 mi",5,$0.2417
EZE,SXM,"1,843",$962.09,"3,555 mi",5,$0.2706
LIM,ZAG,"1,842",$628.42,"6,754 mi",5,$0.0930
BOG,ZAL,"1,841",$469.36,"2,973 mi",5,$0.1579
MEX,BRO,"1,841",$349.25,445 mi,5,$0.7848
AUA,MAO,"1,840",$282.20,"1,311 mi",5,$0.2153
BOG,ILM,"1,840",$679.59,"1,995 mi",5,$0.3406
SJD,YOW,"1,838",$364.70,"2,372 mi",5,$0.1538
GRU,LIT,"1,838","$1,011.59","4,864 mi",5,$0.2080
CUN,IBZ,"1,837",$325.12,"5,071 mi",5,$0.0641
PVR,GUA,"1,837",$252.66,"1,088 mi",5,$0.2322
BOG,YYJ,"1,836",$496.66,"4,312 mi",5,$0.1152
GRU,GRR,"1,836","$1,397.75","5,056 mi",5,$0.2765
SJD,MFE,"1,836",$221.18,772 mi,5,$0.2865
PTY,MKE,"1,833",$341.49,"2,468 mi",5,$0.1384
CUN,AKL,"1,833",$904.67,"7,751 mi",5,$0.1167
CUN,BLL,"1,832",$397.24,"5,095 mi",5,$0.0780
GRU,HYD,"1,832","$1,591.50","8,595 mi",5,$0.1852
SXM,NEV,"1,832",$118.91,69 mi,5,$1.7233
EZE,SJD,"1,830",$969.46,"5,067 mi",5,$0.1913
BGI,MCI,"1,830",$350.79,"2,890 mi",5,$0.1214
SDQ,SMF,"1,829",$378.23,"3,293 mi",5,$0.1149
AUA,POS,"1,828",$516.78,620 mi,5,$0.8335
SCL,STL,"1,825",$945.06,"4,986 mi",5,$0.1895
MTY,ITM,"1,824","$1,522.16","7,103 mi",5,$0.2143
CUN,CRW,"1,822",$273.06,"1,275 mi",5,$0.2142
SDQ,MDZ,"1,821",$667.74,"3,648 mi",5,$0.1830
EZE,EQS,"1,820",$121.94,850 mi,5,$0.1435
BSB,HAV,"1,820",$359.81,"3,449 mi",5,$0.1043
SXM,VIE,"1,820",$815.00,"4,682 mi",5,$0.1741
POS,SEA,"1,818",$467.24,"4,205 mi",5,$0.1111
BOG,CMN,"1,817",$990.04,"4,832 mi",5,$0.2049
BOG,ZOS,"1,817",$402.29,"3,225 mi",5,$0.1247
LIM,SAP,"1,817",$464.88,"2,098 mi",5,$0.2216
POS,CTG,"1,817",$577.49,992 mi,5,$0.5821
SXM,GVA,"1,817","$1,068.80","4,209 mi",5,$0.2539
HAV,ZAG,"1,816",$516.85,"5,645 mi",5,$0.0916
MBJ,AVL,"1,815",$142.98,"1,168 mi",5,$0.1224
GRU,VGO,"1,815",$666.73,"4,985 mi",5,$0.1337
KIN,SAL,"1,815",$581.29,899 mi,5,$0.6466
LIM,CAN,"1,814",$906.11,"11,053 mi",5,$0.0820
EZE,OGG,"1,813",$764.14,"7,686 mi",5,$0.0994
UIO,BLQ,"1,812",$546.88,"6,393 mi",5,$0.0855
PTY,OKC,"1,812",$374.27,"2,086 mi",5,$0.1794
MEX,SZG,"1,811",$913.39,"6,371 mi",5,$0.1434
HAV,NCE,"1,810",$475.56,"5,273 mi",5,$0.0902
MDE,YEG,"1,809",$416.70,"4,015 mi",5,$0.1038
POS,AUS,"1,808",$293.86,"2,615 mi",5,$0.1124
PVR,PUJ,"1,808",$334.09,"2,472 mi",5,$0.1351
SJD,VPS,"1,808",$402.93,"1,559 mi",5,$0.2585
GRU,PNS,"1,804","$1,000.16","4,461 mi",5,$0.2242
BOG,PMV,"1,804",$112.81,793 mi,5,$0.1423
UIO,COR,"1,804",$429.13,"2,415 mi",5,$0.1777
MTY,PSC,"1,803",$224.49,"1,813 mi",5,$0.1238
GRU,OLB,"1,801","$1,467.07","5,541 mi",5,$0.2648
PTY,CPT,"1,801","$1,020.41","6,812 mi",5,$0.1498
TQO,TUL,"1,801",$266.55,"1,250 mi",5,$0.2132
VRA,BER,"1,801",$698.43,"5,016 mi",5,$0.1392
PVR,YHZ,"1,800",$341.81,"2,985 mi",5,$0.1145
EZE,HAN,"1,800",$886.59,"10,767 mi",5,$0.0823
LIM,HMO,"1,799",$557.48,"3,523 mi",5,$0.1582
MBJ,YLW,"1,799",$478.52,"3,242 mi",5,$0.1476
GDL,RIC,"1,798",$313.98,"1,891 mi",5,$0.1660
MEX,SBA,"1,798",$380.59,"1,689 mi",5,$0.2253
GDL,BDL,"1,796",$324.19,"2,384 mi",5,$0.1360
POS,IST,"1,795",$843.58,"5,913 mi",5,$0.1427
BOG,AVL,"1,794",$427.76,"2,256 mi",5,$0.1896
BOG,SLA,"1,794",$335.45,"2,188 mi",5,$0.1533
CUN,HPN,"1,792",$282.26,"1,536 mi",5,$0.1838
AUA,SLA,"1,792",$321.16,"2,521 mi",5,$0.1274
PTY,BLQ,"1,791",$683.18,"5,639 mi",5,$0.1212
AUA,GYE,"1,790",$204.64,"1,255 mi",5,$0.1631
SJD,GRB,"1,790",$358.45,"1,970 mi",5,$0.1820
KIN,AUS,"1,789",$268.81,"1,609 mi",5,$0.1671
CUN,BRI,"1,788",$308.29,"5,761 mi",5,$0.0535
CLO,MUC,"1,786",$453.79,"5,772 mi",5,$0.0786
BOG,PIU,"1,785",$286.91,792 mi,5,$0.3623
POS,JAX,"1,785",$335.80,"1,953 mi",5,$0.1719
GIG,PPB,"1,784",$145.33,508 mi,5,$0.2861
GRU,CUU,"1,783",$755.95,"5,510 mi",5,$0.1372
CUN,SVQ,"1,783",$490.71,"5,015 mi",5,$0.0978
AUA,ICN,"1,782",$982.04,"9,087 mi",5,$0.1081
BOG,VPS,"1,782",$462.37,"2,014 mi",5,$0.2296
EZE,NLU,"1,781",$457.93,"4,474 mi",5,$0.1024
MTY,SIN,"1,779","$1,107.00","9,667 mi",5,$0.1145
BGI,HAM,"1,778",$610.29,"4,515 mi",5,$0.1352
UIO,EAS,"1,778",$564.00,"5,385 mi",5,$0.1047
HAV,VER,"1,778",$235.16,899 mi,5,$0.2616
GRU,SKG,"1,777",$947.20,"6,083 mi",5,$0.1557
GIG,GEL,"1,775",$240.84,755 mi,5,$0.3190
MEX,ABJ,"1,775","$1,255.90","6,238 mi",5,$0.2013
SJO,HAJ,"1,774",$359.97,"6,009 mi",5,$0.0599
MBJ,MDT,"1,773",$240.20,"1,455 mi",5,$0.1651
GDL,PEI,"1,772",$367.88,"2,082 mi",5,$0.1767
SCL,BGO,"1,771",$777.92,"7,985 mi",5,$0.0974
MEX,GCM,"1,771",$402.99,"1,189 mi",5,$0.3389
PTY,CMB,"1,770","$1,153.42","10,301 mi",5,$0.1120
GIG,PTO,"1,770",$244.89,657 mi,5,$0.3727
CUN,YTS,"1,769",$240.58,"1,984 mi",5,$0.1213
MEX,REC,"1,767",$771.76,"4,617 mi",5,$0.1672
CUN,YCD,"1,766",$299.60,"2,886 mi",5,$0.1038
GDL,RSW,"1,765",$304.02,"1,468 mi",5,$0.2071
GIG,BRI,"1,765",$771.82,"6,030 mi",5,$0.1280
PTY,TLH,"1,764",$489.55,"1,462 mi",5,$0.3348
SXM,SVD,"1,764",$219.92,372 mi,5,$0.5912
GIG,PIT,"1,763","$1,343.81","4,829 mi",5,$0.2783
GRU,ABV,"1,763","$1,359.74","4,136 mi",5,$0.3288
CUN,RHO,"1,762",$619.19,"6,431 mi",5,$0.0963
TQO,CMH,"1,761",$236.57,"1,357 mi",5,$0.1743
EZE,QRO,"1,760",$909.60,"4,846 mi",5,$0.1877
MEX,XMN,"1,760",$566.57,"8,245 mi",5,$0.0687
CLO,YYC,"1,758",$419.31,"3,822 mi",5,$0.1097
BGI,LIN,"1,758",$976.87,"4,415 mi",5,$0.2213
BOG,OMA,"1,758",$496.50,"2,778 mi",5,$0.1787
POS,HKG,"1,757",$983.44,"10,444 mi",5,$0.0942
MBJ,ISP,"1,756",$247.49,"1,613 mi",5,$0.1534
SJD,PVD,"1,756",$350.82,"2,470 mi",5,$0.1420
CLO,SAN,"1,755",$420.29,"3,418 mi",5,$0.1230
EZE,VNO,"1,755",$958.71,"8,147 mi",5,$0.1177
SDQ,GSO,"1,755",$240.48,"1,413 mi",5,$0.1702
GDL,ORF,"1,754",$369.45,"1,924 mi",5,$0.1920
CUN,OGG,"1,753",$482.02,"4,314 mi",5,$0.1117
SCL,HAJ,"1,753",$918.41,"7,872 mi",5,$0.1167
POS,SAL,"1,752",$491.95,"1,826 mi",5,$0.2694
GIG,VSA,"1,750",$947.05,"4,245 mi",5,$0.2231
GRU,AGU,"1,750",$774.62,"4,735 mi",5,$0.1636
SJD,SJU,"1,748",$422.21,"2,917 mi",5,$0.1447
SCL,MEM,"1,748","$1,595.45","4,742 mi",5,$0.3365
HAV,MDZ,"1,747",$343.91,"3,841 mi",5,$0.0895
MEX,WRO,"1,747",$744.46,"6,032 mi",5,$0.1234
REC,SJK,"1,747",$167.71,"1,233 mi",5,$0.1360
VCP,SMT,"1,747",$247.67,946 mi,5,$0.2618
MEX,NVA,"1,745",$403.75,"2,027 mi",5,$0.1992
PTY,ABQ,"1,745",$371.51,"2,409 mi",5,$0.1542
SCL,MTR,"1,745",$357.02,"3,023 mi",5,$0.1181
EZE,CGK,"1,740","$1,127.40","9,164 mi",5,$0.1230
SDQ,YVR,"1,740",$596.96,"3,522 mi",5,$0.1695
BOG,BSL,"1,739",$645.03,"5,758 mi",5,$0.1120
UIO,IBZ,"1,739",$371.21,"5,842 mi",5,$0.0635
EZE,PPN,"1,738",$538.28,"2,744 mi",5,$0.1962
REC,EWR,"1,738",$627.84,"4,069 mi",5,$0.1543
EZE,CPT,"1,738",$810.73,"4,407 mi",5,$0.1840
HAV,HKG,"1,737","$1,987.74","8,846 mi",5,$0.2247
MEX,BTV,"1,736",$389.74,"2,214 mi",5,$0.1760
SJD,ACA,"1,736",$92.98,806 mi,5,$0.1154
PTY,OSL,"1,736",$577.49,"5,520 mi",5,$0.1046
GDL,NLD,"1,735",$122.13,517 mi,5,$0.2362
GRU,PSS,"1,735",$161.16,633 mi,5,$0.2546
CUN,STI,"1,735",$374.79,"1,092 mi",5,$0.3432
REC,LAD,"1,735",$618.13,"3,388 mi",5,$0.1824
SCL,RSW,"1,735","$1,158.20","4,329 mi",5,$0.2675
LIM,UYU,"1,734",$188.99,923 mi,5,$0.2048
GRU,HSV,"1,733",$974.81,"4,948 mi",5,$0.1970
CUN,STR,"1,732",$159.35,"5,566 mi",5,$0.0286
EZE,MTR,"1,732",$432.81,"3,123 mi",5,$0.1386
LIM,KRK,"1,732","$1,121.81","7,373 mi",5,$0.1522
GIG,DOH,"1,731","$1,301.37","7,377 mi",5,$0.1764
GIG,SAT,"1,730",$954.34,"5,306 mi",5,$0.1799
AUA,TUL,"1,728",$517.00,"2,225 mi",5,$0.2324
AUA,CID,"1,727",$417.51,"2,485 mi",5,$0.1680
UIO,CVG,"1,727",$409.97,"2,818 mi",5,$0.1455
HAV,TLV,"1,727",$516.47,"7,023 mi",5,$0.0735
MTY,CPH,"1,727",$683.90,"5,406 mi",5,$0.1265
LIM,TFN,"1,726",$464.11,"4,779 mi",5,$0.0971
PVR,MAF,"1,725",$211.01,825 mi,5,$0.2558
UIO,HAM,"1,725",$512.59,"6,342 mi",5,$0.0808
BOG,SDR,"1,725",$528.88,"4,862 mi",5,$0.1088
CUN,PFO,"1,725",$514.12,"7,108 mi",5,$0.0723
PTY,SSA,"1,725",$433.62,"3,104 mi",5,$0.1397
AUA,SBH,"1,723",$565.61,624 mi,5,$0.9064
POS,SAT,"1,723",$544.60,"2,642 mi",5,$0.2061
SJD,ROC,"1,723",$363.99,"2,357 mi",5,$0.1544
AUA,PNS,"1,723",$480.98,"1,707 mi",5,$0.2818
BGI,RUH,"1,723",$656.16,"6,612 mi",5,$0.0992
MBJ,CHA,"1,723",$327.76,"1,263 mi",5,$0.2595
BOG,OKC,"1,722",$374.95,"2,672 mi",5,$0.1403
GDL,CAE,"1,722",$451.57,"1,691 mi",5,$0.2670
HAV,FUE,"1,722",$529.51,"4,100 mi",5,$0.1291
GRU,GSO,"1,720",$992.15,"4,517 mi",5,$0.2196
MBJ,BIS,"1,720",$457.55,"2,273 mi",5,$0.2013
SCL,PKX,"1,719","$1,066.17","12,211 mi",5,$0.0873
BGI,PLS,"1,716",$273.09,"1,065 mi",5,$0.2564
GRU,PBM,"1,716",$480.62,"2,018 mi",5,$0.2382
REC,CAU,"1,716",$15.36,74 mi,5,$0.2076
MBJ,DAY,"1,715",$314.04,"1,571 mi",5,$0.1999
GRU,KIN,"1,715",$577.21,"3,620 mi",5,$0.1595
PTY,SVQ,"1,714",$689.86,"4,786 mi",5,$0.1441
BSB,YVR,"1,713","$1,258.22","6,213 mi",5,$0.2025
GDL,ICT,"1,712",$258.80,"1,198 mi",5,$0.2160
CUN,CHO,"1,710",$282.93,"1,323 mi",5,$0.2139
MEX,YQM,"1,710",$326.53,"2,760 mi",5,$0.1183
PTY,FLR,"1,710",$666.20,"5,988 mi",5,$0.1113
BGI,LIM,"1,709",$393.30,"2,176 mi",5,$0.1807
TQO,SJU,"1,709",$759.47,"1,458 mi",5,$0.5209
GIG,CVG,"1,709","$1,145.78","4,892 mi",5,$0.2342
UIO,XPL,"1,709",$347.99,"1,226 mi",5,$0.2838
BOG,MKE,"1,708",$463.53,"2,690 mi",5,$0.1723
MDE,FLA,"1,708",$152.96,307 mi,5,$0.4982
REC,MNL,"1,708","$1,240.62","10,427 mi",5,$0.1190
GDL,SGF,"1,707",$294.09,"1,261 mi",5,$0.2332
CLO,MSY,"1,706",$277.19,"2,101 mi",5,$0.1319
SJD,ICN,"1,706","$1,310.61","7,089 mi",5,$0.1849
SJD,MDT,"1,706",$524.51,"2,315 mi",5,$0.2266
CLO,SAT,"1,706",$216.79,"2,237 mi",5,$0.0969
BSB,HND,"1,704","$1,298.16","11,326 mi",5,$0.1146
EZE,MVD,"1,703",$120.89,146 mi,5,$0.8280
PVR,MLI,"1,702",$403.99,"1,624 mi",5,$0.2488
GDL,GYE,"1,701",$381.80,"2,163 mi",5,$0.1765
GRU,SGN,"1,701","$1,687.91","10,151 mi",5,$0.1663
GIG,CMN,"1,700","$1,026.58","4,400 mi",5,$0.2333
HAV,DEL,"1,698","$1,041.95","8,363 mi",5,$0.1246
PVR,ALB,"1,698",$488.74,"2,443 mi",5,$0.2001
AUA,MUC,"1,698",$744.05,"5,044 mi",5,$0.1475
MBJ,SRQ,"1,697",$277.16,661 mi,5,$0.4193
BGI,HEL,"1,697",$428.32,"5,403 mi",5,$0.0793
CCS,PVG,"1,696","$1,353.44","9,779 mi",5,$0.1384
KIN,PBM,"1,696",$422.38,"1,643 mi",5,$0.2571
MEX,KOA,"1,696",$446.24,"3,801 mi",5,$0.1174
EZE,DPS,"1,695","$1,204.19","9,116 mi",5,$0.1321
CLO,CNF,"1,693",$297.34,"2,639 mi",5,$0.1127
SXM,YOW,"1,693",$273.34,"2,080 mi",5,$0.1314
LIM,GLA,"1,693",$686.28,"6,066 mi",5,$0.1131
MTY,TPE,"1,693","$1,106.36","8,208 mi",5,$0.1348
MEX,DAL,"1,692",$290.10,909 mi,5,$0.3191
GDL,MKE,"1,691",$364.76,"1,842 mi",5,$0.1980
PTY,LYS,"1,690",$474.97,"5,339 mi",5,$0.0890
SXM,SAT,"1,690",$560.74,"2,432 mi",5,$0.2306
GIG,JAX,"1,686",$782.64,"4,613 mi",5,$0.1697
UIO,MDZ,"1,685",$401.88,"2,274 mi",5,$0.1767
LIM,AXM,"1,685",$224.28,"1,176 mi",5,$0.1907
AUA,VIE,"1,684",$743.44,"5,259 mi",5,$0.1414
REC,YVR,"1,684",$688.86,"6,367 mi",5,$0.1082
HAV,DUB,"1,683",$551.55,"4,260 mi",5,$0.1295
SJO,GEO,"1,683",$471.47,"1,736 mi",5,$0.2716
EZE,OMA,"1,683","$1,096.52","5,596 mi",5,$0.1959
MEX,SBN,"1,682",$399.52,"1,762 mi",5,$0.2267
GRU,SYR,"1,682","$1,208.70","5,118 mi",5,$0.2362
PTY,ANU,"1,682",$401.93,"1,268 mi",5,$0.3170
PTY,YOW,"1,681",$641.40,"2,589 mi",5,$0.2477
LIM,PNA,"1,681",$527.08,"5,883 mi",5,$0.0896
EZE,FMA,"1,680",$115.26,577 mi,5,$0.1998
GRU,LED,"1,680","$1,841.44","6,953 mi",5,$0.2648
CUN,LJU,"1,679",$545.58,"5,864 mi",5,$0.0930
SJD,HSV,"1,679",$362.81,"1,641 mi",5,$0.2211
SXM,FRA,"1,678",$862.25,"4,327 mi",5,$0.1993
GRU,OKC,"1,677","$1,076.10","5,105 mi",5,$0.2108
GIG,LPB,"1,676",$428.26,"1,628 mi",5,$0.2631
SJO,OAK,"1,676",$294.42,"3,128 mi",5,$0.0941
TIJ,ATL,"1,676",$275.66,"1,821 mi",5,$0.1514
GRU,MHC,"1,675",$337.03,"2,096 mi",5,$0.1608
EZE,BSL,"1,675","$1,493.37","7,213 mi",5,$0.2070
VCP,IMP,"1,674",$254.42,"1,244 mi",5,$0.2045
LIM,IBZ,"1,674",$547.76,"5,950 mi",5,$0.0921
TQO,PXM,"1,674",$162.26,708 mi,5,$0.2292
SCL,PIT,"1,673",$899.26,"5,294 mi",5,$0.1699
GRU,TBS,"1,672",$580.84,"7,127 mi",5,$0.0815
CUN,XYD,"1,672","$1,218.73","5,111 mi",5,$0.2385
EZE,SAP,"1,672",$628.83,"3,854 mi",5,$0.1632
SDQ,BHM,"1,671",$298.07,"1,440 mi",5,$0.2070
LIM,DSM,"1,670",$653.80,"3,732 mi",5,$0.1752
PTY,GND,"1,669",$415.49,"1,176 mi",5,$0.3533
SCL,BLL,"1,669",$818.72,"7,962 mi",5,$0.1028
CUN,ABR,"1,666",$352.98,"1,864 mi",5,$0.1894
TQO,IAD,"1,666",$273.90,"1,389 mi",5,$0.1972
CLO,TRU,"1,665",$361.17,800 mi,5,$0.4515
GIG,PER,"1,664","$2,111.94","8,664 mi",5,$0.2438
HAV,MAN,"1,664",$394.52,"4,419 mi",5,$0.0893
MEX,GPT,"1,663",$559.91,953 mi,5,$0.5875
GRU,EAS,"1,662",$703.18,"5,577 mi",5,$0.1261
BOG,NVT,"1,661",$343.98,"2,851 mi",5,$0.1207
MEX,WUH,"1,660",$942.76,"8,073 mi",5,$0.1168
BOG,ABJ,"1,660","$1,213.22","4,686 mi",5,$0.2589
GRU,CNQ,"1,660",$150.75,839 mi,5,$0.1797
MEX,ATW,"1,659",$364.61,"1,875 mi",5,$0.1945
EZE,RSW,"1,656","$1,307.30","4,368 mi",5,$0.2993
PVR,GRB,"1,655",$360.49,"1,857 mi",5,$0.1941
REC,SFO,"1,655",$888.33,"6,230 mi",5,$0.1426
MTY,PBI,"1,655",$429.42,"1,204 mi",5,$0.3567
MDE,DUS,"1,654",$448.94,"5,383 mi",5,$0.0834
MDE,SSA,"1,654",$381.21,"2,781 mi",5,$0.1371
LIM,NLA,"1,653",$828.56,"7,268 mi",5,$0.1140
SJO,ICT,"1,651",$346.53,"2,142 mi",5,$0.1618
MEX,ROA,"1,650",$449.13,"1,740 mi",5,$0.2581
MTY,POA,"1,650",$813.93,"4,882 mi",5,$0.1667
BOG,LEI,"1,650",$424.70,"5,169 mi",5,$0.0822
BOG,ECP,"1,649",$318.78,"1,870 mi",5,$0.1705
GIG,KRK,"1,649",$844.30,"6,523 mi",5,$0.1294
UIO,BGA,"1,649",$185.01,597 mi,5,$0.3099
BGI,GVA,"1,648","$1,378.62","4,539 mi",5,$0.3037
GRU,SDE,"1,648",$205.95,"1,184 mi",5,$0.1739
LIM,BEG,"1,647",$761.01,"7,378 mi",5,$0.1031
SJD,GSO,"1,647",$362.87,"2,049 mi",5,$0.1771
SJO,ANC,"1,647",$546.30,"4,960 mi",5,$0.1101
MEX,STI,"1,647",$385.43,"1,797 mi",5,$0.2145
POS,PHX,"1,646",$428.30,"3,458 mi",5,$0.1239
MTY,DXB,"1,645",$988.15,"8,293 mi",5,$0.1192
SCL,LCG,"1,645",$642.04,"6,401 mi",5,$0.1003
CUN,BFL,"1,644",$670.29,"2,118 mi",5,$0.3165
GIG,FAO,"1,644",$673.88,"4,871 mi",5,$0.1383
GRU,BZN,"1,644","$1,217.18","6,451 mi",5,$0.1887
SDQ,CUU,"1,644",$417.01,"2,467 mi",5,$0.1690
CUN,HLN,"1,644",$336.72,"2,191 mi",5,$0.1537
MDE,CHS,"1,644",$266.84,"1,927 mi",5,$0.1385
HAV,VGO,"1,641",$224.44,"4,227 mi",4,$0.0531
SDQ,VVI,"1,641",$421.38,"2,608 mi",4,$0.1616
PTY,AXM,"1,640",$101.21,416 mi,4,$0.2433
SCL,BOI,"1,640","$1,325.95","5,858 mi",4,$0.2263
SJO,RDM,"1,639",$398.46,"3,329 mi",4,$0.1197
GRU,RNO,"1,639","$1,185.40","6,222 mi",4,$0.1905
MDE,PIT,"1,639",$507.83,"2,462 mi",4,$0.2063
CCS,VIE,"1,638","$1,069.57","5,540 mi",4,$0.1931
EZE,VIX,"1,637",$195.99,"1,454 mi",4,$0.1348
SJO,OTP,"1,637",$837.67,"6,902 mi",4,$0.1214
TQO,FAT,"1,637",$259.96,"2,177 mi",4,$0.1194
MEX,TCQ,"1,637",$702.39,"3,341 mi",4,$0.2102
TQO,CHS,"1,637",$209.96,967 mi,4,$0.2171
HAV,POS,"1,636",$505.94,"1,583 mi",4,$0.3196
LIM,BZN,"1,636",$598.10,"4,384 mi",4,$0.1364
PTY,SOF,"1,636",$763.45,"6,624 mi",4,$0.1153
PVR,YCD,"1,635",$237.96,"2,279 mi",4,$0.1044
HAV,UIO,"1,634",$290.11,"1,571 mi",4,$0.1847
BGI,HAV,"1,634",$341.19,"1,701 mi",4,$0.2006
SJO,LBB,"1,633",$194.30,"2,039 mi",4,$0.0953
UIO,PRG,"1,633",$745.35,"6,531 mi",4,$0.1141
MEX,BHD,"1,631",$596.11,"5,097 mi",4,$0.1170
MBJ,SDQ,"1,629",$399.83,556 mi,4,$0.7191
GRU,ALG,"1,628",$783.74,"5,107 mi",4,$0.1535
SJO,TPE,"1,628",$855.79,"9,753 mi",4,$0.0877
GRU,BUF,"1,627","$1,175.94","4,873 mi",4,$0.2413
GRU,KWI,"1,627",$838.98,"7,460 mi",4,$0.1125
MDE,CMH,"1,626",$341.42,"2,454 mi",4,$0.1391
SJO,OAX,"1,626",$211.29,999 mi,4,$0.2115
MEX,LGW,"1,624",$451.51,"5,718 mi",4,$0.0790
CUN,HAJ,"1,620",$384.66,"5,502 mi",4,$0.0699
LIM,USH,"1,620",$330.62,"2,907 mi",4,$0.1137
SCL,KOA,"1,620","$1,037.74","6,497 mi",4,$0.1597
UIO,MCI,"1,620",$359.78,"2,826 mi",4,$0.1273
PTY,DSM,"1,619",$341.42,"2,334 mi",4,$0.1463
GRU,ONT,"1,619","$1,391.95","6,310 mi",4,$0.2206
SXM,LIN,"1,618",$938.60,"4,626 mi",4,$0.2029
BSB,DFW,"1,617",$688.78,"4,815 mi",4,$0.1430
SXM,SYR,"1,617",$370.86,"1,948 mi",4,$0.1904
CUN,PRN,"1,616",$410.74,"5,911 mi",4,$0.0695
CCS,BIO,"1,615",$411.83,"4,553 mi",4,$0.0905
SCL,NCL,"1,615","$1,095.56","7,123 mi",4,$0.1538
SCL,IBZ,"1,612",$787.56,"7,003 mi",4,$0.1125
BOG,MYR,"1,611",$313.13,"2,087 mi",4,$0.1500
CCS,BLQ,"1,611",$463.20,"4,977 mi",4,$0.0931
HAV,MGA,"1,610",$449.96,813 mi,4,$0.5535
REC,ARU,"1,610",$218.05,"1,329 mi",4,$0.1641
GIG,GOT,"1,609",$690.18,"6,602 mi",4,$0.1045
MDE,PVR,"1,609",$273.35,"2,168 mi",4,$0.1261
HAV,SAN,"1,607",$316.84,"2,284 mi",4,$0.1387
PTY,RNO,"1,606",$715.97,"3,352 mi",4,$0.2136
PVR,ZIH,"1,606",$120.39,336 mi,4,$0.3583
SJO,EUG,"1,606",$302.19,"3,410 mi",4,$0.0886
BGI,CUR,"1,605",$298.67,660 mi,4,$0.4525
GDL,GSO,"1,605",$312.61,"1,722 mi",4,$0.1815
MEX,SKG,"1,605",$755.74,"7,077 mi",4,$0.1068
EZE,NBO,"1,605","$1,201.87","6,282 mi",4,$0.1913
GRU,RMO,"1,605",$992.76,"6,946 mi",4,$0.1429
MEX,ALG,"1,605",$414.29,"6,250 mi",4,$0.0663
SJD,AMS,"1,604",$971.55,"5,732 mi",4,$0.1695
CUN,LCG,"1,604",$338.38,"4,528 mi",4,$0.0747
EZE,CUE,"1,602",$397.09,"2,644 mi",4,$0.1502
MEX,SGN,"1,601","$1,038.56","10,000 mi",4,$0.1039
BGI,SLC,"1,600",$500.72,"3,797 mi",4,$0.1319
CLO,SLC,"1,600",$318.54,"3,494 mi",4,$0.0912
SDQ,HNL,"1,599",$654.21,"5,824 mi",4,$0.1123
GIG,CMH,"1,599","$1,271.47","4,884 mi",4,$0.2603
LIM,CMN,"1,599",$765.59,"5,371 mi",4,$0.1425
BGI,BCN,"1,597",$744.34,"4,281 mi",4,$0.1739
CLO,ATH,"1,597",$953.30,"6,428 mi",4,$0.1483
SDQ,CAN,"1,596",$795.26,"9,826 mi",4,$0.0809
SXM,BOM,"1,595",$910.00,"8,754 mi",4,$0.1040
GIG,PMO,"1,595",$782.81,"5,408 mi",4,$0.1448
LIM,GEG,"1,594",$657.49,"4,667 mi",4,$0.1409
PVR,DAL,"1,594",$263.60,"1,017 mi",4,$0.2592
SJO,YYJ,"1,593",$512.46,"3,603 mi",4,$0.1422
POS,PVG,"1,591","$1,307.45","9,259 mi",4,$0.1412
SXM,PBM,"1,591",$384.91,990 mi,4,$0.3888
GDL,LEX,"1,590",$428.21,"1,696 mi",4,$0.2525
GRU,PVR,"1,590",$744.97,"5,143 mi",4,$0.1449
MEX,NVT,"1,590",$681.30,"4,792 mi",4,$0.1422
SCL,SJC,"1,590",$891.51,"5,715 mi",4,$0.1560
SCL,GLA,"1,589","$1,108.94","7,072 mi",4,$0.1568
MEX,FOR,"1,588",$756.74,"4,543 mi",4,$0.1666
GRU,NCL,"1,587","$1,027.50","6,212 mi",4,$0.1654
MEX,BRI,"1,586",$687.73,"6,380 mi",4,$0.1078
SJO,VER,"1,586",$199.58,989 mi,4,$0.2018
BOG,BLL,"1,585",$647.15,"5,518 mi",4,$0.1173
UIO,ORF,"1,585",$540.40,"2,638 mi",4,$0.2049
PVR,TYS,"1,584",$385.44,"1,707 mi",4,$0.2258
SJO,FAR,"1,584",$368.30,"2,736 mi",4,$0.1346
BOG,CPT,"1,583",$993.69,"6,360 mi",4,$0.1562
MEX,AGS,"1,583",$422.67,"1,470 mi",4,$0.2875
CUN,MBA,"1,583",$525.95,"8,921 mi",4,$0.0590
PVR,GSP,"1,583",$278.62,"1,761 mi",4,$0.1582
PVR,ICN,"1,582","$1,174.59","7,415 mi",4,$0.1584
GRU,MID,"1,582",$659.28,"4,097 mi",4,$0.1609
GRU,GEG,"1,580","$1,113.77","6,389 mi",4,$0.1743
GIG,IND,"1,580","$1,013.15","5,288 mi",4,$0.1916
PTY,GRR,"1,580",$317.10,"2,436 mi",4,$0.1302
CLO,LIS,"1,579",$729.60,"4,991 mi",4,$0.1462
SJD,RDD,"1,579",$287.62,"1,363 mi",4,$0.2110
SXM,OTP,"1,579",$794.50,"5,472 mi",4,$0.1452
MEX,MAF,"1,578",$420.80,913 mi,4,$0.4609
MEX,TRI,"1,577",$400.47,"1,504 mi",4,$0.2663
TIJ,CKG,"1,576",$576.62,"7,055 mi",4,$0.0817
MEX,FWA,"1,575",$399.59,"1,648 mi",4,$0.2425
MBJ,POS,"1,575",$537.74,"1,198 mi",4,$0.4489
SJO,BHX,"1,574","$1,088.03","5,516 mi",4,$0.1972
BGI,YWG,"1,572",$452.20,"3,417 mi",4,$0.1323
SCL,KRK,"1,572","$1,006.49","8,205 mi",4,$0.1227
BOG,BEG,"1,570",$581.28,"6,393 mi",4,$0.0909
EZE,ARI,"1,570",$247.41,"1,309 mi",4,$0.1890
SCL,DRW,"1,570","$1,260.03","8,696 mi",4,$0.1449
BOG,PNT,"1,570",$596.23,"4,013 mi",4,$0.1486
EZE,MDQ,"1,570",$70.58,229 mi,4,$0.3082
PVR,PNS,"1,570",$274.49,"1,350 mi",4,$0.2033
EZE,YEG,"1,569",$918.90,"6,714 mi",4,$0.1369
MBJ,SBN,"1,569",$319.79,"1,728 mi",4,$0.1851
UIO,POA,"1,568",$400.44,"2,648 mi",4,$0.1512
BOG,TYL,"1,567",$363.63,831 mi,4,$0.4376
LIM,RAK,"1,566",$673.79,"5,304 mi",4,$0.1270
PVR,AMS,"1,566",$843.65,"6,064 mi",4,$0.1391
EZE,MKE,"1,566",$953.42,"5,853 mi",4,$0.1629
GDL,LIS,"1,565",$670.88,"5,723 mi",4,$0.1172
MDE,IBZ,"1,565",$590.47,"5,085 mi",4,$0.1161
MEX,FUK,"1,565",$941.26,"7,758 mi",4,$0.1213
AUA,SAL,"1,564",$297.27,"1,321 mi",4,$0.2250
GDL,FSD,"1,564",$373.68,"1,687 mi",4,$0.2215
HAV,HOU,"1,564",$211.87,891 mi,4,$0.2378
MEX,HOU,"1,564",$200.99,722 mi,4,$0.2784
GDL,TYS,"1,563",$364.88,"1,622 mi",4,$0.2250
PTY,SLU,"1,563",$364.03,"1,329 mi",4,$0.2739
SJO,FLR,"1,560",$697.99,"6,188 mi",4,$0.1128
GIG,LCA,"1,559","$1,027.98","6,608 mi",4,$0.1556
GRU,MGA,"1,559",$506.60,"3,529 mi",4,$0.1436
MEX,GRZ,"1,559",$858.90,"6,122 mi",4,$0.1403
BGI,YEG,"1,558",$420.18,"3,920 mi",4,$0.1072
SCL,CHS,"1,558","$1,134.89","4,758 mi",4,$0.2385
AUA,MNL,"1,557","$1,042.56","10,736 mi",4,$0.0971
CUN,BQN,"1,557",$164.09,"1,334 mi",4,$0.1230
BOG,XRY,"1,556",$708.19,"4,959 mi",4,$0.1428
MTY,BRU,"1,556",$580.52,"5,606 mi",4,$0.1036
LIM,DAL,"1,556",$481.59,"3,463 mi",4,$0.1391
MBJ,BER,"1,556",$583.45,"5,113 mi",4,$0.1141
TIJ,CSX,"1,556",$431.87,"7,316 mi",4,$0.0590
SXM,ARN,"1,555",$897.11,"4,691 mi",4,$0.1912
GDL,HND,"1,554","$1,450.80","6,981 mi",4,$0.2078
HAV,OVD,"1,554",$870.76,"4,609 mi",4,$0.1889
BOG,BLA,"1,552",$113.61,770 mi,4,$0.1475
CCS,GYE,"1,552",$609.54,"1,288 mi",4,$0.4732
MTY,XNA,"1,552",$350.55,826 mi,4,$0.4244
VCP,CKS,"1,551",$535.55,"1,217 mi",4,$0.4401
PVR,BFL,"1,551",$425.17,"1,279 mi",4,$0.3324
MBJ,BCN,"1,549",$518.93,"5,019 mi",4,$0.1034
CUN,KGS,"1,549",$622.87,"6,766 mi",4,$0.0921
HAV,TLC,"1,548",$54.20,"1,099 mi",4,$0.0493
CUN,ADZ,"1,548",$201.74,696 mi,4,$0.2899
LIM,SRQ,"1,548",$656.44,"2,666 mi",4,$0.2462
UIO,OMA,"1,548",$489.78,"2,973 mi",4,$0.1647
SCL,OVD,"1,547",$783.53,"6,900 mi",4,$0.1136
PTY,ALC,"1,546",$502.80,"5,069 mi",4,$0.0992
PTY,NAP,"1,546",$665.27,"5,819 mi",4,$0.1143
LIM,LIT,"1,545",$545.64,"3,278 mi",4,$0.1665
LIM,SCQ,"1,545",$603.60,"5,576 mi",4,$0.1082
SJO,BTV,"1,545",$363.71,"2,546 mi",4,$0.1429
SJO,YLW,"1,545",$476.62,"3,311 mi",4,$0.1440
LIM,CZM,"1,543",$244.09,"2,415 mi",4,$0.1011
LIM,BHM,"1,541",$639.62,"3,309 mi",4,$0.1933
CUN,CPT,"1,541","$1,211.04","8,114 mi",4,$0.1493
GRU,HER,"1,541",$935.19,"6,382 mi",4,$0.1465
GDL,ELP,"1,537",$332.19,778 mi,4,$0.4270
GIG,BLL,"1,537",$668.89,"6,420 mi",4,$0.1042
GRU,OVD,"1,537","$1,148.52","5,132 mi",4,$0.2238
MEX,SGF,"1,537",$345.50,"1,239 mi",4,$0.2789
PTY,YHZ,"1,536",$489.44,"2,570 mi",4,$0.1904
AUA,POA,"1,535",$329.59,"3,097 mi",4,$0.1064
POS,ATH,"1,535",$694.74,"5,679 mi",4,$0.1223
SDQ,PNA,"1,535",$227.50,"4,129 mi",4,$0.0551
UIO,SVQ,"1,534",$444.50,"5,109 mi",4,$0.0870
CUN,YYB,"1,533",$210.49,"1,746 mi",4,$0.1206
PTY,CAI,"1,533",$747.71,"6,900 mi",4,$0.1084
MBJ,RNO,"1,532",$404.28,"2,794 mi",4,$0.1447
UIO,CHS,"1,529",$394.24,"2,353 mi",4,$0.1675
LIM,PNS,"1,527",$521.59,"3,101 mi",4,$0.1682
GDL,BRU,"1,527",$694.94,"5,679 mi",4,$0.1224
EZE,YOW,"1,526",$905.46,"5,809 mi",4,$0.1559
SDQ,HPN,"1,526",$245.46,"1,535 mi",4,$0.1599
SDQ,YOW,"1,525",$350.19,"1,947 mi",4,$0.1799
BGI,DXB,"1,524","$1,114.19","7,097 mi",4,$0.1570
SJO,SYD,"1,524","$1,150.90","8,833 mi",4,$0.1303
TQO,MEM,"1,523",$188.64,"1,006 mi",4,$0.1875
CLO,VIE,"1,523",$585.76,"6,357 mi",4,$0.0921
CLO,COR,"1,522",$403.27,"2,614 mi",4,$0.1543
MTY,OKC,"1,520",$315.04,661 mi,4,$0.4766
PVR,BUF,"1,520",$297.78,"2,106 mi",4,$0.1414
KIN,BOM,"1,519",$739.99,"9,427 mi",4,$0.0785
MBJ,MHT,"1,519",$267.71,"1,782 mi",4,$0.1502
AUA,PBI,"1,518",$292.97,"1,143 mi",4,$0.2563
SJO,FSD,"1,518",$570.90,"2,367 mi",4,$0.2412
MTY,GVA,"1,517",$867.57,"5,491 mi",4,$0.1580
SCL,BSL,"1,517","$1,003.72","7,171 mi",4,$0.1400
UIO,CUC,"1,517",$151.62,666 mi,4,$0.2277
MDE,MAR,"1,517",$88.45,383 mi,4,$0.2309
SXM,HAM,"1,516","$1,357.42","4,395 mi",4,$0.3089
BOG,MEM,"1,516",$385.90,"2,257 mi",4,$0.1710
GRU,VRN,"1,515","$1,032.05","5,784 mi",4,$0.1784
TQO,CUU,"1,515",$152.77,"1,330 mi",4,$0.1149
GDL,JAX,"1,514",$338.75,"1,555 mi",4,$0.2178
SDQ,SDF,"1,514",$330.05,"1,722 mi",4,$0.1917
SJO,BGA,"1,513",$227.31,756 mi,4,$0.3007
HAV,MDW,"1,512",$200.13,"1,375 mi",4,$0.1455
LIM,GOA,"1,512",$569.87,"6,402 mi",4,$0.0890
MEX,DRS,"1,512","$1,121.62","6,285 mi",4,$0.1785
PTY,MAN,"1,512",$690.80,"5,341 mi",4,$0.1293
BOG,BHX,"1,511",$798.83,"5,066 mi",4,$0.1577
SCL,CTA,"1,511",$969.21,"7,591 mi",4,$0.1277
EZE,SKG,"1,510",$995.35,"7,117 mi",4,$0.1399
SJD,PXM,"1,510",$158.00,934 mi,4,$0.1692
CUN,LEJ,"1,510",$390.05,"5,632 mi",4,$0.0693
SXM,ICN,"1,507","$1,329.29","8,294 mi",4,$0.1603
SCL,BHX,"1,506",$904.41,"7,453 mi",4,$0.1213
SJD,PIA,"1,503",$291.02,"1,628 mi",4,$0.1788
MBJ,COS,"1,502",$251.80,"2,067 mi",4,$0.1218
MEX,SLA,"1,502",$550.62,"3,917 mi",4,$0.1406
CUN,HER,"1,501",$504.76,"6,332 mi",4,$0.0797
GRU,LJU,"1,501","$1,546.61","6,318 mi",4,$0.2448
HAV,NTE,"1,498",$396.62,"4,786 mi",4,$0.0829
GRU,SHJ,"1,497",$578.51,"7,373 mi",4,$0.0785
CLO,PHX,"1,496",$332.80,"2,994 mi",4,$0.1112
SDQ,TFN,"1,496",$385.58,"3,526 mi",4,$0.1094
EZE,CMN,"1,495","$1,114.03","5,578 mi",4,$0.1997
TIJ,CDG,"1,495",$728.46,"5,859 mi",4,$0.1243
HAV,SAL,"1,494",$420.43,815 mi,4,$0.5159
UIO,YOW,"1,494",$413.97,"3,238 mi",4,$0.1278
KIN,MSP,"1,494",$427.41,"2,027 mi",4,$0.2109
KIN,LIM,"1,493",$611.76,"2,132 mi",4,$0.2869
BOG,GRX,"1,492",$543.83,"5,092 mi",4,$0.1068
SJD,TQO,"1,492",$234.47,"1,387 mi",4,$0.1690
CUN,GEO,"1,491",$437.14,"2,096 mi",4,$0.2086
EZE,TUL,"1,491",$981.32,"5,628 mi",4,$0.1744
LIM,HAJ,"1,491",$568.62,"6,540 mi",4,$0.0869
BGI,ICN,"1,491","$2,689.19","8,655 mi",4,$0.3107
CLO,MAO,"1,491",$193.12,"1,180 mi",4,$0.1637
GDL,HKG,"1,490",$885.23,"8,813 mi",4,$0.1004
UIO,OPO,"1,489",$515.23,"5,333 mi",4,$0.0966
BGI,MAD,"1,488",$932.95,"3,972 mi",4,$0.2349
HAV,LAD,"1,487",$828.35,"7,016 mi",4,$0.1181
MEX,LCY,"1,487",$620.86,"5,720 mi",4,$0.1085
GDL,SNA,"1,487",$228.71,"1,311 mi",4,$0.1745
LIM,SDF,"1,487",$678.09,"3,408 mi",4,$0.1990
PVR,ZCL,"1,486",$215.94,218 mi,4,$0.9906
AUA,LPA,"1,485",$407.65,"3,777 mi",4,$0.1079
BGI,BDL,"1,485",$383.80,"2,210 mi",4,$0.1737
SCL,ATA,"1,484",$243.88,"1,769 mi",4,$0.1379
SDQ,PKX,"1,484","$1,122.33","8,162 mi",4,$0.1375
SJD,YKA,"1,484",$274.59,"2,049 mi",4,$0.1340
GRU,BDL,"1,482","$1,472.28","4,962 mi",4,$0.2967
SDQ,LPA,"1,482",$379.49,"3,378 mi",4,$0.1123
TIJ,BKK,"1,482",$426.83,"8,638 mi",4,$0.0494
TQO,MXL,"1,482",$154.89,"1,961 mi",4,$0.0790
LIM,SDR,"1,481",$585.60,"5,797 mi",4,$0.1010
MEX,PSO,"1,481",$243.32,"1,988 mi",4,$0.1224
BOG,RNO,"1,480",$456.77,"3,608 mi",4,$0.1266
GRU,OGG,"1,480","$1,197.52","8,237 mi",4,$0.1454
MEX,GDN,"1,480",$710.61,"5,968 mi",4,$0.1191
CCS,SVD,"1,479",$226.29,415 mi,4,$0.5453
MEX,POZ,"1,478",$783.31,"5,984 mi",4,$0.1309
MEX,RDM,"1,476",$344.98,"2,070 mi",4,$0.1667
SCL,KUL,"1,476","$1,954.99","10,572 mi",4,$0.1849
GRU,RAI,"1,476","$1,013.22","3,165 mi",4,$0.3201
SDQ,OSL,"1,476",$491.57,"4,947 mi",4,$0.0994
SJO,CWB,"1,474",$414.57,"3,300 mi",4,$0.1256
PVR,MDT,"1,473",$304.45,"2,216 mi",4,$0.1374
SDQ,PNS,"1,473",$309.96,"1,418 mi",4,$0.2186
REC,BRA,"1,472",$242.86,760 mi,4,$0.3196
SJO,HSV,"1,472",$409.97,"1,761 mi",4,$0.2328
BOG,TPE,"1,468","$1,190.28","9,830 mi",4,$0.1211
GIG,SMF,"1,468","$1,066.58","6,405 mi",4,$0.1665
MBJ,EVV,"1,468",$271.30,"1,513 mi",4,$0.1793
SJD,YXS,"1,468",$274.33,"2,295 mi",4,$0.1195
SXM,DXB,"1,467","$1,244.15","7,553 mi",4,$0.1647
PVR,GSO,"1,466",$414.21,"1,806 mi",4,$0.2294
GRU,BOI,"1,465","$1,057.60","6,200 mi",4,$0.1706
GDL,VCE,"1,463",$724.89,"6,544 mi",4,$0.1108
GRU,BZV,"1,463",$596.52,"4,442 mi",4,$0.1343
PVR,CRP,"1,463",$262.80,670 mi,4,$0.3922
GRU,ABQ,"1,463","$1,121.25","5,470 mi",4,$0.2050
MEX,PUF,"1,461",$744.15,"5,548 mi",4,$0.1341
SJD,MLU,"1,457",$430.24,"1,294 mi",4,$0.3325
MBJ,ASU,"1,457",$382.17,"3,219 mi",4,$0.1187
SCL,ACC,"1,457","$1,635.67","5,172 mi",4,$0.3163
MTY,CHA,"1,456",$404.78,"1,125 mi",4,$0.3598
MTY,BUD,"1,455",$910.97,"6,316 mi",4,$0.1442
MBJ,CAE,"1,454",$379.93,"1,052 mi",4,$0.3612
MEX,GRX,"1,453",$586.74,"5,866 mi",4,$0.1000
PVR,LAP,"1,453",$122.58,390 mi,4,$0.3143
BSB,TLV,"1,452",$718.68,"6,579 mi",4,$0.1092
GRU,UYU,"1,452",$295.81,"1,281 mi",4,$0.2309
MTY,NAS,"1,452",$649.10,"1,454 mi",4,$0.4464
SXM,ATH,"1,452",$804.26,"5,463 mi",4,$0.1472
AUA,ATW,"1,451",$526.09,"2,379 mi",4,$0.2211
BOG,SJC,"1,451",$433.11,"3,646 mi",4,$0.1188
REC,GEL,"1,451",$269.12,"1,930 mi",4,$0.1394
MDE,CUU,"1,450",$315.24,"2,606 mi",4,$0.1210
MEX,MLB,"1,450",$662.10,"1,269 mi",4,$0.5217
EZE,GRX,"1,449",$761.69,"6,274 mi",4,$0.1214
BSB,VVI,"1,448",$256.65,984 mi,4,$0.2608
GRU,OXB,"1,448",$758.14,"3,305 mi",4,$0.2294
BGI,SAV,"1,446",$392.52,"1,846 mi",4,$0.2126
PTY,GSO,"1,446",$293.83,"1,812 mi",4,$0.1622
SCL,CUE,"1,446",$426.47,"2,238 mi",4,$0.1906
MBJ,FAT,"1,446",$316.05,"2,909 mi",4,$0.1086
GIG,EGE,"1,445","$1,577.37","6,130 mi",4,$0.2573
CUN,DRS,"1,445",$247.96,"5,371 mi",4,$0.0462
CUN,LCA,"1,444",$483.16,"7,156 mi",4,$0.0675
HAV,PBM,"1,443",$376.95,"2,116 mi",4,$0.1781
TQO,DSM,"1,443",$244.69,"1,563 mi",4,$0.1566
MEX,BEY,"1,442",$814.30,"7,926 mi",4,$0.1027
PTY,TFN,"1,442",$700.54,"4,416 mi",4,$0.1586
LIM,KUL,"1,441","$1,233.29","12,144 mi",4,$0.1016
GRU,ELP,"1,440","$1,374.07","5,662 mi",4,$0.2427
MBJ,SJC,"1,440",$395.96,"3,041 mi",4,$0.1302
BOG,CAE,"1,439",$474.73,"2,131 mi",4,$0.2228
GIG,ABJ,"1,438","$1,356.14","3,188 mi",4,$0.4254
SJD,MOT,"1,438",$286.51,"1,742 mi",4,$0.1645
LIM,SAV,"1,437",$787.20,"3,154 mi",4,$0.2496
PVR,SAV,"1,436",$366.98,"1,730 mi",4,$0.2121
PTY,BEY,"1,435","$1,021.96","7,465 mi",4,$0.1369
PTY,TYS,"1,435",$375.69,"1,814 mi",4,$0.2071
TQO,JAX,"1,432",$223.45,828 mi,4,$0.2699
MEX,BES,"1,431","$1,021.11","5,265 mi",4,$0.1939
UIO,TFN,"1,431",$388.39,"4,676 mi",4,$0.0831
GIG,GOA,"1,431",$764.03,"5,860 mi",4,$0.1304
MEX,KMJ,"1,431","$1,608.12","7,322 mi",4,$0.2196
MDE,MEL,"1,430",$863.58,"9,377 mi",4,$0.0921
CUN,LPA,"1,430",$295.25,"4,593 mi",4,$0.0643
SJO,COS,"1,429",$408.53,"2,288 mi",4,$0.1786
CCS,BGA,"1,428",$387.73,471 mi,4,$0.8232
MDE,FUE,"1,426",$665.44,"4,164 mi",4,$0.1598
MEX,LCA,"1,426","$1,065.93","7,341 mi",4,$0.1452
MBJ,MVD,"1,423",$463.02,"4,074 mi",4,$0.1137
EZE,BDS,"1,423",$832.77,"7,337 mi",4,$0.1135
GDL,MDT,"1,423",$367.12,"2,009 mi",4,$0.1827
GIG,STR,"1,422",$767.62,"5,726 mi",4,$0.1341
GIG,RGL,"1,422",$279.95,"2,352 mi",4,$0.1190
PTY,CWB,"1,422",$475.78,"3,043 mi",4,$0.1564
GDL,SIN,"1,420",$971.90,"9,748 mi",4,$0.0997
CUN,AXM,"1,420",$148.31,"1,408 mi",4,$0.1053
GRU,BHM,"1,420","$1,497.12","4,888 mi",4,$0.3063
BOG,YHZ,"1,419",$498.19,"2,936 mi",4,$0.1697
MEX,YXE,"1,419",$440.90,"2,368 mi",4,$0.1862
MEX,LFT,"1,418",$415.83,892 mi,4,$0.4662
AUA,GUA,"1,418",$289.51,"1,343 mi",4,$0.2156
CUN,LRD,"1,418",$242.24,937 mi,4,$0.2585
SJO,BLR,"1,418","$1,348.24","10,722 mi",4,$0.1257
HAV,FLL,"1,417",$87.01,248 mi,4,$0.3508
MBJ,BGR,"1,416",$213.73,"1,834 mi",4,$0.1165
MEX,XRY,"1,416",$824.07,"5,417 mi",4,$0.1521
KIN,RIC,"1,415",$186.56,"1,311 mi",4,$0.1423
POS,ABZ,"1,415",$846.89,"4,335 mi",4,$0.1954
TIJ,CME,"1,415",$173.85,"1,776 mi",4,$0.0979
MBJ,MNL,"1,415","$1,037.75","9,522 mi",4,$0.1090
TQO,OKC,"1,415",$268.16,"1,177 mi",4,$0.2278
MEX,PMO,"1,414",$461.33,"6,706 mi",4,$0.0688
BOG,TAM,"1,413",$278.98,"2,058 mi",4,$0.1356
MDE,LYS,"1,413",$494.25,"5,292 mi",4,$0.0934
CUN,MPL,"1,413",$562.69,"5,427 mi",4,$0.1037
LIM,BSL,"1,413",$666.55,"6,780 mi",4,$0.0983
LIM,CTA,"1,413",$898.50,"6,634 mi",4,$0.1354
LIM,LUX,"1,413",$685.84,"6,752 mi",4,$0.1016
SCL,MCP,"1,412",$414.42,"2,563 mi",4,$0.1617
SJD,PWM,"1,412",$415.61,"2,563 mi",4,$0.1622
PTY,GSP,"1,411",$284.94,"1,739 mi",4,$0.1639
SDQ,GSP,"1,411",$279.70,"1,333 mi",4,$0.2098
MTY,SBN,"1,409",$396.32,"1,311 mi",4,$0.3023
LIM,CUU,"1,409",$598.46,"3,512 mi",4,$0.1704
HAV,TAP,"1,408",$249.99,836 mi,4,$0.2990
SDQ,DAV,"1,408",$306.75,"1,135 mi",4,$0.2703
SJO,HMO,"1,408",$251.56,"2,114 mi",4,$0.1190
PTY,BHM,"1,407",$383.50,"1,809 mi",4,$0.2120
CUN,IGU,"1,407",$426.60,"4,003 mi",4,$0.1066
SCL,ZYR,"1,407","$1,094.07","7,618 mi",4,$0.1436
SJD,ILM,"1,406",$643.29,"2,127 mi",4,$0.3024
AUA,GSO,"1,406",$412.69,"1,691 mi",4,$0.2441
MBJ,ROA,"1,406",$453.01,"1,345 mi",4,$0.3368
LIM,PER,"1,406","$1,811.75","9,000 mi",4,$0.2013
GIG,TRS,"1,405",$630.08,"5,745 mi",4,$0.1097
TIJ,LHR,"1,405",$765.51,"5,640 mi",4,$0.1357
GRU,RSW,"1,405","$1,204.53","4,055 mi",4,$0.2970
PVR,SYD,"1,405","$1,082.47","7,525 mi",4,$0.1438
CUN,REC,"1,404",$428.20,"3,937 mi",4,$0.1088
EZE,SAV,"1,404","$1,069.91","5,000 mi",4,$0.2140
SDQ,POA,"1,403",$534.18,"3,458 mi",4,$0.1545
LIM,GSP,"1,403",$516.51,"3,357 mi",4,$0.1539
MBJ,AGS,"1,403",$372.30,"1,025 mi",4,$0.3632
MBJ,YXE,"1,403",$281.84,"2,714 mi",4,$0.1038
BGI,BUF,"1,402",$352.03,"2,290 mi",4,$0.1537
GDL,XNA,"1,401",$317.48,"1,180 mi",4,$0.2691
LIM,CRD,"1,401",$418.17,"2,473 mi",4,$0.1691
MDE,JAX,"1,399",$346.18,"1,677 mi",4,$0.2064
UIO,ARN,"1,399",$677.30,"6,637 mi",4,$0.1020
MTY,SYR,"1,398",$466.10,"1,752 mi",4,$0.2660
PTY,TUC,"1,398",$331.15,"2,739 mi",4,$0.1209
GRU,MDW,"1,396","$1,071.06","5,064 mi",4,$0.2115
EZE,ONT,"1,395",$952.12,"6,283 mi",4,$0.1515
SXM,BOD,"1,395",$881.78,"4,123 mi",4,$0.2139
SXM,HND,"1,395","$2,077.78","8,189 mi",4,$0.2537
BOG,BIQ,"1,395",$504.64,"4,972 mi",4,$0.1015
SXM,OMA,"1,395",$399.85,"2,590 mi",4,$0.1544
BGI,BHD,"1,394",$927.89,"3,936 mi",4,$0.2357
MBJ,TUS,"1,394",$310.59,"2,323 mi",4,$0.1337
POS,MAN,"1,394",$523.61,"4,505 mi",4,$0.1162
CUN,GCK,"1,385",$754.58,"1,387 mi",4,$0.5440
SJD,TVC,"1,385",$339.21,"2,080 mi",4,$0.1631
MBJ,DUB,"1,384",$509.57,"4,313 mi",4,$0.1181
MEX,CFE,"1,384",$475.02,"5,650 mi",4,$0.0841
LIM,ETR,"1,383",$117.95,606 mi,4,$0.1946
AUA,MDT,"1,382",$733.37,"2,016 mi",4,$0.3638
EZE,HKT,"1,382",$931.63,"10,380 mi",4,$0.0898
SDQ,CAY,"1,382",$168.28,"1,544 mi",4,$0.1090
SXM,YHZ,"1,381",$311.70,"1,799 mi",4,$0.1733
CUN,ALG,"1,381",$400.52,"5,528 mi",4,$0.0725
UIO,BHM,"1,381",$450.73,"2,462 mi",4,$0.1831
UIO,SDF,"1,380",$414.78,"2,768 mi",4,$0.1498
BOG,BZE,"1,379",$626.00,"1,266 mi",4,$0.4945
MTY,WAW,"1,379","$1,194.29","6,167 mi",4,$0.1937
SCL,PSS,"1,378",$242.03,945 mi,4,$0.2561
SXM,BKK,"1,378","$1,023.04","10,284 mi",4,$0.0995
EZE,GOT,"1,378",$735.13,"7,812 mi",4,$0.0941
GDL,GVA,"1,378",$635.27,"5,886 mi",4,$0.1079
PTY,CCP,"1,378","$1,058.45","3,098 mi",4,$0.3417
MEX,MFR,"1,377",$285.21,"2,170 mi",4,$0.1314
MTY,ZCL,"1,377",$182.24,249 mi,4,$0.7319
AUA,LIS,"1,376",$896.44,"3,994 mi",4,$0.2244
LIM,YHZ,"1,376",$517.59,"3,902 mi",4,$0.1326
SCL,NUE,"1,376","$1,208.34","7,826 mi",4,$0.1544
CLO,LPB,"1,374",$255.01,"1,539 mi",4,$0.1657
CUN,UVF,"1,373",$404.19,"1,833 mi",4,$0.2205
GIG,TRU,"1,372",$266.81,"2,508 mi",4,$0.1064
SJD,AGU,"1,372",$119.60,497 mi,4,$0.2406
SJO,ROA,"1,371",$543.49,"1,850 mi",4,$0.2938
MBJ,CAK,"1,370",$455.35,"1,516 mi",4,$0.3004
SCL,PFB,"1,370",$253.94,"1,184 mi",4,$0.2145
SCL,SOF,"1,369","$1,158.74","7,687 mi",4,$0.1507
PTY,REC,"1,368",$555.52,"3,381 mi",4,$0.1643
REC,LPA,"1,368",$348.49,"2,728 mi",4,$0.1277
SXM,DUB,"1,367",$727.86,"3,988 mi",4,$0.1825
GDL,SAV,"1,366",$300.77,"1,629 mi",4,$0.1846
EZE,BLL,"1,365",$855.55,"7,188 mi",4,$0.1190
CUN,MLU,"1,365",$264.81,828 mi,4,$0.3198
GRU,TRU,"1,365",$443.33,"2,334 mi",4,$0.1899
MDE,ACE,"1,365",$517.88,"4,184 mi",4,$0.1238
SCL,NBO,"1,365","$1,516.82","7,398 mi",4,$0.2050
GDL,GRB,"1,364",$320.45,"1,814 mi",4,$0.1767
LIM,NQN,"1,364",$331.90,"1,998 mi",4,$0.1661
GRU,BGO,"1,363","$1,250.55","6,664 mi",4,$0.1877
GRU,ABJ,"1,363","$1,383.83","3,381 mi",4,$0.4093
PVR,TQO,"1,362",$133.97,"1,173 mi",4,$0.1142
SCL,BEG,"1,362",$814.66,"7,609 mi",4,$0.1071
MEX,STT,"1,361",$486.72,"2,294 mi",4,$0.2122
CLO,TLU,"1,360",$264.84,428 mi,4,$0.6188
GIG,CLE,"1,359","$1,109.13","5,231 mi",4,$0.2120
SCL,RNO,"1,359","$1,137.55","6,108 mi",4,$0.1862
SJD,YXX,"1,359",$165.84,"1,859 mi",4,$0.0892
GIG,NTE,"1,358",$847.93,"5,320 mi",4,$0.1594
MTY,PSP,"1,358",$359.17,"1,162 mi",4,$0.3091
BOG,LEX,"1,358",$453.65,"2,323 mi",4,$0.1953
MBJ,LGW,"1,358",$249.07,"4,843 mi",4,$0.0514
GRU,RVN,"1,357","$1,118.15","7,451 mi",4,$0.1501
CLO,GSP,"1,357",$329.69,"2,264 mi",4,$0.1456
CCS,LPB,"1,355",$496.34,"1,819 mi",4,$0.2729
SXM,MXP,"1,355","$1,099.42","4,330 mi",4,$0.2539
POS,OTP,"1,355",$726.64,"5,414 mi",4,$0.1342
UIO,CUR,"1,355",$283.98,"1,099 mi",4,$0.2584
MTY,ICT,"1,354",$338.33,860 mi,4,$0.3934
MTY,ROA,"1,354",$412.46,"1,381 mi",4,$0.2987
LIM,ALB,"1,353",$480.98,"3,676 mi",4,$0.1308
LIM,MZT,"1,352",$271.95,"3,224 mi",4,$0.0844
PTY,BUD,"1,352",$668.27,"6,341 mi",4,$0.1054
GIG,TRD,"1,352","$1,133.98","6,438 mi",4,$0.1761
MBJ,TVC,"1,352",$260.55,"1,922 mi",4,$0.1356
MDE,NRT,"1,352",$927.08,"8,985 mi",4,$0.1032
MEX,SPU,"1,352",$831.94,"6,276 mi",4,$0.1326
SCL,MCI,"1,352","$1,025.27","5,409 mi",4,$0.1895
SCL,ZQN,"1,352",$984.17,"6,037 mi",4,$0.1630
SDQ,BTV,"1,352",$321.27,"1,757 mi",4,$0.1829
BSB,ATH,"1,351",$934.64,"5,771 mi",4,$0.1620
MEX,EVV,"1,350",$387.92,"1,504 mi",4,$0.2579
SCL,RAK,"1,350",$878.82,"6,253 mi",4,$0.1405
HAV,CMH,"1,349",$213.62,"1,210 mi",4,$0.1765
SJO,CAI,"1,349",$607.13,"7,566 mi",4,$0.0802
PTY,PUS,"1,348","$1,588.18","9,130 mi",4,$0.1740
CUN,AVP,"1,348",$281.74,"1,501 mi",4,$0.1877
GRU,ADL,"1,348","$1,244.02","8,138 mi",4,$0.1529
AUA,VVI,"1,345",$424.22,"2,199 mi",4,$0.1929
EZE,ADD,"1,344",$695.20,"6,775 mi",4,$0.1026
MTY,KRK,"1,344",$861.45,"5,857 mi",4,$0.1471
PTY,RIX,"1,343",$687.02,"6,374 mi",4,$0.1078
SJD,TWF,"1,343",$288.91,"1,322 mi",4,$0.2185
AUA,HOU,"1,342",$340.80,"2,065 mi",4,$0.1650
SCL,RES,"1,342",$215.02,834 mi,4,$0.2578
MEX,GRB,"1,342",$419.24,"1,897 mi",4,$0.2210
GRU,FIH,"1,341",$761.81,"4,451 mi",4,$0.1712
LIM,ZAL,"1,341",$251.89,"1,867 mi",4,$0.1349
PVR,HNL,"1,341",$463.08,"3,280 mi",4,$0.1412
PTY,VAR,"1,339",$775.36,"6,435 mi",4,$0.1205
GIG,UBA,"1,339",$227.38,380 mi,4,$0.5984
GRU,MYR,"1,339",$956.00,"4,351 mi",4,$0.2197
KIN,BZE,"1,339",$453.95,736 mi,4,$0.6168
CCS,PMI,"1,338",$412.01,"4,816 mi",4,$0.0856
CUN,DLH,"1,338",$338.01,"1,862 mi",4,$0.1815
SXM,MEM,"1,338",$484.82,"2,084 mi",4,$0.2326
EZE,SDF,"1,337",$899.11,"5,496 mi",4,$0.1636
MTY,XPL,"1,337",$418.88,"1,158 mi",4,$0.3617
VRA,HAM,"1,337",$504.59,"5,156 mi",4,$0.0979
LIM,PNT,"1,336",$516.95,"2,834 mi",4,$0.1824
EZE,MLE,"1,334","$1,256.47","8,979 mi",4,$0.1399
HAV,POA,"1,334",$435.89,"4,333 mi",4,$0.1006
GRU,DUR,"1,333",$795.52,"4,868 mi",4,$0.1634
SJO,ECP,"1,332",$297.91,"1,453 mi",4,$0.2050
UIO,ATH,"1,332",$722.78,"6,685 mi",4,$0.1081
GRU,PNT,"1,332",$435.50,"2,463 mi",4,$0.1768
EZE,VRN,"1,331",$741.13,"6,820 mi",4,$0.1087
LIM,YLW,"1,331",$367.69,"5,136 mi",4,$0.0716
MBJ,ELP,"1,330",$270.61,"2,055 mi",4,$0.1317
SCL,YQB,"1,330",$596.96,"5,706 mi",4,$0.1046
GRU,DAY,"1,330",$913.53,"4,856 mi",4,$0.1881
MTY,ATH,"1,330","$1,210.71","6,937 mi",4,$0.1745
SXM,PVD,"1,330",$437.95,"1,759 mi",4,$0.2490
BOG,BOI,"1,329",$480.68,"3,819 mi",4,$0.1259
BOG,TUN,"1,328",$632.66,"5,542 mi",4,$0.1142
GIG,HAJ,"1,328",$906.50,"5,912 mi",4,$0.1533
SXM,SAV,"1,328",$394.47,"1,534 mi",4,$0.2572
AUA,CPH,"1,327",$645.31,"5,379 mi",4,$0.1200
AUA,YEG,"1,327",$336.84,"3,800 mi",4,$0.0886
MEX,BGO,"1,327",$504.18,"5,361 mi",4,$0.0940
SJO,BLL,"1,326",$541.71,"5,605 mi",4,$0.0966
SJD,EGE,"1,326",$561.67,"1,116 mi",4,$0.5033
POS,ZRH,"1,325",$668.15,"4,601 mi",4,$0.1452
SDQ,BOM,"1,325","$1,090.05","9,070 mi",4,$0.1202
BOG,PBI,"1,325",$368.15,"1,522 mi",4,$0.2419
SJD,ZIH,"1,324",$140.70,638 mi,4,$0.2205
CUN,CGN,"1,324",$82.45,"5,428 mi",4,$0.0152
LIM,RSW,"1,324",$745.34,"2,602 mi",4,$0.2864
GRU,BHD,"1,323",$792.77,"5,727 mi",4,$0.1384
GRU,RGN,"1,322",$913.40,"9,677 mi",4,$0.0944
MDE,ELP,"1,322",$360.13,"2,750 mi",4,$0.1310
SCL,PBI,"1,322",$983.88,"4,069 mi",4,$0.2418
SDQ,PRG,"1,322",$583.37,"4,834 mi",4,$0.1207
MTY,NGO,"1,321","$1,929.05","7,038 mi",4,$0.2741
BOG,KUL,"1,320","$1,321.01","12,203 mi",4,$0.1083
CUN,BHI,"1,320",$476.37,"4,296 mi",4,$0.1109
MTY,ABQ,"1,320",$260.14,770 mi,4,$0.3378
CUN,CTM,"1,319",$159.13,205 mi,4,$0.7762
GDL,BAQ,"1,318",$327.28,"2,067 mi",4,$0.1583
CUN,FSM,"1,315","$1,100.84","1,120 mi",4,$0.9829
MTY,HAM,"1,313","$1,142.88","5,722 mi",4,$0.1997
SCL,WLG,"1,312",$958.64,"5,978 mi",4,$0.1604
PTY,GEG,"1,312",$582.79,"3,366 mi",4,$0.1731
KIN,MGA,"1,310",$665.74,721 mi,4,$0.9234
CUN,SZG,"1,310",$485.95,"5,757 mi",4,$0.0844
PTY,LED,"1,310","$1,000.15","6,150 mi",4,$0.1626
PTY,YWG,"1,309",$485.36,"2,912 mi",4,$0.1667
CUN,PSO,"1,309",$175.39,"1,548 mi",4,$0.1133
GRU,CFE,"1,309",$801.74,"5,875 mi",4,$0.1365
GRU,PUF,"1,309",$881.18,"5,627 mi",4,$0.1566
SJO,ADZ,"1,309",$233.23,253 mi,4,$0.9219
SXM,ALB,"1,308",$409.99,"1,873 mi",4,$0.2189
SJO,LEX,"1,307",$550.42,"1,996 mi",4,$0.2758
SCL,MPL,"1,307",$774.37,"6,885 mi",4,$0.1125
MBJ,HAM,"1,306",$436.79,"4,958 mi",4,$0.0881
MEX,OKA,"1,305","$1,280.71","7,752 mi",4,$0.1652
PTY,NTE,"1,304",$577.30,"5,342 mi",4,$0.1081
REC,DFW,"1,304",$605.72,"4,813 mi",4,$0.1259
EZE,OKC,"1,303","$1,219.76","5,630 mi",4,$0.2167
BGI,GRU,"1,300",$705.84,"2,591 mi",4,$0.2724
BOG,LIT,"1,300",$408.26,"2,304 mi",4,$0.1772
GIG,STL,"1,299","$1,054.13","5,075 mi",4,$0.2077
GIG,ZOS,"1,299",$257.64,"2,060 mi",4,$0.1251
MDE,MEC,"1,299",$232.42,629 mi,4,$0.3695
MDE,RIC,"1,299",$225.97,"2,104 mi",4,$0.1074
CLO,SDR,"1,299",$459.72,"5,333 mi",4,$0.0862
UIO,CNF,"1,299",$501.69,"2,608 mi",4,$0.1924
CUN,CCP,"1,298",$372.03,"3,971 mi",4,$0.0937
CUN,SSA,"1,297",$484.83,"4,165 mi",4,$0.1164
LIM,TYS,"1,297",$416.64,"3,435 mi",4,$0.1213
KIN,ORF,"1,297",$257.92,"1,349 mi",4,$0.1912
SJD,GTF,"1,297",$260.21,"1,633 mi",4,$0.1593
LIM,PBI,"1,296",$677.43,"2,762 mi",4,$0.2453
EZE,RIC,"1,295","$1,082.48","5,294 mi",4,$0.2045
PTY,BOD,"1,295",$638.96,"5,380 mi",4,$0.1188
SJO,SLP,"1,295",$229.14,"1,436 mi",4,$0.1596
LIM,SCY,"1,294",$226.18,"1,116 mi",4,$0.2027
GRU,LEX,"1,292","$1,149.11","4,768 mi",4,$0.2410
LIM,FTE,"1,292",$335.95,"2,739 mi",4,$0.1227
MTY,GEG,"1,292",$207.49,"1,835 mi",4,$0.1131
CLO,MZL,"1,292",$152.46,117 mi,4,$1.3031
HAV,SSG,"1,291",$882.75,"6,374 mi",4,$0.1385
LIM,PVD,"1,291",$456.88,"3,843 mi",4,$0.1189
BOG,MLM,"1,290",$274.27,"2,026 mi",4,$0.1354
GRU,MLI,"1,290","$1,240.63","5,454 mi",4,$0.2275
LIM,TUC,"1,290",$352.96,"1,248 mi",4,$0.2828
MBJ,BOM,"1,290",$578.59,"9,444 mi",4,$0.0613
LIM,ONT,"1,289",$580.66,"4,023 mi",4,$0.1443
BOG,VIX,"1,289",$425.34,"2,787 mi",4,$0.1526
EZE,TYS,"1,289",$985.43,"4,994 mi",4,$0.1973
AUA,FRA,"1,288",$791.10,"5,205 mi",4,$0.1520
SJO,JNB,"1,288","$1,328.98","7,671 mi",4,$0.1732
GRU,COS,"1,288","$1,071.61","5,542 mi",4,$0.1934
GDL,LIN,"1,286",$863.71,"6,041 mi",4,$0.1430
GRU,ADB,"1,286","$1,242.50","6,198 mi",4,$0.2005
EZE,PNA,"1,286",$678.40,"6,644 mi",4,$0.1021
HAV,CUU,"1,286",$175.88,"1,559 mi",4,$0.1128
CCS,KEF,"1,285",$872.45,"4,138 mi",4,$0.2108
CUN,DRO,"1,285",$321.74,"1,624 mi",4,$0.1981
LIM,MDW,"1,285",$364.15,"3,666 mi",4,$0.0993
MDE,HMO,"1,285",$356.74,"2,726 mi",4,$0.1309
BGI,SAT,"1,285",$476.58,"2,819 mi",4,$0.1691
SXM,TLS,"1,285",$650.54,"3,975 mi",4,$0.1637
HAV,SVD,"1,284",$451.28,"1,501 mi",4,$0.3007
TQO,CLE,"1,284",$209.97,"1,552 mi",4,$0.1353
BGI,ATH,"1,283",$759.02,"5,471 mi",4,$0.1387
PTY,LIT,"1,283",$338.47,"1,892 mi",4,$0.1789
BOG,NCL,"1,281",$692.22,"5,419 mi",4,$0.1277
LIM,OPS,"1,279",$398.15,"1,411 mi",4,$0.2822
POS,BER,"1,279",$541.46,"4,851 mi",4,$0.1116
SXM,BHM,"1,279",$390.78,"1,866 mi",4,$0.2094
CUN,MTR,"1,278",$216.62,"1,154 mi",4,$0.1877
GIG,IPC,"1,278",$840.15,"3,984 mi",4,$0.2109
UIO,DUB,"1,278",$774.88,"5,660 mi",4,$0.1369
EZE,JJD,"1,277",$389.94,"2,420 mi",3,$0.1611
LIM,ELP,"1,277",$565.12,"3,703 mi",3,$0.1526
MBJ,YQM,"1,277",$378.58,"2,113 mi",3,$0.1792
POS,YOW,"1,277",$439.35,"2,469 mi",3,$0.1779
PTY,HEL,"1,276",$652.84,"6,341 mi",3,$0.1030
SCL,MKE,"1,275","$1,005.17","5,546 mi",3,$0.1812
AUA,DAY,"1,275",$435.34,"2,020 mi",3,$0.2155
GRU,RBA,"1,275","$1,023.72","4,894 mi",3,$0.2092
MTY,VNO,"1,275",$486.81,"5,829 mi",3,$0.0835
GIG,LOS,"1,274","$1,207.49","3,632 mi",3,$0.3325
SDQ,DXB,"1,274",$797.09,"7,436 mi",3,$0.1072
MEX,CHO,"1,273",$431.57,"1,842 mi",3,$0.2343
GRU,SCQ,"1,273",$911.35,"5,338 mi",3,$0.1707
GRU,UBA,"1,272",$224.14,279 mi,3,$0.8034
MBJ,PIA,"1,271",$693.71,"1,733 mi",3,$0.4003
MDE,SMF,"1,269",$411.54,"3,539 mi",3,$0.1163
POS,BDA,"1,269",$419.62,"1,473 mi",3,$0.2849
EZE,TLL,"1,268",$925.64,"7,795 mi",3,$0.1187
UIO,MEL,"1,268","$1,484.98","8,905 mi",3,$0.1668
PVR,JAN,"1,268",$266.86,"1,196 mi",3,$0.2231
SXM,OPO,"1,267",$596.65,"3,464 mi",3,$0.1722
GRU,ALA,"1,267","$1,114.49","9,243 mi",3,$0.1206
MDE,BNE,"1,267",$900.78,"8,668 mi",3,$0.1039
KIN,HND,"1,266","$2,543.37","8,274 mi",3,$0.3074
BGI,MDE,"1,265",$331.10,"1,149 mi",3,$0.2882
LIM,VPS,"1,265",$580.75,"3,093 mi",3,$0.1878
SCL,CMN,"1,265","$1,118.83","5,987 mi",3,$0.1869
EZE,ORF,"1,264","$1,034.28","5,235 mi",3,$0.1976
EZE,PSP,"1,264","$1,597.67","5,864 mi",3,$0.2725
BGI,BRU,"1,264",$938.01,"4,260 mi",3,$0.2202
EZE,BEL,"1,261",$264.25,"2,472 mi",3,$0.1069
BOG,LFT,"1,261",$459.19,"2,048 mi",3,$0.2242
MEX,ROS,"1,260",$840.01,"4,544 mi",3,$0.1849
CLO,IQQ,"1,259",$306.95,"1,665 mi",3,$0.1844
CUN,CRD,"1,259",$602.67,"4,918 mi",3,$0.1225
CUN,FAI,"1,259",$351.48,"3,943 mi",3,$0.0891
REC,FLR,"1,258",$618.91,"4,463 mi",3,$0.1387
GRU,CID,"1,258","$1,274.85","5,519 mi",3,$0.2310
BOG,RSW,"1,257",$455.68,"1,542 mi",3,$0.2955
BGI,LGA,"1,256",$218.71,"2,039 mi",3,$0.1073
VCP,LHR,"1,256",$542.16,"6,047 mi",3,$0.0897
AUA,MAN,"1,256",$710.49,"4,751 mi",3,$0.1495
CLO,YEG,"1,255",$485.55,"3,911 mi",3,$0.1241
MBJ,AVP,"1,255",$296.92,"1,536 mi",3,$0.1933
CCS,GUA,"1,254",$608.27,"1,562 mi",3,$0.3894
CUN,BGR,"1,254",$257.99,"1,880 mi",3,$0.1372
POS,CPH,"1,254",$585.05,"4,842 mi",3,$0.1208
GRU,MRU,"1,253","$1,700.02","6,306 mi",3,$0.2696
MEX,HSG,"1,252",$912.67,"7,785 mi",3,$0.1172
SJO,LPA,"1,252",$757.78,"4,746 mi",3,$0.1597
SJO,MYR,"1,251",$484.42,"1,620 mi",3,$0.2990
GRU,JED,"1,250","$1,547.18","6,347 mi",3,$0.2438
PVR,MRY,"1,250",$206.58,"1,440 mi",3,$0.1435
SCL,SCQ,"1,250",$758.40,"6,382 mi",3,$0.1188
BOG,HUX,"1,248",$170.61,"1,634 mi",3,$0.1044
HAV,BHM,"1,248",$246.21,754 mi,3,$0.3265
LIM,SVO,"1,248","$1,138.97","8,081 mi",3,$0.1409
CUN,TPQ,"1,248",$127.02,"1,192 mi",3,$0.1066
GRU,ABZ,"1,248","$1,048.80","6,317 mi",3,$0.1660
CLO,IST,"1,247",$927.89,"7,039 mi",3,$0.1318
CUN,TLL,"1,247",$411.34,"5,518 mi",3,$0.0745
SXM,BUF,"1,247",$344.46,"1,890 mi",3,$0.1823
GRU,SRE,"1,246",$203.84,"1,272 mi",3,$0.1603
BOG,CIX,"1,245",$266.34,912 mi,3,$0.2920
BOG,GLA,"1,245",$875.75,"5,325 mi",3,$0.1645
KIN,CHS,"1,245",$203.69,"1,021 mi",3,$0.1995
MDE,OVD,"1,245",$579.91,"5,044 mi",3,$0.1150
GIG,MBJ,"1,243",$315.81,"3,580 mi",3,$0.0882
GIG,URG,"1,243",$260.89,950 mi,3,$0.2746
GRU,TIJ,"1,243",$844.33,"5,862 mi",3,$0.1440
TQO,CVG,"1,242",$249.91,"1,355 mi",3,$0.1844
SJD,CHA,"1,242",$577.58,"1,737 mi",3,$0.3325
REC,BLQ,"1,241",$562.43,"4,497 mi",3,$0.1251
SCL,BEY,"1,241",$893.44,"8,045 mi",3,$0.1111
SJO,BDA,"1,241",$545.72,"2,045 mi",3,$0.2669
POS,DUB,"1,241",$530.39,"4,095 mi",3,$0.1295
MTY,AVL,"1,240",$398.78,"1,273 mi",3,$0.3133
MTY,MVD,"1,240",$645.21,"5,237 mi",3,$0.1232
EZE,VSA,"1,239","$1,122.04","4,158 mi",3,$0.2699
LIM,DAV,"1,239",$411.49,"1,413 mi",3,$0.2912
SXM,ROC,"1,239",$361.48,"1,872 mi",3,$0.1931
MEX,RIX,"1,238",$654.99,"6,412 mi",3,$0.1022
SJO,PBI,"1,238",$420.28,"1,148 mi",3,$0.3661
GRU,PBI,"1,238","$1,188.26","4,003 mi",3,$0.2968
PTY,NUE,"1,237",$740.88,"5,935 mi",3,$0.1248
CUN,NLD,"1,236",$189.05,886 mi,3,$0.2134
EZE,ACE,"1,236",$733.76,"5,449 mi",3,$0.1347
HAV,KRK,"1,236",$355.33,"5,357 mi",3,$0.0663
EZE,KEF,"1,234",$892.44,"7,316 mi",3,$0.1220
SJO,LUX,"1,234",$779.00,"5,883 mi",3,$0.1324
MBJ,BTR,"1,234",$262.73,"1,209 mi",3,$0.2173
SDQ,IBZ,"1,234",$350.82,"4,289 mi",3,$0.0818
LIM,GSO,"1,233",$552.96,"3,230 mi",3,$0.1712
SJO,ROS,"1,233",$533.25,"3,241 mi",3,$0.1645
BOG,SOF,"1,233",$529.11,"6,188 mi",3,$0.0855
PTY,GDN,"1,232",$719.74,"6,203 mi",3,$0.1160
SJO,BOM,"1,232","$1,233.51","9,595 mi",3,$0.1286
CUN,YXS,"1,231",$299.04,"2,855 mi",3,$0.1047
BOG,GYN,"1,231",$402.63,"2,184 mi",3,$0.1844
MBJ,GEG,"1,229",$315.31,"3,087 mi",3,$0.1021
MTY,ARN,"1,229",$752.00,"5,743 mi",3,$0.1309
BGI,DPS,"1,227","$1,509.16","11,608 mi",3,$0.1300
GIG,TUN,"1,226",$623.95,"5,557 mi",3,$0.1123
GRU,MLB,"1,226","$1,179.62","4,353 mi",3,$0.2710
BGI,PDX,"1,225",$465.30,"4,409 mi",3,$0.1055
EZE,TIJ,"1,225",$822.87,"6,180 mi",3,$0.1332
SJO,AGU,"1,225",$232.70,"1,405 mi",3,$0.1656
MDE,PNS,"1,224",$466.47,"1,900 mi",3,$0.2455
CCS,LPA,"1,224",$553.33,"3,437 mi",3,$0.1610
SJD,LNK,"1,224",$333.53,"1,479 mi",3,$0.2255
SCL,NAS,"1,223",$882.65,"3,939 mi",3,$0.2241
GIG,AQP,"1,223",$366.21,"1,951 mi",3,$0.1877
GRU,CMB,"1,223","$1,265.17","8,452 mi",3,$0.1497
SCL,ABQ,"1,222","$1,435.36","5,424 mi",3,$0.2646
UIO,YWG,"1,222",$364.97,"3,524 mi",3,$0.1036
MDE,MCI,"1,222",$306.56,"2,663 mi",3,$0.1151
REC,DXB,"1,221",$864.44,"6,281 mi",3,$0.1376
CLO,FLN,"1,221",$280.79,"2,928 mi",3,$0.0959
AUA,BER,"1,220",$692.85,"5,422 mi",3,$0.1278
SDQ,PBI,"1,220",$335.82,901 mi,3,$0.3727
GDL,BLQ,"1,220","$1,194.68","6,155 mi",3,$0.1941
CCS,DUS,"1,219",$396.65,"5,095 mi",3,$0.0779
EZE,GLA,"1,218",$985.84,"7,237 mi",3,$0.1362
MEX,AUH,"1,218",$877.88,"8,659 mi",3,$0.1014
VCP,AEP,"1,218",$195.72,"1,080 mi",3,$0.1812
SJD,SBN,"1,217",$364.50,"1,917 mi",3,$0.1901
CUN,MRY,"1,217",$295.89,"2,427 mi",3,$0.1219
AUA,SRQ,"1,216",$531.92,"1,349 mi",3,$0.3943
BSB,SEA,"1,216",$648.78,"6,133 mi",3,$0.1058
SJO,NAP,"1,216",$648.99,"6,018 mi",3,$0.1078
GRU,VER,"1,216",$770.22,"4,325 mi",3,$0.1781
EZE,ZNZ,"1,215",$847.42,"6,217 mi",3,$0.1363
LIM,SXM,"1,215",$571.75,"2,217 mi",3,$0.2579
LIM,ANC,"1,214",$711.96,"6,199 mi",3,$0.1149
CUN,WRO,"1,212",$522.10,"5,832 mi",3,$0.0895
MEX,MYJ,"1,212","$1,000.04","7,645 mi",3,$0.1308
GRU,EQS,"1,212",$307.74,"1,889 mi",3,$0.1629
LIM,BIQ,"1,212",$784.99,"6,269 mi",3,$0.1252
HAV,GND,"1,211",$545.06,"1,600 mi",3,$0.3407
SCL,GEO,"1,211",$744.72,"2,962 mi",3,$0.2514
POS,SMR,"1,211",$620.77,850 mi,3,$0.7303
PVR,SGU,"1,209",$526.67,"1,277 mi",3,$0.4124
EZE,MSN,"1,209",$914.26,"5,898 mi",3,$0.1550
GDL,BIO,"1,209",$378.97,"5,579 mi",3,$0.0679
PTY,BEG,"1,209",$631.36,"6,432 mi",3,$0.0982
PTY,BHX,"1,209",$576.57,"5,046 mi",3,$0.1143
GRU,PNA,"1,208","$1,007.49","5,552 mi",3,$0.1815
LIM,XNA,"1,208",$588.03,"3,626 mi",3,$0.1622
REC,VVI,"1,208",$267.38,"2,067 mi",3,$0.1294
SJO,GOT,"1,207",$403.68,"6,049 mi",3,$0.0667
CLO,POS,"1,205",$438.47,"1,106 mi",3,$0.3964
AUA,SGF,"1,205",$474.91,"2,305 mi",3,$0.2060
BOG,SRQ,"1,205",$541.58,"1,713 mi",3,$0.3162
PVR,BUR,"1,204",$169.17,"1,193 mi",3,$0.1418
UIO,CJC,"1,204",$424.31,"1,621 mi",3,$0.2618
UIO,MKE,"1,204",$414.53,"3,125 mi",3,$0.1326
CLO,MNL,"1,203","$1,356.34","10,390 mi",3,$0.1305
EZE,GEG,"1,203","$1,334.34","6,964 mi",3,$0.1916
BGI,SCL,"1,202",$742.59,"3,197 mi",3,$0.2323
UIO,ABQ,"1,202",$416.61,"2,945 mi",3,$0.1415
UIO,WAW,"1,202",$719.48,"6,420 mi",3,$0.1121
EZE,QKL,"1,201","$1,182.20","7,346 mi",3,$0.1609
POS,STT,"1,201",$302.00,570 mi,3,$0.5298
PTY,KUL,"1,201","$1,470.36","11,268 mi",3,$0.1305
SJO,KRK,"1,201",$735.48,"6,485 mi",3,$0.1134
LIM,AVL,"1,201",$463.40,"3,199 mi",3,$0.1449
BOG,MAF,"1,200",$385.09,"2,692 mi",3,$0.1430
GRU,SRQ,"1,199","$1,731.04","4,385 mi",3,$0.3948
BGI,SDF,"1,198",$392.81,"2,437 mi",3,$0.1612
GIG,MPM,"1,198","$1,219.54","4,566 mi",3,$0.2671
GRU,QKL,"1,198","$1,111.52","6,259 mi",3,$0.1776
LIM,RUH,"1,198","$1,006.91","8,934 mi",3,$0.1127
MEX,UBJ,"1,198","$1,080.49","7,704 mi",3,$0.1403
POS,MSP,"1,198",$396.33,"3,121 mi",3,$0.1270
SXM,LYS,"1,198",$793.87,"4,418 mi",3,$0.1797
BSB,AUS,"1,197",$422.68,"4,729 mi",3,$0.0894
MBJ,FUE,"1,196",$188.18,"4,194 mi",3,$0.0449
GIG,PUS,"1,195","$1,748.61","11,805 mi",3,$0.1481
BGI,SIN,"1,195","$1,409.85","10,599 mi",3,$0.1330
PTY,FOR,"1,195",$646.38,"2,862 mi",3,$0.2258
BOG,LUX,"1,194",$509.69,"5,705 mi",3,$0.0893
MDE,CVG,"1,194",$378.57,"2,274 mi",3,$0.1665
GDL,LRD,"1,194",$378.23,526 mi,3,$0.7191
REC,IOS,"1,194",$216.75,523 mi,3,$0.4144
CCS,ALC,"1,192",$390.13,"4,356 mi",3,$0.0896
GRU,GYD,"1,192","$1,069.17","7,807 mi",3,$0.1370
REC,CPH,"1,192",$771.43,"5,330 mi",3,$0.1447
EZE,PNS,"1,192",$874.11,"5,027 mi",3,$0.1739
TQO,RIC,"1,192",$211.26,"1,389 mi",3,$0.1521
BSB,DEL,"1,191","$1,488.10","8,578 mi",3,$0.1735
GRU,WDH,"1,191",$833.23,"4,153 mi",3,$0.2006
KIN,ROC,"1,191",$264.15,"1,689 mi",3,$0.1564
GRU,PLS,"1,191","$1,026.84","3,680 mi",3,$0.2790
LIM,YQB,"1,191",$405.13,"4,201 mi",3,$0.0964
BSB,MDZ,"1,189",$295.06,"1,701 mi",3,$0.1735
SXM,AGP,"1,189",$822.96,"3,645 mi",3,$0.2258
AUA,NAS,"1,188",$593.68,963 mi,3,$0.6165
CUN,FOR,"1,187",$463.33,"3,805 mi",3,$0.1218
EZE,FUE,"1,187",$659.82,"5,412 mi",3,$0.1219
POS,SAN,"1,187",$435.20,"3,963 mi",3,$0.1098
EZE,QYG,"1,186",$547.99,"7,238 mi",3,$0.0757
GDL,PSP,"1,186",$182.43,"1,261 mi",3,$0.1447
SCL,DAV,"1,186",$633.51,"2,897 mi",3,$0.2187
KIN,MTY,"1,186",$682.87,"1,539 mi",3,$0.4437
LIM,ZYR,"1,186",$516.94,"6,306 mi",3,$0.0820
MEX,LBA,"1,186",$846.48,"5,270 mi",3,$0.1606
GRU,BES,"1,185","$1,250.96","5,437 mi",3,$0.2301
SJD,EVV,"1,185",$644.51,"1,615 mi",3,$0.3991
AUA,EUX,"1,184",$510.11,566 mi,3,$0.9013
KIN,FCO,"1,183",$724.79,"5,512 mi",3,$0.1315
GRU,MDT,"1,182","$1,146.80","4,665 mi",3,$0.2458
KIN,CUR,"1,182",$321.42,676 mi,3,$0.4755
UIO,MRS,"1,182",$547.67,"6,079 mi",3,$0.0901
GIG,MHC,"1,181",$337.46,"2,142 mi",3,$0.1575
SCL,GEG,"1,180","$1,159.55","6,112 mi",3,$0.1897
GIG,BHX,"1,179",$910.02,"5,942 mi",3,$0.1532
KIN,CTG,"1,179",$615.62,541 mi,3,$1.1379
BGI,GUA,"1,179",$438.87,"2,145 mi",3,$0.2046
MEX,EYW,"1,178",$347.60,"1,198 mi",3,$0.2902
SCL,CXJ,"1,178",$374.51,"1,227 mi",3,$0.3052
REC,VIE,"1,177",$842.72,"5,136 mi",3,$0.1641
GIG,IQT,"1,176",$472.27,"2,473 mi",3,$0.1910
KIN,UVF,"1,176",$471.05,"1,124 mi",3,$0.4191
MEX,KMI,"1,176","$1,393.62","7,337 mi",3,$0.1899
SXM,WAW,"1,176",$839.68,"5,142 mi",3,$0.1633
MDE,SAV,"1,176",$253.96,"1,777 mi",3,$0.1429
BSB,MOC,"1,175",$232.45,270 mi,3,$0.8609
KIN,AMS,"1,175",$765.51,"4,743 mi",3,$0.1614
LIM,MSN,"1,175",$513.70,"4,006 mi",3,$0.1282
BSB,JJG,"1,175",$300.67,861 mi,3,$0.3492
KIN,STT,"1,174",$408.89,799 mi,3,$0.5118
LIM,GYN,"1,174",$426.37,"1,835 mi",3,$0.2324
MDE,ONT,"1,174",$383.18,"3,210 mi",3,$0.1194
GRU,ALB,"1,174","$1,043.24","4,746 mi",3,$0.2198
MEX,VIX,"1,174",$857.84,"4,976 mi",3,$0.1724
GIG,RIA,"1,173",$185.14,827 mi,3,$0.2239
HAV,CYB,"1,173",$167.98,288 mi,3,$0.5833
SDQ,RSW,"1,173",$333.03,981 mi,3,$0.3395
GIG,CNQ,"1,172",$170.13,"1,052 mi",3,$0.1617
MEX,CTS,"1,170","$1,372.55","6,863 mi",3,$0.2000
BOG,CZM,"1,170",$302.24,"1,348 mi",3,$0.2242
SDQ,ALB,"1,168",$230.76,"1,647 mi",3,$0.1401
SJD,DRO,"1,168",$256.90,"1,003 mi",3,$0.2561
MEX,NKG,"1,166",$808.34,"7,856 mi",3,$0.1029
CCS,PBM,"1,166",$333.77,908 mi,3,$0.3676
CUN,TWF,"1,166",$431.78,"2,113 mi",3,$0.2043
MBJ,MOB,"1,165",$305.47,"1,030 mi",3,$0.2966
REC,JPO,"1,165",$87.94,171 mi,3,$0.5143
GRU,PWM,"1,165","$1,025.39","5,021 mi",3,$0.2042
UIO,MGA,"1,165",$364.86,973 mi,3,$0.3750
LIM,LOS,"1,164","$1,425.96","5,842 mi",3,$0.2441
SCL,YYJ,"1,164",$803.60,"6,725 mi",3,$0.1195
PTY,MAA,"1,164",$821.16,"10,676 mi",3,$0.0769
SDQ,TYS,"1,164",$391.59,"1,530 mi",3,$0.2559
MTY,IST,"1,163","$1,365.34","6,968 mi",3,$0.1959
HAV,CLJ,"1,162",$565.11,"5,955 mi",3,$0.0949
BOG,CFE,"1,162",$678.10,"5,536 mi",3,$0.1225
PTY,TLS,"1,162",$546.77,"5,485 mi",3,$0.0997
BSB,BYO,"1,161",$190.60,691 mi,3,$0.2758
PTY,CEB,"1,161",$772.90,"10,035 mi",3,$0.0770
MDE,STL,"1,161",$368.04,"2,364 mi",3,$0.1557
TIJ,MFE,"1,161",$137.85,"1,172 mi",3,$0.1176
SJD,MYR,"1,160",$363.21,"1,938 mi",3,$0.1874
CLO,PBM,"1,160",$649.19,"1,510 mi",3,$0.4299
TQO,MKE,"1,160",$214.00,"1,527 mi",3,$0.1401
AUA,GRB,"1,159",$467.08,"2,382 mi",3,$0.1961
MEX,NGS,"1,159",$847.78,"7,814 mi",3,$0.1085
REC,SET,"1,159",$70.75,240 mi,3,$0.2948
GIG,YOW,"1,158",$901.09,"4,976 mi",3,$0.1811
MEX,AMA,"1,157",$292.68,"1,069 mi",3,$0.2738
MBJ,YQR,"1,156",$264.74,"2,570 mi",3,$0.1030
GRU,TFN,"1,155",$695.49,"3,986 mi",3,$0.1745
PTY,MAR,"1,155",$119.23,547 mi,3,$0.2180
GRU,DAV,"1,155",$619.48,"3,178 mi",3,$0.1949
TIJ,XMN,"1,155",$429.96,"6,865 mi",3,$0.0626
LIM,ZOS,"1,154",$248.64,"1,931 mi",3,$0.1288
SCL,SCY,"1,154",$336.87,"2,632 mi",3,$0.1280
CUN,LCH,"1,153",$265.55,720 mi,3,$0.3688
HAV,GYE,"1,153",$522.23,"1,798 mi",3,$0.2905
GRU,BIQ,"1,152","$1,709.65","5,593 mi",3,$0.3057
MEX,FAI,"1,152",$328.23,"3,724 mi",3,$0.0881
MEX,ZYR,"1,151",$623.68,"5,918 mi",3,$0.1054
SXM,SMF,"1,151",$955.89,"3,648 mi",3,$0.2620
MDE,ORF,"1,151",$376.79,"2,188 mi",3,$0.1722
SXM,VCE,"1,151",$932.78,"4,779 mi",3,$0.1952
UIO,PNS,"1,151",$600.82,"2,126 mi",3,$0.2826
LIM,SYR,"1,149",$519.61,"3,696 mi",3,$0.1406
LIM,NBO,"1,148","$1,650.35","8,054 mi",3,$0.2049
MEX,RBA,"1,148",$975.84,"5,435 mi",3,$0.1795
UIO,CJA,"1,148",$82.80,500 mi,3,$0.1656
CLO,BNA,"1,147",$345.34,"2,415 mi",3,$0.1430
SJO,MAO,"1,147",$399.80,"1,834 mi",3,$0.2180
CLO,LSC,"1,146",$230.01,"2,407 mi",3,$0.0956
PVR,ARN,"1,146",$339.70,"5,854 mi",3,$0.0580
KIN,PIT,"1,145",$200.88,"1,619 mi",3,$0.1241
MEX,TBS,"1,145",$554.59,"7,858 mi",3,$0.0706
EZE,GYN,"1,144",$302.40,"1,341 mi",3,$0.2255
UIO,ADZ,"1,144",$184.37,881 mi,3,$0.2093
AUA,ATH,"1,143",$845.24,"5,724 mi",3,$0.1477
LIM,MLA,"1,143",$739.31,"6,994 mi",3,$0.1057
EZE,BDL,"1,142","$1,135.34","5,540 mi",3,$0.2049
KIN,SCL,"1,142",$810.81,"3,461 mi",3,$0.2343
SJO,MSO,"1,141",$464.76,"3,000 mi",3,$0.1549
EZE,POS,"1,140",$975.21,"3,237 mi",3,$0.3013
LIM,SNA,"1,140",$672.78,"4,016 mi",3,$0.1675
LIM,NLU,"1,140",$228.16,"2,573 mi",3,$0.0887
EZE,LJU,"1,139","$1,005.17","6,987 mi",3,$0.1439
MDE,CJS,"1,139",$282.15,"2,745 mi",3,$0.1028
SCL,BZN,"1,139",$799.25,"6,204 mi",3,$0.1288
SDQ,CGK,"1,138","$1,236.01","11,898 mi",3,$0.1039
GRU,VPS,"1,137",$842.83,"4,711 mi",3,$0.1789
AUA,SKB,"1,136",$414.62,572 mi,3,$0.7249
PVR,DRO,"1,136",$221.97,"1,182 mi",3,$0.1878
LIM,COS,"1,136",$649.09,"3,818 mi",3,$0.1700
MEX,AYT,"1,136",$702.40,"7,578 mi",3,$0.0927
CUN,FDF,"1,135",$231.98,"1,810 mi",3,$0.1282
BOG,RUN,"1,134",$838.12,"9,149 mi",3,$0.0916
MTY,BLL,"1,134",$890.86,"5,288 mi",3,$0.1685
EZE,KIN,"1,134",$816.42,"3,722 mi",3,$0.2193
EZE,SLP,"1,134",$935.87,"4,969 mi",3,$0.1883
GIG,FNC,"1,134",$844.28,"4,088 mi",3,$0.2065
SCL,REL,"1,134",$195.13,763 mi,3,$0.2557
CCS,DMM,"1,133",$973.99,"7,710 mi",3,$0.1263
GDL,PNS,"1,133",$333.22,"1,252 mi",3,$0.2662
CUN,EAR,"1,132",$314.20,"1,489 mi",3,$0.2110
PTY,ZAG,"1,132",$768.34,"6,211 mi",3,$0.1237
EZE,IGU,"1,132",$248.87,702 mi,3,$0.3545
BOG,ACC,"1,131","$1,170.81","5,241 mi",3,$0.2234
POS,MUC,"1,131",$527.66,"5,046 mi",3,$0.1046
GDL,AGP,"1,131",$437.35,"5,669 mi",3,$0.0771
REC,QGP,"1,131",$26.68,121 mi,3,$0.2205
MDE,LIN,"1,130",$539.04,"5,488 mi",3,$0.0982
SJO,MAF,"1,130",$392.62,"1,846 mi",3,$0.2127
KIN,GVA,"1,129","$1,259.29","5,146 mi",3,$0.2447
PTY,LCG,"1,129",$468.59,"4,691 mi",3,$0.0999
MBJ,TRI,"1,128",$406.19,"1,233 mi",3,$0.3294
SXM,MKE,"1,127",$416.12,"2,182 mi",3,$0.1907
MEX,ORK,"1,126","$1,112.56","5,350 mi",3,$0.2080
MEX,PLS,"1,126",$595.79,"1,791 mi",3,$0.3327
SJO,DRS,"1,126",$545.50,"5,842 mi",3,$0.0934
SXM,PNS,"1,126",$383.21,"1,789 mi",3,$0.2142
GIG,KIX,"1,126","$1,511.12","11,978 mi",3,$0.1262
HAV,BLL,"1,126",$419.89,"5,125 mi",3,$0.0819
LIM,LAP,"1,126",$300.44,"3,254 mi",3,$0.0923
GRU,UAQ,"1,125",$218.11,"1,498 mi",3,$0.1456
TQO,LHR,"1,125",$524.14,"4,868 mi",3,$0.1077
GRU,AFL,"1,124",$251.91,"1,167 mi",3,$0.2159
BSB,SYD,"1,124","$1,551.03","8,509 mi",3,$0.1823
BOG,USH,"1,123",$465.30,"4,004 mi",3,$0.1162
TIJ,FCO,"1,123",$660.96,"6,562 mi",3,$0.1007
MTY,LTO,"1,123",$90.99,678 mi,3,$0.1342
REC,JJG,"1,122",$288.94,"1,641 mi",3,$0.1761
CCS,MIA,"1,122",$421.28,"1,322 mi",3,$0.3187
LIM,HUX,"1,121",$212.42,"2,394 mi",3,$0.0887
EZE,BHX,"1,121","$1,405.36","6,721 mi",3,$0.2091
PTY,EDI,"1,121",$595.97,"5,004 mi",3,$0.1191
SCL,ORF,"1,121",$761.04,"5,015 mi",3,$0.1518
GRU,GDN,"1,120","$1,251.69","6,404 mi",3,$0.1955
EZE,POA,"1,119",$344.07,560 mi,3,$0.6144
PTY,SGF,"1,119",$458.27,"2,070 mi",3,$0.2214
AUA,FWA,"1,118",$637.19,"2,237 mi",3,$0.2848
GDL,MVD,"1,118",$649.56,"5,072 mi",3,$0.1281
REC,IAD,"1,118",$984.94,"4,116 mi",3,$0.2393
TIJ,DEN,"1,118",$235.81,877 mi,3,$0.2689
TQO,GRR,"1,118",$205.72,"1,621 mi",3,$0.1269
AUA,DXB,"1,117","$1,093.80","8,167 mi",3,$0.1339
GIG,BSL,"1,117",$936.24,"5,969 mi",3,$0.1569
SJD,LGB,"1,117",$330.97,869 mi,3,$0.3809
CUN,RUN,"1,116",$877.85,"10,315 mi",3,$0.0851
BGI,GOI,"1,116","$1,093.78","8,428 mi",3,$0.1298
BSB,MPM,"1,116","$1,267.53","5,322 mi",3,$0.2382
CLO,AXM,"1,115",$93.84,78 mi,3,$1.2031
HAV,PNS,"1,115",$148.36,577 mi,3,$0.2571
LIM,ROC,"1,115",$599.12,"3,924 mi",3,$0.1527
MTY,STR,"1,115",$899.91,"5,531 mi",3,$0.1627
CUN,BRE,"1,114",$273.04,"5,134 mi",3,$0.0532
GRU,OKA,"1,114",$877.91,"11,660 mi",3,$0.0753
HAV,HND,"1,114","$1,816.85","7,314 mi",3,$0.2484
MEX,LED,"1,114","$1,473.85","6,082 mi",3,$0.2423
SCL,SAV,"1,114","$1,228.95","4,440 mi",3,$0.2768
SCL,SFN,"1,114",$205.02,574 mi,3,$0.3572
PTY,AEP,"1,113",$437.34,"3,411 mi",3,$0.1282
AUA,BSB,"1,113",$387.36,"2,549 mi",3,$0.1520
BOG,BGO,"1,112",$693.78,"5,406 mi",3,$0.1283
SJO,MEL,"1,112",$990.68,"8,584 mi",3,$0.1154
SCL,JJG,"1,112",$313.30,"1,364 mi",3,$0.2297
MDE,VGO,"1,111",$385.12,"4,894 mi",3,$0.0787
POS,CLE,"1,110",$312.65,"2,541 mi",3,$0.1230
PTY,TAO,"1,110",$703.67,"8,780 mi",3,$0.0801
AUA,ONT,"1,109",$646.87,"3,429 mi",3,$0.1886
BOG,ALG,"1,108",$770.97,"5,484 mi",3,$0.1406
BOG,LOS,"1,108","$1,382.02","5,163 mi",3,$0.2677
CLO,DXB,"1,108","$1,024.36","8,901 mi",3,$0.1151
GRU,TAO,"1,108","$1,652.20","11,573 mi",3,$0.1428
PVR,ACA,"1,108",$122.92,436 mi,3,$0.2819
SJO,CUC,"1,108",$242.81,787 mi,3,$0.3085
SXM,OSL,"1,108",$957.25,"4,739 mi",3,$0.2020
BOG,CTA,"1,108",$469.86,"5,798 mi",3,$0.0810
CUN,ABE,"1,108",$286.56,"1,467 mi",3,$0.1953
GRU,PTO,"1,108",$246.03,448 mi,3,$0.5492
SJO,CRP,"1,107",$318.43,"1,457 mi",3,$0.2186
SXM,PRG,"1,107",$616.94,"4,855 mi",3,$0.1271
CLO,SCQ,"1,106",$447.10,"5,092 mi",3,$0.0878
GIG,GVR,"1,106",$110.96,291 mi,3,$0.3813
KIN,YQM,"1,106",$274.61,"2,128 mi",3,$0.1290
CLO,MBJ,"1,105",$751.08,"1,008 mi",3,$0.7451
GRU,YLW,"1,105",$910.77,"6,536 mi",3,$0.1393
PTY,SNU,"1,105",$148.90,956 mi,3,$0.1558
CUN,MLA,"1,104",$638.96,"5,796 mi",3,$0.1102
MBJ,WAW,"1,104",$717.23,"5,746 mi",3,$0.1248
GIG,VER,"1,104",$826.46,"4,461 mi",3,$0.1853
GRU,KMQ,"1,103","$1,001.39","11,178 mi",3,$0.0896
SCL,DOH,"1,103","$1,292.79","9,234 mi",3,$0.1400
BOG,NAT,"1,102",$426.20,"2,688 mi",3,$0.1586
CCS,TLV,"1,102",$569.55,"6,706 mi",3,$0.0849
LIM,BGO,"1,102",$721.34,"6,479 mi",3,$0.1113
GDL,GJT,"1,100",$187.12,"1,362 mi",3,$0.1374
SXM,BUD,"1,100",$782.36,"4,807 mi",3,$0.1628
AUA,YHZ,"1,100",$337.81,"2,338 mi",3,$0.1445
POS,LIS,"1,100",$851.93,"3,857 mi",3,$0.2209
TQO,PIT,"1,099",$257.71,"1,515 mi",3,$0.1701
GIG,AUH,"1,099",$935.82,"7,104 mi",3,$0.1317
MTY,BOI,"1,099",$208.59,"1,573 mi",3,$0.1326
UIO,SAV,"1,099",$442.20,"2,169 mi",3,$0.2039
SDQ,MYR,"1,098",$276.28,"1,235 mi",3,$0.2237
SJD,YCD,"1,098",$258.60,"1,891 mi",3,$0.1368
GIG,ACC,"1,098","$1,402.68","3,404 mi",3,$0.4121
PTY,TUL,"1,098",$404.04,"2,078 mi",3,$0.1944
UIO,GRR,"1,098",$661.32,"2,914 mi",3,$0.2269
AUA,CNF,"1,097",$446.67,"2,926 mi",3,$0.1527
BSB,CPH,"1,097",$872.44,"6,237 mi",3,$0.1399
MBJ,ICN,"1,097","$1,549.13","8,505 mi",3,$0.1821
MDE,HNL,"1,097",$392.88,"5,415 mi",3,$0.0726
UIO,AXM,"1,096",$155.86,374 mi,3,$0.4167
SJO,NCL,"1,096","$1,116.32","5,196 mi",3,$0.2148
CUN,PVG,"1,095","$1,057.45","8,109 mi",3,$0.1304
PVR,SJU,"1,094",$542.28,"2,477 mi",3,$0.2189
CUN,VCP,"1,093",$761.80,"4,174 mi",3,$0.1825
GDL,POA,"1,093",$713.80,"5,066 mi",3,$0.1409
LIM,ICT,"1,093",$755.24,"3,566 mi",3,$0.2118
GIG,VGO,"1,092",$743.19,"5,158 mi",3,$0.1441
SJO,VPS,"1,092",$368.04,"1,467 mi",3,$0.2509
LIM,FPO,"1,091",$545.06,"2,588 mi",3,$0.2106
GRU,JRO,"1,090","$1,119.67","5,886 mi",3,$0.1902
PTY,SYD,"1,090","$1,078.39","8,543 mi",3,$0.1262
EZE,BHM,"1,089","$1,254.39","5,218 mi",3,$0.2404
LIM,ACE,"1,089",$598.24,"5,244 mi",3,$0.1141
BOG,MAH,"1,088",$424.91,"5,555 mi",3,$0.0765
BGI,PRG,"1,087",$665.51,"4,954 mi",3,$0.1343
UIO,YHZ,"1,087",$418.05,"3,143 mi",3,$0.1330
GRU,URG,"1,086",$218.93,810 mi,3,$0.2703
BOG,GCM,"1,086",$366.88,"1,153 mi",3,$0.3182
GRU,NSI,"1,086",$714.52,"4,460 mi",3,$0.1602
SJD,PUJ,"1,084",$610.56,"2,760 mi",3,$0.2212
EZE,BUF,"1,084","$1,183.19","5,688 mi",3,$0.2080
CLO,MSP,"1,083",$566.69,"2,942 mi",3,$0.1926
EZE,ELP,"1,083","$1,274.74","5,720 mi",3,$0.2229
CUN,MNL,"1,082","$1,051.48","9,056 mi",3,$0.1161
GDL,BZN,"1,082",$186.37,"1,747 mi",3,$0.1067
VCP,FRC,"1,082",$75.16,173 mi,3,$0.4345
MTY,VVI,"1,082",$378.60,"3,778 mi",3,$0.1002
SJD,SUN,"1,082",$529.56,"1,473 mi",3,$0.3595
GRU,DMM,"1,079","$1,300.64","7,507 mi",3,$0.1733
KIN,BUF,"1,079",$220.53,"1,783 mi",3,$0.1237
BSB,SAL,"1,078",$700.05,"3,568 mi",3,$0.1962
CLO,DTW,"1,077",$341.48,"2,787 mi",3,$0.1225
EZE,PBI,"1,077","$1,113.72","4,611 mi",3,$0.2415
BGI,NCE,"1,076","$1,077.81","4,570 mi",3,$0.2358
BOG,HSV,"1,075",$716.31,"2,288 mi",3,$0.3131
GRU,HDS,"1,075",$852.96,"4,964 mi",3,$0.1718
SJO,MXL,"1,075",$224.45,"2,595 mi",3,$0.0865
UIO,GEO,"1,075",$526.51,"1,503 mi",3,$0.3503
GIG,RGA,"1,074",$288.18,"2,416 mi",3,$0.1193
PTY,BDA,"1,074",$674.64,"1,920 mi",3,$0.3514
CCS,LIN,"1,073",$418.71,"4,882 mi",3,$0.0858
SJO,CPT,"1,073","$1,101.96","7,554 mi",3,$0.1459
SXM,MNI,"1,073",$135.20,108 mi,3,$1.2519
SDQ,SRQ,"1,073",$392.45,"1,057 mi",3,$0.3713
SJO,ALC,"1,073",$556.18,"5,286 mi",3,$0.1052
PTY,RSW,"1,072",$415.53,"1,254 mi",3,$0.3314
SCL,OPS,"1,072",$348.42,"1,822 mi",3,$0.1912
AUA,CUZ,"1,071",$316.29,"1,858 mi",3,$0.1702
CLO,TLV,"1,071",$579.55,"7,097 mi",3,$0.0817
LIM,DOH,"1,070","$1,135.25","9,248 mi",3,$0.1228
LIM,MDQ,"1,070",$275.83,"2,223 mi",3,$0.1241
MEX,CGO,"1,070","$1,119.36","8,371 mi",3,$0.1337
POS,ASU,"1,070",$821.92,"2,564 mi",3,$0.3206
SJO,VSA,"1,070",$220.09,823 mi,3,$0.2674
VCP,BAT,"1,070",$56.24,186 mi,3,$0.3024
HAV,VNO,"1,070",$572.21,"5,764 mi",3,$0.0993
MEX,OKJ,"1,070","$1,048.14","7,551 mi",3,$0.1388
GRU,MTR,"1,069",$413.86,"3,072 mi",3,$0.1347
GRU,ITB,"1,069",$217.91,"1,426 mi",3,$0.1528
SJO,VNO,"1,069",$630.18,"6,603 mi",3,$0.0954
POS,PEK,"1,068","$1,462.52","8,665 mi",3,$0.1688
CUN,PTP,"1,068",$326.47,"1,639 mi",3,$0.1992
PTY,ACC,"1,068","$1,138.68","5,587 mi",3,$0.2038
SCL,PBM,"1,068",$976.76,"2,958 mi",3,$0.3302
POS,GDN,"1,067",$736.07,"5,371 mi",3,$0.1370
SDQ,DEL,"1,067",$968.08,"8,249 mi",3,$0.1174
GDL,YOW,"1,066",$454.25,"2,394 mi",3,$0.1897
KIN,ATH,"1,066",$816.99,"5,841 mi",3,$0.1399
TQO,ABQ,"1,066",$237.25,"1,591 mi",3,$0.1491
GDL,BUD,"1,065",$789.04,"6,350 mi",3,$0.1243
SJD,AVL,"1,065",$331.18,"1,781 mi",3,$0.1860
GDL,FCA,"1,065",$231.56,"2,074 mi",3,$0.1116
PTY,KIX,"1,065","$1,156.37","8,413 mi",3,$0.1375
UIO,BDL,"1,065",$429.05,"2,840 mi",3,$0.1511
SCL,SPU,"1,064","$1,023.34","7,398 mi",3,$0.1383
GRU,YQM,"1,064",$647.34,"4,790 mi",3,$0.1351
CLO,OPO,"1,063",$521.67,"4,759 mi",3,$0.1096
CUN,JBQ,"1,062",$107.32,"1,078 mi",3,$0.0996
GRU,SVG,"1,062",$855.47,"6,605 mi",3,$0.1295
GIG,NAS,"1,061","$1,008.28","3,902 mi",3,$0.2584
GIG,TUL,"1,061",$876.07,"5,490 mi",3,$0.1596
MEX,JED,"1,061","$1,072.07","8,179 mi",3,$0.1311
SJO,RAK,"1,061",$617.30,"4,897 mi",3,$0.1261
PVR,SYR,"1,060",$570.51,"2,355 mi",3,$0.2423
LIM,BES,"1,059","$1,017.33","6,253 mi",3,$0.1627
MDE,PUU,"1,059",$183.38,410 mi,3,$0.4473
MTY,CAE,"1,059",$325.87,"1,229 mi",3,$0.2652
PVR,YXU,"1,059",$197.95,"2,141 mi",3,$0.0925
MEX,CWL,"1,059",$414.09,"5,254 mi",3,$0.0788
HAV,RIC,"1,058",$261.38,"1,078 mi",3,$0.2425
GIG,MCI,"1,057",$782.08,"5,263 mi",3,$0.1486
SJD,SAL,"1,057",$178.24,"1,555 mi",3,$0.1146
UIO,CWB,"1,057",$413.40,"2,541 mi",3,$0.1627
SDQ,DPS,"1,057","$1,066.35","12,044 mi",3,$0.0885
PTY,LCA,"1,056",$819.87,"7,337 mi",3,$0.1117
UIO,BKK,"1,056","$1,147.57","11,152 mi",3,$0.1029
BOG,SLZ,"1,056",$268.71,"2,061 mi",3,$0.1304
CUN,ABI,"1,056","$1,238.94","1,080 mi",3,$1.1472
POS,ORF,"1,055",$457.18,"1,979 mi",3,$0.2310
BOG,ROC,"1,055",$420.90,"2,583 mi",3,$0.1630
GIG,VNO,"1,055","$1,270.96","6,899 mi",3,$0.1842
MEX,YYG,"1,055",$308.89,"2,668 mi",3,$0.1158
GIG,SNA,"1,054","$1,738.82","6,452 mi",3,$0.2695
LIM,MDT,"1,054",$591.54,"3,716 mi",3,$0.1592
SCL,YXE,"1,054","$2,220.68","6,486 mi",3,$0.3424
GIG,SXM,"1,054",$710.97,"3,219 mi",3,$0.2209
AUA,TFS,"1,052",$355.74,"3,704 mi",3,$0.0960
MDE,MXL,"1,052",$319.59,"3,237 mi",3,$0.0987
BOG,TRC,"1,051",$339.34,"2,487 mi",3,$0.1364
SJO,SRQ,"1,051",$341.12,"1,171 mi",3,$0.2913
LIM,HSV,"1,051",$487.18,"3,186 mi",3,$0.1529
REC,SMT,"1,050",$218.62,"1,485 mi",3,$0.1472
EZE,AMM,"1,050",$594.67,"7,886 mi",3,$0.0754
GRU,CLY,"1,050",$771.56,"5,583 mi",3,$0.1382
MEX,OIT,"1,050","$1,188.65","7,256 mi",3,$0.1638
PTY,BLR,"1,050",$976.18,"9,930 mi",3,$0.0983
PTY,BUF,"1,050",$376.23,"2,410 mi",3,$0.1561
HAV,SXM,"1,049",$268.87,"1,255 mi",3,$0.2142
GIG,NUE,"1,049",$964.44,"5,823 mi",3,$0.1656
AUA,VCE,"1,048",$725.11,"5,080 mi",3,$0.1427
GIG,DSS,"1,046","$1,332.77","3,231 mi",3,$0.4125
PTY,EIS,"1,046",$375.22,"1,223 mi",3,$0.3068
SCL,SNA,"1,046",$992.97,"5,716 mi",3,$0.1737
UIO,BOI,"1,045",$420.74,"3,929 mi",3,$0.1071
BOG,RBA,"1,045","$1,116.96","4,604 mi",3,$0.2426
EZE,ROC,"1,045","$1,045.60","5,353 mi",3,$0.1953
GIG,SAP,"1,045",$788.13,"4,134 mi",3,$0.1906
MBJ,PVR,"1,045",$235.44,"1,730 mi",3,$0.1361
CUN,WDH,"1,044",$814.91,"7,867 mi",3,$0.1036
MTY,OPO,"1,043",$778.22,"4,983 mi",3,$0.1562
BGI,LIS,"1,043",$755.69,"3,646 mi",3,$0.2073
MEX,DSS,"1,042","$1,466.73","5,215 mi",3,$0.2813
GRU,XNA,"1,041","$1,292.85","5,327 mi",3,$0.2427
GRU,PSP,"1,040","$1,509.24","5,882 mi",3,$0.2566
BSB,GYE,"1,040",$410.32,"2,301 mi",3,$0.1783
LIM,ABJ,"1,040","$2,500.44","5,321 mi",3,$0.4699
BOG,ZIH,"1,039",$227.59,"2,112 mi",3,$0.1078
HAV,YVR,"1,039",$399.31,"2,940 mi",3,$0.1358
MEX,GYN,"1,039",$722.78,"4,329 mi",3,$0.1670
SDQ,ACK,"1,039",$195.37,"1,624 mi",3,$0.1203
TQO,YVR,"1,038",$308.66,"2,715 mi",3,$0.1137
LIM,PWM,"1,038",$891.03,"3,986 mi",3,$0.2235
BSB,BWI,"1,037",$534.25,"4,359 mi",3,$0.1226
TIJ,EWR,"1,037",$329.64,"2,486 mi",3,$0.1326
LIM,MHC,"1,037",$200.38,"2,168 mi",3,$0.0924
EZE,AGU,"1,036","$1,089.95","4,702 mi",3,$0.2318
GRU,BRA,"1,036",$344.94,766 mi,3,$0.4503
EZE,BRE,"1,036","$1,103.38","7,065 mi",3,$0.1562
HAV,MBJ,"1,036",$388.86,438 mi,3,$0.8878
TQO,BER,"1,036",$223.26,"5,740 mi",3,$0.0389
CUN,JAC,"1,035",$363.98,"2,014 mi",3,$0.1807
LIM,BRS,"1,035",$668.70,"6,398 mi",3,$0.1045
SJD,HLN,"1,034",$237.53,"1,576 mi",3,$0.1507
BOG,JAN,"1,032",$487.86,"2,233 mi",3,$0.2185
CLO,DUS,"1,032",$510.49,"5,559 mi",3,$0.0918
GRU,CKY,"1,032","$1,771.69","3,088 mi",3,$0.5737
BSB,ARN,"1,031",$930.93,"6,174 mi",3,$0.1508
SCL,LUX,"1,031",$969.80,"7,192 mi",3,$0.1348
SJO,SSA,"1,031",$337.09,"3,417 mi",3,$0.0987
UIO,MAH,"1,031",$314.85,"6,005 mi",3,$0.0524
CUN,YZF,"1,031",$569.09,"3,050 mi",3,$0.1866
GIG,JJG,"1,031",$280.74,527 mi,3,$0.5327
BOG,IGR,"1,030",$370.51,"2,408 mi",3,$0.1539
CLO,PDX,"1,030",$312.24,"4,140 mi",3,$0.0754
GIG,RMO,"1,030",$995.94,"6,380 mi",3,$0.1561
REC,NCE,"1,030",$678.24,"4,577 mi",3,$0.1482
EZE,KZN,"1,030",$545.10,"8,566 mi",3,$0.0636
LIM,EYP,"1,030",$228.48,"1,278 mi",3,$0.1788
PTY,DPS,"1,030","$1,090.78","11,786 mi",3,$0.0925
SJO,IBZ,"1,030","$1,017.35","5,384 mi",3,$0.1890
SJO,SOF,"1,030",$687.99,"6,819 mi",3,$0.1009
MDE,IGU,"1,028",$409.18,"2,684 mi",3,$0.1525
EZE,GRR,"1,026",$934.93,"5,801 mi",3,$0.1612
GDL,ASU,"1,026",$589.66,"4,541 mi",3,$0.1299
SDQ,AGU,"1,026",$367.98,"2,063 mi",3,$0.1784
UIO,YEG,"1,026",$517.45,"4,334 mi",3,$0.1194
GRU,TQO,"1,025",$493.93,"3,972 mi",3,$0.1244
MEX,BEL,"1,025","$1,033.21","3,830 mi",3,$0.2698
PVR,TVC,"1,025",$325.81,"1,946 mi",3,$0.1674
SCL,SAP,"1,025",$705.56,"3,452 mi",3,$0.2044
LIM,HAN,"1,024","$1,227.75","12,125 mi",3,$0.1013
BOG,PUF,"1,023",$492.45,"5,025 mi",3,$0.0980
GRU,KOA,"1,023","$1,570.59","8,188 mi",3,$0.1918
KIN,STI,"1,022",$246.40,430 mi,3,$0.5730
SJD,FCO,"1,022",$765.22,"6,419 mi",3,$0.1192
CUN,BJI,"1,021",$358.23,"1,941 mi",3,$0.1846
SJO,ATW,"1,020",$352.08,"2,311 mi",3,$0.1523
SXM,TYS,"1,019",$495.49,"1,718 mi",3,$0.2884
SXM,PDX,"1,018",$593.02,"3,986 mi",3,$0.1488
GRU,DAR,"1,018","$1,039.75","5,583 mi",3,$0.1862
PTY,ELP,"1,018",$375.35,"2,267 mi",3,$0.1656
REC,BYO,"1,018",$273.02,"1,646 mi",3,$0.1659
EZE,RIX,"1,017",$896.38,"7,696 mi",3,$0.1165
GIG,LCG,"1,017",$855.22,"4,924 mi",3,$0.1737
PTY,ICT,"1,016",$386.52,"2,341 mi",3,$0.1651
TIJ,HAK,"1,016",$484.80,"7,416 mi",3,$0.0654
GIG,CHS,"1,015","$1,268.86","4,685 mi",3,$0.2708
LIM,TUN,"1,013",$601.86,"6,372 mi",3,$0.0945
PVR,SCL,"1,013",$799.79,"4,503 mi",3,$0.1776
GIG,MAA,"1,012","$1,555.21","8,937 mi",3,$0.1740
MTY,BKK,"1,012",$922.64,"9,651 mi",3,$0.0956
SJO,JAN,"1,012",$431.78,"1,539 mi",3,$0.2806
PTY,PSO,"1,011",$149.86,533 mi,3,$0.2812
MEX,HAK,"1,008",$590.34,"9,332 mi",3,$0.0633
CUN,YSB,"1,007",$191.60,"1,747 mi",3,$0.1097
MEX,AQP,"1,007",$714.20,"3,191 mi",3,$0.2238
GDL,PVG,"1,006","$1,510.73","8,013 mi",3,$0.1885
HAV,CJS,"1,005",$273.07,"1,634 mi",3,$0.1671
GRU,PVD,"1,004",$957.56,"4,919 mi",3,$0.1947
AUA,LIT,"1,003",$360.61,"2,010 mi",3,$0.1794
MBJ,MLU,"1,003",$216.50,"1,267 mi",3,$0.1709
GRU,FWA,"1,002",$857.53,"5,249 mi",3,$0.1634
AUA,EDI,"1,001",$907.21,"4,468 mi",3,$0.2030
GRU,COK,"1,001","$1,139.92","8,315 mi",3,$0.1371
GIG,TFN,"1,000",$765.08,"4,090 mi",3,$0.1871
SCL,DBV,"1,000","$1,254.01","7,916 mi",3,$0.1584