ORIGIN,DESTINATION,PAX IN/OUT,AVG. FARE ($),DISTANCE (MI),DAILY PAX I/O,RPM ($/MI)
ABJ,CDG,"215,022",$680.30,"2,955 mi",589,$0.2302
ABJ,ORY,"193,897",$274.27,"3,117 mi",531,$0.0880
ABJ,DSS,"154,516",$217.58,"1,138 mi",423,$0.1912
ABJ,BKO,"96,083",$105.54,556 mi,263,$0.1898
ABJ,BEY,"75,135",$509.58,"3,107 mi",206,$0.1640
ABJ,COO,"74,034",$122.89,453 mi,203,$0.2713
ABJ,CKY,"68,750",$238.86,749 mi,188,$0.3189
ABJ,CMN,"66,634",$279.89,"2,015 mi",183,$0.1389
ABJ,ACC,"63,386",$186.08,252 mi,174,$0.7384
ABJ,OUA,"52,699",$199.73,501 mi,144,$0.3987
ABJ,LFW,"52,275",$129.75,351 mi,143,$0.3697
ABJ,DXB,"42,092",$923.86,"4,026 mi",115,$0.2295
ABJ,LOS,"41,726",$182.49,521 mi,114,$0.3503
ABJ,LBV,"32,521",$231.52,"1,007 mi",89,$0.2299
ABJ,BRU,"31,445",$336.00,"3,094 mi",86,$0.1086
ABJ,DLA,"30,539",$187.76,972 mi,84,$0.1932
ABJ,HGO,"26,771",$119.22,315 mi,73,$0.3785
ABJ,TUN,"25,874",$253.01,"2,288 mi",71,$0.1106
ABJ,JFK,"21,712",$476.79,"5,077 mi",59,$0.0939
ABJ,CAN,"20,529",$444.48,"7,535 mi",56,$0.0590
ABJ,SPY,"20,330",$80.67,186 mi,56,$0.4337
ABJ,YUL,"19,997",$449.90,"4,836 mi",55,$0.0930
ABJ,IST,"18,009",$457.08,"3,297 mi",49,$0.1386
ABJ,JNB,"15,991",$627.73,"3,149 mi",44,$0.1993
ABJ,ALG,"15,825",$192.93,"2,151 mi",43,$0.0897
ABJ,NBO,"15,678",$648.35,"2,942 mi",43,$0.2204
ABJ,CAI,"15,312",$320.52,"2,783 mi",42,$0.1152
ABJ,MXP,"14,773",$236.09,"2,978 mi",40,$0.0793
ABJ,NIM,"14,449",$250.99,725 mi,40,$0.3462
ABJ,BZV,"13,698",$399.82,"1,434 mi",38,$0.2788
ABJ,ABV,"13,144",$319.08,785 mi,36,$0.4065
ABJ,GVA,"12,790",$633.76,"2,981 mi",35,$0.2126
ABJ,NSI,"12,600",$183.77,"1,039 mi",35,$0.1769
ABJ,LYS,"12,066",$505.15,"2,933 mi",33,$0.1722
ABJ,LHR,"11,241",$876.64,"3,103 mi",31,$0.2825
ABJ,BOM,"11,027",$445.61,"5,081 mi",30,$0.0877
ABJ,MAD,"10,851",$490.11,"2,507 mi",30,$0.1955
ABJ,FIH,"10,776",$432.00,"1,539 mi",30,$0.2807
ABJ,IAD,"10,429","$1,173.28","5,259 mi",29,$0.2231
ABJ,MRS,"10,303",$632.14,"2,615 mi",28,$0.2417
ABJ,PVG,"9,743",$471.39,"8,309 mi",27,$0.0567
ABJ,NKC,"9,441",$269.32,"1,238 mi",26,$0.2175
ABJ,JED,"8,960",$562.74,"3,001 mi",25,$0.1875
ABJ,FCO,"8,397",$383.13,"2,795 mi",23,$0.1371
ABJ,TLS,"8,322",$502.69,"2,591 mi",23,$0.1940
ABJ,NCE,"7,498",$792.78,"2,821 mi",21,$0.2810
ABJ,DEL,"7,257",$419.17,"5,666 mi",20,$0.0740
ABJ,MED,"7,086",$389.09,"3,088 mi",19,$0.1260
ABJ,BJL,"6,914",$402.92,"1,000 mi",19,$0.4029
ABJ,BOD,"6,891",$598.26,"2,659 mi",19,$0.2250
ABJ,KEO,"6,889",$96.41,398 mi,19,$0.2422
ABJ,ROB,"6,855",$190.50,434 mi,19,$0.4389
ABJ,BYK,"6,456",$49.70,182 mi,18,$0.2731
ABJ,PEK,"6,326",$594.44,"7,314 mi",17,$0.0813
ABJ,BCN,"6,184",$481.01,"2,441 mi",17,$0.1971
ABJ,MNL,"6,180","$1,003.41","8,173 mi",17,$0.1228
ABJ,CPT,"5,985",$871.89,"2,991 mi",16,$0.2915
ABJ,ADD,"5,476",$656.72,"2,851 mi",15,$0.2303
ABJ,AMS,"5,401",$891.61,"3,189 mi",15,$0.2796
ABJ,MJC,"5,207",$98.60,278 mi,14,$0.3547
ABJ,NDJ,"5,092",$593.21,"1,419 mi",14,$0.4180
ABJ,VCE,"5,085",$406.40,"3,036 mi",14,$0.1339
ABJ,LIS,"5,027",$554.17,"2,268 mi",14,$0.2443
ABJ,KGL,"4,972",$446.63,"2,332 mi",14,$0.1915
ABJ,BLQ,"4,869",$274.74,"2,951 mi",13,$0.0931
ABJ,FRA,"4,703",$545.16,"3,273 mi",13,$0.1666
ABJ,BOY,"4,643",$70.89,420 mi,13,$0.1688
ABJ,SEZ,"4,522",$519.04,"4,284 mi",12,$0.1212
ABJ,PKX,"4,428",$504.69,"7,322 mi",12,$0.0689
ABJ,LIN,"4,173",$406.92,"2,975 mi",11,$0.1368
ABJ,PNR,"4,027",$412.82,"1,255 mi",11,$0.3289
ABJ,TNR,"3,922",$547.71,"3,988 mi",11,$0.1373
ABJ,DOH,"3,530",$524.33,"3,801 mi",10,$0.1379
ABJ,NTE,"3,449",$410.37,"2,985 mi",9,$0.1375
ABJ,BGF,"3,424",$592.25,"1,500 mi",9,$0.3948
ABJ,FNA,"3,411",$360.29,697 mi,9,$0.5169
ABJ,DAR,"3,321",$672.60,"3,183 mi",9,$0.2113
ABJ,HND,"3,269","$1,781.51","8,501 mi",9,$0.2096
ABJ,BER,"3,251",$650.85,"3,505 mi",9,$0.1857
ABJ,ATL,"3,242",$740.55,"5,635 mi",9,$0.1314
ABJ,YYZ,"3,161","$1,074.11","5,096 mi",9,$0.2108
ABJ,ZRH,"3,152",$845.02,"3,098 mi",9,$0.2728
ABJ,RAK,"3,130",$363.82,"1,895 mi",9,$0.1920
ABJ,OXB,"3,022",$358.02,895 mi,8,$0.4000
ABJ,MAA,"3,001",$539.45,"5,913 mi",8,$0.0912
ABJ,EBB,"2,921",$517.44,"2,459 mi",8,$0.2104
ABJ,MUC,"2,883",$628.11,"3,212 mi",8,$0.1956
ABJ,TFU,"2,874",$661.58,"7,328 mi",8,$0.0903
ABJ,ICN,"2,781",$747.13,"7,850 mi",8,$0.0952
ABJ,BKK,"2,761",$774.98,"6,897 mi",8,$0.1124
ABJ,SIN,"2,759","$1,449.30","7,218 mi",8,$0.2008
ABJ,YOW,"2,707",$684.34,"4,924 mi",7,$0.1390
ABJ,MRU,"2,645","$1,105.36","4,675 mi",7,$0.2364
ABJ,LGW,"2,627",$194.72,"3,273 mi",7,$0.0595
ABJ,LAD,"2,604",$832.74,"1,578 mi",7,$0.5277
ABJ,AGP,"2,565",$230.92,"2,106 mi",7,$0.1096
ABJ,CPH,"2,529",$731.40,"3,706 mi",7,$0.1974
ABJ,DME,"2,507",$628.03,"4,285 mi",7,$0.1466
ABJ,MPL,"2,507",$558.49,"2,610 mi",7,$0.2140
ABJ,VIE,"2,416",$974.10,"3,294 mi",7,$0.2957
ABJ,MIA,"2,381","$1,371.85","5,369 mi",7,$0.2555
ABJ,HAM,"2,368",$420.34,"3,536 mi",6,$0.1189
ABJ,SEA,"2,276",$420.26,"7,012 mi",6,$0.0599
ABJ,OPO,"2,270",$302.97,"2,578 mi",6,$0.1175
ABJ,SFO,"2,233",$940.68,"7,282 mi",6,$0.1292
ABJ,ORD,"2,215",$526.51,"5,496 mi",6,$0.0958
ABJ,IAH,"2,158","$1,120.63","6,305 mi",6,$0.1777
ABJ,NAP,"2,143",$345.32,"2,626 mi",6,$0.1315
ABJ,EWR,"2,142",$548.53,"5,097 mi",6,$0.1076
ABJ,KUL,"2,124",$692.74,"7,493 mi",6,$0.0925
ABJ,LUN,"2,073",$879.16,"2,554 mi",6,$0.3442
ABJ,DFW,"2,035",$429.06,"6,387 mi",6,$0.0672
ABJ,BLR,"2,021",$527.28,"5,741 mi",6,$0.0918
ABJ,PER,"2,008","$3,541.04","8,398 mi",6,$0.4217
ABJ,MAN,"1,936",$648.57,"3,224 mi",5,$0.2012
ABJ,RAI,"1,936",$381.76,"1,532 mi",5,$0.2492
ABJ,OTP,"1,932",$709.64,"3,364 mi",5,$0.2110
ABJ,BJM,"1,905",$698.19,"2,299 mi",5,$0.3037
ABJ,ARN,"1,880",$499.28,"4,049 mi",5,$0.1233
ABJ,VLC,"1,875",$438.34,"2,446 mi",5,$0.1792
ABJ,OSL,"1,827",$506.18,"3,761 mi",5,$0.1346
ABJ,RUH,"1,825",$552.88,"3,506 mi",5,$0.1577
ABJ,MEX,"1,775","$1,255.90","6,238 mi",5,$0.2013
ABJ,HKG,"1,731",$906.89,"7,592 mi",5,$0.1195
ABJ,DAM,"1,686",$337.72,"3,338 mi",5,$0.1012
ABJ,TRN,"1,671",$288.58,"2,761 mi",5,$0.1045
ABJ,ATH,"1,668",$690.67,"2,943 mi",5,$0.2347
ABJ,BOG,"1,660","$1,213.22","4,686 mi",5,$0.2589
ABJ,DUS,"1,642",$402.15,"3,336 mi",4,$0.1205
ABJ,SGN,"1,639",$724.23,"7,761 mi",4,$0.0933
ABJ,CGK,"1,535","$1,288.82","7,897 mi",4,$0.1632
ABJ,MPM,"1,533",$459.56,"3,161 mi",4,$0.1454
ABJ,ZNZ,"1,448",$408.41,"3,172 mi",4,$0.1288
ABJ,GIG,"1,438","$1,356.14","3,188 mi",4,$0.4254
ABJ,SSG,"1,419",$409.29,850 mi,4,$0.4815
ABJ,NRT,"1,396","$1,725.39","9,042 mi",4,$0.1908
ABJ,GRU,"1,363","$1,383.83","3,381 mi",4,$0.4093
ABJ,BES,"1,333",$789.83,"2,894 mi",4,$0.2729
ABJ,EDI,"1,319","$1,130.94","3,607 mi",4,$0.3135
ABJ,TLV,"1,299",$971.59,"3,205 mi",4,$0.3031
ABJ,LAX,"1,288",$976.28,"7,610 mi",4,$0.1283
ABJ,SLC,"1,255",$568.94,"7,116 mi",3,$0.0800
ABJ,HRE,"1,249",$928.28,"2,789 mi",3,$0.3328
ABJ,WAW,"1,228",$918.32,"3,432 mi",3,$0.2676
ABJ,PRG,"1,153",$664.83,"3,371 mi",3,$0.1972
ABJ,ZYR,"1,131",$791.73,"3,095 mi",3,$0.2558
ABJ,BSL,"1,129",$762.49,"2,913 mi",3,$0.2618
ABJ,HAN,"1,114",$917.10,"7,122 mi",3,$0.1288
ABJ,RIX,"1,080",$946.26,"3,995 mi",3,$0.2369
ABJ,ABZ,"1,065","$1,382.04","3,698 mi",3,$0.3737
ABJ,DTW,"1,053",$482.56,"5,270 mi",3,$0.0916
ABJ,STR,"1,053",$788.09,"3,191 mi",3,$0.2470
ABJ,LIM,"1,040","$2,500.44","5,321 mi",3,$0.4699
ABJ,DUB,"1,036","$1,022.63","3,230 mi",3,$0.3166
ABJ,GDN,"1,027",$728.08,"3,508 mi",3,$0.2075
ABV,LOS,"1,814,905",$46.06,308 mi,"4,972",$0.1495
ABV,PHC,"338,985",$47.83,285 mi,929,$0.1678
ABV,KAN,"203,219",$32.17,234 mi,557,$0.1375
ABV,ABB,"185,895",$51.50,204 mi,509,$0.2525
ABV,ENU,"166,097",$48.86,181 mi,455,$0.2699
ABV,QUO,"162,142",$19.96,282 mi,444,$0.0708
ABV,QOW,"159,694",$53.70,254 mi,438,$0.2114
ABV,BNI,"157,454",$47.69,211 mi,431,$0.2260
ABV,LHR,"132,566",$857.00,"3,056 mi",363,$0.2804
ABV,SKO,"113,257",$61.55,313 mi,310,$0.1966
ABV,YOL,"89,965",$35.27,364 mi,246,$0.0969
ABV,CBQ,"80,880",$24.57,279 mi,222,$0.0881
ABV,MIU,"79,427",$42.51,455 mi,218,$0.0934
ABV,ILR,"71,356",$45.81,199 mi,195,$0.2302
ABV,AKR,"53,300",$44.65,176 mi,146,$0.2537
ABV,CAI,"48,998",$274.58,"2,198 mi",134,$0.1249
ABV,JED,"41,367",$401.61,"2,223 mi",113,$0.1807
ABV,ACC,"37,460",$258.67,544 mi,103,$0.4755
ABV,IBA,"36,890",$42.84,260 mi,101,$0.1648
ABV,GMO,"34,030",$47.49,271 mi,93,$0.1752
ABV,QRW,"29,477",$79.04,248 mi,81,$0.3187
ABV,MED,"26,303",$340.62,"2,462 mi",72,$0.1384
ABV,NBO,"23,080",$619.29,"2,098 mi",63,$0.2952
ABV,DKA,"22,512",$56.98,270 mi,62,$0.2110
ABV,CAN,"20,857",$509.32,"7,177 mi",57,$0.0710
ABV,DXB,"18,657",$679.25,"3,247 mi",51,$0.2092
ABV,IAD,"17,409",$683.71,"5,379 mi",48,$0.1271
ABV,IST,"17,072",$367.74,"2,664 mi",47,$0.1380
ABV,LGW,"16,277",$171.62,"2,854 mi",45,$0.0601
ABV,CDG,"15,636",$581.98,"2,694 mi",43,$0.2160
ABV,YYZ,"15,624",$603.47,"5,466 mi",43,$0.1104
ABV,PEK,"14,844",$601.88,"7,015 mi",41,$0.0858
ABV,MAN,"14,356",$323.59,"3,017 mi",39,$0.1073
ABV,JOS,"13,018",$53.90,114 mi,36,$0.4728
ABV,DSS,"12,750",$349.33,"1,741 mi",35,$0.2006
ABV,JNB,"12,516",$545.08,"2,891 mi",34,$0.1885
ABV,DOH,"12,390",$447.96,"3,024 mi",34,$0.1481
ABV,JFK,"12,122",$692.73,"5,505 mi",33,$0.1258
ABV,BEY,"11,621",$322.89,"2,406 mi",32,$0.1342
ABV,EBB,"11,194",$316.90,"1,895 mi",31,$0.1672
ABV,PVG,"10,207",$642.42,"7,082 mi",28,$0.0907
ABV,DEL,"10,110",$461.08,"4,843 mi",28,$0.0952
ABV,CMN,"9,699",$434.60,"1,873 mi",27,$0.2320
ABV,LFW,"9,291",$256.27,442 mi,25,$0.5798
ABV,IAH,"8,633",$739.84,"6,449 mi",24,$0.1147
ABV,DLA,"8,411",$288.24,372 mi,23,$0.7748
ABV,BCU,"8,265",$51.73,189 mi,23,$0.2737
ABV,FRA,"8,022",$441.89,"2,751 mi",22,$0.1606
ABV,RUH,"7,638",$279.68,"2,731 mi",21,$0.1024
ABV,ADD,"7,449",$513.88,"2,216 mi",20,$0.2319
ABV,MXJ,"6,859",$40.59,67 mi,19,$0.6058
ABV,KGL,"6,810",$481.33,"1,800 mi",19,$0.2674
ABV,ATL,"6,797",$563.60,"5,792 mi",19,$0.0973
ABV,NDJ,"6,521",$574.47,587 mi,18,$0.9787
ABV,FNA,"6,102",$623.01,"1,355 mi",17,$0.4598
ABV,GVA,"6,003",$879.32,"2,650 mi",16,$0.3318
ABV,BJL,"5,903",$492.99,"1,697 mi",16,$0.2905
ABV,FCO,"5,538",$548.02,"2,217 mi",15,$0.2472
ABV,ROB,"5,357",$205.89,"1,259 mi",15,$0.1635
ABV,DFW,"5,288",$403.38,"6,493 mi",14,$0.0621
ABV,TFU,"4,774",$811.69,"6,137 mi",13,$0.1323
ABV,AMS,"4,735",$602.46,"2,905 mi",13,$0.2074
ABV,BOM,"4,637",$447.08,"4,562 mi",13,$0.0980
ABV,BER,"4,632",$778.93,"2,926 mi",13,$0.2662
ABV,EWR,"4,591",$632.26,"5,527 mi",13,$0.1144
ABV,KWI,"4,482",$243.26,"2,891 mi",12,$0.0841
ABV,VIE,"4,454",$599.15,"2,673 mi",12,$0.2241
ABV,NSI,"4,385",$400.77,455 mi,12,$0.8808
ABV,COO,"4,371",$360.45,370 mi,12,$0.9742
ABV,BRU,"4,321",$576.47,"2,812 mi",12,$0.2050
ABV,CPT,"4,277",$529.62,"2,969 mi",12,$0.1784
ABV,DAR,"4,077",$587.15,"2,532 mi",11,$0.2319
ABV,LAX,"3,939",$525.93,"7,572 mi",11,$0.0695
ABV,ORD,"3,737",$587.71,"5,883 mi",10,$0.0999
ABV,MAD,"3,557",$589.08,"2,343 mi",10,$0.2514
ABV,BOS,"3,546","$1,063.48","5,358 mi",10,$0.1985
ABV,BGW,"3,472",$365.37,"2,800 mi",10,$0.1305
ABV,MXP,"3,399",$457.01,"2,456 mi",9,$0.1861
ABV,NIM,"3,386",$561.51,477 mi,9,$1.1772
ABV,OUA,"3,228",$450.53,658 mi,9,$0.6847
ABV,DUB,"3,166",$542.77,"3,255 mi",9,$0.1667
ABV,TLV,"3,106",$927.07,"2,306 mi",9,$0.4020
ABV,CPH,"3,001",$547.18,"3,137 mi",8,$0.1744
ABV,ALG,"2,962",$476.33,"1,872 mi",8,$0.2544
ABV,PKX,"2,961",$705.39,"7,020 mi",8,$0.1005
ABV,MUC,"2,838",$683.38,"2,813 mi",8,$0.2429
ABV,LIS,"2,824",$471.41,"2,363 mi",8,$0.1995
ABV,YUL,"2,530",$547.50,"5,500 mi",7,$0.0995
ABV,DME,"2,512",$493.98,"3,507 mi",7,$0.1409
ABV,YYC,"2,502",$600.69,"6,806 mi",7,$0.0883
ABV,ZRH,"2,414",$507.80,"2,578 mi",7,$0.1970
ABV,LUN,"2,412",$606.30,"2,288 mi",7,$0.2650
ABV,BCN,"2,403",$641.08,"2,321 mi",7,$0.2762
ABV,EDI,"2,312",$536.31,"3,195 mi",6,$0.1679
ABV,CKY,"2,303",$564.80,"1,381 mi",6,$0.4090
ABV,DUS,"2,236","$1,051.26","3,009 mi",6,$0.3494
ABV,YVR,"2,151",$763.75,"7,202 mi",6,$0.1060
ABV,DMM,"2,135",$300.83,"3,120 mi",6,$0.0964
ABV,BKK,"2,130",$613.67,"6,113 mi",6,$0.1004
ABV,HRE,"2,118",$637.78,"2,397 mi",6,$0.2661
ABV,AMM,"2,095",$290.01,"2,492 mi",6,$0.1164
ABV,BHX,"1,967",$465.15,"2,953 mi",5,$0.1575
ABV,YWG,"1,939",$571.27,"6,184 mi",5,$0.0924
ABV,SIN,"1,929",$772.32,"6,862 mi",5,$0.1126
ABV,BLR,"1,898",$700.73,"4,913 mi",5,$0.1426
ABV,BKO,"1,896",$467.36,"1,029 mi",5,$0.4542
ABV,MNL,"1,893",$649.34,"7,388 mi",5,$0.0879
ABV,ECN,"1,852",$505.03,"2,524 mi",5,$0.2001
ABV,ICN,"1,828",$692.04,"7,592 mi",5,$0.0912
ABV,OXB,"1,809",$580.00,"1,616 mi",5,$0.3589
ABV,SFO,"1,800",$798.39,"8,099 mi",5,$0.0986
ABV,ZNZ,"1,781",$362.99,"2,513 mi",5,$0.1444
ABV,AUH,"1,766",$565.79,"3,392 mi",5,$0.1668
ABV,GRU,"1,763","$1,359.74","4,136 mi",5,$0.3288
ABV,KUL,"1,754",$509.82,"6,297 mi",5,$0.0810
ABV,ATH,"1,739",$576.70,"2,320 mi",5,$0.2486
ABV,ARN,"1,728",$443.65,"3,437 mi",5,$0.1291
ABV,HAM,"1,700",$471.67,"3,180 mi",5,$0.1483
ABV,TUN,"1,644",$470.84,"1,875 mi",5,$0.2511
ABV,RAI,"1,639",$749.37,"2,179 mi",4,$0.3439
ABV,SEA,"1,633","$2,406.40","7,243 mi",4,$0.3322
ABV,PRG,"1,608",$404.76,"2,781 mi",4,$0.1455
ABV,HGH,"1,595",$429.19,"7,030 mi",4,$0.0611
ABV,JUB,"1,587",$453.83,"1,642 mi",4,$0.2764
ABV,NRT,"1,572","$1,345.17","8,337 mi",4,$0.1613
ABV,BUD,"1,454",$611.83,"2,665 mi",4,$0.2296
ABV,MAA,"1,432",$493.61,"5,085 mi",4,$0.0971
ABV,WAW,"1,425",$550.17,"2,988 mi",4,$0.1841
ABV,HKG,"1,379",$711.28,"6,814 mi",4,$0.1044
ABV,FIH,"1,359",$719.90,"1,115 mi",4,$0.6457
ABV,YOW,"1,352",$799.72,"5,597 mi",4,$0.1429
ABV,LAD,"1,326","$1,015.19","1,262 mi",4,$0.8044
ABV,BZV,"1,307",$720.31,"1,037 mi",4,$0.6946
ABV,LAS,"1,277","$1,549.96","7,800 mi",3,$0.1987
ABV,HYD,"1,257",$479.29,"4,655 mi",3,$0.1030
ABV,ESB,"1,245",$352.72,"2,749 mi",3,$0.1283
ABV,GLA,"1,205",$600.21,"3,201 mi",3,$0.1875
ABV,NCE,"1,205","$1,350.88","2,467 mi",3,$0.5476
ABV,ISB,"1,201",$768.97,"4,337 mi",3,$0.1773
ABV,MIA,"1,197","$1,042.51","5,623 mi",3,$0.1854
ABV,OSL,"1,193",$483.00,"3,648 mi",3,$0.1324
ABV,LLW,"1,172",$755.10,"2,334 mi",3,$0.3235
ABV,HND,"1,163","$1,524.43","8,317 mi",3,$0.1833
ABV,RDU,"1,144",$920.37,"5,804 mi",3,$0.1586
ABV,VCE,"1,143",$701.32,"2,464 mi",3,$0.2846
ABV,NCL,"1,133",$562.24,"3,121 mi",3,$0.1801
ABV,OTP,"1,124",$708.93,"2,622 mi",3,$0.2704
ABV,RAK,"1,114",$489.41,"1,789 mi",3,$0.2736
ABV,WDH,"1,081",$670.73,"2,215 mi",3,$0.3028
ABV,YEG,"1,070",$520.37,"6,715 mi",3,$0.0775
ABV,SEZ,"1,061",$293.05,"3,559 mi",3,$0.0823
ABV,ABZ,"1,049",$777.82,"3,267 mi",3,$0.2381
ABV,BLQ,"1,037",$381.73,"2,392 mi",3,$0.1596
ACC,KMS,"412,084",$99.75,128 mi,"1,129",$0.7793
ACC,LOS,"227,824",$97.15,256 mi,624,$0.3795
ACC,TML,"183,862",$128.91,269 mi,504,$0.4792
ACC,LHR,"170,101",$559.09,"3,074 mi",466,$0.1819
ACC,DXB,"124,931",$437.84,"4,025 mi",342,$0.1088
ACC,TKD,"115,592",$116.71,125 mi,317,$0.9337
ACC,JFK,"106,278",$513.47,"4,955 mi",291,$0.1036
ACC,LGW,"83,677",$391.95,"3,053 mi",229,$0.1284
ACC,AMS,"82,323",$366.96,"3,142 mi",226,$0.1168
ACC,JNB,"71,928",$477.15,"2,817 mi",197,$0.1694
ACC,IAD,"65,177",$670.91,"5,133 mi",179,$0.1307
ACC,ROB,"57,040",$159.14,723 mi,156,$0.2201
ACC,NBO,"45,716",$517.60,"2,682 mi",125,$0.1930
ACC,CAN,"40,277",$490.52,"7,754 mi",110,$0.0633
ACC,YYZ,"35,440",$369.99,"5,588 mi",97,$0.0662
ACC,FNA,"31,730",$260.68,889 mi,87,$0.2932
ACC,BRU,"29,785",$227.37,"3,047 mi",82,$0.0746
ACC,NYI,"29,504",$51.15,198 mi,81,$0.2583
ACC,BEY,"25,117",$370.89,"2,911 mi",69,$0.1274
ACC,JED,"22,514",$258.73,"2,766 mi",62,$0.0935
ACC,EWR,"20,483",$354.68,"5,283 mi",56,$0.0671
ACC,ORD,"20,281",$433.34,"6,018 mi",56,$0.0720
ACC,CPT,"20,162",$574.34,"3,086 mi",55,$0.1861
ACC,IST,"19,704",$409.11,"2,950 mi",54,$0.1387
ACC,BOS,"19,335",$454.45,"4,833 mi",53,$0.0940
ACC,DOH,"19,289",$255.53,"3,788 mi",53,$0.0675
ACC,BOM,"18,733",$287.60,"4,835 mi",51,$0.0595
ACC,DSS,"18,664",$393.75,"1,347 mi",51,$0.2923
ACC,CDG,"18,555",$499.36,"3,093 mi",51,$0.1614
ACC,FRA,"18,517",$295.02,"3,204 mi",51,$0.0921
ACC,WZA,"18,192",$62.70,338 mi,50,$0.1855
ACC,DEL,"17,899",$362.85,"5,103 mi",49,$0.0711
ACC,ATL,"17,678",$560.60,"5,504 mi",48,$0.1019
ACC,CAI,"16,882",$245.41,"2,741 mi",46,$0.0895
ACC,HAM,"16,871",$234.36,"3,266 mi",46,$0.0718
ACC,BCN,"15,586",$246.37,"2,544 mi",43,$0.0968
ACC,MAD,"15,494",$255.03,"2,347 mi",42,$0.1087
ACC,RUH,"13,665",$201.96,"3,274 mi",37,$0.0617
ACC,CMN,"12,816",$427.89,"2,035 mi",35,$0.2103
ACC,BLQ,"12,208",$207.56,"2,860 mi",33,$0.0726
ACC,BER,"12,167",$338.37,"3,223 mi",33,$0.1050
ACC,DUS,"11,881",$245.81,"3,086 mi",33,$0.0797
ACC,PVG,"11,858",$630.86,"8,084 mi",32,$0.0780
ACC,OUA,"11,844",$326.28,489 mi,32,$0.6672
ACC,EBB,"11,725",$382.84,"2,350 mi",32,$0.1629
ACC,KGL,"11,684",$366.97,"2,221 mi",32,$0.1652
ACC,VCE,"11,521",$362.12,"2,944 mi",32,$0.1230
ACC,MAN,"11,331",$348.18,"3,400 mi",31,$0.1024
ACC,CMH,"10,734",$450.29,"5,417 mi",29,$0.0831
ACC,BJL,"10,701",$398.70,"1,206 mi",29,$0.3306
ACC,ADD,"10,461",$432.45,"2,759 mi",29,$0.1567
ACC,FCO,"10,048",$319.02,"2,693 mi",28,$0.1185
ACC,LAX,"9,688",$702.34,"7,348 mi",27,$0.0956
ACC,DFW,"9,308",$546.33,"6,596 mi",26,$0.0828
ACC,DAR,"9,160",$484.94,"2,933 mi",25,$0.1653
ACC,CKY,"9,130",$512.41,932 mi,25,$0.5498
ACC,IAH,"9,094",$806.74,"6,143 mi",25,$0.1313
ACC,BKO,"9,085",$277.22,736 mi,25,$0.3767
ACC,PEK,"9,067",$627.06,"7,561 mi",25,$0.0829
ACC,GVA,"8,461",$736.51,"2,917 mi",23,$0.2525
ACC,LFW,"8,313",$88.90,108 mi,23,$0.8231
ACC,LIN,"7,989",$341.13,"2,727 mi",22,$0.1251
ACC,SHJ,"7,707",$154.05,"4,036 mi",21,$0.0382
ACC,MXP,"7,654",$218.42,"2,732 mi",21,$0.0799
ACC,ICN,"7,444",$820.07,"8,135 mi",20,$0.1008
ACC,MED,"7,419",$232.39,"2,860 mi",20,$0.0813
ACC,MUC,"7,364",$388.32,"2,945 mi",20,$0.1319
ACC,KWI,"7,302",$180.60,"3,640 mi",20,$0.0496
ACC,DEN,"7,032",$769.60,"6,527 mi",19,$0.1179
ACC,PKX,"6,976",$352.05,"7,567 mi",19,$0.0465
ACC,YUL,"6,928",$382.21,"5,302 mi",19,$0.0721
ACC,AUH,"6,768",$189.18,"3,969 mi",19,$0.0477
ACC,SFO,"6,736",$706.75,"7,909 mi",18,$0.0894
ACC,VIE,"6,720",$361.52,"3,191 mi",18,$0.1133
ACC,CPH,"6,491",$335.71,"3,421 mi",18,$0.0981
ACC,SIN,"6,489",$926.05,"7,397 mi",18,$0.1252
ACC,ZRH,"6,156",$491.20,"3,026 mi",17,$0.1623
ACC,DMM,"6,122",$247.75,"3,480 mi",17,$0.0712
ACC,BHX,"6,072",$341.85,"3,141 mi",17,$0.1088
ACC,LIS,"5,922",$485.81,"2,430 mi",16,$0.1999
ACC,LUN,"5,743",$462.24,"2,508 mi",16,$0.1843
ACC,MNL,"5,517",$903.04,"8,420 mi",15,$0.1072
ACC,CLT,"5,380",$455.71,"5,639 mi",15,$0.0808
ACC,PER,"5,369","$2,726.79","7,712 mi",15,$0.3536
ACC,MSP,"5,347",$639.88,"5,911 mi",15,$0.1083
ACC,HRE,"5,314",$364.08,"2,761 mi",15,$0.1319
ACC,NRT,"5,232","$1,071.52","8,860 mi",14,$0.1209
ACC,PHL,"5,031",$455.42,"5,025 mi",14,$0.0906
ACC,DLA,"5,008",$458.80,711 mi,14,$0.6453
ACC,MCO,"4,877",$685.73,"5,662 mi",13,$0.1211
ACC,LBV,"4,830",$366.31,728 mi,13,$0.5032
ACC,MIA,"4,795",$663.89,"5,273 mi",13,$0.1259
ACC,DTW,"4,670",$624.94,"5,778 mi",13,$0.1082
ACC,WDH,"4,581",$454.23,"2,209 mi",13,$0.2056
ACC,STR,"4,332",$343.52,"2,936 mi",12,$0.1170
ACC,NAP,"4,330",$187.25,"2,518 mi",12,$0.0744
ACC,CVG,"4,132",$381.08,"5,850 mi",11,$0.0651
ACC,SEA,"4,103",$634.58,"7,146 mi",11,$0.0888
ACC,AMM,"4,098",$205.72,"3,040 mi",11,$0.0677
ACC,COO,"3,969",$270.67,188 mi,11,$1.4397
ACC,TLV,"3,905",$751.26,"2,818 mi",11,$0.2666
ACC,OSL,"3,880",$419.86,"3,703 mi",11,$0.1134
ACC,RDU,"3,854",$603.58,"5,194 mi",11,$0.1162
ACC,ARN,"3,841",$313.36,"3,970 mi",11,$0.0789
ACC,KUL,"3,799",$764.62,"7,225 mi",10,$0.1058
ACC,SLC,"3,787",$710.45,"7,293 mi",10,$0.0974
ACC,TFU,"3,726",$485.70,"7,091 mi",10,$0.0685
ACC,FIH,"3,640",$649.59,"1,241 mi",10,$0.5234
ACC,BGW,"3,605",$375.06,"3,324 mi",10,$0.1128
ACC,YVR,"3,561",$807.47,"7,123 mi",10,$0.1134
ACC,BKK,"3,558",$689.73,"7,060 mi",10,$0.0977
ACC,DME,"3,456",$682.28,"4,150 mi",9,$0.1644
ACC,AGP,"3,448",$315.54,"2,229 mi",9,$0.1416
ACC,DUB,"3,408",$534.81,"3,222 mi",9,$0.1660
ACC,ABZ,"3,349",$548.96,"3,674 mi",9,$0.1494
ACC,EBL,"3,341",$286.23,"3,605 mi",9,$0.0794
ACC,BUD,"3,305",$457.43,"3,018 mi",9,$0.1516
ACC,DUR,"3,235",$508.20,"3,101 mi",9,$0.1639
ACC,MPM,"3,183",$468.73,"3,185 mi",9,$0.1472
ACC,GRU,"3,181",$745.34,"3,821 mi",9,$0.1951
ACC,LAD,"3,141",$673.43,"1,319 mi",9,$0.5106
ACC,YYC,"3,136",$661.80,"6,713 mi",9,$0.0986
ACC,HAJ,"3,077",$202.49,"3,385 mi",8,$0.0598
ACC,MRU,"3,075",$719.53,"4,445 mi",8,$0.1619
ACC,SYD,"3,015","$1,019.11","10,046 mi",8,$0.1014
ACC,EDI,"3,009",$501.33,"3,379 mi",8,$0.1484
ACC,ATH,"2,978",$524.27,"2,780 mi",8,$0.1886
ACC,LCY,"2,959",$404.30,"3,076 mi",8,$0.1314
ACC,PHX,"2,882",$567.88,"7,023 mi",8,$0.0809
ACC,OPO,"2,859",$443.57,"2,441 mi",8,$0.1817
ACC,NIM,"2,817",$391.27,584 mi,8,$0.6700
ACC,HEL,"2,809",$399.96,"4,122 mi",8,$0.0970
ACC,TPA,"2,800",$548.15,"5,405 mi",8,$0.1014
ACC,YEG,"2,766",$478.16,"6,641 mi",8,$0.0720
ACC,MAA,"2,759",$466.58,"5,647 mi",8,$0.0826
ACC,BLR,"2,756",$553.71,"5,157 mi",8,$0.1074
ACC,LAS,"2,719",$687.47,"7,130 mi",7,$0.0964
ACC,PHC,"2,697",$153.77,506 mi,7,$0.3039
ACC,ALG,"2,668",$655.80,"2,094 mi",7,$0.3132
ACC,HKG,"2,641","$1,117.98","7,358 mi",7,$0.1519
ACC,NSI,"2,594",$463.36,792 mi,7,$0.5851
ACC,TMS,"2,594",$311.19,614 mi,7,$0.5068
ACC,AUS,"2,529",$665.76,"6,662 mi",7,$0.0999
ACC,ORY,"2,486",$250.31,"2,894 mi",7,$0.0865
ACC,HYD,"2,458",$422.61,"5,192 mi",7,$0.0814
ACC,OTP,"2,430",$532.45,"3,219 mi",7,$0.1654
ACC,ZNZ,"2,430",$360.21,"2,752 mi",7,$0.1309
ACC,PNR,"2,399",$565.66,"1,067 mi",7,$0.5301
ACC,BEG,"2,397",$475.17,"3,067 mi",7,$0.1549
ACC,BAH,"2,389",$246.59,"3,526 mi",7,$0.0699
ACC,MLA,"2,372",$467.04,"2,219 mi",6,$0.2105
ACC,MBA,"2,367",$480.91,"2,738 mi",6,$0.1756
ACC,PRG,"2,352",$622.52,"3,090 mi",6,$0.2015
ACC,BRE,"2,301",$282.59,"3,217 mi",6,$0.0878
ACC,QOW,"2,276",$108.73,492 mi,6,$0.2210
ACC,SZX,"2,216",$791.32,"7,800 mi",6,$0.1015
ACC,GBE,"2,204",$498.67,"2,806 mi",6,$0.1777
ACC,WAW,"2,196",$459.48,"3,538 mi",6,$0.1299
ACC,IND,"2,190",$592.02,"5,592 mi",6,$0.1059
ACC,TUN,"2,168",$423.18,"2,325 mi",6,$0.1820
ACC,HND,"2,149","$1,728.96","8,327 mi",6,$0.2076
ACC,LLW,"2,130",$559.95,"2,767 mi",6,$0.2024
ACC,DCA,"2,108",$618.82,"5,112 mi",6,$0.1211
ACC,BZV,"2,045","$1,129.38","1,225 mi",6,$0.9219
ACC,BDL,"2,036",$510.23,"5,215 mi",6,$0.0978
ACC,PMO,"2,032",$240.94,"2,472 mi",6,$0.0975
ACC,CLE,"2,012",$548.17,"5,366 mi",6,$0.1022
ACC,BNA,"1,985",$427.95,"5,622 mi",5,$0.0761
ACC,NCL,"1,945",$650.34,"3,314 mi",5,$0.1962
ACC,SAN,"1,944",$622.90,"7,765 mi",5,$0.0802
ACC,MRS,"1,942",$876.03,"2,713 mi",5,$0.3229
ACC,KAN,"1,913",$103.44,719 mi,5,$0.1439
ACC,TNR,"1,913",$476.57,"3,545 mi",5,$0.1344
ACC,ENU,"1,899",$108.91,518 mi,5,$0.2103
ACC,VLC,"1,882",$265.32,"2,271 mi",5,$0.1168
ACC,LYS,"1,861",$685.36,"2,706 mi",5,$0.2533
ACC,GLA,"1,859",$563.40,"3,377 mi",5,$0.1668
ACC,FLL,"1,854",$564.73,"5,265 mi",5,$0.1073
ACC,NCE,"1,816",$829.37,"2,748 mi",5,$0.3018
ACC,SHO,"1,791",$221.88,"2,979 mi",5,$0.0745
ACC,PDX,"1,775",$463.15,"7,217 mi",5,$0.0642
ACC,NKC,"1,720",$481.27,"1,411 mi",5,$0.3411
ACC,YOW,"1,716",$494.76,"5,397 mi",5,$0.0917
ACC,TRN,"1,713",$275.98,"2,693 mi",5,$0.1025
ACC,HGH,"1,712",$641.76,"8,032 mi",5,$0.0799
ACC,CGN,"1,687",$250.61,"3,250 mi",5,$0.0771
ACC,CGK,"1,662","$1,418.32","7,633 mi",5,$0.1858
ACC,PIT,"1,606",$398.02,"5,282 mi",4,$0.0754
ACC,NUE,"1,572",$509.90,"3,196 mi",4,$0.1595
ACC,MEL,"1,567",$962.59,"9,595 mi",4,$0.1003
ACC,BSL,"1,553",$442.37,"3,025 mi",4,$0.1462
ACC,COK,"1,535",$555.66,"5,396 mi",4,$0.1030
ACC,SSG,"1,530",$418.73,605 mi,4,$0.6921
ACC,ELQ,"1,488",$241.78,"3,324 mi",4,$0.0727
ACC,SCL,"1,457","$1,635.67","5,172 mi",4,$0.3163
ACC,BWI,"1,449",$478.93,"5,093 mi",4,$0.0940
ACC,MCT,"1,440",$306.19,"4,192 mi",4,$0.0730
ACC,TLS,"1,419",$435.60,"2,708 mi",4,$0.1609
ACC,FLR,"1,411",$357.16,"2,810 mi",4,$0.1271
ACC,JAX,"1,397",$478.12,"5,352 mi",4,$0.0893
ACC,RAK,"1,386",$507.91,"1,811 mi",4,$0.2805
ACC,STL,"1,360",$817.40,"6,167 mi",4,$0.1325
ACC,MCI,"1,330",$629.38,"6,029 mi",4,$0.1044
ACC,KIX,"1,296",$935.99,"8,174 mi",4,$0.1145
ACC,RAI,"1,277",$570.01,"1,658 mi",3,$0.3438
ACC,ABB,"1,255",$118.82,457 mi,3,$0.2600
ACC,AMD,"1,233",$265.17,"4,826 mi",3,$0.0549
ACC,DAM,"1,218",$317.54,"3,127 mi",3,$0.1015
ACC,CTA,"1,215",$436.16,"2,473 mi",3,$0.1764
ACC,SGN,"1,215",$966.85,"7,496 mi",3,$0.1290
ACC,CMB,"1,190","$1,115.54","5,325 mi",3,$0.2095
ACC,LGA,"1,172",$503.91,"4,961 mi",3,$0.1016
ACC,HAN,"1,152",$635.42,"6,883 mi",3,$0.0923
ACC,KHI,"1,142",$440.19,"4,775 mi",3,$0.0922
ACC,BOG,"1,131","$1,170.81","5,241 mi",3,$0.2234
ACC,SEZ,"1,099",$504.40,"4,024 mi",3,$0.1253
ACC,GIG,"1,098","$1,402.68","3,404 mi",3,$0.4121
ACC,MEM,"1,093",$728.82,"6,165 mi",3,$0.1182
ACC,PTY,"1,068","$1,138.68","5,587 mi",3,$0.2038
ACC,YWG,"1,059",$355.28,"6,422 mi",3,$0.0553
ACC,TRS,"1,054",$281.48,"2,810 mi",3,$0.1002
ACC,LPA,"1,026",$286.66,"1,892 mi",3,$0.1515
ADD,BJR,"535,906",$53.08,202 mi,"1,468",$0.2628
ADD,MQX,"360,942",$68.55,305 mi,989,$0.2248
ADD,DXB,"360,683",$203.43,"1,612 mi",988,$0.1262
ADD,DIR,"347,083",$47.67,219 mi,951,$0.2177
ADD,JED,"341,908",$84.89,852 mi,937,$0.0996
ADD,JIJ,"273,689",$53.05,281 mi,750,$0.1888
ADD,GDQ,"269,656",$55.42,254 mi,739,$0.2182
ADD,DSE,"213,481",$41.23,163 mi,585,$0.2529
ADD,RUH,"168,622",$109.45,"1,257 mi",462,$0.0871
ADD,JIM,"151,547",$60.92,158 mi,415,$0.3856
ADD,AWA,"143,769",$40.02,138 mi,394,$0.2900
ADD,ASO,"127,230",$111.42,287 mi,349,$0.3882
ADD,AMH,"100,597",$74.11,226 mi,276,$0.3279
ADD,NBO,"95,653",$291.53,745 mi,262,$0.3913
ADD,GMB,"90,002",$64.86,304 mi,247,$0.2134
ADD,SHC,"83,876",$47.60,343 mi,230,$0.1388
ADD,PZU,"80,464",$213.72,708 mi,220,$0.3019
ADD,AXU,"79,553",$62.56,368 mi,218,$0.1700
ADD,SZE,"77,442",$97.97,252 mi,212,$0.3888
ADD,AMM,"66,110",$214.97,"1,535 mi",181,$0.1400
ADD,SHJ,"62,048",$83.46,"1,623 mi",170,$0.0514
ADD,GOB,"51,794",$36.89,149 mi,142,$0.2476
ADD,IAD,"47,567",$648.71,"6,969 mi",130,$0.0931
ADD,DMM,"44,860",$103.53,"1,449 mi",123,$0.0714
ADD,LLI,"36,465",$88.26,213 mi,100,$0.4144
ADD,CAI,"36,339",$173.20,"1,583 mi",100,$0.1094
ADD,DOH,"35,369",$185.44,"1,364 mi",97,$0.1360
ADD,JNB,"34,658",$309.90,"2,452 mi",95,$0.1264
ADD,IST,"30,156",$200.42,"2,383 mi",83,$0.0841
ADD,EBB,"28,793",$158.89,734 mi,79,$0.2165
ADD,AUH,"28,774",$175.29,"1,449 mi",79,$0.1210
ADD,BEY,"26,621",$204.79,"1,677 mi",73,$0.1221
ADD,CAN,"26,020",$631.67,"4,844 mi",71,$0.1304
ADD,BCO,"23,952",$107.90,277 mi,66,$0.3895
ADD,LHR,"23,210",$507.91,"3,569 mi",64,$0.1423
ADD,TLV,"23,134",$335.57,"1,659 mi",63,$0.2023
ADD,DEM,"22,966",$48.14,279 mi,63,$0.1725
ADD,PVG,"22,123",$682.32,"5,322 mi",61,$0.1282
ADD,GIZ,"19,749",$73.51,622 mi,54,$0.1182
ADD,NEK,"19,634",$52.53,161 mi,54,$0.3263
ADD,ARN,"19,517",$350.62,"3,556 mi",53,$0.0986
ADD,PEK,"17,774",$773.52,"5,330 mi",49,$0.1451
ADD,DEL,"16,389",$279.79,"2,744 mi",45,$0.1020
ADD,FRA,"15,464",$315.34,"3,223 mi",42,$0.0978
ADD,KWI,"15,075",$191.82,"1,474 mi",41,$0.1301
ADD,FCO,"14,776",$404.23,"2,700 mi",40,$0.1497
ADD,JIB,"14,614",$164.19,335 mi,40,$0.4901
ADD,AMS,"14,454",$310.66,"3,658 mi",40,$0.0849
ADD,DAR,"14,439",$202.55,"1,129 mi",40,$0.1794
ADD,KGL,"14,247",$215.62,992 mi,39,$0.2174
ADD,CDG,"13,611",$517.66,"3,363 mi",37,$0.1539
ADD,MSP,"13,116",$647.82,"7,439 mi",36,$0.0871
ADD,BOM,"12,473",$291.91,"2,454 mi",34,$0.1190
ADD,BKK,"12,004",$553.68,"4,325 mi",33,$0.1280
ADD,YYZ,"11,857",$481.32,"7,360 mi",32,$0.0654
ADD,BAH,"11,655",$146.00,"1,381 mi",32,$0.1057
ADD,SEA,"11,529",$659.42,"8,620 mi",32,$0.0765
ADD,MBA,"11,212",$140.99,927 mi,31,$0.1521
ADD,ATL,"11,110",$464.86,"7,463 mi",30,$0.0623
ADD,MED,"10,985",$92.16,"1,110 mi",30,$0.0830
ADD,AHB,"10,535",$94.68,711 mi,29,$0.1332
ADD,DEN,"10,429",$516.13,"8,083 mi",29,$0.0639
ADD,DFW,"10,343",$447.65,"8,588 mi",28,$0.0521
ADD,BRU,"10,134",$486.97,"3,596 mi",28,$0.1354
ADD,LOS,"9,478",$325.89,"2,360 mi",26,$0.1381
ADD,SFO,"9,291",$466.65,"8,725 mi",25,$0.0535
ADD,JUB,"9,054",$178.49,586 mi,25,$0.3046
ADD,LUN,"8,924",$264.06,"1,768 mi",24,$0.1494
ADD,ORD,"8,696",$588.78,"7,795 mi",24,$0.0755
ADD,EAM,"8,609",$96.33,727 mi,24,$0.1325
ADD,MGQ,"8,609",$113.86,677 mi,24,$0.1682
ADD,CPT,"8,113",$404.45,"3,346 mi",22,$0.1209
ADD,MAN,"7,994",$308.49,"3,704 mi",22,$0.0833
ADD,GVA,"7,638",$481.42,"3,312 mi",21,$0.1454
ADD,TFU,"7,632",$577.29,"4,323 mi",21,$0.1335
ADD,FIH,"7,470",$409.32,"1,799 mi",20,$0.2275
ADD,LGW,"7,468",$412.42,"3,545 mi",20,$0.1163
ADD,LAX,"7,444",$505.93,"8,843 mi",20,$0.0572
ADD,MXP,"7,251",$360.85,"3,004 mi",20,$0.1201
ADD,ICN,"7,055",$663.55,"5,885 mi",19,$0.1128
ADD,YYC,"6,943",$488.30,"8,217 mi",19,$0.0594
ADD,MUC,"6,893",$217.87,"3,047 mi",19,$0.0715
ADD,GDE,"6,759",$134.31,377 mi,19,$0.3563
ADD,HYD,"6,494",$328.27,"2,640 mi",18,$0.1243
ADD,AJF,"6,441",$93.09,"1,397 mi",18,$0.0666
ADD,ZRH,"6,430",$392.60,"3,098 mi",18,$0.1267
ADD,ELQ,"6,176",$74.96,"1,204 mi",17,$0.0623
ADD,DME,"6,153",$583.87,"3,112 mi",17,$0.1876
ADD,MAD,"6,083",$389.55,"3,486 mi",17,$0.1117
ADD,BER,"6,078",$282.62,"3,218 mi",17,$0.0878
ADD,MCT,"5,907",$218.13,"1,685 mi",16,$0.1295
ADD,HRE,"5,673",$269.73,"1,990 mi",16,$0.1355
ADD,MEL,"5,592",$665.75,"7,248 mi",15,$0.0919
ADD,OSL,"5,580",$338.18,"3,932 mi",15,$0.0860
ADD,YEG,"5,300",$563.65,"8,073 mi",15,$0.0698
ADD,CPH,"5,283",$271.89,"3,629 mi",14,$0.0749
ADD,LAS,"5,269",$523.68,"8,625 mi",14,$0.0607
ADD,DSS,"5,130",$820.22,"3,676 mi",14,$0.2231
ADD,ATH,"5,012",$292.83,"2,270 mi",14,$0.1290
ADD,JRO,"4,942",$155.66,839 mi,14,$0.1855
ADD,IAH,"4,937",$462.89,"8,624 mi",14,$0.0537
ADD,ZNZ,"4,930",$211.65,"1,083 mi",14,$0.1954
ADD,TNR,"4,864",$328.37,"2,068 mi",13,$0.1588
ADD,BOS,"4,804",$448.81,"6,986 mi",13,$0.0642
ADD,MRS,"4,749",$371.89,"3,216 mi",13,$0.1156
ADD,TUU,"4,737",$104.09,"1,387 mi",13,$0.0750
ADD,LLW,"4,501",$324.89,"1,562 mi",12,$0.2080
ADD,HEL,"4,495",$353.63,"3,509 mi",12,$0.1008
ADD,ASM,"4,383",$245.60,449 mi,12,$0.5470
ADD,JFK,"4,252",$861.05,"7,168 mi",12,$0.1201
ADD,CMN,"4,186",$446.12,"3,290 mi",11,$0.1356
ADD,HAS,"3,972",$130.64,"1,328 mi",11,$0.0984
ADD,LFW,"3,963",$412.15,"2,501 mi",11,$0.1648
ADD,CMH,"3,941",$543.49,"7,191 mi",11,$0.0756
ADD,NRT,"3,899","$1,094.21","6,300 mi",11,$0.1737
ADD,LBV,"3,852",$494.37,"2,042 mi",11,$0.2421
ADD,WAW,"3,805",$175.99,"3,243 mi",10,$0.0543
ADD,EWR,"3,804",$738.00,"6,768 mi",10,$0.1090
ADD,HKG,"3,798",$852.25,"4,886 mi",10,$0.1744
ADD,KHI,"3,712",$147.60,"2,230 mi",10,$0.0662
ADD,LAD,"3,681",$472.33,"2,212 mi",10,$0.2135
ADD,DAC,"3,674",$298.82,"3,655 mi",10,$0.0818
ADD,URY,"3,653",$74.60,"1,506 mi",10,$0.0495
ADD,GGR,"3,609",$168.99,688 mi,10,$0.2456
ADD,CKY,"3,587",$514.26,"3,677 mi",10,$0.1399
ADD,PDX,"3,540",$647.19,"8,748 mi",10,$0.0740
ADD,NDJ,"3,492",$540.03,"1,579 mi",10,$0.3420
ADD,WDH,"3,484",$350.09,"2,531 mi",10,$0.1383
ADD,MPM,"3,477",$393.93,"2,374 mi",10,$0.1659
ADD,KUL,"3,427",$432.53,"4,211 mi",9,$0.1027
ADD,DLA,"3,405",$220.93,"2,086 mi",9,$0.1059
ADD,FBM,"3,388",$313.07,"1,667 mi",9,$0.1878
ADD,NSI,"3,364",$421.31,"1,962 mi",9,$0.2147
ADD,MSQ,"3,333",$384.97,"3,065 mi",9,$0.1256
ADD,VIE,"3,312",$382.54,"2,908 mi",9,$0.1315
ADD,BJM,"3,250",$315.65,"1,104 mi",9,$0.2859
ADD,HAM,"3,249",$241.35,"3,579 mi",9,$0.0674
ADD,EGL,"3,077",$102.08,255 mi,8,$0.4003
ADD,BZV,"3,024",$430.14,"1,806 mi",8,$0.2382
ADD,OTP,"2,962",$492.32,"2,497 mi",8,$0.1972
ADD,FNA,"2,895",$447.05,"3,441 mi",8,$0.1299
ADD,COO,"2,821",$376.89,"2,424 mi",8,$0.1555
ADD,SIN,"2,715",$730.81,"4,646 mi",7,$0.1573
ADD,DUB,"2,709",$362.48,"4,074 mi",7,$0.0890
ADD,GBE,"2,709",$380.14,"2,400 mi",7,$0.1584
ADD,YOW,"2,689",$686.19,"6,713 mi",7,$0.1022
ADD,YVR,"2,666",$557.48,"8,023 mi",7,$0.0695
ADD,BKO,"2,656",$811.52,"3,084 mi",7,$0.2631
ADD,GRU,"2,626",$757.51,"6,353 mi",7,$0.1192
ADD,DUS,"2,617",$181.95,"3,338 mi",7,$0.0545
ADD,CMB,"2,599",$439.06,"2,728 mi",7,$0.1609
ADD,KAN,"2,594",$278.42,"2,128 mi",7,$0.1308
ADD,TUN,"2,560",$313.31,"2,548 mi",7,$0.1230
ADD,ALG,"2,530",$523.54,"2,848 mi",7,$0.1838
ADD,OUA,"2,530",$597.04,"2,826 mi",7,$0.2113
ADD,ABK,"2,422",$162.05,416 mi,7,$0.3895
ADD,ADE,"2,416",$54.07,484 mi,7,$0.1117
ADD,CLT,"2,415",$523.72,"7,691 mi",7,$0.0681
ADD,MAA,"2,310",$341.60,"2,902 mi",6,$0.1177
ADD,SEZ,"2,272",$291.47,"1,534 mi",6,$0.1900
ADD,YWG,"2,219",$554.43,"7,357 mi",6,$0.0754
ADD,BLR,"2,195",$375.19,"2,731 mi",6,$0.1374
ADD,VFA,"2,155",$297.38,"2,007 mi",6,$0.1482
ADD,PKX,"2,135",$292.51,"5,011 mi",6,$0.0584
ADD,PER,"2,128",$835.98,"5,633 mi",6,$0.1484
ADD,SHO,"2,100",$554.83,"2,412 mi",6,$0.2300
ADD,NUE,"2,089",$248.81,"3,126 mi",6,$0.0796
ADD,PRG,"2,088",$196.41,"3,075 mi",6,$0.0639
ADD,ROB,"1,990",$403.79,"3,269 mi",5,$0.1235
ADD,BNA,"1,868",$505.36,"7,491 mi",5,$0.0675
ADD,BGW,"1,864",$309.67,"1,764 mi",5,$0.1755
ADD,HAH,"1,842",$449.90,"1,494 mi",5,$0.3011
ADD,PNR,"1,823",$376.60,"2,147 mi",5,$0.1754
ADD,MNL,"1,781",$718.86,"5,382 mi",5,$0.1336
ADD,GOT,"1,748",$342.36,"3,757 mi",5,$0.0911
ADD,KTM,"1,743",$459.28,"3,192 mi",5,$0.1439
ADD,MCI,"1,718",$582.80,"8,206 mi",5,$0.0710
ADD,CGK,"1,641",$810.84,"4,644 mi",4,$0.1746
ADD,TBS,"1,613",$340.73,"2,221 mi",4,$0.1534
ADD,BCN,"1,584",$349.64,"3,256 mi",4,$0.1074
ADD,SSG,"1,546",$652.47,"2,159 mi",4,$0.3022
ADD,YUL,"1,524",$510.62,"7,036 mi",4,$0.0726
ADD,BLQ,"1,523",$356.47,"3,044 mi",4,$0.1171
ADD,HBE,"1,495",$204.01,"1,576 mi",4,$0.1294
ADD,NOS,"1,489",$310.06,"1,723 mi",4,$0.1800
ADD,VKO,"1,488",$568.20,"3,319 mi",4,$0.1712
ADD,BGF,"1,466",$424.07,"1,384 mi",4,$0.3064
ADD,PHX,"1,423",$551.17,"9,203 mi",4,$0.0599
ADD,MRU,"1,393",$612.20,"2,475 mi",4,$0.2474
ADD,RDU,"1,365",$567.59,"7,558 mi",4,$0.0751
ADD,EZE,"1,344",$695.20,"6,775 mi",4,$0.1026
ADD,VCE,"1,329",$374.67,"2,883 mi",4,$0.1300
ADD,GYD,"1,310",$377.51,"2,215 mi",4,$0.1704
ADD,BEG,"1,296",$356.40,"2,792 mi",4,$0.1277
ADD,HAN,"1,292",$547.06,"4,383 mi",4,$0.1248
ADD,SYD,"1,275",$839.73,"7,608 mi",3,$0.1104
ADD,KBL,"1,264",$470.88,"2,691 mi",3,$0.1750
ADD,SAN,"1,228",$603.48,"9,423 mi",3,$0.0640
ADD,DUR,"1,220",$315.53,"2,634 mi",3,$0.1198
ADD,ESB,"1,198",$348.02,"2,117 mi",3,$0.1644
ADD,BJL,"1,193",$719.56,"3,877 mi",3,$0.1856
ADD,QYG,"1,192",$365.12,"3,525 mi",3,$0.1036
ADD,SAW,"1,175",$105.53,"2,213 mi",3,$0.0477
ADD,BLZ,"1,166",$298.22,"1,672 mi",3,$0.1784
ADD,ISB,"1,166",$583.55,"2,666 mi",3,$0.2189
ADD,IKA,"1,162",$479.65,"2,046 mi",3,$0.2344
ADD,NIM,"1,153",$645.83,"2,574 mi",3,$0.2509
ADD,BUD,"1,134",$390.99,"2,980 mi",3,$0.1312
ADD,SVX,"1,134",$292.45,"3,611 mi",3,$0.0810
ADD,DTW,"1,107",$528.63,"7,581 mi",3,$0.0697
ADD,LHE,"1,106",$469.22,"2,680 mi",3,$0.1751
ADD,STR,"1,103",$444.92,"3,332 mi",3,$0.1335
ADD,COK,"1,066",$311.48,"2,639 mi",3,$0.1180
ADD,HGH,"1,054",$443.51,"5,572 mi",3,$0.0796
ADD,LIS,"1,051",$495.34,"3,495 mi",3,$0.1417
ADD,BGO,"1,029",$402.52,"3,826 mi",3,$0.1052
ADD,LYP,"1,021",$389.39,"2,765 mi",3,$0.1408
ALG,CDG,"876,379",$117.57,826 mi,"2,401",$0.1423
ALG,ORY,"760,002",$122.44,807 mi,"2,082",$0.1517
ALG,IST,"407,544",$152.10,"1,360 mi","1,117",$0.1118
ALG,MRS,"361,267",$94.24,492 mi,990,$0.1915
ALG,DXB,"321,687",$501.61,"3,055 mi",881,$0.1642
ALG,ORN,"313,262",$21.87,219 mi,858,$0.0999
ALG,JED,"293,492",$279.99,"2,457 mi",804,$0.1140
ALG,CZL,"291,147",$20.27,197 mi,798,$0.1029
ALG,LYS,"282,792",$119.18,650 mi,775,$0.1834
ALG,TUN,"271,908",$99.51,376 mi,745,$0.2647
ALG,AAE,"267,536",$26.83,262 mi,733,$0.1024
ALG,YUL,"191,304",$292.07,"4,016 mi",524,$0.0727
ALG,BCN,"160,071",$118.95,314 mi,439,$0.3788
ALG,CAI,"152,655",$117.23,"1,631 mi",418,$0.0719
ALG,ALC,"134,407",$131.57,241 mi,368,$0.5459
ALG,TMR,"128,723",$94.29,997 mi,353,$0.0946
ALG,TIN,"119,082",$101.40,936 mi,326,$0.1083
ALG,CAN,"111,293",$603.80,"6,091 mi",305,$0.0991
ALG,LIL,"111,153",$133.66,987 mi,305,$0.1354
ALG,ELU,"108,752",$30.32,307 mi,298,$0.0988
ALG,AZR,"107,328",$69.89,662 mi,294,$0.1056
ALG,OGX,"99,215",$35.80,364 mi,272,$0.0984
ALG,DOH,"96,365",$333.27,"2,852 mi",264,$0.1169
ALG,BSK,"92,010",$21.26,199 mi,252,$0.1068
ALG,TLS,"87,724",$99.89,504 mi,240,$0.1982
ALG,LHR,"79,170",$175.44,"1,006 mi",217,$0.1744
ALG,BOD,"78,673",$98.46,580 mi,216,$0.1698
ALG,GHA,"73,399",$29.66,309 mi,201,$0.0960
ALG,BRU,"70,329",$155.44,"1,014 mi",193,$0.1533
ALG,PEK,"66,213",$381.22,"5,827 mi",181,$0.0654
ALG,CBH,"61,755",$51.99,483 mi,169,$0.1076
ALG,FRA,"60,974",$157.05,988 mi,167,$0.1590
ALG,MAD,"59,506",$109.27,464 mi,163,$0.2355
ALG,BLJ,"58,350",$17.96,178 mi,160,$0.1009
ALG,GJL,"57,492",$15.77,151 mi,158,$0.1044
ALG,ETZ,"56,162",$112.72,836 mi,154,$0.1348
ALG,TLM,"55,268",$27.41,277 mi,151,$0.0990
ALG,NCE,"54,709",$100.24,542 mi,150,$0.1849
ALG,DJG,"53,853",$105.70,961 mi,148,$0.1100
ALG,NTE,"53,166",$145.14,787 mi,146,$0.1844
ALG,SAW,"52,667",$65.52,"1,386 mi",144,$0.0473
ALG,GVA,"51,331",$164.13,696 mi,141,$0.2358
ALG,LGW,"50,778",$286.27,983 mi,139,$0.2912
ALG,MPL,"50,485",$99.32,492 mi,138,$0.2019
ALG,FCO,"45,382",$142.64,579 mi,124,$0.2464
ALG,HME,"44,362",$41.24,373 mi,122,$0.1106
ALG,BJA,"40,449",$12.01,100 mi,111,$0.1201
ALG,SSH,"38,879",$163.76,"1,964 mi",107,$0.0834
ALG,AYT,"38,757",$207.73,"1,567 mi",106,$0.1326
ALG,TMX,"38,495",$53.52,527 mi,105,$0.1016
ALG,TEE,"37,444",$26.38,297 mi,103,$0.0888
ALG,SXB,"35,977",$201.87,823 mi,99,$0.2453
ALG,MED,"34,490",$231.75,"2,240 mi",94,$0.1035
ALG,MLH,"34,237",$108.19,761 mi,94,$0.1422
ALG,MXP,"32,949",$164.98,660 mi,90,$0.2500
ALG,AMM,"31,189",$243.16,"1,952 mi",85,$0.1246
ALG,KUL,"29,234",$534.37,"6,771 mi",80,$0.0789
ALG,STN,"28,934",$117.23,"1,028 mi",79,$0.1140
ALG,CMN,"28,856",$221.45,633 mi,79,$0.3498
ALG,JFK,"27,661",$298.52,"4,146 mi",76,$0.0720
ALG,TGR,"24,783",$31.06,308 mi,68,$0.1008
ALG,NKC,"24,735",$230.13,"1,776 mi",68,$0.1296
ALG,PVG,"23,779",$626.30,"6,106 mi",65,$0.1026
ALG,INZ,"21,384",$57.25,674 mi,59,$0.0849
ALG,SVO,"20,992",$418.65,"2,008 mi",58,$0.2085
ALG,DMM,"20,122",$329.70,"2,719 mi",55,$0.1213
ALG,LIS,"19,825",$212.33,668 mi,54,$0.3179
ALG,VIE,"18,257",$138.54,"1,009 mi",50,$0.1373
ALG,RUH,"18,038",$322.34,"2,759 mi",49,$0.1168
ALG,HGH,"17,238",$522.33,"6,094 mi",47,$0.0857
ALG,QSF,"17,059",$14.01,119 mi,47,$0.1177
ALG,BEY,"16,221",$281.37,"1,768 mi",44,$0.1591
ALG,MCT,"15,583",$411.67,"3,264 mi",43,$0.1261
ALG,DSS,"15,093",$211.00,"1,909 mi",41,$0.1105
ALG,PMI,"14,169",$130.98,193 mi,39,$0.6787
ALG,LIN,"11,348",$230.76,702 mi,31,$0.3287
ALG,EBH,"11,330",$22.40,231 mi,31,$0.0970
ALG,ELG,"11,320",$30.93,436 mi,31,$0.0709
ALG,PKX,"11,112",$500.69,"5,846 mi",30,$0.0856
ALG,VVZ,"10,131",$72.50,735 mi,28,$0.0986
ALG,AMS,"9,840",$212.07,"1,113 mi",27,$0.1905
ALG,BMW,"9,811",$105.09,"1,099 mi",27,$0.0956
ALG,IAM,"9,777",$58.10,684 mi,27,$0.0849
ALG,LOO,"9,134",$19.13,209 mi,25,$0.0915
ALG,MUC,"9,073",$150.57,942 mi,25,$0.1598
ALG,HRG,"8,356",$159.63,"1,957 mi",23,$0.0816
ALG,GYD,"8,179",$416.27,"2,438 mi",22,$0.1707
ALG,ORD,"7,900",$516.52,"4,502 mi",22,$0.1147
ALG,BER,"7,859",$229.44,"1,229 mi",22,$0.1867
ALG,VCE,"7,754",$226.13,749 mi,21,$0.3019
ALG,BLQ,"7,352",$288.98,666 mi,20,$0.4339
ALG,BOM,"7,223",$421.90,"4,461 mi",20,$0.0946
ALG,SFO,"7,217",$502.74,"6,425 mi",20,$0.0782
ALG,DPS,"7,060",$817.63,"8,026 mi",19,$0.1019
ALG,DEL,"7,053",$479.66,"4,104 mi",19,$0.1169
ALG,KWI,"6,881",$268.73,"2,542 mi",19,$0.1057
ALG,JNB,"6,876",$740.10,"4,776 mi",19,$0.1550
ALG,IAD,"6,533",$732.00,"4,123 mi",18,$0.1775
ALG,ATH,"6,410",$215.19,"1,106 mi",18,$0.1946
ALG,HKG,"6,372","$1,112.17","6,549 mi",17,$0.1698
ALG,VLC,"6,043",$146.01,287 mi,17,$0.5087
ALG,CPH,"5,869",$220.39,"1,339 mi",16,$0.1646
ALG,EWR,"5,862",$208.92,"4,163 mi",16,$0.0502
ALG,WAW,"5,858",$282.71,"1,415 mi",16,$0.1998
ALG,TLN,"5,828",$61.78,483 mi,16,$0.1279
ALG,ICN,"5,700",$593.38,"5,975 mi",16,$0.0993
ALG,OUA,"5,493",$165.74,"1,758 mi",15,$0.0943
ALG,ARN,"5,489",$189.60,"1,767 mi",15,$0.1073
ALG,HAM,"5,109",$200.06,"1,250 mi",14,$0.1600
ALG,DAM,"5,091",$307.50,"1,944 mi",14,$0.1582
ALG,BKK,"5,000",$803.85,"5,881 mi",14,$0.1367
ALG,AUH,"4,918",$262.27,"3,230 mi",13,$0.0812
ALG,LAX,"4,810",$398.14,"6,090 mi",13,$0.0654
ALG,HAV,"4,799",$771.85,"4,903 mi",13,$0.1574
ALG,NIM,"4,760",$127.03,"1,557 mi",13,$0.0816
ALG,YYZ,"4,696",$410.63,"4,088 mi",13,$0.1004
ALG,MZW,"4,690",$24.37,302 mi,13,$0.0807
ALG,DLA,"4,682",$145.03,"2,227 mi",13,$0.0651
ALG,ZRH,"4,667",$203.24,768 mi,13,$0.2646
ALG,ESB,"4,642",$177.98,"1,671 mi",13,$0.1065
ALG,DUS,"4,541",$148.89,992 mi,12,$0.1501
ALG,FLR,"4,474",$317.82,628 mi,12,$0.5061
ALG,CFE,"4,392",$140.99,647 mi,12,$0.2179
ALG,PRG,"4,295",$219.60,"1,109 mi",12,$0.1980
ALG,PHL,"4,238",$245.50,"3,993 mi",12,$0.0615
ALG,BOS,"4,207",$330.21,"3,732 mi",12,$0.0885
ALG,CMH,"4,200",$224.57,"4,611 mi",12,$0.0487
ALG,IAH,"4,186","$1,207.93","5,603 mi",11,$0.2156
ALG,HAN,"4,122",$846.19,"6,187 mi",11,$0.1368
ALG,OSL,"3,884",$238.31,"1,611 mi",11,$0.1479
ALG,CGK,"3,822","$1,297.02","6,999 mi",10,$0.1853
ALG,MIA,"3,815",$550.03,"4,693 mi",10,$0.1172
ALG,DAR,"3,782",$630.15,"3,691 mi",10,$0.1707
ALG,SZX,"3,670",$695.23,"6,148 mi",10,$0.1131
ALG,CKG,"3,586",$449.75,"5,855 mi",10,$0.0768
ALG,BUD,"3,542",$291.05,"1,137 mi",10,$0.2560
ALG,NBO,"3,529",$702.19,"3,299 mi",10,$0.2128
ALG,MAN,"3,116",$297.23,"1,146 mi",9,$0.2594
ALG,ZVJ,"3,112",$381.48,"3,211 mi",9,$0.1188
ALG,DUB,"3,079",$289.43,"1,279 mi",8,$0.2263
ALG,MNL,"3,056",$610.70,"7,277 mi",8,$0.0839
ALG,VKO,"2,903",$457.96,"1,992 mi",8,$0.2299
ALG,ADB,"2,813",$202.95,"1,274 mi",8,$0.1593
ALG,KYA,"2,781",$365.59,"1,656 mi",8,$0.2208
ALG,MCI,"2,755",$312.96,"5,193 mi",8,$0.0603
ALG,LOS,"2,753",$910.49,"2,143 mi",8,$0.4249
ALG,BIO,"2,711",$237.26,577 mi,7,$0.4112
ALG,NAP,"2,700",$201.65,682 mi,7,$0.2957
ALG,HND,"2,683","$1,451.02","6,921 mi",7,$0.2097
ALG,BJV,"2,633",$637.68,"1,386 mi",7,$0.4601
ALG,BGW,"2,626",$352.96,"2,247 mi",7,$0.1571
ALG,OPO,"2,585",$194.30,690 mi,7,$0.2816
ALG,OTP,"2,501",$350.57,"1,351 mi",7,$0.2595
ALG,ZNZ,"2,489",$631.22,"3,882 mi",7,$0.1626
ALG,BSR,"2,457","$1,176.53","2,492 mi",7,$0.4721
ALG,BAH,"2,440",$645.86,"2,941 mi",7,$0.2196
ALG,SOF,"2,374",$145.07,"1,113 mi",7,$0.1303
ALG,MLA,"2,261",$272.11,649 mi,6,$0.4193
ALG,TFU,"2,255",$501.83,"5,722 mi",6,$0.0877
ALG,HEL,"2,246",$307.84,"1,835 mi",6,$0.1678
ALG,MRU,"2,246","$1,169.41","5,466 mi",6,$0.2139
ALG,BEG,"2,243",$390.70,"1,021 mi",6,$0.3827
ALG,NRT,"2,199",$986.40,"6,524 mi",6,$0.1512
ALG,DFW,"2,191",$822.46,"5,240 mi",6,$0.1570
ALG,BKO,"2,161",$242.31,"1,861 mi",6,$0.1302
ALG,SIN,"2,143","$1,590.99","6,554 mi",6,$0.2428
ALG,TRN,"2,136",$270.51,612 mi,6,$0.4420
ALG,MLE,"2,119","$1,515.50","4,809 mi",6,$0.3151
ALG,DEN,"2,110","$1,300.72","5,608 mi",6,$0.2319
ALG,HAJ,"2,076",$193.54,"1,100 mi",6,$0.1759
ALG,LED,"2,011",$236.61,"2,055 mi",6,$0.1151
ALG,PUJ,"2,004",$243.90,"4,322 mi",5,$0.0564
ALG,ATL,"1,914","$1,043.16","4,910 mi",5,$0.2125
ALG,EBB,"1,893",$824.87,"3,054 mi",5,$0.2701
ALG,MCO,"1,872",$947.78,"4,939 mi",5,$0.1919
ALG,TRS,"1,860",$171.85,849 mi,5,$0.2024
ALG,COV,"1,856",$230.09,"1,807 mi",5,$0.1273
ALG,EDI,"1,854",$304.74,"1,407 mi",5,$0.2166
ALG,KGL,"1,848",$372.35,"3,277 mi",5,$0.1136
ALG,RAK,"1,835",$532.29,710 mi,5,$0.7497
ALG,DTW,"1,832",$299.89,"4,561 mi",5,$0.0658
ALG,AUS,"1,806",$216.19,"5,377 mi",5,$0.0402
ALG,SEA,"1,789","$1,651.84","5,893 mi",5,$0.2803
ALG,PNR,"1,769",$642.01,"2,834 mi",5,$0.2265
ALG,BLR,"1,760",$657.14,"4,968 mi",5,$0.1323
ALG,NUE,"1,733",$211.61,939 mi,5,$0.2254
ALG,CTA,"1,728",$191.11,675 mi,5,$0.2831
ALG,DAC,"1,714",$742.58,"5,258 mi",5,$0.1412
ALG,YOW,"1,685",$296.09,"3,870 mi",5,$0.0765
ALG,LAD,"1,679",$937.15,"3,310 mi",5,$0.2831
ALG,BRI,"1,677",$183.63,765 mi,5,$0.2400
ALG,LCY,"1,652",$83.97,"1,004 mi",5,$0.0836
ALG,HKT,"1,650",$658.69,"5,978 mi",5,$0.1102
ALG,LPA,"1,636",$323.99,"1,203 mi",4,$0.2693
ALG,GRU,"1,628",$783.74,"5,107 mi",4,$0.1535
ALG,CKY,"1,620","$1,379.75","2,085 mi",4,$0.6618
ALG,MEX,"1,605",$414.29,"6,250 mi",4,$0.0663
ALG,ALP,"1,551",$546.21,"1,825 mi",4,$0.2993
ALG,STR,"1,547",$239.59,908 mi,4,$0.2639
ALG,HYD,"1,542",$588.96,"4,566 mi",4,$0.1290
ALG,NDJ,"1,508",$554.62,"1,904 mi",4,$0.2913
ALG,IKA,"1,442",$318.58,"2,571 mi",4,$0.1239
ALG,HRE,"1,434",$763.72,"4,063 mi",4,$0.1880
ALG,FIH,"1,432",$640.58,"2,858 mi",4,$0.2241
ALG,MJI,"1,399",$365.65,610 mi,4,$0.5994
ALG,CUN,"1,381",$400.52,"5,528 mi",4,$0.0725
ALG,TZX,"1,366",$310.64,"2,035 mi",4,$0.1526
ALG,BHX,"1,323",$202.70,"1,082 mi",4,$0.1873
ALG,ECN,"1,303",$244.37,"1,741 mi",4,$0.1404
ALG,AGP,"1,291",$275.50,440 mi,4,$0.6261
ALG,CVG,"1,283",$539.70,"4,453 mi",4,$0.1212
ALG,PMO,"1,277",$163.14,535 mi,3,$0.3049
ALG,DJE,"1,267",$232.56,455 mi,3,$0.5111
ALG,RTM,"1,251",$47.25,"1,024 mi",3,$0.0461
ALG,GZP,"1,199",$310.04,"1,561 mi",3,$0.1986
ALG,YVR,"1,191",$255.52,"5,827 mi",3,$0.0439
ALG,SGN,"1,184",$731.87,"6,304 mi",3,$0.1161
ALG,AHB,"1,182",$192.46,"2,626 mi",3,$0.0733
ALG,SZF,"1,164",$621.17,"1,754 mi",3,$0.3541
ALG,KIX,"1,157",$750.53,"6,833 mi",3,$0.1098
ALG,MSP,"1,155",$344.85,"4,912 mi",3,$0.0702
ALG,ZAG,"1,152",$312.27,886 mi,3,$0.3524
ALG,SVQ,"1,142",$235.58,489 mi,3,$0.4818
ALG,ADJ,"1,137",$160.26,"1,832 mi",3,$0.0875
ALG,TFN,"1,131",$409.90,"1,307 mi",3,$0.3136
ALG,MAA,"1,119",$765.05,"5,117 mi",3,$0.1495
ALG,DLM,"1,113",$386.61,"1,455 mi",3,$0.2657
ALG,BOG,"1,108",$770.97,"5,484 mi",3,$0.1406
ALG,RBA,"1,105",$553.26,572 mi,3,$0.9672
ALG,LJU,"1,077",$436.42,903 mi,3,$0.4833
ALG,PTP,"1,077",$351.05,"4,040 mi",3,$0.0869
ALG,MLX,"1,065",$513.69,"1,959 mi",3,$0.2622
ALG,TIA,"1,064",$291.14,914 mi,3,$0.3185
ALG,RUN,"1,054",$633.69,"5,081 mi",3,$0.1247
ALG,BSL,"1,037",$211.92,809 mi,3,$0.2620
ALG,GZT,"1,016",$400.44,"1,828 mi",3,$0.2191
ALG,CPT,"1,000",$711.19,"5,130 mi",3,$0.1386
BJL,DSS,"31,646",$56.56,99 mi,87,$0.5713
BJL,AMS,"30,736",$152.87,"2,853 mi",84,$0.0536
BJL,BCN,"30,345",$195.33,"2,304 mi",83,$0.0848
BJL,BRU,"15,378",$292.29,"2,767 mi",42,$0.1056
BJL,FNA,"13,432",$46.33,414 mi,37,$0.1119
BJL,LOS,"10,291",$230.44,"1,479 mi",28,$0.1558
BJL,CMN,"9,049",$319.37,"1,452 mi",25,$0.2200
BJL,LHR,"8,879",$328.65,"2,702 mi",24,$0.1216
BJL,FRA,"8,572",$284.59,"2,820 mi",23,$0.1009
BJL,FCO,"8,472",$186.89,"2,699 mi",23,$0.0692
BJL,LGW,"8,465",$236.90,"2,687 mi",23,$0.0882
BJL,MXP,"8,313",$194.15,"2,758 mi",23,$0.0704
BJL,JFK,"7,486",$430.27,"4,025 mi",21,$0.1069
BJL,IST,"6,770",$386.09,"3,234 mi",19,$0.1194
BJL,CDG,"5,740",$277.10,"2,777 mi",16,$0.0998
BJL,ORY,"5,546",$188.04,"2,755 mi",15,$0.0683
BJL,IAD,"4,932",$693.83,"4,202 mi",14,$0.1651
BJL,DXB,"4,483",$290.39,"4,575 mi",12,$0.0635
BJL,MAN,"4,168",$210.52,"2,961 mi",11,$0.0711
BJL,ARN,"4,026",$303.20,"3,761 mi",11,$0.0806
BJL,MAD,"3,962",$173.62,"2,098 mi",11,$0.0828
BJL,SEA,"3,344",$521.37,"6,435 mi",9,$0.0810
BJL,BEY,"3,029",$466.15,"3,654 mi",8,$0.1276
BJL,NBO,"3,028",$719.04,"3,692 mi",8,$0.1948
BJL,BOM,"2,807",$365.88,"5,712 mi",8,$0.0641
BJL,GVA,"2,743",$284.33,"2,710 mi",8,$0.1049
BJL,LFW,"2,735",$405.10,"1,276 mi",7,$0.3175
BJL,CAN,"2,718",$344.99,"8,454 mi",7,$0.0408
BJL,CPH,"2,696",$308.53,"3,215 mi",7,$0.0960
BJL,DEL,"2,638",$497.65,"5,823 mi",7,$0.0855
BJL,LIS,"2,606",$222.31,"1,872 mi",7,$0.1188
BJL,BLQ,"2,447",$202.99,"2,630 mi",7,$0.0772
BJL,ATL,"2,412",$477.90,"4,573 mi",7,$0.1045
BJL,MUC,"2,206",$239.48,"3,002 mi",6,$0.0798
BJL,JED,"2,190",$524.95,"3,593 mi",6,$0.1461
BJL,CKY,"2,070",$297.30,341 mi,6,$0.8718
BJL,VCE,"1,962",$250.87,"2,879 mi",5,$0.0871
BJL,DOH,"1,945",$291.18,"4,349 mi",5,$0.0670
BJL,EWR,"1,786",$534.70,"4,047 mi",5,$0.1321
BJL,HRG,"1,786",$334.46,"3,484 mi",5,$0.0960
BJL,PEK,"1,776","$1,517.55","7,912 mi",5,$0.1918
BJL,STR,"1,753",$169.59,"2,768 mi",5,$0.0613
BJL,AGP,"1,722",$162.19,"1,832 mi",5,$0.0885
BJL,HAM,"1,666",$252.56,"3,234 mi",5,$0.0781
BJL,BER,"1,538",$396.53,"3,263 mi",4,$0.1215
BJL,TUN,"1,505",$326.26,"2,392 mi",4,$0.1364
BJL,OSL,"1,423",$328.12,"3,635 mi",4,$0.0903
BJL,JNB,"1,414",$758.38,"4,189 mi",4,$0.1810
BJL,ZRH,"1,344",$367.72,"2,686 mi",4,$0.1369
BJL,YYZ,"1,331",$453.34,"4,368 mi",4,$0.1038
BJL,ORD,"1,313",$511.80,"4,507 mi",4,$0.1136
BJL,PVG,"1,289",$706.05,"8,060 mi",4,$0.0876
BJL,NAP,"1,269",$135.34,"2,584 mi",3,$0.0524
BJL,CAI,"1,255",$323.55,"3,169 mi",3,$0.1021
BJL,ROB,"1,198",$563.15,631 mi,3,$0.8925
BJL,VIE,"1,193",$667.60,"2,972 mi",3,$0.2246
BJL,EBB,"1,190",$611.33,"3,587 mi",3,$0.1704
BJL,PKX,"1,049",$553.53,"7,470 mi",3,$0.0741
BJL,PHC,"1,030",$202.54,"1,759 mi",3,$0.1151
BKO,ORY,"160,318",$325.17,"2,492 mi",439,$0.1305
BKO,DSS,"100,953",$167.15,649 mi,277,$0.2576
BKO,KYS,"41,362",$64.62,276 mi,113,$0.2341
BKO,DXB,"33,398",$460.71,"4,069 mi",92,$0.1132
BKO,OUA,"31,252",$160.68,447 mi,86,$0.3595
BKO,CMN,"31,038",$288.28,"1,397 mi",85,$0.2064
BKO,CDG,"28,853",$271.82,"2,513 mi",79,$0.1082
BKO,LBV,"28,193",$206.91,"1,497 mi",77,$0.1382
BKO,TUN,"22,792",$239.16,"1,961 mi",62,$0.1220
BKO,CKY,"22,197",$223.85,422 mi,61,$0.5305
BKO,GAQ,"21,776",$94.32,572 mi,60,$0.1649
BKO,BZV,"21,531",$182.97,"2,029 mi",59,$0.0902
BKO,TOM,"12,638",$74.78,380 mi,35,$0.1968
BKO,IST,"12,514",$361.54,"2,881 mi",34,$0.1255
BKO,LFW,"12,382",$231.49,743 mi,34,$0.3116
BKO,NIM,"11,084",$390.72,664 mi,30,$0.5884
BKO,MAD,"10,819",$173.22,"2,008 mi",30,$0.0863
BKO,BCN,"10,237",$180.04,"2,140 mi",28,$0.0841
BKO,JED,"9,234",$540.13,"3,067 mi",25,$0.1761
BKO,CAN,"9,001",$721.42,"7,522 mi",25,$0.0959
BKO,NKC,"8,214",$320.58,677 mi,23,$0.4735
BKO,JFK,"7,814",$378.69,"4,262 mi",21,$0.0889
BKO,AGP,"5,687",$137.31,"1,632 mi",16,$0.0841
BKO,COO,"5,588",$214.30,798 mi,15,$0.2685
BKO,MED,"5,566",$477.90,"3,309 mi",15,$0.1444
BKO,MXP,"4,991",$133.63,"2,412 mi",14,$0.0554
BKO,FCO,"4,927",$151.25,"2,288 mi",13,$0.0661
BKO,YUL,"4,482",$581.13,"4,302 mi",12,$0.1351
BKO,PVG,"4,408",$556.95,"8,181 mi",12,$0.0681
BKO,VLC,"4,130",$138.30,"1,859 mi",11,$0.0744
BKO,DLA,"3,877",$253.99,"1,383 mi",11,$0.1837
BKO,PNR,"3,807",$214.08,"1,868 mi",10,$0.1146
BKO,CAI,"3,519",$379.78,"2,706 mi",10,$0.1403
BKO,JNB,"3,301",$731.82,"3,505 mi",9,$0.2088
BKO,MZI,"3,243",$61.68,285 mi,9,$0.2164
BKO,BRU,"3,141",$275.00,"2,824 mi",9,$0.0974
BKO,IAD,"3,086",$980.85,"4,442 mi",8,$0.2208
BKO,FIH,"2,937",$363.61,"1,927 mi",8,$0.1887
BKO,SVQ,"2,932",$114.41,"1,776 mi",8,$0.0644
BKO,BLQ,"2,655",$143.54,"2,411 mi",7,$0.0595
BKO,DEL,"2,623",$612.82,"5,676 mi",7,$0.1080
BKO,NDJ,"2,553",$657.32,"1,598 mi",7,$0.4113
BKO,NBO,"2,517",$668.49,"3,320 mi",7,$0.2014
BKO,KWI,"2,446",$371.01,"3,866 mi",7,$0.0960
BKO,BEY,"2,232",$427.22,"3,188 mi",6,$0.1340
BKO,DME,"2,210",$755.54,"3,728 mi",6,$0.2027
BKO,NSI,"2,200",$474.73,"1,509 mi",6,$0.3146
BKO,PEK,"2,104",$851.88,"7,136 mi",6,$0.1194
BKO,GVA,"2,006",$310.94,"2,543 mi",5,$0.1223
BKO,NAP,"1,898",$122.33,"2,447 mi",5,$0.0500
BKO,KGL,"1,871",$724.44,"2,882 mi",5,$0.2514
BKO,LAD,"1,785",$452.97,"2,135 mi",5,$0.2122
BKO,LOS,"1,764",$408.33,897 mi,5,$0.4552
BKO,LYS,"1,689",$172.20,"2,490 mi",5,$0.0692
BKO,MRS,"1,622",$282.01,"2,207 mi",4,$0.1278
BKO,VCE,"1,572",$152.99,"2,494 mi",4,$0.0613
BKO,BOM,"1,568",$484.88,"5,507 mi",4,$0.0880
BKO,AMS,"1,532",$381.81,"2,752 mi",4,$0.1387
BKO,EBB,"1,471",$711.61,"2,986 mi",4,$0.2383
BKO,FRA,"1,409",$486.12,"2,672 mi",4,$0.1819
BKO,TLS,"1,349",$186.09,"2,152 mi",4,$0.0865
BKO,EWR,"1,340",$332.34,"4,547 mi",4,$0.0731
BKO,BER,"1,300",$562.96,"3,088 mi",4,$0.1823
BKO,BGF,"1,191",$767.58,"1,949 mi",3,$0.3938
BKO,RUH,"1,165",$438.23,"3,543 mi",3,$0.1237
BKO,HAN,"1,161",$765.17,"7,596 mi",3,$0.1007
BKO,SVO,"1,154",$549.10,"3,733 mi",3,$0.1471
BKO,BKK,"1,114",$858.86,"7,446 mi",3,$0.1153
BKO,BOY,"1,090",$62.58,270 mi,3,$0.2318
BKO,AYT,"1,036",$590.35,"3,014 mi",3,$0.1959
BZV,PNR,"157,698",$56.38,228 mi,432,$0.2473
BZV,CDG,"70,052",$881.57,"3,871 mi",192,$0.2277
BZV,LBV,"34,369",$247.62,534 mi,94,$0.4637
BZV,DSS,"13,292",$349.01,"2,494 mi",36,$0.1399
BZV,DLA,"10,801",$175.71,666 mi,30,$0.2638
BZV,DXB,"10,278",$710.24,"3,475 mi",28,$0.2044
BZV,CMN,"7,527",$519.41,"2,907 mi",21,$0.1787
BZV,COO,"6,303",$160.84,"1,116 mi",17,$0.1441
BZV,NSI,"5,228",$366.17,625 mi,14,$0.5859
BZV,BEY,"5,211",$667.18,"3,031 mi",14,$0.2201
BZV,CAN,"5,162",$562.52,"6,639 mi",14,$0.0847
BZV,ORY,"4,740",$263.41,"3,629 mi",13,$0.0726
BZV,NBO,"4,062",$643.01,"1,554 mi",11,$0.4138
BZV,JNB,"3,802",$404.80,"1,791 mi",10,$0.2260
BZV,LFW,"3,660",$348.50,"1,168 mi",10,$0.2984
BZV,PEK,"3,524","$1,415.31","6,796 mi",10,$0.2083
BZV,KGL,"3,515",$316.70,"1,070 mi",10,$0.2960
BZV,CAI,"2,977",$354.46,"2,526 mi",8,$0.1403
BZV,LHR,"2,647",$738.70,"3,842 mi",7,$0.1923
BZV,NDJ,"2,434",$609.42,"1,098 mi",7,$0.5550
BZV,NKC,"2,414",$308.37,"2,706 mi",7,$0.1140
BZV,FCO,"2,313",$788.51,"3,091 mi",6,$0.2551
BZV,DME,"2,201",$800.95,"4,449 mi",6,$0.1800
BZV,IST,"2,133",$621.75,"3,160 mi",6,$0.1968
BZV,NBJ,"1,866",$124.42,364 mi,5,$0.3418
BZV,TUN,"1,851",$437.35,"2,944 mi",5,$0.1486
BZV,BGF,"1,831",$833.59,620 mi,5,$1.3445
BZV,PVG,"1,822","$1,388.66","7,568 mi",5,$0.1835
BZV,IAD,"1,807","$1,862.21","6,352 mi",5,$0.2932
BZV,YUL,"1,716",$775.21,"6,570 mi",5,$0.1180
BZV,JFK,"1,671",$750.54,"6,550 mi",5,$0.1146
BZV,GVA,"1,628","$1,231.05","3,639 mi",4,$0.3383
BZV,BOM,"1,599",$576.42,"4,361 mi",4,$0.1322
BZV,FIH,"1,512",$57.89,17 mi,4,$3.4053
BZV,CPT,"1,478",$377.54,"2,126 mi",4,$0.1776
BZV,GRU,"1,463",$596.52,"4,442 mi",4,$0.1343
BZV,OUA,"1,446",$533.04,"1,576 mi",4,$0.3382
BZV,POG,"1,413",$152.29,496 mi,4,$0.3070
BZV,DEL,"1,409",$453.12,"4,826 mi",4,$0.0939
BZV,MAD,"1,360",$883.25,"3,412 mi",4,$0.2589
BZV,BRU,"1,266",$665.28,"3,980 mi",3,$0.1672
BZV,SSG,"1,225",$897.84,735 mi,3,$1.2216
BZV,LOS,"1,189",$718.75,"1,079 mi",3,$0.6661
BZV,CKY,"1,163",$668.80,"2,271 mi",3,$0.2945
BZV,BCN,"1,149",$840.94,"3,157 mi",3,$0.2664
BZV,EBB,"1,098",$460.29,"1,260 mi",3,$0.3653
BZV,HND,"1,006",$929.15,"8,055 mi",3,$0.1154
CAI,JED,"3,782,659",$91.74,733 mi,"10,363",$0.1252
CAI,RUH,"2,137,715",$139.01,971 mi,"5,857",$0.1432
CAI,KWI,"1,208,337",$93.86,"1,025 mi","3,311",$0.0916
CAI,MED,"1,068,098",$73.17,657 mi,"2,926",$0.1114
CAI,DXB,"883,632",$254.81,"1,456 mi","2,421",$0.1750
CAI,DMM,"785,813",$111.01,"1,112 mi","2,153",$0.0998
CAI,ASW,"682,232",$65.39,447 mi,"1,869",$0.1463
CAI,LXR,"663,099",$55.73,328 mi,"1,817",$0.1699
CAI,HRG,"550,119",$39.34,242 mi,"1,507",$0.1626
CAI,SHJ,"536,646",$52.80,"1,553 mi","1,470",$0.0340
CAI,SSH,"530,488",$41.73,227 mi,"1,453",$0.1838
CAI,AUH,"495,117",$117.58,"1,522 mi","1,356",$0.0773
CAI,AMM,"483,491",$62.68,285 mi,"1,325",$0.2199
CAI,DOH,"389,991",$127.05,"1,240 mi","1,068",$0.1025
CAI,ELQ,"331,471",$53.85,773 mi,908,$0.0697
CAI,MXP,"322,924",$111.11,"1,577 mi",885,$0.0705
CAI,TUU,"310,181",$43.28,347 mi,850,$0.1247
CAI,BEY,"300,519",$74.84,340 mi,823,$0.2201
CAI,LHR,"292,068",$226.17,"2,261 mi",800,$0.1000
CAI,IST,"273,487",$124.62,761 mi,749,$0.1638
CAI,TIF,"234,016",$54.72,849 mi,641,$0.0645
CAI,CDG,"232,875",$232.63,"1,935 mi",638,$0.1202
CAI,MJI,"216,511",$105.23,"1,051 mi",593,$0.1001
CAI,ATH,"214,742",$115.14,667 mi,588,$0.1726
CAI,AHB,"209,076",$52.63,"1,051 mi",573,$0.0501
CAI,MCT,"205,958",$153.75,"1,763 mi",564,$0.0872
CAI,SAW,"190,529",$45.10,731 mi,522,$0.0617
CAI,MAD,"183,237",$190.57,"2,144 mi",502,$0.0889
CAI,JFK,"172,897",$387.22,"5,770 mi",474,$0.0671
CAI,BGW,"155,533",$93.26,760 mi,426,$0.1227
CAI,GIZ,"153,076",$60.31,"1,119 mi",419,$0.0539
CAI,YNB,"152,194",$47.03,598 mi,417,$0.0786
CAI,ORY,"131,494",$227.02,"2,052 mi",360,$0.1106
CAI,BAH,"131,050",$128.42,"1,163 mi",359,$0.1104
CAI,BGY,"129,832",$98.75,"1,637 mi",356,$0.0603
CAI,AMS,"121,646",$194.24,"1,982 mi",333,$0.0980
CAI,BCN,"119,979",$246.67,"1,860 mi",329,$0.1326
CAI,AJF,"119,770",$41.11,505 mi,328,$0.0814
CAI,FRA,"110,971",$152.54,"1,761 mi",304,$0.0866
CAI,FCO,"109,840",$127.17,"1,296 mi",301,$0.0981
CAI,BEN,"109,670",$97.96,692 mi,300,$0.1416
CAI,CAN,"107,732",$287.02,"5,114 mi",295,$0.0561
CAI,CMN,"106,870",$236.05,"2,358 mi",293,$0.1001
CAI,PVG,"104,066",$375.22,"5,044 mi",285,$0.0744
CAI,YYZ,"98,311",$344.66,"5,562 mi",269,$0.0620
CAI,PZU,"97,128",$84.09,849 mi,266,$0.0990
CAI,HAS,"90,548",$56.90,668 mi,248,$0.0852
CAI,TUN,"87,302",$123.06,"1,263 mi",239,$0.0974
CAI,OTP,"86,730",$158.22,"1,008 mi",238,$0.1570
CAI,IAD,"80,140",$442.00,"5,655 mi",220,$0.0782
CAI,MUC,"79,551",$145.97,"1,581 mi",218,$0.0923
CAI,VIE,"79,403",$143.71,"1,513 mi",218,$0.0950
CAI,TFU,"78,204",$247.33,"4,404 mi",214,$0.0562
CAI,WAW,"76,549",$180.73,"1,661 mi",210,$0.1088
CAI,KUL,"76,393",$241.83,"5,097 mi",209,$0.0474
CAI,DUS,"75,881",$171.37,"1,874 mi",208,$0.0914
CAI,ICN,"73,863",$538.67,"5,396 mi",202,$0.0998
CAI,CPH,"73,194",$135.93,"2,047 mi",201,$0.0664
CAI,BER,"69,976",$190.84,"1,839 mi",192,$0.1038
CAI,BOM,"66,872",$204.53,"2,617 mi",183,$0.0782
CAI,DME,"63,961",$200.36,"1,723 mi",175,$0.1163
CAI,SVO,"62,916",$168.70,"1,756 mi",172,$0.0961
CAI,MAN,"62,792",$182.42,"2,256 mi",172,$0.0809
CAI,EWR,"62,544",$369.81,"5,787 mi",171,$0.0639
CAI,EAM,"61,052",$82.62,"1,155 mi",167,$0.0715
CAI,PEK,"60,836",$327.08,"4,820 mi",167,$0.0679
CAI,HGH,"60,531",$217.58,"5,000 mi",166,$0.0435
CAI,BRU,"60,375",$196.95,"2,054 mi",165,$0.0959
CAI,PRG,"56,448",$134.70,"1,691 mi",155,$0.0797
CAI,RKT,"56,447",$134.96,"1,481 mi",155,$0.0911
CAI,NBO,"55,516",$232.20,"2,269 mi",152,$0.1023
CAI,NRT,"54,340",$644.70,"6,140 mi",149,$0.1050
CAI,LAX,"54,314",$473.47,"7,364 mi",149,$0.0643
CAI,ZRH,"50,984",$214.48,"1,756 mi",140,$0.1221
CAI,CGK,"50,234",$440.43,"5,727 mi",138,$0.0769
CAI,NDJ,"48,858",$272.68,"1,675 mi",134,$0.1628
CAI,AQI,"48,408",$52.53,868 mi,133,$0.0605
CAI,YUL,"46,944",$283.94,"5,587 mi",129,$0.0508
CAI,DEL,"45,662",$223.65,"2,818 mi",125,$0.0794
CAI,JNB,"43,211",$368.73,"4,010 mi",118,$0.0920
CAI,TPE,"42,919",$659.50,"5,521 mi",118,$0.1195
CAI,SZX,"41,941",$260.98,"5,168 mi",115,$0.0505
CAI,BUD,"41,441",$119.97,"1,319 mi",114,$0.0910
CAI,MRA,"39,806",$66.66,"1,006 mi",109,$0.0663
CAI,GVA,"38,206",$278.75,"1,702 mi",105,$0.1638
CAI,LCA,"37,032",$124.22,364 mi,101,$0.3413
CAI,KIX,"36,973",$632.57,"5,943 mi",101,$0.1064
CAI,MNL,"36,217",$575.97,"5,526 mi",99,$0.1042
CAI,LOS,"35,191",$239.23,"2,370 mi",96,$0.1009
CAI,ARN,"34,090",$190.26,"2,071 mi",93,$0.0919
CAI,BKK,"33,598",$303.20,"4,659 mi",92,$0.0651
CAI,ORD,"32,934",$420.26,"5,951 mi",90,$0.0706
CAI,EBL,"32,805",$73.76,814 mi,90,$0.0906
CAI,LIS,"31,842",$234.90,"2,294 mi",87,$0.1024
CAI,CGN,"31,673",$172.82,"1,843 mi",87,$0.0938
CAI,AYT,"31,656",$71.53,455 mi,87,$0.1572
CAI,RAE,"30,418",$42.35,599 mi,83,$0.0707
CAI,SFO,"30,304",$492.70,"7,235 mi",83,$0.0681
CAI,SAH,"29,229",$107.63,"1,337 mi",80,$0.0805
CAI,LYS,"28,996",$152.24,"1,728 mi",79,$0.0881
CAI,AQJ,"28,312",$50.59,226 mi,78,$0.2238
CAI,KAN,"26,727",$220.47,"1,983 mi",73,$0.1112
CAI,ADE,"26,359",$136.14,"1,434 mi",72,$0.0949
CAI,BSR,"25,648",$402.74,940 mi,70,$0.4284
CAI,HAM,"25,221",$215.33,"2,004 mi",69,$0.1075
CAI,ASR,"24,721",$122.29,660 mi,68,$0.1853
CAI,AAN,"24,430",$70.17,"1,492 mi",67,$0.0470
CAI,RMF,"24,407",$63.95,359 mi,67,$0.1781
CAI,SYD,"24,317",$829.00,"9,217 mi",67,$0.0899
CAI,BOS,"23,659",$411.34,"5,255 mi",65,$0.0783
CAI,BHH,"23,644",$107.26,"1,020 mi",65,$0.1052
CAI,DUB,"23,533",$232.89,"2,400 mi",64,$0.0970
CAI,GRU,"23,523",$638.84,"6,538 mi",64,$0.0977
CAI,SIN,"23,298",$501.91,"5,287 mi",64,$0.0949
CAI,MRS,"23,142",$234.38,"1,756 mi",63,$0.1335
CAI,MEX,"22,251",$591.74,"7,918 mi",61,$0.0747
CAI,HKG,"22,156",$490.40,"4,882 mi",61,$0.1005
CAI,EBB,"21,970",$191.92,"2,141 mi",60,$0.0896
CAI,IAH,"21,829",$704.37,"6,795 mi",60,$0.1037
CAI,MIA,"21,709",$498.00,"6,689 mi",59,$0.0745
CAI,DAR,"21,539",$211.72,"2,686 mi",59,$0.0788
CAI,ABS,"20,773",$102.86,519 mi,57,$0.1982
CAI,DFW,"20,276",$476.44,"6,722 mi",56,$0.0709
CAI,ABT,"20,194",$105.07,960 mi,55,$0.1094
CAI,DAC,"20,028",$252.96,"3,510 mi",55,$0.0721
CAI,DTW,"19,639",$363.11,"5,767 mi",54,$0.0630
CAI,NCE,"17,941",$322.36,"1,671 mi",49,$0.1929
CAI,MEL,"17,641",$936.53,"8,403 mi",48,$0.1115
CAI,ATL,"17,337",$524.21,"6,169 mi",47,$0.0850
CAI,SLL,"16,767",$227.82,"1,743 mi",46,$0.1307
CAI,HND,"16,549",$755.50,"6,119 mi",45,$0.1235
CAI,BNA,"16,413",$332.35,"6,539 mi",45,$0.0508
CAI,SKG,"16,150",$173.46,835 mi,44,$0.2077
CAI,ASM,"16,096",$150.70,"1,096 mi",44,$0.1375
CAI,CPT,"16,028",$455.56,"4,371 mi",44,$0.1042
CAI,MGQ,"15,675",$214.63,"2,209 mi",43,$0.0972
CAI,TIA,"15,663",$239.52,"1,048 mi",43,$0.2285
CAI,WAE,"15,568",$107.83,"1,053 mi",43,$0.1024
CAI,PKX,"14,949",$224.56,"4,827 mi",41,$0.0465
CAI,DPS,"14,473",$433.52,"6,337 mi",40,$0.0684
CAI,VCE,"14,372",$220.22,"1,524 mi",39,$0.1445
CAI,ISU,"14,351",$265.60,917 mi,39,$0.2896
CAI,ESB,"13,701",$110.98,718 mi,38,$0.1546
CAI,EZE,"13,649",$652.31,"7,145 mi",37,$0.0913
CAI,MAA,"13,510",$316.28,"3,421 mi",37,$0.0925
CAI,BLR,"13,477",$306.60,"3,074 mi",37,$0.0997
CAI,LIN,"13,326",$158.51,"1,645 mi",37,$0.0964
CAI,BLQ,"13,143",$206.13,"1,436 mi",36,$0.1435
CAI,MSP,"13,091",$369.75,"6,009 mi",36,$0.0615
CAI,MCO,"12,519",$570.97,"6,242 mi",34,$0.0915
CAI,CMB,"12,462",$269.78,"3,617 mi",34,$0.0746
CAI,LAD,"12,257",$565.06,"2,862 mi",34,$0.1974
CAI,NKG,"12,185",$210.25,"4,875 mi",33,$0.0431
CAI,SEA,"12,100",$515.99,"6,628 mi",33,$0.0779
CAI,JUB,"12,074",$139.64,"1,797 mi",33,$0.0777
CAI,ZAG,"11,799",$235.56,"1,319 mi",32,$0.1786
CAI,HKT,"11,698",$212.94,"4,697 mi",32,$0.0453
CAI,DSS,"11,539",$333.57,"3,345 mi",32,$0.0997
CAI,FIH,"11,538",$277.80,"2,685 mi",32,$0.1035
CAI,OSL,"11,510",$257.86,"2,212 mi",32,$0.1166
CAI,JIB,"10,717",$280.71,"1,443 mi",29,$0.1945
CAI,YEG,"10,499",$424.90,"6,490 mi",29,$0.0655
CAI,NKC,"10,452",$283.44,"3,164 mi",29,$0.0896
CAI,ALP,"10,416",$186.44,553 mi,29,$0.3371
CAI,TLS,"10,268",$236.88,"1,832 mi",28,$0.1293
CAI,TPA,"10,205",$493.93,"6,708 mi",28,$0.0736
CAI,CGO,"9,959",$245.96,"4,823 mi",27,$0.0510
CAI,CKY,"9,938",$364.95,"3,320 mi",27,$0.1099
CAI,YOW,"9,938",$318.05,"5,674 mi",27,$0.0561
CAI,BEG,"9,884",$211.14,"1,216 mi",27,$0.1736
CAI,OPO,"9,859",$249.52,"2,282 mi",27,$0.1093
CAI,AGP,"9,828",$266.20,"2,044 mi",27,$0.1302
CAI,YVR,"9,827",$477.76,"6,535 mi",27,$0.0731
CAI,YYC,"9,747",$409.49,"6,249 mi",27,$0.0655
CAI,SOF,"9,694",$229.32,946 mi,27,$0.2424
CAI,KGL,"9,693",$187.63,"2,152 mi",27,$0.0872
CAI,KHI,"9,503",$273.43,"2,277 mi",26,$0.1201
CAI,EVN,"9,450",$77.66,"1,037 mi",26,$0.0749
CAI,STR,"9,359",$243.39,"1,681 mi",26,$0.1448
CAI,TZX,"9,128",$157.50,913 mi,25,$0.1725
CAI,MLA,"9,058",$260.66,"1,024 mi",25,$0.2546
CAI,URY,"8,874",$94.57,349 mi,24,$0.2710
CAI,DEN,"8,828",$541.16,"7,045 mi",24,$0.0768
CAI,DAM,"8,681",$164.43,365 mi,24,$0.4505
CAI,FLR,"8,513",$197.00,"1,499 mi",23,$0.1314
CAI,RDU,"8,159",$476.44,"5,831 mi",22,$0.0817
CAI,CKG,"8,010",$207.19,"4,282 mi",22,$0.0484
CAI,HAJ,"8,010",$232.24,"1,838 mi",22,$0.1264
CAI,XIY,"7,942",$251.69,"4,546 mi",22,$0.0554
CAI,GYD,"7,830",$224.68,"1,229 mi",21,$0.1828
CAI,TRV,"7,781",$256.64,"3,392 mi",21,$0.0757
CAI,WNZ,"7,760",$192.43,"5,092 mi",21,$0.0378
CAI,HAN,"7,745",$403.39,"4,458 mi",21,$0.0905
CAI,HEL,"7,706",$260.53,"2,170 mi",21,$0.1201
CAI,PHX,"7,650",$553.08,"7,214 mi",21,$0.0767
CAI,FJR,"7,580",$57.99,"1,608 mi",21,$0.0361
CAI,XNB,"7,535",$72.87,"1,558 mi",21,$0.0468
CAI,CCJ,"7,385",$278.55,"3,045 mi",20,$0.0915
CAI,COK,"7,337",$231.98,"3,105 mi",20,$0.0747
CAI,LED,"7,279",$390.27,"2,113 mi",20,$0.1847
CAI,TBS,"7,117",$168.35,"1,131 mi",19,$0.1489
CAI,BNE,"7,102","$1,162.57","8,671 mi",19,$0.1341
CAI,DLA,"7,002",$243.79,"2,362 mi",19,$0.1032
CAI,HYD,"6,997",$352.62,"3,175 mi",19,$0.1111
CAI,FUK,"6,900","$1,921.56","5,732 mi",19,$0.3352
CAI,MLE,"6,830",$317.99,"3,375 mi",19,$0.0942
CAI,GOT,"6,801",$237.98,"2,174 mi",19,$0.1095
CAI,HER,"6,679",$169.17,526 mi,18,$0.3216
CAI,SJJ,"6,638",$132.08,"1,151 mi",18,$0.1148
CAI,ZNZ,"6,599",$242.31,"2,487 mi",18,$0.0974
CAI,EDI,"6,388",$403.29,"2,530 mi",18,$0.1594
CAI,RAK,"6,322",$242.86,"2,259 mi",17,$0.1075
CAI,PER,"6,286",$981.59,"7,209 mi",17,$0.1362
CAI,TAO,"6,270",$255.16,"5,105 mi",17,$0.0500
CAI,LJU,"6,184",$357.05,"1,395 mi",17,$0.2559
CAI,CTA,"6,142",$211.76,"1,033 mi",17,$0.2050
CAI,VLC,"6,097",$295.38,"1,852 mi",17,$0.1595
CAI,ADB,"6,075",$237.24,632 mi,17,$0.3754
CAI,CIT,"6,063",$196.21,"2,193 mi",17,$0.0895
CAI,SGN,"6,048",$413.57,"5,117 mi",17,$0.0808
CAI,PHL,"5,884",$487.30,"5,525 mi",16,$0.0882
CAI,NGO,"5,865",$377.58,"6,003 mi",16,$0.0629
CAI,BHX,"5,845",$240.03,"2,344 mi",16,$0.1024
CAI,KMG,"5,840",$157.40,"4,191 mi",16,$0.0376
CAI,ADL,"5,817",$675.05,"8,026 mi",16,$0.0841
CAI,BOG,"5,642",$661.71,"6,766 mi",15,$0.0978
CAI,ISB,"5,590",$445.88,"2,354 mi",15,$0.1894
CAI,CCU,"5,571",$430.68,"3,639 mi",15,$0.1184
CAI,CLT,"5,559",$417.51,"5,952 mi",15,$0.0701
CAI,TAS,"5,507",$324.59,"2,172 mi",15,$0.1494
CAI,WUH,"5,491",$212.68,"4,659 mi",15,$0.0456
CAI,ECN,"5,463",$82.88,358 mi,15,$0.2315
CAI,CSX,"5,405",$262.06,"4,966 mi",15,$0.0528
CAI,BOD,"5,402",$286.62,"2,074 mi",15,$0.1382
CAI,ATZ,"5,375",$37.99,220 mi,15,$0.1727
CAI,BIO,"5,220",$284.67,"2,151 mi",14,$0.1323
CAI,ZVH,"5,069",$82.69,"1,502 mi",14,$0.0551
CAI,ALA,"5,059",$273.09,"2,728 mi",14,$0.1001
CAI,LUN,"4,909",$526.85,"3,052 mi",13,$0.1726
CAI,KRK,"4,870",$217.43,"1,550 mi",13,$0.1403
CAI,SHW,"4,838",$120.97,"1,361 mi",13,$0.0889
CAI,NAP,"4,772",$173.01,"1,177 mi",13,$0.1470
CAI,YWG,"4,689",$361.62,"6,257 mi",13,$0.0578
CAI,VNO,"4,637",$254.82,"1,773 mi",13,$0.1437
CAI,CMH,"4,537",$481.12,"5,839 mi",12,$0.0824
CAI,SCL,"4,468",$714.96,"8,211 mi",12,$0.0871
CAI,BRE,"4,418",$301.90,"2,010 mi",12,$0.1502
CAI,CTU,"4,348",$155.73,"4,369 mi",12,$0.0356
CAI,LHE,"4,305",$368.28,"2,461 mi",12,$0.1496
CAI,BSL,"4,301",$317.83,"1,802 mi",12,$0.1764
CAI,KTM,"4,292",$217.29,"3,140 mi",12,$0.0692
CAI,YHZ,"4,269",$254.74,"5,155 mi",12,$0.0494
CAI,TRN,"4,257",$165.41,"1,604 mi",12,$0.1031
CAI,AUS,"4,203",$570.27,"7,305 mi",12,$0.0781
CAI,RIX,"4,200",$319.77,"1,829 mi",12,$0.1748
CAI,NUE,"4,167",$254.69,"1,759 mi",11,$0.1448
CAI,PDX,"4,114",$597.14,"7,166 mi",11,$0.0833
CAI,OUA,"4,036",$335.46,"2,362 mi",11,$0.1420
CAI,AMD,"4,000",$271.25,"2,656 mi",11,$0.1021
CAI,XMN,"3,996",$297.65,"5,048 mi",11,$0.0590
CAI,PUS,"3,980",$368.66,"5,273 mi",11,$0.0699
CAI,ULH,"3,930",$127.49,464 mi,11,$0.2748
CAI,SAN,"3,853",$760.54,"7,403 mi",11,$0.1027
CAI,NTE,"3,846",$289.89,"2,048 mi",11,$0.1415
CAI,LAS,"3,840",$650.14,"7,595 mi",11,$0.0856
CAI,IKA,"3,799",$263.29,"1,166 mi",10,$0.2258
CAI,BUS,"3,770",$414.31,"1,005 mi",10,$0.4122
CAI,TNR,"3,720",$451.48,"3,439 mi",10,$0.1313
CAI,VKO,"3,704",$246.49,"1,730 mi",10,$0.1425
CAI,CLE,"3,681",$479.29,"6,096 mi",10,$0.0786
CAI,LHW,"3,681",$150.44,"4,218 mi",10,$0.0357
CAI,RAH,"3,646",$100.39,746 mi,10,$0.1346
CAI,GIG,"3,617",$826.04,"6,338 mi",10,$0.1303
CAI,SHE,"3,591",$275.63,"5,119 mi",10,$0.0538
CAI,TLV,"3,524",$382.22,236 mi,10,$1.6196
CAI,LBV,"3,517",$391.91,"2,432 mi",10,$0.1611
CAI,HRE,"3,489",$459.95,"3,420 mi",10,$0.1345
CAI,PMO,"3,425",$169.89,"1,148 mi",9,$0.1480
CAI,LUX,"3,399",$330.45,"1,824 mi",9,$0.1812
CAI,WRO,"3,377",$247.45,"1,680 mi",9,$0.1473
CAI,TGD,"3,371",$291.48,"1,113 mi",9,$0.2619
CAI,HAH,"3,365",$482.22,"3,074 mi",9,$0.1569
CAI,PNR,"3,321",$440.81,"2,820 mi",9,$0.1563
CAI,GXF,"3,310",$134.43,"1,516 mi",9,$0.0887
CAI,CHQ,"3,288",$187.19,546 mi,9,$0.3428
CAI,PMI,"3,238",$413.92,"1,794 mi",9,$0.2307
CAI,JTR,"3,212",$199.16,535 mi,9,$0.3723
CAI,ORN,"3,208",$201.00,"1,945 mi",9,$0.1033
CAI,TSA,"3,184",$407.68,"5,217 mi",9,$0.0781
CAI,MBA,"3,181",$326.99,"2,494 mi",9,$0.1311
CAI,TRS,"3,116",$203.96,"1,409 mi",9,$0.1448
CAI,RMO,"3,102",$280.98,"1,134 mi",8,$0.2478
CAI,AKL,"3,085","$1,278.18","10,598 mi",8,$0.1206
CAI,SLC,"3,076",$639.29,"7,216 mi",8,$0.0886
CAI,RGN,"3,041",$468.71,"4,025 mi",8,$0.1164
CAI,GDN,"3,037",$285.35,"1,849 mi",8,$0.1543
CAI,MRU,"3,028",$658.09,"3,788 mi",8,$0.1737
CAI,IND,"3,011",$460.68,"5,988 mi",8,$0.0769
CAI,TLL,"3,001",$266.60,"1,986 mi",8,$0.1342
CAI,BRI,"2,998",$232.21,"1,151 mi",8,$0.2017
CAI,COV,"2,970",$198.62,498 mi,8,$0.3988
CAI,RHO,"2,970",$170.11,461 mi,8,$0.3690
CAI,FOC,"2,934",$296.93,"5,403 mi",8,$0.0550
CAI,NUM,"2,923",$198.80,287 mi,8,$0.6927
CAI,STL,"2,829",$503.49,"6,572 mi",8,$0.0766
CAI,TUI,"2,789",$125.40,461 mi,8,$0.2720
CAI,CVG,"2,780",$552.03,"6,319 mi",8,$0.0874
CAI,LIM,"2,772",$698.35,"7,964 mi",8,$0.0877
CAI,SHA,"2,727",$259.42,"5,328 mi",7,$0.0487
CAI,ABZ,"2,712",$687.22,"2,393 mi",7,$0.2872
CAI,MSY,"2,700",$661.54,"6,988 mi",7,$0.0947
CAI,MCI,"2,697",$513.35,"6,326 mi",7,$0.0811
CAI,FNA,"2,692",$371.28,"3,139 mi",7,$0.1183
CAI,SPU,"2,664",$301.00,"1,207 mi",7,$0.2494
CAI,JAX,"2,649",$465.96,"6,176 mi",7,$0.0754
CAI,GLA,"2,642",$408.54,"2,414 mi",7,$0.1692
CAI,LEJ,"2,635",$205.81,"1,717 mi",7,$0.1199
CAI,CZL,"2,632",$203.07,"1,535 mi",7,$0.1323
CAI,BJV,"2,617",$231.25,521 mi,7,$0.4439
CAI,NSI,"2,617",$496.19,"2,171 mi",7,$0.2286
CAI,GZT,"2,609",$176.07,605 mi,7,$0.2910
CAI,CGP,"2,586",$284.12,"3,631 mi",7,$0.0782
CAI,KYA,"2,561",$131.90,531 mi,7,$0.2484
CAI,DUR,"2,501",$380.16,"4,003 mi",7,$0.0950
CAI,HAV,"2,475",$480.00,"6,515 mi",7,$0.0737
CAI,ALC,"2,440",$339.91,"1,958 mi",7,$0.1736
CAI,SSG,"2,388",$533.10,"2,418 mi",7,$0.2205
CAI,MPM,"2,384",$493.22,"3,757 mi",7,$0.1313
CAI,IBZ,"2,368",$400.11,"1,858 mi",6,$0.2153
CAI,AGA,"2,351",$183.60,"2,350 mi",6,$0.0781
CAI,JMK,"2,342",$272.84,631 mi,6,$0.4324
CAI,WDH,"2,328",$417.50,"3,862 mi",6,$0.1081
CAI,NQZ,"2,309",$381.94,"2,429 mi",6,$0.1572
CAI,MHD,"2,294",$149.62,"1,630 mi",6,$0.0918
CAI,LGW,"2,245",$207.98,"2,239 mi",6,$0.0929
CAI,COO,"2,168",$387.00,"2,424 mi",6,$0.1597
CAI,RSI,"2,161",$147.56,479 mi,6,$0.3081
CAI,BJM,"2,145",$451.97,"2,384 mi",6,$0.1896
CAI,HRB,"2,136",$223.32,"4,831 mi",6,$0.0462
CAI,CGQ,"2,104",$148.03,"5,153 mi",6,$0.0287
CAI,POZ,"2,066",$220.34,"1,760 mi",6,$0.1252
CAI,DLC,"2,062",$224.85,"5,103 mi",6,$0.0441
CAI,SVQ,"2,052",$565.37,"2,120 mi",6,$0.2667
CAI,AER,"2,021",$391.87,"1,065 mi",6,$0.3680
CAI,JRO,"2,018",$337.19,"2,278 mi",6,$0.1480
CAI,ROB,"2,017",$528.81,"3,267 mi",6,$0.1619
CAI,STN,"1,998",$152.99,"2,250 mi",5,$0.0680
CAI,ZVJ,"1,975",$208.65,"1,502 mi",5,$0.1389
CAI,POL,"1,954",$729.72,"3,131 mi",5,$0.2331
CAI,PIT,"1,940",$485.47,"6,065 mi",5,$0.0800
CAI,NIM,"1,931",$332.33,"2,255 mi",5,$0.1474
CAI,NCL,"1,924",$444.06,"2,438 mi",5,$0.1821
CAI,DWD,"1,894",$105.57,847 mi,5,$0.1246
CAI,LFW,"1,894",$447.03,"2,487 mi",5,$0.1797
CAI,UIO,"1,894",$470.55,"7,619 mi",5,$0.0618
CAI,GOA,"1,880",$224.20,"1,530 mi",5,$0.1465
CAI,JKH,"1,874",$230.24,623 mi,5,$0.3696
CAI,KHN,"1,843",$173.30,"5,098 mi",5,$0.0340
CAI,OMA,"1,828",$442.20,"6,272 mi",5,$0.0705
CAI,NAV,"1,796",$146.74,643 mi,5,$0.2282
CAI,VAR,"1,784",$286.41,955 mi,5,$0.2999
CAI,NGB,"1,781",$321.32,"5,065 mi",5,$0.0634
CAI,TNA,"1,763",$234.27,"4,940 mi",5,$0.0474
CAI,CLJ,"1,739",$194.48,"1,260 mi",5,$0.1543
CAI,PEW,"1,730",$195.88,"2,419 mi",5,$0.0810
CAI,MEM,"1,729",$601.76,"6,734 mi",5,$0.0894
CAI,HFE,"1,727",$132.58,"5,067 mi",5,$0.0262
CAI,BWN,"1,722",$756.74,"5,490 mi",5,$0.1378
CAI,INC,"1,712",$243.88,"4,057 mi",5,$0.0601
CAI,SAT,"1,709",$674.63,"6,943 mi",5,$0.0972
CAI,OSS,"1,705",$147.56,"2,344 mi",5,$0.0630
CAI,FBM,"1,688",$381.85,"2,980 mi",5,$0.1281
CAI,SVX,"1,643",$194.11,"2,391 mi",5,$0.0812
CAI,VRN,"1,604",$281.81,"1,577 mi",4,$0.1787
CAI,LPA,"1,587",$576.67,"2,727 mi",4,$0.2115
CAI,DBV,"1,584",$202.17,"1,092 mi",4,$0.1851
CAI,MUX,"1,560",$200.09,"2,307 mi",4,$0.0867
CAI,MVD,"1,544",$641.81,"7,022 mi",4,$0.0914
CAI,CHS,"1,533",$629.72,"6,376 mi",4,$0.0988
CAI,PTY,"1,533",$747.71,"6,900 mi",4,$0.1084
CAI,BUF,"1,523",$365.14,"5,898 mi",4,$0.0619
CAI,KTW,"1,498",$244.37,"1,498 mi",4,$0.1631
CAI,HOF,"1,471",$315.20,"1,189 mi",4,$0.2651
CAI,LLW,"1,458",$671.99,"3,129 mi",4,$0.2148
CAI,BGF,"1,451",$308.39,"1,907 mi",4,$0.1617
CAI,MRV,"1,451",$569.89,"1,200 mi",4,$0.4749
CAI,AAE,"1,440",$141.25,"1,475 mi",4,$0.0958
CAI,BLL,"1,422",$265.18,"2,139 mi",4,$0.1240
CAI,HMB,"1,417",$29.99,254 mi,4,$0.1181
CAI,KZN,"1,409",$558.03,"1,908 mi",4,$0.2925
CAI,JER,"1,407",$375.75,"2,126 mi",4,$0.1767
CAI,SJU,"1,391",$432.41,"6,188 mi",4,$0.0699
CAI,XUZ,"1,387",$158.36,"4,723 mi",4,$0.0335
CAI,BGO,"1,365",$358.38,"2,481 mi",4,$0.1444
CAI,SJO,"1,349",$607.13,"7,566 mi",4,$0.0802
CAI,SJW,"1,346",$179.72,"4,770 mi",4,$0.0377
CAI,FAO,"1,345",$496.85,"2,230 mi",4,$0.2228
CAI,QYG,"1,321",$278.23,"1,831 mi",4,$0.1520
CAI,SDF,"1,318",$478.92,"6,031 mi",4,$0.0794
CAI,ABQ,"1,304",$607.03,"7,385 mi",4,$0.0822
CAI,BHD,"1,299",$506.55,"2,571 mi",4,$0.1970
CAI,DSM,"1,296",$532.05,"6,564 mi",4,$0.0811
CAI,SMF,"1,282",$553.75,"7,152 mi",4,$0.0774
CAI,SZG,"1,279",$510.24,"1,516 mi",4,$0.3366
CAI,ACE,"1,277",$534.27,"2,608 mi",3,$0.2049
CAI,SKP,"1,264",$278.90,"1,011 mi",3,$0.2759
CAI,RSW,"1,248",$883.37,"6,340 mi",3,$0.1393
CAI,HAK,"1,247",$265.31,"5,053 mi",3,$0.0525
CAI,PNH,"1,231",$477.87,"4,691 mi",3,$0.1019
CAI,SVG,"1,228",$390.00,"2,256 mi",3,$0.1729
CAI,TNG,"1,227",$353.92,"2,119 mi",3,$0.1670
CAI,TUS,"1,211",$880.34,"7,703 mi",3,$0.1143
CAI,SEZ,"1,209",$466.88,"2,972 mi",3,$0.1571
CAI,URC,"1,205",$220.23,"3,266 mi",3,$0.0674
CAI,GGR,"1,195",$310.26,"1,807 mi",3,$0.1717
CAI,LYP,"1,186",$222.41,"2,382 mi",3,$0.0934
CAI,CTS,"1,172",$378.15,"5,567 mi",3,$0.0679
CAI,FLL,"1,156",$438.41,"6,281 mi",3,$0.0698
CAI,CRK,"1,148",$589.03,"5,816 mi",3,$0.1013
CAI,BDS,"1,139",$221.81,"1,080 mi",3,$0.2054
CAI,SYZ,"1,104",$115.16,"1,306 mi",3,$0.0882
CAI,JAI,"1,085",$269.25,"2,609 mi",3,$0.1032
CAI,MCX,"1,054",$247.94,"1,216 mi",3,$0.2039
CAI,DLM,"1,051",$167.28,494 mi,3,$0.3386
CAI,KEF,"1,041",$561.12,"3,192 mi",3,$0.1758
CAI,ROC,"1,007",$497.50,"5,845 mi",3,$0.0851
CMN,ORY,"427,066",$159.38,"1,214 mi","1,170",$0.1313
CMN,JED,"335,978",$362.72,"3,038 mi",920,$0.1194
CMN,CDG,"227,677",$207.06,"1,164 mi",624,$0.1779
CMN,DXB,"225,463",$626.18,"3,665 mi",618,$0.1709
CMN,TUN,"170,908",$114.11,"1,003 mi",468,$0.1138
CMN,YUL,"155,566",$299.15,"3,632 mi",426,$0.0824
CMN,SAW,"149,174",$140.05,"2,143 mi",409,$0.0654
CMN,BRU,"147,406",$123.32,"1,397 mi",404,$0.0883
CMN,BLQ,"133,362",$113.44,"1,307 mi",365,$0.0868
CMN,IST,"133,023",$269.61,"1,991 mi",364,$0.1354
CMN,EUN,"131,261",$190.45,529 mi,360,$0.3600
CMN,MAD,"125,173",$95.07,556 mi,343,$0.1710
CMN,DSS,"117,495",$239.67,"1,465 mi",322,$0.1636
CMN,VIL,"114,631",$214.56,811 mi,314,$0.2646
CMN,LYS,"110,766",$125.09,"1,053 mi",303,$0.1188
CMN,RUH,"103,140",$461.87,"3,191 mi",283,$0.1447
CMN,AGA,"102,832",$70.18,243 mi,282,$0.2888
CMN,BCN,"95,894",$97.37,739 mi,263,$0.1318
CMN,NKC,"92,084",$173.14,"1,127 mi",252,$0.1536
CMN,BGY,"88,426",$53.67,"1,212 mi",242,$0.0443
CMN,AMS,"82,959",$145.77,"1,403 mi",227,$0.1039
CMN,JFK,"80,950",$498.83,"3,709 mi",222,$0.1345
CMN,AGP,"71,137",$54.75,279 mi,195,$0.1962
CMN,MXP,"70,790",$160.75,"1,246 mi",194,$0.1290
CMN,OUD,"70,335",$113.08,329 mi,193,$0.3437
CMN,FRA,"67,761",$235.58,"1,457 mi",186,$0.1617
CMN,DOH,"67,633",$397.09,"3,456 mi",185,$0.1149
CMN,LHR,"64,868",$296.74,"1,340 mi",178,$0.2214
CMN,GVA,"61,785",$158.41,"1,179 mi",169,$0.1344
CMN,NAP,"60,858",$58.66,"1,269 mi",167,$0.0462
CMN,MRS,"57,888",$166.20,951 mi,159,$0.1748
CMN,VCE,"57,156",$87.77,"1,308 mi",157,$0.0671
CMN,IAD,"53,844",$441.66,"3,706 mi",148,$0.1192
CMN,MED,"53,254",$409.52,"2,985 mi",146,$0.1372
CMN,KWI,"51,587",$302.94,"3,156 mi",141,$0.0960
CMN,LIS,"50,251",$86.66,394 mi,138,$0.2199
CMN,NTE,"47,889",$136.25,"1,033 mi",131,$0.1319
CMN,PVG,"47,687",$457.05,"7,098 mi",131,$0.0644
CMN,AUH,"47,086",$574.65,"3,874 mi",129,$0.1483
CMN,FCO,"47,050",$162.00,"1,265 mi",129,$0.1281
CMN,RAK,"45,317",$54.52,120 mi,124,$0.4543
CMN,MPL,"42,842",$57.81,969 mi,117,$0.0597
CMN,SVO,"40,464",$381.84,"2,716 mi",111,$0.1406
CMN,BOD,"37,460",$133.73,899 mi,103,$0.1488
CMN,TLS,"37,433",$145.33,832 mi,103,$0.1747
CMN,BSL,"37,212",$111.05,"1,221 mi",102,$0.0910
CMN,CTA,"36,428",$67.95,"1,264 mi",100,$0.0538
CMN,YYZ,"33,320",$341.68,"3,721 mi",91,$0.0918
CMN,TRN,"32,566",$126.51,"1,116 mi",89,$0.1134
CMN,CKY,"32,198",$377.44,"1,637 mi",88,$0.2306
CMN,NCE,"32,123",$193.59,"1,036 mi",88,$0.1869
CMN,ETZ,"31,857",$86.65,"1,253 mi",87,$0.0692
CMN,LIL,"28,547",$145.91,"1,344 mi",78,$0.1086
CMN,PKX,"28,471",$546.08,"6,447 mi",78,$0.0847
CMN,MCT,"28,242",$250.16,"4,113 mi",77,$0.0608
CMN,LGW,"27,941",$247.29,"1,245 mi",77,$0.1986
CMN,ERH,"27,578",$85.25,216 mi,76,$0.3947
CMN,CUF,"27,383",$75.81,"1,155 mi",75,$0.0656
CMN,CAN,"26,083",$543.45,"6,708 mi",71,$0.0810
CMN,MIA,"25,499",$502.50,"4,184 mi",70,$0.1201
CMN,DMM,"24,546",$282.22,"3,530 mi",67,$0.0799
CMN,LBV,"22,716",$543.16,"2,451 mi",62,$0.2216
CMN,BAH,"21,210",$291.23,"3,584 mi",58,$0.0813
CMN,BOS,"20,635",$408.89,"3,537 mi",57,$0.1156
CMN,AMM,"20,393",$252.92,"2,446 mi",56,$0.1034
CMN,GRU,"18,501",$687.70,"4,825 mi",51,$0.1425
CMN,PSA,"18,501",$90.31,"1,237 mi",51,$0.0730
CMN,OPO,"18,305",$117.89,531 mi,50,$0.2220
CMN,OUA,"18,125",$310.26,"1,457 mi",50,$0.2129
CMN,MUC,"17,060",$208.22,"1,483 mi",47,$0.1404
CMN,KUL,"16,936",$400.98,"7,000 mi",46,$0.0573
CMN,NIM,"16,317",$270.79,"1,550 mi",45,$0.1747
CMN,NDR,"15,757",$102.40,293 mi,43,$0.3495
CMN,HKG,"15,561",$648.48,"7,205 mi",43,$0.0900
CMN,LOS,"15,393",$479.62,"2,038 mi",42,$0.2353
CMN,RTM,"14,933",$156.89,"1,461 mi",41,$0.1074
CMN,TLV,"14,469",$456.00,"2,380 mi",40,$0.1916
CMN,BKK,"14,310",$493.92,"6,916 mi",39,$0.0714
CMN,HBE,"14,084",$145.36,"2,241 mi",39,$0.0649
CMN,GLN,"14,066",$54.00,343 mi,39,$0.1574
CMN,OZZ,"13,911",$56.18,167 mi,38,$0.3364
CMN,MNL,"13,709",$661.28,"7,474 mi",38,$0.0885
CMN,BOM,"12,999",$515.77,"4,818 mi",36,$0.1071
CMN,VLC,"12,982",$146.54,561 mi,36,$0.2612
CMN,TPE,"12,731",$816.72,"6,967 mi",35,$0.1172
CMN,LAX,"12,281",$669.82,"5,798 mi",34,$0.1155
CMN,PEK,"11,919",$386.35,"6,050 mi",33,$0.0639
CMN,ZRH,"11,663",$229.46,"1,248 mi",32,$0.1839
CMN,ORD,"11,624",$531.75,"4,399 mi",32,$0.1209
CMN,ORN,"11,603",$150.17,439 mi,32,$0.3421
CMN,NRT,"11,583",$745.32,"7,014 mi",32,$0.1063
CMN,AYT,"10,994",$274.82,"2,103 mi",30,$0.1307
CMN,AHU,"10,568",$72.01,241 mi,29,$0.2988
CMN,SFO,"10,561",$672.94,"5,807 mi",29,$0.1159
CMN,BER,"10,471",$283.40,"1,629 mi",29,$0.1740
CMN,VIE,"10,308",$265.46,"1,660 mi",28,$0.1599
CMN,ICN,"9,863",$587.69,"6,921 mi",27,$0.0849
CMN,SXB,"9,835",$158.72,"1,271 mi",27,$0.1249
CMN,BEY,"9,626",$361.49,"2,387 mi",26,$0.1514
CMN,MAN,"9,537",$213.84,"1,447 mi",26,$0.1478
CMN,COO,"9,448",$431.68,"1,914 mi",26,$0.2255
CMN,DUS,"9,313",$281.92,"1,476 mi",26,$0.1910
CMN,DEL,"9,251",$544.61,"4,737 mi",25,$0.1150
CMN,NBO,"9,114",$808.90,"3,869 mi",25,$0.2091
CMN,SIN,"8,973",$730.73,"7,622 mi",25,$0.0959
CMN,LPA,"8,746",$113.09,578 mi,24,$0.1957
CMN,JNB,"8,681",$836.52,"4,879 mi",24,$0.1715
CMN,ATH,"8,441",$384.82,"1,843 mi",23,$0.2088
CMN,DLA,"8,409",$388.98,"2,384 mi",23,$0.1632
CMN,FIH,"8,386",$615.42,"2,922 mi",23,$0.2106
CMN,ELQ,"7,791",$324.92,"3,179 mi",21,$0.1022
CMN,TNG,"7,716",$106.20,195 mi,21,$0.5446
CMN,LFW,"7,603",$488.82,"1,904 mi",21,$0.2567
CMN,LED,"7,541",$260.47,"2,575 mi",21,$0.1012
CMN,TTA,"7,454",$87.43,412 mi,20,$0.2122
CMN,HKT,"7,356",$373.63,"7,013 mi",20,$0.0533
CMN,AHB,"7,331",$339.55,"3,163 mi",20,$0.1074
CMN,KIX,"7,161",$746.94,"6,954 mi",20,$0.1074
CMN,HGH,"7,042",$374.23,"6,678 mi",19,$0.0560
CMN,CPH,"7,023",$225.31,"1,873 mi",19,$0.1203
CMN,DME,"7,000",$358.63,"2,723 mi",19,$0.1317
CMN,DFW,"6,659",$608.38,"4,839 mi",18,$0.1257
CMN,HAM,"6,543",$249.99,"1,595 mi",18,$0.1567
CMN,CGK,"6,438",$630.64,"7,611 mi",18,$0.0829
CMN,FEZ,"6,352",$87.89,160 mi,17,$0.5493
CMN,HND,"6,229","$1,231.65","7,011 mi",17,$0.1757
CMN,MCO,"6,090",$465.74,"4,162 mi",17,$0.1119
CMN,IAH,"5,975",$552.02,"5,148 mi",16,$0.1072
CMN,RAI,"5,876",$283.73,"1,663 mi",16,$0.1706
CMN,BJV,"5,772",$406.80,"2,054 mi",16,$0.1981
CMN,ATL,"5,740",$526.55,"4,442 mi",16,$0.1185
CMN,SVQ,"5,683",$110.58,305 mi,16,$0.3626
CMN,NDJ,"5,641",$470.83,"2,108 mi",15,$0.2234
CMN,LAD,"5,634",$756.15,"3,125 mi",15,$0.2420
CMN,NSI,"5,501",$456.69,"2,463 mi",15,$0.1854
CMN,EWR,"5,428",$363.11,"3,510 mi",15,$0.1035
CMN,SHJ,"5,271",$175.30,"3,671 mi",14,$0.0478
CMN,SSG,"5,200",$518.14,"2,231 mi",14,$0.2322
CMN,YVR,"5,167",$540.62,"5,334 mi",14,$0.1014
CMN,PRG,"5,069",$305.45,"1,555 mi",14,$0.1964
CMN,OZG,"4,896",$37.36,230 mi,13,$0.1624
CMN,MEL,"4,700","$1,379.87","11,190 mi",13,$0.1233
CMN,ESB,"4,671",$313.71,"2,342 mi",13,$0.1339
CMN,VKO,"4,595",$330.82,"2,544 mi",13,$0.1300
CMN,SYD,"4,567","$1,398.44","10,880 mi",13,$0.1285
CMN,RDU,"4,514",$465.11,"4,077 mi",12,$0.1141
CMN,DPS,"4,497",$846.89,"8,684 mi",12,$0.0975
CMN,ARN,"4,440",$302.71,"2,220 mi",12,$0.1364
CMN,DEN,"4,413",$503.19,"4,968 mi",12,$0.1013
CMN,YYC,"4,335",$476.34,"5,248 mi",12,$0.0908
CMN,ADB,"4,327",$314.63,"2,023 mi",12,$0.1555
CMN,PMI,"4,176",$277.52,736 mi,11,$0.3771
CMN,OSL,"4,058",$277.57,"2,098 mi",11,$0.1323
CMN,WAW,"4,040",$392.26,"1,865 mi",11,$0.2103
CMN,STN,"3,990",$199.00,"1,378 mi",11,$0.1444
CMN,CKG,"3,989",$528.24,"6,507 mi",11,$0.0812
CMN,OXB,"3,942",$404.76,"1,522 mi",11,$0.2659
CMN,CPT,"3,888",$713.81,"4,804 mi",11,$0.1486
CMN,OTP,"3,886",$358.30,"2,010 mi",11,$0.1783
CMN,TTU,"3,779",$84.95,194 mi,10,$0.4379
CMN,DUB,"3,778",$317.30,"1,345 mi",10,$0.2359
CMN,TFS,"3,687",$129.32,667 mi,10,$0.1939
CMN,ROB,"3,678",$336.69,"1,939 mi",10,$0.1736
CMN,FNA,"3,668",$297.33,"1,799 mi",10,$0.1653
CMN,SEA,"3,658",$745.19,"5,380 mi",10,$0.1385
CMN,DAR,"3,613",$516.59,"4,013 mi",10,$0.1287
CMN,YEG,"3,460",$439.73,"5,147 mi",9,$0.0854
CMN,TUU,"3,452",$301.03,"2,546 mi",9,$0.1182
CMN,BGF,"3,420",$488.89,"2,691 mi",9,$0.1817
CMN,TPA,"3,355",$585.49,"4,503 mi",9,$0.1300
CMN,SSH,"3,338",$297.02,"2,431 mi",9,$0.1222
CMN,TFU,"3,330",$466.89,"6,376 mi",9,$0.0732
CMN,BUD,"3,218",$352.02,"1,752 mi",9,$0.2009
CMN,BLR,"3,199",$661.80,"5,288 mi",9,$0.1252
CMN,SOF,"3,180",$330.95,"1,847 mi",9,$0.1792
CMN,MEX,"3,174",$945.54,"5,738 mi",9,$0.1648
CMN,GIZ,"3,122",$357.76,"3,204 mi",9,$0.1117
CMN,JIB,"2,934",$582.01,"3,637 mi",8,$0.1600
CMN,BNE,"2,882","$1,505.27","11,554 mi",8,$0.1303
CMN,MRU,"2,841",$915.64,"5,511 mi",8,$0.1661
CMN,COV,"2,789",$334.84,"2,475 mi",8,$0.1353
CMN,BIO,"2,704",$250.96,709 mi,7,$0.3540
CMN,TIF,"2,610",$331.25,"3,127 mi",7,$0.1059
CMN,HAN,"2,608",$523.13,"6,855 mi",7,$0.0763
CMN,CLT,"2,605",$554.13,"4,210 mi",7,$0.1316
CMN,BEG,"2,588",$395.98,"1,630 mi",7,$0.2429
CMN,BGW,"2,542",$375.17,"3,049 mi",7,$0.1230
CMN,SZX,"2,527",$557.31,"6,765 mi",7,$0.0824
CMN,TNR,"2,492",$869.33,"4,960 mi",7,$0.1753
CMN,KGL,"2,434",$601.98,"3,566 mi",7,$0.1688
CMN,MLA,"2,427",$371.13,"1,302 mi",7,$0.2850
CMN,HEL,"2,424",$398.68,"2,438 mi",7,$0.1635
CMN,HRG,"2,424",$193.33,"2,565 mi",7,$0.0754
CMN,DTW,"2,382",$433.30,"3,925 mi",7,$0.1104
CMN,GYD,"2,379",$546.61,"3,260 mi",7,$0.1677
CMN,FLR,"2,366",$369.86,"1,277 mi",6,$0.2896
CMN,MSP,"2,339",$522.58,"4,578 mi",6,$0.1142
CMN,HAJ,"2,327",$429.06,"1,621 mi",6,$0.2647
CMN,AUS,"2,233",$553.73,"5,266 mi",6,$0.1052
CMN,LAS,"2,203",$609.43,"5,569 mi",6,$0.1094
CMN,KRK,"2,189",$403.74,"1,752 mi",6,$0.2304
CMN,LIN,"2,173",$285.38,"1,186 mi",6,$0.2406
CMN,PHX,"2,090",$763.40,"5,533 mi",6,$0.1380
CMN,ECN,"2,062",$330.01,"2,402 mi",6,$0.1374
CMN,HAS,"1,960",$364.57,"2,850 mi",5,$0.1279
CMN,DLM,"1,946",$451.08,"2,121 mi",5,$0.2127
CMN,MAA,"1,937",$670.83,"5,769 mi",5,$0.1163
CMN,CVG,"1,921",$498.89,"4,310 mi",5,$0.1158
CMN,STR,"1,918",$279.20,"1,327 mi",5,$0.2104
CMN,GZT,"1,839",$350.82,"2,610 mi",5,$0.1344
CMN,EBB,"1,836",$568.64,"3,574 mi",5,$0.1591
CMN,BOG,"1,817",$990.04,"4,832 mi",5,$0.2049
CMN,LUN,"1,798","$1,199.32","3,995 mi",5,$0.3002
CMN,TZX,"1,759",$260.00,"2,707 mi",5,$0.0960
CMN,IBZ,"1,753",$387.47,609 mi,5,$0.6362
CMN,TAS,"1,741",$513.06,"4,245 mi",5,$0.1209
CMN,EAM,"1,733",$361.95,"3,282 mi",5,$0.1103
CMN,GIG,"1,700","$1,026.58","4,400 mi",5,$0.2333
CMN,YQB,"1,693",$265.33,"3,298 mi",5,$0.0805
CMN,CMH,"1,675",$560.64,"4,195 mi",5,$0.1336
CMN,KHI,"1,653",$440.40,"4,321 mi",5,$0.1019
CMN,SLL,"1,641",$289.72,"3,841 mi",4,$0.0754
CMN,BHX,"1,626",$308.67,"1,310 mi",4,$0.2356
CMN,LIM,"1,599",$765.59,"5,371 mi",4,$0.1425
CMN,DAC,"1,575",$737.75,"5,584 mi",4,$0.1321
CMN,ISB,"1,571",$622.04,"4,368 mi",4,$0.1424
CMN,YWG,"1,569",$362.40,"4,350 mi",4,$0.0833
CMN,SGN,"1,568",$554.05,"7,366 mi",4,$0.0752
CMN,TAO,"1,566",$320.62,"6,358 mi",4,$0.0504
CMN,YOW,"1,542",$327.78,"3,510 mi",4,$0.0934
CMN,TIA,"1,530",$311.02,"1,543 mi",4,$0.2016
CMN,PHL,"1,528",$444.21,"3,800 mi",4,$0.1169
CMN,GOT,"1,519",$232.48,"1,976 mi",4,$0.1177
CMN,ASR,"1,511",$508.18,"2,341 mi",4,$0.2171
CMN,YHZ,"1,503",$234.25,"2,947 mi",4,$0.0795
CMN,EZE,"1,495","$1,114.03","5,578 mi",4,$0.1997
CMN,EDI,"1,485",$370.60,"1,620 mi",4,$0.2288
CMN,ZNZ,"1,476",$545.26,"3,983 mi",4,$0.1369
CMN,PMO,"1,474",$172.44,"1,168 mi",4,$0.1476
CMN,HYD,"1,438",$902.18,"5,187 mi",4,$0.1739
CMN,KYA,"1,428",$347.39,"2,190 mi",4,$0.1586
CMN,VNO,"1,376",$525.73,"2,097 mi",4,$0.2507
CMN,XNB,"1,374",$384.36,"3,676 mi",4,$0.1046
CMN,SZF,"1,358",$369.85,"2,385 mi",4,$0.1551
CMN,NUE,"1,351",$254.67,"1,511 mi",4,$0.1685
CMN,ZAG,"1,331",$397.31,"1,469 mi",4,$0.2705
CMN,PUJ,"1,330",$306.78,"3,973 mi",4,$0.0772
CMN,IND,"1,319",$582.36,"4,375 mi",4,$0.1331
CMN,LHE,"1,319",$550.81,"4,785 mi",4,$0.1151
CMN,SCL,"1,265","$1,118.83","5,987 mi",3,$0.1869
CMN,SUF,"1,265",$160.23,"1,338 mi",3,$0.1198
CMN,SAN,"1,239",$783.73,"5,795 mi",3,$0.1352
CMN,CLE,"1,224",$594.62,"4,109 mi",3,$0.1447
CMN,WUH,"1,224",$396.77,"6,799 mi",3,$0.0584
CMN,SID,"1,217",$176.11,"1,539 mi",3,$0.1144
CMN,MLE,"1,189",$991.27,"5,381 mi",3,$0.1842
CMN,SKG,"1,180",$277.43,"1,696 mi",3,$0.1636
CMN,CGO,"1,156",$304.86,"6,213 mi",3,$0.0491
CMN,EBL,"1,137",$299.23,"2,810 mi",3,$0.1065
CMN,BJM,"1,129",$569.87,"3,391 mi",3,$0.1681
CMN,VGO,"1,126",$283.58,597 mi,3,$0.4750
CMN,LUX,"1,119",$233.62,"1,286 mi",3,$0.1817
CMN,CUR,"1,110",$370.81,"4,235 mi",3,$0.0876
CMN,BIQ,"1,102",$391.77,748 mi,3,$0.5238
CMN,BRI,"1,102",$256.13,"1,480 mi",3,$0.1731
CMN,DIY,"1,099",$370.74,"2,753 mi",3,$0.1347
CMN,DCA,"1,090",$786.88,"3,687 mi",3,$0.2134
CMN,XIY,"1,087",$502.33,"6,010 mi",3,$0.0836
CMN,BES,"1,069",$355.74,"1,087 mi",3,$0.3273
CMN,BHH,"1,069",$363.02,"3,106 mi",3,$0.1169
CMN,JAX,"1,064",$453.48,"4,381 mi",3,$0.1035
CMN,CSX,"1,053",$307.51,"6,883 mi",3,$0.0447
CMN,DAM,"1,048",$372.25,"2,448 mi",3,$0.1521
CMN,FDF,"1,042",$516.14,"3,462 mi",3,$0.1491
CMN,ALC,"1,041",$181.62,504 mi,3,$0.3604
CMN,HAH,"1,031",$554.88,"4,424 mi",3,$0.1254
CMN,TBS,"1,015",$332.34,"2,803 mi",3,$0.1186
CMN,RUN,"1,012",$652.45,"5,762 mi",3,$0.1132
CMN,ALA,"1,004",$364.67,"4,572 mi",3,$0.0798
COO,CDG,"84,047",$441.18,"2,859 mi",230,$0.1543
COO,LBV,"65,059",$86.46,614 mi,178,$0.1408
COO,DSS,"26,812",$184.93,"1,397 mi",73,$0.1324
COO,ORY,"16,986",$298.20,"2,839 mi",47,$0.1050
COO,LOS,"15,265",$86.15,64 mi,42,$1.3461
COO,BRU,"13,318",$297.93,"3,172 mi",36,$0.0939
COO,SSG,"8,500",$112.87,457 mi,23,$0.2470
COO,OUA,"6,397",$338.81,477 mi,18,$0.7103
COO,DLA,"6,247",$160.38,514 mi,17,$0.3120
COO,KWI,"5,734",$392.70,"3,460 mi",16,$0.1135
COO,BEY,"5,285",$359.90,"2,756 mi",14,$0.1306
COO,YUL,"5,162",$391.48,"5,391 mi",14,$0.0726
COO,MXP,"5,092",$163.88,"2,658 mi",14,$0.0617
COO,IST,"4,954",$337.31,"2,819 mi",14,$0.1197
COO,CKY,"4,296",$398.29,"1,151 mi",12,$0.3460
COO,PNR,"4,142",$59.29,983 mi,11,$0.0603
COO,DXB,"4,102",$465.44,"3,616 mi",11,$0.1287
COO,TUN,"3,500",$413.46,"2,099 mi",10,$0.1970
COO,LFW,"3,471",$87.10,81 mi,10,$1.0753
COO,NIM,"3,335",$351.29,477 mi,9,$0.7365
COO,FCO,"3,320",$193.06,"2,598 mi",9,$0.0743
COO,POG,"3,312",$160.86,677 mi,9,$0.2376
COO,JNB,"3,187",$363.51,"2,922 mi",9,$0.1244
COO,NBO,"3,070",$534.92,"2,368 mi",8,$0.2259
COO,LYS,"2,973",$325.93,"2,807 mi",8,$0.1161
COO,GVA,"2,941",$451.45,"2,681 mi",8,$0.1684
COO,IAD,"2,888",$733.47,"5,235 mi",8,$0.1401
COO,JFK,"2,661",$415.02,"5,364 mi",7,$0.0774
COO,PEK,"2,580",$944.63,"7,394 mi",7,$0.1278
COO,MAD,"2,540",$358.57,"2,315 mi",7,$0.1549
COO,FIH,"2,518",$324.06,"1,132 mi",7,$0.2863
COO,FRA,"2,424",$433.32,"3,130 mi",7,$0.1384
COO,BOM,"2,422",$397.49,"4,947 mi",7,$0.0803
COO,MRS,"2,389",$435.00,"2,491 mi",7,$0.1746
COO,KGL,"2,286",$364.20,"2,059 mi",6,$0.1769
COO,BLQ,"2,263",$222.32,"2,611 mi",6,$0.0851
COO,ZYR,"2,214",$701.46,"3,172 mi",6,$0.2211
COO,DEL,"1,896",$384.20,"4,930 mi",5,$0.0779
COO,YYZ,"1,894",$420.54,"5,681 mi",5,$0.0740
COO,VCE,"1,863",$318.98,"2,687 mi",5,$0.1187
COO,AMS,"1,762",$557.97,"3,083 mi",5,$0.1810
COO,LHR,"1,757",$659.70,"3,028 mi",5,$0.2179
COO,HAM,"1,732",$257.56,"3,393 mi",5,$0.0759
COO,CAN,"1,723",$813.42,"7,568 mi",5,$0.1075
COO,NDJ,"1,704",$528.03,978 mi,5,$0.5399
COO,BER,"1,665",$287.34,"3,144 mi",5,$0.0914
COO,NSI,"1,663",$444.55,677 mi,5,$0.6566
COO,ORD,"1,585",$515.33,"5,761 mi",4,$0.0895
COO,TLS,"1,507",$410.26,"2,499 mi",4,$0.1642
COO,MUC,"1,457",$609.21,"3,043 mi",4,$0.2002
COO,BCN,"1,454",$439.18,"2,342 mi",4,$0.1875
COO,NAP,"1,429",$328.84,"2,421 mi",4,$0.1358
COO,BOD,"1,389",$518.91,"2,745 mi",4,$0.1890
COO,EWR,"1,345",$521.14,"5,385 mi",4,$0.0968
COO,PTP,"1,249",$891.27,"4,237 mi",3,$0.2104
COO,DUS,"1,203",$281.01,"3,208 mi",3,$0.0876
COO,JED,"1,202",$447.78,"2,592 mi",3,$0.1728
COO,PKX,"1,163",$343.82,"7,401 mi",3,$0.0465
COO,STR,"1,107",$505.42,"3,041 mi",3,$0.1662
COO,MNL,"1,101",$716.34,"8,232 mi",3,$0.0870
COO,SFO,"1,061","$2,244.92","8,000 mi",3,$0.2806
COO,BGF,"1,042",$604.84,"1,084 mi",3,$0.5580
COO,PVG,"1,005","$1,092.73","7,448 mi",3,$0.1467
CPT,JNB,"3,859,443",$99.70,766 mi,"10,574",$0.1302
CPT,DUR,"1,237,724",$101.41,769 mi,"3,391",$0.1319
CPT,HLA,"798,135",$103.03,810 mi,"2,187",$0.1272
CPT,PLZ,"330,296",$85.01,390 mi,905,$0.2180
CPT,LHR,"315,406",$955.70,"6,196 mi",864,$0.1542
CPT,ELS,"233,625",$84.58,551 mi,640,$0.1535
CPT,FRA,"148,851",$606.30,"6,011 mi",408,$0.1009
CPT,MQP,"142,563",$111.77,926 mi,391,$0.1207
CPT,GRJ,"138,937",$44.94,210 mi,381,$0.2140
CPT,BFN,"138,628",$85.71,581 mi,380,$0.1475
CPT,AMS,"132,367",$605.24,"5,838 mi",363,$0.1037
CPT,HDS,"128,760",$187.68,967 mi,353,$0.1941
CPT,WDH,"110,623",$87.85,820 mi,303,$0.1071
CPT,DXB,"105,114",$926.32,"4,607 mi",288,$0.2011
CPT,LGW,"88,931",$618.23,"6,171 mi",244,$0.1002
CPT,MRU,"88,436",$270.41,"2,635 mi",242,$0.1026
CPT,HRE,"74,759",$150.18,"1,390 mi",205,$0.1080
CPT,VFA,"72,769",$223.16,"1,220 mi",199,$0.1829
CPT,MUC,"71,742",$677.94,"5,532 mi",197,$0.1225
CPT,NBO,"60,273",$520.10,"2,472 mi",165,$0.2104
CPT,CDG,"59,299",$742.13,"5,992 mi",162,$0.1239
CPT,ZRH,"58,769",$870.20,"5,490 mi",161,$0.1585
CPT,LAD,"50,765",$375.97,"1,821 mi",139,$0.2065
CPT,LOS,"48,717",$399.03,"3,063 mi",133,$0.1303
CPT,BRU,"47,524",$441.35,"5,748 mi",130,$0.0768
CPT,KIM,"46,441",$105.00,494 mi,127,$0.2126
CPT,MUB,"45,454",$173.73,981 mi,125,$0.1771
CPT,WVB,"43,455",$95.03,772 mi,119,$0.1231
CPT,BOM,"41,112",$354.80,"5,268 mi",113,$0.0674
CPT,MAN,"37,602",$649.94,"6,347 mi",103,$0.1024
CPT,SZK,"37,157",$174.05,967 mi,102,$0.1800
CPT,GRU,"36,160",$730.99,"3,828 mi",99,$0.1910
CPT,SIN,"32,711","$1,132.06","5,827 mi",90,$0.1943
CPT,LIS,"32,096",$488.52,"5,490 mi",88,$0.0890
CPT,LUN,"31,631",$138.32,"1,469 mi",87,$0.0942
CPT,GBE,"31,177",$120.63,809 mi,85,$0.1491
CPT,DUB,"31,090",$750.18,"6,032 mi",85,$0.1244
CPT,BER,"29,498",$650.21,"5,794 mi",81,$0.1122
CPT,SYD,"29,169","$1,135.16","6,623 mi",80,$0.1714
CPT,HAM,"27,244",$617.44,"6,256 mi",75,$0.0987
CPT,IST,"26,690",$586.19,"5,081 mi",73,$0.1154
CPT,ATL,"26,629","$1,473.11","8,377 mi",73,$0.1759
CPT,EWR,"26,065","$1,271.09","7,589 mi",71,$0.1675
CPT,RUH,"24,454",$514.97,"4,335 mi",67,$0.1188
CPT,JED,"24,445",$324.83,"4,197 mi",67,$0.0774
CPT,JFK,"24,288","$1,058.58","7,570 mi",67,$0.1398
CPT,MXP,"23,775",$561.30,"5,368 mi",65,$0.1046
CPT,MPM,"23,559",$143.26,973 mi,65,$0.1472
CPT,VIE,"22,854",$606.26,"5,842 mi",63,$0.1038
CPT,MNL,"22,590",$819.49,"7,253 mi",62,$0.1130
CPT,FCO,"22,457",$623.11,"5,408 mi",62,$0.1152
CPT,DME,"22,046",$607.49,"6,092 mi",60,$0.0997
CPT,PER,"21,908",$896.72,"5,237 mi",60,$0.1712
CPT,LAX,"21,712","$1,420.94","9,691 mi",59,$0.1466
CPT,DUS,"21,490",$476.51,"6,112 mi",59,$0.0780
CPT,MAD,"20,263",$821.23,"5,175 mi",56,$0.1587
CPT,IAD,"19,798","$1,239.53","8,169 mi",54,$0.1517
CPT,BCN,"18,813",$709.65,"5,464 mi",52,$0.1299
CPT,CPH,"18,356",$573.02,"6,013 mi",50,$0.0953
CPT,DEL,"18,053",$682.01,"5,595 mi",49,$0.1219
CPT,DOH,"17,937",$487.75,"4,491 mi",49,$0.1086
CPT,DAR,"17,572",$229.84,"2,218 mi",48,$0.1036
CPT,YYZ,"17,352",$819.70,"8,408 mi",48,$0.0975
CPT,ATH,"17,209",$638.63,"4,830 mi",47,$0.1322
CPT,MIA,"16,519","$1,106.61","7,440 mi",45,$0.1487
CPT,BKK,"16,421",$616.15,"6,495 mi",45,$0.0949
CPT,GVA,"16,160","$1,057.63","5,428 mi",44,$0.1948
CPT,BNE,"15,929","$1,102.57","7,475 mi",44,$0.1475
CPT,MEL,"15,562","$1,112.56","6,211 mi",43,$0.1791
CPT,ARN,"15,386",$535.87,"6,274 mi",42,$0.0854
CPT,AKL,"15,099",$958.21,"7,518 mi",41,$0.1275
CPT,ICN,"13,587","$1,004.85","8,229 mi",37,$0.1221
CPT,ORD,"13,569","$1,114.05","8,774 mi",37,$0.1270
CPT,UTN,"13,231",$106.35,427 mi,36,$0.2491
CPT,DPS,"13,058",$756.70,"6,065 mi",36,$0.1248
CPT,HKT,"12,708",$380.92,"6,127 mi",35,$0.0622
CPT,SFO,"12,670","$1,434.56","9,943 mi",35,$0.1443
CPT,SHO,"11,967",$109.80,914 mi,33,$0.1201
CPT,HKG,"11,730",$844.62,"7,575 mi",32,$0.1115
CPT,EDI,"11,573",$820.83,"6,536 mi",32,$0.1256
CPT,LVI,"11,538",$224.97,"1,165 mi",32,$0.1931
CPT,BOS,"11,409","$1,136.46","7,496 mi",31,$0.1516
CPT,TLV,"11,368",$664.59,"4,539 mi",31,$0.1464
CPT,PVG,"11,014",$688.85,"7,829 mi",30,$0.0880
CPT,WAW,"10,675",$618.03,"6,131 mi",29,$0.1008
CPT,EBB,"10,463",$289.40,"2,590 mi",29,$0.1117
CPT,OSL,"10,362",$490.16,"6,715 mi",28,$0.0730
CPT,MED,"10,156",$223.12,"4,402 mi",28,$0.0507
CPT,NCE,"9,798",$806.07,"5,249 mi",27,$0.1536
CPT,VCE,"9,783",$598.84,"5,339 mi",27,$0.1122
CPT,MCO,"9,537",$941.48,"8,045 mi",26,$0.1170
CPT,GLA,"9,461","$1,022.05","6,163 mi",26,$0.1658
CPT,KUL,"9,409",$773.98,"6,109 mi",26,$0.1267
CPT,ZNZ,"9,408",$296.04,"2,257 mi",26,$0.1312
CPT,BHX,"9,319",$577.97,"6,279 mi",26,$0.0920
CPT,DEN,"9,210","$1,167.68","9,609 mi",25,$0.1215
CPT,HND,"9,106","$1,176.88","8,873 mi",25,$0.1326
CPT,ADL,"9,070","$1,050.94","6,105 mi",25,$0.1721
CPT,SEA,"9,040","$1,168.33","9,910 mi",25,$0.1179
CPT,YUL,"8,667",$753.33,"7,705 mi",24,$0.0978
CPT,PRG,"8,625",$534.66,"5,640 mi",24,$0.0948
CPT,IAH,"8,362","$1,320.12","8,364 mi",23,$0.1578
CPT,YVR,"8,168",$956.69,"10,537 mi",22,$0.0908
CPT,DMM,"8,127",$560.90,"4,510 mi",22,$0.1244
CPT,CGK,"7,975","$1,005.40","6,047 mi",22,$0.1663
CPT,FIH,"7,483",$305.00,"1,992 mi",21,$0.1531
CPT,SVO,"7,265",$533.77,"6,123 mi",20,$0.0872
CPT,NBJ,"7,123",$395.48,"1,699 mi",20,$0.2328
CPT,SEZ,"7,100",$297.33,"3,020 mi",19,$0.0985
CPT,DFW,"7,064","$1,281.81","8,525 mi",19,$0.1504
CPT,NCL,"6,734",$884.84,"6,454 mi",18,$0.1371
CPT,NRT,"6,672","$1,031.03","8,908 mi",18,$0.1157
CPT,FBM,"6,573",$160.39,"1,596 mi",18,$0.1005
CPT,FLL,"6,572",$834.06,"7,901 mi",18,$0.1056
CPT,HAJ,"6,421",$795.56,"6,175 mi",18,$0.1288
CPT,STR,"6,177",$580.40,"5,912 mi",17,$0.0982
CPT,LYS,"6,039",$466.34,"5,737 mi",17,$0.0813
CPT,TPA,"5,997","$1,140.22","8,098 mi",16,$0.1408
CPT,KIX,"5,832",$787.41,"8,613 mi",16,$0.0914
CPT,BLR,"5,804",$566.94,"5,218 mi",16,$0.1087
CPT,LLW,"5,647",$280.56,"1,636 mi",15,$0.1715
CPT,HEL,"5,503",$554.96,"6,720 mi",15,$0.0826
CPT,TPE,"5,374",$941.91,"8,088 mi",15,$0.1165
CPT,PEK,"5,295",$795.21,"7,814 mi",15,$0.1018
CPT,BLQ,"5,256",$654.16,"5,280 mi",14,$0.1239
CPT,AUH,"5,226",$407.29,"4,538 mi",14,$0.0898
CPT,OTP,"5,211",$590.20,"5,610 mi",14,$0.1052
CPT,AGP,"5,171",$704.04,"5,255 mi",14,$0.1340
CPT,MGQ,"5,059",$364.78,"3,122 mi",14,$0.1168
CPT,KGL,"5,039",$367.83,"2,403 mi",14,$0.1531
CPT,PMI,"4,944",$676.86,"5,334 mi",14,$0.1269
CPT,MSP,"4,939","$1,140.58","8,564 mi",14,$0.1332
CPT,HAN,"4,933",$601.86,"7,078 mi",14,$0.0850
CPT,PHX,"4,900","$1,258.19","9,915 mi",13,$0.1269
CPT,DTW,"4,744",$983.81,"8,552 mi",13,$0.1150
CPT,TNR,"4,698",$328.26,"2,123 mi",13,$0.1546
CPT,BUD,"4,674",$589.52,"5,793 mi",13,$0.1018
CPT,GOT,"4,605",$551.60,"6,151 mi",13,$0.0897
CPT,MRS,"4,578",$632.28,"5,252 mi",13,$0.1204
CPT,PTG,"4,572",$134.26,929 mi,13,$0.1445
CPT,LIN,"4,520",$866.39,"5,352 mi",12,$0.1619
CPT,LED,"4,490",$679.36,"6,707 mi",12,$0.1013
CPT,BLZ,"4,478",$242.73,"1,672 mi",12,$0.1452
CPT,CAN,"4,367",$562.50,"7,580 mi",12,$0.0742
CPT,LAS,"4,365","$1,151.32","9,545 mi",12,$0.1206
CPT,SGN,"4,306",$639.53,"6,720 mi",12,$0.0952
CPT,BBK,"4,251",$184.61,"1,222 mi",12,$0.1511
CPT,OPO,"4,143",$721.16,"5,641 mi",11,$0.1278
CPT,CLT,"3,826","$1,117.51","7,757 mi",10,$0.1441
CPT,AEP,"3,820",$991.21,"4,408 mi",10,$0.2249
CPT,NUE,"3,811",$421.29,"5,959 mi",10,$0.0707
CPT,BRE,"3,810",$559.11,"5,860 mi",10,$0.0954
CPT,VKO,"3,741",$722.83,"6,096 mi",10,$0.1186
CPT,VNX,"3,712",$209.08,"1,347 mi",10,$0.1552
CPT,DSS,"3,694",$984.59,"4,221 mi",10,$0.2333
CPT,SAN,"3,658","$1,326.25","9,606 mi",10,$0.1381
CPT,MLE,"3,636",$702.27,"4,306 mi",10,$0.1631
CPT,KWI,"3,615",$620.41,"4,626 mi",10,$0.1341
CPT,RDU,"3,610",$984.39,"7,670 mi",10,$0.1283
CPT,MLA,"3,593",$631.13,"4,686 mi",10,$0.1347
CPT,YYC,"3,585",$824.70,"10,101 mi",10,$0.0816
CPT,GIG,"3,579","$1,014.86","3,895 mi",10,$0.2606
CPT,DAC,"3,540","$1,039.61","6,359 mi",10,$0.1635
CPT,QYG,"3,494",$718.59,"5,904 mi",10,$0.1217
CPT,RUN,"3,490",$284.19,"2,348 mi",10,$0.1210
CPT,LCA,"3,460",$870.17,"4,708 mi",9,$0.1848
CPT,SCL,"3,414","$1,173.97","4,802 mi",9,$0.2445
CPT,HYD,"3,341",$861.27,"5,448 mi",9,$0.1581
CPT,AUS,"3,241","$1,256.03","8,494 mi",9,$0.1479
CPT,CMB,"3,235",$639.31,"5,053 mi",9,$0.1265
CPT,BUQ,"3,229",$162.16,"1,176 mi",9,$0.1379
CPT,PBI,"3,183","$1,155.70","7,919 mi",9,$0.1459
CPT,MCT,"3,171",$513.48,"4,612 mi",9,$0.1113
CPT,JRO,"3,159",$431.05,"2,495 mi",9,$0.1728
CPT,NAP,"3,150",$765.33,"5,334 mi",9,$0.1435
CPT,MEX,"3,128","$1,196.88","8,263 mi",9,$0.1448
CPT,SZG,"3,123",$602.24,"5,829 mi",9,$0.1033
CPT,MBA,"3,104",$480.56,"2,396 mi",9,$0.2006
CPT,TLS,"3,022",$538.75,"5,306 mi",8,$0.1015
CPT,VLC,"2,996",$916.14,"5,376 mi",8,$0.1704
CPT,NLA,"2,990",$169.05,"1,626 mi",8,$0.1040
CPT,MAA,"2,981",$458.04,"5,336 mi",8,$0.0858
CPT,ZAG,"2,946",$470.90,"5,344 mi",8,$0.0881
CPT,PKX,"2,935",$466.09,"7,791 mi",8,$0.0598
CPT,LUX,"2,868",$954.51,"5,650 mi",8,$0.1689
CPT,BAH,"2,775",$672.16,"4,521 mi",8,$0.1487
CPT,PHL,"2,774","$1,132.75","7,615 mi",8,$0.1488
CPT,BHD,"2,718",$894.04,"6,102 mi",7,$0.1465
CPT,LIM,"2,689",$980.95,"6,259 mi",7,$0.1567
CPT,ABZ,"2,654","$1,214.29","6,223 mi",7,$0.1951
CPT,AYT,"2,654",$386.74,"4,810 mi",7,$0.0804
CPT,FNC,"2,650",$465.03,"4,993 mi",7,$0.0931
CPT,LBV,"2,634",$558.44,"2,526 mi",7,$0.2211
CPT,SAW,"2,579",$236.09,"5,374 mi",7,$0.0439
CPT,SLC,"2,562","$1,442.43","9,427 mi",7,$0.1530
CPT,FLR,"2,547","$1,234.59","5,556 mi",7,$0.2222
CPT,CGN,"2,539",$700.06,"5,725 mi",7,$0.1223
CPT,BOD,"2,514",$419.35,"5,744 mi",7,$0.0730
CPT,MSY,"2,502","$1,273.08","8,593 mi",7,$0.1482
CPT,PDX,"2,454","$1,169.48","10,559 mi",7,$0.1108
CPT,RAK,"2,447",$765.60,"4,997 mi",7,$0.1532
CPT,BNA,"2,434","$1,092.68","8,068 mi",7,$0.1354
CPT,STN,"2,430",$629.76,"5,854 mi",7,$0.1076
CPT,AMM,"2,426",$508.52,"4,537 mi",7,$0.1121
CPT,PNR,"2,378",$584.31,"2,121 mi",7,$0.2755
CPT,IKA,"2,377",$518.54,"5,391 mi",7,$0.0962
CPT,BSL,"2,348","$1,007.74","5,507 mi",6,$0.1830
CPT,LPA,"2,329",$702.58,"4,965 mi",6,$0.1415
CPT,CHC,"2,251",$840.26,"6,633 mi",6,$0.1267
CPT,HRG,"2,233",$415.87,"4,470 mi",6,$0.0930
CPT,STL,"2,205","$1,416.90","8,314 mi",6,$0.1704
CPT,TFS,"2,199",$794.24,"4,717 mi",6,$0.1684
CPT,SOF,"2,198",$777.12,"5,146 mi",6,$0.1510
CPT,KHI,"2,170",$647.07,"5,011 mi",6,$0.1291
CPT,LHE,"2,115",$788.51,"5,975 mi",6,$0.1320
CPT,ALC,"2,096",$765.38,"5,295 mi",6,$0.1445
CPT,KRK,"2,060",$676.81,"5,633 mi",6,$0.1202
CPT,CCU,"1,988",$620.78,"6,207 mi",5,$0.1000
CPT,TUN,"1,980",$583.27,"4,774 mi",5,$0.1222
CPT,NTE,"1,973",$503.66,"5,915 mi",5,$0.0851
CPT,LGA,"1,936","$1,408.92","8,047 mi",5,$0.1751
CPT,BEG,"1,882",$570.95,"5,281 mi",5,$0.1081
CPT,CTA,"1,820",$906.14,"5,088 mi",5,$0.1781
CPT,PTY,"1,801","$1,020.41","6,812 mi",5,$0.1498
CPT,ORK,"1,793",$964.08,"6,336 mi",5,$0.1522
CPT,HER,"1,783",$913.02,"4,663 mi",5,$0.1958
CPT,USM,"1,781",$643.25,"6,287 mi",5,$0.1023
CPT,LJU,"1,765",$477.18,"5,380 mi",5,$0.0887
CPT,IND,"1,742","$1,097.88","8,135 mi",5,$0.1350
CPT,EZE,"1,738",$810.73,"4,407 mi",5,$0.1840
CPT,CLE,"1,731","$1,275.14","7,965 mi",5,$0.1601
CPT,DCA,"1,706","$1,662.14","8,145 mi",5,$0.2041
CPT,BLL,"1,698",$549.75,"6,036 mi",5,$0.0911
CPT,JAX,"1,693","$1,283.53","7,658 mi",5,$0.1676
CPT,JER,"1,693","$1,340.98","6,064 mi",5,$0.2211
CPT,SPU,"1,693",$505.45,"5,518 mi",5,$0.0916
CPT,GDN,"1,691",$589.00,"5,921 mi",5,$0.0995
CPT,KEF,"1,683",$788.49,"7,344 mi",5,$0.1074
CPT,RIX,"1,683",$675.90,"6,476 mi",5,$0.1044
CPT,BGO,"1,662",$551.71,"6,754 mi",5,$0.0817
CPT,XMN,"1,650",$426.10,"7,433 mi",5,$0.0573
CPT,MCI,"1,617","$1,157.63","9,069 mi",4,$0.1276
CPT,PIT,"1,607","$1,272.89","7,866 mi",4,$0.1618
CPT,INN,"1,598",$604.85,"5,461 mi",4,$0.1108
CPT,BOG,"1,583",$993.69,"6,360 mi",4,$0.1562
CPT,COK,"1,580",$458.12,"5,005 mi",4,$0.0915
CPT,CMH,"1,570","$1,280.56","7,979 mi",4,$0.1605
CPT,BSR,"1,549",$580.76,"4,988 mi",4,$0.1164
CPT,CUN,"1,541","$1,211.04","8,114 mi",4,$0.1493
CPT,TMS,"1,541",$357.02,"2,570 mi",4,$0.1389
CPT,TBS,"1,514",$435.06,"5,322 mi",4,$0.0817
CPT,WLG,"1,512","$1,001.23","6,808 mi",4,$0.1471
CPT,VNO,"1,507",$547.20,"6,318 mi",4,$0.0866
CPT,NSI,"1,504",$460.39,"2,723 mi",4,$0.1691
CPT,YEG,"1,491",$773.92,"9,472 mi",4,$0.0817
CPT,DLA,"1,483",$367.20,"2,768 mi",4,$0.1327
CPT,FAO,"1,477",$634.11,"5,349 mi",4,$0.1185
CPT,RSW,"1,463","$2,164.19","7,541 mi",4,$0.2870
CPT,SKG,"1,444",$557.07,"4,999 mi",4,$0.1114
CPT,SVQ,"1,402",$652.91,"5,332 mi",4,$0.1225
CPT,PMO,"1,401",$841.40,"4,847 mi",4,$0.1736
CPT,LEJ,"1,398",$497.81,"5,736 mi",4,$0.0868
CPT,UTT,"1,388",$143.66,590 mi,4,$0.2435
CPT,BJM,"1,387",$287.46,"2,294 mi",4,$0.1253
CPT,DBV,"1,386","$1,143.42","5,128 mi",4,$0.2230
CPT,ISB,"1,373",$855.71,"5,665 mi",4,$0.1511
CPT,DLM,"1,364",$720.67,"5,075 mi",4,$0.1420
CPT,GRZ,"1,361",$855.57,"5,429 mi",4,$0.1576
CPT,TLL,"1,339",$827.99,"6,655 mi",4,$0.1244
CPT,CKY,"1,328","$1,291.90","3,566 mi",4,$0.3623
CPT,BEY,"1,315",$680.39,"4,666 mi",4,$0.1458
CPT,POA,"1,314",$720.30,"4,139 mi",4,$0.1740
CPT,CVG,"1,301",$996.21,"8,041 mi",4,$0.1239
CPT,SJU,"1,298",$839.95,"6,426 mi",4,$0.1307
CPT,BEW,"1,276",$215.04,"1,441 mi",3,$0.1492
CPT,DRS,"1,274","$1,223.42","5,710 mi",3,$0.2143
CPT,MEM,"1,256","$1,205.91","8,209 mi",3,$0.1469
CPT,MSU,"1,246",$184.71,593 mi,3,$0.3115
CPT,YOW,"1,238","$1,528.08","8,266 mi",3,$0.1849
CPT,BIO,"1,237",$782.69,"5,343 mi",3,$0.1465
CPT,SMF,"1,212","$1,053.44","10,520 mi",3,$0.1001
CPT,BRS,"1,201",$615.23,"6,218 mi",3,$0.0989
CPT,POL,"1,196",$353.60,"1,938 mi",3,$0.1825
CPT,BWI,"1,191","$1,107.13","7,662 mi",3,$0.1445
CPT,MVD,"1,152","$1,012.84","4,023 mi",3,$0.2518
CPT,BJV,"1,130",$413.17,"5,104 mi",3,$0.0810
CPT,BRI,"1,122",$652.62,"5,346 mi",3,$0.1221
CPT,CHS,"1,112","$1,270.60","7,646 mi",3,$0.1662
CPT,MPL,"1,107",$861.46,"5,274 mi",3,$0.1633
CPT,HGH,"1,105",$534.80,"8,209 mi",3,$0.0651
CPT,OMA,"1,096","$1,149.65","9,168 mi",3,$0.1254
CPT,IBZ,"1,087","$1,098.42","4,997 mi",3,$0.2198
CPT,CFU,"1,080",$834.48,"5,235 mi",3,$0.1594
CPT,SHJ,"1,080",$216.77,"4,902 mi",3,$0.0442
CPT,FNA,"1,078",$564.92,"3,713 mi",3,$0.1521
CPT,SJO,"1,073","$1,101.96","7,554 mi",3,$0.1459
CPT,CNF,"1,066",$877.27,"3,806 mi",3,$0.2305
CPT,HLE,"1,064",$401.53,"1,895 mi",3,$0.2119
CPT,AAL,"1,041",$634.79,"6,123 mi",3,$0.1037
CPT,ROB,"1,032",$644.45,"3,462 mi",3,$0.1861
CPT,SAT,"1,031","$1,425.41","8,520 mi",3,$0.1673
CPT,ADB,"1,002",$811.28,"5,173 mi",3,$0.1568
DAR,MWZ,"254,379",$107.63,513 mi,697,$0.2098
DAR,ZNZ,"247,588",$36.35,46 mi,678,$0.7902
DAR,NBO,"178,842",$124.60,427 mi,490,$0.2918
DAR,JRO,"104,989",$82.25,272 mi,288,$0.3024
DAR,ARK,"98,406",$85.06,309 mi,270,$0.2753
DAR,DXB,"97,092",$459.67,"2,397 mi",266,$0.1918
DAR,JNB,"89,073",$199.01,"1,559 mi",244,$0.1277
DAR,DOD,"78,973",$72.16,249 mi,216,$0.2898
DAR,MBI,"69,878",$95.72,404 mi,191,$0.2369
DAR,CAN,"65,626",$575.21,"5,574 mi",180,$0.1032
DAR,BOM,"61,964",$200.42,"2,823 mi",170,$0.0710
DAR,EBB,"58,465",$162.84,648 mi,160,$0.2513
DAR,MFA,"38,145",$71.79,76 mi,105,$0.9446
DAR,LUN,"34,687",$133.35,905 mi,95,$0.1473
DAR,HRE,"34,390",$126.68,967 mi,94,$0.1310
DAR,IRI,"30,186",$92.08,250 mi,83,$0.3683
DAR,TKQ,"29,108",$134.38,689 mi,80,$0.1950
DAR,LHR,"28,763",$534.55,"4,805 mi",79,$0.1112
DAR,MCT,"28,272",$157.00,"2,394 mi",77,$0.0656
DAR,KGL,"28,086",$172.78,689 mi,77,$0.2508
DAR,BKZ,"21,033",$111.34,618 mi,58,$0.1802
DAR,MYW,"20,554",$78.67,241 mi,56,$0.3264
DAR,HAH,"18,475",$153.67,412 mi,51,$0.3730
DAR,MBA,"17,994",$138.71,193 mi,49,$0.7187
DAR,DEL,"17,393",$316.77,"3,621 mi",48,$0.0875
DAR,IST,"15,951",$351.76,"3,290 mi",44,$0.1069
DAR,AMS,"15,202",$485.09,"4,701 mi",42,$0.1032
DAR,TGT,"14,174",$165.35,128 mi,39,$1.2918
DAR,LLW,"14,136",$182.44,621 mi,39,$0.2938
DAR,PKX,"13,831",$659.43,"5,673 mi",38,$0.1162
DAR,SGX,"13,800",$106.61,350 mi,38,$0.3046
DAR,PEK,"13,798",$579.41,"6,042 mi",38,$0.0959
DAR,PVG,"13,313",$726.73,"6,211 mi",36,$0.1170
DAR,FBM,"12,769",$261.48,834 mi,35,$0.3135
DAR,FIH,"12,367",$265.18,"1,691 mi",34,$0.1568
DAR,LOS,"11,287",$291.91,"2,721 mi",31,$0.1073
DAR,BJM,"11,068",$161.30,745 mi,30,$0.2165
DAR,JED,"10,784",$192.93,"2,032 mi",30,$0.0949
DAR,CDG,"10,687",$551.52,"4,584 mi",29,$0.1203
DAR,PMA,"10,551",$100.14,116 mi,29,$0.8633
DAR,DOH,"10,345",$212.67,"2,444 mi",28,$0.0870
DAR,TBO,"9,435",$92.44,469 mi,26,$0.1971
DAR,ICN,"8,804",$618.59,"6,548 mi",24,$0.0945
DAR,BLZ,"8,780",$146.51,652 mi,24,$0.2247
DAR,IAD,"8,216",$962.05,"8,179 mi",23,$0.1176
DAR,JFK,"8,084",$898.53,"7,960 mi",22,$0.1129
DAR,MPM,"7,905",$256.21,"1,428 mi",22,$0.1794
DAR,LGW,"7,684",$393.08,"4,780 mi",21,$0.0822
DAR,FRA,"7,638",$359.81,"4,210 mi",21,$0.0855
DAR,BRU,"7,451",$314.48,"4,360 mi",20,$0.0721
DAR,FCO,"6,930",$368.94,"3,883 mi",19,$0.0950
DAR,NLA,"6,705",$190.03,865 mi,18,$0.2197
DAR,YYZ,"6,452",$600.87,"8,212 mi",18,$0.0732
DAR,NPY,"6,427",$95.79,541 mi,18,$0.1771
DAR,MXP,"6,222",$345.54,"4,210 mi",17,$0.0821
DAR,MED,"6,100",$143.09,"2,237 mi",17,$0.0640
DAR,TFU,"5,917",$411.84,"4,867 mi",16,$0.0846
DAR,RUH,"5,631",$249.49,"2,189 mi",15,$0.1140
DAR,HYD,"5,627",$366.33,"3,249 mi",15,$0.1128
DAR,POL,"5,599",$94.35,418 mi,15,$0.2257
DAR,BER,"5,325",$291.53,"4,495 mi",15,$0.0649
DAR,KBH,"5,292",$131.56,514 mi,14,$0.2560
DAR,MAN,"5,291",$365.29,"4,668 mi",14,$0.0783
DAR,DZA,"5,123",$205.43,565 mi,14,$0.3636
DAR,MAA,"5,117",$371.91,"3,036 mi",14,$0.1225
DAR,VIE,"5,069",$351.96,"3,920 mi",14,$0.0898
DAR,GVA,"5,050",$975.28,"4,070 mi",14,$0.2396
DAR,MAD,"4,968",$467.43,"4,380 mi",14,$0.1067
DAR,ARN,"4,924",$347.34,"4,601 mi",13,$0.0755
DAR,BHX,"4,836",$389.47,"4,895 mi",13,$0.0796
DAR,CPH,"4,727",$284.43,"4,715 mi",13,$0.0603
DAR,KHI,"4,592",$346.56,"2,978 mi",13,$0.1164
DAR,MRU,"4,552",$374.77,"1,504 mi",12,$0.2492
DAR,BKK,"4,549",$581.88,"4,319 mi",12,$0.1347
DAR,DUR,"4,470",$178.32,"1,707 mi",12,$0.1045
DAR,MUC,"4,465",$390.51,"4,288 mi",12,$0.0911
DAR,ZRH,"4,357",$498.79,"4,321 mi",12,$0.1154
DAR,BLR,"4,277",$407.80,"3,074 mi",12,$0.1327
DAR,NRT,"3,847","$1,312.84","6,908 mi",11,$0.1900
DAR,KUL,"3,735",$668.45,"4,493 mi",10,$0.1488
DAR,DMM,"3,706",$308.11,"2,339 mi",10,$0.1317
DAR,AMD,"3,695",$484.03,"3,155 mi",10,$0.1534
DAR,WDH,"3,667",$175.36,"1,750 mi",10,$0.1002
DAR,TNR,"3,660",$444.10,"1,024 mi",10,$0.4337
DAR,ORD,"3,646",$482.45,"8,156 mi",10,$0.0592
DAR,OSL,"3,545",$322.58,"4,735 mi",10,$0.0681
DAR,CMB,"3,463",$762.75,"3,056 mi",9,$0.2496
DAR,DME,"3,384",$807.99,"4,175 mi",9,$0.1935
DAR,ATL,"3,264",$588.72,"8,150 mi",9,$0.0722
DAR,GBE,"3,228",$218.09,"1,460 mi",9,$0.1494
DAR,HKG,"3,205",$731.89,"5,597 mi",9,$0.1308
DAR,BCN,"3,153",$522.36,"4,195 mi",9,$0.1245
DAR,WAW,"3,140",$305.21,"4,346 mi",9,$0.0702
DAR,HAM,"3,087",$327.96,"4,649 mi",8,$0.0705
DAR,TLV,"3,062",$526.92,"2,621 mi",8,$0.2010
DAR,SLL,"3,060",$255.97,"1,998 mi",8,$0.1281
DAR,MNL,"2,926",$706.23,"5,621 mi",8,$0.1256
DAR,DUS,"2,866",$296.67,"4,590 mi",8,$0.0646
DAR,ATH,"2,830",$383.78,"3,345 mi",8,$0.1147
DAR,DUB,"2,829",$427.11,"5,082 mi",8,$0.0840
DAR,BOS,"2,741",$784.68,"7,794 mi",8,$0.1007
DAR,BEY,"2,711",$280.99,"2,907 mi",7,$0.0967
DAR,BGW,"2,683",$446.05,"2,709 mi",7,$0.1647
DAR,SIN,"2,673",$779.51,"4,367 mi",7,$0.1785
DAR,SZX,"2,547",$650.00,"5,270 mi",7,$0.1233
DAR,PER,"2,524","$1,864.49","5,348 mi",7,$0.3486
DAR,HEL,"2,423",$352.99,"4,566 mi",7,$0.0773
DAR,CKG,"2,416",$550.61,"4,976 mi",7,$0.1107
DAR,YUL,"2,397",$528.35,"7,432 mi",7,$0.0711
DAR,LAX,"2,393","$1,162.23","9,781 mi",7,$0.1188
DAR,OTP,"2,351",$472.58,"3,756 mi",6,$0.1258
DAR,SAW,"2,311",$177.49,"3,461 mi",6,$0.0513
DAR,JUB,"2,286",$266.82,995 mi,6,$0.2682
DAR,HAN,"2,269",$689.70,"4,764 mi",6,$0.1448
DAR,IAH,"2,269",$811.06,"8,815 mi",6,$0.0920
DAR,DSS,"2,151",$735.56,"4,256 mi",6,$0.1728
DAR,SFO,"2,124","$1,054.67","10,320 mi",6,$0.1022
DAR,CGK,"2,120","$1,223.74","4,488 mi",6,$0.2727
DAR,DAC,"2,097",$421.37,"3,928 mi",6,$0.1073
DAR,TUN,"2,053",$530.40,"3,662 mi",6,$0.1448
DAR,LAD,"2,023",$741.98,"1,729 mi",6,$0.4291
DAR,SEA,"1,954","$1,111.78","9,711 mi",5,$0.1145
DAR,BLQ,"1,939",$370.73,"4,072 mi",5,$0.0910
DAR,COK,"1,912",$353.86,"2,732 mi",5,$0.1295
DAR,IKA,"1,871",$464.94,"2,933 mi",5,$0.1585
DAR,VFA,"1,869",$239.47,"1,151 mi",5,$0.2081
DAR,VKO,"1,836",$483.53,"4,187 mi",5,$0.1155
DAR,KIX,"1,797","$1,102.76","7,035 mi",5,$0.1568
DAR,LIS,"1,779",$625.90,"4,284 mi",5,$0.1461
DAR,HGH,"1,687",$573.30,"6,117 mi",5,$0.0937
DAR,DFW,"1,683","$1,188.50","8,836 mi",5,$0.1345
DAR,KWI,"1,676",$386.64,"2,639 mi",5,$0.1465
DAR,VCE,"1,676",$508.45,"4,101 mi",5,$0.1240
DAR,PRG,"1,671",$403.96,"4,085 mi",5,$0.0989
DAR,MSP,"1,633",$536.96,"8,310 mi",4,$0.0646
DAR,BAH,"1,630",$382.80,"2,343 mi",4,$0.1634
DAR,GOT,"1,596",$338.00,"4,567 mi",4,$0.0740
DAR,BUD,"1,592",$356.84,"3,828 mi",4,$0.0932
DAR,EWR,"1,489",$493.45,"7,515 mi",4,$0.0657
DAR,NAP,"1,484",$627.80,"3,769 mi",4,$0.1666
DAR,TUU,"1,448",$243.02,"2,514 mi",4,$0.0967
DAR,GIT,"1,420",$153.69,575 mi,4,$0.2673
DAR,ZAG,"1,405",$280.39,"3,789 mi",4,$0.0740
DAR,STR,"1,400",$451.55,"4,373 mi",4,$0.1033
DAR,BEG,"1,333",$357.89,"3,647 mi",4,$0.0981
DAR,KRK,"1,333",$924.28,"3,981 mi",4,$0.2322
DAR,DTW,"1,332",$469.84,"8,428 mi",4,$0.0557
DAR,AMM,"1,329",$252.60,"2,595 mi",4,$0.0973
DAR,KTM,"1,324",$453.48,"3,780 mi",4,$0.1200
DAR,MRS,"1,315",$671.57,"3,953 mi",4,$0.1699
DAR,XMN,"1,313",$320.76,"5,555 mi",4,$0.0577
DAR,YVR,"1,306",$963.55,"9,618 mi",4,$0.1002
DAR,KIS,"1,305",$165.18,578 mi,4,$0.2858
DAR,YYC,"1,278",$749.98,"8,746 mi",4,$0.0858
DAR,ECN,"1,259",$361.68,"2,840 mi",3,$0.1274
DAR,LED,"1,245",$739.92,"4,494 mi",3,$0.1646
DAR,DLA,"1,234",$273.53,"2,233 mi",3,$0.1225
DAR,EDI,"1,230",$603.22,"4,821 mi",3,$0.1251
DAR,AHB,"1,226",$189.75,"1,804 mi",3,$0.1052
DAR,ADE,"1,203",$219.81,"1,462 mi",3,$0.1503
DAR,ESB,"1,185",$440.25,"3,370 mi",3,$0.1306
DAR,CGN,"1,182",$248.30,"4,290 mi",3,$0.0579
DAR,MIA,"1,180","$1,052.03","8,007 mi",3,$0.1314
DAR,HND,"1,148","$1,507.33","6,875 mi",3,$0.2192
DAR,SHO,"1,146",$224.86,"1,390 mi",3,$0.1618
DAR,SEZ,"1,141",$396.20,"1,098 mi",3,$0.3608
DAR,EBL,"1,137",$386.99,"2,905 mi",3,$0.1332
DAR,BSL,"1,111",$734.87,"4,104 mi",3,$0.1791
DAR,HAS,"1,105",$260.07,"2,306 mi",3,$0.1128
DAR,TAS,"1,096",$575.51,"3,947 mi",3,$0.1458
DAR,MGQ,"1,089",$380.96,767 mi,3,$0.4967
DAR,AGP,"1,084",$391.66,"4,003 mi",3,$0.0978
DAR,BGY,"1,084",$246.89,"4,184 mi",3,$0.0590
DAR,NUE,"1,066",$582.52,"4,120 mi",3,$0.1414
DAR,SEU,"1,053",$183.47,416 mi,3,$0.4410
DAR,LVI,"1,052",$495.17,"1,211 mi",3,$0.4089
DAR,PLZ,"1,036",$206.39,"2,126 mi",3,$0.0971
DAR,GYD,"1,022",$544.17,"3,443 mi",3,$0.1581
DAR,GRU,"1,018","$1,039.75","5,583 mi",3,$0.1862
DAR,HAJ,"1,013",$398.81,"4,318 mi",3,$0.0924
DLA,NSI,"228,072",$148.06,132 mi,625,$1.1217
DLA,CDG,"86,351",$384.46,"3,232 mi",237,$0.1190
DLA,LBV,"76,506",$160.00,253 mi,210,$0.6324
DLA,DXB,"56,056",$218.47,"3,463 mi",154,$0.0631
DLA,SSG,"42,079",$146.42,70 mi,115,$2.0917
DLA,NDJ,"31,188",$178.56,689 mi,85,$0.2592
DLA,BRU,"29,512",$219.54,"3,352 mi",81,$0.0655
DLA,IAD,"25,471",$405.00,"5,716 mi",70,$0.0709
DLA,BGF,"25,375",$160.41,589 mi,70,$0.2723
DLA,YUL,"22,113",$400.76,"5,533 mi",61,$0.0724
DLA,CAN,"19,089",$385.33,"6,755 mi",52,$0.0570
DLA,LOS,"17,888",$214.84,489 mi,49,$0.4393
DLA,NGE,"15,618",$66.57,340 mi,43,$0.1958
DLA,DSS,"14,405",$303.97,"1,907 mi",39,$0.1594
DLA,MVR,"14,183",$80.37,559 mi,39,$0.1438
DLA,IST,"11,193",$216.14,"2,917 mi",31,$0.0741
DLA,BSG,"10,246",$150.85,141 mi,28,$1.0699
DLA,BFX,"9,032",$42.24,111 mi,25,$0.3805
DLA,NBO,"8,784",$295.53,"1,857 mi",24,$0.1591
DLA,GOU,"8,705",$71.73,458 mi,24,$0.1566
DLA,JNB,"8,327",$177.68,"2,351 mi",23,$0.0756
DLA,KGL,"8,121",$156.67,"1,425 mi",22,$0.1099
DLA,LHR,"8,018",$384.07,"3,232 mi",22,$0.1188
DLA,LFW,"7,229",$137.06,583 mi,20,$0.2351
DLA,BEY,"7,176",$466.06,"2,564 mi",20,$0.1818
DLA,FRA,"6,423",$268.94,"3,086 mi",18,$0.0871
DLA,GVA,"6,265",$407.52,"2,838 mi",17,$0.1436
DLA,PNR,"6,087",$371.11,609 mi,17,$0.6094
DLA,DME,"5,543",$305.22,"3,765 mi",15,$0.0811
DLA,BER,"5,310",$346.74,"3,248 mi",15,$0.1068
DLA,JED,"4,939",$281.99,"2,390 mi",14,$0.1180
DLA,DFW,"4,823",$631.08,"6,819 mi",13,$0.0925
DLA,POG,"4,803",$137.96,323 mi,13,$0.4271
DLA,ORY,"4,612",$210.06,"3,214 mi",13,$0.0654
DLA,LYS,"4,582",$310.77,"2,983 mi",13,$0.1042
DLA,YYZ,"4,581",$430.95,"6,175 mi",13,$0.0698
DLA,MAD,"4,530",$174.57,"2,733 mi",12,$0.0639
DLA,BOM,"4,109",$350.41,"4,507 mi",11,$0.0777
DLA,IAH,"3,834",$541.75,"7,182 mi",11,$0.0754
DLA,TUN,"3,743",$308.57,"2,201 mi",10,$0.1402
DLA,OUA,"3,679",$267.16,989 mi,10,$0.2701
DLA,ATL,"3,482",$526.00,"6,492 mi",10,$0.0810
DLA,HGH,"3,474",$380.15,"7,518 mi",10,$0.0506
DLA,PEK,"3,414",$345.45,"6,712 mi",9,$0.0515
DLA,ZRH,"3,382",$284.08,"2,913 mi",9,$0.0975
DLA,MED,"3,212",$197.74,"2,374 mi",9,$0.0833
DLA,JFK,"3,128",$395.55,"5,526 mi",9,$0.0716
DLA,MXP,"3,076",$323.34,"2,790 mi",8,$0.1159
DLA,DUS,"3,063",$267.82,"3,369 mi",8,$0.0795
DLA,MRS,"3,059",$493.03,"2,820 mi",8,$0.1748
DLA,DEL,"3,023",$357.83,"4,857 mi",8,$0.0737
DLA,PVG,"3,012",$468.37,"7,141 mi",8,$0.0656
DLA,FIH,"2,772",$579.57,723 mi,8,$0.8016
DLA,EWR,"2,703",$399.99,"5,890 mi",7,$0.0679
DLA,ORD,"2,629",$379.36,"6,616 mi",7,$0.0573
DLA,CKY,"2,452",$498.94,"1,596 mi",7,$0.3126
DLA,FCO,"2,423",$221.80,"2,694 mi",7,$0.0823
DLA,MNL,"2,423",$712.48,"7,790 mi",7,$0.0915
DLA,YOW,"2,296",$516.75,"5,623 mi",6,$0.0919
DLA,MAN,"2,083",$339.15,"3,373 mi",6,$0.1005
DLA,STR,"2,023",$228.35,"3,180 mi",6,$0.0718
DLA,BCN,"1,980",$232.21,"2,699 mi",5,$0.0860
DLA,MUC,"1,956",$491.90,"2,974 mi",5,$0.1654
DLA,AMS,"1,904",$469.91,"3,449 mi",5,$0.1362
DLA,TLS,"1,829",$403.10,"2,701 mi",5,$0.1492
DLA,BOS,"1,776",$450.64,"5,391 mi",5,$0.0836
DLA,MSP,"1,747",$588.24,"6,850 mi",5,$0.0859
DLA,EBB,"1,745",$233.19,"1,640 mi",5,$0.1422
DLA,BLQ,"1,711",$316.32,"2,885 mi",5,$0.1096
DLA,DOH,"1,676",$234.90,"3,235 mi",5,$0.0726
DLA,RUH,"1,664",$264.65,"2,934 mi",5,$0.0902
DLA,YYC,"1,656",$611.13,"7,619 mi",5,$0.0802
DLA,VCE,"1,639",$317.75,"2,958 mi",4,$0.1074
DLA,LAX,"1,616",$486.67,"7,919 mi",4,$0.0615
DLA,SIN,"1,581",$804.09,"6,701 mi",4,$0.1200
DLA,HAM,"1,466",$369.46,"3,326 mi",4,$0.1111
DLA,MVB,"1,428",$162.37,454 mi,4,$0.3576
DLA,AUH,"1,417",$160.32,"3,401 mi",4,$0.0471
DLA,PRG,"1,383",$457.02,"3,292 mi",4,$0.1388
DLA,YEG,"1,375",$637.59,"7,525 mi",4,$0.0847
DLA,VIE,"1,363",$440.38,"3,166 mi",4,$0.1391
DLA,BOD,"1,298",$519.86,"2,978 mi",4,$0.1746
DLA,BKK,"1,277",$466.23,"6,035 mi",3,$0.0773
DLA,BAH,"1,268",$251.48,"3,203 mi",3,$0.0785
DLA,TNR,"1,254",$358.17,"2,923 mi",3,$0.1225
DLA,MRU,"1,226",$502.18,"3,773 mi",3,$0.1331
DLA,CPH,"1,201",$340.69,"3,463 mi",3,$0.0984
DLA,LGW,"1,197",$186.72,"3,406 mi",3,$0.0548
DLA,CGN,"1,178",$167.47,"3,338 mi",3,$0.0502
DLA,SFO,"1,177",$532.17,"8,480 mi",3,$0.0628
DLA,NCE,"1,174",$503.94,"2,826 mi",3,$0.1783
DLA,ZNZ,"1,127",$295.43,"2,090 mi",3,$0.1414
DLA,KUL,"1,121",$609.92,"6,152 mi",3,$0.0991
DLA,ATH,"1,110",$655.38,"2,585 mi",3,$0.2535
DLA,CMH,"1,054",$593.10,"6,363 mi",3,$0.0932
DLA,HEL,"1,041",$383.16,"3,854 mi",3,$0.0994
DSS,CDG,"321,208",$371.52,"2,541 mi",880,$0.1462
DSS,CKY,"138,394",$173.22,435 mi,379,$0.3982
DSS,ORY,"88,222",$171.88,"2,677 mi",242,$0.0642
DSS,MXP,"84,042",$290.00,"2,690 mi",230,$0.1078
DSS,CSK,"77,814",$62.45,154 mi,213,$0.4055
DSS,BRU,"70,695",$279.67,"2,859 mi",194,$0.0978
DSS,MAD,"59,391",$249.34,"1,902 mi",163,$0.1311
DSS,MRS,"58,257",$200.40,"2,456 mi",160,$0.0816
DSS,LYS,"52,762",$239.19,"2,577 mi",145,$0.0928
DSS,RAI,"52,675",$65.55,442 mi,144,$0.1483
DSS,BCN,"51,626",$155.12,"2,103 mi",141,$0.0738
DSS,JFK,"49,193",$536.37,"3,942 mi",135,$0.1361
DSS,FCO,"44,715",$240.59,"2,640 mi",123,$0.0911
DSS,NKC,"37,236",$59.47,241 mi,102,$0.2468
DSS,LBV,"37,176",$190.17,"2,120 mi",102,$0.0897
DSS,NTE,"34,104",$247.04,"2,486 mi",93,$0.0994
DSS,BOD,"34,080",$227.94,"2,362 mi",93,$0.0965
DSS,DXB,"33,402",$816.56,"4,568 mi",92,$0.1788
DSS,LIS,"32,284",$280.22,"1,682 mi",88,$0.1666
DSS,GVA,"30,024",$405.95,"2,637 mi",82,$0.1539
DSS,BLQ,"28,499",$158.66,"2,569 mi",78,$0.0618
DSS,YUL,"27,216",$402.38,"3,780 mi",75,$0.1064
DSS,TLS,"25,364",$186.33,"2,210 mi",69,$0.0843
DSS,OUA,"25,066",$221.64,"1,025 mi",69,$0.2162
DSS,IST,"23,916",$446.95,"3,192 mi",66,$0.1400
DSS,LFW,"21,139",$372.55,"1,335 mi",58,$0.2791
DSS,JED,"20,643",$471.83,"3,593 mi",57,$0.1313
DSS,OXB,"20,611",$43.46,220 mi,56,$0.1975
DSS,NBO,"19,490",$746.36,"3,969 mi",53,$0.1880
DSS,LOS,"16,141",$247.74,"1,537 mi",44,$0.1612
DSS,TUN,"15,810",$313.00,"2,340 mi",43,$0.1338
DSS,VCE,"15,596",$269.33,"2,814 mi",43,$0.0957
DSS,LHR,"15,333",$631.23,"2,624 mi",42,$0.2406
DSS,IAD,"15,264",$786.27,"3,882 mi",42,$0.2025
DSS,NCE,"15,164",$289.72,"2,388 mi",42,$0.1213
DSS,CAN,"15,097",$503.28,"8,420 mi",41,$0.0598
DSS,BGY,"14,438",$336.93,"2,725 mi",40,$0.1236
DSS,LIL,"14,303",$161.22,"2,642 mi",39,$0.0610
DSS,LUX,"13,410",$343.38,"2,666 mi",37,$0.1288
DSS,MED,"12,337",$455.62,"3,845 mi",34,$0.1185
DSS,SID,"11,659",$81.27,404 mi,32,$0.2012
DSS,LIN,"11,122",$262.27,"2,700 mi",30,$0.0971
DSS,PMI,"10,897",$363.93,"2,033 mi",30,$0.1790
DSS,NIM,"10,641",$400.72,"1,253 mi",29,$0.3198
DSS,AGP,"10,252",$150.59,"1,757 mi",28,$0.0857
DSS,JNB,"9,001",$715.48,"4,274 mi",25,$0.1674
DSS,FLR,"8,519",$295.06,"2,689 mi",23,$0.1097
DSS,FRA,"8,025",$379.99,"2,750 mi",22,$0.1382
DSS,BEY,"7,842",$499.35,"3,416 mi",21,$0.1462
DSS,BOM,"7,710",$529.79,"5,709 mi",21,$0.0928
DSS,AMS,"7,374",$431.20,"2,950 mi",20,$0.1462
DSS,BER,"7,328",$348.33,"3,005 mi",20,$0.1159
DSS,NDJ,"7,165",$660.14,"2,098 mi",20,$0.3147
DSS,NSI,"7,165",$369.06,"2,153 mi",20,$0.1714
DSS,MUC,"7,138",$315.21,"2,932 mi",20,$0.1075
DSS,LPA,"7,033",$333.11,950 mi,19,$0.3506
DSS,VRN,"6,889",$300.03,"2,754 mi",19,$0.1089
DSS,BIO,"6,714",$360.18,"2,212 mi",18,$0.1628
DSS,FIH,"6,471",$483.90,"2,665 mi",18,$0.1816
DSS,PNR,"6,402",$293.98,"2,325 mi",18,$0.1264
DSS,VLC,"6,202",$169.79,"1,928 mi",17,$0.0881
DSS,ATL,"5,774",$643.33,"4,500 mi",16,$0.1430
DSS,DEL,"5,694",$590.74,"5,804 mi",16,$0.1018
DSS,MNL,"5,617",$813.12,"8,666 mi",15,$0.0938
DSS,KGL,"5,522",$673.51,"3,324 mi",15,$0.2026
DSS,NAP,"5,453",$211.79,"2,689 mi",15,$0.0788
DSS,ZRH,"5,242",$306.48,"2,781 mi",14,$0.1102
DSS,VGO,"4,795",$280.37,"2,028 mi",13,$0.1382
DSS,RAK,"4,778",$307.97,"1,263 mi",13,$0.2438
DSS,ATH,"4,776",$434.22,"2,882 mi",13,$0.1507
DSS,DUS,"4,574",$186.08,"2,941 mi",13,$0.0633
DSS,OPO,"4,531",$238.55,"1,960 mi",12,$0.1217
DSS,SVQ,"4,458",$288.03,"1,664 mi",12,$0.1731
DSS,VIE,"4,418",$371.64,"2,910 mi",12,$0.1277
DSS,GRU,"4,389",$862.72,"3,397 mi",12,$0.2540
DSS,PVG,"4,336",$546.36,"8,506 mi",12,$0.0642
DSS,TFN,"3,924",$283.64,984 mi,11,$0.2883
DSS,LGW,"3,883",$304.42,"2,608 mi",11,$0.1167
DSS,CTA,"3,777",$194.89,"2,443 mi",10,$0.0798
DSS,TNR,"3,635",$673.52,"5,111 mi",10,$0.1318
DSS,BGF,"3,631",$628.60,"2,598 mi",10,$0.2420
DSS,ORD,"3,616",$568.62,"4,702 mi",10,$0.1209
DSS,HAM,"3,585",$291.16,"3,158 mi",10,$0.0922
DSS,CVG,"3,571",$437.23,"4,257 mi",10,$0.1027
DSS,EAS,"3,354",$342.99,"2,113 mi",9,$0.1623
DSS,LAX,"3,310",$990.63,"6,095 mi",9,$0.1625
DSS,YYZ,"3,264",$659.01,"4,283 mi",9,$0.1539
DSS,MAN,"3,172",$544.38,"2,708 mi",9,$0.2010
DSS,ICN,"3,170",$808.42,"8,369 mi",9,$0.0966
DSS,IAH,"3,137",$822.41,"5,176 mi",9,$0.1589
DSS,EWR,"3,112",$405.01,"3,733 mi",9,$0.1085
DSS,ALC,"3,067",$413.51,"1,859 mi",8,$0.2224
DSS,SEA,"3,031",$916.89,"5,975 mi",8,$0.1535
DSS,FNA,"2,907",$344.51,509 mi,8,$0.6768
DSS,BOS,"2,889",$564.68,"3,602 mi",8,$0.1568
DSS,ARN,"2,814",$379.21,"3,683 mi",8,$0.1030
DSS,MIA,"2,789","$1,190.76","4,257 mi",8,$0.2797
DSS,EBB,"2,781",$588.47,"3,423 mi",8,$0.1719
DSS,TRN,"2,774",$200.05,"2,632 mi",8,$0.0760
DSS,CMH,"2,752",$407.06,"4,427 mi",8,$0.0919
DSS,DFW,"2,733",$923.57,"4,945 mi",7,$0.1868
DSS,ROB,"2,664",$525.40,762 mi,7,$0.6895
DSS,SFO,"2,652",$808.43,"6,600 mi",7,$0.1225
DSS,BSL,"2,571",$272.98,"2,595 mi",7,$0.1052
DSS,OVD,"2,523",$335.09,"2,037 mi",7,$0.1645
DSS,HND,"2,520","$1,809.03","8,910 mi",7,$0.2030
DSS,STR,"2,514",$396.01,"2,868 mi",7,$0.1381
DSS,PEK,"2,493",$904.68,"7,854 mi",7,$0.1152
DSS,EDI,"2,482",$946.08,"2,855 mi",7,$0.3314
DSS,CPH,"2,422",$498.34,"3,336 mi",7,$0.1494
DSS,MPL,"2,387",$477.32,"2,423 mi",7,$0.1970
DSS,DTW,"2,351",$479.63,"4,203 mi",6,$0.1141
DSS,SEZ,"2,338",$715.31,"5,299 mi",6,$0.1350
DSS,EZE,"2,334",$642.01,"4,499 mi",6,$0.1427
DSS,DEN,"2,328",$623.11,"5,285 mi",6,$0.1179
DSS,LEI,"2,327",$332.90,"1,832 mi",6,$0.1817
DSS,RUH,"2,327",$464.21,"4,045 mi",6,$0.1148
DSS,DUB,"2,271",$748.83,"2,823 mi",6,$0.2653
DSS,IBZ,"2,265",$326.77,"2,073 mi",6,$0.1576
DSS,LCG,"2,231",$380.58,"1,983 mi",6,$0.1919
DSS,DOH,"2,165",$438.18,"4,609 mi",6,$0.0951
DSS,AGA,"2,150",$276.93,"1,150 mi",6,$0.2408
DSS,LGA,"1,937",$399.22,"3,719 mi",5,$0.1073
DSS,TFS,"1,932",$317.25,896 mi,5,$0.3541
DSS,OSL,"1,926",$397.93,"3,554 mi",5,$0.1120
DSS,CGK,"1,851",$898.26,"8,319 mi",5,$0.1080
DSS,BJM,"1,838",$491.37,"3,512 mi",5,$0.1399
DSS,SIN,"1,834","$1,105.93","8,011 mi",5,$0.1381
DSS,LAD,"1,815",$713.09,"2,716 mi",5,$0.2626
DSS,PRG,"1,792",$342.40,"3,101 mi",5,$0.1104
DSS,MAA,"1,786",$686.01,"6,658 mi",5,$0.1030
DSS,ZNZ,"1,771",$471.05,"3,993 mi",5,$0.1180
DSS,BKK,"1,758",$975.10,"7,523 mi",5,$0.1296
DSS,MBA,"1,726",$587.97,"3,965 mi",5,$0.1483
DSS,ACE,"1,691",$257.31,"1,041 mi",5,$0.2472
DSS,MSP,"1,650",$550.80,"4,978 mi",5,$0.1106
DSS,DCA,"1,606",$749.60,"4,098 mi",4,$0.1829
DSS,SSG,"1,599",$562.51,"1,967 mi",4,$0.2860
DSS,HAH,"1,527",$416.95,"4,374 mi",4,$0.0953
DSS,BDS,"1,526",$251.45,"2,681 mi",4,$0.0938
DSS,PHX,"1,524",$964.96,"5,763 mi",4,$0.1674
DSS,OTP,"1,490",$692.44,"3,354 mi",4,$0.2065
DSS,SLC,"1,475","$1,100.96","5,984 mi",4,$0.1840
DSS,WAW,"1,472",$675.53,"3,226 mi",4,$0.2094
DSS,NRT,"1,465","$1,350.47","8,913 mi",4,$0.1515
DSS,LUN,"1,453",$699.98,"3,624 mi",4,$0.1932
DSS,RDU,"1,449",$834.35,"4,176 mi",4,$0.1998
DSS,BRI,"1,446",$191.35,"2,646 mi",4,$0.0723
DSS,MCO,"1,396",$431.21,"4,063 mi",4,$0.1061
DSS,YOW,"1,385",$626.38,"4,106 mi",4,$0.1526
DSS,PER,"1,317","$2,915.01","8,978 mi",4,$0.3247
DSS,MRU,"1,307","$1,102.06","5,791 mi",4,$0.1903
DSS,KUL,"1,287",$729.20,"7,838 mi",4,$0.0930
DSS,VKO,"1,284",$289.79,"3,896 mi",4,$0.0744
DSS,HEL,"1,280",$383.15,"3,903 mi",4,$0.0982
DSS,HRE,"1,256",$865.98,"4,098 mi",3,$0.2113
DSS,GOA,"1,224",$278.31,"2,478 mi",3,$0.1123
DSS,ZAG,"1,187",$631.31,"2,795 mi",3,$0.2259
DSS,HKG,"1,182",$739.87,"8,002 mi",3,$0.0925
DSS,SSH,"1,167",$175.91,"3,310 mi",3,$0.0531
DSS,NCL,"1,161",$656.21,"2,995 mi",3,$0.2191
DSS,AHO,"1,142",$271.49,"2,283 mi",3,$0.1189
DSS,FUE,"1,141",$248.55,945 mi,3,$0.2630
DSS,PMO,"1,137",$243.94,"2,528 mi",3,$0.0965
DSS,BUD,"1,103",$727.50,"3,164 mi",3,$0.2299
DSS,HAJ,"1,103",$509.01,"3,085 mi",3,$0.1650
DSS,ESB,"1,089",$548.65,"3,375 mi",3,$0.1626
DSS,BLR,"1,062",$840.27,"6,111 mi",3,$0.1375
DSS,GIG,"1,046","$1,332.77","3,231 mi",3,$0.4125
DSS,MEX,"1,042","$1,466.73","5,215 mi",3,$0.2813
DSS,MEM,"1,037",$444.66,"4,543 mi",3,$0.0979
DUR,JNB,"2,491,494",$61.64,306 mi,"6,826",$0.2014
DUR,HLA,"417,424",$69.19,310 mi,"1,144",$0.2232
DUR,PLZ,"174,143",$85.58,455 mi,477,$0.1881
DUR,ELS,"92,482",$77.97,315 mi,253,$0.2475
DUR,GRJ,"66,216",$157.48,614 mi,181,$0.2565
DUR,DXB,"40,130",$703.25,"4,241 mi",110,$0.1658
DUR,HRE,"32,594",$122.21,831 mi,89,$0.1471
DUR,MQP,"28,320",$72.95,283 mi,78,$0.2578
DUR,LHR,"26,699",$653.53,"5,744 mi",73,$0.1138
DUR,BFN,"20,637",$132.61,301 mi,57,$0.4406
DUR,MRU,"16,836",$213.17,"1,828 mi",46,$0.1166
DUR,MNL,"10,478",$723.61,"6,905 mi",29,$0.1048
DUR,LGW,"10,017",$408.43,"6,074 mi",27,$0.0672
DUR,IST,"9,797",$465.12,"4,753 mi",27,$0.0979
DUR,BOM,"9,005",$433.46,"4,496 mi",25,$0.0964
DUR,LUN,"8,584",$94.36,"1,031 mi",24,$0.0915
DUR,SHO,"8,576",$64.95,235 mi,23,$0.2764
DUR,GBE,"8,072",$61.51,488 mi,22,$0.1260
DUR,DOH,"8,015",$373.86,"3,907 mi",22,$0.0957
DUR,JED,"7,766",$591.02,"3,692 mi",21,$0.1601
DUR,MED,"7,404",$437.83,"3,672 mi",20,$0.1192
DUR,MAN,"7,373",$599.22,"5,891 mi",20,$0.1017
DUR,AMS,"7,307",$637.54,"6,056 mi",20,$0.1053
DUR,NBO,"7,158",$440.90,"1,932 mi",20,$0.2282
DUR,PER,"6,670",$680.95,"4,750 mi",18,$0.1434
DUR,DEL,"6,424",$658.26,"4,885 mi",18,$0.1348
DUR,BKK,"5,858",$651.96,"5,348 mi",16,$0.1219
DUR,WDH,"5,827",$62.37,"1,008 mi",16,$0.0619
DUR,AKL,"5,504",$723.63,"7,049 mi",15,$0.1027
DUR,DUB,"5,044",$535.55,"5,974 mi",14,$0.0896
DUR,FRA,"4,756",$526.25,"5,844 mi",13,$0.0900
DUR,BNE,"4,482",$856.61,"7,150 mi",12,$0.1198
DUR,MPM,"4,470",$108.62,278 mi,12,$0.3907
DUR,CDG,"4,396",$766.66,"5,882 mi",12,$0.1303
DUR,ATH,"4,391",$520.95,"4,831 mi",12,$0.1078
DUR,MIA,"4,279",$669.26,"8,543 mi",12,$0.0783
DUR,MUC,"3,680",$475.74,"5,352 mi",10,$0.0889
DUR,LAD,"3,611",$376.23,"1,898 mi",10,$0.1982
DUR,SYD,"3,500",$994.77,"6,753 mi",10,$0.1473
DUR,BRU,"3,426",$634.19,"5,621 mi",9,$0.1128
DUR,ZRH,"3,371",$778.65,"5,342 mi",9,$0.1458
DUR,VFA,"3,358",$149.59,889 mi,9,$0.1683
DUR,HKT,"3,327",$229.23,"5,006 mi",9,$0.0458
DUR,ZNZ,"3,326",$239.34,"1,751 mi",9,$0.1367
DUR,BCN,"3,181",$532.90,"5,082 mi",9,$0.1049
DUR,LIS,"3,158",$556.67,"5,551 mi",9,$0.1003
DUR,SIN,"3,138",$984.26,"5,084 mi",9,$0.1936
DUR,PVG,"3,090",$511.16,"7,060 mi",8,$0.0724
DUR,DPS,"3,088",$584.83,"5,398 mi",8,$0.1083
DUR,FCO,"2,994",$577.63,"4,927 mi",8,$0.1172
DUR,BHX,"2,864",$654.18,"5,827 mi",8,$0.1123
DUR,LOS,"2,802",$357.60,"3,014 mi",8,$0.1186
DUR,MXP,"2,766",$656.29,"5,547 mi",8,$0.1183
DUR,CPH,"2,761",$418.00,"6,169 mi",8,$0.0678
DUR,JFK,"2,716",$776.29,"8,004 mi",7,$0.0970
DUR,EDI,"2,382",$440.69,"6,063 mi",7,$0.0727
DUR,HAM,"2,367",$461.33,"6,066 mi",6,$0.0761
DUR,MEL,"2,363",$981.90,"5,935 mi",6,$0.1654
DUR,WVB,"2,285",$115.41,"1,151 mi",6,$0.1003
DUR,CAN,"2,254",$495.40,"6,763 mi",6,$0.0733
DUR,KUL,"2,245",$482.94,"5,312 mi",6,$0.0909
DUR,VIE,"2,215",$482.59,"5,282 mi",6,$0.0914
DUR,PTG,"2,172",$75.67,399 mi,6,$0.1896
DUR,KIM,"2,126",$124.51,375 mi,6,$0.3320
DUR,GVA,"2,091",$895.65,"5,633 mi",6,$0.1590
DUR,RUH,"2,015",$638.14,"4,026 mi",6,$0.1585
DUR,MAD,"2,009",$694.40,"5,169 mi",6,$0.1343
DUR,MCO,"2,006",$731.17,"8,667 mi",5,$0.0844
DUR,STN,"1,978","$1,066.13","6,112 mi",5,$0.1744
DUR,DAC,"1,893","$1,171.93","5,233 mi",5,$0.2239
DUR,OSL,"1,892",$369.33,"6,119 mi",5,$0.0604
DUR,DUS,"1,882",$448.87,"5,956 mi",5,$0.0754
DUR,FBM,"1,876",$199.79,"1,304 mi",5,$0.1532
DUR,HKG,"1,836",$800.91,"6,365 mi",5,$0.1258
DUR,DME,"1,773",$700.12,"5,711 mi",5,$0.1226
DUR,DMM,"1,762",$575.05,"3,945 mi",5,$0.1458
DUR,NCE,"1,743",$446.63,"5,125 mi",5,$0.0871
DUR,HND,"1,734","$1,699.44","8,103 mi",5,$0.2097
DUR,LAX,"1,721",$817.18,"10,309 mi",5,$0.0793
DUR,SEZ,"1,696",$512.70,"2,417 mi",5,$0.2121
DUR,ICN,"1,667",$728.18,"7,927 mi",5,$0.0919
DUR,EBB,"1,655",$364.28,"1,989 mi",5,$0.1831
DUR,MAA,"1,649",$544.10,"4,529 mi",5,$0.1201
DUR,LLW,"1,631",$233.91,"1,140 mi",4,$0.2052
DUR,BER,"1,628",$478.62,"5,936 mi",4,$0.0806
DUR,HDS,"1,591",$136.61,375 mi,4,$0.3643
DUR,LHE,"1,568","$1,020.71","5,243 mi",4,$0.1947
DUR,ARN,"1,563",$435.90,"6,399 mi",4,$0.0681
DUR,BLR,"1,513",$802.70,"4,157 mi",4,$0.1931
DUR,NLA,"1,482",$127.90,"1,198 mi",4,$0.1068
DUR,BLZ,"1,428",$216.00,963 mi,4,$0.2243
DUR,MLE,"1,409",$892.61,"3,761 mi",4,$0.2373
DUR,TPE,"1,383",$644.43,"7,272 mi",4,$0.0886
DUR,BUQ,"1,340",$105.98,661 mi,4,$0.1603
DUR,CMB,"1,333",$671.30,"4,238 mi",4,$0.1584
DUR,GRU,"1,333",$795.52,"4,868 mi",4,$0.1634
DUR,IAD,"1,306",$794.21,"8,159 mi",4,$0.0973
DUR,VNX,"1,298",$159.58,604 mi,4,$0.2642
DUR,VCE,"1,294",$426.59,"5,482 mi",4,$0.0778
DUR,SAW,"1,255",$206.12,"5,019 mi",3,$0.0411
DUR,PEK,"1,245",$616.35,"7,500 mi",3,$0.0822
DUR,DFW,"1,226",$766.72,"9,678 mi",3,$0.0792
DUR,GLA,"1,223","$1,045.17","6,078 mi",3,$0.1720
DUR,PRG,"1,199",$505.08,"5,772 mi",3,$0.0875
DUR,AYT,"1,197",$587.28,"4,733 mi",3,$0.1241
DUR,WAW,"1,172",$441.90,"5,513 mi",3,$0.0802
DUR,BEW,"1,162",$150.68,741 mi,3,$0.2033
DUR,YYZ,"1,155",$706.51,"8,848 mi",3,$0.0798
DUR,NGO,"1,151","$1,767.81","7,934 mi",3,$0.2228
DUR,OTP,"1,144",$601.74,"4,981 mi",3,$0.1208
DUR,CGK,"1,122","$1,266.29","4,988 mi",3,$0.2539
DUR,FOC,"1,098",$828.00,"7,210 mi",3,$0.1148
DUR,NCL,"1,075",$587.89,"6,349 mi",3,$0.0926
DUR,IAH,"1,064",$740.13,"8,979 mi",3,$0.0824
DUR,TNR,"1,059",$303.02,"1,309 mi",3,$0.2315
DUR,SGN,"1,039",$435.32,"5,568 mi",3,$0.0782
DUR,KGL,"1,037",$382.55,"1,968 mi",3,$0.1944
DUR,RGN,"1,032",$605.07,"5,228 mi",3,$0.1157
EBB,NBO,"261,205",$161.56,314 mi,716,$0.5145
EBB,DXB,"189,394",$233.21,"2,388 mi",519,$0.0977
EBB,SHJ,"105,450",$188.34,"2,259 mi",289,$0.0834
EBB,JUB,"81,325",$108.82,329 mi,223,$0.3308
EBB,RUH,"66,978",$195.20,"1,908 mi",184,$0.1023
EBB,KGL,"63,294",$139.98,217 mi,173,$0.6451
EBB,JNB,"58,080",$199.70,"1,775 mi",159,$0.1125
EBB,BOM,"52,718",$139.72,"3,129 mi",144,$0.0447
EBB,LHR,"52,125",$333.31,"4,158 mi",143,$0.0802
EBB,LGW,"39,251",$255.06,"4,132 mi",108,$0.0617
EBB,FIH,"38,160",$197.55,"1,249 mi",105,$0.1582
EBB,CAN,"37,782",$338.17,"5,468 mi",104,$0.0618
EBB,DOH,"36,382",$136.37,"2,097 mi",100,$0.0650
EBB,MGQ,"32,402",$125.21,872 mi,89,$0.1436
EBB,MBA,"28,346",$117.63,551 mi,78,$0.2135
EBB,LOS,"27,099",$183.96,"1,996 mi",74,$0.0922
EBB,JED,"25,866",$148.43,"1,609 mi",71,$0.0922
EBB,PZU,"24,724",$246.04,"1,419 mi",68,$0.1734
EBB,BJM,"24,070",$128.81,327 mi,66,$0.3939
EBB,ZNZ,"19,941",$137.17,656 mi,55,$0.2091
EBB,JRO,"17,621",$170.90,412 mi,48,$0.4148
EBB,AMS,"16,827",$367.76,"4,068 mi",46,$0.0904
EBB,BRU,"16,667",$255.49,"3,761 mi",46,$0.0679
EBB,CDG,"15,292",$425.21,"3,706 mi",42,$0.1147
EBB,LUN,"15,036",$194.75,"1,064 mi",41,$0.1830
EBB,IST,"14,894",$261.91,"2,944 mi",41,$0.0890
EBB,YYZ,"14,477",$488.84,"7,087 mi",40,$0.0690
EBB,AMM,"13,584",$111.35,"2,135 mi",37,$0.0522
EBB,IAD,"13,062",$654.85,"7,059 mi",36,$0.0928
EBB,FRA,"13,034",$282.25,"3,842 mi",36,$0.0735
EBB,DEL,"12,204",$284.87,"3,651 mi",33,$0.0780
EBB,DMM,"12,124",$120.21,"2,225 mi",33,$0.0540
EBB,PKX,"12,098",$464.65,"6,072 mi",33,$0.0765
EBB,KHX,"11,830",$48.70,191 mi,32,$0.2550
EBB,HRE,"11,378",$188.49,"1,208 mi",31,$0.1560
EBB,KIS,"11,179",$143.25,153 mi,31,$0.9363
EBB,BOS,"9,137",$412.98,"7,107 mi",25,$0.0581
EBB,MAN,"9,097",$276.24,"4,059 mi",25,$0.0681
EBB,PVG,"8,960",$490.21,"6,364 mi",25,$0.0770
EBB,ARN,"8,933",$268.47,"4,066 mi",24,$0.0660
EBB,JFK,"8,806",$705.64,"7,274 mi",24,$0.0970
EBB,ZRH,"8,623",$290.71,"3,685 mi",24,$0.0789
EBB,CPH,"8,054",$273.80,"3,878 mi",22,$0.0706
EBB,KSE,"8,025",$48.01,167 mi,22,$0.2875
EBB,GVA,"7,404",$542.28,"3,462 mi",20,$0.1566
EBB,ORD,"7,122",$486.08,"7,972 mi",20,$0.0610
EBB,BER,"6,962",$310.11,"3,891 mi",19,$0.0797
EBB,MUC,"6,684",$260.21,"3,452 mi",18,$0.0754
EBB,TFU,"6,646",$291.97,"4,994 mi",18,$0.0585
EBB,MED,"6,613",$138.35,"1,709 mi",18,$0.0810
EBB,ICN,"6,328",$455.08,"6,243 mi",17,$0.0729
EBB,ATL,"6,210",$515.59,"7,512 mi",17,$0.0686
EBB,TLV,"6,066",$510.81,"2,148 mi",17,$0.2378
EBB,FCO,"5,999",$367.75,"3,242 mi",16,$0.1134
EBB,MXP,"5,773",$264.28,"3,569 mi",16,$0.0740
EBB,BKK,"5,676",$403.88,"4,906 mi",16,$0.0823
EBB,MAD,"5,644",$350.89,"3,485 mi",15,$0.1007
EBB,OSL,"5,555",$221.65,"4,181 mi",15,$0.0530
EBB,LAX,"5,546",$682.65,"9,707 mi",15,$0.0703
EBB,YYC,"5,503",$558.60,"8,647 mi",15,$0.0646
EBB,PEK,"5,438",$590.92,"5,730 mi",15,$0.1031
EBB,VIE,"5,292",$300.71,"3,350 mi",14,$0.0898
EBB,KWI,"4,475",$169.01,"2,193 mi",12,$0.0771
EBB,DFW,"4,406",$653.77,"8,699 mi",12,$0.0752
EBB,DUB,"4,360",$373.40,"4,172 mi",12,$0.0895
EBB,LLW,"4,250",$406.70,931 mi,12,$0.4368
EBB,DEN,"3,952",$369.33,"8,837 mi",11,$0.0418
EBB,ELQ,"3,822",$170.65,"2,024 mi",10,$0.0843
EBB,BCN,"3,819",$410.95,"3,527 mi",10,$0.1165
EBB,CKG,"3,799",$400.55,"5,113 mi",10,$0.0783
EBB,YEG,"3,722",$485.89,"8,516 mi",10,$0.0571
EBB,MCT,"3,677",$146.50,"2,306 mi",10,$0.0635
EBB,YVR,"3,646",$679.19,"8,477 mi",10,$0.0801
EBB,YUL,"3,632",$554.53,"7,205 mi",10,$0.0770
EBB,NRT,"3,601","$1,232.39","7,432 mi",10,$0.1658
EBB,KUL,"3,581",$894.15,"4,644 mi",10,$0.1925
EBB,WAW,"3,560",$327.57,"3,772 mi",10,$0.0868
EBB,ZVJ,"3,491",$164.94,"2,301 mi",10,$0.0717
EBB,DUS,"3,374",$198.82,"3,960 mi",9,$0.0502
EBB,HYD,"3,370",$355.75,"3,444 mi",9,$0.1033
EBB,BEY,"3,358",$253.26,"2,272 mi",9,$0.1115
EBB,HKG,"3,356",$536.21,"5,502 mi",9,$0.0975
EBB,WDH,"3,281",$368.06,"1,910 mi",9,$0.1927
EBB,SEA,"3,247",$648.36,"9,086 mi",9,$0.0714
EBB,FBM,"3,179",$381.44,898 mi,9,$0.4248
EBB,BGW,"3,175",$240.82,"2,347 mi",9,$0.1026
EBB,SFO,"3,175",$745.47,"9,661 mi",9,$0.0772
EBB,MEL,"3,045",$849.30,"7,210 mi",8,$0.1178
EBB,SEU,"3,006",$51.65,231 mi,8,$0.2236
EBB,MSP,"2,977",$528.24,"8,139 mi",8,$0.0649
EBB,BHX,"2,960",$317.46,"4,248 mi",8,$0.0747
EBB,AHB,"2,832",$169.96,"1,393 mi",8,$0.1220
EBB,MRU,"2,787",$592.61,"2,150 mi",8,$0.2756
EBB,PRG,"2,783",$547.43,"3,730 mi",8,$0.1468
EBB,STR,"2,744",$257.29,"3,744 mi",8,$0.0687
EBB,IAH,"2,706",$638.47,"8,684 mi",7,$0.0735
EBB,HAM,"2,698",$242.09,"3,801 mi",7,$0.0637
EBB,BNE,"2,691","$1,045.39","7,839 mi",7,$0.1334
EBB,DME,"2,587",$633.04,"3,953 mi",7,$0.1601
EBB,MPM,"2,527",$489.62,"1,848 mi",7,$0.2649
EBB,ATH,"2,519",$294.89,"2,593 mi",7,$0.1137
EBB,AUH,"2,492",$147.87,"2,314 mi",7,$0.0639
EBB,GBE,"2,483",$307.17,"1,702 mi",7,$0.1805
EBB,SIN,"2,456",$912.12,"4,795 mi",7,$0.1902
EBB,BAH,"2,356",$179.09,"2,244 mi",6,$0.0798
EBB,DAC,"2,353",$460.75,"4,337 mi",6,$0.1062
EBB,BLR,"2,248",$616.58,"3,132 mi",6,$0.1969
EBB,PER,"2,216",$995.13,"5,665 mi",6,$0.1757
EBB,ASM,"2,204",$295.32,"1,176 mi",6,$0.2511
EBB,NDJ,"2,143",$570.60,"1,413 mi",6,$0.4038
EBB,KHI,"2,108",$284.17,"2,973 mi",6,$0.0956
EBB,EWR,"1,983",$391.41,"7,293 mi",5,$0.0537
EBB,GOT,"1,923",$294.80,"4,009 mi",5,$0.0735
EBB,EAM,"1,907",$176.94,"1,418 mi",5,$0.1248
EBB,BUD,"1,884",$277.63,"3,470 mi",5,$0.0800
EBB,HEL,"1,874",$353.35,"4,310 mi",5,$0.0820
EBB,BNA,"1,867",$537.85,"7,581 mi",5,$0.0709
EBB,EDL,"1,847",$117.70,201 mi,5,$0.5856
EBB,PHX,"1,845",$657.32,"8,896 mi",5,$0.0739
EBB,SYD,"1,844","$1,154.24","8,079 mi",5,$0.1429
EBB,EDI,"1,761",$292.10,"4,220 mi",5,$0.0692
EBB,LIS,"1,754",$731.05,"3,864 mi",5,$0.1892
EBB,YOW,"1,724",$490.05,"7,301 mi",5,$0.0671
EBB,TIF,"1,707",$157.93,"1,532 mi",5,$0.1031
EBB,FNA,"1,645",$635.01,"3,100 mi",5,$0.2048
EBB,LAD,"1,624",$895.86,"1,414 mi",4,$0.6336
EBB,YWG,"1,603",$510.12,"7,656 mi",4,$0.0666
EBB,BGF,"1,538",$311.64,"1,037 mi",4,$0.3005
EBB,VCE,"1,532",$640.38,"3,270 mi",4,$0.1958
EBB,HGH,"1,520",$598.99,"6,280 mi",4,$0.0954
EBB,MAA,"1,504",$656.51,"3,286 mi",4,$0.1998
EBB,CMB,"1,503",$551.50,"3,405 mi",4,$0.1620
EBB,OTP,"1,502",$542.39,"3,008 mi",4,$0.1803
EBB,DTW,"1,476",$747.60,"7,740 mi",4,$0.0966
EBB,CLT,"1,474",$489.67,"7,298 mi",4,$0.0671
EBB,TNR,"1,470",$520.95,"1,604 mi",4,$0.3248
EBB,TUU,"1,470",$207.59,"2,035 mi",4,$0.1020
EBB,KTM,"1,463",$344.69,"4,107 mi",4,$0.0839
EBB,RDU,"1,460",$697.26,"7,173 mi",4,$0.0972
EBB,CGK,"1,449","$1,168.11","5,288 mi",4,$0.2209
EBB,COK,"1,410",$508.68,"3,193 mi",4,$0.1593
EBB,SAW,"1,408",$150.20,"2,915 mi",4,$0.0515
EBB,MCO,"1,404","$1,138.98","7,420 mi",4,$0.1535
EBB,HAN,"1,398",$620.91,"5,302 mi",4,$0.1171
EBB,MNL,"1,348",$680.58,"5,938 mi",4,$0.1146
EBB,SHO,"1,342",$371.34,"1,770 mi",4,$0.2098
EBB,CGN,"1,329",$259.42,"3,926 mi",4,$0.0661
EBB,ROB,"1,318",$532.24,"2,893 mi",4,$0.1840
EBB,IND,"1,304",$602.77,"7,947 mi",4,$0.0758
EBB,TUN,"1,302",$401.72,"3,000 mi",4,$0.1339
EBB,SEZ,"1,298",$306.69,"1,675 mi",4,$0.1831
EBB,NSI,"1,294",$441.48,"1,421 mi",4,$0.3107
EBB,BLZ,"1,274",$414.27,"1,067 mi",3,$0.3883
EBB,TPA,"1,259",$640.73,"7,497 mi",3,$0.0855
EBB,AMD,"1,234",$452.19,"3,226 mi",3,$0.1402
EBB,ISB,"1,233",$595.54,"3,598 mi",3,$0.1655
EBB,PDX,"1,202",$545.42,"9,204 mi",3,$0.0593
EBB,BLQ,"1,193",$477.17,"3,436 mi",3,$0.1389
EBB,ADL,"1,173",$778.15,"6,913 mi",3,$0.1126
EBB,CMH,"1,154",$495.47,"7,312 mi",3,$0.0678
EBB,KIX,"1,145","$1,093.54","6,736 mi",3,$0.1623
EBB,BEG,"1,140",$350.31,"3,277 mi",3,$0.1069
EBB,JIB,"1,129",$456.86,"1,051 mi",3,$0.4347
EBB,PNH,"1,124",$500.73,"5,178 mi",3,$0.0967
EBB,MWZ,"1,100",$200.70,170 mi,3,$1.1806
EBB,CKY,"1,097",$715.10,"3,137 mi",3,$0.2280
EBB,LYS,"1,083",$339.50,"3,461 mi",3,$0.0981
EBB,CLE,"1,074","$1,744.31","7,682 mi",3,$0.2271
EBB,LBV,"1,065",$477.44,"1,639 mi",3,$0.2913
EBB,ECN,"1,061",$480.36,"2,500 mi",3,$0.1921
EBB,BLL,"1,053",$305.60,"4,186 mi",3,$0.0730
EBB,MRS,"1,023",$436.67,"3,334 mi",3,$0.1310
EBB,MCI,"1,001",$608.38,"8,385 mi",3,$0.0726
ENU,LOS,"215,987",$44.88,300 mi,592,$0.1496
ENU,CAN,"5,128",$288.82,"7,237 mi",14,$0.0399
ENU,LHR,"1,975",$308.28,"3,237 mi",5,$0.0952
ENU,IAD,"1,678",$567.12,"5,500 mi",5,$0.1031
ENU,MAN,"1,234",$316.87,"3,187 mi",3,$0.0994
ENU,LGW,"1,022",$254.35,"3,212 mi",3,$0.0792
FBM,FIH,"344,417",$155.23,994 mi,944,$0.1562
FBM,JNB,"67,129",$120.09,976 mi,184,$0.1230
FBM,FMI,"35,408",$131.80,400 mi,97,$0.3295
FBM,KWZ,"24,413",$87.45,145 mi,67,$0.6031
FBM,BOM,"23,663",$276.33,"3,632 mi",65,$0.0761
FBM,MJM,"22,971",$84.16,451 mi,63,$0.1866
FBM,KGA,"21,120",$202.15,539 mi,58,$0.3750
FBM,CAN,"18,253",$662.44,"6,459 mi",50,$0.1026
FBM,DXB,"12,693",$509.08,"3,066 mi",35,$0.1660
FBM,NBO,"11,518",$379.73,929 mi,32,$0.4088
FBM,BRU,"9,628",$780.38,"4,671 mi",26,$0.1671
FBM,CDG,"5,526",$670.82,"4,321 mi",15,$0.1552
FBM,FKI,"5,081",$163.40,873 mi,14,$0.1872
FBM,TFU,"4,511",$791.64,"5,685 mi",12,$0.1393
FBM,BEY,"4,396",$749.57,"3,276 mi",12,$0.2288
FBM,NLA,"3,815",$191.63,113 mi,10,$1.6958
FBM,GMA,"3,544",$156.37,"1,120 mi",10,$0.1396
FBM,PVG,"3,270",$824.06,"6,674 mi",9,$0.1235
FBM,GOM,"2,989",$209.20,716 mi,8,$0.2922
FBM,KND,"2,815",$95.06,627 mi,8,$0.1516
FBM,PEK,"2,714","$1,138.36","6,882 mi",7,$0.1654
FBM,KGL,"2,564",$339.60,667 mi,7,$0.5091
FBM,LUN,"2,462",$259.23,274 mi,7,$0.9461
FBM,MDK,"2,285",$145.59,992 mi,6,$0.1468
FBM,IST,"1,934",$799.77,"3,543 mi",5,$0.2257
FBM,HRE,"1,719",$176.82,483 mi,5,$0.3661
FBM,ZNZ,"1,282",$198.80,906 mi,4,$0.2194
FBM,WDH,"1,159",$124.43,973 mi,3,$0.1279
FBM,DEL,"1,125",$564.11,"4,188 mi",3,$0.1347
FIH,BRU,"92,852",$335.86,"3,759 mi",254,$0.0893
FIH,FKI,"86,224",$115.96,738 mi,236,$0.1571
FIH,CDG,"81,753",$527.36,"3,657 mi",224,$0.1442
FIH,DXB,"77,879",$371.90,"3,269 mi",213,$0.1138
FIH,MJM,"59,869",$104.60,589 mi,164,$0.1776
FIH,MDK,"55,508",$68.65,373 mi,152,$0.1840
FIH,KGA,"54,488",$84.46,510 mi,149,$0.1656
FIH,KND,"42,118",$113.88,751 mi,115,$0.1516
FIH,JNB,"40,773",$209.91,"1,673 mi",112,$0.1255
FIH,GOM,"33,164",$281.75,999 mi,91,$0.2820
FIH,NBO,"32,595",$425.99,"1,542 mi",89,$0.2763
FIH,GMA,"28,755",$104.27,623 mi,79,$0.1674
FIH,CAN,"26,931",$377.33,"7,041 mi",74,$0.0536
FIH,BOM,"22,585",$278.67,"4,099 mi",62,$0.0680
FIH,BEY,"18,162",$441.46,"3,034 mi",50,$0.1455
FIH,GVA,"16,303",$466.19,"3,438 mi",45,$0.1356
FIH,IST,"15,849",$523.81,"3,362 mi",43,$0.1558
FIH,YUL,"14,792",$514.29,"6,587 mi",41,$0.0781
FIH,KGL,"14,642",$217.59,996 mi,40,$0.2185
FIH,LHR,"13,502",$493.33,"4,091 mi",37,$0.1206
FIH,KWZ,"12,174",$170.22,793 mi,33,$0.2147
FIH,IAD,"8,637",$898.48,"6,367 mi",24,$0.1411
FIH,FMI,"8,404",$150.79,926 mi,23,$0.1628
FIH,BJM,"7,606",$374.13,988 mi,21,$0.3787
FIH,LBV,"7,110",$466.15,550 mi,19,$0.8475
FIH,TUN,"5,991",$379.89,"2,783 mi",16,$0.1365
FIH,ATH,"5,755",$433.38,"2,885 mi",16,$0.1502
FIH,DEL,"5,614",$425.43,"4,819 mi",15,$0.0883
FIH,NBJ,"5,539",$104.93,339 mi,15,$0.3095
FIH,MAD,"5,178",$552.67,"3,426 mi",14,$0.1613
FIH,LGW,"5,023",$295.76,"3,829 mi",14,$0.0772
FIH,PNR,"4,921",$171.36,240 mi,13,$0.7140
FIH,FCO,"4,910",$414.82,"3,101 mi",13,$0.1338
FIH,JFK,"4,382",$658.64,"6,184 mi",12,$0.1065
FIH,LYS,"4,347",$625.14,"3,626 mi",12,$0.1724
FIH,DFW,"4,252",$522.06,"7,453 mi",12,$0.0700
FIH,ORD,"4,205",$406.12,"6,892 mi",12,$0.0589
FIH,YYZ,"4,136",$573.30,"6,881 mi",11,$0.0833
FIH,LOS,"3,963",$424.10,"1,162 mi",11,$0.3650
FIH,LFW,"3,910",$397.07,"1,184 mi",11,$0.3354
FIH,MRU,"3,308",$626.04,"3,136 mi",9,$0.1996
FIH,PEK,"3,034",$631.72,"6,792 mi",8,$0.0930
FIH,PVG,"3,001",$787.21,"7,121 mi",8,$0.1105
FIH,LUN,"2,933",$410.82,"1,128 mi",8,$0.3642
FIH,ZRH,"2,919",$386.35,"3,715 mi",8,$0.1040
FIH,YOW,"2,853",$488.31,"6,682 mi",8,$0.0731
FIH,AMM,"2,850",$382.77,"2,922 mi",8,$0.1310
FIH,ORY,"2,754",$234.81,"3,640 mi",8,$0.0645
FIH,FRA,"2,733",$424.77,"3,669 mi",7,$0.1158
FIH,DME,"2,562",$451.92,"4,455 mi",7,$0.1014
FIH,ATL,"2,397",$537.43,"7,162 mi",7,$0.0750
FIH,ARN,"2,377",$277.84,"4,293 mi",7,$0.0647
FIH,ZNZ,"2,367",$379.61,"1,690 mi",6,$0.2246
FIH,TLV,"2,306",$880.30,"2,905 mi",6,$0.3030
FIH,DOH,"2,304",$404.48,"3,080 mi",6,$0.1313
FIH,NSI,"2,290",$614.18,640 mi,6,$0.9597
FIH,BOS,"2,218",$533.22,"6,428 mi",6,$0.0830
FIH,OUA,"2,187",$628.84,"1,592 mi",6,$0.3950
FIH,MXP,"2,101",$696.89,"3,584 mi",6,$0.1944
FIH,MAN,"2,092",$353.02,"4,244 mi",6,$0.0832
FIH,TFU,"2,082",$398.66,"6,122 mi",6,$0.0651
FIH,LIS,"2,061",$804.08,"3,471 mi",6,$0.2317
FIH,BCN,"2,024","$1,249.20","3,365 mi",6,$0.3712
FIH,MUC,"1,965",$450.50,"3,760 mi",5,$0.1198
FIH,TNR,"1,804",$574.61,"2,308 mi",5,$0.2490
FIH,CKY,"1,759",$645.99,"2,288 mi",5,$0.2823
FIH,BER,"1,730",$415.69,"4,041 mi",5,$0.1029
FIH,DAC,"1,706",$544.08,"5,235 mi",5,$0.1039
FIH,DUS,"1,697",$209.05,"3,765 mi",5,$0.0555
FIH,JRO,"1,579",$289.10,"1,447 mi",4,$0.1998
FIH,BKK,"1,559",$659.19,"6,155 mi",4,$0.1071
FIH,MBA,"1,557",$285.57,"1,715 mi",4,$0.1665
FIH,ICN,"1,555",$853.58,"7,776 mi",4,$0.1098
FIH,TLS,"1,545",$428.58,"3,329 mi",4,$0.1287
FIH,WDH,"1,514",$196.49,"1,295 mi",4,$0.1517
FIH,VIE,"1,444",$657.58,"3,519 mi",4,$0.1869
FIH,MWZ,"1,429",$383.59,"1,177 mi",4,$0.3259
FIH,HND,"1,426","$2,084.32","8,051 mi",4,$0.2589
FIH,ZYR,"1,415","$1,858.66","3,991 mi",4,$0.4657
FIH,MRS,"1,399",$889.04,"3,466 mi",4,$0.2565
FIH,OTP,"1,353",$404.04,"3,343 mi",4,$0.1209
FIH,BGF,"1,346",$683.50,662 mi,4,$1.0325
FIH,GRU,"1,341",$761.81,"4,451 mi",4,$0.1712
FIH,EWR,"1,315",$840.43,"6,203 mi",4,$0.1355
FIH,HRE,"1,283",$373.64,"1,370 mi",4,$0.2727
FIH,AMS,"1,277",$867.82,"3,848 mi",3,$0.2255
FIH,NCE,"1,272","$1,674.18","3,258 mi",3,$0.5139
FIH,CLT,"1,219",$529.84,"6,956 mi",3,$0.0762
FIH,KHI,"1,185",$338.62,"3,896 mi",3,$0.0869
FIH,MPM,"1,174",$344.01,"1,927 mi",3,$0.1785
FIH,IAH,"1,164",$565.33,"7,383 mi",3,$0.0766
FIH,NDJ,"1,129",$705.27,"1,108 mi",3,$0.6365
FIH,DUB,"1,115",$409.85,"4,314 mi",3,$0.0950
FIH,SEA,"1,028",$753.43,"8,293 mi",3,$0.0909
FIH,LAD,"1,027",$395.19,334 mi,3,$1.1832
FNA,IAD,"20,982",$379.22,"4,333 mi",57,$0.0875
FNA,LOS,"19,684",$180.02,"1,106 mi",54,$0.1628
FNA,LHR,"18,339",$497.72,"2,957 mi",50,$0.1683
FNA,LGW,"11,842",$179.00,"2,940 mi",32,$0.0609
FNA,DXB,"10,208",$546.93,"4,490 mi",28,$0.1218
FNA,CAN,"9,538",$617.54,"8,447 mi",26,$0.0731
FNA,BRU,"9,300",$348.10,"2,998 mi",25,$0.1161
FNA,BEY,"8,622",$491.96,"3,648 mi",24,$0.1349
FNA,NBO,"8,533",$727.98,"3,413 mi",23,$0.2133
FNA,IST,"7,086",$412.16,"3,511 mi",19,$0.1174
FNA,JFK,"6,867",$352.69,"4,428 mi",19,$0.0796
FNA,BOM,"5,416",$421.09,"5,942 mi",15,$0.0709
FNA,PEK,"5,347",$819.45,"8,028 mi",15,$0.1021
FNA,EWR,"4,725",$329.39,"4,450 mi",13,$0.0740
FNA,JNB,"3,997",$537.18,"3,784 mi",11,$0.1420
FNA,CDG,"3,505",$463.35,"2,848 mi",10,$0.1627
FNA,DEL,"2,285",$580.58,"6,131 mi",6,$0.0947
FNA,LFW,"2,163",$233.53,974 mi,6,$0.2398
FNA,CMH,"1,902",$375.59,"4,621 mi",5,$0.0813
FNA,PVG,"1,863",$820.30,"8,639 mi",5,$0.0950
FNA,ATL,"1,799",$469.52,"4,956 mi",5,$0.0947
FNA,BOS,"1,745",$789.65,"4,316 mi",5,$0.1830
FNA,ROB,"1,691",$236.75,262 mi,5,$0.9036
FNA,GVA,"1,646",$699.51,"2,754 mi",5,$0.2540
FNA,MAN,"1,527",$441.45,"3,056 mi",4,$0.1445
FNA,DFW,"1,440",$490.01,"5,374 mi",4,$0.0912
FNA,FRA,"1,414",$461.78,"3,217 mi",4,$0.1435
FNA,MNL,"1,312",$764.19,"9,183 mi",4,$0.0832
FNA,ORY,"1,290",$228.79,"2,828 mi",4,$0.0809
FNA,YYZ,"1,277",$431.00,"4,774 mi",3,$0.0903
FNA,MUC,"1,210",$483.02,"3,014 mi",3,$0.1603
FNA,ESB,"1,172",$497.87,"3,678 mi",3,$0.1354
FNA,MAD,"1,172",$369.57,"2,213 mi",3,$0.1670
FNA,BER,"1,160",$547.07,"3,274 mi",3,$0.1671
FNA,LAX,"1,135",$450.34,"6,942 mi",3,$0.0649
FNA,OUA,"1,135",$367.33,809 mi,3,$0.4541
FNA,FCO,"1,122",$659.98,"2,684 mi",3,$0.2459
FNA,MXP,"1,037",$305.06,"2,784 mi",3,$0.1096
FNA,TUN,"1,004",$394.50,"2,514 mi",3,$0.1569
GBE,JNB,"143,923",$31.33,187 mi,394,$0.1675
GBE,MUB,"38,305",$73.81,365 mi,105,$0.2022
GBE,BBK,"18,690",$90.26,481 mi,51,$0.1877
GBE,FRW,"16,503",$50.58,247 mi,45,$0.2048
GBE,HRE,"14,068",$116.93,583 mi,39,$0.2006
GBE,LUN,"13,308",$162.15,678 mi,36,$0.2392
GBE,WDH,"12,206",$101.65,537 mi,33,$0.1893
GBE,NBO,"8,483",$353.36,"1,819 mi",23,$0.1943
GBE,BOM,"7,001",$396.09,"4,236 mi",19,$0.0935
GBE,LHR,"6,757",$952.30,"5,327 mi",19,$0.1788
GBE,DXB,"6,449",$835.61,"3,845 mi",18,$0.2173
GBE,DEL,"3,139",$470.41,"4,854 mi",9,$0.0969
GBE,MRU,"3,021",$368.61,"1,982 mi",8,$0.1860
GBE,MPM,"2,780",$137.34,413 mi,8,$0.3325
GBE,COK,"2,697",$476.02,"4,037 mi",7,$0.1179
GBE,PVG,"2,596",$448.46,"7,625 mi",7,$0.0588
GBE,LLW,"2,450",$232.58,876 mi,7,$0.2655
GBE,LAD,"2,367",$578.85,"1,328 mi",6,$0.4359
GBE,PLZ,"2,166",$117.73,672 mi,6,$0.1752
GBE,MAN,"2,122",$442.67,"5,811 mi",6,$0.0762
GBE,SHO,"2,079",$120.35,394 mi,6,$0.3055
GBE,PEK,"1,999",$880.12,"7,104 mi",5,$0.1239
GBE,FOC,"1,940",$734.86,"7,373 mi",5,$0.0997
GBE,CAN,"1,925",$384.18,"6,520 mi",5,$0.0589
GBE,CMB,"1,863",$900.84,"4,368 mi",5,$0.2062
GBE,IAD,"1,841","$1,176.31","8,194 mi",5,$0.1436
GBE,MSU,"1,823",$127.70,365 mi,5,$0.3499
GBE,LOS,"1,789",$422.80,"2,713 mi",5,$0.1558
GBE,KGL,"1,552",$441.36,"1,634 mi",4,$0.2701
GBE,JFK,"1,527",$896.52,"8,025 mi",4,$0.1117
GBE,CDG,"1,482",$633.37,"5,125 mi",4,$0.1236
GBE,XMN,"1,381",$763.91,"7,244 mi",4,$0.1055
GBE,DUB,"1,380",$318.19,"5,550 mi",4,$0.0573
GBE,MAA,"1,323",$399.59,"4,349 mi",4,$0.0919
GBE,FRA,"1,245",$778.35,"5,104 mi",3,$0.1525
GBE,BRU,"1,215",$583.86,"5,214 mi",3,$0.1120
GBE,KHI,"1,215",$385.37,"4,259 mi",3,$0.0905
GBE,BLZ,"1,152",$193.28,874 mi,3,$0.2211
GBE,GVA,"1,130",$552.05,"4,895 mi",3,$0.1128
GBE,TNR,"1,104",$448.62,"1,395 mi",3,$0.3216
GBE,VFA,"1,097",$124.39,433 mi,3,$0.2873
GBE,HYD,"1,033",$496.79,"4,428 mi",3,$0.1122
GBE,NLA,"1,018",$157.23,844 mi,3,$0.1863
GBE,WVB,"1,014",$142.79,743 mi,3,$0.1922
HBE,JED,"417,921",$56.62,840 mi,"1,145",$0.0674
HBE,KWI,"262,041",$62.40,"1,064 mi",718,$0.0586
HBE,RUH,"165,805",$94.90,"1,082 mi",454,$0.0877
HBE,AUH,"131,358",$98.74,"1,539 mi",360,$0.0642
HBE,SHJ,"116,120",$128.17,"1,568 mi",318,$0.0817
HBE,BEN,"94,431",$72.52,544 mi,259,$0.1333
HBE,DXB,"89,630",$216.40,"1,561 mi",246,$0.1386
HBE,MJI,"86,623",$128.07,"1,000 mi",237,$0.1281
HBE,MED,"85,171",$51.40,776 mi,233,$0.0662
HBE,AMM,"82,839",$69.67,387 mi,227,$0.1800
HBE,DMM,"61,070",$123.08,"1,216 mi",167,$0.1012
HBE,SAW,"58,649",$70.69,669 mi,161,$0.1057
HBE,IST,"24,005",$108.83,695 mi,66,$0.1566
HBE,DOH,"18,053",$191.14,"1,431 mi",49,$0.1336
HBE,MRA,"15,769",$127.37,840 mi,43,$0.1516
HBE,BGY,"9,353",$75.42,"1,436 mi",26,$0.0525
HBE,SSH,"9,109",$44.41,358 mi,25,$0.1241
HBE,AHB,"7,839",$91.47,"1,230 mi",21,$0.0744
HBE,AMS,"6,958",$158.58,"1,883 mi",19,$0.0842
HBE,ATH,"6,854",$130.82,603 mi,19,$0.2169
HBE,TIF,"6,776",$131.60,907 mi,19,$0.1451
HBE,LED,"6,759",$173.09,"1,936 mi",19,$0.0894
HBE,JFK,"5,048",$270.91,"5,325 mi",14,$0.0509
HBE,BAH,"4,610",$291.20,"1,269 mi",13,$0.2295
HBE,MNL,"4,106",$601.33,"5,958 mi",11,$0.1009
HBE,CMB,"4,010",$444.96,"3,516 mi",11,$0.1266
HBE,GIZ,"3,817",$118.12,"1,301 mi",10,$0.0908
HBE,HAM,"3,753",$257.78,"1,907 mi",10,$0.1352
HBE,ELQ,"3,464",$72.55,938 mi,9,$0.0773
HBE,DAC,"3,462",$400.99,"3,823 mi",9,$0.1049
HBE,BER,"3,339",$96.13,"1,642 mi",9,$0.0585
HBE,MCT,"3,178",$166.46,"1,876 mi",9,$0.0887
HBE,LAX,"2,638",$340.40,"7,722 mi",7,$0.0441
HBE,BRU,"2,529",$168.66,"1,832 mi",7,$0.0921
HBE,KTM,"2,508",$267.89,"3,426 mi",7,$0.0782
HBE,VKO,"2,355",$448.25,"1,796 mi",6,$0.2496
HBE,STR,"2,332",$128.76,"1,678 mi",6,$0.0767
HBE,CDG,"2,326",$157.13,"1,944 mi",6,$0.0808
HBE,COK,"2,161",$277.85,"3,214 mi",6,$0.0864
HBE,MXP,"2,153",$183.32,"1,563 mi",6,$0.1173
HBE,VIE,"2,140",$98.23,"1,415 mi",6,$0.0694
HBE,TUN,"2,106",$298.68,"1,151 mi",6,$0.2595
HBE,DUS,"2,073",$98.56,"1,885 mi",6,$0.0523
HBE,TBS,"2,033",$107.86,"1,159 mi",6,$0.0931
HBE,LYP,"2,017",$423.28,"2,468 mi",6,$0.1715
HBE,EAM,"1,931",$125.06,"1,264 mi",5,$0.0989
HBE,FRA,"1,929",$85.80,"1,764 mi",5,$0.0486
HBE,MUC,"1,859",$106.06,"1,574 mi",5,$0.0674
HBE,KHI,"1,851",$221.41,"2,383 mi",5,$0.0929
HBE,TUU,"1,846",$138.38,437 mi,5,$0.3167
HBE,BLQ,"1,834",$195.00,"1,330 mi",5,$0.1466
HBE,DEL,"1,829",$255.08,"2,912 mi",5,$0.0876
HBE,ARN,"1,825",$120.88,"1,997 mi",5,$0.0605
HBE,BOM,"1,719",$298.34,"2,721 mi",5,$0.1096
HBE,LHR,"1,695",$248.79,"2,026 mi",5,$0.1228
HBE,COV,"1,656",$151.90,500 mi,5,$0.3038
HBE,IAD,"1,640",$365.60,"5,545 mi",4,$0.0659
HBE,MUX,"1,609",$312.10,"2,542 mi",4,$0.1228
HBE,GYD,"1,605",$197.98,"1,353 mi",4,$0.1463
HBE,MLE,"1,560",$280.16,"3,290 mi",4,$0.0852
HBE,MAN,"1,557",$139.66,"2,288 mi",4,$0.0610
HBE,WAW,"1,540",$338.98,"1,487 mi",4,$0.2280
HBE,EVN,"1,490",$168.38,"1,072 mi",4,$0.1571
HBE,IKA,"1,417",$101.17,"1,314 mi",4,$0.0770
HBE,MAA,"1,408",$289.59,"3,327 mi",4,$0.0870
HBE,CGN,"1,407",$226.17,"1,852 mi",4,$0.1221
HBE,ADB,"1,399",$115.65,546 mi,4,$0.2118
HBE,SYZ,"1,386",$117.29,"1,326 mi",4,$0.0885
HBE,HRG,"1,383",$18.66,347 mi,4,$0.0538
HBE,SVX,"1,296",$246.55,"2,255 mi",4,$0.1093
HBE,PRG,"1,294",$158.60,"1,501 mi",4,$0.1057
HBE,BKK,"1,270",$344.28,"4,484 mi",3,$0.0768
HBE,DME,"1,266",$142.37,"1,687 mi",3,$0.0844
HBE,MRS,"1,261",$154.64,"1,544 mi",3,$0.1002
HBE,MHD,"1,235",$178.00,"1,702 mi",3,$0.1046
HBE,ZRH,"1,217",$158.34,"1,551 mi",3,$0.1021
HBE,TAS,"1,214",$240.07,"2,369 mi",3,$0.1013
HBE,LRR,"1,207",$154.21,"1,546 mi",3,$0.0997
HBE,IAH,"1,198",$908.86,"7,101 mi",3,$0.1280
HBE,LIS,"1,174",$203.16,"2,182 mi",3,$0.0931
HBE,NJF,"1,170",$278.22,895 mi,3,$0.3109
HBE,HAJ,"1,165",$91.21,"1,744 mi",3,$0.0523
HBE,ALA,"1,148",$223.91,"2,624 mi",3,$0.0853
HBE,TRV,"1,148",$279.21,"3,508 mi",3,$0.0796
HBE,CPH,"1,146",$157.68,"1,955 mi",3,$0.0807
HBE,KUL,"1,103",$467.58,"4,905 mi",3,$0.0953
HBE,NUE,"1,103",$131.08,"1,559 mi",3,$0.0841
HBE,HAS,"1,052",$106.89,739 mi,3,$0.1446
HBE,BGW,"1,041",$317.42,839 mi,3,$0.3783
HBE,SKT,"1,020",$334.14,"2,530 mi",3,$0.1321
HGA,MGQ,"45,897",$111.02,541 mi,126,$0.2052
HGA,DXB,"38,729",$202.90,"1,355 mi",106,$0.1497
HGA,LHR,"18,289",$426.36,"3,946 mi",50,$0.1080
HGA,JED,"15,817",$155.97,929 mi,43,$0.1679
HGA,JIB,"15,414",$98.38,149 mi,42,$0.6603
HGA,ADD,"6,470",$78.17,373 mi,18,$0.2096
HGA,MSP,"4,361",$645.41,"7,599 mi",12,$0.0849
HGA,NBO,"4,323",$451.65,869 mi,12,$0.5197
HGA,ARN,"4,311",$421.62,"3,833 mi",12,$0.1100
HGA,MAN,"3,835",$425.45,"4,084 mi",11,$0.1042
HGA,CPH,"2,888",$407.41,"3,721 mi",8,$0.1095
HGA,IST,"2,563",$299.58,"2,313 mi",7,$0.1295
HGA,OSL,"2,540",$397.04,"3,774 mi",7,$0.1052
HGA,YYZ,"2,260",$488.11,"7,569 mi",6,$0.0645
HGA,CMH,"2,238",$618.73,"7,855 mi",6,$0.0788
HGA,HEL,"2,015",$453.93,"3,537 mi",6,$0.1283
HGA,AMS,"1,941",$360.38,"3,573 mi",5,$0.1009
HGA,BHX,"1,889",$481.64,"4,031 mi",5,$0.1195
HGA,CAI,"1,664",$336.54,"1,691 mi",5,$0.1990
HGA,DOH,"1,614",$245.69,"1,160 mi",4,$0.2118
HGA,LGW,"1,569",$472.68,"3,695 mi",4,$0.1279
HGA,RUH,"1,478",$216.33,"1,113 mi",4,$0.1944
HGA,FRA,"1,440",$378.33,"3,353 mi",4,$0.1128
HGA,YEG,"1,389",$569.48,"7,665 mi",4,$0.0743
HGA,MED,"1,367",$207.37,"1,046 mi",4,$0.1983
HGA,YOW,"1,228",$591.27,"7,337 mi",3,$0.0806
HGA,SEA,"1,187",$526.76,"8,161 mi",3,$0.0645
HGA,BEY,"1,136",$297.99,"1,819 mi",3,$0.1638
HGA,DMM,"1,131",$154.12,"1,193 mi",3,$0.1292
HGA,KWI,"1,036",$167.07,"1,343 mi",3,$0.1244
HRE,IAD,"4,772","$1,005.91","7,734 mi",13,$0.1301
HRE,JFK,"4,737",$772.42,"7,552 mi",13,$0.1023
HRE,LOS,"4,439",$340.69,"2,465 mi",12,$0.1382
HRE,GRJ,"4,238",$175.08,"1,197 mi",12,$0.1463
HRE,DME,"4,136",$765.95,"4,931 mi",11,$0.1553
HRE,EDI,"4,036",$441.25,"5,650 mi",11,$0.0781
HRE,AMS,"4,007",$448.43,"4,951 mi",11,$0.0906
HRE,WAW,"3,841",$322.48,"5,027 mi",11,$0.0641
HRE,DOH,"3,798",$361.93,"3,388 mi",10,$0.1068
HRE,TFU,"3,734",$629.74,"5,724 mi",10,$0.1100
HRE,IST,"3,715",$559.07,"4,216 mi",10,$0.1326
HRE,MEL,"3,625",$898.62,"6,475 mi",10,$0.1388
HRE,MCO,"3,298",$794.83,"8,379 mi",9,$0.0949
HRE,HKG,"3,222",$686.45,"6,058 mi",9,$0.1133
HRE,FRA,"3,209",$562.39,"5,040 mi",9,$0.1116
HRE,FCO,"3,138",$569.13,"4,428 mi",9,$0.1285
HRE,YYZ,"3,116",$582.76,"8,336 mi",9,$0.0699
HRE,BNE,"3,028",$911.31,"7,227 mi",8,$0.1261
HRE,SYD,"3,025",$956.58,"6,898 mi",8,$0.1387
HRE,BLZ,"2,903",$167.59,291 mi,8,$0.5759
HRE,DFW,"2,634",$986.51,"9,346 mi",7,$0.1056
HRE,CDG,"2,562",$704.03,"5,094 mi",7,$0.1382
HRE,STN,"2,531",$520.96,"5,014 mi",7,$0.1039
HRE,SIN,"2,269",$737.33,"4,972 mi",6,$0.1483
HRE,TNR,"2,173",$421.20,"1,044 mi",6,$0.4034
HRE,IAH,"2,120",$751.47,"9,254 mi",6,$0.0812
HRE,LAD,"2,076",$530.02,"1,394 mi",6,$0.3802
HRE,JRO,"2,026",$249.53,"1,113 mi",6,$0.2242
HRE,ORD,"2,003",$674.18,"8,262 mi",5,$0.0816
HRE,BRU,"1,988",$490.35,"5,173 mi",5,$0.0948
HRE,CKG,"1,977",$893.12,"6,186 mi",5,$0.1444
HRE,MXP,"1,965",$478.00,"4,472 mi",5,$0.1069
HRE,LAX,"1,955",$865.67,"10,563 mi",5,$0.0820
HRE,BKK,"1,907",$617.49,"5,381 mi",5,$0.1148
HRE,ATL,"1,882",$496.24,"8,595 mi",5,$0.0577
HRE,KUL,"1,828",$684.10,"5,160 mi",5,$0.1326
HRE,NLA,"1,811",$190.75,372 mi,5,$0.5128
HRE,ELS,"1,775",$97.40,"1,031 mi",5,$0.0945
HRE,BCN,"1,749",$589.91,"4,359 mi",5,$0.1353
HRE,BER,"1,673",$698.35,"4,822 mi",5,$0.1448
HRE,BHD,"1,643",$392.21,"5,301 mi",5,$0.0740
HRE,ZRH,"1,611",$909.01,"4,588 mi",4,$0.1981
HRE,AKL,"1,605","$1,078.43","8,203 mi",4,$0.1315
HRE,WVB,"1,596",$163.07,"1,085 mi",4,$0.1503
HRE,BOS,"1,575",$773.74,"7,424 mi",4,$0.1042
HRE,VNX,"1,558",$152.46,381 mi,4,$0.4002
HRE,MBA,"1,550",$351.75,"1,154 mi",4,$0.3048
HRE,GLA,"1,537",$386.22,"5,668 mi",4,$0.0681
HRE,EWR,"1,429",$807.50,"8,041 mi",4,$0.1004
HRE,MSQ,"1,383","$1,465.23","5,114 mi",4,$0.2865
HRE,YVR,"1,363",$674.39,"9,549 mi",4,$0.0706
HRE,HYD,"1,353",$451.97,"3,911 mi",4,$0.1156
HRE,HWN,"1,319",$88.85,279 mi,4,$0.3185
HRE,CPH,"1,302",$469.84,"5,039 mi",4,$0.0932
HRE,LIS,"1,294",$757.32,"4,562 mi",4,$0.1660
HRE,MAD,"1,294",$720.61,"4,748 mi",4,$0.1518
HRE,BFN,"1,278",$79.46,853 mi,4,$0.0932
HRE,VIE,"1,270",$616.76,"4,510 mi",3,$0.1368
HRE,MWZ,"1,255",$163.69,"1,109 mi",3,$0.1476
HRE,SEA,"1,218",$889.06,"9,606 mi",3,$0.0926
HRE,SFO,"1,210",$895.42,"10,644 mi",3,$0.0841
HRE,RUH,"1,157",$614.73,"3,050 mi",3,$0.2016
HRE,ARN,"1,136",$540.56,"5,249 mi",3,$0.1030
HRE,MUC,"1,131",$636.87,"4,590 mi",3,$0.1388
HRE,AUH,"1,105",$312.18,"3,229 mi",3,$0.0967
HRE,YYC,"1,104",$620.22,"9,739 mi",3,$0.0637
HRE,NCL,"1,085",$842.38,"5,235 mi",3,$0.1609
HRE,JED,"1,053",$445.79,"2,707 mi",3,$0.1647
HRE,YEG,"1,053",$635.31,"9,067 mi",3,$0.0701
HRE,ICN,"1,043",$825.95,"7,468 mi",3,$0.1106
HRE,NRT,"1,033","$1,026.15","8,240 mi",3,$0.1245
JIB,NBO,"35,988",$452.39,"1,017 mi",99,$0.4448
JIB,ADE,"22,488",$38.60,149 mi,62,$0.2591
JIB,JED,"21,260",$105.68,770 mi,58,$0.1372
JIB,DXB,"19,948",$395.08,"1,201 mi",55,$0.3290
JIB,CDG,"15,559",$620.63,"3,370 mi",43,$0.1842
JIB,MGQ,"12,021",$78.00,655 mi,33,$0.1191
JIB,IST,"8,218",$267.68,"2,299 mi",23,$0.1164
JIB,IAD,"5,977","$2,251.97","7,487 mi",16,$0.3008
JIB,FRA,"4,878",$777.99,"3,403 mi",13,$0.2286
JIB,JFK,"4,360",$578.60,"7,252 mi",12,$0.0798
JIB,DTW,"3,565",$742.34,"7,191 mi",10,$0.1032
JIB,PEK,"2,562",$729.31,"4,978 mi",7,$0.1465
JIB,LHR,"2,461",$548.74,"3,569 mi",7,$0.1538
JIB,BRU,"2,016",$402.92,"3,377 mi",6,$0.1193
JIB,TUN,"1,832",$667.34,"2,608 mi",5,$0.2559
JIB,DOH,"1,816",$374.61,"1,130 mi",5,$0.3315
JIB,STR,"1,790",$748.67,"3,317 mi",5,$0.2257
JIB,NRT,"1,701","$1,196.83","5,966 mi",5,$0.2006
JIB,RDU,"1,649","$1,510.49","7,659 mi",5,$0.1972
JIB,ORF,"1,646","$1,524.14","7,494 mi",5,$0.2034
JIB,MRS,"1,635",$798.23,"3,251 mi",4,$0.2455
JIB,PVG,"1,586",$703.18,"5,296 mi",4,$0.1328
JIB,YUL,"1,545",$575.46,"6,680 mi",4,$0.0861
JIB,RUH,"1,489",$385.62,984 mi,4,$0.3919
JIB,SFO,"1,443",$770.12,"9,180 mi",4,$0.0839
JIB,VIE,"1,392",$413.25,"2,866 mi",4,$0.1442
JIB,ARN,"1,371",$235.59,"3,675 mi",4,$0.0641
JIB,YOW,"1,371",$394.05,"6,765 mi",4,$0.0582
JIB,AMM,"1,278",$356.67,"1,511 mi",4,$0.2360
JIB,BEY,"1,274",$277.92,"1,661 mi",3,$0.1673
JIB,YYZ,"1,249",$576.90,"6,984 mi",3,$0.0826
JIB,ORD,"1,238",$762.64,"7,383 mi",3,$0.1033
JIB,FCO,"1,215",$621.21,"2,885 mi",3,$0.2153
JIB,JNB,"1,195",$486.03,"2,874 mi",3,$0.1691
JIB,TLS,"1,182",$459.24,"3,429 mi",3,$0.1339
JIB,MUC,"1,132",$610.50,"3,212 mi",3,$0.1901
JIB,ESB,"1,113",$392.86,"2,008 mi",3,$0.1956
JIB,VCE,"1,101","$1,059.47","2,875 mi",3,$0.3685
JIB,MAD,"1,073",$693.45,"3,361 mi",3,$0.2063
JIB,GVA,"1,058",$573.43,"3,326 mi",3,$0.1724
JIB,CAN,"1,030",$656.50,"4,514 mi",3,$0.1454
JIB,LYS,"1,004",$430.65,"3,152 mi",3,$0.1366
JNB,PLZ,"746,450",$73.13,547 mi,"2,045",$0.1337
JNB,GRJ,"502,920",$104.87,628 mi,"1,378",$0.1670
JNB,ELS,"483,331",$86.82,463 mi,"1,324",$0.1875
JNB,LHR,"391,148",$774.60,"5,470 mi","1,072",$0.1416
JNB,BFN,"230,299",$59.72,229 mi,631,$0.2608
JNB,MRU,"226,668",$223.77,"1,962 mi",621,$0.1141
JNB,DXB,"193,458",$815.54,"4,105 mi",530,$0.1987
JNB,VFA,"190,342",$111.65,594 mi,521,$0.1880
JNB,LUN,"183,417",$97.69,725 mi,503,$0.1347
JNB,WDH,"182,867",$56.12,702 mi,501,$0.0799
JNB,NBO,"156,233",$380.97,"1,863 mi",428,$0.2045
JNB,MQP,"134,863",$58.46,179 mi,369,$0.3266
JNB,MPM,"128,703",$76.85,261 mi,353,$0.2944
JNB,HDS,"115,110",$61.75,215 mi,315,$0.2872
JNB,KIM,"112,734",$71.48,274 mi,309,$0.2609
JNB,AMS,"106,995",$551.20,"5,771 mi",293,$0.0955
JNB,LOS,"101,769",$391.11,"2,895 mi",279,$0.1351
JNB,CDG,"97,748",$692.56,"5,266 mi",268,$0.1315
JNB,PZB,"88,104",$57.57,284 mi,241,$0.2027
JNB,FRA,"87,387",$610.14,"5,561 mi",239,$0.1097
JNB,BOM,"85,686",$256.56,"4,197 mi",235,$0.0611
JNB,BUQ,"85,203",$119.71,411 mi,233,$0.2913
JNB,SHO,"84,555",$44.92,210 mi,232,$0.2139
JNB,MUB,"75,065",$140.00,508 mi,206,$0.2756
JNB,SYD,"72,159","$1,011.25","6,644 mi",198,$0.1522
JNB,ZNZ,"66,391",$242.96,"1,602 mi",182,$0.1517
JNB,LLW,"62,795",$197.37,953 mi,172,$0.2071
JNB,LAD,"58,321",$290.63,"1,501 mi",160,$0.1936
JNB,GRU,"53,607",$675.66,"4,761 mi",147,$0.1419
JNB,UTT,"50,997",$77.53,364 mi,140,$0.2130
JNB,PER,"48,507",$831.34,"5,318 mi",133,$0.1563
JNB,BRU,"47,291",$540.29,"5,351 mi",130,$0.1010
JNB,LIS,"46,023",$464.56,"4,941 mi",126,$0.0940
JNB,JED,"44,875",$304.77,"3,282 mi",123,$0.0929
JNB,UTN,"44,171",$129.02,442 mi,121,$0.2919
JNB,ZRH,"43,946","$1,065.59","5,388 mi",120,$0.1978
JNB,NLA,"43,574",$144.84,884 mi,119,$0.1638
JNB,SZK,"43,554",$54.28,231 mi,119,$0.2350
JNB,MAN,"43,255",$525.51,"5,615 mi",119,$0.0936
JNB,PTG,"43,199",$66.13,181 mi,118,$0.3654
JNB,SIN,"41,291","$1,148.24","5,539 mi",113,$0.2073
JNB,RCB,"40,097",$58.67,287 mi,110,$0.2044
JNB,BLZ,"38,811",$186.98,818 mi,106,$0.2286
JNB,WVB,"38,714",$109.20,856 mi,106,$0.1276
JNB,JFK,"38,645","$1,085.80","7,734 mi",106,$0.1404
JNB,IST,"37,423",$415.87,"4,517 mi",103,$0.0921
JNB,MUC,"37,072",$781.48,"5,404 mi",102,$0.1446
JNB,ATL,"37,015","$1,414.16","8,692 mi",101,$0.1627
JNB,DUB,"34,614",$539.73,"5,697 mi",95,$0.0947
JNB,LVI,"34,127",$121.19,577 mi,93,$0.2100
JNB,SZX,"33,146",$560.92,"6,438 mi",91,$0.0871
JNB,VNX,"32,370",$117.69,545 mi,89,$0.2159
JNB,HKG,"32,234","$1,283.50","6,434 mi",88,$0.1995
JNB,EWR,"32,064","$1,310.48","7,753 mi",88,$0.1690
JNB,BKK,"31,131",$445.50,"5,422 mi",85,$0.0822
JNB,MSU,"31,104",$74.08,226 mi,85,$0.3278
JNB,HKT,"30,823",$321.75,"5,097 mi",84,$0.0631
JNB,FCO,"29,697",$525.41,"4,948 mi",81,$0.1062
JNB,DOH,"29,396",$345.65,"3,763 mi",81,$0.0919
JNB,PVG,"28,708",$748.60,"7,103 mi",79,$0.1054
JNB,TLV,"28,559",$502.65,"3,920 mi",78,$0.1282
JNB,LAX,"28,530","$1,377.17","10,691 mi",78,$0.1288
JNB,BBK,"27,748",$143.01,589 mi,76,$0.2428
JNB,MGH,"27,521",$106.59,360 mi,75,$0.2961
JNB,AKL,"27,163",$815.59,"7,335 mi",74,$0.1112
JNB,MXP,"27,127",$598.83,"5,261 mi",74,$0.1138
JNB,BNE,"26,604","$1,021.52","7,448 mi",73,$0.1372
JNB,DEL,"26,432",$522.00,"4,829 mi",72,$0.1081
JNB,LBV,"26,174",$312.98,"2,292 mi",72,$0.1366
JNB,SEZ,"25,684",$262.14,"2,404 mi",70,$0.1090
JNB,MEL,"25,423",$943.28,"6,604 mi",70,$0.1428
JNB,MED,"25,326",$241.21,"3,477 mi",69,$0.0694
JNB,BCN,"25,314",$689.94,"5,100 mi",69,$0.1353
JNB,YYZ,"25,197",$841.53,"8,556 mi",69,$0.0984
JNB,MAD,"24,564",$757.63,"4,886 mi",67,$0.1551
JNB,KGL,"24,562",$283.83,"1,725 mi",67,$0.1645
JNB,IAD,"24,461","$1,116.88","7,893 mi",67,$0.1415
JNB,GVA,"24,182","$1,114.91","5,345 mi",66,$0.2086
JNB,ATH,"24,044",$577.37,"4,569 mi",66,$0.1264
JNB,DPS,"24,030",$490.15,"5,590 mi",66,$0.0877
JNB,CPH,"23,662",$500.90,"5,895 mi",65,$0.0850
JNB,VIE,"23,282",$631.92,"5,026 mi",64,$0.1257
JNB,RUN,"22,630",$181.37,"1,708 mi",62,$0.1062
JNB,TNR,"21,656",$250.24,"1,367 mi",59,$0.1831
JNB,MIA,"21,520","$1,156.99","7,818 mi",59,$0.1480
JNB,SIS,"20,578",$110.47,330 mi,56,$0.3348
JNB,PEK,"20,360",$718.65,"7,493 mi",56,$0.0959
JNB,ORD,"20,129","$1,130.14","8,971 mi",55,$0.1260
JNB,BER,"19,611",$677.90,"5,662 mi",54,$0.1197
JNB,LGW,"19,027",$305.07,"5,446 mi",52,$0.0560
JNB,CAN,"18,636",$438.85,"6,431 mi",51,$0.0682
JNB,RUH,"17,975",$655.68,"3,627 mi",49,$0.1808
JNB,ADL,"17,232",$881.57,"6,042 mi",47,$0.1459
JNB,ICN,"16,834",$635.97,"7,485 mi",46,$0.0850
JNB,DME,"16,624",$687.35,"5,493 mi",46,$0.1251
JNB,AUH,"16,245",$517.21,"4,031 mi",45,$0.1283
JNB,HND,"15,883","$1,302.60","8,151 mi",44,$0.1598
JNB,ARN,"15,672",$669.75,"6,135 mi",43,$0.1092
JNB,SFO,"15,572","$1,360.87","10,866 mi",43,$0.1252
JNB,EDI,"15,173",$687.54,"6,147 mi",42,$0.1118
JNB,BOS,"15,120","$1,080.97","7,626 mi",41,$0.1417
JNB,MCO,"14,756",$917.79,"7,928 mi",40,$0.1158
JNB,FOC,"13,841",$714.35,"7,278 mi",38,$0.0982
JNB,WAW,"13,460",$525.51,"5,265 mi",37,$0.0998
JNB,DUS,"13,436",$663.87,"5,342 mi",37,$0.1243
JNB,NRT,"13,413","$1,207.35","8,692 mi",37,$0.1389
JNB,BEW,"13,392",$138.34,591 mi,37,$0.2341
JNB,HAM,"12,914",$652.11,"5,788 mi",35,$0.1127
JNB,DFW,"12,831","$1,368.62","8,876 mi",35,$0.1542
JNB,IAH,"12,533","$1,311.27","9,292 mi",34,$0.1411
JNB,KUL,"12,492",$657.11,"5,125 mi",34,$0.1282
JNB,NCE,"11,987",$833.61,"5,154 mi",33,$0.1617
JNB,PRG,"11,656",$511.41,"5,497 mi",32,$0.0930
JNB,VCE,"11,610",$544.89,"4,898 mi",32,$0.1112
JNB,LDZ,"11,330",$54.17,230 mi,31,$0.2355
JNB,JRO,"11,229",$300.47,"1,725 mi",31,$0.1742
JNB,YUL,"10,878",$872.70,"7,802 mi",30,$0.1119
JNB,SEA,"10,780","$1,251.40","10,572 mi",30,$0.1184
JNB,BHX,"10,550",$481.30,"5,896 mi",29,$0.0816
JNB,DEN,"10,508","$1,434.79","9,873 mi",29,$0.1453
JNB,BLR,"10,496",$609.28,"4,163 mi",29,$0.1464
JNB,SLI,"10,104",$339.67,"1,002 mi",28,$0.3390
JNB,BUD,"9,950",$537.35,"5,267 mi",27,$0.1020
JNB,SVO,"9,915",$378.11,"5,528 mi",27,$0.0684
JNB,LHE,"9,541",$582.90,"5,163 mi",26,$0.1129
JNB,MLE,"9,514",$600.46,"3,572 mi",26,$0.1681
JNB,OSL,"9,447",$522.74,"5,862 mi",26,$0.0892
JNB,LYS,"9,208",$442.58,"5,329 mi",25,$0.0831
JNB,YVR,"9,202",$858.69,"10,537 mi",25,$0.0815
JNB,MWZ,"8,811",$302.68,"1,616 mi",24,$0.1873
JNB,TPE,"8,660",$863.88,"7,347 mi",24,$0.1176
JNB,SCL,"8,628","$1,158.34","5,551 mi",24,$0.2087
JNB,MBA,"8,525",$332.42,"1,652 mi",23,$0.2012
JNB,MSP,"8,522","$1,126.77","9,251 mi",23,$0.1218
JNB,GIG,"8,505",$889.09,"4,310 mi",23,$0.2063
JNB,POL,"8,424",$298.72,"1,172 mi",23,$0.2549
JNB,OPO,"8,146",$688.17,"5,378 mi",22,$0.1280
JNB,FNC,"8,047",$527.54,"5,179 mi",22,$0.1019
JNB,TET,"7,840",$137.94,752 mi,21,$0.1834
JNB,GLA,"7,656",$804.97,"6,162 mi",21,$0.1306
JNB,HEL,"7,606",$632.38,"6,155 mi",21,$0.1027
JNB,LCA,"7,572",$691.57,"4,103 mi",21,$0.1686
JNB,AGP,"7,535",$715.13,"4,689 mi",21,$0.1525
JNB,AEP,"7,335",$875.92,"4,890 mi",20,$0.1791
JNB,MNL,"7,231",$898.22,"6,619 mi",20,$0.1357
JNB,HAN,"7,196",$568.61,"6,320 mi",20,$0.0900
JNB,TPA,"7,175",$980.21,"8,483 mi",20,$0.1155
JNB,HGH,"7,137",$451.58,"7,007 mi",20,$0.0644
JNB,KHI,"7,056",$421.57,"4,510 mi",19,$0.0935
JNB,MRS,"7,043",$582.32,"5,175 mi",19,$0.1125
JNB,PHX,"7,042","$1,234.85","9,716 mi",19,$0.1271
JNB,MAA,"6,998",$563.71,"4,281 mi",19,$0.1317
JNB,LAS,"6,968","$1,337.91","9,875 mi",19,$0.1355
JNB,DTW,"6,790","$1,341.33","8,226 mi",19,$0.1631
JNB,DAC,"6,709",$609.99,"5,561 mi",18,$0.1097
JNB,BLQ,"6,643",$625.12,"5,149 mi",18,$0.1214
JNB,CLT,"6,477",$989.53,"8,020 mi",18,$0.1234
JNB,HYD,"6,477",$562.65,"4,644 mi",18,$0.1212
JNB,RDU,"6,419","$1,171.07","8,406 mi",18,$0.1393
JNB,CGK,"6,313","$1,245.55","5,473 mi",17,$0.2276
JNB,NCL,"6,288",$763.41,"5,706 mi",17,$0.1338
JNB,KIX,"6,281","$1,118.39","8,379 mi",17,$0.1335
JNB,SGN,"5,856",$577.54,"5,668 mi",16,$0.1019
JNB,APL,"5,796",$232.44,"1,074 mi",16,$0.2164
JNB,ROB,"5,733",$650.13,"3,523 mi",16,$0.1845
JNB,SAW,"5,705",$188.63,"4,493 mi",16,$0.0420
JNB,LIM,"5,645","$1,166.89","6,980 mi",15,$0.1672
JNB,SLC,"5,624","$1,412.32","10,256 mi",15,$0.1377
JNB,LIN,"5,558",$874.32,"5,241 mi",15,$0.1668
JNB,CKY,"5,497","$1,140.09","3,628 mi",15,$0.3142
JNB,CHC,"5,394",$889.20,"7,333 mi",15,$0.1213
JNB,FLL,"5,351","$1,060.35","7,816 mi",15,$0.1357
JNB,YYC,"5,330",$706.23,"10,109 mi",15,$0.0699
JNB,PKX,"5,319",$402.77,"7,034 mi",15,$0.0573
JNB,STR,"5,240",$720.45,"5,461 mi",14,$0.1319
JNB,DMM,"5,133",$430.72,"3,791 mi",14,$0.1136
JNB,BHD,"5,052",$630.25,"5,758 mi",14,$0.1095
JNB,WLG,"4,923",$836.83,"7,088 mi",13,$0.1181
JNB,AMM,"4,910",$365.51,"4,151 mi",13,$0.0881
JNB,OOL,"4,762","$1,011.91","6,998 mi",13,$0.1446
JNB,TLS,"4,737",$472.50,"5,266 mi",13,$0.0897
JNB,MEX,"4,696","$1,218.12","9,343 mi",13,$0.1304
JNB,GOT,"4,667",$556.61,"5,688 mi",13,$0.0979
JNB,AUS,"4,648","$1,608.78","9,436 mi",13,$0.1705
JNB,PMI,"4,505",$907.42,"4,972 mi",12,$0.1825
JNB,NBJ,"4,390",$311.99,"1,480 mi",12,$0.2108
JNB,BJM,"4,375",$254.76,"1,531 mi",12,$0.1664
JNB,TUN,"4,338",$509.90,"4,642 mi",12,$0.1098
JNB,MCT,"4,300",$426.35,"3,860 mi",12,$0.1105
JNB,MEM,"4,245","$1,026.27","8,505 mi",12,$0.1207
JNB,MLA,"4,194",$564.10,"4,508 mi",11,$0.1251
JNB,HAJ,"4,167",$840.84,"5,379 mi",11,$0.1563
JNB,EZE,"4,051",$798.30,"4,890 mi",11,$0.1633
JNB,SAN,"4,044","$1,267.67","10,007 mi",11,$0.1267
JNB,AVV,"4,012",$730.71,"6,189 mi",11,$0.1181
JNB,BNA,"4,003","$1,173.22","8,338 mi",11,$0.1407
JNB,RAK,"3,983",$554.25,"4,792 mi",11,$0.1157
JNB,OTP,"3,970",$591.19,"4,740 mi",11,$0.1247
JNB,COK,"3,883",$419.59,"3,968 mi",11,$0.1057
JNB,INH,"3,882",$97.11,461 mi,11,$0.2107
JNB,NAP,"3,862",$736.49,"4,575 mi",11,$0.1610
JNB,BLL,"3,860",$512.95,"5,941 mi",11,$0.0863
JNB,CMB,"3,821",$590.00,"4,281 mi",10,$0.1378
JNB,NOS,"3,809",$218.80,"1,621 mi",10,$0.1350
JNB,PHL,"3,802","$1,040.60","7,794 mi",10,$0.1335
JNB,STL,"3,782","$1,060.93","9,085 mi",10,$0.1168
JNB,FLR,"3,700",$855.94,"5,101 mi",10,$0.1678
JNB,SKT,"3,601",$599.87,"5,215 mi",10,$0.1150
JNB,LFW,"3,560",$457.13,"2,787 mi",10,$0.1640
JNB,BEY,"3,549",$518.29,"4,295 mi",10,$0.1207
JNB,OUA,"3,536",$613.82,"3,427 mi",10,$0.1791
JNB,FAO,"3,495",$686.01,"5,106 mi",10,$0.1344
JNB,DCA,"3,490","$1,460.37","8,356 mi",10,$0.1748
JNB,UMB,"3,488",$314.12,"1,006 mi",10,$0.3122
JNB,AYT,"3,478",$337.19,"4,227 mi",10,$0.0798
JNB,ISB,"3,473",$598.29,"4,904 mi",10,$0.1220
JNB,JUB,"3,449",$316.72,"2,089 mi",9,$0.1516
JNB,PBI,"3,413","$1,517.46","7,825 mi",9,$0.1939
JNB,BEG,"3,390",$489.79,"4,780 mi",9,$0.1025
JNB,ZAG,"3,375",$585.33,"4,874 mi",9,$0.1201
JNB,XMN,"3,316",$430.15,"7,148 mi",9,$0.0602
JNB,BOD,"3,306",$515.49,"5,075 mi",9,$0.1016
JNB,VLC,"3,285",$612.63,"5,045 mi",9,$0.1214
JNB,NSI,"3,252",$455.51,"2,276 mi",9,$0.2001
JNB,CGO,"3,206",$561.16,"6,776 mi",9,$0.0828
JNB,KWI,"3,166",$468.75,"4,163 mi",9,$0.1126
JNB,BOG,"3,097","$1,197.96","7,343 mi",8,$0.1631
JNB,AMD,"3,083",$439.98,"4,378 mi",8,$0.1005
JNB,JER,"3,053","$1,075.07","5,699 mi",8,$0.1886
JNB,YEG,"3,040",$584.74,"9,436 mi",8,$0.0620
JNB,PDX,"3,024","$1,087.29","10,032 mi",8,$0.1084
JNB,NKG,"3,001",$592.31,"6,962 mi",8,$0.0851
JNB,LUX,"2,954","$1,191.30","5,245 mi",8,$0.2271
JNB,LED,"2,939",$419.32,"5,761 mi",8,$0.0728
JNB,MGQ,"2,926",$334.41,"2,322 mi",8,$0.1440
JNB,NTE,"2,906",$560.39,"5,233 mi",8,$0.1071
JNB,ABZ,"2,857","$1,010.37","6,206 mi",8,$0.1628
JNB,XIY,"2,856",$561.19,"6,925 mi",8,$0.0810
JNB,KRK,"2,793",$891.48,"5,450 mi",8,$0.1636
JNB,TAO,"2,787",$588.12,"7,581 mi",8,$0.0776
JNB,MSY,"2,776",$918.92,"8,460 mi",8,$0.1086
JNB,IND,"2,730","$1,066.17","8,353 mi",7,$0.1276
JNB,IKA,"2,703",$501.97,"4,373 mi",7,$0.1148
JNB,MCI,"2,663","$1,112.10","8,784 mi",7,$0.1266
JNB,TFU,"2,624",$412.76,"6,176 mi",7,$0.0668
JNB,BSL,"2,587",$808.71,"5,097 mi",7,$0.1587
JNB,CCU,"2,538",$633.52,"5,092 mi",7,$0.1244
JNB,SOF,"2,529",$528.08,"4,909 mi",7,$0.1076
JNB,TBS,"2,528",$308.50,"4,661 mi",7,$0.0662
JNB,JAX,"2,525","$1,228.59","7,986 mi",7,$0.1538
JNB,NUE,"2,525",$564.49,"5,172 mi",7,$0.1091
JNB,SZG,"2,520","$1,105.68","5,351 mi",7,$0.2066
JNB,SSH,"2,510",$263.11,"3,874 mi",7,$0.0679
JNB,BAH,"2,507",$603.59,"4,033 mi",7,$0.1497
JNB,ZQN,"2,479",$699.07,"7,135 mi",7,$0.0980
JNB,SKG,"2,471","$1,640.28","4,757 mi",7,$0.3448
JNB,CKG,"2,463",$295.11,"6,268 mi",7,$0.0471
JNB,CLE,"2,449","$1,238.50","8,144 mi",7,$0.1521
JNB,BSB,"2,362",$911.98,"4,753 mi",6,$0.1919
JNB,HAV,"2,309","$1,303.24","7,882 mi",6,$0.1653
JNB,FSD,"2,257",$822.63,"8,885 mi",6,$0.0926
JNB,CVG,"2,245","$1,022.72","8,775 mi",6,$0.1165
JNB,BRE,"2,240",$571.49,"5,427 mi",6,$0.1053
JNB,WUH,"2,236",$738.21,"7,106 mi",6,$0.1039
JNB,RSW,"2,216","$1,684.91","7,917 mi",6,$0.2128
JNB,MVD,"2,173",$846.03,"4,760 mi",6,$0.1777
JNB,SHA,"2,170",$752.04,"7,518 mi",6,$0.1000
JNB,SVQ,"2,148","$1,181.70","4,770 mi",6,$0.2477
JNB,OMA,"2,140","$1,011.89","9,395 mi",6,$0.1077
JNB,CMH,"2,132",$871.48,"8,182 mi",6,$0.1065
JNB,MFU,"2,093",$345.33,949 mi,6,$0.3639
JNB,DBV,"2,083",$709.36,"4,645 mi",6,$0.1527
JNB,PTY,"2,075","$1,207.97","7,810 mi",6,$0.1547
JNB,DRW,"2,066","$1,052.19","6,801 mi",6,$0.1547
JNB,QYG,"2,051",$508.73,"5,443 mi",6,$0.0935
JNB,PNZ,"2,032",$985.05,"4,764 mi",6,$0.2068
JNB,ESB,"2,021",$420.42,"4,727 mi",6,$0.0889
JNB,LJU,"2,018",$807.95,"5,226 mi",6,$0.1546
JNB,PIT,"2,005","$1,101.53","8,053 mi",5,$0.1368
JNB,BWI,"1,996","$1,000.96","7,856 mi",5,$0.1274
JNB,SJU,"1,986","$1,037.01","6,814 mi",5,$0.1522
JNB,FAR,"1,947",$786.45,"9,420 mi",5,$0.0835
JNB,YOW,"1,941","$1,001.78","7,889 mi",5,$0.1270
JNB,SPU,"1,935",$615.09,"5,019 mi",5,$0.1226
JNB,KEF,"1,925",$532.89,"6,599 mi",5,$0.0808
JNB,IBZ,"1,918",$978.49,"4,960 mi",5,$0.1973
JNB,PNR,"1,913",$496.15,"1,882 mi",5,$0.2636
JNB,CUN,"1,912",$873.37,"8,606 mi",5,$0.1015
JNB,CNF,"1,909","$1,151.61","4,425 mi",5,$0.2603
JNB,SAT,"1,896","$1,268.12","9,477 mi",5,$0.1338
JNB,NDJ,"1,894",$600.91,"2,873 mi",5,$0.2092
JNB,BGI,"1,887","$1,264.03","6,282 mi",5,$0.2012
JNB,VNO,"1,887",$512.64,"5,416 mi",5,$0.0947
JNB,MCY,"1,882","$1,013.34","7,483 mi",5,$0.1354
JNB,CTU,"1,877",$431.60,"6,160 mi",5,$0.0701
JNB,BIO,"1,834",$846.72,"5,345 mi",5,$0.1584
JNB,ASM,"1,798",$616.61,"3,040 mi",5,$0.2028
JNB,WNZ,"1,776",$676.14,"6,971 mi",5,$0.0970
JNB,CWB,"1,769",$822.64,"4,876 mi",5,$0.1687
JNB,HLE,"1,724",$483.14,"2,357 mi",5,$0.2050
JNB,HER,"1,708",$880.28,"4,380 mi",5,$0.2010
JNB,TRN,"1,670",$666.34,"5,250 mi",5,$0.1269
JNB,ALC,"1,664",$620.04,"4,681 mi",5,$0.1325
JNB,CBR,"1,657","$1,207.73","6,502 mi",5,$0.1857
JNB,NTG,"1,637",$582.90,"7,520 mi",4,$0.0775
JNB,LIT,"1,621","$1,057.12","8,624 mi",4,$0.1226
JNB,PMO,"1,602",$546.19,"4,688 mi",4,$0.1165
JNB,ORK,"1,595",$698.77,"5,654 mi",4,$0.1236
JNB,YWG,"1,569",$704.18,"8,865 mi",4,$0.0794
JNB,CTA,"1,559",$887.32,"4,611 mi",4,$0.1924
JNB,JAN,"1,558","$2,171.38","9,005 mi",4,$0.2411
JNB,BIS,"1,555",$959.66,"9,611 mi",4,$0.0999
JNB,HNL,"1,540",$950.03,"11,566 mi",4,$0.0821
JNB,STN,"1,536",$497.90,"5,822 mi",4,$0.0855
JNB,CGN,"1,530",$951.80,"5,310 mi",4,$0.1792
JNB,NKC,"1,504",$945.64,"4,387 mi",4,$0.2156
JNB,TLL,"1,490",$711.35,"5,737 mi",4,$0.1240
JNB,BSR,"1,483",$650.81,"4,245 mi",4,$0.1533
JNB,HRG,"1,478",$514.79,"3,591 mi",4,$0.1434
JNB,CHS,"1,472","$1,122.17","7,936 mi",4,$0.1414
JNB,TUS,"1,470","$1,650.72","9,654 mi",4,$0.1710
JNB,OKC,"1,454","$1,215.54","8,922 mi",4,$0.1362
JNB,CNS,"1,450","$1,143.12","7,076 mi",4,$0.1615
JNB,XNA,"1,439","$2,173.16","8,748 mi",4,$0.2484
JNB,TFS,"1,436",$858.95,"4,925 mi",4,$0.1744
JNB,LST,"1,425",$978.04,"6,160 mi",4,$0.1588
JNB,BOI,"1,424","$1,384.88","10,418 mi",4,$0.1329
JNB,GRR,"1,415","$1,309.86","8,853 mi",4,$0.1480
JNB,ADB,"1,404",$572.81,"4,318 mi",4,$0.1327
JNB,POA,"1,385",$828.32,"4,889 mi",4,$0.1694
JNB,BZN,"1,384","$1,517.46","10,126 mi",4,$0.1499
JNB,NGO,"1,380","$1,565.41","7,981 mi",4,$0.1961
JNB,DSM,"1,375","$1,679.61","8,735 mi",4,$0.1923
JNB,JMK,"1,323",$511.60,"4,528 mi",4,$0.1130
JNB,SDF,"1,316","$1,408.02","8,310 mi",4,$0.1694
JNB,BGO,"1,306",$706.01,"5,929 mi",4,$0.1191
JNB,MPL,"1,301",$708.03,"5,209 mi",4,$0.1359
JNB,YHZ,"1,296","$1,147.41","7,778 mi",4,$0.1475
JNB,ABQ,"1,288","$1,986.50","9,997 mi",4,$0.1987
JNB,SJO,"1,288","$1,328.98","7,671 mi",4,$0.1732
JNB,UBN,"1,282","$1,226.28","6,827 mi",4,$0.1796
JNB,GRZ,"1,262","$1,307.72","4,963 mi",3,$0.2635
JNB,SMF,"1,252","$1,213.39","10,172 mi",3,$0.1193
JNB,TUL,"1,243","$1,133.74","9,380 mi",3,$0.1209
JNB,KIS,"1,232",$454.05,"1,907 mi",3,$0.2381
JNB,ALA,"1,229",$811.01,"5,541 mi",3,$0.1464
JNB,GIZ,"1,202",$474.97,"3,220 mi",3,$0.1475
JNB,FRW,"1,194",$99.84,357 mi,3,$0.2797
JNB,INV,"1,187",$627.70,"6,259 mi",3,$0.1003
JNB,RIX,"1,187",$445.71,"5,916 mi",3,$0.0753
JNB,CFU,"1,186",$500.35,"4,711 mi",3,$0.1062
JNB,EDL,"1,179",$409.73,"1,835 mi",3,$0.2233
JNB,CUR,"1,176","$1,017.05","7,239 mi",3,$0.1405
JNB,SHJ,"1,166",$177.80,"4,114 mi",3,$0.0432
JNB,SAV,"1,156","$1,475.88","7,987 mi",3,$0.1848
JNB,USM,"1,156",$596.26,"5,246 mi",3,$0.1137
JNB,POM,"1,145","$1,578.16","7,432 mi",3,$0.2123
JNB,RBA,"1,137","$1,617.51","4,891 mi",3,$0.3307
JNB,BRS,"1,134",$700.83,"5,507 mi",3,$0.1273
JNB,LEJ,"1,133",$885.40,"5,610 mi",3,$0.1578
JNB,RIC,"1,131","$1,396.81","7,864 mi",3,$0.1776
JNB,LPA,"1,127",$684.29,"4,870 mi",3,$0.1405
JNB,NAS,"1,120","$1,181.01","7,640 mi",3,$0.1546
JNB,BRI,"1,114",$441.42,"4,847 mi",3,$0.0911
JNB,DRS,"1,111",$914.42,"5,249 mi",3,$0.1742
JNB,BHM,"1,110","$1,350.39","8,827 mi",3,$0.1530
JNB,BJV,"1,103",$609.01,"4,511 mi",3,$0.1350
JNB,GFK,"1,090","$1,820.33","8,880 mi",3,$0.2050
JNB,SSG,"1,071",$675.29,"2,517 mi",3,$0.2683
JNB,XNB,"1,070",$272.27,"3,874 mi",3,$0.0703
JNB,ZYR,"1,069",$720.20,"5,683 mi",3,$0.1267
JNB,EBL,"1,061",$893.93,"4,297 mi",3,$0.2080
JNB,TNA,"1,059",$359.45,"7,007 mi",3,$0.0513
JNB,BUF,"1,057","$1,123.09","8,006 mi",3,$0.1403
JNB,TAS,"1,052",$544.62,"5,506 mi",3,$0.0989
JNB,KTM,"1,050",$470.75,"5,471 mi",3,$0.0860
JNB,GYD,"1,049",$884.61,"4,954 mi",3,$0.1786
JNB,WRO,"1,045",$812.60,"5,220 mi",3,$0.1557
JNB,IGU,"1,039",$653.92,"4,891 mi",3,$0.1337
JNB,JTR,"1,036",$538.95,"4,195 mi",3,$0.1285
JNB,YXE,"1,030",$844.25,"9,783 mi",3,$0.0863
JNB,HAH,"1,018",$431.32,"1,364 mi",3,$0.3162
JNB,VKO,"1,015",$704.90,"5,502 mi",3,$0.1281
JRO,ZNZ,"99,890",$127.75,236 mi,274,$0.5413
JRO,CDG,"34,563",$421.60,"4,047 mi",95,$0.1042
JRO,NBO,"29,748",$126.61,142 mi,82,$0.8916
JRO,LKY,"28,475",$34.04,84 mi,78,$0.4052
JRO,FRA,"24,210",$371.93,"4,186 mi",66,$0.0889
JRO,AMS,"19,432",$616.70,"4,159 mi",53,$0.1483
JRO,WIL,"16,837",$119.83,143 mi,46,$0.8380
JRO,LHR,"16,295",$600.84,"4,255 mi",45,$0.1412
JRO,MWZ,"16,055",$79.96,303 mi,44,$0.2639
JRO,MAD,"14,495",$417.33,"3,854 mi",40,$0.1083
JRO,ZRH,"13,509",$467.67,"3,800 mi",37,$0.1231
JRO,JFK,"11,777","$1,089.24","7,684 mi",32,$0.1418
JRO,BRU,"10,828",$366.64,"4,345 mi",30,$0.0844
JRO,ARK,"10,390",$27.60,32 mi,28,$0.8625
JRO,MXP,"9,819",$488.79,"3,924 mi",27,$0.1246
JRO,CPH,"8,416",$346.24,"4,438 mi",23,$0.0780
JRO,FCO,"8,174",$421.82,"3,597 mi",22,$0.1173
JRO,BCN,"7,625",$443.53,"3,680 mi",21,$0.1205
JRO,KGL,"7,224",$248.07,504 mi,20,$0.4922
JRO,MUC,"6,990",$365.62,"4,006 mi",19,$0.0913
JRO,DXB,"6,942",$352.40,"2,260 mi",19,$0.1559
JRO,GVA,"6,426",$526.52,"3,800 mi",18,$0.1386
JRO,DOH,"6,204",$272.01,"2,144 mi",17,$0.1269
JRO,BOM,"6,152",$179.52,"2,800 mi",17,$0.0641
JRO,VIE,"5,929",$423.89,"3,883 mi",16,$0.1092
JRO,IAD,"5,577",$906.01,"7,446 mi",15,$0.1217
JRO,BER,"5,528",$330.43,"3,971 mi",15,$0.0832
JRO,IST,"4,807",$503.52,"3,039 mi",13,$0.1657
JRO,LAX,"4,543","$1,456.53","9,509 mi",12,$0.1532
JRO,TLV,"4,384",$498.28,"2,379 mi",12,$0.2094
JRO,ORD,"4,337",$946.50,"7,890 mi",12,$0.1200
JRO,BOS,"4,306","$1,050.23","7,516 mi",12,$0.1397
JRO,YYZ,"4,233",$689.44,"7,931 mi",12,$0.0869
JRO,CAN,"4,189",$512.27,"5,607 mi",11,$0.0914
JRO,WAW,"4,126",$354.91,"3,836 mi",11,$0.0925
JRO,HKG,"4,096",$774.82,"5,635 mi",11,$0.1375
JRO,ARN,"3,931",$369.95,"4,347 mi",11,$0.0851
JRO,HAM,"3,820",$325.66,"4,368 mi",10,$0.0746
JRO,ATL,"3,786","$1,079.55","8,387 mi",10,$0.1287
JRO,MRS,"3,606",$357.29,"3,909 mi",10,$0.0914
JRO,MAN,"3,543",$457.06,"4,670 mi",10,$0.0979
JRO,LGW,"3,352",$345.46,"4,232 mi",9,$0.0816
JRO,GTZ,"3,349",$62.61,221 mi,9,$0.2833
JRO,SFO,"3,293","$1,318.15","9,448 mi",9,$0.1395
JRO,YUL,"3,251",$525.25,"7,167 mi",9,$0.0733
JRO,OSL,"3,214",$345.62,"4,752 mi",9,$0.0727
JRO,NRT,"3,155",$803.52,"6,889 mi",9,$0.1166
JRO,SEU,"2,931",$168.39,164 mi,8,$1.0268
JRO,LIS,"2,871",$530.61,"4,264 mi",8,$0.1244
JRO,PVG,"2,826","$1,017.29","5,849 mi",8,$0.1739
JRO,DUB,"2,673",$560.81,"4,795 mi",7,$0.1170
JRO,DUS,"2,593",$316.70,"4,306 mi",7,$0.0735
JRO,SVO,"2,433",$664.58,"4,227 mi",7,$0.1572
JRO,ICN,"2,277",$618.46,"6,138 mi",6,$0.1008
JRO,LYS,"2,218",$418.88,"4,039 mi",6,$0.1037
JRO,MSP,"2,170",$746.54,"8,538 mi",6,$0.0874
JRO,SEA,"2,154","$1,022.85","8,881 mi",6,$0.1152
JRO,BKK,"2,145",$490.12,"4,384 mi",6,$0.1118
JRO,NCE,"2,117",$529.87,"3,633 mi",6,$0.1458
JRO,DFW,"2,089","$2,163.29","8,580 mi",6,$0.2521
JRO,ATH,"2,082",$428.63,"3,068 mi",6,$0.1397
JRO,DEN,"2,030","$1,069.17","9,237 mi",6,$0.1157
JRO,DEL,"2,011",$381.09,"3,351 mi",6,$0.1137
JRO,LUN,"1,995",$228.35,"1,040 mi",5,$0.2196
JRO,IAH,"1,933","$1,583.07","9,096 mi",5,$0.1740
JRO,PRG,"1,933",$566.00,"3,822 mi",5,$0.1481
JRO,PKX,"1,917",$513.62,"5,630 mi",5,$0.0912
JRO,PHX,"1,833","$1,432.55","9,848 mi",5,$0.1455
JRO,MIA,"1,753","$1,555.83","8,259 mi",5,$0.1884
JRO,DME,"1,738",$584.74,"4,187 mi",5,$0.1397
JRO,SYD,"1,687","$1,314.25","7,221 mi",5,$0.1820
JRO,DTW,"1,653",$884.89,"8,148 mi",5,$0.1086
JRO,EDI,"1,555","$1,066.56","4,552 mi",4,$0.2343
JRO,HEL,"1,548",$400.05,"4,319 mi",4,$0.0926
JRO,AGP,"1,506",$411.06,"3,734 mi",4,$0.1101
JRO,EWR,"1,494",$726.66,"7,255 mi",4,$0.1002
JRO,TLS,"1,437",$676.48,"3,817 mi",4,$0.1772
JRO,PMI,"1,432",$411.30,"3,793 mi",4,$0.1084
JRO,RDU,"1,298",$857.84,"7,561 mi",4,$0.1135
JRO,VCE,"1,282",$502.59,"3,817 mi",4,$0.1317
JRO,SEZ,"1,279",$434.98,"1,236 mi",4,$0.3519
JRO,YVR,"1,268",$753.11,"9,340 mi",3,$0.0806
JRO,QYG,"1,259",$628.80,"4,329 mi",3,$0.1453
JRO,BUD,"1,231",$699.33,"3,567 mi",3,$0.1961
JRO,SIN,"1,222",$777.20,"4,772 mi",3,$0.1629
JRO,MEL,"1,204","$1,032.24","6,823 mi",3,$0.1513
JRO,BJM,"1,189",$414.34,551 mi,3,$0.7520
JRO,BLL,"1,182",$343.22,"4,252 mi",3,$0.0807
JRO,GRU,"1,090","$1,119.67","5,886 mi",3,$0.1902
JRO,CMB,"1,089",$675.14,"3,133 mi",3,$0.2155
JRO,KIS,"1,088",$186.13,290 mi,3,$0.6418
JRO,MBA,"1,049",$328.12,184 mi,3,$1.7833
JRO,CLT,"1,045","$1,520.27","8,161 mi",3,$0.1863
JRO,STR,"1,035",$431.82,"4,090 mi",3,$0.1056
JRO,PEK,"1,034",$775.10,"5,994 mi",3,$0.1293
KAN,LOS,"210,785",$43.95,534 mi,577,$0.0823
KAN,JED,"111,951",$277.57,"2,191 mi",307,$0.1267
KAN,MED,"24,460",$243.33,"2,279 mi",67,$0.1068
KAN,SKO,"19,865",$51.80,225 mi,54,$0.2302
KAN,BEY,"8,222",$326.56,"2,336 mi",23,$0.1398
KAN,DXB,"7,869",$258.00,"3,086 mi",22,$0.0836
KAN,CAN,"7,825",$364.43,"7,002 mi",21,$0.0520
KAN,RUH,"6,293",$185.61,"2,565 mi",17,$0.0724
KAN,LHR,"4,424",$537.78,"2,687 mi",12,$0.2001
KAN,DEL,"4,421",$247.51,"4,395 mi",12,$0.0563
KAN,BOM,"3,435",$264.58,"4,159 mi",9,$0.0636
KAN,IST,"3,029",$267.19,"2,431 mi",8,$0.1099
KAN,DOH,"3,017",$223.22,"3,038 mi",8,$0.0735
KAN,CDG,"2,619",$402.47,"2,500 mi",7,$0.1610
KAN,MCT,"2,312",$181.86,"3,452 mi",6,$0.0527
KAN,HGH,"2,200",$281.21,"6,845 mi",6,$0.0411
KAN,PVG,"2,133",$466.65,"6,895 mi",6,$0.0677
KAN,PHC,"2,129",$63.78,483 mi,6,$0.1320
KAN,BGW,"2,019",$353.92,"2,605 mi",6,$0.1359
KAN,PKX,"1,725",$481.32,"6,412 mi",5,$0.0751
KAN,MIU,"1,571",$62.81,299 mi,4,$0.2101
KAN,PEK,"1,558",$609.99,"6,803 mi",4,$0.0897
KAN,ABB,"1,295",$80.35,410 mi,4,$0.1960
KAN,NBO,"1,281",$373.23,"2,222 mi",4,$0.1680
KAN,DMM,"1,156",$253.08,"2,941 mi",3,$0.0861
KAN,QOW,"1,011",$141.08,480 mi,3,$0.2939
KGL,NBO,"115,709",$221.98,457 mi,317,$0.4857
KGL,DXB,"35,867",$262.06,"2,603 mi",98,$0.1007
KGL,BRU,"34,153",$288.32,"3,834 mi",94,$0.0752
KGL,LOS,"27,597",$233.11,"2,000 mi",76,$0.1166
KGL,LHR,"25,067",$507.58,"3,982 mi",69,$0.1275
KGL,BJM,"24,984",$182.07,106 mi,68,$1.7176
KGL,KME,"22,566",$34.37,95 mi,62,$0.3618
KGL,CDG,"18,700",$400.22,"3,772 mi",51,$0.1061
KGL,CAN,"12,486",$283.55,"6,014 mi",34,$0.0471
KGL,DOH,"12,255",$237.82,"2,297 mi",34,$0.1035
KGL,YUL,"10,317",$402.37,"7,195 mi",28,$0.0559
KGL,LUN,"9,783",$252.22,958 mi,27,$0.2633
KGL,AMS,"8,231",$521.58,"3,910 mi",23,$0.1334
KGL,JUB,"7,812",$143.44,497 mi,21,$0.2886
KGL,IAD,"7,599",$818.88,"7,028 mi",21,$0.1165
KGL,MWZ,"7,345",$96.17,202 mi,20,$0.4761
KGL,GVA,"7,176",$559.25,"3,529 mi",20,$0.1585
KGL,SEU,"6,903",$61.71,335 mi,19,$0.1842
KGL,BOM,"6,390",$222.75,"3,341 mi",18,$0.0667
KGL,IST,"6,143",$379.93,"2,899 mi",17,$0.1311
KGL,JFK,"5,880",$929.38,"6,824 mi",16,$0.1362
KGL,FRA,"5,492",$426.74,"3,700 mi",15,$0.1153
KGL,MBA,"5,429",$152.67,688 mi,15,$0.2219
KGL,BGF,"5,369",$334.41,888 mi,15,$0.3766
KGL,YYZ,"5,185",$572.82,"7,074 mi",14,$0.0810
KGL,ORD,"4,873",$607.63,"7,496 mi",13,$0.0811
KGL,DEL,"4,828",$340.23,"3,643 mi",13,$0.0934
KGL,ICN,"4,757",$576.52,"6,846 mi",13,$0.0842
KGL,BOS,"4,389",$681.90,"6,672 mi",12,$0.1022
KGL,MPM,"3,886",$439.82,"1,613 mi",11,$0.2727
KGL,ARN,"3,679",$345.50,"4,438 mi",10,$0.0779
KGL,PHX,"3,580",$539.02,"9,440 mi",10,$0.0571
KGL,DFW,"3,343",$530.18,"8,158 mi",9,$0.0650
KGL,MCT,"3,217",$125.33,"2,666 mi",9,$0.0470
KGL,BER,"3,102",$445.94,"3,993 mi",8,$0.1117
KGL,ZRH,"3,102",$341.91,"3,546 mi",8,$0.0964
KGL,YOW,"3,035",$484.67,"7,291 mi",8,$0.0665
KGL,LBV,"3,003",$384.65,"1,485 mi",8,$0.2590
KGL,ATL,"2,962",$591.01,"7,928 mi",8,$0.0745
KGL,FCO,"2,932",$448.31,"3,322 mi",8,$0.1350
KGL,ZNZ,"2,899",$281.95,713 mi,8,$0.3954
KGL,LAX,"2,874","$1,481.35","9,720 mi",8,$0.1524
KGL,WAW,"2,613",$404.54,"3,665 mi",7,$0.1104
KGL,MUC,"2,530",$406.45,"3,757 mi",7,$0.1082
KGL,MAD,"2,502",$643.39,"3,512 mi",7,$0.1832
KGL,SFO,"2,498","$1,188.64","9,136 mi",7,$0.1301
KGL,MXP,"2,458",$357.65,"3,434 mi",7,$0.1041
KGL,VIE,"2,382",$413.43,"3,448 mi",7,$0.1199
KGL,NRT,"2,369",$919.49,"7,204 mi",6,$0.1276
KGL,CPH,"2,321",$346.84,"3,977 mi",6,$0.0872
KGL,PVG,"2,158",$663.86,"6,195 mi",6,$0.1072
KGL,MAN,"2,136",$301.22,"4,126 mi",6,$0.0730
KGL,HGH,"2,109",$363.89,"6,115 mi",6,$0.0595
KGL,EWR,"2,096",$936.08,"6,842 mi",6,$0.1368
KGL,HEL,"2,050",$451.81,"4,441 mi",6,$0.1017
KGL,NDJ,"1,956",$592.67,"1,466 mi",5,$0.4043
KGL,CKY,"1,933",$668.03,"3,207 mi",5,$0.2083
KGL,LLW,"1,912",$397.76,828 mi,5,$0.4804
KGL,ROB,"1,904",$463.32,"2,937 mi",5,$0.1578
KGL,MRU,"1,891",$556.62,"2,185 mi",5,$0.2547
KGL,DEN,"1,882",$789.51,"8,326 mi",5,$0.0948
KGL,LYS,"1,845",$442.99,"3,743 mi",5,$0.1184
KGL,OUA,"1,835",$758.95,"2,459 mi",5,$0.3086
KGL,YEG,"1,808",$462.21,"8,582 mi",5,$0.0539
KGL,TNR,"1,794",$359.40,"1,702 mi",5,$0.2112
KGL,NSI,"1,771",$402.98,"1,382 mi",5,$0.2916
KGL,RUH,"1,739",$347.01,"2,101 mi",5,$0.1652
KGL,PEK,"1,694",$859.32,"5,934 mi",5,$0.1448
KGL,TLV,"1,633",$710.00,"2,297 mi",4,$0.3091
KGL,OSL,"1,608",$409.70,"4,548 mi",4,$0.0901
KGL,IAH,"1,591",$712.23,"8,632 mi",4,$0.0825
KGL,DME,"1,552",$535.93,"4,109 mi",4,$0.1304
KGL,TUN,"1,534",$406.38,"3,060 mi",4,$0.1328
KGL,WDH,"1,531",$362.41,"1,603 mi",4,$0.2261
KGL,ATH,"1,526",$391.71,"2,869 mi",4,$0.1365
KGL,SEA,"1,508","$1,038.88","8,621 mi",4,$0.1205
KGL,PKX,"1,412",$867.98,"5,923 mi",4,$0.1465
KGL,TFU,"1,365",$387.08,"5,517 mi",4,$0.0702
KGL,YYC,"1,360",$489.85,"8,200 mi",4,$0.0597
KGL,YVR,"1,354",$644.20,"9,077 mi",4,$0.0710
KGL,JED,"1,345",$229.26,"1,796 mi",4,$0.1277
KGL,SDF,"1,342",$470.91,"7,924 mi",4,$0.0594
KGL,BCN,"1,331",$734.40,"3,365 mi",4,$0.2182
KGL,LFW,"1,331",$561.87,"2,132 mi",4,$0.2635
KGL,LIS,"1,305",$476.31,"3,648 mi",4,$0.1306
KGL,BEY,"1,239",$223.25,"2,422 mi",3,$0.0922
KGL,DUB,"1,217",$561.46,"4,232 mi",3,$0.1327
KGL,BNA,"1,115",$862.43,"8,013 mi",3,$0.1076
KGL,LAD,"1,114",$833.46,"1,294 mi",3,$0.6441
KGL,PZU,"1,114",$319.93,"1,508 mi",3,$0.2122
KGL,BKK,"1,113",$488.94,"5,102 mi",3,$0.0958
KGL,DTW,"1,085","$1,487.12","7,725 mi",3,$0.1925
KGL,AMM,"1,058",$433.57,"2,430 mi",3,$0.1784
KGL,GRR,"1,034",$353.24,"7,366 mi",3,$0.0480
KMS,TML,"12,724",$184.63,209 mi,35,$0.8834
KMS,TKD,"5,406",$100.38,130 mi,15,$0.7722
KMS,LOS,"3,316",$237.01,327 mi,9,$0.7248
KMS,WZA,"3,046",$56.27,234 mi,8,$0.2405
LAD,LIS,"266,196",$606.73,"3,483 mi",729,$0.1742
LAD,OPO,"66,200",$487.04,"3,842 mi",181,$0.1268
LAD,DXB,"41,190","$1,160.92","3,796 mi",113,$0.3058
LAD,GRU,"36,648",$744.01,"4,182 mi",100,$0.1779
LAD,CBT,"23,527",$85.79,243 mi,64,$0.3530
LAD,WDH,"21,833",$221.81,"1,011 mi",60,$0.2194
LAD,MPM,"17,813",$369.47,"1,784 mi",49,$0.2071
LAD,SDD,"16,027",$64.63,433 mi,44,$0.1493
LAD,LOS,"15,664",$611.12,"1,304 mi",43,$0.4687
LAD,CDG,"15,212",$898.58,"4,172 mi",42,$0.2154
LAD,LHR,"13,965",$947.12,"4,121 mi",38,$0.2298
LAD,CAB,"12,866",$37.71,229 mi,35,$0.1647
LAD,MNL,"12,769",$873.12,"7,326 mi",35,$0.1192
LAD,BEY,"12,255",$549.91,"3,389 mi",34,$0.1623
LAD,BOM,"10,512",$691.93,"4,630 mi",29,$0.1494
LAD,PVG,"9,816",$913.15,"7,858 mi",27,$0.1162
LAD,IAH,"8,692","$2,752.71","7,861 mi",24,$0.3502
LAD,BRU,"8,571",$596.15,"4,287 mi",23,$0.1391
LAD,CAN,"8,210",$731.87,"7,308 mi",22,$0.1001
LAD,PNR,"7,828",$119.50,303 mi,21,$0.3944
LAD,MAD,"7,309",$647.52,"3,467 mi",20,$0.1868
LAD,DME,"7,239","$1,217.43","4,802 mi",20,$0.2535
LAD,IST,"7,127",$557.99,"3,493 mi",20,$0.1597
LAD,DEL,"6,374",$680.92,"4,828 mi",17,$0.1410
LAD,ABZ,"6,366","$1,139.28","4,508 mi",17,$0.2527
LAD,TMS,"6,287",$329.82,803 mi,17,$0.4107
LAD,ORY,"6,170",$581.15,"4,154 mi",17,$0.1399
LAD,AMM,"6,157",$398.83,"3,087 mi",17,$0.1292
LAD,NOV,"5,735",$19.94,332 mi,16,$0.0601
LAD,MSZ,"5,427",$48.02,461 mi,15,$0.1042
LAD,AMS,"5,381",$812.75,"4,384 mi",15,$0.1854
LAD,KUL,"5,229","$1,121.02","5,960 mi",14,$0.1881
LAD,VPE,"5,012",$55.38,607 mi,14,$0.0912
LAD,FRA,"4,962",$818.79,"4,201 mi",14,$0.1949
LAD,OTP,"4,949",$864.79,"3,891 mi",14,$0.2223
LAD,EDI,"4,844","$1,030.06","4,441 mi",13,$0.2319
LAD,HGH,"4,842",$637.27,"7,323 mi",13,$0.0870
LAD,NBO,"4,682",$824.79,"1,660 mi",13,$0.4969
LAD,NKC,"4,626",$434.24,"2,808 mi",13,$0.1546
LAD,CKY,"4,567",$909.69,"2,310 mi",13,$0.3938
LAD,PEK,"4,499","$1,666.07","7,097 mi",12,$0.2348
LAD,XMN,"4,471",$488.18,"7,182 mi",12,$0.0680
LAD,GIG,"4,385","$1,344.46","3,736 mi",12,$0.3599
LAD,FCO,"4,249",$724.20,"3,396 mi",12,$0.2133
LAD,GVA,"4,051",$886.49,"3,717 mi",11,$0.2385
LAD,TUN,"4,018",$695.01,"3,259 mi",11,$0.2133
LAD,MAN,"4,014",$728.97,"4,262 mi",11,$0.1710
LAD,SIN,"3,870","$1,493.61","6,095 mi",11,$0.2451
LAD,COK,"3,826","$1,056.49","4,402 mi",10,$0.2400
LAD,HAN,"3,647","$1,127.83","6,405 mi",10,$0.1761
LAD,GDN,"3,623","$1,108.46","4,249 mi",10,$0.2609
LAD,MXP,"3,432",$913.34,"3,888 mi",9,$0.2349
LAD,PKX,"3,425",$574.23,"7,089 mi",9,$0.0810
LAD,NCL,"3,385","$1,029.31","4,633 mi",9,$0.2222
LAD,DOH,"3,152",$556.54,"3,391 mi",9,$0.1641
LAD,MAA,"3,151",$986.34,"4,690 mi",9,$0.2103
LAD,IAD,"3,089","$1,510.77","6,440 mi",8,$0.2346
LAD,BER,"3,062",$874.25,"4,103 mi",8,$0.2131
LAD,CGK,"3,015","$1,395.61","6,193 mi",8,$0.2254
LAD,WAW,"3,000",$629.45,"4,114 mi",8,$0.1530
LAD,BCN,"2,900",$713.87,"3,643 mi",8,$0.1960
LAD,LUN,"2,784",$542.23,"1,155 mi",8,$0.4695
LAD,MRS,"2,682","$1,130.00","3,539 mi",7,$0.3193
LAD,JFK,"2,481",$982.73,"6,654 mi",7,$0.1477
LAD,RAI,"2,410",$585.04,"2,914 mi",7,$0.2008
LAD,TRV,"2,285",$746.65,"4,680 mi",6,$0.1595
LAD,BKK,"2,279","$1,152.51","6,012 mi",6,$0.1917
LAD,GLA,"2,169","$1,166.85","4,448 mi",6,$0.2623
LAD,ZRH,"2,102",$600.90,"3,785 mi",6,$0.1588
LAD,LBV,"2,039",$483.31,674 mi,6,$0.7171
LAD,TLV,"2,037",$778.88,"3,069 mi",6,$0.2538
LAD,OSL,"1,959",$800.20,"4,629 mi",5,$0.1729
LAD,WVB,"1,903",$482.87,951 mi,5,$0.5077
LAD,LYS,"1,876",$567.49,"3,691 mi",5,$0.1537
LAD,GRJ,"1,860",$426.15,"1,777 mi",5,$0.2398
LAD,AMD,"1,828","$1,675.96","4,442 mi",5,$0.3773
LAD,YYZ,"1,820",$575.89,"6,985 mi",5,$0.0824
LAD,BLR,"1,804",$929.28,"4,538 mi",5,$0.2048
LAD,REC,"1,735",$618.13,"3,388 mi",5,$0.1824
LAD,LGW,"1,718",$589.11,"4,096 mi",5,$0.1438
LAD,PLZ,"1,702",$525.22,"1,963 mi",5,$0.2676
LAD,VHC,"1,700",$130.75,479 mi,5,$0.2730
LAD,NCE,"1,687","$1,360.88","3,757 mi",5,$0.3622
LAD,ZAG,"1,679",$996.45,"3,664 mi",5,$0.2720
LAD,VIE,"1,656","$1,155.06","4,059 mi",5,$0.2846
LAD,TLS,"1,628","$1,117.95","3,591 mi",4,$0.3113
LAD,LIN,"1,598","$1,469.56","3,647 mi",4,$0.4030
LAD,HAV,"1,487",$828.35,"7,016 mi",4,$0.1181
LAD,TFU,"1,472","$1,397.54","6,796 mi",4,$0.2056
LAD,SSA,"1,438",$856.16,"3,399 mi",4,$0.2519
LAD,LED,"1,416","$1,012.22","4,691 mi",4,$0.2158
LAD,ASM,"1,412",$504.60,"2,351 mi",4,$0.2146
LAD,HYD,"1,386",$782.77,"4,658 mi",4,$0.1680
LAD,GYD,"1,372",$697.50,"4,261 mi",4,$0.1637
LAD,MUC,"1,350",$774.29,"4,073 mi",4,$0.1901
LAD,PER,"1,345","$3,013.75","6,827 mi",4,$0.4414
LAD,FNC,"1,337",$498.74,"3,380 mi",4,$0.1476
LAD,BEG,"1,327",$816.31,"3,847 mi",4,$0.2122
LAD,AGP,"1,303","$1,700.05","3,450 mi",4,$0.4928
LAD,SPP,"1,248",$10.30,518 mi,3,$0.0199
LAD,YUL,"1,232",$748.65,"6,313 mi",3,$0.1186
LAD,EWR,"1,226",$896.76,"6,287 mi",3,$0.1426
LAD,HKG,"1,216","$1,155.68","7,342 mi",3,$0.1574
LAD,LCA,"1,214","$1,239.78","3,401 mi",3,$0.3645
LAD,BLQ,"1,209",$734.83,"3,802 mi",3,$0.1933
LAD,KRK,"1,167","$1,134.64","4,214 mi",3,$0.2693
LAD,SVP,"1,157",$46.50,341 mi,3,$0.1364
LAD,CPH,"1,151","$1,408.62","4,589 mi",3,$0.3070
LAD,MIA,"1,132","$1,942.08","6,500 mi",3,$0.2988
LAD,BOS,"1,118","$1,405.10","6,149 mi",3,$0.2285
LAD,MRU,"1,112","$1,056.69","2,974 mi",3,$0.3553
LAD,BHX,"1,069","$1,745.38","4,198 mi",3,$0.4158
LAD,SZA,"1,060",$82.40,191 mi,3,$0.4314
LAD,SZX,"1,054",$934.65,"6,909 mi",3,$0.1353
LAD,VAR,"1,052","$1,710.48","3,825 mi",3,$0.4472
LAD,VCE,"1,052",$718.00,"3,869 mi",3,$0.1856
LAD,HND,"1,018","$2,193.43","8,353 mi",3,$0.2626
LAD,LFW,"1,003",$855.67,"1,286 mi",3,$0.6654
LAD,FAO,"1,000",$460.08,"3,558 mi",3,$0.1293
LBV,POG,"177,284",$317.87,90 mi,486,$3.5319
LBV,MVB,"60,582",$239.09,305 mi,166,$0.7839
LBV,CDG,"55,359",$808.29,"3,480 mi",152,$0.2323
LBV,PNR,"28,253",$201.32,414 mi,77,$0.4863
LBV,NSI,"27,315",$274.72,262 mi,75,$1.0485
LBV,OYE,"26,244",$77.01,163 mi,72,$0.4725
LBV,BGF,"21,720",$628.80,664 mi,60,$0.9470
LBV,SSG,"18,755",$180.04,226 mi,51,$0.7966
LBV,DXB,"18,675",$646.27,"3,614 mi",51,$0.1788
LBV,BEY,"18,200",$514.51,"2,771 mi",50,$0.1857
LBV,TMS,"17,663",$90.65,181 mi,48,$0.5008
LBV,LFW,"15,256",$230.57,666 mi,42,$0.3462
LBV,PHC,"12,650",$222.12,369 mi,35,$0.6020
LBV,IST,"10,716",$461.70,"3,160 mi",29,$0.1461
LBV,LOS,"9,908",$148.54,578 mi,27,$0.2570
LBV,CAN,"9,571",$718.28,"7,297 mi",26,$0.0984
LBV,BSG,"8,525",$211.72,107 mi,23,$1.9787
LBV,TUN,"6,691",$427.03,"2,590 mi",18,$0.1649
LBV,MRS,"5,747",$799.78,"2,892 mi",16,$0.2765
LBV,PEK,"4,560",$923.08,"6,886 mi",12,$0.1341
LBV,PVG,"4,097",$787.66,"7,740 mi",11,$0.1018
LBV,TLS,"3,724",$947.05,"2,933 mi",10,$0.3229
LBV,LYS,"3,675",$509.04,"3,233 mi",10,$0.1575
LBV,OUA,"3,419",$495.08,"1,145 mi",9,$0.4324
LBV,NDJ,"3,340",$728.20,921 mi,9,$0.7907
LBV,CKY,"3,183",$571.19,"1,653 mi",9,$0.3455
LBV,BOM,"3,077",$549.54,"4,347 mi",8,$0.1264
LBV,NBO,"2,919",$583.20,"1,962 mi",8,$0.2972
LBV,BOD,"2,885","$1,011.47","3,222 mi",8,$0.3139
LBV,ORY,"2,786",$289.25,"3,462 mi",8,$0.0835
LBV,IAD,"2,691","$1,143.61","5,849 mi",7,$0.1955
LBV,NCE,"2,639","$1,249.81","2,898 mi",7,$0.4313
LBV,NKC,"2,585",$595.92,"2,046 mi",7,$0.2913
LBV,PCP,"2,560",$123.12,166 mi,7,$0.7417
LBV,DEL,"2,455",$585.18,"5,003 mi",7,$0.1170
LBV,LHR,"2,344","$1,503.50","3,465 mi",6,$0.4339
LBV,YUL,"2,228",$727.16,"5,688 mi",6,$0.1278
LBV,GVA,"2,176",$922.47,"3,074 mi",6,$0.3001
LBV,NTE,"2,054",$524.65,"3,195 mi",6,$0.1642
LBV,JFK,"1,933",$714.17,"5,666 mi",5,$0.1260
LBV,MNL,"1,815",$813.23,"7,883 mi",5,$0.1032
LBV,BRU,"1,763",$323.54,"3,602 mi",5,$0.0898
LBV,MAD,"1,736",$731.49,"2,797 mi",5,$0.2615
LBV,FCO,"1,734",$667.41,"2,948 mi",5,$0.2264
LBV,AMS,"1,612","$1,189.27","3,700 mi",4,$0.3214
LBV,MPL,"1,441","$1,569.12","3,088 mi",4,$0.5081
LBV,CGK,"1,424",$959.91,"6,517 mi",4,$0.1473
LBV,IAH,"1,404","$2,345.23","6,870 mi",4,$0.3414
LBV,BCN,"1,345",$800.38,"2,773 mi",4,$0.2886
LBV,PUF,"1,342",$975.42,"2,936 mi",4,$0.3322
LBV,GAX,"1,186",$229.87,233 mi,3,$0.9866
LBV,ORD,"1,180",$652.97,"6,769 mi",3,$0.0965
LBV,HND,"1,173","$2,537.25","8,141 mi",3,$0.3117
LBV,ZYR,"1,161",$693.61,"3,392 mi",3,$0.2045
LBV,TNR,"1,117",$424.81,"2,817 mi",3,$0.1508
LBV,TFU,"1,050",$732.57,"6,307 mi",3,$0.1162
LFW,CDG,"56,584",$596.39,"2,872 mi",155,$0.2077
LFW,OUA,"19,177",$207.64,453 mi,53,$0.4584
LFW,BRU,"18,614",$220.39,"3,003 mi",51,$0.0734
LFW,IAD,"15,179",$590.52,"5,185 mi",42,$0.1139
LFW,NIM,"11,518",$215.26,524 mi,32,$0.4108
LFW,DXB,"10,540",$516.80,"3,917 mi",29,$0.1319
LFW,LOS,"10,104",$138.24,141 mi,28,$0.9804
LFW,EWR,"8,472",$342.94,"5,023 mi",23,$0.0683
LFW,FRA,"7,024",$300.45,"2,968 mi",19,$0.1012
LFW,CAN,"6,929",$525.61,"7,201 mi",19,$0.0730
LFW,CKY,"6,506",$386.75,"1,013 mi",18,$0.3818
LFW,NDJ,"5,882",$391.95,995 mi,16,$0.3939
LFW,MUC,"5,648",$579.07,"3,069 mi",15,$0.1887
LFW,BEY,"5,099",$466.29,"2,818 mi",14,$0.1655
LFW,NBO,"5,094",$489.82,"2,589 mi",14,$0.1892
LFW,YUL,"4,892",$495.64,"5,345 mi",13,$0.0927
LFW,GVA,"4,864",$384.07,"2,868 mi",13,$0.1339
LFW,JFK,"4,838",$337.24,"5,002 mi",13,$0.0674
LFW,BOM,"4,342",$438.73,"4,735 mi",12,$0.0927
LFW,MNL,"4,107",$741.58,"7,828 mi",11,$0.0947
LFW,NSI,"3,797",$273.09,707 mi,10,$0.3863
LFW,ORD,"3,608",$354.96,"6,067 mi",10,$0.0585
LFW,DEL,"3,384",$422.35,"5,002 mi",9,$0.0844
LFW,SSG,"3,383",$159.81,555 mi,9,$0.2879
LFW,IST,"3,255",$358.23,"3,046 mi",9,$0.1176
LFW,MXP,"3,112",$261.99,"2,846 mi",9,$0.0921
LFW,LYS,"3,078",$369.84,"2,661 mi",8,$0.1390
LFW,BGF,"2,991",$405.35,"1,230 mi",8,$0.3296
LFW,HAM,"2,912",$303.42,"3,217 mi",8,$0.0943
LFW,ORY,"2,840",$241.11,"2,853 mi",8,$0.0845
LFW,TUN,"2,655",$501.70,"2,260 mi",7,$0.2220
LFW,MSP,"2,622",$456.86,"5,952 mi",7,$0.0768
LFW,FCO,"2,502",$340.84,"2,476 mi",7,$0.1377
LFW,LHR,"2,231",$769.63,"3,226 mi",6,$0.2386
LFW,ROB,"2,185",$151.13,822 mi,6,$0.1839
LFW,ATL,"2,155",$483.51,"5,563 mi",6,$0.0869
LFW,OXB,"1,941",$586.12,"1,182 mi",5,$0.4959
LFW,TLS,"1,922",$347.37,"2,511 mi",5,$0.1383
LFW,MRS,"1,812",$546.32,"2,508 mi",5,$0.2178
LFW,MAD,"1,779",$380.42,"2,318 mi",5,$0.1641
LFW,JED,"1,773",$442.71,"2,665 mi",5,$0.1661
LFW,BER,"1,722",$411.45,"3,169 mi",5,$0.1298
LFW,ZRH,"1,441",$344.98,"2,973 mi",4,$0.1160
LFW,DFW,"1,390",$537.03,"6,658 mi",4,$0.0807
LFW,PEK,"1,298","$1,068.16","7,027 mi",4,$0.1520
LFW,ATH,"1,288",$644.37,"2,694 mi",4,$0.2392
LFW,IAH,"1,241",$400.86,"6,205 mi",3,$0.0646
LFW,OMA,"1,234",$464.93,"6,494 mi",3,$0.0716
LFW,YYZ,"1,217",$602.78,"5,305 mi",3,$0.1136
LFW,PNR,"1,212",$497.33,"1,087 mi",3,$0.4575
LFW,DME,"1,210",$554.08,"4,073 mi",3,$0.1360
LFW,AMS,"1,146",$494.50,"3,098 mi",3,$0.1596
LFW,BLQ,"1,133",$335.63,"2,801 mi",3,$0.1198
LFW,RAI,"1,127",$609.21,"1,730 mi",3,$0.3521
LFW,NCE,"1,115",$740.81,"2,538 mi",3,$0.2919
LFW,DUS,"1,086",$307.04,"3,228 mi",3,$0.0951
LFW,BCN,"1,069",$379.37,"2,501 mi",3,$0.1517
LFW,VCE,"1,049",$400.12,"2,714 mi",3,$0.1474
LFW,NKC,"1,045",$409.93,"1,466 mi",3,$0.2796
LFW,TLV,"1,039","$1,327.66","2,723 mi",3,$0.4876
LFW,DEN,"1,022",$492.55,"6,979 mi",3,$0.0706
LLW,BLZ,"36,825",$50.56,148 mi,101,$0.3416
LLW,NBO,"30,550",$186.17,861 mi,84,$0.2162
LLW,LUN,"15,658",$156.35,383 mi,43,$0.4082
LLW,LHR,"10,102",$615.14,"4,807 mi",28,$0.1280
LLW,DXB,"9,180",$513.82,"3,156 mi",25,$0.1628
LLW,BOM,"7,658",$275.45,"3,393 mi",21,$0.0812
LLW,MPM,"3,115",$322.31,867 mi,9,$0.3718
LLW,IAD,"3,078","$1,365.99","8,187 mi",8,$0.1668
LLW,MAN,"2,750",$533.58,"4,952 mi",8,$0.1078
LLW,LGW,"2,647",$444.15,"4,782 mi",7,$0.0929
LLW,DEL,"2,624",$546.42,"4,238 mi",7,$0.1289
LLW,FRA,"2,564",$592.14,"4,808 mi",7,$0.1232
LLW,CAN,"2,232",$691.96,"5,772 mi",6,$0.1199
LLW,AMS,"2,097",$465.42,"5,031 mi",6,$0.0925
LLW,ORD,"1,952",$682.11,"8,216 mi",5,$0.0830
LLW,JFK,"1,869",$697.61,"7,518 mi",5,$0.0928
LLW,WDH,"1,806",$210.74,"1,263 mi",5,$0.1669
LLW,DUB,"1,678",$662.58,"5,055 mi",5,$0.1311
LLW,BRU,"1,676",$676.45,"4,662 mi",5,$0.1451
LLW,KHI,"1,629",$342.52,"3,599 mi",4,$0.0952
LLW,LOS,"1,600",$389.57,"2,443 mi",4,$0.1595
LLW,ATL,"1,471",$644.03,"8,105 mi",4,$0.0795
LLW,DAC,"1,439",$523.94,"4,483 mi",4,$0.1169
LLW,TLV,"1,424",$850.22,"3,070 mi",4,$0.2769
LLW,PVG,"1,229",$913.14,"6,395 mi",3,$0.1428
LLW,JED,"1,142",$426.66,"2,551 mi",3,$0.1673
LLW,GVA,"1,123","$1,024.90","4,355 mi",3,$0.2353
LLW,CDG,"1,116",$724.20,"4,598 mi",3,$0.1575
LOS,PHC,"624,721",$48.11,280 mi,"1,712",$0.1718
LOS,LHR,"340,341",$666.90,"3,203 mi",932,$0.2082
LOS,ABB,"287,402",$54.99,224 mi,787,$0.2455
LOS,QOW,"263,158",$47.95,271 mi,721,$0.1769
LOS,BNI,"206,169",$46.72,152 mi,565,$0.3074
LOS,QUO,"201,333",$21.62,358 mi,552,$0.0604
LOS,LGW,"184,151",$275.81,"2,993 mi",505,$0.0922
LOS,CBQ,"88,059",$25.62,352 mi,241,$0.0728
LOS,ILR,"78,582",$37.95,147 mi,215,$0.2582
LOS,DXB,"75,173",$724.01,"3,773 mi",206,$0.1919
LOS,JFK,"74,210",$531.58,"5,090 mi",203,$0.1044
LOS,QRW,"74,200",$66.51,190 mi,203,$0.3501
LOS,CDG,"70,717",$479.23,"3,020 mi",194,$0.1587
LOS,YYZ,"66,383",$394.08,"5,386 mi",182,$0.0732
LOS,CAN,"63,521",$429.65,"7,503 mi",174,$0.0573
LOS,NBO,"62,663",$491.99,"2,452 mi",172,$0.2006
LOS,ATL,"62,411",$718.44,"5,663 mi",171,$0.1269
LOS,DOH,"56,480",$345.32,"3,538 mi",155,$0.0976
LOS,AMS,"54,575",$480.25,"3,256 mi",150,$0.1475
LOS,MAN,"47,434",$302.17,"3,344 mi",130,$0.0904
LOS,KAD,"45,973",$43.05,382 mi,126,$0.1127
LOS,IAD,"45,260",$572.73,"5,275 mi",124,$0.1086
LOS,IAH,"43,984",$932.55,"6,700 mi",121,$0.1392
LOS,BOM,"41,192",$364.80,"4,595 mi",113,$0.0794
LOS,DEL,"39,691",$370.83,"5,169 mi",109,$0.0717
LOS,MXP,"35,971",$229.75,"2,635 mi",99,$0.0872
LOS,JOS,"32,003",$80.10,447 mi,88,$0.1792
LOS,AKR,"30,763",$41.33,148 mi,84,$0.2793
LOS,BEY,"30,110",$500.34,"2,870 mi",82,$0.1743
LOS,ORD,"26,950",$453.47,"5,798 mi",74,$0.0782
LOS,FCO,"24,412",$229.21,"2,569 mi",67,$0.0892
LOS,IST,"23,041",$315.87,"2,775 mi",63,$0.1138
LOS,DFW,"22,419",$567.16,"6,369 mi",61,$0.0891
LOS,JED,"21,715",$387.71,"2,686 mi",59,$0.1443
LOS,MAD,"19,964",$262.64,"2,453 mi",55,$0.1071
LOS,EWR,"19,292",$517.78,"5,425 mi",53,$0.0954
LOS,LAX,"17,795",$665.93,"7,485 mi",49,$0.0890
LOS,FRA,"16,852",$399.00,"3,109 mi",46,$0.1283
LOS,PVG,"16,836",$664.09,"7,389 mi",46,$0.0899
LOS,BLQ,"16,538",$240.62,"2,746 mi",45,$0.0876
LOS,DUB,"15,981",$469.82,"3,183 mi",44,$0.1476
LOS,SKO,"15,923",$88.30,442 mi,44,$0.1998
LOS,PKX,"14,747",$675.99,"7,341 mi",40,$0.0921
LOS,BOS,"14,482",$557.27,"4,960 mi",40,$0.1124
LOS,BCN,"12,866",$382.79,"2,328 mi",35,$0.1644
LOS,YOL,"12,840",$71.81,670 mi,35,$0.1072
LOS,VIE,"12,516",$350.21,"2,885 mi",34,$0.1214
LOS,MED,"12,502",$395.95,"2,789 mi",34,$0.1420
LOS,YYC,"11,330",$595.20,"6,794 mi",31,$0.0876
LOS,DUS,"11,189",$297.62,"3,002 mi",31,$0.0991
LOS,VCE,"10,706",$204.91,"2,661 mi",29,$0.0770
LOS,GRU,"10,665",$805.80,"4,064 mi",29,$0.1983
LOS,LIS,"10,263",$451.42,"2,285 mi",28,$0.1976
LOS,BRU,"10,204",$446.49,"3,155 mi",28,$0.1415
LOS,MXJ,"9,921",$59.01,295 mi,27,$0.2000
LOS,MUC,"9,732",$460.11,"3,017 mi",27,$0.1525
LOS,BER,"9,311",$382.31,"3,120 mi",26,$0.1225
LOS,MAA,"9,284",$456.20,"5,078 mi",25,$0.0898
LOS,PEK,"9,215",$796.19,"7,336 mi",25,$0.1085
LOS,SFO,"9,044",$710.00,"8,035 mi",25,$0.0884
LOS,YWG,"8,672",$390.62,"6,525 mi",24,$0.0599
LOS,ROB,"8,477",$123.07,968 mi,23,$0.1271
LOS,TFU,"8,194",$428.47,"6,446 mi",22,$0.0665
LOS,SIN,"7,929",$956.43,"6,731 mi",22,$0.1421
LOS,EDI,"7,920",$455.90,"3,328 mi",22,$0.1370
LOS,ATH,"7,731",$643.32,"2,447 mi",21,$0.2629
LOS,IBA,"7,720",$56.74,73 mi,21,$0.7773
LOS,ICN,"7,352",$544.32,"7,451 mi",20,$0.0731
LOS,MIU,"7,334",$75.18,736 mi,20,$0.1021
LOS,BLR,"7,310",$607.62,"5,220 mi",20,$0.1164
LOS,HGH,"7,262",$511.79,"7,337 mi",20,$0.0698
LOS,YUL,"7,220",$395.00,"5,426 mi",20,$0.0728
LOS,BHX,"6,827",$406.49,"3,278 mi",19,$0.1240
LOS,SZX,"6,796","$1,091.24","7,109 mi",19,$0.1535
LOS,HAM,"6,744",$338.41,"3,174 mi",18,$0.1066
LOS,BGW,"6,547",$287.28,"3,105 mi",18,$0.0925
LOS,MSP,"6,547",$563.72,"6,030 mi",18,$0.0935
LOS,MIA,"6,513",$715.35,"5,456 mi",18,$0.1311
LOS,CPH,"6,333",$438.87,"3,324 mi",17,$0.1320
LOS,IND,"6,315",$505.24,"6,085 mi",17,$0.0830
LOS,NAP,"6,137",$186.39,"2,391 mi",17,$0.0780
LOS,MCO,"6,091",$722.29,"5,507 mi",17,$0.1312
LOS,MRU,"6,079",$638.28,"4,010 mi",17,$0.1592
LOS,GMO,"5,893",$82.28,595 mi,16,$0.1383
LOS,HYD,"5,844",$592.80,"4,951 mi",16,$0.1197
LOS,MNL,"5,838",$810.03,"8,165 mi",16,$0.0992
LOS,KUL,"5,731",$640.04,"6,975 mi",16,$0.0918
LOS,ZNZ,"5,678",$311.51,"2,550 mi",16,$0.1222
LOS,SEA,"5,597","$1,059.71","7,677 mi",15,$0.1380
LOS,YVR,"5,481",$628.40,"7,199 mi",15,$0.0873
LOS,PHL,"5,476",$474.79,"5,161 mi",15,$0.0920
LOS,GLA,"5,316",$470.88,"3,535 mi",15,$0.1332
LOS,BKK,"5,313",$656.18,"6,407 mi",15,$0.1024
LOS,ZRH,"5,311",$905.80,"2,757 mi",15,$0.3285
LOS,GVA,"5,223","$1,069.15","2,663 mi",14,$0.4015
LOS,LUN,"5,173",$447.15,"2,222 mi",14,$0.2012
LOS,NCL,"4,910",$476.75,"3,461 mi",13,$0.1377
LOS,BWI,"4,898",$555.18,"5,558 mi",13,$0.0999
LOS,STR,"4,878",$344.61,"3,018 mi",13,$0.1142
LOS,DTW,"4,858",$640.31,"5,915 mi",13,$0.1083
LOS,CGK,"4,814","$1,040.87","6,963 mi",13,$0.1495
LOS,SLC,"4,799","$1,202.58","7,420 mi",13,$0.1621
LOS,YEG,"4,758",$529.90,"7,130 mi",13,$0.0743
LOS,RUH,"4,744",$332.21,"3,038 mi",13,$0.1094
LOS,HKG,"4,622",$794.34,"7,121 mi",13,$0.1115
LOS,AGP,"4,565",$395.24,"2,073 mi",13,$0.1907
LOS,ARN,"4,543",$367.78,"3,635 mi",12,$0.1012
LOS,ABZ,"4,528","$1,364.38","3,616 mi",12,$0.3773
LOS,DME,"4,405",$527.88,"3,988 mi",12,$0.1324
LOS,RDU,"4,399",$558.79,"5,346 mi",12,$0.1045
LOS,LIN,"4,348",$744.41,"2,790 mi",12,$0.2668
LOS,DMM,"4,319",$362.10,"3,246 mi",12,$0.1116
LOS,DEN,"4,280","$1,079.62","6,657 mi",12,$0.1622
LOS,VLC,"4,211",$257.91,"2,217 mi",12,$0.1163
LOS,LAS,"4,134",$846.72,"7,263 mi",11,$0.1166
LOS,MPM,"4,050",$388.07,"3,071 mi",11,$0.1264
LOS,OSL,"3,848",$438.67,"3,615 mi",11,$0.1213
LOS,AMM,"3,825",$233.15,"2,648 mi",10,$0.0880
LOS,AUS,"3,789",$615.21,"6,440 mi",10,$0.0955
LOS,CKY,"3,757",$555.84,"1,211 mi",10,$0.4590
LOS,WDH,"3,686",$494.20,"2,291 mi",10,$0.2157
LOS,PHX,"3,458",$753.35,"7,167 mi",9,$0.1051
LOS,COK,"3,441",$578.51,"5,142 mi",9,$0.1125
LOS,YOW,"3,415",$417.84,"5,200 mi",9,$0.0804
LOS,CCU,"3,358",$413.58,"5,562 mi",9,$0.0744
LOS,AUH,"3,330",$322.51,"3,500 mi",9,$0.0921
LOS,HEL,"3,309",$443.69,"3,997 mi",9,$0.1110
LOS,MCT,"3,278",$231.48,"3,709 mi",9,$0.0624
LOS,NRT,"3,264",$982.81,"8,650 mi",9,$0.1136
LOS,NBJ,"3,206",$584.77,"1,326 mi",9,$0.4410
LOS,CLT,"3,203",$508.50,"5,464 mi",9,$0.0931
LOS,MBA,"3,178",$330.70,"2,685 mi",9,$0.1232
LOS,TUN,"3,111",$428.22,"2,072 mi",9,$0.2067
LOS,TPA,"3,028",$655.34,"5,926 mi",8,$0.1106
LOS,RAK,"2,945",$527.82,"1,934 mi",8,$0.2729
LOS,LHE,"2,810",$567.88,"5,014 mi",8,$0.1133
LOS,PNR,"2,757",$502.93,954 mi,8,$0.5272
LOS,FLR,"2,685",$385.46,"2,538 mi",7,$0.1519
LOS,OTP,"2,680",$630.43,"3,051 mi",7,$0.2066
LOS,YHZ,"2,612",$558.22,"4,913 mi",7,$0.1136
LOS,DKA,"2,574",$117.26,549 mi,7,$0.2136
LOS,TLV,"2,557",$821.34,"2,767 mi",7,$0.2968
LOS,CKG,"2,550",$443.16,"6,579 mi",7,$0.0674
LOS,NSI,"2,535",$332.91,618 mi,7,$0.5387
LOS,NCE,"2,499",$963.01,"2,650 mi",7,$0.3634
LOS,AMD,"2,448",$508.16,"4,869 mi",7,$0.1044
LOS,BNA,"2,352",$614.54,"5,772 mi",6,$0.1065
LOS,KWI,"2,345",$309.23,"3,396 mi",6,$0.0911
LOS,STN,"2,308",$277.98,"3,229 mi",6,$0.0861
LOS,KHI,"2,282",$459.74,"4,258 mi",6,$0.1080
LOS,OUA,"2,259",$322.75,501 mi,6,$0.6442
LOS,PRG,"2,244","$1,101.20","3,165 mi",6,$0.3479
LOS,BUD,"2,194",$653.18,"2,887 mi",6,$0.2262
LOS,SEZ,"2,194",$317.68,"3,793 mi",6,$0.0838
LOS,MEX,"2,166",$961.52,"6,660 mi",6,$0.1444
LOS,LGA,"2,156",$642.79,"5,410 mi",6,$0.1188
LOS,OPO,"2,130",$359.86,"2,431 mi",6,$0.1480
LOS,WAW,"2,103",$581.53,"3,405 mi",6,$0.1708
LOS,HAN,"2,051",$657.60,"6,644 mi",6,$0.0990
LOS,CMH,"2,031",$515.69,"5,898 mi",6,$0.0874
LOS,TRV,"2,019",$729.47,"5,186 mi",6,$0.1407
LOS,LCY,"1,986",$527.50,"3,203 mi",5,$0.1647
LOS,MSY,"1,986",$956.25,"6,390 mi",5,$0.1496
LOS,SYD,"1,955",$921.71,"9,935 mi",5,$0.0928
LOS,SAN,"1,947","$1,067.93","7,917 mi",5,$0.1349
LOS,ECN,"1,944",$361.03,"2,668 mi",5,$0.1353
LOS,SSH,"1,927",$253.28,"2,438 mi",5,$0.1039
LOS,HAJ,"1,888",$508.74,"3,287 mi",5,$0.1548
LOS,MRS,"1,880",$916.86,"2,625 mi",5,$0.3493
LOS,LCA,"1,863",$576.45,"2,826 mi",5,$0.2040
LOS,YQR,"1,863",$529.83,"6,842 mi",5,$0.0774
LOS,ISB,"1,852",$811.03,"4,933 mi",5,$0.1644
LOS,HND,"1,845","$1,891.26","8,630 mi",5,$0.2191
LOS,CVG,"1,841",$521.34,"6,000 mi",5,$0.0869
LOS,SGN,"1,796",$756.98,"6,818 mi",5,$0.1110
LOS,SSG,"1,753",$549.04,406 mi,5,$1.3523
LOS,NUE,"1,731",$391.30,"2,909 mi",5,$0.1345
LOS,ORY,"1,707",$268.56,"2,999 mi",5,$0.0895
LOS,BAH,"1,684",$246.53,"3,495 mi",5,$0.0705
LOS,PMI,"1,664",$761.25,"2,210 mi",5,$0.3445
LOS,SOF,"1,662",$401.99,"2,697 mi",5,$0.1491
LOS,BHD,"1,656",$496.19,"3,257 mi",5,$0.1523
LOS,STL,"1,651",$612.86,"5,948 mi",5,$0.1030
LOS,DCA,"1,643",$648.81,"5,253 mi",5,$0.1235
LOS,BRE,"1,636",$275.40,"3,128 mi",4,$0.0880
LOS,FLL,"1,625",$683.24,"5,783 mi",4,$0.1181
LOS,MLA,"1,617",$495.36,"2,079 mi",4,$0.2383
LOS,RAI,"1,569",$580.88,"1,850 mi",4,$0.3140
LOS,SMF,"1,556",$590.08,"7,496 mi",4,$0.0787
LOS,MEL,"1,552",$942.95,"8,932 mi",4,$0.1056
LOS,YXE,"1,527",$522.21,"6,888 mi",4,$0.0758
LOS,TML,"1,501",$211.12,342 mi,4,$0.6173
LOS,PER,"1,500","$1,033.33","7,550 mi",4,$0.1369
LOS,CTA,"1,486",$235.88,"2,326 mi",4,$0.1014
LOS,SVO,"1,483",$518.49,"4,005 mi",4,$0.1295
LOS,BRI,"1,474",$200.19,"2,603 mi",4,$0.0769
LOS,LYS,"1,438",$508.48,"2,626 mi",4,$0.1936
LOS,TNR,"1,416",$518.81,"3,376 mi",4,$0.1537
LOS,PDX,"1,400",$943.50,"7,307 mi",4,$0.1291
LOS,MCI,"1,392",$789.32,"6,547 mi",4,$0.1206
LOS,JAX,"1,367",$681.28,"5,863 mi",4,$0.1162
LOS,CLE,"1,349",$563.22,"5,498 mi",4,$0.1024
LOS,SHJ,"1,343",$229.49,"3,564 mi",4,$0.0644
LOS,BEG,"1,311",$528.61,"2,918 mi",4,$0.1812
LOS,DAM,"1,302",$315.09,"2,904 mi",4,$0.1085
LOS,TLS,"1,300",$611.86,"2,486 mi",4,$0.2461
LOS,GIG,"1,274","$1,207.49","3,632 mi",3,$0.3325
LOS,PIT,"1,255",$615.50,"5,417 mi",3,$0.1136
LOS,SAT,"1,243",$781.18,"6,896 mi",3,$0.1133
LOS,TKD,"1,241",$316.87,380 mi,3,$0.8339
LOS,TRN,"1,230",$203.85,"2,601 mi",3,$0.0784
LOS,YQM,"1,228",$466.66,"4,988 mi",3,$0.0936
LOS,DAL,"1,199",$432.18,"6,359 mi",3,$0.0680
LOS,PBI,"1,180",$652.28,"5,777 mi",3,$0.1129
LOS,TPE,"1,177",$780.31,"7,498 mi",3,$0.1041
LOS,LIM,"1,164","$1,425.96","5,842 mi",3,$0.2441
LOS,VNO,"1,112",$616.05,"3,431 mi",3,$0.1796
LOS,BOG,"1,108","$1,382.02","5,163 mi",3,$0.2677
LOS,KIX,"1,098",$750.28,"7,966 mi",3,$0.0942
LOS,GOT,"1,087",$611.90,"3,455 mi",3,$0.1771
LOS,LPA,"1,085",$233.91,"1,859 mi",3,$0.1258
LOS,BSL,"1,082",$546.52,"2,760 mi",3,$0.1980
LOS,APL,"1,067",$433.21,"2,796 mi",3,$0.1549
LOS,ORF,"1,036",$617.39,"5,206 mi",3,$0.1186
LOS,BOD,"1,018",$803.23,"2,734 mi",3,$0.2938
LUN,NLA,"128,094",$119.43,169 mi,351,$0.7067
LUN,LVI,"66,410",$133.66,238 mi,182,$0.5616
LUN,NBO,"50,615",$290.11,"1,093 mi",139,$0.2654
LUN,SLI,"37,950",$215.48,251 mi,104,$0.8585
LUN,BOM,"33,750",$216.33,"3,729 mi",92,$0.0580
LUN,DXB,"33,320",$607.38,"3,238 mi",91,$0.1876
LUN,MFU,"20,037",$232.01,281 mi,55,$0.8257
LUN,LHR,"17,895",$624.97,"5,081 mi",49,$0.1230
LUN,CAN,"14,382",$695.82,"6,129 mi",39,$0.1135
LUN,UMB,"10,632",$199.63,303 mi,29,$0.6588
LUN,PEK,"10,140",$581.16,"6,595 mi",28,$0.0881
LUN,MPM,"8,314",$199.52,755 mi,23,$0.2643
LUN,PVG,"8,170",$821.55,"6,746 mi",22,$0.1218
LUN,DEL,"8,040",$429.10,"4,312 mi",22,$0.0995
LUN,MNS,"7,597",$153.16,300 mi,21,$0.5105
LUN,WDH,"7,489",$146.68,845 mi,21,$0.1736
LUN,KAA,"7,017",$207.86,385 mi,19,$0.5399
LUN,BEY,"6,274",$446.62,"3,324 mi",17,$0.1344
LUN,LGW,"6,256",$365.93,"4,761 mi",17,$0.0769
LUN,ZNZ,"6,190",$139.46,993 mi,17,$0.1404
LUN,IAD,"5,477","$1,219.33","7,958 mi",15,$0.1532
LUN,BLZ,"5,354",$187.83,422 mi,15,$0.4451
LUN,HYD,"5,293",$452.28,"4,203 mi",15,$0.1076
LUN,MAN,"4,940",$347.93,"5,237 mi",14,$0.0664
LUN,PKX,"4,670",$495.16,"6,578 mi",13,$0.0753
LUN,JFK,"4,496",$959.90,"7,312 mi",12,$0.1313
LUN,MNL,"3,960",$744.06,"6,846 mi",11,$0.1087
LUN,HKG,"3,771",$744.20,"6,146 mi",10,$0.1211
LUN,AMS,"3,759",$469.73,"4,737 mi",10,$0.0992
LUN,PER,"3,638",$948.67,"5,354 mi",10,$0.1772
LUN,FRA,"3,522",$645.38,"4,815 mi",10,$0.1340
LUN,MRU,"3,517",$413.40,"1,892 mi",10,$0.2185
LUN,DFW,"3,046",$992.03,"9,099 mi",8,$0.1090
LUN,DOH,"2,987",$387.94,"3,113 mi",8,$0.1246
LUN,SHO,"2,882",$146.94,766 mi,8,$0.1918
LUN,DUB,"2,789",$536.55,"5,022 mi",8,$0.1068
LUN,BKK,"2,746",$599.16,"5,170 mi",8,$0.1159
LUN,BRU,"2,725",$487.98,"4,944 mi",7,$0.0987
LUN,IST,"2,637",$464.40,"4,028 mi",7,$0.1153
LUN,CGK,"2,633","$1,267.38","5,163 mi",7,$0.2455
LUN,CDG,"2,575",$905.03,"4,862 mi",7,$0.1861
LUN,GVA,"2,562",$934.37,"4,342 mi",7,$0.2152
LUN,MAA,"2,523",$384.98,"3,920 mi",7,$0.0982
LUN,MBA,"2,408",$253.47,"1,121 mi",7,$0.2261
LUN,ATL,"2,372",$592.30,"8,347 mi",6,$0.0710
LUN,BLR,"2,248",$342.87,"3,784 mi",6,$0.0906
LUN,NRT,"2,221","$1,433.40","8,294 mi",6,$0.1728
LUN,RYL,"2,141",$62.49,65 mi,6,$0.9614
LUN,YYZ,"2,115",$657.69,"8,078 mi",6,$0.0814
LUN,ORD,"2,103",$702.36,"8,517 mi",6,$0.0825
LUN,TLV,"2,070",$909.69,"3,397 mi",6,$0.2678
LUN,BER,"2,051",$432.20,"4,619 mi",6,$0.0936
LUN,FCO,"2,046",$655.36,"4,203 mi",6,$0.1559
LUN,ARN,"1,946",$584.67,"5,370 mi",5,$0.1089
LUN,MED,"1,845",$941.10,"2,772 mi",5,$0.3395
LUN,BJM,"1,842",$265.28,857 mi,5,$0.3095
LUN,TFU,"1,836",$400.44,"6,126 mi",5,$0.0654
LUN,PLZ,"1,825",$101.64,"1,262 mi",5,$0.0805
LUN,JED,"1,778",$440.54,"2,738 mi",5,$0.1609
LUN,MXP,"1,765",$455.54,"4,257 mi",5,$0.1070
LUN,KUL,"1,627",$541.40,"5,312 mi",4,$0.1019
LUN,DME,"1,609",$879.07,"5,067 mi",4,$0.1735
LUN,CKG,"1,601",$367.61,"6,240 mi",4,$0.0589
LUN,MWZ,"1,598",$239.54,969 mi,4,$0.2472
LUN,ICN,"1,575",$696.73,"7,070 mi",4,$0.0985
LUN,TNR,"1,540",$444.98,"1,241 mi",4,$0.3586
LUN,VIE,"1,470",$620.16,"4,311 mi",4,$0.1439
LUN,HND,"1,457","$1,778.98","7,777 mi",4,$0.2287
LUN,KHI,"1,455",$436.31,"3,925 mi",4,$0.1112
LUN,RUH,"1,433",$871.50,"2,952 mi",4,$0.2952
LUN,BHX,"1,431",$634.98,"4,868 mi",4,$0.1304
LUN,HEL,"1,403",$499.86,"5,073 mi",4,$0.0985
LUN,ZRH,"1,369",$908.31,"4,645 mi",4,$0.1955
LUN,CPH,"1,350",$445.34,"4,838 mi",4,$0.0921
LUN,SZX,"1,330",$970.05,"6,526 mi",4,$0.1486
LUN,MSU,"1,296",$150.61,949 mi,4,$0.1587
LUN,WAW,"1,255",$357.89,"4,826 mi",3,$0.0742
LUN,MAD,"1,240",$769.72,"4,501 mi",3,$0.1710
LUN,JEK,"1,203",$155.62,77 mi,3,$2.0210
LUN,LAX,"1,200",$964.02,"10,307 mi",3,$0.0935
LUN,EDI,"1,155",$549.67,"5,102 mi",3,$0.1077
LUN,SEZ,"1,083",$341.69,"1,921 mi",3,$0.1779
LUN,STN,"1,082",$547.70,"5,091 mi",3,$0.1076
LUN,AMD,"1,078",$666.82,"3,875 mi",3,$0.1721
LUN,PZB,"1,071",$87.25,967 mi,3,$0.0902
LUN,SEA,"1,053","$1,337.94","9,369 mi",3,$0.1428
LUN,IAH,"1,046","$1,226.91","8,487 mi",3,$0.1446
LUN,MUC,"1,001",$569.87,"4,382 mi",3,$0.1300
LXR,KWI,"85,367",$60.81,996 mi,234,$0.0611
LXR,JED,"84,662",$53.03,507 mi,232,$0.1046
LXR,MAD,"39,727",$227.65,"2,245 mi",109,$0.1014
LXR,CDG,"30,151",$168.92,"2,353 mi",83,$0.0718
LXR,LGW,"19,359",$120.46,"2,392 mi",53,$0.0504
LXR,BCN,"17,032",$247.59,"2,114 mi",47,$0.1171
LXR,SSH,"16,912",$67.99,184 mi,46,$0.3695
LXR,MXP,"16,339",$189.19,"1,970 mi",45,$0.0960
LXR,ORY,"12,071",$327.65,"2,347 mi",33,$0.1396
LXR,LHR,"11,684",$198.21,"2,564 mi",32,$0.0773
LXR,DUS,"7,649",$153.81,"2,167 mi",21,$0.0710
LXR,FCO,"6,703",$103.35,"1,564 mi",18,$0.0661
LXR,DMM,"6,320",$136.52,"1,093 mi",17,$0.1249
LXR,DOH,"5,553",$88.85,"1,213 mi",15,$0.0732
LXR,RUH,"5,522",$62.43,901 mi,15,$0.0693
LXR,BRU,"5,309",$281.34,"2,223 mi",15,$0.1266
LXR,DXB,"4,989",$169.65,"1,370 mi",14,$0.1238
LXR,MED,"4,978",$59.93,458 mi,14,$0.1309
LXR,ZRH,"3,344",$306.87,"2,059 mi",9,$0.1490
LXR,MAN,"2,603",$174.20,"2,702 mi",7,$0.0645
LXR,SAW,"2,420",$31.04,"1,038 mi",7,$0.0299
LXR,BIO,"2,218",$853.61,"2,410 mi",6,$0.3542
LXR,AUH,"2,123",$135.36,"1,416 mi",6,$0.0956
LXR,AMM,"1,860",$83.30,477 mi,5,$0.1746
LXR,VLC,"1,845",$161.41,"2,075 mi",5,$0.0778
LXR,ATH,"1,820",$136.83,"1,020 mi",5,$0.1341
LXR,GVA,"1,811",$255.90,"1,978 mi",5,$0.1294
LXR,IST,"1,721",$110.60,"1,068 mi",5,$0.1036
LXR,FRA,"1,688",$196.76,"2,181 mi",5,$0.0902
LXR,AMS,"1,599",$209.68,"2,275 mi",4,$0.0922
LXR,BER,"1,543",$175.25,"2,035 mi",4,$0.0861
LXR,MUC,"1,358",$180.05,"1,875 mi",4,$0.0960
LXR,ELQ,"1,328",$63.21,667 mi,4,$0.0948
LXR,VIE,"1,325",$208.46,"1,833 mi",4,$0.1137
LXR,SHJ,"1,317",$69.94,"1,464 mi",4,$0.0478
LXR,LUX,"1,043",$241.43,"2,242 mi",3,$0.1077
LXR,LCA,"1,034",$112.74,619 mi,3,$0.1821
MBA,NBO,"754,279",$76.36,271 mi,"2,067",$0.2818
MBA,MXP,"82,190",$569.67,"4,038 mi",225,$0.1411
MBA,FCO,"67,746",$377.19,"3,711 mi",186,$0.1016
MBA,FRA,"50,018",$417.86,"4,042 mi",137,$0.1034
MBA,WIL,"39,057",$71.54,276 mi,107,$0.2592
MBA,LHR,"38,883",$368.04,"4,635 mi",107,$0.0794
MBA,ZNZ,"37,104",$87.43,149 mi,102,$0.5868
MBA,KIS,"36,166",$61.89,420 mi,99,$0.1474
MBA,DXB,"35,878",$272.46,"2,215 mi",98,$0.1230
MBA,EDL,"33,773",$77.78,442 mi,93,$0.1760
MBA,LAU,"23,231",$67.85,158 mi,64,$0.4294
MBA,CDG,"21,842",$298.43,"4,156 mi",60,$0.0718
MBA,VRN,"17,204",$724.11,"3,729 mi",47,$0.1942
MBA,BOM,"13,735",$207.01,"2,686 mi",38,$0.0771
MBA,VIE,"13,033",$244.32,"3,746 mi",36,$0.0652
MBA,AMS,"10,447",$304.40,"4,524 mi",29,$0.0673
MBA,ZRH,"9,108",$393.10,"3,905 mi",25,$0.1007
MBA,BRU,"8,067",$294.27,"4,196 mi",22,$0.0701
MBA,DOH,"7,938",$156.03,"2,244 mi",22,$0.0695
MBA,JED,"7,856",$231.33,"1,723 mi",22,$0.1343
MBA,RUH,"7,132",$220.10,"1,997 mi",20,$0.1102
MBA,PMI,"6,522",$242.36,"3,700 mi",18,$0.0655
MBA,LGW,"6,497",$233.42,"4,342 mi",18,$0.0538
MBA,MUC,"6,255",$246.19,"3,869 mi",17,$0.0636
MBA,MAN,"5,926",$308.89,"4,784 mi",16,$0.0646
MBA,BER,"5,785",$316.55,"4,311 mi",16,$0.0734
MBA,CPH,"4,525",$333.66,"4,264 mi",12,$0.0783
MBA,MCT,"4,410",$142.80,"2,355 mi",12,$0.0606
MBA,VCE,"4,200",$385.75,"3,924 mi",12,$0.0983
MBA,DMM,"4,010",$174.50,"2,281 mi",11,$0.0765
MBA,HAM,"3,948",$368.04,"4,466 mi",11,$0.0824
MBA,WAW,"3,703",$244.60,"4,154 mi",10,$0.0589
MBA,MRS,"3,360",$227.63,"3,798 mi",9,$0.0599
MBA,LIN,"3,221",$357.31,"3,777 mi",9,$0.0946
MBA,GVA,"3,132",$431.10,"4,153 mi",9,$0.1038
MBA,TLV,"3,005",$399.09,"2,584 mi",8,$0.1544
MBA,BLQ,"2,926",$367.15,"3,670 mi",8,$0.1000
MBA,YYZ,"2,918",$439.75,"8,087 mi",8,$0.0544
MBA,AYT,"2,634",$413.17,"2,797 mi",7,$0.1477
MBA,JFK,"2,499",$827.47,"7,846 mi",7,$0.1055
MBA,KHI,"2,485",$254.48,"2,806 mi",7,$0.0907
MBA,LYS,"2,482",$279.45,"4,158 mi",7,$0.0672
MBA,ARN,"2,478",$382.17,"4,693 mi",7,$0.0814
MBA,DEL,"2,282",$318.98,"3,458 mi",6,$0.0922
MBA,MNL,"2,260",$775.30,"5,545 mi",6,$0.1398
MBA,SEZ,"2,193",$363.05,"1,131 mi",6,$0.3210
MBA,IST,"2,092",$499.01,"3,300 mi",6,$0.1512
MBA,DUS,"1,955",$241.21,"4,413 mi",5,$0.0547
MBA,OSL,"1,927",$328.15,"4,556 mi",5,$0.0720
MBA,KWI,"1,868",$200.37,"2,293 mi",5,$0.0874
MBA,MAD,"1,857",$426.01,"3,987 mi",5,$0.1068
MBA,MRU,"1,703",$466.09,"1,612 mi",5,$0.2891
MBA,MPM,"1,637",$410.51,"1,536 mi",4,$0.2673
MBA,CUN,"1,583",$525.95,"8,921 mi",4,$0.0590
MBA,BRI,"1,539",$328.72,"3,540 mi",4,$0.0929
MBA,PRG,"1,535",$318.23,"4,154 mi",4,$0.0766
MBA,BCN,"1,508",$380.98,"3,804 mi",4,$0.1002
MBA,MED,"1,486",$236.26,"2,034 mi",4,$0.1162
MBA,OTP,"1,422",$420.64,"3,564 mi",4,$0.1180
MBA,RIY,"1,417",$206.31,"1,499 mi",4,$0.1376
MBA,JUB,"1,416",$266.48,801 mi,4,$0.3327
MBA,TLS,"1,396",$375.53,"3,938 mi",4,$0.0954
MBA,IAD,"1,394",$637.69,"7,599 mi",4,$0.0839
MBA,NAP,"1,362",$314.36,"3,385 mi",4,$0.0929
MBA,BJM,"1,275",$368.09,690 mi,3,$0.5335
MBA,DME,"1,232",$532.50,"3,985 mi",3,$0.1336
MBA,NCE,"1,231",$366.54,"3,977 mi",3,$0.0922
MBA,BLL,"1,188",$304.69,"4,610 mi",3,$0.0661
MBA,MAA,"1,172",$240.67,"2,931 mi",3,$0.0821
MBA,BKK,"1,169",$643.27,"4,497 mi",3,$0.1430
MBA,BAH,"1,151",$246.30,"2,153 mi",3,$0.1144
MBA,TNR,"1,120",$527.89,"1,116 mi",3,$0.4730
MBA,DUB,"1,075",$370.43,"4,914 mi",3,$0.0754
MGQ,NBO,"133,982",$176.49,642 mi,367,$0.2749
MGQ,JED,"36,065",$215.08,"1,377 mi",99,$0.1562
MGQ,LHR,"25,619",$292.45,"4,188 mi",70,$0.0698
MGQ,GGR,"24,913",$83.43,514 mi,68,$0.1623
MGQ,BSA,"13,315",$119.84,671 mi,36,$0.1786
MGQ,MED,"12,135",$166.80,"1,649 mi",33,$0.1012
MGQ,IST,"12,020",$321.73,"2,815 mi",33,$0.1143
MGQ,ARN,"10,566",$272.90,"4,115 mi",29,$0.0663
MGQ,ESB,"7,735",$371.78,"2,662 mi",21,$0.1397
MGQ,MSP,"7,448",$486.04,"8,067 mi",20,$0.0603
MGQ,HEL,"6,456",$343.62,"4,295 mi",18,$0.0800
MGQ,DXB,"5,530",$255.50,"1,688 mi",15,$0.1514
MGQ,AMS,"5,219",$299.42,"4,056 mi",14,$0.0738
MGQ,BRU,"5,133",$394.58,"4,250 mi",14,$0.0928
MGQ,MAN,"4,620",$249.01,"4,590 mi",13,$0.0543
MGQ,OSL,"4,375",$271.97,"4,277 mi",12,$0.0636
MGQ,HYD,"4,286",$469.92,"2,408 mi",12,$0.1951
MGQ,LGW,"3,806",$298.21,"4,424 mi",10,$0.0674
MGQ,GOT,"3,773",$333.17,"4,373 mi",10,$0.0762
MGQ,CMH,"3,401",$456.33,"8,311 mi",9,$0.0549
MGQ,YYZ,"3,293",$555.63,"8,036 mi",9,$0.0691
MGQ,DOH,"3,214",$177.31,"1,711 mi",9,$0.1036
MGQ,CPH,"2,984",$374.59,"4,002 mi",8,$0.0936
MGQ,RUH,"1,881",$203.75,"1,636 mi",5,$0.1245
MGQ,BHX,"1,603",$304.48,"4,270 mi",4,$0.0713
MGQ,ZRH,"1,581",$428.89,"3,946 mi",4,$0.1087
MGQ,FCO,"1,425",$599.69,"3,326 mi",4,$0.1803
MGQ,DUB,"1,328",$350.31,"4,458 mi",4,$0.0786
MGQ,GVA,"1,203",$514.74,"3,976 mi",3,$0.1295
MGQ,IAD,"1,095",$640.87,"7,606 mi",3,$0.0843
MGQ,FRA,"1,089",$398.74,"4,072 mi",3,$0.0979
MGQ,YEG,"1,083",$639.29,"8,171 mi",3,$0.0782
MGQ,ORD,"1,082",$518.78,"7,976 mi",3,$0.0650
MGQ,SEA,"1,038",$469.88,"8,670 mi",3,$0.0542
MGQ,KMU,"1,008",$53.70,249 mi,3,$0.2157
MPM,LIS,"86,059",$486.48,"5,376 mi",236,$0.0905
MPM,APL,"81,339",$223.06,838 mi,223,$0.2662
MPM,BEW,"70,857",$149.72,435 mi,194,$0.3442
MPM,POL,"54,752",$240.96,"1,063 mi",150,$0.2267
MPM,TET,"50,693",$170.15,662 mi,139,$0.2570
MPM,UEL,"36,942",$169.27,640 mi,101,$0.2645
MPM,VPY,"25,596",$134.49,457 mi,70,$0.2943
MPM,VXC,"19,817",$229.95,918 mi,54,$0.2505
MPM,MNC,"14,558",$199.76,921 mi,40,$0.2169
MPM,NBO,"12,788",$486.37,"1,776 mi",35,$0.2739
MPM,VNX,"11,679",$132.67,310 mi,32,$0.4280
MPM,DXB,"11,315",$953.87,"3,964 mi",31,$0.2406
MPM,OPO,"11,278",$506.81,"5,499 mi",31,$0.0922
MPM,BOM,"8,880",$408.24,"3,997 mi",24,$0.1021
MPM,INH,"8,796",$93.61,220 mi,24,$0.4255
MPM,GRU,"8,746",$614.82,"4,737 mi",24,$0.1298
MPM,CAN,"7,776",$672.50,"6,188 mi",21,$0.1087
MPM,DEL,"5,715",$397.98,"4,641 mi",16,$0.0858
MPM,PKX,"5,305",$765.49,"7,241 mi",15,$0.1057
MPM,LHR,"5,035",$966.39,"5,541 mi",14,$0.1744
MPM,FCO,"4,204",$637.70,"4,710 mi",12,$0.1354
MPM,KHI,"3,744",$276.25,"4,076 mi",10,$0.0678
MPM,MXP,"3,738",$726.23,"5,321 mi",10,$0.1365
MPM,CDG,"3,540","$1,423.54","5,663 mi",10,$0.2514
MPM,DOH,"3,402",$474.97,"3,645 mi",9,$0.1303
MPM,WDH,"3,202",$173.73,"1,009 mi",9,$0.1722
MPM,AMS,"3,137",$597.17,"5,490 mi",9,$0.1088
MPM,MAD,"3,080",$638.42,"5,296 mi",8,$0.1205
MPM,MRU,"3,080",$370.54,"1,686 mi",8,$0.2198
MPM,IST,"3,026",$549.40,"4,788 mi",8,$0.1147
MPM,PEK,"2,956",$943.51,"6,842 mi",8,$0.1379
MPM,IAD,"2,522","$1,466.35","8,106 mi",7,$0.1809
MPM,PVG,"2,465",$524.87,"7,291 mi",7,$0.0720
MPM,HKG,"2,391",$732.67,"6,570 mi",7,$0.1115
MPM,BRU,"2,357",$480.31,"5,410 mi",6,$0.0888
MPM,HAV,"2,241",$947.19,"8,637 mi",6,$0.1097
MPM,GVA,"2,231",$782.59,"5,096 mi",6,$0.1536
MPM,NRT,"2,140","$1,612.01","8,440 mi",6,$0.1910
MPM,FRA,"2,098",$686.62,"5,286 mi",6,$0.1299
MPM,BCN,"2,010",$490.58,"4,887 mi",6,$0.1004
MPM,ICN,"1,995",$767.59,"7,707 mi",5,$0.0996
MPM,TNR,"1,990",$417.17,"1,103 mi",5,$0.3782
MPM,BEY,"1,903",$508.70,"4,008 mi",5,$0.1269
MPM,NBJ,"1,812",$352.21,"1,659 mi",5,$0.2123
MPM,MNL,"1,726",$812.56,"6,756 mi",5,$0.1203
MPM,BER,"1,639",$364.47,"5,364 mi",4,$0.0679
MPM,JED,"1,628",$590.26,"3,218 mi",4,$0.1834
MPM,MED,"1,607",$520.43,"3,414 mi",4,$0.1524
MPM,DAC,"1,606",$599.08,"5,326 mi",4,$0.1125
MPM,BKK,"1,457",$589.47,"5,174 mi",4,$0.1139
MPM,BLZ,"1,438",$316.24,746 mi,4,$0.4239
MPM,JFK,"1,342","$1,037.18","8,432 mi",4,$0.1230
MPM,HAN,"1,340",$556.00,"5,710 mi",4,$0.0974
MPM,GIG,"1,198","$1,219.54","4,566 mi",3,$0.2671
MPM,HYD,"1,169",$419.27,"4,416 mi",3,$0.0949
MPM,AMD,"1,145",$350.32,"4,187 mi",3,$0.0837
MPM,KIX,"1,117","$1,232.30","8,127 mi",3,$0.1516
MPM,BSB,"1,116","$1,267.53","5,322 mi",3,$0.2382
MPM,ARN,"1,083",$546.74,"5,792 mi",3,$0.0944
MPM,ZNZ,"1,051",$319.17,"1,473 mi",3,$0.2167
MPM,MUC,"1,032",$708.14,"5,132 mi",3,$0.1380
MPM,TFU,"1,030",$477.08,"5,951 mi",3,$0.0802
MPM,VFA,"1,027",$174.99,670 mi,3,$0.2612
MRU,RUN,"441,833",$59.30,140 mi,"1,211",$0.4236
MRU,CDG,"278,892",$459.84,"5,694 mi",764,$0.0808
MRU,RRG,"253,381",$34.82,360 mi,694,$0.0967
MRU,LGW,"220,367",$512.45,"6,239 mi",604,$0.0821
MRU,FRA,"121,355",$565.06,"5,545 mi",332,$0.1019
MRU,BOM,"112,738",$182.49,"2,829 mi",309,$0.0645
MRU,DXB,"97,538",$447.65,"3,065 mi",267,$0.1461
MRU,ORY,"92,594",$344.39,"6,039 mi",254,$0.0570
MRU,TNR,"77,189",$122.14,694 mi,211,$0.1760
MRU,DEL,"59,654",$263.62,"3,516 mi",163,$0.0750
MRU,BLR,"56,109",$99.76,"2,773 mi",154,$0.0360
MRU,VIE,"54,490",$636.36,"5,535 mi",149,$0.1150
MRU,MXP,"45,771",$487.54,"5,664 mi",125,$0.0861
MRU,GVA,"45,377",$590.53,"5,450 mi",124,$0.1084
MRU,MUC,"37,426",$431.89,"5,366 mi",103,$0.0805
MRU,KUL,"35,914",$372.88,"3,486 mi",98,$0.1070
MRU,ZRH,"33,899",$543.46,"5,761 mi",93,$0.0943
MRU,SEZ,"33,741",$224.56,"1,131 mi",92,$0.1985
MRU,PRG,"33,723",$311.03,"5,713 mi",92,$0.0544
MRU,LHR,"32,992",$590.99,"5,898 mi",90,$0.1002
MRU,MAN,"32,627",$477.65,"6,031 mi",89,$0.0792
MRU,MRS,"31,849",$389.97,"5,358 mi",87,$0.0728
MRU,WAW,"30,914",$412.25,"5,645 mi",85,$0.0730
MRU,LYS,"30,769",$405.42,"5,464 mi",84,$0.0742
MRU,JED,"28,529",$353.14,"3,262 mi",78,$0.1083
MRU,PER,"28,079",$559.06,"3,767 mi",77,$0.1484
MRU,HAM,"25,915",$358.39,"5,674 mi",71,$0.0632
MRU,NBO,"25,392",$589.26,"1,983 mi",70,$0.2972
MRU,MAD,"24,067",$451.05,"5,584 mi",66,$0.0808
MRU,DUS,"22,940",$355.34,"6,008 mi",63,$0.0591
MRU,NCE,"22,740",$532.63,"5,296 mi",62,$0.1006
MRU,FCO,"22,690",$530.34,"5,031 mi",62,$0.1054
MRU,DME,"21,761",$662.41,"5,206 mi",60,$0.1272
MRU,BKK,"20,964",$354.22,"3,869 mi",57,$0.0916
MRU,BER,"20,625",$451.93,"5,857 mi",57,$0.0772
MRU,AMS,"20,155",$615.02,"6,122 mi",55,$0.1005
MRU,BRU,"19,301",$505.75,"6,066 mi",53,$0.0834
MRU,CPH,"19,225",$429.73,"5,702 mi",53,$0.0754
MRU,BHX,"18,284",$405.57,"6,349 mi",50,$0.0639
MRU,MAA,"18,059",$202.56,"2,686 mi",49,$0.0754
MRU,TLS,"17,238",$412.75,"5,851 mi",47,$0.0705
MRU,ARN,"15,089",$492.94,"6,149 mi",41,$0.0802
MRU,YUL,"14,615",$583.65,"9,474 mi",40,$0.0616
MRU,IST,"14,445",$436.05,"4,788 mi",40,$0.0911
MRU,BOD,"13,797",$367.86,"5,639 mi",38,$0.0652
MRU,RUH,"12,973",$519.73,"3,125 mi",36,$0.1663
MRU,MEL,"12,877",$654.16,"5,060 mi",35,$0.1293
MRU,YYZ,"11,541",$503.21,"9,797 mi",32,$0.0514
MRU,GLA,"11,444",$473.74,"6,581 mi",31,$0.0720
MRU,PVG,"9,566",$836.49,"5,710 mi",26,$0.1465
MRU,MED,"9,508",$303.76,"3,435 mi",26,$0.0884
MRU,DUB,"9,489",$577.08,"6,166 mi",26,$0.0936
MRU,BCN,"8,992",$578.96,"5,720 mi",25,$0.1012
MRU,BUD,"8,916",$485.35,"5,103 mi",24,$0.0951
MRU,NCL,"8,695",$479.56,"6,080 mi",24,$0.0789
MRU,NTE,"8,687",$399.98,"6,121 mi",24,$0.0653
MRU,MNL,"8,619",$852.81,"5,078 mi",24,$0.1679
MRU,CAN,"8,561",$527.73,"4,959 mi",23,$0.1064
MRU,DAC,"8,452",$451.64,"3,882 mi",23,$0.1163
MRU,STN,"8,399",$497.60,"6,255 mi",23,$0.0796
MRU,OSL,"8,316",$467.29,"6,334 mi",23,$0.0738
MRU,PEK,"7,437",$918.42,"5,471 mi",20,$0.1679
MRU,OTP,"7,404",$577.25,"5,060 mi",20,$0.1141
MRU,ICN,"7,239",$510.79,"6,172 mi",20,$0.0828
MRU,BLQ,"6,870",$469.70,"5,195 mi",19,$0.0904
MRU,LIS,"6,789",$669.22,"6,123 mi",19,$0.1093
MRU,SYD,"6,509",$847.51,"5,801 mi",18,$0.1461
MRU,HEL,"6,485",$528.77,"6,049 mi",18,$0.0874
MRU,VCE,"6,046",$527.57,"5,209 mi",17,$0.1013
MRU,SIN,"5,841",$790.69,"3,371 mi",16,$0.2346
MRU,TLV,"5,149",$607.05,"3,807 mi",14,$0.1595
MRU,KRK,"5,061",$381.88,"5,231 mi",14,$0.0730
MRU,ZYR,"5,051",$467.22,"5,712 mi",14,$0.0818
MRU,JFK,"5,014",$825.48,"8,999 mi",14,$0.0917
MRU,KTM,"4,958",$357.90,"3,691 mi",14,$0.0970
MRU,MIA,"4,958",$808.30,"9,458 mi",14,$0.0855
MRU,WDH,"4,955",$261.04,"2,505 mi",14,$0.1042
MRU,HYD,"4,696",$232.03,"2,869 mi",13,$0.0809
MRU,LUX,"4,568",$631.35,"5,600 mi",13,$0.1127
MRU,PLZ,"4,563",$237.43,"2,234 mi",13,$0.1063
MRU,AMD,"4,505",$236.95,"3,075 mi",12,$0.0771
MRU,MPL,"4,407",$555.72,"5,411 mi",12,$0.1027
MRU,HKG,"4,371",$830.74,"4,661 mi",12,$0.1782
MRU,CGK,"4,272",$702.05,"3,526 mi",12,$0.1991
MRU,SZG,"4,106",$797.30,"5,629 mi",11,$0.1416
MRU,BEG,"4,087",$330.88,"4,933 mi",11,$0.0671
MRU,LIN,"3,982",$601.61,"5,307 mi",11,$0.1134
MRU,BSL,"3,978",$409.24,"5,803 mi",11,$0.0705
MRU,PMI,"3,824",$967.33,"5,286 mi",10,$0.1830
MRU,EDI,"3,730",$647.77,"6,549 mi",10,$0.0989
MRU,LAX,"3,663",$912.64,"11,128 mi",10,$0.0820
MRU,MCO,"3,483",$628.35,"9,517 mi",10,$0.0660
MRU,SOF,"3,392",$363.45,"5,023 mi",9,$0.0724
MRU,CCU,"3,255",$341.63,"3,737 mi",9,$0.0914
MRU,GOT,"3,205",$422.13,"6,172 mi",9,$0.0684
MRU,VKO,"3,107",$556.47,"5,550 mi",9,$0.1003
MRU,BES,"2,957",$554.11,"5,918 mi",8,$0.0936
MRU,ATH,"2,944",$753.93,"4,727 mi",8,$0.1595
MRU,STR,"2,931",$697.60,"5,461 mi",8,$0.1277
MRU,VNO,"2,923",$669.92,"5,695 mi",8,$0.1176
MRU,LED,"2,873","$1,045.93","5,582 mi",8,$0.1874
MRU,RIX,"2,871",$462.96,"5,519 mi",8,$0.0839
MRU,DZA,"2,808",$170.33,946 mi,8,$0.1801
MRU,YVR,"2,786",$622.09,"10,761 mi",8,$0.0578
MRU,OPO,"2,732",$612.56,"6,190 mi",7,$0.0990
MRU,CTA,"2,628",$293.89,"4,720 mi",7,$0.0623
MRU,SFO,"2,468","$1,249.04","10,912 mi",7,$0.1145
MRU,AYT,"2,464",$421.81,"4,461 mi",7,$0.0946
MRU,IAD,"2,390","$1,690.08","9,778 mi",7,$0.1728
MRU,ZSE,"2,378",$79.42,153 mi,7,$0.5191
MRU,HAJ,"2,258",$387.57,"5,974 mi",6,$0.0649
MRU,NAP,"2,202",$772.76,"5,220 mi",6,$0.1480
MRU,CMB,"2,163",$420.03,"2,359 mi",6,$0.1781
MRU,BNE,"2,132",$935.97,"6,071 mi",6,$0.1542
MRU,DMM,"2,068",$437.53,"3,185 mi",6,$0.1374
MRU,BLL,"2,063",$274.35,"5,798 mi",6,$0.0473
MRU,HAH,"1,904",$557.49,"1,102 mi",5,$0.5059
MRU,LJU,"1,866",$614.18,"5,179 mi",5,$0.1186
MRU,HND,"1,828","$1,343.03","6,805 mi",5,$0.1974
MRU,NUE,"1,785",$328.62,"5,444 mi",5,$0.0604
MRU,DOH,"1,765",$489.65,"3,088 mi",5,$0.1586
MRU,COK,"1,735",$280.14,"2,540 mi",5,$0.1103
MRU,HDS,"1,721",$287.83,"1,779 mi",5,$0.1618
MRU,ALA,"1,715",$385.96,"4,438 mi",5,$0.0870
MRU,AGP,"1,711",$966.08,"5,823 mi",5,$0.1659
MRU,DPS,"1,698",$740.56,"4,025 mi",5,$0.1840
MRU,ZHT,"1,647",$620.32,"5,783 mi",5,$0.1073
MRU,TUN,"1,613",$566.07,"5,173 mi",4,$0.1094
MRU,JAI,"1,581",$262.51,"3,379 mi",4,$0.0777
MRU,ZNZ,"1,557",$558.48,"1,532 mi",4,$0.3645
MRU,KHI,"1,554",$465.36,"3,292 mi",4,$0.1414
MRU,XYD,"1,536",$381.07,"5,473 mi",4,$0.0696
MRU,IAH,"1,500",$716.65,"10,312 mi",4,$0.0695
MRU,LAS,"1,495","$1,003.61","11,609 mi",4,$0.0865
MRU,SJJ,"1,431",$350.46,"5,243 mi",4,$0.0668
MRU,TPA,"1,405","$1,088.05","10,184 mi",4,$0.1068
MRU,NRT,"1,401","$1,268.31","6,843 mi",4,$0.1853
MRU,MLA,"1,392",$695.10,"4,662 mi",4,$0.1491
MRU,TLL,"1,391",$968.18,"5,996 mi",4,$0.1615
MRU,ZAG,"1,387",$667.24,"5,421 mi",4,$0.1231
MRU,YYC,"1,357","$1,139.24","9,961 mi",4,$0.1144
MRU,PHX,"1,340","$1,152.31","11,678 mi",4,$0.0987
MRU,BRE,"1,331",$720.68,"6,032 mi",4,$0.1195
MRU,LEJ,"1,311",$783.61,"5,844 mi",4,$0.1341
MRU,VFA,"1,308",$289.09,"2,142 mi",4,$0.1350
MRU,BOS,"1,284",$934.23,"9,387 mi",4,$0.0995
MRU,BRI,"1,268",$351.29,"4,847 mi",3,$0.0725
MRU,GRU,"1,253","$1,700.02","6,306 mi",3,$0.2696
MRU,CLJ,"1,240",$467.21,"5,258 mi",3,$0.0889
MRU,MQP,"1,228",$244.29,"1,775 mi",3,$0.1376
MRU,NOS,"1,216",$213.10,766 mi,3,$0.2782
MRU,PMO,"1,194",$420.99,"4,826 mi",3,$0.0872
MRU,SEA,"1,191",$804.95,"10,886 mi",3,$0.0739
MRU,BIO,"1,179",$716.58,"6,015 mi",3,$0.1191
MRU,TFS,"1,158",$499.37,"5,800 mi",3,$0.0861
MRU,VLC,"1,139",$807.57,"5,752 mi",3,$0.1404
MRU,AUH,"1,135",$171.85,"3,013 mi",3,$0.0570
MRU,EWR,"1,108",$616.18,"9,018 mi",3,$0.0683
MRU,LHE,"1,100",$511.77,"3,643 mi",3,$0.1405
MRU,IXC,"1,069",$313.66,"3,865 mi",3,$0.0812
MRU,TPE,"1,058","$1,228.64","5,140 mi",3,$0.2390
MRU,RMO,"1,056",$511.70,"5,137 mi",3,$0.0996
MRU,CGN,"1,046",$357.26,"5,627 mi",3,$0.0635
MRU,PRI,"1,046",$267.33,"1,087 mi",3,$0.2459
MRU,FLR,"1,034",$668.74,"5,484 mi",3,$0.1219
MRU,ATL,"1,033",$876.93,"9,651 mi",3,$0.0909
MRU,NAV,"1,033",$261.16,"4,225 mi",3,$0.0618
NBO,KIS,"280,506",$54.39,169 mi,769,$0.3218
NBO,LHR,"261,552",$518.79,"4,379 mi",717,$0.1185
NBO,EDL,"204,577",$67.97,172 mi,560,$0.3952
NBO,DXB,"188,155",$407.91,"2,278 mi",515,$0.1791
NBO,BOM,"149,603",$140.49,"2,732 mi",410,$0.0514
NBO,MYD,"138,008",$76.65,248 mi,378,$0.3091
NBO,SHJ,"101,162",$160.69,"2,288 mi",277,$0.0702
NBO,UKA,"97,567",$89.35,267 mi,267,$0.3346
NBO,JED,"92,443",$233.84,"1,548 mi",253,$0.1511
NBO,DOH,"85,670",$124.90,"2,021 mi",235,$0.0618
NBO,CDG,"78,133",$443.23,"3,915 mi",214,$0.1132
NBO,ZNZ,"74,353",$149.14,363 mi,204,$0.4109
NBO,JUB,"72,632",$243.18,547 mi,199,$0.4446
NBO,KUL,"65,627",$195.12,"4,619 mi",180,$0.0422
NBO,RUH,"55,761",$174.57,"1,872 mi",153,$0.0933
NBO,JFK,"52,315",$913.28,"7,134 mi",143,$0.1280
NBO,AMS,"51,667",$433.06,"4,273 mi",142,$0.1013
NBO,CAN,"51,119",$504.64,"5,230 mi",140,$0.0965
NBO,MSP,"49,755",$388.77,"8,413 mi",136,$0.0462
NBO,IAD,"42,050",$857.29,"7,345 mi",115,$0.1167
NBO,DEL,"41,521",$330.74,"3,466 mi",114,$0.0954
NBO,MCT,"38,002",$148.95,"2,307 mi",104,$0.0646
NBO,YYZ,"37,183",$550.07,"7,360 mi",102,$0.0747
NBO,FRA,"36,241",$377.05,"3,807 mi",99,$0.0990
NBO,LAU,"35,091",$86.58,275 mi,96,$0.3148
NBO,BJM,"33,068",$262.13,559 mi,91,$0.4689
NBO,MAD,"30,599",$429.58,"3,734 mi",84,$0.1150
NBO,IST,"30,041",$357.05,"2,897 mi",82,$0.1232
NBO,BRU,"29,039",$305.89,"3,958 mi",80,$0.0773
NBO,LGW,"27,304",$344.62,"4,100 mi",75,$0.0841
NBO,GVA,"24,961",$671.96,"3,895 mi",68,$0.1725
NBO,MAN,"24,597",$357.83,"4,529 mi",67,$0.0790
NBO,BOS,"24,228",$635.11,"7,406 mi",66,$0.0858
NBO,FCO,"24,124",$459.22,"3,254 mi",66,$0.1411
NBO,SEA,"22,868",$768.82,"9,285 mi",63,$0.0828
NBO,ARN,"22,616",$305.70,"4,206 mi",62,$0.0727
NBO,DFW,"21,983",$585.26,"8,480 mi",60,$0.0690
NBO,ICN,"21,791",$634.68,"6,060 mi",60,$0.1047
NBO,BER,"21,675",$428.27,"3,832 mi",59,$0.1118
NBO,AMD,"21,504",$179.94,"2,845 mi",59,$0.0632
NBO,CPH,"20,965",$316.80,"4,040 mi",57,$0.0784
NBO,MXP,"20,909",$321.15,"3,563 mi",57,$0.0901
NBO,PVG,"20,833",$630.32,"5,784 mi",57,$0.1090
NBO,ORD,"20,637",$712.55,"7,780 mi",57,$0.0916
NBO,ATL,"20,194",$560.29,"8,289 mi",55,$0.0676
NBO,CSX,"19,584",$670.33,"5,592 mi",54,$0.1199
NBO,BCN,"19,159",$421.00,"3,555 mi",52,$0.1184
NBO,ZRH,"18,364",$463.97,"3,893 mi",50,$0.1192
NBO,VIE,"18,295",$409.95,"3,518 mi",50,$0.1165
NBO,CMH,"18,256",$354.41,"7,593 mi",50,$0.0467
NBO,PKX,"17,962",$533.77,"5,889 mi",49,$0.0906
NBO,DMM,"17,753",$115.49,"2,166 mi",49,$0.0533
NBO,LAX,"17,272","$1,021.59","9,386 mi",47,$0.1088
NBO,OSL,"17,172",$288.86,"4,336 mi",47,$0.0666
NBO,BKK,"16,936",$623.88,"4,624 mi",46,$0.1349
NBO,TNR,"16,561",$405.64,"1,445 mi",45,$0.2807
NBO,SEZ,"15,445",$433.53,"1,264 mi",42,$0.3430
NBO,MUC,"15,386",$330.34,"3,860 mi",42,$0.0856
NBO,SFO,"15,285","$1,058.98","9,317 mi",42,$0.1137
NBO,DUB,"14,700",$482.47,"4,656 mi",40,$0.1036
NBO,HYD,"14,615",$226.39,"3,009 mi",40,$0.0752
NBO,NRT,"13,880","$1,099.99","6,813 mi",38,$0.1615
NBO,IAH,"12,854",$731.59,"8,998 mi",35,$0.0813
NBO,SIN,"12,659",$959.21,"4,776 mi",35,$0.2008
NBO,YUL,"12,457",$453.64,"7,493 mi",34,$0.0605
NBO,PEK,"12,239",$871.15,"5,904 mi",34,$0.1476
NBO,HKG,"11,882",$754.84,"5,586 mi",33,$0.1351
NBO,MIA,"11,401",$926.35,"8,179 mi",31,$0.1133
NBO,MED,"11,352",$185.88,"1,851 mi",31,$0.1004
NBO,AMM,"11,314",$265.67,"2,215 mi",31,$0.1199
NBO,BLR,"11,180",$379.29,"3,057 mi",31,$0.1241
NBO,MEL,"11,108","$1,060.72","7,348 mi",30,$0.1444
NBO,VFA,"10,942",$593.61,"1,341 mi",30,$0.4427
NBO,BHX,"10,583",$434.45,"4,468 mi",29,$0.0972
NBO,BEY,"10,576",$188.91,"2,357 mi",29,$0.0801
NBO,HEL,"9,927",$402.93,"4,178 mi",27,$0.0964
NBO,RDU,"9,841",$581.70,"7,928 mi",27,$0.0734
NBO,DZA,"9,718",$382.92,949 mi,27,$0.4035
NBO,EWR,"9,513",$594.64,"7,153 mi",26,$0.0831
NBO,AUH,"9,466",$223.96,"2,203 mi",26,$0.1017
NBO,YVR,"9,353",$640.48,"8,657 mi",26,$0.0740
NBO,DEN,"9,325",$832.69,"8,581 mi",26,$0.0970
NBO,PER,"9,259","$1,103.44","5,362 mi",25,$0.2058
NBO,ATH,"8,948",$364.11,"2,751 mi",25,$0.1324
NBO,SYD,"8,594","$1,196.26","7,766 mi",24,$0.1540
NBO,TLV,"8,553",$546.52,"2,237 mi",23,$0.2443
NBO,EDI,"8,542",$455.06,"4,692 mi",23,$0.0970
NBO,YEG,"8,484",$574.81,"8,215 mi",23,$0.0700
NBO,KWI,"8,476",$170.66,"2,166 mi",23,$0.0788
NBO,LIS,"8,405",$561.11,"3,903 mi",23,$0.1438
NBO,HND,"8,353","$1,352.04","7,202 mi",23,$0.1877
NBO,HAM,"8,167",$387.32,"3,977 mi",22,$0.0974
NBO,MAA,"8,092",$289.86,"3,031 mi",22,$0.0956
NBO,CLT,"8,043",$509.94,"8,061 mi",22,$0.0633
NBO,PRG,"7,806",$395.02,"3,912 mi",21,$0.1010
NBO,BLZ,"7,773",$200.47,971 mi,21,$0.2065
NBO,WDH,"7,531",$460.11,"1,902 mi",21,$0.2419
NBO,PHX,"7,229",$660.18,"9,159 mi",20,$0.0721
NBO,MCO,"7,048",$761.57,"7,725 mi",19,$0.0986
NBO,VCE,"7,041",$603.60,"3,674 mi",19,$0.1643
NBO,BUD,"6,979",$387.53,"3,640 mi",19,$0.1065
NBO,WAW,"6,946",$413.46,"3,924 mi",19,$0.1054
NBO,BAH,"6,907",$188.66,"2,177 mi",19,$0.0867
NBO,MNL,"6,741",$819.50,"6,021 mi",18,$0.1361
NBO,YYC,"6,647",$524.89,"8,860 mi",18,$0.0592
NBO,BNE,"6,635","$1,275.82","7,533 mi",18,$0.1694
NBO,ROB,"6,282",$640.00,"3,204 mi",17,$0.1998
NBO,DUS,"6,251",$312.76,"3,920 mi",17,$0.0798
NBO,KHI,"6,171",$430.10,"2,635 mi",17,$0.1632
NBO,NSI,"6,143",$523.68,"1,732 mi",17,$0.3024
NBO,LIN,"5,909",$433.55,"3,756 mi",16,$0.1154
NBO,TUN,"5,886",$534.08,"3,050 mi",16,$0.1751
NBO,LVI,"5,868",$580.86,"1,408 mi",16,$0.4125
NBO,ASM,"5,800",$399.03,"1,121 mi",16,$0.3560
NBO,MCI,"5,648",$473.49,"8,676 mi",15,$0.0546
NBO,NDJ,"5,432",$652.20,"1,714 mi",15,$0.3805
NBO,TFU,"5,396",$420.05,"5,083 mi",15,$0.0826
NBO,DAC,"5,367",$549.76,"4,104 mi",15,$0.1340
NBO,HAH,"5,278",$396.61,854 mi,14,$0.4644
NBO,CMB,"5,248",$536.82,"2,928 mi",14,$0.1833
NBO,TPE,"5,231",$956.77,"5,724 mi",14,$0.1672
NBO,DME,"5,201",$677.84,"3,802 mi",14,$0.1783
NBO,GGR,"5,198",$211.49,"1,079 mi",14,$0.1960
NBO,BNA,"5,115",$544.34,"7,870 mi",14,$0.0692
NBO,PHL,"5,115",$598.59,"7,665 mi",14,$0.0781
NBO,GOT,"5,061",$278.17,"4,168 mi",14,$0.0667
NBO,CGK,"5,015",$789.79,"4,960 mi",14,$0.1592
NBO,PDX,"4,805",$838.17,"9,408 mi",13,$0.0891
NBO,ELQ,"4,793",$149.00,"1,903 mi",13,$0.0783
NBO,NLA,"4,733",$303.35,"1,019 mi",13,$0.2977
NBO,CKG,"4,703",$852.49,"4,903 mi",13,$0.1739
NBO,KMU,"4,695",$67.48,400 mi,13,$0.1687
NBO,DTW,"4,620",$502.15,"7,565 mi",13,$0.0664
NBO,STL,"4,505",$620.12,"7,984 mi",12,$0.0777
NBO,IND,"4,500",$470.23,"7,764 mi",12,$0.0606
NBO,ADL,"4,441",$883.88,"7,026 mi",12,$0.1258
NBO,YOW,"4,276",$576.21,"7,589 mi",12,$0.0759
NBO,KIX,"4,085","$1,017.36","6,541 mi",11,$0.1555
NBO,AHB,"4,078",$191.77,"1,448 mi",11,$0.1324
NBO,HGH,"4,046",$541.19,"6,053 mi",11,$0.0894
NBO,STR,"4,029",$587.43,"3,947 mi",11,$0.1488
NBO,AGP,"4,027",$495.13,"3,844 mi",11,$0.1288
NBO,OUA,"4,015",$652.44,"2,717 mi",11,$0.2401
NBO,BEG,"3,996",$314.66,"3,447 mi",11,$0.0913
NBO,BLQ,"3,993",$454.21,"3,644 mi",11,$0.1246
NBO,APL,"3,945",$600.60,995 mi,11,$0.6036
NBO,MBI,"3,867",$186.26,594 mi,11,$0.3136
NBO,IKA,"3,846",$508.12,"2,780 mi",11,$0.1828
NBO,MRS,"3,804",$464.71,"3,552 mi",10,$0.1308
NBO,GLK,"3,776",$120.88,889 mi,10,$0.1360
NBO,SLC,"3,616",$866.26,"8,815 mi",10,$0.0983
NBO,NCE,"3,597",$541.44,"3,502 mi",10,$0.1546
NBO,SHO,"3,566",$614.94,"1,817 mi",10,$0.3384
NBO,TLL,"3,499",$401.60,"4,374 mi",10,$0.0918
NBO,OTP,"3,490",$406.03,"3,337 mi",10,$0.1217
NBO,AUS,"3,466",$712.14,"8,591 mi",9,$0.0829
NBO,CCU,"3,444",$269.18,"3,725 mi",9,$0.0723
NBO,DOD,"3,444",$156.53,335 mi,9,$0.4673
NBO,BGF,"3,367",$485.62,"1,291 mi",9,$0.3762
NBO,MWZ,"3,327",$170.56,278 mi,9,$0.6135
NBO,TPA,"3,314",$745.31,"7,803 mi",9,$0.0955
NBO,GLA,"3,298",$561.89,"4,444 mi",9,$0.1264
NBO,LYS,"3,244",$384.83,"3,900 mi",9,$0.0987
NBO,MEX,"3,220","$1,183.62","9,486 mi",9,$0.1248
NBO,ISB,"3,216",$656.01,"3,252 mi",9,$0.2017
NBO,VLC,"3,179",$813.86,"3,570 mi",9,$0.2280
NBO,GOM,"3,167",$190.99,548 mi,9,$0.3485
NBO,CGN,"3,085",$408.43,"3,888 mi",8,$0.1050
NBO,OPO,"3,054",$508.43,"3,973 mi",8,$0.1280
NBO,DPS,"3,047",$800.33,"5,239 mi",8,$0.1528
NBO,GRU,"3,028","$1,036.63","5,936 mi",8,$0.1746
NBO,YWG,"3,025",$713.34,"8,382 mi",8,$0.0851
NBO,DCA,"2,961",$374.35,"7,779 mi",8,$0.0481
NBO,BLL,"2,955",$338.17,"4,368 mi",8,$0.0774
NBO,CVG,"2,952",$681.01,"7,701 mi",8,$0.0884
NBO,PLZ,"2,922",$495.39,"2,301 mi",8,$0.2153
NBO,HAN,"2,904",$553.84,"5,044 mi",8,$0.1098
NBO,TLS,"2,810",$404.53,"3,918 mi",8,$0.1032
NBO,OMA,"2,784",$519.07,"8,157 mi",8,$0.0636
NBO,SVO,"2,752",$581.66,"4,077 mi",8,$0.1427
NBO,SDF,"2,739",$497.05,"8,255 mi",8,$0.0602
NBO,MSU,"2,697",$445.39,"1,979 mi",7,$0.2251
NBO,PZU,"2,653",$404.39,"1,391 mi",7,$0.2907
NBO,TUU,"2,596",$199.43,"1,989 mi",7,$0.1003
NBO,BOG,"2,594","$1,123.93","7,447 mi",7,$0.1509
NBO,KTM,"2,593",$373.30,"3,899 mi",7,$0.0957
NBO,SZX,"2,572",$570.30,"5,256 mi",7,$0.1085
NBO,BGW,"2,518",$355.51,"2,509 mi",7,$0.1417
NBO,MLE,"2,493",$663.92,"2,479 mi",7,$0.2678
NBO,NUE,"2,492",$575.03,"3,718 mi",7,$0.1547
NBO,SAN,"2,444",$743.07,"9,400 mi",7,$0.0791
NBO,QYG,"2,415",$224.84,"3,938 mi",7,$0.0571
NBO,RAK,"2,398",$740.60,"3,830 mi",7,$0.1934
NBO,XIY,"2,380",$488.22,"5,085 mi",7,$0.0960
NBO,CKY,"2,319",$949.24,"3,664 mi",6,$0.2591
NBO,ZAG,"2,318",$487.86,"3,597 mi",6,$0.1356
NBO,AKL,"2,291","$1,371.41","8,398 mi",6,$0.1633
NBO,HAJ,"2,273",$411.90,"3,917 mi",6,$0.1052
NBO,TRN,"2,255",$473.25,"3,570 mi",6,$0.1326
NBO,NCL,"2,230",$787.61,"4,598 mi",6,$0.1713
NBO,PIT,"2,225",$640.82,"7,453 mi",6,$0.0860
NBO,SHA,"2,209",$505.27,"6,113 mi",6,$0.0827
NBO,HKT,"2,151",$476.55,"4,405 mi",6,$0.1082
NBO,DSM,"2,142",$575.59,"8,052 mi",6,$0.0715
NBO,EAM,"2,098",$197.53,"1,362 mi",6,$0.1450
NBO,SOF,"2,078",$382.81,"3,250 mi",6,$0.1178
NBO,SGN,"2,066",$559.89,"5,008 mi",6,$0.1118
NBO,LAS,"2,048",$810.92,"9,160 mi",6,$0.0885
NBO,MLA,"2,046",$663.94,"2,859 mi",6,$0.2322
NBO,CLE,"2,025",$631.78,"7,513 mi",6,$0.0841
NBO,ESB,"2,009",$335.36,"2,960 mi",6,$0.1133
NBO,NIM,"1,982",$859.94,"2,512 mi",5,$0.3423
NBO,HAS,"1,925",$186.28,"1,952 mi",5,$0.0954
NBO,LHE,"1,882",$563.20,"3,442 mi",5,$0.1636
NBO,JAX,"1,840","$1,055.80","8,192 mi",5,$0.1289
NBO,COK,"1,831",$271.63,"2,743 mi",5,$0.0990
NBO,MSY,"1,822",$756.48,"8,198 mi",5,$0.0923
NBO,BSL,"1,796",$571.99,"3,702 mi",5,$0.1545
NBO,NKG,"1,786",$509.23,"5,967 mi",5,$0.0853
NBO,LUX,"1,692",$743.61,"3,845 mi",5,$0.1934
NBO,LJU,"1,688",$863.38,"3,665 mi",5,$0.2356
NBO,NAP,"1,671",$626.39,"3,147 mi",5,$0.1990
NBO,GYD,"1,641",$328.66,"2,913 mi",4,$0.1128
NBO,BHD,"1,632",$630.55,"4,426 mi",4,$0.1425
NBO,VNO,"1,625",$504.25,"4,040 mi",4,$0.1248
NBO,KBL,"1,621",$482.14,"3,145 mi",4,$0.1533
NBO,EZE,"1,605","$1,201.87","6,282 mi",4,$0.1913
NBO,ECN,"1,552",$413.04,"2,454 mi",4,$0.1683
NBO,BIO,"1,497",$454.56,"4,064 mi",4,$0.1119
NBO,KRK,"1,488",$314.05,"3,582 mi",4,$0.0877
NBO,LCA,"1,486",$574.91,"2,435 mi",4,$0.2361
NBO,FLR,"1,475",$734.32,"3,395 mi",4,$0.2163
NBO,JER,"1,471",$716.46,"4,068 mi",4,$0.1761
NBO,EBL,"1,470",$705.99,"2,713 mi",4,$0.2602
NBO,MEM,"1,431",$996.05,"8,063 mi",4,$0.1235
NBO,BGO,"1,373",$381.50,"4,720 mi",4,$0.0808
NBO,SCL,"1,365","$1,516.82","7,398 mi",4,$0.2050
NBO,RUN,"1,361",$501.55,"1,788 mi",4,$0.2805
NBO,SHE,"1,360",$407.42,"6,284 mi",4,$0.0648
NBO,BRE,"1,323",$251.91,"3,969 mi",4,$0.0635
NBO,CGO,"1,319",$459.43,"5,694 mi",4,$0.0807
NBO,BOD,"1,316",$665.19,"4,053 mi",4,$0.1641
NBO,YHZ,"1,316",$646.34,"6,997 mi",4,$0.0924
NBO,SVQ,"1,297",$860.42,"3,710 mi",4,$0.2319
NBO,ORF,"1,279",$926.25,"7,314 mi",4,$0.1266
NBO,TAO,"1,276",$618.38,"6,069 mi",3,$0.1019
NBO,KEF,"1,258",$467.93,"5,576 mi",3,$0.0839
NBO,VKO,"1,229",$427.23,"3,814 mi",3,$0.1120
NBO,XNB,"1,223",$143.25,"2,289 mi",3,$0.0626
NBO,AAL,"1,189",$409.44,"4,178 mi",3,$0.0980
NBO,FAR,"1,175",$811.96,"8,487 mi",3,$0.0957
NBO,PMI,"1,172",$757.17,"3,663 mi",3,$0.2067
NBO,RIX,"1,163",$393.43,"3,965 mi",3,$0.0992
NBO,STN,"1,157",$734.76,"4,379 mi",3,$0.1678
NBO,LIM,"1,148","$1,650.35","8,054 mi",3,$0.2049
NBO,FOC,"1,145",$348.51,"5,633 mi",3,$0.0619
NBO,ADB,"1,135",$540.55,"2,891 mi",3,$0.1870
NBO,GRR,"1,104",$692.70,"8,122 mi",3,$0.0853
NBO,SMF,"1,100",$655.03,"9,805 mi",3,$0.0668
NBO,GEG,"1,097",$674.43,"9,158 mi",3,$0.0736
NBO,AJF,"1,089",$219.60,"2,224 mi",3,$0.0987
NBO,BRI,"1,086",$274.66,"3,099 mi",3,$0.0886
NBO,CHS,"1,084","$1,055.34","8,053 mi",3,$0.1310
NBO,BEL,"1,082","$1,821.05","5,722 mi",3,$0.3183
NBO,NTE,"1,082",$722.38,"3,955 mi",3,$0.1826
NBO,BUQ,"1,074",$428.02,"1,451 mi",3,$0.2950
NBO,URY,"1,070",$212.44,"2,194 mi",3,$0.0968
NBO,SSH,"1,064",$156.32,"1,970 mi",3,$0.0794
NBO,AYT,"1,062",$483.29,"2,590 mi",3,$0.1866
NBO,SAW,"1,057",$236.47,"2,867 mi",3,$0.0825
NBO,ICT,"1,050",$931.99,"8,865 mi",3,$0.1051
NBO,SAT,"1,045",$714.28,"9,187 mi",3,$0.0777
NBO,KME,"1,037",$167.97,542 mi,3,$0.3099
NBO,TBS,"1,028",$577.53,"3,102 mi",3,$0.1862
NBO,RBA,"1,006","$1,112.18","3,627 mi",3,$0.3066
NBO,YIW,"1,000",$384.74,"6,023 mi",3,$0.0639
NDJ,CDG,"30,388",$684.59,"2,567 mi",83,$0.2667
NDJ,DXB,"23,843",$666.15,"2,695 mi",65,$0.2472
NDJ,JED,"18,331",$320.33,"1,670 mi",50,$0.1918
NDJ,NSI,"12,477",$239.65,647 mi,34,$0.3704
NDJ,IST,"12,022",$313.76,"2,242 mi",33,$0.1399
NDJ,MED,"8,633",$295.64,"1,772 mi",24,$0.1668
NDJ,TUN,"5,962",$443.45,"1,682 mi",16,$0.2636
NDJ,PEK,"5,795",$807.97,"6,087 mi",16,$0.1327
NDJ,DEL,"5,085",$486.09,"4,009 mi",14,$0.1212
NDJ,AEH,"5,016",$228.62,421 mi,14,$0.5430
NDJ,CAN,"4,528",$473.73,"6,206 mi",12,$0.0763
NDJ,OUA,"4,272",$600.61,"1,083 mi",12,$0.5546
NDJ,PVG,"3,681",$752.89,"6,543 mi",10,$0.1151
NDJ,SHJ,"3,286",$237.81,"2,872 mi",9,$0.0828
NDJ,NIM,"3,097",$455.53,897 mi,8,$0.5078
NDJ,RUH,"2,285",$291.16,"2,181 mi",6,$0.1335
NDJ,TFU,"2,229",$737.63,"5,590 mi",6,$0.1320
NDJ,MCT,"2,224",$291.24,"2,852 mi",6,$0.1021
NDJ,GVA,"2,081",$795.24,"2,341 mi",6,$0.3397
NDJ,DME,"1,872",$562.56,"3,137 mi",5,$0.1793
NDJ,YUL,"1,818",$620.40,"5,397 mi",5,$0.1150
NDJ,LHR,"1,680",$788.59,"2,940 mi",5,$0.2682
NDJ,KWI,"1,604",$240.20,"2,494 mi",4,$0.0963
NDJ,IAD,"1,594","$1,533.56","6,000 mi",4,$0.2556
NDJ,BOM,"1,502",$532.54,"3,978 mi",4,$0.1339
NDJ,BRU,"1,415",$316.12,"2,826 mi",4,$0.1119
NDJ,AMM,"1,301",$457.21,"1,956 mi",4,$0.2337
NDJ,BLR,"1,210",$578.19,"4,340 mi",3,$0.1332
NDJ,AMS,"1,206",$410.05,"2,919 mi",3,$0.1405
NDJ,LYS,"1,195",$724.04,"2,321 mi",3,$0.3120
NDJ,JFK,"1,122",$745.51,"5,781 mi",3,$0.1290
NDJ,YYZ,"1,041",$493.25,"5,695 mi",3,$0.0866
NDJ,AUH,"1,037",$635.35,"2,805 mi",3,$0.2265
NDJ,FCO,"1,031",$533.20,"1,995 mi",3,$0.2673
NIM,OUA,"21,886",$136.25,268 mi,60,$0.5084
NIM,TUN,"18,913",$189.45,"1,741 mi",52,$0.1088
NIM,JED,"8,075",$611.70,"2,569 mi",22,$0.2381
NIM,IST,"7,107",$330.94,"2,572 mi",19,$0.1287
NIM,DXB,"6,934",$473.55,"3,644 mi",19,$0.1300
NIM,MED,"5,698",$379.24,"2,635 mi",16,$0.1439
NIM,GAQ,"5,325",$53.70,233 mi,15,$0.2305
NIM,BRU,"4,124",$195.17,"2,667 mi",11,$0.0732
NIM,IAD,"3,170",$798.75,"5,237 mi",9,$0.1525
NIM,CDG,"2,985",$303.23,"2,529 mi",8,$0.1199
NIM,ORY,"2,862",$250.44,"2,508 mi",8,$0.0999
NIM,MAD,"2,231",$211.83,"1,841 mi",6,$0.1151
NIM,PEK,"2,121",$948.30,"6,639 mi",6,$0.1428
NIM,CAN,"1,912",$623.76,"6,919 mi",5,$0.0902
NIM,YUL,"1,909",$519.31,"5,024 mi",5,$0.1034
NIM,JFK,"1,871",$401.44,"5,029 mi",5,$0.0798
NIM,CKY,"1,784",$467.11,"1,069 mi",5,$0.4370
NIM,GVA,"1,393",$237.64,"2,207 mi",4,$0.1077
NIM,PVG,"1,390",$338.62,"7,609 mi",4,$0.0445
NIM,NKC,"1,277",$274.71,"1,209 mi",3,$0.2272
NIM,RUH,"1,079",$522.46,"3,086 mi",3,$0.1693
NIM,ESB,"1,073",$497.79,"2,541 mi",3,$0.1959
NKC,CDG,"57,938",$437.18,"2,430 mi",159,$0.1799
NKC,TUN,"55,588",$128.46,"2,102 mi",152,$0.0611
NKC,LPA,"42,061",$273.57,646 mi,115,$0.4235
NKC,MED,"35,200",$419.89,"3,476 mi",96,$0.1208
NKC,NDB,"21,390",$53.42,200 mi,59,$0.2671
NKC,DXB,"15,803",$410.38,"4,688 mi",43,$0.0875
NKC,IST,"14,783",$353.74,"3,161 mi",41,$0.1119
NKC,ORY,"11,526",$207.70,"2,408 mi",32,$0.0863
NKC,EMN,"9,799",$90.97,561 mi,27,$0.1622
NKC,JED,"9,490",$357.23,"3,461 mi",26,$0.1032
NKC,MAD,"8,027",$229.46,"1,752 mi",22,$0.1310
NKC,OUZ,"6,566",$68.62,392 mi,18,$0.1751
NKC,DOH,"4,485",$256.43,"4,189 mi",12,$0.0612
NKC,BCN,"3,979",$149.41,"1,970 mi",11,$0.0758
NKC,SVO,"3,539",$556.40,"3,669 mi",10,$0.1516
NKC,PVG,"3,300",$618.24,"7,777 mi",9,$0.0795
NKC,IAD,"2,904",$810.78,"4,030 mi",8,$0.2012
NKC,CAN,"2,738",$762.15,"7,725 mi",8,$0.0987
NKC,FRA,"2,624",$217.73,"2,500 mi",7,$0.0871
NKC,CKY,"2,511",$116.64,627 mi,7,$0.1860
NKC,JFK,"2,474",$434.79,"3,616 mi",7,$0.1202
NKC,PEK,"2,292",$614.92,"7,600 mi",6,$0.0809
NKC,BRU,"2,264",$253.79,"2,591 mi",6,$0.0980
NKC,RUH,"2,167",$489.54,"3,896 mi",6,$0.1257
NKC,VKO,"2,059",$467.97,"3,654 mi",6,$0.1281
NKC,MRS,"1,923",$346.01,"2,193 mi",5,$0.1578
NKC,PKX,"1,892",$581.97,"7,177 mi",5,$0.0811
NKC,GVA,"1,806",$547.94,"2,373 mi",5,$0.2309
NKC,CGK,"1,713","$1,001.21","8,232 mi",5,$0.1216
NKC,LYS,"1,678",$266.14,"2,312 mi",5,$0.1151
NKC,YUL,"1,594",$433.19,"3,661 mi",4,$0.1183
NKC,AGP,"1,571",$176.96,"1,405 mi",4,$0.1260
NKC,LHR,"1,480","$1,060.04","2,370 mi",4,$0.4473
NKC,BOD,"1,471",$256.15,"2,093 mi",4,$0.1224
NKC,BEY,"1,403",$402.88,"3,431 mi",4,$0.1174
NKC,OUA,"1,364",$304.28,"1,071 mi",4,$0.2841
NKC,AUH,"1,234",$380.23,"4,381 mi",3,$0.0868
NKC,AMS,"1,209",$597.93,"2,525 mi",3,$0.2368
NKC,FCO,"1,209",$251.02,"2,250 mi",3,$0.1116
NKC,TLS,"1,205",$191.98,"2,080 mi",3,$0.0923
NKC,MXP,"1,198",$211.42,"2,287 mi",3,$0.0924
NKC,NTE,"1,143",$234.74,"2,088 mi",3,$0.1124
NLA,BOM,"10,240",$204.52,"3,856 mi",28,$0.0530
NLA,LVI,"4,709",$296.91,370 mi,13,$0.8025
NLA,DXB,"3,779",$541.74,"3,104 mi",10,$0.1745
NLA,MNS,"2,717",$76.27,124 mi,7,$0.6151
NLA,LHR,"2,507",$532.20,"4,636 mi",7,$0.1148
NLA,ROB,"2,331",$572.82,"2,891 mi",6,$0.1981
NLA,PEK,"1,784",$814.18,"6,491 mi",5,$0.1254
NLA,CAN,"1,730",$548.38,"6,436 mi",5,$0.0852
NLA,LIM,"1,653",$828.56,"7,268 mi",5,$0.1140
NLA,DEL,"1,512",$336.45,"4,461 mi",4,$0.0754
NLA,SLI,"1,329",$221.64,160 mi,4,$1.3853
NLA,PVG,"1,179",$688.48,"6,664 mi",3,$0.1033
NSI,CDG,"94,735",$474.21,"3,079 mi",260,$0.1540
NSI,BRU,"22,575",$320.64,"3,186 mi",62,$0.1006
NSI,NGE,"19,469",$60.48,277 mi,53,$0.2183
NSI,GVA,"14,137",$456.98,"3,045 mi",39,$0.1501
NSI,YUL,"13,911",$487.93,"5,981 mi",38,$0.0816
NSI,IAD,"13,361",$534.06,"6,183 mi",37,$0.0864
NSI,GOU,"11,569",$71.89,419 mi,32,$0.1716
NSI,DXB,"11,509",$555.28,"3,362 mi",32,$0.1652
NSI,MVR,"10,059",$80.04,485 mi,28,$0.1650
NSI,IST,"6,408",$276.47,"2,721 mi",18,$0.1016
NSI,CAN,"6,329",$463.35,"6,651 mi",17,$0.0697
NSI,LYS,"5,858",$313.11,"2,840 mi",16,$0.1103
NSI,FRA,"5,232",$372.12,"3,108 mi",14,$0.1197
NSI,BFX,"5,206",$47.04,154 mi,14,$0.3055
NSI,LHR,"4,187",$594.84,"3,473 mi",11,$0.1713
NSI,BER,"3,928",$526.79,"3,464 mi",11,$0.1521
NSI,FCO,"3,720",$429.97,"2,552 mi",10,$0.1685
NSI,MXP,"3,589",$306.48,"2,987 mi",10,$0.1026
NSI,ZRH,"3,505",$333.88,"2,936 mi",10,$0.1137
NSI,MAD,"3,367",$244.86,"2,628 mi",9,$0.0932
NSI,PEK,"3,233",$577.67,"6,634 mi",9,$0.0871
NSI,BGF,"3,205",$597.67,468 mi,9,$1.2771
NSI,OUA,"3,171",$397.94,"1,106 mi",9,$0.3598
NSI,YYZ,"2,569",$543.07,"5,917 mi",7,$0.0918
NSI,DFW,"2,506",$606.22,"6,930 mi",7,$0.0875
NSI,JFK,"2,482",$626.40,"5,980 mi",7,$0.1047
NSI,TUN,"2,468",$411.57,"2,359 mi",7,$0.1745
NSI,ATL,"2,380",$648.83,"6,226 mi",7,$0.1042
NSI,TLS,"2,341",$400.82,"2,742 mi",6,$0.1462
NSI,YOW,"2,317",$462.04,"6,077 mi",6,$0.0760
NSI,ORD,"2,313",$657.32,"6,333 mi",6,$0.1038
NSI,SSG,"2,305",$330.45,190 mi,6,$1.7392
NSI,MRS,"2,266",$438.69,"2,854 mi",6,$0.1537
NSI,JED,"1,885",$662.50,"2,161 mi",5,$0.3066
NSI,MUC,"1,852",$412.21,"3,177 mi",5,$0.1297
NSI,ORY,"1,827",$203.29,"3,251 mi",5,$0.0625
NSI,CKY,"1,820",$513.97,"1,720 mi",5,$0.2988
NSI,DUS,"1,757",$215.50,"3,397 mi",5,$0.0634
NSI,PVG,"1,736",$607.70,"7,050 mi",5,$0.0862
NSI,IAH,"1,709","$1,026.61","6,878 mi",5,$0.1493
NSI,EWR,"1,697",$502.38,"6,001 mi",5,$0.0837
NSI,POG,"1,680",$112.84,351 mi,5,$0.3215
NSI,DEL,"1,642",$486.78,"4,478 mi",4,$0.1087
NSI,RUH,"1,564",$535.94,"2,840 mi",4,$0.1887
NSI,LAX,"1,519",$765.80,"8,518 mi",4,$0.0899
NSI,BEY,"1,504",$394.71,"2,665 mi",4,$0.1481
NSI,BCN,"1,502",$328.29,"2,582 mi",4,$0.1271
NSI,DME,"1,440",$502.45,"3,744 mi",4,$0.1342
NSI,VCE,"1,414",$445.10,"2,800 mi",4,$0.1590
NSI,HAM,"1,358",$388.67,"3,552 mi",4,$0.1094
NSI,NCE,"1,334",$578.18,"2,689 mi",4,$0.2150
NSI,BOD,"1,271",$366.44,"3,024 mi",3,$0.1212
NSI,VIE,"1,245",$605.59,"3,173 mi",3,$0.1909
NSI,STR,"1,240",$448.64,"3,203 mi",3,$0.1401
NSI,BLQ,"1,220",$321.15,"2,904 mi",3,$0.1106
NSI,TNR,"1,136",$429.80,"2,809 mi",3,$0.1530
NSI,MAN,"1,119",$265.70,"3,412 mi",3,$0.0779
NSI,BOM,"1,108",$623.94,"4,392 mi",3,$0.1421
NSI,BJM,"1,106",$528.63,"1,360 mi",3,$0.3887
NSI,MED,"1,093",$723.33,"2,291 mi",3,$0.3157
NSI,GRU,"1,086",$714.52,"4,460 mi",3,$0.1602
NSI,MSP,"1,022","$1,051.51","6,955 mi",3,$0.1512
OUA,CDG,"18,006",$354.18,"2,467 mi",49,$0.1436
OUA,BRU,"13,615",$338.76,"2,766 mi",37,$0.1225
OUA,BOY,"10,347",$49.11,202 mi,28,$0.2431
OUA,MXP,"9,879",$147.21,"2,305 mi",27,$0.0639
OUA,DXB,"8,981",$546.92,"3,684 mi",25,$0.1485
OUA,TUN,"8,253",$228.02,"1,787 mi",23,$0.1276
OUA,CKY,"7,981",$482.58,818 mi,22,$0.5900
OUA,IST,"7,937",$391.63,"2,787 mi",22,$0.1405
OUA,CAN,"7,762",$772.07,"7,166 mi",21,$0.1077
OUA,YUL,"7,134",$514.10,"4,896 mi",20,$0.1050
OUA,VCE,"6,385",$200.88,"2,504 mi",17,$0.0802
OUA,ORY,"6,220",$220.79,"2,447 mi",17,$0.0902
OUA,FCO,"6,053",$167.53,"2,263 mi",17,$0.0740
OUA,JFK,"5,246",$319.84,"4,597 mi",14,$0.0696
OUA,PVG,"4,187",$610.32,"7,857 mi",11,$0.0777
OUA,BLQ,"4,150",$149.03,"2,279 mi",11,$0.0654
OUA,PEK,"4,116",$728.04,"7,285 mi",11,$0.0999
OUA,GVA,"4,040",$543.27,"2,312 mi",11,$0.2350
OUA,JED,"3,784",$523.37,"2,671 mi",10,$0.1959
OUA,NAP,"3,669",$116.02,"2,125 mi",10,$0.0546
OUA,IAD,"3,557",$915.30,"4,785 mi",10,$0.1913
OUA,EWR,"3,024",$383.62,"4,902 mi",8,$0.0783
OUA,BEY,"2,987",$443.80,"2,673 mi",8,$0.1660
OUA,MAD,"2,946",$228.60,"1,890 mi",8,$0.1210
OUA,LYS,"2,399",$273.67,"2,408 mi",7,$0.1137
OUA,BCN,"2,334",$123.22,"2,071 mi",6,$0.0595
OUA,MED,"2,099",$326.25,"2,902 mi",6,$0.1124
OUA,BGF,"2,008",$523.81,"1,430 mi",6,$0.3663
OUA,DEL,"2,001",$679.78,"5,283 mi",5,$0.1287
OUA,FRA,"1,868",$318.55,"2,745 mi",5,$0.1160
OUA,MRS,"1,847",$258.93,"2,119 mi",5,$0.1222
OUA,AGP,"1,796",$152.97,"1,640 mi",5,$0.0933
OUA,BOM,"1,676",$625.77,"5,083 mi",5,$0.1231
OUA,BER,"1,400",$477.72,"2,975 mi",4,$0.1606
OUA,LHR,"1,346",$767.79,"2,623 mi",4,$0.2927
OUA,OXB,"1,278",$943.54,927 mi,4,$1.0178
OUA,DME,"1,248",$567.15,"3,539 mi",3,$0.1603
OUA,LIN,"1,208",$241.91,"2,302 mi",3,$0.1051
OUA,HAM,"1,187",$287.86,"3,009 mi",3,$0.0957
OUA,TLS,"1,112",$429.44,"2,233 mi",3,$0.1923
OUA,PER,"1,026","$1,740.17","8,023 mi",3,$0.2169
OUA,RAK,"1,017",$426.17,"1,435 mi",3,$0.2970
OXB,LIS,"55,030",$272.57,"1,843 mi",151,$0.1479
OXB,RAI,"4,656",$152.65,584 mi,13,$0.2614
OXB,ORY,"3,233",$277.05,"2,829 mi",9,$0.0979
OXB,IST,"1,722",$465.33,"3,458 mi",5,$0.1346
OXB,MAD,"1,651",$376.76,"2,171 mi",5,$0.1735
OXB,CKY,"1,467",$274.70,218 mi,4,$1.2601
OXB,GRU,"1,448",$758.14,"3,305 mi",4,$0.2294
OXB,OPO,"1,274",$208.82,"2,133 mi",3,$0.0979
OXB,MXP,"1,086",$290.67,"2,817 mi",3,$0.1032
PHC,SSG,"7,731",$170.37,153 mi,21,$1.1135
PHC,DMM,"6,237",$512.10,"3,285 mi",17,$0.1559
PHC,IAH,"5,815",$944.43,"6,571 mi",16,$0.1437
PHC,LHR,"5,397",$733.77,"3,335 mi",15,$0.2200
PHC,DEL,"5,214",$686.69,"4,704 mi",14,$0.1460
PHC,DOH,"4,685",$430.93,"3,366 mi",13,$0.1280
PHC,BOM,"4,097",$656.50,"4,670 mi",11,$0.1406
PHC,YYZ,"3,986",$431.87,"5,982 mi",11,$0.0722
PHC,DFW,"3,458",$685.05,"6,628 mi",9,$0.1034
PHC,MNL,"3,410",$729.22,"7,957 mi",9,$0.0916
PHC,FRA,"2,998",$443.81,"3,205 mi",8,$0.1385
PHC,IAD,"2,868",$473.28,"5,529 mi",8,$0.0856
PHC,LAX,"2,742",$766.12,"7,736 mi",8,$0.0990
PHC,HYD,"2,662",$845.38,"5,042 mi",7,$0.1677
PHC,BEY,"2,464",$443.38,"2,623 mi",7,$0.1690
PHC,CAN,"2,247",$363.19,"7,320 mi",6,$0.0496
PHC,MAN,"2,221",$496.80,"3,481 mi",6,$0.1427
PHC,JOS,"2,056",$68.34,336 mi,6,$0.2034
PHC,SKO,"1,956",$87.29,542 mi,5,$0.1611
PHC,POG,"1,923",$161.75,427 mi,5,$0.3788
PHC,ATL,"1,730",$589.58,"5,922 mi",5,$0.0996
PHC,ICN,"1,722",$539.35,"7,802 mi",5,$0.0691
PHC,SFO,"1,599",$800.68,"8,294 mi",4,$0.0965
PHC,JFK,"1,573",$513.53,"5,342 mi",4,$0.0961
PHC,ORD,"1,551",$603.44,"6,422 mi",4,$0.0940
PHC,LGW,"1,340",$211.86,"3,118 mi",4,$0.0679
PHC,PKX,"1,271",$649.10,"7,228 mi",3,$0.0898
PHC,YYC,"1,109",$965.41,"7,017 mi",3,$0.1376
PHC,MUC,"1,070",$503.74,"2,918 mi",3,$0.1726
PHC,DXB,"1,068",$603.29,"3,388 mi",3,$0.1781
PHC,CDG,"1,067",$602.94,"3,143 mi",3,$0.1918
PHC,EWR,"1,051",$676.18,"5,361 mi",3,$0.1261
PHC,COK,"1,037",$696.27,"4,905 mi",3,$0.1420
PHC,BOS,"1,032",$613.74,"5,209 mi",3,$0.1178
PHC,MAA,"1,031",$629.39,"4,863 mi",3,$0.1294
PLZ,HLA,"18,714",$66.78,556 mi,51,$0.1201
PLZ,LHR,"13,861",$588.46,"5,930 mi",38,$0.0992
PLZ,MQP,"6,074",$83.72,699 mi,17,$0.1198
PLZ,FRA,"5,739",$755.12,"6,075 mi",16,$0.1243
PLZ,DXB,"3,640",$648.58,"4,398 mi",10,$0.1475
PLZ,HDS,"3,612",$125.51,717 mi,10,$0.1750
PLZ,ZRH,"3,081",$765.65,"5,554 mi",8,$0.1379
PLZ,AMS,"3,054",$667.79,"6,277 mi",8,$0.1064
PLZ,BFN,"2,601",$135.97,350 mi,7,$0.3885
PLZ,MNL,"2,548",$856.55,"7,290 mi",7,$0.1175
PLZ,MUC,"2,385",$761.85,"5,926 mi",7,$0.1286
PLZ,DUB,"2,166",$414.73,"6,524 mi",6,$0.0636
PLZ,MAN,"2,089",$575.80,"6,074 mi",6,$0.0948
PLZ,GRU,"2,002","$1,084.73","4,472 mi",5,$0.2426
PLZ,WDH,"1,962",$88.63,964 mi,5,$0.0919
PLZ,PER,"1,798",$597.12,"4,896 mi",5,$0.1220
PLZ,AKL,"1,715",$777.70,"6,931 mi",5,$0.1122
PLZ,VFA,"1,425",$105.76,"1,065 mi",4,$0.0993
PLZ,BRU,"1,338",$644.02,"5,824 mi",4,$0.1106
PLZ,BOM,"1,256",$395.47,"4,662 mi",3,$0.0848
PLZ,HAJ,"1,244","$1,760.08","5,868 mi",3,$0.2999
PLZ,HAM,"1,159",$825.72,"6,309 mi",3,$0.1309
PLZ,CPH,"1,126",$701.08,"6,051 mi",3,$0.1159
PLZ,CDG,"1,086","$1,099.35","6,084 mi",3,$0.1807
PLZ,SYD,"1,086","$1,040.65","6,763 mi",3,$0.1539
PNR,CDG,"27,492",$934.97,"3,648 mi",75,$0.2563
PNR,DXB,"7,573",$646.85,"3,473 mi",21,$0.1863
PNR,CAN,"5,658",$807.08,"7,285 mi",16,$0.1108
PNR,IST,"4,713",$491.21,"3,458 mi",13,$0.1421
PNR,POG,"4,489",$156.91,346 mi,12,$0.4535
PNR,BEY,"4,305",$394.37,"2,990 mi",12,$0.1319
PNR,FCO,"3,679",$762.70,"3,124 mi",10,$0.2441
PNR,PEK,"3,645",$729.96,"7,424 mi",10,$0.0983
PNR,BOM,"3,255",$435.38,"4,595 mi",9,$0.0948
PNR,PVG,"2,884",$669.00,"7,339 mi",8,$0.0912
PNR,MXP,"2,555",$878.01,"3,596 mi",7,$0.2442
PNR,MNL,"2,449",$679.54,"7,807 mi",7,$0.0870
PNR,MRS,"2,279",$929.48,"3,461 mi",6,$0.2686
PNR,LHR,"2,071","$1,094.65","3,838 mi",6,$0.2852
PNR,OTP,"2,024",$782.92,"3,418 mi",6,$0.2291
PNR,TUN,"1,679",$716.73,"2,967 mi",5,$0.2416
PNR,DEL,"1,618",$542.83,"4,754 mi",4,$0.1142
PNR,TFU,"1,574",$758.64,"6,734 mi",4,$0.1127
PNR,ABZ,"1,450",$815.01,"4,226 mi",4,$0.1929
PNR,BRU,"1,210",$801.45,"3,991 mi",3,$0.2008
PNR,PUF,"1,163","$2,445.21","3,520 mi",3,$0.6947
PNR,AMS,"1,068",$947.41,"4,088 mi",3,$0.2318
PNR,CGK,"1,052","$1,131.92","6,704 mi",3,$0.1688
PNR,NCE,"1,038","$1,052.71","3,261 mi",3,$0.3228
RAI,LIS,"99,208",$170.88,"1,808 mi",272,$0.0945
RAI,ORY,"49,556",$213.01,"2,839 mi",136,$0.0750
RAI,BOS,"42,477",$270.79,"3,489 mi",116,$0.0776
RAI,SID,"16,212",$54.40,133 mi,44,$0.4090
RAI,NCE,"15,531",$264.94,"2,603 mi",43,$0.1018
RAI,AMS,"10,921",$166.09,"2,921 mi",30,$0.0569
RAI,CDG,"9,393",$134.09,"2,859 mi",26,$0.0469
RAI,OPO,"9,139",$134.71,"1,961 mi",25,$0.0687
RAI,VXE,"8,592",$68.97,172 mi,24,$0.4010
RAI,GVA,"8,353",$312.74,"2,839 mi",23,$0.1102
RAI,LUX,"8,069",$308.12,"2,831 mi",22,$0.1088
RAI,MRS,"6,612",$177.26,"2,517 mi",18,$0.0704
RAI,BVC,"5,061",$62.83,89 mi,14,$0.7060
RAI,MAD,"4,929",$219.12,"2,070 mi",14,$0.1059
RAI,BRU,"4,847",$200.80,"3,019 mi",13,$0.0665
RAI,FRA,"4,444",$256.14,"2,926 mi",12,$0.0875
RAI,LYS,"4,027",$172.66,"2,776 mi",11,$0.0622
RAI,SFL,"3,105",$54.67,69 mi,9,$0.7923
RAI,ZRH,"2,898",$270.43,"2,811 mi",8,$0.0962
RAI,PDL,"2,393",$91.82,"1,628 mi",7,$0.0564
RAI,MXP,"2,288",$217.66,"2,740 mi",6,$0.0794
RAI,BCN,"2,202",$191.01,"2,307 mi",6,$0.0828
RAI,LHR,"1,821",$399.03,"2,913 mi",5,$0.1370
RAI,TLS,"1,678",$190.49,"2,390 mi",5,$0.0797
RAI,HGH,"1,663",$345.03,"8,244 mi",5,$0.0419
RAI,GRU,"1,476","$1,013.22","3,165 mi",4,$0.3201
RAI,MUC,"1,398",$267.30,"2,962 mi",4,$0.0902
RAI,FCO,"1,275",$475.11,"2,906 mi",3,$0.1635
RAI,BER,"1,211",$298.12,"3,381 mi",3,$0.0882
RAI,PKX,"1,188",$638.70,"8,110 mi",3,$0.0788
RAI,IAD,"1,021",$986.76,"3,761 mi",3,$0.2624
RAK,ORY,"760,504",$151.55,"1,262 mi","2,084",$0.1201
RAK,LGW,"556,481",$133.63,"1,450 mi","1,525",$0.0922
RAK,CDG,"351,697",$191.49,"1,282 mi",964,$0.1494
RAK,MXP,"344,258",$128.03,"1,360 mi",943,$0.0941
RAK,MAD,"327,562",$98.86,683 mi,897,$0.1447
RAK,NTE,"278,974",$117.98,"1,161 mi",764,$0.1016
RAK,LYS,"276,883",$124.21,"1,166 mi",759,$0.1065
RAK,MAN,"271,202",$102.52,"1,576 mi",743,$0.0651
RAK,MRS,"262,159",$118.29,"1,124 mi",718,$0.1052
RAK,BCN,"250,705",$150.32,847 mi,687,$0.1775
RAK,STN,"242,635",$102.26,"1,506 mi",665,$0.0679
RAK,BOD,"234,800",$101.02,965 mi,643,$0.1047
RAK,BRU,"225,850",$135.68,"1,434 mi",619,$0.0946
RAK,AGP,"213,779",$61.40,392 mi,586,$0.1566
RAK,GVA,"194,446",$151.98,"1,299 mi",533,$0.1170
RAK,TLS,"178,265",$111.10,"1,005 mi",488,$0.1105
RAK,AMS,"177,939",$134.83,"1,522 mi",488,$0.0886
RAK,LIS,"177,582",$66.12,484 mi,487,$0.1366
RAK,BGY,"152,239",$123.80,"1,399 mi",417,$0.0885
RAK,BVA,"135,466",$123.36,"1,300 mi",371,$0.0949
RAK,CRL,"135,067",$111.72,"1,408 mi",370,$0.0793
RAK,BSL,"130,883",$153.48,"1,416 mi",359,$0.1084
RAK,VLC,"130,744",$63.11,669 mi,358,$0.0943
RAK,NCE,"126,416",$138.20,"1,140 mi",346,$0.1212
RAK,EIN,"121,162",$164.34,"1,577 mi",332,$0.1042
RAK,BHX,"118,478",$125.67,"1,519 mi",325,$0.0827
RAK,CIA,"116,037",$105.52,"1,377 mi",318,$0.0766
RAK,ALC,"95,460",$96.52,607 mi,262,$0.1590
RAK,OPO,"90,728",$83.64,646 mi,249,$0.1295
RAK,DUB,"87,261",$130.29,"1,555 mi",239,$0.0838
RAK,FCO,"76,181",$72.32,"1,280 mi",209,$0.0565
RAK,LTN,"71,511",$157.89,"1,409 mi",196,$0.1121
RAK,BER,"68,747",$155.92,"1,743 mi",188,$0.0895
RAK,TSF,"67,268",$120.93,"1,409 mi",184,$0.0858
RAK,SVQ,"67,265",$57.26,433 mi,184,$0.1322
RAK,NAP,"67,210",$105.66,"1,352 mi",184,$0.0782
RAK,PSA,"64,856",$120.37,"1,342 mi",178,$0.0897
RAK,BRS,"64,110",$96.78,"1,351 mi",176,$0.0716
RAK,FEZ,"61,157",$41.32,246 mi,168,$0.1680
RAK,EDI,"56,748",$157.04,"1,646 mi",155,$0.0954
RAK,BLQ,"55,741",$178.44,"1,414 mi",153,$0.1262
RAK,ARN,"55,356",$162.37,"2,208 mi",152,$0.0735
RAK,TNG,"54,235",$42.05,301 mi,149,$0.1397
RAK,LPA,"51,507",$73.17,494 mi,141,$0.1481
RAK,YUL,"51,258",$232.05,"3,467 mi",140,$0.0669
RAK,CGN,"51,253",$120.94,"1,494 mi",140,$0.0810
RAK,LHR,"50,927",$268.19,"1,469 mi",140,$0.1826
RAK,HHN,"50,437",$108.12,"1,447 mi",138,$0.0747
RAK,BUD,"49,736",$121.82,"1,750 mi",136,$0.0696
RAK,OUD,"47,796",$41.45,428 mi,131,$0.0968
RAK,PGF,"45,628",$86.75,945 mi,125,$0.0918
RAK,LIL,"45,360",$178.61,"1,385 mi",124,$0.1290
RAK,TRN,"43,809",$96.70,"1,300 mi",120,$0.0744
RAK,MUC,"43,548",$193.06,"1,506 mi",119,$0.1282
RAK,BIO,"41,210",$147.98,829 mi,113,$0.1785
RAK,CPH,"40,949",$176.26,"1,881 mi",112,$0.0937
RAK,LPL,"39,860",$110.31,"1,569 mi",109,$0.0703
RAK,ZRH,"39,801",$191.05,"1,443 mi",109,$0.1324
RAK,FAO,"39,409",$39.54,385 mi,108,$0.1027
RAK,ERH,"38,871",$35.69,209 mi,106,$0.1708
RAK,NRN,"38,012",$132.44,"1,604 mi",104,$0.0826
RAK,FRA,"36,714",$203.92,"1,579 mi",101,$0.1291
RAK,XCR,"35,833",$106.65,"1,387 mi",98,$0.0769
RAK,TUF,"35,739",$124.31,"1,151 mi",98,$0.1080
RAK,KRK,"35,397",$101.75,"1,858 mi",97,$0.0548
RAK,VIE,"34,633",$330.55,"1,668 mi",95,$0.1982
RAK,SDR,"34,269",$91.46,873 mi,94,$0.1048
RAK,OTP,"33,922",$151.27,"1,980 mi",93,$0.0764
RAK,FNI,"33,479",$95.52,"1,110 mi",92,$0.0861
RAK,ZAZ,"33,094",$69.40,771 mi,91,$0.0900
RAK,MPL,"31,819",$93.43,"1,086 mi",87,$0.0860
RAK,OSL,"31,692",$178.96,"2,226 mi",87,$0.0804
RAK,SEN,"31,609",$127.48,"1,406 mi",87,$0.0907
RAK,TFS,"31,509",$64.33,551 mi,86,$0.1168
RAK,LRH,"31,339",$104.46,"1,103 mi",86,$0.0947
RAK,GLA,"31,067",$113.76,"1,737 mi",85,$0.0655
RAK,WAW,"30,880",$110.94,"1,974 mi",85,$0.0562
RAK,LIG,"30,607",$102.96,"1,134 mi",84,$0.0908
RAK,TTU,"29,939",$45.00,325 mi,82,$0.1385
RAK,ACE,"27,556",$54.37,391 mi,75,$0.1391
RAK,PMI,"27,143",$145.49,792 mi,74,$0.1837
RAK,ATH,"26,245",$266.60,"1,801 mi",72,$0.1480
RAK,DLE,"25,982",$102.66,"1,245 mi",71,$0.0825
RAK,DUS,"23,828",$191.46,"1,601 mi",65,$0.1196
RAK,BFS,"21,073",$94.08,"1,643 mi",58,$0.0573
RAK,IST,"20,645",$290.34,"2,196 mi",57,$0.1322
RAK,JFK,"20,517",$602.73,"3,746 mi",56,$0.1609
RAK,HEL,"17,839",$225.10,"2,412 mi",49,$0.0933
RAK,LUX,"16,528",$167.24,"1,489 mi",45,$0.1123
RAK,LBA,"16,453",$108.50,"1,523 mi",45,$0.0712
RAK,NCL,"15,632",$124.10,"1,697 mi",43,$0.0731
RAK,EWR,"14,906",$708.78,"3,546 mi",41,$0.1999
RAK,JED,"14,368",$311.98,"3,060 mi",39,$0.1020
RAK,RNS,"14,324",$133.88,"1,149 mi",39,$0.1165
RAK,DOH,"13,940",$337.86,"3,714 mi",38,$0.0910
RAK,BES,"13,578",$119.83,"1,214 mi",37,$0.0987
RAK,HAM,"12,713",$176.74,"1,712 mi",35,$0.1032
RAK,RTM,"11,996",$107.08,"1,494 mi",33,$0.0717
RAK,DXB,"11,541",$500.31,"3,710 mi",32,$0.1349
RAK,YYZ,"11,405",$401.09,"3,998 mi",31,$0.1003
RAK,RMU,"9,824",$31.99,597 mi,27,$0.0536
RAK,IAD,"9,817",$563.55,"3,738 mi",27,$0.1508
RAK,TLV,"9,430",$454.32,"2,428 mi",26,$0.1871
RAK,LAX,"9,296","$1,016.31","5,852 mi",25,$0.1737
RAK,KEF,"8,938",$318.00,"2,394 mi",24,$0.1328
RAK,GOT,"8,826",$125.47,"2,102 mi",24,$0.0597
RAK,PRG,"8,651",$271.21,"1,767 mi",24,$0.1535
RAK,BOS,"8,478",$544.89,"3,577 mi",23,$0.1523
RAK,TUN,"7,992",$151.76,"1,069 mi",22,$0.1420
RAK,ORD,"7,727",$609.38,"4,187 mi",21,$0.1455
RAK,GRU,"7,511",$806.84,"4,710 mi",21,$0.1713
RAK,RUH,"7,009",$441.62,"3,228 mi",19,$0.1368
RAK,VCE,"6,905",$205.82,"1,410 mi",19,$0.1460
RAK,AYT,"6,428",$314.87,"2,299 mi",18,$0.1370
RAK,MIA,"6,338",$694.43,"4,448 mi",17,$0.1561
RAK,SFO,"5,886","$1,060.78","6,235 mi",16,$0.1701
RAK,SXB,"5,332",$100.51,"1,385 mi",15,$0.0726
RAK,ATL,"5,282",$657.05,"4,209 mi",14,$0.1561
RAK,SOF,"5,254",$205.23,"1,935 mi",14,$0.1061
RAK,MCO,"4,770",$540.53,"4,174 mi",13,$0.1295
RAK,VNO,"4,728",$227.30,"2,344 mi",13,$0.0970
RAK,TIA,"4,698",$93.85,"1,624 mi",13,$0.0578
RAK,BIQ,"4,577",$167.81,920 mi,13,$0.1824
RAK,MEX,"4,430",$542.37,"5,749 mi",12,$0.0943
RAK,STR,"4,407",$179.90,"1,439 mi",12,$0.1250
RAK,VIL,"4,266",$228.91,706 mi,12,$0.3242
RAK,RIX,"4,206",$299.28,"2,389 mi",12,$0.1253
RAK,HAJ,"4,154",$182.58,"1,745 mi",11,$0.1046
RAK,HND,"4,146","$1,006.46","7,129 mi",11,$0.1412
RAK,SID,"4,007",$135.20,"1,347 mi",11,$0.1004
RAK,SJU,"3,941",$585.82,"3,810 mi",11,$0.1538
RAK,HER,"3,686",$400.18,"1,865 mi",10,$0.2146
RAK,IAH,"3,611",$683.36,"4,875 mi",10,$0.1402
RAK,IBZ,"3,529",$371.20,708 mi,10,$0.5243
RAK,CLJ,"3,386",$180.77,"2,035 mi",9,$0.0888
RAK,KWI,"3,381",$379.78,"3,403 mi",9,$0.1116
RAK,DFW,"3,355",$849.40,"4,873 mi",9,$0.1743
RAK,BEG,"3,345",$137.01,"1,828 mi",9,$0.0750
RAK,BKK,"3,342",$595.66,"6,580 mi",9,$0.0905
RAK,TRF,"3,307",$52.20,"2,149 mi",9,$0.0243
RAK,MED,"3,189",$306.94,"2,840 mi",9,$0.1081
RAK,AMM,"3,025",$361.29,"2,648 mi",8,$0.1364
RAK,LIN,"2,947",$261.84,"1,372 mi",8,$0.1908
RAK,ORK,"2,940",$111.14,"1,356 mi",8,$0.0820
RAK,FNC,"2,887",$104.50,533 mi,8,$0.1961
RAK,BOG,"2,871",$633.21,"4,507 mi",8,$0.1405
RAK,FLR,"2,819",$343.40,"1,302 mi",8,$0.2637
RAK,VXE,"2,783",$32.63,"1,432 mi",8,$0.0228
RAK,DEN,"2,774",$870.89,"5,330 mi",8,$0.1634
RAK,EZE,"2,760",$861.77,"5,471 mi",8,$0.1575
RAK,EUN,"2,679",$126.85,451 mi,7,$0.2813
RAK,SZG,"2,656",$173.10,"1,525 mi",7,$0.1135
RAK,SIN,"2,654","$1,093.45","7,229 mi",7,$0.1513
RAK,SEA,"2,554",$838.64,"5,794 mi",7,$0.1447
RAK,HKG,"2,552","$1,083.68","6,875 mi",7,$0.1576
RAK,TPA,"2,551",$643.34,"4,252 mi",7,$0.1513
RAK,VKO,"2,546",$238.11,"2,815 mi",7,$0.0846
RAK,KUL,"2,446",$537.20,"7,051 mi",7,$0.0762
RAK,SYD,"2,442","$1,070.36","10,883 mi",7,$0.0984
RAK,BLL,"2,366",$241.25,"1,920 mi",6,$0.1257
RAK,BOM,"2,307",$532.27,"4,867 mi",6,$0.1094
RAK,YVR,"2,304",$512.45,"5,414 mi",6,$0.0947
RAK,SJJ,"2,293",$180.92,"1,709 mi",6,$0.1059
RAK,CUN,"2,260",$860.58,"4,982 mi",6,$0.1727
RAK,PVG,"2,235","$1,888.24","7,209 mi",6,$0.2619
RAK,BJV,"2,226",$377.76,"2,121 mi",6,$0.1781
RAK,ICN,"2,226",$641.43,"6,629 mi",6,$0.0968
RAK,TFN,"2,218",$181.14,557 mi,6,$0.3252
RAK,ZAG,"2,207",$349.07,"1,663 mi",6,$0.2099
RAK,MLA,"2,188",$239.80,"1,363 mi",6,$0.1759
RAK,LAS,"2,155",$659.05,"5,971 mi",6,$0.1104
RAK,HRG,"2,109",$330.02,"2,446 mi",6,$0.1349
RAK,GDN,"2,092",$134.00,"1,981 mi",6,$0.0676
RAK,DEL,"2,016",$571.01,"4,805 mi",6,$0.1188
RAK,LED,"1,979",$203.20,"2,697 mi",5,$0.0753
RAK,SSH,"1,927",$359.25,"2,465 mi",5,$0.1457
RAK,NUE,"1,904",$179.17,"1,629 mi",5,$0.1100
RAK,GIG,"1,864",$893.08,"4,289 mi",5,$0.2082
RAK,WDH,"1,813","$1,734.74","4,223 mi",5,$0.4108
RAK,BEY,"1,781",$709.08,"2,441 mi",5,$0.2905
RAK,MSP,"1,737",$579.51,"4,635 mi",5,$0.1250
RAK,LCA,"1,718",$412.51,"2,473 mi",5,$0.1668
RAK,CTA,"1,712",$177.83,"1,331 mi",5,$0.1336
RAK,DOL,"1,667",$134.69,"1,259 mi",5,$0.1070
RAK,RHO,"1,656",$193.76,"2,021 mi",5,$0.0959
RAK,AGA,"1,649",$134.30,116 mi,5,$1.1578
RAK,OVD,"1,644",$294.53,808 mi,5,$0.3645
RAK,ADB,"1,640",$267.87,"1,972 mi",4,$0.1358
RAK,ESB,"1,637",$371.05,"2,279 mi",4,$0.1628
RAK,PHL,"1,632",$637.80,"3,836 mi",4,$0.1663
RAK,LIM,"1,566",$673.79,"5,304 mi",4,$0.1270
RAK,PEK,"1,553","$1,046.67","6,538 mi",4,$0.1601
RAK,DTW,"1,533",$582.95,"3,967 mi",4,$0.1469
RAK,SVO,"1,520",$350.65,"2,665 mi",4,$0.1316
RAK,BRI,"1,519",$282.72,"1,476 mi",4,$0.1915
RAK,CLT,"1,487",$681.06,"3,992 mi",4,$0.1706
RAK,TGD,"1,481",$180.02,"1,719 mi",4,$0.1047
RAK,SHJ,"1,473",$264.11,"3,716 mi",4,$0.0711
RAK,YYC,"1,466",$459.61,"5,019 mi",4,$0.0916
RAK,DLM,"1,439",$119.70,"2,186 mi",4,$0.0548
RAK,PRN,"1,439",$283.81,"1,708 mi",4,$0.1662
RAK,BGO,"1,413",$166.48,"2,135 mi",4,$0.0780
RAK,RDU,"1,403",$706.50,"3,865 mi",4,$0.1828
RAK,MEL,"1,370","$1,154.67","10,520 mi",4,$0.1098
RAK,SKG,"1,368",$341.15,"1,772 mi",4,$0.1925
RAK,SCL,"1,350",$878.82,"6,253 mi",4,$0.1405
RAK,LCG,"1,334",$228.24,832 mi,4,$0.2743
RAK,MCT,"1,248",$593.97,"4,159 mi",3,$0.1428
RAK,DMM,"1,242",$402.26,"3,576 mi",3,$0.1125
RAK,AUS,"1,222","$1,010.16","5,297 mi",3,$0.1907
RAK,KGS,"1,210",$326.78,"1,966 mi",3,$0.1662
RAK,NQY,"1,203",$28.22,"1,350 mi",3,$0.0209
RAK,AAL,"1,201",$182.62,"2,015 mi",3,$0.0906
RAK,PHX,"1,172",$966.09,"5,580 mi",3,$0.1731
RAK,SPU,"1,165",$260.54,"1,605 mi",3,$0.1623
RAK,BRE,"1,135",$150.05,"1,754 mi",3,$0.0855
RAK,MNL,"1,131",$988.83,"7,562 mi",3,$0.1308
RAK,SJO,"1,061",$617.30,"4,897 mi",3,$0.1261
RAK,AUH,"1,053",$407.57,"3,691 mi",3,$0.1104
RAK,LNZ,"1,051",$156.92,"1,585 mi",3,$0.0990
RAK,KIX,"1,049",$862.27,"7,506 mi",3,$0.1149
RAK,CAN,"1,039",$747.56,"6,799 mi",3,$0.1100
RBA,ORY,"264,942",$149.21,"1,083 mi",726,$0.1378
RBA,CDG,"236,428",$156.64,"1,104 mi",648,$0.1419
RBA,MRS,"95,791",$109.72,886 mi,262,$0.1238
RBA,AGA,"91,034",$48.89,310 mi,249,$0.1577
RBA,MAD,"86,889",$111.53,464 mi,238,$0.2404
RBA,AGP,"84,611",$57.71,214 mi,232,$0.2697
RBA,BCN,"81,253",$122.74,716 mi,223,$0.1714
RBA,CRL,"76,220",$124.61,"1,305 mi",209,$0.0955
RBA,BRU,"69,053",$99.00,"1,333 mi",189,$0.0743
RBA,SVQ,"60,573",$74.00,231 mi,166,$0.3203
RBA,STN,"58,767",$131.02,"1,242 mi",161,$0.1055
RBA,BVA,"56,777",$111.38,"1,121 mi",156,$0.0994
RBA,NRN,"55,908",$134.21,"1,414 mi",153,$0.0949
RBA,LYS,"46,450",$159.84,"1,050 mi",127,$0.1522
RBA,CIA,"41,829",$97.51,"1,214 mi",115,$0.0803
RBA,GVA,"40,806",$142.22,"1,047 mi",112,$0.1358
RBA,TLS,"34,565",$121.51,768 mi,95,$0.1582
RBA,BOD,"34,292",$127.46,787 mi,94,$0.1620
RBA,MXP,"33,359",$132.54,"1,176 mi",91,$0.1127
RBA,OUD,"31,779",$55.48,272 mi,87,$0.2040
RBA,NTE,"30,790",$110.64,916 mi,84,$0.1208
RBA,NCE,"29,514",$135.52,"1,030 mi",81,$0.1316
RBA,TUN,"29,276",$117.14,945 mi,80,$0.1240
RBA,BSL,"28,497",$100.24,"1,229 mi",78,$0.0816
RBA,IST,"25,143",$167.80,"2,049 mi",69,$0.0819
RBA,DUB,"23,376",$97.57,"1,298 mi",64,$0.0752
RBA,NDR,"23,043",$50.83,229 mi,63,$0.2220
RBA,MAN,"21,472",$162.78,"1,311 mi",59,$0.1242
RBA,EUN,"16,936",$149.61,630 mi,46,$0.2375
RBA,VIL,"12,638",$167.05,931 mi,35,$0.1794
RBA,ESU,"12,185",$68.68,258 mi,33,$0.2662
RBA,ERH,"9,949",$60.07,193 mi,27,$0.3112
RBA,MPL,"6,525",$215.05,900 mi,18,$0.2389
RBA,AMS,"5,638",$217.87,"1,342 mi",15,$0.1623
RBA,BER,"5,319",$393.15,"1,566 mi",15,$0.2511
RBA,MUC,"4,853",$373.39,"1,332 mi",13,$0.2803
RBA,EDI,"4,627",$117.74,"1,476 mi",13,$0.0798
RBA,VIE,"3,961",$403.29,"1,499 mi",11,$0.2690
RBA,TLV,"3,837",$782.36,"2,327 mi",11,$0.3362
RBA,OSL,"3,703",$215.12,"2,036 mi",10,$0.1057
RBA,LAX,"3,695",$953.73,"6,164 mi",10,$0.1547
RBA,LHR,"3,682",$539.69,"1,281 mi",10,$0.4213
RBA,JFK,"3,298",$794.37,"3,730 mi",9,$0.2130
RBA,YUL,"3,169",$274.26,"3,433 mi",9,$0.0799
RBA,CPH,"2,850",$283.20,"1,807 mi",8,$0.1567
RBA,CUN,"2,848",$267.46,"5,018 mi",8,$0.0533
RBA,HND,"2,796","$1,676.90","7,379 mi",8,$0.2273
RBA,BUD,"2,750",$422.17,"1,682 mi",8,$0.2510
RBA,PEK,"2,713",$724.57,"6,355 mi",7,$0.1140
RBA,FCO,"2,702",$373.13,"1,197 mi",7,$0.3117
RBA,IAD,"2,695","$1,232.28","3,727 mi",7,$0.3306
RBA,ZRH,"2,587",$360.19,"1,257 mi",7,$0.2865
RBA,PRG,"2,362",$360.56,"1,582 mi",6,$0.2279
RBA,ARN,"2,257",$323.77,"2,029 mi",6,$0.1596
RBA,ATL,"2,252",$585.35,"4,468 mi",6,$0.1310
RBA,DXB,"2,101","$1,040.32","3,835 mi",6,$0.2713
RBA,ATH,"2,087",$540.91,"1,781 mi",6,$0.3037
RBA,BOS,"1,993",$479.89,"3,348 mi",5,$0.1433
RBA,WAW,"1,993",$341.00,"1,912 mi",5,$0.1783
RBA,DUS,"1,992",$391.02,"1,329 mi",5,$0.2942
RBA,BFS,"1,977",$42.72,"1,381 mi",5,$0.0309
RBA,FRA,"1,973",$389.76,"1,390 mi",5,$0.2804
RBA,HAM,"1,952",$320.47,"1,627 mi",5,$0.1970
RBA,ICN,"1,874","$1,573.38","6,453 mi",5,$0.2438
RBA,LGW,"1,857",$179.73,"1,263 mi",5,$0.1423
RBA,HAJ,"1,798",$273.28,"1,554 mi",5,$0.1759
RBA,OTP,"1,741",$424.53,"1,942 mi",5,$0.2186
RBA,SFO,"1,581",$878.91,"6,169 mi",4,$0.1425
RBA,AYT,"1,561",$64.19,"2,171 mi",4,$0.0296
RBA,MIA,"1,479","$1,022.11","4,218 mi",4,$0.2423
RBA,STR,"1,478",$429.17,"1,341 mi",4,$0.3200
RBA,ORD,"1,475",$504.06,"4,156 mi",4,$0.1213
RBA,YYZ,"1,427",$420.75,"3,966 mi",4,$0.1061
RBA,VCE,"1,418",$795.72,"1,319 mi",4,$0.6033
RBA,LIN,"1,319",$316.28,"1,191 mi",4,$0.2656
RBA,GRU,"1,275","$1,023.72","4,894 mi",3,$0.2092
RBA,SIN,"1,260","$1,265.44","7,562 mi",3,$0.1673
RBA,SEA,"1,258",$714.12,"5,373 mi",3,$0.1329
RBA,MEX,"1,148",$975.84,"5,435 mi",3,$0.1795
RBA,BEY,"1,114",$853.81,"2,476 mi",3,$0.3448
RBA,KRK,"1,099",$192.54,"1,686 mi",3,$0.1142
RBA,BOG,"1,045","$1,116.96","4,604 mi",3,$0.2426
RBA,TIA,"1,013",$112.98,"1,480 mi",3,$0.0763
ROB,IAD,"11,148",$594.72,"4,863 mi",31,$0.1223
ROB,JFK,"11,110",$382.82,"4,416 mi",30,$0.0867
ROB,MSP,"8,683",$591.40,"5,732 mi",24,$0.1032
ROB,EWR,"8,462",$361.71,"4,437 mi",23,$0.0815
ROB,BEY,"8,096",$439.62,"3,386 mi",22,$0.1298
ROB,DEL,"5,935",$598.58,"5,683 mi",16,$0.1053
ROB,BRU,"5,550",$383.49,"3,298 mi",15,$0.1163
ROB,BOM,"5,469",$506.07,"5,468 mi",15,$0.0926
ROB,CAN,"4,737",$579.62,"7,878 mi",13,$0.0736
ROB,DXB,"4,584",$619.05,"4,384 mi",13,$0.1412
ROB,IST,"3,917",$513.01,"3,308 mi",11,$0.1551
ROB,ATL,"3,455",$520.38,"5,216 mi",9,$0.0998
ROB,BOS,"3,159",$521.54,"4,577 mi",9,$0.1139
ROB,LHR,"2,930",$916.81,"3,082 mi",8,$0.2975
ROB,CKY,"2,657",$349.17,311 mi,7,$1.1227
ROB,PEK,"2,392",$827.35,"7,558 mi",7,$0.1095
ROB,ORD,"2,071",$454.85,"5,450 mi",6,$0.0835
ROB,PHL,"1,952",$577.54,"4,478 mi",5,$0.1290
ROB,CDG,"1,851",$635.76,"3,142 mi",5,$0.2023
ROB,CLT,"1,799",$537.71,"4,730 mi",5,$0.1137
ROB,PVG,"1,619","$1,093.49","8,109 mi",4,$0.1348
ROB,IAH,"1,310",$623.09,"5,533 mi",4,$0.1126
ROB,DFW,"1,224",$499.25,"5,966 mi",3,$0.0837
ROB,CMH,"1,182",$423.00,"5,170 mi",3,$0.0818
ROB,MNL,"1,076",$922.09,"8,546 mi",3,$0.1079
ROB,PVD,"1,054",$449.77,"4,587 mi",3,$0.0981
ROB,DSM,"1,036",$478.66,"5,419 mi",3,$0.0883
SEZ,PRI,"176,621",$78.11,26 mi,484,$3.0042
SEZ,FRA,"55,417",$353.84,"4,557 mi",152,$0.0776
SEZ,SVO,"53,141",$430.42,"4,185 mi",146,$0.1028
SEZ,CDG,"45,344",$441.14,"4,732 mi",124,$0.0932
SEZ,DXB,"40,340",$584.17,"2,130 mi",111,$0.2743
SEZ,BOM,"37,228",$200.52,"1,961 mi",102,$0.1023
SEZ,VIE,"27,157",$407.46,"4,470 mi",74,$0.0912
SEZ,MUC,"25,158",$334.76,"4,648 mi",69,$0.0720
SEZ,LHR,"22,393",$759.11,"5,232 mi",61,$0.1451
SEZ,ZRH,"21,527",$623.89,"4,452 mi",59,$0.1401
SEZ,WAW,"21,190",$286.68,"4,285 mi",58,$0.0669
SEZ,MXP,"21,170",$422.70,"4,372 mi",58,$0.0967
SEZ,DME,"16,343",$626.19,"4,143 mi",45,$0.1511
SEZ,CMB,"13,993",$357.39,"1,813 mi",38,$0.1971
SEZ,BER,"13,533",$340.69,"4,782 mi",37,$0.0712
SEZ,DUS,"13,461",$302.82,"4,670 mi",37,$0.0648
SEZ,TLV,"13,083",$357.48,"2,789 mi",36,$0.1282
SEZ,FCO,"12,156",$337.36,"4,333 mi",33,$0.0779
SEZ,GVA,"10,382",$611.30,"4,773 mi",28,$0.1281
SEZ,MAD,"10,112",$439.04,"5,006 mi",28,$0.0877
SEZ,AUH,"9,958",$163.73,"2,072 mi",27,$0.0790
SEZ,HAM,"9,817",$485.81,"4,953 mi",27,$0.0981
SEZ,BRU,"9,438",$406.32,"4,732 mi",26,$0.0859
SEZ,NCE,"8,427",$638.24,"4,353 mi",23,$0.1466
SEZ,LGW,"8,160",$417.89,"5,211 mi",22,$0.0802
SEZ,DOH,"7,531",$314.66,"2,149 mi",21,$0.1464
SEZ,TNR,"7,459",$230.74,"1,083 mi",20,$0.2131
SEZ,MAN,"7,306",$588.44,"5,367 mi",20,$0.1096
SEZ,RUN,"6,790",$414.41,"1,086 mi",19,$0.3816
SEZ,BEG,"6,162",$188.72,"3,931 mi",17,$0.0480
SEZ,AMS,"6,127",$537.09,"5,072 mi",17,$0.1059
SEZ,LYS,"6,074",$407.64,"4,795 mi",17,$0.0850
SEZ,BUD,"6,014",$270.05,"4,347 mi",16,$0.0621
SEZ,BCN,"5,804",$444.81,"4,762 mi",16,$0.0934
SEZ,ARN,"5,639",$355.44,"4,746 mi",15,$0.0749
SEZ,PRG,"5,397",$405.31,"4,376 mi",15,$0.0926
SEZ,OTP,"5,317",$503.44,"3,743 mi",15,$0.1345
SEZ,IST,"4,347",$429.28,"3,704 mi",12,$0.1159
SEZ,MRS,"4,132",$244.49,"4,699 mi",11,$0.0520
SEZ,CPH,"3,825",$441.68,"4,678 mi",10,$0.0944
SEZ,BLQ,"3,600",$401.17,"4,493 mi",10,$0.0893
SEZ,SOF,"3,373",$309.53,"3,955 mi",9,$0.0783
SEZ,VCE,"3,153",$436.09,"4,234 mi",9,$0.1030
SEZ,LIS,"3,123",$773.33,"5,241 mi",9,$0.1476
SEZ,BHX,"2,665",$908.17,"5,006 mi",7,$0.1814
SEZ,STN,"2,471",$548.54,"4,917 mi",7,$0.1116
SEZ,BKK,"2,441",$440.91,"3,250 mi",7,$0.1357
SEZ,BIO,"2,415",$407.44,"5,060 mi",7,$0.0805
SEZ,LED,"2,354",$800.52,"4,802 mi",6,$0.1667
SEZ,ATH,"2,295",$389.84,"3,680 mi",6,$0.1059
SEZ,RUH,"2,215",$789.61,"2,067 mi",6,$0.3820
SEZ,JFK,"1,991","$2,122.68","8,186 mi",5,$0.2593
SEZ,VGO,"1,958",$810.12,"5,302 mi",5,$0.1528
SEZ,DUB,"1,917",$618.01,"5,520 mi",5,$0.1120
SEZ,DEL,"1,845",$393.55,"2,789 mi",5,$0.1411
SEZ,KRK,"1,815",$384.57,"4,211 mi",5,$0.0913
SEZ,TLS,"1,744",$454.10,"4,876 mi",5,$0.0931
SEZ,OSL,"1,732",$442.17,"5,234 mi",5,$0.0845
SEZ,SIN,"1,732",$737.78,"3,270 mi",5,$0.2256
SEZ,HEL,"1,716",$515.58,"4,641 mi",5,$0.1111
SEZ,CGK,"1,689",$409.40,"3,411 mi",5,$0.1200
SEZ,MAA,"1,661",$306.52,"2,024 mi",5,$0.1514
SEZ,MNL,"1,648",$642.97,"4,536 mi",5,$0.1417
SEZ,TFU,"1,601",$288.21,"3,913 mi",4,$0.0737
SEZ,OPO,"1,358",$259.88,"4,972 mi",4,$0.0523
SEZ,ZAG,"1,357",$406.53,"4,115 mi",4,$0.0988
SEZ,TLL,"1,321",$371.71,"4,593 mi",4,$0.0809
SEZ,IAD,"1,263","$1,769.49","8,926 mi",3,$0.1982
SEZ,QYG,"1,252",$346.83,"4,877 mi",3,$0.0711
SEZ,GLA,"1,177","$1,248.18","5,531 mi",3,$0.2257
SEZ,GOT,"1,135",$384.29,"4,783 mi",3,$0.0803
SEZ,RIX,"1,133",$323.26,"4,748 mi",3,$0.0681
SEZ,DAC,"1,119",$354.45,"2,973 mi",3,$0.1192
SEZ,JED,"1,115","$1,007.90","2,195 mi",3,$0.4592
SEZ,EDI,"1,103","$1,072.58","5,177 mi",3,$0.2072
SEZ,KUL,"1,092","$1,140.36","3,327 mi",3,$0.3428
SEZ,SVX,"1,091","$1,193.80","4,382 mi",3,$0.2724
SEZ,VNO,"1,086",$260.77,"4,584 mi",3,$0.0569
SEZ,YUL,"1,055",$741.65,"8,542 mi",3,$0.0868
SEZ,ZNZ,"1,014",$368.00,"1,092 mi",3,$0.3370
SID,LIS,"183,071",$115.38,"1,788 mi",502,$0.0645
SID,OPO,"59,763",$110.12,"1,836 mi",164,$0.0600
SID,ORY,"57,191",$225.49,"2,708 mi",157,$0.0833
SID,LGW,"48,931",$129.64,"2,606 mi",134,$0.0497
SID,BVC,"46,421",$26.11,41 mi,127,$0.6368
SID,LUX,"21,743",$314.68,"2,709 mi",60,$0.1162
SID,DUS,"20,267",$140.18,"2,978 mi",56,$0.0471
SID,MAN,"18,023",$45.43,"2,848 mi",49,$0.0160
SID,AMS,"17,822",$252.81,"2,797 mi",49,$0.0904
SID,MAD,"17,136",$237.63,"2,068 mi",47,$0.1149
SID,VXE,"14,271",$61.09,135 mi,39,$0.4525
SID,FRA,"14,036",$128.06,"2,977 mi",38,$0.0430
SID,BRU,"13,718",$168.42,"2,719 mi",38,$0.0619
SID,HAJ,"13,361",$277.03,"3,129 mi",37,$0.0885
SID,EIN,"12,982",$235.90,"2,771 mi",36,$0.0851
SID,MXP,"12,321",$249.21,"2,784 mi",34,$0.0895
SID,MUC,"11,886",$180.13,"2,843 mi",33,$0.0634
SID,ZRH,"11,650",$288.98,"2,858 mi",32,$0.1011
SID,BGY,"9,569",$297.69,"2,824 mi",26,$0.1054
SID,BHX,"9,113",$196.70,"2,806 mi",25,$0.0701
SID,FCO,"7,925",$286.95,"2,624 mi",22,$0.1094
SID,LYS,"7,157",$201.93,"2,648 mi",20,$0.0763
SID,BCN,"6,629",$156.88,"2,188 mi",18,$0.0717
SID,MRS,"6,390",$182.18,"2,547 mi",18,$0.0715
SID,STR,"5,839",$241.83,"2,938 mi",16,$0.0823
SID,BRS,"4,897",$191.57,"2,560 mi",13,$0.0748
SID,VRN,"4,872",$378.59,"2,861 mi",13,$0.1323
SID,BIO,"4,311",$215.77,"2,244 mi",12,$0.0962
SID,BER,"3,764",$231.25,"3,062 mi",10,$0.0755
SID,AYT,"3,724",$282.80,"3,648 mi",10,$0.0775
SID,HAM,"2,990",$249.65,"3,008 mi",8,$0.0830
SID,NCL,"2,913",$220.70,"2,790 mi",8,$0.0791
SID,LPA,"2,754",$217.53,884 mi,8,$0.2461
SID,GVA,"2,753",$406.63,"2,553 mi",8,$0.1593
SID,SSH,"2,725",$256.07,"3,824 mi",7,$0.0670
SID,BOS,"2,574",$245.54,"3,427 mi",7,$0.0716
SID,TLS,"2,523",$228.16,"2,270 mi",7,$0.1005
SID,RMF,"2,517",$227.39,"3,842 mi",7,$0.0592
SID,GLA,"2,311",$207.89,"2,788 mi",6,$0.0746
SID,VIE,"2,251",$408.99,"3,013 mi",6,$0.1357
SID,HRG,"2,145",$262.79,"3,567 mi",6,$0.0737
SID,FAO,"2,079",$141.87,"1,623 mi",6,$0.0874
SID,AGP,"2,023",$282.15,"1,727 mi",6,$0.1634
SID,SCQ,"1,954",$162.17,"1,939 mi",5,$0.0836
SID,LHR,"1,574",$177.63,"2,618 mi",4,$0.0678
SID,KGS,"1,282",$362.21,"3,438 mi",4,$0.1054
SID,EMA,"1,244",$185.11,"2,838 mi",3,$0.0652
SID,BOD,"1,164",$225.63,"2,400 mi",3,$0.0940
SID,TFN,"1,127",$251.36,887 mi,3,$0.2834
SID,PMI,"1,120",$316.07,"2,271 mi",3,$0.1392
SID,ZAZ,"1,111",$176.91,"2,092 mi",3,$0.0846
SID,ZTH,"1,049",$318.85,"2,931 mi",3,$0.1088
SSG,BSG,"93,898",$112.64,153 mi,257,$0.7362
SSG,MAD,"28,629",$472.73,"2,731 mi",78,$0.1731
SSG,GEM,"5,328",$54.45,220 mi,15,$0.2475
SSG,CDG,"5,121",$928.09,"3,242 mi",14,$0.2863
SSG,MNL,"4,379","$1,105.52","7,406 mi",12,$0.1493
SSG,BCN,"3,734",$421.27,"2,705 mi",10,$0.1557
SSG,VLC,"2,815",$437.98,"2,459 mi",8,$0.1781
SSG,IAH,"2,776","$2,734.91","7,131 mi",8,$0.3835
SSG,LHR,"2,370","$1,212.43","3,239 mi",6,$0.3743
SSG,DXB,"2,156","$1,171.12","3,534 mi",6,$0.3314
SSG,BEY,"1,972",$759.23,"2,779 mi",5,$0.2732
SSG,DME,"1,728",$626.85,"4,038 mi",5,$0.1552
SSG,POG,"1,696",$137.20,300 mi,5,$0.4573
SSG,BOM,"1,659",$715.20,"4,581 mi",5,$0.1561
SSG,IST,"1,481",$722.58,"2,960 mi",4,$0.2441
SSG,LIS,"1,387",$658.56,"2,587 mi",4,$0.2546
SSG,HAV,"1,291",$882.75,"6,374 mi",4,$0.1385
SSG,PEK,"1,278","$2,179.60","7,194 mi",4,$0.3030
SSG,SKP,"1,227",$609.41,"2,841 mi",3,$0.2145
SSG,TUN,"1,213",$573.61,"2,358 mi",3,$0.2433
SSG,CAN,"1,194",$666.81,"7,245 mi",3,$0.0920
SSG,FRA,"1,162",$897.55,"3,101 mi",3,$0.2894
SSG,AGP,"1,074",$526.09,"2,351 mi",3,$0.2238
SSG,IAD,"1,040","$1,541.88","5,674 mi",3,$0.2717
SSH,MXP,"395,236",$156.01,"1,913 mi","1,083",$0.0816
SSH,SVO,"347,942",$138.53,"1,882 mi",953,$0.0736
SSH,LGW,"270,533",$185.40,"2,330 mi",741,$0.0796
SSH,FCO,"195,540",$142.12,"1,616 mi",536,$0.0879
SSH,NAP,"182,657",$185.01,"1,403 mi",500,$0.1319
SSH,SAW,"164,555",$69.50,966 mi,451,$0.0719
SSH,VKO,"162,477",$127.10,"1,856 mi",445,$0.0685
SSH,MAN,"143,721",$116.33,"2,630 mi",394,$0.0442
SSH,LTN,"100,973",$206.56,"2,506 mi",277,$0.0824
SSH,LED,"94,669",$108.20,"2,273 mi",259,$0.0476
SSH,AMM,"86,236",$79.71,284 mi,236,$0.2807
SSH,BHX,"85,646",$102.23,"2,579 mi",235,$0.0396
SSH,TAS,"83,204",$313.04,"2,101 mi",228,$0.1490
SSH,RUH,"82,978",$124.91,765 mi,227,$0.1633
SSH,VRN,"72,128",$266.57,"1,814 mi",198,$0.1470
SSH,JED,"65,836",$95.10,512 mi,180,$0.1857
SSH,BLQ,"61,688",$233.87,"1,660 mi",169,$0.1409
SSH,BRS,"58,648",$272.24,"2,432 mi",161,$0.1119
SSH,BRI,"56,479",$204.42,"1,389 mi",155,$0.1472
SSH,VCE,"50,148",$149.13,"1,657 mi",137,$0.0900
SSH,ALA,"40,699",$121.01,"2,662 mi",112,$0.0455
SSH,AYT,"37,159",$69.68,631 mi,102,$0.1104
SSH,NQZ,"35,084",$119.63,"2,570 mi",96,$0.0465
SSH,CTA,"34,152",$151.29,"1,258 mi",94,$0.1203
SSH,KWI,"33,215",$78.14,852 mi,91,$0.0917
SSH,EVN,"31,670",$90.71,986 mi,87,$0.0920
SSH,GYD,"30,276",$228.48,"1,202 mi",83,$0.1901
SSH,AMS,"29,196",$137.64,"2,198 mi",80,$0.0626
SSH,BRU,"27,946",$291.83,"2,287 mi",77,$0.1276
SSH,CDG,"26,728",$213.15,"2,158 mi",73,$0.0988
SSH,LPL,"26,445",$78.29,"2,496 mi",72,$0.0314
SSH,BER,"24,127",$109.67,"1,938 mi",66,$0.0566
SSH,STN,"22,779",$128.03,"2,483 mi",62,$0.0516
SSH,BUD,"22,239",$118.27,"1,525 mi",61,$0.0776
SSH,ZRH,"20,628",$268.79,"1,992 mi",57,$0.1349
SSH,IST,"20,592",$153.97,"1,001 mi",56,$0.1538
SSH,BGY,"20,049",$141.92,"1,764 mi",55,$0.0805
SSH,KZN,"19,414",$93.98,"2,108 mi",53,$0.0446
SSH,HRG,"19,229",$25.04,68 mi,53,$0.3682
SSH,AER,"17,787",$91.05,"1,080 mi",49,$0.0843
SSH,UFA,"16,586",$141.74,"2,194 mi",45,$0.0646
SSH,KUF,"15,864",$121.26,"1,995 mi",43,$0.0608
SSH,GVA,"15,786",$119.25,"2,047 mi",43,$0.0583
SSH,SVX,"14,648",$201.01,"2,299 mi",40,$0.0874
SSH,FRA,"14,340",$190.39,"2,101 mi",39,$0.0906
SSH,DUS,"14,027",$123.00,"2,220 mi",38,$0.0554
SSH,ADB,"13,666",$62.30,851 mi,37,$0.0732
SSH,MAD,"12,912",$204.33,"2,244 mi",35,$0.0911
SSH,MRV,"11,761",$78.59,"1,258 mi",32,$0.0625
SSH,HAM,"11,064",$114.85,"2,226 mi",30,$0.0516
SSH,DMM,"10,296",$118.88,980 mi,28,$0.1213
SSH,DXB,"10,208",$232.93,"1,346 mi",28,$0.1731
SSH,AKX,"10,175",$116.28,"2,007 mi",28,$0.0579
SSH,MUC,"9,894",$174.19,"1,798 mi",27,$0.0969
SSH,LHR,"9,543",$284.76,"2,351 mi",26,$0.1211
SSH,DME,"9,023",$210.31,"1,960 mi",25,$0.1073
SSH,CGN,"8,876",$114.33,"2,189 mi",24,$0.0522
SSH,KGD,"8,836",$146.26,"1,924 mi",24,$0.0760
SSH,OSL,"8,321",$84.26,"2,553 mi",23,$0.0330
SSH,HAJ,"8,309",$93.85,"2,050 mi",23,$0.0458
SSH,EIN,"8,120",$394.05,"2,276 mi",22,$0.1731
SSH,VIE,"8,096",$155.37,"1,737 mi",22,$0.0894
SSH,ARN,"8,054",$123.65,"2,253 mi",22,$0.0549
SSH,CPH,"7,884",$115.86,"2,127 mi",22,$0.0545
SSH,NUE,"7,641",$175.68,"1,873 mi",21,$0.0938
SSH,BCN,"7,360",$216.62,"2,099 mi",20,$0.1032
SSH,STR,"7,160",$134.22,"1,900 mi",20,$0.0706
SSH,DUB,"6,624",$193.35,"2,621 mi",18,$0.0738
SSH,NCL,"6,164",$189.89,"2,668 mi",17,$0.0712
SSH,TJM,"5,968",$192.95,"2,591 mi",16,$0.0745
SSH,LYS,"5,229",$114.73,"1,953 mi",14,$0.0587
SSH,BSL,"5,127",$143.01,"1,920 mi",14,$0.0745
SSH,ESB,"5,003",$96.27,818 mi,14,$0.1177
SSH,TFS,"4,864",$251.29,"2,992 mi",13,$0.0840
SSH,JFK,"4,698",$445.72,"5,660 mi",13,$0.0787
SSH,PRG,"4,451",$113.37,"1,803 mi",12,$0.0629
SSH,HKT,"4,366",$390.81,"4,236 mi",12,$0.0923
SSH,ATH,"4,026",$108.01,888 mi,11,$0.1216
SSH,ASW,"3,884",$103.77,285 mi,11,$0.3641
SSH,KRR,"3,750",$104.90,"1,243 mi",10,$0.0844
SSH,TZX,"3,681",$181.74,922 mi,10,$0.1971
SSH,FEG,"3,624",$143.39,"2,211 mi",10,$0.0649
SSH,PEE,"3,617",$171.05,"2,387 mi",10,$0.0717
SSH,OVB,"3,593",$249.11,"3,119 mi",10,$0.0799
SSH,VNO,"3,541",$160.95,"1,955 mi",10,$0.0823
SSH,FUE,"3,167",$373.26,"3,006 mi",9,$0.1242
SSH,LIS,"3,038",$326.59,"2,515 mi",8,$0.1299
SSH,MED,"2,998",$70.26,417 mi,8,$0.1685
SSH,CEK,"2,790",$180.85,"2,390 mi",8,$0.0757
SSH,EMA,"2,697",$166.38,"2,426 mi",7,$0.0686
SSH,CZL,"2,687",$502.94,"1,767 mi",7,$0.2846
SSH,LRM,"2,649",$180.18,"6,586 mi",7,$0.0274
SSH,LPA,"2,418",$254.01,"3,106 mi",7,$0.0818
SSH,RMI,"2,415",$260.95,"1,686 mi",7,$0.1548
SSH,CRL,"2,389",$179.54,"2,138 mi",7,$0.0840
SSH,DOH,"2,381",$111.45,"1,110 mi",7,$0.1004
SSH,PKX,"2,361",$226.94,"4,758 mi",6,$0.0477
SSH,PSA,"2,334",$234.16,"1,767 mi",6,$0.1325
SSH,TUN,"2,318",$145.73,"1,485 mi",6,$0.0981
SSH,BOM,"2,311",$337.91,"2,427 mi",6,$0.1392
SSH,OTP,"2,298",$184.63,"1,271 mi",6,$0.1453
SSH,MMK,"2,275",$248.69,"2,905 mi",6,$0.0856
SSH,AHB,"2,180",$110.54,827 mi,6,$0.1337
SSH,VOG,"2,119",$89.28,"1,486 mi",6,$0.0601
SSH,ORY,"2,073",$184.88,"2,289 mi",6,$0.0808
SSH,KSN,"2,054",$144.00,"2,357 mi",6,$0.0611
SSH,TBS,"2,047",$94.24,"1,084 mi",6,$0.0869
SSH,BJV,"2,039",$117.51,772 mi,6,$0.1522
SSH,MRS,"2,039",$223.96,"1,997 mi",6,$0.1121
SSH,DYU,"1,971",$138.25,"2,167 mi",5,$0.0638
SSH,NCE,"1,957",$603.75,"1,799 mi",5,$0.3356
SSH,ORN,"1,892",$423.31,"2,048 mi",5,$0.2067
SSH,MLE,"1,878",$234.06,"3,143 mi",5,$0.0745
SSH,DLM,"1,876",$109.64,665 mi,5,$0.1649
SSH,BEY,"1,750",$111.64,397 mi,5,$0.2812
SSH,BKK,"1,692",$422.45,"4,218 mi",5,$0.1002
SSH,SOF,"1,590",$114.00,"1,152 mi",4,$0.0990
SSH,SHJ,"1,516",$79.93,"1,354 mi",4,$0.0590
SSH,BEG,"1,515",$77.04,"1,356 mi",4,$0.0568
SSH,AGP,"1,514",$307.47,"2,262 mi",4,$0.1359
SSH,IBZ,"1,512",$192.37,"2,095 mi",4,$0.0918
SSH,REN,"1,503",$161.02,"1,914 mi",4,$0.0841
SSH,AUH,"1,482",$165.15,"1,316 mi",4,$0.1255
SSH,RIX,"1,480",$289.33,"2,002 mi",4,$0.1445
SSH,IKT,"1,471",$309.52,"4,002 mi",4,$0.0773
SSH,BAH,"1,462",$158.56,975 mi,4,$0.1626
SSH,DIY,"1,439",$110.11,786 mi,4,$0.1401
SSH,CMB,"1,395",$228.92,"3,197 mi",4,$0.0716
SSH,OPO,"1,391",$596.53,"2,506 mi",4,$0.2380
SSH,EDI,"1,361",$222.60,"2,599 mi",4,$0.0856
SSH,GOJ,"1,354",$163.49,"1,946 mi",4,$0.0840
SSH,GLA,"1,353",$208.12,"2,793 mi",4,$0.0745
SSH,SGC,"1,352",$218.39,"3,003 mi",4,$0.0727
SSH,ASR,"1,333",$153.33,726 mi,4,$0.2112
SSH,KHI,"1,299",$317.06,"1,971 mi",4,$0.1609
SSH,FRU,"1,295",$120.62,"2,528 mi",4,$0.0477
SSH,WAW,"1,251",$247.28,"1,863 mi",3,$0.1327
SSH,COV,"1,237",$111.82,598 mi,3,$0.1870
SSH,OMS,"1,231",$220.47,"2,766 mi",3,$0.0797
SSH,LCA,"1,230",$143.27,465 mi,3,$0.3081
SSH,DEL,"1,218",$154.19,"2,507 mi",3,$0.0615
SSH,QSR,"1,205",$217.02,"1,450 mi",3,$0.1497
SSH,PRN,"1,204",$74.80,"1,293 mi",3,$0.0578
SSH,GIZ,"1,202",$137.42,954 mi,3,$0.1440
SSH,ALC,"1,198",$303.87,"2,193 mi",3,$0.1386
SSH,ECN,"1,191",$87.27,514 mi,3,$0.1698
SSH,RMO,"1,163",$96.31,"1,382 mi",3,$0.0697
SSH,GZT,"1,126",$112.97,626 mi,3,$0.1805
SSH,LEJ,"1,116",$275.28,"1,926 mi",3,$0.1429
SSH,LUX,"1,115",$413.50,"2,170 mi",3,$0.1906
SSH,BGW,"1,100",$134.49,668 mi,3,$0.2013
SSH,ELQ,"1,095",$100.72,570 mi,3,$0.1767
SSH,TIA,"1,095",$72.58,"1,281 mi",3,$0.0567
SSH,BRE,"1,060",$269.90,"2,234 mi",3,$0.1208
SSH,SPX,"1,052",$19.75,249 mi,3,$0.0793
SSH,IAD,"1,029",$973.27,"5,881 mi",3,$0.1655
SSH,ORD,"1,014",$469.67,"6,556 mi",3,$0.0716
TMS,LIS,"78,868",$304.32,"2,921 mi",216,$0.1042
TMS,PCP,"13,212",$87.89,104 mi,36,$0.8451
TMS,OPO,"2,640",$394.59,"3,071 mi",7,$0.1285
TMS,NBJ,"2,349",$231.07,777 mi,6,$0.2974
TMS,LHR,"1,627",$718.45,"3,448 mi",4,$0.2084
TNR,CDG,"116,454",$568.33,"5,599 mi",319,$0.1015
TNR,NOS,"63,426",$119.05,372 mi,174,$0.3200
TNR,RUN,"60,521",$172.69,525 mi,166,$0.3289
TNR,TLE,"55,472",$170.63,387 mi,152,$0.4409
TNR,DIE,"51,423",$164.51,475 mi,141,$0.3463
TNR,FTU,"46,326",$166.03,445 mi,127,$0.3731
TNR,TMM,"39,891",$110.95,130 mi,109,$0.8535
TNR,MJN,"35,102",$107.16,222 mi,96,$0.4827
TNR,MOQ,"32,025",$120.07,237 mi,88,$0.5066
TNR,DXB,"28,499",$385.48,"3,182 mi",78,$0.1211
TNR,SVB,"22,551",$131.92,349 mi,62,$0.3780
TNR,SMS,"21,727",$109.29,187 mi,60,$0.5844
TNR,BOM,"13,849",$170.28,"3,039 mi",38,$0.0560
TNR,HKG,"13,385",$565.27,"5,467 mi",37,$0.1034
TNR,FRA,"11,414",$399.27,"5,474 mi",31,$0.0729
TNR,ORY,"11,034",$368.30,"5,263 mi",30,$0.0700
TNR,HAH,"9,483",$283.38,592 mi,26,$0.4787
TNR,MRS,"7,701",$478.45,"4,913 mi",21,$0.0974
TNR,LHR,"7,262",$627.32,"5,481 mi",20,$0.1145
TNR,GVA,"6,340",$517.13,"5,027 mi",17,$0.1029
TNR,FCO,"6,210",$517.13,"4,896 mi",17,$0.1056
TNR,AMS,"5,521",$600.43,"5,707 mi",15,$0.1052
TNR,MXP,"5,424",$608.85,"4,918 mi",15,$0.1238
TNR,YUL,"4,805",$991.40,"8,378 mi",13,$0.1183
TNR,BRU,"4,587",$541.33,"5,639 mi",13,$0.0960
TNR,CAN,"4,480",$725.28,"5,467 mi",12,$0.1327
TNR,MAD,"4,439",$647.66,"5,088 mi",12,$0.1273
TNR,BKK,"3,900",$535.49,"4,392 mi",11,$0.1219
TNR,ZRH,"3,879",$386.87,"5,020 mi",11,$0.0771
TNR,WMN,"3,739",$83.52,266 mi,10,$0.3140
TNR,PVG,"3,606",$694.55,"5,831 mi",10,$0.1191
TNR,CMB,"3,600",$565.38,"2,760 mi",10,$0.2048
TNR,WAW,"3,585",$368.80,"5,001 mi",10,$0.0737
TNR,LYS,"3,533",$606.06,"5,032 mi",10,$0.1204
TNR,VIE,"3,474",$400.81,"5,152 mi",10,$0.0778
TNR,MCT,"3,250",$574.21,"2,927 mi",9,$0.1962
TNR,MUC,"3,193",$531.17,"4,981 mi",9,$0.1066
TNR,PEK,"3,178",$692.31,"6,198 mi",9,$0.1117
TNR,KUL,"2,989",$392.85,"3,854 mi",8,$0.1019
TNR,ICN,"2,981",$901.76,"6,618 mi",8,$0.1363
TNR,DME,"2,603",$653.23,"5,313 mi",7,$0.1229
TNR,IAD,"2,543","$1,411.50","9,153 mi",7,$0.1542
TNR,NRT,"2,543","$1,093.59","7,340 mi",7,$0.1490
TNR,MIA,"2,511",$863.51,"8,811 mi",7,$0.0980
TNR,NCE,"2,427",$652.30,"4,862 mi",7,$0.1342
TNR,IST,"2,292",$408.83,"4,450 mi",6,$0.0919
TNR,BCN,"2,252",$783.99,"4,915 mi",6,$0.1595
TNR,TLS,"2,241",$777.29,"5,363 mi",6,$0.1449
TNR,JFK,"2,136","$1,074.75","8,420 mi",6,$0.1276
TNR,TUN,"2,106","$1,079.71","4,411 mi",6,$0.2448
TNR,MNL,"1,950",$914.85,"5,671 mi",5,$0.1613
TNR,BOD,"1,916",$640.28,"5,498 mi",5,$0.1165
TNR,ATH,"1,810",$619.92,"4,081 mi",5,$0.1519
TNR,HAM,"1,780",$470.43,"5,314 mi",5,$0.0885
TNR,MAN,"1,775",$592.97,"5,622 mi",5,$0.1055
TNR,ORD,"1,754",$878.32,"9,661 mi",5,$0.0909
TNR,CPH,"1,752",$549.66,"5,364 mi",5,$0.1025
TNR,ZYR,"1,730",$793.57,"5,639 mi",5,$0.1407
TNR,LGW,"1,711",$477.21,"5,795 mi",5,$0.0823
TNR,BLQ,"1,708",$414.76,"4,786 mi",5,$0.0867
TNR,YYZ,"1,685",$715.98,"8,677 mi",5,$0.0825
TNR,BER,"1,667",$540.03,"5,483 mi",5,$0.0985
TNR,HND,"1,632","$1,477.04","7,302 mi",4,$0.2023
TNR,EWR,"1,610",$664.20,"8,961 mi",4,$0.0741
TNR,LIS,"1,594",$682.99,"5,241 mi",4,$0.1303
TNR,OSL,"1,547",$470.65,"5,650 mi",4,$0.0833
TNR,LAX,"1,523","$1,227.62","10,744 mi",4,$0.1143
TNR,KHI,"1,474",$344.66,"3,396 mi",4,$0.1015
TNR,LIN,"1,461",$445.36,"5,195 mi",4,$0.0857
TNR,BOS,"1,448","$1,015.83","8,783 mi",4,$0.1157
TNR,DEL,"1,346",$588.38,"3,709 mi",4,$0.1586
TNR,ATL,"1,326",$696.79,"9,594 mi",4,$0.0726
TNR,ARN,"1,309",$463.54,"5,840 mi",4,$0.0794
TNR,VCE,"1,267",$547.51,"4,810 mi",3,$0.1138
TNR,DUS,"1,236",$671.61,"5,269 mi",3,$0.1275
TNR,PRG,"1,169",$622.65,"5,019 mi",3,$0.1241
TNR,TLV,"1,150",$554.43,"3,716 mi",3,$0.1492
TNR,MPL,"1,124",$609.46,"5,268 mi",3,$0.1157
TUN,ORY,"743,750",$96.04,938 mi,"2,038",$0.1024
TUN,MJI,"473,557",$133.46,314 mi,"1,297",$0.4250
TUN,CDG,"374,036",$142.12,896 mi,"1,025",$0.1586
TUN,LYS,"281,462",$84.18,688 mi,771,$0.1224
TUN,IST,"274,033",$105.79,"1,068 mi",751,$0.0991
TUN,MRS,"248,420",$64.02,542 mi,681,$0.1181
TUN,BEN,"209,584",$163.71,679 mi,574,$0.2411
TUN,NCE,"168,674",$66.96,482 mi,462,$0.1389
TUN,MXP,"148,838",$78.79,630 mi,408,$0.1251
TUN,FRA,"147,813",$115.71,941 mi,405,$0.1230
TUN,JED,"142,840",$271.99,"1,961 mi",391,$0.1387
TUN,BRU,"122,553",$96.59,"1,041 mi",336,$0.0928
TUN,DUS,"120,088",$119.34,"1,042 mi",329,$0.1145
TUN,DJE,"114,467",$78.17,214 mi,314,$0.3653
TUN,FCO,"111,623",$86.25,369 mi,306,$0.2337
TUN,MRA,"111,242",$95.53,428 mi,305,$0.2232
TUN,TLS,"104,890",$82.09,641 mi,287,$0.1281
TUN,GVA,"104,063",$86.31,702 mi,285,$0.1229
TUN,MUC,"103,487",$113.15,823 mi,284,$0.1375
TUN,YUL,"92,297",$266.62,"4,081 mi",253,$0.0653
TUN,DXB,"90,220",$444.38,"2,679 mi",247,$0.1659
TUN,DOH,"86,869",$331.20,"2,631 mi",238,$0.1259
TUN,BLQ,"82,783",$83.87,518 mi,227,$0.1619
TUN,LGW,"82,540",$94.75,"1,080 mi",226,$0.0877
TUN,NTE,"82,169",$116.35,906 mi,225,$0.1284
TUN,BCN,"64,665",$135.94,550 mi,177,$0.2472
TUN,MAD,"57,777",$154.41,760 mi,158,$0.2032
TUN,ORN,"56,811",$104.32,628 mi,156,$0.1661
TUN,SXB,"54,572",$85.34,843 mi,150,$0.1012
TUN,RUH,"51,060",$278.17,"2,227 mi",140,$0.1249
TUN,BER,"48,228",$162.83,"1,117 mi",132,$0.1458
TUN,BOD,"41,436",$86.07,817 mi,114,$0.1053
TUN,VIE,"36,470",$134.22,867 mi,100,$0.1548
TUN,LHR,"30,330",$164.08,"1,104 mi",83,$0.1486
TUN,BSL,"29,088",$102.46,732 mi,80,$0.1400
TUN,CGN,"27,787",$212.75,"1,009 mi",76,$0.2109
TUN,VCE,"26,888",$160.63,590 mi,74,$0.2723
TUN,AMM,"23,439",$217.90,"1,553 mi",64,$0.1403
TUN,MCT,"22,879",$305.84,"2,889 mi",63,$0.1059
TUN,LIL,"22,555",$126.19,"1,041 mi",62,$0.1212
TUN,MED,"21,861",$188.19,"1,877 mi",60,$0.1003
TUN,CKY,"21,529",$336.33,"2,330 mi",59,$0.1443
TUN,MLA,"20,422",$147.77,253 mi,56,$0.5841
TUN,MPL,"19,877",$122.14,587 mi,54,$0.2081
TUN,ATH,"19,604",$154.58,779 mi,54,$0.1984
TUN,PMO,"19,290",$144.34,187 mi,53,$0.7719
TUN,KWI,"18,924",$193.68,"2,300 mi",52,$0.0842
TUN,DMM,"18,638",$264.36,"2,344 mi",51,$0.1128
TUN,ZRH,"18,451",$124.16,760 mi,51,$0.1634
TUN,KUL,"18,198",$337.36,"6,373 mi",50,$0.0529
TUN,LIS,"15,667",$214.81,"1,095 mi",43,$0.1962
TUN,NAP,"14,307",$147.32,365 mi,39,$0.4036
TUN,ARN,"12,630",$225.94,"1,564 mi",35,$0.1445
TUN,TOE,"12,395",$71.08,241 mi,34,$0.2949
TUN,AMS,"12,253",$235.23,"1,067 mi",34,$0.2205
TUN,JFK,"12,141",$537.72,"4,222 mi",33,$0.1274
TUN,BEY,"12,002",$257.97,"1,392 mi",33,$0.1853
TUN,BGW,"11,483",$169.88,"1,871 mi",31,$0.0908
TUN,CTA,"11,163",$160.95,278 mi,31,$0.5790
TUN,HAM,"11,058",$236.25,"1,124 mi",30,$0.2102
TUN,IAD,"10,189",$648.39,"4,443 mi",28,$0.1459
TUN,CPH,"10,170",$184.01,"1,263 mi",28,$0.1457
TUN,AUH,"9,214",$200.88,"2,667 mi",25,$0.0753
TUN,STR,"8,843",$249.64,845 mi,24,$0.2954
TUN,BKK,"8,727",$339.30,"5,513 mi",24,$0.0615
TUN,CAN,"8,234",$552.70,"5,755 mi",23,$0.0960
TUN,PVG,"7,556",$486.18,"6,167 mi",21,$0.0788
TUN,OTP,"7,165",$325.86,955 mi,20,$0.3412
TUN,VKO,"6,916",$242.72,"1,861 mi",19,$0.1304
TUN,BAH,"6,521",$351.36,"2,394 mi",18,$0.1468
TUN,EBL,"6,394",$181.21,"1,919 mi",18,$0.0944
TUN,ICN,"6,343",$505.24,"5,707 mi",17,$0.0885
TUN,WAW,"6,279",$296.83,"1,215 mi",17,$0.2443
TUN,LIN,"6,262",$150.11,578 mi,17,$0.2597
TUN,OSL,"6,207",$212.82,"1,565 mi",17,$0.1360
TUN,YYZ,"6,121",$264.22,"4,385 mi",17,$0.0603
TUN,AYT,"6,054",$233.35,"1,169 mi",17,$0.1996
TUN,NRT,"5,753",$770.54,"6,293 mi",16,$0.1224
TUN,LAX,"5,695",$579.20,"6,338 mi",16,$0.0914
TUN,PEK,"5,317",$853.08,"5,527 mi",15,$0.1543
TUN,DPS,"5,255",$590.06,"7,182 mi",14,$0.0822
TUN,PRG,"5,106",$329.13,965 mi,14,$0.3411
TUN,CGK,"5,084",$624.83,"7,031 mi",14,$0.0889
TUN,HND,"4,777","$1,139.97","6,285 mi",13,$0.1814
TUN,MNL,"4,692",$749.80,"6,512 mi",13,$0.1151
TUN,KIX,"4,683",$722.74,"6,566 mi",13,$0.1101
TUN,HKG,"4,666",$663.51,"6,190 mi",13,$0.1072
TUN,MIA,"4,500",$412.46,"5,356 mi",12,$0.0770
TUN,DUB,"4,471",$316.86,"1,350 mi",12,$0.2347
TUN,GRU,"4,355",$773.45,"5,730 mi",12,$0.1350
TUN,HGH,"4,207",$555.14,"5,789 mi",12,$0.0959
TUN,AGA,"4,056",$128.08,"1,178 mi",11,$0.1087
TUN,OPO,"4,037",$185.27,"1,088 mi",11,$0.1703
TUN,HAJ,"3,888",$196.93,"1,111 mi",11,$0.1773
TUN,SFO,"3,820",$473.97,"6,662 mi",10,$0.0711
TUN,PKX,"3,756",$417.56,"5,544 mi",10,$0.0753
TUN,BEG,"3,687",$228.00,738 mi,10,$0.3089
TUN,BUD,"3,686",$362.58,890 mi,10,$0.4074
TUN,HEL,"3,646",$285.70,"1,694 mi",10,$0.1687
TUN,AGP,"3,476",$207.82,838 mi,10,$0.2480
TUN,GOT,"3,289",$193.17,"1,398 mi",9,$0.1382
TUN,ORD,"3,084",$540.28,"5,089 mi",8,$0.1062
TUN,LED,"3,046",$225.30,"1,872 mi",8,$0.1204
TUN,ELQ,"3,031",$224.45,"2,155 mi",8,$0.1042
TUN,HKT,"3,006",$261.42,"5,950 mi",8,$0.0439
TUN,MAN,"2,944",$403.55,"1,328 mi",8,$0.3039
TUN,IKA,"2,943",$313.16,"2,200 mi",8,$0.1423
TUN,ATL,"2,920",$612.18,"5,255 mi",8,$0.1165
TUN,DEL,"2,808",$415.85,"3,968 mi",8,$0.1048
TUN,BOS,"2,734",$638.44,"4,047 mi",7,$0.1578
TUN,SOF,"2,723",$218.16,831 mi,7,$0.2625
TUN,SIN,"2,693",$642.25,"6,179 mi",7,$0.1039
TUN,BOM,"2,567",$295.06,"4,061 mi",7,$0.0727
TUN,BRI,"2,545",$177.89,445 mi,7,$0.3998
TUN,SHJ,"2,522",$186.75,"2,685 mi",7,$0.0696
TUN,DAM,"2,407",$252.60,"1,544 mi",7,$0.1636
TUN,IAH,"2,389",$670.45,"5,594 mi",7,$0.1199
TUN,DTW,"2,354",$681.60,"4,877 mi",6,$0.1398
TUN,HER,"2,309",$411.47,815 mi,6,$0.5049
TUN,ESB,"2,267",$179.52,"1,285 mi",6,$0.1397
TUN,TRN,"2,261",$176.75,610 mi,6,$0.2898
TUN,EWR,"2,237",$595.49,"4,238 mi",6,$0.1405
TUN,OUD,"2,200",$139.52,716 mi,6,$0.1949
TUN,SVO,"2,200",$330.38,"1,882 mi",6,$0.1755
TUN,FLR,"2,198",$183.95,497 mi,6,$0.3701
TUN,YEG,"2,138",$346.55,"5,522 mi",6,$0.0628
TUN,SEA,"2,115",$625.82,"6,095 mi",6,$0.1027
TUN,MEX,"2,079",$611.50,"6,223 mi",6,$0.0983
TUN,AHB,"2,077",$308.66,"2,278 mi",6,$0.1355
TUN,LEJ,"2,076",$243.63,982 mi,6,$0.2481
TUN,KRK,"2,041",$273.02,999 mi,6,$0.2733
TUN,YQB,"2,004",$232.61,"4,189 mi",5,$0.0555
TUN,TPE,"1,971",$646.61,"6,427 mi",5,$0.1006
TUN,VLC,"1,891",$266.03,591 mi,5,$0.4501
TUN,ADB,"1,889",$310.22,903 mi,5,$0.3435
TUN,BGF,"1,860",$519.26,"2,372 mi",5,$0.2189
TUN,MCO,"1,858",$546.01,"4,996 mi",5,$0.1093
TUN,BRE,"1,852",$193.20,"1,087 mi",5,$0.1777
TUN,TSR,"1,804",$224.76,819 mi,5,$0.2744
TUN,ZAG,"1,794",$347.22,664 mi,5,$0.5229
TUN,NUE,"1,784",$238.87,901 mi,5,$0.2651
TUN,TIA,"1,776",$223.03,616 mi,5,$0.3621
TUN,TRS,"1,762",$160.38,623 mi,5,$0.2574
TUN,WRO,"1,697",$202.52,"1,069 mi",5,$0.1894
TUN,DLM,"1,681",$155.63,995 mi,5,$0.1564
TUN,YOW,"1,672",$282.97,"4,425 mi",5,$0.0639
TUN,CLJ,"1,668",$201.21,"1,002 mi",5,$0.2008
TUN,SLL,"1,657",$315.94,"2,904 mi",5,$0.1088
TUN,SKG,"1,651",$216.01,710 mi,5,$0.3042
TUN,DFW,"1,644",$663.82,"5,889 mi",5,$0.1127
TUN,YVR,"1,608",$473.22,"6,018 mi",4,$0.0786
TUN,HAN,"1,585",$468.40,"5,475 mi",4,$0.0856
TUN,BJV,"1,549",$447.63,990 mi,4,$0.4522
TUN,BSR,"1,512",$861.57,"2,246 mi",4,$0.3836
TUN,HRG,"1,512",$146.24,"1,574 mi",4,$0.0929
TUN,TNG,"1,487",$138.55,928 mi,4,$0.1493
TUN,YYC,"1,428",$408.25,"5,650 mi",4,$0.0723
TUN,BHX,"1,423",$505.44,"1,187 mi",4,$0.4258
TUN,LUX,"1,419",$232.51,878 mi,4,$0.2648
TUN,DEN,"1,395",$833.51,"5,547 mi",4,$0.1503
TUN,MSP,"1,360",$937.77,"5,199 mi",4,$0.1804
TUN,BDS,"1,339",$169.31,477 mi,4,$0.3549
TUN,EDI,"1,329",$328.09,"1,420 mi",4,$0.2310
TUN,BOG,"1,328",$632.66,"5,542 mi",4,$0.1142
TUN,GOA,"1,259",$186.12,544 mi,3,$0.3421
TUN,TUU,"1,252",$221.70,"1,588 mi",3,$0.1396
TUN,GIG,"1,226",$623.95,"5,557 mi",3,$0.1123
TUN,BLR,"1,185",$635.01,"4,302 mi",3,$0.1476
TUN,BJM,"1,182",$714.67,"2,944 mi",3,$0.2428
TUN,PMI,"1,163",$278.13,460 mi,3,$0.6046
TUN,BES,"1,162",$191.29,"1,123 mi",3,$0.1703
TUN,LCA,"1,132",$269.70,"1,353 mi",3,$0.1993
TUN,TBS,"1,121",$255.07,"1,818 mi",3,$0.1403
TUN,VNO,"1,098",$253.45,"1,377 mi",3,$0.1841
TUN,SJJ,"1,060",$481.73,624 mi,3,$0.7720
TUN,LJU,"1,032",$208.07,703 mi,3,$0.2960
TUN,BIO,"1,027",$272.81,799 mi,3,$0.3414
TUN,LIM,"1,013",$601.86,"6,372 mi",3,$0.0945
WDH,FRA,"56,424",$450.43,"4,889 mi",155,$0.0921
WDH,CDG,"24,179",$533.83,"4,873 mi",66,$0.1095
WDH,VFA,"24,169",$176.89,602 mi,66,$0.2938
WDH,BRU,"18,791",$355.30,"5,285 mi",51,$0.0672
WDH,MUC,"15,951",$553.72,"5,054 mi",44,$0.1096
WDH,LHR,"13,933",$804.91,"5,067 mi",38,$0.1589
WDH,MXP,"13,554",$557.19,"4,596 mi",37,$0.1212
WDH,ZRH,"12,913",$616.52,"5,010 mi",35,$0.1231
WDH,VIE,"9,596",$374.32,"4,731 mi",26,$0.0791
WDH,MUB,"9,179",$120.74,408 mi,25,$0.2959
WDH,FCO,"9,093",$464.89,"4,588 mi",25,$0.1013
WDH,LIS,"8,856",$426.37,"4,432 mi",24,$0.0962
WDH,PMI,"8,697","$1,128.28","4,522 mi",24,$0.2495
WDH,MCO,"8,565","$1,212.54","7,226 mi",23,$0.1678
WDH,AMS,"8,441",$393.52,"5,067 mi",23,$0.0777
WDH,MPA,"7,155",$162.27,533 mi,20,$0.3044
WDH,HAM,"6,958",$541.43,"5,119 mi",19,$0.1058
WDH,BER,"6,887",$448.70,"5,022 mi",19,$0.0893
WDH,GVA,"6,686",$552.23,"4,945 mi",18,$0.1117
WDH,DME,"5,492",$758.09,"5,680 mi",15,$0.1335
WDH,PEK,"5,043",$770.07,"7,898 mi",14,$0.0975
WDH,DXB,"4,705",$736.51,"4,037 mi",13,$0.1824
WDH,MAD,"4,399",$399.65,"4,419 mi",12,$0.0904
WDH,PVG,"4,314",$526.88,"8,054 mi",12,$0.0654
WDH,WAW,"4,221",$389.31,"5,007 mi",12,$0.0778
WDH,LPA,"4,071",$741.27,"3,992 mi",11,$0.1857
WDH,NBJ,"3,958",$160.29,994 mi,11,$0.1613
WDH,AYT,"3,614",$728.79,"4,067 mi",10,$0.1792
WDH,TFS,"3,384",$274.07,"4,039 mi",9,$0.0679
WDH,MAN,"3,370",$405.70,"5,210 mi",9,$0.0779
WDH,YYC,"3,265",$840.94,"8,913 mi",9,$0.0943
WDH,TPA,"3,185",$424.01,"7,287 mi",9,$0.0582
WDH,LIN,"2,891",$747.00,"4,579 mi",8,$0.1631
WDH,QYG,"2,878",$290.09,"5,132 mi",8,$0.0565
WDH,VCE,"2,722",$432.59,"4,849 mi",7,$0.0892
WDH,BCN,"2,619",$417.46,"4,381 mi",7,$0.0953
WDH,LAS,"2,589",$538.00,"9,747 mi",7,$0.0552
WDH,DUS,"2,495",$513.21,"5,292 mi",7,$0.0970
WDH,LYS,"2,454",$551.21,"4,633 mi",7,$0.1190
WDH,MRS,"2,424",$531.79,"4,481 mi",7,$0.1187
WDH,PHL,"2,288",$669.84,"7,556 mi",6,$0.0887
WDH,CAN,"2,221",$693.33,"6,954 mi",6,$0.0997
WDH,CPH,"2,002",$304.80,"5,241 mi",5,$0.0582
WDH,IBZ,"1,980",$369.63,"4,496 mi",5,$0.0822
WDH,ACE,"1,974",$283.06,"4,234 mi",5,$0.0669
WDH,IAD,"1,968","$1,095.58","7,210 mi",5,$0.1520
WDH,HKG,"1,948",$702.77,"6,967 mi",5,$0.1009
WDH,BOM,"1,891",$506.29,"4,573 mi",5,$0.1107
WDH,NRT,"1,836",$799.95,"8,653 mi",5,$0.0924
WDH,OPO,"1,690",$474.22,"4,851 mi",5,$0.0978
WDH,DEL,"1,663",$718.17,"5,151 mi",5,$0.1394
WDH,PRG,"1,628",$831.62,"4,867 mi",4,$0.1709
WDH,SHO,"1,613",$66.10,963 mi,4,$0.0686
WDH,BLQ,"1,605",$614.07,"4,785 mi",4,$0.1283
WDH,HER,"1,599",$678.93,"3,906 mi",4,$0.1738
WDH,OSL,"1,594",$293.50,"5,551 mi",4,$0.0529
WDH,NCE,"1,474","$1,051.65","4,754 mi",4,$0.2212
WDH,MNL,"1,473",$865.01,"7,223 mi",4,$0.1198
WDH,JFK,"1,423","$1,073.64","7,059 mi",4,$0.1521
WDH,TLS,"1,383",$411.06,"4,821 mi",4,$0.0853
WDH,FNC,"1,374",$430.35,"4,298 mi",4,$0.1001
WDH,ADB,"1,371",$321.81,"4,119 mi",4,$0.0781
WDH,YYZ,"1,345",$669.65,"7,391 mi",4,$0.0906
WDH,IST,"1,338",$593.51,"4,597 mi",4,$0.1291
WDH,HAJ,"1,337",$592.54,"5,043 mi",4,$0.1175
WDH,GRJ,"1,328",$105.65,876 mi,4,$0.1206
WDH,BRE,"1,286",$508.89,"5,087 mi",4,$0.1000
WDH,PER,"1,275","$1,115.95","5,700 mi",3,$0.1958
WDH,ARN,"1,256",$421.68,"5,505 mi",3,$0.0766
WDH,TLV,"1,226",$736.38,"3,818 mi",3,$0.1929
WDH,EWR,"1,216",$645.03,"7,517 mi",3,$0.0858
WDH,OTP,"1,200",$969.91,"4,805 mi",3,$0.2019
WDH,GRU,"1,191",$833.23,"4,153 mi",3,$0.2006
WDH,HEL,"1,171",$460.21,"5,908 mi",3,$0.0779
WDH,TFU,"1,168",$612.01,"7,023 mi",3,$0.0871
WDH,ABZ,"1,153","$1,299.34","5,792 mi",3,$0.2243
WDH,LGW,"1,138",$525.79,"5,043 mi",3,$0.1043
WDH,DRS,"1,094",$596.32,"4,938 mi",3,$0.1208
WDH,SIN,"1,081",$846.07,"5,851 mi",3,$0.1446
WDH,ZNZ,"1,075",$305.37,"1,889 mi",3,$0.1617
WDH,BKK,"1,071",$677.27,"5,975 mi",3,$0.1134
WDH,CUN,"1,044",$814.91,"7,867 mi",3,$0.1036
WDH,MSP,"1,026",$735.06,"8,545 mi",3,$0.0860
WDH,BEG,"1,021",$390.02,"4,793 mi",3,$0.0814
WDH,ESB,"1,010",$390.40,"4,573 mi",3,$0.0854
ZNZ,ARK,"262,273",$107.80,274 mi,719,$0.3934
ZNZ,CDG,"77,687",$360.78,"4,277 mi",213,$0.0844
ZNZ,FCO,"74,474",$431.54,"3,617 mi",204,$0.1193
ZNZ,DXB,"66,023",$297.88,"2,503 mi",181,$0.1190
ZNZ,FRA,"65,121",$415.86,"4,427 mi",178,$0.0939
ZNZ,MXP,"59,717",$524.31,"4,167 mi",164,$0.1258
ZNZ,PMA,"49,335",$77.06,76 mi,135,$1.0139
ZNZ,LHR,"37,883",$438.85,"4,764 mi",104,$0.0921
ZNZ,AMS,"32,694",$318.86,"4,386 mi",90,$0.0727
ZNZ,SEU,"26,098",$323.85,412 mi,72,$0.7860
ZNZ,MCT,"24,740",$196.61,"2,501 mi",68,$0.0786
ZNZ,TGT,"23,747",$107.21,81 mi,65,$1.3236
ZNZ,VIE,"21,628",$322.30,"3,878 mi",59,$0.0831
ZNZ,MAD,"21,160",$290.57,"4,090 mi",58,$0.0710
ZNZ,ZRH,"19,518",$419.12,"4,279 mi",53,$0.0979
ZNZ,MRS,"17,689",$274.72,"4,156 mi",48,$0.0661
ZNZ,LGW,"17,555",$341.67,"4,462 mi",48,$0.0766
ZNZ,BRU,"16,687",$355.49,"4,588 mi",46,$0.0775
ZNZ,BER,"16,209",$289.31,"4,451 mi",44,$0.0650
ZNZ,MUC,"15,494",$364.17,"3,997 mi",42,$0.0911
ZNZ,CPH,"14,898",$299.35,"4,399 mi",41,$0.0680
ZNZ,WIL,"14,792",$163.29,366 mi,41,$0.4461
ZNZ,WAW,"13,036",$203.01,"4,050 mi",36,$0.0501
ZNZ,MAN,"11,985",$468.31,"4,628 mi",33,$0.1012
ZNZ,ARN,"11,914",$314.73,"4,558 mi",33,$0.0691
ZNZ,LYS,"11,296",$331.68,"4,285 mi",31,$0.0774
ZNZ,VRN,"11,004",$634.50,"4,092 mi",30,$0.1551
ZNZ,GVA,"10,476",$469.18,"4,281 mi",29,$0.1096
ZNZ,HAM,"10,009",$284.93,"4,337 mi",27,$0.0657
ZNZ,LIS,"9,960",$310.46,"4,514 mi",27,$0.0688
ZNZ,IST,"9,953",$299.26,"3,448 mi",27,$0.0868
ZNZ,DUS,"9,605",$270.40,"4,547 mi",26,$0.0595
ZNZ,TLV,"9,364",$461.10,"2,577 mi",26,$0.1789
ZNZ,DOH,"9,051",$226.02,"2,400 mi",25,$0.0942
ZNZ,DME,"8,688",$317.27,"4,387 mi",24,$0.0723
ZNZ,OSL,"8,591",$319.93,"4,692 mi",24,$0.0682
ZNZ,CAN,"8,352",$687.84,"5,553 mi",23,$0.1239
ZNZ,BCN,"8,319",$379.93,"3,915 mi",23,$0.0970
ZNZ,PRG,"8,010",$368.00,"4,044 mi",22,$0.0910
ZNZ,MWZ,"7,992",$122.88,521 mi,22,$0.2359
ZNZ,BOM,"7,658",$170.56,"2,967 mi",21,$0.0575
ZNZ,OPO,"6,149",$222.36,"4,326 mi",17,$0.0514
ZNZ,PMI,"6,144",$433.57,"3,808 mi",17,$0.1139
ZNZ,NCE,"6,135",$334.68,"3,864 mi",17,$0.0866
ZNZ,JFK,"5,881",$894.31,"7,930 mi",16,$0.1128
ZNZ,MFA,"5,540",$102.86,117 mi,15,$0.8791
ZNZ,BUD,"5,177",$330.09,"4,020 mi",14,$0.0821
ZNZ,TLS,"4,731",$381.87,"4,051 mi",13,$0.0943
ZNZ,ATH,"4,699",$263.53,"3,301 mi",13,$0.0798
ZNZ,AYT,"4,575",$299.22,"2,938 mi",13,$0.1018
ZNZ,BOD,"4,458",$329.67,"4,436 mi",12,$0.0743
ZNZ,BHX,"4,415",$601.61,"4,570 mi",12,$0.1316
ZNZ,BGY,"3,983",$382.57,"3,900 mi",11,$0.0981
ZNZ,RUH,"3,921",$316.52,"2,278 mi",11,$0.1389
ZNZ,SVO,"3,774",$375.89,"4,427 mi",10,$0.0849
ZNZ,KWI,"3,545",$276.04,"2,593 mi",10,$0.1065
ZNZ,VCE,"3,536",$334.25,"3,822 mi",10,$0.0875
ZNZ,NAP,"3,481",$306.86,"3,509 mi",10,$0.0874
ZNZ,JED,"3,459",$322.78,"1,870 mi",9,$0.1726
ZNZ,DUB,"3,426",$473.67,"4,747 mi",9,$0.0998
ZNZ,BLQ,"3,366",$338.05,"4,029 mi",9,$0.0839
ZNZ,HEL,"2,960",$397.80,"4,802 mi",8,$0.0828
ZNZ,EDI,"2,942",$551.75,"5,077 mi",8,$0.1087
ZNZ,YYZ,"2,923",$653.67,"7,704 mi",8,$0.0848
ZNZ,IAD,"2,830",$811.41,"7,676 mi",8,$0.1057
ZNZ,OTP,"2,792",$458.58,"3,495 mi",8,$0.1312
ZNZ,BLL,"2,776",$332.41,"4,474 mi",8,$0.0743
ZNZ,ICN,"2,769",$618.44,"6,518 mi",8,$0.0949
ZNZ,DEL,"2,699",$256.03,"3,379 mi",7,$0.0758
ZNZ,CGN,"2,632",$198.76,"4,250 mi",7,$0.0468
ZNZ,BSL,"2,563",$444.83,"4,064 mi",7,$0.1095
ZNZ,PVG,"2,549",$874.55,"5,825 mi",7,$0.1501
ZNZ,DOD,"2,450",$89.97,232 mi,7,$0.3878
ZNZ,HAJ,"2,410",$370.77,"4,278 mi",7,$0.0867
ZNZ,STR,"2,364",$340.60,"4,331 mi",6,$0.0786
ZNZ,GOT,"2,323",$297.97,"4,805 mi",6,$0.0620
ZNZ,BEG,"2,187",$410.00,"3,829 mi",6,$0.1071
ZNZ,VKO,"2,186",$375.12,"4,400 mi",6,$0.0853
ZNZ,NUE,"2,030",$464.59,"4,079 mi",6,$0.1139
ZNZ,CTA,"2,024",$263.35,"3,498 mi",6,$0.0753
ZNZ,YUL,"1,977",$559.58,"7,860 mi",5,$0.0712
ZNZ,AMM,"1,966",$168.36,"2,709 mi",5,$0.0621
ZNZ,LIN,"1,880",$256.30,"4,142 mi",5,$0.0619
ZNZ,VNO,"1,793",$335.48,"4,409 mi",5,$0.0761
ZNZ,PUJ,"1,722",$270.70,"7,279 mi",5,$0.0372
ZNZ,BEY,"1,680",$322.37,"2,694 mi",5,$0.1197
ZNZ,VFA,"1,666",$391.19,"1,256 mi",5,$0.3115
ZNZ,ORD,"1,617",$645.99,"8,627 mi",4,$0.0749
ZNZ,SZG,"1,588",$312.98,"3,937 mi",4,$0.0795
ZNZ,HER,"1,521",$411.67,"2,923 mi",4,$0.1408
ZNZ,PEK,"1,497",$695.88,"6,010 mi",4,$0.1158
ZNZ,STN,"1,456",$475.14,"4,486 mi",4,$0.1059
ZNZ,ATL,"1,451",$663.50,"8,628 mi",4,$0.0769
ZNZ,AGP,"1,450",$398.20,"4,216 mi",4,$0.0944
ZNZ,LJU,"1,449",$343.73,"4,049 mi",4,$0.0849
ZNZ,SOF,"1,395",$426.29,"3,417 mi",4,$0.1248
ZNZ,LAX,"1,389",$973.76,"9,745 mi",4,$0.0999
ZNZ,BKK,"1,370",$484.99,"4,570 mi",4,$0.1061
ZNZ,BRI,"1,354",$286.24,"3,675 mi",4,$0.0779
ZNZ,NTE,"1,318",$386.11,"4,316 mi",4,$0.0895
ZNZ,SIN,"1,318",$563.94,"4,632 mi",4,$0.1217
ZNZ,SAW,"1,298",$278.36,"3,217 mi",4,$0.0865
ZNZ,IBZ,"1,292",$325.75,"4,063 mi",4,$0.0802
ZNZ,MED,"1,261",$277.77,"2,191 mi",3,$0.1268
ZNZ,BJM,"1,229",$185.16,732 mi,3,$0.2530
ZNZ,BAH,"1,225",$371.50,"2,301 mi",3,$0.1615
ZNZ,EZE,"1,215",$847.42,"6,217 mi",3,$0.1363
ZNZ,BRE,"1,191",$485.52,"4,599 mi",3,$0.1056
ZNZ,AHB,"1,177",$137.78,"1,757 mi",3,$0.0784
ZNZ,BOS,"1,156",$979.00,"7,311 mi",3,$0.1339
ZNZ,DMM,"1,154",$276.49,"2,438 mi",3,$0.1134
ZNZ,VLC,"1,113",$648.89,"3,926 mi",3,$0.1653
ZNZ,KRK,"1,096",$323.08,"3,938 mi",3,$0.0820
ZNZ,HKG,"1,076",$622.09,"5,252 mi",3,$0.1184
ZNZ,LUX,"1,075",$315.44,"4,467 mi",3,$0.0706
ZNZ,MBI,"1,062",$113.83,423 mi,3,$0.2691
ZNZ,MAA,"1,042",$380.40,"3,202 mi",3,$0.1188
ZNZ,SFO,"1,035","$1,062.67","9,680 mi",3,$0.1098