ORIGIN,DESTINATION,PAX IN/OUT,AVG. FARE ($),DISTANCE (MI),DAILY PAX I/O,RPM ($/MI)
BOM,DEL,"5,925,726",$77.95,728 mi,"16,235",$0.1071
BLR,DEL,"4,109,586",$100.37,"1,030 mi","11,259",$0.0974
BLR,BOM,"3,625,904",$76.07,534 mi,"9,934",$0.1425
DEL,HYD,"2,658,222",$73.50,812 mi,"7,283",$0.0905
DEL,PNQ,"2,307,612",$112.20,697 mi,"6,322",$0.1610
CCU,DEL,"2,271,961",$82.01,840 mi,"6,225",$0.0976
BOM,CCU,"2,001,455",$78.53,"1,004 mi","5,483",$0.0782
DEL,MAA,"1,990,568",$101.60,"1,127 mi","5,454",$0.0902
BLR,CCU,"1,952,825",$90.21,990 mi,"5,350",$0.0911
BOM,HYD,"1,895,583",$46.37,399 mi,"5,193",$0.1162
BLR,HYD,"1,881,085",$44.05,291 mi,"5,154",$0.1514
AMD,DEL,"1,870,445",$36.44,484 mi,"5,125",$0.0753
BOM,GOI,"1,728,033",$41.53,272 mi,"4,734",$0.1527
DEL,GOI,"1,658,933",$77.90,963 mi,"4,545",$0.0809
BOM,MAA,"1,633,957",$79.83,623 mi,"4,477",$0.1281
AMD,BOM,"1,611,880",$28.08,268 mi,"4,416",$0.1048
BLR,PNQ,"1,577,939",$79.88,436 mi,"4,323",$0.1832
DEL,SXR,"1,440,581",$59.20,411 mi,"3,947",$0.1440
DEL,GAU,"1,284,798",$92.71,877 mi,"3,520",$0.1057
BLR,GOI,"1,277,867",$37.46,309 mi,"3,501",$0.1212
HYD,MAA,"1,248,456",$48.71,324 mi,"3,420",$0.1503
BOM,DXB,"1,227,191",$213.46,"1,161 mi","3,362",$0.1839
DEL,DXB,"1,219,566",$215.72,"1,398 mi","3,341",$0.1543
BLR,MAA,"1,178,586",$24.33,172 mi,"3,229",$0.1415
DEL,PAT,"1,049,997",$54.10,548 mi,"2,877",$0.0987
BLR,COK,"1,049,868",$32.55,221 mi,"2,876",$0.1473
GOI,HYD,"1,030,687",$52.86,341 mi,"2,824",$0.1550
KHI,JED,"979,219",$131.62,"1,734 mi","2,683",$0.0759
DEL,BBI,"958,547",$78.40,818 mi,"2,626",$0.0958
AMD,BLR,"956,879",$44.95,736 mi,"2,622",$0.0611
DEL,LKO,"947,181",$31.84,255 mi,"2,595",$0.1249
BOM,COK,"944,972",$71.27,681 mi,"2,589",$0.1047
ISB,KHI,"944,933",$53.62,708 mi,"2,589",$0.0757
LHE,JED,"940,431",$147.67,"2,338 mi","2,577",$0.0632
CCU,GAU,"917,601",$58.92,319 mi,"2,514",$0.1847
CCU,HYD,"909,820",$87.78,772 mi,"2,493",$0.1137
HYD,VTZ,"904,318",$58.95,308 mi,"2,478",$0.1914
BOM,JAI,"878,822",$98.68,583 mi,"2,408",$0.1693
CCU,MAA,"878,715",$85.83,834 mi,"2,407",$0.1029
KHI,LHE,"866,423",$47.42,654 mi,"2,374",$0.0725
DEL,IDR,"852,586",$42.26,400 mi,"2,336",$0.1057
DEL,LHR,"836,680",$371.93,"4,307 mi","2,292",$0.0864
BLR,VNS,"825,626",$78.21,938 mi,"2,262",$0.0834
DEL,IXB,"822,585",$62.63,678 mi,"2,254",$0.0924
CJB,MAA,"819,870",$64.11,244 mi,"2,246",$0.2627
BOM,LKO,"783,299",$68.61,713 mi,"2,146",$0.0962
BOM,VNS,"771,780",$52.55,752 mi,"2,114",$0.0699
CGP,DAC,"769,091",$26.38,138 mi,"2,107",$0.1912
HYD,TIR,"764,802",$20.98,267 mi,"2,095",$0.0786
ISB,JED,"762,750",$139.88,"2,272 mi","2,090",$0.0616
DEL,IXR,"761,968",$62.94,645 mi,"2,088",$0.0976
BLR,LKO,"760,491",$90.49,988 mi,"2,084",$0.0916
DEL,BKK,"750,701",$93.25,"1,777 mi","2,057",$0.0525
COK,HYD,"742,993",$149.69,523 mi,"2,036",$0.2862
MAA,PNQ,"731,130",$87.89,585 mi,"2,003",$0.1502
DEL,VNS,"714,399",$58.58,402 mi,"1,957",$0.1457
COK,DEL,"712,235",$103.25,"1,311 mi","1,951",$0.0788
KTM,PKR,"709,097",$55.24,88 mi,"1,943",$0.6277
DAC,CXB,"704,494",$38.56,187 mi,"1,930",$0.2062
DEL,GOX,"697,844",$64.30,883 mi,"1,912",$0.0728
DAC,JED,"694,670",$265.89,"3,348 mi","1,903",$0.0794
DEL,RPR,"687,805",$69.09,605 mi,"1,884",$0.1142
BLR,BBI,"687,415",$51.76,702 mi,"1,883",$0.0737
BOM,NAG,"687,370",$36.57,411 mi,"1,883",$0.0890
BLR,PAT,"679,691",$54.60,"1,010 mi","1,862",$0.0541
COK,MAA,"677,445",$29.67,312 mi,"1,856",$0.0951
BLR,JAI,"675,474",$112.96,921 mi,"1,851",$0.1226
DAC,RUH,"672,073",$284.73,"2,657 mi","1,841",$0.1072
CCU,IXA,"668,336",$53.10,191 mi,"1,831",$0.2780
BOM,LHR,"667,871",$423.35,"4,348 mi","1,830",$0.0974
BLR,GAU,"667,069",$78.11,"1,229 mi","1,828",$0.0636
MAA,SIN,"664,402",$119.22,"1,870 mi","1,820",$0.0638
DAC,KUL,"659,586",$155.73,"1,691 mi","1,807",$0.0921
BOM,IDR,"643,624",$38.79,323 mi,"1,763",$0.1201
DEL,IXL,"627,151",$47.81,398 mi,"1,718",$0.1201
DEL,KTM,"622,295",$53.82,492 mi,"1,705",$0.1094
BLR,IXE,"622,043",$23.62,196 mi,"1,704",$0.1205
ISB,RUH,"603,379",$133.00,"1,727 mi","1,653",$0.0770
AMD,PNQ,"596,196",$51.41,331 mi,"1,633",$0.1553
HYD,VNS,"594,425",$59.98,616 mi,"1,629",$0.0974
AMD,HYD,"590,352",$84.10,535 mi,"1,617",$0.1572
BOM,AUH,"589,568",$76.74,"1,262 mi","1,615",$0.0608
BLR,TRV,"588,663",$40.95,340 mi,"1,613",$0.1204
HYD,PNQ,"584,563",$42.37,320 mi,"1,602",$0.1324
BOM,IXC,"580,906",$81.62,862 mi,"1,592",$0.0947
DEL,NAG,"578,780",$57.76,515 mi,"1,586",$0.1122
BLR,IXB,"574,239",$69.71,"1,123 mi","1,573",$0.0621
BOM,GOX,"567,560",$29.22,234 mi,"1,555",$0.1249
ATQ,DEL,"565,377",$25.71,249 mi,"1,549",$0.1033
DEL,YYZ,"556,937",$524.69,"7,015 mi","1,526",$0.0748
AMD,CCU,"556,073",$95.79,"1,037 mi","1,523",$0.0924
CMB,MAA,"554,401",$34.65,390 mi,"1,519",$0.0888
KTM,BWA,"543,769",$39.98,124 mi,"1,490",$0.3224
BOM,CJB,"540,339",$79.12,603 mi,"1,480",$0.1312
KTM,BIR,"536,177",$37.95,140 mi,"1,469",$0.2711
ISB,DXB,"530,959",$104.49,"1,231 mi","1,455",$0.0849
COK,DXB,"530,804",$150.08,"1,781 mi","1,454",$0.0843
DEL,UDR,"526,018",$52.58,347 mi,"1,441",$0.1515
CCU,IXZ,"525,675",$66.85,836 mi,"1,440",$0.0800
BOM,SIN,"522,424",$421.92,"2,509 mi","1,431",$0.1682
DAC,ZYL,"522,279",$27.48,125 mi,"1,431",$0.2198
LHE,DXB,"521,826",$112.84,"1,270 mi","1,430",$0.0889
CCU,IXB,"517,012",$84.57,286 mi,"1,416",$0.2957
BOM,JED,"516,894",$127.80,"2,120 mi","1,416",$0.0603
DAC,SHJ,"513,528",$133.15,"2,254 mi","1,407",$0.0591
DEL,IXC,"509,410",$27.53,143 mi,"1,396",$0.1925
AMD,GOI,"504,738",$28.96,553 mi,"1,383",$0.0524
BLR,IDR,"503,493",$47.73,690 mi,"1,379",$0.0692
DEL,STV,"499,994",$60.02,600 mi,"1,370",$0.1000
HYD,JAI,"498,499",$58.46,705 mi,"1,366",$0.0829
DEL,IXJ,"496,461",$38.05,324 mi,"1,360",$0.1174
DEL,SIN,"496,457",$326.73,"2,506 mi","1,360",$0.1304
CCU,PNQ,"494,781",$99.55,951 mi,"1,356",$0.1047
KHI,DXB,"494,260",$136.36,716 mi,"1,354",$0.1904
BOM,BBI,"489,502",$87.30,871 mi,"1,341",$0.1002
BOM,UDR,"487,571",$57.46,376 mi,"1,336",$0.1528
HYD,BBI,"485,669",$82.16,510 mi,"1,331",$0.1611
BOM,IXE,"483,429",$48.87,431 mi,"1,324",$0.1134
DEL,DED,"467,942",$25.66,134 mi,"1,282",$0.1915
COK,AUH,"467,605",$123.01,"1,685 mi","1,281",$0.0730
BLR,IXR,"459,544",$81.66,833 mi,"1,259",$0.0980
MAA,IXZ,"457,551",$59.97,878 mi,"1,254",$0.0683
MUX,JED,"456,786",$142.87,"2,019 mi","1,251",$0.0708
BLR,IXC,"454,374",$111.72,"1,245 mi","1,245",$0.0897
CMB,DXB,"451,804",$221.00,"1,982 mi","1,238",$0.1115
CCU,JAI,"450,566",$109.10,868 mi,"1,234",$0.1257
HYD,PAT,"449,997",$71.38,741 mi,"1,233",$0.0963
CJB,DEL,"444,502",$114.99,"1,176 mi","1,218",$0.0978
DEL,BDQ,"435,243",$42.57,509 mi,"1,192",$0.0836
DEL,BHO,"435,104",$37.10,376 mi,"1,192",$0.0987
CJB,HYD,"433,852",$40.74,451 mi,"1,189",$0.0903
DEL,VTZ,"433,014",$60.11,869 mi,"1,186",$0.0692
CCJ,DXB,"432,288",$127.91,"1,712 mi","1,184",$0.0747
HYD,LKO,"430,890",$52.51,697 mi,"1,181",$0.0753
BOM,BKK,"423,299",$101.84,"1,939 mi","1,160",$0.0525
DEL,JAI,"418,582",$29.67,148 mi,"1,147",$0.2005
BOM,HSR,"418,533",$32.42,248 mi,"1,147",$0.1307
DEL,TRV,"417,065",$85.88,"1,346 mi","1,143",$0.0638
DAC,SPD,"416,750",$25.21,157 mi,"1,142",$0.1606
AMD,MAA,"416,642",$55.71,880 mi,"1,141",$0.0633
BLR,NAG,"413,437",$53.53,569 mi,"1,133",$0.0941
CCU,BBI,"412,288",$61.49,244 mi,"1,130",$0.2520
CCJ,AUH,"411,610",$106.16,"1,722 mi","1,128",$0.0616
BLR,SIN,"405,902",$263.29,"2,034 mi","1,112",$0.1294
BLR,VTZ,"404,604",$42.42,468 mi,"1,109",$0.0906
BOM,GAU,"386,687",$73.83,"1,248 mi","1,059",$0.0592
HYD,IDR,"384,448",$40.49,404 mi,"1,053",$0.1002
HYD,DXB,"381,163",$156.75,"1,630 mi","1,044",$0.0962
DAC,DXB,"377,098",$257.22,"2,264 mi","1,033",$0.1136
TRV,SHJ,"376,669",$93.25,"1,771 mi","1,032",$0.0527
LHE,RUH,"376,225",$155.71,"1,793 mi","1,031",$0.0868
DAC,DMM,"374,999",$208.81,"2,611 mi","1,027",$0.0800
TRV,AUH,"369,737",$191.11,"1,891 mi","1,013",$0.1011
MAA,IXM,"364,011",$26.45,252 mi,997,$0.1050
BOM,IXB,"360,842",$63.27,"1,081 mi",989,$0.0585
DEL,JED,"360,619",$148.33,"2,483 mi",988,$0.0597
DEL,GOP,"357,759",$54.46,396 mi,980,$0.1375
DAC,SIN,"355,785",$247.05,"1,854 mi",975,$0.1333
BOM,PAT,"354,185",$68.17,927 mi,970,$0.0735
KTM,KEP,"351,349",$41.83,234 mi,963,$0.1788
BOM,MCT,"351,247",$174.73,"1,018 mi",962,$0.1716
DEL,HKT,"345,038",$75.81,"2,034 mi",945,$0.0373
MAA,DXB,"343,174",$171.15,"1,878 mi",940,$0.0911
MAA,KUL,"342,065",$86.82,"1,682 mi",937,$0.0516
BOM,RPR,"340,445",$79.35,575 mi,933,$0.1380
DAC,KWI,"338,238",$153.27,"2,714 mi",927,$0.0565
CMB,LHR,"336,924",$348.35,"5,253 mi",923,$0.0663
HYD,GAU,"328,750",$80.69,"1,074 mi",901,$0.0751
KTM,DOH,"328,140",$165.53,"2,150 mi",899,$0.0770
COK,DOH,"323,991",$171.67,"1,989 mi",888,$0.0863
MAA,GAU,"322,659",$93.33,"1,205 mi",884,$0.0775
GOX,HYD,"321,720",$20.06,310 mi,881,$0.0647
DAC,MCT,"320,742",$183.00,"2,088 mi",879,$0.0876
DEL,YVR,"320,582",$570.84,"6,712 mi",878,$0.0850
BLR,CJB,"319,450",$16.17,151 mi,875,$0.1071
AMD,GOX,"319,429",$23.65,529 mi,875,$0.0447
BLR,DXB,"316,271",$207.52,"1,625 mi",866,$0.1277
NAG,PNQ,"313,449",$33.63,387 mi,859,$0.0869
DEL,KUL,"313,230",$141.51,"2,337 mi",858,$0.0606
KTM,BDP,"311,902",$39.48,191 mi,855,$0.2067
DEL,RUH,"310,744",$173.78,"1,944 mi",851,$0.0894
ISB,MAN,"308,150",$330.70,"3,925 mi",844,$0.0843
GOI,MAA,"307,284",$67.35,442 mi,842,$0.1524
DAC,BKK,"306,668",$169.64,"1,003 mi",840,$0.1691
BOM,BHO,"302,827",$36.11,421 mi,830,$0.0858
DAC,DOH,"302,674",$239.65,"2,504 mi",829,$0.0957
DAC,MED,"301,869",$276.73,"3,081 mi",827,$0.0898
BOM,KWI,"301,711",$97.28,"1,765 mi",827,$0.0551
HYD,VGA,"301,486",$14.64,159 mi,826,$0.0921
HYD,IXB,"301,190",$92.15,936 mi,825,$0.0985
MAA,TRV,"298,436",$34.26,371 mi,818,$0.0923
MLE,SVO,"295,957",$300.61,"4,216 mi",811,$0.0713
KTM,DXB,"295,456",$191.94,"1,802 mi",809,$0.1065
COK,LHR,"293,041",$336.32,"5,259 mi",803,$0.0640
BOM,RUH,"291,884",$116.07,"1,669 mi",800,$0.0695
DEL,SHJ,"291,843",$98.48,"1,386 mi",800,$0.0711
JAI,MAA,"289,691",$54.45,966 mi,794,$0.0564
CCU,PAT,"286,818",$28.59,284 mi,786,$0.1007
BOM,IXD,"285,923",$86.77,695 mi,783,$0.1248
HYD,IXR,"285,564",$68.72,631 mi,782,$0.1089
COK,KWI,"284,598",$120.47,"2,192 mi",780,$0.0550
BLR,STV,"283,433",$78.87,618 mi,777,$0.1276
CCU,IMF,"282,867",$31.90,363 mi,775,$0.0879
DEL,AYJ,"282,602",$35.89,344 mi,774,$0.1043
BOM,SXR,"282,395",$60.30,"1,005 mi",774,$0.0600
COK,SHJ,"281,936",$128.74,"1,672 mi",772,$0.0770
KHI,SHJ,"281,602",$67.15,707 mi,772,$0.0950
BLR,LHR,"280,755",$510.17,"4,850 mi",769,$0.1052
MLE,DXB,"278,679",$440.78,"1,832 mi",764,$0.2406
BOM,DED,"277,024",$92.91,811 mi,759,$0.1146
JAI,PNQ,"274,896",$63.39,599 mi,753,$0.1058
DEL,HKG,"273,363",$215.37,"2,398 mi",749,$0.0898
ISB,SHJ,"272,145",$36.95,"1,220 mi",746,$0.0303
DEL,MEL,"271,923",$437.02,"6,523 mi",745,$0.0670
DEL,SFO,"271,173",$787.54,"7,461 mi",743,$0.1056
BLR,GOX,"267,937",$21.71,302 mi,734,$0.0719
MLE,KUL,"267,312",$68.05,"1,888 mi",732,$0.0360
MAA,AUH,"266,269",$191.30,"1,898 mi",730,$0.1008
AMD,LKO,"265,734",$33.76,593 mi,728,$0.0569
HYD,JED,"263,884",$169.85,"2,647 mi",723,$0.0642
BOM,TRV,"263,772",$79.89,804 mi,723,$0.0994
MAA,VTZ,"263,284",$54.16,396 mi,721,$0.1368
BOM,BDQ,"263,010",$29.07,233 mi,721,$0.1248
BLR,AYJ,"261,644",$112.87,951 mi,717,$0.1187
DEL,AUH,"260,443",$105.21,"1,457 mi",714,$0.0722
CCU,BKK,"259,563",$70.71,986 mi,711,$0.0717
MAA,BBI,"259,119",$77.95,605 mi,710,$0.1288
BLR,AUH,"259,037",$98.66,"1,743 mi",710,$0.0566
BOM,IXR,"257,532",$86.26,879 mi,706,$0.0981
MAA,TRZ,"256,522",$21.45,178 mi,703,$0.1205
GOI,PNQ,"255,367",$42.81,228 mi,700,$0.1878
AMD,DXB,"255,168",$65.44,"1,065 mi",699,$0.0614
BLR,VGA,"254,995",$30.49,318 mi,699,$0.0959
DEL,VGA,"253,460",$50.94,838 mi,694,$0.0608
KTM,JKR,"252,572",$30.63,75 mi,692,$0.4084
HYD,TRV,"252,063",$51.98,595 mi,691,$0.0874
CMB,SHJ,"250,031",$145.45,"1,977 mi",685,$0.0736
IXE,DXB,"247,417",$178.55,"1,482 mi",678,$0.1205
ATQ,BOM,"245,404",$59.06,854 mi,672,$0.0692
MLE,LHR,"245,176",$665.93,"5,465 mi",672,$0.1219
BOM,SHJ,"244,112",$59.85,"1,225 mi",669,$0.0489
BLR,DED,"244,045",$75.37,"1,209 mi",669,$0.0623
BLR,RPR,"243,939",$64.61,630 mi,668,$0.1026
HYD,IXC,"242,213",$45.37,906 mi,664,$0.0501
DEL,DBR,"238,879",$49.92,548 mi,654,$0.0911
CNN,AUH,"235,570",$105.57,"1,667 mi",645,$0.0633
BOM,GOP,"235,322",$37.51,829 mi,645,$0.0452
BLR,BKK,"234,791",$89.86,"1,502 mi",643,$0.0598
DEL,JFK,"234,338",$725.55,"7,085 mi",642,$0.1024
CMB,MLE,"234,120",$82.08,469 mi,641,$0.1750
LHE,SHJ,"232,339",$57.65,"1,186 mi",637,$0.0486
DEL,KWI,"231,770",$109.51,"1,811 mi",635,$0.0605
BOM,JFK,"230,963",$905.67,"8,021 mi",633,$0.1129
LHE,DMM,"229,004",$153.10,"1,478 mi",627,$0.1036
CCJ,JED,"228,980",$141.07,"2,462 mi",627,$0.0573
BOM,DOH,"228,852",$110.13,"1,381 mi",627,$0.0797
COK,MCT,"228,684",$190.36,"1,558 mi",627,$0.1222
BLR,KUL,"228,649",$127.69,"1,846 mi",626,$0.0692
BOM,HKT,"228,602",$62.03,"1,809 mi",626,$0.0343
DEL,JDH,"228,177",$44.22,287 mi,625,$0.1541
KTM,SIF,"227,964",$22.65,43 mi,625,$0.5267
CCU,LKO,"227,676",$50.80,535 mi,624,$0.0950
KTM,KUL,"227,196",$153.34,"2,095 mi",622,$0.0732
CCU,IXS,"226,601",$27.41,336 mi,621,$0.0816
BLR,BHO,"226,258",$28.53,676 mi,620,$0.0422
KTM,BHR,"225,600",$19.73,55 mi,618,$0.3587
BLR,GOP,"221,563",$49.44,"1,037 mi",607,$0.0477
BLR,IXZ,"221,544",$73.96,"1,050 mi",607,$0.0704
CCJ,MCT,"220,203",$101.03,"1,489 mi",603,$0.0679
HYD,RJA,"219,165",$17.01,231 mi,600,$0.0736
BOM,AYJ,"218,263",$103.80,769 mi,598,$0.1350
BOM,JDH,"216,535",$48.76,480 mi,593,$0.1016
CCU,DIB,"216,423",$41.95,513 mi,593,$0.0818
CCU,RPR,"216,341",$50.93,455 mi,593,$0.1119
DEL,IXE,"215,970",$84.91,"1,121 mi",592,$0.0757
KHI,MED,"215,875",$159.71,"1,668 mi",591,$0.0957
DEL,HSR,"215,414",$60.26,554 mi,590,$0.1088
COK,PNQ,"214,725",$66.97,624 mi,588,$0.1073
DEL,HND,"214,654",$645.07,"3,750 mi",588,$0.1720
GOX,PNQ,"213,881",$33.12,191 mi,586,$0.1734
ISB,LHR,"212,355",$289.30,"3,874 mi",582,$0.0747
HYD,LHR,"210,677",$373.07,"4,673 mi",577,$0.0798
CCJ,SHJ,"209,653",$108.17,"1,707 mi",574,$0.0634
CMB,KUL,"208,373",$66.99,"1,487 mi",571,$0.0451
BOM,DMM,"207,807",$196.00,"1,600 mi",569,$0.1225
AMD,IXC,"206,967",$49.64,602 mi,567,$0.0825
DEL,IXU,"206,659",$47.95,629 mi,566,$0.0762
KTM,SHJ,"206,626",$117.07,"1,903 mi",566,$0.0615
HYD,AUH,"206,326",$62.99,"1,563 mi",565,$0.0403
DEL,IXD,"206,302",$65.90,369 mi,565,$0.1786
HYD,RUH,"205,813",$202.93,"2,171 mi",564,$0.0935
LKO,PNQ,"205,667",$64.48,696 mi,563,$0.0926
CGP,MCT,"204,612",$176.90,"2,067 mi",561,$0.0856
DEL,IMF,"202,852",$77.81,"1,101 mi",556,$0.0707
ATQ,DXB,"202,729",$123.44,"1,297 mi",555,$0.0952
BLR,CCJ,"202,082",$19.24,179 mi,554,$0.1075
MLE,FRA,"201,601",$396.20,"4,752 mi",552,$0.0834
AMD,AUH,"200,279",$63.60,"1,106 mi",549,$0.0575
HYD,RPR,"200,219",$86.06,358 mi,549,$0.2404
COK,KUL,"200,218",$65.50,"1,756 mi",549,$0.0373
ISB,AUH,"200,133",$99.35,"1,301 mi",548,$0.0764
CCU,IDR,"199,822",$84.92,782 mi,547,$0.1086
CCJ,RKT,"199,146",$95.41,"1,597 mi",546,$0.0597
MUX,DXB,"197,090",$102.21,"1,008 mi",540,$0.1014
CCU,DAC,"196,878",$30.74,153 mi,539,$0.2009
BOM,VTZ,"196,531",$46.90,706 mi,538,$0.0664
DEL,DPS,"195,907",$296.63,"3,509 mi",537,$0.0845
AMD,JAI,"195,334",$29.77,317 mi,535,$0.0939
IXE,AUH,"195,126",$96.06,"1,586 mi",535,$0.0606
MAA,KWI,"194,893",$74.88,"2,418 mi",534,$0.0310
PEW,JED,"193,843",$149.84,"2,204 mi",531,$0.0680
CCU,VNS,"193,684",$37.81,414 mi,531,$0.0913
CCJ,DMM,"193,412",$128.66,"2,065 mi",530,$0.0623
BLR,CMB,"192,709",$63.18,454 mi,528,$0.1392
BOM,IXM,"192,012",$55.12,750 mi,526,$0.0735
HYD,SIN,"190,824",$268.68,"2,115 mi",523,$0.1270
BOM,IXU,"189,170",$10.93,178 mi,518,$0.0614
LHE,LHR,"188,531",$322.48,"3,806 mi",517,$0.0847
MAA,BKK,"188,132",$80.50,"1,342 mi",515,$0.0600
BOM,DBR,"187,857",$60.20,936 mi,515,$0.0643
MAA,PAT,"187,544",$71.01,899 mi,514,$0.0790
MAA,IXB,"186,999",$90.23,"1,115 mi",512,$0.0809
CCJ,RUH,"186,822",$204.88,"2,203 mi",512,$0.0930
IXC,SXR,"186,534",$18.07,265 mi,511,$0.0682
MAA,IDR,"186,070",$87.04,709 mi,510,$0.1228
CGP,SHJ,"185,923",$145.36,"2,229 mi",509,$0.0652
HYD,SHJ,"185,409",$154.18,"1,622 mi",508,$0.0951
HYD,MCT,"185,382",$91.62,"1,416 mi",508,$0.0647
KHI,RUH,"184,031",$135.67,"1,319 mi",504,$0.1029
HYD,BKK,"183,909",$75.21,"1,550 mi",504,$0.0485
BOM,CMB,"183,548",$90.61,976 mi,503,$0.0928
CNN,SHJ,"183,501",$177.08,"1,554 mi",503,$0.1140
MUX,SHJ,"183,352",$58.43,997 mi,502,$0.0586
DEL,DIB,"183,342",$76.31,"1,127 mi",502,$0.0677
MLE,DRV,"182,042",$24.31,74 mi,499,$0.3285
DEL,DMM,"182,013",$167.40,"1,626 mi",499,$0.1030
LKO,RUH,"181,808",$176.91,"2,187 mi",498,$0.0809
MAA,TCR,"181,293",$34.32,339 mi,497,$0.1012
MAA,VNS,"181,236",$88.97,904 mi,497,$0.0984
ISB,DMM,"179,921",$156.82,"1,414 mi",493,$0.1109
BLR,HDO,"178,880",$71.45,"1,040 mi",490,$0.0687
CMB,DEL,"178,158",$130.00,"1,444 mi",488,$0.0900
HYD,IXM,"178,060",$37.80,527 mi,488,$0.0717
CMB,KWI,"177,891",$80.66,"2,497 mi",487,$0.0323
BLR,SFO,"177,852","$1,232.06","8,952 mi",487,$0.1376
BOM,IST,"177,007",$257.91,"3,094 mi",485,$0.0834
DEL,SYD,"176,940",$483.73,"6,289 mi",485,$0.0769
CMB,MEL,"176,772",$405.58,"5,037 mi",484,$0.0805
DEL,MXP,"176,537",$267.91,"3,941 mi",484,$0.0680
DAC,DEL,"176,136",$51.81,859 mi,483,$0.0603
IXC,PNQ,"175,933",$58.74,880 mi,482,$0.0668
BLR,JED,"175,599",$135.76,"2,678 mi",481,$0.0507
DAC,CAN,"175,485",$163.11,"1,491 mi",481,$0.1094
KTM,DHI,"174,951",$62.35,291 mi,479,$0.2143
MAA,LHR,"174,875",$473.15,"5,271 mi",479,$0.0898
CCU,GOI,"174,792",$74.98,"1,046 mi",479,$0.0717
KTM,PHH,"174,502",$66.17,86 mi,478,$0.7694
DEL,SAG,"172,655",$95.89,618 mi,473,$0.1552
AMD,COK,"170,522",$49.20,955 mi,467,$0.0515
DEL,DOH,"169,896",$126.33,"1,536 mi",465,$0.0822
BLR,UDR,"168,697",$51.39,802 mi,462,$0.0641
HYD,KWI,"168,567",$93.30,"2,033 mi",462,$0.0459
CCJ,DOH,"168,203",$178.65,"1,811 mi",461,$0.0986
KTM,KWI,"167,101",$90.46,"2,196 mi",458,$0.0412
TRV,DXB,"166,626",$196.34,"1,886 mi",457,$0.1041
ATQ,SHJ,"165,261",$94.75,"1,211 mi",453,$0.0782
CMB,CDG,"165,256",$267.87,"5,429 mi",453,$0.0493
DEL,CDG,"165,083",$402.52,"4,201 mi",452,$0.0958
BOM,KUL,"163,117",$197.57,"2,184 mi",447,$0.0905
GOI,IXC,"163,031",$64.35,"1,041 mi",447,$0.0618
AMD,PAT,"162,910",$54.96,827 mi,446,$0.0665
DEL,TIR,"159,527",$71.27,"1,013 mi",437,$0.0704
CCU,IXR,"159,118",$13.14,198 mi,436,$0.0664
CCU,IXC,"158,194",$57.28,880 mi,433,$0.0651
LKO,DMM,"157,090",$114.19,"1,973 mi",430,$0.0579
PEW,SHJ,"156,987",$68.92,"1,096 mi",430,$0.0629
DEL,IST,"156,557",$313.71,"2,922 mi",429,$0.1074
CJB,SIN,"155,546",$199.37,"1,906 mi",426,$0.1046
PEW,DXB,"154,615",$142.88,"1,174 mi",424,$0.1217
ISB,MCT,"152,912",$69.62,"1,083 mi",419,$0.0643
JAI,DXB,"152,881",$129.29,"1,311 mi",419,$0.0986
DEL,FRA,"152,877",$335.78,"3,917 mi",419,$0.0857
DEL,IXM,"152,710",$76.10,"1,335 mi",418,$0.0570
AMD,VNS,"152,588",$47.00,644 mi,418,$0.0730
DEL,ALA,"151,481",$147.48,"1,053 mi",415,$0.1401
HYD,SAG,"151,000",$39.68,324 mi,414,$0.1225
CCU,DXB,"150,299",$208.61,"2,028 mi",412,$0.1029
BLR,IXM,"150,137",$13.16,241 mi,411,$0.0546
BOM,NBO,"149,603",$140.49,"2,732 mi",410,$0.0514
CMB,SIN,"148,260",$248.00,"1,657 mi",406,$0.1497
LHE,MCT,"148,254",$57.29,"1,161 mi",406,$0.0493
DEL,SVO,"147,807",$236.06,"2,792 mi",405,$0.0845
HYD,DOH,"146,826",$111.44,"1,756 mi",402,$0.0635
DEL,AMS,"146,419",$331.48,"3,835 mi",401,$0.0864
AMD,KWI,"146,408",$67.45,"1,536 mi",401,$0.0439
ATQ,BLR,"146,305",$84.74,"1,331 mi",401,$0.0637
BOM,CCJ,"146,066",$39.49,569 mi,400,$0.0694
DEL,SGN,"145,719",$134.28,"2,337 mi",399,$0.0575
DEL,IXA,"145,465",$104.48,905 mi,399,$0.1154
AMD,LHR,"145,354",$264.78,"4,395 mi",398,$0.0602
KHI,MCT,"144,553",$55.65,550 mi,396,$0.1012
HYD,DMM,"143,967",$185.26,"1,997 mi",394,$0.0928
KTM,DMM,"143,629",$155.58,"2,117 mi",394,$0.0735
DAC,MAA,"143,171",$50.87,974 mi,392,$0.0522
HYD,STV,"143,039",$58.72,444 mi,392,$0.1323
ATQ,SXR,"142,648",$11.81,162 mi,391,$0.0729
SKT,DXB,"142,322",$146.33,"1,290 mi",390,$0.1134
GOI,IDR,"141,903",$60.45,507 mi,389,$0.1192
BLR,SXR,"141,008",$84.99,"1,405 mi",386,$0.0605
COK,RUH,"140,983",$184.73,"2,134 mi",386,$0.0866
LKO,DXB,"140,773",$166.36,"1,538 mi",386,$0.1082
CNN,DOH,"140,610",$144.59,"1,868 mi",385,$0.0774
BOM,VGA,"140,100",$24.94,568 mi,384,$0.0439
LHE,KUL,"139,369",$255.62,"2,746 mi",382,$0.0931
DEL,IXZ,"138,792",$149.73,"1,590 mi",380,$0.0942
MLE,DDD,"138,770",$27.28,111 mi,380,$0.2458
TRV,DMM,"138,763",$202.07,"2,103 mi",380,$0.0961
BOM,SFO,"138,342",$870.53,"8,143 mi",379,$0.1069
JAI,GAU,"138,316",$119.15,"1,005 mi",379,$0.1186
GOI,STV,"138,080",$43.30,391 mi,378,$0.1107
BLR,JDH,"137,403",$79.79,980 mi,376,$0.0814
MLE,VIE,"137,229",$506.53,"4,378 mi",376,$0.1157
BOM,DMK,"136,806",$66.62,"1,814 mi",375,$0.0367
BLR,IXA,"136,773",$104.59,"1,117 mi",375,$0.0936
IXC,MAA,"136,755",$68.34,"1,277 mi",375,$0.0535
ISB,UET,"136,459",$41.14,402 mi,374,$0.1023
BOM,HKG,"136,323",$470.40,"2,734 mi",373,$0.1721
COK,MLE,"135,785",$56.95,442 mi,372,$0.1288
DEL,TAS,"135,567",$116.17,"1,010 mi",371,$0.1150
KTM,LHR,"135,498",$371.57,"4,436 mi",371,$0.0838
BOM,BAH,"134,997",$625.67,"1,454 mi",370,$0.4303
AMD,DED,"134,076",$56.57,581 mi,367,$0.0974
DEL,MCT,"133,945",$133.09,"1,180 mi",367,$0.1128
HYD,UDR,"133,820",$51.03,570 mi,367,$0.0895
LHE,MED,"133,794",$218.97,"2,096 mi",367,$0.1045
DAC,JFK,"133,439",$591.72,"8,102 mi",366,$0.0730
BLR,TRZ,"132,975",$19.24,186 mi,364,$0.1034
BOM,AMS,"132,913",$405.11,"4,134 mi",364,$0.0980
CCU,VTZ,"132,904",$50.65,494 mi,364,$0.1025
CNN,DXB,"132,525",$179.97,"1,655 mi",363,$0.1087
BLR,HKT,"132,379",$48.23,"1,398 mi",363,$0.0345
DEL,YYC,"132,150",$469.71,"7,096 mi",362,$0.0662
CMB,AUH,"132,060",$87.44,"1,989 mi",362,$0.0440
CMB,BKK,"131,672",$150.25,"1,531 mi",361,$0.0981
HYD,DED,"131,294",$64.53,922 mi,360,$0.0700
BLR,SAG,"131,148",$69.52,515 mi,359,$0.1350
AMD,BBI,"130,620",$68.46,842 mi,358,$0.0813
GOI,LHR,"130,580",$275.21,"4,859 mi",358,$0.0566
HYD,SXR,"130,424",$85.17,"1,145 mi",357,$0.0744
BOM,YYZ,"130,328",$552.72,"7,530 mi",357,$0.0734
BOM,MLE,"130,039",$83.05,999 mi,356,$0.0831
SKT,SHJ,"129,945",$64.21,"1,204 mi",356,$0.0533
MAA,SAG,"129,476",$92.17,619 mi,355,$0.1489
DAC,LHR,"128,602",$510.13,"4,831 mi",352,$0.1056
KTM,NRT,"128,327",$353.06,"3,336 mi",352,$0.1058
CCU,COK,"128,119",$81.64,"1,210 mi",351,$0.0675
SKT,MCT,"128,087",$63.76,"1,122 mi",351,$0.0568
DEL,DGH,"127,848",$81.04,678 mi,350,$0.1195
CCJ,HYD,"127,204",$36.45,439 mi,349,$0.0830
DEL,ISK,"126,987",$76.06,636 mi,348,$0.1196
LKO,MAA,"126,649",$59.34,923 mi,347,$0.0643
DAC,AUH,"126,356",$182.60,"2,181 mi",346,$0.0837
CCJ,DEL,"125,850",$122.85,"1,242 mi",345,$0.0989
DEL,JLR,"125,820",$35.74,427 mi,345,$0.0837
CCU,HKT,"125,748",$61.66,"1,163 mi",345,$0.0530
BOM,KTM,"125,341",$72.61,959 mi,343,$0.0757
DAC,KTM,"125,300",$103.79,399 mi,343,$0.2601
LHE,MAN,"124,702",$331.97,"3,856 mi",342,$0.0861
COK,DMK,"124,548",$40.47,"1,605 mi",341,$0.0252
CCU,STV,"124,161",$98.58,982 mi,340,$0.1004
KTM,SYD,"123,570",$378.90,"5,872 mi",339,$0.0645
DAC,RJH,"123,444",$32.62,124 mi,338,$0.2631
BLR,DMK,"122,884",$42.99,"1,492 mi",337,$0.0288
MLE,GKK,"122,010",$35.92,246 mi,334,$0.1460
CMB,DAC,"121,970",$216.88,"1,386 mi",334,$0.1565
GOX,JAI,"121,589",$90.37,799 mi,333,$0.1131
DEL,EWR,"121,579","$1,127.34","7,528 mi",333,$0.1498
BLR,IXD,"121,208",$127.90,858 mi,332,$0.1491
HYD,IXZ,"120,573",$101.66,"1,000 mi",330,$0.1017
MLE,MXP,"120,171",$506.58,"4,662 mi",329,$0.1087
CMB,DOH,"119,765",$147.67,"2,312 mi",328,$0.0639
HYD,IXE,"119,512",$33.25,367 mi,327,$0.0906
DEL,ORD,"119,488",$833.69,"7,693 mi",327,$0.1084
BLR,HSR,"119,433",$59.01,748 mi,327,$0.0789
AMD,AYJ,"118,836",$118.55,667 mi,326,$0.1777
BLR,ISK,"118,659",$66.68,550 mi,325,$0.1212
COK,DMM,"118,603",$187.71,"2,132 mi",325,$0.0880
CCU,SXR,"118,113",$64.39,"1,106 mi",324,$0.0582
MAA,DMK,"117,561",$34.31,"1,415 mi",322,$0.0242
CCU,DMK,"117,469",$37.29,"1,030 mi",322,$0.0362
BLR,SHJ,"117,464",$128.24,"1,718 mi",322,$0.0746
CJB,PNQ,"116,932",$49.70,579 mi,320,$0.0858
KHI,PEW,"116,814",$35.18,660 mi,320,$0.0533
BLR,MLE,"116,207",$55.54,705 mi,318,$0.0788
BOM,TIR,"116,110",$37.92,564 mi,318,$0.0672
BOM,BHJ,"116,070",$73.88,345 mi,318,$0.2141
DEL,HAN,"115,745",$140.83,"1,920 mi",317,$0.0733
AMD,IXR,"115,528",$97.81,782 mi,317,$0.1251
TRV,MCT,"115,330",$157.61,"1,567 mi",316,$0.1006
MAA,IXR,"114,972",$103.22,765 mi,315,$0.1349
HYD,KUL,"114,805",$124.12,"1,814 mi",315,$0.0684
BLR,DPS,"114,654",$157.26,"3,074 mi",314,$0.0512
SKT,JED,"114,180",$145.90,"2,347 mi",313,$0.0622
MAA,RPR,"113,993",$71.30,558 mi,312,$0.1278
HYD,JDH,"113,417",$69.61,691 mi,311,$0.1007
CCU,KUL,"113,273",$59.80,"1,687 mi",310,$0.0354
AMD,RPR,"113,239",$64.80,615 mi,310,$0.1054
HYD,TRZ,"113,154",$40.34,460 mi,310,$0.0877
GOI,RPR,"112,857",$78.86,675 mi,309,$0.1168
BOM,MRU,"112,738",$182.49,"2,829 mi",309,$0.0645
CCU,SIN,"111,842",$198.80,"1,858 mi",306,$0.1070
AMD,IXB,"111,685",$57.45,"1,044 mi",306,$0.0550
AMD,IDR,"111,233",$10.70,209 mi,305,$0.0512
DEL,ICN,"111,203",$435.84,"2,978 mi",305,$0.1464
ISB,MED,"111,074",$202.30,"2,147 mi",304,$0.0942
COK,DUB,"111,019",$385.08,"5,194 mi",304,$0.0741
AMD,DMK,"110,315",$45.85,"1,877 mi",302,$0.0244
TRV,DOH,"109,690",$180.71,"2,090 mi",301,$0.0865
GOX,NAG,"108,805",$53.69,517 mi,298,$0.1038
CCU,AJL,"108,359",$25.48,285 mi,297,$0.0894
MLE,VAM,"108,289",$23.58,67 mi,297,$0.3519
COK,BAH,"107,770",$182.76,"1,956 mi",295,$0.0934
HYD,DFW,"107,270",$792.42,"9,229 mi",294,$0.0859
AMD,GAU,"107,049",$108.92,"1,244 mi",293,$0.0876
BOM,CGK,"106,823",$281.49,"2,798 mi",293,$0.1006
CCU,NAG,"106,344",$63.07,594 mi,291,$0.1062
KHI,UET,"106,140",$34.18,381 mi,291,$0.0897
BOM,DPS,"106,130",$260.46,"3,359 mi",291,$0.0775
AMD,JED,"106,109",$86.73,"2,200 mi",291,$0.0394
BLR,BDQ,"105,982",$44.07,676 mi,290,$0.0652
BOM,MAN,"105,883",$287.59,"4,422 mi",290,$0.0650
BLR,DGH,"105,801",$125.56,945 mi,290,$0.1329
BOM,KNU,"105,611",$173.01,718 mi,289,$0.2410
ISB,BHX,"105,346",$346.42,"3,687 mi",289,$0.0940
VGA,VTZ,"105,138",$20.46,185 mi,288,$0.1106
CMB,FRA,"104,812",$268.79,"4,862 mi",287,$0.0553
HYD,GOP,"104,759",$52.16,709 mi,287,$0.0736
KHI,KUL,"104,630",$170.80,"2,845 mi",287,$0.0600
BOM,HAN,"104,572",$159.83,"2,202 mi",286,$0.0726
LHE,AUH,"104,482",$67.47,"1,259 mi",286,$0.0536
LKO,AUH,"104,305",$62.79,"1,591 mi",286,$0.0395
AMD,SXR,"104,172",$45.36,788 mi,285,$0.0576
MLE,ZRH,"104,075",$541.46,"4,704 mi",285,$0.1151
DEL,AKL,"103,968",$628.23,"8,001 mi",285,$0.0785
ATQ,SIN,"103,756",$196.54,"2,746 mi",284,$0.0716
DEL,GAY,"102,900",$56.14,569 mi,282,$0.0987
MLE,MUC,"102,764",$340.67,"4,867 mi",282,$0.0700
ATQ,PNQ,"102,374",$65.24,936 mi,280,$0.0697
MAA,STV,"101,947",$89.69,723 mi,279,$0.1241
DEL,JRG,"101,640",$75.55,651 mi,278,$0.1161
CGP,DXB,"101,550",$226.31,"2,238 mi",278,$0.1011
MLE,SHJ,"101,391",$135.70,"1,830 mi",278,$0.0742
ISB,DOH,"101,385",$174.28,"1,353 mi",278,$0.1288
DEL,GYD,"101,136",$82.98,"1,788 mi",277,$0.0464
MAA,CDG,"100,947",$329.82,"5,134 mi",277,$0.0642
KTM,TFU,"100,862",$197.30,"1,131 mi",276,$0.1744
ISB,LGW,"100,832",$425.43,"3,641 mi",276,$0.1168
TRV,SIN,"100,825",$177.81,"1,984 mi",276,$0.0896
MAA,DOH,"100,740",$151.66,"1,982 mi",276,$0.0765
DEL,AJL,"100,595",$102.70,"1,045 mi",276,$0.0983
KHI,LHR,"100,555",$378.85,"3,821 mi",275,$0.0991
MLE,SIN,"100,515",$424.89,"2,048 mi",275,$0.2075
ATQ,HYD,"100,476",$52.20,995 mi,275,$0.0525
HYD,NAG,"100,286",$20.86,278 mi,275,$0.0750
BOM,CDG,"100,237",$473.69,"4,216 mi",275,$0.1124
CCU,JRH,"100,210",$49.74,443 mi,275,$0.1123
AMD,NAG,"100,132",$45.67,446 mi,274,$0.1024
DEL,DMU,"99,630",$106.77,"1,009 mi",273,$0.1058
DEL,DHM,"99,550",$55.08,246 mi,273,$0.2239
IXC,LKO,"98,698",$33.60,356 mi,270,$0.0944
COK,BBI,"98,482",$99.77,966 mi,270,$0.1033
BOM,JLR,"98,309",$110.96,526 mi,269,$0.2110
DEL,SEA,"98,210",$529.86,"7,258 mi",269,$0.0730
KTM,DMK,"98,194",$53.29,"1,326 mi",269,$0.0402
KTM,PBH,"98,141",$166.61,242 mi,269,$0.6885
DEL,BCN,"98,141",$333.99,"4,083 mi",269,$0.0818
CNN,MCT,"97,902",$98.00,"1,433 mi",268,$0.0684
IXC,JAI,"97,900",$20.15,280 mi,268,$0.0720
HYD,RDP,"97,801",$88.83,743 mi,268,$0.1196
HYD,BDQ,"97,736",$37.01,474 mi,268,$0.0781
CCU,HDO,"97,576",$99.81,831 mi,267,$0.1201
COK,JED,"97,285",$201.47,"2,513 mi",267,$0.0802
DEL,HBX,"97,119",$123.65,949 mi,266,$0.1303
DEL,ZRH,"97,097",$475.02,"3,935 mi",266,$0.1207
JAI,IDR,"96,957",$21.06,291 mi,266,$0.0724
TRV,KWI,"96,635",$135.13,"2,290 mi",265,$0.0590
BLR,RDP,"96,144",$123.04,924 mi,263,$0.1332
LKO,SHJ,"96,079",$131.66,"1,528 mi",263,$0.0862
LKO,GAU,"95,936",$80.18,643 mi,263,$0.1247
BLR,KWI,"95,919",$115.17,"2,268 mi",263,$0.0508
HYD,HSR,"95,443",$48.21,616 mi,261,$0.0783
CCU,SGN,"95,255",$93.80,"1,409 mi",261,$0.0666
BLR,JRG,"95,103",$96.32,755 mi,261,$0.1276
GOI,LKO,"94,724",$62.38,881 mi,260,$0.0708
DEL,IAD,"94,484",$701.59,"7,717 mi",259,$0.0909
CCU,DMU,"93,988",$42.03,415 mi,258,$0.1013
MAA,MCT,"93,774",$143.02,"1,657 mi",257,$0.0863
CMB,YYZ,"93,588",$540.70,"8,957 mi",256,$0.0604
BLR,DOH,"93,475",$156.46,"1,947 mi",256,$0.0804
COK,GOI,"93,367",$43.64,389 mi,256,$0.1122
DEL,YEG,"93,125",$525.89,"6,541 mi",255,$0.0804
KTM,ICN,"92,361",$271.42,"2,391 mi",253,$0.1135
BLR,JLR,"92,256",$83.91,727 mi,253,$0.1154
BLR,FRA,"91,965",$436.19,"4,461 mi",252,$0.0978
ZYL,LHR,"91,853",$543.56,"4,833 mi",252,$0.1125
BOM,SGN,"91,813",$165.45,"2,392 mi",252,$0.0692
IXC,DXB,"91,644",$92.82,"1,398 mi",251,$0.0664
DAC,MLE,"91,331",$228.90,"1,710 mi",250,$0.1339
HYD,JFK,"91,209",$927.76,"8,300 mi",250,$0.1118
DEL,LAX,"90,977",$756.22,"8,240 mi",249,$0.0918
AMD,SHJ,"90,900",$83.71,"1,056 mi",249,$0.0793
BOM,RJA,"90,780",$71.32,621 mi,249,$0.1148
LKO,DED,"90,678",$19.36,297 mi,248,$0.0652
PEW,AUH,"90,602",$132.77,"1,174 mi",248,$0.1131
KTM,BKK,"90,511",$136.28,"1,343 mi",248,$0.1015
IXC,PAT,"90,471",$61.49,597 mi,248,$0.1030
AMD,ATQ,"90,467",$37.96,629 mi,248,$0.0603
DEL,RDP,"90,394",$88.67,694 mi,248,$0.1278
DEL,YWG,"90,376",$448.04,"7,213 mi",248,$0.0621
MAA,HDO,"90,358",$91.83,"1,134 mi",248,$0.0810
MLE,GAN,"90,213",$71.15,328 mi,247,$0.2169
LKO,PAT,"89,861",$18.80,281 mi,246,$0.0669
DEL,FCO,"89,827",$280.21,"3,575 mi",246,$0.0784
MUX,MED,"89,789",$203.52,"1,919 mi",246,$0.1061
CCU,HAN,"89,766",$50.70,"1,149 mi",246,$0.0441
BOM,FRA,"89,542",$461.76,"4,204 mi",245,$0.1098
DEL,DMK,"89,542",$38.29,"1,869 mi",245,$0.0205
HYD,SFO,"89,367",$979.69,"8,160 mi",245,$0.1201
ATQ,BHX,"89,260",$454.27,"3,853 mi",245,$0.1179
BOM,TRZ,"89,147",$64.53,716 mi,244,$0.0901
HYD,BHO,"89,146",$38.98,411 mi,244,$0.0948
BOM,HBX,"88,885",$29.71,305 mi,244,$0.0974
HYD,IAD,"88,648",$493.83,"8,502 mi",243,$0.0581
LKO,MCT,"88,470",$87.72,"1,471 mi",242,$0.0596
KHI,DOH,"88,420",$97.33,944 mi,242,$0.1031
BLR,LGK,"87,771",$121.09,"1,525 mi",240,$0.0794
BLR,GWL,"87,651",$89.37,932 mi,240,$0.0959
BLR,JFK,"87,404","$1,006.32","8,044 mi",239,$0.1251
DAC,FCO,"87,174",$384.86,"4,413 mi",239,$0.0872
GOI,DXB,"87,169",$176.03,"1,416 mi",239,$0.1243
BOM,GWL,"86,971",$77.05,586 mi,238,$0.1315
MAA,SHJ,"86,871",$145.93,"1,762 mi",238,$0.0828
CCU,AUH,"86,843",$131.94,"2,203 mi",238,$0.0599
MLE,FCO,"86,796",$406.50,"4,701 mi",238,$0.0865
CCJ,BAH,"86,774",$209.32,"1,894 mi",238,$0.1105
PEW,RUH,"86,637",$137.32,"1,564 mi",237,$0.0878
DEL,TBS,"86,427",$86.61,"2,074 mi",237,$0.0418
IXE,MAA,"86,316",$30.16,367 mi,236,$0.0822
MAA,RDP,"86,280",$116.42,842 mi,236,$0.1383
HYD,DBR,"86,232",$59.31,760 mi,236,$0.0780
LYP,DXB,"86,211",$183.75,"1,116 mi",236,$0.1647
ATQ,KUL,"86,087",$86.85,"2,738 mi",236,$0.0317
AMD,HAN,"85,936",$129.06,"2,186 mi",235,$0.0590
BOM,JNB,"85,686",$256.56,"4,197 mi",235,$0.0611
AMD,LGW,"85,524",$284.71,"4,128 mi",234,$0.0690
BLR,KTM,"85,333",$91.95,"1,151 mi",234,$0.0799
MLE,AUH,"85,216",$118.00,"1,823 mi",233,$0.0647
GOI,HDO,"85,165",$107.17,919 mi,233,$0.1166
BOM,DAC,"85,067",$46.80,"1,208 mi",233,$0.0387
CMB,SYD,"84,379",$447.43,"5,281 mi",231,$0.0847
CCJ,MAA,"84,137",$22.71,322 mi,231,$0.0705
ISB,KDU,"83,802",$57.80,204 mi,230,$0.2833
MAA,PEN,"83,702",$186.29,"1,513 mi",229,$0.1231
MAA,VGA,"83,629",$13.23,255 mi,229,$0.0519
JAI,SHJ,"83,530",$100.47,"1,300 mi",229,$0.0773
KTM,RUH,"83,496",$180.00,"2,464 mi",229,$0.0731
AMD,YYZ,"82,964",$567.95,"7,275 mi",227,$0.0781
GOX,MAA,"82,746",$37.81,449 mi,227,$0.0842
CMB,HYD,"82,675",$55.36,680 mi,227,$0.0814
CMB,AMS,"82,652",$332.47,"5,355 mi",226,$0.0621
CMB,SVO,"82,311",$186.12,"4,208 mi",226,$0.0442
BOM,JGA,"82,248",$80.39,306 mi,225,$0.2627
BOM,NRT,"82,234",$672.87,"4,344 mi",225,$0.1549
CGP,JED,"82,147",$311.63,"3,255 mi",225,$0.0957
DEL,RJA,"82,105",$112.59,821 mi,225,$0.1371
AMD,JFK,"81,963",$598.78,"7,308 mi",225,$0.0819
DEL,KNU,"81,676",$20.46,255 mi,224,$0.0802
CNN,DEL,"81,420",$116.94,"1,190 mi",223,$0.0983
CCU,DED,"81,405",$54.03,796 mi,223,$0.0679
BOM,ZRH,"81,278",$558.52,"3,941 mi",223,$0.1417
BLR,CDG,"81,263",$482.30,"5,008 mi",223,$0.0963
BLR,DBR,"81,017",$56.58,"1,013 mi",222,$0.0559
BLR,DMM,"80,976",$160.92,"1,964 mi",222,$0.0819
BOM,EWR,"80,939",$832.57,"8,029 mi",222,$0.1037
CMB,NRT,"80,891",$362.29,"4,155 mi",222,$0.0872
BOM,RKT,"80,798",$79.03,"1,136 mi",221,$0.0696
LKO,JED,"80,468",$215.04,"2,562 mi",220,$0.0839
DAC,JSR,"80,344",$30.51,94 mi,220,$0.3246
CMB,MCT,"80,266",$147.20,"1,882 mi",220,$0.0782
CMB,ZRH,"79,971",$336.74,"4,834 mi",219,$0.0697
HYD,RKT,"79,937",$124.05,"1,508 mi",219,$0.0823
KTM,SKH,"79,680",$36.50,242 mi,218,$0.1508
JAI,STV,"79,340",$44.21,452 mi,217,$0.0978
MLE,KDM,"79,316",$38.13,266 mi,217,$0.1433
BLR,MCT,"79,310",$126.74,"1,503 mi",217,$0.0843
BLR,NRT,"79,243",$536.96,"4,289 mi",217,$0.1252
MAA,DMM,"78,782",$170.22,"2,111 mi",216,$0.0806
DEL,MLE,"78,405",$169.02,"1,751 mi",215,$0.0965
BLR,HBX,"78,340",$18.76,237 mi,215,$0.0792
LHE,YYZ,"77,984",$725.41,"6,778 mi",214,$0.1070
BOM,IXZ,"77,835",$81.25,"1,461 mi",213,$0.0556
BOM,CNN,"77,581",$63.44,543 mi,213,$0.1168
MLE,DMK,"77,554",$120.08,"1,904 mi",212,$0.0631
BOM,IXJ,"77,119",$83.03,920 mi,211,$0.0903
LYP,SHJ,"76,758",$91.43,"1,174 mi",210,$0.0779
CMB,MXP,"76,729",$256.51,"5,105 mi",210,$0.0502
MAA,JED,"75,878",$173.46,"2,846 mi",208,$0.0609
HYD,IXA,"75,721",$128.62,919 mi,207,$0.1400
CCU,HGI,"75,316",$47.74,428 mi,206,$0.1115
DEL,PBH,"75,304",$245.96,779 mi,206,$0.3157
JAI,MCT,"75,243",$60.38,"1,083 mi",206,$0.0558
BLR,CNN,"75,052",$15.64,175 mi,206,$0.0894
LKO,RPR,"74,958",$44.50,377 mi,205,$0.1180
BLR,RJA,"74,519",$44.10,373 mi,204,$0.1182
COK,RKT,"74,249",$170.10,"1,764 mi",203,$0.0964
TRV,LHR,"73,932",$247.43,"5,061 mi",203,$0.0489
DEL,HGI,"73,735",$96.52,986 mi,202,$0.0979
AMD,SGN,"73,684",$142.35,"2,323 mi",202,$0.0613
CMB,DMK,"73,447",$66.94,"1,437 mi",201,$0.0466
DEL,BAH,"73,353",$164.38,"1,677 mi",201,$0.0980
CGP,AUH,"73,269",$248.23,"2,284 mi",201,$0.1087
ATQ,LHR,"73,249",$249.18,"3,813 mi",201,$0.0654
BOM,HDO,"73,220",$93.25,744 mi,201,$0.1253
MLE,PVG,"73,219",$394.04,"3,750 mi",201,$0.1051
JAI,BBI,"73,217",$84.46,802 mi,201,$0.1053
CCU,PBH,"73,102",$172.18,344 mi,200,$0.5005
CCU,GAY,"73,053",$21.23,272 mi,200,$0.0781
DEL,LIS,"73,050",$315.27,"4,681 mi",200,$0.0674
BLR,IXG,"72,444",$35.14,268 mi,198,$0.1311
MUX,MCT,"72,391",$66.53,956 mi,198,$0.0696
DAC,YYZ,"72,338",$829.77,"7,496 mi",198,$0.1107
HYD,AYJ,"72,336",$81.92,721 mi,198,$0.1136
HYD,IXD,"72,188",$132.43,588 mi,198,$0.2252
AMD,BKK,"71,921",$108.50,"2,008 mi",197,$0.0540
AMD,BHO,"71,134",$25.18,308 mi,195,$0.0818
LHE,JFK,"71,066",$568.51,"7,264 mi",195,$0.0783
KHI,DMM,"70,994",$105.25,"1,053 mi",195,$0.1000
DEL,MUC,"70,986",$425.60,"3,776 mi",194,$0.1127
CMB,RUH,"70,786",$194.58,"2,436 mi",194,$0.0799
GOI,JAI,"70,757",$65.76,825 mi,194,$0.0797
KTM,AUH,"70,729",$173.31,"1,971 mi",194,$0.0879
BLR,AGR,"70,502",$134.01,935 mi,193,$0.1433
DEL,IXG,"70,437",$99.07,865 mi,193,$0.1145
BOM,JRG,"70,168",$95.36,727 mi,192,$0.1312
HYD,ORD,"70,105",$670.27,"8,501 mi",192,$0.0788
HYD,IXU,"69,670",$24.08,277 mi,191,$0.0869
HYD,HKT,"69,642",$102.86,"1,435 mi",191,$0.0717
BLR,RUH,"69,459",$190.64,"2,109 mi",190,$0.0904
BLR,HKG,"69,276",$438.75,"2,531 mi",190,$0.1734
LHE,KWI,"69,209",$134.65,"1,627 mi",190,$0.0828
PEW,DOH,"68,910",$140.67,"1,375 mi",189,$0.1023
KHI,YYZ,"68,617",$631.40,"7,469 mi",188,$0.0845
TRV,KUL,"68,421",$54.49,"1,697 mi",187,$0.0321
DEL,VIE,"68,413",$346.28,"3,549 mi",187,$0.0976
GOX,BDQ,"67,922",$44.69,444 mi,186,$0.1007
TRV,PNQ,"67,906",$88.38,704 mi,186,$0.1255
GOI,NAG,"67,678",$57.61,506 mi,185,$0.1139
DEL,JSA,"67,144",$38.20,387 mi,184,$0.0987
BOM,CAI,"66,872",$204.53,"2,617 mi",183,$0.0782
GOX,HSR,"66,752",$51.22,510 mi,183,$0.1004
BOM,MUC,"66,567",$497.39,"4,040 mi",182,$0.1231
MLE,MAN,"66,518",$578.49,"5,564 mi",182,$0.1040
JAI,DMK,"66,172",$115.44,"1,776 mi",181,$0.0650
BLR,KNU,"65,691",$105.56,959 mi,180,$0.1101
CCJ,KWI,"65,653",$82.68,"2,127 mi",180,$0.0389
BOM,MEL,"65,605",$576.64,"6,276 mi",180,$0.0919
LKO,IDR,"65,570",$41.79,437 mi,180,$0.0956
DEL,MAN,"65,474",$360.03,"4,362 mi",179,$0.0825
AMD,SIN,"65,472",$284.85,"2,659 mi",179,$0.1071
CCU,JED,"65,447",$197.10,"3,046 mi",179,$0.0647
LKO,BBI,"65,396",$74.54,564 mi,179,$0.1322
LHE,DOH,"65,127",$153.50,"1,491 mi",178,$0.1030
AMD,KUL,"65,069",$107.91,"2,327 mi",178,$0.0464
DEL,BHJ,"64,858",$72.59,570 mi,178,$0.1274
BOM,ORD,"64,827",$765.56,"7,801 mi",178,$0.0981
CCU,GOX,"64,664",$98.08,"1,032 mi",177,$0.0950
MLE,CDG,"64,599",$413.96,"5,297 mi",177,$0.0781
DEL,BNE,"64,393",$547.30,"6,153 mi",176,$0.0889
BOM,GYD,"63,818",$151.94,"2,061 mi",175,$0.0737
CCU,LHR,"63,726",$403.58,"4,812 mi",175,$0.0839
BOM,RDP,"63,644",$128.30,"1,005 mi",174,$0.1277
MLE,HAQ,"63,218",$33.81,173 mi,173,$0.1954
NAG,IDR,"63,092",$16.38,244 mi,173,$0.0671
COK,MAN,"63,073",$336.46,"5,346 mi",173,$0.0629
HYD,DMK,"62,447",$60.69,"1,448 mi",171,$0.0419
BOM,LAX,"62,279",$953.91,"8,959 mi",171,$0.1065
BLR,IMF,"62,254",$126.89,"1,363 mi",171,$0.0931
BOM,DAR,"61,964",$200.42,"2,823 mi",170,$0.0710
DEL,MAD,"61,942",$376.36,"4,373 mi",170,$0.0861
MLE,DME,"61,895",$566.24,"4,173 mi",170,$0.1357
KTM,SIN,"61,839",$322.11,"2,264 mi",169,$0.1423
DAC,HYD,"61,165",$29.54,925 mi,168,$0.0319
CJB,SHJ,"60,988",$143.22,"1,771 mi",167,$0.0809
MLE,KDO,"60,856",$32.82,156 mi,167,$0.2104
TRV,RUH,"60,683",$178.71,"2,361 mi",166,$0.0757
GOX,SHJ,"60,322",$122.67,"1,399 mi",165,$0.0877
BOM,DFW,"59,767",$687.25,"8,520 mi",164,$0.0807
ISB,KBL,"59,762",$137.67,211 mi,164,$0.6525
BOM,IAD,"59,739",$655.67,"8,231 mi",164,$0.0797
BOM,MED,"59,677",$137.73,"2,090 mi",163,$0.0659
DEL,MRU,"59,654",$263.62,"3,516 mi",163,$0.0750
ATQ,DMK,"59,601",$54.89,"1,982 mi",163,$0.0277
IXC,IDR,"59,520",$46.61,536 mi,163,$0.0870
IXE,DMM,"59,343",$184.44,"1,930 mi",163,$0.0956
BOM,IAH,"59,334",$770.99,"8,687 mi",163,$0.0888
LHE,BAH,"58,891",$105.91,"1,524 mi",161,$0.0695
DEL,PGH,"58,837",$5.60,151 mi,161,$0.0371
BOM,SYD,"58,804",$688.34,"6,123 mi",161,$0.1124
DEL,DFW,"58,778",$756.11,"7,927 mi",161,$0.0954
DEL,GWL,"58,757",$16.90,177 mi,161,$0.0955
MLE,HDK,"58,557",$30.82,176 mi,160,$0.1751
BLR,IXJ,"58,405",$122.99,"1,400 mi",160,$0.0879
MAA,SFO,"58,319","$1,035.42","8,904 mi",160,$0.1163
BOM,BOS,"58,256",$643.97,"7,379 mi",160,$0.0873
DAC,ELQ,"58,112",$208.28,"2,820 mi",159,$0.0739
KTM,HKG,"57,927",$280.75,"1,877 mi",159,$0.1496
MAA,RUH,"57,811",$197.79,"2,260 mi",158,$0.0875
JAI,UDR,"57,780",$7.91,200 mi,158,$0.0396
KHI,AUH,"57,698",$83.32,810 mi,158,$0.1029
BLR,TIR,"57,263",$9.84,131 mi,157,$0.0751
AMD,ORD,"57,036",$561.47,"7,540 mi",156,$0.0745
ISB,KWI,"56,871",$115.97,"1,447 mi",156,$0.0801
CCJ,AAN,"56,849",$122.94,"1,662 mi",156,$0.0740
BLR,DFW,"56,745","$1,133.73","9,510 mi",155,$0.1192
HYD,RQY,"56,651",$120.75,308 mi,155,$0.3920
DEL,BHX,"56,547",$405.31,"4,097 mi",155,$0.0989
HYD,MEL,"56,433",$478.17,"5,564 mi",155,$0.0859
COK,JFK,"56,396",$512.71,"8,698 mi",155,$0.0589
BOM,BEK,"56,280",$102.80,790 mi,154,$0.1301
LHE,BCN,"56,263",$245.02,"3,843 mi",154,$0.0638
ATQ,CCU,"56,208",$55.24,"1,014 mi",154,$0.0545
BLR,MRU,"56,109",$99.76,"2,773 mi",154,$0.0360
CNN,MAA,"56,032",$32.96,311 mi,154,$0.1060
DEL,TLV,"55,956",$446.61,"2,589 mi",153,$0.1725
BOM,PVG,"55,791",$502.87,"3,240 mi",153,$0.1552
COK,YYZ,"55,712",$539.72,"8,171 mi",153,$0.0661
ZYL,JED,"55,660",$316.29,"3,431 mi",152,$0.0922
DEL,KBL,"55,614",$207.68,603 mi,152,$0.3444
AMD,IXD,"55,555",$143.19,578 mi,152,$0.2477
ATQ,YYZ,"55,224",$700.13,"6,774 mi",151,$0.1034
DAC,SYD,"54,711",$484.66,"5,474 mi",150,$0.0885
BOM,KBV,"54,497",$82.49,"1,851 mi",149,$0.0446
ISB,BAH,"53,993",$115.63,"1,374 mi",148,$0.0842
CMB,JED,"53,953",$213.68,"2,805 mi",148,$0.0762
BLR,AMS,"53,801",$601.34,"4,637 mi",147,$0.1297
ISB,BCN,"53,773",$233.22,"3,925 mi",147,$0.0594
MAA,JFK,"53,751",$747.21,"8,624 mi",147,$0.0866
BOM,ATL,"53,734",$595.99,"8,243 mi",147,$0.0723
VTZ,SIN,"53,649",$195.02,"1,861 mi",147,$0.1048
HYD,KNU,"53,453",$63.47,667 mi,146,$0.0952
HYD,JLR,"53,390",$40.56,437 mi,146,$0.0928
JAI,DED,"53,227",$25.33,265 mi,146,$0.0956
CJB,AUH,"53,206",$128.04,"1,684 mi",146,$0.0760
BOM,EBB,"52,718",$139.72,"3,129 mi",144,$0.0447
KTM,MEL,"52,713",$405.48,"6,112 mi",144,$0.0663
ISB,CDG,"52,430",$354.43,"3,773 mi",144,$0.0939
DEL,MNL,"52,373",$424.24,"3,054 mi",143,$0.1389
BLR,IXU,"52,172",$47.88,500 mi,143,$0.0958
KHI,BKK,"52,030",$332.57,"2,246 mi",143,$0.1481
CMB,ICN,"51,976",$221.71,"3,692 mi",142,$0.0601
DEL,BOS,"51,901",$659.91,"6,918 mi",142,$0.0954
LHE,BKK,"51,850",$295.15,"2,136 mi",142,$0.1382
BLR,SYD,"51,749",$725.37,"5,639 mi",142,$0.1286
BOM,MXP,"51,731",$515.41,"3,923 mi",142,$0.1314
AMD,CJB,"51,717",$46.41,856 mi,142,$0.0542
AMD,IXJ,"51,571",$76.85,658 mi,141,$0.1168
CMB,TLV,"51,425",$453.07,"3,258 mi",141,$0.1391
GOX,LGW,"51,409",$325.06,"4,829 mi",141,$0.0673
CMB,MUC,"51,339",$261.98,"4,993 mi",141,$0.0525
BLR,SEA,"51,286","$1,057.60","7,826 mi",141,$0.1351
DEL,PER,"51,164",$538.51,"4,751 mi",140,$0.1133
COK,LGW,"51,011",$311.28,"5,246 mi",140,$0.0593
BLR,MUC,"51,007",$501.31,"4,305 mi",140,$0.1164
DEL,DAD,"50,951",$154.37,"2,094 mi",140,$0.0737
KHI,SAW,"50,916",$156.18,"2,360 mi",139,$0.0662
BOM,IXL,"50,672",$85.45,"1,111 mi",139,$0.0769
CCU,DOH,"50,193",$148.09,"2,396 mi",138,$0.0618
AMD,DPS,"49,913",$185.12,"3,728 mi",137,$0.0497
DEL,BRU,"49,835",$443.89,"3,857 mi",137,$0.1151
JAI,AUH,"49,698",$114.25,"1,367 mi",136,$0.0836
DEL,CAN,"49,456",$201.95,"2,336 mi",135,$0.0865
MLE,RUH,"49,021",$374.64,"2,218 mi",134,$0.1689
ATQ,LGW,"49,002",$355.83,"4,042 mi",134,$0.0880
MLE,DUS,"48,785",$317.77,"5,149 mi",134,$0.0617
DAC,NRT,"48,713",$419.44,"2,981 mi",133,$0.1407
LHE,CAN,"48,702",$417.86,"2,509 mi",133,$0.1665
DEL,IKA,"48,635",$279.95,"1,635 mi",133,$0.1712
DEL,PVG,"48,543",$450.88,"2,586 mi",133,$0.1744
KHI,IST,"48,449",$206.18,"2,542 mi",133,$0.0811
MLE,MAD,"48,274",$403.47,"5,192 mi",132,$0.0777
LHE,IST,"48,233",$300.58,"2,517 mi",132,$0.1194
HYD,YYZ,"48,143",$593.15,"7,765 mi",132,$0.0764
BLR,MEL,"48,090",$702.51,"5,416 mi",132,$0.1297
BLR,KBV,"48,016",$58.20,"1,442 mi",132,$0.0404
COK,FRA,"47,989",$259.17,"4,843 mi",131,$0.0535
DEL,ATH,"47,938",$285.86,"3,004 mi",131,$0.0952
BOM,DGH,"47,862",$133.88,932 mi,131,$0.1436
MLE,TRV,"47,673",$60.51,388 mi,131,$0.1560
AMD,DAD,"47,588",$146.54,"2,431 mi",130,$0.0603
MAA,HKG,"47,541",$313.08,"2,375 mi",130,$0.1318
DEL,CPH,"47,508",$328.07,"3,737 mi",130,$0.0878
JAI,LKO,"47,117",$19.96,322 mi,129,$0.0620
LHE,MXP,"46,681",$224.07,"3,468 mi",128,$0.0646
CNN,FJR,"46,659",$125.61,"1,504 mi",128,$0.0835
DEL,DUB,"46,549",$480.70,"4,527 mi",128,$0.1062
BLR,YYZ,"46,545",$641.67,"8,007 mi",128,$0.0801
BOM,ICN,"46,517",$447.72,"3,550 mi",127,$0.1261
MAA,ICN,"46,337",$571.12,"3,205 mi",127,$0.1782
CCU,RUH,"46,139",$162.06,"2,555 mi",126,$0.0634
BLR,SGN,"46,022",$192.58,"2,021 mi",126,$0.0953
ISB,YYZ,"45,969",$683.25,"6,620 mi",126,$0.1032
MAA,IXA,"45,905",$96.66,"1,013 mi",126,$0.0954
MLE,PKX,"45,823",$328.42,"3,510 mi",126,$0.0936
BOM,BCN,"45,804",$466.26,"4,242 mi",125,$0.1099
DEL,CAI,"45,662",$223.65,"2,818 mi",125,$0.0794
DEL,MED,"45,592",$172.24,"2,388 mi",125,$0.0721
LHE,LGW,"45,523",$326.28,"3,799 mi",125,$0.0859
BLR,ZRH,"45,375",$673.94,"4,716 mi",124,$0.1429
BOM,BRU,"44,862",$484.60,"4,138 mi",123,$0.1171
VTZ,IXZ,"44,675",$100.20,738 mi,122,$0.1358
BLR,ORD,"44,643","$1,158.63","8,771 mi",122,$0.1321
CCJ,LHR,"44,629",$188.69,"4,883 mi",122,$0.0386
HYD,MED,"44,540",$161.72,"2,466 mi",122,$0.0656
BOM,FJR,"44,471",$57.33,"1,171 mi",122,$0.0490
DEL,TRZ,"44,439",$100.86,"1,197 mi",122,$0.0843
HYD,IXJ,"44,394",$97.94,"1,124 mi",122,$0.0871
COK,AGX,"44,378",$27.83,282 mi,122,$0.0987
CMB,MAN,"44,115",$416.58,"5,332 mi",121,$0.0781
BOM,AGR,"43,756",$77.65,663 mi,120,$0.1171
PEW,MCT,"43,727",$44.31,"1,106 mi",120,$0.0401
ATQ,MXP,"43,660",$265.49,"3,478 mi",120,$0.0763
UET,SHJ,"43,615",$70.36,753 mi,119,$0.0934
IXC,AUH,"43,535",$106.64,"1,463 mi",119,$0.0729
CMB,DUS,"43,522",$293.19,"5,257 mi",119,$0.0558
DEL,ADL,"43,493",$505.61,"5,761 mi",119,$0.0878
HYD,SYD,"43,445",$517.71,"6,120 mi",119,$0.0846
COK,SGN,"43,227",$135.91,"1,993 mi",118,$0.0682
COK,BKK,"43,226",$74.24,"1,613 mi",118,$0.0460
DAC,ICN,"43,179",$308.21,"2,252 mi",118,$0.1369
BLR,ICN,"43,038",$610.55,"3,322 mi",118,$0.1838
LKO,DMK,"42,958",$50.16,"1,599 mi",118,$0.0314
GOI,BHO,"42,933",$55.74,574 mi,118,$0.0971
COK,SIN,"42,863",$253.78,"1,929 mi",117,$0.1316
CNN,DMM,"42,823",$153.74,"1,892 mi",117,$0.0813
MAA,HKT,"42,748",$80.74,"1,314 mi",117,$0.0614
BLR,BEK,"42,716",$101.01,"1,026 mi",117,$0.0985
CNN,RKT,"42,642",$145.92,"1,542 mi",117,$0.0946
GOX,AGX,"42,544",$38.70,369 mi,117,$0.1049
ISB,JFK,"42,525",$590.71,"6,680 mi",117,$0.0884
DEL,BER,"42,508",$411.36,"3,693 mi",116,$0.1114
MLE,HKG,"42,430",$512.11,"3,065 mi",116,$0.1671
HYD,JLG,"42,361",$35.08,307 mi,116,$0.1143
HYD,AGR,"42,340",$88.74,707 mi,116,$0.1255
ISB,MXP,"42,238",$248.75,"3,522 mi",116,$0.0706
GOX,LHR,"42,212",$283.26,"4,559 mi",116,$0.0621
DEL,YUL,"42,211",$528.74,"6,793 mi",116,$0.0778
DEL,IAH,"41,947","$1,010.71","8,611 mi",115,$0.1174
DAC,PEN,"41,888",$156.03,"1,483 mi",115,$0.1052
ISB,KUL,"41,825",$320.64,"2,744 mi",115,$0.1169
VTZ,TIR,"41,626",$34.61,363 mi,114,$0.0953
DEL,NBO,"41,521",$330.74,"3,466 mi",114,$0.0954
HYD,BAH,"41,519",$135.35,"1,942 mi",114,$0.0697
ATQ,MEL,"41,386",$356.18,"6,384 mi",113,$0.0558
DEL,PQC,"41,381",$138.64,"2,090 mi",113,$0.0663
DEL,CGK,"41,293",$571.97,"3,194 mi",113,$0.1791
DAC,CDG,"41,278",$448.07,"5,044 mi",113,$0.0888
BOM,LOS,"41,192",$364.80,"4,595 mi",113,$0.0794
BOM,CPT,"41,112",$354.80,"5,268 mi",113,$0.0674
DEL,ATL,"41,052",$692.37,"7,733 mi",112,$0.0895
DEL,HJR,"40,853",$39.98,321 mi,112,$0.1245
DAC,TUU,"40,815",$230.90,"3,424 mi",112,$0.0674
DAC,MXP,"40,815",$312.14,"4,808 mi",112,$0.0649
MAA,FRA,"40,705",$411.32,"4,577 mi",112,$0.0899
BOM,SEA,"40,671",$653.87,"7,511 mi",111,$0.0871
CJB,GOI,"40,442",$38.05,381 mi,111,$0.0999
TRV,BAH,"40,395",$188.35,"2,179 mi",111,$0.0864
CCU,GOP,"40,295",$34.19,409 mi,110,$0.0836
MAA,YYZ,"40,130",$669.70,"8,569 mi",110,$0.0782
BLR,BOS,"39,786","$1,013.27","7,871 mi",109,$0.1287
DEL,BGW,"39,697",$273.10,"2,026 mi",109,$0.1348
DEL,LOS,"39,691",$370.83,"5,169 mi",109,$0.0717
AMD,ISK,"39,358",$20.21,213 mi,108,$0.0949
DEL,WAW,"39,355",$339.77,"3,172 mi",108,$0.1071
LKO,KUL,"39,278",$147.09,"2,092 mi",108,$0.0703
CMB,FCO,"39,240",$300.22,"4,599 mi",108,$0.0653
LKO,BKK,"39,222",$78.02,"1,616 mi",107,$0.0483
HYD,HDO,"39,127",$89.68,772 mi,107,$0.1162
BOM,FCO,"39,096",$338.61,"3,963 mi",107,$0.0854
BOM,NJF,"38,854",$165.47,"2,036 mi",106,$0.0813
GOX,JLG,"38,843",$37.21,390 mi,106,$0.0954
KHI,MAN,"38,839",$248.79,"4,136 mi",106,$0.0602
HYD,ISK,"38,588",$36.00,346 mi,106,$0.1040
CMB,VIE,"38,586",$341.58,"4,490 mi",106,$0.0761
BOM,DUB,"38,476",$464.14,"4,865 mi",105,$0.0954
KTM,KIX,"38,373",$313.94,"3,048 mi",105,$0.1030
BLR,DUB,"38,329",$492.71,"5,398 mi",105,$0.0913
CCJ,KUL,"38,206",$151.04,"1,802 mi",105,$0.0838
GOX,SVO,"38,195",$196.25,"3,477 mi",105,$0.0564
IXC,IXL,"38,181",$52.93,236 mi,105,$0.2243
BOM,ALA,"38,137",$152.65,"1,745 mi",104,$0.0875
JAI,KUL,"38,120",$181.26,"2,316 mi",104,$0.0783
BLR,HAN,"38,095",$204.00,"1,990 mi",104,$0.1025
LYP,JED,"37,999",$199.88,"2,252 mi",104,$0.0888
AMD,TRV,"37,995",$85.78,"1,017 mi",104,$0.0843
SKT,DMM,"37,959",$201.32,"1,485 mi",104,$0.1356
SKT,AUH,"37,898",$98.54,"1,279 mi",104,$0.0770
BOM,CPH,"37,847",$365.08,"4,104 mi",104,$0.0890
JAI,VNS,"37,837",$59.64,434 mi,104,$0.1374
IXE,MCT,"37,798",$160.31,"1,351 mi",104,$0.1187
MUX,AUH,"37,559",$43.54,"1,069 mi",103,$0.0407
GOX,LKO,"37,513",$112.23,858 mi,103,$0.1308
PEW,RKT,"37,455",$88.83,"1,130 mi",103,$0.0786
BOM,SEZ,"37,228",$200.52,"1,961 mi",102,$0.1023
BLR,IAD,"37,190",$772.17,"8,748 mi",102,$0.0883
HYD,ATL,"37,161",$729.27,"8,483 mi",102,$0.0860
LHE,RKT,"37,085",$94.42,"1,227 mi",102,$0.0770
IXE,DOH,"36,995",$232.25,"1,789 mi",101,$0.1298
COK,MEL,"36,966",$397.54,"5,672 mi",101,$0.0701
CNN,HYD,"36,764",$46.93,403 mi,101,$0.1165
ZYL,DXB,"36,629",$245.01,"2,209 mi",100,$0.1109
MAA,RJA,"36,578",$30.42,296 mi,100,$0.1028
KTM,CAN,"36,518",$194.69,"1,816 mi",100,$0.1072
MAA,DFW,"36,336",$951.29,"9,538 mi",100,$0.0997
GOI,BBI,"36,329",$115.10,831 mi,100,$0.1385
AMD,MEL,"36,316",$447.42,"6,475 mi",99,$0.0691
AMD,DIU,"36,298",$15.64,203 mi,99,$0.0770
HYD,DPS,"36,258",$227.38,"2,992 mi",99,$0.0760
MAA,IAD,"35,941",$659.51,"8,312 mi",98,$0.0793
KHI,NJF,"35,832",$193.45,"1,507 mi",98,$0.1284
MLE,DWC,"35,773",$509.45,"1,824 mi",98,$0.2793
BOM,IXA,"35,632",$95.19,"1,189 mi",98,$0.0801
COK,FCO,"35,624",$235.21,"4,560 mi",98,$0.0516
BOM,AKL,"35,606",$748.06,"7,874 mi",98,$0.0950
KHI,BAH,"35,546",$109.97,"1,002 mi",97,$0.1098
HYD,PNY,"35,538",$38.00,364 mi,97,$0.1044
MLE,TFU,"35,482",$311.16,"2,624 mi",97,$0.1186
MUX,RUH,"35,395",$186.41,"1,600 mi",97,$0.1165
SKT,KWI,"35,168",$157.56,"1,531 mi",96,$0.1029
BOM,MNL,"35,047",$488.85,"3,095 mi",96,$0.1579
KHI,JFK,"35,005",$621.41,"7,042 mi",96,$0.0882
LHE,KDU,"34,911",$61.54,263 mi,96,$0.2340
CMB,CAN,"34,705",$218.17,"2,408 mi",95,$0.0906
MLE,BER,"34,645",$416.46,"4,608 mi",95,$0.0904
CMB,TFU,"34,615",$166.44,"2,187 mi",95,$0.0761
BOM,JSA,"34,602",$62.38,537 mi,95,$0.1162
DEL,NRT,"34,601",$449.23,"3,781 mi",95,$0.1188
MLE,HAM,"34,479",$432.82,"5,067 mi",94,$0.0854
MAA,DED,"34,436",$66.14,"1,159 mi",94,$0.0571
VGA,TIR,"34,406",$14.69,224 mi,94,$0.0656
KHI,IAH,"34,365",$603.40,"8,216 mi",94,$0.0734
BOM,PQC,"34,330",$140.43,"2,101 mi",94,$0.0668
BOM,DAD,"34,306",$168.68,"2,403 mi",94,$0.0702
BOM,MIA,"34,285",$760.21,"8,584 mi",94,$0.0886
DEL,TPE,"34,203",$360.88,"2,635 mi",94,$0.1370
DAC,IST,"34,155",$482.82,"3,594 mi",94,$0.1343
CCU,DMM,"34,029",$158.16,"2,361 mi",93,$0.0670
HYD,SEA,"34,020","$1,120.10","7,552 mi",93,$0.1483
MLE,PRG,"33,980",$367.92,"4,522 mi",93,$0.0814
BLR,KLH,"33,928",$49.48,321 mi,93,$0.1541
HYD,FRA,"33,863",$398.89,"4,289 mi",93,$0.0930
CMB,MAD,"33,788",$332.65,"5,720 mi",93,$0.0582
DAC,AHB,"33,760",$230.91,"3,182 mi",92,$0.0726
BOM,LUN,"33,750",$216.33,"3,729 mi",92,$0.0580
AMD,JDH,"33,536",$17.07,214 mi,92,$0.0798
AMD,SYD,"33,529",$446.52,"6,290 mi",92,$0.0710
DEL,HEL,"33,487",$523.97,"3,342 mi",92,$0.1568
MAA,JAF,"33,486",$34.15,228 mi,92,$0.1498
CCU,SHL,"33,439",$33.66,297 mi,92,$0.1133
LHE,FRA,"33,181",$285.46,"3,652 mi",91,$0.0782
BLR,ATL,"33,163",$749.03,"8,723 mi",91,$0.0859
HYD,HBX,"33,042",$22.04,249 mi,91,$0.0885
MAA,ORD,"32,975",$682.34,"8,306 mi",90,$0.0822
ISB,IAD,"32,968",$583.89,"6,866 mi",90,$0.0850
MLE,LGW,"32,928",$744.38,"5,449 mi",90,$0.1366
COK,VNS,"32,855",$91.92,"1,173 mi",90,$0.0784
DAC,BAH,"32,851",$163.34,"2,560 mi",90,$0.0638
BLR,MAN,"32,806",$457.89,"4,925 mi",90,$0.0930
BLR,LAX,"32,786","$1,222.72","8,741 mi",90,$0.1399
ISB,TUU,"32,695",$219.34,"2,229 mi",90,$0.0984
COK,TRV,"32,672",$29.63,117 mi,90,$0.2532
KTM,LXA,"32,633",$298.55,344 mi,89,$0.8679
DEL,ITM,"32,614",$599.13,"3,512 mi",89,$0.1706
LHE,IAD,"32,595",$497.80,"7,460 mi",89,$0.0667
COK,JAI,"32,590",$67.63,"1,188 mi",89,$0.0569
MLE,NRT,"32,544",$410.31,"4,614 mi",89,$0.0889
BOM,IXY,"32,380",$32.67,320 mi,89,$0.1021
HYD,KLH,"32,366",$12.43,285 mi,89,$0.0436
MLE,NMF,"32,349",$29.82,116 mi,89,$0.2571
ISB,IST,"32,349",$296.71,"2,376 mi",89,$0.1249
BOM,TLV,"32,330",$451.72,"2,590 mi",89,$0.1744
BLR,TCR,"32,229",$29.59,301 mi,88,$0.0983
CMB,PVG,"32,152",$277.12,"3,073 mi",88,$0.0902
DEL,KIX,"32,149",$465.26,"3,505 mi",88,$0.1327
MLE,FVM,"31,922",$43.45,320 mi,87,$0.1358
AMD,IAD,"31,914",$516.44,"7,967 mi",87,$0.0648
ATQ,LKO,"31,855",$52.14,517 mi,87,$0.1009
MLE,WAW,"31,776",$525.91,"4,326 mi",87,$0.1216
HYD,MYQ,"31,773",$36.35,354 mi,87,$0.1027
CMB,LGW,"31,687",$396.27,"5,564 mi",87,$0.0712
MLE,DOH,"31,667",$294.31,"1,996 mi",87,$0.1474
AMD,EWR,"31,661",$596.04,"7,316 mi",87,$0.0815
CMB,AKL,"31,583",$611.72,"6,990 mi",87,$0.0875
DAC,AMM,"31,314",$206.43,"3,236 mi",86,$0.0638
MUX,DMM,"31,295",$206.35,"1,378 mi",86,$0.1497
BLR,AJL,"31,286",$119.50,"1,184 mi",86,$0.1009
DEL,DME,"31,229",$298.19,"2,756 mi",86,$0.1082
CCU,JRG,"31,210",$25.26,295 mi,86,$0.0856
KHI,KWI,"31,094",$42.93,"1,180 mi",85,$0.0364
KTM,TMI,"31,067",$24.33,112 mi,85,$0.2172
ATQ,BKK,"31,063",$97.37,"1,998 mi",85,$0.0487
KTM,RJB,"31,050",$24.53,114 mi,85,$0.2152
AMD,HDO,"30,928",$65.59,501 mi,85,$0.1309
LHE,BHX,"30,667",$340.84,"3,846 mi",84,$0.0886
DEL,GVA,"30,638",$765.61,"4,063 mi",84,$0.1884
CGP,DOH,"30,556",$299.02,"2,618 mi",84,$0.1142
LHE,ATH,"30,427",$193.47,"2,778 mi",83,$0.0696
BOM,TAS,"30,424",$126.47,"1,592 mi",83,$0.0794
CMB,BNE,"30,415",$480.00,"5,597 mi",83,$0.0858
BOM,GVA,"30,290",$720.39,"4,297 mi",83,$0.1676
DEL,VCE,"30,289",$337.24,"3,763 mi",83,$0.0896
KTM,JFK,"30,214",$529.60,"7,303 mi",83,$0.0725
CNN,COK,"30,074",$15.61,139 mi,82,$0.1123
LYP,AUH,"30,054",$263.86,"1,180 mi",82,$0.2236
BOM,IMF,"30,013",$143.77,"1,444 mi",82,$0.0996
CCU,DBR,"29,999",$34.99,283 mi,82,$0.1236
BOM,MAD,"29,977",$500.97,"4,811 mi",82,$0.1041
LHE,EDI,"29,964",$272.17,"4,107 mi",82,$0.0663
ISB,BKK,"29,957",$374.05,"2,291 mi",82,$0.1633
CMB,HKG,"29,874",$411.66,"2,418 mi",82,$0.1702
AMD,ATL,"29,755",$592.30,"8,484 mi",82,$0.0698
HYD,BOS,"29,711",$747.40,"8,118 mi",81,$0.0921
HYD,IXG,"29,640",$14.00,262 mi,81,$0.0534
CCU,DPS,"29,623",$207.17,"2,909 mi",81,$0.0712
BOM,TBS,"29,187",$152.99,"2,329 mi",80,$0.0657
DAC,SHA,"29,123",$178.22,"2,014 mi",80,$0.0885
CCU,CJB,"29,108",$88.23,"1,133 mi",80,$0.0779
MAA,NRT,"29,083",$591.66,"4,154 mi",80,$0.1424
DEL,PRG,"29,064",$407.42,"3,444 mi",80,$0.1183
MLE,BKK,"29,018",$325.77,"2,027 mi",80,$0.1607
VTZ,BBI,"29,001",$20.87,236 mi,79,$0.0884
HYD,IAH,"28,964",$809.03,"8,874 mi",79,$0.0912
COK,LKO,"28,692",$77.71,"1,148 mi",79,$0.0677
TRV,JED,"28,655",$203.04,"2,750 mi",79,$0.0738
ISB,CAN,"28,611",$465.91,"2,615 mi",78,$0.1782
MAA,SYD,"28,555",$622.44,"5,841 mi",78,$0.1066
BLR,PNY,"28,513",$9.00,171 mi,78,$0.0526
DAC,IAD,"28,486",$734.31,"8,269 mi",78,$0.0888
MAA,MEL,"28,415",$547.12,"5,615 mi",78,$0.0974
BOM,VIE,"28,403",$462.43,"3,813 mi",78,$0.1213
KTM,JED,"28,388",$220.24,"3,000 mi",78,$0.0734
BOM,AIP,"28,379",$119.36,846 mi,78,$0.1411
DEL,ASB,"28,378",$884.08,"1,298 mi",78,$0.6811
BOM,XNB,"28,369",$75.51,"1,148 mi",78,$0.0658
BLR,IAH,"28,360","$1,699.33","9,700 mi",78,$0.1752
HYD,CDP,"28,345",$11.86,195 mi,78,$0.0608
MAA,SXV,"28,323",$8.44,161 mi,78,$0.0524
CMB,DMM,"28,178",$152.51,"2,454 mi",77,$0.0621
MLE,BUD,"28,114",$430.44,"4,249 mi",77,$0.1013
COK,HKT,"28,085",$56.48,"1,455 mi",77,$0.0388
KHI,MUX,"28,075",$87.76,436 mi,77,$0.2013
GOX,IDR,"28,044",$50.85,514 mi,77,$0.0989
BLR,BAH,"27,962",$182.16,"2,031 mi",77,$0.0897
BLR,CPH,"27,961",$541.44,"4,366 mi",77,$0.1240
KHI,ORD,"27,898",$519.31,"7,774 mi",76,$0.0668
ISB,ELQ,"27,860",$173.64,"1,749 mi",76,$0.0993
DEL,MIA,"27,855",$875.34,"8,140 mi",76,$0.1075
MLE,ICN,"27,833",$421.74,"4,166 mi",76,$0.1012
KTM,HND,"27,778",$352.16,"3,303 mi",76,$0.1066
ISB,HKG,"27,752",$334.40,"2,685 mi",76,$0.1245
MAA,BAH,"27,749",$190.71,"2,187 mi",76,$0.0872
VTZ,AUH,"27,749",$131.30,"1,953 mi",76,$0.0672
CCU,DGH,"27,734",$7.69,171 mi,76,$0.0450
CMB,BRU,"27,718",$361.09,"5,043 mi",76,$0.0716
BOM,KIX,"27,717",$449.03,"4,048 mi",76,$0.1109
DEL,LCA,"27,490",$284.37,"2,649 mi",75,$0.1073
LKO,DOH,"27,475",$152.52,"1,762 mi",75,$0.0866
VGA,SHJ,"27,316",$163.11,"1,685 mi",75,$0.0968
LHE,GYD,"27,211",$214.09,"1,534 mi",75,$0.1396
DAC,EAM,"27,205",$235.03,"2,900 mi",75,$0.0810
BOM,BER,"27,157",$448.08,"4,015 mi",74,$0.1116
AMD,AGR,"27,148",$49.91,449 mi,74,$0.1112
AMD,RDP,"27,076",$126.44,899 mi,74,$0.1406
LHE,CDG,"27,067",$393.98,"3,938 mi",74,$0.1000
COK,SYD,"27,056",$456.78,"5,585 mi",74,$0.0818
HYD,HAN,"27,014",$163.70,"1,751 mi",74,$0.0935
DEL,OTP,"26,996",$281.19,"2,894 mi",74,$0.0972
BLR,DIB,"26,857",$137.14,"1,535 mi",74,$0.0893
DEL,DTW,"26,850",$512.75,"7,168 mi",74,$0.0715
BOM,PRG,"26,789",$505.82,"3,948 mi",73,$0.1281
CCU,MCT,"26,788",$112.85,"1,857 mi",73,$0.0608
BOM,HND,"26,779",$657.01,"4,058 mi",73,$0.1619
BLR,SXV,"26,744",$18.12,104 mi,73,$0.1742
BOM,DIB,"26,720",$151.55,"1,471 mi",73,$0.1030
BOM,CAN,"26,685",$260.10,"2,690 mi",73,$0.0967
MAA,SXR,"26,678",$98.41,"1,445 mi",73,$0.0681
CMB,CPH,"26,548",$312.92,"4,781 mi",73,$0.0655
ZYL,DOH,"26,508",$299.59,"2,434 mi",73,$0.1231
DEL,ARN,"26,486",$416.64,"3,573 mi",73,$0.1166
MAA,MYQ,"26,485",$19.45,236 mi,73,$0.0824
DAC,LGW,"26,474",$472.96,"5,124 mi",73,$0.0923
DEL,JNB,"26,432",$522.00,"4,829 mi",72,$0.1081
HYD,CDG,"26,407",$559.72,"4,549 mi",72,$0.1230
MAA,RQY,"26,380",$140.86,322 mi,72,$0.4375
HYD,CLT,"26,336",$711.37,"8,826 mi",72,$0.0806
ATQ,AKL,"26,258",$593.68,"7,757 mi",72,$0.0765
BLR,TPE,"26,254",$482.89,"2,855 mi",72,$0.1691
DEL,PNH,"26,227",$150.08,"2,205 mi",72,$0.0681
BLR,EWR,"26,208","$1,311.34","8,052 mi",72,$0.1629
CNN,KWI,"26,174",$177.66,"2,202 mi",72,$0.0807
MLE,BCN,"26,053",$444.85,"4,915 mi",71,$0.0905
CCJ,SLL,"25,989",$107.66,"1,474 mi",71,$0.0730
HYD,JGB,"25,984",$22.79,260 mi,71,$0.0877
DAC,ATH,"25,914",$307.97,"3,856 mi",71,$0.0799
IXE,BAH,"25,899",$180.89,"1,876 mi",71,$0.0964
DAC,MEL,"25,800",$506.86,"5,360 mi",71,$0.0946
CCU,JFK,"25,794",$753.58,"8,153 mi",71,$0.0924
KHI,KDU,"25,722",$113.71,903 mi,70,$0.1259
IXC,BBI,"25,717",$71.50,887 mi,70,$0.0806
HYD,SGN,"25,624",$150.32,"1,999 mi",70,$0.0752
DAC,KMG,"25,565",$128.29,769 mi,70,$0.1668
MLE,CPH,"25,426",$423.62,"4,722 mi",70,$0.0897
MAA,AMS,"25,382",$478.36,"4,748 mi",70,$0.1007
BLR,MNL,"25,357",$559.60,"2,990 mi",69,$0.1872
CNN,TRV,"25,226",$23.74,247 mi,69,$0.0961
CNN,JED,"25,117",$302.11,"2,418 mi",69,$0.1249
DAC,GIZ,"25,083",$250.58,"3,213 mi",69,$0.0780
NAG,SHJ,"24,978",$108.39,"1,474 mi",68,$0.0735
HYD,LAX,"24,972","$1,259.41","8,469 mi",68,$0.1487
BOM,KLH,"24,937",$87.59,198 mi,68,$0.4424
HYD,EWR,"24,878",$965.77,"8,307 mi",68,$0.1163
DEL,LGW,"24,727",$345.81,"4,050 mi",68,$0.0854
ISB,PKX,"24,686",$339.65,"2,358 mi",68,$0.1440
HYD,AUS,"24,620",$672.07,"8,875 mi",67,$0.0757
BOM,IXG,"24,539",$73.51,259 mi,67,$0.2838
CMB,COK,"24,445",$84.91,323 mi,67,$0.2629
JAI,JED,"24,441",$153.82,"2,258 mi",67,$0.0681
LHE,SYD,"24,397",$585.17,"6,533 mi",67,$0.0896
BOM,DTW,"24,326",$553.68,"8,175 mi",67,$0.0677
KTM,IAD,"24,266",$610.58,"7,469 mi",66,$0.0817
BLR,PVG,"24,246",$600.43,"2,964 mi",66,$0.2026
KTM,CDG,"24,223",$352.54,"4,352 mi",66,$0.0810
CCU,IXD,"24,121",$106.55,451 mi,66,$0.2363
BLR,MXP,"24,056",$475.22,"4,420 mi",66,$0.1075
MAA,PVG,"24,020",$488.19,"3,010 mi",66,$0.1622
DEL,HAM,"23,920",$421.79,"3,844 mi",66,$0.1097
DEL,TUU,"23,893",$213.37,"2,520 mi",65,$0.0847
BOM,YVR,"23,873",$595.54,"7,844 mi",65,$0.0759
BOM,WAW,"23,853",$386.98,"3,699 mi",65,$0.1046
CNN,RUH,"23,846",$194.88,"2,151 mi",65,$0.0906
DAC,MNL,"23,799",$396.49,"2,031 mi",65,$0.1952
HYD,MAN,"23,787",$407.80,"4,741 mi",65,$0.0860
COK,PAT,"23,786",$101.34,"1,245 mi",65,$0.0814
COK,AKL,"23,749",$631.88,"6,886 mi",65,$0.0918
COK,GAU,"23,703",$130.01,"1,439 mi",65,$0.0903
BOM,FBM,"23,663",$276.33,"3,632 mi",65,$0.0761
GOI,HSR,"23,597",$54.83,533 mi,65,$0.1029
MLE,LED,"23,520",$813.30,"4,599 mi",64,$0.1768
DAC,HGH,"23,509",$138.22,"1,951 mi",64,$0.0708
COK,DFW,"23,492",$622.10,"9,714 mi",64,$0.0640
BLR,IXL,"23,437",$115.37,"1,490 mi",64,$0.0774
LHE,IKA,"23,394",$338.49,"1,322 mi",64,$0.2560
BOM,IKA,"23,358",$315.24,"1,687 mi",64,$0.1869
IXC,IXJ,"23,320",$16.14,185 mi,64,$0.0872
DAC,HKG,"23,185",$421.08,"1,542 mi",64,$0.2731
CCJ,COK,"23,167",$11.55,73 mi,63,$0.1582
MLE,LMV,"23,117",$23.21,85 mi,63,$0.2731
CMB,BCN,"23,117",$304.97,"5,417 mi",63,$0.0563
AMD,VTZ,"22,966",$67.92,756 mi,63,$0.0898
BOM,LIS,"22,937",$483.07,"4,833 mi",63,$0.1000
COK,ORD,"22,934",$526.28,"8,438 mi",63,$0.0624
BLR,HND,"22,914",$824.23,"4,004 mi",63,$0.2059
BLR,RQY,"22,904",$5.66,144 mi,63,$0.0393
DEL,IXS,"22,877",$104.18,981 mi,63,$0.1062
MLE,IST,"22,876",$335.12,"3,881 mi",63,$0.0863
ZYL,MAN,"22,754",$536.37,"4,864 mi",62,$0.1103
ISB,RKT,"22,733",$91.73,"1,116 mi",62,$0.0822
MLE,PEK,"22,690",$314.04,"3,539 mi",62,$0.0887
DAC,HAS,"22,611",$204.94,"3,116 mi",62,$0.0658
BOM,FIH,"22,585",$278.67,"4,099 mi",62,$0.0680
MLE,BHX,"22,547",$728.89,"5,532 mi",62,$0.1318
KTM,YYZ,"22,516",$604.66,"7,192 mi",62,$0.0841
CGP,MED,"22,451",$319.72,"3,387 mi",62,$0.0944
COK,RPR,"22,412",$115.91,815 mi,61,$0.1422
KTM,LIS,"22,293",$427.74,"5,429 mi",61,$0.0788
MAA,HND,"22,284",$881.59,"3,878 mi",61,$0.2273
KTM,NGO,"22,252",$302.71,"3,136 mi",61,$0.0965
CMB,ADL,"22,238",$524.90,"4,940 mi",61,$0.1063
BLR,CGK,"22,213",$469.32,"2,466 mi",61,$0.1903
ATQ,SFO,"22,043",$582.83,"7,294 mi",60,$0.0799
DEL,EDI,"21,987",$476.31,"4,120 mi",60,$0.1156
DEL,BSR,"21,986",$545.14,"1,717 mi",60,$0.3175
COK,CDG,"21,937",$305.01,"5,109 mi",60,$0.0597
BOM,DIU,"21,927",$29.22,174 mi,60,$0.1679
DEL,BUD,"21,916",$407.78,"3,221 mi",60,$0.1266
GOI,ISK,"21,851",$32.38,307 mi,60,$0.1055
DEL,BKB,"21,808",$19.58,241 mi,60,$0.0812
MAA,NAG,"21,804",$64.40,547 mi,60,$0.1177
BLR,VIE,"21,796",$524.27,"4,346 mi",60,$0.1206
ISB,NJF,"21,789",$233.14,"1,600 mi",60,$0.1457
BLR,AUS,"21,769","$1,019.51","9,705 mi",60,$0.1050
BOM,ATH,"21,724",$386.35,"3,295 mi",60,$0.1173
MLE,LIS,"21,691",$515.51,"5,811 mi",59,$0.0887
CMB,KTM,"21,662",$218.84,"1,418 mi",59,$0.1543
MAA,ZRH,"21,652",$441.60,"4,563 mi",59,$0.0968
DEL,AMM,"21,590",$209.10,"2,377 mi",59,$0.0880
KHI,DFW,"21,585",$635.10,"8,558 mi",59,$0.0742
CMB,PER,"21,529",$420.22,"3,491 mi",59,$0.1204
AMD,NBO,"21,504",$179.94,"2,845 mi",59,$0.0632
AMD,KQH,"21,499",$17.02,287 mi,59,$0.0593
IXC,DHM,"21,439",$15.53,105 mi,59,$0.1479
BLR,DAC,"21,438",$53.54,"1,142 mi",59,$0.0469
BOM,BHU,"21,340",$34.54,195 mi,58,$0.1771
LHE,MEL,"21,285",$534.49,"6,787 mi",58,$0.0788
DAC,MAN,"21,269",$538.91,"4,866 mi",58,$0.1108
BOM,LGW,"21,237",$369.16,"4,336 mi",58,$0.0851
BOM,DME,"21,213",$527.38,"3,192 mi",58,$0.1652
GOI,PAT,"21,186",$76.69,"1,043 mi",58,$0.0735
LHE,UET,"21,179",$68.96,437 mi,58,$0.1578
ATQ,YVR,"21,164",$585.08,"6,536 mi",58,$0.0895
CMB,PRG,"21,118",$351.03,"4,909 mi",58,$0.0715
KHI,SIN,"21,100",$441.94,"2,857 mi",58,$0.1547
KTM,BNE,"21,079",$478.55,"6,063 mi",58,$0.0789
BOM,BHX,"21,069",$389.32,"4,401 mi",58,$0.0885
BOM,BNE,"21,052",$720.44,"6,439 mi",58,$0.1119
CCU,IXE,"20,999",$99.73,"1,147 mi",58,$0.0869
COK,IXC,"20,966",$89.16,"1,461 mi",57,$0.0610
ISB,FCO,"20,952",$284.94,"3,194 mi",57,$0.0892
MUX,ELQ,"20,894",$188.35,"1,649 mi",57,$0.1142
CCU,CAN,"20,821",$174.43,"1,626 mi",57,$0.1073
HYD,GDB,"20,598",$29.47,310 mi,56,$0.0951
CMB,HAM,"20,542",$351.56,"4,850 mi",56,$0.0725
CMB,WAW,"20,452",$332.18,"4,397 mi",56,$0.0755
LKO,RKT,"20,360",$79.42,"1,500 mi",56,$0.0529
HYD,JRG,"20,359",$42.86,473 mi,56,$0.0906
BOM,MCO,"20,345",$674.13,"8,990 mi",56,$0.0750
ZYL,MCT,"20,337",$195.52,"2,049 mi",56,$0.0954
DEL,DUS,"20,325",$518.30,"3,991 mi",56,$0.1299
HYD,AMS,"20,274",$483.72,"4,733 mi",56,$0.1022
ATQ,SYD,"20,262",$355.25,"6,925 mi",56,$0.0513
DEL,PHX,"20,234",$942.96,"8,354 mi",55,$0.1129
AMD,SFO,"20,228",$876.12,"8,374 mi",55,$0.1046
KTM,FUK,"20,215",$308.95,"2,609 mi",55,$0.1184
KTM,FRA,"20,091",$324.62,"4,334 mi",55,$0.0749
CMB,VKO,"20,029",$194.33,"4,195 mi",55,$0.0463
DAC,CAI,"20,028",$252.96,"3,510 mi",55,$0.0721
IXE,JED,"19,981",$212.20,"2,353 mi",55,$0.0902
AMD,NJF,"19,939",$196.13,"1,884 mi",55,$0.1041
MAA,MAN,"19,935",$484.79,"5,034 mi",55,$0.0963
HYD,DIB,"19,869",$111.18,"1,310 mi",54,$0.0849
KHI,CAN,"19,824",$352.58,"2,984 mi",54,$0.1182
ISB,GYD,"19,701",$249.70,"1,380 mi",54,$0.1809
BOM,AJL,"19,701",$137.06,"1,271 mi",54,$0.1078
MLE,GVA,"19,700",$691.32,"5,086 mi",54,$0.1359
HYD,ZRH,"19,690",$897.06,"4,545 mi",54,$0.1974
LHE,FCO,"19,643",$261.84,"3,545 mi",54,$0.0739
MLE,IFU,"19,512",$27.63,113 mi,53,$0.2445
LKO,SXR,"19,467",$59.43,599 mi,53,$0.0992
DEL,ELQ,"19,462",$138.06,"1,982 mi",53,$0.0697
ISB,AHB,"19,451",$217.51,"2,077 mi",53,$0.1047
CMB,KHI,"19,437",$303.89,"1,530 mi",53,$0.1986
TRV,JFK,"19,382",$500.24,"8,307 mi",53,$0.0602
ZYL,SHJ,"19,374",$224.41,"2,334 mi",53,$0.0961
KTM,DFW,"19,363",$638.05,"8,494 mi",53,$0.0751
COK,IAH,"19,354",$736.53,"9,321 mi",53,$0.0790
KTM,OTP,"19,331",$425.15,"3,527 mi",53,$0.1205
BOM,PER,"19,290",$690.77,"4,671 mi",53,$0.1479
BOM,DUS,"19,276",$741.40,"4,295 mi",53,$0.1726
UET,DXB,"19,265",$113.22,763 mi,53,$0.1484
DAC,HND,"19,142",$561.90,"3,130 mi",52,$0.1795
CMB,CGK,"19,114",$309.40,"2,000 mi",52,$0.1547
MLE,AMS,"18,974",$522.67,"5,253 mi",52,$0.0995
HYD,DUB,"18,890",$546.63,"4,900 mi",52,$0.1116
AMD,HKT,"18,834",$103.79,"2,051 mi",52,$0.0506
MAA,BOS,"18,810",$769.52,"8,443 mi",52,$0.0911
DAC,LIS,"18,806",$587.23,"5,512 mi",52,$0.1065
CMB,BER,"18,798",$360.24,"4,693 mi",52,$0.0768
BOM,ACC,"18,733",$287.60,"4,835 mi",51,$0.0595
GOX,SVX,"18,659",$229.83,"2,828 mi",51,$0.0813
VTZ,VNS,"18,576",$59.18,519 mi,51,$0.1140
BOM,ARN,"18,534",$464.43,"3,766 mi",51,$0.1233
KHI,LYP,"18,497",$75.02,587 mi,51,$0.1278
CMB,MNL,"18,482",$483.31,"2,747 mi",51,$0.1759
AMD,PQC,"18,384",$139.19,"2,320 mi",50,$0.0600
MAA,MNL,"18,383",$494.11,"2,657 mi",50,$0.1860
MLE,CAN,"18,316",$282.58,"3,053 mi",50,$0.0926
MAA,MED,"18,299",$174.44,"2,837 mi",50,$0.0615
MAA,ATL,"18,293",$742.54,"9,331 mi",50,$0.0796
VTZ,PNQ,"18,284",$65.50,632 mi,50,$0.1036
CCU,UDR,"18,267",$78.64,958 mi,50,$0.0821
MAA,BHO,"18,184",$66.69,713 mi,50,$0.0935
GOI,IXU,"18,155",$32.32,336 mi,50,$0.0962
MAA,BDQ,"18,137",$61.57,767 mi,50,$0.0803
BLR,TLV,"18,104",$807.64,"2,909 mi",50,$0.2776
KHI,IAD,"18,099",$562.14,"7,244 mi",50,$0.0776
MAA,MLE,"18,096",$84.56,782 mi,50,$0.1081
CMB,TRZ,"18,080",$75.80,268 mi,50,$0.2828
LHE,PNH,"18,078",$445.04,"2,450 mi",50,$0.1816
MAA,MRU,"18,059",$202.56,"2,686 mi",49,$0.0754
DEL,CPT,"18,053",$682.01,"5,595 mi",49,$0.1219
COK,SLL,"18,031",$157.43,"1,617 mi",49,$0.0974
HYD,HKG,"18,016",$325.91,"2,398 mi",49,$0.1359
COK,IXB,"18,013",$148.69,"1,423 mi",49,$0.1045
LHE,DUB,"17,956",$387.05,"4,259 mi",49,$0.0909
ISB,AAN,"17,942",$121.46,"1,183 mi",49,$0.1027
DEL,ACC,"17,899",$362.85,"5,103 mi",49,$0.0711
MAA,TPE,"17,882",$441.28,"2,880 mi",49,$0.1532
COK,SFO,"17,860",$765.65,"8,651 mi",49,$0.0885
BLR,BCN,"17,847",$616.17,"5,023 mi",49,$0.1227
KHI,LGW,"17,845",$342.69,"4,045 mi",49,$0.0847
DEL,DYU,"17,832",$242.83,812 mi,49,$0.2991
DAC,PKX,"17,824",$160.37,"1,806 mi",49,$0.0888
DEL,YHZ,"17,818",$462.21,"6,584 mi",49,$0.0702
TRV,MAN,"17,778",$268.65,"5,144 mi",49,$0.0522
CMB,IST,"17,741",$334.91,"4,028 mi",49,$0.0831
DAC,VCE,"17,724",$351.60,"4,362 mi",49,$0.0806
BLR,FCO,"17,689",$340.16,"4,486 mi",48,$0.0758
DEL,CHC,"17,687",$672.34,"7,567 mi",48,$0.0889
DEL,BLQ,"17,604",$367.89,"3,600 mi",48,$0.1022
DEL,MCO,"17,582",$856.34,"8,001 mi",48,$0.1070
KTM,DPS,"17,564",$300.90,"3,307 mi",48,$0.0910
KTM,AMS,"17,528",$355.19,"4,473 mi",48,$0.0794
DAC,DTW,"17,494",$463.74,"7,619 mi",48,$0.0609
HYD,PHX,"17,480",$687.87,"9,135 mi",48,$0.0753
MLE,FND,"17,466",$30.26,141 mi,48,$0.2146
HYD,MLE,"17,439",$52.85,989 mi,48,$0.0534
BOM,TPE,"17,429",$430.15,"3,015 mi",48,$0.1427
MAA,UDR,"17,404",$66.23,875 mi,48,$0.0757
DEL,DAR,"17,393",$316.77,"3,621 mi",48,$0.0875
GOI,BDQ,"17,390",$60.87,468 mi,48,$0.1301
CMB,CKG,"17,388",$164.69,"2,263 mi",48,$0.0728
KTM,PEN,"17,374",$201.80,"1,777 mi",48,$0.1136
CCU,CDG,"17,329",$304.71,"4,724 mi",47,$0.0645
LHE,GIZ,"17,320",$209.15,"2,300 mi",47,$0.0909
SKT,MAN,"17,282",$442.52,"3,805 mi",47,$0.1163
DEL,OSL,"17,282",$351.81,"3,597 mi",47,$0.0978
GOI,GAU,"17,271",$138.62,"1,404 mi",47,$0.0987
IXC,GAU,"17,205",$126.21,923 mi,47,$0.1367
MAA,CGK,"17,182",$502.77,"2,314 mi",47,$0.2173
MAA,LGW,"17,164",$418.77,"5,259 mi",47,$0.0796
MAA,LAX,"17,144","$1,044.57","8,702 mi",47,$0.1200
ATQ,MAA,"17,126",$78.56,"1,297 mi",47,$0.0606
MLE,SYD,"17,123",$581.36,"5,507 mi",47,$0.1056
KTM,LCA,"17,104",$317.67,"3,153 mi",47,$0.1008
MLE,KWI,"17,084",$341.75,"2,334 mi",47,$0.1464
MLE,HND,"17,077",$533.83,"4,579 mi",47,$0.1166
CMB,KIX,"17,077",$416.78,"3,860 mi",47,$0.1080
COK,ZRH,"17,008",$325.07,"4,812 mi",47,$0.0676
DEL,RGN,"16,996",$193.35,"1,408 mi",47,$0.1373
BOM,HAM,"16,993",$637.09,"4,181 mi",47,$0.1524
CMB,HEL,"16,992",$418.90,"4,489 mi",47,$0.0933
LHE,TAS,"16,991",$112.22,708 mi,47,$0.1585
MLE,RUL,"16,988",$36.96,274 mi,47,$0.1349
BLR,KIX,"16,974",$477.18,"3,981 mi",47,$0.1199
ZYL,AUH,"16,970",$247.36,"2,259 mi",46,$0.1095
BLR,RKT,"16,955",$116.88,"1,604 mi",46,$0.0729
BOM,BUD,"16,941",$498.26,"3,677 mi",46,$0.1355
DEL,LIN,"16,925",$413.65,"3,915 mi",46,$0.1057
MLE,BRU,"16,900",$406.84,"4,935 mi",46,$0.0824
DAC,CGK,"16,896",$368.19,"2,413 mi",46,$0.1526
ISB,FRA,"16,852",$308.41,"3,487 mi",46,$0.0884
MLE,JED,"16,828",$376.45,"2,522 mi",46,$0.1493
MAA,DPS,"16,823",$242.09,"2,917 mi",46,$0.0830
BLR,BER,"16,791",$532.93,"4,550 mi",46,$0.1171
MAA,HSR,"16,788",$51.31,857 mi,46,$0.0599
MLE,STN,"16,785","$1,715.03","5,439 mi",46,$0.3153
BLR,MED,"16,785",$153.53,"2,517 mi",46,$0.0610
JAI,RUH,"16,748",$139.74,"1,864 mi",46,$0.0750
HYD,MNL,"16,712",$518.70,"2,746 mi",46,$0.1889
LHE,BLQ,"16,705",$207.87,"3,357 mi",46,$0.0619
DEL,CLT,"16,553",$920.72,"8,037 mi",45,$0.1146
LHE,MAD,"16,476",$341.24,"4,133 mi",45,$0.0826
CNN,BAH,"16,448",$214.36,"1,842 mi",45,$0.1164
BOM,HEL,"16,411",$433.16,"3,571 mi",45,$0.1213
CMB,OSL,"16,401",$372.13,"4,914 mi",45,$0.0757
DEL,ADD,"16,389",$279.79,"2,744 mi",45,$0.1020
IXE,KWI,"16,361",$168.70,"2,121 mi",45,$0.0795
DEL,AUS,"16,328",$911.33,"8,613 mi",45,$0.1058
HYD,SXV,"16,304",$37.85,366 mi,45,$0.1034
COK,IXR,"16,303",$103.22,"1,051 mi",45,$0.0982
COK,ADL,"16,294",$474.59,"4,957 mi",45,$0.0957
ISB,PEK,"16,268",$512.61,"2,364 mi",45,$0.2168
LHE,AMS,"16,256",$332.99,"3,806 mi",45,$0.0875
CMB,OTP,"16,246",$355.14,"3,997 mi",45,$0.0889
MAA,SEA,"16,230",$987.53,"8,277 mi",44,$0.1193
BOM,AMM,"16,225",$167.74,"2,520 mi",44,$0.0666
DEL,NCE,"16,148",$562.06,"3,801 mi",44,$0.1479
LKO,KWI,"16,086",$113.80,"1,949 mi",44,$0.0584
CCU,TRZ,"16,070",$86.27,"1,074 mi",44,$0.0803
BOM,CLT,"16,033",$891.03,"8,559 mi",44,$0.1041
BOM,EDI,"16,022",$491.73,"4,741 mi",44,$0.1037
ATQ,DOH,"16,012",$147.73,"1,429 mi",44,$0.1034
BLR,MAD,"16,003",$704.06,"5,329 mi",44,$0.1321
DAC,DME,"15,982",$939.26,"3,320 mi",44,$0.2829
BLR,DTW,"15,978",$774.21,"8,676 mi",44,$0.0892
BOM,ADL,"15,973",$662.05,"5,523 mi",44,$0.1199
KTM,PER,"15,938",$383.14,"4,724 mi",44,$0.0811
ISB,MEL,"15,931",$568.74,"6,954 mi",44,$0.0818
MAA,KIX,"15,909",$558.40,"3,621 mi",44,$0.1542
MLE,ALA,"15,876",$508.16,"2,633 mi",43,$0.1930
LHE,ORD,"15,862",$641.50,"7,452 mi",43,$0.0861
MAA,EWR,"15,802",$838.55,"8,631 mi",43,$0.0972
BLR,ARN,"15,792",$609.75,"4,262 mi",43,$0.1431
CCU,SFO,"15,772","$1,026.93","8,049 mi",43,$0.1276
CCU,IXJ,"15,740",$100.40,"1,114 mi",43,$0.0901
IXE,PNQ,"15,704",$62.06,406 mi,43,$0.1529
KTM,SFO,"15,680",$587.29,"7,352 mi",43,$0.0799
CMB,JFK,"15,677",$775.87,"8,470 mi",43,$0.0916
KTM,CPH,"15,676",$360.76,"4,117 mi",43,$0.0876
MLE,CKG,"15,634",$251.81,"2,706 mi",43,$0.0931
LYP,MED,"15,631",$213.60,"2,015 mi",43,$0.1060
ISB,CPH,"15,628",$240.99,"3,107 mi",43,$0.0776
MAA,IXD,"15,607",$94.69,840 mi,43,$0.1127
HYD,IMF,"15,560",$115.65,"1,158 mi",43,$0.0999
MLE,HRF,"15,541",$35.42,203 mi,43,$0.1745
ATQ,IDR,"15,540",$50.50,643 mi,43,$0.0785
HYD,ICN,"15,534",$495.87,"3,122 mi",43,$0.1588
DAC,KIX,"15,531",$370.95,"2,697 mi",43,$0.1375
MAA,IAH,"15,519","$1,068.04","9,736 mi",43,$0.1097
CMB,LED,"15,472",$234.18,"4,587 mi",42,$0.0511
DEL,DEN,"15,439",$996.04,"7,938 mi",42,$0.1255
CMB,XNB,"15,429",$73.73,"1,972 mi",42,$0.0374
DAC,KHI,"15,404",$441.02,"1,506 mi",42,$0.2928
MLE,VCE,"15,370",$409.94,"4,775 mi",42,$0.0859
BLR,IST,"15,347",$394.71,"3,620 mi",42,$0.1090
ATQ,FCO,"15,335",$335.51,"3,559 mi",42,$0.0943
KTM,ADL,"15,326",$511.36,"5,713 mi",42,$0.0895
MLE,KIX,"15,324",$450.66,"4,588 mi",42,$0.0982
MAA,MXP,"15,290",$570.46,"4,545 mi",42,$0.1255
DEL,PEK,"15,262",$446.55,"2,296 mi",42,$0.1945
CMB,LYS,"15,262",$305.27,"4,978 mi",42,$0.0613
DEL,JRH,"15,248",$108.55,"1,084 mi",42,$0.1001
AMD,CAN,"15,212",$236.10,"2,650 mi",42,$0.0891
BOM,DMU,"15,200",$185.94,"1,371 mi",42,$0.1356
MLE,ARN,"15,194",$627.36,"4,668 mi",42,$0.1344
AMD,BOS,"15,174",$608.70,"7,576 mi",42,$0.0803
LHE,AHB,"15,162",$197.86,"2,115 mi",42,$0.0936
BOM,PTY,"15,137",$575.90,"10,016 mi",41,$0.0575
CCU,BHO,"15,130",$78.46,687 mi,41,$0.1142
BLR,BRU,"15,128",$630.17,"4,640 mi",41,$0.1358
MLE,VKO,"15,115",$507.73,"4,200 mi",41,$0.1209
ISB,BRU,"15,103",$285.44,"3,449 mi",41,$0.0828
ATQ,COK,"15,097",$100.19,"1,448 mi",41,$0.0692
CMB,ARN,"15,086",$374.16,"4,975 mi",41,$0.0752
DAC,DFW,"15,079",$921.88,"8,741 mi",41,$0.1055
AMD,DBR,"15,058",$49.79,835 mi,41,$0.0596
PEW,DMM,"15,046",$194.00,"1,435 mi",41,$0.1352
CMB,BHX,"15,022",$514.69,"5,309 mi",41,$0.0969
HYD,KTM,"14,998",$95.75,822 mi,41,$0.1165
CCU,TRV,"14,985",$92.55,"1,279 mi",41,$0.0724
ISB,EDI,"14,964",$305.75,"3,706 mi",41,$0.0825
MAA,SGN,"14,961",$272.26,"1,849 mi",41,$0.1472
COK,BHX,"14,946",$411.43,"5,010 mi",41,$0.0821
BOM,RDU,"14,906",$806.16,"8,456 mi",41,$0.0953
DEL,SHL,"14,875",$71.98,907 mi,41,$0.0794
CMB,GVA,"14,847",$428.30,"5,239 mi",41,$0.0818
HYD,GWL,"14,842",$116.42,645 mi,41,$0.1805
ATQ,FRA,"14,797",$274.59,"3,448 mi",41,$0.0796
ISB,SFO,"14,674",$603.82,"7,646 mi",40,$0.0790
CMB,LCA,"14,649",$243.74,"3,604 mi",40,$0.0676
IXC,LHR,"14,625",$321.87,"4,188 mi",40,$0.0769
DAC,BHH,"14,618",$269.60,"2,968 mi",40,$0.0908
HYD,NBO,"14,615",$226.39,"3,009 mi",40,$0.0752
AMD,DOH,"14,608",$108.81,"1,293 mi",40,$0.0842
DAC,DPS,"14,597",$270.05,"2,720 mi",40,$0.0993
HYD,NRT,"14,580",$565.96,"3,853 mi",40,$0.1469
BLR,AKL,"14,577",$827.29,"6,936 mi",40,$0.1193
HYD,DTW,"14,567",$612.59,"7,923 mi",40,$0.0773
LHE,BRU,"14,529",$297.03,"3,606 mi",40,$0.0824
DEL,MEX,"14,476",$877.84,"8,837 mi",40,$0.0993
BOM,YYC,"14,435",$543.43,"7,341 mi",40,$0.0740
VTZ,RPR,"14,362",$24.01,250 mi,39,$0.0960
BOM,OSL,"14,348",$463.40,"3,994 mi",39,$0.1160
SKT,DOH,"14,332",$145.73,"1,505 mi",39,$0.0968
DAC,LAX,"14,292",$871.09,"7,777 mi",39,$0.1120
ISB,SYD,"14,272",$661.49,"6,683 mi",39,$0.0990
SKT,RUH,"14,265",$166.16,"1,802 mi",39,$0.0922
DEL,GLA,"14,258",$466.54,"4,160 mi",39,$0.1121
COK,BNE,"14,258",$491.74,"5,915 mi",39,$0.0831
PEW,LHR,"14,229",$296.35,"3,796 mi",39,$0.0781
COK,MXP,"14,192",$261.84,"4,782 mi",39,$0.0548
LHE,SFO,"14,187",$604.44,"7,312 mi",39,$0.0827
KHI,BGW,"14,174",$269.36,"1,541 mi",39,$0.1748
MAA,CAN,"14,156",$285.19,"2,351 mi",39,$0.1213
JAI,JDH,"14,155",$5.19,170 mi,39,$0.0305
DEL,ZAG,"14,151",$252.03,"3,576 mi",39,$0.0705
BOM,PHX,"14,143",$683.20,"8,529 mi",39,$0.0801
KTM,VNS,"14,101",$61.58,212 mi,39,$0.2905
CCU,SAG,"14,072",$144.77,957 mi,39,$0.1513
ISB,GIL,"14,067",$79.55,191 mi,39,$0.4165
MAA,CPH,"14,063",$382.99,"4,745 mi",39,$0.0807
DEL,NGO,"14,049",$735.90,"3,590 mi",38,$0.2050
HYD,RDU,"14,047",$673.01,"8,730 mi",38,$0.0771
DEL,AGP,"14,030",$371.41,"4,778 mi",38,$0.0777
CCU,BDQ,"14,024",$68.25,"1,000 mi",38,$0.0683
KHI,MEL,"14,004",$554.26,"6,830 mi",38,$0.0812
CMB,SEZ,"13,993",$357.39,"1,813 mi",38,$0.1971
KTM,TPE,"13,967",$292.98,"2,287 mi",38,$0.1281
BOM,NCE,"13,960",$639.49,"3,987 mi",38,$0.1604
COK,IAD,"13,959",$481.04,"8,390 mi",38,$0.0573
BLR,CLT,"13,957","$1,394.49","8,547 mi",38,$0.1632
DAC,FRA,"13,916",$457.68,"4,479 mi",38,$0.1022
AMD,GOP,"13,913",$41.92,745 mi,38,$0.0563
LHE,DUS,"13,898",$336.09,"3,726 mi",38,$0.0902
GOI,VNS,"13,892",$79.27,935 mi,38,$0.0848
BOM,AUS,"13,866",$650.65,"8,705 mi",38,$0.0747
BLR,NDC,"13,864",$67.00,402 mi,38,$0.1667
VTZ,DMK,"13,851",$98.32,"1,220 mi",38,$0.0806
AMD,AKL,"13,850",$746.52,"8,041 mi",38,$0.0928
BOM,TNR,"13,849",$170.28,"3,039 mi",38,$0.0560
SKT,MED,"13,835",$215.35,"2,229 mi",38,$0.0966
BOM,HGH,"13,832",$326.39,"2,969 mi",38,$0.1099
CCU,RGN,"13,824",$93.92,657 mi,38,$0.1430
SKT,LHR,"13,809",$413.42,"3,990 mi",38,$0.1036
AMD,CMB,"13,780",$90.09,"1,163 mi",38,$0.0775
ISB,MAD,"13,750",$268.80,"3,986 mi",38,$0.0674
BOM,MBA,"13,735",$207.01,"2,686 mi",38,$0.0771
MLE,OTP,"13,722",$528.16,"3,878 mi",38,$0.1362
MLE,GYD,"13,711",$339.51,"2,814 mi",38,$0.1207
DAC,PVG,"13,694",$247.77,"2,041 mi",38,$0.1214
CCU,FRA,"13,688",$312.32,"4,454 mi",38,$0.0701
CMB,BAH,"13,678",$163.58,"2,261 mi",37,$0.0723
LHE,ICN,"13,656",$376.19,"3,044 mi",37,$0.1236
BOM,YUL,"13,643",$556.31,"7,283 mi",37,$0.0764
BLR,GBI,"13,640",$87.74,279 mi,37,$0.3145
MAA,DUB,"13,637",$515.27,"5,193 mi",37,$0.0992
DAC,PNH,"13,628",$283.11,"1,311 mi",37,$0.2159
AMD,DMU,"13,621",$145.39,"1,302 mi",37,$0.1117
ATQ,GOI,"13,591",$86.83,"1,096 mi",37,$0.0792
LHE,NRT,"13,581",$400.18,"3,846 mi",37,$0.1041
MAA,JDH,"13,570",$69.81,995 mi,37,$0.0702
DAC,BZL,"13,564",$24.13,74 mi,37,$0.3261
KHI,SYD,"13,563",$623.31,"7,046 mi",37,$0.0885
MLE,BLQ,"13,543",$409.48,"4,804 mi",37,$0.0852
DEL,RDU,"13,535",$798.82,"7,485 mi",37,$0.1067
DEL,VLC,"13,530",$269.58,"4,240 mi",37,$0.0636
KTM,MCT,"13,527",$199.94,"1,758 mi",37,$0.1137
ISB,DUB,"13,525",$357.62,"3,852 mi",37,$0.0928
MAA,CAI,"13,510",$316.28,"3,421 mi",37,$0.0925
KHI,PVG,"13,493",$466.87,"3,228 mi",37,$0.1446
BLR,CAI,"13,477",$306.60,"3,074 mi",37,$0.0997
BLR,PHX,"13,468","$1,051.44","8,876 mi",37,$0.1185
MUX,DOH,"13,461",$168.92,"1,294 mi",37,$0.1305
JAI,LHR,"13,453",$328.65,"4,340 mi",37,$0.0757
CGP,RUH,"13,451",$257.28,"2,934 mi",37,$0.0877
KHI,FRA,"13,433",$352.65,"3,644 mi",37,$0.0968
AMD,IXA,"13,417",$118.67,"1,145 mi",37,$0.1036
CCU,HKG,"13,415",$155.22,"1,575 mi",37,$0.0986
CMB,TRV,"13,378",$74.22,215 mi,37,$0.3452
ISB,OSL,"13,376",$307.10,"3,183 mi",37,$0.0965
AMD,PVG,"13,352",$454.12,"2,958 mi",37,$0.1535
CCU,IXL,"13,317",$80.87,"1,001 mi",36,$0.0808
DEL,NQZ,"13,315",$216.03,"1,626 mi",36,$0.1329
CJB,VTZ,"13,311",$76.20,601 mi,36,$0.1268
BLR,DAD,"13,305",$208.50,"2,107 mi",36,$0.0990
KHI,SKZ,"13,287",$85.14,212 mi,36,$0.4016
DEL,MSQ,"13,268",$403.01,"3,095 mi",36,$0.1302
GOI,SXR,"13,260",$120.56,"1,326 mi",36,$0.0909
UET,JED,"13,251",$210.50,"1,874 mi",36,$0.1123
BLR,JSA,"13,242",$107.64,"1,013 mi",36,$0.1063
CCU,JDH,"13,215",$86.25,"1,029 mi",36,$0.0838
HYD,HND,"13,179",$785.66,"4,055 mi",36,$0.1938
KHI,GYD,"13,176",$226.50,"1,504 mi",36,$0.1506
KHI,BHX,"13,159",$299.69,"3,874 mi",36,$0.0774
COK,IDR,"13,153",$99.61,843 mi,36,$0.1182
DEL,LAS,"13,152",$906.54,"7,662 mi",36,$0.1183
CCU,YYZ,"13,131",$674.71,"8,025 mi",36,$0.0841
COK,TLV,"13,108",$535.16,"3,136 mi",36,$0.1707
AMD,CDG,"13,035",$332.07,"4,263 mi",36,$0.0779
AMD,FRA,"13,022",$349.39,"3,755 mi",36,$0.0930
HYD,PVG,"13,013",$525.51,"2,790 mi",36,$0.1884
DAC,ATL,"13,001",$554.59,"8,704 mi",36,$0.0637
BOM,CMN,"12,999",$515.77,"4,818 mi",36,$0.1071
CMB,VCE,"12,984",$322.23,"4,639 mi",36,$0.0695
ZYL,RUH,"12,966",$276.55,"2,731 mi",36,$0.1013
DEL,AHB,"12,964",$174.60,"2,219 mi",36,$0.0787
DAC,PEK,"12,957",$209.52,"1,832 mi",35,$0.1144
JAI,DMM,"12,957",$132.08,"1,556 mi",35,$0.0849
VTZ,KUL,"12,948",$147.11,"1,576 mi",35,$0.0933
DEL,GRU,"12,898","$1,187.31","8,678 mi",35,$0.1368
ISB,AMS,"12,883",$326.88,"3,426 mi",35,$0.0954
CCU,SYD,"12,874",$611.46,"5,849 mi",35,$0.1045
LHE,TUU,"12,850",$204.25,"2,194 mi",35,$0.0931
KTM,CKG,"12,848",$110.02,"1,334 mi",35,$0.0825
MLE,NCE,"12,833",$773.31,"4,989 mi",35,$0.1550
LHE,SIN,"12,800",$376.93,"2,755 mi",35,$0.1368
MLE,SOF,"12,800",$442.17,"3,934 mi",35,$0.1124
DEL,LED,"12,761",$351.77,"2,970 mi",35,$0.1184
PEW,MED,"12,754",$193.50,"1,955 mi",35,$0.0990
BLR,LGW,"12,739",$553.03,"5,138 mi",35,$0.1076
DEL,LGK,"12,736",$182.81,"2,196 mi",35,$0.0832
JAI,JSA,"12,727",$27.05,314 mi,35,$0.0861
DAC,BCN,"12,719",$524.05,"4,914 mi",35,$0.1066
HYD,LGW,"12,702",$345.86,"4,951 mi",35,$0.0699
CMB,IXM,"12,699",$79.54,227 mi,35,$0.3504
MAA,BWN,"12,696",$274.08,"2,506 mi",35,$0.1094
DEL,PUS,"12,620",$501.28,"2,951 mi",35,$0.1699
AMD,LAX,"12,592","$1,072.29","8,177 mi",34,$0.1311
DAC,ABT,"12,517",$231.15,"3,023 mi",34,$0.0765
IXC,SIN,"12,517",$112.06,"2,615 mi",34,$0.0429
JAI,IXD,"12,493",$38.56,369 mi,34,$0.1045
BOM,ADD,"12,473",$291.91,"2,454 mi",34,$0.1190
CMB,CAI,"12,462",$269.78,"3,617 mi",34,$0.0746
LHE,CGK,"12,442",$323.02,"3,258 mi",34,$0.0991
BLR,XNB,"12,410",$82.96,"1,613 mi",34,$0.0514
COK,VTZ,"12,408",$78.08,716 mi,34,$0.1091
IXC,UDR,"12,369",$57.95,468 mi,34,$0.1238
BOM,TCR,"12,361",$107.43,771 mi,34,$0.1393
IXC,RPR,"12,360",$67.95,746 mi,34,$0.0911
LHE,CPH,"12,358",$297.59,"3,267 mi",34,$0.0911
AMD,CLT,"12,355",$544.25,"7,811 mi",34,$0.0697
AMD,KTM,"12,350",$98.79,881 mi,34,$0.1121
BLR,RDU,"12,315",$982.91,"8,453 mi",34,$0.1163
ISB,LIS,"12,312",$376.85,"4,561 mi",34,$0.0826
KTM,ZRH,"12,298",$425.08,"4,367 mi",34,$0.0973
MLE,DUB,"12,288",$609.26,"5,733 mi",34,$0.1063
GOX,KWI,"12,282",$58.00,"1,948 mi",34,$0.0298
CCU,AMS,"12,280",$400.10,"4,589 mi",34,$0.0872
DEL,BUP,"12,273",$32.64,190 mi,34,$0.1718
SKT,BAH,"12,264",$149.26,"1,444 mi",34,$0.1034
BLR,PRG,"12,234",$530.22,"4,220 mi",34,$0.1256
DEL,EBB,"12,204",$284.87,"3,651 mi",33,$0.0780
GOI,AGX,"12,197",$34.09,324 mi,33,$0.1052
COK,SXR,"12,182",$113.87,"1,700 mi",33,$0.0670
HYD,CAN,"12,169",$336.66,"2,224 mi",33,$0.1514
COK,DPS,"12,167",$203.11,"3,057 mi",33,$0.0664
GOI,IXR,"12,155",$114.78,899 mi,33,$0.1277
MAA,MUC,"12,130",$584.47,"4,424 mi",33,$0.1321
CMB,GAN,"12,113",$155.74,736 mi,33,$0.2116
LHE,VCE,"12,090",$172.20,"3,300 mi",33,$0.0522
BOM,TUU,"12,074",$167.22,"2,442 mi",33,$0.0685
CMB,NGO,"12,066",$324.88,"4,195 mi",33,$0.0774
JAI,DOH,"12,060",$112.35,"1,459 mi",33,$0.0770
BOM,HRE,"12,033",$200.24,"3,933 mi",33,$0.0509
MLE,MEL,"12,022",$683.16,"5,550 mi",33,$0.1231
BLR,VDY,"11,979",$33.74,159 mi,33,$0.2122
VGA,SAG,"11,974",$35.60,489 mi,33,$0.0728
DEL,HGH,"11,959",$397.72,"2,517 mi",33,$0.1580
AMD,HKG,"11,929",$208.98,"2,702 mi",33,$0.0773
LKO,BHO,"11,914",$32.76,317 mi,33,$0.1033
KTM,TLV,"11,900",$603.79,"3,102 mi",33,$0.1946
DEL,TCR,"11,874",$134.67,"1,413 mi",33,$0.0953
ISB,ORD,"11,827",$667.33,"7,289 mi",32,$0.0916
JAI,SIN,"11,824",$103.26,"2,489 mi",32,$0.0415
ZYL,MED,"11,823",$318.02,"3,349 mi",32,$0.0950
DEL,QYG,"11,772",$199.15,"3,501 mi",32,$0.0569
GOX,DXB,"11,764",$91.08,"1,405 mi",32,$0.0648
CJB,DXB,"11,746",$141.94,"1,777 mi",32,$0.0799
AMD,MAN,"11,734",$334.44,"4,467 mi",32,$0.0749
BLR,STR,"11,710",$905.64,"4,695 mi",32,$0.1929
COK,YEG,"11,706",$554.69,"7,772 mi",32,$0.0714
LKO,ELQ,"11,705",$224.33,"2,217 mi",32,$0.1012
ATQ,GAU,"11,677",$87.75,"1,052 mi",32,$0.0834
CMB,HND,"11,665",$350.03,"4,120 mi",32,$0.0850
DAC,PBH,"11,654",$156.98,261 mi,32,$0.6015
GOI,VKO,"11,649",$158.14,"3,486 mi",32,$0.0454
CMB,MED,"11,646",$265.37,"2,825 mi",32,$0.0939
COK,AMS,"11,638",$363.49,"4,744 mi",32,$0.0766
BLR,YVR,"11,633",$752.65,"7,703 mi",32,$0.0977
CCU,MEL,"11,630",$573.83,"5,380 mi",32,$0.1067
AMD,YYC,"11,612",$549.64,"7,513 mi",32,$0.0732
DAC,AMS,"11,609",$682.89,"4,608 mi",32,$0.1482
BOM,GRU,"11,604","$1,180.45","8,291 mi",32,$0.1424
KTM,MAN,"11,601",$475.88,"4,474 mi",32,$0.1064
DAC,CPH,"11,569",$460.24,"4,268 mi",32,$0.1078
CCJ,CCU,"11,566",$82.38,"1,111 mi",32,$0.0741
KHI,ELQ,"11,530",$100.02,"1,502 mi",32,$0.0666
DEL,EVN,"11,510",$516.88,"1,955 mi",32,$0.2644
HYD,MXP,"11,510",$446.72,"4,268 mi",32,$0.1047
KTM,MAA,"11,509",$120.37,"1,101 mi",32,$0.1093
HYD,MCO,"11,482",$980.68,"8,733 mi",31,$0.1123
COK,MLA,"11,475",$433.14,"4,369 mi",31,$0.0991
ISB,GIZ,"11,470",$222.91,"2,133 mi",31,$0.1045
HYD,MUC,"11,431",$500.48,"4,396 mi",31,$0.1138
ISB,ATH,"11,420",$221.47,"2,809 mi",31,$0.0788
BLR,GOT,"11,405",$625.58,"4,412 mi",31,$0.1418
HYD,AKL,"11,405",$847.90,"7,489 mi",31,$0.1132
MLE,PER,"11,392",$442.59,"3,628 mi",31,$0.1220
BLR,PER,"11,373",$770.75,"3,896 mi",31,$0.1978
DAC,MAD,"11,363",$517.68,"5,524 mi",31,$0.0937
CCU,CGP,"11,333",$99.78,224 mi,31,$0.4454
CMB,PEK,"11,320",$232.50,"3,112 mi",31,$0.0747
CMB,DME,"11,315",$308.09,"3,925 mi",31,$0.0785
DAC,NKG,"11,309",$127.81,"1,762 mi",31,$0.0725
CCU,CMB,"11,259",$90.37,"1,175 mi",31,$0.0769
CCU,MLE,"11,243",$81.90,"1,570 mi",31,$0.0522
CMB,SGN,"11,236",$314.28,"1,898 mi",31,$0.1656
BLR,MCO,"11,233","$1,041.97","8,959 mi",31,$0.1163
BOM,GLA,"11,224",$848.09,"4,783 mi",31,$0.1773
BLR,NBO,"11,180",$379.29,"3,057 mi",31,$0.1241
MAA,GOP,"11,148",$83.46,944 mi,31,$0.0884
ATQ,ADL,"11,135",$375.70,"6,374 mi",31,$0.0589
BLR,DMU,"11,134",$117.74,"1,403 mi",31,$0.0839
BLR,PEN,"11,099",$335.77,"1,583 mi",30,$0.2121
TRV,YYZ,"11,089",$591.26,"8,288 mi",30,$0.0713
BLR,NCE,"11,087",$765.25,"4,759 mi",30,$0.1608
MAA,XNB,"11,085",$85.74,"1,865 mi",30,$0.0460
BOM,PEK,"11,071",$497.93,"3,049 mi",30,$0.1633
VTZ,DXB,"11,070",$155.82,"1,917 mi",30,$0.0813
VTZ,KJB,"11,066",$35.83,351 mi,30,$0.1021
LKO,NAG,"11,050",$38.04,397 mi,30,$0.0958
MLE,KMG,"11,042",$298.95,"2,501 mi",30,$0.1195
COK,PER,"11,029",$384.24,"4,026 mi",30,$0.0954
BOM,TPA,"11,028",$638.13,"8,528 mi",30,$0.0748
BOM,ABJ,"11,027",$445.61,"5,081 mi",30,$0.0877
COK,VIE,"11,026",$261.07,"4,189 mi",30,$0.0623
NAG,KQH,"11,014",$43.76,451 mi,30,$0.0970
DAC,BHX,"11,013",$792.77,"4,863 mi",30,$0.1630
DAC,AQI,"11,008",$246.77,"2,832 mi",30,$0.0871
KHI,SFO,"10,971",$748.51,"7,830 mi",30,$0.0956
LHE,DFW,"10,941",$634.25,"8,190 mi",30,$0.0774
LHE,HKG,"10,934",$327.39,"2,576 mi",30,$0.1271
JAI,PAT,"10,931",$57.91,598 mi,30,$0.0968
ATQ,PER,"10,922",$332.39,"5,310 mi",30,$0.0626
MLE,BGY,"10,896",$236.47,"4,619 mi",30,$0.0512
LHE,PER,"10,873",$494.38,"5,313 mi",30,$0.0931
AMD,DFW,"10,873",$674.25,"8,254 mi",30,$0.0817
KHI,MHD,"10,865",$168.74,874 mi,30,$0.1931
LHE,LIS,"10,833",$430.32,"4,443 mi",30,$0.0969
GOX,IXC,"10,833",$89.02,"1,018 mi",30,$0.0874
TRV,FRA,"10,800",$244.92,"4,957 mi",30,$0.0494
CCU,VGA,"10,794",$77.27,673 mi,30,$0.1148
DAC,PER,"10,794",$409.12,"4,082 mi",30,$0.1002
AMD,HND,"10,785",$797.15,"3,938 mi",30,$0.2024
LHE,PVG,"10,770",$383.39,"2,858 mi",30,$0.1341
MAA,HAN,"10,761",$299.49,"1,729 mi",29,$0.1732
CMB,LHE,"10,759",$337.53,"1,771 mi",29,$0.1906
DEL,NCL,"10,741",$445.17,"4,318 mi",29,$0.1031
GOX,BBI,"10,718",$105.24,870 mi,29,$0.1210
KTM,MNL,"10,716",$320.50,"2,535 mi",29,$0.1264
ISB,URC,"10,685",$416.53,"1,095 mi",29,$0.3804
CJB,JAI,"10,653",$85.44,"1,061 mi",29,$0.0805
GOI,KWI,"10,653",$119.57,"1,960 mi",29,$0.0610
CCU,KWI,"10,646",$136.17,"2,619 mi",29,$0.0520
DEL,RKT,"10,641",$98.18,"1,355 mi",29,$0.0725
AMD,IXZ,"10,638",$132.97,"1,586 mi",29,$0.0838
KTM,BRU,"10,602",$418.38,"4,243 mi",29,$0.0986
MAA,CLT,"10,596",$697.04,"9,151 mi",29,$0.0762
CMB,TPE,"10,564",$325.49,"2,903 mi",29,$0.1121
BLR,NGO,"10,558",$787.96,"4,075 mi",29,$0.1934
COK,YYC,"10,550",$578.92,"7,912 mi",29,$0.0732
PEW,TUU,"10,545",$194.32,"2,026 mi",29,$0.0959
DEL,YQR,"10,533",$478.25,"6,768 mi",29,$0.0707
CJB,IXC,"10,520",$106.38,"1,398 mi",29,$0.0761
BOM,LAD,"10,512",$691.93,"4,630 mi",29,$0.1494
DEL,BEG,"10,500",$277.97,"3,366 mi",29,$0.0826
BLR,JNB,"10,496",$609.28,"4,163 mi",29,$0.1464
BLR,BNE,"10,496",$758.92,"5,944 mi",29,$0.1277
MAA,AUS,"10,494",$781.33,"9,166 mi",29,$0.0852
JAI,VTZ,"10,470",$92.55,811 mi,29,$0.1141
AMD,YWG,"10,460",$603.38,"7,576 mi",29,$0.0796
KHI,LAX,"10,445",$837.82,"8,103 mi",29,$0.1034
CCU,NRT,"10,436",$439.91,"3,318 mi",29,$0.1326
CCU,LGW,"10,434",$487.05,"5,104 mi",29,$0.0954
AMD,MCT,"10,431",$122.62,884 mi,29,$0.1387
DEL,MSP,"10,402",$930.35,"7,105 mi",28,$0.1309
BOM,VCE,"10,400",$549.63,"3,753 mi",28,$0.1465
VTZ,IDR,"10,356",$75.05,574 mi,28,$0.1307
BOM,AGP,"10,327",$500.33,"4,899 mi",28,$0.1021
COK,MUC,"10,325",$346.21,"4,673 mi",28,$0.0741
ATQ,PAT,"10,318",$58.68,776 mi,28,$0.0756
LKO,VNS,"10,297",$6.82,157 mi,28,$0.0434
CCU,ZRH,"10,261",$382.30,"4,757 mi",28,$0.0804
DEL,VKO,"10,260",$186.69,"2,623 mi",28,$0.0712
BOM,NLA,"10,240",$204.52,"3,856 mi",28,$0.0530
KHI,ATL,"10,234",$543.01,"8,221 mi",28,$0.0661
LHE,IAH,"10,231",$662.52,"7,890 mi",28,$0.0840
CJB,GAU,"10,222",$136.02,"1,367 mi",28,$0.0995
LHE,ELQ,"10,207",$149.39,"1,937 mi",28,$0.0771
SKT,BCN,"10,201",$248.39,"4,042 mi",28,$0.0615
BOM,PHL,"10,190",$956.56,"7,638 mi",28,$0.1252
MLE,XIY,"10,185",$276.05,"2,983 mi",28,$0.0925
KHI,PEK,"10,177",$584.65,"2,931 mi",28,$0.1995
CMB,LAX,"10,171",$981.15,"9,072 mi",28,$0.1082
BLR,HAM,"10,155",$750.74,"4,714 mi",28,$0.1593
BLR,GVA,"10,126",$747.14,"4,545 mi",28,$0.1644
GOX,SSE,"10,118",$27.42,196 mi,28,$0.1399
CMB,YUL,"10,118",$539.88,"8,196 mi",28,$0.0659
DEL,ABV,"10,110",$461.08,"4,843 mi",28,$0.0952
MAA,BRU,"10,098",$497.57,"4,755 mi",28,$0.1046
LKO,MED,"10,084",$219.21,"2,481 mi",28,$0.0884
ATQ,JFK,"10,065",$568.44,"6,838 mi",28,$0.0831
BOM,LAS,"10,053",$801.87,"8,847 mi",28,$0.0906
BLR,MIA,"10,050","$1,227.41","9,081 mi",28,$0.1352
COK,CAN,"10,025",$228.46,"2,519 mi",27,$0.0907
BLR,LAS,"10,014","$1,012.90","8,662 mi",27,$0.1169
KTM,IST,"9,957",$307.13,"3,396 mi",27,$0.0904
MAA,IXL,"9,932",$112.87,"1,426 mi",27,$0.0792
NAG,LHR,"9,911",$273.78,"4,505 mi",27,$0.0608
DEL,USM,"9,910",$324.60,"1,926 mi",27,$0.1685
BLR,CAN,"9,907",$335.04,"2,504 mi",27,$0.1338
TRV,DUB,"9,904",$440.07,"5,304 mi",27,$0.0830
KTM,KMG,"9,886",$200.98,"1,134 mi",27,$0.1772
AMD,XNB,"9,886",$84.34,"1,051 mi",27,$0.0802
ATQ,YYC,"9,880",$583.81,"6,488 mi",27,$0.0900
MLE,EDI,"9,878","$1,186.48","5,637 mi",27,$0.2105
NAG,DXB,"9,856",$120.38,"1,483 mi",27,$0.0812
MAA,CDP,"9,855",$4.96,145 mi,27,$0.0342
DEL,FUK,"9,849",$478.94,"3,236 mi",27,$0.1480
CCU,KTM,"9,848",$137.17,386 mi,27,$0.3554
LHE,OSL,"9,827",$350.41,"3,551 mi",27,$0.0987
BLR,EDI,"9,814",$646.03,"4,967 mi",27,$0.1301
ATQ,BBI,"9,800",$79.11,"1,014 mi",27,$0.0780
KTM,PVG,"9,798",$181.52,"2,262 mi",27,$0.0802
JAI,BHO,"9,757",$29.62,254 mi,27,$0.1166
BOM,SVO,"9,742",$333.43,"3,233 mi",27,$0.1031
COK,STN,"9,742",$352.61,"5,230 mi",27,$0.0674
MAA,FCO,"9,723",$338.86,"4,626 mi",27,$0.0733
BLR,BHX,"9,716",$764.14,"4,903 mi",27,$0.1559
ISB,BLQ,"9,714",$177.27,"3,406 mi",27,$0.0520
LKO,TUU,"9,712",$247.84,"2,779 mi",27,$0.0892
MAA,IST,"9,702",$489.18,"3,756 mi",27,$0.1302
LHE,MUC,"9,701",$323.50,"3,309 mi",27,$0.0978
BLR,BUD,"9,686",$648.68,"4,210 mi",27,$0.1541
ZYL,CXB,"9,678",$67.26,250 mi,27,$0.2690
KTM,LGW,"9,664",$375.44,"4,704 mi",26,$0.0798
DEL,UBN,"9,661",$492.56,"2,125 mi",26,$0.2318
TRV,SYD,"9,659",$415.93,"5,491 mi",26,$0.0757
BOM,ELQ,"9,659",$94.93,"1,859 mi",26,$0.0511
KHI,DUB,"9,657",$385.53,"4,055 mi",26,$0.0951
BLR,TLS,"9,651",$906.76,"4,765 mi",26,$0.1903
GOX,AUH,"9,650",$112.53,"1,341 mi",26,$0.0839
CCU,SHJ,"9,625",$139.97,"2,144 mi",26,$0.0653
BOM,PFT,"9,621",$234.49,"2,538 mi",26,$0.0924
KTM,PKX,"9,616",$195.01,"2,010 mi",26,$0.0970
MAA,DTW,"9,611","$1,031.01","8,227 mi",26,$0.1253
BLR,DEN,"9,606","$1,393.06","9,030 mi",26,$0.1543
DEL,WLG,"9,595",$672.44,"8,101 mi",26,$0.0830
KHI,ECN,"9,594",$216.14,"2,187 mi",26,$0.0988
LKO,SIN,"9,590",$103.01,"2,260 mi",26,$0.0456
MAA,AKL,"9,589",$846.74,"6,797 mi",26,$0.1246
BLR,MSP,"9,576","$1,582.53","8,132 mi",26,$0.1946
TRV,MEL,"9,558",$386.87,"5,567 mi",26,$0.0695
LHE,JNB,"9,541",$582.90,"5,163 mi",26,$0.1129
KTM,ZAG,"9,540",$421.31,"4,023 mi",26,$0.1047
AMD,DMM,"9,536",$180.39,"1,406 mi",26,$0.1283
HYD,CGK,"9,526",$435.43,"2,588 mi",26,$0.1682
BOM,GAY,"9,522",$99.46,841 mi,26,$0.1183
CMB,AMM,"9,522",$238.91,"3,390 mi",26,$0.0705
CCU,ORD,"9,518",$699.40,"7,726 mi",26,$0.0905
MLE,JNB,"9,514",$600.46,"3,572 mi",26,$0.1681
CCU,TIR,"9,503",$110.41,828 mi,26,$0.1333
KHI,CAI,"9,503",$273.43,"2,277 mi",26,$0.1201
MAA,DIB,"9,500",$134.87,"1,343 mi",26,$0.1004
MAA,RDU,"9,483",$654.38,"8,527 mi",26,$0.0767
DEL,TPA,"9,457",$835.22,"8,055 mi",26,$0.1037
BOM,MEX,"9,455","$1,033.34","9,427 mi",26,$0.1096
AMD,IXL,"9,444",$78.70,795 mi,26,$0.0990
CCU,IAD,"9,429",$586.08,"8,327 mi",26,$0.0704
HYD,KIX,"9,402",$468.79,"3,787 mi",26,$0.1238
ZYL,KWI,"9,396",$222.29,"2,620 mi",26,$0.0848
KHI,HKT,"9,389",$337.28,"2,286 mi",26,$0.1475
BLR,QYG,"9,388",$132.20,"4,328 mi",26,$0.0305
KTM,VIE,"9,382",$297.23,"3,981 mi",26,$0.0747
LKO,LHR,"9,355",$376.32,"4,566 mi",26,$0.0824
PEW,MAN,"9,350",$396.66,"3,624 mi",26,$0.1095
MAA,IXJ,"9,345",$140.16,"1,444 mi",26,$0.0971
BLR,AGX,"9,330",$42.58,420 mi,26,$0.1014
MLE,GLA,"9,327","$1,340.38","5,678 mi",26,$0.2361
BLR,IXX,"9,301",$69.55,316 mi,25,$0.2201
VGA,CDP,"9,297",$12.28,188 mi,25,$0.0653
KTM,ORD,"9,289",$504.58,"7,375 mi",25,$0.0684
KTM,HAN,"9,284",$245.07,"1,400 mi",25,$0.1751
MAA,LOS,"9,284",$456.20,"5,078 mi",25,$0.0898
MUX,LHR,"9,272",$337.13,"3,976 mi",25,$0.0848
CMB,DPS,"9,271",$264.24,"2,587 mi",25,$0.1021
ISB,YYC,"9,264",$605.99,"6,769 mi",25,$0.0895
MAA,ADL,"9,260",$663.42,"4,900 mi",25,$0.1354
DEL,CMN,"9,251",$544.61,"4,737 mi",25,$0.1150
IXC,IXB,"9,248",$87.35,774 mi,25,$0.1129
HYD,BNE,"9,247",$514.62,"6,046 mi",25,$0.0851
MAA,PHX,"9,244",$723.52,"8,855 mi",25,$0.0817
GOI,DOH,"9,237",$103.75,"1,543 mi",25,$0.0672
LHE,DPS,"9,225",$421.11,"3,756 mi",25,$0.1121
CCU,FCO,"9,220",$365.02,"4,634 mi",25,$0.0788
JAI,RPR,"9,199",$63.31,556 mi,25,$0.1139
GOX,DOH,"9,198",$131.25,"1,534 mi",25,$0.0856
LKO,AHB,"9,197",$212.19,"2,575 mi",25,$0.0824
BLR,DUS,"9,196",$689.94,"4,829 mi",25,$0.1429
BLR,ADL,"9,178",$670.92,"5,028 mi",25,$0.1334
DAC,LGK,"9,160",$211.71,"1,318 mi",25,$0.1606
GOI,AUH,"9,121",$104.64,"1,434 mi",25,$0.0730
ISB,HGH,"9,107",$441.39,"2,695 mi",25,$0.1638
KHI,DPS,"9,106",$390.57,"3,861 mi",25,$0.1012
MAA,RKT,"9,091",$153.89,"1,746 mi",25,$0.0881
DAC,YUL,"9,087",$806.25,"7,318 mi",25,$0.1102
MAA,PER,"9,072",$724.69,"4,021 mi",25,$0.1802
BLR,LIS,"9,055",$694.61,"5,318 mi",25,$0.1306
TRV,BKK,"9,031",$93.53,"1,704 mi",25,$0.0549
CCU,IXM,"9,026",$103.75,"1,154 mi",25,$0.0899
DAC,DUS,"9,016",$528.13,"4,820 mi",25,$0.1096
CMB,YVR,"9,009",$651.72,"8,051 mi",25,$0.0809
BOM,DUR,"9,005",$433.46,"4,496 mi",25,$0.0964
KTM,DEN,"9,001",$610.18,"7,956 mi",25,$0.0767
CMB,IAD,"8,993",$928.09,"9,202 mi",25,$0.1009
UET,RUH,"8,971",$109.60,"1,251 mi",25,$0.0876
BLR,ATH,"8,949",$583.72,"3,588 mi",25,$0.1627
HYD,BCN,"8,937",$723.00,"4,598 mi",24,$0.1572
DAC,LCA,"8,917",$404.81,"3,353 mi",24,$0.1207
DEL,SAN,"8,902","$1,186.79","8,341 mi",24,$0.1423
AMD,VGA,"8,902",$70.32,676 mi,24,$0.1040
DAC,ARN,"8,900",$390.35,"4,074 mi",24,$0.0958
AMD,ZRH,"8,888",$400.29,"3,746 mi",24,$0.1069
DAC,HEL,"8,883",$492.64,"4,081 mi",24,$0.1207
BOM,MPM,"8,880",$408.24,"3,997 mi",24,$0.1021
DAC,RAE,"8,872",$243.09,"3,128 mi",24,$0.0777
BOM,HAJ,"8,871",$803.77,"3,935 mi",24,$0.2043
COK,NAG,"8,870",$65.57,799 mi,24,$0.0821
COK,HAN,"8,869",$172.94,"2,158 mi",24,$0.0801
BOM,PUS,"8,865",$501.56,"3,680 mi",24,$0.1363
HYD,IST,"8,863",$307.95,"3,467 mi",24,$0.0888
BOM,LED,"8,858",$513.79,"3,612 mi",24,$0.1422
CCU,MNL,"8,842",$430.08,"2,267 mi",24,$0.1897
HYD,PXN,"8,834",$115.56,850 mi,24,$0.1360
KHI,MXP,"8,823",$320.37,"3,400 mi",24,$0.0942
ISB,NRT,"8,813",$469.37,"3,876 mi",24,$0.1211
LHE,BOS,"8,810",$596.18,"6,673 mi",24,$0.0893
DAC,BRU,"8,806",$547.80,"4,925 mi",24,$0.1112
GOI,DMM,"8,805",$119.93,"1,777 mi",24,$0.0675
DEL,FLR,"8,798",$466.70,"3,833 mi",24,$0.1218
DEL,OVB,"8,788",$220.07,"1,793 mi",24,$0.1227
MLE,TMF,"8,784",$28.94,143 mi,24,$0.2024
MLE,ADL,"8,773",$616.57,"5,147 mi",24,$0.1198
DEL,PEN,"8,770",$267.05,"2,144 mi",24,$0.1246
BOM,IXS,"8,763",$125.70,"1,308 mi",24,$0.0961
AMD,ADL,"8,761",$464.92,"6,064 mi",24,$0.0767
CCU,MXP,"8,750",$345.86,"4,491 mi",24,$0.0770
KTM,MLA,"8,719",$350.91,"3,989 mi",24,$0.0880
AMD,AMS,"8,712",$386.60,"3,923 mi",24,$0.0985
MLE,JFK,"8,710","$1,295.85","8,974 mi",24,$0.1444
CMB,OVB,"8,702",$342.67,"3,407 mi",24,$0.1006
DAC,AJF,"8,697",$232.25,"3,012 mi",24,$0.0771
COK,AHB,"8,693",$220.83,"2,254 mi",24,$0.0980
LHE,YYC,"8,691",$631.55,"6,503 mi",24,$0.0971
DEL,VNO,"8,688",$281.09,"3,031 mi",24,$0.0927
ISB,ICN,"8,683",$396.15,"3,078 mi",24,$0.1287
MAA,MAD,"8,674",$529.00,"5,154 mi",24,$0.1026
KTM,BOS,"8,665",$510.35,"7,588 mi",24,$0.0673
KTM,BHX,"8,662",$447.54,"4,745 mi",24,$0.0943
HYD,CMH,"8,657",$816.15,"8,054 mi",24,$0.1013
LHE,ADL,"8,655",$418.69,"6,383 mi",24,$0.0656
KTM,LAX,"8,650",$613.89,"7,665 mi",24,$0.0801
MLE,NCL,"8,606",$531.05,"5,560 mi",24,$0.0955
CCU,HSR,"8,600",$89.99,"1,078 mi",24,$0.0835
COK,EDI,"8,596",$300.11,"5,086 mi",24,$0.0590
AMD,BNE,"8,584",$550.20,"6,205 mi",24,$0.0887
KHI,IKA,"8,583",$187.03,"1,162 mi",24,$0.1610
BOM,SLL,"8,578",$198.41,"1,204 mi",24,$0.1648
AMD,YEG,"8,577",$649.11,"6,932 mi",23,$0.0936
MAA,VIE,"8,574",$385.05,"4,211 mi",23,$0.0914
COK,FJR,"8,573",$106.91,"1,724 mi",23,$0.0620
LHE,ATL,"8,567",$577.16,"7,496 mi",23,$0.0770
BLR,WAW,"8,544",$783.61,"3,986 mi",23,$0.1966
KTM,MLE,"8,542",$268.35,"1,747 mi",23,$0.1536
GOI,VTZ,"8,542",$80.69,662 mi,23,$0.1219
JAI,HDO,"8,535",$9.85,155 mi,23,$0.0635
DAC,DUB,"8,523",$730.71,"5,016 mi",23,$0.1457
HYD,MSP,"8,521",$812.21,"8,356 mi",23,$0.0972
BOM,STR,"8,514",$554.83,"3,920 mi",23,$0.1415
MLE,BNE,"8,499",$710.11,"5,887 mi",23,$0.1206
KTM,MXP,"8,489",$376.12,"4,385 mi",23,$0.0858
KTM,MAD,"8,488",$506.92,"4,803 mi",23,$0.1055
CJB,DOH,"8,480",$131.75,"1,874 mi",23,$0.0703
KHI,AMS,"8,477",$366.67,"3,607 mi",23,$0.1017
ISB,SHA,"8,474",$435.31,"2,726 mi",23,$0.1597
COK,XNB,"8,472",$114.05,"1,771 mi",23,$0.0644
MAA,RGN,"8,465",$202.86,"1,065 mi",23,$0.1905
DEL,YXE,"8,455",$529.45,"6,647 mi",23,$0.0797
DAC,MRU,"8,452",$451.64,"3,882 mi",23,$0.1163
DEL,SLV,"8,443",$31.01,169 mi,23,$0.1835
CGP,SPD,"8,432",$49.92,313 mi,23,$0.1595
DAC,YVR,"8,424",$739.62,"6,774 mi",23,$0.1092
DEL,MLA,"8,395",$457.64,"3,525 mi",23,$0.1298
MAA,SLL,"8,382",$221.38,"1,709 mi",23,$0.1295
GOI,UDR,"8,371",$85.17,657 mi,23,$0.1296
BLR,KJB,"8,356",$10.35,182 mi,23,$0.0569
NAG,BKK,"8,354",$88.06,"1,472 mi",23,$0.0598
DEL,YOW,"8,343",$905.81,"7,264 mi",23,$0.1247
IXC,TRV,"8,343",$93.95,"1,579 mi",23,$0.0595
KTM,AKL,"8,334",$703.26,"7,531 mi",23,$0.0934
HYD,TPA,"8,323",$678.35,"9,335 mi",23,$0.0727
GOI,DED,"8,322",$93.26,"1,092 mi",23,$0.0854
MLE,HGH,"8,308",$345.96,"3,649 mi",23,$0.0948
MAA,IMF,"8,294",$111.98,"1,173 mi",23,$0.0955
HYD,YVR,"8,290",$633.40,"7,889 mi",23,$0.0803
BLR,SAN,"8,287","$1,226.79","9,387 mi",23,$0.1307
ATQ,HKT,"8,285",$83.10,"2,290 mi",23,$0.0363
BOM,DEN,"8,266",$869.61,"8,109 mi",23,$0.1072
GOI,SIN,"8,260",$218.13,"2,204 mi",23,$0.0990
MLE,LYS,"8,256",$336.87,"5,127 mi",23,$0.0657
MAA,KNU,"8,250",$108.46,957 mi,23,$0.1133
COK,HKG,"8,244",$194.54,"2,696 mi",23,$0.0722
AMD,MLE,"8,241",$86.64,"1,267 mi",23,$0.0684
ISB,VCE,"8,221",$176.44,"3,150 mi",23,$0.0560
DEL,PTY,"8,218",$787.23,"9,681 mi",23,$0.0813
MLE,FMT,"8,216",$41.22,269 mi,23,$0.1532
IXC,BHO,"8,202",$59.77,526 mi,22,$0.1136
HYD,PER,"8,201",$542.99,"4,083 mi",22,$0.1330
KTM,MUC,"8,198",$403.18,"4,204 mi",22,$0.0959
COK,DUS,"8,181",$374.41,"4,939 mi",22,$0.0758
BOM,OTP,"8,176",$491.84,"3,104 mi",22,$0.1585
DEL,GIZ,"8,168",$210.66,"2,262 mi",22,$0.0931
CGP,KWI,"8,159",$205.19,"2,838 mi",22,$0.0723
BOM,YEG,"8,156",$512.02,"7,197 mi",22,$0.0711
DEL,KZN,"8,147",$585.67,"2,248 mi",22,$0.2605
KHI,CGK,"8,146",$375.03,"3,310 mi",22,$0.1133
CMB,LIS,"8,145",$496.48,"6,031 mi",22,$0.0823
MAA,ARN,"8,143",$473.00,"4,353 mi",22,$0.1087
HYD,TCR,"8,124",$68.88,570 mi,22,$0.1208
HYD,FCO,"8,119",$375.13,"4,088 mi",22,$0.0918
DEL,PXN,"8,110",$90.20,643 mi,22,$0.1403
GOI,IXB,"8,105",$162.02,"1,180 mi",22,$0.1373
DEL,RVN,"8,103",$740.64,"3,278 mi",22,$0.2259
MAA,NBO,"8,092",$289.86,"3,031 mi",22,$0.0956
GOX,VNS,"8,089",$76.09,861 mi,22,$0.0884
CMB,HAN,"8,077",$278.67,"2,042 mi",22,$0.1365
HYD,DEN,"8,072",$920.52,"8,232 mi",22,$0.1118
CCU,CGK,"8,068",$305.43,"2,269 mi",22,$0.1346
DEL,OPO,"8,063",$579.01,"4,886 mi",22,$0.1185
DAC,IAH,"8,054",$783.30,"8,959 mi",22,$0.0874
DEL,LUN,"8,040",$429.10,"4,312 mi",22,$0.0995
KTM,SHA,"8,036",$185.04,"2,104 mi",22,$0.0879
ISB,IAH,"8,028",$709.46,"7,740 mi",22,$0.0917
KTM,PNQ,"8,019",$105.77,990 mi,22,$0.1068
CMB,DUB,"8,014",$489.79,"5,832 mi",22,$0.0840
DAC,BEY,"8,010",$307.55,"3,456 mi",22,$0.0890
BOM,MSP,"7,993","$1,095.23","7,692 mi",22,$0.1424
JAI,BKK,"7,986",$90.77,"1,903 mi",22,$0.0477
MLE,SHA,"7,973",$241.81,"3,726 mi",22,$0.0649
JAI,IXB,"7,970",$88.47,749 mi,22,$0.1181
TRV,FCO,"7,966",$250.07,"4,394 mi",22,$0.0569
DEL,LYS,"7,965",$552.57,"3,879 mi",22,$0.1425
AMD,RJA,"7,962",$90.34,746 mi,22,$0.1211
AMD,MCO,"7,949",$686.04,"8,731 mi",22,$0.0786
LHE,VLC,"7,949",$193.14,"4,251 mi",22,$0.0454
AMD,PER,"7,927",$470.39,"4,901 mi",22,$0.0960
HYD,VIE,"7,925",$562.81,"3,926 mi",22,$0.1434
GOX,MCT,"7,921",$112.07,"1,183 mi",22,$0.0947
BOM,BLQ,"7,917",$578.09,"3,795 mi",22,$0.1523
HYD,MIA,"7,912","$1,097.23","9,412 mi",22,$0.1166
CCU,MAN,"7,898",$481.00,"4,853 mi",22,$0.0991
CMB,BLQ,"7,895",$387.98,"4,965 mi",22,$0.0781
BLR,PQC,"7,891",$151.65,"1,844 mi",22,$0.0822
TRV,SXR,"7,876",$119.71,"1,714 mi",22,$0.0698
DAC,ORD,"7,875",$778.61,"7,650 mi",22,$0.1018
LHE,SHA,"7,858",$464.14,"2,829 mi",22,$0.1641
AMD,NDC,"7,850",$52.14,417 mi,22,$0.1250
CCU,ICN,"7,849",$305.06,"2,397 mi",22,$0.1273
ATQ,YEG,"7,833",$640.13,"6,345 mi",21,$0.1009
LKO,UDR,"7,828",$58.16,446 mi,21,$0.1304
HYD,STL,"7,821",$650.08,"8,246 mi",21,$0.0788
CMB,RGN,"7,799",$257.54,"1,325 mi",21,$0.1944
TRV,CAI,"7,781",$256.64,"3,392 mi",21,$0.0757
MLE,OSL,"7,774",$527.20,"4,890 mi",21,$0.1078
DEL,KBV,"7,763",$121.22,"1,947 mi",21,$0.0623
JAI,IXA,"7,761",$119.66,954 mi,21,$0.1254
AMD,NRT,"7,752",$738.24,"3,969 mi",21,$0.1860
BLR,HEL,"7,738",$655.34,"4,316 mi",21,$0.1518
CCU,TCR,"7,736",$121.17,"1,149 mi",21,$0.1055
AMD,TRZ,"7,731",$111.42,912 mi,21,$0.1222
BOM,CHC,"7,715",$858.40,"7,364 mi",21,$0.1166
BOM,DSS,"7,710",$529.79,"5,709 mi",21,$0.0928
HYD,SDW,"7,704",$42.05,325 mi,21,$0.1294
CJB,IDR,"7,703",$93.67,788 mi,21,$0.1189
COK,YVR,"7,696",$608.79,"8,412 mi",21,$0.0724
CCJ,FJR,"7,677",$109.31,"1,559 mi",21,$0.0701
IXC,IXR,"7,665",$79.71,753 mi,21,$0.1059
HYD,PHL,"7,663","$1,000.33","7,898 mi",21,$0.1267
CJB,LHR,"7,663",$422.44,"5,240 mi",21,$0.0806
BOM,LLW,"7,658",$275.45,"3,393 mi",21,$0.0812
BOM,ZNZ,"7,658",$170.56,"2,967 mi",21,$0.0575
TRV,AKL,"7,643",$542.56,"6,793 mi",21,$0.0799
GOI,JED,"7,641",$145.24,"2,239 mi",21,$0.0649
LKO,IXR,"7,618",$38.96,355 mi,21,$0.1097
HYD,EDI,"7,611",$359.03,"4,774 mi",21,$0.0752
BOM,HGI,"7,597",$151.53,"1,383 mi",21,$0.1096
DEL,PMI,"7,596",$332.67,"4,079 mi",21,$0.0816
DAC,BLQ,"7,595",$493.26,"4,697 mi",21,$0.1050
DAC,YIW,"7,594",$120.13,"1,921 mi",21,$0.0625
KTM,CGK,"7,583",$338.55,"2,817 mi",21,$0.1202
COK,BHO,"7,576",$80.15,883 mi,21,$0.0908
ATQ,DPS,"7,567",$230.91,"3,978 mi",21,$0.0580
BLR,GAY,"7,552",$117.19,955 mi,21,$0.1227
MLE,NAP,"7,551",$262.12,"4,576 mi",21,$0.0573
MAA,AYJ,"7,546",$127.92,930 mi,21,$0.1375
AMD,IAH,"7,544",$966.74,"8,423 mi",21,$0.1148
MLE,CGO,"7,535",$305.94,"3,222 mi",21,$0.0950
MAA,BCN,"7,527",$622.12,"4,865 mi",21,$0.1279
AMD,KLH,"7,525",$38.79,442 mi,21,$0.0878
COK,YHZ,"7,511",$526.44,"8,124 mi",21,$0.0648
CCU,CNN,"7,469",$104.64,"1,094 mi",20,$0.0956
KTM,BAH,"7,469",$197.39,"2,069 mi",20,$0.0954
HYD,NDC,"7,466",$41.73,148 mi,20,$0.2820
CMB,BUD,"7,465",$568.71,"4,632 mi",20,$0.1228
CMB,KMG,"7,453",$162.88,"1,903 mi",20,$0.0856
CCJ,DUB,"7,453",$352.81,"5,440 mi",20,$0.0649
ISB,TAS,"7,449",$154.78,550 mi,20,$0.2814
CCU,MED,"7,445",$228.52,"2,981 mi",20,$0.0767
BOM,NCL,"7,444",$616.06,"4,672 mi",20,$0.1319
GOI,LGW,"7,443",$166.04,"4,564 mi",20,$0.0364
HYD,SLL,"7,430",$185.21,"1,558 mi",20,$0.1189
BOM,LGK,"7,399",$173.61,"2,069 mi",20,$0.0839
COK,CGK,"7,389",$288.21,"2,295 mi",20,$0.1256
HYD,CVG,"7,388",$595.18,"8,145 mi",20,$0.0731
CCJ,CAI,"7,385",$278.55,"3,045 mi",20,$0.0915
BLR,SDW,"7,381",$42.36,330 mi,20,$0.1284
GOX,GOP,"7,367",$62.03,"1,008 mi",20,$0.0615
TRV,TRZ,"7,342",$41.18,193 mi,20,$0.2134
COK,CAI,"7,337",$231.98,"3,105 mi",20,$0.0747
DEL,KTI,"7,333",$142.53,"2,218 mi",20,$0.0643
NAG,IXU,"7,323",$19.60,259 mi,20,$0.0757
IXC,VTZ,"7,312",$122.97,"1,011 mi",20,$0.1216
BLR,LOS,"7,310",$607.62,"5,220 mi",20,$0.1164
JAI,KWI,"7,298",$121.99,"1,753 mi",20,$0.0696
COK,ATL,"7,286",$638.22,"8,884 mi",20,$0.0718
DEL,EZE,"7,283",$958.44,"9,520 mi",20,$0.1007
BLR,IXS,"7,281",$137.14,"1,244 mi",20,$0.1102
CMB,PKX,"7,277",$156.55,"3,273 mi",20,$0.0478
DEL,MRS,"7,272",$487.76,"3,900 mi",20,$0.1251
LKO,BDQ,"7,269",$53.12,553 mi,20,$0.0961
MLE,DPS,"7,267",$410.48,"2,914 mi",20,$0.1409
DEL,ABJ,"7,257",$419.17,"5,666 mi",20,$0.0740
ISB,STN,"7,251",$520.46,"3,838 mi",20,$0.1356
CMB,ATH,"7,245",$385.78,"3,954 mi",20,$0.0976
MAA,BHX,"7,227",$649.45,"5,015 mi",20,$0.1295
BOM,ALG,"7,223",$421.90,"4,461 mi",20,$0.0946
HYD,TLV,"7,218",$737.10,"2,984 mi",20,$0.2470
DEL,CVG,"7,209",$681.06,"7,848 mi",20,$0.0868
ISB,DFW,"7,202",$738.45,"8,032 mi",20,$0.0919
TRV,DFW,"7,196",$731.58,"9,264 mi",20,$0.0790
HYD,CPH,"7,192",$328.27,"4,429 mi",20,$0.0741
BLR,PDX,"7,188","$1,299.95","8,426 mi",20,$0.1543
KHI,TLV,"7,151","$1,325.17","2,073 mi",20,$0.6393
DAC,SFO,"7,142",$915.47,"7,917 mi",20,$0.1156
CCU,HND,"7,141",$437.66,"3,283 mi",20,$0.1333
CJB,SAG,"7,138",$71.28,643 mi,20,$0.1109
CCJ,XNB,"7,135",$78.77,"1,702 mi",20,$0.0463
MAA,BNE,"7,130",$597.00,"5,451 mi",20,$0.1095
PEW,AHB,"7,125",$198.61,"2,147 mi",20,$0.0925
ATQ,CDG,"7,122",$282.15,"3,717 mi",20,$0.0759
DEL,GOT,"7,113",$486.03,"3,762 mi",19,$0.1292
HYD,TPE,"7,105",$453.98,"2,883 mi",19,$0.1575
CMB,NCE,"7,097",$323.85,"4,862 mi",19,$0.0666
MLE,HEL,"7,096",$469.48,"4,770 mi",19,$0.0984
BOM,MLA,"7,092",$492.28,"3,816 mi",19,$0.1290
IXC,BKK,"7,092",$98.65,"1,865 mi",19,$0.0529
MLE,CGK,"7,089",$324.01,"2,322 mi",19,$0.1395
DAC,HAN,"7,083",$254.57,"1,029 mi",19,$0.2474
NAG,ISK,"7,078",$30.87,329 mi,19,$0.0938
KHI,YYC,"7,072",$542.72,"7,398 mi",19,$0.0734
HYD,DGH,"7,070",$89.80,752 mi,19,$0.1194
AMD,DIB,"7,063",$153.32,"1,386 mi",19,$0.1106
KHI,JNB,"7,056",$421.57,"4,510 mi",19,$0.0935
DEL,ALG,"7,053",$479.66,"4,104 mi",19,$0.1169
BLR,PEK,"7,044",$574.23,"2,906 mi",19,$0.1976
DEL,KEF,"7,033",$631.51,"4,598 mi",19,$0.1373
ISB,MUC,"7,032",$337.06,"3,154 mi",19,$0.1069
KTM,HEL,"7,019",$409.25,"3,462 mi",19,$0.1182
AMD,TPA,"7,006",$476.36,"8,284 mi",19,$0.0575
BOM,GBE,"7,001",$396.09,"4,236 mi",19,$0.0935
MAA,JNB,"6,998",$563.71,"4,281 mi",19,$0.1317
HYD,CAI,"6,997",$352.62,"3,175 mi",19,$0.1111
CGP,ZYL,"6,995",$58.31,182 mi,19,$0.3204
AMD,BHJ,"6,984",$76.27,183 mi,19,$0.4168
MLE,MCT,"6,963",$222.69,"1,732 mi",19,$0.1286
COK,IXZ,"6,963",$105.71,"1,145 mi",19,$0.0923
DAC,VIE,"6,960",$514.48,"4,404 mi",19,$0.1168
DEL,IND,"6,940",$838.72,"7,827 mi",19,$0.1072
COK,MNL,"6,936",$327.00,"2,931 mi",19,$0.1116
CMB,NAP,"6,926",$429.32,"4,486 mi",19,$0.0957
KHI,NRT,"6,924",$618.45,"4,202 mi",19,$0.1472
MLE,TPE,"6,905",$719.79,"3,371 mi",19,$0.2135
DAC,ZRH,"6,903",$695.05,"4,791 mi",19,$0.1451
ISB,DUS,"6,901",$277.29,"3,559 mi",19,$0.0779
COK,KTM,"6,896",$116.18,"1,305 mi",19,$0.0890
CCU,TUU,"6,889",$217.77,"3,135 mi",19,$0.0695
KHI,BCN,"6,878",$372.92,"3,956 mi",19,$0.0943
IXC,NAG,"6,870",$80.01,657 mi,19,$0.1218
BOM,CVG,"6,859",$694.29,"7,920 mi",19,$0.0877
ATQ,RPR,"6,856",$81.38,819 mi,19,$0.0994
COK,NRT,"6,853",$393.22,"4,225 mi",19,$0.0931
KTM,BCN,"6,831",$399.87,"4,795 mi",19,$0.0834
MLE,CAI,"6,830",$317.99,"3,375 mi",19,$0.0942
BOM,AHB,"6,782",$147.09,"2,035 mi",19,$0.0723
ISB,XIY,"6,777",$486.17,"1,987 mi",19,$0.2447
CMB,STN,"6,776",$577.84,"5,225 mi",19,$0.1106
KTM,HGH,"6,773",$176.76,"2,183 mi",19,$0.0810
AMD,RUH,"6,763",$177.47,"1,688 mi",19,$0.1051
AMD,TIR,"6,757",$98.65,770 mi,19,$0.1281
BOM,SAN,"6,748",$789.29,"9,059 mi",18,$0.0871
HYD,IXL,"6,743",$123.70,"1,134 mi",18,$0.1091
CCJ,MAN,"6,742",$298.21,"5,272 mi",18,$0.0566
KTM,HKT,"6,737",$129.56,"1,644 mi",18,$0.0788
KTM,BER,"6,732",$437.57,"4,096 mi",18,$0.1068
DAC,MIA,"6,728",$750.21,"8,682 mi",18,$0.0864
JAI,NAG,"6,721",$47.24,459 mi,18,$0.1029
CCU,XNB,"6,719",$119.24,"2,139 mi",18,$0.0557
DEL,PHL,"6,714",$955.85,"7,163 mi",18,$0.1334
DAC,JNB,"6,709",$609.99,"5,561 mi",18,$0.1097
DEL,CTS,"6,701",$355.87,"3,774 mi",18,$0.0943
KTM,PEK,"6,692",$220.37,"2,030 mi",18,$0.1086
COK,UDR,"6,690",$81.50,983 mi,18,$0.0829
CCU,ELQ,"6,688",$147.65,"2,891 mi",18,$0.0511
AMD,IST,"6,683",$217.35,"2,735 mi",18,$0.0795
CMB,JAI,"6,683",$101.04,"1,424 mi",18,$0.0710
KTM,TAO,"6,680",$170.10,"2,171 mi",18,$0.0784
BOM,ADB,"6,677",$414.93,"3,124 mi",18,$0.1328
LHE,LAX,"6,675",$775.19,"8,072 mi",18,$0.0960
DEL,TLS,"6,669",$707.32,"4,332 mi",18,$0.1633
BOM,USM,"6,653",$372.28,"1,991 mi",18,$0.1870
KTM,ELQ,"6,651",$248.52,"2,626 mi",18,$0.0946
DEL,PDX,"6,649",$869.38,"6,951 mi",18,$0.1251
MLE,BEG,"6,642",$263.33,"4,386 mi",18,$0.0600
KTM,SGN,"6,641",$231.18,"1,753 mi",18,$0.1319
BOM,GOT,"6,640",$395.63,"4,153 mi",18,$0.0953
COK,HDO,"6,639",$117.49,"1,245 mi",18,$0.0944
ISB,SIN,"6,637",$503.77,"3,092 mi",18,$0.1629
PEW,BHX,"6,614",$374.94,"3,838 mi",18,$0.0977
BLR,LYS,"6,612",$625.10,"4,875 mi",18,$0.1282
MAA,PEK,"6,605",$460.08,"2,979 mi",18,$0.1544
DEL,XNB,"6,600",$138.89,"1,303 mi",18,$0.1066
IXE,LKO,"6,590",$91.82,"1,061 mi",18,$0.0865
HYD,BHX,"6,587",$535.99,"4,723 mi",18,$0.1135
JAI,IXG,"6,587",$64.47,784 mi,18,$0.0822
DEL,RIX,"6,584",$337.12,"3,117 mi",18,$0.1082
DEL,NAN,"6,583",$702.09,"7,629 mi",18,$0.0920
HYD,DAD,"6,582",$178.88,"2,029 mi",18,$0.0882
BOM,GIZ,"6,581",$166.55,"2,053 mi",18,$0.0811
AMD,MXP,"6,576",$522.76,"3,734 mi",18,$0.1400
DEL,HAJ,"6,568",$616.89,"3,858 mi",18,$0.1599
BLR,CVG,"6,545",$878.57,"8,392 mi",18,$0.1047
AMD,IXM,"6,538",$129.34,"1,012 mi",18,$0.1278
JAI,IXR,"6,524",$57.78,661 mi,18,$0.0874
CMB,GOI,"6,519",$72.46,720 mi,18,$0.1006
MAA,JLR,"6,495",$86.49,683 mi,18,$0.1266
HYD,ADD,"6,494",$328.27,"2,640 mi",18,$0.1243
DAC,BER,"6,493",$409.04,"4,253 mi",18,$0.0962
LHE,STN,"6,487",$561.58,"4,007 mi",18,$0.1401
LKO,TRV,"6,482",$108.26,"1,328 mi",18,$0.0815
ATQ,HKG,"6,479",$134.10,"2,406 mi",18,$0.0557
HYD,JNB,"6,477",$562.65,"4,644 mi",18,$0.1212
COK,HSR,"6,468",$79.51,943 mi,18,$0.0843
LHE,NAP,"6,468",$164.39,"3,247 mi",18,$0.0506
CJB,LKO,"6,463",$94.27,"1,082 mi",18,$0.0871
AMD,YQR,"6,453",$661.50,"7,576 mi",18,$0.0873
GOI,RQY,"6,439",$114.60,154 mi,18,$0.7442
COK,LAX,"6,433",$803.44,"8,961 mi",18,$0.0897
ISB,BOS,"6,426",$523.59,"6,512 mi",18,$0.0804
DEL,DUR,"6,424",$658.26,"4,885 mi",18,$0.1348
MAA,HAM,"6,419",$638.10,"4,830 mi",18,$0.1321
MLE,AGP,"6,411",$393.71,"5,221 mi",18,$0.0754
COK,SXV,"6,397",$28.31,164 mi,18,$0.1726
BOM,KGL,"6,390",$222.75,"3,341 mi",18,$0.0667
LHE,ZRH,"6,389",$532.62,"3,673 mi",18,$0.1450
DEL,PAB,"6,388",$43.47,565 mi,18,$0.0769
COK,DED,"6,384",$101.69,"1,431 mi",17,$0.0711
MLE,LAX,"6,383","$1,848.56","9,980 mi",17,$0.1852
DEL,LAD,"6,374",$680.92,"4,828 mi",17,$0.1410
ISB,YNB,"6,355",$204.43,"2,256 mi",17,$0.0906
DAC,WUH,"6,354",$150.60,"1,489 mi",17,$0.1011
GOI,BAH,"6,337",$187.02,"1,722 mi",17,$0.1086
DEL,SLL,"6,331",$213.68,"1,713 mi",17,$0.1247
DEL,CLE,"6,329",$982.19,"7,195 mi",17,$0.1365
CCU,BOS,"6,320",$601.03,"7,990 mi",17,$0.0752
GOX,DUB,"6,318",$293.94,"5,093 mi",17,$0.0577
BOM,FLR,"6,313",$685.86,"3,795 mi",17,$0.1807
DAC,GMP,"6,313",$155.96,"2,412 mi",17,$0.0647
VTZ,LHR,"6,298",$401.77,"4,848 mi",17,$0.0829
LHE,QYG,"6,296",$202.38,"3,250 mi",17,$0.0623
KTM,TUU,"6,277",$253.41,"2,863 mi",17,$0.0885
ATQ,MCT,"6,261",$145.12,"1,119 mi",17,$0.1297
DEL,CNX,"6,258",$150.23,"1,490 mi",17,$0.1008
GOX,GAU,"6,248",$119.86,"1,387 mi",17,$0.0864
CCU,VIE,"6,237",$315.56,"4,370 mi",17,$0.0722
CCU,LAX,"6,234",$920.99,"7,902 mi",17,$0.1166
LHE,GLA,"6,231",$506.84,"4,149 mi",17,$0.1222
AMD,GWL,"6,217",$43.12,427 mi,17,$0.1010
CGP,DMM,"6,212",$229.32,"2,570 mi",17,$0.0892
BLR,IND,"6,205","$2,271.01","8,379 mi",17,$0.2710
AMD,IXE,"6,189",$85.40,693 mi,17,$0.1232
MLE,BAH,"6,173",$406.43,"2,213 mi",17,$0.1837
KHI,NBO,"6,171",$430.10,"2,635 mi",17,$0.1632
CMB,HKT,"6,171",$179.41,"1,225 mi",17,$0.1465
AMD,MNL,"6,170",$490.29,"3,109 mi",17,$0.1577
COK,VGA,"6,166",$63.29,546 mi,17,$0.1159
BLR,YUL,"6,157",$860.53,"8,248 mi",17,$0.1043
CCU,RJA,"6,155",$66.29,559 mi,17,$0.1186
BOM,JRO,"6,152",$179.52,"2,800 mi",17,$0.0641
AMD,KIX,"6,139",$491.25,"3,928 mi",17,$0.1251
GOI,RUH,"6,138",$129.34,"1,819 mi",17,$0.0711
VTZ,DOH,"6,138",$105.89,"2,156 mi",17,$0.0491
BLR,PHL,"6,131","$1,219.50","8,630 mi",17,$0.1413
IXC,VNS,"6,124",$68.29,501 mi,17,$0.1363
CMB,VNO,"6,124",$433.06,"4,305 mi",17,$0.1006
LHE,HAS,"6,120",$203.51,"2,040 mi",17,$0.0998
NAG,DOH,"6,119",$62.59,"1,816 mi",17,$0.0345
MAA,BER,"6,101",$464.71,"4,666 mi",17,$0.0996
DEL,PFT,"6,076",$213.83,"2,345 mi",17,$0.0912
COK,ELQ,"6,075",$183.41,"2,331 mi",17,$0.0787
JAI,JFK,"6,071",$572.85,"7,604 mi",17,$0.0753
LHE,BER,"6,067",$359.45,"3,227 mi",17,$0.1114
CCU,KIX,"6,062",$386.03,"2,839 mi",17,$0.1360
COK,BER,"6,056",$368.85,"4,667 mi",17,$0.0790
DAC,BOS,"6,054",$778.41,"7,479 mi",17,$0.1041
BOM,CNX,"6,047",$266.91,"1,653 mi",17,$0.1615
DEL,BEY,"6,046",$344.06,"2,395 mi",17,$0.1437
CCU,LGK,"6,039",$111.90,"1,396 mi",17,$0.0802
LYP,RUH,"6,033",$200.80,"1,607 mi",17,$0.1250
LKO,BAH,"6,029",$176.81,"1,810 mi",17,$0.0977
DAC,URY,"6,027",$273.09,"3,164 mi",17,$0.0863
ATQ,MNL,"6,024",$266.15,"3,234 mi",17,$0.0823
COK,BHD,"6,017",$249.63,"5,499 mi",16,$0.0454
COK,WLG,"6,011",$702.83,"6,901 mi",16,$0.1018
KHI,SKT,"6,009",$50.80,663 mi,16,$0.0766
LKO,HKT,"6,008",$105.05,"1,669 mi",16,$0.0629
BOM,VKO,"6,007",$345.94,"3,221 mi",16,$0.1074
MAA,BSR,"6,003",$632.85,"2,471 mi",16,$0.2561
GOX,OVB,"6,003",$238.13,"2,837 mi",16,$0.0839
JAI,XNB,"6,001",$115.64,"1,220 mi",16,$0.0948
ATQ,JAI,"5,998",$47.69,333 mi,16,$0.1432
BLR,DHM,"5,998",$91.69,"1,353 mi",16,$0.0678
BOM,LIN,"5,993",$821.44,"4,136 mi",16,$0.1986
CCU,IXG,"5,990",$77.85,"1,046 mi",16,$0.0744
JAI,IMF,"5,988",$114.99,"1,167 mi",16,$0.0985
KHI,CDG,"5,986",$407.20,"3,689 mi",16,$0.1104
KHI,AMM,"5,980",$160.31,"1,888 mi",16,$0.0849
AMD,ICN,"5,970",$472.88,"3,413 mi",16,$0.1386
HYD,YYC,"5,967",$589.39,"7,884 mi",16,$0.0748
LHE,ARN,"5,958",$380.55,"3,113 mi",16,$0.1222
MUX,GIZ,"5,953",$196.49,"2,097 mi",16,$0.0937
TRV,CDG,"5,949",$294.10,"5,221 mi",16,$0.0563
HYD,MAD,"5,941",$667.17,"4,888 mi",16,$0.1365
HYD,BRU,"5,938",$596.66,"4,466 mi",16,$0.1336
CMB,HGH,"5,937",$189.81,"2,977 mi",16,$0.0638
DEL,ROB,"5,935",$598.58,"5,683 mi",16,$0.1053
DEL,HAS,"5,935",$163.11,"2,219 mi",16,$0.0735
DAC,SGN,"5,932",$298.18,"1,439 mi",16,$0.2072
CJB,BKK,"5,932",$216.49,"1,658 mi",16,$0.1306
BLR,YYC,"5,930",$764.77,"8,175 mi",16,$0.0935
COK,MED,"5,926",$185.65,"2,683 mi",16,$0.0692
BOM,CKY,"5,921",$489.88,"5,948 mi",16,$0.0824
BOM,LCA,"5,913",$405.51,"2,550 mi",16,$0.1590
DAC,TAO,"5,911",$201.70,"1,904 mi",16,$0.1059
CMB,CTA,"5,905",$351.50,"4,677 mi",16,$0.0752
MAA,PHL,"5,902",$673.33,"8,203 mi",16,$0.0821
DAC,BNE,"5,896",$562.96,"5,640 mi",16,$0.0998
MAA,GVA,"5,894",$718.59,"4,958 mi",16,$0.1449
CCJ,LHE,"5,889",$117.06,"1,370 mi",16,$0.0854
MAA,EDI,"5,879",$612.40,"5,385 mi",16,$0.1137
LHE,EWR,"5,878",$478.01,"6,846 mi",16,$0.0698
LHE,YUL,"5,876",$582.66,"6,551 mi",16,$0.0889
KTM,RDU,"5,874",$558.87,"8,162 mi",16,$0.0685
COK,PVG,"5,855",$410.18,"3,147 mi",16,$0.1303
MLE,MRS,"5,852",$335.47,"5,086 mi",16,$0.0660
KHI,FCO,"5,851",$359.57,"3,415 mi",16,$0.1053
BLR,OSL,"5,846",$557.64,"4,492 mi",16,$0.1241
KHI,TUU,"5,845",$143.57,"1,839 mi",16,$0.0781
HYD,LOS,"5,844",$592.80,"4,951 mi",16,$0.1197
IXC,BDQ,"5,841",$66.24,598 mi,16,$0.1108
MAA,HEL,"5,831",$580.11,"4,150 mi",16,$0.1398
COK,TUU,"5,826",$259.96,"2,951 mi",16,$0.0881
ISB,ABT,"5,814",$189.75,"2,181 mi",16,$0.0870
BOM,MSY,"5,812",$635.13,"9,130 mi",16,$0.0696
BLR,CPT,"5,804",$566.94,"5,218 mi",16,$0.1087
DAC,AKL,"5,798",$661.46,"6,695 mi",16,$0.0988
MLE,AER,"5,796",$302.04,"3,501 mi",16,$0.0863
MAA,YVR,"5,792",$754.89,"7,672 mi",16,$0.0984
COK,CHC,"5,779",$678.14,"7,215 mi",16,$0.0940
TRV,HAQ,"5,772",$40.32,275 mi,16,$0.1466
AMD,IXG,"5,772",$49.14,530 mi,16,$0.0927
ATQ,VIE,"5,772",$218.50,"3,105 mi",16,$0.0704
BOM,ZAG,"5,769",$336.43,"3,805 mi",16,$0.0884
BOM,WLG,"5,758",$691.83,"7,919 mi",16,$0.0874
DAC,CSX,"5,753",$153.62,"1,403 mi",16,$0.1095
DAC,GVA,"5,752",$765.17,"4,925 mi",16,$0.1554
BOM,PIT,"5,738",$789.63,"7,732 mi",16,$0.1021
ISB,BER,"5,734",$432.32,"3,259 mi",16,$0.1327
AMD,CGK,"5,731",$306.75,"2,965 mi",16,$0.1035
DEL,KRK,"5,724",$531.33,"3,405 mi",16,$0.1560
COK,ICN,"5,721",$331.47,"3,736 mi",16,$0.0887
ISB,ADL,"5,720",$498.57,"6,168 mi",16,$0.0808
DEL,MPM,"5,715",$397.98,"4,641 mi",16,$0.0858
HYD,PRG,"5,710","$1,099.07","4,047 mi",16,$0.2716
CMB,FUK,"5,709",$434.71,"3,589 mi",16,$0.1211
BOM,BGW,"5,705",$254.59,"1,956 mi",16,$0.1302
CCU,MUC,"5,705",$396.04,"4,596 mi",16,$0.0862
DAC,PMO,"5,699",$195.01,"4,418 mi",16,$0.0441
DAC,STN,"5,697",$629.62,"5,092 mi",16,$0.1236
KTM,YVR,"5,695",$574.65,"7,045 mi",16,$0.0816
DEL,DSS,"5,694",$590.74,"5,804 mi",16,$0.1018
BOM,DHM,"5,683",$78.14,900 mi,16,$0.0868
AMD,RDU,"5,683",$567.13,"7,716 mi",16,$0.0735
BLR,ITM,"5,676",$522.82,"3,995 mi",16,$0.1309
KTM,WAW,"5,672",$367.61,"3,552 mi",16,$0.1035
DEL,NAP,"5,669",$369.40,"3,481 mi",16,$0.1061
BOM,MRS,"5,668",$803.79,"4,336 mi",16,$0.1854
HYD,PQC,"5,666",$153.52,"1,835 mi",16,$0.0837
DAC,ADL,"5,662",$614.13,"4,987 mi",16,$0.1231
AMD,DAC,"5,651",$55.97,"1,092 mi",15,$0.0513
ISB,HAS,"5,642",$194.31,"1,837 mi",15,$0.1058
DEL,SOF,"5,636",$309.43,"3,020 mi",15,$0.1025
LHE,ABT,"5,629",$194.30,"2,234 mi",15,$0.0870
HYD,DAR,"5,627",$366.33,"3,249 mi",15,$0.1128
KHI,EDI,"5,626",$295.32,"3,940 mi",15,$0.0750
CMB,MRS,"5,624",$240.72,"4,957 mi",15,$0.0486
DAC,KTI,"5,616",$296.62,"1,247 mi",15,$0.2379
CCU,BAH,"5,616",$167.66,"2,312 mi",15,$0.0725
DEL,FIH,"5,614",$425.43,"4,819 mi",15,$0.0883
KHI,MNL,"5,608",$578.82,"3,447 mi",15,$0.1679
MAA,CNX,"5,608",$116.59,"1,270 mi",15,$0.0918
MAA,DEN,"5,607",$833.42,"8,508 mi",15,$0.0980
ISB,ARN,"5,606",$366.34,"2,951 mi",15,$0.1241
GOX,MAN,"5,606",$353.26,"4,924 mi",15,$0.0717
COK,BOS,"5,595",$506.48,"8,511 mi",15,$0.0595
ISB,CAI,"5,590",$445.88,"2,354 mi",15,$0.1894
CMB,QYG,"5,573",$233.80,"5,034 mi",15,$0.0464
CCU,CAI,"5,571",$430.68,"3,639 mi",15,$0.1184
ATQ,AUH,"5,565",$98.13,"1,364 mi",15,$0.0719
ATQ,NAG,"5,552",$72.54,756 mi,15,$0.0960
COK,AMM,"5,540",$212.00,"2,888 mi",15,$0.0734
DEL,AYT,"5,527",$445.52,"2,643 mi",15,$0.1686
VTZ,DMM,"5,522",$157.96,"2,150 mi",15,$0.0735
CCJ,FCO,"5,522",$298.56,"4,228 mi",15,$0.0706
ISB,WUH,"5,520",$489.10,"2,340 mi",15,$0.2090
CNN,IXE,"5,517",$8.38,88 mi,15,$0.0952
COK,AUS,"5,516",$590.86,"9,910 mi",15,$0.0596
HYD,GVA,"5,504",$758.91,"4,662 mi",15,$0.1628
CCU,DFW,"5,503",$965.11,"8,838 mi",15,$0.1092
DAC,MUC,"5,481",$547.79,"4,358 mi",15,$0.1257
VGA,PNQ,"5,472",$52.16,461 mi,15,$0.1131
BOM,ROB,"5,469",$506.07,"5,468 mi",15,$0.0926
MLE,OPO,"5,464",$332.47,"5,454 mi",15,$0.0610
BOM,AYT,"5,457",$518.25,"2,732 mi",15,$0.1897
DAC,SXR,"5,449",$76.43,"1,209 mi",15,$0.0632
DAC,TNA,"5,448",$181.73,"1,770 mi",15,$0.1027
MAA,MCO,"5,443",$913.22,"9,598 mi",15,$0.0951
HYD,BNA,"5,443",$795.74,"8,365 mi",15,$0.0951
CCU,SEA,"5,441",$796.53,"7,446 mi",15,$0.1070
BOM,ABZ,"5,439",$869.19,"4,423 mi",15,$0.1965
JAI,TRV,"5,436",$105.16,"1,307 mi",15,$0.0805
KHI,PER,"5,431",$557.32,"5,230 mi",15,$0.1066
DEL,YLW,"5,428",$540.75,"6,710 mi",15,$0.0806
ISB,VLC,"5,428",$195.43,"4,097 mi",15,$0.0477
CCU,IAH,"5,425",$882.41,"9,055 mi",15,$0.0975
KTM,CLT,"5,419",$615.41,"7,759 mi",15,$0.0793
BLR,TPA,"5,416",$928.96,"9,578 mi",15,$0.0970
BOM,FNA,"5,416",$421.09,"5,942 mi",15,$0.0709
IXC,STV,"5,412",$117.20,728 mi,15,$0.1610
DAC,HKT,"5,409",$192.88,"1,242 mi",15,$0.1553
TRV,DPS,"5,406",$187.18,"2,976 mi",15,$0.0629
MAA,LGK,"5,405",$139.18,"1,450 mi",15,$0.0960
CCU,DUB,"5,402",$498.83,"5,315 mi",15,$0.0939
BOM,TAO,"5,399",$489.69,"3,182 mi",15,$0.1539
TRV,IAD,"5,396",$427.27,"8,507 mi",15,$0.0502
IXE,JAI,"5,389",$110.01,989 mi,15,$0.1112
MAA,AGR,"5,382",$135.74,"1,019 mi",15,$0.1332
DAC,OTP,"5,382",$429.42,"3,950 mi",15,$0.1087
COK,IST,"5,379",$471.15,"3,490 mi",15,$0.1350
GOI,TRV,"5,372",$67.11,536 mi,15,$0.1252
DAC,NBO,"5,367",$549.76,"4,104 mi",15,$0.1340
JAI,IXZ,"5,357",$143.86,"1,565 mi",15,$0.0919
LHE,MNL,"5,352",$397.89,"3,256 mi",15,$0.1222
COK,TPA,"5,351",$516.36,"9,732 mi",15,$0.0531
HYD,IXS,"5,350",$108.13,"1,108 mi",15,$0.0976
DAC,JHB,"5,344",$152.91,"1,719 mi",15,$0.0890
CMB,SFO,"5,336","$1,061.95","9,295 mi",15,$0.1142
DAC,NAP,"5,329",$335.24,"4,322 mi",15,$0.0776
CCU,EWR,"5,325",$738.40,"7,681 mi",15,$0.0961
IXE,LHR,"5,320",$393.87,"5,038 mi",15,$0.0782
CMB,TLS,"5,319",$231.66,"5,144 mi",15,$0.0450
LKO,JRG,"5,318",$36.50,402 mi,15,$0.0908
BLR,KRK,"5,317",$954.31,"4,237 mi",15,$0.2252
AMD,IXS,"5,313",$138.78,"1,250 mi",15,$0.1110
BLR,GRU,"5,311","$1,668.41","8,467 mi",15,$0.1970
BOM,KEF,"5,307",$478.16,"5,356 mi",15,$0.0893
MLE,ATH,"5,305",$651.12,"3,773 mi",15,$0.1726
HYD,AMM,"5,302",$252.49,"2,744 mi",15,$0.0920
KTM,FCO,"5,300",$424.90,"4,015 mi",15,$0.1058
TRV,ORD,"5,296",$545.50,"9,085 mi",15,$0.0600
HYD,LUN,"5,293",$452.28,"4,203 mi",15,$0.1076
BOM,JRH,"5,293",$144.78,"1,409 mi",15,$0.1028
DEL,STR,"5,290",$635.00,"3,668 mi",14,$0.1731
ISB,CGO,"5,289",$484.89,"2,403 mi",14,$0.2018
VGA,KJB,"5,288",$12.11,188 mi,14,$0.0644
IXE,RUH,"5,285",$161.37,"2,074 mi",14,$0.0778
HYD,BER,"5,284",$459.03,"4,101 mi",14,$0.1119
BOM,SAW,"5,283",$216.19,"3,058 mi",14,$0.0707
BOM,BNA,"5,280",$696.61,"8,142 mi",14,$0.0856
KHI,BOS,"5,269",$655.93,"6,866 mi",14,$0.0955
MLE,BSL,"5,268",$583.25,"4,751 mi",14,$0.1228
CCU,PVG,"5,264",$467.64,"2,192 mi",14,$0.2133
KTM,GVA,"5,262",$553.39,"4,240 mi",14,$0.1305
MAA,DUS,"5,261",$495.58,"4,661 mi",14,$0.1063
AMD,AJL,"5,258",$132.89,"1,305 mi",14,$0.1018
BOM,PEN,"5,257",$288.34,"2,139 mi",14,$0.1348
CJB,VNS,"5,256",$97.57,"1,035 mi",14,$0.0943
CMB,RIX,"5,252",$534.54,"4,417 mi",14,$0.1210
CMB,NBO,"5,248",$536.82,"2,928 mi",14,$0.1833
BLR,GLA,"5,240",$865.78,"5,317 mi",14,$0.1628
CMB,EDI,"5,227",$636.98,"5,713 mi",14,$0.1115
LHE,BHH,"5,219",$216.20,"2,058 mi",14,$0.1051
BOM,LYS,"5,214",$706.62,"4,093 mi",14,$0.1726
DEL,PHC,"5,214",$686.69,"4,704 mi",14,$0.1460
ISB,HND,"5,214",$508.63,"3,848 mi",14,$0.1322
LHE,HND,"5,209",$408.63,"3,816 mi",14,$0.1071
AMD,DTW,"5,207",$484.60,"7,442 mi",14,$0.0651
HYD,AJL,"5,201",$98.90,993 mi,14,$0.0996
ATQ,VNS,"5,199",$76.94,632 mi,14,$0.1217
DEL,PIT,"5,194",$999.14,"7,672 mi",14,$0.1302
ISB,YUL,"5,194",$579.72,"6,392 mi",14,$0.0907
DAC,WAW,"5,192",$715.35,"3,948 mi",14,$0.1812
DEL,TAO,"5,184",$460.74,"2,465 mi",14,$0.1869
GOI,FRA,"5,183",$344.07,"4,186 mi",14,$0.0822
LHE,HKT,"5,181",$348.26,"2,164 mi",14,$0.1609
DEL,LUX,"5,174",$715.47,"3,794 mi",14,$0.1886
DEL,HRE,"5,174",$514.62,"4,578 mi",14,$0.1124
GOI,PEE,"5,172",$329.91,"2,988 mi",14,$0.1104
HYD,MCI,"5,167",$627.80,"8,761 mi",14,$0.0717
DAC,XMN,"5,162",$182.43,"1,797 mi",14,$0.1015
KHI,MUC,"5,161",$278.98,"3,279 mi",14,$0.0851
LHE,YVR,"5,151",$613.41,"6,552 mi",14,$0.0936
KHI,TIF,"5,141",$93.32,"1,653 mi",14,$0.0565
DAC,YYC,"5,137",$787.28,"7,259 mi",14,$0.1085
KTM,ZVJ,"5,126",$184.22,"1,991 mi",14,$0.0925
MAA,GWL,"5,121",$113.60,900 mi,14,$0.1262
AMD,BHX,"5,120",$368.57,"4,188 mi",14,$0.0880
DAC,TPE,"5,119",$381.22,"1,995 mi",14,$0.1911
MAA,DAR,"5,117",$371.91,"3,036 mi",14,$0.1225
NAG,SXR,"5,115",$93.68,900 mi,14,$0.1041
MAA,LIS,"5,113",$456.91,"5,791 mi",14,$0.0789
DEL,ZYK,"5,110",$301.00,"2,394 mi",14,$0.1257
LKO,IXM,"5,106",$122.41,"1,148 mi",14,$0.1066
MAA,DGH,"5,101",$114.05,926 mi,14,$0.1232
VGA,LHR,"5,100",$381.46,"4,807 mi",14,$0.0794
KTM,DUB,"5,089",$495.06,"4,911 mi",14,$0.1008
DEL,NDJ,"5,085",$486.09,"4,009 mi",14,$0.1212
KHI,TAS,"5,081",$333.86,"1,170 mi",14,$0.2854
BLR,AMM,"5,081",$221.73,"3,019 mi",14,$0.0734
ISB,RAE,"5,073",$211.64,"1,798 mi",14,$0.1177
GOI,BKK,"5,072",$107.35,"1,857 mi",14,$0.0578
BOM,PDX,"5,063",$722.45,"8,099 mi",14,$0.0892
VGA,VNS,"5,055",$56.82,612 mi,14,$0.0928
DEL,AER,"5,052",$248.70,"2,361 mi",14,$0.1053
LKO,VTZ,"5,046",$80.49,623 mi,14,$0.1292
COK,MAD,"5,041",$267.99,"5,396 mi",14,$0.0497
AMD,SEA,"5,040",$819.55,"7,252 mi",14,$0.1130
ISB,SKZ,"5,035",$108.40,454 mi,14,$0.2388
GOI,KTM,"5,035",$118.54,"1,093 mi",14,$0.1085
LHE,AGP,"5,026",$252.67,"4,530 mi",14,$0.0558
CMB,AER,"5,024",$244.12,"3,582 mi",14,$0.0682
GOI,VGA,"5,012",$53.79,483 mi,14,$0.1114
IXE,BBI,"5,009",$96.58,855 mi,14,$0.1130
AMD,IMF,"4,998",$142.61,"1,387 mi",14,$0.1028
TRV,GAU,"4,997",$132.40,"1,599 mi",14,$0.0828
JAI,HKT,"4,995",$140.71,"1,901 mi",14,$0.0740
ISB,LAX,"4,985",$874.23,"7,485 mi",14,$0.1168
HYD,TUU,"4,985",$226.28,"2,840 mi",14,$0.0797
KTM,SEA,"4,977",$705.13,"7,175 mi",14,$0.0983
MAA,PUS,"4,975",$696.44,"3,291 mi",14,$0.2116
LKO,IXS,"4,974",$103.09,785 mi,14,$0.1313
TRV,SFO,"4,974",$807.63,"9,286 mi",14,$0.0870
HYD,WAW,"4,973",$823.13,"4,035 mi",14,$0.2040
KTM,MRU,"4,958",$357.90,"3,691 mi",14,$0.0970
ISB,ATL,"4,957",$594.15,"7,792 mi",14,$0.0763
CCU,PXN,"4,945",$18.49,231 mi,14,$0.0800
HYD,ARN,"4,943",$488.98,"4,052 mi",14,$0.1207
CMB,BSL,"4,941",$282.17,"4,882 mi",14,$0.0578
VGA,AUH,"4,940",$152.20,"1,828 mi",14,$0.0833
DEL,CMH,"4,934",$870.75,"7,754 mi",14,$0.1123
CJB,JED,"4,927",$178.47,"2,687 mi",13,$0.0664
MUX,MAN,"4,919",$336.97,"4,038 mi",13,$0.0834
BOM,TLL,"4,918",$513.84,"3,766 mi",13,$0.1364
BOM,ITM,"4,911",$683.56,"4,059 mi",13,$0.1684
VGA,IDR,"4,908",$62.03,521 mi,13,$0.1191
CJB,ISK,"4,901",$83.22,634 mi,13,$0.1313
DEL,BDS,"4,898",$223.25,"3,299 mi",13,$0.0677
SKT,BHX,"4,895",$489.87,"4,031 mi",13,$0.1215
CMB,BEY,"4,893",$290.89,"3,474 mi",13,$0.0837
DAC,CTA,"4,887",$339.01,"4,594 mi",13,$0.0738
AMD,DGH,"4,886",$115.91,867 mi,13,$0.1337
COK,SEA,"4,886",$733.14,"8,543 mi",13,$0.0858
KHI,DUS,"4,885",$349.06,"3,518 mi",13,$0.0992
BLR,OTP,"4,880",$579.21,"3,604 mi",13,$0.1607
LKO,KQH,"4,879",$33.82,364 mi,13,$0.0929
CMB,ELQ,"4,877",$138.79,"2,796 mi",13,$0.0496
AMD,YVR,"4,869",$665.82,"7,129 mi",13,$0.0934
KTM,OSL,"4,865",$412.91,"3,920 mi",13,$0.1053
MAA,MIA,"4,861",$981.37,"9,168 mi",13,$0.1070
MAA,KJB,"4,861",$17.25,238 mi,13,$0.0725
JAI,SXR,"4,859",$55.32,484 mi,13,$0.1143
BLR,VCE,"4,855",$638.90,"4,251 mi",13,$0.1503
MAA,DBR,"4,847",$94.77,955 mi,13,$0.0992
MAA,YYC,"4,842",$628.19,"8,163 mi",13,$0.0770
LKO,IXB,"4,840",$95.41,473 mi,13,$0.2017
VGA,IXM,"4,838",$56.74,512 mi,13,$0.1108
KTM,ATH,"4,835",$460.29,"3,464 mi",13,$0.1329
MLE,KRK,"4,832",$298.73,"4,572 mi",13,$0.0653
DEL,KGL,"4,828",$340.23,"3,643 mi",13,$0.0934
DAC,XIY,"4,826",$176.29,"1,285 mi",13,$0.1372
SKT,MXP,"4,823",$237.82,"3,426 mi",13,$0.0694
KHI,STN,"4,814",$318.27,"4,026 mi",13,$0.0791
NAG,IXB,"4,809",$97.94,681 mi,13,$0.1438
DEL,SLC,"4,804",$751.06,"7,837 mi",13,$0.0958
ISB,CGK,"4,802",$541.02,"3,629 mi",13,$0.1491
CMB,WLG,"4,802",$595.78,"6,596 mi",13,$0.0903
COK,GOX,"4,797",$48.27,435 mi,13,$0.1110
BOM,OPO,"4,782",$637.64,"4,781 mi",13,$0.1334
KTM,AUS,"4,780",$588.84,"8,179 mi",13,$0.0720
GOI,SVX,"4,764",$293.96,"2,850 mi",13,$0.1031
KHI,ICN,"4,759",$442.79,"3,444 mi",13,$0.1286
CMB,CHC,"4,759",$592.00,"6,490 mi",13,$0.0912
DEL,LJU,"4,758",$379.76,"3,442 mi",13,$0.1103
DAC,LHE,"4,755",$520.54,"1,078 mi",13,$0.4829
CMB,SOF,"4,754",$282.74,"4,077 mi",13,$0.0694
HYD,ELQ,"4,753",$124.83,"2,233 mi",13,$0.0559
ATQ,BNE,"4,746",$442.15,"6,767 mi",13,$0.0653
KTM,ATL,"4,737",$567.68,"7,902 mi",13,$0.0718
MAA,IXU,"4,731",$69.06,554 mi,13,$0.1247
TRV,VNS,"4,728",$110.66,"1,199 mi",13,$0.0923
DEL,JGA,"4,726",$151.38,593 mi,13,$0.2553
DEL,BNA,"4,716",$879.96,"8,079 mi",13,$0.1089
COK,KIX,"4,714",$296.16,"3,933 mi",13,$0.0753
BOM,APL,"4,707",$604.21,"3,385 mi",13,$0.1785
GOX,PAT,"4,705",$112.52,964 mi,13,$0.1167
MLE,GRU,"4,700","$1,219.93","7,983 mi",13,$0.1528
COK,DAC,"4,700",$76.60,"1,361 mi",13,$0.0563
CCU,IXU,"4,696",$105.55,836 mi,13,$0.1263
HYD,MRU,"4,696",$232.03,"2,869 mi",13,$0.0809
COK,GOP,"4,694",$79.89,"1,198 mi",13,$0.0667
BOM,VLC,"4,691",$493.06,"4,651 mi",13,$0.1060
KHI,HKG,"4,687",$401.10,"2,862 mi",13,$0.1401
ISB,AGP,"4,674",$220.58,"4,379 mi",13,$0.0504
DEL,NUE,"4,673",$562.85,"3,583 mi",13,$0.1571
MAA,IXS,"4,673",$115.18,"1,207 mi",13,$0.0954
CCU,BCN,"4,667",$463.57,"4,869 mi",13,$0.0952
CCU,MIA,"4,656",$745.95,"9,275 mi",13,$0.0804
MUX,VKO,"4,649",$383.41,"2,491 mi",13,$0.1539
BLR,SLL,"4,649",$224.18,"1,548 mi",13,$0.1448
BOM,SHL,"4,649",$113.56,"1,341 mi",13,$0.0847
COK,BDQ,"4,648",$100.96,894 mi,13,$0.1129
GOI,JDH,"4,646",$83.41,776 mi,13,$0.1075
BOM,PNH,"4,639",$205.28,"2,124 mi",13,$0.0966
ISB,DYU,"4,638",$367.34,399 mi,13,$0.9207
BOM,ABV,"4,637",$447.08,"4,562 mi",13,$0.0980
GOX,TAS,"4,636",$118.80,"1,839 mi",13,$0.0646
SKT,FRA,"4,634",$308.69,"3,393 mi",13,$0.0910
COK,HND,"4,631",$446.83,"4,450 mi",13,$0.1004
DEL,NJF,"4,630",$216.74,"1,899 mi",13,$0.1141
LYP,DOH,"4,628",$262.35,"1,323 mi",13,$0.1983
ZYL,DMM,"4,624",$272.21,"2,531 mi",13,$0.1076
KTM,BWN,"4,621",$625.10,"2,574 mi",13,$0.2429
ISB,TIF,"4,620",$195.11,"2,199 mi",13,$0.0887
SKT,JFK,"4,619",$653.92,"7,197 mi",13,$0.0909
BOM,MWZ,"4,617",$283.04,"3,000 mi",13,$0.0943
NAG,SIN,"4,616",$141.72,"2,099 mi",13,$0.0675
AMD,BNA,"4,608",$587.36,"7,885 mi",13,$0.0745
IXE,VNS,"4,600",$93.16,977 mi,13,$0.0954
VTZ,PAT,"4,596",$63.27,540 mi,13,$0.1172
KHI,AHB,"4,596",$149.06,"1,589 mi",13,$0.0938
IXE,IXR,"4,595",$110.10,"1,019 mi",13,$0.1080
DEL,MSY,"4,595",$815.08,"8,554 mi",13,$0.0953
HYD,PDX,"4,593",$834.78,"8,137 mi",13,$0.1026
KHI,DAR,"4,592",$346.56,"2,978 mi",13,$0.1164
ATQ,QYG,"4,587",$262.74,"3,458 mi",13,$0.0760
DAC,CKG,"4,585",$166.20,"1,048 mi",13,$0.1586
BLR,HGI,"4,583",$140.08,"1,444 mi",13,$0.0970
CMB,SZX,"4,579",$173.59,"2,570 mi",13,$0.0675
CMB,NCL,"4,577",$538.33,"5,315 mi",13,$0.1013
DEL,BOG,"4,577",$948.63,"9,730 mi",13,$0.0975
HYD,CLE,"4,575",$619.81,"8,439 mi",13,$0.0734
MAA,PRG,"4,573",$496.83,"4,335 mi",13,$0.1146
CMB,PNQ,"4,572",$95.95,911 mi,13,$0.1053
DAC,EWR,"4,567",$538.30,"7,632 mi",13,$0.0705
DEL,DCA,"4,565","$1,425.16","7,714 mi",13,$0.1847
DEL,BIO,"4,559",$514.91,"4,553 mi",12,$0.1131
BOM,PBD,"4,554",$33.28,265 mi,12,$0.1256
TRV,XNB,"4,552",$82.30,"1,766 mi",12,$0.0466
MLE,MNL,"4,550",$560.01,"3,209 mi",12,$0.1745
CGP,MNL,"4,545",$749.78,"2,044 mi",12,$0.3668
KTM,YYC,"4,540",$650.84,"6,658 mi",12,$0.0978
GOX,CDG,"4,538",$258.11,"4,422 mi",12,$0.0584
KTM,IAH,"4,532",$590.81,"8,705 mi",12,$0.0679
CJB,UDR,"4,531",$110.94,932 mi,12,$0.1190
MLE,CSX,"4,522",$245.84,"3,181 mi",12,$0.0773
ISB,ZRH,"4,521",$420.65,"3,306 mi",12,$0.1272
GOI,RJA,"4,519",$66.18,527 mi,12,$0.1256
CJB,MCT,"4,512",$120.67,"1,464 mi",12,$0.0824
CMB,GYD,"4,510",$293.87,"3,033 mi",12,$0.0969
CMB,PNH,"4,508",$269.26,"1,675 mi",12,$0.1608
AMD,MRU,"4,505",$236.95,"3,075 mi",12,$0.0771
CMB,IKA,"4,504",$557.04,"2,747 mi",12,$0.2028
CCJ,JAI,"4,503",$87.67,"1,051 mi",12,$0.0834
ATQ,TRV,"4,497",$114.64,"1,659 mi",12,$0.0691
BOM,BEG,"4,496",$327.20,"3,583 mi",12,$0.0913
CJB,RUH,"4,496",$141.69,"2,272 mi",12,$0.0624
IXE,IDR,"4,495",$85.15,697 mi,12,$0.1222
LKO,EAM,"4,493",$214.92,"2,336 mi",12,$0.0920
MLE,SVX,"4,492",$735.37,"3,586 mi",12,$0.2051
DEL,MYQ,"4,490",$116.54,"1,163 mi",12,$0.1002
COK,GIZ,"4,489",$236.06,"2,247 mi",12,$0.1051
MLE,WUH,"4,487",$413.23,"3,122 mi",12,$0.1324
VGA,SIN,"4,474",$155.99,"1,837 mi",12,$0.0849
BOM,CMH,"4,471",$907.69,"7,823 mi",12,$0.1160
CCU,HBX,"4,471",$94.03,"1,037 mi",12,$0.0907
DEL,EAM,"4,465",$175.10,"2,136 mi",12,$0.0820
ATQ,ORD,"4,463",$546.52,"7,445 mi",12,$0.0734
BOM,LPA,"4,459",$816.47,"5,342 mi",12,$0.1528
DEL,CXR,"4,456",$173.79,"2,434 mi",12,$0.0714
ATQ,UDR,"4,455",$74.65,508 mi,12,$0.1469
GOI,MAN,"4,448",$326.54,"4,942 mi",12,$0.0661
CJB,BBI,"4,444",$109.44,837 mi,12,$0.1308
LKO,SAG,"4,442",$55.50,659 mi,12,$0.0842
COK,MCO,"4,441",$576.01,"9,102 mi",12,$0.0633
ISB,MNL,"4,432",$605.74,"3,376 mi",12,$0.1794
BOM,NAP,"4,424",$501.40,"3,849 mi",12,$0.1303
DAC,ECN,"4,423",$503.11,"3,360 mi",12,$0.1497
KHI,ZRH,"4,423",$489.48,"3,628 mi",12,$0.1349
DEL,KAN,"4,421",$247.51,"4,395 mi",12,$0.0563
CMB,BTC,"4,416",$27.92,132 mi,12,$0.2115
AMD,TPE,"4,414",$458.34,"3,144 mi",12,$0.1458
DEL,LCY,"4,414",$373.35,"4,285 mi",12,$0.0871
MLE,NKG,"4,414",$270.24,"3,601 mi",12,$0.0750
TRV,SLL,"4,402",$171.19,"1,597 mi",12,$0.1072
LKO,STV,"4,401",$70.81,626 mi,12,$0.1131
LKO,VGA,"4,395",$84.82,686 mi,12,$0.1236
ISB,VIE,"4,392",$511.81,"3,124 mi",12,$0.1638
DEL,SCL,"4,392","$1,177.42","10,198 mi",12,$0.1155
CCU,COH,"4,391",$34.27,254 mi,12,$0.1349
CCU,BHX,"4,382",$513.20,"4,847 mi",12,$0.1059
CJB,STV,"4,379",$90.94,730 mi,12,$0.1246
MLE,LIN,"4,378",$734.94,"4,920 mi",12,$0.1494
GOX,IXR,"4,372",$108.82,884 mi,12,$0.1231
LKO,HAS,"4,371",$226.42,"2,329 mi",12,$0.0972
MAA,MSP,"4,370",$718.11,"8,164 mi",12,$0.0880
BLR,BNA,"4,367",$925.98,"8,613 mi",12,$0.1075
LKO,MLE,"4,354",$110.53,"1,682 mi",12,$0.0657
BOM,KRK,"4,350",$571.71,"3,704 mi",12,$0.1543
IXC,VGA,"4,350",$88.24,979 mi,12,$0.0901
CMB,YEG,"4,349",$542.20,"8,428 mi",12,$0.0643
IXE,TRV,"4,348",$35.73,349 mi,12,$0.1024
DAC,YNB,"4,348",$237.71,"3,381 mi",12,$0.0703
ISB,GVA,"4,345",$586.21,"3,429 mi",12,$0.1710
BOM,LFW,"4,342",$438.73,"4,735 mi",12,$0.0927
KTM,EDI,"4,338",$539.32,"4,468 mi",12,$0.1207
BLR,SVO,"4,337",$297.25,"3,756 mi",12,$0.0791
BOM,YHZ,"4,334",$411.55,"7,451 mi",12,$0.0552
KHI,MIA,"4,332",$653.21,"8,563 mi",12,$0.0763
GOI,DIU,"4,330",$38.08,403 mi,12,$0.0945
MLE,HKT,"4,329",$230.83,"1,671 mi",12,$0.1381
DAC,CGO,"4,327",$194.23,"1,541 mi",12,$0.1260
DEL,FRU,"4,325",$207.60,982 mi,12,$0.2114
TRV,LGW,"4,323",$305.95,"5,360 mi",12,$0.0571
LYP,IST,"4,317",$393.65,"2,603 mi",12,$0.1512
CCU,IST,"4,316",$393.28,"3,761 mi",12,$0.1046
BOM,MYQ,"4,312",$61.56,553 mi,12,$0.1113
LHE,CAI,"4,305",$368.28,"2,461 mi",12,$0.1496
COK,IXE,"4,305",$17.92,226 mi,12,$0.0793
LYP,DMM,"4,304",$221.91,"1,397 mi",12,$0.1588
LHE,KIX,"4,301",$394.56,"3,374 mi",12,$0.1169
MAA,DIU,"4,298",$100.39,835 mi,12,$0.1202
DAC,SVO,"4,297",$664.98,"3,557 mi",12,$0.1869
MAA,TPA,"4,293",$620.76,"9,097 mi",12,$0.0682
ISB,PER,"4,292",$676.22,"5,165 mi",12,$0.1309
KTM,CAI,"4,292",$217.29,"3,140 mi",12,$0.0692
HYD,LAS,"4,289",$995.76,"8,388 mi",12,$0.1187
HYD,MGQ,"4,286",$469.92,"2,408 mi",12,$0.1951
ATQ,IXB,"4,284",$91.66,859 mi,12,$0.1067
CMB,SAW,"4,280",$191.83,"3,990 mi",12,$0.0481
BLR,DAR,"4,277",$407.80,"3,074 mi",12,$0.1327
UET,BAH,"4,277",$94.47,"1,060 mi",12,$0.0891
TRV,MNL,"4,276",$497.67,"3,100 mi",12,$0.1605
TRV,PAT,"4,276",$110.29,"1,259 mi",12,$0.0876
MUX,TUU,"4,274",$193.82,"2,156 mi",12,$0.0899
ZYL,YYZ,"4,270",$797.12,"7,893 mi",12,$0.1010
AMD,BAH,"4,269",$148.67,"1,355 mi",12,$0.1097
AMD,MUC,"4,268",$501.84,"3,605 mi",12,$0.1392
CMB,YYC,"4,266",$541.38,"8,574 mi",12,$0.0631
KTM,PNH,"4,257",$268.42,"1,633 mi",12,$0.1644
DEL,CKY,"4,252",$656.68,"6,124 mi",12,$0.1072
PEW,ELQ,"4,240",$156.84,"1,786 mi",12,$0.0878
BLR,CMH,"4,238","$1,159.51","8,812 mi",12,$0.1316
ATQ,IXR,"4,231",$87.26,892 mi,12,$0.0978
GOI,IXJ,"4,230",$116.24,"1,161 mi",12,$0.1001
DEL,KHH,"4,229",$330.83,"2,631 mi",12,$0.1257
COK,STV,"4,229",$96.35,771 mi,12,$0.1250
DEL,KLH,"4,224",$90.57,817 mi,12,$0.1109
DEL,XMN,"4,218",$572.28,"2,614 mi",12,$0.2189
KHI,VIE,"4,214",$380.77,"3,064 mi",12,$0.1243
GOX,JED,"4,213",$111.00,"2,372 mi",12,$0.0468
VTZ,GAU,"4,212",$114.83,765 mi,12,$0.1501
DEL,STN,"4,203",$434.02,"4,272 mi",12,$0.1016
ISB,EAM,"4,202",$242.88,"2,012 mi",12,$0.1207
BOM,NUE,"4,202",$420.31,"4,085 mi",12,$0.1029
DEL,VTE,"4,201",$158.97,"1,715 mi",12,$0.0927
MAA,CMH,"4,198",$564.58,"8,358 mi",12,$0.0675
CMB,ALA,"4,190",$210.27,"2,580 mi",11,$0.0815
CCJ,LKO,"4,189",$100.80,"1,092 mi",11,$0.0923
CJB,NAG,"4,188",$82.08,729 mi,11,$0.1126
DAC,FUK,"4,186",$328.46,"2,427 mi",11,$0.1353
CCJ,PNQ,"4,181",$65.16,516 mi,11,$0.1263
CCU,RKT,"4,177",$170.09,"1,993 mi",11,$0.0853
KHI,YVR,"4,177",$593.98,"7,495 mi",11,$0.0793
LKO,AMM,"4,176",$230.22,"2,628 mi",11,$0.0876
KHI,BER,"4,174",$311.99,"3,457 mi",11,$0.0902
MLE,VRN,"4,173",$711.77,"4,842 mi",11,$0.1470
IXC,MEL,"4,172",$385.90,"6,638 mi",11,$0.0581
DEL,BRI,"4,171",$249.53,"3,355 mi",11,$0.0744
GOI,KZN,"4,167",$329.90,"2,977 mi",11,$0.1108
ISB,AMM,"4,165",$349.00,"2,199 mi",11,$0.1587
CJB,DMM,"4,162",$146.11,"2,132 mi",11,$0.0685
CCU,IXW,"4,161",$32.38,142 mi,11,$0.2280
AMD,VIE,"4,161",$413.37,"3,391 mi",11,$0.1219
BOM,CLE,"4,160",$779.22,"7,715 mi",11,$0.1010
AMD,GAY,"4,155",$80.09,810 mi,11,$0.0989
CMB,ORD,"4,154",$783.15,"9,222 mi",11,$0.0849
COK,DAD,"4,154",$177.47,"2,111 mi",11,$0.0841
TRV,MUC,"4,152",$478.77,"4,508 mi",11,$0.1062
HYD,PEN,"4,147",$274.50,"1,742 mi",11,$0.1576
LKO,IXZ,"4,141",$118.88,"1,336 mi",11,$0.0890
MLE,DMM,"4,134",$194.95,"2,131 mi",11,$0.0915
DEL,SKG,"4,128",$584.45,"3,044 mi",11,$0.1920
DAC,WNZ,"4,127",$153.88,"1,966 mi",11,$0.0783
MAA,JHB,"4,125",$122.35,"1,734 mi",11,$0.0706
BOM,GIB,"4,120",$735.22,"4,664 mi",11,$0.1576
TRV,IAH,"4,120",$797.90,"9,437 mi",11,$0.0846
GOX,IXB,"4,117",$114.34,"1,162 mi",11,$0.0984
KHI,AYT,"4,116",$196.82,"2,361 mi",11,$0.0834
DEL,BHD,"4,114",$511.65,"4,492 mi",11,$0.1139
ISB,BSR,"4,110",$541.54,"1,439 mi",11,$0.3763
BOM,DLA,"4,109",$350.41,"4,507 mi",11,$0.0777
MLE,XMN,"4,100",$335.52,"3,180 mi",11,$0.1055
BLR,MEX,"4,098","$1,362.23","9,866 mi",11,$0.1381
BOM,PHC,"4,097",$656.50,"4,670 mi",11,$0.1406
CMB,IDR,"4,096",$74.66,"1,141 mi",11,$0.0654
CJB,RDP,"4,091",$115.67,"1,132 mi",11,$0.1022
ISB,PVG,"4,090",$430.91,"2,752 mi",11,$0.1566
CCU,MCO,"4,083",$748.44,"9,106 mi",11,$0.0822
LHE,PKX,"4,081",$456.46,"2,331 mi",11,$0.1958
HYD,ADL,"4,080",$497.08,"5,498 mi",11,$0.0904
CMB,ISB,"4,076",$508.12,"1,821 mi",11,$0.2790
MUX,AHB,"4,076",$157.69,"1,924 mi",11,$0.0820
BLR,BLQ,"4,074",$734.19,"4,557 mi",11,$0.1611
DAC,BEG,"4,071",$664.68,"4,242 mi",11,$0.1567
AMD,CLE,"4,070",$545.06,"7,921 mi",11,$0.0688
COK,MIA,"4,068",$714.45,"9,785 mi",11,$0.0730
TRV,IDR,"4,066",$124.13,"1,017 mi",11,$0.1221
VTZ,IXB,"4,062",$91.42,679 mi,11,$0.1346
KTM,EWR,"4,060",$496.15,"7,306 mi",11,$0.0679
LHE,YEG,"4,057",$619.94,"6,359 mi",11,$0.0975
CCU,PER,"4,055",$597.72,"4,062 mi",11,$0.1471
KTM,NKG,"4,052",$175.20,"2,083 mi",11,$0.0841
ISB,TFU,"4,048",$436.86,"1,804 mi",11,$0.2422
AMD,CNN,"4,047",$102.11,771 mi,11,$0.1324
IXC,SYD,"4,037",$427.82,"6,388 mi",11,$0.0670
DEL,TRN,"4,035",$451.13,"3,998 mi",11,$0.1128
JAI,MXP,"4,035",$262.21,"3,724 mi",11,$0.0704
COK,BCN,"4,033",$385.61,"5,093 mi",11,$0.0757
ATQ,LAX,"4,030",$719.39,"7,585 mi",11,$0.0948
LHE,RAE,"4,029",$191.38,"2,017 mi",11,$0.0949
BOM,SLC,"4,028",$685.28,"8,039 mi",11,$0.0852
KTM,PIT,"4,023",$545.35,"7,864 mi",11,$0.0693
VTZ,PYB,"4,020",$31.11,92 mi,11,$0.3382
COK,PHL,"4,013",$729.36,"8,276 mi",11,$0.0881
ISB,BGW,"4,011",$423.02,"1,595 mi",11,$0.2652
CMB,HBE,"4,010",$444.96,"3,516 mi",11,$0.1266
HYD,PIT,"4,002",$818.81,"7,972 mi",11,$0.1027
AMD,CCJ,"4,001",$113.39,879 mi,11,$0.1290
AMD,CAI,"4,000",$271.25,"2,656 mi",11,$0.1021
AMD,BCN,"3,996",$448.14,"4,071 mi",11,$0.1101
VGA,SFO,"3,990",$738.39,"8,655 mi",11,$0.0853
DEL,HIJ,"3,982",$569.95,"3,174 mi",11,$0.1796
BLR,ELQ,"3,974",$124.71,"2,304 mi",11,$0.0541
MAA,AJL,"3,971",$114.90,"1,073 mi",11,$0.1071
CMB,BOS,"3,969",$767.35,"8,296 mi",11,$0.0925
GOX,VTZ,"3,968",$71.75,653 mi,11,$0.1099
IXE,SHJ,"3,966",$114.51,"1,477 mi",11,$0.0775
ISB,ECN,"3,965",$422.42,"2,299 mi",11,$0.1837
MAA,HBX,"3,963",$41.61,367 mi,11,$0.1134
COK,RJA,"3,961",$70.86,585 mi,11,$0.1211
BOM,NGB,"3,956",$430.22,"3,027 mi",11,$0.1421
VTZ,SXR,"3,955",$90.01,"1,276 mi",11,$0.0705
LKO,HSR,"3,954",$79.33,710 mi,11,$0.1117
BOM,PMI,"3,953",$529.03,"4,214 mi",11,$0.1255
MLE,SFO,"3,952","$1,373.48","9,653 mi",11,$0.1423
HYD,YUL,"3,945",$586.13,"7,999 mi",11,$0.0733
DEL,SAW,"3,943",$258.19,"2,890 mi",11,$0.0893
JAI,VGA,"3,935",$83.95,803 mi,11,$0.1045
MAA,STN,"3,934",$508.78,"5,240 mi",11,$0.0971
HYD,DMU,"3,934",$110.70,"1,186 mi",11,$0.0933
NAG,HKT,"3,929",$101.40,"1,613 mi",11,$0.0629
MLE,SZX,"3,928",$339.95,"2,888 mi",11,$0.1177
LHE,YNB,"3,920",$219.00,"2,335 mi",11,$0.0938
CMB,BEG,"3,919",$589.72,"4,263 mi",11,$0.1383
IXC,DOH,"3,919",$152.14,"1,530 mi",11,$0.0994
BOM,GEO,"3,913",$987.25,"8,410 mi",11,$0.1174
JAI,DIB,"3,910",$114.11,"1,145 mi",11,$0.0997
MAA,TLV,"3,908",$744.08,"3,053 mi",11,$0.2437
BOM,COV,"3,907",$327.36,"2,668 mi",11,$0.1227
MLE,MRV,"3,904",$375.99,"3,427 mi",11,$0.1097
DEL,CTA,"3,902",$312.66,"3,475 mi",11,$0.0900
BOM,BGI,"3,900",$872.84,"8,761 mi",11,$0.0996
BOM,RIX,"3,898",$328.42,"3,714 mi",11,$0.0884
KHI,BRU,"3,896",$339.50,"3,611 mi",11,$0.0940
AMD,YXE,"3,894",$686.93,"7,454 mi",11,$0.0922
COK,CPH,"3,894",$303.14,"4,766 mi",11,$0.0636
COK,TRZ,"3,892",$20.93,167 mi,11,$0.1253
AMD,IXU,"3,887",$30.91,293 mi,11,$0.1055
DEL,YQM,"3,886",$486.06,"6,548 mi",11,$0.0742
COK,JNB,"3,883",$419.59,"3,968 mi",11,$0.1057
CCU,AKL,"3,879",$882.21,"6,745 mi",11,$0.1308
GOI,SHJ,"3,869",$134.65,"1,410 mi",11,$0.0955
NAG,SFO,"3,861",$701.50,"7,903 mi",11,$0.0888
ATQ,MAN,"3,861",$336.89,"4,101 mi",11,$0.0821
TRV,BBI,"3,859",$91.70,"1,037 mi",11,$0.0884
CJB,BDQ,"3,858",$95.89,846 mi,11,$0.1133
CJB,HSR,"3,856",$86.35,904 mi,11,$0.0955
VGA,JFK,"3,847",$563.66,"7,918 mi",11,$0.0712
IXE,GAU,"3,842",$133.70,"1,456 mi",11,$0.0918
MAA,YUL,"3,837",$625.35,"8,323 mi",11,$0.0751
BOM,BSR,"3,836",$541.19,"1,709 mi",11,$0.3167
AMD,YUL,"3,832",$605.88,"7,032 mi",10,$0.0862
DAC,PUS,"3,831",$199.78,"2,356 mi",10,$0.0848
COK,LAD,"3,826","$1,056.49","4,402 mi",10,$0.2400
DEL,SAI,"3,826",$152.19,"2,093 mi",10,$0.0727
ATQ,BHO,"3,822",$67.60,584 mi,10,$0.1158
MLE,PEN,"3,822",$138.63,"1,788 mi",10,$0.0775
CMB,JNB,"3,821",$590.00,"4,281 mi",10,$0.1378
BOM,JER,"3,820",$785.64,"4,697 mi",10,$0.1673
DAC,SAI,"3,817",$281.02,"1,122 mi",10,$0.2505
MLE,KZN,"3,817",$643.48,"3,684 mi",10,$0.1747
HYD,IND,"3,816","$1,353.99","8,631 mi",10,$0.1569
DAC,SHW,"3,815",$352.41,"2,907 mi",10,$0.1212
BLR,PIT,"3,814","$1,054.49","8,213 mi",10,$0.1284
KTM,JHB,"3,809",$170.44,"2,105 mi",10,$0.0810
MAA,YEG,"3,808",$662.82,"7,550 mi",10,$0.0878
GOX,MIA,"3,808",$602.74,"9,354 mi",10,$0.0644
CCU,IXI,"3,803",$43.82,463 mi,10,$0.0946
LHE,EAM,"3,801",$188.21,"2,168 mi",10,$0.0868
BLR,SHL,"3,792",$105.82,"1,305 mi",10,$0.0811
KHI,MLE,"3,787",$292.12,"1,537 mi",10,$0.1901
IXC,IXZ,"3,785",$129.48,"1,614 mi",10,$0.0802
BOM,EZE,"3,781","$1,129.37","9,008 mi",10,$0.1254
ZYL,SPD,"3,778",$46.24,199 mi,10,$0.2324
LKO,AJF,"3,778",$244.04,"2,404 mi",10,$0.1015
VTZ,STV,"3,774",$91.89,700 mi,10,$0.1313
CCU,MAD,"3,774",$389.67,"5,478 mi",10,$0.0711
LHE,LCA,"3,769",$543.87,"2,424 mi",10,$0.2244
BOM,MCI,"3,769","$1,342.47","8,573 mi",10,$0.1566
COK,EWR,"3,765",$538.02,"8,707 mi",10,$0.0618
BOM,ASR,"3,753",$283.41,"2,689 mi",10,$0.1054
VGA,EWR,"3,752",$506.62,"8,414 mi",10,$0.0602
MAA,HGH,"3,751",$275.14,"2,742 mi",10,$0.1003
ISB,NKG,"3,745",$514.56,"2,579 mi",10,$0.1995
BOM,LUX,"3,744",$716.98,"4,310 mi",10,$0.1664
KHI,MPM,"3,744",$276.25,"4,076 mi",10,$0.0678
COK,PEN,"3,743",$147.21,"1,718 mi",10,$0.0857
LYP,KWI,"3,741",$171.02,"1,542 mi",10,$0.1109
DAC,RGN,"3,738",$286.81,588 mi,10,$0.4878
DAC,NGB,"3,737",$170.89,"2,012 mi",10,$0.0849
BOM,TFS,"3,734",$678.30,"5,741 mi",10,$0.1182
ATQ,BCN,"3,728",$218.05,"3,856 mi",10,$0.0565
BLR,NUE,"3,727",$521.31,"4,617 mi",10,$0.1129
KTM,VKO,"3,723",$899.46,"2,958 mi",10,$0.3041
HYD,SAN,"3,718","$1,069.69","8,568 mi",10,$0.1248
ISB,BIO,"3,717",$156.54,"4,134 mi",10,$0.0379
COK,LIS,"3,716",$355.48,"5,375 mi",10,$0.0661
AMD,DHM,"3,714",$50.78,646 mi,10,$0.0786
CMB,GOT,"3,714",$349.51,"5,129 mi",10,$0.0681
IXE,PAT,"3,713",$91.65,"1,063 mi",10,$0.0862
KHI,ADD,"3,712",$147.60,"2,230 mi",10,$0.0662
MLE,FUK,"3,710",$360.11,"4,048 mi",10,$0.0890
CMB,MSQ,"3,709",$413.00,"4,187 mi",10,$0.0986
ISB,KIX,"3,705",$438.87,"3,621 mi",10,$0.1212
KHI,LIS,"3,699",$450.00,"4,319 mi",10,$0.1042
VGA,DXB,"3,699",$145.63,"1,797 mi",10,$0.0810
AMD,DAR,"3,695",$484.03,"3,155 mi",10,$0.1534
COK,SAG,"3,690",$79.48,693 mi,10,$0.1147
BLR,CNX,"3,689",$133.30,"1,506 mi",10,$0.0885
MAA,SUB,"3,685",$338.69,"2,565 mi",10,$0.1320
KHI,KTM,"3,684",$336.77,"1,108 mi",10,$0.3039
KTM,CLE,"3,684",$500.21,"7,364 mi",10,$0.0679
KTM,CMH,"3,677",$569.60,"7,468 mi",10,$0.0763
KTM,MED,"3,676",$233.04,"2,909 mi",10,$0.0801
DAC,ADD,"3,674",$298.82,"3,655 mi",10,$0.0818
ATQ,AMS,"3,673",$243.45,"3,814 mi",10,$0.0638
HYD,LGK,"3,672",$162.25,"1,574 mi",10,$0.1031
PEW,EAM,"3,666",$210.92,"2,080 mi",10,$0.1014
KTM,YIW,"3,665",$211.88,"2,037 mi",10,$0.1040
AMD,FCO,"3,661",$337.31,"3,560 mi",10,$0.0948
TRV,ZRH,"3,658",$377.79,"4,638 mi",10,$0.0815
MLE,SAW,"3,657",$242.93,"3,841 mi",10,$0.0632
KTM,AMM,"3,654",$286.03,"3,038 mi",10,$0.0942
MAA,GAY,"3,652",$110.45,843 mi,10,$0.1310
MLE,MUM,"3,648",$70.05,86 mi,10,$0.8145
VTZ,BKK,"3,648",$138.36,"1,234 mi",10,$0.1121
BOM,BHD,"3,645",$459.62,"4,844 mi",10,$0.0949
DAC,TIF,"3,641",$162.43,"3,071 mi",10,$0.0529
LHE,VIE,"3,637",$414.63,"3,095 mi",10,$0.1340
MLE,CPT,"3,636",$702.27,"4,306 mi",10,$0.1631
KHI,TUK,"3,631",$86.00,260 mi,10,$0.3308
DEL,JUB,"3,631",$280.20,"3,294 mi",10,$0.0851
CCU,YNB,"3,629",$104.45,"3,084 mi",10,$0.0339
BOM,CGN,"3,628",$843.21,"4,026 mi",10,$0.2094
VGA,ORD,"3,627",$610.19,"8,080 mi",10,$0.0755
ATQ,CGK,"3,618",$309.78,"3,453 mi",10,$0.0897
TRV,MXP,"3,607",$306.20,"4,892 mi",10,$0.0626
SKT,JNB,"3,601",$599.87,"5,215 mi",10,$0.1150
CMB,TNR,"3,600",$565.38,"2,760 mi",10,$0.2048
HYD,LIS,"3,598",$685.31,"5,191 mi",10,$0.1320
MAA,GLA,"3,593",$745.58,"5,111 mi",10,$0.1459
NAG,UDR,"3,592",$96.31,396 mi,10,$0.2432
LHE,BIO,"3,591",$186.18,"4,044 mi",10,$0.0460
BLR,BHJ,"3,589",$136.87,899 mi,10,$0.1522
BOM,SCL,"3,588","$1,153.17","9,693 mi",10,$0.1190
AMD,PHX,"3,588",$754.19,"8,776 mi",10,$0.0859
DAC,MSQ,"3,580",$857.38,"3,671 mi",10,$0.2336
BOM,BEY,"3,579",$394.92,"2,583 mi",10,$0.1529
LHE,DTW,"3,579",$556.06,"6,935 mi",10,$0.0802
CMB,CGO,"3,579",$209.71,"2,954 mi",10,$0.0710
BLR,JGA,"3,577",$119.31,840 mi,10,$0.1420
BOM,IND,"3,576","$1,051.20","7,912 mi",10,$0.1329
CMB,PEN,"3,575",$168.52,"1,364 mi",10,$0.1235
BLR,STN,"3,573",$807.78,"5,119 mi",10,$0.1578
AMD,PEN,"3,571",$411.39,"2,280 mi",10,$0.1804
HYD,BUD,"3,570",$784.29,"4,033 mi",10,$0.1945
HYD,HGI,"3,569",$115.41,"1,217 mi",10,$0.0948
AMD,JLR,"3,566",$52.88,485 mi,10,$0.1090
KTM,BBI,"3,565",$110.87,531 mi,10,$0.2088
COK,EAM,"3,563",$216.73,"2,269 mi",10,$0.0955
MAA,IXG,"3,558",$26.83,434 mi,10,$0.0618
CCU,BRU,"3,556",$488.19,"4,903 mi",10,$0.0996
TRV,JDH,"3,549",$96.47,"1,292 mi",10,$0.0747
COK,BRU,"3,547",$344.92,"5,036 mi",10,$0.0685
TRV,IXB,"3,543",$148.75,"1,419 mi",10,$0.1048
AMD,TCR,"3,543",$107.76,"1,086 mi",10,$0.0992
KTM,PRG,"3,542",$450.43,"3,838 mi",10,$0.1174
DAC,CPT,"3,540","$1,039.61","6,359 mi",10,$0.1635
HYD,ATH,"3,535",$545.13,"3,679 mi",10,$0.1482
MLE,LJU,"3,535",$542.10,"4,420 mi",10,$0.1226
VTZ,HKT,"3,533",$77.34,"1,248 mi",10,$0.0620
CJB,KUL,"3,532",$249.65,"1,731 mi",10,$0.1442
TRV,VTZ,"3,532",$99.44,743 mi,10,$0.1338
DAC,OPO,"3,531",$394.36,"5,422 mi",10,$0.0727
BLR,HAJ,"3,530","$1,098.51","4,439 mi",10,$0.2475
GOI,CDG,"3,526",$373.96,"4,438 mi",10,$0.0843
LKO,IXD,"3,524",$15.24,102 mi,10,$0.1494
ISB,YVR,"3,523",$598.50,"6,436 mi",10,$0.0930
DAC,RKT,"3,517",$182.72,"2,225 mi",10,$0.0821
DAC,WAE,"3,509",$210.22,"2,802 mi",10,$0.0750
CMB,KRK,"3,506",$415.38,"4,396 mi",10,$0.0945
VTZ,MNL,"3,495",$494.40,"2,439 mi",10,$0.2027
AMD,AUS,"3,486",$560.65,"8,961 mi",10,$0.0626
MLE,CTA,"3,485",$397.97,"4,203 mi",10,$0.0947
CCU,EDI,"3,484",$361.13,"5,151 mi",10,$0.0701
BOM,RGN,"3,483",$285.74,"1,581 mi",10,$0.1807
COK,CLT,"3,479",$579.56,"9,239 mi",10,$0.0627
MAA,LAS,"3,478","$1,097.72","9,168 mi",10,$0.1197
CCU,SAI,"3,478",$134.75,"1,180 mi",10,$0.1142
DAC,MCO,"3,474",$891.42,"8,520 mi",10,$0.1046
ISB,JNB,"3,473",$598.29,"4,904 mi",10,$0.1220
TRV,IXR,"3,473",$107.19,"1,131 mi",10,$0.0948
BOM,BEW,"3,471",$485.80,"3,831 mi",10,$0.1268
DEL,UFA,"3,470",$219.91,"2,023 mi",10,$0.1087
MAA,KLH,"3,469",$34.28,482 mi,10,$0.0711
TRV,HKT,"3,469",$91.76,"1,506 mi",10,$0.0609
CMB,PUS,"3,467",$382.09,"3,544 mi",9,$0.1078
ATQ,STV,"3,465",$85.65,721 mi,9,$0.1188
VTZ,BDQ,"3,464",$89.95,745 mi,9,$0.1207
CMB,DAR,"3,463",$762.75,"3,056 mi",9,$0.2496
BLR,FUK,"3,463",$617.32,"3,692 mi",9,$0.1672
CCJ,GAU,"3,463",$145.79,"1,408 mi",9,$0.1035
MLE,GOT,"3,463",$405.55,"4,788 mi",9,$0.0847
BOM,YQR,"3,463",$516.14,"7,402 mi",9,$0.0697
DAC,HBE,"3,462",$400.99,"3,823 mi",9,$0.1049
CCJ,VNS,"3,459",$88.52,"1,054 mi",9,$0.0840
CMB,LJU,"3,459",$297.44,"4,552 mi",9,$0.0653
COK,GWL,"3,457",$110.18,"1,088 mi",9,$0.1013
TRV,ELQ,"3,456",$145.79,"2,571 mi",9,$0.0567
DEL,TLL,"3,453",$421.31,"3,133 mi",9,$0.1345
MLE,CTU,"3,453",$344.95,"2,610 mi",9,$0.1322
CMB,TUU,"3,452",$190.66,"3,081 mi",9,$0.0619
MAA,NGO,"3,449",$711.57,"3,940 mi",9,$0.1806
ISB,GLA,"3,446",$519.31,"3,978 mi",9,$0.1305
CCU,NBO,"3,444",$269.18,"3,725 mi",9,$0.0723
COK,LOS,"3,441",$578.51,"5,142 mi",9,$0.1125
HYD,NCL,"3,441",$511.78,"5,005 mi",9,$0.1023
COK,PHX,"3,439",$578.74,"9,093 mi",9,$0.0636
DEL,CEB,"3,435",$404.54,"3,376 mi",9,$0.1198
BOM,KAN,"3,435",$264.58,"4,159 mi",9,$0.0636
CMB,TLL,"3,434",$303.62,"4,741 mi",9,$0.0640
DEL,SHA,"3,433",$564.36,"2,560 mi",9,$0.2205
COK,GLA,"3,433",$512.33,"5,443 mi",9,$0.0941
MAA,BLL,"3,431",$623.30,"4,601 mi",9,$0.1355
ISB,NAP,"3,425",$192.21,"3,104 mi",9,$0.0619
KTM,YEG,"3,422",$610.46,"6,927 mi",9,$0.0881
GOI,MIA,"3,420",$681.15,"9,374 mi",9,$0.0727
NAG,DED,"3,419",$69.80,650 mi,9,$0.1074
MAA,ELQ,"3,418",$143.23,"2,454 mi",9,$0.0584
SKT,LGW,"3,414",$414.64,"3,983 mi",9,$0.1041
MUX,EDI,"3,414",$252.00,"3,824 mi",9,$0.0659
NAG,AUH,"3,413",$142.88,"1,616 mi",9,$0.0884
CCJ,KTM,"3,409",$118.26,"1,257 mi",9,$0.0941
DEL,NAV,"3,407",$314.88,"2,599 mi",9,$0.1212
COK,IMF,"3,407",$171.05,"1,575 mi",9,$0.1086
ATQ,BAH,"3,404",$190.60,"1,459 mi",9,$0.1306
DEL,MCI,"3,404",$748.24,"7,486 mi",9,$0.1000
ATQ,GOX,"3,404",$87.73,"1,138 mi",9,$0.0771
CJB,CMB,"3,403",$37.78,339 mi,9,$0.1114
CCU,ATL,"3,401",$852.74,"8,263 mi",9,$0.1032
NAG,PAT,"3,400",$84.05,478 mi,9,$0.1758
AMD,DLI,"3,399",$184.68,"2,400 mi",9,$0.0770
CCU,CPH,"3,399",$312.63,"4,521 mi",9,$0.0692
DEL,MRV,"3,398",$308.17,"2,092 mi",9,$0.1473
COK,NCL,"3,398",$388.24,"5,019 mi",9,$0.0774
MUX,KWI,"3,396",$215.28,"1,364 mi",9,$0.1578
MAA,TBS,"3,390",$235.63,"2,809 mi",9,$0.0839
CMB,BGY,"3,390",$347.10,"5,057 mi",9,$0.0686
DEL,STL,"3,389",$973.21,"7,947 mi",9,$0.1225
DEL,TRS,"3,388",$309.50,"3,705 mi",9,$0.0835
DAC,MRV,"3,387",$618.86,"2,910 mi",9,$0.2127
DAC,ZAG,"3,384",$504.67,"4,447 mi",9,$0.1135
DEL,LFW,"3,384",$422.35,"5,002 mi",9,$0.0844
MLE,RIX,"3,383",$664.03,"4,663 mi",9,$0.1424
MLE,TRZ,"3,376",$102.36,593 mi,9,$0.1726
MAA,BUD,"3,375",$739.28,"4,336 mi",9,$0.1705
DEL,BSZ,"3,374",$210.13,"1,042 mi",9,$0.2017
ISB,SEA,"3,374",$748.59,"6,559 mi",9,$0.1141
COK,DTW,"3,373",$600.56,"8,856 mi",9,$0.0678
COK,JDH,"3,372",$101.05,"1,100 mi",9,$0.0919
ATQ,BDQ,"3,371",$71.88,675 mi,9,$0.1065
MLE,MED,"3,370",$420.38,"2,571 mi",9,$0.1635
HYD,EBB,"3,370",$355.75,"3,444 mi",9,$0.1033
LHE,HAM,"3,369",$341.38,"3,577 mi",9,$0.0954
DEL,ABZ,"3,367",$611.16,"4,316 mi",9,$0.1416
DAC,EDI,"3,364",$612.46,"5,157 mi",9,$0.1188
CCU,LOS,"3,358",$413.58,"5,562 mi",9,$0.0744
CJB,FRA,"3,356",$428.20,"4,825 mi",9,$0.0887
LYP,SAW,"3,355",$362.94,"2,572 mi",9,$0.1411
MLE,IAD,"3,355","$1,207.08","9,196 mi",9,$0.1313
COK,LGK,"3,354",$150.62,"1,664 mi",9,$0.0905
DEL,NSZ,"3,353",$263.41,"2,230 mi",9,$0.1181
KHI,DTW,"3,352",$526.94,"7,209 mi",9,$0.0731
HYD,GLA,"3,351",$664.23,"5,112 mi",9,$0.1299
BLR,JRH,"3,351",$139.53,"1,375 mi",9,$0.1015
COK,JLR,"3,348",$120.65,904 mi,9,$0.1335
HYD,CPT,"3,341",$861.27,"5,448 mi",9,$0.1581
KHI,YEG,"3,341",$699.53,"6,821 mi",9,$0.1026
DEL,GIG,"3,337","$1,473.88","8,476 mi",9,$0.1739
CMB,TBS,"3,336",$479.79,"3,296 mi",9,$0.1456
MLE,TLV,"3,332",$495.08,"3,248 mi",9,$0.1524
BLR,DME,"3,331",$658.71,"3,500 mi",9,$0.1882
TRV,DME,"3,331",$673.95,"3,992 mi",9,$0.1688
LKO,JDH,"3,330",$65.28,501 mi,9,$0.1303
ISB,CTU,"3,329",$632.90,"1,772 mi",9,$0.3572
COK,YUL,"3,328",$536.26,"7,924 mi",9,$0.0677
TRV,NRT,"3,325",$443.39,"4,262 mi",9,$0.1040
TRV,MED,"3,325",$176.34,"2,772 mi",9,$0.0636
MUX,IST,"3,314",$229.00,"2,410 mi",9,$0.0950
CNN,PNQ,"3,313",$50.49,487 mi,9,$0.1037
JAI,CDG,"3,312",$381.78,"4,226 mi",9,$0.0903
TRV,EDI,"3,312",$322.52,"5,519 mi",9,$0.0584
AMD,TBS,"3,311",$164.72,"2,109 mi",9,$0.0781
BLR,CHC,"3,310",$786.17,"7,294 mi",9,$0.1078
CMB,KJA,"3,310",$323.85,"3,558 mi",9,$0.0910
MLE,EVN,"3,309",$377.84,"3,168 mi",9,$0.1193
MLE,STR,"3,307","$1,196.54","4,698 mi",9,$0.2547
COK,CNX,"3,305",$132.18,"1,669 mi",9,$0.0792
DEL,IKT,"3,298",$362.36,"2,217 mi",9,$0.1634
CCU,PAB,"3,296",$39.15,422 mi,9,$0.0928
BOM,LIM,"3,295","$1,045.07","10,694 mi",9,$0.0977
KTM,HAM,"3,294",$414.89,"3,991 mi",9,$0.1040
LKO,GIZ,"3,291",$235.19,"2,463 mi",9,$0.0955
DEL,TIA,"3,289",$350.27,"3,403 mi",9,$0.1029
MUX,BAH,"3,288",$182.12,"1,331 mi",9,$0.1368
BOM,STN,"3,287",$564.68,"4,318 mi",9,$0.1308
BOM,BLZ,"3,287",$377.19,"3,628 mi",9,$0.1040
HYD,DME,"3,284",$768.85,"3,488 mi",9,$0.2204
IXC,IXU,"3,283",$75.57,775 mi,9,$0.0975
TRV,AMS,"3,280",$370.16,"4,854 mi",9,$0.0763
DEL,ADB,"3,279",$434.49,"2,833 mi",9,$0.1534
KTM,DAD,"3,278",$331.41,"1,717 mi",9,$0.1930
MUX,TLV,"3,278",$158.40,"2,090 mi",9,$0.0758
ISB,EWR,"3,277",$511.65,"6,686 mi",9,$0.0765
BOM,YWG,"3,276",$505.68,"7,860 mi",9,$0.0643
MLE,BEY,"3,275",$439.90,"3,090 mi",9,$0.1424
MLE,SHE,"3,275",$371.41,"4,136 mi",9,$0.0898
TRV,VIE,"3,275",$235.54,"4,563 mi",9,$0.0516
BLR,CLE,"3,273","$1,050.98","8,697 mi",9,$0.1208
LKO,IXJ,"3,270",$70.12,531 mi,9,$0.1321
COK,YWG,"3,270",$520.28,"8,517 mi",9,$0.0611
AMD,YHZ,"3,268",$578.39,"6,779 mi",9,$0.0853
MAA,QYG,"3,268",$253.06,"4,709 mi",9,$0.0537
HYD,DUS,"3,263",$462.38,"4,371 mi",9,$0.1058
LKO,IXL,"3,262",$83.10,531 mi,9,$0.1565
LYP,BAH,"3,257",$149.59,"1,354 mi",9,$0.1105
BOM,PNR,"3,255",$435.38,"4,595 mi",9,$0.0948
CCU,MRU,"3,255",$341.63,"3,737 mi",9,$0.0914
MLE,PMI,"3,253",$641.26,"4,864 mi",9,$0.1318
HYD,KQH,"3,249",$58.01,666 mi,9,$0.0871
DEL,SXV,"3,248",$120.05,"1,126 mi",9,$0.1066
BOM,PNY,"3,243",$82.78,695 mi,9,$0.1191
IXE,SIN,"3,241",$164.37,"2,082 mi",9,$0.0789
BOM,TSN,"3,240",$708.05,"3,071 mi",9,$0.2306
DEL,AJF,"3,238",$172.67,"2,157 mi",9,$0.0801
MAA,WAW,"3,237",$489.56,"4,093 mi",9,$0.1196
ATQ,YUL,"3,236",$687.75,"6,954 mi",9,$0.0989
DEL,ABT,"3,236",$181.36,"2,363 mi",9,$0.0767
CMB,CPT,"3,235",$639.31,"5,053 mi",9,$0.1265
MAA,VCE,"3,228",$439.09,"4,376 mi",9,$0.1003
CCU,BER,"3,227",$306.36,"4,233 mi",9,$0.0724
DAC,SAW,"3,225",$391.39,"3,566 mi",9,$0.1098
CMB,TAS,"3,220",$332.87,"2,516 mi",9,$0.1323
BOM,DBV,"3,217",$443.82,"3,655 mi",9,$0.1214
ISB,NBO,"3,216",$656.01,"3,252 mi",9,$0.2017
CMB,STR,"3,216",$236.81,"5,116 mi",9,$0.0463
MLE,ZAG,"3,214",$482.81,"4,607 mi",9,$0.1048
HYD,PEK,"3,213",$448.32,"2,685 mi",9,$0.1670
LHE,SEA,"3,212",$576.42,"6,676 mi",9,$0.0863
CMB,TAO,"3,212",$254.01,"3,332 mi",9,$0.0762
DEL,HUI,"3,212",$149.78,"2,054 mi",9,$0.0729
IXE,VTZ,"3,207",$78.17,664 mi,9,$0.1177
DAC,BUD,"3,201",$667.74,"4,281 mi",9,$0.1560
BLR,CMN,"3,199",$661.80,"5,288 mi",9,$0.1252
HYD,STN,"3,197",$577.03,"4,643 mi",9,$0.1243
CMB,DFW,"3,195",$931.21,"9,950 mi",9,$0.0936
MLE,YYZ,"3,194","$1,059.77","8,994 mi",9,$0.1178
CMB,WUH,"3,194",$227.34,"2,835 mi",9,$0.0802
MLE,TAO,"3,190",$339.31,"3,582 mi",9,$0.0947
BOM,SXV,"3,189",$72.80,594 mi,9,$0.1226
LHE,BNE,"3,186",$711.95,"6,782 mi",9,$0.1050
CMB,IAH,"3,185",$800.56,"9,554 mi",9,$0.0838
KTM,DUS,"3,184",$360.14,"4,143 mi",9,$0.0869
MAA,DME,"3,182",$659.87,"3,587 mi",9,$0.1840
DEL,ESB,"3,181",$510.99,"2,688 mi",9,$0.1901
COK,TBS,"3,181",$244.98,"2,807 mi",9,$0.0873
COK,HAM,"3,177",$399.50,"4,835 mi",9,$0.0826
MAA,PDX,"3,176",$752.12,"8,390 mi",9,$0.0896
KTM,TRV,"3,176",$113.53,"1,394 mi",9,$0.0814
DEL,KNO,"3,175",$404.41,"2,172 mi",9,$0.1862
DEL,BRE,"3,174",$308.11,"3,895 mi",9,$0.0791
COK,HAS,"3,174",$201.18,"2,629 mi",9,$0.0765
JAI,RJA,"3,173",$94.22,796 mi,9,$0.1184
ATQ,YWG,"3,173",$575.62,"6,979 mi",9,$0.0825
BOM,GIG,"3,171","$1,302.43","8,088 mi",9,$0.1610
AMD,CMH,"3,170",$563.98,"8,036 mi",9,$0.0702
MLE,MSQ,"3,167",$541.44,"4,404 mi",9,$0.1229
MLE,TLS,"3,167",$359.75,"4,975 mi",9,$0.0723
BOM,POS,"3,164","$1,109.65","8,965 mi",9,$0.1238
SKT,STN,"3,163",$500.76,"3,954 mi",9,$0.1266
CCU,TPE,"3,162",$312.02,"2,135 mi",9,$0.1461
UET,MEL,"3,161",$797.05,"6,667 mi",9,$0.1196
DAC,WUX,"3,161",$161.73,"1,848 mi",9,$0.0875
BOM,BRE,"3,160",$364.15,"3,978 mi",9,$0.0915
VTZ,IXM,"3,156",$80.28,663 mi,9,$0.1211
BOM,YOW,"3,156",$614.58,"7,340 mi",9,$0.0837
KTM,AHB,"3,155",$265.78,"2,696 mi",9,$0.0986
DAC,RAH,"3,155",$243.75,"2,816 mi",9,$0.0866
KTM,DNP,"3,154",$35.57,182 mi,9,$0.1954
MAA,LAD,"3,151",$986.34,"4,690 mi",9,$0.2103
GOI,MCT,"3,150",$162.93,"1,195 mi",9,$0.1363
DAC,NGO,"3,140",$342.42,"2,956 mi",9,$0.1158
DEL,GBE,"3,139",$470.41,"4,854 mi",9,$0.0969
KTM,HBA,"3,139",$472.00,"6,456 mi",9,$0.0731
VTZ,JFK,"3,136",$587.83,"8,386 mi",9,$0.0701
CJB,SFO,"3,135",$665.22,"9,112 mi",9,$0.0730
BOM,BIO,"3,133",$547.11,"4,757 mi",9,$0.1150
BOM,BSL,"3,132","$1,051.28","4,235 mi",9,$0.2482
TRV,BSR,"3,130",$652.30,"2,499 mi",9,$0.2610
MAA,HGI,"3,130",$135.58,"1,339 mi",9,$0.1013
COK,KBV,"3,129",$111.36,"1,593 mi",9,$0.0699
ISB,QYG,"3,129",$219.52,"3,281 mi",9,$0.0669
VTZ,DED,"3,126",$111.54,946 mi,9,$0.1179
KHI,YUL,"3,126",$627.60,"6,779 mi",9,$0.0926
ISB,SAW,"3,120",$247.50,"2,495 mi",9,$0.0992
BOM,BJV,"3,119",$281.36,"2,900 mi",9,$0.0970
BOM,LJU,"3,114",$620.00,"3,889 mi",9,$0.1594
CMB,IXC,"3,109",$127.72,"1,586 mi",9,$0.0805
DAC,SLL,"3,106",$198.83,"2,462 mi",9,$0.0808
DEL,CNS,"3,102",$527.12,"5,720 mi",8,$0.0922
BOM,KHH,"3,101",$412.91,"3,155 mi",8,$0.1309
DEL,JHB,"3,097",$240.39,"2,632 mi",8,$0.0913
MLE,TAS,"3,096",$313.33,"2,651 mi",8,$0.1182
BLR,NCL,"3,093",$690.22,"4,902 mi",8,$0.1408
NAG,JFK,"3,090",$489.27,"7,592 mi",8,$0.0644
CCJ,SIN,"3,089",$114.25,"2,099 mi",8,$0.0544
LHE,SAW,"3,088",$233.36,"2,489 mi",8,$0.0938
MAA,BNA,"3,088",$787.61,"9,204 mi",8,$0.0856
KHI,CPH,"3,087",$261.19,"3,341 mi",8,$0.0782
DEL,REG,"3,087",$203.44,"3,650 mi",8,$0.0557
KTM,BHP,"3,085",$19.67,107 mi,8,$0.1838
MAA,NCE,"3,085",$566.87,"4,610 mi",8,$0.1230
CCU,GWL,"3,085",$79.49,711 mi,8,$0.1118
AMD,JNB,"3,083",$439.98,"4,378 mi",8,$0.1005
KTM,XIY,"3,081",$194.30,"1,413 mi",8,$0.1375
HYD,HAM,"3,080",$546.60,"4,253 mi",8,$0.1285
KTM,BUD,"3,079",$371.99,"3,633 mi",8,$0.1024
BOM,LBV,"3,077",$549.54,"4,347 mi",8,$0.1264
BOM,FUK,"3,074",$570.20,"3,766 mi",8,$0.1514
KTM,CTS,"3,074",$361.19,"3,378 mi",8,$0.1069
PEW,GIZ,"3,071",$237.69,"2,080 mi",8,$0.1143
HYD,JAX,"3,070",$552.33,"8,617 mi",8,$0.0641
AMD,TLV,"3,068",$597.54,"2,452 mi",8,$0.2437
MAA,CVG,"3,066",$721.93,"8,449 mi",8,$0.0854
KTM,CVG,"3,062",$548.23,"8,013 mi",8,$0.0684
DEL,SJO,"3,061",$860.93,"9,779 mi",8,$0.0880
BOM,RUN,"3,057",$281.61,"3,091 mi",8,$0.0911
MAA,SVO,"3,055",$372.81,"3,624 mi",8,$0.1029
KTM,IDR,"3,055",$72.68,710 mi,8,$0.1024
CMB,HAS,"3,054",$164.96,"2,777 mi",8,$0.0594
BLR,STL,"3,052","$1,493.77","9,028 mi",8,$0.1655
MLE,AMM,"3,052",$433.28,"3,179 mi",8,$0.1363
COK,IXD,"3,050",$122.93,"1,146 mi",8,$0.1073
CJB,SYD,"3,049",$479.33,"5,586 mi",8,$0.0858
BOM,HUI,"3,046",$172.94,"2,227 mi",8,$0.0777
CCU,BNE,"3,043",$762.32,"5,694 mi",8,$0.1339
CCU,RRK,"3,041",$36.08,240 mi,8,$0.1503
DEL,NGB,"3,040",$485.46,"2,740 mi",8,$0.1772
BLR,LUX,"3,038",$725.09,"4,841 mi",8,$0.1498
MAA,BKI,"3,038",$168.79,"2,565 mi",8,$0.0658
LHE,AMM,"3,037",$305.37,"2,315 mi",8,$0.1319
MAA,JGA,"3,037",$111.44,907 mi,8,$0.1229
AMD,MAD,"3,037",$568.43,"4,631 mi",8,$0.1227
DEL,YNB,"3,037",$195.90,"2,499 mi",8,$0.0784
JAI,BAH,"3,036",$136.18,"1,507 mi",8,$0.0904
DEL,LIM,"3,032","$1,026.83","10,107 mi",8,$0.1016
CMB,XIY,"3,032",$143.09,"2,710 mi",8,$0.0528
LHE,AJF,"3,029",$233.50,"1,973 mi",8,$0.1183
KHI,EWR,"3,028",$432.76,"7,487 mi",8,$0.0578
BOM,NGO,"3,024",$654.29,"3,897 mi",8,$0.1679
DEL,DLA,"3,023",$357.83,"4,857 mi",8,$0.0737
GOI,SYD,"3,020",$686.33,"6,294 mi",8,$0.1090
BOM,TLS,"3,019",$694.91,"4,271 mi",8,$0.1627
CMB,NKG,"3,017",$242.54,"3,118 mi",8,$0.0778
BOM,STL,"3,015","$1,042.15","8,544 mi",8,$0.1220
DAC,NAN,"3,014",$975.98,"6,333 mi",8,$0.1541
KHI,GIZ,"3,013",$169.36,"1,627 mi",8,$0.1041
DEL,DRW,"3,012",$437.13,"4,434 mi",8,$0.0986
CCJ,MED,"3,006",$170.84,"2,472 mi",8,$0.0691
KHI,BSR,"3,005",$393.76,"1,215 mi",8,$0.3241
VTZ,JED,"3,005",$242.92,"2,784 mi",8,$0.0873
BOM,SHA,"3,003",$526.73,"3,025 mi",8,$0.1741
MAA,ABJ,"3,001",$539.45,"5,913 mi",8,$0.0912
CCU,AHB,"2,999",$204.62,"2,880 mi",8,$0.0710
DEL,BUF,"2,998",$500.77,"7,045 mi",8,$0.0711
MLE,NQZ,"2,997",$479.81,"3,141 mi",8,$0.1528
GOX,DED,"2,997",$101.89,"1,005 mi",8,$0.1014
CMB,GLA,"2,997",$543.87,"5,756 mi",8,$0.0945
TRV,CGK,"2,995",$302.66,"2,353 mi",8,$0.1286
CJB,RJA,"2,992",$66.06,512 mi,8,$0.1290
MLE,VNO,"2,991",$362.41,"4,265 mi",8,$0.0850
DEL,BOD,"2,988",$487.33,"4,159 mi",8,$0.1172
LHE,DMK,"2,986",$328.15,"1,994 mi",8,$0.1646
MAA,AMM,"2,982",$274.14,"3,170 mi",8,$0.0865
TRV,DED,"2,982",$119.93,"1,457 mi",8,$0.0823
MAA,CPT,"2,981",$458.04,"5,336 mi",8,$0.0858
BOM,NAN,"2,980",$758.34,"7,308 mi",8,$0.1038
BOM,NAV,"2,979",$267.95,"2,739 mi",8,$0.0978
CCU,KLH,"2,976",$77.79,"1,039 mi",8,$0.0749
KTM,YUL,"2,973",$662.24,"6,997 mi",8,$0.0946
VTZ,SFO,"2,973",$677.72,"8,514 mi",8,$0.0796
BOM,ZYK,"2,972",$308.06,"2,734 mi",8,$0.1127
COK,RDU,"2,971",$497.69,"8,603 mi",8,$0.0579
VTZ,TRZ,"2,969",$64.29,585 mi,8,$0.1099
DAC,SEA,"2,966",$926.90,"6,894 mi",8,$0.1345
LYP,VKO,"2,962",$510.09,"2,333 mi",8,$0.2186
BLR,HGH,"2,961",$366.95,"3,051 mi",8,$0.1203
BOM,CEI,"2,960",$94.78,"1,811 mi",8,$0.0523
MAA,LYS,"2,958",$513.99,"4,716 mi",8,$0.1090
IXE,BKK,"2,957",$119.94,"1,686 mi",8,$0.0711
KHI,KRK,"2,955",$302.91,"2,960 mi",8,$0.1023
AMD,JAX,"2,949",$564.87,"8,111 mi",8,$0.0696
DEL,CIT,"2,948",$216.86,"1,075 mi",8,$0.2017
HYD,SAT,"2,948",$619.41,"9,475 mi",8,$0.0654
BOM,JAX,"2,947",$803.57,"8,358 mi",8,$0.0961
DEL,BHH,"2,947",$182.14,"2,310 mi",8,$0.0788
MAA,PIT,"2,946",$805.88,"8,790 mi",8,$0.0917
BOM,HJR,"2,946",$55.07,618 mi,8,$0.0891
BLR,FLR,"2,945",$777.58,"4,556 mi",8,$0.1707
KTM,MSP,"2,944",$594.06,"7,644 mi",8,$0.0777
BOM,YNB,"2,943",$170.43,"2,325 mi",8,$0.0733
DEL,NKG,"2,942",$450.78,"2,564 mi",8,$0.1758
BLR,XNA,"2,941","$2,186.61","9,247 mi",8,$0.2365
MLE,HRG,"2,941",$310.06,"3,152 mi",8,$0.0984
NAG,HSR,"2,939",$62.93,506 mi,8,$0.1244
DEL,GRZ,"2,936","$1,117.25","3,605 mi",8,$0.3099
KTM,HAS,"2,936",$206.38,"2,740 mi",8,$0.0753
CMB,XMN,"2,932",$226.92,"2,880 mi",8,$0.0788
DEL,DIU,"2,931",$80.93,687 mi,8,$0.1178
KHI,BEY,"2,928",$303.32,"2,055 mi",8,$0.1476
DEL,ORK,"2,927",$783.16,"4,647 mi",8,$0.1685
KHI,WAW,"2,926",$453.38,"3,140 mi",8,$0.1444
MAA,OSL,"2,926",$371.12,"4,584 mi",8,$0.0810
KHI,KIX,"2,922",$584.07,"4,188 mi",8,$0.1395
PEW,KWI,"2,921",$191.28,"1,464 mi",8,$0.1307
KHI,GVA,"2,920",$671.40,"3,741 mi",8,$0.1795
BOM,NSZ,"2,919",$233.25,"2,713 mi",8,$0.0860
HYD,AHB,"2,917",$187.54,"2,423 mi",8,$0.0774
KTM,CNX,"2,913",$139.59,"1,028 mi",8,$0.1358
BLR,BLL,"2,904",$529.55,"4,775 mi",8,$0.1109
PEW,LGW,"2,903",$390.27,"3,787 mi",8,$0.1031
CJB,SXR,"2,903",$96.94,"1,641 mi",8,$0.0591
COK,RIX,"2,899",$407.80,"4,386 mi",8,$0.0930
BOM,CEB,"2,894",$419.83,"3,561 mi",8,$0.1179
DEL,SVX,"2,894",$235.39,"2,166 mi",8,$0.1087
CCJ,ISB,"2,893",$130.44,"1,514 mi",8,$0.0862
DEL,JAX,"2,891",$736.76,"8,367 mi",8,$0.0881
DAC,ISB,"2,890",$700.70,"1,294 mi",8,$0.5415
BOM,NKG,"2,889",$543.94,"2,888 mi",8,$0.1883
CJB,IXB,"2,889",$130.99,"1,268 mi",8,$0.1033
COK,RDP,"2,888",$112.34,"1,138 mi",8,$0.0987
LHE,MLE,"2,887",$364.61,"1,832 mi",8,$0.1990
MLE,PAT,"2,887",$124.40,"1,615 mi",8,$0.0770
BLR,BHD,"2,882",$468.34,"5,064 mi",8,$0.0925
BLR,WLG,"2,874",$754.05,"7,397 mi",8,$0.1019
IXC,IXS,"2,874",$109.48,"1,097 mi",8,$0.0998
NAG,JED,"2,873",$151.83,"2,482 mi",8,$0.0612
DEL,TFU,"2,872",$281.57,"1,596 mi",8,$0.1764
DEL,WNZ,"2,870",$368.76,"2,727 mi",8,$0.1352
ISB,BHH,"2,862",$234.06,"2,013 mi",8,$0.1163
ISB,WAW,"2,861",$489.69,"2,763 mi",8,$0.1772
KTM,OKA,"2,859",$405.30,"2,516 mi",8,$0.1611
MLE,NGO,"2,859",$396.04,"4,683 mi",8,$0.0846
JAI,KBV,"2,858",$133.85,"1,934 mi",8,$0.0692
VGA,PAT,"2,857",$80.53,663 mi,8,$0.1215
BLR,PUS,"2,855",$636.95,"3,415 mi",8,$0.1865
GOI,TIR,"2,853",$39.46,389 mi,8,$0.1014
CCJ,PAT,"2,843",$107.28,"1,128 mi",8,$0.0951
BOM,SAI,"2,840",$248.84,"2,177 mi",8,$0.1143
BOM,QYG,"2,839",$304.67,"3,826 mi",8,$0.0796
KHI,GWD,"2,838",$90.27,312 mi,8,$0.2893
BOM,CXR,"2,837",$221.06,"2,390 mi",8,$0.0925
BLR,YEG,"2,834",$605.99,"8,027 mi",8,$0.0755
PEW,BAH,"2,829",$167.76,"1,395 mi",8,$0.1203
PEW,HAS,"2,829",$169.75,"1,767 mi",8,$0.0961
HYD,YEG,"2,829",$600.99,"7,735 mi",8,$0.0777
AMD,MED,"2,828",$221.46,"2,017 mi",8,$0.1098
DAC,GRU,"2,827","$1,182.02","10,009 mi",8,$0.1181
AMD,CVG,"2,825",$699.04,"8,137 mi",8,$0.0859
NAG,GAU,"2,824",$116.56,840 mi,8,$0.1388
DEL,PNY,"2,822",$119.55,"1,125 mi",8,$0.1063
BOM,UBP,"2,822",$147.42,"2,190 mi",8,$0.0673
DEL,DBV,"2,821",$739.48,"3,273 mi",8,$0.2259
DEL,AKX,"2,819",$236.69,"1,769 mi",8,$0.1338
KHI,ATH,"2,819",$295.68,"2,595 mi",8,$0.1139
BLR,SLC,"2,815","$1,148.00","8,395 mi",8,$0.1367
IXC,SFO,"2,815",$745.88,"7,785 mi",8,$0.0958
CCJ,ELQ,"2,815",$124.75,"2,272 mi",8,$0.0549
KTM,SLC,"2,813",$761.88,"7,349 mi",8,$0.1037
HYD,TBS,"2,812",$251.81,"2,677 mi",8,$0.0941
LHE,LOS,"2,810",$567.88,"5,014 mi",8,$0.1133
COK,IXL,"2,809",$163.84,"1,709 mi",8,$0.0959
DEL,TUN,"2,808",$415.85,"3,968 mi",8,$0.1048
MAA,KBV,"2,807",$88.68,"1,281 mi",8,$0.0692
BOM,BJL,"2,807",$365.88,"5,712 mi",8,$0.0641
JAI,IXM,"2,805",$108.76,"1,218 mi",8,$0.0893
DAC,TRV,"2,805",$112.90,"1,428 mi",8,$0.0791
MAA,ATH,"2,804",$578.19,"3,725 mi",8,$0.1552
LKO,IXA,"2,804",$87.22,656 mi,8,$0.1330
CJB,ICN,"2,802",$388.72,"3,661 mi",8,$0.1062
DAC,IKA,"2,800",$583.72,"2,544 mi",8,$0.2294
CCU,DHM,"2,799",$87.49,"1,024 mi",8,$0.0854
BOM,HDY,"2,797",$126.08,"2,091 mi",8,$0.0603
MLE,AYT,"2,795",$442.41,"3,415 mi",8,$0.1295
CMB,LKO,"2,794",$117.32,"1,395 mi",8,$0.0841
LHE,TIF,"2,794",$179.00,"2,261 mi",8,$0.0792
BLR,GYD,"2,788",$224.79,"2,443 mi",8,$0.0920
BLR,LIN,"2,786",$772.84,"4,393 mi",8,$0.1759
CMB,YWG,"2,786",$594.87,"8,743 mi",8,$0.0680
HYD,HEL,"2,785",$657.59,"4,084 mi",8,$0.1610
CJB,GOX,"2,782",$43.81,377 mi,8,$0.1162
AMD,HBX,"2,780",$72.58,540 mi,8,$0.1344
BLR,DIU,"2,779",$82.86,665 mi,8,$0.1246
GOI,SSE,"2,778",$28.20,215 mi,8,$0.1312
KHI,VKO,"2,776",$333.56,"2,679 mi",8,$0.1245
BLR,TBS,"2,776",$341.45,"2,863 mi",8,$0.1193
LHE,GVA,"2,774",$617.93,"3,803 mi",8,$0.1625
DAC,JAI,"2,767",$101.09,905 mi,8,$0.1117
KTM,PPL,"2,766",$13.79,74 mi,8,$0.1864
DEL,KUU,"2,764",$34.00,236 mi,8,$0.1441
BOM,TIA,"2,763",$402.57,"3,358 mi",8,$0.1199
KTM,ARN,"2,763",$381.93,"3,918 mi",8,$0.0975
ATQ,VTZ,"2,762",$102.57,"1,134 mi",8,$0.0904
DEL,POS,"2,761","$1,044.44","8,305 mi",8,$0.1258
GOI,IMF,"2,761",$153.08,"1,496 mi",8,$0.1023
MAA,ACC,"2,759",$466.58,"5,647 mi",8,$0.0826
ISB,URY,"2,757",$247.08,"2,005 mi",8,$0.1232
BLR,ACC,"2,756",$553.71,"5,157 mi",8,$0.1074
DAC,SZX,"2,754",$166.48,"1,532 mi",8,$0.1087
DEL,VRN,"2,754",$389.95,"3,836 mi",8,$0.1017
GOI,AMS,"2,754",$355.85,"4,635 mi",8,$0.0768
AMD,JRG,"2,750",$98.79,755 mi,8,$0.1308
AMD,PHL,"2,749","$1,518.00","7,849 mi",8,$0.1934
MAA,TUU,"2,749",$229.03,"3,080 mi",8,$0.0744
COK,PQC,"2,745",$153.12,"1,820 mi",8,$0.0841
GOX,MCO,"2,738",$700.36,"9,232 mi",8,$0.0759
AMD,NGO,"2,732","$1,046.18","4,016 mi",7,$0.2605
DEL,JER,"2,732",$901.71,"4,159 mi",7,$0.2168
LKO,AJL,"2,732",$104.21,737 mi,7,$0.1414
BLR,MRS,"2,730",$885.77,"4,577 mi",7,$0.1935
BLR,ZAG,"2,728",$419.96,"4,082 mi",7,$0.1029
AMD,KNU,"2,728",$50.36,522 mi,7,$0.0965
CMB,BOD,"2,728",$349.14,"5,247 mi",7,$0.0665
DAC,PHX,"2,724",$678.98,"7,967 mi",7,$0.0852
DEL,BWN,"2,723",$393.99,"3,054 mi",7,$0.1290
MAA,JRG,"2,722",$81.92,687 mi,7,$0.1192
ATQ,BER,"2,722",$249.72,"3,434 mi",7,$0.0727
DAC,NCL,"2,720",$501.89,"4,812 mi",7,$0.1043
HYD,XNB,"2,720",$108.10,"1,617 mi",7,$0.0669
ISB,PNH,"2,719",$405.30,"2,604 mi",7,$0.1556
MAA,KNO,"2,719",$175.01,"1,474 mi",7,$0.1187
ATQ,IAD,"2,717",$527.67,"7,457 mi",7,$0.0708
BLR,KHH,"2,715",$257.63,"2,953 mi",7,$0.0872
CMB,TSN,"2,712",$230.72,"3,109 mi",7,$0.0742
BOM,HAS,"2,712",$153.67,"2,117 mi",7,$0.0726
MAA,DMU,"2,707",$121.23,"1,216 mi",7,$0.0997
KTM,SVX,"2,704",$182.64,"2,270 mi",7,$0.0805
ATQ,SEA,"2,702",$783.16,"7,071 mi",7,$0.1108
DAC,VTE,"2,701",$306.84,909 mi,7,$0.3376
MAA,GRU,"2,700","$1,273.04","9,147 mi",7,$0.1392
CJB,IXR,"2,700",$99.82,"1,039 mi",7,$0.0961
AMD,LIS,"2,700",$333.27,"4,666 mi",7,$0.0714
NAG,BBI,"2,699",$80.39,429 mi,7,$0.1874
DEL,ZNZ,"2,699",$256.03,"3,379 mi",7,$0.0758
COK,GBE,"2,697",$476.02,"4,037 mi",7,$0.1179
SKT,CPH,"2,697",$214.79,"3,414 mi",7,$0.0629
KHI,OTP,"2,696",$262.71,"2,739 mi",7,$0.0959
COK,WAW,"2,693",$402.05,"4,355 mi",7,$0.0923
MLE,HAJ,"2,691",$622.43,"4,757 mi",7,$0.1308
ISB,AJF,"2,689",$220.08,"1,876 mi",7,$0.1173
IXC,YYZ,"2,688",$825.99,"7,300 mi",7,$0.1131
MUX,BHX,"2,688",$295.58,"3,789 mi",7,$0.0780
HYD,NCE,"2,686",$724.38,"4,606 mi",7,$0.1573
TRV,ICN,"2,686",$430.10,"3,565 mi",7,$0.1206
BLR,HJR,"2,682",$71.61,792 mi,7,$0.0904
CMB,DAD,"2,681",$246.49,"1,949 mi",7,$0.1265
CCU,KNU,"2,678",$58.22,588 mi,7,$0.0990
DEL,CGN,"2,677",$752.37,"3,977 mi",7,$0.1892
DAC,YXE,"2,674",$712.91,"6,871 mi",7,$0.1038
CMB,BLL,"2,672",$315.08,"4,911 mi",7,$0.0642
BLR,USM,"2,669",$316.21,"1,580 mi",7,$0.2001
MAA,DAD,"2,667",$253.95,"1,941 mi",7,$0.1308
GOI,GOP,"2,666",$93.30,969 mi,7,$0.0963
CMB,CSX,"2,666",$190.79,"2,537 mi",7,$0.0752
BOM,BJM,"2,665",$281.90,"3,439 mi",7,$0.0820
CJB,IXU,"2,664",$80.15,601 mi,7,$0.1334
CMB,CNX,"2,664",$180.61,"1,556 mi",7,$0.1161
HYD,PHC,"2,662",$845.38,"5,042 mi",7,$0.1677
COK,GVA,"2,659",$450.23,"4,631 mi",7,$0.0972
CCU,STN,"2,658",$671.05,"4,777 mi",7,$0.1405
DEL,DLI,"2,658",$178.51,"2,255 mi",7,$0.0792
CMB,YIW,"2,657",$121.76,"3,114 mi",7,$0.0391
BLR,KEF,"2,656",$473.78,"5,878 mi",7,$0.0806
CMB,AHB,"2,654",$187.06,"2,538 mi",7,$0.0737
MAA,STL,"2,652",$827.94,"8,546 mi",7,$0.0969
MAA,ISK,"2,651",$76.76,621 mi,7,$0.1236
JAI,ELQ,"2,648",$123.60,"1,916 mi",7,$0.0645
CMB,WRZ,"2,647",$29.38,110 mi,7,$0.2671
CMB,MLA,"2,647",$414.70,"4,418 mi",7,$0.0939
DAC,VKO,"2,646",$911.08,"3,554 mi",7,$0.2564
CCJ,FRA,"2,646",$173.61,"4,491 mi",7,$0.0387
KHI,YNB,"2,645",$169.80,"1,881 mi",7,$0.0903
DEL,KCH,"2,644",$242.35,"2,795 mi",7,$0.0867
DEL,SUB,"2,641",$455.68,"3,335 mi",7,$0.1366
DEL,BJL,"2,638",$497.65,"5,823 mi",7,$0.0855
DEL,YXS,"2,633",$511.26,"6,419 mi",7,$0.0796
GOX,IAH,"2,633",$585.95,"9,473 mi",7,$0.0619
DAC,KHN,"2,626",$168.74,"1,661 mi",7,$0.1016
DEL,LLW,"2,624",$546.42,"4,238 mi",7,$0.1289
NAG,IXM,"2,624",$103.33,803 mi,7,$0.1287
DEL,BKO,"2,623",$612.82,"5,676 mi",7,$0.1080
KHI,ESB,"2,623",$123.16,"2,165 mi",7,$0.0569
TRV,AMM,"2,618",$209.13,"3,167 mi",7,$0.0660
LHE,MIA,"2,612",$779.05,"8,383 mi",7,$0.0929
AMD,CXR,"2,611",$205.28,"2,596 mi",7,$0.0791
DEL,OKA,"2,610",$588.42,"2,990 mi",7,$0.1968
MAA,CLE,"2,608",$657.72,"8,251 mi",7,$0.0797
GOX,BKK,"2,602",$130.47,"1,855 mi",7,$0.0703
BLR,MLA,"2,600",$498.88,"4,069 mi",7,$0.1226
CMB,ADD,"2,599",$439.06,"2,728 mi",7,$0.1609
LKO,TIR,"2,598",$107.30,938 mi,7,$0.1144
DAC,KCH,"2,598",$200.60,"1,980 mi",7,$0.1013
KTM,NBO,"2,593",$373.30,"3,899 mi",7,$0.0957
HYD,JGA,"2,590",$97.90,676 mi,7,$0.1448
ISB,YEG,"2,589",$804.42,"6,616 mi",7,$0.1216
MLE,ORD,"2,589","$1,054.51","8,769 mi",7,$0.1203
LKO,DIB,"2,587",$110.00,844 mi,7,$0.1303
CGP,CAI,"2,586",$284.12,"3,631 mi",7,$0.0782
LYP,GYD,"2,581",$285.33,"1,467 mi",7,$0.1945
CCU,SXV,"2,581",$102.89,"1,046 mi",7,$0.0984
BLR,OPO,"2,579",$791.71,"5,597 mi",7,$0.1415
MAA,YHZ,"2,578",$560.60,"8,072 mi",7,$0.0694
COK,IXU,"2,576",$83.10,654 mi,7,$0.1271
BLR,SCL,"2,573","$1,339.49","10,315 mi",7,$0.1299
HYD,JSA,"2,572",$102.61,849 mi,7,$0.1209
CMB,NUE,"2,570",$481.71,"4,749 mi",7,$0.1014
CJB,CGK,"2,569",$520.23,"2,427 mi",7,$0.2144
UET,MCT,"2,567",$87.31,725 mi,7,$0.1204
DEL,HER,"2,567",$293.49,"3,136 mi",7,$0.0936
BOM,TUN,"2,567",$295.06,"4,061 mi",7,$0.0727
DEL,WUH,"2,565",$401.92,"2,156 mi",7,$0.1864
GOI,IXD,"2,562",$110.25,836 mi,7,$0.1319
GOI,MCO,"2,561",$812.71,"9,252 mi",7,$0.0878
GOI,TLV,"2,560",$327.58,"2,780 mi",7,$0.1178
ATQ,EDI,"2,553",$303.86,"4,112 mi",7,$0.0739
KTM,STL,"2,550",$811.77,"7,602 mi",7,$0.1068
LYP,MCT,"2,549",$179.69,"1,079 mi",7,$0.1665
COK,BSR,"2,543",$696.78,"2,392 mi",7,$0.2913
GOI,TRZ,"2,543",$54.61,472 mi,7,$0.1157
CCJ,IDR,"2,542",$101.88,824 mi,7,$0.1236
KHI,SEA,"2,542",$794.66,"7,180 mi",7,$0.1107
MAA,JRH,"2,541",$127.40,"1,273 mi",7,$0.1001
CCU,JNB,"2,538",$633.52,"5,092 mi",7,$0.1244
ATQ,DMM,"2,538",$167.15,"1,502 mi",7,$0.1113
LYP,TUU,"2,538",$181.93,"2,114 mi",7,$0.0861
GOX,UDR,"2,537",$78.41,632 mi,7,$0.1241
DEL,CBR,"2,534",$972.90,"6,247 mi",7,$0.1557
PEW,URY,"2,524",$239.55,"2,049 mi",7,$0.1169
KTM,STV,"2,524",$103.02,941 mi,7,$0.1095
MAA,LUN,"2,523",$384.98,"3,920 mi",7,$0.0982
IXC,HSR,"2,521",$70.94,654 mi,7,$0.1085
DAC,QYG,"2,521",$254.80,"4,527 mi",7,$0.0563
DEL,EBL,"2,520",$423.32,"1,934 mi",7,$0.2189
KHI,LED,"2,520",$421.43,"3,075 mi",7,$0.1371
VTZ,MCT,"2,517",$162.47,"1,610 mi",7,$0.1009
GOX,DMM,"2,515",$114.41,"1,664 mi",7,$0.0688
LYP,OTP,"2,513",$363.22,"2,750 mi",7,$0.1321
DEL,COV,"2,512",$304.01,"2,564 mi",7,$0.1186
CCU,GVA,"2,511",$548.84,"4,888 mi",7,$0.1123
KTM,HBE,"2,508",$267.89,"3,426 mi",7,$0.0782
KHI,TBS,"2,506",$177.04,"1,666 mi",7,$0.1063
CMB,ZAG,"2,506",$471.26,"4,472 mi",7,$0.1054
JAI,TRZ,"2,501",$97.65,"1,091 mi",7,$0.0895
KTM,GYD,"2,501",$185.96,"2,120 mi",7,$0.0877
GOX,LIS,"2,501",$319.20,"5,017 mi",7,$0.0636
JAI,MLE,"2,501",$96.28,"1,524 mi",7,$0.0632
CNN,JAI,"2,499",$92.24,999 mi,7,$0.0923
MLE,DLC,"2,498",$334.94,"3,957 mi",7,$0.0846
KHI,PRG,"2,497",$352.70,"3,191 mi",7,$0.1105
NAG,DMM,"2,497",$127.54,"1,938 mi",7,$0.0658
CCU,ARN,"2,496",$291.23,"4,075 mi",7,$0.0715
DAC,PHL,"2,494",$860.97,"8,176 mi",7,$0.1053
MLE,NBO,"2,493",$663.92,"2,479 mi",7,$0.2678
HYD,GAY,"2,493",$74.26,688 mi,7,$0.1079
SKT,IST,"2,492",$368.86,"2,638 mi",7,$0.1398
DAC,TLV,"2,492",$339.81,"3,297 mi",7,$0.1031
BOM,SOF,"2,488",$514.50,"3,394 mi",7,$0.1516
BOM,BOG,"2,487",$892.92,"9,365 mi",7,$0.0953
KHI,MBA,"2,485",$254.48,"2,806 mi",7,$0.0907
MAA,KHH,"2,484",$277.46,"2,796 mi",7,$0.0992
LKO,IMF,"2,483",$108.29,846 mi,7,$0.1280
CJB,BHO,"2,483",$101.13,872 mi,7,$0.1160
COK,QYG,"2,482",$238.71,"4,719 mi",7,$0.0506
SKT,TLV,"2,481",$168.68,"2,224 mi",7,$0.0758
MLE,BKI,"2,480",$238.39,"2,840 mi",7,$0.0839
DEL,TZX,"2,476",$255.99,"2,196 mi",7,$0.1166
DAC,BUF,"2,476",$617.75,"7,537 mi",7,$0.0820
MLE,VLC,"2,474",$716.37,"5,028 mi",7,$0.1425
CMB,VNS,"2,474",$116.66,"1,316 mi",7,$0.0886
DEL,BLL,"2,473",$425.80,"3,878 mi",7,$0.1098
ISB,BNE,"2,472",$717.39,"6,530 mi",7,$0.1099
GOI,IXE,"2,472",$12.86,177 mi,7,$0.0727
AMD,KBV,"2,472",$134.48,"2,091 mi",7,$0.0643
ISB,NCL,"2,468",$512.69,"3,880 mi",7,$0.1321
HYD,GIZ,"2,468",$242.04,"2,435 mi",7,$0.0994
DEL,BKI,"2,467",$319.00,"2,896 mi",7,$0.1102
COK,BKI,"2,467",$218.90,"2,644 mi",7,$0.0828
CCU,DUS,"2,462",$384.08,"4,518 mi",7,$0.0850
LYP,LHR,"2,459",$528.60,"3,988 mi",7,$0.1325
JAI,DHM,"2,458",$34.27,381 mi,7,$0.0899
HYD,ACC,"2,458",$422.61,"5,192 mi",7,$0.0814
LHE,CGN,"2,458",$245.23,"3,496 mi",7,$0.0701
DAC,CTU,"2,457",$211.34,982 mi,7,$0.2152
JAI,IST,"2,457",$179.65,"2,919 mi",7,$0.0615
MAA,TFU,"2,456",$230.06,"2,015 mi",7,$0.1142
COK,AYJ,"2,456",$121.61,"1,243 mi",7,$0.0978
DEL,LBV,"2,455",$585.18,"5,003 mi",7,$0.1170
ISB,ESB,"2,452",$443.06,"2,297 mi",7,$0.1929
AMD,LOS,"2,448",$508.16,"4,869 mi",7,$0.1044
DEL,BSL,"2,446",$742.82,"3,751 mi",7,$0.1980
ATQ,CJB,"2,446",$115.26,"1,393 mi",7,$0.0827
DAC,TFU,"2,442",$177.43,943 mi,7,$0.1882
BLR,AGP,"2,441",$510.91,"5,092 mi",7,$0.1003
MLE,BRI,"2,441",$444.14,"4,457 mi",7,$0.0996
HYD,MEM,"2,440",$834.32,"8,483 mi",7,$0.0984
BLR,YOW,"2,438",$750.54,"8,306 mi",7,$0.0904
COK,GYD,"2,437",$201.13,"2,721 mi",7,$0.0739
KHI,LGK,"2,436",$356.36,"2,581 mi",7,$0.1381
KHI,HAS,"2,436",$147.03,"1,634 mi",7,$0.0900
CCU,PRG,"2,432",$473.74,"4,210 mi",7,$0.1125
DEL,GIB,"2,431",$716.81,"4,836 mi",7,$0.1482
GOI,JLR,"2,429",$80.73,654 mi,7,$0.1234
KHI,HND,"2,428",$589.09,"4,173 mi",7,$0.1412
CMB,SZG,"2,427",$419.48,"4,640 mi",7,$0.0904
BOM,COO,"2,422",$397.49,"4,947 mi",7,$0.0803
MAA,KMG,"2,421",$128.43,"1,650 mi",7,$0.0778
KHI,MAD,"2,420",$559.58,"4,016 mi",7,$0.1393
IXC,IXE,"2,420",$119.23,"1,267 mi",7,$0.0941
KTM,PHX,"2,420",$719.90,"7,820 mi",7,$0.0921
MLE,VVO,"2,418",$297.33,"4,335 mi",7,$0.0686
IXC,HKT,"2,417",$110.40,"2,151 mi",7,$0.0513
IXC,JFK,"2,415",$645.35,"7,377 mi",7,$0.0875
KHI,DME,"2,408",$524.52,"2,497 mi",7,$0.2101
COK,TPE,"2,407",$470.33,"3,203 mi",7,$0.1468
BLR,MCI,"2,407","$1,142.18","8,513 mi",7,$0.1342
HYD,OSL,"2,405",$510.93,"4,547 mi",7,$0.1124
LKO,IXU,"2,404",$69.71,572 mi,7,$0.1219
KHI,ARN,"2,400",$265.27,"3,250 mi",7,$0.0816
BOM,URT,"2,400",$100.04,"1,943 mi",7,$0.0515
MLE,LCA,"2,395",$947.59,"3,216 mi",7,$0.2946
ISB,YIW,"2,394",$396.24,"2,691 mi",7,$0.1472
GOX,SXR,"2,393",$115.11,"1,301 mi",7,$0.0885
DEL,HDY,"2,392",$192.58,"2,195 mi",7,$0.0877
IXC,IXD,"2,391",$51.31,485 mi,7,$0.1058
BOM,MEM,"2,390","$1,081.13","8,787 mi",7,$0.1230
DAC,XUZ,"2,387",$131.44,"1,819 mi",7,$0.0723
CCU,CLT,"2,386",$594.98,"8,127 mi",7,$0.0732
CMB,SVX,"2,385",$359.24,"3,684 mi",7,$0.0975
BLR,YHZ,"2,385",$496.27,"7,978 mi",7,$0.0622
DEL,TFS,"2,382",$681.87,"5,687 mi",7,$0.1199
DEL,UIH,"2,381",$163.39,"2,212 mi",7,$0.0739
ISB,SZX,"2,379",$570.36,"2,669 mi",7,$0.2137
CCJ,BBI,"2,379",$110.93,935 mi,7,$0.1186
DEL,UGC,"2,379",$126.92,"1,329 mi",7,$0.0955
DEL,GOJ,"2,378",$228.32,"2,586 mi",7,$0.0883
GOI,IXZ,"2,377",$134.53,"1,334 mi",7,$0.1008
DEL,KMJ,"2,376",$452.17,"3,078 mi",7,$0.1469
VGA,DOH,"2,373",$144.89,"1,914 mi",7,$0.0757
MAA,BLQ,"2,372",$757.48,"4,418 mi",6,$0.1715
DEL,HBA,"2,372",$532.86,"6,851 mi",6,$0.0778
CMB,LGK,"2,369",$139.18,"1,404 mi",6,$0.0991
MLE,UFA,"2,368",$244.98,"3,509 mi",6,$0.0698
ISB,WAE,"2,364",$178.85,"1,972 mi",6,$0.0907
CJB,KTM,"2,363",$99.38,"1,234 mi",6,$0.0805
MAA,SAN,"2,361","$1,062.50","8,803 mi",6,$0.1207
DAC,YEG,"2,359",$820.65,"6,708 mi",6,$0.1223
CMB,YOW,"2,359",$676.51,"8,760 mi",6,$0.0772
ISB,MIA,"2,357",$681.22,"8,211 mi",6,$0.0830
LKO,KBV,"2,357",$137.70,"1,699 mi",6,$0.0810
LHE,NGO,"2,356",$360.37,"3,663 mi",6,$0.0984
ISB,KHG,"2,355",$387.36,436 mi,6,$0.8884
DAC,EBB,"2,353",$460.75,"4,337 mi",6,$0.1062
ISB,CKG,"2,352",$454.48,"1,938 mi",6,$0.2345
CMB,SHA,"2,350",$186.40,"3,238 mi",6,$0.0576
DEL,SAT,"2,348","$1,006.04","8,159 mi",6,$0.1233
GOX,CPH,"2,348",$271.60,"4,338 mi",6,$0.0626
NAG,RUH,"2,347",$143.09,"2,131 mi",6,$0.0671
DAC,LED,"2,346",$854.08,"3,889 mi",6,$0.2196
CMB,EBL,"2,344",$506.60,"2,934 mi",6,$0.1727
VGA,GAU,"2,344",$140.44,929 mi,6,$0.1512
BOM,SKG,"2,343",$591.78,"3,185 mi",6,$0.1858
DEL,IBZ,"2,342",$846.08,"4,416 mi",6,$0.1916
BLR,AHB,"2,336",$197.36,"2,424 mi",6,$0.0814
CCU,TLV,"2,335",$506.59,"3,218 mi",6,$0.1574
MLE,HAN,"2,335",$293.19,"2,390 mi",6,$0.1227
KTM,GLA,"2,334",$506.25,"4,508 mi",6,$0.1123
DEL,PKX,"2,329",$275.61,"2,424 mi",6,$0.1137
BLR,ZWS,"2,329",$528.79,"4,697 mi",6,$0.1126
DAC,AOR,"2,326",$148.47,"1,347 mi",6,$0.1102
DEL,HNL,"2,325","$1,077.46","7,182 mi",6,$0.1500
MLE,SZG,"2,325",$420.12,"4,519 mi",6,$0.0930
MAA,NCL,"2,324",$629.35,"5,009 mi",6,$0.1256
CCU,PEN,"2,323",$143.02,"1,479 mi",6,$0.0967
GOX,ZRH,"2,322",$320.65,"4,402 mi",6,$0.0728
CJB,JDH,"2,321",$78.42,"1,051 mi",6,$0.0746
JAI,TIR,"2,320",$126.63,971 mi,6,$0.1304
HYD,SLC,"2,320",$963.47,"8,623 mi",6,$0.1117
KTM,TBS,"2,318",$233.95,"2,537 mi",6,$0.0922
GOX,SIN,"2,312",$158.99,"2,211 mi",6,$0.0719
BOM,SSH,"2,311",$337.91,"2,427 mi",6,$0.1392
MAA,ADD,"2,310",$341.60,"2,902 mi",6,$0.1177
BOM,EAM,"2,310",$149.32,"1,922 mi",6,$0.0777
BOM,RAK,"2,307",$532.27,"4,867 mi",6,$0.1094
MLE,SUB,"2,306",$265.10,"2,737 mi",6,$0.0969
CCU,PNY,"2,305",$126.56,960 mi,6,$0.1318
MAA,SAT,"2,305",$623.38,"9,782 mi",6,$0.0637
HYD,YHZ,"2,305",$442.25,"7,297 mi",6,$0.0606
MAA,KCH,"2,300",$181.34,"2,145 mi",6,$0.0845
COK,ABT,"2,299",$231.01,"2,343 mi",6,$0.0986
BLR,ALA,"2,297",$232.63,"2,021 mi",6,$0.1151
SKT,DUB,"2,296",$468.44,"4,205 mi",6,$0.1114
DEL,GEO,"2,296",$938.93,"8,861 mi",6,$0.1060
HYD,NJF,"2,296",$245.87,"2,425 mi",6,$0.1014
SKT,LIS,"2,296",$439.86,"4,404 mi",6,$0.0999
DEL,CDP,"2,295",$124.73,"1,006 mi",6,$0.1240
SKT,AHB,"2,294",$169.25,"2,134 mi",6,$0.0793
KHI,BNE,"2,292",$739.49,"6,559 mi",6,$0.1127
ATQ,JED,"2,290",$220.36,"2,226 mi",6,$0.0990
KTM,BGY,"2,290",$308.71,"4,084 mi",6,$0.0756
DAC,FRU,"2,289",$457.26,"1,656 mi",6,$0.2761
DEL,OKJ,"2,289",$486.78,"3,421 mi",6,$0.1423
DEL,BGI,"2,289","$1,031.24","8,603 mi",6,$0.1199
CCJ,VTZ,"2,286",$79.08,646 mi,6,$0.1224
TRV,LAD,"2,285",$746.65,"4,680 mi",6,$0.1595
DEL,FNA,"2,285",$580.58,"6,131 mi",6,$0.0947
MLE,IKA,"2,282",$681.89,"2,509 mi",6,$0.2718
KHI,LOS,"2,282",$459.74,"4,258 mi",6,$0.1080
DEL,MBA,"2,282",$318.98,"3,458 mi",6,$0.0922
BOM,DLI,"2,279",$172.99,"2,485 mi",6,$0.0696
CJB,NRT,"2,278",$502.40,"4,414 mi",6,$0.1138
VGA,IAD,"2,276",$643.02,"8,605 mi",6,$0.0747
DEL,BMV,"2,275",$191.83,"2,208 mi",6,$0.0869
AMD,DUS,"2,272",$381.16,"3,836 mi",6,$0.0994
COK,MUX,"2,270",$111.85,"1,465 mi",6,$0.0763
DEL,CGO,"2,269",$507.03,"2,256 mi",6,$0.2247
BLR,BGW,"2,268",$331.22,"2,443 mi",6,$0.1356
NAG,TRV,"2,266",$111.96,857 mi,6,$0.1306
GOI,HAM,"2,265",$465.40,"4,430 mi",6,$0.1051
SKT,MAD,"2,265",$236.19,"4,348 mi",6,$0.0543
DAC,GYD,"2,264",$496.38,"2,517 mi",6,$0.1972
DEL,KJA,"2,263",$183.72,"1,990 mi",6,$0.0923
DEL,CUN,"2,262",$728.20,"9,111 mi",6,$0.0799
KTM,IKA,"2,261",$317.06,"2,010 mi",6,$0.1577
IXC,DIB,"2,260",$111.39,"1,155 mi",6,$0.0964
BOM,UIH,"2,260",$193.68,"2,491 mi",6,$0.0778
LKO,TRZ,"2,257",$93.50,"1,147 mi",6,$0.0815
LHE,MCO,"2,256",$764.35,"8,237 mi",6,$0.0928
DEL,RQY,"2,254",$136.09,"1,052 mi",6,$0.1294
COK,IXJ,"2,254",$151.30,"1,607 mi",6,$0.0942
JAI,CGK,"2,250",$302.85,"2,980 mi",6,$0.1016
BLR,EBB,"2,248",$616.58,"3,132 mi",6,$0.1969
BLR,LUN,"2,248",$342.87,"3,784 mi",6,$0.0906
MLE,TSN,"2,248",$292.10,"3,540 mi",6,$0.0825
MAA,BHJ,"2,246",$120.92,"1,020 mi",6,$0.1185
CCJ,BKK,"2,244",$121.79,"1,731 mi",6,$0.0704
AMD,MIA,"2,242",$991.60,"8,347 mi",6,$0.1188
DEL,SJU,"2,241","$1,005.90","8,109 mi",6,$0.1240
UET,IST,"2,240",$332.82,"2,184 mi",6,$0.1524
BOM,BGO,"2,240",$502.54,"4,445 mi",6,$0.1131
ISB,DTW,"2,238",$631.86,"6,778 mi",6,$0.0932
NAG,CDG,"2,236",$337.39,"4,390 mi",6,$0.0769
MLE,TFS,"2,235",$547.95,"6,271 mi",6,$0.0874
DAC,GAU,"2,228",$27.29,178 mi,6,$0.1533
KHI,HAM,"2,223",$338.64,"3,623 mi",6,$0.0935
CMB,KZN,"2,222",$295.39,"3,630 mi",6,$0.0814
DEL,SVQ,"2,220",$612.31,"4,553 mi",6,$0.1345
LKO,CGK,"2,215",$202.36,"2,766 mi",6,$0.0732
MLE,PMO,"2,215",$312.32,"4,316 mi",6,$0.0724
DAC,ALA,"2,211",$386.70,"1,593 mi",6,$0.2427
IXC,JDH,"2,211",$74.13,392 mi,6,$0.1891
KTM,BEG,"2,208",$483.12,"3,818 mi",6,$0.1265
CCU,WAW,"2,208",$428.93,"3,928 mi",6,$0.1092
CCU,CNX,"2,206",$98.93,752 mi,6,$0.1316
LYP,AHB,"2,205",$232.41,"2,035 mi",6,$0.1142
DAC,PRG,"2,205",$480.43,"4,236 mi",6,$0.1134
CCU,ATH,"2,205",$422.06,"4,029 mi",6,$0.1048
BOM,VNO,"2,205",$320.73,"3,386 mi",6,$0.0947
AMD,DUB,"2,202",$762.25,"4,636 mi",6,$0.1644
BLR,SOF,"2,200",$427.29,"3,692 mi",6,$0.1157
DEL,ALC,"2,199",$552.79,"4,531 mi",6,$0.1220
GOX,EDI,"2,199",$358.16,"4,684 mi",6,$0.0765
SKT,BGW,"2,198",$340.31,"1,690 mi",6,$0.2014
CCJ,AHB,"2,198",$195.32,"2,207 mi",6,$0.0885
ISB,TNA,"2,197",$486.79,"2,419 mi",6,$0.2012
BLR,ADD,"2,195",$375.19,"2,731 mi",6,$0.1374
KTM,RPR,"2,193",$79.70,489 mi,6,$0.1630
LKO,SYD,"2,193",$529.76,"6,411 mi",6,$0.0826
BOM,IBZ,"2,191","$1,065.61","4,287 mi",6,$0.2486
BOM,CGO,"2,190",$475.86,"2,637 mi",6,$0.1805
BOM,CTA,"2,189",$867.81,"3,788 mi",6,$0.2291
AMD,CPH,"2,187",$392.65,"3,865 mi",6,$0.1016
AMD,HPH,"2,187",$172.03,"2,251 mi",6,$0.0764
JAI,MAD,"2,186",$294.99,"4,376 mi",6,$0.0674
JAI,SYD,"2,183",$706.83,"6,669 mi",6,$0.1060
IXE,RPR,"2,181",$96.05,704 mi,6,$0.1364
TRV,CPH,"2,181",$357.08,"4,600 mi",6,$0.0776
BOM,DOD,"2,181",$207.26,"3,162 mi",6,$0.0655
AMD,CHC,"2,180",$900.22,"8,013 mi",6,$0.1123
CCU,JSA,"2,178",$114.75,"1,106 mi",6,$0.1038
MLE,TLL,"2,177",$704.82,"4,460 mi",6,$0.1580
BOM,GDN,"2,176",$531.19,"3,626 mi",6,$0.1465
IXE,IXB,"2,174",$112.45,"1,326 mi",6,$0.0848
LHE,AKL,"2,171","$1,006.98","8,250 mi",6,$0.1221
CMB,BBI,"2,171",$103.03,"1,016 mi",6,$0.1014
KHI,CPT,"2,170",$647.07,"5,011 mi",6,$0.1291
JAI,IXU,"2,169",$71.70,468 mi,6,$0.1532
KHI,MCO,"2,169",$867.19,"8,443 mi",6,$0.1027
HYD,BSL,"2,168","$1,374.36","4,327 mi",6,$0.3176
VGA,BKK,"2,168",$82.34,"1,385 mi",6,$0.0595
HYD,JRH,"2,167",$114.86,"1,166 mi",6,$0.0985
AMD,HUI,"2,167",$179.49,"2,251 mi",6,$0.0797
KTM,CHC,"2,166",$724.34,"7,596 mi",6,$0.0954
COK,PRG,"2,165",$430.03,"4,591 mi",6,$0.0937
CGP,KUL,"2,164",$233.34,"1,547 mi",6,$0.1508
CMB,MRU,"2,163",$420.03,"2,359 mi",6,$0.1781
TRV,SEA,"2,162",$813.19,"8,144 mi",6,$0.0999
DAC,TAS,"2,161",$464.13,"1,660 mi",6,$0.2796
COK,HBE,"2,161",$277.85,"3,214 mi",6,$0.0864
MAA,PFT,"2,160",$190.60,"2,214 mi",6,$0.0861
TRV,ATL,"2,158",$884.57,"9,557 mi",6,$0.0926
MAA,RUN,"2,157",$241.46,"2,792 mi",6,$0.0865
DAC,BWN,"2,155",$392.17,"2,153 mi",6,$0.1822
DEL,NTE,"2,155",$496.26,"4,421 mi",6,$0.1123
KTM,KZN,"2,155",$232.37,"2,706 mi",6,$0.0859
HYD,MLA,"2,154",$376.10,"4,207 mi",6,$0.0894
MLE,SGN,"2,153",$407.56,"2,382 mi",6,$0.1711
IXE,BHO,"2,153",$92.88,709 mi,6,$0.1310
TRV,PER,"2,152",$368.85,"3,685 mi",6,$0.1001
DAC,PNQ,"2,152",$57.02,"1,087 mi",6,$0.0525
HYD,GYD,"2,150",$302.70,"2,261 mi",6,$0.1339
CCJ,JFK,"2,150",$430.10,"8,621 mi",6,$0.0499
CNN,GAU,"2,149",$144.36,"1,389 mi",6,$0.1039
GOI,IXM,"2,147",$53.78,493 mi,6,$0.1091
CCJ,LGW,"2,146",$194.76,"4,870 mi",6,$0.0400
SKT,DUS,"2,144",$416.95,"3,461 mi",6,$0.1205
CCJ,MNL,"2,141",$621.00,"3,131 mi",6,$0.1983
MLE,MIA,"2,139","$2,061.43","9,430 mi",6,$0.2186
DEL,BJV,"2,135",$316.02,"2,810 mi",6,$0.1125
LYP,TLV,"2,134",$180.34,"2,162 mi",6,$0.0834
MLE,BOS,"2,133","$1,172.06","8,784 mi",6,$0.1334
ZYL,KUL,"2,133",$179.85,"1,619 mi",6,$0.1111
LYP,ELQ,"2,131",$171.74,"1,851 mi",6,$0.0928
MAA,BEK,"2,130",$108.10,"1,035 mi",6,$0.1044
COK,ARN,"2,130",$385.71,"4,673 mi",6,$0.0825
KTM,KRK,"2,129",$382.00,"3,824 mi",6,$0.0999
COK,YNB,"2,129",$239.35,"2,617 mi",6,$0.0915
CMB,VTZ,"2,129",$54.35,739 mi,6,$0.0735
CCU,PEK,"2,121",$416.85,"1,975 mi",6,$0.2111
HYD,TFU,"2,120",$206.96,"1,926 mi",6,$0.1075
LHE,ECN,"2,120",$233.83,"2,287 mi",6,$0.1022
MLE,ALG,"2,119","$1,515.50","4,809 mi",6,$0.3151
KTM,SZG,"2,119",$471.95,"4,153 mi",6,$0.1136
ISB,KMG,"2,118",$407.20,"1,840 mi",6,$0.2213
BOM,YXE,"2,116",$572.00,"7,738 mi",6,$0.0739
LHE,CPT,"2,115",$788.51,"5,975 mi",6,$0.1320
MAA,GYD,"2,115",$210.25,"2,711 mi",6,$0.0776
BLR,SAI,"2,114",$335.45,"1,729 mi",6,$0.1940
BOM,ORK,"2,114",$754.74,"4,969 mi",6,$0.1519
KTM,LKO,"2,112",$75.93,290 mi,6,$0.2618
BOM,BUF,"2,112",$452.75,"8,020 mi",6,$0.0565
KHI,EBB,"2,108",$284.17,"2,973 mi",6,$0.0956
CCJ,IXR,"2,107",$90.40,"1,074 mi",6,$0.0842
GOX,FRA,"2,107",$330.47,"4,427 mi",6,$0.0746
MLE,KNO,"2,105",$148.27,"1,695 mi",6,$0.0875
GOX,YYZ,"2,105",$650.47,"8,243 mi",6,$0.0789
HYD,EAM,"2,104",$254.70,"2,172 mi",6,$0.1173
HYD,CNX,"2,103",$148.25,"1,312 mi",6,$0.1130
KHI,ADL,"2,103",$430.87,"6,046 mi",6,$0.0713
BOM,BOD,"2,102",$860.02,"4,637 mi",6,$0.1855
LHE,PHL,"2,101",$690.14,"6,920 mi",6,$0.0997
COK,TFU,"2,099",$175.15,"2,346 mi",6,$0.0747
KTM,LYS,"2,098",$386.80,"4,294 mi",6,$0.0901
DAC,DAR,"2,097",$421.37,"3,928 mi",6,$0.1073
HYD,KBV,"2,095",$163.06,"1,567 mi",6,$0.1041
CMB,VLC,"2,091",$652.37,"5,228 mi",6,$0.1248
CMB,CBR,"2,090",$777.71,"5,526 mi",6,$0.1407
ATQ,ICN,"2,089",$270.63,"3,016 mi",6,$0.0897
JAI,BCN,"2,089",$297.33,"4,337 mi",6,$0.0686
BOM,SUB,"2,088",$566.83,"3,373 mi",6,$0.1680
BLR,EZE,"2,086","$1,365.46","9,050 mi",6,$0.1509
BLR,KQH,"2,083",$86.67,972 mi,6,$0.0892
KTM,DTW,"2,078",$603.34,"7,780 mi",6,$0.0776
AMD,BRU,"2,075",$601.31,"4,175 mi",6,$0.1440
IXC,DMM,"2,074",$127.21,"1,709 mi",6,$0.0744
DEL,TSN,"2,073",$650.03,"2,472 mi",6,$0.2630
CJB,DPS,"2,073",$442.67,"3,044 mi",6,$0.1454
DEL,GRV,"2,073",$243.71,"2,075 mi",6,$0.1175
NAG,BDQ,"2,073",$39.96,372 mi,6,$0.1074
BOM,FAO,"2,071",$513.81,"4,793 mi",6,$0.1072
CCU,YYC,"2,071",$682.17,"7,374 mi",6,$0.0925
LHE,PEK,"2,070",$417.13,"2,485 mi",6,$0.1679
LKO,BHH,"2,069",$200.99,"2,388 mi",6,$0.0842
COK,JHB,"2,067",$178.76,"2,021 mi",6,$0.0885
TRV,BER,"2,066",$348.93,"4,784 mi",6,$0.0729
CMB,AGP,"2,066",$342.93,"5,780 mi",6,$0.0593
CNN,LKO,"2,065",$104.26,"1,051 mi",6,$0.0992
COK,KNU,"2,065",$95.13,"1,120 mi",6,$0.0849
BLR,BEG,"2,064",$472.24,"3,873 mi",6,$0.1219
CMB,EVN,"2,064",$290.00,"3,064 mi",6,$0.0946
JAI,FRA,"2,064",$253.88,"3,944 mi",6,$0.0644
SKT,GYD,"2,063",$290.19,"1,407 mi",6,$0.2062
LKO,DPS,"2,063",$346.42,"3,462 mi",6,$0.1001
CMB,ATL,"2,060",$880.65,"9,152 mi",6,$0.0962
MAA,KBR,"2,060",$137.47,"1,624 mi",6,$0.0846
MLE,SKP,"2,059",$184.43,"3,993 mi",6,$0.0462
CMB,TIF,"2,058",$194.42,"2,886 mi",6,$0.0674
DAC,TSN,"2,057",$217.97,"1,952 mi",6,$0.1117
CCU,YVR,"2,057",$749.08,"7,317 mi",6,$0.1024
BOM,TZX,"2,055",$272.10,"2,392 mi",6,$0.1138
DEL,BGO,"2,054",$451.87,"4,027 mi",6,$0.1122
SKT,BRU,"2,054",$344.44,"3,779 mi",6,$0.0911
CCU,DAD,"2,051",$143.23,"1,406 mi",6,$0.1019
GOX,KTM,"2,050",$118.60,"1,139 mi",6,$0.1041
TRV,TLV,"2,049",$572.20,"3,237 mi",6,$0.1768
KTM,BEY,"2,049",$357.04,"2,873 mi",6,$0.1243
AMD,HGI,"2,047",$142.72,"1,301 mi",6,$0.1097
LHE,KTI,"2,046",$374.61,"2,320 mi",6,$0.1615
TRV,SVO,"2,046",$433.77,"3,799 mi",6,$0.1142
KTM,SAW,"2,045",$223.74,"3,170 mi",6,$0.0706
SKT,TUU,"2,044",$222.60,"2,187 mi",6,$0.1018
AMD,BUF,"2,042",$394.57,"7,751 mi",6,$0.0509
COK,KCH,"2,041",$208.30,"2,478 mi",6,$0.0841
MLE,KHV,"2,039",$324.08,"4,583 mi",6,$0.0707
BOM,ESB,"2,038",$450.49,"2,685 mi",6,$0.1678
JAI,FCO,"2,038",$248.33,"3,797 mi",6,$0.0654
CJB,JFK,"2,037",$543.44,"8,157 mi",6,$0.0666
CMB,BIO,"2,037",$295.46,"5,683 mi",6,$0.0520
KHI,HGH,"2,035",$411.75,"3,353 mi",6,$0.1228
MAA,XIY,"2,032",$269.96,"2,252 mi",6,$0.1199
HYD,MEX,"2,031","$1,648.19","9,600 mi",6,$0.1717
DAC,YWG,"2,031",$802.91,"7,539 mi",6,$0.1065
CMB,CLJ,"2,031",$394.92,"4,415 mi",6,$0.0894
LHE,KMG,"2,029",$285.83,"1,839 mi",6,$0.1554
BOM,MHD,"2,028",$190.00,"1,474 mi",6,$0.1289
BOM,JHB,"2,028",$293.39,"2,335 mi",6,$0.1256
BOM,TFN,"2,027",$693.44,"5,719 mi",6,$0.1213
VGA,BBI,"2,027",$47.11,430 mi,6,$0.1096
KTM,TAS,"2,026",$307.57,"1,345 mi",6,$0.2287
MLE,LUX,"2,024",$666.93,"4,842 mi",6,$0.1377
CCU,HAM,"2,022",$407.95,"4,369 mi",6,$0.0934
CJB,DAC,"2,022",$106.21,"1,284 mi",6,$0.0827
KTM,SPX,"2,022",$264.83,"3,365 mi",6,$0.0787
CMB,SUB,"2,021",$258.53,"2,554 mi",6,$0.1012
MUX,LGW,"2,021",$369.73,"3,736 mi",6,$0.0990
BLR,ABJ,"2,021",$527.28,"5,741 mi",6,$0.0918
MLE,KCH,"2,020",$198.53,"2,623 mi",6,$0.0757
BOM,AJF,"2,020",$145.21,"2,245 mi",6,$0.0647
TRV,LOS,"2,019",$729.47,"5,186 mi",6,$0.1407
CMB,MUX,"2,018",$323.57,"1,733 mi",6,$0.1867
KHI,PEN,"2,018",$255.77,"2,655 mi",6,$0.0963
LYP,HBE,"2,017",$423.28,"2,468 mi",6,$0.1715
CJB,VGA,"2,016",$61.08,470 mi,6,$0.1300
DEL,RAK,"2,016",$571.01,"4,805 mi",6,$0.1188
LKO,AMS,"2,016",$439.32,"4,330 mi",6,$0.1015
COK,SAW,"2,016",$240.18,"3,668 mi",6,$0.0655
MLE,IXB,"2,015",$151.76,"1,891 mi",6,$0.0803
DEL,JRO,"2,011",$381.09,"3,351 mi",6,$0.1137
DAC,HAM,"2,010",$808.63,"4,384 mi",6,$0.1845
CCU,CDP,"2,010",$104.67,872 mi,6,$0.1200
TRV,BHO,"2,007",$98.92,992 mi,5,$0.0997
KHI,SPX,"2,004",$268.66,"2,309 mi",5,$0.1164
MAA,OTP,"2,003",$525.16,"3,956 mi",5,$0.1328
DEL,DLM,"2,003",$354.64,"2,921 mi",5,$0.1214
DEL,OUA,"2,001",$679.78,"5,283 mi",5,$0.1287
DEL,YYG,"2,001",$439.02,"6,899 mi",5,$0.0636
CMB,KNO,"1,999",$196.03,"1,368 mi",5,$0.1433
DAC,MLA,"1,996",$757.33,"4,380 mi",5,$0.1729
COK,IXA,"1,995",$133.36,"1,403 mi",5,$0.0951
BOM,BLL,"1,994",$553.06,"4,243 mi",5,$0.1303
MLE,XNB,"1,994",$73.88,"1,938 mi",5,$0.0381
ISB,HKT,"1,993",$404.50,"2,321 mi",5,$0.1743
LHE,SHW,"1,992",$207.75,"2,021 mi",5,$0.1028
CJB,HKT,"1,992",$111.82,"1,418 mi",5,$0.0789
LHE,BSR,"1,991",$548.47,"1,534 mi",5,$0.3575
BOM,SJU,"1,991",$681.30,"8,369 mi",5,$0.0814
BOM,VTE,"1,991",$148.46,"1,886 mi",5,$0.0787
ISB,CLT,"1,991",$535.26,"7,614 mi",5,$0.0703
KHI,PKX,"1,990",$359.41,"2,919 mi",5,$0.1231
BLR,TUU,"1,989",$205.54,"2,751 mi",5,$0.0747
MUX,LED,"1,988",$429.03,"2,872 mi",5,$0.1494
CCU,CPT,"1,988",$620.78,"6,207 mi",5,$0.1000
VTZ,ORD,"1,988",$584.30,"8,521 mi",5,$0.0686
LHE,AYT,"1,986",$299.84,"2,422 mi",5,$0.1238
CJB,DED,"1,985",$116.39,"1,366 mi",5,$0.0852
MAA,IND,"1,985",$759.61,"8,953 mi",5,$0.0848
LHE,STR,"1,983",$261.15,"3,632 mi",5,$0.0719
BOM,CDP,"1,980",$58.06,517 mi,5,$0.1123
DAC,KNO,"1,978",$309.29,"1,551 mi",5,$0.1994
BOM,XMN,"1,978",$432.19,"3,002 mi",5,$0.1440
DEL,YYJ,"1,977",$519.64,"7,162 mi",5,$0.0726
CCU,SVO,"1,977",$206.93,"3,345 mi",5,$0.0619
BOM,PKX,"1,972",$297.68,"3,029 mi",5,$0.0983
ISB,DPS,"1,970",$609.15,"3,910 mi",5,$0.1558
DAC,OSL,"1,970",$547.22,"4,303 mi",5,$0.1272
BOM,ADE,"1,970",$166.89,"1,954 mi",5,$0.0854
LKO,SLL,"1,969",$194.15,"1,895 mi",5,$0.1025
DEL,BUS,"1,968",$263.69,"2,245 mi",5,$0.1175
BOM,SVQ,"1,967",$476.17,"4,679 mi",5,$0.1018
KHI,SVX,"1,965",$334.81,"2,155 mi",5,$0.1554
ISB,AQI,"1,964",$198.74,"1,569 mi",5,$0.1267
VTZ,UDR,"1,964",$91.11,743 mi,5,$0.1226
HYD,BEK,"1,961",$96.16,753 mi,5,$0.1277
KHI,VCE,"1,961",$235.82,"3,229 mi",5,$0.0730
CCU,VTE,"1,960",$141.46,940 mi,5,$0.1505
DEL,GUW,"1,960",$259.71,"1,811 mi",5,$0.1434
KTM,DME,"1,960",$307.43,"2,931 mi",5,$0.1049
COK,DME,"1,960",$246.48,"3,644 mi",5,$0.0676
HYD,HAS,"1,958",$198.63,"2,515 mi",5,$0.0790
DEL,MEM,"1,957",$914.26,"8,200 mi",5,$0.1115
KTM,WUH,"1,956",$207.94,"1,695 mi",5,$0.1227
BOM,JUB,"1,956",$227.79,"3,035 mi",5,$0.0751
CCU,KBV,"1,956",$82.60,"1,262 mi",5,$0.0655
CCJ,TUU,"1,955",$182.88,"2,888 mi",5,$0.0633
GOX,DBR,"1,955",$64.08,"1,092 mi",5,$0.0587
TRV,PEN,"1,954",$144.74,"1,666 mi",5,$0.0869
GOI,MXP,"1,954",$354.54,"4,138 mi",5,$0.0857
CMB,CGN,"1,952",$264.76,"4,931 mi",5,$0.0537
AMD,PKX,"1,951",$332.48,"2,873 mi",5,$0.1157
CMB,HAJ,"1,950",$328.95,"5,146 mi",5,$0.0639
DAC,KBR,"1,947",$165.27,"1,498 mi",5,$0.1103
CCU,PHL,"1,947",$475.17,"7,750 mi",5,$0.0613
MUX,GYD,"1,946",$269.26,"1,350 mi",5,$0.1995
NAG,IXL,"1,945",$128.79,879 mi,5,$0.1465
ISB,CSX,"1,944",$498.70,"2,481 mi",5,$0.2010
GOI,DME,"1,942",$252.26,"3,457 mi",5,$0.0730
CCU,PHX,"1,941",$688.25,"8,084 mi",5,$0.0851
HYD,OTP,"1,939",$605.50,"3,659 mi",5,$0.1655
MAA,GAN,"1,939",$153.66,"1,093 mi",5,$0.1406
MAA,WLG,"1,939",$746.26,"7,257 mi",5,$0.1028
AMD,SVO,"1,938",$448.02,"2,975 mi",5,$0.1506
MAA,CMN,"1,937",$670.83,"5,769 mi",5,$0.1163
DEL,RMO,"1,935",$455.48,"2,951 mi",5,$0.1543
CMB,SEA,"1,935","$1,298.78","8,678 mi",5,$0.1497
LHE,TFU,"1,934",$306.97,"1,830 mi",5,$0.1677
MLE,RMO,"1,932",$499.71,"3,849 mi",5,$0.1298
COK,LYP,"1,932",$94.53,"1,526 mi",5,$0.0619
CMB,TRR,"1,929",$27.41,125 mi,5,$0.2193
BLR,KNO,"1,929",$221.44,"1,637 mi",5,$0.1353
CNN,IXC,"1,927",$142.56,"1,259 mi",5,$0.1132
VGA,YYZ,"1,925",$694.98,"7,853 mi",5,$0.0885
DEL,CRZ,"1,925",$82.37,"1,092 mi",5,$0.0754
GOX,JFK,"1,924",$789.04,"7,782 mi",5,$0.1014
DEL,PXU,"1,924",$202.42,"2,153 mi",5,$0.0940
CCU,AGR,"1,923",$94.30,705 mi,5,$0.1338
CGP,SIN,"1,919",$449.07,"1,709 mi",5,$0.2628
CCU,AUS,"1,919",$739.66,"8,499 mi",5,$0.0870
IXC,IXM,"1,918",$144.44,"1,485 mi",5,$0.0973
LHE,NJF,"1,917",$216.96,"1,704 mi",5,$0.1273
IXC,TRZ,"1,914",$133.56,"1,340 mi",5,$0.0997
CMB,SHE,"1,913",$199.85,"3,464 mi",5,$0.0577
COK,DAR,"1,912",$353.86,"2,732 mi",5,$0.1295
GOX,AMS,"1,912",$336.09,"4,349 mi",5,$0.0773
NAG,SYD,"1,911",$627.72,"5,891 mi",5,$0.1066
ISB,MCI,"1,911",$753.48,"7,120 mi",5,$0.1058
DEL,BAL,"1,910",$276.40,"2,227 mi",5,$0.1241
MLE,CTS,"1,908",$454.76,"4,773 mi",5,$0.0953
MLE,JHG,"1,908",$161.39,"2,132 mi",5,$0.0757
GOX,RUH,"1,908",$103.23,"1,923 mi",5,$0.0537
LHE,HEL,"1,905",$398.55,"3,076 mi",5,$0.1296
KHI,TFU,"1,905",$301.00,"2,371 mi",5,$0.1270
COK,GAN,"1,905",$60.93,759 mi,5,$0.0803
DAC,IDR,"1,904",$99.25,957 mi,5,$0.1037
LKO,RJA,"1,903",$87.21,689 mi,5,$0.1266
VGA,DED,"1,902",$117.02,987 mi,5,$0.1186
GOI,JFK,"1,902",$685.72,"7,803 mi",5,$0.0879
IXC,RJA,"1,899",$126.97,"1,019 mi",5,$0.1246
BLR,ABV,"1,898",$700.73,"4,913 mi",5,$0.1426
BLR,BIO,"1,897",$607.85,"5,281 mi",5,$0.1151
DAC,KRK,"1,897",$462.65,"4,247 mi",5,$0.1089
JAI,PEN,"1,897",$173.01,"2,259 mi",5,$0.0766
KHI,BGY,"1,897",$141.63,"3,562 mi",5,$0.0398
DEL,COO,"1,896",$384.20,"4,930 mi",5,$0.0779
AMD,STN,"1,895",$355.69,"4,363 mi",5,$0.0815
CMB,BRE,"1,895",$399.84,"5,192 mi",5,$0.0770
TRV,PVG,"1,894",$777.88,"3,181 mi",5,$0.2445
DAC,DUR,"1,893","$1,171.93","5,233 mi",5,$0.2239
MLE,NUE,"1,893","$1,024.34","4,638 mi",5,$0.2209
BLR,JHB,"1,893",$163.40,"2,005 mi",5,$0.0815
MAA,KRK,"1,892",$675.96,"4,103 mi",5,$0.1647
KHI,AKL,"1,892",$816.63,"8,413 mi",5,$0.0971
DEL,LPA,"1,891",$751.32,"5,296 mi",5,$0.1419
BOM,WDH,"1,891",$506.29,"4,573 mi",5,$0.1107
VGA,JED,"1,891",$262.37,"2,652 mi",5,$0.0989
HYD,BSR,"1,888",$614.09,"2,077 mi",5,$0.2957
DAC,CGN,"1,888",$244.51,"4,809 mi",5,$0.0508
BLR,BOD,"1,886",$882.15,"4,864 mi",5,$0.1814
BOM,PGH,"1,886",$105.21,779 mi,5,$0.1351
BOM,EVN,"1,884",$313.58,"2,160 mi",5,$0.1452
DEL,TWU,"1,883",$291.90,"3,262 mi",5,$0.0895
ISB,VKO,"1,882",$428.02,"2,345 mi",5,$0.1825
LHE,NBO,"1,882",$563.20,"3,442 mi",5,$0.1636
CCU,TPA,"1,882",$707.08,"8,620 mi",5,$0.0820
DEL,KMG,"1,880",$183.42,"1,559 mi",5,$0.1177
UET,HGH,"1,879",$406.79,"3,257 mi",5,$0.1249
JAI,IXS,"1,879",$113.63,"1,106 mi",5,$0.1027
DAC,YNT,"1,879",$195.07,"1,978 mi",5,$0.0986
MLE,SSH,"1,878",$234.06,"3,143 mi",5,$0.0745
CCJ,IXZ,"1,878",$62.38,"1,170 mi",5,$0.0533
MLE,LGK,"1,877",$182.93,"1,863 mi",5,$0.0982
MAA,PKX,"1,877",$282.26,"2,950 mi",5,$0.0957
TRV,UDR,"1,876",$106.64,"1,098 mi",5,$0.0971
BOM,KCM,"1,875",$357.45,"2,582 mi",5,$0.1384
CJB,RPR,"1,873",$94.22,744 mi,5,$0.1266
BOM,CUN,"1,869",$992.18,"9,624 mi",5,$0.1031
MLE,LEJ,"1,869",$473.47,"4,635 mi",5,$0.1022
AMD,LGK,"1,867",$179.02,"2,077 mi",5,$0.0862
CCJ,AGX,"1,866",$22.63,265 mi,5,$0.0854
MAA,MFM,"1,866",$171.96,"2,215 mi",5,$0.0776
CCU,TBS,"1,864",$270.27,"2,739 mi",5,$0.0987
CMB,GBE,"1,863",$900.84,"4,368 mi",5,$0.2062
ISB,HAM,"1,862",$393.69,"3,209 mi",5,$0.1227
ISB,IFN,"1,862",$135.62,"1,175 mi",5,$0.1154
MAA,MEX,"1,861","$1,472.42","9,889 mi",5,$0.1489
MLE,CNX,"1,859",$273.19,"1,930 mi",5,$0.1415
COK,LDY,"1,859",$294.17,"5,228 mi",5,$0.0563
HYD,XNA,"1,858",$648.97,"8,448 mi",5,$0.0768
MLE,ELQ,"1,857",$313.96,"2,565 mi",5,$0.1224
BOM,UTH,"1,855",$128.00,"1,906 mi",5,$0.0672
KHI,EVN,"1,853",$167.39,"1,633 mi",5,$0.1025
ISB,LOS,"1,852",$811.03,"4,933 mi",5,$0.1644
SKT,ATH,"1,852",$218.78,"2,750 mi",5,$0.0796
KHI,HBE,"1,851",$221.41,"2,383 mi",5,$0.0929
DEL,SEZ,"1,845",$393.55,"2,789 mi",5,$0.1411
NAG,IXR,"1,844",$53.19,443 mi,5,$0.1201
BLR,SAT,"1,844",$924.88,"9,189 mi",5,$0.1007
BOM,NQZ,"1,843",$396.01,"2,274 mi",5,$0.1741
MAA,CHC,"1,843","$1,017.10","7,158 mi",5,$0.1421
GOI,DIB,"1,843",$170.09,"1,643 mi",5,$0.1035
MAA,TWU,"1,843",$212.77,"2,576 mi",5,$0.0826
BLR,BSL,"1,841",$887.39,"4,488 mi",5,$0.1977
TRV,YYC,"1,841",$559.19,"8,515 mi",5,$0.0657
BLR,BRE,"1,840",$984.72,"4,758 mi",5,$0.2070
MUX,SAW,"1,839",$274.88,"2,528 mi",5,$0.1087
CCJ,IXB,"1,839",$110.32,"1,302 mi",5,$0.0847
BOM,FRU,"1,838",$304.62,"1,709 mi",5,$0.1782
LKO,ABT,"1,838",$222.81,"2,591 mi",5,$0.0860
COK,BEY,"1,837",$274.23,"2,966 mi",5,$0.0925
GOX,DME,"1,837",$161.98,"3,436 mi",5,$0.0471
ISB,AKL,"1,835",$939.10,"7,913 mi",5,$0.1187
BOM,NTE,"1,835",$487.61,"4,674 mi",5,$0.1043
TRV,SGN,"1,834",$208.64,"1,970 mi",5,$0.1059
CMB,KCH,"1,834",$180.87,"2,070 mi",5,$0.0874
MAA,HDY,"1,834",$91.87,"1,480 mi",5,$0.0621
HYD,GRU,"1,832","$1,591.50","8,595 mi",5,$0.1852
COK,EVN,"1,831",$465.65,"2,937 mi",5,$0.1585
LHE,AQI,"1,831",$198.36,"1,754 mi",5,$0.1131
COK,NBO,"1,831",$271.63,"2,743 mi",5,$0.0990
IXE,SXR,"1,830",$135.47,"1,409 mi",5,$0.0961
DEL,HBE,"1,829",$255.08,"2,912 mi",5,$0.0876
CCU,DEN,"1,829",$654.51,"8,276 mi",5,$0.0791
AMD,LAD,"1,828","$1,675.96","4,442 mi",5,$0.3773
KHI,BUD,"1,828",$364.50,"3,119 mi",5,$0.1169
COK,DIB,"1,828",$166.32,"1,652 mi",5,$0.1007
BLR,OOL,"1,827",$598.70,"5,984 mi",5,$0.1001
CCJ,IST,"1,827",$337.16,"3,423 mi",5,$0.0985
CMB,HBA,"1,827",$446.20,"5,617 mi",5,$0.0794
MUX,BEG,"1,824",$361.73,"3,011 mi",5,$0.1201
BOM,TFU,"1,823",$441.40,"2,055 mi",5,$0.2148
DEL,WRO,"1,823",$444.37,"3,540 mi",5,$0.1255
KTM,PDX,"1,823",$562.60,"6,865 mi",5,$0.0820
BLR,ZYK,"1,822",$318.45,"2,385 mi",5,$0.1335
MLE,BIO,"1,821",$454.56,"5,499 mi",5,$0.0827
DEL,ASR,"1,820",$375.08,"2,397 mi",5,$0.1565
MAA,PZU,"1,820",$296.98,"2,962 mi",5,$0.1003
COK,PKX,"1,818",$282.64,"3,278 mi",5,$0.0862
COK,KHI,"1,817",$147.01,"1,222 mi",5,$0.1203
DEL,SZX,"1,816",$499.68,"2,245 mi",5,$0.2226
DEL,GNY,"1,816",$323.03,"2,212 mi",5,$0.1460
LHE,YWG,"1,816",$739.82,"6,583 mi",5,$0.1124
COK,BUD,"1,814",$488.17,"4,060 mi",5,$0.1202
ATQ,EWR,"1,813",$540.00,"7,268 mi",5,$0.0743
DAC,BGY,"1,811",$227.73,"4,761 mi",5,$0.0478
ISB,PRG,"1,810",$617.75,"3,227 mi",5,$0.1914
DAC,TBS,"1,810",$403.97,"2,958 mi",5,$0.1366
CCU,LIS,"1,808",$475.55,"5,468 mi",5,$0.0870
MLE,AKL,"1,807","$1,083.32","6,803 mi",5,$0.1592
BOM,SZF,"1,807",$371.97,"2,703 mi",5,$0.1376
DEL,ZQN,"1,807",$911.27,"7,429 mi",5,$0.1227
MLE,OVB,"1,805","$1,051.02","3,442 mi",5,$0.3054
ISB,SHW,"1,805",$236.51,"1,999 mi",5,$0.1183
BLR,LAD,"1,804",$929.28,"4,538 mi",5,$0.2048
KTM,TNA,"1,800",$171.07,"2,014 mi",5,$0.0849
AMD,PRG,"1,799",$514.97,"3,511 mi",5,$0.1467
CMB,WNZ,"1,798",$191.35,"2,942 mi",5,$0.0650
BOM,KTI,"1,797",$211.27,"2,265 mi",5,$0.0933
DEL,PMO,"1,797",$308.59,"3,570 mi",5,$0.0864
DEL,INV,"1,795",$587.00,"4,382 mi",5,$0.1340
KTM,CSX,"1,795",$191.22,"1,646 mi",5,$0.1162
KTM,YNB,"1,795",$300.98,"2,844 mi",5,$0.1058
KTM,OMA,"1,794",$625.38,"7,898 mi",5,$0.0792
ATQ,LIS,"1,793",$286.10,"4,730 mi",5,$0.0605
BOM,INV,"1,791",$781.77,"4,490 mi",5,$0.1741
KTM,MIA,"1,791",$742.73,"8,878 mi",5,$0.0837
SKT,TIF,"1,791",$158.24,"2,272 mi",5,$0.0696
DAC,SVX,"1,790",$449.02,"2,794 mi",5,$0.1607
DEL,TAZ,"1,790",$124.75,"1,370 mi",5,$0.0911
JAI,DPS,"1,789",$321.44,"3,496 mi",5,$0.0919
NAG,DFW,"1,787",$577.52,"8,958 mi",5,$0.0645
CCJ,HKT,"1,787",$85.37,"1,490 mi",5,$0.0573
MAA,DSS,"1,786",$686.01,"6,658 mi",5,$0.1030
HYD,IKA,"1,784",$375.77,"2,030 mi",5,$0.1851
LYP,MAN,"1,783",$549.37,"3,808 mi",5,$0.1443
BOM,BAL,"1,783",$315.66,"2,376 mi",5,$0.1329
DAC,FOC,"1,783",$178.29,"1,781 mi",5,$0.1001
PEW,JFK,"1,782",$505.83,"7,031 mi",5,$0.0719
DEL,VVO,"1,781",$404.99,"3,086 mi",5,$0.1312
KHI,KBV,"1,781",$238.06,"2,325 mi",5,$0.1024
GOX,LED,"1,781",$175.09,"3,633 mi",5,$0.0482
CMB,LYP,"1,779",$302.62,"1,781 mi",5,$0.1699
LYP,MLE,"1,779",$296.19,"1,934 mi",5,$0.1531
CCU,AYJ,"1,779",$68.40,501 mi,5,$0.1365
BLR,PGH,"1,777",$114.40,"1,133 mi",5,$0.1010
KTM,SOF,"1,775",$340.61,"3,458 mi",5,$0.0985
UET,DOH,"1,774",$234.54,"1,027 mi",5,$0.2284
COK,ALA,"1,774",$383.74,"2,225 mi",5,$0.1725
BLR,WRO,"1,773",$480.26,"4,127 mi",5,$0.1164
BLR,NJF,"1,773",$211.37,"2,399 mi",5,$0.0881
BOM,ARK,"1,773",$224.63,"2,824 mi",5,$0.0795
DEL,GZT,"1,772",$375.02,"2,285 mi",5,$0.1641
CCU,JLR,"1,772",$55.65,519 mi,5,$0.1072
DEL,KGD,"1,771",$278.55,"3,213 mi",5,$0.0867
CMB,PTY,"1,770","$1,153.42","10,301 mi",5,$0.1120
KTM,SXR,"1,769",$86.95,786 mi,5,$0.1106
MAA,PGH,"1,767",$108.03,"1,076 mi",5,$0.1004
CMB,POM,"1,766",$979.99,"4,918 mi",5,$0.1993
DAC,NTG,"1,766",$171.31,"1,885 mi",5,$0.0909
HYD,SVO,"1,765",$378.94,"3,320 mi",5,$0.1141
MLE,JHB,"1,765",$189.68,"2,024 mi",5,$0.0937
BOM,ALC,"1,762",$505.19,"4,392 mi",5,$0.1150
MAA,SLC,"1,762",$953.80,"8,381 mi",5,$0.1138
IXC,MCT,"1,762",$132.15,"1,199 mi",5,$0.1102
GOX,AYJ,"1,761",$90.19,957 mi,5,$0.0942
BLR,ALG,"1,760",$657.14,"4,968 mi",5,$0.1323
COK,VCE,"1,760",$385.90,"4,335 mi",5,$0.0890
CCU,AMM,"1,759",$421.92,"3,351 mi",5,$0.1259
KTM,XMN,"1,759",$188.71,"1,977 mi",5,$0.0955
LHE,TAO,"1,758",$758.74,"2,538 mi",5,$0.2990
MUX,KRK,"1,757",$342.32,"3,067 mi",5,$0.1116
COK,JGA,"1,756",$133.81,922 mi,5,$0.1451
ISB,MCO,"1,756",$880.40,"8,067 mi",5,$0.1091
BOM,KZN,"1,755",$755.38,"2,890 mi",5,$0.2614
LKO,IXG,"1,755",$95.20,828 mi,5,$0.1150
NAG,ORD,"1,755",$481.03,"7,760 mi",5,$0.0620
CMB,TNA,"1,754",$193.12,"3,207 mi",5,$0.0602
KTM,CGO,"1,753",$244.86,"1,691 mi",5,$0.1448
DAC,MHD,"1,753",$204.53,"2,078 mi",5,$0.0984
BOM,GRZ,"1,752",$863.39,"3,851 mi",5,$0.2242
KTM,PHL,"1,750",$828.49,"7,832 mi",5,$0.1058
BOM,AAL,"1,749",$566.65,"4,234 mi",5,$0.1338
BOM,PXU,"1,749",$186.86,"2,280 mi",5,$0.0820
HYD,CHC,"1,748","$1,017.58","7,449 mi",5,$0.1366
BOM,SYZ,"1,748",$153.40,"1,419 mi",5,$0.1081
COK,KMG,"1,747",$147.47,"1,962 mi",5,$0.0752
MUX,AMM,"1,746",$318.87,"2,029 mi",5,$0.1572
HYD,WLG,"1,746",$705.75,"7,102 mi",5,$0.0994
SKT,IKA,"1,745",$260.33,"1,302 mi",5,$0.1999
KTM,ADD,"1,743",$459.28,"3,192 mi",5,$0.1439
LHE,HGH,"1,742",$554.62,"2,792 mi",5,$0.1986
CNN,BBI,"1,742",$113.17,865 mi,5,$0.1308
VTZ,JDH,"1,742",$110.96,904 mi,5,$0.1227
CMB,BKI,"1,742",$201.96,"2,557 mi",5,$0.0790
CGP,FCO,"1,742",$298.53,"4,546 mi",5,$0.0657
LYP,IKA,"1,741",$219.64,"1,327 mi",5,$0.1655
DEL,SZF,"1,739",$279.89,"2,505 mi",5,$0.1117
HYD,PKX,"1,738",$279.03,"2,826 mi",5,$0.0987
CCJ,YYZ,"1,738",$581.49,"8,099 mi",5,$0.0718
DEL,KUF,"1,736",$237.14,"2,262 mi",5,$0.1048
COK,MRU,"1,735",$280.14,"2,540 mi",5,$0.1103
LKO,SFO,"1,735",$733.83,"7,507 mi",5,$0.0978
ISB,BUD,"1,734",$487.87,"2,997 mi",5,$0.1628
KTM,RGN,"1,732",$263.36,"1,044 mi",5,$0.2523
MAA,NAN,"1,732",$804.75,"6,749 mi",5,$0.1192
CCJ,DAC,"1,732",$115.93,"1,254 mi",5,$0.0924
KTM,DRW,"1,731",$602.97,"4,242 mi",5,$0.1421
GOX,JDH,"1,731",$97.17,707 mi,5,$0.1374
ISB,CGN,"1,730",$568.37,"3,545 mi",5,$0.1603
KTM,BDQ,"1,730",$113.64,869 mi,5,$0.1308
PEW,CAI,"1,730",$195.88,"2,419 mi",5,$0.0810
MUX,JFK,"1,730",$539.34,"6,847 mi",5,$0.0788
MLE,BOD,"1,729",$385.35,"5,087 mi",5,$0.0758
CCU,PNH,"1,728",$180.14,"1,365 mi",5,$0.1320
CCJ,ZVH,"1,728",$81.08,"1,652 mi",5,$0.0491
GOX,VGA,"1,724",$50.33,449 mi,5,$0.1121
DEL,YYT,"1,724",$610.74,"6,132 mi",5,$0.0996
SKT,IAD,"1,724",$490.08,"6,962 mi",5,$0.0704
ISB,DME,"1,723",$977.28,"2,316 mi",5,$0.4220
BOM,SVG,"1,723",$392.10,"4,415 mi",5,$0.0888
CMB,NQZ,"1,723",$246.07,"2,975 mi",5,$0.0827
DEL,KHV,"1,723",$252.68,"3,234 mi",5,$0.0781
COK,HGH,"1,721",$247.61,"3,054 mi",5,$0.0811
BOM,RMO,"1,719",$463.31,"3,223 mi",5,$0.1438
BOM,HBE,"1,719",$298.34,"2,721 mi",5,$0.1096
GOI,IST,"1,719",$345.54,"3,319 mi",5,$0.1041
MUX,TIF,"1,718",$127.36,"1,945 mi",5,$0.0655
CMB,SLL,"1,717",$203.01,"1,812 mi",5,$0.1120
MLE,KBV,"1,716",$184.02,"1,716 mi",5,$0.1072
MAA,SHL,"1,716",$102.33,"1,131 mi",5,$0.0905
CCJ,AMM,"1,716",$171.76,"2,826 mi",5,$0.0608
CNN,SIN,"1,715",$194.43,"2,019 mi",5,$0.0963
HYD,USM,"1,714",$304.51,"1,500 mi",5,$0.2030
DAC,ALG,"1,714",$742.58,"5,258 mi",5,$0.1412
GOX,VIE,"1,714",$311.03,"4,035 mi",5,$0.0771
DAC,TFS,"1,713",$637.41,"6,591 mi",5,$0.0967
MAA,MYY,"1,713",$185.97,"2,312 mi",5,$0.0804
DEL,GDN,"1,711",$492.41,"3,493 mi",5,$0.1410
DEL,VAS,"1,711",$346.77,"2,474 mi",5,$0.1402
MAA,JAX,"1,711",$671.69,"8,923 mi",5,$0.0753
AMD,GYD,"1,709",$271.07,"1,833 mi",5,$0.1479
DAC,RDU,"1,709",$743.52,"8,002 mi",5,$0.0929
BLR,PNH,"1,708",$281.10,"1,889 mi",5,$0.1488
CMB,LUX,"1,707",$257.70,"4,959 mi",5,$0.0520
AMD,BGW,"1,706",$511.71,"1,916 mi",5,$0.2671
DAC,FIH,"1,706",$544.08,"5,235 mi",5,$0.1039
DAC,CZX,"1,706",$119.79,"1,928 mi",5,$0.0621
CJB,MEL,"1,705",$524.05,"5,350 mi",5,$0.0980
MAA,CSX,"1,705",$180.53,"2,298 mi",5,$0.0786
MAA,MRS,"1,702",$663.19,"4,999 mi",5,$0.1327
MLE,FLR,"1,702",$376.45,"4,514 mi",5,$0.0834
BOM,RSU,"1,701",$591.61,"3,392 mi",5,$0.1744
AMD,PNY,"1,701",$118.24,874 mi,5,$0.1353
CCU,RQY,"1,701",$110.08,"1,069 mi",5,$0.1030
UET,ZAH,"1,700",$53.52,376 mi,5,$0.1423
JAI,AJL,"1,700",$110.15,"1,037 mi",5,$0.1062
GOI,IXL,"1,700",$117.65,"1,355 mi",5,$0.0868
TRV,HND,"1,699",$514.82,"4,227 mi",5,$0.1218
DEL,HAV,"1,698","$1,041.95","8,363 mi",5,$0.1246
JAI,ISK,"1,697",$55.60,493 mi,5,$0.1128
MLE,CGN,"1,696",$183.07,"4,826 mi",5,$0.0379
MAA,LUX,"1,695",$632.60,"4,966 mi",5,$0.1274
SKT,MUC,"1,695",$398.08,"3,264 mi",5,$0.1220
SKT,OSL,"1,693",$314.76,"3,492 mi",5,$0.0901
BOM,DLM,"1,691",$633.47,"3,010 mi",5,$0.2105
CMB,GIZ,"1,691",$213.81,"2,525 mi",5,$0.0847
BLR,LJU,"1,689",$669.30,"4,419 mi",5,$0.1515
HYD,DIU,"1,689",$62.93,530 mi,5,$0.1187
IXE,GOP,"1,689",$69.04,"1,135 mi",5,$0.0608
HYD,RGN,"1,688",$176.68,"1,134 mi",5,$0.1558
CCU,KNO,"1,688",$142.64,"1,443 mi",5,$0.0988
TRV,IST,"1,686",$347.37,"3,594 mi",5,$0.0967
DAC,TUI,"1,686",$278.45,"3,271 mi",5,$0.0851
BLR,RIX,"1,685",$375.54,"3,996 mi",5,$0.0940
KHI,BEW,"1,685",$293.24,"3,886 mi",5,$0.0755
BOM,KNO,"1,684",$458.59,"1,992 mi",5,$0.2302
BLR,MSY,"1,683",$951.37,"9,626 mi",5,$0.0988
BOM,VAS,"1,682",$374.53,"2,645 mi",5,$0.1416
CCJ,IXC,"1,682",$122.90,"1,310 mi",5,$0.0938
GOX,HAM,"1,682",$264.10,"4,155 mi",5,$0.0636
LHE,LGK,"1,681",$296.23,"2,460 mi",5,$0.1204
IXC,DMU,"1,681",$109.42,"1,051 mi",5,$0.1041
BOM,VRN,"1,679",$590.66,"3,820 mi",5,$0.1546
DAC,DLC,"1,679",$306.73,"2,034 mi",5,$0.1508
DAC,DEN,"1,677",$821.31,"7,691 mi",5,$0.1068
BOM,OUA,"1,676",$625.77,"5,083 mi",5,$0.1231
AMD,AMM,"1,675",$284.42,"2,245 mi",5,$0.1267
DEL,MLX,"1,675",$302.34,"2,399 mi",5,$0.1260
ATQ,RUH,"1,675",$137.83,"1,819 mi",5,$0.0758
IXE,BDQ,"1,674",$79.51,677 mi,5,$0.1174
COK,TAS,"1,673",$181.01,"2,126 mi",5,$0.0851
KTM,KHH,"1,672",$230.92,"2,276 mi",5,$0.1015
CMB,DTW,"1,672",$549.02,"8,598 mi",5,$0.0639
JAI,IAD,"1,670",$457.11,"7,803 mi",5,$0.0586
AMD,ATH,"1,669",$380.60,"3,127 mi",5,$0.1217
DEL,EZS,"1,668",$318.63,"2,334 mi",5,$0.1365
IXE,VGA,"1,666",$53.02,479 mi,5,$0.1107
IXC,AJL,"1,666",$108.87,"1,047 mi",5,$0.1040
DAC,HFE,"1,665",$214.05,"1,764 mi",5,$0.1213
CJB,KWI,"1,665",$185.17,"2,323 mi",5,$0.0797
COK,GKK,"1,664",$68.61,662 mi,5,$0.1036
NAG,SEA,"1,664",$685.92,"7,292 mi",5,$0.0941
DEL,WDH,"1,663",$718.17,"5,151 mi",5,$0.1394
BOM,MLX,"1,662",$348.43,"2,398 mi",5,$0.1453
KHI,ALA,"1,661",$273.65,"1,350 mi",5,$0.2027
BOM,SJJ,"1,661",$664.84,"3,668 mi",5,$0.1813
MAA,SEZ,"1,661",$306.52,"2,024 mi",5,$0.1514
BOM,MUX,"1,660",$184.11,750 mi,5,$0.2455
MAA,FUK,"1,660",$645.31,"3,348 mi",5,$0.1927
BLR,CGO,"1,659",$596.92,"2,613 mi",5,$0.2284
BOM,SSG,"1,659",$715.20,"4,581 mi",5,$0.1561
SKT,BGY,"1,656",$249.49,"3,590 mi",5,$0.0695
MAA,MCI,"1,655",$662.57,"8,544 mi",5,$0.0775
BOM,GNY,"1,654",$318.99,"2,326 mi",5,$0.1371
TRV,HDO,"1,654",$146.06,"1,439 mi",5,$0.1015
KHI,CMN,"1,653",$440.40,"4,321 mi",5,$0.1019
CJB,EWR,"1,653",$608.31,"8,671 mi",5,$0.0702
CMB,GAU,"1,652",$127.61,"1,563 mi",5,$0.0816
DEL,TAK,"1,650",$568.09,"3,236 mi",5,$0.1756
MAA,DUR,"1,649",$544.10,"4,529 mi",5,$0.1201
AMD,BEY,"1,648",$370.99,"2,290 mi",5,$0.1620
VGA,DMM,"1,647",$213.70,"2,038 mi",5,$0.1049
KTM,MCO,"1,647",$760.24,"8,713 mi",5,$0.0873
CCU,BKI,"1,646",$170.67,"2,107 mi",5,$0.0810
AMD,PEK,"1,645",$546.32,"2,722 mi",5,$0.2007
CMB,PMO,"1,645",$292.04,"4,515 mi",5,$0.0647
COK,FLL,"1,645",$469.24,"9,763 mi",5,$0.0481
DEL,NSI,"1,642",$486.78,"4,478 mi",4,$0.1087
COK,SVO,"1,642",$343.37,"3,683 mi",4,$0.0932
AMD,BER,"1,642",$306.89,"3,568 mi",4,$0.0860
TRV,YEG,"1,642",$596.71,"8,367 mi",4,$0.0713
DEL,TOS,"1,641",$547.10,"3,516 mi",4,$0.1556
CNN,PAT,"1,641",$107.51,"1,165 mi",4,$0.0923
GOI,AGR,"1,639",$109.73,830 mi,4,$0.1322
GOI,ZRH,"1,638",$409.80,"4,419 mi",4,$0.0927
LHE,YXE,"1,637",$800.00,"6,453 mi",4,$0.1240
ATQ,KWI,"1,637",$144.67,"1,651 mi",4,$0.0876
GOI,MED,"1,637",$141.52,"2,229 mi",4,$0.0635
CCJ,RPR,"1,636",$97.29,769 mi,4,$0.1265
VTZ,SAG,"1,636",$65.55,577 mi,4,$0.1136
LHE,NUE,"1,635",$352.92,"3,541 mi",4,$0.0997
BOM,TRN,"1,633",$615.68,"4,217 mi",4,$0.1460
MLE,MCX,"1,633",$383.90,"3,012 mi",4,$0.1275
LHE,CLT,"1,632",$549.14,"7,329 mi",4,$0.0749
LKO,DMU,"1,630",$102.82,824 mi,4,$0.1248
COK,ZAG,"1,630",$333.63,"4,169 mi",4,$0.0800
DEL,KCM,"1,629",$293.49,"2,315 mi",4,$0.1268
KHI,LLW,"1,629",$342.52,"3,599 mi",4,$0.0952
DEL,KMQ,"1,628",$630.65,"3,548 mi",4,$0.1777
UET,MED,"1,628",$176.28,"1,661 mi",4,$0.1061
MLE,POZ,"1,627","$1,512.59","4,485 mi",4,$0.3373
GOI,AYJ,"1,627",$124.11,980 mi,4,$0.1266
HYD,OMA,"1,627",$739.80,"8,125 mi",4,$0.0911
ISB,OTP,"1,626",$426.44,"2,504 mi",4,$0.1703
GOX,TRV,"1,625",$55.00,526 mi,4,$0.1046
ATQ,MUC,"1,624",$231.67,"3,318 mi",4,$0.0698
CMB,KCT,"1,622",$26.87,84 mi,4,$0.3199
JAI,BDQ,"1,621",$65.15,360 mi,4,$0.1810
COK,YQR,"1,619",$663.46,"8,498 mi",4,$0.0781
CCJ,CMB,"1,619",$29.36,394 mi,4,$0.0745
DEL,PNR,"1,618",$542.83,"4,754 mi",4,$0.1142
VTZ,HDO,"1,617",$119.03,820 mi,4,$0.1452
DAC,GOT,"1,617",$452.46,"4,273 mi",4,$0.1059
BLR,UBN,"1,616",$374.05,"2,997 mi",4,$0.1248
BOM,DLC,"1,615",$688.99,"3,103 mi",4,$0.2220
CCU,MYQ,"1,615",$101.73,"1,090 mi",4,$0.0933
NAG,IAD,"1,615",$360.82,"7,777 mi",4,$0.0464
AMD,STL,"1,614",$599.77,"7,784 mi",4,$0.0771
ATQ,IAH,"1,614",$569.89,"7,881 mi",4,$0.0723
IXC,AYJ,"1,612",$75.29,436 mi,4,$0.1727
MUX,HBE,"1,609",$312.10,"2,542 mi",4,$0.1228
BOM,PBM,"1,609",$922.90,"8,774 mi",4,$0.1052
CCU,YUL,"1,607",$770.36,"7,826 mi",4,$0.0984
CCU,HEL,"1,606",$617.35,"4,085 mi",4,$0.1511
DAC,MPM,"1,606",$599.08,"5,326 mi",4,$0.1125
LYP,LED,"1,605",$470.26,"2,851 mi",4,$0.1649
VGA,IXB,"1,605",$108.05,825 mi,4,$0.1310
AMD,SAV,"1,605",$728.52,"8,496 mi",4,$0.0857
HYD,KRK,"1,604",$836.47,"4,049 mi",4,$0.2066
HYD,BGW,"1,604",$243.31,"2,319 mi",4,$0.1049
NAG,VNS,"1,603",$64.78,374 mi,4,$0.1732
DEL,MQM,"1,603",$273.29,"2,250 mi",4,$0.1215
TRV,MLA,"1,603",$355.67,"4,468 mi",4,$0.0796
TRV,IXL,"1,603",$136.33,"1,826 mi",4,$0.0747
LHE,CTU,"1,602",$401.29,"1,693 mi",4,$0.2370
DEL,SJJ,"1,600",$485.09,"3,266 mi",4,$0.1485
MAA,MLA,"1,600",$540.12,"4,471 mi",4,$0.1208
ISB,HEL,"1,600",$345.27,"2,904 mi",4,$0.1189
VTZ,IXR,"1,600",$45.22,422 mi,4,$0.1072
MUX,BSR,"1,599",$440.32,"1,456 mi",4,$0.3024
BOM,EZS,"1,599",$322.36,"2,344 mi",4,$0.1375
BOM,BZV,"1,599",$576.42,"4,361 mi",4,$0.1322
MAA,SBW,"1,599",$188.43,"2,366 mi",4,$0.0796
AMD,CNX,"1,599",$116.24,"1,670 mi",4,$0.0696
MLE,IAH,"1,598","$1,225.97","10,262 mi",4,$0.1195
BLR,PKX,"1,596",$352.54,"3,059 mi",4,$0.1152
VTZ,EWR,"1,596",$638.53,"8,391 mi",4,$0.0761
BOM,SXM,"1,595",$910.00,"8,754 mi",4,$0.1040
MAA,TLS,"1,595",$523.38,"5,196 mi",4,$0.1007
TRV,RIX,"1,594",$487.96,"4,245 mi",4,$0.1149
LHE,PHX,"1,593",$699.45,"8,167 mi",4,$0.0856
COK,AGR,"1,592",$114.80,"1,144 mi",4,$0.1003
GOX,BCN,"1,591",$400.83,"4,705 mi",4,$0.0852
CNN,IDR,"1,590",$100.64,725 mi,4,$0.1388
GOX,MXP,"1,590",$381.16,"4,123 mi",4,$0.0924
LHE,SBW,"1,589",$251.58,"3,267 mi",4,$0.0770
KTM,DED,"1,588",$92.86,453 mi,4,$0.2050
ATQ,HAM,"1,588",$251.96,"3,583 mi",4,$0.0703
DEL,IVL,"1,586",$604.46,"3,302 mi",4,$0.1831
SKT,VKO,"1,584",$406.87,"2,459 mi",4,$0.1655
TRV,BOS,"1,582",$793.46,"8,633 mi",4,$0.0919
COK,VNO,"1,582",$331.36,"4,015 mi",4,$0.0825
DEL,CKG,"1,581",$466.96,"1,726 mi",4,$0.2705
AMD,GVA,"1,581","$1,024.74","3,857 mi",4,$0.2657
BOM,SPU,"1,581",$557.66,"3,547 mi",4,$0.1572
JAI,MRU,"1,581",$262.51,"3,379 mi",4,$0.0777
COK,CPT,"1,580",$458.12,"5,005 mi",4,$0.0915
DEL,SZG,"1,578",$872.61,"3,719 mi",4,$0.2346
KHI,RGN,"1,578",$344.94,"2,003 mi",4,$0.1722
DAC,CMN,"1,575",$737.75,"5,584 mi",4,$0.1321
DEL,KBR,"1,575",$201.67,"2,327 mi",4,$0.0867
BOM,NST,"1,574",$181.16,"1,895 mi",4,$0.0956
ISB,MLE,"1,573",$456.13,"2,090 mi",4,$0.2182
PEW,IST,"1,573",$283.06,"2,440 mi",4,$0.1160
IXE,SYD,"1,573",$530.44,"5,776 mi",4,$0.0918
ZYL,SIN,"1,572",$231.99,"1,875 mi",4,$0.1237
DAC,YQR,"1,572",$714.45,"7,006 mi",4,$0.1020
DAC,SPX,"1,572",$287.21,"3,540 mi",4,$0.0811
BOM,GCM,"1,572",$721.69,"9,539 mi",4,$0.0757
DAC,BRI,"1,572",$219.08,"4,196 mi",4,$0.0522
ISB,CMN,"1,571",$622.04,"4,368 mi",4,$0.1424
LHE,PEN,"1,570",$325.23,"2,541 mi",4,$0.1280
LHE,DUR,"1,568","$1,020.71","5,243 mi",4,$0.1947
BOM,BKO,"1,568",$484.88,"5,507 mi",4,$0.0880
AMD,LAS,"1,568",$667.45,"8,567 mi",4,$0.0779
TRV,MCO,"1,568",$622.20,"9,216 mi",4,$0.0675
KTM,TIF,"1,565",$253.52,"2,918 mi",4,$0.0869
ATQ,YHZ,"1,563",$621.88,"6,728 mi",4,$0.0924
VTZ,SHJ,"1,561",$169.31,"1,797 mi",4,$0.0942
KTM,CTU,"1,560",$194.20,"1,172 mi",4,$0.1657
MUX,CAI,"1,560",$200.09,"2,307 mi",4,$0.0867
MLE,HBE,"1,560",$280.16,"3,290 mi",4,$0.0852
BOM,MQM,"1,559",$287.99,"2,380 mi",4,$0.1210
MUX,BEY,"1,559",$225.90,"2,046 mi",4,$0.1104
LKO,JFK,"1,559",$710.92,"7,279 mi",4,$0.0977
BOM,BKI,"1,559",$290.65,"3,132 mi",4,$0.0928
PEW,BRU,"1,558",$338.55,"3,375 mi",4,$0.1003
BOM,JGB,"1,556",$75.94,580 mi,4,$0.1309
DAC,DAD,"1,555",$256.13,"1,236 mi",4,$0.2072
DEL,CEI,"1,555",$133.94,"1,596 mi",4,$0.0839
KTM,MSQ,"1,554",$548.40,"3,278 mi",4,$0.1673
KHI,MRU,"1,554",$465.36,"3,292 mi",4,$0.1414
GOX,BHX,"1,554",$366.77,"4,614 mi",4,$0.0795
AMD,WAW,"1,552",$559.92,"3,266 mi",4,$0.1714
BLR,ZQN,"1,550",$691.89,"6,703 mi",4,$0.1032
TRV,GKK,"1,550",$62.21,605 mi,4,$0.1028
HYD,LYS,"1,547",$629.83,"4,439 mi",4,$0.1419
BOM,AER,"1,547",$281.21,"2,618 mi",4,$0.1074
COK,KNO,"1,547",$159.59,"1,557 mi",4,$0.1025
KHI,IFN,"1,546",$99.99,"1,103 mi",4,$0.0907
CGP,RJH,"1,544",$58.90,245 mi,4,$0.2404
BOM,POL,"1,544",$675.44,"3,030 mi",4,$0.2229
IXC,JED,"1,543",$216.06,"2,330 mi",4,$0.0927
HYD,ALG,"1,542",$588.96,"4,566 mi",4,$0.1290
KHI,YWG,"1,542",$594.04,"6,964 mi",4,$0.0853
TRV,GAN,"1,542",$54.96,664 mi,4,$0.0828
DEL,PKC,"1,542",$297.98,"4,187 mi",4,$0.0712
HYD,DHM,"1,542",$70.03,"1,010 mi",4,$0.0693
KHI,BJV,"1,541",$184.15,"2,541 mi",4,$0.0725
ISB,LCA,"1,539",$611.02,"2,160 mi",4,$0.2829
BLR,VNO,"1,539",$585.13,"3,887 mi",4,$0.1505
CMB,PHL,"1,538",$842.77,"8,554 mi",4,$0.0985
IXE,UDR,"1,537",$105.31,832 mi,4,$0.1266
MAA,SZX,"1,536",$356.44,"2,373 mi",4,$0.1502
DEL,ADF,"1,536",$301.76,"2,374 mi",4,$0.1271
TRV,HAN,"1,536",$164.17,"2,178 mi",4,$0.0754
CMB,USM,"1,535",$373.25,"1,431 mi",4,$0.2608
COK,ACC,"1,535",$555.66,"5,396 mi",4,$0.1030
HYD,LCA,"1,534",$402.29,"2,916 mi",4,$0.1380
BLR,TFU,"1,533",$294.95,"2,136 mi",4,$0.1381
BOM,ADF,"1,533",$336.41,"2,507 mi",4,$0.1342
KHI,MSQ,"1,532",$556.23,"2,916 mi",4,$0.1908
COK,TWU,"1,532",$228.04,"2,972 mi",4,$0.0767
SKT,FCO,"1,531",$241.44,"3,507 mi",4,$0.0688
BLR,AVV,"1,530",$795.59,"5,742 mi",4,$0.1386
DEL,SPU,"1,529",$502.77,"3,365 mi",4,$0.1494
CMB,BGO,"1,527",$439.20,"5,106 mi",4,$0.0860
KTM,VTZ,"1,526",$95.97,723 mi,4,$0.1327
DEL,CLJ,"1,526",$418.99,"3,203 mi",4,$0.1308
DAC,GOI,"1,526",$108.70,"1,262 mi",4,$0.0861
DAC,AGP,"1,525",$588.06,"5,671 mi",4,$0.1037
SKT,CDG,"1,525",$370.07,"3,663 mi",4,$0.1010
DAC,MSP,"1,525",$713.38,"7,912 mi",4,$0.0902
GOX,MUC,"1,523",$260.84,"4,260 mi",4,$0.0612
MLE,SEA,"1,522","$1,322.93","9,003 mi",4,$0.1469
BOM,RQY,"1,522",$47.51,416 mi,4,$0.1142
BOM,SAT,"1,522",$821.39,"9,299 mi",4,$0.0883
DAC,BKI,"1,521",$189.62,"2,042 mi",4,$0.0929
CCJ,CDG,"1,521",$229.99,"4,742 mi",4,$0.0485
VTZ,CDG,"1,520",$313.67,"4,737 mi",4,$0.0662
ATQ,IXL,"1,519",$68.45,238 mi,4,$0.2876
BOM,KIN,"1,519",$739.99,"9,427 mi",4,$0.0785
JAI,MAN,"1,519",$312.28,"4,144 mi",4,$0.0754
DEL,TUS,"1,518",$890.56,"8,456 mi",4,$0.1053
MLE,ZHT,"1,517","$1,003.57","4,787 mi",4,$0.2096
BOM,GZT,"1,517",$236.44,"2,391 mi",4,$0.0989
MAA,ZAG,"1,517",$348.63,"4,205 mi",4,$0.0829
HYD,BUF,"1,517",$459.16,"7,792 mi",4,$0.0589
LHE,PRG,"1,516",$435.23,"3,195 mi",4,$0.1362
DEL,BEW,"1,516",$610.05,"4,500 mi",4,$0.1356
MLE,LPA,"1,516",$420.01,"6,196 mi",4,$0.0678
NAG,IAH,"1,515",$569.59,"9,155 mi",4,$0.0622
DEL,MYJ,"1,514",$537.03,"3,169 mi",4,$0.1695
BLR,ABZ,"1,514",$830.29,"4,925 mi",4,$0.1686
KHI,KMG,"1,514",$311.66,"2,166 mi",4,$0.1439
DAC,YHZ,"1,514",$794.22,"7,633 mi",4,$0.1041
CCJ,SAW,"1,514",$320.59,"3,597 mi",4,$0.0891
BLR,DUR,"1,513",$802.70,"4,157 mi",4,$0.1931
KTM,LJU,"1,513",$479.89,"3,860 mi",4,$0.1243
HYD,KNO,"1,512",$279.76,"1,723 mi",4,$0.1624
CCJ,GOI,"1,512",$33.55,336 mi,4,$0.0999
DEL,NLA,"1,512",$336.45,"4,461 mi",4,$0.0754
JAI,TCR,"1,510",$120.45,"1,221 mi",4,$0.0986
PEW,FRA,"1,509",$248.71,"3,407 mi",4,$0.0730
CMB,SYZ,"1,508",$289.69,"2,423 mi",4,$0.1196
BOM,BWI,"1,508",$690.13,"7,716 mi",4,$0.0894
GOX,FCO,"1,507",$400.41,"4,167 mi",4,$0.0961
PEW,TIF,"1,505",$157.58,"2,133 mi",4,$0.0739
MAA,EBB,"1,504",$656.51,"3,286 mi",4,$0.1998
BOM,HER,"1,504",$514.99,"3,197 mi",4,$0.1611
DEL,KCZ,"1,504",$447.42,"3,225 mi",4,$0.1387
NAG,KBV,"1,504",$88.42,"1,556 mi",4,$0.0568
BLR,GRZ,"1,503","$2,242.49","4,382 mi",4,$0.5118
DAC,ESB,"1,503",$618.13,"3,587 mi",4,$0.1723
CMB,EBB,"1,503",$551.50,"3,405 mi",4,$0.1620
MAA,HAJ,"1,502",$815.46,"4,549 mi",4,$0.1793
BOM,BSZ,"1,502",$254.65,"1,609 mi",4,$0.1583
BOM,NDJ,"1,502",$532.54,"3,978 mi",4,$0.1339
CCU,MFM,"1,502",$109.12,"1,557 mi",4,$0.0701
ISB,SHE,"1,501",$483.05,"2,704 mi",4,$0.1786
MAA,GOT,"1,500",$522.26,"4,788 mi",4,$0.1091
JAI,AMS,"1,500",$413.72,"4,107 mi",4,$0.1007
CMB,KHH,"1,499",$210.72,"2,804 mi",4,$0.0751
JAI,KUU,"1,496",$38.87,347 mi,4,$0.1120
AMD,YOW,"1,496",$786.15,"7,088 mi",4,$0.1109
MAA,ALA,"1,496",$191.96,"2,169 mi",4,$0.0885
COK,HDY,"1,496",$119.14,"1,704 mi",4,$0.0699
IXC,KTM,"1,495",$105.13,539 mi,4,$0.1950
KTM,VTE,"1,493",$235.77,"1,320 mi",4,$0.1786
COK,IXG,"1,492",$24.56,400 mi,4,$0.0614
HYD,EVN,"1,491",$404.15,"2,497 mi",4,$0.1619
GOI,RDP,"1,490",$104.96,"1,011 mi",4,$0.1038
BOM,SAV,"1,490",$625.82,"8,759 mi",4,$0.0714
LHE,PMI,"1,490",$224.51,"4,080 mi",4,$0.0550
NAG,IXJ,"1,488",$106.28,867 mi,4,$0.1226
ISB,MLA,"1,487",$420.48,"3,170 mi",4,$0.1326
DEL,JGB,"1,487",$91.79,704 mi,4,$0.1304
KHI,KBL,"1,486",$379.98,699 mi,4,$0.5436
BLR,JAX,"1,486",$937.16,"9,395 mi",4,$0.0998
CMB,YNB,"1,485",$296.84,"3,093 mi",4,$0.0960
TRV,WAW,"1,485",$374.59,"4,473 mi",4,$0.0837
BLR,NTE,"1,484",$685.87,"5,205 mi",4,$0.1318
MLE,TBS,"1,484",$389.94,"3,227 mi",4,$0.1208
BLR,SZX,"1,483",$678.99,"2,380 mi",4,$0.2853
GOX,RPR,"1,483",$73.62,619 mi,4,$0.1189
MLE,TYN,"1,483",$348.58,"3,281 mi",4,$0.1062
CMB,SKT,"1,482",$296.45,"1,733 mi",4,$0.1711
DEL,LEJ,"1,482",$539.95,"3,530 mi",4,$0.1530
KHI,DAM,"1,481",$230.17,"1,990 mi",4,$0.1157
SKT,ELQ,"1,481",$130.35,"1,827 mi",4,$0.0713
LHE,WAW,"1,480",$640.08,"2,921 mi",4,$0.2191
MAA,OPO,"1,480","$1,037.44","5,404 mi",4,$0.1920
KTM,BSL,"1,480",$479.70,"4,415 mi",4,$0.1087
AMD,JRH,"1,480",$134.55,"1,331 mi",4,$0.1011
LYP,AMM,"1,479",$271.10,"2,103 mi",4,$0.1289
BLR,SAW,"1,478",$284.82,"3,375 mi",4,$0.0844
MLE,DFW,"1,477","$1,817.79","10,094 mi",4,$0.1801
MLE,ATL,"1,477","$1,065.89","9,169 mi",4,$0.1162
IXC,TIR,"1,477",$112.83,"1,154 mi",4,$0.0978
DEL,SUV,"1,476",$905.70,"7,707 mi",4,$0.1175
ATQ,DED,"1,475",$53.90,233 mi,4,$0.2313
KTM,PUS,"1,475",$456.68,"2,522 mi",4,$0.1811
NAG,KLH,"1,475",$37.14,423 mi,4,$0.0878
MLE,KJA,"1,475",$280.91,"3,853 mi",4,$0.0729
KHI,TNR,"1,474",$344.66,"3,396 mi",4,$0.1015
MLE,KGD,"1,473",$301.10,"4,428 mi",4,$0.0680
VTZ,RUH,"1,472",$255.46,"2,468 mi",4,$0.1035
KTM,KBL,"1,471",$395.12,"1,097 mi",4,$0.3602
ATQ,KUU,"1,471",$31.61,143 mi,4,$0.2210
DEL,POZ,"1,471",$426.24,"3,343 mi",4,$0.1275
BOM,JMK,"1,470",$551.18,"3,024 mi",4,$0.1823
BOM,BUS,"1,470",$258.30,"2,477 mi",4,$0.1043
COK,MSP,"1,470",$666.65,"8,322 mi",4,$0.0801
KHI,SJJ,"1,470",$214.33,"2,932 mi",4,$0.0731
TRV,TUU,"1,469",$240.12,"3,046 mi",4,$0.0788
CJB,JLR,"1,468",$115.37,836 mi,4,$0.1380
CMB,MHD,"1,468",$280.87,"2,308 mi",4,$0.1217
ISB,SVO,"1,467",$514.34,"2,353 mi",4,$0.2186
CMB,BGW,"1,467",$432.90,"2,992 mi",4,$0.1447
KTM,TSN,"1,467",$178.67,"1,933 mi",4,$0.0924
ATQ,MLE,"1,467",$137.08,"1,846 mi",4,$0.0743
BLR,HAS,"1,467",$162.95,"2,596 mi",4,$0.0628
KHI,EAM,"1,466",$185.73,"1,592 mi",4,$0.1167
COK,ZVH,"1,466",$108.09,"1,719 mi",4,$0.0629
HYD,VCE,"1,464",$667.84,"4,097 mi",4,$0.1630
CMB,EWR,"1,464",$833.32,"8,479 mi",4,$0.0983
KTM,SZX,"1,464",$140.67,"1,755 mi",4,$0.0802
HYD,NAN,"1,464",$473.80,"6,934 mi",4,$0.0683
LYP,MSQ,"1,463",$410.27,"2,617 mi",4,$0.1568
BLR,HNL,"1,463",$913.28,"8,212 mi",4,$0.1112
KTM,EBB,"1,463",$344.69,"4,107 mi",4,$0.0839
BOM,BRI,"1,462",$492.10,"3,503 mi",4,$0.1405
ATQ,ZRH,"1,462",$299.86,"3,469 mi",4,$0.0864
AMD,HDY,"1,462",$145.84,"2,090 mi",4,$0.0698
TRV,HKG,"1,461",$252.22,"2,712 mi",4,$0.0930
BLR,HDY,"1,461",$123.78,"1,650 mi",4,$0.0750
CCJ,YNB,"1,461",$190.13,"2,562 mi",4,$0.0742
TRV,YVR,"1,460",$621.37,"8,517 mi",4,$0.0730
ISB,PHL,"1,458",$718.86,"6,760 mi",4,$0.1063
AMD,DEN,"1,457",$740.85,"7,841 mi",4,$0.0945
DEL,OGU,"1,456",$332.57,"2,422 mi",4,$0.1373
CCJ,EDI,"1,456",$279.21,"5,015 mi",4,$0.0557
NAG,IMF,"1,455",$134.26,"1,007 mi",4,$0.1333
KHI,LUN,"1,455",$436.31,"3,925 mi",4,$0.1112
AMD,BMV,"1,455",$203.64,"2,361 mi",4,$0.0863
BOM,TIF,"1,455",$142.64,"2,161 mi",4,$0.0660
BOM,ERZ,"1,454",$319.95,"2,297 mi",4,$0.1393
CJB,PAT,"1,454",$89.35,"1,169 mi",4,$0.0764
BOM,SZX,"1,453",$633.00,"2,568 mi",4,$0.2465
BOM,SZG,"1,453",$642.74,"3,744 mi",4,$0.1717
CCU,BUD,"1,453",$557.54,"3,996 mi",4,$0.1395
MLE,RSI,"1,452",$480.62,"2,907 mi",4,$0.1653
VGA,MCT,"1,452",$111.43,"1,492 mi",4,$0.0747
CJB,CDG,"1,452",$369.31,"5,091 mi",4,$0.0725
DEL,OSS,"1,451",$247.22,893 mi,4,$0.2768
DEL,KJB,"1,450",$119.94,864 mi,4,$0.1388
BOM,OGU,"1,450",$354.91,"2,620 mi",4,$0.1355
CMB,MCO,"1,450",$806.59,"9,965 mi",4,$0.0809
LHE,NCL,"1,449",$662.99,"3,814 mi",4,$0.1738
NAG,KWI,"1,449",$93.47,"1,956 mi",4,$0.0478
DAC,HYN,"1,448",$151.70,"2,004 mi",4,$0.0757
KTM,GIZ,"1,446",$266.75,"2,904 mi",4,$0.0919
DEL,KOJ,"1,446",$247.80,"3,083 mi",4,$0.0804
KTM,NAG,"1,445",$87.27,623 mi,4,$0.1401
BLR,CBR,"1,444",$781.01,"5,569 mi",4,$0.1402
HYD,YNB,"1,444",$279.35,"2,722 mi",4,$0.1026
DEL,SKP,"1,444",$318.36,"3,109 mi",4,$0.1024
GOX,LAX,"1,444",$782.40,"8,643 mi",4,$0.0905
IXE,IXM,"1,441",$25.02,297 mi,4,$0.0842
COK,DEN,"1,441",$622.00,"8,711 mi",4,$0.0714
BLR,MFM,"1,440",$161.71,"2,362 mi",4,$0.0685
CNN,BKK,"1,440",$103.95,"1,651 mi",4,$0.0630
HYD,HGH,"1,439",$349.30,"2,870 mi",4,$0.1217
DAC,LLW,"1,439",$523.94,"4,483 mi",4,$0.1169
TRV,ALA,"1,439",$261.95,"2,481 mi",4,$0.1056
COK,AJF,"1,439",$239.33,"2,782 mi",4,$0.0860
KTM,GAU,"1,438",$186.66,411 mi,4,$0.4542
MAA,USM,"1,438",$324.46,"1,409 mi",4,$0.2303
HYD,CMN,"1,438",$902.18,"5,187 mi",4,$0.1739
KTM,BHO,"1,436",$69.66,603 mi,4,$0.1155
MLE,CLJ,"1,436",$382.49,"4,049 mi",4,$0.0945
CMB,FOC,"1,436",$198.09,"3,006 mi",4,$0.0659
TRV,ADL,"1,435",$476.28,"4,858 mi",4,$0.0980
DAC,TLS,"1,435",$351.80,"5,205 mi",4,$0.0676
DEL,SVG,"1,434",$382.31,"4,012 mi",4,$0.0953
BLR,NAP,"1,433",$758.81,"4,368 mi",4,$0.1737
DAC,SYZ,"1,433",$211.57,"2,427 mi",4,$0.0872
TRV,DUS,"1,433",$341.83,"5,054 mi",4,$0.0676
MAA,ABV,"1,432",$493.61,"5,085 mi",4,$0.0971
KHI,KZN,"1,431",$277.78,"2,375 mi",4,$0.1170
MAA,SDK,"1,430",$213.05,"2,704 mi",4,$0.0788
MUX,WAW,"1,429",$368.66,"3,040 mi",4,$0.1213
LHE,SGN,"1,428",$485.31,"2,581 mi",4,$0.1880
DEL,DRS,"1,428",$522.57,"3,680 mi",4,$0.1420
KTM,BNA,"1,428",$610.81,"8,236 mi",4,$0.0742
DEL,KYA,"1,427",$323.96,"2,549 mi",4,$0.1271
JAI,HBX,"1,427",$102.17,817 mi,4,$0.1251
BOM,CUR,"1,427","$1,025.29","8,784 mi",4,$0.1167
DEL,SYZ,"1,426",$154.01,"1,435 mi",4,$0.1073
COK,DBR,"1,426",$90.10,"1,309 mi",4,$0.0688
CMB,MIA,"1,424",$976.60,"9,504 mi",4,$0.1028
TRV,IXZ,"1,423",$96.68,"1,130 mi",4,$0.0856
TRV,BNE,"1,421",$585.52,"5,825 mi",4,$0.1005
CMB,AYT,"1,421",$307.49,"3,586 mi",4,$0.0857
CCU,RDU,"1,421",$604.53,"8,556 mi",4,$0.0707
HYD,KHI,"1,420",$346.64,872 mi,4,$0.3975
BLR,DRW,"1,420",$582.06,"3,928 mi",4,$0.1482
DAC,SJW,"1,420",$238.05,"1,793 mi",4,$0.1328
GOI,YYZ,"1,420",$872.59,"7,784 mi",4,$0.1121
JAI,DMU,"1,420",$114.34,"1,080 mi",4,$0.1059
DAC,KZN,"1,419",$490.49,"2,929 mi",4,$0.1675
JAI,BHU,"1,419",$39.78,405 mi,4,$0.0982
MAA,STR,"1,418",$597.62,"4,540 mi",4,$0.1316
BLR,SJO,"1,418","$1,348.24","10,722 mi",4,$0.1257
HYD,LUX,"1,416",$639.77,"4,662 mi",4,$0.1372
DAC,SUB,"1,416",$305.23,"2,712 mi",4,$0.1125
ATQ,IXU,"1,416",$92.96,844 mi,4,$0.1101
DEL,MHD,"1,416",$120.30,"1,179 mi",4,$0.1020
GOI,KBV,"1,416",$113.40,"1,826 mi",4,$0.0621
DEL,DIY,"1,415",$290.94,"2,146 mi",4,$0.1356
VTZ,IAD,"1,414",$635.73,"8,077 mi",4,$0.0787
KHI,GLA,"1,413",$527.73,"3,980 mi",4,$0.1326
CJB,HKG,"1,412",$351.18,"2,631 mi",4,$0.1335
DEL,ERZ,"1,412",$277.50,"2,115 mi",4,$0.1312
NAG,GOP,"1,412",$18.07,465 mi,4,$0.0389
KHI,OSL,"1,411",$306.48,"3,693 mi",4,$0.0830
CMB,DLC,"1,411",$255.66,"3,493 mi",4,$0.0732
COK,EBB,"1,410",$508.68,"3,193 mi",4,$0.1593
NAG,TRZ,"1,410",$75.77,693 mi,4,$0.1093
BLR,CNS,"1,410",$477.94,"4,933 mi",4,$0.0969
NAG,YYZ,"1,410",$551.21,"7,528 mi",4,$0.0732
CCU,BSR,"1,409",$684.54,"2,487 mi",4,$0.2752
MLE,DUR,"1,409",$892.61,"3,761 mi",4,$0.2373
DEL,TJM,"1,409",$236.56,"1,997 mi",4,$0.1185
DEL,BZV,"1,409",$453.12,"4,826 mi",4,$0.0939
BLR,CEI,"1,409",$108.97,"1,493 mi",4,$0.0730
VTZ,ICN,"1,408",$403.14,"3,032 mi",4,$0.1330
HYD,AGX,"1,408",$77.28,592 mi,4,$0.1305
MAA,HBE,"1,408",$289.59,"3,327 mi",4,$0.0870
AMD,PIT,"1,408",$459.65,"7,941 mi",4,$0.0579
COK,CMH,"1,408",$488.00,"8,464 mi",4,$0.0577
CMB,KBV,"1,407",$98.01,"1,271 mi",4,$0.0771
DEL,YTZ,"1,407",$375.00,"7,014 mi",4,$0.0535
DEL,GOA,"1,406",$324.91,"3,947 mi",4,$0.0823
MLE,FUE,"1,406",$398.37,"5,744 mi",4,$0.0694
JAI,HSR,"1,405",$59.29,417 mi,4,$0.1422
COK,JRG,"1,405",$125.69,929 mi,4,$0.1353
CMB,NAN,"1,404",$631.01,"6,658 mi",4,$0.0948
CMB,KBL,"1,403",$436.63,"2,070 mi",4,$0.2109
DEL,XNA,"1,403",$994.54,"7,683 mi",4,$0.1294
GOI,CPH,"1,401",$353.86,"4,357 mi",4,$0.0812
MUX,MSQ,"1,400",$382.72,"2,779 mi",4,$0.1377
KTM,NQZ,"1,399",$562.41,"1,714 mi",4,$0.3281
CJB,TPE,"1,399",$446.19,"2,954 mi",4,$0.1510
BOM,TIV,"1,399",$435.86,"3,418 mi",4,$0.1275
JAI,BOS,"1,399",$539.95,"6,993 mi",4,$0.0772
KHI,NAP,"1,399",$210.32,"3,110 mi",4,$0.0676
CJB,KBV,"1,398",$76.63,"1,553 mi",4,$0.0493
KTM,MCI,"1,397",$714.09,"8,042 mi",4,$0.0888
COK,TIF,"1,397",$182.08,"2,576 mi",4,$0.0707
GOX,HKT,"1,397",$115.56,"1,784 mi",4,$0.0648
MAA,PNH,"1,396",$263.80,"1,617 mi",4,$0.1631
CMB,SSH,"1,395",$228.92,"3,197 mi",4,$0.0716
GOX,BHO,"1,394",$76.77,586 mi,4,$0.1310
HYD,SDF,"1,394",$831.32,"8,219 mi",4,$0.1011
TRV,LAX,"1,393","$1,099.43","9,618 mi",4,$0.1143
TRV,STV,"1,392",$107.94,889 mi,4,$0.1214
NAG,VTZ,"1,391",$45.41,347 mi,4,$0.1309
LKO,YNB,"1,390",$246.03,"2,745 mi",4,$0.0896
LKO,HKG,"1,389",$168.76,"2,029 mi",4,$0.0832
DEL,NCU,"1,389",$110.15,"1,329 mi",4,$0.0829
CMB,LAS,"1,389",$689.06,"9,013 mi",4,$0.0765
MAA,SAW,"1,388",$342.02,"3,503 mi",4,$0.0976
AMD,SXV,"1,387",$107.41,832 mi,4,$0.1291
HYD,LAD,"1,386",$782.77,"4,658 mi",4,$0.1680
BOM,UBN,"1,385",$533.19,"2,822 mi",4,$0.1889
AMD,EVN,"1,385",$173.97,"1,962 mi",4,$0.0887
KHI,AJF,"1,384",$159.12,"1,639 mi",4,$0.0971
VTZ,KWI,"1,384",$215.15,"2,431 mi",4,$0.0885
KTM,KBV,"1,384",$134.08,"1,572 mi",4,$0.0853
MAA,BIO,"1,383",$834.96,"5,103 mi",4,$0.1636
MAA,TGG,"1,383",$148.08,"1,697 mi",4,$0.0873
TRV,JUB,"1,382",$260.96,"3,212 mi",4,$0.0812
BLR,BSR,"1,381",$544.75,"2,189 mi",4,$0.2489
DAC,KBV,"1,381",$147.82,"1,265 mi",4,$0.1169
PEW,DUB,"1,380",$426.70,"4,013 mi",4,$0.1063
HYD,MSY,"1,380",$780.44,"8,815 mi",4,$0.0885
BLR,PFT,"1,379",$282.99,"2,358 mi",4,$0.1200
KHI,USM,"1,378",$523.66,"2,335 mi",4,$0.2243
VTZ,NRT,"1,377",$526.11,"3,796 mi",4,$0.1386
DEL,SUF,"1,377",$219.41,"3,609 mi",4,$0.0608
TRV,HSR,"1,376",$98.15,"1,005 mi",4,$0.0977
CCJ,GYD,"1,375",$203.45,"2,645 mi",4,$0.0769
LYP,MAA,"1,375",$106.47,"1,389 mi",4,$0.0767
MLE,TUU,"1,374",$450.50,"3,029 mi",4,$0.1487
MAA,TAS,"1,374",$251.23,"1,998 mi",4,$0.1257
HYD,BHD,"1,374",$506.18,"4,876 mi",4,$0.1038
ISB,CPT,"1,373",$855.71,"5,665 mi",4,$0.1511
NAG,IXG,"1,373",$41.45,478 mi,4,$0.0867
ATQ,SGN,"1,373",$184.13,"2,566 mi",4,$0.0718
VGA,BHO,"1,372",$69.23,502 mi,4,$0.1379
MAA,XMN,"1,371",$531.68,"2,675 mi",4,$0.1988
CMB,PHX,"1,371",$799.84,"9,810 mi",4,$0.0815
BOM,WRO,"1,370",$455.19,"3,849 mi",4,$0.1183
BLR,XMN,"1,368",$652.34,"2,663 mi",4,$0.2450
DEL,PZU,"1,368",$305.62,"2,659 mi",4,$0.1149
CCU,BHJ,"1,368",$115.33,"1,158 mi",4,$0.0996
KHI,STR,"1,368",$166.79,"3,604 mi",4,$0.0463
BLR,ORK,"1,367",$870.25,"5,502 mi",4,$0.1582
DEL,MCX,"1,366",$701.76,"1,966 mi",4,$0.3569
LYP,BEG,"1,366",$395.19,"2,866 mi",4,$0.1379
CMB,NJF,"1,366",$292.32,"2,766 mi",4,$0.1057
VTZ,HKG,"1,365",$234.94,"1,954 mi",4,$0.1202
AMD,UIH,"1,365",$204.79,"2,386 mi",4,$0.0858
BLR,MEM,"1,364",$893.64,"8,737 mi",4,$0.1023
BOM,LRR,"1,363",$132.96,"1,272 mi",4,$0.1045
COK,ATH,"1,363",$327.50,"3,649 mi",4,$0.0898
BOM,DIY,"1,362",$296.99,"2,423 mi",4,$0.1226
DEL,MVD,"1,362","$1,111.23","9,962 mi",4,$0.1115
MLE,KBR,"1,362",$183.22,"2,042 mi",4,$0.0897
DAC,EVN,"1,361",$518.50,"2,969 mi",4,$0.1746
GOX,IST,"1,361",$310.55,"3,112 mi",4,$0.0998
MAA,ZYK,"1,361",$221.67,"2,377 mi",4,$0.0933
CGP,KHI,"1,361",$139.44,"1,523 mi",4,$0.0916
TRV,RPR,"1,360",$126.40,962 mi,4,$0.1314
SKT,GLA,"1,359",$486.97,"4,093 mi",4,$0.1190
NAG,MCT,"1,358",$96.37,"1,297 mi",4,$0.0743
MLE,TRN,"1,357",$739.08,"4,704 mi",4,$0.1571
CMB,LRR,"1,357",$291.77,"2,122 mi",4,$0.1375
BLR,RGN,"1,355",$235.48,"1,293 mi",4,$0.1821
CGP,CAN,"1,354",$231.87,"1,410 mi",4,$0.1644
KHI,BEG,"1,354",$315.71,"3,027 mi",4,$0.1043
HYD,HRE,"1,353",$451.97,"3,911 mi",4,$0.1156
COK,PMR,"1,353",$781.01,"6,939 mi",4,$0.1126
ISB,RDU,"1,353",$720.30,"7,520 mi",4,$0.0958
BOM,MSR,"1,352",$309.79,"2,237 mi",4,$0.1385
VTZ,GOP,"1,352",$39.57,604 mi,4,$0.0655
COK,XIY,"1,351",$202.97,"2,721 mi",4,$0.0746
CCU,MSY,"1,350",$585.63,"8,534 mi",4,$0.0686
MLE,YUL,"1,349","$1,280.06","8,713 mi",4,$0.1469
MUX,TRV,"1,349",$97.29,"1,588 mi",4,$0.0613
BOM,DRW,"1,348",$809.37,"4,643 mi",4,$0.1743
KTM,CLJ,"1,348",$342.69,"3,432 mi",4,$0.0999
DEL,DLC,"1,346",$705.22,"2,703 mi",4,$0.2609
MUX,IKA,"1,346",$313.11,"1,265 mi",4,$0.2475
DEL,TNR,"1,346",$588.38,"3,709 mi",4,$0.1586
LYP,KRK,"1,346",$393.33,"3,084 mi",4,$0.1275
MAA,BTU,"1,346",$221.03,"2,274 mi",4,$0.0972
JAI,SAG,"1,345",$58.66,516 mi,4,$0.1137
SKT,WAW,"1,344",$567.72,"2,872 mi",4,$0.1977
DEL,PKU,"1,344",$404.22,"2,597 mi",4,$0.1556
CCU,BEK,"1,344",$83.23,709 mi,4,$0.1174
ZYL,RJH,"1,343",$80.97,201 mi,4,$0.4028
BLR,GDN,"1,343","$1,031.37","4,384 mi",4,$0.2353
COK,BHH,"1,342",$229.78,"2,418 mi",4,$0.0950
COK,HEL,"1,342",$357.95,"4,469 mi",4,$0.0801
NAG,ATL,"1,342",$594.65,"8,756 mi",4,$0.0679
CCU,DTW,"1,342",$512.12,"7,686 mi",4,$0.0666
LKO,ICN,"1,341",$267.73,"2,657 mi",4,$0.1008
JAI,KLH,"1,341",$71.70,730 mi,4,$0.0982
KHI,SYZ,"1,340",$220.51,922 mi,4,$0.2392
CMB,NGB,"1,339",$430.53,"3,208 mi",4,$0.1342
PEW,IAD,"1,339",$446.93,"7,231 mi",4,$0.0618
COK,DGH,"1,338",$122.71,"1,234 mi",4,$0.0994
CCU,GIZ,"1,338",$263.07,"2,907 mi",4,$0.0905
GOI,HKG,"1,337",$276.50,"2,576 mi",4,$0.1073
TRV,PHX,"1,337",$572.29,"9,765 mi",4,$0.0586
BLR,SUB,"1,336",$447.18,"2,880 mi",4,$0.1553
NAG,JDH,"1,336",$71.10,505 mi,4,$0.1408
BLR,TRN,"1,336",$561.94,"4,744 mi",4,$0.1185
DEL,IXY,"1,336",$51.28,593 mi,4,$0.0865
IXC,YVR,"1,335",$855.98,"6,580 mi",4,$0.1301
MLE,EZE,"1,334","$1,256.47","8,979 mi",4,$0.1399
MLE,IKT,"1,334",$306.22,"3,873 mi",4,$0.0791
CMB,DUR,"1,333",$671.30,"4,238 mi",4,$0.1584
BOM,DAM,"1,333",$285.56,"2,517 mi",4,$0.1135
AMD,JSA,"1,333",$29.33,295 mi,4,$0.0994
CMB,JHB,"1,333",$153.75,"1,632 mi",4,$0.0942
DEL,FLL,"1,332","$1,289.70","8,622 mi",4,$0.1496
LHE,MCI,"1,332",$655.56,"7,269 mi",4,$0.0902
GOI,IXA,"1,330",$132.75,"1,313 mi",4,$0.1011
BOM,CTS,"1,329",$411.67,"4,141 mi",4,$0.0994
HYD,BOI,"1,328","$1,434.71","7,890 mi",4,$0.1818
IXC,FRA,"1,327",$476.58,"3,580 mi",4,$0.1331
VTZ,HSR,"1,327",$105.51,828 mi,4,$0.1274
JAI,IXJ,"1,327",$39.00,397 mi,4,$0.0982
DEL,JMK,"1,326",$522.46,"2,932 mi",4,$0.1782
MLE,GDX,"1,326",$320.97,"5,359 mi",4,$0.0599
BOM,SDQ,"1,325","$1,090.05","9,070 mi",4,$0.1202
DAC,BTU,"1,325",$197.00,"2,142 mi",4,$0.0920
IXC,RUH,"1,325",$141.13,"1,931 mi",4,$0.0731
KTM,DAR,"1,324",$453.48,"3,780 mi",4,$0.1200
AMD,MCI,"1,324",$736.57,"8,292 mi",4,$0.0888
MAA,FJR,"1,324",$127.71,"1,817 mi",4,$0.0703
MAA,GBE,"1,323",$399.59,"4,349 mi",4,$0.0919
CMB,OKA,"1,321",$359.26,"3,500 mi",4,$0.1026
DEL,PEE,"1,320",$238.76,"2,199 mi",4,$0.1086
MAA,MEM,"1,320",$894.05,"9,327 mi",4,$0.0959
ISB,ULH,"1,320",$192.79,"2,187 mi",4,$0.0882
BOM,BMV,"1,320",$204.06,"2,451 mi",4,$0.0833
TRV,BDQ,"1,319",$133.60,958 mi,4,$0.1395
GOX,STV,"1,319",$45.53,368 mi,4,$0.1237
LHE,CMN,"1,319",$550.81,"4,785 mi",4,$0.1151
LKO,IST,"1,318",$372.14,"3,192 mi",4,$0.1166
CCU,DIU,"1,318",$108.99,"1,166 mi",4,$0.0935
DAC,MUX,"1,317",$420.75,"1,283 mi",4,$0.3279
AMD,VCA,"1,317",$202.65,"2,434 mi",4,$0.0833
GOX,SFO,"1,316",$840.93,"8,860 mi",4,$0.0949
DEL,SDK,"1,316",$264.85,"3,192 mi",4,$0.0830
KTM,MHD,"1,314",$152.30,"1,564 mi",4,$0.0974
HYD,MHD,"1,314",$167.46,"1,796 mi",4,$0.0932
MLE,KUF,"1,313","$1,054.92","3,765 mi",4,$0.2802
CCU,UTH,"1,313",$76.70,"1,029 mi",4,$0.0745
VTZ,CGK,"1,312",$605.49,"2,226 mi",4,$0.2720
DAC,LYP,"1,310",$247.20,"1,148 mi",4,$0.2153
MLE,SJJ,"1,310",$176.10,"4,190 mi",4,$0.0420
COK,ABZ,"1,309",$566.56,"5,359 mi",4,$0.1057
HYD,SYZ,"1,308",$224.96,"1,785 mi",4,$0.1260
MAA,MSY,"1,308",$844.80,"9,117 mi",4,$0.0927
BOM,SHO,"1,308",$363.11,"4,305 mi",4,$0.0843
VGA,KLH,"1,308",$31.41,444 mi,4,$0.0707
BOM,CRP,"1,306","$1,136.05","9,409 mi",4,$0.1207
MAA,POM,"1,304","$1,551.40","4,999 mi",4,$0.3103
DAC,YOW,"1,304",$782.37,"7,805 mi",4,$0.1002
MAA,BEY,"1,304",$284.72,"3,051 mi",4,$0.0933
SKT,SAW,"1,303",$322.73,"2,456 mi",4,$0.1314
CCU,HGH,"1,303",$221.16,"2,100 mi",4,$0.1053
CMB,YHZ,"1,303",$476.13,"7,937 mi",4,$0.0600
NAG,TIR,"1,302",$57.66,531 mi,4,$0.1086
KTM,TPJ,"1,301",$27.14,150 mi,4,$0.1809
KHI,SGN,"1,301",$406.48,"2,677 mi",4,$0.1518
DEL,CEK,"1,301",$260.29,"2,063 mi",4,$0.1262
CGP,DME,"1,301",$284.16,"3,672 mi",4,$0.0774
KHI,SSH,"1,299",$317.06,"1,971 mi",4,$0.1609
HYD,MSQ,"1,299",$519.78,"3,570 mi",4,$0.1456
CMB,SPX,"1,299",$384.27,"3,435 mi",4,$0.1119
BOM,KQH,"1,299",$52.37,517 mi,4,$0.1013
KTM,SYZ,"1,298",$188.07,"1,925 mi",4,$0.0977
CMB,POZ,"1,297",$335.72,"4,563 mi",4,$0.0736
DAC,PDX,"1,296",$765.48,"7,427 mi",4,$0.1031
AMD,NAN,"1,295",$598.69,"7,834 mi",4,$0.0764
BOM,MVD,"1,294","$1,150.58","9,419 mi",4,$0.1222
MUX,OTP,"1,293",$232.05,"2,559 mi",4,$0.0907
CMB,ABZ,"1,293",$469.00,"5,340 mi",4,$0.0878
HYD,LED,"1,292",$837.96,"3,900 mi",4,$0.2149
BOM,DNZ,"1,292",$386.97,"2,803 mi",4,$0.1381
ATQ,HSR,"1,292",$83.22,664 mi,4,$0.1253
MLE,AHB,"1,291",$341.72,"2,231 mi",4,$0.1532
TRV,VGA,"1,291",$75.06,632 mi,4,$0.1188
GOI,FCO,"1,291",$442.56,"3,937 mi",4,$0.1124
ATQ,NRT,"1,291",$262.38,"3,597 mi",4,$0.0729
AMD,RKT,"1,290",$79.42,"1,033 mi",4,$0.0769
BOM,MBJ,"1,290",$578.59,"9,444 mi",4,$0.0613
ATQ,TPE,"1,289",$306.13,"2,923 mi",4,$0.1047
CMB,AJF,"1,288",$219.33,"3,105 mi",4,$0.0706
DEL,OMA,"1,287",$857.02,"7,816 mi",4,$0.1096
ISB,KTM,"1,284",$584.41,822 mi,4,$0.7110
HYD,YOW,"1,284",$579.68,"7,584 mi",4,$0.0764
HYD,VDY,"1,283",$37.18,179 mi,4,$0.2077
CNN,VTZ,"1,282",$84.27,671 mi,4,$0.1256
MAA,JSA,"1,282",$115.59,"1,168 mi",4,$0.0990
DAC,LKO,"1,281",$69.27,608 mi,4,$0.1139
DEL,URT,"1,281",$161.08,"1,903 mi",4,$0.0846
MAA,SAI,"1,280",$321.32,"1,568 mi",4,$0.2049
TRV,STN,"1,280",$269.33,"5,035 mi",4,$0.0535
GOI,KNU,"1,279",$104.19,898 mi,4,$0.1160
MAA,NNG,"1,279",$203.54,"1,894 mi",4,$0.1075
HYD,TAS,"1,278",$264.41,"1,799 mi",4,$0.1470
DEL,TIF,"1,278",$195.15,"2,401 mi",4,$0.0813
NAG,DBR,"1,278",$35.95,542 mi,4,$0.0663
HYD,QYG,"1,278",$151.96,"4,139 mi",4,$0.0367
DEL,SDF,"1,277","$1,085.24","7,463 mi",3,$0.1454
DAC,BHO,"1,277",$83.91,803 mi,3,$0.1045
KTM,OPO,"1,277",$405.56,"5,024 mi",3,$0.0807
DAC,SHE,"1,276",$191.76,"2,329 mi",3,$0.0823
AMD,SHL,"1,276",$103.67,"1,266 mi",3,$0.0819
CJB,YYZ,"1,276",$706.77,"8,633 mi",3,$0.0819
GOI,DGH,"1,275",$97.78,"1,075 mi",3,$0.0910
TRV,TBS,"1,275",$252.40,"2,918 mi",3,$0.0865
CMB,SJJ,"1,274",$454.61,"4,335 mi",3,$0.1049
VTZ,YYZ,"1,274",$747.60,"7,815 mi",3,$0.0957
BOM,STV,"1,273",$75.01,136 mi,3,$0.5515
MUX,SLL,"1,273",$130.08,"1,464 mi",3,$0.0889
DEL,UUS,"1,273",$263.31,"3,797 mi",3,$0.0693
ATQ,LGK,"1,273",$139.46,"2,308 mi",3,$0.0604
SKT,QYG,"1,273",$191.57,"3,397 mi",3,$0.0564
IXC,DPS,"1,272",$394.61,"3,614 mi",3,$0.1092
UET,PER,"1,271",$840.95,"5,525 mi",3,$0.1522
DAC,AUS,"1,271",$870.38,"8,925 mi",3,$0.0975
BLR,CEB,"1,270",$428.50,"3,226 mi",3,$0.1328
BOM,NAS,"1,270","$1,018.01","8,529 mi",3,$0.1194
MLE,PEE,"1,270",$298.56,"3,946 mi",3,$0.0757
VGA,RUH,"1,269",$179.47,"2,204 mi",3,$0.0814
IXC,KWI,"1,269",$131.75,"1,775 mi",3,$0.0742
BLR,CTS,"1,267",$511.81,"4,159 mi",3,$0.1231
IXE,NAG,"1,267",$72.88,606 mi,3,$0.1203
ISB,MSP,"1,267",$651.52,"6,739 mi",3,$0.0967
BLR,BWI,"1,266",$744.32,"8,205 mi",3,$0.0907
GOX,BAH,"1,266",$101.60,"1,612 mi",3,$0.0630
CJB,MNL,"1,265",$485.32,"3,058 mi",3,$0.1587
CCU,PKX,"1,265",$281.80,"2,069 mi",3,$0.1362
DEL,JTR,"1,265",$378.24,"2,930 mi",3,$0.1291
MLE,BBI,"1,265",$113.28,"1,342 mi",3,$0.0844
DEL,MSR,"1,264",$262.00,"2,205 mi",3,$0.1188
CMB,VTE,"1,263",$208.77,"1,648 mi",3,$0.1267
CMB,DRW,"1,263",$414.83,"3,867 mi",3,$0.1073
LYP,WAW,"1,259",$425.53,"2,870 mi",3,$0.1483
GOX,IAD,"1,259",$564.69,"8,476 mi",3,$0.0666
MLE,BLL,"1,258",$706.01,"5,149 mi",3,$0.1371
TRV,KIX,"1,258",$443.52,"3,968 mi",3,$0.1118
VGA,IXR,"1,257",$77.34,570 mi,3,$0.1357
HYD,LRR,"1,257",$209.59,"1,641 mi",3,$0.1277
HYD,ABV,"1,257",$479.29,"4,655 mi",3,$0.1030
DEL,ABQ,"1,257",$680.40,"8,276 mi",3,$0.0822
AMD,MYQ,"1,256",$108.76,771 mi,3,$0.1411
BOM,PLZ,"1,256",$395.47,"4,662 mi",3,$0.0848
KTM,EVN,"1,256",$186.61,"2,402 mi",3,$0.0777
DEL,THD,"1,254",$153.62,"1,823 mi",3,$0.0843
PEW,STN,"1,253",$487.55,"3,540 mi",3,$0.1377
HYD,FJR,"1,253",$89.68,"1,568 mi",3,$0.0572
BOM,WNZ,"1,252",$370.52,"2,989 mi",3,$0.1240
VTZ,SYD,"1,250",$509.22,"5,544 mi",3,$0.0919
CCU,ADL,"1,249",$682.91,"5,002 mi",3,$0.1365
LKO,HGI,"1,249",$100.34,762 mi,3,$0.1317
GOI,MLA,"1,249",$458.17,"3,778 mi",3,$0.1213
JAI,NRT,"1,248",$466.56,"3,681 mi",3,$0.1267
COK,KLH,"1,248",$37.43,458 mi,3,$0.0817
TRV,LGK,"1,248",$115.31,"1,617 mi",3,$0.0713
KTM,STR,"1,247",$278.94,"4,069 mi",3,$0.0686
BOM,JTR,"1,246",$355.94,"3,005 mi",3,$0.1184
TRV,MIA,"1,246",$730.78,"9,904 mi",3,$0.0738
TRV,SAW,"1,246",$263.57,"3,778 mi",3,$0.0698
NAG,MAN,"1,246",$263.58,"4,847 mi",3,$0.0544
BOM,POZ,"1,245",$568.52,"3,876 mi",3,$0.1467
CGP,BAH,"1,245",$316.15,"2,520 mi",3,$0.1255
BOM,CTG,"1,245",$922.17,"9,186 mi",3,$0.1004
GOI,MLE,"1,245",$70.73,796 mi,3,$0.0889
LHE,VKO,"1,243",$308.81,"2,517 mi",3,$0.1227
MLE,NAG,"1,243",$77.62,"1,262 mi",3,$0.0615
ISB,IKA,"1,242",$520.81,"1,202 mi",3,$0.4333
NAG,IXS,"1,242",$125.93,896 mi,3,$0.1405
CCU,VCE,"1,242",$542.44,"4,324 mi",3,$0.1254
COK,RQY,"1,241",$105.82,254 mi,3,$0.4166
GOI,SAG,"1,241",$32.19,291 mi,3,$0.1106
CMB,HRB,"1,241",$230.91,"3,711 mi",3,$0.0622
BOM,OMA,"1,238",$637.46,"7,956 mi",3,$0.0801
BOM,BKB,"1,237",$76.36,598 mi,3,$0.1277
CMB,KTI,"1,236",$271.61,"1,783 mi",3,$0.1523
CJB,AMS,"1,236",$449.43,"5,016 mi",3,$0.0896
GOX,BER,"1,236",$319.59,"3,997 mi",3,$0.0800
GOX,IXE,"1,236",$12.74,197 mi,3,$0.0647
BOM,BND,"1,235",$355.43,"1,151 mi",3,$0.3088
CMB,IXB,"1,235",$162.81,"1,413 mi",3,$0.1152
DEL,VOG,"1,235",$224.40,"2,156 mi",3,$0.1041
CCJ,LYP,"1,235",$71.54,"1,368 mi",3,$0.0523
AMD,EBB,"1,234",$452.19,"3,226 mi",3,$0.1402
KTM,TPA,"1,234",$671.49,"8,762 mi",3,$0.0766
CCU,TIF,"1,234",$119.19,"3,147 mi",3,$0.0379
ISB,EBB,"1,233",$595.54,"3,598 mi",3,$0.1655
CMB,RDU,"1,233",$588.56,"8,880 mi",3,$0.0663
AMD,ACC,"1,233",$265.17,"4,826 mi",3,$0.0549
LHE,OTP,"1,232",$499.58,"2,652 mi",3,$0.1884
BOM,SJO,"1,232","$1,233.51","9,595 mi",3,$0.1286
KHI,LRR,"1,231",$349.41,790 mi,3,$0.4423
KTM,HFE,"1,231",$195.58,"1,855 mi",3,$0.1054
IXE,CDG,"1,231",$331.36,"4,889 mi",3,$0.0678
VGA,UDR,"1,230",$87.30,736 mi,3,$0.1186
CCU,OSL,"1,229",$433.42,"4,305 mi",3,$0.1007
BOM,KKC,"1,229",$133.21,"2,033 mi",3,$0.0655
CCJ,ORD,"1,229",$416.42,"8,885 mi",3,$0.0469
PEW,AJF,"1,228",$197.89,"1,802 mi",3,$0.1098
DEL,XIY,"1,227",$511.77,"1,957 mi",3,$0.2615
ATQ,IXZ,"1,227",$143.78,"1,742 mi",3,$0.0825
CCU,HDY,"1,227",$89.66,"1,306 mi",3,$0.0687
HYD,BHJ,"1,225",$125.61,726 mi,3,$0.1730
DEL,KKC,"1,225",$145.97,"1,779 mi",3,$0.0821
SKT,EDI,"1,225",$301.67,"4,050 mi",3,$0.0745
DEL,JAF,"1,225",$87.26,"1,350 mi",3,$0.0646
JAI,BKB,"1,224",$28.03,180 mi,3,$0.1557
DAC,SOF,"1,224",$586.85,"3,856 mi",3,$0.1522
AMD,EDI,"1,224",$328.77,"4,504 mi",3,$0.0730
MLE,MUX,"1,223",$487.64,"1,856 mi",3,$0.2627
CMB,GRU,"1,223","$1,265.17","8,452 mi",3,$0.1497
DAC,IXZ,"1,223",$86.50,831 mi,3,$0.1041
BOM,VCA,"1,223",$198.17,"2,214 mi",3,$0.0895
COK,URT,"1,222",$102.21,"1,504 mi",3,$0.0680
TRV,IXJ,"1,221",$163.95,"1,628 mi",3,$0.1007
CCU,KKC,"1,221",$75.26,"1,057 mi",3,$0.0712
DEL,OOL,"1,220",$700.63,"6,583 mi",3,$0.1064
COK,OSL,"1,219",$357.78,"4,914 mi",3,$0.0728
BOM,AGX,"1,218",$67.00,556 mi,3,$0.1205
DAC,BEW,"1,218",$503.79,"4,656 mi",3,$0.1082
DEL,MYY,"1,218",$229.38,"3,029 mi",3,$0.0757
JAI,ORD,"1,218",$534.29,"7,343 mi",3,$0.0728
DEL,SSH,"1,218",$154.19,"2,507 mi",3,$0.0615
ZYL,BKK,"1,217",$191.53,941 mi,3,$0.2035
BLR,BKI,"1,217",$254.56,"2,737 mi",3,$0.0930
MAA,UTH,"1,217",$98.64,"1,491 mi",3,$0.0662
LHE,DEN,"1,217",$490.32,"7,729 mi",3,$0.0634
KHI,FRU,"1,216",$216.41,"1,281 mi",3,$0.1689
CJB,IXZ,"1,215",$130.82,"1,031 mi",3,$0.1269
DEL,NKT,"1,215",$242.97,"2,044 mi",3,$0.1189
MAA,BHD,"1,215",$544.62,"5,491 mi",3,$0.0992
KHI,GBE,"1,215",$385.37,"4,259 mi",3,$0.0905
BOM,THD,"1,215",$185.71,"2,185 mi",3,$0.0850
DEL,SPX,"1,214",$268.96,"2,683 mi",3,$0.1002
CJB,TRV,"1,214",$16.73,171 mi,3,$0.0978
MUX,BUD,"1,213",$489.33,"3,074 mi",3,$0.1592
DAC,STR,"1,213",$574.72,"4,467 mi",3,$0.1287
BOM,NKT,"1,213",$292.99,"2,311 mi",3,$0.1268
BOM,BWN,"1,212",$517.37,"3,085 mi",3,$0.1677
BOM,CFU,"1,212",$456.60,"3,535 mi",3,$0.1292
MAA,JGB,"1,212",$47.56,424 mi,3,$0.1122
KTM,SLL,"1,212",$181.78,"2,186 mi",3,$0.0832
AMD,PXU,"1,212",$181.31,"2,322 mi",3,$0.0781
MUX,ALA,"1,211",$400.41,931 mi,3,$0.4301
BLR,NDJ,"1,210",$578.19,"4,340 mi",3,$0.1332
GOX,TRZ,"1,210",$55.45,487 mi,3,$0.1139
DEL,FAO,"1,208",$996.16,"4,954 mi",3,$0.2011
KHI,XNB,"1,208",$92.94,746 mi,3,$0.1246
DEL,UTH,"1,208",$155.19,"1,748 mi",3,$0.0888
KHI,TZX,"1,207",$225.63,"1,866 mi",3,$0.1209
BOM,KYA,"1,207",$310.58,"2,825 mi",3,$0.1099
DEL,RUN,"1,207",$371.63,"3,819 mi",3,$0.0973
KHI,DMK,"1,207",$208.69,"2,231 mi",3,$0.0935
TRV,GOP,"1,207",$88.37,"1,372 mi",3,$0.0644
MAA,WUH,"1,206",$435.39,"2,413 mi",3,$0.1804
BOM,BHH,"1,206",$177.12,"2,027 mi",3,$0.0874
ATQ,KTM,"1,205",$112.06,670 mi,3,$0.1673
LHE,MLA,"1,205",$380.42,"3,506 mi",3,$0.1085
MLE,FOC,"1,205",$312.52,"3,501 mi",3,$0.0893
ISB,STR,"1,204",$256.71,"3,265 mi",3,$0.0786
TRV,PHL,"1,203",$481.15,"8,911 mi",3,$0.0540
BLR,VLC,"1,202",$890.21,"4,866 mi",3,$0.1829
KTM,VCE,"1,202",$407.46,"3,963 mi",3,$0.1028
MLE,DAD,"1,202",$231.16,"2,566 mi",3,$0.0901
ISB,ABV,"1,201",$768.97,"4,337 mi",3,$0.1773
DAC,CGQ,"1,200",$221.85,"2,354 mi",3,$0.0942
AMD,ALA,"1,199",$242.78,"1,380 mi",3,$0.1759
DEL,MFM,"1,199",$233.18,"2,243 mi",3,$0.1040
DEL,VDH,"1,198",$313.27,"2,078 mi",3,$0.1508
DEL,AGX,"1,198",$132.90,"1,305 mi",3,$0.1018
HYD,KCH,"1,198",$218.36,"2,498 mi",3,$0.0874
CCJ,MXP,"1,198",$245.86,"4,711 mi",3,$0.0522
AMD,DME,"1,197",$379.14,"2,934 mi",3,$0.1292
MAA,JUB,"1,196",$368.75,"3,458 mi",3,$0.1066
TRV,TPA,"1,195",$558.01,"9,281 mi",3,$0.0601
BOM,VDH,"1,194",$161.27,"2,277 mi",3,$0.0708
BOM,TNG,"1,193",$610.48,"4,989 mi",3,$0.1224
AMD,MHD,"1,193",$114.73,"1,159 mi",3,$0.0990
COK,LYS,"1,193",$440.53,"4,673 mi",3,$0.0943
CMB,TAE,"1,193",$195.47,"3,766 mi",3,$0.0519
BLR,KCH,"1,192",$200.39,"2,445 mi",3,$0.0820
JAI,ZRH,"1,192",$286.60,"3,953 mi",3,$0.0725
LHE,BGW,"1,191",$442.99,"1,811 mi",3,$0.2446
DEL,BSB,"1,191","$1,488.10","8,578 mi",3,$0.1735
LYP,SVX,"1,191",$245.22,"1,794 mi",3,$0.1367
NAG,AJL,"1,191",$123.74,914 mi,3,$0.1354
TRV,TPE,"1,191",$313.15,"3,223 mi",3,$0.0972
CJB,IXE,"1,191",$19.68,203 mi,3,$0.0969
BOM,XNA,"1,191",$739.66,"8,776 mi",3,$0.0843
CMB,ACC,"1,190","$1,115.54","5,325 mi",3,$0.2095
BOM,LYP,"1,190",$157.30,873 mi,3,$0.1802
VGA,JDH,"1,190",$106.74,861 mi,3,$0.1240
BLR,AIP,"1,190",$123.77,"1,228 mi",3,$0.1008
MLE,CMN,"1,189",$991.27,"5,381 mi",3,$0.1842
KTM,LST,"1,189",$466.86,"6,015 mi",3,$0.0776
NAG,BOS,"1,189",$454.66,"7,424 mi",3,$0.0612
DAC,OVB,"1,187",$439.65,"2,256 mi",3,$0.1949
SKT,KRK,"1,187",$320.46,"3,092 mi",3,$0.1036
IXC,TCR,"1,187",$158.78,"1,565 mi",3,$0.1015
LHE,RDU,"1,187",$607.17,"7,242 mi",3,$0.0838
KHI,CGN,"1,187",$189.87,"3,499 mi",3,$0.0543
CCJ,IAD,"1,187",$415.24,"8,833 mi",3,$0.0470
LYP,CAI,"1,186",$222.41,"2,382 mi",3,$0.0934
AMD,HAM,"1,186",$339.92,"3,720 mi",3,$0.0914
KTM,AJF,"1,186",$226.98,"2,646 mi",3,$0.0858
BLR,TUN,"1,185",$635.01,"4,302 mi",3,$0.1476
KHI,FIH,"1,185",$338.62,"3,896 mi",3,$0.0869
MAA,XNA,"1,184","$1,235.67","8,743 mi",3,$0.1413
GOI,KUL,"1,184",$273.56,"2,152 mi",3,$0.1271
KHI,BSL,"1,184",$358.89,"3,677 mi",3,$0.0976
HYD,SHL,"1,184",$88.35,"1,079 mi",3,$0.0819
BLR,LED,"1,183","$1,528.42","3,894 mi",3,$0.3925
DEL,AOR,"1,183",$194.57,"2,105 mi",3,$0.0924
KTM,UBN,"1,181",$711.26,"1,744 mi",3,$0.4078
CMB,BSR,"1,180",$473.13,"2,557 mi",3,$0.1850
JAI,HAN,"1,180",$156.66,"1,869 mi",3,$0.0838
MAA,EVN,"1,180",$219.28,"2,952 mi",3,$0.0743
CCJ,TAS,"1,179",$211.52,"2,184 mi",3,$0.0968
SKT,GIZ,"1,179",$157.61,"2,187 mi",3,$0.0721
CMB,FRU,"1,178",$304.20,"2,576 mi",3,$0.1181
BOM,EBL,"1,177",$382.95,"2,052 mi",3,$0.1866
LHE,BUD,"1,177",$466.17,"2,975 mi",3,$0.1567
MAA,LOP,"1,177",$236.06,"2,810 mi",3,$0.0840
UET,ELQ,"1,176",$187.62,"1,476 mi",3,$0.1271
MLE,PRN,"1,175",$309.51,"4,036 mi",3,$0.0767
MLE,BRE,"1,174",$808.39,"5,102 mi",3,$0.1584
BLR,CXR,"1,174",$342.39,"2,189 mi",3,$0.1564
PEW,YNB,"1,174",$180.20,"2,184 mi",3,$0.0825
HYD,SAW,"1,173",$302.70,"3,231 mi",3,$0.0937
CMB,MSP,"1,173",$785.28,"8,550 mi",3,$0.0918
LKO,YYZ,"1,172",$828.86,"7,193 mi",3,$0.1152
MAA,MBA,"1,172",$240.67,"2,931 mi",3,$0.0821
TRV,CLT,"1,172",$578.93,"9,363 mi",3,$0.0618
ISB,PHX,"1,171",$632.10,"8,032 mi",3,$0.0787
KTM,IXL,"1,170",$93.98,661 mi,3,$0.1422
BOM,RSI,"1,170",$200.08,"2,250 mi",3,$0.0889
CGP,ELQ,"1,170",$214.25,"2,931 mi",3,$0.0731
TRV,EWR,"1,170",$535.11,"8,829 mi",3,$0.0606
KHI,SZX,"1,169",$529.77,"3,027 mi",3,$0.1750
BLR,OMA,"1,169","$1,029.33","8,908 mi",3,$0.1156
HYD,MPM,"1,169",$419.27,"4,416 mi",3,$0.0949
JAI,HKG,"1,168",$233.62,"2,334 mi",3,$0.1001
ISB,DEN,"1,168",$671.96,"7,141 mi",3,$0.0941
MLE,PKC,"1,168",$329.62,"5,603 mi",3,$0.0588
KHI,CRL,"1,168",$158.48,"3,834 mi",3,$0.0413
DEL,RSW,"1,167","$1,574.48","8,630 mi",3,$0.1824
KTM,BGW,"1,167",$286.15,"2,389 mi",3,$0.1198
MAA,RIX,"1,167",$453.29,"4,090 mi",3,$0.1108
BLR,YWG,"1,167",$707.63,"7,823 mi",3,$0.0905
COK,YXE,"1,167",$617.79,"8,370 mi",3,$0.0738
ISB,ADD,"1,166",$583.55,"2,666 mi",3,$0.2189
MAA,CEB,"1,166",$415.28,"3,055 mi",3,$0.1359
DEL,ASF,"1,166",$227.54,"2,053 mi",3,$0.1108
GOX,SEA,"1,166",$666.64,"7,719 mi",3,$0.0864
DAC,NJF,"1,165",$275.72,"2,927 mi",3,$0.0942
KTM,EBL,"1,164",$419.31,"2,403 mi",3,$0.1745
LHE,MSP,"1,164",$742.38,"6,887 mi",3,$0.1078
MAA,PTY,"1,164",$821.16,"10,676 mi",3,$0.0769
DEL,HMB,"1,164",$203.84,"2,686 mi",3,$0.0759
BLR,NKG,"1,163",$550.33,"2,987 mi",3,$0.1842
MLE,VOG,"1,163",$319.92,"3,633 mi",3,$0.0881
DEL,DSM,"1,162","$1,364.22","7,784 mi",3,$0.1753
GOX,TIR,"1,162",$44.40,394 mi,3,$0.1127
LHE,CGO,"1,161",$612.69,"2,348 mi",3,$0.2609
BOM,CLJ,"1,161",$557.73,"3,459 mi",3,$0.1612
DEL,VCL,"1,161",$171.04,"2,144 mi",3,$0.0798
BLR,OKA,"1,160",$489.29,"3,449 mi",3,$0.1419
BOM,HTY,"1,160",$300.20,"2,589 mi",3,$0.1160
MAA,CEI,"1,160",$95.33,"1,348 mi",3,$0.0707
KHI,BND,"1,159",$364.29,667 mi,3,$0.5462
BOM,LCY,"1,159",$684.25,"4,594 mi",3,$0.1489
KTM,NJF,"1,159",$220.72,"2,384 mi",3,$0.0926
LKO,MEL,"1,159",$432.03,"5,897 mi",3,$0.0733
BLR,IKA,"1,157",$302.07,"2,323 mi",3,$0.1300
DEL,RZV,"1,157",$235.10,"2,147 mi",3,$0.1095
NAG,FRA,"1,157",$224.51,"4,126 mi",3,$0.0544
CCJ,SXR,"1,156",$153.60,"1,627 mi",3,$0.0944
CJB,KLH,"1,156",$32.56,444 mi,3,$0.0733
COK,CVG,"1,156",$484.57,"8,560 mi",3,$0.0566
LYP,TRV,"1,156",$82.52,"1,649 mi",3,$0.0500
PEW,AMM,"1,155",$243.98,"1,995 mi",3,$0.1223
MLE,NNG,"1,153",$255.51,"2,720 mi",3,$0.0939
ATQ,KIX,"1,152",$268.16,"3,556 mi",3,$0.0754
CJB,PEN,"1,151",$228.80,"1,588 mi",3,$0.1441
BOM,PMO,"1,151",$424.26,"3,673 mi",3,$0.1155
DEL,POM,"1,150","$2,158.72","5,516 mi",3,$0.3914
HYD,JHB,"1,150",$180.53,"1,963 mi",3,$0.0920
ISB,NUM,"1,148",$220.43,"2,318 mi",3,$0.0951
TRV,HBE,"1,148",$279.21,"3,508 mi",3,$0.0796
CCJ,DME,"1,148",$283.49,"3,792 mi",3,$0.0748
BLR,AAN,"1,148",$106.04,"1,681 mi",3,$0.0631
TRV,AUS,"1,148",$616.61,"10,032 mi",3,$0.0615
DEL,AAL,"1,147",$531.19,"3,628 mi",3,$0.1464
UET,SYD,"1,146",$942.15,"7,265 mi",3,$0.1297
GOX,ARN,"1,146",$243.88,"4,241 mi",3,$0.0575
DEL,DNZ,"1,145",$401.40,"2,700 mi",3,$0.1487
AMD,MPM,"1,145",$350.32,"4,187 mi",3,$0.0837
IXE,HDO,"1,143",$110.58,"1,066 mi",3,$0.1037
VGA,SXR,"1,143",$125.15,"1,225 mi",3,$0.1022
MAA,TAO,"1,142",$651.73,"2,860 mi",3,$0.2279
DEL,PBI,"1,142","$1,893.37","8,581 mi",3,$0.2206
LHE,HAN,"1,142",$415.98,"2,123 mi",3,$0.1959
KHI,ACC,"1,142",$440.19,"4,775 mi",3,$0.0922
DEL,STW,"1,141",$264.55,"2,155 mi",3,$0.1228
DAC,MJI,"1,141",$442.64,"4,489 mi",3,$0.0986
DAC,RSI,"1,141",$253.97,"3,425 mi",3,$0.0742
BOM,CGP,"1,140",$165.08,"1,206 mi",3,$0.1369
KTM,FRU,"1,139",$271.00,"1,260 mi",3,$0.2151
BLR,BGO,"1,139",$486.52,"4,685 mi",3,$0.1038
MAA,SDF,"1,139",$735.61,"9,049 mi",3,$0.0813
DEL,SHW,"1,138",$237.65,"2,109 mi",3,$0.1127
BOM,KCH,"1,138",$298.29,"2,896 mi",3,$0.1030
HYD,PFT,"1,138",$191.60,"2,227 mi",3,$0.0860
MLE,IXM,"1,137",$145.39,515 mi,3,$0.2823
JAI,KIX,"1,137",$318.79,"3,629 mi",3,$0.0878
MUX,BGY,"1,137",$218.95,"3,541 mi",3,$0.0618
KTM,MYY,"1,136",$317.16,"2,555 mi",3,$0.1241
DEL,MPL,"1,135",$665.30,"3,958 mi",3,$0.1681
VTZ,IXJ,"1,135",$116.13,"1,193 mi",3,$0.0973
AMD,CSX,"1,134",$182.64,"2,617 mi",3,$0.0698
HYD,PNH,"1,133",$239.58,"1,755 mi",3,$0.1365
CMB,DAM,"1,133",$401.22,"3,208 mi",3,$0.1251
KHI,MSP,"1,133",$839.09,"7,234 mi",3,$0.1160
MAA,AHB,"1,133",$205.24,"2,443 mi",3,$0.0840
CMB,AUS,"1,133",$739.44,"9,554 mi",3,$0.0774
DEL,BWI,"1,132",$993.48,"7,236 mi",3,$0.1373
MUX,PRG,"1,131",$307.76,"3,125 mi",3,$0.0985
PEW,CDG,"1,131",$305.22,"3,477 mi",3,$0.0878
HYD,BKI,"1,131",$218.77,"2,577 mi",3,$0.0849
CMB,SVG,"1,130",$385.51,"5,076 mi",3,$0.0759
BOM,RZV,"1,129",$416.56,"2,351 mi",3,$0.1772
DEL,ZTI,"1,129",$300.91,"2,367 mi",3,$0.1271
DEL,REN,"1,129",$254.52,"2,013 mi",3,$0.1264
BLR,VTE,"1,129",$160.95,"1,634 mi",3,$0.0985
MUX,YYZ,"1,129",$558.38,"7,223 mi",3,$0.0773
CGP,AMM,"1,129",$244.37,"3,358 mi",3,$0.0728
MLE,SKG,"1,128",$236.90,"4,131 mi",3,$0.0573
GOI,DBR,"1,127",$72.11,"1,047 mi",3,$0.0689
GOX,VKO,"1,127",$102.16,"3,262 mi",3,$0.0313
CCU,KQH,"1,126",$112.43,925 mi,3,$0.1215
DEL,RAE,"1,126",$200.95,"2,089 mi",3,$0.0962
CCU,ULH,"1,126",$208.60,"3,060 mi",3,$0.0682
BOM,DSM,"1,125","$1,770.07","7,915 mi",3,$0.2236
MLE,MLA,"1,125",$911.05,"4,463 mi",3,$0.2041
DEL,FBM,"1,125",$564.11,"4,188 mi",3,$0.1347
KHI,SLL,"1,125",$84.46,972 mi,3,$0.0869
MUX,TBS,"1,124",$205.09,"1,719 mi",3,$0.1193
GOI,TBS,"1,124",$198.77,"2,426 mi",3,$0.0819
COK,OKC,"1,124",$574.41,"8,987 mi",3,$0.0639
CMB,CGQ,"1,123",$250.79,"3,859 mi",3,$0.0650
VTZ,IXL,"1,122",$106.85,"1,223 mi",3,$0.0874
KTM,CGN,"1,122",$270.85,"4,388 mi",3,$0.0617
CMB,PMI,"1,121",$306.58,"5,062 mi",3,$0.0606
TRV,GYD,"1,120",$211.21,"2,841 mi",3,$0.0743
BOM,OKA,"1,119",$591.58,"3,608 mi",3,$0.1640
MAA,ALG,"1,119",$765.05,"5,117 mi",3,$0.1495
GOI,BCN,"1,119",$602.18,"4,444 mi",3,$0.1355
PEW,DME,"1,119",$273.42,"2,244 mi",3,$0.1218
DAC,SEZ,"1,119",$354.45,"2,973 mi",3,$0.1192
VGA,KUL,"1,119",$139.28,"1,762 mi",3,$0.0790
MAA,NJF,"1,118",$270.26,"2,693 mi",3,$0.1004
ISB,BRI,"1,118",$173.12,"3,162 mi",3,$0.0548
CMB,HRG,"1,117",$306.72,"3,415 mi",3,$0.0898
JAI,YYZ,"1,117",$625.98,"7,543 mi",3,$0.0830
ISB,LAS,"1,117",$614.94,"7,826 mi",3,$0.0786
KHI,TRV,"1,117",$94.26,"1,343 mi",3,$0.0702
BLR,BEY,"1,116",$473.91,"3,091 mi",3,$0.1533
CMB,PDX,"1,116","$1,194.32","8,790 mi",3,$0.1359
GOI,BGI,"1,116","$1,093.78","8,428 mi",3,$0.1298
JAI,DGH,"1,116",$88.77,719 mi,3,$0.1235
IXE,RKT,"1,116",$135.87,"1,465 mi",3,$0.0927
CJB,GOP,"1,116",$76.84,"1,128 mi",3,$0.0681
AMD,BLQ,"1,115",$816.89,"3,835 mi",3,$0.2130
MAA,CGO,"1,115",$479.10,"2,653 mi",3,$0.1806
DAC,LJU,"1,115",$553.19,"4,522 mi",3,$0.1223
IXE,DED,"1,115",$107.15,"1,173 mi",3,$0.0913
CMB,UFA,"1,114",$299.84,"3,639 mi",3,$0.0824
GOX,IXJ,"1,113",$110.94,"1,138 mi",3,$0.0975
KHI,BLQ,"1,113",$275.13,"3,475 mi",3,$0.0792
KTM,LEX,"1,113",$621.14,"8,083 mi",3,$0.0768
DAC,POM,"1,112",$639.64,"4,336 mi",3,$0.1475
KHI,ADB,"1,112",$284.02,"2,431 mi",3,$0.1168
COK,DAM,"1,112",$253.97,"2,903 mi",3,$0.0875
TRV,BHX,"1,112",$437.66,"5,119 mi",3,$0.0855
MAA,NGB,"1,111",$392.89,"2,964 mi",3,$0.1326
GOX,HDO,"1,111",$111.68,951 mi,3,$0.1174
TRV,RKT,"1,111",$145.17,"1,872 mi",3,$0.0775
AMD,ARN,"1,110",$427.60,"3,528 mi",3,$0.1212
GOI,GWL,"1,109",$107.19,829 mi,3,$0.1293
MLE,CGQ,"1,109",$202.14,"4,061 mi",3,$0.0498
BOM,NSI,"1,108",$623.94,"4,392 mi",3,$0.1421
CJB,IXA,"1,108",$131.68,"1,327 mi",3,$0.0992
ISB,TLV,"1,107",$353.38,"2,128 mi",3,$0.1661
DEL,DAM,"1,107",$305.22,"2,484 mi",3,$0.1229
IXC,IMF,"1,107",$110.74,"1,156 mi",3,$0.0958
AMD,SAN,"1,107",$658.71,"8,270 mi",3,$0.0797
LHE,ADD,"1,106",$469.22,"2,680 mi",3,$0.1751
KHI,BLZ,"1,106",$365.43,"3,650 mi",3,$0.1001
JAI,DUB,"1,105",$400.97,"4,567 mi",3,$0.0878
CCU,KMG,"1,103",$108.51,958 mi,3,$0.1133
DAC,BEN,"1,103",$313.73,"4,117 mi",3,$0.0762
LHE,SHO,"1,102",$961.76,"5,037 mi",3,$0.1909
BOM,CHS,"1,102",$850.18,"8,677 mi",3,$0.0980
DEL,BGY,"1,102",$171.92,"3,892 mi",3,$0.0442
LYP,MHD,"1,101",$311.41,861 mi,3,$0.3617
DEL,MJI,"1,100",$665.79,"3,856 mi",3,$0.1727
LHE,MRU,"1,100",$511.77,"3,643 mi",3,$0.1405
MLE,WNZ,"1,100",$357.08,"3,617 mi",3,$0.0987
MUX,FRA,"1,100",$312.66,"3,371 mi",3,$0.0927
VTZ,PEN,"1,100",$119.05,"1,479 mi",3,$0.0805
ISB,BGY,"1,099",$282.12,"3,473 mi",3,$0.0812
CCU,URT,"1,099",$69.99,"1,207 mi",3,$0.0580
CCU,GLA,"1,098",$977.01,"4,891 mi",3,$0.1998
CMB,HFE,"1,098",$256.52,"2,848 mi",3,$0.0901
TRV,CAN,"1,098",$226.87,"2,694 mi",3,$0.0842
LYP,LGW,"1,097",$425.28,"3,748 mi",3,$0.1135
ATQ,HND,"1,097",$313.59,"3,789 mi",3,$0.0828
CCJ,HAS,"1,096",$231.42,"2,565 mi",3,$0.0902
TRV,LED,"1,094",$622.66,"4,157 mi",3,$0.1498
DEL,HSG,"1,094",$416.14,"3,044 mi",3,$0.1367
CMB,BHO,"1,094",$114.32,"1,160 mi",3,$0.0986
HYD,HDY,"1,094",$145.10,"1,692 mi",3,$0.0858
CCU,MYY,"1,094",$158.59,"2,061 mi",3,$0.0769
ISB,AYT,"1,092",$380.36,"2,293 mi",3,$0.1659
KTM,KTI,"1,091",$278.39,"1,748 mi",3,$0.1593
ISB,BEY,"1,090",$461.99,"2,199 mi",3,$0.2101
CMB,JRO,"1,089",$675.14,"3,133 mi",3,$0.2155
MAA,BGW,"1,087",$416.04,"2,578 mi",3,$0.1614
MUX,SVX,"1,086",$259.04,"1,847 mi",3,$0.1402
KHI,RAE,"1,086",$204.44,"1,589 mi",3,$0.1287
JAI,CAI,"1,085",$269.25,"2,609 mi",3,$0.1032
LHE,BRI,"1,085",$199.77,"3,120 mi",3,$0.0640
TRV,KBV,"1,085",$83.26,"1,464 mi",3,$0.0569
TRV,ARN,"1,083",$403.87,"4,795 mi",3,$0.0842
MLE,CEK,"1,083",$262.30,"3,702 mi",3,$0.0709
ISB,HAN,"1,082",$451.55,"2,118 mi",3,$0.2132
BOM,SVX,"1,082",$346.21,"2,755 mi",3,$0.1257
DEL,YFC,"1,081",$617.00,"6,607 mi",3,$0.0934
DAC,MYY,"1,081",$188.66,"2,132 mi",3,$0.0885
DEL,GMP,"1,080",$495.99,"2,822 mi",3,$0.1758
DEL,VCA,"1,080",$201.75,"2,186 mi",3,$0.0923
LKO,PNY,"1,080",$94.97,"1,055 mi",3,$0.0900
KHI,HEL,"1,080",$221.09,"3,061 mi",3,$0.0722
MAA,YOW,"1,079",$755.48,"8,378 mi",3,$0.0902
ATQ,IXE,"1,079",$119.03,"1,334 mi",3,$0.0892
AMD,TFU,"1,079",$164.00,"1,958 mi",3,$0.0838
COK,SAT,"1,079",$656.78,"9,383 mi",3,$0.0700
AMD,LUN,"1,078",$666.82,"3,875 mi",3,$0.1721
BOM,PSA,"1,078",$684.98,"4,071 mi",3,$0.1683
CCU,KCH,"1,078",$162.34,"2,011 mi",3,$0.0807
ZYL,JSR,"1,077",$61.60,204 mi,3,$0.3020
CGP,BKK,"1,076",$194.62,808 mi,3,$0.2409
HYD,DAM,"1,076",$351.67,"2,908 mi",3,$0.1209
CNN,IXR,"1,076",$97.40,986 mi,3,$0.0988
JAI,RKT,"1,076",$91.57,"1,196 mi",3,$0.0766
JAI,DBR,"1,076",$34.63,607 mi,3,$0.0571
DEL,NBC,"1,075",$257.04,"2,305 mi",3,$0.1115
IXC,MLE,"1,075",$131.75,"1,897 mi",3,$0.0695
GOX,OSL,"1,075",$248.39,"4,483 mi",3,$0.0554
LYP,TBS,"1,074",$208.16,"1,753 mi",3,$0.1187
ISB,SLL,"1,074",$174.16,"1,580 mi",3,$0.1102
DAC,HRB,"1,074",$214.53,"2,423 mi",3,$0.0885
MUX,BCN,"1,074",$285.67,"3,976 mi",3,$0.0718
MLE,EWR,"1,073","$1,469.48","8,462 mi",3,$0.1737
LKO,FRA,"1,073",$312.74,"3,935 mi",3,$0.0795
ISB,TBS,"1,071",$295.33,"1,568 mi",3,$0.1883
GOI,SGN,"1,071",$222.51,"2,296 mi",3,$0.0969
DAC,SBW,"1,071",$182.98,"2,136 mi",3,$0.0857
CCU,DME,"1,070",$611.92,"3,520 mi",3,$0.1738
IXC,KUL,"1,070",$169.75,"2,600 mi",3,$0.0653
IXC,MRU,"1,069",$313.66,"3,865 mi",3,$0.0812
DEL,ACE,"1,069",$333.34,"5,492 mi",3,$0.0607
JAI,MUC,"1,069",$204.92,"3,797 mi",3,$0.0540
NAG,IXZ,"1,068",$132.12,"1,083 mi",3,$0.1220
KHI,NQZ,"1,067",$552.25,"1,874 mi",3,$0.2947
BOM,CNS,"1,067",$670.45,"5,703 mi",3,$0.1176
DEL,SDQ,"1,067",$968.08,"8,249 mi",3,$0.1174
ATQ,CMB,"1,067",$163.93,"1,778 mi",3,$0.0922
CCU,JHB,"1,067",$145.15,"1,722 mi",3,$0.0843
BOM,ACE,"1,067",$386.06,"5,546 mi",3,$0.0696
BOM,ERC,"1,066",$371.89,"2,511 mi",3,$0.1481
AMD,RQY,"1,066",$88.46,646 mi,3,$0.1369
HYD,ALA,"1,066",$242.03,"1,861 mi",3,$0.1301
COK,ADD,"1,066",$311.48,"2,639 mi",3,$0.1180
IXE,KTM,"1,066",$115.00,"1,259 mi",3,$0.0913
COK,UTH,"1,066",$142.41,"1,783 mi",3,$0.0799
ISB,GOT,"1,065",$323.08,"3,128 mi",3,$0.1033
DEL,ADE,"1,065",$179.09,"2,259 mi",3,$0.0793
LHE,RHO,"1,064",$299.29,"2,730 mi",3,$0.1096
CJB,IST,"1,064",$340.06,"3,694 mi",3,$0.0921
DEL,ERC,"1,063",$343.76,"2,195 mi",3,$0.1566
CCU,NCE,"1,063",$544.29,"4,870 mi",3,$0.1118
DEL,SBW,"1,063",$241.91,"2,839 mi",3,$0.0852
BLR,DSS,"1,062",$840.27,"6,111 mi",3,$0.1375
DAC,BDQ,"1,062",$89.27,"1,129 mi",3,$0.0791
ATQ,KBV,"1,062",$150.34,"2,321 mi",3,$0.0648
DEL,RNO,"1,061","$1,467.60","7,382 mi",3,$0.1988
DEL,MMK,"1,060",$471.93,"3,196 mi",3,$0.1477
BLR,BWN,"1,059",$643.94,"2,677 mi",3,$0.2405
CJB,AYJ,"1,059",$109.45,"1,102 mi",3,$0.0993
LKO,URY,"1,058",$205.37,"2,557 mi",3,$0.0803
MUX,IAD,"1,058",$402.13,"7,474 mi",3,$0.0538
MUX,HAS,"1,057",$211.58,"1,859 mi",3,$0.1138
ATQ,OSL,"1,057",$279.46,"3,555 mi",3,$0.0786
BLR,POZ,"1,056",$748.33,"4,410 mi",3,$0.1697
HYD,KZN,"1,056",$230.88,"3,153 mi",3,$0.0732
TRV,DTW,"1,055",$501.46,"8,980 mi",3,$0.0558
LKO,KIX,"1,054",$307.49,"3,335 mi",3,$0.0922
CMB,TYN,"1,053",$197.97,"2,854 mi",3,$0.0694
CJB,SEA,"1,052","$1,617.26","7,977 mi",3,$0.2027
CMB,MRV,"1,052",$560.67,"3,282 mi",3,$0.1708
HYD,BEG,"1,052",$620.51,"3,949 mi",3,$0.1571
CCU,CKG,"1,052",$99.38,"1,190 mi",3,$0.0835
BLR,URT,"1,051",$99.70,"1,435 mi",3,$0.0695
DEL,ISB,"1,050",$635.14,440 mi,3,$1.4435
AMD,NCE,"1,050","$1,272.26","3,807 mi",3,$0.3342
DEL,SNN,"1,050",$509.21,"4,379 mi",3,$0.1163
CJB,HDO,"1,050",$118.60,"1,184 mi",3,$0.1002
BLR,PTY,"1,050",$976.18,"9,930 mi",3,$0.0983
KTM,JNB,"1,050",$470.75,"5,471 mi",3,$0.0860
MAA,AGP,"1,049",$539.34,"5,232 mi",3,$0.1031
CMB,IXZ,"1,049",$70.00,900 mi,3,$0.0778
CMB,PEW,"1,048",$328.69,"1,870 mi",3,$0.1758
CCU,NCL,"1,048",$675.60,"4,803 mi",3,$0.1407
GOX,KNU,"1,048",$98.30,824 mi,3,$0.1193
DEL,BND,"1,046",$376.17,"1,229 mi",3,$0.3061
DEL,LCG,"1,046",$714.55,"4,822 mi",3,$0.1482
GOX,IXD,"1,046",$115.12,816 mi,3,$0.1411
CMB,GOX,"1,045",$80.41,695 mi,3,$0.1157
GOI,DUB,"1,045",$315.79,"4,814 mi",3,$0.0656
KHI,WUH,"1,044",$489.83,"2,968 mi",3,$0.1650
HYD,DSM,"1,044","$1,248.25","8,095 mi",3,$0.1542
JAI,SXV,"1,044",$105.16,"1,082 mi",3,$0.0972
COK,BUF,"1,043",$342.30,"8,194 mi",3,$0.0418
MAA,ZNZ,"1,042",$380.40,"3,202 mi",3,$0.1188
BLR,GIZ,"1,041",$205.83,"2,283 mi",3,$0.0902
COK,MYY,"1,041",$203.77,"2,527 mi",3,$0.0806
TRV,DEN,"1,041",$631.98,"9,368 mi",3,$0.0675
CCU,UBP,"1,041",$68.11,"1,152 mi",3,$0.0591
CCU,NST,"1,041",$66.88,"1,201 mi",3,$0.0557
LHE,TLV,"1,040",$370.40,"2,378 mi",3,$0.1558
LKO,ISK,"1,040",$71.14,618 mi,3,$0.1151
DEL,CFU,"1,040",$239.06,"3,205 mi",3,$0.0746
LHE,PIT,"1,040",$499.25,"6,987 mi",3,$0.0715
MUX,MHD,"1,039",$350.96,821 mi,3,$0.4275
MLE,VAR,"1,039",$382.97,"3,993 mi",3,$0.0959
LYP,BEY,"1,038",$229.65,"2,113 mi",3,$0.1087
CCJ,ALA,"1,038",$218.84,"2,160 mi",3,$0.1013
PEW,EDI,"1,038",$342.06,"3,636 mi",3,$0.0941
BOM,TET,"1,037",$547.26,"3,716 mi",3,$0.1473
COK,PHC,"1,037",$696.27,"4,905 mi",3,$0.1420
ISB,SLC,"1,037",$652.89,"7,510 mi",3,$0.0869
HYD,PGH,"1,036",$98.57,843 mi,3,$0.1169
KHI,PHL,"1,035",$567.05,"7,568 mi",3,$0.0749
BLR,DRS,"1,034",$840.82,"4,255 mi",3,$0.1976
GOX,IXM,"1,034",$75.65,482 mi,3,$0.1570
CMB,OPO,"1,034",$860.11,"5,642 mi",3,$0.1524
COK,SYZ,"1,034",$193.56,"1,977 mi",3,$0.0979
COK,NCE,"1,034",$420.84,"4,839 mi",3,$0.0870
HYD,GBE,"1,033",$496.79,"4,428 mi",3,$0.1122
AMD,WLG,"1,032",$774.32,"8,103 mi",3,$0.0956
CMB,CTS,"1,032",$330.16,"4,329 mi",3,$0.0763
BOM,KHI,"1,031",$462.41,559 mi,3,$0.8272
MAA,PHC,"1,031",$629.39,"4,863 mi",3,$0.1294
VTZ,FRA,"1,030",$310.27,"4,472 mi",3,$0.0694
UET,TUU,"1,029",$265.61,"1,771 mi",3,$0.1500
DEL,TRD,"1,028",$288.14,"3,626 mi",3,$0.0795
BLR,KTW,"1,027",$732.76,"4,026 mi",3,$0.1820
CCJ,TBS,"1,026",$204.59,"2,736 mi",3,$0.0748
DAC,GLA,"1,022",$938.54,"5,199 mi",3,$0.1805
SKT,TBS,"1,022",$241.29,"1,781 mi",3,$0.1355
BLR,GEO,"1,022","$1,269.29","9,396 mi",3,$0.1351
MLE,REN,"1,022",$272.99,"3,346 mi",3,$0.0816
MAA,CKG,"1,021",$426.94,"1,988 mi",3,$0.2148
LYP,ADD,"1,021",$389.39,"2,765 mi",3,$0.1408
BOM,ABQ,"1,021",$665.65,"8,957 mi",3,$0.0743
SKT,HBE,"1,020",$334.14,"2,530 mi",3,$0.1321
AMD,URT,"1,019",$122.29,"2,060 mi",3,$0.0594
CCU,PDX,"1,018",$869.99,"7,114 mi",3,$0.1223
ATQ,CHC,"1,017",$584.86,"8,284 mi",3,$0.0706
AMD,AHB,"1,015",$187.55,"2,022 mi",3,$0.0928
DAC,LCG,"1,014","$1,297.03","5,353 mi",3,$0.2423
MAA,GIG,"1,012","$1,555.21","8,937 mi",3,$0.1740
DAC,IXE,"1,012",$105.67,"1,225 mi",3,$0.0863
LHE,OPO,"1,012",$335.08,"4,359 mi",3,$0.0769
CMB,RMO,"1,011",$524.57,"4,184 mi",3,$0.1254
CCU,PHS,"1,011",$65.35,895 mi,3,$0.0730
KTM,LGK,"1,009",$206.81,"1,804 mi",3,$0.1146
PEW,MXP,"1,008",$327.59,"3,440 mi",3,$0.0952
COK,KKC,"1,008",$114.34,"1,880 mi",3,$0.0608
LYP,KBV,"1,006",$409.38,"2,390 mi",3,$0.1713
VTZ,AYJ,"1,006",$81.24,609 mi,3,$0.1334
CMB,MFM,"1,006",$252.15,"2,396 mi",3,$0.1052
BOM,ZQN,"1,005",$798.96,"7,200 mi",3,$0.1110
IXE,STV,"1,003",$68.35,564 mi,3,$0.1212
BOM,GZP,"1,003",$299.87,"2,644 mi",3,$0.1134
COK,GRU,"1,001","$1,139.92","8,315 mi",3,$0.1371
COK,SVX,"1,001",$259.70,"3,226 mi",3,$0.0805
AMD,TAS,"1,000",$186.42,"1,233 mi",3,$0.1512
BOM,PZU,"1,000",$299.81,"2,250 mi",3,$0.1332
CCU,OTP,"1,000",$464.46,"3,905 mi",3,$0.1189
KHI,RDU,"1,000",$507.76,"7,454 mi",3,$0.0681