ORIGIN,DESTINATION,PAX IN/OUT,AVG. FARE ($),DISTANCE (MI),DAILY PAX I/O,RPM ($/MI)
MEL,SYD,"6,219,015",$155.57,425 mi,"17,038",$0.3660
BNE,SYD,"2,977,287",$129.61,454 mi,"8,157",$0.2855
BNE,MEL,"2,942,290",$157.88,832 mi,"8,061",$0.1898
ADL,MEL,"2,050,811",$150.91,411 mi,"5,619",$0.3672
MEL,OOL,"2,004,243",$134.06,801 mi,"5,491",$0.1674
ADL,SYD,"1,820,825",$163.22,701 mi,"4,989",$0.2328
AKL,CHC,"1,796,290",$132.78,477 mi,"4,921",$0.2784
SYD,OOL,"1,765,582",$103.58,436 mi,"4,837",$0.2376
MEL,PER,"1,535,820",$292.65,"1,728 mi","4,208",$0.1694
AKL,WLG,"1,485,471",$124.86,307 mi,"4,070",$0.4067
PER,SYD,"1,443,240",$319.62,"2,097 mi","3,954",$0.1524
MEL,HBA,"1,031,014",$122.05,394 mi,"2,825",$0.3098
BNE,CNS,"952,796",$157.80,839 mi,"2,610",$0.1881
BNE,PER,"839,034",$351.25,"2,175 mi","2,299",$0.1615
ADL,BNE,"825,236",$234.87,977 mi,"2,261",$0.2404
AKL,ZQN,"813,345",$154.54,655 mi,"2,228",$0.2359
MEL,CNS,"795,235",$193.89,"1,395 mi","2,179",$0.1390
SYD,CNS,"734,661",$179.71,"1,263 mi","2,013",$0.1423
CHC,WLG,"696,569",$108.26,183 mi,"1,908",$0.5916
BNE,TSV,"678,742",$214.80,712 mi,"1,860",$0.3017
SYD,LHR,"673,704","$1,479.58","10,258 mi","1,846",$0.1442
MEL,MCY,"652,956",$148.45,876 mi,"1,789",$0.1695
SYD,HBA,"651,330",$129.84,664 mi,"1,784",$0.1955
SYD,MCY,"633,100",$117.68,536 mi,"1,735",$0.2196
MEL,CBR,"632,367",$159.91,283 mi,"1,733",$0.5651
BNE,MKY,"622,170",$139.88,511 mi,"1,705",$0.2737
ADL,PER,"616,014",$263.54,"1,275 mi","1,688",$0.2067
AKL,SYD,"613,105",$226.02,"1,382 mi","1,680",$0.1635
MEL,LST,"575,938",$99.19,305 mi,"1,578",$0.3252
AKL,MEL,"573,153",$236.94,"1,590 mi","1,570",$0.1490
PER,KTA,"559,347",$297.09,800 mi,"1,532",$0.3714
AKL,BNE,"556,780",$188.11,"1,469 mi","1,525",$0.1281
BNE,CBR,"513,103",$201.29,612 mi,"1,406",$0.3289
PER,DPS,"482,171",$127.42,"1,555 mi","1,321",$0.0819
SYD,AVV,"461,064",$122.80,483 mi,"1,263",$0.2542
SYD,SIN,"447,107",$727.50,"3,794 mi","1,225",$0.1918
MEL,DPS,"437,210",$264.07,"2,641 mi","1,198",$0.1000
MEL,LHR,"433,163","$1,291.46","10,821 mi","1,187",$0.1193
PER,PHE,"417,488",$320.11,792 mi,"1,144",$0.4042
MEL,SIN,"393,641",$573.82,"3,637 mi","1,078",$0.1578
SYD,NAN,"390,943",$219.95,"1,911 mi","1,071",$0.1151
PER,SIN,"389,167",$336.38,"2,358 mi","1,066",$0.1427
MEL,NTL,"385,917",$137.24,535 mi,"1,057",$0.2565
BNE,ROK,"371,961",$155.64,312 mi,"1,019",$0.4988
AKL,NAN,"360,566",$203.04,"1,300 mi",988,$0.1562
BNE,NTL,"359,095",$133.11,393 mi,984,$0.3387
SYD,BNK,"351,211",$110.44,391 mi,962,$0.2825
BNE,HBA,"348,209",$172.17,"1,146 mi",954,$0.1502
ADL,OOL,"346,230",$172.47,967 mi,949,$0.1784
PER,KGI,"345,711",$210.68,344 mi,947,$0.6124
PER,ZNE,"343,206",$307.15,615 mi,940,$0.4994
SYD,ZQN,"332,404",$247.44,"1,169 mi",911,$0.2117
SYD,CBR,"330,950",$183.86,151 mi,907,$1.2176
AKL,LHR,"325,672","$1,234.41","11,752 mi",892,$0.1050
SYD,DPS,"325,185",$340.57,"2,786 mi",891,$0.1222
AKL,DUD,"313,442",$147.07,680 mi,859,$0.2163
PER,PBO,"308,267",$265.20,633 mi,845,$0.4190
BNE,DPS,"306,926",$279.43,"2,872 mi",841,$0.0973
SYD,ICN,"302,046",$524.98,"5,340 mi",828,$0.0983
SYD,LST,"297,722",$131.39,585 mi,816,$0.2246
ADL,DPS,"284,785",$227.67,"2,406 mi",780,$0.0946
CHC,SYD,"282,232",$208.10,"1,281 mi",773,$0.1625
PER,BME,"279,586",$283.88,"1,074 mi",766,$0.2643
BNE,LHR,"278,906","$1,270.93","10,587 mi",764,$0.1200
SYD,LAX,"276,373","$1,470.03","7,269 mi",757,$0.2022
MEL,DEL,"271,923",$437.02,"6,523 mi",745,$0.0670
BNE,DRW,"262,960",$305.09,"1,718 mi",720,$0.1776
AKL,NPE,"261,650",$139.56,198 mi,717,$0.7048
MEL,DRW,"238,553",$328.51,"1,888 mi",654,$0.1740
CHC,MEL,"235,097",$222.22,"1,545 mi",644,$0.1438
AKL,OOL,"232,518",$184.16,"1,336 mi",637,$0.1378
BNE,PPP,"222,523",$126.96,573 mi,610,$0.2216
ADL,CBR,"219,331",$268.64,621 mi,601,$0.4326
AKL,PMR,"218,395",$135.39,226 mi,598,$0.5991
SYD,HND,"216,952",$643.75,"4,712 mi",594,$0.1366
AKL,NSN,"215,561",$134.83,317 mi,591,$0.4253
PER,LHR,"215,024","$1,202.91","9,285 mi",589,$0.1296
AKL,SIN,"213,300",$825.85,"5,068 mi",584,$0.1630
BNE,CHC,"212,817",$195.13,"1,599 mi",583,$0.1220
MEL,ZQN,"209,896",$233.83,"1,293 mi",575,$0.1808
SYD,TSV,"193,576",$224.00,"1,083 mi",530,$0.2068
SYD,WLG,"188,315",$241.93,"1,342 mi",516,$0.1803
SYD,HKG,"187,726",$839.01,"4,732 mi",514,$0.1773
SYD,HTI,"187,048",$168.44,977 mi,512,$0.1724
MEL,NAN,"185,325",$243.05,"2,330 mi",508,$0.1043
ADL,CNS,"183,245",$219.08,"1,365 mi",502,$0.1605
SYD,DXB,"181,665","$1,364.64","7,259 mi",498,$0.1880
BNE,NAN,"181,656",$213.18,"1,735 mi",498,$0.1229
PER,DRW,"180,506",$341.62,"1,599 mi",495,$0.2136
BNE,ZQN,"179,236",$257.66,"1,537 mi",491,$0.1676
SYD,DEL,"176,940",$483.73,"6,289 mi",485,$0.0769
MEL,CMB,"176,772",$405.58,"5,037 mi",484,$0.0805
BNE,LST,"175,845",$161.50,"1,065 mi",482,$0.1516
MEL,DXB,"174,764","$1,256.27","7,019 mi",479,$0.1790
MEL,TSV,"174,390",$232.99,"1,316 mi",478,$0.1770
MEL,WLG,"173,748",$235.75,"1,657 mi",476,$0.1423
SYD,DRW,"172,143",$388.91,"1,901 mi",472,$0.2046
CHC,ZQN,"171,837",$125.55,209 mi,471,$0.6007
SYD,KUL,"171,485",$421.01,"4,214 mi",470,$0.0999
SYD,HNL,"168,562",$655.90,"5,229 mi",462,$0.1254
ADL,LHR,"167,272","$1,278.64","10,422 mi",458,$0.1227
AKL,PER,"167,237",$467.91,"3,217 mi",458,$0.1454
AKL,RAR,"166,327",$261.23,"1,817 mi",456,$0.1438
ADL,DRW,"162,367",$376.96,"1,678 mi",445,$0.2246
AKL,LAX,"158,744","$1,059.31","6,321 mi",435,$0.1676
SYD,LGW,"156,041","$1,146.50","10,893 mi",428,$0.1053
PER,KUL,"155,697",$190.20,"2,495 mi",427,$0.0762
BNE,WLG,"155,637",$214.72,"1,513 mi",426,$0.1419
PER,CBR,"154,552",$462.68,"1,859 mi",423,$0.2489
CHC,DUD,"150,238",$135.55,210 mi,412,$0.6455
ADL,HBA,"148,867",$161.29,705 mi,408,$0.2288
SYD,NRT,"146,689",$424.74,"4,720 mi",402,$0.0900
MEL,HKG,"145,733",$750.54,"4,468 mi",399,$0.1680
AKL,NPL,"145,348",$128.98,146 mi,398,$0.8834
AKL,TRG,"144,495",$121.84,93 mi,396,$1.3101
CHC,NSN,"144,437",$124.31,161 mi,396,$0.7721
BNE,NRT,"143,316",$582.72,"4,574 mi",393,$0.1274
BNE,SIN,"142,298",$633.57,"3,702 mi",390,$0.1711
ADL,PLO,"142,287",$129.65,157 mi,390,$0.8258
AKL,APW,"141,880",$312.29,"1,743 mi",389,$0.1792
MEL,KUL,"139,840",$346.65,"4,042 mi",383,$0.0858
BNE,EMD,"139,462",$238.38,417 mi,382,$0.5717
CNS,NRT,"136,708",$487.84,"3,764 mi",375,$0.1296
BNE,DXB,"135,250","$1,382.81","7,220 mi",371,$0.1915
MEL,NRT,"133,320",$605.42,"5,234 mi",365,$0.1157
SYD,MNL,"132,932",$341.06,"3,774 mi",364,$0.0904
MEL,SGN,"132,617",$371.92,"4,037 mi",363,$0.0921
SYD,CFS,"132,497",$157.87,283 mi,363,$0.5578
CHC,PMR,"132,204",$142.08,262 mi,362,$0.5423
CHC,IVC,"130,204",$154.34,280 mi,357,$0.5512
CNS,DPS,"130,192",$199.53,"2,196 mi",357,$0.0909
CHC,HLZ,"126,672",$160.16,427 mi,347,$0.3751
ADL,AKL,"125,653",$314.50,"1,959 mi",344,$0.1605
SYD,SGN,"124,324",$342.17,"4,126 mi",341,$0.0829
SYD,KTM,"123,570",$378.90,"5,872 mi",339,$0.0645
SYD,AYQ,"119,283",$250.05,"1,394 mi",327,$0.1794
BNE,HTI,"117,040",$156.89,535 mi,321,$0.2933
OOL,DPS,"116,961",$280.84,"2,914 mi",320,$0.0964
BNE,GLT,"116,875",$170.17,278 mi,320,$0.6121
SYD,BKK,"115,317",$524.35,"4,809 mi",316,$0.1090
BNE,AVV,"114,104",$121.67,863 mi,313,$0.1410
MEL,BNK,"113,156",$136.04,815 mi,310,$0.1669
MEL,LAX,"111,973","$1,449.69","7,689 mi",307,$0.1885
MEL,BKK,"111,030",$490.67,"4,693 mi",304,$0.1046
BNE,ISA,"109,258",$354.84,947 mi,299,$0.3747
MEL,AYQ,"106,078",$191.44,"1,222 mi",291,$0.1567
PER,DXB,"105,000","$1,061.13","5,449 mi",288,$0.1947
AKL,DEL,"103,968",$628.23,"8,001 mi",285,$0.0785
SYD,CDG,"103,060","$1,263.04","10,212 mi",282,$0.1237
ADL,SIN,"102,962",$512.25,"3,458 mi",282,$0.1481
MEL,LGW,"102,637","$1,176.21","10,816 mi",281,$0.1087
PER,OOL,"100,907",$276.22,"2,182 mi",276,$0.1266
SYD,DBO,"98,297",$147.27,198 mi,269,$0.7438
PER,LEA,"98,252",$328.66,700 mi,269,$0.4695
MEL,HTI,"97,339",$177.66,"1,184 mi",267,$0.1501
SYD,PPP,"96,695",$178.73,971 mi,265,$0.1841
CHC,TRG,"95,980",$197.22,458 mi,263,$0.4306
PER,GET,"95,737",$155.76,237 mi,262,$0.6572
SYD,PVG,"95,036",$536.35,"5,034 mi",260,$0.1065
SYD,ABX,"94,836",$160.54,288 mi,260,$0.5574
CHC,OOL,"94,585",$169.38,"1,450 mi",259,$0.1168
PER,CNS,"94,415",$327.52,"2,068 mi",259,$0.1584
BNE,LAX,"93,942","$1,031.08","6,951 mi",257,$0.1483
DRW,DPS,"93,730",$147.28,"1,063 mi",257,$0.1386
MEL,PPP,"93,310",$178.05,"1,172 mi",256,$0.1519
SYD,TFU,"92,409",$286.21,"5,223 mi",253,$0.0548
BNE,MOV,"92,358",$283.16,470 mi,253,$0.6025
MEL,MQL,"91,402",$147.93,275 mi,250,$0.5379
CHC,NPE,"90,625",$167.68,368 mi,248,$0.4557
SYD,PQQ,"89,634",$140.77,205 mi,246,$0.6867
MEL,MNL,"89,543",$320.48,"3,805 mi",245,$0.0842
SYD,BEY,"89,408",$716.32,"9,077 mi",245,$0.0789
PER,HBA,"89,392",$331.17,"1,818 mi",245,$0.1822
SYD,WGA,"87,399",$151.80,220 mi,239,$0.6900
AKL,GIS,"87,161",$160.65,202 mi,239,$0.7953
SYD,ATH,"86,874","$1,133.82","9,228 mi",238,$0.1229
SYD,SFO,"86,499","$1,665.51","7,647 mi",237,$0.2178
MEL,DPO,"85,871",$137.01,264 mi,235,$0.5190
SYD,CMB,"84,379",$447.43,"5,281 mi",231,$0.0847
SYD,QNA,"83,183",$148.96,368 mi,228,$0.4048
SYD,SHA,"81,707",$291.60,"4,756 mi",224,$0.0613
MEL,CDG,"81,291","$1,374.63","10,724 mi",223,$0.1282
ADL,OLP,"80,742",$169.12,333 mi,221,$0.5079
MEL,PVG,"80,637",$522.65,"4,833 mi",221,$0.1081
MEL,TFU,"80,472",$286.80,"5,212 mi",220,$0.0550
MEL,HND,"78,701",$633.71,"5,222 mi",216,$0.1214
SYD,TMW,"78,554",$159.80,205 mi,215,$0.7795
SYD,OAG,"78,532",$116.69,128 mi,215,$0.9116
AKL,BHE,"78,225",$158.38,306 mi,214,$0.5176
MEL,SHA,"77,680",$276.73,"4,844 mi",213,$0.0571
CNS,KIX,"77,619",$401.79,"3,719 mi",213,$0.1080
ADL,ASP,"77,495",$233.34,843 mi,212,$0.2768
SYD,FCO,"76,545","$1,184.08","10,460 mi",210,$0.1132
MEL,HKT,"76,526",$379.75,"4,489 mi",210,$0.0846
SYD,CGK,"74,720",$531.76,"3,326 mi",205,$0.1599
SYD,HKT,"74,321",$461.56,"4,651 mi",204,$0.0992
ADL,MCY,"73,789",$169.13,"1,068 mi",202,$0.1584
MEL,ATH,"72,774","$1,100.96","9,545 mi",199,$0.1153
SYD,HVB,"72,417",$122.92,623 mi,198,$0.1973
SYD,JNB,"72,159","$1,011.25","6,644 mi",198,$0.1522
BNE,BDB,"72,134",$150.06,173 mi,198,$0.8674
BNE,ICN,"70,439",$503.30,"4,659 mi",193,$0.1080
SYD,FRA,"70,261","$1,382.31","10,560 mi",192,$0.1309
AKL,TBU,"68,882",$235.31,"1,282 mi",189,$0.1835
PER,BKK,"68,425",$332.40,"3,210 mi",187,$0.1036
SYD,CAN,"67,846",$431.06,"4,538 mi",186,$0.0950
SYD,NGO,"67,579",$463.43,"4,699 mi",185,$0.0986
MEL,FCO,"67,518","$1,144.88","10,232 mi",185,$0.1119
SYD,DOH,"67,157",$819.84,"7,458 mi",184,$0.1099
BNE,VLI,"67,058",$207.05,"1,212 mi",184,$0.1708
AKL,NRT,"66,248",$741.50,"5,325 mi",182,$0.1392
AKL,CNS,"66,117",$279.52,"2,182 mi",181,$0.1281
AKL,IVC,"65,672",$208.91,708 mi,180,$0.2951
MEL,BOM,"65,605",$576.64,"6,276 mi",180,$0.0919
BNE,RMA,"65,500",$216.21,282 mi,179,$0.7667
SYD,AMS,"64,512","$1,261.85","10,662 mi",177,$0.1184
BNE,DEL,"64,393",$547.30,"6,153 mi",176,$0.0889
SYD,ASP,"64,119",$331.93,"1,293 mi",176,$0.2567
AKL,KKE,"63,808",$108.48,127 mi,175,$0.8542
BNE,HVB,"63,526",$123.29,147 mi,174,$0.8387
SYD,YVR,"63,315","$1,237.97","8,000 mi",173,$0.1547
MEL,ASP,"63,199",$321.71,"1,121 mi",173,$0.2870
AKL,SFO,"63,124","$1,095.88","6,333 mi",173,$0.1730
CHC,ROT,"63,051",$166.58,408 mi,173,$0.4083
AKL,HNL,"61,853",$652.84,"4,537 mi",169,$0.1439
SYD,HAN,"61,837",$360.08,"4,695 mi",169,$0.0767
AKL,ICN,"61,005",$591.01,"6,180 mi",167,$0.0956
SYD,KIX,"60,835",$466.49,"4,980 mi",167,$0.0937
SYD,DUB,"60,598","$1,180.36","11,018 mi",166,$0.1071
SYD,JFK,"59,717","$2,162.67","10,248 mi",164,$0.2110
ADL,KUL,"59,684",$451.31,"3,424 mi",164,$0.1318
BNE,BKK,"59,602",$436.31,"4,376 mi",163,$0.0997
MEL,BWT,"59,597",$136.28,227 mi,163,$0.6004
SYD,MAN,"59,393","$1,134.37","10,253 mi",163,$0.1106
BNE,DOH,"58,953",$692.47,"7,431 mi",162,$0.0932
CHC,LHR,"58,870","$1,276.87","11,441 mi",161,$0.1116
SYD,TPE,"58,822",$612.80,"4,663 mi",161,$0.1314
SYD,BOM,"58,804",$688.34,"6,123 mi",161,$0.1124
PER,ALH,"58,694",$172.40,226 mi,161,$0.7628
ADL,NTL,"58,598",$255.70,754 mi,161,$0.3391
AKL,PVG,"58,438",$576.34,"5,996 mi",160,$0.0961
ADL,MGB,"58,107",$181.82,238 mi,159,$0.7639
SYD,MKY,"57,712",$220.56,918 mi,158,$0.2403
AKL,MCY,"57,653",$148.17,"1,502 mi",158,$0.0986
DRW,SIN,"57,410",$341.91,"2,013 mi",157,$0.1699
MEL,MKY,"56,751",$224.29,"1,134 mi",155,$0.1978
PER,CGK,"56,652",$319.66,"1,826 mi",155,$0.1751
AKL,DPS,"56,578",$580.44,"4,314 mi",155,$0.1345
MEL,HYD,"56,433",$478.17,"5,564 mi",155,$0.0859
BNE,SGN,"56,224",$321.83,"4,201 mi",154,$0.0766
AKL,WAG,"55,878",$115.41,198 mi,153,$0.5829
SYD,RAR,"55,121",$326.29,"3,005 mi",151,$0.1086
MEL,HNL,"54,970",$648.19,"5,680 mi",151,$0.1141
SYD,DAC,"54,711",$484.66,"5,474 mi",150,$0.0885
MEL,HAN,"54,697",$348.02,"4,939 mi",150,$0.0705
ADL,FCO,"54,530","$1,044.45","9,250 mi",149,$0.1129
CNS,SIN,"54,376",$449.45,"3,204 mi",149,$0.1403
MEL,CGK,"54,136",$568.07,"3,335 mi",148,$0.1703
PER,KNX,"53,913",$396.37,"1,415 mi",148,$0.2801
SYD,YYZ,"53,911","$1,767.82","9,955 mi",148,$0.1776
MEL,CAN,"53,765",$392.72,"4,831 mi",147,$0.0813
BNE,HKG,"53,297",$817.83,"4,447 mi",146,$0.1839
CHC,NPL,"53,115",$194.82,311 mi,146,$0.6264
PER,EPR,"52,855",$193.54,372 mi,145,$0.5203
SYD,GFF,"52,853",$193.16,284 mi,145,$0.6801
SYD,IST,"52,755",$910.63,"9,024 mi",145,$0.1009
MEL,KTM,"52,713",$405.48,"6,112 mi",144,$0.0663
BNE,KIX,"52,614",$451.36,"4,561 mi",144,$0.0990
ADL,WYA,"52,554",$161.64,147 mi,144,$1.0996
SYD,PEK,"52,095",$533.83,"5,737 mi",143,$0.0931
SYD,BLR,"51,749",$725.37,"5,639 mi",142,$0.1286
PER,NRT,"51,722",$596.18,"5,086 mi",142,$0.1172
MEL,CFS,"51,682",$243.91,673 mi,142,$0.3624
CHC,NAN,"51,513",$235.33,"1,747 mi",141,$0.1347
MEL,HVB,"51,389",$149.57,946 mi,141,$0.1581
PER,DEL,"51,164",$538.51,"4,751 mi",140,$0.1133
AKL,WRE,"51,064",$97.31,86 mi,140,$1.1315
PER,DOH,"50,984",$632.50,"5,623 mi",140,$0.1125
MEL,NKG,"50,837",$381.49,"4,928 mi",139,$0.0774
SYD,SCL,"50,478","$1,261.01","6,835 mi",138,$0.1845
SYD,MXP,"50,215","$1,291.41","10,618 mi",138,$0.1216
PER,HKT,"50,139",$232.07,"3,093 mi",137,$0.0750
BNE,POM,"50,007",$386.20,"1,259 mi",137,$0.3068
MEL,ICN,"49,947",$484.62,"5,162 mi",137,$0.0939
CBR,LHR,"49,811","$2,443.58","10,886 mi",136,$0.2245
SYD,VLI,"49,588",$192.88,"1,497 mi",136,$0.1288
MEL,YVR,"49,508","$1,057.58","8,448 mi",136,$0.1252
SYD,XIY,"49,490",$303.81,"5,629 mi",136,$0.0540
PER,ONS,"49,397",$296.04,691 mi,135,$0.4284
SYD,NKG,"49,268",$374.26,"5,152 mi",135,$0.0726
AKL,PPT,"49,248",$418.34,"2,467 mi",135,$0.1696
SYD,DFW,"48,880","$1,717.04","8,323 mi",134,$0.2063
PER,MAN,"48,812",$894.85,"8,820 mi",134,$0.1015
PER,JNB,"48,507",$831.34,"5,318 mi",133,$0.1563
SYD,ARM,"48,491",$138.22,245 mi,133,$0.5642
SYD,LAS,"48,417","$1,293.55","7,958 mi",133,$0.1625
WLG,LHR,"48,405","$1,269.59","12,050 mi",133,$0.1054
ADL,LST,"48,108",$171.71,635 mi,132,$0.2704
MEL,BLR,"48,090",$702.51,"5,416 mi",132,$0.1297
BNE,MNL,"47,864",$452.73,"3,714 mi",131,$0.1219
PER,CDG,"47,847","$1,155.93","8,602 mi",131,$0.1344
AKL,HBA,"47,229",$247.75,"1,448 mi",129,$0.1711
MEL,IST,"46,926",$832.52,"8,824 mi",129,$0.0943
AKL,JFK,"46,524","$1,585.60","9,097 mi",127,$0.1743
BNE,CDG,"46,410","$1,149.78","9,966 mi",127,$0.1154
BNE,KUL,"46,386",$641.72,"4,121 mi",127,$0.1557
ADL,NRT,"45,994",$541.74,"5,034 mi",126,$0.1076
MEL,MXP,"45,990","$1,331.35","9,832 mi",126,$0.1354
SYD,ROK,"45,654",$216.00,753 mi,125,$0.2869
MEL,DUB,"45,472","$1,135.21","10,364 mi",125,$0.1095
SYD,ZRH,"45,380","$1,391.65","9,985 mi",124,$0.1394
MEL,SFO,"45,291","$1,505.32","7,625 mi",124,$0.1974
MEL,AMS,"45,260","$1,213.18","10,584 mi",124,$0.1146
PER,DUB,"45,040",$863.75,"8,980 mi",123,$0.0962
MEL,ROK,"44,979",$227.52,"1,073 mi",123,$0.2120
MEL,FRA,"44,870","$1,107.79","9,831 mi",123,$0.1127
ADL,ATH,"44,429","$1,033.07","8,605 mi",122,$0.1201
BNE,TPE,"43,944",$589.87,"4,326 mi",120,$0.1364
MEL,TPE,"43,735",$603.49,"4,460 mi",120,$0.1353
SYD,APW,"43,710",$372.11,"2,606 mi",120,$0.1428
MEL,MAN,"43,563","$1,144.39","10,221 mi",119,$0.1120
ADL,DEL,"43,493",$505.61,"5,761 mi",119,$0.0878
SYD,HYD,"43,445",$517.71,"6,120 mi",119,$0.0846
PER,FCO,"43,266","$1,003.82","8,552 mi",119,$0.1174
PER,SGN,"42,661",$270.04,"3,109 mi",117,$0.0869
SYD,ORD,"42,609","$2,033.49","8,957 mi",117,$0.2270
BNE,ASP,"42,394",$335.06,"1,258 mi",116,$0.2663
BNE,ABX,"42,357",$268.19,721 mi,116,$0.3720
ADL,DXB,"41,925","$1,066.51","7,044 mi",115,$0.1514
AKL,MNL,"41,574",$492.97,"4,837 mi",114,$0.1019
BNE,YVR,"41,508","$1,109.04","7,139 mi",114,$0.1553
MEL,ATQ,"41,386",$356.18,"6,384 mi",113,$0.0558
ADL,PPP,"41,370",$143.79,"1,135 mi",113,$0.1267
BNE,AYQ,"41,315",$161.46,"1,337 mi",113,$0.1208
WLG,NAN,"40,878",$209.97,"1,685 mi",112,$0.1246
AKL,HKG,"40,239",$869.28,"5,869 mi",110,$0.1481
SYD,TAO,"40,209",$354.79,"5,413 mi",110,$0.0655
AKL,FRA,"40,026","$1,040.69","10,967 mi",110,$0.0949
CHC,PER,"39,938",$471.82,"3,036 mi",109,$0.1554
ADL,BKK,"39,791",$538.82,"4,298 mi",109,$0.1254
PER,HKG,"39,753",$706.34,"3,638 mi",109,$0.1942
ADL,SGN,"39,699",$419.54,"3,673 mi",109,$0.1142
AKL,PEK,"39,465",$552.47,"6,284 mi",108,$0.0879
SYD,EWR,"39,109","$2,080.44","10,228 mi",107,$0.2034
SYD,BHQ,"38,956",$264.21,561 mi,107,$0.4710
SYD,MAD,"38,599","$1,300.00","10,652 mi",106,$0.1220
MEL,BQB,"38,569",$209.95,"1,718 mi",106,$0.1222
SYD,MUC,"38,296","$1,253.43","10,439 mi",105,$0.1201
AKL,CDG,"37,837","$1,106.17","11,174 mi",104,$0.0990
BNE,NOU,"37,514",$275.31,874 mi,103,$0.3150
BNE,FCO,"37,440","$1,132.52","10,326 mi",103,$0.1097
AKL,DXB,"37,374","$1,426.42","8,558 mi",102,$0.1667
AKL,CBR,"37,041",$294.59,"1,385 mi",101,$0.2127
SYD,PKX,"37,019",$286.50,"5,374 mi",101,$0.0533
ADL,CHC,"36,967",$270.46,"1,841 mi",101,$0.1469
MEL,COK,"36,966",$397.54,"5,672 mi",101,$0.0701
ADL,KGC,"36,846",$106.58,80 mi,101,$1.3323
AKL,CAN,"36,751",$456.90,"5,606 mi",101,$0.0815
ADL,HKG,"36,610",$737.84,"4,400 mi",100,$0.1677
MEL,TAO,"36,593",$359.11,"5,193 mi",100,$0.0692
AKL,YVR,"36,571",$999.10,"7,271 mi",100,$0.1374
MEL,AMD,"36,316",$447.42,"6,475 mi",99,$0.0691
SYD,BQB,"36,282",$202.01,"2,104 mi",99,$0.0960
MEL,PEK,"36,209",$484.38,"5,832 mi",99,$0.0831
PER,NTL,"35,625",$415.28,"2,021 mi",98,$0.2055
AKL,AMS,"35,618","$1,012.96","10,936 mi",98,$0.0926
AKL,BOM,"35,606",$748.06,"7,874 mi",98,$0.0950
BNE,ATH,"35,598","$1,186.43","9,712 mi",98,$0.1222
SYD,SEA,"35,485","$1,308.85","7,981 mi",97,$0.1640
SYD,BCN,"35,130","$1,249.39","11,001 mi",96,$0.1136
SYD,FOC,"35,066",$305.40,"4,764 mi",96,$0.0641
PER,LST,"34,742",$326.40,"1,785 mi",95,$0.1829
BNE,MAN,"34,708","$1,107.98","9,940 mi",95,$0.1115
MEL,WGA,"34,472",$197.14,233 mi,94,$0.8461
MEL,KIX,"34,392",$461.26,"5,170 mi",94,$0.0892
BNE,WGA,"34,364",$256.20,613 mi,94,$0.4179
SYD,CTS,"33,965",$708.71,"5,175 mi",93,$0.1369
HBA,DPS,"33,941",$411.07,"2,968 mi",93,$0.1385
MEL,XIY,"33,679",$282.65,"5,660 mi",92,$0.0499
SYD,AMD,"33,529",$446.52,"6,290 mi",92,$0.0710
SYD,MQL,"33,405",$236.89,504 mi,92,$0.4700
MEL,DOH,"33,363",$672.10,"7,207 mi",91,$0.0933
BNE,NLK,"33,261",$237.18,882 mi,91,$0.2689
SYD,MRZ,"32,992",$152.77,307 mi,90,$0.4976
ADL,LAX,"32,992","$1,277.34","8,416 mi",90,$0.1518
SYD,CPH,"32,738","$1,017.59","9,669 mi",90,$0.1052
SYD,NOU,"32,572",$259.40,"1,268 mi",89,$0.2046
CHC,CNS,"32,359",$200.63,"2,487 mi",89,$0.0807
MEL,APW,"32,141",$356.56,"3,204 mi",88,$0.1113
AKL,TPE,"31,806",$690.52,"5,690 mi",87,$0.1214
AKL,CMB,"31,583",$611.72,"6,990 mi",87,$0.0875
ADL,NAN,"31,342",$260.28,"2,583 mi",86,$0.1008
BNE,LGW,"31,249","$1,085.01","9,975 mi",86,$0.1088
CHC,SIN,"30,953",$785.23,"5,379 mi",85,$0.1460
BNE,APW,"30,514",$353.19,"2,505 mi",84,$0.1410
BNE,CMB,"30,415",$480.00,"5,597 mi",83,$0.0858
AKL,TUO,"30,379",$103.10,143 mi,83,$0.7210
PER,AMS,"30,314","$1,077.37","8,533 mi",83,$0.1263
SYD,NLK,"30,304",$225.93,"1,073 mi",83,$0.2106
MEL,PKX,"30,245",$251.83,"5,798 mi",83,$0.0434
ADL,CDG,"30,177","$1,223.43","9,716 mi",83,$0.1259
SYD,MIM,"30,016",$144.96,224 mi,82,$0.6471
MEL,YYZ,"29,972","$1,414.24","10,401 mi",82,$0.1360
PER,LAX,"29,831","$1,234.13","9,598 mi",82,$0.1286
SYD,HGH,"29,697",$399.49,"4,720 mi",81,$0.0846
MEL,BME,"29,638",$447.85,"1,872 mi",81,$0.2392
PER,MNL,"29,410",$436.87,"3,324 mi",81,$0.1314
MEL,BCN,"29,375","$1,338.13","10,136 mi",80,$0.1320
BNE,AMS,"29,310","$1,144.62","9,765 mi",80,$0.1172
SYD,CPT,"29,169","$1,135.16","6,623 mi",80,$0.1714
AKL,XXA,"28,984",$690.14,"11,113 mi",79,$0.0621
AKL,ROT,"28,842",$107.43,116 mi,79,$0.9261
BNE,SFO,"28,673","$1,207.94","7,281 mi",79,$0.1659
MEL,ZRH,"28,631","$1,366.94","10,449 mi",78,$0.1308
SYD,MAA,"28,555",$622.44,"5,841 mi",78,$0.1066
MEL,MAA,"28,415",$547.12,"5,615 mi",78,$0.0974
CHC,HKK,"28,325",$102.03,98 mi,78,$1.0411
MEL,BEY,"28,162",$697.90,"8,305 mi",77,$0.0840
AKL,WHK,"28,150",$97.51,128 mi,77,$0.7618
PER,LGW,"28,114",$975.36,"9,272 mi",77,$0.1052
PER,MRU,"28,079",$559.06,"3,767 mi",77,$0.1484
CNS,POM,"28,028",$255.77,507 mi,77,$0.5045
HBA,LHR,"27,891","$1,171.54","10,508 mi",76,$0.1115
BNE,DUB,"27,793","$1,131.53","10,664 mi",76,$0.1061
SYD,HLZ,"27,506",$174.44,"1,416 mi",75,$0.1232
BNE,WEI,"27,394",$383.94,"1,210 mi",75,$0.3173
ADL,MAN,"27,394","$1,324.20","10,462 mi",75,$0.1266
AKL,JNB,"27,163",$815.59,"7,335 mi",74,$0.1112
SYD,COK,"27,056",$456.78,"5,585 mi",74,$0.0818
MEL,MUC,"27,018","$1,225.18","9,695 mi",74,$0.1264
BNE,PVG,"26,856",$642.15,"4,404 mi",74,$0.1458
ADL,TSV,"26,815",$358.53,"1,231 mi",73,$0.2913
CBR,NAN,"26,782",$226.40,"2,050 mi",73,$0.1104
BNE,JNB,"26,604","$1,021.52","7,448 mi",73,$0.1372
SYD,LDH,"26,517",$368.37,473 mi,73,$0.7788
MEL,HGH,"26,284",$343.35,"5,097 mi",72,$0.0674
AKL,ATQ,"26,258",$593.68,"7,757 mi",72,$0.0765
BNE,FRA,"26,135","$1,096.69","9,704 mi",72,$0.1130
BNE,HNL,"26,001",$649.78,"4,834 mi",71,$0.1344
PER,MXP,"25,981",$976.59,"8,287 mi",71,$0.1178
MEL,EWR,"25,895","$1,968.17","10,665 mi",71,$0.1845
MEL,DAC,"25,800",$506.86,"5,360 mi",71,$0.0946
PER,HND,"25,788",$725.17,"5,059 mi",71,$0.1433
ADL,ZQN,"25,771",$280.70,"1,783 mi",71,$0.1574
MEL,MAD,"25,687","$1,370.63","11,062 mi",70,$0.1239
MCY,DPS,"25,679",$498.78,"2,686 mi",70,$0.1857
MEL,MGB,"25,525",$138.64,229 mi,70,$0.6054
ADL,FRA,"25,478","$1,039.17","9,450 mi",70,$0.1100
MEL,JNB,"25,423",$943.28,"6,604 mi",70,$0.1428
SYD,ITM,"24,901",$718.00,"4,711 mi",68,$0.1524
PER,TSV,"24,899",$455.14,"2,163 mi",68,$0.2104
MEL,JFK,"24,868","$2,299.76","10,685 mi",68,$0.2152
MEL,DFW,"24,858","$1,637.69","9,264 mi",68,$0.1768
ADL,MXP,"24,820","$1,097.53","10,029 mi",68,$0.1094
DRW,KUL,"24,799",$183.00,"2,191 mi",68,$0.0835
AKL,MAN,"24,597","$1,345.93","11,637 mi",67,$0.1157
AKL,BKK,"24,533",$679.95,"5,759 mi",67,$0.1181
PER,CVQ,"24,500",$297.80,522 mi,67,$0.5705
PER,ZQN,"24,432",$429.97,"3,026 mi",67,$0.1421
PER,ZRH,"24,407","$1,102.82","8,321 mi",67,$0.1325
SYD,LHE,"24,397",$585.17,"6,533 mi",67,$0.0896
SYD,BOS,"24,369","$2,415.48","9,794 mi",67,$0.2466
SYD,POM,"24,345",$547.08,"1,762 mi",67,$0.3105
SYD,CAI,"24,317",$829.00,"9,217 mi",67,$0.0899
SYD,AUH,"24,312","$1,037.59","7,269 mi",67,$0.1427
WLG,SIN,"24,265",$772.29,"5,136 mi",66,$0.1504
BNE,TMW,"24,169",$210.26,281 mi,66,$0.7483
SYD,DEN,"24,131","$1,725.88","8,604 mi",66,$0.2006
SYD,BME,"24,116",$497.42,"2,162 mi",66,$0.2301
ADL,PVG,"23,990",$647.23,"4,835 mi",66,$0.1339
PER,FRA,"23,973",$963.32,"8,353 mi",66,$0.1153
AKL,COK,"23,749",$631.88,"6,886 mi",65,$0.0918
SYD,SZX,"23,692",$352.87,"4,478 mi",65,$0.0788
ADL,MNL,"23,511",$463.73,"3,713 mi",64,$0.1249
MEL,TLV,"23,462","$1,456.93","8,282 mi",64,$0.1759
AKL,XIY,"23,257",$308.61,"6,703 mi",64,$0.0460
AKL,SCL,"23,195","$1,108.97","6,178 mi",64,$0.1795
BNE,ZRH,"23,173","$1,233.18","10,382 mi",63,$0.1188
SYD,HEL,"23,159","$1,362.95","9,728 mi",63,$0.1401
BNE,HKT,"22,822",$458.50,"4,539 mi",63,$0.1010
SYD,PKE,"22,606",$129.52,173 mi,62,$0.7487
SYD,VIE,"22,600","$1,321.11","9,621 mi",62,$0.1373
MEL,KTA,"22,524",$637.69,"1,985 mi",62,$0.3213
SYD,MCO,"22,428","$1,596.82","9,624 mi",61,$0.1659
BNE,YYZ,"22,306","$1,697.93","9,043 mi",61,$0.1878
ADL,CMB,"22,238",$524.90,"4,940 mi",61,$0.1063
SYD,TNA,"22,157",$374.55,"5,197 mi",61,$0.0721
BNE,PQQ,"22,047",$177.17,272 mi,60,$0.6514
SYD,CSX,"21,997",$244.65,"4,810 mi",60,$0.0509
AKL,PPQ,"21,984",$110.11,261 mi,60,$0.4219
CHC,BHE,"21,983",$139.49,157 mi,60,$0.8885
MEL,CPH,"21,962","$1,062.27","10,217 mi",60,$0.1040
AKL,LGW,"21,942","$1,165.04","11,086 mi",60,$0.1051
PER,CPT,"21,908",$896.72,"5,237 mi",60,$0.1712
SYD,MIA,"21,786","$2,037.19","9,054 mi",60,$0.2250
SYD,BXG,"21,641",$124.85,445 mi,59,$0.2806
MEL,PLO,"21,557",$279.47,559 mi,59,$0.4999
SYD,KTA,"21,542",$713.83,"2,356 mi",59,$0.3030
PER,CMB,"21,529",$420.22,"3,491 mi",59,$0.1204
OOL,SIN,"21,496",$714.96,"3,744 mi",59,$0.1910
SYD,EDI,"21,432","$1,194.78","10,179 mi",59,$0.1174
BNE,MXP,"21,311","$1,159.29","10,424 mi",58,$0.1112
MEL,LHE,"21,285",$534.49,"6,787 mi",58,$0.0788
MEL,FOC,"21,248",$337.42,"4,829 mi",58,$0.0699
AKL,TFU,"21,119",$341.55,"6,698 mi",58,$0.0510
BNE,DBO,"21,115",$288.31,418 mi,58,$0.6897
BNE,KTM,"21,079",$478.55,"6,063 mi",58,$0.0789
BNE,BOM,"21,052",$720.44,"6,439 mi",58,$0.1119
PER,HAN,"20,965",$349.06,"3,846 mi",57,$0.0908
MEL,DUD,"20,851",$335.81,"1,374 mi",57,$0.2444
BNE,LAS,"20,843","$1,101.54","7,171 mi",57,$0.1536
ADL,BHQ,"20,819",$145.66,257 mi,57,$0.5668
MEL,LAS,"20,772","$1,419.10","8,405 mi",57,$0.1688
MEL,VLI,"20,729",$227.93,"1,922 mi",57,$0.1186
BNE,INU,"20,697",$881.75,"2,006 mi",57,$0.4396
AKL,DOH,"20,614",$837.04,"9,302 mi",56,$0.0900
ADL,LGW,"20,370","$1,021.51","10,415 mi",56,$0.0981
BNE,CAN,"20,348",$532.86,"4,268 mi",56,$0.1249
SYD,ARN,"20,324","$1,000.58","9,983 mi",56,$0.1002
MEL,SCL,"20,288","$1,282.10","7,229 mi",56,$0.1774
SYD,ATQ,"20,262",$355.25,"6,925 mi",56,$0.0513
ADL,HND,"20,213",$679.29,"4,725 mi",55,$0.1438
CBR,DPS,"20,191",$338.15,"2,738 mi",55,$0.1235
MEL,AUH,"20,177","$1,027.00","7,457 mi",55,$0.1377
BNE,WLE,"20,136",$242.35,192 mi,55,$1.2622
PER,ICN,"20,099",$455.86,"4,988 mi",55,$0.0914
PER,KIX,"19,884",$480.51,"4,896 mi",54,$0.0981
ADL,ZRH,"19,828","$1,306.72","9,456 mi",54,$0.1382
AKL,KUL,"19,773",$675.03,"5,246 mi",54,$0.1287
SYD,IAH,"19,708","$1,719.58","8,339 mi",54,$0.2062
MEL,ABX,"19,480",$143.04,156 mi,53,$0.9169
BNE,SHA,"19,477",$395.34,"4,420 mi",53,$0.0894
SYD,YYC,"19,449","$1,056.67","7,946 mi",53,$0.1330
NTL,DPS,"19,352",$480.02,"2,782 mi",53,$0.1725
AKL,VLI,"19,296",$358.74,"1,433 mi",53,$0.2503
PER,WLG,"19,294",$461.95,"3,165 mi",53,$0.1460
PER,BOM,"19,290",$690.77,"4,671 mi",53,$0.1479
PER,MCY,"19,252",$340.26,"2,324 mi",53,$0.1464
SYD,IAD,"19,236","$2,250.87","10,035 mi",53,$0.2243
MEL,CSX,"19,229",$240.00,"4,840 mi",53,$0.0496
SYD,BER,"19,223","$1,135.96","9,701 mi",53,$0.1171
ADL,YVR,"19,185","$1,139.88","8,090 mi",53,$0.1409
SYD,NSN,"19,086",$303.12,"1,343 mi",52,$0.2257
SYD,TBU,"19,034",$370.55,"2,161 mi",52,$0.1715
MEL,EDI,"18,998","$1,160.14","10,818 mi",52,$0.1072
CNS,LHR,"18,934",$959.66,"9,696 mi",52,$0.0990
CNS,HND,"18,899",$593.37,"3,752 mi",52,$0.1581
MEL,KMG,"18,859",$267.01,"5,273 mi",52,$0.0506
AKL,SUV,"18,828",$344.70,"1,290 mi",52,$0.2672
AKL,YYZ,"18,777","$1,212.88","8,364 mi",51,$0.1450
MEL,CTS,"18,720",$690.89,"5,395 mi",51,$0.1281
AKL,DFW,"18,675","$1,272.53","7,224 mi",51,$0.1762
CHC,RAR,"18,675",$316.10,"2,146 mi",51,$0.1473
AKL,NTL,"18,667",$272.23,"1,369 mi",51,$0.1989
AKL,ZRH,"18,472","$1,242.81","11,774 mi",51,$0.1056
AKL,NKG,"18,455",$337.37,"5,787 mi",51,$0.0583
BNE,HAN,"18,388",$459.44,"4,474 mi",50,$0.1027
SYD,LIS,"18,346","$1,475.88","10,955 mi",50,$0.1347
SYD,PUS,"18,329",$525.64,"4,837 mi",50,$0.1087
SYD,FUK,"18,176",$593.34,"5,002 mi",50,$0.1186
SYD,BRU,"18,124","$1,272.54","10,712 mi",50,$0.1188
MEL,ORD,"18,064","$1,935.63","9,956 mi",49,$0.1944
AKL,IAH,"18,062","$1,310.54","7,198 mi",49,$0.1821
CBR,SIN,"18,050",$885.68,"3,976 mi",49,$0.2228
LST,DPS,"17,985",$303.57,"2,901 mi",49,$0.1046
CHC,GIS,"17,956",$250.28,424 mi,49,$0.5903
BNE,MUC,"17,881","$1,236.56","9,620 mi",49,$0.1285
SYD,CGO,"17,858",$338.57,"5,153 mi",49,$0.0657
MEL,NSN,"17,762",$310.87,"1,481 mi",49,$0.2099
CHC,DEL,"17,687",$672.34,"7,567 mi",48,$0.0889
ADL,WLG,"17,667",$296.45,"1,945 mi",48,$0.1524
PER,ATH,"17,660",$962.59,"7,400 mi",48,$0.1301
MEL,SEA,"17,654","$1,411.91","8,432 mi",48,$0.1674
MEL,CAI,"17,641",$936.53,"8,403 mi",48,$0.1115
PER,EDI,"17,554",$974.92,"9,405 mi",48,$0.1037
ADL,ICN,"17,438",$595.37,"5,215 mi",48,$0.1142
BNE,BCN,"17,429","$1,131.28","10,854 mi",48,$0.1042
BNE,KTA,"17,308",$683.96,"2,400 mi",47,$0.2850
ADL,HAN,"17,296",$487.11,"4,301 mi",47,$0.1133
WLG,DPS,"17,280",$490.20,"4,128 mi",47,$0.1188
ADL,JNB,"17,232",$881.57,"6,042 mi",47,$0.1459
PER,ASP,"17,193",$381.51,"1,266 mi",47,$0.3014
BNE,EWR,"17,185","$1,349.50","9,327 mi",47,$0.1447
BNE,OAG,"17,181",$246.02,464 mi,47,$0.5302
AKL,HGH,"17,137",$426.55,"6,001 mi",47,$0.0711
SYD,MLE,"17,123",$581.36,"5,507 mi",47,$0.1056
SYD,ATL,"17,071","$2,186.51","9,006 mi",47,$0.2428
SYD,KMG,"17,051",$272.59,"5,008 mi",47,$0.0544
SYD,WTB,"17,010",$181.54,456 mi,47,$0.3981
BNE,NSN,"16,967",$297.54,"1,445 mi",46,$0.2059
SYD,UBN,"16,963",$551.68,"6,458 mi",46,$0.0854
ADL,CED,"16,929",$232.70,349 mi,46,$0.6668
MEL,HEL,"16,926","$1,398.25","9,719 mi",46,$0.1439
CHC,FRA,"16,850","$1,004.13","11,208 mi",46,$0.0896
PER,YVR,"16,673","$1,433.40","9,480 mi",46,$0.1512
AKL,ORD,"16,663","$1,578.89","7,945 mi",46,$0.1987
MEL,DAD,"16,560",$395.40,"4,276 mi",45,$0.0925
PER,NAN,"16,553",$416.32,"4,044 mi",45,$0.1029
SYD,TLV,"16,514","$1,553.02","9,067 mi",45,$0.1713
MEL,PHE,"16,498",$595.63,"1,913 mi",45,$0.3114
MEL,GLT,"16,491",$307.85,994 mi,45,$0.3097
ADL,DOH,"16,456",$677.27,"7,245 mi",45,$0.0935
PER,MKY,"16,383",$414.63,"2,238 mi",45,$0.1853
SYD,NPE,"16,370",$336.36,"1,424 mi",45,$0.2362
AKL,FCO,"16,370","$1,254.72","11,794 mi",45,$0.1064
MEL,NPE,"16,338",$344.07,"1,673 mi",45,$0.2057
MEL,TRG,"16,316",$368.23,"1,656 mi",45,$0.2224
ADL,COK,"16,294",$474.59,"4,957 mi",45,$0.0957
BNE,YYC,"16,274","$1,126.93","8,020 mi",45,$0.1405
HBA,SIN,"16,263",$488.44,"3,952 mi",45,$0.1236
ADL,DUB,"16,194","$1,073.91","10,001 mi",44,$0.1074
SYD,PHE,"16,188",$639.99,"2,263 mi",44,$0.2828
AKL,MUC,"16,137","$1,204.70","11,613 mi",44,$0.1037
SYD,BUD,"16,118","$1,181.86","10,093 mi",44,$0.1171
MEL,MIM,"16,039",$152.19,275 mi,44,$0.5534
ADL,BOM,"15,973",$662.05,"5,523 mi",44,$0.1199
AKL,TAO,"15,952",$483.80,"6,345 mi",44,$0.0762
PER,KTM,"15,938",$383.14,"4,724 mi",44,$0.0811
MEL,ISB,"15,931",$568.74,"6,954 mi",44,$0.0818
BNE,CPT,"15,929","$1,102.57","7,475 mi",44,$0.1475
BNE,DFW,"15,920","$1,376.32","8,553 mi",44,$0.1609
SYD,CKG,"15,892",$332.35,"5,114 mi",44,$0.0650
SYD,DLC,"15,831",$408.19,"5,544 mi",43,$0.0736
SYD,DUD,"15,765",$323.24,"1,259 mi",43,$0.2567
BNE,IST,"15,743",$929.35,"8,904 mi",43,$0.1044
MEL,IKA,"15,732",$919.60,"8,064 mi",43,$0.1140
AKL,SHA,"15,661",$340.26,"5,667 mi",43,$0.0600
SYD,XMN,"15,611",$413.81,"4,449 mi",43,$0.0930
MEL,KNS,"15,592",$135.88,166 mi,43,$0.8186
MEL,CPT,"15,562","$1,112.56","6,211 mi",43,$0.1791
ADL,KIX,"15,542",$548.15,"4,942 mi",43,$0.1109
SYD,WUH,"15,532",$377.90,"5,232 mi",43,$0.0722
SYD,PRG,"15,485","$1,164.58","9,704 mi",42,$0.1200
AKL,NOU,"15,437",$300.79,"1,191 mi",42,$0.2526
SYD,MYA,"15,421",$150.17,143 mi,42,$1.0501
AKL,LST,"15,421",$245.43,"1,546 mi",42,$0.1588
SYD,HRB,"15,385",$325.79,"5,543 mi",42,$0.0588
MEL,DBO,"15,375",$315.44,419 mi,42,$0.7528
ADL,KTM,"15,326",$511.36,"5,713 mi",42,$0.0895
AKL,DUB,"15,315","$1,240.33","11,640 mi",42,$0.1066
MEL,SKP,"15,284",$447.43,"9,180 mi",42,$0.0487
SYD,GLT,"15,282",$268.68,717 mi,42,$0.3747
MEL,POM,"15,218",$531.20,"2,015 mi",42,$0.2636
BNE,HND,"15,192",$795.81,"4,567 mi",42,$0.1743
MEL,VIE,"15,180","$1,285.49","9,481 mi",42,$0.1356
ADL,CAN,"15,173",$580.67,"4,487 mi",42,$0.1294
AKL,DRW,"15,151",$461.94,"3,293 mi",42,$0.1403
ADL,MUC,"15,150","$1,181.08","9,311 mi",42,$0.1268
SYD,DCA,"15,121","$2,194.92","10,058 mi",41,$0.2182
CNS,HKG,"15,107",$507.83,"3,355 mi",41,$0.1514
AKL,CPT,"15,099",$958.21,"7,518 mi",41,$0.1275
MEL,LIS,"15,095","$1,530.88","10,695 mi",41,$0.1431
BNE,MAD,"15,054","$1,365.29","11,155 mi",41,$0.1224
SYD,VCE,"14,973","$1,322.75","9,832 mi",41,$0.1345
BNE,EDI,"14,966","$1,133.40","9,840 mi",41,$0.1152
MEL,BUD,"14,899","$1,076.62","9,357 mi",41,$0.1151
AKL,SZX,"14,806",$435.38,"5,547 mi",41,$0.0785
MEL,VCE,"14,699","$1,229.19","10,259 mi",40,$0.1198
SYD,SHE,"14,698",$307.40,"5,345 mi",40,$0.0575
PER,BHX,"14,680","$1,027.58","9,343 mi",40,$0.1100
CHC,NRT,"14,591",$708.89,"6,012 mi",40,$0.1179
AKL,BLR,"14,577",$827.29,"6,936 mi",40,$0.1193
SYD,BEG,"14,535",$707.02,"9,458 mi",40,$0.0748
PER,MUC,"14,507",$995.35,"8,193 mi",40,$0.1215
BNE,HIR,"14,461",$361.97,"1,280 mi",40,$0.2828
MEL,BOS,"14,408","$2,381.74","10,842 mi",39,$0.2197
BNE,SEA,"14,406","$1,145.12","7,130 mi",39,$0.1606
SYD,PMR,"14,313",$333.29,"1,369 mi",39,$0.2435
BNE,JFK,"14,288","$1,826.99","9,346 mi",39,$0.1955
SYD,ISB,"14,272",$661.49,"6,683 mi",39,$0.0990
BNE,COK,"14,258",$491.74,"5,915 mi",39,$0.0831
MEL,NPL,"14,254",$367.66,"1,633 mi",39,$0.2251
SYD,TRG,"14,240",$328.59,"1,464 mi",39,$0.2244
MEL,CGO,"14,215",$303.39,"5,531 mi",39,$0.0549
PER,IST,"14,162",$864.53,"7,724 mi",39,$0.1119
ADL,CGK,"14,159",$493.89,"2,757 mi",39,$0.1791
MEL,DLC,"14,139",$376.59,"5,663 mi",39,$0.0665
SYD,DMK,"14,130",$210.26,"4,546 mi",39,$0.0463
CHC,DXB,"14,121","$1,109.75","8,470 mi",39,$0.1310
SYD,DAD,"14,118",$440.78,"4,597 mi",39,$0.0959
PER,XCH,"14,090",$472.35,"1,672 mi",39,$0.2825
MEL,KHI,"14,004",$554.26,"6,830 mi",38,$0.0812
ADL,EDI,"14,003","$1,113.42","9,831 mi",38,$0.1133
CNS,NAN,"13,995",$227.27,"2,026 mi",38,$0.1122
OOL,NRT,"13,938",$625.39,"4,634 mi",38,$0.1350
ADL,SFO,"13,894","$1,387.70","7,833 mi",38,$0.1772
BNE,CPH,"13,874","$1,032.08","9,384 mi",38,$0.1100
BNE,DUD,"13,870",$260.76,"1,538 mi",38,$0.1695
MEL,OAG,"13,852",$255.19,371 mi,38,$0.6878
AKL,AMD,"13,850",$746.52,"8,041 mi",38,$0.0928
SYD,OSL,"13,772","$1,223.34","10,191 mi",38,$0.1200
CHC,LAX,"13,706",$919.45,"7,098 mi",38,$0.1295
MEL,BER,"13,675","$1,146.98","10,207 mi",37,$0.1124
AKL,MXP,"13,669","$1,322.48","11,847 mi",37,$0.1116
AKL,TSV,"13,666",$340.48,"2,026 mi",37,$0.1681
AKL,FOC,"13,591",$360.10,"5,464 mi",37,$0.0659
PER,JFK,"13,590","$1,807.30","11,278 mi",37,$0.1603
PER,BCN,"13,578",$996.04,"8,538 mi",37,$0.1167
SYD,KHI,"13,563",$623.31,"7,046 mi",37,$0.0885
BNE,LRE,"13,557",$246.92,633 mi,37,$0.3901
BNE,HID,"13,470",$482.62,"1,398 mi",37,$0.3452
SYD,JED,"13,422",$881.61,"8,517 mi",37,$0.1035
SYD,ZNE,"13,362",$592.83,"1,965 mi",37,$0.3017
SYD,NGB,"13,330",$414.03,"4,670 mi",37,$0.0887
CNS,MNL,"13,323",$415.23,"2,665 mi",37,$0.1558
BNE,CTL,"13,282",$249.20,441 mi,36,$0.5651
BNE,HEL,"13,282","$1,315.92","8,857 mi",36,$0.1486
MEL,WUH,"13,249",$352.55,"4,972 mi",36,$0.0709
WLG,LAX,"13,245","$1,071.28","6,506 mi",36,$0.1647
SYD,GVA,"13,244","$1,831.29","10,112 mi",36,$0.1811
WLG,NRT,"13,234",$762.09,"5,928 mi",36,$0.1286
BNE,NPE,"13,212",$305.79,"1,644 mi",36,$0.1860
PER,CPH,"13,197",$906.47,"8,254 mi",36,$0.1098
SYD,WAW,"13,177","$1,082.40","9,403 mi",36,$0.1151
TSV,DPS,"13,148",$489.39,"2,167 mi",36,$0.2258
ZQN,DPS,"13,111",$534.71,"3,921 mi",36,$0.1364
CHC,HKG,"13,066",$731.22,"5,692 mi",36,$0.1285
MEL,EMD,"13,026",$355.84,"1,024 mi",36,$0.3475
PER,PVG,"12,989",$785.25,"4,244 mi",36,$0.1850
PER,GLA,"12,987","$1,225.12","9,447 mi",36,$0.1297
ZQN,NRT,"12,978",$802.50,"6,032 mi",36,$0.1330
SYD,PHX,"12,966","$1,626.74","7,569 mi",36,$0.2149
ZQN,SIN,"12,965",$919.36,"4,924 mi",36,$0.1867
SYD,YUL,"12,963","$1,918.73","9,657 mi",36,$0.1987
CHC,AMS,"12,928","$1,098.63","11,258 mi",35,$0.0976
ADL,ROK,"12,903",$299.93,"1,106 mi",35,$0.2712
MEL,MRU,"12,877",$654.16,"5,060 mi",35,$0.1293
SYD,CCU,"12,874",$611.46,"5,849 mi",35,$0.1045
BNE,BME,"12,841",$606.65,"2,006 mi",35,$0.3024
BNE,PHE,"12,840",$641.68,"2,292 mi",35,$0.2800
MEL,TNA,"12,825",$350.77,"5,606 mi",35,$0.0626
ADL,CPH,"12,768","$1,192.03","9,826 mi",35,$0.1213
MEL,PMR,"12,711",$332.27,"1,704 mi",35,$0.1950
SYD,GRU,"12,681","$1,479.84","8,555 mi",35,$0.1730
CHC,MNL,"12,635",$511.84,"5,313 mi",35,$0.0963
PER,CCK,"12,632",$502.43,"1,882 mi",35,$0.2670
MEL,BRU,"12,554","$1,233.04","9,997 mi",34,$0.1233
ZQN,LAX,"12,491","$1,163.41","7,317 mi",34,$0.1590
SYD,HAK,"12,484",$394.69,"4,724 mi",34,$0.0835
SYD,SUV,"12,474",$450.18,"2,074 mi",34,$0.2171
MEL,TMW,"12,459",$323.60,586 mi,34,$0.5522
OOL,HKG,"12,459",$659.89,"4,242 mi",34,$0.1556
MEL,CKG,"12,422",$310.87,"5,428 mi",34,$0.0573
MEL,ARN,"12,340","$1,022.92","9,973 mi",34,$0.1026
BNE,CTS,"12,338",$813.52,"4,755 mi",34,$0.1711
BNE,CGK,"12,284",$674.78,"3,480 mi",34,$0.1939
SYD,SLC,"12,275","$1,538.12","8,261 mi",34,$0.1862
ADL,IST,"12,273","$1,000.42","8,438 mi",34,$0.1186
BNE,KGI,"12,267",$544.34,"1,861 mi",34,$0.2925
SYD,BHX,"12,216","$1,327.83","10,905 mi",33,$0.1218
MEL,PNH,"12,216",$524.45,"4,401 mi",33,$0.1192
AKL,CPH,"12,187","$1,089.10","10,577 mi",33,$0.1030
AKL,DLC,"12,165",$343.42,"6,059 mi",33,$0.0567
MEL,ZNE,"12,145",$537.60,"1,724 mi",33,$0.3118
PER,CAN,"12,065",$270.15,"3,942 mi",33,$0.0685
MEL,MLE,"12,022",$683.16,"5,550 mi",33,$0.1231
SYD,IKA,"12,020",$960.14,"8,268 mi",33,$0.1161
AKL,IST,"11,942","$1,094.21","10,287 mi",33,$0.1064
PER,IAH,"11,910","$3,551.71","10,900 mi",33,$0.3258
BNE,TAO,"11,887",$459.75,"5,047 mi",33,$0.0911
AKL,LAS,"11,882",$934.95,"6,955 mi",33,$0.1344
MEL,JED,"11,771",$778.98,"8,193 mi",32,$0.0951
MEL,SHE,"11,767",$275.28,"5,474 mi",32,$0.0503
MEL,SZX,"11,755",$253.64,"4,490 mi",32,$0.0565
SYD,SAN,"11,745","$1,359.32","7,740 mi",32,$0.1756
BNE,NKG,"11,743",$420.70,"4,526 mi",32,$0.0930
CHC,DPS,"11,715",$491.81,"4,311 mi",32,$0.1141
CNS,LAX,"11,709","$1,166.18","6,973 mi",32,$0.1672
MEL,XMN,"11,661",$378.36,"4,774 mi",32,$0.0793
MEL,BKI,"11,638",$357.28,"3,643 mi",32,$0.0981
MEL,CCU,"11,630",$573.83,"5,380 mi",32,$0.1067
SYD,KHN,"11,584",$291.99,"4,767 mi",32,$0.0613
SYD,GLA,"11,579","$1,409.24","10,845 mi",32,$0.1299
SYD,AUS,"11,551","$1,969.52","8,728 mi",32,$0.2257
WLG,MNL,"11,522",$504.22,"5,005 mi",32,$0.1007
ADL,HKT,"11,519",$388.24,"3,847 mi",32,$0.1009
SYD,AMM,"11,485",$827.66,"8,997 mi",31,$0.0920
SYD,NPL,"11,463",$342.48,"1,281 mi",31,$0.2674
CBR,HKG,"11,439",$916.32,"4,464 mi",31,$0.2053
PER,ROK,"11,435",$405.14,"2,118 mi",31,$0.1913
AKL,HYD,"11,405",$847.90,"7,489 mi",31,$0.1132
MEL,BEG,"11,394",$786.30,"9,283 mi",31,$0.0847
PER,MLE,"11,392",$442.59,"3,628 mi",31,$0.1220
BNE,TRG,"11,380",$320.61,"1,470 mi",31,$0.2181
PER,BLR,"11,373",$770.75,"3,896 mi",31,$0.1978
MEL,PRG,"11,365","$1,180.22","10,179 mi",31,$0.1159
BNE,XIY,"11,335",$378.20,"5,318 mi",31,$0.0711
MEL,BHX,"11,280","$1,271.21","10,222 mi",31,$0.1244
MEL,PQQ,"11,260",$306.14,646 mi,31,$0.4739
MEL,ARM,"11,252",$290.88,608 mi,31,$0.4784
BNE,PKX,"11,242",$390.43,"5,035 mi",31,$0.0775
MEL,MCO,"11,211","$1,598.72","10,009 mi",31,$0.1597
BNE,FUK,"11,198",$713.67,"4,333 mi",31,$0.1647
SYD,PLO,"11,158",$269.26,848 mi,31,$0.3175
ADL,BNK,"11,155",$174.24,"1,005 mi",31,$0.1734
ADL,ATQ,"11,135",$375.70,"6,374 mi",31,$0.0589
ADL,BCN,"11,134","$1,110.39","9,752 mi",31,$0.1139
ADL,PEK,"11,133",$574.45,"5,208 mi",31,$0.1103
BNE,DEN,"11,118","$1,860.50","7,776 mi",30,$0.2393
MEL,NBO,"11,108","$1,060.72","7,348 mi",30,$0.1444
CHC,SFO,"11,088",$997.55,"7,134 mi",30,$0.1398
MEL,NGB,"11,082",$460.60,"4,755 mi",30,$0.0969
MEL,YYC,"11,073","$1,008.83","8,886 mi",30,$0.1135
BNE,PEK,"11,067",$660.23,"5,376 mi",30,$0.1228
AKL,IUE,"11,040",$289.19,"1,500 mi",30,$0.1928
PER,COK,"11,029",$384.24,"4,026 mi",30,$0.0954
PER,ATQ,"10,922",$332.39,"5,310 mi",30,$0.0626
AKL,SEA,"10,886","$1,095.94","7,215 mi",30,$0.1519
PER,LHE,"10,873",$494.38,"5,313 mi",30,$0.0931
BNE,BUD,"10,829","$1,112.23","9,893 mi",30,$0.1124
SYD,CGQ,"10,809",$302.55,"5,788 mi",30,$0.0523
MEL,RAR,"10,804",$371.63,"3,362 mi",30,$0.1105
AKL,BCN,"10,801","$1,310.71","11,588 mi",30,$0.1131
PER,DAC,"10,794",$409.12,"4,082 mi",30,$0.1002
SYD,TYN,"10,791",$278.90,"5,703 mi",30,$0.0489
SYD,DUS,"10,737","$1,563.39","9,989 mi",29,$0.1565
PER,MMG,"10,734",$135.49,296 mi,29,$0.4577
MEL,HRB,"10,733",$321.17,"6,046 mi",29,$0.0531
SYD,TSN,"10,729",$294.55,"5,658 mi",29,$0.0521
MEL,ZAG,"10,694",$938.43,"9,490 mi",29,$0.0989
SYD,HAM,"10,682","$1,225.06","9,812 mi",29,$0.1249
PER,NCL,"10,622","$1,053.68","8,796 mi",29,$0.1198
MEL,ISA,"10,593",$525.87,"1,181 mi",29,$0.4453
AKL,KMG,"10,569",$309.16,"6,148 mi",29,$0.0503
MEL,PQC,"10,558",$388.24,"4,103 mi",29,$0.0946
MEL,HLZ,"10,538",$340.06,"1,608 mi",29,$0.2115
SYD,SKP,"10,537",$555.16,"9,384 mi",29,$0.0592
BNE,BHX,"10,536","$1,289.52","10,582 mi",29,$0.1219
BNE,BLR,"10,496",$758.92,"5,944 mi",29,$0.1277
MEL,DEN,"10,493","$2,127.04","9,051 mi",29,$0.2350
MEL,IAH,"10,487","$2,070.25","9,270 mi",29,$0.2233
SYD,SAI,"10,462",$436.08,"4,630 mi",29,$0.0942
AKL,MAD,"10,460","$1,092.70","11,815 mi",29,$0.0925
BNE,NPL,"10,448",$346.17,"1,409 mi",29,$0.2457
PER,PPP,"10,438",$385.36,"2,094 mi",29,$0.1840
ADL,MAD,"10,433","$1,363.84","10,036 mi",29,$0.1359
SYD,MLA,"10,429","$1,198.38","10,299 mi",29,$0.1164
PER,SFO,"10,406","$1,604.68","9,429 mi",29,$0.1702
SYD,ZAG,"10,318",$942.07,"9,657 mi",28,$0.0976
BNE,ORD,"10,308","$1,604.69","9,170 mi",28,$0.1750
MEL,FUK,"10,285",$465.33,"5,159 mi",28,$0.0902
SYD,BDB,"10,264",$235.10,648 mi,28,$0.3628
AKL,EDI,"10,233","$1,360.65","11,459 mi",28,$0.1187
AKL,DEN,"10,202","$1,298.67","7,583 mi",28,$0.1713
BNE,SCL,"10,196","$1,607.08","7,126 mi",28,$0.2255
OOL,HND,"10,166",$759.61,"4,357 mi",28,$0.1743
MEL,HAK,"10,162",$334.29,"4,427 mi",28,$0.0755
SYD,NCE,"10,124","$2,051.23","10,714 mi",28,$0.1915
ADL,GLA,"10,124","$1,628.69","9,870 mi",28,$0.1650
SYD,PDX,"10,123","$1,216.56","7,909 mi",28,$0.1538
ADL,BUD,"10,087","$1,159.78","8,972 mi",28,$0.1293
SYD,AEP,"10,054","$1,361.81","7,550 mi",28,$0.1804
AKL,PKX,"10,032",$328.94,"6,262 mi",27,$0.0525
ZQN,LHR,"10,030","$1,086.06","12,123 mi",27,$0.0896
SYD,BOG,"10,004","$1,067.84","9,168 mi",27,$0.1165
SYD,DPO,"9,993",$254.34,546 mi,27,$0.4658
ADL,HNL,"9,966",$654.30,"5,524 mi",27,$0.1184
CNS,TPE,"9,936",$319.96,"3,236 mi",27,$0.0989
SYD,MGB,"9,922",$309.41,657 mi,27,$0.4709
BNE,PMR,"9,921",$315.47,"1,610 mi",27,$0.1959
SYD,EMD,"9,895",$334.88,761 mi,27,$0.4401
SYD,NRA,"9,866",$182.43,279 mi,27,$0.6539
AKL,BER,"9,843","$1,147.91","11,372 mi",27,$0.1009
ADL,JFK,"9,808","$1,735.89","10,321 mi",27,$0.1682
LST,SIN,"9,806",$538.60,"3,889 mi",27,$0.1385
ADL,HTI,"9,779",$218.80,"1,155 mi",27,$0.1894
PER,PEK,"9,751",$643.44,"5,125 mi",27,$0.1255
AKL,HAN,"9,735",$623.28,"5,843 mi",27,$0.1067
MEL,CXR,"9,721",$358.70,"4,011 mi",27,$0.0894
CHC,CDG,"9,718","$1,035.69","11,470 mi",27,$0.0903
MEL,MLA,"9,692","$1,120.35","9,427 mi",27,$0.1188
SYD,LIM,"9,684","$1,220.31","7,711 mi",27,$0.1583
SYD,TRV,"9,659",$415.93,"5,491 mi",26,$0.0757
ADL,YYZ,"9,626","$1,606.59","10,020 mi",26,$0.1603
AKL,HND,"9,617",$564.53,"5,658 mi",26,$0.0998
BNE,MQL,"9,614",$307.85,831 mi,26,$0.3705
ADL,AMS,"9,612","$1,121.94","10,185 mi",26,$0.1102
MEL,GLA,"9,599","$1,443.59","10,858 mi",26,$0.1330
WLG,DEL,"9,595",$672.44,"8,101 mi",26,$0.0830
AKL,MAA,"9,589",$846.74,"6,797 mi",26,$0.1246
MEL,SAI,"9,582",$490.47,"4,269 mi",26,$0.1149
PER,YYZ,"9,561","$1,918.08","11,602 mi",26,$0.1653
MEL,TRV,"9,558",$386.87,"5,567 mi",26,$0.0695
MEL,WYA,"9,488",$369.22,537 mi,26,$0.6876
ROK,SIN,"9,470",$862.45,"3,666 mi",26,$0.2353
SYD,DTW,"9,456","$1,072.53","9,751 mi",26,$0.1100
CBR,WLG,"9,455",$321.23,"1,423 mi",26,$0.2257
BNE,DIL,"9,453",$479.02,"2,289 mi",26,$0.2093
AKL,BOS,"9,451","$1,688.55","8,736 mi",26,$0.1933
AKL,SHE,"9,448",$329.90,"6,515 mi",26,$0.0506
MEL,IAD,"9,440","$2,158.97","9,857 mi",26,$0.2190
SYD,BKI,"9,398",$344.31,"3,693 mi",26,$0.0932
BNE,ZNE,"9,387",$593.58,"2,028 mi",26,$0.2927
MEL,TSN,"9,354",$309.92,"5,754 mi",26,$0.0539
HBA,HKG,"9,341",$645.06,"4,834 mi",26,$0.1334
SYD,PHL,"9,307","$2,269.48","9,572 mi",25,$0.2371
MEL,KBL,"9,265",$824.24,"6,746 mi",25,$0.1222
ADL,MAA,"9,260",$663.42,"4,900 mi",25,$0.1354
PER,NBO,"9,259","$1,103.44","5,362 mi",25,$0.2058
SYD,KGI,"9,251",$440.74,"1,689 mi",25,$0.2609
BNE,HYD,"9,247",$514.62,"6,046 mi",25,$0.0851
PER,HNL,"9,183",$977.71,"6,566 mi",25,$0.1489
CHC,APW,"9,182",$331.03,"2,178 mi",25,$0.1520
ADL,BLR,"9,178",$670.92,"5,028 mi",25,$0.1334
MEL,SKG,"9,174",$762.26,"9,089 mi",25,$0.0839
BNE,MCO,"9,130","$1,188.16","8,868 mi",25,$0.1340
MEL,BDB,"9,113",$269.06,"1,016 mi",25,$0.2648
MEL,PEN,"9,097",$505.22,"3,998 mi",25,$0.1264
CHC,HBA,"9,093",$271.37,"1,219 mi",25,$0.2226
SYD,HFE,"9,080",$339.53,"5,221 mi",25,$0.0650
MEL,KGI,"9,075",$443.01,"1,455 mi",25,$0.3045
PER,MAA,"9,072",$724.69,"4,021 mi",25,$0.1802
BNE,RAR,"9,072",$385.12,"3,067 mi",25,$0.1256
ADL,CPT,"9,070","$1,050.94","6,105 mi",25,$0.1721
PER,POM,"9,055",$688.81,"2,607 mi",25,$0.2642
AKL,SGN,"9,032",$615.33,"5,670 mi",25,$0.1085
CHC,TPE,"9,021",$643.85,"5,573 mi",25,$0.1155
AKL,TNA,"8,999",$418.88,"6,102 mi",25,$0.0686
SYD,USM,"8,989",$624.65,"4,363 mi",25,$0.1432
SYD,EZE,"8,972","$1,307.04","7,092 mi",25,$0.1843
MEL,GVA,"8,972","$1,548.73","9,954 mi",25,$0.1556
CHC,MCY,"8,968",$191.01,"1,547 mi",25,$0.1235
AKL,AVV,"8,965",$179.82,"1,606 mi",25,$0.1120
SYD,ISA,"8,956",$504.86,"1,198 mi",25,$0.4214
MEL,WOL,"8,951",$200.79,383 mi,25,$0.5243
BNE,ROR,"8,894",$505.10,"2,622 mi",24,$0.1926
AKL,CGO,"8,892",$343.92,"6,493 mi",24,$0.0530
BNE,BER,"8,884","$1,002.88","9,450 mi",24,$0.1061
ADL,EWR,"8,870","$1,504.06","10,300 mi",24,$0.1460
BNE,VIE,"8,862","$1,215.19","10,005 mi",24,$0.1215
PER,GLT,"8,800",$560.30,"2,279 mi",24,$0.2459
BNE,GOV,"8,799",$651.62,"1,439 mi",24,$0.4528
CHC,MAN,"8,791","$1,257.30","12,066 mi",24,$0.1042
SYD,MSP,"8,784","$1,741.98","8,739 mi",24,$0.1993
MEL,WAW,"8,775","$1,006.03","9,307 mi",24,$0.1081
ADL,MLE,"8,773",$616.57,"5,147 mi",24,$0.1198
AKL,MIA,"8,768","$1,678.21","8,295 mi",24,$0.2023
ADL,AMD,"8,761",$464.92,"6,064 mi",24,$0.0767
AKL,MCO,"8,689","$1,324.50","8,332 mi",24,$0.1590
CHC,CHT,"8,685",$308.47,566 mi,24,$0.5450
BNE,VCE,"8,670","$1,209.42","10,255 mi",24,$0.1179
AKL,HAM,"8,664","$1,115.87","11,409 mi",24,$0.0978
ADL,LHE,"8,655",$418.69,"6,383 mi",24,$0.0656
AKL,SLC,"8,646",$931.78,"7,304 mi",24,$0.1276
MEL,PUS,"8,623",$463.14,"4,981 mi",24,$0.0930
MEL,SJW,"8,614",$330.62,"5,755 mi",24,$0.0574
CNS,BKK,"8,604",$432.00,"3,614 mi",24,$0.1195
SYD,NBO,"8,594","$1,196.26","7,766 mi",24,$0.1540
BNE,AMD,"8,584",$550.20,"6,205 mi",24,$0.0887
CNS,ICN,"8,558",$920.96,"4,078 mi",23,$0.2258
SYD,TPA,"8,545","$1,816.12","8,985 mi",23,$0.2021
MEL,OSL,"8,540","$1,235.92","10,201 mi",23,$0.1212
AKL,CHT,"8,529",$296.99,637 mi,23,$0.4662
OOL,LAX,"8,529",$941.51,"7,389 mi",23,$0.1274
BNE,GLA,"8,507","$1,362.49","9,869 mi",23,$0.1381
BNE,MLE,"8,499",$710.11,"5,887 mi",23,$0.1206
MEL,CGQ,"8,499",$316.95,"5,595 mi",23,$0.0566
BNE,MIA,"8,490","$1,780.50","8,885 mi",23,$0.2004
AKL,VIE,"8,473","$1,123.35","11,429 mi",23,$0.0983
PER,BKI,"8,432",$287.76,"2,696 mi",23,$0.1067
PER,DAD,"8,412",$309.65,"3,254 mi",23,$0.0952
SYD,OKA,"8,403",$695.60,"4,565 mi",23,$0.1524
MEL,TYN,"8,402",$258.00,"5,433 mi",23,$0.0475
SYD,SJW,"8,371",$336.26,"5,676 mi",23,$0.0592
BNE,WOL,"8,367",$182.95,499 mi,23,$0.3666
ADL,BER,"8,367",$913.24,"9,235 mi",23,$0.0989
AKL,KTM,"8,334",$703.26,"7,531 mi",23,$0.0934
BME,SIN,"8,332",$234.52,"1,767 mi",23,$0.1327
AKL,KIX,"8,320",$597.07,"5,719 mi",23,$0.1044
MEL,KCH,"8,317",$402.32,"3,593 mi",23,$0.1120
ZQN,HKG,"8,315",$825.25,"5,615 mi",23,$0.1470
SYD,HUI,"8,293",$421.81,"4,368 mi",23,$0.0966
AKL,PRG,"8,289",$995.52,"11,447 mi",23,$0.0870
PER,BRU,"8,266",$954.06,"9,062 mi",23,$0.1053
PER,BER,"8,259",$820.79,"8,686 mi",23,$0.0945
SYD,PQC,"8,258",$354.14,"4,472 mi",23,$0.0792
CHC,WRE,"8,247",$225.21,526 mi,23,$0.4282
CHC,BKK,"8,246",$741.09,"5,810 mi",23,$0.1276
MEL,CTA,"8,240","$1,125.03","9,428 mi",23,$0.1193
SYD,NCL,"8,237","$1,210.15","10,797 mi",23,$0.1121
PER,HYD,"8,201",$542.99,"4,083 mi",22,$0.1330
HBA,HND,"8,198",$657.76,"5,275 mi",22,$0.1247
PER,MAD,"8,186","$1,357.89","8,808 mi",22,$0.1542
CHC,PVG,"8,167",$599.11,"6,253 mi",22,$0.0958
ADL,VCE,"8,159","$1,062.37","9,848 mi",22,$0.1079
ZQN,NAN,"8,142",$335.06,"2,007 mi",22,$0.1669
AKL,CGK,"8,132",$800.63,"4,904 mi",22,$0.1633
AKL,PPP,"8,122",$254.21,"1,887 mi",22,$0.1347
BNE,YUL,"8,114","$2,496.12","9,309 mi",22,$0.2681
CHC,WKA,"8,113",$109.03,178 mi,22,$0.6125
PER,HRE,"8,096",$803.74,"5,437 mi",22,$0.1478
AKL,CSX,"8,096",$357.56,"5,837 mi",22,$0.0613
SYD,NNG,"8,096",$286.01,"4,677 mi",22,$0.0612
CHC,ICN,"8,086",$651.96,"6,483 mi",22,$0.1006
MEL,NCE,"8,070","$1,872.82","9,896 mi",22,$0.1893
MEL,IVC,"8,066",$348.71,"1,300 mi",22,$0.2682
HBA,LAX,"8,065","$1,330.37","7,709 mi",22,$0.1726
BNE,SUV,"8,034",$471.49,"1,793 mi",22,$0.2630
AKL,HRB,"7,997",$372.82,"6,264 mi",22,$0.0595
MEL,BHE,"7,991",$371.62,"1,607 mi",22,$0.2313
MEL,HFE,"7,970",$335.26,"5,291 mi",22,$0.0634
ADL,MKY,"7,968",$304.29,"1,184 mi",22,$0.2570
ADL,LIS,"7,966","$1,350.01","10,958 mi",22,$0.1232
MEL,KHN,"7,960",$306.62,"5,113 mi",22,$0.0600
ADL,VIE,"7,955","$1,254.75","9,659 mi",22,$0.1299
SYD,PPT,"7,951",$681.01,"3,916 mi",22,$0.1739
PER,LBJ,"7,950",$219.10,"1,689 mi",22,$0.1297
PER,LIS,"7,949","$1,383.78","9,634 mi",22,$0.1436
MEL,USM,"7,937",$655.58,"4,490 mi",22,$0.1460
PER,AMD,"7,927",$470.39,"4,901 mi",22,$0.0960
BNE,OSL,"7,926","$1,156.20","9,270 mi",22,$0.1247
AKL,EZE,"7,916","$1,144.01","6,599 mi",22,$0.1734
SYD,PBO,"7,910",$609.38,"2,085 mi",22,$0.2923
BNE,LIS,"7,897","$1,460.10","10,812 mi",22,$0.1350
SYD,CXR,"7,885",$431.47,"4,077 mi",22,$0.1058
BNE,IAH,"7,880","$2,215.62","8,597 mi",22,$0.2577
AKL,ATH,"7,877","$1,372.57","10,518 mi",22,$0.1305
AKL,HAK,"7,863",$440.60,"5,914 mi",22,$0.0745
CBR,IAD,"7,842","$3,584.05","10,178 mi",21,$0.3521
PER,HEL,"7,823","$1,238.05","7,897 mi",21,$0.1568
MEL,HAM,"7,823","$1,197.96","9,745 mi",21,$0.1229
SYD,YEG,"7,809","$1,039.50","8,507 mi",21,$0.1222
AVV,DPS,"7,797",$126.07,"2,805 mi",21,$0.0449
BNE,STN,"7,796","$1,294.43","10,545 mi",21,$0.1228
AKL,BHX,"7,794","$1,384.76","11,697 mi",21,$0.1184
PER,OSL,"7,788","$1,364.67","8,348 mi",21,$0.1635
SYD,MEX,"7,786","$1,493.14","7,825 mi",21,$0.1908
ADL,BHX,"7,784","$1,162.26","9,849 mi",21,$0.1180
PER,VCE,"7,773",$974.81,"8,622 mi",21,$0.1131
DRW,LHR,"7,769","$1,192.54","8,878 mi",21,$0.1343
BNE,SAI,"7,766",$516.56,"4,189 mi",21,$0.1233
PER,SAI,"7,736",$364.87,"3,129 mi",21,$0.1166
CHC,BOM,"7,715",$858.40,"7,364 mi",21,$0.1166
SYD,PEN,"7,697",$501.65,"4,413 mi",21,$0.1137
SYD,BNA,"7,686","$1,647.20","8,933 mi",21,$0.1844
SYD,WNZ,"7,686",$403.70,"4,571 mi",21,$0.0883
MEL,DIL,"7,685",$492.58,"2,416 mi",21,$0.2039
PER,ARN,"7,680","$1,045.82","8,618 mi",21,$0.1214
BNE,BHE,"7,676",$305.39,"1,572 mi",21,$0.1943
AKL,PHX,"7,661","$1,233.58","6,567 mi",21,$0.1878
MEL,DUS,"7,651","$1,442.45","9,898 mi",21,$0.1457
AKL,TRV,"7,643",$542.56,"6,793 mi",21,$0.0799
MEL,NNG,"7,638",$254.57,"4,654 mi",21,$0.0547
SYD,ROT,"7,628",$326.80,"1,472 mi",21,$0.2220
SYD,BGW,"7,607",$651.72,"8,079 mi",21,$0.0807
PER,BUD,"7,596","$1,187.55","7,853 mi",21,$0.1512
CBR,LAX,"7,577","$1,446.14","7,409 mi",21,$0.1952
OOL,KIX,"7,565",$496.59,"4,351 mi",21,$0.1141
SYD,MED,"7,561",$833.30,"8,579 mi",21,$0.0971
MEL,MIA,"7,560","$2,330.40","9,980 mi",21,$0.2335
BNK,DPS,"7,539",$396.23,"2,764 mi",21,$0.1434
MEL,HUI,"7,531",$340.15,"4,580 mi",21,$0.0743
BNE,ARM,"7,524",$186.40,228 mi,21,$0.8175
SYD,RDU,"7,491","$1,663.95","9,344 mi",21,$0.1781
SYD,CEB,"7,477",$318.85,"3,434 mi",20,$0.0929
AKL,POM,"7,445",$514.09,"2,644 mi",20,$0.1944
AKL,HIR,"7,423",$516.69,"2,053 mi",20,$0.2517
MCY,SIN,"7,410",$665.07,"3,681 mi",20,$0.1807
AKL,MKY,"7,370",$256.96,"1,941 mi",20,$0.1324
DRW,MNL,"7,345",$518.56,"1,920 mi",20,$0.2701
OOL,HKT,"7,342",$429.05,"4,586 mi",20,$0.0936
SYD,RUH,"7,334","$2,108.62","8,188 mi",20,$0.2575
PER,STN,"7,330","$1,014.35","9,256 mi",20,$0.1096
SYD,BHE,"7,298",$338.38,"1,381 mi",20,$0.2450
SYD,EBL,"7,285",$600.29,"8,168 mi",20,$0.0735
CBR,HND,"7,277","$1,155.70","5,081 mi",20,$0.2275
AKL,HKT,"7,266",$687.37,"5,997 mi",20,$0.1146
BNE,BOS,"7,211","$1,814.74","9,472 mi",20,$0.1916
MEL,ITM,"7,197",$677.59,"5,193 mi",20,$0.1305
OOL,CGK,"7,182",$607.02,"3,521 mi",20,$0.1724
BNE,BRU,"7,162","$1,164.59","10,434 mi",20,$0.1116
BNE,TNA,"7,156",$417.08,"5,164 mi",20,$0.0808
TSV,SIN,"7,142",$580.91,"3,328 mi",20,$0.1746
AKL,ATL,"7,130","$1,769.07","8,343 mi",20,$0.2120
BNE,MAA,"7,130",$597.00,"5,451 mi",20,$0.1095
BNE,CAI,"7,102","$1,162.57","8,671 mi",19,$0.1341
ADL,IKA,"7,086",$750.45,"7,653 mi",19,$0.0981
BNE,PBO,"7,080",$664.98,"2,154 mi",19,$0.3087
AKL,CTU,"7,077",$374.60,"6,734 mi",19,$0.0556
PHE,SIN,"7,076",$486.15,"1,853 mi",19,$0.2624
CHC,ZRH,"7,071","$1,139.94","11,963 mi",19,$0.0953
CNS,CGK,"7,050",$676.11,"2,825 mi",19,$0.2393
BNE,TBU,"7,048",$453.97,"1,976 mi",19,$0.2297
OOL,ICN,"7,040",$606.44,"5,008 mi",19,$0.1211
CHC,SHA,"7,016",$501.28,"6,273 mi",19,$0.0799
MEL,WNZ,"7,016",$389.94,"4,934 mi",19,$0.0790
PER,ABZ,"7,000","$1,470.68","9,352 mi",19,$0.1573
BNE,PRG,"7,000","$1,106.29","10,064 mi",19,$0.1099
AKL,WUH,"6,989",$312.24,"5,921 mi",19,$0.0527
SYD,KWE,"6,963",$253.69,"5,244 mi",19,$0.0484
BNE,ARN,"6,931","$1,094.06","9,092 mi",19,$0.1203
AKL,LBS,"6,913",$306.30,"1,489 mi",19,$0.2057
PER,HTI,"6,890",$318.05,"2,120 mi",19,$0.1500
PER,TPE,"6,885",$480.64,"3,836 mi",19,$0.1253
SYD,SPU,"6,839","$1,005.35","9,651 mi",19,$0.1042
MEL,LCA,"6,833","$1,036.06","8,950 mi",19,$0.1158
MEL,STN,"6,826","$1,569.61","10,784 mi",19,$0.1455
ZQN,ICN,"6,808",$655.99,"6,091 mi",19,$0.1077
PER,VIE,"6,806","$1,028.94","8,475 mi",19,$0.1214
CHC,LGW,"6,792","$1,205.68","11,453 mi",19,$0.1053
ADL,BRU,"6,790","$1,120.12","9,618 mi",19,$0.1165
DRW,LAX,"6,783","$1,771.70","7,640 mi",19,$0.2319
AKL,BRU,"6,745","$1,272.37","11,023 mi",18,$0.1154
SYD,SDK,"6,734",$274.62,"3,606 mi",18,$0.0762
SYD,SVO,"6,687",$642.67,"9,289 mi",18,$0.0692
AKL,CGQ,"6,680",$379.87,"6,193 mi",18,$0.0613
WLG,HKG,"6,674",$728.65,"5,696 mi",18,$0.1279
PER,DUR,"6,670",$680.95,"4,750 mi",18,$0.1434
SYD,LCA,"6,670","$1,166.83","8,669 mi",18,$0.1346
BNE,HLZ,"6,649",$291.86,"1,520 mi",18,$0.1920
BNE,NBO,"6,635","$1,275.82","7,533 mi",18,$0.1694
ADL,KGI,"6,608",$410.12,"1,061 mi",18,$0.3865
AKL,EWR,"6,603","$1,553.45","9,078 mi",18,$0.1711
ADL,IAH,"6,595","$1,700.08","9,036 mi",18,$0.1881
AKL,ROK,"6,592",$284.98,"1,670 mi",18,$0.1706
BNE,SLC,"6,585","$1,873.97","7,897 mi",18,$0.2373
ADL,WGA,"6,566",$303.27,520 mi,18,$0.5832
PER,PEN,"6,556",$290.22,"2,689 mi",18,$0.1079
ADL,TPE,"6,543",$601.63,"4,170 mi",18,$0.1443
SYD,PNH,"6,515",$484.37,"4,504 mi",18,$0.1075
AKL,HTI,"6,514",$277.86,"1,874 mi",18,$0.1483
SYD,MRU,"6,509",$847.51,"5,801 mi",18,$0.1461
MEL,BLQ,"6,496","$1,558.49","10,306 mi",18,$0.1512
SYD,OGG,"6,484","$1,033.50","4,966 mi",18,$0.2081
BNE,GIS,"6,481",$306.01,"1,679 mi",18,$0.1823
ZQN,MNL,"6,461",$542.18,"4,930 mi",18,$0.1100
CHC,CBR,"6,446",$299.74,"1,321 mi",18,$0.2269
ZNE,SIN,"6,445",$420.77,"2,075 mi",18,$0.2028
BNE,CFS,"6,438",$200.87,197 mi,18,$1.0196
MEL,PBO,"6,387",$588.63,"1,832 mi",17,$0.3213
MEL,KTI,"6,382",$490.57,"4,132 mi",17,$0.1187
MEL,ROT,"6,377",$318.05,"1,759 mi",17,$0.1808
ADL,VLI,"6,359",$243.00,"2,117 mi",17,$0.1148
SYD,VII,"6,358",$388.15,"4,572 mi",17,$0.0849
SYD,GIG,"6,354","$1,495.31","8,150 mi",17,$0.1835
SYD,CLT,"6,336","$2,001.26","9,790 mi",17,$0.2044
BNE,GVA,"6,336","$1,731.52","9,913 mi",17,$0.1747
MEL,YUL,"6,318","$1,807.44","10,704 mi",17,$0.1689
PBO,SIN,"6,311",$452.39,"1,989 mi",17,$0.2274
AKL,SJW,"6,306",$292.43,"6,651 mi",17,$0.0440
CHC,DUB,"6,294","$1,108.61","12,100 mi",17,$0.0916
PER,CAI,"6,286",$981.59,"7,209 mi",17,$0.1362
CHC,MUC,"6,275",$987.83,"11,799 mi",17,$0.0837
PER,OAG,"6,234",$584.11,"1,981 mi",17,$0.2949
PPP,DPS,"6,228",$347.93,"2,439 mi",17,$0.1427
MEL,CEB,"6,208",$328.02,"3,472 mi",17,$0.0945
SYD,GIS,"6,203",$336.94,"1,568 mi",17,$0.2149
BNE,ZBL,"6,193",$153.14,255 mi,17,$0.6005
ADL,KTA,"6,192",$648.51,"1,696 mi",17,$0.3824
MEL,ESB,"6,192",$476.25,"8,595 mi",17,$0.0554
ADL,CPD,"6,190",$273.70,479 mi,17,$0.5714
BNE,ROT,"6,187",$353.21,"1,486 mi",17,$0.2377
AKL,YYC,"6,153",$934.48,"7,677 mi",17,$0.1217
PER,WUN,"6,139",$148.70,434 mi,17,$0.3426
BNE,FOC,"6,123",$393.89,"4,432 mi",17,$0.0889
ADL,GLT,"6,117",$452.76,"1,047 mi",17,$0.4324
WLG,HND,"6,093",$519.80,"5,929 mi",17,$0.0877
ADL,HVB,"6,091",$333.39,"1,115 mi",17,$0.2990
PER,FUK,"6,088",$657.98,"4,763 mi",17,$0.1381
ADL,AYQ,"6,078",$322.99,835 mi,17,$0.3868
BNE,HAM,"6,073","$1,231.47","9,539 mi",17,$0.1291
WLG,BKK,"6,063",$797.38,"5,862 mi",17,$0.1360
PER,UPG,"6,055",$251.29,"1,927 mi",17,$0.1304
MEL,ATL,"6,040","$1,749.17","9,397 mi",17,$0.1861
AKL,MSP,"6,031","$1,288.68","7,800 mi",17,$0.1652
CHC,HNL,"6,031",$611.88,"4,709 mi",17,$0.1299
WLG,COK,"6,011",$702.83,"6,901 mi",16,$0.1018
CHC,CAN,"6,004",$519.43,"5,772 mi",16,$0.0900
AKL,CKG,"6,001",$359.73,"6,569 mi",16,$0.0548
MEL,NLK,"5,998",$276.00,"1,499 mi",16,$0.1841
PER,KCH,"5,986",$293.84,"2,268 mi",16,$0.1296
PER,HVB,"5,980",$409.90,"2,341 mi",16,$0.1751
ADL,HAM,"5,963","$1,098.18","9,951 mi",16,$0.1104
BNE,GRU,"5,962","$1,395.59","8,429 mi",16,$0.1656
PER,BDB,"5,957",$460.77,"2,319 mi",16,$0.1987
NTL,SIN,"5,951",$608.93,"3,790 mi",16,$0.1607
MEL,SUV,"5,937",$491.00,"2,372 mi",16,$0.2070
SYD,BWI,"5,916","$1,461.33","9,493 mi",16,$0.1539
BNE,DPO,"5,914",$294.13,994 mi,16,$0.2959
BNE,DAC,"5,896",$562.96,"5,640 mi",16,$0.0998
PER,IKA,"5,865",$876.66,"6,455 mi",16,$0.1358
CHC,KKE,"5,840",$228.44,556 mi,16,$0.4109
ADL,CAI,"5,817",$675.05,"8,026 mi",16,$0.0841
BNE,WTB,"5,802",$115.97,80 mi,16,$1.4496
CNS,PVG,"5,801",$439.56,"3,569 mi",16,$0.1232
SYD,CNX,"5,799",$438.41,"5,156 mi",16,$0.0850
AKL,DAC,"5,798",$661.46,"6,695 mi",16,$0.0988
PER,WGA,"5,791",$519.21,"1,875 mi",16,$0.2769
CHC,COK,"5,779",$678.14,"7,215 mi",16,$0.0940
CBR,CGK,"5,778","$1,169.91","3,468 mi",16,$0.3373
PER,HAM,"5,768","$1,099.83","8,851 mi",16,$0.1243
WLG,BOM,"5,758",$691.83,"7,919 mi",16,$0.0874
PER,SCL,"5,756","$2,020.04","7,664 mi",16,$0.2636
CHC,DRW,"5,756",$393.79,"3,174 mi",16,$0.1241
DRW,CGK,"5,736",$446.98,"1,656 mi",16,$0.2699
PER,PRG,"5,723","$1,013.52","8,617 mi",16,$0.1176
ADL,ISB,"5,720",$498.57,"6,168 mi",16,$0.0808
MEL,RUH,"5,703","$1,798.89","7,444 mi",16,$0.2417
PER,ISA,"5,692",$707.94,"1,598 mi",16,$0.4430
PER,MQL,"5,686",$475.02,"1,471 mi",16,$0.3229
PER,NKG,"5,678",$361.75,"4,536 mi",16,$0.0798
PER,USM,"5,665",$431.89,"2,961 mi",16,$0.1459
SYD,VTE,"5,663",$572.29,"4,950 mi",16,$0.1156
ADL,DAC,"5,662",$614.13,"4,987 mi",16,$0.1231
BNE,SON,"5,652",$261.01,"1,184 mi",15,$0.2204
AKL,IAD,"5,639","$1,881.50","8,866 mi",15,$0.2122
AKL,BUD,"5,628",$983.70,"10,671 mi",15,$0.0922
PER,DUS,"5,610","$1,254.10","8,964 mi",15,$0.1399
PER,BNK,"5,601",$361.84,"2,173 mi",15,$0.1665
CHC,JFK,"5,598","$1,102.68","9,395 mi",15,$0.1174
MEL,ADD,"5,592",$665.75,"7,248 mi",15,$0.0919
BNE,IVC,"5,589",$379.43,"1,507 mi",15,$0.2518
AKL,ITM,"5,574",$821.00,"5,400 mi",15,$0.1520
MEL,NOU,"5,572",$321.51,"1,619 mi",15,$0.1986
AKL,TYN,"5,570",$336.59,"6,315 mi",15,$0.0533
PER,DPO,"5,557",$431.18,"1,742 mi",15,$0.2475
BNE,HGH,"5,554",$459.59,"4,664 mi",15,$0.0985
MEL,OKA,"5,548",$428.74,"4,415 mi",15,$0.0971
BNE,CEB,"5,524",$386.28,"3,352 mi",15,$0.1152
BNE,CNJ,"5,517",$346.00,892 mi,15,$0.3879
BNE,IKA,"5,517",$991.68,"7,681 mi",15,$0.1291
AKL,DUR,"5,504",$723.63,"7,049 mi",15,$0.1027
ZQN,TPE,"5,503",$813.46,"5,521 mi",15,$0.1473
ZQN,PVG,"5,496",$609.92,"6,212 mi",15,$0.0982
MEL,PDX,"5,495","$1,567.79","8,359 mi",15,$0.1876
OOL,HNL,"5,491",$568.50,"4,852 mi",15,$0.1172
LST,NRT,"5,490",$547.20,"5,198 mi",15,$0.1053
SYD,GOV,"5,482",$778.95,"1,801 mi",15,$0.4325
SYD,HPH,"5,469",$333.15,"4,924 mi",15,$0.0677
SYD,CTU,"5,461",$343.63,"5,580 mi",15,$0.0616
AKL,DUS,"5,460","$1,169.08","10,949 mi",15,$0.1068
AVV,HND,"5,458",$523.53,"5,246 mi",15,$0.0998
MEL,SDK,"5,453",$260.97,"3,573 mi",15,$0.0730
CNS,ZRH,"5,452",$989.76,"9,502 mi",15,$0.1042
PER,KHI,"5,431",$557.32,"5,230 mi",15,$0.1066
BNE,IAD,"5,415","$2,207.77","9,727 mi",15,$0.2270
CHC,CGK,"5,405",$744.31,"4,867 mi",15,$0.1529
SYD,KNO,"5,403",$383.00,"4,406 mi",15,$0.0869
CHC,JNB,"5,394",$889.20,"7,333 mi",15,$0.1213
PER,ABX,"5,378",$545.05,"1,844 mi",15,$0.2956
PER,CFS,"5,378",$480.99,"2,123 mi",15,$0.2266
ZQN,HND,"5,374",$620.01,"6,030 mi",15,$0.1028
PER,NPL,"5,370",$621.56,"3,354 mi",15,$0.1853
PER,ACC,"5,369","$2,726.79","7,712 mi",15,$0.3536
PER,TFU,"5,355",$350.15,"4,498 mi",15,$0.0778
ADL,CFS,"5,350",$344.05,879 mi,15,$0.3914
ADL,PHE,"5,315",$546.30,"1,527 mi",15,$0.3578
CBR,MNL,"5,309",$810.54,"4,022 mi",15,$0.2015
BNE,UBN,"5,303","$1,180.08","6,105 mi",15,$0.1933
PER,SHA,"5,302",$444.04,"4,245 mi",15,$0.1046
MEL,EBL,"5,299",$617.20,"7,962 mi",15,$0.0775
SYD,CAZ,"5,293",$249.23,343 mi,15,$0.7266
PER,MDC,"5,293",$306.12,"2,459 mi",15,$0.1245
AKL,CTS,"5,289",$873.11,"6,069 mi",14,$0.1439
AKL,AIT,"5,288",$436.69,"1,926 mi",14,$0.2267
SYD,YOW,"5,282","$2,038.78","10,159 mi",14,$0.2007
ADL,BME,"5,277",$484.89,"1,589 mi",14,$0.3052
SYD,LEA,"5,276",$628.52,"2,314 mi",14,$0.2716
SYD,PNQ,"5,254",$699.07,"6,049 mi",14,$0.1156
BNE,WUH,"5,224",$372.67,"4,625 mi",14,$0.0806
BNE,NCE,"5,222","$1,834.38","9,929 mi",14,$0.1847
PER,DMK,"5,193",$205.90,"3,227 mi",14,$0.0638
SYD,IND,"5,184","$1,745.18","9,008 mi",14,$0.1937
AKL,PDX,"5,176",$947.64,"7,113 mi",14,$0.1332
PER,GRU,"5,172","$1,445.55","8,691 mi",14,$0.1663
WLG,DXB,"5,152","$1,188.73","9,108 mi",14,$0.1305
MEL,KWE,"5,137",$265.25,"5,228 mi",14,$0.0507
MEL,TBU,"5,133",$392.56,"2,714 mi",14,$0.1446
PER,YYC,"5,122","$1,491.26","9,313 mi",14,$0.1601
MEL,NCL,"5,120","$1,319.97","10,157 mi",14,$0.1300
ADL,ARN,"5,114","$1,316.21","9,595 mi",14,$0.1372
SYD,OTP,"5,101","$1,237.74","9,750 mi",14,$0.1269
AKL,GLA,"5,097","$1,681.64","11,467 mi",14,$0.1467
ADL,YYC,"5,088","$1,055.02","8,503 mi",14,$0.1241
PER,NSN,"5,082",$624.04,"3,087 mi",14,$0.2022
AKL,ARN,"5,082","$1,092.20","10,249 mi",14,$0.1066
SYD,CTA,"5,070","$1,371.08","9,684 mi",14,$0.1416
BNE,BOG,"5,068",$793.10,"9,227 mi",14,$0.0860
TSV,BKK,"5,050",$609.37,"3,754 mi",14,$0.1623
CHC,CPH,"5,048",$923.47,"10,877 mi",14,$0.0849
BNE,TFU,"5,046",$436.53,"5,273 mi",14,$0.0828
ADL,DUS,"5,044",$966.61,"9,519 mi",14,$0.1015
SYD,BCD,"5,043",$218.24,"3,709 mi",14,$0.0588
CBR,POM,"5,010",$810.87,"1,845 mi",14,$0.4395
BNE,BEG,"5,009",$822.01,"9,301 mi",14,$0.0884
CHC,YVR,"5,008",$944.02,"7,712 mi",14,$0.1224
MEL,AMM,"5,006",$935.74,"8,725 mi",14,$0.1072
AKL,YUL,"4,996","$1,167.16","9,205 mi",14,$0.1268
SYD,LYS,"4,993","$1,402.29","10,167 mi",14,$0.1379
DRW,BKK,"4,993",$357.34,"2,658 mi",14,$0.1344
PER,EMD,"4,985",$578.61,"2,105 mi",14,$0.2749
SYD,MSY,"4,983","$1,505.52","8,613 mi",14,$0.1748
SYD,MOV,"4,982",$418.97,868 mi,14,$0.4827
PER,PQQ,"4,973",$463.89,"2,224 mi",14,$0.2086
PER,ZAG,"4,973",$812.02,"8,449 mi",14,$0.0961
BNE,NCL,"4,965","$1,193.32","9,843 mi",14,$0.1212
ADL,TFU,"4,953",$396.57,"4,874 mi",14,$0.0814
MEL,YIA,"4,949",$385.58,"2,900 mi",14,$0.1330
SYD,SUB,"4,939",$452.93,"2,964 mi",14,$0.1528
DUD,SIN,"4,934",$807.46,"5,008 mi",14,$0.1612
WLG,JNB,"4,923",$836.83,"7,088 mi",13,$0.1181
NPE,NAN,"4,907",$282.25,"1,455 mi",13,$0.1940
MEL,DTW,"4,905","$1,427.23","9,601 mi",13,$0.1487
MEL,SPU,"4,898",$947.45,"9,458 mi",13,$0.1002
MEL,GIS,"4,890",$382.37,"1,845 mi",13,$0.2072
MEL,BOG,"4,886",$965.42,"8,816 mi",13,$0.1095
AKL,TIU,"4,884",$223.52,553 mi,13,$0.4042
LST,LAX,"4,876","$1,075.02","8,162 mi",13,$0.1317
AKL,TLV,"4,874","$1,307.52","9,841 mi",13,$0.1329
SYD,ILO,"4,859",$215.15,"3,721 mi",13,$0.0578
MEL,BNA,"4,848","$1,873.62","9,335 mi",13,$0.2007
ZQN,SFO,"4,844","$1,416.38","6,922 mi",13,$0.2046
OOL,NAN,"4,841",$340.49,"1,630 mi",13,$0.2089
AKL,DME,"4,841","$1,151.79","10,371 mi",13,$0.1111
MEL,MEX,"4,837","$1,538.03","8,184 mi",13,$0.1879
PER,VLI,"4,833",$406.97,"3,291 mi",13,$0.1237
ADL,BOS,"4,825","$2,215.03","11,095 mi",13,$0.1996
MEL,LIM,"4,819","$1,369.03","8,301 mi",13,$0.1649
SYD,BLQ,"4,816","$1,631.72","9,888 mi",13,$0.1650
WLG,CMB,"4,802",$595.78,"6,596 mi",13,$0.0903
BNE,DAD,"4,796",$473.23,"4,376 mi",13,$0.1081
MEL,SAN,"4,793","$1,737.32","8,184 mi",13,$0.2123
MEL,SJJ,"4,787",$671.35,"9,944 mi",13,$0.0675
MEL,PHX,"4,782","$1,897.03","7,984 mi",13,$0.2376
AKL,BNK,"4,777",$254.13,"1,392 mi",13,$0.1826
PER,JED,"4,770",$905.91,"6,467 mi",13,$0.1401
AKL,DTW,"4,767","$1,246.66","8,662 mi",13,$0.1439
OOL,JNB,"4,762","$1,011.91","6,998 mi",13,$0.1446
CHC,CMB,"4,759",$592.00,"6,490 mi",13,$0.0912
AKL,WAW,"4,758","$1,144.01","10,468 mi",13,$0.1093
PER,NCE,"4,756","$1,496.44","8,840 mi",13,$0.1693
PER,SKP,"4,756",$439.05,"8,090 mi",13,$0.0543
BNE,DUS,"4,752","$1,347.29","10,333 mi",13,$0.1304
PER,GVA,"4,749","$1,431.04","8,934 mi",13,$0.1602
MEL,CTU,"4,747",$331.10,"5,242 mi",13,$0.0632
BNE,ATQ,"4,746",$442.15,"6,767 mi",13,$0.0653
SYD,HIJ,"4,730",$617.97,"4,724 mi",13,$0.1308
PER,DBO,"4,714",$597.73,"1,959 mi",13,$0.3051
SYD,STN,"4,712","$1,572.50","10,220 mi",13,$0.1539
PER,DEN,"4,707","$3,044.78","10,422 mi",13,$0.2921
PER,MKR,"4,705",$146.61,388 mi,13,$0.3779
MEL,DCA,"4,702","$1,777.50","9,878 mi",13,$0.1799
NSN,SIN,"4,702",$710.17,"5,059 mi",13,$0.1404
MEL,CMN,"4,700","$1,379.87","11,190 mi",13,$0.1233
OOL,LHR,"4,699","$1,068.06","10,647 mi",13,$0.1003
BNE,PUS,"4,688",$573.61,"4,739 mi",13,$0.1210
AYQ,DPS,"4,680",$395.37,"1,586 mi",13,$0.2493
HBA,NRT,"4,649",$684.47,"5,286 mi",13,$0.1295
AKL,FUK,"4,636",$657.55,"5,821 mi",13,$0.1130
PER,BEG,"4,635",$761.89,"8,227 mi",13,$0.0926
SYD,DBV,"4,633","$1,255.74","10,143 mi",13,$0.1238
AKL,LIS,"4,631","$1,569.61","11,824 mi",13,$0.1327
MEL,EZE,"4,627","$1,333.46","7,424 mi",13,$0.1796
ADL,DFW,"4,624","$1,627.36","9,568 mi",13,$0.1701
WLG,HNL,"4,614",$631.91,"4,528 mi",13,$0.1396
PER,NPE,"4,604",$586.17,"3,494 mi",13,$0.1678
MEL,MPH,"4,600",$304.21,"3,622 mi",13,$0.0840
AKL,AEP,"4,592","$1,141.14","6,619 mi",13,$0.1724
ADL,DPO,"4,583",$282.88,589 mi,13,$0.4803
PER,SEA,"4,580","$1,269.38","8,964 mi",13,$0.1416
SYD,CMN,"4,567","$1,398.44","10,880 mi",13,$0.1285
CNS,CDG,"4,564",$870.85,"9,692 mi",13,$0.0899
SYD,DVO,"4,556",$257.36,"3,194 mi",12,$0.0806
ADL,OAG,"4,552",$324.59,633 mi,12,$0.5128
SYD,OPO,"4,547","$1,165.86","11,565 mi",12,$0.1008
AKL,DPO,"4,543",$295.92,"1,587 mi",12,$0.1865
SYD,CGY,"4,538",$266.59,"3,525 mi",12,$0.0756
PER,DFW,"4,537","$1,884.25","10,202 mi",12,$0.1847
MEL,HPH,"4,529",$235.35,"4,882 mi",12,$0.0482
AKL,NCE,"4,502","$1,687.05","11,987 mi",12,$0.1407
SYD,GOT,"4,501",$940.41,"10,228 mi",12,$0.0919
CBR,NRT,"4,493",$816.86,"4,795 mi",12,$0.1704
MEL,VTE,"4,493",$605.84,"4,583 mi",12,$0.1322
KTA,SIN,"4,488",$765.88,"1,806 mi",12,$0.4241
MEL,LEA,"4,483",$511.80,"2,050 mi",12,$0.2497
HBA,NAN,"4,483",$234.97,"2,389 mi",12,$0.0984
BNE,DUR,"4,482",$856.61,"7,150 mi",12,$0.1198
MEL,PPT,"4,472",$666.53,"4,036 mi",12,$0.1651
BNE,DLC,"4,462",$515.41,"4,866 mi",12,$0.1059
SYD,KTI,"4,448",$457.21,"4,491 mi",12,$0.1018
WLG,PEK,"4,442",$763.62,"6,906 mi",12,$0.1106
ADL,NBO,"4,441",$883.88,"7,026 mi",12,$0.1258
WLG,SFO,"4,434","$1,072.14","6,941 mi",12,$0.1545
MEL,SLC,"4,433","$1,421.87","8,203 mi",12,$0.1733
SYD,MCT,"4,428","$1,232.88","7,049 mi",12,$0.1749
CHC,TUO,"4,427",$219.70,388 mi,12,$0.5662
MEL,GRU,"4,426","$1,724.69","8,396 mi",12,$0.2054
AKL,HKK,"4,419",$207.19,430 mi,12,$0.4818
PER,APW,"4,418",$589.52,"4,813 mi",12,$0.1225
BNE,PPT,"4,406",$654.24,"3,578 mi",12,$0.1829
PER,LAS,"4,404","$1,601.66","9,814 mi",12,$0.1632
MEL,NGO,"4,404",$659.86,"5,189 mi",12,$0.1272
MCY,LAX,"4,396","$1,022.58","6,925 mi",12,$0.1477
ADL,DBO,"4,373",$359.38,626 mi,12,$0.5741
MEL,YEG,"4,373",$805.46,"8,952 mi",12,$0.0900
SYD,AGP,"4,360","$1,177.17","10,724 mi",12,$0.1098
SYD,KKE,"4,354",$334.27,"1,254 mi",12,$0.2666
AKL,PUS,"4,354",$614.89,"5,616 mi",12,$0.1095
MEL,MCT,"4,345","$1,051.81","6,809 mi",12,$0.1545
ASP,SIN,"4,339",$381.45,"2,576 mi",12,$0.1481
NTL,LAX,"4,338","$1,258.39","7,645 mi",12,$0.1646
AKL,ABX,"4,330",$331.20,"1,587 mi",12,$0.2087
MEL,AEP,"4,328","$1,361.01","7,010 mi",12,$0.1942
AKL,GVA,"4,324","$1,857.06","11,920 mi",12,$0.1558
PER,BQB,"4,323",$113.99,121 mi,12,$0.9421
CHC,HND,"4,323",$529.17,"6,011 mi",12,$0.0880
WLG,PVG,"4,321",$672.97,"5,858 mi",12,$0.1149
MEL,HIR,"4,314",$484.71,"2,104 mi",12,$0.2304
SYD,HIR,"4,313",$606.82,"1,731 mi",12,$0.3506
ADL,HEL,"4,313","$1,239.64","9,343 mi",12,$0.1327
BNE,ATL,"4,299","$1,346.36","9,298 mi",12,$0.1448
CHC,LST,"4,297",$244.85,"1,252 mi",12,$0.1956
SYD,ESB,"4,294",$688.49,"8,797 mi",12,$0.0783
PER,ISB,"4,292",$676.22,"5,165 mi",12,$0.1309
ADL,PQQ,"4,290",$330.89,836 mi,12,$0.3958
MEL,MED,"4,288",$821.32,"7,789 mi",12,$0.1054
SYD,IVC,"4,285",$336.03,"1,281 mi",12,$0.2623
AKL,GRU,"4,279","$1,312.30","7,248 mi",12,$0.1811
WLG,CDG,"4,279","$1,196.51","11,432 mi",12,$0.1047
ZQN,CGK,"4,277",$784.24,"4,707 mi",12,$0.1666
BNE,USM,"4,267",$616.77,"4,501 mi",12,$0.1370
SYD,DLI,"4,265",$339.44,"4,354 mi",12,$0.0780
BNE,CGO,"4,248",$345.37,"5,138 mi",12,$0.0672
SYD,MCI,"4,245","$1,689.20","8,580 mi",12,$0.1969
SYD,FLL,"4,230","$1,759.20","9,069 mi",12,$0.1940
ADL,WAW,"4,230",$782.98,"9,481 mi",12,$0.0826
BNE,BNA,"4,223","$1,121.62","9,194 mi",12,$0.1220
CBR,BKK,"4,219","$1,059.60","4,497 mi",12,$0.2356
BNE,KMG,"4,215",$384.08,"5,078 mi",12,$0.0756
AKL,XMN,"4,198",$399.96,"5,795 mi",12,$0.0690
CNS,AMS,"4,191",$848.83,"9,478 mi",11,$0.0896
MEL,CNX,"4,176",$445.45,"5,055 mi",11,$0.0881
PER,TRG,"4,172",$618.89,"3,482 mi",11,$0.1777
MEL,IXC,"4,172",$385.90,"6,638 mi",11,$0.0581
MEL,SUB,"4,167",$449.56,"2,985 mi",11,$0.1506
PER,WAW,"4,140",$852.79,"7,881 mi",11,$0.1082
AKL,HEL,"4,137","$1,150.51","10,043 mi",11,$0.1146
TSV,MNL,"4,122",$551.08,"2,829 mi",11,$0.1948
SYD,KEF,"4,113","$1,421.89","10,654 mi",11,$0.1335
BNE,ZAG,"4,113",$984.68,"9,486 mi",11,$0.1038
AKL,CEB,"4,107",$414.62,"4,777 mi",11,$0.0868
MEL,VII,"4,105",$213.44,"4,515 mi",11,$0.0473
MEL,BGW,"4,101",$666.98,"7,854 mi",11,$0.0849
ADL,TMW,"4,088",$337.04,738 mi,11,$0.4567
NSN,NAN,"4,080",$302.93,"1,695 mi",11,$0.1787
ADL,HYD,"4,080",$497.08,"5,498 mi",11,$0.0904
OOL,SGN,"4,076",$339.80,"4,253 mi",11,$0.0799
SYD,LHW,"4,070",$286.87,"5,578 mi",11,$0.0514
SYD,ANF,"4,065","$1,995.34","7,391 mi",11,$0.2700
CHC,DFW,"4,064",$975.64,"7,521 mi",11,$0.1297
NPL,NAN,"4,062",$282.76,"1,437 mi",11,$0.1968
ADL,EMD,"4,060",$486.04,947 mi,11,$0.5132
BNE,TLV,"4,058","$1,321.39","8,503 mi",11,$0.1554
PER,YUL,"4,057","$3,133.19","11,708 mi",11,$0.2676
AKL,CLT,"4,056","$1,455.25","8,077 mi",11,$0.1802
PER,MJK,"4,055",$265.45,429 mi,11,$0.6188
PER,CCU,"4,055",$597.72,"4,062 mi",11,$0.1471
WLG,JFK,"4,050","$1,324.81","9,227 mi",11,$0.1436
SYD,KHH,"4,049",$413.27,"4,532 mi",11,$0.0912
PER,DUD,"4,044",$560.74,"3,097 mi",11,$0.1811
PER,CEB,"4,042",$417.20,"2,878 mi",11,$0.1450
SYD,LGA,"4,038","$1,988.64","9,648 mi",11,$0.2061
SYD,IXC,"4,037",$427.82,"6,388 mi",11,$0.0670
MEL,WTB,"4,032",$224.40,783 mi,11,$0.2866
AKL,PHL,"4,029","$1,599.78","8,480 mi",11,$0.1887
AKL,SAN,"4,025","$1,320.67","6,707 mi",11,$0.1969
AKL,MQL,"4,021",$313.32,"1,893 mi",11,$0.1655
PMR,SIN,"4,016",$843.64,"5,480 mi",11,$0.1539
AVV,JNB,"4,012",$730.71,"6,189 mi",11,$0.1181
ADL,DEN,"4,010","$1,853.89","9,294 mi",11,$0.1995
ADL,ABX,"4,007",$348.55,494 mi,11,$0.7056
AKL,YEG,"3,996",$908.15,"7,786 mi",11,$0.1166
MEL,KKE,"3,988",$321.33,"1,568 mi",11,$0.2049
TSV,LAX,"3,980",$989.69,"7,435 mi",11,$0.1331
BNE,OKA,"3,978",$764.92,"3,949 mi",11,$0.1937
MKY,MNL,"3,978",$487.02,"3,024 mi",11,$0.1611
AKL,TPA,"3,977","$1,749.41","8,249 mi",11,$0.2121
PER,SPU,"3,975",$981.65,"8,389 mi",11,$0.1170
BNE,YEG,"3,972","$1,116.72","7,609 mi",11,$0.1468
BNE,CTU,"3,971",$352.69,"5,308 mi",11,$0.0664
SYD,MRS,"3,969",$863.22,"10,818 mi",11,$0.0798
WLG,YVR,"3,953","$1,009.16","7,079 mi",11,$0.1426
AKL,GLT,"3,952",$306.32,"1,714 mi",11,$0.1787
SYD,DIL,"3,951",$675.61,"2,467 mi",11,$0.2739
DRW,HNL,"3,951","$1,381.99","5,521 mi",11,$0.2503
OOL,MNL,"3,951",$562.80,"3,772 mi",11,$0.1492
BNE,NGO,"3,950",$597.34,"4,297 mi",11,$0.1390
PER,AVV,"3,948",$150.58,"1,610 mi",11,$0.0935
MEL,LYS,"3,947","$1,489.81","10,621 mi",11,$0.1403
SYD,SJJ,"3,941",$535.96,"10,142 mi",11,$0.0528
PER,DIL,"3,937",$617.22,"1,781 mi",11,$0.3466
MEL,DBV,"3,918","$1,334.73","9,929 mi",11,$0.1344
BNE,SHE,"3,905",$386.61,"5,285 mi",11,$0.0732
MEL,GOV,"3,901",$800.40,"1,769 mi",11,$0.4525
HBA,CGK,"3,898",$516.08,"3,444 mi",11,$0.1498
DRW,HND,"3,894","$1,103.49","3,264 mi",11,$0.3381
SYD,SKG,"3,887",$829.07,"9,304 mi",11,$0.0891
BNE,PHX,"3,883","$1,635.09","7,717 mi",11,$0.2119
NPE,SIN,"3,881",$711.11,"5,533 mi",11,$0.1285
AKL,CCU,"3,879",$882.21,"6,745 mi",11,$0.1308
ZQN,BKK,"3,865",$754.72,"5,686 mi",11,$0.1327
AKL,TSN,"3,851",$454.71,"6,594 mi",11,$0.0690
SYD,BHD,"3,850","$1,073.42","10,948 mi",11,$0.0980
PMR,LAX,"3,840",$906.64,"6,829 mi",11,$0.1328
PER,TAO,"3,834",$657.78,"4,585 mi",11,$0.1435
BNE,WAW,"3,808",$955.57,"9,166 mi",10,$0.1043
SYD,MYJ,"3,799",$583.70,"4,688 mi",10,$0.1245
MEL,OHD,"3,789",$606.63,"9,210 mi",10,$0.0659
PER,EWR,"3,788","$2,281.22","11,958 mi",10,$0.1908
SYD,YIA,"3,783",$439.50,"3,076 mi",10,$0.1429
SYD,URC,"3,766",$373.33,"6,905 mi",10,$0.0541
MEL,TIA,"3,765",$753.09,"9,264 mi",10,$0.0813
AKL,CFS,"3,762",$331.74,"1,286 mi",10,$0.2580
BNE,LEA,"3,759",$689.69,"2,389 mi",10,$0.2887
BNE,PEN,"3,747",$600.94,"4,310 mi",10,$0.1394
CHC,FCO,"3,743","$1,184.81","11,087 mi",10,$0.1069
MEL,MSP,"3,742","$1,263.84","9,162 mi",10,$0.1379
HBA,MNL,"3,740",$552.67,"4,174 mi",10,$0.1324
AKL,PNH,"3,740",$720.11,"5,800 mi",10,$0.1242
PER,TLL,"3,736",$651.72,"7,884 mi",10,$0.0827
BNE,GFF,"3,724",$277.88,651 mi,10,$0.4269
BNE,LAE,"3,722",$466.03,"1,543 mi",10,$0.3020
CHC,DEN,"3,716","$1,141.23","7,492 mi",10,$0.1523
SYD,KCH,"3,714",$382.21,"3,498 mi",10,$0.1093
MEL,MRZ,"3,700",$268.09,615 mi,10,$0.4359
SYD,STL,"3,698","$1,748.20","9,332 mi",10,$0.1873
MEL,AUS,"3,696","$2,068.94","8,615 mi",10,$0.2402
ADL,POM,"3,692",$498.91,"1,900 mi",10,$0.2626
SYD,ORK,"3,689",$968.97,"11,164 mi",10,$0.0868
DRW,NAN,"3,685",$426.23,"3,027 mi",10,$0.1408
AKL,VCE,"3,661","$1,368.39","11,014 mi",10,$0.1242
BNE,PLO,"3,654",$373.27,"1,168 mi",10,$0.3196
CHC,PEK,"3,652",$519.68,"6,945 mi",10,$0.0748
CBR,HNL,"3,651","$1,228.17","5,381 mi",10,$0.2282
SYD,WYA,"3,650",$334.08,765 mi,10,$0.4367
SYD,PIT,"3,650","$2,030.14","9,324 mi",10,$0.2177
CHC,HTI,"3,646",$296.93,"2,161 mi",10,$0.1374
PER,LUN,"3,638",$948.67,"5,354 mi",10,$0.1772
MKY,SIN,"3,638",$499.75,"3,528 mi",10,$0.1417
AKL,STN,"3,637","$1,613.52","11,716 mi",10,$0.1377
MEL,HRE,"3,625",$898.62,"6,475 mi",10,$0.1388
CHC,HAM,"3,621",$934.15,"11,038 mi",10,$0.0846
PMR,NAN,"3,618",$317.48,"1,516 mi",10,$0.2094
BNE,CSX,"3,613",$424.68,"4,522 mi",10,$0.0939
PMR,NRT,"3,612",$852.86,"5,884 mi",10,$0.1449
ZQN,JFK,"3,611","$1,840.55","9,053 mi",10,$0.2033
NTL,BKK,"3,605",$377.94,"4,794 mi",10,$0.0788
MEL,OPO,"3,596","$1,329.80","10,678 mi",10,$0.1245
PER,BLQ,"3,592","$1,177.65","8,654 mi",10,$0.1361
MEL,OTP,"3,591","$1,077.12","9,567 mi",10,$0.1126
NPE,DPS,"3,583",$593.66,"4,203 mi",10,$0.1412
OOL,BKK,"3,580",$494.17,"4,423 mi",10,$0.1117
BNE,BKI,"3,575",$527.93,"3,481 mi",10,$0.1517
AKL,AUS,"3,570","$1,639.53","7,532 mi",10,$0.2177
HBA,HKT,"3,560",$422.18,"4,822 mi",10,$0.0876
SYD,KBL,"3,545",$817.46,"7,315 mi",10,$0.1118
NSN,NRT,"3,541",$818.99,"5,545 mi",10,$0.1477
SYD,PDG,"3,535",$386.61,"3,875 mi",10,$0.0998
DUD,LAX,"3,534",$980.95,"7,297 mi",10,$0.1344
ADL,ORD,"3,526","$2,036.12","9,612 mi",10,$0.2118
SYD,SYX,"3,524",$451.26,"4,673 mi",10,$0.0966
SYD,PPS,"3,523",$233.35,"3,581 mi",10,$0.0652
TSV,NRT,"3,521",$992.16,"3,939 mi",10,$0.2519
HBA,BKK,"3,519",$523.21,"5,046 mi",10,$0.1037
BNE,SAN,"3,518","$1,334.41","7,413 mi",10,$0.1800
CNS,HKT,"3,516",$444.36,"3,562 mi",10,$0.1248
PER,PQC,"3,514",$253.85,"3,105 mi",10,$0.0818
ADL,SCL,"3,506","$1,360.34","7,128 mi",10,$0.1908
SYD,NAP,"3,505","$1,345.41","10,348 mi",10,$0.1300
AKL,BWI,"3,504","$1,145.84","8,913 mi",10,$0.1286
CHC,MXP,"3,502","$1,256.85","11,278 mi",10,$0.1114
SYD,DUR,"3,500",$994.77,"6,753 mi",10,$0.1473
SYD,YLW,"3,496","$1,294.16","7,706 mi",10,$0.1679
AKL,SVO,"3,491",$604.82,"10,380 mi",10,$0.0583
PER,PMR,"3,486",$535.60,"3,217 mi",10,$0.1665
PER,HGH,"3,474",$294.70,"4,176 mi",10,$0.0706
CNS,LGW,"3,468",$896.45,"9,703 mi",10,$0.0924
PER,CTA,"3,464","$1,120.18","8,304 mi",9,$0.1349
SYD,SWA,"3,463",$304.80,"4,426 mi",9,$0.0689
CHC,NTL,"3,457",$338.75,"1,300 mi",9,$0.2606
SYD,TRZ,"3,436",$457.13,"5,487 mi",9,$0.0833
AKL,DCA,"3,425","$1,503.41","8,367 mi",9,$0.1797
AKL,LYS,"3,411",$937.64,"11,982 mi",9,$0.0783
MEL,TPA,"3,403","$1,859.12","9,347 mi",9,$0.1989
SYD,NGS,"3,399",$755.20,"4,967 mi",9,$0.1520
SYD,OIT,"3,398",$529.16,"4,971 mi",9,$0.1064
BNE,PDX,"3,390","$1,117.57","7,506 mi",9,$0.1489
TRG,SIN,"3,388",$759.63,"5,469 mi",9,$0.1389
MEL,UBN,"3,388",$743.94,"6,153 mi",9,$0.1209
SYD,YNT,"3,384",$423.17,"5,473 mi",9,$0.0773
SYD,KOA,"3,375",$801.98,"4,927 mi",9,$0.1628
SYD,SOF,"3,369",$770.99,"9,300 mi",9,$0.0829
PER,MYY,"3,367",$292.68,"2,434 mi",9,$0.1202
AKL,BNA,"3,366","$1,544.45","8,310 mi",9,$0.1859
PER,ORD,"3,366","$2,026.86","11,283 mi",9,$0.1796
MEL,ADB,"3,352",$438.16,"8,837 mi",9,$0.0496
SYD,PMC,"3,349","$1,189.40","6,322 mi",9,$0.1881
MEL,URC,"3,348",$384.65,"6,880 mi",9,$0.0559
MEL,SAW,"3,347",$700.36,"8,789 mi",9,$0.0797
WLG,ICN,"3,345",$751.74,"6,428 mi",9,$0.1169
NPE,NRT,"3,339",$861.94,"5,864 mi",9,$0.1470
MEL,TRZ,"3,329",$302.57,"5,582 mi",9,$0.0542
CNS,MAN,"3,324",$910.08,"9,667 mi",9,$0.0941
SYD,THD,"3,321",$381.30,"4,640 mi",9,$0.0822
SYD,KGS,"3,319",$876.46,"9,605 mi",9,$0.0913
SYD,KRK,"3,318",$995.70,"10,054 mi",9,$0.0990
WLG,MAN,"3,317","$1,279.32","11,246 mi",9,$0.1138
PER,LYS,"3,314","$1,153.50","8,455 mi",9,$0.1364
CHC,BLR,"3,310",$786.17,"7,294 mi",9,$0.1078
BNE,KKE,"3,306",$332.83,"1,379 mi",9,$0.2414
PER,TMW,"3,305",$455.17,"2,107 mi",9,$0.2160
SYD,DGT,"3,299",$222.46,"3,610 mi",9,$0.0616
SYD,CCP,"3,292",$974.70,"6,984 mi",9,$0.1396
SYD,CUN,"3,291","$1,267.18","9,080 mi",9,$0.1396
MEL,KNO,"3,290",$401.61,"3,975 mi",9,$0.1010
CHC,ROK,"3,285",$303.38,"1,815 mi",9,$0.1672
BNE,EBL,"3,285",$787.10,"8,072 mi",9,$0.0975
NTL,MNL,"3,277",$768.57,"3,734 mi",9,$0.2058
AKL,RDU,"3,277","$1,389.26","8,710 mi",9,$0.1595
AKL,AYQ,"3,274",$350.46,"2,773 mi",9,$0.1264
BNE,WYA,"3,273",$420.95,"1,039 mi",9,$0.4051
PER,BPN,"3,270",$351.57,"2,184 mi",9,$0.1610
LST,LHR,"3,269","$1,059.35","10,447 mi",9,$0.1014
MEL,KEF,"3,259","$1,400.47","10,862 mi",9,$0.1289
MEL,KHH,"3,256",$378.03,"4,591 mi",9,$0.0823
MEL,PHL,"3,247","$2,656.65","9,981 mi",9,$0.2662
AKL,WNZ,"3,247",$419.52,"5,859 mi",9,$0.0716
MEL,LHW,"3,242",$316.36,"5,936 mi",9,$0.0533
HTI,DPS,"3,234",$425.83,"2,463 mi",9,$0.1729
CNS,HNL,"3,226",$620.58,"4,499 mi",9,$0.1379
SYD,KWL,"3,224",$238.12,"5,045 mi",9,$0.0472
CHC,BCN,"3,219","$1,250.46","12,284 mi",9,$0.1018
AKL,GIG,"3,217","$1,231.58","7,389 mi",9,$0.1667
SYD,KOJ,"3,215",$539.82,"4,592 mi",9,$0.1176
NSN,LHR,"3,215","$1,100.54","11,322 mi",9,$0.0972
BNE,RUH,"3,199","$2,264.87","8,179 mi",9,$0.2769
TRG,NAN,"3,199",$301.34,"1,337 mi",9,$0.2254
CBR,CDG,"3,198","$1,877.23","10,190 mi",9,$0.1842
BNE,LHE,"3,186",$711.95,"6,782 mi",9,$0.1050
WLG,CGK,"3,183",$879.31,"4,954 mi",9,$0.1775
AKL,ASP,"3,179",$387.01,"2,655 mi",9,$0.1458
MEL,GFF,"3,166",$299.57,239 mi,9,$1.2534
NSN,DPS,"3,164",$595.92,"4,301 mi",9,$0.1386
BNE,CGQ,"3,164",$408.08,"5,385 mi",9,$0.0758
SYD,KNX,"3,162",$587.07,"1,934 mi",9,$0.3036
SYD,SAT,"3,161","$1,419.87","8,160 mi",9,$0.1740
MEL,UET,"3,161",$797.05,"6,667 mi",9,$0.1196
SYD,KMJ,"3,157",$535.28,"4,655 mi",9,$0.1150
BNE,CKG,"3,155",$378.26,"4,849 mi",9,$0.0780
CHC,TSV,"3,150",$336.35,"2,176 mi",9,$0.1546
MCY,HND,"3,142",$801.03,"4,250 mi",9,$0.1885
MKY,NRT,"3,139",$599.28,"4,095 mi",9,$0.1463
HBA,KTM,"3,139",$472.00,"6,456 mi",9,$0.0731
CHC,KUL,"3,136",$829.06,"5,562 mi",9,$0.1491
MEL,KNX,"3,118",$630.23,"1,751 mi",9,$0.3599
MEL,MOV,"3,115",$515.72,"1,063 mi",9,$0.4852
ADL,CEB,"3,114",$390.67,"3,170 mi",9,$0.1232
CNS,DFW,"3,113","$1,162.62","8,659 mi",9,$0.1343
SYD,SAW,"3,112",$673.74,"8,991 mi",9,$0.0749
AKL,NGB,"3,105",$441.62,"5,938 mi",9,$0.0744
CNS,DEL,"3,102",$527.12,"5,720 mi",8,$0.0922
MEL,KWL,"3,102",$232.55,"4,750 mi",8,$0.0490
BNE,XMN,"3,101",$393.84,"4,150 mi",8,$0.0949
PER,MOV,"3,095",$654.21,"2,144 mi",8,$0.3051
AKL,TMW,"3,092",$288.56,"1,383 mi",8,$0.2086
PER,BOS,"3,090","$2,269.97","11,970 mi",8,$0.1896
AVV,ICN,"3,088",$458.50,"5,182 mi",8,$0.0885
MEL,LGK,"3,086",$399.13,"4,075 mi",8,$0.0979
AKL,CAI,"3,085","$1,278.18","10,598 mi",8,$0.1206
PER,XIY,"3,074",$400.28,"4,473 mi",8,$0.0895
NSN,LAX,"3,072","$1,075.68","6,566 mi",8,$0.1638
SYD,OHD,"3,072",$441.77,"10,004 mi",8,$0.0442
CHC,DUS,"3,065","$1,137.91","11,235 mi",8,$0.1013
PER,SDK,"3,056",$216.50,"2,539 mi",8,$0.0853
BNE,HRB,"3,055",$390.07,"5,159 mi",8,$0.0756
MEL,BWN,"3,053",$380.56,"3,621 mi",8,$0.1051
SYD,CJB,"3,049",$479.33,"5,586 mi",8,$0.0858
MEL,EBB,"3,045",$849.30,"7,210 mi",8,$0.1178
SYD,CLE,"3,044","$1,794.13","9,251 mi",8,$0.1939
BNE,CCU,"3,043",$762.32,"5,694 mi",8,$0.1339
SYD,HID,"3,041",$552.92,"1,760 mi",8,$0.3142
SYD,BSR,"3,038",$670.10,"7,827 mi",8,$0.0856
PER,ARM,"3,029",$494.50,"2,036 mi",8,$0.2429
BNE,HRE,"3,028",$911.31,"7,227 mi",8,$0.1261
AKL,KHN,"3,027",$331.03,"6,116 mi",8,$0.0541
AKL,HVB,"3,026",$267.27,"1,567 mi",8,$0.1706
SYD,HRE,"3,025",$956.58,"6,898 mi",8,$0.1387
MEL,SVO,"3,023",$573.95,"9,232 mi",8,$0.0622
SYD,GOI,"3,020",$686.33,"6,294 mi",8,$0.1090
SYD,PUQ,"3,017","$1,172.65","6,098 mi",8,$0.1923
SYD,ACC,"3,015","$1,019.11","10,046 mi",8,$0.1014
DRW,DEL,"3,012",$437.13,"4,434 mi",8,$0.0986
PER,KBR,"3,008",$322.02,"2,700 mi",8,$0.1193
BNE,OTP,"3,008","$1,072.36","9,587 mi",8,$0.1119
PER,MCO,"3,005","$1,302.68","11,037 mi",8,$0.1180
SYD,ABZ,"3,005",$933.39,"10,092 mi",8,$0.0925
AKL,KWE,"3,004",$364.21,"6,036 mi",8,$0.0603
HBA,HNL,"2,994",$523.78,"5,796 mi",8,$0.0904
BNE,SJJ,"2,993",$749.88,"9,405 mi",8,$0.0797
AKL,NNG,"2,991",$294.92,"5,797 mi",8,$0.0509
AKL,MEX,"2,990","$1,298.95","6,608 mi",8,$0.1966
BNE,DCA,"2,988","$1,687.47","9,751 mi",8,$0.1731
KGI,SIN,"2,982",$409.48,"2,426 mi",8,$0.1688
PER,CNX,"2,978",$322.05,"3,790 mi",8,$0.0850
SYD,TAK,"2,975",$543.30,"4,694 mi",8,$0.1157
AKL,IND,"2,969","$1,857.54","7,953 mi",8,$0.2336
PER,RAR,"2,968",$661.49,"4,979 mi",8,$0.1329
SYD,IQQ,"2,964","$1,126.31","8,026 mi",8,$0.1403
LST,HND,"2,959",$528.59,"5,187 mi",8,$0.1019
MEL,MHD,"2,957",$731.43,"7,233 mi",8,$0.1011
ADL,ZNE,"2,951",$542.86,"1,337 mi",8,$0.4060
MEL,WUX,"2,941",$454.01,"5,183 mi",8,$0.0876
AVV,NRT,"2,939",$143.47,"4,953 mi",8,$0.0290
BNK,SIN,"2,934",$747.16,"3,998 mi",8,$0.1869
BNE,LIM,"2,931","$1,418.46","8,352 mi",8,$0.1698
MEL,DLI,"2,926",$319.73,"4,027 mi",8,$0.0794
MEL,SWA,"2,925",$329.06,"4,461 mi",8,$0.0738
PER,CKY,"2,921","$3,911.80","8,605 mi",8,$0.4546
MEL,MSY,"2,916","$1,392.15","9,553 mi",8,$0.1457
PER,SUB,"2,915",$403.52,"1,760 mi",8,$0.2293
DRW,POM,"2,912",$451.94,"1,093 mi",8,$0.4135
AKL,BDB,"2,910",$313.03,"1,613 mi",8,$0.1941
SYD,LSC,"2,907",$982.54,"7,446 mi",8,$0.1320
MEL,GIG,"2,897","$1,588.06","8,471 mi",8,$0.1875
AKL,WGA,"2,895",$359.72,"1,480 mi",8,$0.2431
TSV,POM,"2,894",$489.90,658 mi,8,$0.7445
WLG,HAN,"2,889",$680.50,"5,986 mi",8,$0.1137
MEL,RDU,"2,887","$2,032.11","10,341 mi",8,$0.1965
SYD,CMH,"2,886","$1,645.92","9,752 mi",8,$0.1688
PER,ORK,"2,884",$722.37,"9,639 mi",8,$0.0749
BNE,CMN,"2,882","$1,505.27","11,554 mi",8,$0.1303
AKL,EMD,"2,881",$355.05,"1,775 mi",8,$0.2000
DUD,LHR,"2,881","$1,130.10","11,508 mi",8,$0.0982
AKL,NCL,"2,879","$1,385.13","11,515 mi",8,$0.1203
SYD,COR,"2,874",$984.90,"7,152 mi",8,$0.1377
WLG,BLR,"2,874",$754.05,"7,397 mi",8,$0.1019
WLG,KUL,"2,864","$1,052.57","5,639 mi",8,$0.1867
AKL,YNT,"2,864",$416.56,"6,010 mi",8,$0.0693
SYD,TLS,"2,863","$1,050.67","10,369 mi",8,$0.1013
CHC,MKY,"2,862",$273.95,"1,983 mi",8,$0.1381
PER,FOC,"2,857",$307.20,"3,886 mi",8,$0.0791
CBR,DCA,"2,852","$4,236.39","9,606 mi",8,$0.4410
SYD,PNK,"2,849",$427.06,"3,677 mi",8,$0.1161
SYD,CJU,"2,847",$384.96,"4,780 mi",8,$0.0805
SYD,MVD,"2,846","$1,198.19","7,590 mi",8,$0.1579
SYD,TAG,"2,840",$214.75,"3,611 mi",8,$0.0595
SYD,HET,"2,835",$408.99,"5,914 mi",8,$0.0692
MEL,LDH,"2,829",$513.87,885 mi,8,$0.5806
BNE,MSP,"2,827","$1,340.25","8,913 mi",8,$0.1504
MEL,SYX,"2,823",$601.37,"4,366 mi",8,$0.1377
SYD,LGK,"2,820",$393.55,"4,492 mi",8,$0.0876
BNE,DTW,"2,817","$1,349.10","8,863 mi",8,$0.1522
BNE,NGB,"2,816",$541.15,"4,606 mi",8,$0.1175
PMR,DPS,"2,812",$601.92,"4,153 mi",8,$0.1449
BNE,TRW,"2,807",$810.02,"2,464 mi",8,$0.3287
MEL,CGY,"2,803",$261.19,"3,354 mi",8,$0.0779
WLG,AMS,"2,798","$1,208.01","11,199 mi",8,$0.1079
ADL,PRG,"2,794","$1,132.60","9,204 mi",8,$0.1231
SYD,YWG,"2,793","$1,216.49","9,151 mi",8,$0.1329
MEL,NAP,"2,792","$1,109.81","9,523 mi",8,$0.1165
DRW,CDG,"2,788","$1,356.75","8,826 mi",8,$0.1537
MEL,IND,"2,782","$1,788.28","10,004 mi",8,$0.1788
CBR,DXB,"2,780","$1,555.59","7,629 mi",8,$0.2039
CHC,IAH,"2,771","$1,269.58","7,476 mi",8,$0.1698
MKY,DPS,"2,768",$316.33,"2,493 mi",8,$0.1269
CFS,DPS,"2,764",$393.12,"2,950 mi",8,$0.1333
MEL,ILO,"2,763",$250.60,"3,750 mi",8,$0.0668
CHC,EDI,"2,760","$1,147.04","11,209 mi",8,$0.1023
AKL,OSL,"2,758","$1,203.67","10,361 mi",8,$0.1162
ADL,BDB,"2,757",$402.73,"1,045 mi",8,$0.3854
AKL,PQQ,"2,752",$294.64,"1,346 mi",8,$0.2189
MEL,YNT,"2,747",$360.31,"5,585 mi",8,$0.0645
GLT,MNL,"2,746",$676.23,"3,445 mi",8,$0.1963
NPE,LAX,"2,745",$849.44,"6,345 mi",8,$0.1339
PER,DBV,"2,743","$1,208.68","7,787 mi",8,$0.1552
PER,BGW,"2,742",$412.92,"6,291 mi",8,$0.0656
MEL,BWI,"2,738","$1,508.05","9,901 mi",8,$0.1523
AKL,DBO,"2,737",$299.52,"1,476 mi",7,$0.2029
PER,JHB,"2,734",$194.90,"2,382 mi",7,$0.0818
ADL,SAI,"2,733",$461.48,"4,145 mi",7,$0.1113
BNE,AUS,"2,732","$1,485.83","7,971 mi",7,$0.1864
MEL,PRN,"2,732",$454.11,"9,788 mi",7,$0.0464
CHC,BRU,"2,723",$973.83,"12,028 mi",7,$0.0810
AKL,BOG,"2,720","$1,077.15","7,799 mi",7,$0.1381
NTL,NRT,"2,719",$684.58,"4,938 mi",7,$0.1386
PER,PLO,"2,715",$378.35,"1,198 mi",7,$0.3158
BNE,TPA,"2,711","$1,399.89","8,790 mi",7,$0.1593
MEL,KRK,"2,710",$982.25,"9,928 mi",7,$0.0989
MEL,SOF,"2,706",$786.52,"9,106 mi",7,$0.0864
SYD,BWT,"2,701",$242.13,588 mi,7,$0.4118
PER,TBU,"2,698",$641.23,"4,124 mi",7,$0.1555
NLK,LAX,"2,697",$729.96,"6,677 mi",7,$0.1093
SYD,POA,"2,694","$1,131.36","7,550 mi",7,$0.1498
MEL,DVO,"2,692",$345.19,"3,433 mi",7,$0.1006
BNE,EBB,"2,691","$1,045.39","7,839 mi",7,$0.1334
AKL,FLL,"2,681","$1,542.04","8,312 mi",7,$0.1855
AVV,LAX,"2,677","$1,433.43","7,717 mi",7,$0.1857
SYD,ONS,"2,668",$595.45,"2,277 mi",7,$0.2615
SYD,TAC,"2,668",$204.76,"3,455 mi",7,$0.0593
SYD,KWI,"2,667",$980.91,"7,773 mi",7,$0.1262
BNE,TYN,"2,667",$437.97,"5,364 mi",7,$0.0816
CHC,ATH,"2,660","$1,406.06","11,081 mi",7,$0.1269
MEL,YOW,"2,655","$1,768.00","9,989 mi",7,$0.1770
BNE,MEX,"2,655","$1,034.15","8,124 mi",7,$0.1273
AKL,HFE,"2,653",$325.00,"5,870 mi",7,$0.0554
ABX,LAX,"2,650","$1,054.39","7,541 mi",7,$0.1398
NSN,HKG,"2,647",$855.79,"5,631 mi",7,$0.1520
BNE,EZE,"2,643","$1,403.26","7,437 mi",7,$0.1887
CHC,YYZ,"2,633",$961.97,"8,679 mi",7,$0.1108
WGA,MNL,"2,631",$524.42,"3,960 mi",7,$0.1324
NPL,SIN,"2,630",$734.41,"5,382 mi",7,$0.1365
AKL,BQB,"2,627",$270.22,"3,201 mi",7,$0.0844
DRW,ICN,"2,624",$450.71,"3,562 mi",7,$0.1265
PER,LNO,"2,621",$143.98,393 mi,7,$0.3664
CHC,ORD,"2,615","$1,372.41","8,267 mi",7,$0.1660
CNS,SFO,"2,614",$915.16,"7,234 mi",7,$0.1265
DUD,NAN,"2,612",$321.93,"1,930 mi",7,$0.1668
CHC,HKT,"2,607",$588.27,"6,004 mi",7,$0.0980
CNS,CPH,"2,605",$753.53,"8,545 mi",7,$0.0882
BNE,BQB,"2,598",$304.24,"2,341 mi",7,$0.1300
SYD,ZCO,"2,584","$1,002.44","6,873 mi",7,$0.1459
PER,BHD,"2,577",$868.86,"9,512 mi",7,$0.0913
BNE,FLL,"2,575","$1,334.28","9,449 mi",7,$0.1412
NPE,HKG,"2,572",$731.55,"6,064 mi",7,$0.1206
SYD,WRE,"2,568",$322.13,"1,357 mi",7,$0.2374
PER,BDJ,"2,564",$225.32,"1,911 mi",7,$0.1179
SYD,TLL,"2,561",$860.38,"9,747 mi",7,$0.0883
AKL,JED,"2,558","$1,058.82","9,304 mi",7,$0.1138
MCY,LHR,"2,556","$1,124.95","10,539 mi",7,$0.1067
PMR,HKG,"2,555",$744.46,"6,042 mi",7,$0.1232
ADL,PBO,"2,547",$538.98,"1,446 mi",7,$0.3727
BNE,TSN,"2,546",$564.91,"4,987 mi",7,$0.1133
MEL,PDG,"2,539",$291.85,"3,912 mi",7,$0.0746
SYD,WEI,"2,537",$498.11,"1,627 mi",7,$0.3062
CBR,DEL,"2,534",$972.90,"6,247 mi",7,$0.1557
SYD,BXU,"2,534",$285.02,"3,307 mi",7,$0.0862
SYD,CJC,"2,533","$1,282.70","7,498 mi",7,$0.1711
MEL,KGC,"2,531",$287.38,440 mi,7,$0.6531
ADL,NLK,"2,528",$312.22,"1,817 mi",7,$0.1718
PER,RUH,"2,524","$2,237.63","5,843 mi",7,$0.3830
PER,DAR,"2,524","$1,864.49","5,348 mi",7,$0.3486
CHC,BHX,"2,522","$1,172.65","11,410 mi",7,$0.1028
CHC,TBU,"2,521",$296.62,"1,743 mi",7,$0.1702
NPL,LAX,"2,519",$707.63,"6,431 mi",7,$0.1100
WLG,SGN,"2,517",$652.20,"5,451 mi",7,$0.1196
BNE,LYS,"2,516","$1,370.72","10,587 mi",7,$0.1295
NTL,ICN,"2,513",$379.55,"4,968 mi",7,$0.0764
MEL,KWI,"2,511",$820.96,"7,533 mi",7,$0.1090
HBA,SGN,"2,509",$491.17,"4,380 mi",7,$0.1121
CHC,GLA,"2,509","$1,143.95","11,223 mi",7,$0.1019
ZQN,HNL,"2,506",$629.97,"5,192 mi",7,$0.1213
SYD,GES,"2,506",$236.03,"3,342 mi",7,$0.0706
MEL,COV,"2,506",$454.60,"8,412 mi",7,$0.0540
BNE,BHQ,"2,505",$350.00,791 mi,7,$0.4425
PER,LOP,"2,505",$282.89,"1,650 mi",7,$0.1714
SYD,FLN,"2,505","$1,105.93","7,748 mi",7,$0.1427
PER,LGK,"2,503",$223.14,"2,939 mi",7,$0.0759
NTL,DOH,"2,502","$1,650.07","7,471 mi",7,$0.2209
LST,HKG,"2,496",$570.05,"5,046 mi",7,$0.1130
PER,GOV,"2,495",$830.83,"1,954 mi",7,$0.4252
WLG,DUB,"2,495","$1,244.71","11,947 mi",7,$0.1042
AKL,SON,"2,482",$306.51,"1,510 mi",7,$0.2030
ZQN,JNB,"2,479",$699.07,"7,135 mi",7,$0.0980
CHC,VIE,"2,478","$1,021.17","11,577 mi",7,$0.0882
CNS,SGN,"2,477",$369.08,"3,186 mi",7,$0.1158
ADL,NKG,"2,476",$535.01,"4,924 mi",7,$0.1087
MEL,GOT,"2,473",$718.35,"9,610 mi",7,$0.0748
CBR,KUL,"2,472","$1,343.73","4,159 mi",7,$0.3231
SYD,PMI,"2,472","$1,236.76","10,336 mi",7,$0.1197
BNE,ISB,"2,472",$717.39,"6,530 mi",7,$0.1099
BNE,MLA,"2,471","$1,398.94","9,654 mi",7,$0.1449
AVV,MNL,"2,465",$509.33,"3,818 mi",7,$0.1334
AKL,LIM,"2,462","$1,130.92","6,483 mi",7,$0.1744
MEL,BSR,"2,459",$656.13,"8,064 mi",7,$0.0814
TSV,HND,"2,451","$1,388.58","3,928 mi",7,$0.3535
PER,KBL,"2,451",$827.30,"5,342 mi",7,$0.1549
CNS,YVR,"2,450","$1,030.09","7,357 mi",7,$0.1400
NPE,LHR,"2,448","$1,147.97","11,248 mi",7,$0.1021
DRW,ZRH,"2,446","$1,120.73","8,093 mi",7,$0.1385
MEL,JHB,"2,443",$341.60,"3,891 mi",7,$0.0878
SYD,RAK,"2,442","$1,070.36","10,883 mi",7,$0.0984
PER,SBW,"2,441",$264.25,"2,307 mi",7,$0.1145
SYD,PMO,"2,440","$1,370.92","9,794 mi",7,$0.1400
PER,TWU,"2,440",$229.12,"2,584 mi",7,$0.0887
SYD,NJF,"2,434",$770.68,"8,535 mi",7,$0.0903
SYD,KGC,"2,423",$377.20,760 mi,7,$0.4963
MEL,SBW,"2,423",$311.80,"3,364 mi",7,$0.0927
AKL,MCI,"2,421","$1,447.86","8,023 mi",7,$0.1805
WLG,HKT,"2,419",$584.58,"6,077 mi",7,$0.0962
MEL,WEI,"2,418",$503.64,"1,684 mi",7,$0.2991
PER,SJJ,"2,417",$667.12,"8,298 mi",7,$0.0804
AKL,OAG,"2,414",$337.44,"1,510 mi",7,$0.2235
BNE,KEF,"2,413","$1,403.55","10,197 mi",7,$0.1376
NTL,KIX,"2,413",$454.71,"4,911 mi",7,$0.0926
PER,KNO,"2,411",$279.36,"2,621 mi",7,$0.1066
BNE,NNG,"2,411",$383.92,"4,712 mi",7,$0.0815
ADL,RAR,"2,406",$447.14,"3,933 mi",7,$0.1137
PER,AMM,"2,403",$696.57,"7,029 mi",7,$0.0991
PER,SLC,"2,402","$2,538.34","9,442 mi",7,$0.2688
HTI,LAX,"2,401","$3,686.08","7,351 mi",7,$0.5014
BNE,YOW,"2,400","$1,711.18","9,792 mi",7,$0.1748
BNE,MSY,"2,389","$1,400.70","8,382 mi",7,$0.1671
MCY,HKG,"2,388",$677.99,"4,148 mi",7,$0.1634
SYD,UIO,"2,383","$1,348.23","8,209 mi",7,$0.1642
SYD,MDZ,"2,379","$1,141.98","6,929 mi",7,$0.1648
ZQN,DFW,"2,377","$1,710.91","7,729 mi",7,$0.2214
MEL,TWU,"2,377",$278.84,"3,269 mi",7,$0.0853
PER,CTS,"2,375",$639.05,"5,575 mi",7,$0.1146
HBA,DEL,"2,372",$532.86,"6,851 mi",6,$0.0778
BQB,DPS,"2,365",$219.75,"1,775 mi",6,$0.1238
MEL,BCD,"2,365",$320.44,"3,742 mi",6,$0.0856
MCY,CGK,"2,363",$607.31,"3,261 mi",6,$0.1862
MEL,DUR,"2,363",$981.90,"5,935 mi",6,$0.1654
BNE,CNX,"2,356",$398.44,"4,682 mi",6,$0.0851
AKL,LHW,"2,352",$566.57,"6,614 mi",6,$0.0857
ADL,SHA,"2,351",$550.77,"4,563 mi",6,$0.1207
AKL,ARM,"2,347",$271.42,"1,358 mi",6,$0.1999
ADL,ZAG,"2,347",$975.80,"9,667 mi",6,$0.1009
SYD,PXU,"2,347",$307.54,"4,231 mi",6,$0.0727
DRW,SGN,"2,344",$388.98,"2,242 mi",6,$0.1735
LST,HKT,"2,343",$361.57,"4,756 mi",6,$0.0760
CHC,HVB,"2,338",$286.89,"1,724 mi",6,$0.1664
OOL,SCL,"2,336","$1,022.75","7,507 mi",6,$0.1362
ADL,ARM,"2,326",$315.94,794 mi,6,$0.3979
SYD,SVU,"2,325",$447.54,"2,171 mi",6,$0.2061
ZQN,IAH,"2,323","$1,763.31","8,157 mi",6,$0.2162
BNE,YLW,"2,323","$1,287.04","7,312 mi",6,$0.1760
SYD,CPO,"2,321",$966.91,"7,172 mi",6,$0.1348
PER,YIA,"2,316",$303.28,"1,652 mi",6,$0.1836
CNS,MXP,"2,314",$804.93,"9,550 mi",6,$0.0843
PER,OTP,"2,309",$996.32,"7,950 mi",6,$0.1253
TRG,NRT,"2,308",$928.49,"5,400 mi",6,$0.1719
CNS,CAN,"2,306",$505.67,"3,647 mi",6,$0.1387
MEL,HET,"2,306",$357.49,"5,987 mi",6,$0.0597
SYD,YYJ,"2,305","$1,302.89","7,509 mi",6,$0.1735
BNE,KBL,"2,296",$996.36,"6,740 mi",6,$0.1478
BNE,KHI,"2,292",$739.49,"6,559 mi",6,$0.1127
AKL,NBO,"2,291","$1,371.41","8,398 mi",6,$0.1633
SYD,SJD,"2,290","$1,127.79","7,364 mi",6,$0.1531
ADL,LEA,"2,289",$520.49,"1,767 mi",6,$0.2946
TSV,HKG,"2,287",$718.62,"3,519 mi",6,$0.2042
SYD,JHB,"2,283",$348.75,"3,822 mi",6,$0.0912
DRW,HKG,"2,280",$587.14,"2,580 mi",6,$0.2276
WGA,SIN,"2,280",$541.49,"3,659 mi",6,$0.1480
AVV,CGK,"2,279",$481.03,"3,137 mi",6,$0.1533
ADL,BEY,"2,279",$665.96,"8,411 mi",6,$0.0792
DUD,NRT,"2,278",$804.42,"5,764 mi",6,$0.1396
SYD,EVN,"2,278",$882.16,"8,236 mi",6,$0.1071
OOL,PVG,"2,273",$763.34,"4,460 mi",6,$0.1712
ADL,BEG,"2,272",$559.48,"9,446 mi",6,$0.0592
SYD,MDE,"2,270",$928.84,"8,632 mi",6,$0.1076
SYD,DNZ,"2,269",$401.01,"9,478 mi",6,$0.0423
WLG,TPE,"2,260",$735.77,"5,898 mi",6,$0.1247
PER,PNH,"2,259",$484.40,"3,186 mi",6,$0.1520
BNE,DBV,"2,253","$1,345.78","9,421 mi",6,$0.1428
NPL,DPS,"2,253",$565.58,"4,312 mi",6,$0.1312
CHC,CPT,"2,251",$840.26,"6,633 mi",6,$0.1267
MEL,CLT,"2,247","$1,919.93","10,208 mi",6,$0.1881
PER,BSR,"2,247",$665.45,"6,399 mi",6,$0.1040
NPL,NRT,"2,244",$831.99,"5,765 mi",6,$0.1443
ADL,TAO,"2,241",$429.54,"5,219 mi",6,$0.0823
BNE,BCI,"2,240",$204.59,571 mi,6,$0.3583
CBR,SCL,"2,240","$1,136.09","6,820 mi",6,$0.1666
ADL,MQL,"2,239",$309.93,202 mi,6,$1.5343
MEL,LOP,"2,239",$454.93,"2,756 mi",6,$0.1651
ADL,LAS,"2,239","$1,328.23","8,651 mi",6,$0.1535
BNK,HND,"2,238",$845.38,"4,674 mi",6,$0.1809
AVV,HNL,"2,237",$414.61,"5,712 mi",6,$0.0726
MEL,LJU,"2,233",$839.07,"9,567 mi",6,$0.0877
SYD,HAJ,"2,231","$1,486.18","10,458 mi",6,$0.1421
AKL,NLK,"2,229",$276.81,698 mi,6,$0.3966
MEL,UIH,"2,224",$275.37,"4,128 mi",6,$0.0667
CHC,ITM,"2,221",$818.95,"6,068 mi",6,$0.1350
KGC,LHR,"2,217","$1,266.18","9,808 mi",6,$0.1291
WLG,LGW,"2,217","$1,344.50","12,069 mi",6,$0.1114
BNE,WNZ,"2,217",$460.38,"4,510 mi",6,$0.1021
PER,EBB,"2,216",$995.13,"5,665 mi",6,$0.1757
AVV,SIN,"2,214",$715.91,"3,636 mi",6,$0.1969
WLG,FCO,"2,211","$1,192.56","11,190 mi",6,$0.1066
BNE,PNH,"2,210",$445.71,"4,079 mi",6,$0.1093
SYD,SMF,"2,207",$993.80,"7,274 mi",6,$0.1366
BNE,LGA,"2,204","$1,023.13","9,919 mi",6,$0.1031
PMR,LHR,"2,200","$1,109.90","11,294 mi",6,$0.0983
SYD,NTL,"2,199",$109.62,91 mi,6,$1.2046
SYD,VCA,"2,198",$290.33,"4,127 mi",6,$0.0703
SYD,LKO,"2,193",$529.76,"6,411 mi",6,$0.0826
PER,MED,"2,188",$775.91,"6,554 mi",6,$0.1184
SYD,LIH,"2,187",$720.44,"5,202 mi",6,$0.1385
SYD,TAS,"2,185","$1,061.73","7,563 mi",6,$0.1404
SYD,OKJ,"2,185",$622.65,"4,731 mi",6,$0.1316
SYD,WUX,"2,184",$426.81,"4,797 mi",6,$0.0890
SYD,JAI,"2,183",$706.83,"6,669 mi",6,$0.1060
SYD,LRE,"2,181",$481.81,863 mi,6,$0.5583
CHC,AMD,"2,180",$900.22,"8,013 mi",6,$0.1123
AKL,YLW,"2,176",$919.91,"7,003 mi",6,$0.1314
KTA,MNL,"2,172",$845.06,"2,524 mi",6,$0.3348
CBR,DOH,"2,172","$1,252.27","7,837 mi",6,$0.1598
MEL,MRS,"2,172",$953.52,"9,992 mi",6,$0.0954
AKL,LHE,"2,171","$1,006.98","8,250 mi",6,$0.1221
MEL,YWG,"2,168","$1,131.02","9,042 mi",6,$0.1251
MCY,HKT,"2,168",$455.50,"4,252 mi",6,$0.1071
AKL,ISA,"2,166",$429.48,"2,469 mi",6,$0.1739
CHC,KTM,"2,166",$724.34,"7,596 mi",6,$0.0954
WLG,IAH,"2,158","$1,066.68","7,316 mi",6,$0.1458
MEL,AGP,"2,156","$1,311.96","10,432 mi",6,$0.1258
PER,TRV,"2,152",$368.85,"3,685 mi",6,$0.1001
HBA,CDG,"2,151","$1,162.47","11,037 mi",6,$0.1053
MEL,GET,"2,150",$525.90,"1,782 mi",6,$0.2951
ADL,APW,"2,150",$405.96,"3,498 mi",6,$0.1161
AKL,STL,"2,147","$1,378.92","7,736 mi",6,$0.1782
IVC,LAX,"2,146",$870.12,"7,392 mi",6,$0.1177
TRG,LAX,"2,145",$931.52,"6,292 mi",6,$0.1480
PER,PKU,"2,144",$307.00,"2,505 mi",6,$0.1226
ROK,NRT,"2,142",$587.23,"4,015 mi",6,$0.1463
WLG,CAN,"2,141",$503.75,"5,775 mi",6,$0.0872
MEL,ONS,"2,134",$640.97,"2,148 mi",6,$0.2984
BNE,CTA,"2,133","$1,150.96","9,618 mi",6,$0.1197
PER,MIA,"2,132","$1,972.55","11,025 mi",6,$0.1789
BNE,MRU,"2,132",$935.97,"6,071 mi",6,$0.1542
LST,HNL,"2,129",$393.13,"5,749 mi",6,$0.0684
MEL,BHQ,"2,128",$424.22,423 mi,6,$1.0029
PER,ADD,"2,128",$835.98,"5,633 mi",6,$0.1484
BNE,SJW,"2,127",$464.75,"5,017 mi",6,$0.0926
BNE,GET,"2,126",$568.28,"2,263 mi",6,$0.2511
LST,NAN,"2,122",$242.47,"2,353 mi",6,$0.1030
BNE,CLT,"2,121","$2,202.12","9,515 mi",6,$0.2314
PER,PKX,"2,121",$505.89,"5,085 mi",6,$0.0995
SYD,GMP,"2,120",$611.38,"5,338 mi",6,$0.1145
AKL,TRW,"2,116",$761.95,"2,574 mi",6,$0.2960
MEL,TAG,"2,115",$310.17,"3,435 mi",6,$0.0903
PER,IAD,"2,114","$2,094.99","11,886 mi",6,$0.1763
BNE,GOT,"2,114",$899.72,"9,906 mi",6,$0.0908
ZQN,YVR,"2,113","$1,133.44","7,919 mi",6,$0.1431
CHC,PRG,"2,112","$1,076.04","11,657 mi",6,$0.0923
AKL,ZAG,"2,106","$1,068.84","11,520 mi",6,$0.0928
AKL,MRS,"2,106",$901.20,"12,082 mi",6,$0.0746
BNE,WRE,"2,105",$325.54,"1,415 mi",6,$0.2301
OOL,SFO,"2,105","$1,196.23","6,869 mi",6,$0.1741
SYD,LBS,"2,105",$342.09,"2,059 mi",6,$0.1661
ADL,KHI,"2,103",$430.87,"6,046 mi",6,$0.0713
SYD,DAY,"2,097","$1,420.23","9,680 mi",6,$0.1467
OOL,DFW,"2,094","$1,706.76","8,553 mi",6,$0.1996
TSV,NAN,"2,094",$253.10,"2,070 mi",6,$0.1223
BNE,HAK,"2,094",$424.49,"4,209 mi",6,$0.1009
MEL,WRE,"2,090",$329.18,"1,584 mi",6,$0.2078
CBR,CMB,"2,090",$777.71,"5,526 mi",6,$0.1407
PER,TLS,"2,090",$964.71,"9,135 mi",6,$0.1056
SYD,MHD,"2,089",$799.91,"7,854 mi",6,$0.1018
CNS,BRU,"2,089",$896.29,"9,544 mi",6,$0.0939
PER,BWT,"2,087",$505.50,"1,704 mi",6,$0.2967
BNE,SPU,"2,087","$1,122.29","9,505 mi",6,$0.1181
PER,KMG,"2,087",$373.48,"3,913 mi",6,$0.0954
PER,BHE,"2,086",$610.80,"3,117 mi",6,$0.1960
DRW,AMS,"2,086","$1,006.77","8,644 mi",6,$0.1165
ASP,LAX,"2,085","$1,724.55","7,850 mi",6,$0.2197
BNE,DVO,"2,084",$428.93,"3,099 mi",6,$0.1384
ADL,OSL,"2,083","$1,512.62","9,829 mi",6,$0.1539
BNE,BWT,"2,081",$262.40,"1,061 mi",6,$0.2473
SYD,ANC,"2,081","$1,422.23","7,130 mi",6,$0.1995
BNE,HFE,"2,081",$407.64,"4,599 mi",6,$0.0886
ADL,GFF,"2,074",$395.19,444 mi,6,$0.8901
CBR,FCO,"2,068","$1,732.50","10,396 mi",6,$0.1667
PER,HPH,"2,068",$298.85,"3,807 mi",6,$0.0785
AKL,TLS,"2,068",$811.29,"12,219 mi",6,$0.0664
DRW,JNB,"2,066","$1,052.19","6,801 mi",6,$0.1547
CHC,PKX,"2,062",$513.52,"6,516 mi",6,$0.0788
AKL,DAD,"2,061",$795.85,"5,838 mi",6,$0.1363
PER,AGP,"2,061",$774.03,"9,349 mi",6,$0.0828
DRW,HKT,"2,060",$345.16,"2,727 mi",6,$0.1266
CHC,SCL,"2,056",$948.01,"5,621 mi",6,$0.1687
NPL,HKG,"2,056",$600.13,"5,924 mi",6,$0.1013
PER,PMI,"2,055","$1,057.76","9,002 mi",6,$0.1175
CHC,POM,"2,054",$524.02,"2,885 mi",6,$0.1816
SYD,KMQ,"2,052",$536.59,"4,803 mi",6,$0.1117
ADL,SEA,"2,051","$1,443.50","8,088 mi",6,$0.1785
MEL,SUF,"2,049",$905.42,"9,394 mi",6,$0.0964
CNS,FCO,"2,045",$826.02,"8,927 mi",6,$0.0925
PER,NAP,"2,044","$1,055.02","8,427 mi",6,$0.1252
CHC,MAD,"2,042","$1,218.84","11,784 mi",6,$0.1034
BNE,ONS,"2,039",$721.01,"2,340 mi",6,$0.3081
SYD,TWU,"2,039",$344.40,"3,308 mi",6,$0.1041
MEL,CUN,"2,036","$1,224.35","9,437 mi",6,$0.1297
ZQN,MAN,"2,036","$1,106.71","12,085 mi",6,$0.0916
MEL,CJU,"2,029",$390.83,"4,906 mi",6,$0.0797
PER,LVO,"2,027",$159.46,461 mi,6,$0.3459
CBR,ICN,"2,027","$1,051.34","5,392 mi",6,$0.1950
MEL,LGA,"2,027","$1,936.94","10,059 mi",6,$0.1926
HBA,DFW,"2,027","$1,587.06","8,668 mi",6,$0.1831
MEL,TLL,"2,026",$976.55,"9,726 mi",6,$0.1004
PER,TRZ,"2,021",$382.42,"3,728 mi",6,$0.1026
AKL,SPU,"2,020","$1,403.52","11,557 mi",6,$0.1214
CHC,NKG,"2,020",$498.96,"6,390 mi",6,$0.0781
AKL,OTP,"2,019","$1,236.24","10,407 mi",6,$0.1188
MEL,PKU,"2,019",$356.57,"3,702 mi",6,$0.0963
DRW,NRT,"2,018",$970.86,"3,488 mi",6,$0.2783
MEL,KBV,"2,015",$380.07,"4,457 mi",6,$0.0853
CHC,BER,"2,014","$1,157.93","11,633 mi",6,$0.0995
SYD,VFA,"2,013",$935.89,"7,573 mi",6,$0.1236
CBR,DFW,"2,010","$2,362.84","8,977 mi",6,$0.2632
AKL,YOW,"2,010","$1,267.85","8,579 mi",6,$0.1478
PER,ABJ,"2,008","$3,541.04","8,398 mi",6,$0.4217
BNE,TLL,"2,003",$855.12,"8,881 mi",5,$0.0963
SYD,CNF,"2,001","$1,409.86","8,344 mi",5,$0.1690
SYD,BGO,"2,000","$1,288.59","10,365 mi",5,$0.1243
BHE,NAN,"1,992",$313.25,"1,705 mi",5,$0.1837
PER,KEF,"1,989","$1,141.02","9,314 mi",5,$0.1225
MEL,THD,"1,981",$384.62,"4,587 mi",5,$0.0839
SYD,JMK,"1,979","$1,146.27","9,712 mi",5,$0.1180
BNE,MGB,"1,976",$410.61,"1,042 mi",5,$0.3941
MEL,PMO,"1,975","$1,240.60","10,132 mi",5,$0.1224
TSV,LHR,"1,968","$1,170.02","9,301 mi",5,$0.1258
BNE,BKQ,"1,967",$215.10,535 mi,5,$0.4021
AKL,MOV,"1,966",$461.77,"1,956 mi",5,$0.2361
MEL,SZF,"1,966",$633.51,"8,453 mi",5,$0.0749
SYD,LJU,"1,965","$1,031.09","10,332 mi",5,$0.0998
PER,CSX,"1,964",$435.65,"4,034 mi",5,$0.1080
BNE,SDK,"1,961",$448.59,"3,379 mi",5,$0.1328
CHC,BOS,"1,961","$1,194.27","9,581 mi",5,$0.1246
ADL,XMN,"1,957",$294.25,"4,452 mi",5,$0.0661
BNE,NAA,"1,956",$167.76,275 mi,5,$0.6100
AKL,SVU,"1,955",$405.53,"1,467 mi",5,$0.2764
SYD,LOS,"1,955",$921.71,"9,935 mi",5,$0.0928
CHC,HAN,"1,949",$765.25,"6,330 mi",5,$0.1209
BNE,CUN,"1,948","$1,042.82","8,405 mi",5,$0.1241
BNE,VTE,"1,947",$807.60,"4,475 mi",5,$0.1805
BNE,TUS,"1,943","$2,019.51","7,291 mi",5,$0.2770
BNE,JED,"1,942","$1,404.73","8,563 mi",5,$0.1640
MQL,SIN,"1,939",$596.33,"3,379 mi",5,$0.1765
WLG,MAA,"1,939",$746.26,"7,257 mi",5,$0.1028
BNE,GIG,"1,934","$1,448.14","9,064 mi",5,$0.1598
SYD,INC,"1,933",$392.87,"5,586 mi",5,$0.0703
CHC,SEA,"1,927","$1,059.76","7,651 mi",5,$0.1385
CHC,SGN,"1,927",$562.66,"5,407 mi",5,$0.1041
MEL,MYY,"1,926",$347.66,"3,408 mi",5,$0.1020
MEL,PNQ,"1,925",$827.44,"6,199 mi",5,$0.1335
ADL,DAD,"1,925",$472.57,"3,925 mi",5,$0.1204
TRG,DPS,"1,924",$628.51,"4,145 mi",5,$0.1516
BNE,BLQ,"1,924","$1,442.77","10,326 mi",5,$0.1397
BNE,SAW,"1,924",$696.02,"9,423 mi",5,$0.0739
SYD,NAG,"1,911",$627.72,"5,891 mi",5,$0.1066
PER,CRK,"1,910",$367.76,"3,368 mi",5,$0.1092
PER,CXR,"1,909",$239.29,"3,160 mi",5,$0.0757
MCY,MNL,"1,906",$602.75,"3,457 mi",5,$0.1744
ADL,PEN,"1,906",$558.45,"3,842 mi",5,$0.1454
DPO,SIN,"1,903",$474.16,"4,080 mi",5,$0.1162
MEL,FLL,"1,902","$1,559.06","9,997 mi",5,$0.1560
CFS,SIN,"1,901",$552.10,"4,017 mi",5,$0.1374
ADL,PNH,"1,900",$541.79,"3,779 mi",5,$0.1434
MEL,OGG,"1,899",$797.46,"5,392 mi",5,$0.1479
ADL,RMA,"1,896",$283.41,815 mi,5,$0.3477
AKL,OKA,"1,896",$553.42,"5,174 mi",5,$0.1070
CFS,LHR,"1,896",$785.31,"10,134 mi",5,$0.0775
AKL,KHI,"1,892",$816.63,"8,413 mi",5,$0.0971
BHE,SIN,"1,888",$700.89,"5,093 mi",5,$0.1376
CHC,PPP,"1,886",$315.93,"2,042 mi",5,$0.1547
SYD,RIX,"1,883",$972.70,"9,812 mi",5,$0.0991
AKL,CMH,"1,882","$1,735.10","8,622 mi",5,$0.2012
MCY,JNB,"1,882","$1,013.34","7,483 mi",5,$0.1354
SYD,TUS,"1,877","$1,949.78","8,053 mi",5,$0.2421
AKL,KTI,"1,876",$752.47,"5,450 mi",5,$0.1381
AKL,LDH,"1,875",$381.88,943 mi,5,$0.4050
BNK,LHR,"1,875","$1,102.90","10,689 mi",5,$0.1032
MEL,FLR,"1,874","$1,120.88","10,305 mi",5,$0.1088
MEL,KBR,"1,873",$366.62,"4,203 mi",5,$0.0872
PER,WUH,"1,871",$255.53,"4,465 mi",5,$0.0572
ADL,STN,"1,868","$1,242.53","9,781 mi",5,$0.1270
AKL,NGO,"1,867",$740.36,"5,698 mi",5,$0.1299
MEL,CLE,"1,864","$1,962.93","9,666 mi",5,$0.2031
ADL,MCO,"1,864","$1,488.61","9,765 mi",5,$0.1524
BNE,STL,"1,859","$2,684.07","9,014 mi",5,$0.2978
MEL,XUZ,"1,859",$366.10,"5,415 mi",5,$0.0676
PER,VFA,"1,858",$812.70,"5,739 mi",5,$0.1416
CHC,KIX,"1,856",$642.77,"6,049 mi",5,$0.1063
AKL,SMF,"1,855",$851.36,"6,810 mi",5,$0.1250
PER,BTH,"1,854",$396.13,"2,484 mi",5,$0.1595
SYD,PKU,"1,851",$354.07,"4,119 mi",5,$0.0860
BNE,NAP,"1,850","$1,402.83","9,633 mi",5,$0.1456
ABX,DPS,"1,848",$536.17,"2,666 mi",5,$0.2011
WGA,LAX,"1,847",$815.96,"7,488 mi",5,$0.1090
SYD,EBB,"1,844","$1,154.24","8,079 mi",5,$0.1429
CHC,MAA,"1,843","$1,017.10","7,158 mi",5,$0.1421
SYD,VNO,"1,841",$899.03,"9,212 mi",5,$0.0976
SYD,HSV,"1,840","$1,471.09","8,901 mi",5,$0.1653
SYD,QYG,"1,839",$990.69,"9,690 mi",5,$0.1022
ADL,CTS,"1,835",$915.57,"5,534 mi",5,$0.1654
AKL,ISB,"1,835",$939.10,"7,913 mi",5,$0.1187
CBR,SFO,"1,833","$2,124.71","7,343 mi",5,$0.2894
AKL,CUN,"1,833",$904.67,"7,751 mi",5,$0.1167
MCY,HNL,"1,830",$487.15,"4,799 mi",5,$0.1015
OOL,BLR,"1,827",$598.70,"5,984 mi",5,$0.1001
HBA,CMB,"1,827",$446.20,"5,617 mi",5,$0.0794
SYD,GET,"1,822",$540.96,"2,234 mi",5,$0.2421
BNE,PHL,"1,821","$1,988.80","9,848 mi",5,$0.2019
MKY,LAX,"1,821","$1,037.10","6,939 mi",5,$0.1495
SYD,BIO,"1,821","$1,265.24","10,577 mi",5,$0.1196
PER,KRK,"1,821",$735.23,"8,374 mi",5,$0.0878
SYD,RSW,"1,819","$2,405.36","9,548 mi",5,$0.2519
BNE,MRS,"1,818","$1,132.56","10,645 mi",5,$0.1064
MEL,MJT,"1,817",$783.35,"8,881 mi",5,$0.0882
CHC,ABX,"1,808",$371.41,"1,401 mi",5,$0.2651
MEL,NJF,"1,808",$801.64,"8,286 mi",5,$0.0967
SYD,KBR,"1,808",$333.06,"4,353 mi",5,$0.0765
AKL,MLE,"1,807","$1,083.32","6,803 mi",5,$0.1592
ZQN,DEL,"1,807",$911.27,"7,429 mi",5,$0.1227
CHC,PPT,"1,805",$464.17,"2,754 mi",5,$0.1685
SYD,LOP,"1,804",$422.65,"2,732 mi",5,$0.1547
CHC,ASP,"1,804",$329.27,"2,494 mi",5,$0.1320
SYD,BTR,"1,802","$1,077.61","9,108 mi",5,$0.1183
PER,PLZ,"1,798",$597.12,"4,896 mi",5,$0.1220
AVV,LHR,"1,796","$1,139.70","10,822 mi",5,$0.1053
SYD,FLR,"1,794","$1,404.38","10,509 mi",5,$0.1336
WLG,DFW,"1,794",$916.49,"7,812 mi",5,$0.1173
AKL,AUH,"1,793",$778.19,"9,100 mi",5,$0.0855
SYD,JTR,"1,790","$1,179.15","9,124 mi",5,$0.1292
BNE,IND,"1,786","$1,652.24","9,244 mi",5,$0.1787
BNE,SVO,"1,785",$498.43,"8,487 mi",5,$0.0587
DUD,SFO,"1,783",$771.95,"6,910 mi",5,$0.1117
MEL,RMQ,"1,780",$841.05,"4,696 mi",5,$0.1791
MEL,LRE,"1,779",$495.89,"1,015 mi",5,$0.4886
PER,MLA,"1,777","$1,103.47","7,810 mi",5,$0.1413
AKL,RUH,"1,775","$1,805.75","9,570 mi",5,$0.1887
AKL,MCT,"1,775",$942.79,"8,349 mi",5,$0.1129
CHC,BDB,"1,774",$350.15,"1,666 mi",5,$0.2102
ADL,ISA,"1,773",$627.09,958 mi,5,$0.6546
NSN,SFO,"1,773","$1,010.11","7,000 mi",5,$0.1443
SYD,CVG,"1,772","$1,839.93","9,082 mi",5,$0.2026
MEL,BOI,"1,771","$3,590.38","8,588 mi",5,$0.4181
PER,WYA,"1,770",$471.41,"1,218 mi",5,$0.3870
AKL,SAI,"1,770",$747.71,"5,917 mi",5,$0.1264
DUD,PVG,"1,767",$803.90,"6,308 mi",5,$0.1274
MEL,SMI,"1,767",$865.94,"9,382 mi",5,$0.0923
SYD,KBV,"1,766",$456.04,"4,615 mi",5,$0.0988
CHC,GLT,"1,765",$307.64,"1,870 mi",5,$0.1645
SYD,RMQ,"1,765",$584.13,"4,360 mi",5,$0.1340
ROK,DOH,"1,764",$600.16,"7,635 mi",5,$0.0786
MKY,DOH,"1,763",$506.38,"7,063 mi",5,$0.0717
DRW,PVG,"1,762",$612.20,"3,161 mi",5,$0.1937
CNS,ORD,"1,761","$1,119.18","8,579 mi",5,$0.1305
MCY,SGN,"1,761",$347.89,"3,927 mi",5,$0.0886
MEL,VFA,"1,757",$907.07,"7,121 mi",5,$0.1274
BNE,OPO,"1,757","$1,260.00","11,360 mi",5,$0.1109
MEL,ORK,"1,754",$881.40,"10,493 mi",5,$0.0840
BNE,ITM,"1,749",$852.05,"4,581 mi",5,$0.1860
ADL,IAD,"1,748","$2,575.49","10,130 mi",5,$0.2542
CHC,HYD,"1,748","$1,017.58","7,449 mi",5,$0.1366
AVV,HKG,"1,748",$627.35,"4,756 mi",5,$0.1319
WLG,HYD,"1,746",$705.75,"7,102 mi",5,$0.0994
MEL,TAC,"1,746",$278.29,"3,722 mi",5,$0.0748
CHC,LAS,"1,745",$834.40,"6,911 mi",5,$0.1207
SYD,YIW,"1,745",$411.04,"4,678 mi",5,$0.0879
PER,KBV,"1,745",$175.31,"2,894 mi",5,$0.0606
OOL,YVR,"1,743",$981.25,"7,162 mi",5,$0.1370
ZQN,ORD,"1,742","$1,485.34","8,476 mi",5,$0.1752
IVC,SIN,"1,740",$596.01,"5,242 mi",5,$0.1137
IVC,NAN,"1,738",$296.46,"1,987 mi",5,$0.1492
KTA,HKG,"1,735",$700.82,"2,890 mi",5,$0.2425
DRW,KTM,"1,731",$602.97,"4,242 mi",5,$0.1421
TRG,HKG,"1,729",$949.57,"5,613 mi",5,$0.1692
WLG,YYZ,"1,727","$1,184.78","8,511 mi",5,$0.1392
SYD,HER,"1,727","$1,020.79","9,686 mi",5,$0.1054
NTL,HKG,"1,726",$519.88,"4,418 mi",5,$0.1177
AKL,OGG,"1,723",$638.24,"4,285 mi",5,$0.1489
ZQN,CDG,"1,719","$1,302.63","12,083 mi",5,$0.1078
DRW,ATH,"1,717",$801.55,"7,431 mi",5,$0.1079
AKL,PLZ,"1,715",$777.70,"6,931 mi",5,$0.1122
PER,AYQ,"1,710",$360.71,991 mi,5,$0.3640
ABX,MNL,"1,710",$571.76,"3,999 mi",5,$0.1430
PPP,LAX,"1,709",$948.00,"6,949 mi",5,$0.1364
ADL,KBL,"1,707",$834.95,"6,758 mi",5,$0.1235
SYD,KCZ,"1,707",$457.33,"4,655 mi",5,$0.0982
MEL,CJB,"1,705",$524.05,"5,350 mi",5,$0.0980
BNE,MUA,"1,703",$398.78,"1,384 mi",5,$0.2881
BNE,AMM,"1,703","$1,123.78","8,437 mi",5,$0.1332
SYD,ICT,"1,702","$1,272.48","8,931 mi",5,$0.1425
PER,PDG,"1,701",$313.85,"2,305 mi",5,$0.1362
SYD,SUF,"1,700",$954.32,"10,231 mi",5,$0.0933
ZNE,HKG,"1,699",$345.85,"3,280 mi",5,$0.1054
BNE,AEP,"1,698","$1,511.84","7,917 mi",5,$0.1910
SYD,DMM,"1,697","$1,151.72","8,062 mi",5,$0.1429
BNE,BWI,"1,697","$1,389.05","9,771 mi",5,$0.1422
SYD,SBW,"1,696",$360.64,"3,676 mi",5,$0.0981
BNE,YWG,"1,695","$1,487.60","8,241 mi",5,$0.1805
PHE,MNL,"1,694",$957.69,"2,488 mi",5,$0.3849
SYD,MYY,"1,694",$376.69,"3,479 mi",5,$0.1083
OOL,JFK,"1,693","$1,665.42","9,932 mi",5,$0.1677
PER,HUI,"1,692",$232.99,"3,486 mi",5,$0.0668
AKL,CLE,"1,689","$1,647.40","8,206 mi",5,$0.2008
SYD,ARI,"1,688","$1,063.43","8,144 mi",5,$0.1306
SYD,JRO,"1,687","$1,314.25","7,221 mi",5,$0.1820
AVV,NAN,"1,687",$174.69,"2,505 mi",5,$0.0697
MEL,STL,"1,686","$1,916.61","9,200 mi",5,$0.2083
AKL,MSY,"1,681","$1,267.29","7,448 mi",5,$0.1702
BNE,KHN,"1,681",$414.76,"4,463 mi",5,$0.0929
MEL,HIJ,"1,679",$578.91,"4,889 mi",5,$0.1184
TSV,DOH,"1,679",$798.92,"7,299 mi",5,$0.1095
BNK,LAX,"1,677",$748.62,"7,411 mi",5,$0.1010
ROK,LAX,"1,676","$1,040.79","6,948 mi",5,$0.1498
SYD,LFT,"1,676","$1,139.02","9,052 mi",5,$0.1258
PER,XMN,"1,670",$468.37,"3,788 mi",5,$0.1236
PER,OPO,"1,668","$1,371.33","9,071 mi",5,$0.1512
SYD,AXT,"1,665",$535.47,"5,284 mi",5,$0.1013
PER,GIG,"1,664","$2,111.94","8,664 mi",5,$0.2438
MCY,DFW,"1,660","$1,490.85","8,531 mi",5,$0.1748
CBR,JNB,"1,657","$1,207.73","6,502 mi",5,$0.1857
WGA,DPS,"1,655",$637.96,"2,818 mi",5,$0.2264
PER,ATL,"1,655","$1,421.81","11,585 mi",5,$0.1227
MEL,CMH,"1,654","$1,635.94","10,190 mi",5,$0.1605
LST,SGN,"1,651",$292.51,"4,308 mi",5,$0.0679
AKL,SYX,"1,649",$438.06,"5,886 mi",5,$0.0744
ASP,LHR,"1,648","$1,205.33","9,086 mi",5,$0.1327
AKL,IKA,"1,641","$1,054.88","9,060 mi",4,$0.1164
PER,YNT,"1,639","$2,554.70","4,964 mi",4,$0.5146
SYD,HDY,"1,639",$392.18,"4,487 mi",4,$0.0874
SYD,AYT,"1,639",$599.28,"8,854 mi",4,$0.0677
SYD,AOJ,"1,638",$813.89,"5,047 mi",4,$0.1613
DRW,DFW,"1,637","$2,593.24","8,832 mi",4,$0.2936
SYD,ZHA,"1,630",$336.11,"4,528 mi",4,$0.0742
DUD,HKG,"1,629",$856.98,"6,059 mi",4,$0.1414
CHC,BNK,"1,628",$237.93,"1,502 mi",4,$0.1584
MEL,TGD,"1,627",$566.75,"9,876 mi",4,$0.0574
BNE,LDH,"1,625",$486.62,445 mi,4,$1.0935
ZQN,DUB,"1,624","$1,137.12","11,460 mi",4,$0.0992
BNE,MCT,"1,623","$1,716.30","7,446 mi",4,$0.2305
MEL,HER,"1,623","$1,016.08","9,415 mi",4,$0.1079
MEL,INC,"1,623",$334.66,"5,618 mi",4,$0.0596
ADL,NCE,"1,620","$1,537.88","9,510 mi",4,$0.1617
PER,GOT,"1,620",$963.79,"8,800 mi",4,$0.1095
AKL,HET,"1,619",$311.68,"6,892 mi",4,$0.0452
SYD,MJT,"1,613","$1,075.85","9,667 mi",4,$0.1113
AKL,BME,"1,612",$619.23,"3,328 mi",4,$0.1861
SYD,DME,"1,610","$1,564.53","8,727 mi",4,$0.1793
PBO,HKG,"1,610",$356.33,"3,058 mi",4,$0.1165
ADL,XIY,"1,609",$500.76,"5,011 mi",4,$0.0999
AKL,CVG,"1,606","$1,593.80","8,505 mi",4,$0.1874
AKL,HRE,"1,605","$1,078.43","8,203 mi",4,$0.1315
CHC,EMD,"1,601",$260.83,"2,010 mi",4,$0.1298
CFS,LAX,"1,598","$1,350.03","7,053 mi",4,$0.1914
CHC,DPO,"1,595",$245.13,"1,377 mi",4,$0.1780
OOL,IAH,"1,591","$1,140.34","8,093 mi",4,$0.1409
AKL,RSW,"1,590","$3,175.64","8,240 mi",4,$0.3854
BNE,TIU,"1,590",$369.08,"1,494 mi",4,$0.2470
ZQN,DXB,"1,590","$1,117.93","8,293 mi",4,$0.1348
AKL,BEG,"1,590",$658.32,"10,676 mi",4,$0.0617
PER,BGO,"1,588","$1,157.61","9,072 mi",4,$0.1276
AKL,SOF,"1,587",$851.82,"11,203 mi",4,$0.0760
ABX,SIN,"1,586",$489.04,"3,895 mi",4,$0.1256
ADL,PKX,"1,586",$535.06,"5,174 mi",4,$0.1034
DRW,KIX,"1,582",$679.91,"3,152 mi",4,$0.2157
PER,PHX,"1,582","$1,821.86","9,380 mi",4,$0.1942
PPP,SIN,"1,582",$397.89,"3,270 mi",4,$0.1217
PER,MRS,"1,582","$1,011.60","8,417 mi",4,$0.1202
MEL,IPH,"1,580",$677.46,"3,927 mi",4,$0.1725
PMR,SFO,"1,580",$813.07,"6,460 mi",4,$0.1259
MEL,RIX,"1,579",$851.53,"9,763 mi",4,$0.0872
ADL,GVA,"1,578","$1,532.76","10,159 mi",4,$0.1509
NPE,PVG,"1,575","$1,040.40","5,840 mi",4,$0.1782
SYD,IXE,"1,573",$530.44,"5,776 mi",4,$0.0918
DRW,SCL,"1,570","$1,260.03","8,696 mi",4,$0.1449
CHC,VLI,"1,569",$339.57,"1,853 mi",4,$0.1833
PER,NOU,"1,569",$574.04,"3,235 mi",4,$0.1774
MEL,ACC,"1,567",$962.59,"9,595 mi",4,$0.1003
PER,BTU,"1,565",$291.81,"2,357 mi",4,$0.1238
LST,BKK,"1,556",$526.49,"4,683 mi",4,$0.1124
SYD,CHA,"1,555","$1,248.02","8,991 mi",4,$0.1388
MEL,JTR,"1,552","$1,013.24","8,877 mi",4,$0.1141
MEL,LOS,"1,552",$942.95,"8,932 mi",4,$0.1056
ZQN,BLR,"1,550",$691.89,"6,703 mi",4,$0.1032
SYD,TSA,"1,544",$581.77,"4,381 mi",4,$0.1328
MEL,PPS,"1,543",$237.38,"3,574 mi",4,$0.0664
SYD,CUZ,"1,540","$1,273.79","8,345 mi",4,$0.1526
PPP,MNL,"1,537",$599.14,"3,149 mi",4,$0.1903
AKL,PIT,"1,537","$1,372.84","8,768 mi",4,$0.1566
AKL,FLN,"1,536","$1,063.31","6,941 mi",4,$0.1532
MEL,AYT,"1,536",$603.61,"9,157 mi",4,$0.0659
SYD,BRI,"1,535","$1,284.12","9,621 mi",4,$0.1335
BNE,KNX,"1,533",$576.08,"1,703 mi",4,$0.3383
BNE,KNO,"1,533",$461.26,"4,323 mi",4,$0.1067
BNE,KCH,"1,530",$565.56,"3,367 mi",4,$0.1680
AVV,BLR,"1,530",$795.59,"5,742 mi",4,$0.1386
SYD,ALA,"1,527",$892.18,"7,303 mi",4,$0.1222
CHC,IST,"1,526",$977.28,"10,914 mi",4,$0.0895
SYD,UPG,"1,524",$378.19,"2,759 mi",4,$0.1371
SYD,SJO,"1,524","$1,150.90","8,833 mi",4,$0.1303
HBA,DXB,"1,523","$1,084.82","7,261 mi",4,$0.1494
BNE,LCA,"1,519","$1,165.71","8,608 mi",4,$0.1354
ADL,TIA,"1,516",$765.96,"9,427 mi",4,$0.0813
BNE,KWE,"1,515",$480.93,"4,977 mi",4,$0.0966
WLG,CPT,"1,512","$1,001.23","6,808 mi",4,$0.1471
MEL,TLS,"1,510","$1,000.87","10,179 mi",4,$0.0983
MEL,PMI,"1,508","$1,361.98","10,089 mi",4,$0.1350
BNE,YYJ,"1,507","$1,191.24","7,555 mi",4,$0.1577
SYD,BSL,"1,507","$1,071.26","10,649 mi",4,$0.1006
BNE,RDU,"1,506","$1,617.62","9,082 mi",4,$0.1781
AKL,GOT,"1,503",$917.31,"10,478 mi",4,$0.0875
HVB,LAX,"1,501",$654.53,"6,891 mi",4,$0.0950
PER,LOS,"1,500","$1,033.33","7,550 mi",4,$0.1369
MEL,ZUH,"1,500",$218.56,"4,740 mi",4,$0.0461
PER,MGB,"1,499",$451.25,"1,414 mi",4,$0.3191
BNE,SAL,"1,498",$646.50,"8,587 mi",4,$0.0753
PER,GIS,"1,497",$593.87,"3,565 mi",4,$0.1666
BNE,KHH,"1,497",$432.00,"4,209 mi",4,$0.1026
DUD,IAH,"1,496","$1,021.22","8,109 mi",4,$0.1259
CHC,HGH,"1,495",$365.06,"5,883 mi",4,$0.0621
MEL,DMK,"1,494",$324.02,"4,711 mi",4,$0.0688
ADL,NCL,"1,493","$1,119.69","9,794 mi",4,$0.1143
ADL,SJJ,"1,491",$539.65,"8,977 mi",4,$0.0601
BNE,IVR,"1,489",$151.61,216 mi,4,$0.7019
GLT,NRT,"1,485","$1,081.62","4,306 mi",4,$0.2512
PER,BWN,"1,482",$606.69,"2,625 mi",4,$0.2311
BNE,KTI,"1,482",$534.57,"4,318 mi",4,$0.1238
SYD,TUL,"1,479","$1,724.47","8,457 mi",4,$0.2039
WLG,PNH,"1,479",$855.24,"5,570 mi",4,$0.1535
PER,DVO,"1,478",$381.13,"2,690 mi",4,$0.1417
BNE,AGP,"1,478","$1,174.67","11,310 mi",4,$0.1039
SYD,BHM,"1,477","$1,575.08","8,880 mi",4,$0.1774
SYD,MOB,"1,476","$3,133.62","8,738 mi",4,$0.3586
AKL,LGA,"1,474","$1,497.88","8,566 mi",4,$0.1749
SYD,CWB,"1,474","$1,215.47","8,359 mi",4,$0.1454
MEL,TAS,"1,473","$1,126.39","7,020 mi",4,$0.1605
SYD,ASE,"1,471","$2,835.33","7,981 mi",4,$0.3553
SYD,YHZ,"1,471","$1,565.83","10,769 mi",4,$0.1454
SYD,XUZ,"1,470",$446.61,"5,334 mi",4,$0.0837
SYD,TKS,"1,468",$545.44,"4,680 mi",4,$0.1165
GLT,SIN,"1,467",$895.64,"3,723 mi",4,$0.2406
PER,VTE,"1,467",$650.89,"3,455 mi",4,$0.1884
MEL,UPG,"1,466",$422.28,"2,842 mi",4,$0.1486
AKL,YYJ,"1,466","$1,057.98","7,236 mi",4,$0.1462
PER,IVC,"1,464",$670.63,"3,005 mi",4,$0.2232
MEL,BXU,"1,464",$271.41,"3,560 mi",4,$0.0762
MEL,GES,"1,460",$229.68,"3,376 mi",4,$0.0680
PMR,PVG,"1,458",$891.29,"6,198 mi",4,$0.1438
ROK,POM,"1,457",$316.50,957 mi,4,$0.3307
SYD,DAM,"1,456",$670.73,"8,486 mi",4,$0.0790
SYD,ADB,"1,456",$562.48,"9,065 mi",4,$0.0620
BME,HKG,"1,454",$747.94,"2,753 mi",4,$0.2717
LST,MNL,"1,454",$516.48,"4,091 mi",4,$0.1262
BNE,KRK,"1,454","$1,004.71","9,252 mi",4,$0.1086
DUD,JFK,"1,453","$1,029.59","9,006 mi",4,$0.1143
SYD,TLH,"1,453",$823.25,"9,496 mi",4,$0.0867
SYD,NAA,"1,452",$152.62,271 mi,4,$0.5632
PMR,JFK,"1,451",$966.92,"9,158 mi",4,$0.1056
ZQN,AMS,"1,451",$940.79,"11,899 mi",4,$0.0791
ADL,MOV,"1,450",$671.26,"1,029 mi",4,$0.6523
CNS,JNB,"1,450","$1,143.12","7,076 mi",4,$0.1615
SYD,JAX,"1,449","$1,929.36","9,090 mi",4,$0.2123
AKL,MRZ,"1,449",$326.64,"1,572 mi",4,$0.2078
AKL,YWG,"1,445","$1,110.62","7,791 mi",4,$0.1426
PER,CKG,"1,445",$308.02,"4,175 mi",4,$0.0738
CBR,BLR,"1,444",$781.01,"5,569 mi",4,$0.1402
AKL,BKI,"1,440",$585.78,"4,659 mi",4,$0.1257
NSN,PVG,"1,439",$801.60,"6,161 mi",4,$0.1301
HBA,AMS,"1,437","$1,080.09","10,287 mi",4,$0.1050
PER,AOR,"1,436",$288.53,"2,742 mi",4,$0.1052
CHC,STN,"1,436","$1,105.11","12,108 mi",4,$0.0913
ADL,TRV,"1,435",$476.28,"4,858 mi",4,$0.0980
SYD,CEI,"1,435",$430.83,"5,175 mi",4,$0.0833
MEL,DMM,"1,432","$1,155.34","7,342 mi",4,$0.1574
ISA,LAX,"1,432","$1,120.53","7,905 mi",4,$0.1417
SYD,TRW,"1,431",$968.08,"2,742 mi",4,$0.3531
SYD,MPH,"1,430",$409.14,"3,816 mi",4,$0.1072
MEL,MDE,"1,430",$863.58,"9,377 mi",4,$0.0921
NPL,LHR,"1,428","$1,021.97","11,191 mi",4,$0.0913
PER,YOW,"1,427","$1,594.38","11,661 mi",4,$0.1367
SYD,MGM,"1,426","$1,884.26","8,874 mi",4,$0.2123
SYD,MFM,"1,426",$248.55,"4,734 mi",4,$0.0525
LST,JNB,"1,425",$978.04,"6,160 mi",4,$0.1588
SYD,CFU,"1,423","$1,435.37","9,452 mi",4,$0.1519
NPE,SFO,"1,422",$905.32,"6,768 mi",4,$0.1338
CNS,DXB,"1,421","$1,116.45","6,935 mi",4,$0.1610
BNE,TRV,"1,421",$585.52,"5,825 mi",4,$0.1005
ZQN,DEN,"1,420","$1,505.64","8,176 mi",4,$0.1842
DRW,BLR,"1,420",$582.06,"3,928 mi",4,$0.1482
AKL,KCH,"1,420",$670.78,"4,745 mi",4,$0.1414
SYD,DRP,"1,419",$279.03,"3,832 mi",4,$0.0728
AKL,URC,"1,413",$509.07,"8,040 mi",4,$0.0633
SYD,OMA,"1,412","$2,115.99","8,557 mi",4,$0.2473
AKL,KBL,"1,412","$1,010.86","8,625 mi",4,$0.1172
CNS,BLR,"1,410",$477.94,"4,933 mi",4,$0.0969
WLG,EDI,"1,409","$1,241.95","11,766 mi",4,$0.1056
PER,LIM,"1,406","$1,811.75","9,000 mi",4,$0.2013
SYD,PVR,"1,405","$1,082.47","7,525 mi",4,$0.1438
PQQ,LHR,"1,405",$905.76,"10,186 mi",4,$0.0889
AKL,QYG,"1,405",$998.12,"11,306 mi",4,$0.0883
MEL,MFM,"1,405",$276.30,"4,743 mi",4,$0.0583
ARM,DPS,"1,404",$375.97,"2,704 mi",4,$0.1390
CHC,TLV,"1,402","$1,249.43","9,719 mi",4,$0.1286
SYD,LBJ,"1,399",$356.81,"2,734 mi",4,$0.1305
BNE,MHD,"1,399",$779.61,"7,263 mi",4,$0.1073
MEL,BRI,"1,397","$1,209.33","9,986 mi",4,$0.1211
HBA,FCO,"1,396","$1,368.15","10,482 mi",4,$0.1305
NSN,IAH,"1,396",$925.20,"7,846 mi",4,$0.1179
ADL,SKG,"1,396",$930.73,"8,703 mi",4,$0.1069
SYD,SZG,"1,393","$1,643.12","9,783 mi",4,$0.1680
AKL,YKA,"1,393","$1,022.44","7,002 mi",4,$0.1460
SYD,KMI,"1,392",$451.07,"4,583 mi",4,$0.0984
PER,NGB,"1,391",$460.14,"4,155 mi",4,$0.1107
CHC,YYC,"1,390","$1,001.97","8,109 mi",4,$0.1236
AKL,PEN,"1,389",$750.41,"5,763 mi",4,$0.1302
GLT,LAX,"1,388","$1,035.80","7,354 mi",4,$0.1408
SYD,SDF,"1,387","$1,944.48","9,015 mi",4,$0.2157
ROK,MNL,"1,385",$521.15,"3,388 mi",4,$0.1538
NSN,YVR,"1,383",$980.84,"7,566 mi",4,$0.1296
SYD,AKJ,"1,383",$592.43,"5,553 mi",4,$0.1067
LST,DFW,"1,381","$1,334.39","8,665 mi",4,$0.1540
CHC,PQQ,"1,374",$312.70,"1,316 mi",4,$0.2376
SYD,MEM,"1,374","$1,465.23","8,740 mi",4,$0.1676
SYD,SJC,"1,374","$1,211.64","7,660 mi",4,$0.1582
MEL,ABZ,"1,373","$1,246.27","10,110 mi",4,$0.1233
PER,NLK,"1,371",$492.82,"3,163 mi",4,$0.1558
TRG,LHR,"1,371","$1,504.80","11,125 mi",4,$0.1353
SYD,ROR,"1,370",$509.83,"3,147 mi",4,$0.1620
BNE,BGO,"1,370","$1,235.33","9,420 mi",4,$0.1311
MEL,RAK,"1,370","$1,154.67","10,520 mi",4,$0.1098
MEL,JUB,"1,370",$617.12,"7,458 mi",4,$0.0827
DUD,DPS,"1,368",$607.33,"4,006 mi",4,$0.1516
SYD,TIU,"1,367",$334.49,"1,324 mi",4,$0.2526
CHC,TMW,"1,366",$342.00,"1,417 mi",4,$0.2414
AKL,SAT,"1,366","$1,458.24","7,465 mi",4,$0.1953
HBA,PVG,"1,361",$745.19,"5,526 mi",4,$0.1349
TRG,YVR,"1,359",$874.82,"6,839 mi",4,$0.1279
ARM,LHR,"1,358",$833.82,"10,719 mi",4,$0.0778
WLG,IAD,"1,355","$2,798.55","8,993 mi",4,$0.3112
MEL,TUO,"1,355",$341.12,"1,740 mi",4,$0.1960
PMR,COK,"1,353",$781.01,"6,939 mi",4,$0.1126
PER,TCA,"1,352",$638.67,"1,371 mi",4,$0.4658
ZQN,SCL,"1,352",$984.17,"6,037 mi",4,$0.1630
MEL,PIT,"1,351","$1,775.30","9,736 mi",4,$0.1823
MEL,MCI,"1,349","$1,756.95","9,551 mi",4,$0.1840
MEL,TRW,"1,348",$907.73,"3,150 mi",4,$0.2882
DRW,BOM,"1,348",$809.37,"4,643 mi",4,$0.1743
ADL,GRU,"1,348","$1,244.02","8,138 mi",4,$0.1529
PER,LAD,"1,345","$3,013.75","6,827 mi",4,$0.4414
MEL,KOA,"1,344",$860.11,"5,352 mi",4,$0.1607
SYD,WRO,"1,344",$766.16,"10,174 mi",4,$0.0753
MEL,CJC,"1,343","$1,092.21","7,504 mi",4,$0.1456
AKL,DBV,"1,343","$1,452.48","11,471 mi",4,$0.1266
ADL,BWT,"1,335",$289.97,556 mi,4,$0.5215
CNS,DUB,"1,333",$932.22,"9,212 mi",4,$0.1012
SYD,RNO,"1,328","$1,809.34","7,839 mi",4,$0.2308
SYD,FAO,"1,328",$994.00,"10,909 mi",4,$0.0911
MEL,HID,"1,327",$508.06,"1,822 mi",4,$0.2788
AKL,MVD,"1,327","$1,130.03","6,301 mi",4,$0.1793
MEL,BGO,"1,326","$1,286.70","9,789 mi",4,$0.1314
MEL,CVG,"1,325","$1,922.42","10,080 mi",4,$0.1907
AKL,CNX,"1,325",$531.04,"6,064 mi",4,$0.0876
PER,THD,"1,325",$262.73,"3,540 mi",4,$0.0742
BNE,TLS,"1,324","$1,074.17","10,821 mi",4,$0.0993
AKL,JAX,"1,323","$1,608.42","8,383 mi",4,$0.1919
SYD,PBI,"1,320","$2,255.69","9,088 mi",4,$0.2482
PER,DSS,"1,317","$2,915.01","8,978 mi",4,$0.3247
CHC,SUV,"1,317",$424.36,"1,847 mi",4,$0.2298
MEL,STR,"1,316","$1,574.77","9,809 mi",4,$0.1605
CHC,CEB,"1,315",$437.64,"4,949 mi",4,$0.0884
CHC,IAD,"1,314","$1,940.06","9,161 mi",4,$0.2118
SYD,BOD,"1,314","$1,410.14","11,092 mi",4,$0.1271
WLG,SCL,"1,312",$958.64,"5,978 mi",4,$0.1604
ARM,HND,"1,310",$621.77,"4,491 mi",4,$0.1384
PER,ROT,"1,308",$574.47,"3,482 mi",4,$0.1650
AKL,AMM,"1,308","$1,117.20","10,379 mi",4,$0.1076
MEL,YIW,"1,307",$414.55,"5,047 mi",4,$0.0821
KGI,HKG,"1,306",$381.33,"3,814 mi",4,$0.1000
ADL,NPE,"1,305",$413.22,"2,181 mi",4,$0.1895
PER,WRE,"1,305",$568.75,"3,212 mi",4,$0.1771
MEL,IQQ,"1,304","$1,535.56","8,049 mi",4,$0.1908
AKL,ABQ,"1,303","$1,189.94","6,869 mi",4,$0.1732
AKL,SWA,"1,301",$378.06,"5,797 mi",4,$0.0652
MEL,HAJ,"1,300","$1,222.15","9,768 mi",4,$0.1251
CBR,PVG,"1,298","$1,064.27","4,775 mi",4,$0.2229
MEL,FLN,"1,297","$1,147.12","8,074 mi",4,$0.1421
MCY,DOH,"1,297",$595.09,"7,414 mi",4,$0.0803
BNE,VFA,"1,295",$806.95,"7,480 mi",4,$0.1079
CHC,MOV,"1,293",$375.05,"2,098 mi",4,$0.1788
MEL,CFU,"1,293","$1,072.79","9,794 mi",4,$0.1095
AKL,TLL,"1,291",$986.82,"10,707 mi",4,$0.0922
WLG,ORD,"1,290","$1,314.34","8,098 mi",4,$0.1623
SYD,IDR,"1,290",$505.64,"6,118 mi",4,$0.0826
CHC,PDX,"1,288",$821.24,"7,105 mi",4,$0.1156
SYD,IBZ,"1,283","$1,322.28","10,409 mi",4,$0.1270
SYD,VCL,"1,283",$365.52,"4,276 mi",4,$0.0855
SYD,COV,"1,283",$444.53,"8,635 mi",4,$0.0515
MEL,DGT,"1,281",$288.02,"3,428 mi",4,$0.0840
MEL,VNO,"1,280",$872.01,"9,142 mi",4,$0.0954
SYD,LZH,"1,280",$353.19,"4,719 mi",4,$0.0748
PER,RMA,"1,277",$456.99,"1,945 mi",3,$0.2350
MEL,JMK,"1,277","$1,366.95","8,908 mi",3,$0.1535
HTI,MNL,"1,277",$237.06,"3,158 mi",3,$0.0751
BNE,ANC,"1,276","$1,573.30","7,098 mi",3,$0.2217
AKL,KOA,"1,276",$852.10,"4,226 mi",3,$0.2016
PER,WDH,"1,275","$1,115.95","5,700 mi",3,$0.1958
SYD,ADD,"1,275",$839.73,"7,608 mi",3,$0.1104
CHC,WGA,"1,274",$348.36,"1,407 mi",3,$0.2476
SYD,SNN,"1,274",$802.73,"10,487 mi",3,$0.0765
SYD,VLC,"1,273","$1,001.53","11,153 mi",3,$0.0898
PER,UET,"1,271",$840.95,"5,525 mi",3,$0.1522
CHC,ALB,"1,270",$909.40,"9,460 mi",3,$0.0961
BHE,LAX,"1,269",$771.55,"6,956 mi",3,$0.1109
MEL,UIO,"1,268","$1,484.98","8,905 mi",3,$0.1668
CHC,MCO,"1,268","$1,053.89","8,066 mi",3,$0.1307
PQQ,MNL,"1,268",$454.77,"3,698 mi",3,$0.1230
BNE,MDE,"1,267",$900.78,"8,668 mi",3,$0.1039
MEL,LXS,"1,267",$820.20,"9,521 mi",3,$0.0861
AKL,USM,"1,263",$710.32,"5,966 mi",3,$0.1191
DRW,CMB,"1,263",$414.83,"3,867 mi",3,$0.1073
HBA,SFO,"1,262","$1,186.10","7,679 mi",3,$0.1545
SYD,BAH,"1,261","$1,419.76","7,542 mi",3,$0.1882
BNE,BEY,"1,261",$845.15,"8,493 mi",3,$0.0995
NTL,PVG,"1,260",$644.68,"4,688 mi",3,$0.1375
BNE,TUO,"1,259",$287.55,"1,491 mi",3,$0.1929
NPL,JFK,"1,257",$941.77,"8,654 mi",3,$0.1088
CNS,YYZ,"1,251","$1,340.96","8,938 mi",3,$0.1500
MEL,ECN,"1,251",$514.41,"8,965 mi",3,$0.0574
EMD,MNL,"1,250",$566.43,"3,111 mi",3,$0.1821
SYD,DSM,"1,250","$1,362.39","8,670 mi",3,$0.1571
MEL,SYZ,"1,250",$837.60,"7,317 mi",3,$0.1145
SYD,VTZ,"1,250",$509.22,"5,544 mi",3,$0.0919
ADL,CCU,"1,249",$682.91,"5,002 mi",3,$0.1365
NPE,JFK,"1,246",$934.95,"9,070 mi",3,$0.1031
BDB,LAX,"1,244",$868.34,"6,905 mi",3,$0.1258
AKL,PMI,"1,243","$1,553.57","12,330 mi",3,$0.1260
BNE,PQC,"1,243",$458.38,"4,314 mi",3,$0.1063
ZQN,CAN,"1,243",$509.34,"5,697 mi",3,$0.0894
SYD,ZUH,"1,241",$249.96,"4,734 mi",3,$0.0528
ADL,JED,"1,240",$991.47,"7,800 mi",3,$0.1271
ZQN,PPT,"1,239",$540.30,"3,145 mi",3,$0.1718
SYD,CHS,"1,238","$2,032.14","9,228 mi",3,$0.2202
LRE,LAX,"1,237",$798.21,"7,278 mi",3,$0.1097
CBR,GVA,"1,236","$1,834.75","10,073 mi",3,$0.1821
SYD,SJU,"1,235","$1,750.18","10,210 mi",3,$0.1714
SYD,CRK,"1,234",$413.63,"3,829 mi",3,$0.1080
GIS,NAN,"1,233",$275.32,"1,402 mi",3,$0.1964
HBA,CAN,"1,233",$585.41,"4,915 mi",3,$0.1191
CBR,AMS,"1,232","$1,755.41","10,651 mi",3,$0.1648
PER,BSL,"1,230",$820.06,"8,886 mi",3,$0.0923
CNS,DMK,"1,230",$187.50,"3,855 mi",3,$0.0486
PER,RMQ,"1,227",$826.27,"3,778 mi",3,$0.2187
CHC,EWR,"1,226","$1,379.04","8,832 mi",3,$0.1561
CFS,HND,"1,226",$613.25,"4,494 mi",3,$0.1365
PER,RUN,"1,225",$534.48,"3,884 mi",3,$0.1376
SYD,RVN,"1,225","$1,223.15","9,584 mi",3,$0.1276
BNE,SKP,"1,224",$671.97,"9,831 mi",3,$0.0684
ADL,USM,"1,222",$552.22,"3,851 mi",3,$0.1434
EMD,SIN,"1,221",$635.10,"3,533 mi",3,$0.1798
SYD,IPH,"1,221",$504.64,"4,335 mi",3,$0.1164
OOL,DEL,"1,220",$700.63,"6,583 mi",3,$0.1064
PQQ,SIN,"1,219",$541.99,"3,801 mi",3,$0.1426
CHC,ARN,"1,217","$1,187.45","10,567 mi",3,$0.1124
IVC,PVG,"1,217",$650.86,"5,910 mi",3,$0.1101
MEL,TGG,"1,217",$364.44,"3,884 mi",3,$0.0938
DUD,MNL,"1,216",$733.21,"5,331 mi",3,$0.1375
WLG,BCN,"1,216","$1,311.17","11,697 mi",3,$0.1121
AKL,IQQ,"1,215","$1,771.12","6,436 mi",3,$0.2752
SYD,TUO,"1,215",$335.17,"1,463 mi",3,$0.2291
ADL,YUL,"1,215","$1,656.74","10,282 mi",3,$0.1611
SYD,ABQ,"1,214","$1,416.84","8,373 mi",3,$0.1692
SYD,OKC,"1,214","$1,478.57","8,868 mi",3,$0.1667
ADL,RUH,"1,213","$2,365.19","7,064 mi",3,$0.3348
SYD,LAE,"1,213",$613.75,"1,856 mi",3,$0.3307
MEL,YHZ,"1,212","$1,393.27","11,218 mi",3,$0.1242
WLG,ATH,"1,212","$1,232.84","10,550 mi",3,$0.1169
AKL,CJU,"1,212",$578.45,"5,606 mi",3,$0.1032
AVV,DFW,"1,211","$2,543.82","8,749 mi",3,$0.2908
SYD,RGN,"1,211",$578.73,"4,893 mi",3,$0.1183
CBR,JFK,"1,210","$2,748.95","10,393 mi",3,$0.2645
CHC,AVV,"1,210",$359.55,"1,463 mi",3,$0.2458
BNE,SUB,"1,209",$638.36,"3,066 mi",3,$0.2082
PMR,IAH,"1,209",$861.31,"7,700 mi",3,$0.1119
SYD,TYS,"1,208","$1,504.42","9,069 mi",3,$0.1659
PER,LCA,"1,208",$934.28,"6,843 mi",3,$0.1365
LEA,HKG,"1,207",$625.78,"3,170 mi",3,$0.1974
ZQN,PEK,"1,207",$630.41,"6,910 mi",3,$0.0912
MEL,YYJ,"1,206","$1,258.00","7,930 mi",3,$0.1586
EMD,LAX,"1,205",$830.28,"7,513 mi",3,$0.1105
MEL,CPD,"1,204","$1,105.05",809 mi,3,$1.3659
MEL,JRO,"1,204","$1,032.24","6,823 mi",3,$0.1513
NSN,JFK,"1,204","$1,057.69","9,303 mi",3,$0.1137
PER,ITM,"1,203",$498.20,"4,637 mi",3,$0.1074
ADL,FOC,"1,203",$388.39,"4,516 mi",3,$0.0860
BNE,ABM,"1,201",$458.61,"1,290 mi",3,$0.3555
CHC,MSP,"1,200","$1,274.65","8,652 mi",3,$0.1473
BNE,SOF,"1,200",$810.36,"9,167 mi",3,$0.0884
CBR,TPE,"1,199","$1,128.50","4,692 mi",3,$0.2405
SYD,GDN,"1,199","$1,015.98","9,477 mi",3,$0.1072
HBA,DOH,"1,199",$689.78,"7,899 mi",3,$0.0873
BNE,HET,"1,199",$467.90,"5,568 mi",3,$0.0840
SYD,TGD,"1,199",$733.58,"9,503 mi",3,$0.0772
AVV,KIX,"1,199",$148.88,"4,891 mi",3,$0.0304
ABX,HND,"1,196",$600.86,"4,821 mi",3,$0.1246
GET,LHR,"1,195",$954.95,"9,074 mi",3,$0.1052
WLG,MXP,"1,194","$1,185.65","12,029 mi",3,$0.0986
SYD,CZX,"1,194",$371.81,"5,138 mi",3,$0.0724
AKL,BWT,"1,191",$312.67,"1,624 mi",3,$0.1925
ADL,SLC,"1,189","$1,810.00","8,414 mi",3,$0.2151
LST,KTM,"1,189",$466.86,"6,015 mi",3,$0.0776
PQQ,DPS,"1,186",$445.25,"2,795 mi",3,$0.1593
CBR,YVR,"1,183","$1,406.41","7,677 mi",3,$0.1832
MEL,HDY,"1,183",$432.39,"4,078 mi",3,$0.1060
SYD,PIA,"1,181","$2,442.09","9,400 mi",3,$0.2598
CHC,IUE,"1,181",$310.28,"1,911 mi",3,$0.1624
SYD,STR,"1,179","$1,160.15","10,552 mi",3,$0.1099
PER,DJB,"1,178",$380.37,"2,175 mi",3,$0.1749
PER,FNC,"1,178","$1,108.22","9,991 mi",3,$0.1109
PMR,YVR,"1,178",$796.34,"7,434 mi",3,$0.1071
CHC,XIY,"1,178",$396.07,"6,915 mi",3,$0.0573
ADL,MIA,"1,176","$2,043.82","10,355 mi",3,$0.1974
SYD,GYD,"1,176",$976.63,"8,466 mi",3,$0.1154
MEL,CHQ,"1,175",$884.04,"8,924 mi",3,$0.0991
PER,BHQ,"1,174",$621.09,"1,536 mi",3,$0.4044
PHE,HKG,"1,174",$741.10,"2,877 mi",3,$0.2576
MEL,LIH,"1,174",$675.20,"5,322 mi",3,$0.1269
NPE,YVR,"1,174",$808.96,"7,344 mi",3,$0.1102
WLG,IST,"1,174","$1,079.43","11,007 mi",3,$0.0981
BDB,MNL,"1,173",$449.34,"3,341 mi",3,$0.1345
ADL,EBB,"1,173",$778.15,"6,913 mi",3,$0.1126
AYQ,HND,"1,172",$746.88,"4,363 mi",3,$0.1712
AKL,DSM,"1,169","$1,420.91","8,150 mi",3,$0.1743
SYD,RHO,"1,168","$1,066.30","9,543 mi",3,$0.1117
ADL,PMR,"1,166",$459.00,"2,108 mi",3,$0.2177
PER,TIA,"1,166",$762.00,"8,168 mi",3,$0.0933
CNS,IAH,"1,165","$1,812.35","8,759 mi",3,$0.2069
MEL,ZAM,"1,165",$310.63,"3,515 mi",3,$0.0884
CHC,MQL,"1,164",$283.40,"1,798 mi",3,$0.1576
SYD,ORF,"1,164","$1,386.03","9,494 mi",3,$0.1460
SYD,GUM,"1,163","$1,275.83","3,205 mi",3,$0.3981
PER,TUS,"1,163","$3,444.33","9,420 mi",3,$0.3656
WLG,POM,"1,162",$680.38,"2,854 mi",3,$0.2384
WLG,CEB,"1,161",$453.89,"4,665 mi",3,$0.0973
PER,HIR,"1,160",$555.12,"3,311 mi",3,$0.1677
CHC,CFS,"1,159",$347.16,"1,442 mi",3,$0.2407
PER,LBU,"1,159",$362.57,"2,496 mi",3,$0.1453
MEL,LKO,"1,159",$432.03,"5,897 mi",3,$0.0733
DRW,SFO,"1,158","$1,858.91","7,420 mi",3,$0.2505
CNS,DEN,"1,158","$1,212.26","8,227 mi",3,$0.1474
DUD,YVR,"1,158",$942.16,"7,460 mi",3,$0.1263
SYD,LJG,"1,158",$331.08,"5,193 mi",3,$0.0638
PER,KKE,"1,157",$548.34,"3,196 mi",3,$0.1716
DBO,HND,"1,156",$534.18,"4,859 mi",3,$0.1099
ABX,LHR,"1,155","$1,046.35","10,834 mi",3,$0.0966
ADL,BLQ,"1,154","$1,189.33","9,319 mi",3,$0.1276
GET,HKG,"1,154",$401.78,"3,637 mi",3,$0.1105
CHC,TAO,"1,154",$508.41,"6,231 mi",3,$0.0816
CNS,BCN,"1,153",$955.36,"9,993 mi",3,$0.0956
BNE,PDG,"1,150",$487.54,"3,822 mi",3,$0.1276
ADL,DCA,"1,149","$2,922.17","10,779 mi",3,$0.2711
GIS,SIN,"1,149",$713.14,"5,582 mi",3,$0.1278
BHE,PVG,"1,149",$720.90,"5,835 mi",3,$0.1235
PER,HDY,"1,149",$338.09,"2,789 mi",3,$0.1212
PER,CJU,"1,149",$369.64,"4,711 mi",3,$0.0785
NSN,TPE,"1,147",$709.21,"5,835 mi",3,$0.1215
SYD,UET,"1,146",$942.15,"7,265 mi",3,$0.1297
TRG,HNL,"1,145",$600.83,"4,542 mi",3,$0.1323
HBA,YVR,"1,141","$1,072.97","8,581 mi",3,$0.1250
TSV,CGK,"1,140",$858.61,"2,927 mi",3,$0.2933
GIS,DPS,"1,140",$620.85,"4,512 mi",3,$0.1376
BDB,SIN,"1,139",$618.70,"3,817 mi",3,$0.1621
WLG,LAS,"1,139","$1,051.51","6,733 mi",3,$0.1562
SYD,GYE,"1,137","$1,287.80","8,042 mi",3,$0.1601
TRG,JFK,"1,135","$2,024.27","8,520 mi",3,$0.2376
IVC,SFO,"1,134","$1,132.56","6,999 mi",3,$0.1618
BNE,LJU,"1,134",$974.03,"10,140 mi",3,$0.0961
CHC,NOU,"1,133",$450.77,"1,481 mi",3,$0.3044
MEL,ANF,"1,133","$1,288.91","7,861 mi",3,$0.1640
BNE,MCI,"1,133","$1,176.63","8,782 mi",3,$0.1340
PMR,HNL,"1,133",$508.82,"4,449 mi",3,$0.1144
BNE,CMA,"1,132",$214.68,475 mi,3,$0.4520
DRW,PEN,"1,132",$374.80,"2,505 mi",3,$0.1496
CNS,DOH,"1,132",$676.75,"6,751 mi",3,$0.1002
PER,BNA,"1,131","$1,804.79","11,444 mi",3,$0.1577
OOL,CDG,"1,131","$1,340.00","10,641 mi",3,$0.1259
NPL,SFO,"1,131",$670.35,"6,450 mi",3,$0.1039
BNE,YNT,"1,130",$613.26,"5,101 mi",3,$0.1202
PER,KHH,"1,128",$370.29,"3,665 mi",3,$0.1010
BHE,NRT,"1,127","$1,020.89","5,573 mi",3,$0.1832
MEL,EVN,"1,127","$1,122.30","8,557 mi",3,$0.1312
AKL,YHZ,"1,126","$1,077.43","9,130 mi",3,$0.1180
CHC,LIS,"1,126","$1,375.38","11,736 mi",3,$0.1172
SYD,BSB,"1,124","$1,551.03","8,509 mi",3,$0.1823
BNE,CKY,"1,123","$3,976.56","11,260 mi",3,$0.3532
SYD,SMI,"1,122",$943.13,"9,629 mi",3,$0.0979
CHC,QYG,"1,121","$1,187.56","11,600 mi",3,$0.1024
SYD,GEG,"1,120","$1,196.97","7,717 mi",3,$0.1551
MEL,YLW,"1,117","$1,107.42","8,128 mi",3,$0.1362
MEL,RMA,"1,116",$228.80,778 mi,3,$0.2941
WLG,ZRH,"1,113","$1,106.52","11,289 mi",3,$0.0980
ADL,BQB,"1,112",$311.96,"1,280 mi",3,$0.2437
MEL,SJO,"1,112",$990.68,"8,584 mi",3,$0.1154
MEL,QYG,"1,112","$1,100.61","10,219 mi",3,$0.1077
TMW,LHR,"1,112",$869.94,"10,722 mi",3,$0.0811
AKL,CJC,"1,111",$859.36,"6,799 mi",3,$0.1264
AKL,RIX,"1,111",$920.22,"10,202 mi",3,$0.0902
ADL,FUK,"1,110",$692.81,"4,621 mi",3,$0.1499
BNE,CMH,"1,110","$1,162.08","9,431 mi",3,$0.1232
BNE,PMI,"1,108","$1,374.93","10,861 mi",3,$0.1266
AKL,KHH,"1,108",$660.62,"5,267 mi",3,$0.1254
AKL,VTE,"1,108",$687.84,"6,217 mi",3,$0.1106
MEL,MSN,"1,105","$1,285.75","9,323 mi",3,$0.1379
TSV,DXB,"1,104","$1,033.49","7,066 mi",3,$0.1463
WGA,HND,"1,104",$574.82,"4,764 mi",3,$0.1207
DRW,DUB,"1,102",$787.93,"9,025 mi",3,$0.0873
TUO,LAX,"1,101",$975.34,"6,736 mi",3,$0.1448
PER,VII,"1,101",$329.86,"3,460 mi",3,$0.0953
SYD,LIN,"1,101","$1,007.05","10,594 mi",3,$0.0951
AKL,BLQ,"1,098","$1,381.15","11,774 mi",3,$0.1173
SYD,UTH,"1,097",$391.19,"4,908 mi",3,$0.0797
BNE,AUH,"1,096","$1,038.09","7,687 mi",3,$0.1350
ZQN,SEA,"1,093","$1,055.63","7,860 mi",3,$0.1343
DBO,DPS,"1,092",$573.85,"2,602 mi",3,$0.2205
ADL,BKI,"1,092",$424.50,"3,276 mi",3,$0.1296
DRW,FCO,"1,091",$909.07,"8,503 mi",3,$0.1069
PER,WOL,"1,090",$355.19,"1,950 mi",3,$0.1821
SYD,PTY,"1,090","$1,078.39","8,543 mi",3,$0.1262
MEL,ANC,"1,088","$1,253.10","7,972 mi",3,$0.1572
SYD,PLZ,"1,086","$1,040.65","6,763 mi",3,$0.1539
SYD,UBJ,"1,086",$658.12,"4,718 mi",3,$0.1395
SYD,ZAL,"1,086",$859.97,"6,818 mi",3,$0.1261
OOL,DOH,"1,086",$454.31,"7,932 mi",3,$0.0573
ADL,HLZ,"1,083",$556.09,"1,982 mi",3,$0.2806
SYD,KUA,"1,083",$555.27,"3,943 mi",3,$0.1408
NPL,PVG,"1,083",$831.22,"6,076 mi",3,$0.1368
BNE,SZX,"1,080",$397.52,"4,469 mi",3,$0.0890
PER,AEP,"1,079","$1,916.68","8,062 mi",3,$0.2377
CBR,LAS,"1,078","$1,375.21","8,106 mi",3,$0.1697
CHC,NCL,"1,078","$1,135.25","11,946 mi",3,$0.0950
BNE,CLE,"1,077","$1,815.44","8,938 mi",3,$0.2031
BNE,OGG,"1,076",$709.68,"4,885 mi",3,$0.1453
WGA,CGK,"1,075",$571.54,"3,374 mi",3,$0.1694
PER,FAI,"1,074","$3,842.31","8,623 mi",3,$0.4456
PER,TGG,"1,074",$282.73,"2,795 mi",3,$0.1012
MEL,DNZ,"1,072",$838.67,"9,237 mi",3,$0.0908
ASP,IAD,"1,069","$4,539.76","10,017 mi",3,$0.4532
PER,DCA,"1,068","$2,868.89","11,910 mi",3,$0.2409
AKL,LCY,"1,068",$813.08,"11,744 mi",3,$0.0692
CNS,BOM,"1,067",$670.45,"5,703 mi",3,$0.1176
MEL,ZHA,"1,064",$295.53,"4,794 mi",3,$0.0616
MEL,CUZ,"1,063","$1,169.34","8,415 mi",3,$0.1390
MEL,TAK,"1,063",$589.31,"4,865 mi",3,$0.1211
MEL,LZH,"1,063",$355.71,"5,001 mi",3,$0.0711
BNE,MIM,"1,062",$229.70,663 mi,3,$0.3465
SYD,BLL,"1,061",$893.98,"9,788 mi",3,$0.0913
PER,KUA,"1,060",$409.02,"2,684 mi",3,$0.1524
SYD,LUX,"1,059","$1,489.25","10,048 mi",3,$0.1482
BNE,SYX,"1,059",$395.90,"4,175 mi",3,$0.0948
BNE,NTN,"1,056",$243.93,988 mi,3,$0.2469
BNE,DMK,"1,055",$649.75,"4,665 mi",3,$0.1393
BNE,ALA,"1,054","$1,417.13","6,650 mi",3,$0.2131
MQL,CGK,"1,053",$436.23,"3,068 mi",3,$0.1422
MQL,DPS,"1,051",$362.26,"2,526 mi",3,$0.1434
GET,SIN,"1,050",$577.49,"2,135 mi",3,$0.2705
SYD,BBA,"1,050",$782.68,"6,494 mi",3,$0.1205
WLG,BHX,"1,049","$1,330.14","11,301 mi",3,$0.1177
SYD,BOI,"1,048","$1,941.94","8,137 mi",3,$0.2387
HVB,HND,"1,048",$929.82,"4,163 mi",3,$0.2234
TMW,LAX,"1,048",$729.29,"7,636 mi",3,$0.0955
PER,PMO,"1,045",$947.11,"7,935 mi",3,$0.1194
CBR,ATH,"1,044","$1,451.76","9,156 mi",3,$0.1586
HVB,MNL,"1,042",$429.54,"3,384 mi",3,$0.1269
SYD,TAE,"1,042",$460.46,"5,190 mi",3,$0.0887
ASP,HKG,"1,041",$346.08,"3,561 mi",3,$0.0972
SYD,XNB,"1,038",$624.29,"7,249 mi",3,$0.0861
BNE,GZO,"1,034",$335.56,"1,314 mi",3,$0.2554
SYD,SAL,"1,034",$725.33,"8,178 mi",3,$0.0887
BNE,RMQ,"1,034",$326.20,"4,049 mi",3,$0.0806
MKY,NAN,"1,032",$252.12,"1,798 mi",3,$0.1402
SYD,POZ,"1,032","$1,188.28","10,160 mi",3,$0.1170
WLG,AMD,"1,032",$774.32,"8,103 mi",3,$0.0956
SYD,CAE,"1,031","$1,777.22","9,757 mi",3,$0.1821
WGA,LHR,"1,031",$965.23,"10,809 mi",3,$0.0893
BNE,ORK,"1,031",$867.21,"10,181 mi",3,$0.0852
NTL,POM,"1,030",$367.71,"1,689 mi",3,$0.2177
MEL,WRO,"1,030",$938.32,"9,475 mi",3,$0.0990
AKL,POA,"1,029",$806.46,"7,142 mi",3,$0.1129
ROT,SIN,"1,028",$890.93,"5,163 mi",3,$0.1726
PER,OUA,"1,026","$1,740.17","8,023 mi",3,$0.2169
NPL,YVR,"1,026","$1,038.47","6,974 mi",3,$0.1489
BNE,PIT,"1,024","$1,863.81","9,018 mi",3,$0.2067
PER,IPH,"1,022",$474.76,"2,786 mi",3,$0.1704
MOV,LAX,"1,022",$690.22,"7,463 mi",3,$0.0925
ZQN,BOS,"1,021","$2,117.07","9,229 mi",3,$0.2294
CBR,HKT,"1,018",$681.90,"4,333 mi",3,$0.1574
MEL,BHD,"1,018","$1,199.94","10,952 mi",3,$0.1096
CHC,ATQ,"1,017",$584.86,"8,284 mi",3,$0.0706
CBR,PEK,"1,015","$1,405.05","5,775 mi",3,$0.2433
MEL,PMC,"1,015",$943.75,"6,664 mi",3,$0.1416
WTB,HND,"1,013",$389.36,"4,563 mi",3,$0.0853
ADL,ATL,"1,012","$1,239.80","10,301 mi",3,$0.1204
MEL,BAH,"1,008","$1,496.85","7,744 mi",3,$0.1933
IVC,IAH,"1,008","$1,120.07","7,730 mi",3,$0.1449
BNE,QYG,"1,007",$726.36,"9,422 mi",3,$0.0771
AKL,TUS,"1,006","$1,727.01","6,558 mi",3,$0.2633
ZQN,BOM,"1,005",$798.96,"7,200 mi",3,$0.1110
CNS,PEK,"1,005",$447.21,"4,491 mi",3,$0.0996
AKL,BOI,"1,004","$1,240.05","6,834 mi",3,$0.1815
CHC,FUK,"1,004",$886.83,"6,127 mi",3,$0.1447
NPE,HNL,"1,003",$476.85,"4,370 mi",3,$0.1091
CHC,BUD,"1,002","$1,373.57","11,454 mi",3,$0.1199
NPE,MNL,"1,001",$514.63,"5,330 mi",3,$0.0966