ORIGIN,DESTINATION,PAX IN/OUT,AVG. FARE ($),DISTANCE (MI),DAILY PAX I/O,RPM ($/MI)
HAN,SGN,"6,943,989",$113.04,699 mi,"19,025",$0.1617
HND,FUK,"6,524,584",$174.68,564 mi,"17,876",$0.3097
HND,CTS,"6,473,023",$154.85,524 mi,"17,734",$0.2955
PEK,SHA,"4,935,240",$301.80,649 mi,"13,521",$0.4650
HND,OKA,"4,188,914",$217.69,937 mi,"11,476",$0.2323
SZX,SHA,"4,125,879",$296.33,728 mi,"11,304",$0.4070
CGK,UPG,"3,975,941",$167.67,863 mi,"10,893",$0.1943
ICN,KIX,"3,873,917",$105.26,551 mi,"10,613",$0.1910
ICN,NRT,"3,783,986",$121.12,804 mi,"10,367",$0.1506
HKG,TPE,"3,775,559",$102.32,516 mi,"10,344",$0.1983
CAN,SHA,"3,653,086",$257.82,708 mi,"10,008",$0.3642
PEK,SZX,"3,574,441",$418.52,"1,252 mi","9,793",$0.3343
CGK,DPS,"3,518,435",$119.55,629 mi,"9,640",$0.1901
CEB,MNL,"3,322,057",$60.62,363 mi,"9,102",$0.1670
HND,ITM,"3,265,053",$85.62,259 mi,"8,945",$0.3306
KUL,SIN,"3,193,366",$90.59,190 mi,"8,749",$0.4768
DAD,SGN,"3,102,608",$64.91,365 mi,"8,500",$0.1778
DAD,HAN,"3,079,899",$65.20,378 mi,"8,438",$0.1725
ICN,FUK,"3,032,876",$84.54,340 mi,"8,309",$0.2486
CTU,PEK,"2,978,309",$204.48,996 mi,"8,160",$0.2053
HGH,SZX,"2,868,616",$218.98,645 mi,"7,859",$0.3395
CGK,SUB,"2,849,435",$118.76,442 mi,"7,807",$0.2687
CAN,PEK,"2,686,728",$243.65,"1,134 mi","7,361",$0.2149
CGK,SIN,"2,653,340",$213.33,565 mi,"7,269",$0.3776
NRT,TPE,"2,649,539",$230.07,"1,314 mi","7,259",$0.1751
CGK,KNO,"2,623,179",$164.30,836 mi,"7,187",$0.1965
CAN,HGH,"2,610,234",$179.95,626 mi,"7,151",$0.2875
HND,KOJ,"2,579,586",$153.51,598 mi,"7,067",$0.2567
CNX,DMK,"2,502,074",$60.26,342 mi,"6,855",$0.1762
CTU,SZX,"2,400,695",$227.81,844 mi,"6,577",$0.2699
DMK,HKT,"2,383,340",$55.28,443 mi,"6,530",$0.1248
KIX,TPE,"2,370,816",$161.30,"1,026 mi","6,495",$0.1572
KIX,PVG,"2,277,873",$108.43,836 mi,"6,241",$0.1297
BKK,SIN,"2,189,993",$177.23,906 mi,"6,000",$0.1956
SUB,UPG,"2,177,877",$126.34,477 mi,"5,967",$0.2649
KUL,BKI,"2,175,562",$83.82,"1,042 mi","5,960",$0.0804
HND,KMJ,"2,162,896",$163.07,527 mi,"5,926",$0.3094
CAN,PKX,"2,097,525",$220.61,"1,162 mi","5,747",$0.1899
BKK,ICN,"2,086,634",$222.82,"2,211 mi","5,717",$0.1008
CKG,SZX,"2,076,564",$191.32,641 mi,"5,689",$0.2985
ICN,TPE,"2,075,407",$158.47,936 mi,"5,686",$0.1693
CGK,KUL,"2,055,131",$107.87,722 mi,"5,630",$0.1494
MNL,MPH,"2,044,587",$67.25,195 mi,"5,602",$0.3449
DVO,MNL,"2,010,599",$66.09,617 mi,"5,508",$0.1071
BKK,HKT,"2,000,381",$66.27,406 mi,"5,480",$0.1632
HND,NGS,"1,987,885",$202.57,574 mi,"5,446",$0.3529
PKX,SZX,"1,950,858",$310.80,"1,211 mi","5,345",$0.2566
SZX,XIY,"1,924,313",$183.81,897 mi,"5,272",$0.2049
BKK,HKG,"1,898,605",$113.14,"1,018 mi","5,202",$0.1111
HGH,PEK,"1,891,712",$234.95,693 mi,"5,183",$0.3390
HKG,ICN,"1,885,853",$165.64,"1,247 mi","5,167",$0.1328
HND,HIJ,"1,877,428",$132.80,408 mi,"5,144",$0.3255
BKK,CNX,"1,844,981",$65.48,382 mi,"5,055",$0.1714
SGN,TPE,"1,832,132",$102.61,"1,413 mi","5,020",$0.0726
CAN,TFU,"1,831,730",$154.89,703 mi,"5,018",$0.2203
HKG,KIX,"1,806,628",$179.30,"1,584 mi","4,950",$0.1132
KUL,KCH,"1,795,776",$66.65,584 mi,"4,920",$0.1141
NGO,OKA,"1,790,421",$145.56,785 mi,"4,905",$0.1854
CKG,PEK,"1,789,116",$213.75,937 mi,"4,902",$0.2281
BKK,TPE,"1,782,301",$137.68,"1,592 mi","4,883",$0.0865
CAN,CTU,"1,717,134",$122.86,737 mi,"4,704",$0.1667
HKG,NRT,"1,712,621",$219.32,"1,786 mi","4,692",$0.1228
CAN,NKG,"1,697,495",$176.20,690 mi,"4,651",$0.2554
CGK,BPN,"1,689,641",$135.56,804 mi,"4,629",$0.1686
MNL,ILO,"1,681,238",$45.47,281 mi,"4,606",$0.1618
HND,MYJ,"1,667,233",$134.39,406 mi,"4,568",$0.3310
CTU,HGH,"1,651,138",$211.66,"1,011 mi","4,524",$0.2094
SZX,NKG,"1,641,970",$245.62,680 mi,"4,499",$0.3612
CAN,XIY,"1,631,292",$136.90,835 mi,"4,469",$0.1640
DAD,ICN,"1,625,376",$172.67,"1,908 mi","4,453",$0.0905
HND,KMI,"1,622,630",$126.96,526 mi,"4,446",$0.2414
HKG,MNL,"1,616,242",$116.33,733 mi,"4,428",$0.1587
HND,GMP,"1,614,462",$250.71,755 mi,"4,423",$0.3321
NGO,CTS,"1,612,270",$98.30,589 mi,"4,417",$0.1669
CTU,LXA,"1,607,817",$168.49,761 mi,"4,405",$0.2214
HGH,XIY,"1,605,295",$154.90,719 mi,"4,398",$0.2154
PVG,SZX,"1,578,433",$282.84,743 mi,"4,324",$0.3807
KUL,LGK,"1,577,117",$38.57,291 mi,"4,321",$0.1325
HKG,PVG,"1,575,573",$163.46,757 mi,"4,317",$0.2159
DMK,HDY,"1,560,936",$55.30,468 mi,"4,277",$0.1182
NRT,PVG,"1,560,645",$162.55,"1,149 mi","4,276",$0.1415
CGK,PLM,"1,550,722",$71.21,252 mi,"4,249",$0.2826
CKG,HGH,"1,550,621",$187.77,851 mi,"4,248",$0.2206
PVG,DLC,"1,548,781",$126.75,557 mi,"4,243",$0.2276
XMN,SHA,"1,548,344",$190.28,485 mi,"4,242",$0.3923
MNL,SIN,"1,544,327",$237.04,"1,519 mi","4,231",$0.1561
SIN,TPE,"1,517,932",$268.37,"1,942 mi","4,159",$0.1382
CTU,SHA,"1,510,313",$342.11,"1,000 mi","4,138",$0.3421
PVG,SHE,"1,507,861",$166.35,753 mi,"4,131",$0.2209
HKG,SIN,"1,493,845",$415.80,"1,546 mi","4,093",$0.2690
PVG,SIN,"1,472,761",$358.44,"2,435 mi","4,035",$0.1472
NRT,CTS,"1,472,261",$109.06,474 mi,"4,034",$0.2301
ICN,SIN,"1,469,721",$349.89,"2,961 mi","4,027",$0.1182
ICN,PVG,"1,466,555",$112.75,496 mi,"4,018",$0.2273
CKG,SHA,"1,463,743",$238.49,906 mi,"4,010",$0.2632
KUL,PEN,"1,462,295",$35.13,196 mi,"4,006",$0.1792
SZX,TFU,"1,436,825",$169.40,761 mi,"3,937",$0.2226
CGO,SZX,"1,425,177",$206.22,846 mi,"3,905",$0.2438
CAN,PVG,"1,422,818",$220.47,770 mi,"3,898",$0.2863
PVG,HRB,"1,422,386",$174.47,998 mi,"3,897",$0.1748
CAN,CGO,"1,402,384",$137.22,746 mi,"3,842",$0.1839
CAN,KMG,"1,400,620",$86.61,643 mi,"3,837",$0.1347
PKX,KMG,"1,389,503",$247.20,"1,303 mi","3,807",$0.1897
SGN,PQC,"1,384,143",$54.79,180 mi,"3,792",$0.3044
CAN,CKG,"1,369,016",$183.31,618 mi,"3,751",$0.2966
SZX,KMG,"1,368,858",$88.76,687 mi,"3,750",$0.1292
CGK,PNK,"1,364,826",$104.58,440 mi,"3,739",$0.2377
URC,KHG,"1,360,588",$117.86,642 mi,"3,728",$0.1836
MNL,BCD,"1,349,099",$54.58,300 mi,"3,696",$0.1819
CKG,PVG,"1,339,510",$175.47,881 mi,"3,670",$0.1992
MNL,CGY,"1,333,573",$66.04,455 mi,"3,654",$0.1451
TPE,OKA,"1,328,453",$125.89,419 mi,"3,640",$0.3005
ICN,CTS,"1,327,000",$171.16,909 mi,"3,636",$0.1883
HGH,TFU,"1,318,349",$208.77,982 mi,"3,612",$0.2126
DPS,SIN,"1,317,861",$140.53,"1,070 mi","3,611",$0.1313
CTU,PVG,"1,305,945",$250.24,"1,027 mi","3,578",$0.2437
ICN,CXR,"1,297,588",$183.28,"2,119 mi","3,555",$0.0865
PEK,SYX,"1,297,536",$374.34,"1,517 mi","3,555",$0.2468
HND,OIT,"1,296,320",$134.05,466 mi,"3,552",$0.2877
CGK,PKU,"1,291,175",$127.08,597 mi,"3,537",$0.2129
CGO,KMG,"1,274,978",$86.28,949 mi,"3,493",$0.0909
BKK,PVG,"1,272,785",$121.56,"1,746 mi","3,487",$0.0696
PKX,XIY,"1,265,261",$236.15,564 mi,"3,466",$0.4187
HGH,PKX,"1,264,439",$243.50,660 mi,"3,464",$0.3689
CGK,BTH,"1,261,498",$120.29,514 mi,"3,456",$0.2340
CTU,PKX,"1,258,647",$242.93,963 mi,"3,448",$0.2523
CAN,HAK,"1,256,602",$71.43,310 mi,"3,443",$0.2304
PEK,TFU,"1,251,625",$140.89,931 mi,"3,429",$0.1513
NRT,FUK,"1,246,062",$107.76,566 mi,"3,414",$0.1904
HND,TSA,"1,242,597",$264.17,"1,264 mi","3,404",$0.2090
PKX,CSX,"1,235,544",$262.33,779 mi,"3,385",$0.3368
PVG,CGQ,"1,234,859",$167.81,886 mi,"3,383",$0.1894
SGN,HPH,"1,232,757",$97.06,670 mi,"3,377",$0.1449
CGK,PDG,"1,226,630",$113.84,583 mi,"3,361",$0.1953
CGK,BDJ,"1,226,458",$115.60,570 mi,"3,360",$0.2028
PKX,TFU,"1,222,290",$161.01,900 mi,"3,349",$0.1789
CKG,NKG,"1,218,302",$206.99,761 mi,"3,338",$0.2720
HND,HKD,"1,214,091",$110.16,420 mi,"3,326",$0.2623
HND,KKJ,"1,201,760",$119.24,525 mi,"3,292",$0.2271
URC,XIY,"1,201,137",$231.81,"1,347 mi","3,291",$0.1721
URC,TFU,"1,200,156",$203.03,"1,280 mi","3,288",$0.1586
ICN,TAO,"1,195,509",$75.85,371 mi,"3,275",$0.2044
PEK,CSX,"1,184,874",$183.37,818 mi,"3,246",$0.2242
HGH,KMG,"1,184,343",$168.30,"1,092 mi","3,245",$0.1541
ICN,MNL,"1,183,199",$136.34,"1,572 mi","3,242",$0.0867
KIX,OKA,"1,172,788",$105.61,749 mi,"3,213",$0.1410
MNL,PPS,"1,168,568",$51.69,374 mi,"3,202",$0.1382
HND,TAK,"1,163,592",$128.68,349 mi,"3,188",$0.3687
SGN,HUI,"1,154,707",$66.39,404 mi,"3,164",$0.1643
KIX,CTS,"1,143,820",$75.60,693 mi,"3,134",$0.1091
DPS,SUB,"1,143,239",$69.32,182 mi,"3,132",$0.3809
MNL,TAC,"1,141,957",$72.23,341 mi,"3,129",$0.2118
HAN,ICN,"1,135,163",$188.23,"1,618 mi","3,110",$0.1163
SZX,HAK,"1,130,140",$125.61,294 mi,"3,096",$0.4272
WUH,TFU,"1,123,008",$139.21,565 mi,"3,077",$0.2464
WUH,KMG,"1,101,935",$51.30,767 mi,"3,019",$0.0669
DPS,KUL,"1,088,440",$88.70,"1,257 mi","2,982",$0.0706
PEK,XMN,"1,076,201",$262.76,"1,109 mi","2,948",$0.2369
SUB,BPN,"1,070,400",$129.97,493 mi,"2,933",$0.2636
KIX,PUS,"1,065,396",$101.20,350 mi,"2,919",$0.2891
TPE,PUS,"1,059,846",$181.64,860 mi,"2,904",$0.2112
CAN,TAO,"1,052,466",$192.59,954 mi,"2,883",$0.2019
HAN,CXR,"1,050,591",$94.68,696 mi,"2,878",$0.1360
CGO,URC,"1,049,019",$212.62,"1,590 mi","2,874",$0.1337
CKG,PKX,"1,048,764",$226.13,900 mi,"2,873",$0.2513
PEK,URC,"1,045,177",$320.07,"1,465 mi","2,863",$0.2185
CAN,TNA,"1,038,125",$176.16,988 mi,"2,844",$0.1783
PEK,KMG,"1,036,463",$214.06,"1,340 mi","2,840",$0.1597
SGN,THD,"1,031,520",$80.92,652 mi,"2,826",$0.1241
MNL,TAG,"1,022,214",$44.15,374 mi,"2,801",$0.1180
ICN,NGO,"1,016,695",$122.93,587 mi,"2,785",$0.2094
PEK,XIY,"1,016,422",$223.79,563 mi,"2,785",$0.3975
DMK,CEI,"1,016,367",$56.53,407 mi,"2,785",$0.1389
SGN,SIN,"1,008,785",$137.96,699 mi,"2,764",$0.1974
KUL,JHB,"1,007,458",$27.75,150 mi,"2,760",$0.1850
PVG,TFU,"985,471",$234.54,"1,001 mi","2,700",$0.2343
DMK,KUL,"984,333",$61.86,752 mi,"2,697",$0.0823
DMK,UTH,"982,953",$47.74,272 mi,"2,693",$0.1755
CAN,URC,"976,817",$235.96,"2,098 mi","2,676",$0.1125
SZX,TNA,"972,167",$180.61,973 mi,"2,663",$0.1856
NGO,FUK,"968,973",$103.34,384 mi,"2,655",$0.2691
CGK,YIA,"965,919",$101.72,257 mi,"2,646",$0.3958
SHE,TFU,"963,879",$176.41,"1,355 mi","2,641",$0.1302
PKX,KWE,"957,607",$253.59,"1,085 mi","2,624",$0.2337
HKG,PEK,"948,915",$297.64,"1,201 mi","2,600",$0.2478
PKX,XMN,"948,285",$188.62,"1,008 mi","2,598",$0.1871
PVG,XIY,"942,391",$229.60,767 mi,"2,582",$0.2993
PKX,URC,"941,627",$348.95,"1,560 mi","2,580",$0.2237
URC,SHA,"939,490",$292.62,"1,972 mi","2,574",$0.1484
ICN,SGN,"929,637",$197.33,"2,280 mi","2,547",$0.0865
PEK,HAK,"925,109",$350.32,"1,481 mi","2,535",$0.2365
SZX,WUX,"924,230",$232.93,713 mi,"2,532",$0.3267
MNL,NRT,"922,551",$176.87,"1,839 mi","2,528",$0.0962
HND,KCZ,"919,637",$129.88,385 mi,"2,520",$0.3374
KUL,TWU,"916,518",$78.98,"1,103 mi","2,511",$0.0716
KIX,GMP,"913,259",$101.92,535 mi,"2,502",$0.1905
KUL,KBR,"912,985",$37.30,233 mi,"2,501",$0.1601
TPE,FUK,"912,308",$177.86,832 mi,"2,499",$0.2138
CGK,TKG,"901,855",$59.41,114 mi,"2,471",$0.5211
PEN,SIN,"901,709",$103.70,363 mi,"2,470",$0.2857
DMK,URT,"900,720",$49.94,335 mi,"2,468",$0.1491
CKG,TNA,"900,322",$132.83,760 mi,"2,467",$0.1748
CGO,HAK,"896,954",$199.35,"1,060 mi","2,457",$0.1881
SZX,WUH,"896,902",$208.02,546 mi,"2,457",$0.3810
DMK,KBV,"890,564",$57.71,404 mi,"2,440",$0.1428
SZX,TAO,"889,761",$304.18,"1,051 mi","2,438",$0.2894
BKK,USM,"888,103",$144.45,298 mi,"2,433",$0.4847
HKG,KHH,"886,489",$93.22,423 mi,"2,429",$0.2204
HGH,HRB,"884,968",$197.48,"1,142 mi","2,425",$0.1729
CAN,KUL,"880,641",$157.04,"1,574 mi","2,413",$0.0998
CAN,TSN,"877,806",$202.04,"1,146 mi","2,405",$0.1763
SUB,BDJ,"876,560",$101.94,295 mi,"2,402",$0.3456
XMN,TFU,"874,245",$157.48,956 mi,"2,395",$0.1647
PKX,SYX,"872,959",$201.78,"1,570 mi","2,392",$0.1285
CGK,DJB,"864,468",$100.22,362 mi,"2,368",$0.2769
DMK,NST,"862,030",$51.06,363 mi,"2,362",$0.1407
CAN,WUX,"861,743",$224.77,731 mi,"2,361",$0.3075
CGO,TFU,"861,607",$104.45,639 mi,"2,361",$0.1635
PKX,HRB,"859,999",$160.39,634 mi,"2,356",$0.2530
PKX,SHA,"857,437",$202.69,619 mi,"2,349",$0.3274
CGK,PGK,"853,884",$79.21,284 mi,"2,339",$0.2789
PVG,SYX,"851,328",$246.37,"1,213 mi","2,332",$0.2031
HGH,SHE,"849,400",$160.99,782 mi,"2,327",$0.2059
ICN,OKA,"847,442",$130.30,759 mi,"2,322",$0.1717
CAN,NGB,"838,510",$144.33,652 mi,"2,297",$0.2214
CGO,XMN,"834,239",$104.66,758 mi,"2,286",$0.1381
HGH,HKG,"833,486",$110.52,700 mi,"2,284",$0.1579
PEK,FOC,"831,302",$110.15,"1,023 mi","2,278",$0.1077
TSN,TFU,"828,122",$191.80,980 mi,"2,269",$0.1957
HND,OKJ,"827,798",$107.26,329 mi,"2,268",$0.3260
HAN,TPE,"827,642",$124.79,985 mi,"2,268",$0.1267
SZX,HFE,"827,604",$243.75,655 mi,"2,267",$0.3721
WUH,HAK,"825,094",$78.92,809 mi,"2,261",$0.0976
HND,UKB,"822,595",$104.11,273 mi,"2,254",$0.3814
HGH,KWE,"814,654",$161.71,840 mi,"2,232",$0.1925
SHE,TAO,"813,886",$85.29,420 mi,"2,230",$0.2031
HND,UBJ,"809,964",$111.24,510 mi,"2,219",$0.2181
HGH,SYX,"809,522",$206.33,"1,044 mi","2,218",$0.1976
PVG,CJU,"806,176",$69.39,329 mi,"2,209",$0.2109
TPE,CTS,"805,645",$267.24,"1,736 mi","2,207",$0.1539
CAN,SHE,"801,016",$141.72,"1,433 mi","2,195",$0.0989
PVG,TPE,"799,975",$150.97,434 mi,"2,192",$0.3479
CTU,KMG,"798,949",$75.69,372 mi,"2,189",$0.2035
HND,PVG,"797,849",$237.41,"1,047 mi","2,186",$0.2268
CGK,SRG,"792,080",$97.49,254 mi,"2,170",$0.3838
XMN,KMG,"789,728",$110.05,982 mi,"2,164",$0.1121
CGK,JED,"789,205",$405.75,"4,804 mi","2,162",$0.0845
HGH,TAO,"786,859",$119.17,437 mi,"2,156",$0.2727
PKX,WUH,"785,730",$168.31,634 mi,"2,153",$0.2655
SHE,XIY,"784,620",$128.21,969 mi,"2,150",$0.1323
HAN,PQC,"784,337",$85.47,796 mi,"2,149",$0.1074
KNO,KUL,"783,806",$37.02,200 mi,"2,147",$0.1851
ICN,PQC,"782,840",$192.21,"2,277 mi","2,145",$0.0844
URC,LHW,"782,518",$137.20,"1,020 mi","2,144",$0.1345
BKK,CAN,"780,898",$90.26,"1,028 mi","2,139",$0.0878
BKK,SGN,"776,663",$65.83,458 mi,"2,128",$0.1437
CKG,TAO,"774,524",$147.95,930 mi,"2,122",$0.1591
SGN,VII,"773,939",$84.13,534 mi,"2,120",$0.1575
SZX,HRB,"771,529",$367.10,"1,787 mi","2,114",$0.2054
CAN,WUH,"769,906",$125.85,529 mi,"2,109",$0.2379
MNL,TPE,"769,758",$53.79,708 mi,"2,109",$0.0760
NGO,TPE,"768,379",$180.44,"1,115 mi","2,105",$0.1618
NRT,SIN,"768,307",$410.32,"3,429 mi","2,105",$0.1197
CGK,LOP,"766,968",$130.66,705 mi,"2,101",$0.1853
SIN,LHR,"763,742","$1,382.81","6,964 mi","2,092",$0.1986
CAN,WNZ,"759,029",$129.94,581 mi,"2,080",$0.2236
CAN,SYX,"750,721",$144.07,445 mi,"2,057",$0.3238
BKK,DEL,"750,701",$93.25,"1,777 mi","2,057",$0.0525
PEK,HRB,"744,458",$145.64,640 mi,"2,040",$0.2276
HND,SIN,"744,362",$790.91,"3,392 mi","2,039",$0.2332
HND,KMQ,"742,354",$89.59,203 mi,"2,034",$0.4413
HND,TKS,"741,452",$143.64,300 mi,"2,031",$0.4788
CAN,HRB,"740,995",$157.96,"1,750 mi","2,030",$0.0903
NRT,PUS,"738,001",$132.92,664 mi,"2,022",$0.2002
CKG,HAK,"735,134",$109.92,739 mi,"2,014",$0.1487
HAN,DLI,"735,065",$86.11,696 mi,"2,014",$0.1237
BKK,NRT,"733,587",$236.29,"2,801 mi","2,010",$0.0844
SHE,SZX,"732,645",$291.54,"1,470 mi","2,007",$0.1983
HKG,SHA,"731,976",$168.70,743 mi,"2,005",$0.2271
HGH,CGQ,"728,817",$215.55,"1,024 mi","1,997",$0.2105
HND,ISG,"728,233",$184.75,"1,169 mi","1,995",$0.1580
CAN,TYN,"726,924",$144.30,"1,023 mi","1,992",$0.1411
CTU,SYX,"726,043",$94.13,888 mi,"1,989",$0.1060
SGN,CXR,"725,914",$50.74,186 mi,"1,989",$0.2728
CTU,WUH,"722,450",$155.03,628 mi,"1,979",$0.2469
KUL,PVG,"718,301",$206.88,"2,430 mi","1,968",$0.0851
TSN,SHA,"718,237",$259.69,574 mi,"1,968",$0.4524
HKG,FUK,"716,583",$218.98,"1,310 mi","1,963",$0.1672
CAN,HFE,"716,003",$137.04,654 mi,"1,962",$0.2095
CKG,XMN,"713,644",$141.59,767 mi,"1,955",$0.1846
BKK,MNL,"713,418",$119.38,"1,318 mi","1,955",$0.0906
ICN,GUM,"712,352",$185.38,"2,065 mi","1,952",$0.0898
PKX,HAK,"708,620",$249.71,"1,440 mi","1,941",$0.1734
HKG,HND,"708,350",$494.12,"1,857 mi","1,941",$0.2661
PKX,ZUH,"702,689",$264.00,"1,185 mi","1,925",$0.2228
MFM,TPE,"702,675",$101.41,508 mi,"1,925",$0.1996
XMN,XIY,"699,750",$151.79,913 mi,"1,917",$0.1663
CKG,SYX,"699,703",$183.67,784 mi,"1,917",$0.2343
BKK,HDY,"697,721",$62.36,481 mi,"1,912",$0.1296
SZX,NGB,"696,935",$193.58,665 mi,"1,909",$0.2911
BKK,HND,"696,841",$449.96,"2,937 mi","1,909",$0.1532
SZX,TSN,"696,140",$334.33,"1,123 mi","1,907",$0.2977
BKK,PNH,"694,290",$52.49,304 mi,"1,902",$0.1727
URC,HTN,"692,835",$165.94,601 mi,"1,898",$0.2761
PVG,HAK,"692,297",$254.78,"1,016 mi","1,897",$0.2508
PVG,KMG,"689,687",$206.03,"1,184 mi","1,890",$0.1740
KUL,TPE,"688,452",$177.58,"1,956 mi","1,886",$0.0908
KHH,MZG,"686,762",$48.31,84 mi,"1,882",$0.5751
SHE,NKG,"683,347",$139.86,752 mi,"1,872",$0.1860
CKG,LXA,"681,440",$211.24,918 mi,"1,867",$0.2301
MNL,GES,"680,635",$75.63,627 mi,"1,865",$0.1206
CTU,NKG,"680,471",$145.75,858 mi,"1,864",$0.1699
SGN,UIH,"677,465",$60.05,262 mi,"1,856",$0.2292
PEK,ZUH,"668,604",$286.49,"1,225 mi","1,832",$0.2339
SIN,MAA,"664,402",$119.22,"1,870 mi","1,820",$0.0638
BKK,KBV,"663,380",$54.34,392 mi,"1,817",$0.1386
HND,PEK,"662,480",$322.93,"1,261 mi","1,815",$0.2561
HND,IZO,"662,345",$134.14,376 mi,"1,815",$0.3568
DMK,UBP,"660,117",$33.63,291 mi,"1,809",$0.1156
ICN,LAX,"660,076",$808.82,"6,160 mi","1,808",$0.1313
KUL,DAC,"659,586",$155.73,"1,691 mi","1,807",$0.0921
PKX,KHN,"659,036",$192.86,714 mi,"1,806",$0.2701
WUH,SYX,"658,167",$168.62,886 mi,"1,803",$0.1903
DMK,KKC,"657,935",$42.75,221 mi,"1,803",$0.1934
HND,KIX,"657,920",$81.03,276 mi,"1,803",$0.2936
MNL,DRP,"654,527",$34.11,197 mi,"1,793",$0.1731
KUL,SGN,"653,420",$74.48,632 mi,"1,790",$0.1178
HGH,HAK,"652,260",$253.50,973 mi,"1,787",$0.2605
PEK,WUH,"651,451",$211.67,636 mi,"1,785",$0.3328
KIX,SIN,"648,148",$418.42,"2,955 mi","1,776",$0.1416
KUL,MYY,"645,840",$53.99,879 mi,"1,769",$0.0614
PKX,FOC,"645,627",$212.22,928 mi,"1,769",$0.2287
TSN,XIY,"644,395",$111.01,591 mi,"1,765",$0.1878
ICN,PEK,"643,454",$109.62,578 mi,"1,763",$0.1897
HKG,LHR,"642,310","$1,452.27","5,804 mi","1,760",$0.2502
BKK,UTH,"641,719",$50.37,298 mi,"1,758",$0.1690
PEK,KWE,"638,764",$238.12,"1,124 mi","1,750",$0.2119
XMN,NKG,"638,564",$107.82,514 mi,"1,749",$0.2098
HGH,TYN,"636,638",$127.09,706 mi,"1,744",$0.1800
DPS,UPG,"635,381",$125.45,406 mi,"1,741",$0.3090
CGO,HGH,"631,718",$104.67,470 mi,"1,731",$0.2227
SHE,WUH,"630,643",$112.26,937 mi,"1,728",$0.1198
MNL,DXB,"630,140",$257.74,"4,420 mi","1,726",$0.0583
PKX,PVG,"628,435",$172.96,673 mi,"1,722",$0.2570
PVG,TAO,"628,326",$161.71,385 mi,"1,721",$0.4200
HND,AXT,"628,007",$110.36,274 mi,"1,721",$0.4028
CTU,TSN,"623,792",$211.50,931 mi,"1,709",$0.2272
CAN,ICN,"623,684",$150.59,"1,283 mi","1,709",$0.1174
CGO,DLC,"621,575",$99.79,541 mi,"1,703",$0.1845
KUL,SBW,"621,545",$46.32,688 mi,"1,703",$0.0673
SGN,DLI,"618,344",$49.52,137 mi,"1,694",$0.3615
PKX,LHW,"616,072",$215.66,704 mi,"1,688",$0.3063
BKK,KKC,"615,900",$48.19,228 mi,"1,687",$0.2114
WUH,TAO,"615,264",$95.75,498 mi,"1,686",$0.1923
URC,WUH,"613,765",$200.58,"1,765 mi","1,682",$0.1136
CKG,HFE,"613,074",$148.28,652 mi,"1,680",$0.2274
CGO,SYX,"611,131",$238.02,"1,118 mi","1,674",$0.2129
HKG,KUL,"610,654",$228.31,"1,533 mi","1,673",$0.1489
BKK,KUL,"610,189",$117.51,736 mi,"1,672",$0.1597
SZX,CGQ,"610,026",$345.89,"1,574 mi","1,671",$0.2198
HND,SHA,"610,014",$364.05,"1,071 mi","1,671",$0.3399
BKK,LHR,"609,325",$510.09,"6,130 mi","1,669",$0.0832
CGO,SHE,"608,233",$170.10,696 mi,"1,666",$0.2444
HKT,KUL,"607,580",$43.84,426 mi,"1,665",$0.1029
HGH,DLC,"607,415",$128.97,625 mi,"1,664",$0.2064
CGK,SOC,"606,053",$104.43,288 mi,"1,660",$0.3626
HND,AKJ,"604,897",$115.31,562 mi,"1,657",$0.2052
ICN,SZX,"604,561",$138.47,"1,309 mi","1,656",$0.1058
SZX,SYX,"603,841",$148.82,425 mi,"1,654",$0.3502
HGH,LHW,"601,858",$153.70,"1,029 mi","1,649",$0.1494
TSN,CSX,"601,722",$121.83,815 mi,"1,649",$0.1495
BKK,HAN,"601,569",$68.91,599 mi,"1,648",$0.1150
CTU,CSX,"598,414",$119.48,599 mi,"1,639",$0.1995
HND,YGJ,"597,769",$147.53,357 mi,"1,638",$0.4132
CGK,BKS,"596,830",$104.86,326 mi,"1,635",$0.3217
SZX,KWE,"594,720",$154.46,501 mi,"1,629",$0.3083
HAN,HUI,"594,689",$61.66,366 mi,"1,629",$0.1685
PEK,DLC,"594,364",$129.99,267 mi,"1,628",$0.4869
CAN,LHW,"593,461",$148.11,"1,107 mi","1,626",$0.1338
CGO,KWE,"588,778",$116.03,713 mi,"1,613",$0.1627
PKX,CGQ,"587,424",$168.84,552 mi,"1,609",$0.3059
WUH,SHA,"586,873",$258.45,436 mi,"1,608",$0.5928
WUH,XMN,"585,723",$100.05,508 mi,"1,605",$0.1969
CKG,WUX,"585,329",$188.57,803 mi,"1,604",$0.2348
PKX,SWA,"585,002",$193.29,"1,070 mi","1,603",$0.1806
MNL,BXU,"584,908",$75.32,473 mi,"1,602",$0.1592
CNX,HKT,"583,901",$128.59,760 mi,"1,600",$0.1692
BKK,KIX,"583,363",$246.37,"2,663 mi","1,598",$0.0925
CKG,FOC,"583,111",$116.83,812 mi,"1,598",$0.1439
DPS,ICN,"582,937",$401.42,"3,177 mi","1,597",$0.1264
PEK,NNG,"581,044",$202.89,"1,265 mi","1,592",$0.1604
DAD,PUS,"580,430",$141.58,"1,896 mi","1,590",$0.0747
MNL,ZAM,"578,856",$73.97,545 mi,"1,586",$0.1357
CTU,XMN,"576,883",$147.07,991 mi,"1,581",$0.1484
CAN,CGQ,"575,709",$162.71,"1,539 mi","1,577",$0.1057
HND,OBO,"573,368",$159.23,513 mi,"1,571",$0.3104
NRT,OKA,"572,424",$160.46,"1,032 mi","1,568",$0.1555
PVG,LHW,"572,026",$125.44,"1,139 mi","1,567",$0.1101
PKX,NGB,"571,446",$144.06,750 mi,"1,566",$0.1921
CKG,URC,"570,438",$267.62,"1,480 mi","1,563",$0.1808
PEK,LHW,"570,273",$193.16,722 mi,"1,562",$0.2675
ICN,KUL,"570,257",$295.60,"2,780 mi","1,562",$0.1063
CKG,WUH,"569,411",$143.63,443 mi,"1,560",$0.3242
CEB,ICN,"569,195",$150.50,"1,939 mi","1,559",$0.0776
HGH,URC,"568,737",$269.92,"1,968 mi","1,558",$0.1372
CKG,TYN,"567,484",$134.31,672 mi,"1,555",$0.1999
CAN,DLC,"566,858",$220.00,"1,145 mi","1,553",$0.1921
SUB,HLP,"564,671",$121.13,424 mi,"1,547",$0.2857
CGK,MDC,"562,289",$238.58,"1,408 mi","1,541",$0.1694
PEK,YNT,"554,269",$102.11,281 mi,"1,519",$0.3634
PVG,KWE,"553,693",$184.65,990 mi,"1,517",$0.1865
HAN,NRT,"553,631",$235.63,"2,380 mi","1,517",$0.0990
BKK,RGN,"551,328",$92.25,369 mi,"1,510",$0.2500
CTU,URC,"551,158",$188.24,"1,326 mi","1,510",$0.1420
KNO,PEN,"550,584",$67.50,154 mi,"1,508",$0.4383
SZX,URC,"549,881",$400.40,"2,161 mi","1,507",$0.1853
XMN,KWE,"548,394",$81.59,697 mi,"1,502",$0.1171
PEK,SIN,"547,437",$485.17,"2,706 mi","1,500",$0.1793
URC,YIN,"545,193",$113.43,297 mi,"1,494",$0.3819
SUB,LOP,"545,013",$75.32,249 mi,"1,493",$0.3025
HKT,SIN,"543,983",$112.58,591 mi,"1,490",$0.1905
PKX,DLC,"541,872",$119.26,269 mi,"1,485",$0.4433
CKG,TSN,"540,462",$180.85,917 mi,"1,481",$0.1972
BKK,CEI,"539,190",$73.46,450 mi,"1,477",$0.1632
SHE,CSX,"538,275",$183.36,"1,061 mi","1,475",$0.1728
CNX,ICN,"536,336",$225.28,"2,038 mi","1,469",$0.1105
MNL,DGT,"535,669",$73.73,377 mi,"1,468",$0.1956
HKT,SVO,"534,296",$178.88,"4,508 mi","1,464",$0.0397
CAN,SIN,"533,658",$222.80,"1,596 mi","1,462",$0.1396
HAN,VCA,"530,428",$85.37,749 mi,"1,453",$0.1140
TSN,KMG,"524,764",$198.29,"1,243 mi","1,438",$0.1595
KIX,FUK,"524,695",$95.71,289 mi,"1,438",$0.3312
KUL,MNL,"524,382",$118.77,"1,501 mi","1,437",$0.0791
URC,TNA,"523,999",$283.44,"1,678 mi","1,436",$0.1689
SIN,BOM,"522,424",$421.92,"2,509 mi","1,431",$0.1682
HND,LAX,"522,146",$946.44,"5,312 mi","1,431",$0.1782
URC,CSX,"521,964",$356.58,"1,843 mi","1,430",$0.1935
TSN,DLC,"521,902",$100.11,232 mi,"1,430",$0.4315
KNO,BTH,"521,559",$150.24,390 mi,"1,429",$0.3852
CGO,HRB,"521,434",$160.12,977 mi,"1,429",$0.1639
HND,MMY,"520,833",$209.40,"1,105 mi","1,427",$0.1895
SGN,VCL,"519,401",$65.85,336 mi,"1,423",$0.1960
HND,AOJ,"518,217",$118.36,350 mi,"1,420",$0.3382
HGH,TSN,"517,037",$177.52,658 mi,"1,417",$0.2698
KHH,NRT,"515,481",$197.51,"1,463 mi","1,412",$0.1350
MFM,SHA,"515,075",$133.20,762 mi,"1,411",$0.1748
ICN,UBN,"512,301",$205.40,"1,180 mi","1,404",$0.1741
XMN,CSX,"511,215",$90.60,407 mi,"1,401",$0.2226
HAN,SIN,"508,944",$221.79,"1,419 mi","1,394",$0.1563
KIX,NRT,"508,369",$93.55,296 mi,"1,393",$0.3160
CEB,DVO,"508,170",$52.90,241 mi,"1,392",$0.2195
HGH,SWA,"506,518",$115.59,505 mi,"1,388",$0.2289
CGO,CKG,"505,368",$119.02,552 mi,"1,385",$0.2156
PVG,CSX,"504,579",$160.16,571 mi,"1,382",$0.2805
SZX,TYN,"503,808",$246.85,"1,077 mi","1,380",$0.2292
KUL,SUB,"501,665",$102.76,"1,004 mi","1,374",$0.1024
HGH,ICN,"501,192",$128.98,625 mi,"1,373",$0.2064
PKX,YIW,"501,172",$86.59,754 mi,"1,373",$0.1148
KIX,ISG,"499,348",$114.40,986 mi,"1,368",$0.1160
BKK,TFU,"498,476",$82.82,"1,208 mi","1,366",$0.0686
WUH,HRB,"497,579",$142.27,"1,177 mi","1,363",$0.1209
SIN,DEL,"496,457",$326.73,"2,506 mi","1,360",$0.1304
PVG,SWA,"496,344",$148.87,598 mi,"1,360",$0.2489
PKX,NNG,"492,920",$304.30,"1,226 mi","1,350",$0.2482
PEK,PVG,"492,156",$211.89,703 mi,"1,348",$0.3014
CGO,ZUH,"491,781",$192.22,891 mi,"1,347",$0.2157
BKK,FRA,"491,178",$402.42,"5,424 mi","1,346",$0.0742
KIX,SDJ,"489,768",$97.09,395 mi,"1,342",$0.2458
KUL,JED,"489,433",$275.25,"4,522 mi","1,341",$0.0609
NGO,PVG,"488,520",$105.45,878 mi,"1,338",$0.1201
HKG,PKX,"488,483",$100.30,"1,161 mi","1,338",$0.0864
CTU,TAO,"486,749",$179.31,981 mi,"1,334",$0.1828
KHH,KIX,"486,259",$167.35,"1,254 mi","1,332",$0.1335
CKG,WNZ,"486,223",$135.50,895 mi,"1,332",$0.1514
CKG,KHN,"485,080",$161.78,578 mi,"1,329",$0.2799
HAN,UIH,"484,562",$75.49,529 mi,"1,328",$0.1427
CKG,CSX,"483,928",$129.91,423 mi,"1,326",$0.3071
DPS,PER,"482,171",$127.42,"1,555 mi","1,321",$0.0819
HGH,ZUH,"480,204",$226.80,695 mi,"1,316",$0.3263
SIN,TRZ,"479,678",$131.44,"1,796 mi","1,314",$0.0732
PVG,KWL,"479,414",$161.56,849 mi,"1,313",$0.1903
URC,AKU,"478,522",$162.05,396 mi,"1,311",$0.4092
HND,KUH,"477,226",$126.00,551 mi,"1,307",$0.2287
CKG,SJW,"477,056",$85.05,727 mi,"1,307",$0.1170
PVG,FUK,"474,699",$94.01,548 mi,"1,301",$0.1716
CGK,ICN,"472,548",$421.12,"3,369 mi","1,295",$0.1250
NRT,LAX,"469,757",$572.79,"5,276 mi","1,287",$0.1086
KIX,MNL,"464,261",$186.42,"1,588 mi","1,272",$0.1174
HND,LHR,"463,401","$1,534.68","6,138 mi","1,270",$0.2500
PVG,WUH,"462,525",$176.25,437 mi,"1,267",$0.4033
URC,NKG,"462,473",$325.07,"1,949 mi","1,267",$0.1668
KIX,PKX,"460,368",$120.35,"1,128 mi","1,261",$0.1067
HND,HNL,"460,150",$472.10,"3,732 mi","1,261",$0.1265
PVG,SGN,"459,651",$140.38,"1,655 mi","1,259",$0.0848
CKG,SHE,"459,472",$144.77,"1,286 mi","1,259",$0.1126
ICN,CDG,"459,012",$678.22,"5,713 mi","1,258",$0.1187
XMN,TNA,"458,699",$126.95,826 mi,"1,257",$0.1537
DMK,SIN,"458,523",$62.13,871 mi,"1,256",$0.0713
KUL,SDK,"457,500",$48.72,"1,181 mi","1,253",$0.0413
KHH,SGN,"454,186",$125.31,"1,252 mi","1,244",$0.1001
HND,MMB,"453,309",$128.67,602 mi,"1,242",$0.2137
CKG,NGB,"453,103",$158.08,915 mi,"1,241",$0.1728
SZX,WNZ,"451,986",$117.83,554 mi,"1,238",$0.2127
NRT,HNL,"451,097",$467.50,"3,698 mi","1,236",$0.1264
ICN,TAG,"450,857",$228.75,"1,986 mi","1,235",$0.1152
PEK,INC,"450,661",$247.00,542 mi,"1,235",$0.4557
ICN,DLC,"450,578",$66.68,277 mi,"1,234",$0.2407
HGH,XMN,"450,329",$140.26,404 mi,"1,234",$0.3472
URC,INC,"449,546",$158.48,"1,000 mi","1,232",$0.1585
CGK,DMK,"448,843",$142.82,"1,488 mi","1,230",$0.0960
CGK,TJQ,"447,883",$77.54,252 mi,"1,227",$0.3077
HKG,OKA,"447,816",$157.61,878 mi,"1,227",$0.1795
SIN,SYD,"447,107",$727.50,"3,794 mi","1,225",$0.1918
BKK,CDG,"445,926",$469.21,"5,695 mi","1,222",$0.0824
PVG,ZUH,"445,531",$280.42,793 mi,"1,221",$0.3536
BKK,PUS,"445,299",$163.94,"2,366 mi","1,220",$0.0693
CTU,WUX,"445,137",$150.93,948 mi,"1,220",$0.1592
CGK,BTJ,"445,002",$191.06,"1,151 mi","1,219",$0.1660
SZX,TPE,"444,812",$160.04,483 mi,"1,219",$0.3313
CGO,CGQ,"444,264",$163.76,936 mi,"1,217",$0.1750
CAN,HET,"444,048",$172.86,"1,245 mi","1,217",$0.1388
HGH,INC,"443,888",$185.09,"1,005 mi","1,216",$0.1842
MFM,PVG,"442,122",$113.38,777 mi,"1,211",$0.1459
PEK,CGQ,"441,925",$137.72,555 mi,"1,211",$0.2481
KUL,BTU,"440,997",$38.95,803 mi,"1,208",$0.0485
CGO,FOC,"440,820",$104.67,708 mi,"1,208",$0.1478
NGO,KOJ,"440,152",$80.22,398 mi,"1,206",$0.2016
CKG,ZUH,"439,465",$151.60,697 mi,"1,204",$0.2175
SZX,DLC,"438,597",$300.50,"1,252 mi","1,202",$0.2400
BKK,PEK,"438,130",$168.38,"1,999 mi","1,200",$0.0842
TSN,WUH,"437,861",$112.81,585 mi,"1,200",$0.1928
KUL,TGG,"437,789",$32.85,212 mi,"1,199",$0.1550
DPS,MEL,"437,210",$264.07,"2,641 mi","1,198",$0.1000
TSN,XMN,"436,517",$121.92,978 mi,"1,196",$0.1247
ICN,SHE,"433,462",$78.31,319 mi,"1,188",$0.2455
DAD,HKG,"432,797",$105.89,588 mi,"1,186",$0.1801
CKG,SIN,"431,091",$154.80,"2,026 mi","1,181",$0.0764
HGH,SJW,"430,021",$77.53,626 mi,"1,178",$0.1238
PVG,LJG,"429,715",$150.46,"1,378 mi","1,177",$0.1092
HGH,NNG,"429,690",$173.66,894 mi,"1,177",$0.1943
CAN,YIW,"428,997",$121.89,603 mi,"1,175",$0.2021
CGO,PVG,"428,611",$133.70,534 mi,"1,174",$0.2504
WUH,NNG,"427,796",$124.32,696 mi,"1,172",$0.1786
DMK,PHS,"427,390",$47.76,206 mi,"1,171",$0.2318
HND,HSG,"427,107",$156.01,582 mi,"1,170",$0.2681
TSN,URC,"426,828",$297.22,"1,618 mi","1,169",$0.1837
PEN,JHB,"426,721",$61.79,354 mi,"1,169",$0.1745
CGO,NNG,"425,385",$199.36,918 mi,"1,165",$0.2172
CKG,JJN,"424,695",$98.38,784 mi,"1,164",$0.1255
BKK,BOM,"423,299",$101.84,"1,939 mi","1,160",$0.0525
BKK,SVO,"421,581",$151.45,"4,282 mi","1,155",$0.0354
NGO,SDJ,"420,886",$83.35,332 mi,"1,153",$0.2511
ICN,FRA,"419,835",$696.09,"5,149 mi","1,150",$0.1352
SIN,SUB,"419,817",$167.17,882 mi,"1,150",$0.1895
PKX,JJN,"419,538",$181.25,"1,055 mi","1,149",$0.1718
ICN,SFO,"419,258",$830.03,"5,475 mi","1,149",$0.1516
CGK,HKG,"418,406",$282.88,"1,964 mi","1,146",$0.1440
HGH,KIX,"417,062",$128.72,884 mi,"1,143",$0.1456
SHE,SYX,"416,935",$360.80,"1,867 mi","1,142",$0.1933
HKG,CTS,"416,456",$381.67,"2,195 mi","1,141",$0.1739
PVG,TSN,"416,254",$197.25,588 mi,"1,140",$0.3355
KUL,TFU,"415,991",$117.74,"1,970 mi","1,140",$0.0598
ICN,BKI,"415,269",$150.99,"2,207 mi","1,138",$0.0684
SHE,KMG,"414,250",$322.90,"1,589 mi","1,135",$0.2032
HAN,PVG,"413,373",$146.23,"1,239 mi","1,133",$0.1180
HKG,TFU,"413,096",$137.16,830 mi,"1,132",$0.1653
PKX,INC,"411,564",$175.49,528 mi,"1,128",$0.3324
DMK,TST,"411,528",$58.08,435 mi,"1,127",$0.1335
CGK,KDI,"411,417",$171.25,"1,061 mi","1,127",$0.1614
DPS,LBJ,"410,479",$98.60,333 mi,"1,125",$0.2961
HND,CDG,"410,090","$1,057.19","5,850 mi","1,124",$0.1807
CAN,XMN,"409,288",$158.25,306 mi,"1,121",$0.5172
SIN,BLR,"405,902",$263.29,"2,034 mi","1,112",$0.1294
CTU,TNA,"404,830",$44.92,850 mi,"1,109",$0.0528
DMK,NRT,"403,831",$56.28,"2,973 mi","1,106",$0.0189
CAN,HND,"403,818",$277.22,"1,846 mi","1,106",$0.1502
HND,IWK,"403,491",$175.02,451 mi,"1,105",$0.3881
CTU,HFE,"403,124",$136.61,753 mi,"1,104",$0.1814
KUL,NRT,"402,843",$361.31,"3,462 mi","1,104",$0.1044
KUL,SZX,"400,673",$88.08,"1,644 mi","1,098",$0.0536
CKG,KMG,"399,500",$53.38,379 mi,"1,095",$0.1408
PVG,NNG,"399,248",$207.12,994 mi,"1,094",$0.2084
PEK,NGB,"399,054",$224.98,737 mi,"1,093",$0.3053
CGO,WNZ,"398,993",$148.18,598 mi,"1,093",$0.2478
ICN,YNJ,"398,016",$128.45,394 mi,"1,090",$0.3260
PKX,WNZ,"397,153",$94.94,866 mi,"1,088",$0.1096
WUH,CGQ,"395,293",$137.58,"1,074 mi","1,083",$0.1281
CKG,SWA,"395,027",$135.27,721 mi,"1,082",$0.1876
SIN,MEL,"393,641",$573.82,"3,637 mi","1,078",$0.1578
PKX,XNN,"392,871",$184.70,784 mi,"1,076",$0.2356
PEK,KHN,"392,501",$181.24,799 mi,"1,075",$0.2268
SIN,SZX,"392,106",$214.78,"1,659 mi","1,074",$0.1295
ICN,KHH,"391,568",$131.52,"1,058 mi","1,073",$0.1243
SZX,LHW,"390,959",$237.21,"1,170 mi","1,071",$0.2027
CAN,SJW,"390,452",$79.91,"1,063 mi","1,070",$0.0752
WUH,WNZ,"389,727",$85.83,433 mi,"1,068",$0.1982
SIN,PER,"389,167",$336.38,"2,358 mi","1,066",$0.1427
SHE,TNA,"389,102",$92.93,485 mi,"1,066",$0.1916
CAN,SGN,"384,510",$120.22,"1,002 mi","1,053",$0.1200
CAN,LJG,"382,050",$108.65,823 mi,"1,047",$0.1320
PVG,JHG,"381,214",$199.23,"1,400 mi","1,044",$0.1423
DMK,KOP,"381,187",$59.28,371 mi,"1,044",$0.1598
BKK,UBP,"380,647",$55.39,287 mi,"1,043",$0.1930
CGK,PLW,"380,071",$158.59,"1,011 mi","1,041",$0.1569
KUL,AOR,"378,709",$35.66,263 mi,"1,038",$0.1356
PVG,TYN,"378,429",$98.33,672 mi,"1,037",$0.1463
CAN,PNH,"376,754",$84.25,959 mi,"1,032",$0.0879
CGK,PKY,"376,353",$125.65,587 mi,"1,031",$0.2141
ICN,FCO,"374,547",$595.39,"5,738 mi","1,026",$0.1038
HAN,SZX,"374,299",$121.46,506 mi,"1,025",$0.2400
WUH,ENH,"373,886",$83.42,291 mi,"1,024",$0.2867
TSN,HRB,"373,543",$92.07,657 mi,"1,023",$0.1401
CGK,NRT,"371,176",$513.99,"3,519 mi","1,017",$0.1461
HKG,NGO,"370,268",$249.51,"1,582 mi","1,014",$0.1577
URC,TYN,"369,955",$284.15,"1,335 mi","1,014",$0.2128
SZX,SJW,"369,451",$174.04,"1,050 mi","1,012",$0.1658
CGO,HET,"369,147",$58.28,437 mi,"1,011",$0.1334
PVG,SJW,"369,035",$88.19,656 mi,"1,011",$0.1344
KHH,KNH,"368,981",$71.99,185 mi,"1,011",$0.3891
LGK,PEN,"367,973",$30.26,79 mi,"1,008",$0.3830
HGH,SIN,"367,886",$188.60,"2,200 mi","1,008",$0.0857
ICN,MFM,"367,537",$148.23,"1,267 mi","1,007",$0.1170
KIX,KOJ,"365,184",$82.99,308 mi,"1,001",$0.2694
WUH,SWA,"364,658",$91.62,503 mi,999,$0.1821
WUH,DLC,"363,630",$124.56,680 mi,996,$0.1832
XMN,TAO,"363,239",$131.46,800 mi,995,$0.1643
CAN,CZX,"362,981",$182.59,689 mi,994,$0.2650
ICN,JFK,"360,815","$1,110.22","6,683 mi",989,$0.1661
SZX,XUZ,"360,481",$185.86,846 mi,988,$0.2197
WUH,TYN,"360,409",$88.28,504 mi,987,$0.1752
WUH,ZUH,"360,336",$156.08,627 mi,987,$0.2489
WUH,TNA,"359,987",$60.15,468 mi,986,$0.1285
NRT,MYJ,"359,063",$137.05,470 mi,984,$0.2916
SHE,HFE,"358,448",$164.73,780 mi,982,$0.2112
BKK,KMG,"358,374",$71.61,778 mi,982,$0.0920
KUL,PKX,"357,490",$120.65,"2,621 mi",979,$0.0460
HKG,NKG,"357,345",$107.97,697 mi,979,$0.1549
SHE,XMN,"357,195",$147.43,"1,257 mi",979,$0.1173
HND,ICN,"356,278",$152.50,774 mi,976,$0.1970
SIN,DAC,"355,785",$247.05,"1,854 mi",975,$0.1333
SZX,CZX,"355,755",$207.35,760 mi,975,$0.2728
PVG,PUS,"355,098",$111.54,513 mi,973,$0.2174
HKG,RMQ,"354,462",$97.06,433 mi,971,$0.2242
PEK,WNZ,"353,513",$104.83,901 mi,969,$0.1163
MNL,RUH,"352,475",$358.77,"4,978 mi",966,$0.0721
ICN,LHR,"352,200",$779.46,"5,670 mi",965,$0.1375
DPS,YIA,"352,053",$127.07,342 mi,965,$0.3715
XMN,SJW,"351,999",$85.85,941 mi,964,$0.0912
BKK,CGK,"351,923",$230.73,"1,470 mi",964,$0.1570
CGK,HND,"351,639",$604.81,"3,486 mi",963,$0.1735
MNL,KLO,"350,953",$40.73,210 mi,962,$0.1940
PVG,INC,"348,778",$187.66,"1,034 mi",956,$0.1815
SGN,VDH,"348,680",$74.21,449 mi,955,$0.1653
CGO,SHA,"347,189",$207.60,507 mi,951,$0.4095
BKK,DAD,"347,147",$85.61,507 mi,951,$0.1689
NRT,TAK,"347,003",$110.55,365 mi,951,$0.3029
TPE,CJU,"346,500",$115.89,643 mi,949,$0.1802
PVG,CTS,"345,929",$146.48,"1,314 mi",948,$0.1115
PEK,TPE,"345,920",$209.81,"1,039 mi",948,$0.2019
CTU,FOC,"345,277",$135.77,"1,038 mi",946,$0.1308
HKT,DEL,"345,038",$75.81,"2,034 mi",945,$0.0373
KUL,PNH,"345,037",$60.61,626 mi,945,$0.0968
TSN,KHN,"344,927",$152.46,693 mi,945,$0.2200
TPE,SFO,"344,725","$1,023.27","6,262 mi",944,$0.1634
SHE,YNT,"344,691",$105.17,314 mi,944,$0.3349
HKT,ICN,"343,870",$222.01,"2,604 mi",942,$0.0853
WUH,FOC,"343,772",$106.75,485 mi,942,$0.2201
KUL,MAA,"342,065",$86.82,"1,682 mi",937,$0.0516
CGK,PEN,"341,617",$128.37,931 mi,936,$0.1379
KIX,CJJ,"340,918",$42.94,477 mi,934,$0.0900
CAN,FOC,"340,647",$147.54,423 mi,933,$0.3488
BKK,TLV,"340,196",$654.13,"4,187 mi",932,$0.1562
ICN,HNL,"339,295",$468.99,"4,431 mi",930,$0.1058
HND,TTJ,"339,234",$145.66,325 mi,929,$0.4482
NRT,SGN,"338,553",$259.72,"2,642 mi",928,$0.0983
CGO,JJN,"338,327",$113.95,708 mi,927,$0.1609
DMK,NNT,"338,087",$67.13,348 mi,926,$0.1929
CAN,TPE,"338,038",$153.11,528 mi,926,$0.2900
SIN,TFU,"337,995",$183.52,"1,941 mi",926,$0.0945
HKG,PQC,"337,984",$158.95,"1,033 mi",926,$0.1539
PEK,NKG,"337,918",$186.43,608 mi,926,$0.3066
CGK,SOQ,"337,516",$329.34,"1,672 mi",925,$0.1970
HAN,KIX,"337,443",$166.84,"2,066 mi",925,$0.0808
KUL,PDG,"334,055",$62.40,259 mi,915,$0.2409
ICN,TSN,"333,491",$84.39,521 mi,914,$0.1620
CAN,KWE,"332,472",$78.24,447 mi,911,$0.1750
KIX,NKG,"330,820",$108.61,994 mi,906,$0.1093
WUH,YNT,"330,135",$93.86,630 mi,904,$0.1490
CAN,HAN,"329,771",$98.61,487 mi,903,$0.2025
SGN,VCS,"329,623",$75.56,148 mi,903,$0.5105
MNL,LAX,"329,622",$504.84,"7,514 mi",903,$0.0672
KUL,PKU,"328,917",$38.16,154 mi,901,$0.2478
HGH,MFM,"328,882",$150.81,722 mi,901,$0.2089
HKG,SFO,"328,863","$1,236.82","7,121 mi",901,$0.1737
DMK,SGN,"328,332",$42.29,447 mi,900,$0.0946
CKG,INC,"328,122",$140.72,577 mi,899,$0.2439
CTU,HAK,"328,099",$125.21,815 mi,899,$0.1536
DAD,KUL,"325,972",$48.41,988 mi,893,$0.0490
CGK,DTB,"325,334",$132.27,809 mi,891,$0.1635
SZX,LJG,"325,308",$199.44,869 mi,891,$0.2295
DPS,SYD,"325,185",$340.57,"2,786 mi",891,$0.1222
HND,SYO,"324,991",$114.00,232 mi,890,$0.4914
CKG,LJG,"324,386",$96.23,456 mi,889,$0.2110
CGO,LJG,"324,112",$129.84,943 mi,888,$0.1377
CKG,HRB,"323,649",$228.43,"1,481 mi",887,$0.1542
SUB,KOE,"323,313",$153.63,791 mi,886,$0.1942
PVG,XMN,"322,336",$214.99,493 mi,883,$0.4361
CEB,NRT,"320,444",$171.26,"2,099 mi",878,$0.0816
PVG,URC,"319,667",$204.96,"2,120 mi",876,$0.0967
HAN,KUL,"318,722",$101.23,"1,345 mi",873,$0.0753
CEB,IAO,"317,941",$52.99,138 mi,871,$0.3840
TSN,LHW,"317,633",$153.02,747 mi,870,$0.2048
CEB,MPH,"317,547",$31.06,172 mi,870,$0.1806
HKG,HKT,"317,468",$199.76,"1,385 mi",870,$0.1442
CEB,CGY,"316,832",$44.07,118 mi,868,$0.3735
CAN,INC,"316,467",$182.32,"1,142 mi",867,$0.1596
XMN,TYN,"316,097",$93.87,939 mi,866,$0.1000
HAN,PUS,"315,545",$156.27,"1,751 mi",865,$0.0892
CGO,KRL,"314,810",$183.72,"1,625 mi",862,$0.1131
KIX,PEK,"314,360",$251.17,"1,062 mi",861,$0.2365
DMK,ROI,"314,074",$56.10,252 mi,860,$0.2226
CAN,CGK,"313,947",$238.18,"2,151 mi",860,$0.1107
KUL,DEL,"313,230",$141.51,"2,337 mi",858,$0.0606
CGO,NGB,"313,132",$113.68,568 mi,858,$0.2001
DAD,TPE,"313,093",$149.51,"1,017 mi",858,$0.1470
ICN,BCN,"312,240",$624.65,"5,782 mi",855,$0.1080
HAN,BMV,"311,694",$87.64,628 mi,854,$0.1396
WUH,NGB,"311,306",$64.66,425 mi,853,$0.1521
SGN,BMV,"309,543",$49.67,157 mi,848,$0.3164
CRK,ICN,"308,685",$136.13,"1,534 mi",846,$0.0887
WUH,LHW,"307,423",$117.98,748 mi,842,$0.1577
DPS,BNE,"306,926",$279.43,"2,872 mi",841,$0.0973
BKK,DAC,"306,668",$169.64,"1,003 mi",840,$0.1691
XMN,HAK,"306,146",$105.24,567 mi,839,$0.1856
CGO,SWA,"306,064",$144.58,752 mi,839,$0.1923
XMN,HSN,"305,622",$99.02,440 mi,837,$0.2250
NRT,SFO,"305,611",$597.27,"5,264 mi",837,$0.1135
CKG,XIY,"304,744",$145.43,359 mi,835,$0.4051
CTU,NGB,"304,598",$161.97,"1,077 mi",835,$0.1504
SUB,AAP,"304,178",$553.83,591 mi,833,$0.9371
KUL,KMG,"302,825",$60.31,"1,501 mi",830,$0.0402
XMN,NNG,"302,197",$94.53,663 mi,828,$0.1426
ICN,SYD,"302,046",$524.98,"5,340 mi",828,$0.0983
PVG,ZHA,"302,043",$274.63,933 mi,828,$0.2944
SHE,CZX,"301,127",$140.18,681 mi,825,$0.2058
SUB,BTH,"300,419",$258.04,863 mi,823,$0.2990
PVG,HET,"299,978",$146.76,845 mi,822,$0.1737
HGH,HET,"299,705",$218.70,852 mi,821,$0.2567
CAN,YTY,"299,633",$167.62,766 mi,821,$0.2188
DMK,KIX,"299,624",$38.04,"2,659 mi",821,$0.0143
CAN,KIX,"299,582",$162.38,"1,572 mi",821,$0.1033
BKK,SZX,"299,508",$155.53,"1,024 mi",821,$0.1519
PKX,WUX,"299,189",$381.81,580 mi,820,$0.6583
KUL,TRZ,"298,656",$106.49,"1,621 mi",818,$0.0657
SHE,TYN,"298,365",$156.11,617 mi,817,$0.2530
DMK,MFM,"298,182",$91.32,"1,056 mi",817,$0.0865
ICN,XIY,"297,930",$129.20,980 mi,816,$0.1318
TPE,LAX,"297,892",$897.57,"6,583 mi",816,$0.1363
MFM,PEK,"297,869",$213.18,"1,289 mi",816,$0.1654
HGH,YNT,"297,070",$93.63,529 mi,814,$0.1770
HAN,MNL,"295,387",$98.46,"1,135 mi",809,$0.0867
CGK,TPE,"294,411",$227.10,"2,297 mi",807,$0.0989
SGN,PXU,"294,386",$58.36,232 mi,807,$0.2516
PKX,KWL,"294,003",$184.93,"1,022 mi",805,$0.1809
KIX,TAO,"293,969",$103.03,837 mi,805,$0.1231
KIX,KUL,"293,909",$339.01,"2,979 mi",805,$0.1138
TPE,SDJ,"293,767",$244.68,"1,507 mi",805,$0.1624
ICN,NKG,"293,747",$108.06,603 mi,805,$0.1792
CGO,AKU,"293,057",$192.23,"1,819 mi",803,$0.1057
CGK,AMQ,"292,610",$256.84,"1,440 mi",802,$0.1784
TSN,SYX,"291,830",$169.73,"1,470 mi",800,$0.1155
CGK,PVG,"291,407",$422.18,"2,845 mi",798,$0.1484
PEN,SZB,"291,001",$56.88,179 mi,797,$0.3178
MNL,SFO,"289,837",$524.65,"7,185 mi",794,$0.0730
HKG,YVR,"289,585",$740.37,"6,190 mi",793,$0.1196
CTU,SHE,"289,242",$108.90,"1,286 mi",792,$0.0847
BKK,HGH,"288,368",$83.36,"1,646 mi",790,$0.0506
SGN,RMQ,"288,294",$130.30,"1,345 mi",790,$0.0969
MNL,SGN,"288,110",$99.51,971 mi,789,$0.1025
SIN,DXB,"287,326",$811.01,"3,741 mi",787,$0.2168
PVG,SVO,"287,000",$330.38,"4,129 mi",786,$0.0800
CEB,PUS,"286,610",$113.82,"1,798 mi",785,$0.0633
ICN,YNT,"286,205",$81.59,290 mi,784,$0.2813
MNL,USU,"285,552",$54.55,171 mi,782,$0.3190
TSN,ZUH,"284,997",$284.16,"1,170 mi",781,$0.2429
DPS,ADL,"284,785",$227.67,"2,406 mi",780,$0.0946
MNL,TUG,"284,255",$33.21,229 mi,779,$0.1450
SIN,IPH,"284,212",$100.94,290 mi,779,$0.3481
TSN,KWE,"283,804",$183.67,"1,030 mi",778,$0.1783
ICN,IST,"283,618",$465.84,"4,775 mi",777,$0.0976
MNL,RXS,"282,887",$29.87,225 mi,775,$0.1328
HGH,WUH,"282,509",$84.96,362 mi,774,$0.2347
HAN,PXU,"282,480",$70.14,503 mi,774,$0.1394
TSN,HAK,"282,404",$238.90,"1,346 mi",774,$0.1775
ICN,VTE,"282,266",$221.99,"1,916 mi",773,$0.1159
CNX,TPE,"281,677",$161.48,"1,445 mi",772,$0.1118
HKG,LAX,"281,667","$1,249.84","7,031 mi",772,$0.1778
PKX,FUO,"281,492",$130.13,"1,117 mi",771,$0.1165
CTU,XNN,"280,551",$137.07,438 mi,769,$0.3129
DMK,SNO,"280,381",$74.55,316 mi,768,$0.2359
BKK,AMS,"279,876",$471.92,"5,893 mi",767,$0.0801
DMK,DPS,"278,075",$155.40,"1,801 mi",762,$0.0863
HGH,KUL,"278,054",$89.69,"2,327 mi",762,$0.0385
CAN,NTG,"277,822",$192.93,784 mi,761,$0.2461
HKT,PVG,"277,077",$73.15,"2,262 mi",759,$0.0323
BKK,NKG,"276,110",$113.27,"1,643 mi",756,$0.0689
MNL,ENI,"275,246",$56.78,261 mi,754,$0.2175
HKG,SGN,"274,251",$155.33,900 mi,751,$0.1726
CNX,HKG,"274,064",$147.92,"1,027 mi",751,$0.1440
HND,KUL,"273,805",$203.53,"3,424 mi",750,$0.0594
PVG,FOC,"273,762",$71.82,394 mi,750,$0.1823
NRT,ISG,"273,687",$100.23,"1,278 mi",750,$0.0784
MNL,LHR,"273,471",$505.37,"6,489 mi",749,$0.0779
HKG,DEL,"273,363",$215.37,"2,398 mi",749,$0.0898
TSN,CGQ,"272,427",$187.61,530 mi,746,$0.3540
SHE,WUX,"270,195",$144.38,743 mi,740,$0.1943
DPS,SGN,"270,012",$105.10,"1,429 mi",740,$0.0735
TSN,FOC,"269,913",$157.53,949 mi,739,$0.1660
CKG,CGQ,"269,880",$314.14,"1,479 mi",739,$0.2124
SZX,NTG,"269,496",$199.03,762 mi,738,$0.2612
CKG,JHG,"268,612",$92.97,667 mi,736,$0.1394
PVG,NBS,"268,600",$175.34,845 mi,736,$0.2075
CGK,AAP,"268,320",$268.63,807 mi,735,$0.3329
NGO,KMI,"268,294",$87.44,382 mi,735,$0.2289
DAD,DMK,"268,164",$66.55,512 mi,735,$0.1300
KUL,MLE,"267,312",$68.05,"1,888 mi",732,$0.0360
ICN,HRB,"267,182",$114.65,546 mi,732,$0.2100
CNX,KBV,"266,843",$81.82,716 mi,731,$0.1143
PKX,JHG,"265,296",$204.42,"1,476 mi",727,$0.1385
WUH,KWE,"265,279",$106.63,520 mi,727,$0.2051
DMK,HKG,"265,052",$63.10,"1,079 mi",726,$0.0585
HKG,HAK,"264,434",$83.79,269 mi,724,$0.3115
NRT,GUM,"263,848",$246.48,"1,517 mi",723,$0.1625
CGO,CTU,"263,463",$126.54,618 mi,722,$0.2048
PEK,WUX,"263,195",$229.10,612 mi,721,$0.3743
NRT,KMJ,"262,974",$149.15,563 mi,720,$0.2649
CAN,YNT,"262,944",$201.44,"1,119 mi",720,$0.1800
SGN,LAX,"262,456",$500.53,"8,403 mi",719,$0.0596
KBV,KUL,"261,857",$63.65,402 mi,717,$0.1583
CEB,PPS,"261,379",$37.60,346 mi,716,$0.1087
DAD,PQC,"261,370",$90.53,480 mi,716,$0.1886
KIX,SZX,"261,361",$154.85,"1,576 mi",716,$0.0983
PEK,GMP,"261,214",$108.69,559 mi,716,$0.1944
KHH,MFM,"260,315",$97.13,446 mi,713,$0.2178
KUL,LHR,"259,857",$733.52,"6,788 mi",712,$0.1081
BKK,CCU,"259,563",$70.71,986 mi,711,$0.0717
SGN,PUS,"259,233",$174.53,"2,255 mi",710,$0.0774
WUH,HET,"259,134",$129.13,687 mi,710,$0.1880
CRK,MPH,"258,438",$36.35,237 mi,708,$0.1534
BKK,ZRH,"257,613",$651.67,"5,457 mi",706,$0.1194
URC,KWE,"257,338",$287.55,"1,661 mi",705,$0.1731
DPS,NRT,"257,273",$334.10,"3,381 mi",705,$0.0988
SZX,YIH,"257,169",$163.71,583 mi,705,$0.2808
ICN,TAS,"257,163",$306.31,"3,100 mi",705,$0.0988
DPS,HKG,"256,965",$314.90,"2,211 mi",704,$0.1424
XMN,WUX,"256,225",$169.31,485 mi,702,$0.3491
CGK,PKN,"255,963",$120.98,406 mi,701,$0.2980
NRT,CJJ,"255,728",$82.74,699 mi,701,$0.1184
SHE,NGB,"253,999",$133.18,849 mi,696,$0.1569
PVG,DXB,"253,881",$700.19,"3,887 mi",696,$0.1801
SIN,NKG,"253,507",$244.22,"2,381 mi",695,$0.1026
ICN,TNA,"253,481",$79.73,525 mi,694,$0.1519
BKK,SHJ,"253,214",$115.23,"2,947 mi",694,$0.0391
CKG,DLU,"253,076",$124.12,492 mi,693,$0.2523
BKK,MUC,"253,061",$488.22,"5,631 mi",693,$0.0867
SHE,FOC,"252,975",$86.71,"1,140 mi",693,$0.0761
HND,JFK,"252,479","$1,769.68","6,960 mi",692,$0.2543
CKG,ICN,"252,019",$139.84,"1,218 mi",690,$0.1148
CGK,KOE,"251,964",$209.69,"1,232 mi",690,$0.1702
DMK,RGN,"251,907",$36.77,374 mi,690,$0.0983
PKX,UYN,"251,885",$68.38,358 mi,690,$0.1910
ICN,MYJ,"251,846",$106.41,419 mi,690,$0.2540
CGO,LHW,"251,834",$132.25,573 mi,690,$0.2308
CAN,LYI,"251,553",$165.28,888 mi,689,$0.1861
XMN,HFE,"251,532",$119.15,503 mi,689,$0.2369
HKG,MFM,"251,355",$187.18,22 mi,689,$8.5082
ICN,RMQ,"251,284",$104.86,"1,004 mi",688,$0.1044
SUB,PKY,"250,438",$113.59,376 mi,686,$0.3021
PVG,HUZ,"250,305",$175.53,734 mi,686,$0.2391
TSN,NGB,"249,874",$169.65,705 mi,685,$0.2406
URC,SJW,"249,851",$200.75,"1,506 mi",685,$0.1333
MNL,PVG,"249,096",$191.89,"1,116 mi",682,$0.1719
HKG,JFK,"248,732","$1,962.07","7,817 mi",681,$0.2510
CRK,HKG,"248,653",$62.06,676 mi,681,$0.0918
DMK,HAN,"247,718",$30.45,628 mi,679,$0.0485
BKK,DXB,"247,593",$530.12,"3,138 mi",678,$0.1689
SUB,PNK,"247,049",$174.59,568 mi,677,$0.3074
HKG,YYZ,"246,241","$1,185.89","8,031 mi",675,$0.1477
WUH,XIY,"246,200",$123.36,418 mi,675,$0.2951
SZX,HET,"245,023",$291.38,"1,226 mi",671,$0.2377
CKG,XNN,"244,978",$174.69,524 mi,671,$0.3334
MNL,NGO,"244,672",$185.13,"1,766 mi",670,$0.1048
PKX,DSN,"243,960",$70.13,339 mi,668,$0.2069
SIN,CDG,"243,789","$1,234.25","6,463 mi",668,$0.1910
DAD,HPH,"243,741",$64.77,334 mi,668,$0.1939
CAN,SVO,"243,446",$277.57,"4,482 mi",667,$0.0619
HND,SHM,"243,148",$124.14,275 mi,666,$0.4514
HKT,USM,"239,965",$96.25,151 mi,657,$0.6374
HAN,HKG,"239,597",$124.24,542 mi,656,$0.2292
PEN,BKI,"238,520",$81.03,"1,053 mi",653,$0.0770
NRT,DLC,"238,204",$152.67,"1,088 mi",653,$0.1403
SIN,KCH,"237,763",$74.00,426 mi,651,$0.1737
CGO,JHG,"237,583",$118.40,"1,140 mi",651,$0.1039
ICN,CGQ,"237,477",$129.72,467 mi,651,$0.2778
HND,SGN,"237,144",$273.23,"2,606 mi",650,$0.1048
HND,MNL,"235,093",$360.23,"1,805 mi",644,$0.1996
SIN,BKI,"234,853",$103.18,917 mi,643,$0.1125
BKK,BLR,"234,791",$89.86,"1,502 mi",643,$0.0598
DPS,HLP,"234,199",$136.49,610 mi,642,$0.2238
SZX,YTY,"233,516",$167.65,798 mi,640,$0.2101
PNH,SIN,"233,351",$135.02,685 mi,639,$0.1971
PEK,HLD,"232,520",$202.53,670 mi,637,$0.3023
HKG,NGB,"232,104",$128.67,720 mi,636,$0.1787
KIX,MMY,"232,094",$233.27,867 mi,636,$0.2691
ICN,WEH,"231,787",$81.94,240 mi,635,$0.3414
NRT,YVR,"231,781",$398.49,"4,522 mi",635,$0.0881
CAN,HYN,"231,546",$191.25,637 mi,634,$0.3002
CKG,KUL,"231,028",$110.96,"1,948 mi",633,$0.0570
CGK,TTE,"230,547",$248.17,"1,463 mi",632,$0.1696
HKG,PUS,"230,269",$195.76,"1,231 mi",631,$0.1590
CTU,LZY,"230,162",$183.38,565 mi,631,$0.3246
ICN,TFU,"230,027",$161.68,"1,310 mi",630,$0.1234
PKX,SVO,"229,222",$257.41,"3,732 mi",628,$0.0690
CTU,HRB,"229,207",$116.88,"1,635 mi",628,$0.0715
KUL,BLR,"228,649",$127.69,"1,846 mi",626,$0.0692
HKT,BOM,"228,602",$62.03,"1,809 mi",626,$0.0343
BKK,VTE,"228,087",$67.79,331 mi,625,$0.2048
CGK,DJJ,"227,876",$429.62,"2,415 mi",624,$0.1779
WUH,LJG,"227,718",$153.12,865 mi,624,$0.1770
ICN,SPN,"227,358",$183.24,"1,885 mi",623,$0.0972
KUL,KTM,"227,196",$153.34,"2,095 mi",622,$0.0732
DPS,CDG,"227,032",$482.90,"7,463 mi",622,$0.0647
SHE,YTY,"226,478",$153.55,680 mi,620,$0.2258
RGN,SIN,"225,501",$132.45,"1,164 mi",618,$0.1138
PEK,DXB,"225,472",$797.94,"3,741 mi",618,$0.2133
SZX,INC,"225,451",$264.36,"1,204 mi",618,$0.2196
HGH,LJG,"225,332",$229.40,"1,212 mi",617,$0.1893
CEB,ILO,"225,252",$36.93,104 mi,617,$0.3551
CEB,CRK,"225,197",$46.30,396 mi,617,$0.1169
SHE,LHW,"225,165",$140.22,"1,086 mi",617,$0.1291
MFM,NKG,"224,968",$97.73,760 mi,616,$0.1286
PEK,LXA,"224,833",$351.99,"1,678 mi",616,$0.2098
PKX,HUZ,"224,805",$128.47,"1,108 mi",616,$0.1159
MNL,OZC,"224,633",$46.56,463 mi,615,$0.1006
CTU,ZUH,"224,456",$135.54,806 mi,615,$0.1682
DMK,JHB,"224,328",$55.70,899 mi,615,$0.0620
TPE,KMJ,"224,118",$188.01,766 mi,614,$0.2454
CTU,WNZ,"223,818",$164.05,"1,066 mi",613,$0.1539
ICN,TAK,"223,605",$105.70,493 mi,613,$0.2144
DPS,BPN,"223,587",$129.26,514 mi,613,$0.2515
SIN,WUH,"223,550",$195.84,"2,076 mi",612,$0.0943
BKK,URT,"223,020",$65.21,343 mi,611,$0.1901
CGO,HMI,"222,887",$191.38,"1,263 mi",611,$0.1515
WUH,XNN,"222,461",$153.15,780 mi,609,$0.1963
PEK,SHE,"222,004",$79.61,387 mi,608,$0.2057
CKG,DLC,"221,776",$132.90,"1,093 mi",608,$0.1216
KIX,SGN,"221,627",$216.37,"2,503 mi",607,$0.0864
ICN,CSX,"221,209",$180.47,"1,029 mi",606,$0.1754
SHE,HET,"220,880",$107.10,626 mi,605,$0.1711
SZX,YIW,"220,460",$143.35,585 mi,604,$0.2450
URC,HET,"220,276",$238.87,"1,294 mi",603,$0.1846
TPE,TAE,"220,116",$118.19,842 mi,603,$0.1404
CAN,XUZ,"219,886",$102.41,758 mi,602,$0.1351
HKT,FRA,"219,801",$374.53,"5,604 mi",602,$0.0668
PKX,DQA,"219,155",$165.48,685 mi,600,$0.2416
KUL,BTJ,"218,991",$70.02,488 mi,600,$0.1435
CTU,XIC,"218,777",$71.37,214 mi,599,$0.3335
CKG,YNT,"218,480",$210.60,959 mi,599,$0.2196
BKK,NGO,"218,379",$315.04,"2,758 mi",598,$0.1142
ICN,KMJ,"218,098",$89.04,393 mi,598,$0.2266
SHE,HAK,"217,561",$173.94,"1,633 mi",596,$0.1065
SHE,KHN,"216,995",$185.73,951 mi,595,$0.1953
HND,SYD,"216,952",$643.75,"4,712 mi",594,$0.1366
KNO,SIN,"216,307",$119.78,375 mi,593,$0.3194
ICN,HIJ,"216,271",$117.60,405 mi,593,$0.2904
PEK,NTG,"216,096",$144.74,623 mi,592,$0.2323
SIN,KMG,"215,625",$132.03,"1,593 mi",591,$0.0829
HND,MSJ,"215,462",$158.84,355 mi,590,$0.4474
ICN,YVR,"215,105",$572.86,"4,942 mi",589,$0.1159
PEK,TAO,"214,974",$150.97,310 mi,589,$0.4870
HND,DEL,"214,654",$645.07,"3,750 mi",588,$0.1720
KUL,CSX,"214,546",$107.07,"1,858 mi",588,$0.0576
CTU,HET,"214,285",$84.70,810 mi,587,$0.1046
CTU,YTY,"213,803",$239.44,910 mi,586,$0.2631
SIN,AKL,"213,300",$825.85,"5,068 mi",584,$0.1630
HND,PKX,"213,286",$181.00,"1,266 mi",584,$0.1430
DAD,SIN,"213,265",$167.43,"1,022 mi",584,$0.1638
KIX,WUX,"212,912",$123.95,855 mi,583,$0.1450
CGO,XNN,"212,674",$102.55,697 mi,583,$0.1471
KNO,GNS,"211,929",$56.89,183 mi,581,$0.3109
PKX,HLD,"211,889",$92.81,712 mi,581,$0.1304
BKK,FUK,"211,247",$235.57,"2,245 mi",579,$0.1049
MFM,PKX,"211,186",$96.50,"1,247 mi",579,$0.0774
ICN,FSZ,"210,940",$113.14,660 mi,578,$0.1714
KIX,HNL,"210,808",$422.85,"4,232 mi",578,$0.0999
HGH,XNN,"210,606",$158.98,"1,179 mi",577,$0.1348
BKK,IKT,"210,575",$320.87,"2,753 mi",577,$0.1166
HKG,DXB,"210,320",$893.88,"3,788 mi",576,$0.2360
ICN,DXB,"210,008",$685.01,"4,056 mi",575,$0.1689
PEK,HFE,"209,673",$187.01,576 mi,574,$0.3247
KUL,CMB,"208,373",$66.99,"1,487 mi",571,$0.0451
SHE,WNZ,"208,222",$164.88,931 mi,570,$0.1771
PVG,XNN,"208,197",$171.67,"1,155 mi",570,$0.1486
CKG,KIX,"206,467",$112.36,"1,649 mi",566,$0.0681
HKG,TAO,"205,319",$174.31,"1,070 mi",563,$0.1629
BKK,CPH,"205,180",$458.97,"5,206 mi",562,$0.0882
CEB,HKG,"205,069",$65.72,"1,031 mi",562,$0.0637
CAN,DLU,"204,460",$163.16,855 mi,560,$0.1908
TSN,HET,"204,441",$50.97,325 mi,560,$0.1568
BWN,KUL,"204,435",$142.03,895 mi,560,$0.1587
DPS,MNL,"204,396",$108.07,"1,606 mi",560,$0.0673
PVG,LAX,"204,201",$947.49,"6,277 mi",559,$0.1509
CGO,KWL,"204,010",$125.88,662 mi,559,$0.1902
URC,KRL,"203,519",$115.65,162 mi,558,$0.7139
MNL,DPL,"203,507",$37.33,450 mi,558,$0.0830
BKK,NNG,"203,479",$69.06,809 mi,557,$0.0854
DAD,NRT,"203,252",$273.73,"2,330 mi",557,$0.1175
SZX,MIG,"203,025",$237.17,849 mi,556,$0.2794
HND,TPE,"202,986",$115.66,"1,358 mi",556,$0.0852
KIX,NGS,"202,264",$136.01,314 mi,554,$0.4332
WUH,JJN,"202,158",$76.26,478 mi,554,$0.1595
KHH,OKA,"202,126",$127.15,539 mi,554,$0.2359
SIN,XIY,"202,112",$212.98,"2,376 mi",554,$0.0896
XMN,CGQ,"202,082",$151.05,"1,452 mi",554,$0.1040
WUH,JHG,"202,028",$139.37,999 mi,554,$0.1395
CKG,LHW,"202,014",$96.77,516 mi,553,$0.1875
ICN,PKX,"201,919",$75.52,578 mi,553,$0.1307
CKG,NNG,"201,195",$103.05,515 mi,551,$0.2001
CTU,TYN,"201,065",$57.84,721 mi,551,$0.0802
SHE,URC,"200,987",$348.88,"1,763 mi",551,$0.1979
CEB,TPE,"200,895",$104.93,"1,005 mi",550,$0.1044
LGK,SIN,"200,640",$71.81,438 mi,550,$0.1639
CAN,DXB,"200,605",$513.31,"3,512 mi",550,$0.1462
HKT,LHR,"200,291",$430.53,"5,968 mi",549,$0.0721
KUL,COK,"200,218",$65.50,"1,756 mi",549,$0.0373
SIN,USM,"199,785",$155.25,608 mi,547,$0.2553
SIN,HAK,"199,610",$108.76,"1,315 mi",547,$0.0827
BKK,PKX,"199,546",$86.71,"1,961 mi",547,$0.0442
HND,TOY,"199,481",$82.72,158 mi,547,$0.5235
MNL,DMM,"199,175",$342.96,"4,768 mi",546,$0.0719
XMN,LHW,"198,619",$86.50,"1,157 mi",544,$0.0748
SZX,NNY,"198,192",$139.79,696 mi,543,$0.2008
PEK,KWL,"198,067",$191.47,"1,061 mi",543,$0.1805
CGO,BAV,"197,235",$97.82,453 mi,540,$0.2159
KHH,PVG,"197,106",$171.01,617 mi,540,$0.2772
CGK,MED,"197,068",$503.27,"5,120 mi",540,$0.0983
PKX,ZYI,"196,959",$181.00,993 mi,540,$0.1823
TSN,NNG,"196,693",$288.75,"1,224 mi",539,$0.2359
DMK,PEN,"196,221",$23.71,578 mi,538,$0.0410
SIN,TAO,"196,017",$266.70,"2,707 mi",537,$0.0985
HKG,PEN,"195,954",$256.93,"1,532 mi",537,$0.1677
HGH,KWL,"195,910",$125.43,701 mi,537,$0.1789
DPS,DEL,"195,907",$296.63,"3,509 mi",537,$0.0845
HND,ASJ,"195,668",$164.61,744 mi,536,$0.2213
SZX,JHG,"195,554",$124.36,860 mi,536,$0.1446
KUL,LBU,"195,441",$62.59,977 mi,535,$0.0641
NRT,PEK,"195,427",$184.60,"1,287 mi",535,$0.1434
ICN,PNH,"195,158",$179.95,"2,302 mi",535,$0.0782
CKG,YTY,"195,113",$163.77,773 mi,535,$0.2119
URC,TAO,"194,913",$273.06,"1,733 mi",534,$0.1576
DPS,LOP,"194,550",$41.36,74 mi,533,$0.5589
MNL,CYZ,"194,383",$26.87,169 mi,533,$0.1590
HGH,JHG,"194,328",$194.26,"1,385 mi",532,$0.1403
CEB,SIN,"193,983",$148.90,"1,550 mi",531,$0.0961
CKG,CZX,"193,832",$195.27,770 mi,531,$0.2536
BKK,MXP,"193,695",$401.56,"5,811 mi",531,$0.0691
ICN,SEA,"193,433",$738.61,"5,359 mi",530,$0.1378
MNL,PAG,"193,366",$41.58,505 mi,530,$0.0823
MNL,DOH,"192,818",$332.55,"4,661 mi",528,$0.0713
CGO,INC,"192,536",$96.05,505 mi,527,$0.1902
KIX,TAE,"192,523",$98.87,397 mi,527,$0.2490
CTU,KHN,"192,504",$193.36,749 mi,527,$0.2582
MNL,JJN,"191,763",$103.63,750 mi,525,$0.1382
KUL,LOP,"191,571",$105.51,"1,242 mi",525,$0.0850
MNL,KWI,"191,490",$353.22,"4,866 mi",525,$0.0726
PVG,WNZ,"191,345",$89.93,223 mi,524,$0.4033
KIX,KMI,"191,213",$55.37,273 mi,524,$0.2028
CTU,BPX,"191,133",$258.12,419 mi,524,$0.6160
SIN,HYD,"190,824",$268.68,"2,115 mi",523,$0.1270
ICN,KLO,"190,700",$152.27,"1,853 mi",522,$0.0822
TPE,TFU,"190,467",$246.52,"1,121 mi",522,$0.2199
SZX,YNT,"190,441",$264.90,"1,088 mi",522,$0.2435
WUH,INC,"190,427",$168.27,705 mi,522,$0.2387
PVG,FRA,"190,424",$702.13,"5,669 mi",522,$0.1239
PKX,LZO,"189,988",$261.03,984 mi,521,$0.2653
DAD,MFM,"189,920",$160.29,565 mi,520,$0.2837
SIN,XMN,"189,549",$196.22,"1,803 mi",519,$0.1088
SGN,SFO,"188,806",$508.11,"8,062 mi",517,$0.0630
PKX,ZHA,"188,692",$150.99,"1,331 mi",517,$0.1134
HKG,CJU,"188,569",$146.64,"1,055 mi",517,$0.1390
TPE,PQC,"188,367",$203.04,"1,575 mi",516,$0.1289
PVG,YNT,"188,363",$181.83,438 mi,516,$0.4151
BKK,MAA,"188,132",$80.50,"1,342 mi",515,$0.0600
KNO,HLP,"188,093",$185.25,854 mi,515,$0.2169
CEB,USU,"187,751",$58.07,300 mi,514,$0.1936
HKG,SYD,"187,726",$839.01,"4,732 mi",514,$0.1773
PVG,MIG,"187,603",$181.04,977 mi,514,$0.1853
KUL,MED,"187,482",$334.05,"4,519 mi",514,$0.0739
URC,HFE,"187,233",$272.75,"1,739 mi",513,$0.1568
BKK,KHH,"187,039",$142.95,"1,381 mi",512,$0.1035
SHE,KWE,"186,948",$173.20,"1,367 mi",512,$0.1267
MNL,FUK,"186,716",$207.51,"1,401 mi",512,$0.1481
DPS,KOE,"186,661",$104.26,570 mi,511,$0.1829
PVG,BHY,"186,503",$173.04,988 mi,511,$0.1751
DMK,SAI,"186,495",$35.46,239 mi,511,$0.1484
SGN,SAI,"186,471",$79.53,234 mi,511,$0.3399
CTU,LHW,"186,227",$73.22,399 mi,510,$0.1835
BKK,CKG,"186,115",$141.74,"1,135 mi",510,$0.1249
PVG,LHR,"185,996",$958.37,"5,570 mi",510,$0.1721
DPS,TPE,"185,870",$250.79,"2,301 mi",509,$0.1090
PVG,OKA,"185,642",$99.74,477 mi,509,$0.2091
MFM,RMQ,"185,102",$106.57,484 mi,507,$0.2202
TSN,KWL,"184,903",$169.47,"1,019 mi",507,$0.1663
PEK,XNN,"184,501",$239.21,800 mi,505,$0.2990
CGO,BHY,"184,430",$124.15,910 mi,505,$0.1364
RGN,MDL,"184,132",$86.64,321 mi,504,$0.2699
DPS,SVO,"184,034",$341.43,"6,065 mi",504,$0.0563
NRT,TFU,"183,980",$293.31,"2,166 mi",504,$0.1354
CAN,LZO,"183,974",$141.50,641 mi,504,$0.2207
BKK,HYD,"183,909",$75.21,"1,550 mi",504,$0.0485
PVG,DYG,"183,388",$156.92,672 mi,502,$0.2335
DPS,DIL,"183,331",$312.51,729 mi,502,$0.4287
URC,AAT,"183,272",$44.19,275 mi,502,$0.1607
KIX,TFU,"183,197",$168.03,"1,759 mi",502,$0.0955
SGN,SZX,"182,636",$150.96,916 mi,500,$0.1648
XMN,YTY,"182,611",$188.41,545 mi,500,$0.3457
WUH,BHY,"182,249",$126.94,686 mi,499,$0.1850
CGO,ICN,"181,657",$101.86,711 mi,498,$0.1433
PEK,LJG,"181,553",$336.36,"1,277 mi",497,$0.2634
NRT,SZX,"181,444",$238.88,"1,888 mi",497,$0.1265
DPS,TMC,"181,351",$70.41,274 mi,497,$0.2570
PEK,MIG,"181,248",$194.49,865 mi,497,$0.2248
DAD,VCA,"181,222",$67.54,432 mi,496,$0.1563
CGO,KUL,"181,215",$151.51,"2,260 mi",496,$0.0670
DPS,SOC,"181,079",$114.99,304 mi,496,$0.3783
CKG,BHY,"180,851",$104.91,607 mi,495,$0.1728
BKK,MAD,"180,277",$323.35,"6,523 mi",494,$0.0496
NGO,NGS,"180,138",$156.78,430 mi,494,$0.3646
HKT,SHJ,"179,944",$199.76,"3,145 mi",493,$0.0635
CAN,KHN,"179,589",$88.26,423 mi,492,$0.2087
PKX,NKG,"179,504",$235.05,537 mi,492,$0.4377
MNL,YYZ,"179,109",$680.44,"8,456 mi",491,$0.0805
HKT,CDG,"178,484",$346.81,"5,872 mi",489,$0.0591
URC,KCA,"178,386",$133.33,281 mi,489,$0.4745
NGO,ISG,"178,321",$188.08,"1,074 mi",489,$0.1751
HGH,NRT,"178,297",$279.22,"1,179 mi",488,$0.2368
HND,HAC,"178,223",$126.76,163 mi,488,$0.7777
SZX,NAO,"178,222",$166.20,757 mi,488,$0.2196
CKG,NTG,"178,077",$191.86,839 mi,488,$0.2287
SHE,SJW,"178,017",$67.88,536 mi,488,$0.1266
HGH,CSX,"177,957",$85.59,471 mi,488,$0.1817
PVG,CDG,"177,526",$861.18,"5,585 mi",486,$0.1542
XMN,CZX,"177,391",$164.07,535 mi,486,$0.3067
XMN,KWL,"177,354",$74.12,524 mi,486,$0.1415
CGK,SGN,"177,085",$188.95,"1,136 mi",485,$0.1663
ICN,YYZ,"176,951",$818.87,"6,795 mi",485,$0.1205
PEK,JMU,"176,911",$152.64,861 mi,485,$0.1773
BKK,MFM,"176,753",$146.37,995 mi,484,$0.1471
DMK,PVG,"176,691",$43.74,"1,849 mi",484,$0.0237
DMK,VTE,"176,680",$53.83,301 mi,484,$0.1788
KIX,TSN,"176,670",$96.39,"1,071 mi",484,$0.0900
TSN,INC,"176,586",$144.39,611 mi,484,$0.2363
PEK,CJU,"175,820",$107.14,690 mi,482,$0.1553
ICN,XMN,"175,534",$139.37,"1,050 mi",481,$0.1327
CAN,DAC,"175,485",$163.11,"1,491 mi",481,$0.1094
WUH,HUZ,"175,458",$134.67,551 mi,481,$0.2444
PEK,BHY,"175,285",$223.91,"1,310 mi",480,$0.1709
CTU,DLU,"174,794",$17.91,418 mi,479,$0.0428
HGH,KOW,"174,597",$51.75,445 mi,478,$0.1163
DPS,SRG,"174,273",$119.61,360 mi,477,$0.3323
CKG,HKG,"173,916",$134.00,662 mi,476,$0.2024
CAN,DMK,"173,694",$35.74,"1,089 mi",476,$0.0328
ICN,EWR,"173,507",$669.74,"7,087 mi",475,$0.0945
BKK,KTI,"173,167",$45.83,314 mi,474,$0.1460
SHE,ZUH,"173,167",$278.68,"1,522 mi",474,$0.1831
CGK,MNL,"172,905",$254.83,"1,680 mi",474,$0.1517
HKG,CDG,"172,900","$1,187.19","5,780 mi",474,$0.2054
MFM,WUX,"172,876",$96.94,748 mi,474,$0.1296
HKT,TFU,"172,625",$106.84,"1,633 mi",473,$0.0654
CGK,KIX,"172,529",$442.79,"3,265 mi",473,$0.1356
TPE,CJJ,"172,481",$66.02,858 mi,473,$0.0769
TPE,JFK,"171,841","$1,123.32","7,560 mi",471,$0.1486
KUL,SYD,"171,485",$421.01,"4,214 mi",470,$0.0999
PKX,HFE,"171,417",$247.64,504 mi,470,$0.4913
PEK,JJN,"171,355",$168.71,"1,030 mi",469,$0.1638
CEB,BCD,"171,227",$41.90,71 mi,469,$0.5901
CAN,DZH,"171,152",$121.41,621 mi,469,$0.1955
URC,KMG,"171,085",$290.98,"1,516 mi",469,$0.1919
CAN,XNN,"170,870",$217.75,"1,094 mi",468,$0.1990
SIN,PUS,"170,673",$334.17,"2,919 mi",468,$0.1145
PVG,LGW,"170,662",$547.22,"5,921 mi",468,$0.0924
PNH,SGN,"170,586",$51.79,136 mi,467,$0.3808
BKK,TAO,"170,429",$109.03,"1,912 mi",467,$0.0570
TPE,SEA,"170,145",$731.27,"6,244 mi",466,$0.1171
TSN,WNZ,"169,588",$111.62,776 mi,465,$0.1438
KUL,IST,"169,523",$331.42,"5,368 mi",464,$0.0617
MNL,CBO,"169,266",$76.06,535 mi,464,$0.1422
SZX,LZO,"169,188",$162.94,701 mi,464,$0.2324
MNL,LAO,"169,023",$41.64,248 mi,463,$0.1679
KUL,DXB,"168,917",$438.26,"3,345 mi",463,$0.1310
BKK,LAX,"168,844",$704.44,"8,010 mi",463,$0.0879
CTU,JHG,"168,577",$85.57,645 mi,462,$0.1327
HAN,KHH,"168,563",$139.07,965 mi,462,$0.1441
CRK,SIN,"167,922",$128.58,"1,524 mi",460,$0.0844
CKG,LZY,"167,733",$111.37,762 mi,460,$0.1462
SUB,JED,"167,477",$368.10,"5,210 mi",459,$0.0707
PKX,SIN,"167,072",$219.30,"2,667 mi",458,$0.0822
CGO,SIN,"166,898",$174.39,"2,449 mi",457,$0.0712
CGK,IST,"166,894",$487.00,"6,053 mi",457,$0.0805
PVG,SFO,"166,795","$1,223.91","5,953 mi",457,$0.2056
SZX,XFN,"166,771",$156.40,684 mi,457,$0.2287
BKK,CTS,"166,764",$341.42,"3,057 mi",457,$0.1117
BKK,XMN,"166,539",$125.92,"1,399 mi",456,$0.0900
CAN,LYG,"166,492",$127.38,865 mi,456,$0.1473
CGO,YIN,"166,424",$197.66,"1,788 mi",456,$0.1105
CGK,GTO,"166,329",$213.76,"1,247 mi",456,$0.1714
URC,XNN,"166,276",$151.30,948 mi,456,$0.1596
HAN,NGO,"166,143",$167.33,"2,163 mi",455,$0.0774
DMK,BFV,"165,983",$56.84,205 mi,455,$0.2773
URC,SYX,"165,955",$267.02,"2,114 mi",455,$0.1263
KUL,XMN,"165,903",$167.15,"1,917 mi",455,$0.0872
WUH,ZHA,"165,381",$230.43,660 mi,453,$0.3491
PEK,WEH,"165,345",$109.02,353 mi,453,$0.3088
DMK,LOE,"165,058",$58.73,247 mi,452,$0.2378
HGH,TPE,"164,950",$169.74,370 mi,452,$0.4588
SZX,XNN,"164,887",$288.40,"1,226 mi",452,$0.2352
CAN,MNL,"164,876",$162.09,770 mi,452,$0.2105
MFM,SIN,"164,615",$193.57,"1,528 mi",451,$0.1267
CGO,HSN,"164,380",$157.84,572 mi,450,$0.2759
PEN,KCH,"164,300",$36.10,721 mi,450,$0.0501
HGH,WEH,"164,149",$105.54,477 mi,450,$0.2213
SHE,SHA,"163,950",$214.12,709 mi,449,$0.3020
SHE,SIN,"163,788",$177.19,"3,127 mi",449,$0.0567
DAD,CJJ,"163,158",$83.21,"1,798 mi",447,$0.0463
KUL,BOM,"163,117",$197.57,"2,184 mi",447,$0.0905
ICN,PRG,"163,106",$591.51,"4,964 mi",447,$0.1192
CNX,KUL,"163,045",$36.85,"1,157 mi",447,$0.0318
DPS,LHR,"163,014",$663.41,"8,018 mi",447,$0.0827
DMK,HGH,"162,782",$61.04,"1,743 mi",446,$0.0350
DMK,TFU,"162,617",$50.54,"1,194 mi",446,$0.0423
BWN,SIN,"162,589",$218.71,770 mi,445,$0.2840
KUL,YIA,"162,558",$90.89,963 mi,445,$0.0944
SZX,HIA,"162,487",$148.98,810 mi,445,$0.1839
KHH,GMP,"162,228",$84.50,"1,071 mi",444,$0.0789
HKG,XIY,"162,147",$162.18,922 mi,444,$0.1759
CGK,LBJ,"162,034",$179.01,949 mi,444,$0.1886
KUL,XIY,"161,895",$68.49,"2,170 mi",444,$0.0316
SHE,WEH,"161,784",$84.76,306 mi,443,$0.2770
HND,ONJ,"161,666",$145.77,332 mi,443,$0.4391
ICN,ATL,"161,437","$1,918.41","7,351 mi",442,$0.2610
HND,SEA,"160,840",$968.22,"4,648 mi",441,$0.2083
MNL,JED,"160,795",$393.39,"5,500 mi",441,$0.0715
URC,TCG,"160,582",$95.67,269 mi,440,$0.3557
ICN,WUH,"160,508",$120.96,863 mi,440,$0.1402
BKK,VIE,"160,055",$507.30,"5,092 mi",439,$0.0996
DMK,MNL,"160,049",$36.15,"1,408 mi",438,$0.0257
SIN,FUK,"160,031",$444.78,"2,725 mi",438,$0.1632
PKX,LJG,"159,814",$181.97,"1,324 mi",438,$0.1374
CAN,YCU,"159,653",$179.30,796 mi,437,$0.2253
DAD,DLI,"159,581",$67.35,306 mi,437,$0.2201
DPS,AMS,"159,578",$530.53,"7,781 mi",437,$0.0682
NRT,FRA,"159,519",$686.32,"5,645 mi",437,$0.1216
PEK,YCU,"159,379",$136.96,472 mi,437,$0.2902
DMK,CJM,"159,272",$58.19,230 mi,436,$0.2530
CNX,SIN,"159,004",$187.28,"1,288 mi",436,$0.1454
PVG,YIH,"158,827",$128.66,632 mi,435,$0.2036
DPS,BDJ,"158,256",$112.62,379 mi,434,$0.2972
CTU,CGQ,"158,050",$128.05,"1,459 mi",433,$0.0878
XMN,DLC,"157,760",$142.88,"1,046 mi",432,$0.1366
HND,SFO,"157,671","$1,625.08","5,302 mi",432,$0.3065
HGH,MIG,"156,904",$179.50,962 mi,430,$0.1866
SUB,PKN,"156,763",$106.02,322 mi,429,$0.3293
SIN,CSX,"156,390",$179.58,"2,011 mi",428,$0.0893
KIX,XIY,"156,214",$108.49,"1,460 mi",428,$0.0743
KHH,PUS,"155,888",$289.01,"1,043 mi",427,$0.2771
KUL,PER,"155,697",$190.20,"2,495 mi",427,$0.0762
SIN,CJB,"155,546",$199.37,"1,906 mi",426,$0.1046
NRT,OIT,"155,487",$133.11,501 mi,426,$0.2657
CKG,DMK,"154,925",$45.26,"1,193 mi",424,$0.0379
NGO,SIN,"154,923",$381.88,"3,226 mi",424,$0.1184
ICN,WUX,"154,858",$115.11,552 mi,424,$0.2085
CKG,NRT,"154,815",$198.60,"1,935 mi",424,$0.1026
SZX,YCU,"154,076",$185.62,904 mi,422,$0.2053
HND,WKJ,"153,730",$170.65,710 mi,421,$0.2404
CGO,HUZ,"153,726",$242.64,770 mi,421,$0.3151
TPE,XMN,"153,638",$135.77,204 mi,421,$0.6655
PKX,MIG,"152,723",$187.33,835 mi,418,$0.2243
SUB,MDC,"152,483",$249.49,"1,071 mi",418,$0.2330
MNL,JFK,"152,185",$776.18,"8,255 mi",417,$0.0940
HKG,WUX,"152,152",$110.00,772 mi,417,$0.1425
KIX,CJU,"152,084",$108.81,520 mi,417,$0.2093
HGH,JJN,"152,068",$92.84,380 mi,417,$0.2443
CEB,BXU,"151,646",$42.79,135 mi,415,$0.3170
KUL,CDG,"151,387",$466.92,"6,683 mi",415,$0.0699
BKK,OSL,"151,184",$377.68,"5,226 mi",414,$0.0723
KNO,PLM,"150,873",$151.00,623 mi,413,$0.2424
NRT,NGS,"150,540",$186.57,610 mi,412,$0.3059
PEK,DQA,"150,487",$185.53,648 mi,412,$0.2863
MNL,XMN,"150,386",$107.30,696 mi,412,$0.1542
MFM,MNL,"150,275",$67.68,696 mi,412,$0.0972
HGH,LZO,"150,207",$169.56,875 mi,412,$0.1938
NRT,KMI,"150,147",$92.23,562 mi,411,$0.1641
PKX,CJU,"150,084",$66.77,717 mi,411,$0.0931
NRT,UBN,"149,820",$255.85,"1,840 mi",410,$0.1390
HGH,YBP,"149,776",$226.16,931 mi,410,$0.2429
CAN,BKI,"149,680",$94.08,"1,183 mi",410,$0.0795
KHH,FUK,"149,621",$192.18,"1,006 mi",410,$0.1910
CGO,ZHA,"149,519",$168.81,894 mi,410,$0.1888
SZX,YNZ,"148,854",$210.92,866 mi,408,$0.2436
NRT,MAD,"148,796",$646.67,"6,491 mi",408,$0.0996
PEK,YBP,"148,710",$229.27,"1,067 mi",407,$0.2149
KIX,DLC,"148,640",$67.68,845 mi,407,$0.0801
DMK,XIY,"148,606",$34.79,"1,552 mi",407,$0.0224
CAN,VTE,"148,526",$78.05,812 mi,407,$0.0961
CGO,DSN,"148,446",$52.04,396 mi,407,$0.1314
SIN,CMB,"148,260",$248.00,"1,657 mi",406,$0.1497
TPE,BAJ,"147,946",$314.93,"2,705 mi",405,$0.1164
SGN,CDG,"147,938",$495.90,"6,467 mi",405,$0.0767
URC,ALA,"147,750",$165.51,539 mi,405,$0.3071
SHE,XUZ,"147,745",$112.40,632 mi,405,$0.1778
XMN,SYX,"147,725",$116.84,686 mi,405,$0.1703
XMN,HRB,"147,652",$157.62,"1,479 mi",405,$0.1066
DMK,KNO,"147,627",$124.99,698 mi,404,$0.1791
TPE,CIS,"147,572",$348.56,"5,028 mi",404,$0.0693
KIX,CDG,"147,367",$583.87,"5,802 mi",404,$0.1006
HAN,PNH,"147,177",$66.95,651 mi,403,$0.1028
SZX,LYI,"147,126",$154.38,874 mi,403,$0.1766
NGO,MMY,"147,104",$195.27,950 mi,403,$0.2055
ICN,ALA,"147,083",$353.19,"2,670 mi",403,$0.1323
NRT,SYD,"146,689",$424.74,"4,720 mi",402,$0.0900
WUH,HYN,"146,506",$97.14,446 mi,401,$0.2178
CTU,DLC,"146,422",$222.48,"1,116 mi",401,$0.1994
SIN,FOC,"146,410",$148.87,"1,932 mi",401,$0.0771
HKG,SYX,"146,382",$84.30,414 mi,401,$0.2036
PEK,DLU,"146,336",$294.83,"1,409 mi",401,$0.2092
CTU,NNG,"146,239",$70.54,591 mi,401,$0.1194
HAN,SAI,"146,052",$82.48,535 mi,400,$0.1542
NGO,PUS,"145,931",$104.82,458 mi,400,$0.2289
PEK,DSN,"145,871",$132.89,348 mi,400,$0.3819
HKG,MEL,"145,733",$750.54,"4,468 mi",399,$0.1680
SGN,DEL,"145,719",$134.28,"2,337 mi",399,$0.0575
CKG,YIW,"145,611",$142.58,781 mi,399,$0.1826
SUB,TRK,"145,596",$200.49,786 mi,399,$0.2551
HKG,URC,"145,429",$224.16,"2,183 mi",398,$0.1027
PEN,PVG,"145,233",$175.73,"2,335 mi",398,$0.0753
SIN,SFO,"144,523","$1,847.72","8,185 mi",396,$0.2257
KUL,MFM,"144,501",$58.60,"1,513 mi",396,$0.0387
KIX,SHE,"144,302",$67.21,834 mi,395,$0.0806
DAD,MNL,"144,035",$79.23,887 mi,395,$0.0893
HAN,CDG,"143,981",$460.02,"5,519 mi",394,$0.0834
NRT,MEX,"143,665","$1,059.25","7,202 mi",394,$0.1471
HND,NGO,"143,633",$57.23,170 mi,394,$0.3366
SHE,NTG,"143,583",$190.62,655 mi,393,$0.2910
NRT,FOC,"143,429",$198.69,"1,358 mi",393,$0.1463
MNL,YVR,"143,350",$507.80,"6,755 mi",393,$0.0752
NRT,BNE,"143,316",$582.72,"4,574 mi",393,$0.1274
HND,FCO,"143,143",$747.63,"5,963 mi",392,$0.1254
BKK,BRU,"143,092",$417.33,"5,928 mi",392,$0.0704
CGK,MLG,"142,738",$130.31,421 mi,391,$0.3095
NRT,KOJ,"142,477",$162.69,637 mi,390,$0.2554
DMK,SZX,"142,455",$46.93,"1,022 mi",390,$0.0459
BKK,MCT,"142,426",$263.30,"2,766 mi",390,$0.0952
CAN,XFN,"142,402",$77.47,626 mi,390,$0.1238
SIN,BNE,"142,298",$633.57,"3,702 mi",390,$0.1711
SGN,TBB,"141,927",$51.16,245 mi,389,$0.2088
CAN,HIA,"141,657",$182.70,776 mi,388,$0.2354
CGK,AMS,"141,526",$593.34,"7,266 mi",388,$0.0817
CGK,TNJ,"141,214",$120.46,494 mi,387,$0.2438
MNL,PUS,"141,090",$234.17,"1,555 mi",387,$0.1506
HKT,TLV,"140,879",$582.29,"4,500 mi",386,$0.1294
PEK,SVO,"140,848",$359.13,"3,493 mi",386,$0.1028
PKX,YNJ,"140,843",$100.38,695 mi,386,$0.1444
DMK,ICN,"140,771",$267.73,"2,341 mi",386,$0.1144
TPE,OKJ,"140,717",$103.38,978 mi,386,$0.1057
PVG,YCU,"140,712",$119.71,660 mi,386,$0.1814
CEB,KIX,"140,613",$141.81,"1,866 mi",385,$0.0760
HKG,KMG,"140,521",$137.26,743 mi,385,$0.1847
NRT,NKG,"140,468",$149.78,"1,227 mi",385,$0.1221
TSN,LJG,"140,314",$147.37,"1,348 mi",384,$0.1093
TPE,ONT,"140,177",$856.99,"7,023 mi",384,$0.1220
DVO,TAG,"140,146",$24.94,220 mi,384,$0.1134
DMK,CSX,"139,901",$39.59,"1,314 mi",383,$0.0301
KUL,MEL,"139,840",$346.65,"4,042 mi",383,$0.0858
CGK,RUH,"139,467",$325.78,"4,699 mi",382,$0.0693
CAN,YIH,"139,445",$71.85,522 mi,382,$0.1376
TPE,CDG,"139,391",$973.14,"6,262 mi",382,$0.1554
KUL,LHE,"139,369",$255.62,"2,746 mi",382,$0.0931
CEB,GES,"139,330",$36.53,294 mi,382,$0.1243
CNX,URT,"139,316",$87.41,686 mi,382,$0.1274
PEK,LHR,"139,130",$912.17,"4,914 mi",381,$0.1856
BKK,PEN,"139,121",$120.11,563 mi,381,$0.2133
SIN,TSN,"139,022",$276.92,"2,660 mi",381,$0.1041
ICN,MAD,"138,993",$603.79,"6,377 mi",381,$0.0947
URC,XMN,"138,689",$201.79,"2,247 mi",380,$0.0898
PVG,MXP,"138,528",$604.08,"5,852 mi",380,$0.1032
PVG,LZH,"138,415",$203.23,924 mi,379,$0.2199
PVG,JFK,"138,389","$1,199.94","7,599 mi",379,$0.1579
SIN,LAX,"138,376","$1,735.19","8,499 mi",379,$0.2042
CKG,YCU,"137,911",$90.72,466 mi,378,$0.1947
PEK,YIH,"137,621",$221.24,740 mi,377,$0.2990
BKK,KWI,"137,526",$297.85,"3,634 mi",377,$0.0820
SGN,TFU,"137,487",$93.43,"1,396 mi",377,$0.0669
DPS,HAN,"137,361",$130.47,"2,101 mi",376,$0.0621
BKK,ARN,"137,254",$423.57,"5,000 mi",376,$0.0847
CAN,KTI,"136,856",$93.48,"1,027 mi",375,$0.0910
DMK,BOM,"136,806",$66.62,"1,814 mi",375,$0.0367
NRT,CNS,"136,708",$487.84,"3,764 mi",375,$0.1296
KIX,WUH,"136,651",$126.35,"1,285 mi",374,$0.0983
PEK,LAX,"136,583",$846.76,"6,050 mi",374,$0.1400
BKK,HAK,"136,478",$83.61,750 mi,374,$0.1115
HKG,BOM,"136,323",$470.40,"2,734 mi",373,$0.1721
SUB,BEJ,"136,189",$161.94,711 mi,373,$0.2278
CEB,ZAM,"136,045",$33.18,260 mi,373,$0.1276
BKK,PQC,"136,000",$75.87,317 mi,373,$0.2393
PEK,UBN,"135,909",$146.25,734 mi,372,$0.1993
NRT,CDG,"135,623",$432.10,"5,852 mi",372,$0.0738
URC,MIG,"135,530",$153.35,"1,236 mi",371,$0.1241
PNH,SZX,"135,404",$105.06,997 mi,371,$0.1054
SIN,CTS,"135,403",$401.41,"3,576 mi",371,$0.1123
KNO,PDG,"135,318",$80.77,338 mi,371,$0.2390
NRT,KCZ,"135,251",$125.91,399 mi,371,$0.3156
NRT,XIY,"135,085",$232.39,"1,729 mi",370,$0.1344
HKG,SUB,"134,895",$298.00,"2,115 mi",370,$0.1409
PVG,TSA,"134,820",$153.35,433 mi,369,$0.3542
HND,SZX,"134,575",$391.65,"1,741 mi",369,$0.2250
BKK,JED,"134,463",$257.48,"4,190 mi",368,$0.0615
BKK,IST,"134,429",$314.51,"4,528 mi",368,$0.0695
HAN,VCS,"134,252",$180.67,891 mi,368,$0.2028
NGO,MYJ,"134,125",$131.65,252 mi,367,$0.5224
NRT,TAE,"133,978",$116.53,677 mi,367,$0.1721
HND,FRA,"133,964","$1,085.48","5,642 mi",367,$0.1924
XMN,HET,"133,774",$91.04,"1,220 mi",367,$0.0746
PKX,DLU,"133,746",$330.78,"1,295 mi",366,$0.2554
ICN,MXP,"133,681",$703.22,"5,350 mi",366,$0.1314
CGK,XMN,"133,501",$227.17,"2,187 mi",366,$0.1039
NRT,AMS,"133,448",$886.99,"5,964 mi",366,$0.1487
NRT,MEL,"133,320",$605.42,"5,234 mi",365,$0.1157
CKG,KRL,"133,305",$155.50,"1,369 mi",365,$0.1136
PVG,ZYI,"133,246",$162.22,932 mi,365,$0.1741
PKX,SGN,"133,202",$116.23,"2,133 mi",365,$0.0545
KUL,HDY,"132,963",$40.82,312 mi,364,$0.1308
MNL,SYD,"132,932",$341.06,"3,774 mi",364,$0.0904
SIN,JED,"132,749",$361.22,"4,436 mi",364,$0.0814
SGN,MEL,"132,617",$371.92,"4,037 mi",363,$0.0921
MNL,IAO,"132,433",$107.23,480 mi,363,$0.2234
DAD,CXR,"132,386",$68.09,279 mi,363,$0.2441
HKT,BLR,"132,379",$48.23,"1,398 mi",363,$0.0345
BKK,CMB,"131,672",$150.25,"1,531 mi",361,$0.0981
HND,YYZ,"131,641",$967.18,"6,235 mi",361,$0.1551
RGN,HEH,"131,545",$85.81,277 mi,360,$0.3098
PKX,XIL,"131,286",$90.64,296 mi,360,$0.3062
PEN,TPE,"131,283",$213.41,"1,890 mi",360,$0.1129
CAN,LUM,"131,213",$215.70,963 mi,359,$0.2240
HAN,VTE,"131,212",$85.95,298 mi,359,$0.2884
CEB,TAC,"131,198",$49.33,92 mi,359,$0.5362
DMK,TPE,"131,155",$63.40,"1,592 mi",359,$0.0398
DPS,PVG,"130,765",$354.82,"2,875 mi",358,$0.1234
SUB,PKU,"130,541",$254.27,922 mi,358,$0.2758
ICN,DYG,"130,397",$312.10,"1,121 mi",357,$0.2784
HAN,HND,"130,379",$341.98,"2,206 mi",357,$0.1550
HGH,YCU,"130,200",$174.75,623 mi,357,$0.2805
DPS,CNS,"130,192",$199.53,"2,196 mi",357,$0.0909
PVG,YVR,"130,186",$744.41,"5,434 mi",357,$0.1370
NRT,ASJ,"130,056",$76.22,779 mi,356,$0.0978
HKG,MAN,"129,840",$708.62,"5,798 mi",356,$0.1222
CKG,ZHA,"129,715",$138.69,601 mi,355,$0.2308
PEK,SWA,"129,626",$164.81,"1,108 mi",355,$0.1487
HKG,SDJ,"129,546",$154.90,"1,994 mi",355,$0.0777
MNL,GUM,"129,409",$292.83,"1,547 mi",355,$0.1893
PNH,PVG,"129,167",$81.26,"1,786 mi",354,$0.0455
HGH,DXB,"129,162",$372.54,"3,822 mi",354,$0.0975
DPS,MDC,"129,124",$183.78,950 mi,354,$0.1935
PEK,LZH,"129,094",$156.82,"1,138 mi",354,$0.1378
TPE,LHR,"128,802",$977.36,"6,261 mi",353,$0.1561
KUL,PQC,"128,362",$63.53,520 mi,352,$0.1222
MFM,NGB,"128,330",$165.72,743 mi,352,$0.2230
NRT,KTM,"128,327",$353.06,"3,336 mi",352,$0.1058
DPS,FRA,"128,167",$449.75,"7,638 mi",351,$0.0589
PNH,TPE,"128,120",$210.48,"1,465 mi",351,$0.1437
CNX,HDY,"127,952",$74.25,849 mi,351,$0.0875
PVG,WEH,"127,924",$106.82,405 mi,350,$0.2638
HND,NTQ,"127,742",$174.89,204 mi,350,$0.8573
CGO,NRT,"127,707",$185.98,"1,543 mi",350,$0.1205
NGO,KCZ,"127,474",$116.41,195 mi,349,$0.5970
SUB,KDI,"127,462",$162.92,679 mi,349,$0.2399
BKK,CGO,"127,378",$93.71,"1,706 mi",349,$0.0549
PEK,YNJ,"127,365",$110.78,672 mi,349,$0.1649
SUB,PLM,"127,273",$173.04,618 mi,349,$0.2800
CAN,DPS,"127,252",$216.38,"2,291 mi",349,$0.0944
KUL,TAO,"127,129",$161.31,"2,523 mi",348,$0.0639
KHH,MNL,"126,416",$59.36,576 mi,346,$0.1031
URC,HAK,"126,331",$300.45,"2,184 mi",346,$0.1376
PEK,HUZ,"126,084",$284.49,"1,217 mi",345,$0.2338
PVG,BAV,"126,000",$199.92,954 mi,345,$0.2096
ICN,UKB,"125,836",$125.34,544 mi,345,$0.2304
HKT,CCU,"125,748",$61.66,"1,163 mi",345,$0.0530
CTU,SJW,"125,554",$63.01,786 mi,344,$0.0802
CAN,HKT,"125,498",$114.91,"1,492 mi",344,$0.0770
CAN,WXN,"125,400",$159.15,611 mi,344,$0.2605
CAN,KHG,"125,146",$261.28,"2,367 mi",343,$0.1104
HND,IWJ,"125,127",$168.64,441 mi,343,$0.3824
PVG,DSN,"124,775",$244.30,912 mi,342,$0.2679
KIX,LAX,"124,760",$752.82,"5,558 mi",342,$0.1354
MFM,XMN,"124,573",$75.27,322 mi,341,$0.2338
TPE,HKD,"124,558",$224.10,"1,559 mi",341,$0.1437
PVG,YYZ,"124,558","$1,065.79","7,305 mi",341,$0.1459
DMK,COK,"124,548",$40.47,"1,605 mi",341,$0.0252
HGH,FUO,"124,454",$97.62,691 mi,341,$0.1413
SGN,SYD,"124,324",$342.17,"4,126 mi",341,$0.0829
KIX,XMN,"124,147",$115.55,"1,195 mi",340,$0.0967
KNO,PKU,"123,976",$87.88,274 mi,340,$0.3207
PVG,KHG,"123,962",$306.90,"2,694 mi",340,$0.1139
HKG,XMN,"123,805",$176.38,299 mi,339,$0.5899
CKG,YNZ,"123,702",$235.72,863 mi,339,$0.2731
DMK,NAW,"123,633",$72.71,501 mi,339,$0.1451
BKK,SWA,"123,509",$84.68,"1,272 mi",338,$0.0666
MNL,AMS,"123,432",$522.01,"6,664 mi",338,$0.0783
CGK,HAN,"123,403",$235.85,"1,833 mi",338,$0.1287
CRK,USU,"123,402",$46.33,208 mi,338,$0.2227
MNL,CDG,"123,376",$570.60,"6,869 mi",338,$0.0831
ICN,KOJ,"123,164",$110.56,474 mi,337,$0.2332
DMK,BLR,"122,884",$42.99,"1,492 mi",337,$0.0288
ICN,ZRH,"122,819",$728.65,"5,595 mi",336,$0.1302
PVG,BKI,"122,818",$88.54,"1,834 mi",336,$0.0483
PEK,DZH,"122,786",$162.26,832 mi,336,$0.1950
SIN,CJU,"122,739",$288.41,"2,736 mi",336,$0.1054
PEK,CDG,"122,327",$767.87,"4,935 mi",335,$0.1556
CKG,BPX,"122,171",$89.86,555 mi,335,$0.1619
HKG,WUH,"122,163",$122.22,568 mi,335,$0.2152
CTU,LJG,"122,120",$146.01,362 mi,335,$0.4033
CGO,PEK,"122,107",$95.55,425 mi,335,$0.2248
URC,QSZ,"122,028",$218.34,647 mi,334,$0.3375
PEK,HYN,"121,918",$202.20,867 mi,334,$0.2332
SHE,YNZ,"121,748",$133.78,577 mi,334,$0.2319
CGK,JHB,"121,720",$73.64,592 mi,333,$0.1244
HAN,LHR,"121,700",$489.62,"5,568 mi",333,$0.0879
CGK,BWX,"121,534",$127.30,564 mi,333,$0.2257
CTU,KHG,"121,342",$173.19,"1,637 mi",332,$0.1058
HND,SHI,"121,230",$153.96,"1,177 mi",332,$0.1308
MNL,MXP,"121,027",$445.46,"6,330 mi",332,$0.0704
DVO,PPS,"121,024",$41.67,519 mi,332,$0.0803
HGH,ENH,"120,991",$97.84,633 mi,331,$0.1546
SIN,FRA,"120,775",$870.95,"6,194 mi",331,$0.1406
PKX,HLH,"120,679",$87.49,558 mi,331,$0.1568
CAN,JJN,"120,670",$150.53,337 mi,331,$0.4467
SIN,MXP,"120,610","$1,009.78","6,213 mi",330,$0.1625
PKX,JMU,"120,592",$144.45,843 mi,330,$0.1714
ICN,KMG,"120,557",$193.65,"1,574 mi",330,$0.1230
PVG,DLU,"120,498",$304.26,"1,316 mi",330,$0.2312
ICN,HPH,"120,437",$139.13,"1,697 mi",330,$0.0820
CNX,PVG,"120,313",$89.07,"1,711 mi",330,$0.0521
KUL,KTI,"120,131",$61.59,653 mi,329,$0.0943
BKK,HEL,"120,038",$679.75,"5,060 mi",329,$0.1343
HAN,FUK,"119,899",$164.74,"1,677 mi",328,$0.0982
NRT,SHE,"119,767",$205.73,965 mi,328,$0.2132
CGO,KHG,"119,737",$223.26,"2,036 mi",328,$0.1097
CKG,HET,"119,611",$140.15,847 mi,328,$0.1655
CAN,CNX,"119,446",$80.11,948 mi,327,$0.0845
HND,TAO,"119,391",$354.96,"1,134 mi",327,$0.3130
ICN,BUD,"119,327",$556.60,"4,904 mi",327,$0.1135
TPE,YVR,"119,260",$717.03,"5,781 mi",327,$0.1240
HAN,MFM,"119,043",$167.13,489 mi,326,$0.3418
HKG,AMS,"119,014","$1,030.91","5,936 mi",326,$0.1737
TSN,HLD,"118,865",$96.59,686 mi,326,$0.1408
PVG,IST,"118,724",$528.34,"5,134 mi",325,$0.1029
CGK,DXB,"118,718",$557.65,"4,190 mi",325,$0.1331
BKK,LGW,"118,684",$517.17,"6,124 mi",325,$0.0844
ICN,LAS,"118,494","$1,075.71","5,827 mi",325,$0.1846
CTU,INC,"118,484",$117.04,570 mi,325,$0.2053
NRT,HRB,"118,391",$132.49,973 mi,324,$0.1362
SHE,INC,"118,039",$175.81,960 mi,323,$0.1831
DVO,ILO,"117,935",$45.88,316 mi,323,$0.1452
PVG,TNA,"117,710",$168.13,460 mi,322,$0.3655
DMK,MAA,"117,561",$34.31,"1,415 mi",322,$0.0242
DMK,CCU,"117,469",$37.29,"1,030 mi",322,$0.0362
KUL,SHJ,"117,395",$151.58,"3,338 mi",322,$0.0454
HAN,VDH,"117,385",$60.28,269 mi,322,$0.2241
PNH,SAI,"117,322",$56.47,129 mi,321,$0.4378
KUL,NKG,"117,217",$148.71,"2,224 mi",321,$0.0669
BKK,MAN,"117,060",$442.34,"5,804 mi",321,$0.0762
PVG,BCN,"117,048",$475.06,"5,945 mi",321,$0.0799
CRK,IAO,"116,967",$52.04,536 mi,320,$0.0971
DPS,OOL,"116,961",$280.84,"2,914 mi",320,$0.0964
KIX,GUM,"116,935",$226.94,"1,613 mi",320,$0.1407
KBV,SIN,"116,536",$98.40,562 mi,319,$0.1751
PEK,HMI,"115,971",$291.90,"1,234 mi",318,$0.2365
HAN,DEL,"115,745",$140.83,"1,920 mi",317,$0.0733
PKX,VVO,"115,725",$147.26,882 mi,317,$0.1670
HGH,DLU,"115,576",$198.41,"1,228 mi",317,$0.1616
BKK,SYD,"115,317",$524.35,"4,809 mi",316,$0.1090
CGK,TRK,"115,281",$205.63,967 mi,316,$0.2126
BKK,TAE,"115,269",$128.85,"2,381 mi",316,$0.0541
HKG,PNH,"114,981",$223.93,925 mi,315,$0.2421
PKX,YIH,"114,980",$157.56,658 mi,315,$0.2395
KUL,HYD,"114,805",$124.12,"1,814 mi",315,$0.0684
DPS,BLR,"114,654",$157.26,"3,074 mi",314,$0.0512
PKX,WEH,"114,503",$118.94,365 mi,314,$0.3259
HGH,SGN,"114,132",$95.23,"1,559 mi",313,$0.0611
PVG,BAR,"114,047",$295.36,"1,123 mi",312,$0.2630
HAN,TFU,"113,758",$81.81,615 mi,312,$0.1330
ICN,KKJ,"113,731",$59.89,348 mi,312,$0.1721
HKT,PEK,"113,727",$198.44,"2,554 mi",312,$0.0777
DAD,TAE,"113,696",$130.40,"1,917 mi",311,$0.0680
TPE,VIE,"113,582",$870.05,"5,739 mi",311,$0.1516
CKG,UYN,"113,519",$80.07,636 mi,311,$0.1259
PVG,DAT,"113,453",$153.36,789 mi,311,$0.1944
WUH,AKU,"113,392",$213.94,"2,073 mi",311,$0.1032
PVG,JJN,"113,275",$150.36,466 mi,310,$0.3227
KUL,CCU,"113,273",$59.80,"1,687 mi",310,$0.0354
HKG,TNA,"113,107",$149.14,"1,055 mi",310,$0.1414
NRT,MXP,"112,916",$453.97,"6,239 mi",309,$0.0728
PEK,SFO,"112,864","$1,070.24","6,075 mi",309,$0.1762
SIN,AMS,"112,681","$1,122.22","6,728 mi",309,$0.1668
PEK,ENY,"112,678",$138.75,462 mi,309,$0.3003
CKG,TPE,"112,663",$213.18,922 mi,309,$0.2312
TPE,KMQ,"112,181",$187.16,"1,154 mi",307,$0.1622
CAN,PEN,"112,127",$168.78,"1,568 mi",307,$0.1076
ICN,IAD,"112,070","$1,561.14","6,734 mi",307,$0.2318
NGO,HKD,"111,937",$134.20,509 mi,307,$0.2637
SIN,CCU,"111,842",$198.80,"1,858 mi",306,$0.1070
PEK,KHG,"111,797",$391.38,"2,198 mi",306,$0.1781
HND,BCN,"111,604",$877.40,"6,684 mi",306,$0.1313
KNO,SUB,"111,491",$200.01,"1,188 mi",305,$0.1684
CTU,SWA,"111,436",$60.51,884 mi,305,$0.0685
BKK,SAI,"111,387",$126.58,241 mi,305,$0.5252
BKK,TNA,"111,337",$107.50,"1,839 mi",305,$0.0585
KIX,NGB,"111,322",$69.59,892 mi,305,$0.0780
CAN,ALG,"111,293",$603.80,"6,091 mi",305,$0.0991
ICN,DEL,"111,203",$435.84,"2,978 mi",305,$0.1464
SIN,SZB,"111,147",$92.10,202 mi,305,$0.4559
BKK,XIY,"111,104",$45.67,"1,565 mi",304,$0.0292
BKK,MEL,"111,030",$490.67,"4,693 mi",304,$0.1046
DMK,PNH,"110,836",$34.86,319 mi,304,$0.1093
DPS,KNO,"110,724",$193.29,"1,453 mi",303,$0.1330
NRT,WUH,"110,524",$234.87,"1,500 mi",303,$0.1566
WUH,YCU,"110,418",$78.13,340 mi,303,$0.2298
PVG,MAD,"110,367",$486.36,"6,571 mi",302,$0.0740
DMK,AMD,"110,315",$45.85,"1,877 mi",302,$0.0244
SIN,JFK,"110,288","$2,623.51","9,245 mi",302,$0.2838
PVG,MUC,"110,276",$870.82,"5,290 mi",302,$0.1646
SHE,HIA,"110,059",$150.65,574 mi,302,$0.2625
PEK,JFK,"109,992","$1,426.49","6,616 mi",301,$0.2156
SIN,ATH,"109,969",$573.80,"5,450 mi",301,$0.1053
SHE,HLD,"109,936",$133.91,569 mi,301,$0.2353
HND,DLC,"109,447",$280.37,997 mi,300,$0.2812
KUL,RGN,"109,315",$112.17,"1,080 mi",299,$0.1039
DMK,MAQ,"109,003",$105.01,230 mi,299,$0.4566
DVO,MPH,"108,892",$42.56,404 mi,298,$0.1053
CAN,YBP,"108,864",$138.41,679 mi,298,$0.2038
HAN,PEK,"108,298",$168.60,"1,492 mi",297,$0.1130
CAN,CAI,"107,732",$287.02,"5,114 mi",295,$0.0561
SUB,PLW,"107,382",$154.22,683 mi,294,$0.2258
URC,BPL,"107,169",$71.43,272 mi,294,$0.2626
HKT,SGN,"107,127",$84.33,581 mi,293,$0.1451
SZX,DLU,"106,904",$221.53,901 mi,293,$0.2459
NRT,NGB,"106,880",$92.21,"1,136 mi",293,$0.0812
BKK,SFO,"106,845",$758.08,"8,159 mi",293,$0.0929
CGK,BOM,"106,823",$281.49,"2,798 mi",293,$0.1006
KUL,KUA,"106,813",$39.57,129 mi,293,$0.3067
ICN,VIE,"106,794",$682.52,"5,279 mi",293,$0.1293
SIN,YIA,"106,748",$171.22,788 mi,292,$0.2173
PEK,YYZ,"106,733",$874.49,"6,365 mi",292,$0.1374
HND,MXP,"106,514",$900.24,"6,234 mi",292,$0.1444
NGO,GMP,"106,500",$34.40,570 mi,292,$0.0604
PKX,NZL,"106,478",$83.80,678 mi,292,$0.1236
HKT,OVB,"106,282",$398.70,"3,252 mi",291,$0.1226
DPS,BOM,"106,130",$260.46,"3,359 mi",291,$0.0775
HKT,LED,"106,079",$199.03,"5,127 mi",291,$0.0388
NRT,LHR,"105,998",$760.36,"5,780 mi",290,$0.1316
HKT,MAN,"105,908",$387.62,"6,013 mi",290,$0.0645
PKX,CGD,"105,908",$164.55,758 mi,290,$0.2171
HKG,BKI,"105,727",$117.46,"1,174 mi",290,$0.1001
SZX,DXB,"105,596",$431.74,"3,776 mi",289,$0.1143
HAN,VCL,"105,559",$77.60,457 mi,289,$0.1698
SGN,VTE,"105,401",$56.39,549 mi,289,$0.1027
SGN,SVO,"105,305",$174.15,"4,657 mi",289,$0.0374
SZX,CGD,"105,296",$81.22,468 mi,288,$0.1735
SIN,TNA,"105,287",$152.11,"2,516 mi",288,$0.0605
XMN,INC,"105,187",$136.32,"1,139 mi",288,$0.1197
PEK,ZHA,"105,011",$256.15,"1,292 mi",288,$0.1983
HKT,MUC,"104,781",$315.42,"5,810 mi",287,$0.0543
KUL,KHI,"104,630",$170.80,"2,845 mi",287,$0.0600
HAN,BOM,"104,572",$159.83,"2,202 mi",286,$0.0726
PKX,GMP,"104,487",$79.85,560 mi,286,$0.1426
BKK,SHA,"104,293",$85.35,"1,833 mi",286,$0.0466
KIX,CSX,"104,111",$102.76,"1,325 mi",285,$0.0776
CGO,YNT,"104,110",$75.89,440 mi,285,$0.1725
PKX,LDS,"104,100",$105.40,823 mi,285,$0.1281
PVG,CAI,"104,066",$375.22,"5,044 mi",285,$0.0744
PKX,NDG,"103,973",$118.18,633 mi,285,$0.1867
CKG,LUM,"103,953",$90.62,638 mi,285,$0.1420
PKX,KRL,"103,804",$290.24,"1,635 mi",284,$0.1775
XMN,NTG,"103,785",$171.10,532 mi,284,$0.3216
SIN,ATQ,"103,756",$196.54,"2,746 mi",284,$0.0716
BKK,FCO,"103,740",$371.31,"5,681 mi",284,$0.0654
KUL,SAI,"103,721",$99.16,731 mi,284,$0.1356
SIN,HRB,"103,682",$166.64,"3,243 mi",284,$0.0514
NRT,YYC,"103,646",$513.39,"5,085 mi",284,$0.1010
NRT,ZRH,"103,583","$1,096.99","5,783 mi",284,$0.1897
CAN,NNY,"103,496",$110.97,684 mi,284,$0.1622
CKG,XUZ,"103,455",$125.84,716 mi,283,$0.1758
BKK,DPS,"103,454",$214.50,"1,893 mi",283,$0.1133
BKK,DOH,"103,395",$411.06,"3,379 mi",283,$0.1217
MNL,FCO,"103,182",$453.34,"6,671 mi",283,$0.0680
DPS,DXB,"103,043",$611.69,"4,515 mi",282,$0.1355
PKX,HSN,"102,965",$102.80,720 mi,282,$0.1428
SIN,ADL,"102,962",$512.25,"3,458 mi",282,$0.1481
CRK,TPE,"102,903",$74.99,706 mi,282,$0.1062
PKX,JGN,"102,812",$567.07,930 mi,282,$0.6098
HKG,ZRH,"102,718","$1,493.50","5,593 mi",281,$0.2670
DAD,KIX,"102,660",$193.15,"2,165 mi",281,$0.0892
HAN,FRA,"102,489",$445.02,"5,575 mi",281,$0.0798
PVG,FUO,"102,462",$100.16,750 mi,281,$0.1335
HGH,YIH,"102,295",$177.70,518 mi,280,$0.3431
KUL,PEK,"102,092",$254.16,"2,824 mi",280,$0.0900
CKG,HAN,"101,954",$82.02,607 mi,279,$0.1351
WUH,DLU,"101,586",$134.19,943 mi,278,$0.1423
CAN,IKA,"101,378",$422.25,"3,658 mi",278,$0.1154
CAN,JHG,"101,374",$103.81,829 mi,278,$0.1252
PVG,IKA,"101,348",$940.45,"4,123 mi",278,$0.2281
ICN,ORD,"101,314","$1,357.63","6,340 mi",278,$0.2141
PKX,JUH,"101,254",$86.69,592 mi,277,$0.1464
SIN,BCN,"101,172",$908.37,"6,975 mi",277,$0.1302
DPS,KIX,"101,146",$317.26,"3,162 mi",277,$0.1003
HKG,HRB,"100,994",$127.51,"1,807 mi",277,$0.0706
CTU,CZX,"100,858",$86.36,911 mi,276,$0.0948
HND,GAJ,"100,840",$81.50,194 mi,276,$0.4201
SIN,TRV,"100,825",$177.81,"1,984 mi",276,$0.0896
SGN,IAH,"100,793",$630.73,"8,982 mi",276,$0.0702
HKG,TAK,"100,627",$244.29,"1,513 mi",276,$0.1615
SIN,MLE,"100,515",$424.89,"2,048 mi",275,$0.2075
CAN,TAS,"100,479",$157.03,"2,897 mi",275,$0.0542
CGK,SMQ,"100,473",$105.62,487 mi,275,$0.2169
PVG,ENH,"100,259",$102.00,755 mi,275,$0.1351
HAN,DIN,"100,232",$52.18,176 mi,275,$0.2965
URC,TWC,"100,060",$108.13,533 mi,274,$0.2029
ICN,MUC,"100,060",$884.87,"5,123 mi",274,$0.1727
SHE,LYG,"100,046",$89.23,568 mi,274,$0.1571
HKG,TSN,"99,998",$181.11,"1,214 mi",274,$0.1492
CEB,DRP,"99,604",$43.35,189 mi,273,$0.2294
CAN,LAX,"99,502",$615.30,"7,002 mi",273,$0.0879
DMK,USM,"99,445",$157.81,295 mi,272,$0.5349
TPE,AMS,"99,427",$972.14,"6,043 mi",272,$0.1609
NRT,IAH,"99,398",$663.19,"6,828 mi",272,$0.0971
URC,FOC,"99,256",$272.71,"2,118 mi",272,$0.1288
HAN,RMQ,"99,243",$129.87,995 mi,272,$0.1305
CAN,JFK,"99,195",$787.19,"7,749 mi",272,$0.1016
CAN,DOY,"99,024",$270.67,"1,059 mi",271,$0.2556
PVG,UYN,"98,973",$251.84,818 mi,271,$0.3079
HAN,TBB,"98,927",$97.37,629 mi,271,$0.1548
ICN,AMS,"98,905",$727.97,"5,473 mi",271,$0.1330
ICN,FOC,"98,779",$90.88,864 mi,271,$0.1052
DMK,UNN,"98,606",$66.21,327 mi,270,$0.2025
SZX,WHA,"98,571",$235.99,637 mi,270,$0.3705
HKG,DLC,"98,497",$157.94,"1,199 mi",270,$0.1317
SGN,XMN,"98,489",$155.28,"1,175 mi",270,$0.1322
PEK,PUS,"98,452",$122.31,732 mi,270,$0.1671
HKG,ORD,"98,251","$1,346.70","7,548 mi",269,$0.1784
SZX,LYA,"98,223",$189.61,816 mi,269,$0.2324
DMK,KTM,"98,194",$53.29,"1,326 mi",269,$0.0402
XMN,TSA,"98,045",$133.02,225 mi,269,$0.5912
PKX,KOW,"97,818",$198.97,920 mi,268,$0.2163
BKK,JFK,"97,795",$890.47,"8,926 mi",268,$0.0998
HND,MUC,"97,775","$1,119.42","5,989 mi",268,$0.1869
CNX,KKC,"97,649",$61.55,289 mi,268,$0.2130
CAN,ENH,"97,582",$91.22,549 mi,267,$0.1662
PKX,ACX,"97,520",$140.23,"1,234 mi",267,$0.1136
MNL,SEA,"97,225",$502.39,"6,852 mi",266,$0.0733
SZX,BKI,"97,211",$114.06,"1,129 mi",266,$0.1010
CAN,LHR,"96,879",$436.39,"5,723 mi",265,$0.0763
CAN,YNZ,"96,645",$135.96,786 mi,265,$0.1730
CAN,CSX,"96,513",$64.82,342 mi,264,$0.1895
DMK,LPT,"96,343",$53.38,301 mi,264,$0.1773
SIN,ZRH,"96,230","$1,169.66","6,595 mi",264,$0.1774
KIX,TNA,"96,200",$173.11,993 mi,264,$0.1743
HKG,FRA,"96,021","$1,165.88","5,516 mi",263,$0.2114
DVO,SIN,"96,003",$169.63,"1,498 mi",263,$0.1132
NGO,NRT,"95,893",$61.69,217 mi,263,$0.2843
TPE,MXP,"95,668",$848.76,"6,157 mi",262,$0.1379
CGO,TAO,"95,665",$66.88,385 mi,262,$0.1737
XMN,YNT,"95,325",$231.56,949 mi,261,$0.2440
SHE,WUT,"95,291",$92.29,575 mi,261,$0.1605
SGN,CCU,"95,255",$93.80,"1,409 mi",261,$0.0666
CEB,DGT,"95,164",$48.16,80 mi,261,$0.6020
HGH,ALA,"95,115",$163.44,"2,457 mi",261,$0.0665
PVG,SYD,"95,036",$536.35,"5,034 mi",260,$0.1065
NRT,BCN,"94,896",$554.53,"6,298 mi",260,$0.0880
PKX,DBC,"94,893",$85.49,517 mi,260,$0.1654
TPE,NKG,"94,763",$184.33,468 mi,260,$0.3939
HKG,BOS,"94,625","$1,756.74","8,196 mi",259,$0.2143
HGH,HDG,"94,479",$93.58,539 mi,259,$0.1736
DVO,ZAM,"94,346",$27.95,239 mi,258,$0.1169
CAN,NRT,"94,052",$212.75,"1,885 mi",258,$0.1129
ICN,DFW,"94,015","$1,061.69","7,031 mi",258,$0.1510
DPS,DRW,"93,730",$147.28,"1,063 mi",257,$0.1386
PVG,DOY,"93,699",$82.50,486 mi,257,$0.1698
SUB,AMQ,"93,683",$270.21,"1,114 mi",257,$0.2426
CAN,NAO,"93,651",$97.79,694 mi,257,$0.1409
CAN,ZHA,"93,516",$56.05,224 mi,256,$0.2502
NGO,OIT,"93,367",$153.14,296 mi,256,$0.5174
CGK,CDG,"93,323",$760.23,"6,961 mi",256,$0.1092
SGN,LHR,"92,910",$582.70,"6,159 mi",255,$0.0946
SIN,HDY,"92,876",$164.80,444 mi,254,$0.3712
ICN,LIS,"92,863",$765.94,"6,266 mi",254,$0.1222
PEN,SGN,"92,849",$57.38,596 mi,254,$0.0963
PKX,LHR,"92,818",$479.56,"4,939 mi",254,$0.0971
HKG,FOC,"92,756",$96.19,454 mi,254,$0.2119
MNL,IAH,"92,489",$737.53,"8,780 mi",253,$0.0840
SGN,YYZ,"92,469",$720.77,"8,910 mi",253,$0.0809
CGK,LLJ,"92,441",$106.11,314 mi,253,$0.3379
ICN,KTM,"92,361",$271.42,"2,391 mi",253,$0.1135
SHE,RIZ,"92,339",$215.48,471 mi,253,$0.4575
CAN,MIG,"92,331",$148.90,786 mi,253,$0.1894
BKK,SHE,"92,238",$105.09,"2,293 mi",253,$0.0458
PEK,BAR,"92,174",$432.53,"1,537 mi",253,$0.2814
KUL,UPG,"92,166",$116.01,"1,304 mi",253,$0.0890
PKX,IQN,"92,166",$74.72,529 mi,253,$0.1412
CGK,SKJ,"92,165",$380.41,519 mi,253,$0.7330
BKK,BER,"92,138",$424.97,"5,518 mi",252,$0.0770
TSN,JJN,"91,995",$269.18,963 mi,252,$0.2795
PEK,CTS,"91,921",$264.47,"1,348 mi",252,$0.1962
PKX,BKI,"91,902",$64.02,"2,390 mi",252,$0.0268
HAN,VII,"91,899",$58.74,177 mi,252,$0.3319
PEK,DNH,"91,851",$316.01,"1,181 mi",252,$0.2676
SGN,BOM,"91,813",$165.45,"2,392 mi",252,$0.0692
CAN,ALA,"91,532",$313.01,"2,550 mi",251,$0.1227
SIN,CGQ,"91,491",$136.57,"3,136 mi",251,$0.0435
WUH,LXA,"91,411",$157.81,"1,353 mi",250,$0.1166
ICN,SDJ,"91,243",$200.51,766 mi,250,$0.2618
KIX,ASJ,"91,157",$78.49,543 mi,250,$0.1445
CKG,HIA,"91,133",$91.61,761 mi,250,$0.1204
CKG,LYA,"91,091",$84.94,469 mi,250,$0.1811
HND,LAS,"91,080","$1,043.97","5,702 mi",250,$0.1831
HND,ATL,"91,000","$1,593.31","7,074 mi",249,$0.2252
DMK,KHH,"90,949",$53.30,"1,468 mi",249,$0.0363
SZX,ENH,"90,870",$102.16,612 mi,249,$0.1669
PEK,KRL,"90,854",$341.00,"1,634 mi",249,$0.2087
CAN,BAR,"90,822",$235.25,356 mi,249,$0.6608
PKX,HJJ,"90,806",$117.33,946 mi,249,$0.1240
HKT,KJA,"90,795",$214.53,"3,436 mi",249,$0.0624
PVG,DQA,"90,755",$242.94,"1,060 mi",249,$0.2292
PKX,LNL,"90,750",$311.91,729 mi,249,$0.4279
CGO,KOW,"90,643",$93.20,619 mi,248,$0.1506
PEK,AQG,"90,547",$140.52,637 mi,248,$0.2206
PEK,YVR,"90,531",$735.81,"5,119 mi",248,$0.1437
BKK,KTM,"90,511",$136.28,"1,343 mi",248,$0.1015
NRT,IST,"90,508",$499.45,"5,747 mi",248,$0.0869
CGK,SZB,"90,449",$78.90,751 mi,248,$0.1051
CKG,IQN,"90,344",$66.83,437 mi,248,$0.1529
SZX,WXN,"90,340",$91.04,674 mi,248,$0.1351
PEK,TGO,"90,000",$122.78,387 mi,247,$0.3173
HGH,LUM,"89,966",$246.47,"1,359 mi",246,$0.1814
SIN,NNG,"89,950",$140.19,"1,540 mi",246,$0.0910
DPS,PNK,"89,913",$185.27,735 mi,246,$0.2521
SHE,LYA,"89,878",$108.59,744 mi,246,$0.1460
PKX,YSQ,"89,867",$121.28,577 mi,246,$0.2102
NRT,YYZ,"89,782",$748.50,"6,208 mi",246,$0.1206
DMK,LPQ,"89,779",$50.05,439 mi,246,$0.1140
HAN,CCU,"89,766",$50.70,"1,149 mi",246,$0.0441
NRT,AKJ,"89,749",$116.06,540 mi,246,$0.2149
PKX,IKT,"89,664",$179.22,"1,019 mi",246,$0.1759
MNL,MEL,"89,543",$320.48,"3,805 mi",245,$0.0842
DMK,DEL,"89,542",$38.29,"1,869 mi",245,$0.0205
WUH,HSN,"89,470",$201.81,505 mi,245,$0.3996
PVG,BPE,"89,449",$157.90,627 mi,245,$0.2518
SIN,LGW,"89,196","$1,007.04","6,958 mi",244,$0.1447
CAN,CDG,"89,034",$471.40,"6,052 mi",244,$0.0779
HKT,IKT,"88,997",$286.66,"3,162 mi",244,$0.0907
SZX,HSN,"88,856",$152.32,709 mi,243,$0.2148
SZX,WMT,"88,812",$112.65,570 mi,243,$0.1976
SZX,HYN,"88,774",$203.94,608 mi,243,$0.3354
KUL,CTS,"88,628",$192.49,"3,810 mi",243,$0.0505
MNL,HNL,"88,566",$670.29,"5,453 mi",243,$0.1229
BKK,WUH,"88,513",$111.32,"1,415 mi",243,$0.0787
PVG,LFQ,"88,500",$166.75,658 mi,242,$0.2534
PEK,HNY,"88,492",$226.88,910 mi,242,$0.2493
SIN,VIE,"88,464",$653.58,"5,848 mi",242,$0.1118
BKK,RUH,"88,416",$314.14,"3,478 mi",242,$0.0903
PEK,JIU,"88,404",$116.09,756 mi,242,$0.1536
NGO,HNL,"88,404",$468.16,"4,139 mi",242,$0.1131
CNX,KMG,"88,291",$83.54,521 mi,242,$0.1603
DMK,WUH,"88,277",$26.17,"1,495 mi",242,$0.0175
PKX,OVB,"88,158",$320.07,"1,827 mi",242,$0.1752
PVG,ZRH,"88,095","$1,151.49","5,444 mi",241,$0.2115
CGK,BEJ,"87,875",$217.57,910 mi,241,$0.2391
PKX,NAO,"87,859",$196.40,809 mi,241,$0.2428
ICN,OIT,"87,826",$94.24,417 mi,241,$0.2260
DMK,FUK,"87,805",$29.89,"2,380 mi",241,$0.0126
LGK,BLR,"87,771",$121.09,"1,525 mi",240,$0.0794
KUL,WUH,"87,758",$142.02,"2,039 mi",240,$0.0697
SIN,PQC,"87,648",$103.46,591 mi,240,$0.1751
TSN,HSN,"87,554",$100.97,717 mi,240,$0.1408
PVG,JNZ,"87,539",$139.46,710 mi,240,$0.1964
CAN,CGD,"87,488",$65.79,407 mi,240,$0.1616
CKG,JNG,"87,474",$98.66,694 mi,240,$0.1422
CAN,MDC,"87,472",$262.86,"1,647 mi",240,$0.1596
HKT,RUH,"87,405",$236.85,"3,694 mi",239,$0.0641
PVG,YBP,"87,307",$297.02,"1,076 mi",239,$0.2760
HND,SVO,"87,275",$359.04,"4,796 mi",239,$0.0749
HKG,MXP,"87,119","$1,135.80","5,640 mi",239,$0.2014
BKK,PNQ,"87,085",$107.11,"1,757 mi",239,$0.0610
CAN,WEH,"87,021",$299.02,"1,058 mi",238,$0.2826
PEK,XFN,"87,004",$139.03,616 mi,238,$0.2257
PVG,AMS,"86,889",$732.90,"5,370 mi",238,$0.1365
PKX,LLV,"86,800",$62.70,302 mi,238,$0.2076
BKK,CRK,"86,733",$102.80,"1,369 mi",238,$0.0751
PEK,KOW,"86,731",$221.43,959 mi,238,$0.2309
DAD,KHH,"86,716",$84.43,938 mi,238,$0.0900
SUB,TTE,"86,692",$222.10,"1,190 mi",238,$0.1866
MNL,MIA,"86,635",$734.62,"9,583 mi",237,$0.0767
MFM,TFU,"86,612",$171.60,823 mi,237,$0.2085
HGH,ZHA,"86,575",$217.08,833 mi,237,$0.2606
CAN,HZA,"86,542",$134.15,805 mi,237,$0.1666
SHE,CJU,"86,430",$74.88,567 mi,237,$0.1321
KUL,AMS,"86,354",$500.02,"6,170 mi",237,$0.0810
CTU,JJN,"86,271",$275.74,951 mi,236,$0.2899
NRT,FCO,"86,223",$475.74,"5,970 mi",236,$0.0797
PKX,LLF,"86,170",$119.84,980 mi,236,$0.1223
KUL,ATQ,"86,087",$86.85,"2,738 mi",236,$0.0317
SHE,XFN,"86,049",$237.85,927 mi,236,$0.2566
HAN,AMD,"85,936",$129.06,"2,186 mi",235,$0.0590
BKK,BCN,"85,860",$431.63,"6,217 mi",235,$0.0694
SZX,SVO,"85,836",$358.13,"4,544 mi",235,$0.0788
NRT,TAO,"85,800",$183.76,"1,166 mi",235,$0.1576
NGO,SGN,"85,737",$195.67,"2,443 mi",235,$0.0801
PEK,NDG,"85,702",$192.88,597 mi,235,$0.3231
HKT,AMS,"85,582",$326.93,"6,102 mi",234,$0.0536
PKX,HZG,"85,579",$97.73,655 mi,234,$0.1492
PEK,WMT,"85,569",$231.97,998 mi,234,$0.2324
SZX,YBP,"85,451",$158.12,695 mi,234,$0.2275
SIN,MUC,"85,392",$832.60,"6,062 mi",234,$0.1373
PKX,NTG,"85,221",$181.21,591 mi,233,$0.3066
SIN,MAN,"85,076",$735.63,"6,602 mi",233,$0.1114
CGK,LHR,"85,007","$1,075.04","7,065 mi",233,$0.1522
SZX,YIC,"84,925",$64.12,369 mi,233,$0.1738
WUH,WUA,"84,922",$103.23,727 mi,233,$0.1420
CNX,USM,"84,897",$242.05,660 mi,233,$0.3667
HGH,ZYI,"84,837",$124.18,790 mi,232,$0.1572
BKK,NGB,"84,763",$74.86,"1,781 mi",232,$0.0420
CKG,WHA,"84,755",$344.41,744 mi,232,$0.4629
DPS,HKT,"84,732",$147.64,"1,595 mi",232,$0.0926
SZX,DOY,"84,533",$128.74,"1,037 mi",232,$0.1241
TPE,FRA,"84,363",$917.19,"5,644 mi",231,$0.1625
SGN,JHB,"84,248",$55.68,686 mi,231,$0.0812
XMN,TXN,"84,185",$36.51,348 mi,231,$0.1049
SUB,LBJ,"84,133",$113.11,507 mi,231,$0.2231
CRK,PUS,"84,130",$159.70,"1,432 mi",230,$0.1115
PVG,CIH,"84,124",$157.84,593 mi,230,$0.2662
CAN,IST,"84,029",$449.46,"5,045 mi",230,$0.0891
HKT,TAS,"84,000",$233.87,"2,811 mi",230,$0.0832
PEK,DYG,"83,992",$194.62,809 mi,230,$0.2406
TSN,TYN,"83,908",$73.29,264 mi,230,$0.2776
HGH,BAV,"83,900",$197.07,951 mi,230,$0.2072
CKG,KOW,"83,898",$89.20,547 mi,230,$0.1631
SGN,DXB,"83,877",$362.19,"3,386 mi",230,$0.1070
NRT,XMN,"83,845",$232.38,"1,580 mi",230,$0.1471
CGO,JGN,"83,792",$122.79,956 mi,230,$0.1284
HAN,TAO,"83,760",$92.04,"1,313 mi",229,$0.0701
PVG,YKH,"83,754",$190.77,630 mi,229,$0.3028
KUL,ALA,"83,740",$187.47,"3,284 mi",229,$0.0571
CKG,PNH,"83,727",$150.17,"1,223 mi",229,$0.1228
PEN,MAA,"83,702",$186.29,"1,513 mi",229,$0.1231
SZX,LHR,"83,699",$358.89,"6,140 mi",229,$0.0585
WUH,MIG,"83,691",$236.65,545 mi,229,$0.4342
PKX,YTY,"83,582",$142.04,499 mi,229,$0.2846
NRT,WAW,"83,547",$776.99,"5,513 mi",229,$0.1409
SZX,SHS,"83,505",$419.51,552 mi,229,$0.7600
KNO,YIA,"83,440",$189.66,"1,077 mi",229,$0.1761
DPS,PUS,"83,420",$259.89,"3,070 mi",229,$0.0847
PEK,YIC,"83,387",$147.97,884 mi,228,$0.1674
CRK,NRT,"83,215",$198.80,"1,932 mi",228,$0.1029
HND,MCO,"83,143","$1,134.60","7,487 mi",228,$0.1515
CAN,SFO,"83,094",$533.75,"6,677 mi",228,$0.0799
SHE,HUO,"83,059",$66.17,341 mi,228,$0.1940
BKK,GVA,"83,046",$594.34,"5,583 mi",228,$0.1065
SHE,HSN,"82,972",$106.62,835 mi,227,$0.1277
CAN,YYZ,"82,968",$840.89,"7,498 mi",227,$0.1121
BKK,HRB,"82,877",$101.92,"2,581 mi",227,$0.0395
TSN,KOW,"82,814",$141.37,901 mi,227,$0.1569
WUH,BAR,"82,737",$247.99,813 mi,227,$0.3050
DMK,KMG,"82,724",$19.86,812 mi,227,$0.0245
CTU,HDG,"82,535",$24.80,751 mi,226,$0.0330
ICN,RGN,"82,524",$273.08,"2,255 mi",226,$0.1211
PKX,HYN,"82,504",$192.21,833 mi,226,$0.2307
TSN,XNN,"82,464",$152.78,827 mi,226,$0.1847
PKX,TGO,"82,434",$107.81,421 mi,226,$0.2561
HKG,JJN,"82,390",$67.21,352 mi,226,$0.1909
URC,CGQ,"82,378",$231.91,"1,827 mi",226,$0.1269
CTU,YIH,"82,332",$76.67,435 mi,226,$0.1763
PVG,SHS,"82,320",$174.84,576 mi,226,$0.3035
HAN,BER,"82,280",$313.93,"5,316 mi",225,$0.0591
URC,TAS,"82,263",$131.95,913 mi,225,$0.1445
PEK,FRA,"82,238",$746.26,"4,984 mi",225,$0.1497
NRT,BOM,"82,234",$672.87,"4,344 mi",225,$0.1549
PEK,YIW,"82,180",$144.05,790 mi,225,$0.1823
PVG,WMT,"82,150",$222.19,929 mi,225,$0.2392
MNL,VRC,"82,105",$18.77,230 mi,225,$0.0816
CGK,BUU,"82,077",$97.67,429 mi,225,$0.2277
HAN,PKX,"82,002",$117.88,"1,452 mi",225,$0.0812
TPE,KMG,"81,995",$161.91,"1,110 mi",225,$0.1459
ICN,BOS,"81,923","$1,535.68","7,016 mi",224,$0.2189
HGH,LZH,"81,905",$287.90,771 mi,224,$0.3734
PKX,WUA,"81,744",$168.99,496 mi,224,$0.3407
MNL,YYC,"81,741",$486.05,"6,622 mi",224,$0.0734
CAN,JHB,"81,735",$72.03,"1,586 mi",224,$0.0454
PKX,TAS,"81,714",$294.09,"2,527 mi",224,$0.1164
BKK,FOC,"81,703",$42.94,"1,444 mi",224,$0.0297
KIX,LHR,"81,556",$720.15,"6,100 mi",223,$0.1181
CAN,WDS,"81,548",$122.03,672 mi,223,$0.1816
HND,IST,"81,523",$654.38,"5,733 mi",223,$0.1141
PEK,HLH,"81,200",$128.00,488 mi,222,$0.2623
SZX,JUZ,"81,096",$225.37,556 mi,222,$0.4053
HND,CPH,"81,089",$835.64,"5,249 mi",222,$0.1592
NRT,CMB,"80,891",$362.29,"4,155 mi",222,$0.0872
SHE,YCU,"80,785",$140.77,834 mi,221,$0.1688
PVG,MEL,"80,637",$522.65,"4,833 mi",221,$0.1081
PKX,WUS,"80,591",$169.59,796 mi,221,$0.2131
MNL,CTS,"80,533",$256.29,"2,238 mi",221,$0.1145
WUH,YNZ,"80,512",$80.07,383 mi,221,$0.2091
KUL,NNG,"80,408",$99.28,"1,482 mi",220,$0.0670
PEK,LFQ,"80,395",$117.70,394 mi,220,$0.2987
CAN,HLD,"80,288",$181.18,"1,764 mi",220,$0.1027
PKX,WDS,"80,275",$184.22,585 mi,220,$0.3149
PKX,YCU,"80,274",$126.71,436 mi,220,$0.2906
HKT,VVO,"80,269",$193.94,"3,275 mi",220,$0.0592
DMK,PQC,"80,267",$32.53,355 mi,220,$0.0916
HGH,NNY,"80,222",$65.94,513 mi,220,$0.1285
HGH,CJU,"80,206",$56.07,435 mi,220,$0.1289
DMK,CXR,"80,168",$45.86,577 mi,220,$0.0795
CGK,PEK,"80,162",$494.84,"3,156 mi",220,$0.1568
XMN,LJG,"79,946",$63.81,"1,157 mi",219,$0.0552
CAN,NNG,"79,879",$69.08,320 mi,219,$0.2159
SZX,SQD,"79,733",$194.78,488 mi,218,$0.3991
PVG,GYS,"79,731",$121.15,977 mi,218,$0.1240
PEK,WDS,"79,703",$154.94,624 mi,218,$0.2483
CGO,TPE,"79,636",$160.99,812 mi,218,$0.1983
PVG,CIF,"79,520",$198.67,756 mi,218,$0.2628
PKX,SQJ,"79,487",$311.09,881 mi,218,$0.3531
WUH,JNZ,"79,330",$209.90,833 mi,217,$0.2520
PKX,BHY,"79,268",$155.33,"1,350 mi",217,$0.1151
NRT,BLR,"79,243",$536.96,"4,289 mi",217,$0.1252
SGN,FRA,"79,235",$465.97,"5,820 mi",217,$0.0801
NRT,SJC,"79,205",$243.85,"4,988 mi",217,$0.0489
ICN,WNZ,"79,189",$105.57,714 mi,217,$0.1479
CEB,OZC,"79,136",$47.46,151 mi,217,$0.3143
PEK,RLK,"79,124",$134.26,454 mi,217,$0.2957
PKX,AKA,"79,096",$94.29,647 mi,217,$0.1457
KHH,NGO,"79,091",$130.72,"1,267 mi",217,$0.1032
CAN,RUH,"79,058",$480.68,"4,280 mi",217,$0.1123
SIN,IST,"78,996",$610.42,"5,231 mi",216,$0.1167
HGH,HUZ,"78,995",$153.84,631 mi,216,$0.2438
HND,DTW,"78,976","$1,714.62","6,220 mi",216,$0.2757
CAN,JED,"78,957",$497.49,"4,816 mi",216,$0.1033
NRT,SEA,"78,929",$755.88,"4,614 mi",216,$0.1638
HND,MBE,"78,918",$202.16,615 mi,216,$0.3287
KNO,BTJ,"78,900",$81.46,263 mi,216,$0.3097
WUH,DOY,"78,853",$121.72,549 mi,216,$0.2217
WUH,ZYI,"78,852",$119.71,481 mi,216,$0.2489
HKT,ZRH,"78,845",$556.51,"5,620 mi",216,$0.0990
SIN,KTI,"78,722",$147.01,673 mi,216,$0.2184
HND,MEL,"78,701",$633.71,"5,222 mi",216,$0.1214
SHE,LYI,"78,493",$179.87,516 mi,215,$0.3486
TPE,TAK,"78,481",$204.39,"1,022 mi",215,$0.2000
TPE,IST,"78,377",$599.71,"5,375 mi",215,$0.1116
ICN,KMI,"78,370",$126.91,493 mi,215,$0.2574
SIN,DLC,"78,271",$190.79,"2,740 mi",214,$0.0696
NGO,CDG,"78,270",$839.53,"6,177 mi",214,$0.1359
SZX,HZA,"78,197",$132.16,850 mi,214,$0.1555
PKX,ENH,"78,178",$219.97,768 mi,214,$0.2864
HGH,BHY,"78,129",$295.51,889 mi,214,$0.3324
DPS,PKU,"77,949",$209.61,"1,173 mi",214,$0.1787
RGN,TVY,"77,921",$63.99,245 mi,213,$0.2612
BKK,DUS,"77,906",$387.72,"5,822 mi",213,$0.0666
SZX,CIH,"77,885",$116.83,913 mi,213,$0.1280
HGH,BKI,"77,812",$102.92,"1,753 mi",213,$0.0587
CAN,JNG,"77,778",$134.72,897 mi,213,$0.1502
HND,GRU,"77,723","$1,244.50","11,173 mi",213,$0.1114
PKX,JUZ,"77,656",$261.57,720 mi,213,$0.3633
KIX,CNS,"77,619",$401.79,"3,719 mi",213,$0.1080
DMK,MLE,"77,554",$120.08,"1,904 mi",212,$0.0631
TPE,BKI,"77,539",$112.19,"1,325 mi",212,$0.0847
CRK,DVO,"77,503",$52.38,635 mi,212,$0.0825
CGO,KIX,"77,486",$105.63,"1,254 mi",212,$0.0842
KIX,MXP,"77,476",$543.22,"5,798 mi",212,$0.0937
HGH,WMT,"77,454",$399.30,893 mi,212,$0.4471
PKX,RLK,"77,279",$124.97,482 mi,212,$0.2593
PEK,TXN,"77,245",$167.17,743 mi,212,$0.2250
PKX,YNZ,"77,243",$135.60,484 mi,212,$0.2802
CNX,KIX,"77,219",$189.10,"2,545 mi",212,$0.0743
KIX,MAD,"77,188",$478.46,"6,833 mi",211,$0.0700
PVG,HDG,"77,185",$104.96,546 mi,211,$0.1922
SZX,JIU,"77,125",$81.29,504 mi,211,$0.1613
PVG,JMU,"77,013",$132.88,"1,143 mi",211,$0.1163
MNL,WNP,"76,991",$53.37,169 mi,211,$0.3158
TPE,TAO,"76,982",$222.76,760 mi,211,$0.2931
WUH,YBP,"76,883",$129.31,577 mi,211,$0.2241
USM,LHR,"76,749",$655.13,"5,964 mi",210,$0.1098
CGK,KCH,"76,700",$146.98,602 mi,210,$0.2442
SHE,DSN,"76,664",$99.10,751 mi,210,$0.1320
CGK,SZX,"76,648",$366.95,"2,106 mi",210,$0.1742
DMK,CTS,"76,646",$43.09,"3,241 mi",210,$0.0133
DMK,MDL,"76,589",$87.55,637 mi,210,$0.1374
HKT,MEL,"76,526",$379.75,"4,489 mi",210,$0.0846
WUH,LFQ,"76,417",$119.98,383 mi,209,$0.3133
KUL,CAI,"76,393",$241.83,"5,097 mi",209,$0.0474
ICN,YGJ,"76,334",$138.73,413 mi,209,$0.3359
MNL,AUH,"76,317",$404.11,"4,210 mi",209,$0.0960
MFM,NRT,"76,251",$184.02,"1,808 mi",209,$0.1018
PKX,DOY,"75,938",$53.84,195 mi,208,$0.2761
MNL,BCN,"75,855",$562.99,"6,752 mi",208,$0.0834
KHH,KUL,"75,845",$70.57,"1,910 mi",208,$0.0369
PVG,SEA,"75,840",$865.11,"5,880 mi",208,$0.1471
CGO,LXA,"75,592",$180.66,"1,431 mi",207,$0.1262
HKT,SVX,"75,546",$253.27,"4,037 mi",207,$0.0627
SGN,WUH,"75,438",$114.13,"1,506 mi",207,$0.0758
HAN,DXB,"75,367",$362.30,"3,292 mi",206,$0.1101
HGH,WEF,"75,342",$78.68,464 mi,206,$0.1696
SZX,LYG,"75,310",$156.53,850 mi,206,$0.1842
PEK,TYN,"75,250",$91.02,275 mi,206,$0.3310
ICN,SVO,"75,188",$301.38,"4,215 mi",206,$0.0715
BKK,TSN,"75,170",$106.47,"2,089 mi",206,$0.0510
CTU,HNY,"75,103",$96.36,602 mi,206,$0.1601
PEK,XIC,"75,090",$265.76,"1,206 mi",206,$0.2204
PVG,TVS,"75,000",$154.22,649 mi,205,$0.2376
NRT,DXB,"74,908","$1,112.05","5,107 mi",205,$0.2178
DVO,HKG,"74,848",$58.18,"1,269 mi",205,$0.0458
PEK,JDZ,"74,821",$168.42,721 mi,205,$0.2336
PEN,SZX,"74,812",$86.60,"1,455 mi",205,$0.0595
PVG,ACX,"74,751",$177.20,"1,074 mi",205,$0.1650
CKG,RIZ,"74,723",$279.95,810 mi,205,$0.3456
CGK,SYD,"74,720",$531.76,"3,326 mi",205,$0.1599
PEK,MAD,"74,706",$464.03,"5,891 mi",205,$0.0788
BWN,BKI,"74,645",$52.72,100 mi,205,$0.5272
KUL,RUH,"74,490",$388.56,"3,844 mi",204,$0.1011
PKX,ERL,"74,373",$35.85,340 mi,204,$0.1054
SIN,FCO,"74,351",$685.11,"6,059 mi",204,$0.1131
DPS,IST,"74,325",$437.43,"6,239 mi",204,$0.0701
HKT,SYD,"74,321",$461.56,"4,651 mi",204,$0.0992
HND,DXB,"74,308","$1,044.67","5,078 mi",204,$0.2057
CAN,JUZ,"74,278",$87.73,502 mi,204,$0.1748
DVO,BCD,"74,201",$17.08,300 mi,203,$0.0569
KUL,ZRH,"74,195",$434.25,"6,413 mi",203,$0.0677
CAN,RGN,"74,141",$188.91,"1,163 mi",203,$0.1624
PKX,KHG,"74,112",$368.47,"2,070 mi",203,$0.1780
CAN,SHS,"74,038",$86.26,494 mi,203,$0.1746
XMN,WDS,"74,035",$131.54,729 mi,203,$0.1804
DPS,LAX,"73,960",$981.91,"8,369 mi",203,$0.1173
HND,ORD,"73,927","$1,662.78","6,101 mi",203,$0.2725
ICN,CAI,"73,863",$538.67,"5,396 mi",202,$0.0998
HAN,SVO,"73,784",$333.16,"4,057 mi",202,$0.0821
MNL,ORD,"73,703",$687.45,"7,877 mi",202,$0.0873
SGN,AMD,"73,684",$142.35,"2,323 mi",202,$0.0613
PEK,CZX,"73,485",$192.63,609 mi,201,$0.3163
DMK,CMB,"73,447",$66.94,"1,437 mi",201,$0.0466
HGH,AKA,"73,402",$135.46,678 mi,201,$0.1998
HGH,ZAT,"73,297",$119.31,"1,060 mi",201,$0.1126
PVG,MLE,"73,219",$394.04,"3,750 mi",201,$0.1051
NRT,VIE,"73,110",$725.71,"5,517 mi",200,$0.1315
KUL,HRB,"72,981",$163.02,"3,214 mi",200,$0.0507
HKT,KHV,"72,954",$227.47,"3,625 mi",200,$0.0628
NRT,CSX,"72,921",$192.52,"1,619 mi",200,$0.1189
CKG,SGN,"72,916",$120.31,"1,345 mi",200,$0.0894
PEK,JUZ,"72,876",$194.47,756 mi,200,$0.2572
HKG,SVO,"72,860",$285.74,"4,302 mi",200,$0.0664
CKG,TVS,"72,790",$111.61,971 mi,199,$0.1149
PVG,RUH,"72,789",$487.48,"4,377 mi",199,$0.1114
NRT,CJU,"72,781",$154.72,828 mi,199,$0.1869
HND,KUM,"72,774",$426.08,656 mi,199,$0.6495
PVG,TAE,"72,623",$141.02,528 mi,199,$0.2671
HKG,HIJ,"72,575",$254.21,"1,466 mi",199,$0.1734
DPS,PLM,"72,341",$203.42,850 mi,198,$0.2393
PVG,LUM,"72,284",$265.20,"1,539 mi",198,$0.1723
PVG,FCO,"72,201",$437.03,"5,527 mi",198,$0.0791
PKX,DYG,"72,153",$190.42,771 mi,198,$0.2470
BKK,WNZ,"72,098",$92.06,"1,575 mi",198,$0.0585
PEK,LYG,"71,951",$106.79,428 mi,197,$0.2495
BKK,AMD,"71,921",$108.50,"2,008 mi",197,$0.0540
PEK,LLV,"71,898",$96.74,326 mi,197,$0.2967
URC,DLC,"71,892",$293.12,"1,730 mi",197,$0.1694
BWN,CGK,"71,788",$164.79,983 mi,197,$0.1676
MNL,PEK,"71,774",$256.21,"1,733 mi",197,$0.1478
PVG,KOW,"71,726",$136.76,579 mi,197,$0.2362
PKX,SHS,"71,670",$139.46,654 mi,196,$0.2132
KIX,KMG,"71,662",$111.96,"2,093 mi",196,$0.0535
PKX,SHE,"71,649",$84.95,411 mi,196,$0.2067
PVG,HNY,"71,636",$148.51,646 mi,196,$0.2299
ICN,HFE,"71,608",$94.86,637 mi,196,$0.1489
SGN,FUK,"71,574",$203.62,"2,112 mi",196,$0.0964
PKX,CIH,"71,518",$61.01,297 mi,196,$0.2054
WUH,DAT,"71,482",$143.92,639 mi,196,$0.2252
ICN,WAW,"71,472",$630.25,"4,657 mi",196,$0.1353
KIX,FCO,"71,408",$565.63,"6,234 mi",196,$0.0907
ICN,DLI,"71,371",$227.70,"2,163 mi",196,$0.1053
PVG,HZA,"71,330",$73.62,462 mi,195,$0.1594
HKT,CPH,"71,252",$378.21,"5,755 mi",195,$0.0657
HGH,WDS,"70,983",$81.51,603 mi,194,$0.1352
HGH,DOY,"70,720",$91.18,527 mi,194,$0.1730
MNL,IST,"70,652",$537.10,"5,847 mi",194,$0.0919
HKT,DXB,"70,636",$446.11,"2,969 mi",194,$0.1503
CKG,AKU,"70,622",$215.61,"1,624 mi",193,$0.1328
HND,MAD,"70,622",$794.70,"6,488 mi",193,$0.1225
DPS,MUC,"70,580",$450.30,"7,064 mi",193,$0.0637
PVG,YNJ,"70,576",$106.31,940 mi,193,$0.1131
MNL,YWG,"70,550",$474.17,"7,193 mi",193,$0.0659
TPE,MUC,"70,505",$918.11,"5,930 mi",193,$0.1548
SZX,WDS,"70,502",$142.07,689 mi,193,$0.2062
ICN,BNE,"70,439",$503.30,"4,659 mi",193,$0.1080
RGN,NYU,"70,351",$77.98,314 mi,193,$0.2483
PEK,YTY,"70,179",$156.02,564 mi,192,$0.2766
PNH,CSX,"70,125",$159.21,"1,309 mi",192,$0.1216
CAN,ACX,"70,100",$58.66,554 mi,192,$0.1059
HND,IAD,"70,037","$1,813.68","6,970 mi",192,$0.2602
ICN,HSG,"70,030",$54.65,380 mi,192,$0.1438
SZX,KHN,"69,909",$143.79,436 mi,192,$0.3298
KIX,BCN,"69,907",$529.16,"6,612 mi",192,$0.0800
NRT,CGQ,"69,814",$215.59,933 mi,191,$0.2311
PVG,GRU,"69,665","$1,450.12","11,888 mi",191,$0.1220
HKT,HYD,"69,642",$102.86,"1,435 mi",191,$0.0717
KIX,HRB,"69,621",$113.38,934 mi,191,$0.1214
SZX,FOC,"69,613",$150.47,420 mi,191,$0.3583
HGH,HLD,"69,508",$259.84,"1,351 mi",190,$0.1923
BKK,KWE,"69,505",$56.36,999 mi,190,$0.0564
PEK,JHG,"69,485",$342.09,"1,604 mi",190,$0.2133
CGO,RLK,"69,371",$130.87,571 mi,190,$0.2292
CTU,FUG,"69,337",$174.08,689 mi,190,$0.2527
SGN,NKG,"69,289",$99.06,"1,593 mi",190,$0.0622
HKG,BLR,"69,276",$438.75,"2,531 mi",190,$0.1734
URC,YIH,"69,193",$195.31,"1,649 mi",190,$0.1184
CTU,KIX,"69,159",$99.09,"1,781 mi",189,$0.0556
LGK,SZB,"69,078",$51.18,263 mi,189,$0.1946
CGO,CIF,"69,040",$105.99,575 mi,189,$0.1843
URC,YTW,"69,017",$91.16,591 mi,189,$0.1542
SZX,HLD,"68,954",$235.55,"1,809 mi",189,$0.1302
PEK,YNZ,"68,946",$142.97,486 mi,189,$0.2942
SGN,JFK,"68,931",$711.41,"8,615 mi",189,$0.0826
CGK,ITM,"68,905",$623.64,"3,290 mi",189,$0.1896
PVG,KHN,"68,786",$86.49,399 mi,188,$0.2168
PKX,YBP,"68,782",$274.43,"1,032 mi",188,$0.2659
CAN,AKA,"68,765",$81.40,717 mi,188,$0.1135
HAN,HGH,"68,607",$90.10,"1,134 mi",188,$0.0795
CGK,MXP,"68,590",$637.57,"7,110 mi",188,$0.0897
HGH,ACX,"68,579",$116.42,"1,040 mi",188,$0.1119
BKK,PER,"68,425",$332.40,"3,210 mi",187,$0.1036
KHH,CJU,"68,422",$72.60,868 mi,187,$0.0836
KUL,TRV,"68,421",$54.49,"1,697 mi",187,$0.0321
HKG,SHE,"68,386",$133.88,"1,403 mi",187,$0.0954
ICN,MEX,"68,342",$995.98,"7,291 mi",187,$0.1366
KUL,FOC,"68,318",$174.61,"1,936 mi",187,$0.0902
KIX,MFM,"68,287",$161.72,"1,608 mi",187,$0.1006
CKG,BAV,"68,279",$200.78,795 mi,187,$0.2526
KUL,KOS,"68,195",$73.72,574 mi,187,$0.1284
PEK,TAS,"68,188",$230.68,"2,522 mi",187,$0.0915
SZX,JNG,"68,179",$171.06,943 mi,187,$0.1814
HAN,PRG,"68,164",$396.80,"5,016 mi",187,$0.0791
SGN,SEA,"68,154",$444.00,"7,637 mi",187,$0.0581
PNH,XMN,"68,143",$180.35,"1,212 mi",187,$0.1488
SZX,IQN,"68,067",$120.00,"1,012 mi",186,$0.1186
RGN,MYT,"68,047",$127.64,573 mi,186,$0.2228
TPE,DXB,"68,036",$613.28,"4,195 mi",186,$0.1462
MNL,FRA,"67,998",$456.96,"6,590 mi",186,$0.0693
HGH,LYI,"67,889",$71.22,364 mi,186,$0.1957
CAN,SYD,"67,846",$431.06,"4,538 mi",186,$0.0950
PVG,DZH,"67,818",$196.02,876 mi,186,$0.2238
SZX,IKA,"67,810",$468.95,"3,939 mi",186,$0.1191
XMN,NGB,"67,676",$115.70,431 mi,185,$0.2684
TSN,YCU,"67,668",$112.11,431 mi,185,$0.2601
HKT,VIE,"67,667",$383.36,"5,257 mi",185,$0.0729
CKG,FUG,"67,666",$89.93,562 mi,185,$0.1600
NGO,SYD,"67,579",$463.43,"4,699 mi",185,$0.0986
SIN,SAI,"67,437",$151.99,805 mi,185,$0.1888
HND,SHB,"67,411",$245.23,638 mi,185,$0.3844
URC,KHN,"67,401",$278.95,"1,821 mi",185,$0.1532
HKT,PEN,"67,340",$76.62,230 mi,184,$0.3331
PEK,FUG,"67,284",$152.55,485 mi,184,$0.3145
CKG,DXB,"67,224",$358.09,"3,039 mi",184,$0.1178
MNL,MCO,"67,150",$793.06,"9,388 mi",184,$0.0845
PEK,MXP,"67,092",$487.20,"4,877 mi",184,$0.0999
TSN,SWA,"67,088",$152.25,"1,109 mi",184,$0.1373
BKK,OVB,"67,067",$353.99,"2,926 mi",184,$0.1210
PEK,IST,"67,053",$559.72,"4,255 mi",184,$0.1315
HGH,HKT,"67,013",$155.19,"2,030 mi",184,$0.0764
NGO,LHR,"66,949","$1,163.02","6,112 mi",183,$0.1903
CAN,SWA,"66,896",$64.56,209 mi,183,$0.3089
CEB,PAG,"66,882",$53.65,170 mi,183,$0.3156
CNX,HHQ,"66,822",$71.65,416 mi,183,$0.1722
NGO,AXT,"66,802",$127.89,367 mi,183,$0.3485
BKK,LED,"66,777",$199.30,"4,869 mi",183,$0.0409
MNL,YEG,"66,720",$486.92,"6,548 mi",183,$0.0744
DPS,MXP,"66,524",$518.56,"7,665 mi",182,$0.0677
SHE,KWL,"66,363",$224.27,"1,411 mi",182,$0.1589
NRT,AKL,"66,248",$741.50,"5,325 mi",182,$0.1392
HKT,MCT,"66,217",$147.31,"2,768 mi",181,$0.0532
PEK,ALG,"66,213",$381.22,"5,827 mi",181,$0.0654
DMK,JAI,"66,172",$115.44,"1,776 mi",181,$0.0650
BKK,YVR,"66,150",$628.95,"7,554 mi",181,$0.0833
SIN,EWR,"66,038","$3,077.15","9,243 mi",181,$0.3329
SGN,VDO,"65,932",$77.44,734 mi,181,$0.1055
TPE,URC,"65,803",$307.05,"2,365 mi",180,$0.1298
DAD,SAI,"65,702",$120.80,314 mi,180,$0.3847
CAN,WMT,"65,664",$65.25,515 mi,180,$0.1267
SHE,LDS,"65,645",$86.80,487 mi,180,$0.1782
KUL,NBO,"65,627",$195.12,"4,619 mi",180,$0.0422
PEK,CIH,"65,627",$130.93,335 mi,180,$0.3908
CAN,DAR,"65,626",$575.21,"5,574 mi",180,$0.1032
SIN,AMD,"65,472",$284.85,"2,659 mi",179,$0.1071
NRT,TLV,"65,389","$1,120.56","5,547 mi",179,$0.2020
CRK,ILO,"65,385",$35.10,318 mi,179,$0.1104
CKG,JGS,"65,304",$79.35,547 mi,179,$0.1451
SZX,FUG,"65,304",$139.66,695 mi,179,$0.2009
XMN,YCU,"65,256",$110.08,820 mi,179,$0.1342
CGO,UYN,"65,209",$49.11,335 mi,179,$0.1466
PEK,SQD,"65,206",$198.45,788 mi,179,$0.2518
PKX,JDZ,"65,089",$143.08,683 mi,178,$0.2095
KUL,AMD,"65,069",$107.91,"2,327 mi",178,$0.0464
NRT,BRU,"65,066",$741.99,"6,053 mi",178,$0.1226
XMN,LZH,"65,062",$64.82,534 mi,178,$0.1214
SZX,NNG,"64,980",$71.46,371 mi,178,$0.1926
PVG,BRU,"64,924",$485.67,"5,440 mi",178,$0.0893
NRT,TSN,"64,881",$115.62,"1,319 mi",178,$0.0877
URC,NNG,"64,833",$310.41,"1,828 mi",178,$0.1698
USM,FRA,"64,808",$411.07,"5,606 mi",178,$0.0733
SZX,JDZ,"64,778",$114.15,493 mi,177,$0.2315
XMN,ZUH,"64,759",$115.83,339 mi,177,$0.3417
DPS,ZRH,"64,646",$565.45,"7,214 mi",177,$0.0784
CGO,YIW,"64,589",$75.37,494 mi,177,$0.1526
PKX,WHA,"64,488",$353.59,612 mi,177,$0.5778
KUL,TAS,"64,452",$336.58,"3,236 mi",177,$0.1040
TSN,NTG,"64,357",$189.49,512 mi,176,$0.3701
BKK,MDL,"64,355",$109.72,656 mi,176,$0.1673
KIX,NTG,"64,340",$88.96,864 mi,176,$0.1030
SGN,AMS,"64,296",$420.36,"5,936 mi",176,$0.0708
PKX,NBS,"64,286",$110.58,629 mi,176,$0.1758
KIX,IST,"64,240",$498.86,"5,597 mi",176,$0.0891
DAD,VCS,"64,228",$169.54,531 mi,176,$0.3193
CAN,BHY,"64,219",$65.03,295 mi,176,$0.2204
PVG,EWR,"64,213","$1,303.13","7,148 mi",176,$0.1823
PEN,SUB,"64,167",$100.64,"1,192 mi",176,$0.0844
HGH,CIF,"64,108",$208.13,804 mi,176,$0.2589
CNX,HAN,"63,930",$95.66,489 mi,175,$0.1956
PVG,NAO,"63,877",$179.34,898 mi,175,$0.1997
SIN,KWE,"63,854",$111.91,"1,802 mi",175,$0.0621
TPE,PHX,"63,843",$915.96,"6,878 mi",175,$0.1332
HND,HEL,"63,834",$895.65,"5,007 mi",175,$0.1789
XMN,XUZ,"63,833",$221.09,678 mi,175,$0.3261
PVG,DNH,"63,795",$375.46,"1,679 mi",175,$0.2236
PVG,WDS,"63,751",$136.54,628 mi,175,$0.2174
RGN,THL,"63,749",$81.62,340 mi,175,$0.2401
PVG,BUD,"63,673",$344.83,"5,041 mi",174,$0.0684
NGO,KMJ,"63,605",$132.15,380 mi,174,$0.3478
CEB,TAE,"63,566",$161.35,"1,738 mi",174,$0.0928
KUL,HAK,"63,544",$118.36,"1,286 mi",174,$0.0920
BWN,MNL,"63,533",$130.06,757 mi,174,$0.1718
CAN,LOS,"63,521",$429.65,"7,503 mi",174,$0.0573
BKK,HAM,"63,504",$400.88,"5,655 mi",174,$0.0709
PKX,CZX,"63,465",$261.75,574 mi,174,$0.4560
KIX,AMS,"63,441",$778.08,"5,914 mi",174,$0.1316
CAN,AQG,"63,389",$78.20,532 mi,174,$0.1470
CAN,CJU,"63,341",$63.54,"1,030 mi",174,$0.0617
WUH,RIZ,"63,234",$99.72,422 mi,173,$0.2363
CNX,PUS,"63,195",$260.31,"2,088 mi",173,$0.1247
NGO,TAO,"63,164",$141.38,972 mi,173,$0.1455
USM,TLV,"63,157",$950.81,"4,286 mi",173,$0.2218
PVG,VIE,"63,100",$618.78,"5,437 mi",173,$0.1138
SZX,BAV,"62,987",$282.43,"1,220 mi",173,$0.2315
TPE,WUH,"62,937",$167.99,599 mi,172,$0.2805
CTU,PZI,"62,927",$158.53,317 mi,172,$0.5001
PNH,TFU,"62,857",$82.90,"1,258 mi",172,$0.0659
CKG,HUZ,"62,850",$130.65,694 mi,172,$0.1883
KIX,FOC,"62,721",$109.12,"1,131 mi",172,$0.0965
PKX,XIC,"62,682",$126.83,"1,172 mi",172,$0.1082
PKX,HCZ,"62,510",$115.48,944 mi,171,$0.1223
DPS,BRU,"62,507",$488.13,"7,812 mi",171,$0.0625
CGK,CGO,"62,505",$257.87,"2,762 mi",171,$0.0934
HKT,CEI,"62,478",$91.26,800 mi,171,$0.1141
PEK,JGS,"62,466",$176.91,892 mi,171,$0.1983
DMK,HYD,"62,447",$60.69,"1,448 mi",171,$0.0419
XMN,DSN,"62,409",$138.94,"1,105 mi",171,$0.1257
PEK,ZHY,"62,399",$194.21,658 mi,171,$0.2952
PVG,ORD,"62,334","$1,521.77","6,831 mi",171,$0.2228
ICN,YYC,"62,150",$552.70,"5,467 mi",170,$0.1011
HKT,TPE,"62,143",$140.35,"1,855 mi",170,$0.0757
HND,GUM,"62,069",$237.40,"1,603 mi",170,$0.1481
CTU,DZH,"62,041",$52.21,204 mi,170,$0.2559
HKT,BER,"61,994",$322.98,"5,389 mi",170,$0.0599
SIN,URC,"61,976",$304.10,"3,017 mi",170,$0.1008
CNX,XIY,"61,952",$88.70,"1,276 mi",170,$0.0695
KIX,FRA,"61,951",$538.59,"5,927 mi",170,$0.0909
HKT,NRT,"61,904",$196.43,"3,167 mi",170,$0.0620
SIN,KTM,"61,839",$322.11,"2,264 mi",169,$0.1423
HAN,SYD,"61,837",$360.08,"4,695 mi",169,$0.0767
HND,YVR,"61,834",$862.78,"4,556 mi",169,$0.1894
PKX,JXA,"61,801",$109.23,878 mi,169,$0.1244
HGH,LFQ,"61,781",$201.18,631 mi,169,$0.3188
URC,LZO,"61,702",$160.39,"1,471 mi",169,$0.1090
HGH,UYN,"61,562",$240.39,800 mi,169,$0.3005
HAN,MUC,"61,561",$393.29,"5,470 mi",169,$0.0719
CGK,LUW,"61,517",$330.78,"1,200 mi",169,$0.2757
CAN,DYG,"61,278",$60.77,445 mi,168,$0.1366
BKK,PBH,"61,229",$423.52,"1,160 mi",168,$0.3651
CAN,FUG,"61,158",$84.70,692 mi,168,$0.1224
ICN,AKL,"61,005",$591.01,"6,180 mi",167,$0.0956
NRT,HIJ,"60,974",$15.85,419 mi,167,$0.0378
PEK,MUC,"60,973",$795.52,"4,653 mi",167,$0.1710
MNL,LAS,"60,923",$590.81,"7,154 mi",167,$0.0826
PEK,KRY,"60,852",$358.81,"1,684 mi",167,$0.2131
PEK,CAI,"60,836",$327.08,"4,820 mi",167,$0.0679
KIX,SYD,"60,835",$466.49,"4,980 mi",167,$0.0937
CRK,CJJ,"60,769",$137.44,"1,502 mi",166,$0.0915
NRT,BOS,"60,769","$1,852.40","6,485 mi",166,$0.2856
NRT,SAN,"60,747",$994.58,"5,379 mi",166,$0.1849
PEN,TFU,"60,663",$145.82,"1,698 mi",166,$0.0859
CGK,TFU,"60,631",$313.35,"2,598 mi",166,$0.1206
PEK,UYN,"60,603",$101.57,376 mi,166,$0.2701
HGH,CAI,"60,531",$217.58,"5,000 mi",166,$0.0435
SHE,NNG,"60,523",$373.44,"1,634 mi",166,$0.2285
SGN,YVR,"60,470",$537.41,"7,527 mi",166,$0.0714
CGK,NGO,"60,469",$434.72,"3,343 mi",166,$0.1300
TSN,JHG,"60,449",$165.40,"1,583 mi",166,$0.1045
MNL,BKI,"60,424",$140.06,702 mi,166,$0.1995
KIX,HFE,"60,285",$102.43,"1,035 mi",165,$0.0990
CGO,KHN,"60,282",$108.40,421 mi,165,$0.2575
PVG,HEL,"60,246",$863.14,"4,732 mi",165,$0.1824
NRT,LAS,"60,208",$897.20,"5,335 mi",165,$0.1682
CGO,DMK,"60,162",$90.55,"1,597 mi",165,$0.0567
CAN,JGN,"60,095",$166.73,"1,477 mi",165,$0.1129
URC,NGB,"59,990",$288.44,"2,032 mi",164,$0.1419
KIX,SFO,"59,987","$1,040.55","5,238 mi",164,$0.1987
ICN,SHI,"59,978",$130.93,851 mi,164,$0.1539
MNL,MAD,"59,894",$610.48,"7,457 mi",164,$0.0819
SZX,DZH,"59,866",$231.61,722 mi,164,$0.3208
PKX,JIC,"59,833",$98.64,734 mi,164,$0.1344
HGH,SVO,"59,824",$280.35,"4,382 mi",164,$0.0640
SIN,LOP,"59,814",$181.84,"1,064 mi",164,$0.1709
SGN,XIY,"59,736",$82.42,"1,687 mi",164,$0.0489
HKG,SEA,"59,725",$897.06,"6,293 mi",164,$0.1425
KUL,ADL,"59,684",$451.31,"3,424 mi",164,$0.1318
HAN,SHA,"59,662",$66.05,"1,147 mi",163,$0.0576
BKK,BNE,"59,602",$436.31,"4,376 mi",163,$0.0997
DMK,ATQ,"59,601",$54.89,"1,982 mi",163,$0.0277
CGO,LZH,"59,588",$104.41,784 mi,163,$0.1332
KUL,SHE,"59,525",$143.38,"2,917 mi",163,$0.0492
DMK,NGO,"59,503",$58.55,"2,755 mi",163,$0.0213
CTU,ICN,"59,467",$110.18,"1,329 mi",163,$0.0829
BKK,AUH,"59,451",$374.58,"2,993 mi",163,$0.1252
CGK,FCO,"59,412",$679.61,"6,929 mi",163,$0.0981
WUH,LZH,"59,404",$127.65,526 mi,163,$0.2427
WUH,UYN,"59,324",$123.00,593 mi,163,$0.2074
BKK,STV,"59,227",$118.28,"1,856 mi",162,$0.0637
CAN,CXR,"59,130",$89.47,857 mi,162,$0.1044
CAN,TLQ,"59,099",$199.47,"1,877 mi",162,$0.1063
CRK,ENI,"59,074",$58.74,277 mi,162,$0.2121
SIN,ILO,"59,001",$90.46,"1,471 mi",162,$0.0615
BKK,DLC,"58,926",$112.16,"2,223 mi",161,$0.0505
BKK,YYZ,"58,848",$800.10,"8,727 mi",161,$0.0917
HGH,XFN,"58,826",$82.26,484 mi,161,$0.1700
TPE,SYD,"58,822",$612.80,"4,663 mi",161,$0.1314
CAN,BEG,"58,786",$354.67,"5,078 mi",161,$0.0698
CKG,TSA,"58,774",$241.07,997 mi,161,$0.2418
HKT,MXP,"58,658",$392.61,"5,972 mi",161,$0.0657
CKG,YYA,"58,601",$131.28,412 mi,161,$0.3186
HKG,EWR,"58,592","$1,165.20","7,811 mi",161,$0.1492
SIN,KHN,"58,560",$120.96,"1,994 mi",160,$0.0607
KUL,TNA,"58,532",$157.36,"2,478 mi",160,$0.0635
HGH,DSN,"58,489",$186.82,849 mi,160,$0.2200
PVG,WUT,"58,462",$113.80,740 mi,160,$0.1538
PVG,AKL,"58,438",$576.34,"5,996 mi",160,$0.0961
PEK,TNH,"58,370",$123.99,512 mi,160,$0.2422
SIN,SEA,"58,342","$1,497.57","7,822 mi",160,$0.1915
KUL,MXP,"58,299",$458.37,"6,040 mi",160,$0.0759
CGK,BKI,"58,248",$156.42,"1,024 mi",160,$0.1528
HND,MSP,"58,245","$1,289.91","6,146 mi",160,$0.2099
SIN,UPG,"58,168",$216.25,"1,127 mi",159,$0.1919
TPE,HIJ,"58,153",$179.68,923 mi,159,$0.1947
URC,YCU,"58,122",$266.00,"1,346 mi",159,$0.1976
HKG,MUC,"58,082","$1,056.57","5,772 mi",159,$0.1831
HAN,WAW,"58,013",$368.50,"5,002 mi",159,$0.0737
PEK,BOS,"58,004",$965.44,"6,518 mi",159,$0.1481
HKG,KTM,"57,927",$280.75,"1,877 mi",159,$0.1496
PEK,GYS,"57,902",$177.05,830 mi,159,$0.2133
PVG,MAN,"57,892",$556.35,"5,878 mi",159,$0.0946
PEK,LZY,"57,782",$409.99,"1,416 mi",158,$0.2895
ICN,SAI,"57,737",$330.76,"2,090 mi",158,$0.1583
CAN,PZI,"57,736",$154.85,729 mi,158,$0.2124
PVG,BOS,"57,678","$1,602.77","7,074 mi",158,$0.2266
PVG,ATH,"57,622",$656.21,"5,157 mi",158,$0.1272
NGO,CJJ,"57,559",$75.99,521 mi,158,$0.1459
HAN,XMN,"57,532",$137.32,792 mi,158,$0.1734
DPS,MAN,"57,510",$561.32,"8,056 mi",158,$0.0697
BKK,WAW,"57,430",$420.06,"5,194 mi",157,$0.0809
SIN,DRW,"57,410",$341.91,"2,013 mi",157,$0.1699
HND,AMS,"57,373",$998.66,"5,963 mi",157,$0.1675
KNO,UPG,"57,275",$354.89,"1,503 mi",157,$0.2361
SZX,UYN,"57,242",$190.75,"1,140 mi",157,$0.1673
CGO,YBP,"57,157",$91.02,694 mi,157,$0.1312
NRT,YUL,"57,155",$863.87,"6,240 mi",157,$0.1384
KIX,DXB,"57,108",$875.02,"4,567 mi",156,$0.1916
ICN,KHN,"56,937",$88.73,877 mi,156,$0.1012
HKG,ILO,"56,909",$35.86,"1,004 mi",156,$0.0357
BKK,ORD,"56,897",$782.54,"8,294 mi",156,$0.0944
HAN,LPQ,"56,850",$87.26,245 mi,156,$0.3562
HKG,CGQ,"56,833",$107.21,"1,593 mi",156,$0.0673
KUL,KWL,"56,750",$115.37,"1,599 mi",155,$0.0722
NRT,KMG,"56,711",$171.62,"2,403 mi",155,$0.0714
CGK,PER,"56,652",$319.66,"1,826 mi",155,$0.1751
XMN,HIA,"56,613",$164.99,622 mi,155,$0.2653
DPS,AKL,"56,578",$580.44,"4,314 mi",155,$0.1345
KHH,TSA,"56,578",$200.76,194 mi,155,$1.0348
SIN,HFE,"56,519",$140.83,"2,212 mi",155,$0.0637
CEB,CGM,"56,513",$49.99,91 mi,155,$0.5493
TPE,YYZ,"56,301",$919.65,"7,730 mi",154,$0.1190
CGK,HGH,"56,264",$267.25,"2,592 mi",154,$0.1031
SGN,BNE,"56,224",$321.83,"4,201 mi",154,$0.0766
CAN,CIF,"56,115",$154.00,"1,295 mi",154,$0.1189
URC,ZUH,"56,111",$308.47,"2,051 mi",154,$0.1504
PVG,RIZ,"56,069",$98.26,337 mi,154,$0.2916
LGK,JHB,"56,057",$44.96,410 mi,154,$0.1097
TPE,FCO,"56,042",$847.45,"6,149 mi",154,$0.1378
PKX,DMM,"55,990",$387.06,"3,992 mi",153,$0.0970
PKX,ALA,"55,989",$397.20,"1,976 mi",153,$0.2010
HKG,USM,"55,897",$289.76,"1,311 mi",153,$0.2210
SIN,NGB,"55,892",$184.36,"2,209 mi",153,$0.0835
XMN,JHG,"55,880",$115.41,"1,083 mi",153,$0.1066
HGH,SHS,"55,879",$77.50,490 mi,153,$0.1582
URC,HRB,"55,830",$412.23,"1,830 mi",153,$0.2253
PVG,BOM,"55,791",$502.87,"3,240 mi",153,$0.1552
TSN,DSN,"55,665",$105.70,389 mi,153,$0.2717
SZX,CJU,"55,658",$173.99,"1,044 mi",152,$0.1667
KHH,SIN,"55,634",$209.99,"1,887 mi",152,$0.1113
PVG,XIC,"55,583",$241.33,"1,161 mi",152,$0.2079
HAN,AMS,"55,508",$403.37,"5,348 mi",152,$0.0754
HND,EWR,"55,480","$1,728.20","6,543 mi",152,$0.2641
CAN,DIG,"55,469",$339.99,928 mi,152,$0.3664
HND,DFW,"55,431","$2,004.72","6,641 mi",152,$0.3019
CEB,DPL,"55,429",$54.87,121 mi,152,$0.4535
HKT,VKO,"55,385",$156.12,"4,505 mi",152,$0.0347
TPE,IAH,"55,350","$1,037.67","8,164 mi",152,$0.1271
PNH,KMG,"55,328",$100.35,973 mi,152,$0.1031
SUB,JHB,"55,311",$77.67,858 mi,152,$0.0905
TSN,YIH,"55,189",$59.14,699 mi,151,$0.0846
BKK,HFE,"55,180",$91.79,"1,678 mi",151,$0.0547
ICN,KTI,"55,068",$183.78,"2,176 mi",151,$0.0845
HKG,BCN,"55,044",$838.14,"6,438 mi",151,$0.1302
NGO,XIY,"54,993",$183.84,"1,637 mi",151,$0.1123
PVG,VVO,"54,987",$208.47,987 mi,151,$0.2112
PVG,JGS,"54,901",$137.44,535 mi,150,$0.2569
TPE,ORD,"54,830","$1,090.30","7,666 mi",150,$0.1422
BKK,VVO,"54,806",$157.35,"2,686 mi",150,$0.0586
DVO,IAO,"54,792",$54.59,185 mi,150,$0.2951
CKG,KHG,"54,756",$213.64,"1,913 mi",150,$0.1117
PEK,FCO,"54,736",$528.27,"4,910 mi",150,$0.1076
XMN,YNZ,"54,720",$159.68,607 mi,150,$0.2631
KIX,KWE,"54,718",$81.70,"1,825 mi",150,$0.0448
HAN,MEL,"54,697",$348.02,"4,939 mi",150,$0.0705
BKK,TAS,"54,670",$223.89,"2,763 mi",150,$0.0810
DPS,MAD,"54,611",$538.29,"7,868 mi",150,$0.0684
CGK,PUS,"54,568",$609.87,"3,105 mi",150,$0.1964
NRT,MUC,"54,535",$489.12,"5,995 mi",149,$0.0816
PNH,CDG,"54,500",$524.74,"6,347 mi",149,$0.0827
KBV,BOM,"54,497",$82.49,"1,851 mi",149,$0.0446
SIN,OKA,"54,488",$397.68,"2,397 mi",149,$0.1659
PEK,ALA,"54,450",$391.36,"2,094 mi",149,$0.1869
HND,BOS,"54,416","$1,687.87","6,914 mi",149,$0.2441
PKX,VTE,"54,381",$64.56,"1,753 mi",149,$0.0368
SIN,CNS,"54,376",$449.45,"3,204 mi",149,$0.1403
KNO,TKG,"54,363",$162.82,775 mi,149,$0.2101
NRT,CAI,"54,340",$644.70,"6,140 mi",149,$0.1050
DPS,VIE,"54,327",$480.00,"6,851 mi",149,$0.0701
KNO,BPN,"54,287",$296.77,"1,329 mi",149,$0.2233
KUL,BTH,"54,232",$142.98,194 mi,149,$0.7370
BKK,RUN,"54,223",$351.42,"3,773 mi",149,$0.0931
HGH,GYS,"54,154",$261.05,856 mi,148,$0.3050
CGK,MEL,"54,136",$568.07,"3,335 mi",148,$0.1703
HAN,XIY,"54,106",$101.02,903 mi,148,$0.1119
HKG,KMJ,"54,102",$120.93,"1,302 mi",148,$0.0929
DPS,PDG,"54,091",$215.91,"1,120 mi",148,$0.1928
CGO,LZO,"54,082",$70.57,602 mi,148,$0.1172
TSN,UYN,"54,004",$43.92,427 mi,148,$0.1029
TPE,NGB,"53,982",$161.63,318 mi,148,$0.5083
CNX,UTH,"53,888",$72.41,277 mi,148,$0.2614
CKG,ACX,"53,877",$67.62,346 mi,148,$0.1954
CKG,HYN,"53,777",$185.25,868 mi,147,$0.2134
CAN,MEL,"53,765",$392.72,"4,831 mi",147,$0.0813
SIN,VTZ,"53,649",$195.02,"1,861 mi",147,$0.1048
DPS,HND,"53,623",$332.87,"3,351 mi",147,$0.0993
XMN,LYG,"53,599",$123.54,664 mi,147,$0.1861
URC,JGN,"53,494",$86.79,643 mi,147,$0.1350
SIN,CPH,"53,492",$866.97,"6,007 mi",147,$0.1443
HKG,HFE,"53,467",$96.88,674 mi,146,$0.1437
ICN,MTY,"53,413","$1,006.08","7,338 mi",146,$0.1371
CGK,DOH,"53,407",$405.13,"4,155 mi",146,$0.0975
TSN,CIF,"53,397",$28.94,217 mi,146,$0.1334
NRT,GRU,"53,377","$1,215.48","11,836 mi",146,$0.1027
ICN,AKJ,"53,319",$202.67,968 mi,146,$0.2094
SGN,DFW,"53,310",$557.05,"9,307 mi",146,$0.0599
DMK,OKA,"53,302",$16.65,"2,001 mi",146,$0.0083
HKG,BNE,"53,297",$817.83,"4,447 mi",146,$0.1839
HGH,TAS,"53,284",$265.15,"2,836 mi",146,$0.0935
PEK,BCN,"53,223",$514.51,"5,312 mi",146,$0.0969
ICN,HAK,"53,134",$105.90,"1,500 mi",146,$0.0706
CGK,DMM,"53,129",$350.65,"4,552 mi",146,$0.0770
CAN,LFQ,"53,119",$105.97,854 mi,146,$0.1241
KNO,BDJ,"53,107",$284.77,"1,165 mi",145,$0.2444
CKG,JUZ,"53,048",$134.57,718 mi,145,$0.1874
SGN,TAO,"52,978",$116.31,"1,895 mi",145,$0.0614
SUB,SMQ,"52,958",$82.76,327 mi,145,$0.2531
DPS,BCN,"52,866",$548.15,"7,577 mi",145,$0.0723
KIX,KMJ,"52,866",$147.42,267 mi,145,$0.5521
SHE,BAV,"52,864",$117.79,684 mi,145,$0.1722
PVG,HZG,"52,845",$164.54,838 mi,145,$0.1963
HND,ARN,"52,841",$805.21,"5,227 mi",145,$0.1540
BKK,CGQ,"52,760",$104.41,"2,483 mi",145,$0.0420
HAN,WUH,"52,706",$87.58,816 mi,144,$0.1073
TPE,ZRH,"52,680",$859.38,"5,739 mi",144,$0.1497
KIX,BNE,"52,614",$451.36,"4,561 mi",144,$0.0990
HGH,NAO,"52,604",$361.85,876 mi,144,$0.4131
KUL,DOH,"52,586",$340.22,"3,782 mi",144,$0.0900
PKX,AAT,"52,549",$438.54,"1,561 mi",144,$0.2809
HKT,UTH,"52,548",$64.57,687 mi,144,$0.0940
HKG,WNZ,"52,470",$112.21,598 mi,144,$0.1876
HKT,HEL,"52,415",$505.26,"5,319 mi",144,$0.0950
MNL,DEL,"52,373",$424.24,"3,054 mi",143,$0.1389
URC,WNZ,"52,269",$298.60,"2,085 mi",143,$0.1432
URC,NNY,"52,208",$185.94,"1,593 mi",143,$0.1167
NGO,DLC,"52,105",$163.53,915 mi,143,$0.1787
PEK,SYD,"52,095",$533.83,"5,737 mi",143,$0.0931
BKK,KHI,"52,030",$332.57,"2,246 mi",143,$0.1481
HKG,KTI,"51,999",$189.08,991 mi,142,$0.1908
ICN,CMB,"51,976",$221.71,"3,692 mi",142,$0.0601
PVG,TAK,"51,960",$267.20,763 mi,142,$0.3502
SHE,YIW,"51,866",$97.77,845 mi,142,$0.1157
PKX,AMS,"51,864",$415.71,"4,742 mi",142,$0.0877
BKK,LHE,"51,850",$295.15,"2,136 mi",142,$0.1382
HGH,IQN,"51,847",$109.46,811 mi,142,$0.1350
PEK,BER,"51,827",$432.25,"4,708 mi",142,$0.0918
BKK,DUB,"51,753",$433.09,"6,321 mi",142,$0.0685
HKG,IST,"51,724",$535.89,"4,826 mi",142,$0.1110
NRT,PER,"51,722",$596.18,"5,086 mi",142,$0.1172
CKG,VTE,"51,648",$53.37,824 mi,142,$0.0648
CGK,CKG,"51,579",$292.91,"2,551 mi",141,$0.1148
HKG,MAD,"51,510","$1,088.58","6,724 mi",141,$0.1619
SIN,BRU,"51,469","$1,210.90","6,755 mi",141,$0.1793
CKG,LYG,"51,429",$128.39,778 mi,141,$0.1650
CGK,CTS,"51,410",$582.07,"3,909 mi",141,$0.1489
MFM,PUS,"51,357",$158.56,"1,252 mi",141,$0.1266
SIN,BER,"51,264",$890.10,"6,349 mi",140,$0.1402
WUH,ACX,"51,211",$97.18,709 mi,140,$0.1371
PEK,MDG,"51,207",$148.28,708 mi,140,$0.2094
HKT,BRU,"51,179",$315.26,"5,771 mi",140,$0.0546
PKX,WUZ,"51,135",$128.94,"1,190 mi",140,$0.1084
CAN,WHA,"51,119",$98.84,607 mi,140,$0.1628
CAN,NBO,"51,119",$504.64,"5,230 mi",140,$0.0965
SHE,JJN,"51,107",$141.21,"1,161 mi",140,$0.1216
NGO,PEK,"51,064",$362.37,"1,198 mi",140,$0.3025
CAN,HKG,"51,029",$61.87,88 mi,140,$0.7031
PVG,XNT,"51,000",$159.15,562 mi,140,$0.2832
PVG,BEG,"50,952",$359.58,"5,087 mi",140,$0.0707
DAD,DEL,"50,951",$154.37,"2,094 mi",140,$0.0737
HKT,KKC,"50,936",$66.88,671 mi,140,$0.0997
ICN,SYX,"50,925",$173.61,"1,628 mi",140,$0.1066
TSN,HYN,"50,911",$82.37,789 mi,139,$0.1044
PEK,XIL,"50,907",$68.84,259 mi,139,$0.2658
MNL,ATH,"50,895",$580.01,"6,160 mi",139,$0.0942
DPS,CPH,"50,812",$516.17,"7,420 mi",139,$0.0696
CRK,TAG,"50,811",$68.94,455 mi,139,$0.1515
CGK,FUK,"50,736",$447.83,"3,250 mi",139,$0.1378
XMN,LZO,"50,734",$188.16,814 mi,139,$0.2312
BKK,GAY,"50,677",$139.60,"1,319 mi",139,$0.1058
KUL,MCT,"50,672",$345.94,"3,334 mi",139,$0.1038
PVG,BER,"50,656",$555.21,"5,079 mi",139,$0.1093
SZX,ACX,"50,609",$86.11,602 mi,139,$0.1430
HAN,MXP,"50,588",$444.91,"5,673 mi",139,$0.0784
PEK,DOY,"50,498",$119.82,208 mi,138,$0.5761
HND,TSN,"50,437",$147.78,"1,291 mi",138,$0.1145
PVG,NNY,"50,434",$173.09,536 mi,138,$0.3229
KHH,RMQ,"50,402",$67.43,114 mi,138,$0.5915
HKG,HSN,"50,398",$63.16,765 mi,138,$0.0826
WUH,LYI,"50,382",$44.45,371 mi,138,$0.1198
NGO,IZO,"50,338",$66.89,232 mi,138,$0.2883
HKG,UBN,"50,314",$272.77,"1,848 mi",138,$0.1476
PVG,UKB,"50,266",$169.07,838 mi,138,$0.2018
CGK,CAI,"50,234",$440.43,"5,727 mi",138,$0.0769
BKK,SEA,"50,232",$657.60,"7,225 mi",138,$0.0910
SHE,LLV,"50,141",$112.91,731 mi,137,$0.1545
HKT,PER,"50,139",$232.07,"3,093 mi",137,$0.0750
KUL,LBJ,"50,090",$129.20,"1,429 mi",137,$0.0904
ICN,MEL,"49,947",$484.62,"5,162 mi",137,$0.0939
DPS,AMD,"49,913",$185.12,"3,728 mi",137,$0.0497
CAN,SQD,"49,901",$286.87,436 mi,137,$0.6580
KNO,PNK,"49,754",$234.26,796 mi,136,$0.2943
SIN,MAD,"49,734",$823.66,"7,284 mi",136,$0.1131
SUB,GTO,"49,721",$204.93,915 mi,136,$0.2240
TPE,FOC,"49,687",$133.59,117 mi,136,$1.1418
KIX,SVO,"49,638",$298.90,"4,428 mi",136,$0.0675
CNX,UTP,"49,612",$47.42,429 mi,136,$0.1105
WUH,DXB,"49,611",$351.25,"3,676 mi",136,$0.0956
HAN,LAX,"49,607",$765.36,"7,414 mi",136,$0.1032
DPS,PEN,"49,545",$113.81,"1,370 mi",136,$0.0831
CAN,DEL,"49,456",$201.95,"2,336 mi",135,$0.0865
CRK,PPS,"49,447",$36.53,407 mi,135,$0.0898
HKT,HND,"49,444",$327.80,"3,325 mi",135,$0.0986
PKX,YZY,"49,414",$114.25,869 mi,135,$0.1315
ICN,TKS,"49,399",$97.41,497 mi,135,$0.1960
SHE,HDG,"49,378",$85.29,618 mi,135,$0.1380
KUL,SWA,"49,320",$94.08,"1,797 mi",135,$0.0524
SIN,GVA,"49,313","$1,527.94","6,330 mi",135,$0.2414
CGO,GOQ,"49,310",$114.15,"1,110 mi",135,$0.1028
SZX,ZHA,"49,302",$106.67,214 mi,135,$0.4985
DPS,JED,"49,280",$502.96,"5,726 mi",135,$0.0878
SIN,WUX,"49,272",$184.57,"2,272 mi",135,$0.0812
CAN,NGO,"49,254",$176.59,"1,570 mi",135,$0.1125
CEB,SUG,"49,228",$50.70,112 mi,135,$0.4527
SIN,MYY,"49,153",$110.19,698 mi,135,$0.1579
SUB,DJJ,"49,152",$529.44,"1,879 mi",135,$0.2818
USM,ZRH,"49,142",$623.11,"5,629 mi",135,$0.1107
MNL,PTY,"49,118",$845.03,"10,598 mi",135,$0.0797
SZX,JUH,"49,050",$156.30,591 mi,134,$0.2645
KUL,DLI,"49,040",$93.75,748 mi,134,$0.1253
KUL,ASB,"49,023","$1,210.80","3,551 mi",134,$0.3410
MNL,SJI,"48,994",$30.14,152 mi,134,$0.1983
KUL,FRA,"48,949",$515.26,"6,398 mi",134,$0.0805
KHH,WUH,"48,876",$152.19,702 mi,134,$0.2168
BKK,PRG,"48,835",$406.10,"5,181 mi",134,$0.0784
TPE,PRG,"48,832",$849.55,"5,768 mi",134,$0.1473
CGK,LAX,"48,780","$1,315.96","9,248 mi",134,$0.1423
CAN,XIC,"48,733",$245.97,738 mi,134,$0.3333
NRT,DAC,"48,713",$419.44,"2,981 mi",133,$0.1407
CAN,LHE,"48,702",$417.86,"2,509 mi",133,$0.1665
SIN,PKU,"48,632",$112.62,192 mi,133,$0.5866
CAN,YKH,"48,609",$139.52,"1,258 mi",133,$0.1109
HND,TKN,"48,582",$517.20,807 mi,133,$0.6409
PEK,FUK,"48,554",$351.19,860 mi,133,$0.4084
CNX,MNL,"48,549",$140.34,"1,533 mi",133,$0.0915
PVG,DEL,"48,543",$450.88,"2,586 mi",133,$0.1744
CKG,DOY,"48,470",$143.76,855 mi,133,$0.1681
CGO,WMT,"48,456",$100.22,622 mi,133,$0.1611
TSN,XIL,"48,442",$26.17,349 mi,133,$0.0750
RGN,AKY,"48,395",$64.11,318 mi,133,$0.2016
MFM,KWE,"48,351",$99.30,508 mi,132,$0.1955
PEK,VVO,"48,342",$155.21,858 mi,132,$0.1809
HGH,HZG,"48,248",$227.02,779 mi,132,$0.2914
MNL,IAD,"48,232","$1,079.23","8,812 mi",132,$0.1225
NRT,EWR,"48,231","$1,262.88","6,919 mi",132,$0.1825
CGK,PNH,"48,226",$200.31,"1,190 mi",132,$0.1683
SZX,KHG,"48,215",$472.17,"2,572 mi",132,$0.1836
HKG,HUN,"48,212",$111.90,488 mi,132,$0.2293
ICN,OKJ,"48,208",$97.04,468 mi,132,$0.2074
BKK,KHN,"48,127",$86.63,"1,386 mi",132,$0.0625
SIN,IAH,"48,057","$2,162.52","9,626 mi",132,$0.2247
XMN,HDG,"48,052",$115.45,830 mi,132,$0.1391
SIN,MDC,"48,034",$217.36,"1,489 mi",132,$0.1460
KBV,BLR,"48,016",$58.20,"1,442 mi",132,$0.0404
CGK,TIM,"47,953",$551.01,"2,144 mi",131,$0.2570
HKG,HEL,"47,870",$840.18,"4,706 mi",131,$0.1785
MNL,BNE,"47,864",$452.73,"3,714 mi",131,$0.1219
DPS,HGH,"47,756",$253.03,"2,635 mi",131,$0.0960
NRT,LGW,"47,756",$366.09,"5,794 mi",131,$0.0632
CGK,NKG,"47,723",$227.32,"2,819 mi",131,$0.0806
PVG,LYI,"47,720",$111.81,324 mi,131,$0.3451
KUL,MAN,"47,712",$464.98,"6,438 mi",131,$0.0722
CEB,ENI,"47,692",$66.63,325 mi,131,$0.2050
PVG,CMN,"47,687",$457.05,"7,098 mi",131,$0.0644
TSN,ENH,"47,663",$104.41,731 mi,131,$0.1428
CAN,WUS,"47,642",$133.91,431 mi,131,$0.3107
CEB,SGN,"47,635",$59.78,"1,212 mi",131,$0.0493
DAD,AMD,"47,588",$146.54,"2,431 mi",130,$0.0603
SZX,GYS,"47,572",$170.52,812 mi,130,$0.2100
HKG,MAA,"47,541",$313.08,"2,375 mi",130,$0.1318
BKK,BAH,"47,529",$226.28,"3,447 mi",130,$0.0656
MNL,TLV,"47,510",$637.82,"5,305 mi",130,$0.1202
DPS,PKX,"47,483",$227.48,"3,435 mi",130,$0.0662
HKT,KIX,"47,466",$195.30,"2,875 mi",130,$0.0679
URC,LYA,"47,439",$161.83,"1,511 mi",130,$0.1071
HKT,LGW,"47,405",$419.15,"5,962 mi",130,$0.0703
MNL,POM,"47,377",$395.09,"2,514 mi",130,$0.1572
CGK,FOC,"47,350",$265.40,"2,310 mi",130,$0.1149
PEK,MAN,"47,309",$516.26,"5,179 mi",130,$0.0997
HGH,HZA,"47,291",$74.90,426 mi,130,$0.1758
SZX,XIC,"47,290",$132.28,790 mi,130,$0.1674
PKX,HSC,"47,289",$119.60,"1,058 mi",130,$0.1130
NRT,ORD,"47,174","$1,277.96","6,071 mi",129,$0.2105
KNO,DJB,"47,118",$138.97,506 mi,129,$0.2746
MFM,HFE,"47,099",$92.77,732 mi,129,$0.1267
HAN,HIJ,"47,082",$136.98,"1,827 mi",129,$0.0750
CGO,KCA,"47,079",$189.17,"1,687 mi",129,$0.1121
KUL,MAD,"47,069",$379.50,"7,098 mi",129,$0.0535
PEK,IKA,"47,068",$911.41,"3,613 mi",129,$0.2523
CGO,SGN,"46,990",$97.10,"1,648 mi",129,$0.0589
CKG,LLV,"46,896",$114.91,590 mi,128,$0.1948
PVG,DFW,"46,892","$1,151.16","7,557 mi",128,$0.1523
MNL,BRU,"46,839",$601.15,"6,333 mi",128,$0.0949
TPE,MPH,"46,838",$44.83,883 mi,128,$0.0508
PKX,SVX,"46,832",$437.11,"2,651 mi",128,$0.1649
PVG,HAM,"46,828",$813.28,"5,467 mi",128,$0.1488
HKT,KMG,"46,827",$88.23,"1,177 mi",128,$0.0750
MNL,ZRH,"46,814",$622.30,"6,284 mi",128,$0.0990
DPS,WAW,"46,813",$618.38,"6,666 mi",128,$0.0928
PEK,IAD,"46,697","$1,406.79","7,112 mi",128,$0.1978
CKG,XAI,"46,677",$121.44,495 mi,128,$0.2453
CAN,HZG,"46,655",$209.28,791 mi,128,$0.2646
CAN,HDG,"46,644",$266.62,937 mi,128,$0.2845
KIX,KHN,"46,574",$106.18,"1,162 mi",128,$0.0914
HGH,HJJ,"46,532",$105.35,657 mi,127,$0.1604
WUH,DSN,"46,526",$183.99,630 mi,127,$0.2920
ICN,BOM,"46,517",$447.72,"3,550 mi",127,$0.1261
HND,VIE,"46,508",$959.66,"5,851 mi",127,$0.1640
CGO,TCG,"46,464",$203.22,"1,737 mi",127,$0.1170
PEK,WAW,"46,460",$334.50,"4,185 mi",127,$0.0799
CTU,NRT,"46,458",$175.82,"2,189 mi",127,$0.0803
HKG,KOJ,"46,457",$143.57,"1,185 mi",127,$0.1212
KUL,BNE,"46,386",$641.72,"4,121 mi",127,$0.1557
URC,NLT,"46,380",$22.54,213 mi,127,$0.1058
ICN,MAA,"46,337",$571.12,"3,205 mi",127,$0.1782
SIN,DUB,"46,324",$928.46,"7,173 mi",127,$0.1294
RGN,MGZ,"46,262",$194.01,362 mi,127,$0.5359
PEK,HET,"46,256",$91.43,248 mi,127,$0.3687
TSN,MIG,"46,240",$101.39,913 mi,127,$0.1111
CGO,ZHY,"46,233",$120.59,513 mi,127,$0.2351
PEK,HUO,"46,209",$167.76,400 mi,127,$0.4194
XMN,MIG,"46,208",$155.91,916 mi,127,$0.1702
PVG,GVA,"46,204",$761.34,"5,928 mi",127,$0.1284
KUL,CXR,"46,194",$102.35,795 mi,127,$0.1287
TSN,IQN,"46,191",$84.71,564 mi,127,$0.1502
BWN,KCH,"46,188",$70.67,408 mi,127,$0.1732
SGN,BLR,"46,022",$192.58,"2,021 mi",126,$0.0953
KUL,BCN,"46,019",$362.64,"6,789 mi",126,$0.0534
PVG,HSG,"45,999",$71.99,531 mi,126,$0.1356
NRT,ADL,"45,994",$541.74,"5,034 mi",126,$0.1076
PVG,YIN,"45,919",$224.78,"2,430 mi",126,$0.0925
PEK,GVA,"45,901",$686.76,"4,942 mi",126,$0.1390
PKX,MLE,"45,823",$328.42,"3,510 mi",126,$0.0936
SHE,SWA,"45,784",$147.25,"1,352 mi",125,$0.1089
USM,VIE,"45,766",$515.36,"5,591 mi",125,$0.0922
XMN,WMT,"45,714",$214.53,788 mi,125,$0.2722
PEK,WGN,"45,686",$311.56,"1,007 mi",125,$0.3094
SZX,CTS,"45,679",$196.51,"2,054 mi",125,$0.0957
KUL,BPN,"45,635",$132.59,"1,052 mi",125,$0.1260
KIX,SJW,"45,634",$79.72,"1,136 mi",125,$0.0702
URC,KJI,"45,541",$57.94,308 mi,125,$0.1881
URC,KRY,"45,507",$64.15,169 mi,125,$0.3796
CKG,DSN,"45,453",$143.11,678 mi,125,$0.2111
PVG,TGO,"45,410",$110.74,884 mi,124,$0.1253
HND,PDX,"45,405",$988.96,"4,991 mi",124,$0.1981
SIN,SWA,"45,372",$177.51,"1,695 mi",124,$0.1047
CAN,LZG,"45,296",$190.50,694 mi,124,$0.2745
CGO,HAN,"45,290",$99.30,"1,072 mi",124,$0.0926
HAN,MAD,"45,264",$366.82,"6,032 mi",124,$0.0608
HKT,IST,"45,211",$284.87,"4,646 mi",124,$0.0613
DPS,BTH,"45,186",$236.61,"1,053 mi",124,$0.2247
HND,GVA,"45,156","$1,383.22","6,277 mi",124,$0.2204
CGO,HKG,"45,108",$208.65,819 mi,124,$0.2548
KHH,OKJ,"45,065",$103.48,"1,207 mi",123,$0.0857
CKG,DNH,"44,941",$149.32,"1,012 mi",123,$0.1475
BKK,ASB,"44,938",$657.86,"3,179 mi",123,$0.2069
ICN,KMQ,"44,924",$165.84,572 mi,123,$0.2899
ICN,NQZ,"44,909",$444.20,"2,888 mi",123,$0.1538
KIX,MUC,"44,902",$695.91,"5,569 mi",123,$0.1250
DPS,PEK,"44,863",$280.64,"3,476 mi",123,$0.0807
PEK,ASB,"44,829",$640.20,"3,163 mi",123,$0.2024
HND,BER,"44,793","$1,084.06","5,723 mi",123,$0.1894
PVG,CPH,"44,782",$536.92,"5,297 mi",123,$0.1014
HKG,YIH,"44,742",$98.33,571 mi,123,$0.1722
HGH,LHR,"44,730",$570.42,"5,579 mi",123,$0.1022
SHE,WDS,"44,712",$167.67,903 mi,122,$0.1857
SIN,YYZ,"44,704","$1,368.03","9,037 mi",122,$0.1514
NGO,SZX,"44,638",$169.89,"1,574 mi",122,$0.1079
PEK,SEA,"44,588",$702.69,"5,555 mi",122,$0.1265
PVG,AOG,"44,585",$115.02,670 mi,122,$0.1717
PVG,LED,"44,531",$424.46,"4,302 mi",122,$0.0987
CNX,PEK,"44,523",$162.13,"1,753 mi",122,$0.0925
PVG,KTI,"44,520",$77.44,"1,793 mi",122,$0.0432
CAN,HQQ,"44,510",$125.73,839 mi,122,$0.1499
HAN,NKG,"44,482",$80.33,"1,052 mi",122,$0.0764
NRT,TAS,"44,480",$454.14,"3,641 mi",122,$0.1247
HKG,ITM,"44,461",$406.46,"1,606 mi",122,$0.2531
CKG,LZH,"44,393",$82.47,404 mi,122,$0.2041
CKG,HTN,"44,389",$300.52,"1,570 mi",122,$0.1914
SZX,KTI,"44,328",$109.54,"1,004 mi",121,$0.1091
SGN,NGB,"44,318",$99.22,"1,672 mi",121,$0.0593
SUB,TPE,"44,205",$240.32,"2,244 mi",121,$0.1071
PEK,HTN,"44,176",$413.99,"1,922 mi",121,$0.2154
PKX,LUM,"44,152",$334.49,"1,518 mi",121,$0.2203
MFM,CZX,"44,118",$100.18,752 mi,121,$0.1332
SIN,YVR,"44,106",$830.69,"8,200 mi",121,$0.1013
TPE,MYJ,"44,106",$198.60,943 mi,121,$0.2106
KUL,JJN,"43,987",$155.66,"1,950 mi",121,$0.0798
DPS,SOQ,"43,965",$260.54,"1,260 mi",120,$0.2068
MFM,TAO,"43,957",$146.19,"1,024 mi",120,$0.1428
TPE,BNE,"43,944",$589.87,"4,326 mi",120,$0.1364
PVG,AKA,"43,925",$159.98,785 mi,120,$0.2038
ICN,HEL,"43,881",$835.58,"4,500 mi",120,$0.1857
PNH,VTE,"43,860",$177.84,484 mi,120,$0.3674
PEK,RUH,"43,763",$524.52,"4,221 mi",120,$0.1243
TPE,MEL,"43,735",$603.49,"4,460 mi",120,$0.1353
CTU,LYG,"43,711",$126.77,897 mi,120,$0.1413
PVG,XAI,"43,708",$159.66,450 mi,120,$0.3548
SZX,HZG,"43,699",$227.27,804 mi,120,$0.2827
SGN,IAD,"43,657",$652.25,"8,718 mi",120,$0.0748
PEK,WUA,"43,632",$138.77,502 mi,120,$0.2764
BKK,CEB,"43,627",$128.49,"1,634 mi",120,$0.0786
HKT,JED,"43,571",$206.12,"3,914 mi",119,$0.0527
SGN,KTI,"43,511",$64.50,127 mi,119,$0.5079
PEK,ATH,"43,481",$472.14,"4,584 mi",119,$0.1030
BKK,TYN,"43,410",$87.33,"1,762 mi",119,$0.0496
CEB,DMK,"43,400",$40.08,"1,550 mi",119,$0.0259
BKK,IAD,"43,382","$1,058.58","8,534 mi",119,$0.1240
KUL,KHN,"43,378",$133.99,"2,092 mi",119,$0.0640
HKG,TYN,"43,357",$118.46,"1,101 mi",119,$0.1076
WUH,LZO,"43,329",$223.81,553 mi,119,$0.4047
ICN,BER,"43,310",$743.57,"5,193 mi",119,$0.1432
BKK,SJW,"43,287",$92.95,"1,845 mi",119,$0.0504
SGN,COK,"43,227",$135.91,"1,993 mi",118,$0.0682
BKK,COK,"43,226",$74.24,"1,613 mi",118,$0.0460
ICN,DAC,"43,179",$308.21,"2,252 mi",118,$0.1369
CGO,UCB,"43,177",$99.36,444 mi,118,$0.2238
URC,FUG,"43,168",$168.66,"1,647 mi",118,$0.1024
CTU,YCU,"43,162",$81.30,501 mi,118,$0.1623
TSN,YBP,"43,159",$125.58,990 mi,118,$0.1268
MNL,YUL,"43,159",$636.35,"8,437 mi",118,$0.0754
ICN,MSP,"43,148","$1,389.97","6,045 mi",118,$0.2299
SGN,ASB,"43,147","$1,291.36","3,623 mi",118,$0.3564
PVG,LNL,"43,117",$274.10,922 mi,118,$0.2973
CGO,HTN,"43,107",$202.29,"1,845 mi",118,$0.1096
TPE,HRB,"43,075",$208.22,"1,404 mi",118,$0.1483
DMK,GAU,"43,051",$80.84,"1,056 mi",118,$0.0766
ICN,BLR,"43,038",$610.55,"3,322 mi",118,$0.1838
TPE,XIY,"43,009",$190.37,958 mi,118,$0.1987
DMK,LKO,"42,958",$50.16,"1,599 mi",118,$0.0314
TPE,CAI,"42,919",$659.50,"5,521 mi",118,$0.1195
CAN,SQJ,"42,868",$110.76,342 mi,117,$0.3239
SIN,COK,"42,863",$253.78,"1,929 mi",117,$0.1316
CKG,PEN,"42,845",$124.95,"1,686 mi",117,$0.0741
RGN,KMG,"42,831",$169.47,737 mi,117,$0.2299
PKX,TEN,"42,781",$115.82,873 mi,117,$0.1327
HKT,MAA,"42,748",$80.74,"1,314 mi",117,$0.0614
MNL,PNH,"42,710",$222.66,"1,141 mi",117,$0.1951
SZX,RIZ,"42,677",$277.47,970 mi,117,$0.2861
SGN,PER,"42,661",$270.04,"3,109 mi",117,$0.0869
PEK,MEX,"42,635",$676.57,"7,959 mi",117,$0.0850
KHH,CTS,"42,597",$149.89,"1,801 mi",117,$0.0832
ICN,DTW,"42,566","$1,669.77","6,421 mi",117,$0.2600
HAN,CSX,"42,565",$96.76,689 mi,117,$0.1404
NRT,ATH,"42,544",$508.53,"5,746 mi",117,$0.0885
HKG,TKS,"42,534",$86.51,"1,542 mi",117,$0.0561
CGO,DAT,"42,509",$67.27,350 mi,116,$0.1922
CAN,FUK,"42,507",$80.35,"1,292 mi",116,$0.0622
ICN,PEN,"42,452",$356.01,"2,850 mi",116,$0.1249
ICN,SJW,"42,438",$99.80,662 mi,116,$0.1508
HKG,MLE,"42,430",$512.11,"3,065 mi",116,$0.1671
HND,BRU,"42,413","$1,204.08","5,699 mi",116,$0.2113
PEK,AAT,"42,352",$121.45,"1,549 mi",116,$0.0784
SGN,CSX,"42,328",$95.67,"1,312 mi",116,$0.0729
USM,MUC,"42,302",$489.00,"5,478 mi",116,$0.0893
ICN,MCO,"42,266","$1,017.09","7,315 mi",116,$0.1390
SHE,UYN,"42,264",$113.49,787 mi,116,$0.1442
CAN,GYS,"42,251",$250.95,752 mi,116,$0.3337
MNL,VIE,"42,203",$569.14,"5,934 mi",116,$0.0959
KUL,SVO,"42,039",$251.65,"4,933 mi",115,$0.0510
TPE,BCN,"42,006",$724.83,"6,230 mi",115,$0.1163
XMN,KHN,"41,999",$81.68,339 mi,115,$0.2409
CNX,RGN,"41,966",$96.48,233 mi,115,$0.4141
ICN,ISG,"41,946",$117.73,886 mi,115,$0.1329
WUH,CIF,"41,944",$139.59,802 mi,115,$0.1741
SZX,CAI,"41,941",$260.98,"5,168 mi",115,$0.0505
MNL,BAH,"41,924",$331.90,"4,716 mi",115,$0.0704
RGN,TPE,"41,910",$262.73,"1,762 mi",115,$0.1491
SIN,BPN,"41,906",$215.39,883 mi,115,$0.2439
PEN,DAC,"41,888",$156.03,"1,483 mi",115,$0.1052
CAN,KWI,"41,860",$404.39,"3,895 mi",115,$0.1038
KUL,ISB,"41,825",$320.64,"2,744 mi",115,$0.1169
SIN,TLV,"41,620","$1,137.40","4,802 mi",114,$0.2369
CEB,CYP,"41,617",$54.26,132 mi,114,$0.4111
MNL,AKL,"41,574",$492.97,"4,837 mi",114,$0.1019
BKK,KJA,"41,547",$232.75,"2,879 mi",114,$0.0808
KUL,KWE,"41,547",$126.58,"1,628 mi",114,$0.0778
HKG,LAS,"41,506","$1,010.35","7,066 mi",114,$0.1430
BKK,KHV,"41,466",$203.07,"3,011 mi",114,$0.0674
SZX,TLV,"41,448","$1,002.25","4,640 mi",114,$0.2160
PKX,RUH,"41,361",$399.72,"3,972 mi",113,$0.1006
CAN,RIZ,"41,359",$184.37,932 mi,113,$0.1978
HKG,LIS,"41,359",$918.91,"6,632 mi",113,$0.1386
CGK,DEL,"41,293",$571.97,"3,194 mi",113,$0.1791
SIN,JNB,"41,291","$1,148.24","5,539 mi",113,$0.2073
SZX,DSN,"41,286",$193.93,"1,151 mi",113,$0.1685
PEN,KBR,"41,250",$81.25,156 mi,113,$0.5208
HND,PHX,"41,167","$1,354.41","5,963 mi",113,$0.2271
HKG,FCO,"41,163",$763.21,"5,595 mi",113,$0.1364
HKG,ISG,"41,157",$147.57,651 mi,113,$0.2267
KIX,WNZ,"41,156",$91.51,990 mi,113,$0.0924
XMN,WNZ,"41,087",$31.10,297 mi,113,$0.1047
PVG,HLH,"41,081",$185.13,"1,071 mi",113,$0.1729
PEK,ORD,"41,068","$1,099.02","6,760 mi",113,$0.1626
DPS,JFK,"40,944","$1,054.28","9,860 mi",112,$0.1069
CKG,WDS,"40,928",$244.23,331 mi,112,$0.7379
CKG,XFN,"40,838",$67.84,385 mi,112,$0.1762
PVG,HLD,"40,833",$144.48,"1,214 mi",112,$0.1190
CAN,WUT,"40,829",$126.54,"1,083 mi",112,$0.1168
PVG,DUS,"40,791",$726.79,"5,679 mi",112,$0.1280
PEK,CPH,"40,773",$597.59,"4,336 mi",112,$0.1378
HGH,WXN,"40,758",$122.13,694 mi,112,$0.1760
CRK,DXB,"40,727",$369.96,"4,119 mi",112,$0.0898
PVG,JGN,"40,707",$232.06,"1,488 mi",112,$0.1560
PEK,NZH,"40,695",$175.91,636 mi,111,$0.2766
SIN,SBW,"40,658",$93.67,572 mi,111,$0.1638
SIN,PNQ,"40,582",$172.58,"2,430 mi",111,$0.0710
CAN,LYA,"40,561",$93.37,810 mi,111,$0.1153
CGK,AUH,"40,557",$524.59,"3,962 mi",111,$0.1324
KUL,FCO,"40,469",$369.61,"6,247 mi",111,$0.0592
HKT,XIY,"40,468",$105.62,"1,995 mi",111,$0.0529
SGN,MUC,"40,432",$473.96,"6,058 mi",111,$0.0782
NRT,MAN,"40,397",$699.37,"6,063 mi",111,$0.1154
DPS,LGW,"40,304",$579.61,"8,011 mi",110,$0.0724
CAN,ACC,"40,277",$490.52,"7,754 mi",110,$0.0633
DAD,LAX,"40,272",$557.52,"8,054 mi",110,$0.0692
HKG,AKL,"40,239",$869.28,"5,869 mi",110,$0.1481
DVO,TAC,"40,223",$27.62,278 mi,110,$0.0994
URC,IQN,"40,199",$141.69,"1,237 mi",110,$0.1145
HKG,LHW,"40,175",$127.66,"1,194 mi",110,$0.1069
HKG,CXR,"40,136",$161.56,800 mi,110,$0.2020
CKG,ENY,"40,135",$97.58,480 mi,110,$0.2033
HND,XIY,"40,132",$252.54,"1,698 mi",110,$0.1487
CKG,WUA,"40,110",$121.76,675 mi,110,$0.1804
MNL,SAN,"40,074",$755.88,"7,620 mi",110,$0.0992
DPS,FCO,"40,017",$562.36,"7,066 mi",110,$0.0796
CKG,SQD,"39,990",$150.12,711 mi,110,$0.2111
TSN,SQD,"39,974",$101.13,765 mi,110,$0.1322
CAN,YVR,"39,971",$509.23,"6,150 mi",110,$0.0828
PVG,WXN,"39,950",$214.92,768 mi,109,$0.2798
CRK,LAX,"39,931",$395.27,"7,505 mi",109,$0.0527
MFM,FOC,"39,924",$73.53,478 mi,109,$0.1538
TSN,HIA,"39,924",$74.29,393 mi,109,$0.1890
DMK,DVO,"39,850",$29.08,"1,816 mi",109,$0.0160
WUH,JIC,"39,828",$221.26,834 mi,109,$0.2653
BKK,ADL,"39,791",$538.82,"4,298 mi",109,$0.1254
MNL,DUB,"39,788",$666.91,"7,011 mi",109,$0.0951
PVG,HSC,"39,781",$187.34,643 mi,109,$0.2914
HKG,PER,"39,753",$706.34,"3,638 mi",109,$0.1942
DPS,BMU,"39,705",$60.30,248 mi,109,$0.2431
CGK,WUH,"39,703",$292.26,"2,677 mi",109,$0.1092
SGN,ADL,"39,699",$419.54,"3,673 mi",109,$0.1142
HND,DUS,"39,653","$1,454.31","5,621 mi",109,$0.2587
SIN,WNZ,"39,639",$122.07,"2,083 mi",109,$0.0586
SGN,ATL,"39,614",$708.07,"9,002 mi",109,$0.0787
XMN,DOY,"39,610",$201.27,870 mi,109,$0.2313
PVG,VCE,"39,597",$588.00,"5,379 mi",108,$0.1093
KHH,XMN,"39,561",$138.37,202 mi,108,$0.6850
ICN,NGS,"39,555",$89.54,381 mi,108,$0.2350
HND,SAN,"39,555",$956.62,"5,749 mi",108,$0.1664
PKX,JGS,"39,524",$159.91,905 mi,108,$0.1767
PEK,AKL,"39,465",$552.47,"6,284 mi",108,$0.0879
SGN,ORD,"39,462",$633.18,"8,413 mi",108,$0.0753
SGN,BOS,"39,396",$679.92,"8,496 mi",108,$0.0800
CAN,SUB,"39,386",$299.39,"2,062 mi",108,$0.1452
URC,ACF,"39,340",$55.68,385 mi,108,$0.1446
SUB,SOQ,"39,317",$310.61,"1,379 mi",108,$0.2252
PEK,SGN,"39,315",$188.74,"2,048 mi",108,$0.0922
ICN,HKD,"39,298",$59.86,844 mi,108,$0.0709
KUL,LKO,"39,278",$147.09,"2,092 mi",108,$0.0703
WUH,YIN,"39,275",$199.60,"1,944 mi",108,$0.1027
NRT,PNH,"39,270",$312.23,"2,694 mi",108,$0.1159
ICN,AUS,"39,266","$1,181.46","7,170 mi",108,$0.1648
CGK,SHA,"39,248",$244.01,"2,672 mi",108,$0.0913
TPE,KWE,"39,246",$156.18,876 mi,108,$0.1783
PVG,LAS,"39,229",$664.61,"6,701 mi",107,$0.0992
BKK,LKO,"39,222",$78.02,"1,616 mi",107,$0.0483
NGO,GUM,"39,185",$181.73,"1,512 mi",107,$0.1202
SIN,VTE,"39,184",$243.58,"1,118 mi",107,$0.2179
CAN,WEF,"39,177",$115.87,950 mi,107,$0.1220
KUL,VTE,"39,170",$89.75,"1,023 mi",107,$0.0877
MNL,BSO,"39,144",$127.23,427 mi,107,$0.2980
HKG,IAH,"39,135","$1,016.91","8,084 mi",107,$0.1258
PEK,VIE,"39,084",$437.54,"4,769 mi",107,$0.0917
HGH,CGD,"39,067",$88.36,520 mi,107,$0.1699
URC,DYU,"39,038",$228.23,"1,004 mi",107,$0.2273
SGN,ZRH,"39,008",$589.38,"5,860 mi",107,$0.1006
SHE,DOY,"39,001",$82.49,368 mi,107,$0.2242
KUL,MUC,"38,994",$525.09,"5,891 mi",107,$0.0891
PEK,JXA,"38,927",$224.38,798 mi,107,$0.2812
PEN,XMN,"38,921",$139.50,"1,728 mi",107,$0.0807
CAN,AMM,"38,915",$427.27,"4,814 mi",107,$0.0888
ICN,KIJ,"38,891",$159.92,672 mi,107,$0.2380
PVG,FUG,"38,891",$58.15,386 mi,107,$0.1506
CAN,SZH,"38,882",$140.80,"1,065 mi",107,$0.1322
CAN,MXZ,"38,875",$58.31,181 mi,107,$0.3222
SHE,SHS,"38,781",$128.06,965 mi,106,$0.1327
DAD,SFO,"38,771",$493.51,"7,710 mi",106,$0.0640
HND,IAH,"38,769","$1,764.90","6,864 mi",106,$0.2571
WUH,CIH,"38,769",$82.64,394 mi,106,$0.2097
PVG,CHG,"38,709",$102.54,700 mi,106,$0.1465
SGN,BKI,"38,658",$74.93,748 mi,106,$0.1002
BKK,LJG,"38,657",$35.13,871 mi,106,$0.0403
CKG,YIC,"38,633",$77.32,469 mi,106,$0.1649
HKG,GRU,"38,627","$1,221.93","10,850 mi",106,$0.1126
CRK,GES,"38,561",$64.01,681 mi,106,$0.0940
KUL,PLM,"38,556",$47.74,454 mi,106,$0.1052
HND,ZRH,"38,549","$1,173.34","6,136 mi",106,$0.1912
TSN,HNY,"38,541",$111.35,860 mi,106,$0.1295
XMN,XNN,"38,513",$93.47,"1,300 mi",106,$0.0719
CGK,MFM,"38,507",$248.33,"1,949 mi",105,$0.1274
SHE,DXJ,"38,507",$145.66,"1,164 mi",105,$0.1251
KUL,NGB,"38,483",$123.94,"2,343 mi",105,$0.0529
CKG,HND,"38,468",$246.81,"2,019 mi",105,$0.1222
PEK,LED,"38,459",$451.69,"3,876 mi",105,$0.1165
HAN,KTI,"38,423",$67.77,705 mi,105,$0.0961
CEB,DXB,"38,419",$347.17,"4,448 mi",105,$0.0781
ICN,DMM,"38,384",$934.57,"4,569 mi",105,$0.2045
KIX,KTM,"38,373",$313.94,"3,048 mi",105,$0.1030
WUH,LUM,"38,372",$127.55,"1,023 mi",105,$0.1247
KUL,URC,"38,356",$292.68,"2,885 mi",105,$0.1014
MFM,JJN,"38,338",$66.41,377 mi,105,$0.1762
HAN,SFO,"38,311","$1,027.23","7,086 mi",105,$0.1450
SHE,DYG,"38,226",$131.65,"1,167 mi",105,$0.1128
CGK,MCT,"38,210",$494.97,"3,969 mi",105,$0.1247
KUL,CCJ,"38,206",$151.04,"1,802 mi",105,$0.0838
DAD,BMV,"38,155",$72.95,240 mi,105,$0.3040
CTU,HYN,"38,154",$148.84,"1,027 mi",105,$0.1449
TSN,LLV,"38,142",$71.45,360 mi,104,$0.1985
KUL,JAI,"38,120",$181.26,"2,316 mi",104,$0.0783
ICN,CPH,"38,105",$662.23,"4,776 mi",104,$0.1387
HAN,BLR,"38,095",$204.00,"1,990 mi",104,$0.1025
WUH,NTG,"38,088",$65.66,397 mi,104,$0.1654
KNO,JED,"38,020",$789.99,"4,060 mi",104,$0.1946
KUL,AMM,"38,009",$266.75,"4,557 mi",104,$0.0585
TSN,CIH,"38,008",$72.29,295 mi,104,$0.2451
BKK,ALA,"37,982",$372.35,"2,560 mi",104,$0.1454
PKX,BAR,"37,971",$263.47,"1,408 mi",104,$0.1871
PEN,KMG,"37,929",$120.54,"1,339 mi",104,$0.0900
WUH,HLH,"37,843",$137.00,"1,178 mi",104,$0.1163
SHE,FNJ,"37,839",$54.73,209 mi,104,$0.2619
SIN,SHA,"37,822",$173.72,"2,282 mi",104,$0.0761
PEK,BSR,"37,814","$1,477.31","3,960 mi",104,$0.3731
SIN,HAM,"37,807","$1,166.53","6,495 mi",104,$0.1796
CAN,EBB,"37,782",$338.17,"5,468 mi",104,$0.0618
ICN,YUL,"37,767",$897.31,"6,767 mi",103,$0.1326
HAN,VIE,"37,729",$398.94,"4,951 mi",103,$0.0806
PEK,IKT,"37,696",$154.73,990 mi,103,$0.1563
URC,DZH,"37,696",$148.21,"1,361 mi",103,$0.1089
CKG,HKT,"37,690",$125.30,"1,636 mi",103,$0.0766
HND,VCE,"37,613",$826.46,"5,770 mi",103,$0.1432
HKT,UTP,"37,608",$118.82,376 mi,103,$0.3160
CAN,YIC,"37,567",$113.63,302 mi,103,$0.3763
KUL,CGQ,"37,537",$127.48,"3,108 mi",103,$0.0410
DMK,NGB,"37,505",$49.16,"1,777 mi",103,$0.0277
PVG,HIJ,"37,487",$119.89,663 mi,103,$0.1808
BKK,BHX,"37,408",$483.69,"6,162 mi",102,$0.0785
CAN,AMS,"37,342",$542.48,"5,849 mi",102,$0.0927
HKT,IKA,"37,316",$355.24,"3,624 mi",102,$0.0980
TPE,KCZ,"37,296",$171.36,977 mi,102,$0.1754
MFM,WUH,"37,289",$106.78,580 mi,102,$0.1841
HKG,LGW,"37,266",$460.18,"6,166 mi",102,$0.0746
SGN,KMG,"37,239",$91.65,"1,048 mi",102,$0.0875
CKG,HDG,"37,232",$122.99,671 mi,102,$0.1833
CGK,CSX,"37,208",$251.45,"2,483 mi",102,$0.1013
PVG,SZH,"37,137",$222.96,738 mi,102,$0.3021
HKT,DUS,"37,129",$294.64,"5,672 mi",102,$0.0519
URC,YIW,"37,107",$367.56,"2,109 mi",102,$0.1743
BKK,LPQ,"37,100",$114.16,452 mi,102,$0.2526
HAN,KMG,"37,074",$70.65,335 mi,102,$0.2109
TPE,MAD,"37,028",$756.26,"6,887 mi",101,$0.1098
PKX,SYD,"37,019",$286.50,"5,374 mi",101,$0.0533
KIX,CAI,"36,973",$632.57,"5,943 mi",101,$0.1064
HKT,ALA,"36,959",$438.96,"2,670 mi",101,$0.1644
CGK,ZRH,"36,907",$844.22,"7,115 mi",101,$0.1187
TSN,TNH,"36,898",$152.93,473 mi,101,$0.3233
CTU,RKZ,"36,884",$103.64,854 mi,101,$0.1214
NRT,DEN,"36,856","$1,197.21","5,601 mi",101,$0.2137
DPS,SWQ,"36,846",$54.36,159 mi,101,$0.3419
BKK,NCE,"36,816",$542.54,"5,914 mi",101,$0.0917
CAN,AKL,"36,751",$456.90,"5,606 mi",101,$0.0815
WUH,YZY,"36,691",$129.47,974 mi,101,$0.1329
SIN,RUH,"36,684","$1,000.63","4,022 mi",101,$0.2488
CGK,MAD,"36,677",$512.29,"7,779 mi",100,$0.0659
SZX,MXP,"36,672",$371.46,"5,619 mi",100,$0.0661
WUH,BAV,"36,668",$187.57,694 mi,100,$0.2703
CAN,BGW,"36,628",$579.61,"4,307 mi",100,$0.1346
CAN,MAD,"36,627",$432.80,"6,253 mi",100,$0.0692
HKT,HAM,"36,617",$309.60,"5,870 mi",100,$0.0527
HKG,ADL,"36,610",$737.84,"4,400 mi",100,$0.1677
CGO,JUZ,"36,566",$98.68,500 mi,100,$0.1974
SGN,NNG,"36,554",$89.44,796 mi,100,$0.1124
XMN,WUS,"36,531",$20.20,226 mi,100,$0.0894
CAN,KTM,"36,518",$194.69,"1,816 mi",100,$0.1072
PVG,VTE,"36,514",$105.53,"1,553 mi",100,$0.0680
MNL,MCT,"36,490",$376.90,"4,238 mi",100,$0.0889
SIN,HEL,"36,484",$810.92,"5,589 mi",100,$0.1451
CKG,LHR,"36,460",$352.62,"5,145 mi",100,$0.0685
PEK,LGW,"36,351",$588.61,"5,225 mi",100,$0.1127
CTU,SQJ,"36,318",$115.07,863 mi,100,$0.1333
CKG,SHS,"36,305",$75.76,360 mi,99,$0.2104
CRK,SFO,"36,303",$369.14,"7,175 mi",99,$0.0514
ICN,VCA,"36,302",$179.65,"2,359 mi",99,$0.0762
KBV,USM,"36,275",$98.27,128 mi,99,$0.7677
CGO,WUA,"36,260",$159.57,516 mi,99,$0.3092
DPS,HYD,"36,258",$227.38,"2,992 mi",99,$0.0760
HKG,YNT,"36,224",$76.28,"1,175 mi",99,$0.0649
MNL,MAN,"36,220",$543.53,"6,879 mi",99,$0.0790
MNL,CAI,"36,217",$575.97,"5,526 mi",99,$0.1042
KIX,KUH,"36,211",$140.08,742 mi,99,$0.1888
PEK,MEL,"36,209",$484.38,"5,832 mi",99,$0.0831
ICN,KWE,"36,131",$96.20,"1,331 mi",99,$0.0723
ICN,GRU,"36,117","$1,560.36","11,721 mi",99,$0.1331
KUL,TYN,"36,048",$115.62,"2,440 mi",99,$0.0474
BKK,LIS,"36,044",$494.66,"6,452 mi",99,$0.0767
KUL,FUK,"35,983",$331.03,"2,739 mi",99,$0.1209
PEK,DUB,"35,980",$398.61,"5,291 mi",99,$0.0753
SZX,BZX,"35,916",$221.82,744 mi,98,$0.2981
KUL,MRU,"35,914",$372.88,"3,486 mi",98,$0.1070
HND,WUH,"35,912",$266.52,"1,466 mi",98,$0.1818
PVG,DTW,"35,890","$1,685.46","6,908 mi",98,$0.2440
PVG,HNL,"35,886",$513.11,"5,065 mi",98,$0.1013
URC,SWA,"35,874",$255.32,"2,227 mi",98,$0.1146
CGK,PKX,"35,855",$339.95,"3,118 mi",98,$0.1090
HKG,HNL,"35,823",$595.20,"5,726 mi",98,$0.1039
HKT,KWI,"35,796",$255.48,"3,676 mi",98,$0.0695
KIX,YVR,"35,763",$643.30,"5,077 mi",98,$0.1267
SZX,AKA,"35,699",$172.56,780 mi,98,$0.2212
CTU,YIN,"35,697",$181.32,"1,495 mi",98,$0.1213
PEK,WXN,"35,673",$150.30,812 mi,98,$0.1851
KIX,BRU,"35,652",$575.95,"6,000 mi",98,$0.0960
SIN,DOH,"35,646",$571.08,"3,740 mi",98,$0.1527
ICN,AOJ,"35,630",$158.16,819 mi,98,$0.1931
CAN,DOH,"35,621",$451.14,"3,966 mi",98,$0.1138
NRT,ITM,"35,617",$92.79,278 mi,98,$0.3338
WUH,LHR,"35,604",$452.52,"5,348 mi",98,$0.0846
SGN,CPH,"35,580",$392.95,"5,930 mi",97,$0.0663
PEK,BEG,"35,578",$481.62,"4,475 mi",97,$0.1076
SIN,MKZ,"35,575",$73.43,139 mi,97,$0.5283
PVG,IBR,"35,525",$100.01,"1,089 mi",97,$0.0918
PEK,OKA,"35,517",$284.66,"1,116 mi",97,$0.2551
NRT,GVA,"35,506",$927.06,"6,281 mi",97,$0.1476
KHH,PQC,"35,501",$94.43,"1,339 mi",97,$0.0705
KNO,FLZ,"35,486",$48.42,140 mi,97,$0.3459
WUH,AKA,"35,472",$131.37,347 mi,97,$0.3786
HAN,YYZ,"35,454",$709.53,"8,177 mi",97,$0.0868
CAN,LXA,"35,449",$252.03,"1,399 mi",97,$0.1802
SIN,ORD,"35,345","$2,157.91","9,632 mi",97,$0.2240
CGK,TNA,"35,344",$242.74,"2,956 mi",97,$0.0821
TPE,AOJ,"35,340",$267.99,"1,509 mi",97,$0.1776
MNL,MSY,"35,328",$858.12,"8,461 mi",97,$0.1014
ICN,IAH,"35,306","$1,278.82","7,262 mi",97,$0.1761
CNX,TFU,"35,300",$50.56,842 mi,97,$0.0600
CEB,LAX,"35,299",$459.68,"7,115 mi",97,$0.0646
HND,AUS,"35,254","$1,216.17","6,756 mi",97,$0.1800
BKK,OKA,"35,239",$390.17,"1,885 mi",97,$0.2070
SIN,TYN,"35,229",$125.16,"2,496 mi",97,$0.0501
NRT,PKX,"35,171",$139.75,"1,293 mi",96,$0.1081
HKG,TXN,"35,161",$57.03,562 mi,96,$0.1015
TPE,DFW,"35,131","$1,047.76","7,474 mi",96,$0.1402
PKX,DXJ,"35,113",$106.15,831 mi,96,$0.1277
PEK,BUD,"35,112",$273.21,"4,417 mi",96,$0.0619
DPS,SFO,"35,096","$1,009.96","8,100 mi",96,$0.1247
BKK,TDX,"35,055",$103.29,140 mi,96,$0.7378
MNL,BOM,"35,047",$488.85,"3,095 mi",96,$0.1579
HKG,BER,"35,038",$830.13,"5,264 mi",96,$0.1577
CGK,JFK,"34,947","$1,594.89","9,749 mi",96,$0.1636
PVG,IAH,"34,868","$1,648.64","7,333 mi",96,$0.2248
PVG,WAW,"34,824",$487.58,"4,822 mi",95,$0.1011
CGK,FRA,"34,809",$610.69,"7,108 mi",95,$0.0859
CAN,FRA,"34,803",$430.62,"5,436 mi",95,$0.0792
HKG,VIE,"34,791",$762.90,"5,244 mi",95,$0.1455
URC,HMI,"34,773",$30.88,330 mi,95,$0.0936
CAN,YZY,"34,753",$142.88,"1,259 mi",95,$0.1135
BKK,LYS,"34,745",$355.58,"5,638 mi",95,$0.0631
PVG,LLV,"34,725",$211.19,733 mi,95,$0.2881
CAN,CMB,"34,705",$218.17,"2,408 mi",95,$0.0906
ICN,PHX,"34,645",$851.21,"6,075 mi",95,$0.1401
PVG,LZG,"34,613",$121.35,958 mi,95,$0.1267
TSN,BAV,"34,607",$75.89,414 mi,95,$0.1833
NRT,DEL,"34,601",$449.23,"3,781 mi",95,$0.1188
PEK,YIN,"34,599",$362.18,"1,869 mi",95,$0.1938
CRK,BSO,"34,581",$92.89,365 mi,95,$0.2545
TPE,HSG,"34,539",$91.13,804 mi,95,$0.1133
HAN,RGN,"34,520",$97.16,719 mi,95,$0.1351
SIN,IAD,"34,515","$2,057.64","9,940 mi",95,$0.2070
PVG,TEN,"34,506",$172.08,760 mi,95,$0.2264
DMK,SWA,"34,502",$36.17,"1,270 mi",95,$0.0285
KIX,ZRH,"34,484",$774.96,"5,711 mi",94,$0.1357
CTU,LYI,"34,445",$134.77,867 mi,94,$0.1554
HGH,NBS,"34,440",$177.58,882 mi,94,$0.2013
CAN,LZY,"34,418",$325.79,"1,278 mi",94,$0.2549
URC,UYN,"34,405",$135.72,"1,173 mi",94,$0.1157
URC,FYN,"34,395",$47.25,231 mi,94,$0.2045
KIX,MEL,"34,392",$461.26,"5,170 mi",94,$0.0892
ICN,ATH,"34,367",$607.86,"5,107 mi",94,$0.1190
BKK,CSX,"34,343",$80.61,"1,245 mi",94,$0.0647
TPE,KTI,"34,337",$209.28,"1,470 mi",94,$0.1424
HGH,LXA,"34,336",$329.71,"1,714 mi",94,$0.1924
ICN,VCE,"34,336",$643.96,"5,231 mi",94,$0.1231
DAD,BOM,"34,306",$168.68,"2,403 mi",94,$0.0702
BKK,IKA,"34,300",$396.84,"3,313 mi",94,$0.1198
TPE,UKB,"34,269",$172.67,"1,097 mi",94,$0.1574
KUL,VIE,"34,262",$415.52,"5,677 mi",94,$0.0732
CGK,KHH,"34,236",$218.37,"2,123 mi",94,$0.1029
TPE,DEL,"34,203",$360.88,"2,635 mi",94,$0.1370
DAD,NGO,"34,198",$186.20,"2,260 mi",94,$0.0824
CAN,JDZ,"34,190",$120.63,462 mi,94,$0.2611
MNL,EWR,"34,182",$944.47,"8,755 mi",94,$0.1079
NRT,PEN,"34,149",$428.76,"3,401 mi",94,$0.1261
MNL,ONT,"34,067",$380.95,"7,551 mi",93,$0.0505
SZX,RUH,"34,015",$413.53,"4,075 mi",93,$0.1015
BKK,HUI,"34,010",$115.80,485 mi,93,$0.2388
MNL,TFU,"34,006",$182.03,"1,563 mi",93,$0.1165
HKG,YGJ,"33,998",$72.31,"1,521 mi",93,$0.0475
DPS,HBA,"33,941",$411.07,"2,968 mi",93,$0.1385
XMN,LYI,"33,918",$153.85,748 mi,93,$0.2057
NGO,KIJ,"33,898",$66.65,242 mi,93,$0.2754
DPS,DUS,"33,891",$423.40,"7,706 mi",93,$0.0549
NGO,MMB,"33,865",$208.83,714 mi,93,$0.2925
SZX,MEX,"33,863",$970.27,"9,042 mi",93,$0.1073
KUL,WNZ,"33,813",$161.15,"2,085 mi",93,$0.0773
ICN,NNG,"33,768",$115.65,"1,539 mi",93,$0.0751
ICN,SLC,"33,747","$1,169.96","5,713 mi",92,$0.2048
PEK,AMS,"33,704",$651.91,"5,009 mi",92,$0.1301
TPE,KOJ,"33,686",$173.20,718 mi,92,$0.2412
ICN,NGB,"33,653",$89.78,583 mi,92,$0.1540
RGN,KYP,"33,634",$93.18,251 mi,92,$0.3712
BKK,CAI,"33,598",$303.20,"4,659 mi",92,$0.0651
PNH,XIY,"33,596",$48.90,"1,553 mi",92,$0.0315
KIX,VIE,"33,594",$601.70,"5,763 mi",92,$0.1044
URC,GYS,"33,497",$143.01,"1,227 mi",92,$0.1166
BKK,YUL,"33,496",$690.78,"8,085 mi",92,$0.0854
PEK,GYD,"33,482",$249.42,"3,522 mi",92,$0.0708
CKG,SYM,"33,456",$90.39,576 mi,92,$0.1569
URC,HZG,"33,439",$138.72,"1,334 mi",92,$0.1040
SZX,MAD,"33,438",$343.92,"6,702 mi",92,$0.0513
SHE,JNG,"33,421",$87.97,568 mi,92,$0.1549
BKK,NAW,"33,370",$73.26,484 mi,91,$0.1514
SZX,WUS,"33,340",$119.35,450 mi,91,$0.2652
PVG,YLX,"33,338",$270.14,966 mi,91,$0.2796
ICN,RUH,"33,298",$851.69,"4,515 mi",91,$0.1886
SIN,WAW,"33,296",$589.69,"5,674 mi",91,$0.1039
TSN,EHU,"33,288",$86.62,640 mi,91,$0.1353
HKG,YCU,"33,239",$71.41,929 mi,91,$0.0769
MNL,HAM,"33,231",$544.03,"6,048 mi",91,$0.0900
ICN,BTH,"33,229",$266.58,"2,798 mi",91,$0.0953
XMN,SHS,"33,197",$30.03,545 mi,91,$0.0551
PEK,BAV,"33,190",$126.10,339 mi,91,$0.3720
CKG,SVO,"33,168",$257.08,"3,640 mi",91,$0.0706
TPE,CSX,"33,165",$147.65,524 mi,91,$0.2818
HAN,BUD,"33,158",$354.01,"4,843 mi",91,$0.0731
SGN,LJG,"33,157",$70.97,"1,137 mi",91,$0.0624
SZX,JNB,"33,146",$560.92,"6,438 mi",91,$0.0871
HKG,GVA,"33,132","$1,478.76","5,730 mi",91,$0.2581
CNX,PKX,"33,116",$87.73,"1,718 mi",91,$0.0511
PKX,BZX,"33,111",$297.16,744 mi,91,$0.3994
MNL,CPH,"33,095",$503.63,"5,900 mi",91,$0.0854
HND,FOC,"33,084",$181.00,"1,322 mi",91,$0.1369
NRT,PRG,"33,025",$599.04,"5,486 mi",90,$0.1092
DPS,NGO,"33,021",$303.80,"3,228 mi",90,$0.0941
SIN,JJN,"32,996",$120.43,"1,947 mi",90,$0.0619
DMK,KTI,"32,982",$66.42,330 mi,90,$0.2013
KUL,TSN,"32,961",$205.80,"2,618 mi",90,$0.0786
KUL,GVA,"32,949",$556.66,"6,538 mi",90,$0.0851
SIN,AUH,"32,945",$539.37,"3,766 mi",90,$0.1432
DVO,DRP,"32,891",$53.24,448 mi,90,$0.1188
CTU,HND,"32,860",$351.77,"2,028 mi",90,$0.1735
PEN,XIY,"32,744",$102.56,"2,149 mi",90,$0.0477
HKT,NKG,"32,739",$98.91,"2,037 mi",90,$0.0486
SHE,BHY,"32,734",$172.37,"1,567 mi",90,$0.1100
SIN,CPT,"32,711","$1,132.06","5,827 mi",90,$0.1943
ICN,GVA,"32,682",$824.31,"5,741 mi",90,$0.1436
HKG,YYC,"32,635",$725.38,"6,787 mi",89,$0.1069
HKT,DUB,"32,619",$433.31,"6,166 mi",89,$0.0703
ICN,TLV,"32,617",$850.53,"4,845 mi",89,$0.1755
SZX,FRA,"32,612",$512.65,"5,835 mi",89,$0.0879
ICN,YNZ,"32,573",$217.38,436 mi,89,$0.4986
PKX,JED,"32,566",$400.77,"4,479 mi",89,$0.0895
TPE,AXT,"32,559",$198.18,"1,445 mi",89,$0.1371
NRT,MLE,"32,544",$410.31,"4,614 mi",89,$0.0889
HKG,FSZ,"32,517",$179.93,"1,751 mi",89,$0.1028
CKG,CIH,"32,515",$103.41,605 mi,89,$0.1709
SZX,LFQ,"32,504",$138.68,964 mi,89,$0.1439
CTU,JNG,"32,470",$121.07,843 mi,89,$0.1436
PKX,UBN,"32,451",$106.63,716 mi,89,$0.1489
HGH,MAD,"32,450",$326.38,"6,187 mi",89,$0.0528
WUH,KWL,"32,443",$93.34,447 mi,89,$0.2088
ICN,WRO,"32,434",$659.76,"5,135 mi",89,$0.1285
DPS,SHA,"32,429",$270.83,"2,874 mi",89,$0.0942
NRT,LIS,"32,414",$745.05,"6,723 mi",89,$0.1108
HND,LIN,"32,405","$1,030.53","6,226 mi",89,$0.1655
SZX,CDG,"32,390",$426.81,"6,115 mi",89,$0.0698
MFM,SZX,"32,377",$79.83,36 mi,89,$2.2175
ICN,ZAG,"32,362",$545.72,"5,404 mi",89,$0.1010
HND,HAM,"32,334","$1,225.28","5,752 mi",89,$0.2130
CGO,KRY,"32,321",$194.10,"1,744 mi",89,$0.1113
PVG,OTP,"32,316",$653.85,"5,152 mi",89,$0.1269
CKG,KWL,"32,287",$222.61,363 mi,88,$0.6133
PEK,ARN,"32,244",$497.64,"4,032 mi",88,$0.1234
HKG,JNB,"32,234","$1,283.50","6,434 mi",88,$0.1995
KUL,BRU,"32,233",$463.04,"6,577 mi",88,$0.0704
HGH,YIN,"32,197",$259.11,"2,397 mi",88,$0.1081
URC,DNH,"32,197",$39.21,440 mi,88,$0.0891
BKK,BOS,"32,195","$1,015.76","8,784 mi",88,$0.1156
WUH,CDE,"32,181",$450.18,724 mi,88,$0.6218
PVG,CMB,"32,152",$277.12,"3,073 mi",88,$0.0902
PVG,IQN,"32,150",$206.06,905 mi,88,$0.2277
KIX,DEL,"32,149",$465.26,"3,505 mi",88,$0.1327
CNX,LPQ,"32,126",$69.36,230 mi,88,$0.3016
NRT,SJW,"32,091",$128.50,"1,466 mi",88,$0.0877
TPE,AKJ,"32,083",$136.14,"1,807 mi",88,$0.0753
HKG,SZB,"32,075",$158.77,"1,610 mi",88,$0.0986
KIX,HAK,"32,051",$115.55,"1,761 mi",88,$0.0656
PVG,TLQ,"31,988",$207.50,"2,024 mi",88,$0.1025
HGH,CDG,"31,916",$391.20,"5,935 mi",87,$0.0659
TPE,HAK,"31,908",$115.59,797 mi,87,$0.1450
PKX,ZAT,"31,907",$130.31,"1,145 mi",87,$0.1138
HAN,JFK,"31,905",$967.48,"8,407 mi",87,$0.1151
KIX,YYZ,"31,867",$777.65,"6,809 mi",87,$0.1142
HKG,INC,"31,823",$144.79,"1,229 mi",87,$0.1178
TPE,LIS,"31,822",$799.18,"7,192 mi",87,$0.1111
MNL,DFW,"31,807",$896.11,"8,558 mi",87,$0.1047
PKX,AOG,"31,807",$70.26,368 mi,87,$0.1909
TPE,AKL,"31,806",$690.52,"5,690 mi",87,$0.1214
DMK,YIH,"31,795",$118.64,"1,382 mi",87,$0.0858
KBV,DXB,"31,786",$302.72,"3,010 mi",87,$0.1006
ICN,FRU,"31,751",$334.94,"2,641 mi",87,$0.1268
NRT,BER,"31,734",$697.56,"5,727 mi",87,$0.1218
URC,JJN,"31,727",$218.48,"2,256 mi",87,$0.0968
TPE,IAD,"31,722","$1,700.30","8,087 mi",87,$0.2103
KUL,DLC,"31,719",$168.70,"2,880 mi",87,$0.0586
CNX,NRT,"31,698",$184.70,"2,692 mi",87,$0.0686
NRT,MCO,"31,671",$781.95,"7,020 mi",87,$0.1114
SGN,SHA,"31,631",$91.58,"1,744 mi",87,$0.0525
HKT,ARN,"31,617",$396.89,"5,562 mi",87,$0.0714
KHH,SZX,"31,613",$182.91,430 mi,87,$0.4254
DPS,TFU,"31,599",$191.20,"2,707 mi",87,$0.0706
NRT,SVO,"31,596",$370.74,"4,525 mi",87,$0.0819
PKX,IST,"31,590",$455.26,"4,532 mi",87,$0.1005
PVG,AUH,"31,588",$632.71,"3,948 mi",87,$0.1603
DAD,FUK,"31,569",$161.21,"1,895 mi",86,$0.0851
TSN,XAI,"31,563",$115.29,475 mi,86,$0.2427
BKK,BUD,"31,549",$407.83,"4,976 mi",86,$0.0820
ICN,DEN,"31,541","$1,094.55","6,374 mi",86,$0.1717
SIN,OSL,"31,538","$1,094.16","6,423 mi",86,$0.1704
BKK,SVX,"31,529",$892.89,"3,748 mi",86,$0.2382
DPS,WGP,"31,520",$76.66,367 mi,86,$0.2089
MNL,MUC,"31,496",$531.59,"6,127 mi",86,$0.0868
SIN,IXM,"31,480",$125.40,"1,929 mi",86,$0.0650
CEB,SFO,"31,424",$430.15,"6,817 mi",86,$0.0631
CGO,DXJ,"31,417",$71.50,503 mi,86,$0.1421
KUL,SHA,"31,401",$130.75,"2,415 mi",86,$0.0541
CGO,DXB,"31,372",$242.91,"3,408 mi",86,$0.0713
TPE,HNA,"31,360",$129.93,"1,568 mi",86,$0.0829
SIN,SYX,"31,343",$223.31,"1,264 mi",86,$0.1767
URC,XFN,"31,308",$218.95,"1,614 mi",86,$0.1357
HND,RDU,"31,293","$1,361.79","7,120 mi",86,$0.1913
WUH,BKI,"31,250",$120.91,"1,669 mi",86,$0.0724
PEK,GRU,"31,245","$1,381.54","11,249 mi",86,$0.1228
PKX,DXB,"31,242",$233.45,"3,516 mi",86,$0.0664
NRT,VCE,"31,240",$570.75,"5,776 mi",86,$0.0988
BKK,IAH,"31,217","$1,161.60","8,957 mi",86,$0.1297
MNL,TAO,"31,195",$302.54,"1,556 mi",85,$0.1944
BKK,JNB,"31,131",$445.50,"5,422 mi",85,$0.0822
MFM,TWU,"31,091",$77.00,"1,307 mi",85,$0.0589
RGN,MNU,"31,090",$44.63,103 mi,85,$0.4333
PEK,BRU,"31,065",$469.80,"5,084 mi",85,$0.0924
BKK,ATQ,"31,063",$97.37,"1,998 mi",85,$0.0487
PKX,DOH,"31,053",$403.52,"3,939 mi",85,$0.1024
BKK,BWN,"31,050",$266.38,"1,105 mi",85,$0.2411
CTU,GOQ,"31,045",$93.81,643 mi,85,$0.1459
KIX,NNG,"31,028",$116.03,"1,882 mi",85,$0.0617
DMK,IKA,"30,998",$415.30,"3,296 mi",85,$0.1260
SZX,BCN,"30,990",$377.58,"6,042 mi",85,$0.0625
KUL,NGO,"30,989",$336.68,"3,065 mi",85,$0.1098
SIN,CHC,"30,953",$785.23,"5,379 mi",85,$0.1460
RGN,KMV,"30,934",$109.45,469 mi,85,$0.2334
BKK,MEX,"30,915",$680.71,"10,073 mi",85,$0.0676
SZX,DOH,"30,888",$266.47,"3,779 mi",85,$0.0705
MNL,OKA,"30,855",$285.72,887 mi,85,$0.3221
CAN,FCO,"30,833",$367.77,"5,860 mi",84,$0.0628
HKT,JNB,"30,823",$321.75,"5,097 mi",84,$0.0631
SIN,POM,"30,814","$1,101.98","3,159 mi",84,$0.3488
CGK,TAO,"30,803",$341.57,"2,970 mi",84,$0.1150
MNL,PHX,"30,785",$710.71,"7,853 mi",84,$0.0905
SIN,YNT,"30,755",$184.14,"2,813 mi",84,$0.0655
PVG,YUL,"30,755","$1,132.85","6,842 mi",84,$0.1656
ICN,SAN,"30,753","$1,049.25","6,272 mi",84,$0.1673
HKG,ROR,"30,751",$529.90,"1,665 mi",84,$0.3183
WUH,TSA,"30,728",$221.73,579 mi,84,$0.3830
TPE,FKS,"30,702",$117.96,"1,449 mi",84,$0.0814
CAN,MAN,"30,698",$330.05,"6,070 mi",84,$0.0544
XMN,XAI,"30,655",$89.01,622 mi,84,$0.1431
ICN,BMV,"30,648",$151.38,"1,991 mi",84,$0.0760
HND,TSJ,"30,633",$251.38,580 mi,84,$0.4334
HAN,CPH,"30,609",$379.99,"4,983 mi",84,$0.0763
DMK,SUB,"30,521",$95.36,"1,641 mi",84,$0.0581
PKX,LED,"30,511",$219.73,"3,903 mi",84,$0.0563
ICN,AUH,"30,508",$943.13,"4,121 mi",84,$0.2289
HKT,FCO,"30,500",$339.12,"5,474 mi",84,$0.0620
CGK,XIY,"30,449",$305.60,"2,891 mi",83,$0.1057
DPS,TKG,"30,439",$171.07,704 mi,83,$0.2430
CAN,BUD,"30,431",$339.05,"5,380 mi",83,$0.0630
SZX,LNL,"30,385",$426.38,938 mi,83,$0.4546
TSN,JIU,"30,375",$76.75,692 mi,83,$0.1109
HAN,TSN,"30,362",$122.90,"1,455 mi",83,$0.0845
HKG,DFW,"30,339","$1,602.29","8,353 mi",83,$0.1918
DPS,FUK,"30,324",$451.72,"3,185 mi",83,$0.1418
KNO,JHB,"30,262",$36.56,370 mi,83,$0.0988
PKX,MEL,"30,245",$251.83,"5,798 mi",83,$0.0434
DVO,NRT,"30,169",$147.88,"2,122 mi",83,$0.0697
XMN,FUG,"30,159",$75.24,576 mi,83,$0.1306
KIX,CGQ,"30,151",$81.44,810 mi,83,$0.1005
URC,LNL,"30,151",$387.49,"1,168 mi",83,$0.3318
DPS,BER,"30,141",$438.07,"7,404 mi",83,$0.0592
PVG,IKT,"30,129",$181.29,"1,755 mi",83,$0.1033
HND,TNE,"30,126",$508.51,636 mi,83,$0.7995
SZX,XAI,"30,111",$114.39,705 mi,82,$0.1623
CKG,SQJ,"30,101",$123.23,741 mi,82,$0.1663
CTU,SIN,"30,078",$122.77,"2,080 mi",82,$0.0590
HGH,ZHY,"30,072",$129.13,981 mi,82,$0.1316
SZX,EHU,"30,061",$81.22,553 mi,82,$0.1469
HAN,LGW,"30,040",$271.61,"5,567 mi",82,$0.0488
TSN,YNJ,"30,035",$39.50,662 mi,82,$0.0597
BKK,DMM,"30,027",$216.89,"3,297 mi",82,$0.0658
BKK,CJU,"29,997",$130.29,"2,181 mi",82,$0.0597
CAN,XNT,"29,982",$223.64,907 mi,82,$0.2466
BKK,ISB,"29,957",$374.05,"2,291 mi",82,$0.1633
SGN,DME,"29,930",$302.97,"4,917 mi",82,$0.0616
HND,HNA,"29,882",$215.28,286 mi,82,$0.7527
HKG,CMB,"29,874",$411.66,"2,418 mi",82,$0.1702
CGO,DLU,"29,859",$104.03,"1,043 mi",82,$0.0997
SGN,PHX,"29,829",$536.37,"8,714 mi",82,$0.0616
HKG,KMQ,"29,825",$204.84,"1,611 mi",82,$0.1272
XMN,XFN,"29,804",$109.78,615 mi,82,$0.1785
HND,CMH,"29,803","$1,425.50","6,750 mi",82,$0.2112
WUH,TVS,"29,794",$144.00,633 mi,82,$0.2275
TPE,CPH,"29,791",$796.98,"5,310 mi",82,$0.1501
NRT,SAI,"29,729",$228.07,"2,806 mi",81,$0.0813
HKT,PKX,"29,699",$84.55,"2,369 mi",81,$0.0357
HGH,SYD,"29,697",$399.49,"4,720 mi",81,$0.0846
HKG,BRU,"29,660",$842.24,"5,995 mi",81,$0.1405
KIX,MMB,"29,638",$130.21,832 mi,81,$0.1565
ICN,LJG,"29,630",$141.10,"1,647 mi",81,$0.0857
CAN,TCZ,"29,624",$132.68,967 mi,81,$0.1372
DPS,CCU,"29,623",$207.17,"2,909 mi",81,$0.0712
CGK,HKT,"29,614",$220.97,"1,174 mi",81,$0.1882
MFM,PNH,"29,595",$619.82,961 mi,81,$0.6450
HND,MAN,"29,594","$1,238.22","5,710 mi",81,$0.2169
RGN,KET,"29,590",$118.41,369 mi,81,$0.3209
XMN,HNY,"29,572",$58.63,390 mi,81,$0.1503
CGO,SVO,"29,540",$329.81,"3,892 mi",81,$0.0847
PVG,IAD,"29,537","$1,228.82","7,215 mi",81,$0.1703
SGN,MXP,"29,519",$501.97,"5,880 mi",81,$0.0854
PEK,ZRH,"29,519",$879.78,"4,804 mi",81,$0.1831
SGN,TNA,"29,519",$97.47,"1,859 mi",81,$0.0524
CKG,MFM,"29,490",$112.99,698 mi,81,$0.1619
SZX,ENY,"29,476",$244.75,"1,021 mi",81,$0.2397
SZX,WUA,"29,456",$137.28,"1,216 mi",81,$0.1129
KNO,SRG,"29,449",$250.01,"1,048 mi",81,$0.2386
RGN,SGN,"29,444",$113.87,796 mi,81,$0.1431
CNX,NST,"29,429",$79.17,731 mi,81,$0.1083
TPE,BUD,"29,421",$553.60,"5,645 mi",81,$0.0981
MNL,PER,"29,410",$436.87,"3,324 mi",81,$0.1314
HAN,YVR,"29,394",$549.77,"6,919 mi",81,$0.0795
KUL,HFE,"29,392",$143.23,"2,319 mi",81,$0.0618
ICN,YTY,"29,325",$72.53,525 mi,80,$0.1382
ICN,HUI,"29,324",$179.82,"1,794 mi",80,$0.1002
HND,SLC,"29,318","$1,191.82","5,309 mi",80,$0.2245
SIN,SVO,"29,299",$339.54,"5,408 mi",80,$0.0628
BKK,GRU,"29,298",$966.18,"10,498 mi",80,$0.0920
PVG,FSZ,"29,285",$126.34,952 mi,80,$0.1327
PEK,YYA,"29,250",$299.34,790 mi,80,$0.3789
KUL,ALG,"29,234",$534.37,"6,771 mi",80,$0.0789
ICN,BRU,"29,222",$642.63,"5,554 mi",80,$0.1157
SIN,KUA,"29,194",$110.10,181 mi,80,$0.6083
USM,CDG,"29,177",$538.93,"5,875 mi",80,$0.0917
PEK,NQZ,"29,165",$389.23,"2,201 mi",80,$0.1768
HKT,HDY,"29,148",$71.76,160 mi,80,$0.4485
PEN,SHA,"29,124",$147.85,"2,319 mi",80,$0.0638
PEK,YLX,"29,115",$182.92,"1,239 mi",80,$0.1476
KUL,LAX,"29,109",$981.52,"9,064 mi",80,$0.1083
XMN,WXN,"29,102",$246.12,712 mi,80,$0.3457
WUH,YIW,"29,085",$71.30,373 mi,80,$0.1912
NRT,MAA,"29,083",$591.66,"4,154 mi",80,$0.1424
PVG,OKJ,"29,065",$159.21,763 mi,80,$0.2087
TSN,TGO,"29,053",$72.86,384 mi,80,$0.1897
CKG,WNH,"29,052",$89.32,436 mi,80,$0.2049
BKK,MLE,"29,018",$325.77,"2,027 mi",80,$0.1607
PVG,LIJ,"28,997",$83.31,232 mi,79,$0.3591
SZX,LXA,"28,979",$577.46,"1,447 mi",79,$0.3991
SHE,XNN,"28,949",$140.36,"1,163 mi",79,$0.1207
HND,NCE,"28,936","$1,208.92","6,391 mi",79,$0.1892
PEK,PNH,"28,923",$266.12,"2,161 mi",79,$0.1231
KHH,PEK,"28,914",$156.59,"1,266 mi",79,$0.1237
PVG,JIQ,"28,894",$98.14,804 mi,79,$0.1221
TPE,KMI,"28,865",$143.59,801 mi,79,$0.1793
HND,PNH,"28,850",$370.95,"2,658 mi",79,$0.1396
NRT,CPH,"28,723",$531.83,"5,575 mi",79,$0.0954
KIX,PEN,"28,721",$364.70,"3,096 mi",79,$0.1178
PVG,JNB,"28,708",$748.60,"7,103 mi",79,$0.1054
SIN,BOS,"28,702","$2,362.04","9,681 mi",79,$0.2440
CGK,BCN,"28,687",$653.16,"7,035 mi",79,$0.0928
PVG,ENY,"28,674",$219.26,822 mi,79,$0.2667
CAN,AAT,"28,668",$281.38,"2,245 mi",79,$0.1253
SGN,ONT,"28,667",$434.80,"7,944 mi",79,$0.0547
HAN,KHN,"28,662",$81.73,848 mi,79,$0.0964
CAN,UYN,"28,655",$238.16,"1,018 mi",79,$0.2339
PVG,HFE,"28,632",$73.16,280 mi,78,$0.2613
XMN,ZYI,"28,625",$105.89,690 mi,78,$0.1535
SUB,TIM,"28,615",$489.19,"1,717 mi",78,$0.2849
CAN,ISB,"28,611",$465.91,"2,615 mi",78,$0.1782
BWN,JED,"28,608",$694.85,"5,024 mi",78,$0.1383
SIN,LHW,"28,598",$175.40,"2,356 mi",78,$0.0744
MNL,LGW,"28,582",$469.61,"6,894 mi",78,$0.0681
CGK,DAD,"28,575",$224.37,"1,489 mi",78,$0.1507
HAN,BCN,"28,548",$323.10,"6,108 mi",78,$0.0529
CGK,LGK,"28,529",$105.25,"1,015 mi",78,$0.1037
HKT,BHX,"28,524",$443.98,"6,006 mi",78,$0.0739
DVO,CGY,"28,506",$48.66,127 mi,78,$0.3831
PVG,YSQ,"28,498",$150.30,994 mi,78,$0.1512
TPE,ARN,"28,483",$681.15,"5,020 mi",78,$0.1357
KUL,JFK,"28,471",$980.45,"9,142 mi",78,$0.1072
PKX,CMN,"28,471",$546.08,"6,447 mi",78,$0.0847
SGN,DIN,"28,447",$168.85,793 mi,78,$0.2129
CAN,MXP,"28,390",$487.32,"5,905 mi",78,$0.0825
SGN,BER,"28,378",$348.82,"5,932 mi",78,$0.0588
BKK,THS,"28,365",$81.39,261 mi,78,$0.3118
BKK,VCE,"28,267",$484.94,"5,306 mi",77,$0.0914
PEK,PRG,"28,267",$324.89,"4,775 mi",77,$0.0680
SGN,FCO,"28,263",$481.16,"6,124 mi",77,$0.0786
CTU,VTE,"28,223",$66.58,848 mi,77,$0.0785
BKK,URC,"28,194",$183.53,"2,164 mi",77,$0.0848
KIX,HKD,"28,173",$283.54,573 mi,77,$0.4948
XMN,AQG,"28,164",$58.39,435 mi,77,$0.1342
PKX,AUH,"28,122",$651.86,"3,582 mi",77,$0.1820
MNL,HEL,"28,110",$644.31,"5,721 mi",77,$0.1126
HKT,COK,"28,085",$56.48,"1,455 mi",77,$0.0388
TPE,KIJ,"28,038",$124.15,"1,333 mi",77,$0.0931
CAN,CTS,"28,036",$169.47,"2,165 mi",77,$0.0783
NGO,HEL,"28,010",$704.89,"4,677 mi",77,$0.1507
KHH,KMJ,"28,010",$185.99,927 mi,77,$0.2006
BKK,UBN,"27,967",$319.17,"2,443 mi",77,$0.1306
XMN,DXB,"27,967",$281.28,"4,012 mi",77,$0.0701
BKK,MRS,"27,940",$427.46,"5,668 mi",77,$0.0754
SIN,DUS,"27,922",$817.67,"6,262 mi",76,$0.1306
PEN,PKX,"27,920",$141.01,"2,492 mi",76,$0.0566
PVG,HCZ,"27,915",$119.29,679 mi,76,$0.1757
HKG,XNN,"27,915",$141.35,"1,249 mi",76,$0.1132
WUH,WMT,"27,911",$207.54,533 mi,76,$0.3894
NRT,PDX,"27,895",$923.82,"4,954 mi",76,$0.1865
DAD,RMQ,"27,842",$181.78,955 mi,76,$0.1903
ICN,MLE,"27,833",$421.74,"4,166 mi",76,$0.1012
HND,LGW,"27,828",$385.19,"5,793 mi",76,$0.0665
HND,KTM,"27,778",$352.16,"3,303 mi",76,$0.1066
HKG,ISB,"27,752",$334.40,"2,685 mi",76,$0.1245
URC,WXN,"27,730",$203.54,"1,413 mi",76,$0.1440
KIX,BOM,"27,717",$449.03,"4,048 mi",76,$0.1109
HND,LIS,"27,707","$1,124.38","7,139 mi",76,$0.1575
PNH,LAX,"27,705",$560.47,"7,955 mi",76,$0.0705
HKT,MAD,"27,704",$369.67,"6,275 mi",76,$0.0589
HAN,HAM,"27,703",$344.95,"5,119 mi",76,$0.0674
MFM,HRB,"27,650",$102.79,"1,719 mi",76,$0.0598
TPE,BOS,"27,644","$1,280.87","7,481 mi",76,$0.1712
SIN,BBI,"27,610",$126.51,"1,737 mi",76,$0.0728
TPE,ROR,"27,583",$231.57,"1,461 mi",76,$0.1585
CAN,TBS,"27,579",$233.41,"3,945 mi",76,$0.0592
HKG,DYG,"27,574",$131.43,533 mi,76,$0.2466
TSN,YIW,"27,561",$162.75,672 mi,76,$0.2422
PVG,KMQ,"27,534",$189.97,885 mi,75,$0.2147
HKG,IAD,"27,527","$1,349.71","8,385 mi",75,$0.1610
WUH,HIA,"27,515",$80.65,365 mi,75,$0.2210
SZX,LAX,"27,476",$665.45,"7,452 mi",75,$0.0893
CAN,BZX,"27,466",$169.55,685 mi,75,$0.2475
TSN,FUG,"27,440",$36.86,454 mi,75,$0.0812
HND,BUD,"27,418",$916.93,"5,796 mi",75,$0.1582
PKX,AVA,"27,387",$123.54,"1,066 mi",75,$0.1159
HGH,DNH,"27,279",$230.11,"1,641 mi",75,$0.1402
DPS,KJT,"27,257",$93.86,516 mi,75,$0.1819
MNL,BOS,"27,244",$992.25,"8,686 mi",75,$0.1142
SIN,PDG,"27,197",$102.73,304 mi,75,$0.3379
CGK,MUC,"27,142",$591.88,"6,960 mi",74,$0.0850
MNL,TSN,"27,137",$311.13,"1,664 mi",74,$0.1870
CAN,ZYI,"27,131",$44.63,470 mi,74,$0.0950
MNL,PEN,"27,124",$236.24,"1,593 mi",74,$0.1483
HKT,SAI,"27,101",$97.85,525 mi,74,$0.1864
SHE,LAX,"27,069",$444.11,"6,082 mi",74,$0.0730
CAN,YSQ,"27,043",$292.13,"1,667 mi",74,$0.1752
HAN,NGB,"27,040",$80.50,"1,107 mi",74,$0.0727
NRT,BUD,"27,026",$589.09,"5,466 mi",74,$0.1078
HAN,HYD,"27,014",$163.70,"1,751 mi",74,$0.0935
CNX,HGH,"26,994",$85.60,"1,514 mi",74,$0.0565
SIN,PRG,"26,965",$715.70,"6,318 mi",74,$0.1133
SIN,LIS,"26,933",$933.95,"7,166 mi",74,$0.1303
CAN,FIH,"26,931",$377.33,"7,041 mi",74,$0.0536
RGN,DXB,"26,931",$343.78,"2,760 mi",74,$0.1246
PVG,SDJ,"26,901",$381.87,"1,150 mi",74,$0.3321
CAN,TWU,"26,857",$187.56,"1,398 mi",74,$0.1342
PVG,BNE,"26,856",$642.15,"4,404 mi",74,$0.1458
NRT,NAN,"26,798",$526.56,"4,288 mi",73,$0.1228
PEK,YZY,"26,794",$326.70,827 mi,73,$0.3950
HND,BOM,"26,779",$657.01,"4,058 mi",73,$0.1619
SIN,OTP,"26,762",$597.84,"5,391 mi",73,$0.1109
MNL,CRM,"26,690",$105.35,288 mi,73,$0.3658
CAN,BOM,"26,685",$260.10,"2,690 mi",73,$0.0967
PVG,NDG,"26,685",$140.84,"1,084 mi",73,$0.1299
PVG,MCO,"26,668","$1,082.17","7,807 mi",73,$0.1386
CGO,PNH,"26,630",$129.28,"1,736 mi",73,$0.0745
HKG,RUH,"26,604","$1,512.25","4,340 mi",73,$0.3484
KUL,PUS,"26,579",$306.55,"2,755 mi",73,$0.1113
CAN,GRU,"26,517","$1,150.34","10,820 mi",73,$0.1063
BKK,DME,"26,511",$321.30,"4,254 mi",73,$0.0755
PVG,AAT,"26,505",$245.83,"2,045 mi",73,$0.1202
CKG,KHH,"26,460",$216.23,953 mi,72,$0.2269
PVG,LNJ,"26,459",$185.06,"1,384 mi",72,$0.1337
DPS,NKG,"26,395",$232.62,"2,892 mi",72,$0.0804
BKK,EDI,"26,350",$493.81,"5,788 mi",72,$0.0853
BKK,BBI,"26,315",$51.48,"1,052 mi",72,$0.0489
MNL,OSL,"26,298",$540.74,"6,186 mi",72,$0.0874
KIX,LGW,"26,296",$492.65,"6,112 mi",72,$0.0806
HGH,MEL,"26,284",$343.35,"5,097 mi",72,$0.0674
SHE,SVO,"26,272",$304.44,"3,659 mi",72,$0.0832
HKT,MNL,"26,271",$175.00,"1,552 mi",72,$0.1128
MFM,WNZ,"26,268",$108.63,622 mi,72,$0.1746
TPE,BLR,"26,254",$482.89,"2,855 mi",72,$0.1691
MNL,TPA,"26,250",$926.81,"9,377 mi",72,$0.0988
PKX,WNH,"26,235",$188.40,"1,270 mi",72,$0.1483
PNH,DEL,"26,227",$150.08,"2,205 mi",72,$0.0681
SZX,JGS,"26,205",$145.07,306 mi,72,$0.4741
BKK,WUX,"26,204",$103.42,"1,805 mi",72,$0.0573
HKG,MPH,"26,184",$56.92,919 mi,72,$0.0619
HND,PRG,"26,156","$1,074.43","5,821 mi",72,$0.1846
KUL,AUH,"26,124",$525.54,"3,369 mi",72,$0.1560
HKG,ATH,"26,123",$665.43,"5,443 mi",72,$0.1223
HKG,EDI,"26,115",$952.74,"5,736 mi",72,$0.1661
KUL,LGW,"26,115",$371.34,"6,780 mi",72,$0.0548
NRT,DFW,"26,091","$1,366.37","6,222 mi",71,$0.2196
HGH,KHG,"26,084",$309.67,"2,494 mi",71,$0.1242
CAN,CMN,"26,083",$543.45,"6,708 mi",71,$0.0810
CTU,BPL,"26,072",$132.26,"1,579 mi",71,$0.0838
MNL,MLA,"26,044",$627.01,"6,326 mi",71,$0.0991
URC,YBP,"26,031",$178.18,"1,448 mi",71,$0.1231
ICN,NCE,"26,030",$662.59,"5,494 mi",71,$0.1206
HKG,BHX,"26,021",$533.94,"5,813 mi",71,$0.0919
CAN,ADD,"26,020",$631.67,"4,844 mi",71,$0.1304
KUL,KWI,"26,001",$343.32,"3,846 mi",71,$0.0893
CKG,KTI,"25,987",$174.27,"1,311 mi",71,$0.1329
TSN,HUZ,"25,960",$149.84,"1,156 mi",71,$0.1296
HGH,PNH,"25,917",$116.23,"1,682 mi",71,$0.0691
HAN,WUX,"25,912",$100.81,"1,182 mi",71,$0.0853
SHE,ENY,"25,894",$143.21,846 mi,71,$0.1693
PVG,KRL,"25,865",$280.80,"2,158 mi",71,$0.1301
HKT,DOH,"25,860",$308.74,"3,190 mi",71,$0.0968
DPS,KDI,"25,857",$180.34,575 mi,71,$0.3136
SGN,WNZ,"25,838",$103.33,"1,452 mi",71,$0.0712
HAN,TNA,"25,832",$104.21,"1,317 mi",71,$0.0791
PEK,MSQ,"25,830",$589.38,"3,880 mi",71,$0.1519
HKG,YUL,"25,797","$1,224.04","7,961 mi",71,$0.1538
CAN,TXN,"25,793",$46.01,550 mi,71,$0.0837
HND,PER,"25,788",$725.17,"5,059 mi",71,$0.1433
DPS,DJB,"25,778",$208.29,960 mi,71,$0.2170
CGO,LFQ,"25,749",$48.51,172 mi,71,$0.2820
HAN,HFE,"25,712",$120.62,"1,044 mi",70,$0.1155
HKG,CPH,"25,698",$842.30,"5,215 mi",70,$0.1615
DPS,MCY,"25,679",$498.78,"2,686 mi",70,$0.1857
KUL,CPH,"25,673",$496.45,"5,844 mi",70,$0.0850
HND,MIA,"25,655","$1,650.53","7,680 mi",70,$0.2149
HAN,ZRH,"25,634",$534.12,"5,637 mi",70,$0.0948
CAN,BCN,"25,633",$410.05,"5,984 mi",70,$0.0685
TSN,ENY,"25,630",$94.08,444 mi,70,$0.2119
SGN,HYD,"25,624",$150.32,"1,999 mi",70,$0.0752
KUL,SFO,"25,598",$897.59,"8,217 mi",70,$0.1092
SHE,WEF,"25,591",$79.02,430 mi,70,$0.1838
CKG,WMT,"25,581",$47.85,137 mi,70,$0.3493
WUH,DYG,"25,558",$60.00,261 mi,70,$0.2299
HND,CSX,"25,557",$215.18,"1,682 mi",70,$0.1279
SHE,JHG,"25,541",$285.26,"1,949 mi",70,$0.1464
HKG,PRG,"25,509",$708.81,"5,619 mi",70,$0.1261
XMN,UYN,"25,496",$142.70,"1,037 mi",70,$0.1376
NRT,PHX,"25,476","$1,055.94","5,580 mi",70,$0.1892
DPS,PRG,"25,462",$522.41,"7,379 mi",70,$0.0708
PVG,EZE,"25,457","$1,278.76","11,816 mi",70,$0.1082
HGH,PEN,"25,456",$156.42,"2,230 mi",70,$0.0701
PVG,ATL,"25,454","$1,174.89","7,416 mi",70,$0.1584
PEK,IAH,"25,398","$1,344.93","7,395 mi",70,$0.1819
DPS,DUB,"25,382",$624.65,"8,214 mi",70,$0.0760
MNL,BLR,"25,357",$559.60,"2,990 mi",69,$0.1872
DAD,PVG,"25,337",$172.03,"1,390 mi",69,$0.1238
RGN,NYT,"25,326",$135.39,194 mi,69,$0.6979
NRT,JFK,"25,315",$823.94,"6,527 mi",69,$0.1262
SIN,BUD,"25,313",$724.05,"6,080 mi",69,$0.1191
DPS,HAM,"25,285",$493.91,"7,105 mi",69,$0.0695
ICN,SHA,"25,272",$112.62,506 mi,69,$0.2226
PKX,YIN,"25,244",$395.29,"1,766 mi",69,$0.2238
DPS,MIA,"25,242",$848.07,"11,208 mi",69,$0.0757
SHE,DAT,"25,233",$77.07,518 mi,69,$0.1488
KHH,NKG,"25,212",$178.34,621 mi,69,$0.2872
SGN,OSL,"25,174",$348.29,"5,586 mi",69,$0.0624
HKG,BCD,"25,141",$61.40,968 mi,69,$0.0634
ICN,SUB,"25,058",$367.86,"3,319 mi",69,$0.1108
ICN,ARN,"25,050",$652.22,"4,738 mi",69,$0.1377
SZX,HQQ,"25,012",$205.15,888 mi,69,$0.2310
DPS,GVA,"24,992",$614.00,"7,335 mi",68,$0.0837
WUH,WUX,"24,972",$83.79,360 mi,68,$0.2328
PVG,SCL,"24,969","$1,554.17","12,036 mi",68,$0.1291
PEK,EDI,"24,931",$482.21,"4,783 mi",68,$0.1008
URC,ZFL,"24,913",$56.60,308 mi,68,$0.1838
TPE,HEL,"24,870",$700.85,"5,080 mi",68,$0.1380
HKG,DUB,"24,865",$810.58,"5,926 mi",68,$0.1368
CKG,LFQ,"24,831",$102.55,503 mi,68,$0.2039
CGO,TEN,"24,823",$78.77,515 mi,68,$0.1530
HGH,CIH,"24,815",$110.37,610 mi,68,$0.1809
KUL,DRW,"24,799",$183.00,"2,191 mi",68,$0.0835
BKK,ATH,"24,787",$467.17,"4,779 mi",68,$0.0978
KIX,VCE,"24,786",$631.53,"5,688 mi",68,$0.1110
KNO,LOP,"24,778",$234.44,"1,517 mi",68,$0.1545
HND,TPA,"24,769","$1,041.90","7,471 mi",68,$0.1395
PKX,BCN,"24,753",$249.72,"5,662 mi",68,$0.0441
HAN,CTS,"24,707",$216.44,"2,622 mi",68,$0.0825
SZX,TXN,"24,707",$92.56,579 mi,68,$0.1599
MNL,CJU,"24,695",$261.97,"1,398 mi",68,$0.1874
PKX,ISB,"24,686",$339.65,"2,358 mi",68,$0.1440
CTU,BHY,"24,674",$120.05,728 mi,68,$0.1649
NGO,TSN,"24,672",$333.34,"1,144 mi",68,$0.2914
TPE,BER,"24,649",$827.02,"5,720 mi",68,$0.1446
TSN,NNY,"24,624",$61.37,515 mi,67,$0.1192
KIX,YTY,"24,621",$97.14,876 mi,67,$0.1109
SGN,WAW,"24,616",$428.24,"5,610 mi",67,$0.0763
KUL,LHW,"24,612",$139.51,"2,406 mi",67,$0.0580
ICN,PDX,"24,593","$1,101.97","5,117 mi",67,$0.2154
HND,KMG,"24,544",$213.57,"2,366 mi",67,$0.0903
CEB,PVG,"24,536",$171.85,"1,489 mi",67,$0.1154
BKK,AKL,"24,533",$679.95,"5,759 mi",67,$0.1181
ICN,CUN,"24,533",$642.72,"8,086 mi",67,$0.0795
CAN,WSK,"24,526",$128.99,591 mi,67,$0.2183
BKK,LHW,"24,519",$85.09,"1,635 mi",67,$0.0520
MNL,PRG,"24,496",$600.28,"5,981 mi",67,$0.1004
TPE,ATH,"24,470",$733.78,"5,708 mi",67,$0.1286
KIX,PNH,"24,467",$241.07,"2,553 mi",67,$0.0944
KUL,SJW,"24,460",$140.21,"2,511 mi",67,$0.0558
XMN,TEN,"24,458",$97.38,611 mi,67,$0.1594
SIN,LAS,"24,451","$1,769.91","9,094 mi",67,$0.1946
PVG,DDG,"24,440",$184.80,648 mi,67,$0.2852
XMN,YIH,"24,418",$75.88,564 mi,67,$0.1345
PNH,RGN,"24,397",$135.07,670 mi,67,$0.2016
BKK,DFW,"24,373",$912.79,"8,740 mi",67,$0.1044
WUH,LYG,"24,362",$46.91,394 mi,67,$0.1191
HGH,BAR,"24,358",$337.88,959 mi,67,$0.3523
PKX,DNH,"24,354",$312.67,"1,110 mi",67,$0.2817
SIN,ARN,"24,348",$861.65,"6,180 mi",67,$0.1394
HKT,WAW,"24,315",$327.91,"5,083 mi",67,$0.0645
HGH,LAX,"24,282","$1,012.01","6,377 mi",67,$0.1587
SUB,DJB,"24,276",$283.07,766 mi,67,$0.3695
SIN,WLG,"24,265",$772.29,"5,136 mi",66,$0.1504
HKG,WAW,"24,253",$600.44,"5,287 mi",66,$0.1136
PVG,BLR,"24,246",$600.43,"2,964 mi",66,$0.2026
HKG,NAN,"24,244",$764.73,"4,954 mi",66,$0.1544
CKG,JGN,"24,221",$154.70,818 mi,66,$0.1891
CGO,HLD,"24,186",$120.93,"1,092 mi",66,$0.1107
MNL,SVO,"24,164",$297.83,"5,298 mi",66,$0.0562
KUL,DMM,"24,146",$373.37,"3,689 mi",66,$0.1012
HKT,OSL,"24,137",$396.88,"5,805 mi",66,$0.0684
KIX,JFK,"24,109","$1,060.40","7,139 mi",66,$0.1485
KHH,TFU,"24,105",$188.93,"1,084 mi",66,$0.1743
ICN,BNA,"24,096","$1,030.62","6,719 mi",66,$0.1534
HKT,UBP,"24,082",$80.46,644 mi,66,$0.1249
XMN,BAV,"24,080",$345.66,"1,238 mi",66,$0.2792
SIN,SRG,"24,076",$171.50,747 mi,66,$0.2296
PVG,PRG,"24,073",$480.15,"5,135 mi",66,$0.0935
PVG,LIS,"24,072",$736.39,"6,868 mi",66,$0.1072
CAN,NQZ,"24,070",$306.46,"3,015 mi",66,$0.1016
MNL,LIS,"24,030",$737.60,"7,775 mi",66,$0.0949
DPS,JNB,"24,030",$490.15,"5,590 mi",66,$0.0877
PVG,MAA,"24,020",$488.19,"3,010 mi",66,$0.1622
PVG,ADL,"23,990",$647.23,"4,835 mi",66,$0.1339
HGH,VTE,"23,973",$67.53,"1,364 mi",66,$0.0495
SGN,YUL,"23,973",$600.20,"8,291 mi",66,$0.0724
KIX,MAN,"23,972",$757.50,"5,683 mi",66,$0.1333
SGN,PDX,"23,939",$732.62,"7,710 mi",66,$0.0950
SZX,BUD,"23,905",$283.97,"5,125 mi",65,$0.0554
KUL,BGW,"23,891",$456.74,"4,130 mi",65,$0.1106
SHE,JXA,"23,854",$73.04,475 mi,65,$0.1538
DPS,LIS,"23,852",$894.16,"8,680 mi",65,$0.1030
MNL,DAC,"23,799",$396.49,"2,031 mi",65,$0.1952
NGO,ASJ,"23,788",$132.85,591 mi,65,$0.2248
CGO,XIC,"23,782",$141.48,847 mi,65,$0.1670
PVG,ALG,"23,779",$626.30,"6,106 mi",65,$0.1026
MNL,BUD,"23,726",$524.64,"5,836 mi",65,$0.0899
NGO,AOJ,"23,717",$139.15,444 mi,65,$0.3134
SZX,SYD,"23,692",$352.87,"4,478 mi",65,$0.0788
CAN,WNH,"23,688",$130.53,552 mi,65,$0.2365
MNL,WAW,"23,678",$506.99,"5,670 mi",65,$0.0894
SGN,KHN,"23,675",$97.10,"1,342 mi",65,$0.0724
KUL,SRG,"23,656",$116.97,925 mi,65,$0.1265
DPS,DOH,"23,653",$409.15,"4,728 mi",65,$0.0865
PEK,TLV,"23,650",$811.39,"4,304 mi",65,$0.1885
SHE,PUS,"23,631",$119.14,551 mi,65,$0.2162
USM,UTP,"23,618",$139.50,218 mi,65,$0.6399
HND,BNA,"23,581","$1,509.83","6,454 mi",65,$0.2339
CTU,ZAT,"23,576",$57.95,232 mi,65,$0.2498
HKT,GVA,"23,575",$425.65,"5,740 mi",65,$0.0742
PKX,NZH,"23,550",$93.64,717 mi,65,$0.1306
MNL,ADL,"23,511",$463.73,"3,713 mi",64,$0.1249
HGH,DAC,"23,509",$138.22,"1,951 mi",64,$0.0708
PVG,OSL,"23,507",$529.63,"5,170 mi",64,$0.1024
WUH,SFO,"23,499",$626.18,"6,658 mi",64,$0.0940
KUL,DUB,"23,493",$480.32,"6,591 mi",64,$0.0729
ICN,MDG,"23,481",$107.03,529 mi,64,$0.2023
HAN,QYG,"23,465",$436.16,"5,307 mi",64,$0.0822
CTU,WEH,"23,450",$143.97,"1,107 mi",64,$0.1301
KIX,PRG,"23,426",$676.34,"5,410 mi",64,$0.1250
BKK,HNL,"23,422",$694.52,"6,385 mi",64,$0.1088
BKK,YNT,"23,421",$111.80,"2,009 mi",64,$0.0556
HKG,CJJ,"23,405",$158.82,"1,324 mi",64,$0.1200
DAD,LHR,"23,402",$589.19,"6,304 mi",64,$0.0935
PEK,CKY,"23,360","$1,478.45","7,993 mi",64,$0.1850
SIN,EDI,"23,343",$807.56,"6,600 mi",64,$0.1224
SIN,CAI,"23,298",$501.91,"5,287 mi",64,$0.0949
URC,WDS,"23,292",$192.11,"1,529 mi",64,$0.1256
BKK,LPT,"23,280",$85.98,337 mi,64,$0.2551
DPS,RUH,"23,256",$590.89,"5,313 mi",64,$0.1112
PEK,YUL,"23,236",$930.92,"6,686 mi",64,$0.1392
KIX,HEL,"23,233",$725.66,"4,948 mi",64,$0.1467
PVG,TLV,"23,210",$966.58,"5,107 mi",64,$0.1893
HND,KOA,"23,192",$567.94,"4,127 mi",64,$0.1376
HKG,DAC,"23,185",$421.08,"1,542 mi",64,$0.2731
ICN,USM,"23,181",$341.61,"2,458 mi",64,$0.1390
PKX,GRU,"23,157","$1,294.71","11,269 mi",63,$0.1149
PVG,DUB,"23,148",$781.79,"5,993 mi",63,$0.1305
NRT,ILO,"23,119",$78.88,"1,993 mi",63,$0.0396
CGK,SFO,"23,099","$1,336.04","8,934 mi",63,$0.1495
SIN,KBR,"23,098",$65.84,341 mi,63,$0.1931
PVG,WNH,"23,087",$130.76,"1,228 mi",63,$0.1065
BWN,NRT,"23,085",$344.11,"2,755 mi",63,$0.1249
SGN,KOS,"23,026",$104.00,211 mi,63,$0.4929
NRT,PPT,"23,012",$868.39,"6,044 mi",63,$0.1437
HND,WAW,"23,012",$848.03,"5,185 mi",63,$0.1636
NGO,RMQ,"22,999",$106.61,"1,250 mi",63,$0.0853
HKG,HLD,"22,948",$184.81,"1,829 mi",63,$0.1010
ICN,MIA,"22,943","$1,243.81","7,965 mi",63,$0.1562
NRT,SPN,"22,937",$227.65,"1,420 mi",63,$0.1603
CKG,CDG,"22,931",$364.91,"5,435 mi",63,$0.0671
CTU,GYU,"22,930",$78.87,390 mi,63,$0.2022
BKK,HET,"22,928",$83.74,"1,932 mi",63,$0.0433
TPE,OIT,"22,921",$111.91,832 mi,63,$0.1345
HND,BLR,"22,914",$824.23,"4,004 mi",63,$0.2059
DPS,XMN,"22,913",$267.33,"2,378 mi",63,$0.1124
HKG,HAM,"22,897","$1,219.20","5,361 mi",63,$0.2274
DPS,BKI,"22,893",$122.63,986 mi,63,$0.1244
PVG,ZQZ,"22,891",$166.03,789 mi,63,$0.2104
HND,DUB,"22,890","$1,282.50","5,783 mi",63,$0.2218
MNL,TWT,"22,876",$37.91,680 mi,63,$0.0558
TSN,SHS,"22,876",$126.91,650 mi,63,$0.1952
HAN,FCO,"22,833",$452.21,"5,266 mi",63,$0.0859
PEK,LIJ,"22,833",$293.55,805 mi,63,$0.3647
HKT,BNE,"22,822",$458.50,"4,539 mi",63,$0.1010
CKG,MAD,"22,814",$270.17,"6,021 mi",63,$0.0449
DAD,HND,"22,773",$298.41,"2,294 mi",62,$0.1301
MFM,ROR,"22,730",$289.99,"1,781 mi",62,$0.1628
HKT,LAX,"22,706",$779.77,"8,405 mi",62,$0.0928
PEK,MLE,"22,690",$314.04,"3,539 mi",62,$0.0887
HGH,LIS,"22,682",$339.11,"6,470 mi",62,$0.0524
MNL,SZX,"22,678",$178.50,711 mi,62,$0.2511
CNX,HND,"22,667",$341.52,"2,821 mi",62,$0.1211
BKK,GOT,"22,656",$381.82,"5,204 mi",62,$0.0734
URC,TBS,"22,644",$275.85,"2,074 mi",62,$0.1330
SHE,TPE,"22,631",$193.12,"1,186 mi",62,$0.1628
SZX,YLX,"22,631",$92.01,243 mi,62,$0.3786
KIX,BUD,"22,615",$513.92,"5,700 mi",62,$0.0902
NGO,SHE,"22,610",$125.06,834 mi,62,$0.1500
HAN,HKT,"22,591",$135.01,"1,066 mi",62,$0.1267
MNL,CPT,"22,590",$819.49,"7,253 mi",62,$0.1130
KIX,LIS,"22,530",$680.19,"7,096 mi",62,$0.0959
SGN,BRU,"22,522",$456.36,"6,343 mi",62,$0.0719
PVG,ARN,"22,517",$623.12,"4,979 mi",62,$0.1251
SGN,MAD,"22,507",$465.07,"6,962 mi",62,$0.0668
BKK,YCU,"22,470",$104.67,"1,565 mi",62,$0.0669
PKX,MXZ,"22,449",$121.11,"1,085 mi",62,$0.1116
HAN,WNZ,"22,426",$82.78,"1,083 mi",61,$0.0764
DMK,XMN,"22,418",$22.89,"1,315 mi",61,$0.0174
HKT,BCN,"22,393",$349.94,"6,354 mi",61,$0.0551
ICN,KEF,"22,366",$700.50,"5,382 mi",61,$0.1302
NRT,HEL,"22,358",$768.30,"4,719 mi",61,$0.1628
CGO,HKT,"22,332",$84.49,"2,136 mi",61,$0.0396
SZX,ALA,"22,332",$266.40,"2,459 mi",61,$0.1083
HND,MAA,"22,284",$881.59,"3,878 mi",61,$0.2273
NGO,KTM,"22,252",$302.71,"3,136 mi",61,$0.0965
TPE,WAW,"22,228",$742.37,"5,118 mi",61,$0.1451
HGH,NZH,"22,221",$150.87,"1,386 mi",61,$0.1089
TPE,IBR,"22,217",$115.48,"1,329 mi",61,$0.0869
CGK,BLR,"22,213",$469.32,"2,466 mi",61,$0.1903
SGN,VIE,"22,201",$435.82,"5,837 mi",61,$0.0747
MFM,NNG,"22,160",$61.18,358 mi,61,$0.1709
CAN,LGW,"22,157",$360.21,"6,079 mi",61,$0.0593
HKG,CAI,"22,156",$490.40,"4,882 mi",61,$0.1005
HAN,TLV,"22,145",$895.41,"4,239 mi",61,$0.2112
ICN,KWL,"22,141",$188.18,"1,245 mi",61,$0.1511
CAN,UBN,"22,129",$213.81,"1,764 mi",61,$0.1212
PVG,ADD,"22,123",$682.32,"5,322 mi",61,$0.1282
HKG,MIA,"22,115","$1,969.55","9,248 mi",61,$0.2130
HAN,BRU,"22,113",$413.72,"5,727 mi",61,$0.0722
PEN,BTJ,"22,099",$45.21,324 mi,61,$0.1395
HKG,CGY,"22,097",$54.55,"1,212 mi",61,$0.0450
HKT,DMM,"22,090",$164.50,"3,520 mi",61,$0.0467
HND,PEN,"22,083",$568.45,"3,167 mi",61,$0.1795
KHH,HUN,"22,083",$80.57,124 mi,61,$0.6498
TPE,HNL,"22,078",$876.78,"4,908 mi",60,$0.1786
CKG,HSN,"22,069",$186.91,914 mi,60,$0.2045
XMN,LAX,"22,051",$811.96,"7,160 mi",60,$0.1134
SGN,CAH,"22,035",$51.16,146 mi,60,$0.3504
HND,BLQ,"22,034",$997.72,"6,214 mi",60,$0.1606
SGN,CTS,"22,015",$284.30,"2,958 mi",60,$0.0961
CKG,TCZ,"22,005",$87.09,618 mi,60,$0.1409
SIN,TWU,"21,988",$74.26,966 mi,60,$0.0769
TSN,LFQ,"21,973",$86.40,363 mi,60,$0.2380
WUH,HLD,"21,968",$236.78,"1,345 mi",60,$0.1760
NGO,SHI,"21,948",$139.31,"1,012 mi",60,$0.1377
HKT,SHE,"21,936",$79.11,"2,863 mi",60,$0.0276
SZX,BRU,"21,924",$336.58,"5,623 mi",60,$0.0599
PEK,AKU,"21,911",$284.15,"1,947 mi",60,$0.1459
KIX,LYI,"21,911",$95.74,926 mi,60,$0.1034
HKG,CZX,"21,900",$130.43,732 mi,60,$0.1782
DPS,YVR,"21,885",$730.92,"7,841 mi",60,$0.0932
SHE,MIG,"21,873",$139.85,"1,215 mi",60,$0.1151
DPS,DME,"21,855",$687.03,"6,411 mi",60,$0.1072
DMK,ILO,"21,852",$13.44,"1,447 mi",60,$0.0093
NRT,HAK,"21,844",$168.87,"2,181 mi",60,$0.0774
KIX,CPH,"21,811",$535.88,"5,196 mi",60,$0.1031
CGK,SYX,"21,806",$310.93,"1,749 mi",60,$0.1778
SZX,LPF,"21,799",$84.47,638 mi,60,$0.1324
PKX,YIE,"21,797",$64.87,551 mi,60,$0.1177
ICN,NBO,"21,791",$634.68,"6,060 mi",60,$0.1047
PEK,HAM,"21,755",$524.26,"4,498 mi",60,$0.1166
NRT,YNT,"21,721",$171.29,"1,048 mi",60,$0.1634
PVG,ZAT,"21,718",$131.39,"1,152 mi",60,$0.1141
DPS,BUD,"21,717",$529.84,"6,730 mi",59,$0.0787
TPE,LAS,"21,703",$961.32,"6,632 mi",59,$0.1450
SZX,CSX,"21,677",$266.83,374 mi,59,$0.7134
HND,ATH,"21,662",$932.69,"6,087 mi",59,$0.1532
BKK,AMM,"21,656",$330.16,"4,378 mi",59,$0.0754
PVG,TOY,"21,641",$149.03,988 mi,59,$0.1508
DPS,PLW,"21,639",$232.99,651 mi,59,$0.3579
KIX,LAS,"21,637",$753.14,"5,959 mi",59,$0.1264
KBV,LHR,"21,620",$477.39,"5,998 mi",59,$0.0796
SGN,DLC,"21,614",$151.44,"2,086 mi",59,$0.0726
CKG,HZA,"21,590",$111.12,632 mi,59,$0.1758
KUL,UTP,"21,589",$89.31,709 mi,59,$0.1260
PEK,OSL,"21,588",$433.99,"4,469 mi",59,$0.0971
NRT,RGN,"21,561",$409.73,"3,092 mi",59,$0.1325
TPE,GUM,"21,549",$276.74,"1,677 mi",59,$0.1650
SIN,OOL,"21,496",$714.96,"3,744 mi",59,$0.1910
SIN,UBN,"21,471",$525.34,"3,107 mi",59,$0.1691
CGO,LGW,"21,454",$340.41,"5,137 mi",59,$0.0663
SHE,HQQ,"21,446",$94.48,609 mi,59,$0.1551
HKG,MCO,"21,408","$1,352.44","8,523 mi",59,$0.1587
DPS,NCE,"21,401",$593.12,"7,304 mi",59,$0.0812
SUB,PDG,"21,375",$202.37,938 mi,59,$0.2157
HKG,SJW,"21,353",$102.52,"1,071 mi",59,$0.0957
HGH,AKU,"21,349",$304.09,"2,424 mi",58,$0.1254
PKX,CDG,"21,299",$271.70,"5,266 mi",58,$0.0516
SIN,SAN,"21,252","$1,449.71","9,132 mi",58,$0.1588
SIN,DFW,"21,249","$2,000.40","9,992 mi",58,$0.2002
ICN,THD,"21,245",$170.44,"1,802 mi",58,$0.0946
PEN,LHR,"21,239",$723.49,"6,582 mi",58,$0.1099
KIX,TYN,"21,238",$115.70,"1,242 mi",58,$0.0932
PKX,CQW,"21,237",$206.19,826 mi,58,$0.2496
PNH,SYX,"21,176",$253.66,574 mi,58,$0.4419
SZX,LZY,"21,109",$385.19,"1,331 mi",58,$0.2894
PVG,SUB,"21,106",$355.48,"2,810 mi",58,$0.1265
CEB,KUL,"21,101",$148.45,"1,662 mi",58,$0.0893
SIN,KHI,"21,100",$441.94,"2,857 mi",58,$0.1547
NRT,AUH,"21,095","$1,420.75","4,875 mi",58,$0.2914
ICN,RDU,"21,065","$1,095.52","7,331 mi",58,$0.1494
CRK,MBT,"21,026",$59.52,291 mi,58,$0.2045
CRK,DOH,"21,025",$367.53,"4,345 mi",58,$0.0846
HGH,XAI,"20,979",$114.85,419 mi,57,$0.2741
MNL,DEN,"20,968",$864.50,"7,440 mi",57,$0.1162
HAN,PER,"20,965",$349.06,"3,846 mi",57,$0.0908
BKK,MRU,"20,964",$354.22,"3,869 mi",57,$0.0916
SGN,YYC,"20,955",$516.81,"7,739 mi",57,$0.0668
CEB,ORD,"20,908",$548.15,"8,546 mi",57,$0.0641
DMK,TRZ,"20,899",$118.22,"1,538 mi",57,$0.0769
SIN,GAU,"20,865",$165.71,"1,841 mi",57,$0.0900
CAN,ABV,"20,857",$509.32,"7,177 mi",57,$0.0710
CKG,YZY,"20,852",$91.42,735 mi,57,$0.1244
DVO,DXB,"20,842",$271.27,"4,635 mi",57,$0.0585
PVG,NBO,"20,833",$630.32,"5,784 mi",57,$0.1090
DPS,MCO,"20,833","$1,026.28","11,026 mi",57,$0.0931
NRT,BCD,"20,828",$122.68,"2,102 mi",57,$0.0584
ICN,DOH,"20,825",$736.70,"4,513 mi",57,$0.1632
BKK,IXB,"20,822",$98.08,"1,168 mi",57,$0.0840
CAN,CCU,"20,821",$174.43,"1,626 mi",57,$0.1073
CEB,HAN,"20,816",$107.44,"1,465 mi",57,$0.0733
CKG,CJU,"20,815",$107.56,"1,231 mi",57,$0.0874
BKK,KCH,"20,803",$146.36,"1,100 mi",57,$0.1331
SZX,YVR,"20,797",$530.05,"6,174 mi",57,$0.0859
HKT,SZX,"20,794",$123.00,"1,395 mi",57,$0.0882
BKK,DVO,"20,786",$97.70,"1,698 mi",57,$0.0575
DPS,LED,"20,765",$437.22,"6,367 mi",57,$0.0687
CGK,LIS,"20,751",$904.33,"7,629 mi",57,$0.1185
BKK,ATL,"20,746",$930.77,"9,423 mi",57,$0.0988
SGN,TSN,"20,717",$103.78,"2,125 mi",57,$0.0488
MNL,PKX,"20,681",$122.18,"1,802 mi",57,$0.0678
SUB,BKS,"20,677",$256.97,781 mi,57,$0.3290
MNL,GVA,"20,658",$843.59,"6,818 mi",57,$0.1237
SHE,LJG,"20,623",$186.34,"1,724 mi",57,$0.1081
SUB,YIA,"20,621",$72.72,196 mi,56,$0.3710
WUH,LAX,"20,596",$733.40,"7,006 mi",56,$0.1047
HND,RGN,"20,593",$579.11,"3,054 mi",56,$0.1896
SZX,LZG,"20,539",$107.86,754 mi,56,$0.1431
CAN,ABJ,"20,529",$444.48,"7,535 mi",56,$0.0590
HKG,TAC,"20,525",$42.93,"1,092 mi",56,$0.0393
PNH,TAO,"20,520",$133.11,"2,019 mi",56,$0.0659
KNO,LSW,"20,519",$51.61,167 mi,56,$0.3090
CGO,DPS,"20,519",$261.73,"3,081 mi",56,$0.0849
SHE,DZH,"20,518",$154.74,"1,116 mi",56,$0.1387
CAN,ENY,"20,499",$173.50,961 mi,56,$0.1805
HKT,AUH,"20,460",$381.21,"3,183 mi",56,$0.1198
CGK,KMG,"20,442",$251.14,"2,107 mi",56,$0.1192
PEK,DUS,"20,412",$554.11,"4,699 mi",56,$0.1179
SZX,SHF,"20,404",$203.96,"2,234 mi",56,$0.0913
SGN,DEN,"20,391",$693.58,"8,148 mi",56,$0.0851
KIX,HSG,"20,379",$107.07,306 mi,56,$0.3499
PEK,JNB,"20,360",$718.65,"7,493 mi",56,$0.0959
CGK,MKW,"20,360",$332.60,"1,981 mi",56,$0.1679
CAN,BNE,"20,348",$532.86,"4,268 mi",56,$0.1249
CNX,LHR,"20,333",$516.85,"5,769 mi",56,$0.0896
CGK,VIE,"20,322",$758.45,"6,340 mi",56,$0.1196
MNL,ATL,"20,312",$956.02,"8,972 mi",56,$0.1066
DPS,BKS,"20,290",$246.91,915 mi,56,$0.2698
CTU,BZX,"20,285",$50.40,173 mi,56,$0.2913
MFM,DLC,"20,255",$83.65,"1,291 mi",55,$0.0648
CGK,BRU,"20,249",$639.34,"6,864 mi",55,$0.0931
BKK,SYX,"20,247",$145.62,638 mi,55,$0.2282
PNH,WUH,"20,236",$114.76,"1,414 mi",55,$0.0812
HND,ADL,"20,213",$679.29,"4,725 mi",55,$0.1438
PKX,DDG,"20,210",$92.20,407 mi,55,$0.2265
DPS,CBR,"20,191",$338.15,"2,738 mi",55,$0.1235
HND,LYS,"20,180",$946.95,"5,966 mi",55,$0.1587
DPS,LGK,"20,154",$92.08,"1,534 mi",55,$0.0600
SGN,HEL,"20,131",$333.97,"5,445 mi",55,$0.0613
PEK,EWR,"20,122","$1,249.09","7,019 mi",55,$0.1780
SGN,IST,"20,121",$428.29,"4,948 mi",55,$0.0866
NRT,DUB,"20,106",$834.52,"5,780 mi",55,$0.1444
HND,IND,"20,101","$1,371.58","6,660 mi",55,$0.2059
ICN,PER,"20,099",$455.86,"4,988 mi",55,$0.0914
MFM,SHE,"20,074",$67.63,"1,420 mi",55,$0.0476
BKK,SUB,"20,051",$316.34,"1,723 mi",55,$0.1836
HND,SHE,"20,028",$171.32,"1,002 mi",55,$0.1710
XMN,LHR,"20,017",$503.58,"6,185 mi",55,$0.0814
HKG,MEX,"19,995","$1,071.84","8,529 mi",55,$0.1257
USM,BER,"19,974",$459.17,"5,385 mi",55,$0.0853
PEK,FNJ,"19,961",$81.49,472 mi,55,$0.1726
NRT,PPS,"19,951",$101.58,"2,321 mi",55,$0.0438
URC,ZYI,"19,951",$217.65,"1,608 mi",55,$0.1354
HGH,MNL,"19,949",$183.45,"1,120 mi",55,$0.1638
WUH,SVO,"19,938",$349.95,"4,108 mi",55,$0.0852
SIN,LJG,"19,924",$174.25,"1,820 mi",55,$0.0957
HKT,NQZ,"19,918",$404.38,"3,436 mi",55,$0.1177
KIX,PER,"19,884",$480.51,"4,896 mi",54,$0.0981
TPE,AUS,"19,881","$1,349.53","8,065 mi",54,$0.1673
HAN,KWE,"19,871",$52.60,362 mi,54,$0.1453
NRT,SUB,"19,861",$503.01,"3,375 mi",54,$0.1490
WUH,LLV,"19,846",$93.02,493 mi,54,$0.1887
CAN,KHI,"19,824",$352.58,"2,984 mi",54,$0.1182
DVO,ICN,"19,819",$138.41,"2,034 mi",54,$0.0680
ICN,URC,"19,806",$178.40,"2,008 mi",54,$0.0888
ICN,SAV,"19,795","$1,221.73","7,527 mi",54,$0.1623
KUL,AKL,"19,773",$675.03,"5,246 mi",54,$0.1287
CTU,DNH,"19,772",$125.12,813 mi,54,$0.1539
PVG,GOT,"19,754",$539.02,"5,230 mi",54,$0.1031
ICN,TPA,"19,734","$1,183.11","7,314 mi",54,$0.1618
XMN,DYG,"19,713",$110.14,586 mi,54,$0.1880
HKG,ARN,"19,710",$847.58,"5,253 mi",54,$0.1614
XMN,EHU,"19,709",$204.36,430 mi,54,$0.4753
SZX,WEH,"19,704",$163.51,"1,089 mi",54,$0.1501
CGO,PEN,"19,652",$140.11,"2,131 mi",54,$0.0657
HND,DOH,"19,651","$1,200.53","4,975 mi",54,$0.2413
BKK,EWR,"19,635","$1,245.63","8,925 mi",54,$0.1396
KUL,YYZ,"19,627",$930.55,"8,951 mi",54,$0.1040
PVG,MEX,"19,558","$1,325.22","7,774 mi",54,$0.1705
URC,CZX,"19,534",$257.90,"1,872 mi",54,$0.1378
CAN,NBS,"19,509",$259.07,"1,484 mi",53,$0.1746
CEB,LHR,"19,471",$600.80,"7,253 mi",53,$0.0828
KIX,ATH,"19,449",$588.19,"5,950 mi",53,$0.0989
HKG,TAE,"19,413",$153.48,"1,251 mi",53,$0.1227
HGH,BFJ,"19,383",$124.00,956 mi,53,$0.1297
SGN,TPA,"19,380",$585.86,"9,395 mi",53,$0.0624
NGO,HRB,"19,374",$109.09,955 mi,53,$0.1142
URC,AKA,"19,363",$194.90,"1,433 mi",53,$0.1360
CAN,JGS,"19,359",$144.19,264 mi,53,$0.5462
DPS,NTL,"19,352",$480.02,"2,782 mi",53,$0.1725
KIX,URC,"19,340",$220.11,"2,681 mi",53,$0.0821
CAN,CKY,"19,334",$936.77,"8,435 mi",53,$0.1111
CNX,DAD,"19,330",$64.08,656 mi,53,$0.0977
SIN,GLA,"19,320",$904.90,"6,640 mi",53,$0.1363
DPS,LYS,"19,317",$457.79,"7,844 mi",53,$0.0584
CGO,ENH,"19,298",$71.96,373 mi,53,$0.1929
NGO,LAX,"19,298",$806.12,"5,810 mi",53,$0.1387
BKK,HPH,"19,277",$129.84,650 mi,53,$0.1998
KIX,SEA,"19,259",$705.96,"5,178 mi",53,$0.1363
TSN,LYG,"19,247",$108.86,331 mi,53,$0.3289
NRT,BKI,"19,242",$322.81,"2,652 mi",53,$0.1217
PKX,CXR,"19,228",$72.89,"2,010 mi",53,$0.0363
MNL,CYP,"19,225",$107.46,300 mi,53,$0.3582
MNL,DCA,"19,200",$795.58,"8,826 mi",53,$0.0901
SZX,FCO,"19,194",$371.98,"5,920 mi",53,$0.0628
HKT,CEK,"19,188",$243.21,"3,946 mi",53,$0.0616
PVG,MRS,"19,181",$555.25,"5,734 mi",53,$0.0968
HND,KKX,"19,160",$420.00,786 mi,52,$0.5344
HKT,AER,"19,155",$245.80,"4,390 mi",52,$0.0560
HND,DAC,"19,142",$561.90,"3,130 mi",52,$0.1795
PNH,NGB,"19,136",$176.39,"1,603 mi",52,$0.1100
NRT,DUS,"19,135",$690.84,"5,972 mi",52,$0.1157
CAN,PUS,"19,129",$172.32,"1,280 mi",52,$0.1346
HND,MRS,"19,126",$862.75,"6,089 mi",52,$0.1417
CGK,CMB,"19,114",$309.40,"2,000 mi",52,$0.1547
URC,ZHY,"19,095",$111.79,"1,052 mi",52,$0.1063
CAN,DLA,"19,089",$385.33,"6,755 mi",52,$0.0570
PVG,STR,"19,085","$1,069.08","5,370 mi",52,$0.1991
TSN,DBC,"19,076",$97.11,511 mi,52,$0.1900
CKG,MXP,"19,057",$284.92,"4,979 mi",52,$0.0572
MNL,AMM,"19,025",$365.97,"5,246 mi",52,$0.0698
CGK,KBR,"19,022",$85.21,874 mi,52,$0.0975
HGH,NGO,"19,016",$113.27,974 mi,52,$0.1163
CNX,SHA,"19,014",$88.36,"1,687 mi",52,$0.0524
ICN,PXU,"19,004",$162.35,"2,037 mi",52,$0.0797
WUH,CDG,"18,997",$327.04,"5,343 mi",52,$0.0612
WUH,KHG,"18,993",$197.16,"2,155 mi",52,$0.0915
SGN,SHE,"18,982",$92.53,"2,432 mi",52,$0.0380
ICN,LHW,"18,971",$119.27,"1,221 mi",52,$0.0977
HGH,LNL,"18,964",$417.40,865 mi,52,$0.4825
CTU,CDG,"18,909",$439.22,"5,280 mi",52,$0.0832
HND,CNS,"18,899",$593.37,"3,752 mi",52,$0.1581
KIX,BER,"18,893",$702.02,"5,656 mi",52,$0.1241
DPS,TTE,"18,871",$307.22,"1,102 mi",52,$0.2788
CGK,CNX,"18,853",$183.76,"1,852 mi",52,$0.0992
HND,FLR,"18,844",$995.70,"5,892 mi",52,$0.1690
HKT,AMD,"18,834",$103.79,"2,051 mi",52,$0.0506
HAN,FOC,"18,826",$94.78,963 mi,52,$0.0984
HND,OSL,"18,825","$1,074.55","5,367 mi",52,$0.2002
HND,XMN,"18,823",$236.46,"1,542 mi",52,$0.1533
CAN,KCH,"18,817",$140.33,"1,481 mi",52,$0.0948
URC,FRU,"18,794",$216.80,673 mi,51,$0.3221
HKG,VTE,"18,790",$225.55,818 mi,51,$0.2757
CGO,HND,"18,778",$176.16,"1,421 mi",51,$0.1240
ICN,PTY,"18,777",$900.93,"8,549 mi",51,$0.1054
RGN,PUS,"18,759",$371.99,"2,450 mi",51,$0.1518
TSN,SZH,"18,739",$129.19,242 mi,51,$0.5338
PVG,BZX,"18,735",$260.05,867 mi,51,$0.2999
HGH,FCO,"18,734",$308.02,"5,855 mi",51,$0.0526
HKG,YIW,"18,722",$95.45,598 mi,51,$0.1596
CEB,JFK,"18,713",$609.10,"8,476 mi",51,$0.0719
CKG,DPS,"18,713",$238.94,"2,800 mi",51,$0.0853
NRT,KHN,"18,676",$149.95,"1,547 mi",51,$0.0969
PKX,YNT,"18,670",$155.58,286 mi,51,$0.5440
PKX,CTS,"18,670",$178.96,"1,369 mi",51,$0.1307
HKG,KWL,"18,666",$34.72,307 mi,51,$0.1131
TSN,NDG,"18,659",$112.69,671 mi,51,$0.1679
URC,JNG,"18,654",$232.90,"1,596 mi",51,$0.1459
PVG,KOJ,"18,645",$156.21,543 mi,51,$0.2877
CAN,PTY,"18,641",$601.08,"10,336 mi",51,$0.0582
CAN,JNB,"18,636",$438.85,"6,431 mi",51,$0.0682
HKG,KEF,"18,623",$860.47,"5,852 mi",51,$0.1470
TPE,BRU,"18,623",$617.21,"5,755 mi",51,$0.1072
TPE,OSL,"18,622",$801.07,"5,530 mi",51,$0.1449
PKX,YYA,"18,620",$94.39,749 mi,51,$0.1260
HKG,GES,"18,612",$52.89,"1,308 mi",51,$0.0404
SIN,PHX,"18,600","$1,763.17","8,809 mi",51,$0.2002
SHE,HLH,"18,595",$70.25,333 mi,51,$0.2110
HKG,DUS,"18,586","$1,051.53","5,548 mi",51,$0.1895
TPE,KCH,"18,577",$206.98,"1,730 mi",51,$0.1196
BKK,ITM,"18,577",$790.21,"2,527 mi",51,$0.3127
HGH,TGO,"18,553",$232.34,954 mi,51,$0.2435
CNX,UBP,"18,522",$100.39,474 mi,51,$0.2118
HKG,DNH,"18,508",$155.60,"1,714 mi",51,$0.0908
PVG,EDI,"18,502",$651.96,"5,780 mi",51,$0.1128
MNL,AGP,"18,490",$549.69,"7,207 mi",51,$0.0763
LGK,BKI,"18,484",$78.87,"1,155 mi",51,$0.0683
MNL,CMB,"18,482",$483.31,"2,747 mi",51,$0.1759
BKK,MIA,"18,480","$1,171.87","9,417 mi",51,$0.1244
KUL,CEI,"18,456",$118.67,"1,231 mi",51,$0.0964
PEK,HNL,"18,443",$542.35,"4,901 mi",51,$0.1107
ICN,LGW,"18,436",$337.57,"5,350 mi",51,$0.0631
URC,YZY,"18,427",$93.81,745 mi,50,$0.1259
SGN,MSP,"18,419",$588.97,"8,140 mi",50,$0.0724
HKG,DEN,"18,410","$1,355.47","7,249 mi",50,$0.1870
ICN,MAN,"18,409",$688.86,"5,618 mi",50,$0.1226
SGN,PRG,"18,408",$383.21,"5,924 mi",50,$0.0647
KIX,SWA,"18,398",$111.55,"1,388 mi",50,$0.0804
HAN,BNE,"18,388",$459.44,"4,474 mi",50,$0.1027
SUB,TKG,"18,384",$177.40,559 mi,50,$0.3174
MNL,MAA,"18,383",$494.11,"2,657 mi",50,$0.1860
HKT,EDI,"18,381",$379.19,"6,013 mi",50,$0.0631
DPS,XIY,"18,378",$231.67,"2,924 mi",50,$0.0792
SZX,HDG,"18,375",$193.52,989 mi,50,$0.1957
DPS,KCH,"18,374",$141.47,804 mi,50,$0.1760
HKG,SCL,"18,357","$1,900.13","11,968 mi",50,$0.1588
URC,LYI,"18,338",$230.74,"1,799 mi",50,$0.1283
SIN,ITM,"18,328",$585.59,"2,978 mi",50,$0.1966
CKG,SEA,"18,318",$554.02,"6,488 mi",50,$0.0854
CAN,MLE,"18,316",$282.58,"3,053 mi",50,$0.0926
HAN,MAN,"18,311",$515.76,"5,924 mi",50,$0.0871
CGK,NNG,"18,300",$254.15,"1,928 mi",50,$0.1318
HKT,AMM,"18,298",$235.77,"4,430 mi",50,$0.0532
CEB,YYZ,"18,297",$605.13,"8,675 mi",50,$0.0698
CGK,YVR,"18,275","$1,034.99","8,539 mi",50,$0.1212
SIN,MCT,"18,272",$555.07,"3,318 mi",50,$0.1673
KIX,SHA,"18,265",$137.54,862 mi,50,$0.1596
SHE,LHR,"18,262",$219.33,"5,332 mi",50,$0.0411
CEB,SWL,"18,260",$110.01,330 mi,50,$0.3334
BKK,AGP,"18,254",$395.64,"6,276 mi",50,$0.0630
CAN,FBM,"18,253",$662.44,"6,459 mi",50,$0.1026
CKG,HSC,"18,233",$103.24,529 mi,50,$0.1952
HKG,DOH,"18,221",$740.84,"4,026 mi",50,$0.1840
BKK,TLS,"18,209",$481.63,"5,844 mi",50,$0.0824
KUL,TUN,"18,198",$337.36,"6,373 mi",50,$0.0529
BWN,HKG,"18,191",$215.68,"1,166 mi",50,$0.1850
SGN,HFE,"18,184",$102.80,"1,652 mi",50,$0.0622
PVG,CJJ,"18,182",$110.61,490 mi,50,$0.2257
HKG,TAG,"18,177",$57.51,"1,061 mi",50,$0.0542
CGK,TSN,"18,162",$354.51,"3,296 mi",50,$0.1076
BKK,DEN,"18,160",$960.89,"8,140 mi",50,$0.1180
BKK,BLQ,"18,149",$515.32,"5,366 mi",50,$0.0960
KUL,TKG,"18,149",$77.37,619 mi,50,$0.1250
HND,CJU,"18,130",$300.37,746 mi,50,$0.4026
ICN,HAM,"18,125",$804.69,"4,941 mi",50,$0.1629
HKT,JFK,"18,118",$861.88,"9,301 mi",50,$0.0927
HND,OKE,"18,116",$275.64,885 mi,50,$0.3115
KUL,WAW,"18,115",$508.96,"5,507 mi",50,$0.0924
ICN,LIM,"18,098","$1,282.64","10,458 mi",50,$0.1226
BKK,MSP,"18,093",$769.53,"8,545 mi",50,$0.0901
URC,JHG,"18,080",$180.00,"1,644 mi",50,$0.1095
PNH,LHE,"18,078",$445.04,"2,450 mi",50,$0.1816
PVG,DOH,"18,074",$619.93,"4,350 mi",50,$0.1425
SIN,LBJ,"18,074",$248.72,"1,250 mi",50,$0.1990
KIX,LHW,"18,068",$114.70,"1,830 mi",50,$0.0627
NRT,YEG,"18,067",$616.05,"5,013 mi",49,$0.1229
NGO,YNT,"18,066",$111.94,928 mi,49,$0.1206
SIN,CBR,"18,050",$885.68,"3,976 mi",49,$0.2228
CGK,NGB,"18,044",$301.26,"2,751 mi",49,$0.1095
BWN,TPE,"18,032",$214.54,"1,408 mi",49,$0.1524
HGH,IST,"18,029",$318.06,"5,107 mi",49,$0.0623
HKG,HYD,"18,016",$325.91,"2,398 mi",49,$0.1359
DPS,LST,"17,985",$303.57,"2,901 mi",49,$0.1046
CRK,YYZ,"17,963",$608.82,"7,929 mi",49,$0.0768
PKX,NBO,"17,962",$533.77,"5,889 mi",49,$0.0906
DPS,WUH,"17,961",$207.47,"2,814 mi",49,$0.0737
CTU,YYA,"17,953",$153.32,582 mi,49,$0.2634
SIN,VCE,"17,944",$599.11,"6,043 mi",49,$0.0991
URC,SVO,"17,943",$241.97,"2,387 mi",49,$0.1014
KNO,BKI,"17,937",$86.29,"1,157 mi",49,$0.0746
HKG,BUD,"17,911",$610.09,"5,463 mi",49,$0.1117
DPS,SZX,"17,910",$253.06,"2,105 mi",49,$0.1202
TPE,MAA,"17,882",$441.28,"2,880 mi",49,$0.1532
SHE,SHF,"17,876",$237.16,"1,941 mi",49,$0.1222
TPE,SAN,"17,865","$1,161.12","6,686 mi",49,$0.1737
CGO,SYD,"17,858",$338.57,"5,153 mi",49,$0.0657
PVG,LXA,"17,856",$409.19,"1,898 mi",49,$0.2156
HKT,WUH,"17,855",$125.18,"1,929 mi",49,$0.0649
PEN,MYY,"17,840",$57.22,918 mi,49,$0.0623
ICN,JMU,"17,826",$140.07,699 mi,49,$0.2004
PKX,DAC,"17,824",$160.37,"1,806 mi",49,$0.0888
PKX,GYU,"17,818",$80.25,623 mi,49,$0.1288
PVG,TAS,"17,801",$261.65,"2,875 mi",49,$0.0910
DPS,PKY,"17,799",$138.38,472 mi,49,$0.2932
SIN,HNL,"17,790","$1,092.72","6,503 mi",49,$0.1680
HND,PHL,"17,777","$1,419.83","6,972 mi",49,$0.2036
URC,LXA,"17,775",$267.63,996 mi,49,$0.2687
PEK,ADD,"17,774",$773.52,"5,330 mi",49,$0.1451
CKG,LAX,"17,772",$659.90,"7,360 mi",49,$0.0897
XMN,KTI,"17,771",$150.00,"1,218 mi",49,$0.1232
HKG,KCH,"17,764",$149.26,"1,503 mi",49,$0.0993
DMK,BKI,"17,762",$58.67,"1,150 mi",49,$0.0510
SZX,VIE,"17,756",$375.30,"5,547 mi",49,$0.0677
CTU,HLD,"17,748",$172.10,"1,577 mi",49,$0.1091
PEK,PEN,"17,741",$217.76,"2,530 mi",49,$0.0861
HND,PUS,"17,736",$351.23,629 mi,49,$0.5584
PNH,SHA,"17,730",$87.37,"1,770 mi",49,$0.0494
SGN,HRB,"17,703",$102.43,"2,588 mi",49,$0.0396
HGH,DZH,"17,692",$139.45,751 mi,48,$0.1857
KNO,KCH,"17,690",$80.56,830 mi,48,$0.0971
DPS,IAH,"17,688",$997.05,"9,681 mi",48,$0.1030
DPS,OSL,"17,679",$481.92,"7,441 mi",48,$0.0648
BKK,YIW,"17,661",$111.15,"1,689 mi",48,$0.0658
MNL,BER,"17,654",$589.56,"6,321 mi",48,$0.0933
CKG,MNL,"17,639",$233.04,"1,352 mi",48,$0.1724
TPE,EWR,"17,616","$1,152.38","7,552 mi",48,$0.1526
PKX,PNH,"17,601",$110.73,"1,996 mi",48,$0.0555
HND,FLL,"17,596","$1,145.50","7,667 mi",48,$0.1494
PVG,AUS,"17,586","$1,276.29","7,694 mi",48,$0.1659
URC,ZHA,"17,583",$224.55,"1,975 mi",48,$0.1137
PVG,HAJ,"17,565",$999.62,"5,526 mi",48,$0.1809
DPS,KTM,"17,564",$300.90,"3,307 mi",48,$0.0910
SIN,CEI,"17,558",$64.96,"1,353 mi",48,$0.0480
HKT,BAH,"17,556",$181.92,"3,262 mi",48,$0.0558
PVG,MIA,"17,526","$1,345.39","7,994 mi",48,$0.1683
HND,OKI,"17,516",$260.05,375 mi,48,$0.6935
PNH,FOC,"17,509",$129.57,"1,428 mi",48,$0.0907
PVG,SQJ,"17,506",$97.96,393 mi,48,$0.2493
NRT,PQC,"17,504",$231.05,"2,971 mi",48,$0.0778
KIX,WAW,"17,476",$649.79,"5,423 mi",48,$0.1198
PKX,PQC,"17,475",$143.35,"2,231 mi",48,$0.0643
PVG,BLQ,"17,465",$660.07,"5,457 mi",48,$0.1210
DPS,DTB,"17,465",$193.64,"1,309 mi",48,$0.1479
CGO,LAX,"17,449",$595.00,"6,822 mi",48,$0.0872
CKG,LYI,"17,449",$152.13,801 mi,48,$0.1899
URC,NAO,"17,444",$163.36,"1,322 mi",48,$0.1236
ICN,ADL,"17,438",$595.37,"5,215 mi",48,$0.1142
TPE,BOM,"17,429",$430.15,"3,015 mi",48,$0.1427
HND,DEN,"17,428","$1,492.26","5,634 mi",48,$0.2649
PVG,NCE,"17,425",$967.47,"5,649 mi",48,$0.1713
BKK,LAS,"17,410",$774.66,"8,028 mi",48,$0.0965
CKG,WGN,"17,410",$191.54,307 mi,48,$0.6239
NRT,CXR,"17,403",$218.37,"2,619 mi",48,$0.0834
CTU,YNT,"17,398",$138.31,"1,055 mi",48,$0.1311
PEK,LIS,"17,392",$643.13,"6,180 mi",48,$0.1041
CKG,CMB,"17,388",$164.69,"2,263 mi",48,$0.0728
WUH,JNG,"17,380",$33.91,355 mi,48,$0.0955
KIX,GVA,"17,376",$762.02,"5,846 mi",48,$0.1303
PKX,MDG,"17,374",$267.80,735 mi,48,$0.3644
PEN,KTM,"17,374",$201.80,"1,777 mi",48,$0.1136
BKK,OTP,"17,373",$493.88,"4,950 mi",48,$0.0998
KUL,DUS,"17,373",$429.83,"6,471 mi",48,$0.0664
TPE,DEN,"17,371","$1,192.45","6,852 mi",48,$0.1740
ICN,LGA,"17,333",$974.99,"6,673 mi",47,$0.1461
KHH,SDJ,"17,319",$132.19,"1,673 mi",47,$0.0790
HAN,PEN,"17,317",$229.22,"1,196 mi",47,$0.1917
BKK,VCL,"17,312",$115.11,561 mi,47,$0.2052
HAN,ADL,"17,296",$487.11,"4,301 mi",47,$0.1133
KIX,SAI,"17,296",$232.38,"2,496 mi",47,$0.0931
SZX,VTE,"17,288",$58.03,820 mi,47,$0.0708
DPS,WLG,"17,280",$490.20,"4,128 mi",47,$0.1188
SIN,SJW,"17,276",$152.38,"2,719 mi",47,$0.0560
BKK,NCL,"17,243",$496.99,"6,103 mi",47,$0.0814
HGH,ALG,"17,238",$522.33,"6,094 mi",47,$0.0857
SGN,HAM,"17,229",$383.36,"5,710 mi",47,$0.0671
KHH,BKI,"17,226",$117.57,"1,149 mi",47,$0.1023
NRT,VTE,"17,225",$284.19,"2,534 mi",47,$0.1122
SIN,NCE,"17,224","$1,228.31","6,296 mi",47,$0.1951
SZX,IST,"17,214",$386.51,"5,105 mi",47,$0.0757
HKG,AOJ,"17,212",$267.87,"2,072 mi",47,$0.1293
SGN,MAN,"17,207",$645.62,"6,184 mi",47,$0.1044
CNX,NKG,"17,203",$90.74,"1,574 mi",47,$0.0576
CGK,MAA,"17,182",$502.77,"2,314 mi",47,$0.2173
NRT,EZE,"17,175",$828.61,"11,710 mi",47,$0.0708
HND,RNJ,"17,172",$378.20,864 mi,47,$0.4377
SHE,DXB,"17,156",$238.99,"3,863 mi",47,$0.0619
PNH,DXB,"17,154",$442.98,"3,258 mi",47,$0.1360
CKG,CGD,"17,148",$76.92,315 mi,47,$0.2442
HGH,AKL,"17,137",$426.55,"6,001 mi",47,$0.0711
SHE,ZHA,"17,103",$286.26,"1,629 mi",47,$0.1757
CEB,NGO,"17,100",$167.88,"1,823 mi",47,$0.0921
URC,NQZ,"17,088",$176.69,919 mi,47,$0.1923
MNL,ARN,"17,084",$439.66,"5,626 mi",47,$0.0781
ICN,TBS,"17,080",$378.72,"4,306 mi",47,$0.0880
HND,MLE,"17,077",$533.83,"4,579 mi",47,$0.1166
KIX,CMB,"17,077",$416.78,"3,860 mi",47,$0.1080
NRT,WNZ,"17,074",$178.30,"1,227 mi",47,$0.1453
HND,PIT,"17,071","$1,417.03","6,798 mi",47,$0.2084
BKK,BKI,"17,057",$138.94,"1,206 mi",47,$0.1152
CAN,GYD,"17,057",$271.63,"3,694 mi",47,$0.0735
CAN,CCS,"17,047",$823.06,"10,390 mi",47,$0.0792
BKK,PHX,"17,044",$912.72,"8,787 mi",47,$0.1039
HKG,EZE,"17,041","$1,226.33","11,115 mi",47,$0.1103
SIN,DEN,"17,022","$2,115.95","8,790 mi",47,$0.2407
PEK,LIM,"16,998","$1,683.76","10,635 mi",47,$0.1583
RGN,DEL,"16,996",$193.35,"1,408 mi",47,$0.1373
DAD,YYZ,"16,986",$728.52,"8,528 mi",47,$0.0854
CGO,DOY,"16,979",$87.30,335 mi,47,$0.2606
KIX,BLR,"16,974",$477.18,"3,981 mi",47,$0.1199
HKT,UFA,"16,956",$255.51,"4,085 mi",46,$0.0625
CGO,VTE,"16,955",$72.68,"1,377 mi",46,$0.0528
NGO,NKG,"16,953",$108.52,"1,025 mi",46,$0.1059
BKK,NBO,"16,936",$623.88,"4,624 mi",46,$0.1349
KUL,CMN,"16,936",$400.98,"7,000 mi",46,$0.0573
HND,EZE,"16,930","$1,290.60","11,060 mi",46,$0.1167
CGK,MKQ,"16,930",$537.55,"2,249 mi",46,$0.2390
DMK,HFE,"16,927",$38.97,"1,671 mi",46,$0.0233
KIX,SYX,"16,920",$136.41,"1,881 mi",46,$0.0725
KIX,GRU,"16,914","$1,269.87","11,320 mi",46,$0.1122
BKK,TBS,"16,904",$324.96,"3,955 mi",46,$0.0822
CGK,DAC,"16,896",$368.19,"2,413 mi",46,$0.1526
HKT,BUD,"16,883",$232.33,"5,136 mi",46,$0.0452
MNL,MBT,"16,880",$63.06,236 mi,46,$0.2672
NRT,DOH,"16,871","$1,003.28","5,311 mi",46,$0.1889
HGH,KHH,"16,847",$126.28,513 mi,46,$0.2462
URC,TSA,"16,840",$286.88,"2,380 mi",46,$0.1205
PVG,LOS,"16,836",$664.09,"7,389 mi",46,$0.0899
ICN,JNB,"16,834",$635.97,"7,485 mi",46,$0.0850
TSN,WUT,"16,827",$57.42,245 mi,46,$0.2344
DPS,MAA,"16,823",$242.09,"2,917 mi",46,$0.0830
SIN,DME,"16,823",$569.71,"5,062 mi",46,$0.1125
KUL,YVR,"16,819",$671.18,"8,200 mi",46,$0.0819
SIN,NAN,"16,819",$901.09,"5,316 mi",46,$0.1695
HKG,KWE,"16,813",$99.59,550 mi,46,$0.1811
MNL,ANC,"16,790",$668.71,"5,468 mi",46,$0.1223
KBV,KKC,"16,789",$79.92,651 mi,46,$0.1228
CKG,BUD,"16,784",$178.10,"4,763 mi",46,$0.0374
PKX,BSR,"16,779",$612.42,"3,960 mi",46,$0.1547
CEB,FRA,"16,775",$408.18,"6,548 mi",46,$0.0623
CAN,HTN,"16,773",$282.94,"2,258 mi",46,$0.1253
ICN,PHL,"16,767",$965.91,"6,711 mi",46,$0.1439
HGH,AMM,"16,767",$465.16,"4,716 mi",46,$0.0986
TPE,PDX,"16,765","$1,191.43","5,942 mi",46,$0.2005
DMK,GAY,"16,763",$16.91,"1,226 mi",46,$0.0138
LGK,KCH,"16,762",$49.13,828 mi,46,$0.0593
DPS,JHB,"16,756",$107.55,"1,037 mi",46,$0.1037
HND,CLT,"16,738","$1,734.77","7,095 mi",46,$0.2445
SGN,MCO,"16,730",$616.79,"9,963 mi",46,$0.0619
HND,EDI,"16,720","$1,520.87","5,580 mi",46,$0.2726
MNL,ADB,"16,715",$783.65,"5,631 mi",46,$0.1392
MNL,HYD,"16,712",$518.70,"2,746 mi",46,$0.1889
CTU,LHR,"16,671",$257.53,"5,313 mi",46,$0.0485
DPS,ARN,"16,665",$489.24,"7,202 mi",46,$0.0679
BKK,HAJ,"16,655",$470.07,"5,350 mi",46,$0.0879
DPS,YYZ,"16,652",$969.13,"9,568 mi",46,$0.1013
HKT,PRG,"16,643",$377.58,"5,359 mi",46,$0.0705
CEB,MBT,"16,633",$52.86,148 mi,46,$0.3572
MFM,TYN,"16,629",$78.11,"1,047 mi",46,$0.0746
HKT,KNO,"16,612",$75.39,321 mi,46,$0.2349
SUB,MKQ,"16,576",$549.11,"1,949 mi",45,$0.2817
DAD,MEL,"16,560",$395.40,"4,276 mi",45,$0.0925
HND,CAI,"16,549",$755.50,"6,119 mi",45,$0.1235
SIN,YUL,"16,546","$1,352.66","9,474 mi",45,$0.1428
CKG,HNY,"16,528",$87.96,401 mi,45,$0.2194
NGO,AKJ,"16,527",$185.70,659 mi,45,$0.2818
MNL,BLQ,"16,512",$433.85,"6,252 mi",45,$0.0694
SUB,TMC,"16,491",$102.51,477 mi,45,$0.2149
CAN,MUC,"16,479",$379.66,"5,356 mi",45,$0.0709
DAD,FRA,"16,473",$545.31,"5,962 mi",45,$0.0915
PEN,SFO,"16,471","$1,295.54","8,651 mi",45,$0.1498
ICN,VCL,"16,461",$197.25,"1,927 mi",45,$0.1024
MNL,YXE,"16,458",$495.64,"7,233 mi",45,$0.0685
HGH,AMS,"16,455",$269.45,"5,378 mi",45,$0.0501
WUH,BPL,"16,445",$247.95,"2,036 mi",45,$0.1218
CKG,WUT,"16,439",$119.15,733 mi,45,$0.1626
HAN,YUL,"16,437",$636.86,"7,593 mi",45,$0.0839
HND,BWI,"16,435",$842.13,"6,977 mi",45,$0.1207
PEN,NKG,"16,424",$167.38,"2,121 mi",45,$0.0789
BKK,CPT,"16,421",$616.15,"6,495 mi",45,$0.0949
ICN,ITM,"16,391",$101.78,518 mi,45,$0.1965
ICN,KCH,"16,383",$287.31,"2,608 mi",45,$0.1102
HAN,IST,"16,379",$480.85,"4,470 mi",45,$0.1076
HKG,PPS,"16,376",$56.95,954 mi,45,$0.0597
XMN,SVO,"16,369",$291.84,"4,340 mi",45,$0.0672
CGK,AMM,"16,357",$538.92,"5,164 mi",45,$0.1044
HND,SCL,"16,353","$1,455.95","10,375 mi",45,$0.1403
PEN,DXB,"16,327",$394.91,"3,371 mi",45,$0.1171
PNH,LHR,"16,320",$775.39,"6,423 mi",45,$0.1207
DAD,HKT,"16,292",$115.29,838 mi,45,$0.1376
KBV,CPH,"16,281",$436.99,"5,782 mi",45,$0.0756
PVG,HJJ,"16,281",$99.35,749 mi,45,$0.1326
TSN,WXN,"16,280",$96.78,787 mi,45,$0.1230
PVG,KEF,"16,277",$609.12,"5,752 mi",45,$0.1059
PEK,ISB,"16,268",$512.61,"2,364 mi",45,$0.2168
HND,SAT,"16,265","$1,257.81","6,756 mi",45,$0.1862
SIN,HBA,"16,263",$488.44,"3,952 mi",45,$0.1236
DPS,OTP,"16,261",$539.71,"6,398 mi",45,$0.0844
ICN,TYN,"16,229",$95.97,733 mi,44,$0.1309
HND,KHH,"16,227",$266.28,"1,516 mi",44,$0.1756
MNL,MED,"16,212",$451.97,"5,429 mi",44,$0.0833
KUL,LJG,"16,206",$175.54,"1,706 mi",44,$0.1029
PNH,NKG,"16,200",$126.37,"1,707 mi",44,$0.0740
CKG,YIN,"16,173",$189.22,"1,750 mi",44,$0.1081
PVG,KZN,"16,165",$250.62,"3,694 mi",44,$0.0678
HKT,KZN,"16,155",$171.38,"4,095 mi",44,$0.0419
SIN,BCD,"16,155",$85.36,"1,415 mi",44,$0.0603
SIN,BHX,"16,150",$712.03,"7,004 mi",44,$0.1017
CGO,ACF,"16,143",$181.85,"1,876 mi",44,$0.0969
CEB,FUK,"16,142",$201.12,"1,710 mi",44,$0.1176
PVG,DMM,"16,142",$532.09,"4,165 mi",44,$0.1278
TSN,LZO,"16,140",$274.38,"1,001 mi",44,$0.2741
SGN,DUS,"16,133",$401.93,"6,238 mi",44,$0.0644
USM,CPH,"16,133",$539.39,"5,407 mi",44,$0.0998
MFM,CGQ,"16,130",$94.20,"1,610 mi",44,$0.0585
HND,KHN,"16,107",$197.64,"1,422 mi",44,$0.1390
CGK,KTI,"16,090",$227.84,"1,250 mi",44,$0.1823
BKK,INC,"16,088",$77.06,"1,789 mi",44,$0.0431
PKX,MAD,"16,086",$233.71,"5,914 mi",44,$0.0395
ICN,OTP,"16,079",$631.54,"4,759 mi",44,$0.1327
HND,BIO,"16,078",$833.91,"6,309 mi",44,$0.1322
CAN,DSN,"16,071",$234.17,"1,164 mi",44,$0.2012
HAN,DLC,"16,055",$102.13,"1,494 mi",44,$0.0684
PVG,BOG,"16,047",$866.25,"10,038 mi",44,$0.0863
HKG,NCE,"16,044","$1,521.26","6,120 mi",44,$0.2486
PEK,TBS,"16,026",$198.84,"3,521 mi",44,$0.0565
KIX,DUS,"16,019",$801.45,"5,569 mi",44,$0.1439
PEK,EZE,"16,009","$1,134.09","12,345 mi",44,$0.0919
HND,CVG,"16,007","$1,550.55","6,357 mi",44,$0.2439
CGK,DUS,"16,000",$482.05,"6,766 mi",44,$0.0712
KIX,PQC,"15,991",$167.08,"2,665 mi",44,$0.0627
BKK,THD,"15,977",$116.63,547 mi,44,$0.2132
MNL,ORF,"15,970",$765.62,"8,451 mi",44,$0.0906
SGN,BCN,"15,946",$522.46,"6,269 mi",44,$0.0833
HKG,LYI,"15,931",$83.21,949 mi,44,$0.0877
CGK,GVA,"15,931",$971.55,"7,238 mi",44,$0.1342
PEN,SBW,"15,924",$73.96,809 mi,44,$0.0914
SIN,UTH,"15,919",$66.31,"1,143 mi",44,$0.0580
HGH,MXP,"15,916",$405.98,"5,507 mi",44,$0.0737
KIX,MAA,"15,909",$558.40,"3,621 mi",44,$0.1542
PVG,RDU,"15,905","$1,225.74","7,388 mi",44,$0.1659
MNL,GRU,"15,898","$1,138.98","11,071 mi",44,$0.1029
CKG,SYD,"15,892",$332.35,"5,114 mi",44,$0.0650
PEK,TIJ,"15,886","$1,004.85","6,173 mi",44,$0.1628
HND,JNB,"15,883","$1,302.60","8,151 mi",44,$0.1598
XMN,AMS,"15,870",$504.34,"5,615 mi",43,$0.0898
BKK,HIJ,"15,868",$517.20,"2,392 mi",43,$0.2162
HKG,PTY,"15,856",$836.92,"10,392 mi",43,$0.0805
KUL,PRG,"15,854",$472.19,"5,781 mi",43,$0.0817
HAN,CZX,"15,850",$84.43,"1,169 mi",43,$0.0722
TPE,ISG,"15,837",$139.04,189 mi,43,$0.7357
KIX,AOJ,"15,832",$125.41,544 mi,43,$0.2305
SIN,DIL,"15,819",$403.68,"1,682 mi",43,$0.2400
ICN,HET,"15,812",$63.31,842 mi,43,$0.0752
KUL,BER,"15,812",$545.26,"5,812 mi",43,$0.0938
HND,LIM,"15,805","$1,585.98","9,909 mi",43,$0.1601
KNO,LKI,"15,773",$267.24,201 mi,43,$1.3296
CAN,SEA,"15,769",$581.65,"6,641 mi",43,$0.0876
MNL,SHA,"15,759",$148.62,"1,118 mi",43,$0.1329
CRK,DMM,"15,747",$343.77,"4,446 mi",43,$0.0773
HAN,SHE,"15,732",$100.64,"1,694 mi",43,$0.0594
DAD,DPS,"15,731",$165.98,"1,831 mi",43,$0.0906
DPS,SEA,"15,681",$930.43,"7,916 mi",43,$0.1175
SIN,KJT,"15,678",$150.09,605 mi,43,$0.2481
BKK,GLA,"15,658",$638.64,"6,188 mi",43,$0.1032
NRT,URC,"15,642",$411.51,"2,898 mi",43,$0.1420
HKG,DAT,"15,640",$65.10,"1,168 mi",43,$0.0557
CKG,MLE,"15,634",$251.81,"2,706 mi",43,$0.0931
PVG,NGB,"15,626",$84.45,96 mi,43,$0.8797
ICN,ILO,"15,615",$108.82,"1,801 mi",43,$0.0604
NRT,TYN,"15,614",$182.61,"1,491 mi",43,$0.1225
XMN,SYD,"15,611",$413.81,"4,449 mi",43,$0.0930
TSN,DYG,"15,611",$63.54,772 mi,43,$0.0823
ICN,PUS,"15,593",$45.36,217 mi,43,$0.2090
TPE,DLC,"15,586",$194.88,931 mi,43,$0.2093
CKG,NGO,"15,584",$158.18,"1,736 mi",43,$0.0911
HKT,NGO,"15,581",$201.37,"3,149 mi",43,$0.0639
HND,NAP,"15,574",$837.06,"6,309 mi",43,$0.1327
SZX,WGN,"15,574",$90.77,340 mi,43,$0.2670
TSN,WDS,"15,569",$71.84,560 mi,43,$0.1283
HKG,CMN,"15,561",$648.48,"7,205 mi",43,$0.0900
RGN,SNW,"15,561",$46.35,167 mi,43,$0.2775
KIX,ADL,"15,542",$548.15,"4,942 mi",43,$0.1109
ICN,HYD,"15,534",$495.87,"3,122 mi",43,$0.1588
WUH,SYD,"15,532",$377.90,"5,232 mi",43,$0.0722
KIX,DAC,"15,531",$370.95,"2,697 mi",43,$0.1375
KIX,SUB,"15,524",$358.74,"3,143 mi",43,$0.1141
KUL,BUD,"15,508",$435.34,"5,554 mi",42,$0.0784
HND,TFU,"15,500",$294.74,"2,007 mi",42,$0.1469
RGN,SHA,"15,491",$118.90,"1,920 mi",42,$0.0619
MFM,XIY,"15,489",$127.43,872 mi,42,$0.1461
MNL,ELQ,"15,478",$313.65,"5,151 mi",42,$0.0609
SUB,PGK,"15,473",$241.59,599 mi,42,$0.4033
DMK,SZB,"15,461",$88.45,726 mi,42,$0.1218
BKK,BFV,"15,436",$57.15,204 mi,42,$0.2801
CTU,BKI,"15,425",$151.48,"1,931 mi",42,$0.0784
USM,MAN,"15,425",$544.32,"6,003 mi",42,$0.0907
CAN,AKU,"15,413",$241.83,"2,335 mi",42,$0.1036
SIN,SDK,"15,383",$93.45,"1,050 mi",42,$0.0890
HAN,HAK,"15,382",$67.29,305 mi,42,$0.2206
SIN,BTU,"15,375",$63.73,616 mi,42,$0.1035
SIN,AUS,"15,374","$2,203.03","10,126 mi",42,$0.2176
SIN,MIA,"15,372","$2,344.22","10,855 mi",42,$0.2160
PKX,LAX,"15,362",$579.70,"6,084 mi",42,$0.0953
XMN,KRL,"15,355",$307.12,"2,114 mi",42,$0.1453
TPE,DYG,"15,339",$175.61,741 mi,42,$0.2370
MNL,LPA,"15,332",$699.77,"8,549 mi",42,$0.0819
KIX,MLE,"15,324",$450.66,"4,588 mi",42,$0.0982
KIX,ORD,"15,311","$1,067.56","6,687 mi",42,$0.1596
BKK,KEF,"15,297",$575.74,"6,493 mi",42,$0.0887
HND,OKD,"15,265",$330.47,514 mi,42,$0.6429
PEK,DEL,"15,262",$446.55,"2,296 mi",42,$0.1945
CTU,AKU,"15,241",$180.66,"1,463 mi",42,$0.1235
MFM,CJU,"15,215",$171.78,"1,144 mi",42,$0.1502
PVG,JED,"15,213",$602.59,"5,193 mi",42,$0.1160
CAN,AMD,"15,212",$236.10,"2,650 mi",42,$0.0891
HKG,OIT,"15,198",$230.84,"1,371 mi",42,$0.1684
HND,BNE,"15,192",$795.81,"4,567 mi",42,$0.1743
CAN,DMM,"15,175",$413.82,"4,061 mi",42,$0.1019
CAN,ADL,"15,173",$580.67,"4,487 mi",42,$0.1294
DAD,SEA,"15,173",$403.25,"7,266 mi",42,$0.0555
NRT,AUS,"15,168","$1,042.29","6,720 mi",42,$0.1551
BKK,STR,"15,168",$495.32,"5,746 mi",42,$0.0862
CEB,BPA,"15,139",$54.95,135 mi,41,$0.4070
SGN,SAN,"15,124",$565.48,"8,513 mi",41,$0.0664
KIX,CXR,"15,115",$197.22,"2,320 mi",41,$0.0850
MNL,YQR,"15,108",$484.34,"7,383 mi",41,$0.0656
HKG,CNS,"15,107",$507.83,"3,355 mi",41,$0.1514
SGN,LED,"15,100",$326.15,"4,948 mi",41,$0.0659
CAN,DSS,"15,097",$503.28,"8,420 mi",41,$0.0598
NRT,LIM,"15,080",$896.56,"9,296 mi",41,$0.0964
ICN,DUS,"15,073",$713.33,"5,145 mi",41,$0.1386
HKG,POM,"15,068",$684.29,"3,240 mi",41,$0.2112
CTU,KUL,"15,065",$137.83,"1,871 mi",41,$0.0737
DPS,MRS,"15,065",$564.85,"7,402 mi",41,$0.0763
CAN,ZHY,"15,057",$129.97,"1,059 mi",41,$0.1227
MNL,NKG,"15,051",$218.18,"1,162 mi",41,$0.1878
HND,TJH,"15,050",$153.88,289 mi,41,$0.5325
BKK,YYC,"15,046",$703.29,"7,719 mi",41,$0.0911
TPE,GVA,"15,040",$939.14,"5,877 mi",41,$0.1598
HAN,GVA,"15,035",$427.18,"5,779 mi",41,$0.0739
MNL,AHB,"15,031",$348.69,"5,316 mi",41,$0.0656
HND,DCA,"15,024","$1,525.78","6,580 mi",41,$0.2319
BKK,LYA,"15,016",$130.14,"1,675 mi",41,$0.0777
ICN,LED,"15,002",$380.88,"4,351 mi",41,$0.0875
HKG,PHX,"15,000","$1,337.76","7,314 mi",41,$0.1829
HND,LGA,"14,980","$1,114.95","6,545 mi",41,$0.1704
HKG,MYJ,"14,969",$347.64,"1,433 mi",41,$0.2426
SGN,MAA,"14,961",$272.26,"1,849 mi",41,$0.1472
PKX,CAI,"14,949",$224.56,"4,827 mi",41,$0.0465
ICN,SAT,"14,946",$846.31,"7,180 mi",41,$0.1179
HKG,SHI,"14,944",$98.45,754 mi,41,$0.1306
HKG,PDX,"14,939","$1,381.19","6,362 mi",41,$0.2171
HND,YUL,"14,933",$941.73,"6,266 mi",41,$0.1503
CGK,MYY,"14,931",$119.18,856 mi,41,$0.1392
NGO,KUH,"14,928",$242.24,711 mi,41,$0.3407
SGN,ARN,"14,921",$388.73,"5,696 mi",41,$0.0682
PEN,WUH,"14,918",$126.96,"2,039 mi",41,$0.0623
NRT,RUH,"14,917","$1,361.39","5,261 mi",41,$0.2588
MNL,ROR,"14,915",$456.95,"1,072 mi",41,$0.4263
TSN,YTY,"14,910",$61.12,486 mi,41,$0.1258
USM,MXP,"14,908",$504.88,"5,986 mi",41,$0.0843
CKG,WEH,"14,902",$126.45,"1,003 mi",41,$0.1261
KBV,ARN,"14,901",$449.73,"5,587 mi",41,$0.0805
HND,TLS,"14,873",$949.86,"6,564 mi",41,$0.1447
ICN,OSL,"14,873",$665.56,"4,622 mi",41,$0.1440
NRT,NCE,"14,864",$758.84,"6,396 mi",41,$0.1186
KUL,IAH,"14,854","$1,645.92","9,613 mi",41,$0.1712
HND,ORF,"14,853","$1,024.04","7,132 mi",41,$0.1436
NRT,YZF,"14,853",$654.31,"4,367 mi",41,$0.1498
ICN,DUB,"14,850",$767.45,"5,384 mi",41,$0.1425
SGN,GVA,"14,846",$529.06,"5,989 mi",41,$0.0883
PEK,ABV,"14,844",$601.88,"7,015 mi",41,$0.0858
MNL,VCE,"14,808",$583.39,"6,561 mi",41,$0.0889
SZX,AKL,"14,806",$435.38,"5,547 mi",41,$0.0785
HND,WNZ,"14,792",$244.96,"1,191 mi",41,$0.2057
SIN,MEX,"14,789","$1,499.21","10,622 mi",41,$0.1411
HND,OGG,"14,765",$612.10,"3,827 mi",40,$0.1599
WUH,DZH,"14,761",$117.50,390 mi,40,$0.3013
CRK,LHR,"14,760",$523.60,"6,435 mi",40,$0.0814
PKX,LOS,"14,747",$675.99,"7,341 mi",40,$0.0921
PVG,RGN,"14,737",$231.94,"1,831 mi",40,$0.1267
KUL,YNT,"14,734",$198.65,"2,622 mi",40,$0.0758
CGK,BIK,"14,731",$451.78,"1,996 mi",40,$0.2263
HKG,ZAM,"14,726",$65.87,"1,157 mi",40,$0.0569
KUL,OSL,"14,726",$504.55,"6,257 mi",40,$0.0806
PVG,LIM,"14,723","$1,586.13","10,328 mi",40,$0.1536
CNX,KHH,"14,710",$164.60,"1,448 mi",40,$0.1137
NRT,NNG,"14,705",$172.60,"2,196 mi",40,$0.0786
SIN,TKG,"14,699",$73.94,477 mi,40,$0.1550
SHE,SYD,"14,698",$307.40,"5,345 mi",40,$0.0575
MNL,YOW,"14,694",$753.10,"7,927 mi",40,$0.0950
SGN,CLT,"14,691",$695.57,"9,494 mi",40,$0.0733
TPE,YGJ,"14,656",$110.91,984 mi,40,$0.1127
CEB,CDG,"14,649",$548.83,"7,232 mi",40,$0.0759
MNL,EUQ,"14,622",$71.39,274 mi,40,$0.2605
PEK,LPF,"14,611",$222.62,"1,110 mi",40,$0.2006
SIN,NCL,"14,610",$775.72,"6,959 mi",40,$0.1115
CGK,SEA,"14,606","$1,231.39","8,634 mi",40,$0.1426
PKX,FRU,"14,601",$379.02,"2,103 mi",40,$0.1802
SIN,INC,"14,600",$151.94,"2,635 mi",40,$0.0577
DPS,DAC,"14,597",$270.05,"2,720 mi",40,$0.0993
MNL,ZAG,"14,592",$456.67,"6,012 mi",40,$0.0760
NRT,CHC,"14,591",$708.89,"6,012 mi",40,$0.1179
NRT,HYD,"14,580",$565.96,"3,853 mi",40,$0.1469
CAN,BER,"14,577",$289.73,"5,504 mi",40,$0.0526
HKG,OSL,"14,573",$688.31,"5,469 mi",40,$0.1259
DAD,PEK,"14,571",$232.44,"1,787 mi",40,$0.1301
KIX,RGN,"14,547",$390.96,"2,778 mi",40,$0.1407
PNH,HAK,"14,543",$203.53,710 mi,40,$0.2867
NRT,HAM,"14,541",$746.72,"5,419 mi",40,$0.1378
CAN,ATH,"14,527",$562.67,"5,365 mi",40,$0.1049
SIN,ZAG,"14,510",$436.15,"5,869 mi",40,$0.0743
HKG,NTG,"14,502",$102.70,778 mi,40,$0.1320
HKT,SHA,"14,488",$115.43,"2,243 mi",40,$0.0515
HGH,GRU,"14,485","$1,161.25","11,158 mi",40,$0.1041
HKG,VCE,"14,485",$882.53,"5,829 mi",40,$0.1514
HKT,OTP,"14,481",$387.30,"5,100 mi",40,$0.0759
PVG,PQC,"14,474",$137.90,"1,900 mi",40,$0.0726
DPS,CAI,"14,473",$433.52,"6,337 mi",40,$0.0684
SIN,DMM,"14,456",$885.85,"4,107 mi",40,$0.2157
HKT,PHS,"14,444",$79.47,596 mi,40,$0.1333
SIN,MCO,"14,414","$2,056.20","10,658 mi",39,$0.1929
TPE,ILO,"14,412",$31.59,"1,018 mi",39,$0.0310
CGK,SBW,"14,409",$92.31,665 mi,39,$0.1388
MNL,DUS,"14,409",$541.80,"6,236 mi",39,$0.0869
HKG,GLA,"14,407",$752.64,"5,772 mi",39,$0.1304
BKK,LYG,"14,400",$142.27,"1,893 mi",39,$0.0752
PKX,YUS,"14,390",$118.15,"1,133 mi",39,$0.1043
CAN,LUN,"14,382",$695.82,"6,129 mi",39,$0.1135
CNX,SNO,"14,378",$117.65,345 mi,39,$0.3410
CGO,XIL,"14,370",$116.74,639 mi,39,$0.1827
CAN,BRU,"14,364",$223.40,"5,564 mi",39,$0.0402
TSN,JUZ,"14,364",$128.54,686 mi,39,$0.1874
USM,HAM,"14,363",$397.96,"5,520 mi",39,$0.0721
CGK,CPH,"14,361",$854.20,"6,925 mi",39,$0.1234
SHE,YYZ,"14,360",$672.16,"6,179 mi",39,$0.1088
PVG,KCH,"14,346",$204.60,"2,247 mi",39,$0.0911
HKG,ATL,"14,346","$1,449.07","8,135 mi",39,$0.1781
PEN,TWU,"14,334",$100.59,"1,193 mi",39,$0.0843
HKG,SRG,"14,331",$241.73,"1,976 mi",39,$0.1223
BKK,CMN,"14,310",$493.92,"6,916 mi",39,$0.0714
SHE,KHG,"14,302",$286.21,"2,537 mi",39,$0.1128
HND,MLA,"14,266",$629.99,"6,187 mi",39,$0.1018
HKG,NCL,"14,265",$694.41,"5,716 mi",39,$0.1215
CGK,SHE,"14,254",$309.41,"3,363 mi",39,$0.0920
PVG,KIJ,"14,243",$150.59,"1,057 mi",39,$0.1425
URC,YTY,"14,236",$205.45,"1,845 mi",39,$0.1114
ICN,UIH,"14,233",$223.93,"2,003 mi",39,$0.1118
CGO,MEL,"14,215",$303.39,"5,531 mi",39,$0.0549
TPE,ATL,"14,212","$1,057.05","7,802 mi",39,$0.1355
PNH,SFO,"14,209",$502.50,"7,632 mi",39,$0.0658
SIN,CGY,"14,207",$99.22,"1,449 mi",39,$0.0685
MNL,BRE,"14,206",$541.34,"6,486 mi",39,$0.0835
BKK,NST,"14,191",$65.98,349 mi,39,$0.1891
HKT,HRB,"14,183",$104.63,"2,987 mi",39,$0.0350
HKT,BKI,"14,174",$89.42,"1,263 mi",39,$0.0708
HKG,HET,"14,173",$137.18,"1,326 mi",39,$0.1035
ICN,YEG,"14,168",$579.78,"5,370 mi",39,$0.1080
DVO,TPE,"14,167",$78.18,"1,236 mi",39,$0.0633
HKG,NGS,"14,167",$392.77,"1,184 mi",39,$0.3317
CGK,ADL,"14,159",$493.89,"2,757 mi",39,$0.1791
CAN,MAA,"14,156",$285.19,"2,351 mi",39,$0.1213
WUH,NAO,"14,134",$233.95,492 mi,39,$0.4755
PVG,CXR,"14,131",$150.67,"1,593 mi",39,$0.0946
DMK,SYD,"14,130",$210.26,"4,546 mi",39,$0.0463
PKX,YYZ,"14,121",$712.97,"6,800 mi",39,$0.1048
DAD,SYD,"14,118",$440.78,"4,597 mi",39,$0.0959
HKT,NCE,"14,115",$433.38,"6,063 mi",39,$0.0715
PEK,OTP,"14,107",$499.34,"4,513 mi",39,$0.1106
TSN,NAO,"14,107",$116.61,829 mi,39,$0.1407
HND,CGQ,"14,103",$187.47,975 mi,39,$0.1923
CTU,FUK,"14,099",$211.36,"1,608 mi",39,$0.1314
PVG,SOF,"14,086",$451.49,"5,027 mi",39,$0.0898
DMK,HPH,"14,081",$82.79,606 mi,39,$0.1366
URC,BZX,"14,077",$144.77,"1,376 mi",39,$0.1052
CAN,FRU,"14,074",$281.73,"2,668 mi",39,$0.1056
PKX,ZRH,"14,074",$352.01,"5,124 mi",39,$0.0687
HGH,JFK,"14,065","$1,320.56","7,232 mi",39,$0.1826
NRT,VCA,"14,059",$277.47,"2,720 mi",39,$0.1020
WUH,WUT,"14,056",$241.93,560 mi,39,$0.4320
NGO,DEL,"14,049",$735.90,"3,590 mi",38,$0.2050
PKX,PZI,"14,046",$128.31,"1,266 mi",38,$0.1014
CGK,AHB,"14,039",$372.86,"4,813 mi",38,$0.0775
HND,TLV,"14,037","$1,009.88","5,870 mi",38,$0.1720
NRT,CZX,"14,036",$129.90,"1,174 mi",38,$0.1106
NRT,KWE,"14,034",$168.61,"2,012 mi",38,$0.0838
HKG,KNO,"14,028",$163.58,"1,686 mi",38,$0.0970
DVO,KIX,"14,027",$179.77,"2,042 mi",38,$0.0880
PVG,LYS,"14,022",$816.09,"5,641 mi",38,$0.1447
CGO,ENY,"14,015",$65.02,273 mi,38,$0.2382
USM,DUS,"13,993",$390.75,"5,670 mi",38,$0.0689
ICN,CIT,"13,983",$283.33,"3,070 mi",38,$0.0923
BKK,CGY,"13,969",$69.19,"1,595 mi",38,$0.0434
TPE,KTM,"13,967",$292.98,"2,287 mi",38,$0.1281
CKG,UCB,"13,965",$153.28,842 mi,38,$0.1820
SIN,BOI,"13,964","$1,656.48","8,715 mi",38,$0.1901
CGK,SVO,"13,962",$655.70,"5,961 mi",38,$0.1100
CTU,KGT,"13,959",$52.00,131 mi,38,$0.3969
MNL,CLT,"13,958",$930.71,"8,973 mi",38,$0.1037
HGH,MEX,"13,938",$634.02,"8,358 mi",38,$0.0759
NRT,OOL,"13,938",$625.39,"4,634 mi",38,$0.1350
CKG,BKI,"13,930",$116.05,"1,701 mi",38,$0.0682
CGO,LHR,"13,927",$301.76,"5,450 mi",38,$0.0554
BKK,BEG,"13,922",$322.54,"4,937 mi",38,$0.0653
XMN,CDG,"13,908",$464.69,"5,817 mi",38,$0.0799
NRT,ADB,"13,907",$505.08,"5,951 mi",38,$0.0849
NRT,NBO,"13,880","$1,099.99","6,813 mi",38,$0.1615
DMK,PKX,"13,867",$38.33,"2,072 mi",38,$0.0185
CGK,KWI,"13,855",$357.39,"4,456 mi",38,$0.0802
DPS,TJQ,"13,855",$189.49,637 mi,38,$0.2975
DMK,VTZ,"13,851",$98.32,"1,220 mi",38,$0.0806
HAN,DOH,"13,834",$270.83,"3,532 mi",38,$0.0767
HGH,BOM,"13,832",$326.39,"2,969 mi",38,$0.1099
PKX,DAR,"13,831",$659.43,"5,673 mi",38,$0.1162
CNX,JHG,"13,827",$62.49,242 mi,38,$0.2582
CNX,LAX,"13,827",$657.78,"8,283 mi",38,$0.0794
RGN,CCU,"13,824",$93.92,657 mi,38,$0.1430
HAN,DUB,"13,822",$673.16,"6,071 mi",38,$0.1109
BKK,MCO,"13,816",$986.86,"9,237 mi",38,$0.1068
ICN,BCD,"13,813",$86.48,"1,912 mi",38,$0.0452
NRT,MTY,"13,805","$1,224.59","6,438 mi",38,$0.1902
PEK,DAR,"13,798",$579.41,"6,042 mi",38,$0.0959
USM,DXB,"13,797",$574.92,"3,216 mi",38,$0.1788
HKG,YEG,"13,787",$787.52,"6,687 mi",38,$0.1178
DPS,DJJ,"13,780",$542.47,"1,739 mi",38,$0.3119
HGH,TBS,"13,772",$271.86,"4,036 mi",38,$0.0674
BKK,CZX,"13,765",$111.89,"1,794 mi",38,$0.0624
NRT,TNA,"13,758",$183.52,"1,250 mi",38,$0.1468
TPE,TAG,"13,751",$64.39,"1,047 mi",38,$0.0615
HGH,HLH,"13,745",$124.37,"1,073 mi",38,$0.1159
BKK,JHG,"13,741",$94.82,590 mi,38,$0.1607
TPE,LHW,"13,738",$207.59,"1,268 mi",38,$0.1637
KBV,UTH,"13,724",$93.18,712 mi,38,$0.1309
SIN,MED,"13,722",$270.31,"4,707 mi",38,$0.0574
CTU,YIW,"13,716",$239.81,995 mi,38,$0.2410
MNL,CMN,"13,709",$661.28,"7,474 mi",38,$0.0885
ICN,BSZ,"13,707",$357.96,"2,805 mi",38,$0.1276
HAN,DUS,"13,701",$337.53,"5,294 mi",38,$0.0638
NRT,ARN,"13,698",$683.00,"5,229 mi",38,$0.1306
PVG,DAC,"13,694",$247.77,"2,041 mi",38,$0.1214
HKT,FUK,"13,693",$155.13,"2,780 mi",38,$0.0558
CKG,HLD,"13,688",$195.56,"1,469 mi",38,$0.1331
PVG,AKU,"13,685",$255.94,"2,321 mi",37,$0.1103
SHE,CDG,"13,684",$350.97,"5,063 mi",37,$0.0693
SGN,LGW,"13,672",$481.22,"6,156 mi",37,$0.0782
KBV,FRA,"13,666",$353.60,"5,982 mi",37,$0.0591
CGK,BER,"13,665",$583.83,"6,485 mi",37,$0.0900
ICN,LHE,"13,656",$376.19,"3,044 mi",37,$0.1236
CTU,HKG,"13,647",$260.80,865 mi,37,$0.3015
MNL,WUH,"13,645",$185.89,"1,169 mi",37,$0.1590
URC,MSQ,"13,642",$224.95,"2,620 mi",37,$0.0859
NRT,CGY,"13,639",$169.26,"2,192 mi",37,$0.0772
MNL,LCA,"13,634",$634.16,"5,339 mi",37,$0.1188
PNH,DAC,"13,628",$283.11,"1,311 mi",37,$0.2159
SZX,LGW,"13,619",$252.91,"6,143 mi",37,$0.0412
HKT,LYS,"13,606",$430.45,"6,151 mi",37,$0.0700
MFM,HAK,"13,597",$75.43,261 mi,37,$0.2890
PKX,EHU,"13,590",$145.82,657 mi,37,$0.2219
ICN,CPT,"13,587","$1,004.85","8,229 mi",37,$0.1221
SHE,YVR,"13,585",$426.64,"5,121 mi",37,$0.0833
NRT,LHE,"13,581",$400.18,"3,846 mi",37,$0.1041
HGH,KRL,"13,581",$330.36,"1,996 mi",37,$0.1655
DPS,TAO,"13,560",$234.70,"3,227 mi",37,$0.0727
KNO,PGK,"13,555",$263.27,661 mi,37,$0.3983
CGK,MAN,"13,552",$709.45,"7,114 mi",37,$0.0997
HKT,TAO,"13,552",$90.11,"2,457 mi",37,$0.0367
CGK,DHX,"13,549",$176.03,391 mi,37,$0.4502
HND,STL,"13,532","$1,327.79","6,195 mi",37,$0.2143
KUL,DLU,"13,515",$105.35,"1,537 mi",37,$0.0685
BWN,SUB,"13,507",$214.12,890 mi,37,$0.2406
CKG,CIF,"13,507",$132.67,"1,128 mi",37,$0.1176
PVG,KHI,"13,493",$466.87,"3,228 mi",37,$0.1446
SGN,EWR,"13,491",$873.95,"8,611 mi",37,$0.1015
CGO,MNL,"13,484",$167.85,"1,497 mi",37,$0.1121
CGK,GIZ,"13,483",$338.74,"4,794 mi",37,$0.0707
KUL,PNK,"13,473",$92.94,551 mi,37,$0.1687
CAN,HRE,"13,466",$498.95,"6,046 mi",37,$0.0825
DAD,CDG,"13,462",$589.28,"6,247 mi",37,$0.0943
XMN,LXA,"13,462",$219.43,"1,653 mi",37,$0.1327
MNL,GIG,"13,437","$1,223.04","11,597 mi",37,$0.1055
NRT,TAG,"13,434",$137.22,"2,019 mi",37,$0.0680
KHH,FOC,"13,426",$156.74,243 mi,37,$0.6450
NGO,FOC,"13,425",$92.94,"1,227 mi",37,$0.0757
HKG,CCU,"13,415",$155.22,"1,575 mi",37,$0.0986
NRT,JNB,"13,413","$1,207.35","8,692 mi",37,$0.1389
PKX,AKU,"13,402",$229.12,"1,834 mi",37,$0.1249
TPE,TLV,"13,401","$1,505.56","4,967 mi",37,$0.3031
ICN,OPO,"13,395",$515.00,"6,494 mi",37,$0.0793
HKG,TNR,"13,385",$565.27,"5,467 mi",37,$0.1034
URC,KBL,"13,384",$121.69,"1,202 mi",37,$0.1012
NRT,OTP,"13,377",$633.60,"5,698 mi",37,$0.1112
HKG,YIA,"13,367",$225.04,"2,041 mi",37,$0.1103
PVG,AMD,"13,352",$454.12,"2,958 mi",37,$0.1535
HKG,KHG,"13,346",$220.74,"2,591 mi",37,$0.0852
ICN,SWA,"13,341",$114.78,"1,093 mi",37,$0.1050
XMN,HLD,"13,325",$190.44,"1,758 mi",37,$0.1083
MNL,CNS,"13,323",$415.23,"2,665 mi",37,$0.1558
BKK,KMQ,"13,322",$485.76,"2,784 mi",36,$0.1745
TSN,DOY,"13,317",$61.22,140 mi,36,$0.4373
PVG,DAR,"13,313",$726.73,"6,211 mi",36,$0.1170
HAN,YIH,"13,312",$69.83,757 mi,36,$0.0922
DAD,BLR,"13,305",$208.50,"2,107 mi",36,$0.0990
MNL,XIY,"13,298",$208.53,"1,529 mi",36,$0.1364
BKK,BCD,"13,297",$77.78,"1,471 mi",36,$0.0529
SGN,BUD,"13,287",$415.08,"5,714 mi",36,$0.0726
CKG,ZAT,"13,285",$65.93,234 mi,36,$0.2818
SGN,YIH,"13,274",$109.41,"1,440 mi",36,$0.0760
CGK,WNZ,"13,267",$306.53,"2,611 mi",36,$0.1174
BWN,SGN,"13,262",$150.17,676 mi,36,$0.2221
ICN,MCI,"13,257","$1,128.13","6,720 mi",36,$0.1679
WUH,MEL,"13,249",$352.55,"4,972 mi",36,$0.0709
PVG,DBC,"13,238",$177.43,964 mi,36,$0.1841
NRT,WLG,"13,234",$762.09,"5,928 mi",36,$0.1286
BKK,DLI,"13,227",$86.85,514 mi,36,$0.1690
SGN,KCH,"13,220",$83.78,672 mi,36,$0.1247
KIX,DUB,"13,210",$766.96,"5,766 mi",36,$0.1330
PKX,KWI,"13,203",$391.00,"3,991 mi",36,$0.0980
CKG,AEB,"13,191",$97.95,427 mi,36,$0.2294
HND,HYD,"13,179",$785.66,"4,055 mi",36,$0.1938
ICN,DCA,"13,174","$1,231.81","7,165 mi",36,$0.1719
KIX,UBN,"13,172",$256.53,"1,673 mi",36,$0.1533
CAN,MCT,"13,168",$408.96,"3,359 mi",36,$0.1218
USM,AMS,"13,165",$606.14,"5,740 mi",36,$0.1056
TSN,UCB,"13,164",$61.62,255 mi,36,$0.2416
PEN,BTH,"13,162",$157.95,380 mi,36,$0.4157
SHE,YIC,"13,157",$127.38,"1,120 mi",36,$0.1137
DPS,TSV,"13,148",$489.39,"2,167 mi",36,$0.2258
PVG,DEN,"13,129","$1,646.17","6,497 mi",36,$0.2534
SIN,PPS,"13,128",$95.24,"1,133 mi",36,$0.0841
MNL,KTI,"13,120",$230.45,"1,138 mi",36,$0.2025
DPS,ZQN,"13,111",$534.71,"3,921 mi",36,$0.1364
BKK,ONT,"13,095",$592.64,"8,036 mi",36,$0.0737
HAN,ORD,"13,093",$839.79,"8,222 mi",36,$0.1021
CGK,YYZ,"13,089","$1,231.03","10,108 mi",36,$0.1218
HND,NKG,"13,088",$459.76,"1,192 mi",36,$0.3857
HGH,RUH,"13,087",$296.93,"4,317 mi",36,$0.0688
CAN,LIJ,"13,080",$142.05,548 mi,36,$0.2592
CAN,KRL,"13,080",$236.61,"2,070 mi",36,$0.1143
PKX,IKA,"13,080",$427.66,"3,406 mi",36,$0.1256
DPS,SHE,"13,073",$251.07,"3,627 mi",36,$0.0692
HGH,HND,"13,071",$311.22,"1,144 mi",36,$0.2720
HKG,CHC,"13,066",$731.22,"5,692 mi",36,$0.1285
PVG,HEK,"13,065",$111.47,"1,385 mi",36,$0.0805
KUL,EDI,"13,063",$605.66,"6,439 mi",36,$0.0941
DVO,RXS,"13,062",$57.61,356 mi,36,$0.1618
DPS,CPT,"13,058",$756.70,"6,065 mi",36,$0.1248
ICN,EZE,"13,035","$1,039.85","12,466 mi",36,$0.0834
SHE,JFK,"13,035",$668.90,"6,450 mi",36,$0.1037
NRT,SYX,"13,030",$178.75,"2,307 mi",36,$0.0775
CNX,CTU,"13,024",$98.37,899 mi,36,$0.1094
SUB,BTJ,"13,015",$298.76,"1,448 mi",36,$0.2063
PVG,HYD,"13,013",$525.51,"2,790 mi",36,$0.1884
KUL,BHX,"13,011",$489.17,"6,430 mi",36,$0.0761
HKG,TLV,"13,001","$1,169.07","4,657 mi",36,$0.2510
PVG,PER,"12,989",$785.25,"4,244 mi",36,$0.1850
MNL,TUU,"12,982",$382.18,"5,250 mi",36,$0.0728
KNO,SGN,"12,979",$130.74,750 mi,36,$0.1743
NRT,ZQN,"12,978",$802.50,"6,032 mi",36,$0.1330
CKG,CNX,"12,976",$76.90,870 mi,36,$0.0884
CAN,ZAT,"12,971",$150.74,675 mi,36,$0.2233
SIN,ZQN,"12,965",$919.36,"4,924 mi",36,$0.1867
PEK,DAC,"12,957",$209.52,"1,832 mi",35,$0.1144
MNL,JAX,"12,956",$823.20,"8,711 mi",35,$0.0945
KUL,VTZ,"12,948",$147.11,"1,576 mi",35,$0.0933
CKG,HCZ,"12,944",$88.85,482 mi,35,$0.1843
BKK,VDH,"12,941",$87.51,484 mi,35,$0.1808
PVG,ALA,"12,935",$303.92,"2,645 mi",35,$0.1149
KIX,HUI,"12,920",$212.20,"2,047 mi",35,$0.1037
PEN,TAO,"12,920",$160.03,"2,412 mi",35,$0.0663
WUH,VTE,"12,920",$60.06,"1,113 mi",35,$0.0540
KUL,ORD,"12,909",$927.31,"9,567 mi",35,$0.0969
ICN,BOG,"12,906","$1,035.00","9,513 mi",35,$0.1088
CTU,DXB,"12,897",$304.67,"3,055 mi",35,$0.0997
TSN,ZHA,"12,896",$143.89,"1,320 mi",35,$0.1090
SGN,YEG,"12,891",$525.05,"7,636 mi",35,$0.0688
HKT,NNG,"12,890",$90.54,"1,161 mi",35,$0.0780
SIN,XNN,"12,860",$160.50,"2,360 mi",35,$0.0680
HGH,SFO,"12,859","$1,141.25","6,426 mi",35,$0.1776
CKG,KTM,"12,848",$110.02,"1,334 mi",35,$0.0825
ICN,AMM,"12,848",$455.31,"5,101 mi",35,$0.0893
PVG,MYJ,"12,841",$188.82,681 mi,35,$0.2773
PVG,YYC,"12,841",$791.78,"5,994 mi",35,$0.1321
SHE,NDG,"12,837",$45.29,375 mi,35,$0.1208
CKG,JIQ,"12,815",$50.23,128 mi,35,$0.3924
KUL,LIS,"12,810",$618.09,"7,423 mi",35,$0.0833
SIN,LHE,"12,800",$376.93,"2,755 mi",35,$0.1368
MNL,PDX,"12,791",$674.73,"6,502 mi",35,$0.1038
HND,MCI,"12,787","$1,344.24","6,394 mi",35,$0.2102
CGO,YVR,"12,778",$567.97,"5,509 mi",35,$0.1031
MNL,LAD,"12,769",$873.12,"7,326 mi",35,$0.1192
CEB,YVR,"12,766",$438.47,"6,871 mi",35,$0.0638
PEK,LAS,"12,758",$856.81,"6,046 mi",35,$0.1417
HKG,ONT,"12,757",$698.59,"7,059 mi",35,$0.0990
CKG,TGO,"12,752",$144.06,"1,321 mi",35,$0.1091
LGK,DEL,"12,736",$182.81,"2,196 mi",35,$0.0832
CEB,AMS,"12,733",$499.87,"6,617 mi",35,$0.0755
TPE,CMN,"12,731",$816.72,"6,967 mi",35,$0.1172
CTU,SVO,"12,716",$252.53,"3,496 mi",35,$0.0722
SGN,FOC,"12,709",$105.78,"1,306 mi",35,$0.0810
HKT,CPT,"12,708",$380.92,"6,127 mi",35,$0.0622
NRT,SLC,"12,700",$783.04,"5,275 mi",35,$0.1484
BWN,MAA,"12,696",$274.08,"2,506 mi",35,$0.1094
HKG,SPN,"12,692",$302.00,"2,200 mi",35,$0.1373
DAD,IAH,"12,672",$714.68,"9,158 mi",35,$0.0780
SIN,NBO,"12,659",$959.21,"4,776 mi",35,$0.2008
CAN,MEX,"12,657",$637.22,"8,497 mi",35,$0.0750
SGN,UBN,"12,642",$293.62,"2,468 mi",35,$0.1190
BKK,CXR,"12,641",$91.96,565 mi,35,$0.1628
MNL,CHC,"12,635",$511.84,"5,313 mi",35,$0.0963
CKG,CTS,"12,632",$216.16,"2,067 mi",35,$0.1046
HND,STR,"12,632","$1,533.38","6,047 mi",35,$0.2536
NRT,MIA,"12,629","$1,229.07","7,646 mi",35,$0.1607
NGO,HNA,"12,628",$111.27,408 mi,35,$0.2727
TPE,YUL,"12,619",$981.96,"7,248 mi",35,$0.1355
MFM,TSN,"12,619",$166.93,"1,230 mi",35,$0.1357
PKX,TBS,"12,618",$274.75,"3,749 mi",35,$0.0733
SZX,ZAT,"12,610",$197.60,729 mi,35,$0.2711
TSN,LAX,"12,609",$497.14,"6,069 mi",35,$0.0819
KUL,IXZ,"12,607",$77.00,896 mi,35,$0.0859
PVG,BFJ,"12,604",$111.28,989 mi,35,$0.1125
CAN,SBW,"12,599",$114.65,"1,506 mi",35,$0.0761
CNX,DPS,"12,598",$167.68,"2,133 mi",35,$0.0786
TPE,MAN,"12,596",$744.94,"5,871 mi",35,$0.1269
HAN,SEA,"12,577",$707.79,"6,626 mi",34,$0.1068
SIN,HPH,"12,567",$198.72,"1,316 mi",34,$0.1510
SGN,AUS,"12,561",$496.66,"8,899 mi",34,$0.0558
TPE,YYC,"12,552",$730.00,"6,381 mi",34,$0.1144
BWN,LHR,"12,550","$1,076.54","6,800 mi",34,$0.1583
PVG,TWU,"12,541",$144.81,"1,925 mi",34,$0.0752
DPS,TQQ,"12,517",$115.22,615 mi,34,$0.1873
SIN,IXC,"12,517",$112.06,"2,615 mi",34,$0.0429
CGK,TWU,"12,516",$108.22,"1,038 mi",34,$0.1043
HKT,CGQ,"12,516",$94.01,"2,887 mi",34,$0.0326
HKT,SFO,"12,514",$822.44,"8,579 mi",34,$0.0959
NGO,FRA,"12,495",$941.36,"5,601 mi",34,$0.1681
KUL,JNB,"12,492",$657.11,"5,125 mi",34,$0.1282
CAN,KGL,"12,486",$283.55,"6,014 mi",34,$0.0471
SGN,DUB,"12,477",$720.16,"6,328 mi",34,$0.1138
CEB,TWT,"12,473",$43.54,479 mi,34,$0.0909
HKT,DME,"12,468",$313.04,"4,478 mi",34,$0.0699
DPS,TLS,"12,460",$406.94,"8,055 mi",34,$0.0505
HKG,OOL,"12,459",$659.89,"4,242 mi",34,$0.1556
KIX,YNT,"12,459",$85.61,801 mi,34,$0.1069
CAN,WAW,"12,455",$456.66,"4,899 mi",34,$0.0932
NGO,PKX,"12,450",$81.44,"1,200 mi",34,$0.0679
CGO,MIG,"12,447",$114.22,552 mi,34,$0.2069
CGK,LHE,"12,442",$323.02,"3,258 mi",34,$0.0991
TPE,CGQ,"12,440",$167.97,"1,371 mi",34,$0.1225
MNL,ABZ,"12,437",$713.28,"6,326 mi",34,$0.1128
HKG,KMI,"12,432",$317.26,"1,224 mi",34,$0.2592
TPE,NNG,"12,432",$169.41,817 mi,34,$0.2074
HKG,SZX,"12,423",$600.39,25 mi,34,$24.0156
CKG,MEL,"12,422",$310.87,"5,428 mi",34,$0.0573
PVG,MCT,"12,412",$633.59,"3,997 mi",34,$0.1585
MNL,RDU,"12,412",$814.54,"8,460 mi",34,$0.0963
SIN,GRU,"12,411","$2,136.13","9,641 mi",34,$0.2216
KUL,INC,"12,402",$145.49,"2,550 mi",34,$0.0571
SIN,ATL,"12,402","$2,016.45","9,658 mi",34,$0.2088
HAN,SJW,"12,378",$126.95,"1,331 mi",34,$0.0954
SIN,MRS,"12,375","$1,036.51","6,790 mi",34,$0.1527
DAD,PEN,"12,370",$98.85,889 mi,34,$0.1112
HND,KWE,"12,368",$276.13,"1,977 mi",34,$0.1397
CTU,NGO,"12,367",$174.02,"1,982 mi",34,$0.0878
ICN,KNO,"12,365",$288.83,"2,829 mi",34,$0.1021
DPS,PGK,"12,363",$279.75,746 mi,34,$0.3750
SGN,TLV,"12,345",$791.36,"4,617 mi",34,$0.1714
HND,VLC,"12,344",$899.04,"6,867 mi",34,$0.1309
KIX,NCE,"12,342",$800.42,"5,944 mi",34,$0.1347
KNO,MDC,"12,331",$476.62,"1,750 mi",34,$0.2724
WUH,YVR,"12,327",$648.87,"6,058 mi",34,$0.1071
PEK,HSF,"12,325",$271.40,812 mi,34,$0.3342
KNO,KOE,"12,318",$514.01,"2,014 mi",34,$0.2552
PVG,NGS,"12,318",$118.24,475 mi,34,$0.2489
DAD,CTS,"12,296",$156.24,"2,783 mi",34,$0.0561
CAN,BAH,"12,292",$378.38,"3,778 mi",34,$0.1002
BKK,PDX,"12,289",$812.71,"7,756 mi",34,$0.1048
CGO,MXP,"12,288",$285.39,"5,042 mi",34,$0.0566
ICN,IND,"12,285","$1,136.16","6,512 mi",34,$0.1745
CGK,BNE,"12,284",$674.78,"3,480 mi",34,$0.1939
XMN,LNL,"12,279",$414.40,"1,008 mi",34,$0.4111
CGK,HFE,"12,275",$261.39,"2,802 mi",34,$0.0933
HND,OPO,"12,269",$958.35,"6,564 mi",34,$0.1460
KIX,BKI,"12,265",$161.93,"2,249 mi",34,$0.0720
KNO,BKS,"12,265",$191.74,554 mi,34,$0.3461
TPE,BCD,"12,249",$43.62,965 mi,34,$0.0452
CGK,SJW,"12,247",$317.52,"3,018 mi",34,$0.1052
PEK,NBO,"12,239",$871.15,"5,904 mi",34,$0.1476
WUH,JGN,"12,236",$137.67,"1,123 mi",34,$0.1226
CTU,LAX,"12,231",$574.02,"7,409 mi",34,$0.0775
DPS,ORD,"12,226",$976.05,"10,037 mi",33,$0.0972
HND,SMF,"12,220",$793.62,"5,297 mi",33,$0.1498
SZX,MAN,"12,218",$258.54,"6,133 mi",33,$0.0422
ICN,VDH,"12,216",$193.46,"1,776 mi",33,$0.1089
PNH,MEL,"12,216",$524.45,"4,401 mi",33,$0.1192
URC,WUX,"12,215",$299.02,"2,037 mi",33,$0.1468
RGN,MCT,"12,211",$190.03,"2,564 mi",33,$0.0741
HAN,OKA,"12,207",$190.89,"1,379 mi",33,$0.1384
MNL,NGB,"12,200",$245.43,"1,027 mi",33,$0.2390
ICN,JED,"12,196",$636.80,"5,334 mi",33,$0.1194
NRT,ALA,"12,183",$455.92,"3,233 mi",33,$0.1410
PEK,HRE,"12,179",$571.69,"6,981 mi",33,$0.0819
CGO,RUH,"12,173",$226.47,"3,890 mi",33,$0.0582
HND,SUB,"12,173",$626.51,"3,344 mi",33,$0.1874
CAN,HYD,"12,169",$336.66,"2,224 mi",33,$0.1514
CEB,HND,"12,169",$255.46,"1,947 mi",33,$0.1312
DPS,COK,"12,167",$203.11,"3,057 mi",33,$0.0664
ICN,CMH,"12,162",$959.56,"6,973 mi",33,$0.1376
HND,HRB,"12,160",$156.16,961 mi,33,$0.1625
HKG,IZO,"12,159",$251.99,"1,501 mi",33,$0.1679
SZX,AMS,"12,146",$392.57,"5,912 mi",33,$0.0664
CGK,HIJ,"12,135",$497.56,"3,186 mi",33,$0.1562
KUL,HEL,"12,107",$773.25,"5,434 mi",33,$0.1423
URC,XUZ,"12,100",$184.63,"1,771 mi",33,$0.1043
PKX,EBB,"12,098",$464.65,"6,072 mi",33,$0.0765
HAN,YIW,"12,085",$71.88,"1,082 mi",33,$0.0664
SZX,FUK,"12,083",$196.91,"1,224 mi",33,$0.1609
CGK,PRG,"12,076",$897.46,"6,848 mi",33,$0.1311
NGO,CMB,"12,066",$324.88,"4,195 mi",33,$0.0774
CAN,PER,"12,065",$270.15,"3,942 mi",33,$0.0685
CGK,KWE,"12,064",$211.63,"2,325 mi",33,$0.0910
KUL,XNN,"12,061",$132.47,"2,264 mi",33,$0.0585
PNH,NNG,"12,059",$110.23,771 mi,33,$0.1430
PVG,JRJ,"12,050",$141.17,514 mi,33,$0.2746
PNH,SHE,"12,031",$120.30,"2,436 mi",33,$0.0494
USM,BRU,"12,014",$437.16,"6,125 mi",33,$0.0714
TPE,MWX,"12,013",$147.77,728 mi,33,$0.2030
BKK,ADD,"12,004",$553.68,"4,325 mi",33,$0.1280
SZX,TGO,"12,001",$171.58,"1,477 mi",33,$0.1162
KUL,SAW,"11,998",$174.78,"5,334 mi",33,$0.0328
CNX,SGN,"11,995",$124.22,729 mi,33,$0.1704
CAN,JUH,"11,993",$81.04,558 mi,33,$0.1452
CGK,BAH,"11,991",$458.20,"4,497 mi",33,$0.1019
SGN,SJW,"11,982",$120.71,"1,902 mi",33,$0.0635
PVG,MSP,"11,981","$1,552.11","6,539 mi",33,$0.2374
SIN,MPH,"11,973",$103.29,"1,388 mi",33,$0.0744
HKG,KCZ,"11,962",$279.25,"1,387 mi",33,$0.2013
HND,CLE,"11,962","$1,164.67","6,306 mi",33,$0.1847
HGH,DEL,"11,959",$397.72,"2,517 mi",33,$0.1580
SIN,TAG,"11,958",$67.86,"1,436 mi",33,$0.0473
BKK,DLU,"11,957",$108.63,852 mi,33,$0.1275
DVO,SGN,"11,955",$73.56,"1,361 mi",33,$0.0540
CEB,SEA,"11,950",$424.28,"6,960 mi",33,$0.0610
HAN,HRB,"11,938",$94.88,"1,983 mi",33,$0.0478
PEK,JZH,"11,938",$257.74,898 mi,33,$0.2870
HKG,AMD,"11,929",$208.98,"2,702 mi",33,$0.0773
CTU,CJU,"11,927",$135.34,"1,293 mi",33,$0.1047
HAN,HEL,"11,925",$384.87,"4,780 mi",33,$0.0805
PEK,CMN,"11,919",$386.35,"6,050 mi",33,$0.0639
PVG,BPL,"11,915",$108.79,"2,392 mi",33,$0.0455
CGO,ZYI,"11,896",$68.86,587 mi,33,$0.1173
HAN,ATH,"11,890",$417.56,"4,754 mi",33,$0.0878
HKG,NBO,"11,882",$754.84,"5,586 mi",33,$0.1351
NRT,KTI,"11,880",$342.66,"2,865 mi",33,$0.1196
KNO,PKY,"11,879",$268.23,"1,151 mi",33,$0.2330
CGK,WAW,"11,869",$624.61,"6,179 mi",33,$0.1011
DMK,LGK,"11,869",$47.99,511 mi,33,$0.0939
PVG,ACC,"11,858",$630.86,"8,084 mi",32,$0.0780
PKX,MXP,"11,853",$291.14,"4,898 mi",32,$0.0594
HGH,FRA,"11,845",$378.42,"5,670 mi",32,$0.0667
DMK,KCH,"11,836",$53.81,"1,053 mi",32,$0.0511
SGN,HNL,"11,830",$514.88,"6,479 mi",32,$0.0795
ICN,BWI,"11,825",$925.78,"6,733 mi",32,$0.1375
SIN,JAI,"11,824",$103.26,"2,489 mi",32,$0.0415
SIN,TGG,"11,824",$63.01,276 mi,32,$0.2283
CKG,EHU,"11,821",$113.32,518 mi,32,$0.2188
HKG,LJG,"11,820",$159.55,883 mi,32,$0.1807
CKG,TEN,"11,809",$62.49,211 mi,32,$0.2962
ICN,VCS,"11,797",$268.78,"2,410 mi",32,$0.1115
BKK,LYI,"11,788",$123.41,"1,786 mi",32,$0.0691
DPS,AMQ,"11,779",$296.45,924 mi,32,$0.3208
XMN,KHG,"11,779",$320.09,"2,725 mi",32,$0.1175
TPE,USM,"11,778",$328.33,"1,809 mi",32,$0.1815
WUH,JFK,"11,777",$942.11,"7,251 mi",32,$0.1299
BKK,LUX,"11,775",$470.23,"5,530 mi",32,$0.0850
CAN,IKT,"11,774",$232.27,"1,988 mi",32,$0.1168
SHE,MEL,"11,767",$275.28,"5,474 mi",32,$0.0503
SIN,BAH,"11,767",$594.82,"3,816 mi",32,$0.1559
URC,YNT,"11,762",$272.41,"1,846 mi",32,$0.1476
SZX,MEL,"11,755",$253.64,"4,490 mi",32,$0.0565
NGO,WUH,"11,755",$170.42,"1,299 mi",32,$0.1312
URC,LBD,"11,745",$131.58,917 mi,32,$0.1435
HKG,SAN,"11,739","$1,305.36","7,577 mi",32,$0.1723
HKG,CPT,"11,730",$844.62,"7,575 mi",32,$0.1115
DPS,KMG,"11,728",$249.08,"2,406 mi",32,$0.1035
CGK,IPH,"11,721",$144.19,858 mi,32,$0.1681
SZX,YIN,"11,721",$339.53,"2,288 mi",32,$0.1484
BKK,ILO,"11,720",$64.16,"1,437 mi",32,$0.0446
CEB,TUG,"11,718",$27.51,513 mi,32,$0.0536
TPE,KRL,"11,716",$347.94,"2,236 mi",32,$0.1556
DPS,CHC,"11,715",$491.81,"4,311 mi",32,$0.1141
CGK,IAD,"11,712","$1,573.37","9,849 mi",32,$0.1597
PEK,HEL,"11,711",$477.86,"4,037 mi",32,$0.1184
HKT,CAI,"11,698",$212.94,"4,697 mi",32,$0.0453
HGH,BCN,"11,696",$306.60,"6,307 mi",32,$0.0486
DPS,HEL,"11,685",$443.38,"6,952 mi",32,$0.0638
PKX,FUK,"11,685",$92.75,853 mi,32,$0.1087
CAN,BEY,"11,671",$615.71,"4,807 mi",32,$0.1281
RGN,KAW,"11,670",$133.37,486 mi,32,$0.2744
HND,CMB,"11,665",$350.03,"4,120 mi",32,$0.0850
PVG,BHX,"11,662",$784.31,"5,907 mi",32,$0.1328
XMN,MEL,"11,661",$378.36,"4,774 mi",32,$0.0793
NRT,ROR,"11,649",$468.76,"1,936 mi",32,$0.2421
SUB,KCH,"11,649",$99.02,616 mi,32,$0.1607
PNH,HRB,"11,642",$114.73,"2,750 mi",32,$0.0417
XMN,JFK,"11,639","$1,112.86","8,104 mi",32,$0.1373
ICN,BLQ,"11,632",$770.19,"5,641 mi",32,$0.1365
CNX,TST,"11,612",$136.72,802 mi,32,$0.1705
URC,BSZ,"11,591",$288.09,633 mi,32,$0.4551
NRT,CMN,"11,583",$745.32,"7,014 mi",32,$0.1063
HKT,KUF,"11,578",$299.41,"4,241 mi",32,$0.0706
PVG,HMI,"11,577",$183.72,"1,791 mi",32,$0.1026
DVO,TUG,"11,570",$31.88,796 mi,32,$0.0401
DAD,ORD,"11,560",$580.60,"8,547 mi",32,$0.0679
PEK,YYC,"11,558",$977.69,"5,599 mi",32,$0.1746
NGO,CGQ,"11,554",$111.91,839 mi,32,$0.1334
LGK,LHR,"11,538",$746.39,"6,499 mi",32,$0.1148
MNL,WLG,"11,522",$504.22,"5,005 mi",32,$0.1007
HKT,ADL,"11,519",$388.24,"3,847 mi",32,$0.1009
HAN,IAD,"11,517","$1,137.13","8,522 mi",32,$0.1334
BKK,EZE,"11,502","$1,013.60","10,802 mi",32,$0.0938
TPE,KHN,"11,502",$154.11,433 mi,32,$0.3559
XMN,YVR,"11,494",$588.53,"5,920 mi",31,$0.0994
SGN,DOH,"11,492",$302.07,"3,837 mi",31,$0.0787
ICN,DME,"11,490",$465.44,"3,966 mi",31,$0.1174
DPS,GTO,"11,481",$258.79,862 mi,31,$0.3002
HND,CTA,"11,477",$652.66,"6,086 mi",31,$0.1072
SHE,BKI,"11,470",$121.17,"2,434 mi",31,$0.0498
CGO,JFK,"11,468",$752.92,"7,438 mi",31,$0.1012
NRT,MLA,"11,465",$634.05,"6,198 mi",31,$0.1023
SIN,LYI,"11,460",$141.65,"2,431 mi",31,$0.0583
KUL,YCU,"11,457",$82.60,"2,384 mi",31,$0.0346
KIX,HET,"11,451",$133.41,"1,310 mi",31,$0.1018
ICN,VII,"11,445",$173.95,"1,748 mi",31,$0.0995
HKG,CBR,"11,439",$916.32,"4,464 mi",31,$0.2053
DAD,TAS,"11,438",$287.61,"2,982 mi",31,$0.0964
PVG,LGA,"11,430",$790.26,"7,588 mi",31,$0.1041
CKG,WEF,"11,430",$150.98,839 mi,31,$0.1800
NGO,KMG,"11,425",$127.23,"2,060 mi",31,$0.0618
SIN,DRP,"11,417",$73.02,"1,620 mi",31,$0.0451
BWN,ICN,"11,410",$333.50,"2,291 mi",31,$0.1456
SZX,DAT,"11,409",$195.34,"1,216 mi",31,$0.1606
CGK,MIA,"11,396",$782.47,"11,332 mi",31,$0.0690
DAD,HGH,"11,392",$157.53,"1,212 mi",31,$0.1300
PNH,WNZ,"11,352",$128.68,"1,487 mi",31,$0.0865
PNH,BOS,"11,351",$545.27,"8,441 mi",31,$0.0646
PVG,GLA,"11,346",$891.40,"5,476 mi",31,$0.1628
KIX,PDX,"11,343",$723.12,"5,238 mi",31,$0.1381
KUL,HAM,"11,341",$570.09,"5,952 mi",31,$0.0958
SGN,OKC,"11,330",$531.06,"9,138 mi",31,$0.0581
HAN,BOS,"11,321","$1,011.19","7,797 mi",31,$0.1297
PEK,CMB,"11,320",$232.50,"3,112 mi",31,$0.0747
DVO,HAN,"11,317",$82.96,"1,595 mi",31,$0.0520
HND,RUH,"11,315",$900.31,"5,236 mi",31,$0.1719
CGK,BTU,"11,315",$99.81,752 mi,31,$0.1327
SIN,AGP,"11,301",$964.54,"7,393 mi",31,$0.1305
PKX,JRJ,"11,298",$328.85,908 mi,31,$0.3622
PVG,VLC,"11,295",$459.59,"6,502 mi",31,$0.0707
PVG,BNA,"11,289","$1,087.68","7,213 mi",31,$0.1508
NGO,CJU,"11,285",$116.48,614 mi,31,$0.1897
SIN,CXR,"11,285",$144.16,793 mi,31,$0.1818
CGK,SAW,"11,283",$286.60,"5,667 mi",31,$0.0506
TSN,HTN,"11,282",$260.00,"1,968 mi",31,$0.1321
SGN,LYS,"11,256",$369.87,"6,418 mi",31,$0.0576
CAN,ZRH,"11,254",$441.99,"5,855 mi",31,$0.0755
HKG,KKJ,"11,254",$202.16,"1,349 mi",31,$0.1499
CNX,WUH,"11,251",$86.95,"1,226 mi",31,$0.0709
KBV,TPE,"11,251",$77.19,"1,821 mi",31,$0.0424
PEN,RGN,"11,251",$90.76,824 mi,31,$0.1101
NRT,AGP,"11,247",$558.77,"7,156 mi",31,$0.0781
PKX,BNE,"11,242",$390.43,"5,035 mi",31,$0.0775
SGN,CMB,"11,236",$314.28,"1,898 mi",31,$0.1656
HKT,SNO,"11,220",$191.93,718 mi,31,$0.2673
SIN,PDX,"11,216","$1,647.77","7,884 mi",31,$0.2090
NRT,BMV,"11,207",$197.03,"2,640 mi",31,$0.0746
HKT,PEE,"11,205",$309.08,"3,983 mi",31,$0.0776
CGK,TRZ,"11,202",$322.46,"2,182 mi",31,$0.1478
DPS,AGP,"11,185",$521.64,"7,968 mi",31,$0.0655
KUL,LYI,"11,181",$161.26,"2,402 mi",31,$0.0671
TPE,VCE,"11,174",$762.71,"6,009 mi",31,$0.1269
BKK,MED,"11,166",$262.22,"4,146 mi",31,$0.0632
HKT,DLC,"11,163",$97.76,"2,650 mi",31,$0.0369
SHE,FUK,"11,151",$116.60,694 mi,31,$0.1680
PEK,ATL,"11,146",$938.91,"6,954 mi",31,$0.1350
URC,RQA,"11,146",$35.28,332 mi,31,$0.1063
KBV,CEI,"11,139",$97.93,846 mi,31,$0.1158
NRT,ATL,"11,135",$985.00,"7,041 mi",31,$0.1399
PEK,ADL,"11,133",$574.45,"5,208 mi",31,$0.1103
PKX,ALG,"11,112",$500.69,"5,846 mi",30,$0.0856
TSN,RIZ,"11,110",$22.00,271 mi,30,$0.0812
KIX,BLQ,"11,110",$745.65,"5,770 mi",30,$0.1292
HND,MSY,"11,103","$1,301.28","7,068 mi",30,$0.1841
HKG,ALA,"11,099",$350.30,"2,633 mi",30,$0.1330
PEN,BLR,"11,099",$335.77,"1,583 mi",30,$0.2121
CNX,PEN,"11,098",$91.39,963 mi,30,$0.0949
CGK,HAM,"11,097",$615.95,"6,627 mi",30,$0.0929
KUL,UTH,"11,092",$106.89,"1,044 mi",30,$0.1024
ICN,INC,"11,086",$130.16,"1,126 mi",30,$0.1156
WUH,YYZ,"11,084",$943.38,"7,435 mi",30,$0.1269
URC,CIT,"11,081",$138.44,885 mi,30,$0.1564
PEK,BOM,"11,071",$497.93,"3,049 mi",30,$0.1633
CAN,JMU,"11,069",$216.99,"1,823 mi",30,$0.1190
PEK,BNE,"11,067",$660.23,"5,376 mi",30,$0.1228
KIX,ILO,"11,059",$83.21,"1,873 mi",30,$0.0444
MNL,MRS,"11,054",$538.12,"6,547 mi",30,$0.0822
HAN,ENH,"11,048",$58.77,649 mi,30,$0.0906
BKK,BOD,"11,040",$496.67,"6,283 mi",30,$0.0790
PEK,STR,"11,040",$505.12,"5,021 mi",30,$0.1006
HGH,MXZ,"11,035",$111.27,506 mi,30,$0.2199
XMN,HMI,"11,025",$207.57,"1,934 mi",30,$0.1073
WUH,RUH,"11,023",$238.54,"4,204 mi",30,$0.0567
CNX,SZX,"11,022",$82.26,966 mi,30,$0.0852
NRT,SCL,"11,022","$1,230.77","10,343 mi",30,$0.1190
BKK,SDJ,"11,018",$214.99,"3,067 mi",30,$0.0701
ICN,YOW,"11,014","$1,071.11","6,356 mi",30,$0.1685
PVG,CPT,"11,014",$688.85,"7,829 mi",30,$0.0880
CGO,YLX,"11,003",$120.38,839 mi,30,$0.1435
HAN,ARN,"11,002",$420.96,"5,035 mi",30,$0.0836
CGK,HDY,"10,998",$220.27,970 mi,30,$0.2271
HAN,DME,"10,996",$729.91,"4,284 mi",30,$0.1704
PEK,VCE,"10,991",$489.56,"4,751 mi",30,$0.1030
KUL,IAD,"10,987","$1,142.10","9,842 mi",30,$0.1160
NRT,OSL,"10,977",$598.00,"5,367 mi",30,$0.1114
ICN,STL,"10,951","$1,062.30","6,473 mi",30,$0.1641
ICN,FLL,"10,947","$1,188.55","7,487 mi",30,$0.1587
XMN,JUH,"10,939",$46.21,442 mi,30,$0.1045
KUL,DIL,"10,937",$392.64,"1,762 mi",30,$0.2228
HKG,LHE,"10,934",$327.39,"2,576 mi",30,$0.1271
DPS,BHX,"10,933",$559.92,"7,583 mi",30,$0.0738
MNL,PHL,"10,929","$1,126.16","8,792 mi",30,$0.1281
HGH,HNY,"10,919",$68.83,542 mi,30,$0.1270
BKK,SAN,"10,919",$890.00,"8,116 mi",30,$0.1097
PKX,BUD,"10,913",$124.99,"4,437 mi",30,$0.0282
ICN,TBB,"10,911",$156.37,"2,050 mi",30,$0.0763
SIN,BLQ,"10,907",$784.31,"6,474 mi",30,$0.1211
KIX,AXT,"10,906",$178.48,465 mi,30,$0.3838
SHE,FRA,"10,902",$332.17,"4,834 mi",30,$0.0687
SIN,HET,"10,900",$115.55,"2,689 mi",30,$0.0430
CEB,IAH,"10,898",$624.65,"8,359 mi",30,$0.0747
CGO,NGO,"10,890",$148.04,"1,341 mi",30,$0.1104
NGO,SFO,"10,890","$1,050.56","5,152 mi",30,$0.2039
HKT,KCH,"10,870",$74.45,918 mi,30,$0.0811
HAN,YNT,"10,868",$111.92,"1,497 mi",30,$0.0748
XMN,JNG,"10,861",$100.24,795 mi,30,$0.1261
SIN,LYS,"10,858",$863.35,"6,382 mi",30,$0.1353
KIX,IAH,"10,842","$1,344.01","6,692 mi",30,$0.2008
PVG,CIT,"10,838",$241.87,"3,038 mi",30,$0.0796
HGH,RGN,"10,835",$133.17,"1,841 mi",30,$0.0723
ICN,PIT,"10,821","$1,085.95","6,995 mi",30,$0.1552
DPS,CSX,"10,818",$203.12,"2,633 mi",30,$0.0771
KUL,DYG,"10,808",$165.77,"1,966 mi",30,$0.0843
CAN,HNL,"10,807",$471.39,"5,404 mi",30,$0.0872
KIX,VTE,"10,807",$235.12,"2,376 mi",30,$0.0990
CNX,NAW,"10,806",$95.63,841 mi,30,$0.1137
NRT,HDY,"10,803",$189.96,"3,312 mi",30,$0.0574
ICN,ZUH,"10,802",$103.20,"1,282 mi",30,$0.0805
HND,NNG,"10,791",$345.94,"2,158 mi",30,$0.1603
CKG,XIC,"10,788",$63.34,304 mi,30,$0.2084
HND,AMD,"10,785",$797.15,"3,938 mi",30,$0.2024
HKG,SHM,"10,778",$292.90,"1,567 mi",30,$0.1869
PVG,SAN,"10,778","$1,307.71","6,383 mi",30,$0.2049
ICN,DIN,"10,773",$215.55,"1,840 mi",30,$0.1171
PVG,LHE,"10,770",$383.39,"2,858 mi",30,$0.1341
XMN,FCO,"10,770",$299.08,"6,032 mi",30,$0.0496
PEK,BGW,"10,770","$1,045.08","4,044 mi",30,$0.2584
DPS,ATH,"10,766",$583.04,"6,855 mi",29,$0.0851
HKT,CSX,"10,766",$105.29,"1,745 mi",29,$0.0603
PKX,MCT,"10,765",$440.02,"3,425 mi",29,$0.1285
HAN,RUH,"10,762",$423.27,"3,848 mi",29,$0.1100
HAN,MAA,"10,761",$299.49,"1,729 mi",29,$0.1732
CGO,DHH,"10,757",$156.44,"1,313 mi",29,$0.1191
TPE,SLC,"10,752",$881.25,"6,547 mi",29,$0.1346
PEK,LZG,"10,743",$268.85,811 mi,29,$0.3315
PEK,HAJ,"10,743",$635.93,"4,555 mi",29,$0.1396
HKT,TSN,"10,741",$97.87,"2,519 mi",29,$0.0389
PKX,FRA,"10,740",$320.39,"5,009 mi",29,$0.0640
SZX,AKU,"10,738",$269.38,"2,396 mi",29,$0.1124
TSN,SYD,"10,729",$294.55,"5,658 mi",29,$0.0521
MNL,KTM,"10,716",$320.50,"2,535 mi",29,$0.1264
TPE,MCO,"10,706","$1,067.99","8,700 mi",29,$0.1228
DAD,OKA,"10,699",$111.80,"1,476 mi",29,$0.0757
DPS,SZB,"10,698",$78.11,"1,209 mi",29,$0.0646
PNH,TNA,"10,697",$131.80,"1,967 mi",29,$0.0670
DAD,KBV,"10,686",$116.36,854 mi,29,$0.1363
URC,ISB,"10,685",$416.53,"1,095 mi",29,$0.3804
KNO,SOC,"10,685",$283.70,"1,091 mi",29,$0.2600
SGN,RDU,"10,678",$650.14,"9,466 mi",29,$0.0687
HAN,CGQ,"10,677",$134.87,"2,000 mi",29,$0.0674
NGO,TFU,"10,673",$200.05,"1,844 mi",29,$0.1085
CTU,HAN,"10,667",$132.40,637 mi,29,$0.2078
KUL,ATH,"10,658",$438.41,"5,599 mi",29,$0.0783
SZX,TBS,"10,652",$319.27,"4,000 mi",29,$0.0798
HND,KWJ,"10,646",$277.25,753 mi,29,$0.3682
CKG,FUK,"10,645",$116.93,"1,465 mi",29,$0.0798
BKK,NQZ,"10,644",$323.29,"3,145 mi",29,$0.1028
KIX,TAS,"10,632",$510.10,"3,650 mi",29,$0.1398
PVG,YYA,"10,623",$116.27,540 mi,29,$0.2153
PVG,AMM,"10,618",$530.35,"5,054 mi",29,$0.1049
CAN,CPH,"10,612",$332.37,"5,451 mi",29,$0.0610
KIX,BCD,"10,611",$103.80,"1,861 mi",29,$0.0558
PEN,CSX,"10,607",$133.02,"1,849 mi",29,$0.0719
CGK,HAK,"10,607",$189.82,"1,764 mi",29,$0.1076
ICN,HNA,"10,597",$340.78,781 mi,29,$0.4363
CAN,BOS,"10,594",$782.71,"8,122 mi",29,$0.0964
CGO,YYZ,"10,594",$795.30,"6,758 mi",29,$0.1177
HKT,OMS,"10,590",$235.59,"3,411 mi",29,$0.0691
CGO,CDG,"10,581",$460.63,"5,452 mi",29,$0.0845
DPS,AUH,"10,573",$535.74,"4,815 mi",29,$0.1113
SGN,HUN,"10,571",$110.44,"1,301 mi",29,$0.0849
SIN,GES,"10,569",$50.85,"1,536 mi",29,$0.0331
TPE,CMB,"10,564",$325.49,"2,903 mi",29,$0.1121
HND,GOT,"10,563",$975.35,"5,473 mi",29,$0.1782
CAN,LED,"10,562",$293.67,"4,455 mi",29,$0.0659
SIN,ZAM,"10,561",$90.49,"1,264 mi",29,$0.0716
PNH,JFK,"10,559",$963.26,"9,095 mi",29,$0.1059
ICN,SOF,"10,558",$534.31,"4,938 mi",29,$0.1082
NGO,BLR,"10,558",$787.96,"4,075 mi",29,$0.1934
MNL,NCE,"10,543",$639.98,"6,453 mi",29,$0.0992
KIX,INC,"10,509",$147.78,"1,670 mi",29,$0.0885
SZX,PUS,"10,505",$175.05,"1,295 mi",29,$0.1352
SIN,NST,"10,504",$86.54,552 mi,29,$0.1568
SZX,MUC,"10,497",$534.03,"5,750 mi",29,$0.0929
SGN,OKA,"10,494",$195.08,"1,681 mi",29,$0.1160
HGH,JGS,"10,493",$94.66,430 mi,29,$0.2201
TPE,DTW,"10,492","$1,037.75","7,755 mi",29,$0.1338
KIX,MWX,"10,487",$113.13,490 mi,29,$0.2309
KUL,BAH,"10,484",$356.08,"3,862 mi",29,$0.0922
KNO,TPE,"10,483",$232.78,"2,035 mi",29,$0.1144
MNL,MYJ,"10,480",$340.69,"1,567 mi",29,$0.2174
MNL,DUR,"10,478",$723.61,"6,905 mi",29,$0.1048
WUH,AMS,"10,466",$279.94,"5,458 mi",29,$0.0513
NRT,LHW,"10,456",$178.17,"2,101 mi",29,$0.0848
SUB,BIK,"10,447",$381.76,"1,612 mi",29,$0.2368
TPE,RDU,"10,447","$1,091.81","7,786 mi",29,$0.1402
CNX,SFO,"10,444",$615.29,"7,935 mi",29,$0.0775
HKT,LIS,"10,444",$477.41,"6,990 mi",29,$0.0683
CRK,ORD,"10,441",$478.97,"7,847 mi",29,$0.0610
KIX,EWR,"10,438","$1,150.39","6,711 mi",29,$0.1714
PKX,DYU,"10,438",$369.17,"2,601 mi",29,$0.1419
NRT,CCU,"10,436",$439.91,"3,318 mi",29,$0.1326
PVG,PHL,"10,429","$1,285.00","7,632 mi",29,$0.1684
HND,HAJ,"10,428","$1,494.43","5,485 mi",29,$0.2725
DPS,TSN,"10,422",$402.45,"3,409 mi",29,$0.1181
HGH,JXA,"10,421",$130.47,"1,229 mi",29,$0.1062
PKX,JFK,"10,416",$645.18,"6,656 mi",29,$0.0969
MNL,AUS,"10,409",$952.68,"8,668 mi",29,$0.1099
CKG,FCO,"10,408",$259.43,"4,939 mi",29,$0.0525
KHH,XIY,"10,405",$190.55,"1,047 mi",29,$0.1820
KUL,HET,"10,405",$156.98,"2,626 mi",29,$0.0598
HND,AGP,"10,404",$864.88,"7,153 mi",29,$0.1209
SIN,HUI,"10,404",$105.62,"1,038 mi",29,$0.1018
PVG,FLR,"10,395",$667.59,"5,489 mi",28,$0.1216
HGH,YVR,"10,394",$875.85,"5,872 mi",28,$0.1492
XMN,MXP,"10,394",$474.06,"6,055 mi",28,$0.0783
DAD,PNH,"10,391",$110.94,372 mi,28,$0.2982
KUL,NCE,"10,379",$538.20,"6,501 mi",28,$0.0828
BKK,VNO,"10,379",$404.91,"4,724 mi",28,$0.0857
HKG,XUZ,"10,373",$98.67,816 mi,28,$0.1209
KUL,DME,"10,367",$467.98,"4,903 mi",28,$0.0954
KNO,NRT,"10,363",$438.08,"3,555 mi",28,$0.1232
CKG,LGW,"10,359",$243.05,"5,147 mi",28,$0.0472
PKX,OKA,"10,342",$135.78,"1,091 mi",28,$0.1245
XMN,CIH,"10,341",$155.40,835 mi,28,$0.1861
TPE,XNN,"10,340",$276.75,"1,423 mi",28,$0.1945
TPE,CGY,"10,339",$33.14,"1,192 mi",28,$0.0278
SHE,SFO,"10,334",$531.45,"5,734 mi",28,$0.0927
SZX,TAS,"10,329",$302.49,"2,956 mi",28,$0.1023
WUH,FRA,"10,329",$346.49,"5,401 mi",28,$0.0642
CRK,JFK,"10,327",$650.72,"8,725 mi",28,$0.0746
CAN,HSN,"10,319",$161.18,741 mi,28,$0.2175
BKK,SLC,"10,310",$752.88,"8,373 mi",28,$0.0899
SIN,KWI,"10,310",$686.41,"4,025 mi",28,$0.1705
KUL,VCE,"10,306",$433.24,"5,870 mi",28,$0.0738
MNL,CSX,"10,304",$157.51,"1,038 mi",28,$0.1517
HND,KEF,"10,269",$784.08,"5,657 mi",28,$0.1386
CKG,SFO,"10,261",$762.92,"6,604 mi",28,$0.1155
HND,FUJ,"10,258",$388.58,637 mi,28,$0.6100
KUL,OKA,"10,241",$318.92,"2,291 mi",28,$0.1392
KIX,ONJ,"10,232",$185.28,473 mi,28,$0.3917
CAN,GVA,"10,226",$427.28,"5,650 mi",28,$0.0756
PVG,LCA,"10,212",$516.95,"4,789 mi",28,$0.1079
URC,IST,"10,211",$412.62,"3,017 mi",28,$0.1368
BKK,STN,"10,210",$462.31,"5,737 mi",28,$0.0806
PVG,ABV,"10,207",$642.42,"7,082 mi",28,$0.0907
PEK,NCE,"10,206",$904.28,"5,328 mi",28,$0.1697
ICN,CLT,"10,205","$1,050.54","7,329 mi",28,$0.1433
MNL,MSP,"10,204",$820.30,"8,039 mi",28,$0.1020
KUL,ADE,"10,199",$459.25,"4,052 mi",28,$0.1133
XMN,SFO,"10,191",$743.86,"6,420 mi",28,$0.1159
HND,TYN,"10,188",$223.81,"1,552 mi",28,$0.1442
BKK,CLT,"10,183",$753.16,"8,784 mi",28,$0.0857
TPE,LGW,"10,179",$404.45,"5,901 mi",28,$0.0685
PEK,KHI,"10,177",$584.65,"2,931 mi",28,$0.1995
MNL,GEO,"10,176","$1,475.88","11,314 mi",28,$0.1304
KUL,SYX,"10,168",$149.34,"1,158 mi",28,$0.1290
KIX,TLV,"10,167",$892.94,"5,692 mi",28,$0.1569
HND,OOL,"10,166",$759.61,"4,357 mi",28,$0.1743
TPE,CXR,"10,160",$132.21,"1,233 mi",28,$0.1072
SUB,DXB,"10,158",$516.79,"4,333 mi",28,$0.1193
HGH,RIZ,"10,154",$101.30,374 mi,28,$0.2709
DPS,EDI,"10,152",$599.17,"8,040 mi",28,$0.0745
PEK,LUN,"10,140",$581.16,"6,595 mi",28,$0.0881
CTU,JFK,"10,139",$928.29,"7,289 mi",28,$0.1274
DPS,YUL,"10,130",$775.11,"9,549 mi",28,$0.0812
ICN,SDF,"10,110","$1,027.90","7,027 mi",28,$0.1463
DPS,CJJ,"10,109",$168.30,"3,144 mi",28,$0.0535
NRT,TPA,"10,104",$924.03,"7,438 mi",28,$0.1242
HND,GLA,"10,097","$1,506.31","5,605 mi",28,$0.2687
PVG,UBN,"10,096",$196.93,"1,346 mi",28,$0.1463
CNX,TAO,"10,091",$97.10,"1,714 mi",28,$0.0567
PKX,ATH,"10,087",$367.37,"4,881 mi",28,$0.0753
CAN,PQC,"10,066",$121.14,"1,134 mi",28,$0.1068
PVG,CKY,"10,063","$1,532.33","8,109 mi",28,$0.1890
DAD,JFK,"10,055",$770.65,"8,774 mi",28,$0.0878
KUL,ARN,"10,051",$511.48,"5,663 mi",28,$0.0903
PKX,WAW,"10,044",$288.06,"4,207 mi",28,$0.0685
CGK,LGW,"10,040",$789.19,"7,057 mi",28,$0.1118
PKX,AKL,"10,032",$328.94,"6,262 mi",27,$0.0525
PEK,SCL,"10,031","$2,323.92","12,175 mi",27,$0.1909
PEK,HAV,"10,030","$1,379.61","7,673 mi",27,$0.1798
CAN,COK,"10,025",$228.46,"2,519 mi",27,$0.0907
URC,HUZ,"10,023",$297.08,"2,045 mi",27,$0.1453
PKX,KCH,"10,021",$197.99,"2,575 mi",27,$0.0769
HKT,NCL,"10,021",$469.42,"5,966 mi",27,$0.0787
SZX,NBS,"10,015",$675.25,"1,513 mi",27,$0.4463
CNX,FRA,"10,015",$361.82,"5,406 mi",27,$0.0669
CAN,YIN,"10,014",$196.08,"2,230 mi",27,$0.0879
SIN,TAC,"10,002",$76.63,"1,548 mi",27,$0.0495
USM,OSL,"10,000",$448.14,"5,443 mi",27,$0.0823
TPE,TAC,"9,983",$23.22,959 mi,27,$0.0242
PVG,NCL,"9,982",$841.86,"5,441 mi",27,$0.1547
BKK,TPA,"9,980","$1,063.18","9,835 mi",27,$0.1081
MNL,NCL,"9,974",$672.96,"6,791 mi",27,$0.0991
MNL,OTP,"9,972",$558.30,"5,928 mi",27,$0.0942
CEB,ZRH,"9,969",$529.70,"6,624 mi",27,$0.0800
HAN,LYS,"9,969",$391.20,"5,500 mi",27,$0.0711
ICN,KRK,"9,966",$631.92,"5,075 mi",27,$0.1245
NRT,JED,"9,963","$1,135.66","6,122 mi",27,$0.1855
CGO,CAI,"9,959",$245.96,"4,823 mi",27,$0.0510
NGO,PEN,"9,951",$539.45,"3,190 mi",27,$0.1691
TPE,CNS,"9,936",$319.96,"3,236 mi",27,$0.0989
SIN,NOU,"9,934",$663.29,"4,354 mi",27,$0.1523
NRT,YOW,"9,925",$854.37,"6,207 mi",27,$0.1376
HKG,OTP,"9,920",$625.64,"4,896 mi",27,$0.1278
NGO,TSJ,"9,920",$264.31,440 mi,27,$0.6007
TSN,THQ,"9,914",$118.69,729 mi,27,$0.1628
HND,PQC,"9,910",$206.24,"2,762 mi",27,$0.0747
PKX,BFJ,"9,910",$128.85,"1,086 mi",27,$0.1186
USM,DEL,"9,910",$324.60,"1,926 mi",27,$0.1685
CAN,BLR,"9,907",$335.04,"2,504 mi",27,$0.1338
ICN,GES,"9,890",$115.32,"2,233 mi",27,$0.0516
CGK,TYN,"9,867",$252.90,"2,963 mi",27,$0.0854
DMK,HRB,"9,867",$52.17,"2,732 mi",27,$0.0191
ICN,CMN,"9,863",$587.69,"6,921 mi",27,$0.0849
NRT,HUI,"9,860",$219.93,"2,483 mi",27,$0.0886
SIN,AOR,"9,857",$66.12,404 mi,27,$0.1637
CKG,THQ,"9,853",$70.35,348 mi,27,$0.2022
HKT,BQS,"9,853",$222.67,"3,265 mi",27,$0.0682
HKT,MRS,"9,848",$381.96,"6,167 mi",27,$0.0619
KIX,ZUH,"9,844",$92.68,"1,531 mi",27,$0.0605
KHH,SUB,"9,840",$249.19,"2,196 mi",27,$0.1135
KIX,BOS,"9,832","$1,201.01","7,083 mi",27,$0.1696
HKG,GMP,"9,822",$94.84,"1,264 mi",27,$0.0750
PVG,LAD,"9,816",$913.15,"7,858 mi",27,$0.1162
PVG,ITM,"9,815",$470.05,854 mi,27,$0.5504
TSN,XFN,"9,813",$107.11,576 mi,27,$0.1860
SIN,LST,"9,806",$538.60,"3,889 mi",27,$0.1385
HKG,BXU,"9,804",$79.75,"1,164 mi",27,$0.0685
DMK,SJW,"9,802",$16.32,"1,835 mi",27,$0.0089
PNH,SWA,"9,799",$100.05,"1,169 mi",27,$0.0856
PVG,KTM,"9,798",$181.52,"2,262 mi",27,$0.0802
TSN,DXB,"9,794",$239.92,"3,787 mi",27,$0.0634
CAN,VVO,"9,793",$187.37,"1,698 mi",27,$0.1103
HND,SJU,"9,779","$1,230.69","8,092 mi",27,$0.1521
NRT,HFE,"9,777",$203.91,"1,323 mi",27,$0.1541
PVG,PHX,"9,772","$1,194.42","6,558 mi",27,$0.1821
MNL,DLC,"9,766",$312.31,"1,639 mi",27,$0.1905
CRK,MXP,"9,763",$380.41,"6,665 mi",27,$0.0571
DMK,NNG,"9,760",$62.89,802 mi,27,$0.0784
BKK,LIN,"9,759",$596.03,"5,449 mi",27,$0.1094
KUL,LDU,"9,758",$164.41,"1,191 mi",27,$0.1380
KIX,HAM,"9,757",$753.57,"5,364 mi",27,$0.1405
HKG,OPO,"9,757",$962.34,"6,511 mi",27,$0.1478
ICN,ASB,"9,757",$597.01,"3,523 mi",27,$0.1695
ICN,SCL,"9,756","$1,201.06","11,771 mi",27,$0.1020
CTU,TCZ,"9,755",$75.04,528 mi,27,$0.1421
MNL,EDI,"9,755",$728.91,"6,411 mi",27,$0.1137
PEK,PER,"9,751",$643.44,"5,125 mi",27,$0.1255
SIN,WEH,"9,749",$206.87,"2,652 mi",27,$0.0780
HND,YNT,"9,748",$236.97,"1,019 mi",27,$0.2326
TPE,DUS,"9,744",$956.32,"5,662 mi",27,$0.1689
PVG,ABJ,"9,743",$471.39,"8,309 mi",27,$0.0567
CAN,LIS,"9,742",$674.95,"6,958 mi",27,$0.0970
DAD,YVR,"9,742",$488.33,"6,738 mi",27,$0.0725
HAN,AKL,"9,735",$623.28,"5,843 mi",27,$0.1067
MFM,NTG,"9,730",$77.35,797 mi,27,$0.0971
PVG,WUZ,"9,719",$114.81,822 mi,27,$0.1397
SIN,BXU,"9,712",$92.83,"1,521 mi",27,$0.0610
SZX,CXR,"9,710",$130.34,771 mi,27,$0.1691
SIN,GIG,"9,706","$2,597.89","9,492 mi",27,$0.2737
CGK,HRB,"9,697",$281.04,"3,887 mi",27,$0.0723
TSN,CTS,"9,696",$254.20,"1,329 mi",27,$0.1913
PVG,HUI,"9,694",$123.63,"1,392 mi",27,$0.0888
NRT,SHA,"9,692",$266.10,"1,174 mi",27,$0.2267
PEK,KTI,"9,691",$312.93,"2,045 mi",27,$0.1530
SGN,SLC,"9,691",$551.41,"8,346 mi",27,$0.0661
CAN,VIE,"9,674",$360.06,"5,164 mi",27,$0.0697
CGK,AOR,"9,673",$81.62,925 mi,27,$0.0882
CGO,NTG,"9,665",$78.39,458 mi,26,$0.1712
KHH,KMG,"9,659",$193.29,"1,146 mi",26,$0.1687
HKG,DRP,"9,659",$60.12,930 mi,26,$0.0646
HND,YOW,"9,658","$1,388.42","6,233 mi",26,$0.2228
PVG,LZO,"9,651",$297.94,"1,017 mi",26,$0.2930
HND,LEX,"9,644","$2,022.89","6,415 mi",26,$0.3153
KIX,LED,"9,641",$304.41,"4,809 mi",26,$0.0633
KNO,PVG,"9,641",$287.70,"2,344 mi",26,$0.1227
MNL,OGG,"9,640",$561.08,"5,556 mi",26,$0.1010
PKX,TLQ,"9,640",$163.61,"1,476 mi",26,$0.1108
HKG,DLU,"9,626",$116.60,861 mi,26,$0.1354
HND,JAX,"9,626","$1,449.02","7,352 mi",26,$0.1971
CEB,DMM,"9,622",$360.79,"4,781 mi",26,$0.0755
MNL,SLC,"9,622",$799.11,"7,111 mi",26,$0.1124
CTU,LGW,"9,619",$267.67,"5,314 mi",26,$0.0504
HND,AKL,"9,617",$564.53,"5,658 mi",26,$0.0998
PKX,KTM,"9,616",$195.01,"2,010 mi",26,$0.0970
TPE,HFE,"9,613",$196.29,559 mi,26,$0.3511
HAN,LIS,"9,613",$547.06,"6,730 mi",26,$0.0813
WUH,KTI,"9,595",$127.17,"1,424 mi",26,$0.0893
SIN,LKO,"9,590",$103.01,"2,260 mi",26,$0.0456
CKG,JFK,"9,589",$915.01,"7,802 mi",26,$0.1173
NRT,KCH,"9,581",$512.60,"2,959 mi",26,$0.1732
HGH,YYZ,"9,580","$1,456.81","6,960 mi",26,$0.2093
PVG,KRK,"9,577",$700.99,"4,932 mi",26,$0.1421
BKK,BSL,"9,574",$410.34,"5,501 mi",26,$0.0746
CAN,LBV,"9,571",$718.28,"7,297 mi",26,$0.0984
PVG,MRU,"9,566",$836.49,"5,710 mi",26,$0.1465
CGO,LUM,"9,555",$137.52,"1,189 mi",26,$0.1157
NGO,IST,"9,554",$575.19,"5,314 mi",26,$0.1082
SGN,KWE,"9,554",$92.96,"1,053 mi",26,$0.0883
PKX,MAN,"9,539",$273.71,"4,904 mi",26,$0.0558
CAN,FNA,"9,538",$617.54,"8,447 mi",26,$0.0731
CGK,HYD,"9,526",$435.43,"2,588 mi",26,$0.1682
BKK,CTU,"9,523",$119.40,"1,221 mi",26,$0.0978
CRK,SEA,"9,517",$398.02,"6,832 mi",26,$0.0583
KBV,OSL,"9,511",$397.06,"5,831 mi",26,$0.0681
SIN,PLM,"9,507",$180.48,289 mi,26,$0.6245
BKK,YEG,"9,506",$609.45,"7,160 mi",26,$0.0851
HAN,IKT,"9,502",$184.81,"2,082 mi",26,$0.0888
MNL,GIB,"9,492",$981.23,"7,265 mi",26,$0.1351
TPE,NCE,"9,490",$955.93,"5,932 mi",26,$0.1611
KUL,SEA,"9,490",$866.18,"7,826 mi",26,$0.1107
MNL,KEF,"9,489",$942.73,"6,481 mi",26,$0.1455
SHE,HUZ,"9,486",$176.70,"1,342 mi",26,$0.1317
TPE,PPS,"9,486",$56.55,"1,104 mi",26,$0.0512
HKG,RDU,"9,483","$1,443.20","8,581 mi",26,$0.1682
PNH,CGQ,"9,481",$151.66,"2,485 mi",26,$0.0610
CGK,ELQ,"9,478",$307.78,"4,907 mi",26,$0.0627
CGK,OKA,"9,475",$435.59,"2,718 mi",26,$0.1603
NRT,EDI,"9,474",$880.55,"5,578 mi",26,$0.1579
CGK,TGG,"9,473",$96.86,857 mi,26,$0.1130
TSN,PUS,"9,471",$176.17,715 mi,26,$0.2464
SIN,ROK,"9,470",$862.45,"3,666 mi",26,$0.2353
CEB,PEK,"9,470",$184.19,"2,169 mi",26,$0.0849
ICN,LIN,"9,470",$883.55,"5,340 mi",26,$0.1655
HND,ITO,"9,469",$418.31,"4,186 mi",26,$0.0999
HGH,TEN,"9,464",$115.82,670 mi,26,$0.1729
SZX,VVO,"9,463",$128.87,"1,829 mi",26,$0.0705
CGO,BKI,"9,462",$132.08,"1,921 mi",26,$0.0688
SHE,AKL,"9,448",$329.90,"6,515 mi",26,$0.0506
BKK,MPH,"9,439",$95.18,"1,390 mi",26,$0.0685
PEN,XSP,"9,430",$63.99,354 mi,26,$0.1808
KIX,AKJ,"9,417",$217.30,768 mi,26,$0.2829
SHE,MXP,"9,416",$314.91,"5,037 mi",26,$0.0625
KUL,CPT,"9,409",$773.98,"6,109 mi",26,$0.1267
SGN,STL,"9,407",$588.08,"9,105 mi",26,$0.0646
HKT,TNA,"9,405",$115.74,"2,245 mi",26,$0.0516
KIX,HYD,"9,402",$468.79,"3,787 mi",26,$0.1238
CTU,AMS,"9,401",$261.42,"5,083 mi",26,$0.0514
HKG,CSX,"9,394",$108.98,397 mi,26,$0.2745
SGN,CJU,"9,391",$123.71,"1,949 mi",26,$0.0635
HKT,KHI,"9,389",$337.28,"2,286 mi",26,$0.1475
HND,URC,"9,383",$353.70,"2,707 mi",26,$0.1307
PEK,YOW,"9,378",$824.56,"6,682 mi",26,$0.1234
SGN,NCE,"9,369",$465.45,"5,981 mi",26,$0.0778
PKX,SFO,"9,365",$511.11,"6,112 mi",26,$0.0836
PNH,SEA,"9,365",$474.48,"7,214 mi",26,$0.0658
DPS,SAW,"9,359",$326.53,"6,207 mi",26,$0.0526
TSN,MEL,"9,354",$309.92,"5,754 mi",26,$0.0539
CEB,DUB,"9,351",$592.54,"6,943 mi",26,$0.0853
PKX,BSZ,"9,350",$438.23,"2,103 mi",26,$0.2084
HKT,UBN,"9,343",$320.03,"2,694 mi",26,$0.1188
NGO,KUM,"9,343",$130.64,458 mi,26,$0.2852
HKG,HBA,"9,341",$645.06,"4,834 mi",26,$0.1334
CKG,FRA,"9,338",$365.70,"4,855 mi",26,$0.0753
KUL,WUX,"9,335",$176.95,"2,260 mi",26,$0.0783
CTU,NTG,"9,330",$217.26,979 mi,26,$0.2219
HAN,NCE,"9,328",$450.03,"5,456 mi",26,$0.0825
HND,LJU,"9,319",$773.90,"6,019 mi",26,$0.1286
HKG,OKJ,"9,317",$339.62,"1,524 mi",26,$0.2228
PVG,CMH,"9,315","$1,242.47","7,491 mi",26,$0.1659
DVO,NGO,"9,309",$168.05,"2,104 mi",26,$0.0799
HKT,JHB,"9,308",$54.05,597 mi,26,$0.0905
CEB,CRM,"9,306",$41.62,163 mi,25,$0.2553
MNL,SUB,"9,305",$359.18,"1,662 mi",25,$0.2161
XMN,NAO,"9,302",$194.06,874 mi,25,$0.2220
SIN,TLS,"9,301","$1,400.33","6,578 mi",25,$0.2129
HKG,LIM,"9,289","$1,322.32","11,077 mi",25,$0.1194
HAN,KTM,"9,284",$245.07,"1,400 mi",25,$0.1751
PNH,HFE,"9,283",$123.91,"1,562 mi",25,$0.0793
SUB,BKI,"9,278",$116.66,975 mi,25,$0.1197
SIN,URT,"9,277",$95.50,613 mi,25,$0.1558
SIN,STR,"9,276","$1,099.69","6,174 mi",25,$0.1781
BKK,OKJ,"9,273",$502.72,"2,600 mi",25,$0.1934
DPS,CMB,"9,271",$264.24,"2,587 mi",25,$0.1021
MNL,AAL,"9,269",$699.74,"5,953 mi",25,$0.1175
BKK,DTW,"9,265",$984.70,"8,822 mi",25,$0.1116
MFM,KTI,"9,265",$183.39,912 mi,25,$0.2011
DPS,VCE,"9,258",$589.81,"7,050 mi",25,$0.0837
BKK,TAK,"9,255",$511.96,"2,590 mi",25,$0.1977
CTU,SGN,"9,254",$129.39,"1,335 mi",25,$0.0969
RGN,JED,"9,249",$274.29,"3,821 mi",25,$0.0718
BKK,LUM,"9,244",$98.35,777 mi,25,$0.1266
TPE,SYX,"9,238",$165.94,918 mi,25,$0.1808
HGH,DOH,"9,237",$398.92,"4,033 mi",25,$0.0989
CNX,SHE,"9,228",$108.21,"2,075 mi",25,$0.0521
BKK,AER,"9,227",$257.46,"4,237 mi",25,$0.0608
DPS,LHE,"9,225",$421.11,"3,756 mi",25,$0.1121
PKX,SQD,"9,225",$62.69,797 mi,25,$0.0787
SIN,SOF,"9,220",$470.62,"5,507 mi",25,$0.0855
SGN,CGQ,"9,218",$141.55,"2,481 mi",25,$0.0571
LGK,SGN,"9,217",$67.63,548 mi,25,$0.1234
PEK,LOS,"9,215",$796.19,"7,336 mi",25,$0.1085
CEB,DOH,"9,205",$361.57,"4,675 mi",25,$0.0773
PEN,TNA,"9,185",$187.48,"2,356 mi",25,$0.0796
SHE,MUC,"9,185",$775.68,"5,107 mi",25,$0.1519
TPE,HAM,"9,184",$973.50,"5,804 mi",25,$0.1677
ICN,MRS,"9,178",$774.57,"5,916 mi",25,$0.1309
ICN,CLE,"9,174","$1,224.04","6,902 mi",25,$0.1773
KUL,CJU,"9,173",$424.19,"2,580 mi",25,$0.1644
PKX,CKY,"9,173",$661.14,"8,009 mi",25,$0.0825
CGK,KBV,"9,168",$114.68,"1,083 mi",25,$0.1059
DMK,KHN,"9,165",$36.93,"1,467 mi",25,$0.0252
LGK,DAC,"9,160",$211.71,"1,318 mi",25,$0.1606
ICN,EDI,"9,157",$818.10,"5,182 mi",25,$0.1579
KIX,ARN,"9,156",$620.35,"4,875 mi",25,$0.1273
DAD,DIN,"9,154",$115.61,517 mi,25,$0.2236
CKG,RGN,"9,153",$129.65,"1,074 mi",25,$0.1207
CAN,DUB,"9,150",$433.52,"6,205 mi",25,$0.0699
ICN,DSN,"9,148",$95.92,880 mi,25,$0.1090
BKK,ZAG,"9,141",$467.99,"5,449 mi",25,$0.0859
CAN,DQA,"9,138",$214.15,"1,795 mi",25,$0.1193
PVG,HKD,"9,134",$315.64,"1,244 mi",25,$0.2537
TPE,KHG,"9,133",$380.28,"2,705 mi",25,$0.1406
PEK,DFW,"9,129","$1,056.12","7,165 mi",25,$0.1474
ICN,PNQ,"9,120",$580.96,"3,511 mi",25,$0.1655
CAN,DUS,"9,118",$484.17,"5,805 mi",25,$0.0834
CGK,ORD,"9,111","$1,333.53","9,509 mi",25,$0.1402
URC,KWL,"9,109",$253.16,"1,863 mi",25,$0.1359
KBV,NRT,"9,109",$176.11,"3,328 mi",25,$0.0529
HGH,ISB,"9,107",$441.39,"2,695 mi",25,$0.1638
DPS,KHI,"9,106",$390.57,"3,861 mi",25,$0.1012
HND,CPT,"9,106","$1,176.88","8,873 mi",25,$0.1326
HKT,TOF,"9,104",$209.76,"3,512 mi",25,$0.0597
PEN,MEL,"9,097",$505.22,"3,998 mi",25,$0.1264
PVG,MLA,"9,097",$805.85,"5,661 mi",25,$0.1424
MNL,COV,"9,094",$693.68,"5,238 mi",25,$0.1324
PEK,ACC,"9,067",$627.06,"7,561 mi",25,$0.0829
CGK,BUD,"9,061",$773.58,"6,601 mi",25,$0.1172
HGH,JGN,"9,058",$246.83,"1,452 mi",25,$0.1700
CEB,CBO,"9,056",$46.51,211 mi,25,$0.2204
TPE,TSN,"9,054",$244.91,"1,026 mi",25,$0.2387
SIN,SOC,"9,053",$183.82,747 mi,25,$0.2461
HND,TRN,"9,049","$1,164.69","6,290 mi",25,$0.1852
PEK,PTY,"9,048","$1,099.99","9,157 mi",25,$0.1201
SGN,AKL,"9,032",$615.33,"5,670 mi",25,$0.1085
BKK,TRV,"9,031",$93.53,"1,704 mi",25,$0.0549
SGN,MSY,"9,024",$514.13,"9,682 mi",25,$0.0531
TPE,CHC,"9,021",$643.85,"5,573 mi",25,$0.1155
HKT,NGB,"9,020",$157.06,"2,185 mi",25,$0.0719
CNX,FUK,"9,019",$182.62,"2,258 mi",25,$0.0809
ICN,CVG,"9,014","$1,470.96","6,996 mi",25,$0.2103
BKK,NOU,"9,012",$526.29,"4,921 mi",25,$0.1069
NRT,GMP,"9,012",$205.76,740 mi,25,$0.2781
CAN,DAT,"9,008",$191.06,"1,094 mi",25,$0.1746
SIN,RMO,"9,008",$735.61,"5,285 mi",25,$0.1392
PEK,HIJ,"9,002",$540.85,"1,006 mi",25,$0.5376
CAN,BKO,"9,001",$721.42,"7,522 mi",25,$0.0959
CGK,SDK,"8,990",$114.68,"1,110 mi",25,$0.1033
USM,SYD,"8,989",$624.65,"4,363 mi",25,$0.1432
TPE,HUI,"8,989",$92.84,"1,091 mi",25,$0.0851
TSN,FUK,"8,989",$148.69,847 mi,25,$0.1755
HKT,KOP,"8,986",$88.78,793 mi,25,$0.1120
KUL,ITM,"8,983",$547.73,"3,002 mi",25,$0.1825
DPS,TNA,"8,979",$267.30,"3,059 mi",25,$0.0874
HND,YNJ,"8,979",$209.00,771 mi,25,$0.2711
DPS,KZN,"8,977",$278.02,"5,985 mi",25,$0.0465
ICN,VKO,"8,975",$430.35,"3,985 mi",25,$0.1080
ICN,YIA,"8,975",$339.50,"3,408 mi",25,$0.0996
SIN,CMN,"8,973",$730.73,"7,622 mi",25,$0.0959
ICN,AGP,"8,972",$555.94,"6,624 mi",25,$0.0839
BKK,SAW,"8,970",$187.36,"4,499 mi",25,$0.0416
KBV,PRG,"8,968",$474.40,"5,389 mi",25,$0.0880
PVG,PDX,"8,963","$1,686.32","5,952 mi",25,$0.2833
PVG,EBB,"8,960",$490.21,"6,364 mi",25,$0.0770
PEK,BOG,"8,954","$1,358.81","9,546 mi",25,$0.1423
ICN,YWG,"8,951",$639.82,"6,013 mi",25,$0.1064
CAN,MYY,"8,944",$129.06,"1,358 mi",25,$0.0950
RGN,NKG,"8,942",$141.50,"1,807 mi",24,$0.0783
SIN,BEG,"8,941",$493.10,"5,667 mi",24,$0.0870
CTU,CTS,"8,936",$401.41,"2,299 mi",24,$0.1746
CGO,HNY,"8,933",$90.76,515 mi,24,$0.1762
BKK,LGK,"8,928",$121.90,527 mi,24,$0.2313
HAN,OSL,"8,923",$373.90,"5,264 mi",24,$0.0710
MNL,SJU,"8,921",$995.32,"9,807 mi",24,$0.1015
PVG,KMJ,"8,918",$266.79,527 mi,24,$0.5062
CAN,ORD,"8,915",$811.97,"7,489 mi",24,$0.1084
MNL,SHE,"8,911",$216.94,"1,824 mi",24,$0.1189
TSN,VTE,"8,905",$66.44,"1,657 mi",24,$0.0401
SGN,ITM,"8,901",$463.28,"2,527 mi",24,$0.1833
PVG,CLT,"8,898","$1,629.75","7,390 mi",24,$0.2205
TSN,KHG,"8,898",$230.38,"2,255 mi",24,$0.1022
CGO,AKL,"8,892",$343.92,"6,493 mi",24,$0.0530
DAD,DXB,"8,876",$410.21,"3,349 mi",24,$0.1225
CGK,CJU,"8,874",$374.22,"3,122 mi",24,$0.1199
PKX,GYD,"8,874",$136.95,"3,529 mi",24,$0.0388
NGO,PNH,"8,871",$250.76,"2,647 mi",24,$0.0947
HAN,COK,"8,869",$172.94,"2,158 mi",24,$0.0801
KIX,SAN,"8,858","$1,046.10","6,011 mi",24,$0.1740
SIN,GUM,"8,852",$755.80,"2,825 mi",24,$0.2675
ICN,MSJ,"8,849",$343.41,854 mi,24,$0.4021
MNL,DTW,"8,849",$802.08,"8,469 mi",24,$0.0947
TPE,KWL,"8,849",$154.95,721 mi,24,$0.2149
SZX,KRL,"8,845",$256.33,"2,132 mi",24,$0.1202
BKK,BRE,"8,844",$458.70,"5,712 mi",24,$0.0803
MNL,CCU,"8,842",$430.08,"2,267 mi",24,$0.1897
CAN,YNJ,"8,833",$183.19,"1,584 mi",24,$0.1157
PKX,MUC,"8,832",$300.35,"4,965 mi",24,$0.0605
HND,PNQ,"8,831",$778.34,"4,266 mi",24,$0.1825
DVO,DOH,"8,813",$340.25,"4,863 mi",24,$0.0700
NRT,ISB,"8,813",$469.37,"3,876 mi",24,$0.1211
KIX,RUH,"8,809","$1,271.94","5,031 mi",24,$0.2528
PVG,NUE,"8,805",$565.20,"5,598 mi",24,$0.1010
ICN,DAR,"8,804",$618.59,"6,548 mi",24,$0.0945
SIN,GDN,"8,803",$720.83,"6,141 mi",24,$0.1174
NRT,SOF,"8,800",$577.22,"5,547 mi",24,$0.1041
HKG,AUS,"8,799","$1,720.48","7,999 mi",24,$0.2151
MNL,HIJ,"8,796",$380.76,"1,517 mi",24,$0.2510
ICN,GYD,"8,794",$614.51,"3,856 mi",24,$0.1594
ICN,CGY,"8,791",$103.06,"2,058 mi",24,$0.0501
NRT,TAC,"8,782",$73.33,"2,007 mi",24,$0.0365
SGN,HAK,"8,780",$97.25,659 mi,24,$0.1476
PEK,GIG,"8,779","$1,687.00","10,437 mi",24,$0.1616
WUH,XIC,"8,778",$197.72,771 mi,24,$0.2564
CNX,KOP,"8,778",$64.56,397 mi,24,$0.1626
BKK,TAG,"8,777",$69.15,"1,539 mi",24,$0.0449
TPE,DUB,"8,771",$857.27,"5,987 mi",24,$0.1432
PEN,DEL,"8,770",$267.05,"2,144 mi",24,$0.1246
USM,XIY,"8,768",$78.75,"1,752 mi",24,$0.0449
TPE,MSP,"8,763","$1,192.95","7,351 mi",24,$0.1623
XMN,IST,"8,757",$349.36,"5,242 mi",24,$0.0666
BKK,LJU,"8,755",$447.38,"5,202 mi",24,$0.0860
PEN,FRA,"8,754","$1,030.82","5,833 mi",24,$0.1767
HKG,MMB,"8,744",$345.14,"2,208 mi",24,$0.1563
DPS,AMM,"8,736",$442.06,"6,086 mi",24,$0.0726
CEB,DPS,"8,732",$182.57,"1,492 mi",24,$0.1224
BKK,TUN,"8,727",$339.30,"5,513 mi",24,$0.0615
BKK,MYJ,"8,726",$497.53,"2,363 mi",24,$0.2106
TSN,HFE,"8,721",$83.59,478 mi,24,$0.1749
RGN,KTI,"8,718",$112.04,723 mi,24,$0.1550
CGK,ATH,"8,713",$688.98,"5,901 mi",24,$0.1168
PVG,ZAG,"8,712",$727.54,"5,225 mi",24,$0.1392
KIX,DOH,"8,704",$829.65,"5,059 mi",24,$0.1640
ICN,ISB,"8,683",$396.15,"3,078 mi",24,$0.1287
HGH,KTI,"8,681",$146.93,"1,689 mi",24,$0.0870
XMN,DIL,"8,673",$307.59,"2,410 mi",24,$0.1276
SIN,RVN,"8,673",$801.25,"5,634 mi",24,$0.1422
SIN,THD,"8,670",$162.75,"1,246 mi",24,$0.1306
SIN,HIJ,"8,665",$594.62,"3,037 mi",24,$0.1958
KBV,UBP,"8,661",$95.41,615 mi,24,$0.1551
TPE,JNB,"8,660",$863.88,"7,347 mi",24,$0.1176
PEN,BTU,"8,658",$58.06,864 mi,24,$0.0672
HKT,ROI,"8,654",$80.68,685 mi,24,$0.1178
TSN,YVR,"8,649",$415.94,"5,466 mi",24,$0.0761
BKK,NUE,"8,649",$385.49,"5,653 mi",24,$0.0682
URC,GYD,"8,648",$304.52,"1,971 mi",24,$0.1545
NGO,JFK,"8,645","$1,206.79","7,075 mi",24,$0.1706
CNX,TSN,"8,640",$90.67,"1,731 mi",24,$0.0524
NRT,YWG,"8,632",$516.58,"5,386 mi",24,$0.0959
MNL,MRU,"8,619",$852.81,"5,078 mi",24,$0.1679
HGH,TNA,"8,616",$374.41,479 mi,24,$0.7816
HKG,BEG,"8,615",$724.73,"5,155 mi",24,$0.1406
DPS,IAD,"8,611","$1,199.50","10,514 mi",24,$0.1141
BKK,CNS,"8,604",$432.00,"3,614 mi",24,$0.1195
KIX,PHX,"8,594","$1,106.51","6,219 mi",24,$0.1779
ICN,GRR,"8,587","$1,077.31","6,729 mi",24,$0.1601
HKT,SOF,"8,582",$368.59,"4,921 mi",24,$0.0749
URC,ASB,"8,578",$306.58,"1,517 mi",24,$0.2021
CGK,TAS,"8,577",$621.42,"3,916 mi",23,$0.1587
HKG,DSN,"8,577",$116.04,"1,247 mi",23,$0.0931
PEK,BHX,"8,573",$607.68,"5,209 mi",23,$0.1167
SGN,ATH,"8,565",$508.54,"5,204 mi",23,$0.0977
DPS,OKA,"8,565",$295.99,"2,478 mi",23,$0.1194
SIN,GOT,"8,562",$840.05,"6,388 mi",23,$0.1315
CAN,MRU,"8,561",$527.73,"4,959 mi",23,$0.1064
ICN,CNS,"8,558",$920.96,"4,078 mi",23,$0.2258
KIX,KWL,"8,553",$126.87,"1,682 mi",23,$0.0754
ICN,SRG,"8,552",$368.51,"3,144 mi",23,$0.1172
HND,LHW,"8,551",$206.61,"2,070 mi",23,$0.0998
SGN,QYG,"8,547",$386.64,"5,935 mi",23,$0.0651
PVG,AVA,"8,545",$124.36,"1,053 mi",23,$0.1181
CGK,RGN,"8,543",$365.18,"1,694 mi",23,$0.2156
SHE,XIL,"8,538",$125.84,400 mi,23,$0.3146
HGH,YLX,"8,522",$137.79,860 mi,23,$0.1602
HGH,XIC,"8,522",$135.40,"1,144 mi",23,$0.1184
PVG,MDG,"8,520",$47.01,"1,046 mi",23,$0.0449
PKX,TWU,"8,516",$178.19,"2,507 mi",23,$0.0711
XMN,YYZ,"8,505",$869.10,"7,362 mi",23,$0.1181
SIN,DLU,"8,490",$98.54,"1,645 mi",23,$0.0599
BKK,RIX,"8,488",$384.60,"4,783 mi",23,$0.0804
MNL,UBN,"8,487",$459.67,"2,357 mi",23,$0.1950
CAN,EDI,"8,477",$377.15,"6,003 mi",23,$0.0628
NRT,BLQ,"8,476",$698.71,"5,858 mi",23,$0.1193
MNL,BWI,"8,474",$832.50,"8,813 mi",23,$0.0945
SIN,DLI,"8,472",$84.17,755 mi,23,$0.1115
HKG,LYS,"8,472","$1,001.61","6,146 mi",23,$0.1630
TPE,GRU,"8,470","$1,200.48","12,004 mi",23,$0.1000
CAN,UCB,"8,466",$144.60,"1,263 mi",23,$0.1145
RGN,MAA,"8,465",$202.86,"1,065 mi",23,$0.1905
SGN,LAS,"8,464",$560.03,"8,451 mi",23,$0.0663
TPE,KEF,"8,464",$733.16,"5,801 mi",23,$0.1264
PEK,SOF,"8,459",$537.85,"4,429 mi",23,$0.1214
PEK,GLA,"8,457",$897.52,"4,814 mi",23,$0.1864
CAN,PRG,"8,447",$237.90,"5,533 mi",23,$0.0430
SGN,PKZ,"8,447",$73.62,313 mi,23,$0.2352
BKK,XNN,"8,446",$89.73,"1,627 mi",23,$0.0552
MNL,BHX,"8,444",$629.07,"6,496 mi",23,$0.0968
PKX,KCA,"8,441",$194.17,"1,697 mi",23,$0.1144
CNX,MDL,"8,439",$75.06,288 mi,23,$0.2606
PEN,SHE,"8,439",$144.59,"2,802 mi",23,$0.0516
SGN,SUB,"8,437",$284.44,"1,286 mi",23,$0.2212
ICN,LYS,"8,433",$643.47,"5,802 mi",23,$0.1109
URC,HIA,"8,433",$197.33,"1,882 mi",23,$0.1049
CKG,BAR,"8,431",$301.16,746 mi,23,$0.4037
HND,LUX,"8,430","$1,397.03","5,725 mi",23,$0.2440
CAN,DAD,"8,426",$137.41,588 mi,23,$0.2337
CAN,CDE,"8,422",$448.62,"1,294 mi",23,$0.3467
PVG,OPO,"8,418",$726.42,"6,327 mi",23,$0.1148
CGO,TSN,"8,416",$171.34,383 mi,23,$0.4474
SIN,UBP,"8,413",$116.35,991 mi,23,$0.1174
WUH,ENY,"8,413",$118.40,465 mi,23,$0.2546
DAD,PER,"8,412",$309.65,"3,254 mi",23,$0.0952
XMN,FRA,"8,409",$570.82,"5,559 mi",23,$0.1027
DMK,YTY,"8,398",$166.55,"1,817 mi",23,$0.0917
KIX,KNO,"8,396",$363.06,"3,251 mi",23,$0.1117
PVG,SLC,"8,389","$1,187.08","6,588 mi",23,$0.1802
ICN,GIG,"8,387","$1,623.94","10,915 mi",23,$0.1488
HAN,MRS,"8,384",$385.27,"5,552 mi",23,$0.0694
HKT,PQC,"8,381",$103.42,401 mi,23,$0.2579
PEK,LYS,"8,375",$628.15,"5,001 mi",23,$0.1256
BKK,RMQ,"8,373",$152.68,"1,442 mi",23,$0.1059
CGK,VCE,"8,370",$719.57,"6,526 mi",23,$0.1103
PEK,SDJ,"8,370",$307.79,"1,268 mi",23,$0.2427
KUL,KKC,"8,369",$105.72,980 mi,23,$0.1079
BKK,NAG,"8,354",$88.06,"1,472 mi",23,$0.0598
HND,NBO,"8,353","$1,352.04","7,202 mi",23,$0.1877
CAN,ZNZ,"8,352",$687.84,"5,553 mi",23,$0.1239
WUH,KRL,"8,351",$375.91,"1,674 mi",23,$0.2246
SIN,DGT,"8,342",$108.23,"1,394 mi",23,$0.0776
BKK,VLC,"8,337",$457.06,"6,015 mi",23,$0.0760
PKX,FCO,"8,336",$357.01,"5,233 mi",23,$0.0682
SIN,BME,"8,332",$234.52,"1,767 mi",23,$0.1327
CGK,IAH,"8,331","$1,653.71","9,946 mi",23,$0.1663
HND,YYC,"8,330",$855.21,"5,119 mi",23,$0.1671
CGO,KTI,"8,329",$114.90,"1,747 mi",23,$0.0658
HKT,CTS,"8,329",$191.41,"3,658 mi",23,$0.0523
ICN,KBV,"8,325",$168.84,"2,578 mi",23,$0.0655
CGK,DLC,"8,324",$399.77,"3,160 mi",23,$0.1265
MNL,BGO,"8,321",$658.62,"6,368 mi",23,$0.1034
KIX,AKL,"8,320",$597.07,"5,719 mi",23,$0.1044
HKG,ZQN,"8,315",$825.25,"5,615 mi",23,$0.1470
DVO,LAO,"8,313",$55.35,813 mi,23,$0.0681
HGH,MLE,"8,308",$345.96,"3,649 mi",23,$0.0948
PEK,BLQ,"8,297",$551.51,"4,831 mi",23,$0.1142
SIN,DYG,"8,296",$160.15,"2,022 mi",23,$0.0792
HGH,MAN,"8,295",$567.32,"5,549 mi",23,$0.1022
HKT,ATQ,"8,285",$83.10,"2,290 mi",23,$0.0363
CGO,CSX,"8,284",$457.60,452 mi,23,$1.0124
MNL,SUG,"8,282",$74.93,458 mi,23,$0.1636
CKG,YYZ,"8,281",$726.23,"7,130 mi",23,$0.1019
TPE,UBN,"8,280",$339.79,"1,695 mi",23,$0.2005
CGK,SLL,"8,272",$333.43,"4,047 mi",23,$0.0824
BKK,HYN,"8,271",$136.17,"1,728 mi",23,$0.0788
HND,BRI,"8,270",$756.89,"6,206 mi",23,$0.1220
BKK,OPO,"8,269",$593.81,"6,366 mi",23,$0.0933
CKG,HMI,"8,269",$136.75,"1,121 mi",23,$0.1220
HKT,BAX,"8,268",$211.85,"3,137 mi",23,$0.0675
SIN,GOI,"8,260",$218.13,"2,204 mi",23,$0.0990
BKK,VII,"8,259",$93.84,464 mi,23,$0.2022
ICN,EVN,"8,258",$669.18,"4,126 mi",23,$0.1622
HND,LIH,"8,256",$660.64,"3,634 mi",23,$0.1818
KBV,MUC,"8,252",$366.70,"5,503 mi",23,$0.0666
MNL,YHZ,"8,248",$859.44,"8,573 mi",23,$0.1002
BKK,CHC,"8,246",$741.09,"5,810 mi",23,$0.1276
CGK,NTX,"8,245",$136.17,724 mi,23,$0.1881
PVG,TBS,"8,244",$395.85,"4,320 mi",23,$0.0916
WUH,FUK,"8,244",$122.47,939 mi,23,$0.1304
HKG,COK,"8,244",$194.54,"2,696 mi",23,$0.0722
ICN,KOA,"8,242",$516.75,"4,588 mi",23,$0.1126
CAN,TUN,"8,234",$552.70,"5,755 mi",23,$0.0960
LGK,KBR,"8,234",$64.44,181 mi,23,$0.3560
USM,ARN,"8,220",$575.86,"5,214 mi",23,$0.1104
TPE,CEI,"8,220",$166.37,"1,364 mi",23,$0.1220
URC,DXB,"8,219",$280.31,"2,279 mi",23,$0.1230
CTU,SFO,"8,217",$938.56,"7,061 mi",23,$0.1329
PEN,PNH,"8,217",$130.07,549 mi,23,$0.2369
CAN,LAD,"8,210",$731.87,"7,308 mi",22,$0.1001
HND,YIA,"8,210",$444.36,"3,678 mi",22,$0.1208
PVG,JHB,"8,210",$195.75,"2,287 mi",22,$0.0856
DPS,NAN,"8,208",$544.00,"4,090 mi",22,$0.1330
HKT,OKA,"8,203",$145.34,"2,364 mi",22,$0.0615
RGN,VTE,"8,202",$123.93,443 mi,22,$0.2798
CKG,YVR,"8,200",$652.13,"6,367 mi",22,$0.1024
HND,HBA,"8,198",$657.76,"5,275 mi",22,$0.1247
XMN,PUS,"8,196",$146.16,"1,007 mi",22,$0.1451
CAN,LGK,"8,194",$128.60,"1,439 mi",22,$0.0894
HKG,GUM,"8,191",$321.25,"2,052 mi",22,$0.1566
CTU,PEN,"8,190",$183.57,"1,710 mi",22,$0.1074
SIN,YYC,"8,187","$1,093.25","7,937 mi",22,$0.1377
ICN,QYG,"8,180",$400.02,"4,835 mi",22,$0.0827
CGO,TCZ,"8,176",$119.98,"1,166 mi",22,$0.1029
PVG,LUN,"8,170",$821.55,"6,746 mi",22,$0.1218
PVG,CHC,"8,167",$599.11,"6,253 mi",22,$0.0958
KIX,MCO,"8,161","$1,312.37","7,705 mi",22,$0.1703
CGK,DIL,"8,160",$448.56,"1,343 mi",22,$0.3340
BKK,KRK,"8,159",$507.04,"5,250 mi",22,$0.0966
PEN,HRB,"8,150",$172.85,"3,289 mi",22,$0.0526
CGK,KHI,"8,146",$375.03,"3,310 mi",22,$0.1133
NRT,BOG,"8,143","$1,119.32","9,123 mi",22,$0.1227
BKK,NAP,"8,140",$435.04,"5,583 mi",22,$0.0779
CGK,AKL,"8,132",$800.63,"4,904 mi",22,$0.1633
ICN,MSY,"8,132","$1,305.51","6,990 mi",22,$0.1868
PVG,MMB,"8,112",$183.04,"1,546 mi",22,$0.1184
XMN,DLU,"8,112",$118.80,"1,083 mi",22,$0.1097
SIN,TLL,"8,109",$969.70,"5,930 mi",22,$0.1635
TSN,HCZ,"8,107",$160.23,931 mi,22,$0.1721
PNH,PUS,"8,101",$187.16,"2,290 mi",22,$0.0817
HND,KTI,"8,091",$430.04,"2,827 mi",22,$0.1521
URC,DHH,"8,087",$62.33,290 mi,22,$0.2149
ICN,CHC,"8,086",$651.96,"6,483 mi",22,$0.1006
USM,LGW,"8,080",$586.38,"6,326 mi",22,$0.0927
CNX,NGO,"8,079",$214.53,"2,487 mi",22,$0.0863
HAN,CMB,"8,077",$278.67,"2,042 mi",22,$0.1365
CGO,LUX,"8,074",$445.95,"5,290 mi",22,$0.0843
CGK,BOS,"8,073","$1,666.65","10,226 mi",22,$0.1630
CGK,CCU,"8,068",$305.43,"2,269 mi",22,$0.1346
HKG,HKD,"8,065",$261.26,"2,118 mi",22,$0.1234
HKT,HRG,"8,064",$387.56,"4,531 mi",22,$0.0855
CNX,ZRH,"8,060",$523.08,"5,448 mi",22,$0.0960
KUL,BEY,"8,054",$409.59,"4,612 mi",22,$0.0888
XMN,FUK,"8,052",$129.09,941 mi,22,$0.1372
SGN,TYN,"8,050",$89.71,"1,840 mi",22,$0.0488
CAN,KNO,"8,047",$214.11,"1,621 mi",22,$0.1321
NRT,WEH,"8,044",$147.82,982 mi,22,$0.1505
KUL,AGP,"8,044",$442.76,"6,785 mi",22,$0.0653
HKG,JHB,"8,037",$109.24,"1,633 mi",22,$0.0669
SUB,TJQ,"8,035",$196.78,486 mi,22,$0.4049
XMN,FOC,"8,032",$7.25,132 mi,22,$0.0549
BKK,DGT,"8,024",$67.73,"1,508 mi",22,$0.0449
DPS,BOD,"8,023",$505.01,"7,667 mi",22,$0.0659
PEN,FUK,"8,013",$507.86,"2,832 mi",22,$0.1793
HND,HAK,"8,013",$234.90,"2,142 mi",22,$0.1097
CKG,CAI,"8,010",$207.19,"4,282 mi",22,$0.0484
NRT,RDU,"8,009",$919.42,"7,089 mi",22,$0.1297
HND,BSL,"8,006","$1,916.46","6,158 mi",22,$0.3112
SHE,YBP,"8,004",$198.10,"1,342 mi",22,$0.1476
TPE,JHB,"8,003",$136.68,"1,938 mi",22,$0.0705
HKG,SJO,"8,001",$790.44,"10,186 mi",22,$0.0776
PVG,AGP,"7,999",$646.42,"6,803 mi",22,$0.0950
ICN,ANC,"7,997",$947.80,"3,903 mi",22,$0.2428
CGO,ALA,"7,988",$271.72,"2,113 mi",22,$0.1286
HKT,XMN,"7,988",$120.06,"1,784 mi",22,$0.0673
BKK,JAI,"7,986",$90.77,"1,903 mi",22,$0.0477
NRT,IAD,"7,986","$1,370.72","6,940 mi",22,$0.1975
CAN,POM,"7,983",$596.23,"3,322 mi",22,$0.1795
HKG,AKJ,"7,982",$445.92,"2,262 mi",22,$0.1971
RGN,FUK,"7,982",$367.46,"2,491 mi",22,$0.1475
DVO,USU,"7,982",$56.19,527 mi,22,$0.1066
PEK,DEN,"7,979","$1,146.66","6,522 mi",22,$0.1758
MNL,SAT,"7,979",$880.68,"8,665 mi",22,$0.1016
SZX,LED,"7,977",$418.85,"4,514 mi",22,$0.0928
CGK,CPT,"7,975","$1,005.40","6,047 mi",22,$0.1663
HND,MEX,"7,975",$934.22,"6,818 mi",22,$0.1370
CNX,TLV,"7,971",$793.04,"3,925 mi",22,$0.2020
KUL,LYS,"7,966",$496.49,"6,209 mi",22,$0.0800
DAD,MUC,"7,959",$508.86,"5,511 mi",22,$0.0923
HKG,PHL,"7,951","$1,359.96","7,857 mi",22,$0.1731
KIX,KTI,"7,943",$249.85,"2,560 mi",22,$0.0976
TPE,TPA,"7,938",$954.20,"8,191 mi",22,$0.1165
USM,MEL,"7,937",$655.58,"4,490 mi",22,$0.1460
HGH,LGW,"7,937",$323.09,"5,931 mi",22,$0.0545
PKX,EVN,"7,937",$281.14,"3,598 mi",22,$0.0781
SIN,LOS,"7,929",$956.43,"6,731 mi",22,$0.1421
BKK,QYG,"7,923",$382.50,"5,526 mi",22,$0.0692
HKT,MSQ,"7,921",$255.05,"5,115 mi",22,$0.0499
KIX,MLA,"7,917",$573.85,"6,449 mi",22,$0.0890
SGN,YWG,"7,915",$466.28,"7,758 mi",22,$0.0601
HND,ZAG,"7,911",$724.10,"5,642 mi",22,$0.1283
CAN,OKA,"7,908",$132.02,948 mi,22,$0.1393
HKG,DGT,"7,906",$56.60,"1,058 mi",22,$0.0535
BKK,KOJ,"7,906",$431.25,"2,202 mi",22,$0.1958
PVG,PIT,"7,897","$1,376.27","7,509 mi",22,$0.1833
CNX,CDG,"7,894",$430.80,"5,694 mi",22,$0.0757
SIN,SNO,"7,892",$91.12,"1,061 mi",22,$0.0859
HKT,PNH,"7,889",$120.04,489 mi,22,$0.2455
HND,RVN,"7,889",$671.49,"4,717 mi",22,$0.1424
XMN,EZE,"7,889",$975.02,"12,050 mi",22,$0.0809
BKK,XUZ,"7,876",$123.26,"1,808 mi",22,$0.0682
HND,ELP,"7,875",$855.05,"5,928 mi",22,$0.1442
MNL,GOT,"7,868",$384.27,"5,858 mi",22,$0.0656
CKG,YNJ,"7,866",$227.55,"1,507 mi",22,$0.1510
HGH,BUD,"7,865",$149.69,"5,031 mi",22,$0.0298
NRT,CEI,"7,865",$224.56,"2,600 mi",22,$0.0864
NRT,YYJ,"7,864",$699.12,"4,811 mi",22,$0.1453
BKK,VCS,"7,861",$120.74,541 mi,22,$0.2232
MNL,JHB,"7,854",$188.15,"1,437 mi",22,$0.1309
ICN,CCU,"7,849",$305.06,"2,397 mi",22,$0.1273
CAN,TIJ,"7,842",$681.74,"7,566 mi",21,$0.0901
SIN,RDU,"7,836","$2,095.98","10,153 mi",21,$0.2064
DAD,KCH,"7,834",$77.86,986 mi,21,$0.0790
SHE,VVO,"7,832",$138.20,471 mi,21,$0.2934
NGO,YCU,"7,830",$110.64,"1,411 mi",21,$0.0784
SZX,KCH,"7,828",$124.57,"1,436 mi",21,$0.0867
CAN,KAN,"7,825",$364.43,"7,002 mi",21,$0.0520
PEN,LAX,"7,820","$1,300.05","8,470 mi",21,$0.1535
BKK,AUS,"7,814","$1,001.78","9,441 mi",21,$0.1061
MNL,RSU,"7,809",$340.94,"1,508 mi",21,$0.2261
MNL,VTE,"7,806",$260.24,"1,284 mi",21,$0.2027
WUH,CTS,"7,805",$197.07,"1,773 mi",21,$0.1112
MFM,KHN,"7,803",$62.79,471 mi,21,$0.1333
RGN,CMB,"7,799",$257.54,"1,325 mi",21,$0.1944
DPS,AVV,"7,797",$126.07,"2,805 mi",21,$0.0449
PEN,MUC,"7,796",$893.45,"5,700 mi",21,$0.1567
PVG,YIW,"7,795",$109.38,158 mi,21,$0.6923
TPE,PXU,"7,784",$123.30,"1,116 mi",21,$0.1105
SZX,BER,"7,782",$389.79,"5,243 mi",21,$0.0743
KHH,URC,"7,780",$277.29,"2,307 mi",21,$0.1202
CAN,MPM,"7,776",$672.50,"6,188 mi",21,$0.1087
HKG,DTW,"7,776","$1,255.97","8,079 mi",21,$0.1555
KIX,AGP,"7,775",$425.67,"6,677 mi",21,$0.0638
HAN,LEJ,"7,772",$432.75,"5,074 mi",21,$0.0853
HKG,BOG,"7,766",$993.00,"10,807 mi",21,$0.0919
SIN,NAP,"7,766",$799.12,"6,325 mi",21,$0.1263
DPS,CTS,"7,764",$384.80,"4,050 mi",21,$0.0950
KBV,DEL,"7,763",$121.22,"1,947 mi",21,$0.0623
CAN,OUA,"7,762",$772.07,"7,166 mi",21,$0.1077
NRT,ZAG,"7,760",$637.29,"5,649 mi",21,$0.1128
HKT,NNT,"7,755",$129.83,734 mi,21,$0.1769
NRT,AMD,"7,752",$738.24,"3,969 mi",21,$0.1860
WUH,IST,"7,747",$338.19,"4,777 mi",21,$0.0708
BKK,JJN,"7,745",$99.16,"1,349 mi",21,$0.0735
HAN,CAI,"7,745",$403.39,"4,458 mi",21,$0.0905
WUH,MAN,"7,733",$363.09,"5,659 mi",21,$0.0642
KUL,BSR,"7,730","$1,076.64","3,890 mi",21,$0.2768
SHE,LZO,"7,730",$148.56,"1,373 mi",21,$0.1082
KUL,YIW,"7,723",$153.83,"2,262 mi",21,$0.0680
KIX,DEN,"7,719","$1,229.36","5,859 mi",21,$0.2098
DPS,KBR,"7,717",$134.04,"1,319 mi",21,$0.1016
PNH,TSN,"7,716",$138.38,"2,116 mi",21,$0.0654
CNX,SAI,"7,714",$188.99,496 mi,21,$0.3810
CGK,MCO,"7,713",$925.70,"10,486 mi",21,$0.0883
HAN,IAH,"7,712",$916.04,"8,370 mi",21,$0.1094
URC,LJG,"7,704",$162.92,"1,346 mi",21,$0.1210
CGK,HEL,"7,700","$1,241.84","6,114 mi",21,$0.2031
PEN,SYD,"7,697",$501.65,"4,413 mi",21,$0.1137
PVG,CLE,"7,695","$1,493.12","6,985 mi",21,$0.2138
SGN,SWA,"7,692",$79.04,"1,126 mi",21,$0.0702
HKT,WNZ,"7,690",$106.55,"2,069 mi",21,$0.0515
SGN,LIS,"7,689",$631.01,"6,866 mi",21,$0.0919
CAN,IAD,"7,684",$699.66,"7,832 mi",21,$0.0893
PNH,FUK,"7,684",$263.10,"2,287 mi",21,$0.1150
HND,NGB,"7,682",$419.44,"1,100 mi",21,$0.3813
PEN,TSN,"7,671",$237.57,"2,646 mi",21,$0.0898
PVG,JGD,"7,670",$135.61,"1,374 mi",21,$0.0987
TPE,BOI,"7,669","$1,501.80","6,654 mi",21,$0.2257
CAN,IPH,"7,668",$137.06,"1,488 mi",21,$0.0921
PEN,YIA,"7,658",$248.84,"1,169 mi",21,$0.2129
TPE,TNA,"7,657",$186.96,873 mi,21,$0.2142
HKG,LXA,"7,650",$256.97,"1,462 mi",21,$0.1758
CAN,OSL,"7,647",$321.25,"5,069 mi",21,$0.0634
BWN,NNG,"7,646",$255.76,"1,340 mi",21,$0.1909
NRT,CMH,"7,646","$1,434.67","6,719 mi",21,$0.2135
SGN,MRS,"7,645",$468.06,"6,455 mi",21,$0.0725
PVG,PTY,"7,642","$1,085.11","9,604 mi",21,$0.1130
BKK,SOF,"7,638",$474.23,"5,090 mi",21,$0.0932
HKG,HNA,"7,637",$523.67,"2,048 mi",21,$0.2557
HKT,ATH,"7,635",$300.79,"5,174 mi",21,$0.0581
SIN,YNJ,"7,632",$143.62,"3,173 mi",21,$0.0453
NGO,TNE,"7,630",$187.91,438 mi,21,$0.4290
PVG,BAH,"7,627",$673.68,"4,124 mi",21,$0.1634
DPS,BSL,"7,626",$478.87,"7,709 mi",21,$0.0621
HGH,ENY,"7,623",$190.55,742 mi,21,$0.2568
PVG,IND,"7,621","$1,920.67","7,436 mi",21,$0.2583
SHE,AMS,"7,614",$248.64,"5,136 mi",21,$0.0484
PVG,BLL,"7,605",$835.85,"5,409 mi",21,$0.1545
CKG,ALA,"7,602",$267.50,"1,935 mi",21,$0.1382
KIX,VCA,"7,599",$276.20,"2,585 mi",21,$0.1068
CNX,CTS,"7,594",$169.09,"3,074 mi",21,$0.0550
PKX,TPE,"7,589",$135.74,"1,067 mi",21,$0.1272
HGH,SUB,"7,587",$311.03,"2,726 mi",21,$0.1141
DPS,ATL,"7,585","$1,254.39","10,003 mi",21,$0.1254
CGK,KTM,"7,583",$338.55,"2,817 mi",21,$0.1202
DPS,ATQ,"7,567",$230.91,"3,978 mi",21,$0.0580
NGO,XMN,"7,566",$208.61,"1,365 mi",21,$0.1528
KIX,OOL,"7,565",$496.59,"4,351 mi",21,$0.1141
PVG,TIA,"7,559",$339.56,"5,228 mi",21,$0.0650
SZX,DQA,"7,558",$212.29,"1,834 mi",21,$0.1158
PVG,TUN,"7,556",$486.18,"6,167 mi",21,$0.0788
SIN,KRK,"7,553",$624.01,"5,712 mi",21,$0.1092
ICN,XNN,"7,553",$137.71,"1,385 mi",21,$0.0994
ICN,KWI,"7,550",$853.52,"4,568 mi",21,$0.1868
CNX,CSX,"7,542",$94.85,"1,079 mi",21,$0.0879
KUL,BDJ,"7,541",$158.51,"1,027 mi",21,$0.1543
HND,TYS,"7,539","$1,195.98","6,962 mi",21,$0.1718
SIN,OPO,"7,539",$775.17,"7,097 mi",21,$0.1092
DPS,BNK,"7,539",$396.23,"2,764 mi",21,$0.1434
CGO,MLE,"7,535",$305.94,"3,222 mi",21,$0.0950
HKT,VTE,"7,528",$90.20,762 mi,21,$0.1184
BKK,CTA,"7,523",$337.60,"5,251 mi",21,$0.0643
PVG,STL,"7,522","$1,317.32","6,968 mi",21,$0.1891
CAN,DNH,"7,518",$537.33,"1,628 mi",21,$0.3301
URC,IKA,"7,511",$286.13,"2,061 mi",21,$0.1388
SIN,ALA,"7,509",$661.76,"3,442 mi",21,$0.1923
MNL,HAS,"7,502",$346.27,"5,271 mi",21,$0.0657
NRT,KOA,"7,501",$591.37,"3,853 mi",21,$0.1535
HKG,TPA,"7,497","$1,625.74","8,529 mi",21,$0.1906
HND,OTP,"7,495",$925.00,"5,355 mi",21,$0.1727
CEB,LAS,"7,494",$578.50,"7,212 mi",21,$0.0802
SGN,DLU,"7,494",$78.62,"1,072 mi",21,$0.0733
PKX,RGN,"7,492",$123.86,"2,039 mi",21,$0.0607
BKK,HKD,"7,490",$609.19,"3,173 mi",21,$0.1920
CAN,CZL,"7,486",$613.42,"6,313 mi",21,$0.0972
CEB,SYD,"7,477",$318.85,"3,434 mi",20,$0.0929
KUL,IKA,"7,469",$591.30,"4,055 mi",20,$0.1458
MNL,MEX,"7,466","$1,209.25","9,105 mi",20,$0.1328
BKK,BGO,"7,460",$487.24,"5,754 mi",20,$0.0847
CGK,OSL,"7,457",$912.19,"6,573 mi",20,$0.1388
CAN,MJI,"7,455",$571.73,"6,071 mi",20,$0.0942
KNO,TTE,"7,454",$429.57,"1,919 mi",20,$0.2239
BKK,RDU,"7,453",$991.23,"8,742 mi",20,$0.1134
HND,WEH,"7,453",$187.80,"1,010 mi",20,$0.1859
SIN,HAJ,"7,448","$1,157.50","6,134 mi",20,$0.1887
NGO,SHB,"7,445",$224.38,765 mi,20,$0.2933
ICN,ACC,"7,444",$820.07,"8,135 mi",20,$0.1008
NRT,LGA,"7,443",$739.54,"6,517 mi",20,$0.1135
PEK,MRU,"7,437",$918.42,"5,471 mi",20,$0.1679
CAN,KBR,"7,435",$127.44,"1,439 mi",20,$0.0886
NRT,YNJ,"7,430",$229.10,740 mi,20,$0.3096
KHH,KWE,"7,429",$168.24,867 mi,20,$0.1940
DPS,PNH,"7,426",$240.14,"1,524 mi",20,$0.1576
SGN,YOW,"7,423",$638.99,"8,298 mi",20,$0.0770
CEB,VIE,"7,422",$474.02,"6,663 mi",20,$0.0711
KUL,BLQ,"7,421",$603.15,"5,923 mi",20,$0.1018
NRT,DLI,"7,420",$304.09,"2,518 mi",20,$0.1208
KUL,DAM,"7,419",$378.85,"4,833 mi",20,$0.0784
HND,SDF,"7,412","$1,352.13","6,373 mi",20,$0.2122
PVG,LIN,"7,410",$773.02,"5,498 mi",20,$0.1406
SIN,MCY,"7,410",$665.07,"3,681 mi",20,$0.1807
LGK,BOM,"7,399",$173.61,"2,069 mi",20,$0.0839
CGK,COK,"7,389",$288.21,"2,295 mi",20,$0.1256
CGK,KHN,"7,389",$225.72,"2,569 mi",20,$0.0879
NRT,WUX,"7,386",$235.41,"1,148 mi",20,$0.2051
TPE,BMV,"7,385",$98.90,"1,175 mi",20,$0.0842
HND,USM,"7,383",$507.04,"3,164 mi",20,$0.1603
HKG,OBO,"7,383",$368.17,"2,261 mi",20,$0.1628
HND,RIS,"7,383",$223.25,694 mi,20,$0.3217
SIN,SOQ,"7,382",$412.74,"1,825 mi",20,$0.2262
CEB,RUH,"7,382",$352.67,"5,282 mi",20,$0.0668
DVO,RUH,"7,381",$415.39,"5,480 mi",20,$0.0758
KNO,AMS,"7,379",$636.53,"6,378 mi",20,$0.0998
KBV,CDG,"7,377",$481.31,"5,903 mi",20,$0.0815
XMN,YIC,"7,372",$115.50,337 mi,20,$0.3427
LGK,PVG,"7,368",$170.53,"2,164 mi",20,$0.0788
TPE,WNZ,"7,364",$84.42,191 mi,20,$0.4420
SIN,LED,"7,362",$610.58,"5,409 mi",20,$0.1129
NGO,YVR,"7,359",$607.03,"4,702 mi",20,$0.1291
HKT,CMN,"7,356",$373.63,"7,013 mi",20,$0.0533
ICN,LOS,"7,352",$544.32,"7,451 mi",20,$0.0731
RGN,LUM,"7,351",$123.75,524 mi,20,$0.2362
DPS,HRB,"7,349",$239.08,"3,704 mi",20,$0.0645
HKT,YYZ,"7,346",$772.82,"9,122 mi",20,$0.0847
MNL,DRW,"7,345",$518.56,"1,920 mi",20,$0.2701
HKT,OOL,"7,342",$429.05,"4,586 mi",20,$0.0936
SGN,HIJ,"7,331",$275.46,"2,394 mi",20,$0.1151
SIN,KMQ,"7,331",$418.37,"3,281 mi",20,$0.1275
CEB,YYC,"7,329",$457.05,"6,758 mi",20,$0.0676
CGK,VTE,"7,324",$348.34,"1,638 mi",20,$0.2127
HGH,BEG,"7,320",$380.99,"5,073 mi",20,$0.0751
BKK,SVG,"7,313",$450.68,"5,759 mi",20,$0.0783
USM,GVA,"7,310",$441.97,"5,752 mi",20,$0.0768
HGH,TNH,"7,298",$144.97,855 mi,20,$0.1696
SIN,IDR,"7,295",$99.29,"2,471 mi",20,$0.0402
CAN,BAV,"7,294",$169.57,"1,166 mi",20,$0.1454
KIX,TAC,"7,291",$134.00,"1,779 mi",20,$0.0753
CNX,PQC,"7,290",$94.28,703 mi,20,$0.1341
NRT,BEG,"7,289",$690.58,"5,900 mi",20,$0.1170
PEK,TCZ,"7,288",$147.03,"1,524 mi",20,$0.0965
ICN,BEG,"7,283",$535.45,"5,281 mi",20,$0.1014
PVG,BIO,"7,280",$621.21,"6,405 mi",20,$0.0970
DMK,SBW,"7,279",$42.71,"1,152 mi",20,$0.0371
SGN,ICT,"7,278",$581.96,"8,480 mi",20,$0.0686
PKX,CMB,"7,277",$156.55,"3,273 mi",20,$0.0478
HND,CBR,"7,277","$1,155.70","5,081 mi",20,$0.2275
HND,MEM,"7,275","$1,397.05","6,403 mi",20,$0.2182
TPE,SHA,"7,275",$211.92,410 mi,20,$0.5169
SIN,PNK,"7,274",$147.31,376 mi,20,$0.3918
NRT,DGT,"7,273",$126.37,"2,055 mi",20,$0.0615
PEK,TLS,"7,273",$891.06,"5,549 mi",20,$0.1606
DVO,HND,"7,272",$294.94,"2,224 mi",20,$0.1326
KUL,DSN,"7,271",$182.87,"2,668 mi",20,$0.0685
DPS,MLE,"7,267",$410.48,"2,914 mi",20,$0.1409
HKT,AKL,"7,266",$687.37,"5,997 mi",20,$0.1146
HAN,USM,"7,264",$219.89,865 mi,20,$0.2542
HKG,BLQ,"7,262",$818.18,"5,561 mi",20,$0.1471
HGH,LOS,"7,262",$511.79,"7,337 mi",20,$0.0698
XMN,WEH,"7,255",$226.74,933 mi,20,$0.2430
SZX,HMI,"7,253",$223.50,"1,866 mi",20,$0.1198
HKT,YVR,"7,250",$526.33,"7,985 mi",20,$0.0659
SIN,KHG,"7,247",$347.21,"3,266 mi",20,$0.1063
DPS,DLC,"7,242",$186.25,"3,222 mi",20,$0.0578
ICN,MRU,"7,239",$510.79,"6,172 mi",20,$0.0828
MNL,JNB,"7,231",$898.22,"6,619 mi",20,$0.1357
PVG,YOW,"7,230","$1,069.86","7,251 mi",20,$0.1475
SGN,YIW,"7,214",$93.13,"1,498 mi",20,$0.0622
SZX,TCZ,"7,214",$127.78,"1,010 mi",20,$0.1265
SHE,LGW,"7,212",$279.73,"5,343 mi",20,$0.0524
HKG,KUH,"7,211",$450.30,"2,315 mi",20,$0.1945
HND,LED,"7,207",$476.21,"4,878 mi",20,$0.0976
NRT,MWX,"7,204",$107.82,814 mi,20,$0.1325
CKG,CDE,"7,203",$245.50,985 mi,20,$0.2492
MNL,KCH,"7,199",$178.80,"1,123 mi",20,$0.1592
PVG,NAP,"7,197",$528.73,"5,478 mi",20,$0.0965
HAN,JNB,"7,196",$568.61,"6,320 mi",20,$0.0900
SIN,RIX,"7,196",$772.92,"5,591 mi",20,$0.1382
KHH,HAK,"7,194",$132.19,682 mi,20,$0.1938
KNO,SZX,"7,190",$140.93,"1,700 mi",20,$0.0829
NRT,MPH,"7,186",$121.78,"2,069 mi",20,$0.0589
CEB,YEG,"7,183",$462.55,"7,109 mi",20,$0.0651
HND,YEG,"7,183",$544.65,"4,752 mi",20,$0.1146
CGK,OOL,"7,182",$607.02,"3,521 mi",20,$0.1724
PVG,UUS,"7,173",$244.50,"1,601 mi",20,$0.1527
CEB,MCO,"7,172",$778.05,"8,994 mi",20,$0.0865
SGN,HET,"7,172",$74.25,"2,162 mi",20,$0.0343
ICN,LGK,"7,168",$201.82,"2,810 mi",20,$0.0718
PVG,BSL,"7,168","$1,713.29","5,475 mi",20,$0.3129
PEK,HSN,"7,167",$219.73,750 mi,20,$0.2930
BWN,PKX,"7,163",$305.45,"2,318 mi",20,$0.1318
KIX,CMN,"7,161",$746.94,"6,954 mi",20,$0.1074
KNO,PLW,"7,158",$395.72,"1,531 mi",20,$0.2585
CGO,FRA,"7,150",$322.04,"4,882 mi",20,$0.0660
CNX,ROI,"7,149",$65.64,377 mi,20,$0.1741
PEN,KWE,"7,146",$149.10,"1,575 mi",20,$0.0947
CTU,DPS,"7,143",$337.91,"2,902 mi",20,$0.1164
SIN,TSV,"7,142",$580.91,"3,328 mi",20,$0.1746
HND,CCU,"7,141",$437.66,"3,283 mi",20,$0.1333
HGH,JNB,"7,137",$451.58,"7,007 mi",20,$0.0644
SIN,ABZ,"7,133","$1,120.81","6,940 mi",20,$0.1615
TSN,BAR,"7,130",$178.07,"1,484 mi",20,$0.1200
HKG,MSJ,"7,123",$769.46,"2,103 mi",20,$0.3659
CKG,XIL,"7,122",$149.35,"1,139 mi",20,$0.1311
SIN,KEF,"7,117",$756.25,"6,963 mi",19,$0.1086
PVG,DLI,"7,116",$143.65,"1,639 mi",19,$0.0876
HKT,GOT,"7,115",$451.78,"5,766 mi",19,$0.0784
HKT,GLA,"7,110",$541.83,"6,428 mi",19,$0.0843
DAD,PKX,"7,105",$163.99,"1,746 mi",19,$0.0939
TPE,HYD,"7,105",$453.98,"2,883 mi",19,$0.1575
CNX,ORD,"7,100",$615.44,"7,970 mi",19,$0.0772
MNL,TNA,"7,097",$197.07,"1,609 mi",19,$0.1225
SGN,SAT,"7,096",$556.98,"8,909 mi",19,$0.0625
BKK,IXC,"7,092",$98.65,"1,865 mi",19,$0.0529
BKK,CGN,"7,090",$492.16,"5,473 mi",19,$0.0899
CGK,MLE,"7,089",$324.01,"2,322 mi",19,$0.1395
CGK,TUU,"7,084",$371.69,"5,383 mi",19,$0.0690
HAN,DAC,"7,083",$254.57,"1,029 mi",19,$0.2474
CEB,MFM,"7,080",$97.13,"1,101 mi",19,$0.0882
HAN,CJU,"7,077",$143.73,"1,568 mi",19,$0.0917
KIX,MRS,"7,077",$662.00,"6,018 mi",19,$0.1100
CTU,AKL,"7,077",$374.60,"6,734 mi",19,$0.0556
SIN,PHE,"7,076",$486.15,"1,853 mi",19,$0.2624
KHH,CXR,"7,074",$175.79,"1,004 mi",19,$0.1751
ICN,MMB,"7,069",$141.67,995 mi,19,$0.1424
HKG,STR,"7,065","$1,241.22","5,872 mi",19,$0.2114
CGO,CJJ,"7,065",$91.59,804 mi,19,$0.1139
ICN,FLR,"7,062",$774.54,"5,349 mi",19,$0.1448
DPS,ALG,"7,060",$817.63,"8,026 mi",19,$0.1019
CKG,JUH,"7,056",$105.38,683 mi,19,$0.1543
ICN,ADD,"7,055",$663.55,"5,885 mi",19,$0.1128
HAN,MCT,"7,052",$246.71,"2,935 mi",19,$0.0841
CGK,CNS,"7,050",$676.11,"2,825 mi",19,$0.2393
PEK,NAN,"7,049",$964.90,"5,420 mi",19,$0.1780
ICN,ZAM,"7,049",$167.98,"2,064 mi",19,$0.0814
CTU,RUH,"7,045",$276.18,"3,380 mi",19,$0.0817
PEK,BLR,"7,044",$574.23,"2,906 mi",19,$0.1976
HGH,CMN,"7,042",$374.23,"6,678 mi",19,$0.0560
ICN,OOL,"7,040",$606.44,"5,008 mi",19,$0.1211
CAN,SOQ,"7,038",$151.13,"2,125 mi",19,$0.0711
CAN,SAI,"7,036",$90.65,885 mi,19,$0.1024
CKG,AMS,"7,036",$278.37,"5,234 mi",19,$0.0532
HKG,DCA,"7,036","$1,791.66","7,907 mi",19,$0.2266
SUB,SRG,"7,036",$65.48,173 mi,19,$0.3785
HKG,SAI,"7,033",$134.07,914 mi,19,$0.1467
USM,NCE,"7,032",$446.36,"6,082 mi",19,$0.0734
TPE,THD,"7,025",$91.02,"1,099 mi",19,$0.0828
BKK,KZN,"7,020",$146.02,"3,855 mi",19,$0.0379
HKT,BEG,"7,015",$278.83,"5,393 mi",19,$0.0517
HKT,RGN,"7,015",$89.98,606 mi,19,$0.1485
WUH,TCZ,"7,014",$119.29,"1,010 mi",19,$0.1181
NRT,BNA,"7,012","$1,301.15","6,821 mi",19,$0.1908
HND,WUX,"7,011",$588.07,"1,181 mi",19,$0.4979
ICN,MPH,"7,009",$133.68,"1,733 mi",19,$0.0771
TSN,CHG,"7,007",$58.15,226 mi,19,$0.2573
SIN,PBH,"7,004",$497.15,"2,103 mi",19,$0.2364
PVG,YEG,"6,999",$718.85,"5,553 mi",19,$0.1295
BKK,BLL,"6,997",$414.35,"5,665 mi",19,$0.0731
KUL,XUZ,"6,989",$165.12,"2,320 mi",19,$0.0712
WUH,AKL,"6,989",$312.24,"5,921 mi",19,$0.0527
DMK,UPG,"6,985",$289.66,"1,901 mi",19,$0.1524
PEK,MCO,"6,985","$1,222.61","7,792 mi",19,$0.1569
MNL,STL,"6,980","$1,047.79","7,988 mi",19,$0.1312
PKX,ACC,"6,976",$352.05,"7,567 mi",19,$0.0465
HND,HFE,"6,975",$390.35,"1,289 mi",19,$0.3028
DPS,IKA,"6,974",$849.95,"5,002 mi",19,$0.1699
SIN,YIH,"6,966",$139.18,"2,014 mi",19,$0.0691
HND,KRK,"6,962","$1,165.30","5,646 mi",19,$0.2064
HAN,VCE,"6,959",$545.91,"5,505 mi",19,$0.0992
HAN,EDI,"6,956",$451.51,"5,537 mi",19,$0.0815
CKG,RKZ,"6,953",$116.37,"1,010 mi",19,$0.1152
KIX,KOA,"6,953",$566.59,"4,396 mi",19,$0.1289
ICN,OGG,"6,948",$586.09,"4,805 mi",19,$0.1220
HKT,CJU,"6,947",$203.38,"2,436 mi",19,$0.0835
SIN,HIR,"6,943",$985.46,"3,810 mi",19,$0.2587
XMN,VCE,"6,937",$263.22,"5,902 mi",19,$0.0446
CGK,URC,"6,936",$484.15,"3,548 mi",19,$0.1365
MNL,COK,"6,936",$327.00,"2,931 mi",19,$0.1116
PKX,GVA,"6,934",$439.77,"4,964 mi",19,$0.0886
CAN,LFW,"6,929",$525.61,"7,201 mi",19,$0.0730
SGN,VKG,"6,927",$31.09,115 mi,19,$0.2703
NRT,KHI,"6,924",$618.45,"4,202 mi",19,$0.1472
TPE,TYN,"6,921",$185.91,981 mi,19,$0.1895
MNL,TAK,"6,920",$328.69,"1,537 mi",19,$0.2139
SIN,TPA,"6,920","$1,828.31","10,053 mi",19,$0.1819
CAN,EZE,"6,920","$1,221.91","11,161 mi",19,$0.1095
SZX,JHB,"6,918",$138.59,"1,555 mi",19,$0.0891
PVG,KMI,"6,915",$304.02,553 mi,19,$0.5498
NRT,DCA,"6,908","$1,264.60","6,552 mi",19,$0.1930
HKT,VCE,"6,906",$428.61,"5,793 mi",19,$0.0740
TPE,MLE,"6,905",$719.79,"3,371 mi",19,$0.2135
CEB,WAW,"6,903",$833.08,"6,011 mi",19,$0.1386
DPS,MKQ,"6,897",$508.41,"1,673 mi",19,$0.3039
SHE,YIH,"6,893",$120.21,985 mi,19,$0.1220
TPE,PER,"6,885",$480.64,"3,836 mi",19,$0.1253
HND,SYX,"6,881",$235.06,"2,269 mi",19,$0.1036
PNH,KHN,"6,881",$110.98,"1,435 mi",19,$0.0773
PVG,SRG,"6,881",$356.19,"2,658 mi",19,$0.1340
DMK,TNA,"6,880",$35.74,"1,830 mi",19,$0.0195
MNL,NGS,"6,876",$348.75,"1,431 mi",19,$0.2437
TSN,DQA,"6,875",$121.75,637 mi,19,$0.1911
KBV,TLV,"6,866",$421.45,"4,541 mi",19,$0.0928
HKG,HIR,"6,865",$928.46,"3,930 mi",19,$0.2362
HAN,HET,"6,863",$68.17,"1,359 mi",19,$0.0502
CAN,BSZ,"6,860",$307.25,"2,668 mi",19,$0.1152
KIX,WEH,"6,858",$96.14,730 mi,19,$0.1317
PEK,RDU,"6,853","$1,430.47","6,885 mi",19,$0.2078
NRT,COK,"6,853",$393.22,"4,225 mi",19,$0.0931
PNH,YYZ,"6,853",$788.94,"8,868 mi",19,$0.0890
HGH,DYG,"6,851",$136.53,623 mi,19,$0.2191
DVO,JJN,"6,850",$125.68,"1,268 mi",19,$0.0991
HND,DBV,"6,846",$756.18,"5,724 mi",19,$0.1321
DMK,LHW,"6,844",$30.10,"1,526 mi",19,$0.0197
DPS,BEG,"6,842",$525.08,"7,087 mi",19,$0.0741
SZX,WAW,"6,841",$511.94,"5,264 mi",19,$0.0973
MNL,GDN,"6,838",$737.54,"5,720 mi",19,$0.1289
HND,BJX,"6,834","$1,767.95","7,047 mi",19,$0.2509
BKK,BUS,"6,828",$376.95,"3,889 mi",19,$0.0969
DAD,CJU,"6,823",$185.99,"1,710 mi",19,$0.1088
KIX,OTP,"6,813",$712.83,"5,242 mi",19,$0.1360
BKK,FLR,"6,810",$671.74,"5,379 mi",19,$0.1249
ICN,ZQN,"6,808",$655.99,"6,091 mi",19,$0.1077
PVG,HPH,"6,807",$326.40,"1,140 mi",19,$0.2863
MNL,RGN,"6,807",$318.50,"1,612 mi",19,$0.1976
PVG,NZH,"6,807",$140.35,"1,333 mi",19,$0.1053
HAN,UBN,"6,797",$349.94,"1,772 mi",19,$0.1975
CTU,OKA,"6,796",$307.65,"1,513 mi",19,$0.2033
SZX,LOS,"6,796","$1,091.24","7,109 mi",19,$0.1535
HKG,HAJ,"6,793","$1,003.23","5,739 mi",19,$0.1748
SUB,FOC,"6,789",$266.53,"2,418 mi",19,$0.1102
NGO,OKE,"6,785",$211.39,680 mi,19,$0.3109
HND,NCL,"6,783","$1,495.95","5,602 mi",19,$0.2670
HKG,CLE,"6,781","$1,148.14","8,157 mi",19,$0.1408
KUL,BOS,"6,781","$1,174.82","9,007 mi",19,$0.1304
CEB,FCO,"6,779",$586.79,"7,029 mi",19,$0.0835
NRT,CUN,"6,779",$846.04,"7,664 mi",19,$0.1104
HGH,KTM,"6,773",$176.76,"2,183 mi",19,$0.0810
PNH,YUL,"6,772",$622.79,"8,241 mi",19,$0.0756
DPS,STN,"6,769",$710.65,"7,516 mi",19,$0.0946
PVG,HRE,"6,768",$646.82,"7,099 mi",19,$0.0911
CGK,CTU,"6,765",$317.17,"2,466 mi",19,$0.1286
BKK,KCZ,"6,762",$697.77,"2,551 mi",19,$0.2735
URC,YNZ,"6,761",$241.77,"1,950 mi",19,$0.1240
HKG,ENH,"6,759",$71.51,637 mi,19,$0.1123
BKK,TLL,"6,756",$520.14,"5,059 mi",19,$0.1028
KUL,OTP,"6,756",$541.09,"5,218 mi",19,$0.1037
PKX,JHB,"6,753",$206.19,"2,819 mi",19,$0.0731
SGN,DTW,"6,751",$751.46,"8,980 mi",18,$0.0837
TPE,LJG,"6,749",$216.88,"1,347 mi",18,$0.1610
KUL,ZAG,"6,748",$569.00,"5,696 mi",18,$0.0999
PVG,TPA,"6,746","$1,243.57","8,289 mi",18,$0.1500
PEK,KEF,"6,746",$579.37,"5,056 mi",18,$0.1146
DPS,SOF,"6,743",$456.79,"6,515 mi",18,$0.0701
ICN,STR,"6,743",$965.38,"5,190 mi",18,$0.1860
MNL,NBO,"6,741",$819.50,"6,021 mi",18,$0.1361
CGO,CNX,"6,739",$96.21,"1,463 mi",18,$0.0658
TPE,ELP,"6,738","$1,017.42","7,183 mi",18,$0.1416
HKT,KTM,"6,737",$129.56,"1,644 mi",18,$0.0788
NGO,ORD,"6,737","$1,687.90","6,228 mi",18,$0.2710
MNL,BNA,"6,735","$1,111.78","8,753 mi",18,$0.1270
PNH,SJW,"6,735",$105.39,"2,003 mi",18,$0.0526
CEB,MUC,"6,734",$427.64,"6,867 mi",18,$0.0623
HGH,ACF,"6,733",$250.20,"2,365 mi",18,$0.1058
HGH,BOS,"6,728","$2,177.97","7,589 mi",18,$0.2870
SZX,SFO,"6,728","$1,273.67","6,694 mi",18,$0.1903
HKT,HTA,"6,724",$186.21,"3,246 mi",18,$0.0574
CNX,JFK,"6,723","$1,068.36","8,056 mi",18,$0.1326
PVG,QYG,"6,719",$750.37,"5,036 mi",18,$0.1490
ICN,HAJ,"6,717",$866.62,"5,003 mi",18,$0.1732
KUL,LED,"6,715",$410.37,"5,578 mi",18,$0.0736
HKG,THD,"6,709",$151.96,552 mi,18,$0.2753
BKK,LCA,"6,706",$619.82,"4,524 mi",18,$0.1370
ICN,JHB,"6,706",$185.92,"2,954 mi",18,$0.0629
NRT,FLL,"6,706","$1,244.74","7,190 mi",18,$0.1731
HKG,FLR,"6,705","$1,095.30","5,931 mi",18,$0.1847
KIX,AUH,"6,700",$924.32,"4,632 mi",18,$0.1996
ICN,OBO,"6,699",$128.25,985 mi,18,$0.1302
PEK,KTM,"6,692",$220.37,"2,030 mi",18,$0.1086
PNH,NTG,"6,692",$265.11,"1,698 mi",18,$0.1561
TSN,ZHY,"6,688",$109.66,649 mi,18,$0.1690
ICN,MCT,"6,687",$607.53,"4,203 mi",18,$0.1445
CEB,CGK,"6,681",$306.43,"1,695 mi",18,$0.1808
HND,BOI,"6,680","$1,287.65","5,029 mi",18,$0.2560
CTU,FRA,"6,678",$320.78,"4,707 mi",18,$0.0681
CGO,SFO,"6,674",$685.21,"6,096 mi",18,$0.1124
HKG,WLG,"6,674",$728.65,"5,696 mi",18,$0.1279
HND,PMO,"6,674",$707.24,"6,497 mi",18,$0.1089
NRT,CPT,"6,672","$1,031.03","8,908 mi",18,$0.1157
BKK,TAC,"6,671",$46.51,"1,695 mi",18,$0.0274
NRT,IKA,"6,665",$667.48,"4,669 mi",18,$0.1430
CGK,POM,"6,661","$1,836.76","2,701 mi",18,$0.6800
CAN,TLV,"6,661",$955.27,"4,590 mi",18,$0.2081
MNL,YNT,"6,659",$343.33,"1,647 mi",18,$0.2085
HGH,JMU,"6,655",$158.51,"1,229 mi",18,$0.1290
DVO,KUL,"6,654",$170.63,"1,624 mi",18,$0.1051
MNL,POS,"6,654","$1,184.34","10,373 mi",18,$0.1142
USM,BOM,"6,653",$372.28,"1,991 mi",18,$0.1870
HND,ANC,"6,652","$1,063.04","3,562 mi",18,$0.2984
MNL,LIM,"6,648","$1,206.19","11,541 mi",18,$0.1045
CTU,SYM,"6,647",$91.22,585 mi,18,$0.1559
CAN,HLH,"6,644",$216.52,"1,698 mi",18,$0.1275
SGN,KTM,"6,641",$231.18,"1,753 mi",18,$0.1319
NGO,RGN,"6,639",$410.58,"2,874 mi",18,$0.1429
SIN,ISB,"6,637",$503.77,"3,092 mi",18,$0.1629
DAD,DFW,"6,633",$604.32,"8,926 mi",18,$0.0677
CGK,EDI,"6,630",$969.39,"7,558 mi",18,$0.1283
CNX,BFV,"6,628",$69.09,363 mi,18,$0.1903
PEN,ZRH,"6,625",$901.76,"5,848 mi",18,$0.1542
CAN,TWC,"6,621",$248.32,"2,366 mi",18,$0.1050
HND,TNA,"6,620",$202.91,"1,220 mi",18,$0.1663
PKX,EDI,"6,612",$486.30,"4,811 mi",18,$0.1011
CAN,OTP,"6,608",$563.86,"5,117 mi",18,$0.1102
XMN,CTS,"6,606",$257.54,"1,893 mi",18,$0.1360
PEK,MAA,"6,605",$460.08,"2,979 mi",18,$0.1544
TPE,SRG,"6,601",$268.39,"2,402 mi",18,$0.1117
HAN,ITM,"6,597",$478.05,"2,086 mi",18,$0.2292
NGO,MXP,"6,593",$652.58,"5,822 mi",18,$0.1121
KNO,LGK,"6,590",$74.60,190 mi,18,$0.3926
BKK,NGS,"6,586","$1,011.17","2,196 mi",18,$0.4605
DAD,HYD,"6,582",$178.88,"2,029 mi",18,$0.0882
DPS,SBW,"6,579",$90.80,816 mi,18,$0.1113
TSN,LHR,"6,576",$431.50,"4,989 mi",18,$0.0865
ICN,COS,"6,570",$688.34,"6,058 mi",18,$0.1136
HGH,KRY,"6,568",$254.32,"2,114 mi",18,$0.1203
XMN,JGN,"6,568",$198.93,"1,608 mi",18,$0.1237
DPS,KBV,"6,562",$127.54,"1,563 mi",18,$0.0816
SZX,YNJ,"6,557",$234.06,"1,612 mi",18,$0.1452
PEN,PER,"6,556",$290.22,"2,689 mi",18,$0.1079
HGH,LYA,"6,551",$93.57,546 mi,18,$0.1714
KUL,URT,"6,544",$73.25,490 mi,18,$0.1495
TPE,ADL,"6,543",$601.63,"4,170 mi",18,$0.1443
DPS,TPA,"6,542",$941.71,"10,997 mi",18,$0.0856
CGK,CGQ,"6,541",$291.25,"3,551 mi",18,$0.0820
NGO,SAI,"6,537",$203.13,"2,440 mi",18,$0.0833
RGN,LHR,"6,537",$482.25,"5,754 mi",18,$0.0838
KUL,MRS,"6,535",$657.98,"6,221 mi",18,$0.1058
KNO,TJQ,"6,533",$277.39,778 mi,18,$0.3565
KNO,AMQ,"6,532",$432.68,"2,142 mi",18,$0.2020
HKG,YOW,"6,528","$1,025.81","7,493 mi",18,$0.1369
HAN,LED,"6,526",$338.86,"4,593 mi",18,$0.0738
MNL,SLL,"6,526",$567.01,"4,299 mi",18,$0.1319
SZX,CPH,"6,526",$473.57,"5,192 mi",18,$0.0912
CTU,LUM,"6,525",$93.38,556 mi,18,$0.1679
CKG,IST,"6,518",$255.69,"4,180 mi",18,$0.0612
PNH,FRA,"6,518",$470.19,"6,059 mi",18,$0.0776
PNH,SYD,"6,515",$484.37,"4,504 mi",18,$0.1075
MNL,MVD,"6,515","$1,180.53","11,351 mi",18,$0.1040
KBV,ZRH,"6,512",$498.08,"5,652 mi",18,$0.0881
HGH,OKA,"6,510",$65.04,504 mi,18,$0.1290
HND,BOG,"6,508","$1,480.25","8,624 mi",18,$0.1716
CAN,ARN,"6,505",$394.40,"5,166 mi",18,$0.0763
HAN,OTP,"6,499",$437.70,"4,847 mi",18,$0.0903
SIN,VNS,"6,495",$127.24,"2,245 mi",18,$0.0567
ICN,MLA,"6,493",$565.47,"5,932 mi",18,$0.0953
CEB,CPH,"6,489",$496.23,"6,627 mi",18,$0.0749
ICN,YHZ,"6,489",$759.09,"6,913 mi",18,$0.1098
SIN,ACC,"6,489",$926.05,"7,397 mi",18,$0.1252
CGO,FUK,"6,488",$125.52,981 mi,18,$0.1280
BKK,TKS,"6,487",$594.27,"2,467 mi",18,$0.2409
BKK,TRD,"6,487",$485.22,"5,529 mi",18,$0.0878
HKG,ATQ,"6,479",$134.10,"2,406 mi",18,$0.0557
KIX,LYS,"6,469",$684.00,"6,269 mi",18,$0.1091
DPS,BOS,"6,468","$1,162.25","10,387 mi",18,$0.1119
PKX,VIE,"6,468",$272.32,"4,791 mi",18,$0.0568
CRK,FCO,"6,463",$434.17,"6,615 mi",18,$0.0656
MNL,ZQN,"6,461",$542.18,"4,930 mi",18,$0.1100
SHE,CTS,"6,457",$140.33,905 mi,18,$0.1551
HGH,BGW,"6,455",$551.04,"4,246 mi",18,$0.1298
MNL,HRB,"6,451",$233.23,"2,106 mi",18,$0.1107
KIX,XNN,"6,449",$288.81,"1,809 mi",18,$0.1597
BKK,PMI,"6,446",$478.25,"5,854 mi",18,$0.0817
SIN,ZNE,"6,445",$420.77,"2,075 mi",18,$0.2028
ICN,GOT,"6,444",$679.70,"4,989 mi",18,$0.1362
BKK,BIO,"6,439",$415.74,"6,424 mi",18,$0.0647
CGK,CMN,"6,438",$630.64,"7,611 mi",18,$0.0829
DAD,KKC,"6,433",$50.85,349 mi,18,$0.1457
XMN,HZA,"6,429",$98.11,728 mi,18,$0.1348
MNL,GIZ,"6,428",$401.46,"5,028 mi",18,$0.0798
MNL,SCL,"6,428","$1,358.79","11,264 mi",18,$0.1206
HKG,YIN,"6,421",$249.64,"2,309 mi",18,$0.1081
TPE,VTE,"6,419",$176.08,"1,333 mi",18,$0.1321
HKT,ORD,"6,417",$586.35,"9,222 mi",18,$0.0636
TPE,MIA,"6,416","$1,270.32","8,898 mi",18,$0.1428
KUL,KEF,"6,408",$426.90,"6,820 mi",18,$0.0626
HAN,ILO,"6,408",$71.26,"1,358 mi",18,$0.0525
SIN,TUG,"6,405",$116.24,"1,697 mi",18,$0.0685
BKK,GMP,"6,392",$175.12,"2,366 mi",18,$0.0740
BKK,YOW,"6,388","$1,194.80","8,604 mi",18,$0.1389
CKG,RUH,"6,381",$248.07,"3,543 mi",17,$0.0700
BKK,SCL,"6,380","$1,025.35","10,645 mi",17,$0.0963
NRT,HET,"6,378",$187.36,"1,533 mi",17,$0.1222
HKG,RGN,"6,377",$204.84,"1,179 mi",17,$0.1737
CEB,LAO,"6,372",$60.48,609 mi,17,$0.0993
HKG,ALG,"6,372","$1,112.17","6,549 mi",17,$0.1698
BWN,DXB,"6,371",$636.90,"4,301 mi",17,$0.1481
TSN,GXH,"6,370",$195.11,838 mi,17,$0.2328
HAN,KNO,"6,365",$251.29,"1,262 mi",17,$0.1991
SGN,CLE,"6,364",$659.69,"8,523 mi",17,$0.0774
PVG,GEO,"6,364","$1,239.35","10,131 mi",17,$0.1223
HKT,TYN,"6,360",$88.78,"2,302 mi",17,$0.0386
CNX,OKA,"6,360",$86.27,"1,840 mi",17,$0.0469
HKT,HFE,"6,357",$84.09,"1,979 mi",17,$0.0425
WUH,DAC,"6,354",$150.60,"1,489 mi",17,$0.1011
ICN,BTU,"6,346",$260.89,"2,445 mi",17,$0.1067
ICN,TUN,"6,343",$505.24,"5,707 mi",17,$0.0885
PEK,DMM,"6,342",$854.08,"3,764 mi",17,$0.2269
HGH,PQC,"6,341",$129.50,"1,692 mi",17,$0.0765
CEB,OSL,"6,337",$542.63,"6,547 mi",17,$0.0829
ICN,TWU,"6,336",$185.28,"2,280 mi",17,$0.0813
DPS,HFE,"6,333",$245.48,"2,732 mi",17,$0.0899
HGH,GYD,"6,333",$212.48,"3,807 mi",17,$0.0558
PVG,DME,"6,332",$361.26,"4,121 mi",17,$0.0877
HKT,PUS,"6,331",$207.10,"2,611 mi",17,$0.0793
SGN,ABQ,"6,331",$500.58,"8,851 mi",17,$0.0566
CAN,NSI,"6,329",$463.35,"6,651 mi",17,$0.0697
CNX,XMN,"6,329",$90.99,"1,253 mi",17,$0.0726
CTU,YYZ,"6,328",$645.64,"7,520 mi",17,$0.0859
ICN,EBB,"6,328",$455.08,"6,243 mi",17,$0.0729
PEK,ABJ,"6,326",$594.44,"7,314 mi",17,$0.0813
DVO,LAX,"6,325",$675.64,"7,165 mi",17,$0.0943
PNH,MXP,"6,316",$527.73,"5,763 mi",17,$0.0916
HAN,LYI,"6,315",$106.68,"1,260 mi",17,$0.0847
CGK,JNB,"6,313","$1,245.55","5,473 mi",17,$0.2276
KIX,ALA,"6,312",$319.62,"3,032 mi",17,$0.1054
MNL,TNG,"6,312",$868.84,"7,759 mi",17,$0.1120
SIN,PBO,"6,311",$452.39,"1,989 mi",17,$0.2274
SZX,ZYI,"6,310",$92.87,528 mi,17,$0.1759
SZX,DNH,"6,308",$313.16,"1,691 mi",17,$0.1852
MNL,FLL,"6,304",$750.03,"9,571 mi",17,$0.0784
DAD,NKG,"6,301",$157.41,"1,237 mi",17,$0.1273
HKG,MSP,"6,301","$1,620.55","7,264 mi",17,$0.2231
HND,VNO,"6,294",$870.29,"4,946 mi",17,$0.1760
HND,GIG,"6,293","$1,758.48","11,191 mi",17,$0.1571
NRT,SAT,"6,287",$855.45,"6,327 mi",17,$0.1352
MNL,HDY,"6,286",$182.07,"1,448 mi",17,$0.1257
PKX,YVR,"6,283",$364.60,"5,473 mi",17,$0.0666
HND,PMI,"6,282","$1,141.17","6,373 mi",17,$0.1791
SHE,FCO,"6,282",$251.36,"5,097 mi",17,$0.0493
KIX,JNB,"6,281","$1,118.39","8,379 mi",17,$0.1335
DPS,EWR,"6,280","$1,742.41","10,461 mi",17,$0.1666
XMN,DUB,"6,278",$284.49,"6,293 mi",17,$0.0452
SGN,GOT,"6,278",$386.21,"5,576 mi",17,$0.0693
HAN,KOJ,"6,277",$175.81,"1,648 mi",17,$0.1067
BKK,GUM,"6,275",$530.24,"3,043 mi",17,$0.1742
CAN,MED,"6,272",$378.03,"4,724 mi",17,$0.0800
ICN,KZN,"6,269",$189.73,"3,773 mi",17,$0.0503
PKX,SUB,"6,265",$316.19,"3,151 mi",17,$0.1003
DPS,MED,"6,264",$595.69,"5,405 mi",17,$0.1102
SGN,MCI,"6,263",$639.71,"8,450 mi",17,$0.0757
HGH,JED,"6,262",$409.47,"4,831 mi",17,$0.0848
PKX,DME,"6,260",$250.64,"3,724 mi",17,$0.0673
NRT,DYG,"6,259",$249.91,"1,852 mi",17,$0.1349
CNX,DEL,"6,258",$150.23,"1,490 mi",17,$0.1008
PVG,TKS,"6,257",$524.18,795 mi,17,$0.6593
HKG,SLC,"6,255","$1,191.83","7,391 mi",17,$0.1613
CEB,EWR,"6,254",$679.45,"8,989 mi",17,$0.0756
PKX,HEL,"6,251",$259.85,"3,828 mi",17,$0.0679
SIN,SHJ,"6,248",$186.75,"3,516 mi",17,$0.0531
KIX,ASR,"6,245",$518.09,"5,081 mi",17,$0.1020
PVG,GIG,"6,244","$1,995.98","11,011 mi",17,$0.1813
HND,NUE,"6,243","$1,328.04","5,602 mi",17,$0.2371
ICN,DGT,"6,240",$137.88,"2,013 mi",17,$0.0685
KHH,LHR,"6,240",$983.44,"6,381 mi",17,$0.1541
SHE,WXN,"6,239",$125.14,"1,088 mi",17,$0.1150
KIX,DLI,"6,235",$181.74,"2,372 mi",17,$0.0766
SIN,LCA,"6,234",$940.03,"4,905 mi",17,$0.1916
HND,CMN,"6,229","$1,231.65","7,011 mi",17,$0.1757
DPS,PPP,"6,228",$347.93,"2,439 mi",17,$0.1427
SGN,VCE,"6,226",$536.30,"5,715 mi",17,$0.0938
KUL,EWR,"6,221","$1,437.38","9,141 mi",17,$0.1572
CGK,PQC,"6,221",$120.77,"1,107 mi",17,$0.1091
DPS,DVO,"6,220",$113.85,"1,352 mi",17,$0.0842
TPE,OPO,"6,219",$598.75,"6,640 mi",17,$0.0902
ICN,PPS,"6,217",$128.91,"1,916 mi",17,$0.0673
MNL,ITM,"6,216",$473.95,"1,614 mi",17,$0.2936
PEK,SJJ,"6,212",$400.97,"4,874 mi",17,$0.0823
CRK,CJU,"6,210",$161.69,"1,359 mi",17,$0.1190
SGN,JED,"6,210",$420.89,"4,643 mi",17,$0.0907
BKK,IPH,"6,209",$214.71,611 mi,17,$0.3514
CEB,MEL,"6,208",$328.02,"3,472 mi",17,$0.0945
KIX,HPH,"6,205",$263.53,"1,914 mi",17,$0.1377
WUH,AAT,"6,201",$219.69,"1,862 mi",17,$0.1180
KHH,NGB,"6,184",$170.64,521 mi,17,$0.3275
MNL,ABJ,"6,180","$1,003.41","8,173 mi",17,$0.1228
SGN,CGD,"6,180",$117.23,"1,252 mi",17,$0.0936
SIN,MSP,"6,180","$2,019.99","8,799 mi",17,$0.2296
HKG,YWG,"6,178",$817.42,"7,307 mi",17,$0.1119
MFM,URC,"6,176",$133.60,"2,052 mi",17,$0.0651
CAN,EVN,"6,174",$339.16,"4,229 mi",17,$0.0802
HKG,JED,"6,172",$795.80,"4,876 mi",17,$0.1632
HKT,CMB,"6,171",$179.41,"1,225 mi",17,$0.1465
CGK,YIW,"6,170",$219.70,"2,685 mi",17,$0.0818
MNL,AMD,"6,170",$490.29,"3,109 mi",17,$0.1577
CAN,VCE,"6,167",$663.59,"5,745 mi",17,$0.1155
SZX,AQG,"6,167",$103.56,566 mi,17,$0.1830
SZX,LUM,"6,161",$157.68,946 mi,17,$0.1667
HGH,CTS,"6,158",$282.94,"1,502 mi",17,$0.1884
KIX,MSJ,"6,158",$452.32,532 mi,17,$0.8502
TPE,DCA,"6,155","$1,419.03","8,100 mi",17,$0.1752
PEK,VLC,"6,150",$557.29,"5,489 mi",17,$0.1015
TPE,SBW,"6,149",$157.45,"1,743 mi",17,$0.0903
KUL,POM,"6,149","$1,254.25","3,340 mi",17,$0.3755
DPS,TRZ,"6,148",$277.98,"2,931 mi",17,$0.0948
ICN,ZHA,"6,144",$141.59,"1,499 mi",17,$0.0945
KIX,AMD,"6,139",$491.25,"3,928 mi",17,$0.1251
NRT,AMM,"6,138",$900.17,"5,509 mi",17,$0.1634
PVG,MSQ,"6,131",$484.28,"4,515 mi",17,$0.1073
XMN,RUH,"6,123",$321.27,"4,557 mi",17,$0.0705
CGO,MAD,"6,121",$384.77,"5,726 mi",17,$0.0672
USM,LYS,"6,121",$381.07,"6,164 mi",17,$0.0618
CKG,PUS,"6,120",$110.36,"1,390 mi",17,$0.0794
MNL,KMJ,"6,116",$353.85,"1,451 mi",17,$0.2439
SIN,BOD,"6,108","$1,179.84","7,073 mi",17,$0.1668
DPS,DFW,"6,107","$1,511.96","9,496 mi",17,$0.1592
NGO,HIJ,"6,105",$131.48,216 mi,17,$0.6087
SIN,SCL,"6,104","$1,523.51","9,891 mi",17,$0.1540
KNO,SOQ,"6,099",$395.29,"2,316 mi",17,$0.1707
KIX,OSL,"6,098",$482.36,"5,330 mi",17,$0.0905
TPE,KLO,"6,097",$88.07,956 mi,17,$0.0921
MNL,SAW,"6,096",$547.16,"5,483 mi",17,$0.0998
HND,WLG,"6,093",$519.80,"5,929 mi",17,$0.0877
SGN,TUS,"6,093",$552.31,"8,825 mi",17,$0.0626
DPS,KRK,"6,090",$622.40,"6,711 mi",17,$0.0927
CKG,AAT,"6,083",$188.57,"1,541 mi",17,$0.1224
BKK,WLG,"6,063",$797.38,"5,862 mi",17,$0.1360
HGH,FRU,"6,062",$298.25,"2,580 mi",17,$0.1156
KIX,CCU,"6,062",$386.03,"2,839 mi",17,$0.1360
SGN,OMA,"6,059",$462.56,"8,303 mi",17,$0.0557
HAN,HYN,"6,058",$88.45,"1,068 mi",17,$0.0828
BKK,PHL,"6,057",$786.13,"8,989 mi",17,$0.0875
DPS,MYY,"6,057",$104.41,880 mi,17,$0.1186
NRT,GDL,"6,055","$1,106.07","6,944 mi",17,$0.1593
USM,FCO,"6,053",$409.48,"5,498 mi",17,$0.0745
PVG,TLS,"6,050","$1,062.85","5,867 mi",17,$0.1812
SGN,CAI,"6,048",$413.57,"5,117 mi",17,$0.0808
CNX,BOM,"6,047",$266.91,"1,653 mi",17,$0.1615
CEB,BRU,"6,046",$500.94,"7,087 mi",17,$0.0707
NGO,CSX,"6,046",$149.76,"1,503 mi",17,$0.0996
CAN,ERL,"6,044",$130.15,"1,344 mi",17,$0.0968
CGO,JBK,"6,043",$328.14,"1,495 mi",17,$0.2195
LGK,CCU,"6,039",$111.90,"1,396 mi",17,$0.0802
CGK,LPA,"6,037","$1,114.03","8,616 mi",17,$0.1293
PVG,BRE,"6,031",$786.61,"5,211 mi",17,$0.1510
BKK,IDR,"6,029",$117.97,"1,697 mi",17,$0.0695
ICN,ELP,"6,028",$720.01,"6,365 mi",17,$0.1131
CGO,HEL,"6,027",$415.41,"4,020 mi",17,$0.1033
MNL,ATQ,"6,024",$266.15,"3,234 mi",17,$0.0823
TPE,NGS,"6,022",$261.04,776 mi,16,$0.3364
ICN,AYT,"6,022",$593.40,"4,851 mi",16,$0.1223
HKT,MFM,"6,019",$125.64,"1,363 mi",16,$0.0922
SIN,MLA,"6,011",$752.04,"6,320 mi",16,$0.1190
HKT,LKO,"6,008",$105.05,"1,669 mi",16,$0.0629
NRT,ZUH,"6,008",$260.81,"1,825 mi",16,$0.1429
CAN,CHC,"6,004",$519.43,"5,772 mi",16,$0.0900
DVO,KWI,"6,003",$356.37,"5,394 mi",16,$0.0661
USM,DUB,"6,003",$462.65,"6,155 mi",16,$0.0752
DPS,WNZ,"6,003",$201.67,"2,484 mi",16,$0.0812
MNL,KMI,"6,003",$292.53,"1,328 mi",16,$0.2203
CKG,AKL,"6,001",$359.73,"6,569 mi",16,$0.0548
BKK,TBB,"6,000",$91.07,562 mi,16,$0.1620
KIX,NAP,"5,998",$538.15,"5,842 mi",16,$0.0921
MNL,PQC,"5,996",$156.48,"1,151 mi",16,$0.1360
SGN,RUH,"5,990",$539.24,"3,909 mi",16,$0.1379
CAN,SDK,"5,989",$119.01,"1,212 mi",16,$0.0982
CAN,YUL,"5,986","$1,035.13","7,428 mi",16,$0.1394
PEN,SDK,"5,985",$152.80,"1,261 mi",16,$0.1212
CNX,DLC,"5,983",$129.02,"1,884 mi",16,$0.0685
CGO,JGS,"5,981",$123.21,548 mi,16,$0.2248
SIN,FLR,"5,981","$1,255.02","6,103 mi",16,$0.2056
BKK,DSN,"5,979",$86.27,"1,811 mi",16,$0.0476
HND,ABQ,"5,976",$784.51,"6,132 mi",16,$0.1279
TSN,LXA,"5,974",$198.56,"1,599 mi",16,$0.1242
HND,DAY,"5,973","$1,155.76","6,323 mi",16,$0.1828
PNH,DLC,"5,973",$129.55,"2,219 mi",16,$0.0584
PKX,DUB,"5,972",$442.85,"5,011 mi",16,$0.0884
HKG,MCT,"5,971",$612.49,"3,623 mi",16,$0.1691
ICN,AMD,"5,970",$472.88,"3,413 mi",16,$0.1386
KIX,OBO,"5,968",$236.51,695 mi,16,$0.3403
SIN,EZE,"5,959","$1,543.28","9,569 mi",16,$0.1613
SIN,NTL,"5,951",$608.93,"3,790 mi",16,$0.1607
CNX,VTE,"5,950",$76.52,249 mi,16,$0.3073
MNL,KMG,"5,945",$206.08,"1,342 mi",16,$0.1536
KUL,ILO,"5,939",$74.96,"1,484 mi",16,$0.0505
HGH,CMB,"5,937",$189.81,"2,977 mi",16,$0.0638
KNO,KDI,"5,937",$403.95,"1,660 mi",16,$0.2433
HND,BUF,"5,935","$1,245.09","6,300 mi",16,$0.1976
PEK,NCL,"5,934",$770.50,"5,077 mi",16,$0.1518
SGN,DAC,"5,932",$298.18,"1,439 mi",16,$0.2072
BKK,CJB,"5,932",$216.49,"1,658 mi",16,$0.1306
KIX,CGY,"5,930",$122.58,"1,853 mi",16,$0.0662
PVG,RIX,"5,919",$504.42,"4,577 mi",16,$0.1102
CGK,YCU,"5,917",$223.04,"2,778 mi",16,$0.0803
WUH,MXZ,"5,916",$69.78,479 mi,16,$0.1457
SHE,LXA,"5,915",$239.97,"1,946 mi",16,$0.1233
CGK,EWR,"5,912","$1,725.79","9,746 mi",16,$0.1771
CRK,KIX,"5,912",$135.60,"1,661 mi",16,$0.0816
SIN,VAR,"5,912",$642.28,"5,296 mi",16,$0.1213
PEN,NGB,"5,911",$196.04,"2,120 mi",16,$0.0925
SGN,USM,"5,909",$235.93,443 mi,16,$0.5326
KUL,MJI,"5,907",$632.67,"6,205 mi",16,$0.1020
PNH,CTS,"5,905",$445.29,"3,178 mi",16,$0.1401
HAN,MWX,"5,904",$74.25,"1,615 mi",16,$0.0460
ICN,SMF,"5,903","$1,009.96","5,458 mi",16,$0.1850
DPS,BLQ,"5,902",$603.00,"7,103 mi",16,$0.0849
HGH,MUC,"5,899",$426.45,"5,615 mi",16,$0.0759
HAN,DFW,"5,897",$782.62,"8,153 mi",16,$0.0960
SZX,ARN,"5,895",$361.01,"4,925 mi",16,$0.0733
TPE,BWI,"5,893","$1,080.95","8,084 mi",16,$0.1337
KUL,YYC,"5,892","$1,469.84","7,918 mi",16,$0.1856
SIN,RMQ,"5,883",$285.81,"1,992 mi",16,$0.1435
SGN,BNA,"5,875",$532.16,"9,351 mi",16,$0.0569
BKK,LEJ,"5,874",$407.59,"5,255 mi",16,$0.0776
SGN,CVG,"5,873",$615.58,"9,182 mi",16,$0.0670
KNO,DJJ,"5,869",$561.08,"2,821 mi",16,$0.1989
PKX,OHE,"5,868",$227.75,940 mi,16,$0.2423
NGO,CAI,"5,865",$377.58,"6,003 mi",16,$0.0629
NGO,PQC,"5,865",$168.93,"2,758 mi",16,$0.0613
HGH,BER,"5,864",$295.45,"5,081 mi",16,$0.0581
ICN,RIX,"5,864",$555.87,"4,655 mi",16,$0.1194
BKK,NTE,"5,862",$634.72,"6,274 mi",16,$0.1012
ICN,TUS,"5,862",$744.99,"6,563 mi",16,$0.1135
BKK,DUR,"5,858",$651.96,"5,348 mi",16,$0.1219
SGN,JNB,"5,856",$577.54,"5,668 mi",16,$0.1019
KUL,CGY,"5,855",$87.49,"1,662 mi",16,$0.0526
PVG,COK,"5,855",$410.18,"3,147 mi",16,$0.1303
DPS,HNL,"5,853",$828.56,"6,054 mi",16,$0.1369
HND,RIC,"5,853","$1,507.04","6,651 mi",16,$0.2266
URC,DLU,"5,844",$152.14,"1,409 mi",16,$0.1080
HAN,JED,"5,841",$321.38,"4,378 mi",16,$0.0734
SIN,LUX,"5,841","$1,477.67","6,689 mi",16,$0.2209
SIN,MRU,"5,841",$790.69,"3,371 mi",16,$0.2346
HND,BKI,"5,839",$216.35,"2,465 mi",16,$0.0878
MNL,LOS,"5,838",$810.03,"8,165 mi",16,$0.0992
NRT,PHL,"5,834",$980.20,"6,538 mi",16,$0.1499
DPS,DEN,"5,833","$1,300.86","9,453 mi",16,$0.1376
NRT,KKC,"5,832",$180.94,"2,743 mi",16,$0.0660
KIX,CPT,"5,832",$787.41,"8,613 mi",16,$0.0914
KIX,SYO,"5,830",$261.13,406 mi,16,$0.6432
PVG,AOJ,"5,827",$248.65,"1,280 mi",16,$0.1943
BKK,BEY,"5,822",$457.38,"4,155 mi",16,$0.1101
HND,ALB,"5,821","$1,402.70","6,826 mi",16,$0.2055
HND,RSW,"5,817","$1,907.05","7,584 mi",16,$0.2515
ICN,VNO,"5,815",$645.06,"4,421 mi",16,$0.1459
ICN,BXU,"5,815",$167.93,"1,912 mi",16,$0.0878
HAN,HAJ,"5,812",$353.32,"5,155 mi",16,$0.0685
CEB,XMN,"5,812",$144.25,"1,024 mi",16,$0.1409
HKG,GOT,"5,809",$840.24,"5,496 mi",16,$0.1529
SIN,BRE,"5,807","$1,027.57","6,550 mi",16,$0.1569
CEB,DFW,"5,802",$664.63,"8,159 mi",16,$0.0815
DAD,HDY,"5,802",$121.07,796 mi,16,$0.1521
PVG,CNS,"5,801",$439.56,"3,569 mi",16,$0.1232
SIN,MYJ,"5,801",$565.05,"2,824 mi",16,$0.2001
KUL,GLA,"5,800",$739.18,"6,479 mi",16,$0.1141
MFM,FUK,"5,800",$185.01,"1,256 mi",16,$0.1473
CNX,SYD,"5,799",$438.41,"5,156 mi",16,$0.0850
HGH,MDG,"5,798",$173.01,"1,139 mi",16,$0.1519
CTU,MNL,"5,798",$280.42,"1,504 mi",16,$0.1864
PEK,NDJ,"5,795",$807.97,"6,087 mi",16,$0.1327
DPS,NOU,"5,794",$561.98,"3,399 mi",16,$0.1653
CAN,LAS,"5,792",$676.33,"7,470 mi",16,$0.0905
MNL,LJU,"5,788",$597.83,"6,070 mi",16,$0.0985
CEB,MXP,"5,786",$557.50,"7,083 mi",16,$0.0787
SIN,LBU,"5,784",$153.71,798 mi,16,$0.1926
CAN,BSR,"5,782",$579.16,"3,896 mi",16,$0.1487
CAN,HMI,"5,781",$249.43,"1,802 mi",16,$0.1384
KUL,KOP,"5,780",$96.31,"1,000 mi",16,$0.0963
MNL,SDQ,"5,779","$1,032.70","10,348 mi",16,$0.0998
CGK,CBR,"5,778","$1,169.91","3,468 mi",16,$0.3373
KIX,EDI,"5,777",$835.92,"5,906 mi",16,$0.1415
KUL,ATL,"5,777",$994.74,"9,594 mi",16,$0.1037
SHE,VTE,"5,776",$76.82,"2,109 mi",16,$0.0364
CKG,HLH,"5,770",$181.82,"1,450 mi",16,$0.1254
PVG,NAN,"5,768",$867.18,"4,852 mi",16,$0.1787
ICN,CEI,"5,765",$210.44,"1,942 mi",16,$0.1084
HAN,TYN,"5,764",$103.67,"1,248 mi",16,$0.0831
XMN,ZHA,"5,764",$113.72,540 mi,16,$0.2106
CGK,MVD,"5,764","$1,236.21","9,671 mi",16,$0.1278
CGK,ARN,"5,763",$729.20,"6,735 mi",16,$0.1083
HKG,AGP,"5,760","$1,036.30","6,518 mi",16,$0.1590
RGN,WUH,"5,759",$153.43,"1,442 mi",16,$0.1064
NGO,HUI,"5,756",$207.73,"2,268 mi",16,$0.0916
NRT,TUN,"5,753",$770.54,"6,293 mi",16,$0.1224
HKT,STN,"5,750",$525.00,"6,302 mi",16,$0.0833
CAN,ATL,"5,749",$957.21,"8,077 mi",16,$0.1185
CAN,SCL,"5,745","$1,548.70","11,351 mi",16,$0.1364
CEB,DAD,"5,745",$128.55,"1,166 mi",16,$0.1102
SIN,OKJ,"5,745",$539.96,"3,093 mi",16,$0.1746
BKK,BXU,"5,737",$60.58,"1,655 mi",16,$0.0366
CGK,DRW,"5,736",$446.98,"1,656 mi",16,$0.2699
DPS,BIK,"5,736",$396.05,"1,486 mi",16,$0.2665
USM,PRG,"5,733",$466.06,"5,361 mi",16,$0.0869
CGK,AMD,"5,731",$306.75,"2,965 mi",16,$0.1035
DPS,BTJ,"5,731",$305.35,"1,730 mi",16,$0.1765
KUL,LOS,"5,731",$640.04,"6,975 mi",16,$0.0918
CGK,BLQ,"5,726",$742.57,"6,981 mi",16,$0.1064
WUH,CJU,"5,726",$118.55,720 mi,16,$0.1647
HAN,ATL,"5,725","$1,243.35","8,329 mi",16,$0.1493
BKK,BRI,"5,723",$358.46,"5,131 mi",16,$0.0699
CGO,AAT,"5,723",$208.72,"1,658 mi",16,$0.1259
ICN,COK,"5,721",$331.47,"3,736 mi",16,$0.0887
NRT,GLA,"5,719",$912.62,"5,602 mi",16,$0.1629
PEK,YEG,"5,719",$642.20,"5,486 mi",16,$0.1171
CEB,MIA,"5,711",$717.71,"9,172 mi",16,$0.0783
SGN,BLL,"5,711",$419.51,"6,066 mi",16,$0.0692
NRT,NAP,"5,711",$544.73,"6,318 mi",16,$0.0862
CKG,MAN,"5,709",$318.24,"5,460 mi",16,$0.0583
TPE,HDY,"5,709",$117.20,"1,917 mi",16,$0.0611
ICN,NAP,"5,709",$619.43,"5,700 mi",16,$0.1087
SIN,KWL,"5,704",$149.37,"1,646 mi",16,$0.0907
ICN,ALG,"5,700",$593.38,"5,975 mi",16,$0.0993
CNX,JHB,"5,700",$85.14,"1,263 mi",16,$0.0674
MNL,SVG,"5,699",$672.89,"6,405 mi",16,$0.1051
KIX,YNJ,"5,697",$152.81,682 mi,16,$0.2241
KIX,KCH,"5,695",$403.56,"2,869 mi",16,$0.1407
TPE,BXU,"5,694",$70.66,"1,183 mi",16,$0.0597
HKG,MRS,"5,693","$1,104.36","6,218 mi",16,$0.1776
SHE,BCN,"5,693",$406.98,"5,469 mi",16,$0.0744
CEB,SVO,"5,689",$213.53,"5,331 mi",16,$0.0401
KIX,DFW,"5,688","$1,136.02","6,481 mi",16,$0.1753
SGN,VNO,"5,683",$431.16,"5,423 mi",16,$0.0795
WUH,ALA,"5,682",$282.08,"2,269 mi",16,$0.1243
CAN,LDS,"5,681",$223.91,"1,835 mi",16,$0.1220
URC,EVN,"5,679",$297.66,"2,135 mi",16,$0.1394
CAN,AOR,"5,678",$119.40,"1,509 mi",16,$0.0791
BKK,EBB,"5,676",$403.88,"4,906 mi",16,$0.0823
SUB,SHA,"5,674",$233.46,"2,643 mi",16,$0.0883
HAN,TLS,"5,668",$424.75,"6,072 mi",16,$0.0700
ICN,NUE,"5,668","$1,067.55","5,094 mi",16,$0.2096
BKK,SJC,"5,666",$623.04,"8,191 mi",16,$0.0761
USM,PER,"5,665",$431.89,"2,961 mi",16,$0.1459
HAN,EWR,"5,664","$1,205.32","8,404 mi",16,$0.1434
HND,VRN,"5,661",$781.69,"6,179 mi",16,$0.1265
ICN,AXT,"5,661",$219.24,781 mi,16,$0.2807
NRT,KWI,"5,661","$1,504.50","5,351 mi",16,$0.2812
RGN,TAO,"5,661",$180.11,"1,928 mi",16,$0.0934
CEB,IAD,"5,659",$678.80,"8,501 mi",16,$0.0798
CAN,BPE,"5,658",$114.83,"1,209 mi",16,$0.0950
CAN,PNR,"5,658",$807.08,"7,285 mi",16,$0.1108
PVG,CGN,"5,657",$810.44,"5,353 mi",15,$0.1514
NGO,YYZ,"5,656","$1,121.05","6,742 mi",15,$0.1663
HKG,SOF,"5,654",$580.78,"5,056 mi",15,$0.1149
ICN,LJU,"5,652",$537.72,"5,126 mi",15,$0.1049
SIN,SLC,"5,651","$1,809.13","9,014 mi",15,$0.2007
HND,ABZ,"5,651","$2,091.70","5,826 mi",15,$0.3590
KUL,UBP,"5,650",$93.29,917 mi,15,$0.1017
HAN,KMJ,"5,650",$250.18,"1,679 mi",15,$0.1490
HKG,APW,"5,646",$850.34,"5,432 mi",15,$0.1565
PEN,WNZ,"5,646",$178.67,"2,127 mi",15,$0.0840
XMN,DNH,"5,641",$200.05,"1,779 mi",15,$0.1125
PEK,MRS,"5,637",$839.31,"5,100 mi",15,$0.1646
SGN,GSO,"5,637",$827.25,"9,441 mi",15,$0.0876
ICN,HDY,"5,636",$183.08,"2,589 mi",15,$0.0707
DMK,DSN,"5,633",$131.84,"1,911 mi",15,$0.0690
PEN,URC,"5,633",$375.58,"2,862 mi",15,$0.1312
SGN,TLS,"5,629",$456.49,"6,640 mi",15,$0.0687
ICN,JHG,"5,626",$73.69,"1,810 mi",15,$0.0407
BKK,ESB,"5,623",$311.04,"4,575 mi",15,$0.0680
SGN,LHW,"5,622",$71.23,"1,840 mi",15,$0.0387
BKK,TOY,"5,620",$447.12,"2,667 mi",15,$0.1676
CKG,BCN,"5,619",$310.57,"5,403 mi",15,$0.0575
HKG,SDK,"5,618",$120.75,"1,202 mi",15,$0.1005
MNL,DSS,"5,617",$813.12,"8,666 mi",15,$0.0938
CAN,JXA,"5,616",$192.21,"1,762 mi",15,$0.1091
CTU,TPE,"5,616",$285.42,"1,155 mi",15,$0.2471
PVG,USM,"5,616",$348.16,"2,104 mi",15,$0.1655
KUL,USM,"5,611",$252.02,469 mi,15,$0.5374
SGN,YNT,"5,610",$130.50,"1,994 mi",15,$0.0654
MNL,KHI,"5,608",$578.82,"3,447 mi",15,$0.1679
CNX,MAA,"5,608",$116.59,"1,270 mi",15,$0.0918
PVG,SJJ,"5,607",$411.72,"5,524 mi",15,$0.0745
HND,VTE,"5,607",$446.62,"2,652 mi",15,$0.1684
SZX,SEA,"5,607",$804.32,"6,667 mi",15,$0.1206
KIX,SHB,"5,604",$229.61,793 mi,15,$0.2895
KBV,VIE,"5,603",$442.80,"5,289 mi",15,$0.0837
KUL,BCD,"5,598",$59.15,"1,515 mi",15,$0.0390
RGN,CSX,"5,596",$124.40,"1,378 mi",15,$0.0903
XMN,JDZ,"5,596",$51.61,326 mi,15,$0.1583
TPE,YYG,"5,596",$864.89,"7,723 mi",15,$0.1120
PNH,DSY,"5,591",$32.09,114 mi,15,$0.2815
SIN,TAS,"5,590",$667.31,"3,607 mi",15,$0.1850
HKT,SUB,"5,589",$149.79,"1,419 mi",15,$0.1056
PVG,LJU,"5,587",$910.36,"5,271 mi",15,$0.1727
CKG,OKA,"5,583",$191.62,"1,264 mi",15,$0.1516
PVG,CVG,"5,578","$1,499.29","7,516 mi",15,$0.1995
HKG,LGK,"5,578",$206.79,"1,497 mi",15,$0.1381
PKX,UFA,"5,577",$262.79,"2,841 mi",15,$0.0925
XMN,MAD,"5,577",$511.62,"6,392 mi",15,$0.0800
KIX,IAD,"5,577","$1,644.45","7,162 mi",15,$0.2296
KUL,UBN,"5,574",$438.12,"3,023 mi",15,$0.1449
CTU,YSQ,"5,572",$278.90,"1,537 mi",15,$0.1815
TPE,MYY,"5,569",$179.84,"1,557 mi",15,$0.1155
PVG,AKJ,"5,564",$275.45,"1,462 mi",15,$0.1884
HGH,BNE,"5,554",$459.59,"4,664 mi",15,$0.0985
CAN,ADE,"5,553",$370.81,"4,370 mi",15,$0.0849
TPE,PHL,"5,553","$1,133.23","7,590 mi",15,$0.1493
CEB,CTS,"5,551",$199.20,"2,409 mi",15,$0.0827
PNH,ZRH,"5,548",$642.74,"6,099 mi",15,$0.1054
NGO,OBO,"5,548",$232.48,625 mi,15,$0.3720
BKK,MWX,"5,544",$228.72,"2,106 mi",15,$0.1086
HKG,QYG,"5,543",$322.75,"5,566 mi",15,$0.0580
KIX,LJG,"5,543",$158.01,"2,075 mi",15,$0.0761
KUL,HUI,"5,538",$122.94,"1,058 mi",15,$0.1162
HAN,YOW,"5,533",$763.64,"8,073 mi",15,$0.0946
XMN,BUD,"5,531",$131.48,"5,537 mi",15,$0.0237
PKX,BER,"5,530",$247.20,"4,733 mi",15,$0.0522
MNL,RIX,"5,526",$676.18,"5,811 mi",15,$0.1164
BKK,OIT,"5,525",$650.89,"2,447 mi",15,$0.2660
HAN,SOF,"5,525",$363.89,"4,715 mi",15,$0.0772
PEK,WHA,"5,525",$186.48,650 mi,15,$0.2869
SGN,JAX,"5,524",$606.60,"9,243 mi",15,$0.0656
CEB,BNE,"5,524",$386.28,"3,352 mi",15,$0.1152
NRT,DTW,"5,523","$1,231.72","6,192 mi",15,$0.1989
WUH,ISB,"5,520",$489.10,"2,340 mi",15,$0.2090
MNL,ACC,"5,517",$903.04,"8,420 mi",15,$0.1072
BKK,KMJ,"5,515",$466.84,"2,379 mi",15,$0.1962
CKG,BRU,"5,515",$140.20,"5,292 mi",15,$0.0265
MNL,CLE,"5,512",$903.20,"8,555 mi",15,$0.1056
CGO,TWC,"5,512",$218.99,"1,883 mi",15,$0.1163
PEK,ZAG,"5,508",$508.50,"4,603 mi",15,$0.1105
CAN,CEB,"5,505",$119.45,"1,112 mi",15,$0.1074
NRT,ASR,"5,505",$490.39,"5,569 mi",15,$0.0881
TPE,ZQN,"5,503",$813.46,"5,521 mi",15,$0.1473
HND,TUS,"5,503","$1,111.53","6,072 mi",15,$0.1831
PVG,BWI,"5,502","$1,067.62","7,212 mi",15,$0.1480
CGK,GRU,"5,501","$1,883.48","9,996 mi",15,$0.1884
PVG,ZQN,"5,496",$609.92,"6,212 mi",15,$0.0982
PVG,HTN,"5,495",$267.91,"2,342 mi",15,$0.1144
HND,DRS,"5,495","$1,594.18","5,444 mi",15,$0.2928
ICN,MYY,"5,494",$209.54,"2,495 mi",15,$0.0840
DPS,TAS,"5,492",$456.48,"4,651 mi",15,$0.0981
URC,BHY,"5,492",$247.20,"1,926 mi",15,$0.1283
ICN,UBJ,"5,491",$172.15,354 mi,15,$0.4863
CGO,SQD,"5,491",$109.93,474 mi,15,$0.2319
WUH,CAI,"5,491",$212.68,"4,659 mi",15,$0.0456
NRT,LST,"5,490",$547.20,"5,198 mi",15,$0.1053
DVO,KLO,"5,489",$53.08,398 mi,15,$0.1334
PKX,BGW,"5,487",$640.47,"4,048 mi",15,$0.1582
PNH,PQC,"5,486",$98.41,108 mi,15,$0.9112
XMN,GRU,"5,486","$1,024.31","11,117 mi",15,$0.0921
WUH,TAS,"5,485",$249.56,"2,659 mi",15,$0.0939
KHH,PEN,"5,483",$186.56,"1,848 mi",15,$0.1010
HAN,KBV,"5,481",$117.37,984 mi,15,$0.1193
SGN,KMJ,"5,480",$282.20,"2,227 mi",15,$0.1267
HKT,MAQ,"5,479",$229.11,612 mi,15,$0.3744
HAN,KCH,"5,474",$133.34,"1,355 mi",15,$0.0984
CNX,WNZ,"5,469",$95.58,"1,568 mi",15,$0.0610
CGK,AGP,"5,468",$420.59,"7,411 mi",15,$0.0568
CGK,LHW,"5,468",$289.39,"3,042 mi",15,$0.0951
CTU,SYD,"5,461",$343.63,"5,580 mi",15,$0.0616
NGO,BRU,"5,461","$1,632.84","6,016 mi",15,$0.2714
HND,AVV,"5,458",$523.53,"5,246 mi",15,$0.0998
HAN,CGY,"5,456",$82.74,"1,471 mi",15,$0.0562
CAN,BFJ,"5,455",$122.38,574 mi,15,$0.2132
SUB,TWU,"5,455",$104.32,861 mi,15,$0.1212
SGN,MEM,"5,452",$564.72,"9,359 mi",15,$0.0603
TPE,EZE,"5,451","$1,186.88","12,116 mi",15,$0.0980
MNL,NNG,"5,450",$226.88,"1,040 mi",15,$0.2182
BWN,BPN,"5,448",$74.35,436 mi,15,$0.1705
HAN,NTG,"5,447",$81.92,"1,234 mi",15,$0.0664
SIN,GYD,"5,447",$474.09,"4,441 mi",15,$0.1068
TPE,RIX,"5,445",$766.30,"4,891 mi",15,$0.1567
KUL,TXN,"5,445",$219.63,"2,092 mi",15,$0.1050
PVG,YWG,"5,444",$773.74,"6,536 mi",15,$0.1184
HND,BOD,"5,443","$1,091.74","6,167 mi",15,$0.1770
NRT,INC,"5,441",$209.42,"1,928 mi",15,$0.1086
WUH,HTN,"5,440",$244.94,"1,945 mi",15,$0.1259
DPS,VNO,"5,439",$579.14,"6,907 mi",15,$0.0838
HKG,DLI,"5,439",$227.59,840 mi,15,$0.2709
PEK,EBB,"5,438",$590.92,"5,730 mi",15,$0.1031
HKG,ZAG,"5,431",$802.92,"5,652 mi",15,$0.1421
CNX,NGB,"5,430",$89.59,"1,557 mi",15,$0.0575
ICN,CJU,"5,428",$88.91,281 mi,15,$0.3164
PNH,KWE,"5,427",$91.97,"1,075 mi",15,$0.0856
MNL,LED,"5,427",$508.29,"5,541 mi",15,$0.0917
MNL,NAN,"5,425",$846.12,"4,576 mi",15,$0.1849
MNL,BGI,"5,425","$1,079.84","10,214 mi",15,$0.1057
BKK,UIH,"5,424",$119.23,540 mi,15,$0.2208
DMK,TWU,"5,424",$56.24,"1,324 mi",15,$0.0425
NGO,GRU,"5,423","$1,527.58","11,972 mi",15,$0.1276
DPS,PHX,"5,421","$1,268.36","8,720 mi",15,$0.1455
TSN,LUM,"5,419",$171.62,"1,451 mi",15,$0.1183
CEB,CYZ,"5,416",$43.35,495 mi,15,$0.0876
HND,GSP,"5,416","$1,726.10","7,073 mi",15,$0.2440
HND,GSO,"5,410","$1,525.04","7,073 mi",15,$0.2156
HKT,DAC,"5,409",$192.88,"1,242 mi",15,$0.1553
DAD,VII,"5,409",$138.78,258 mi,15,$0.5379
DPS,TRV,"5,406",$187.18,"2,976 mi",15,$0.0629
LGK,MAA,"5,405",$139.18,"1,450 mi",15,$0.0960
CGK,CHC,"5,405",$744.31,"4,867 mi",15,$0.1529
SGN,PPS,"5,404",$81.57,801 mi,15,$0.1018
KNO,SYD,"5,403",$383.00,"4,406 mi",15,$0.0869
NRT,KWL,"5,399",$180.34,"1,880 mi",15,$0.0959
MNL,CRP,"5,397",$933.21,"8,796 mi",15,$0.1061
DPS,KWI,"5,396",$762.33,"5,332 mi",15,$0.1430
SZX,YYZ,"5,394","$1,045.10","7,543 mi",15,$0.1386
CRK,LAS,"5,393",$409.46,"7,142 mi",15,$0.0573
TPE,SHI,"5,393",$193.62,253 mi,15,$0.7653
ICN,GUA,"5,390",$933.55,"8,355 mi",15,$0.1117
SIN,SAW,"5,386",$279.86,"5,521 mi",15,$0.0507
NRT,YHZ,"5,385",$785.02,"6,867 mi",15,$0.1143
NRT,HPH,"5,383",$353.37,"2,346 mi",15,$0.1506
DPS,TYN,"5,382",$265.45,"3,314 mi",15,$0.0801
PVG,ESB,"5,382",$518.71,"4,672 mi",15,$0.1110
SHE,YIN,"5,382",$492.74,"2,056 mi",15,$0.2397
SIN,BSL,"5,381","$1,138.83","6,642 mi",15,$0.1715
CTU,BCN,"5,380",$330.57,"5,248 mi",15,$0.0630
SIN,BLL,"5,379",$795.17,"6,518 mi",15,$0.1220
HND,ZQN,"5,374",$620.01,"6,030 mi",15,$0.1028
TPE,CPT,"5,374",$941.91,"8,088 mi",15,$0.1165
CNX,TNA,"5,372",$108.21,"1,619 mi",15,$0.0668
HKG,HDY,"5,370",$106.96,"1,435 mi",15,$0.0745
TPE,UIH,"5,368",$92.27,"1,071 mi",15,$0.0862
HND,BDL,"5,367","$1,789.31","6,903 mi",15,$0.2592
MNL,SPN,"5,364",$396.62,"1,600 mi",15,$0.2479
SGN,CGY,"5,364",$51.34,"1,259 mi",15,$0.0408
ICN,SNA,"5,361","$1,105.42","6,196 mi",15,$0.1784
NRT,SWA,"5,361",$201.60,"1,698 mi",15,$0.1187
BKK,SZG,"5,358",$550.95,"5,254 mi",15,$0.1049
ICN,PBI,"5,356","$1,980.79","7,451 mi",15,$0.2658
MNL,LHE,"5,352",$397.89,"3,256 mi",15,$0.1222
SIN,APW,"5,352","$1,147.32","6,014 mi",15,$0.1908
BKK,BGW,"5,352",$440.94,"3,892 mi",15,$0.1133
SZX,JMU,"5,351",$296.20,"1,855 mi",15,$0.1597
KUL,DFW,"5,350","$1,141.89","9,977 mi",15,$0.1145
SZX,XIL,"5,350",$240.24,"1,519 mi",15,$0.1582
HKG,AXT,"5,349",$223.20,"2,010 mi",15,$0.1110
MNL,HFE,"5,347",$200.99,"1,197 mi",15,$0.1679
PEK,FNA,"5,347",$819.45,"8,028 mi",15,$0.1021
SIN,VNO,"5,345",$588.81,"5,862 mi",15,$0.1004
MNL,PMI,"5,341",$589.60,"7,202 mi",15,$0.0819
BKK,WEH,"5,340",$142.67,"2,157 mi",15,$0.0661
CGK,LED,"5,338",$966.47,"6,301 mi",15,$0.1534
ICN,SDK,"5,338",$177.48,"2,177 mi",15,$0.0815
MNL,EZE,"5,337","$1,292.95","10,701 mi",15,$0.1208
DPS,UBN,"5,336",$508.48,"4,048 mi",15,$0.1256
WUH,MXP,"5,336",$446.46,"5,237 mi",15,$0.0853
PVG,SKG,"5,326",$386.36,"5,117 mi",15,$0.0755
PKX,JNB,"5,319",$402.77,"7,034 mi",15,$0.0573
PEK,SUB,"5,319",$403.57,"3,387 mi",15,$0.1192
PEK,TUN,"5,317",$853.08,"5,527 mi",15,$0.1543
KIX,PPS,"5,313",$152.74,"1,939 mi",15,$0.0788
BKK,LOS,"5,313",$656.18,"6,407 mi",15,$0.1024
MNL,CBR,"5,309",$810.54,"4,022 mi",15,$0.2015
PVG,VCS,"5,308",$191.95,"1,775 mi",15,$0.1081
PKX,MPM,"5,305",$765.49,"7,241 mi",15,$0.1057
PEK,CPT,"5,295",$795.21,"7,814 mi",15,$0.1018
HGH,BEY,"5,295",$525.12,"4,975 mi",15,$0.1056
LGK,SZX,"5,294",$121.77,"1,510 mi",15,$0.0806
PEK,LJU,"5,290",$470.97,"4,643 mi",14,$0.1014
PVG,UIO,"5,289","$1,208.93","10,217 mi",14,$0.1183
CGO,ISB,"5,289",$484.89,"2,403 mi",14,$0.2018
NRT,VLC,"5,287",$658.42,"6,471 mi",14,$0.1017
BKK,TRZ,"5,285",$134.64,"1,456 mi",14,$0.0925
SIN,GMP,"5,285",$274.41,"2,804 mi",14,$0.0979
CGK,CEI,"5,283",$132.13,"1,804 mi",14,$0.0732
PVG,MYY,"5,283",$154.14,"1,979 mi",14,$0.0779
PVG,SBW,"5,279",$167.77,"2,159 mi",14,$0.0777
CGK,LUV,"5,277",$513.55,"1,738 mi",14,$0.2955
PEK,TIA,"5,277",$290.67,"4,629 mi",14,$0.0628
CAN,DLI,"5,274",$122.78,893 mi,14,$0.1375
MNL,VLC,"5,272",$656.18,"6,927 mi",14,$0.0947
DMK,DLC,"5,268",$89.59,"2,086 mi",14,$0.0429
DPS,TWU,"5,268",$102.85,897 mi,14,$0.1147
SZX,PRG,"5,267",$277.17,"5,596 mi",14,$0.0495
CNX,HRB,"5,266",$106.70,"2,350 mi",14,$0.0454
DAD,TFU,"5,265",$137.38,"1,044 mi",14,$0.1316
PVG,CCU,"5,264",$467.64,"2,192 mi",14,$0.2133
BKK,AYT,"5,263",$322.31,"4,689 mi",14,$0.0687
XMN,MAN,"5,260",$430.40,"5,806 mi",14,$0.0741
CTU,MFM,"5,257",$169.21,808 mi,14,$0.2094
PEN,BOM,"5,257",$288.34,"2,139 mi",14,$0.1348
NGO,TKN,"5,256",$199.16,653 mi,14,$0.3050
DPS,TUN,"5,255",$590.06,"7,182 mi",14,$0.0822
HKG,LED,"5,254",$413.53,"4,537 mi",14,$0.0911
SZX,JFK,"5,253","$1,311.25","7,796 mi",14,$0.1682
SZX,BSD,"5,247",$136.66,968 mi,14,$0.1412
NRT,SJO,"5,244","$1,052.60","8,388 mi",14,$0.1255
SIN,DTW,"5,243","$1,745.16","9,673 mi",14,$0.1804
LGK,SUB,"5,241",$115.27,"1,346 mi",14,$0.0856
HND,TLL,"5,240",$841.69,"4,757 mi",14,$0.1769
PEK,ESB,"5,240",$256.09,"4,362 mi",14,$0.0587
NRT,ACC,"5,232","$1,071.52","8,860 mi",14,$0.1209
SIN,AMM,"5,232",$699.11,"5,028 mi",14,$0.1390
BKK,YTY,"5,232",$150.94,"1,717 mi",14,$0.0879
HKT,IAD,"5,231",$625.27,"9,449 mi",14,$0.0662
TPE,NBO,"5,231",$956.77,"5,724 mi",14,$0.1672
PEK,OPO,"5,230",$444.83,"5,677 mi",14,$0.0784
KUL,LAD,"5,229","$1,121.02","5,960 mi",14,$0.1881
KIX,JHB,"5,228",$188.52,"3,135 mi",14,$0.0601
KIX,TOY,"5,227",$155.46,194 mi,14,$0.8013
WUH,BNE,"5,224",$372.67,"4,625 mi",14,$0.0806
ICN,TAC,"5,224",$130.79,"1,869 mi",14,$0.0700
PVG,KWI,"5,223",$943.48,"4,454 mi",14,$0.2118
CTU,XUZ,"5,221",$171.30,791 mi,14,$0.2166
BKK,AOJ,"5,217",$617.44,"3,134 mi",14,$0.1970
CGK,NBX,"5,216",$286.19,"2,055 mi",14,$0.1393
BKK,GES,"5,215",$104.26,"1,789 mi",14,$0.0583
HND,ISB,"5,214",$508.63,"3,848 mi",14,$0.1322
MNL,CTG,"5,210","$1,071.07","10,063 mi",14,$0.1064
HND,LHE,"5,209",$408.63,"3,816 mi",14,$0.1071
HAN,YYC,"5,207",$631.23,"6,678 mi",14,$0.0945
KUL,YUL,"5,207",$853.56,"9,366 mi",14,$0.0911
CGK,TIF,"5,203",$209.33,"4,717 mi",14,$0.0444
MNL,UTH,"5,199",$100.11,"1,264 mi",14,$0.0792
PVG,LZY,"5,197",$239.00,"1,591 mi",14,$0.1502
SGN,ILO,"5,195",$56.58,"1,107 mi",14,$0.0511
PEK,UIO,"5,194","$1,586.76","9,234 mi",14,$0.1718
DMK,PER,"5,193",$205.90,"3,227 mi",14,$0.0638
KBV,KIX,"5,188",$224.77,"3,019 mi",14,$0.0745
SHE,TCG,"5,188",$233.09,"2,058 mi",14,$0.1133
HKG,UBJ,"5,184",$235.15,"1,365 mi",14,$0.1723
HND,HET,"5,184",$245.92,"1,507 mi",14,$0.1632
PKX,YUL,"5,184",$594.58,"6,335 mi",14,$0.0939
KIX,OPO,"5,182",$611.12,"6,931 mi",14,$0.0882
HKT,LHE,"5,181",$348.26,"2,164 mi",14,$0.1609
SIN,BGO,"5,180","$1,088.14","6,629 mi",14,$0.1641
HAN,SWA,"5,179",$72.05,723 mi,14,$0.0997
SZX,UBN,"5,175",$193.38,"1,824 mi",14,$0.1060
HKG,TWU,"5,169",$169.04,"1,313 mi",14,$0.1287
HND,MKE,"5,168",$998.88,"6,050 mi",14,$0.1651
CNX,PNH,"5,168",$130.23,654 mi,14,$0.1991
KIX,AUS,"5,168",$926.74,"7,000 mi",14,$0.1324
HND,TAS,"5,167",$487.71,"3,620 mi",14,$0.1347
TPE,VCL,"5,166",$84.18,"1,082 mi",14,$0.0778
KBV,BKI,"5,165",$112.49,"1,214 mi",14,$0.0927
CRK,DUB,"5,164",$551.25,"6,955 mi",14,$0.0793
XMN,DAC,"5,162",$182.43,"1,797 mi",14,$0.1015
CAN,BZV,"5,162",$562.52,"6,639 mi",14,$0.0847
MNL,BLL,"5,160",$432.31,"6,388 mi",14,$0.0677
CRK,YYC,"5,159",$465.53,"7,007 mi",14,$0.0664
HGH,BRU,"5,158",$252.19,"5,445 mi",14,$0.0463
KBV,KNO,"5,158",$62.19,317 mi,14,$0.1962
ICN,TLL,"5,157",$591.42,"4,536 mi",14,$0.1304
CTU,BUD,"5,155",$174.74,"4,331 mi",14,$0.0403
KUL,NCL,"5,155",$648.22,"6,391 mi",14,$0.1014
PKX,JGD,"5,151",$224.55,864 mi,14,$0.2599
BKK,BOG,"5,149",$958.22,"11,452 mi",14,$0.0837
CTU,ARN,"5,149",$315.49,"4,414 mi",14,$0.0715
KBV,PVG,"5,149",$177.32,"2,232 mi",14,$0.0794
WUH,NZH,"5,147",$161.53,"1,269 mi",14,$0.1273
PKX,KTI,"5,141",$150.68,"2,130 mi",14,$0.0707
NRT,LPQ,"5,140",$169.60,"2,482 mi",14,$0.0683
BKK,MLA,"5,139",$519.86,"5,626 mi",14,$0.0924
PVG,EVN,"5,132",$375.18,"4,382 mi",14,$0.0856
TSN,YYZ,"5,132",$826.96,"6,817 mi",14,$0.1213
URC,KOW,"5,132",$199.68,"2,030 mi",14,$0.0984
CGK,OKJ,"5,131",$550.38,"3,234 mi",14,$0.1702
HND,SOF,"5,131","$1,001.80","5,536 mi",14,$0.1810
MNL,VNO,"5,131",$716.87,"5,460 mi",14,$0.1313
KNO,TWU,"5,129",$115.22,"1,288 mi",14,$0.0895
TPE,VNO,"5,129",$809.00,"4,897 mi",14,$0.1652
CAN,ENU,"5,128",$288.82,"7,237 mi",14,$0.0399
SUB,RUH,"5,128",$400.37,"4,820 mi",14,$0.0831
DPS,TRK,"5,125",$253.10,876 mi,14,$0.2889
CTU,LGZ,"5,121",$226.56,734 mi,14,$0.3087
XMN,AKU,"5,121",$292.66,"2,380 mi",14,$0.1230
CGK,DUB,"5,120","$1,010.64","7,718 mi",14,$0.1309
TPE,DAC,"5,119",$381.22,"1,995 mi",14,$0.1911
HKG,LAO,"5,119",$132.45,500 mi,14,$0.2649
HND,ESB,"5,117",$876.40,"5,278 mi",14,$0.1660
CGO,CJU,"5,115",$128.62,705 mi,14,$0.1824
MNL,TFN,"5,115",$768.89,"8,571 mi",14,$0.0897
XMN,DAT,"5,114",$110.65,"1,055 mi",14,$0.1049
HAN,BLQ,"5,111",$539.87,"5,577 mi",14,$0.0968
PEK,ITM,"5,110",$352.92,"1,128 mi",14,$0.3129
HND,SWA,"5,107",$273.04,"1,564 mi",14,$0.1746
CKG,DAT,"5,106",$210.54,760 mi,14,$0.2770
USM,SVO,"5,105",$339.16,"4,489 mi",14,$0.0756
SGN,YQR,"5,103",$595.47,"7,570 mi",14,$0.0787
HGH,KCH,"5,102",$157.43,"2,156 mi",14,$0.0730
SGN,FLL,"5,101",$542.92,"10,142 mi",14,$0.0535
HND,ALA,"5,100",$336.89,"3,212 mi",14,$0.1049
KIX,HNA,"5,099",$83.33,460 mi,14,$0.1812
HKG,CMH,"5,098","$1,408.96","7,757 mi",14,$0.1816
HKG,MLA,"5,098",$830.56,"5,649 mi",14,$0.1470
XMN,VTE,"5,097",$55.69,"1,132 mi",14,$0.0492
ICN,IKA,"5,096",$697.70,"4,191 mi",14,$0.1665
SUB,MED,"5,095",$775.51,"5,546 mi",14,$0.1398
HAN,PPS,"5,094",$113.54,"1,135 mi",14,$0.1000
MNL,KRK,"5,094",$526.76,"5,758 mi",14,$0.0915
TSN,JFK,"5,093",$666.64,"6,675 mi",14,$0.0999
HGH,YNJ,"5,091",$183.37,976 mi,14,$0.1879
WUH,BUD,"5,088",$115.10,"4,753 mi",14,$0.0242
CGK,TUN,"5,084",$624.83,"7,031 mi",14,$0.0889
ICN,BHX,"5,082",$852.99,"5,324 mi",14,$0.1602
MNL,CTA,"5,082",$532.91,"6,257 mi",14,$0.0852
SIN,PHS,"5,081",$78.64,"1,062 mi",14,$0.0740
CNX,MUC,"5,080",$385.02,"4,976 mi",14,$0.0774
HND,INC,"5,078",$271.03,"1,899 mi",14,$0.1427
PKX,TAO,"5,078",$175.94,287 mi,14,$0.6130
PEK,MLA,"5,076",$803.14,"5,387 mi",14,$0.1491
KUL,GAU,"5,075",$145.25,"1,800 mi",14,$0.0807
PVG,UIH,"5,074",$271.85,"1,480 mi",14,$0.1837
BKK,GOI,"5,072",$107.35,"1,857 mi",14,$0.0578
CKG,DYG,"5,070",$95.83,240 mi,14,$0.3993
DPS,SDK,"5,070",$111.59,"1,001 mi",14,$0.1115
HND,OKC,"5,070",$850.74,"6,489 mi",14,$0.1311
HAN,DLU,"5,067",$30.23,449 mi,14,$0.0673
BKK,IXL,"5,063",$160.84,"2,086 mi",14,$0.0771
PEK,FLR,"5,063",$708.90,"4,865 mi",14,$0.1457
NRT,TBS,"5,063",$568.58,"5,028 mi",14,$0.1131
LGK,DXB,"5,060",$401.22,"3,109 mi",14,$0.1291
SIN,HKD,"5,059",$407.54,"3,500 mi",14,$0.1164
HKT,RIX,"5,054",$424.12,"5,315 mi",14,$0.0798
ICN,ESB,"5,051",$555.75,"4,636 mi",14,$0.1199
BKK,TSV,"5,050",$609.37,"3,754 mi",14,$0.1623
CKG,TAS,"5,050",$259.30,"2,160 mi",14,$0.1200
HKG,LJU,"5,050",$818.78,"5,712 mi",14,$0.1433
KIX,SLC,"5,045",$792.91,"5,883 mi",14,$0.1348
NGO,FCO,"5,045",$637.65,"6,267 mi",14,$0.1017
HAN,YNZ,"5,044",$80.27,"1,182 mi",14,$0.0679
PEK,WDH,"5,043",$770.07,"7,898 mi",14,$0.0975
MNL,GLA,"5,042",$812.53,"6,446 mi",14,$0.1261
MNL,KCZ,"5,040",$280.17,"1,489 mi",14,$0.1882
HKG,MYY,"5,038",$117.76,"1,280 mi",14,$0.0920
SGN,OTP,"5,038",$465.39,"5,075 mi",14,$0.0917
DAD,DME,"5,037",$303.88,"4,403 mi",14,$0.0690
MNL,WNZ,"5,035",$153.21,954 mi,14,$0.1606
CGO,HYN,"5,030",$98.42,625 mi,14,$0.1575
DPS,RIX,"5,030",$592.08,"6,566 mi",14,$0.0902
HND,PBI,"5,029","$1,779.47","7,189 mi",14,$0.2475
DMK,TSN,"5,028",$34.19,"1,957 mi",14,$0.0175
HKG,BWI,"5,028","$1,460.99","7,889 mi",14,$0.1852
PEK,LYI,"5,027",$104.58,351 mi,14,$0.2979
SGN,NGS,"5,026",$318.89,"2,060 mi",14,$0.1548
DPS,PPS,"5,026",$161.59,"1,340 mi",14,$0.1206
KIX,BIO,"5,024",$649.04,"6,648 mi",14,$0.0976
KUL,RUN,"5,024",$328.50,"3,420 mi",14,$0.0961
KIX,UEO,"5,021",$210.21,776 mi,14,$0.2709
PNH,ORD,"5,018",$701.93,"8,390 mi",14,$0.0837
HND,SAI,"5,017",$297.08,"2,606 mi",14,$0.1140
DAD,RGN,"5,017",$83.58,826 mi,14,$0.1012
SHE,MAD,"5,016",$382.29,"6,041 mi",14,$0.0633
CGK,NBO,"5,015",$789.79,"4,960 mi",14,$0.1592
KHH,TAO,"5,014",$179.56,982 mi,14,$0.1829
CEB,PHX,"5,012",$607.81,"7,449 mi",14,$0.0816
PEK,PZI,"5,008",$256.17,"1,225 mi",14,$0.2091
SIN,DJJ,"5,007",$399.04,"2,462 mi",14,$0.1621
PEN,HAK,"5,005",$143.95,"1,258 mi",14,$0.1144
HND,MSN,"5,004","$1,024.52","5,997 mi",14,$0.1708
HKT,PNQ,"5,002",$117.30,"1,843 mi",14,$0.0636
BKK,ALG,"5,000",$803.85,"5,881 mi",14,$0.1367
TPE,HLD,"4,999",$282.19,"1,719 mi",14,$0.1642
MNL,FLR,"4,996",$564.31,"6,663 mi",14,$0.0847
HKT,JAI,"4,995",$140.71,"1,901 mi",14,$0.0740
NRT,SMF,"4,995",$728.36,"4,954 mi",14,$0.1470
PNH,AMS,"4,995",$534.89,"5,826 mi",14,$0.0918
HKT,BLQ,"4,994",$492.74,"5,509 mi",14,$0.0894
BKK,DRW,"4,993",$357.34,"2,658 mi",14,$0.1344
SIN,LJU,"4,991",$570.52,"6,312 mi",14,$0.0904
ICN,GLA,"4,990","$1,047.76","5,211 mi",14,$0.2011
PEK,AMM,"4,990",$660.12,"4,261 mi",14,$0.1549
PKX,DUS,"4,987",$262.88,"4,723 mi",14,$0.0557
KIX,YUL,"4,986",$886.65,"6,825 mi",14,$0.1299
NRT,LYI,"4,986",$149.53,"1,273 mi",14,$0.1175
SIN,LYG,"4,986",$188.53,"2,560 mi",14,$0.0736
PEK,JED,"4,986",$758.65,"4,482 mi",14,$0.1693
SIN,STN,"4,985",$858.50,"6,524 mi",14,$0.1316
SIN,IKA,"4,985",$898.26,"3,994 mi",14,$0.2249
ICN,OKC,"4,981","$1,135.68","6,865 mi",14,$0.1654
KIX,BMV,"4,979",$206.38,"2,200 mi",14,$0.0938
MNL,BHD,"4,979",$740.89,"6,945 mi",14,$0.1067
CAN,KHH,"4,978",$126.58,466 mi,14,$0.2716
PNH,LYS,"4,977",$464.18,"5,927 mi",14,$0.0783
ICN,TLS,"4,975",$667.85,"5,687 mi",14,$0.1174
CGO,IST,"4,974",$382.80,"4,607 mi",14,$0.0831
MFM,CTS,"4,974",$176.92,"2,088 mi",14,$0.0847
ICN,ORF,"4,973","$1,257.44","7,311 mi",14,$0.1720
HAN,LHW,"4,972",$76.67,"1,033 mi",14,$0.0742
HGH,TLV,"4,972",$877.28,"4,766 mi",14,$0.1841
DPS,GRU,"4,972","$1,355.41","9,593 mi",14,$0.1413
TPE,PTY,"4,968","$1,150.28","9,408 mi",14,$0.1223
CGK,LYS,"4,968",$691.01,"7,291 mi",14,$0.0948
DVO,CYZ,"4,966",$49.49,748 mi,14,$0.0662
KHH,LZN,"4,964",$166.09,256 mi,14,$0.6488
KUL,TAG,"4,963",$95.03,"1,545 mi",14,$0.0615
DAD,BKI,"4,963",$97.61,904 mi,14,$0.1080
KIX,GLA,"4,962",$876.76,"5,588 mi",14,$0.1569
HND,GRR,"4,960","$1,218.23","6,123 mi",14,$0.1990
KUL,KHG,"4,956",$341.15,"2,920 mi",14,$0.1168
HND,GEG,"4,955","$1,006.57","5,123 mi",14,$0.1965
SIN,TAK,"4,955",$562.64,"2,894 mi",14,$0.1944
CRK,IAH,"4,955",$665.36,"8,250 mi",14,$0.0806
MNL,CMH,"4,954","$1,283.10","8,620 mi",14,$0.1489
SIN,PAT,"4,950",$128.29,"2,157 mi",14,$0.0595
BKK,EVN,"4,949",$484.43,"3,961 mi",14,$0.1223
DPS,NGB,"4,945",$284.90,"2,779 mi",14,$0.1025
PNH,YIW,"4,945",$111.57,"1,618 mi",14,$0.0690
SGN,EDI,"4,944",$574.06,"6,158 mi",14,$0.0932
CGK,NCE,"4,943",$943.26,"6,772 mi",14,$0.1393
DPS,PQC,"4,943",$161.35,"1,561 mi",14,$0.1034
HKT,VNO,"4,943",$427.36,"5,238 mi",14,$0.0816
HKG,GIG,"4,942","$1,292.79","11,309 mi",14,$0.1143
ICN,JAX,"4,940","$1,201.93","7,179 mi",14,$0.1674
SUB,SYD,"4,939",$452.93,"2,964 mi",14,$0.1528
HGH,OPO,"4,937",$230.02,"6,723 mi",14,$0.0342
BKK,RVN,"4,935","$1,162.72","5,087 mi",14,$0.2286
SIN,DUD,"4,934",$807.46,"5,008 mi",14,$0.1612
HAN,CPT,"4,933",$601.86,"7,078 mi",14,$0.0850
NRT,UTH,"4,933",$227.47,"2,545 mi",14,$0.0894
HGH,LED,"4,930",$383.06,"4,575 mi",14,$0.0837
CGO,LED,"4,929",$480.53,"3,859 mi",14,$0.1245
XMN,CJU,"4,928",$150.07,823 mi,14,$0.1823
CEB,UBN,"4,924",$339.34,"2,684 mi",13,$0.1264
XMN,MUC,"4,924",$451.05,"5,491 mi",13,$0.0821
NRT,BOI,"4,918","$1,316.26","5,304 mi",13,$0.2482
HKG,WEH,"4,916",$138.79,"1,107 mi",13,$0.1254
HKG,NAP,"4,914",$864.86,"5,525 mi",13,$0.1565
BKK,PPS,"4,905",$112.89,"1,211 mi",13,$0.0932
PVG,MDC,"4,905",$173.32,"2,117 mi",13,$0.0819
PVG,SDK,"4,904",$144.22,"1,708 mi",13,$0.0844
KIX,VII,"4,903",$230.74,"2,175 mi",13,$0.1061
TPE,MEX,"4,901",$991.83,"8,588 mi",13,$0.1155
CGO,BAR,"4,900",$369.15,"1,051 mi",13,$0.3512
BKK,POM,"4,899",$887.22,"3,671 mi",13,$0.2417
NGO,LAS,"4,899","$1,013.04","5,526 mi",13,$0.1833
PKX,HRE,"4,898",$622.37,"6,961 mi",13,$0.0894
SIN,DBV,"4,896",$763.83,"6,115 mi",13,$0.1249
ICN,SJU,"4,894","$1,334.50","8,744 mi",13,$0.1526
WUH,MAD,"4,894",$428.48,"5,925 mi",13,$0.0723
DPS,TIM,"4,893",$433.46,"1,564 mi",13,$0.2771
HKG,NUE,"4,891","$1,018.69","5,770 mi",13,$0.1765
HND,MFM,"4,889",$139.20,"1,772 mi",13,$0.0786
SGN,KOJ,"4,889",$321.40,"2,048 mi",13,$0.1569
USM,SAI,"4,888",$289.33,374 mi,13,$0.7736
SIN,LIN,"4,886","$1,032.97","6,570 mi",13,$0.1572
CGO,KHH,"4,882",$148.81,887 mi,13,$0.1678
CGK,DFW,"4,879","$1,343.99","9,740 mi",13,$0.1380
SGN,PIT,"4,874",$657.67,"9,130 mi",13,$0.0720
BKK,KWL,"4,870",$103.67,970 mi,13,$0.1069
CRK,MAD,"4,869",$477.04,"6,968 mi",13,$0.0685
CKG,DOH,"4,866",$328.11,"3,457 mi",13,$0.0949
PEK,KRK,"4,866",$542.22,"4,567 mi",13,$0.1187
PVG,KUH,"4,862",$225.92,"1,431 mi",13,$0.1579
TPE,YIA,"4,861",$213.65,"2,328 mi",13,$0.0918
SIN,CLT,"4,857","$2,184.52","10,186 mi",13,$0.2145
CNX,YYZ,"4,856",$781.32,"7,877 mi",13,$0.0992
DPS,PNQ,"4,853",$296.34,"3,284 mi",13,$0.0902
SGN,TWU,"4,853",$95.45,932 mi,13,$0.1024
CKG,ZHY,"4,851",$87.63,533 mi,13,$0.1644
DPS,DMM,"4,847",$501.31,"5,158 mi",13,$0.0972
HGH,CPH,"4,847",$393.74,"5,304 mi",13,$0.0742
KIX,BEG,"4,847",$595.96,"5,783 mi",13,$0.1031
TPE,NCL,"4,847",$780.73,"5,781 mi",13,$0.1351
PVG,NKG,"4,845",$36.49,173 mi,13,$0.2109
NGO,KKJ,"4,845",$95.14,326 mi,13,$0.2918
KIX,HDY,"4,844",$240.19,"3,007 mi",13,$0.0799
SGN,PHL,"4,844",$632.05,"9,200 mi",13,$0.0687
HGH,LAD,"4,842",$637.27,"7,323 mi",13,$0.0870
BKK,CLE,"4,842",$933.96,"8,367 mi",13,$0.1116
WUH,PUS,"4,841",$124.89,878 mi,13,$0.1422
KIX,MPH,"4,841",$116.23,"1,712 mi",13,$0.0679
NGO,RIS,"4,840",$190.64,731 mi,13,$0.2608
BKK,YNZ,"4,837",$108.18,"1,776 mi",13,$0.0609
HGH,VIE,"4,837",$306.53,"5,114 mi",13,$0.0599
TPE,DLI,"4,836",$111.99,"1,210 mi",13,$0.0926
PEN,KHN,"4,835",$167.86,"1,981 mi",13,$0.0847
HKT,AYT,"4,835",$351.54,"4,781 mi",13,$0.0735
CAN,HDY,"4,832",$113.80,"1,467 mi",13,$0.0776
HGH,WAW,"4,832",$448.49,"4,819 mi",13,$0.0931
TPE,OTP,"4,831",$724.97,"5,418 mi",13,$0.1338
WUH,FCO,"4,831",$371.22,"5,225 mi",13,$0.0710
SGN,BLQ,"4,830",$585.69,"5,776 mi",13,$0.1014
SIN,BHO,"4,828",$139.39,"2,272 mi",13,$0.0614
CTU,TLQ,"4,828",$134.60,"1,222 mi",13,$0.1101
MFM,BCD,"4,826",$88.29,"1,033 mi",13,$0.0855
USM,MRS,"4,824",$439.89,"5,826 mi",13,$0.0755
HND,CHS,"4,823","$1,624.56","7,263 mi",13,$0.2237
PKX,LXA,"4,822",$246.53,"1,656 mi",13,$0.1489
KIX,JJN,"4,820",$102.93,"1,235 mi",13,$0.0833
TPE,EDI,"4,819",$770.79,"5,789 mi",13,$0.1331
SGN,CMH,"4,818",$648.81,"9,138 mi",13,$0.0710
DPS,HDY,"4,815",$109.70,"1,441 mi",13,$0.0761
CGK,LOS,"4,814","$1,040.87","6,963 mi",13,$0.1495
NRT,MSP,"4,813",$905.60,"5,758 mi",13,$0.1573
WUH,LGW,"4,810",$248.43,"5,352 mi",13,$0.0464
KIX,TLS,"4,810",$619.03,"6,501 mi",13,$0.0952
CGK,KMQ,"4,808",$472.17,"3,407 mi",13,$0.1386
HGH,PRG,"4,808",$196.00,"5,451 mi",13,$0.0360
NRT,USM,"4,807",$435.45,"3,017 mi",13,$0.1443
KUL,HAJ,"4,806",$925.86,"5,968 mi",13,$0.1551
PVG,PBM,"4,804","$1,374.57","10,197 mi",13,$0.1348
CGK,ISB,"4,802",$541.02,"3,629 mi",13,$0.1491
MFM,LAX,"4,799",$725.17,"7,052 mi",13,$0.1028
HAN,XUZ,"4,799",$95.19,"1,171 mi",13,$0.0813
TPE,LJU,"4,799",$782.56,"5,893 mi",13,$0.1328
SIN,PHL,"4,798","$1,539.32","9,875 mi",13,$0.1559
DAD,BNE,"4,796",$473.23,"4,376 mi",13,$0.1081
HAN,HNL,"4,796",$695.52,"6,254 mi",13,$0.1112
MNL,YNB,"4,793",$430.65,"5,216 mi",13,$0.0826
NRT,BWI,"4,792",$859.11,"6,947 mi",13,$0.1237
DPS,IPH,"4,792",$139.10,"1,297 mi",13,$0.1072
SGN,BHX,"4,786",$630.16,"6,186 mi",13,$0.1019
HND,TUN,"4,777","$1,139.97","6,285 mi",13,$0.1814
URC,LHR,"4,773",$351.80,"3,987 mi",13,$0.0882
DPS,NCL,"4,772",$766.82,"7,996 mi",13,$0.0959
CAN,DYU,"4,770",$418.91,"2,719 mi",13,$0.1541
KUL,SLL,"4,770",$284.64,"3,276 mi",13,$0.0869
BKK,BNA,"4,767",$895.82,"8,692 mi",13,$0.1031
SIN,KOJ,"4,762",$575.57,"2,649 mi",13,$0.2173
CAN,CQW,"4,760",$103.05,560 mi,13,$0.1840
HKT,HAJ,"4,760",$382.75,"5,545 mi",13,$0.0690
ICN,KHI,"4,759",$442.79,"3,444 mi",13,$0.1286
ICN,KGL,"4,757",$576.52,"6,846 mi",13,$0.0842
PEN,FOC,"4,754",$163.92,"1,859 mi",13,$0.0882
BKK,YIN,"4,753",$158.24,"2,313 mi",13,$0.0684
HKT,KHH,"4,752",$178.24,"1,719 mi",13,$0.1037
PEK,KOJ,"4,749",$359.10,"1,003 mi",13,$0.3580
CEB,ONT,"4,749",$402.69,"7,152 mi",13,$0.0563
CTU,MEL,"4,747",$331.10,"5,242 mi",13,$0.0632
NRT,ONT,"4,738",$637.15,"5,636 mi",13,$0.1131
CAN,ROB,"4,737",$579.62,"7,878 mi",13,$0.0736
CGK,MLA,"4,735",$786.60,"6,785 mi",13,$0.1159
CEB,JED,"4,735",$418.43,"5,797 mi",13,$0.0722
CRK,JED,"4,734",$354.22,"5,137 mi",13,$0.0690
TPE,VCA,"4,732",$185.54,"1,408 mi",13,$0.1318
HND,BLL,"4,732",$768.08,"5,327 mi",13,$0.1442
NRT,WRO,"4,727",$787.30,"5,693 mi",13,$0.1383
BWN,DPS,"4,723",$306.10,974 mi,13,$0.3143
PNH,BRU,"4,723",$414.64,"6,224 mi",13,$0.0666
ICN,GEG,"4,722",$885.16,"5,522 mi",13,$0.1603
CGK,BUW,"4,718",$166.63,"1,128 mi",13,$0.1477
DPS,BEY,"4,717",$607.86,"6,150 mi",13,$0.0988
KUL,BBI,"4,716",$140.75,"1,567 mi",13,$0.0898
HKG,CLT,"4,714","$2,078.19","8,594 mi",13,$0.2418
CKG,KWI,"4,714",$153.93,"3,594 mi",13,$0.0428
HGH,LDS,"4,714",$150.24,"1,332 mi",13,$0.1128
KIX,COK,"4,714",$296.16,"3,933 mi",13,$0.0753
CAN,BOG,"4,713",$823.57,"10,744 mi",13,$0.0767
HAN,BRE,"4,710",$391.70,"5,497 mi",13,$0.0713
DAD,BOS,"4,709",$651.01,"8,148 mi",13,$0.0799
KUL,STR,"4,707",$731.73,"6,003 mi",13,$0.1219
KIX,UIH,"4,706",$189.22,"2,227 mi",13,$0.0850
SIN,HLD,"4,704",$298.90,"3,539 mi",13,$0.0845
CKG,NBO,"4,703",$852.49,"4,903 mi",13,$0.1739
SIN,NSN,"4,702",$710.17,"5,059 mi",13,$0.1404
KIX,ZHA,"4,699",$130.31,"1,795 mi",13,$0.0726
HND,KNO,"4,696",$520.35,"3,312 mi",13,$0.1571
DPS,CGQ,"4,695",$278.51,"3,814 mi",13,$0.0730
PEK,PHX,"4,694","$1,168.86","6,291 mi",13,$0.1858
SUB,TFU,"4,694",$319.18,"2,743 mi",13,$0.1164
NGO,UEO,"4,693",$237.31,863 mi,13,$0.2750
MNL,TUN,"4,692",$749.80,"6,512 mi",13,$0.1151
KUL,SKP,"4,691",$232.47,"5,750 mi",13,$0.0404
BKK,KNO,"4,690",$204.08,685 mi,13,$0.2979
CNX,CRK,"4,690",$169.88,"1,404 mi",13,$0.1210
HKG,KHI,"4,687",$401.10,"2,862 mi",13,$0.1401
MNL,NAP,"4,685",$458.72,"6,595 mi",13,$0.0696
SIN,RXS,"4,685",$109.46,"1,424 mi",13,$0.0769
DPS,USM,"4,684",$419.20,"1,685 mi",13,$0.2488
PEK,RGN,"4,684",$357.94,"2,075 mi",13,$0.1725
KIX,TUN,"4,683",$722.74,"6,566 mi",13,$0.1101
TSN,NBS,"4,682",$113.51,592 mi,13,$0.1917
DPS,LUX,"4,682",$353.30,"7,298 mi",13,$0.0484
PEK,RMQ,"4,682",$156.45,"1,084 mi",13,$0.1443
KUL,SOF,"4,681",$381.14,"5,662 mi",13,$0.0673
HKG,UIH,"4,681",$254.64,680 mi,13,$0.3745
HGH,JIC,"4,680",$146.24,"1,212 mi",13,$0.1207
DPS,AYQ,"4,680",$395.37,"1,586 mi",13,$0.2493
CAN,WUA,"4,678",$141.67,"1,231 mi",13,$0.1151
BWN,HGH,"4,677",$278.17,"1,836 mi",13,$0.1515
NRT,DMM,"4,676","$1,996.78","5,049 mi",13,$0.3955
PKX,LUN,"4,670",$495.16,"6,578 mi",13,$0.0753
BKK,ISG,"4,667",$366.22,"1,751 mi",13,$0.2091
SZX,TLQ,"4,667",$194.39,"2,056 mi",13,$0.0945
HND,BGO,"4,666","$1,256.82","5,491 mi",13,$0.2289
TSN,MDG,"4,666",$45.86,708 mi,13,$0.0648
HKG,TUN,"4,666",$663.51,"6,190 mi",13,$0.1072
TPE,CLE,"4,666","$1,054.08","7,383 mi",13,$0.1428
BKK,IAO,"4,664",$174.28,"1,780 mi",13,$0.0979
KIX,YNZ,"4,664",$100.18,890 mi,13,$0.1126
HKG,PIT,"4,663","$1,743.86","7,763 mi",13,$0.2246
TSN,JXA,"4,663",$193.52,850 mi,13,$0.2277
PKX,AER,"4,660",$375.70,"3,938 mi",13,$0.0954
SIN,DCA,"4,660","$2,811.10","9,367 mi",13,$0.3001
DAD,KNO,"4,658",$117.50,"1,098 mi",13,$0.1070
BKK,SXR,"4,656",$150.07,"2,083 mi",13,$0.0720
XMN,LZY,"4,655",$169.90,"1,454 mi",13,$0.1169
CGK,SAI,"4,653",$272.48,"1,398 mi",13,$0.1949
NRT,HBA,"4,649",$684.47,"5,286 mi",13,$0.1295
PEK,ORN,"4,644",$734.56,"6,035 mi",13,$0.1217
ICN,YYJ,"4,643",$590.74,"4,957 mi",13,$0.1192
HAN,KRK,"4,642",$309.25,"5,080 mi",13,$0.0609
LGK,PKX,"4,642",$152.88,"2,591 mi",13,$0.0590
CAN,YTW,"4,639",$210.07,"2,149 mi",13,$0.0978
XMN,LGW,"4,639",$259.46,"5,829 mi",13,$0.0445
PNH,BOM,"4,639",$205.28,"2,124 mi",13,$0.0966
ICN,MEM,"4,638","$1,540.96","7,116 mi",13,$0.2165
PEN,TGG,"4,636",$64.85,201 mi,13,$0.3226
WUH,HZA,"4,633",$115.00,309 mi,13,$0.3722
HND,COK,"4,631",$446.83,"4,450 mi",13,$0.1004
MNL,AKJ,"4,631",$344.82,"2,308 mi",13,$0.1494
CAN,BLQ,"4,630",$673.60,"5,823 mi",13,$0.1157
ICN,KBR,"4,630",$222.61,"2,564 mi",13,$0.0868
CAN,YYC,"4,624",$553.66,"6,737 mi",13,$0.0822
HKG,LOS,"4,622",$794.34,"7,121 mi",13,$0.1115
BWN,KTM,"4,621",$625.10,"2,574 mi",13,$0.2429
ICN,KUH,"4,621",$178.49,979 mi,13,$0.1823
DPS,ADB,"4,619",$992.73,"6,290 mi",13,$0.1578
CNX,MXP,"4,616",$396.90,"5,152 mi",13,$0.0770
NRT,YLW,"4,616",$645.21,"4,640 mi",13,$0.1391
SIN,NAG,"4,616",$141.72,"2,099 mi",13,$0.0675
PEK,KMJ,"4,615",$451.32,964 mi,13,$0.4682
SIN,YEG,"4,615",$839.07,"7,842 mi",13,$0.1070
ICN,POZ,"4,611",$586.22,"4,783 mi",13,$0.1226
SIN,SJC,"4,609",$771.90,"8,215 mi",13,$0.0940
KUL,PPS,"4,608",$106.24,"1,228 mi",13,$0.0865
PVG,MCI,"4,608","$1,228.52","7,245 mi",13,$0.1696
PKX,UUS,"4,602",$103.53,"1,369 mi",13,$0.0756
KIX,OGG,"4,601",$612.44,"4,334 mi",13,$0.1413
SGN,HDY,"4,601",$122.81,489 mi,13,$0.2511
HGH,WUA,"4,599",$113.09,"1,044 mi",13,$0.1083
KIX,YYC,"4,599",$757.09,"5,034 mi",13,$0.1504
PVG,ZHY,"4,599",$477.00,"1,016 mi",13,$0.4695
BKK,MMY,"4,598",$344.70,"1,824 mi",13,$0.1890
PEK,LIN,"4,595",$432.21,"5,165 mi",13,$0.0837
ICN,SBW,"4,593",$217.22,"2,522 mi",13,$0.0861
PEN,TYN,"4,593",$136.12,"2,444 mi",13,$0.0557
NRT,DRP,"4,592",$104.83,"1,823 mi",13,$0.0575
DPS,GLA,"4,588",$733.98,"8,081 mi",13,$0.0908
DMK,CZX,"4,587",$41.39,"1,788 mi",13,$0.0231
PEK,SAN,"4,586","$1,608.62","6,156 mi",13,$0.2613
KIX,ZAG,"4,586",$529.90,"5,897 mi",13,$0.0899
CGK,YNT,"4,585",$454.70,"3,258 mi",13,$0.1396
BKK,ELQ,"4,585",$157.41,"3,884 mi",13,$0.0405
CKG,DAC,"4,585",$166.20,"1,048 mi",13,$0.1586
KBV,PEN,"4,585",$64.76,207 mi,13,$0.3129
PEK,BPX,"4,583",$158.02,"1,238 mi",13,$0.1276
TPE,YOW,"4,581","$1,392.28","7,233 mi",13,$0.1925
ICN,BIO,"4,580",$728.26,"5,836 mi",13,$0.1248
KIX,MEX,"4,579",$692.36,"7,500 mi",13,$0.0923
SZX,CMB,"4,579",$173.59,"2,570 mi",13,$0.0675
KIX,VCL,"4,578",$192.41,"2,170 mi",13,$0.0887
CAN,HAM,"4,577",$530.58,"5,281 mi",13,$0.1005
CAN,MSQ,"4,576",$463.43,"4,596 mi",13,$0.1008
HND,BHX,"4,575","$1,167.99","6,108 mi",13,$0.1912
DPS,YYC,"4,571",$883.62,"8,149 mi",13,$0.1084
TPE,DLU,"4,571",$222.70,"1,266 mi",13,$0.1759
PVG,JIC,"4,570",$176.49,"1,177 mi",13,$0.1499
KUL,LAS,"4,570","$1,005.47","8,587 mi",13,$0.1171
HND,ASR,"4,569",$618.07,"5,552 mi",13,$0.1113
MNL,KHN,"4,569",$168.69,"1,013 mi",13,$0.1665
CNX,SEA,"4,568",$460.40,"6,979 mi",13,$0.0660
LGK,XSP,"4,568",$79.52,457 mi,13,$0.1740
PVG,HDY,"4,563",$172.28,"2,235 mi",13,$0.0771
BKK,AHB,"4,563",$281.99,"3,741 mi",13,$0.0754
PEK,LBV,"4,560",$923.08,"6,886 mi",12,$0.1341
CGK,WUX,"4,558",$285.29,"2,836 mi",12,$0.1006
MNL,SAI,"4,557",$178.14,"1,095 mi",12,$0.1627
TSN,AQG,"4,556",$94.26,608 mi,12,$0.1550
DVO,SYD,"4,556",$257.36,"3,194 mi",12,$0.0806
URC,HNY,"4,555",$258.73,"1,772 mi",12,$0.1460
RGN,XIY,"4,552",$160.60,"1,484 mi",12,$0.1082
SIN,BTJ,"4,552",$146.21,677 mi,12,$0.2160
MNL,MLE,"4,550",$560.01,"3,209 mi",12,$0.1745
BKK,DAR,"4,549",$581.88,"4,319 mi",12,$0.1347
KBV,MAN,"4,548",$480.68,"6,041 mi",12,$0.0796
HGH,BTU,"4,545",$146.68,"1,992 mi",12,$0.0736
MNL,CGP,"4,545",$749.78,"2,044 mi",12,$0.3668
SIN,VLC,"4,544","$1,030.59","7,133 mi",12,$0.1445
NRT,KLO,"4,542",$147.13,"1,948 mi",12,$0.0755
ICN,BPN,"4,542",$565.02,"2,663 mi",12,$0.2122
DAD,ATL,"4,540",$739.50,"8,637 mi",12,$0.0856
SIN,BHD,"4,535",$827.46,"6,716 mi",12,$0.1232
KUL,CZX,"4,534",$162.51,"2,403 mi",12,$0.0676
KUL,MEX,"4,534","$1,212.86","10,664 mi",12,$0.1137
SIN,NUE,"4,534","$1,014.20","6,466 mi",12,$0.1569
DAD,UTH,"4,533",$52.81,381 mi,12,$0.1386
ICN,RSW,"4,532","$1,490.70","7,420 mi",12,$0.2009
KUL,HYN,"4,532",$191.49,"2,272 mi",12,$0.0843
CGO,FCO,"4,530",$295.16,"5,045 mi",12,$0.0585
DAD,CEI,"4,530",$82.59,591 mi,12,$0.1397
CAN,NDJ,"4,528",$473.73,"6,206 mi",12,$0.0763
DAD,VTE,"4,524",$116.95,408 mi,12,$0.2866
KUL,AHB,"4,524",$384.74,"4,009 mi",12,$0.0960
MFM,LHW,"4,523",$172.01,"1,194 mi",12,$0.1441
KIX,DYG,"4,522",$120.50,"1,543 mi",12,$0.0781
PVG,DCA,"4,522","$1,338.81","7,675 mi",12,$0.1744
ICN,SDQ,"4,520","$1,804.28","8,687 mi",12,$0.2077
MNL,MCI,"4,518",$803.84,"7,822 mi",12,$0.1028
NGO,MAD,"4,518",$869.65,"6,852 mi",12,$0.1269
KUL,MDC,"4,516",$278.85,"1,557 mi",12,$0.1791
CNX,KNO,"4,515",$101.03,"1,077 mi",12,$0.0938
NGO,CXR,"4,514",$193.22,"2,411 mi",12,$0.0801
PKX,LGW,"4,513",$351.51,"4,947 mi",12,$0.0711
TSN,WUA,"4,512",$66.92,581 mi,12,$0.1152
PNH,CMB,"4,508",$269.26,"1,675 mi",12,$0.1608
CEB,CJU,"4,507",$259.80,"1,563 mi",12,$0.1662
PEK,GOT,"4,506",$464.34,"4,534 mi",12,$0.1024
SGN,RIX,"4,503",$413.09,"5,157 mi",12,$0.0801
SZX,CIF,"4,502",$209.86,"1,421 mi",12,$0.1477
PVG,PMI,"4,500",$939.48,"5,998 mi",12,$0.1566
PEK,LAD,"4,499","$1,666.07","7,097 mi",12,$0.2348
DPS,CMN,"4,497",$846.89,"8,684 mi",12,$0.0975
CKG,TBS,"4,496",$300.28,"3,379 mi",12,$0.0889
DVO,FUK,"4,495",$152.31,"1,910 mi",12,$0.0797
HKT,FOC,"4,495",$99.28,"1,811 mi",12,$0.0548
MNL,BIO,"4,493",$552.84,"6,889 mi",12,$0.0802
NRT,CBR,"4,493",$816.86,"4,795 mi",12,$0.1704
KUL,SJJ,"4,491",$724.79,"5,584 mi",12,$0.1298
SGN,KBR,"4,490",$75.18,451 mi,12,$0.1667
HGH,ARN,"4,489",$375.56,"4,990 mi",12,$0.0753
KIX,NTQ,"4,489",$57.68,213 mi,12,$0.2708
SIN,KTA,"4,488",$765.88,"1,806 mi",12,$0.4241
KUL,ROI,"4,487",$93.85,906 mi,12,$0.1036
WUH,MLE,"4,487",$413.23,"3,122 mi",12,$0.1324
NGO,BCN,"4,486",$559.64,"6,249 mi",12,$0.0896
PEK,MIA,"4,486","$1,094.01","7,524 mi",12,$0.1454
HGH,TWU,"4,484",$140.80,"1,743 mi",12,$0.0808
BKK,ZHA,"4,483",$121.72,868 mi,12,$0.1402
PVG,THD,"4,483",$172.74,"1,316 mi",12,$0.1313
SZX,WEF,"4,483",$259.01,987 mi,12,$0.2624
BKK,LIM,"4,482","$1,165.98","11,884 mi",12,$0.0981
KHH,RGN,"4,482",$257.26,"1,572 mi",12,$0.1637
PEN,SJW,"4,481",$135.50,"2,526 mi",12,$0.0536
SIN,BUS,"4,480",$602.95,"4,894 mi",12,$0.1232
CAN,TNR,"4,480",$725.28,"5,467 mi",12,$0.1327
SGN,INC,"4,478",$70.14,"1,957 mi",12,$0.0358
CTU,MUC,"4,478",$322.26,"4,623 mi",12,$0.0697
TPE,CLT,"4,478","$1,133.77","8,266 mi",12,$0.1372
PKX,AMM,"4,475",$476.34,"4,530 mi",12,$0.1052
SIN,VGA,"4,474",$155.99,"1,837 mi",12,$0.0849
HND,HSV,"4,473","$1,558.49","6,936 mi",12,$0.2247
HKG,KRK,"4,472",$810.68,"5,068 mi",12,$0.1600
SZX,DUS,"4,472",$376.78,"5,526 mi",12,$0.0682
XMN,LAD,"4,471",$488.18,"7,182 mi",12,$0.0680
SIN,CZX,"4,467",$187.33,"2,279 mi",12,$0.0822
CAN,JIC,"4,466",$150.57,"1,266 mi",12,$0.1189
CEB,CNX,"4,465",$164.74,"1,823 mi",12,$0.0904
PKX,LNJ,"4,464",$213.80,"1,406 mi",12,$0.1521
CGO,BUD,"4,461",$164.06,"4,847 mi",12,$0.0338
ICN,BGW,"4,461",$799.45,"4,622 mi",12,$0.1730
CAN,ITM,"4,458",$399.13,"1,500 mi",12,$0.2661
PVG,XIL,"4,457",$396.94,910 mi,12,$0.4362
SUB,XMN,"4,456",$281.56,"2,302 mi",12,$0.1223
NRT,KRK,"4,451",$756.12,"5,324 mi",12,$0.1420
SIN,BDJ,"4,451",$173.92,791 mi,12,$0.2199
PEN,HFE,"4,448",$164.34,"2,073 mi",12,$0.0793
CAN,RLK,"4,447",$141.84,"1,216 mi",12,$0.1166
PEK,LCA,"4,447",$682.77,"4,524 mi",12,$0.1509
PVG,GYD,"4,443",$528.55,"4,081 mi",12,$0.1295
PEK,WLG,"4,442",$763.62,"6,906 mi",12,$0.1106
SZX,GVA,"4,442",$498.49,"5,709 mi",12,$0.0873
SIN,AER,"4,441",$471.21,"5,016 mi",12,$0.0939
NRT,NCL,"4,441","$1,104.38","5,600 mi",12,$0.1972
BKK,SZB,"4,440",$66.89,710 mi,12,$0.0942
SGN,LPQ,"4,440",$107.90,674 mi,12,$0.1601
SGN,URC,"4,439",$184.67,"2,480 mi",12,$0.0745
TSN,SFO,"4,439",$494.33,"5,741 mi",12,$0.0861
CAN,BTU,"4,435",$132.61,"1,358 mi",12,$0.0977
SIN,OZC,"4,435",$140.86,"1,488 mi",12,$0.0947
KIX,LIN,"4,434",$803.16,"5,789 mi",12,$0.1387
SIN,PTY,"4,434","$1,167.30","11,329 mi",12,$0.1030
CAN,AUH,"4,432",$282.57,"3,566 mi",12,$0.0792
MNL,ISB,"4,432",$605.74,"3,376 mi",12,$0.1794
MNL,LAE,"4,432",$484.43,"2,217 mi",12,$0.2185
SGN,MCT,"4,431",$224.13,"3,196 mi",12,$0.0701
SIN,SPU,"4,431",$771.92,"6,219 mi",12,$0.1241
KBV,MNL,"4,431",$158.44,"1,603 mi",12,$0.0988
PKX,ABJ,"4,428",$504.69,"7,322 mi",12,$0.0689
BKK,BMV,"4,427",$97.07,516 mi,12,$0.1881
NRT,XNN,"4,427",$370.07,"2,190 mi",12,$0.1690
HND,PTY,"4,424","$1,992.68","8,688 mi",12,$0.2294
SUB,KJT,"4,423",$69.15,311 mi,12,$0.2223
BKK,KUH,"4,420",$562.83,"3,176 mi",12,$0.1772
BKK,PMO,"4,419",$354.78,"5,676 mi",12,$0.0625
SIN,DSN,"4,419",$156.18,"2,740 mi",12,$0.0570
CAN,KBV,"4,415",$114.28,"1,377 mi",12,$0.0830
HAN,URC,"4,415",$251.17,"1,830 mi",12,$0.1373
MFM,MPH,"4,415",$84.39,869 mi,12,$0.0971
HKT,YUL,"4,414",$758.20,"8,962 mi",12,$0.0846
TPE,AMD,"4,414",$458.34,"3,144 mi",12,$0.1458
CAN,EBL,"4,414",$470.27,"4,039 mi",12,$0.1164
PVG,GYE,"4,413","$1,408.75","9,684 mi",12,$0.1455
PNH,DFW,"4,410",$638.45,"8,773 mi",12,$0.0728
KHH,HUI,"4,410",$173.01,899 mi,12,$0.1924
PVG,BKO,"4,408",$556.95,"8,181 mi",12,$0.0681
TPE,QYG,"4,407",$995.77,"5,351 mi",12,$0.1861
NGO,MEL,"4,404",$659.86,"5,189 mi",12,$0.1272
SGN,WUX,"4,404",$102.05,"1,728 mi",12,$0.0591
SZX,MYY,"4,404",$109.99,"1,227 mi",12,$0.0896
CKG,BEG,"4,403",$386.07,"4,498 mi",12,$0.0858
HKG,RVN,"4,402",$787.06,"4,901 mi",12,$0.1606
TPE,BNA,"4,401","$1,036.00","7,598 mi",12,$0.1364
NGO,TYN,"4,399",$107.13,"1,316 mi",12,$0.0814
KUL,THD,"4,397",$149.22,"1,248 mi",12,$0.1196
ICN,GDN,"4,395",$664.67,"4,651 mi",12,$0.1429
PEK,AGP,"4,392",$647.05,"5,772 mi",12,$0.1121
SZX,OKA,"4,390",$198.02,877 mi,12,$0.2258
CAN,GMP,"4,390",$125.58,"1,301 mi",12,$0.0965
ICN,STI,"4,388",$981.05,"8,102 mi",12,$0.1211
CEB,HKT,"4,387",$171.20,"1,810 mi",12,$0.0946
NRT,BJX,"4,386","$1,112.18","7,009 mi",12,$0.1587
BKK,UBJ,"4,385",$911.69,"2,438 mi",12,$0.3739
HKT,KHN,"4,379",$96.34,"1,889 mi",12,$0.0510
CNX,MAD,"4,379",$395.48,"5,829 mi",12,$0.0678
DVO,SFO,"4,379",$636.50,"6,876 mi",12,$0.0926
MNL,SSG,"4,379","$1,105.52","7,406 mi",12,$0.1493
SGN,LYI,"4,375",$114.91,"1,775 mi",12,$0.0647
HKT,LHW,"4,373",$81.24,"2,051 mi",12,$0.0396
BKK,GYD,"4,372",$449.11,"3,669 mi",12,$0.1224
CGO,DOH,"4,372",$408.53,"3,613 mi",12,$0.1131
TPE,MDL,"4,372",$198.15,"1,568 mi",12,$0.1264
HKG,MRU,"4,371",$830.74,"4,661 mi",12,$0.1782
BKK,AAL,"4,370",$513.99,"5,296 mi",12,$0.0971
MFM,CGY,"4,369",$107.32,"1,216 mi",12,$0.0883
CAN,CPT,"4,367",$562.50,"7,580 mi",12,$0.0742
HKT,SSH,"4,366",$390.81,"4,236 mi",12,$0.0923
SUB,AMS,"4,365",$863.54,"7,159 mi",12,$0.1206
DPS,TLL,"4,364",$464.99,"6,548 mi",12,$0.0710
CAN,TNH,"4,363",$260.39,"1,440 mi",12,$0.1808
SIN,IVL,"4,363",$810.14,"5,969 mi",12,$0.1357
HKT,TLS,"4,362",$350.64,"6,360 mi",12,$0.0551
NRT,BHX,"4,361",$883.31,"5,751 mi",12,$0.1536
HKG,FLL,"4,360","$1,529.99","9,232 mi",12,$0.1657
MNL,BDA,"4,359",$926.87,"9,451 mi",12,$0.0981
HND,SYR,"4,357","$1,459.75","6,746 mi",12,$0.2164
HND,QYG,"4,357","$1,384.55","5,650 mi",12,$0.2451
PVG,RLK,"4,356",$145.33,"1,003 mi",12,$0.1449
HKG,KLO,"4,356",$80.89,950 mi,12,$0.0851
NRT,VII,"4,356",$267.67,"2,490 mi",12,$0.1075
NGO,AMS,"4,355",$733.91,"5,584 mi",12,$0.1314
SIN,DRS,"4,352","$1,339.47","5,970 mi",12,$0.2244
MNL,CVG,"4,352","$1,451.75","8,131 mi",12,$0.1785
MFM,TAG,"4,349",$101.08,"1,066 mi",12,$0.0948
HND,BEG,"4,348","$1,164.79","5,546 mi",12,$0.2100
CTU,CAI,"4,348",$155.73,"4,369 mi",12,$0.0356
SGN,NUE,"4,344",$473.66,"5,722 mi",12,$0.0828
DAD,TBB,"4,343",$56.85,213 mi,12,$0.2669
CTU,HLH,"4,340",$189.73,"1,492 mi",12,$0.1272
SIN,ASP,"4,339",$381.45,"2,576 mi",12,$0.1481
PKX,LZH,"4,337",$111.20,"1,100 mi",12,$0.1011
PVG,DSS,"4,336",$546.36,"8,506 mi",12,$0.0642
HAN,NGS,"4,333",$316.08,"1,633 mi",12,$0.1936
PEK,RIX,"4,332",$283.47,"3,929 mi",12,$0.0721
HND,OMA,"4,330","$1,050.44","6,245 mi",12,$0.1682
HKT,MLE,"4,329",$230.83,"1,671 mi",12,$0.1381
PEN,CDG,"4,327",$795.11,"6,101 mi",12,$0.1303
CGO,DAC,"4,327",$194.23,"1,541 mi",12,$0.1260
DPS,OPO,"4,325","$1,132.97","8,105 mi",12,$0.1398
HND,CHC,"4,323",$529.17,"6,011 mi",12,$0.0880
CNX,FOC,"4,321",$110.53,"1,452 mi",12,$0.0761
PVG,WLG,"4,321",$672.97,"5,858 mi",12,$0.1149
PVG,WDH,"4,314",$526.88,"8,054 mi",12,$0.0654
SZX,SAI,"4,313",$68.31,925 mi,12,$0.0738
CTU,CPH,"4,313",$398.29,"4,414 mi",12,$0.0902
PVG,AXT,"4,307",$531.21,"1,152 mi",12,$0.4611
BKK,STL,"4,306","$1,087.81","8,481 mi",12,$0.1283
SGN,CPT,"4,306",$639.53,"6,720 mi",12,$0.0952
CEB,MAD,"4,305",$613.53,"7,818 mi",12,$0.0785
HAN,AGP,"4,305",$315.62,"6,581 mi",12,$0.0480
KUL,TAC,"4,304",$76.18,"1,752 mi",12,$0.0435
TPE,YNT,"4,304",$213.56,843 mi,12,$0.2533
HAN,LJG,"4,302",$70.43,500 mi,12,$0.1409
KIX,LHE,"4,301",$394.56,"3,374 mi",12,$0.1169
DMK,LBJ,"4,301",$202.30,"2,096 mi",12,$0.0965
HKG,YNJ,"4,300",$135.66,"1,628 mi",12,$0.0833
MNL,CHS,"4,300",$852.50,"8,612 mi",12,$0.0990
CGK,ATL,"4,298","$1,194.57","10,719 mi",12,$0.1114
NRT,STR,"4,296",$846.55,"5,699 mi",12,$0.1485
PVG,GDN,"4,296",$859.43,"4,840 mi",12,$0.1776
MNL,OIT,"4,295",$436.67,"1,429 mi",12,$0.3056
CAN,DFW,"4,294",$898.98,"7,821 mi",12,$0.1149
NRT,TRZ,"4,294",$384.35,"4,329 mi",12,$0.0888
SIN,NTG,"4,294",$113.17,"2,321 mi",12,$0.0488
DPS,CJU,"4,291",$280.00,"2,923 mi",12,$0.0958
MNL,CKY,"4,287",$932.89,"8,644 mi",12,$0.1079
LGK,NRT,"4,285",$414.15,"3,376 mi",12,$0.1227
CGK,BEY,"4,282",$623.95,"5,554 mi",12,$0.1123
KHH,ZRH,"4,281",$750.72,"5,836 mi",12,$0.1286
SGN,KMQ,"4,280",$336.87,"2,485 mi",12,$0.1356
CGK,OTP,"4,277",$809.36,"6,236 mi",12,$0.1298
CGK,ZQN,"4,277",$784.24,"4,707 mi",12,$0.1666
BKK,KMI,"4,276",$590.11,"2,380 mi",12,$0.2479
MNL,TRV,"4,276",$497.67,"3,100 mi",12,$0.1605
KUL,KRK,"4,274",$629.17,"5,886 mi",12,$0.1069
MNL,HAK,"4,274",$193.48,815 mi,12,$0.2374
SIN,EVN,"4,273",$499.22,"4,717 mi",12,$0.1058
SGN,MIA,"4,273",$908.23,"10,160 mi",12,$0.0894
CGK,MRU,"4,272",$702.05,"3,526 mi",12,$0.1991
DMK,NKG,"4,268",$59.33,"1,739 mi",12,$0.0341
USM,BNE,"4,267",$616.77,"4,501 mi",12,$0.1370
SUB,KBR,"4,267",$111.74,"1,148 mi",12,$0.0973
XMN,PBM,"4,267","$1,090.17","10,624 mi",12,$0.1026
XMN,ENY,"4,266",$408.83,942 mi,12,$0.4340
ICN,LZH,"4,266",$131.88,"1,402 mi",12,$0.0941
MNL,CGQ,"4,265",$176.09,"2,118 mi",12,$0.0831
BWN,PEN,"4,263",$208.62,"1,039 mi",12,$0.2008
HND,SJC,"4,258","$1,012.53","5,334 mi",12,$0.1898
CNX,DXB,"4,258",$345.59,"2,900 mi",12,$0.1192
HND,MPH,"4,257",$238.83,"2,035 mi",12,$0.1174
NRT,MCT,"4,257","$1,182.91","4,715 mi",12,$0.2509
HKG,STL,"4,257","$1,744.75","8,172 mi",12,$0.2135
PNH,KTM,"4,257",$268.42,"1,633 mi",12,$0.1644
NGO,FUJ,"4,255",$212.89,468 mi,12,$0.4549
XMN,BCN,"4,255",$477.44,"6,131 mi",12,$0.0779
HKT,BFV,"4,253",$76.14,576 mi,12,$0.1322
PVG,FLL,"4,252","$1,296.52","8,473 mi",12,$0.1530
HND,AGU,"4,251","$1,666.42","6,566 mi",12,$0.2538
HKT,SEA,"4,250",$628.37,"7,629 mi",12,$0.0824
DPS,ILO,"4,250",$67.14,"1,480 mi",12,$0.0454
CGO,BNE,"4,248",$345.37,"5,138 mi",12,$0.0672
CKG,BER,"4,248",$197.89,"4,603 mi",12,$0.0430
URC,LYG,"4,246",$240.97,"1,861 mi",12,$0.1295
PEK,HTA,"4,246",$236.09,815 mi,12,$0.2897
KIX,FLR,"4,242",$675.77,"5,808 mi",12,$0.1164
KIX,VLC,"4,241",$639.91,"6,798 mi",12,$0.0941
CEB,MAN,"4,238",$673.96,"6,819 mi",12,$0.0988
PVG,KCZ,"4,237",$470.58,691 mi,12,$0.6810
SZX,JGN,"4,237",$196.86,"1,450 mi",12,$0.1358
CGK,UTH,"4,236",$125.55,"1,597 mi",12,$0.0786
SGN,TUL,"4,236",$537.51,"9,138 mi",12,$0.0588
HKG,DME,"4,235",$654.81,"4,550 mi",12,$0.1439
CRK,CDG,"4,232",$608.92,"6,811 mi",12,$0.0894
KHH,DEL,"4,229",$330.83,"2,631 mi",12,$0.1257
ICN,USU,"4,228",$190.93,"1,849 mi",12,$0.1033
KHH,FRA,"4,227",$746.53,"6,102 mi",12,$0.1223
TPE,YEG,"4,227",$588.40,"5,924 mi",12,$0.0993
NGO,SEA,"4,227",$792.34,"5,092 mi",12,$0.1556
CKG,MUC,"4,225",$360.04,"5,070 mi",12,$0.0710
HKT,KGD,"4,223",$358.66,"5,430 mi",12,$0.0661
KNO,FRA,"4,222",$541.06,"5,858 mi",12,$0.0924
BKK,MSQ,"4,221",$374.06,"4,898 mi",12,$0.0764
CTU,IST,"4,221",$424.52,"4,266 mi",12,$0.0995
SZX,KBR,"4,220",$115.13,"1,332 mi",12,$0.0864
BKK,CBR,"4,219","$1,059.60","4,497 mi",12,$0.2356
CGO,TAS,"4,219",$248.28,"2,519 mi",12,$0.0986
ICN,DBV,"4,218",$462.77,"5,144 mi",12,$0.0900
CGO,ZFL,"4,218",$336.68,"1,785 mi",12,$0.1886
XMN,DEL,"4,218",$572.28,"2,614 mi",12,$0.2189
TPE,LYS,"4,217",$776.73,"6,304 mi",12,$0.1232
PVG,VDH,"4,216",$125.65,"1,380 mi",12,$0.0911
SZX,HTN,"4,213",$591.83,"2,181 mi",12,$0.2714
XMN,WHA,"4,211",$222.72,440 mi,12,$0.5062
MNL,MYY,"4,210",$183.36,825 mi,12,$0.2223
HAN,YTY,"4,210",$97.08,"1,124 mi",12,$0.0864
CNX,MFM,"4,209",$98.46,946 mi,12,$0.1041
CGK,TMC,"4,208",$165.94,864 mi,12,$0.1921
HGH,TUN,"4,207",$555.14,"5,789 mi",12,$0.0959
CGO,CTS,"4,206",$197.95,"1,550 mi",12,$0.1277
PKX,IAD,"4,204",$771.87,"6,737 mi",12,$0.1146
DAD,XIY,"4,203",$145.12,"1,310 mi",12,$0.1108
ICN,DLU,"4,201",$191.21,"1,681 mi",12,$0.1137
XMN,AKL,"4,198",$399.96,"5,795 mi",12,$0.0690
KUL,STN,"4,198",$417.06,"6,752 mi",12,$0.0618
PEK,CXR,"4,198",$140.03,"1,931 mi",12,$0.0725
SGN,CZX,"4,198",$80.41,"1,731 mi",12,$0.0465
HKG,PNK,"4,198",$256.22,"1,534 mi",12,$0.1670
CNX,HFE,"4,195",$83.28,"1,488 mi",11,$0.0560
CGO,PKX,"4,195",$127.74,384 mi,11,$0.3327
PKX,CPH,"4,194",$224.83,"4,631 mi",11,$0.0485
CAN,ZQZ,"4,192",$125.45,"1,238 mi",11,$0.1013
HND,BRE,"4,190","$1,413.04","5,478 mi",11,$0.2579
SIN,CTA,"4,190",$638.85,"5,919 mi",11,$0.1079
CAN,JRO,"4,189",$512.27,"5,607 mi",11,$0.0914
CRK,MCO,"4,189",$688.42,"8,814 mi",11,$0.0781
SGN,ORF,"4,188",$533.32,"8,860 mi",11,$0.0602
USM,BHX,"4,188",$569.10,"5,998 mi",11,$0.0949
PVG,OUA,"4,187",$610.32,"7,857 mi",11,$0.0777
CTU,AHJ,"4,185",$56.04,159 mi,11,$0.3525
HAN,GES,"4,185",$75.32,"1,712 mi",11,$0.0440
CAN,HIJ,"4,184",$164.98,"1,449 mi",11,$0.1139
HKT,KBR,"4,184",$66.62,313 mi,11,$0.2128
NRT,STL,"4,182","$1,060.52","6,546 mi",11,$0.1620
BKK,AXT,"4,181",$456.90,"3,077 mi",11,$0.1485
ICN,BSL,"4,181",$959.56,"5,624 mi",11,$0.1706
PKX,LIS,"4,180",$289.37,"5,844 mi",11,$0.0495
DAD,JHB,"4,178",$93.59,"1,073 mi",11,$0.0872
CNX,MEL,"4,176",$445.45,"5,055 mi",11,$0.0881
HND,CUN,"4,174","$1,245.02","7,700 mi",11,$0.1617
PVG,HNA,"4,172",$116.06,"1,265 mi",11,$0.0917
NRT,CLE,"4,172","$1,081.55","6,277 mi",11,$0.1723
HND,CGN,"4,170","$1,392.76","5,983 mi",11,$0.2328
PVG,SAI,"4,169",$112.85,"1,610 mi",11,$0.0701
NRT,LYS,"4,169",$653.67,"5,971 mi",11,$0.1095
WUH,MUC,"4,168",$560.02,"5,023 mi",11,$0.1115
SUB,MEL,"4,167",$449.56,"2,985 mi",11,$0.1506
WUH,NBS,"4,163",$122.72,"1,107 mi",11,$0.1109
BKK,YIA,"4,162",$291.85,"1,574 mi",11,$0.1854
CEB,BCN,"4,161",$669.59,"7,530 mi",11,$0.0889
BKK,HIA,"4,156",$107.55,"1,750 mi",11,$0.0615
HKT,ATL,"4,155",$654.95,"9,260 mi",11,$0.0707
DPS,IAO,"4,155",$221.71,"1,441 mi",11,$0.1539
DAD,COK,"4,154",$177.47,"2,111 mi",11,$0.0841
ICN,DRP,"4,152",$131.48,"1,743 mi",11,$0.0754
WUH,DQA,"4,152",$151.85,"1,211 mi",11,$0.1254
CTU,ALA,"4,150",$248.60,"1,665 mi",11,$0.1493
DAD,DEN,"4,150",$587.82,"8,273 mi",11,$0.0711
HND,RMQ,"4,150",$286.15,"1,342 mi",11,$0.2132
CEB,TPA,"4,149",$743.04,"9,530 mi",11,$0.0780
CGK,KOJ,"4,149",$516.35,"3,155 mi",11,$0.1637
ICN,TXN,"4,148",$146.10,691 mi,11,$0.2114
LGK,TPE,"4,148",$184.45,"1,981 mi",11,$0.0931
CGO,MFM,"4,147",$78.71,829 mi,11,$0.0949
PEN,HYD,"4,147",$274.50,"1,742 mi",11,$0.1576
HND,RAK,"4,146","$1,006.46","7,129 mi",11,$0.1412
MNL,LYS,"4,145",$631.15,"6,879 mi",11,$0.0918
ICN,BOI,"4,142",$993.48,"5,433 mi",11,$0.1829
DMK,KBR,"4,141",$60.31,531 mi,11,$0.1136
NRT,GES,"4,136",$102.37,"2,331 mi",11,$0.0439
KUL,GYD,"4,133",$438.05,"4,258 mi",11,$0.1029
KNO,KBR,"4,132",$68.87,302 mi,11,$0.2280
NRT,UIH,"4,131",$218.09,"2,383 mi",11,$0.0915
SUB,DOH,"4,129",$467.21,"4,827 mi",11,$0.0968
SIN,AOJ,"4,126",$352.72,"3,450 mi",11,$0.1022
TPE,TRZ,"4,125",$411.16,"3,038 mi",11,$0.1353
ICN,VLC,"4,124",$808.90,"5,960 mi",11,$0.1357
TPE,TWU,"4,124",$175.73,"1,406 mi",11,$0.1250
ICN,SJJ,"4,123",$440.19,"5,403 mi",11,$0.0815
HAN,ALG,"4,122",$846.19,"6,187 mi",11,$0.1368
MNL,TSV,"4,122",$551.08,"2,829 mi",11,$0.1948
KIX,PXU,"4,121",$195.92,"2,142 mi",11,$0.0915
CTU,MAD,"4,119",$523.46,"5,860 mi",11,$0.0893
CAN,NDG,"4,119",$164.54,"1,801 mi",11,$0.0914
ICN,RIC,"4,118","$1,168.62","7,250 mi",11,$0.1612
PVG,TWC,"4,117",$255.36,"2,532 mi",11,$0.1009
KUL,TLS,"4,116",$698.05,"6,404 mi",11,$0.1090
PEK,OUA,"4,116",$728.04,"7,285 mi",11,$0.0999
CTU,PNH,"4,112",$135.88,"1,277 mi",11,$0.1064
CTU,YNZ,"4,110",$321.30,942 mi,11,$0.3411
MFM,SFO,"4,109",$528.32,"6,728 mi",11,$0.0785
SIN,TBS,"4,109",$449.06,"4,727 mi",11,$0.0950
PVG,TCZ,"4,108",$351.75,"1,526 mi",11,$0.2305
HND,ONT,"4,108",$651.02,"5,673 mi",11,$0.1148
MNL,LFW,"4,107",$741.58,"7,828 mi",11,$0.0947
CEB,AKL,"4,107",$414.62,"4,777 mi",11,$0.0868
HKG,VCS,"4,106",$226.98,"1,087 mi",11,$0.2088
MNL,HBE,"4,106",$601.33,"5,958 mi",11,$0.1009
KIX,MCT,"4,106","$1,111.44","4,741 mi",11,$0.2344
SIN,YIW,"4,104",$139.00,"2,137 mi",11,$0.0650
MNL,YLW,"4,101",$516.85,"6,478 mi",11,$0.0798
XMN,MLE,"4,100",$335.52,"3,180 mi",11,$0.1055
BKK,YWG,"4,099",$697.15,"8,145 mi",11,$0.0856
BKK,YIH,"4,099",$137.09,"1,392 mi",11,$0.0985
KIX,USM,"4,099",$425.27,"2,725 mi",11,$0.1561
KBV,KOP,"4,098",$91.04,724 mi,11,$0.1257
PVG,LBV,"4,097",$787.66,"7,740 mi",11,$0.1018
HKG,JRO,"4,096",$774.82,"5,635 mi",11,$0.1375
CTU,DOH,"4,094",$319.03,"3,284 mi",11,$0.0971
PEN,LJG,"4,092",$172.91,"1,521 mi",11,$0.1137
PKX,HTN,"4,092",$241.07,"2,035 mi",11,$0.1185
HND,KWL,"4,091",$246.56,"1,845 mi",11,$0.1336
PVG,ISB,"4,090",$430.91,"2,752 mi",11,$0.1566
DPS,KHH,"4,090",$175.88,"2,259 mi",11,$0.0779
MNL,IND,"4,089",$822.17,"8,547 mi",11,$0.0962
PKX,SAI,"4,089",$117.82,"1,894 mi",11,$0.0622
SIN,CVG,"4,086","$2,723.09","9,303 mi",11,$0.2927
KIX,NBO,"4,085","$1,017.36","6,541 mi",11,$0.1555
BKK,UUD,"4,081",$270.58,"2,580 mi",11,$0.1049
MNL,SJW,"4,081",$195.25,"1,636 mi",11,$0.1193
PKX,LHE,"4,081",$456.46,"2,331 mi",11,$0.1958
CNX,BRU,"4,080",$453.09,"5,246 mi",11,$0.0864
CNX,AMS,"4,078",$503.80,"5,210 mi",11,$0.0967
PEN,DLC,"4,078",$152.85,"2,599 mi",11,$0.0588
PVG,PXU,"4,078",$135.72,"1,516 mi",11,$0.0895
WUH,JUZ,"4,078",$89.35,317 mi,11,$0.2819
CKG,DAD,"4,077",$152.30,978 mi,11,$0.1557
SGN,OOL,"4,076",$339.80,"4,253 mi",11,$0.0799
DAD,URT,"4,075",$117.04,752 mi,11,$0.1556
HGH,UBN,"4,074",$216.49,"1,362 mi",11,$0.1590
HKT,MED,"4,074",$277.79,"3,896 mi",11,$0.0713
CTU,MXP,"4,071",$419.54,"5,124 mi",11,$0.0819
ICN,KKC,"4,067",$188.49,"2,106 mi",11,$0.0895
MNL,TIV,"4,064",$868.60,"6,337 mi",11,$0.1371
CGK,SCL,"4,063","$2,038.44","9,992 mi",11,$0.2040
HKG,KIJ,"4,062",$98.49,"1,899 mi",11,$0.0519
HKG,LCA,"4,062","$1,141.62","4,968 mi",11,$0.2298
BKK,NTG,"4,061",$101.98,"1,856 mi",11,$0.0549
DPS,MFM,"4,060",$199.82,"2,073 mi",11,$0.0964
PEN,CTS,"4,059",$315.76,"3,508 mi",11,$0.0900
DMK,LOP,"4,058",$182.72,"1,842 mi",11,$0.0992
ICN,BEY,"4,058",$486.17,"4,750 mi",11,$0.1024
KNO,MNL,"4,058",$222.67,"1,634 mi",11,$0.1363
BKK,JNG,"4,058",$99.59,"1,760 mi",11,$0.0566
DPS,AAP,"4,056",$503.95,578 mi,11,$0.8719
WUH,BPE,"4,054",$181.53,692 mi,11,$0.2623
CEB,LGW,"4,053",$558.06,"7,256 mi",11,$0.0769
KHH,SYD,"4,049",$413.27,"4,532 mi",11,$0.0912
MFM,SGN,"4,049",$144.74,934 mi,11,$0.1550
ICN,CTA,"4,048",$726.21,"5,491 mi",11,$0.1323
HKG,TAS,"4,048",$448.96,"2,976 mi",11,$0.1509
TPE,STR,"4,046","$1,076.76","6,019 mi",11,$0.1789
CEB,YUL,"4,046",$624.28,"8,681 mi",11,$0.0719
HGH,NBO,"4,046",$541.19,"6,053 mi",11,$0.0894
DPS,MPH,"4,043",$149.82,"1,457 mi",11,$0.1028
CEB,PER,"4,042",$417.20,"2,878 mi",11,$0.1450
CEB,OKA,"4,041",$253.51,"1,158 mi",11,$0.2189
CAN,MDL,"4,040",$201.49,"1,078 mi",11,$0.1869
KUL,HNL,"4,039","$1,046.82","6,610 mi",11,$0.1584
KNO,AAP,"4,039",$438.08,"1,260 mi",11,$0.3477
NRT,CLT,"4,037","$1,379.58","6,651 mi",11,$0.2074
MNL,PIT,"4,036","$1,101.48","8,147 mi",11,$0.1352
SIN,YOW,"4,036","$1,584.97","8,935 mi",11,$0.1774
CNX,CGQ,"4,032",$109.22,"2,399 mi",11,$0.0455
PKX,BEG,"4,031",$376.11,"4,770 mi",11,$0.0788
CEB,BOS,"4,029",$801.34,"8,935 mi",11,$0.0897
SIN,YCU,"4,029",$228.21,"2,447 mi",11,$0.0933
CGO,AMS,"4,028",$276.24,"4,927 mi",11,$0.0561
MNL,KIN,"4,027","$1,065.91","10,184 mi",11,$0.1047
CRK,KWI,"4,026",$340.24,"4,816 mi",11,$0.0706
ICN,ABQ,"4,026",$918.87,"6,572 mi",11,$0.1398
CTU,YUS,"4,024",$77.40,417 mi,11,$0.1856
PEK,PQC,"4,024",$209.01,"2,272 mi",11,$0.0920
CRK,SAN,"4,020",$470.59,"7,167 mi",11,$0.0657
DPS,VKO,"4,016",$346.51,"6,440 mi",11,$0.0538
SIN,PMR,"4,016",$843.64,"5,480 mi",11,$0.1539
DMK,MYY,"4,014",$38.51,"1,161 mi",11,$0.0332
HKG,PNQ,"4,012",$256.45,"2,517 mi",11,$0.1019
KIX,ATL,"4,011","$1,370.06","7,290 mi",11,$0.1879
NGO,DXB,"4,011",$435.39,"4,929 mi",11,$0.0883
HKG,RXS,"4,007",$64.51,970 mi,11,$0.0665
SUB,NKG,"4,007",$388.68,"2,814 mi",11,$0.1381
PEK,GEO,"4,006","$1,433.61","8,925 mi",11,$0.1606
KBV,SGN,"4,005",$96.21,538 mi,11,$0.1788
KUL,MPH,"4,005",$133.13,"1,569 mi",11,$0.0849
CGK,DME,"4,004","$1,235.02","5,582 mi",11,$0.2213
DAD,KTI,"4,000",$95.63,403 mi,11,$0.2373
SIN,IZO,"3,998",$416.54,"2,906 mi",11,$0.1433
WUH,OKA,"3,998",$216.62,849 mi,11,$0.2551
SIN,TST,"3,997",$75.09,537 mi,11,$0.1398
PNH,IAH,"3,996",$784.25,"9,546 mi",11,$0.0822
XMN,CAI,"3,996",$297.65,"5,048 mi",11,$0.0590
DVO,PVG,"3,995",$174.83,"1,728 mi",11,$0.1012
NGO,DTW,"3,995","$2,279.93","6,341 mi",11,$0.3596
CGK,HNL,"3,994","$1,232.56","6,518 mi",11,$0.1891
HGH,MYY,"3,993",$151.75,"1,893 mi",11,$0.0802
SHE,RUH,"3,990",$337.47,"4,302 mi",11,$0.0784
NGO,UBJ,"3,990",$86.67,331 mi,11,$0.2618
WUH,DNH,"3,990",$511.10,"1,303 mi",11,$0.3922
DMK,BWA,"3,989",$111.83,"1,495 mi",11,$0.0748
CKG,CMN,"3,989",$528.24,"6,507 mi",11,$0.0812
TPE,CVG,"3,983","$1,004.81","7,931 mi",11,$0.1267
HGH,HXD,"3,982",$155.61,"1,368 mi",11,$0.1138
SZX,JNZ,"3,981",$269.40,"1,303 mi",11,$0.2068
HGH,HDY,"3,980",$143.46,"2,007 mi",11,$0.0715
MNL,MKY,"3,978",$487.02,"3,024 mi",11,$0.1611
MNL,HIR,"3,976",$640.46,"3,050 mi",11,$0.2100
HGH,TCZ,"3,975",$169.91,"1,432 mi",11,$0.1187
KNO,BWX,"3,975",$202.37,"1,308 mi",11,$0.1547
DAD,MAN,"3,974",$813.08,"6,319 mi",11,$0.1287
TPE,INC,"3,972",$195.48,"1,223 mi",11,$0.1598
CTU,BNE,"3,971",$352.69,"5,308 mi",11,$0.0664
HGH,CEI,"3,971",$80.78,"1,421 mi",11,$0.0568
CGK,DVO,"3,971",$254.68,"1,549 mi",11,$0.1644
DPS,GYD,"3,969",$665.09,"5,510 mi",11,$0.1207
PVG,TTJ,"3,968",$418.60,751 mi,11,$0.5574
KIX,MIG,"3,967",$117.16,"1,827 mi",11,$0.0641
PEK,AUS,"3,966","$1,370.19","7,321 mi",11,$0.1872
BKK,YNJ,"3,965",$128.48,"2,721 mi",11,$0.0472
CKG,NBS,"3,964",$154.98,"1,487 mi",11,$0.1042
BKK,FRU,"3,964",$420.14,"2,483 mi",11,$0.1692
PVG,LUX,"3,963",$888.17,"5,436 mi",11,$0.1634
MNL,LUN,"3,960",$744.06,"6,846 mi",11,$0.1087
CAN,CEI,"3,959",$93.68,866 mi,11,$0.1082
DAD,ZRH,"3,959",$695.09,"5,668 mi",11,$0.1226
NRT,OPO,"3,957",$951.42,"6,970 mi",11,$0.1365
HKT,DFW,"3,955",$765.67,"9,711 mi",11,$0.0788
SUB,LLJ,"3,954",$206.09,713 mi,11,$0.2890
CNX,LOE,"3,952",$56.29,197 mi,11,$0.2857
ICN,GAJ,"3,951",$213.43,784 mi,11,$0.2722
MNL,OOL,"3,951",$562.80,"3,772 mi",11,$0.1492
NGO,BNE,"3,950",$597.34,"4,297 mi",11,$0.1390
SHE,JUH,"3,950",$112.04,794 mi,11,$0.1411
CNX,YVR,"3,949",$842.79,"6,865 mi",11,$0.1228
PVG,MTY,"3,949","$1,473.30","7,857 mi",11,$0.1875
KIX,THD,"3,949",$286.77,"2,138 mi",11,$0.1341
SIN,ZUH,"3,949",$129.19,"1,513 mi",11,$0.0854
MNL,KOJ,"3,948",$389.56,"1,303 mi",11,$0.2990
SIN,JHG,"3,946",$116.25,"1,398 mi",11,$0.0832
HGH,ZQZ,"3,946",$94.40,813 mi,11,$0.1161
BKK,KHG,"3,943",$255.58,"2,264 mi",11,$0.1129
KUL,GRU,"3,942","$1,580.89","9,579 mi",11,$0.1650
NGO,RNJ,"3,942",$235.05,756 mi,11,$0.3109
KIX,TAG,"3,941",$129.00,"1,801 mi",11,$0.0716
SZX,JXA,"3,940",$255.48,"1,791 mi",11,$0.1426
PVG,BOD,"3,938","$1,130.64","6,249 mi",11,$0.1809
SZX,GMP,"3,936",$121.91,"1,326 mi",11,$0.0919
HKG,ABZ,"3,935",$925.59,"5,652 mi",11,$0.1638
DPS,KWE,"3,934",$247.54,"2,577 mi",11,$0.0961
BKK,VNS,"3,933",$106.90,"1,374 mi",11,$0.0778
CRK,RUH,"3,932",$356.56,"4,931 mi",11,$0.0723
PVG,LDS,"3,932",$218.49,"1,173 mi",11,$0.1863
HKT,NAG,"3,929",$101.40,"1,613 mi",11,$0.0629
RGN,JFK,"3,929",$695.50,"8,156 mi",11,$0.0853
HKG,PXU,"3,928",$129.76,713 mi,11,$0.1820
SZX,MLE,"3,928",$339.95,"2,888 mi",11,$0.1177
MFM,TAC,"3,922",$95.52,"1,036 mi",11,$0.0922
NRT,IND,"3,922","$1,164.53","6,242 mi",11,$0.1866
KHH,CDG,"3,921",$648.89,"6,003 mi",11,$0.1081
MNL,RMQ,"3,919",$316.89,695 mi,11,$0.4560
CNX,DVO,"3,917",$195.70,"1,906 mi",11,$0.1027
HKT,TLL,"3,916",$407.74,"5,312 mi",11,$0.0768
HKG,HUI,"3,913",$142.44,592 mi,11,$0.2406
SGN,ZAM,"3,912",$85.67,"1,052 mi",11,$0.0814
NRT,VNO,"3,909",$684.65,"5,258 mi",11,$0.1302
BKK,KKJ,"3,909",$517.36,"2,423 mi",11,$0.2135
DPS,VLC,"3,909",$596.07,"8,203 mi",11,$0.0727
HGH,EDI,"3,909",$481.58,"5,799 mi",11,$0.0830
PEN,AMS,"3,907",$782.98,"6,345 mi",11,$0.1234
TPE,BLQ,"3,906",$883.28,"5,736 mi",11,$0.1540
TPE,TLL,"3,906",$847.68,"4,807 mi",11,$0.1763
SHE,BNE,"3,905",$386.61,"5,285 mi",11,$0.0732
CKG,MEX,"3,904",$565.83,"8,892 mi",11,$0.0636
HND,XNN,"3,903",$458.87,"2,033 mi",11,$0.2257
TPE,HAJ,"3,903",$986.19,"5,517 mi",11,$0.1788
CGK,XUZ,"3,903",$276.63,"2,780 mi",11,$0.0995
CRK,TBH,"3,901",$51.33,216 mi,11,$0.2376
BKK,TNR,"3,900",$535.49,"4,392 mi",11,$0.1219
NRT,ADD,"3,899","$1,094.21","6,300 mi",11,$0.1737
DAD,PHX,"3,899",$567.15,"7,868 mi",11,$0.0721
CGK,HBA,"3,898",$516.08,"3,444 mi",11,$0.1498
NRT,PXU,"3,898",$177.87,"2,430 mi",11,$0.0732
MNL,TAS,"3,897",$727.39,"3,484 mi",11,$0.2088
SIN,PMI,"3,896","$1,244.71","6,958 mi",11,$0.1789
KIX,RMQ,"3,896",$120.50,"1,090 mi",11,$0.1106
HND,SAV,"3,896","$1,770.12","6,847 mi",11,$0.2585
HND,DRW,"3,894","$1,103.49","3,264 mi",11,$0.3381
USM,DME,"3,894",$306.21,"4,459 mi",11,$0.0687
HND,BHM,"3,893","$1,110.31","6,998 mi",11,$0.1587
USM,PUS,"3,893",$192.87,"2,462 mi",11,$0.0783
SIN,ONT,"3,892",$838.98,"8,532 mi",11,$0.0983
HAN,BCD,"3,888",$70.84,"1,390 mi",11,$0.0510
PEK,BKI,"3,888",$213.06,"2,288 mi",11,$0.0931
CAN,MIA,"3,887",$845.84,"9,186 mi",11,$0.0921
CGK,TAK,"3,885",$597.65,"3,211 mi",11,$0.1861
KHH,SFO,"3,885","$1,119.08","6,816 mi",11,$0.1642
DAD,UBN,"3,883",$284.75,"2,119 mi",11,$0.1344
SIN,NPE,"3,881",$711.11,"5,533 mi",11,$0.1285
CRK,HKT,"3,878",$211.03,"1,629 mi",11,$0.1295
PEK,BRE,"3,874",$336.70,"4,560 mi",11,$0.0738
HGH,CXR,"3,874",$179.24,"1,494 mi",11,$0.1200
CAN,BTJ,"3,873",$125.14,"1,766 mi",11,$0.0709
CGK,KWL,"3,873",$172.23,"2,242 mi",11,$0.0768
SUB,CDG,"3,872","$1,012.39","7,291 mi",11,$0.1389
MNL,ALA,"3,872",$511.38,"3,168 mi",11,$0.1614
PVG,DRS,"3,871",$678.55,"5,431 mi",11,$0.1249
PVG,LYA,"3,871",$80.84,618 mi,11,$0.1308
SIN,LAD,"3,870","$1,493.61","6,095 mi",11,$0.2451
SUB,SZX,"3,870",$181.19,"2,013 mi",11,$0.0900
MNL,YYJ,"3,869",$579.98,"6,369 mi",11,$0.0911
CGK,DEN,"3,867","$1,541.34","9,684 mi",11,$0.1592
HKG,VCL,"3,866",$104.52,568 mi,11,$0.1840
SIN,RJA,"3,866",$152.94,"1,802 mi",11,$0.0849
HND,ROC,"3,865","$1,397.45","6,316 mi",11,$0.2213
BKK,ZQN,"3,865",$754.72,"5,686 mi",11,$0.1327
DPS,MCT,"3,865",$457.38,"4,308 mi",11,$0.1062
HKG,VLC,"3,863","$1,158.18","6,237 mi",11,$0.1857
RGN,TSN,"3,861",$304.50,"1,937 mi",11,$0.1572
KBV,MAD,"3,860",$404.56,"6,699 mi",11,$0.0604
CGO,RGN,"3,859",$189.09,"1,685 mi",11,$0.1122
SUB,MYY,"3,858",$119.87,789 mi,11,$0.1519
SGN,TAC,"3,857",$91.11,"1,283 mi",11,$0.0710
SHE,KRL,"3,857",$236.73,"1,969 mi",11,$0.1202
SUB,TNJ,"3,856",$400.63,832 mi,11,$0.4815
PEN,CGQ,"3,855",$164.16,"2,993 mi",11,$0.0548
HAN,HAV,"3,853","$1,273.67","9,052 mi",11,$0.1407
SZX,TIJ,"3,851",$875.95,"7,583 mi",11,$0.1155
TSN,AKL,"3,851",$454.71,"6,594 mi",11,$0.0690
NRT,DAR,"3,847","$1,312.84","6,908 mi",11,$0.1900
TPE,GLA,"3,847",$876.87,"5,822 mi",11,$0.1506
HND,PVD,"3,844","$1,117.31","6,946 mi",11,$0.1609
MNL,SJO,"3,844","$1,756.18","9,716 mi",11,$0.1808
MNL,TIF,"3,842",$305.43,"5,097 mi",11,$0.0599
SIN,LAO,"3,840",$148.79,"1,663 mi",11,$0.0895
KUL,TBS,"3,839",$297.47,"4,543 mi",11,$0.0655
PVG,KBR,"3,839",$190.43,"2,074 mi",11,$0.0918
SIN,CLE,"3,839","$2,648.07","9,175 mi",11,$0.2886
SGN,IND,"3,837",$606.38,"9,112 mi",11,$0.0665
DPS,MLA,"3,835",$838.70,"6,953 mi",11,$0.1206
HKG,BNA,"3,834","$1,714.35","7,936 mi",11,$0.2160
PEK,DTW,"3,834","$1,032.54","6,813 mi",11,$0.1516
SZX,ATH,"3,834",$545.90,"5,107 mi",11,$0.1069
BKK,SKG,"3,833",$470.78,"4,821 mi",11,$0.0977
BKK,ADB,"3,832",$489.15,"4,895 mi",10,$0.0999
DAD,ALA,"3,832",$400.68,"2,548 mi",10,$0.1573
KUL,ABZ,"3,831","$1,074.03","6,377 mi",10,$0.1684
MNL,YIW,"3,830",$174.70,996 mi,10,$0.1754
PEN,MAN,"3,830",$588.12,"6,243 mi",10,$0.0942
SZX,LIJ,"3,830",$311.08,530 mi,10,$0.5869
XMN,BKI,"3,829",$145.35,"1,332 mi",10,$0.1091
SGN,DSM,"3,829",$541.05,"8,337 mi",10,$0.0649
CAN,HEL,"3,828",$282.95,"4,625 mi",10,$0.0612
HGH,SDK,"3,827",$134.34,"1,739 mi",10,$0.0773
PEN,AUS,"3,827","$1,332.83","10,003 mi",10,$0.1332
KUL,LOE,"3,827",$95.93,"1,045 mi",10,$0.0918
HAN,BHX,"3,826",$800.21,"5,586 mi",10,$0.1433
MNL,BTU,"3,824",$246.10,986 mi,10,$0.2496
CGK,ALG,"3,822","$1,297.02","6,999 mi",10,$0.1853
CGK,HAS,"3,822",$346.55,"4,764 mi",10,$0.0727
PEN,MLE,"3,822",$138.63,"1,788 mi",10,$0.0775
CNX,CPH,"3,820",$474.53,"4,862 mi",10,$0.0976
RGN,SFO,"3,819",$582.13,"8,151 mi",10,$0.0714
BKK,CMH,"3,815",$912.77,"8,458 mi",10,$0.1079
KUL,HPH,"3,815",$157.48,"1,254 mi",10,$0.1256
TPE,ITM,"3,815",$175.06,"1,049 mi",10,$0.1669
TPE,HPH,"3,813",$251.25,939 mi,10,$0.2676
DAD,AMS,"3,813",$587.72,"6,069 mi",10,$0.0968
BKK,SAT,"3,812",$803.36,"8,911 mi",10,$0.0902
MFM,ILO,"3,812",$93.89,"1,008 mi",10,$0.0931
SIN,RAR,"3,812",$901.68,"6,852 mi",10,$0.1316
MNL,BEY,"3,811",$449.27,"5,250 mi",10,$0.0856
HGH,HTN,"3,810",$317.32,"2,291 mi",10,$0.1385
NGO,KHN,"3,809",$96.29,"1,331 mi",10,$0.0723
SIN,AXT,"3,809",$351.84,"3,593 mi",10,$0.0979
ICN,KTW,"3,808",$492.10,"4,787 mi",10,$0.1028
KUL,NAP,"3,806",$512.58,"6,138 mi",10,$0.0835
PEK,CGN,"3,805",$565.53,"4,704 mi",10,$0.1202
CGK,HUI,"3,802",$194.81,"1,605 mi",10,$0.1214
TSN,BKI,"3,802",$201.14,"2,225 mi",10,$0.0904
NGO,ZRH,"3,802",$733.74,"5,733 mi",10,$0.1280
BKK,GIG,"3,800","$1,186.58","10,298 mi",10,$0.1152
KUL,ACC,"3,799",$764.62,"7,225 mi",10,$0.1058
CKG,EBB,"3,799",$400.55,"5,113 mi",10,$0.0783
NRT,MSY,"3,799",$933.93,"7,033 mi",10,$0.1328
HKG,ADD,"3,798",$852.25,"4,886 mi",10,$0.1744
PVG,TLL,"3,795",$686.75,"4,483 mi",10,$0.1532
NRT,OGG,"3,794",$662.51,"3,794 mi",10,$0.1746
DPS,PMI,"3,793",$548.27,"7,560 mi",10,$0.0725
SUB,LAX,"3,792","$1,317.82","8,964 mi",10,$0.1470
MNL,FOC,"3,792",$238.35,818 mi,10,$0.2914
PVG,TBB,"3,792",$148.95,"1,436 mi",10,$0.1037
NRT,KEF,"3,791",$751.53,"5,646 mi",10,$0.1331
PNH,GVA,"3,790",$639.33,"5,871 mi",10,$0.1089
PEK,MGA,"3,789","$1,633.09","8,800 mi",10,$0.1856
PEN,JED,"3,788",$303.10,"4,359 mi",10,$0.0695
SGN,GRR,"3,787",$570.26,"8,388 mi",10,$0.0680
XMN,YIN,"3,787",$305.49,"2,388 mi",10,$0.1279
KNO,GTO,"3,787",$345.15,"1,718 mi",10,$0.2009
PNH,IAD,"3,785","$1,034.98","8,677 mi",10,$0.1193
SIN,LXA,"3,782",$213.73,"2,176 mi",10,$0.0982
PEK,TOY,"3,781",$326.99,"1,172 mi",10,$0.2790
BKK,AKJ,"3,780",$390.43,"3,118 mi",10,$0.1252
CKG,KCH,"3,776",$122.99,"2,025 mi",10,$0.0607
HKT,BOS,"3,776",$860.55,"8,617 mi",10,$0.0999
MNL,HTY,"3,775",$557.37,"5,180 mi",10,$0.1076
NRT,APW,"3,774","$1,171.66","4,765 mi",10,$0.2459
HKG,LUN,"3,771",$744.20,"6,146 mi",10,$0.1211
CAN,KOJ,"3,770",$170.19,"1,176 mi",10,$0.1447
SIN,CYZ,"3,770",$120.55,"1,568 mi",10,$0.0769
TSN,NKG,"3,769",$195.40,533 mi,10,$0.3666
HAN,GOT,"3,767",$339.66,"4,962 mi",10,$0.0685
SIN,DPL,"3,767",$108.61,"1,465 mi",10,$0.0741
KNO,PKX,"3,767",$330.53,"2,792 mi",10,$0.1184
TPE,USU,"3,767",$137.19,925 mi,10,$0.1483
URC,JIC,"3,767",$144.65,830 mi,10,$0.1743
URC,SYD,"3,766",$373.33,"6,905 mi",10,$0.0541
MNL,YQB,"3,765",$859.72,"7,887 mi",10,$0.1090
MNL,CWB,"3,764","$1,104.45","11,102 mi",10,$0.0995
CRK,YEG,"3,763",$481.19,"6,523 mi",10,$0.0738
CEB,HGH,"3,763",$171.66,"1,353 mi",10,$0.1269
CGK,NAN,"3,762",$962.89,"4,972 mi",10,$0.1937
MNL,RNO,"3,759",$620.44,"7,247 mi",10,$0.0856
CGK,IKA,"3,758","$1,048.97","4,464 mi",10,$0.2350
SIN,BNA,"3,758","$2,031.54","10,050 mi",10,$0.2021
HKG,LIN,"3,756",$976.19,"5,970 mi",10,$0.1635
PKX,TUN,"3,756",$417.56,"5,544 mi",10,$0.0753
CAN,SJO,"3,755",$642.15,"9,549 mi",10,$0.0672
NRT,BAH,"3,755","$1,277.65","5,014 mi",10,$0.2548
HKG,CEI,"3,755",$135.07,890 mi,10,$0.1518
SIN,STL,"3,754","$2,258.48","9,233 mi",10,$0.2446
SZX,OHE,"3,754",$214.21,"2,077 mi",10,$0.1031
ICN,ONT,"3,753",$852.82,"5,828 mi",10,$0.1463
HGH,MAA,"3,751",$275.14,"2,742 mi",10,$0.1003
HND,KZN,"3,750",$243.19,"4,383 mi",10,$0.0555
PVG,FKS,"3,749",$172.54,"1,108 mi",10,$0.1557
ICN,VVO,"3,749",$215.23,492 mi,10,$0.4375
CAN,VKO,"3,748",$248.13,"4,227 mi",10,$0.0587
HGH,GVA,"3,748",$570.86,"5,579 mi",10,$0.1023
PEN,BNE,"3,747",$600.94,"4,310 mi",10,$0.1394
CGO,DZH,"3,746",$79.70,455 mi,10,$0.1752
MNL,TLS,"3,746",$552.83,"7,116 mi",10,$0.0777
KUL,PLW,"3,745",$211.33,"1,244 mi",10,$0.1699
SIN,BIO,"3,744",$917.52,"6,786 mi",10,$0.1352
PEN,COK,"3,743",$147.21,"1,718 mi",10,$0.0857
SIN,KMJ,"3,743",$568.10,"2,871 mi",10,$0.1979
KIX,JHG,"3,742",$131.49,"2,323 mi",10,$0.0566
PNH,AKL,"3,740",$720.11,"5,800 mi",10,$0.1242
MNL,HBA,"3,740",$552.67,"4,174 mi",10,$0.1324
PVG,MSY,"3,739","$1,354.04","7,949 mi",10,$0.1703
SGN,YXE,"3,739",$493.21,"7,424 mi",10,$0.0664
RGN,DAC,"3,738",$286.81,588 mi,10,$0.4878
SZX,SBW,"3,737",$127.93,"1,455 mi",10,$0.0879
KUL,DAR,"3,735",$668.45,"4,493 mi",10,$0.1488
PVG,OIT,"3,734",$622.43,584 mi,10,$1.0658
SGN,STR,"3,734",$403.94,"6,172 mi",10,$0.0654
MFM,PQC,"3,733",$162.97,"1,012 mi",10,$0.1610
SIN,BOG,"3,733","$1,642.71","12,358 mi",10,$0.1329
PVG,OBO,"3,731",$225.85,"1,464 mi",10,$0.1543
PEK,HKD,"3,728",$306.68,"1,304 mi",10,$0.2352
USM,BUD,"3,726",$393.85,"5,463 mi",10,$0.0721
ICN,IZO,"3,724",$157.77,373 mi,10,$0.4230
ICN,YLW,"3,721",$587.42,"5,347 mi",10,$0.1099
MNL,CEI,"3,721",$144.36,"1,486 mi",10,$0.0971
XMN,CIF,"3,719",$148.73,"1,255 mi",10,$0.1185
HGH,UPG,"3,714",$187.50,"2,512 mi",10,$0.0746
ICN,AER,"3,713",$421.64,"4,223 mi",10,$0.0998
DPS,SAI,"3,713",$304.38,"1,754 mi",10,$0.1735
NRT,BXU,"3,710",$117.13,"2,139 mi",10,$0.0548
NRT,THD,"3,707",$171.76,"2,309 mi",10,$0.0744
KIX,ISB,"3,705",$438.87,"3,621 mi",10,$0.1212
PVG,GYU,"3,703",$343.48,929 mi,10,$0.3697
MNL,NTE,"3,702",$737.97,"7,106 mi",10,$0.1039
MNL,EAM,"3,699",$334.09,"5,207 mi",10,$0.0642
CAN,KCA,"3,698",$290.81,"2,219 mi",10,$0.1311
KIX,SOF,"3,698",$610.65,"5,423 mi",10,$0.1126
BKK,USU,"3,696",$149.50,"1,268 mi",10,$0.1179
KBV,KCH,"3,696",$99.02,932 mi,10,$0.1062
CGK,LBU,"3,693",$181.91,957 mi,10,$0.1901
HKG,AUH,"3,693",$641.97,"3,844 mi",10,$0.1670
CGK,SWA,"3,693",$194.64,"2,218 mi",10,$0.0878
KUL,LCA,"3,693",$586.57,"5,020 mi",10,$0.1168
HAN,DEN,"3,692","$1,082.53","8,014 mi",10,$0.1351
HKG,KBV,"3,692",$142.10,"1,438 mi",10,$0.0988
PEK,NUE,"3,689",$206.00,"4,918 mi",10,$0.0419
BKK,OBO,"3,689",$478.21,"3,317 mi",10,$0.1442
CNX,BLR,"3,689",$133.30,"1,506 mi",10,$0.0885
KIX,HAC,"3,689",$75.37,284 mi,10,$0.2654
SHE,LUM,"3,688",$208.11,"1,917 mi",10,$0.1086
SIN,CLJ,"3,687",$742.55,"5,521 mi",10,$0.1345
SUB,MAA,"3,685",$338.69,"2,565 mi",10,$0.1320
LGK,MNL,"3,685",$166.05,"1,504 mi",10,$0.1104
PEK,EVN,"3,683",$743.96,"3,811 mi",10,$0.1952
SZX,PQC,"3,682",$129.35,"1,047 mi",10,$0.1235
HND,SKG,"3,681",$747.16,"5,651 mi",10,$0.1322
NRT,MCI,"3,681","$1,055.78","6,360 mi",10,$0.1660
PVG,NDJ,"3,681",$752.89,"6,543 mi",10,$0.1151
NGO,TAS,"3,680",$354.42,"3,715 mi",10,$0.0954
TPE,FLL,"3,679","$1,108.31","8,366 mi",10,$0.1325
TSN,BHY,"3,674",$157.33,"1,266 mi",10,$0.1243
MNL,LFT,"3,673",$918.09,"8,905 mi",10,$0.1031
LGK,HYD,"3,672",$162.25,"1,574 mi",10,$0.1031
HKG,TUG,"3,671",$92.70,583 mi,10,$0.1590
PEK,KCZ,"3,670",$800.03,"1,014 mi",10,$0.7890
SZX,ALG,"3,670",$695.23,"6,148 mi",10,$0.1131
HKT,GYD,"3,670",$340.23,"3,594 mi",10,$0.0947
KIX,LPQ,"3,669",$136.59,"2,186 mi",10,$0.0625
CGK,TPA,"3,668",$938.86,"11,135 mi",10,$0.0843
PEK,OKJ,"3,667",$258.42,"1,044 mi",10,$0.2475
PVG,VNO,"3,666",$802.84,"4,879 mi",10,$0.1646
CRK,MIA,"3,664",$657.95,"9,555 mi",10,$0.0689
MNL,STR,"3,664",$495.12,"6,605 mi",10,$0.0750
PEK,JSJ,"3,663",$286.39,909 mi,10,$0.3151
HKG,PMI,"3,662","$1,594.89","6,469 mi",10,$0.2465
DPS,RAR,"3,661",$798.69,"5,513 mi",10,$0.1449
BKK,MCI,"3,661",$831.95,"8,901 mi",10,$0.0935
CRK,BCN,"3,659",$575.31,"6,699 mi",10,$0.0859
CAN,TRZ,"3,657",$189.14,"2,364 mi",10,$0.0800
PEN,KUA,"3,657",$92.82,221 mi,10,$0.4200
CAN,SAW,"3,656",$300.66,"4,730 mi",10,$0.0636
HKG,UYN,"3,656",$208.94,"1,164 mi",10,$0.1795
XMN,LFQ,"3,655",$384.49,860 mi,10,$0.4471
HKG,TBB,"3,653",$126.54,728 mi,10,$0.1738
PEK,CHC,"3,652",$519.68,"6,945 mi",10,$0.0748
BKK,VTZ,"3,648",$138.36,"1,234 mi",10,$0.1121
HAN,LAD,"3,647","$1,127.83","6,405 mi",10,$0.1761
PVG,GSP,"3,647","$1,441.16","7,842 mi",10,$0.1838
ICN,DYU,"3,646",$361.78,"2,992 mi",10,$0.1209
PEK,PNR,"3,645",$729.96,"7,424 mi",10,$0.0983
DAD,CPH,"3,644",$515.51,"5,685 mi",10,$0.0907
HKT,STR,"3,641",$808.91,"5,583 mi",10,$0.1449
SIN,VII,"3,641",$127.13,"1,242 mi",10,$0.1024
HGH,ZRH,"3,640",$699.63,"5,441 mi",10,$0.1286
CAN,UIH,"3,639",$191.51,730 mi,10,$0.2623
SIN,MKY,"3,638",$499.75,"3,528 mi",10,$0.1417
PKX,GLA,"3,638",$578.80,"5,142 mi",10,$0.1126
SIN,BDQ,"3,637",$160.51,"2,447 mi",10,$0.0656
TSN,JMU,"3,637",$105.90,874 mi,10,$0.1212
CRK,YVR,"3,633",$507.02,"6,342 mi",10,$0.0799
HKG,PBM,"3,630","$1,210.28","10,692 mi",10,$0.1132
ICN,VDO,"3,627",$152.26,"1,556 mi",10,$0.0979
HKT,CLJ,"3,625",$361.47,"5,237 mi",10,$0.0690
HND,SJO,"3,624","$1,440.98","8,425 mi",10,$0.1710
ICN,WUS,"3,624",$48.87,809 mi,10,$0.0604
KIX,LGK,"3,624",$216.24,"3,069 mi",10,$0.0705
NRT,PMI,"3,624",$731.52,"6,379 mi",10,$0.1147
SUB,LUW,"3,623",$207.80,791 mi,10,$0.2627
CTU,GMP,"3,621",$108.23,"1,347 mi",10,$0.0803
PVG,BGO,"3,618",$459.32,"5,024 mi",10,$0.0914
CGK,ATQ,"3,618",$309.78,"3,453 mi",10,$0.0897
HND,MTY,"3,617","$1,499.29","6,873 mi",10,$0.2181
HAN,TAG,"3,617",$96.87,"1,484 mi",10,$0.0653
HKG,BMV,"3,616",$136.50,790 mi,10,$0.1728
DPS,SAN,"3,615","$1,044.10","8,455 mi",10,$0.1235
KNO,MEQ,"3,614",$52.60,188 mi,10,$0.2798
HKT,ELQ,"3,612",$128.90,"3,894 mi",10,$0.0331
NRT,PMR,"3,612",$852.86,"5,884 mi",10,$0.1449
TSN,CJU,"3,611",$101.42,658 mi,10,$0.1541
HAN,HIA,"3,610",$74.80,"1,225 mi",10,$0.0611
TPE,DGT,"3,607",$108.81,"1,129 mi",10,$0.0964
TSN,YSQ,"3,607",$24.39,529 mi,10,$0.0461
DAD,SVO,"3,607",$405.49,"4,700 mi",10,$0.0863
CEB,HNL,"3,606",$519.75,"5,045 mi",10,$0.1030
PVG,TNR,"3,606",$694.55,"5,831 mi",10,$0.1191
BKK,NTL,"3,605",$377.94,"4,794 mi",10,$0.0788
DPS,MSY,"3,605",$984.24,"10,540 mi",10,$0.0934
WUH,BCN,"3,605",$477.85,"6,018 mi",10,$0.0794
TPE,GES,"3,605",$45.71,"1,377 mi",10,$0.0332
PEK,MYJ,"3,605",$560.32,"1,017 mi",10,$0.5510
RGN,AMS,"3,603",$411.17,"5,195 mi",10,$0.0791
NRT,EBB,"3,601","$1,232.39","7,432 mi",10,$0.1658
NRT,LCA,"3,599","$1,141.84","5,823 mi",10,$0.1961
CTU,AAT,"3,596",$166.61,"1,497 mi",10,$0.1113
SIN,KOE,"3,595",$370.78,"1,617 mi",10,$0.2293
ICN,TRN,"3,593",$672.91,"5,406 mi",10,$0.1245
SUB,SBW,"3,592",$96.29,689 mi,10,$0.1398
PVG,BMV,"3,591",$150.00,"1,591 mi",10,$0.0943
SHE,CAI,"3,591",$275.63,"5,119 mi",10,$0.0538
CKG,ALG,"3,586",$449.75,"5,855 mi",10,$0.0768
CGK,CXR,"3,585",$165.71,"1,226 mi",10,$0.1352
DPS,FOC,"3,585",$340.64,"2,487 mi",10,$0.1370
PVG,DIG,"3,585",$411.12,"1,389 mi",10,$0.2960
KUL,EZE,"3,583","$1,436.41","10,179 mi",10,$0.1411
NRT,LED,"3,583",$388.70,"4,882 mi",10,$0.0796
DPS,NPE,"3,583",$593.66,"4,203 mi",10,$0.1412
USM,MAD,"3,582",$601.20,"6,686 mi",10,$0.0899
TSN,AKU,"3,581",$239.86,"2,004 mi",10,$0.1197
HKT,TWU,"3,581",$121.15,"1,344 mi",10,$0.0901
KUL,EBB,"3,581",$894.15,"4,644 mi",10,$0.1925
NGO,MUC,"3,580","$1,081.40","5,938 mi",10,$0.1821
BKK,OOL,"3,580",$494.17,"4,423 mi",10,$0.1117
HAN,MSP,"3,579",$996.96,"7,945 mi",10,$0.1255
XMN,NNY,"3,579",$96.68,691 mi,10,$0.1399
CGO,CMB,"3,579",$209.71,"2,954 mi",10,$0.0710
MFM,YNT,"3,577",$99.54,"1,123 mi",10,$0.0886
KIX,YIH,"3,576",$190.70,"1,449 mi",10,$0.1316
KNO,KMG,"3,576",$153.73,"1,553 mi",10,$0.0990
TPE,CMH,"3,576",$904.75,"7,449 mi",10,$0.1215
HAN,NCL,"3,576",$629.98,"5,848 mi",10,$0.1077
PEN,CMB,"3,575",$168.52,"1,364 mi",10,$0.1235
PKX,KHV,"3,575",$117.47,"1,151 mi",10,$0.1021
NRT,MRS,"3,574",$523.14,"6,470 mi",10,$0.0809
TPE,SVO,"3,574",$405.64,"4,701 mi",10,$0.0863
BKK,ZUH,"3,573",$151.21,979 mi,10,$0.1545
CGK,PHX,"3,573","$2,792.55","9,605 mi",10,$0.2907
HND,RNO,"3,573","$1,397.49","5,350 mi",10,$0.2612
ICN,MKE,"3,573","$1,272.89","6,670 mi",10,$0.1908
ICN,TSJ,"3,572",$65.65,265 mi,10,$0.2477
PEN,AMD,"3,571",$411.39,"2,280 mi",10,$0.1804
SGN,HYN,"3,570",$92.64,"1,602 mi",10,$0.0578
XMN,BEG,"3,569",$420.01,"5,563 mi",10,$0.0755
NRT,URT,"3,568",$237.39,"3,080 mi",10,$0.0771
PVG,YZY,"3,567",$175.21,"1,344 mi",10,$0.1304
LGK,JED,"3,566",$363.17,"4,295 mi",10,$0.0846
NRT,NAV,"3,564",$467.00,"5,611 mi",10,$0.0832
PEK,TAK,"3,563",$328.71,"1,071 mi",10,$0.3069
SUB,SDK,"3,562",$113.27,957 mi,10,$0.1184
RGN,TFU,"3,561",$130.80,"1,032 mi",10,$0.1267
HKT,HBA,"3,560",$422.18,"4,822 mi",10,$0.0876
SHE,KTI,"3,560",$107.99,"2,445 mi",10,$0.0442
SIN,IXB,"3,560",$152.59,"1,974 mi",10,$0.0773
NGO,BUD,"3,559",$996.52,"5,732 mi",10,$0.1739
BKK,ACC,"3,558",$689.73,"7,060 mi",10,$0.0977
PEK,YWG,"3,558",$886.76,"6,065 mi",10,$0.1462
SGN,KKJ,"3,558",$598.78,"2,149 mi",10,$0.2786
KIX,BHX,"3,557",$893.22,"6,075 mi",10,$0.1470
ICN,GDL,"3,555",$861.03,"7,069 mi",10,$0.1218
TPE,KBR,"3,552",$142.75,"1,864 mi",10,$0.0766
DPS,ZAG,"3,550",$482.81,"7,301 mi",10,$0.0661
PNH,MSP,"3,550",$601.67,"8,628 mi",10,$0.0697
KUL,AUS,"3,549","$1,236.88","10,121 mi",10,$0.1222
NRT,VCL,"3,548",$318.98,"2,477 mi",10,$0.1288
CGK,AJF,"3,547",$349.38,"4,900 mi",10,$0.0713
SZX,BTU,"3,547",$113.97,"1,309 mi",10,$0.0871
PNH,YVR,"3,545",$690.00,"7,108 mi",10,$0.0971
PEK,AYT,"3,544",$515.20,"4,318 mi",10,$0.1193
PEK,STN,"3,543",$602.42,"4,874 mi",10,$0.1236
CTU,PUS,"3,543",$156.71,"1,436 mi",10,$0.1091
KIX,KKC,"3,542",$231.88,"2,288 mi",10,$0.1013
HKG,DIG,"3,541",$152.07,996 mi,10,$0.1527
NRT,NSN,"3,541",$818.99,"5,545 mi",10,$0.1477
MNL,JNU,"3,541",$660.26,"5,698 mi",10,$0.1159
MFM,HET,"3,539",$115.22,"1,257 mi",10,$0.0917
TSN,KRL,"3,539",$240.15,"1,692 mi",10,$0.1419
MNL,NAS,"3,538",$914.45,"9,716 mi",10,$0.0941
HKT,MEX,"3,537",$673.57,"10,501 mi",10,$0.0641
HND,RIX,"3,537",$910.49,"4,886 mi",10,$0.1863
HKT,VTZ,"3,533",$77.34,"1,248 mi",10,$0.0620
KUL,CJB,"3,532",$249.65,"1,731 mi",10,$0.1442
TPE,RUH,"3,531",$978.12,"4,461 mi",10,$0.2193
PVG,URT,"3,527",$176.54,"2,042 mi",10,$0.0865
XMN,XIC,"3,527",$112.84,"1,045 mi",10,$0.1080
CAN,XIL,"3,527",$209.99,"1,383 mi",10,$0.1518
HND,SZG,"3,527","$1,354.70","5,634 mi",10,$0.2405
KUL,BEG,"3,525",$448.72,"5,833 mi",10,$0.0769
PEK,BZV,"3,524","$1,415.31","6,796 mi",10,$0.2083
PKX,AGP,"3,524",$227.44,"5,793 mi",10,$0.0393
KIX,SCL,"3,523","$1,104.94","11,274 mi",10,$0.0980
SIN,VDH,"3,523",$112.64,"1,164 mi",10,$0.0968
SGN,XUZ,"3,523",$93.13,"1,799 mi",10,$0.0518
SGN,TAK,"3,522",$399.72,"2,293 mi",10,$0.1743
NRT,TSV,"3,521",$992.16,"3,939 mi",10,$0.2519
BKK,HBA,"3,519",$523.21,"5,046 mi",10,$0.1037
KBV,JHB,"3,518",$75.76,566 mi,10,$0.1339
SIN,NGS,"3,518",$762.24,"2,837 mi",10,$0.2687
PVG,HAV,"3,517",$936.45,"8,618 mi",10,$0.1087
SIN,DED,"3,517",$164.16,"2,692 mi",10,$0.0610
HKT,CNS,"3,516",$444.36,"3,562 mi",10,$0.1248
NGO,LGW,"3,516",$306.88,"5,768 mi",10,$0.0532
NRT,ANC,"3,509",$883.00,"3,323 mi",10,$0.2657
KNO,CDG,"3,508",$657.49,"6,125 mi",10,$0.1073
HAN,DRS,"3,507",$489.45,"5,328 mi",10,$0.0919
MNL,KKJ,"3,507",$430.00,"1,432 mi",10,$0.3003
XMN,OKA,"3,507",$166.15,623 mi,10,$0.2667
CGO,HLH,"3,506",$143.00,940 mi,10,$0.1521
ICN,KCZ,"3,506",$189.81,473 mi,10,$0.4013
ICN,SJC,"3,505","$1,075.82","5,845 mi",10,$0.1841
DPS,BRE,"3,504",$450.20,"7,158 mi",10,$0.0629
TPE,KRK,"3,504",$723.57,"5,543 mi",10,$0.1305
MNL,OPO,"3,499",$741.63,"7,201 mi",10,$0.1030
DVO,YYZ,"3,499",$715.42,"8,845 mi",10,$0.0809
MNL,VTZ,"3,495",$494.40,"2,439 mi",10,$0.2027
KBV,PNH,"3,495",$92.61,478 mi,10,$0.1937
KUL,BSL,"3,494","$1,042.74","6,461 mi",10,$0.1614
NRT,YIA,"3,493",$520.80,"3,496 mi",10,$0.1490
CGK,SHJ,"3,491",$252.92,"3,940 mi",10,$0.0642
DMK,DTB,"3,491",$87.04,789 mi,10,$0.1103
PVG,YIA,"3,490",$312.04,"2,892 mi",10,$0.1079
PEK,LZO,"3,489",$203.27,"1,020 mi",10,$0.1993
SGN,GLA,"3,489",$612.66,"6,196 mi",10,$0.0989
DAD,FLL,"3,486",$563.74,"9,189 mi",10,$0.0613
XMN,TGO,"3,486",$220.49,"1,294 mi",10,$0.1704
RGN,BOM,"3,483",$285.74,"1,581 mi",10,$0.1807
PEK,NAP,"3,482",$476.87,"5,170 mi",10,$0.0922
NRT,SKG,"3,481",$513.30,"5,664 mi",10,$0.0906
SZX,SDJ,"3,480",$326.54,"1,869 mi",10,$0.1747
PEN,BCN,"3,480",$722.09,"6,207 mi",10,$0.1163
SIN,STV,"3,480",$227.10,"2,583 mi",10,$0.0879
ICN,BRE,"3,477",$634.68,"5,313 mi",10,$0.1195
SGN,NNY,"3,476",$126.58,"1,530 mi",10,$0.0827
ICN,SKG,"3,476",$668.01,"5,043 mi",10,$0.1325
HGH,DLA,"3,474",$380.15,"7,518 mi",10,$0.0506
ICN,BSR,"3,474",$870.83,"4,537 mi",10,$0.1919
HGH,PER,"3,474",$294.70,"4,176 mi",10,$0.0706
SIN,UKB,"3,474",$506.19,"3,146 mi",10,$0.1609
CEB,PDX,"3,473",$510.42,"6,594 mi",10,$0.0774
CGK,MRS,"3,470",$605.65,"7,294 mi",10,$0.0830
HKT,TRV,"3,469",$91.76,"1,506 mi",10,$0.0609
KUL,LJU,"3,468",$439.83,"6,128 mi",10,$0.0718
HND,YYJ,"3,468",$557.51,"4,847 mi",10,$0.1150
SIN,NNT,"3,464",$115.22,"1,188 mi",9,$0.0970
SIN,PLW,"3,464",$278.03,"1,144 mi",9,$0.2430
KIX,MYY,"3,462",$205.48,"2,411 mi",9,$0.0852
PEN,SWA,"3,462",$138.02,"1,610 mi",9,$0.0857
ICN,OMA,"3,461",$916.05,"6,564 mi",9,$0.1396
BKK,MYY,"3,459",$127.60,"1,143 mi",9,$0.1116
ICN,BLL,"3,459",$578.91,"5,172 mi",9,$0.1119
SGN,HAJ,"3,459",$350.54,"6,093 mi",9,$0.0575
CEB,KEF,"3,457",$626.22,"7,223 mi",9,$0.0867
ICN,TRZ,"3,455",$362.22,"3,375 mi",9,$0.1073
RGN,HFE,"3,455",$182.28,"1,619 mi",9,$0.1126
SGN,SOF,"3,454",$369.72,"5,533 mi",9,$0.0668
CTU,MLE,"3,453",$344.95,"2,610 mi",9,$0.1322
PEK,KMI,"3,453",$391.27,974 mi,9,$0.4017
PKX,MYY,"3,453",$194.24,"2,509 mi",9,$0.0774
DAD,SUB,"3,450",$146.99,"1,599 mi",9,$0.0919
CGK,CRK,"3,450",$432.26,"1,700 mi",9,$0.2543
NGO,MAA,"3,449",$711.57,"3,940 mi",9,$0.1806
CAN,BMV,"3,448",$176.11,839 mi,9,$0.2099
CTU,YVR,"3,448",$569.77,"6,395 mi",9,$0.0891
RGN,FOC,"3,448",$177.73,"1,584 mi",9,$0.1122
DVO,LHR,"3,447",$591.95,"7,070 mi",9,$0.0837
DAD,IAD,"3,447",$744.57,"8,360 mi",9,$0.0891
KIX,JED,"3,447","$1,001.20","5,883 mi",9,$0.1702
SZX,DDG,"3,447",$277.98,"1,389 mi",9,$0.2001
SIN,KKJ,"3,444",$588.37,"2,760 mi",9,$0.2132
CEB,ATL,"3,444",$810.35,"8,606 mi",9,$0.0942
CGK,TLV,"3,443",$932.54,"5,230 mi",9,$0.1783
KIX,IKA,"3,443",$598.71,"4,465 mi",9,$0.1341
PVG,MEM,"3,442","$1,769.49","7,196 mi",9,$0.2459
SIN,BEY,"3,442",$768.43,"5,087 mi",9,$0.1511
NRT,ZAM,"3,441",$219.07,"2,237 mi",9,$0.0979
CTU,TAS,"3,439",$140.49,"1,997 mi",9,$0.0704
HKG,STN,"3,439",$741.98,"6,121 mi",9,$0.1212
XMN,CPH,"3,439",$383.28,"5,236 mi",9,$0.0732
PEK,KWI,"3,438",$740.19,"3,991 mi",9,$0.1855
KHH,CYI,"3,438",$23.18,59 mi,9,$0.3929
CAN,IAH,"3,436","$1,012.73","8,039 mi",9,$0.1260
CEB,DEL,"3,435",$404.54,"3,376 mi",9,$0.1198
SIN,QYG,"3,434",$747.57,"5,997 mi",9,$0.1247
KUL,JNG,"3,432",$170.12,"2,542 mi",9,$0.0669
SGN,BRE,"3,432",$347.38,"6,122 mi",9,$0.0567
DPS,YEG,"3,432",$706.96,"8,093 mi",9,$0.0874
ICN,GRZ,"3,430",$990.57,"5,371 mi",9,$0.1844
NGO,TNA,"3,429",$98.69,"1,071 mi",9,$0.0921
CAN,LLV,"3,427",$258.53,965 mi,9,$0.2679
KUL,ADD,"3,427",$432.53,"4,211 mi",9,$0.1027
PKX,LAD,"3,425",$574.23,"7,089 mi",9,$0.0810
SIN,UIH,"3,425",$135.72,964 mi,9,$0.1408
ICN,ADB,"3,424",$731.84,"5,263 mi",9,$0.1391
MNL,USM,"3,423",$333.85,"1,412 mi",9,$0.2364
NRT,AGU,"3,423","$1,322.84","6,530 mi",9,$0.2026
DAD,LPQ,"3,421",$92.61,492 mi,9,$0.1882
HND,MPL,"3,421","$1,393.73","6,493 mi",9,$0.2147
HKT,LPT,"3,421",$89.16,728 mi,9,$0.1225
DPS,BCD,"3,420",$87.98,"1,497 mi",9,$0.0588
DPS,TAG,"3,419",$120.60,"1,363 mi",9,$0.0885
CTU,BAV,"3,418",$209.17,791 mi,9,$0.2644
KIX,CTA,"3,418",$473.30,"5,975 mi",9,$0.0792
ICN,FAI,"3,417",$837.92,"3,675 mi",9,$0.2280
CGK,ULH,"3,415",$206.30,"5,257 mi",9,$0.0392
KIX,LIM,"3,415",$685.77,"10,181 mi",9,$0.0674
XMN,HCZ,"3,415",$31.43,331 mi,9,$0.0950
NGO,SHA,"3,414",$356.16,902 mi,9,$0.3949
PEK,DLA,"3,414",$345.45,"6,712 mi",9,$0.0515
KUL,PNQ,"3,413",$171.89,"2,110 mi",9,$0.0815
SIN,MSY,"3,413","$1,775.14","10,377 mi",9,$0.1711
HND,AXJ,"3,411",$181.46,608 mi,9,$0.2985
CGK,LCG,"3,411",$466.68,"7,991 mi",9,$0.0584
CGO,TLV,"3,410",$846.09,"4,573 mi",9,$0.1850
MNL,PHC,"3,410",$729.22,"7,957 mi",9,$0.0916
CNX,MSP,"3,409",$691.63,"7,733 mi",9,$0.0894
PNH,JED,"3,407",$351.31,"4,507 mi",9,$0.0779
TPE,PIT,"3,406","$1,134.53","7,932 mi",9,$0.1430
SHE,DLU,"3,406",$277.26,"1,773 mi",9,$0.1564
NGO,LHW,"3,405",$166.38,"1,913 mi",9,$0.0870
KUL,BFV,"3,404",$96.68,843 mi,9,$0.1147
MNL,DME,"3,403",$571.48,"5,281 mi",9,$0.1082
ICN,LIH,"3,402",$626.93,"4,334 mi",9,$0.1447
SIN,KKC,"3,402",$91.90,"1,016 mi",9,$0.0905
BKK,IZO,"3,401",$528.48,"2,572 mi",9,$0.2055
CKG,BOS,"3,401",$917.65,"7,230 mi",9,$0.1269
DPS,ALA,"3,400",$504.30,"4,452 mi",9,$0.1133
PVG,OUL,"3,398",$781.93,"4,603 mi",9,$0.1699
DAD,SZX,"3,398",$122.70,566 mi,9,$0.2168
HND,TBS,"3,398",$657.82,"5,010 mi",9,$0.1313
HAN,STR,"3,397",$483.14,"5,254 mi",9,$0.0920
SIN,SKG,"3,397",$583.27,"5,515 mi",9,$0.1058
MNL,IPH,"3,394",$233.61,"1,474 mi",9,$0.1585
SIN,OBO,"3,393",$485.44,"3,633 mi",9,$0.1336
CAN,LOP,"3,392",$169.20,"2,297 mi",9,$0.0737
DPS,LAS,"3,391","$1,081.24","9,026 mi",9,$0.1198
SZX,ITM,"3,390",$527.61,"1,598 mi",9,$0.3302
HKG,BAV,"3,388",$152.90,"1,320 mi",9,$0.1158
SIN,TRG,"3,388",$759.63,"5,469 mi",9,$0.1389
PEK,AOJ,"3,387",$203.60,"1,303 mi",9,$0.1563
BKK,YKS,"3,386",$293.65,"3,746 mi",9,$0.0784
HKG,TLS,"3,386","$1,059.36","6,383 mi",9,$0.1660
KUL,SAH,"3,386",$418.72,"3,886 mi",9,$0.1078
SIN,KMI,"3,386",$472.34,"2,682 mi",9,$0.1761
BKK,PTY,"3,385",$972.90,"11,190 mi",9,$0.0869
XMN,ALA,"3,384",$314.07,"2,573 mi",9,$0.1221
TPE,SOF,"3,384",$600.43,"5,271 mi",9,$0.1139
SUB,LHR,"3,383","$1,591.35","7,381 mi",9,$0.2156
SIN,XUZ,"3,380",$125.82,"2,350 mi",9,$0.0535
HAN,TAC,"3,378",$89.16,"1,491 mi",9,$0.0598
KBV,OKA,"3,378",$167.95,"2,190 mi",9,$0.0767
KUL,YEG,"3,378",$760.01,"7,818 mi",9,$0.0972
HKG,DBV,"3,377",$839.07,"5,627 mi",9,$0.1491
ICN,SYR,"3,376","$1,175.84","6,491 mi",9,$0.1811
NRT,GIG,"3,376","$1,539.55","11,170 mi",9,$0.1378
HAN,KMQ,"3,375",$277.97,"2,178 mi",9,$0.1276
CGO,IKA,"3,373",$412.68,"3,592 mi",9,$0.1149
CRK,KUL,"3,373",$294.94,"1,591 mi",9,$0.1854
BKK,ABZ,"3,371",$742.17,"5,720 mi",9,$0.1298
CAN,LCA,"3,371",$436.44,"4,895 mi",9,$0.0892
HGH,ATH,"3,370",$496.61,"5,448 mi",9,$0.0912
HKT,LGK,"3,370",$109.63,152 mi,9,$0.7213
SGN,IZO,"3,369",$203.06,"2,294 mi",9,$0.0885
KIX,KBR,"3,368",$337.25,"2,954 mi",9,$0.1142
MNL,IKA,"3,368",$795.34,"4,651 mi",9,$0.1710
NRT,UBP,"3,368",$177.46,"2,685 mi",9,$0.0661
CGO,PUS,"3,367",$113.34,883 mi,9,$0.1284
HGH,BSZ,"3,367",$301.13,"2,740 mi",9,$0.1099
TPE,ZAG,"3,363",$653.39,"5,839 mi",9,$0.1119
SGN,OKJ,"3,361",$339.07,"2,450 mi",9,$0.1384
CEB,MSP,"3,361",$597.74,"8,212 mi",9,$0.0728
HKT,KRK,"3,361",$432.12,"5,122 mi",9,$0.0844
SZX,NQZ,"3,361",$282.58,"3,078 mi",9,$0.0918
KUL,HIJ,"3,360",$498.14,"2,880 mi",9,$0.1730
PKX,HEK,"3,360",$142.40,881 mi,9,$0.1616
ICN,NCL,"3,358",$789.64,"5,190 mi",9,$0.1521
NRT,FLR,"3,358",$761.16,"5,899 mi",9,$0.1290
SIN,ORF,"3,358","$1,108.81","9,499 mi",9,$0.1167
TPE,SNA,"3,358","$1,029.93","6,617 mi",9,$0.1556
HKG,LCY,"3,357",$962.20,"5,785 mi",9,$0.1663
SZX,NGS,"3,357",$517.52,"1,175 mi",9,$0.4404
TPE,SAI,"3,356",$128.34,"1,330 mi",9,$0.0965
HKG,EBB,"3,356",$536.21,"5,502 mi",9,$0.0975
NGO,SUB,"3,355",$448.60,"3,213 mi",9,$0.1396
HKT,AGP,"3,354",$410.15,"6,779 mi",9,$0.0605
LGK,COK,"3,354",$150.62,"1,664 mi",9,$0.0905
PEK,OIT,"3,354",$548.21,982 mi,9,$0.5583
CNX,LGW,"3,352",$325.54,"5,766 mi",9,$0.0565
URC,MEL,"3,348",$384.65,"6,880 mi",9,$0.0559
MNL,GCM,"3,346",$863.57,"9,938 mi",9,$0.0869
RGN,NGB,"3,346",$144.38,"1,776 mi",9,$0.0813
CTU,DQA,"3,345",$288.65,"1,541 mi",9,$0.1873
ICN,WLG,"3,345",$751.74,"6,428 mi",9,$0.1169
KUL,CGN,"3,344",$628.79,"6,082 mi",9,$0.1034
BKK,RAK,"3,342",$595.66,"6,580 mi",9,$0.0905
BKK,BDQ,"3,339",$137.59,"1,958 mi",9,$0.0703
NRT,NPE,"3,339",$861.94,"5,864 mi",9,$0.1470
PVG,NQZ,"3,338",$321.57,"2,800 mi",9,$0.1148
XMN,ZRH,"3,338",$780.14,"5,997 mi",9,$0.1301
SIN,OIT,"3,337",$648.73,"2,941 mi",9,$0.2206
WUH,IQN,"3,336",$180.03,500 mi,9,$0.3601
SIN,TAE,"3,335",$199.71,"2,776 mi",9,$0.0719
BKK,KIJ,"3,334",$213.88,"2,797 mi",9,$0.0765
PEK,BIO,"3,334",$643.99,"5,719 mi",9,$0.1126
KIX,KRK,"3,333",$861.69,"5,235 mi",9,$0.1646
CGK,CKY,"3,329","$1,302.61","8,596 mi",9,$0.1515
CTU,ISB,"3,329",$632.90,"1,772 mi",9,$0.3572
XMN,LUM,"3,329",$149.65,"1,268 mi",9,$0.1180
KIX,ROR,"3,328",$401.43,"1,814 mi",9,$0.2213
HKT,DUR,"3,327",$229.23,"5,006 mi",9,$0.0458
PKX,MIA,"3,327","$1,043.86","7,564 mi",9,$0.1380
MNL,EVN,"3,326",$795.71,"4,729 mi",9,$0.1683
CGK,YUL,"3,326","$1,181.33","10,010 mi",9,$0.1180
CKG,BPL,"3,326",$194.56,"1,739 mi",9,$0.1119
NRT,TRV,"3,325",$443.39,"4,262 mi",9,$0.1040
PEK,LUX,"3,323",$659.06,"5,086 mi",9,$0.1296
HAN,BIO,"3,320",$380.57,"5,914 mi",9,$0.0644
CGK,ZAG,"3,318",$902.63,"6,745 mi",9,$0.1338
CGO,CZX,"3,318",$114.90,375 mi,9,$0.3064
MNL,HKD,"3,316",$392.69,"2,157 mi",9,$0.1821
XMN,JNB,"3,316",$430.15,"7,148 mi",9,$0.0602
BKK,IND,"3,315",$892.71,"8,457 mi",9,$0.1056
KIX,DGT,"3,315",$116.52,"1,834 mi",9,$0.0635
SIN,RDP,"3,315",$154.99,"1,961 mi",9,$0.0790
PEK,VTE,"3,314",$117.97,"1,688 mi",9,$0.0699
BKK,PXU,"3,314",$72.96,473 mi,9,$0.1542
HKT,IAH,"3,312",$721.16,"9,362 mi",9,$0.0770
HGH,KBV,"3,312",$142.23,"2,002 mi",9,$0.0710
ICN,SJO,"3,310",$879.44,"8,862 mi",9,$0.0992
DAD,KMJ,"3,308",$204.84,"1,775 mi",9,$0.1154
CTU,GVA,"3,307",$431.25,"5,221 mi",9,$0.0826
DAD,MCO,"3,307",$588.98,"9,577 mi",9,$0.0615
PVG,CEI,"3,305",$108.08,"1,519 mi",9,$0.0712
CGK,KKC,"3,305",$135.71,"1,630 mi",9,$0.0833
CNX,COK,"3,305",$132.18,"1,669 mi",9,$0.0792
HKG,TBS,"3,302",$793.38,"4,019 mi",9,$0.1974
PVG,NKC,"3,300",$618.24,"7,777 mi",9,$0.0795
CEB,HAM,"3,299",$515.61,"6,389 mi",9,$0.0807
SHE,AKU,"3,299",$297.78,"2,147 mi",9,$0.1387
HKT,HET,"3,298",$84.16,"2,482 mi",9,$0.0339
RGN,XMN,"3,298",$131.93,"1,559 mi",9,$0.0846
HAN,PHX,"3,297",$761.86,"7,676 mi",9,$0.0993
CGK,RMQ,"3,296",$237.27,"2,232 mi",9,$0.1063
BKK,NAN,"3,295","$1,094.20","5,829 mi",9,$0.1877
KIX,DSN,"3,295",$108.89,"1,482 mi",9,$0.0735
CAN,TGG,"3,293",$125.85,"1,374 mi",9,$0.0916
PVG,VCL,"3,293",$165.01,"1,325 mi",9,$0.1245
KNO,MEL,"3,290",$401.61,"3,975 mi",9,$0.1010
CAN,PXU,"3,290",$150.13,713 mi,9,$0.2106
HKG,BOD,"3,290","$1,206.75","6,054 mi",9,$0.1993
TPE,MCI,"3,289",$938.85,"7,643 mi",9,$0.1228
BKK,PAT,"3,286",$98.80,"1,346 mi",9,$0.0734
CEB,KHH,"3,286",$96.82,907 mi,9,$0.1067
CTU,DSN,"3,285",$178.97,679 mi,9,$0.2636
SIN,AKJ,"3,284",$428.67,"3,869 mi",9,$0.1108
DMK,TKG,"3,283",$120.97,"1,401 mi",9,$0.0863
KIX,LZH,"3,282",$100.46,"1,754 mi",9,$0.0573
CGK,TLS,"3,282",$532.83,"7,055 mi",9,$0.0755
KIX,VCS,"3,281",$257.97,"2,613 mi",9,$0.0987
MNL,HAJ,"3,281",$306.24,"6,093 mi",9,$0.0503
MNL,UBP,"3,280",$102.51,"1,047 mi",9,$0.0979
DAD,KTM,"3,278",$331.41,"1,717 mi",9,$0.1930
DPS,TAC,"3,277",$133.52,"1,583 mi",9,$0.0843
MNL,NTL,"3,277",$768.57,"3,734 mi",9,$0.2058
TPE,NUE,"3,277",$754.53,"5,572 mi",9,$0.1354
KIX,CEI,"3,276",$226.44,"2,305 mi",9,$0.0982
SHE,MLE,"3,275",$371.41,"4,136 mi",9,$0.0898
PVG,RMO,"3,274",$579.99,"4,953 mi",9,$0.1171
SZX,UKB,"3,274",$443.11,"1,581 mi",9,$0.2803
HKG,IND,"3,272","$1,878.95","7,718 mi",9,$0.2435
DPS,SKJ,"3,270",$385.19,810 mi,9,$0.4755
PVG,FBM,"3,270",$824.06,"6,674 mi",9,$0.1235
HND,ABJ,"3,269","$1,781.51","8,501 mi",9,$0.2096
BKK,MMB,"3,269",$393.66,"3,198 mi",9,$0.1231
CGK,TOY,"3,266",$489.97,"3,660 mi",9,$0.1339
NRT,LOS,"3,264",$982.81,"8,650 mi",9,$0.1136
PVG,NTE,"3,261","$1,091.65","6,166 mi",9,$0.1770
PVG,POZ,"3,261",$940.70,"5,268 mi",9,$0.1786
PVG,SYO,"3,261",$637.25,"1,111 mi",9,$0.5736
SZX,HDY,"3,260",$105.97,"1,363 mi",9,$0.0777
BKK,PIT,"3,260","$1,011.45","8,432 mi",9,$0.1200
ICN,MSN,"3,259","$1,372.75","6,238 mi",9,$0.2201
USM,IST,"3,259",$466.23,"4,672 mi",9,$0.0998
HAN,VNO,"3,257",$521.31,"4,798 mi",9,$0.1087
KUL,NST,"3,257",$70.48,431 mi,9,$0.1635
HKG,AMM,"3,256",$650.35,"4,600 mi",9,$0.1414
KHH,MEL,"3,256",$378.03,"4,591 mi",9,$0.0823
DVO,DMM,"3,255",$413.02,"4,972 mi",9,$0.0831
SHE,CXR,"3,255",$132.86,"2,155 mi",9,$0.0617
HKT,SWA,"3,253",$137.82,"1,657 mi",9,$0.0832
SIN,LIM,"3,252","$1,688.33","12,047 mi",9,$0.1401
NGO,WNZ,"3,251",$94.83,"1,086 mi",9,$0.0873
WUH,BER,"3,251",$290.49,"5,128 mi",9,$0.0566
CAN,THD,"3,251",$95.94,574 mi,9,$0.1671
PEN,NNG,"3,251",$118.06,"1,268 mi",9,$0.0931
BKK,VKO,"3,250",$230.53,"4,545 mi",9,$0.0507
TPE,IND,"3,250",$981.69,"7,850 mi",9,$0.1251
XMN,POM,"3,250",$382.39,"2,967 mi",9,$0.1289
MNL,SOF,"3,248",$543.98,"5,740 mi",9,$0.0948
MNL,SVQ,"3,246",$710.36,"7,240 mi",9,$0.0981
DPS,GOT,"3,244",$546.72,"7,420 mi",9,$0.0737
DAD,PDX,"3,244",$487.03,"6,913 mi",9,$0.0705
CGK,LAS,"3,243","$1,472.96","9,353 mi",9,$0.1575
CAN,KZN,"3,241",$343.58,"3,773 mi",9,$0.0911
MNL,BEG,"3,241",$577.83,"5,843 mi",9,$0.0989
DPS,LPA,"3,241","$1,076.22","9,231 mi",9,$0.1166
SIN,IXE,"3,241",$164.37,"2,082 mi",9,$0.0789
HKG,BSD,"3,240",$133.60,981 mi,9,$0.1362
TSN,BOM,"3,240",$708.05,"3,071 mi",9,$0.2306
SHE,AKA,"3,237",$124.14,"1,039 mi",9,$0.1195
MNL,CXR,"3,235",$216.19,836 mi,9,$0.2586
DPS,HTI,"3,234",$425.83,"2,463 mi",9,$0.1729
PEK,NSI,"3,233",$577.67,"6,634 mi",9,$0.0871
PKX,KJA,"3,233",$165.11,"1,630 mi",9,$0.1013
SZX,LLV,"3,231",$127.52,"1,083 mi",9,$0.1177
PEK,BSL,"3,230","$1,431.88","4,834 mi",9,$0.2962
SUB,CSX,"3,228",$242.35,"2,384 mi",9,$0.1017
DPS,TGG,"3,227",$109.38,"1,320 mi",9,$0.0829
HKG,BAH,"3,224",$982.65,"3,836 mi",9,$0.2562
SIN,MLG,"3,223",$205.19,905 mi,9,$0.2267
DPS,KHN,"3,222",$288.26,"2,521 mi",9,$0.1143
HKG,HRE,"3,222",$686.45,"6,058 mi",9,$0.1133
SZX,ZHY,"3,222",$400.49,"1,188 mi",9,$0.3371
HAN,DTW,"3,222","$1,010.39","7,775 mi",9,$0.1300
HKG,YXE,"3,222",$763.11,"6,536 mi",9,$0.1168
HAN,KKJ,"3,220",$281.46,"1,714 mi",9,$0.1642
HKG,JMU,"3,220",$178.33,"1,988 mi",9,$0.0897
KUL,ESB,"3,220",$699.31,"4,829 mi",9,$0.1448
KUL,HKD,"3,220",$324.59,"3,730 mi",9,$0.0870
PEK,HYD,"3,213",$448.32,"2,685 mi",9,$0.1670
KBV,LGW,"3,209",$702.60,"6,361 mi",9,$0.1105
CAN,ASB,"3,208",$399.14,"3,264 mi",9,$0.1223
CGK,ESB,"3,208",$683.37,"5,473 mi",9,$0.1249
CGO,JNB,"3,206",$561.16,"6,776 mi",9,$0.0828
HKG,DAR,"3,205",$731.89,"5,597 mi",9,$0.1308
CGK,HPH,"3,203",$232.40,"1,918 mi",9,$0.1212
PEK,AKX,"3,202",$378.43,"2,808 mi",9,$0.1348
SHE,HTN,"3,200",$288.06,"2,397 mi",9,$0.1202
TPE,HET,"3,196",$166.68,"1,254 mi",9,$0.1329
BKK,JHB,"3,195",$119.49,882 mi,9,$0.1355
WUH,CMB,"3,194",$227.34,"2,835 mi",9,$0.0802
BKK,DRP,"3,193",$108.92,"1,587 mi",9,$0.0686
SZX,MYJ,"3,193",$307.79,"1,341 mi",9,$0.2295
HKG,CGN,"3,190","$1,219.24","5,546 mi",9,$0.2198
PEK,SLC,"3,190","$1,260.25","5,889 mi",9,$0.2140
KNO,MYY,"3,189",$98.25,"1,074 mi",9,$0.0915
NGO,BOS,"3,189","$1,584.37","6,614 mi",9,$0.2395
BKK,MSY,"3,188",$904.69,"9,611 mi",9,$0.0941
ICN,CHS,"3,186","$1,243.70","7,065 mi",9,$0.1760
PVG,HER,"3,185",$291.63,"5,186 mi",9,$0.0562
ICN,NAN,"3,184",$804.24,"5,204 mi",9,$0.1545
CGK,WLG,"3,183",$879.31,"4,954 mi",9,$0.1775
CAN,SKJ,"3,183",$358.48,"1,540 mi",9,$0.2328
KBV,PKX,"3,183",$182.00,"2,496 mi",9,$0.0729
SUB,BWX,"3,183",$58.25,128 mi,9,$0.4551
MNL,GOA,"3,182",$750.13,"6,755 mi",9,$0.1110
CAN,MDG,"3,180",$108.04,"1,777 mi",9,$0.0608
URC,HLD,"3,180",$186.08,"1,520 mi",9,$0.1224
HND,ADB,"3,179","$1,166.98","5,590 mi",9,$0.2088
BKK,BHO,"3,178",$128.65,"1,718 mi",9,$0.0749
PEK,TNR,"3,178",$692.31,"6,198 mi",9,$0.1117
MNL,MOB,"3,178",$886.86,"8,495 mi",9,$0.1044
CKG,JMU,"3,177",$260.07,"1,687 mi",9,$0.1542
SIN,PIT,"3,177","$2,416.15","9,247 mi",9,$0.2613
KNO,DEL,"3,175",$404.41,"2,172 mi",9,$0.1862
TPE,STL,"3,175",$925.15,"7,803 mi",9,$0.1186
KHH,YYZ,"3,173",$745.25,"7,917 mi",9,$0.0941
ICN,DSS,"3,170",$808.42,"8,369 mi",9,$0.0966
MNL,TRS,"3,170",$726.43,"6,501 mi",9,$0.1117
TPE,VCS,"3,170",$253.09,"1,527 mi",9,$0.1657
CKG,SUB,"3,169",$283.19,"2,517 mi",9,$0.1125
SGN,CHS,"3,169",$745.52,"9,666 mi",9,$0.0771
BKK,XPL,"3,168",$347.78,"10,721 mi",9,$0.0324
HGH,AAT,"3,167",$271.59,"2,030 mi",9,$0.1338
KBV,ROI,"3,167",$80.31,622 mi,9,$0.1291
SIN,TIM,"3,167",$501.81,"2,238 mi",9,$0.2242
HAN,DGT,"3,165",$133.05,"1,381 mi",9,$0.0963
NRT,GYD,"3,165",$945.11,"4,553 mi",9,$0.2076
NRT,DME,"3,164","$1,463.31","4,528 mi",9,$0.3232
DPS,NSN,"3,164",$595.92,"4,301 mi",9,$0.1386
PEN,TRZ,"3,164",$158.19,"1,476 mi",9,$0.1072
SIN,YNZ,"3,162",$134.41,"2,526 mi",9,$0.0532
TPE,CCU,"3,162",$312.02,"2,135 mi",9,$0.1461
ICN,CAE,"3,159","$1,181.73","7,410 mi",9,$0.1595
PEK,PDX,"3,159","$1,424.53","5,643 mi",9,$0.2524
CGK,EAM,"3,157",$480.88,"4,685 mi",9,$0.1026
NRT,JRO,"3,155",$803.52,"6,889 mi",9,$0.1166
CKG,BNE,"3,155",$378.26,"4,849 mi",9,$0.0780
HGH,AGP,"3,153",$190.97,"6,797 mi",9,$0.0281
KNO,LHR,"3,152","$1,001.56","6,228 mi",9,$0.1608
XMN,DOH,"3,152",$564.20,"4,246 mi",9,$0.1329
KIX,BHY,"3,152",$137.02,"1,754 mi",9,$0.0781
ICN,BDL,"3,151","$1,321.44","7,024 mi",9,$0.1881
DPS,VLI,"3,150",$502.40,"3,508 mi",9,$0.1432
KIX,ZAM,"3,150",$180.95,"2,016 mi",9,$0.0898
CEB,PRG,"3,146",$519.76,"6,322 mi",9,$0.0822
CGK,KOP,"3,146",$129.96,"1,581 mi",9,$0.0822
KHH,YVR,"3,143",$535.79,"6,316 mi",9,$0.0848
CGK,ADB,"3,143",$826.60,"5,739 mi",9,$0.1440
PVG,SKP,"3,143",$251.10,"5,127 mi",9,$0.0490
HND,MCY,"3,142",$801.03,"4,250 mi",9,$0.1885
PVG,SAT,"3,142","$1,532.53","7,703 mi",9,$0.1990
SGN,KZN,"3,141",$204.03,"4,483 mi",9,$0.0455
HND,GRZ,"3,140","$1,823.23","5,946 mi",9,$0.3066
NGO,DAC,"3,140",$342.42,"2,956 mi",9,$0.1158
SIN,SVG,"3,140","$1,130.29","6,242 mi",9,$0.1811
ICN,BAH,"3,139",$984.70,"4,531 mi",9,$0.2173
MNL,VIX,"3,139","$1,239.37","11,476 mi",9,$0.1080
NRT,MKY,"3,139",$599.28,"4,095 mi",9,$0.1463
TPE,BLL,"3,139","$1,054.44","5,755 mi",9,$0.1832
BKK,MSJ,"3,139",$939.89,"2,982 mi",9,$0.3152
SIN,DUR,"3,138",$984.26,"5,084 mi",9,$0.1936
KUL,CHC,"3,136",$829.06,"5,562 mi",9,$0.1491
KHH,PNH,"3,136",$178.98,"1,313 mi",9,$0.1363
SGN,GES,"3,135",$68.16,"1,263 mi",9,$0.0540
MFM,KMJ,"3,134",$126.57,"1,248 mi",9,$0.1014
CTU,HKT,"3,132",$206.24,"1,546 mi",9,$0.1334
NRT,FRU,"3,131",$504.91,"3,567 mi",9,$0.1416
KBV,SZX,"3,130",$109.66,"1,364 mi",9,$0.0804
DPS,LJU,"3,129",$840.32,"7,380 mi",9,$0.1139
CAN,CIH,"3,129",$206.57,861 mi,9,$0.2399
CTU,YIC,"3,129",$108.71,673 mi,9,$0.1615
KBV,COK,"3,129",$111.36,"1,593 mi",9,$0.0699
MNL,LIH,"3,129",$591.17,"5,041 mi",9,$0.1173
PVG,ONT,"3,126",$932.24,"6,695 mi",9,$0.1392
DMK,DXB,"3,126",$296.25,"2,941 mi",9,$0.1007
NGO,VIE,"3,123",$737.20,"5,454 mi",9,$0.1352
SZX,KMI,"3,122",$234.42,"1,293 mi",9,$0.1813
TPE,AUH,"3,121",$656.56,"4,255 mi",9,$0.1543
MNL,YQM,"3,121",$806.03,"8,480 mi",9,$0.0951
HKT,MIA,"3,119",$999.63,"10,395 mi",9,$0.0962
KIX,BAV,"3,117",$171.26,"1,399 mi",9,$0.1224
HKT,TRZ,"3,116",$97.22,"1,308 mi",9,$0.0743
NGO,LEX,"3,115","$2,408.22","6,542 mi",9,$0.3681
CEB,ADL,"3,114",$390.67,"3,170 mi",9,$0.1232
BKK,OMA,"3,114",$828.66,"8,746 mi",9,$0.0947
HKT,WUX,"3,113",$127.26,"2,088 mi",9,$0.0609
USM,BCN,"3,111",$543.48,"6,378 mi",9,$0.0852
MFM,INC,"3,111",$120.90,"1,160 mi",9,$0.1042
BKK,DIG,"3,108",$79.29,"1,006 mi",9,$0.0788
CGO,SUB,"3,108",$322.38,"2,983 mi",9,$0.1081
SZX,DUB,"3,107",$612.35,"5,903 mi",9,$0.1037
KBV,PQC,"3,106",$70.42,381 mi,9,$0.1848
PEK,HUI,"3,106",$180.58,"1,773 mi",9,$0.1018
HGH,DQA,"3,104",$150.22,"1,204 mi",9,$0.1248
HAN,BAV,"3,104",$143.10,"1,318 mi",9,$0.1086
TPE,TKG,"3,104",$179.71,"2,427 mi",9,$0.0740
NGO,DFW,"3,103","$2,976.67","6,401 mi",9,$0.4650
DAD,HIJ,"3,103",$217.92,"2,050 mi",9,$0.1063
WUH,BRU,"3,102",$253.45,"5,524 mi",8,$0.0459
HAN,INC,"3,102",$106.11,"1,147 mi",8,$0.0925
XMN,BNE,"3,101",$393.84,"4,150 mi",8,$0.0949
KHH,BOM,"3,101",$412.91,"3,155 mi",8,$0.1309
NRT,YXE,"3,100",$610.72,"4,991 mi",8,$0.1224
DAD,VIE,"3,099",$492.02,"5,307 mi",8,$0.0927
ICN,BOD,"3,099",$772.93,"6,042 mi",8,$0.1279
ICN,LUX,"3,099",$679.07,"5,565 mi",8,$0.1220
PEK,CCS,"3,098","$1,740.36","8,659 mi",8,$0.2010
CAN,NGS,"3,097",$434.03,"1,169 mi",8,$0.3713
ICN,HSV,"3,096","$1,237.20","6,806 mi",8,$0.1818
PEK,BOD,"3,095","$1,031.62","5,239 mi",8,$0.1969
HND,PNS,"3,094",$950.96,"6,741 mi",8,$0.1411
KIX,GES,"3,093",$189.38,"2,120 mi",8,$0.0893
PEK,TGD,"3,093",$469.09,"4,610 mi",8,$0.1018
NRT,GOT,"3,092",$663.48,"5,157 mi",8,$0.1287
TPE,TBB,"3,092",$100.30,"1,170 mi",8,$0.0857
SZX,XMN,"3,091",$456.73,294 mi,8,$1.5535
PVG,DUR,"3,090",$511.16,"7,060 mi",8,$0.0724
SIN,CCJ,"3,089",$114.25,"2,099 mi",8,$0.0544
DPS,DUR,"3,088",$584.83,"5,398 mi",8,$0.1083
ICN,AVV,"3,088",$458.50,"5,182 mi",8,$0.0885
NGO,ILO,"3,088",$185.34,"1,831 mi",8,$0.1012
LGK,TWU,"3,088",$128.37,"1,235 mi",8,$0.1039
MNL,PNI,"3,088",$988.85,"2,497 mi",8,$0.3960
SIN,PMO,"3,087",$592.85,"6,394 mi",8,$0.0927
KHH,PKX,"3,087",$151.32,"1,157 mi",8,$0.1308
LGK,MEL,"3,086",$399.13,"4,075 mi",8,$0.0979
CAN,SOF,"3,085",$587.74,"5,288 mi",8,$0.1111
PNH,IST,"3,085",$355.37,"4,826 mi",8,$0.0736
KIX,ONT,"3,083",$655.88,"5,935 mi",8,$0.1105
PEK,TAE,"3,083",$152.09,739 mi,8,$0.2058
CTU,IAD,"3,081",$909.31,"7,861 mi",8,$0.1157
MFM,PPS,"3,081",$83.13,951 mi,8,$0.0874
CAN,ORN,"3,080",$747.45,"6,305 mi",8,$0.1185
HAN,SAN,"3,080","$1,064.53","7,985 mi",8,$0.1333
XMN,TAS,"3,079",$301.52,"2,924 mi",8,$0.1031
SIN,BRI,"3,079",$541.85,"5,832 mi",8,$0.0929
URC,NGQ,"3,078",$103.71,936 mi,8,$0.1108
CGO,CXR,"3,076",$146.43,"1,536 mi",8,$0.0953
NRT,DBV,"3,076",$735.72,"5,734 mi",8,$0.1283
HKG,TRZ,"3,075",$275.15,"2,383 mi",8,$0.1155
PEK,JUB,"3,075",$934.60,"5,565 mi",8,$0.1679
CAN,ESB,"3,074",$403.14,"4,841 mi",8,$0.0833
CKG,UBN,"3,072",$248.01,"1,276 mi",8,$0.1944
HKT,IDR,"3,072",$92.10,"1,748 mi",8,$0.0527
HKT,BOD,"3,071",$336.19,"6,072 mi",8,$0.0554
MNL,TBS,"3,070",$642.12,"4,987 mi",8,$0.1288
NRT,YQR,"3,070",$766.62,"5,131 mi",8,$0.1494
ICN,RNO,"3,069","$1,172.78","5,832 mi",8,$0.2011
TPE,MRS,"3,069",$805.79,"6,021 mi",8,$0.1338
SIN,LPQ,"3,067",$273.75,"1,326 mi",8,$0.2064
TSN,TSA,"3,067",$217.37,971 mi,8,$0.2239
PKX,ORY,"3,067",$82.02,"4,978 mi",8,$0.0165
CTU,FCO,"3,065",$362.62,"5,077 mi",8,$0.0714
SZX,LAS,"3,065",$748.49,"7,490 mi",8,$0.0999
NRT,RMQ,"3,062",$292.41,"1,463 mi",8,$0.1999
CGO,FRU,"3,061",$310.21,"2,114 mi",8,$0.1467
KUL,VLC,"3,061",$995.29,"6,542 mi",8,$0.1521
WUH,YNJ,"3,060",$229.62,"1,218 mi",8,$0.1885
CGK,SAN,"3,059","$1,212.85","8,804 mi",8,$0.1378
HGH,DAT,"3,057",$176.15,797 mi,8,$0.2210
MNL,ALG,"3,056",$610.70,"7,277 mi",8,$0.0839
NRT,JAX,"3,055","$1,020.32","6,893 mi",8,$0.1480
KBV,FUK,"3,055",$186.73,"2,588 mi",8,$0.0722
CEB,VRC,"3,054",$23.16,233 mi,8,$0.0994
HKG,LUM,"3,054",$159.42,"1,016 mi",8,$0.1569
PEK,AXT,"3,054",$408.46,"1,288 mi",8,$0.3171
MNL,SAV,"3,053",$870.44,"9,161 mi",8,$0.0950
BWN,MEL,"3,053",$380.56,"3,621 mi",8,$0.1051
HGH,JHB,"3,052",$174.01,"2,192 mi",8,$0.0794
SIN,ORK,"3,051","$1,407.77","7,299 mi",8,$0.1929
PVG,VAR,"3,050",$661.93,"4,817 mi",8,$0.1374
CRK,WNP,"3,048",$62.21,206 mi,8,$0.3020
KIX,LJU,"3,048",$782.81,"5,584 mi",8,$0.1402
DPS,NBO,"3,047",$800.33,"5,239 mi",8,$0.1528
KBV,SUB,"3,047",$132.60,"1,388 mi",8,$0.0955
BKK,SLL,"3,046",$397.82,"3,203 mi",8,$0.1242
HKT,IXR,"3,046",$84.73,"1,399 mi",8,$0.0606
SHE,NAO,"3,046",$136.54,"1,255 mi",8,$0.1088
HAN,OIT,"3,045",$313.66,"1,849 mi",8,$0.1696
HKT,URC,"3,044",$232.04,"2,481 mi",8,$0.0935
PVG,GUM,"3,044",$303.65,"1,959 mi",8,$0.1550
NGO,IND,"3,042","$2,198.12","6,399 mi",8,$0.3435
HKT,LPQ,"3,041",$145.92,880 mi,8,$0.1658
RGN,CAI,"3,041",$468.71,"4,025 mi",8,$0.1164
MNL,WVB,"3,039",$955.54,"7,859 mi",8,$0.1216
RGN,WUX,"3,039",$142.11,"1,881 mi",8,$0.0756
BKK,RPR,"3,037",$90.56,"1,313 mi",8,$0.0690
KIX,URT,"3,036",$203.78,"2,961 mi",8,$0.0688
NRT,TUS,"3,036","$1,203.51","5,683 mi",8,$0.2118
DPS,HAK,"3,034",$293.26,"1,947 mi",8,$0.1506
PEK,FIH,"3,034",$631.72,"6,792 mi",8,$0.0930
SIN,TGD,"3,033",$661.53,"6,063 mi",8,$0.1091
HGH,KBL,"3,033",$441.62,"2,882 mi",8,$0.1532
BKK,CVG,"3,032",$940.00,"9,039 mi",8,$0.1040
SIN,TBU,"3,031","$1,216.50","5,835 mi",8,$0.2085
HAN,CGD,"3,029",$93.45,664 mi,8,$0.1407
HND,IKA,"3,028",$620.14,"4,935 mi",8,$0.1257
ICN,IBR,"3,027",$97.82,800 mi,8,$0.1223
SHE,BUD,"3,026",$257.15,"4,596 mi",8,$0.0560
RGN,WNZ,"3,025",$146.68,"1,799 mi",8,$0.0815
URC,ZIA,"3,025",$182.50,"2,219 mi",8,$0.0822
NGO,BOM,"3,024",$654.29,"3,897 mi",8,$0.1679
BKK,TRN,"3,023",$541.88,"5,528 mi",8,$0.0980
HGH,RMQ,"3,022",$159.55,400 mi,8,$0.3989
HGH,VVO,"3,021",$114.04,"1,082 mi",8,$0.1054
KNO,SBW,"3,021",$81.44,883 mi,8,$0.0922
PEK,KWJ,"3,021",$114.54,675 mi,8,$0.1697
KIX,KEF,"3,020",$624.16,"5,696 mi",8,$0.1096
RGN,LAX,"3,017",$707.58,"8,500 mi",8,$0.0832
SGN,SDJ,"3,017",$275.15,"2,920 mi",8,$0.0942
SIN,KCZ,"3,016",$486.85,"3,026 mi",8,$0.1609
KIX,UTH,"3,015",$198.61,"2,390 mi",8,$0.0831
PNH,VIE,"3,015",$565.82,"5,381 mi",8,$0.1052
CGK,LAD,"3,015","$1,395.61","6,193 mi",8,$0.2254
CGK,ALA,"3,014",$622.56,"3,771 mi",8,$0.1651
SGN,VKO,"3,013",$251.76,"4,658 mi",8,$0.0540
PVG,DLA,"3,012",$468.37,"7,141 mi",8,$0.0656
HKG,PAG,"3,012",$109.49,"1,221 mi",8,$0.0897
SIN,GTO,"3,011",$342.30,"1,265 mi",8,$0.2706
HKT,SAW,"3,010",$209.48,"4,615 mi",8,$0.0454
SIN,IND,"3,010","$2,271.55","9,239 mi",8,$0.2459
KUL,TAK,"3,009",$444.51,"3,097 mi",8,$0.1435
HGH,LZY,"3,007",$210.02,"1,610 mi",8,$0.1304
HKT,TUN,"3,006",$261.42,"5,950 mi",8,$0.0439
HGH,OSL,"3,005",$471.26,"5,185 mi",8,$0.0909
PKX,NQZ,"3,004",$249.83,"2,353 mi",8,$0.1062
TSN,OKA,"3,003",$187.99,"1,042 mi",8,$0.1804
HKG,XNA,"3,001","$2,970.52","7,749 mi",8,$0.3833
PVG,FIH,"3,001",$787.21,"7,121 mi",8,$0.1105
KIX,VNO,"3,000",$794.03,"4,869 mi",8,$0.1631
CEB,DEN,"2,999",$677.27,"7,546 mi",8,$0.0898
KUL,PHX,"2,999","$1,271.61","9,381 mi",8,$0.1356
CAN,GLA,"2,997",$346.77,"5,689 mi",8,$0.0610
CAN,NUE,"2,997",$167.50,"5,685 mi",8,$0.0295
CGK,TRV,"2,995",$302.66,"2,353 mi",8,$0.1286
KUL,GIG,"2,994","$1,901.34","9,421 mi",8,$0.2018
XMN,XIL,"2,994",$174.70,"1,384 mi",8,$0.1262
CAN,VLC,"2,992",$469.66,"6,159 mi",8,$0.0763
KUL,MIA,"2,990","$1,292.88","10,146 mi",8,$0.1274
SUB,TGG,"2,990",$124.85,"1,073 mi",8,$0.1164
HKG,VDH,"2,990",$103.25,562 mi,8,$0.1837
KUL,TNR,"2,989",$392.85,"3,854 mi",8,$0.1019
ICN,BHY,"2,989",$140.59,"1,458 mi",8,$0.0964
PNH,CPH,"2,989",$509.73,"5,477 mi",8,$0.0931
MNL,TYN,"2,988",$148.94,"1,737 mi",8,$0.0857
PEK,FKS,"2,988",$238.28,"1,337 mi",8,$0.1782
RGN,ORD,"2,987",$570.07,"8,611 mi",8,$0.0662
DMK,LHE,"2,986",$328.15,"1,994 mi",8,$0.1646
HKG,BSL,"2,986","$1,118.04","5,979 mi",8,$0.1870
CGK,OPO,"2,985",$960.81,"7,571 mi",8,$0.1269
PVG,TAG,"2,984",$206.92,"1,445 mi",8,$0.1432
CKG,LIJ,"2,984",$279.01,778 mi,8,$0.3586
SIN,KGI,"2,982",$409.48,"2,426 mi",8,$0.1688
ICN,TNR,"2,981",$901.76,"6,618 mi",8,$0.1363
SZX,LIS,"2,981",$469.56,"6,611 mi",8,$0.0710
DPS,PDX,"2,980",$895.67,"7,943 mi",8,$0.1128
HGH,ORD,"2,980",$974.43,"7,345 mi",8,$0.1327
HGH,KKC,"2,980",$79.72,"1,509 mi",8,$0.0528
SZX,VCE,"2,980",$452.67,"5,469 mi",8,$0.0828
TPE,BHX,"2,979",$781.51,"6,259 mi",8,$0.1249
KUL,NUE,"2,978",$571.88,"5,920 mi",8,$0.0966
CNX,PER,"2,978",$322.05,"3,790 mi",8,$0.0850
CAN,TIA,"2,977",$832.48,"5,501 mi",8,$0.1513
PEK,PBM,"2,976","$1,802.47","9,524 mi",8,$0.1893
MNL,STN,"2,975",$842.49,"6,450 mi",8,$0.1306
MFM,UKB,"2,975",$160.80,"1,614 mi",8,$0.0996
MNL,XNB,"2,975",$353.47,"4,405 mi",8,$0.0802
SIN,KUH,"2,974",$362.29,"3,911 mi",8,$0.0926
DPS,STR,"2,974",$862.18,"7,619 mi",8,$0.1132
SHE,ORD,"2,974",$547.35,"6,526 mi",8,$0.0839
HKT,MYY,"2,970",$79.34,"1,141 mi",8,$0.0695
HND,CXR,"2,970",$265.62,"2,432 mi",8,$0.1092
BKK,TUU,"2,969",$285.85,"4,338 mi",8,$0.0659
PVG,LEJ,"2,969",$599.04,"5,477 mi",8,$0.1094
USM,HAJ,"2,969",$388.34,"5,540 mi",8,$0.0701
BKK,LXA,"2,968",$177.50,"1,212 mi",8,$0.1465
SUB,BTU,"2,965",$96.51,704 mi,8,$0.1371
HAN,BXU,"2,964",$151.16,"1,512 mi",8,$0.1000
CNX,KCH,"2,963",$105.84,"1,378 mi",8,$0.0768
HND,RUN,"2,962",$669.09,"6,942 mi",8,$0.0964
CRK,ZVJ,"2,962",$371.08,"4,186 mi",8,$0.0886
HGH,BLR,"2,961",$366.95,"3,051 mi",8,$0.1203
PKX,ABV,"2,961",$705.39,"7,020 mi",8,$0.1005
MNL,SLZ,"2,960","$1,286.65","10,802 mi",8,$0.1191
HND,ICT,"2,960",$992.96,"6,007 mi",8,$0.1653
HND,LST,"2,959",$528.59,"5,187 mi",8,$0.1019
HAN,BOD,"2,958",$436.35,"5,773 mi",8,$0.0756
CAN,KRY,"2,958",$266.62,"2,134 mi",8,$0.1249
BKK,ANC,"2,957",$680.26,"6,189 mi",8,$0.1099
BKK,IXE,"2,957",$119.94,"1,686 mi",8,$0.0711
CAN,QYG,"2,957",$797.92,"5,481 mi",8,$0.1456
PEK,MPM,"2,956",$943.51,"6,842 mi",8,$0.1379
KIX,YCU,"2,956",$163.87,"1,412 mi",8,$0.1161
HKT,LOE,"2,954",$88.42,663 mi,8,$0.1334
KBV,BRU,"2,954",$383.83,"5,800 mi",8,$0.0662
PKX,MRV,"2,952",$330.58,"3,549 mi",8,$0.0931
PNH,WUX,"2,950",$74.53,"1,750 mi",8,$0.0426
NRT,LIN,"2,949",$954.92,"6,233 mi",8,$0.1532
NRT,LPA,"2,948","$1,098.44","7,528 mi",8,$0.1459
PEN,LBU,"2,948",$141.45,999 mi,8,$0.1416
DAD,DVO,"2,947",$121.60,"1,291 mi",8,$0.0942
KHH,LAX,"2,947",$865.98,"6,738 mi",8,$0.1285
HKG,TBU,"2,947",$784.25,"5,477 mi",8,$0.1432
PVG,MDE,"2,946","$1,206.41","9,908 mi",8,$0.1218
PEK,KUH,"2,945",$493.70,"1,392 mi",8,$0.3547
CAN,VCA,"2,943",$103.36,"1,016 mi",8,$0.1017
KUL,YNZ,"2,943",$155.98,"2,360 mi",8,$0.0661
PNH,HYN,"2,942",$147.90,"1,542 mi",8,$0.0959
ICN,ASU,"2,941","$1,261.39","11,907 mi",8,$0.1059
PEK,MCT,"2,940",$948.36,"3,434 mi",8,$0.2762
CAN,STR,"2,940",$424.23,"5,450 mi",8,$0.0778
SIN,TUS,"2,940","$1,154.71","8,911 mi",8,$0.1296
HAN,JHB,"2,939",$109.89,"1,402 mi",8,$0.0784
NRT,AVV,"2,939",$143.47,"4,953 mi",8,$0.0290
DAD,NQZ,"2,938",$421.15,"3,057 mi",8,$0.1378
PEN,JFK,"2,935","$1,382.29","8,963 mi",8,$0.1542
PKX,CPT,"2,935",$466.09,"7,791 mi",8,$0.0598
NGO,VCA,"2,934",$255.73,"2,522 mi",8,$0.1014
SIN,BNK,"2,934",$747.16,"3,998 mi",8,$0.1869
DPS,AER,"2,933",$493.53,"6,084 mi",8,$0.0811
HAN,RIX,"2,933",$456.10,"4,835 mi",8,$0.0943
SUB,MIA,"2,933",$894.52,"11,227 mi",8,$0.0797
CGK,UKB,"2,933",$570.00,"3,477 mi",8,$0.1639
BKK,ENH,"2,932",$99.29,"1,315 mi",8,$0.0755
XMN,CMB,"2,932",$226.92,"2,880 mi",8,$0.0788
KHH,SHA,"2,931",$198.64,581 mi,8,$0.3419
HKG,EVN,"2,930",$621.47,"4,306 mi",8,$0.1443
XMN,YYA,"2,929",$68.20,431 mi,8,$0.1582
BKK,YLW,"2,928",$618.15,"7,189 mi",8,$0.0860
PEK,DOH,"2,928",$196.75,"3,714 mi",8,$0.0530
MNL,DAR,"2,926",$706.23,"5,621 mi",8,$0.1256
HND,JED,"2,926",$836.31,"5,741 mi",8,$0.1457
ICN,LOP,"2,926",$333.64,"3,359 mi",8,$0.0993
SIN,NTE,"2,926",$938.70,"7,082 mi",8,$0.1325
KUL,OPO,"2,925",$662.34,"6,923 mi",8,$0.0957
BKK,OMS,"2,924",$308.78,"3,307 mi",8,$0.0934
LGK,FRA,"2,924",$539.01,"6,112 mi",8,$0.0882
HND,UBN,"2,923",$390.58,"1,822 mi",8,$0.2144
KIX,KHI,"2,922",$584.07,"4,188 mi",8,$0.1395
NGO,KWE,"2,922",$102.33,"1,921 mi",8,$0.0533
KIX,RVN,"2,920",$609.57,"4,683 mi",8,$0.1302
SGN,UTH,"2,920",$73.54,538 mi,8,$0.1367
PEK,MSP,"2,918","$1,371.81","6,094 mi",8,$0.2251
SZX,MSQ,"2,918",$592.68,"4,942 mi",8,$0.1199
HKG,AKU,"2,917",$249.60,"2,416 mi",8,$0.1033
KIX,NAV,"2,917",$498.36,"5,123 mi",8,$0.0973
PEN,DUB,"2,917","$1,188.72","6,396 mi",8,$0.1859
NGO,NNG,"2,917",$177.59,"1,863 mi",8,$0.0953
BKK,INN,"2,916",$683.29,"5,334 mi",8,$0.1281
PVG,ADB,"2,916",$642.78,"5,307 mi",8,$0.1211
SUB,PER,"2,915",$403.52,"1,760 mi",8,$0.2293
HGH,DYU,"2,915",$391.36,"2,870 mi",8,$0.1364
HGH,SBW,"2,915",$164.02,"1,950 mi",8,$0.0841
SGN,KCZ,"2,915",$254.32,"2,251 mi",8,$0.1130
BKK,ORF,"2,914",$786.66,"8,668 mi",8,$0.0908
ICN,NAO,"2,914",$122.25,"1,208 mi",8,$0.1012
HAN,VLC,"2,913",$521.58,"6,289 mi",8,$0.0829
HKG,WDS,"2,913",$123.68,756 mi,8,$0.1636
CNX,KTM,"2,913",$139.59,"1,028 mi",8,$0.1358
CGK,URT,"2,912",$83.85,"1,140 mi",8,$0.0736
PEK,DME,"2,909",$526.37,"3,486 mi",8,$0.1510
PKX,MED,"2,907",$394.67,"4,611 mi",8,$0.0856
PVG,PRN,"2,907",$489.35,"5,450 mi",8,$0.0898
HGH,KCA,"2,907",$276.35,"2,151 mi",8,$0.1285
MNL,YMM,"2,906",$570.08,"6,481 mi",8,$0.0880
CEB,KWI,"2,906",$404.61,"5,184 mi",8,$0.0780
DPS,EVN,"2,906",$624.60,"5,788 mi",8,$0.1079
DPS,HAJ,"2,906",$374.85,"7,127 mi",8,$0.0526
PEK,KIJ,"2,905",$208.27,"1,179 mi",8,$0.1766
SUB,KMG,"2,904",$268.13,"2,270 mi",8,$0.1181
HAN,NBO,"2,904",$553.84,"5,044 mi",8,$0.1098
CRK,LGW,"2,903",$412.61,"6,438 mi",8,$0.0641
KUL,KZN,"2,902",$547.67,"4,520 mi",8,$0.1212
SZX,GYD,"2,902",$356.62,"3,980 mi",8,$0.0896
CRK,OKA,"2,901",$282.93,860 mi,8,$0.3290
CNX,KHN,"2,900",$106.97,"1,237 mi",8,$0.0865
MFM,HDY,"2,900",$106.61,"1,412 mi",8,$0.0755
HKG,KZN,"2,899",$297.70,"4,093 mi",8,$0.0727
SIN,SAG,"2,899",$201.72,"2,297 mi",8,$0.0878
KUL,EBL,"2,898",$473.07,"4,204 mi",8,$0.1125
MFM,TNA,"2,898",$88.77,"1,008 mi",8,$0.0881
PKX,HDY,"2,896",$185.91,"2,535 mi",8,$0.0733
CKG,RMQ,"2,895",$131.27,911 mi,8,$0.1441
PEN,DYG,"2,895",$97.83,"1,827 mi",8,$0.0535
SZX,FRU,"2,895",$307.71,"2,570 mi",8,$0.1197
CAN,HUI,"2,894",$108.33,622 mi,8,$0.1742
CEB,BOM,"2,894",$419.83,"3,561 mi",8,$0.1179
CEB,IST,"2,893",$602.04,"6,199 mi",8,$0.0971
BKK,YYJ,"2,892",$649.83,"7,132 mi",8,$0.0911
ICN,HSN,"2,891",$128.24,554 mi,8,$0.2315
CAN,YIA,"2,890",$184.33,"2,109 mi",8,$0.0874
MNL,OKJ,"2,890",$329.23,"1,659 mi",8,$0.1985
URC,HSN,"2,890",$261.92,"2,198 mi",8,$0.1192
HAN,WLG,"2,889",$680.50,"5,986 mi",8,$0.1137
KIX,DRP,"2,889",$147.35,"1,592 mi",8,$0.0926
BKK,MRV,"2,886",$420.69,"3,853 mi",8,$0.1092
SGN,TKS,"2,885",$468.01,"2,460 mi",8,$0.1902
NRT,PIT,"2,884","$1,158.74","6,767 mi",8,$0.1712
PVG,PNR,"2,884",$669.00,"7,339 mi",8,$0.0912
HAN,NAO,"2,883",$92.75,642 mi,8,$0.1445
HND,SNA,"2,882",$970.66,"5,676 mi",8,$0.1710
MNL,HET,"2,882",$211.73,"1,845 mi",8,$0.1148
HND,TGD,"2,881",$504.76,"5,700 mi",8,$0.0886
ICN,KHG,"2,881",$229.13,"2,613 mi",8,$0.0877
HKG,YYJ,"2,879","$1,067.53","6,204 mi",8,$0.1721
HKG,MAG,"2,878",$678.84,"2,959 mi",8,$0.2294
MNL,UBJ,"2,871",$439.43,"1,442 mi",8,$0.3047
CNX,BKI,"2,871",$128.65,"1,409 mi",8,$0.0913
MNL,RIC,"2,871","$1,154.43","8,910 mi",8,$0.1296
SGN,BXU,"2,871",$132.65,"1,249 mi",8,$0.1062
CKG,JXA,"2,870",$204.01,"1,660 mi",8,$0.1229
NRT,JHB,"2,870",$301.52,"3,228 mi",8,$0.0934
CTU,HSN,"2,868",$159.77,"1,132 mi",8,$0.1411
SGN,NAO,"2,867",$134.61,"1,421 mi",8,$0.0947
NGO,TAG,"2,866",$80.79,"1,865 mi",8,$0.0433
KUL,WLG,"2,864","$1,052.57","5,639 mi",8,$0.1867
HGH,PUS,"2,863",$168.74,619 mi,8,$0.2726
PNH,YNT,"2,863",$139.85,"2,000 mi",8,$0.0699
PVG,DBV,"2,863","$1,110.13","5,250 mi",8,$0.2115
SIN,VKO,"2,863",$483.21,"5,404 mi",8,$0.0894
HAN,YEG,"2,862",$540.91,"6,978 mi",8,$0.0775
MNL,BEL,"2,862","$1,311.87","11,618 mi",8,$0.1129
NRT,ABQ,"2,862","$1,113.84","5,739 mi",8,$0.1941
PVG,UTH,"2,862",$117.32,"1,571 mi",8,$0.0747
PEN,UTH,"2,861",$90.92,878 mi,8,$0.1036
TPE,ANC,"2,860","$1,031.70","4,532 mi",8,$0.2276
PVG,UPG,"2,859",$288.18,"2,431 mi",8,$0.1185
NGO,MLE,"2,859",$396.04,"4,683 mi",8,$0.0846
KHH,HNL,"2,858",$704.19,"5,008 mi",8,$0.1406
PVG,TRN,"2,858",$653.07,"5,569 mi",8,$0.1173
KBV,JAI,"2,858",$133.85,"1,934 mi",8,$0.0692
LGK,TFU,"2,857",$144.10,"1,736 mi",8,$0.0830
DPS,CGY,"2,856",$118.97,"1,400 mi",8,$0.0850
KIX,KWI,"2,856","$1,683.77","4,820 mi",8,$0.3493
HKT,SBW,"2,855",$102.28,"1,055 mi",8,$0.0969
CTU,YNJ,"2,854",$210.69,"1,687 mi",8,$0.1249
WUH,BOS,"2,853","$1,105.28","7,151 mi",8,$0.1546
CAN,NAN,"2,852",$725.23,"5,331 mi",8,$0.1360
HGH,FUK,"2,851",$120.41,612 mi,8,$0.1967
LGK,DME,"2,849",$572.43,"4,915 mi",8,$0.1165
KUL,RIX,"2,848",$425.35,"5,767 mi",8,$0.0738
MNL,LPQ,"2,847",$190.11,"1,259 mi",8,$0.1510
KIX,KHG,"2,843",$209.96,"3,326 mi",8,$0.0631
BKK,YGJ,"2,841",$544.30,"2,593 mi",8,$0.2099
CKG,PQC,"2,840",$129.40,"1,402 mi",8,$0.0923
USM,LAX,"2,840","$1,370.33","8,768 mi",8,$0.1563
HAN,MSQ,"2,838",$667.01,"4,688 mi",8,$0.1423
HKG,AAT,"2,834",$216.54,"2,332 mi",8,$0.0929
SZX,DLI,"2,834",$126.79,858 mi,8,$0.1478
HGH,IKA,"2,833",$493.28,"3,837 mi",8,$0.1286
SIN,DQA,"2,832",$143.63,"3,283 mi",8,$0.0437
BKK,BAV,"2,832",$97.72,"1,881 mi",8,$0.0520
RGN,CDG,"2,831",$481.29,"5,666 mi",8,$0.0849
HKT,BSL,"2,829",$337.05,"5,666 mi",8,$0.0595
DPS,DTW,"2,829","$1,100.13","9,569 mi",8,$0.1150
KNO,TFU,"2,829",$184.54,"1,823 mi",8,$0.1012
ICN,QRO,"2,827",$774.75,"7,629 mi",8,$0.1016
BKK,KUF,"2,827",$337.06,"3,995 mi",8,$0.0844
NRT,PMO,"2,826",$522.49,"6,128 mi",8,$0.0853
PVG,JRO,"2,826","$1,017.29","5,849 mi",8,$0.1739
SGN,KRK,"2,826",$397.74,"5,673 mi",8,$0.0701
HKT,SZB,"2,825",$80.50,399 mi,8,$0.2018
NGO,BCD,"2,825",$116.58,"1,820 mi",8,$0.0641
HKG,TIA,"2,824",$590.10,"5,257 mi",8,$0.1123
NGO,SAN,"2,824",$987.95,"5,919 mi",8,$0.1669
KUL,GOT,"2,823",$564.20,"5,856 mi",8,$0.0963
MNL,UKB,"2,823",$281.13,"1,599 mi",8,$0.1758
LGK,SYD,"2,820",$393.55,"4,492 mi",8,$0.0876
HKT,YIW,"2,820",$124.90,"1,974 mi",8,$0.0633
ICN,BGO,"2,819",$593.35,"4,763 mi",8,$0.1246
HKT,BLL,"2,819",$311.14,"5,551 mi",8,$0.0561
HND,LOP,"2,818",$580.35,"3,526 mi",8,$0.1646
HKT,EVN,"2,818",$738.17,"3,856 mi",8,$0.1914
KHH,DLI,"2,817",$141.80,"1,055 mi",8,$0.1344
MNL,SZZ,"2,814",$708.29,"6,234 mi",8,$0.1136
KUL,SAN,"2,813","$1,231.35","8,639 mi",8,$0.1425
NRT,RNO,"2,812","$1,117.92","5,313 mi",8,$0.2104
DPS,PMR,"2,812",$601.92,"4,153 mi",8,$0.1449
RGN,CTS,"2,811",$357.54,"3,112 mi",8,$0.1149
KIX,BRI,"2,810",$423.25,"5,740 mi",8,$0.0737
NRT,TLL,"2,810",$996.34,"5,055 mi",8,$0.1971
DMK,SDK,"2,810",$81.12,"1,270 mi",8,$0.0639
TPE,MCT,"2,810",$492.41,"4,045 mi",8,$0.1217
HKG,NQZ,"2,809",$425.50,"3,100 mi",8,$0.1373
KIX,HUZ,"2,809",$149.65,"1,428 mi",8,$0.1048
HKG,SZG,"2,809","$1,406.60","5,401 mi",8,$0.2604
HKT,LEJ,"2,809",$289.37,"5,779 mi",8,$0.0501
KBV,TFU,"2,808",$118.74,"1,528 mi",8,$0.0777
KBV,MAA,"2,807",$88.68,"1,281 mi",8,$0.0692
NRT,KOP,"2,807",$180.61,"2,451 mi",8,$0.0737
SGN,NCL,"2,805",$632.61,"6,121 mi",8,$0.1034
URC,LAX,"2,805",$951.62,"7,020 mi",8,$0.1356
ICN,CJB,"2,802",$388.72,"3,661 mi",8,$0.1062
ICN,OZC,"2,802",$165.29,"1,969 mi",8,$0.0839
CKG,CPH,"2,801",$320.47,"4,837 mi",8,$0.0663
SGN,TAG,"2,801",$115.62,"1,137 mi",8,$0.1017
CKG,BSR,"2,801",$684.15,"3,586 mi",8,$0.1908
SZX,OIT,"2,801",$241.82,"1,362 mi",8,$0.1775
BKK,TIA,"2,800",$584.40,"5,289 mi",8,$0.1105
CGK,BHX,"2,800",$769.15,"7,105 mi",8,$0.1083
ICN,MPL,"2,800",$773.64,"5,606 mi",8,$0.1380
PVG,WRO,"2,799",$929.90,"5,315 mi",8,$0.1750
MNL,NST,"2,797",$130.63,"1,529 mi",8,$0.0854
HND,RBA,"2,796","$1,676.90","7,379 mi",8,$0.2273
MNL,CGN,"2,795",$347.14,"6,235 mi",8,$0.0557
SIN,MPL,"2,795","$1,027.19","6,853 mi",8,$0.1499
BKK,SHM,"2,794",$477.98,"2,646 mi",8,$0.1806
SIN,SJJ,"2,794",$390.72,"5,759 mi",8,$0.0678
XMN,YBP,"2,789",$199.72,915 mi,8,$0.2183
NGO,MCO,"2,789","$1,179.05","7,184 mi",8,$0.1641
SIN,IBZ,"2,788","$1,279.29","6,630 mi",8,$0.1930
HGH,BZX,"2,788",$198.50,848 mi,8,$0.2341
ICN,PAG,"2,786",$206.50,"1,994 mi",8,$0.1036
CTU,TBS,"2,786",$198.96,"3,215 mi",8,$0.0619
HGH,SAI,"2,785",$146.97,"1,604 mi",8,$0.0916
ICN,DPL,"2,785",$202.50,"2,064 mi",8,$0.0981
PVG,AOR,"2,784",$174.83,"2,145 mi",8,$0.0815
SIN,HSR,"2,784",$166.29,"2,567 mi",8,$0.0648
BKK,BSD,"2,782",$81.80,768 mi,8,$0.1065
ICN,ABJ,"2,781",$747.13,"7,850 mi",8,$0.0952
XMN,EDI,"2,779",$240.60,"6,086 mi",8,$0.0395
HKG,BHD,"2,779",$892.05,"6,227 mi",8,$0.1433
KUL,TLL,"2,779",$652.14,"5,428 mi",8,$0.1201
HKG,OZC,"2,778",$85.22,"1,143 mi",8,$0.0746
PVG,TGG,"2,778",$198.83,"2,219 mi",8,$0.0896
HND,KWI,"2,778","$1,021.35","5,016 mi",8,$0.2036
NRT,NST,"2,777",$249.51,"3,068 mi",8,$0.0813
CAN,YEG,"2,776",$492.49,"6,249 mi",8,$0.0788
CTU,CIF,"2,776",$149.76,"1,115 mi",8,$0.1343
HGH,TIJ,"2,776",$500.78,"6,499 mi",8,$0.0771
CNX,LHW,"2,775",$97.73,"1,220 mi",8,$0.0801
ICN,YIH,"2,775",$131.44,"1,009 mi",8,$0.1303
SZX,OKJ,"2,775",$325.34,"1,427 mi",8,$0.2280
MNL,YYT,"2,774",$860.25,"8,371 mi",8,$0.1028
RGN,TNA,"2,774",$127.88,"1,942 mi",8,$0.0658
PNH,SVO,"2,773",$336.05,"4,550 mi",8,$0.0739
WUH,BEG,"2,773",$420.09,"5,080 mi",8,$0.0827
MNL,JER,"2,772",$714.96,"6,636 mi",8,$0.1077
HAN,GRU,"2,771","$1,313.84","10,981 mi",8,$0.1196
NGO,PRG,"2,771","$1,154.09","5,433 mi",8,$0.2124
HND,IVL,"2,770",$776.49,"4,331 mi",8,$0.1793
KIX,LIH,"2,770",$487.53,"3,888 mi",8,$0.1254
ICN,ZNZ,"2,769",$618.44,"6,518 mi",8,$0.0949
LGK,KMG,"2,769",$123.24,"1,275 mi",8,$0.0967
PEK,ZYI,"2,769",$115.15,971 mi,8,$0.1186
SUB,XIY,"2,769",$302.45,"2,989 mi",8,$0.1012
BKK,VDO,"2,769",$114.64,696 mi,8,$0.1647
HND,NAV,"2,768",$614.21,"5,269 mi",8,$0.1166
BKK,HSG,"2,768",$348.03,"2,361 mi",8,$0.1474
DPS,MKY,"2,768",$316.33,"2,493 mi",8,$0.1269
PVG,EBL,"2,768",$726.31,"4,496 mi",8,$0.1615
MFM,DXB,"2,765",$276.87,"3,771 mi",8,$0.0734
DPS,CFS,"2,764",$393.12,"2,950 mi",8,$0.1333
SHE,JGN,"2,764",$259.27,"1,277 mi",8,$0.2030
CAN,BPL,"2,763",$286.44,"2,219 mi",8,$0.1291
BKK,ABJ,"2,761",$774.98,"6,897 mi",8,$0.1124
CTU,KRL,"2,760",$181.55,"1,214 mi",8,$0.1495
HKG,VLI,"2,759",$930.55,"4,737 mi",8,$0.1964
MNL,PVR,"2,759",$740.73,"8,719 mi",8,$0.0850
SIN,ABJ,"2,759","$1,449.30","7,218 mi",8,$0.2008
SIN,KDI,"2,759",$366.71,"1,287 mi",8,$0.2849
KUL,PHS,"2,758",$104.15,946 mi,8,$0.1101
DPS,SLC,"2,758",$867.51,"8,543 mi",8,$0.1015
NGO,KKX,"2,756",$189.48,588 mi,8,$0.3222
SGN,SYX,"2,756",$68.27,533 mi,8,$0.1281
KUL,ZUH,"2,755",$147.19,"1,498 mi",8,$0.0983
DMK,DAT,"2,754",$103.08,"1,997 mi",8,$0.0516
SZX,DAC,"2,754",$166.48,"1,532 mi",8,$0.1087
KIX,KZN,"2,753",$196.63,"4,273 mi",8,$0.0460
HKT,NUE,"2,753",$292.94,"5,839 mi",8,$0.0502
DPS,SZG,"2,752",$817.77,"7,012 mi",8,$0.1166
MNL,SXM,"2,752","$1,108.10","9,865 mi",8,$0.1123
DAD,YEG,"2,751",$487.92,"6,831 mi",8,$0.0714
HND,BMV,"2,749",$161.67,"2,450 mi",8,$0.0660
NRT,TST,"2,749",$256.38,"3,131 mi",8,$0.0819
BKK,FUG,"2,748",$93.03,"1,579 mi",8,$0.0589
SHE,LZH,"2,748",$176.41,"1,495 mi",8,$0.1180
PEK,YGJ,"2,748",$298.15,990 mi,8,$0.3012
CGK,MYJ,"2,747",$566.80,"3,340 mi",8,$0.1697
MNL,VCA,"2,747",$322.77,"1,107 mi",8,$0.2916
CGK,USM,"2,746",$476.94,"1,209 mi",8,$0.3945
BKK,LUN,"2,746",$599.16,"5,170 mi",8,$0.1159
MNL,GLT,"2,746",$676.23,"3,445 mi",8,$0.1963
DPS,SYX,"2,744",$229.59,"1,853 mi",8,$0.1239
CRK,ANC,"2,744",$564.35,"5,441 mi",8,$0.1037
SHE,IST,"2,744",$269.02,"4,485 mi",8,$0.0600
BKK,CEK,"2,742",$259.51,"3,664 mi",8,$0.0708
KIX,HAJ,"2,741",$991.66,"5,430 mi",8,$0.1826
RGN,PTY,"2,741",$916.18,"10,297 mi",8,$0.0890
PVG,PKU,"2,741",$232.03,"2,429 mi",8,$0.0955
ICN,CGN,"2,740",$543.82,"5,154 mi",8,$0.1055
DPS,CXR,"2,740",$149.71,"1,445 mi",8,$0.1036
HND,MSQ,"2,740",$399.00,"4,894 mi",8,$0.0815
HAN,KEF,"2,739",$391.37,"6,114 mi",8,$0.0640
CGK,PHS,"2,738",$113.20,"1,593 mi",8,$0.0711
CAN,NKC,"2,738",$762.15,"7,725 mi",8,$0.0987
CEB,BER,"2,737",$437.46,"6,684 mi",7,$0.0654
HKG,BLL,"2,737",$610.49,"5,663 mi",7,$0.1078
ICN,YZF,"2,736",$699.84,"4,613 mi",7,$0.1517
TPE,DRP,"2,736",$62.94,867 mi,7,$0.0726
DPS,VTE,"2,734",$320.78,"1,977 mi",7,$0.1623
BKK,DRS,"2,733",$538.62,"5,194 mi",7,$0.1037
KHH,AMS,"2,733",$719.30,"6,159 mi",7,$0.1168
HKG,LOP,"2,732",$215.11,"2,217 mi",7,$0.0970
NGO,AMD,"2,732","$1,046.18","4,016 mi",7,$0.2605
NGO,VTE,"2,732",$174.54,"2,329 mi",7,$0.0749
CKG,ERL,"2,729",$162.60,"1,023 mi",7,$0.1589
SGN,SAV,"2,728",$605.58,"9,141 mi",7,$0.0662
SGN,MYJ,"2,727",$415.63,"2,357 mi",7,$0.1763
NRT,PTY,"2,726","$1,106.04","8,148 mi",7,$0.1357
RGN,KHN,"2,726",$165.68,"1,457 mi",7,$0.1137
MNL,TLL,"2,724",$805.41,"5,405 mi",7,$0.1490
BWN,DEL,"2,723",$393.99,"3,054 mi",7,$0.1290
KUL,DNH,"2,723",$104.71,"2,697 mi",7,$0.0388
SHE,CGD,"2,723",$127.69,"1,135 mi",7,$0.1125
SGN,VLC,"2,722",$633.29,"6,431 mi",7,$0.0985
BKK,RMO,"2,721",$523.77,"4,816 mi",7,$0.1088
CGK,NST,"2,721",$86.53,"1,081 mi",7,$0.0800
HKG,JHG,"2,721",$157.77,867 mi,7,$0.1820
HND,SVQ,"2,721","$1,539.53","6,728 mi",7,$0.2288
BKK,JAX,"2,720",$736.38,"9,099 mi",7,$0.0809
HAN,BKI,"2,719",$149.65,"1,221 mi",7,$0.1226
HAN,GLA,"2,719",$498.72,"5,919 mi",7,$0.0843
KNO,MAA,"2,719",$175.01,"1,474 mi",7,$0.1187
NRT,NTL,"2,719",$684.58,"4,938 mi",7,$0.1386
PNH,ISB,"2,719",$405.30,"2,604 mi",7,$0.1556
CAN,BJL,"2,718",$344.99,"8,454 mi",7,$0.0408
KUL,NQZ,"2,717",$473.24,"3,882 mi",7,$0.1219
SIN,GAJ,"2,716",$328.45,"3,338 mi",7,$0.0984
HKG,TKG,"2,716",$231.82,"1,933 mi",7,$0.1199
KHH,BLR,"2,715",$257.63,"2,953 mi",7,$0.0872
CEB,ARN,"2,715",$494.69,"5,966 mi",7,$0.0829
SIN,ADD,"2,715",$730.81,"4,646 mi",7,$0.1573
PEK,FBM,"2,714","$1,138.36","6,882 mi",7,$0.1654
CEB,TFU,"2,713",$246.65,"1,812 mi",7,$0.1361
PEK,RBA,"2,713",$724.57,"6,355 mi",7,$0.1140
HND,RSU,"2,712",$311.38,709 mi,7,$0.4392
TSN,CMB,"2,712",$230.72,"3,109 mi",7,$0.0742
DPS,MSP,"2,711","$1,407.98","9,703 mi",7,$0.1451
SIN,SXR,"2,710",$256.43,"2,851 mi",7,$0.0899
TPE,KOA,"2,709",$759.18,"5,369 mi",7,$0.1414
HND,GYD,"2,708",$998.83,"4,534 mi",7,$0.2203
PVG,SJO,"2,708","$1,439.32","8,839 mi",7,$0.1628
CAN,BEN,"2,707",$403.71,"5,708 mi",7,$0.0707
DVO,JED,"2,706",$429.87,"5,638 mi",7,$0.0762
CTU,VVO,"2,705",$174.48,"1,725 mi",7,$0.1011
KIX,YIW,"2,704",$100.42,929 mi,7,$0.1081
HGH,UTH,"2,703",$83.93,"1,379 mi",7,$0.0609
NRT,QYG,"2,703",$730.23,"5,324 mi",7,$0.1372
CNX,VIE,"2,703",$440.18,"5,062 mi",7,$0.0870
SGN,OIT,"2,701",$332.05,"2,163 mi",7,$0.1535
KIX,ENH,"2,700",$146.81,"1,479 mi",7,$0.0993
PVG,BGW,"2,700","$1,122.56","4,292 mi",7,$0.2615
HGH,SVQ,"2,699",$327.81,"6,816 mi",7,$0.0481
HND,NTE,"2,698","$1,148.85","6,429 mi",7,$0.1787
DPS,BLL,"2,698",$449.02,"7,558 mi",7,$0.0594
CNX,MAN,"2,697",$437.81,"5,799 mi",7,$0.0755
SGN,MPH,"2,697",$116.44,"1,008 mi",7,$0.1155
MNL,SMF,"2,697",$678.64,"7,188 mi",7,$0.0944
MNL,KOA,"2,695",$519.36,"5,271 mi",7,$0.0985
CKG,DQA,"2,694",$224.85,"1,585 mi",7,$0.1419
SIN,TUN,"2,693",$642.25,"6,179 mi",7,$0.1039
DVO,MEL,"2,692",$345.19,"3,433 mi",7,$0.1006
CKG,GRU,"2,691","$1,099.56","10,401 mi",7,$0.1057
ICN,GSP,"2,691","$1,504.87","6,896 mi",7,$0.2182
TPE,DOH,"2,690",$711.20,"4,428 mi",7,$0.1606
PEK,TLL,"2,689",$405.37,"3,831 mi",7,$0.1058
SGN,HKD,"2,689",$328.27,"3,061 mi",7,$0.1072
SUB,WUH,"2,687",$390.88,"2,717 mi",7,$0.1439
ICN,TRV,"2,686",$430.10,"3,565 mi",7,$0.1206
SZX,MDG,"2,685",$482.05,"1,809 mi",7,$0.2665
USM,NCL,"2,683",$645.59,"5,952 mi",7,$0.1085
HND,ALG,"2,683","$1,451.02","6,921 mi",7,$0.2097
MNL,FAT,"2,683",$615.10,"6,919 mi",7,$0.0889
PVG,GRZ,"2,682","$1,704.13","5,205 mi",7,$0.3274
DAD,CMB,"2,681",$246.49,"1,949 mi",7,$0.1265
BKK,HGN,"2,680",$150.13,416 mi,7,$0.3609
PEK,USM,"2,679",$310.55,"2,271 mi",7,$0.1367
MNL,FPO,"2,677",$981.20,"9,026 mi",7,$0.1087
ICN,BUF,"2,674","$1,038.40","6,460 mi",7,$0.1607
HKG,BIO,"2,674","$1,032.09","6,582 mi",7,$0.1568
PVG,BSD,"2,673",$160.57,"1,482 mi",7,$0.1083
SIN,DAR,"2,673",$779.51,"4,367 mi",7,$0.1785
MFM,YVR,"2,672",$615.59,"6,209 mi",7,$0.0991
XMN,LLV,"2,672",$387.03,966 mi,7,$0.4007
PNH,LGW,"2,671",$454.46,"6,419 mi",7,$0.0708
SZX,KOJ,"2,670",$588.85,"1,178 mi",7,$0.4999
TPE,LIM,"2,670","$1,029.09","10,609 mi",7,$0.0970
USM,WAW,"2,670",$558.49,"5,079 mi",7,$0.1100
MNL,PBI,"2,670",$850.84,"8,979 mi",7,$0.0948
XMN,KCH,"2,670",$198.16,"1,726 mi",7,$0.1148
KBV,SNO,"2,669",$184.87,739 mi,7,$0.2502
BKK,GAJ,"2,669",$563.25,"2,870 mi",7,$0.1963
USM,BLR,"2,669",$316.21,"1,580 mi",7,$0.2001
NRT,PHS,"2,668",$202.79,"2,866 mi",7,$0.0708
DAD,MAA,"2,667",$253.95,"1,941 mi",7,$0.1308
SGN,BSL,"2,667",$476.36,"6,268 mi",7,$0.0760
TSN,YIN,"2,666",$235.91,"1,821 mi",7,$0.1295
BKK,KGD,"2,665",$409.26,"5,209 mi",7,$0.0786
CNX,CMB,"2,664",$180.61,"1,556 mi",7,$0.1161
DPS,USU,"2,663",$234.84,"1,437 mi",7,$0.1634
CGK,PTY,"2,662","$1,670.57","12,334 mi",7,$0.1354
ICN,GSO,"2,662","$1,168.72","7,292 mi",7,$0.1603
KHH,MXP,"2,661",$825.27,"5,892 mi",7,$0.1401
XMN,ORD,"2,660","$1,205.87","7,322 mi",7,$0.1647
ICN,RXS,"2,658",$165.75,"1,748 mi",7,$0.0948
KUL,JHG,"2,658",$115.07,"1,370 mi",7,$0.0840
BKK,GDN,"2,657",$421.07,"4,989 mi",7,$0.0844
BKK,TWU,"2,657",$138.02,"1,309 mi",7,$0.1054
HND,CWB,"2,657","$1,191.39","11,910 mi",7,$0.1000
MNL,AJF,"2,656",$381.91,"5,345 mi",7,$0.0715
MNL,KMQ,"2,656",$333.52,"1,839 mi",7,$0.1814
DPS,BAH,"2,655",$608.54,"4,806 mi",7,$0.1266
PVG,SDF,"2,654","$1,292.00","7,109 mi",7,$0.1817
SIN,RAK,"2,654","$1,093.45","7,229 mi",7,$0.1513
DMK,IPH,"2,654",$81.47,627 mi,7,$0.1299
HGH,MSQ,"2,654",$631.11,"4,512 mi",7,$0.1399
CGK,BOD,"2,653",$617.81,"7,144 mi",7,$0.0865
SZX,HSG,"2,651",$371.00,"1,202 mi",7,$0.3087
DMK,BTU,"2,650",$78.19,"1,162 mi",7,$0.0673
SGN,PNQ,"2,650",$204.21,"2,181 mi",7,$0.0936
SHE,TLQ,"2,649",$173.58,"1,695 mi",7,$0.1024
HGH,CDE,"2,648",$215.18,787 mi,7,$0.2734
ICN,PKU,"2,648",$326.40,"3,102 mi",7,$0.1052
HKG,NSN,"2,647",$855.79,"5,631 mi",7,$0.1520
NGO,OKD,"2,646",$77.45,602 mi,7,$0.1287
HAN,NNY,"2,645",$119.30,940 mi,7,$0.1269
MNL,AXT,"2,645",$345.63,"2,151 mi",7,$0.1607
PVG,MVD,"2,645","$1,446.82","12,517 mi",7,$0.1156
PKX,PRG,"2,645",$279.93,"4,518 mi",7,$0.0620
HKG,SKG,"2,644",$756.03,"5,121 mi",7,$0.1476
PKX,UTH,"2,644",$126.40,"1,785 mi",7,$0.0708
HGH,XIL,"2,642",$363.31,948 mi,7,$0.3832
BKK,ASF,"2,642",$283.62,"3,668 mi",7,$0.0773
HKG,ACC,"2,641","$1,117.98","7,358 mi",7,$0.1519
SUB,DEL,"2,641",$455.68,"3,335 mi",7,$0.1366
SIN,BAV,"2,639",$186.36,"2,652 mi",7,$0.0703
CEB,YWG,"2,639",$493.16,"7,818 mi",7,$0.0631
SZX,TWU,"2,639",$124.32,"1,338 mi",7,$0.0929
ICN,TYS,"2,637","$1,063.98","7,221 mi",7,$0.1473
HGH,DIG,"2,636",$152.62,"1,302 mi",7,$0.1172
NGO,PHX,"2,636","$1,121.87","6,130 mi",7,$0.1830
HKT,IPH,"2,635",$59.76,302 mi,7,$0.1979
MFM,NGO,"2,635",$164.92,"1,604 mi",7,$0.1028
HND,PUF,"2,634","$1,560.27","6,243 mi",7,$0.2499
CGK,LUN,"2,633","$1,267.38","5,163 mi",7,$0.2455
DPS,HUI,"2,633",$169.63,"1,757 mi",7,$0.0965
XMN,JGS,"2,633",$62.17,257 mi,7,$0.2419
PKX,OSS,"2,632",$197.46,"2,353 mi",7,$0.0839
HND,LJG,"2,631",$254.90,"2,473 mi",7,$0.1031
MNL,WGA,"2,631",$524.42,"3,960 mi",7,$0.1324
SGN,DGT,"2,630",$121.44,"1,103 mi",7,$0.1101
SIN,NPL,"2,630",$734.41,"5,382 mi",7,$0.1365
HKG,YHZ,"2,629","$1,400.08","8,025 mi",7,$0.1745
ICN,JJN,"2,629",$176.40,"1,020 mi",7,$0.1729
BKK,PBM,"2,629","$1,793.96","10,632 mi",7,$0.1687
NRT,LZH,"2,626",$202.64,"1,948 mi",7,$0.1040
ICN,PNS,"2,625","$1,181.94","7,045 mi",7,$0.1678
ICN,YXE,"2,625",$647.46,"5,303 mi",7,$0.1221
KBV,MXP,"2,625",$414.69,"5,657 mi",7,$0.0733
NGO,MEX,"2,625","$1,239.47","6,977 mi",7,$0.1777
PVG,TNH,"2,625",$143.56,821 mi,7,$0.1749
ICN,DRW,"2,624",$450.71,"3,562 mi",7,$0.1265
BKK,FLL,"2,624",$776.05,"9,980 mi",7,$0.0778
HND,ZUH,"2,623",$402.01,"1,789 mi",7,$0.2247
HAN,PDX,"2,622","$1,329.71","7,119 mi",7,$0.1868
SIN,PKN,"2,622",$239.29,582 mi,7,$0.4112
HAN,MYJ,"2,622",$313.99,"1,911 mi",7,$0.1643
BKK,SMF,"2,621",$689.06,"7,665 mi",7,$0.0899
SGN,SBW,"2,620",$94.83,674 mi,7,$0.1407
PKX,MSQ,"2,620",$311.53,"3,901 mi",7,$0.0799
DPS,CLJ,"2,618",$505.45,"6,526 mi",7,$0.0775
HAN,OPO,"2,618",$629.66,"6,617 mi",7,$0.0952
KUL,BIO,"2,618",$680.43,"6,612 mi",7,$0.1029
DPS,SCL,"2,616","$1,511.73","9,214 mi",7,$0.1641
PKX,OSL,"2,615",$302.49,"4,236 mi",7,$0.0714
PEK,PIT,"2,615","$1,619.88","6,567 mi",7,$0.2467
HKT,SGC,"2,614",$256.92,"4,009 mi",7,$0.0641
NRT,YIW,"2,613",$305.18,"1,225 mi",7,$0.2491
HKG,BTU,"2,611",$130.56,"1,367 mi",7,$0.0955
BKK,CLJ,"2,610",$447.82,"4,775 mi",7,$0.0938
HAN,CMN,"2,608",$523.13,"6,855 mi",7,$0.0763
ICN,SOC,"2,608",$341.51,"3,367 mi",7,$0.1014
CRK,SGN,"2,607",$415.27,954 mi,7,$0.4353
HKT,CHC,"2,607",$588.27,"6,004 mi",7,$0.0980
DMK,PKU,"2,606",$93.82,903 mi,7,$0.1039
TPE,MLA,"2,606",$878.34,"5,891 mi",7,$0.1491
BWN,PVG,"2,605",$370.82,"1,920 mi",7,$0.1931
PEN,YYZ,"2,605","$1,243.46","8,781 mi",7,$0.1416
SHE,SEA,"2,604",$661.72,"5,238 mi",7,$0.1263
PKX,SDK,"2,603",$194.39,"2,394 mi",7,$0.0812
BKK,GOX,"2,602",$130.47,"1,855 mi",7,$0.0703
CTU,ZHY,"2,602",$99.56,503 mi,7,$0.1979
SGN,BTR,"2,602",$493.68,"9,624 mi",7,$0.0513
SGN,SYR,"2,599",$504.88,"8,967 mi",7,$0.0563
HND,HUI,"2,596",$199.33,"2,303 mi",7,$0.0866
PVG,GBE,"2,596",$448.46,"7,625 mi",7,$0.0588
SGN,XNA,"2,596",$959.15,"8,641 mi",7,$0.1110
CRK,VIE,"2,596",$573.01,"6,244 mi",7,$0.0918
NRT,CVG,"2,595","$1,037.77","6,327 mi",7,$0.1640
CNX,CJU,"2,594",$167.99,"1,919 mi",7,$0.0875
BKK,GAU,"2,593",$139.01,"1,074 mi",7,$0.1294
DAD,TPA,"2,592",$649.11,"9,032 mi",7,$0.0719
SZX,HAM,"2,589",$404.99,"5,670 mi",7,$0.0714
PKX,TCZ,"2,588",$260.95,"1,405 mi",7,$0.1857
PKX,HAM,"2,587",$258.80,"4,522 mi",7,$0.0572
CTU,GMQ,"2,585",$64.93,328 mi,7,$0.1980
HAN,ONT,"2,584",$523.22,"7,439 mi",7,$0.0703
NRT,ELP,"2,581",$551.15,"6,257 mi",7,$0.0881
SIN,JAX,"2,581","$1,712.91","9,898 mi",7,$0.1731
DPS,YIW,"2,581",$321.18,"2,732 mi",7,$0.1176
CGK,MJU,"2,580",$208.94,860 mi,7,$0.2430
PEK,COO,"2,580",$944.63,"7,394 mi",7,$0.1278
TPE,GUA,"2,580",$875.99,"8,691 mi",7,$0.1008
DPS,MEX,"2,579","$1,228.28","9,731 mi",7,$0.1262
KUL,CXB,"2,577",$180.72,"1,492 mi",7,$0.1211
CGK,BRE,"2,576",$775.85,"6,677 mi",7,$0.1162
CGK,LJG,"2,576",$433.13,"2,237 mi",7,$0.1936
PVG,CTA,"2,575",$673.96,"5,918 mi",7,$0.1139
PVG,PDG,"2,575",$191.56,"2,701 mi",7,$0.0709
XMN,BPX,"2,575",$158.97,"1,390 mi",7,$0.1144
CAN,HAJ,"2,574",$380.76,"5,324 mi",7,$0.0715
CAN,KBL,"2,574",$799.05,"2,668 mi",7,$0.2995
SGN,MSQ,"2,573",$491.73,"4,998 mi",7,$0.0984
SZX,NBO,"2,572",$570.30,"5,256 mi",7,$0.1085
HKG,NPE,"2,572",$731.55,"6,064 mi",7,$0.1206
MNL,BOG,"2,572","$1,526.24","11,074 mi",7,$0.1378
MNL,USH,"2,572","$1,901.70","9,317 mi",7,$0.2041
NRT,BFV,"2,571",$203.07,"2,610 mi",7,$0.0778
SGN,XNN,"2,571",$115.28,"1,745 mi",7,$0.0661
CGK,STR,"2,570",$570.95,"6,669 mi",7,$0.0856
PVG,MGA,"2,570","$1,496.01","8,649 mi",7,$0.1730
KUL,DEN,"2,570","$1,504.40","9,323 mi",7,$0.1614
CGK,CJB,"2,569",$520.23,"2,427 mi",7,$0.2144
CGK,HET,"2,569",$330.71,"3,164 mi",7,$0.1045
SIN,AAL,"2,569",$933.46,"6,484 mi",7,$0.1440
SGN,BOD,"2,568",$492.06,"6,322 mi",7,$0.0778
PNH,LHW,"2,568",$111.00,"1,675 mi",7,$0.0663
ICN,SLP,"2,567",$821.67,"7,069 mi",7,$0.1162
KIX,ZYI,"2,567",$137.97,"1,763 mi",7,$0.0783
SIN,BWI,"2,567","$1,840.08","9,924 mi",7,$0.1854
HKG,LUX,"2,566","$1,288.17","5,968 mi",7,$0.2158
HND,LEJ,"2,565","$1,589.38","5,471 mi",7,$0.2905
WUH,DEL,"2,565",$401.92,"2,156 mi",7,$0.1864
XMN,BRU,"2,565",$284.89,"5,676 mi",7,$0.0502
BKK,SYO,"2,564",$578.75,"2,854 mi",7,$0.2028
CEB,HEL,"2,562",$618.30,"6,082 mi",7,$0.1017
KUL,IDR,"2,562",$132.68,"2,150 mi",7,$0.0617
PEK,JIB,"2,562",$729.31,"4,978 mi",7,$0.1465
SZX,KCZ,"2,561",$430.36,"1,465 mi",7,$0.2938
SZX,AAT,"2,560",$283.78,"2,308 mi",7,$0.1230
CKG,VIE,"2,560",$420.88,"4,867 mi",7,$0.0865
CKG,ZRH,"2,559",$464.99,"4,931 mi",7,$0.0943
BKK,NBC,"2,557",$281.53,"3,758 mi",7,$0.0749
KUL,IXM,"2,556",$55.44,"1,642 mi",7,$0.0338
HND,DSM,"2,555","$1,100.46","5,944 mi",7,$0.1851
KUL,MLA,"2,555",$653.04,"6,131 mi",7,$0.1065
CNX,UNN,"2,555",$78.72,641 mi,7,$0.1228
HKG,PMR,"2,555",$744.46,"6,042 mi",7,$0.1232
SIN,TIA,"2,554",$540.74,"5,683 mi",7,$0.0952
PEK,VKO,"2,553",$389.16,"3,722 mi",7,$0.1046
HKG,CYZ,"2,553",$72.93,650 mi,7,$0.1122
SIN,IXR,"2,553",$177.77,"2,025 mi",7,$0.0878
HKG,RAK,"2,552","$1,083.68","6,875 mi",7,$0.1576
SZX,OSL,"2,552",$326.84,"5,128 mi",7,$0.0637
CGK,UBP,"2,551",$107.84,"1,526 mi",7,$0.0707
NGO,KTI,"2,551",$261.97,"2,499 mi",7,$0.1048
CAN,GIZ,"2,551",$456.78,"4,702 mi",7,$0.0971
CRK,MAN,"2,550",$567.40,"6,424 mi",7,$0.0883
CKG,LOS,"2,550",$443.16,"6,579 mi",7,$0.0674
TPE,KKC,"2,550",$94.02,"1,370 mi",7,$0.0686
PVG,RMQ,"2,549",$172.85,467 mi,7,$0.3701
PVG,ZNZ,"2,549",$874.55,"5,825 mi",7,$0.1501
SZX,GRU,"2,549","$1,782.03","11,517 mi",7,$0.1547
MNL,PLZ,"2,548",$856.55,"7,290 mi",7,$0.1175
SGN,AGP,"2,547",$544.30,"7,110 mi",7,$0.0766
BKK,CKY,"2,547",$840.86,"7,428 mi",7,$0.1132
SZX,DAR,"2,547",$650.00,"5,270 mi",7,$0.1233
KBV,TRZ,"2,546",$106.50,"1,436 mi",7,$0.0742
TSN,BNE,"2,546",$564.91,"4,987 mi",7,$0.1133
KBV,NNT,"2,545",$131.15,772 mi,7,$0.1699
TSN,LZH,"2,544",$208.01,"1,165 mi",7,$0.1785
SGN,KUH,"2,544",$319.93,"3,068 mi",7,$0.1043
HGH,UCB,"2,543",$119.20,883 mi,7,$0.1350
NRT,TNR,"2,543","$1,093.59","7,340 mi",7,$0.1490
SIN,MIG,"2,543",$139.93,"2,016 mi",7,$0.0694
CRK,IAD,"2,542",$612.77,"8,775 mi",7,$0.0698
HKG,KBR,"2,542",$170.90,"1,399 mi",7,$0.1222
CKG,EDI,"2,542",$687.80,"5,398 mi",7,$0.1274
CGK,LIM,"2,541","$1,727.76","10,821 mi",7,$0.1597
HGH,EVN,"2,541",$468.61,"4,345 mi",7,$0.1079
NGO,WKJ,"2,540",$240.95,798 mi,7,$0.3019
PVG,SAV,"2,540","$1,547.01","8,047 mi",7,$0.1922
TSN,ACX,"2,540",$130.14,"1,172 mi",7,$0.1110
SGN,SDF,"2,538",$735.83,"9,227 mi",7,$0.0797
ICN,DAY,"2,537","$1,007.03","6,950 mi",7,$0.1449
HND,CID,"2,535",$800.31,"5,989 mi",7,$0.1336
TPE,JED,"2,535",$912.31,"5,279 mi",7,$0.1728
BKK,OUL,"2,533","$1,040.89","5,085 mi",7,$0.2047
KUL,BAV,"2,533",$91.23,"2,743 mi",7,$0.0333
KUL,ZHA,"2,532",$218.60,"1,383 mi",7,$0.1581
PNH,MUC,"2,532",$536.49,"5,589 mi",7,$0.0960
HKT,ARH,"2,531",$311.85,"4,638 mi",7,$0.0672
PVG,BEY,"2,531",$806.52,"5,018 mi",7,$0.1607
SZX,KMJ,"2,530",$287.12,"1,217 mi",7,$0.2359
PNH,CEI,"2,528",$108.04,648 mi,7,$0.1667
SZX,CMN,"2,527",$557.31,"6,765 mi",7,$0.0824
SIN,CGN,"2,525","$1,099.57","6,636 mi",7,$0.1657
ICN,CZX,"2,520",$160.09,523 mi,7,$0.3061
MNL,URT,"2,520",$136.49,"1,571 mi",7,$0.0869
HND,DSS,"2,520","$1,809.03","8,910 mi",7,$0.2030
PVG,TGD,"2,520",$568.12,"5,215 mi",7,$0.1089
CGK,UBN,"2,519",$720.28,"3,826 mi",7,$0.1883
HGH,BSD,"2,519",$159.43,"1,387 mi",7,$0.1149
CEB,XIY,"2,517",$177.49,"1,867 mi",7,$0.0951
PEK,NTE,"2,517","$1,378.24","5,156 mi",7,$0.2673
SGN,WLG,"2,517",$652.20,"5,451 mi",7,$0.1196
CGK,KUA,"2,517",$186.26,703 mi,7,$0.2650
KBV,RUH,"2,516",$472.66,"3,738 mi",7,$0.1264
PEK,UKB,"2,516",$266.20,"1,055 mi",7,$0.2523
HAN,DMM,"2,514",$543.30,"3,425 mi",7,$0.1586
HND,PWM,"2,514","$1,410.21","6,448 mi",7,$0.2187
PKX,GIZ,"2,514",$451.59,"4,491 mi",7,$0.1006
ICN,NTL,"2,513",$379.55,"4,968 mi",7,$0.0764
KNO,MFM,"2,511",$135.25,"1,663 mi",7,$0.0813
HND,AYT,"2,510",$726.22,"5,842 mi",7,$0.1243
SGN,HBA,"2,509",$491.17,"4,380 mi",7,$0.1121
CNX,BOS,"2,509","$1,095.96","8,409 mi",7,$0.1303
PEK,PHL,"2,509","$1,633.51","6,656 mi",7,$0.2454
SGN,OPO,"2,508",$991.45,"6,774 mi",7,$0.1464
HKT,STV,"2,508",$153.95,"1,868 mi",7,$0.0824
PNH,ONT,"2,507",$466.91,"7,984 mi",7,$0.0585
SZX,CKY,"2,507",$787.15,"8,488 mi",7,$0.0927
MNL,CUR,"2,506","$1,151.70","10,783 mi",7,$0.1068
DAD,USM,"2,506",$232.76,687 mi,7,$0.3388
BKK,RKT,"2,505",$309.13,"2,924 mi",7,$0.1057
DVO,JFK,"2,505",$696.78,"8,646 mi",7,$0.0806
NGO,UBN,"2,504",$340.61,"1,827 mi",7,$0.1864
BKK,IXG,"2,503",$109.04,"1,698 mi",7,$0.0642
PNH,ZHA,"2,503",$60.68,761 mi,7,$0.0797
LGK,PER,"2,503",$223.14,"2,939 mi",7,$0.0759
TSN,CDG,"2,503",$394.72,"5,010 mi",7,$0.0788
KUL,VNO,"2,502",$477.17,"5,357 mi",7,$0.0891
KNO,TIM,"2,502",$632.17,"2,603 mi",7,$0.2429
KIX,ITO,"2,500",$441.04,"4,196 mi",7,$0.1051
PVG,OHE,"2,499",$171.36,"1,460 mi",7,$0.1174
KUL,YTY,"2,499",$236.30,"2,297 mi",7,$0.1029
MFM,JFK,"2,498",$687.69,"7,830 mi",7,$0.0878
BKK,TOS,"2,497",$511.01,"5,291 mi",7,$0.0966
CAN,BJM,"2,497",$448.13,"6,107 mi",7,$0.0734
KUL,ELQ,"2,497",$320.91,"4,286 mi",7,$0.0749
TSN,NZH,"2,497",$154.45,699 mi,7,$0.2210
HKG,LST,"2,496",$570.05,"5,046 mi",7,$0.1130
HND,TUL,"2,496","$1,012.89","6,135 mi",7,$0.1651
HKG,GAJ,"2,496",$324.63,"1,860 mi",7,$0.1745
KHH,HEL,"2,496",$646.24,"5,203 mi",7,$0.1242
HAN,LCA,"2,494",$638.28,"4,278 mi",7,$0.1492
KBV,KMG,"2,494",$105.85,"1,240 mi",7,$0.0854
CKG,ACF,"2,493",$189.35,"1,559 mi",7,$0.1215
ICN,MDE,"2,493",$722.40,"9,381 mi",7,$0.0770
PEK,DSS,"2,493",$904.68,"7,854 mi",7,$0.1152
PVG,SYR,"2,490","$1,496.30","6,967 mi",7,$0.2148
KUL,GES,"2,489",$81.98,"1,578 mi",7,$0.0520
XMN,ENH,"2,488",$140.40,683 mi,7,$0.2056
ICN,DSM,"2,488",$861.52,"6,227 mi",7,$0.1384
SIN,JMU,"2,488",$110.60,"3,629 mi",7,$0.0305
CAN,SDJ,"2,487",$204.39,"1,861 mi",7,$0.1098
SIN,JER,"2,486","$1,414.94","7,077 mi",7,$0.1999
KHH,MAA,"2,484",$277.46,"2,796 mi",7,$0.0992
KIX,RDU,"2,484","$1,202.82","7,319 mi",7,$0.1643
TPE,BSL,"2,484",$851.35,"6,130 mi",7,$0.1389
SIN,VCS,"2,483",$154.37,557 mi,7,$0.2771
CTU,XIY,"2,483",$207.73,375 mi,7,$0.5539
KIX,NST,"2,483",$209.04,"2,777 mi",7,$0.0753
PEN,WUX,"2,483",$286.31,"2,298 mi",7,$0.1246
HKT,TBS,"2,482",$419.76,"4,101 mi",7,$0.1024
PKX,QYG,"2,482",$901.55,"4,684 mi",7,$0.1925
HKG,KRL,"2,481",$187.05,"2,029 mi",7,$0.0922
PVG,YTW,"2,479",$213.76,"2,378 mi",7,$0.0899
BKK,DCA,"2,478","$1,021.00","8,540 mi",7,$0.1196
KUL,EVN,"2,478",$462.68,"4,533 mi",7,$0.1021
ICN,VPS,"2,478","$1,123.10","7,063 mi",7,$0.1590
PEK,QYG,"2,478",$331.22,"4,387 mi",7,$0.0755
SGN,CNS,"2,477",$369.08,"3,186 mi",7,$0.1158
CTU,HTN,"2,476",$174.03,"1,405 mi",7,$0.1239
CGK,CGN,"2,475",$428.76,"6,752 mi",7,$0.0635
NRT,GEG,"2,475",$791.84,"4,792 mi",7,$0.1652
HKT,GRU,"2,474","$1,082.53","10,173 mi",7,$0.1064
MNL,TUS,"2,474",$688.74,"7,495 mi",7,$0.0919
KIX,KLO,"2,474",$113.47,"1,714 mi",7,$0.0662
SGN,BHM,"2,474",$622.70,"9,523 mi",7,$0.0654
BKK,FSZ,"2,473",$121.23,"2,666 mi",7,$0.0455
KBV,AMD,"2,472",$134.48,"2,091 mi",7,$0.0643
PEK,FYJ,"2,472",$191.58,"1,072 mi",7,$0.1787
KUL,CBR,"2,472","$1,343.73","4,159 mi",7,$0.3231
CNX,IST,"2,470",$290.76,"4,488 mi",7,$0.0648
HND,YIW,"2,470",$305.39,"1,189 mi",7,$0.2568
CGK,MEX,"2,469","$1,626.43","10,165 mi",7,$0.1600
KIX,MIA,"2,468","$1,561.56","7,899 mi",7,$0.1977
SIN,SZG,"2,468","$1,579.66","6,380 mi",7,$0.2476
MNL,PMO,"2,467",$501.92,"6,336 mi",7,$0.0792
PVG,APW,"2,466",$926.49,"5,212 mi",7,$0.1778
MNL,AVV,"2,465",$509.33,"3,818 mi",7,$0.1334
PVG,MPM,"2,465",$524.87,"7,291 mi",7,$0.0720
HKG,HTN,"2,464",$258.07,"2,334 mi",7,$0.1106
ICN,BZN,"2,463",$946.87,"5,835 mi",7,$0.1623
CKG,JNB,"2,463",$295.11,"6,268 mi",7,$0.0471
KIX,PHS,"2,462",$186.87,"2,552 mi",7,$0.0732
HKG,GYE,"2,460","$1,320.15","10,441 mi",7,$0.1264
TPE,IPH,"2,460",$271.63,"1,889 mi",7,$0.1438
ICN,DRS,"2,460",$866.94,"5,241 mi",7,$0.1654
KIX,TPA,"2,460",$895.11,"7,692 mi",7,$0.1164
PKX,KZN,"2,459",$235.73,"3,085 mi",7,$0.0764
SGN,AER,"2,459",$365.16,"4,405 mi",7,$0.0829
PEK,TNA,"2,459",$239.87,218 mi,7,$1.1003
CTU,DAC,"2,457",$211.34,982 mi,7,$0.2152
SIN,EBB,"2,456",$912.12,"4,795 mi",7,$0.1902
DAD,MXP,"2,454",$789.26,"6,050 mi",7,$0.1305
SZX,HLH,"2,454",$242.59,"1,640 mi",7,$0.1479
TPE,GOT,"2,453",$984.70,"5,255 mi",7,$0.1874
KHH,WNZ,"2,452",$128.08,381 mi,7,$0.3362
DPS,SJW,"2,451",$390.59,"3,346 mi",7,$0.1167
HND,TSV,"2,451","$1,388.58","3,928 mi",7,$0.3535
NGO,HFE,"2,451",$221.50,"1,193 mi",7,$0.1857
KIX,BOD,"2,450",$825.80,"6,116 mi",7,$0.1350
HND,BIQ,"2,449","$1,360.53","6,265 mi",7,$0.2172
MNL,PNR,"2,449",$679.54,"7,807 mi",7,$0.0870
SIN,IXA,"2,447",$150.17,"1,828 mi",7,$0.0821
BWN,IST,"2,447",$578.27,"5,621 mi",7,$0.1029
CKG,IKA,"2,447",$333.25,"3,309 mi",7,$0.1007
CNX,TYN,"2,447",$93.38,"1,502 mi",7,$0.0622
KUL,RAK,"2,446",$537.20,"7,051 mi",7,$0.0762
BKK,TUS,"2,445",$964.54,"8,899 mi",7,$0.1084
CKG,NDG,"2,445",$187.66,"1,476 mi",7,$0.1271
HKT,MMK,"2,445",$338.07,"5,248 mi",7,$0.0644
HND,YHZ,"2,444","$1,031.55","6,490 mi",7,$0.1589
SGN,KKC,"2,444",$87.94,483 mi,7,$0.1821
BKK,OZC,"2,443",$67.78,"1,659 mi",7,$0.0409
DPS,ZAM,"2,442",$97.46,"1,147 mi",7,$0.0850
RGN,IST,"2,442",$348.68,"4,418 mi",7,$0.0789
SGN,AKJ,"2,442",$438.48,"3,023 mi",7,$0.1450
MNL,BRI,"2,442",$555.56,"6,088 mi",7,$0.0913
PEN,ABQ,"2,441","$1,592.99","9,421 mi",7,$0.1691
BKK,SEZ,"2,441",$440.91,"3,250 mi",7,$0.1357
HKT,LCA,"2,440",$602.12,"4,333 mi",7,$0.1390
PEK,ADB,"2,438",$376.05,"4,705 mi",7,$0.0799
TPE,VLC,"2,438",$962.93,"6,804 mi",7,$0.1415
PVG,STN,"2,438",$827.62,"5,872 mi",7,$0.1409
CAN,QSZ,"2,437",$281.87,"2,291 mi",7,$0.1230
LGK,KHI,"2,436",$356.36,"2,581 mi",7,$0.1381
HKT,SDK,"2,435",$123.52,"1,322 mi",7,$0.0934
MNL,URC,"2,434",$432.02,"2,916 mi",7,$0.1482
SGN,JHG,"2,434",$93.64,837 mi,7,$0.1119
CAN,NCE,"2,433",$976.51,"6,037 mi",7,$0.1618
KIX,LUX,"2,433","$1,060.68","5,670 mi",7,$0.1871
SZX,ZQZ,"2,433",$147.22,"1,214 mi",7,$0.1213
CNX,DFW,"2,432",$697.59,"8,974 mi",7,$0.0777
SIN,SKP,"2,432",$417.72,"5,590 mi",7,$0.0747
DVO,YVR,"2,431",$666.67,"6,572 mi",7,$0.1014
SUB,PQC,"2,431",$121.98,"1,396 mi",7,$0.0874
HKG,SBW,"2,430",$185.93,"1,433 mi",7,$0.1297
PVG,RNO,"2,430","$1,349.31","5,975 mi",7,$0.2258
DPS,DGT,"2,428",$135.86,"1,328 mi",7,$0.1023
HND,KHI,"2,428",$589.09,"4,173 mi",7,$0.1412
HAN,OKJ,"2,427",$322.94,"1,882 mi",7,$0.1716
HGH,BPX,"2,427",$166.08,"1,346 mi",7,$0.1234
BKK,PEE,"2,426",$276.99,"3,716 mi",7,$0.0745
MNL,IZO,"2,426",$409.02,"1,670 mi",7,$0.2449
HKT,CXR,"2,425",$108.52,765 mi,7,$0.1419
XMN,JHB,"2,424",$191.20,"1,798 mi",7,$0.1063
MNL,DLA,"2,423",$712.48,"7,790 mi",7,$0.0915
DPS,LCA,"2,423",$779.07,"6,273 mi",7,$0.1242
CTU,JMU,"2,420",$218.37,"1,857 mi",7,$0.1176
MNL,QYG,"2,420",$394.32,"6,296 mi",7,$0.0626
HKT,WLG,"2,419",$584.58,"6,077 mi",7,$0.0962
NGO,LIM,"2,419",$643.27,"10,086 mi",7,$0.0638
DVO,VRC,"2,418",$40.52,442 mi,7,$0.0917
HKT,REN,"2,418",$269.04,"3,750 mi",7,$0.0717
HND,TRS,"2,418",$725.85,"5,719 mi",7,$0.1269
URC,HYN,"2,417",$277.81,"2,083 mi",7,$0.1334
HGH,URT,"2,417",$124.40,"1,943 mi",7,$0.0640
HKT,IXC,"2,417",$110.40,"2,151 mi",7,$0.0513
ICN,SAL,"2,416",$823.92,"7,985 mi",7,$0.1032
SZX,YYC,"2,416",$494.36,"6,375 mi",7,$0.0775
CKG,DAR,"2,416",$550.61,"4,976 mi",7,$0.1107
HAN,MCO,"2,415","$1,299.68","9,242 mi",7,$0.1406
MNL,TGD,"2,415",$789.67,"6,311 mi",7,$0.1251
BKK,DBV,"2,414",$833.68,"5,359 mi",7,$0.1556
CAN,BHX,"2,414",$928.57,"5,732 mi",7,$0.1620
PEK,SKG,"2,414",$293.80,"4,808 mi",7,$0.0611
DPS,AOR,"2,413",$118.34,"1,406 mi",7,$0.0842
KIX,NTL,"2,413",$454.71,"4,911 mi",7,$0.0926
TPE,LIH,"2,413","$1,127.97","5,108 mi",7,$0.2208
HND,AVL,"2,413","$1,022.12","7,031 mi",7,$0.1454
URC,DOY,"2,413",$186.67,"1,636 mi",7,$0.1141
SHE,ALA,"2,412",$384.48,"2,268 mi",7,$0.1695
HKG,MSY,"2,411","$1,722.48","8,736 mi",7,$0.1972
ICN,MJI,"2,411",$506.63,"5,770 mi",7,$0.0878
KNO,PER,"2,411",$279.36,"2,621 mi",7,$0.1066
HND,EVN,"2,410",$626.75,"4,795 mi",7,$0.1307
KIX,AMM,"2,410",$779.40,"5,319 mi",7,$0.1465
KIX,MSP,"2,410",$963.54,"6,358 mi",7,$0.1515
NRT,LJU,"2,409",$699.08,"6,027 mi",7,$0.1160
CEB,ANC,"2,408",$566.97,"5,299 mi",7,$0.1070
TPE,COK,"2,407",$470.33,"3,203 mi",7,$0.1468
LGK,SDK,"2,407",$142.39,"1,297 mi",7,$0.1098
PEN,VTE,"2,407",$126.05,863 mi,7,$0.1461
CNX,SJW,"2,406",$103.73,"1,696 mi",7,$0.0612
PVG,SHF,"2,406",$210.67,"2,068 mi",7,$0.1019
CAN,JNZ,"2,405",$236.26,"1,265 mi",7,$0.1868
HAN,MPH,"2,405",$119.46,"1,283 mi",7,$0.0931
PEK,IWK,"2,405",$309.19,925 mi,7,$0.3343
CGO,MAN,"2,404",$413.78,"5,108 mi",7,$0.0810
KUL,LYG,"2,403",$185.66,"2,386 mi",7,$0.0778
TPE,LXA,"2,403",$386.10,"1,937 mi",7,$0.1993
HAN,SUB,"2,402",$418.14,"1,971 mi",7,$0.2121
MNL,OMA,"2,402","$1,147.52","8,155 mi",7,$0.1407
BKK,UKB,"2,401",$734.37,"2,512 mi",7,$0.2923
MNL,BSL,"2,401",$598.91,"6,711 mi",7,$0.0892
CRK,PHX,"2,399",$510.69,"7,841 mi",7,$0.0651
PVG,CGD,"2,397",$123.19,608 mi,7,$0.2026
SIN,KLO,"2,396",$140.88,"1,491 mi",7,$0.0945
HND,KCH,"2,394",$405.57,"3,108 mi",7,$0.1305
PVG,KKC,"2,394",$107.78,"1,615 mi",7,$0.0667
PEK,SAL,"2,394","$1,367.55","8,641 mi",7,$0.1583
CEB,JJN,"2,393",$84.49,"1,030 mi",7,$0.0820
BKK,NNY,"2,392",$139.68,"1,482 mi",7,$0.0943
PEK,ROB,"2,392",$827.35,"7,558 mi",7,$0.1095
HKG,MPM,"2,391",$732.67,"6,570 mi",7,$0.1115
KUL,BLL,"2,391",$688.81,"6,346 mi",7,$0.1085
SHE,HNY,"2,390",$138.67,"1,154 mi",7,$0.1202
CAN,JIU,"2,388",$107.61,435 mi,7,$0.2474
HKG,MCY,"2,388",$677.99,"4,148 mi",7,$0.1634
CAN,DTW,"2,388","$1,038.60","7,547 mi",7,$0.1376
CAN,UBP,"2,387",$79.23,810 mi,7,$0.0978
CGK,INC,"2,386",$258.95,"3,163 mi",7,$0.0819
SGN,LNK,"2,385",$408.97,"8,823 mi",7,$0.0464
BKK,HSR,"2,384",$114.77,"2,099 mi",7,$0.0547
MFM,OKA,"2,384",$177.79,956 mi,7,$0.1860
SZX,MDC,"2,384",$126.85,"1,588 mi",7,$0.0799
HKT,MRV,"2,383",$509.36,"4,255 mi",7,$0.1197
HAN,TOY,"2,382",$273.98,"2,227 mi",7,$0.1230
HGH,NDG,"2,382",$152.69,"1,226 mi",7,$0.1245
SIN,USU,"2,382",$141.83,"1,291 mi",7,$0.1099
TPE,UTH,"2,381",$96.93,"1,338 mi",7,$0.0724
DMK,TGG,"2,380",$76.47,595 mi,7,$0.1285
PVG,OVB,"2,379",$211.47,"2,595 mi",7,$0.0815
SZX,ISB,"2,379",$570.36,"2,669 mi",7,$0.2137
KHH,MUC,"2,378",$608.64,"6,031 mi",7,$0.1009
SIN,MMY,"2,378",$513.07,"2,219 mi",7,$0.2312
KUL,OKJ,"2,377",$520.95,"2,933 mi",7,$0.1776
MNL,CCS,"2,377",$902.29,"10,298 mi",7,$0.0876
SIN,PPT,"2,377","$1,256.64","7,546 mi",7,$0.1665
CAN,URT,"2,376",$113.66,"1,400 mi",7,$0.0812
HND,MDT,"2,376",$754.43,"6,911 mi",7,$0.1092
ICN,PDG,"2,376",$261.88,"3,224 mi",7,$0.0812
SZX,SDK,"2,376",$119.71,"1,227 mi",7,$0.0976
CGK,GYD,"2,375",$814.75,"4,959 mi",7,$0.1643
BKK,DNH,"2,374",$122.98,"1,917 mi",7,$0.0642
CRK,SNO,"2,374",$87.74,"1,132 mi",7,$0.0775
HAN,HDY,"2,374",$110.85,"1,083 mi",7,$0.1024
MFM,UTH,"2,373",$78.97,752 mi,7,$0.1050
MNL,YIA,"2,373",$352.59,"1,773 mi",7,$0.1989
ICN,PMO,"2,372",$561.81,"5,878 mi",6,$0.0956
HND,MCT,"2,370","$1,642.00","4,977 mi",6,$0.3299
TSN,HLH,"2,370",$74.16,527 mi,6,$0.1407
LGK,CMB,"2,369",$139.18,"1,404 mi",6,$0.0991
NGO,SYX,"2,369",$129.82,"2,092 mi",6,$0.0621
NRT,KGL,"2,369",$919.49,"7,204 mi",6,$0.1276
KUL,KUH,"2,366",$265.43,"3,926 mi",6,$0.0676
DPS,CLT,"2,365","$1,203.95","10,034 mi",6,$0.1200
PEK,HZG,"2,365",$197.52,728 mi,6,$0.2713
DPS,BQB,"2,365",$219.75,"1,775 mi",6,$0.1238
NGO,DLI,"2,365",$164.38,"2,321 mi",6,$0.0708
PKX,AEB,"2,363",$139.66,"1,260 mi",6,$0.1108
CGK,MCY,"2,363",$607.31,"3,261 mi",6,$0.1862
PVG,MJI,"2,362",$529.46,"6,190 mi",6,$0.0855
ICN,IPH,"2,362",$369.19,"2,697 mi",6,$0.1369
ICN,SYO,"2,362",$287.24,708 mi,6,$0.4057
PKX,SSH,"2,361",$226.94,"4,758 mi",6,$0.0477
HKG,SJJ,"2,360",$550.45,"5,266 mi",6,$0.1045
HND,CAE,"2,359","$1,513.59","7,166 mi",6,$0.2112
CEB,TLV,"2,359",$668.02,"5,964 mi",6,$0.1120
HKG,KWI,"2,358","$1,502.53","3,957 mi",6,$0.3797
KUL,SDJ,"2,358",$842.36,"3,581 mi",6,$0.2352
KBV,LKO,"2,357",$137.70,"1,699 mi",6,$0.0810
CRK,AMS,"2,356",$475.56,"6,222 mi",6,$0.0764
PNH,MAN,"2,356",$605.69,"6,452 mi",6,$0.0939
HND,JTR,"2,356","$1,181.96","6,097 mi",6,$0.1939
NGO,LHE,"2,356",$360.37,"3,663 mi",6,$0.0984
PEK,BLL,"2,356",$556.40,"4,713 mi",6,$0.1181
SGN,YNZ,"2,356",$120.35,"1,729 mi",6,$0.0696
TPE,VDH,"2,356",$134.98,"1,108 mi",6,$0.1218
CNX,BNE,"2,356",$398.44,"4,682 mi",6,$0.0851
DPS,SHJ,"2,355",$270.52,"4,509 mi",6,$0.0600
BKK,BQS,"2,355",$247.31,"2,859 mi",6,$0.0865
NRT,OMA,"2,353",$935.73,"5,849 mi",6,$0.1600
CKG,ISB,"2,352",$454.48,"1,938 mi",6,$0.2345
SHE,OKA,"2,352",$89.60,"1,126 mi",6,$0.0796
NGO,GES,"2,351",$173.48,"2,055 mi",6,$0.0844
PEK,CLE,"2,351","$1,413.02","6,487 mi",6,$0.2178
KUL,AXT,"2,351",$426.06,"3,401 mi",6,$0.1253
HND,YWG,"2,350",$688.81,"5,752 mi",6,$0.1198
XMN,DQA,"2,349",$216.83,"1,535 mi",6,$0.1413
TPE,URT,"2,348",$139.53,"1,767 mi",6,$0.0790
NRT,ORF,"2,347",$867.83,"6,688 mi",6,$0.1298
PNH,CJU,"2,346",$176.05,"2,104 mi",6,$0.0837
CKG,YIE,"2,345",$151.51,"1,451 mi",6,$0.1044
BKK,TTJ,"2,344",$624.52,"2,487 mi",6,$0.2511
SGN,DRW,"2,344",$388.98,"2,242 mi",6,$0.1735
XMN,ZQZ,"2,344",$125.13,"1,100 mi",6,$0.1138
HKT,LST,"2,343",$361.57,"4,756 mi",6,$0.0760
TPE,ADB,"2,343",$976.45,"5,533 mi",6,$0.1765
DPS,GES,"2,343",$112.45,"1,268 mi",6,$0.0887
PVG,KKJ,"2,342",$220.18,586 mi,6,$0.3757
NRT,RVN,"2,341",$633.83,"4,717 mi",6,$0.1344
MNL,SDJ,"2,341",$235.23,"1,974 mi",6,$0.1192
PEK,SAW,"2,340",$160.38,"4,244 mi",6,$0.0378
BKK,IWJ,"2,340",$520.60,"2,345 mi",6,$0.2220
KBV,BER,"2,338",$412.51,"5,418 mi",6,$0.0761
DAD,KMG,"2,336",$113.37,734 mi,6,$0.1545
NGO,HET,"2,336",$117.03,"1,462 mi",6,$0.0800
CGK,BEG,"2,335",$783.29,"6,528 mi",6,$0.1200
HAN,MLE,"2,335",$293.19,"2,390 mi",6,$0.1227
PEN,PKU,"2,333",$66.40,354 mi,6,$0.1876
USM,GOT,"2,333",$430.22,"5,747 mi",6,$0.0749
CGO,OKA,"2,332",$128.49,"1,032 mi",6,$0.1245
KBV,WAW,"2,332",$294.79,"5,112 mi",6,$0.0577
SGN,STN,"2,331",$583.30,"6,123 mi",6,$0.0953
PVG,MSN,"2,330","$1,168.06","7,146 mi",6,$0.1635
XMN,LED,"2,330",$373.71,"4,833 mi",6,$0.0773
DPS,TLV,"2,329","$1,191.44","6,156 mi",6,$0.1935
PKX,DEL,"2,329",$275.61,"2,424 mi",6,$0.1137
KUL,VKO,"2,328",$362.75,"4,931 mi",6,$0.0736
USM,GLA,"2,328",$705.82,"6,036 mi",6,$0.1169
HND,DYG,"2,327",$199.25,"1,815 mi",6,$0.1098
HKT,VNS,"2,326",$100.03,"1,524 mi",6,$0.0656
HKT,YNT,"2,326",$93.84,"2,410 mi",6,$0.0389
RGN,DLC,"2,325",$247.12,"2,224 mi",6,$0.1111
HND,FAI,"2,325","$1,013.78","3,410 mi",6,$0.2973
PEN,CCU,"2,323",$143.02,"1,479 mi",6,$0.0967
SIN,UDR,"2,323",$232.00,"2,495 mi",6,$0.0930
BKK,ZAM,"2,322",$97.75,"1,567 mi",6,$0.0624
HAN,ISG,"2,322",$258.17,"1,230 mi",6,$0.2099
KIX,DTW,"2,321","$1,203.03","6,407 mi",6,$0.1878
CAN,SKG,"2,320",$431.07,"5,358 mi",6,$0.0805
CRK,TLV,"2,320",$608.83,"5,256 mi",6,$0.1158
TPE,AGP,"2,319",$763.79,"7,106 mi",6,$0.1075
HKG,CVG,"2,319","$2,096.20","8,271 mi",6,$0.2534
BKK,POZ,"2,318",$495.28,"5,060 mi",6,$0.0979
HKT,BRE,"2,317",$312.73,"5,924 mi",6,$0.0528
KBV,LIS,"2,317",$495.03,"7,027 mi",6,$0.0704
KUL,KOJ,"2,317",$969.37,"2,671 mi",6,$0.3629
HKT,EWR,"2,316","$1,553.43","8,759 mi",6,$0.1774
RGN,YNT,"2,315",$144.08,"2,143 mi",6,$0.0672
HKT,CTA,"2,314",$340.15,"5,673 mi",6,$0.0600
TPE,ASU,"2,314","$1,754.54","11,986 mi",6,$0.1464
KIX,RIS,"2,313",$197.15,786 mi,6,$0.2508
MNL,BOD,"2,312",$666.41,"7,162 mi",6,$0.0930
RGN,LSH,"2,312",$75.79,445 mi,6,$0.1703
SIN,GOX,"2,312",$158.99,"2,211 mi",6,$0.0719
HAN,MEX,"2,311",$918.75,"8,887 mi",6,$0.1034
ICN,ITO,"2,311",$524.43,"4,929 mi",6,$0.1064
BKK,BOI,"2,310",$745.39,"7,610 mi",6,$0.0979
KIX,UBP,"2,310",$197.57,"2,373 mi",6,$0.0833
MFM,LHR,"2,310",$324.29,"5,802 mi",6,$0.0559
PEN,LFT,"2,309",$851.67,"10,148 mi",6,$0.0839
TPE,VII,"2,309",$235.27,"1,121 mi",6,$0.2099
CTU,KCA,"2,309",$154.60,"1,352 mi",6,$0.1143
KIX,KOP,"2,309",$183.43,"2,290 mi",6,$0.0801
NRT,TRG,"2,308",$928.49,"5,400 mi",6,$0.1719
PVG,AYT,"2,308","$1,035.33","4,867 mi",6,$0.2127
MNL,TIA,"2,308",$730.66,"5,941 mi",6,$0.1230
SZX,HIJ,"2,308","$1,012.55","1,455 mi",6,$0.6959
BKK,TJM,"2,307",$365.42,"3,425 mi",6,$0.1067
PEN,PHX,"2,307","$2,389.44","8,756 mi",6,$0.2729
CGK,LYI,"2,307",$408.73,"3,034 mi",6,$0.1347
SUB,MCO,"2,307","$1,296.87","10,395 mi",6,$0.1248
CAN,CNS,"2,306",$505.67,"3,647 mi",6,$0.1387
HAN,KMI,"2,306",$357.25,"1,793 mi",6,$0.1992
HKT,GAU,"2,306",$83.41,"1,359 mi",6,$0.0614
SUB,MLE,"2,306",$265.10,"2,737 mi",6,$0.0969
PEN,ORD,"2,305","$1,495.07","8,856 mi",6,$0.1688
MNL,DIN,"2,305",$113.14,"1,237 mi",6,$0.0915
CGK,VLC,"2,303",$536.36,"7,621 mi",6,$0.0704
KBV,TWU,"2,302",$114.96,"1,380 mi",6,$0.0833
KUL,KMQ,"2,302",$376.07,"3,302 mi",6,$0.1139
MNL,CAG,"2,301",$812.47,"6,501 mi",6,$0.1250
CTU,BEG,"2,300",$328.15,"4,341 mi",6,$0.0756
SZX,JED,"2,300",$592.59,"4,863 mi",6,$0.1219
BKK,ALC,"2,299",$456.88,"6,417 mi",6,$0.0712
HND,THD,"2,299",$234.18,"2,414 mi",6,$0.0970
CKG,KRY,"2,298",$187.47,"1,553 mi",6,$0.1207
PVG,HIA,"2,298",$51.37,247 mi,6,$0.2080
PVG,VCA,"2,298",$183.48,"1,838 mi",6,$0.0998
KBV,KRK,"2,297",$373.51,"5,471 mi",6,$0.0683
NRT,VCS,"2,295",$290.62,"2,743 mi",6,$0.1059
CEB,RDU,"2,295",$769.76,"9,185 mi",6,$0.0838
KIX,KWJ,"2,295",$154.68,467 mi,6,$0.3312
SZX,BOS,"2,293","$1,718.47","8,173 mi",6,$0.2103
PEK,NKC,"2,292",$614.92,"7,600 mi",6,$0.0809
PKX,HUI,"2,291",$135.03,"1,631 mi",6,$0.0828
HGH,BLQ,"2,291",$217.08,"5,448 mi",6,$0.0398
NRT,LUX,"2,291",$874.13,"6,082 mi",6,$0.1437
SHE,ENH,"2,290",$134.92,"1,071 mi",6,$0.1260
SIN,FLL,"2,290","$2,345.06","10,205 mi",6,$0.2298
DAD,WUH,"2,289",$188.36,"1,054 mi",6,$0.1787
KIX,STR,"2,289",$957.25,"5,630 mi",6,$0.1700
KBV,MFM,"2,289",$103.29,"1,332 mi",6,$0.0775
PEK,YHZ,"2,288",$740.11,"6,763 mi",6,$0.1094
PKX,UBP,"2,288",$134.79,"1,870 mi",6,$0.0721
KUL,MMY,"2,288",$430.91,"2,121 mi",6,$0.2032
HKG,TSV,"2,287",$718.62,"3,519 mi",6,$0.2042
KIX,ADB,"2,287",$689.85,"5,456 mi",6,$0.1264
DAD,SHA,"2,285",$154.81,"1,374 mi",6,$0.1127
CGK,NUE,"2,284",$713.08,"6,586 mi",6,$0.1083
PEN,PDG,"2,284",$74.45,413 mi,6,$0.1803
NRT,RXS,"2,283",$180.49,"2,060 mi",6,$0.0876
RGN,SZX,"2,283",$209.82,"1,178 mi",6,$0.1781
NGO,SWA,"2,282",$159.16,"1,483 mi",6,$0.1073
SGN,LIT,"2,282",$652.44,"8,783 mi",6,$0.0743
HND,LIT,"2,281","$1,210.22","6,341 mi",6,$0.1909
HKG,DRW,"2,280",$587.14,"2,580 mi",6,$0.2276
KNO,UTH,"2,280",$96.96,956 mi,6,$0.1014
SUB,NGB,"2,280",$370.91,"2,713 mi",6,$0.1367
SIN,WGA,"2,280",$541.49,"3,659 mi",6,$0.1480
BKK,LAD,"2,279","$1,152.51","6,012 mi",6,$0.1917
CGK,AVV,"2,279",$481.03,"3,137 mi",6,$0.1533
CRK,CTS,"2,279",$187.71,"2,348 mi",6,$0.0799
HKG,TCZ,"2,279",$141.72,963 mi,6,$0.1472
NRT,CJB,"2,278",$502.40,"4,414 mi",6,$0.1138
NRT,DUD,"2,278",$804.42,"5,764 mi",6,$0.1396
ICN,JRO,"2,277",$618.46,"6,138 mi",6,$0.1008
SIN,HUZ,"2,277",$120.89,"1,709 mi",6,$0.0707
MNL,KWE,"2,277",$217.07,"1,275 mi",6,$0.1703
MFM,CDG,"2,275",$543.69,"5,776 mi",6,$0.0941
PVG,OOL,"2,273",$763.34,"4,460 mi",6,$0.1712
MNL,BAQ,"2,272","$1,341.13","10,686 mi",6,$0.1255
CAN,GUM,"2,272",$286.17,"2,234 mi",6,$0.1281
HKT,RMQ,"2,272",$251.56,"1,794 mi",6,$0.1402
HAN,NUE,"2,271",$356.22,"5,159 mi",6,$0.0690
PKX,OTP,"2,271",$468.04,"4,531 mi",6,$0.1033
HKG,LBJ,"2,270",$187.69,"2,101 mi",6,$0.0893
CEB,PEN,"2,270",$374.13,"1,708 mi",6,$0.2190
HND,AMM,"2,270","$1,061.39","5,489 mi",6,$0.1934
ICN,UTH,"2,270",$178.11,"2,056 mi",6,$0.0866
LGK,TGG,"2,270",$52.16,248 mi,6,$0.2103
URC,DSN,"2,269",$315.35,"1,226 mi",6,$0.2572
CGO,DEL,"2,269",$507.03,"2,256 mi",6,$0.2247
CKG,JIC,"2,269",$132.14,677 mi,6,$0.1952
HAN,DAR,"2,269",$689.70,"4,764 mi",6,$0.1448
SIN,HRE,"2,269",$737.33,"4,972 mi",6,$0.1483
NGO,TYS,"2,268","$2,464.30","7,099 mi",6,$0.3471
PEK,ENH,"2,268",$146.03,808 mi,6,$0.1807
PVG,CLJ,"2,268",$545.21,"5,187 mi",6,$0.1051
SIN,LEJ,"2,268",$852.08,"6,033 mi",6,$0.1412
HKG,CKY,"2,267",$874.65,"8,009 mi",6,$0.1092
ICN,TUG,"2,267",$119.72,"1,357 mi",6,$0.0882
SZX,CEI,"2,267",$96.44,888 mi,6,$0.1086
BKK,HZA,"2,266",$151.61,"1,809 mi",6,$0.0838
HAN,KZN,"2,266",$208.38,"3,836 mi",6,$0.0543
HGH,ADE,"2,266",$451.91,"4,765 mi",6,$0.0948
KHH,VCA,"2,265",$138.60,"1,335 mi",6,$0.1038
NGO,IKI,"2,265",$123.97,396 mi,6,$0.3131
SZX,TAE,"2,265",$206.34,"1,315 mi",6,$0.1569
CKG,PRG,"2,265",$145.76,"4,915 mi",6,$0.0297
NGO,HAK,"2,265",$145.46,"1,850 mi",6,$0.0786
HND,BCD,"2,264",$267.52,"1,949 mi",6,$0.1373
TPE,LZH,"2,264",$166.45,724 mi,6,$0.2299
BKK,GIZ,"2,262",$270.47,"3,753 mi",6,$0.0721
DPS,KEF,"2,262",$855.46,"8,343 mi",6,$0.1025
HKG,DPL,"2,262",$94.17,"1,169 mi",6,$0.0806
KHH,VII,"2,262",$280.17,955 mi,6,$0.2934
MNL,TRD,"2,262",$615.99,"5,741 mi",6,$0.1073
DPS,RDU,"2,261","$1,326.62","10,055 mi",6,$0.1319
KIX,DPL,"2,261",$168.23,"1,879 mi",6,$0.0895
SZX,TGG,"2,261",$113.62,"1,432 mi",6,$0.0793
MNL,MBA,"2,260",$775.30,"5,545 mi",6,$0.1398
PKX,OMS,"2,260",$337.10,"2,306 mi",6,$0.1462
BKK,CUN,"2,260",$767.90,"10,281 mi",6,$0.0747
TPE,WLG,"2,260",$735.77,"5,898 mi",6,$0.1247
BKK,EBL,"2,259",$593.86,"3,706 mi",6,$0.1602
PNH,PER,"2,259",$484.40,"3,186 mi",6,$0.1520
CGK,ILO,"2,259",$158.60,"1,644 mi",6,$0.0965
KUL,TKS,"2,259",$355.01,"2,939 mi",6,$0.1208
ICN,TUL,"2,258",$961.11,"6,471 mi",6,$0.1485
ICN,YQR,"2,258",$617.38,"5,448 mi",6,$0.1133
NRT,NQZ,"2,256",$763.98,"3,376 mi",6,$0.2263
BKK,PUJ,"2,256",$860.78,"10,391 mi",6,$0.0828
CRK,YWG,"2,256",$556.95,"7,164 mi",6,$0.0777
PEN,CJU,"2,256",$191.58,"2,652 mi",6,$0.0722
CAN,DUR,"2,254",$495.40,"6,763 mi",6,$0.0733
HND,SDQ,"2,254","$1,975.15","7,991 mi",6,$0.2472
KIX,YEG,"2,254",$679.59,"4,961 mi",6,$0.1370
SGN,PNS,"2,254",$682.40,"9,722 mi",6,$0.0702
KIX,GOT,"2,253",$551.19,"5,110 mi",6,$0.1079
DPS,NPL,"2,253",$565.58,"4,312 mi",6,$0.1312
PEK,IND,"2,253","$2,350.42","6,535 mi",6,$0.3597
NRT,HAV,"2,252","$1,111.27","7,282 mi",6,$0.1526
USM,HEL,"2,252",$581.41,"5,291 mi",6,$0.1099
PVG,ELP,"2,252","$1,101.95","6,853 mi",6,$0.1608
CGK,JAI,"2,250",$302.85,"2,980 mi",6,$0.1016
DPS,RMQ,"2,250",$377.66,"2,379 mi",6,$0.1587
SIN,ZHA,"2,250",$172.91,"1,504 mi",6,$0.1150
PEK,TPA,"2,250","$1,279.22","7,803 mi",6,$0.1639
SZX,KIJ,"2,248",$269.51,"1,779 mi",6,$0.1515
TSN,MLE,"2,248",$292.10,"3,540 mi",6,$0.0825
CAN,PHC,"2,247",$363.19,"7,320 mi",6,$0.0496
HND,MYR,"2,247","$1,276.25","7,250 mi",6,$0.1760
HKG,SOC,"2,247",$316.92,"2,134 mi",6,$0.1485
PEN,RDN,"2,247",$29.19,196 mi,6,$0.1489
PVG,JAX,"2,247","$1,804.25","8,144 mi",6,$0.2215
HGH,EBL,"2,246",$517.29,"4,193 mi",6,$0.1234
DPS,WUX,"2,246",$240.09,"2,886 mi",6,$0.0832
KUL,DUR,"2,245",$482.94,"5,312 mi",6,$0.0909
KUL,IWK,"2,245",$824.76,"2,839 mi",6,$0.2905
BKK,CCJ,"2,244",$121.79,"1,731 mi",6,$0.0704
PEK,UBJ,"2,244",$205.72,887 mi,6,$0.2319
KIX,PAG,"2,244",$182.28,"1,924 mi",6,$0.0947
NRT,NPL,"2,244",$831.99,"5,765 mi",6,$0.1443
SIN,POZ,"2,244",$784.07,"5,843 mi",6,$0.1342
ICN,CGD,"2,243",$78.82,"1,069 mi",6,$0.0737
KUL,MCO,"2,243","$1,198.40","10,581 mi",6,$0.1133
KUL,NTG,"2,239",$213.17,"2,310 mi",6,$0.0923
KUL,LUX,"2,238",$767.93,"6,510 mi",6,$0.1180
HND,BNK,"2,238",$845.38,"4,674 mi",6,$0.1809
XMN,LAS,"2,238",$505.57,"6,785 mi",6,$0.0745
HKT,TJM,"2,237",$256.21,"3,709 mi",6,$0.0691
PNH,NCE,"2,237",$487.19,"5,862 mi",6,$0.0831
SGN,CEI,"2,237",$94.28,798 mi,6,$0.1181
MFM,SDJ,"2,237",$215.75,"1,900 mi",6,$0.1136
MNL,MSJ,"2,236",$528.49,"2,251 mi",6,$0.2348
TSN,DLU,"2,236",$168.99,"1,398 mi",6,$0.1209
WUH,JNB,"2,236",$738.21,"7,106 mi",6,$0.1039
PEN,YVR,"2,235",$801.80,"8,094 mi",6,$0.0991
PVG,BUF,"2,235","$1,575.63","7,370 mi",6,$0.2138
PVG,RAK,"2,235","$1,888.24","7,209 mi",6,$0.2619
HGH,DUS,"2,235",$424.77,"5,684 mi",6,$0.0747
SIN,TIR,"2,234",$167.02,"1,818 mi",6,$0.0919
CAN,LLW,"2,232",$691.96,"5,772 mi",6,$0.1199
KBV,OTP,"2,232",$572.01,"5,135 mi",6,$0.1114
NGO,MAN,"2,232","$1,036.63","6,043 mi",6,$0.1715
CNX,IAD,"2,231",$964.78,"8,189 mi",6,$0.1178
KUL,UIH,"2,230",$227.24,950 mi,6,$0.2392
DPS,BXU,"2,229",$92.43,"1,456 mi",6,$0.0635
BKK,AKU,"2,228",$187.30,"2,200 mi",6,$0.0851
PEN,BOS,"2,228","$1,815.14","8,825 mi",6,$0.2057
WUH,CXR,"2,228",$103.60,"1,376 mi",6,$0.0753
HKG,CUN,"2,226",$922.77,"8,856 mi",6,$0.1042
ICN,NTE,"2,226",$901.44,"5,941 mi",6,$0.1517
ICN,RAK,"2,226",$641.43,"6,629 mi",6,$0.0968
KBV,AMS,"2,226",$507.90,"5,774 mi",6,$0.0880
SIN,BEJ,"2,226",$262.91,902 mi,6,$0.2915
CGK,BIO,"2,224",$792.10,"7,714 mi",6,$0.1027
CNX,FCO,"2,224",$390.82,"5,042 mi",6,$0.0775
SZX,NDG,"2,224",$279.47,"1,844 mi",6,$0.1516
TPE,AMM,"2,223",$650.33,"5,219 mi",6,$0.1246
SZX,BMV,"2,222",$154.95,808 mi,6,$0.1918
DPS,BIO,"2,222",$799.91,"7,793 mi",6,$0.1026
KIX,HLD,"2,222",$149.17,"1,250 mi",6,$0.1193
MFM,NST,"2,221",$85.77,"1,345 mi",6,$0.0638
CAN,WDH,"2,221",$693.33,"6,954 mi",6,$0.0997
NRT,LUN,"2,221","$1,433.40","8,294 mi",6,$0.1728
HND,NTG,"2,220",$329.31,"1,137 mi",6,$0.2896
ICN,SZG,"2,220",$443.06,"5,107 mi",6,$0.0868
KIX,MCI,"2,220",$981.48,"6,233 mi",6,$0.1575
HGH,KNO,"2,218",$206.19,"2,246 mi",6,$0.0918
ICN,SPU,"2,218",$614.10,"5,497 mi",6,$0.1117
TPE,TAS,"2,217",$569.34,"3,058 mi",6,$0.1862
HKG,ASJ,"2,216",$164.33,"1,040 mi",6,$0.1580
NRT,ROI,"2,216",$198.50,"2,547 mi",6,$0.0779
SIN,IXJ,"2,216",$240.93,"2,789 mi",6,$0.0864
SZX,ACC,"2,216",$791.32,"7,800 mi",6,$0.1015
URC,FEG,"2,216",$113.31,866 mi,6,$0.1308
HKT,BBI,"2,216",$65.06,"1,148 mi",6,$0.0567
PKX,SBW,"2,216",$167.37,"2,510 mi",6,$0.0667
CGK,LKO,"2,215",$202.36,"2,766 mi",6,$0.0732
NRT,ESB,"2,215",$939.62,"5,292 mi",6,$0.1776
PEK,LUM,"2,215",$158.59,"1,551 mi",6,$0.1023
BKK,ARH,"2,215",$297.81,"4,629 mi",6,$0.0643
URC,SKD,"2,215",$167.27,"1,058 mi",6,$0.1581
HKG,CTA,"2,214","$1,177.47","5,578 mi",6,$0.2111
SIN,AVV,"2,214",$715.91,"3,636 mi",6,$0.1969
CGO,DNH,"2,213",$145.73,"1,146 mi",6,$0.1272
NGO,ATL,"2,213","$1,163.50","6,794 mi",6,$0.1713
RGN,MED,"2,211",$481.27,"3,550 mi",6,$0.1356
PNH,BNE,"2,210",$445.71,"4,079 mi",6,$0.1093
HKG,DMM,"2,210",$908.97,"3,883 mi",6,$0.2341
SGN,ISG,"2,210",$208.47,"1,533 mi",6,$0.1360
SIN,ALC,"2,210",$783.59,"7,152 mi",6,$0.1096
KIX,SKG,"2,210",$563.15,"5,874 mi",6,$0.0959
CAN,TCG,"2,208",$287.68,"2,242 mi",6,$0.1283
HND,SRQ,"2,208","$1,997.76","7,067 mi",6,$0.2827
HKG,UIO,"2,208","$1,187.34","11,016 mi",6,$0.1078
NGO,URC,"2,208",$443.09,"2,746 mi",6,$0.1614
MFM,SVO,"2,207",$257.26,"4,564 mi",6,$0.0564
SGN,BEG,"2,207",$390.02,"5,350 mi",6,$0.0729
CNX,CCU,"2,206",$98.93,752 mi,6,$0.1316
PEN,SEA,"2,206","$1,285.01","8,207 mi",6,$0.1566
PVG,YUS,"2,206",$194.92,"1,491 mi",6,$0.1307
NRT,NNT,"2,205",$202.65,"2,595 mi",6,$0.0781
PEN,LHW,"2,205",$203.77,"2,232 mi",6,$0.0913
SGN,OBO,"2,205",$225.55,"3,204 mi",6,$0.0704
HND,CAY,"2,204","$1,352.54","9,824 mi",6,$0.1377
TPE,GDL,"2,204",$918.55,"7,849 mi",6,$0.1170
BKK,LLA,"2,204",$451.93,"4,883 mi",6,$0.0926
DVO,XMN,"2,204",$162.13,"1,263 mi",6,$0.1284
ICN,LEX,"2,204","$1,273.99","6,651 mi",6,$0.1915
KIX,RNO,"2,203",$984.30,"5,278 mi",6,$0.1865
SHE,DOH,"2,203",$138.68,"4,048 mi",6,$0.0343
CRK,YUL,"2,201",$577.82,"8,396 mi",6,$0.0688
MNL,BOI,"2,201",$724.78,"6,832 mi",6,$0.1061
MFM,YYZ,"2,201",$815.20,"8,046 mi",6,$0.1013
HGH,KAN,"2,200",$281.21,"6,845 mi",6,$0.0411
HKG,SAW,"2,200",$598.30,"4,804 mi",6,$0.1245
NRT,ZHA,"2,200",$209.89,"1,986 mi",6,$0.1057
NRT,ALG,"2,199",$986.40,"6,524 mi",6,$0.1512
PKX,ISU,"2,199",$366.69,"3,915 mi",6,$0.0937
TPE,BHY,"2,199",$197.38,772 mi,6,$0.2557
CEB,NKG,"2,199",$146.58,"1,471 mi",6,$0.0996
HAN,CEI,"2,199",$95.93,405 mi,6,$0.2369
KUL,HSG,"2,198",$490.98,"2,881 mi",6,$0.1704
SGN,KMI,"2,198",$275.26,"2,084 mi",6,$0.1321
MNL,TKS,"2,197",$780.08,"1,647 mi",6,$0.4736
DPS,TFN,"2,196",$850.36,"9,280 mi",6,$0.0916
SIN,KOP,"2,196",$95.50,"1,141 mi",6,$0.0837
TSN,XIC,"2,196",$130.69,"1,196 mi",6,$0.1093
CGK,HYN,"2,195",$307.20,"2,513 mi",6,$0.1222
SZX,EDI,"2,195",$430.06,"6,067 mi",6,$0.0709
DPS,NNG,"2,194",$417.87,"2,285 mi",6,$0.1829
SGN,BIO,"2,194",$434.38,"6,457 mi",6,$0.0673
CAN,VCL,"2,193",$136.22,608 mi,6,$0.2240
ICN,HUZ,"2,192",$150.15,"1,256 mi",6,$0.1195
ICN,MMY,"2,192",$348.51,853 mi,6,$0.4086
PKX,BAH,"2,192",$428.64,"3,724 mi",6,$0.1151
PNH,FCO,"2,192",$531.38,"5,996 mi",6,$0.0886
SGN,YIA,"2,192",$238.72,"1,354 mi",6,$0.1763
ICN,MGM,"2,191","$1,128.02","6,957 mi",6,$0.1621
CKG,LED,"2,191",$292.06,"3,881 mi",6,$0.0753
KIX,PMO,"2,190",$469.47,"6,386 mi",6,$0.0735
CGO,BOM,"2,190",$475.86,"2,637 mi",6,$0.1805
SZX,JGD,"2,190",$237.35,"1,936 mi",6,$0.1226
KIX,EZE,"2,189","$1,188.79","11,303 mi",6,$0.1052
SHE,MAN,"2,189",$227.31,"5,280 mi",6,$0.0431
XMN,CGD,"2,188",$114.30,486 mi,6,$0.2352
BWN,DTB,"2,188",$100.97,"1,082 mi",6,$0.0933
CGK,GIG,"2,188","$1,914.43","9,297 mi",6,$0.2059
CAN,UPG,"2,187",$211.10,"1,951 mi",6,$0.1082
CTU,ZHA,"2,187",$186.10,774 mi,6,$0.2404
TPE,DRS,"2,186","$1,106.69","5,416 mi",6,$0.2043
DPS,HET,"2,185",$188.40,"3,536 mi",6,$0.0533
SIN,VRC,"2,185",$157.91,"1,570 mi",6,$0.1006
HND,TAG,"2,184",$270.57,"2,112 mi",6,$0.1281
KUL,MSP,"2,184","$1,032.18","9,290 mi",6,$0.1111
MNL,LHW,"2,184",$213.53,"1,917 mi",6,$0.1114
PEK,GUM,"2,184",$251.03,"2,434 mi",6,$0.1031
HAN,MIA,"2,183","$1,290.67","9,437 mi",6,$0.1368
BKK,DOY,"2,183",$126.28,"1,925 mi",6,$0.0656
CRK,NGO,"2,182",$328.78,"1,743 mi",6,$0.1886
PEK,KMQ,"2,182",$194.71,"1,136 mi",6,$0.1714
CGK,KMI,"2,181",$537.87,"2,999 mi",6,$0.1793
ICN,ALB,"2,181","$1,117.90","6,952 mi",6,$0.1608
HKT,INC,"2,179",$58.43,"2,083 mi",6,$0.0281
PVG,COV,"2,179",$473.19,"4,661 mi",6,$0.1015
CRK,SJI,"2,179",$61.64,204 mi,6,$0.3022
HND,SPN,"2,179",$299.70,"1,415 mi",6,$0.2118
ICN,UIO,"2,179","$1,317.75","9,128 mi",6,$0.1444
SGN,MMB,"2,179",$280.74,"3,098 mi",6,$0.0906
BKK,GOP,"2,178",$106.37,"1,393 mi",6,$0.0764
PKX,OIT,"2,177",$238.89,974 mi,6,$0.2453
DPS,LHW,"2,177",$228.56,"3,120 mi",6,$0.0733
HND,SRG,"2,176",$620.20,"3,400 mi",6,$0.1824
KNO,FUK,"2,176",$520.55,"2,813 mi",6,$0.1851
RGN,FCO,"2,175",$435.18,"4,983 mi",6,$0.0873
SGN,RIC,"2,175",$728.37,"9,361 mi",6,$0.0778
USM,DOH,"2,175",$393.65,"3,252 mi",6,$0.1210
SZX,BEG,"2,174",$555.41,"5,135 mi",6,$0.1082
CKG,SAI,"2,174",$107.12,"1,174 mi",6,$0.0912
KNO,KKC,"2,173",$98.15,953 mi,6,$0.1030
SGN,UBJ,"2,173",$413.11,"2,162 mi",6,$0.1911
HAN,RDU,"2,172","$1,033.96","8,734 mi",6,$0.1184
MNL,KTA,"2,172",$845.06,"2,524 mi",6,$0.3348
WUH,PQC,"2,172",$145.61,"1,521 mi",6,$0.0957
MNL,PHS,"2,171",$131.45,"1,346 mi",6,$0.0977
ICN,TGG,"2,170",$193.09,"2,740 mi",6,$0.0705
BKK,YHZ,"2,170",$986.06,"8,519 mi",6,$0.1157
HND,CHA,"2,170","$1,130.68","6,967 mi",6,$0.1623
SIN,NQZ,"2,169",$966.23,"4,037 mi",6,$0.2393
HKT,MCY,"2,168",$455.50,"4,252 mi",6,$0.1071
BKK,VGA,"2,168",$82.34,"1,385 mi",6,$0.0595
PEN,PDX,"2,168","$1,600.16","8,283 mi",6,$0.1932
SIN,SUV,"2,168","$1,134.62","5,393 mi",6,$0.2104
PVG,DSM,"2,166","$2,324.73","6,722 mi",6,$0.3458
SIN,SAT,"2,166","$1,616.48","9,543 mi",6,$0.1694
ICN,LIT,"2,165",$920.02,"6,659 mi",6,$0.1382
DPS,AUS,"2,164","$1,152.88","9,555 mi",6,$0.1207
SGN,ALA,"2,164",$329.61,"2,776 mi",6,$0.1187
SGN,BCD,"2,164",$100.09,"1,144 mi",6,$0.0875
KUL,CGP,"2,164",$233.34,"1,547 mi",6,$0.1508
BKK,JDH,"2,163",$151.42,"2,051 mi",6,$0.0738
HAN,BLL,"2,163",$378.56,"5,107 mi",6,$0.0741
NGO,KWL,"2,162",$136.21,"1,779 mi",6,$0.0766
CRK,UTH,"2,162",$79.34,"1,224 mi",6,$0.0648
KUL,HLD,"2,161",$166.30,"3,484 mi",6,$0.0477
URC,SFO,"2,161",$760.66,"6,307 mi",6,$0.1206
KUL,DJJ,"2,161",$441.98,"2,624 mi",6,$0.1684
CRK,ZRH,"2,160",$811.72,"6,615 mi",6,$0.1227
HAN,AUH,"2,160",$364.85,"3,150 mi",6,$0.1158
NGO,BNA,"2,160","$1,377.71","6,586 mi",6,$0.2092
HKT,GDX,"2,159",$336.18,"4,347 mi",6,$0.0773
SIN,TBB,"2,159",$183.44,860 mi,6,$0.2133
KIX,TRN,"2,158",$770.03,"6,215 mi",6,$0.1239
PVG,KGL,"2,158",$663.86,"6,195 mi",6,$0.1072
KUL,YIH,"2,157",$257.70,"2,086 mi",6,$0.1235
PEN,VIE,"2,157",$692.74,"5,825 mi",6,$0.1189
CGK,KCZ,"2,156",$465.33,"3,164 mi",6,$0.1471
CGO,BPL,"2,156",$200.94,"1,863 mi",6,$0.1079
ICN,BHM,"2,155","$1,010.73","6,871 mi",6,$0.1471
BWN,DAC,"2,155",$392.17,"2,153 mi",6,$0.1822
SGN,LCA,"2,155",$957.30,"4,689 mi",6,$0.2042
SGN,MLE,"2,153",$407.56,"2,382 mi",6,$0.1711
TPE,NAP,"2,153",$781.09,"6,086 mi",6,$0.1283
TPE,SDK,"2,153",$128.32,"1,381 mi",6,$0.0929
MNL,CFU,"2,152",$750.34,"5,970 mi",6,$0.1257
CRK,DFW,"2,152",$583.31,"8,539 mi",6,$0.0683
HKT,NBO,"2,151",$476.55,"4,405 mi",6,$0.1082
CKG,ARN,"2,151",$269.08,"4,292 mi",6,$0.0627
SGN,YHZ,"2,150",$807.73,"8,283 mi",6,$0.0975
SIN,PKY,"2,150",$199.84,709 mi,6,$0.2819
HGH,IAD,"2,150","$1,075.29","7,294 mi",6,$0.1474
HKG,UTH,"2,150",$101.61,775 mi,6,$0.1311
NRT,UIO,"2,150","$1,608.92","8,669 mi",6,$0.1856
URC,CDG,"2,150",$777.52,"3,955 mi",6,$0.1966
PKX,URT,"2,150",$202.63,"2,425 mi",6,$0.0836
DAD,RDU,"2,149",$656.09,"9,085 mi",6,$0.0722
HND,ACC,"2,149","$1,728.96","8,327 mi",6,$0.2076
BKK,DBR,"2,149",$87.53,"1,331 mi",6,$0.0658
PVG,GSO,"2,149","$1,645.44","7,355 mi",6,$0.2237
BKK,DED,"2,148",$120.90,"1,890 mi",6,$0.0640
HND,LGK,"2,148",$421.85,"3,338 mi",6,$0.1264
TPE,JHG,"2,148",$213.47,"1,274 mi",6,$0.1676
HAN,LAS,"2,146",$775.14,"7,888 mi",6,$0.0983
TPE,SCL,"2,146","$1,425.40","11,168 mi",6,$0.1276
XMN,NBS,"2,146",$140.88,"1,366 mi",6,$0.1031
BKK,JRO,"2,145",$490.12,"4,384 mi",6,$0.1118
HND,MAO,"2,144","$2,647.24","10,153 mi",6,$0.2607
ICN,UBP,"2,144",$171.82,"2,085 mi",6,$0.0824
PKX,BOS,"2,144","$1,114.90","6,557 mi",6,$0.1700
CGK,LYG,"2,143",$288.59,"2,830 mi",6,$0.1020
SIN,ALG,"2,143","$1,590.99","6,554 mi",6,$0.2428
MNL,TRZ,"2,142",$354.66,"2,946 mi",6,$0.1204
NRT,ROK,"2,142",$587.23,"4,015 mi",6,$0.1463
CAN,WLG,"2,141",$503.75,"5,775 mi",6,$0.0872
CKG,GMP,"2,141",$104.70,"1,314 mi",6,$0.0797
MNL,ABQ,"2,141",$725.38,"8,039 mi",6,$0.0902
MNL,CCJ,"2,141",$621.00,"3,131 mi",6,$0.1983
DPS,CGN,"2,141",$870.89,"7,694 mi",6,$0.1132
HND,BTR,"2,141","$1,704.09","7,003 mi",6,$0.2433
ICN,YIW,"2,141",$130.80,652 mi,6,$0.2006
NRT,MPM,"2,140","$1,612.01","8,440 mi",6,$0.1910
TPE,PKU,"2,139",$210.64,"2,089 mi",6,$0.1008
BKK,SVQ,"2,138",$769.70,"6,328 mi",6,$0.1216
DPS,FLL,"2,138",$957.87,"10,547 mi",6,$0.0908
HND,BHD,"2,138","$1,487.15","6,057 mi",6,$0.2455
SGN,HIA,"2,137",$79.84,"1,719 mi",6,$0.0464
PKX,CEI,"2,137",$110.97,"1,620 mi",6,$0.0685
TPE,BIO,"2,136",$852.96,"6,728 mi",6,$0.1268
PKX,ADD,"2,135",$292.51,"5,011 mi",6,$0.0584
SGN,MYY,"2,135",$137.40,693 mi,6,$0.1983
PNH,MAD,"2,134",$546.36,"6,835 mi",6,$0.0799
CNX,DEN,"2,134",$577.87,"8,351 mi",6,$0.0692
MNL,PNS,"2,134",$910.05,"9,070 mi",6,$0.1003
USM,EDI,"2,134",$451.86,"5,997 mi",6,$0.0753
SGN,TYS,"2,133",$549.54,"9,415 mi",6,$0.0584
SIN,LAE,"2,133",$907.25,"2,908 mi",6,$0.3120
KUL,ZYL,"2,133",$179.85,"1,619 mi",6,$0.1111
MFM,SUB,"2,133",$166.57,"1,980 mi",6,$0.0841
PEK,SCO,"2,133",$357.26,"3,186 mi",6,$0.1121
PKX,BRU,"2,133",$356.92,"4,813 mi",6,$0.0742
PVG,KAN,"2,133",$466.65,"6,895 mi",6,$0.0677
BKK,MMK,"2,132",$341.32,"4,937 mi",6,$0.0691
PEK,WUS,"2,132",$248.12,833 mi,6,$0.2979
PVG,UBP,"2,131",$109.17,"1,579 mi",6,$0.0691
BKK,ABV,"2,130",$613.67,"6,113 mi",6,$0.1004
KIX,NCL,"2,130",$739.10,"5,578 mi",6,$0.1325
PNH,ATL,"2,129",$926.23,"8,977 mi",6,$0.1032
BWN,VNS,"2,129",$247.04,"2,475 mi",6,$0.0998
HAN,XFN,"2,128",$125.64,880 mi,6,$0.1428
HKT,BEY,"2,128",$488.17,"4,482 mi",6,$0.1089
NGO,TAC,"2,127",$130.16,"1,739 mi",6,$0.0748
SUB,PUS,"2,127",$587.81,"3,217 mi",6,$0.1827
TPE,GAY,"2,127",$211.50,"2,199 mi",6,$0.0962
PVG,BTU,"2,126",$196.71,"1,958 mi",6,$0.1005
USM,STR,"2,126",$437.76,"5,589 mi",6,$0.0783
KIX,TST,"2,126",$209.34,"2,841 mi",6,$0.0737
TPE,LOP,"2,126",$226.33,"2,432 mi",6,$0.0931
CTU,UBN,"2,125",$230.30,"1,225 mi",6,$0.1880
KUL,IWJ,"2,125",$679.64,"2,844 mi",6,$0.2390
CNX,BER,"2,125",$560.44,"5,159 mi",6,$0.1086
KUL,ABJ,"2,124",$692.74,"7,493 mi",6,$0.0925
PEK,FRU,"2,124",$254.11,"2,098 mi",6,$0.1211
PVG,KTW,"2,124",$679.84,"4,946 mi",6,$0.1375
DPS,BTU,"2,122",$96.74,808 mi,6,$0.1197
MNL,AOJ,"2,122",$386.01,"2,229 mi",6,$0.1732
SZX,ZRH,"2,122",$798.53,"5,916 mi",6,$0.1350
PEK,CCU,"2,121",$416.85,"1,975 mi",6,$0.2111
PKX,PER,"2,121",$505.89,"5,085 mi",6,$0.0995
PEK,NIM,"2,121",$948.30,"6,639 mi",6,$0.1428
PVG,PMO,"2,121",$389.79,"5,980 mi",6,$0.0652
CGK,DAR,"2,120","$1,223.74","4,488 mi",6,$0.2727
SIN,MSJ,"2,120","$2,102.33","3,689 mi",6,$0.5699
URC,YYZ,"2,120",$914.21,"6,523 mi",6,$0.1402
URC,VKO,"2,119",$238.66,"2,393 mi",6,$0.0997
CTU,WHA,"2,118",$260.08,847 mi,6,$0.3071
HND,NQZ,"2,118",$560.09,"3,359 mi",6,$0.1667
HGH,DUB,"2,117",$734.01,"6,010 mi",6,$0.1221
PVG,YHZ,"2,116","$1,795.93","6,958 mi",6,$0.2581
MNL,POA,"2,115","$1,120.53","11,594 mi",6,$0.0966
HGH,HMI,"2,115",$252.91,"1,660 mi",6,$0.1524
ICN,YBP,"2,115",$214.24,"1,439 mi",6,$0.1489
PEN,CPH,"2,114",$906.19,"5,649 mi",6,$0.1604
CGK,TST,"2,114",$78.59,"1,028 mi",6,$0.0764
NRT,RAR,"2,114","$1,013.82","5,712 mi",6,$0.1775
SZX,YTW,"2,114",$224.56,"2,207 mi",6,$0.1017
ICN,MSO,"2,113","$1,810.83","5,346 mi",6,$0.3387
TPE,CGN,"2,112",$795.09,"6,015 mi",6,$0.1322
CNX,GVA,"2,112",$403.04,"5,585 mi",6,$0.0722
SUB,TAO,"2,112",$354.17,"2,967 mi",6,$0.1194
PEN,YIW,"2,110",$189.33,"2,040 mi",6,$0.0928
BKK,KRW,"2,109",$284.72,"3,507 mi",6,$0.0812
HGH,KGL,"2,109",$363.89,"6,115 mi",6,$0.0595
ICN,BRI,"2,108",$599.53,"5,263 mi",6,$0.1139
KBV,AUH,"2,107",$243.46,"3,226 mi",6,$0.0755
KUL,HIA,"2,107",$161.36,"2,348 mi",6,$0.0687
SGN,KWL,"2,105",$83.81,"1,050 mi",6,$0.0798
SZX,LOP,"2,105",$155.53,"2,111 mi",6,$0.0737
KNO,MLE,"2,105",$148.27,"1,695 mi",6,$0.0875
DVO,MFM,"2,104",$116.98,"1,351 mi",6,$0.0866
SZX,FKS,"2,104",$352.16,"1,819 mi",6,$0.1936
DPS,BRI,"2,104","$1,145.79","7,263 mi",6,$0.1578
HKG,PPT,"2,104","$1,143.38","6,860 mi",6,$0.1667
PEK,BKO,"2,104",$851.88,"7,136 mi",6,$0.1194
CNX,HYD,"2,103",$148.25,"1,312 mi",6,$0.1130
DAD,BCD,"2,103",$76.76,"1,028 mi",6,$0.0747
MFM,URT,"2,102",$98.32,"1,353 mi",6,$0.0727
PKX,MEX,"2,102",$562.44,"7,997 mi",6,$0.0703
NRT,SDQ,"2,100","$1,237.26","8,453 mi",6,$0.1464
SIN,UBJ,"2,100",$516.20,"2,945 mi",6,$0.1753
CGK,CGY,"2,098",$161.22,"1,546 mi",6,$0.1043
BKK,WDS,"2,097",$144.56,"1,499 mi",6,$0.0964
MNL,APW,"2,097","$1,293.96","5,129 mi",6,$0.2523
MNL,ITO,"2,097",$533.84,"5,663 mi",6,$0.0943
CAN,BSD,"2,096",$272.04,924 mi,6,$0.2944
KBV,HYD,"2,095",$163.06,"1,567 mi",6,$0.1041
MNL,SDF,"2,095",$902.69,"8,657 mi",6,$0.1043
SIN,AMQ,"2,095",$469.10,"1,752 mi",6,$0.2678
TSN,LGW,"2,095",$347.42,"4,996 mi",6,$0.0695
HAN,AXT,"2,095",$407.93,"2,318 mi",6,$0.1760
ICN,RVN,"2,095",$849.39,"4,022 mi",6,$0.2112
XMN,SEA,"2,095","$1,133.43","6,022 mi",6,$0.1882
HAN,IAO,"2,094",$165.70,"1,508 mi",6,$0.1099
TPE,SAT,"2,094","$1,171.83","7,601 mi",6,$0.1542
KBV,JED,"2,093",$394.46,"3,957 mi",6,$0.0997
KNO,PNH,"2,093",$162.96,702 mi,6,$0.2321
NRT,BIO,"2,093","$1,015.47","6,311 mi",6,$0.1609
PEK,KZN,"2,093",$411.89,"3,254 mi",6,$0.1266
MNL,SBW,"2,092",$120.23,"1,016 mi",6,$0.1183
SGN,BOI,"2,092",$562.91,"7,580 mi",6,$0.0743
SHE,ATL,"2,092",$700.03,"6,734 mi",6,$0.1040
KUL,RLK,"2,090",$347.48,"2,584 mi",6,$0.1345
ICN,ATQ,"2,089",$270.63,"3,016 mi",6,$0.0897
NRT,POM,"2,088","$1,017.02","3,060 mi",6,$0.3324
DPS,MSQ,"2,088",$545.00,"6,392 mi",6,$0.0853
KIX,DBV,"2,088",$842.51,"5,620 mi",6,$0.1499
SUB,BOM,"2,088",$566.83,"3,373 mi",6,$0.1680
SZX,HKD,"2,088",$383.33,"2,105 mi",6,$0.1821
SZX,AUH,"2,087",$234.05,"3,608 mi",6,$0.0649
XMN,BOS,"2,087","$1,902.09","8,010 mi",6,$0.2375
MNL,MEM,"2,087",$885.42,"8,201 mi",6,$0.1080
NGO,CGY,"2,086",$144.69,"2,034 mi",6,$0.0711
HND,HPH,"2,085",$232.16,"2,174 mi",6,$0.1068
KHH,UIH,"2,085",$178.55,980 mi,6,$0.1822
SIN,SJO,"2,085","$1,990.12","11,814 mi",6,$0.1685
CKG,ATH,"2,084",$514.81,"4,485 mi",6,$0.1148
DVO,BNE,"2,084",$428.93,"3,099 mi",6,$0.1384
SIN,BIQ,"2,083","$1,259.79","7,134 mi",6,$0.1766
KIX,DMM,"2,081","$1,990.39","5,117 mi",6,$0.3890
CEB,WUH,"2,080",$152.64,"1,594 mi",6,$0.0958
DAD,BER,"2,080",$431.09,"5,373 mi",6,$0.0802
HAN,TPA,"2,080",$909.58,"8,722 mi",6,$0.1043
NRT,BGW,"2,079",$897.35,"5,384 mi",6,$0.1667
HND,GOA,"2,079",$935.59,"6,298 mi",6,$0.1486
CAN,KIJ,"2,078",$174.86,"1,770 mi",6,$0.0988
DVO,PUS,"2,077",$161.93,"2,007 mi",6,$0.0807
SHE,VIE,"2,076",$371.68,"4,949 mi",6,$0.0751
SZX,TAK,"2,076",$517.90,"1,417 mi",6,$0.3655
NRT,CTA,"2,076",$800.03,"6,474 mi",6,$0.1236
MNL,PPT,"2,074","$1,269.21","6,671 mi",6,$0.1903
CKG,TXN,"2,074",$150.29,676 mi,6,$0.2223
DPS,CJB,"2,073",$442.67,"3,044 mi",6,$0.1454
SZX,BZJ,"2,073",$104.88,811 mi,6,$0.1293
TPE,BEG,"2,073",$768.87,"5,679 mi",6,$0.1354
TSN,DEL,"2,073",$650.03,"2,472 mi",6,$0.2630
HKG,DQA,"2,072",$168.57,"1,855 mi",6,$0.0909
HND,BZN,"2,072","$1,218.77","5,135 mi",6,$0.2373
SHE,KOW,"2,072",$142.36,"1,234 mi",6,$0.1154
CEB,ZVJ,"2,070",$362.73,"4,791 mi",6,$0.0757
PEK,LHE,"2,070",$417.13,"2,485 mi",6,$0.1679
PNH,TYN,"2,069",$185.03,"1,929 mi",6,$0.0959
DVO,CEI,"2,068",$175.25,"1,882 mi",6,$0.0931
HKT,KWE,"2,068",$140.32,"1,432 mi",6,$0.0980
SUB,FUK,"2,068",$550.48,"3,150 mi",6,$0.1748
HKG,MTY,"2,067",$978.73,"8,660 mi",6,$0.1130
KUL,VDH,"2,067",$162.12,"1,105 mi",6,$0.1467
PNH,OKA,"2,067",$192.05,"1,742 mi",6,$0.1102
CGK,HKD,"2,066",$751.02,"4,066 mi",6,$0.1847
SGN,NBO,"2,066",$559.89,"5,008 mi",6,$0.1118
PVG,LPQ,"2,065",$115.71,"1,404 mi",6,$0.0824
HND,CEI,"2,064",$410.48,"2,723 mi",6,$0.1507
PKX,KGD,"2,064",$286.95,"4,385 mi",6,$0.0654
HKG,USU,"2,064",$149.80,837 mi,6,$0.1790
NRT,DSN,"2,064",$256.69,"1,632 mi",6,$0.1573
WUH,GMP,"2,064",$84.77,831 mi,6,$0.1020
CTU,JUZ,"2,063",$192.15,930 mi,6,$0.2066
DPS,LKO,"2,063",$346.42,"3,462 mi",6,$0.1001
TSN,WUX,"2,063",$265.18,538 mi,6,$0.4929
PKX,CHC,"2,062",$513.52,"6,516 mi",6,$0.0788
DAD,AKL,"2,061",$795.85,"5,838 mi",6,$0.1363
NGO,IAH,"2,061","$2,117.87","7,020 mi",6,$0.3017
HKT,DRW,"2,060",$345.16,"2,727 mi",6,$0.1266
CNX,IAH,"2,059",$841.49,"8,668 mi",6,$0.0971
DVO,DGT,"2,059",$63.81,214 mi,6,$0.2982
PEK,KKJ,"2,059",$727.79,932 mi,6,$0.7809
SGN,GSP,"2,059",$706.47,"9,502 mi",6,$0.0743
SIN,WRO,"2,059",$816.04,"6,200 mi",6,$0.1316
HND,BTV,"2,059","$1,060.81","6,339 mi",6,$0.1673
NRT,PNQ,"2,059",$673.24,"4,301 mi",6,$0.1565
ICN,SZB,"2,058",$80.78,"2,764 mi",6,$0.0292
KUL,YNJ,"2,057",$160.41,"3,354 mi",6,$0.0478
NRT,SZB,"2,057",$92.24,"3,249 mi",6,$0.0284
TSN,DAC,"2,057",$217.97,"1,952 mi",6,$0.1117
KUL,GIZ,"2,057",$473.05,"4,002 mi",6,$0.1182
HKG,NPL,"2,056",$600.13,"5,924 mi",6,$0.1013
HND,LPQ,"2,056",$466.21,"2,598 mi",6,$0.1794
PVG,FAI,"2,056",$689.83,"4,429 mi",6,$0.1558
HKG,TLL,"2,055",$936.30,"4,723 mi",6,$0.1982
XMN,WUT,"2,055",$110.02,"1,048 mi",6,$0.1050
KIX,ESB,"2,052",$670.04,"5,456 mi",6,$0.1228
MNL,YXJ,"2,052",$499.72,"6,209 mi",6,$0.0805
PEK,SJO,"2,052","$1,358.86","8,468 mi",6,$0.1605
HAN,LOS,"2,051",$657.60,"6,644 mi",6,$0.0990
SUB,AOR,"2,051",$116.69,"1,306 mi",6,$0.0893
DAD,CCU,"2,051",$143.23,"1,406 mi",6,$0.1019
HAN,TAK,"2,050",$332.61,"1,993 mi",6,$0.1669
SIN,GEO,"2,050","$1,954.82","11,430 mi",6,$0.1710
CRK,NST,"2,049",$123.55,"1,510 mi",6,$0.0818
NRT,BGO,"2,048",$737.09,"5,490 mi",6,$0.1343
PKX,GOQ,"2,048",$113.31,"1,230 mi",6,$0.0921
XMN,YIW,"2,048",$112.51,363 mi,6,$0.3099
URC,JIU,"2,047",$187.35,"1,900 mi",6,$0.0986
CGO,BSZ,"2,046",$283.86,"2,114 mi",6,$0.1343
HAN,AUS,"2,046","$1,077.76","8,300 mi",6,$0.1299
HND,YYG,"2,045",$826.95,"6,803 mi",6,$0.1216
KUL,YGJ,"2,045",$473.96,"2,939 mi",6,$0.1613
KUL,KMI,"2,045",$631.34,"2,873 mi",6,$0.2197
BKK,ORK,"2,044",$568.66,"6,453 mi",6,$0.0881
HKG,UPG,"2,042",$233.89,"1,871 mi",6,$0.1250
HKG,NST,"2,041",$92.60,"1,369 mi",6,$0.0676
PVG,POA,"2,040","$1,259.68","11,651 mi",6,$0.1081
CGK,PBM,"2,040","$1,912.42","11,523 mi",6,$0.1660
BKK,KUA,"2,039",$134.86,684 mi,6,$0.1972
HKT,CGN,"2,039",$436.03,"6,009 mi",6,$0.0726
LGK,MAN,"2,039",$835.53,"6,547 mi",6,$0.1276
HAN,UTH,"2,038",$68.58,340 mi,6,$0.2017
ICN,TIA,"2,038",$475.02,"5,136 mi",6,$0.0925
PEK,NGS,"2,038",$171.51,862 mi,6,$0.1990
CGK,GLA,"2,035","$1,149.33","7,158 mi",6,$0.1606
HGH,KHI,"2,035",$411.75,"3,353 mi",6,$0.1228
HKT,DEN,"2,035",$860.85,"9,075 mi",6,$0.0949
NGO,AXJ,"2,035",$123.67,404 mi,6,$0.3061
PVG,IWJ,"2,035",$160.21,647 mi,6,$0.2476
SIN,SDJ,"2,035",$259.29,"3,348 mi",6,$0.0774
XMN,HLH,"2,035",$201.55,"1,556 mi",6,$0.1295
HND,FAT,"2,033",$969.60,"5,143 mi",6,$0.1885
SUB,DIL,"2,033",$494.90,849 mi,6,$0.5829
BKK,SYR,"2,033",$791.10,"8,252 mi",6,$0.0959
CGO,TLQ,"2,033",$170.72,"1,494 mi",6,$0.1143
BWN,KIX,"2,032",$356.34,"2,344 mi",6,$0.1520
SGN,TLL,"2,032",$411.92,"5,447 mi",6,$0.0756
SGN,RXS,"2,032",$94.95,"1,125 mi",6,$0.0844
WUH,CPH,"2,032",$358.31,"4,760 mi",6,$0.0753
CEB,TAO,"2,031",$271.41,"1,762 mi",6,$0.1540
CEB,SVG,"2,030",$538.42,"6,765 mi",6,$0.0796
CRK,DPS,"2,030",$378.93,"1,643 mi",6,$0.2306
NGO,WEH,"2,030",$104.58,804 mi,6,$0.1301
WUH,GVA,"2,029",$282.62,"5,645 mi",6,$0.0501
XMN,GMP,"2,029",$84.61,"1,065 mi",6,$0.0794
CAN,UKB,"2,028",$223.15,"1,484 mi",6,$0.1504
TPE,OGG,"2,027",$749.22,"5,315 mi",6,$0.1410
ICN,CBR,"2,027","$1,051.34","5,392 mi",6,$0.1950
KIX,GYS,"2,027",$137.42,"1,653 mi",6,$0.0831
PVG,TRZ,"2,026",$351.07,"3,183 mi",6,$0.1103
SUB,JFK,"2,026","$1,223.27","10,406 mi",6,$0.1176
HKG,TOS,"2,026",$769.08,"5,042 mi",6,$0.1525
DAD,MSP,"2,025",$580.15,"7,776 mi",6,$0.0746
PEK,TTJ,"2,024",$193.61,978 mi,6,$0.1980
HKT,HAK,"2,024",$145.23,"1,117 mi",6,$0.1300
HKT,ZAG,"2,024",$489.46,"5,607 mi",6,$0.0873
TSN,KTI,"2,023",$160.57,"2,127 mi",6,$0.0755
SZX,IWK,"2,023",$226.50,"1,329 mi",6,$0.1704
KBV,MYY,"2,022",$99.75,"1,094 mi",6,$0.0912
CGO,BCN,"2,021",$361.16,"5,813 mi",6,$0.0621
SUB,CMB,"2,021",$258.53,"2,554 mi",6,$0.1012
SIN,UYN,"2,021",$282.07,"2,499 mi",6,$0.1129
DPS,RUN,"2,020",$591.92,"3,928 mi",6,$0.1507
CTU,HUZ,"2,019",$223.41,862 mi,6,$0.2592
NRT,DRW,"2,018",$970.86,"3,488 mi",6,$0.2783
BKK,DSM,"2,018","$1,456.81","8,257 mi",6,$0.1764
CGK,PDX,"2,018","$1,533.97","8,684 mi",6,$0.1766
PEN,KHI,"2,018",$255.77,"2,655 mi",6,$0.0963
CKG,KWJ,"2,017",$115.28,"1,268 mi",6,$0.0909
PEN,UPG,"2,017",$205.89,"1,555 mi",6,$0.1324
SGN,KOP,"2,017",$69.28,487 mi,6,$0.1423
XMN,ATH,"2,017",$422.50,"5,571 mi",6,$0.0758
HKG,GEO,"2,016",$921.54,"10,066 mi",6,$0.0915
BWN,CAN,"2,015",$182.25,"1,317 mi",6,$0.1384
HGH,MCT,"2,015",$564.70,"3,697 mi",6,$0.1527
KBV,GOT,"2,015",$426.25,"5,456 mi",6,$0.0781
SIN,CMH,"2,015","$2,526.39","9,260 mi",6,$0.2728
XMN,UBN,"2,015",$222.05,"1,661 mi",6,$0.1337
KBV,MEL,"2,015",$380.07,"4,457 mi",6,$0.0853
BKK,ASR,"2,014",$341.80,"4,173 mi",6,$0.0819
HND,DMM,"2,013","$1,091.71","5,334 mi",6,$0.2047
RGN,FRA,"2,013",$414.67,"5,065 mi",6,$0.0819
CNX,ARN,"2,012",$377.19,"4,937 mi",6,$0.0764
SZX,AXT,"2,012",$513.90,"1,883 mi",6,$0.2729
BKK,SBW,"2,012",$114.13,"1,068 mi",6,$0.1069
SZX,HNY,"2,012",$67.03,295 mi,6,$0.2272
SGN,DRP,"2,011",$104.43,"1,197 mi",6,$0.0872
HKT,NOZ,"2,010",$200.27,"3,318 mi",6,$0.0604
SGN,AXT,"2,010",$386.22,"2,946 mi",6,$0.1311
CAN,OPO,"2,009",$433.89,"6,829 mi",6,$0.0635
PVG,LOP,"2,009",$274.26,"2,864 mi",6,$0.0958
SGN,PBI,"2,009",$579.70,"10,100 mi",6,$0.0574
BKK,UFA,"2,008",$545.84,"3,599 mi",6,$0.1517
CRK,CEI,"2,008",$132.49,"1,358 mi",6,$0.0976
SGN,LUX,"2,008",$370.27,"6,292 mi",6,$0.0588
CAN,SZB,"2,007",$56.16,"1,557 mi",5,$0.0361
DPS,AYT,"2,007",$590.26,"6,460 mi",5,$0.0914
PEK,TIN,"2,007",$458.72,"6,759 mi",5,$0.0679
TSN,SVO,"2,006",$382.51,"3,786 mi",5,$0.1010
KUL,DGT,"2,006",$128.95,"1,596 mi",5,$0.0808
BKK,TGD,"2,005",$567.67,"5,309 mi",5,$0.1069
HND,MDC,"2,005",$429.96,"2,459 mi",5,$0.1749
KHH,BCD,"2,004",$101.37,809 mi,5,$0.1253
KIX,SMF,"2,004",$773.87,"5,555 mi",5,$0.1393
TSN,DNH,"2,004",$142.77,"1,234 mi",5,$0.1157
NRT,GDN,"2,004",$854.88,"5,159 mi",5,$0.1657
KIX,TSA,"2,003",$293.20,"1,074 mi",5,$0.2730
MNL,ALC,"2,003",$708.87,"6,973 mi",5,$0.1017
HKT,PHX,"2,002",$819.98,"9,212 mi",5,$0.0890
HAN,USU,"2,002",$177.39,"1,101 mi",5,$0.1611
PNH,TLS,"2,002",$493.34,"6,515 mi",5,$0.0757
BKK,IXR,"2,001",$63.89,"1,172 mi",5,$0.0545
CTU,SUB,"2,000",$371.86,"2,768 mi",5,$0.1343
SGN,TGG,"2,000",$86.39,460 mi,5,$0.1878
HKT,BHO,"2,000",$123.04,"1,792 mi",5,$0.0687
CKG,GVA,"1,999",$370.40,"5,068 mi",5,$0.0731
KNO,CMB,"1,999",$196.03,"1,368 mi",5,$0.1433
HGH,SEA,"1,999","$1,233.20","5,982 mi",5,$0.2062
PEK,GBE,"1,999",$880.12,"7,104 mi",5,$0.1239
SGN,RSW,"1,998",$618.83,"10,088 mi",5,$0.0613
NRT,RIX,"1,998",$617.98,"5,193 mi",5,$0.1190
MNL,GEG,"1,997",$581.28,"7,041 mi",5,$0.0826
BKK,SJO,"1,997","$1,049.14","10,442 mi",5,$0.1005
ICN,BUS,"1,996",$560.69,"4,208 mi",5,$0.1332
MNL,NNT,"1,996",$123.23,"1,330 mi",5,$0.0927
NGO,RDU,"1,996","$1,445.08","7,249 mi",5,$0.1993
SIN,SNA,"1,996","$2,106.01","9,062 mi",5,$0.2324
NRT,HAJ,"1,995",$843.70,"5,828 mi",5,$0.1448
ICN,MPM,"1,995",$767.59,"7,707 mi",5,$0.0996
CGO,FUO,"1,994",$213.98,816 mi,5,$0.2622
HKT,ISB,"1,993",$404.50,"2,321 mi",5,$0.1743
WUH,EDI,"1,993",$323.34,"5,254 mi",5,$0.0615
ICN,CYZ,"1,993",$145.35,"1,491 mi",5,$0.0975
PNH,KKC,"1,993",$67.33,378 mi,5,$0.1781
SGN,BUF,"1,992",$632.38,"8,967 mi",5,$0.0705
HKT,CJB,"1,992",$111.82,"1,418 mi",5,$0.0789
URC,BKI,"1,992",$297.03,"3,049 mi",5,$0.0974
HKT,LUX,"1,990",$385.49,"6,062 mi",5,$0.0636
PKX,KHI,"1,990",$359.41,"2,919 mi",5,$0.1231
BKK,SKP,"1,990",$670.79,"4,884 mi",5,$0.1373
KHH,MPH,"1,990",$88.86,722 mi,5,$0.1231
HGH,HCZ,"1,989",$120.17,574 mi,5,$0.2094
BKK,UPG,"1,989",$350.29,"1,773 mi",5,$0.1976
PNH,HDY,"1,989",$57.76,427 mi,5,$0.1353
RGN,AMM,"1,989",$220.66,"3,758 mi",5,$0.0587
HND,KBL,"1,988",$509.88,"4,017 mi",5,$0.1269
CAN,MRS,"1,988",$276.23,"6,135 mi",5,$0.0450
CNX,SUB,"1,987",$195.56,"2,099 mi",5,$0.0932
HAN,SDJ,"1,987",$195.13,"2,461 mi",5,$0.0793
SUB,TRZ,"1,987",$334.58,"2,578 mi",5,$0.1298
CGO,EDI,"1,987",$168.24,"5,028 mi",5,$0.0335
HKT,BRI,"1,987",$317.15,"5,249 mi",5,$0.0604
LGK,AMS,"1,986",$584.59,"5,899 mi",5,$0.0991
URC,YUS,"1,986",$120.42,953 mi,5,$0.1264
HGH,FSZ,"1,986",$199.62,"1,111 mi",5,$0.1797
XMN,DFW,"1,986","$1,126.23","8,077 mi",5,$0.1394
BKK,JIU,"1,985",$71.84,"1,411 mi",5,$0.0509
CAN,DDG,"1,985",$349.45,"1,355 mi",5,$0.2579
DMK,BCD,"1,985",$10.80,"1,481 mi",5,$0.0073
NGO,PPS,"1,985",$154.18,"2,014 mi",5,$0.0766
KUL,TAZ,"1,983",$309.55,"3,624 mi",5,$0.0854
MFM,RXS,"1,982",$87.43,975 mi,5,$0.0897
SZX,AOR,"1,982",$126.67,"1,488 mi",5,$0.0851
KUL,KKJ,"1,982",$541.05,"2,947 mi",5,$0.1836
MNL,ZVJ,"1,982",$373.53,"4,490 mi",5,$0.0832
CAN,VCS,"1,981",$102.90,"1,138 mi",5,$0.0904
KIX,ROI,"1,981",$183.16,"2,252 mi",5,$0.0813
MNL,HUI,"1,981",$222.98,869 mi,5,$0.2566
HKG,OUL,"1,980",$691.85,"4,931 mi",5,$0.1403
PVG,RIC,"1,980","$1,275.94","7,761 mi",5,$0.1644
MFM,CSX,"1,979",$106.19,431 mi,5,$0.2464
HKG,IAO,"1,978",$140.44,"1,210 mi",5,$0.1161
HND,OUL,"1,978","$1,094.53","4,797 mi",5,$0.2282
KNO,DAC,"1,978",$309.29,"1,551 mi",5,$0.1994
XMN,BOM,"1,978",$432.19,"3,002 mi",5,$0.1440
CGO,TBS,"1,977",$331.24,"3,568 mi",5,$0.0928
CKG,HRE,"1,977",$893.12,"6,186 mi",5,$0.1444
PEK,TRN,"1,977",$455.55,"4,934 mi",5,$0.0923
CAN,DME,"1,976",$293.22,"4,204 mi",5,$0.0697
KBV,HAM,"1,976",$361.38,"5,899 mi",5,$0.0613
HGH,VCE,"1,976",$398.32,"5,703 mi",5,$0.0698
CEB,CGO,"1,975",$229.78,"1,845 mi",5,$0.1245
ICN,ONJ,"1,975",$224.53,795 mi,5,$0.2824
HKG,BRE,"1,974",$928.90,"5,421 mi",5,$0.1714
HND,PDG,"1,974",$301.49,"3,680 mi",5,$0.0819
XMN,NZH,"1,973",$188.68,"1,781 mi",5,$0.1059
WUH,IAD,"1,973",$784.73,"7,334 mi",5,$0.1070
KIX,YOW,"1,972","$1,130.88","6,399 mi",5,$0.1767
PKX,BOM,"1,972",$297.68,"3,029 mi",5,$0.0983
PVG,PZI,"1,972",$173.80,"1,288 mi",5,$0.1349
TPE,ZYK,"1,972",$89.75,511 mi,5,$0.1756
CTU,QSZ,"1,971",$173.63,"1,662 mi",5,$0.1045
TPE,TUN,"1,971",$646.61,"6,427 mi",5,$0.1006
HKT,TGG,"1,971",$74.46,368 mi,5,$0.2023
PVG,UBJ,"1,971",$547.09,602 mi,5,$0.9088
CEB,BNA,"1,970",$887.30,"8,398 mi",5,$0.1057
DMK,PDG,"1,970",$105.58,991 mi,5,$0.1065
DPS,ISB,"1,970",$609.15,"3,910 mi",5,$0.1558
HKG,AOR,"1,969",$130.21,"1,389 mi",5,$0.0937
PNH,WUA,"1,968",$146.97,"1,896 mi",5,$0.0775
HKG,KCA,"1,968",$240.25,"2,301 mi",5,$0.1044
MNL,YQU,"1,968",$579.01,"6,306 mi",5,$0.0918
CAN,PRN,"1,967",$550.88,"5,093 mi",5,$0.1082
PVG,YGJ,"1,967",$607.36,747 mi,5,$0.8131
DPS,BGO,"1,966",$599.15,"7,198 mi",5,$0.0832
TPE,SKG,"1,966",$595.79,"5,681 mi",5,$0.1049
HKG,NTE,"1,966",$895.43,"6,375 mi",5,$0.1405
PEN,PUS,"1,966",$395.04,"2,673 mi",5,$0.1478
CKG,TLV,"1,965","$1,108.38","4,301 mi",5,$0.2577
DMK,AOR,"1,965",$82.28,549 mi,5,$0.1499
TPE,CZX,"1,965",$233.61,495 mi,5,$0.4719
HND,PKU,"1,964",$480.81,"3,558 mi",5,$0.1351
TPE,ALA,"1,964",$485.85,"2,864 mi",5,$0.1696
HAN,WEH,"1,963",$275.13,"1,434 mi",5,$0.1919
ICN,UYN,"1,963",$196.48,885 mi,5,$0.2220
MNL,SSA,"1,963","$1,194.06","11,377 mi",5,$0.1050
PVG,BRI,"1,962",$662.11,"5,364 mi",5,$0.1234
PKX,KMI,"1,962",$246.50,"1,023 mi",5,$0.2410
SZX,KMQ,"1,962",$447.46,"1,601 mi",5,$0.2795
TPE,TGD,"1,962",$629.94,"5,804 mi",5,$0.1085
DPS,SJU,"1,961","$1,148.76","11,409 mi",5,$0.1007
PEK,CRZ,"1,960",$180.51,"2,862 mi",5,$0.0631
SIN,CUN,"1,960","$1,381.31","11,045 mi",5,$0.1251
CGK,HAJ,"1,959","$1,002.77","6,642 mi",5,$0.1510
KIX,BFV,"1,958",$173.56,"2,316 mi",5,$0.0749
DVO,CYP,"1,958",$170.25,360 mi,5,$0.4729
DAD,CGY,"1,957",$76.53,"1,175 mi",5,$0.0651
KBV,BCN,"1,957",$438.88,"6,018 mi",5,$0.0729
KIX,BOG,"1,957","$1,227.01","9,398 mi",5,$0.1306
XMN,ADL,"1,957",$294.25,"4,452 mi",5,$0.0661
KBV,CCU,"1,956",$82.60,"1,262 mi",5,$0.0655
SIN,ISG,"1,956",$504.93,"2,152 mi",5,$0.2346
WUH,KTM,"1,956",$207.94,"1,695 mi",5,$0.1227
KUL,RDU,"1,955","$1,237.45","10,061 mi",5,$0.1230
NRT,LAO,"1,955",$99.88,"1,769 mi",5,$0.0565
HKG,TGG,"1,954",$154.88,"1,415 mi",5,$0.1095
PEN,TRV,"1,954",$144.74,"1,666 mi",5,$0.0869
PVG,CWB,"1,954","$1,450.82","11,412 mi",5,$0.1271
SIN,YIN,"1,954",$233.74,"3,157 mi",5,$0.0740
CTU,KTI,"1,954",$120.97,"1,289 mi",5,$0.0938
WUH,JED,"1,954",$371.33,"4,473 mi",5,$0.0830
CAN,TGO,"1,953",$179.26,"1,526 mi",5,$0.1175
PNH,BER,"1,953",$520.33,"5,475 mi",5,$0.0950
MFM,BKI,"1,952",$95.71,"1,098 mi",5,$0.0872
PVG,RAR,"1,952",$749.06,"6,133 mi",5,$0.1221
PEK,ONT,"1,951",$869.80,"6,447 mi",5,$0.1349
PKX,AMD,"1,951",$332.48,"2,873 mi",5,$0.1157
NGO,DGT,"1,950",$188.02,"1,900 mi",5,$0.0990
PEK,COV,"1,950",$306.15,"4,379 mi",5,$0.0699
MNL,TNR,"1,950",$914.85,"5,671 mi",5,$0.1613
CRK,FRA,"1,949",$606.13,"6,532 mi",5,$0.0928
SIN,RPR,"1,949",$160.93,"2,091 mi",5,$0.0770
XMN,VIE,"1,949",$368.24,"5,635 mi",5,$0.0653
HAN,CHC,"1,949",$765.25,"6,330 mi",5,$0.1209
CGK,MSY,"1,949","$1,449.78","10,140 mi",5,$0.1430
HKG,WDH,"1,948",$702.77,"6,967 mi",5,$0.1009
MNL,TWU,"1,948",$118.13,709 mi,5,$0.1666
NGO,UIH,"1,948",$149.37,"2,184 mi",5,$0.0684
CAN,PHX,"1,947",$658.19,"7,732 mi",5,$0.0851
HND,FSD,"1,947","$1,116.31","6,096 mi",5,$0.1831
PVG,ONJ,"1,946",$215.41,"1,176 mi",5,$0.1832
PVG,SZG,"1,946","$1,042.58","5,593 mi",5,$0.1864
TPE,LED,"1,946",$437.83,"4,909 mi",5,$0.0892
HND,ALC,"1,946","$1,627.79","6,538 mi",5,$0.2490
KUL,ZAM,"1,945",$112.90,"1,387 mi",5,$0.0814
DPS,CEI,"1,944",$172.39,"2,306 mi",5,$0.0748
NRT,POZ,"1,944",$774.90,"5,299 mi",5,$0.1462
TPE,ESB,"1,944",$801.60,"4,884 mi",5,$0.1641
KBV,LOE,"1,944",$81.87,651 mi,5,$0.1258
MFM,SEA,"1,943",$425.88,"6,704 mi",5,$0.0635
RGN,KHM,"1,940",$107.22,609 mi,5,$0.1761
CEB,AUS,"1,939",$617.27,"8,757 mi",5,$0.0705
ICN,ASR,"1,939",$623.58,"4,574 mi",5,$0.1363
SIN,MQL,"1,939",$596.33,"3,379 mi",5,$0.1765
HAN,LUX,"1,938",$377.51,"5,688 mi",5,$0.0664
CGK,ROI,"1,936",$122.84,"1,503 mi",5,$0.0817
KUL,BOD,"1,936",$713.91,"6,890 mi",5,$0.1036
NRT,CWB,"1,935","$1,204.99","11,876 mi",5,$0.1015
DMK,HND,"1,934",$153.67,"2,934 mi",5,$0.0524
PEK,TAZ,"1,934",$204.34,"2,997 mi",5,$0.0682
PKX,NCE,"1,933",$377.75,"5,350 mi",5,$0.0706
NGO,PDX,"1,933","$1,322.65","5,151 mi",5,$0.2568
TPE,VKO,"1,933",$428.98,"4,437 mi",5,$0.0967
CAN,DEN,"1,932",$711.28,"7,205 mi",5,$0.0987
NRT,VFA,"1,931",$654.86,"8,051 mi",5,$0.0813
CAN,CLT,"1,930","$1,001.41","8,033 mi",5,$0.1247
KUL,TUU,"1,930",$399.80,"4,759 mi",5,$0.0840
KNO,BLR,"1,929",$221.44,"1,637 mi",5,$0.1353
SIN,ABV,"1,929",$772.32,"6,862 mi",5,$0.1126
CAN,KKJ,"1,928",$349.13,"1,331 mi",5,$0.2623
KIX,BXU,"1,928",$198.55,"1,810 mi",5,$0.1097
SGN,CHC,"1,927",$562.66,"5,407 mi",5,$0.1041
CKG,ZQZ,"1,927",$118.52,920 mi,5,$0.1288
HKT,ASF,"1,927",$287.74,"3,846 mi",5,$0.0748
KHH,TSN,"1,927",$252.28,"1,122 mi",5,$0.2248
DPS,KTI,"1,926",$296.69,"1,510 mi",5,$0.1965
DAD,ADL,"1,925",$472.57,"3,925 mi",5,$0.1204
CAN,GBE,"1,925",$384.18,"6,520 mi",5,$0.0589
DPS,TRG,"1,924",$628.51,"4,145 mi",5,$0.1516
BKK,JGN,"1,924",$99.28,"1,760 mi",5,$0.0564
DAD,OSL,"1,923",$438.29,"5,664 mi",5,$0.0774
BKK,TYS,"1,923",$915.43,"8,732 mi",5,$0.1048
HAN,ALA,"1,922",$381.69,"2,319 mi",5,$0.1646
SGN,LEJ,"1,922",$392.97,"5,998 mi",5,$0.0655
HAN,KUH,"1,921",$443.45,"2,590 mi",5,$0.1712
CGO,TSA,"1,920",$125.60,823 mi,5,$0.1526
NRT,SUV,"1,920",$951.61,"4,612 mi",5,$0.2063
KIX,BSL,"1,919","$1,011.59","6,089 mi",5,$0.1661
SIN,CGP,"1,919",$449.07,"1,709 mi",5,$0.2628
SHE,BZJ,"1,919",$96.56,700 mi,5,$0.1379
MFM,XNN,"1,918",$118.43,"1,175 mi",5,$0.1008
MNL,RCB,"1,917",$910.14,"6,434 mi",5,$0.1415
PKX,JRO,"1,917",$513.62,"5,630 mi",5,$0.0912
PEN,XUZ,"1,916",$202.52,"2,207 mi",5,$0.0918
PKX,PEE,"1,915",$303.72,"2,824 mi",5,$0.1075
ICN,LCA,"1,914","$1,054.42","4,798 mi",5,$0.2198
TPE,MSY,"1,914",$864.90,"8,340 mi",5,$0.1037
MNL,OKC,"1,913",$804.50,"8,407 mi",5,$0.0957
SHE,CMB,"1,913",$199.85,"3,464 mi",5,$0.0577
SGN,TOY,"1,913",$367.64,"2,685 mi",5,$0.1369
CAN,NIM,"1,912",$623.76,"6,919 mi",5,$0.0902
HND,CZX,"1,912",$344.91,"1,139 mi",5,$0.3028
SGN,BGO,"1,911",$340.61,"5,775 mi",5,$0.0590
SGN,GUM,"1,911",$389.62,"2,503 mi",5,$0.1557
CRK,PER,"1,910",$367.76,"3,368 mi",5,$0.1092
BKK,RJA,"1,910",$61.98,"1,320 mi",5,$0.0470
ICN,YXS,"1,910",$563.59,"4,762 mi",5,$0.1184
HKG,MCI,"1,910","$1,481.88","8,029 mi",5,$0.1846
ICN,FAR,"1,910",$735.61,"6,203 mi",5,$0.1186
ICN,LPQ,"1,910",$179.91,"1,841 mi",5,$0.0977
LGK,SBW,"1,910",$98.39,863 mi,5,$0.1140
BKK,IVL,"1,909",$917.33,"5,069 mi",5,$0.1810
LGK,CDG,"1,909",$577.36,"6,397 mi",5,$0.0903
SGN,AOJ,"1,909",$289.93,"3,013 mi",5,$0.0962
CAN,LUX,"1,909",$504.91,"5,540 mi",5,$0.0911
CAN,MSP,"1,909","$1,520.10","7,208 mi",5,$0.2109
URC,AMS,"1,908",$349.50,"3,757 mi",5,$0.0930
CNX,YNT,"1,908",$94.41,"1,805 mi",5,$0.0523
PVG,XFN,"1,908",$119.83,547 mi,5,$0.2191
BKK,HRE,"1,907",$617.49,"5,381 mi",5,$0.1148
KBV,BFV,"1,907",$78.90,588 mi,5,$0.1342
CAN,GYE,"1,907",$740.99,"11,046 mi",5,$0.0671
CRK,FUK,"1,906",$189.83,"1,455 mi",5,$0.1305
MNL,MCY,"1,906",$602.75,"3,457 mi",5,$0.1744
PEN,ADL,"1,906",$558.45,"3,842 mi",5,$0.1454
HKT,AHB,"1,905",$286.00,"3,680 mi",5,$0.0777
PNH,URT,"1,905",$51.93,435 mi,5,$0.1194
MNL,MJI,"1,904",$774.64,"6,860 mi",5,$0.1129
MNL,TAE,"1,904",$274.37,"1,504 mi",5,$0.1824
CNX,BCN,"1,903",$541.82,"5,543 mi",5,$0.0977
NRT,GUA,"1,903","$1,311.43","7,396 mi",5,$0.1773
SIN,DPO,"1,903",$474.16,"4,080 mi",5,$0.1162
BKK,NAV,"1,902",$267.06,"4,223 mi",5,$0.0632
CAN,MCO,"1,902",$857.30,"8,988 mi",5,$0.0954
KHH,ILO,"1,902",$83.47,799 mi,5,$0.1045
BWN,HND,"1,901","$1,137.65","2,720 mi",5,$0.4183
CAN,PDX,"1,901","$1,582.87","6,717 mi",5,$0.2357
SIN,CFS,"1,901",$552.10,"4,017 mi",5,$0.1374
HND,EUG,"1,900",$905.50,"5,018 mi",5,$0.1805
KUL,YOW,"1,900","$1,433.37","8,838 mi",5,$0.1622
PNH,ADL,"1,900",$541.79,"3,779 mi",5,$0.1434
CAN,PKU,"1,899",$166.04,"1,826 mi",5,$0.0909
BKK,KBR,"1,899",$126.09,514 mi,5,$0.2453
DAD,YYC,"1,899",$526.93,"7,358 mi",5,$0.0716
MNL,AES,"1,898",$811.90,"5,900 mi",5,$0.1376
BKK,HUZ,"1,898",$105.34,"1,147 mi",5,$0.0918
DPS,CTA,"1,898",$537.33,"6,923 mi",5,$0.0776
BKK,BHD,"1,897",$621.63,"5,908 mi",5,$0.1052
PEN,JAI,"1,897",$173.01,"2,259 mi",5,$0.0766
HND,DLI,"1,896",$268.11,"2,482 mi",5,$0.1080
KIX,DLU,"1,896",$304.06,"2,098 mi",5,$0.1449
MNL,LIT,"1,895",$697.90,"8,647 mi",5,$0.0807
KBV,VKO,"1,894",$263.72,"4,810 mi",5,$0.0548
PVG,TRV,"1,894",$777.88,"3,181 mi",5,$0.2445
SIN,TKS,"1,894",$714.01,"3,095 mi",5,$0.2307
ICN,ROI,"1,894",$180.35,"2,083 mi",5,$0.0866
CGK,NCL,"1,893",$911.00,"7,068 mi",5,$0.1289
DPS,NUE,"1,893",$426.82,"7,090 mi",5,$0.0602
HKG,MSQ,"1,893",$597.38,"4,965 mi",5,$0.1203
MNL,ABV,"1,893",$649.34,"7,388 mi",5,$0.0879
SIN,TCR,"1,893",$161.18,"1,801 mi",5,$0.0895
XMN,NDG,"1,893",$199.31,"1,648 mi",5,$0.1209
PKX,NKC,"1,892",$581.97,"7,177 mi",5,$0.0811
SGN,URT,"1,892",$76.87,540 mi,5,$0.1424
KNO,SDK,"1,892",$114.23,"1,290 mi",5,$0.0886
NGO,CVG,"1,890","$1,677.75","6,885 mi",5,$0.2437
NRT,SJU,"1,890","$1,006.90","8,561 mi",5,$0.1176
HND,VVO,"1,890",$289.72,697 mi,5,$0.4157
DAD,DTW,"1,889","$1,005.05","8,594 mi",5,$0.1169
HND,UPG,"1,889",$534.07,"3,005 mi",5,$0.1777
BKK,CFE,"1,888","$1,033.27","5,724 mi",5,$0.1805
HKG,GRZ,"1,888",$896.45,"5,647 mi",5,$0.1587
SHE,IAD,"1,888",$813.26,"6,916 mi",5,$0.1176
SIN,BHE,"1,888",$700.89,"5,093 mi",5,$0.1376
HND,MFE,"1,887",$919.42,"6,937 mi",5,$0.1325
DPS,URC,"1,886",$624.06,"3,909 mi",5,$0.1596
KUL,PDX,"1,886",$919.83,"8,381 mi",5,$0.1098
SIN,DIN,"1,886",$124.08,"1,344 mi",5,$0.0923
KUL,DTW,"1,886",$939.42,"9,035 mi",5,$0.1040
HKT,LAS,"1,885",$733.40,"8,428 mi",5,$0.0870
DPS,ORF,"1,885",$825.38,"10,676 mi",5,$0.0773
KIX,IND,"1,885","$2,159.72","6,469 mi",5,$0.3339
PNH,SLC,"1,885",$603.25,"8,368 mi",5,$0.0721
MNL,NUE,"1,884",$574.00,"6,502 mi",5,$0.0883
SIN,SVQ,"1,884","$1,323.44","7,024 mi",5,$0.1884
HND,HLD,"1,883",$280.58,"1,422 mi",5,$0.1973
RGN,DOH,"1,883",$309.50,"3,001 mi",5,$0.1031
NGO,ATH,"1,882",$583.88,"5,997 mi",5,$0.0974
HKG,VNO,"1,881",$849.42,"4,771 mi",5,$0.1780
HND,BES,"1,881","$1,239.03","6,041 mi",5,$0.2051
NRT,MEM,"1,881","$1,789.59","6,765 mi",5,$0.2645
DAD,XMN,"1,880",$170.82,844 mi,5,$0.2024
CAN,VII,"1,880",$138.99,569 mi,5,$0.2443
HGH,UET,"1,879",$406.79,"3,257 mi",5,$0.1249
WUH,ARN,"1,879",$343.95,"4,476 mi",5,$0.0768
HKG,YLW,"1,878","$1,221.74","6,670 mi",5,$0.1832
KIX,BWI,"1,878",$716.31,"6,748 mi",5,$0.1062
DPS,PHL,"1,877","$1,143.07","9,886 mi",5,$0.1156
HND,HER,"1,877",$999.99,"5,801 mi",5,$0.1724
PKX,KMJ,"1,877",$222.00,954 mi,5,$0.2327
PVG,RVN,"1,877",$338.58,"4,286 mi",5,$0.0790
BKK,REN,"1,877",$250.92,"3,737 mi",5,$0.0671
CTU,JNB,"1,877",$431.60,"6,160 mi",5,$0.0701
LGK,MLE,"1,877",$182.93,"1,863 mi",5,$0.0982
PKX,MAA,"1,877",$282.26,"2,950 mi",5,$0.0957
SGN,GEG,"1,877",$439.75,"7,348 mi",5,$0.0598
SIN,CKY,"1,877","$1,973.44","7,836 mi",5,$0.2518
PVG,SAW,"1,876",$418.28,"5,118 mi",5,$0.0817
CAN,NST,"1,875",$99.19,"1,395 mi",5,$0.0711
HND,YCU,"1,874",$241.23,"1,663 mi",5,$0.1451
ICN,RBA,"1,874","$1,573.38","6,453 mi",5,$0.2438
MNL,YYG,"1,874",$694.57,"7,981 mi",5,$0.0870
NGO,DYG,"1,874",$118.90,"1,542 mi",5,$0.0771
NRT,JJN,"1,874",$168.26,"1,545 mi",5,$0.1089
DAD,YUL,"1,873",$671.52,"8,430 mi",5,$0.0797
PVG,ANC,"1,872","$1,450.62","4,170 mi",5,$0.3479
HND,SKP,"1,871",$709.56,"5,635 mi",5,$0.1259
WUH,PER,"1,871",$255.53,"4,465 mi",5,$0.0572
CEB,PKX,"1,870",$142.62,"2,133 mi",5,$0.0669
MNL,RAB,"1,870",$558.87,"2,587 mi",5,$0.2160
RGN,MUC,"1,870",$565.90,"4,942 mi",5,$0.1145
BWN,RGN,"1,867",$451.12,"1,471 mi",5,$0.3067
CAN,TAK,"1,867",$368.85,"1,412 mi",5,$0.2612
NGO,AKL,"1,867",$740.36,"5,698 mi",5,$0.1299
LGK,AMD,"1,867",$179.02,"2,077 mi",5,$0.0862
NRT,PBI,"1,867","$1,892.15","7,158 mi",5,$0.2643
MNL,LYG,"1,866",$404.75,"1,421 mi",5,$0.2848
PEK,HSG,"1,866",$491.47,924 mi,5,$0.5319
HND,SLP,"1,866","$1,440.81","7,011 mi",5,$0.2055
MFM,MAA,"1,866",$171.96,"2,215 mi",5,$0.0776
DAD,ONT,"1,865",$352.23,"8,083 mi",5,$0.0436
KIX,YBP,"1,865",$150.86,"1,785 mi",5,$0.0845
KNO,TGG,"1,865",$64.20,324 mi,5,$0.1981
DAD,AUS,"1,864",$807.26,"9,071 mi",5,$0.0890
HKT,KTI,"1,864",$98.80,518 mi,5,$0.1907
HND,ROA,"1,864","$1,496.93","6,589 mi",5,$0.2272
PVG,FNA,"1,863",$820.30,"8,639 mi",5,$0.0950
TSN,AAT,"1,863",$202.55,"1,619 mi",5,$0.1251
DPS,TBS,"1,862",$774.07,"5,796 mi",5,$0.1336
HAN,VKO,"1,862",$407.93,"4,311 mi",5,$0.0946
MNL,KUH,"1,862",$309.84,"2,330 mi",5,$0.1330
KUL,MYJ,"1,860",$377.19,"2,844 mi",5,$0.1326
CNX,MLE,"1,859",$273.19,"1,930 mi",5,$0.1415
ICN,GNV,"1,859","$1,155.69","7,215 mi",5,$0.1602
XMN,BER,"1,859",$292.61,"5,630 mi",5,$0.0520
BKK,DIN,"1,858",$83.03,570 mi,5,$0.1457
PVG,ABZ,"1,858",$956.95,"5,686 mi",5,$0.1683
PVG,BDL,"1,858","$1,240.79","7,522 mi",5,$0.1650
HKG,CCS,"1,857","$2,068.73","10,466 mi",5,$0.1977
HND,ILO,"1,857",$280.37,"1,962 mi",5,$0.1429
SZX,LIN,"1,857",$307.17,"5,947 mi",5,$0.0517
CEB,CKG,"1,856",$263.57,"1,798 mi",5,$0.1466
KIX,CHC,"1,856",$642.77,"6,049 mi",5,$0.1063
HAN,UBP,"1,856",$73.32,430 mi,5,$0.1705
TSN,CXR,"1,855",$145.09,"1,881 mi",5,$0.0771
HKT,FRU,"1,855",$359.68,"2,729 mi",5,$0.1318
HND,DLU,"1,855",$359.60,"2,354 mi",5,$0.1528
PEK,CTA,"1,855",$331.52,"5,288 mi",5,$0.0627
BKK,MVD,"1,854",$883.43,"10,690 mi",5,$0.0826
NGO,HSG,"1,854",$109.06,403 mi,5,$0.2706
KUL,KLO,"1,854",$122.63,"1,498 mi",5,$0.0819
HKG,IDR,"1,853",$147.10,"2,499 mi",5,$0.0589
KIX,SAT,"1,853",$998.86,"7,002 mi",5,$0.1427
HKG,IPH,"1,852",$198.78,"1,541 mi",5,$0.1290
CGK,DSS,"1,851",$898.26,"8,319 mi",5,$0.1080
CKG,KBV,"1,851",$128.75,"1,527 mi",5,$0.0843
ICN,LEJ,"1,850",$895.03,"4,971 mi",5,$0.1801
BKK,BPN,"1,849",$352.73,"1,468 mi",5,$0.2403
HND,BAH,"1,849","$1,640.69","5,297 mi",5,$0.3097
DPS,POM,"1,849","$1,060.11","2,120 mi",5,$0.5001
CAN,MBI,"1,848",$409.23,"5,653 mi",5,$0.0724
NRT,NAW,"1,848",$249.45,"3,265 mi",5,$0.0764
CGK,GES,"1,848",$187.45,"1,479 mi",5,$0.1267
DPS,ABX,"1,848",$536.17,"2,666 mi",5,$0.2011
KIX,TUG,"1,848",$113.81,"1,385 mi",5,$0.0822
DAD,TAO,"1,847",$228.11,"1,629 mi",5,$0.1400
HAN,KWI,"1,846",$920.80,"3,731 mi",5,$0.2468
HND,CNF,"1,846","$1,936.24","10,974 mi",5,$0.1764
PEK,DRS,"1,846",$598.89,"4,749 mi",5,$0.1261
CTU,TSA,"1,845",$157.27,"1,173 mi",5,$0.1341
HND,LOS,"1,845","$1,891.26","8,630 mi",5,$0.2191
ICN,TOY,"1,845",$192.52,576 mi,5,$0.3342
SZX,IKT,"1,845",$256.65,"2,044 mi",5,$0.1256
HAN,NST,"1,845",$102.68,930 mi,5,$0.1104
MNL,GUA,"1,845","$1,182.48","9,774 mi",5,$0.1210
DPS,NAP,"1,843","$1,127.02","6,965 mi",5,$0.1618
CGO,MUC,"1,842",$279.13,"4,825 mi",5,$0.0579
ICN,PHS,"1,842",$171.52,"2,074 mi",5,$0.0827
KUL,ORN,"1,841",$779.49,"6,592 mi",5,$0.1182
SGN,ZHA,"1,841",$74.17,805 mi,5,$0.0921
PEK,EBL,"1,841",$505.86,"3,727 mi",5,$0.1357
KNO,MKQ,"1,840",$757.14,"2,894 mi",5,$0.2616
SGN,PBH,"1,839",$248.89,"1,649 mi",5,$0.1509
CKG,IAD,"1,839",$934.63,"7,916 mi",5,$0.1181
KBV,CTS,"1,839",$296.06,"3,416 mi",5,$0.0867
TSN,WMT,"1,839",$122.33,"1,035 mi",5,$0.1182
HGH,VLC,"1,838",$269.58,"6,496 mi",5,$0.0415
CAN,ZAG,"1,838",$541.15,"5,244 mi",5,$0.1032
SZX,VCL,"1,837",$120.14,618 mi,5,$0.1944
BKK,SAG,"1,836",$106.55,"1,846 mi",5,$0.0577
DPS,RGN,"1,836",$318.60,"2,264 mi",5,$0.1407
HKG,DUR,"1,836",$800.91,"6,365 mi",5,$0.1258
NRT,WDH,"1,836",$799.95,"8,653 mi",5,$0.0924
DAD,TAC,"1,835",$101.52,"1,142 mi",5,$0.0889
URC,NTG,"1,835",$284.14,"1,923 mi",5,$0.1478
NRT,TLS,"1,835",$733.20,"6,186 mi",5,$0.1185
BKK,WRO,"1,834",$581.79,"5,063 mi",5,$0.1149
SGN,TRV,"1,834",$208.64,"1,970 mi",5,$0.1059
SIN,DSS,"1,834","$1,105.93","8,011 mi",5,$0.1381
SGN,ZAG,"1,833",$306.05,"5,541 mi",5,$0.0552
CKG,DHH,"1,833",$146.01,"1,184 mi",5,$0.1233
BKK,SUV,"1,832","$1,244.77","5,907 mi",5,$0.2107
PKX,YNB,"1,832",$548.42,"4,442 mi",5,$0.1235
URC,BUD,"1,832",$284.47,"3,291 mi",5,$0.0864
KBV,MED,"1,831",$369.00,"3,938 mi",5,$0.0937
MNL,VER,"1,831","$1,340.29","8,730 mi",5,$0.1535
CEB,CLT,"1,831",$862.62,"9,162 mi",5,$0.0942
TSN,LZY,"1,831",$163.64,"1,517 mi",5,$0.1079
SHE,AAT,"1,830",$228.96,"1,719 mi",5,$0.1332
NRT,YCU,"1,829",$180.22,"1,696 mi",5,$0.1063
HND,MRU,"1,828","$1,343.03","6,805 mi",5,$0.1974
HND,YIH,"1,828",$271.91,"1,619 mi",5,$0.1679
ICN,ABV,"1,828",$692.04,"7,592 mi",5,$0.0912
DAD,TAG,"1,828",$106.23,"1,108 mi",5,$0.0959
KUL,HRE,"1,828",$684.10,"5,160 mi",5,$0.1326
WUH,UCB,"1,828",$122.28,695 mi,5,$0.1759
DPS,JAX,"1,827","$1,071.88","10,265 mi",5,$0.1044
MNL,WEH,"1,826",$381.93,"1,522 mi",5,$0.2509
BKK,RXS,"1,826",$119.73,"1,445 mi",5,$0.0829
CAN,HKD,"1,826",$198.81,"1,968 mi",5,$0.1010
HGH,OTP,"1,826",$389.13,"5,134 mi",5,$0.0758
HKT,VOG,"1,825",$291.65,"4,317 mi",5,$0.0676
PVG,CZL,"1,823",$688.80,"5,984 mi",5,$0.1151
BKK,JER,"1,822",$319.01,"6,254 mi",5,$0.0510
CKG,HDY,"1,822",$132.33,"1,577 mi",5,$0.0839
PVG,BZV,"1,822","$1,388.66","7,568 mi",5,$0.1835
CRK,WAW,"1,821",$706.99,"5,963 mi",5,$0.1186
DPS,PMO,"1,820",$694.91,"7,028 mi",5,$0.0989
MNL,RSW,"1,820","$1,146.52","8,938 mi",5,$0.1283
HND,TWU,"1,820",$189.72,"2,485 mi",5,$0.0763
PVG,MSJ,"1,820",$302.69,"1,312 mi",5,$0.2307
HAN,BSL,"1,819",$314.93,"5,680 mi",5,$0.0554
NRT,BRI,"1,819",$610.93,"6,216 mi",5,$0.0983
CGK,LJU,"1,819","$1,195.59","6,429 mi",5,$0.1860
ICN,AOR,"1,819",$219.28,"2,630 mi",5,$0.0834
CNX,WUX,"1,818",$81.81,"1,648 mi",5,$0.0496
NGO,YGJ,"1,818",$49.24,212 mi,5,$0.2323
PKX,COK,"1,818",$282.64,"3,278 mi",5,$0.0862
ICN,ECP,"1,818","$1,101.88","7,089 mi",5,$0.1554
KHH,JFK,"1,818",$987.31,"7,736 mi",5,$0.1276
PVG,KGD,"1,818",$402.30,"5,045 mi",5,$0.0797
HAN,RUN,"1,817",$402.95,"4,336 mi",5,$0.0929
BKK,RNO,"1,817",$857.52,"7,694 mi",5,$0.1115
ICN,PVD,"1,816","$1,211.52","6,644 mi",5,$0.1823
KBV,CSX,"1,816",$136.07,"1,720 mi",5,$0.0791
MFM,KMG,"1,816",$144.35,726 mi,5,$0.1988
PKX,VCE,"1,816",$333.24,"4,770 mi",5,$0.0699
SZX,DEL,"1,816",$499.68,"2,245 mi",5,$0.2226
CTU,RGN,"1,816",$105.79,"1,033 mi",5,$0.1024
SGN,FSM,"1,816",$735.51,"9,233 mi",5,$0.0797
DPS,DLI,"1,815",$153.52,"1,446 mi",5,$0.1062
MNL,LBV,"1,815",$813.23,"7,883 mi",5,$0.1032
HGH,MDL,"1,815",$172.33,"1,576 mi",5,$0.1093
CAN,LIM,"1,814",$906.11,"11,053 mi",5,$0.0820
PKX,KBR,"1,814",$189.25,"2,392 mi",5,$0.0791
MNL,OBO,"1,813",$325.49,"2,283 mi",5,$0.1426
SHE,YUL,"1,813","$1,121.44","6,135 mi",5,$0.1828
HND,JDZ,"1,812",$581.42,"1,341 mi",5,$0.4336
PEN,LOP,"1,811",$141.66,"1,425 mi",5,$0.0994
KHH,TAG,"1,811",$85.79,950 mi,5,$0.0903
NGO,HPH,"1,810",$149.05,"2,004 mi",5,$0.0744
KIX,DOY,"1,808",$99.60,915 mi,5,$0.1089
CRK,CGY,"1,808",$68.53,541 mi,5,$0.1267
SIN,PSA,"1,808",$801.26,"6,523 mi",5,$0.1228
BKK,GYS,"1,807",$124.32,"1,369 mi",5,$0.0908
KUL,YIN,"1,807",$128.15,"3,201 mi",5,$0.0400
WUH,ORD,"1,807",$825.34,"7,000 mi",5,$0.1179
CRK,CPH,"1,806",$449.27,"6,207 mi",5,$0.0724
BKK,MPL,"1,804",$724.85,"5,724 mi",5,$0.1266
HND,CFE,"1,804","$2,085.32","6,015 mi",5,$0.3467
CAN,SHF,"1,803",$208.24,"2,171 mi",5,$0.0959
DMK,PPS,"1,802",$23.18,"1,222 mi",5,$0.0190
KUL,KMJ,"1,802",$554.69,"2,723 mi",5,$0.2037
NGO,CMH,"1,802","$1,273.67","6,880 mi",5,$0.1851
KIX,DIN,"1,801",$184.15,"2,087 mi",5,$0.0882
TPE,TKS,"1,800",$338.88,986 mi,5,$0.3437
HAN,EZE,"1,800",$886.59,"10,767 mi",5,$0.0823
DVO,HKT,"1,799",$206.66,"1,817 mi",5,$0.1137
HKG,RIX,"1,799","$1,031.79","4,787 mi",5,$0.2155
SZX,TRZ,"1,799",$191.39,"2,529 mi",5,$0.0757
DAD,HAM,"1,798",$596.76,"5,487 mi",5,$0.1088
HAN,SKG,"1,798",$914.35,"4,767 mi",5,$0.1918
TSN,ZYI,"1,798",$157.16,944 mi,5,$0.1665
HND,SVG,"1,798",$944.57,"5,239 mi",5,$0.1803
NRT,ITO,"1,798",$395.29,"4,150 mi",5,$0.0953
BKK,GZP,"1,797",$321.50,"4,335 mi",5,$0.0742
KIX,DAR,"1,797","$1,102.76","7,035 mi",5,$0.1568
NRT,YQB,"1,797",$945.33,"6,209 mi",5,$0.1523
WUH,TGO,"1,797",$213.94,"1,015 mi",5,$0.2108
CRK,BRU,"1,797",$451.75,"6,279 mi",5,$0.0719
BKK,HNY,"1,796",$99.19,"1,157 mi",5,$0.0857
KUL,CLT,"1,796","$1,458.72","10,102 mi",5,$0.1444
SGN,LOS,"1,796",$756.98,"6,818 mi",5,$0.1110
KUL,SOC,"1,795",$249.82,916 mi,5,$0.2727
HND,UIH,"1,795",$228.93,"2,493 mi",5,$0.0918
ICN,BIL,"1,794",$926.13,"5,919 mi",5,$0.1565
PKX,TGG,"1,794",$205.91,"2,425 mi",5,$0.0849
CKG,DMM,"1,794",$424.21,"3,334 mi",5,$0.1272
CEB,DTW,"1,793",$940.73,"8,164 mi",5,$0.1152
ICN,MSQ,"1,793",$425.70,"4,355 mi",5,$0.0977
PEN,STR,"1,793","$1,109.32","5,811 mi",5,$0.1909
MNL,BHJ,"1,793",$540.17,"3,496 mi",5,$0.1545
KHH,ORD,"1,792",$969.50,"7,395 mi",5,$0.1311
PEK,CZL,"1,792",$485.90,"5,374 mi",5,$0.0904
TPE,UPG,"1,792",$228.75,"2,022 mi",5,$0.1131
BKK,DYG,"1,791",$134.99,"1,196 mi",5,$0.1129
NGO,VII,"1,791",$224.16,"2,272 mi",5,$0.0987
TPE,GDN,"1,791",$749.03,"5,467 mi",5,$0.1370
CGK,BCD,"1,791",$163.88,"1,573 mi",5,$0.1042
HND,TRZ,"1,790",$420.66,"4,042 mi",5,$0.1041
KIX,RSU,"1,790",$185.71,421 mi,5,$0.4411
LGK,XIY,"1,790",$203.75,"2,087 mi",5,$0.0976
USM,TLS,"1,790",$529.01,"6,378 mi",5,$0.0829
PEN,LGW,"1,789",$695.03,"6,574 mi",5,$0.1057
CAN,LBU,"1,789",$115.06,"1,219 mi",5,$0.0944
CAN,UTH,"1,789",$78.49,821 mi,5,$0.0956
DPS,JAI,"1,789",$321.44,"3,496 mi",5,$0.0919
KHH,HRB,"1,789",$214.42,"1,578 mi",5,$0.1359
NRT,HIR,"1,789","$1,264.83","3,274 mi",5,$0.3863
SIN,PUF,"1,789","$1,340.45","7,078 mi",5,$0.1894
LGK,MYY,"1,787",$112.54,960 mi,5,$0.1172
NRT,LIH,"1,787",$763.02,"3,600 mi",5,$0.2120
PEK,RMO,"1,787",$467.68,"4,058 mi",5,$0.1152
HKT,CCJ,"1,787",$85.37,"1,490 mi",5,$0.0573
PVG,LIH,"1,786","$1,573.43","4,960 mi",5,$0.3172
DAD,ILO,"1,786",$73.11,"1,056 mi",5,$0.0692
MFM,PEN,"1,785",$145.56,"1,421 mi",5,$0.1024
TPE,NAN,"1,785",$859.69,"4,657 mi",5,$0.1846
MNL,WUX,"1,785",$314.99,"1,139 mi",5,$0.2765
PEK,NLA,"1,784",$814.18,"6,491 mi",5,$0.1254
URC,JFK,"1,784","$1,085.99","6,674 mi",5,$0.1627
XMN,FLR,"1,784",$748.09,"6,011 mi",5,$0.1245
CGK,RIX,"1,784",$859.02,"6,110 mi",5,$0.1406
BKK,KLO,"1,782",$131.44,"1,420 mi",5,$0.0926
ICN,AUA,"1,782",$982.04,"9,087 mi",5,$0.1081
TPE,SJJ,"1,782",$939.92,"5,801 mi",5,$0.1620
CEB,JAX,"1,782",$789.75,"9,416 mi",5,$0.0839
HAN,PHL,"1,782","$1,011.48","8,461 mi",5,$0.1195
HND,BEY,"1,782",$703.67,"5,427 mi",5,$0.1297
KIX,RXS,"1,782",$151.35,"1,815 mi",5,$0.0834
CGO,BZX,"1,781",$101.62,444 mi,5,$0.2289
KBV,KHI,"1,781",$238.06,"2,325 mi",5,$0.1024
MNL,ADD,"1,781",$718.86,"5,382 mi",5,$0.1336
USM,CPT,"1,781",$643.25,"6,287 mi",5,$0.1023
HKG,NDG,"1,779",$149.33,"1,756 mi",5,$0.0850
KUL,SLC,"1,779","$1,003.30","9,018 mi",5,$0.1113
SIN,MTY,"1,779","$1,107.00","9,667 mi",5,$0.1145
DAD,ROI,"1,778",$64.87,285 mi,5,$0.2276
SIN,GOP,"1,778",$220.07,"2,154 mi",5,$0.1022
DPS,IDR,"1,777",$386.66,"3,541 mi",5,$0.1092
HAN,MMY,"1,777",$271.63,"1,224 mi",5,$0.2219
HND,SOC,"1,776",$502.12,"3,630 mi",5,$0.1383
MNL,HPH,"1,776",$444.15,"1,067 mi",5,$0.4163
CGK,CZX,"1,776",$280.53,"2,684 mi",5,$0.1045
PEK,BJL,"1,776","$1,517.55","7,912 mi",5,$0.1918
PKX,DIG,"1,774",$160.70,"1,292 mi",5,$0.1244
HGH,FLR,"1,773",$300.35,"5,480 mi",5,$0.0548
CGO,DIG,"1,772",$184.97,927 mi,5,$0.1995
KUL,NNY,"1,772",$264.60,"2,271 mi",5,$0.1165
PNH,MRS,"1,772",$526.49,"6,328 mi",5,$0.0832
CKG,RLK,"1,771",$195.83,754 mi,5,$0.2597
SIN,INV,"1,771",$867.69,"6,595 mi",5,$0.1316
HKG,QRO,"1,771",$748.01,"8,423 mi",5,$0.0888
NRT,KZN,"1,770",$244.17,"4,394 mi",5,$0.0556
ICN,UPG,"1,770",$346.01,"2,883 mi",5,$0.1200
KNO,LLJ,"1,770",$82.74,571 mi,5,$0.1449
SZX,HNL,"1,770",$588.79,"5,391 mi",5,$0.1092
CRK,MLA,"1,767",$691.25,"6,275 mi",5,$0.1102
NRT,JHG,"1,767",$190.82,"2,636 mi",5,$0.0724
PVG,DUD,"1,767",$803.90,"6,308 mi",5,$0.1274
MNL,INC,"1,766",$255.04,"1,816 mi",5,$0.1404
SHE,CPH,"1,766",$289.11,"4,734 mi",5,$0.0611
KBV,SYD,"1,766",$456.04,"4,615 mi",5,$0.0988
BKK,BES,"1,765",$842.35,"5,999 mi",5,$0.1404
CEB,STL,"1,765",$755.94,"8,138 mi",5,$0.0929
MNL,GAJ,"1,765",$372.88,"2,091 mi",5,$0.1783
LGK,DOH,"1,764",$179.63,"3,535 mi",5,$0.0508
KIX,SBW,"1,764",$239.49,"2,759 mi",5,$0.0868
ICN,KOP,"1,763",$167.64,"1,975 mi",5,$0.0849
NRT,SLP,"1,762","$1,268.99","6,974 mi",5,$0.1820
PKX,DLI,"1,762",$167.32,"1,921 mi",5,$0.0871
HGH,NAN,"1,762",$724.29,"5,186 mi",5,$0.1397
HKT,CLT,"1,762",$692.95,"9,159 mi",5,$0.0757
KUL,CRZ,"1,762",$291.01,"3,571 mi",5,$0.0815
KIX,TLQ,"1,762",$168.94,"2,448 mi",5,$0.0690
PVG,DRW,"1,762",$612.20,"3,161 mi",5,$0.1937
KIX,BOI,"1,761","$1,363.41","5,585 mi",5,$0.2441
NGO,SLC,"1,761",$830.66,"5,797 mi",5,$0.1433
SGN,MCY,"1,761",$347.89,"3,927 mi",5,$0.0886
SHE,HZA,"1,761",$107.15,628 mi,5,$0.1706
HAN,XNN,"1,760",$73.90,"1,050 mi",5,$0.0704
CAN,APL,"1,760",$808.59,"5,830 mi",5,$0.1387
XMN,MEX,"1,760",$566.57,"8,245 mi",5,$0.0687
CAN,MRV,"1,759",$283.17,"4,024 mi",5,$0.0704
ICN,VRN,"1,759",$971.96,"5,615 mi",5,$0.1731
XMN,KTM,"1,759",$188.71,"1,977 mi",5,$0.0955
BKK,IXJ,"1,759",$148.99,"2,031 mi",5,$0.0734
PEN,MXP,"1,759",$968.13,"6,213 mi",5,$0.1558
SZX,YYA,"1,759",$119.03,476 mi,5,$0.2501
BKK,DSS,"1,758",$975.10,"7,523 mi",5,$0.1296
ICN,JNU,"1,758",$711.80,"4,226 mi",5,$0.1684
DPS,HPH,"1,758",$192.48,"2,186 mi",5,$0.0881
MNL,SZG,"1,758",$522.57,"6,092 mi",5,$0.0858
SGN,SGF,"1,758","$1,236.04","9,136 mi",5,$0.1353
BKK,BWI,"1,757","$1,107.10","8,517 mi",5,$0.1300
HKG,POS,"1,757",$983.44,"10,444 mi",5,$0.0942
HKG,TCG,"1,757",$258.09,"2,466 mi",5,$0.1047
PEK,STL,"1,756","$1,629.14","6,528 mi",5,$0.2496
DAD,TAK,"1,755",$166.72,"2,095 mi",5,$0.0796
KUL,ABV,"1,754",$509.82,"6,297 mi",5,$0.0810
MNL,BBI,"1,754",$492.99,"2,420 mi",5,$0.2037
HKT,PAT,"1,754",$88.24,"1,443 mi",5,$0.0612
ICN,MDT,"1,754",$965.24,"7,079 mi",5,$0.1364
KIX,AOR,"1,753",$276.89,"3,044 mi",5,$0.0910
CGO,KTM,"1,753",$244.86,"1,691 mi",5,$0.1448
CNX,TDX,"1,752",$219.24,486 mi,5,$0.4511
BKK,HDG,"1,752",$98.90,"1,844 mi",5,$0.0536
HND,TRD,"1,752",$669.04,"5,196 mi",5,$0.1288
PEK,VNO,"1,752",$616.23,"4,198 mi",5,$0.1468
CGO,HDY,"1,751",$180.84,"2,027 mi",5,$0.0892
BKK,TAZ,"1,751",$244.99,"3,025 mi",5,$0.0810
HKG,PKU,"1,751",$184.38,"1,675 mi",5,$0.1101
HKT,LBJ,"1,751",$150.22,"1,933 mi",5,$0.0777
MNL,HSG,"1,751",$323.41,"1,371 mi",5,$0.2359
SHE,HYN,"1,751",$224.19,884 mi,5,$0.2536
USM,AUH,"1,751",$566.25,"3,250 mi",5,$0.1742
CGK,MWS,"1,750",$180.13,"1,124 mi",5,$0.1603
HKG,SPU,"1,749","$1,103.72","5,365 mi",5,$0.2057
PEN,PQC,"1,749",$76.92,409 mi,5,$0.1881
CAN,TTJ,"1,749",$324.07,"1,549 mi",5,$0.2092
HKG,AVV,"1,748",$627.35,"4,756 mi",5,$0.1319
PKX,SDJ,"1,747",$199.85,"1,358 mi",5,$0.1472
TPE,WEH,"1,747",$221.89,864 mi,5,$0.2568
HND,MYY,"1,747",$326.83,"2,631 mi",5,$0.1242
KBV,PER,"1,745",$175.31,"2,894 mi",5,$0.0606
HAN,URT,"1,745",$104.05,973 mi,5,$0.1069
ICN,VRC,"1,745",$162.44,"1,706 mi",5,$0.0952
SHE,LAS,"1,745",$543.37,"6,090 mi",5,$0.0892
TPE,BRE,"1,744","$1,084.54","5,870 mi",5,$0.1848
HKT,PDG,"1,744",$89.70,656 mi,5,$0.1367
HND,NOU,"1,744","$1,404.42","4,207 mi",5,$0.3338
SHE,NNY,"1,744",$204.03,869 mi,5,$0.2348
NRT,BHY,"1,743",$224.34,"2,176 mi",5,$0.1031
SGN,HSV,"1,743",$587.12,"8,900 mi",5,$0.0660
HKG,KKC,"1,743",$121.25,855 mi,5,$0.1418
KNO,ZRH,"1,743",$905.21,"6,229 mi",5,$0.1453
HAN,PHS,"1,742",$70.05,488 mi,5,$0.1435
CAN,JGD,"1,742",$230.47,"1,894 mi",5,$0.1217
HGH,LHE,"1,742",$554.62,"2,792 mi",5,$0.1986
HKT,PKU,"1,741",$80.96,588 mi,5,$0.1377
MNL,SKG,"1,741",$557.70,"5,803 mi",5,$0.0961
TSN,DOH,"1,741",$241.48,"3,992 mi",5,$0.0605
HAN,LYA,"1,741",$89.09,"1,046 mi",5,$0.0852
KBV,DUS,"1,741",$287.47,"6,054 mi",5,$0.0475
SGN,UBP,"1,741",$70.75,319 mi,5,$0.2218
CGK,EZE,"1,740","$1,127.40","9,164 mi",5,$0.1230
SIN,IVC,"1,740",$596.01,"5,242 mi",5,$0.1137
CEB,SLC,"1,739",$654.26,"7,648 mi",5,$0.0855
KNO,NGO,"1,739",$410.91,"3,149 mi",5,$0.1305
KUL,NNT,"1,739",$100.45,"1,079 mi",5,$0.0931
SIN,ESB,"1,739",$749.06,"5,005 mi",5,$0.1497
HAN,AOJ,"1,738",$301.57,"2,369 mi",5,$0.1273
KNO,MLG,"1,738",$236.13,"1,281 mi",5,$0.1843
PKX,HYD,"1,738",$279.03,"2,826 mi",5,$0.0987
BKK,OKC,"1,737",$914.65,"8,574 mi",5,$0.1067
HKG,HAV,"1,737","$1,987.74","8,846 mi",5,$0.2247
SIN,TOS,"1,737","$1,066.47","6,192 mi",5,$0.1722
URC,CJU,"1,737",$174.61,"2,265 mi",5,$0.0771
SGN,ROI,"1,737",$66.25,402 mi,5,$0.1648
KUL,MZV,"1,736",$113.32,935 mi,5,$0.1212
PVG,NSI,"1,736",$607.70,"7,050 mi",5,$0.0862
PEN,OKA,"1,736",$315.46,"2,243 mi",5,$0.1406
HKG,BEY,"1,735",$954.78,"4,595 mi",5,$0.2078
HKG,KTA,"1,735",$700.82,"2,890 mi",5,$0.2425
CGK,ONT,"1,734",$603.71,"9,289 mi",5,$0.0650
HND,DUR,"1,734","$1,699.44","8,103 mi",5,$0.2097
MNL,LCG,"1,733",$812.32,"7,542 mi",5,$0.1077
SIN,SEZ,"1,732",$737.78,"3,270 mi",5,$0.2256
RGN,KTM,"1,732",$263.36,"1,044 mi",5,$0.2523
HKG,ABJ,"1,731",$906.89,"7,592 mi",5,$0.1195
PNH,PDX,"1,731",$643.42,"7,736 mi",5,$0.0832
CGO,SEA,"1,731",$419.24,"5,619 mi",5,$0.0746
CTU,VIE,"1,731",$268.37,"4,430 mi",5,$0.0606
HND,KBV,"1,731",$410.65,"3,290 mi",5,$0.1248
PEK,MMB,"1,731",$237.72,"1,477 mi",5,$0.1609
CAN,NLA,"1,730",$548.38,"6,436 mi",5,$0.0852
HND,IBZ,"1,730","$2,933.43","6,450 mi",5,$0.4548
KIX,BNA,"1,730","$1,185.16","7,070 mi",5,$0.1676
MNL,DYG,"1,729",$188.61,"1,250 mi",5,$0.1509
PVG,GRR,"1,729","$2,218.17","6,825 mi",5,$0.3250
HKG,TRG,"1,729",$949.57,"5,613 mi",5,$0.1692
HKG,VRC,"1,729",$70.30,933 mi,5,$0.0753
MNL,ORN,"1,729",$637.35,"7,507 mi",5,$0.0849
SGN,MLA,"1,729",$571.51,"5,725 mi",5,$0.0998
PNH,CCU,"1,728",$180.14,"1,365 mi",5,$0.1320
CAN,LPQ,"1,728",$95.22,778 mi,5,$0.1224
KBV,SDK,"1,728",$113.28,"1,355 mi",5,$0.0836
HGH,NST,"1,727",$119.65,"2,059 mi",5,$0.0581
PVG,WUA,"1,727",$112.00,"1,063 mi",5,$0.1054
MNL,MPM,"1,726",$812.56,"6,756 mi",5,$0.1203
HKG,NTL,"1,726",$519.88,"4,418 mi",5,$0.1177
HKG,RSU,"1,725",$180.40,"1,162 mi",5,$0.1552
ICN,MIG,"1,725",$174.51,"1,263 mi",5,$0.1382
CAN,TAE,"1,725",$151.50,"1,298 mi",5,$0.1167
PKX,KAN,"1,725",$481.32,"6,412 mi",5,$0.0751
KIX,BAH,"1,724","$1,826.82","5,078 mi",5,$0.3598
USM,ALA,"1,724",$548.49,"2,796 mi",5,$0.1962
CAN,COO,"1,723",$813.42,"7,568 mi",5,$0.1075
SIN,GRZ,"1,723",$856.33,"5,899 mi",5,$0.1452
SIN,NDG,"1,723",$137.09,"3,286 mi",5,$0.0417
HND,ECP,"1,723","$1,344.43","6,795 mi",5,$0.1979
NRT,PBM,"1,723","$1,208.41","9,133 mi",5,$0.1323
ICN,PHC,"1,722",$539.35,"7,802 mi",5,$0.0691
SIN,LCY,"1,722","$1,210.44","6,537 mi",5,$0.1852
BWN,CAI,"1,722",$756.74,"5,490 mi",5,$0.1378
CKG,KNO,"1,721",$167.01,"1,928 mi",5,$0.0866
HGH,COK,"1,721",$247.61,"3,054 mi",5,$0.0811
HKG,IXB,"1,721",$201.71,"1,585 mi",5,$0.1273
SIN,CXB,"1,721",$197.12,"1,655 mi",5,$0.1191
PKX,POM,"1,720","$1,041.00","3,799 mi",5,$0.2740
SGN,IDR,"1,720",$134.67,"2,128 mi",5,$0.0633
BKK,CRZ,"1,720",$183.71,"2,945 mi",5,$0.0624
MNL,EUG,"1,720",$469.08,"6,523 mi",5,$0.0719
CEB,PNH,"1,719",$216.20,"1,262 mi",5,$0.1713
KUL,ONT,"1,719",$803.85,"8,567 mi",5,$0.0938
PKX,SCL,"1,719","$1,066.17","12,211 mi",5,$0.0873
WUH,ATH,"1,719",$389.03,"5,113 mi",5,$0.0761
TPE,YIH,"1,719",$173.71,727 mi,5,$0.2389
HKG,PMO,"1,718",$982.28,"5,654 mi",5,$0.1737
HND,HUZ,"1,718",$489.50,"1,790 mi",5,$0.2735
MNL,LUX,"1,717",$756.84,"6,700 mi",5,$0.1130
HND,XNA,"1,716","$1,115.57","6,570 mi",5,$0.1698
HKT,SJW,"1,716",$86.76,"2,391 mi",5,$0.0363
KBV,MLE,"1,716",$184.02,"1,716 mi",5,$0.1072
PEK,DYU,"1,716",$268.93,"2,448 mi",5,$0.1099
SGN,IKA,"1,716","$1,070.78","3,739 mi",5,$0.2864
SIN,CNN,"1,715",$194.43,"2,019 mi",5,$0.0963
HKG,YQB,"1,715","$1,405.75","7,421 mi",5,$0.1894
SHE,DLC,"1,715",$152.80,205 mi,5,$0.7454
TPE,IZO,"1,714",$205.77,"1,025 mi",5,$0.2008
MNL,OVD,"1,714",$723.19,"7,436 mi",5,$0.0973
USM,HYD,"1,714",$304.51,"1,500 mi",5,$0.2030
HGH,HEK,"1,713",$167.06,"1,380 mi",5,$0.1211
CGK,NKC,"1,713","$1,001.21","8,232 mi",5,$0.1216
KUL,KDI,"1,713",$231.45,"1,550 mi",5,$0.1493
MNL,SUV,"1,713",$976.95,"4,382 mi",5,$0.2229
CAN,RIX,"1,712",$996.86,"4,705 mi",5,$0.2119
HGH,ACC,"1,712",$641.76,"8,032 mi",5,$0.0799
BKK,FAO,"1,711",$512.53,"6,839 mi",5,$0.0749
CEB,SZX,"1,711",$208.53,"1,052 mi",5,$0.1982
HAN,HKD,"1,711",$268.13,"2,403 mi",5,$0.1116
BKK,HAC,"1,710",$536.35,"2,708 mi",5,$0.1981
MNL,ABX,"1,710",$571.76,"3,999 mi",5,$0.1430
SIN,HYN,"1,710",$283.26,"2,138 mi",5,$0.1325
SIN,WDS,"1,710",$213.66,"2,138 mi",5,$0.0999
SZX,EVN,"1,708",$400.57,"4,288 mi",5,$0.0934
ICN,TLH,"1,708","$1,024.53","7,123 mi",5,$0.1438
MNL,REC,"1,708","$1,240.62","10,427 mi",5,$0.1190
PEK,AUH,"1,708",$362.95,"3,811 mi",5,$0.0952
PNH,BLR,"1,708",$281.10,"1,889 mi",5,$0.1488
HGH,LPQ,"1,707",$76.02,"1,305 mi",5,$0.0583
SZX,BSZ,"1,707",$287.40,"2,728 mi",5,$0.1054
ICN,SJD,"1,706","$1,310.61","7,089 mi",5,$0.1849
KIX,NUE,"1,706",$617.92,"5,877 mi",5,$0.1051
BKK,DAT,"1,704",$94.58,"1,892 mi",5,$0.0500
CGK,BSL,"1,704","$1,330.27","6,747 mi",5,$0.1972
HND,BSB,"1,704","$1,298.16","11,326 mi",5,$0.1146
PKX,LCA,"1,704",$369.69,"4,268 mi",5,$0.0866
BKK,BSR,"1,703",$867.99,"3,450 mi",5,$0.2516
CRK,TAC,"1,703",$45.74,394 mi,5,$0.1161
KUL,ISG,"1,703",$458.70,"2,056 mi",5,$0.2231
KIX,PHL,"1,703","$1,468.43","7,155 mi",5,$0.2052
BKK,YQB,"1,702",$777.97,"7,982 mi",5,$0.0975
KIX,RIX,"1,701",$739.50,"4,820 mi",5,$0.1534
NRT,JIB,"1,701","$1,196.83","5,966 mi",5,$0.2006
SHE,LED,"1,701",$592.39,"4,015 mi",5,$0.1475
NRT,UPG,"1,701",$387.68,"3,221 mi",5,$0.1204
SGN,GRU,"1,701","$1,687.91","10,151 mi",5,$0.1663
SUB,IAH,"1,701","$1,299.05","10,337 mi",5,$0.1257
CGK,YYC,"1,700",$891.85,"8,811 mi",5,$0.1012
DMK,JED,"1,700",$50.83,"4,176 mi",5,$0.0122
CEB,SAN,"1,699",$922.79,"7,657 mi",5,$0.1205
HKG,ZNE,"1,699",$345.85,"3,280 mi",5,$0.1054
HND,TRV,"1,699",$514.82,"4,227 mi",5,$0.1218
KNO,CEI,"1,699",$109.65,"1,163 mi",5,$0.0943
CRK,IST,"1,698",$561.34,"5,454 mi",5,$0.1029
DPS,MRU,"1,698",$740.56,"4,025 mi",5,$0.1840
BKK,DCY,"1,697",$96.80,"1,113 mi",5,$0.0870
KUL,CJM,"1,697",$73.88,591 mi,5,$0.1250
NRT,SNA,"1,697","$1,033.56","5,311 mi",5,$0.1946
KUL,BHD,"1,696",$659.01,"6,554 mi",5,$0.1006
PVG,CCS,"1,696","$1,353.44","9,779 mi",5,$0.1384
DPS,EZE,"1,695","$1,204.19","9,116 mi",5,$0.1321
BKK,TUL,"1,695",$766.73,"9,088 mi",5,$0.0844
DVO,ORD,"1,695",$711.68,"8,691 mi",5,$0.0819
NRT,UNN,"1,695",$254.34,"3,079 mi",5,$0.0826
SGN,IXL,"1,695",$157.63,"2,515 mi",5,$0.0627
WUH,KCA,"1,695",$214.25,"1,939 mi",5,$0.1105
MNL,PHE,"1,694",$957.69,"2,488 mi",5,$0.3849
PEK,KGL,"1,694",$859.32,"5,934 mi",5,$0.1448
MFM,DSN,"1,693",$138.90,"1,181 mi",5,$0.1176
DPS,DRP,"1,693",$116.75,"1,570 mi",5,$0.0744
TPE,MTY,"1,693","$1,106.36","8,208 mi",5,$0.1348
KUL,VNS,"1,692",$153.67,"2,068 mi",5,$0.0743
WUH,DOH,"1,692",$361.89,"3,674 mi",5,$0.0985
BKK,SSH,"1,692",$422.45,"4,218 mi",5,$0.1002
BKK,GEG,"1,691","$1,149.90","7,360 mi",5,$0.1562
PNH,CZX,"1,691",$131.97,"1,749 mi",5,$0.0755
DAD,WNZ,"1,691",$141.14,"1,116 mi",5,$0.1265
HKG,SSA,"1,691","$1,344.49","10,816 mi",5,$0.1243
PNH,CXR,"1,690",$95.47,289 mi,5,$0.3303
CEB,DUS,"1,690",$450.87,"6,984 mi",5,$0.0646
CEB,MSY,"1,690",$693.97,"9,105 mi",5,$0.0762
HKG,FAO,"1,690","$1,347.37","7,067 mi",5,$0.1907
MNL,SYX,"1,690",$260.19,836 mi,5,$0.3112
HGH,YIE,"1,689",$122.30,"1,145 mi",5,$0.1068
CGK,SEZ,"1,689",$409.40,"3,411 mi",5,$0.1200
DPS,TNJ,"1,689",$418.82,961 mi,5,$0.4358
HND,VCL,"1,689",$332.81,"2,439 mi",5,$0.1365
PKX,NCL,"1,689",$595.74,"5,106 mi",5,$0.1167
URC,SCO,"1,689",$198.66,"1,743 mi",5,$0.1140
HAN,SLC,"1,688","$1,024.91","7,738 mi",5,$0.1325
RGN,HYD,"1,688",$176.68,"1,134 mi",5,$0.1558
KNO,CCU,"1,688",$142.64,"1,443 mi",5,$0.0988
TPE,YWG,"1,688",$880.08,"6,542 mi",5,$0.1345
HGH,DAR,"1,687",$573.30,"6,117 mi",5,$0.0937
BKK,FAT,"1,687",$585.60,"8,310 mi",5,$0.0705
ICN,SRQ,"1,687","$1,316.21","7,349 mi",5,$0.1791
ICN,MFE,"1,686","$1,054.86","6,955 mi",5,$0.1517
KUL,UKB,"1,686",$432.66,"2,987 mi",5,$0.1448
CKG,JED,"1,686",$410.53,"4,056 mi",5,$0.1012
SIN,TSA,"1,686",$223.08,"1,954 mi",5,$0.1142
HKG,JAX,"1,685","$1,410.50","8,385 mi",5,$0.1682
HND,USN,"1,684",$381.62,604 mi,5,$0.6318
HND,AAL,"1,684",$579.13,"5,241 mi",5,$0.1105
KNO,BOM,"1,684",$458.59,"1,992 mi",5,$0.2302
KUL,BEN,"1,684","$1,176.33","5,448 mi",5,$0.2159
PKX,CEK,"1,684",$252.00,"2,623 mi",5,$0.0961
RGN,DME,"1,683",$830.29,"3,907 mi",5,$0.2125
PVG,JMJ,"1,683",$187.71,"1,526 mi",5,$0.1230
DVO,HNL,"1,682",$548.95,"5,324 mi",5,$0.1031
LGK,LHE,"1,681",$296.23,"2,460 mi",5,$0.1204
USM,OTP,"1,681",$506.31,"4,819 mi",5,$0.1051
HAN,QKL,"1,681",$545.70,"5,622 mi",5,$0.0971
HND,BTU,"1,681",$220.63,"2,903 mi",5,$0.0760
HND,JAN,"1,681","$1,134.19","6,946 mi",5,$0.1633
SGN,DMM,"1,681",$762.97,"3,729 mi",5,$0.2046
NRT,TGD,"1,680",$658.67,"5,709 mi",5,$0.1154
PVG,VII,"1,680",$177.20,"1,282 mi",5,$0.1382
CRK,SWL,"1,679",$105.05,324 mi,5,$0.3242
KUL,FLR,"1,679",$734.61,"6,295 mi",5,$0.1167
KIX,TBS,"1,679",$430.95,"4,847 mi",5,$0.0889
TPE,OZC,"1,679",$99.04,"1,215 mi",5,$0.0815
DPS,KOJ,"1,678",$730.33,"3,074 mi",5,$0.2376
HAN,CLT,"1,678",$946.64,"8,257 mi",5,$0.1146
SGN,KUA,"1,678",$115.21,556 mi,5,$0.2072
SIN,HIA,"1,678",$127.34,"2,518 mi",5,$0.0506
CAN,AOJ,"1,678",$514.54,"2,048 mi",5,$0.2512
KUL,LPT,"1,678",$104.06,"1,115 mi",5,$0.0933
HGH,TRZ,"1,677",$237.63,"2,903 mi",5,$0.0819
ICN,LUM,"1,677",$159.03,"1,818 mi",5,$0.0875
NRT,ALC,"1,677",$907.29,"6,542 mi",5,$0.1387
CEB,YOW,"1,677",$581.02,"8,655 mi",5,$0.0671
XMN,GVA,"1,677",$485.25,"6,143 mi",5,$0.0790
CGK,ANC,"1,675","$1,210.07","7,243 mi",5,$0.1671
MNL,XRY,"1,675",$796.52,"7,724 mi",5,$0.1031
HND,GPT,"1,675",$860.95,"7,091 mi",5,$0.1214
MNL,ZHA,"1,675",$323.33,862 mi,5,$0.3751
PKX,HIJ,"1,674",$119.39,945 mi,5,$0.1263
WUH,LED,"1,674",$428.13,"4,074 mi",5,$0.1051
CAN,SJJ,"1,674",$404.78,"5,510 mi",5,$0.0735
CGK,KEF,"1,674",$784.05,"7,958 mi",5,$0.0985
KUL,DRP,"1,673",$152.19,"1,613 mi",5,$0.0944
HND,ILM,"1,673","$1,421.60","7,245 mi",5,$0.1962
CGO,AUH,"1,672",$149.93,"3,685 mi",5,$0.0407
KHH,KTM,"1,672",$230.92,"2,276 mi",5,$0.1015
BKK,VAR,"1,671",$605.94,"4,860 mi",5,$0.1247
PEN,KTI,"1,671",$126.18,510 mi,5,$0.2474
KHH,CGY,"1,670",$87.01,"1,033 mi",5,$0.0842
NGO,BMV,"1,670",$182.20,"2,430 mi",5,$0.0750
XMN,PER,"1,670",$468.37,"3,788 mi",5,$0.1236
HND,BDS,"1,670",$714.52,"5,827 mi",5,$0.1226
MFM,KOS,"1,669",$29.59,"1,067 mi",5,$0.0277
TPE,TUS,"1,669","$1,184.40","7,414 mi",5,$0.1598
CEB,TSN,"1,668",$324.28,"1,972 mi",5,$0.1644
HGH,UBP,"1,668",$86.19,"1,473 mi",5,$0.0585
HKT,YYC,"1,668",$605.44,"7,677 mi",5,$0.0789
SIN,MAQ,"1,668",$108.23,"1,089 mi",5,$0.0994
NRT,MVD,"1,668",$950.61,"11,164 mi",5,$0.0851
SGN,PHS,"1,667",$75.80,576 mi,5,$0.1316
ICN,DUR,"1,667",$728.18,"7,927 mi",5,$0.0919
SGN,BFV,"1,667",$64.89,392 mi,5,$0.1655
NRT,OKC,"1,666",$873.10,"6,078 mi",5,$0.1436
HND,JHB,"1,665",$163.20,"3,391 mi",5,$0.0481
DVO,SNO,"1,664",$149.67,"1,562 mi",5,$0.0958
BKK,GOJ,"1,664",$334.94,"4,060 mi",5,$0.0825
NGO,SVO,"1,663",$290.98,"4,732 mi",5,$0.0615
PVG,BTJ,"1,663",$193.29,"2,387 mi",5,$0.0810
HGH,RAI,"1,663",$345.03,"8,244 mi",5,$0.0419
BKK,LZY,"1,662",$130.55,"1,190 mi",5,$0.1097
CGK,ACC,"1,662","$1,418.32","7,633 mi",5,$0.1858
HKT,POZ,"1,661",$412.37,"5,254 mi",5,$0.0785
KBV,MCT,"1,661",$364.65,"2,983 mi",5,$0.1222
PVG,TUL,"1,661","$1,908.70","7,397 mi",5,$0.2580
WUH,MEX,"1,660",$942.76,"8,073 mi",5,$0.1168
CGO,BLR,"1,659",$596.92,"2,613 mi",5,$0.2284
BKK,HTA,"1,658",$294.39,"2,657 mi",5,$0.1108
KUL,BRE,"1,658",$494.22,"6,374 mi",5,$0.0775
PEK,LEJ,"1,658",$765.93,"4,513 mi",5,$0.1697
KBV,SAI,"1,657",$210.84,524 mi,5,$0.4024
KUL,HAC,"1,657",$559.15,"3,329 mi",5,$0.1680
NRT,YQQ,"1,657",$452.48,"4,441 mi",5,$0.1019
BKK,SGC,"1,656",$321.50,"3,670 mi",5,$0.0876
PKX,BHX,"1,656",$577.25,"4,931 mi",5,$0.1171
DAD,PRG,"1,656",$415.44,"5,709 mi",5,$0.0728
TPE,ABZ,"1,656","$1,120.70","5,701 mi",5,$0.1966
CNX,CJM,"1,655",$77.49,575 mi,5,$0.1348
DPS,WGA,"1,655",$637.96,"2,818 mi",5,$0.2264
PVG,ROC,"1,654","$1,635.86","6,944 mi",5,$0.2356
CAN,LNJ,"1,653",$205.97,866 mi,5,$0.2378
HND,PXU,"1,653",$183.64,"2,394 mi",5,$0.0767
BKK,IXU,"1,652",$130.44,"1,676 mi",5,$0.0778
BKK,VOG,"1,652",$258.22,"3,876 mi",5,$0.0666
CAN,YOW,"1,651",$996.76,"7,885 mi",5,$0.1264
CGK,GOT,"1,651",$862.01,"6,939 mi",5,$0.1242
KIX,TGO,"1,651",$120.62,969 mi,5,$0.1245
SGN,LST,"1,651",$292.51,"4,308 mi",5,$0.0679
DPS,HIJ,"1,650",$835.62,"3,298 mi",5,$0.2534
HAN,KCZ,"1,650",$248.89,"1,844 mi",5,$0.1350
HKG,DIN,"1,650",$222.97,681 mi,5,$0.3274
HKT,ALG,"1,650",$658.69,"5,978 mi",5,$0.1102
XMN,CPT,"1,650",$426.10,"7,433 mi",5,$0.0573
SGN,LXA,"1,649",$193.51,"1,680 mi",5,$0.1152
CAN,NCL,"1,649",$383.03,"5,983 mi",5,$0.0640
DVO,SJI,"1,649",$29.21,492 mi,5,$0.0594
MFM,KKC,"1,648",$79.42,830 mi,5,$0.0957
CNX,HET,"1,648",$117.63,"1,756 mi",5,$0.0670
MNL,SEZ,"1,648",$642.97,"4,536 mi",5,$0.1417
SIN,TFS,"1,648","$1,327.29","7,771 mi",5,$0.1708
HGH,YIA,"1,647",$277.43,"2,641 mi",5,$0.1050
KIX,LCA,"1,647","$1,114.35","5,310 mi",5,$0.2099
BKK,IBZ,"1,645",$710.58,"6,302 mi",5,$0.1128
CGK,MPH,"1,645",$168.30,"1,680 mi",5,$0.1002
KUL,TTJ,"1,645",$443.94,"3,164 mi",5,$0.1403
PEK,AMD,"1,645",$546.32,"2,722 mi",5,$0.2007
HAN,JJN,"1,644",$121.96,824 mi,5,$0.1480
HND,KBR,"1,644",$266.28,"3,219 mi",5,$0.0827
HND,POM,"1,644",$688.93,"3,240 mi",5,$0.2126
KIX,LAO,"1,644",$108.70,"1,485 mi",5,$0.0732
HAN,SHJ,"1,643",$254.86,"3,282 mi",5,$0.0777
ICN,YCU,"1,643",$186.82,847 mi,5,$0.2206
PVG,MPH,"1,643",$186.99,"1,288 mi",5,$0.1452
CAN,AYT,"1,642",$351.12,"5,015 mi",4,$0.0700
KUL,KCZ,"1,642",$673.60,"2,873 mi",4,$0.2345
CEB,GUM,"1,642",$294.86,"1,467 mi",4,$0.2010
CGO,GMP,"1,641",$92.55,730 mi,4,$0.1268
SIN,DNH,"1,641",$227.80,"2,657 mi",4,$0.0857
CGK,ADD,"1,641",$810.84,"4,644 mi",4,$0.1746
KBV,IDR,"1,641",$118.88,"1,786 mi",4,$0.0666
SGN,ABJ,"1,639",$724.23,"7,761 mi",4,$0.0933
TPE,PDG,"1,639",$181.65,"2,341 mi",4,$0.0776
CKG,YTW,"1,638",$165.11,"1,557 mi",4,$0.1060
KBV,BAH,"1,638",$239.64,"3,303 mi",4,$0.0726
KIX,DQA,"1,637",$217.23,"1,031 mi",4,$0.2107
HAN,ROI,"1,636",$65.37,366 mi,4,$0.1786
PEK,GYE,"1,636","$1,290.24","9,909 mi",4,$0.1302
USM,SFO,"1,636","$1,064.62","7,933 mi",4,$0.1342
HAN,TRZ,"1,635",$201.59,"1,993 mi",4,$0.1011
KBV,BHX,"1,635",$661.66,"6,034 mi",4,$0.1097
MNL,GMP,"1,635",$147.42,"1,582 mi",4,$0.0932
CKG,JHB,"1,634",$152.62,"1,892 mi",4,$0.0807
RGN,VBP,"1,634",$192.43,421 mi,4,$0.4571
HND,YLW,"1,634",$641.04,"4,672 mi",4,$0.1372
MNL,SYO,"1,634",$680.43,"2,092 mi",4,$0.3253
SGN,NST,"1,634",$74.85,497 mi,4,$0.1506
RGN,DUS,"1,633",$452.06,"5,126 mi",4,$0.0882
CGK,PPS,"1,632",$153.84,"1,418 mi",4,$0.1085
CKG,OSL,"1,632",$325.89,"4,778 mi",4,$0.0682
HND,TNR,"1,632","$1,477.04","7,302 mi",4,$0.2023
PEN,BRU,"1,632",$819.57,"5,999 mi",4,$0.1366
ICN,HAC,"1,630",$164.22,785 mi,4,$0.2092
ICN,PSC,"1,629","$1,208.53","5,209 mi",4,$0.2320
KHH,TAC,"1,629",$85.53,868 mi,4,$0.0985
PVG,TOS,"1,629",$549.37,"4,643 mi",4,$0.1183
BKK,TUG,"1,629",$133.41,"1,379 mi",4,$0.0967
HKG,DUD,"1,629",$856.98,"6,059 mi",4,$0.1414
HND,JER,"1,629","$2,231.87","5,949 mi",4,$0.3752
TPE,SJO,"1,628",$855.79,"9,753 mi",4,$0.0877
BKK,JGS,"1,628",$100.39,"1,244 mi",4,$0.0807
CEB,SJI,"1,628",$6.39,237 mi,4,$0.0270
CGK,KRK,"1,628",$850.23,"6,212 mi",4,$0.1369
HAN,BEG,"1,628",$328.41,"4,834 mi",4,$0.0679
ICN,VLI,"1,628",$667.07,"4,823 mi",4,$0.1383
CKG,LGK,"1,627",$123.65,"1,727 mi",4,$0.0716
HKT,IXB,"1,627",$106.66,"1,483 mi",4,$0.0719
KUL,LUN,"1,627",$541.40,"5,312 mi",4,$0.1019
KUL,DCY,"1,625",$253.34,"1,894 mi",4,$0.1338
HKT,UUD,"1,624",$215.86,"2,971 mi",4,$0.0727
SIN,TRD,"1,623",$865.07,"6,416 mi",4,$0.1348
SIN,YTY,"1,623",$280.17,"2,458 mi",4,$0.1140
NRT,SDF,"1,622","$1,354.57","6,735 mi",4,$0.2011
HND,AUH,"1,622",$744.25,"5,148 mi",4,$0.1446
KIX,CLE,"1,621","$1,493.20","6,491 mi",4,$0.2300
MNL,TAM,"1,621","$1,282.22","9,039 mi",4,$0.1419
PEN,DTW,"1,621","$1,557.38","9,420 mi",4,$0.1653
CAN,TSA,"1,621",$120.48,517 mi,4,$0.2330
HGH,DMM,"1,621",$522.34,"4,105 mi",4,$0.1272
DAD,ZAM,"1,620",$94.77,"1,095 mi",4,$0.0865
ICN,IVL,"1,619",$765.96,"4,170 mi",4,$0.1837
TPE,ZAM,"1,619",$106.98,"1,218 mi",4,$0.0878
CEB,QYG,"1,619",$316.28,"6,271 mi",4,$0.0504
ICN,ROR,"1,619",$283.93,"2,077 mi",4,$0.1367
PVG,ALB,"1,619","$1,224.74","7,453 mi",4,$0.1643
PVG,ROB,"1,619","$1,093.49","8,109 mi",4,$0.1348
DAD,MPH,"1,618",$70.20,994 mi,4,$0.0706
DVO,AUH,"1,618",$393.57,"4,677 mi",4,$0.0842
KUL,NGS,"1,618",$578.77,"2,853 mi",4,$0.2029
BKK,RSW,"1,617","$1,400.12","9,942 mi",4,$0.1408
CGK,KMJ,"1,616",$636.13,"3,220 mi",4,$0.1976
NRT,HUZ,"1,616",$426.52,"1,722 mi",4,$0.2477
TPE,RXS,"1,616",$71.61,964 mi,4,$0.0743
SIN,DGH,"1,615",$160.45,"2,028 mi",4,$0.0791
ICN,DQA,"1,615",$104.63,626 mi,4,$0.1671
KIX,QYG,"1,615",$314.57,"5,589 mi",4,$0.0563
CEB,CLE,"1,614",$562.73,"8,759 mi",4,$0.0642
DPS,NTE,"1,614",$898.73,"7,672 mi",4,$0.1171
HND,TGG,"1,614",$240.17,"3,219 mi",4,$0.0746
PEN,LDU,"1,614",$319.07,"1,205 mi",4,$0.2648
KUL,SYO,"1,613",$698.91,"3,351 mi",4,$0.2086
SHE,TAS,"1,613",$252.10,"2,842 mi",4,$0.0887
SIN,SHS,"1,613",$135.64,"2,013 mi",4,$0.0674
HND,ORK,"1,613","$1,497.73","5,918 mi",4,$0.2531
PKX,PXU,"1,613",$187.33,"1,780 mi",4,$0.1052
CEB,GOT,"1,612",$386.92,"6,198 mi",4,$0.0624
KBV,NGO,"1,612",$238.81,"3,114 mi",4,$0.0767
CGO,QSZ,"1,612",$262.90,"2,109 mi",4,$0.1247
KUL,LFQ,"1,612",$157.21,"2,312 mi",4,$0.0680
SIN,IAO,"1,612",$163.23,"1,672 mi",4,$0.0976
CAN,RUN,"1,611",$576.98,"5,095 mi",4,$0.1132
USM,VCE,"1,611",$394.27,"5,807 mi",4,$0.0679
HKG,KHN,"1,610",$131.03,455 mi,4,$0.2880
HKG,PBO,"1,610",$356.33,"3,058 mi",4,$0.1165
HKG,BGO,"1,609",$795.61,"5,656 mi",4,$0.1407
SZX,UBJ,"1,609",$455.97,"1,354 mi",4,$0.3368
CGO,YTW,"1,609",$189.14,"1,852 mi",4,$0.1021
SZX,KKC,"1,609",$82.56,860 mi,4,$0.0960
CEB,BGO,"1,607",$553.02,"6,728 mi",4,$0.0822
BKK,MIG,"1,607",$128.77,"1,290 mi",4,$0.0998
KNO,DXB,"1,606",$832.28,"3,152 mi",4,$0.2640
HND,VPS,"1,605","$1,628.75","7,181 mi",4,$0.2268
HAN,GAU,"1,605",$74.71,989 mi,4,$0.0755
RGN,JHB,"1,605",$124.97,"1,208 mi",4,$0.1035
CGK,YOW,"1,604","$1,725.66","9,432 mi",4,$0.1830
NRT,LJG,"1,604",$219.29,"2,362 mi",4,$0.0928
HAN,TST,"1,603",$103.35,"1,003 mi",4,$0.1030
KUL,PZU,"1,603",$324.57,"4,630 mi",4,$0.0701
NGO,INC,"1,603",$270.11,"1,645 mi",4,$0.1642
CTU,LHE,"1,602",$401.29,"1,693 mi",4,$0.2370
HND,WRO,"1,602","$1,602.68","5,687 mi",4,$0.2818
KNO,SKJ,"1,602",$344.02,746 mi,4,$0.4612
BWN,JHB,"1,601",$175.93,785 mi,4,$0.2241
CKG,LUN,"1,601",$367.61,"6,240 mi",4,$0.0589
PEK,PMI,"1,601",$400.30,"5,370 mi",4,$0.0745
SGN,MEX,"1,601","$1,038.56","10,000 mi",4,$0.1039
BKK,TIR,"1,600",$81.48,"1,466 mi",4,$0.0556
KNO,AOR,"1,600",$56.54,200 mi,4,$0.2827
CAN,LYS,"1,600",$486.57,"5,708 mi",4,$0.0852
HAN,STN,"1,600",$470.60,"5,530 mi",4,$0.0851
PEK,GUW,"1,600",$399.53,"3,278 mi",4,$0.1219
SIN,MSN,"1,600","$2,419.19","9,530 mi",4,$0.2538
KUL,UBJ,"1,599",$761.47,"2,789 mi",4,$0.2730
WUH,TLQ,"1,599",$184.67,"1,663 mi",4,$0.1110
CNX,AMD,"1,599",$116.24,"1,670 mi",4,$0.0696
DVO,UTH,"1,598",$143.13,"1,645 mi",4,$0.0870
CAN,SDQ,"1,596",$795.26,"9,826 mi",4,$0.0809
KUL,UNN,"1,596",$73.08,547 mi,4,$0.1336
HND,KTT,"1,596",$791.88,"4,418 mi",4,$0.1792
PKX,BLR,"1,596",$352.54,"3,059 mi",4,$0.1152
CGK,TAG,"1,595",$171.11,"1,658 mi",4,$0.1032
HGH,ABV,"1,595",$429.19,"7,030 mi",4,$0.0611
HAN,DRP,"1,594",$94.46,"1,266 mi",4,$0.0746
HKG,UKB,"1,594",$271.85,"1,498 mi",4,$0.1815
SZX,KKJ,"1,594",$351.26,"1,339 mi",4,$0.2623
HGH,PKU,"1,594",$196.15,"2,333 mi",4,$0.0841
CAN,KKC,"1,593",$76.70,809 mi,4,$0.0948
HND,TVC,"1,593","$1,146.15","6,019 mi",4,$0.1904
KUL,AER,"1,593",$395.23,"4,551 mi",4,$0.0868
SGN,MMY,"1,593",$236.41,"1,604 mi",4,$0.1474
HAN,YCU,"1,593",$142.08,981 mi,4,$0.1448
HKG,GIB,"1,593","$2,143.37","6,576 mi",4,$0.3259
KIX,BTU,"1,592",$422.28,"2,514 mi",4,$0.1680
BKK,SPU,"1,592",$562.15,"5,136 mi",4,$0.1095
CKG,YBP,"1,592",$45.35,137 mi,4,$0.3310
BKK,KRS,"1,591",$363.69,"5,678 mi",4,$0.0641
HND,EVV,"1,591","$2,189.33","6,324 mi",4,$0.3462
KUL,PBM,"1,591","$2,054.01","11,067 mi",4,$0.1856
PVG,POS,"1,591","$1,307.45","9,259 mi",4,$0.1412
HKT,LOP,"1,589",$162.30,"1,751 mi",4,$0.0927
PKX,BTU,"1,589",$216.22,"2,447 mi",4,$0.0884
BKK,SJU,"1,589",$738.71,"10,341 mi",4,$0.0714
CGK,JNG,"1,589",$323.80,"3,049 mi",4,$0.1062
CRK,PDX,"1,589",$473.19,"6,887 mi",4,$0.0687
HKT,SYX,"1,589",$144.53,995 mi,4,$0.1453
HGH,HNL,"1,586",$697.89,"5,162 mi",4,$0.1352
ICN,PPG,"1,586","$1,712.33","5,256 mi",4,$0.3258
KIX,SHF,"1,586",$193.34,"2,592 mi",4,$0.0746
PVG,JIB,"1,586",$703.18,"5,296 mi",4,$0.1328
PKX,ADL,"1,586",$535.06,"5,174 mi",4,$0.1034
DAD,BRU,"1,586",$586.44,"6,116 mi",4,$0.0959
HND,BHY,"1,586",$353.35,"2,014 mi",4,$0.1754
SIN,ABX,"1,586",$489.04,"3,895 mi",4,$0.1256
SZX,URT,"1,586",$103.66,"1,307 mi",4,$0.0793
HAN,TUN,"1,585",$468.40,"5,475 mi",4,$0.0856
SZX,UPG,"1,584",$157.69,"1,894 mi",4,$0.0833
CAN,KMQ,"1,583",$273.77,"1,692 mi",4,$0.1618
ICN,PVR,"1,582","$1,174.59","7,415 mi",4,$0.1584
KIX,DRW,"1,582",$679.91,"3,152 mi",4,$0.2157
SIN,PPP,"1,582",$397.89,"3,270 mi",4,$0.1217
CKG,GYD,"1,581",$242.79,"3,131 mi",4,$0.0775
HAN,PBH,"1,581",$129.76,"1,148 mi",4,$0.1130
CKG,DEL,"1,581",$466.96,"1,726 mi",4,$0.2705
KIX,DNH,"1,581",$217.00,"2,305 mi",4,$0.0941
NRT,VDH,"1,581",$224.24,"2,493 mi",4,$0.0899
SIN,DLA,"1,581",$804.09,"6,701 mi",4,$0.1200
WUH,FRU,"1,581",$319.23,"2,397 mi",4,$0.1332
KIX,YIA,"1,580",$480.77,"3,255 mi",4,$0.1477
URC,DQA,"1,580",$223.01,"1,877 mi",4,$0.1188
CGK,NTG,"1,579",$211.94,"2,887 mi",4,$0.0734
SZX,SZB,"1,579",$5.22,"1,532 mi",4,$0.0034
PKX,BMV,"1,578",$186.15,"1,980 mi",4,$0.0940
RGN,KHI,"1,578",$344.94,"2,003 mi",4,$0.1722
BKK,ABQ,"1,576","$1,209.86","8,881 mi",4,$0.1362
CKG,TIJ,"1,576",$576.62,"7,055 mi",4,$0.0817
HKT,QYG,"1,576",$458.14,"5,742 mi",4,$0.0798
URC,CGD,"1,576",$191.73,"1,635 mi",4,$0.1173
CNX,PDX,"1,575",$531.75,"7,503 mi",4,$0.0709
ICN,BJX,"1,575",$789.09,"7,556 mi",4,$0.1044
ICN,LUN,"1,575",$696.73,"7,070 mi",4,$0.0985
PKX,SOF,"1,575",$335.31,"4,719 mi",4,$0.0711
PVG,NPE,"1,575","$1,040.40","5,840 mi",4,$0.1782
HKT,AAL,"1,574",$392.12,"5,861 mi",4,$0.0669
KBV,MSQ,"1,574",$396.04,"5,145 mi",4,$0.0770
BKK,MDC,"1,573",$231.33,"1,909 mi",4,$0.1212
KBV,HEL,"1,573",$652.25,"5,032 mi",4,$0.1296
MNL,TTJ,"1,573",$379.22,"1,715 mi",4,$0.2211
HND,AEP,"1,573",$690.49,"11,064 mi",4,$0.0624
DVO,MCO,"1,572",$788.24,"9,675 mi",4,$0.0815
SIN,ZYL,"1,572",$231.99,"1,875 mi",4,$0.1237
CGK,TLL,"1,572",$833.32,"6,108 mi",4,$0.1364
ICN,BIS,"1,572","$1,131.22","5,747 mi",4,$0.1968
NRT,ABV,"1,572","$1,345.17","8,337 mi",4,$0.1613
ICN,FSD,"1,571",$967.87,"6,404 mi",4,$0.1511
HKG,HLH,"1,571",$127.44,"1,763 mi",4,$0.0723
PEN,LHE,"1,570",$325.23,"2,541 mi",4,$0.1280
SGN,GPT,"1,569",$498.84,"9,684 mi",4,$0.0515
CAN,HEK,"1,569",$277.71,"2,058 mi",4,$0.1349
KHH,DIN,"1,569",$114.75,"1,147 mi",4,$0.1000
CEB,YQR,"1,568",$467.90,"7,106 mi",4,$0.0658
SGN,YYJ,"1,568",$726.18,"7,103 mi",4,$0.1022
CGK,URY,"1,568",$355.91,"5,402 mi",4,$0.0659
DAD,PPS,"1,568",$42.93,858 mi,4,$0.0500
SGN,CMN,"1,568",$554.05,"7,366 mi",4,$0.0752
KHH,DXB,"1,567",$517.32,"4,190 mi",4,$0.1235
CGK,RKT,"1,566",$485.15,"4,167 mi",4,$0.1164
HAN,VVO,"1,566",$200.12,"2,218 mi",4,$0.0902
ICN,ROC,"1,566","$1,464.81","6,466 mi",4,$0.2265
URC,WEH,"1,566",$226.14,"1,812 mi",4,$0.1248
DPS,CLE,"1,565","$1,161.22","10,251 mi",4,$0.1133
KNO,UBP,"1,564",$93.31,873 mi,4,$0.1069
MNL,CZM,"1,564","$1,017.75","9,642 mi",4,$0.1056
WUH,IKA,"1,564",$373.65,"3,710 mi",4,$0.1007
HND,COS,"1,564",$737.19,"5,680 mi",4,$0.1298
KIX,HZA,"1,564",$103.66,"1,139 mi",4,$0.0910
SGN,FUG,"1,564",$92.58,"1,581 mi",4,$0.0586
USM,JFK,"1,563","$1,310.15","8,678 mi",4,$0.1510
PEK,SHB,"1,563",$307.08,"1,517 mi",4,$0.2024
HKG,SAT,"1,562","$1,465.59","8,505 mi",4,$0.1723
NRT,YXS,"1,562",$523.60,"4,391 mi",4,$0.1192
SIN,VVO,"1,562",$593.19,"3,281 mi",4,$0.1808
SZX,YGJ,"1,561",$951.78,"1,422 mi",4,$0.6693
CTU,KTM,"1,560",$194.20,"1,172 mi",4,$0.1657
HAN,SZG,"1,560",$467.31,"5,111 mi",4,$0.0914
CAN,USM,"1,559",$309.41,"1,257 mi",4,$0.2461
NRT,LOP,"1,559",$430.19,"3,557 mi",4,$0.1209
BKK,FIH,"1,559",$659.19,"6,155 mi",4,$0.1071
HKG,POA,"1,559","$1,258.62","11,712 mi",4,$0.1075
PNH,YNZ,"1,559",$131.61,"1,743 mi",4,$0.0755
SIN,AYT,"1,559",$740.98,"5,079 mi",4,$0.1459
NRT,RSW,"1,558","$2,006.32","7,110 mi",4,$0.2822
PVG,HAC,"1,558",$168.77,"1,091 mi",4,$0.1547
PEK,KAN,"1,558",$609.99,"6,803 mi",4,$0.0897
SIN,MEM,"1,558","$3,362.20","10,057 mi",4,$0.3343
URC,MAD,"1,558",$465.14,"4,281 mi",4,$0.1087
HND,GDN,"1,557","$1,049.37","5,155 mi",4,$0.2036
MNL,AUA,"1,557","$1,042.56","10,736 mi",4,$0.0971
PKX,HPH,"1,557",$129.09,"1,455 mi",4,$0.0887
CKG,TAK,"1,556",$143.51,"1,580 mi",4,$0.0908
BKK,LST,"1,556",$526.49,"4,683 mi",4,$0.1124
SIN,FUG,"1,556",$107.11,"2,238 mi",4,$0.0479
NRT,EVN,"1,555",$811.38,"4,813 mi",4,$0.1686
SGN,TRZ,"1,555",$223.51,"1,839 mi",4,$0.1215
DAD,DAC,"1,555",$256.13,"1,236 mi",4,$0.2072
ICN,FIH,"1,555",$853.58,"7,776 mi",4,$0.1098
HND,GDL,"1,554","$1,450.80","6,981 mi",4,$0.2078
HND,YXE,"1,554",$598.61,"5,331 mi",4,$0.1123
HKT,SVG,"1,554",$379.51,"6,009 mi",4,$0.0632
MNL,TYS,"1,553",$858.72,"8,336 mi",4,$0.1030
PEK,RAK,"1,553","$1,046.67","6,538 mi",4,$0.1601
SUB,YYZ,"1,553","$2,323.39","9,523 mi",4,$0.2440
XMN,ARN,"1,553",$379.30,"5,260 mi",4,$0.0721
KBV,VTE,"1,552",$102.26,702 mi,4,$0.1457
RGN,MXP,"1,552",$440.88,"5,424 mi",4,$0.0813
NGO,XNN,"1,552",$118.84,"1,886 mi",4,$0.0630
TPE,FSZ,"1,552",$56.05,"1,178 mi",4,$0.0476
NRT,BAV,"1,551",$225.93,"1,625 mi",4,$0.1390
NRT,QRO,"1,551","$1,343.52","7,091 mi",4,$0.1895
CGK,DYG,"1,550",$249.43,"2,520 mi",4,$0.0990
XMN,AKA,"1,550",$278.44,816 mi,4,$0.3412
CAN,NAP,"1,550",$647.12,"5,786 mi",4,$0.1118
CGK,MSQ,"1,550","$1,929.86","5,919 mi",4,$0.3260
CKG,DUB,"1,550",$317.06,"5,272 mi",4,$0.0601
HKG,MPL,"1,550",$961.70,"5,904 mi",4,$0.1629
SIN,DIG,"1,550",$104.51,"1,793 mi",4,$0.0583
BKK,GDX,"1,549",$290.98,"4,185 mi",4,$0.0695
NGO,DUS,"1,549","$1,363.58","5,585 mi",4,$0.2442
NGO,VCL,"1,549",$166.87,"2,265 mi",4,$0.0737
PEK,MVD,"1,549","$1,737.96","12,250 mi",4,$0.1419
CRK,BLQ,"1,548",$424.73,"6,197 mi",4,$0.0685
CRK,HEL,"1,548",$528.27,"5,663 mi",4,$0.0933
NRT,BPN,"1,548",$346.66,"3,062 mi",4,$0.1132
NRT,BSZ,"1,548",$713.23,"3,567 mi",4,$0.2000
KNO,COK,"1,547",$159.59,"1,557 mi",4,$0.1025
PVG,NST,"1,547",$148.26,"2,165 mi",4,$0.0685
SIN,FAO,"1,547","$1,151.27","7,580 mi",4,$0.1519
HND,KOW,"1,547",$307.82,"1,672 mi",4,$0.1841
MNL,SAL,"1,546","$1,157.65","9,903 mi",4,$0.1169
TPE,SZG,"1,546",$843.01,"5,555 mi",4,$0.1518
MNL,SNA,"1,546","$1,432.96","7,551 mi",4,$0.1898
SIN,DZH,"1,545",$162.69,"2,002 mi",4,$0.0813
SIN,MMB,"1,545",$385.88,"3,947 mi",4,$0.0978
TSN,SEA,"1,545",$855.20,"5,259 mi",4,$0.1626
HAN,YWG,"1,544",$491.16,"7,103 mi",4,$0.0691
NRT,VLI,"1,544","$1,024.21","4,245 mi",4,$0.2413
NRT,TUL,"1,543","$1,273.82","6,480 mi",4,$0.1966
HKT,BTU,"1,542",$103.84,"1,036 mi",4,$0.1002
URC,ERL,"1,542",$91.74,"1,189 mi",4,$0.0772
CEB,KMG,"1,541",$166.21,"1,665 mi",4,$0.0998
NGO,GSO,"1,541","$2,370.23","7,203 mi",4,$0.3291
PKX,ORD,"1,541",$928.34,"6,405 mi",4,$0.1449
PNH,BCN,"1,541",$643.53,"6,529 mi",4,$0.0986
MNL,DBV,"1,541",$691.26,"5,985 mi",4,$0.1155
NRT,LOE,"1,541",$196.39,"2,759 mi",4,$0.0712
HKG,TUS,"1,540","$1,078.53","7,878 mi",4,$0.1369
HND,BAV,"1,540",$400.41,"1,697 mi",4,$0.2360
CNX,DUB,"1,539",$425.32,"5,954 mi",4,$0.0714
CAN,CGN,"1,539",$947.74,"5,804 mi",4,$0.1633
DPS,QYG,"1,539",$496.64,"6,984 mi",4,$0.0711
TPE,SHO,"1,539","$1,026.29","7,148 mi",4,$0.1436
SGN,SRG,"1,538",$338.38,"1,294 mi",4,$0.2615
MNL,PPP,"1,537",$599.14,"3,149 mi",4,$0.1903
NRT,BSL,"1,537","$1,137.37","5,804 mi",4,$0.1960
HAN,TRV,"1,536",$164.17,"2,178 mi",4,$0.0754
RGN,HAM,"1,536",$614.28,"4,972 mi",4,$0.1235
BKK,SHF,"1,536",$159.92,"2,215 mi",4,$0.0722
SZX,MAA,"1,536",$356.44,"2,373 mi",4,$0.1502
WUH,PRG,"1,536",$212.64,"5,174 mi",4,$0.0411
CGK,ABJ,"1,535","$1,288.82","7,897 mi",4,$0.1632
USM,CMB,"1,535",$373.25,"1,431 mi",4,$0.2608
BKK,TCZ,"1,534",$96.03,815 mi,4,$0.1178
SGN,DCA,"1,533",$852.15,"9,266 mi",4,$0.0920
KNO,BNE,"1,533",$461.26,"4,323 mi",4,$0.1067
HKG,NBS,"1,533",$202.60,"1,625 mi",4,$0.1247
SGN,SVG,"1,533",$424.21,"5,787 mi",4,$0.0733
SIN,KOS,"1,533",$102.79,657 mi,4,$0.1565
DAD,GMP,"1,532",$118.50,"1,813 mi",4,$0.0654
MNL,CZX,"1,532",$299.71,"1,241 mi",4,$0.2415
NGO,BER,"1,532",$700.12,"5,677 mi",4,$0.1233
DVO,YYC,"1,531",$616.03,"7,301 mi",4,$0.0844
NRT,VVO,"1,530",$215.97,664 mi,4,$0.3253
KUL,OIT,"1,529",$528.05,"2,788 mi",4,$0.1894
BKK,BRS,"1,529",$636.86,"5,864 mi",4,$0.1086
CGO,DYU,"1,529",$422.34,"2,415 mi",4,$0.1749
KUL,XFN,"1,527",$238.98,"2,081 mi",4,$0.1148
KBV,PHS,"1,526",$86.34,624 mi,4,$0.1384
HND,PPS,"1,525",$313.36,"2,287 mi",4,$0.1370
ICN,PUJ,"1,525","$1,600.33","8,193 mi",4,$0.1953
PKX,ITM,"1,525",$70.89,"1,128 mi",4,$0.0628
SGN,YNJ,"1,525",$225.49,"2,683 mi",4,$0.0840
BKK,PAG,"1,524",$136.90,"1,641 mi",4,$0.0834
PEK,BGO,"1,524",$360.38,"4,363 mi",4,$0.0826
PKX,YIC,"1,524",$119.07,793 mi,4,$0.1502
ICN,OVB,"1,524",$365.21,"2,435 mi",4,$0.1500
KUL,BMV,"1,523",$177.01,790 mi,4,$0.2241
KUL,PHL,"1,523","$1,870.41","9,200 mi",4,$0.2033
PEK,CLT,"1,523","$1,687.73","6,903 mi",4,$0.2445
KUL,PAT,"1,523",$172.79,"1,985 mi",4,$0.0870
KUL,VCS,"1,523",$103.26,550 mi,4,$0.1877
ICN,UGC,"1,522",$459.41,"3,330 mi",4,$0.1380
KUL,TTE,"1,522",$333.48,"1,830 mi",4,$0.1822
CGK,SLC,"1,522","$1,335.87","8,788 mi",4,$0.1520
CRK,MSY,"1,521",$722.91,"8,962 mi",4,$0.0807
DPS,ESB,"1,521",$471.22,"6,013 mi",4,$0.0784
HND,SBW,"1,521",$202.50,"2,995 mi",4,$0.0676
HND,GUA,"1,521","$1,354.82","7,431 mi",4,$0.1823
SUB,SFO,"1,521","$1,190.03","8,163 mi",4,$0.1458
TPE,LIN,"1,521","$1,108.86","5,784 mi",4,$0.1917
CAN,OIT,"1,520",$159.99,"1,277 mi",4,$0.1253
HAN,TKS,"1,520",$348.68,"2,024 mi",4,$0.1723
HGH,EBB,"1,520",$598.99,"6,280 mi",4,$0.0954
HKG,STV,"1,520",$223.81,"2,715 mi",4,$0.0824
PVG,GMP,"1,519",$442.39,510 mi,4,$0.8674
SGN,GMP,"1,519",$127.79,"2,163 mi",4,$0.0591
LGK,VKO,"1,519",$282.17,"4,944 mi",4,$0.0571
MNL,LBU,"1,519",$276.16,725 mi,4,$0.3809
RGN,IAD,"1,518",$908.25,"8,812 mi",4,$0.1031
HGH,BIO,"1,517",$326.90,"6,032 mi",4,$0.0542
HND,LXA,"1,516",$874.78,"2,767 mi",4,$0.3161
ICN,FUJ,"1,516",$88.17,347 mi,4,$0.2541
KBV,XIY,"1,516",$128.81,"1,865 mi",4,$0.0691
NGO,CLT,"1,516","$2,303.26","6,806 mi",4,$0.3384
PVG,CHS,"1,516","$2,892.23","7,553 mi",4,$0.3829
BKK,HNA,"1,515",$357.64,"2,934 mi",4,$0.1219
CEB,YXE,"1,514",$462.32,"7,397 mi",4,$0.0625
KHH,BOS,"1,513","$1,320.91","8,128 mi",4,$0.1625
KHH,BCN,"1,513",$767.42,"6,321 mi",4,$0.1214
KNO,HYD,"1,512",$279.76,"1,723 mi",4,$0.1624
SUB,FRA,"1,512",$983.44,"7,455 mi",4,$0.1319
TSN,BUD,"1,512",$126.88,"4,767 mi",4,$0.0266
TSN,CZX,"1,512",$167.36,501 mi,4,$0.3341
ICN,NCU,"1,511",$680.64,"3,359 mi",4,$0.2026
SIN,XFN,"1,511",$265.01,"2,129 mi",4,$0.1245
SZX,UTH,"1,511",$81.08,778 mi,4,$0.1042
CEB,SAT,"1,511",$878.69,"8,747 mi",4,$0.1005
PNH,PRG,"1,511",$503.74,"5,464 mi",4,$0.0922
SIN,BES,"1,511","$1,321.89","6,773 mi",4,$0.1952
HAN,LYG,"1,510",$94.71,"1,185 mi",4,$0.0799
NGO,KOA,"1,510",$695.85,"4,052 mi",4,$0.1717
XMN,BLQ,"1,510",$644.76,"5,633 mi",4,$0.1145
CGK,SOF,"1,510",$719.19,"5,980 mi",4,$0.1203
CAN,DVO,"1,509",$166.07,"1,349 mi",4,$0.1231
CNX,KTI,"1,509",$150.99,667 mi,4,$0.2264
DAD,SBW,"1,509",$111.52,956 mi,4,$0.1167
HKT,NBC,"1,508",$275.06,"4,252 mi",4,$0.0647
USM,NKG,"1,508",$225.94,"1,891 mi",4,$0.1195
WUH,VIE,"1,508",$354.47,"4,842 mi",4,$0.0732
MNL,DSM,"1,508","$1,489.92","8,216 mi",4,$0.1813
CAN,TBB,"1,507",$147.63,737 mi,4,$0.2003
ICN,SXM,"1,507","$1,329.29","8,294 mi",4,$0.1603
NRT,UYN,"1,507",$260.56,"1,743 mi",4,$0.1495
XMN,JED,"1,507",$419.44,"4,801 mi",4,$0.0874
ICN,NDG,"1,506",$106.09,666 mi,4,$0.1593
KUL,LXA,"1,506",$258.12,"1,908 mi",4,$0.1353
NRT,KUA,"1,506",$535.04,"3,335 mi",4,$0.1604
PKX,TAK,"1,506",$106.21,"1,006 mi",4,$0.1056
CAN,BPN,"1,505",$147.55,"1,669 mi",4,$0.0884
CGO,GYS,"1,504",$99.92,477 mi,4,$0.2095
CKG,WAW,"1,504",$402.96,"4,317 mi",4,$0.0933
KBV,NAG,"1,504",$88.42,"1,556 mi",4,$0.0568
KBV,RGN,"1,504",$87.63,619 mi,4,$0.1416
SGN,AAL,"1,504",$518.31,"6,019 mi",4,$0.0861
CAN,AGP,"1,503",$660.79,"6,440 mi",4,$0.1026
HND,DSN,"1,503",$279.96,"1,704 mi",4,$0.1643
CKG,TCG,"1,502",$220.67,"1,763 mi",4,$0.1252
HKT,NAP,"1,502",$398.27,"5,374 mi",4,$0.0741
MNL,ELP,"1,502",$949.23,"8,193 mi",4,$0.1159
SIN,TRN,"1,502",$545.87,"6,266 mi",4,$0.0871
WUH,TBS,"1,502",$303.82,"3,944 mi",4,$0.0770
MFM,CCU,"1,502",$109.12,"1,557 mi",4,$0.0701
ICN,SHM,"1,501",$146.80,582 mi,4,$0.2522
KIX,NAW,"1,501",$202.21,"2,961 mi",4,$0.0683
KIX,STL,"1,501","$1,230.70","6,797 mi",4,$0.1811
SHE,ISB,"1,501",$483.05,"2,704 mi",4,$0.1786
CGK,BGW,"1,500",$870.45,"5,049 mi",4,$0.1724
HND,FDF,"1,499",$930.40,"8,453 mi",4,$0.1101
KHH,CMB,"1,499",$210.72,"2,804 mi",4,$0.0751
NRT,SKP,"1,499",$541.83,"5,995 mi",4,$0.0904
PVG,SPU,"1,499",$659.36,"5,296 mi",4,$0.1245
SZX,DYG,"1,498",$124.41,508 mi,4,$0.2449
DPS,INC,"1,498",$256.26,"3,400 mi",4,$0.0754
DVO,FRA,"1,498",$496.15,"7,205 mi",4,$0.0689
HKG,GDN,"1,498",$900.52,"5,344 mi",4,$0.1685
KHH,BNE,"1,497",$432.00,"4,209 mi",4,$0.1026
CAN,KOP,"1,497",$76.48,676 mi,4,$0.1131
MNL,VLI,"1,497",$853.53,"3,799 mi",4,$0.2247
PEK,ZNZ,"1,497",$695.88,"6,010 mi",4,$0.1158
CAN,PHS,"1,496",$92.81,931 mi,4,$0.0997
KNO,CSX,"1,496",$159.60,"1,999 mi",4,$0.0798
HAN,CAH,"1,496",$155.31,808 mi,4,$0.1922
KIX,PMI,"1,495",$767.94,"6,299 mi",4,$0.1219
HGH,CHC,"1,495",$365.06,"5,883 mi",4,$0.0621
DMK,MEL,"1,494",$324.02,"4,711 mi",4,$0.0688
CAN,YWG,"1,494",$718.41,"7,248 mi",4,$0.0991
ICN,JAN,"1,494","$1,425.67","7,283 mi",4,$0.1958
MFM,KOP,"1,494",$72.67,648 mi,4,$0.1121
MNL,LOP,"1,494",$214.08,"1,689 mi",4,$0.1267
CGK,VCA,"1,492",$190.54,"1,153 mi",4,$0.1653
KIX,SHS,"1,492",$115.30,"1,316 mi",4,$0.0876
NRT,DAY,"1,492","$1,347.78","6,683 mi",4,$0.2017
USM,BLQ,"1,492",$482.58,"5,867 mi",4,$0.0823
PEK,VVI,"1,492","$1,177.86","10,559 mi",4,$0.1116
SIN,RNS,"1,491",$803.67,"6,662 mi",4,$0.1206
TPE,BAH,"1,491",$960.45,"4,208 mi",4,$0.2282
ICN,BGI,"1,491","$2,689.19","8,655 mi",4,$0.3107
PEN,CEI,"1,490",$123.48,"1,043 mi",4,$0.1184
HKG,GDL,"1,490",$885.23,"8,813 mi",4,$0.1004
SHE,ARN,"1,490",$349.33,"4,400 mi",4,$0.0794
KUL,BAR,"1,489",$179.26,"1,239 mi",4,$0.1447
HND,AOR,"1,488",$247.02,"3,119 mi",4,$0.0792
BKK,CHS,"1,488","$1,626.20","8,940 mi",4,$0.1819
KUL,HZA,"1,487",$143.55,"2,490 mi",4,$0.0577
MNL,TST,"1,487",$140.54,"1,575 mi",4,$0.0892
DPS,UTH,"1,487",$124.84,"1,934 mi",4,$0.0646
KIX,TGD,"1,486",$411.82,"5,594 mi",4,$0.0736
CEB,LIS,"1,485",$712.00,"8,137 mi",4,$0.0875
NRT,GLT,"1,485","$1,081.62","4,306 mi",4,$0.2512
PVG,PHS,"1,485",$116.88,"1,727 mi",4,$0.0677
KBV,KWI,"1,484",$356.11,"3,718 mi",4,$0.0958
KUL,KRW,"1,484",$341.94,"4,101 mi",4,$0.0834
PEK,BGF,"1,484",$668.32,"6,639 mi",4,$0.1007
PKX,TCG,"1,484",$229.36,"1,674 mi",4,$0.1370
HND,QRO,"1,484","$1,899.16","7,128 mi",4,$0.2664
ICN,YQQ,"1,484",$625.54,"5,163 mi",4,$0.1212
PKX,SDQ,"1,484","$1,122.33","8,162 mi",4,$0.1375
CKG,OHE,"1,483",$207.09,"1,737 mi",4,$0.1192
SHE,GVA,"1,483",$295.27,"5,408 mi",4,$0.0546
SHE,TSA,"1,483",$176.71,"1,184 mi",4,$0.1492
SZX,BLR,"1,483",$678.99,"2,380 mi",4,$0.2853
BWN,KNO,"1,482",$154.91,"1,077 mi",4,$0.1438
BKK,TIJ,"1,482",$426.83,"8,638 mi",4,$0.0494
CEB,CEI,"1,482",$144.93,"1,789 mi",4,$0.0810
CRK,VCE,"1,482",$547.56,"6,504 mi",4,$0.0842
SHE,DFW,"1,482",$560.23,"6,479 mi",4,$0.0865
XMN,BHY,"1,482",$147.62,581 mi,4,$0.2541
BWN,PER,"1,482",$606.69,"2,625 mi",4,$0.2311
PVG,BPX,"1,480",$222.07,"1,506 mi",4,$0.1475
KUL,VII,"1,480",$110.10,"1,103 mi",4,$0.0998
PEK,HCZ,"1,480",$95.15,"1,043 mi",4,$0.0912
NRT,LPT,"1,479",$203.12,"2,848 mi",4,$0.0713
PNH,WLG,"1,479",$855.24,"5,570 mi",4,$0.1535
SZX,ESB,"1,479",$375.37,"4,900 mi",4,$0.0766
BKK,AQG,"1,478",$125.74,"1,514 mi",4,$0.0831
XMN,WUA,"1,478",$145.69,"1,205 mi",4,$0.1209
DVO,PER,"1,478",$381.13,"2,690 mi",4,$0.1417
KUL,SVG,"1,478",$731.60,"6,084 mi",4,$0.1202
PVG,KRY,"1,478",$367.52,"2,138 mi",4,$0.1719
PVG,SMF,"1,478",$982.07,"6,306 mi",4,$0.1557
DPS,BGW,"1,477",$686.22,"5,639 mi",4,$0.1217
PEK,AKJ,"1,477",$384.79,"1,308 mi",4,$0.2942
HND,ASU,"1,477","$1,450.96","10,850 mi",4,$0.1337
SIN,LFQ,"1,477",$102.73,"2,517 mi",4,$0.0408
KUL,SCL,"1,476","$1,954.99","10,572 mi",4,$0.1849
PKX,KRY,"1,476",$209.63,"1,594 mi",4,$0.1315
HND,SPU,"1,476","$1,471.97","5,742 mi",4,$0.2564
SZX,KWL,"1,476",$153.61,288 mi,4,$0.5334
BKK,SHS,"1,475",$109.41,"1,328 mi",4,$0.0824
HGH,ERL,"1,475",$113.54,989 mi,4,$0.1148
TPE,LPQ,"1,475",$153.09,"1,306 mi",4,$0.1172
CNX,LAS,"1,475",$546.67,"7,798 mi",4,$0.0701
HAN,ZAM,"1,474",$120.78,"1,512 mi",4,$0.0799
MNL,ORK,"1,474",$660.95,"6,741 mi",4,$0.0980
BKK,SRG,"1,473",$320.34,"1,620 mi",4,$0.1977
HAN,GMP,"1,473",$149.11,"1,737 mi",4,$0.0858
KUL,LLV,"1,473",$125.49,"2,412 mi",4,$0.0520
MNL,WDH,"1,473",$865.01,"7,223 mi",4,$0.1198
DVO,YEG,"1,472",$632.86,"7,242 mi",4,$0.0874
KNO,MED,"1,472",$827.36,"4,058 mi",4,$0.2039
PEK,MJI,"1,472",$843.94,"5,575 mi",4,$0.1514
PKX,KOJ,"1,472",$236.39,933 mi,4,$0.2534
MNL,SNO,"1,471",$97.79,"1,172 mi",4,$0.0834
NRT,BLL,"1,471",$767.32,"5,329 mi",4,$0.1440
SZX,SYO,"1,471",$687.88,"1,836 mi",4,$0.3747
BKK,HRG,"1,471",$285.34,"4,254 mi",4,$0.0671
DAD,LAS,"1,471",$471.51,"8,092 mi",4,$0.0583
PKX,PKU,"1,470",$195.91,"2,944 mi",4,$0.0665
SUB,YVR,"1,469","$1,221.95","7,867 mi",4,$0.1553
SZX,RLK,"1,469",$190.36,"1,273 mi",4,$0.1495
CNX,HAK,"1,469",$151.57,731 mi,4,$0.2073
CAN,MWZ,"1,468",$482.30,"5,506 mi",4,$0.0876
TPE,BOG,"1,468","$1,190.28","9,830 mi",4,$0.1211
CAN,ADB,"1,468",$689.18,"4,884 mi",4,$0.1411
ICN,BTJ,"1,468",$209.58,"3,035 mi",4,$0.0691
CGK,CGD,"1,467",$305.79,"2,517 mi",4,$0.1215
SHE,ZYI,"1,467",$160.65,"1,363 mi",4,$0.1179
SIN,GLT,"1,467",$895.64,"3,723 mi",4,$0.2406
TSN,KTM,"1,467",$178.67,"1,933 mi",4,$0.0924
URC,BAV,"1,467",$128.66,"1,206 mi",4,$0.1067
BKK,AES,"1,466",$431.80,"5,693 mi",4,$0.0758
PEK,SKP,"1,466",$163.06,"4,530 mi",4,$0.0360
NRT,DSS,"1,465","$1,350.47","8,913 mi",4,$0.1515
SUB,MCT,"1,465",$435.18,"4,381 mi",4,$0.0993
CEB,GVA,"1,464",$779.12,"7,179 mi",4,$0.1085
SZX,KTM,"1,464",$140.67,"1,755 mi",4,$0.0802
CAN,MRA,"1,464",$334.21,"5,642 mi",4,$0.0592
CTU,HIA,"1,464",$200.40,887 mi,4,$0.2259
ICN,BIQ,"1,464",$965.39,"5,786 mi",4,$0.1668
ICN,FAY,"1,464","$1,094.77","7,388 mi",4,$0.1482
HAN,KLO,"1,463",$121.33,"1,241 mi",4,$0.0978
URC,FRA,"1,463",$320.70,"3,675 mi",4,$0.0873
BKK,TRS,"1,462",$399.84,"5,251 mi",4,$0.0761
HKT,RJA,"1,462",$65.69,"1,310 mi",4,$0.0501
ICN,OKE,"1,462",$208.72,685 mi,4,$0.3047
CGO,BEG,"1,461",$226.25,"4,888 mi",4,$0.0463
PKX,UIH,"1,461",$196.55,"1,767 mi",4,$0.1112
HKG,TRV,"1,461",$252.22,"2,712 mi",4,$0.0930
KUL,LZY,"1,461",$272.42,"1,955 mi",4,$0.1393
CGK,YNB,"1,460",$308.41,"4,912 mi",4,$0.0628
PEK,SYO,"1,460",$392.21,"1,201 mi",4,$0.3266
XMN,PRG,"1,460",$241.15,"5,671 mi",4,$0.0425
CGK,NGS,"1,460",$771.37,"3,192 mi",4,$0.2417
HKG,SUV,"1,460",$900.14,"5,336 mi",4,$0.1687
HND,FWA,"1,460","$1,243.27","6,236 mi",4,$0.1994
KHH,THD,"1,460",$204.79,946 mi,4,$0.2165
PEK,ZAT,"1,459",$134.55,"1,112 mi",4,$0.1210
CRK,ATH,"1,458",$504.55,"6,105 mi",4,$0.0826
BKK,LOP,"1,458",$280.24,"1,937 mi",4,$0.1447
HKG,RNO,"1,458","$1,373.59","7,148 mi",4,$0.1922
PVG,PMR,"1,458",$891.29,"6,198 mi",4,$0.1438
SZX,PHS,"1,458",$100.81,939 mi,4,$0.1074
BKK,MPM,"1,457",$589.47,"5,174 mi",4,$0.1139
CGO,DAD,"1,457",$397.53,"1,364 mi",4,$0.2914
CRK,PEN,"1,457",$331.30,"1,491 mi",4,$0.2222
HND,LUN,"1,457","$1,778.98","7,777 mi",4,$0.2287
KNO,TRZ,"1,457",$121.67,"1,422 mi",4,$0.0856
HND,GNV,"1,456","$1,250.33","6,950 mi",4,$0.1799
HND,LZH,"1,456",$316.91,"2,031 mi",4,$0.1560
TPE,YYJ,"1,455",$801.88,"6,151 mi",4,$0.1304
SUB,HEL,"1,455","$1,255.18","6,785 mi",4,$0.1850
HKG,BME,"1,454",$747.94,"2,753 mi",4,$0.2717
MNL,LST,"1,454",$516.48,"4,091 mi",4,$0.1262
CGK,VGO,"1,453",$938.82,"7,553 mi",4,$0.1243
SZX,BOM,"1,453",$633.00,"2,568 mi",4,$0.2465
CGK,DAM,"1,453",$687.18,"5,487 mi",4,$0.1252
SIN,LUM,"1,453",$119.05,"1,682 mi",4,$0.0708
PNH,WAW,"1,452",$527.55,"5,491 mi",4,$0.0961
PEK,BRI,"1,452",$367.55,"5,054 mi",4,$0.0727
CNX,OSL,"1,451",$395.09,"5,176 mi",4,$0.0763
PVG,TST,"1,451",$154.27,"2,237 mi",4,$0.0690
SZX,TTJ,"1,451",$386.87,"1,468 mi",4,$0.2635
TPE,BZE,"1,451",$808.58,"9,151 mi",4,$0.0884
ICN,AAL,"1,450",$509.31,"5,087 mi",4,$0.1001
PKX,NNY,"1,450",$88.44,483 mi,4,$0.1831
DVO,IAH,"1,449",$710.23,"8,439 mi",4,$0.0842
PEK,CMH,"1,449","$1,184.78","6,566 mi",4,$0.1804
SGN,LJU,"1,449",$678.23,"5,958 mi",4,$0.1138
CGK,EBB,"1,449","$1,168.11","5,288 mi",4,$0.2209
CGK,JJN,"1,449",$203.11,"2,350 mi",4,$0.0864
ICN,FCA,"1,449",$985.93,"5,274 mi",4,$0.1869
LGK,LGW,"1,449","$1,323.51","6,114 mi",4,$0.2165
BKK,BDS,"1,448",$320.52,"5,075 mi",4,$0.0632
DAD,HNL,"1,448",$451.08,"5,878 mi",4,$0.0767
NRT,COS,"1,448","$1,133.11","5,647 mi",4,$0.2007
HGH,NQZ,"1,447",$297.83,"2,786 mi",4,$0.1069
SHE,SUB,"1,446",$383.05,"3,350 mi",4,$0.1143
SZX,VDO,"1,446",$82.51,410 mi,4,$0.2012
HND,JNU,"1,446",$642.05,"3,898 mi",4,$0.1647
SIN,LYA,"1,446",$196.33,"2,440 mi",4,$0.0805
SIN,RSU,"1,446",$422.76,"2,685 mi",4,$0.1575
HKG,WRO,"1,445",$873.81,"5,482 mi",4,$0.1594
ICN,ICT,"1,445","$1,187.67","6,736 mi",4,$0.1763
ICN,VAR,"1,445",$758.30,"5,034 mi",4,$0.1506
TSN,FRA,"1,445",$465.63,"4,768 mi",4,$0.0977
CKG,PER,"1,445",$308.02,"4,175 mi",4,$0.0738
CGK,YNZ,"1,445",$225.60,"2,787 mi",4,$0.0809
LGK,MUC,"1,445",$571.62,"5,971 mi",4,$0.0957
RGN,KKC,"1,445",$79.41,454 mi,4,$0.1749
NRT,MID,"1,444","$1,063.74","7,113 mi",4,$0.1495
DAD,LGW,"1,444",$660.28,"5,935 mi",4,$0.1113
KIX,YIN,"1,444",$225.37,"2,995 mi",4,$0.0752
BKK,BSZ,"1,443",$455.94,"2,637 mi",4,$0.1729
KUL,ONJ,"1,443",$693.50,"3,431 mi",4,$0.2021
PEN,DOH,"1,443",$381.98,"3,604 mi",4,$0.1060
BKK,SDF,"1,442","$1,558.05","8,564 mi",4,$0.1819
CAN,KRK,"1,442",$370.83,"5,296 mi",4,$0.0700
PEK,YLW,"1,442",$605.68,"5,190 mi",4,$0.1167
KUL,LIM,"1,441","$1,233.29","12,144 mi",4,$0.1016
DPS,LEJ,"1,441",$565.77,"7,463 mi",4,$0.0758
PEN,KKC,"1,441",$94.60,814 mi,4,$0.1162
SUB,DMM,"1,441",$658.43,"4,675 mi",4,$0.1408
BKK,CNN,"1,440",$103.95,"1,651 mi",4,$0.0630
KHH,TAK,"1,440",$130.34,"1,189 mi",4,$0.1096
KUL,PAG,"1,440",$158.88,"1,490 mi",4,$0.1066
MFM,BLR,"1,440",$161.71,"2,362 mi",4,$0.0685
ICN,PMI,"1,439",$812.47,"6,210 mi",4,$0.1308
ICN,SAW,"1,439",$220.34,"5,060 mi",4,$0.0435
SZX,PDG,"1,439",$138.54,"1,804 mi",4,$0.0768
HGH,HYD,"1,439",$349.30,"2,870 mi",4,$0.1217
PVG,MKE,"1,439","$2,053.89","7,191 mi",4,$0.2856
SIN,HTN,"1,439",$344.82,"2,992 mi",4,$0.1152
BKK,COV,"1,439",$325.82,"4,187 mi",4,$0.0778
PVG,NSN,"1,439",$801.60,"6,161 mi",4,$0.1301
CGK,NNT,"1,438",$140.08,"1,821 mi",4,$0.0769
CTU,WAW,"1,438",$532.80,"4,169 mi",4,$0.1278
HKG,XSP,"1,438",$361.95,"1,545 mi",4,$0.2343
SIN,GAY,"1,438",$149.93,"2,117 mi",4,$0.0708
USM,MAA,"1,438",$324.46,"1,409 mi",4,$0.2303
MNL,HAU,"1,438",$634.69,"6,402 mi",4,$0.0991
TPE,DBV,"1,438",$714.44,"5,844 mi",4,$0.1223
ICN,HOU,"1,437","$1,486.98","6,859 mi",4,$0.2168
KUL,SAG,"1,437",$210.99,"2,251 mi",4,$0.0937
CAN,TST,"1,436",$112.64,"1,467 mi",4,$0.0768
HKG,PDG,"1,436",$173.17,"1,789 mi",4,$0.0968
HAN,MLA,"1,436",$614.17,"5,606 mi",4,$0.1096
KUL,WDS,"1,436",$197.49,"2,083 mi",4,$0.0948
PNH,DEN,"1,436",$677.76,"8,159 mi",4,$0.0831
SUB,WNZ,"1,436",$478.35,"2,422 mi",4,$0.1975
HND,YQB,"1,435","$1,070.81","6,234 mi",4,$0.1718
NRT,GSO,"1,435","$1,408.50","6,631 mi",4,$0.2124
PVG,ILO,"1,435",$158.39,"1,362 mi",4,$0.1163
MNL,YXS,"1,434",$562.08,"6,225 mi",4,$0.0903
SIN,MCI,"1,434","$1,935.33","9,105 mi",4,$0.2126
WUH,WEH,"1,434",$199.16,618 mi,4,$0.3223
BKK,YQR,"1,433",$750.85,"7,979 mi",4,$0.0941
CKG,FRU,"1,433",$351.22,"2,055 mi",4,$0.1709
DPS,BWI,"1,432","$1,174.92","9,904 mi",4,$0.1186
XMN,CXR,"1,432",$131.74,"1,076 mi",4,$0.1224
PVG,CNF,"1,432","$1,761.60","11,583 mi",4,$0.1521
CKG,KCA,"1,431",$183.80,"1,510 mi",4,$0.1217
HAN,ZAG,"1,431",$399.67,"5,013 mi",4,$0.0797
KNO,BTU,"1,431",$110.46,"1,005 mi",4,$0.1099
PEK,DCA,"1,431",$776.07,"7,122 mi",4,$0.1090
CGO,VIE,"1,431",$267.56,"4,649 mi",4,$0.0576
DVO,SEA,"1,430",$594.31,"7,062 mi",4,$0.0842
HND,ENY,"1,430",$259.09,"1,732 mi",4,$0.1496
NRT,TUG,"1,430",$136.52,"1,745 mi",4,$0.0782
PNH,YYC,"1,430",$756.55,"7,747 mi",4,$0.0977
ICN,AGS,"1,429","$1,196.52","7,428 mi",4,$0.1611
SGN,LHE,"1,428",$485.31,"2,581 mi",4,$0.1880
MNL,PBM,"1,427","$1,367.43","10,702 mi",4,$0.1278
BKK,UYN,"1,427",$142.53,"1,731 mi",4,$0.0823
CAN,PDG,"1,427",$142.39,"1,832 mi",4,$0.0777
DAD,MYY,"1,427",$96.60,927 mi,4,$0.1042
HND,INV,"1,427","$1,286.41","5,500 mi",4,$0.2339
MFM,SYD,"1,426",$248.55,"4,734 mi",4,$0.0525
KIX,SDK,"1,426",$183.54,"2,188 mi",4,$0.0839
SUB,TSN,"1,426",$426.75,"3,129 mi",4,$0.1364
HND,FIH,"1,426","$2,084.32","8,051 mi",4,$0.2589
SHE,BRU,"1,426",$213.34,"5,217 mi",4,$0.0409
CGK,LBV,"1,424",$959.91,"6,517 mi",4,$0.1473
ICN,AVL,"1,424",$984.88,"7,279 mi",4,$0.1353
KUL,WEH,"1,424",$202.42,"2,794 mi",4,$0.0724
SIN,HER,"1,424",$801.45,"5,700 mi",4,$0.1406
SZX,AOJ,"1,424",$436.88,"1,941 mi",4,$0.2251
DAD,SLC,"1,423",$516.62,"7,974 mi",4,$0.0648
BKK,LCY,"1,423",$558.55,"6,107 mi",4,$0.0915
KUL,IXA,"1,423",$143.09,"1,668 mi",4,$0.0858
SIN,IXZ,"1,423",$72.18,"1,018 mi",4,$0.0709
KHH,MAD,"1,422",$882.05,"6,580 mi",4,$0.1341
PEK,BWI,"1,422","$1,363.56","6,690 mi",4,$0.2038
HAN,JGS,"1,422",$99.75,664 mi,4,$0.1502
BKK,BJV,"1,421",$467.30,"4,583 mi",4,$0.1020
BKK,SJJ,"1,421",$416.44,"5,348 mi",4,$0.0779
CGK,ADE,"1,420",$490.98,"4,561 mi",4,$0.1076
SIN,GDL,"1,420",$971.90,"9,748 mi",4,$0.0997
BKK,SDK,"1,420",$174.55,"1,334 mi",4,$0.1308
TPE,CGD,"1,420",$202.72,666 mi,4,$0.3044
HND,BIS,"1,419","$2,276.19","5,793 mi",4,$0.3929
ICN,MAO,"1,419","$1,190.79","10,323 mi",4,$0.1154
TPE,BTJ,"1,419",$173.96,"2,243 mi",4,$0.0776
HND,LCA,"1,418",$978.30,"5,466 mi",4,$0.1790
HGH,KMI,"1,418",$155.26,641 mi,4,$0.2422
CEB,BHX,"1,417",$503.90,"6,837 mi",4,$0.0737
CEB,NCE,"1,417",$677.19,"7,213 mi",4,$0.0939
HKT,UDR,"1,416",$160.48,"1,914 mi",4,$0.0838
KBV,GOI,"1,416",$113.40,"1,826 mi",4,$0.0621
SUB,DAC,"1,416",$305.23,"2,712 mi",4,$0.1125
CGK,VNO,"1,416",$649.25,"6,034 mi",4,$0.1076
KIX,IPH,"1,416",$376.66,"2,915 mi",4,$0.1292
TPE,TLS,"1,415","$1,040.58","6,543 mi",4,$0.1590
MNL,MBJ,"1,415","$1,037.75","9,522 mi",4,$0.1090
HKT,RGK,"1,414",$194.90,"3,018 mi",4,$0.0646
MNL,BHH,"1,414",$360.31,"5,296 mi",4,$0.0680
WUH,DUB,"1,414",$327.47,"5,786 mi",4,$0.0566
KUL,GUM,"1,413",$826.50,"3,124 mi",4,$0.2646
WUH,SEA,"1,413",$747.70,"5,814 mi",4,$0.1286
URC,AKL,"1,413",$509.07,"8,040 mi",4,$0.0633
PKX,KGL,"1,412",$867.98,"5,923 mi",4,$0.1465
WUH,HDY,"1,412",$164.48,"1,819 mi",4,$0.0904
HKG,CJB,"1,412",$351.18,"2,631 mi",4,$0.1335
MNL,SDK,"1,412",$118.82,609 mi,4,$0.1951
MNL,GYD,"1,411","$1,114.32","4,714 mi",4,$0.2364
NRT,EUG,"1,411",$513.38,"4,692 mi",4,$0.1094
XMN,YNJ,"1,411",$183.63,"1,378 mi",4,$0.1333
CAN,LJU,"1,411",$625.36,"5,301 mi",4,$0.1180
CRK,JAX,"1,411",$830.59,"8,682 mi",4,$0.0957
SGN,RNO,"1,410",$757.70,"8,096 mi",4,$0.0936
MFM,LGW,"1,410",$285.76,"5,804 mi",4,$0.0492
PEN,MDC,"1,410",$216.76,"1,771 mi",4,$0.1224
BKK,HLD,"1,409",$151.41,"2,762 mi",4,$0.0548
ICN,TRD,"1,409",$835.96,"4,487 mi",4,$0.1863
BKK,OSS,"1,408",$190.06,"2,436 mi",4,$0.0780
ICN,VTZ,"1,408",$403.14,"3,032 mi",4,$0.1330
CGK,TFN,"1,408",$630.06,"8,667 mi",4,$0.0727
CGK,YIH,"1,407",$384.71,"2,631 mi",4,$0.1462
KBV,CMB,"1,407",$98.01,"1,271 mi",4,$0.0771
USM,BRE,"1,407",$445.73,"5,916 mi",4,$0.0753
KUL,TIA,"1,407",$664.32,"5,848 mi",4,$0.1136
CGK,TBS,"1,406",$779.81,"5,243 mi",4,$0.1487
MNL,MAJ,"1,406","$1,284.80","3,339 mi",4,$0.3848
SZX,PKU,"1,406",$132.33,"1,795 mi",4,$0.0737
XMN,WAW,"1,406",$586.74,"5,028 mi",4,$0.1167
PEK,KRW,"1,406",$277.54,"3,384 mi",4,$0.0820
PEN,SYX,"1,406",$187.00,"1,123 mi",4,$0.1665
PVG,TUS,"1,405","$1,159.00","6,664 mi",4,$0.1739
PVG,XNA,"1,405","$2,731.20","7,007 mi",4,$0.3898
MFM,MEL,"1,405",$276.30,"4,743 mi",4,$0.0583
TSN,ALA,"1,405",$295.83,"2,157 mi",4,$0.1371
DPS,ARM,"1,404",$375.97,"2,704 mi",4,$0.1390
ICN,RMO,"1,404",$553.05,"4,844 mi",4,$0.1142
SIN,JRG,"1,403",$166.30,"1,894 mi",4,$0.0878
HAN,IZO,"1,402",$137.92,"1,964 mi",4,$0.0702
KHH,CSX,"1,402",$167.56,608 mi,4,$0.2756
KIX,GAJ,"1,402",$80.28,384 mi,4,$0.2091
HKT,HEK,"1,401",$156.77,"3,249 mi",4,$0.0483
NRT,MRU,"1,401","$1,268.31","6,843 mi",4,$0.1853
PVG,CEK,"1,401",$251.42,"3,230 mi",4,$0.0778
SIN,YWG,"1,401",$947.43,"8,937 mi",4,$0.1060
URC,CTS,"1,400",$333.82,"2,755 mi",4,$0.1212
SGN,NTE,"1,400",$568.41,"6,307 mi",4,$0.0901
WUH,QSZ,"1,400",$237.08,"2,226 mi",4,$0.1065
NRT,TBU,"1,399",$997.01,"5,043 mi",4,$0.1977
TPE,CJB,"1,399",$446.19,"2,954 mi",4,$0.1510
KIX,BLL,"1,399",$553.34,"5,283 mi",4,$0.1047
HAN,EBB,"1,398",$620.91,"5,302 mi",4,$0.1171
ICN,XNA,"1,398","$1,380.34","6,512 mi",4,$0.2120
NGO,BKI,"1,398",$165.49,"2,468 mi",4,$0.0671
BKK,CGD,"1,398",$112.36,"1,301 mi",4,$0.0864
KBV,CJB,"1,398",$76.63,"1,553 mi",4,$0.0493
PNH,CMH,"1,398",$777.33,"9,106 mi",4,$0.0854
NRT,TYS,"1,397","$1,510.42","6,929 mi",4,$0.2180
TPE,FLR,"1,397",$853.81,"6,121 mi",4,$0.1395
CAN,GOT,"1,397",$269.67,"5,410 mi",4,$0.0498
HAN,UBJ,"1,397",$550.68,"1,836 mi",4,$0.2999
HKT,GOX,"1,397",$115.56,"1,784 mi",4,$0.0648
NRT,YXY,"1,397",$727.99,"4,043 mi",4,$0.1801
NRT,ABJ,"1,396","$1,725.39","9,042 mi",4,$0.1908
PNH,MAA,"1,396",$263.80,"1,617 mi",4,$0.1631
NGO,YNJ,"1,396",$195.43,700 mi,4,$0.2792
PVG,KCA,"1,396",$457.77,"2,188 mi",4,$0.2092
USM,SOF,"1,396",$492.36,"4,943 mi",4,$0.0996
CGK,ABZ,"1,395","$1,406.19","7,057 mi",4,$0.1993
HND,SXM,"1,395","$2,077.78","8,189 mi",4,$0.2537
KIX,HNY,"1,395",$137.83,"1,394 mi",4,$0.0989
MNL,NQZ,"1,395",$471.51,"3,609 mi",4,$0.1306
PEK,ISG,"1,395",$315.97,"1,136 mi",4,$0.2781
XMN,SRG,"1,395",$307.32,"2,306 mi",4,$0.1333
BKK,MEM,"1,395","$1,511.21","9,267 mi",4,$0.1631
SIN,NAO,"1,395",$171.51,"2,100 mi",4,$0.0817
MNL,KOP,"1,393",$101.33,"1,139 mi",4,$0.0890
KIX,TWU,"1,393",$216.25,"2,423 mi",4,$0.0892
MNL,KBR,"1,393",$145.27,"1,354 mi",4,$0.1073
SZX,NST,"1,393",$96.70,"1,300 mi",4,$0.0744
ICN,JGN,"1,392",$261.61,"1,473 mi",4,$0.1776
DPS,PPT,"1,392","$1,152.47","6,185 mi",4,$0.1863
HND,JJN,"1,392",$193.15,"1,507 mi",4,$0.1282
NGO,PXU,"1,392",$207.29,"2,368 mi",4,$0.0875
HND,JHG,"1,390",$220.05,"2,598 mi",4,$0.0847
HND,MVD,"1,390","$1,147.95","11,889 mi",4,$0.0966
HND,TFS,"1,390","$2,043.44","8,013 mi",4,$0.2550
PVG,NIM,"1,390",$338.62,"7,609 mi",4,$0.0445
BWN,TKG,"1,390",$105.80,945 mi,4,$0.1120
PKX,PDG,"1,390",$196.55,"2,880 mi",4,$0.0682
PEN,AKL,"1,389",$750.41,"5,763 mi",4,$0.1302
BKK,JNZ,"1,389",$88.54,"2,187 mi",4,$0.0405
HKG,BRI,"1,389",$789.26,"5,403 mi",4,$0.1461
HKG,LKO,"1,389",$168.76,"2,029 mi",4,$0.0832
HKG,ORK,"1,389","$1,232.68","6,436 mi",4,$0.1915
PVG,VDO,"1,389",$113.32,"1,094 mi",4,$0.1036
SZX,EBL,"1,389",$440.15,"4,091 mi",4,$0.1076
HGH,DME,"1,389",$332.22,"4,371 mi",4,$0.0760
MFM,FRA,"1,389",$266.85,"5,853 mi",4,$0.0456
KBV,GYD,"1,388",$271.39,"3,627 mi",4,$0.0748
BKK,BUF,"1,387","$1,035.24","8,780 mi",4,$0.1179
NRT,DIN,"1,385",$209.69,"2,382 mi",4,$0.0880
HKG,POZ,"1,385",$777.47,"5,135 mi",4,$0.1514
KBV,BHO,"1,385",$108.13,"1,724 mi",4,$0.0627
MNL,ROK,"1,385",$521.15,"3,388 mi",4,$0.1538
SUB,TNA,"1,385",$389.07,"2,978 mi",4,$0.1306
PNH,ARN,"1,384",$379.86,"5,261 mi",4,$0.0722
PVG,TYS,"1,384","$2,049.15","7,291 mi",4,$0.2811
TPE,CHS,"1,384","$1,356.22","7,947 mi",4,$0.1707
BKK,HSN,"1,384",$98.59,"1,831 mi",4,$0.0538
KBV,KTM,"1,384",$134.08,"1,572 mi",4,$0.0853
KIX,TLL,"1,384",$759.47,"4,698 mi",4,$0.1617
PVG,USU,"1,384",$156.95,"1,359 mi",4,$0.1155
TSN,KHV,"1,384",$145.43,"1,130 mi",4,$0.1287
CGK,BFV,"1,383",$130.17,"1,449 mi",4,$0.0898
CKG,RSU,"1,383",$125.06,"1,311 mi",4,$0.0954
TPE,DUR,"1,383",$644.43,"7,272 mi",4,$0.0886
CKG,LDS,"1,382",$210.92,"1,670 mi",4,$0.1263
HKT,EZE,"1,382",$931.63,"10,380 mi",4,$0.0898
PNH,VII,"1,382",$126.94,515 mi,4,$0.2465
DAD,WAW,"1,382",$456.15,"5,074 mi",4,$0.0899
KBV,DAC,"1,381",$147.82,"1,265 mi",4,$0.1169
HKT,DRS,"1,381",$567.47,"5,712 mi",4,$0.0993
XMN,GBE,"1,381",$763.91,"7,244 mi",4,$0.1055
DPS,MVD,"1,380","$1,269.54","9,089 mi",4,$0.1397
NGO,JNB,"1,380","$1,565.41","7,981 mi",4,$0.1961
CGO,BRU,"1,379",$311.45,"5,300 mi",4,$0.0588
CTU,LFQ,"1,379",$154.26,593 mi,4,$0.2601
HKG,ABV,"1,379",$711.28,"6,814 mi",4,$0.1044
BKK,SXM,"1,378","$1,023.04","10,284 mi",4,$0.0995
USM,KHI,"1,378",$523.66,"2,335 mi",4,$0.2243
DPS,NQZ,"1,377",$379.69,"5,028 mi",4,$0.0755
NRT,VTZ,"1,377",$526.11,"3,796 mi",4,$0.1386
PNH,DOH,"1,377",$397.26,"3,484 mi",4,$0.1140
CGK,PHL,"1,376","$1,569.31","10,405 mi",4,$0.1508
HKT,PMI,"1,375",$517.00,"6,340 mi",4,$0.0815
PKX,TJM,"1,375",$312.85,"2,642 mi",4,$0.1184
PVG,ORN,"1,375",$971.13,"6,698 mi",4,$0.1450
ICN,NST,"1,374",$195.42,"2,673 mi",4,$0.0731
BKK,KTT,"1,373",$984.84,"4,827 mi",4,$0.2040
BWN,DMK,"1,373",$97.46,"1,120 mi",4,$0.0870
HKT,RMO,"1,373",$536.72,"4,985 mi",4,$0.1077
KHH,PPS,"1,373",$86.51,920 mi,4,$0.0940
BKK,NDG,"1,373",$173.80,"2,755 mi",4,$0.0631
PKX,YIA,"1,373",$260.25,"3,400 mi",4,$0.0765
SGN,ATQ,"1,373",$184.13,"2,566 mi",4,$0.0718
CGK,DGT,"1,372",$154.16,"1,520 mi",4,$0.1014
KUL,BGO,"1,372",$828.90,"6,087 mi",4,$0.1362
MNL,SYR,"1,372",$773.45,"8,559 mi",4,$0.0904
PVG,AER,"1,372",$672.79,"4,530 mi",4,$0.1485
SIN,IWK,"1,372","$1,407.09","2,995 mi",4,$0.4698
XMN,ERL,"1,372",$155.75,"1,308 mi",4,$0.1191
DAD,GES,"1,372",$115.75,"1,296 mi",4,$0.0893
XMN,MAA,"1,371",$531.68,"2,675 mi",4,$0.1988
KUL,GDN,"1,371",$566.99,"5,618 mi",4,$0.1009
HND,TOS,"1,370",$910.94,"4,725 mi",4,$0.1928
MNL,YGJ,"1,370",$333.67,"1,587 mi",4,$0.2103
PEK,CJJ,"1,370",$141.04,615 mi,4,$0.2293
PKX,KUF,"1,370",$245.90,"3,075 mi",4,$0.0800
BKK,ZNZ,"1,370",$484.99,"4,570 mi",4,$0.1061
MNL,ESB,"1,370",$783.90,"5,638 mi",4,$0.1390
SIN,OUL,"1,370","$1,485.56","5,628 mi",4,$0.2640
HAN,CMH,"1,368","$1,010.37","8,415 mi",4,$0.1201
HAN,KIJ,"1,368",$164.10,"2,362 mi",4,$0.0695
PKX,TLV,"1,368",$726.17,"4,310 mi",4,$0.1685
XMN,BLR,"1,368",$652.34,"2,663 mi",4,$0.2450
CEB,WNP,"1,368",$59.65,238 mi,4,$0.2506
DPS,DUD,"1,368",$607.33,"4,006 mi",4,$0.1516
HND,BXU,"1,368",$222.01,"1,986 mi",4,$0.1118
PVG,IBZ,"1,368","$1,083.51","6,081 mi",4,$0.1782
PEK,BNA,"1,367","$1,565.81","7,177 mi",4,$0.2182
DPS,JNU,"1,365",$922.54,"7,238 mi",4,$0.1275
DPS,YNT,"1,365",$399.93,"3,325 mi",4,$0.1203
PVG,KOP,"1,365",$104.27,"1,393 mi",4,$0.0749
HKG,VTZ,"1,365",$234.94,"1,954 mi",4,$0.1202
ICN,SVX,"1,365",$673.27,"3,118 mi",4,$0.2159
KIX,UYN,"1,365",$113.93,"1,483 mi",4,$0.0768
HGH,LNJ,"1,364",$161.61,"1,292 mi",4,$0.1251
HKT,RPR,"1,364",$88.30,"1,469 mi",4,$0.0601
PKX,TUU,"1,363",$389.09,"4,626 mi",4,$0.0841
HND,FAR,"1,362","$1,086.04","5,575 mi",4,$0.1948
MNL,YSJ,"1,362",$990.32,"8,032 mi",4,$0.1233
PNH,UTH,"1,362",$79.54,413 mi,4,$0.1926
MNL,REG,"1,362",$470.01,"6,598 mi",4,$0.0712
DAD,CAH,"1,361",$94.70,531 mi,4,$0.1783
SIN,SMF,"1,361","$1,627.21","8,182 mi",4,$0.1989
HND,VDH,"1,361",$244.66,"2,311 mi",4,$0.1059
MNL,HER,"1,361",$723.75,"6,141 mi",4,$0.1179
PVG,HBA,"1,361",$745.19,"5,526 mi",4,$0.1349
SIN,SJU,"1,361","$1,847.78","11,236 mi",4,$0.1645
HND,LPA,"1,360","$1,312.53","7,528 mi",4,$0.1744
HND,DAB,"1,360","$1,697.43","7,017 mi",4,$0.2419
PVG,ROI,"1,360",$137.37,"1,492 mi",4,$0.0921
SHE,NBO,"1,360",$407.42,"6,284 mi",4,$0.0648
KUL,BXU,"1,359",$123.08,"1,739 mi",4,$0.0708
SIN,LZH,"1,359",$75.41,"1,668 mi",4,$0.0452
TPE,YIN,"1,359",$425.83,"2,662 mi",4,$0.1600
CGO,MDL,"1,359",$237.87,"1,441 mi",4,$0.1651
NRT,SAW,"1,357",$598.11,"5,407 mi",4,$0.1106
HKG,GYD,"1,357",$900.94,"3,999 mi",4,$0.2253
HKG,SKP,"1,357",$536.14,"5,156 mi",4,$0.1040
CKG,NZH,"1,356",$174.05,"1,525 mi",4,$0.1141
DVO,DUB,"1,356",$609.80,"7,183 mi",4,$0.0849
HAN,NOU,"1,355",$571.81,"4,898 mi",4,$0.1167
HAN,OUL,"1,355",$828.37,"4,479 mi",4,$0.1849
RGN,BLR,"1,355",$235.48,"1,293 mi",4,$0.1821
CAN,CGP,"1,354",$231.87,"1,410 mi",4,$0.1644
CAN,ISU,"1,354",$324.13,"4,219 mi",4,$0.0768
DPS,UBP,"1,353",$152.44,"1,856 mi",4,$0.0821
TPE,PLQ,"1,352",$833.45,"5,013 mi",4,$0.1663
BKK,LZH,"1,352",$105.12,892 mi,4,$0.1178
HND,FAO,"1,352","$1,240.39","6,803 mi",4,$0.1823
NRT,MDE,"1,352",$927.08,"8,985 mi",4,$0.1032
HND,BIL,"1,351",$809.73,"5,229 mi",4,$0.1549
PEN,ALA,"1,351",$240.36,"2,896 mi",4,$0.0830
CGO,CPH,"1,351",$390.04,"4,827 mi",4,$0.0808
KUL,NAN,"1,350",$876.21,"5,180 mi",4,$0.1692
SIN,BFV,"1,350",$104.48,930 mi,4,$0.1123
PNH,LYG,"1,349",$147.93,"1,764 mi",4,$0.0839
BKK,DQA,"1,348",$116.20,"2,766 mi",4,$0.0420
MNL,SPU,"1,348",$694.94,"6,428 mi",4,$0.1081
MNL,EBB,"1,348",$680.58,"5,938 mi",4,$0.1146
XMN,AAT,"1,347",$307.33,"2,362 mi",4,$0.1301
XMN,VVO,"1,347",$198.55,"1,480 mi",4,$0.1342
KUL,AMQ,"1,346",$479.18,"1,931 mi",4,$0.2482
MNL,TUL,"1,345",$693.40,"7,939 mi",4,$0.0873
HKT,GDN,"1,344",$334.41,"5,194 mi",4,$0.0644
HKT,KEF,"1,344",$604.23,"6,798 mi",4,$0.0889
USM,LIS,"1,344",$680.52,"7,014 mi",4,$0.0970
HKT,HSR,"1,344",$169.05,"2,124 mi",4,$0.0796
PKX,MYJ,"1,344",$247.32,953 mi,4,$0.2595
KUL,SNO,"1,343",$106.03,982 mi,4,$0.1080
TPE,LUX,"1,343",$740.04,"6,100 mi",4,$0.1213
DAD,HSG,"1,343",$139.29,"1,870 mi",4,$0.0745
DMK,CGY,"1,342",$32.33,"1,706 mi",4,$0.0190
XMN,TAE,"1,342",$110.99,"1,034 mi",4,$0.1073
HAN,AMM,"1,342",$617.52,"4,179 mi",4,$0.1478
MFM,WEH,"1,342",$151.76,"1,125 mi",4,$0.1349
NRT,YCD,"1,342",$581.46,"4,501 mi",4,$0.1292
KHH,IST,"1,341",$377.28,"5,125 mi",4,$0.0736
PEN,DLU,"1,341",$167.09,"1,448 mi",4,$0.1154
CEB,IND,"1,341",$729.74,"8,219 mi",4,$0.0888
ICN,LKO,"1,341",$267.73,"2,657 mi",4,$0.1008
KIX,CGN,"1,340",$994.93,"5,926 mi",4,$0.1679
MNL,BPN,"1,340",$555.14,"1,160 mi",4,$0.4786
PEN,HET,"1,340",$147.04,"2,481 mi",4,$0.0593
HAN,MPM,"1,340",$556.00,"5,710 mi",4,$0.0974
HKT,YIA,"1,340",$153.59,"1,413 mi",4,$0.1087
ICN,MVD,"1,340","$1,306.01","11,842 mi",4,$0.1103
PVG,YXE,"1,339",$864.20,"5,799 mi",4,$0.1490
DPS,SKG,"1,339",$361.32,"6,523 mi",4,$0.0554
HAN,CLE,"1,339","$1,284.68","7,839 mi",4,$0.1639
PVG,PEE,"1,339",$265.45,"3,653 mi",4,$0.0727
KBV,SBW,"1,338",$115.75,951 mi,4,$0.1217
SGN,PKU,"1,338",$115.64,824 mi,4,$0.1403
HND,XIL,"1,337",$131.98,"1,427 mi",4,$0.0925
ICN,PUF,"1,337","$1,446.82","5,756 mi",4,$0.2514
HAN,TAE,"1,337",$138.43,"1,761 mi",4,$0.0786
HKG,GOI,"1,337",$276.50,"2,576 mi",4,$0.1073
SUB,BLR,"1,336",$447.18,"2,880 mi",4,$0.1553
HKT,WRO,"1,336",$382.99,"5,573 mi",4,$0.0687
KBV,SVO,"1,336",$233.97,"4,533 mi",4,$0.0516
KIX,SNA,"1,336","$1,544.22","5,939 mi",4,$0.2600
SHE,KCA,"1,336",$274.56,"2,008 mi",4,$0.1367
HKG,ALC,"1,334","$1,279.91","6,672 mi",4,$0.1918
PNH,UBP,"1,334",$78.93,264 mi,4,$0.2990
CEB,CSX,"1,334",$125.77,"1,376 mi",4,$0.0914
CEB,MCI,"1,334",$576.80,"7,958 mi",4,$0.0725
CKG,URT,"1,334",$121.66,"1,458 mi",4,$0.0834
HKG,LZY,"1,334",$246.64,"1,269 mi",4,$0.1944
ICN,HUN,"1,334",$158.39,"1,001 mi",4,$0.1582
MFM,UBP,"1,334",$73.73,765 mi,4,$0.0964
PVG,NTQ,"1,334",$276.60,934 mi,4,$0.2961
NRT,YKA,"1,333",$472.68,"4,575 mi",4,$0.1033
SHE,KOJ,"1,333",$114.55,812 mi,4,$0.1411
DMK,VII,"1,333",$81.00,487 mi,4,$0.1663
HGH,PMI,"1,332",$305.50,"6,360 mi",4,$0.0480
BKK,BPE,"1,332",$117.01,"2,175 mi",4,$0.0538
HKT,TUU,"1,332",$304.76,"4,362 mi",4,$0.0699
HKG,TGD,"1,331",$660.97,"5,257 mi",4,$0.1257
NGO,MEM,"1,331","$2,203.95","6,540 mi",4,$0.3370
NRT,YYG,"1,331",$629.41,"6,779 mi",4,$0.0928
PNH,HEL,"1,331",$598.09,"5,335 mi",4,$0.1121
SGN,YYG,"1,331",$613.39,"8,187 mi",4,$0.0749
DPS,PKN,"1,330",$195.62,468 mi,4,$0.4180
HND,POA,"1,330",$887.36,"11,343 mi",4,$0.0782
MNL,SGF,"1,330",$728.53,"7,972 mi",4,$0.0914
SZX,LUN,"1,330",$970.05,"6,526 mi",4,$0.1486
CGK,SNO,"1,329",$135.82,"1,572 mi",4,$0.0864
HGH,BTJ,"1,329",$172.84,"2,429 mi",4,$0.0712
HND,IKI,"1,329",$196.26,598 mi,4,$0.3282
NRT,MDC,"1,329",$389.87,"2,640 mi",4,$0.1477
PVG,TBU,"1,329",$868.47,"5,691 mi",4,$0.1526
SGN,AOR,"1,329",$64.63,549 mi,4,$0.1177
CGK,YEG,"1,329",$735.58,"8,218 mi",4,$0.0895
PKX,LPQ,"1,329",$92.65,"1,646 mi",4,$0.0563
WUH,RMQ,"1,329",$196.22,615 mi,4,$0.3191
KUL,NTQ,"1,328",$591.80,"3,367 mi",4,$0.1758
MFM,HLD,"1,328",$224.45,"1,957 mi",4,$0.1147
CEB,LED,"1,327",$368.31,"5,904 mi",4,$0.0624
HKT,MCO,"1,327",$975.53,"10,208 mi",4,$0.0956
HKG,IBZ,"1,327","$1,829.09","6,177 mi",4,$0.2961
ICN,TGD,"1,327",$541.76,"5,115 mi",4,$0.1059
PEK,BJM,"1,327",$727.22,"6,409 mi",4,$0.1135
SZX,ATL,"1,327","$1,401.21","8,116 mi",4,$0.1726
BKK,LLV,"1,326",$233.28,"1,724 mi",4,$0.1353
HAN,YGJ,"1,326",$479.45,"1,869 mi",4,$0.2565
BKK,ADE,"1,325",$374.11,"3,851 mi",4,$0.0971
KUL,ENH,"1,325",$125.47,"1,913 mi",4,$0.0656
CNX,AKL,"1,325",$531.04,"6,064 mi",4,$0.0876
CTU,POM,"1,324",$396.50,"4,104 mi",4,$0.0966
HAN,ZYR,"1,324",$327.34,"5,727 mi",4,$0.0572
PEK,SVQ,"1,324","$1,377.86","6,140 mi",4,$0.2244
DPS,AAL,"1,324",$567.04,"7,517 mi",4,$0.0754
MFM,GES,"1,323",$111.73,"1,310 mi",4,$0.0853
CAN,KMJ,"1,323",$207.32,"1,212 mi",4,$0.1711
HND,MOB,"1,323","$1,283.53","7,106 mi",4,$0.1806
BKK,LPA,"1,322",$410.06,"7,070 mi",4,$0.0580
RGN,GRU,"1,322",$913.40,"9,677 mi",4,$0.0944
NGO,MTY,"1,321","$1,929.05","7,038 mi",4,$0.2741
CGK,APW,"1,321",$980.12,"5,705 mi",4,$0.1718
RGN,HOX,"1,321",$150.59,541 mi,4,$0.2784
HKG,LPQ,"1,320",$292.38,752 mi,4,$0.3888
KUL,BOG,"1,320","$1,321.01","12,203 mi",4,$0.1083
CGO,NBO,"1,319",$459.43,"5,694 mi",4,$0.0807
DPS,KLO,"1,319",$139.84,"1,541 mi",4,$0.0907
KBV,BUD,"1,319",$459.84,"5,488 mi",4,$0.0838
SGN,ROA,"1,319",$729.23,"8,810 mi",4,$0.0828
CGO,JED,"1,318",$494.22,"4,403 mi",4,$0.1122
DMK,TAC,"1,318",$23.62,"1,706 mi",4,$0.0138
KIX,SNO,"1,318",$185.03,"2,326 mi",4,$0.0795
MNL,MAG,"1,318",$455.49,"2,241 mi",4,$0.2033
CGK,DRP,"1,318",$191.91,"1,823 mi",4,$0.1053
DAD,DGT,"1,318",$112.36,"1,084 mi",4,$0.1037
SIN,ZNZ,"1,318",$563.94,"4,632 mi",4,$0.1217
PNH,HUI,"1,317",$111.32,374 mi,4,$0.2976
CTU,WEF,"1,316",$142.66,996 mi,4,$0.1432
CEB,CHC,"1,315",$437.64,"4,949 mi",4,$0.0884
CRK,TPA,"1,315",$647.71,"8,805 mi",4,$0.0736
HAN,UKB,"1,315",$126.32,"1,950 mi",4,$0.0648
TPE,BTU,"1,315",$190.66,"1,660 mi",4,$0.1149
NRT,YKF,"1,314",$534.37,"6,201 mi",4,$0.0862
SZX,TNH,"1,314",$225.11,"1,473 mi",4,$0.1528
XMN,DAR,"1,313",$320.76,"5,555 mi",4,$0.0577
PEN,IST,"1,313",$443.66,"5,171 mi",4,$0.0858
TPE,PAG,"1,312",$113.65,"1,237 mi",4,$0.0919
CGK,VTZ,"1,312",$605.49,"2,226 mi",4,$0.2720
CKG,QSZ,"1,312",$215.34,"1,731 mi",4,$0.1244
HND,VCA,"1,312",$309.59,"2,850 mi",4,$0.1086
MNL,FNA,"1,312",$764.19,"9,183 mi",4,$0.0832
SIN,SNN,"1,312","$1,449.00","6,871 mi",4,$0.2109
HKG,TRN,"1,311",$867.52,"6,050 mi",4,$0.1434
PEK,BEN,"1,311",$343.39,"4,979 mi",4,$0.0690
HGH,ASB,"1,311",$407.46,"3,632 mi",4,$0.1122
KUL,CTA,"1,311",$692.39,"5,741 mi",4,$0.1206
SZX,IAD,"1,311","$1,938.39","8,363 mi",4,$0.2318
TPE,RVN,"1,311",$948.69,"4,925 mi",4,$0.1926
WUH,ZRH,"1,311",$672.28,"5,179 mi",4,$0.1298
KUL,JMU,"1,310",$130.33,"3,605 mi",4,$0.0362
BKK,CYZ,"1,310",$128.53,"1,374 mi",4,$0.0935
CRK,KHH,"1,310",$109.94,496 mi,4,$0.2217
HND,ARM,"1,310",$621.77,"4,491 mi",4,$0.1384
PVG,SAL,"1,310","$1,103.75","9,000 mi",4,$0.1226
CAN,MYJ,"1,309",$200.46,"1,335 mi",4,$0.1502
DPS,APW,"1,309","$1,395.89","5,078 mi",4,$0.2749
KUL,LUM,"1,309",$125.25,"1,556 mi",4,$0.0805
HKG,MEM,"1,309","$2,263.32","8,421 mi",4,$0.2688
SIN,HZA,"1,309",$205.72,"2,384 mi",4,$0.0863
SUB,ZRH,"1,309",$813.85,"7,475 mi",4,$0.1089
HGH,BSR,"1,308",$670.03,"4,381 mi",4,$0.1529
KBV,KBR,"1,308",$53.42,255 mi,4,$0.2095
KUL,SZG,"1,308",$373.08,"6,199 mi",4,$0.0602
USM,STN,"1,308",$624.42,"6,296 mi",4,$0.0992
HKT,BDQ,"1,308",$148.39,"1,876 mi",4,$0.0791
MNL,TKK,"1,307",$858.47,"2,080 mi",4,$0.4127
BKK,KRL,"1,307",$267.78,"2,189 mi",4,$0.1223
HAN,BAH,"1,307",$502.14,"3,377 mi",4,$0.1487
KIX,NNT,"1,307",$173.81,"2,441 mi",4,$0.0712
PVG,SLL,"1,307",$676.18,"4,188 mi",4,$0.1615
SIN,RSW,"1,307","$2,502.72","10,157 mi",4,$0.2464
HKG,KGI,"1,306",$381.33,"3,814 mi",4,$0.1000
HKG,MDC,"1,306",$271.57,"1,662 mi",4,$0.1634
HND,PSP,"1,306","$1,101.00","5,735 mi",4,$0.1920
SGN,ELP,"1,306",$535.06,"8,506 mi",4,$0.0629
CEB,MCT,"1,305",$429.27,"4,271 mi",4,$0.1005
ICN,KUA,"1,305",$310.51,"2,836 mi",4,$0.1095
NGO,OGG,"1,305",$621.69,"4,239 mi",4,$0.1467
PNH,LYI,"1,304",$133.91,"1,888 mi",4,$0.0709
XMN,OTP,"1,304",$588.69,"5,296 mi",4,$0.1112
CAN,BLL,"1,304",$419.99,"5,576 mi",4,$0.0753
SIN,KRL,"1,304",$291.43,"2,910 mi",4,$0.1001
DAD,LGK,"1,303",$97.43,856 mi,4,$0.1138
HGH,CCU,"1,303",$221.16,"2,100 mi",4,$0.1053
CAN,HAH,"1,302",$742.12,"5,467 mi",4,$0.1357
CTU,XFN,"1,302",$115.11,489 mi,4,$0.2354
NGO,SAT,"1,302","$2,585.64","6,513 mi",4,$0.3970
NRT,STN,"1,302",$884.81,"6,098 mi",4,$0.1451
DVO,HDY,"1,302",$151.22,"1,679 mi",4,$0.0901
HKG,HER,"1,302","$1,191.52","5,432 mi",4,$0.2194
SGN,KHI,"1,301",$406.48,"2,677 mi",4,$0.1518
SZX,MCT,"1,301",$679.88,"3,611 mi",4,$0.1883
WUH,UBN,"1,301",$186.48,"1,266 mi",4,$0.1473
HAN,GYD,"1,301",$511.83,"3,395 mi",4,$0.1508
KIX,KOW,"1,301",$110.74,"1,396 mi",4,$0.0793
MNL,BPA,"1,301",$136.77,347 mi,4,$0.3941
DVO,PEN,"1,300",$211.11,"1,799 mi",4,$0.1173
KHH,VIE,"1,299",$361.64,"5,496 mi",4,$0.0658
NRT,SNO,"1,299",$215.89,"2,485 mi",4,$0.0869
DVO,MIA,"1,299",$948.09,"9,859 mi",4,$0.0962
WUH,NDG,"1,299",$167.08,"1,211 mi",4,$0.1380
CGK,SHS,"1,298",$361.09,"2,470 mi",4,$0.1462
PVG,CBR,"1,298","$1,064.27","4,775 mi",4,$0.2229
BKK,BUT,"1,298",$86.57,"1,120 mi",4,$0.0773
NRT,CNF,"1,298","$1,527.71","11,630 mi",4,$0.1314
PEK,LFW,"1,298","$1,068.16","7,027 mi",4,$0.1520
SIN,PGK,"1,297",$130.72,294 mi,4,$0.4446
KIX,VRC,"1,297",$129.04,"1,549 mi",4,$0.0833
TSN,HMI,"1,297",$164.81,"1,295 mi",4,$0.1273
DPS,YOW,"1,296",$987.49,"9,533 mi",4,$0.1036
KBV,DMM,"1,296",$357.71,"3,355 mi",4,$0.1066
KUL,AKJ,"1,296",$510.08,"3,879 mi",4,$0.1315
KIX,ACC,"1,296",$935.99,"8,174 mi",4,$0.1145
TSN,MXP,"1,296",$555.20,"5,257 mi",4,$0.1056
HAN,BNA,"1,295",$947.22,"8,139 mi",4,$0.1164
HKG,RSW,"1,295","$2,022.73","9,170 mi",4,$0.2206
CNX,ATL,"1,294","$1,150.85","8,544 mi",4,$0.1347
PNH,HPH,"1,294",$108.17,673 mi,4,$0.1607
CNX,SVO,"1,294",$215.98,"3,935 mi",4,$0.0549
PEK,NAV,"1,294",$298.99,"4,336 mi",4,$0.0690
PNH,HIA,"1,294",$65.62,"1,729 mi",4,$0.0380
SIN,ROR,"1,294",$697.55,"2,208 mi",4,$0.3159
BKK,JMU,"1,293",$119.35,"2,776 mi",4,$0.0430
SIN,TOY,"1,293",$453.44,"3,326 mi",4,$0.1363
BKK,TFS,"1,293",$807.75,"7,130 mi",4,$0.1133
HGH,CWJ,"1,293",$158.46,"1,342 mi",4,$0.1181
SUB,IST,"1,293",$788.80,"6,060 mi",4,$0.1302
SZX,BTJ,"1,293",$130.57,"1,755 mi",4,$0.0744
MNL,BEW,"1,292",$595.55,"6,498 mi",4,$0.0917
BKK,HER,"1,292",$497.72,"5,014 mi",4,$0.0993
CRK,MUC,"1,292",$525.54,"6,072 mi",4,$0.0866
HAN,ADD,"1,292",$547.06,"4,383 mi",4,$0.1248
HND,MIG,"1,292",$293.69,"2,089 mi",4,$0.1406
NRT,ATQ,"1,291",$262.38,"3,597 mi",4,$0.0729
PEK,CLJ,"1,291",$787.00,"4,534 mi",4,$0.1736
PNH,NAO,"1,291",$151.31,"1,292 mi",4,$0.1171
CTU,DOY,"1,290",$237.96,945 mi,4,$0.2518
NGO,YYC,"1,290",$761.28,"4,959 mi",4,$0.1535
PKX,AOR,"1,290",$203.88,"2,433 mi",4,$0.0838
RGN,DMM,"1,290",$419.10,"3,122 mi",4,$0.1342
SGN,AYT,"1,290",$464.37,"4,842 mi",4,$0.0959
HAN,NAP,"1,290",$485.95,"5,507 mi",4,$0.0882
PEK,POZ,"1,290",$624.72,"4,587 mi",4,$0.1362
PEK,YYJ,"1,289",$692.78,"5,456 mi",4,$0.1270
PVG,BJL,"1,289",$706.05,"8,060 mi",4,$0.0876
PVG,OMA,"1,289","$1,782.92","7,091 mi",4,$0.2514
TPE,ATQ,"1,289",$306.13,"2,923 mi",4,$0.1047
ICN,CHA,"1,289",$948.99,"7,242 mi",4,$0.1310
SIN,MRV,"1,289",$516.73,"4,882 mi",4,$0.1058
CEB,FLL,"1,288",$693.88,"9,162 mi",4,$0.0757
HKG,LGA,"1,288",$949.02,"8,290 mi",4,$0.1145
KUL,DSS,"1,287",$729.20,"7,838 mi",4,$0.0930
KBV,DOH,"1,286",$350.48,"3,431 mi",4,$0.1022
SUB,HDY,"1,286",$122.59,"1,268 mi",4,$0.0967
BKK,PRN,"1,286",$578.90,"5,214 mi",4,$0.1110
BKK,SHB,"1,285",$433.19,"3,224 mi",4,$0.1344
BKK,RIC,"1,284","$1,027.22","9,164 mi",4,$0.1121
MFM,KOJ,"1,284",$137.49,"1,208 mi",4,$0.1138
NGO,LIS,"1,284","$1,048.56","6,696 mi",4,$0.1566
SGN,YTY,"1,284",$126.59,"1,769 mi",4,$0.0716
HAN,TLK,"1,284",$209.26,"2,763 mi",4,$0.0757
HND,RDM,"1,284","$1,286.38","4,805 mi",4,$0.2677
KUL,TRN,"1,284",$439.49,"6,469 mi",4,$0.0679
BKK,PBI,"1,283","$1,284.96","9,936 mi",4,$0.1293
CEB,TRD,"1,283",$597.49,"6,454 mi",4,$0.0926
ICN,SVQ,"1,283",$996.33,"6,629 mi",4,$0.1503
PNH,JHB,"1,282",$92.48,668 mi,4,$0.1384
TPE,LZY,"1,282",$260.46,"1,625 mi",4,$0.1603
CGK,SDJ,"1,282",$556.98,"3,880 mi",4,$0.1436
CNX,YYC,"1,282",$612.19,"7,427 mi",4,$0.0824
SGN,LOP,"1,282",$143.23,"1,461 mi",4,$0.0980
TPE,ORF,"1,282",$970.32,"8,247 mi",4,$0.1177
HKG,DCY,"1,281",$214.71,957 mi,4,$0.2244
ICN,JXA,"1,281",$82.09,612 mi,4,$0.1341
MFM,TST,"1,280",$98.65,"1,415 mi",4,$0.0697
SGN,CAE,"1,280",$688.68,"9,581 mi",4,$0.0719
HND,OAK,"1,280",$662.16,"4,997 mi",4,$0.1325
HKT,SZG,"1,279",$411.80,"5,754 mi",4,$0.0716
HND,LFQ,"1,279",$221.68,"1,524 mi",4,$0.1455
CGO,ARN,"1,279",$265.10,"4,256 mi",4,$0.0623
ICN,EUG,"1,279",$633.81,"5,478 mi",4,$0.1157
KIX,ANC,"1,278","$1,025.30","3,562 mi",4,$0.2878
CTU,NBS,"1,278",$168.49,"1,576 mi",4,$0.1069
PEK,SSG,"1,278","$2,179.60","7,194 mi",4,$0.3030
SIN,VLI,"1,278","$1,089.45","4,429 mi",4,$0.2460
MNL,TOS,"1,277",$754.33,"5,397 mi",3,$0.1398
PVG,AAL,"1,277",$619.82,"5,330 mi",3,$0.1163
SHE,QYG,"1,277",$300.28,"4,519 mi",3,$0.0664
TPE,PPT,"1,277",$889.78,"6,875 mi",3,$0.1294
BKK,DLA,"1,277",$466.23,"6,035 mi",3,$0.0773
KIX,XUZ,"1,277",$106.24,"1,039 mi",3,$0.1023
MNL,HTI,"1,277",$237.06,"3,158 mi",3,$0.0751
KBV,TAS,"1,276",$422.92,"2,836 mi",3,$0.1491
KNO,ROI,"1,276",$93.64,896 mi,3,$0.1045
PVG,OKC,"1,276","$2,032.91","7,391 mi",3,$0.2751
MNL,PKU,"1,276",$218.25,"1,702 mi",3,$0.1282
SHE,DAC,"1,276",$191.76,"2,329 mi",3,$0.0823
CRK,NCE,"1,275",$443.84,"6,796 mi",3,$0.0653
CGK,MSP,"1,275","$1,340.03","9,218 mi",3,$0.1454
CKG,ATL,"1,275",$549.00,"8,240 mi",3,$0.0666
KUL,TUG,"1,275",$161.80,"1,652 mi",3,$0.0979
HGH,JMJ,"1,274",$150.22,"1,427 mi",3,$0.1053
KBV,IKA,"1,274",$372.62,"3,448 mi",3,$0.1081
SZX,HUI,"1,274",$93.80,604 mi,3,$0.1553
HAN,SYO,"1,274",$444.94,"2,278 mi",3,$0.1953
HGH,PHS,"1,274",$91.66,"1,622 mi",3,$0.0565
SUB,DLC,"1,274",$407.53,"3,153 mi",3,$0.1293
ICN,DAT,"1,273",$156.02,742 mi,3,$0.2103
KIX,CZX,"1,273",$294.92,883 mi,3,$0.3340
LGK,ATQ,"1,273",$139.46,"2,308 mi",3,$0.0604
BKK,IXA,"1,273",$49.84,911 mi,3,$0.0547
CGK,BXU,"1,273",$193.01,"1,713 mi",3,$0.1127
DMK,IST,"1,273",$171.47,"4,511 mi",3,$0.0380
HKT,BGO,"1,273",$388.80,"5,662 mi",3,$0.0687
MNL,ABT,"1,273",$365.81,"5,045 mi",3,$0.0725
DPS,IXC,"1,272",$394.61,"3,614 mi",3,$0.1092
MNL,DAV,"1,272",$944.84,"9,876 mi",3,$0.0957
MNL,GSP,"1,272","$1,428.47","8,959 mi",3,$0.1594
ICN,ALC,"1,271",$639.62,"6,025 mi",3,$0.1062
CRK,HNL,"1,271",$568.01,"5,467 mi",3,$0.1039
HND,MSO,"1,271","$1,127.08","5,289 mi",3,$0.2131
ICN,NAS,"1,271","$1,458.53","8,082 mi",3,$0.1805
MNL,HGU,"1,271",$513.59,"2,061 mi",3,$0.2492
PKX,PHC,"1,271",$649.10,"7,228 mi",3,$0.0898
SIN,PBI,"1,271","$2,459.67","10,166 mi",3,$0.2420
BKK,HBE,"1,270",$344.28,"4,484 mi",3,$0.0768
CEB,BLR,"1,270",$428.50,"3,226 mi",3,$0.1328
SZX,OTP,"1,270",$738.72,"5,178 mi",3,$0.1427
CRK,BOS,"1,269",$828.72,"8,644 mi",3,$0.0959
HND,YKA,"1,269",$926.04,"4,608 mi",3,$0.2010
ICN,MED,"1,269",$570.15,"5,189 mi",3,$0.1099
PNH,KCH,"1,269",$163.66,767 mi,3,$0.2134
SZX,KOS,"1,269",$72.82,"1,102 mi",3,$0.0661
HND,PTP,"1,269","$1,309.35","8,336 mi",3,$0.1571
MNL,RAE,"1,269",$384.60,"5,271 mi",3,$0.0730
HND,POZ,"1,268","$1,181.07","5,622 mi",3,$0.2101
MNL,PQQ,"1,268",$454.77,"3,698 mi",3,$0.1230
KUL,RXS,"1,267",$148.26,"1,518 mi",3,$0.0977
CGK,OIT,"1,267",$843.81,"3,287 mi",3,$0.2567
HND,KIN,"1,266","$2,543.37","8,274 mi",3,$0.3074
PVG,ORK,"1,266","$1,587.16","5,783 mi",3,$0.2745
SGN,EVN,"1,266",$594.24,"4,151 mi",3,$0.1432
XMN,YYC,"1,266",$583.68,"6,515 mi",3,$0.0896
SGN,LYA,"1,266",$110.30,"1,743 mi",3,$0.0633
TPE,UBP,"1,266",$103.16,"1,220 mi",3,$0.0846
USM,QYG,"1,266",$614.31,"5,733 mi",3,$0.1072
KNO,KOP,"1,265",$97.90,996 mi,3,$0.0983
MNL,CJB,"1,265",$485.32,"3,058 mi",3,$0.1587
BKK,YXE,"1,265",$596.85,"7,372 mi",3,$0.0810
CRK,MCT,"1,265",$409.25,"3,949 mi",3,$0.1036
PEN,DEN,"1,265","$1,893.47","8,668 mi",3,$0.2184
PKX,CCU,"1,265",$281.80,"2,069 mi",3,$0.1362
CTU,HEK,"1,264",$321.29,"1,867 mi",3,$0.1721
KHH,HPH,"1,264",$317.46,909 mi,3,$0.3492
NRT,CHS,"1,264","$1,927.38","7,231 mi",3,$0.2665
USM,AKL,"1,263",$710.32,"5,966 mi",3,$0.1191
HAN,NNT,"1,263",$67.25,377 mi,3,$0.1784
MNL,ICT,"1,263",$796.90,"7,811 mi",3,$0.1020
ICN,MYR,"1,263","$1,215.15","7,475 mi",3,$0.1626
KIX,UNN,"1,263",$209.00,"2,958 mi",3,$0.0707
NGO,GVA,"1,263",$592.04,"6,230 mi",3,$0.0950
SGN,NTG,"1,263",$80.06,"1,677 mi",3,$0.0477
BKK,KOS,"1,262",$207.30,299 mi,3,$0.6933
MNL,IBZ,"1,262",$942.60,"6,866 mi",3,$0.1373
RGN,AUH,"1,262",$373.79,"2,639 mi",3,$0.1416
DMK,DGT,"1,262",$13.95,"1,614 mi",3,$0.0086
DPS,URT,"1,262",$108.54,"1,706 mi",3,$0.0636
HND,UEO,"1,261",$409.17,"1,029 mi",3,$0.3976
PEK,OBO,"1,261",$261.71,"1,428 mi",3,$0.1833
BKK,HDO,"1,261",$128.22,"1,769 mi",3,$0.0725
DPS,SWA,"1,261",$237.72,"2,293 mi",3,$0.1037
HAN,NTE,"1,261",$582.29,"6,096 mi",3,$0.0955
HND,PNI,"1,261",$947.28,"2,224 mi",3,$0.4259
HND,ZHA,"1,260",$229.89,"1,949 mi",3,$0.1180
PEK,YXE,"1,260",$946.94,"5,721 mi",3,$0.1655
PVG,NTL,"1,260",$644.68,"4,688 mi",3,$0.1375
SIN,SCQ,"1,260",$844.51,"7,490 mi",3,$0.1128
CGK,STN,"1,260",$877.80,"7,466 mi",3,$0.1176
CTU,KOW,"1,260",$150.73,757 mi,3,$0.1991
SIN,RBA,"1,260","$1,265.44","7,562 mi",3,$0.1673
ICN,CUR,"1,258","$1,294.77","9,129 mi",3,$0.1418
SGN,NNT,"1,258",$79.44,657 mi,3,$0.1209
KIX,TRV,"1,258",$443.52,"3,968 mi",3,$0.1118
SZX,FLR,"1,258",$262.42,"5,910 mi",3,$0.0444
DAD,FCO,"1,257",$503.19,"5,956 mi",3,$0.0845
SIN,IXD,"1,257",$229.97,"2,161 mi",3,$0.1064
SZX,ROI,"1,257",$87.72,818 mi,3,$0.1072
HKT,PDX,"1,257",$673.99,"7,708 mi",3,$0.0874
HND,XFN,"1,257",$352.60,"1,541 mi",3,$0.2288
BKK,XFN,"1,256",$175.46,"1,426 mi",3,$0.1230
CAN,RMO,"1,256",$595.86,"4,940 mi",3,$0.1206
ICN,JIU,"1,256",$197.31,849 mi,3,$0.2324
KUL,FUG,"1,256",$195.75,"2,203 mi",3,$0.0889
KUL,SXR,"1,256",$163.92,"2,852 mi",3,$0.0575
PEK,TKS,"1,256",$144.73,"1,040 mi",3,$0.1392
PKX,THD,"1,256",$136.67,"1,548 mi",3,$0.0883
PVG,PPS,"1,256",$146.39,"1,536 mi",3,$0.0953
HKG,VKO,"1,255",$527.61,"4,309 mi",3,$0.1224
KIX,LPT,"1,255",$178.16,"2,534 mi",3,$0.0703
NRT,GSP,"1,255","$1,657.03","6,631 mi",3,$0.2499
PEK,PMO,"1,255",$329.71,"5,030 mi",3,$0.0655
MNL,ILM,"1,255","$1,196.49","8,579 mi",3,$0.1395
PEK,VFA,"1,255",$666.37,"7,265 mi",3,$0.0917
PNH,PHX,"1,255",$738.92,"8,750 mi",3,$0.0844
MNL,AOR,"1,254",$150.49,"1,468 mi",3,$0.1025
PNH,BKI,"1,254",$151.59,884 mi,3,$0.1715
BKK,EUG,"1,253",$771.90,"7,807 mi",3,$0.0989
CTU,YLX,"1,253",$140.12,700 mi,3,$0.2002
KIX,VDH,"1,253",$184.46,"2,053 mi",3,$0.0898
KUL,GMP,"1,253",$333.56,"2,797 mi",3,$0.1193
HND,CGY,"1,252",$272.19,"2,034 mi",3,$0.1338
MNL,IWK,"1,252",$504.05,"1,481 mi",3,$0.3403
SUB,AUH,"1,252",$696.22,"4,622 mi",3,$0.1506
ICN,CLJ,"1,252",$554.01,"4,768 mi",3,$0.1162
SZX,UIH,"1,252",$116.73,696 mi,3,$0.1677
BKK,IXM,"1,251",$87.36,"1,602 mi",3,$0.0545
BKK,PNS,"1,251","$1,044.84","9,620 mi",3,$0.1086
CRK,HAM,"1,251",$571.41,"5,994 mi",3,$0.0953
BKK,BGY,"1,250",$156.83,"5,763 mi",3,$0.0272
MNL,EMD,"1,250",$566.43,"3,111 mi",3,$0.1821
SZX,HAC,"1,250",$380.54,"1,685 mi",3,$0.2258
KIX,CLT,"1,249","$1,651.19","7,301 mi",3,$0.2262
USM,BOD,"1,249",$425.39,"6,085 mi",3,$0.0699
BKK,ICT,"1,249","$1,248.17","8,437 mi",3,$0.1479
DAD,CLT,"1,249",$729.32,"9,109 mi",3,$0.0801
KIX,BGO,"1,248",$723.52,"5,466 mi",3,$0.1324
KIX,CJM,"1,248",$209.09,"2,706 mi",3,$0.0773
LGK,TRV,"1,248",$115.31,"1,617 mi",3,$0.0713
ICN,SKP,"1,248",$519.05,"5,039 mi",3,$0.1030
NRT,JAI,"1,248",$466.56,"3,681 mi",3,$0.1267
NRT,MYY,"1,247",$456.95,"2,828 mi",3,$0.1616
PVG,GEG,"1,247",$904.83,"5,694 mi",3,$0.1589
ICN,KOW,"1,247",$159.37,"1,022 mi",3,$0.1559
KBV,RPR,"1,247",$71.04,"1,507 mi",3,$0.0471
KIX,FRU,"1,246",$331.66,"3,354 mi",3,$0.0989
URC,DYG,"1,246",$238.38,"1,674 mi",3,$0.1424
DAD,NGB,"1,246",$210.07,"1,232 mi",3,$0.1705
KIX,DCA,"1,246","$1,418.51","6,759 mi",3,$0.2099
TPE,RNO,"1,246","$1,394.07","6,687 mi",3,$0.2085
BKK,OGG,"1,245",$633.05,"6,882 mi",3,$0.0920
PEK,DUR,"1,245",$616.35,"7,500 mi",3,$0.0822
TPE,ZHA,"1,245",$246.63,697 mi,3,$0.3538
KUL,HAS,"1,245",$381.01,"4,175 mi",3,$0.0913
SGN,SZG,"1,245",$423.06,"5,658 mi",3,$0.0748
ICN,MRV,"1,245",$628.34,"4,065 mi",3,$0.1546
RGN,BRU,"1,244",$709.02,"5,549 mi",3,$0.1278
SUB,CTS,"1,244",$512.22,"4,030 mi",3,$0.1271
CAN,ZQN,"1,243",$509.34,"5,697 mi",3,$0.0894
HKT,PKC,"1,242",$328.43,"4,416 mi",3,$0.0744
KUL,CMH,"1,242",$960.63,"9,753 mi",3,$0.0985
NRT,ENH,"1,242",$138.16,"1,876 mi",3,$0.0736
PVG,SZB,"1,242",$28.73,"2,413 mi",3,$0.0119
CEB,KBV,"1,241",$163.62,"1,762 mi",3,$0.0929
XMN,PQC,"1,241",$154.17,"1,319 mi",3,$0.1169
XMN,UCB,"1,241",$137.75,"1,147 mi",3,$0.1201
NRT,SPU,"1,241",$752.34,"5,751 mi",3,$0.1308
SIN,IXU,"1,241",$179.88,"2,247 mi",3,$0.0801
PKX,VCS,"1,239",$254.05,"2,145 mi",3,$0.1184
WUH,SJW,"1,239",$124.58,503 mi,3,$0.2477
CRK,AUH,"1,238",$494.26,"4,424 mi",3,$0.1117
ICN,TRC,"1,238",$966.98,"7,221 mi",3,$0.1339
RGN,IAH,"1,238",$668.94,"9,381 mi",3,$0.0713
SIN,ROI,"1,238",$108.51,"1,051 mi",3,$0.1032
KUL,MKM,"1,237",$122.13,736 mi,3,$0.1659
KUL,BRI,"1,236",$418.23,"6,006 mi",3,$0.0696
CGO,LAS,"1,235",$398.62,"6,428 mi",3,$0.0620
ICN,SVG,"1,235",$672.15,"4,819 mi",3,$0.1395
PVG,ASF,"1,235",$307.50,"3,846 mi",3,$0.0800
HND,AGS,"1,235","$1,598.53","6,754 mi",3,$0.2367
PKX,SEA,"1,235","$1,522.88","5,593 mi",3,$0.2723
SUB,CXR,"1,235",$132.50,"1,320 mi",3,$0.1004
TPE,LCA,"1,235","$1,050.85","4,968 mi",3,$0.2115
NRT,SHJ,"1,234",$548.80,"4,799 mi",3,$0.1144
PKX,IZO,"1,234",$244.02,973 mi,3,$0.2508
CRK,SYD,"1,234",$413.63,"3,829 mi",3,$0.1080
BWN,HDY,"1,234",$340.16,978 mi,3,$0.3478
HKG,BPE,"1,234",$97.08,"1,274 mi",3,$0.0762
KBV,KTI,"1,234",$93.43,449 mi,3,$0.2081
NGO,THD,"1,234",$167.74,"2,104 mi",3,$0.0797
CAN,HBA,"1,233",$585.41,"4,915 mi",3,$0.1191
CTU,JUH,"1,233",$207.51,840 mi,3,$0.2470
ICN,SGF,"1,233","$1,017.40","6,882 mi",3,$0.1478
TPE,BOD,"1,233",$838.41,"6,190 mi",3,$0.1354
HND,CIH,"1,233",$281.83,"1,443 mi",3,$0.1953
MNL,FAI,"1,233",$669.15,"5,506 mi",3,$0.1215
SGN,FSD,"1,233",$600.72,"8,148 mi",3,$0.0737
CKG,MDL,"1,232",$179.97,890 mi,3,$0.2022
HGH,SDJ,"1,232",$182.51,"1,327 mi",3,$0.1375
MNL,YFC,"1,232",$841.67,"8,485 mi",3,$0.0992
URC,ENH,"1,232",$178.90,"1,571 mi",3,$0.1139
NGO,IWK,"1,232",$516.91,256 mi,3,$2.0192
PNH,CAI,"1,231",$477.87,"4,691 mi",3,$0.1019
PVG,BUS,"1,231",$498.57,"4,229 mi",3,$0.1179
SIN,JNG,"1,231",$177.95,"2,431 mi",3,$0.0732
XMN,ATL,"1,231",$969.52,"7,907 mi",3,$0.1226
HKT,GSV,"1,231",$263.89,"4,329 mi",3,$0.0610
NGO,VCE,"1,231",$455.48,"6,069 mi",3,$0.0751
RGN,NNG,"1,231",$146.43,850 mi,3,$0.1723
DMK,CNS,"1,230",$187.50,"3,855 mi",3,$0.0486
SUB,HAM,"1,230",$587.42,"7,367 mi",3,$0.0797
MNL,KWJ,"1,230",$193.52,"1,513 mi",3,$0.1279
BKK,ELP,"1,229","$1,452.67","9,080 mi",3,$0.1600
PVG,LLW,"1,229",$913.14,"6,395 mi",3,$0.1428
KIX,AKU,"1,229",$236.85,"2,895 mi",3,$0.0818
SIN,RKT,"1,229",$300.27,"3,715 mi",3,$0.0808
HND,TLH,"1,228","$2,046.47","7,266 mi",3,$0.2817
CNX,JGS,"1,228",$100.95,"1,182 mi",3,$0.0854
KNO,URT,"1,228",$68.40,369 mi,3,$0.1854
NGO,BJX,"1,227","$1,662.87","6,797 mi",3,$0.2446
NRT,BEY,"1,227",$994.77,"5,782 mi",3,$0.1720
BKK,FNC,"1,227",$741.23,"7,436 mi",3,$0.0997
BKK,INV,"1,227",$738.80,"5,776 mi",3,$0.1279
DPS,BGI,"1,227","$1,509.16","11,608 mi",3,$0.1300
CEB,MLA,"1,226",$687.97,"6,654 mi",3,$0.1034
HKT,BGW,"1,226",$518.15,"3,734 mi",3,$0.1388
HND,CFS,"1,226",$613.25,"4,494 mi",3,$0.1365
KNO,HDY,"1,226",$78.08,243 mi,3,$0.3213
DAD,LED,"1,226",$471.37,"4,990 mi",3,$0.0945
MNL,TFS,"1,226",$735.90,"8,602 mi",3,$0.0855
PVG,AEB,"1,226",$113.33,"1,074 mi",3,$0.1055
PVG,YYJ,"1,226",$808.57,"5,786 mi",3,$0.1397
ICN,WDS,"1,225",$106.33,968 mi,3,$0.1098
CKG,EVN,"1,225",$195.83,"3,420 mi",3,$0.0573
SIN,BDA,"1,225","$1,719.02","9,691 mi",3,$0.1774
SIN,GCM,"1,225","$1,123.99","11,293 mi",3,$0.0995
SGN,YGJ,"1,224",$487.97,"2,312 mi",3,$0.2111
WUH,CMN,"1,224",$396.77,"6,799 mi",3,$0.0584
BKK,UME,"1,224",$451.98,"4,929 mi",3,$0.0917
CNX,ILO,"1,224",$154.64,"1,613 mi",3,$0.0959
MNL,VII,"1,223",$386.54,"1,089 mi",3,$0.3549
SHE,UBN,"1,223",$205.07,889 mi,3,$0.2307
SIN,IMF,"1,223",$143.73,"1,699 mi",3,$0.0846
KUL,BHY,"1,223",$364.24,"1,437 mi",3,$0.2535
SGN,TUG,"1,223",$103.95,"1,147 mi",3,$0.0906
USM,ADL,"1,222",$552.22,"3,851 mi",3,$0.1434
MNL,RHO,"1,222",$712.76,"5,961 mi",3,$0.1196
SIN,JRO,"1,222",$777.20,"4,772 mi",3,$0.1629
SGN,TST,"1,222",$77.44,548 mi,3,$0.1413
BKK,WHA,"1,221",$121.80,"1,606 mi",3,$0.0758
CRK,SUB,"1,221",$376.59,"1,598 mi",3,$0.2357
DPS,BNA,"1,221","$1,380.95","9,796 mi",3,$0.1410
HKG,ELP,"1,221",$998.35,"7,610 mi",3,$0.1312
CEB,DYG,"1,221",$169.36,"1,519 mi",3,$0.1115
PNH,GAY,"1,221",$188.39,"1,637 mi",3,$0.1151
SGN,AUH,"1,221",$501.93,"3,423 mi",3,$0.1466
SIN,EMD,"1,221",$635.10,"3,533 mi",3,$0.1798
XMN,NAN,"1,221",$866.86,"4,800 mi",3,$0.1806
TPE,CTA,"1,220",$981.92,"6,170 mi",3,$0.1591
KIX,VVO,"1,220",$188.63,623 mi,3,$0.3028
CEB,NGB,"1,219",$297.54,"1,399 mi",3,$0.2127
DPS,YLW,"1,219",$676.65,"8,471 mi",3,$0.0799
SIN,PQQ,"1,219",$541.99,"3,801 mi",3,$0.1426
USM,CGN,"1,219",$696.59,"6,009 mi",3,$0.1159
HGH,GYU,"1,218",$364.39,888 mi,3,$0.4103
CAN,SKP,"1,218",$386.76,"5,079 mi",3,$0.0761
HND,MFR,"1,218","$1,072.77","5,097 mi",3,$0.2105
HKG,SVQ,"1,217","$1,622.81","6,956 mi",3,$0.2333
BKK,ZYL,"1,217",$191.53,941 mi,3,$0.2035
DPS,KMQ,"1,217",$330.65,"3,308 mi",3,$0.1000
HKT,VLC,"1,217",$536.69,"6,515 mi",3,$0.0824
PVG,IVC,"1,217",$650.86,"5,910 mi",3,$0.1101
TPE,TUG,"1,217",$39.63,530 mi,3,$0.0748
HAN,IKA,"1,216",$653.28,"3,318 mi",3,$0.1969
HKG,LAD,"1,216","$1,155.68","7,342 mi",3,$0.1574
MNL,ALB,"1,216",$852.25,"8,119 mi",3,$0.1050
MNL,DUD,"1,216",$733.21,"5,331 mi",3,$0.1375
PVG,IWK,"1,216",$677.32,661 mi,3,$1.0247
CKG,BPE,"1,215",$247.17,954 mi,3,$0.2591
SIN,RIC,"1,215","$2,835.31","10,042 mi",3,$0.2823
CKG,KBR,"1,215",$147.00,"1,602 mi",3,$0.0918
ICN,KKX,"1,215",$195.95,683 mi,3,$0.2869
SGN,ACC,"1,215",$966.85,"7,496 mi",3,$0.1290
DPS,BHD,"1,214",$738.49,"7,692 mi",3,$0.0960
CAN,IZO,"1,214",$220.73,"1,395 mi",3,$0.1582
CGO,KBV,"1,214",$223.86,"1,993 mi",3,$0.1123
ICN,YQB,"1,214",$913.50,"6,316 mi",3,$0.1446
URC,HQL,"1,214",$120.84,746 mi,3,$0.1620
KUL,CKY,"1,213",$946.82,"8,142 mi",3,$0.1163
PEK,GRZ,"1,213","$1,444.47","4,576 mi",3,$0.3157
XMN,BAR,"1,213",$163.86,637 mi,3,$0.2572
MNL,KGS,"1,213",$953.83,"6,009 mi",3,$0.1587
BWN,BOM,"1,212",$517.37,"3,085 mi",3,$0.1677
SIN,LPA,"1,212",$879.39,"8,181 mi",3,$0.1075
TPE,APW,"1,212",$761.71,"5,393 mi",3,$0.1412
BKK,AYJ,"1,212",$253.36,"1,548 mi",3,$0.1637
WUH,JMU,"1,212",$303.09,"1,449 mi",3,$0.2092
BKK,NWI,"1,212",$594.64,"6,032 mi",3,$0.0986
HGH,TST,"1,211",$130.01,"2,131 mi",3,$0.0610
HND,NAN,"1,211","$1,650.18","4,299 mi",3,$0.3839
SGN,DAY,"1,211",$581.61,"8,597 mi",3,$0.0677
SGN,MSJ,"1,211",$199.32,"3,042 mi",3,$0.0655
RGN,SYD,"1,211",$578.73,"4,893 mi",3,$0.1183
ICN,ENH,"1,211",$201.70,"1,122 mi",3,$0.1798
PKX,OKJ,"1,211",$80.93,983 mi,3,$0.0823
SHE,DNH,"1,211",$165.33,"1,449 mi",3,$0.1141
NRT,KWJ,"1,210",$243.17,742 mi,3,$0.3277
PEN,YNT,"1,210",$214.18,"2,510 mi",3,$0.0853
PVG,VRN,"1,210",$750.28,"5,439 mi",3,$0.1379
SGN,BWI,"1,210",$907.18,"8,707 mi",3,$0.1042
SGN,YLW,"1,210",$567.28,"7,182 mi",3,$0.0790
MNL,MMB,"1,209",$391.14,"2,518 mi",3,$0.1553
MNL,PLQ,"1,209",$832.20,"5,938 mi",3,$0.1401
URC,LED,"1,209",$351.34,"2,653 mi",3,$0.1324
NGO,VCS,"1,209",$214.04,"2,705 mi",3,$0.0791
TSN,LAS,"1,209",$441.76,"6,446 mi",3,$0.0685
SUB,BNE,"1,209",$638.36,"3,066 mi",3,$0.2082
KBV,IST,"1,208",$317.67,"4,681 mi",3,$0.0679
BKK,MYQ,"1,208",$95.21,"1,576 mi",3,$0.0604
LGK,PDG,"1,208",$70.63,485 mi,3,$0.1456
MFM,FCO,"1,208",$237.59,"5,587 mi",3,$0.0425
NRT,SAL,"1,208","$1,737.27","7,982 mi",3,$0.2176
DMK,KHI,"1,207",$208.69,"2,231 mi",3,$0.0935
HGH,LLV,"1,207",$254.46,718 mi,3,$0.3544
HKG,LEA,"1,207",$625.78,"3,170 mi",3,$0.1974
PEK,QSZ,"1,207",$240.32,"2,040 mi",3,$0.1178
PEK,ZQN,"1,207",$630.41,"6,910 mi",3,$0.0912
SZX,KUH,"1,207",$383.10,"2,303 mi",3,$0.1663
KIX,NTE,"1,206",$768.15,"6,383 mi",3,$0.1203
NRT,DSM,"1,206","$1,191.01","6,279 mi",3,$0.1897
SGN,TRD,"1,206",$408.94,"5,898 mi",3,$0.0693
MNL,KUA,"1,206",$220.61,"1,378 mi",3,$0.1601
PVG,SVG,"1,206",$428.28,"5,384 mi",3,$0.0795
WUH,MAA,"1,206",$435.39,"2,413 mi",3,$0.1804
ICN,HYN,"1,205",$247.12,660 mi,3,$0.3744
URC,CAI,"1,205",$220.23,"3,266 mi",3,$0.0674
BKK,ABA,"1,205",$246.65,"2,730 mi",3,$0.0903
KUL,LMN,"1,205",$181.83,956 mi,3,$0.1902
HAN,PIT,"1,204","$1,016.01","8,400 mi",3,$0.1210
NGO,UTH,"1,204",$253.58,"2,341 mi",3,$0.1083
SHE,YYC,"1,204",$509.79,"5,311 mi",3,$0.0960
XMN,TVS,"1,204",$132.80,"1,079 mi",3,$0.1231
ICN,PLM,"1,204",$286.10,"3,212 mi",3,$0.0891
PKX,ZAG,"1,204",$414.32,"4,622 mi",3,$0.0896
HAN,CTA,"1,203",$548.96,"5,217 mi",3,$0.1052
BKK,DHM,"1,203",$155.60,"1,945 mi",3,$0.0800
HAN,EVN,"1,203",$508.68,"3,910 mi",3,$0.1301
HKT,KRR,"1,203",$346.11,"4,462 mi",3,$0.0776
MNL,CLO,"1,203","$1,356.34","10,390 mi",3,$0.1305
PVG,CGY,"1,203",$158.55,"1,519 mi",3,$0.1044
CGK,NAO,"1,202",$192.57,"2,628 mi",3,$0.0733
DAD,MLE,"1,202",$231.16,"2,566 mi",3,$0.0901
ICN,BAV,"1,202",$154.00,880 mi,3,$0.1750
KBV,BEG,"1,202",$524.75,"5,428 mi",3,$0.0967
MFM,UYN,"1,202",$134.60,"1,103 mi",3,$0.1220
BKK,HMA,"1,202",$265.14,"3,524 mi",3,$0.0752
NRT,BOD,"1,202",$756.53,"6,551 mi",3,$0.1155
KUL,PTY,"1,201","$1,470.36","11,268 mi",3,$0.1305
CAN,MLA,"1,200",$600.29,"5,920 mi",3,$0.1014
HKG,BDQ,"1,200",$190.87,"2,514 mi",3,$0.0759
MNL,SZB,"1,200",$74.21,"1,496 mi",3,$0.0496
BWN,AMS,"1,200","$1,626.05","6,984 mi",3,$0.2328
PKX,BEY,"1,200",$549.17,"4,477 mi",3,$0.1227
BKK,KBL,"1,199",$758.87,"2,366 mi",3,$0.3207
HKG,CLJ,"1,199",$578.92,"5,273 mi",3,$0.1098
KIX,AVV,"1,199",$148.88,"4,891 mi",3,$0.0304
PEN,INC,"1,199",$234.47,"2,383 mi",3,$0.0984
HKG,TFS,"1,199","$1,301.06","7,870 mi",3,$0.1653
MFM,DEL,"1,199",$233.18,"2,243 mi",3,$0.1040
NRT,NUE,"1,199",$869.62,"5,607 mi",3,$0.1551
TPE,CBR,"1,199","$1,128.50","4,692 mi",3,$0.2405
HKT,XNN,"1,198",$104.37,"2,036 mi",3,$0.0513
SIN,YHZ,"1,198","$1,396.49","9,424 mi",3,$0.1482
LGK,RUH,"1,197",$306.26,"3,616 mi",3,$0.0847
KUL,RJA,"1,197",$157.87,"1,725 mi",3,$0.0915
CAN,OKJ,"1,196",$292.88,"1,420 mi",3,$0.2063
PVG,IZO,"1,196",$200.97,683 mi,3,$0.2942
CNX,SYX,"1,196",$122.28,706 mi,3,$0.1732
HND,ABX,"1,196",$600.86,"4,821 mi",3,$0.1246
PKX,VCL,"1,196",$186.08,"1,781 mi",3,$0.1045
KIX,LOE,"1,195",$170.31,"2,303 mi",3,$0.0740
BWN,DOH,"1,195",$717.62,"4,541 mi",3,$0.1580
HKT,SLC,"1,195",$758.41,"8,804 mi",3,$0.0861
SIN,BGI,"1,195","$1,409.85","10,599 mi",3,$0.1330
SIN,BHY,"1,195",$244.76,"1,396 mi",3,$0.1753
ICN,POM,"1,194",$957.07,"3,404 mi",3,$0.2812
CAN,SSG,"1,194",$666.81,"7,245 mi",3,$0.0920
BKK,TOF,"1,193",$174.81,"3,155 mi",3,$0.0554
SUB,LBU,"1,193",$123.06,865 mi,3,$0.1423
BKK,MJI,"1,193",$740.91,"5,396 mi",3,$0.1373
DAD,TRZ,"1,193",$176.98,"1,953 mi",3,$0.0906
SHE,IAH,"1,193",$624.30,"6,696 mi",3,$0.0932
KHH,DLC,"1,192",$268.24,"1,100 mi",3,$0.2439
KNO,PHS,"1,192",$93.02,886 mi,3,$0.1050
DAD,HAK,"1,192",$191.58,298 mi,3,$0.6429
HKG,ADB,"1,192","$1,049.88","4,957 mi",3,$0.2118
PKX,TRZ,"1,192",$263.49,"3,136 mi",3,$0.0840
PVG,YIC,"1,192",$132.17,521 mi,3,$0.2537
SIN,CFE,"1,192","$1,033.15","6,870 mi",3,$0.1504
PVG,BTK,"1,191",$128.93,"1,934 mi",3,$0.0667
SIN,DOY,"1,191",$187.07,"2,749 mi",3,$0.0681
NGO,CEI,"1,191",$280.38,"2,395 mi",3,$0.1171
TPE,TRV,"1,191",$313.15,"3,223 mi",3,$0.0972
DVO,LAS,"1,190",$581.58,"7,275 mi",3,$0.0799
KBV,GVA,"1,190",$535.54,"6,130 mi",3,$0.0874
HKG,PTP,"1,190","$1,217.83","9,460 mi",3,$0.1287
SIN,COV,"1,190",$908.07,"5,154 mi",3,$0.1762
SZX,KCA,"1,190",$280.68,"2,279 mi",3,$0.1232
CAN,GOQ,"1,189",$154.86,"1,380 mi",3,$0.1122
BKK,HUY,"1,189",$761.13,"5,727 mi",3,$0.1329
SIN,MSQ,"1,189",$662.82,"5,406 mi",3,$0.1226
NRT,BTR,"1,188","$1,853.52","6,562 mi",3,$0.2825
PKX,RAI,"1,188",$638.70,"8,110 mi",3,$0.0788
TPE,SPU,"1,188",$840.46,"5,903 mi",3,$0.1424
CGK,CLT,"1,188","$2,199.94","10,058 mi",3,$0.2187
HND,CLJ,"1,188",$786.39,"5,342 mi",3,$0.1472
KUL,RDP,"1,188",$148.01,"1,789 mi",3,$0.0827
ICN,CID,"1,187","$1,858.10","6,256 mi",3,$0.2970
DPS,PQQ,"1,186",$445.25,"2,795 mi",3,$0.1593
HND,VCS,"1,186",$194.96,"2,875 mi",3,$0.0678
HND,SNN,"1,186","$2,164.61","5,873 mi",3,$0.3686
HKT,OPO,"1,185",$343.46,"6,511 mi",3,$0.0528
HKT,ZUH,"1,185",$117.98,"1,430 mi",3,$0.0825
NRT,LEX,"1,184","$1,633.22","6,779 mi",3,$0.2409
SGN,ALG,"1,184",$731.87,"6,304 mi",3,$0.1161
SIN,DIB,"1,184",$191.24,"1,957 mi",3,$0.0977
CTU,HCZ,"1,184",$119.12,617 mi,3,$0.1931
HND,BBI,"1,184",$322.71,"3,518 mi",3,$0.0917
ICN,HER,"1,184",$753.57,"5,478 mi",3,$0.1376
KUL,GOI,"1,184",$273.56,"2,152 mi",3,$0.1271
SHE,VCE,"1,184",$224.98,"4,921 mi",3,$0.0457
HND,TAC,"1,183",$259.64,"1,976 mi",3,$0.1314
HKG,DSS,"1,182",$739.87,"8,002 mi",3,$0.0925
TPE,SMF,"1,182",$929.87,"6,640 mi",3,$0.1400
ICN,FKS,"1,181",$209.74,790 mi,3,$0.2655
XMN,TCZ,"1,181",$139.13,"1,269 mi",3,$0.1096
PVG,HQQ,"1,180",$86.05,518 mi,3,$0.1661
BWN,SZX,"1,180",$168.67,"1,188 mi",3,$0.1420
HAN,JAI,"1,180",$156.66,"1,869 mi",3,$0.0838
SIN,IXG,"1,180",$215.36,"2,304 mi",3,$0.0935
ICN,MLB,"1,180","$1,468.04","7,805 mi",3,$0.1881
NRT,BEL,"1,180","$1,494.51","9,693 mi",3,$0.1542
TPE,OKC,"1,180",$815.47,"7,774 mi",3,$0.1049
DPS,TGD,"1,179","$1,155.49","7,133 mi",3,$0.1620
HND,LYI,"1,179",$157.13,"1,239 mi",3,$0.1268
LGK,CSX,"1,179",$147.32,"1,801 mi",3,$0.0818
PVG,GES,"1,179",$161.97,"1,796 mi",3,$0.0902
PVG,NLA,"1,179",$688.48,"6,664 mi",3,$0.1033
URC,VTE,"1,179",$214.01,"2,054 mi",3,$0.1042
CGK,AUS,"1,178","$1,749.07","9,838 mi",3,$0.1778
CEB,SHE,"1,178",$170.39,"2,230 mi",3,$0.0764
TPE,YHZ,"1,177","$1,066.95","7,821 mi",3,$0.1364
KUL,DPL,"1,177",$143.22,"1,586 mi",3,$0.0903
LGK,PAT,"1,177",$123.97,"1,595 mi",3,$0.0777
TPE,LOS,"1,177",$780.31,"7,498 mi",3,$0.1041
BKK,ZYI,"1,176",$98.93,"1,094 mi",3,$0.0904
CGK,LCA,"1,176",$925.04,"5,349 mi",3,$0.1729
PNH,INC,"1,175",$146.59,"1,807 mi",3,$0.0811
TSN,BOS,"1,175",$865.94,"6,579 mi",3,$0.1316
PKX,SGC,"1,175",$231.70,"2,280 mi",3,$0.1016
SGN,RUN,"1,174",$363.22,"3,982 mi",3,$0.0912
HKG,PHE,"1,174",$741.10,"2,877 mi",3,$0.2576
SUB,MKW,"1,173",$230.52,"1,485 mi",3,$0.1552
HND,LBV,"1,173","$2,537.25","8,141 mi",3,$0.3117
MNL,BDB,"1,173",$449.34,"3,341 mi",3,$0.1345
MNL,PUQ,"1,173","$1,330.01","9,989 mi",3,$0.1331
HND,AYQ,"1,172",$746.88,"4,363 mi",3,$0.1712
MFM,JHB,"1,172",$133.74,"1,613 mi",3,$0.0829
SGN,ROC,"1,172",$946.29,"8,961 mi",3,$0.1056
NRT,MFE,"1,171",$723.75,"6,499 mi",3,$0.1114
HKG,BBI,"1,170",$179.14,"1,866 mi",3,$0.0960
DAD,BTU,"1,170",$101.63,922 mi,3,$0.1102
TPE,POZ,"1,170",$914.41,"5,264 mi",3,$0.1737
RGN,CZX,"1,169",$148.60,"1,752 mi",3,$0.0848
BKK,MBA,"1,169",$643.27,"4,497 mi",3,$0.1430
KUL,LYA,"1,169",$180.62,"2,384 mi",3,$0.0758
NRT,RIC,"1,169","$1,162.25","6,623 mi",3,$0.1755
PEN,BUD,"1,169",$611.31,"5,363 mi",3,$0.1140
SZX,KHI,"1,169",$529.77,"3,027 mi",3,$0.1750
USM,LUX,"1,169","$1,076.51","6,065 mi",3,$0.1775
HKG,JAI,"1,168",$233.62,"2,334 mi",3,$0.1001
HND,CKY,"1,168","$1,668.32","8,602 mi",3,$0.1939
SUB,CJU,"1,168",$412.90,"3,054 mi",3,$0.1352
KUL,YWG,"1,168",$739.71,"8,886 mi",3,$0.0832
PVG,TRD,"1,168",$469.42,"5,049 mi",3,$0.0930
HGH,WGN,"1,167",$159.37,621 mi,3,$0.2566
HND,SDK,"1,167",$171.97,"2,396 mi",3,$0.0718
HND,TKK,"1,167",$538.79,"2,149 mi",3,$0.2507
CEB,MAA,"1,166",$415.28,"3,055 mi",3,$0.1359
KNO,TRK,"1,166",$268.12,"1,328 mi",3,$0.2019
XMN,MIA,"1,166",$810.79,"9,009 mi",3,$0.0900
BKK,EVE,"1,165",$457.91,"5,034 mi",3,$0.0910
MNL,BES,"1,165",$851.01,"7,163 mi",3,$0.1188
TSN,IST,"1,165",$543.29,"4,591 mi",3,$0.1183
CGK,THD,"1,165",$418.75,"1,854 mi",3,$0.2259
NRT,ASB,"1,165","$1,595.71","4,508 mi",3,$0.3540
NRT,MAO,"1,165","$2,601.14","9,530 mi",3,$0.2729
SGN,CRZ,"1,165",$245.70,"3,184 mi",3,$0.0772
KIX,LUM,"1,164",$249.87,"2,232 mi",3,$0.1119
SZX,PZI,"1,164",$208.61,777 mi,3,$0.2685
SZX,YSQ,"1,164",$220.20,"1,606 mi",3,$0.1371
DAD,KBR,"1,164",$97.59,815 mi,3,$0.1197
HGH,LGK,"1,164",$191.11,"2,193 mi",3,$0.0871
ICN,TNE,"1,164",$148.29,527 mi,3,$0.2814
KHH,BRU,"1,164",$562.67,"5,863 mi",3,$0.0960
CGK,RSU,"1,163",$682.64,"3,049 mi",3,$0.2239
CRK,MFM,"1,163",$137.28,683 mi,3,$0.2010
DPS,NST,"1,163",$91.61,"1,541 mi",3,$0.0594
PVG,LZN,"1,163",$184.65,351 mi,3,$0.5261
RGN,BCN,"1,163",$553.39,"5,828 mi",3,$0.0950
HND,ABV,"1,163","$1,524.43","8,317 mi",3,$0.1833
KIX,ABQ,"1,163",$789.63,"6,380 mi",3,$0.1238
PEN,PNK,"1,163",$93.22,756 mi,3,$0.1233
PKX,COO,"1,163",$343.82,"7,401 mi",3,$0.0465
SUB,NBX,"1,163",$224.86,"1,634 mi",3,$0.1376
DVO,MAN,"1,162",$499.79,"7,060 mi",3,$0.0708
SGN,ZUH,"1,162",$79.11,865 mi,3,$0.0915
CEB,PTY,"1,161",$772.90,"10,035 mi",3,$0.0770
CGO,LHE,"1,161",$612.69,"2,348 mi",3,$0.2609
CNX,YIW,"1,161",$113.45,"1,468 mi",3,$0.0773
MNL,FOR,"1,161","$1,358.29","11,185 mi",3,$0.1214
CEB,WLG,"1,161",$453.89,"4,665 mi",3,$0.0973
CGK,LZH,"1,161",$187.52,"2,167 mi",3,$0.0865
HAN,BKO,"1,161",$765.17,"7,596 mi",3,$0.1007
HKG,OKC,"1,161","$2,057.03","8,185 mi",3,$0.2513
CAN,KMI,"1,160",$397.15,"1,292 mi",3,$0.3074
CNX,MCO,"1,160",$845.30,"8,900 mi",3,$0.0950
HKT,PHL,"1,160",$614.98,"8,822 mi",3,$0.0697
DAD,YOW,"1,160",$691.83,"8,435 mi",3,$0.0820
HKG,BPN,"1,160",$270.12,"1,690 mi",3,$0.1598
MNL,ZVH,"1,160",$329.02,"4,399 mi",3,$0.0748
NRT,AYT,"1,160",$753.30,"5,518 mi",3,$0.1365
SIN,ADB,"1,159","$1,022.95","5,611 mi",3,$0.1823
HND,SSA,"1,159","$1,567.39","11,193 mi",3,$0.1400
BWN,FRA,"1,158","$1,703.15","6,471 mi",3,$0.2632
CKG,UTH,"1,158",$95.42,859 mi,3,$0.1111
SGN,OZC,"1,158",$98.64,"1,149 mi",3,$0.0858
URC,MXP,"1,158",$718.82,"3,589 mi",3,$0.2003
CAN,OHE,"1,157",$248.87,"2,158 mi",3,$0.1153
KIX,ALG,"1,157",$750.53,"6,833 mi",3,$0.1098
KIX,PIT,"1,157","$1,512.03","6,993 mi",3,$0.2162
PEK,YQR,"1,157",$773.22,"5,532 mi",3,$0.1398
HAN,AKJ,"1,157",$208.94,"2,528 mi",3,$0.0827
HKT,OUL,"1,157",$684.21,"5,059 mi",3,$0.1352
DPS,GUM,"1,156",$631.46,"2,623 mi",3,$0.2407
HND,DBO,"1,156",$534.18,"4,859 mi",3,$0.1099
CGO,CMN,"1,156",$304.86,"6,213 mi",3,$0.0491
KUL,LZH,"1,156",$131.37,"1,616 mi",3,$0.0813
USM,JNB,"1,156",$596.26,"5,246 mi",3,$0.1137
HGH,KIJ,"1,155",$150.92,"1,156 mi",3,$0.1306
HGH,LCA,"1,155",$351.62,"5,045 mi",3,$0.0697
ICN,GYE,"1,155",$999.66,"9,763 mi",3,$0.1024
SIN,ENH,"1,155",$151.33,"1,972 mi",3,$0.0767
MNL,LIN,"1,155",$590.09,"6,312 mi",3,$0.0935
XMN,TIJ,"1,155",$429.96,"6,865 mi",3,$0.0626
HKT,JJN,"1,154",$141.76,"1,713 mi",3,$0.0828
HKG,GET,"1,154",$401.78,"3,637 mi",3,$0.1105
KUL,TIF,"1,154",$250.23,"4,429 mi",3,$0.0565
BKK,HEK,"1,153",$172.80,"3,018 mi",3,$0.0573
SUB,SUP,"1,153",$57.03,77 mi,3,$0.7406
CAN,TVS,"1,152",$112.86,"1,196 mi",3,$0.0944
NGO,IAD,"1,152","$1,801.53","7,094 mi",3,$0.2540
CKG,VCE,"1,152",$360.03,"5,127 mi",3,$0.0702
HAN,ACC,"1,152",$635.42,"6,883 mi",3,$0.0923
KIX,ATQ,"1,152",$268.16,"3,556 mi",3,$0.0754
KNO,PQC,"1,152",$76.00,555 mi,3,$0.1369
PEK,ALC,"1,152",$348.81,"5,894 mi",3,$0.0592
CAN,POA,"1,151","$1,081.57","11,717 mi",3,$0.0923
DAD,RXS,"1,151",$90.34,992 mi,3,$0.0911
MNL,MAO,"1,151","$1,166.64","11,291 mi",3,$0.1033
NGO,DUR,"1,151","$1,767.81","7,934 mi",3,$0.2228
DPS,KKC,"1,151",$146.34,"1,995 mi",3,$0.0734
HKG,DRS,"1,151","$1,274.09","5,611 mi",3,$0.2271
HND,ACE,"1,151","$1,309.01","7,425 mi",3,$0.1763
MNL,VCL,"1,151",$213.46,849 mi,3,$0.2514
MNL,YNY,"1,151",$273.04,"1,642 mi",3,$0.1663
PEN,CJB,"1,151",$228.80,"1,588 mi",3,$0.1441
SIN,HDG,"1,151",$163.61,"2,596 mi",3,$0.0630
SGN,ZYR,"1,150",$457.85,"6,343 mi",3,$0.0722
KIX,OKE,"1,149",$311.38,600 mi,3,$0.5190
BKK,GYE,"1,149",$963.85,"11,988 mi",3,$0.0804
DAD,SHE,"1,149",$185.87,"2,049 mi",3,$0.0907
DPS,TRS,"1,149","$1,218.94","6,997 mi",3,$0.1742
PVG,BHE,"1,149",$720.90,"5,835 mi",3,$0.1235
SIN,GIS,"1,149",$713.14,"5,582 mi",3,$0.1278
SIN,VCL,"1,149",$119.58,"1,053 mi",3,$0.1136
BKK,XNB,"1,148",$369.83,"2,942 mi",3,$0.1257
CRK,CAI,"1,148",$589.03,"5,816 mi",3,$0.1013
SZX,YZY,"1,148",$153.45,"1,401 mi",3,$0.1095
BKK,MYP,"1,148",$185.31,"2,985 mi",3,$0.0621
HND,DAR,"1,148","$1,507.33","6,875 mi",3,$0.2192
WUH,ATL,"1,148",$897.69,"8,057 mi",3,$0.1114
DAD,SAN,"1,147",$664.07,"7,689 mi",3,$0.0864
TSN,YLX,"1,147",$290.93,"1,192 mi",3,$0.2441
WUH,URT,"1,147",$139.01,"1,836 mi",3,$0.0757
HGH,MJI,"1,147",$491.07,"6,161 mi",3,$0.0797
HKG,VRN,"1,147","$1,213.63","5,899 mi",3,$0.2057
KUL,RMQ,"1,147",$289.10,"2,007 mi",3,$0.1440
TPE,NSN,"1,147",$709.21,"5,835 mi",3,$0.1215
SZX,BLQ,"1,146",$344.55,"5,883 mi",3,$0.0586
PVG,TVC,"1,146","$1,033.54","6,709 mi",3,$0.1541
XMN,DIG,"1,146",$144.84,"1,200 mi",3,$0.1207
HND,YZF,"1,145",$822.54,"4,395 mi",3,$0.1872
KIX,EBB,"1,145","$1,093.54","6,736 mi",3,$0.1623
NGO,STL,"1,145","$2,717.96","6,328 mi",3,$0.4295
KIX,STN,"1,145",$893.65,"5,706 mi",3,$0.1566
KUL,OBO,"1,145",$466.30,"3,872 mi",3,$0.1204
XMN,PHL,"1,145",$595.60,"8,140 mi",3,$0.0732
CGK,BGO,"1,144","$1,308.76","6,767 mi",3,$0.1934
KUL,LIN,"1,144",$860.04,"6,387 mi",3,$0.1347
CGK,SJU,"1,144","$1,150.20","11,108 mi",3,$0.1035
DMK,BTJ,"1,144",$81.20,659 mi,3,$0.1232
SGN,WEH,"1,144",$187.06,"2,001 mi",3,$0.0935
PNH,YIN,"1,143",$172.63,"2,561 mi",3,$0.0674
CKG,WUS,"1,143",$194.85,723 mi,3,$0.2695
CRK,PQC,"1,143",$424.36,"1,134 mi",3,$0.3742
KHH,ATH,"1,143",$514.90,"5,771 mi",3,$0.0892
KNO,SWA,"1,143",$136.23,"1,864 mi",3,$0.0731
SGN,INU,"1,143","$1,675.42","4,086 mi",3,$0.4100
XMN,BPL,"1,143",$282.85,"2,369 mi",3,$0.1194
HAN,KKC,"1,142",$108.09,396 mi,3,$0.2730
NRT,RMO,"1,142",$788.75,"5,163 mi",3,$0.1528
SUB,MXP,"1,142","$1,455.58","7,043 mi",3,$0.2067
XMN,GLA,"1,142",$309.41,"5,766 mi",3,$0.0537
CGO,YNJ,"1,142",$119.10,"1,049 mi",3,$0.1135
HAN,LHE,"1,142",$415.98,"2,123 mi",3,$0.1959
HND,YTY,"1,142",$204.71,"1,130 mi",3,$0.1812
CAN,DOD,"1,141",$346.82,"5,774 mi",3,$0.0601
PVG,SVQ,"1,141","$1,169.26","6,819 mi",3,$0.1715
HKG,RUN,"1,141",$778.02,"5,087 mi",3,$0.1529
KBV,TBS,"1,141",$320.51,"3,896 mi",3,$0.0823
NGO,KCH,"1,141",$486.27,"2,952 mi",3,$0.1647
SIN,MKW,"1,141",$255.89,"2,144 mi",3,$0.1194
CGK,ZYK,"1,140",$489.46,"1,975 mi",3,$0.2478
NRT,VKO,"1,140",$744.79,"4,823 mi",3,$0.1544
CEB,VCE,"1,140",$659.74,"6,922 mi",3,$0.0953
CGK,TSV,"1,140",$858.61,"2,927 mi",3,$0.2933
DPS,GIS,"1,140",$620.85,"4,512 mi",3,$0.1376
HGH,HAM,"1,140",$312.69,"5,155 mi",3,$0.0607
KNO,PEK,"1,140",$553.99,"2,668 mi",3,$0.2076
XMN,BZX,"1,140",$194.01,883 mi,3,$0.2197
XMN,CDE,"1,140",$299.69,"1,111 mi",3,$0.2697
HND,ATW,"1,139",$951.28,"5,962 mi",3,$0.1596
PEK,TCG,"1,139",$191.83,"1,767 mi",3,$0.1086
PNH,JAX,"1,139",$662.09,"9,784 mi",3,$0.0677
SIN,TIV,"1,139",$798.86,"5,736 mi",3,$0.1393
CAN,HSG,"1,139",$213.39,"1,195 mi",3,$0.1786
SIN,BDB,"1,139",$618.70,"3,817 mi",3,$0.1621
CGK,SDQ,"1,138","$1,236.01","11,898 mi",3,$0.1039
TPE,SOC,"1,138",$266.42,"2,431 mi",3,$0.1096
MNL,VGO,"1,138",$724.95,"7,600 mi",3,$0.0954
PVG,MRV,"1,138",$453.53,"4,360 mi",3,$0.1040
BWN,CEB,"1,137",$124.62,700 mi,3,$0.1780
HND,STN,"1,137",$715.66,"6,098 mi",3,$0.1174
CEB,ATH,"1,137",$699.48,"6,508 mi",3,$0.1075
KIX,JAI,"1,137",$318.79,"3,629 mi",3,$0.0878
WUH,HEK,"1,137",$170.47,"1,546 mi",3,$0.1103
DPS,TIV,"1,136","$1,171.44","7,162 mi",3,$0.1636
ICN,SQJ,"1,136",$199.32,941 mi,3,$0.2118
SGN,PDG,"1,136",$111.93,889 mi,3,$0.1259
HGH,KOP,"1,134",$80.21,"1,373 mi",3,$0.0584
HND,YXS,"1,134",$723.50,"4,423 mi",3,$0.1636
LGK,PKU,"1,134",$71.09,436 mi,3,$0.1631
WUH,XIL,"1,134",$224.57,885 mi,3,$0.2538
PEN,LJU,"1,134",$689.60,"5,581 mi",3,$0.1236
CEB,BUD,"1,133",$680.72,"6,175 mi",3,$0.1102
PNH,HYD,"1,133",$239.58,"1,755 mi",3,$0.1365
PVG,VOG,"1,133",$359.55,"4,216 mi",3,$0.0853
PEK,IWJ,"1,132",$276.54,886 mi,3,$0.3121
USM,YVR,"1,132",$637.23,"7,836 mi",3,$0.0813
PEN,DRW,"1,132",$374.80,"2,505 mi",3,$0.1496
DAD,MAD,"1,131",$724.73,"6,778 mi",3,$0.1069
MNL,RAK,"1,131",$988.83,"7,562 mi",3,$0.1308
HKG,JER,"1,131","$2,370.94","5,949 mi",3,$0.3985
SZX,PXU,"1,131",$126.63,728 mi,3,$0.1739
TSN,FUO,"1,131",$132.20,"1,103 mi",3,$0.1199
HAN,DSN,"1,130",$103.60,"1,246 mi",3,$0.0831
MNL,PSA,"1,130",$726.83,"6,705 mi",3,$0.1084
CKG,TWU,"1,130",$165.83,"1,852 mi",3,$0.0895
NRT,AEP,"1,130",$782.68,"11,032 mi",3,$0.0709
CKG,AQG,"1,129",$137.91,605 mi,3,$0.2280
TPE,CYZ,"1,129",$45.09,547 mi,3,$0.0824
NGO,SMF,"1,129",$517.92,"5,464 mi",3,$0.0948
PEN,RPR,"1,128",$130.80,"1,707 mi",3,$0.0766
KHH,PER,"1,128",$370.29,"3,665 mi",3,$0.1010
SIN,OGG,"1,128","$1,642.17","6,598 mi",3,$0.2489
BKK,DPL,"1,127",$109.27,"1,523 mi",3,$0.0717
DAD,FOC,"1,127",$151.60,976 mi,3,$0.1553
KIX,TRZ,"1,127",$361.53,"4,018 mi",3,$0.0900
NRT,BHE,"1,127","$1,020.89","5,573 mi",3,$0.1832
CRK,ORF,"1,127",$789.77,"8,936 mi",3,$0.0884
DAD,TUG,"1,127",$64.72,929 mi,3,$0.0697
PEK,ASM,"1,127",$677.47,"4,751 mi",3,$0.1426
HKT,IXG,"1,126",$115.29,"1,635 mi",3,$0.0705
SGN,LYG,"1,126",$70.25,"1,866 mi",3,$0.0376
KHH,NNG,"1,126",$239.81,800 mi,3,$0.2998
KIX,GIG,"1,126","$1,511.12","11,978 mi",3,$0.1262
SGN,UPG,"1,125",$219.70,"1,453 mi",3,$0.1512
CAN,SAH,"1,125",$409.95,"4,359 mi",3,$0.0940
PNH,EBB,"1,124",$500.73,"5,178 mi",3,$0.0967
DPS,XYD,"1,123",$289.20,"7,397 mi",3,$0.0391
KUL,GTO,"1,123",$197.24,"1,423 mi",3,$0.1386
PVG,NNT,"1,123",$130.10,"1,611 mi",3,$0.0808
BKK,CWB,"1,122","$1,751.60","10,632 mi",3,$0.1647
CGK,DUR,"1,122","$1,266.29","4,988 mi",3,$0.2539
CGK,ISG,"1,122","$1,114.19","2,492 mi",3,$0.4471
HKG,INV,"1,122","$1,020.60","5,695 mi",3,$0.1792
MFM,NGS,"1,122",$191.73,"1,281 mi",3,$0.1497
BKK,LBA,"1,121",$714.01,"6,127 mi",3,$0.1165
KUL,DLA,"1,121",$609.92,"6,152 mi",3,$0.0991
CAN,RMQ,"1,120",$75.08,453 mi,3,$0.1657
RGN,MLA,"1,120",$557.33,"5,235 mi",3,$0.1065
TPE,AYT,"1,120",$609.50,"5,065 mi",3,$0.1203
PKX,TUI,"1,119",$356.57,"4,390 mi",3,$0.0812
SIN,JUZ,"1,119",$213.46,"2,081 mi",3,$0.1026
CGO,DQA,"1,119",$125.20,999 mi,3,$0.1253
HND,WDS,"1,119",$289.00,"1,609 mi",3,$0.1796
ICN,YIN,"1,119",$265.18,"2,446 mi",3,$0.1084
KUL,VGA,"1,119",$139.28,"1,762 mi",3,$0.0790
HGH,KWI,"1,118",$571.92,"4,140 mi",3,$0.1381
XMN,JMU,"1,118",$253.02,"1,633 mi",3,$0.1549
HAN,CLJ,"1,117",$518.61,"4,941 mi",3,$0.1050
KIX,MPM,"1,117","$1,232.30","8,127 mi",3,$0.1516
KUL,UYN,"1,117",$181.60,"2,581 mi",3,$0.0704
MNL,STT,"1,117",$856.66,"10,434 mi",3,$0.0821
HGH,LAS,"1,116",$849.44,"6,409 mi",3,$0.1325
KHH,VTE,"1,116",$230.33,"1,159 mi",3,$0.1987
MFM,PAG,"1,116",$89.53,"1,151 mi",3,$0.0778
KUL,LPQ,"1,116",$163.78,"1,221 mi",3,$0.1341
PVG,SLP,"1,116","$1,768.83","7,553 mi",3,$0.2342
CGO,MAA,"1,115",$479.10,"2,653 mi",3,$0.1806
PVG,ORF,"1,115","$1,073.50","7,365 mi",3,$0.1458
BKK,BKO,"1,114",$858.86,"7,446 mi",3,$0.1153
DPS,DRS,"1,114",$269.86,"6,967 mi",3,$0.0387
DPS,RMO,"1,114",$895.42,"6,677 mi",3,$0.1341
HAN,ABJ,"1,114",$917.10,"7,122 mi",3,$0.1288
HND,HAV,"1,114","$1,816.85","7,314 mi",3,$0.2484
KNO,CXR,"1,114",$92.57,940 mi,3,$0.0985
PVG,VKO,"1,114",$727.70,"4,141 mi",3,$0.1757
SGN,TAZ,"1,114",$267.78,"3,644 mi",3,$0.0735
TPE,ABQ,"1,114",$962.79,"7,453 mi",3,$0.1292
URC,AKX,"1,114",$187.16,"1,434 mi",3,$0.1305
CAN,KOS,"1,114",$112.11,"1,123 mi",3,$0.0998
CRK,SAT,"1,114",$612.14,"8,145 mi",3,$0.0752
HKG,VVO,"1,114",$315.26,"1,738 mi",3,$0.1814
SIN,KZN,"1,114",$683.45,"4,965 mi",3,$0.1377
BKK,KGL,"1,113",$488.94,"5,102 mi",3,$0.0958
MNL,GSO,"1,113","$1,169.30","8,421 mi",3,$0.1389
NRT,FAI,"1,113",$918.25,"3,379 mi",3,$0.2718
CGK,HIA,"1,113",$212.24,"2,962 mi",3,$0.0717
SGN,YCU,"1,113",$161.21,"1,650 mi",3,$0.0977
CAN,JUB,"1,112",$843.88,"5,726 mi",3,$0.1474
CAN,YNB,"1,112",$570.21,"4,834 mi",3,$0.1180
HKG,FDF,"1,112","$1,964.21","10,160 mi",3,$0.1933
PKX,TKS,"1,112",$122.96,"1,038 mi",3,$0.1185
CGO,DUS,"1,111",$268.83,"5,202 mi",3,$0.0517
HGH,SOF,"1,111",$577.02,"5,007 mi",3,$0.1152
ICN,BTR,"1,111","$1,485.49","7,361 mi",3,$0.2018
ICN,XFN,"1,111",$295.11,908 mi,3,$0.3250
MNL,ACE,"1,111",$776.75,"7,927 mi",3,$0.0980
PVG,LOE,"1,111",$139.26,"1,622 mi",3,$0.0859
PEN,XNN,"1,110",$245.83,"2,226 mi",3,$0.1104
CEB,OTP,"1,110",$602.26,"6,284 mi",3,$0.0958
CNX,HAM,"1,110",$481.25,"4,985 mi",3,$0.0965
SIN,JTR,"1,110",$847.37,"5,690 mi",3,$0.1489
DAD,BNA,"1,109",$620.78,"8,442 mi",3,$0.0735
DVO,NST,"1,109",$160.83,"1,814 mi",3,$0.0887
KIX,YZF,"1,109",$738.36,"4,864 mi",3,$0.1518
SGN,RPR,"1,109",$146.22,"1,853 mi",3,$0.0789
KIX,SKP,"1,109",$620.16,"5,522 mi",3,$0.1123
LGK,DUS,"1,109",$279.96,"6,184 mi",3,$0.0453
PNH,AKU,"1,109",$170.71,"2,459 mi",3,$0.0694
PVG,YQR,"1,109",$751.51,"5,943 mi",3,$0.1265
TSN,BCN,"1,109",$371.23,"5,718 mi",3,$0.0649
WUH,YYC,"1,109",$485.63,"6,245 mi",3,$0.0778
KHH,AKL,"1,108",$660.62,"5,267 mi",3,$0.1254
URC,CIF,"1,108",$199.37,"1,626 mi",3,$0.1226
HKT,TAK,"1,107",$302.28,"2,983 mi",3,$0.1013
KIX,FUO,"1,107",$133.88,"1,504 mi",3,$0.0890
NRT,IPH,"1,107",$480.10,"3,199 mi",3,$0.1501
PNH,DOY,"1,107",$146.16,"2,051 mi",3,$0.0713
SZX,BHX,"1,107",$420.35,"6,149 mi",3,$0.0684
CGK,PMO,"1,106",$557.65,"6,472 mi",3,$0.0862
HKG,GAU,"1,106",$133.35,"1,472 mi",3,$0.0906
HKG,YXS,"1,106",$455.58,"6,007 mi",3,$0.0758
CEB,BKI,"1,105",$88.15,639 mi,3,$0.1379
HGH,CPT,"1,105",$534.80,"8,209 mi",3,$0.0651
HND,HOU,"1,105",$942.12,"6,885 mi",3,$0.1368
CEB,CMH,"1,105",$918.51,"8,301 mi",3,$0.1107
PEN,DRS,"1,105","$1,073.73","5,609 mi",3,$0.1914
SZX,JIC,"1,104",$151.90,"1,329 mi",3,$0.1143
HND,WGA,"1,104",$574.82,"4,764 mi",3,$0.1207
CGO,NST,"1,103",$181.60,"1,940 mi",3,$0.0936
KUL,HBE,"1,103",$467.58,"4,905 mi",3,$0.0953
MFM,CEI,"1,103",$95.74,870 mi,3,$0.1100
DAD,OZC,"1,103",$112.32,"1,223 mi",3,$0.0918
DPS,VAR,"1,103",$432.96,"6,304 mi",3,$0.0687
ICN,AAT,"1,101",$246.05,"1,989 mi",3,$0.1237
MNL,CJM,"1,101",$143.60,"1,439 mi",3,$0.0998
MNL,ISG,"1,101",$262.49,736 mi,3,$0.3566
SGN,DYG,"1,101",$103.31,"1,248 mi",3,$0.0828
MNL,COO,"1,101",$716.34,"8,232 mi",3,$0.0870
RGN,CPH,"1,101",$489.74,"5,156 mi",3,$0.0950
SGN,GDN,"1,101",$431.80,"5,705 mi",3,$0.0757
SGN,MRV,"1,101",$402.94,"4,528 mi",3,$0.0890
SIN,RJH,"1,101",$175.34,"1,840 mi",3,$0.0953
BWN,KMG,"1,100",$129.50,"1,652 mi",3,$0.0784
CGK,BSR,"1,100","$1,746.56","4,785 mi",3,$0.3650
PEN,VTZ,"1,100",$119.05,"1,479 mi",3,$0.0805
KBV,PDG,"1,099",$78.55,646 mi,3,$0.1216
NRT,SJJ,"1,099",$567.67,"6,020 mi",3,$0.0943
SIN,KRS,"1,099",$821.24,"6,162 mi",3,$0.1333
CAN,TRV,"1,098",$226.87,"2,694 mi",3,$0.0842
KIX,LOS,"1,098",$750.28,"7,966 mi",3,$0.0942
KUL,VRC,"1,098",$182.01,"1,759 mi",3,$0.1035
CKG,MYY,"1,098",$174.85,"1,764 mi",3,$0.0991
CRK,DGT,"1,098",$63.24,458 mi,3,$0.1381
ICN,MBJ,"1,097","$1,549.13","8,505 mi",3,$0.1821
CAN,TGD,"1,097",$590.76,"5,181 mi",3,$0.1140
CGK,PMI,"1,097",$646.49,"7,011 mi",3,$0.0922
HND,ATQ,"1,097",$313.59,"3,789 mi",3,$0.0828
PEN,EWR,"1,097","$2,695.04","9,516 mi",3,$0.2832
SIN,KTW,"1,097",$652.10,"5,744 mi",3,$0.1135
XMN,GYS,"1,097",$175.49,956 mi,3,$0.1836
PEN,KOP,"1,096",$91.69,859 mi,3,$0.1067
HKG,AYT,"1,096",$592.91,"4,795 mi",3,$0.1237
HKT,DTW,"1,096",$955.02,"8,689 mi",3,$0.1099
NGO,EWR,"1,096","$1,663.92","7,063 mi",3,$0.2356
PVG,RUN,"1,096",$634.05,"5,844 mi",3,$0.1085
SZX,THD,"1,096",$93.96,552 mi,3,$0.1702
PVG,CUN,"1,095","$1,057.45","8,109 mi",3,$0.1304
SIN,CHS,"1,095","$1,763.66","10,357 mi",3,$0.1703
LGK,LOP,"1,094",$160.50,"1,591 mi",3,$0.1009
PNH,CLT,"1,094",$930.89,"8,908 mi",3,$0.1045
PVG,POM,"1,094",$741.14,"3,368 mi",3,$0.2201
KUL,IND,"1,094","$1,476.74","9,175 mi",3,$0.1610
TPE,WRO,"1,094",$920.61,"5,302 mi",3,$0.1736
CRK,UBP,"1,093",$84.71,"1,077 mi",3,$0.0787
NRT,SOC,"1,093",$402.66,"3,664 mi",3,$0.1099
PEK,TSA,"1,093",$287.36,"1,044 mi",3,$0.2752
PVG,ALC,"1,093",$649.81,"6,182 mi",3,$0.1051
XMN,CLT,"1,093",$681.48,"8,367 mi",3,$0.0814
HKG,RMO,"1,093",$610.26,"5,022 mi",3,$0.1215
SIN,AKU,"1,093",$207.52,"3,034 mi",3,$0.0684
BKK,JMJ,"1,092",$76.27,589 mi,3,$0.1295
CEB,DME,"1,092",$523.37,"5,643 mi",3,$0.0927
KUL,SEZ,"1,092","$1,140.36","3,327 mi",3,$0.3428
BKK,VRN,"1,092",$789.98,"5,375 mi",3,$0.1470
CKG,UBP,"1,092",$91.75,"1,036 mi",3,$0.0886
DPS,DBO,"1,092",$573.85,"2,602 mi",3,$0.2205
DVO,AMS,"1,092",$646.35,"6,857 mi",3,$0.0943
PNH,LAS,"1,092",$580.68,"8,487 mi",3,$0.0684
PVG,MDT,"1,092","$2,238.75","7,587 mi",3,$0.2951
SGN,TAS,"1,092",$549.65,"3,182 mi",3,$0.1727
CAN,OVB,"1,091",$255.75,"2,608 mi",3,$0.0981
XMN,HEL,"1,090",$469.29,"4,716 mi",3,$0.0995
CAN,TLL,"1,089",$288.08,"4,929 mi",3,$0.0584
KBV,PKU,"1,089",$75.13,537 mi,3,$0.1399
KUL,MSY,"1,089","$1,247.19","10,341 mi",3,$0.1206
CEB,ORF,"1,089",$805.09,"9,190 mi",3,$0.0876
MNL,LYI,"1,089",$199.44,"1,471 mi",3,$0.1356
CGK,YGJ,"1,088",$689.72,"3,455 mi",3,$0.1996
PEK,UKK,"1,088",$300.17,"1,834 mi",3,$0.1637
CAN,BZE,"1,088",$624.75,"9,532 mi",3,$0.0655
PVG,MMK,"1,088",$336.14,"4,078 mi",3,$0.0824
SIN,KIJ,"1,088",$344.43,"3,268 mi",3,$0.1054
ICN,TOS,"1,087",$611.25,"4,328 mi",3,$0.1412
BKK,PKU,"1,087",$220.48,942 mi,3,$0.2341
CGK,RDU,"1,087","$1,384.67","10,041 mi",3,$0.1379
CKG,CEI,"1,087",$81.81,820 mi,3,$0.0998
CKG,ORD,"1,087",$950.66,"7,175 mi",3,$0.1325
PEK,BAH,"1,087","$1,282.87","3,728 mi",3,$0.3441
PEK,RSU,"1,087",$165.66,683 mi,3,$0.2425
TPE,OUL,"1,086","$1,106.24","4,680 mi",3,$0.2364
SIN,GRR,"1,086","$2,379.09","9,043 mi",3,$0.2631
BKK,SPN,"1,085",$268.68,"2,917 mi",3,$0.0921
KBV,TRV,"1,085",$83.26,"1,464 mi",3,$0.0569
KUL,WHA,"1,085",$250.67,"2,318 mi",3,$0.1081
MNL,PLS,"1,085",$993.89,"9,480 mi",3,$0.1048
XMN,TLQ,"1,085",$213.59,"2,020 mi",3,$0.1057
DVO,DFW,"1,085",$740.92,"8,755 mi",3,$0.0846
PEN,CXR,"1,085",$95.00,743 mi,3,$0.1279
URC,LGW,"1,084",$238.49,"3,756 mi",3,$0.0635
CAN,EWR,"1,084","$1,184.05","7,744 mi",3,$0.1529
SIN,KRY,"1,084",$228.48,"3,162 mi",3,$0.0723
BKK,HAS,"1,083",$285.89,"4,019 mi",3,$0.0711
SGN,CID,"1,083",$622.15,"8,871 mi",3,$0.0701
SHE,WHA,"1,083",$252.05,798 mi,3,$0.3159
TSN,MAD,"1,083",$267.85,"5,621 mi",3,$0.0477
CGK,WEH,"1,083",$479.75,"3,062 mi",3,$0.1567
HND,PLM,"1,083",$329.52,"3,597 mi",3,$0.0916
PVG,NPL,"1,083",$831.22,"6,076 mi",3,$0.1368
HKG,LAE,"1,083",$678.04,"2,894 mi",3,$0.2343
HND,IGU,"1,083","$1,138.72","11,006 mi",3,$0.1035
CAN,STN,"1,082",$715.78,"5,684 mi",3,$0.1259
KIX,JMU,"1,082",$177.96,920 mi,3,$0.1934
KNO,LOE,"1,082",$96.49,944 mi,3,$0.1022
MNL,CUN,"1,082","$1,051.48","9,056 mi",3,$0.1161
PEK,KZO,"1,082",$415.97,"2,656 mi",3,$0.1566
PEN,MAD,"1,082",$966.85,"6,498 mi",3,$0.1488
PKX,MCX,"1,082",$202.30,"3,378 mi",3,$0.0599
CGO,BER,"1,082",$208.03,"4,624 mi",3,$0.0450
HAN,ISB,"1,082",$451.55,"2,118 mi",3,$0.2132
HND,SAL,"1,081","$1,639.66","7,552 mi",3,$0.2171
KUL,JUB,"1,081",$556.69,"4,979 mi",3,$0.1118
SIN,WDH,"1,081",$846.07,"5,851 mi",3,$0.1446
CTU,XIL,"1,080",$169.45,"1,097 mi",3,$0.1545
SZX,BNE,"1,080",$397.52,"4,469 mi",3,$0.0890
DPS,KOP,"1,080",$138.03,"2,001 mi",3,$0.0690
CKG,KOP,"1,079",$94.05,835 mi,3,$0.1126
MNL,BDS,"1,079",$759.33,"6,416 mi",3,$0.1183
TSN,BPX,"1,079",$124.94,"1,326 mi",3,$0.0942
CRK,DAD,"1,079",$232.78,849 mi,3,$0.2742
KHH,PXU,"1,078",$76.69,"1,032 mi",3,$0.0743
PEK,SHS,"1,078",$146.10,736 mi,3,$0.1985
HGH,DBC,"1,078",$117.97,"1,033 mi",3,$0.1142
HND,PUJ,"1,078","$1,384.66","8,020 mi",3,$0.1727
KIX,SPN,"1,078",$144.18,"1,440 mi",3,$0.1001
CGK,BHH,"1,077",$446.70,"4,848 mi",3,$0.0921
DAD,ARN,"1,077",$488.73,"5,432 mi",3,$0.0900
CAN,PEE,"1,077",$273.48,"3,781 mi",3,$0.0723
KUL,CYZ,"1,077",$154.59,"1,626 mi",3,$0.0951
KUL,MXZ,"1,077",$213.08,"1,822 mi",3,$0.1169
SGN,BPN,"1,077",$355.11,"1,059 mi",3,$0.3353
URC,BER,"1,077",$240.09,"3,209 mi",3,$0.0748
BKK,CGP,"1,076",$194.62,808 mi,3,$0.2409
BKK,SKD,"1,076",$523.03,"2,805 mi",3,$0.1865
HKG,ZNZ,"1,076",$622.09,"5,252 mi",3,$0.1184
TSN,TAO,"1,076",$343.48,250 mi,3,$1.3739
CAN,ARK,"1,076",$387.01,"5,306 mi",3,$0.0729
LGK,WAW,"1,076",$533.40,"5,235 mi",3,$0.1019
MNL,ROB,"1,076",$922.09,"8,546 mi",3,$0.1079
TPE,DOY,"1,076",$134.08,897 mi,3,$0.1495
DPS,RPR,"1,075",$324.83,"2,977 mi",3,$0.1091
MNL,PNQ,"1,075",$406.13,"3,030 mi",3,$0.1340
NRT,PKU,"1,075",$379.57,"3,386 mi",3,$0.1121
TPE,FAI,"1,075",$897.84,"4,545 mi",3,$0.1975
CGK,WGA,"1,075",$571.54,"3,374 mi",3,$0.1694
SZX,DYU,"1,075",$372.86,"2,944 mi",3,$0.1267
KUL,DBV,"1,074",$512.08,"5,583 mi",3,$0.0917
HKG,BHO,"1,074",$265.62,"2,394 mi",3,$0.1110
HND,YQR,"1,074",$734.55,"5,482 mi",3,$0.1340
ICN,COV,"1,074","$1,187.41","4,947 mi",3,$0.2400
KNO,VTE,"1,074",$116.46,"1,053 mi",3,$0.1106
SIN,GIB,"1,073",$918.23,"7,015 mi",3,$0.1309
CGK,VKO,"1,073",$706.94,"5,956 mi",3,$0.1187
HKG,UBP,"1,073",$99.48,743 mi,3,$0.1339
HND,TIA,"1,073","$1,198.97","5,728 mi",3,$0.2093
PNH,BNA,"1,073",$664.93,"9,330 mi",3,$0.0713
SIN,CIH,"1,073",$194.05,"2,554 mi",3,$0.0760
CEB,PHL,"1,072",$823.94,"9,020 mi",3,$0.0913
HKG,HNY,"1,072",$57.29,338 mi,3,$0.1695
PVG,ADE,"1,072",$510.70,"5,138 mi",3,$0.0994
SGN,MYR,"1,072",$713.40,"9,620 mi",3,$0.0742
CGK,KWJ,"1,072",$359.35,"3,043 mi",3,$0.1181
BKK,WDH,"1,071",$677.27,"5,975 mi",3,$0.1134
PKX,MDL,"1,071",$234.53,"1,669 mi",3,$0.1405
SGN,SRQ,"1,071",$718.78,"9,433 mi",3,$0.0762
BKK,KMV,"1,071",$327.57,765 mi,3,$0.4282
SGN,GOI,"1,071",$222.51,"2,296 mi",3,$0.0969
CGO,MEX,"1,070","$1,119.36","8,371 mi",3,$0.1337
CNX,NNG,"1,070",$131.76,671 mi,3,$0.1964
LGK,ZRH,"1,070","$1,021.88","5,772 mi",3,$0.1770
KUL,IXC,"1,070",$169.75,"2,600 mi",3,$0.0653
PVG,ISG,"1,070",$133.39,474 mi,3,$0.2814
PVG,TSR,"1,070",$772.04,"5,012 mi",3,$0.1540
CEB,KZN,"1,069",$173.74,"5,187 mi",3,$0.0335
CGK,FUG,"1,069",$255.60,"2,677 mi",3,$0.0955
DAD,SDJ,"1,069",$275.86,"2,578 mi",3,$0.1070
NRT,YQU,"1,068",$592.70,"4,478 mi",3,$0.1324
PEK,POS,"1,068","$1,462.52","8,665 mi",3,$0.1688
TSN,HIJ,"1,068",$106.98,947 mi,3,$0.1130
BKK,BTU,"1,068",$195.81,"1,144 mi",3,$0.1712
KIX,NNY,"1,068",$124.99,"1,263 mi",3,$0.0990
NRT,KBL,"1,068",$987.29,"4,044 mi",3,$0.2441
PEK,GDN,"1,068",$542.53,"4,194 mi",3,$0.1294
ICN,ABZ,"1,067",$821.01,"5,090 mi",3,$0.1613
PEK,DBV,"1,067",$544.00,"4,930 mi",3,$0.1103
BKK,BIQ,"1,066",$620.19,"5,982 mi",3,$0.1037
BKK,ECN,"1,066",$398.71,"4,532 mi",3,$0.0880
BKK,NJF,"1,066",$318.96,"3,872 mi",3,$0.0824
NGO,HZA,"1,066",$101.50,"1,226 mi",3,$0.0828
PKX,QSZ,"1,066",$272.24,"2,164 mi",3,$0.1258
MFM,ROI,"1,065",$86.95,787 mi,3,$0.1105
PEN,KHG,"1,065",$378.23,"2,892 mi",3,$0.1308
CGK,LUX,"1,065",$469.24,"6,798 mi",3,$0.0690
KIX,PTY,"1,065","$1,156.37","8,413 mi",3,$0.1375
CTU,SAI,"1,064",$91.02,"1,225 mi",3,$0.0743
SGN,BTV,"1,064",$912.52,"8,358 mi",3,$0.1092
HND,GRB,"1,064",$901.65,"5,961 mi",3,$0.1513
TPE,SWA,"1,064",$192.98,295 mi,3,$0.6542
HND,KUO,"1,063","$1,120.01","4,816 mi",3,$0.2326
KIX,BAR,"1,063",$174.44,"1,906 mi",3,$0.0915
PVG,BFV,"1,063",$141.40,"1,655 mi",3,$0.0854
ICN,LFQ,"1,063",$204.16,858 mi,3,$0.2379
CNX,CZX,"1,062",$88.92,"1,534 mi",3,$0.0580
HGH,PDG,"1,062",$205.75,"2,447 mi",3,$0.0841
KBV,ATQ,"1,062",$150.34,"2,321 mi",3,$0.0648
MNL,BUF,"1,062","$1,259.91","8,026 mi",3,$0.1570
PVG,OGG,"1,062","$1,810.79","5,166 mi",3,$0.3505
DPS,NAS,"1,061","$1,128.08","10,706 mi",3,$0.1054
HKG,IKA,"1,061",$680.48,"3,726 mi",3,$0.1826
TSN,PQC,"1,061",$221.37,"2,098 mi",3,$0.1055
CKG,YIA,"1,061",$221.24,"2,688 mi",3,$0.0823
MNL,TOY,"1,060",$367.69,"1,770 mi",3,$0.2077
SIN,AJL,"1,060",$135.91,"1,781 mi",3,$0.0763
KHH,ARN,"1,060",$489.13,"5,455 mi",3,$0.0897
RGN,SVO,"1,060",$412.22,"3,936 mi",3,$0.1047
BKK,GOA,"1,059",$461.20,"5,482 mi",3,$0.0841
BWN,BLR,"1,059",$643.94,"2,677 mi",3,$0.2405
SIN,HNY,"1,059",$268.61,"1,912 mi",3,$0.1405
WUH,LAS,"1,059",$456.20,"6,612 mi",3,$0.0690
KIX,IVL,"1,059",$664.49,"4,307 mi",3,$0.1543
MNL,VAR,"1,059",$675.42,"5,864 mi",3,$0.1152
PEK,WRO,"1,059",$693.56,"4,637 mi",3,$0.1496
HND,JMU,"1,058",$301.45,889 mi,3,$0.3391
TPE,MRU,"1,058","$1,228.64","5,140 mi",3,$0.2390
WUH,SAI,"1,058",$124.79,"1,320 mi",3,$0.0945
ICN,BES,"1,058","$1,411.32","5,952 mi",3,$0.2371
PVG,BSR,"1,058","$1,632.02","4,178 mi",3,$0.3906
HND,VKO,"1,057",$918.46,"4,535 mi",3,$0.2025
CGK,TAC,"1,057",$193.41,"1,794 mi",3,$0.1078
DPS,SDQ,"1,057","$1,066.35","12,044 mi",3,$0.0885
KBV,LYS,"1,057",$287.63,"5,825 mi",3,$0.0494
NRT,AER,"1,057",$648.43,"5,182 mi",3,$0.1251
NRT,YIH,"1,057",$264.96,"1,653 mi",3,$0.1603
SUB,BOS,"1,057","$1,747.22","10,308 mi",3,$0.1695
BKK,UIO,"1,056","$1,147.57","11,152 mi",3,$0.1029
ICN,GOA,"1,056",$753.46,"5,403 mi",3,$0.1395
MNL,KKC,"1,056",$151.84,"1,258 mi",3,$0.1207
CGK,TKS,"1,056",$698.32,"3,427 mi",3,$0.2038
PEK,SSA,"1,056","$1,573.70","10,320 mi",3,$0.1525
RGN,NTG,"1,056",$130.44,"1,929 mi",3,$0.0676
SZX,LYS,"1,056",$877.06,"5,768 mi",3,$0.1521
DMK,BNE,"1,055",$649.75,"4,665 mi",3,$0.1393
CAN,ADU,"1,055",$317.00,"4,021 mi",3,$0.0788
MFM,PHS,"1,055",$95.78,971 mi,3,$0.0986
CGK,EVN,"1,055",$588.85,"4,922 mi",3,$0.1196
CKG,NST,"1,055",$115.76,"1,572 mi",3,$0.0736
BKK,NTQ,"1,054",$514.29,"2,841 mi",3,$0.1810
HGH,ADD,"1,054",$443.51,"5,572 mi",3,$0.0796
KIX,LKO,"1,054",$307.49,"3,335 mi",3,$0.0922
SZX,LAD,"1,054",$934.65,"6,909 mi",3,$0.1353
CGK,MQL,"1,053",$436.23,"3,068 mi",3,$0.1422
HAN,YNJ,"1,053",$214.39,"2,086 mi",3,$0.1028
KIX,FLL,"1,053","$1,452.60","7,887 mi",3,$0.1842
CRK,HDY,"1,053",$133.33,"1,436 mi",3,$0.0928
NGO,NGB,"1,053","$1,034.58",930 mi,3,$1.1125
BKK,AAT,"1,052",$219.00,"2,538 mi",3,$0.0863
CKG,CCU,"1,052",$99.38,"1,190 mi",3,$0.0835
CGK,PNR,"1,052","$1,131.92","6,704 mi",3,$0.1688
NRT,FAT,"1,052",$965.33,"5,108 mi",3,$0.1890
MNL,BJV,"1,051",$954.66,"5,622 mi",3,$0.1698
NRT,AAL,"1,051",$661.37,"5,566 mi",3,$0.1188
PVG,MED,"1,051",$959.03,"5,069 mi",3,$0.1892
SGN,AVL,"1,051",$765.43,"9,460 mi",3,$0.0809
SGN,LZO,"1,051",$196.19,"1,223 mi",3,$0.1604
DPS,MQL,"1,051",$362.26,"2,526 mi",3,$0.1434
CAN,AUS,"1,051",$768.35,"7,956 mi",3,$0.0966
ICN,NTQ,"1,051",$166.32,594 mi,3,$0.2800
SIN,DSM,"1,051","$2,902.26","9,551 mi",3,$0.3039
SIN,GET,"1,050",$577.49,"2,135 mi",3,$0.2705
MNL,USN,"1,050",$366.50,"1,500 mi",3,$0.2443
KIX,RAK,"1,049",$862.27,"7,506 mi",3,$0.1149
SIN,PNS,"1,049","$2,243.94","9,813 mi",3,$0.2287
CKG,CWJ,"1,049",$156.34,613 mi,3,$0.2550
CKG,TRZ,"1,049",$190.01,"2,290 mi",3,$0.0830
PKX,BJL,"1,049",$553.53,"7,470 mi",3,$0.0741
SZX,DTW,"1,049","$2,058.70","8,058 mi",3,$0.2555
HND,HVB,"1,048",$929.82,"4,163 mi",3,$0.2234
KIX,BRE,"1,048",$686.00,"5,761 mi",3,$0.1191
MNL,LGA,"1,048",$665.73,"8,754 mi",3,$0.0760
SGN,PMI,"1,048",$444.79,"6,272 mi",3,$0.0709
BKK,XNA,"1,048","$2,043.22","8,582 mi",3,$0.2381
CKG,IAH,"1,048",$839.66,"8,307 mi",3,$0.1011
KBV,MAQ,"1,048",$177.09,613 mi,3,$0.2889
BKK,GRR,"1,047","$1,681.52","8,253 mi",3,$0.2037
SGN,CLJ,"1,046","$1,059.16","5,183 mi",3,$0.2044
SIN,RUN,"1,046",$522.39,"3,727 mi",3,$0.1402
USM,YYZ,"1,046",$931.62,"8,496 mi",3,$0.1097
BKK,TCR,"1,045",$96.03,"1,530 mi",3,$0.0628
CTU,ATH,"1,045",$423.59,"4,322 mi",3,$0.0980
HND,FMO,"1,045","$1,561.86","5,553 mi",3,$0.2813
HND,TGO,"1,045",$188.69,"1,051 mi",3,$0.1795
HAN,HSG,"1,045",$283.50,"1,761 mi",3,$0.1610
ICN,ORN,"1,045",$475.10,"6,164 mi",3,$0.0771
MNL,KSU,"1,045",$837.53,"6,196 mi",3,$0.1352
PEN,LYI,"1,045",$185.96,"2,430 mi",3,$0.0765
WUH,KHI,"1,044",$489.83,"2,968 mi",3,$0.1650
CRK,EWR,"1,044",$484.90,"8,716 mi",3,$0.0556
CAN,KUF,"1,043",$269.91,"3,723 mi",3,$0.0725
ICN,HRE,"1,043",$825.95,"7,468 mi",3,$0.1106
HGH,MDC,"1,042",$300.54,"1,943 mi",3,$0.1547
LGK,CPH,"1,042",$379.46,"5,915 mi",3,$0.0642
MNL,HVB,"1,042",$429.54,"3,384 mi",3,$0.1269
HAN,ZWS,"1,042",$171.85,"5,577 mi",3,$0.0308
HKG,ASP,"1,041",$346.08,"3,561 mi",3,$0.0972
PEK,BUQ,"1,041",$524.36,"7,205 mi",3,$0.0728
TPE,STN,"1,041",$818.88,"5,857 mi",3,$0.1398
BKK,RGK,"1,041",$227.23,"2,854 mi",3,$0.0796
HAN,VNS,"1,041",$92.40,"1,439 mi",3,$0.0642
ICN,ILM,"1,041","$2,382.32","7,456 mi",3,$0.3195
PEN,BPN,"1,041",$239.64,"1,196 mi",3,$0.2004
SUB,MSY,"1,041","$1,561.29","10,583 mi",3,$0.1475
CTU,UYN,"1,040",$151.01,644 mi,3,$0.2345
HKT,RAR,"1,040",$755.73,"6,968 mi",3,$0.1085
MNL,THD,"1,040",$214.32,"1,124 mi",3,$0.1907
RGN,UTH,"1,040",$70.01,454 mi,3,$0.1542
SZX,KOP,"1,040",$74.76,676 mi,3,$0.1106
CAN,RAK,"1,039",$747.56,"6,799 mi",3,$0.1100
HGH,KMJ,"1,039",$138.07,620 mi,3,$0.2227
CTU,MSQ,"1,039",$550.40,"3,866 mi",3,$0.1424
CTU,SDJ,"1,039",$225.64,"2,222 mi",3,$0.1015
MNL,KRS,"1,039",$725.91,"6,347 mi",3,$0.1144
SGN,DUR,"1,039",$435.32,"5,568 mi",3,$0.0782
TPE,SZB,"1,039",$62.68,"1,943 mi",3,$0.0323
MNL,SWA,"1,038",$272.14,696 mi,3,$0.3910
PEN,DFW,"1,038","$1,306.26","9,850 mi",3,$0.1326
KBV,UDR,"1,037",$149.04,"2,071 mi",3,$0.0720
PVG,KNH,"1,037",$268.10,494 mi,3,$0.5427
TPE,DME,"1,037",$781.67,"4,689 mi",3,$0.1667
CNX,URC,"1,036",$254.11,"1,804 mi",3,$0.1409
HGH,PVG,"1,036",$77.17,106 mi,3,$0.7280
ICN,KRS,"1,036","$1,324.24","5,084 mi",3,$0.2605
KHH,SYX,"1,036",$168.63,744 mi,3,$0.2267
HKG,JMJ,"1,035",$124.64,876 mi,3,$0.1423
NGO,CPH,"1,035",$560.51,"5,213 mi",3,$0.1075
SZX,KRY,"1,035",$277.06,"2,193 mi",3,$0.1263
CAN,DIN,"1,034",$108.84,652 mi,3,$0.1669
KUL,TGD,"1,034",$529.17,"5,535 mi",3,$0.0956
PEN,RUH,"1,034",$353.07,"3,907 mi",3,$0.0904
USM,NAP,"1,034",$381.25,"5,735 mi",3,$0.0665
CKG,IBR,"1,034",$153.11,"2,058 mi",3,$0.0744
CRK,ATL,"1,034",$620.22,"8,423 mi",3,$0.0736
NRT,MIG,"1,034",$184.34,"2,000 mi",3,$0.0922
PEK,JRO,"1,034",$775.10,"5,994 mi",3,$0.1293
PNH,USM,"1,034",$244.48,342 mi,3,$0.7149
SIN,TTE,"1,034",$382.05,"1,664 mi",3,$0.2296
SZX,YEG,"1,034",$507.62,"6,668 mi",3,$0.0761
CRK,HAN,"1,033",$204.47,"1,085 mi",3,$0.1885
NRT,HRE,"1,033","$1,026.15","8,240 mi",3,$0.1245
PVG,EHU,"1,033",$95.92,394 mi,3,$0.2435
CRK,KMJ,"1,032",$143.85,"1,339 mi",3,$0.1074
DMK,MDC,"1,032",$277.29,"1,924 mi",3,$0.1441
HND,MRY,"1,032","$1,230.30","5,368 mi",3,$0.2292
HND,SGF,"1,032",$802.24,"6,553 mi",3,$0.1224
ICN,STN,"1,032",$732.46,"5,629 mi",3,$0.1301
RGN,DUR,"1,032",$605.07,"5,228 mi",3,$0.1157
CNX,RMQ,"1,031",$198.36,"1,484 mi",3,$0.1337
HGH,USM,"1,031",$309.12,"1,998 mi",3,$0.1547
KBV,PAT,"1,031",$79.16,"1,561 mi",3,$0.0507
CKG,DFW,"1,031",$813.61,"8,076 mi",3,$0.1007
CTU,JGS,"1,031",$352.65,723 mi,3,$0.4878
HKT,JRG,"1,031",$67.54,"1,385 mi",3,$0.0488
NRT,LBA,"1,031",$942.93,"6,017 mi",3,$0.1567
PVG,GAJ,"1,030",$771.43,"1,129 mi",3,$0.6833
RGN,HYN,"1,030",$144.46,"1,742 mi",3,$0.0829
CAN,JIB,"1,030",$656.50,"4,514 mi",3,$0.1454
DPS,PTY,"1,030","$1,090.78","11,786 mi",3,$0.0925
PNH,TGO,"1,029",$173.47,"2,515 mi",3,$0.0690
CKG,HEL,"1,028",$404.11,"4,053 mi",3,$0.0997
DAD,NAW,"1,028",$87.10,766 mi,3,$0.1137
DVO,UBP,"1,028",$133.80,"1,559 mi",3,$0.0858
ICN,LXA,"1,028",$308.24,"2,050 mi",3,$0.1504
KUL,CZL,"1,028",$461.24,"6,581 mi",3,$0.0701
KUL,MSQ,"1,028",$702.38,"5,242 mi",3,$0.1340
NGO,PHS,"1,028",$209.17,"2,494 mi",3,$0.0839
PEN,BER,"1,028",$722.95,"5,618 mi",3,$0.1287
SGN,MDT,"1,028",$578.48,"9,172 mi",3,$0.0631
SIN,ROT,"1,028",$890.93,"5,163 mi",3,$0.1726
CRK,PHS,"1,027",$91.02,"1,392 mi",3,$0.0654
MNL,UIH,"1,027",$266.00,779 mi,3,$0.3415
PKX,AOJ,"1,027",$179.37,"1,319 mi",3,$0.1360
HGH,TAK,"1,026",$150.25,814 mi,3,$0.1846
HKT,MIG,"1,025",$131.10,"1,713 mi",3,$0.0765
LGK,MCT,"1,025",$372.50,"3,087 mi",3,$0.1207
PVG,KUF,"1,025",$295.16,"3,902 mi",3,$0.0756
HAN,LIM,"1,024","$1,227.75","12,125 mi",3,$0.1013
SZX,BPN,"1,024",$136.76,"1,715 mi",3,$0.0797
SIN,AAP,"1,023",$390.03,952 mi,3,$0.4097
HND,DNH,"1,022",$423.13,"2,374 mi",3,$0.1782
SIN,JAF,"1,022",$129.01,"1,795 mi",3,$0.0719
CKG,MAA,"1,021",$426.94,"1,988 mi",3,$0.2148
CNX,SLC,"1,021",$616.99,"8,103 mi",3,$0.0761
ICN,MDC,"1,021",$290.37,"2,409 mi",3,$0.1205
SIN,JDH,"1,021",$226.17,"2,760 mi",3,$0.0819
PNH,CGD,"1,020",$94.31,"1,316 mi",3,$0.0717
LGK,TRZ,"1,019",$133.85,"1,512 mi",3,$0.0885
PKX,MVD,"1,019","$1,329.25","12,267 mi",3,$0.1084
RGN,YIW,"1,019",$102.10,"1,687 mi",3,$0.0605
SIN,PLQ,"1,019","$1,205.41","6,042 mi",3,$0.1995
BKK,GSP,"1,018","$1,419.40","9,346 mi",3,$0.1519
HKG,BOI,"1,018","$1,444.56","7,094 mi",3,$0.2036
HKT,CBR,"1,018",$681.90,"4,333 mi",3,$0.1574
NGO,KKC,"1,018",$289.92,"2,378 mi",3,$0.1219
RGN,BTU,"1,018",$255.10,"1,535 mi",3,$0.1662
DPS,ANC,"1,018","$1,299.41","7,115 mi",3,$0.1826
HND,LAD,"1,018","$2,193.43","8,353 mi",3,$0.2626
BKK,MME,"1,017",$801.93,"5,748 mi",3,$0.1395
HKG,ESB,"1,017",$633.26,"4,633 mi",3,$0.1367
PVG,KJA,"1,017",$195.63,"2,166 mi",3,$0.0903
KUL,BHO,"1,015",$160.22,"2,226 mi",3,$0.0720
MNL,UPG,"1,015",$216.55,"1,315 mi",3,$0.1647
PEK,CBR,"1,015","$1,405.05","5,775 mi",3,$0.2433
WUH,UTH,"1,015",$114.24,"1,206 mi",3,$0.0947
HND,WTB,"1,013",$389.36,"4,563 mi",3,$0.0853
PNH,YIH,"1,013",$151.80,"1,339 mi",3,$0.1134
BKK,MTY,"1,012",$922.64,"9,651 mi",3,$0.0956
KUL,RMO,"1,012",$742.00,"5,429 mi",3,$0.1367
MNL,OUL,"1,012",$670.63,"5,312 mi",3,$0.1262
MNL,YZV,"1,012","$1,442.65","8,180 mi",3,$0.1764
TPE,LYI,"1,012",$265.51,730 mi,3,$0.3637
KUL,IXB,"1,011",$135.26,"1,820 mi",3,$0.0743
TSN,ATL,"1,011",$858.40,"7,002 mi",3,$0.1226
MNL,ROI,"1,010",$109.25,"1,189 mi",3,$0.0919
PNH,WEH,"1,010",$133.05,"2,136 mi",3,$0.0623
DAD,CYZ,"1,009",$74.35,927 mi,3,$0.0802
KHH,VCL,"1,009",$216.41,880 mi,3,$0.2459
LGK,KTM,"1,009",$206.81,"1,804 mi",3,$0.1146
MNL,LXA,"1,009",$537.37,"2,109 mi",3,$0.2548
NRT,TWU,"1,009",$342.17,"2,517 mi",3,$0.1359
PKX,BPL,"1,008",$213.43,"1,718 mi",3,$0.1242
PNH,YOW,"1,008",$764.87,"8,252 mi",3,$0.0927
TPE,PMO,"1,007",$771.08,"6,240 mi",3,$0.1236
HND,BZV,"1,006",$929.15,"8,055 mi",3,$0.1154
KBV,LYP,"1,006",$409.38,"2,390 mi",3,$0.1713
MFM,CMB,"1,006",$252.15,"2,396 mi",3,$0.1052
MFM,CXR,"1,006",$118.99,735 mi,3,$0.1619
NRT,ICT,"1,006","$1,381.60","6,344 mi",3,$0.2178
PVG,GDL,"1,006","$1,510.73","8,013 mi",3,$0.1885
KIX,KRL,"1,005",$177.79,"2,762 mi",3,$0.0644
LGK,PNQ,"1,005",$169.34,"1,874 mi",3,$0.0904
PEK,CNS,"1,005",$447.21,"4,491 mi",3,$0.0996
PVG,COO,"1,005","$1,092.73","7,448 mi",3,$0.1467
PVG,GOQ,"1,005",$236.16,"1,636 mi",3,$0.1444
HKT,OSS,"1,004",$206.50,"2,656 mi",3,$0.0777
NRT,RDM,"1,004","$1,080.06","5,067 mi",3,$0.2132
TSN,MXZ,"1,004",$144.30,998 mi,3,$0.1446
TPE,PNK,"1,003",$241.98,"1,857 mi",3,$0.1303
DAD,DRP,"1,002",$98.50,"1,022 mi",3,$0.0964
HND,FOR,"1,002","$1,105.67","9,931 mi",3,$0.1113
ICN,CFE,"1,002","$1,252.73","5,864 mi",3,$0.2136
MNL,DAY,"1,002",$820.13,"8,092 mi",3,$0.1014
MNL,NPE,"1,001",$514.63,"5,330 mi",3,$0.0966
SGN,HZA,"1,001",$153.08,"1,832 mi",3,$0.0836