ORIGIN,DESTINATION,PAX IN/OUT,AVG. FARE ($),DISTANCE (MI),DAILY PAX I/O,RPM ($/MI)
BCN,PMI,"2,204,267",$111.25,129 mi,"6,039",$0.8624
LHR,JFK,"1,950,246",$821.99,"3,545 mi","5,343",$0.2319
LED,SVO,"1,757,258",$106.81,383 mi,"4,814",$0.2789
SVO,AER,"1,611,272",$158.15,898 mi,"4,414",$0.1761
MAD,PMI,"1,593,948",$92.43,350 mi,"4,367",$0.2641
NCE,ORY,"1,566,281",$196.65,432 mi,"4,291",$0.4552
BCN,FCO,"1,453,629",$103.69,510 mi,"3,983",$0.2033
LHR,DXB,"1,407,245",$844.63,"3,518 mi","3,855",$0.2401
MAD,LPA,"1,308,309",$148.03,"1,130 mi","3,584",$0.1310
SVO,KGD,"1,292,078",$158.07,642 mi,"3,540",$0.2462
MAD,ORY,"1,263,877",$135.65,620 mi,"3,463",$0.2188
PMI,DUS,"1,258,773",$163.09,809 mi,"3,449",$0.2016
ORY,OPO,"1,223,126",$110.39,725 mi,"3,351",$0.1523
FCO,ORY,"1,222,476",$112.73,696 mi,"3,349",$0.1620
MAD,TFN,"1,211,684",$136.35,"1,134 mi","3,320",$0.1202
OSL,BGO,"1,207,740",$109.09,196 mi,"3,309",$0.5566
DUB,LHR,"1,205,942",$164.75,287 mi,"3,304",$0.5740
BCN,MXP,"1,184,515",$142.72,435 mi,"3,245",$0.3281
OSL,TRD,"1,157,707",$106.08,219 mi,"3,172",$0.4844
LIS,ORY,"1,153,788",$96.14,921 mi,"3,161",$0.1044
FCO,MAD,"1,147,753",$102.98,801 mi,"3,145",$0.1286
FCO,CTA,"1,138,051",$93.02,345 mi,"3,118",$0.2696
LIS,MAD,"1,106,668",$105.61,329 mi,"3,032",$0.3210
BCN,IBZ,"1,105,649",$155.59,167 mi,"3,029",$0.9317
AGP,LGW,"1,101,346",$169.85,991 mi,"3,017",$0.1714
BCN,ORY,"1,093,305",$167.56,498 mi,"2,995",$0.3365
ATH,SKG,"1,088,872",$92.41,180 mi,"2,983",$0.5134
ORY,TLS,"1,085,560",$232.94,366 mi,"2,974",$0.6364
AMS,BCN,"1,078,579",$159.73,748 mi,"2,955",$0.2135
BCN,LGW,"1,061,007",$163.69,668 mi,"2,907",$0.2450
LIS,FNC,"1,058,824",$93.32,582 mi,"2,901",$0.1603
VKO,AYT,"1,055,879",$156.27,"1,286 mi","2,893",$0.1215
BCN,LIS,"1,040,757",$129.59,637 mi,"2,851",$0.2034
MXP,CTA,"1,024,078",$114.37,632 mi,"2,806",$0.1810
FCO,PMO,"1,023,113",$80.94,262 mi,"2,803",$0.3089
LHR,MAD,"1,007,031",$262.30,796 mi,"2,759",$0.3295
BCN,MAD,"993,365",$118.22,291 mi,"2,722",$0.4063
OSL,SVG,"992,990",$101.39,206 mi,"2,721",$0.4922
LED,VKO,"983,558",$106.81,377 mi,"2,695",$0.2833
PMI,CGN,"970,327",$165.83,834 mi,"2,658",$0.1988
DUB,MAN,"968,270",$89.35,170 mi,"2,653",$0.5256
AMS,DUB,"953,613",$126.16,452 mi,"2,613",$0.2791
SVO,AYT,"950,127",$121.70,"1,312 mi","2,603",$0.0928
DUB,STN,"940,159",$85.92,283 mi,"2,576",$0.3036
AGP,BCN,"938,761",$204.62,490 mi,"2,572",$0.4176
DUB,LGW,"920,330",$97.64,310 mi,"2,521",$0.3150
BCN,SVQ,"910,992",$197.20,488 mi,"2,496",$0.4041
LHR,MUC,"910,291",$208.47,603 mi,"2,494",$0.3457
ATH,LCA,"909,309",$100.77,595 mi,"2,491",$0.1694
MAN,ALC,"899,958",$114.57,"1,013 mi","2,466",$0.1131
CDG,JFK,"898,653",$673.82,"3,734 mi","2,462",$0.1805
MAN,TFS,"894,441",$129.34,"1,951 mi","2,451",$0.0663
ATH,HER,"890,511",$90.38,186 mi,"2,440",$0.4859
ORY,PTP,"887,055",$323.38,"4,322 mi","2,430",$0.0748
AGP,AMS,"881,919",$195.03,"1,205 mi","2,416",$0.1619
CDG,ALG,"876,379",$117.57,826 mi,"2,401",$0.1423
ATH,TLV,"861,929",$147.40,764 mi,"2,361",$0.1929
PMI,BER,"853,816",$156.55,"1,054 mi","2,339",$0.1485
SVO,SVX,"849,939",$343.18,865 mi,"2,329",$0.3967
LHR,ZRH,"848,504",$178.64,505 mi,"2,325",$0.3537
SVO,VVO,"845,595",$583.06,"4,098 mi","2,317",$0.1423
LHR,DEL,"836,680",$371.93,"4,307 mi","2,292",$0.0864
FCO,LGW,"829,328",$119.44,899 mi,"2,272",$0.1329
BCN,CDG,"823,551",$187.14,549 mi,"2,256",$0.3409
BHX,DUB,"816,487",$84.55,206 mi,"2,237",$0.4104
DME,AER,"813,264",$162.64,806 mi,"2,228",$0.2018
LGW,MXP,"807,277",$114.34,575 mi,"2,212",$0.1989
BCN,MAH,"805,506",$140.35,146 mi,"2,207",$0.9613
LHR,LAX,"805,101",$947.76,"5,605 mi","2,206",$0.1691
ARN,CPH,"798,147",$105.58,330 mi,"2,187",$0.3199
BCN,BRU,"791,272",$168.96,653 mi,"2,168",$0.2587
ORY,FDF,"789,987",$345.00,"4,129 mi","2,164",$0.0836
PMI,HAM,"786,264",$213.40,"1,061 mi","2,154",$0.2011
GVA,OPO,"782,402",$216.88,789 mi,"2,144",$0.2749
LHR,FRA,"776,732",$185.10,395 mi,"2,128",$0.4686
LGW,ALC,"767,425",$155.04,916 mi,"2,103",$0.1693
AGP,DUB,"766,960",$163.09,"1,195 mi","2,101",$0.1365
LHR,SIN,"763,742","$1,382.81","6,964 mi","2,092",$0.1986
GVA,LHR,"761,677",$203.79,483 mi,"2,087",$0.4219
ORY,RAK,"760,504",$151.55,"1,262 mi","2,084",$0.1201
ORY,ALG,"760,002",$122.44,807 mi,"2,082",$0.1517
CPH,OSL,"759,622",$95.34,311 mi,"2,081",$0.3066
CDG,NCE,"759,227",$180.49,444 mi,"2,080",$0.4065
SVO,MRV,"752,394",$153.95,824 mi,"2,061",$0.1868
ORY,TUN,"743,750",$96.04,938 mi,"2,038",$0.1024
LHR,SFO,"739,975","$1,153.12","5,515 mi","2,027",$0.2091
CDG,YUL,"734,773",$237.92,"3,535 mi","2,013",$0.0673
LED,AER,"728,260",$157.74,"1,237 mi","1,995",$0.1275
BCN,VIE,"725,045",$115.39,825 mi,"1,986",$0.1399
AMS,MAN,"722,423",$119.04,293 mi,"1,979",$0.4063
LGW,FAO,"717,397",$172.36,"1,018 mi","1,965",$0.1693
GVA,LGW,"709,163",$151.22,457 mi,"1,943",$0.3309
MAN,AYT,"700,837",$87.49,"1,887 mi","1,920",$0.0464
ATH,JTR,"698,586",$90.10,132 mi,"1,914",$0.6826
BCN,OPO,"697,534",$142.21,541 mi,"1,911",$0.2629
SVO,KZN,"694,915",$102.88,475 mi,"1,904",$0.2166
PMI,FRA,"690,102",$125.81,801 mi,"1,891",$0.1571
ORY,RUN,"681,826",$385.31,"5,640 mi","1,868",$0.0683
AMS,LHR,"681,701",$194.57,223 mi,"1,868",$0.8725
BCN,BER,"681,424",$200.69,962 mi,"1,867",$0.2086
MAD,IBZ,"677,184",$99.04,294 mi,"1,855",$0.3369
LHR,EWR,"676,357",$864.54,"3,352 mi","1,853",$0.2579
SVO,KUF,"675,049",$81.65,519 mi,"1,849",$0.1573
LHR,SYD,"673,704","$1,479.58","10,258 mi","1,846",$0.1442
MXP,PMO,"672,334",$110.25,578 mi,"1,842",$0.1907
DUB,EDI,"671,580",$86.29,204 mi,"1,840",$0.4230
LHR,LIS,"670,210",$148.02,"1,002 mi","1,836",$0.1477
LHR,BOM,"667,871",$423.35,"4,348 mi","1,830",$0.0974
EDI,STN,"666,795",$77.19,327 mi,"1,827",$0.2361
MAD,MEX,"663,692",$565.56,"5,464 mi","1,818",$0.1035
MAD,MXP,"661,588",$110.46,693 mi,"1,813",$0.1594
BRU,MAD,"657,755",$148.14,792 mi,"1,802",$0.1870
MAN,PMI,"656,657",$90.13,953 mi,"1,799",$0.0946
LED,KGD,"647,987",$138.11,479 mi,"1,775",$0.2883
CDG,MXP,"647,826",$111.86,383 mi,"1,775",$0.2921
BUD,TLV,"647,574",$164.07,"1,386 mi","1,774",$0.1184
LHR,HKG,"642,310","$1,452.27","5,804 mi","1,760",$0.2502
LHR,BOS,"639,187",$638.78,"3,157 mi","1,751",$0.2023
BCN,DUB,"634,776",$147.85,895 mi,"1,739",$0.1652
BCN,LHR,"625,466",$217.18,735 mi,"1,714",$0.2955
BCN,VCE,"624,398",$136.92,609 mi,"1,711",$0.2248
ARN,LLA,"623,346",$103.68,441 mi,"1,708",$0.2351
SVO,KHV,"622,764",$273.06,"3,927 mi","1,706",$0.0695
STN,SAW,"622,480",$83.65,"1,518 mi","1,705",$0.0551
LGW,TFS,"620,953",$167.43,"1,756 mi","1,701",$0.0953
FCO,JFK,"620,691",$428.40,"4,138 mi","1,701",$0.1035
DUB,FAO,"620,498",$131.15,"1,170 mi","1,700",$0.1121
MAD,OPO,"619,286",$75.06,264 mi,"1,697",$0.2843
AGP,MAN,"618,424",$129.38,"1,192 mi","1,694",$0.1085
CDG,MAN,"617,943",$127.80,354 mi,"1,693",$0.3610
BCN,TFN,"617,139",$245.02,"1,405 mi","1,691",$0.1744
DME,SVX,"613,975",$341.25,909 mi,"1,682",$0.3754
LHR,YYZ,"609,653",$593.94,"3,652 mi","1,670",$0.1626
LHR,BKK,"609,325",$510.09,"6,130 mi","1,669",$0.0832
LED,SVX,"609,002",$135.01,"1,153 mi","1,668",$0.1171
SVO,UFA,"607,340",$94.24,709 mi,"1,664",$0.1329
ARN,OSL,"606,217",$98.06,246 mi,"1,661",$0.3986
PMI,VLC,"603,171",$71.55,177 mi,"1,653",$0.4042
AMS,MAD,"599,702",$158.87,933 mi,"1,643",$0.1703
MAD,EZE,"599,613",$601.76,"6,079 mi","1,643",$0.0990
SVO,MSQ,"590,780",$172.01,387 mi,"1,619",$0.4445
PMI,MUC,"587,414",$170.18,732 mi,"1,609",$0.2325
CDG,TLV,"584,326",$383.27,"2,102 mi","1,601",$0.1823
LGW,PMI,"584,170",$178.42,790 mi,"1,600",$0.2258
ZRH,BER,"583,856",$192.34,416 mi,"1,600",$0.4624
MXP,JFK,"581,073",$766.39,"4,104 mi","1,592",$0.1867
AGP,BRU,"579,508",$149.18,"1,046 mi","1,588",$0.1426
EDI,LHR,"577,071",$165.11,341 mi,"1,581",$0.4842
BCN,MAN,"576,301",$136.56,831 mi,"1,579",$0.1643
SVO,EVN,"575,706",$206.84,"1,173 mi","1,577",$0.1763
ARN,HEL,"574,819",$102.60,255 mi,"1,575",$0.4024
LIS,PDL,"571,309",$79.48,873 mi,"1,565",$0.0910
PMI,STR,"570,887",$180.20,687 mi,"1,564",$0.2623
OSL,TOS,"568,922",$136.08,714 mi,"1,559",$0.1906
LGW,AYT,"564,535",$154.25,"1,861 mi","1,547",$0.0829
DME,OVB,"562,197",$511.61,"1,785 mi","1,540",$0.2866
BGY,TIA,"560,572",$66.78,598 mi,"1,536",$0.1117
LGW,RAK,"556,481",$133.63,"1,450 mi","1,525",$0.0922
STN,CIA,"552,054",$87.14,880 mi,"1,512",$0.0990
ATH,LHR,"550,432",$281.24,"1,553 mi","1,508",$0.1811
PMI,IBZ,"547,795",$83.64,90 mi,"1,501",$0.9293
BRU,FCO,"537,929",$125.76,751 mi,"1,474",$0.1675
CDG,DXB,"536,850",$747.23,"3,353 mi","1,471",$0.2229
BCN,MUC,"535,493",$179.61,660 mi,"1,467",$0.2721
MAN,ACE,"535,299",$126.23,"1,728 mi","1,467",$0.0730
SVO,HKT,"534,296",$178.88,"4,508 mi","1,464",$0.0397
SVO,CEK,"533,830",$215.06,908 mi,"1,463",$0.2369
GVA,LIS,"533,817",$180.28,902 mi,"1,463",$0.1999
LHR,MIA,"532,803",$864.24,"4,550 mi","1,460",$0.1899
OTP,LTN,"531,472",$138.05,"1,349 mi","1,456",$0.1023
BCN,STN,"531,106",$91.61,715 mi,"1,455",$0.1281
AGP,ORY,"528,312",$181.55,875 mi,"1,447",$0.2075
AGP,CPH,"528,280",$156.84,"1,490 mi","1,447",$0.1053
PMI,VIE,"527,005",$112.62,879 mi,"1,444",$0.1281
CDG,LHR,"525,848",$177.49,210 mi,"1,441",$0.8452
FCO,LIS,"524,045",$96.43,"1,177 mi","1,436",$0.0819
DUB,LPL,"521,602",$88.25,137 mi,"1,429",$0.6442
CPH,LHR,"516,594",$186.93,590 mi,"1,415",$0.3168
BCN,BUD,"516,203",$78.76,974 mi,"1,414",$0.0809
AMS,LIS,"516,012",$147.15,"1,114 mi","1,414",$0.1321
LED,KZN,"513,858",$151.72,779 mi,"1,408",$0.1948
MAD,VCE,"512,003",$105.37,900 mi,"1,403",$0.1171
CDG,MAD,"511,471",$166.60,680 mi,"1,401",$0.2450
BCN,BIO,"510,616",$254.77,299 mi,"1,399",$0.8521
ORY,DJE,"509,578",$127.80,"1,080 mi","1,396",$0.1183
PRG,TLV,"509,330",$193.24,"1,588 mi","1,395",$0.1217
BCN,ZRH,"508,890",$180.33,548 mi,"1,394",$0.3291
PMI,SVQ,"508,369",$154.05,474 mi,"1,393",$0.3250
CPH,LGW,"507,767",$111.94,629 mi,"1,391",$0.1780
LHR,IAD,"506,982",$893.98,"3,777 mi","1,389",$0.2367
AGP,FCO,"506,257",$136.59,932 mi,"1,387",$0.1466
MAN,BFS,"505,054",$86.95,178 mi,"1,384",$0.4885
AMS,LGW,"502,931",$125.13,220 mi,"1,378",$0.5688
BCN,LPA,"502,438",$317.36,"1,310 mi","1,377",$0.2423
LHR,NCE,"501,410",$318.16,666 mi,"1,374",$0.4777
ATH,FCO,"499,169",$108.57,655 mi,"1,368",$0.1658
LED,UFA,"499,125",$122.22,"1,049 mi","1,367",$0.1165
CDG,DUB,"498,710",$186.71,473 mi,"1,366",$0.3947
LED,AYT,"498,671",$194.48,"1,535 mi","1,366",$0.1267
BGY,STN,"497,828",$86.87,589 mi,"1,364",$0.1475
BGY,OTP,"497,769",$73.74,778 mi,"1,364",$0.0948
PMI,ZRH,"497,560",$143.88,600 mi,"1,363",$0.2398
STN,BFS,"496,483",$90.80,318 mi,"1,360",$0.2855
BRU,ALC,"495,940",$180.82,879 mi,"1,359",$0.2057
BCN,GVA,"495,671",$179.70,408 mi,"1,358",$0.4404
EDI,BFS,"495,662",$61.90,147 mi,"1,358",$0.4211
STN,ALC,"495,480",$92.81,969 mi,"1,357",$0.0958
MAN,FAO,"495,371",$91.85,"1,126 mi","1,357",$0.0816
FCO,VLC,"495,337",$107.46,706 mi,"1,357",$0.1522
LHR,VIE,"495,255",$211.17,817 mi,"1,357",$0.2585
FCO,LIN,"492,741",$142.70,301 mi,"1,350",$0.4741
SVO,KJA,"491,908",$195.23,"2,005 mi","1,348",$0.0974
AMS,ALC,"488,148",$195.86,"1,032 mi","1,337",$0.1898
MXP,NAP,"488,116",$101.89,444 mi,"1,337",$0.2295
ATH,LGW,"486,900",$165.24,"1,442 mi","1,334",$0.1146
OTP,TLV,"484,527",$170.34,959 mi,"1,327",$0.1776
STN,TFS,"484,405",$127.57,"1,806 mi","1,327",$0.0706
AMS,LTN,"484,004",$119.53,213 mi,"1,326",$0.5612
LGW,NCE,"483,511",$179.29,641 mi,"1,325",$0.2797
BCN,ALC,"483,140",$216.43,259 mi,"1,324",$0.8356
MAD,ACE,"483,106",$111.88,"1,008 mi","1,324",$0.1110
DUB,ACE,"481,325",$178.25,"1,783 mi","1,319",$0.1000
ORY,BER,"481,305",$106.49,565 mi,"1,319",$0.1885
GLA,LHR,"480,672",$190.58,334 mi,"1,317",$0.5706
SVO,PEE,"480,116",$251.14,733 mi,"1,315",$0.3426
BCN,CPH,"478,076",$164.18,"1,066 mi","1,310",$0.1540
SVO,MMK,"477,722",$122.21,924 mi,"1,309",$0.1323
AMS,LIN,"475,913",$144.37,501 mi,"1,304",$0.2882
CDG,FCO,"473,450",$166.29,705 mi,"1,297",$0.2359
ATH,CDG,"473,350",$228.35,"1,271 mi","1,297",$0.1797
BHX,ALC,"472,335",$88.24,952 mi,"1,294",$0.0927
CPH,AAL,"471,306",$79.15,144 mi,"1,291",$0.5497
DUB,MAD,"471,193",$190.19,875 mi,"1,291",$0.2174
PMI,STN,"468,784",$107.39,834 mi,"1,284",$0.1288
VCE,CTA,"468,475",$87.93,556 mi,"1,283",$0.1581
MAD,STN,"468,146",$118.44,831 mi,"1,283",$0.1425
SVO,OVB,"467,113",$436.63,"1,688 mi","1,280",$0.2587
ORY,LIN,"467,058",$119.95,383 mi,"1,280",$0.3132
FCO,WAW,"466,030",$71.13,850 mi,"1,277",$0.0837
FCO,TLV,"464,776",$223.70,"1,458 mi","1,273",$0.1534
MAN,DLM,"464,431",$158.54,"1,935 mi","1,272",$0.0819
BUD,LTN,"463,785",$83.61,954 mi,"1,271",$0.0876
PMI,BRS,"463,781",$88.18,884 mi,"1,271",$0.0998
LGW,MLA,"463,667",$187.47,"1,244 mi","1,270",$0.1507
LHR,HND,"463,401","$1,534.68","6,138 mi","1,270",$0.2500
ATH,MXP,"462,372",$152.62,917 mi,"1,267",$0.1664
LHR,IST,"459,798",$241.70,"1,500 mi","1,260",$0.1611
SVO,IST,"459,682",$244.93,"1,055 mi","1,259",$0.2322
ARN,LHR,"459,677",$197.81,935 mi,"1,259",$0.2116
CDG,ICN,"459,012",$678.22,"5,713 mi","1,258",$0.1187
LGW,DXB,"459,011",$497.73,"3,299 mi","1,258",$0.1509
DUB,LIS,"458,984",$137.67,990 mi,"1,257",$0.1391
AGP,ARN,"458,438",$170.18,"1,818 mi","1,256",$0.0936
FCO,LHR,"458,032",$238.68,924 mi,"1,255",$0.2583
BCN,DUS,"457,372",$218.13,703 mi,"1,253",$0.3103
VIE,SAW,"457,177",$64.68,775 mi,"1,253",$0.0835
BUD,STN,"456,716",$95.56,874 mi,"1,251",$0.1093
AGP,MXP,"455,423",$119.32,951 mi,"1,248",$0.1255
BCN,NAP,"454,439",$153.12,617 mi,"1,245",$0.2482
DME,KGD,"453,669",$156.63,703 mi,"1,243",$0.2228
LIS,MXP,"453,621",$122.39,"1,057 mi","1,243",$0.1158
CDG,TLS,"452,953",$196.30,387 mi,"1,241",$0.5072
ORY,AJA,"451,620",$125.39,580 mi,"1,237",$0.2162
MAD,JFK,"451,468",$523.61,"3,472 mi","1,237",$0.1508
DUB,FCO,"450,979",$167.59,"1,137 mi","1,236",$0.1474
LGW,MAD,"448,080",$176.12,731 mi,"1,228",$0.2409
WAW,LTN,"447,894",$133.47,931 mi,"1,227",$0.1434
DUB,GLA,"447,338",$86.54,191 mi,"1,226",$0.4531
EDI,LGW,"446,464",$115.74,367 mi,"1,223",$0.3154
LHR,RUH,"446,054",$963.15,"2,978 mi","1,222",$0.3234
CDG,BKK,"445,926",$469.21,"5,695 mi","1,222",$0.0824
LHR,DUS,"444,411",$189.92,303 mi,"1,218",$0.6268
VIE,FRA,"443,577",$181.46,398 mi,"1,215",$0.4559
ATH,CHQ,"443,305",$91.33,162 mi,"1,215",$0.5638
LHR,BER,"443,131",$248.71,615 mi,"1,214",$0.4044
MAN,DXB,"442,608",$480.05,"3,619 mi","1,213",$0.1326
MAD,MUC,"442,591",$185.37,957 mi,"1,213",$0.1937
LGW,LIS,"441,916",$179.67,930 mi,"1,211",$0.1932
ZRH,PRN,"441,410",$118.59,717 mi,"1,209",$0.1654
AMS,EDI,"441,371",$140.40,426 mi,"1,209",$0.3296
MXP,SUF,"440,319",$105.78,584 mi,"1,206",$0.1811
LGW,LCA,"440,121",$173.30,"2,079 mi","1,206",$0.0834
CDG,MUC,"439,121",$190.41,411 mi,"1,203",$0.4633
CDG,LGW,"439,001",$96.73,197 mi,"1,203",$0.4910
LED,OVB,"438,776",$176.78,"1,983 mi","1,202",$0.0891
LGW,ACE,"437,543",$165.89,"1,633 mi","1,199",$0.1016
AGP,STN,"436,849",$88.20,"1,044 mi","1,197",$0.0845
BCN,BLQ,"435,386",$139.07,533 mi,"1,193",$0.2609
GVA,NCE,"435,376",$135.50,192 mi,"1,193",$0.7057
ATH,RHO,"434,957",$81.05,259 mi,"1,192",$0.3129
LGW,JER,"434,417",$98.52,166 mi,"1,190",$0.5935
LHR,MEL,"433,163","$1,291.46","10,821 mi","1,187",$0.1193
ORY,AGA,"431,949",$134.71,"1,456 mi","1,183",$0.0925
CDG,LAX,"430,794",$955.96,"5,826 mi","1,180",$0.1641
PMI,NUE,"430,424",$156.79,775 mi,"1,179",$0.2023
PMI,LTN,"430,276",$132.26,838 mi,"1,179",$0.1578
BUD,MXP,"430,067",$48.10,500 mi,"1,178",$0.0962
EDI,BRS,"429,582",$102.52,307 mi,"1,177",$0.3339
LIS,STN,"427,676",$111.60,"1,042 mi","1,172",$0.1071
ORY,CMN,"427,066",$159.38,"1,214 mi","1,170",$0.1313
OSL,BOO,"426,856",$131.88,484 mi,"1,169",$0.2725
MAD,BIO,"426,741",$108.04,203 mi,"1,169",$0.5322
CDG,LIN,"426,577",$168.31,412 mi,"1,169",$0.4085
OTP,STN,"426,350",$108.79,"1,324 mi","1,168",$0.0822
CDG,BER,"425,570",$189.66,516 mi,"1,166",$0.3676
MAD,ZRH,"425,014",$140.22,793 mi,"1,164",$0.1768
BCN,BGY,"423,930",$86.44,472 mi,"1,161",$0.1831
STN,BER,"423,438",$96.80,546 mi,"1,160",$0.1773
SVO,VOG,"422,644",$104.55,593 mi,"1,158",$0.1763
PMI,HAJ,"421,823",$164.69,980 mi,"1,156",$0.1681
SVO,BKK,"421,581",$151.45,"4,282 mi","1,155",$0.0354
BHX,TFS,"420,565",$145.92,"1,906 mi","1,152",$0.0766
ORY,BIA,"419,937",$124.53,563 mi,"1,151",$0.2212
FCO,VIE,"419,462",$95.33,500 mi,"1,149",$0.1907
MAD,LCG,"418,605",$92.55,323 mi,"1,147",$0.2865
BCN,WAW,"417,324",$95.46,"1,127 mi","1,143",$0.0847
CDG,VIE,"416,939",$185.04,625 mi,"1,142",$0.2961
SVO,PKC,"414,680",$336.23,"4,315 mi","1,136",$0.0779
MAD,OTP,"411,135",$116.67,"1,574 mi","1,126",$0.0741
ORY,PMI,"411,042",$136.09,615 mi,"1,126",$0.2213
AGP,BRS,"410,697",$108.15,"1,051 mi","1,125",$0.1029
LIS,GRU,"410,359",$750.09,"4,782 mi","1,124",$0.1569
MXP,BRI,"410,277",$110.56,524 mi,"1,124",$0.2110
BHX,PMI,"410,269",$100.05,945 mi,"1,124",$0.1059
CDG,HND,"410,090","$1,057.19","5,850 mi","1,124",$0.1807
LGW,SVQ,"409,753",$185.78,959 mi,"1,123",$0.1937
AMS,SAW,"409,518",$97.65,"1,354 mi","1,122",$0.0721
BGY,BDS,"409,454",$104.34,524 mi,"1,122",$0.1991
MAD,BOG,"409,365",$506.36,"5,140 mi","1,122",$0.0985
LGW,DLM,"409,302",$257.04,"1,787 mi","1,121",$0.1438
BGY,PMO,"409,084",$87.50,562 mi,"1,121",$0.1557
BRU,DUB,"406,472",$136.61,472 mi,"1,114",$0.2894
FCO,BER,"406,448",$142.26,754 mi,"1,114",$0.1887
ORY,VLC,"406,059",$156.67,633 mi,"1,112",$0.2475
AMS,LCY,"405,994",$197.32,202 mi,"1,112",$0.9768
AMS,ATH,"405,005",$209.55,"1,315 mi","1,110",$0.1594
BGY,CTA,"403,843",$119.30,650 mi,"1,106",$0.1835
CDG,VCE,"403,524",$151.42,535 mi,"1,106",$0.2830
LHR,ORD,"403,262",$885.36,"4,059 mi","1,105",$0.2181
OSL,EVE,"402,827",$140.33,578 mi,"1,104",$0.2428
GLA,LGW,"402,522",$135.64,381 mi,"1,103",$0.3560
VIE,ZRH,"401,259",$276.70,386 mi,"1,099",$0.7168
PMI,ALC,"401,204",$60.39,204 mi,"1,099",$0.2960
SVO,REN,"400,469",$158.82,811 mi,"1,097",$0.1958
LED,MMK,"398,368",$115.10,606 mi,"1,091",$0.1899
DUB,JFK,"398,174",$463.38,"3,266 mi","1,091",$0.1419
STN,FAO,"397,244",$119.42,"1,135 mi","1,088",$0.1052
MXP,BDS,"396,015",$115.25,594 mi,"1,085",$0.1940
AMS,ZRH,"395,921",$194.89,364 mi,"1,085",$0.5354
CPH,VIE,"395,598",$122.38,529 mi,"1,084",$0.2313
EDI,TFS,"395,447",$153.62,"1,975 mi","1,083",$0.0778
MXP,SSH,"395,236",$156.01,"1,913 mi","1,083",$0.0816
MAD,CCS,"394,704",$357.27,"4,484 mi","1,081",$0.0797
DUB,LTN,"394,692",$87.50,277 mi,"1,081",$0.3159
FCO,FRA,"394,686",$111.04,577 mi,"1,081",$0.1924
STN,OPO,"393,248",$109.30,822 mi,"1,077",$0.1330
CPH,STN,"392,656",$129.94,551 mi,"1,076",$0.2358
FCO,MLA,"392,498",$80.70,441 mi,"1,075",$0.1830
SVO,UUS,"392,270",$288.19,"4,251 mi","1,075",$0.0678
ATH,VIE,"391,971",$118.37,818 mi,"1,074",$0.1447
DUB,BRS,"391,739",$87.64,212 mi,"1,073",$0.4134
LHR,JNB,"391,148",$774.60,"5,470 mi","1,072",$0.1416
NAP,CTA,"391,086",$102.45,247 mi,"1,071",$0.4148
BCN,PRG,"389,968",$174.90,869 mi,"1,068",$0.2013
NAP,PMO,"389,641",$80.14,203 mi,"1,068",$0.3948
VIE,HAM,"388,470",$186.76,491 mi,"1,064",$0.3804
CPH,MAN,"387,577",$121.14,637 mi,"1,062",$0.1902
BRU,GVA,"387,332",$158.46,321 mi,"1,061",$0.4936
VIE,DUS,"387,237",$195.00,505 mi,"1,061",$0.3861
MRS,NTE,"386,084",$112.36,406 mi,"1,058",$0.2767
BCN,JFK,"384,347",$535.51,"3,936 mi","1,053",$0.1361
BCN,FRA,"383,837",$141.36,700 mi,"1,052",$0.2019
STN,AYT,"383,593",$94.70,"1,863 mi","1,051",$0.0508
NAP,ORY,"383,025",$119.02,819 mi,"1,049",$0.1453
ARN,UME,"381,748",$87.99,305 mi,"1,046",$0.2885
LGW,OPO,"379,315",$156.42,819 mi,"1,039",$0.1910
CPH,BER,"378,990",$75.50,234 mi,"1,038",$0.3226
LHR,HAM,"377,879",$208.90,477 mi,"1,035",$0.4379
AMS,CPH,"377,289",$116.47,405 mi,"1,034",$0.2876
FCO,CAG,"376,779",$83.42,236 mi,"1,032",$0.3535
OTP,CRL,"376,078",$100.48,"1,117 mi","1,030",$0.0900
AGP,LTN,"375,484",$167.18,"1,101 mi","1,029",$0.1518
FCO,ICN,"374,547",$595.39,"5,738 mi","1,026",$0.1038
BUD,BER,"374,527",$63.98,439 mi,"1,026",$0.1457
BRU,LIS,"374,486",$138.74,"1,099 mi","1,026",$0.1262
CDG,TUN,"374,036",$142.12,896 mi,"1,025",$0.1586
CDG,EDI,"373,788",$133.19,556 mi,"1,024",$0.2396
BOD,LYS,"373,697",$127.22,279 mi,"1,024",$0.4560
ARN,ALC,"373,679",$151.43,"1,736 mi","1,024",$0.0872
AGP,PMI,"373,449",$183.76,428 mi,"1,023",$0.4293
BCN,GRX,"372,241",$242.24,436 mi,"1,020",$0.5556
AMS,VLC,"371,349",$168.16,892 mi,"1,017",$0.1885
MAD,LIM,"370,567",$562.28,"6,097 mi","1,015",$0.0922
CDG,LIS,"370,302",$167.69,886 mi,"1,015",$0.1893
AMS,PMI,"369,719",$184.23,914 mi,"1,013",$0.2016
AGP,BHX,"369,615",$112.26,"1,131 mi","1,013",$0.0993
BUD,CPH,"369,176",$86.37,613 mi,"1,011",$0.1409
DUB,BER,"368,562",$114.51,850 mi,"1,010",$0.1347
LGW,BFS,"367,835",$107.61,359 mi,"1,008",$0.2997
AMS,CUR,"367,491",$531.45,"4,722 mi","1,007",$0.1125
BGY,NAP,"366,344",$104.14,415 mi,"1,004",$0.2509
LHR,WAW,"365,954",$235.77,886 mi,"1,003",$0.2661
BUD,MAD,"365,727",$114.43,"1,263 mi","1,002",$0.0906
MXP,TLV,"365,415",$296.75,"1,731 mi","1,001",$0.1714
MXP,STN,"363,316",$75.84,596 mi,995,$0.1272
PMI,MAH,"363,128",$58.79,80 mi,995,$0.7349
ZRH,HAM,"362,793",$206.25,418 mi,994,$0.4934
ATH,IST,"362,760",$120.05,334 mi,994,$0.3594
BGY,BRI,"361,919",$103.35,459 mi,992,$0.2252
MRS,ALG,"361,267",$94.24,492 mi,990,$0.1915
LGW,MCO,"360,782",$529.33,"4,474 mi",988,$0.1183
AMS,BHX,"358,444",$156.59,283 mi,982,$0.5533
OTP,CLJ,"358,046",$70.77,198 mi,981,$0.3574
BCN,SCQ,"357,822",$235.70,565 mi,980,$0.4172
CDG,LTN,"357,635",$86.29,243 mi,980,$0.3551
CPH,HEL,"356,366",$153.03,537 mi,976,$0.2850
LHR,LIN,"356,239",$271.32,591 mi,976,$0.4591
MXP,IST,"356,134",$192.46,"1,076 mi",976,$0.1789
AMS,FCO,"355,900",$169.99,782 mi,975,$0.2174
DUB,LBA,"355,736",$77.61,185 mi,975,$0.4195
MAN,PRG,"355,142",$99.89,762 mi,973,$0.1311
FCO,MUC,"354,824",$101.36,467 mi,972,$0.2170
PMI,FKB,"354,789",$120.93,711 mi,972,$0.1701
BCN,HAM,"354,672",$254.12,899 mi,972,$0.2827
SVO,DXB,"353,334",$778.40,"2,237 mi",968,$0.3480
SVO,TJM,"353,257",$136.14,"1,090 mi",968,$0.1249
DME,IJK,"353,004",$130.78,588 mi,967,$0.2224
VIE,AYT,"352,636",$117.88,"1,089 mi",966,$0.1082
LHR,ICN,"352,200",$779.46,"5,670 mi",965,$0.1375
CDG,RAK,"351,697",$191.49,"1,282 mi",964,$0.1494
PRG,LTN,"351,574",$78.80,666 mi,963,$0.1183
OTP,VIE,"351,153",$93.79,530 mi,962,$0.1770
BRU,LIN,"350,896",$126.03,449 mi,961,$0.2807
LIS,MAN,"350,473",$144.14,"1,090 mi",960,$0.1322
AMS,DXB,"350,462",$533.33,"3,307 mi",960,$0.1613
STN,VIE,"350,415",$116.44,746 mi,960,$0.1561
AGP,EIN,"350,326",$120.71,"1,164 mi",960,$0.1037
BCN,OTP,"350,012",$91.43,"1,268 mi",959,$0.0721
MAD,VGO,"349,137",$79.92,279 mi,957,$0.2865
BUD,LGW,"349,051",$65.77,883 mi,956,$0.0745
ORY,VCE,"348,854",$85.78,534 mi,956,$0.1606
AMS,PRG,"348,401",$131.85,425 mi,955,$0.3102
LHR,JED,"348,107",$413.32,"3,040 mi",954,$0.1360
SVO,SSH,"347,942",$138.53,"1,882 mi",953,$0.0736
BHX,BFS,"347,470",$109.40,231 mi,952,$0.4736
BGY,SUF,"346,488",$93.04,557 mi,949,$0.1670
LGW,IST,"344,990",$87.96,"1,483 mi",945,$0.0593
AMS,MUC,"344,903",$188.64,401 mi,945,$0.4704
VIE,CGN,"344,820",$148.22,450 mi,945,$0.3294
VIE,TLV,"344,700",$196.98,"1,511 mi",944,$0.1304
GVA,MAD,"344,574",$180.15,608 mi,944,$0.2963
FCO,LAX,"344,290",$589.46,"6,530 mi",943,$0.0903
MXP,RAK,"344,258",$128.03,"1,360 mi",943,$0.0941
DME,DXB,"343,867",$928.80,"2,331 mi",942,$0.3985
LIS,ZRH,"343,829",$144.54,"1,039 mi",942,$0.1391
BHX,AYT,"343,560",$100.78,"1,845 mi",941,$0.0546
DUB,TFS,"342,844",$192.87,"1,885 mi",939,$0.1023
AMS,VIE,"342,394",$176.85,614 mi,938,$0.2880
BCN,BSL,"342,033",$143.36,496 mi,937,$0.2890
CDG,CPH,"340,941",$138.11,643 mi,934,$0.2148
PMI,BSL,"340,798",$117.33,587 mi,934,$0.1999
LHR,LOS,"340,341",$666.90,"3,203 mi",932,$0.2082
OSL,ALC,"340,245",$157.35,"1,549 mi",932,$0.1016
CDG,MRS,"339,621",$168.62,418 mi,930,$0.4034
STN,KRK,"339,457",$94.82,883 mi,930,$0.1074
ATH,BCN,"339,198",$258.81,"1,148 mi",929,$0.2254
MAD,MAH,"339,170",$107.30,401 mi,929,$0.2676
AMS,LPA,"339,067",$207.49,"1,919 mi",929,$0.1081
CPH,FCO,"339,064",$122.75,984 mi,929,$0.1247
MAD,CUN,"338,706",$303.69,"4,798 mi",928,$0.0633
GVA,MAN,"338,558",$131.37,636 mi,928,$0.2066
MXP,TIA,"337,433",$49.78,641 mi,924,$0.0777
LHR,CMB,"336,924",$348.35,"5,253 mi",923,$0.0663
AGP,BIO,"336,532",$230.45,451 mi,922,$0.5110
CDG,RUN,"336,437",$399.95,"5,647 mi",922,$0.0708
MXP,ORY,"336,150",$92.33,355 mi,921,$0.2601
MAD,FRA,"335,926",$165.21,857 mi,920,$0.1928
BUD,BSL,"335,679",$63.97,563 mi,920,$0.1136
STN,EIN,"335,208",$101.71,229 mi,918,$0.4441
BGY,CAG,"335,178",$87.53,432 mi,918,$0.2026
LHR,OSL,"334,629",$162.36,727 mi,917,$0.2233
ORY,EWR,"333,433",$255.53,"3,748 mi",914,$0.0682
AGP,BER,"333,129",$183.33,"1,351 mi",913,$0.1357
ORY,ALC,"332,382",$176.49,758 mi,911,$0.2328
AGP,LPL,"331,771",$132.47,"1,189 mi",909,$0.1114
BGY,CRL,"331,237",$61.49,398 mi,907,$0.1545
BUD,CRL,"330,555",$57.15,723 mi,906,$0.0790
AMS,GVA,"330,485",$196.85,411 mi,905,$0.4790
PRG,HRG,"329,506",$114.70,"1,833 mi",903,$0.0626
LHR,LAS,"329,413",$861.22,"5,372 mi",903,$0.1603
BCN,TNG,"329,359",$134.53,595 mi,902,$0.2261
EDI,LCY,"328,924",$175.64,347 mi,901,$0.5062
CPH,WAW,"328,826",$84.60,402 mi,901,$0.2104
CPH,MUC,"328,331",$145.07,518 mi,900,$0.2801
STN,PSA,"328,328",$84.74,714 mi,900,$0.1187
STN,VCE,"328,204",$93.47,726 mi,899,$0.1287
SVO,IKT,"327,706",$216.96,"2,694 mi",898,$0.0805
LHR,DOH,"327,578",$655.80,"3,355 mi",897,$0.1955
MAD,RAK,"327,562",$98.86,683 mi,897,$0.1447
LHR,ATL,"327,374",$757.20,"4,327 mi",897,$0.1750
NAP,VCE,"327,172",$93.38,324 mi,896,$0.2882
FCO,OTP,"326,961",$67.27,745 mi,896,$0.0903
LHR,YVR,"326,851",$626.45,"4,850 mi",895,$0.1292
MAN,BER,"326,564",$105.01,680 mi,895,$0.1544
DUB,BVA,"326,066",$66.06,467 mi,893,$0.1415
LHR,AKL,"325,672","$1,234.41","11,752 mi",892,$0.1050
DUB,ALC,"325,521",$140.10,"1,049 mi",892,$0.1336
BGY,WAW,"325,240",$63.09,699 mi,891,$0.0903
STN,CGN,"325,061",$78.42,297 mi,891,$0.2640
VIE,BER,"324,548",$219.06,314 mi,889,$0.6976
FCO,SVQ,"324,527",$101.77,"1,039 mi",889,$0.0979
DME,SHJ,"324,264",$216.03,"2,193 mi",888,$0.0985
LGW,NAP,"324,184",$160.95,"1,019 mi",888,$0.1579
SVO,MCX,"323,268",$291.69,"1,046 mi",886,$0.2789
SVO,ASF,"323,225",$169.80,834 mi,886,$0.2036
MXP,CAI,"322,924",$111.11,"1,577 mi",885,$0.0705
MAD,PRG,"322,883",$127.08,"1,054 mi",885,$0.1206
BCN,KRK,"322,684",$80.34,"1,013 mi",884,$0.0793
DME,TAS,"321,569",$139.92,"1,666 mi",881,$0.0840
LHR,MCO,"321,331",$518.48,"4,458 mi",880,$0.1163
CDG,DSS,"321,208",$371.52,"2,541 mi",880,$0.1462
AMS,BER,"321,039",$180.18,358 mi,880,$0.5033
CPH,ZRH,"320,775",$192.28,572 mi,879,$0.3362
SVO,GOJ,"320,544",$129.41,253 mi,878,$0.5115
HEL,LHR,"319,729",$292.31,"1,114 mi",876,$0.2624
PMI,FMO,"319,332",$160.57,928 mi,875,$0.1730
LGW,CFU,"319,035",$179.66,"1,215 mi",874,$0.1479
FCO,OLB,"318,668",$108.08,149 mi,873,$0.7254
LGW,CUN,"317,700",$563.16,"5,105 mi",870,$0.1103
FCO,NCE,"316,425",$72.06,277 mi,867,$0.2601
MAD,VIE,"316,306",$170.58,"1,156 mi",867,$0.1476
LHR,CPT,"315,406",$955.70,"6,196 mi",864,$0.1542
CDG,FRA,"315,337",$141.03,271 mi,864,$0.5204
ATH,BUD,"314,641",$88.12,719 mi,862,$0.1226
ZRH,OPO,"313,967",$157.46,980 mi,860,$0.1607
ZRH,SAW,"313,391",$67.44,"1,086 mi",859,$0.0621
NCL,ALC,"313,322",$115.91,"1,124 mi",858,$0.1031
CPH,KEF,"313,207",$141.32,"1,292 mi",858,$0.1094
GLA,BFS,"312,339",$73.43,112 mi,856,$0.6556
BCN,ICN,"312,240",$624.65,"5,782 mi",855,$0.1080
BHX,EDI,"311,667",$79.21,258 mi,854,$0.3070
ARN,GDN,"310,800",$45.10,376 mi,852,$0.1199
MAD,MIA,"310,293",$545.46,"4,283 mi",850,$0.1274
MXP,VLC,"309,940",$82.60,650 mi,849,$0.1271
ZRH,DUS,"309,331",$209.13,268 mi,847,$0.7803
SOF,STN,"309,126",$127.59,"1,212 mi",847,$0.1053
MAD,GRU,"308,861",$774.86,"5,362 mi",846,$0.1445
STN,ORK,"308,691",$82.19,361 mi,846,$0.2277
BCN,NCE,"308,635",$173.87,300 mi,846,$0.5796
CDG,IST,"308,584",$219.09,"1,416 mi",845,$0.1547
MAN,ISB,"308,150",$330.70,"3,925 mi",844,$0.0843
BGY,SOF,"307,906",$66.22,729 mi,844,$0.0908
LGW,KRK,"307,732",$88.24,902 mi,843,$0.0978
BCN,OVD,"306,954",$251.64,429 mi,841,$0.5866
BUD,EIN,"306,725",$74.21,701 mi,840,$0.1059
BCN,STR,"306,031",$223.61,599 mi,838,$0.3733
LCY,ZRH,"304,964",$186.75,458 mi,836,$0.4078
LYS,OPO,"304,650",$99.73,732 mi,835,$0.1362
PRG,STN,"304,609",$75.73,602 mi,835,$0.1258
FCO,SAW,"304,433",$99.98,913 mi,834,$0.1095
CDG,BRS,"303,777",$126.56,276 mi,832,$0.4586
ORY,FAO,"303,064",$112.28,933 mi,830,$0.1203
LGW,PFO,"303,027",$209.05,"1,920 mi",830,$0.1089
CDG,EWR,"302,984",$595.34,"3,748 mi",830,$0.1588
OSL,AES,"302,760",$86.73,239 mi,829,$0.3629
MAN,PFO,"302,526",$163.40,"2,056 mi",829,$0.0795
LGW,RHO,"302,488",$193.07,"1,670 mi",829,$0.1156
ATH,BRU,"302,417",$232.68,"1,267 mi",829,$0.1836
LGW,BIO,"301,147",$221.13,574 mi,825,$0.3852
BHX,FAO,"301,084",$108.39,"1,141 mi",825,$0.0950
LIS,LUX,"300,833",$119.98,"1,095 mi",824,$0.1096
LGW,HER,"300,462",$246.19,"1,715 mi",823,$0.1436
LGW,FNC,"300,127",$193.35,"1,572 mi",822,$0.1230
SOF,TLV,"299,681",$119.21,940 mi,821,$0.1268
ORY,SVQ,"298,833",$132.15,911 mi,819,$0.1451
AMS,BRS,"298,396",$143.90,336 mi,818,$0.4283
MAN,MCO,"298,175",$420.50,"4,101 mi",817,$0.1025
STN,ACE,"298,051",$91.82,"1,685 mi",817,$0.0545
GLA,BRS,"298,046",$110.04,308 mi,817,$0.3573
BUD,CIA,"298,024",$73.62,524 mi,817,$0.1405
DME,IKT,"297,020",$221.39,"2,692 mi",814,$0.0822
SVO,MLE,"295,957",$300.61,"4,216 mi",811,$0.0713
ARN,BER,"295,741",$126.84,515 mi,810,$0.2463
MAD,BER,"295,600",$210.02,"1,183 mi",810,$0.1775
BCN,BRS,"295,126",$104.81,711 mi,809,$0.1474
BUD,IST,"295,111",$54.74,652 mi,809,$0.0840
LGW,LYS,"294,792",$75.64,433 mi,808,$0.1747
AGP,HEL,"294,780",$226.09,"2,021 mi",808,$0.1119
MAN,LPA,"294,637",$82.96,"1,823 mi",807,$0.0455
EDI,LTN,"294,597",$91.96,316 mi,807,$0.2910
MAN,JFK,"293,728",$398.95,"3,432 mi",805,$0.1162
BRU,LHR,"293,345",$129.33,225 mi,804,$0.5748
LHR,VCE,"293,266",$202.15,695 mi,803,$0.2909
ATH,JFK,"293,148",$612.88,"5,077 mi",803,$0.1207
LHR,COK,"293,041",$336.32,"5,259 mi",803,$0.0640
MAN,MLA,"293,020",$145.46,"1,499 mi",803,$0.0970
MAN,CRL,"292,163",$75.89,339 mi,800,$0.2239
LHR,CAI,"292,068",$226.17,"2,261 mi",800,$0.1000
GVA,LTN,"291,658",$140.96,502 mi,799,$0.2808
ORY,OUD,"291,652",$114.52,"1,018 mi",799,$0.1125
DUB,BOS,"291,054",$393.77,"2,894 mi",797,$0.1361
LHR,BHD,"290,784",$174.53,321 mi,797,$0.5437
PMI,LBA,"290,635",$95.47,"1,040 mi",796,$0.0918
ZRH,AYT,"290,578",$138.29,"1,306 mi",796,$0.1059
AMS,MXP,"290,486",$123.83,480 mi,796,$0.2580
MXP,OLB,"290,384",$137.27,339 mi,796,$0.4049
OTP,BLQ,"290,377",$79.25,750 mi,796,$0.1057
LGW,OSL,"290,244",$120.24,785 mi,795,$0.1532
LIS,BER,"289,760",$145.69,"1,389 mi",794,$0.1049
MAD,FUE,"289,257",$130.53,986 mi,792,$0.1324
MXP,TFS,"289,222",$117.21,"1,783 mi",792,$0.0657
AGP,VIE,"288,928",$116.75,"1,367 mi",792,$0.0854
MXP,PRG,"288,456",$106.63,389 mi,790,$0.2741
AGP,LBA,"288,383",$112.05,"1,231 mi",790,$0.0910
LYS,NTE,"287,308",$120.64,343 mi,787,$0.3517
SVO,PVG,"287,000",$330.38,"4,129 mi",786,$0.0800
BRU,CPH,"286,358",$153.08,483 mi,785,$0.3169
FCO,BRI,"286,278",$85.80,232 mi,784,$0.3698
BGY,SAW,"286,219",$110.98,"1,068 mi",784,$0.1039
BGY,DUB,"286,145",$127.80,918 mi,784,$0.1392
PMI,LPL,"286,068",$101.83,958 mi,784,$0.1063
AMS,HEL,"286,007",$217.66,917 mi,784,$0.2374
BCN,TLV,"285,683",$290.31,"1,972 mi",783,$0.1472
MRS,BIA,"285,363",$115.92,231 mi,782,$0.5018
BCN,EDI,"285,331",$145.74,"1,073 mi",782,$0.1358
ARN,BCN,"285,217",$169.48,"1,481 mi",781,$0.1144
LHR,SEA,"285,155",$778.80,"4,641 mi",781,$0.1678
MAN,FUE,"284,608",$117.08,"1,873 mi",780,$0.0625
MAN,MXP,"284,116",$104.61,703 mi,778,$0.1488
DME,NSK,"283,967",$192.46,"1,833 mi",778,$0.1050
ORY,IST,"283,311",$136.87,"1,419 mi",776,$0.0965
LGW,BER,"282,938",$178.35,573 mi,775,$0.3113
LYS,ALG,"282,792",$119.18,650 mi,775,$0.1834
ARN,PMI,"282,368",$133.79,"1,492 mi",774,$0.0897
ATH,ORY,"282,001",$135.25,"1,269 mi",773,$0.1066
FCO,TIA,"281,898",$30.18,375 mi,772,$0.0805
OTP,TSF,"281,677",$78.97,701 mi,772,$0.1127
LYS,TUN,"281,462",$84.18,688 mi,771,$0.1224
CPH,EDI,"281,454",$102.93,640 mi,771,$0.1608
BCN,FLR,"281,452",$198.08,510 mi,771,$0.3884
AGP,LPA,"281,304",$298.95,850 mi,771,$0.3517
BGY,KRK,"281,150",$75.69,574 mi,770,$0.1319
LHR,BLR,"280,755",$510.17,"4,850 mi",769,$0.1052
AMS,JFK,"280,335",$571.90,"3,524 mi",768,$0.1623
MAN,KRK,"279,927",$90.91,996 mi,767,$0.0913
BCN,BHX,"279,905",$104.92,815 mi,767,$0.1287
AMS,BKK,"279,876",$471.92,"5,893 mi",767,$0.0801
CDG,YYZ,"279,457",$320.11,"3,628 mi",766,$0.0882
FCO,AHO,"279,237",$66.95,228 mi,765,$0.2936
CDG,MEX,"279,184",$559.88,"5,545 mi",765,$0.1010
FCO,PRG,"279,075",$57.59,565 mi,765,$0.1019
NTE,RAK,"278,974",$117.98,"1,161 mi",764,$0.1016
LHR,BNE,"278,906","$1,270.93","10,587 mi",764,$0.1200
CDG,MRU,"278,892",$459.84,"5,694 mi",764,$0.0808
GVA,PRN,"278,818",$150.18,801 mi,764,$0.1875
MXP,VIE,"278,407",$111.36,396 mi,763,$0.2812
LGW,LPA,"278,133",$182.07,"1,843 mi",762,$0.0988
CPH,DUB,"277,827",$131.96,748 mi,761,$0.1764
BRU,TFS,"277,762",$164.60,"1,981 mi",761,$0.0831
CPH,SAW,"277,449",$65.41,"1,228 mi",760,$0.0533
DUB,PMI,"277,141",$149.54,"1,079 mi",759,$0.1386
NCL,TFS,"277,048",$178.05,"2,068 mi",759,$0.0861
LYS,RAK,"276,883",$124.21,"1,166 mi",759,$0.1065
CPH,GDN,"276,774",$69.95,239 mi,758,$0.2927
CDG,SFO,"276,509","$1,075.55","5,736 mi",758,$0.1875
CPH,NCE,"276,200",$136.93,834 mi,757,$0.1642
LCY,LIN,"276,178",$175.00,612 mi,757,$0.2859
CPH,PMI,"275,827",$115.91,"1,164 mi",756,$0.0996
VCE,PMO,"275,227",$97.93,522 mi,754,$0.1876
CDG,ZRH,"274,948",$179.02,287 mi,753,$0.6238
DME,MRV,"274,883",$147.86,782 mi,753,$0.1891
BCN,LTN,"274,824",$107.95,762 mi,753,$0.1417
NAP,LIN,"274,733",$129.63,392 mi,753,$0.3307
PMI,BIO,"274,716",$157.40,403 mi,753,$0.3906
NCE,NTE,"274,632",$121.06,476 mi,752,$0.2543
CPH,GVA,"274,529",$139.86,686 mi,752,$0.2039
BCN,CGN,"274,377",$131.11,683 mi,752,$0.1920
FCO,ZRH,"274,343",$111.14,418 mi,752,$0.2659
LHR,AUH,"274,302",$816.96,"3,325 mi",752,$0.2457
LHR,STR,"273,538",$157.97,484 mi,749,$0.3264
LHR,MNL,"273,471",$505.37,"6,489 mi",749,$0.0779
NCL,PMI,"273,212",$101.02,"1,056 mi",749,$0.0957
ORY,RDZ,"272,785",$53.28,289 mi,747,$0.1844
BGY,VLC,"272,581",$95.85,690 mi,747,$0.1389
CPH,FRA,"272,056",$122.47,409 mi,745,$0.2994
BOD,CDG,"271,886",$152.64,317 mi,745,$0.4815
LGW,VLC,"271,698",$182.12,830 mi,744,$0.2194
AGP,PRG,"271,690",$87.55,"1,354 mi",744,$0.0647
AMS,IST,"271,556",$183.24,"1,398 mi",744,$0.1311
MAN,RAK,"271,202",$102.52,"1,576 mi",743,$0.0651
BCN,EZE,"270,946",$669.53,"6,707 mi",742,$0.0998
AGP,OSL,"270,939",$193.29,"1,712 mi",742,$0.1129
BUD,FCO,"270,752",$31.95,504 mi,742,$0.0634
LGW,SSH,"270,533",$185.40,"2,330 mi",741,$0.0796
EDI,ALC,"270,167",$102.64,"1,265 mi",740,$0.0811
LIS,FRA,"269,704",$136.10,"1,200 mi",739,$0.1134
AMS,WAW,"269,639",$203.11,705 mi,739,$0.2881
LHR,TLV,"269,496",$540.78,"2,297 mi",738,$0.2354
NCE,LIL,"269,438",$115.12,529 mi,738,$0.2176
BOD,MRS,"269,145",$119.93,318 mi,737,$0.3771
CDG,BEY,"268,893",$397.96,"2,039 mi",737,$0.1952
MXP,PMI,"268,545",$89.22,502 mi,736,$0.1777
GLA,LTN,"268,532",$107.22,312 mi,736,$0.3437
WAW,ALC,"268,255",$91.10,"1,368 mi",735,$0.0666
AGP,BFS,"268,213",$163.02,"1,208 mi",735,$0.1350
BCN,NTE,"267,840",$218.12,457 mi,734,$0.4773
MAN,IBZ,"267,763",$93.04,985 mi,734,$0.0945
CDG,PRG,"267,238",$116.10,514 mi,732,$0.2259
DUB,FRA,"267,188",$144.69,695 mi,732,$0.2082
LIS,MUC,"267,060",$155.18,"1,196 mi",732,$0.1297
AMS,NCE,"266,851",$243.33,590 mi,731,$0.4124
LIS,LAD,"266,196",$606.73,"3,483 mi",729,$0.1742
AMS,CDG,"266,139",$202.31,241 mi,729,$0.8395
LIS,LTN,"266,125",$212.68,"1,029 mi",729,$0.2067
LGW,JFK,"266,030",$549.03,"3,356 mi",729,$0.1636
SVO,TAS,"265,798",$97.34,"1,698 mi",728,$0.0573
LGW,BHD,"265,635",$131.79,347 mi,728,$0.3798
DUB,LCY,"265,469",$154.16,288 mi,727,$0.5353
OTP,TSR,"265,347",$71.95,240 mi,727,$0.2998
ORY,RBA,"264,942",$149.21,"1,083 mi",726,$0.1378
BHX,DXB,"264,939",$422.59,"3,378 mi",726,$0.1251
LED,MRV,"264,752",$145.07,"1,237 mi",725,$0.1173
MAD,MAN,"264,672",$141.70,918 mi,725,$0.1544
PMI,SCQ,"264,342",$128.17,642 mi,724,$0.1996
LHR,IAH,"263,973","$1,142.35","4,968 mi",723,$0.2299
ATH,MAD,"263,905",$242.95,"1,433 mi",723,$0.1695
LGW,VIE,"263,782",$65.45,754 mi,723,$0.0868
OSL,KRK,"263,226",$80.83,754 mi,721,$0.1072
PMI,EMA,"263,096",$117.18,909 mi,721,$0.1289
BRU,VIE,"263,057",$192.66,592 mi,721,$0.3254
AMS,ARN,"262,981",$143.29,695 mi,720,$0.2062
LHR,DFW,"262,288",$916.79,"4,597 mi",719,$0.1994
MRS,RAK,"262,159",$118.29,"1,124 mi",718,$0.1052
VKO,AER,"261,758",$158.70,872 mi,717,$0.1820
LHR,NBO,"261,552",$518.79,"4,379 mi",717,$0.1185
CDG,WAW,"261,518",$233.10,809 mi,716,$0.2881
ORY,ORN,"261,398",$153.14,946 mi,716,$0.1619
MAD,DUS,"261,364",$189.39,867 mi,716,$0.2184
ARN,LGW,"261,108",$125.00,889 mi,715,$0.1406
CPH,ALC,"261,022",$131.26,"1,305 mi",715,$0.1006
BGY,LIS,"260,759",$117.13,"1,103 mi",714,$0.1062
BRU,AYT,"260,087",$124.55,"1,662 mi",713,$0.0749
LGW,PRG,"260,069",$109.01,617 mi,713,$0.1767
EDI,GVA,"259,898",$143.88,809 mi,712,$0.1778
LHR,KUL,"259,857",$733.52,"6,788 mi",712,$0.1081
CDG,FLR,"259,792",$207.37,562 mi,712,$0.3690
PRG,CIA,"259,749",$76.64,596 mi,712,$0.1286
STN,RIX,"259,734",$99.49,980 mi,712,$0.1015
VKO,DXB,"259,636",$498.00,"2,218 mi",711,$0.2245
BCN,ACE,"259,140",$225.71,"1,264 mi",710,$0.1786
MRS,AJA,"258,939",$48.43,204 mi,709,$0.2374
LHR,PRG,"258,314",$186.47,668 mi,708,$0.2791
AGP,MAD,"258,088",$63.69,277 mi,707,$0.2299
CDG,IAD,"258,033",$829.95,"3,735 mi",707,$0.2222
LGW,IBZ,"257,747",$202.81,825 mi,706,$0.2458
ZRH,BKK,"257,613",$651.67,"5,457 mi",706,$0.1194
AGP,TFN,"256,883",$264.05,864 mi,704,$0.3056
DUB,MUC,"256,406",$153.37,884 mi,702,$0.1735
ZRH,FRA,"256,301",$173.91,172 mi,702,$1.0111
ORY,PGF,"256,092",$116.52,426 mi,702,$0.2735
SNN,STN,"255,902",$81.27,379 mi,701,$0.2144
LHR,BGI,"255,838",$725.91,"4,069 mi",701,$0.1784
MAD,TNG,"255,806",$78.23,364 mi,701,$0.2149
ARN,VIE,"255,147",$128.91,775 mi,699,$0.1663
SOF,LTN,"254,958",$128.72,"1,236 mi",699,$0.1041
AGP,EMA,"254,925",$130.26,"1,161 mi",698,$0.1122
ORY,IBZ,"254,921",$179.82,702 mi,698,$0.2562
STN,VLC,"254,160",$113.67,831 mi,696,$0.1368
NAP,IST,"254,079",$123.40,729 mi,696,$0.1693
ARN,MUC,"253,445",$181.87,843 mi,694,$0.2157
DME,OSS,"253,313",$153.25,"1,936 mi",694,$0.0792
LIS,YYZ,"252,866",$253.23,"3,460 mi",693,$0.0732
AGP,MLN,"252,794",$181.55,125 mi,693,$1.4524
EDI,MAD,"252,691",$181.90,"1,100 mi",692,$0.1654
BGY,BUD,"252,634",$66.92,456 mi,692,$0.1468
LED,KUF,"252,355",$136.41,893 mi,691,$0.1528
CDG,HAM,"252,202",$183.51,466 mi,691,$0.3938
LGW,HRG,"252,145",$277.22,"2,350 mi",691,$0.1180
OTP,BVA,"251,907",$97.86,"1,209 mi",690,$0.0809
BGY,CPH,"251,773",$99.17,720 mi,690,$0.1377
BGY,VIE,"250,821",$69.37,355 mi,687,$0.1954
BCN,RAK,"250,705",$150.32,847 mi,687,$0.1775
CPH,PRG,"250,313",$80.18,399 mi,686,$0.2010
LHR,KWI,"250,147",$608.62,"2,992 mi",685,$0.2034
SVO,HRG,"250,071",$122.46,"2,058 mi",685,$0.0595
WAW,AYT,"249,331",$108.31,"1,193 mi",683,$0.0908
BHX,CDG,"249,275",$141.09,312 mi,683,$0.4522
AMS,IBZ,"249,194",$180.84,914 mi,683,$0.1979
MRS,TUN,"248,420",$64.02,542 mi,681,$0.1181
ARN,ZRH,"247,729",$204.60,896 mi,679,$0.2283
ATH,TIA,"247,712",$79.30,339 mi,679,$0.2339
NCL,BFS,"247,671",$83.03,177 mi,679,$0.4691
BCN,SOF,"247,350",$99.53,"1,129 mi",678,$0.0882
BGY,CLJ,"247,196",$72.37,692 mi,677,$0.1046
BOD,NCE,"247,052",$105.56,388 mi,677,$0.2721
BRU,BER,"246,730",$210.70,411 mi,676,$0.5127
PRG,AYT,"246,193",$92.41,"1,190 mi",675,$0.0777
CDG,BOS,"246,074",$581.62,"3,542 mi",674,$0.1642
MXP,OTP,"245,952",$68.30,824 mi,674,$0.0829
ORY,MIR,"245,424",$112.61,961 mi,672,$0.1172
GVA,BRS,"245,337",$143.15,552 mi,672,$0.2593
LHR,MLE,"245,176",$665.93,"5,465 mi",672,$0.1219
ARN,LPA,"245,060",$169.39,"2,774 mi",671,$0.0611
AGP,GOT,"244,860",$108.09,"1,591 mi",671,$0.0679
DUB,KRK,"244,688",$114.39,"1,097 mi",670,$0.1043
ATH,BER,"244,593",$207.50,"1,083 mi",670,$0.1916
PRG,RMF,"244,414",$125.75,"2,072 mi",670,$0.0607
BHX,ACE,"244,262",$133.87,"1,682 mi",669,$0.0796
CDG,SIN,"243,789","$1,234.25","6,463 mi",668,$0.1910
CPH,KRK,"243,732",$99.21,470 mi,668,$0.2111
VKO,EVN,"243,536",$168.68,"1,149 mi",667,$0.1468
MXP,CAG,"243,456",$98.50,454 mi,667,$0.2170
SVO,CAN,"243,446",$277.57,"4,482 mi",667,$0.0619
LED,SCW,"242,864",$104.62,683 mi,665,$0.1532
STN,RAK,"242,635",$102.26,"1,506 mi",665,$0.0679
AMS,FAO,"242,286",$151.39,"1,261 mi",664,$0.1201
AMS,OPO,"241,837",$178.71,962 mi,663,$0.1858
FCO,YYZ,"241,394",$307.74,"4,271 mi",661,$0.0721
LGW,ZRH,"241,107",$132.45,454 mi,661,$0.2917
CDG,GVA,"240,972",$187.61,245 mi,660,$0.7658
MRS,STN,"240,849",$84.44,609 mi,660,$0.1387
CDG,OTP,"240,638",$206.25,"1,184 mi",659,$0.1742
AGP,GLA,"240,413",$128.42,"1,366 mi",659,$0.0940
LHR,DEN,"240,359",$809.85,"4,518 mi",659,$0.1792
LIS,LYS,"240,356",$97.94,895 mi,659,$0.1094
FCO,TFS,"239,802",$111.56,"1,931 mi",657,$0.0578
LHR,ABZ,"239,242",$235.76,390 mi,655,$0.6045
CDG,ORD,"239,059",$623.34,"4,017 mi",655,$0.1552
ATH,OTP,"238,840",$108.55,486 mi,654,$0.2234
GLA,ALC,"238,711",$103.58,"1,265 mi",654,$0.0819
AMS,AYT,"238,525",$171.08,"1,700 mi",653,$0.1006
BUD,NAP,"238,376",$90.89,530 mi,653,$0.1715
STN,WRO,"238,360",$90.40,695 mi,653,$0.1301
MXP,OPO,"238,345",$120.37,950 mi,653,$0.1267
MAD,PUJ,"238,304",$272.90,"4,204 mi",653,$0.0649
BCN,LYS,"237,961",$146.59,331 mi,652,$0.4429
STN,GDN,"237,920",$68.84,796 mi,652,$0.0865
VIE,WAW,"237,822",$115.97,331 mi,652,$0.3504
MAD,WAW,"237,552",$157.56,"1,368 mi",651,$0.1152
ORY,SAW,"237,528",$95.83,"1,460 mi",651,$0.0656
SOF,VIE,"237,163",$106.17,514 mi,650,$0.2066
OTP,CIA,"236,908",$89.11,727 mi,649,$0.1226
ATH,GVA,"236,877",$184.05,"1,108 mi",649,$0.1661
FCO,GRU,"236,586",$740.26,"5,685 mi",648,$0.1302
CDG,RBA,"236,428",$156.64,"1,104 mi",648,$0.1419
DUB,ZRH,"236,041",$158.68,746 mi,647,$0.2127
SVO,GYD,"235,939",$125.28,"1,251 mi",646,$0.1001
FCO,LYS,"235,812",$75.96,435 mi,646,$0.1746
BGY,MAD,"235,744",$113.39,735 mi,646,$0.1543
BUD,BRI,"235,444",$64.09,438 mi,645,$0.1463
NTE,OPO,"235,419",$77.03,554 mi,645,$0.1390
ZRH,BEG,"235,150",$120.46,573 mi,644,$0.2102
MAD,TFS,"234,918",$128.31,"1,168 mi",644,$0.1099
BOD,RAK,"234,800",$101.02,965 mi,643,$0.1047
LGW,INV,"234,444",$135.68,454 mi,642,$0.2989
LIS,VIE,"234,006",$151.58,"1,476 mi",641,$0.1027
FCO,EZE,"233,951",$631.94,"6,723 mi",641,$0.0940
MAD,NAP,"233,911",$147.92,962 mi,641,$0.1538
PMI,BRE,"233,561",$130.08,946 mi,640,$0.1375
EDI,ACE,"233,376",$165.51,"1,875 mi",639,$0.0883
BCN,LCG,"233,005",$301.63,535 mi,638,$0.5638
CDG,CAI,"232,875",$232.63,"1,935 mi",638,$0.1202
ATH,JMK,"232,205",$106.94,87 mi,636,$1.2292
SVO,NBC,"232,087",$151.45,587 mi,636,$0.2580
VIE,TIA,"232,077",$50.54,502 mi,636,$0.1007
BUD,MLA,"231,984",$75.09,862 mi,636,$0.0871
LIS,NTE,"231,820",$90.80,671 mi,635,$0.1353
LHR,LCA,"231,695",$351.87,"1,976 mi",635,$0.1781
MAN,RHO,"230,960",$156.08,"1,812 mi",633,$0.0861
MAN,CIA,"230,946",$117.25,"1,021 mi",633,$0.1148
CDG,OSL,"230,855",$122.78,869 mi,632,$0.1413
ORY,MPL,"230,350",$114.02,352 mi,631,$0.3239
ORY,HER,"230,128",$168.91,"1,525 mi",630,$0.1108
LGW,GCI,"230,115",$125.72,154 mi,630,$0.8164
WAW,IST,"229,533",$162.18,812 mi,629,$0.1997
BGY,IAS,"229,524",$55.58,884 mi,629,$0.0629
ATH,MUC,"229,476",$140.70,915 mi,629,$0.1538
SVO,PKX,"229,222",$257.41,"3,732 mi",628,$0.0690
BRU,OPO,"229,097",$142.95,889 mi,628,$0.1608
VCE,BRI,"228,799",$98.52,385 mi,627,$0.2559
OTP,RMO,"228,749",$76.16,218 mi,627,$0.3494
SVO,SGC,"228,650",$140.94,"1,286 mi",626,$0.1096
SVO,OMS,"228,649",$97.66,"1,434 mi",626,$0.0681
FCO,MIA,"228,324",$505.11,"5,020 mi",626,$0.1006
AGP,GVA,"228,055",$239.05,884 mi,625,$0.2704
MRS,CRL,"228,042",$95.20,472 mi,625,$0.2017
LGW,FUE,"228,023",$148.63,"1,669 mi",625,$0.0891
ARN,MMX,"227,740",$133.60,320 mi,624,$0.4175
CDG,CMN,"227,677",$207.06,"1,164 mi",624,$0.1779
LGW,VCE,"227,343",$137.42,715 mi,623,$0.1922
CDG,DPS,"227,032",$482.90,"7,463 mi",622,$0.0647
PMI,DTM,"226,819",$187.45,833 mi,621,$0.2250
NCE,BER,"226,709",$184.79,687 mi,621,$0.2690
ARN,CDG,"226,463",$167.02,986 mi,620,$0.1694
OSL,KRS,"226,323",$85.87,169 mi,620,$0.5081
BHX,DLM,"226,043",$107.24,"1,778 mi",619,$0.0603
AGP,BUD,"225,935",$87.20,"1,462 mi",619,$0.0596
BRU,RAK,"225,850",$135.68,"1,434 mi",619,$0.0946
FCO,ALC,"225,670",$100.93,740 mi,618,$0.1364
ATH,WAW,"225,386",$147.88,964 mi,617,$0.1534
STN,DXB,"225,285",$482.33,"3,494 mi",617,$0.1380
FCO,BDS,"225,119",$102.79,298 mi,617,$0.3449
CPH,MAD,"224,910",$192.75,"1,241 mi",616,$0.1553
FCO,HAM,"224,906",$151.81,799 mi,616,$0.1900
AGP,RTM,"224,707",$151.79,"1,176 mi",616,$0.1291
EDI,PMI,"224,488",$115.45,"1,132 mi",615,$0.1020
ZRH,JFK,"224,369",$978.99,"3,802 mi",615,$0.2575
BGY,PRG,"224,089",$73.48,383 mi,614,$0.1919
STN,TIA,"224,006",$114.25,"1,202 mi",614,$0.0950
DUB,VIE,"223,916",$144.83,"1,026 mi",613,$0.1412
FCO,OPO,"223,407",$73.28,"1,112 mi",612,$0.0659
ORY,PRG,"223,329",$79.69,526 mi,612,$0.1515
AMS,NAP,"223,270",$164.87,935 mi,612,$0.1763
MXP,KRK,"223,245",$54.65,579 mi,612,$0.0944
OTP,DTM,"223,158",$97.80,"1,005 mi",611,$0.0973
BOD,GVA,"222,586",$127.51,334 mi,610,$0.3818
LHR,CGN,"222,459",$169.80,342 mi,609,$0.4965
MXP,IBZ,"222,408",$155.21,617 mi,609,$0.2516
AGP,WAW,"222,308",$84.42,"1,586 mi",609,$0.0532
DBV,LGW,"221,890",$172.02,"1,018 mi",608,$0.1690
VKO,GRV,"221,651",$148.78,951 mi,607,$0.1564
ARN,RIX,"221,623",$54.69,280 mi,607,$0.1953
BRU,NCE,"221,469",$171.96,501 mi,607,$0.3432
BUD,MAN,"221,412",$99.63,"1,059 mi",607,$0.0941
AGP,OTP,"220,870",$130.16,"1,733 mi",605,$0.0751
BUD,WAW,"220,421",$93.14,325 mi,604,$0.2866
LGW,MRU,"220,367",$512.45,"6,239 mi",604,$0.0821
EDI,BER,"220,167",$117.13,702 mi,603,$0.1669
OTP,FRA,"220,073",$133.68,928 mi,603,$0.1441
BGY,BVA,"219,975",$62.48,427 mi,603,$0.1463
LIS,CRL,"219,915",$114.45,"1,014 mi",603,$0.1129
STN,IBZ,"219,640",$131.18,874 mi,602,$0.1501
LIS,TER,"219,369",$107.41,995 mi,601,$0.1079
AMS,TFS,"218,918",$202.14,"1,943 mi",600,$0.1040
OSL,GDN,"218,808",$57.85,471 mi,599,$0.1228
ARN,FRA,"218,428",$166.08,737 mi,598,$0.2253
LHR,YYC,"218,395",$366.21,"4,227 mi",598,$0.0866
BUD,DUB,"218,094",$156.15,"1,225 mi",598,$0.1275
CDG,MIA,"217,844",$781.06,"4,717 mi",597,$0.1656
SVO,ALA,"217,722",$166.58,"1,998 mi",596,$0.0834
SVO,STW,"217,145",$177.38,801 mi,595,$0.2214
DUB,PRG,"217,071",$143.82,931 mi,595,$0.1545
AGP,ZRH,"216,858",$240.13,"1,029 mi",594,$0.2334
MAD,LIN,"216,806",$197.85,755 mi,594,$0.2621
SVO,ARH,"216,727",$142.85,625 mi,594,$0.2286
VKO,GYD,"216,692",$155.39,"1,232 mi",594,$0.1261
SOF,EIN,"216,616",$95.30,"1,006 mi",593,$0.0947
GOT,STN,"216,551",$115.86,642 mi,593,$0.1805
LHR,GRU,"216,127",$983.10,"5,702 mi",592,$0.1724
NTE,PMI,"216,074",$99.30,552 mi,592,$0.1799
ATH,ZRH,"216,040",$176.66,"1,050 mi",592,$0.1682
LED,KJA,"215,857",$173.83,"2,142 mi",591,$0.0812
BCN,LAX,"215,335",$640.96,"5,831 mi",590,$0.1099
ARN,TLL,"215,296",$73.69,250 mi,590,$0.2948
DUB,YYZ,"215,211",$288.12,"3,367 mi",590,$0.0856
OSL,LPA,"215,136",$206.10,"2,474 mi",589,$0.0833
LHR,PER,"215,024","$1,202.91","9,285 mi",589,$0.1296
CDG,ABJ,"215,022",$680.30,"2,955 mi",589,$0.2302
STN,LPA,"214,786",$122.33,"1,787 mi",588,$0.0685
ATH,CAI,"214,742",$115.14,667 mi,588,$0.1726
LIS,WAW,"214,684",$147.38,"1,657 mi",588,$0.0889
AMS,KEF,"214,603",$143.62,"1,228 mi",588,$0.1170
STN,MLA,"214,588",$110.43,"1,349 mi",588,$0.0819
LGW,YYZ,"214,362",$184.02,"3,673 mi",587,$0.0501
AGP,NCL,"214,304",$129.52,"1,238 mi",587,$0.1046
ATH,FRA,"214,206",$146.32,"1,162 mi",587,$0.1259
PRG,FRA,"214,127",$74.74,244 mi,587,$0.3063
MRS,ORY,"214,067",$231.97,402 mi,586,$0.5770
ARN,GOT,"213,947",$138.40,252 mi,586,$0.5492
OSL,HAU,"213,934",$91.51,219 mi,586,$0.4179
ATH,CFU,"213,792",$88.64,239 mi,586,$0.3709
AGP,RAK,"213,779",$61.40,392 mi,586,$0.1566
GLA,TFS,"213,696",$89.21,"2,074 mi",585,$0.0430
MAN,ORK,"213,543",$80.41,273 mi,585,$0.2945
VIE,MLA,"213,477",$79.32,827 mi,585,$0.0959
CDG,GLA,"213,467",$135.90,574 mi,585,$0.2368
MAD,FLR,"213,144",$220.81,765 mi,584,$0.2886
BCN,IST,"212,565",$233.66,"1,338 mi",582,$0.1746
CPH,LPA,"212,522",$153.81,"2,293 mi",582,$0.0671
GVA,NTE,"212,374",$117.70,382 mi,582,$0.3081
LHR,ISB,"212,355",$289.30,"3,874 mi",582,$0.0747
BCN,TRN,"212,296",$113.56,377 mi,582,$0.3012
AGP,EDI,"212,121",$132.93,"1,293 mi",581,$0.1028
ARN,FCO,"212,102",$161.94,"1,219 mi",581,$0.1328
DUB,EWR,"212,068",$528.19,"3,280 mi",581,$0.1610
BRU,TNG,"212,038",$78.40,"1,134 mi",581,$0.0691
CDG,KRK,"212,004",$135.51,798 mi,581,$0.1698
MXP,DXB,"211,858",$820.70,"3,013 mi",580,$0.2724
ORY,PMO,"211,531",$106.14,930 mi,580,$0.1141
ORY,BIQ,"211,326",$123.71,420 mi,579,$0.2945
ATH,AXD,"211,004",$90.60,222 mi,578,$0.4081
DME,HTA,"210,956",$276.01,"2,850 mi",578,$0.0968
GOT,ALC,"210,913",$141.71,"1,503 mi",578,$0.0943
SVO,GDX,"210,857",$258.57,"3,531 mi",578,$0.0732
LED,TJM,"210,731",$131.83,"1,301 mi",577,$0.1013
LHR,HYD,"210,677",$373.07,"4,673 mi",577,$0.0798
ARN,SAW,"210,435",$96.52,"1,343 mi",577,$0.0719
FCO,GVA,"210,394",$136.15,445 mi,576,$0.3060
CPH,LIS,"210,322",$161.29,"1,582 mi",576,$0.1020
BUD,LIS,"209,936",$112.90,"1,495 mi",575,$0.0755
PMI,LEJ,"209,746",$133.89,911 mi,575,$0.1470
CDG,KEF,"209,708",$147.17,"1,435 mi",575,$0.1026
MAN,VCE,"209,471",$105.24,824 mi,574,$0.1277
BUD,STR,"209,425",$123.38,457 mi,574,$0.2700
FCO,EVN,"209,231",$80.43,"1,622 mi",573,$0.0496
AMS,TLV,"209,226",$345.37,"1,996 mi",573,$0.1730
SVO,SYX,"208,608",$118.23,"4,617 mi",572,$0.0256
AGP,VLC,"207,923",$88.16,283 mi,570,$0.3115
BCN,MLA,"207,790",$147.52,744 mi,569,$0.1983
ATH,DUS,"207,662",$170.67,"1,208 mi",569,$0.1413
AGP,ORK,"207,502",$110.07,"1,098 mi",568,$0.1002
LCY,BER,"207,195",$226.92,592 mi,568,$0.3833
PMI,PAD,"207,107",$217.63,854 mi,567,$0.2548
VIE,HRG,"207,084",$98.05,"1,769 mi",567,$0.0554
WAW,CRL,"206,970",$62.05,743 mi,567,$0.0835
GLA,STN,"206,945",$101.32,345 mi,567,$0.2937
MAN,HRG,"206,916",$219.07,"2,499 mi",567,$0.0877
CDG,DJE,"206,883",$118.15,"1,162 mi",567,$0.1017
PMI,PRG,"206,565",$100.94,892 mi,566,$0.1132
MAD,SDQ,"205,746",$365.85,"4,032 mi",564,$0.0907
SVO,GSV,"205,702",$139.78,448 mi,564,$0.3120
MAD,IST,"205,611",$218.51,"1,729 mi",563,$0.1264
FCO,EWR,"205,524",$510.95,"4,153 mi",563,$0.1230
NCE,SXB,"205,248",$75.03,348 mi,562,$0.2156
LGW,MAH,"205,203",$166.08,832 mi,562,$0.1996
CPH,BKK,"205,180",$458.97,"5,206 mi",562,$0.0882
LHR,ORK,"205,014",$129.87,355 mi,562,$0.3658
LHR,MEX,"205,013",$737.46,"5,366 mi",562,$0.1374
ARN,BUD,"204,708",$77.36,821 mi,561,$0.0942
CPH,FAE,"204,271",$177.24,810 mi,560,$0.2188
BUD,ALC,"204,181",$77.01,"1,216 mi",559,$0.0633
VCE,VIE,"204,098",$71.59,261 mi,559,$0.2743
LCY,FRA,"202,911",$173.14,374 mi,556,$0.4629
MAD,SCL,"202,811",$887.50,"6,861 mi",556,$0.1294
BRU,VLC,"202,758",$169.94,799 mi,556,$0.2127
LED,OMS,"202,463",$130.59,"1,559 mi",555,$0.0838
LED,VOG,"202,427",$138.60,974 mi,555,$0.1423
DME,UUD,"202,406",$332.04,"2,659 mi",555,$0.1249
BCN,TIA,"202,067",$105.91,940 mi,554,$0.1127
AGP,IBZ,"201,990",$104.66,366 mi,553,$0.2860
BCN,OSL,"201,946",$186.72,"1,320 mi",553,$0.1415
WAW,TLV,"201,642",$202.32,"1,512 mi",552,$0.1338
AGP,DUS,"201,559",$245.44,"1,187 mi",552,$0.2068
PRG,SAW,"201,480",$62.29,993 mi,552,$0.0627
LHR,KEF,"201,056",$194.66,"1,142 mi",551,$0.1705
CDG,ORN,"200,680",$144.54,911 mi,550,$0.1587
LHR,HKT,"200,291",$430.53,"5,968 mi",549,$0.0721
MAD,MLA,"199,969",$101.70,998 mi,548,$0.1019
ARN,BRU,"199,936",$164.28,776 mi,548,$0.2117
LGW,PSA,"199,912",$138.96,692 mi,548,$0.2008
LGW,CTA,"199,738",$191.62,"1,168 mi",547,$0.1641
NAP,TRN,"199,693",$113.11,436 mi,547,$0.2594
ARN,KRK,"199,690",$91.19,646 mi,547,$0.1412
ARN,NCE,"199,530",$158.01,"1,157 mi",547,$0.1366
MAN,CFU,"199,294",$132.86,"1,451 mi",546,$0.0916
PMI,LUX,"199,178",$155.31,695 mi,546,$0.2235
LGW,ORY,"199,110",$121.59,197 mi,546,$0.6172
LYS,TLS,"198,849",$114.30,240 mi,545,$0.4763
NAP,STN,"198,697",$95.74,"1,040 mi",544,$0.0921
SVO,NQZ,"198,499",$130.09,"1,468 mi",544,$0.0886
DME,OMS,"198,471",$112.45,"1,423 mi",544,$0.0790
AGP,SCQ,"198,402",$191.36,463 mi,544,$0.4133
PMI,BFS,"197,875",$150.77,"1,157 mi",542,$0.1303
LED,PEE,"197,846",$138.51,952 mi,542,$0.1455
VKO,SGC,"197,555",$136.22,"1,305 mi",541,$0.1044
BCN,CRL,"197,483",$64.21,662 mi,541,$0.0970
ORY,FSC,"197,397",$164.13,614 mi,541,$0.2673
WAW,MLA,"197,336",$62.59,"1,136 mi",541,$0.0551
GVA,BER,"197,334",$148.03,522 mi,541,$0.2836
MAN,HER,"197,130",$162.80,"1,765 mi",540,$0.0922
STN,BLQ,"196,922",$104.23,696 mi,540,$0.1498
OSL,BER,"196,908",$103.68,564 mi,539,$0.1838
FCO,BVA,"196,847",$68.40,697 mi,539,$0.0981
STN,TRN,"196,825",$104.44,555 mi,539,$0.1882
MXP,DUS,"196,743",$143.39,389 mi,539,$0.3686
GLA,LCY,"196,538",$170.85,342 mi,538,$0.4996
AMS,OSL,"196,347",$125.33,578 mi,538,$0.2168
DME,MCX,"196,161",$305.89,"1,002 mi",537,$0.3053
LED,MSQ,"196,032",$277.00,430 mi,537,$0.6442
LHR,MLA,"196,006",$125.17,"1,346 mi",537,$0.0930
STN,ADB,"195,986",$102.64,"1,647 mi",537,$0.0623
DUB,NCL,"195,779",$83.32,222 mi,536,$0.3753
VKO,SAW,"195,737",$163.03,"1,109 mi",536,$0.1470
ATH,PAS,"195,635",$149.01,94 mi,536,$1.5852
NTE,TLS,"195,633",$100.61,291 mi,536,$0.3457
FCO,SSH,"195,540",$142.12,"1,616 mi",536,$0.0879
AGP,BGY,"195,369",$90.93,992 mi,535,$0.0917
ATH,KGS,"194,763",$84.15,184 mi,534,$0.4573
LGW,BSL,"194,728",$116.88,437 mi,534,$0.2675
BCN,PMO,"194,491",$123.91,604 mi,533,$0.2051
GVA,RAK,"194,446",$151.98,"1,299 mi",533,$0.1170
LGW,INN,"194,374",$150.80,567 mi,533,$0.2660
ORY,FLR,"193,991",$219.75,525 mi,531,$0.4186
ORY,ABJ,"193,897",$274.27,"3,117 mi",531,$0.0880
VIE,STR,"193,735",$203.60,350 mi,531,$0.5817
MXP,BKK,"193,695",$401.56,"5,811 mi",531,$0.0691
PMI,WAW,"193,238",$91.07,"1,267 mi",529,$0.0719
PMI,GRX,"193,011",$123.51,377 mi,529,$0.3276
ATH,MJT,"192,997",$86.40,168 mi,529,$0.5143
VKO,TAS,"192,835",$119.44,"1,798 mi",528,$0.0664
MAD,BLQ,"192,665",$150.21,829 mi,528,$0.1812
CDG,MPL,"192,622",$206.98,370 mi,528,$0.5594
CDG,GRU,"192,592",$938.98,"5,668 mi",528,$0.1657
OTP,CTA,"192,576",$104.11,778 mi,528,$0.1338
LYS,MAD,"192,575",$156.14,583 mi,528,$0.2678
LHR,NCL,"192,564",$149.79,243 mi,528,$0.6164
VIE,LCA,"192,337",$126.58,"1,303 mi",527,$0.0971
BHX,LPA,"192,143",$132.45,"1,889 mi",526,$0.0701
STN,KTW,"192,127",$79.43,795 mi,526,$0.0999
DME,LED,"192,057",$86.19,402 mi,526,$0.2144
CDG,LYS,"191,854",$104.14,264 mi,526,$0.3945
MAN,MUC,"191,754",$190.82,681 mi,525,$0.2802
STN,BRE,"190,898",$68.23,380 mi,523,$0.1796
FCO,ORD,"190,519",$482.60,"4,954 mi",522,$0.0974
DUB,ORD,"190,465",$555.39,"3,553 mi",522,$0.1563
MAN,ZRH,"190,427",$152.42,606 mi,522,$0.2515
ORY,TLN,"190,378",$168.24,442 mi,522,$0.3806
ATH,EWR,"190,284",$953.77,"4,796 mi",521,$0.1989
HEL,OSL,"190,192",$150.07,460 mi,521,$0.3262
LIS,EWR,"189,764",$527.40,"3,275 mi",520,$0.1610
AGP,LHR,"189,638",$269.90,"1,073 mi",520,$0.2515
ATH,LTN,"189,605",$136.33,"1,564 mi",519,$0.0872
DUB,LPA,"189,563",$141.83,"1,766 mi",519,$0.0803
LGW,ABZ,"189,451",$118.98,413 mi,519,$0.2881
BHX,KRK,"189,385",$97.43,914 mi,519,$0.1066
VKO,TJM,"189,008",$134.51,"1,039 mi",518,$0.1295
BHX,FUE,"188,822",$155.90,"1,824 mi",517,$0.0855
AMS,ZTH,"188,781",$173.83,"1,309 mi",517,$0.1328
LHR,LHE,"188,531",$322.48,"3,806 mi",517,$0.0847
BOD,LGW,"188,482",$126.42,424 mi,516,$0.2982
MXP,KEF,"188,356",$174.86,"1,693 mi",516,$0.1033
DUB,NCE,"188,332",$164.17,884 mi,516,$0.1857
OTP,DXB,"188,230",$262.86,"2,171 mi",516,$0.1211
MXP,JED,"188,036",$176.76,"2,453 mi",515,$0.0721
AGP,CRL,"187,869",$95.47,"1,019 mi",515,$0.0937
MRS,OPO,"187,854",$83.32,747 mi,515,$0.1115
LIS,NCE,"187,663",$154.49,885 mi,514,$0.1746
ZRH,DXB,"187,500",$892.13,"2,874 mi",514,$0.3104
AMS,OTP,"187,447",$204.38,"1,142 mi",514,$0.1790
BGY,TPS,"187,273",$90.96,572 mi,513,$0.1590
AMS,VCE,"187,226",$164.81,599 mi,513,$0.2751
BHX,OTP,"187,151",$92.00,"1,416 mi",513,$0.0650
AMS,GLA,"186,775",$148.23,433 mi,512,$0.3423
STN,POZ,"186,673",$75.98,682 mi,511,$0.1114
BGY,MAN,"186,658",$90.72,730 mi,511,$0.1243
FCO,IST,"186,553",$160.14,827 mi,511,$0.1936
STN,FUE,"186,466",$76.42,"1,722 mi",511,$0.0444
FCO,IBZ,"186,058",$132.59,588 mi,510,$0.2255
LHR,PVG,"185,996",$958.37,"5,570 mi",510,$0.1721
BCN,BOS,"185,850",$516.29,"3,531 mi",509,$0.1462
GVA,PMI,"185,745",$177.38,477 mi,509,$0.3719
CPH,BGO,"185,702",$126.17,409 mi,509,$0.3085
PMI,NRN,"185,536",$104.63,823 mi,508,$0.1271
LGW,IOM,"185,365",$96.91,283 mi,508,$0.3424
DME,UFA,"185,321",$104.22,692 mi,508,$0.1506
MXP,WAW,"185,257",$141.08,736 mi,508,$0.1917
AMS,NCL,"184,554",$155.95,314 mi,506,$0.4967
OTP,BRI,"184,454",$79.72,513 mi,505,$0.1554
MAD,SOF,"184,414",$105.29,"1,438 mi",505,$0.0732
HEL,LPA,"184,389",$273.70,"3,006 mi",505,$0.0911
LGW,VRN,"184,222",$156.90,626 mi,505,$0.2506
LGW,LOS,"184,151",$275.81,"2,993 mi",505,$0.0922
BCN,MIA,"184,148",$504.96,"4,547 mi",505,$0.1111
SVO,DPS,"184,034",$341.43,"6,065 mi",504,$0.0563
ATH,JNX,"184,001",$99.47,101 mi,504,$0.9849
MRS,ORN,"183,916",$131.33,604 mi,504,$0.2174
ATH,STN,"183,841",$137.89,"1,541 mi",504,$0.0895
AMS,HRG,"183,819",$156.67,"2,223 mi",504,$0.0705
AGP,CGN,"183,798",$151.89,"1,102 mi",504,$0.1378
ATH,MAN,"183,746",$170.75,"1,687 mi",503,$0.1012
CDG,ATL,"183,484",$855.39,"4,516 mi",503,$0.1894
MAD,CAI,"183,237",$190.57,"2,144 mi",502,$0.0889
LIS,SID,"183,071",$115.38,"1,788 mi",502,$0.0645
DUB,REU,"183,013",$115.54,943 mi,501,$0.1225
BHX,BHD,"182,828",$88.60,233 mi,501,$0.3803
CDG,HEL,"182,689",$209.49,"1,143 mi",501,$0.1833
NAP,SSH,"182,657",$185.01,"1,403 mi",500,$0.1319
WAW,ZRH,"182,376",$170.43,622 mi,500,$0.2740
LIS,JFK,"182,245",$485.09,"3,459 mi",499,$0.1402
VCE,BER,"182,130",$108.31,463 mi,499,$0.2339
AMS,PBM,"181,991",$454.33,"4,815 mi",499,$0.0944
NTE,MPL,"181,855",$101.89,355 mi,498,$0.2870
STN,HHN,"181,816",$63.22,344 mi,498,$0.1838
PMI,FMM,"181,813",$113.05,671 mi,498,$0.1685
BGY,BER,"181,642",$89.55,479 mi,498,$0.1870
BUD,CDG,"181,591",$164.36,752 mi,498,$0.2186
CDG,HER,"181,582",$186.02,"1,530 mi",497,$0.1216
BUD,ORY,"181,325",$48.68,805 mi,497,$0.0605
AMS,FRA,"181,321",$191.67,235 mi,497,$0.8156
MAD,SJO,"181,275",$420.56,"5,439 mi",497,$0.0773
MAN,AGA,"181,216",$74.74,"1,680 mi",496,$0.0445
SOF,BRI,"181,070",$54.49,369 mi,496,$0.1477
ORY,TNG,"180,845",$124.97,962 mi,495,$0.1299
BCN,SFO,"180,823",$692.10,"6,136 mi",495,$0.1128
STN,GRO,"180,819",$110.63,679 mi,495,$0.1629
MAD,SAW,"180,790",$148.96,"1,763 mi",495,$0.0845
BGY,OPO,"180,754",$111.71,998 mi,495,$0.1119
HEL,MUC,"180,726",$187.03,949 mi,495,$0.1971
DME,TJU,"180,714",$156.02,"1,847 mi",495,$0.0845
CPH,MXP,"180,644",$120.88,732 mi,495,$0.1651
STN,DLM,"180,621",$135.17,"1,688 mi",495,$0.0801
EDI,KRK,"180,329",$126.63,"1,069 mi",494,$0.1185
OSL,VNO,"180,316",$83.51,631 mi,494,$0.1323
MAD,BKK,"180,277",$323.35,"6,523 mi",494,$0.0496
BRU,WAW,"180,241",$258.99,691 mi,494,$0.3748
HEL,RVN,"180,232",$100.25,445 mi,494,$0.2253
LHR,BSL,"180,019",$172.97,460 mi,493,$0.3760
MXP,BVA,"179,942",$67.86,394 mi,493,$0.1722
BRU,FAO,"179,937",$89.88,"1,172 mi",493,$0.0767
VKO,DYU,"179,842",$94.29,"1,924 mi",493,$0.0490
OSL,MOL,"179,798",$87.48,224 mi,493,$0.3905
NTE,STN,"179,744",$60.64,347 mi,492,$0.1748
ZRH,HRG,"179,412",$98.42,"1,896 mi",492,$0.0519
MAD,HAM,"179,106",$187.09,"1,138 mi",491,$0.1644
BCN,BVA,"179,088",$67.64,547 mi,491,$0.1237
STN,PFO,"178,820",$106.34,"1,924 mi",490,$0.0553
CDG,HKT,"178,484",$346.81,"5,872 mi",489,$0.0591
OTP,EIN,"178,478",$94.57,"1,096 mi",489,$0.0863
ATH,BLQ,"178,300",$156.50,822 mi,488,$0.1904
MXP,HAM,"178,281",$146.34,539 mi,488,$0.2715
MXP,EWR,"178,123",$668.29,"3,879 mi",488,$0.1723
DUB,MCO,"178,062",$397.93,"3,942 mi",488,$0.1009
ORY,LDE,"177,987",$94.89,411 mi,488,$0.2309
AMS,RAK,"177,939",$134.83,"1,522 mi",488,$0.0886
CPH,AYT,"177,817",$128.01,"1,501 mi",487,$0.0853
OSL,MUC,"177,707",$129.45,843 mi,487,$0.1536
DME,NUX,"177,643",$150.28,"1,420 mi",487,$0.1058
AGP,CDG,"177,586",$183.94,951 mi,487,$0.1934
LIS,RAK,"177,582",$66.12,484 mi,487,$0.1366
MAN,VIE,"177,529",$105.28,924 mi,486,$0.1139
CDG,PVG,"177,526",$861.18,"5,585 mi",486,$0.1542
DUB,VCE,"177,098",$139.71,"1,025 mi",485,$0.1363
MXP,DEL,"176,537",$267.91,"3,941 mi",484,$0.0680
BCN,FUE,"176,392",$154.17,"1,300 mi",483,$0.1186
MAN,BHD,"176,331",$135.60,175 mi,483,$0.7749
LYS,SAW,"176,293",$96.45,"1,295 mi",483,$0.0745
DME,OGZ,"176,275",$166.76,868 mi,483,$0.1921
BCN,LUX,"175,932",$121.31,627 mi,482,$0.1935
NCE,OSL,"175,894",$170.24,"1,118 mi",482,$0.1523
OTP,LCA,"175,859",$93.81,802 mi,482,$0.1170
WAW,FRA,"175,744",$143.45,540 mi,481,$0.2656
ATH,PRG,"175,428",$169.89,996 mi,481,$0.1706
LGW,BGO,"175,216",$130.19,685 mi,480,$0.1901
DME,DYU,"175,167",$99.83,"1,785 mi",480,$0.0559
EDI,FAO,"175,144",$105.65,"1,366 mi",480,$0.0773
LHR,MAA,"174,875",$473.15,"5,271 mi",479,$0.0898
ATH,JKH,"174,621",$104.02,119 mi,478,$0.8741
MAD,TLV,"174,547",$295.55,"2,136 mi",478,$0.1384
LHR,AUS,"174,524",$881.34,"5,051 mi",478,$0.1745
FCO,KRK,"174,017",$61.89,656 mi,477,$0.0943
EDI,AYT,"173,874",$108.70,"1,996 mi",476,$0.0545
OTP,IST,"173,759",$77.69,256 mi,476,$0.3035
CPH,OTP,"173,568",$58.76,936 mi,476,$0.0628
ORY,BJA,"173,258",$131.47,866 mi,475,$0.1518
FCO,RMO,"173,191",$69.26,868 mi,474,$0.0798
LED,IKT,"173,072",$247.27,"2,670 mi",474,$0.0926
CDG,HKG,"172,900","$1,187.19","5,780 mi",474,$0.2054
STN,NUE,"172,842",$85.31,486 mi,474,$0.1755
SVO,GRV,"172,282",$145.53,915 mi,472,$0.1590
LIS,DUS,"172,220",$171.96,"1,122 mi",472,$0.1533
LHR,PHL,"172,126",$795.13,"3,429 mi",472,$0.2319
CDG,SVQ,"172,043",$210.04,878 mi,471,$0.2392
BCN,NDR,"171,912",$78.39,531 mi,471,$0.1476
NCL,ACE,"171,895",$161.52,"1,841 mi",471,$0.0877
BRU,OSL,"171,726",$117.94,712 mi,470,$0.1656
LHR,BLQ,"171,644",$241.57,702 mi,470,$0.3441
LGW,PVG,"170,662",$547.22,"5,921 mi",468,$0.0924
ORY,MLA,"170,437",$84.47,"1,112 mi",467,$0.0760
DUB,MXP,"170,400",$136.59,832 mi,467,$0.1642
BUD,VLC,"170,223",$80.91,"1,093 mi",466,$0.0740
BUD,CTA,"170,191",$86.16,743 mi,466,$0.1160
LIS,YUL,"170,176",$190.34,"3,351 mi",466,$0.0568
LIS,BSL,"170,121",$171.37,"1,065 mi",466,$0.1609
LHR,ACC,"170,101",$559.09,"3,074 mi",466,$0.1819
MAN,NAP,"170,018",$142.35,"1,191 mi",466,$0.1195
BRU,NDR,"169,716",$75.52,"1,197 mi",465,$0.0631
DUB,IAD,"169,587",$469.17,"3,293 mi",465,$0.1425
BUD,TFS,"169,332",$141.86,"2,270 mi",464,$0.0625
STN,TLS,"168,997",$78.77,589 mi,463,$0.1337
AGP,MUC,"168,934",$186.13,"1,118 mi",463,$0.1665
HEL,BER,"168,909",$164.60,722 mi,463,$0.2280
BGY,IBZ,"168,889",$93.16,614 mi,463,$0.1517
MAD,SCQ,"168,807",$72.45,291 mi,462,$0.2490
LHR,SAN,"168,786",$943.18,"5,308 mi",462,$0.1777
NCE,TUN,"168,674",$66.96,482 mi,462,$0.1389
BCN,VGO,"168,671",$237.64,572 mi,462,$0.4155
MAN,FRA,"168,569",$184.01,533 mi,462,$0.3452
NCL,BRS,"168,516",$82.70,248 mi,462,$0.3335
BRU,HER,"168,098",$167.91,"1,443 mi",461,$0.1164
LIS,VCP,"168,076",$394.71,"5,074 mi",460,$0.0778
VCE,BDS,"168,035",$96.98,451 mi,460,$0.2150
MXP,RMO,"167,988",$81.24,937 mi,460,$0.0867
LIS,OPO,"167,960",$43.14,177 mi,460,$0.2437
BGY,EIN,"167,890",$105.94,433 mi,460,$0.2447
LHR,YUL,"167,822",$614.06,"3,143 mi",460,$0.1954
CPH,DUS,"167,712",$168.55,397 mi,459,$0.4246
LHR,PHX,"167,703",$840.95,"5,416 mi",459,$0.1553
DUB,HAM,"167,672",$105.02,646 mi,459,$0.1626
LED,ARH,"167,521",$124.25,458 mi,459,$0.2713
LHR,SNN,"167,479",$136.59,380 mi,459,$0.3594
LHR,ADL,"167,272","$1,278.64","10,422 mi",458,$0.1227
AMS,HER,"167,209",$139.10,"1,587 mi",458,$0.0876
HEL,ALC,"167,125",$153.97,"1,827 mi",458,$0.0843
OTP,OMR,"166,975",$69.70,272 mi,457,$0.2563
STN,ZAG,"166,648",$108.76,858 mi,457,$0.1268
DUB,DUS,"166,594",$133.50,586 mi,456,$0.2278
STN,HAM,"166,480",$78.46,412 mi,456,$0.1904
LED,SGC,"166,458",$140.83,"1,484 mi",456,$0.0949
FCO,DUS,"166,427",$196.32,726 mi,456,$0.2704
LGW,NTE,"166,228",$74.81,291 mi,455,$0.2571
AMS,SFO,"166,224",$848.59,"5,623 mi",455,$0.1509
ATH,CPH,"166,165",$165.90,"1,290 mi",455,$0.1286
MAD,LUX,"165,851",$134.47,813 mi,454,$0.1654
EDI,PRG,"165,654",$113.39,808 mi,454,$0.1403
CPH,BLQ,"165,584",$122.38,791 mi,454,$0.1547
MAN,OPO,"165,409",$124.41,915 mi,453,$0.1360
CDG,CMB,"165,256",$267.87,"5,429 mi",453,$0.0493
LIS,MRS,"165,193",$99.86,788 mi,453,$0.1267
BCN,BEG,"165,122",$89.14,978 mi,452,$0.0911
CDG,DEL,"165,083",$402.52,"4,201 mi",452,$0.0958
LGW,SPU,"165,060",$180.08,903 mi,452,$0.1994
LIS,BVA,"165,051",$89.17,951 mi,452,$0.0938
SOF,CIA,"165,029",$87.97,539 mi,452,$0.1632
OSL,FRA,"165,028",$139.11,730 mi,452,$0.1906
MAN,PSA,"164,981",$108.08,856 mi,452,$0.1263
LGW,NBE,"164,657",$181.16,"1,131 mi",451,$0.1602
GLA,PMI,"164,541",$80.22,"1,209 mi",451,$0.0664
AGP,FRA,"164,484",$178.24,"1,163 mi",451,$0.1533
MAD,HAV,"164,429",$279.67,"4,775 mi",450,$0.0586
SVO,AUH,"164,407",$421.91,"2,417 mi",450,$0.1746
STN,FKB,"164,157",$69.08,395 mi,450,$0.1749
FCO,SFO,"164,146",$626.50,"6,438 mi",450,$0.0973
OTP,SKG,"164,076",$90.21,312 mi,450,$0.2891
WAW,LCA,"164,013",$77.10,"1,388 mi",449,$0.0555
STN,LUX,"163,901",$60.43,313 mi,449,$0.1931
AMS,KGS,"163,846",$183.35,"1,569 mi",449,$0.1169
WAW,EIN,"163,831",$61.44,647 mi,449,$0.0950
MAN,KEF,"163,769",$114.71,"1,058 mi",449,$0.1084
LIS,EIN,"163,614",$132.31,"1,156 mi",448,$0.1145
BRU,MUC,"163,296",$238.68,382 mi,447,$0.6248
MXP,FRA,"163,275",$89.10,295 mi,447,$0.3020
AMS,YYZ,"163,170",$308.01,"3,610 mi",447,$0.0853
OTP,IAS,"163,138",$70.44,200 mi,447,$0.3522
LGW,SKG,"163,126",$226.26,"1,366 mi",447,$0.1656
GVA,SAW,"163,123",$58.52,"1,177 mi",447,$0.0497
PRG,ICN,"163,106",$591.51,"4,964 mi",447,$0.1192
LHR,DPS,"163,014",$663.41,"8,018 mi",447,$0.0827
OSL,BDU,"162,813",$168.33,670 mi,446,$0.2512
SOF,VAR,"162,547",$36.07,233 mi,445,$0.1548
VKO,SSH,"162,477",$127.10,"1,856 mi",445,$0.0685
OSL,ZRH,"162,415",$160.73,858 mi,445,$0.1873
VIE,TFS,"162,402",$144.51,"2,312 mi",445,$0.0625
VIE,BLQ,"162,281",$110.33,342 mi,445,$0.3226
MAN,SAW,"162,227",$95.43,"1,747 mi",444,$0.0546
LHR,MXP,"162,001",$196.54,599 mi,444,$0.3281
ZRH,IST,"161,891",$160.90,"1,049 mi",444,$0.1534
ATH,VCE,"161,757",$140.53,769 mi,443,$0.1827
VIE,SKG,"161,616",$74.52,594 mi,443,$0.1255
DUB,MLA,"161,537",$158.66,"1,526 mi",443,$0.1040
STN,SVQ,"161,040",$111.43,"1,012 mi",441,$0.1101
LIS,PRG,"160,983",$148.20,"1,427 mi",441,$0.1039
DUB,OTP,"160,981",$146.82,"1,526 mi",441,$0.0962
FCO,BOS,"160,768",$455.54,"4,203 mi",440,$0.1084
SVO,RGK,"160,578",$189.00,"1,888 mi",440,$0.1001
LED,GOJ,"160,325",$143.15,535 mi,439,$0.2676
ORY,BKO,"160,318",$325.17,"2,492 mi",439,$0.1305
BCN,ALG,"160,071",$118.95,314 mi,439,$0.3788
VIE,BKK,"160,055",$507.30,"5,092 mi",439,$0.0996
DME,EVN,"160,010",$194.23,"1,128 mi",438,$0.1722
BUD,LHR,"159,845",$224.81,897 mi,438,$0.2506
DME,IST,"159,679",$214.09,"1,093 mi",437,$0.1959
NCE,VIE,"159,647",$127.09,528 mi,437,$0.2407
AMS,DPS,"159,578",$530.53,"7,781 mi",437,$0.0682
BRU,PRG,"158,590",$149.06,420 mi,434,$0.3549
ZRH,TLV,"158,582",$380.02,"1,798 mi",434,$0.2114
MXP,MUC,"158,555",$110.26,230 mi,434,$0.4794
ATH,LAX,"158,499",$737.20,"7,121 mi",434,$0.1035
BGY,CGN,"158,476",$76.98,389 mi,434,$0.1979
PMI,HHN,"158,341",$97.96,774 mi,434,$0.1266
WAW,TFS,"158,278",$164.88,"2,467 mi",434,$0.0668
OTP,BSL,"158,254",$58.79,885 mi,434,$0.0664
LIS,BRS,"158,144",$164.89,897 mi,433,$0.1838
LIS,BOS,"158,125",$453.51,"3,088 mi",433,$0.1469
FCO,MRS,"158,120",$74.80,363 mi,433,$0.2061
GVA,JFK,"157,907","$1,141.66","3,737 mi",433,$0.3055
CDG,BLQ,"157,724",$229.21,531 mi,432,$0.4317
LGW,CHQ,"157,609",$198.66,"1,568 mi",432,$0.1267
SOF,CRL,"157,519",$68.50,"1,074 mi",432,$0.0638
GLA,FAO,"157,390",$122.43,"1,274 mi",431,$0.0961
LED,DXB,"157,307",$537.57,"2,592 mi",431,$0.2074
PMI,CRL,"157,258",$80.37,735 mi,431,$0.1093
LYS,PMI,"156,949",$71.76,456 mi,430,$0.1574
NCE,BSL,"156,155",$111.69,280 mi,428,$0.3989
LGW,SYD,"156,041","$1,146.50","10,893 mi",428,$0.1053
BCN,VNO,"155,812",$120.03,"1,361 mi",427,$0.0882
ATH,NAP,"155,739",$116.85,537 mi,427,$0.2176
SOF,DTM,"155,736",$61.44,928 mi,427,$0.0662
LGW,FLR,"155,564",$202.66,755 mi,426,$0.2684
DUB,DXB,"155,494",$628.55,"3,567 mi",426,$0.1762
NAP,VIE,"155,419",$89.85,497 mi,426,$0.1808
DUB,ORY,"155,349",$137.11,481 mi,426,$0.2851
DME,BQS,"155,078",$280.77,"3,377 mi",425,$0.0831
MAD,MRS,"154,897",$129.75,480 mi,424,$0.2703
DME,BAX,"154,878",$119.02,"1,863 mi",424,$0.0639
AMS,RHO,"154,823",$160.59,"1,532 mi",424,$0.1048
DUB,SFO,"154,506",$767.41,"5,238 mi",423,$0.1465
CPH,BSL,"153,824",$119.72,578 mi,421,$0.2071
BRU,IST,"153,806",$171.69,"1,370 mi",421,$0.1253
OSL,KKN,"153,802",$142.91,824 mi,421,$0.1734
STN,RHO,"153,373",$124.44,"1,780 mi",420,$0.0699
ATH,MLA,"153,344",$110.67,558 mi,420,$0.1983
BCN,SAW,"153,090",$156.65,"1,454 mi",419,$0.1077
ORY,MAH,"152,997",$140.55,638 mi,419,$0.2203
VCE,CAG,"152,792",$114.44,478 mi,419,$0.2394
AMS,BUD,"152,775",$157.95,704 mi,419,$0.2244
GOT,GDN,"152,737",$56.65,339 mi,418,$0.1671
VIE,BRI,"152,598",$86.48,468 mi,418,$0.1848
PMI,BOH,"152,532",$94.39,831 mi,418,$0.1136
HEL,FRA,"152,507",$179.15,927 mi,418,$0.1933
CDG,NAP,"152,435",$174.86,777 mi,418,$0.2250
BGY,RAK,"152,239",$123.80,"1,399 mi",417,$0.0885
VIE,VLC,"152,158",$116.55,"1,066 mi",417,$0.1093
LGW,MRS,"152,020",$102.93,608 mi,416,$0.1693
BCN,BOD,"151,869",$151.14,274 mi,416,$0.5516
BHX,RHO,"151,695",$184.68,"1,766 mi",416,$0.1046
AMS,SVQ,"151,675",$251.70,"1,186 mi",416,$0.2122
MAD,CLO,"151,516",$496.90,"5,314 mi",415,$0.0935
LHR,MRS,"151,439",$216.56,633 mi,415,$0.3421
NCL,AYT,"151,400",$164.10,"2,030 mi",415,$0.0808
CDG,KUL,"151,387",$466.92,"6,683 mi",415,$0.0699
NCE,OTP,"151,249",$113.84,965 mi,414,$0.1180
AMS,FNC,"151,201",$113.96,"1,782 mi",414,$0.0640
OSL,BKK,"151,184",$377.68,"5,226 mi",414,$0.0723
BHX,GLA,"151,025",$77.29,268 mi,414,$0.2884
ORY,FEZ,"151,019",$117.07,"1,057 mi",414,$0.1108
MXP,PSR,"150,994",$87.40,340 mi,414,$0.2571
BHX,BUD,"150,917",$72.87,962 mi,413,$0.0757
SOF,FMM,"150,703",$48.34,757 mi,413,$0.0639
PMI,OPO,"150,628",$92.43,629 mi,413,$0.1469
PMI,EIN,"150,582",$99.72,807 mi,413,$0.1236
ORY,PUJ,"150,582",$283.12,"4,258 mi",413,$0.0665
SVO,MQF,"150,547",$175.24,841 mi,412,$0.2084
LHR,MED,"150,452",$198.52,"2,897 mi",412,$0.0685
AMS,STN,"150,326",$106.85,200 mi,412,$0.5343
AGP,KRK,"150,302",$88.91,"1,474 mi",412,$0.0603
LYS,DJE,"150,103",$91.71,898 mi,411,$0.1021
LED,CEK,"150,043",$140.00,"1,151 mi",411,$0.1216
VKO,ALA,"149,862",$197.63,"1,883 mi",411,$0.1050
MAD,SPC,"149,828",$163.71,"1,182 mi",410,$0.1385
BUD,DXB,"149,755",$361.01,"2,416 mi",410,$0.1494
NAP,BER,"149,746",$178.38,818 mi,410,$0.2181
BCN,EIN,"149,639",$110.18,697 mi,410,$0.1581
CDG,RUH,"149,593","$1,019.90","2,803 mi",410,$0.3639
EDI,CRL,"149,284",$88.22,513 mi,409,$0.1720
AMS,BIO,"149,218",$224.50,695 mi,409,$0.3230
BGY,ALC,"149,186",$101.05,710 mi,409,$0.1423
BUD,SAW,"148,984",$72.10,652 mi,408,$0.1106
MAN,MAH,"148,965",$145.45,"1,010 mi",408,$0.1440
LHR,MAN,"148,845",$118.11,146 mi,408,$0.8090
MXP,TUN,"148,838",$78.79,630 mi,408,$0.1251
MAD,NRT,"148,796",$646.67,"6,491 mi",408,$0.0996
ZRH,HER,"148,652",$209.84,"1,233 mi",407,$0.1702
FCO,PMI,"148,588",$88.73,505 mi,407,$0.1757
LGW,MUC,"148,487",$196.64,585 mi,407,$0.3361
CPH,RNN,"148,054",$119.81,94 mi,406,$1.2746
MAN,OSL,"147,979",$119.67,711 mi,405,$0.1683
CDG,JED,"147,970",$417.44,"2,668 mi",405,$0.1565
CDG,SGN,"147,938",$495.90,"6,467 mi",405,$0.0767
LIS,CGN,"147,818",$185.28,"1,116 mi",405,$0.1660
SVO,DEL,"147,807",$236.06,"2,792 mi",405,$0.0845
GVA,ALC,"147,645",$159.33,665 mi,405,$0.2396
LED,DYU,"147,634",$101.34,"2,292 mi",404,$0.0442
CPH,KUN,"147,619",$76.53,438 mi,404,$0.1747
ARN,SFT,"147,600",$103.55,347 mi,404,$0.2984
MAD,NCE,"147,524",$192.11,612 mi,404,$0.3139
EDI,ORK,"147,493",$69.26,363 mi,404,$0.1908
MAN,LCA,"147,418",$151.56,"2,220 mi",404,$0.0683
BRU,CMN,"147,406",$123.32,"1,397 mi",404,$0.0883
CDG,KIX,"147,367",$583.87,"5,802 mi",404,$0.1006
MAN,CGN,"147,228",$74.48,448 mi,403,$0.1663
FCO,MAN,"147,148",$107.95,"1,073 mi",403,$0.1006
LGW,LIN,"147,128",$142.30,568 mi,403,$0.2505
LED,IJK,"147,096",$158.11,836 mi,403,$0.1891
MAN,REU,"146,781",$100.10,884 mi,402,$0.1132
BCN,GDN,"146,724",$87.19,"1,140 mi",402,$0.0765
MAN,KGS,"146,622",$183.75,"1,866 mi",402,$0.0985
STN,NOC,"146,581",$103.82,414 mi,402,$0.2508
ATH,LIS,"146,526",$268.99,"1,730 mi",401,$0.1555
AMS,DEL,"146,419",$331.48,"3,835 mi",401,$0.0864
SVO,ULV,"146,359",$136.54,455 mi,401,$0.3001
MAD,MDE,"146,193",$472.14,"4,840 mi",401,$0.0975
ORY,CAY,"145,994",$439.17,"4,271 mi",400,$0.1028
MXP,GRU,"145,954",$854.16,"5,716 mi",400,$0.1494
LGW,AGA,"145,951",$96.70,"1,470 mi",400,$0.0658
NAP,MUC,"145,925",$105.89,546 mi,400,$0.1939
FCO,NTE,"145,727",$113.32,752 mi,399,$0.1507
DUB,LAX,"145,669",$683.88,"5,013 mi",399,$0.1364
MAD,BRS,"145,636",$114.44,776 mi,399,$0.1475
PRG,TIA,"145,609",$64.83,675 mi,399,$0.0960
OTP,VLC,"145,604",$134.67,"1,360 mi",399,$0.0990
LHR,AMD,"145,354",$264.78,"4,395 mi",398,$0.0602
ARN,STN,"145,290",$127.45,841 mi,398,$0.1515
BUD,SKG,"145,239",$77.13,527 mi,398,$0.1464
SVO,FRU,"145,101",$262.94,"1,800 mi",398,$0.1461
VIE,CTA,"144,990",$81.97,761 mi,397,$0.1077
SVO,KEJ,"144,978",$166.49,"1,917 mi",397,$0.0868
ARN,PRG,"143,984",$111.21,655 mi,394,$0.1698
CDG,HAN,"143,981",$460.02,"5,519 mi",394,$0.0834
MXP,MLA,"143,828",$96.79,761 mi,394,$0.1272
MAN,SSH,"143,721",$116.33,"2,630 mi",394,$0.0442
SVO,UUD,"143,291",$236.46,"2,660 mi",393,$0.0889
FCO,HND,"143,143",$747.63,"5,963 mi",392,$0.1254
BRU,BKK,"143,092",$417.33,"5,928 mi",392,$0.0704
SVO,TOF,"143,029",$154.38,"1,855 mi",392,$0.0832
DUB,EMA,"143,001",$65.52,215 mi,392,$0.3047
DUB,VLC,"142,717",$142.80,"1,030 mi",391,$0.1386
NCE,LUX,"142,680",$148.41,402 mi,391,$0.3692
NAP,OLB,"142,402",$108.67,256 mi,390,$0.4245
ZAG,MLA,"142,342",$73.77,709 mi,390,$0.1040
CPH,SVG,"142,180",$144.72,355 mi,390,$0.4077
MAN,RMU,"141,866",$116.28,"1,044 mi",389,$0.1114
LED,TAS,"141,759",$158.02,"2,028 mi",388,$0.0779
MXP,SCV,"141,690",$91.01,871 mi,388,$0.1045
AMS,MLA,"141,684",$131.83,"1,269 mi",388,$0.1039
MXP,OSL,"141,594",$140.45,"1,041 mi",388,$0.1349
AMS,CGK,"141,526",$593.34,"7,266 mi",388,$0.0817
BUD,FRA,"141,497",$97.32,534 mi,388,$0.1822
HEL,VIE,"141,492",$147.92,934 mi,388,$0.1584
MAD,LAX,"141,324",$821.40,"6,006 mi",387,$0.1368
LHR,TPA,"141,267",$575.24,"4,270 mi",387,$0.1347
AGP,MRS,"141,083",$86.48,672 mi,387,$0.1287
MXP,BER,"141,031",$97.42,498 mi,386,$0.1956
BRU,DXB,"140,969",$624.28,"3,102 mi",386,$0.2013
SVO,PEK,"140,848",$359.13,"3,493 mi",386,$0.1028
CDG,NCL,"140,780",$130.25,440 mi,386,$0.2960
LIS,BLQ,"140,763",$132.74,"1,089 mi",386,$0.1219
BUD,NCE,"140,730",$68.33,618 mi,386,$0.1106
BUD,PRG,"140,714",$93.09,302 mi,386,$0.3082
AMS,SKG,"140,537",$150.06,"1,220 mi",385,$0.1230
AMS,LAX,"140,361",$827.23,"5,732 mi",385,$0.1443
LHR,HAJ,"140,267",$188.10,424 mi,384,$0.4436
FCO,EIN,"140,241",$112.17,719 mi,384,$0.1560
CDG,BOG,"140,229",$574.21,"5,532 mi",384,$0.1038
OSL,ALF,"140,218",$163.00,784 mi,384,$0.2079
NCL,FAO,"140,167",$84.45,"1,318 mi",384,$0.0641
BRU,ZRH,"140,028",$277.01,309 mi,384,$0.8965
CDG,MIR,"139,902",$89.15,"1,035 mi",383,$0.0861
BCN,EWR,"139,770",$680.54,"3,953 mi",383,$0.1722
FCO,YUL,"139,394",$246.89,"4,214 mi",382,$0.0586
CDG,TPE,"139,391",$973.14,"6,262 mi",382,$0.1554
LCY,LUX,"139,344",$298.35,290 mi,382,$1.0288
VIE,DXB,"139,317",$574.04,"2,545 mi",382,$0.2256
MRS,BES,"139,258",$136.14,560 mi,382,$0.2431
LGW,JED,"139,186",$141.42,"3,017 mi",381,$0.0469
MAN,NBE,"139,178",$178.43,"1,302 mi",381,$0.1370
LHR,PEK,"139,130",$912.17,"4,914 mi",381,$0.1856
MAD,ICN,"138,993",$603.79,"6,377 mi",381,$0.0947
NCE,MUC,"138,936",$197.81,379 mi,381,$0.5219
FCO,ATL,"138,718",$685.86,"5,175 mi",380,$0.1325
BRU,HRG,"138,600",$189.57,"2,177 mi",380,$0.0871
MXP,PVG,"138,528",$604.08,"5,852 mi",380,$0.1032
ATH,KTW,"138,520",$57.62,872 mi,380,$0.0661
MAD,MVD,"138,501",$548.99,"5,996 mi",379,$0.0916
PRG,ZRH,"138,415",$188.97,307 mi,379,$0.6155
AMS,BOS,"138,312",$568.53,"3,550 mi",379,$0.1601
LHR,TLS,"138,298",$231.15,564 mi,379,$0.4098
VKO,BHK,"138,180",$58.89,"1,604 mi",379,$0.0367
PMI,OVD,"138,168",$225.23,547 mi,379,$0.4118
VIE,IST,"137,987",$111.91,783 mi,378,$0.1429
DUB,NTE,"137,981",$93.99,465 mi,378,$0.2021
LIS,VLC,"137,914",$91.05,452 mi,378,$0.2014
DUB,NAP,"137,796",$148.63,"1,328 mi",378,$0.1119
MAN,FNC,"137,730",$98.70,"1,645 mi",377,$0.0600
BUD,EDI,"137,669",$116.56,"1,160 mi",377,$0.1005
VKO,MRV,"137,534",$153.12,801 mi,377,$0.1912
MRS,ALC,"137,356",$73.55,480 mi,376,$0.1532
ORY,TLM,"137,297",$138.01,996 mi,376,$0.1386
ATH,SAW,"137,291",$56.33,341 mi,376,$0.1652
OSL,KEF,"137,284",$146.82,"1,074 mi",376,$0.1367
ARN,BKK,"137,254",$423.57,"5,000 mi",376,$0.0847
VIE,MLE,"137,229",$506.53,"4,378 mi",376,$0.1157
ARN,GVA,"137,175",$170.05,"1,015 mi",376,$0.1675
BGY,EDI,"137,134",$103.03,881 mi,376,$0.1169
LED,REN,"137,132",$125.29,"1,147 mi",376,$0.1092
LYS,ORN,"137,016",$133.87,782 mi,375,$0.1712
MAN,IST,"136,964",$192.26,"1,707 mi",375,$0.1126
MAD,DXB,"136,846",$760.16,"3,615 mi",375,$0.2103
DUB,RMO,"136,799",$184.37,"1,555 mi",375,$0.1186
NCE,LTN,"136,719",$161.59,687 mi,375,$0.2352
ATH,YYZ,"136,671",$398.52,"5,203 mi",374,$0.0766
STN,WMI,"136,540",$98.94,889 mi,374,$0.1113
VIE,OPO,"136,470",$143.11,"1,281 mi",374,$0.1117
MAD,BOS,"136,450",$482.12,"3,299 mi",374,$0.1461
MAN,DUS,"136,347",$225.67,419 mi,374,$0.5386
GVA,PRG,"136,184",$143.69,446 mi,373,$0.3222
OTP,MLA,"136,141",$92.38,884 mi,373,$0.1045
PRG,DXB,"136,120",$421.50,"2,691 mi",373,$0.1566
LIS,PMI,"136,034",$210.49,657 mi,373,$0.3204
ORY,WAW,"135,999",$61.35,874 mi,373,$0.0702
LIS,GIG,"135,975",$779.32,"4,937 mi",373,$0.1579
GOT,PMI,"135,826",$114.77,"1,282 mi",372,$0.0895
FCO,OSL,"135,715",$179.49,"1,234 mi",372,$0.1455
CDG,NRT,"135,623",$432.10,"5,852 mi",372,$0.0738
ATH,DUB,"135,605",$200.97,"1,733 mi",372,$0.1160
MRS,FEZ,"135,580",$99.68,881 mi,371,$0.1131
LHR,KTM,"135,498",$371.57,"4,436 mi",371,$0.0838
LHR,LYS,"135,421",$182.85,457 mi,371,$0.4001
OSL,RIX,"135,343",$76.63,530 mi,371,$0.1446
MAN,BVA,"135,328",$66.47,319 mi,371,$0.2084
ARN,BGY,"135,200",$119.64,993 mi,370,$0.1205
FCO,DXB,"134,980",$502.58,"2,618 mi",370,$0.1920
MRS,PMI,"134,974",$75.54,306 mi,370,$0.2469
PRG,HER,"134,970",$123.87,"1,193 mi",370,$0.1038
OTP,PSA,"134,961",$74.11,757 mi,370,$0.0979
BUD,LCA,"134,914",$95.99,"1,108 mi",370,$0.0866
MXP,SVQ,"134,912",$117.46,971 mi,370,$0.1210
MAD,OSL,"134,908",$200.18,"1,544 mi",370,$0.1297
NAP,BBU,"134,823",$71.33,630 mi,369,$0.1132
FCO,IAD,"134,814",$662.15,"4,628 mi",369,$0.1431
AMS,BSL,"134,738",$124.25,337 mi,369,$0.3687
NCE,WAW,"134,664",$117.31,890 mi,369,$0.1318
BUD,BVA,"134,573",$78.74,820 mi,369,$0.0960
AGP,GDN,"134,555",$109.42,"1,589 mi",369,$0.0689
WAW,NYO,"134,159",$34.71,469 mi,368,$0.0740
MAN,JED,"134,117",$236.80,"3,172 mi",367,$0.0747
AGP,NRN,"134,048",$100.07,"1,121 mi",367,$0.0893
HEL,RIX,"133,873",$51.61,244 mi,367,$0.2115
BRU,BUD,"133,778",$178.22,728 mi,367,$0.2448
MXP,ICN,"133,681",$703.22,"5,350 mi",366,$0.1314
MAD,CRL,"133,533",$94.84,766 mi,366,$0.1238
BGY,KTW,"133,513",$62.09,561 mi,366,$0.1107
AMS,FLR,"133,459",$215.74,638 mi,366,$0.3382
AMS,NRT,"133,448",$886.99,"5,964 mi",366,$0.1487
AGP,BSL,"133,392",$153.00,"1,001 mi",365,$0.1528
STN,BRI,"133,309",$111.76,"1,045 mi",365,$0.1069
FCO,SUF,"133,292",$60.33,281 mi,365,$0.2147
NAP,MLA,"133,241",$128.75,357 mi,365,$0.3606
MAD,NTE,"133,152",$143.43,485 mi,365,$0.2957
ZRH,VLC,"133,106",$172.11,733 mi,365,$0.2348
DBV,ZAG,"133,090",$69.25,252 mi,365,$0.2748
ATH,BGY,"132,987",$114.06,932 mi,364,$0.1224
NCE,BIA,"132,982",$111.33,134 mi,364,$0.8308
NAP,NCE,"132,918",$108.07,397 mi,364,$0.2722
AMS,BOM,"132,913",$405.11,"4,134 mi",364,$0.0980
CDG,NTE,"132,801",$135.64,238 mi,364,$0.5699
CDG,DFW,"132,779",$658.61,"4,788 mi",364,$0.1376
CDG,CUN,"132,717",$396.24,"4,954 mi",364,$0.0800
LHR,CLT,"132,586",$876.85,"4,101 mi",363,$0.2138
LHR,ABV,"132,566",$857.00,"3,056 mi",363,$0.2804
DME,FRU,"132,495",$229.18,"1,773 mi",363,$0.1293
LIS,VCE,"132,389",$137.70,"1,226 mi",363,$0.1123
AMS,CPT,"132,367",$605.24,"5,838 mi",363,$0.1037
GVA,DXB,"132,333","$1,042.50","2,965 mi",363,$0.3516
NAP,LTN,"132,168",$98.78,997 mi,362,$0.0991
VIE,BVA,"131,716",$74.17,684 mi,361,$0.1084
PRG,LCA,"131,675",$80.76,"1,391 mi",361,$0.0581
ORY,CAI,"131,494",$227.02,"2,052 mi",360,$0.1106
STN,FMM,"131,469",$71.02,503 mi,360,$0.1412
BGY,CRV,"131,416",$83.61,577 mi,360,$0.1449
BCN,HEL,"131,357",$198.10,"1,682 mi",360,$0.1178
GLA,AYT,"131,236",$160.42,"2,156 mi",360,$0.0744
AMS,LPL,"131,178",$142.52,316 mi,359,$0.4510
AGP,OPO,"131,066",$94.88,399 mi,359,$0.2378
LED,MCX,"131,030",$136.28,"1,426 mi",359,$0.0956
BHX,PFO,"131,006",$204.46,"2,013 mi",359,$0.1016
ATH,PFO,"130,898",$88.91,509 mi,359,$0.1747
WAW,DXB,"130,827",$555.87,"2,505 mi",358,$0.2219
EDI,CIA,"130,765",$135.06,"1,175 mi",358,$0.1149
LIS,TLS,"130,733",$96.00,621 mi,358,$0.1546
AMS,SPU,"130,706",$118.79,782 mi,358,$0.1519
NAP,PRG,"130,671",$104.52,618 mi,358,$0.1691
LHR,GOI,"130,580",$275.21,"4,859 mi",358,$0.0566
WAW,MUC,"130,562",$171.34,497 mi,358,$0.3447
PRG,BRS,"130,391",$111.86,724 mi,357,$0.1545
MXP,ALC,"130,157",$97.70,675 mi,357,$0.1447
OTP,BER,"130,100",$118.22,811 mi,356,$0.1458
WAW,TRF,"130,060",$25.47,657 mi,356,$0.0388
SVO,IJK,"130,027",$147.24,597 mi,356,$0.2466
FCO,BRS,"129,990",$177.25,938 mi,356,$0.1890
VKO,PKV,"129,975",$123.73,358 mi,356,$0.3456
BCN,ORD,"129,919",$567.97,"4,276 mi",356,$0.1328
DUB,GVA,"129,919",$193.52,762 mi,356,$0.2540
MAN,HKG,"129,840",$708.62,"5,798 mi",356,$0.1222
BGY,CAI,"129,832",$98.75,"1,637 mi",356,$0.0603
DME,ASB,"129,826",$342.93,"1,579 mi",356,$0.2172
CDG,PTP,"129,668",$495.50,"4,332 mi",355,$0.1144
BHX,IBZ,"129,644",$131.98,978 mi,355,$0.1349
SOF,FRA,"129,599",$147.14,894 mi,355,$0.1646
BHX,GVA,"129,568",$154.25,573 mi,355,$0.2692
DME,GYD,"129,507",$180.11,"1,136 mi",355,$0.1585
ORY,OLB,"129,059",$93.33,662 mi,354,$0.1410
BOD,LIS,"129,007",$113.97,620 mi,353,$0.1838
DUB,SVQ,"128,965",$135.84,"1,139 mi",353,$0.1193
LYS,YUL,"128,857",$215.55,"3,753 mi",353,$0.0574
LHR,TPE,"128,802",$977.36,"6,261 mi",353,$0.1561
AMS,KRK,"128,704",$198.34,647 mi,353,$0.3066
CDG,DZA,"128,603",$505.71,"5,152 mi",352,$0.0982
LHR,DAC,"128,602",$510.13,"4,831 mi",352,$0.1056
CDG,FDF,"128,443",$488.36,"4,140 mi",352,$0.1180
FCO,JED,"128,306",$106.57,"2,152 mi",352,$0.0495
PMI,ZAZ,"128,291",$133.55,239 mi,351,$0.5588
VKO,HRG,"128,132",$101.36,"1,912 mi",351,$0.0530
LGW,SNN,"128,074",$93.54,399 mi,351,$0.2344
WAW,KUT,"128,063",$82.13,"1,252 mi",351,$0.0656
GVA,ORY,"127,821",$90.49,238 mi,350,$0.3802
BCN,YYZ,"127,767",$390.44,"3,868 mi",350,$0.1009
MXP,LCA,"127,614",$118.21,"1,455 mi",350,$0.0812
SOF,BER,"127,601",$95.84,835 mi,350,$0.1148
WAW,DUS,"127,390",$184.39,592 mi,349,$0.3115
ARN,DUB,"127,373",$185.97,"1,040 mi",349,$0.1788
CDG,AYT,"127,117",$143.55,"1,690 mi",348,$0.0849
STN,PMO,"127,009",$118.07,"1,098 mi",348,$0.1075
LGW,RIX,"126,908",$135.94,"1,083 mi",348,$0.1255
DUB,OPO,"126,825",$151.42,824 mi,347,$0.1838
MAD,BSL,"126,799",$191.50,758 mi,347,$0.2526
LYS,MIR,"126,705",$92.45,727 mi,347,$0.1272
BGY,PMI,"126,584",$69.72,534 mi,347,$0.1306
NCE,RAK,"126,416",$138.20,"1,140 mi",346,$0.1212
FCO,KTW,"126,355",$48.77,702 mi,346,$0.0695
VIE,BEG,"126,278",$128.06,279 mi,346,$0.4590
VCE,SUF,"126,233",$74.73,482 mi,346,$0.1550
FCO,CGN,"126,182",$171.93,691 mi,346,$0.2488
LHR,OTP,"126,138",$245.04,"1,269 mi",346,$0.1931
CDG,GIG,"126,045",$666.49,"5,877 mi",345,$0.1134
CDG,BFS,"126,029",$119.45,556 mi,345,$0.2148
ORY,TFS,"125,835",$165.71,"1,697 mi",345,$0.0976
ARN,KRN,"125,730",$130.27,552 mi,344,$0.2360
LGW,MPL,"125,633",$109.90,574 mi,344,$0.1915
MRS,SAW,"125,541",$85.12,"1,279 mi",344,$0.0666
AMS,FUE,"125,445",$202.78,"1,962 mi",344,$0.1034
LIS,HAM,"125,411",$181.77,"1,325 mi",344,$0.1372
OSL,VIE,"125,303",$142.60,837 mi,343,$0.1704
PRG,TSF,"125,228",$72.83,312 mi,343,$0.2334
BOD,LIL,"125,184",$82.13,421 mi,343,$0.1951
MAD,CMN,"125,173",$95.07,556 mi,343,$0.1710
FCO,MEX,"125,083",$498.26,"6,542 mi",343,$0.0762
BOD,FCO,"124,961",$103.06,663 mi,342,$0.1554
BHX,LCA,"124,882",$195.92,"2,049 mi",342,$0.0956
GVA,VIE,"124,755",$307.27,523 mi,342,$0.5875
MAN,LHE,"124,702",$331.97,"3,856 mi",342,$0.0861
BCN,CTA,"124,463",$202.92,763 mi,341,$0.2660
SVO,CXR,"124,082",$278.82,"4,686 mi",340,$0.0595
FCO,TRN,"124,053",$119.54,319 mi,340,$0.3747
LCY,BHD,"124,034",$155.47,337 mi,340,$0.4613
ARN,HAM,"123,915",$115.66,498 mi,339,$0.2322
MXP,REG,"123,832",$117.78,613 mi,339,$0.1921
LYS,QSF,"123,674",$110.73,680 mi,339,$0.1628
VKO,TBS,"123,664",$112.56,992 mi,339,$0.1135
LGW,ZTH,"123,545",$242.99,"1,424 mi",338,$0.1706
AMS,MNL,"123,432",$522.01,"6,664 mi",338,$0.0783
WAW,FNC,"123,421",$43.27,"2,377 mi",338,$0.0182
OSL,PMI,"123,388",$155.55,"1,515 mi",338,$0.1027
CDG,MNL,"123,376",$570.60,"6,869 mi",338,$0.0831
STN,SZZ,"123,343",$67.71,643 mi,338,$0.1053
CPH,RIX,"123,305",$67.09,456 mi,338,$0.1471
DME,DWC,"123,125",$645.18,"2,214 mi",337,$0.2914
MXP,WNZ,"123,115",$267.36,"5,640 mi",337,$0.0474
DUB,PSA,"123,044",$123.32,"1,042 mi",337,$0.1183
ZAG,CRL,"123,023",$74.55,607 mi,337,$0.1228
MAD,CTA,"122,841",$176.10,989 mi,337,$0.1781
ZRH,ICN,"122,819",$728.65,"5,595 mi",336,$0.1302
ARN,LIS,"122,604",$189.72,"1,919 mi",336,$0.0989
LGW,GIB,"122,592",$153.84,"1,035 mi",336,$0.1486
CDG,CTA,"122,580",$133.23,984 mi,336,$0.1354
HEL,STN,"122,576",$140.00,"1,140 mi",336,$0.1228
BRU,TUN,"122,553",$96.59,"1,041 mi",336,$0.0928
AGP,WRO,"122,446",$88.45,"1,406 mi",335,$0.0629
LGW,ORK,"122,398",$113.97,371 mi,335,$0.3072
BHX,FRA,"122,397",$192.04,462 mi,335,$0.4157
STN,BTS,"122,362",$105.12,818 mi,335,$0.1285
CDG,PEK,"122,327",$767.87,"4,935 mi",335,$0.1556
NCE,MIR,"122,282",$64.23,595 mi,335,$0.1079
ARN,MAD,"122,258",$236.28,"1,567 mi",335,$0.1508
MAD,KRK,"122,173",$154.98,"1,267 mi",335,$0.1223
NCL,DLM,"122,136",$175.39,"1,967 mi",335,$0.0892
BGY,VNO,"122,115",$91.73,951 mi,335,$0.0965
CPH,CHQ,"121,912",$131.57,"1,446 mi",334,$0.0910
DUB,RIX,"121,816",$111.81,"1,171 mi",334,$0.0955
LHR,HAN,"121,700",$489.62,"5,568 mi",333,$0.0879
AMS,CAI,"121,646",$194.24,"1,982 mi",333,$0.0980
GOT,LHR,"121,622",$197.51,684 mi,333,$0.2888
BCN,XRY,"121,618",$296.54,522 mi,333,$0.5681
BUD,TIA,"121,572",$49.58,404 mi,333,$0.1227
STN,VNO,"121,545",$113.97,"1,078 mi",333,$0.1057
VIE,ESB,"121,539",$80.23,951 mi,333,$0.0844
BGY,AHO,"121,405",$75.81,366 mi,333,$0.2071
DUB,WMI,"121,357",$122.13,"1,149 mi",332,$0.1063
LHR,PMI,"121,353",$281.90,813 mi,332,$0.3467
VIE,PRN,"121,307",$19.30,426 mi,332,$0.0453
BOD,PMI,"121,116",$77.29,417 mi,332,$0.1853
MXP,MNL,"121,027",$445.46,"6,330 mi",332,$0.0704
OTP,FMM,"121,019",$76.18,768 mi,332,$0.0992
STN,RZE,"120,945",$102.90,922 mi,331,$0.1116
ARN,VBY,"120,927",$112.25,134 mi,331,$0.8377
CDG,BEG,"120,728",$143.54,911 mi,331,$0.1576
LGW,SZG,"120,720",$170.80,654 mi,331,$0.2612
SVO,DLM,"120,716",$151.93,"1,432 mi",331,$0.1061
AMS,ADB,"120,660",$199.93,"1,403 mi",331,$0.1425
BRU,LPA,"120,653",$184.99,"1,838 mi",331,$0.1006
OSL,PRG,"120,617",$113.58,729 mi,330,$0.1558
MXP,SIN,"120,610","$1,009.78","6,213 mi",330,$0.1625
FCO,SPU,"120,488",$138.73,232 mi,330,$0.5980
ARN,DUS,"120,412",$172.28,744 mi,330,$0.2316
MXP,RMF,"120,350",$204.35,"2,052 mi",330,$0.0996
GLA,ACE,"120,312",$135.01,"1,971 mi",330,$0.0685
CPH,BRS,"120,295",$98.13,715 mi,330,$0.1372
ORY,CLY,"120,226",$117.97,544 mi,329,$0.2169
MXP,MLE,"120,171",$506.58,"4,662 mi",329,$0.1087
MAN,NCE,"120,044",$163.92,820 mi,329,$0.1999
HEL,BKK,"120,038",$679.75,"5,060 mi",329,$0.1343
LGW,TRN,"120,025",$112.22,530 mi,329,$0.2117
BCN,CAI,"119,979",$246.67,"1,860 mi",329,$0.1326
ATH,ORD,"119,958",$578.59,"5,612 mi",329,$0.1031
AGP,HAM,"119,770",$186.78,"1,321 mi",328,$0.1414
EDI,LIS,"119,544",$199.06,"1,252 mi",328,$0.1590
BRU,BIO,"119,536",$199.97,610 mi,327,$0.3278
EDI,MUC,"119,386",$195.75,852 mi,327,$0.2298
BUD,ICN,"119,327",$556.60,"4,904 mi",327,$0.1135
AMS,ATL,"119,300",$788.23,"4,258 mi",327,$0.1851
SVO,NJC,"119,295",$145.81,"1,473 mi",327,$0.0990
SVO,BQS,"119,180",$268.41,"3,579 mi",327,$0.0750
BHX,MLA,"119,164",$113.09,"1,436 mi",326,$0.0788
DME,MSQ,"119,072",$165.83,396 mi,326,$0.4188
AMS,HKG,"119,014","$1,030.91","5,936 mi",326,$0.1737
OSL,STN,"118,968",$104.12,688 mi,326,$0.1513
BCN,CLJ,"118,945",$126.68,"1,100 mi",326,$0.1152
GVA,TLS,"118,878",$130.93,302 mi,326,$0.4335
VIE,RIX,"118,874",$104.47,663 mi,326,$0.1576
FCO,TPS,"118,842",$87.86,261 mi,326,$0.3366
MAD,IAD,"118,787",$494.40,"3,920 mi",325,$0.1261
SVO,NOZ,"118,747",$181.25,"1,871 mi",325,$0.0969
CDG,YYC,"118,704",$312.32,"4,711 mi",325,$0.0663
LGW,BKK,"118,684",$517.17,"6,124 mi",325,$0.0844
FCO,BSL,"118,621",$122.80,477 mi,325,$0.2574
MAD,GDL,"118,581",$475.74,"5,967 mi",325,$0.0797
WAW,JFK,"118,514",$472.79,"4,383 mi",325,$0.1079
BHX,RAK,"118,478",$125.67,"1,519 mi",325,$0.0827
LIS,SVQ,"118,477",$75.85,206 mi,325,$0.3682
BCN,MEX,"118,422",$777.41,"5,714 mi",324,$0.1361
CDG,VLC,"118,184",$150.13,654 mi,324,$0.2296
WAW,KEF,"118,180",$76.62,"1,794 mi",324,$0.0427
BRU,JFK,"118,109",$463.17,"3,767 mi",324,$0.1230
AMS,EWR,"118,050",$562.98,"3,755 mi",323,$0.1499
ARN,VNO,"117,853",$76.05,456 mi,323,$0.1668
NCE,TLS,"117,775",$147.67,301 mi,323,$0.4906
ORY,MIA,"117,765",$254.22,"4,440 mi",323,$0.0573
EDI,FRA,"117,737",$157.68,623 mi,323,$0.2531
STN,VRN,"117,732",$98.34,680 mi,323,$0.1446
BCN,BRI,"117,677",$194.48,739 mi,322,$0.2632
BRU,PMI,"117,670",$131.35,765 mi,322,$0.1717
BCN,SDR,"117,665",$234.48,325 mi,322,$0.7215
NCE,FRA,"117,654",$191.25,432 mi,322,$0.4427
DME,AYT,"117,644",$150.24,"1,282 mi",322,$0.1172
EDI,LPA,"117,536",$133.52,"2,086 mi",322,$0.0640
AGP,ACE,"117,473",$107.96,774 mi,322,$0.1395
OTP,STR,"117,228",$130.12,823 mi,321,$0.1581
NTE,AJA,"117,205",$119.41,645 mi,321,$0.1851
VCE,FRA,"117,174",$155.07,370 mi,321,$0.4191
BCN,BOG,"117,109",$629.75,"5,131 mi",321,$0.1227
MAN,BKK,"117,060",$442.34,"5,804 mi",321,$0.0762
BCN,PVG,"117,048",$475.06,"5,945 mi",321,$0.0799
OSL,WAW,"117,042",$123.14,650 mi,321,$0.1894
FCO,BIO,"116,876",$117.60,754 mi,320,$0.1560
NCE,DUS,"116,821",$196.85,511 mi,320,$0.3852
OTP,MUC,"116,809",$158.20,750 mi,320,$0.2109
NAP,IBZ,"116,695",$155.77,719 mi,320,$0.2166
DBV,DUB,"116,649",$143.47,"1,310 mi",320,$0.1095
MXP,HER,"116,562",$114.09,"1,149 mi",319,$0.0993
VKO,OVB,"116,497",$439.16,"1,701 mi",319,$0.2582
MAN,IOM,"116,465",$66.81,105 mi,319,$0.6363
CDG,TNR,"116,454",$568.33,"5,599 mi",319,$0.1015
VIE,RHO,"116,438",$101.85,"1,028 mi",319,$0.0991
BUD,OSL,"116,278",$131.04,968 mi,319,$0.1354
EDI,DLM,"116,267",$196.82,"2,058 mi",319,$0.0956
VCE,WAW,"116,211",$107.43,622 mi,318,$0.1727
GVA,FAO,"116,205",$207.21,993 mi,318,$0.2087
ARN,LCA,"116,196",$165.63,"1,797 mi",318,$0.0922
MXP,EVN,"116,086",$101.72,"1,884 mi",318,$0.0540
ORY,VCP,"116,058",$279.67,"5,995 mi",318,$0.0467
BCN,SCL,"116,031",$615.01,"6,720 mi",318,$0.0915
BCN,LPL,"116,003",$99.35,889 mi,318,$0.1118
SVO,CEE,"115,844",$118.02,222 mi,317,$0.5316
LHR,MBJ,"115,804",$464.14,"4,549 mi",317,$0.1020
BHX,BER,"115,762",$108.73,661 mi,317,$0.1645
NAP,CAG,"115,680",$104.21,290 mi,317,$0.3593
MXP,JMK,"115,628",$162.50,"1,057 mi",317,$0.1537
MAD,MTY,"115,384",$506.78,"5,565 mi",316,$0.0911
BRU,OTP,"115,288",$187.42,"1,123 mi",316,$0.1669
HEL,TFS,"115,279",$254.56,"2,858 mi",316,$0.0891
ARN,BGO,"115,181",$141.05,428 mi,316,$0.3296
STN,PSR,"115,177",$112.64,950 mi,316,$0.1186
GVA,NAP,"115,064",$135.26,568 mi,315,$0.2381
BOD,SXB,"114,804",$93.49,485 mi,315,$0.1928
LHR,NAP,"114,750",$236.01,"1,043 mi",314,$0.2263
ATH,CRL,"114,715",$120.55,"1,328 mi",314,$0.0908
OTP,HAM,"114,637",$83.08,986 mi,314,$0.0843
MAN,HAM,"114,554",$135.44,489 mi,314,$0.2770
VKO,SKD,"114,500",$116.00,"1,691 mi",314,$0.0686
BGY,OLB,"114,489",$84.28,320 mi,314,$0.2634
EDI,DXB,"114,475",$489.45,"3,698 mi",314,$0.1324
VKO,UFA,"114,404",$99.81,760 mi,313,$0.1313
CDG,DUS,"114,376",$281.76,237 mi,313,$1.1889
BGY,POZ,"114,124",$74.27,550 mi,313,$0.1350
ZRH,ALC,"113,985",$153.46,760 mi,312,$0.2019
MAD,BVA,"113,876",$67.41,698 mi,312,$0.0966
MAD,EWR,"113,858",$584.42,"3,489 mi",312,$0.1675
VIE,VNO,"113,674",$116.76,604 mi,311,$0.1933
OTP,BLL,"113,590",$78.10,"1,039 mi",311,$0.0752
VIE,TPE,"113,582",$870.05,"5,739 mi",311,$0.1516
MAN,TRF,"113,572",$71.48,607 mi,311,$0.1178
AMS,BLL,"113,562",$199.71,305 mi,311,$0.6548
VCE,JFK,"113,476",$622.87,"4,267 mi",311,$0.1460
AGP,LIS,"113,441",$94.78,301 mi,311,$0.3149
DUB,KIR,"113,412",$41.98,166 mi,311,$0.2529
EDI,OSL,"113,404",$142.88,585 mi,311,$0.2442
CDG,CAY,"113,362",$817.40,"4,285 mi",311,$0.1908
LED,SKD,"113,350",$120.62,"2,165 mi",311,$0.0557
PMI,TLS,"113,254",$70.72,282 mi,310,$0.2508
ARN,ATH,"113,241",$192.33,"1,478 mi",310,$0.1301
CDG,MLA,"113,204",$111.34,"1,058 mi",310,$0.1052
LCY,RTM,"113,096",$139.67,196 mi,310,$0.7126
LGW,BJV,"113,092",$279.89,"1,615 mi",310,$0.1733
PRG,RHO,"113,077",$96.89,"1,205 mi",310,$0.0804
MAD,TLS,"112,984",$176.33,323 mi,310,$0.5459
VIE,KRK,"112,963",$120.85,205 mi,309,$0.5895
PRG,DUS,"112,961",$167.46,328 mi,309,$0.5105
MXP,NRT,"112,916",$453.97,"6,239 mi",309,$0.0728
STN,KUN,"112,682",$90.97,969 mi,309,$0.0939
AMS,SIN,"112,681","$1,122.22","6,728 mi",309,$0.1668
BCN,RTM,"112,603",$80.27,767 mi,309,$0.1047
LHR,RDU,"112,535",$835.24,"3,746 mi",308,$0.2230
LGW,RMU,"112,323",$175.58,951 mi,308,$0.1846
LHR,BNA,"112,283",$811.86,"4,296 mi",308,$0.1890
DME,KZN,"112,259",$94.58,458 mi,308,$0.2065
SVO,IKA,"112,092",$629.64,"1,608 mi",307,$0.3916
LGW,TPA,"112,054",$520.59,"4,551 mi",307,$0.1144
VKO,BJV,"112,052",$261.87,"1,304 mi",307,$0.2008
NAP,BSL,"111,998",$118.81,555 mi,307,$0.2141
BCN,GRU,"111,816",$767.61,"5,609 mi",306,$0.1369
NCE,JFK,"111,763","$1,252.78","4,100 mi",306,$0.3056
GLA,DLM,"111,743",$165.94,"2,093 mi",306,$0.0793
OTP,LBA,"111,742",$83.56,"1,437 mi",306,$0.0581
BRU,VCE,"111,660",$137.90,535 mi,306,$0.2578
FCO,TUN,"111,623",$86.25,369 mi,306,$0.2337
BCN,HND,"111,604",$877.40,"6,684 mi",306,$0.1313
SVO,NUX,"111,526",$136.65,"1,494 mi",306,$0.0915
BHX,CFU,"111,499",$147.43,"1,316 mi",305,$0.1120
LHR,BEY,"111,446",$429.05,"2,228 mi",305,$0.1926
PMI,SCN,"111,410",$161.81,680 mi,305,$0.2380
GVA,OSL,"111,374",$140.12,"1,015 mi",305,$0.1380
ZRH,SKP,"111,371",$110.16,723 mi,305,$0.1524
DBV,MAN,"111,281",$136.52,"1,237 mi",305,$0.1104
HEL,OUL,"111,125",$100.94,309 mi,304,$0.3267
GVA,VLC,"111,083",$134.94,556 mi,304,$0.2427
DUB,COK,"111,019",$385.08,"5,194 mi",304,$0.0741
MAD,SJU,"110,970",$539.19,"3,845 mi",304,$0.1402
ORY,FNC,"110,943",$115.65,"1,531 mi",304,$0.0755
WAW,CTA,"110,869",$63.79,"1,023 mi",304,$0.0624
AGP,BOH,"110,844",$94.88,954 mi,304,$0.0995
LGW,JTR,"110,833",$263.42,"1,671 mi",304,$0.1576
LYS,CMN,"110,766",$125.09,"1,053 mi",303,$0.1188
AMS,GOT,"110,630",$207.99,460 mi,303,$0.4522
DME,SKD,"110,618",$106.99,"1,664 mi",303,$0.0643
LHR,FAO,"110,583",$261.14,"1,033 mi",303,$0.2528
STN,RMU,"110,575",$84.18,"1,004 mi",303,$0.0838
VIE,LIN,"110,560",$90.43,403 mi,303,$0.2244
OTP,ALC,"110,510",$116.85,"1,397 mi",303,$0.0836
LHR,MCT,"110,417",$588.65,"3,734 mi",303,$0.1576
NAP,GOA,"110,411",$102.52,358 mi,302,$0.2864
GVA,BDS,"110,397",$132.30,686 mi,302,$0.1929
MAD,PVG,"110,367",$486.36,"6,571 mi",302,$0.0740
NCL,LPA,"110,359",$152.96,"1,934 mi",302,$0.0791
AMS,BGO,"110,320",$171.81,535 mi,302,$0.3211
FCO,TLS,"110,201",$118.54,549 mi,302,$0.2159
CPH,DXB,"110,181",$487.47,"3,084 mi",302,$0.1581
LGW,EFL,"110,115",$279.31,"1,310 mi",302,$0.2132
BOD,OPO,"110,023",$93.77,458 mi,301,$0.2047
ATH,SIN,"109,969",$573.80,"5,450 mi",301,$0.1053
VIE,MUC,"109,899",$124.06,228 mi,301,$0.5441
FCO,CAI,"109,840",$127.17,"1,296 mi",301,$0.0981
ATH,NCE,"109,810",$216.08,929 mi,301,$0.2326
DME,TLV,"109,703",$592.74,"1,575 mi",301,$0.3763
MXP,FUE,"109,665",$151.12,"1,658 mi",300,$0.0911
ATH,ATL,"109,632",$928.04,"5,859 mi",300,$0.1584
BOD,BSL,"109,629",$100.76,425 mi,300,$0.2371
NAP,ZRH,"109,601",$122.51,552 mi,300,$0.2219
SVO,PEZ,"109,512",$106.49,352 mi,300,$0.3025
CDG,SEA,"109,238",$760.72,"5,151 mi",299,$0.1477
STN,LCJ,"109,173",$89.75,792 mi,299,$0.1133
MRS,CZL,"109,116",$100.29,515 mi,299,$0.1947
CPH,VCE,"108,907",$133.32,720 mi,298,$0.1852
BCN,HAJ,"108,894",$228.56,876 mi,298,$0.2609
ATH,LYS,"108,853",$145.90,"1,139 mi",298,$0.1281
STN,SCQ,"108,808",$110.02,718 mi,298,$0.1532
CPH,OPO,"108,742",$150.68,"1,342 mi",298,$0.1123
DUB,FUE,"108,688",$139.77,"1,821 mi",298,$0.0768
CDG,MCO,"108,595",$630.78,"4,363 mi",298,$0.1446
MAD,ORD,"108,583",$650.32,"4,064 mi",297,$0.1600
FCO,LCA,"108,559",$123.44,"1,212 mi",297,$0.1018
SVO,BEG,"108,537",$600.40,"1,104 mi",297,$0.5438
ORY,FUE,"108,418",$215.62,"1,694 mi",297,$0.1273
MAD,ASU,"108,401",$512.48,"5,539 mi",297,$0.0925
PRG,CRL,"108,398",$66.16,420 mi,297,$0.1575
CDG,EZE,"108,335",$839.61,"7,104 mi",297,$0.1182
MXP,BIO,"108,315",$211.31,577 mi,297,$0.3662
EDI,JFK,"108,229",$561.99,"3,150 mi",297,$0.1784
BCN,YUL,"108,092",$245.16,"3,563 mi",296,$0.0688
PRG,FNC,"107,948",$152.33,"1,925 mi",296,$0.0791
VKO,KUF,"107,924",$81.94,519 mi,296,$0.1579
LGW,ANU,"107,912",$736.62,"4,201 mi",296,$0.1753
VIE,HAJ,"107,808",$267.48,440 mi,295,$0.6079
ORY,VIE,"107,765",$99.65,672 mi,295,$0.1483
LHR,BAH,"107,576",$768.75,"3,070 mi",295,$0.2504
ZRH,MLA,"107,512",$111.39,832 mi,295,$0.1339
GOT,FRA,"107,501",$148.14,532 mi,295,$0.2785
BUD,TGM,"107,351",$45.64,244 mi,294,$0.1870
VKO,MCX,"107,341",$253.54,"1,027 mi",294,$0.2469
AMS,JNB,"106,995",$551.20,"5,771 mi",293,$0.0955
PMI,ORK,"106,992",$106.64,975 mi,293,$0.1094
SNN,JFK,"106,969",$493.64,"2,981 mi",293,$0.1656
SOF,CTA,"106,879",$79.11,587 mi,293,$0.1348
ARN,AYT,"106,857",$145.69,"1,623 mi",293,$0.0898
DUB,LYS,"106,832",$126.64,712 mi,293,$0.1779
BUD,HRG,"106,824",$87.76,"1,654 mi",293,$0.0531
VIE,ICN,"106,794",$682.52,"5,279 mi",293,$0.1293
AMS,ACE,"106,680",$212.71,"1,812 mi",292,$0.1174
BRU,MLA,"106,566",$104.75,"1,117 mi",292,$0.0938
MXP,HND,"106,514",$900.24,"6,234 mi",292,$0.1444
SVO,SCW,"106,259",$150.49,637 mi,291,$0.2362
VCE,RMO,"106,217",$89.55,773 mi,291,$0.1158
VIE,CRL,"106,158",$63.11,552 mi,291,$0.1143
CPH,PSA,"106,158",$108.31,806 mi,291,$0.1344
BUD,DUS,"106,102",$185.04,602 mi,291,$0.3074
HEL,CHQ,"106,101",$158.51,"1,662 mi",291,$0.0954
HEL,SAW,"106,082",$108.35,"1,395 mi",291,$0.0777
LED,HKT,"106,079",$199.03,"5,127 mi",291,$0.0388
BUD,ZRH,"106,031",$164.17,515 mi,290,$0.3188
BUD,SOF,"106,016",$74.64,373 mi,290,$0.2001
LHR,NRT,"105,998",$760.36,"5,780 mi",290,$0.1316
VKO,KJA,"105,932",$183.15,"2,145 mi",290,$0.0854
MAN,HKT,"105,908",$387.62,"6,013 mi",290,$0.0645
MAN,BOM,"105,883",$287.59,"4,422 mi",290,$0.0650
ORY,BIO,"105,750",$201.27,438 mi,290,$0.4595
BCN,EAS,"105,736",$291.61,250 mi,290,$1.1664
NCE,AJA,"105,673",$60.35,141 mi,290,$0.4280
NTE,AGA,"105,663",$99.73,"1,198 mi",289,$0.0832
LGW,MIA,"105,643",$452.36,"4,565 mi",289,$0.0991
FCO,HEL,"105,555",$230.62,"1,430 mi",289,$0.1613
FCO,WNZ,"105,427",$301.17,"5,641 mi",289,$0.0534
MAD,PMO,"105,388",$103.30,930 mi,289,$0.1111
LYS,BIA,"105,354",$82.80,318 mi,289,$0.2604
LGW,BRI,"105,349",$227.41,"1,030 mi",289,$0.2208
BHX,ISB,"105,346",$346.42,"3,687 mi",289,$0.0940
SVO,SGN,"105,305",$174.15,"4,657 mi",289,$0.0374
BUD,PMI,"105,247",$109.69,958 mi,288,$0.1145
BUD,GVA,"105,130",$153.79,607 mi,288,$0.2534
LHR,GIB,"105,058",$338.43,"1,053 mi",288,$0.3214
PRG,IST,"105,021",$122.14,897 mi,288,$0.1362
ARN,OSD,"104,984",$138.26,261 mi,288,$0.5297
CPH,SOF,"104,969",$107.79,984 mi,288,$0.1095
LCY,FLR,"104,700",$271.23,719 mi,287,$0.3772
NAP,FRA,"104,697",$134.75,669 mi,287,$0.2014
PRG,WAW,"104,683",$231.95,334 mi,287,$0.6945
ORY,BVE,"104,640",$83.33,242 mi,287,$0.3443
NCL,IBZ,"104,574",$185.04,"1,092 mi",287,$0.1695
GVA,FRA,"104,402",$174.64,295 mi,286,$0.5920
ATH,SOF,"104,259",$111.60,340 mi,286,$0.3282
STN,RMO,"104,257",$95.21,"1,365 mi",286,$0.0698
BHX,FCO,"104,076",$76.54,954 mi,285,$0.0802
ZRH,MLE,"104,075",$541.46,"4,704 mi",285,$0.1151
GVA,TUN,"104,063",$86.31,702 mi,285,$0.1229
NCE,OPO,"104,050",$158.07,851 mi,285,$0.1857
STN,PLQ,"103,929",$94.18,863 mi,285,$0.1091
MAD,LEI,"103,818",$169.52,252 mi,284,$0.6727
FCO,BKK,"103,740",$371.31,"5,681 mi",284,$0.0654
STN,AGA,"103,676",$86.12,"1,522 mi",284,$0.0566
ZRH,NRT,"103,583","$1,096.99","5,783 mi",284,$0.1897
VKO,DLM,"103,511",$168.29,"1,404 mi",284,$0.1199
AMS,ORD,"103,390",$726.55,"3,985 mi",283,$0.1823
CPH,TRD,"103,355",$150.87,561 mi,283,$0.2689
GVA,MUC,"103,329",$214.00,312 mi,283,$0.6859
STN,SKG,"103,286",$143.44,"1,292 mi",283,$0.1110
CDG,ADB,"103,264",$199.00,"1,383 mi",283,$0.1439
LHR,MSP,"103,251",$856.00,"4,123 mi",283,$0.2076
NTE,PRG,"103,185",$89.45,728 mi,283,$0.1229
FCO,MNL,"103,182",$453.34,"6,671 mi",283,$0.0680
CDG,SYD,"103,060","$1,263.04","10,212 mi",282,$0.1237
AGP,OVD,"102,982",$145.35,497 mi,282,$0.2925
SVO,TFU,"102,928",$257.23,"3,746 mi",282,$0.0687
NCE,ZRH,"102,853",$195.61,262 mi,282,$0.7466
GOT,MUC,"102,720",$169.60,662 mi,281,$0.2562
ZRH,HKG,"102,718","$1,493.50","5,593 mi",281,$0.2670
STN,GOA,"102,679",$109.00,670 mi,281,$0.1627
LGW,MEL,"102,637","$1,176.21","10,816 mi",281,$0.1087
NAP,CRL,"102,523",$98.48,837 mi,281,$0.1177
MAN,ZTH,"102,442",$113.18,"1,588 mi",281,$0.0713
BHX,HER,"102,416",$140.37,"1,716 mi",281,$0.0818
CDG,LPA,"102,209",$277.47,"1,688 mi",280,$0.1644
DME,KUF,"102,206",$90.32,493 mi,280,$0.1832
WAW,VLC,"102,171",$63.17,"1,385 mi",280,$0.0456
FCO,GDN,"102,152",$56.05,887 mi,280,$0.0632
AMS,BRI,"102,118",$131.66,927 mi,280,$0.1420
WAW,RMO,"102,110",$34.27,493 mi,280,$0.0695
ATH,HAM,"101,945",$231.63,"1,233 mi",279,$0.1879
EDI,FUE,"101,901",$163.37,"2,028 mi",279,$0.0806
BGY,BEG,"101,762",$23.67,535 mi,279,$0.0442
BGY,MLA,"101,726",$75.44,700 mi,279,$0.1078
FCO,TRS,"101,651",$117.96,276 mi,278,$0.4274
CPH,LCA,"101,593",$170.22,"1,692 mi",278,$0.1006
NAP,SOF,"101,570",$59.50,471 mi,278,$0.1263
BUD,DTM,"101,491",$73.21,575 mi,278,$0.1273
SVO,HMA,"101,450",$136.51,"1,217 mi",278,$0.1122
BCN,FEZ,"101,393",$69.22,620 mi,278,$0.1116
BUD,OTP,"101,281",$68.77,394 mi,277,$0.1745
GVA,IST,"101,235",$248.80,"1,211 mi",277,$0.2055
LHR,AMM,"101,229",$358.93,"2,358 mi",277,$0.1522
BCN,SIN,"101,172",$908.37,"6,975 mi",277,$0.1302
SOF,HHN,"101,091",$53.28,943 mi,277,$0.0565
DME,YKS,"101,081",$296.64,"3,134 mi",277,$0.0947
LIS,IAD,"101,028",$602.93,"3,476 mi",277,$0.1735
DME,VOG,"101,027",$119.93,549 mi,277,$0.2185
CDG,MAA,"100,947",$329.82,"5,134 mi",277,$0.0642
ORY,SFO,"100,879",$309.87,"5,412 mi",276,$0.0573
PRG,RIX,"100,872",$90.17,634 mi,276,$0.1422
LGW,ISB,"100,832",$425.43,"3,641 mi",276,$0.1168
CDG,LCA,"100,825",$192.42,"1,796 mi",276,$0.1071
CDG,IAH,"100,749",$983.18,"5,165 mi",276,$0.1904
SVO,BAX,"100,724",$110.47,"1,762 mi",276,$0.0627
WAW,BSL,"100,696",$38.02,655 mi,276,$0.0580
FCO,SCV,"100,628",$95.70,825 mi,276,$0.1160
BRU,IBZ,"100,609",$121.83,870 mi,276,$0.1400
LHR,KHI,"100,555",$378.85,"3,821 mi",275,$0.0991
LIS,TLV,"100,515",$392.36,"2,573 mi",275,$0.1525
CDG,BOM,"100,237",$473.69,"4,216 mi",275,$0.1124
BGY,HEL,"100,118",$120.43,"1,224 mi",274,$0.0984
BCN,KTW,"100,040",$90.67,"1,000 mi",274,$0.0907
BRU,SAW,"99,833",$83.33,"1,328 mi",274,$0.0627
HEL,MXP,"99,808",$240.15,"1,248 mi",273,$0.1924
EDI,MLA,"99,742",$116.60,"1,572 mi",273,$0.0742
MAD,GYE,"99,718",$402.26,"5,433 mi",273,$0.0740
LHR,VLC,"99,654",$219.50,853 mi,273,$0.2573
MAD,PSA,"99,592",$132.58,770 mi,273,$0.1722
ORY,PSA,"99,445",$121.95,533 mi,272,$0.2288
BGY,GDN,"99,440",$76.07,736 mi,272,$0.1034
AMS,TPE,"99,427",$972.14,"6,043 mi",272,$0.1609
LGW,KEF,"99,407",$108.07,"1,238 mi",272,$0.0873
NAP,JMK,"99,356",$159.41,657 mi,272,$0.2426
ATH,BOS,"99,303",$634.85,"4,601 mi",272,$0.1380
LIS,RAI,"99,208",$170.88,"1,808 mi",272,$0.0945
DME,KWI,"99,171",$101.38,"1,820 mi",272,$0.0557
ATH,BEY,"99,162",$186.39,726 mi,272,$0.2567
MXP,LTN,"99,080",$124.14,579 mi,271,$0.2144
CPH,FAO,"99,066",$109.94,"1,558 mi",271,$0.0706
LGW,OLB,"99,037",$259.81,821 mi,271,$0.3165
DUB,SEA,"99,005",$573.39,"4,662 mi",271,$0.1230
GLA,DXB,"98,955",$619.05,"3,738 mi",271,$0.1656
AMS,ICN,"98,905",$727.97,"5,473 mi",271,$0.1330
STN,FNC,"98,823",$102.65,"1,530 mi",271,$0.0671
LYS,HER,"98,811",$149.37,"1,233 mi",271,$0.1211
FCO,STR,"98,749",$190.10,483 mi,271,$0.3936
LGW,KGS,"98,703",$172.64,"1,714 mi",270,$0.1007
DBV,STN,"98,527",$99.62,"1,091 mi",270,$0.0913
MAD,BRI,"98,511",$116.85,"1,030 mi",270,$0.1134
ATH,MRS,"98,403",$184.27,"1,018 mi",270,$0.1810
STN,BIQ,"98,395",$99.52,569 mi,270,$0.1749
MRS,OTP,"98,368",$173.42,"1,007 mi",270,$0.1722
EDI,BHD,"98,318",$83.75,131 mi,269,$0.6393
DUB,CLJ,"98,297",$141.70,"1,434 mi",269,$0.0988
MAD,CLJ,"98,237",$107.04,"1,379 mi",269,$0.0776
OTP,TFS,"98,235",$90.07,"2,520 mi",269,$0.0357
BCN,DEL,"98,141",$333.99,"4,083 mi",269,$0.0818
LHR,SLC,"97,905","$1,021.28","4,707 mi",268,$0.2170
ARN,EDI,"97,765",$137.33,795 mi,268,$0.1727
CDG,JNB,"97,748",$692.56,"5,266 mi",268,$0.1315
CDG,WNZ,"97,662",$311.02,"5,730 mi",268,$0.0543
NAP,WAW,"97,647",$49.67,866 mi,268,$0.0574
SOF,LCA,"97,594",$87.57,747 mi,267,$0.1172
OTP,PRG,"97,593",$109.04,692 mi,267,$0.1576
HEL,RHO,"97,544",$234.03,"1,608 mi",267,$0.1455
MAN,SNN,"97,543",$79.00,272 mi,267,$0.2904
LIS,BIO,"97,430",$137.91,464 mi,267,$0.2972
ATH,MLO,"97,418",$104.10,87 mi,267,$1.1966
CDG,YQB,"97,404",$238.99,"3,387 mi",267,$0.0706
HEL,PRG,"97,320",$184.53,845 mi,267,$0.2184
SOF,BVA,"97,232",$68.32,"1,083 mi",266,$0.0631
MRS,FSC,"97,219",$65.70,246 mi,266,$0.2671
SOF,BLQ,"97,182",$84.16,599 mi,266,$0.1405
ZAG,BSL,"97,103",$74.01,438 mi,266,$0.1690
ZRH,DEL,"97,097",$475.02,"3,935 mi",266,$0.1207
LIS,SFO,"97,072",$674.98,"5,838 mi",266,$0.1156
MAD,COR,"97,003",$498.47,"6,482 mi",266,$0.0769
CDG,YVR,"96,996",$426.07,"5,072 mi",266,$0.0840
OSL,CHQ,"96,995",$152.52,"1,746 mi",266,$0.0874
AMS,LCA,"96,932",$219.13,"1,803 mi",266,$0.1215
LHR,CAN,"96,879",$436.39,"5,723 mi",265,$0.0763
BGY,TFS,"96,732",$119.79,"1,936 mi",265,$0.0619
AMS,MEX,"96,725",$551.83,"5,892 mi",265,$0.0937
AMS,RIX,"96,691",$167.06,803 mi,265,$0.2080
PMI,SZG,"96,680",$232.37,788 mi,265,$0.2949
SNN,KRK,"96,680",$95.01,"1,279 mi",265,$0.0743
ATH,KUT,"96,505",$81.33,"1,052 mi",264,$0.0773
WAW,BLQ,"96,485",$63.33,709 mi,264,$0.0893
BGY,SVQ,"96,481",$108.11,955 mi,264,$0.1132
OSL,BLL,"96,469",$119.96,307 mi,264,$0.3907
MAD,TRN,"96,467",$133.32,634 mi,264,$0.2103
ZRH,SIN,"96,230","$1,169.66","6,595 mi",264,$0.1774
ORY,VRN,"96,192",$87.95,447 mi,264,$0.1968
AGP,BLQ,"96,173",$130.73,"1,018 mi",263,$0.1284
BRU,MXP,"96,104",$168.28,425 mi,263,$0.3960
SOF,MLA,"96,059",$110.41,651 mi,263,$0.1696
AMS,LYS,"96,047",$168.76,441 mi,263,$0.3827
CDG,DOH,"95,962",$682.53,"3,181 mi",263,$0.2146
BCN,CMN,"95,894",$97.37,739 mi,263,$0.1318
LIS,OSL,"95,891",$174.89,"1,669 mi",263,$0.1048
STN,MAH,"95,799",$107.01,878 mi,262,$0.1219
MRS,RBA,"95,791",$109.72,886 mi,262,$0.1238
FCO,LPA,"95,746",$107.44,"1,769 mi",262,$0.0607
AMS,TLL,"95,746",$159.97,942 mi,262,$0.1698
AMS,MIA,"95,744",$693.51,"4,486 mi",262,$0.1546
MXP,TPE,"95,668",$848.76,"6,157 mi",262,$0.1379
MAN,YYZ,"95,548",$314.41,"3,321 mi",262,$0.0947
LHR,ORY,"95,515",$199.27,235 mi,262,$0.8480
NTE,HER,"95,489",$181.74,"1,649 mi",262,$0.1102
ORY,YUL,"95,468",$163.01,"3,331 mi",262,$0.0489
LED,OSS,"95,450",$189.13,"2,174 mi",262,$0.0870
AMS,HAM,"95,342",$205.08,243 mi,261,$0.8440
ORY,ACE,"95,228",$198.38,"1,559 mi",261,$0.1272
AMS,MRS,"95,148",$265.02,595 mi,261,$0.4454
BGY,WRO,"95,104",$69.71,484 mi,261,$0.1440
STN,REU,"95,050",$79.39,765 mi,260,$0.1038
NTE,TFS,"95,023",$155.63,"1,502 mi",260,$0.1036
ATH,YUL,"95,011",$325.18,"4,600 mi",260,$0.0707
VIE,FAO,"94,986",$118.27,"1,500 mi",260,$0.0788
OSL,AYT,"94,953",$124.50,"1,773 mi",260,$0.0702
AMS,PVK,"94,943",$176.97,"1,236 mi",260,$0.1432
BCN,NRT,"94,896",$554.53,"6,298 mi",260,$0.0880
LIS,MIA,"94,836",$508.96,"4,273 mi",260,$0.1191
LGW,PUJ,"94,824",$598.99,"4,414 mi",260,$0.1357
GLA,LPA,"94,773",$124.66,"2,065 mi",260,$0.0604
NCE,BRS,"94,756",$156.50,684 mi,260,$0.2288
CDG,NSI,"94,735",$474.21,"3,079 mi",260,$0.1540
LED,SSH,"94,669",$108.20,"2,273 mi",259,$0.0476
VKO,FEG,"94,540",$67.98,"1,825 mi",259,$0.0372
GOT,KRK,"94,455",$109.34,588 mi,259,$0.1860
MRS,SXB,"94,405",$100.07,382 mi,259,$0.2620
DUB,RMU,"94,352",$124.72,"1,140 mi",258,$0.1094
VIE,AUH,"94,323",$214.72,"2,556 mi",258,$0.0840
AGP,TSF,"94,287",$103.88,"1,096 mi",258,$0.0948
BUD,PFO,"94,281",$72.74,"1,080 mi",258,$0.0674
PRG,CTA,"94,262",$79.49,900 mi,258,$0.0883
MXP,MAH,"94,255",$106.23,445 mi,258,$0.2387
VKO,IST,"94,188",$579.19,"1,094 mi",258,$0.5294
AMS,MCO,"94,181",$602.04,"4,394 mi",258,$0.1370
BRU,TLS,"94,180",$162.59,507 mi,258,$0.3207
SVO,OSW,"94,118",$174.14,957 mi,258,$0.1820
LCY,IBZ,"94,091",$294.55,901 mi,258,$0.3269
STN,CFU,"94,067",$125.87,"1,227 mi",258,$0.1026
ZRH,MUC,"94,047",$210.03,157 mi,258,$1.3378
PMI,BLQ,"93,999",$78.28,574 mi,258,$0.1364
AGP,SNN,"93,980",$134.65,"1,094 mi",257,$0.1231
BRU,ADB,"93,973",$161.95,"1,447 mi",257,$0.1119
ZRH,LCA,"93,962",$278.62,"1,510 mi",257,$0.1845
BCN,DXB,"93,862",$709.09,"3,120 mi",257,$0.2273
NAP,TIA,"93,845",$47.10,294 mi,257,$0.1602
DME,GRV,"93,833",$142.43,927 mi,257,$0.1536
LHR,PDX,"93,825",$900.28,"5,046 mi",257,$0.1784
STN,SZG,"93,771",$104.93,615 mi,257,$0.1706
PRG,BOJ,"93,763",$101.33,842 mi,257,$0.1203
DUB,KEF,"93,713",$111.96,902 mi,257,$0.1241
MXP,LUX,"93,708",$199.78,309 mi,257,$0.6465
ORY,CTA,"93,707",$107.51,"1,034 mi",257,$0.1040
DUB,MSP,"93,674",$547.42,"3,836 mi",257,$0.1427
LED,GYD,"93,641",$168.29,"1,632 mi",257,$0.1031
LED,SAW,"93,622",$188.46,"1,268 mi",256,$0.1486
LGW,GNB,"93,599",$86.63,487 mi,256,$0.1779
STN,TRS,"93,573",$124.50,709 mi,256,$0.1756
BUD,MUC,"93,550",$103.00,341 mi,256,$0.3021
STN,BRQ,"93,512",$77.48,724 mi,256,$0.1070
DME,NMA,"93,471",$66.75,"1,869 mi",256,$0.0357
MAD,UIO,"93,415",$378.52,"5,266 mi",256,$0.0719
CDG,DTW,"93,393",$735.40,"4,070 mi",256,$0.1807
BGY,TSR,"93,345",$52.12,578 mi,256,$0.0902
CDG,CGK,"93,323",$760.23,"6,961 mi",256,$0.1092
BGY,SHJ,"93,311",$77.08,"2,969 mi",256,$0.0260
ZRH,EWR,"93,306","$1,195.65","4,053 mi",256,$0.2950
MAD,SFO,"93,284",$780.05,"5,624 mi",256,$0.1387
MAD,OVD,"93,266",$123.26,254 mi,256,$0.4853
STN,AOI,"93,238",$111.52,808 mi,255,$0.1380
LYS,AJA,"93,103",$89.01,311 mi,255,$0.2862
FCO,BEG,"92,994",$59.77,442 mi,255,$0.1352
LHR,SGN,"92,910",$582.70,"6,159 mi",255,$0.0946
VKO,MSQ,"92,888",$165.66,398 mi,254,$0.4162
LIS,ICN,"92,863",$765.94,"6,266 mi",254,$0.1222
BRU,FIH,"92,852",$335.86,"3,759 mi",254,$0.0893
LHR,PKX,"92,818",$479.56,"4,939 mi",254,$0.0971
CDG,BIQ,"92,695",$207.66,442 mi,254,$0.4698
ZRH,SFO,"92,644","$1,466.60","5,651 mi",254,$0.2595
ORY,MRU,"92,594",$344.39,"6,039 mi",254,$0.0570
MAD,WNZ,"92,549",$246.20,"6,323 mi",254,$0.0389
BCN,MRS,"92,519",$170.71,211 mi,253,$0.8091
AMS,BLQ,"92,514",$245.90,633 mi,253,$0.3885
BHX,DUS,"92,483",$188.36,383 mi,253,$0.4918
CPH,JFK,"92,474",$529.63,"3,730 mi",253,$0.1420
STN,HER,"92,462",$161.97,"1,627 mi",253,$0.0996
BUD,BRS,"92,402",$113.05,989 mi,253,$0.1143
DUB,MRS,"92,398",$119.17,840 mi,253,$0.1419
STN,TLL,"92,394",$126.32,"1,050 mi",253,$0.1203
MRS,LIL,"92,376",$96.20,517 mi,253,$0.1861
ARN,SPU,"92,356",$125.08,"1,082 mi",253,$0.1156
STN,EGC,"92,301",$88.13,503 mi,253,$0.1752
BUD,BBU,"92,247",$23.72,398 mi,253,$0.0596
CPH,LIN,"92,240",$132.21,696 mi,253,$0.1900
AMS,IAD,"92,209",$663.23,"3,741 mi",253,$0.1773
BHX,BVA,"92,180",$60.82,275 mi,253,$0.2212
MAD,SDR,"92,089",$147.90,209 mi,252,$0.7077
AGP,LUX,"92,040",$204.35,"1,011 mi",252,$0.2021
SVO,SLY,"92,040",$137.84,"1,161 mi",252,$0.1187
ARN,AGH,"91,916",$136.49,288 mi,252,$0.4739
BGY,FUE,"91,912",$118.94,"1,697 mi",252,$0.0701
LHR,ZYL,"91,853",$543.56,"4,833 mi",252,$0.1125
WAW,BRI,"91,849",$84.14,811 mi,252,$0.1037
BRU,MRS,"91,625",$148.22,533 mi,251,$0.2781
LIS,ORD,"91,477",$481.32,"4,119 mi",251,$0.1169
BOD,MAD,"91,439",$139.41,343 mi,251,$0.4064
DBV,VIE,"91,420",$75.26,404 mi,250,$0.1863
AMS,CFU,"91,301",$170.12,"1,169 mi",250,$0.1455
DBV,FCO,"91,254",$140.43,322 mi,250,$0.4361
AGP,NTE,"91,222",$139.12,761 mi,250,$0.1828
ATH,DXB,"91,212",$560.93,"2,094 mi",250,$0.2679
LIS,OTP,"91,207",$159.11,"1,792 mi",250,$0.0888
AMS,CTA,"91,169",$139.99,"1,174 mi",250,$0.1192
BUD,AYT,"91,044",$112.70,964 mi,249,$0.1169
ZRH,BOS,"91,042","$1,334.06","3,622 mi",249,$0.3683
OTP,ZRH,"90,905",$199.70,890 mi,249,$0.2244
NAP,TRS,"90,799",$99.35,354 mi,249,$0.2806
NCL,PFO,"90,794",$158.21,"2,211 mi",249,$0.0716
AGP,YUL,"90,685",$212.74,"3,439 mi",248,$0.0619
BCN,RIX,"90,675",$152.56,"1,408 mi",248,$0.1084
ATH,OSL,"90,639",$188.07,"1,588 mi",248,$0.1184
LHR,DTW,"90,632",$909.19,"3,643 mi",248,$0.2496
DUB,LUX,"90,628",$140.16,578 mi,248,$0.2425
EDI,POZ,"90,602",$72.28,874 mi,248,$0.0827
LYS,TIA,"90,568",$78.82,766 mi,248,$0.1029
MXP,LAX,"90,528",$678.29,"6,205 mi",248,$0.1093
BRU,HEL,"90,482",$286.20,992 mi,248,$0.2885
STN,LIG,"90,471",$63.90,431 mi,248,$0.1483
CDG,PPT,"90,430","$1,050.92","10,057 mi",248,$0.1045
MRS,YUL,"90,398",$212.56,"3,619 mi",248,$0.0587
AGP,TNG,"90,355",$66.18,106 mi,248,$0.6243
LIS,DXB,"90,304",$777.30,"3,700 mi",247,$0.2101
EDI,NRN,"90,295",$65.15,475 mi,247,$0.1372
EDI,VCE,"90,265",$133.06,962 mi,247,$0.1383
MXP,VNO,"90,264",$46.40,929 mi,247,$0.0499
DUB,IST,"90,187",$203.59,"1,762 mi",247,$0.1155
BUD,AUH,"90,147",$78.42,"2,578 mi",247,$0.0304
ORY,RHO,"90,098",$136.53,"1,503 mi",247,$0.0908
AMS,INN,"90,097",$107.77,441 mi,247,$0.2444
NCE,DXB,"90,093","$1,053.39","2,884 mi",247,$0.3653
PRG,VLC,"90,084",$87.96,"1,057 mi",247,$0.0832
BGY,LUX,"89,922",$65.90,308 mi,246,$0.2140
LIS,PXO,"89,846",$60.72,547 mi,246,$0.1110
FCO,DEL,"89,827",$280.21,"3,575 mi",246,$0.0784
BUD,PSA,"89,821",$81.95,516 mi,246,$0.1588
EDI,NAP,"89,774",$119.53,"1,350 mi",246,$0.0885
EDI,VIE,"89,732",$140.47,"1,031 mi",246,$0.1362
ARN,WAW,"89,658",$205.71,546 mi,246,$0.3768
CDG,DEN,"89,488",$811.93,"5,013 mi",245,$0.1620
NCE,PMI,"89,449",$152.98,355 mi,245,$0.4309
LHR,LUX,"89,429",$233.91,329 mi,245,$0.7110
BGY,RIX,"89,414",$96.89,"1,018 mi",245,$0.0952
BHX,ATQ,"89,260",$454.27,"3,853 mi",245,$0.1179
STN,CAG,"89,198",$111.04,999 mi,244,$0.1112
LGW,SIN,"89,196","$1,007.04","6,958 mi",244,$0.1447
NAP,OTP,"89,175",$110.36,631 mi,244,$0.1749
STN,PEG,"89,172",$127.37,858 mi,244,$0.1484
GVA,IBZ,"89,148",$213.09,546 mi,244,$0.3903
MAN,VLC,"89,136",$127.84,991 mi,244,$0.1290
MAD,FAO,"89,089",$74.10,327 mi,244,$0.2266
BGY,FEZ,"89,084",$109.40,"1,155 mi",244,$0.0947
AGP,SOF,"89,075",$61.25,"1,487 mi",244,$0.0412
CDG,CAN,"89,034",$471.40,"6,052 mi",244,$0.0779
DUB,KUN,"89,029",$86.16,"1,185 mi",244,$0.0727
LGW,CPT,"88,931",$618.23,"6,171 mi",244,$0.1002
MXP,MIA,"88,899",$502.16,"5,069 mi",244,$0.0991
LYS,LTN,"88,893",$70.76,507 mi,244,$0.1396
VIE,HER,"88,840",$143.67,"1,016 mi",243,$0.1414
AMS,SMI,"88,834",$177.15,"1,425 mi",243,$0.1243
EDI,MXP,"88,776",$131.99,912 mi,243,$0.1447
ORY,JTR,"88,766",$123.90,"1,485 mi",243,$0.0834
LHR,BWI,"88,710",$637.53,"3,515 mi",243,$0.1814
AGP,FKB,"88,703",$99.31,"1,018 mi",243,$0.0976
FCO,ZAG,"88,582",$99.11,343 mi,243,$0.2890
ARN,SKG,"88,580",$130.39,"1,300 mi",243,$0.1003
LYS,BIQ,"88,579",$205.24,350 mi,243,$0.5864
ZRH,PMO,"88,531",$115.54,701 mi,243,$0.1648
DUB,WRO,"88,464",$91.04,958 mi,242,$0.0950
VIE,SIN,"88,464",$653.58,"5,848 mi",242,$0.1118
BGY,CMN,"88,426",$53.67,"1,212 mi",242,$0.0443
LYS,OTP,"88,374",$89.77,993 mi,242,$0.0904
NAP,JFK,"88,277",$593.76,"4,258 mi",242,$0.1394
ORY,DSS,"88,222",$171.88,"2,677 mi",242,$0.0642
VKO,DWC,"88,154",$707.02,"2,375 mi",242,$0.2977
ZRH,PVG,"88,095","$1,151.49","5,444 mi",241,$0.2115
ORY,TLV,"88,052",$211.41,"2,101 mi",241,$0.1006
BCN,ATL,"88,011",$693.33,"4,710 mi",241,$0.1472
MAN,BTS,"87,991",$68.92,948 mi,241,$0.0727
NTE,VCE,"87,874",$109.18,695 mi,241,$0.1571
VCE,BRS,"87,817",$98.78,823 mi,241,$0.1200
OSL,SPU,"87,780",$167.98,"1,206 mi",240,$0.1393
CDG,PHX,"87,679",$757.63,"5,632 mi",240,$0.1345
DUB,PHL,"87,679",$567.03,"3,362 mi",240,$0.1687
EDI,LIN,"87,632",$180.98,937 mi,240,$0.1931
GOT,HEL,"87,625",$167.68,501 mi,240,$0.3347
LHR,EZE,"87,593",$987.62,"6,712 mi",240,$0.1471
CDG,BES,"87,501",$224.56,330 mi,240,$0.6805
LIS,NAP,"87,458",$179.91,"1,285 mi",240,$0.1400
OTP,NUE,"87,400",$167.60,808 mi,239,$0.2074
LGW,LJU,"87,346",$178.91,726 mi,239,$0.2464
MRS,MLA,"87,299",$80.07,740 mi,239,$0.1082
SVO,HND,"87,275",$359.04,"4,796 mi",239,$0.0749
DUB,RAK,"87,261",$130.29,"1,555 mi",239,$0.0838
NTE,FSC,"87,209",$114.24,637 mi,239,$0.1793
CPH,BVA,"87,197",$80.44,595 mi,239,$0.1352
FCO,DAC,"87,174",$384.86,"4,413 mi",239,$0.0872
ORY,JMK,"87,150",$123.15,"1,430 mi",239,$0.0861
MXP,HKG,"87,119","$1,135.80","5,640 mi",239,$0.2014
SOF,VLC,"87,096",$110.81,"1,221 mi",239,$0.0908
DUB,IBZ,"87,045",$128.20,"1,036 mi",238,$0.1237
BOD,MXP,"87,024",$101.98,448 mi,238,$0.2276
WAW,ORD,"87,024",$425.35,"4,812 mi",238,$0.0884
EDI,YYZ,"86,951",$244.45,"3,420 mi",238,$0.0715
MAD,MLN,"86,902",$228.21,351 mi,238,$0.6502
CPH,SPU,"86,890",$117.50,824 mi,238,$0.1426
AMS,PVG,"86,889",$732.90,"5,370 mi",238,$0.1365
MAD,RBA,"86,889",$111.53,464 mi,238,$0.2404
AMS,TNG,"86,887",$97.87,"1,297 mi",238,$0.0755
LGW,JMK,"86,875",$244.39,"1,518 mi",238,$0.1610
ATH,SYD,"86,874","$1,133.82","9,228 mi",238,$0.1229
FCO,MLE,"86,796",$406.50,"4,701 mi",238,$0.0865
ARN,MAN,"86,746",$149.44,853 mi,238,$0.1752
OTP,CAI,"86,730",$158.22,"1,008 mi",238,$0.1570
ARN,TFS,"86,700",$212.19,"2,637 mi",238,$0.0805
AGP,PIK,"86,626",$84.47,"1,262 mi",237,$0.0669
VIE,RMO,"86,605",$71.95,564 mi,237,$0.1276
GVA,WAW,"86,592",$250.47,760 mi,237,$0.3296
MAN,BOJ,"86,578",$167.38,"1,598 mi",237,$0.1047
ORY,CZL,"86,439",$133.23,913 mi,237,$0.1459
FCO,SKG,"86,399",$109.85,582 mi,237,$0.1887
MAN,BSL,"86,372",$115.27,603 mi,237,$0.1912
MXP,JTR,"86,362",$132.04,"1,110 mi",237,$0.1190
AMS,KUL,"86,354",$500.02,"6,170 mi",237,$0.0810
CDG,DLA,"86,351",$384.46,"3,232 mi",237,$0.1190
NCE,RNS,"86,316",$134.85,543 mi,236,$0.2483
PRG,TFS,"86,300",$152.22,"2,287 mi",236,$0.0666
ORY,CUN,"86,272",$261.93,"5,257 mi",236,$0.0498
CDG,LIM,"86,260",$771.21,"6,577 mi",236,$0.1173
AMS,PSA,"86,249",$123.06,630 mi,236,$0.1953
SNN,BOS,"86,233",$510.76,"2,800 mi",236,$0.1824
BRU,NAP,"86,229",$162.47,861 mi,236,$0.1887
FCO,NRT,"86,223",$475.74,"5,970 mi",236,$0.0797
MRS,OUD,"86,200",$99.70,688 mi,236,$0.1449
OSL,DUS,"86,169",$109.00,619 mi,236,$0.1761
VIE,ALC,"86,120",$105.25,"1,061 mi",236,$0.0992
SVO,KVK,"86,106",$152.36,787 mi,236,$0.1936
WAW,LPL,"86,093",$80.21,"1,025 mi",236,$0.0783
LIS,MPM,"86,059",$486.48,"5,376 mi",236,$0.0905
BHX,VRN,"86,034",$93.88,728 mi,236,$0.1290
MAD,TIA,"85,976",$88.23,"1,249 mi",236,$0.0706
ORY,KRK,"85,927",$147.72,762 mi,235,$0.1939
CDG,SJO,"85,926",$554.64,"5,719 mi",235,$0.0970
CDG,LBA,"85,914",$50.37,392 mi,235,$0.1285
BCN,BKK,"85,860",$431.63,"6,217 mi",235,$0.0694
SVO,SZX,"85,836",$358.13,"4,544 mi",235,$0.0788
AGP,FMM,"85,801",$93.45,"1,049 mi",235,$0.0891
DME,PEZ,"85,789",$131.76,318 mi,235,$0.4143
CPH,LAX,"85,784",$488.62,"5,442 mi",235,$0.0898
AMS,BOD,"85,783",$219.83,557 mi,235,$0.3947
MAN,CHQ,"85,771",$138.65,"1,827 mi",235,$0.0759
GLA,SOU,"85,678",$110.13,352 mi,235,$0.3129
DUB,OSL,"85,662",$148.46,827 mi,235,$0.1795
BHX,SSH,"85,646",$102.23,"2,579 mi",235,$0.0396
VIE,PFO,"85,643",$84.71,"1,271 mi",235,$0.0666
MAN,RIX,"85,639",$87.26,"1,090 mi",235,$0.0801
GLA,BHD,"85,602",$76.73,101 mi,235,$0.7597
AMS,HKT,"85,582",$326.93,"6,102 mi",234,$0.0536
MRS,MUC,"85,562",$167.95,478 mi,234,$0.3514
LGW,AMD,"85,524",$284.71,"4,128 mi",234,$0.0690
LYS,FAO,"85,464",$101.42,930 mi,234,$0.1091
BGY,FAO,"85,420",$121.53,"1,057 mi",234,$0.1150
DUB,LIN,"85,413",$193.62,859 mi,234,$0.2254
VCE,DUS,"85,380",$184.91,460 mi,234,$0.4020
AGP,LYS,"85,185",$121.06,774 mi,233,$0.1564
BGY,SKG,"85,170",$99.13,780 mi,233,$0.1271
MRS,VIE,"85,159",$111.33,616 mi,233,$0.1807
FCO,LUX,"85,141",$147.58,595 mi,233,$0.2480
GVA,OLB,"85,110",$167.40,394 mi,233,$0.4249
PRG,CFU,"85,096",$101.62,799 mi,233,$0.1272
MAN,SIN,"85,076",$735.63,"6,602 mi",233,$0.1114
OTP,JFK,"85,042",$589.52,"4,884 mi",233,$0.1207
DUB,CWL,"85,016",$89.87,180 mi,233,$0.4993
LHR,CGK,"85,007","$1,075.04","7,065 mi",233,$0.1522
FCO,DFW,"84,912",$716.92,"5,769 mi",233,$0.1243
SOF,SAW,"84,830",$34.59,338 mi,232,$0.1023
ORY,HRG,"84,828",$224.49,"2,173 mi",232,$0.1033
AGP,STR,"84,763",$213.86,"1,048 mi",232,$0.2041
CDG,SPU,"84,745",$192.97,733 mi,232,$0.2633
ARN,LIN,"84,734",$190.22,"1,075 mi",232,$0.1769
CDG,AUH,"84,712",$913.08,"3,361 mi",232,$0.2717
VKO,NQZ,"84,684",$167.71,"1,474 mi",232,$0.1138
AMS,GRU,"84,682",$803.90,"5,891 mi",232,$0.1365
AGP,RBA,"84,611",$57.71,214 mi,232,$0.2697
EDI,NCE,"84,578",$187.51,940 mi,232,$0.1995
SNN,ALC,"84,555",$88.01,"1,106 mi",232,$0.0796
STN,BDS,"84,490",$129.71,"1,108 mi",231,$0.1171
BRU,SVQ,"84,471",$165.85,"1,094 mi",231,$0.1516
BHX,KGS,"84,463",$148.28,"1,711 mi",231,$0.0867
NTE,SVQ,"84,422",$103.24,686 mi,231,$0.1505
BHX,MAD,"84,350",$138.86,856 mi,231,$0.1622
WAW,TIA,"84,326",$65.42,723 mi,231,$0.0905
MXP,CFU,"84,324",$98.37,725 mi,231,$0.1357
DME,KSQ,"84,268",$50.79,"1,773 mi",231,$0.0286
CPH,ORY,"84,250",$84.53,663 mi,231,$0.1275
PMI,TFN,"84,209",$169.08,"1,369 mi",231,$0.1235
MRS,BER,"84,196",$135.83,704 mi,231,$0.1929
AGP,BLL,"84,148",$142.00,"1,420 mi",231,$0.1000
ATH,IAD,"84,132",$671.82,"5,001 mi",230,$0.1343
MAN,GRO,"84,105",$125.68,800 mi,230,$0.1571
BCN,RMO,"84,069",$154.24,"1,421 mi",230,$0.1085
CDG,COO,"84,047",$441.18,"2,859 mi",230,$0.1543
AMS,TLS,"84,045",$238.56,638 mi,230,$0.3739
PMI,DRS,"84,044",$164.27,932 mi,230,$0.1763
MXP,DSS,"84,042",$290.00,"2,690 mi",230,$0.1078
NCE,IST,"84,024",$333.69,"1,139 mi",230,$0.2930
ATH,SMI,"83,821",$84.55,158 mi,230,$0.5351
STN,KEF,"83,786",$65.26,"1,136 mi",230,$0.0574
SVO,YKS,"83,770",$248.92,"2,936 mi",230,$0.0848
ORY,BRI,"83,769",$128.51,901 mi,230,$0.1426
HEL,LCA,"83,724",$247.01,"1,854 mi",229,$0.1332
LHR,SZX,"83,699",$358.89,"6,140 mi",229,$0.0585
AGP,AAL,"83,678",$154.14,"1,605 mi",229,$0.0960
LGW,ACC,"83,677",$391.95,"3,053 mi",229,$0.1284
OTP,PSR,"83,638",$76.18,597 mi,229,$0.1276
DBV,MAD,"83,583",$215.91,"1,101 mi",229,$0.1961
LYS,FRA,"83,582",$124.83,349 mi,229,$0.3577
WAW,NRT,"83,547",$776.99,"5,513 mi",229,$0.1409
GVA,CTA,"83,517",$144.40,737 mi,229,$0.1959
LGW,UVF,"83,512",$780.34,"4,098 mi",229,$0.1904
CPH,TFS,"83,493",$180.00,"2,464 mi",229,$0.0731
WAW,SHJ,"83,484",$249.98,"2,506 mi",229,$0.0998
LIS,LAX,"83,447",$677.12,"5,507 mi",229,$0.1230
LHR,SOF,"83,332",$168.99,"1,230 mi",228,$0.1374
DUB,VRN,"83,266",$141.47,918 mi,228,$0.1541
CPH,BEG,"83,170",$87.82,843 mi,228,$0.1042
ORY,SFA,"83,069",$136.51,"1,089 mi",228,$0.1254
GVA,BKK,"83,046",$594.34,"5,583 mi",228,$0.1065
CPH,MLA,"83,040",$136.54,"1,409 mi",228,$0.0969
SOF,MUC,"83,023",$130.15,705 mi,227,$0.1846
AMS,CMN,"82,959",$145.77,"1,403 mi",227,$0.1039
DUB,POZ,"82,870",$108.99,989 mi,227,$0.1102
CDG,SAW,"82,829",$105.13,"1,372 mi",227,$0.0766
GOT,MAN,"82,751",$128.59,660 mi,227,$0.1948
MAD,EAS,"82,732",$136.93,225 mi,227,$0.6086
HEL,ZRH,"82,714",$274.78,"1,072 mi",227,$0.2563
AMS,CMB,"82,652",$332.47,"5,355 mi",226,$0.0621
STN,LDE,"82,647",$85.96,619 mi,226,$0.1389
PRG,EIN,"82,610",$78.21,387 mi,226,$0.2021
AGP,ZAG,"82,598",$132.07,"1,271 mi",226,$0.1039
LYS,PRG,"82,594",$97.46,505 mi,226,$0.1930
DUB,SPU,"82,563",$141.32,"1,267 mi",226,$0.1115
LGW,TUN,"82,540",$94.75,"1,080 mi",226,$0.0877
MXP,RUH,"82,531",$528.87,"2,462 mi",226,$0.2148
MAN,ADB,"82,453",$112.17,"1,790 mi",226,$0.0627
CDG,PUF,"82,437",$202.97,402 mi,226,$0.5049
EDI,SAW,"82,432",$94.57,"1,851 mi",226,$0.0511
HEL,NCE,"82,431",$242.92,"1,325 mi",226,$0.1833
BUD,LPA,"82,429",$137.92,"2,225 mi",226,$0.0620
BHX,OPO,"82,393",$110.57,865 mi,226,$0.1278
DUB,LAS,"82,391",$509.50,"5,089 mi",226,$0.1001
EDI,GDN,"82,382",$85.89,891 mi,226,$0.0964
VIE,FNC,"82,381",$59.80,"1,968 mi",226,$0.0304
AMS,ACC,"82,323",$366.96,"3,142 mi",226,$0.1168
SVO,CMB,"82,311",$186.12,"4,208 mi",226,$0.0442
WAW,OPO,"82,256",$94.31,"1,626 mi",225,$0.0580
MXP,MBA,"82,190",$569.67,"4,038 mi",225,$0.1411
NTE,TUN,"82,169",$116.35,906 mi,225,$0.1284
LGW,KIN,"82,080",$679.78,"4,543 mi",225,$0.1496
VKO,OGZ,"81,970",$144.02,889 mi,225,$0.1620
EDI,BSL,"81,892",$153.03,762 mi,224,$0.2008
AMS,ESB,"81,805",$157.29,"1,528 mi",224,$0.1029
CDG,FIH,"81,753",$527.36,"3,657 mi",224,$0.1442
DME,SLY,"81,750",$131.60,"1,179 mi",224,$0.1116
ZRH,CGN,"81,737",$207.67,236 mi,224,$0.8800
WAW,SVQ,"81,713",$104.30,"1,698 mi",224,$0.0614
DUB,GDN,"81,711",$112.77,"1,034 mi",224,$0.1091
ORY,AUR,"81,687",$101.81,272 mi,224,$0.3743
VIE,SPU,"81,676",$94.65,307 mi,224,$0.3083
LED,HRG,"81,647",$86.94,"2,192 mi",224,$0.0397
BRU,SKG,"81,628",$151.36,"1,105 mi",224,$0.1370
ORY,CFU,"81,588",$110.56,"1,037 mi",224,$0.1066
LHR,KIX,"81,556",$720.15,"6,100 mi",223,$0.1181
LYS,VCE,"81,462",$96.12,363 mi,223,$0.2648
NCE,PRG,"81,321",$137.69,538 mi,223,$0.2559
CDG,MEL,"81,291","$1,374.63","10,724 mi",223,$0.1282
CDG,ZAG,"81,286",$204.63,691 mi,223,$0.2961
ZRH,BOM,"81,278",$558.52,"3,941 mi",223,$0.1417
CDG,BLR,"81,263",$482.30,"5,008 mi",223,$0.0963
ORY,LPA,"81,260",$140.20,"1,772 mi",223,$0.0791
BCN,RBA,"81,253",$122.74,716 mi,223,$0.1714
BCN,LIM,"81,197",$536.08,"6,404 mi",222,$0.0837
NCL,KRK,"81,184",$89.11,931 mi,222,$0.0957
BCN,CAG,"81,116",$158.83,382 mi,222,$0.4158
CPH,HND,"81,089",$835.64,"5,249 mi",222,$0.1592
EDI,EWR,"81,052",$481.92,"3,357 mi",222,$0.1436
ARN,ORY,"80,997",$94.82,"1,006 mi",222,$0.0943
LIS,STR,"80,917",$256.67,"1,105 mi",222,$0.2323
CDG,HRG,"80,912",$148.46,"2,311 mi",222,$0.0642
ORY,QSF,"80,906",$132.72,905 mi,222,$0.1467
OSL,TFS,"80,842",$169.68,"2,647 mi",221,$0.0641
LED,LBD,"80,599",$174.81,"2,096 mi",221,$0.0834
CDG,TRN,"80,576",$197.47,345 mi,221,$0.5724
MXP,AHO,"80,552",$75.31,356 mi,221,$0.2115
VIE,PMO,"80,545",$100.21,687 mi,221,$0.1459
BUD,FMM,"80,542",$50.36,434 mi,221,$0.1160
SVO,ABA,"80,518",$147.13,"2,160 mi",221,$0.0681
MAN,LIN,"80,461",$158.98,775 mi,220,$0.2051
STN,CCF,"80,396",$67.62,589 mi,220,$0.1148
LHR,PSA,"80,395",$195.55,759 mi,220,$0.2576
DME,TOF,"80,377",$198.23,"1,743 mi",220,$0.1137
ARN,KUN,"80,286",$62.23,385 mi,220,$0.1616
NCE,KRK,"80,283",$55.80,761 mi,220,$0.0733
LCY,NCE,"80,265",$351.05,655 mi,220,$0.5360
BRU,GOT,"80,195",$213.29,579 mi,220,$0.3684
BOD,AJA,"80,185",$115.58,502 mi,220,$0.2302
BUD,BLQ,"80,147",$84.29,444 mi,220,$0.1898
NTE,BIA,"80,142",$90.02,610 mi,220,$0.1476
NTE,FAO,"80,104",$99.99,795 mi,219,$0.1258
EDI,ZRH,"80,086",$305.27,798 mi,219,$0.3825
CDG,GOT,"79,980",$189.23,741 mi,219,$0.2554
ZRH,CMB,"79,971",$336.74,"4,834 mi",219,$0.0697
BCN,TLL,"79,970",$102.01,"1,635 mi",219,$0.0624
ATH,EDI,"79,900",$223.25,"1,717 mi",219,$0.1300
CPH,NAP,"79,844",$139.68,"1,052 mi",219,$0.1328
AMS,DTW,"79,835",$846.32,"4,047 mi",219,$0.2091
GLA,KRK,"79,830",$92.77,"1,109 mi",219,$0.0837
LIS,LIN,"79,803",$125.09,"1,016 mi",219,$0.1231
MRS,FRA,"79,783",$146.51,469 mi,219,$0.3124
MAN,SPU,"79,765",$147.60,"1,051 mi",219,$0.1404
PMI,POZ,"79,749",$90.37,"1,080 mi",218,$0.0837
DME,RGK,"79,727",$209.22,"1,994 mi",218,$0.1049
DBV,ORY,"79,698",$101.15,901 mi,218,$0.1123
ATH,LXS,"79,599",$79.57,148 mi,218,$0.5376
BUD,HEL,"79,558",$178.35,947 mi,218,$0.1883
MAD,SVQ,"79,532",$91.48,254 mi,218,$0.3602
BHX,PRG,"79,526",$90.02,688 mi,218,$0.1308
AMS,YVR,"79,524",$458.98,"4,933 mi",218,$0.0930
ATH,EIN,"79,521",$156.35,"1,337 mi",218,$0.1169
FCO,JTR,"79,520",$132.45,825 mi,218,$0.1605
LIS,RTM,"79,515",$157.68,"1,086 mi",218,$0.1452
CDG,RDU,"79,466",$718.67,"4,163 mi",218,$0.1726
CDG,LPL,"79,418",$76.70,368 mi,218,$0.2084
VIE,CAI,"79,403",$143.71,"1,513 mi",218,$0.0950
MXP,ACE,"79,356",$158.93,"1,623 mi",217,$0.0979
VIE,BSL,"79,326",$234.19,434 mi,217,$0.5396
MXP,PRN,"79,241",$71.88,627 mi,217,$0.1146
OSL,LCA,"79,235",$195.75,"1,957 mi",217,$0.1000
ATH,TBS,"79,211",$117.94,"1,108 mi",217,$0.1064
BHX,LIS,"79,209",$154.32,"1,039 mi",217,$0.1485
LHR,ALG,"79,170",$175.44,"1,006 mi",217,$0.1744
ARN,MLA,"79,038",$121.91,"1,601 mi",217,$0.0761
NAP,TLV,"79,031",$173.69,"1,255 mi",217,$0.1384
MAN,GDN,"79,016",$94.13,820 mi,216,$0.1148
ATH,SHJ,"78,989",$180.32,"2,099 mi",216,$0.0859
AMS,OLB,"78,980",$178.04,844 mi,216,$0.2109
NTE,DJE,"78,910",$134.73,"1,156 mi",216,$0.1165
LHR,IBZ,"78,899",$316.80,849 mi,216,$0.3731
LIS,TMS,"78,868",$304.32,"2,921 mi",216,$0.1042
VCE,IST,"78,852",$141.25,846 mi,216,$0.1670
ZRH,HKT,"78,845",$556.51,"5,620 mi",216,$0.0990
DUB,SAW,"78,840",$134.33,"1,800 mi",216,$0.0746
NCE,HAM,"78,840",$234.93,679 mi,216,$0.3460
BRU,OUD,"78,796",$172.95,"1,194 mi",216,$0.1448
ZAG,SPU,"78,695",$52.49,148 mi,216,$0.3547
LHR,JER,"78,691",$150.33,179 mi,216,$0.8398
BOD,ALG,"78,673",$98.46,580 mi,216,$0.1698
NCE,SOF,"78,637",$51.93,792 mi,215,$0.0656
LYS,NAP,"78,549",$82.09,554 mi,215,$0.1482
OSL,HAM,"78,531",$123.18,469 mi,215,$0.2626
VIE,IBZ,"78,475",$129.52,"1,021 mi",215,$0.1269
CDG,SCL,"78,397",$857.58,"7,471 mi",215,$0.1148
SNN,FAO,"78,285",$74.54,"1,118 mi",214,$0.0667
STN,ESB,"78,283",$106.27,"1,697 mi",214,$0.0626
CDG,NGO,"78,270",$839.53,"6,177 mi",214,$0.1359
MXP,SPX,"78,258",$379.97,"1,655 mi",214,$0.2296
MRS,CFR,"78,214",$99.70,465 mi,214,$0.2144
SVO,CSY,"78,203",$134.21,372 mi,214,$0.3608
ZAG,FRA,"78,196",$142.14,442 mi,214,$0.3216
CDG,NBO,"78,133",$443.23,"3,915 mi",214,$0.1132
MXP,NTE,"78,053",$102.22,518 mi,214,$0.1973
BRU,FLR,"78,013",$166.12,599 mi,214,$0.2773
LGW,LAX,"77,960",$739.59,"5,302 mi",214,$0.1395
MAD,ALC,"77,912",$53.02,229 mi,213,$0.2315
OSL,SAW,"77,806",$160.86,"1,497 mi",213,$0.1075
HEL,LIS,"77,784",$305.42,"2,153 mi",213,$0.1419
ZRH,MIA,"77,749","$1,083.34","5,020 mi",213,$0.2158
PRG,KSC,"77,699",$95.84,339 mi,213,$0.2827
CDG,ZNZ,"77,687",$360.78,"4,277 mi",213,$0.0844
LHR,GIG,"77,668",$985.59,"5,578 mi",213,$0.1767
BCN,WRO,"77,633",$56.76,"1,006 mi",213,$0.0564
MXP,GDN,"77,598",$41.86,720 mi,213,$0.0581
DUB,TLS,"77,563",$135.70,737 mi,213,$0.1841
LHR,BEG,"77,530",$195.89,"1,025 mi",212,$0.1911
PRG,PSA,"77,511",$78.52,465 mi,212,$0.1689
LED,CEE,"77,490",$112.68,282 mi,212,$0.3996
MXP,KIX,"77,476",$543.22,"5,798 mi",212,$0.0937
LGW,PVK,"77,468",$231.14,"1,278 mi",212,$0.1809
MAN,SVQ,"77,413",$114.99,"1,148 mi",212,$0.1002
LYS,CZL,"77,350",$116.88,678 mi,212,$0.1724
ATH,SFO,"77,274",$775.84,"6,997 mi",212,$0.1109
BUD,MRS,"77,251",$89.72,755 mi,212,$0.1188
LHR,HRE,"77,214",$404.85,"5,005 mi",212,$0.0809
ZRH,LAX,"77,204","$1,124.88","5,746 mi",212,$0.1958
DME,LBD,"77,197",$154.35,"1,839 mi",211,$0.0839
MAD,KIX,"77,188",$478.46,"6,833 mi",211,$0.0700
GOT,AYT,"77,182",$174.71,"1,614 mi",211,$0.1082
AGP,OST,"77,172",$108.05,"1,035 mi",211,$0.1044
VIE,SVQ,"77,127",$131.63,"1,310 mi",211,$0.1005
NTE,MAH,"76,993",$104.85,565 mi,211,$0.1856
MRS,AGA,"76,973",$82.41,"1,174 mi",211,$0.0702
BHX,ORK,"76,966",$68.36,280 mi,211,$0.2441
CDG,PHL,"76,917",$597.48,"3,830 mi",211,$0.1560
SVO,GDZ,"76,901",$172.53,812 mi,211,$0.2125
BRU,MAN,"76,847",$145.67,323 mi,211,$0.4510
DUB,ZAG,"76,798",$130.29,"1,092 mi",210,$0.1193
EDI,BOS,"76,786",$429.22,"2,968 mi",210,$0.1446
LHR,USM,"76,749",$655.13,"5,964 mi",210,$0.1098
MXP,CMB,"76,729",$256.51,"5,105 mi",210,$0.0502
AMS,MSP,"76,722",$686.49,"4,279 mi",210,$0.1604
LGW,RNS,"76,713",$89.65,216 mi,210,$0.4150
LYS,IST,"76,679",$133.67,"1,183 mi",210,$0.1130
WAW,CAI,"76,549",$180.73,"1,661 mi",210,$0.1088
FCO,SYD,"76,545","$1,184.08","10,460 mi",210,$0.1132
MAN,BIO,"76,461",$167.53,674 mi,209,$0.2486
BRU,EWR,"76,402",$536.76,"3,780 mi",209,$0.1420
HEL,KRK,"76,369",$150.58,758 mi,209,$0.1987
OSL,LYR,"76,343",$208.66,"1,213 mi",209,$0.1720
DUB,GRO,"76,333",$80.55,925 mi,209,$0.0871
PMI,LPA,"76,320",$193.11,"1,349 mi",209,$0.1432
LHR,BOG,"76,282",$880.18,"5,423 mi",209,$0.1623
DUB,ADB,"76,249",$154.02,"1,949 mi",209,$0.0790
AGP,RIX,"76,232",$157.12,"1,858 mi",209,$0.0846
FCO,RAK,"76,181",$72.32,"1,280 mi",209,$0.0565
AMS,SVG,"76,163",$253.94,441 mi,209,$0.5758
SVO,DYR,"76,142",$325.92,"3,953 mi",209,$0.0824
CDG,LAS,"76,129",$919.59,"5,266 mi",209,$0.1746
CPH,IST,"76,084",$145.21,"1,266 mi",208,$0.1147
DME,KRO,"76,053",$127.12,"1,103 mi",208,$0.1152
LHR,MSY,"76,012",$700.74,"4,758 mi",208,$0.1473
VIE,EVN,"76,008",$77.81,"1,519 mi",208,$0.0512
VIE,LPA,"75,997",$161.19,"2,136 mi",208,$0.0755
ATH,CTA,"75,982",$120.32,501 mi,208,$0.2402
MXP,LPA,"75,948",$162.29,"1,851 mi",208,$0.0877
OSL,KSU,"75,933",$127.40,221 mi,208,$0.5765
BCN,HHN,"75,885",$84.13,667 mi,208,$0.1261
CDG,RIX,"75,863",$230.59,"1,070 mi",208,$0.2155
BCN,MNL,"75,855",$562.99,"6,752 mi",208,$0.0834
OTP,HER,"75,671",$67.00,659 mi,207,$0.1017
LHR,CUN,"75,644",$304.50,"5,088 mi",207,$0.0598
PMI,SEN,"75,616",$160.86,811 mi,207,$0.1983
ZAG,IST,"75,508",$88.31,726 mi,207,$0.1216
LIS,KRK,"75,504",$165.39,"1,564 mi",207,$0.1057
BCN,FAO,"75,484",$126.47,596 mi,207,$0.2122
PMI,KRK,"75,470",$97.62,"1,070 mi",207,$0.0912
BOD,VCE,"75,466",$105.64,657 mi,207,$0.1608
LYS,KRK,"75,464",$52.08,721 mi,207,$0.0722
LED,UGC,"75,413",$89.08,"1,747 mi",207,$0.0510
CDG,VKO,"75,403",$591.61,"1,563 mi",207,$0.3785
BHX,REU,"75,368",$105.46,769 mi,206,$0.1371
ZRH,KRK,"75,322",$186.64,558 mi,206,$0.3345
ZRH,BDS,"75,318",$149.96,681 mi,206,$0.2202
DUB,MIA,"75,203",$436.32,"4,033 mi",206,$0.1082
SVO,ICN,"75,188",$301.38,"4,215 mi",206,$0.0715
ZRH,SKG,"75,159",$155.85,834 mi,206,$0.1869
MRS,PMO,"75,105",$87.26,565 mi,206,$0.1544
CDG,PMI,"75,077",$139.38,674 mi,206,$0.2068
PRG,JFK,"75,076",$533.79,"4,192 mi",206,$0.1273
BRU,VNO,"75,059",$153.69,930 mi,206,$0.1653
ARN,KEF,"75,034",$167.48,"1,371 mi",206,$0.1222
LGW,HAM,"74,980",$130.45,476 mi,205,$0.2741
ARN,TIA,"74,965",$173.29,"1,224 mi",205,$0.1416
AMS,IAH,"74,936","$1,014.72","5,151 mi",205,$0.1970
AGP,FEZ,"74,882",$41.44,186 mi,205,$0.2228
VIE,KUT,"74,786",$91.14,"1,280 mi",205,$0.0712
MRS,SVQ,"74,770",$91.02,737 mi,205,$0.1235
DUB,SOF,"74,768",$145.00,"1,496 mi",205,$0.0969
VIE,LUX,"74,743",$226.75,468 mi,205,$0.4845
MAD,PEK,"74,706",$464.03,"5,891 mi",205,$0.0788
STN,KSC,"74,705",$82.49,922 mi,205,$0.0895
MAN,JER,"74,675",$117.99,295 mi,205,$0.4000
CPH,TOS,"74,642",$139.14,961 mi,204,$0.1448
ATH,KRK,"74,633",$118.44,890 mi,204,$0.1331
PRG,GDN,"74,602",$73.65,335 mi,204,$0.2199
PRG,BRI,"74,596",$94.42,650 mi,204,$0.1453
PMI,BLL,"74,543",$110.52,"1,191 mi",204,$0.0928
FCO,ZNZ,"74,474",$431.54,"3,617 mi",204,$0.1193
MAN,OTP,"74,461",$140.26,"1,369 mi",204,$0.1025
ZRH,LPA,"74,440",$132.43,"1,921 mi",204,$0.0689
ZAG,BVA,"74,357",$79.97,719 mi,204,$0.1112
DME,ABA,"74,354",$188.90,"2,155 mi",204,$0.0877
FCO,SIN,"74,351",$685.11,"6,059 mi",204,$0.1131
ZRH,KUL,"74,195",$434.25,"6,413 mi",203,$0.0677
MAN,CUN,"74,136",$492.29,"4,698 mi",203,$0.1048
ARN,EWR,"74,103",$547.44,"3,801 mi",203,$0.1440
BGY,TRF,"74,101",$92.09,962 mi,203,$0.0957
STN,SDR,"74,094",$87.41,632 mi,203,$0.1383
BCN,IAS,"74,086",$108.12,"1,281 mi",203,$0.0844
ORY,LAX,"74,086",$250.94,"5,834 mi",203,$0.0430
VCE,LAX,"74,013",$676.24,"5,960 mi",203,$0.1135
ORY,SPU,"73,959",$82.32,732 mi,203,$0.1125
LHR,TRV,"73,932",$247.43,"5,061 mi",203,$0.0489
ZRH,ADB,"73,900",$120.33,"1,165 mi",202,$0.1033
ORY,DCM,"73,885",$105.68,368 mi,202,$0.2872
AMS,SEN,"73,847",$91.76,186 mi,202,$0.4933
SVO,HAN,"73,784",$333.16,"4,057 mi",202,$0.0821
GVA,SVQ,"73,762",$171.87,840 mi,202,$0.2046
BCN,LEI,"73,672",$237.19,401 mi,202,$0.5915
ZRH,LTN,"73,641",$128.62,486 mi,202,$0.2647
BHX,MUC,"73,615",$217.42,678 mi,202,$0.3207
AMS,ABZ,"73,597",$345.08,450 mi,202,$0.7668
EDI,SOU,"73,590",$184.24,344 mi,202,$0.5356
MRS,VLC,"73,561",$99.21,414 mi,202,$0.2396
STN,KGS,"73,543",$111.64,"1,721 mi",201,$0.0649
PRG,KRK,"73,528",$76.17,252 mi,201,$0.3023
MRS,NAP,"73,516",$95.54,512 mi,201,$0.1866
DUB,IAS,"73,405",$172.68,"1,586 mi",201,$0.1089
MAN,MED,"73,328",$252.40,"3,026 mi",201,$0.0834
BCN,NCL,"73,301",$155.29,994 mi,201,$0.1562
NTE,VLC,"73,296",$89.59,517 mi,201,$0.1733
LHR,ATQ,"73,249",$249.18,"3,813 mi",201,$0.0654
CPH,TLL,"73,234",$94.00,537 mi,201,$0.1750
CPH,CAI,"73,194",$135.93,"2,047 mi",201,$0.0664
NCL,DXB,"73,194",$513.94,"3,618 mi",201,$0.1421
LHR,BIO,"73,156",$305.58,593 mi,200,$0.5153
LHR,ZAG,"73,113",$220.05,876 mi,200,$0.2512
VIE,NRT,"73,110",$725.71,"5,517 mi",200,$0.1315
LIS,DEL,"73,050",$315.27,"4,681 mi",200,$0.0674
MAD,YYZ,"73,024",$450.59,"3,651 mi",200,$0.1234
LIS,ALC,"73,004",$96.11,451 mi,200,$0.2131
BGY,CRA,"72,992",$61.20,720 mi,200,$0.0850
BCN,GLA,"72,983",$207.38,"1,080 mi",200,$0.1920
AMS,BON,"72,958",$543.89,"4,987 mi",200,$0.1091
FCO,PHL,"72,948",$422.85,"4,228 mi",200,$0.1000
SVO,HKG,"72,860",$285.74,"4,302 mi",200,$0.0664
MAN,BJV,"72,857",$84.38,"1,863 mi",200,$0.0453
NAP,AHO,"72,810",$63.71,305 mi,199,$0.2089
STN,CTA,"72,802",$90.26,"1,266 mi",199,$0.0713
ATH,MEL,"72,774","$1,100.96","9,545 mi",199,$0.1153
AMS,LAS,"72,763",$842.98,"5,502 mi",199,$0.1532
BGY,BHX,"72,760",$109.80,718 mi,199,$0.1529
LED,BAX,"72,732",$166.33,"2,078 mi",199,$0.0800
STN,PDV,"72,691",$128.83,"1,374 mi",199,$0.0938
LHR,SJO,"72,663",$508.88,"5,573 mi",199,$0.0913
BGY,TLS,"72,603",$65.83,420 mi,199,$0.1567
LHR,BDA,"72,548","$1,565.86","3,326 mi",199,$0.4708
VIE,ADB,"72,506",$128.97,835 mi,199,$0.1545
LHR,NOC,"72,480",$129.83,400 mi,199,$0.3246
EDI,MCO,"72,391",$536.09,"4,282 mi",198,$0.1252
VCE,CGN,"72,356",$123.09,454 mi,198,$0.2711
BRU,RHO,"72,295",$146.89,"1,582 mi",198,$0.0929
SVO,BJV,"72,222",$206.63,"1,412 mi",198,$0.1463
LGW,OVD,"72,203",$219.12,609 mi,198,$0.3598
FCO,PVG,"72,201",$437.03,"5,527 mi",198,$0.0791
OTP,SAW,"72,173",$63.38,310 mi,198,$0.2045
PMI,WRO,"72,171",$94.87,"1,018 mi",198,$0.0932
BGY,ZAG,"72,047",$59.85,298 mi,197,$0.2008
VKO,YKS,"72,046",$236.30,"3,142 mi",197,$0.0752
LYS,BER,"71,993",$131.18,614 mi,197,$0.2136
EDI,WRO,"71,989",$84.35,920 mi,197,$0.0917
SOF,BSL,"71,898",$62.52,868 mi,197,$0.0720
DUB,DEN,"71,812",$509.60,"4,511 mi",197,$0.1130
BRU,CUN,"71,794",$238.39,"5,003 mi",197,$0.0476
LIS,IST,"71,736",$289.35,"1,936 mi",197,$0.1495
MRS,TNG,"71,728",$106.34,820 mi,197,$0.1297
BRU,LYS,"71,683",$128.99,348 mi,196,$0.3707
HEL,AYT,"71,650",$212.22,"1,589 mi",196,$0.1336
BRU,BLQ,"71,634",$155.59,558 mi,196,$0.2788
EDI,DUS,"71,573",$145.52,509 mi,196,$0.2859
AGP,ATH,"71,532",$260.80,"1,606 mi",196,$0.1624
CPH,EWR,"71,527",$519.09,"3,740 mi",196,$0.1388
WAW,ICN,"71,472",$630.25,"4,657 mi",196,$0.1353
LYS,AGA,"71,446",$119.13,"1,360 mi",196,$0.0876
FCO,KIX,"71,408",$565.63,"6,234 mi",196,$0.0907
FCO,BCM,"71,328",$64.55,771 mi,195,$0.0837
LHR,CFU,"71,328",$289.32,"1,237 mi",195,$0.2339
SNN,ACE,"71,293",$143.55,"1,609 mi",195,$0.0892
CPH,HKT,"71,252",$378.21,"5,755 mi",195,$0.0657
BCN,EMA,"71,250",$101.13,837 mi,195,$0.1208
ARN,CRL,"71,185",$74.35,801 mi,195,$0.0928
CDG,MCT,"71,180",$354.70,"3,362 mi",195,$0.1055
SOF,CGN,"71,178",$98.84,922 mi,195,$0.1072
AGP,CMN,"71,137",$54.75,279 mi,195,$0.1962
NTE,SXB,"71,123",$86.48,426 mi,195,$0.2030
AMS,ZAG,"71,123",$216.15,703 mi,195,$0.3075
AGP,SEN,"71,120",$135.81,"1,028 mi",195,$0.1321
LIS,HOR,"71,112",$202.21,"1,023 mi",195,$0.1977
CPH,LYS,"71,105",$130.16,736 mi,195,$0.1768
DUB,SOU,"71,082",$110.16,261 mi,195,$0.4221
LYS,WAW,"71,046",$150.84,819 mi,195,$0.1842
CDG,TFS,"71,022",$163.87,"1,715 mi",195,$0.0956
DUB,BTS,"71,002",$85.25,"1,050 mi",195,$0.0812
GVA,TLV,"70,988",$384.60,"1,867 mi",194,$0.2060
BCN,GOT,"70,932",$145.42,"1,254 mi",194,$0.1160
ARN,MXP,"70,911",$136.53,"1,071 mi",194,$0.1275
MAN,BLQ,"70,893",$123.90,890 mi,194,$0.1392
FCO,IAH,"70,829",$657.94,"5,500 mi",194,$0.1196
BUD,JFK,"70,794",$419.32,"4,228 mi",194,$0.0992
MXP,CMN,"70,790",$160.75,"1,246 mi",194,$0.1290
CDG,LOS,"70,717",$479.23,"3,020 mi",194,$0.1587
DUB,KTW,"70,717",$98.38,"1,125 mi",194,$0.0874
MAD,GIG,"70,706",$753.57,"4,911 mi",194,$0.1534
BRU,DSS,"70,695",$279.67,"2,859 mi",194,$0.0978
OTP,WAW,"70,688",$200.03,558 mi,194,$0.3585
LGW,SVG,"70,627",$171.17,564 mi,193,$0.3035
MAD,HND,"70,622",$794.70,"6,488 mi",193,$0.1225
BUD,CFU,"70,615",$88.15,526 mi,193,$0.1676
LYS,HRG,"70,570",$165.15,"1,967 mi",193,$0.0840
VIE,JED,"70,563",$176.69,"2,278 mi",193,$0.0776
MXP,KUT,"70,512",$102.45,"1,634 mi",193,$0.0627
PRG,ALC,"70,474",$151.05,"1,061 mi",193,$0.1424
LHR,SCL,"70,406","$1,199.97","7,458 mi",193,$0.1609
VIE,INI,"70,394",$54.91,404 mi,193,$0.1359
BRU,ALG,"70,329",$155.44,"1,014 mi",193,$0.1533
GVA,AYT,"70,295",$165.93,"1,465 mi",193,$0.1133
NAP,VLC,"70,198",$165.50,809 mi,192,$0.2046
STN,BLL,"70,177",$102.28,464 mi,192,$0.2204
MAN,DOH,"70,171",$298.37,"3,260 mi",192,$0.0915
FCO,YYC,"70,156",$319.47,"5,092 mi",192,$0.0627
NAP,STR,"70,095",$237.81,575 mi,192,$0.4136
DUB,BIO,"70,079",$156.56,737 mi,192,$0.2124
WAW,PSA,"70,058",$58.51,739 mi,192,$0.0792
CDG,BZV,"70,052",$881.57,"3,871 mi",192,$0.2277
ATH,STR,"70,043",$193.12,"1,076 mi",192,$0.1795
NCL,FUE,"70,027",$157.55,"1,993 mi",192,$0.0791
STN,BZG,"70,015",$119.04,771 mi,192,$0.1544
OSL,IST,"70,007",$182.88,"1,462 mi",192,$0.1251
BUD,NUE,"70,006",$88.61,413 mi,192,$0.2146
LHR,BLL,"69,944",$204.47,506 mi,192,$0.4041
AMS,VRN,"69,928",$145.69,535 mi,192,$0.2723
DUB,BNA,"69,908",$559.27,"3,779 mi",192,$0.1480
BCN,KIX,"69,907",$529.16,"6,612 mi",192,$0.0800
MAD,VRN,"69,819",$88.08,828 mi,191,$0.1064
NCE,STN,"69,746",$116.90,633 mi,191,$0.1847
WAW,LBA,"69,697",$46.55,916 mi,191,$0.0508
BUD,KUT,"69,549",$94.70,"1,226 mi",191,$0.0772
OSL,TLL,"69,547",$89.12,493 mi,191,$0.1808
BRU,HAM,"69,541",$214.20,308 mi,191,$0.6955
BHX,MAH,"69,534",$81.94,942 mi,191,$0.0870
EDI,OPO,"69,474",$128.45,"1,013 mi",190,$0.1268
AMS,NTE,"69,444",$321.33,469 mi,190,$0.6851
LHR,FLR,"69,418",$235.22,780 mi,190,$0.3016
BCN,IAD,"69,413",$612.90,"4,170 mi",190,$0.1470
BUD,GYD,"69,341",$101.35,"1,545 mi",190,$0.0656
CDG,AJA,"69,270",$144.57,558 mi,190,$0.2591
CDG,BJA,"69,211",$113.31,885 mi,190,$0.1280
AMS,ORK,"69,203",$186.75,546 mi,190,$0.3420
LYS,MUC,"69,192",$229.47,375 mi,190,$0.6119
LIS,PUJ,"69,172",$262.02,"3,668 mi",190,$0.0714
MRS,RNS,"69,158",$122.22,477 mi,189,$0.2562
BRU,TLL,"69,105",$146.26,"1,019 mi",189,$0.1435
BRU,RBA,"69,053",$99.00,"1,333 mi",189,$0.0743
LHR,SKG,"68,940",$260.40,"1,386 mi",189,$0.1879
AMS,CHQ,"68,937",$161.17,"1,543 mi",189,$0.1045
VKO,NMA,"68,887",$79.99,"1,788 mi",189,$0.0447
MXP,ORD,"68,819",$888.78,"4,375 mi",189,$0.2031
EDI,BVA,"68,804",$57.68,519 mi,189,$0.1111
CDG,NOU,"68,708","$1,259.19","10,678 mi",188,$0.1179
LYS,VIE,"68,687",$193.54,549 mi,188,$0.3525
FCO,POZ,"68,667",$48.06,741 mi,188,$0.0649
PRG,KUT,"68,641",$103.79,"1,404 mi",188,$0.0739
BCN,TRS,"68,610",$110.29,670 mi,188,$0.1646
WAW,SZZ,"68,591",$95.70,279 mi,188,$0.3430
MXP,CGK,"68,590",$637.57,"7,110 mi",188,$0.0897
BGY,LCJ,"68,540",$75.12,590 mi,188,$0.1273
MRS,LUX,"68,505",$73.12,417 mi,188,$0.1753
AMS,GDN,"68,505",$287.08,565 mi,188,$0.5081
HEL,HAM,"68,502",$179.96,704 mi,188,$0.2556
VIE,DEL,"68,413",$346.28,"3,549 mi",187,$0.0976
STN,AAR,"68,409",$145.41,535 mi,187,$0.2718
EDI,SNN,"68,346",$69.58,327 mi,187,$0.2128
GVA,BEG,"68,341",$190.90,672 mi,187,$0.2841
HEL,KEF,"68,338",$205.46,"1,565 mi",187,$0.1313
CDG,SLC,"68,289","$1,011.05","5,218 mi",187,$0.1938
AMS,JED,"68,254",$372.01,"2,878 mi",187,$0.1293
VIE,TGD,"68,240",$42.47,431 mi,187,$0.0985
LIS,IBZ,"68,173",$180.13,582 mi,187,$0.3095
PRG,HAN,"68,164",$396.80,"5,016 mi",187,$0.0791
LED,TFU,"68,107",$381.94,"4,008 mi",187,$0.0953
EDI,AGA,"68,084",$102.34,"1,741 mi",187,$0.0588
OSL,LIN,"68,045",$131.54,990 mi,186,$0.1329
HEL,TLL,"68,015",$47.53,65 mi,186,$0.7312
HEL,LGW,"67,985",$139.98,"1,120 mi",186,$0.1250
BHX,ZTH,"67,933",$115.25,"1,533 mi",186,$0.0752
OTP,BRS,"67,912",$135.89,"1,445 mi",186,$0.0940
FCO,GYD,"67,911",$117.73,"2,013 mi",186,$0.0585
BUD,LPL,"67,843",$77.07,"1,082 mi",186,$0.0712
BCN,KEF,"67,805",$183.84,"1,908 mi",186,$0.0964
DUB,ATL,"67,753",$812.56,"3,811 mi",186,$0.2132
FCO,MBA,"67,746",$377.19,"3,711 mi",186,$0.1016
VIE,HKT,"67,667",$383.36,"5,257 mi",185,$0.0729
LGW,PMO,"67,596",$243.76,"1,138 mi",185,$0.2142
CPH,SFO,"67,581",$599.45,"5,308 mi",185,$0.1129
AMS,YUL,"67,555",$344.06,"3,522 mi",185,$0.0977
MRS,FAO,"67,529",$77.97,798 mi,185,$0.0977
FCO,MEL,"67,518","$1,144.88","10,232 mi",185,$0.1119
STN,SUF,"67,508",$111.86,"1,216 mi",185,$0.0920
VIE,BIO,"67,474",$164.32,"1,024 mi",185,$0.1605
LED,NOZ,"67,423",$171.64,"2,049 mi",185,$0.0838
ATH,BEG,"67,334",$142.45,496 mi,184,$0.2872
BRU,AOE,"67,324",$165.93,"1,510 mi",184,$0.1099
SOF,NUE,"67,218",$85.75,731 mi,184,$0.1173
NAP,RAK,"67,210",$105.66,"1,352 mi",184,$0.0782
NAP,EWR,"67,162",$654.24,"4,537 mi",184,$0.1442
LIS,MLA,"67,149",$163.91,"1,348 mi",184,$0.1216
OSL,JFK,"67,128",$480.59,"3,787 mi",184,$0.1269
MXP,PEK,"67,092",$487.20,"4,877 mi",184,$0.0999
AMS,VNO,"66,992",$146.55,882 mi,184,$0.1662
CDG,MSP,"66,986",$731.35,"4,083 mi",184,$0.1791
LHR,NGO,"66,949","$1,163.02","6,112 mi",183,$0.1903
BHX,AGA,"66,944",$128.85,"1,531 mi",183,$0.0842
ZRH,FAO,"66,943",$118.79,"1,074 mi",183,$0.1106
OTP,NYO,"66,875",$25.71,"1,088 mi",183,$0.0236
VKO,ADB,"66,865",$185.43,"1,245 mi",183,$0.1489
EDI,RHO,"66,854",$183.60,"1,931 mi",183,$0.0951
CDG,HAJ,"66,841",$213.83,405 mi,183,$0.5280
LED,BKK,"66,777",$199.30,"4,869 mi",183,$0.0409
FCO,SOF,"66,734",$38.94,591 mi,183,$0.0659
NAP,DUS,"66,711",$158.65,827 mi,183,$0.1918
MAN,GIB,"66,674",$150.58,"1,234 mi",183,$0.1220
OTP,PFO,"66,634",$87.01,737 mi,183,$0.1181
MXP,HRG,"66,633",$138.97,"1,931 mi",183,$0.0720
ZAG,NRN,"66,595",$73.42,588 mi,182,$0.1249
EDI,PFO,"66,592",$180.53,"2,167 mi",182,$0.0833
MXP,DPS,"66,524",$518.56,"7,665 mi",182,$0.0677
MAN,MLE,"66,518",$578.49,"5,564 mi",182,$0.1040
HEL,DUS,"66,516",$217.86,909 mi,182,$0.2397
CDG,OPO,"66,434",$139.58,788 mi,182,$0.1771
ARN,FAO,"66,427",$178.40,"1,996 mi",182,$0.0894
MAN,BGI,"66,410",$508.98,"4,037 mi",182,$0.1261
BUD,GHV,"66,347",$47.14,311 mi,182,$0.1516
FCO,HER,"66,298",$119.66,853 mi,182,$0.1403
VCE,REG,"66,257",$63.64,525 mi,182,$0.1212
MAD,KEF,"66,230",$224.08,"1,742 mi",181,$0.1286
NAP,JTR,"66,172",$133.08,658 mi,181,$0.2022
LIS,REC,"66,159",$582.30,"3,748 mi",181,$0.1554
MAN,VRN,"66,081",$81.17,782 mi,181,$0.1038
CDG,VNO,"66,067",$179.50,"1,009 mi",181,$0.1779
ORY,CHQ,"66,012",$135.77,"1,475 mi",181,$0.0920
ZRH,IBZ,"65,969",$192.09,715 mi,181,$0.2687
STN,BJV,"65,927",$117.26,"1,720 mi",181,$0.0682
ATH,MIA,"65,883",$651.62,"6,026 mi",181,$0.1081
PMI,TSF,"65,876",$81.38,658 mi,180,$0.1237
NCE,MCM,"65,853",$174.61,12 mi,180,$14.5508
STN,KIR,"65,776",$83.97,403 mi,180,$0.2084
BCN,AHO,"65,737",$67.07,337 mi,180,$0.1990
MRS,DJE,"65,698",$79.48,703 mi,180,$0.1131
CDG,SXM,"65,564",$958.27,"4,061 mi",180,$0.2360
ZAG,FKB,"65,560",$62.01,442 mi,180,$0.1403
BRU,KRK,"65,538",$179.52,654 mi,180,$0.2745
AGP,CWL,"65,483",$114.26,988 mi,179,$0.1156
MAN,DEL,"65,474",$360.03,"4,362 mi",179,$0.0825
DUB,HEL,"65,468",$262.05,"1,219 mi",179,$0.2150
VCE,OLB,"65,383",$117.26,339 mi,179,$0.3459
CDG,TLL,"65,360",$168.37,"1,177 mi",179,$0.1431
MAD,PEI,"65,355",$486.38,"4,916 mi",179,$0.0989
STN,ZAZ,"65,340",$118.52,688 mi,179,$0.1723
GVA,LPL,"65,331",$69.27,650 mi,179,$0.1066
VCE,SAW,"65,324",$89.84,936 mi,179,$0.0960
OTP,DUS,"65,267",$186.27,"1,034 mi",179,$0.1801
MXP,LIM,"65,237",$511.09,"6,810 mi",179,$0.0750
ATH,BRI,"65,213",$94.96,455 mi,179,$0.2087
LHR,CVG,"65,201",$823.34,"4,071 mi",179,$0.2022
AMS,BFS,"65,152",$110.46,493 mi,178,$0.2241
CDG,BIO,"65,117",$136.93,487 mi,178,$0.2812
CPH,GOH,"65,085",$296.41,"2,134 mi",178,$0.1389
BUD,HAM,"65,077",$190.21,572 mi,178,$0.3325
BCN,SXB,"65,069",$103.45,552 mi,178,$0.1874
BRU,NRT,"65,066",$741.99,"6,053 mi",178,$0.1226
MAD,ZAG,"65,064",$200.67,"1,019 mi",178,$0.1969
GLA,YYZ,"65,045",$212.34,"3,381 mi",178,$0.0628
BRU,PVG,"64,924",$485.67,"5,440 mi",178,$0.0893
PRG,SOF,"64,916",$92.52,651 mi,178,$0.1421
NCE,SAW,"64,902",$101.05,"1,176 mi",178,$0.0859
LHR,CMN,"64,868",$296.74,"1,340 mi",178,$0.2214
MAD,VLC,"64,862",$62.63,172 mi,178,$0.3641
LHR,PIT,"64,856",$731.50,"3,821 mi",178,$0.1914
DUB,ABZ,"64,849",$98.49,297 mi,178,$0.3316
BHX,SAW,"64,847",$95.27,"1,707 mi",178,$0.0558
PRG,KGS,"64,753",$84.16,"1,085 mi",177,$0.0776
MAD,XPL,"64,738",$452.87,"5,423 mi",177,$0.0835
CDG,BRI,"64,702",$132.19,905 mi,177,$0.1461
WAW,FUE,"64,672",$155.04,"2,347 mi",177,$0.0661
BCN,TUN,"64,665",$135.94,550 mi,177,$0.2472
ZRH,DPS,"64,646",$565.45,"7,214 mi",177,$0.0784
LGW,SCQ,"64,629",$173.20,709 mi,177,$0.2443
CDG,MLE,"64,599",$413.96,"5,297 mi",177,$0.0781
LIS,BEG,"64,591",$99.73,"1,610 mi",177,$0.0619
DUB,BLQ,"64,571",$150.00,"1,031 mi",177,$0.1455
AMS,NDR,"64,538",$140.40,"1,219 mi",177,$0.1152
ZRH,ORD,"64,536",$954.25,"4,298 mi",177,$0.2220
CDG,SKG,"64,522",$182.38,"1,121 mi",177,$0.1627
AMS,SYD,"64,512","$1,261.85","10,662 mi",177,$0.1184
AGP,KTW,"64,498",$138.45,"1,551 mi",177,$0.0893
FCO,DEN,"64,489",$685.37,"5,383 mi",177,$0.1273
AMS,SZG,"64,460",$90.50,494 mi,177,$0.1832
ATH,IOA,"64,441",$110.92,201 mi,177,$0.5518
BRU,YUL,"64,424",$268.78,"3,555 mi",177,$0.0756
PMI,XRY,"64,408",$430.82,501 mi,176,$0.8599
VIE,CHQ,"64,346",$85.60,922 mi,176,$0.0928
BUD,KEF,"64,317",$59.41,"1,877 mi",176,$0.0317
AMS,SGN,"64,296",$420.36,"5,936 mi",176,$0.0708
EDI,FCO,"64,281",$133.32,"1,238 mi",176,$0.1077
BRU,LJU,"64,267",$216.34,575 mi,176,$0.3762
VCE,YYZ,"64,264",$341.29,"4,386 mi",176,$0.0778
MAD,TTU,"64,166",$60.88,341 mi,176,$0.1785
MRS,KRK,"64,144",$93.66,851 mi,176,$0.1101
MXP,ADB,"64,081",$178.72,"1,103 mi",176,$0.1620
BCN,GOA,"64,052",$161.36,392 mi,175,$0.4116
AMS,CUN,"63,993",$413.39,"5,299 mi",175,$0.0780
CDG,TNG,"63,983",$88.73,983 mi,175,$0.0903
DME,CAI,"63,961",$200.36,"1,723 mi",175,$0.1163
WAW,EWR,"63,935",$407.69,"4,394 mi",175,$0.0928
BGY,CFU,"63,928",$85.85,646 mi,175,$0.1329
SOF,HAM,"63,916",$74.92,"1,002 mi",175,$0.0748
HEL,HND,"63,834",$895.65,"5,007 mi",175,$0.1789
SOF,STR,"63,823",$68.48,774 mi,175,$0.0885
BRU,CTA,"63,783",$151.21,"1,032 mi",175,$0.1465
BRU,BRI,"63,777",$63.55,920 mi,175,$0.0691
LHR,CCU,"63,726",$403.58,"4,812 mi",175,$0.0839
BUD,PVG,"63,673",$344.83,"5,041 mi",174,$0.0684
LIS,CNF,"63,669",$621.44,"4,483 mi",174,$0.1386
LHR,LDY,"63,668",$178.82,359 mi,174,$0.4981
BGY,WMI,"63,611",$76.83,661 mi,174,$0.1162
BCN,KUT,"63,524",$89.68,"2,126 mi",174,$0.0422
ORY,OVD,"63,521",$270.53,553 mi,174,$0.4892
SNN,WRO,"63,498",$68.67,"1,133 mi",174,$0.0606
ARN,CGN,"63,460",$120.29,717 mi,174,$0.1678
AMS,KIX,"63,441",$778.08,"5,914 mi",174,$0.1316
MXP,SFO,"63,389",$666.74,"5,754 mi",174,$0.1159
AMS,YYC,"63,327",$429.10,"4,588 mi",173,$0.0935
ARN,OPO,"63,319",$154.83,"1,757 mi",173,$0.0881
AGP,KUN,"63,275",$145.42,"1,790 mi",173,$0.0812
VIE,TSF,"63,274",$46.23,260 mi,173,$0.1778
CPH,GOT,"63,232",$79.92,146 mi,173,$0.5474
NCE,EWR,"63,229","$1,004.13","3,876 mi",173,$0.2591
CDG,ALC,"63,207",$246.88,734 mi,173,$0.3363
PMI,RTM,"63,195",$146.08,887 mi,173,$0.1647
VCE,HAM,"63,118",$183.60,554 mi,173,$0.3314
VIE,PVG,"63,100",$618.78,"5,437 mi",173,$0.1138
MAN,COK,"63,073",$336.46,"5,346 mi",173,$0.0629
BOD,IST,"63,041",$143.62,"1,454 mi",173,$0.0988
FCO,RMF,"62,969",$125.80,"1,747 mi",173,$0.0720
MXP,ATL,"62,969",$816.11,"4,885 mi",173,$0.1671
SVO,CAI,"62,916",$168.70,"1,756 mi",172,$0.0961
DME,AUH,"62,867",$147.21,"2,372 mi",172,$0.0621
ARN,RHO,"62,808",$141.60,"1,619 mi",172,$0.0875
MAN,CAI,"62,792",$182.42,"2,256 mi",172,$0.0809
AGP,FUE,"62,791",$178.52,763 mi,172,$0.2340
HEL,DXB,"62,786",$555.55,"2,734 mi",172,$0.2032
VIE,BNX,"62,769",$61.70,229 mi,172,$0.2694
BCN,SPU,"62,717",$235.05,719 mi,172,$0.3269
AMS,LIM,"62,688",$795.36,"6,732 mi",172,$0.1181
MXP,BTS,"62,671",$59.88,424 mi,172,$0.1412
AGP,POZ,"62,653",$108.88,"1,456 mi",172,$0.0748
FCO,GOT,"62,652",$117.70,"1,129 mi",172,$0.1043
OTP,AYT,"62,646",$64.10,566 mi,172,$0.1133
BRU,SOF,"62,605",$146.25,"1,023 mi",172,$0.1430
VCE,TLV,"62,570",$313.05,"1,568 mi",171,$0.1996
GLA,IBZ,"62,564",$80.51,"1,168 mi",171,$0.0689
FCO,FMM,"62,512",$80.30,426 mi,171,$0.1885
BRU,DPS,"62,507",$488.13,"7,812 mi",171,$0.0625
FCO,CUN,"62,477",$379.91,"5,877 mi",171,$0.0646
LYS,MAH,"62,472",$85.52,395 mi,171,$0.2165
ZRH,CTA,"62,467",$118.94,789 mi,171,$0.1507
LHR,DMM,"62,457",$833.72,"3,026 mi",171,$0.2755
LGW,VAR,"62,351",$67.79,"1,456 mi",171,$0.0466
OSL,KTW,"62,322",$95.13,762 mi,171,$0.1248
BRU,KGS,"62,271",$153.64,"1,435 mi",171,$0.1071
CDG,FSC,"62,267",$168.71,590 mi,171,$0.2859
GVA,TFS,"62,240",$139.61,"1,707 mi",171,$0.0818
MAN,LIG,"62,219",$76.02,524 mi,170,$0.1451
LHR,SCQ,"62,191",$235.52,679 mi,170,$0.3469
PRG,OPO,"62,123",$152.25,"1,220 mi",170,$0.1248
FCO,VCE,"62,090",$97.11,248 mi,170,$0.3916
GVA,EWR,"62,071","$1,009.94","3,752 mi",170,$0.2692
WAW,TBS,"61,997",$190.42,"1,295 mi",170,$0.1470
ORY,ESU,"61,984",$144.19,"1,394 mi",170,$0.1034
MAD,DEL,"61,942",$376.36,"4,373 mi",170,$0.0861
NTE,YUL,"61,918",$224.11,"3,217 mi",170,$0.0697
BUD,TSF,"61,901",$73.70,368 mi,170,$0.2003
DME,MLE,"61,895",$566.24,"4,173 mi",170,$0.1357
SVO,BSZ,"61,888",$326.73,"1,800 mi",170,$0.1815
NCE,BEG,"61,865",$59.47,672 mi,169,$0.0885
MAN,LEI,"61,837",$107.61,"1,107 mi",169,$0.0972
CPH,BEY,"61,832",$267.90,"1,803 mi",169,$0.1486
LED,BEG,"61,828",$442.79,"1,147 mi",169,$0.3860
MXP,RZE,"61,808",$55.88,667 mi,169,$0.0838
GVA,CMN,"61,785",$158.41,"1,179 mi",169,$0.1344
AMS,SEA,"61,769",$763.11,"4,725 mi",169,$0.1615
SVO,KRR,"61,769",$176.83,783 mi,169,$0.2258
GLA,FUE,"61,704",$150.07,"2,010 mi",169,$0.0747
GOT,DUS,"61,667",$97.63,507 mi,169,$0.1926
LIS,SSA,"61,618",$575.06,"4,158 mi",169,$0.1383
WAW,MIA,"61,549",$583.22,"5,434 mi",169,$0.1073
VIE,KGS,"61,519",$130.86,974 mi,169,$0.1344
VIE,JFK,"61,518",$772.00,"4,102 mi",169,$0.1882
LGW,POS,"61,517",$491.80,"4,543 mi",169,$0.1083
GLA,FRA,"61,489",$144.73,653 mi,168,$0.2216
BUD,ZTH,"61,465",$82.35,694 mi,168,$0.1187
ORY,EVN,"61,383",$139.07,"2,190 mi",168,$0.0635
MAN,EFL,"61,311",$104.60,"1,464 mi",168,$0.0714
HEL,IVL,"61,234",$123.16,594 mi,168,$0.2073
PRG,BVA,"61,131",$65.00,527 mi,167,$0.1233
VCE,EWR,"61,046",$598.81,"4,033 mi",167,$0.1485
NCE,CFR,"61,030",$120.05,543 mi,167,$0.2211
GLA,REU,"61,028",$103.64,"1,079 mi",167,$0.0961
MRS,HER,"61,004",$170.01,"1,236 mi",167,$0.1375
SOF,AYT,"60,973",$81.71,543 mi,167,$0.1505
DME,BSZ,"60,967",$319.34,"1,883 mi",167,$0.1696
VIE,AMM,"60,966",$97.12,"1,567 mi",167,$0.0620
LHR,LIM,"60,958",$786.26,"6,496 mi",167,$0.1210
BOD,DUB,"60,947",$144.08,625 mi,167,$0.2305
MRS,MAH,"60,935",$59.66,244 mi,167,$0.2445
SVO,VRA,"60,917",$456.89,"6,096 mi",167,$0.0749
DUB,VNO,"60,895",$96.48,"1,311 mi",167,$0.0736
CDG,ACE,"60,859",$198.86,"1,579 mi",167,$0.1259
NAP,CMN,"60,858",$58.66,"1,269 mi",167,$0.0462
CPH,POZ,"60,834",$74.82,270 mi,167,$0.2771
AGP,BGO,"60,827",$216.78,"1,636 mi",167,$0.1325
ZRH,YYZ,"60,759",$619.95,"3,912 mi",166,$0.1585
LGW,MED,"60,704",$91.56,"2,708 mi",166,$0.0338
OSL,PLQ,"60,689",$95.32,452 mi,166,$0.2109
BCN,OLB,"60,602",$148.45,400 mi,166,$0.3711
DUB,SYD,"60,598","$1,180.36","11,018 mi",166,$0.1071
LHR,INV,"60,582",$178.75,456 mi,166,$0.3920
LED,NSK,"60,558",$158.74,"1,686 mi",166,$0.0942
ATH,EFL,"60,539",$90.23,194 mi,166,$0.4651
MRS,NDR,"60,467",$132.37,709 mi,166,$0.1867
GOT,BNX,"60,461",$86.67,878 mi,166,$0.0987
OTP,CDT,"60,459",$105.51,"1,315 mi",166,$0.0802
AGP,TRF,"60,436",$99.75,"1,741 mi",166,$0.0573
ARN,DXB,"60,405",$504.47,"3,062 mi",165,$0.1648
FCO,DTW,"60,388",$573.06,"4,477 mi",165,$0.1280
LED,KVK,"60,381",$143.51,563 mi,165,$0.2549
BRU,CAI,"60,375",$196.95,"2,054 mi",165,$0.0959
BHX,BZG,"60,356",$93.12,848 mi,165,$0.1098
MRS,AAE,"60,337",$88.37,491 mi,165,$0.1800
MRS,CLY,"60,322",$97.72,198 mi,165,$0.4935
HEL,PVG,"60,246",$863.14,"4,732 mi",165,$0.1824
AGP,TFS,"60,219",$46.90,950 mi,165,$0.0494
MAD,CTG,"60,208",$405.79,"4,661 mi",165,$0.0871
STN,TRF,"60,201",$93.28,618 mi,165,$0.1509
CDG,YOW,"60,193",$368.53,"3,620 mi",165,$0.1018
ATH,BOD,"60,178",$194.47,"1,317 mi",165,$0.1477
BGY,NCL,"60,151",$94.60,842 mi,165,$0.1124
CDG,SCQ,"60,148",$267.53,694 mi,165,$0.3855
ZRH,TFS,"60,142",$147.51,"1,846 mi",165,$0.0799
MAD,YUL,"60,108",$340.90,"3,552 mi",165,$0.0960
CDG,BLL,"59,930",$193.53,558 mi,164,$0.3468
MAD,MNL,"59,894",$610.48,"7,457 mi",164,$0.0819
VKO,UGC,"59,831",$71.74,"1,472 mi",164,$0.0487
SVO,HGH,"59,824",$280.35,"4,382 mi",164,$0.0640
AMS,GZP,"59,810",$125.91,"1,787 mi",164,$0.0705
MXP,BOS,"59,779",$688.31,"3,685 mi",164,$0.1868
SOF,PFO,"59,721",$74.12,758 mi,164,$0.0978
MXP,ZNZ,"59,717",$524.31,"4,167 mi",164,$0.1258
BCN,SDQ,"59,624",$265.08,"4,316 mi",163,$0.0614
NTE,ACE,"59,623",$153.36,"1,372 mi",163,$0.1118
BHX,GRO,"59,622",$160.09,736 mi,163,$0.2175
ZRH,GRU,"59,613","$1,164.51","5,791 mi",163,$0.2011
FCO,LIM,"59,606",$570.20,"6,535 mi",163,$0.0873
BHX,RMU,"59,550",$74.02,983 mi,163,$0.0753
NCE,YUL,"59,550",$330.01,"3,922 mi",163,$0.0841
LHR,RIX,"59,541",$185.50,"1,082 mi",163,$0.1714
WAW,BIO,"59,521",$89.36,"1,297 mi",163,$0.0689
OTP,TRN,"59,516",$94.72,929 mi,163,$0.1020
MAD,ALG,"59,506",$109.27,464 mi,163,$0.2355
LED,UCT,"59,489",$152.73,785 mi,163,$0.1946
FCO,CGK,"59,412",$679.61,"6,929 mi",163,$0.0981
MAN,SYD,"59,393","$1,134.37","10,253 mi",163,$0.1106
MAD,DSS,"59,391",$249.34,"1,902 mi",163,$0.1311
VIE,ZAD,"59,388",$70.02,275 mi,163,$0.2546
BHX,ZRH,"59,383",$232.57,555 mi,163,$0.4190
LHR,TIA,"59,318",$169.81,"1,144 mi",163,$0.1484
STN,LCA,"59,311",$78.07,"2,080 mi",162,$0.0375
LYS,PMO,"59,309",$106.73,684 mi,162,$0.1560
SNN,KUN,"59,307",$99.34,"1,382 mi",162,$0.0719
HEL,CRL,"59,303",$97.24,"1,016 mi",162,$0.0957
CDG,CPT,"59,299",$742.13,"5,992 mi",162,$0.1239
MRS,PRG,"59,292",$90.48,647 mi,162,$0.1398
VKO,SCW,"59,286",$143.00,622 mi,162,$0.2299
LGW,TIV,"59,261",$259.02,"1,107 mi",162,$0.2340
LCY,GCI,"59,180",$117.56,179 mi,162,$0.6568
LED,VVO,"59,128",$313.29,"4,182 mi",162,$0.0749
ORY,TIA,"59,096",$125.84,953 mi,162,$0.1320
LHR,KRK,"58,985",$233.83,914 mi,162,$0.2558
FCO,RIX,"58,970",$162.89,"1,132 mi",162,$0.1439
MAD,ATL,"58,956",$692.63,"4,455 mi",162,$0.1555
DME,KEJ,"58,937",$201.56,"1,912 mi",161,$0.1054
PMI,HER,"58,933",$289.18,"1,223 mi",161,$0.2365
MAD,GRX,"58,931",$97.38,236 mi,161,$0.4126
BUD,RHO,"58,891",$93.50,913 mi,161,$0.1024
LHR,CHC,"58,870","$1,276.87","11,441 mi",161,$0.1116
AMS,BEG,"58,837",$204.28,850 mi,161,$0.2403
BGY,ZAZ,"58,803",$93.68,585 mi,161,$0.1601
NCE,TIA,"58,801",$61.99,635 mi,161,$0.0976
GOT,ZRH,"58,769",$205.81,700 mi,161,$0.2940
ZRH,CPT,"58,769",$870.20,"5,490 mi",161,$0.1585
STN,RBA,"58,767",$131.02,"1,242 mi",161,$0.1055
MAN,ATL,"58,766",$992.66,"3,966 mi",161,$0.2503
FCO,SJJ,"58,757",$41.76,329 mi,161,$0.1269
FCO,GIG,"58,743",$654.36,"5,869 mi",161,$0.1115
AMS,LJU,"58,727",$167.97,587 mi,161,$0.2861
PMI,PIK,"58,714",$103.21,"1,188 mi",161,$0.0869
MXP,HKT,"58,658",$392.61,"5,972 mi",161,$0.0657
LIS,FOR,"58,621",$541.52,"3,592 mi",161,$0.1508
DUB,HHN,"58,606",$64.57,645 mi,161,$0.1001
EDI,KUN,"58,606",$165.49,"1,039 mi",161,$0.1593
MAN,LAS,"58,580",$657.03,"4,922 mi",160,$0.1335
FCO,SPX,"58,551",$257.25,"1,354 mi",160,$0.1900
OTP,PMI,"58,540",$125.29,"1,280 mi",160,$0.0979
LYS,FEZ,"58,494",$107.62,"1,002 mi",160,$0.1074
OSL,BEG,"58,446",$117.15,"1,162 mi",160,$0.1008
WAW,BER,"58,436",$180.19,325 mi,160,$0.5544
GVA,RUH,"58,426","$1,024.45","2,751 mi",160,$0.3724
VIE,FLR,"58,407",$160.99,381 mi,160,$0.4225
HEL,PMI,"58,406",$184.91,"1,672 mi",160,$0.1106
AMS,AUA,"58,395",$579.39,"4,748 mi",160,$0.1220
AMS,GRX,"58,391",$174.06,"1,158 mi",160,$0.1503
CDG,SOF,"58,387",$125.75,"1,057 mi",160,$0.1190
LED,TBS,"58,379",$172.80,"1,359 mi",160,$0.1272
VIE,EWR,"58,369",$825.95,"4,369 mi",160,$0.1890
SNN,TFS,"58,353",$101.58,"1,800 mi",160,$0.0564
MXP,KUL,"58,299",$458.37,"6,040 mi",160,$0.0759
CDG,CKY,"58,274",$575.47,"2,966 mi",160,$0.1940
VIE,RUH,"58,258",$394.31,"2,218 mi",160,$0.1778
MRS,DSS,"58,257",$200.40,"2,456 mi",160,$0.0816
ORY,KEF,"58,149",$123.34,"1,447 mi",159,$0.0852
SNN,REU,"58,119",$101.65,956 mi,159,$0.1063
VIE,OHD,"58,103",$77.41,505 mi,159,$0.1533
FCO,REG,"58,087",$78.44,324 mi,159,$0.2421
WAW,HAN,"58,013",$368.50,"5,002 mi",159,$0.0737
CDG,NKC,"57,938",$437.18,"2,430 mi",159,$0.1799
FCO,MCO,"57,924",$586.83,"4,955 mi",159,$0.1184
LGW,NQY,"57,895",$108.71,210 mi,159,$0.5177
MAN,PVG,"57,892",$556.35,"5,878 mi",159,$0.0946
MRS,CMN,"57,888",$166.20,951 mi,159,$0.1748
CDG,FOR,"57,884",$556.66,"4,530 mi",159,$0.1229
OTP,ZAZ,"57,779",$104.90,"1,418 mi",158,$0.0740
MAD,TUN,"57,777",$154.41,760 mi,158,$0.2032
DUB,CLE,"57,752",$389.96,"3,352 mi",158,$0.1163
MXP,LMP,"57,729",$207.36,707 mi,158,$0.2933
FCO,IAS,"57,710",$95.03,817 mi,158,$0.1163
NAP,PMI,"57,705",$135.98,598 mi,158,$0.2274
PRG,BSL,"57,687",$148.12,340 mi,158,$0.4356
LIS,FLR,"57,675",$158.50,"1,141 mi",158,$0.1389
AMS,STR,"57,623",$157.89,327 mi,158,$0.4828
ATH,PVG,"57,622",$656.21,"5,157 mi",158,$0.1272
AGP,NAP,"57,599",$133.05,"1,083 mi",158,$0.1229
CPH,BIO,"57,588",$169.27,"1,063 mi",158,$0.1592
MAN,JSI,"57,540",$129.40,"1,511 mi",158,$0.0856
MAN,DPS,"57,510",$561.32,"8,056 mi",158,$0.0697
WAW,HAM,"57,495",$213.56,454 mi,158,$0.4704
WAW,BKK,"57,430",$420.06,"5,194 mi",157,$0.0809
EDI,HER,"57,429",$149.38,"2,015 mi",157,$0.0741
MXP,KWI,"57,383",$457.64,"2,329 mi",157,$0.1965
FCO,PHX,"57,375",$619.81,"6,334 mi",157,$0.0979
AMS,HND,"57,373",$998.66,"5,963 mi",157,$0.1675
SVO,TAO,"57,358",$275.41,"3,800 mi",157,$0.0725
DUB,AYT,"57,287",$190.59,"2,038 mi",157,$0.0935
AGP,HHN,"57,266",$83.94,"1,055 mi",157,$0.0796
GVA,SCQ,"57,257",$154.72,772 mi,157,$0.2004
LYS,TFS,"57,225",$126.63,"1,750 mi",157,$0.0724
BGY,MRS,"57,201",$73.74,277 mi,157,$0.2662
ORY,SID,"57,191",$225.49,"2,708 mi",157,$0.0833
NCE,VCE,"57,162",$85.88,291 mi,157,$0.2951
VCE,CMN,"57,156",$87.77,"1,308 mi",157,$0.0671
BCN,DFW,"57,153",$595.57,"5,028 mi",157,$0.1185
ORY,BEY,"57,135",$225.17,"1,922 mi",157,$0.1172
BCN,BLL,"57,125",$170.84,"1,017 mi",157,$0.1680
MRS,IST,"57,012",$232.24,"1,242 mi",156,$0.1870
MRS,TUF,"56,988",$74.91,362 mi,156,$0.2069
ATH,NTE,"56,982",$190.09,"1,396 mi",156,$0.1362
BCN,MCO,"56,929",$511.42,"4,770 mi",156,$0.1072
WAW,TLL,"56,870",$192.27,507 mi,156,$0.3792
LGW,LEI,"56,864",$167.25,"1,024 mi",156,$0.1633
LIS,MAH,"56,854",$92.47,695 mi,156,$0.1331
BRU,ZAG,"56,848",$235.32,620 mi,156,$0.3795
AGP,BRE,"56,836",$109.57,"1,339 mi",156,$0.0818
BGY,SJJ,"56,806",$51.66,429 mi,156,$0.1204
NAP,SVQ,"56,789",$170.48,"1,138 mi",156,$0.1498
BOD,BRS,"56,788",$151.05,448 mi,156,$0.3372
MAD,MCO,"56,786",$568.76,"4,496 mi",156,$0.1265
MAD,VVI,"56,751",$495.92,"5,375 mi",155,$0.0923
EDI,RAK,"56,748",$157.04,"1,646 mi",155,$0.0954
MAN,AUH,"56,733",$419.60,"3,422 mi",155,$0.1226
BGY,TNG,"56,726",$122.07,"1,097 mi",155,$0.1113
FCO,SDR,"56,722",$81.26,848 mi,155,$0.0958
LHR,JMK,"56,722",$344.43,"1,538 mi",155,$0.2239
FCO,RTM,"56,661",$107.95,767 mi,155,$0.1407
MXP,BEG,"56,659",$138.87,549 mi,155,$0.2530
FCO,GLA,"56,641",$136.66,"1,263 mi",155,$0.1082
MAN,LDY,"56,604",$72.81,236 mi,155,$0.3085
CDG,LFW,"56,584",$596.39,"2,872 mi",155,$0.2077
GVA,YUL,"56,584",$477.15,"3,779 mi",155,$0.1263
BHX,DEL,"56,547",$405.31,"4,097 mi",155,$0.0989
AGP,VNO,"56,494",$83.18,"1,819 mi",155,$0.0457
EDI,IST,"56,488",$197.40,"1,811 mi",155,$0.1090
PRG,CAI,"56,448",$134.70,"1,691 mi",155,$0.0797
BHX,SOF,"56,385",$94.27,"1,302 mi",154,$0.0724
BCN,DBV,"56,337",$244.93,810 mi,154,$0.3024
BCN,LHE,"56,263",$245.02,"3,843 mi",154,$0.0638
VIE,SHJ,"56,261",$192.85,"2,705 mi",154,$0.0713
MAN,SKG,"56,239",$130.47,"1,428 mi",154,$0.0914
AMS,GRO,"56,224",$128.44,747 mi,154,$0.1719
NCL,RHO,"56,204",$165.67,"1,960 mi",154,$0.0845
AMS,SJO,"56,201",$403.27,"5,461 mi",154,$0.0738
LHR,HER,"56,174",$283.07,"1,738 mi",154,$0.1629
VCE,ZRH,"56,104",$116.00,233 mi,154,$0.4979
EDI,SOF,"56,101",$139.06,"1,453 mi",154,$0.0957
BRU,BEY,"56,052",$319.85,"1,892 mi",154,$0.1691
FCO,TPE,"56,042",$847.45,"6,149 mi",154,$0.1378
OSL,HOV,"56,023",$86.54,210 mi,153,$0.4121
CPH,MIA,"56,018",$405.02,"5,020 mi",153,$0.0807
BUD,SVQ,"56,008",$107.82,"1,405 mi",153,$0.0767
MXP,TGD,"55,989",$75.67,552 mi,153,$0.1371
DUB,NQY,"55,955",$65.31,219 mi,153,$0.2982
GVA,HER,"55,940",$168.47,"1,281 mi",153,$0.1315
ARN,IST,"55,907",$161.21,"1,311 mi",153,$0.1230
BCN,LIN,"55,866",$116.68,447 mi,153,$0.2610
ZRH,KEF,"55,862",$220.21,"1,586 mi",153,$0.1388
ATH,KVA,"55,840",$101.52,215 mi,153,$0.4722
ATH,HEL,"55,829",$212.80,"1,501 mi",153,$0.1418
GVA,VCE,"55,820",$167.31,313 mi,153,$0.5345
BRU,TLV,"55,806",$355.28,"1,959 mi",153,$0.1814
BHX,VLC,"55,726",$109.17,925 mi,153,$0.1180
OSL,DXB,"55,690",$507.73,"3,096 mi",153,$0.1640
NAP,KRK,"55,676",$90.38,667 mi,153,$0.1355
ARN,TRD,"55,661",$146.54,359 mi,152,$0.4082
CDG,EVN,"55,630",$232.88,"2,055 mi",152,$0.1133
LED,TOF,"55,618",$161.96,"2,021 mi",152,$0.0801
AMS,TPA,"55,605",$659.55,"4,741 mi",152,$0.1391
ZAG,HHN,"55,595",$64.44,516 mi,152,$0.1249
ZAG,STR,"55,591",$159.50,391 mi,152,$0.4079
DUB,CGN,"55,540",$95.76,612 mi,152,$0.1565
MXP,ZTH,"55,539",$119.09,804 mi,152,$0.1481
VKO,HMA,"55,513",$140.50,"1,165 mi",152,$0.1206
AMS,HAN,"55,508",$403.37,"5,348 mi",152,$0.0754
BHX,NOC,"55,506",$75.18,300 mi,152,$0.2506
LYS,FSC,"55,496",$91.95,365 mi,152,$0.2519
ARN,PSA,"55,475",$125.63,"1,114 mi",152,$0.1128
SOF,FKB,"55,471",$73.13,823 mi,152,$0.0889
CPH,IAD,"55,397",$426.01,"4,185 mi",152,$0.1018
HEL,SPU,"55,389",$160.67,"1,178 mi",152,$0.1364
VKO,HKT,"55,385",$156.12,"4,505 mi",152,$0.0347
AGP,IST,"55,369",$291.53,"1,856 mi",152,$0.1571
CDG,LBV,"55,359",$808.29,"3,480 mi",152,$0.2323
ARN,RAK,"55,356",$162.37,"2,208 mi",152,$0.0735
CDG,RMO,"55,315",$139.67,"1,186 mi",152,$0.1178
CPH,FLR,"55,306",$148.23,794 mi,152,$0.1867
FCO,JMK,"55,287",$170.50,782 mi,151,$0.2180
LGW,LCG,"55,283",$181.89,643 mi,151,$0.2829
MXP,YYZ,"55,279",$563.63,"4,231 mi",151,$0.1332
FCO,KUT,"55,166",$120.12,"1,499 mi",151,$0.0801
BGY,NRN,"55,155",$57.93,428 mi,151,$0.1354
PRG,RMO,"55,153",$85.75,726 mi,151,$0.1181
BCN,HKG,"55,044",$838.14,"6,438 mi",151,$0.1302
LIS,OXB,"55,030",$272.57,"1,843 mi",151,$0.1479
MAN,GCI,"54,985",$118.12,263 mi,151,$0.4491
MXP,MCT,"54,975",$351.49,"3,045 mi",151,$0.1154
FCO,CLJ,"54,972",$100.23,682 mi,151,$0.1470
AGP,BVA,"54,959",$94.52,971 mi,151,$0.0973
AGP,HAJ,"54,949",$188.25,"1,329 mi",151,$0.1416
ZAG,SKP,"54,910",$140.59,369 mi,150,$0.3810
STN,BNJ,"54,875",$114.01,316 mi,150,$0.3608
BCN,TSR,"54,810",$103.48,981 mi,150,$0.1055
FCO,PEK,"54,736",$528.27,"4,910 mi",150,$0.1076
EDI,KEF,"54,730",$138.76,886 mi,150,$0.1566
BOD,BER,"54,709",$161.71,855 mi,150,$0.1891
NCE,ALG,"54,709",$100.24,542 mi,150,$0.1849
LCY,PMI,"54,645",$278.56,811 mi,150,$0.3435
ARN,TOS,"54,618",$134.06,715 mi,150,$0.1875
MAD,DPS,"54,611",$538.29,"7,868 mi",150,$0.0684
GLA,PRG,"54,595",$102.55,896 mi,150,$0.1145
VCE,TPS,"54,588",$60.20,509 mi,150,$0.1183
AMS,DEN,"54,580",$662.31,"4,942 mi",150,$0.1340
AMS,LOS,"54,575",$480.25,"3,256 mi",150,$0.1475
MAD,PTY,"54,571",$566.91,"5,220 mi",150,$0.1086
FCO,ADL,"54,530","$1,044.45","9,250 mi",149,$0.1129
GOT,ZAG,"54,526",$70.97,814 mi,149,$0.0872
CDG,PNH,"54,500",$524.74,"6,347 mi",149,$0.0827
VIE,MRU,"54,490",$636.36,"5,535 mi",149,$0.1150
ATH,ZTH,"54,463",$82.42,162 mi,149,$0.5088
LHR,YHZ,"54,438",$345.93,"2,933 mi",149,$0.1179
NCE,LAX,"54,413","$1,514.74","6,258 mi",149,$0.2420
AGP,SDR,"54,378",$98.53,482 mi,149,$0.2044
VIE,BOJ,"54,369",$71.79,674 mi,149,$0.1065
MAN,WAW,"54,332",$149.49,942 mi,149,$0.1587
VIE,DPS,"54,327",$480.00,"6,851 mi",149,$0.0701
DUB,YVR,"54,305",$424.69,"4,318 mi",149,$0.0984
VIE,CAG,"54,291",$116.00,739 mi,149,$0.1570
VCE,MIA,"54,254",$609.30,"5,242 mi",149,$0.1162
GVA,HRG,"54,235",$215.16,"2,063 mi",149,$0.1043
CDG,TOS,"54,231",$152.79,"1,483 mi",149,$0.1030
MXP,TLL,"54,200",$123.35,"1,127 mi",148,$0.1094
OTP,TRF,"54,163",$35.56,"1,244 mi",148,$0.0286
HEL,VNO,"54,148",$102.96,405 mi,148,$0.2542
HEL,MAN,"54,110",$250.60,"1,092 mi",148,$0.2295
SVO,OSS,"54,084",$177.57,"1,853 mi",148,$0.0958
VCE,EVN,"54,079",$76.42,"1,704 mi",148,$0.0448
NCE,TLV,"54,078",$377.56,"1,649 mi",148,$0.2290
MAD,BEG,"54,053",$186.21,"1,207 mi",148,$0.1543
LGW,LAS,"54,044",$641.30,"5,397 mi",148,$0.1188
LHR,BNJ,"53,984",$122.94,342 mi,148,$0.3595
NAP,TLS,"53,949",$106.75,666 mi,148,$0.1603
GOT,LLA,"53,941",$200.77,651 mi,148,$0.3084
BCN,VRN,"53,941",$98.14,509 mi,148,$0.1928
BUD,VCE,"53,935",$80.08,343 mi,148,$0.2335
NCE,EIN,"53,934",$113.40,561 mi,148,$0.2021
AGP,TTU,"53,843",$48.06,85 mi,148,$0.5654
NAP,VRN,"53,842",$85.88,367 mi,148,$0.2340
AMS,BLR,"53,801",$601.34,"4,637 mi",147,$0.1297
DUB,BSL,"53,791",$115.38,747 mi,147,$0.1545
SOF,ZRH,"53,784",$172.07,771 mi,147,$0.2232
BCN,ISB,"53,773",$233.22,"3,925 mi",147,$0.0594
OTP,SVQ,"53,761",$126.13,"1,676 mi",147,$0.0753
ZAG,SKG,"53,728",$74.77,516 mi,147,$0.1449
ATH,AUH,"53,692",$211.05,"2,088 mi",147,$0.1011
LHR,YOW,"53,692",$573.44,"3,222 mi",147,$0.1780
MRS,ESU,"53,662",$81.02,"1,128 mi",147,$0.0718
EDI,BTS,"53,636",$75.13,"1,052 mi",147,$0.0714
LYS,MLA,"53,613",$82.13,814 mi,147,$0.1009
CDG,BGO,"53,612",$144.16,763 mi,147,$0.1889
DUB,BIQ,"53,606",$137.05,743 mi,147,$0.1845
STN,CLJ,"53,582",$132.96,"1,140 mi",147,$0.1166
SVO,DOH,"53,560",$404.92,"2,171 mi",147,$0.1865
CPH,SIN,"53,492",$866.97,"6,007 mi",147,$0.1443
BGY,PSR,"53,448",$66.00,325 mi,146,$0.2031
NCE,CGN,"53,444",$192.78,482 mi,146,$0.4000
SOF,ALC,"53,404",$149.56,"1,252 mi",146,$0.1195
NTE,IST,"53,291",$176.31,"1,592 mi",146,$0.1107
BRU,RMO,"53,244",$138.24,"1,104 mi",146,$0.1252
AGP,MAH,"53,230",$81.75,505 mi,146,$0.1619
BCN,PEK,"53,223",$514.51,"5,312 mi",146,$0.0969
GLA,SYY,"53,202",$205.88,172 mi,146,$1.1970
BCN,NUE,"53,179",$197.60,735 mi,146,$0.2688
NTE,ALG,"53,166",$145.14,787 mi,146,$0.1844
SVO,SEZ,"53,141",$430.42,"4,185 mi",146,$0.1028
BOD,YUL,"53,133",$244.89,"3,532 mi",146,$0.0693
AGP,LCY,"53,102",$314.25,"1,080 mi",145,$0.2910
SVO,SKD,"53,026",$98.52,"1,802 mi",145,$0.0547
AMS,SOU,"53,025",$163.52,271 mi,145,$0.6034
EDI,CFU,"53,025",$124.90,"1,595 mi",145,$0.0783
AMS,DFW,"53,024",$825.59,"4,762 mi",145,$0.1734
VIE,OLB,"53,021",$139.79,625 mi,145,$0.2237
MAN,CCF,"52,978",$85.12,753 mi,145,$0.1130
MAN,RZE,"52,971",$82.20,"1,026 mi",145,$0.0801
HEL,KTT,"52,924",$117.20,495 mi,145,$0.2368
LHR,TFS,"52,913",$312.57,"1,877 mi",145,$0.1665
ARN,SVG,"52,883",$137.64,449 mi,145,$0.3065
BCN,DPS,"52,866",$548.15,"7,577 mi",145,$0.0723
ARN,JFK,"52,845",$614.79,"3,792 mi",145,$0.1621
ARN,HND,"52,841",$805.21,"5,227 mi",145,$0.1540
DBV,BRS,"52,822",$133.18,"1,191 mi",145,$0.1118
BUD,GOT,"52,795",$125.55,787 mi,145,$0.1595
LYS,DSS,"52,762",$239.19,"2,577 mi",145,$0.0928
AMS,SLC,"52,749",$770.89,"4,827 mi",145,$0.1597
AMS,SOF,"52,739",$121.11,"1,122 mi",144,$0.1079
BRU,IAD,"52,734",$808.65,"3,766 mi",144,$0.2147
BUD,OPO,"52,700",$142.77,"1,393 mi",144,$0.1025
ZRH,TPE,"52,680",$859.38,"5,739 mi",144,$0.1497
EDI,ATL,"52,676",$693.36,"3,880 mi",144,$0.1787
MAN,KTW,"52,604",$84.11,956 mi,144,$0.0880
FCO,OVD,"52,591",$157.48,962 mi,144,$0.1637
BUD,CAG,"52,586",$112.03,739 mi,144,$0.1516
EDI,IBZ,"52,586",$116.01,"1,236 mi",144,$0.0939
AGP,NUE,"52,572",$118.36,"1,214 mi",144,$0.0975
LED,GRV,"52,534",$139.01,"1,345 mi",144,$0.1034
BGY,LPA,"52,522",$118.48,"1,892 mi",144,$0.0626
VCE,ORD,"52,515",$646.83,"4,796 mi",144,$0.1349
AGP,AAR,"52,506",$112.36,"1,481 mi",144,$0.0759
AGP,PSA,"52,495",$120.74,893 mi,144,$0.1352
MAN,TIA,"52,487",$144.42,"1,348 mi",144,$0.1071
MXP,SKP,"52,461",$46.30,669 mi,144,$0.0692
STN,TGD,"52,447",$90.87,"1,072 mi",144,$0.0848
CDG,ISB,"52,430",$354.43,"3,773 mi",144,$0.0939
HEL,HKT,"52,415",$505.26,"5,319 mi",144,$0.0950
PMI,BVA,"52,364",$72.77,664 mi,143,$0.1096
BRU,JED,"52,363",$301.91,"2,665 mi",143,$0.1133
BCN,WMI,"52,316",$102.48,"1,196 mi",143,$0.0857
FCO,TFU,"52,230",$270.37,"5,112 mi",143,$0.0529
NCL,CFU,"52,217",$199.62,"1,414 mi",143,$0.1412
PMI,SOF,"52,168",$83.11,"1,127 mi",143,$0.0737
NTE,MIR,"52,167",$121.96,"1,042 mi",143,$0.1170
NAP,TFS,"52,159",$156.52,"2,014 mi",143,$0.0777
MXP,SKG,"52,142",$167.78,776 mi,143,$0.2162
LHR,EBB,"52,125",$333.31,"4,158 mi",143,$0.0802
BOD,HER,"52,119",$164.21,"1,554 mi",143,$0.1057
EDI,FNC,"52,091",$113.21,"1,679 mi",143,$0.0674
ARN,POZ,"52,086",$85.07,516 mi,143,$0.1649
STN,EFL,"52,075",$86.02,"1,323 mi",143,$0.0650
GLA,BER,"52,059",$147.89,740 mi,143,$0.1999
ATH,WRO,"52,056",$108.81,"1,002 mi",143,$0.1086
LGW,ADB,"52,044",$165.51,"1,547 mi",143,$0.1070
LGW,YVR,"52,017",$435.55,"4,592 mi",143,$0.0948
AMS,RMO,"51,991",$167.91,"1,171 mi",142,$0.1434
CDG,AMM,"51,984",$323.52,"2,038 mi",142,$0.1587
MRS,MIR,"51,898",$74.34,589 mi,142,$0.1262
DBV,HEL,"51,876",$121.41,"1,221 mi",142,$0.0994
NAP,SPU,"51,871",$77.83,216 mi,142,$0.3603
AMS,PKX,"51,864",$415.71,"4,742 mi",142,$0.0877
MAD,FEZ,"51,849",$56.01,474 mi,142,$0.1182
MRS,IBZ,"51,784",$95.24,384 mi,142,$0.2480
LIS,KEF,"51,762",$163.83,"1,882 mi",142,$0.0871
DUB,BKK,"51,753",$433.09,"6,321 mi",142,$0.0685
ZRH,RHO,"51,732",$172.24,"1,218 mi",142,$0.1414
MXP,BOM,"51,731",$515.41,"3,923 mi",142,$0.1314
LHR,SPU,"51,675",$217.29,923 mi,142,$0.2354
AMS,NBO,"51,667",$433.06,"4,273 mi",142,$0.1013
BCN,DSS,"51,626",$155.12,"2,103 mi",141,$0.0738
LYS,ACE,"51,605",$150.95,"1,495 mi",141,$0.1010
ORY,BDS,"51,598",$103.69,915 mi,141,$0.1133
ATH,LUX,"51,558",$243.27,"1,156 mi",141,$0.2104
AMS,RUH,"51,531",$582.13,"2,969 mi",141,$0.1961
ORY,SKG,"51,530",$110.39,"1,190 mi",141,$0.0928
ATH,DBV,"51,526",$198.37,425 mi,141,$0.4668
MAD,HKG,"51,510","$1,088.58","6,724 mi",141,$0.1619
BRU,SIN,"51,469","$1,210.90","6,755 mi",141,$0.1793
ZRH,MCT,"51,450",$371.06,"3,269 mi",141,$0.1135
CPH,ZAG,"51,415",$166.37,677 mi,141,$0.2457
LGW,GOX,"51,409",$325.06,"4,829 mi",141,$0.0673
ZRH,RIX,"51,358",$163.88,892 mi,141,$0.1837
LGW,TLL,"51,338",$162.94,"1,162 mi",141,$0.1402
GVA,ALG,"51,331",$164.13,696 mi,141,$0.2358
VIE,FUE,"51,305",$208.33,"2,177 mi",141,$0.0957
LED,RGK,"51,239",$168.48,"2,086 mi",140,$0.0808
LHR,SAW,"51,225",$231.22,"1,537 mi",140,$0.1504
NAP,BVA,"51,219",$95.12,811 mi,140,$0.1173
LYS,SOF,"51,196",$81.15,957 mi,140,$0.0848
BRU,HKT,"51,179",$315.26,"5,771 mi",140,$0.0546
NAP,NTE,"51,174",$138.13,872 mi,140,$0.1584
LGW,TGD,"51,148",$77.50,"1,064 mi",140,$0.0728
LED,IWA,"51,132",$120.86,418 mi,140,$0.2891
MXP,BRS,"51,083",$122.96,676 mi,140,$0.1819
NCL,HER,"51,065",$178.79,"1,809 mi",140,$0.0988
LGW,COK,"51,011",$311.28,"5,246 mi",140,$0.0593
ZRH,CAI,"50,984",$214.48,"1,756 mi",140,$0.1221
MAN,JTR,"50,982",$112.11,"1,721 mi",140,$0.0651
LHR,RAK,"50,927",$268.19,"1,469 mi",140,$0.1826
DUB,SCQ,"50,917",$157.81,712 mi,139,$0.2216
ZAG,ZRH,"50,900",$145.81,365 mi,139,$0.3995
ATH,MNL,"50,895",$580.01,"6,160 mi",139,$0.0942
PRG,BIO,"50,890",$219.85,964 mi,139,$0.2281
NTE,RHO,"50,887",$130.93,"1,738 mi",139,$0.0753
MAD,GUA,"50,884",$631.88,"5,249 mi",139,$0.1204
ATH,BSL,"50,882",$178.93,"1,096 mi",139,$0.1633
AMS,TRD,"50,871",$315.50,778 mi,139,$0.4055
BUD,HER,"50,866",$96.91,917 mi,139,$0.1057
BUD,GOA,"50,852",$64.80,526 mi,139,$0.1232
CPH,DPS,"50,812",$516.17,"7,420 mi",139,$0.0696
MAD,DFW,"50,791",$721.07,"4,805 mi",139,$0.1501
LGW,ALG,"50,778",$286.27,983 mi,139,$0.2912
AGP,NCE,"50,751",$300.20,806 mi,139,$0.3725
WAW,SPU,"50,739",$47.79,653 mi,139,$0.0732
OTP,AUH,"50,728",$121.59,"2,184 mi",139,$0.0557
LYS,BRI,"50,706",$97.32,645 mi,139,$0.1509
GVA,GRU,"50,706","$1,053.65","5,653 mi",139,$0.1864
BGY,VIT,"50,692",$74.16,624 mi,139,$0.1188
MXP,HAN,"50,588",$444.91,"5,673 mi",139,$0.0784
NTE,FNC,"50,579",$93.69,"1,240 mi",139,$0.0756
BCN,ORK,"50,553",$126.85,857 mi,139,$0.1480
AGP,ANR,"50,535",$240.11,"1,128 mi",138,$0.2129
DUB,CRL,"50,514",$85.22,485 mi,138,$0.1757
PMI,KLU,"50,509",$119.79,739 mi,138,$0.1621
HEL,FNC,"50,499",$307.37,"2,595 mi",138,$0.1184
FCO,YVR,"50,471",$413.07,"5,760 mi",138,$0.0717
GVA,NBE,"50,429",$161.57,759 mi,138,$0.2129
CPH,BOS,"50,413",$462.16,"3,770 mi",138,$0.1226
FCO,MSP,"50,410",$533.72,"5,036 mi",138,$0.1060
AMS,PMO,"50,388",$124.78,"1,023 mi",138,$0.1220
VIE,CFU,"50,330",$76.61,593 mi,138,$0.1292
MXP,AUH,"50,325",$711.34,"2,841 mi",138,$0.2504
VKO,UCT,"50,308",$167.21,771 mi,138,$0.2169
CDG,FNC,"50,290",$103.97,"1,550 mi",138,$0.0671
CDG,SAN,"50,274",$789.71,"5,513 mi",138,$0.1432
CPH,ORD,"50,269",$454.68,"4,130 mi",138,$0.1101
LIS,CMN,"50,251",$86.66,394 mi,138,$0.2199
OTP,LPL,"50,251",$92.54,"1,390 mi",138,$0.0666
LIS,BSB,"50,234",$710.49,"4,667 mi",138,$0.1522
BCN,LCA,"50,220",$262.68,"1,708 mi",138,$0.1538
HEL,WAW,"50,218",$199.18,600 mi,138,$0.3320
MXP,SYD,"50,215","$1,291.41","10,618 mi",138,$0.1216
BCN,OUD,"50,209",$71.27,515 mi,138,$0.1384
EDI,SVQ,"50,176",$126.32,"1,325 mi",137,$0.0953
BCN,PIK,"50,165",$91.45,"1,058 mi",137,$0.0864
WAW,HER,"50,160",$102.61,"1,146 mi",137,$0.0895
VCE,SSH,"50,148",$149.13,"1,657 mi",137,$0.0900
BOD,TFS,"50,130",$135.52,"1,407 mi",137,$0.0963
MRS,TSF,"50,110",$68.75,365 mi,137,$0.1884
FCO,RUH,"50,094",$579.34,"2,349 mi",137,$0.2466
WAW,BBU,"50,057",$24.50,562 mi,137,$0.0436
AMS,TBS,"50,010",$227.91,"1,941 mi",137,$0.1174
HEL,MAD,"50,008",$288.97,"1,775 mi",137,$0.1628
CPH,KYA,"50,004",$168.96,"1,483 mi",137,$0.1139
VIE,LAX,"49,958",$787.26,"6,307 mi",137,$0.1248
BRU,DEL,"49,835",$443.89,"3,857 mi",137,$0.1151
ZRH,KGS,"49,829",$152.55,"1,161 mi",137,$0.1314
ATH,ADB,"49,817",$146.65,171 mi,136,$0.8576
NCE,FSC,"49,812",$87.23,172 mi,136,$0.5072
LHR,CBR,"49,811","$2,443.58","10,886 mi",136,$0.2245
OSL,FRO,"49,810",$82.00,233 mi,136,$0.3519
BUD,RAK,"49,736",$121.82,"1,750 mi",136,$0.0696
MAD,SIN,"49,734",$823.66,"7,284 mi",136,$0.1131
GOT,PRG,"49,733",$111.88,513 mi,136,$0.2181
ARN,OTP,"49,708",$154.55,"1,129 mi",136,$0.1369
BUD,JED,"49,690",$178.14,"2,159 mi",136,$0.0825
SVO,KIX,"49,638",$298.90,"4,428 mi",136,$0.0675
VKO,NOJ,"49,630",$146.45,"1,453 mi",136,$0.1008
BHX,SVQ,"49,568",$110.35,"1,090 mi",136,$0.1012
OTP,CFU,"49,566",$126.60,453 mi,136,$0.2795
AMS,AGA,"49,556",$102.57,"1,631 mi",136,$0.0629
ORY,RAI,"49,556",$213.01,"2,839 mi",136,$0.0750
FCO,HAJ,"49,541",$175.42,724 mi,136,$0.2423
LED,DWC,"49,531",$554.72,"2,772 mi",136,$0.2001
GOT,SKP,"49,463",$102.11,"1,194 mi",136,$0.0855
AMS,EZE,"49,456",$843.47,"6,908 mi",135,$0.1221
SOF,LPL,"49,419",$172.00,"1,449 mi",135,$0.1187
BUD,GLA,"49,407",$58.51,"1,197 mi",135,$0.0489
GVA,HAM,"49,349",$229.41,555 mi,135,$0.4134
MRS,TLV,"49,329",$319.00,"1,844 mi",135,$0.1730
GVA,SIN,"49,313","$1,527.94","6,330 mi",135,$0.2414
BHX,FNC,"49,292",$83.22,"1,605 mi",135,$0.0519
VCE,TFS,"49,282",$100.76,"2,046 mi",135,$0.0492
LED,YKS,"49,282",$287.85,"3,098 mi",135,$0.0929
ARN,SJJ,"49,267",$113.30,"1,127 mi",135,$0.1005
FCO,RZE,"49,262",$52.00,719 mi,135,$0.0723
LED,KEJ,"49,250",$166.73,"1,970 mi",135,$0.0846
CPH,SGD,"49,210",$59.78,117 mi,135,$0.5109
BRU,CDG,"49,145",$241.64,151 mi,135,$1.6003
ZRH,USM,"49,142",$623.11,"5,629 mi",135,$0.1107
LHR,TFU,"49,140",$434.95,"5,347 mi",135,$0.0813
CDG,DBV,"49,129",$229.43,850 mi,135,$0.2699
DUB,EIN,"49,127",$98.09,493 mi,135,$0.1990
LGW,ATQ,"49,002",$355.83,"4,042 mi",134,$0.0880
AMS,PDX,"48,993",$974.56,"5,139 mi",134,$0.1896
LYS,BJA,"48,949",$109.43,604 mi,134,$0.1812
CPH,MRS,"48,941",$175.53,877 mi,134,$0.2001
LGW,SID,"48,931",$129.64,"2,606 mi",134,$0.0497
WAW,DTM,"48,904",$81.84,554 mi,134,$0.1477
AMS,TIA,"48,902",$98.73,"1,059 mi",134,$0.0932
MXP,VKO,"48,861",$826.43,"1,372 mi",134,$0.6024
CDG,CFU,"48,855",$136.06,"1,041 mi",134,$0.1307
PRG,BKK,"48,835",$406.10,"5,181 mi",134,$0.0784
PRG,TPE,"48,832",$849.55,"5,768 mi",134,$0.1473
MAN,PER,"48,812",$894.85,"8,820 mi",134,$0.1015
DUB,FMM,"48,811",$92.15,787 mi,134,$0.1171
PRG,BLQ,"48,738",$99.72,421 mi,134,$0.2369
GOT,BER,"48,735",$133.91,380 mi,134,$0.3524
ORY,VIL,"48,735",$115.67,"1,935 mi",134,$0.0598
MRS,LRH,"48,659",$83.50,356 mi,133,$0.2346
PRG,ZTH,"48,640",$127.55,887 mi,133,$0.1438
STN,CHQ,"48,623",$138.98,"1,679 mi",133,$0.0828
VKO,MJZ,"48,555",$174.75,"2,524 mi",133,$0.0692
AMS,GIG,"48,469",$757.59,"6,118 mi",133,$0.1238
LHR,WLG,"48,405","$1,269.59","12,050 mi",133,$0.1054
GLA,MLA,"48,384",$94.66,"1,692 mi",133,$0.0559
SVO,KQT,"48,359",$157.56,"1,855 mi",132,$0.0849
HEL,JFK,"48,340",$770.74,"3,982 mi",132,$0.1936
SVO,SKX,"48,298",$137.22,324 mi,132,$0.4235
STN,VGO,"48,285",$83.94,761 mi,132,$0.1103
MAD,MLE,"48,274",$403.47,"5,192 mi",132,$0.0777
NAP,HAM,"48,248",$186.83,930 mi,132,$0.2009
BHX,NBE,"48,240",$86.05,"1,316 mi",132,$0.0654
OSL,FDE,"48,204",$81.03,204 mi,132,$0.3972
LIS,TNG,"48,171",$89.06,267 mi,132,$0.3336
EDI,HEL,"48,162",$243.88,"1,099 mi",132,$0.2219
LGW,WAW,"48,151",$56.21,933 mi,132,$0.0602
DUB,SDR,"48,137",$95.10,720 mi,132,$0.1321
STN,OSR,"48,114",$67.82,817 mi,132,$0.0830
CPH,GZP,"48,098",$105.87,"1,573 mi",132,$0.0673
NTE,ALC,"48,019",$119.97,597 mi,132,$0.2010
EDI,OTP,"47,961",$185.88,"1,459 mi",131,$0.1274
ATH,DEL,"47,938",$285.86,"3,004 mi",131,$0.0952
BRU,FRA,"47,929",$134.23,183 mi,131,$0.7335
CPH,STR,"47,925",$192.40,485 mi,131,$0.3967
CDG,TPA,"47,906",$657.96,"4,710 mi",131,$0.1397
DBV,MUC,"47,902",$126.45,523 mi,131,$0.2418
NTE,CMN,"47,889",$136.25,"1,033 mi",131,$0.1319
MAN,TIV,"47,889",$170.17,"1,262 mi",131,$0.1348
ARN,BVA,"47,883",$90.32,915 mi,131,$0.0987
HEL,HKG,"47,870",$840.18,"4,706 mi",131,$0.1785
CDG,PER,"47,847","$1,155.93","8,602 mi",131,$0.1344
MAD,XRY,"47,845",$122.44,283 mi,131,$0.4327
VIE,TLL,"47,806",$122.15,824 mi,131,$0.1482
ZRH,FLR,"47,781",$128.11,291 mi,131,$0.4402
LGW,NRT,"47,756",$366.09,"5,794 mi",131,$0.0632
MAD,CAG,"47,736",$119.98,654 mi,131,$0.1835
CPH,NTE,"47,729",$137.01,820 mi,131,$0.1671
MAN,KUL,"47,712",$464.98,"6,438 mi",131,$0.0722
SVO,COV,"47,671",$213.41,"1,283 mi",131,$0.1663
FCO,LCY,"47,641",$122.13,857 mi,131,$0.1425
ZRH,IAD,"47,636",$927.53,"4,270 mi",131,$0.2172
MAD,SAP,"47,616",$396.14,"5,395 mi",130,$0.0734
ARN,DBV,"47,606",$111.27,"1,216 mi",130,$0.0915
ZAG,MUC,"47,594",$103.37,278 mi,130,$0.3718
BHX,SNN,"47,591",$57.84,311 mi,130,$0.1860
BCN,DEN,"47,586",$666.86,"5,034 mi",130,$0.1325
ORY,AYT,"47,569",$149.81,"1,691 mi",130,$0.0886
BRU,CPT,"47,524",$441.35,"5,748 mi",130,$0.0768
CPH,DEL,"47,508",$328.07,"3,737 mi",130,$0.0878
CDG,NUE,"47,506",$198.09,373 mi,130,$0.5311
MRS,CTA,"47,506",$92.82,641 mi,130,$0.1448
BOD,BIA,"47,486",$89.04,517 mi,130,$0.1722
MAN,LOS,"47,434",$302.17,"3,344 mi",130,$0.0904
NCE,LPL,"47,425",$165.87,786 mi,130,$0.2110
FCO,SEA,"47,419",$637.13,"5,503 mi",130,$0.1158
LGW,HKT,"47,405",$419.15,"5,962 mi",130,$0.0703
NAP,MIA,"47,391",$487.49,"5,457 mi",130,$0.0893
SOF,WRO,"47,377",$76.46,677 mi,130,$0.1129
EDI,BLQ,"47,347",$135.77,986 mi,130,$0.1377
MAN,PEK,"47,309",$516.26,"5,179 mi",130,$0.0997
BCN,VKO,"47,307",$458.87,"1,805 mi",130,$0.2542
BRU,JNB,"47,291",$540.29,"5,351 mi",130,$0.1010
LHR,LJU,"47,266",$193.42,790 mi,129,$0.2448
CPH,HAM,"47,260",$114.00,179 mi,129,$0.6369
DUB,YYC,"47,259",$288.20,"4,218 mi",129,$0.0683
LGW,TRD,"47,251",$191.82,971 mi,129,$0.1975
OSL,GZP,"47,241",$206.65,"1,955 mi",129,$0.1057
AGP,TLL,"47,213",$253.40,"1,980 mi",129,$0.1280
PRG,EMA,"47,206",$75.32,716 mi,129,$0.1052
VKO,USK,"47,182",$167.57,"1,009 mi",129,$0.1661
LGW,YUL,"47,156",$219.16,"3,161 mi",129,$0.0693
LHR,NAS,"47,128","$1,094.07","4,205 mi",129,$0.2602
ZRH,HAJ,"47,100",$269.33,359 mi,129,$0.7502
GVA,HEL,"47,086",$254.96,"1,274 mi",129,$0.2001
MXP,CUN,"47,072",$441.48,"5,286 mi",129,$0.0835
MAD,KUL,"47,069",$379.50,"7,098 mi",129,$0.0535
FCO,CMN,"47,050",$162.00,"1,265 mi",129,$0.1281
LGW,OTP,"47,048",$43.72,"1,253 mi",129,$0.0349
AMS,AUS,"46,982",$868.13,"4,925 mi",129,$0.1763
EDI,CGN,"46,971",$149.58,540 mi,129,$0.2770
OTP,AHO,"46,932",$99.19,972 mi,129,$0.1020
ARN,STR,"46,932",$221.02,808 mi,129,$0.2735
MAN,ABZ,"46,898",$223.34,258 mi,128,$0.8657
MRS,BJA,"46,855",$75.23,451 mi,128,$0.1668
BRU,MNL,"46,839",$601.15,"6,333 mi",128,$0.0949
BUD,RMI,"46,833",$87.68,410 mi,128,$0.2139
PRG,SVQ,"46,832",$121.95,"1,286 mi",128,$0.0948
ZRH,MNL,"46,814",$622.30,"6,284 mi",128,$0.0990
WAW,DPS,"46,813",$618.38,"6,666 mi",128,$0.0928
BCN,ADB,"46,783",$214.50,"1,303 mi",128,$0.1646
AGP,SVG,"46,775",$226.31,"1,648 mi",128,$0.1373
LIS,OVD,"46,767",$126.35,379 mi,128,$0.3334
LIS,VNO,"46,737",$235.71,"1,877 mi",128,$0.1256
VKO,CIT,"46,718",$176.99,"1,751 mi",128,$0.1011
LIS,PIX,"46,716",$147.76,"1,009 mi",128,$0.1464
MXP,LHE,"46,681",$224.07,"3,468 mi",128,$0.0646
CDG,OUD,"46,655",$82.86,"1,039 mi",128,$0.0797
BCN,PHL,"46,637",$540.30,"3,797 mi",128,$0.1423
BHX,POZ,"46,617",$92.04,757 mi,128,$0.1216
MXP,ZRH,"46,587",$103.83,123 mi,128,$0.8441
ORY,GRU,"46,574",$500.50,"5,999 mi",128,$0.0834
CPH,LLA,"46,563",$117.68,732 mi,128,$0.1608
DUB,DEL,"46,549",$480.70,"4,527 mi",128,$0.1062
VCE,ATL,"46,541",$767.75,"5,050 mi",128,$0.1520
VIE,HND,"46,508",$959.66,"5,851 mi",127,$0.1640
MXP,NKG,"46,485",$432.17,"5,371 mi",127,$0.0805
WAW,PEK,"46,460",$334.50,"4,185 mi",127,$0.0799
LYS,RBA,"46,450",$159.84,"1,050 mi",127,$0.1522
WAW,ESB,"46,443",$90.31,"1,039 mi",127,$0.0869
HEL,VCE,"46,434",$181.46,"1,112 mi",127,$0.1632
CDG,BNE,"46,410","$1,149.78","9,966 mi",127,$0.1154
DUB,SIN,"46,324",$928.46,"7,173 mi",127,$0.1294
AMS,AAL,"46,322",$202.28,400 mi,127,$0.5057
DUB,TRN,"46,302",$108.08,868 mi,127,$0.1245
DBV,EDI,"46,298",$176.83,"1,294 mi",127,$0.1367
BCN,IAH,"46,272",$756.63,"5,078 mi",127,$0.1490
PRG,POZ,"46,262",$55.35,201 mi,127,$0.2754
MAD,VCP,"46,250",$257.14,"5,360 mi",127,$0.0480
VCE,BOS,"46,238",$461.29,"4,076 mi",127,$0.1132
BRU,FNC,"46,232",$159.36,"1,606 mi",127,$0.0992
VIE,JTR,"46,232",$106.93,899 mi,127,$0.1189
FCO,CFU,"46,204",$69.64,442 mi,127,$0.1576
GVA,PVG,"46,204",$761.34,"5,928 mi",127,$0.1284
DUB,BDL,"46,196",$398.37,"2,978 mi",127,$0.1338
BRU,PUJ,"46,190",$297.33,"4,352 mi",127,$0.0683
BHX,ABZ,"46,182",$212.58,339 mi,127,$0.6271
ATH,BIO,"46,139",$207.12,"1,492 mi",126,$0.1388
MAD,IAH,"46,134",$827.18,"5,145 mi",126,$0.1608
NCL,REU,"46,118",$121.10,997 mi,126,$0.1215
CPH,VNO,"46,113",$106.36,488 mi,126,$0.2180
STN,ZTH,"46,099",$120.40,"1,355 mi",126,$0.0889
BRU,MIR,"46,071",$114.37,"1,059 mi",126,$0.1080
EDI,TLS,"46,059",$117.53,850 mi,126,$0.1383
ARN,BLQ,"46,027",$149.81,"1,049 mi",126,$0.1428
AMS,TOS,"46,025",$106.93,"1,245 mi",126,$0.0859
LIS,JNB,"46,023",$464.56,"4,941 mi",126,$0.0940
BCN,KUL,"46,019",$362.64,"6,789 mi",126,$0.0534
MAD,PNA,"45,999",$121.56,192 mi,126,$0.6331
BCN,RUH,"45,993",$608.55,"2,698 mi",126,$0.2256
MXP,MEL,"45,990","$1,331.35","9,832 mi",126,$0.1354
WAW,LAX,"45,978",$602.32,"6,181 mi",126,$0.0974
BRU,EDI,"45,931",$160.51,489 mi,126,$0.3282
BGY,RHO,"45,926",$127.00,"1,182 mi",126,$0.1074
GVA,TIA,"45,923",$108.95,732 mi,126,$0.1488
BGY,BRS,"45,913",$100.28,711 mi,126,$0.1410
OTP,SCV,"45,908",$63.13,210 mi,126,$0.3006
GVA,PEK,"45,901",$686.76,"4,942 mi",126,$0.1390
ZRH,RMF,"45,880",$172.22,"2,012 mi",126,$0.0856
LYS,MAN,"45,846",$107.95,640 mi,126,$0.1687
PMI,BTS,"45,827",$78.80,904 mi,126,$0.0872
BHX,CRA,"45,815",$102.21,"1,255 mi",126,$0.0814
VCE,SFO,"45,806",$646.57,"5,860 mi",125,$0.1103
BCN,BOM,"45,804",$466.26,"4,242 mi",125,$0.1099
LHR,IKA,"45,802",$327.93,"2,830 mi",125,$0.1159
AMS,PFO,"45,791",$292.45,"1,880 mi",125,$0.1556
DUB,PMO,"45,782",$145.46,"1,356 mi",125,$0.1073
WAW,KRK,"45,771",$67.61,148 mi,125,$0.4568
MXP,MRU,"45,771",$487.54,"5,664 mi",125,$0.0861
VIE,USM,"45,766",$515.36,"5,591 mi",125,$0.0922
CDG,CLT,"45,761",$637.56,"4,289 mi",125,$0.1487
BUD,FNC,"45,758",$83.13,"2,198 mi",125,$0.0378
ATH,IAH,"45,745",$714.47,"6,135 mi",125,$0.1165
AMS,PHL,"45,712",$659.06,"3,838 mi",125,$0.1717
LHR,TAS,"45,678",$384.22,"3,367 mi",125,$0.1141
DME,BTK,"45,660",$226.10,"2,311 mi",125,$0.0978
ZAG,PFO,"45,639",$91.83,"1,183 mi",125,$0.0776
CPH,LUX,"45,630",$199.36,479 mi,125,$0.4162
LYS,BES,"45,604",$263.80,470 mi,125,$0.5613
LYS,DXB,"45,586",$601.05,"3,006 mi",125,$0.2000
FCO,STN,"45,546",$33.87,869 mi,125,$0.0390
ZRH,TLL,"45,538",$195.50,"1,025 mi",125,$0.1907
LGW,LHE,"45,523",$326.28,"3,799 mi",125,$0.0859
MXP,BEY,"45,472",$340.73,"1,579 mi",125,$0.2158
DUB,MEL,"45,472","$1,135.21","10,364 mi",125,$0.1095
NCE,BES,"45,448",$158.97,666 mi,125,$0.2387
BRU,KEF,"45,416",$152.41,"1,375 mi",124,$0.1108
CPH,YYZ,"45,416",$425.25,"4,012 mi",124,$0.1060
ZRH,LUX,"45,405",$272.70,190 mi,124,$1.4353
VIE,TBS,"45,384",$244.08,"1,406 mi",124,$0.1736
FCO,ALG,"45,382",$142.64,579 mi,124,$0.2464
BRU,RIX,"45,380",$176.04,864 mi,124,$0.2038
ZRH,SYD,"45,380","$1,391.65","9,985 mi",124,$0.1394
GVA,MRU,"45,377",$590.53,"5,450 mi",124,$0.1084
ZRH,BLR,"45,375",$673.94,"4,716 mi",124,$0.1429
AMS,RMF,"45,365",$269.44,"2,485 mi",124,$0.1084
CDG,SEZ,"45,344",$441.14,"4,732 mi",124,$0.0932
MXP,LRM,"45,336",$600.79,"4,867 mi",124,$0.1234
BUD,RMO,"45,335",$69.46,441 mi,124,$0.1575
GVA,AGA,"45,283",$136.65,"1,338 mi",124,$0.1021
MAD,HAN,"45,264",$366.82,"6,032 mi",124,$0.0608
AMS,MEL,"45,260","$1,213.18","10,584 mi",124,$0.1146
FCO,GOA,"45,249",$148.99,256 mi,124,$0.5820
NAP,GDN,"45,205",$113.85,923 mi,124,$0.1233
GVA,HND,"45,156","$1,383.22","6,277 mi",124,$0.2204
CPH,AAR,"45,155",$113.39,95 mi,124,$1.1936
BCN,TFS,"45,145",$78.68,"1,353 mi",124,$0.0582
LHR,JTR,"45,138",$241.41,"1,692 mi",124,$0.1427
AMS,NUE,"45,128",$130.32,346 mi,124,$0.3766
BRU,ESB,"45,126",$180.48,"1,601 mi",124,$0.1127
PMI,ZAG,"45,114",$102.80,776 mi,124,$0.1325
ZRH,ATL,"45,111",$897.17,"4,820 mi",124,$0.1861
NAP,CFU,"45,105",$88.12,300 mi,124,$0.2937
LIS,POZ,"45,046",$155.25,"1,602 mi",123,$0.0969
DUB,PER,"45,040",$863.75,"8,980 mi",123,$0.0962
ORY,ADB,"45,034",$118.42,"1,469 mi",123,$0.0806
ATH,CGN,"45,014",$160.19,"1,249 mi",123,$0.1283
OSL,OPO,"44,978",$180.61,"1,509 mi",123,$0.1197
MXP,RHO,"44,976",$150.39,"1,153 mi",123,$0.1304
LYS,DUS,"44,975",$234.41,404 mi,123,$0.5802
OSL,FAO,"44,970",$168.29,"1,754 mi",123,$0.0959
VCE,BIO,"44,954",$124.11,744 mi,123,$0.1668
EDI,BOH,"44,948",$85.29,352 mi,123,$0.2423
CDG,AUS,"44,921",$855.24,"4,946 mi",123,$0.1729
VIE,KEF,"44,906",$240.59,"1,766 mi",123,$0.1362
AGP,BOD,"44,885",$161.19,579 mi,123,$0.2784
DME,NER,"44,883",$276.82,"3,022 mi",123,$0.0916
BRU,BOM,"44,862",$484.60,"4,138 mi",123,$0.1171
BUD,EVN,"44,851",$99.57,"1,384 mi",123,$0.0719
AMS,DLM,"44,823",$166.72,"1,539 mi",123,$0.1083
FCO,PFO,"44,799",$100.27,"1,235 mi",123,$0.0812
SVO,MCT,"44,791",$343.31,"2,549 mi",123,$0.1347
CPH,PVG,"44,782",$536.92,"5,297 mi",123,$0.1014
MAD,RUH,"44,782",$779.12,"2,974 mi",123,$0.2620
BHX,JED,"44,761",$251.00,"3,122 mi",123,$0.0804
BGY,OVD,"44,746",$101.67,810 mi,123,$0.1255
DME,FEG,"44,738",$70.68,"1,909 mi",123,$0.0370
LHR,HGH,"44,730",$570.42,"5,579 mi",123,$0.1022
FCO,DSS,"44,715",$240.59,"2,640 mi",123,$0.0911
ZRH,SUF,"44,704",$94.84,685 mi,122,$0.1385
LHR,CCJ,"44,629",$188.69,"4,883 mi",122,$0.0386
BOD,ORN,"44,626",$112.42,617 mi,122,$0.1822
BRU,ACE,"44,609",$321.31,"1,730 mi",122,$0.1857
DME,NYM,"44,569",$136.67,"1,309 mi",122,$0.1044
FCO,BOG,"44,560",$519.49,"5,990 mi",122,$0.0867
LED,PVG,"44,531",$424.46,"4,302 mi",122,$0.0987
PRG,VAR,"44,519",$82.90,821 mi,122,$0.1010
PMI,SNN,"44,514",$78.29,"1,031 mi",122,$0.0759
BCN,YVR,"44,462",$463.62,"5,517 mi",122,$0.0840
MAD,MGA,"44,446",$563.41,"5,449 mi",122,$0.1034
ATH,ADL,"44,429","$1,033.07","8,605 mi",122,$0.1201
MXP,CGN,"44,423",$176.02,380 mi,122,$0.4632
AMS,BRU,"44,406",$73.58,95 mi,122,$0.7745
CDG,IKA,"44,395",$512.82,"2,685 mi",122,$0.1910
AMS,ORY,"44,379",$119.45,277 mi,122,$0.4312
GOT,RIX,"44,346",$55.25,452 mi,121,$0.1222
MAN,CTA,"44,262",$181.61,"1,334 mi",121,$0.1361
BUD,BOJ,"44,251",$69.09,509 mi,121,$0.1357
DUB,BOJ,"44,221",$210.99,"1,762 mi",121,$0.1197
VKO,GNJ,"44,202",$112.46,"1,073 mi",121,$0.1048
ATH,TLS,"44,201",$193.50,"1,203 mi",121,$0.1608
CDG,SHA,"44,196",$398.40,"5,911 mi",121,$0.0674
LGW,TOS,"44,188",$133.07,"1,380 mi",121,$0.0964
AMS,OVD,"44,165",$245.24,805 mi,121,$0.3046
MAN,CMB,"44,115",$416.58,"5,332 mi",121,$0.0781
MXP,STR,"44,111",$186.93,207 mi,121,$0.9030
FCO,VKO,"44,093",$434.93,"1,428 mi",121,$0.3046
MAD,LPL,"44,092",$108.95,915 mi,121,$0.1191
ORY,OSL,"44,075",$78.65,891 mi,121,$0.0883
EDI,RIX,"44,073",$139.72,"1,009 mi",121,$0.1385
PRG,FUE,"44,071",$145.55,"2,160 mi",121,$0.0674
MAD,AMM,"44,040",$232.52,"2,337 mi",121,$0.0995
GVA,BIO,"44,015",$190.14,501 mi,121,$0.3795
OTP,CHQ,"44,006",$73.97,614 mi,121,$0.1205
SVO,KGF,"43,977",$145.75,"1,496 mi",120,$0.0974
BUD,AHO,"43,959",$72.34,740 mi,120,$0.0978
CPH,SKG,"43,952",$160.97,"1,110 mi",120,$0.1450
MAN,NQY,"43,949",$116.48,225 mi,120,$0.5177
ZRH,JNB,"43,946","$1,065.59","5,388 mi",120,$0.1978
DUB,DFW,"43,921",$709.99,"4,327 mi",120,$0.1641
BGY,DXB,"43,907",$437.62,"2,794 mi",120,$0.1566
HEL,ICN,"43,881",$835.58,"4,500 mi",120,$0.1857
BHX,CHQ,"43,868",$156.33,"1,670 mi",120,$0.0936
AMS,LUX,"43,868",$277.63,190 mi,120,$1.4612
LIS,ADB,"43,862",$129.17,"2,007 mi",120,$0.0644
LIS,RMO,"43,847",$234.40,"1,927 mi",120,$0.1216
GLA,JER,"43,843",$124.37,484 mi,120,$0.2570
EDI,PSA,"43,838",$137.88,"1,073 mi",120,$0.1285
DUB,TLL,"43,818",$112.66,"1,208 mi",120,$0.0933
AMS,DBV,"43,809",$162.07,948 mi,120,$0.1710
LYS,FNC,"43,773",$128.55,"1,424 mi",120,$0.0903
CDG,KWI,"43,757",$548.56,"2,819 mi",120,$0.1946
CDG,MED,"43,748",$255.34,"2,697 mi",120,$0.0947
BCN,CUN,"43,681",$337.76,"5,376 mi",120,$0.0628
ARN,BEG,"43,679",$119.15,999 mi,120,$0.1193
CPH,TRN,"43,677",$95.61,775 mi,120,$0.1234
BRU,PMO,"43,667",$94.12,"1,003 mi",120,$0.0938
MXP,ATQ,"43,660",$265.49,"3,478 mi",120,$0.0763
ATH,OPO,"43,652",$220.97,"1,690 mi",120,$0.1308
CDG,CZL,"43,644",$125.65,876 mi,120,$0.1434
DBV,WRO,"43,600",$63.08,612 mi,119,$0.1031
LED,BHK,"43,599",$99.33,"2,081 mi",119,$0.0477
LHR,CHQ,"43,570",$360.56,"1,688 mi",119,$0.2136
MAN,MEL,"43,563","$1,144.39","10,221 mi",119,$0.1120
STN,CDT,"43,484",$82.97,830 mi,119,$0.1000
ATH,PEK,"43,481",$472.14,"4,584 mi",119,$0.1030
MXP,TLS,"43,477",$99.99,399 mi,119,$0.2506
ATH,ZAG,"43,425",$190.35,654 mi,119,$0.2911
NCE,RMO,"43,413",$179.99,"1,043 mi",119,$0.1726
BOD,LTN,"43,383",$118.13,472 mi,119,$0.2503
DME,NOZ,"43,342",$253.84,"1,864 mi",119,$0.1362
BCN,WNZ,"43,296",$224.51,"6,448 mi",119,$0.0348
SOF,AUH,"43,290",$140.49,"2,242 mi",119,$0.0627
EDI,ORD,"43,288",$680.96,"3,812 mi",119,$0.1786
LHR,ADJ,"43,279",$275.65,"2,344 mi",119,$0.1176
FCO,PER,"43,266","$1,003.82","8,552 mi",119,$0.1174
MAN,JNB,"43,255",$525.51,"5,615 mi",119,$0.0936
VIE,AGA,"43,253",$123.18,"1,895 mi",119,$0.0650
LHR,IND,"43,250",$852.19,"4,105 mi",118,$0.2076
BGY,RVN,"43,217",$130.07,"1,608 mi",118,$0.0809
ORY,GOA,"43,214",$87.11,414 mi,118,$0.2104
PRG,ZAD,"43,182",$74.43,404 mi,118,$0.1842
OSL,SDN,"43,169",$70.35,196 mi,118,$0.3589
OSL,OTP,"43,161",$166.58,"1,281 mi",118,$0.1300
PRG,LAX,"43,122",$665.35,"5,772 mi",118,$0.1153
CDG,CFE,"43,092",$157.21,218 mi,118,$0.7211
BCN,HER,"43,015",$204.96,"1,353 mi",118,$0.1515
BCN,SKG,"43,000",$213.68,"1,123 mi",118,$0.1903
FCO,TPA,"42,948",$628.22,"5,030 mi",118,$0.1249
LHR,CLE,"42,930",$724.24,"3,621 mi",118,$0.2000
BUD,PMO,"42,913",$80.38,690 mi,118,$0.1165
BGY,QSR,"42,848",$84.02,450 mi,117,$0.1867
AMS,PHX,"42,845",$663.50,"5,234 mi",117,$0.1268
FCO,TSR,"42,842",$50.59,547 mi,117,$0.0925
STN,SJJ,"42,828",$87.00,"1,033 mi",117,$0.0842
SOF,DXB,"42,811",$370.73,"2,107 mi",117,$0.1760
SOF,WAW,"42,809",$205.88,644 mi,117,$0.3197
DUB,AGA,"42,805",$180.70,"1,652 mi",117,$0.1094
VIE,BOS,"42,795",$861.18,"4,163 mi",117,$0.2069
WAW,HRG,"42,771",$223.07,"1,794 mi",117,$0.1243
VIE,EIN,"42,769",$133.84,566 mi,117,$0.2365
BOD,AGA,"42,712",$100.34,"1,075 mi",117,$0.0933
STN,TNG,"42,707",$94.73,"1,122 mi",117,$0.0844
VCE,BSL,"42,702",$91.06,279 mi,117,$0.3264
FCO,ZAZ,"42,696",$91.16,705 mi,117,$0.1293
CDG,HAV,"42,644",$546.57,"4,955 mi",117,$0.1103
PRG,LPL,"42,619",$85.72,741 mi,117,$0.1157
MXP,KGS,"42,607",$130.87,"1,095 mi",117,$0.1195
STN,PIS,"42,599",$62.63,355 mi,117,$0.1764
LGW,SXB,"42,572",$65.12,380 mi,117,$0.1714
ATH,DFW,"42,570",$729.67,"6,433 mi",117,$0.1134
LED,NJC,"42,559",$148.04,"1,502 mi",117,$0.0986
BUD,LYS,"42,544",$144.36,662 mi,117,$0.2181
ATH,NRT,"42,544",$508.53,"5,746 mi",117,$0.0885
ZAG,SAW,"42,511",$42.54,722 mi,116,$0.0589
STN,FMO,"42,508",$54.39,327 mi,116,$0.1663
NAP,LAX,"42,483",$696.12,"6,649 mi",116,$0.1047
CDG,CVG,"42,481",$815.46,"4,020 mi",116,$0.2029
AGP,LCG,"42,476",$117.47,487 mi,116,$0.2412
VCE,DXB,"42,437",$581.43,"2,670 mi",116,$0.2178
BRU,HND,"42,413","$1,204.08","5,699 mi",116,$0.2113
PRG,MLA,"42,409",$81.17,"1,014 mi",116,$0.0800
GOT,SJJ,"42,392",$69.44,961 mi,116,$0.0723
NCL,MAH,"42,386",$99.30,"1,115 mi",116,$0.0891
BCN,PHX,"42,379",$557.62,"5,965 mi",116,$0.0935
ORY,CAG,"42,315",$144.21,755 mi,116,$0.1910
VKO,ESB,"42,297",$153.72,"1,119 mi",116,$0.1374
NCL,ZTH,"42,273",$151.98,"1,641 mi",116,$0.0926
PRG,LPA,"42,270",$123.06,"2,247 mi",116,$0.0548
MXP,ISB,"42,238",$248.75,"3,522 mi",116,$0.0706
BRU,LAX,"42,224",$658.43,"5,794 mi",116,$0.1136
LHR,GOX,"42,212",$283.26,"4,559 mi",116,$0.0621
VKO,TMJ,"42,205",$87.19,"1,827 mi",116,$0.0477
VIE,MNL,"42,203",$569.14,"5,934 mi",116,$0.0959
LGW,TNG,"42,169",$116.87,"1,136 mi",116,$0.1029
NCL,LCA,"42,136",$243.90,"2,245 mi",115,$0.1086
MAD,NDR,"42,090",$95.39,370 mi,115,$0.2578
BGY,LUZ,"42,071",$75.85,728 mi,115,$0.1042
ORY,SOF,"42,064",$93.53,"1,125 mi",115,$0.0831
SVO,KUL,"42,039",$251.65,"4,933 mi",115,$0.0510
BCN,TPE,"42,006",$724.83,"6,230 mi",115,$0.1163
SOF,BRS,"41,975",$126.88,"1,400 mi",115,$0.0906
LIS,PHL,"41,949",$532.74,"3,552 mi",115,$0.1500
PRG,BEG,"41,905",$165.20,475 mi,115,$0.3478
WAW,TGD,"41,901",$68.94,662 mi,115,$0.1041
GOT,NCE,"41,861",$147.43,962 mi,115,$0.1533
BCN,YYC,"41,836",$372.71,"4,836 mi",115,$0.0771
ARN,BNX,"41,833",$132.09,986 mi,115,$0.1340
BUD,AMM,"41,828",$82.49,"1,440 mi",115,$0.0573
EDI,SDR,"41,742",$103.05,891 mi,114,$0.1157
FCO,AUH,"41,741",$431.14,"2,616 mi",114,$0.1648
NCE,MIA,"41,740","$1,156.06","5,039 mi",114,$0.2294
WAW,STR,"41,737",$181.58,586 mi,114,$0.3099
STN,ZAD,"41,727",$130.26,852 mi,114,$0.1529
MAD,FNC,"41,726",$137.82,935 mi,114,$0.1474
BGY,HHN,"41,713",$67.97,307 mi,114,$0.2214
ATH,EVN,"41,708",$149.03,"1,139 mi",114,$0.1308
GVA,LAX,"41,706","$1,057.85","5,732 mi",114,$0.1846
WAW,ADB,"41,691",$133.31,"1,034 mi",114,$0.1289
BUD,TGD,"41,682",$58.06,362 mi,114,$0.1604
ATH,AMM,"41,675",$148.48,782 mi,114,$0.1899
GVA,IAD,"41,658","$1,132.62","4,202 mi",114,$0.2695
BCN,CLO,"41,587",$500.79,"5,294 mi",114,$0.0946
PRG,SPU,"41,575",$84.34,449 mi,114,$0.1878
BOD,BRU,"41,526",$89.13,499 mi,114,$0.1786
LIS,RIX,"41,523",$225.50,"1,891 mi",114,$0.1192
VIE,IAD,"41,505","$1,094.33","4,586 mi",114,$0.2386
VCE,YUL,"41,491",$238.86,"3,832 mi",114,$0.0623
MXP,QSR,"41,456",$69.68,480 mi,114,$0.1452
BUD,CAI,"41,441",$119.97,"1,319 mi",114,$0.0910
BOD,TUN,"41,436",$86.07,817 mi,114,$0.1053
CDG,SEN,"41,420",$50.20,189 mi,113,$0.2656
BGY,KGS,"41,414",$109.60,"1,055 mi",113,$0.1039
GVA,LIL,"41,388",$89.96,319 mi,113,$0.2820
LED,NQZ,"41,388",$238.15,"1,642 mi",113,$0.1450
GVA,JED,"41,371",$807.38,"2,435 mi",113,$0.3316
LIS,HKG,"41,359",$918.91,"6,632 mi",113,$0.1386
BRU,SFO,"41,356",$890.51,"5,360 mi",113,$0.1661
BGY,ACE,"41,352",$138.28,"1,662 mi",113,$0.0832
CDG,DAC,"41,278",$448.07,"5,044 mi",113,$0.0888
WAW,YYZ,"41,275",$377.68,"4,180 mi",113,$0.0904
CDG,TAS,"41,246",$377.04,"3,286 mi",113,$0.1147
GVA,MIA,"41,216","$1,098.21","4,932 mi",113,$0.2227
FCO,CLT,"41,178",$556.48,"4,944 mi",113,$0.1126
BUD,EWR,"41,169",$502.43,"4,503 mi",113,$0.1116
GLA,PFO,"41,165",$142.57,"2,201 mi",113,$0.0648
FCO,HKG,"41,163",$763.21,"5,595 mi",113,$0.1364
LGW,HRE,"41,136",$265.97,"4,981 mi",113,$0.0534
BUD,CGN,"41,126",$160.86,614 mi,113,$0.2620
MRS,JFK,"41,082",$541.85,"4,016 mi",113,$0.1349
LED,PEZ,"41,081",$163.71,748 mi,113,$0.2189
MAN,WRO,"41,035",$94.02,848 mi,112,$0.1109
GLA,LCA,"41,032",$191.38,"2,232 mi",112,$0.0857
BGY,DUS,"41,023",$159.00,399 mi,112,$0.3985
MAN,NOC,"40,999",$91.21,279 mi,112,$0.3269
ORY,BSK,"40,999",$119.29,"1,007 mi",112,$0.1185
LED,IAR,"40,988",$125.68,375 mi,112,$0.3351
LHR,MCI,"40,956",$807.69,"4,197 mi",112,$0.1924
CPH,RAK,"40,949",$176.26,"1,881 mi",112,$0.0937
CDG,HAH,"40,942",$504.86,"4,715 mi",112,$0.1071
FCO,FUE,"40,924",$172.80,"1,781 mi",112,$0.0970
GOT,BEG,"40,918",$71.53,980 mi,112,$0.0730
DBV,BER,"40,873",$116.57,692 mi,112,$0.1685
HEL,WMI,"40,858",$53.21,585 mi,112,$0.0910
BCN,XPL,"40,848",$440.74,"5,713 mi",112,$0.0771
LGW,CAG,"40,846",$235.65,963 mi,112,$0.2447
MXP,DAC,"40,815",$312.14,"4,808 mi",112,$0.0649
GVA,RBA,"40,806",$142.22,"1,047 mi",112,$0.1358
CPH,PEK,"40,773",$597.59,"4,336 mi",112,$0.1378
FCO,ADB,"40,763",$169.41,849 mi,112,$0.1995
EDI,MRS,"40,716",$128.27,916 mi,112,$0.1400
BRU,AGA,"40,712",$177.93,"1,543 mi",112,$0.1153
ZRH,VNO,"40,705",$183.41,902 mi,112,$0.2033
VIE,JMK,"40,692",$119.64,886 mi,111,$0.1350
FCO,FAO,"40,682",$99.70,"1,159 mi",111,$0.0860
LIS,WRO,"40,673",$187.76,"1,473 mi",111,$0.1275
ARN,RNB,"40,663",$148.43,261 mi,111,$0.5687
DUB,RZE,"40,601",$206.46,"1,186 mi",111,$0.1741
VKO,RMO,"40,566",$240.62,718 mi,111,$0.3351
ZRH,BRI,"40,556",$92.63,614 mi,111,$0.1509
DBV,FRA,"40,555",$125.50,671 mi,111,$0.1870
GLA,KEF,"40,542",$130.79,812 mi,111,$0.1611
FCO,KUL,"40,469",$369.61,"6,247 mi",111,$0.0592
SVO,CMN,"40,464",$381.84,"2,716 mi",111,$0.1406
MAD,SPU,"40,459",$224.76,"1,007 mi",111,$0.2232
CDG,AAE,"40,458",$111.01,857 mi,111,$0.1295
BCN,EVN,"40,451",$275.46,"2,129 mi",111,$0.1294
FCO,HHN,"40,445",$77.29,629 mi,111,$0.1229
STN,LRH,"40,409",$89.86,387 mi,111,$0.2322
ZRH,BLQ,"40,397",$131.32,235 mi,111,$0.5588
MAN,NRT,"40,397",$699.37,"6,063 mi",111,$0.1154
MAN,MRS,"40,390",$147.83,743 mi,111,$0.1990
AGP,WMI,"40,368",$125.95,"1,683 mi",111,$0.0748
MAN,POZ,"40,365",$86.30,820 mi,111,$0.1052
ATH,JSI,"40,345",$86.91,86 mi,111,$1.0106
ATH,VNO,"40,340",$150.23,"1,120 mi",111,$0.1341
ARN,LAX,"40,330",$608.76,"5,672 mi",110,$0.1073
DUB,SZZ,"40,330",$74.86,841 mi,110,$0.0890
AMS,YEG,"40,311",$371.21,"4,191 mi",110,$0.0886
LGW,DPS,"40,304",$579.61,"8,011 mi",110,$0.0724
MRS,VCE,"40,294",$84.44,369 mi,110,$0.2288
VKO,ECN,"40,283",$173.29,"1,466 mi",110,$0.1182
DUB,BZG,"40,277",$75.17,"1,028 mi",110,$0.0731
SOF,EVN,"40,243",$79.95,"1,132 mi",110,$0.0706
GVA,DJE,"40,225",$106.36,916 mi,110,$0.1161
ATH,JIK,"40,206",$73.13,128 mi,110,$0.5713
LYS,VLC,"40,201",$125.23,530 mi,110,$0.2363
BUD,MIA,"40,189",$595.98,"5,502 mi",110,$0.1083
ATH,AOK,"40,172",$92.32,255 mi,110,$0.3620
FCO,SAN,"40,168",$697.83,"6,559 mi",110,$0.1064
LGW,SOF,"40,162",$155.27,"1,288 mi",110,$0.1206
AGP,TRD,"40,148",$138.24,"2,020 mi",110,$0.0684
CPH,CTA,"40,073",$177.91,"1,221 mi",110,$0.1457
BOD,SVQ,"40,057",$97.30,595 mi,110,$0.1635
SVO,HAK,"40,026",$232.45,"4,565 mi",110,$0.0509
FCO,DPS,"40,017",$562.36,"7,066 mi",110,$0.0796
AMS,DOH,"39,925",$414.06,"2,967 mi",109,$0.1396
ZRH,FNC,"39,893",$183.38,"1,721 mi",109,$0.1066
DBV,BRI,"39,882",$62.94,121 mi,109,$0.5202
BUD,VNO,"39,879",$76.68,579 mi,109,$0.1324
BCN,PDL,"39,863",$103.29,"1,539 mi",109,$0.0671
ARN,MIA,"39,849",$386.20,"5,117 mi",109,$0.0755
ATH,DEN,"39,828",$724.96,"6,339 mi",109,$0.1144
ARN,BLL,"39,823",$181.36,434 mi,109,$0.4179
VCE,IAD,"39,821",$589.79,"4,501 mi",109,$0.1310
BCN,ZAG,"39,807",$275.97,741 mi,109,$0.3724
ZRH,RAK,"39,801",$191.05,"1,443 mi",109,$0.1324
OSL,EIN,"39,798",$81.21,662 mi,109,$0.1227
GVA,SPU,"39,797",$120.62,548 mi,109,$0.2201
DUB,MNL,"39,788",$666.91,"7,011 mi",109,$0.0951
MAD,LXR,"39,727",$227.65,"2,245 mi",109,$0.1014
STN,TUF,"39,722",$59.57,317 mi,109,$0.1879
BOD,MAN,"39,678",$149.35,575 mi,109,$0.2597
AGP,LCJ,"39,667",$90.25,"1,609 mi",109,$0.0561
GVA,JMK,"39,639",$137.04,"1,193 mi",109,$0.1149
LYS,RNS,"39,630",$194.50,371 mi,109,$0.5243
BUD,SPX,"39,617",$84.31,"1,388 mi",109,$0.0607
NTE,FLR,"39,606",$138.24,681 mi,109,$0.2030
VCE,PVG,"39,597",$588.00,"5,379 mi",108,$0.1093
WAW,LUX,"39,595",$262.45,686 mi,108,$0.3826
CPH,VLC,"39,566",$166.28,"1,229 mi",108,$0.1353
NAP,ZTH,"39,550",$129.83,425 mi,108,$0.3055
GLA,JFK,"39,519",$635.97,"3,111 mi",108,$0.2044
NAP,BRS,"39,485",$203.63,"1,119 mi",108,$0.1820
FCO,SKP,"39,455",$49.16,497 mi,108,$0.0989
VIE,SJJ,"39,450",$84.83,317 mi,108,$0.2676
WAW,VNO,"39,448",$209.39,253 mi,108,$0.8276
PMI,ERF,"39,446",$221.77,857 mi,108,$0.2588
MAD,KUN,"39,428",$132.18,"1,562 mi",108,$0.0846
MXP,ALA,"39,428",$395.14,"3,168 mi",108,$0.1247
CPH,EBL,"39,366",$183.12,"1,924 mi",108,$0.0952
BCN,BJZ,"39,359",$108.72,484 mi,108,$0.2246
WAW,DEL,"39,355",$339.77,"3,172 mi",108,$0.1071
BUD,BFS,"39,337",$83.36,"1,169 mi",108,$0.0713
BGY,JTR,"39,327",$113.46,"1,070 mi",108,$0.1060
NTE,FEZ,"39,309",$128.49,903 mi,108,$0.1423
MAN,LAX,"39,277",$744.80,"5,459 mi",108,$0.1364
DUB,IND,"39,273",$558.30,"3,819 mi",108,$0.1462
LGW,EBB,"39,251",$255.06,"4,132 mi",108,$0.0617
AGP,CLJ,"39,248",$160.79,"1,553 mi",108,$0.1035
FCO,CMB,"39,240",$300.22,"4,599 mi",108,$0.0653
BHX,DBV,"39,219",$61.80,"1,186 mi",107,$0.0521
AMS,TRN,"39,201",$244.34,493 mi,107,$0.4956
BGY,AGA,"39,180",$117.01,"1,522 mi",107,$0.0769
EDI,IAD,"39,167",$659.44,"3,364 mi",107,$0.1960
MRS,ACE,"39,160",$100.55,"1,401 mi",107,$0.0718
CPH,TLS,"39,132",$163.03,938 mi,107,$0.1738
ARN,BHX,"39,129",$139.64,929 mi,107,$0.1503
BUD,TLS,"39,108",$106.49,875 mi,107,$0.1217
FCO,BOM,"39,096",$338.61,"3,963 mi",107,$0.0854
VIE,PEK,"39,084",$437.54,"4,769 mi",107,$0.0917
WAW,BOJ,"39,080",$112.92,708 mi,107,$0.1595
NTE,PMO,"39,065",$106.42,939 mi,107,$0.1133
LIS,ATL,"39,049",$754.05,"3,969 mi",107,$0.1900
ZAG,CGN,"39,036",$185.01,525 mi,107,$0.3524
ZRH,SGN,"39,008",$589.38,"5,860 mi",107,$0.1006
AMS,SAN,"39,001",$894.57,"5,767 mi",107,$0.1551
GVA,AJA,"38,993",$98.02,337 mi,107,$0.2909
CDG,SSA,"38,975",$454.77,"5,100 mi",107,$0.0892
ZAG,FMM,"38,936",$54.22,325 mi,107,$0.1668
OSL,EWR,"38,926",$540.07,"3,797 mi",107,$0.1422
PRG,FLR,"38,911",$116.31,472 mi,107,$0.2464
CPH,JAV,"38,908",$619.94,"2,181 mi",107,$0.2842
LED,SYX,"38,888",$191.88,"4,898 mi",107,$0.0392
LHR,MBA,"38,883",$368.04,"4,635 mi",107,$0.0794
VIE,ACH,"38,871",$120.50,318 mi,106,$0.3789
WAW,CFU,"38,863",$129.67,896 mi,106,$0.1447
OTP,TIA,"38,854",$101.21,377 mi,106,$0.2685
MAN,MIA,"38,848",$486.71,"4,453 mi",106,$0.1093
BUD,LAX,"38,842",$700.85,"6,419 mi",106,$0.1092
MAN,KHI,"38,839",$248.79,"4,136 mi",106,$0.0602
EDI,ORY,"38,801",$84.99,572 mi,106,$0.1486
FCO,LAS,"38,801",$618.29,"6,296 mi",106,$0.0982
ATH,VLC,"38,739",$246.40,"1,277 mi",106,$0.1930
MXP,RIX,"38,681",$132.49,986 mi,106,$0.1344
DUB,BJV,"38,667",$143.85,"2,021 mi",106,$0.0712
DUB,PLQ,"38,660",$87.93,"1,132 mi",106,$0.0777
SVO,ESL,"38,660",$146.50,705 mi,106,$0.2078
AGP,TLS,"38,656",$125.16,589 mi,106,$0.2125
CPH,EIN,"38,626",$35.75,403 mi,106,$0.0887
DUB,CFU,"38,625",$166.80,"1,507 mi",106,$0.1107
LYS,SPU,"38,613",$95.29,588 mi,106,$0.1621
LGW,BES,"38,611",$62.22,257 mi,106,$0.2421
MAD,SYD,"38,599","$1,300.00","10,652 mi",106,$0.1220
OSL,SOG,"38,590",$72.32,146 mi,106,$0.4953
VIE,CMB,"38,586",$341.58,"4,490 mi",106,$0.0761
FCO,KEF,"38,578",$242.98,"2,124 mi",106,$0.1144
ATH,GRU,"38,557",$821.29,"6,413 mi",106,$0.1281
ZRH,HND,"38,549","$1,173.34","6,136 mi",106,$0.1912
VIE,CLJ,"38,547",$80.83,354 mi,106,$0.2283
FCO,MXP,"38,514",$85.81,327 mi,106,$0.2624
ZRH,SPU,"38,492",$161.05,449 mi,105,$0.3587
AMS,DUS,"38,482",$89.19,108 mi,105,$0.8258
DUB,BOM,"38,476",$464.14,"4,865 mi",105,$0.0954
LED,PEK,"38,459",$451.69,"3,876 mi",105,$0.1165
LIS,WMI,"38,455",$131.93,"1,754 mi",105,$0.0752
CPH,SEA,"38,446",$472.07,"4,999 mi",105,$0.0944
NCL,SOU,"38,442",$174.43,291 mi,105,$0.5994
BRU,MIA,"38,387",$548.96,"4,774 mi",105,$0.1150
FCO,RHO,"38,338",$149.51,954 mi,105,$0.1567
BGY,KUN,"38,331",$78.82,873 mi,105,$0.0903
DUB,BLR,"38,329",$492.71,"5,398 mi",105,$0.0913
MAD,AEP,"38,321",$628.64,"6,436 mi",105,$0.0977
SVO,SHA,"38,283",$171.16,"4,363 mi",105,$0.0392
PMI,RHO,"38,276",$167.40,"1,435 mi",105,$0.1167
BCN,BGO,"38,259",$209.00,"1,279 mi",105,$0.1634
GVA,BEY,"38,253",$415.64,"1,708 mi",105,$0.2433
LHR,AYT,"38,252",$121.84,"1,771 mi",105,$0.0688
LYS,CLJ,"38,242",$91.20,863 mi,105,$0.1057
GVA,CAI,"38,206",$278.75,"1,702 mi",105,$0.1638
SVO,GOX,"38,195",$196.25,"3,477 mi",105,$0.0564
LHR,STL,"38,192",$877.87,"4,063 mi",105,$0.2161
LGW,RVN,"38,178",$166.37,"1,351 mi",105,$0.1231
BRU,CHQ,"38,175",$206.14,"1,486 mi",105,$0.1387
LYS,OSL,"38,159",$121.40,998 mi,105,$0.1216
EDI,NOC,"38,130",$91.25,250 mi,104,$0.3650
CPH,ICN,"38,105",$662.23,"4,776 mi",104,$0.1387
ATH,RMO,"38,103",$163.77,691 mi,104,$0.2370
GVA,DUS,"38,091",$221.62,360 mi,104,$0.6156
CDG,PMO,"38,079",$139.25,941 mi,104,$0.1480
LIS,CUN,"38,077",$235.58,"4,818 mi",104,$0.0489
STN,SZY,"38,071",$105.76,845 mi,104,$0.1252
ZAG,BER,"38,066",$191.77,486 mi,104,$0.3946
VCE,LUX,"38,061",$204.85,392 mi,104,$0.5226
GOT,VIE,"38,049",$218.08,663 mi,104,$0.3289
ATH,BHX,"38,048",$69.76,"1,637 mi",104,$0.0426
CDG,RVN,"38,037",$261.47,"1,422 mi",104,$0.1839
AGP,EWR,"38,031",$576.28,"3,777 mi",104,$0.1526
OTP,BEG,"37,990",$95.15,294 mi,104,$0.3236
STN,BSL,"37,957",$75.18,426 mi,104,$0.1765
NCE,PMO,"37,944",$102.58,472 mi,104,$0.2173
MXP,DOH,"37,943",$600.27,"2,830 mi",104,$0.2121
GVA,MLA,"37,927",$181.49,813 mi,104,$0.2232
PMI,AAL,"37,916",$118.45,"1,292 mi",104,$0.0917
LHR,ZNZ,"37,883",$438.85,"4,764 mi",104,$0.0921
MAD,AHO,"37,878",$133.71,603 mi,104,$0.2217
CPH,BOM,"37,847",$365.08,"4,104 mi",104,$0.0890
CDG,AKL,"37,837","$1,106.17","11,174 mi",104,$0.0990
ZRH,BIO,"37,832",$191.10,644 mi,104,$0.2967
PMI,HRG,"37,822",$252.16,"2,031 mi",104,$0.1242
FCO,MJI,"37,814",$173.52,599 mi,104,$0.2897
SVO,UGC,"37,813",$49.70,"1,481 mi",104,$0.0336
MAD,BEY,"37,749",$350.52,"2,116 mi",103,$0.1657
VIE,HAN,"37,729",$398.94,"4,951 mi",103,$0.0806
BGY,MAH,"37,718",$74.38,473 mi,103,$0.1573
GVA,PMO,"37,683",$107.82,681 mi,103,$0.1583
GOT,LPA,"37,678",$144.14,"2,525 mi",103,$0.0571
BUD,FAO,"37,666",$108.39,"1,604 mi",103,$0.0676
LHR,SJU,"37,630",$564.59,"4,056 mi",103,$0.1392
VCE,HND,"37,613",$826.46,"5,770 mi",103,$0.1432
MAN,CPT,"37,602",$649.94,"6,347 mi",103,$0.1024
STN,LEI,"37,575",$89.77,"1,016 mi",103,$0.0884
ORY,SUF,"37,560",$90.19,994 mi,103,$0.0907
DUB,LCJ,"37,533",$99.33,"1,110 mi",103,$0.0895
DUB,RHO,"37,524",$154.01,"1,959 mi",103,$0.0786
BHX,BRU,"37,515",$193.35,297 mi,103,$0.6510
STN,LBC,"37,513",$49.93,443 mi,103,$0.1127
EDI,LSI,"37,505",$282.30,274 mi,103,$1.0303
FCO,BEY,"37,501",$291.22,"1,419 mi",103,$0.2052
AMS,MCT,"37,497",$373.98,"3,521 mi",103,$0.1062
ZRH,DEN,"37,488",$851.67,"4,991 mi",103,$0.1706
LED,NNM,"37,483",$144.74,902 mi,103,$0.1605
BOD,CMN,"37,460",$133.73,899 mi,103,$0.1488
GVA,LPA,"37,457",$164.43,"1,670 mi",103,$0.0985
LIS,YVR,"37,454",$445.41,"4,996 mi",103,$0.0892
FCO,BNE,"37,440","$1,132.52","10,326 mi",103,$0.1097
LED,MQF,"37,432",$129.98,"1,124 mi",103,$0.1156
MXP,IAD,"37,431",$534.93,"4,085 mi",103,$0.1309
MAD,TFU,"37,417",$293.63,"5,551 mi",103,$0.0529
BHX,BKK,"37,408",$483.69,"6,162 mi",102,$0.0785
ORY,BVC,"37,396",$260.50,"2,744 mi",102,$0.0949
VIE,MIA,"37,372",$726.27,"5,054 mi",102,$0.1437
EDI,BJV,"37,364",$93.48,"1,989 mi",102,$0.0470
WAW,GOA,"37,357",$67.21,748 mi,102,$0.0899
GVA,STN,"37,342",$94.21,458 mi,102,$0.2057
AMS,CAN,"37,342",$542.48,"5,849 mi",102,$0.0927
LHR,TAO,"37,336",$363.37,"5,223 mi",102,$0.0696
PRG,NQZ,"37,330",$283.50,"2,520 mi",102,$0.1125
BHX,PSA,"37,299",$86.90,798 mi,102,$0.1089
AGP,NOC,"37,283",$61.45,"1,173 mi",102,$0.0524
LGW,HKG,"37,266",$460.18,"6,166 mi",102,$0.0746
DUB,KSC,"37,264",$74.63,"1,268 mi",102,$0.0589
LYS,AAE,"37,254",$97.69,650 mi,102,$0.1503
BGY,ZAD,"37,218",$37.17,288 mi,102,$0.1291
ATH,RUH,"37,188",$353.38,"1,654 mi",102,$0.2137
WAW,RIX,"37,159",$176.42,360 mi,102,$0.4901
LED,EVN,"37,158",$124.45,"1,534 mi",102,$0.0811
LYS,ALC,"37,143",$133.57,572 mi,102,$0.2335
EDI,LYS,"37,120",$115.71,820 mi,102,$0.1411
ARN,TRN,"37,119",$120.13,"1,118 mi",102,$0.1075
LIS,ESB,"37,117",$95.99,"2,295 mi",102,$0.0418
MXP,AMM,"37,113",$148.08,"1,795 mi",102,$0.0825
BCN,ORN,"37,097",$132.87,431 mi,102,$0.3083
GVA,BFS,"37,096",$68.59,769 mi,102,$0.0892
HEL,GZP,"37,086",$290.55,"1,640 mi",102,$0.1772
LED,FRU,"37,066",$320.14,"2,105 mi",102,$0.1521
DME,KYZ,"37,064",$170.60,"2,201 mi",102,$0.0775
AMS,AUH,"37,033",$606.43,"3,129 mi",101,$0.1938
PRG,TLL,"37,033",$137.06,790 mi,101,$0.1735
ZAG,YYZ,"37,033",$278.01,"4,527 mi",101,$0.0614
MAD,TPE,"37,028",$756.26,"6,887 mi",101,$0.1098
CDG,SVG,"37,020",$155.83,714 mi,101,$0.2182
CDG,ESB,"36,992",$179.95,"1,654 mi",101,$0.1088
LHR,HNL,"36,989",$909.71,"7,007 mi",101,$0.1298
AGP,NQY,"36,973",$95.71,923 mi,101,$0.1037
ORY,TFN,"36,959",$190.94,"1,766 mi",101,$0.1081
OSL,AAL,"36,955",$184.36,212 mi,101,$0.8696
VIE,ORD,"36,945",$874.39,"4,843 mi",101,$0.1805
ZRH,CGK,"36,907",$844.22,"7,115 mi",101,$0.1187
MRS,BRI,"36,903",$94.61,629 mi,101,$0.1504
BUD,GDN,"36,897",$72.63,467 mi,101,$0.1555
VKO,NNM,"36,876",$178.90,"1,005 mi",101,$0.1780
CDG,LJU,"36,856",$183.00,568 mi,101,$0.3222
ZAG,ALC,"36,854",$156.12,964 mi,101,$0.1620
STN,OLB,"36,844",$109.61,903 mi,101,$0.1214
BCN,SEA,"36,831",$631.01,"5,261 mi",101,$0.1199
MAD,IAS,"36,830",$106.33,"1,657 mi",101,$0.0642
ATH,FLR,"36,827",$182.05,755 mi,101,$0.2411
NAP,ORD,"36,818",$611.42,"5,081 mi",101,$0.1203
NCE,BKK,"36,816",$542.54,"5,914 mi",101,$0.0917
STN,JTR,"36,811",$117.06,"1,681 mi",101,$0.0696
MAD,EIN,"36,801",$96.88,895 mi,101,$0.1082
GVA,ACE,"36,781",$153.45,"1,649 mi",101,$0.0931
BOD,ACE,"36,769",$149.25,"1,266 mi",101,$0.1179
DUB,PFO,"36,738",$198.89,"2,207 mi",101,$0.0901
EDI,KOI,"36,717",$257.47,203 mi,101,$1.2683
LCY,VNO,"36,700",$207.44,"1,095 mi",101,$0.1894
STN,VST,"36,698",$102.49,802 mi,101,$0.1278
MAD,WMI,"36,682",$143.25,"1,449 mi",100,$0.0989
MAD,CGK,"36,677",$512.29,"7,779 mi",100,$0.0659
MXP,SZX,"36,672",$371.46,"5,619 mi",100,$0.0661
ATH,YVR,"36,660",$568.78,"5,907 mi",100,$0.0963
MAD,CAN,"36,627",$432.80,"6,253 mi",100,$0.0692
BCN,KIV,"36,586",$125.56,"1,421 mi",100,$0.0884
FCO,CRA,"36,559",$90.77,631 mi,100,$0.1439
BUD,HHN,"36,537",$68.61,556 mi,100,$0.1234
NCL,KGS,"36,529",$154.39,"1,903 mi",100,$0.0811
VIE,YYZ,"36,522",$521.71,"4,448 mi",100,$0.1173
HEL,SIN,"36,484",$810.92,"5,589 mi",100,$0.1451
VIE,TUN,"36,470",$134.22,867 mi,100,$0.1548
LHR,CKG,"36,460",$352.62,"5,145 mi",100,$0.0685
CDG,AGA,"36,452",$131.25,"1,392 mi",100,$0.0943
ARN,CHQ,"36,451",$162.31,"1,741 mi",100,$0.0932
PMI,LBC,"36,450",$128.08,"1,085 mi",100,$0.1180
MAN,INN,"36,430",$82.06,754 mi,100,$0.1088
LYS,SVQ,"36,423",$162.54,830 mi,100,$0.1958
SOF,KRK,"36,409",$53.09,522 mi,100,$0.1017
FCO,HAV,"36,373",$440.02,"5,240 mi",100,$0.0840
GVA,LBA,"36,373",$59.43,648 mi,100,$0.0917
DUB,GRU,"36,359",$624.80,"6,003 mi",100,$0.1041
LGW,PEK,"36,351",$588.61,"5,225 mi",100,$0.1127
DUB,DTW,"36,313",$629.83,"3,582 mi",99,$0.1758
ZRH,DRS,"36,300",$184.18,356 mi,99,$0.5174
NCE,RIX,"36,268",$212.39,"1,206 mi",99,$0.1761
MRS,OZZ,"36,246",$95.60,"1,056 mi",99,$0.0905
STN,FEZ,"36,239",$92.01,"1,230 mi",99,$0.0748
AMS,BOJ,"36,233",$199.08,"1,288 mi",99,$0.1546
MAN,MNL,"36,220",$543.53,"6,879 mi",99,$0.0790
PRG,MUC,"36,218",$101.07,169 mi,99,$0.5980
ZRH,FUE,"36,214",$175.58,"1,833 mi",99,$0.0958
DBV,KRK,"36,204",$74.21,540 mi,99,$0.1374
LED,FEG,"36,199",$100.00,"2,287 mi",99,$0.0437
ARN,VLC,"36,152",$150.88,"1,654 mi",99,$0.0912
BOD,FRA,"36,147",$150.44,546 mi,99,$0.2755
MAD,TSR,"36,128",$101.81,"1,263 mi",99,$0.0806
SVO,XIY,"36,127",$314.22,"3,697 mi",99,$0.0850
MXP,AYT,"36,116",$149.41,"1,329 mi",99,$0.1124
PRG,BFS,"36,100",$86.59,888 mi,99,$0.0975
STN,GZT,"36,073",$167.68,"2,138 mi",99,$0.0784
AGP,ABZ,"36,067",$235.25,"1,379 mi",99,$0.1706
LIS,BKK,"36,044",$494.66,"6,452 mi",99,$0.0767
LHR,XIY,"36,039",$355.74,"5,275 mi",99,$0.0674
BRU,GRU,"36,036",$754.82,"6,177 mi",99,$0.1222
MAD,AUH,"36,032",$788.70,"3,398 mi",99,$0.2321
MXP,TAS,"36,021",$340.43,"3,069 mi",99,$0.1109
FCO,SCL,"36,016",$800.85,"7,166 mi",99,$0.1118
ATH,SEA,"36,016",$626.20,"6,366 mi",99,$0.0984
GOT,MXP,"36,006",$142.93,820 mi,99,$0.1743
MAN,NTE,"35,995",$116.99,442 mi,99,$0.2647
DUB,PEK,"35,980",$398.61,"5,291 mi",99,$0.0753
BRU,YYZ,"35,974",$413.86,"3,643 mi",99,$0.1136
MXP,LOS,"35,971",$229.75,"2,635 mi",99,$0.0872
MAD,AGA,"35,967",$64.27,798 mi,99,$0.0805
LHR,FOC,"35,930",$244.77,"5,797 mi",98,$0.0422
BOD,CPH,"35,924",$165.51,920 mi,98,$0.1799
DUB,DLM,"35,900",$136.68,"2,093 mi",98,$0.0653
DUB,LUZ,"35,892",$92.58,"1,261 mi",98,$0.0734
VKO,KGP,"35,887",$146.55,"1,426 mi",98,$0.1028
ATH,PMI,"35,869",$232.84,"1,179 mi",98,$0.1975
MAD,PDL,"35,862",$149.91,"1,234 mi",98,$0.1215
DUB,STR,"35,797",$194.24,724 mi,98,$0.2683
LIS,FLN,"35,745",$622.61,"5,405 mi",98,$0.1152
PRG,ADB,"35,743",$126.16,"1,064 mi",98,$0.1186
PRG,KEF,"35,718",$157.09,"1,698 mi",98,$0.0925
BRU,KIX,"35,652",$575.95,"6,000 mi",98,$0.0960
BUD,CHQ,"35,642",$103.33,886 mi,98,$0.1166
FCO,VNO,"35,640",$116.62,"1,035 mi",98,$0.1127
FCO,COK,"35,624",$235.21,"4,560 mi",98,$0.0516
AMS,AKL,"35,618","$1,012.96","10,936 mi",98,$0.0926
LHR,WUH,"35,604",$452.52,"5,348 mi",98,$0.0846
ATH,BNE,"35,598","$1,186.43","9,712 mi",98,$0.1222
BGY,RMO,"35,597",$93.23,892 mi,98,$0.1045
CPH,SGN,"35,580",$392.95,"5,930 mi",97,$0.0663
CPH,ATL,"35,572",$560.50,"4,454 mi",97,$0.1258
ZRH,YVR,"35,569",$615.20,"5,317 mi",97,$0.1157
PRG,ORD,"35,545",$526.00,"4,398 mi",97,$0.1196
GVA,BOS,"35,544",$850.99,"3,778 mi",97,$0.2252
WAW,PFO,"35,537",$87.81,"1,373 mi",97,$0.0640
ORY,LCA,"35,536",$142.10,"1,797 mi",97,$0.0791
ZRH,MEX,"35,536",$848.03,"6,191 mi",97,$0.1370
VIE,VAR,"35,527",$98.23,619 mi,97,$0.1587
ARN,FKB,"35,506",$86.75,873 mi,97,$0.0994
GVA,NRT,"35,506",$927.06,"6,281 mi",97,$0.1476
OSL,MQN,"35,493",$201.54,425 mi,97,$0.4742
LED,IST,"35,491",$291.25,"1,320 mi",97,$0.2206
LHR,TBS,"35,466",$316.57,"2,288 mi",97,$0.1384
MAN,BOS,"35,442",$577.89,"3,051 mi",97,$0.1894
NAP,ALC,"35,416",$120.56,786 mi,97,$0.1534
VIE,CUN,"35,405",$315.97,"5,561 mi",97,$0.0568
WAW,WRO,"35,362",$81.59,196 mi,97,$0.4163
NAP,WRO,"35,340",$100.05,739 mi,97,$0.1354
NAP,DXB,"35,308",$398.91,"2,659 mi",97,$0.1500
FCO,MPL,"35,284",$124.02,451 mi,97,$0.2750
NAP,KTW,"35,259",$66.33,680 mi,97,$0.0975
ZRH,LJU,"35,253",$176.63,301 mi,97,$0.5868
CDG,TBS,"35,252",$273.35,"2,029 mi",97,$0.1347
VIE,ZTH,"35,247",$107.35,770 mi,97,$0.1394
VIE,SFO,"35,238","$1,021.04","5,819 mi",97,$0.1755
CPH,BOO,"35,226",$152.76,831 mi,97,$0.1838
MAN,STR,"35,178",$194.04,611 mi,96,$0.3176
GVA,FNC,"35,161",$137.00,"1,575 mi",96,$0.0870
BCN,SYD,"35,130","$1,249.39","11,001 mi",96,$0.1136
AGP,JFK,"35,127",$574.42,"3,540 mi",96,$0.1623
PRG,BOS,"35,113",$484.07,"3,767 mi",96,$0.1285
BUD,PEK,"35,112",$273.21,"4,417 mi",96,$0.0619
OTP,SOF,"35,104",$139.43,193 mi,96,$0.7224
PRG,SFO,"35,101",$737.16,"5,651 mi",96,$0.1304
EDI,LAX,"35,045",$784.25,"4,997 mi",96,$0.1569
BHX,BOJ,"35,027",$119.18,"1,468 mi",96,$0.0812
BOD,FSC,"35,023",$121.86,561 mi,96,$0.2172
DUB,FNC,"34,994",$97.19,"1,569 mi",96,$0.0619
AMS,SKP,"34,991",$56.72,"1,094 mi",96,$0.0518
MXP,LCG,"34,989",$156.01,883 mi,96,$0.1767
PRG,EWR,"34,982",$647.71,"4,205 mi",96,$0.1540
BRU,DJE,"34,940",$126.14,"1,255 mi",96,$0.1005
LYS,CFR,"34,936",$222.00,340 mi,96,$0.6529
BCN,JED,"34,935",$387.06,"2,466 mi",96,$0.1570
ORY,AAE,"34,927",$107.66,893 mi,96,$0.1206
MAD,KTW,"34,903",$57.22,"1,249 mi",96,$0.0458
FCO,AMM,"34,884",$186.13,"1,525 mi",96,$0.1221
CDG,PDX,"34,878","$1,055.24","5,268 mi",96,$0.2003
ARN,VCE,"34,877",$179.86,"1,034 mi",96,$0.1739
CPH,ADB,"34,866",$196.33,"1,332 mi",96,$0.1474
AMS,MAH,"34,849",$151.43,886 mi,95,$0.1709
STN,RVN,"34,839",$157.16,"1,300 mi",95,$0.1209
SOF,ZAG,"34,825",$116.27,433 mi,95,$0.2685
WAW,PVG,"34,824",$487.58,"4,822 mi",95,$0.1011
GVA,SFO,"34,819","$1,121.24","5,647 mi",95,$0.1986
FCO,NCL,"34,799",$144.91,"1,078 mi",95,$0.1344
VIE,HKG,"34,791",$762.90,"5,244 mi",95,$0.1455
MAN,KWI,"34,753",$375.96,"3,098 mi",95,$0.1214
LYS,BKK,"34,745",$355.58,"5,638 mi",95,$0.0631
MAN,BNE,"34,708","$1,107.98","9,940 mi",95,$0.1115
DBV,LHR,"34,705",$230.79,"1,039 mi",95,$0.2221
BCN,REG,"34,669",$93.66,777 mi,95,$0.1205
LGW,KLX,"34,660",$170.67,"1,503 mi",95,$0.1136
BGY,BEM,"34,658",$136.51,"1,290 mi",95,$0.1058
EDI,CTA,"34,639",$149.34,"1,491 mi",95,$0.1002
VIE,RAK,"34,633",$330.55,"1,668 mi",95,$0.1982
DUB,TRS,"34,616",$110.42,"1,054 mi",95,$0.1048
DUB,JNB,"34,614",$539.73,"5,697 mi",95,$0.0947
OSL,LKL,"34,598",$191.85,812 mi,95,$0.2363
CDG,LUX,"34,593",$169.23,175 mi,95,$0.9670
ZRH,SEA,"34,580",$780.07,"5,400 mi",95,$0.1445
LYS,TLM,"34,580",$166.11,792 mi,95,$0.2097
BCN,GYE,"34,576",$360.71,"5,724 mi",95,$0.0630
CDG,JRO,"34,563",$421.60,"4,047 mi",95,$0.1042
LHR,CMH,"34,543",$743.30,"3,723 mi",95,$0.1997
AMS,KWI,"34,531",$413.62,"2,625 mi",95,$0.1576
CDG,PUJ,"34,515",$203.32,"4,266 mi",95,$0.0477
LIS,SOF,"34,497",$171.62,"1,663 mi",95,$0.1032
ZRH,KIX,"34,484",$774.96,"5,711 mi",94,$0.1357
MAN,EBL,"34,482",$217.19,"2,424 mi",94,$0.0896
OSL,SRP,"34,475",$63.58,195 mi,94,$0.3261
BUD,SNN,"34,467",$156.32,"1,331 mi",94,$0.1174
BHX,ADB,"34,459",$147.56,"1,641 mi",94,$0.0899
CDG,LED,"34,454",$511.30,"1,285 mi",94,$0.3979
BRU,BOS,"34,447",$706.09,"3,366 mi",94,$0.2098
LGW,BIQ,"34,443",$167.60,518 mi,94,$0.3236
GLA,RHO,"34,408",$119.26,"1,964 mi",94,$0.0607
MXP,TFU,"34,389",$452.63,"5,159 mi",94,$0.0877
OTP,ZTH,"34,373",$119.76,528 mi,94,$0.2268
ATH,ICN,"34,367",$607.86,"5,107 mi",94,$0.1190
VCE,ICN,"34,336",$643.96,"5,231 mi",94,$0.1231
LYS,OLB,"34,331",$96.26,413 mi,94,$0.2331
LHR,FLL,"34,328",$568.53,"4,265 mi",94,$0.1333
GOT,SPU,"34,322",$126.45,961 mi,94,$0.1316
BOD,RBA,"34,292",$127.46,787 mi,94,$0.1620
BHX,LCJ,"34,291",$82.42,923 mi,94,$0.0893
MXP,NOS,"34,286",$693.97,"4,618 mi",94,$0.1503
DUB,JTR,"34,264",$150.30,"1,980 mi",94,$0.0759
VIE,KUL,"34,262",$415.52,"5,677 mi",94,$0.0732
ZAG,EIN,"34,221",$66.39,608 mi,94,$0.1092
EDI,GOT,"34,183",$140.11,620 mi,94,$0.2260
BRU,KGL,"34,153",$288.32,"3,834 mi",94,$0.0752
BRU,CKY,"34,152",$256.05,"3,126 mi",94,$0.0819
BOD,FAO,"34,105",$81.37,639 mi,93,$0.1273
NTE,DSS,"34,104",$247.04,"2,486 mi",93,$0.0994
ARN,CAI,"34,090",$190.26,"2,071 mi",93,$0.0919
BOD,DSS,"34,080",$227.94,"2,362 mi",93,$0.0965
GLA,WRO,"34,062",$75.37,960 mi,93,$0.0785
CPH,PMO,"34,040",$155.98,"1,241 mi",93,$0.1257
VIE,RMF,"34,034",$125.38,"1,894 mi",93,$0.0662
LED,KLF,"33,990",$119.18,442 mi,93,$0.2696
PRG,MLE,"33,980",$367.92,"4,522 mi",93,$0.0814
NCE,CLY,"33,937",$111.65,115 mi,93,$0.9709
OTP,RAK,"33,922",$151.27,"1,980 mi",93,$0.0764
ZRH,MRU,"33,899",$543.46,"5,761 mi",93,$0.0943
ATH,DTW,"33,897",$556.79,"5,103 mi",93,$0.1091
NTE,FUE,"33,881",$158.52,"1,495 mi",93,$0.1060
DBV,WAW,"33,860",$92.30,695 mi,93,$0.1328
CPH,DBV,"33,828",$122.98,909 mi,93,$0.1353
MAD,LAS,"33,828",$809.91,"5,429 mi",93,$0.1492
PMI,EZE,"33,824",$702.57,"6,259 mi",93,$0.1122
GVA,LUX,"33,811",$339.35,241 mi,93,$1.4081
BCN,KWI,"33,807",$438.62,"2,766 mi",93,$0.1586
MAD,CMB,"33,788",$332.65,"5,720 mi",93,$0.0582
PRG,LBA,"33,782",$58.72,746 mi,93,$0.0787
STN,NQY,"33,735",$63.41,241 mi,92,$0.2631
PRG,MRU,"33,723",$311.03,"5,713 mi",92,$0.0544
MAD,ADB,"33,709",$301.51,"1,688 mi",92,$0.1786
AMS,PEK,"33,704",$651.91,"5,009 mi",92,$0.1301
BRU,TIA,"33,704",$138.25,"1,006 mi",92,$0.1374
SOF,IST,"33,685",$76.83,300 mi,92,$0.2561
LHR,ANU,"33,645",$640.74,"4,194 mi",92,$0.1528
MXP,YUL,"33,631",$462.11,"3,912 mi",92,$0.1181
ZAG,MMX,"33,611",$34.10,708 mi,92,$0.0482
MRS,JED,"33,606",$346.75,"2,529 mi",92,$0.1371
GVA,CAG,"33,596",$162.02,490 mi,92,$0.3307
VIE,KIX,"33,594",$601.70,"5,763 mi",92,$0.1044
LIS,DFW,"33,568",$550.30,"4,601 mi",92,$0.1196
ATH,RIX,"33,529",$219.38,"1,351 mi",92,$0.1624
OTP,QSR,"33,496",$75.69,612 mi,92,$0.1237
HEL,DEL,"33,487",$523.97,"3,342 mi",92,$0.1568
AMS,BRE,"33,473",$106.21,171 mi,92,$0.6211
GLA,HRG,"33,467",$111.97,"2,820 mi",92,$0.0397
MAD,SZX,"33,438",$343.92,"6,702 mi",92,$0.0513
LIS,HAJ,"33,433",$184.14,"1,265 mi",92,$0.1456
MAN,DJE,"33,422",$111.51,"1,535 mi",92,$0.0726
PRG,YYZ,"33,383",$422.10,"4,028 mi",91,$0.1048
DUB,RVN,"33,370",$81.13,"1,364 mi",91,$0.0595
MXP,RBA,"33,359",$132.54,"1,176 mi",91,$0.1127
NTE,LPA,"33,347",$191.95,"1,477 mi",91,$0.1300
MAD,SAL,"33,343",$605.20,"5,222 mi",91,$0.1159
SNN,OPO,"33,335",$100.33,768 mi,91,$0.1306
LHR,SAT,"33,334",$732.82,"5,119 mi",91,$0.1432
DUB,CFN,"33,331",$46.14,144 mi,91,$0.3204
PMI,JFK,"33,301",$616.95,"4,024 mi",91,$0.1533
WAW,SIN,"33,296",$589.69,"5,674 mi",91,$0.1039
AGP,VIT,"33,280",$66.36,426 mi,91,$0.1558
ATH,PMO,"33,258",$117.40,608 mi,91,$0.1931
WAW,TAS,"33,255",$295.16,"2,431 mi",91,$0.1214
BRU,GRO,"33,251",$89.83,646 mi,91,$0.1391
BUD,WMI,"33,251",$51.22,363 mi,91,$0.1411
CDG,YHZ,"33,242",$217.56,"3,120 mi",91,$0.0697
HEL,HER,"33,226",$295.76,"1,778 mi",91,$0.1663
LHR,GYD,"33,225",$547.09,"2,412 mi",91,$0.2268
EDI,HAM,"33,217",$143.88,538 mi,91,$0.2674
BUD,YYZ,"33,206",$351.24,"4,312 mi",91,$0.0815
AMS,AOK,"33,202",$220.34,"1,649 mi",91,$0.1336
BCN,LIL,"33,198",$59.67,623 mi,91,$0.0958
ZRH,DFW,"33,190",$828.93,"5,384 mi",91,$0.1540
BCN,OZZ,"33,170",$90.79,899 mi,91,$0.1010
SVO,CKG,"33,168",$257.08,"3,640 mi",91,$0.0706
BUD,HAN,"33,158",$354.01,"4,843 mi",91,$0.0731
BHX,GCI,"33,142",$120.26,206 mi,91,$0.5838
GVA,HKG,"33,132","$1,478.76","5,730 mi",91,$0.2581
PRG,CAG,"33,128",$112.01,815 mi,91,$0.1374
AGP,SXB,"33,123",$79.99,"1,054 mi",91,$0.0759
OTP,MMX,"33,116",$86.08,970 mi,91,$0.0887
CPH,MNL,"33,095",$503.63,"5,900 mi",91,$0.0854
LYS,RHO,"33,089",$167.42,"1,312 mi",91,$0.1276
NAP,ZAG,"33,083",$91.29,357 mi,91,$0.2557
MAN,BGO,"33,074",$141.08,539 mi,91,$0.2617
MRS,BRS,"33,069",$87.83,642 mi,91,$0.1368
PMI,CAG,"33,064",$73.33,348 mi,91,$0.2107
ATH,HFA,"33,061",$70.74,740 mi,91,$0.0956
OTP,LEJ,"33,043",$88.22,771 mi,91,$0.1144
MAD,MDZ,"33,028",$642.71,"6,355 mi",90,$0.1011
PRG,NRT,"33,025",$599.04,"5,486 mi",90,$0.1092
WAW,BLL,"33,021",$155.24,555 mi,90,$0.2797
LHR,MRU,"32,992",$590.99,"5,898 mi",90,$0.1002
ZRH,PHL,"32,988",$720.72,"3,894 mi",90,$0.1851
MXP,ALG,"32,949",$164.98,660 mi,90,$0.2500
GVA,KUL,"32,949",$556.66,"6,538 mi",90,$0.0851
DME,NOJ,"32,934",$138.39,"1,356 mi",90,$0.1021
AMS,LBA,"32,928",$183.89,296 mi,90,$0.6213
LGW,MLE,"32,928",$744.38,"5,449 mi",90,$0.1366
STN,RMI,"32,923",$117.88,763 mi,90,$0.1545
PRG,RUH,"32,920",$354.26,"2,376 mi",90,$0.1491
VCE,ADB,"32,905",$258.08,935 mi,90,$0.2760
BRU,LCA,"32,886",$291.68,"1,880 mi",90,$0.1551
NAP,LPA,"32,843",$159.04,"1,844 mi",90,$0.0862
NAP,WMI,"32,827",$91.04,827 mi,90,$0.1101
BCN,BES,"32,817",$118.39,605 mi,90,$0.1957
MAN,BLR,"32,806",$457.89,"4,925 mi",90,$0.0930
SVO,UCT,"32,802",$162.22,794 mi,90,$0.2043
HEL,OTP,"32,748",$185.34,"1,056 mi",90,$0.1755
CPH,SYD,"32,738","$1,017.59","9,669 mi",90,$0.1052
AMS,BHD,"32,725",$212.02,451 mi,90,$0.4701
CDG,STR,"32,725",$126.69,295 mi,90,$0.4295
BGY,LDE,"32,717",$82.21,523 mi,90,$0.1572
OTP,LUX,"32,707",$162.64,"1,025 mi",90,$0.1587
AMS,ZNZ,"32,694",$318.86,"4,386 mi",90,$0.0727
GVA,ICN,"32,682",$824.31,"5,741 mi",90,$0.1436
CDG,MSY,"32,672",$703.16,"4,661 mi",90,$0.1509
VIE,SUF,"32,665",$100.93,617 mi,89,$0.1636
SVO,BHK,"32,647",$50.89,"1,612 mi",89,$0.0316
MAN,MRU,"32,627",$477.65,"6,031 mi",89,$0.0792
DUB,HKT,"32,619",$433.31,"6,166 mi",89,$0.0703
MRS,TFS,"32,597",$107.17,"1,659 mi",89,$0.0646
GVA,JTR,"32,588",$143.62,"1,244 mi",89,$0.1155
MAD,DEN,"32,582",$622.24,"5,146 mi",89,$0.1209
AGP,OSR,"32,572",$104.49,"1,485 mi",89,$0.0704
GVA,SPX,"32,566",$91.94,"1,683 mi",89,$0.0546
ATH,EZE,"32,564",$769.81,"7,504 mi",89,$0.1026
MAD,RIX,"32,559",$210.21,"1,722 mi",89,$0.1221
LGW,WRO,"32,551",$69.60,761 mi,89,$0.0915
BGY,HER,"32,549",$102.42,"1,111 mi",89,$0.0922
DUB,RDU,"32,537",$526.29,"3,485 mi",89,$0.1510
BHX,VIE,"32,537",$114.89,886 mi,89,$0.1297
BOD,FLR,"32,524",$119.70,575 mi,89,$0.2082
MAN,ORD,"32,520",$689.78,"3,929 mi",89,$0.1756
LYS,LRH,"32,489",$87.92,312 mi,89,$0.2818
ZRH,OLB,"32,489",$169.51,442 mi,89,$0.3835
PMI,GRZ,"32,474",$172.42,843 mi,89,$0.2045
MXP,GYD,"32,473",$333.13,"2,030 mi",89,$0.1641
MAD,HGH,"32,450",$326.38,"6,187 mi",89,$0.0528
NAP,OPO,"32,419",$161.07,"1,229 mi",89,$0.1311
LIS,NRT,"32,414",$745.05,"6,723 mi",89,$0.1108
CDG,SZX,"32,390",$426.81,"6,115 mi",89,$0.0698
PMI,SDR,"32,379",$223.30,419 mi,89,$0.5329
ZAG,ICN,"32,362",$545.72,"5,404 mi",89,$0.1010
MRS,WRO,"32,350",$86.62,737 mi,89,$0.1175
BHX,CPH,"32,345",$193.58,603 mi,89,$0.3210
ARN,WRO,"32,329",$108.74,610 mi,89,$0.1783
LGW,SJO,"32,325",$642.71,"5,586 mi",89,$0.1151
OTP,PVG,"32,316",$653.85,"5,152 mi",89,$0.1269
MRS,DUS,"32,310",$189.32,563 mi,89,$0.3363
VKO,BEG,"32,306",$292.29,"1,019 mi",89,$0.2868
LIS,DSS,"32,284",$280.22,"1,682 mi",88,$0.1666
DUB,PHX,"32,266",$734.65,"5,130 mi",88,$0.1432
ARN,PEK,"32,244",$497.64,"4,032 mi",88,$0.1234
BRU,KUL,"32,233",$463.04,"6,577 mi",88,$0.0704
AMS,EFL,"32,204",$173.83,"1,275 mi",88,$0.1363
MAD,OLB,"32,195",$180.66,706 mi,88,$0.2559
AMS,BOG,"32,194",$549.08,"5,328 mi",88,$0.1031
OSL,VCE,"32,167",$185.74,"1,046 mi",88,$0.1776
VIE,BRE,"32,154",$186.99,496 mi,88,$0.3770
DME,KJA,"32,152",$197.53,"2,003 mi",88,$0.0986
BCN,LCY,"32,136",$232.98,691 mi,88,$0.3372
MXP,TBS,"32,124",$196.48,"1,762 mi",88,$0.1115
NCE,CMN,"32,123",$193.59,"1,036 mi",88,$0.1869
HEL,SKG,"32,120",$170.62,"1,411 mi",88,$0.1209
LHR,PMO,"32,119",$294.09,"1,096 mi",88,$0.2683
LIS,CLJ,"32,108",$136.90,"1,791 mi",88,$0.0764
AMS,POZ,"32,105",$238.01,493 mi,88,$0.4828
DUB,BCM,"32,099",$139.30,"1,487 mi",88,$0.0937
LIS,CPT,"32,096",$488.52,"5,490 mi",88,$0.0890
BUD,BOS,"32,046",$484.66,"4,298 mi",88,$0.1128
VIE,TFU,"32,044",$398.32,"4,463 mi",88,$0.0892
SVO,CCC,"32,037",$452.50,"6,029 mi",88,$0.0751
BHX,IST,"32,021",$193.13,"1,569 mi",88,$0.1231
BGY,SDR,"32,019",$90.94,663 mi,88,$0.1372
LIS,LPA,"32,010",$150.43,806 mi,88,$0.1866
GLA,HER,"32,000",$181.82,"1,927 mi",88,$0.0944
BRU,BEG,"31,997",$181.50,868 mi,88,$0.2091
DUB,DOH,"31,991",$377.98,"3,417 mi",88,$0.1106
ZRH,RUH,"31,983","$1,103.45","2,672 mi",88,$0.4130
DUB,SZG,"31,974",$140.49,954 mi,88,$0.1473
LHR,BGW,"31,968",$324.41,"2,629 mi",88,$0.1234
LYS,TNG,"31,953",$93.69,871 mi,88,$0.1076
CPH,FNC,"31,950",$159.54,"2,186 mi",88,$0.0730
CDG,HGH,"31,916",$391.20,"5,935 mi",87,$0.0659
GVA,KWI,"31,897",$653.94,"2,609 mi",87,$0.2506
NCE,CZL,"31,897",$74.91,526 mi,87,$0.1424
ZAG,DXB,"31,885",$446.83,"2,665 mi",87,$0.1677
MAN,TNG,"31,874",$154.89,"1,194 mi",87,$0.1297
ORY,OZZ,"31,867",$148.60,"1,361 mi",87,$0.1092
MRS,MRU,"31,849",$389.97,"5,358 mi",87,$0.0728
LIS,CAI,"31,842",$234.90,"2,294 mi",87,$0.1024
VIE,PUJ,"31,842",$374.48,"5,193 mi",87,$0.0721
LIS,TPE,"31,822",$799.18,"7,192 mi",87,$0.1111
GOT,BGO,"31,814",$98.26,319 mi,87,$0.3080
DBV,MRS,"31,803",$73.17,642 mi,87,$0.1140
LYS,JFK,"31,794",$446.04,"3,939 mi",87,$0.1132
LED,TMJ,"31,786",$148.24,"2,181 mi",87,$0.0680
WAW,MLE,"31,776",$525.91,"4,326 mi",87,$0.1216
ORY,ESB,"31,751",$147.11,"1,658 mi",87,$0.0887
NAP,HER,"31,737",$154.96,725 mi,87,$0.2137
NCE,TFS,"31,731",$135.48,"1,755 mi",87,$0.0772
ORY,GRX,"31,721",$234.51,881 mi,87,$0.2662
AMS,MPL,"31,714",$271.62,622 mi,87,$0.4367
BCN,MVD,"31,701",$530.67,"6,228 mi",87,$0.0852
FCO,RDU,"31,698",$571.37,"4,816 mi",87,$0.1186
OSL,RAK,"31,692",$178.96,"2,226 mi",87,$0.0804
LYS,SKP,"31,691",$100.53,888 mi,87,$0.1132
ORY,AOI,"31,688",$101.26,613 mi,87,$0.1652
LGW,CMB,"31,687",$396.27,"5,564 mi",87,$0.0712
BCN,TPA,"31,677",$597.46,"4,569 mi",87,$0.1308
ATH,BRS,"31,667",$225.02,"1,640 mi",87,$0.1372
ARN,HKT,"31,617",$396.89,"5,562 mi",87,$0.0714
BRU,SPU,"31,605",$185.50,728 mi,87,$0.2548
MXP,EZE,"31,600",$752.12,"7,169 mi",87,$0.1049
SVO,NRT,"31,596",$370.74,"4,525 mi",87,$0.0819
PRG,SKG,"31,594",$112.38,809 mi,87,$0.1389
SVO,HRB,"31,593",$217.33,"3,779 mi",87,$0.0575
PMI,LIN,"31,584",$111.64,542 mi,87,$0.2060
BCN,LEN,"31,562",$184.66,395 mi,86,$0.4675
BCN,CLT,"31,553",$477.83,"4,478 mi",86,$0.1067
BUD,BKK,"31,549",$407.83,"4,976 mi",86,$0.0820
CPH,SZG,"31,548",$112.45,525 mi,86,$0.2142
OSL,SIN,"31,538","$1,094.16","6,423 mi",86,$0.1704
PMI,VGO,"31,472",$159.45,640 mi,86,$0.2491
BOD,MUC,"31,463",$221.44,622 mi,86,$0.3560
MXP,TOS,"31,451",$144.91,"1,648 mi",86,$0.0879
BRU,ABJ,"31,445",$336.00,"3,094 mi",86,$0.1086
LHR,EBL,"31,436",$273.49,"2,332 mi",86,$0.1173
LGW,BOS,"31,431",$271.17,"3,372 mi",86,$0.0804
NAP,PFO,"31,421",$83.39,"1,046 mi",86,$0.0797
MAN,KLX,"31,401",$197.83,"1,568 mi",86,$0.1262
AMS,EBL,"31,371",$254.95,"2,131 mi",86,$0.1196
PMI,LIL,"31,365",$106.05,738 mi,86,$0.1437
BCN,MDE,"31,359",$518.42,"5,448 mi",86,$0.0952
FCO,ZTH,"31,342",$87.15,553 mi,86,$0.1576
CDG,BNA,"31,338",$826.01,"4,230 mi",86,$0.1953
VCE,GRU,"31,335",$712.05,"6,204 mi",86,$0.1148
DBV,CRL,"31,297",$68.04,878 mi,86,$0.0775
SOF,CHQ,"31,262",$62.98,482 mi,86,$0.1307
BUD,ORD,"31,250",$447.27,"4,972 mi",86,$0.0900
PMI,AYT,"31,250",$154.62,"1,574 mi",86,$0.0982
LGW,BNE,"31,249","$1,085.01","9,975 mi",86,$0.1088
VCE,NRT,"31,240",$570.75,"5,776 mi",86,$0.0988
DME,DEL,"31,229",$298.19,"2,756 mi",86,$0.1082
BHX,VCE,"31,228",$64.16,821 mi,86,$0.0781
DUB,SKG,"31,228",$132.38,"1,575 mi",86,$0.0841
PMI,VIT,"31,208",$29.82,376 mi,86,$0.0793
OSL,LKN,"31,169",$185.06,538 mi,85,$0.3440
ZRH,EZE,"31,126",$983.00,"7,245 mi",85,$0.1357
DBV,NAP,"31,103",$59.68,229 mi,85,$0.2606
DUB,CPT,"31,090",$750.18,"6,032 mi",85,$0.1244
BCN,DTW,"31,080",$561.41,"4,075 mi",85,$0.1378
PMI,KTW,"31,076",$181.57,"1,127 mi",85,$0.1611
MRS,BIQ,"31,075",$189.47,348 mi,85,$0.5445
GLA,RAK,"31,067",$113.76,"1,737 mi",85,$0.0655
BRU,PEK,"31,065",$469.80,"5,084 mi",85,$0.0924
BCN,SAN,"31,051",$756.40,"5,847 mi",85,$0.1294
NAP,BOS,"31,049",$435.71,"4,079 mi",85,$0.1068
PMI,FDH,"31,044",$103.29,635 mi,85,$0.1627
NTE,BSL,"31,037",$107.20,415 mi,85,$0.2583
PRG,IAD,"31,022",$551.39,"4,422 mi",85,$0.1247
ATH,CLT,"30,998",$652.38,"5,630 mi",85,$0.1159
BCN,SZX,"30,990",$377.58,"6,042 mi",85,$0.0625
MAD,CBB,"30,975",$585.39,"5,835 mi",85,$0.1003
AMS,HAJ,"30,971",$118.88,202 mi,85,$0.5885
LGW,BLL,"30,968",$144.13,513 mi,85,$0.2810
GVA,BRI,"30,956",$123.23,657 mi,85,$0.1876
DBV,LYS,"30,947",$76.50,709 mi,85,$0.1079
LHR,JAX,"30,918",$817.27,"4,114 mi",85,$0.1987
WAW,MRU,"30,914",$412.25,"5,645 mi",85,$0.0730
EDI,VLC,"30,904",$150.57,"1,179 mi",85,$0.1277
BHX,TSF,"30,886",$97.16,809 mi,85,$0.1201
WAW,RAK,"30,880",$110.94,"1,974 mi",85,$0.0562
NCE,BIQ,"30,874",$193.24,425 mi,85,$0.4547
GVA,LCG,"30,853",$142.15,716 mi,85,$0.1985
FCO,CAN,"30,833",$367.77,"5,860 mi",84,$0.0628
BHX,JER,"30,831",$93.61,232 mi,84,$0.4035
ZRH,OHD,"30,827",$120.93,719 mi,84,$0.1682
STN,PGF,"30,818",$93.07,625 mi,84,$0.1489
LIS,DEN,"30,816",$671.56,"4,685 mi",84,$0.1433
DBV,GOT,"30,803",$79.44,"1,044 mi",84,$0.0761
MAN,HRE,"30,800",$348.77,"5,470 mi",84,$0.0638
NTE,RBA,"30,790",$110.64,916 mi,84,$0.1208
BGY,LPL,"30,770",$85.31,794 mi,84,$0.1074
LYS,MRU,"30,769",$405.42,"5,464 mi",84,$0.0742
MAN,PVK,"30,765",$113.97,"1,519 mi",84,$0.0750
ARN,SFO,"30,757",$904.68,"5,185 mi",84,$0.1745
BCN,UIO,"30,756",$382.94,"5,900 mi",84,$0.0649
AGP,EZE,"30,745",$665.98,"5,857 mi",84,$0.1137
AMS,YHZ,"30,740",$175.14,"3,134 mi",84,$0.0559
AMS,BJL,"30,736",$152.87,"2,853 mi",84,$0.0536
GVA,ORD,"30,730",$838.82,"4,252 mi",84,$0.1973
NTE,OLB,"30,719",$105.24,722 mi,84,$0.1458
LHR,TLL,"30,712",$198.60,"1,157 mi",84,$0.1717
VCE,STR,"30,711",$175.42,273 mi,84,$0.6426
VIE,SDR,"30,707",$57.82,"1,062 mi",84,$0.0544
VCE,MUC,"30,703",$130.56,205 mi,84,$0.6369
MAN,CAN,"30,698",$330.05,"6,070 mi",84,$0.0544
BHX,EFL,"30,682",$100.68,"1,411 mi",84,$0.0714
BOD,FNC,"30,680",$122.61,"1,237 mi",84,$0.0991
BHX,LHE,"30,667",$340.84,"3,846 mi",84,$0.0886
LYS,NCE,"30,666",$247.96,182 mi,84,$1.3624
BCN,LAS,"30,660",$715.04,"5,951 mi",84,$0.1202
GVA,DEL,"30,638",$765.61,"4,063 mi",84,$0.1884
PMI,TRF,"30,619",$76.59,"1,354 mi",84,$0.0566
CPH,HAN,"30,609",$379.99,"4,983 mi",84,$0.0763
MAD,NBO,"30,599",$429.58,"3,734 mi",84,$0.1150
ZRH,AUH,"30,598",$589.97,"3,059 mi",84,$0.1929
GVA,NCL,"30,566",$115.22,717 mi,84,$0.1607
ARN,HAD,"30,539",$131.25,268 mi,84,$0.4897
PRG,SUF,"30,536",$101.93,756 mi,84,$0.1348
BOD,NAP,"30,524",$131.94,830 mi,84,$0.1590
LED,PKX,"30,511",$219.73,"3,903 mi",84,$0.0563
FCO,HKT,"30,500",$339.12,"5,474 mi",84,$0.0620
MRS,TLM,"30,500",$103.54,702 mi,84,$0.1475
ZRH,LAS,"30,492",$777.11,"5,870 mi",84,$0.1324
ZRH,TPA,"30,487",$556.97,"5,014 mi",84,$0.1111
ARN,FNC,"30,468",$151.20,"2,515 mi",83,$0.0601
WAW,BEG,"30,436",$169.40,524 mi,83,$0.3233
BUD,CAN,"30,431",$339.05,"5,380 mi",83,$0.0630
LHR,NKG,"30,430",$403.36,"5,445 mi",83,$0.0741
ATH,LHE,"30,427",$193.47,"2,778 mi",83,$0.0696
LED,NMA,"30,424",$143.70,"2,115 mi",83,$0.0679
AMS,NWI,"30,413",$228.30,145 mi,83,$1.5745
MAD,WRO,"30,410",$108.46,"1,184 mi",83,$0.0916
GVA,TBS,"30,409",$192.68,"1,880 mi",83,$0.1025
CDG,NDJ,"30,388",$684.59,"2,567 mi",83,$0.2667
LGW,PUY,"30,373",$184.00,803 mi,83,$0.2291
SNN,FUE,"30,355",$128.59,"1,745 mi",83,$0.0737
BCN,BJL,"30,345",$195.33,"2,304 mi",83,$0.0848
NCL,BOJ,"30,333",$118.05,"1,613 mi",83,$0.0732
LHR,TUN,"30,330",$164.08,"1,104 mi",83,$0.1486
EDI,LDY,"30,328",$34.41,166 mi,83,$0.2073
LHR,ALA,"30,320",$803.81,"3,599 mi",83,$0.2233
AMS,PER,"30,314","$1,077.37","8,533 mi",83,$0.1263
GVA,BOM,"30,290",$720.39,"4,297 mi",83,$0.1676
VCE,DEL,"30,289",$337.24,"3,763 mi",83,$0.0896
AGP,EXT,"30,277",$80.66,"1,002 mi",83,$0.0805
MRS,LIG,"30,264",$41.35,268 mi,83,$0.1543
BOD,ZRH,"30,253",$157.12,493 mi,83,$0.3187
LIS,FAO,"30,220",$42.40,141 mi,83,$0.3007
ATH,MEX,"30,213",$610.74,"7,229 mi",83,$0.0845
MAN,TLS,"30,210",$156.59,713 mi,83,$0.2196
ATH,PHL,"30,207",$569.78,"4,871 mi",83,$0.1170
ARN,IAD,"30,189",$558.62,"3,996 mi",83,$0.1398
ATH,MCO,"30,180",$664.04,"5,954 mi",83,$0.1115
CDG,ADL,"30,177","$1,223.43","9,716 mi",83,$0.1259
PRG,MIA,"30,173",$570.03,"5,214 mi",83,$0.1093
CDG,LXR,"30,151",$168.92,"2,353 mi",83,$0.0718
BCN,SVG,"30,116",$199.74,"1,261 mi",83,$0.1584
DBV,EMA,"30,099",$83.91,"1,183 mi",82,$0.0709
FCO,LMP,"30,086",$57.60,449 mi,82,$0.1283
MXP,CHQ,"30,070",$162.17,"1,033 mi",82,$0.1570
WAW,ZAG,"30,070",$185.04,481 mi,82,$0.3847
BHX,BJV,"30,065",$105.70,"1,710 mi",82,$0.0618
ZRH,SVQ,"30,056",$181.70,"1,039 mi",82,$0.1749
GLA,NBE,"30,055",$153.59,"1,489 mi",82,$0.1031
LHR,SHA,"30,053",$461.87,"5,896 mi",82,$0.0783
LGW,HAN,"30,040",$271.61,"5,567 mi",82,$0.0488
LIS,MCO,"30,036",$559.05,"4,232 mi",82,$0.1321
SOF,PSA,"30,027",$83.82,638 mi,82,$0.1314
GVA,DSS,"30,024",$405.95,"2,637 mi",82,$0.1539
MAD,SKG,"30,023",$244.44,"1,347 mi",82,$0.1815
MAD,BOM,"29,977",$500.97,"4,811 mi",82,$0.1041
EDI,LHE,"29,964",$272.17,"4,107 mi",82,$0.0663
DME,SGN,"29,930",$302.97,"4,917 mi",82,$0.0616
ZAG,GRO,"29,917",$104.79,692 mi,82,$0.1514
AMS,RVN,"29,904",$293.22,"1,182 mi",82,$0.2481
GLA,ILY,"29,888",$134.18,70 mi,82,$1.9169
GLA,ORK,"29,876",$89.21,334 mi,82,$0.2671
PMI,BGO,"29,861",$196.29,"1,394 mi",82,$0.1408
AGP,MIA,"29,857",$579.83,"4,294 mi",82,$0.1350
MXP,MEX,"29,839",$676.18,"6,256 mi",82,$0.1081
PMI,PSA,"29,833",$85.49,472 mi,82,$0.1811
LGW,JSI,"29,828",$136.95,"1,452 mi",82,$0.0943
STN,SPU,"29,815",$88.58,968 mi,82,$0.0915
EDI,YYC,"29,792",$337.52,"4,170 mi",82,$0.0809
CPH,TPE,"29,791",$796.98,"5,310 mi",82,$0.1501
BHX,CUN,"29,787",$512.65,"4,729 mi",82,$0.1084
BRU,ACC,"29,785",$227.37,"3,047 mi",82,$0.0746
NCE,STR,"29,774",$200.79,371 mi,82,$0.5412
LYS,RUN,"29,773",$499.57,"5,414 mi",82,$0.0923
PMI,EXT,"29,760",$90.08,803 mi,82,$0.1122
MAN,GNB,"29,759",$78.82,630 mi,82,$0.1251
ZRH,SJO,"29,754",$530.19,"6,013 mi",82,$0.0882
STN,KLU,"29,749",$113.64,752 mi,82,$0.1511
GVA,CHQ,"29,709",$135.72,"1,157 mi",81,$0.1173
WAW,OLB,"29,706",$96.04,975 mi,81,$0.0985
FCO,JNB,"29,697",$525.41,"4,948 mi",81,$0.1062
BGY,CIY,"29,687",$100.83,631 mi,81,$0.1598
CPH,NCL,"29,670",$166.03,547 mi,81,$0.3035
ARN,FLR,"29,669",$198.55,"1,096 mi",81,$0.1812
BRU,HKG,"29,660",$842.24,"5,995 mi",81,$0.1405
VCE,DFW,"29,639",$740.46,"5,617 mi",81,$0.1318
STN,GNB,"29,622",$58.73,492 mi,81,$0.1194
ORY,TGD,"29,618",$117.96,952 mi,81,$0.1239
BRU,TTU,"29,605",$206.90,"1,200 mi",81,$0.1724
MAN,HND,"29,594","$1,238.22","5,710 mi",81,$0.2169
LHR,ANC,"29,588","$1,104.43","4,607 mi",81,$0.2397
ARN,BEY,"29,569",$278.28,"1,896 mi",81,$0.1468
SVO,CGO,"29,540",$329.81,"3,892 mi",81,$0.0847
DUB,LRH,"29,539",$98.77,565 mi,81,$0.1748
VIE,VKO,"29,534",$535.29,986 mi,81,$0.5429
MXP,FNC,"29,527",$143.64,"1,670 mi",81,$0.0860
VIE,BLL,"29,525",$264.65,632 mi,81,$0.4188
AMS,RDU,"29,524",$720.78,"4,178 mi",81,$0.1725
MXP,SGN,"29,519",$501.97,"5,880 mi",81,$0.0854
ZRH,PEK,"29,519",$879.78,"4,804 mi",81,$0.1831
NCE,RBA,"29,514",$135.52,"1,030 mi",81,$0.1316
BRU,DLA,"29,512",$219.54,"3,352 mi",81,$0.0655
SOF,TSF,"29,506",$115.58,609 mi,81,$0.1898
AMS,AMM,"29,487",$266.45,"2,177 mi",81,$0.1224
AMS,MJT,"29,478",$162.72,"1,344 mi",81,$0.1211
LYS,CFU,"29,459",$101.95,836 mi,81,$0.1219
LIS,IAH,"29,451",$788.87,"4,913 mi",81,$0.1606
NTE,CRL,"29,446",$60.19,347 mi,81,$0.1735
LHR,CSX,"29,433",$282.28,"5,456 mi",81,$0.0517
BRU,PSA,"29,426",$82.42,553 mi,81,$0.1490
BUD,TPE,"29,421",$553.60,"5,645 mi",81,$0.0981
AMS,LLA,"29,411",$213.25,"1,129 mi",81,$0.1889
DME,RKT,"29,399",$213.49,"2,183 mi",81,$0.0978
ORY,LJU,"29,395",$159.65,607 mi,81,$0.2630
BHX,LIN,"29,386",$146.29,716 mi,81,$0.2043
ZRH,GRZ,"29,383",$221.40,335 mi,81,$0.6609
DUB,LDE,"29,377",$88.20,786 mi,80,$0.1122
BCN,MEL,"29,375","$1,338.13","10,136 mi",80,$0.1320
ATH,MSP,"29,375",$674.59,"5,672 mi",80,$0.1189
NTE,CTA,"29,373",$136.88,"1,048 mi",80,$0.1306
LHR,DLM,"29,360",$293.75,"1,808 mi",80,$0.1625
NCE,ATL,"29,344","$1,079.38","4,596 mi",80,$0.2349
BCN,RMU,"29,313",$93.38,305 mi,80,$0.3062
AMS,BNE,"29,310","$1,144.62","9,765 mi",80,$0.1172
SVO,SIN,"29,299",$339.54,"5,408 mi",80,$0.0628
NCE,YYZ,"29,293",$598.91,"4,244 mi",80,$0.1411
STN,AHO,"29,273",$93.11,840 mi,80,$0.1108
CPH,OLB,"29,236",$124.73,"1,058 mi",80,$0.1179
ATH,KIT,"29,225",$75.50,122 mi,80,$0.6189
BRU,ICN,"29,222",$642.63,"5,554 mi",80,$0.1157
MRS,RUN,"29,220",$646.01,"5,304 mi",80,$0.1218
BCN,LBA,"29,213",$102.40,912 mi,80,$0.1123
OTP,LPA,"29,200",$208.66,"2,470 mi",80,$0.0845
LHR,RSW,"29,199",$711.47,"4,309 mi",80,$0.1651
MAD,SSA,"29,198",$520.34,"4,180 mi",80,$0.1245
AMS,SSH,"29,196",$137.64,"2,198 mi",80,$0.0626
CDG,USM,"29,177",$538.93,"5,875 mi",80,$0.0917
AMS,PLQ,"29,147",$261.92,685 mi,80,$0.3824
BRU,FEZ,"29,138",$97.78,"1,228 mi",80,$0.0796
STN,ECN,"29,137",$142.85,"2,060 mi",80,$0.0693
BGY,EFL,"29,130",$106.48,784 mi,80,$0.1358
NAP,RHO,"29,129",$118.26,829 mi,80,$0.1427
ORY,SDQ,"29,127",$299.84,"4,322 mi",80,$0.0694
BOD,SPU,"29,117",$114.92,871 mi,80,$0.1319
CDG,FEZ,"29,090",$50.74,"1,078 mi",80,$0.0471
CDG,RHO,"29,090",$199.93,"1,504 mi",80,$0.1329
OSL,MIA,"29,087",$395.82,"4,874 mi",80,$0.0812
DME,PES,"29,084",$123.16,481 mi,80,$0.2560
PRG,DEL,"29,064",$407.42,"3,444 mi",80,$0.1183
MAN,EIN,"29,060",$83.50,358 mi,80,$0.2332
CPH,SJJ,"29,059",$94.49,879 mi,80,$0.1075
NCE,BEY,"29,055",$470.78,"1,608 mi",80,$0.2928
BOD,TNG,"29,044",$96.86,665 mi,80,$0.1457
BRU,NBO,"29,039",$305.89,"3,958 mi",80,$0.0773
CPH,KRS,"29,017",$130.38,255 mi,79,$0.5113
AMS,CLT,"29,011",$635.42,"4,049 mi",79,$0.1569
SNN,GRO,"29,007",$128.33,895 mi,79,$0.1434
PRG,TRN,"29,006",$89.98,471 mi,79,$0.1910
LYS,CAI,"28,996",$152.24,"1,728 mi",79,$0.0881
BCN,AUH,"28,976",$685.41,"3,115 mi",79,$0.2200
BCN,SZG,"28,973",$162.39,678 mi,79,$0.2395
DME,CEE,"28,971",$117.75,259 mi,79,$0.4546
PRG,PDL,"28,971",$152.12,"2,196 mi",79,$0.0693
ARN,YYZ,"28,967",$456.84,"4,040 mi",79,$0.1131
NCE,HND,"28,936","$1,208.92","6,391 mi",79,$0.1892
STN,ALG,"28,934",$117.23,"1,028 mi",79,$0.1140
MAN,KIR,"28,912",$50.43,305 mi,79,$0.1653
DUB,IAH,"28,889",$704.22,"4,411 mi",79,$0.1597
DBV,ZRH,"28,879",$171.39,565 mi,79,$0.3033
MAD,BDS,"28,878",$106.19,"1,160 mi",79,$0.0915
EDI,NTE,"28,871",$117.31,594 mi,79,$0.1975
CDG,BKO,"28,853",$271.82,"2,513 mi",79,$0.1082
GVA,ADB,"28,841",$272.23,"1,239 mi",79,$0.2197
PMI,CWL,"28,840",$171.40,895 mi,79,$0.1915
ARN,ORD,"28,826",$616.16,"4,132 mi",79,$0.1491
MAD,BJZ,"28,821",$77.68,211 mi,79,$0.3682
OSL,RRS,"28,821",$70.24,170 mi,79,$0.4132
BRU,BJV,"28,812",$123.03,"1,521 mi",79,$0.0809
AMS,BEY,"28,797",$291.38,"1,924 mi",79,$0.1514
LHR,DAR,"28,763",$534.55,"4,805 mi",79,$0.1112
BRU,ORD,"28,759",$749.91,"4,024 mi",79,$0.1864
BCN,AOI,"28,745",$105.48,578 mi,79,$0.1825
ARN,CFU,"28,728",$111.71,"1,346 mi",79,$0.0830
FCO,DOH,"28,728",$397.34,"2,584 mi",79,$0.1538
CPH,NRT,"28,723",$531.83,"5,575 mi",79,$0.0954
BCN,CGK,"28,687",$653.16,"7,035 mi",79,$0.0928
ZAG,PSA,"28,685",$93.43,304 mi,79,$0.3073
AMS,WRO,"28,682",$213.41,541 mi,79,$0.3945
DME,BUS,"28,680",$161.64,939 mi,79,$0.1721
CPH,MPL,"28,666",$165.55,889 mi,79,$0.1862
ZRH,BOG,"28,638",$519.15,"5,807 mi",78,$0.0894
ZRH,MEL,"28,631","$1,366.94","10,449 mi",78,$0.1308
MAD,SSG,"28,629",$472.73,"2,731 mi",78,$0.1731
ATH,TPA,"28,605",$664.84,"6,034 mi",78,$0.1102
BUD,IAD,"28,594",$534.57,"4,446 mi",78,$0.1202
NCE,SFO,"28,594","$1,387.57","5,816 mi",78,$0.2386
LGW,MNL,"28,582",$469.61,"6,894 mi",78,$0.0681
VIE,MEX,"28,575",$639.27,"6,127 mi",78,$0.1043
NCL,PRG,"28,562",$117.26,771 mi,78,$0.1521
HEL,BGO,"28,561",$169.82,693 mi,78,$0.2451
BCN,HAN,"28,548",$323.10,"6,108 mi",78,$0.0529
DUB,CUN,"28,542",$372.88,"4,539 mi",78,$0.0822
STN,PVK,"28,534",$104.60,"1,291 mi",78,$0.0810
BHX,HKT,"28,524",$443.98,"6,006 mi",78,$0.0739
NCE,BRI,"28,506",$94.05,501 mi,78,$0.1877
ARN,TPE,"28,483",$681.15,"5,020 mi",78,$0.1357
STN,JED,"28,483",$144.01,"2,851 mi",78,$0.0505
NTE,SPU,"28,459",$167.21,929 mi,78,$0.1800
BUD,BIO,"28,448",$136.34,"1,076 mi",78,$0.1267
ZRH,MCO,"28,441",$621.88,"4,649 mi",78,$0.1338
BCN,RDU,"28,437",$738.14,"4,094 mi",78,$0.1803
VIE,BOM,"28,403",$462.43,"3,813 mi",78,$0.1213
MXP,CAN,"28,390",$487.32,"5,905 mi",78,$0.0825
LIS,VXE,"28,389",$235.74,"1,741 mi",78,$0.1354
NAP,NUE,"28,381",$112.52,597 mi,78,$0.1885
STN,REG,"28,368",$105.19,"1,247 mi",78,$0.0844
MAD,JED,"28,360",$464.16,"2,890 mi",78,$0.1606
LHR,YEG,"28,349",$367.75,"4,104 mi",78,$0.0896
ARN,CTA,"28,331",$188.04,"1,584 mi",78,$0.1187
EDI,STR,"28,277",$158.92,707 mi,77,$0.2248
NCE,TLL,"28,277",$182.79,"1,277 mi",77,$0.1431
CPH,LJU,"28,271",$144.26,634 mi,77,$0.2275
PRG,PEK,"28,267",$324.89,"4,775 mi",77,$0.0680
VCE,BKK,"28,267",$484.94,"5,306 mi",77,$0.0914
FCO,SGN,"28,263",$481.16,"6,124 mi",77,$0.0786
ARN,NAP,"28,238",$197.20,"1,267 mi",77,$0.1556
CDG,NOS,"28,214",$378.84,"4,976 mi",77,$0.0761
VIE,SKP,"28,208",$103.81,506 mi,77,$0.2052
BOD,MAH,"28,204",$115.66,438 mi,77,$0.2641
ARN,BOS,"28,202",$544.28,"3,839 mi",77,$0.1418
LHR,DCA,"28,180",$721.15,"3,544 mi",77,$0.2035
STN,LNZ,"28,154",$54.46,687 mi,77,$0.0793
PMI,PRN,"28,125",$310.93,"1,003 mi",77,$0.3100
MRS,SPU,"28,115",$111.90,572 mi,77,$0.1956
LGW,PER,"28,114",$975.36,"9,272 mi",77,$0.1052
BUD,MLE,"28,114",$430.44,"4,249 mi",77,$0.1013
HEL,MNL,"28,110",$644.31,"5,721 mi",77,$0.1126
FCO,SXB,"28,099",$105.94,533 mi,77,$0.1988
AGP,KEF,"28,088",$170.84,"2,093 mi",77,$0.0816
DUB,AUS,"28,066",$821.07,"4,766 mi",77,$0.1723
GVA,OTP,"28,058",$257.12,"1,003 mi",77,$0.2564
FCO,CLE,"28,033",$628.87,"4,723 mi",77,$0.1332
EDI,SFO,"28,017",$854.06,"5,203 mi",77,$0.1641
BOD,ESU,"28,013",$108.04,"1,016 mi",77,$0.1063
HEL,NGO,"28,010",$704.89,"4,677 mi",77,$0.1507
FCO,AUS,"27,998",$642.10,"5,932 mi",77,$0.1082
SOF,ORD,"27,997",$331.45,"5,353 mi",77,$0.0619
ZAG,TRF,"27,969",$111.62,931 mi,77,$0.1199
CPH,BLR,"27,961",$541.44,"4,366 mi",77,$0.1240
AGP,BEG,"27,950",$205.86,"1,450 mi",77,$0.1420
ZRH,GIG,"27,950",$681.31,"5,998 mi",77,$0.1136
BRU,SSH,"27,946",$291.83,"2,287 mi",77,$0.1276
LHR,SZG,"27,942",$184.45,633 mi,77,$0.2914
LGW,CMN,"27,941",$247.29,"1,245 mi",77,$0.1986
GLA,GVA,"27,941",$146.78,782 mi,77,$0.1877
MRS,BKK,"27,940",$427.46,"5,668 mi",77,$0.0754
WAW,NQZ,"27,898",$297.73,"2,061 mi",76,$0.1445
LHR,HBA,"27,891","$1,171.54","10,508 mi",76,$0.1115
BCN,ASU,"27,891",$479.41,"6,150 mi",76,$0.0780
LGW,GYD,"27,862",$522.42,"2,402 mi",76,$0.2175
LGW,HND,"27,828",$385.19,"5,793 mi",76,$0.0665
MAD,PHX,"27,800",$551.90,"5,762 mi",76,$0.0958
DUB,BNE,"27,793","$1,131.53","10,664 mi",76,$0.1061
VCE,AHO,"27,769",$72.75,382 mi,76,$0.1904
GVA,ZRH,"27,747",$117.62,147 mi,76,$0.8001
EDI,DOH,"27,739",$363.47,"3,550 mi",76,$0.1024
ARN,VAA,"27,732",$126.13,275 mi,76,$0.4587
AMS,SHA,"27,729",$239.85,"5,684 mi",76,$0.0422
BRU,CMB,"27,718",$361.09,"5,043 mi",76,$0.0716
LHR,TOS,"27,717",$178.91,"1,447 mi",76,$0.1236
LIS,HND,"27,707","$1,124.38","7,139 mi",76,$0.1575
MAD,HKT,"27,704",$369.67,"6,275 mi",76,$0.0589
MAN,BZR,"27,700",$69.29,717 mi,76,$0.0966
ARN,ZAG,"27,698",$204.00,935 mi,76,$0.2182
GOT,WAW,"27,696",$142.93,497 mi,76,$0.2876
VIE,GRU,"27,669",$999.15,"6,102 mi",76,$0.1637
NCE,ORD,"27,665","$1,046.98","4,665 mi",76,$0.2244
FCO,ORK,"27,647",$167.44,"1,230 mi",76,$0.1361
BUD,SFO,"27,638",$734.98,"5,919 mi",76,$0.1242
MAD,VIL,"27,595",$71.45,"1,404 mi",76,$0.0509
ZAG,PMO,"27,592",$61.15,560 mi,76,$0.1092
SVO,SCO,"27,591",$121.67,"1,062 mi",76,$0.1146
DUB,CCF,"27,589",$115.65,782 mi,76,$0.1479
SNN,LPL,"27,563",$49.01,264 mi,76,$0.1856
OSL,BLQ,"27,553",$175.00,"1,114 mi",75,$0.1571
BUD,EMA,"27,547",$109.70,"1,009 mi",75,$0.1087
MAN,SZG,"27,545",$111.52,747 mi,75,$0.1493
LHR,BJV,"27,530",$359.22,"1,736 mi",75,$0.2069
CDG,PNR,"27,492",$934.97,"3,648 mi",75,$0.2563
DUB,IOM,"27,490",$81.15,79 mi,75,$1.0272
LHR,VKO,"27,464",$847.23,"1,508 mi",75,$0.5618
MRS,TTU,"27,458",$104.03,757 mi,75,$0.1374
GVA,LCY,"27,450",$241.00,470 mi,75,$0.5128
DBV,OSL,"27,445",$169.08,"1,217 mi",75,$0.1389
ZRH,BRE,"27,435",$228.89,398 mi,75,$0.5751
BUD,HND,"27,418",$916.93,"5,796 mi",75,$0.1582
MAN,ADL,"27,394","$1,324.20","10,462 mi",75,$0.1266
MAD,VDE,"27,393",$110.91,"1,160 mi",75,$0.0956
ARN,PMO,"27,385",$181.95,"1,453 mi",75,$0.1252
ATH,PHX,"27,375",$731.99,"6,955 mi",75,$0.1052
LHR,OLB,"27,344",$309.58,845 mi,75,$0.3664
MAD,ESU,"27,335",$58.65,736 mi,75,$0.0797
LHR,IVL,"27,313",$368.81,"1,453 mi",75,$0.2538
BGY,PFO,"27,311",$116.49,"1,371 mi",75,$0.0850
BRU,GZP,"27,311",$62.29,"1,753 mi",75,$0.0355
LGW,NBO,"27,304",$344.62,"4,100 mi",75,$0.0841
ZRH,CUN,"27,263",$465.69,"5,563 mi",75,$0.0837
DBV,RTM,"27,230",$127.13,942 mi,75,$0.1350
MRS,TLS,"27,209",$288.06,187 mi,75,$1.5404
AMS,GOA,"27,205",$230.53,559 mi,75,$0.4124
GVA,YYZ,"27,202",$706.45,"4,098 mi",75,$0.1724
BHX,LEI,"27,182",$95.09,"1,111 mi",74,$0.0856
ZRH,IAH,"27,171",$963.20,"5,468 mi",74,$0.1762
VIE,SEZ,"27,157",$407.46,"4,470 mi",74,$0.0912
NAP,CGN,"27,144",$191.40,793 mi,74,$0.2414
PMI,RAK,"27,143",$145.49,792 mi,74,$0.1837
MXP,JNB,"27,127",$598.83,"5,261 mi",74,$0.1138
VKO,BER,"27,103",$312.46,955 mi,74,$0.3272
NTE,MUC,"27,102",$228.59,608 mi,74,$0.3760
AMS,PDL,"27,101",$97.22,"1,828 mi",74,$0.0532
ORY,TIV,"27,097",$100.05,873 mi,74,$0.1146
VCE,WNZ,"27,092",$247.09,"5,502 mi",74,$0.0449
STN,ESU,"27,074",$109.11,"1,547 mi",74,$0.0705
CDG,LHE,"27,067",$393.98,"3,938 mi",74,$0.1000
MAN,TOS,"27,066",$68.59,"1,350 mi",74,$0.0508
DME,UGC,"27,059",$50.97,"1,443 mi",74,$0.0353
GVA,LCA,"27,058",$264.46,"1,583 mi",74,$0.1671
AMS,JTR,"27,053",$100.07,"1,446 mi",74,$0.0692
ATH,LJU,"27,047",$189.54,728 mi,74,$0.2604
FCO,BGO,"27,047",$206.79,"1,351 mi",74,$0.1531
WAW,GYD,"27,028",$199.84,"1,638 mi",74,$0.1220
BUD,NRT,"27,026",$589.09,"5,466 mi",74,$0.1078
MAN,BNJ,"27,007",$129.36,450 mi,74,$0.2875
OTP,DEL,"26,996",$281.19,"2,894 mi",74,$0.0972
LYS,JED,"26,993",$182.42,"2,611 mi",74,$0.0699
CPH,MSP,"26,983",$561.93,"4,396 mi",74,$0.1278
PRG,SIN,"26,965",$715.70,"6,318 mi",74,$0.1133
GLA,CFU,"26,958",$209.02,"1,532 mi",74,$0.1364
BCN,SKP,"26,953",$65.02,978 mi,74,$0.0665
LHR,NUE,"26,950",$176.12,508 mi,74,$0.3467
BRU,BGO,"26,937",$90.69,630 mi,74,$0.1440
LIS,SIN,"26,933",$933.95,"7,166 mi",74,$0.1303
FCO,LBA,"26,920",$76.40,"1,082 mi",74,$0.0706
OSL,CTA,"26,914",$221.60,"1,533 mi",74,$0.1446
LIS,POA,"26,913",$641.71,"5,304 mi",74,$0.1210
VCE,TUN,"26,888",$160.63,590 mi,74,$0.2723
LIS,GYN,"26,887",$459.96,"4,483 mi",74,$0.1026
MAD,LCA,"26,882",$361.75,"1,993 mi",74,$0.1815
ARN,LUX,"26,882",$231.12,809 mi,74,$0.2857
OSL,PSA,"26,881",$174.29,"1,175 mi",74,$0.1483
WAW,RUH,"26,877",$425.65,"2,381 mi",74,$0.1788
BCN,SJO,"26,874",$580.43,"5,405 mi",74,$0.1074
PMI,AAR,"26,869",$99.13,"1,248 mi",74,$0.0794
AGP,BRI,"26,860",$140.44,"1,216 mi",74,$0.1155
BCN,MSP,"26,836",$611.24,"4,653 mi",74,$0.1314
AGP,KWI,"26,824",$699.23,"2,956 mi",73,$0.2365
PRG,BOM,"26,789",$505.82,"3,948 mi",73,$0.1281
NTE,ORN,"26,781",$179.83,774 mi,73,$0.2323
ORY,VXE,"26,769",$268.34,"2,608 mi",73,$0.1029
HEL,TOS,"26,766",$162.08,690 mi,73,$0.2349
OTP,SIN,"26,762",$597.84,"5,391 mi",73,$0.1109
MAD,SUF,"26,760",$80.93,"1,088 mi",73,$0.0744
MAD,LTN,"26,755",$159.35,825 mi,73,$0.1932
AGP,NYO,"26,752",$135.33,"1,752 mi",73,$0.0772
ARN,EBL,"26,752",$190.73,"1,930 mi",73,$0.0988
CDG,SSH,"26,728",$213.15,"2,158 mi",73,$0.0988
FCO,SDQ,"26,723",$327.92,"4,820 mi",73,$0.0680
MAN,TRN,"26,720",$129.85,696 mi,73,$0.1866
PRG,GYD,"26,716",$232.86,"1,786 mi",73,$0.1304
LHR,DUR,"26,699",$653.53,"5,744 mi",73,$0.1138
FCO,KWI,"26,690",$449.80,"2,104 mi",73,$0.2138
PRG,VIE,"26,684",$150.08,178 mi,73,$0.8431
MAD,KUT,"26,680",$153.31,"2,433 mi",73,$0.0630
ORY,TRN,"26,670",$77.57,338 mi,73,$0.2295
VKO,TBW,"26,653",$109.94,249 mi,73,$0.4415
MAD,BAQ,"26,641",$686.34,"4,605 mi",73,$0.1490
FCO,CHQ,"26,606",$174.82,751 mi,73,$0.2328
AMS,SCQ,"26,601",$330.85,919 mi,73,$0.3600
DUB,CLT,"26,593",$506.48,"3,600 mi",73,$0.1407
ATH,ALC,"26,575",$232.33,"1,368 mi",73,$0.1698
AMS,KLX,"26,573",$140.53,"1,385 mi",73,$0.1015
PMI,VRN,"26,572",$85.40,562 mi,73,$0.1520
AMS,WNZ,"26,570",$279.89,"5,520 mi",73,$0.0507
GVA,BOH,"26,567",$115.73,466 mi,73,$0.2483
FCO,LRM,"26,557",$635.63,"4,782 mi",73,$0.1329
CPH,CMB,"26,548",$312.92,"4,781 mi",73,$0.0655
MAD,CLT,"26,535",$518.44,"3,975 mi",73,$0.1304
PRG,LUX,"26,517",$184.12,371 mi,73,$0.4963
CDG,BSL,"26,516",$67.01,255 mi,73,$0.2628
DME,BKK,"26,511",$321.30,"4,254 mi",73,$0.0755
ARN,DEL,"26,486",$416.64,"3,573 mi",73,$0.1166
LGW,DAC,"26,474",$472.96,"5,124 mi",73,$0.0923
BHX,NAP,"26,434",$145.52,"1,065 mi",72,$0.1366
MAD,PHL,"26,426",$663.59,"3,562 mi",72,$0.1863
NCL,GDN,"26,423",$98.65,827 mi,72,$0.1193
CDG,HYD,"26,407",$559.72,"4,549 mi",72,$0.1230
VIE,GYD,"26,400",$214.25,"1,670 mi",72,$0.1283
VIE,ACE,"26,390",$190.68,"2,140 mi",72,$0.0891
NTE,CFU,"26,388",$185.11,"1,231 mi",72,$0.1504
MAD,SAN,"26,384",$679.39,"6,017 mi",72,$0.1129
GVA,FSC,"26,371",$235.53,348 mi,72,$0.6768
STN,PUY,"26,371",$145.25,814 mi,72,$0.1784
GVA,MEX,"26,361",$977.83,"5,765 mi",72,$0.1696
EDI,BKK,"26,350",$493.81,"5,788 mi",72,$0.0853
DME,MMK,"26,337",$100.70,910 mi,72,$0.1107
LIS,MPL,"26,317",$162.35,734 mi,72,$0.2212
OSL,MNL,"26,298",$540.74,"6,186 mi",72,$0.0874
LGW,KIX,"26,296",$492.65,"6,112 mi",72,$0.0806
CPH,TIA,"26,294",$150.23,"1,063 mi",72,$0.1413
MAD,SEA,"26,285",$878.51,"5,454 mi",72,$0.1611
LED,KHV,"26,278",$442.57,"3,973 mi",72,$0.1114
SVO,SHE,"26,272",$304.44,"3,659 mi",72,$0.0832
MXP,DFW,"26,265",$909.59,"5,463 mi",72,$0.1665
OTP,RIX,"26,259",$187.03,884 mi,72,$0.2116
FCO,SLC,"26,249",$653.32,"5,922 mi",72,$0.1103
GOT,LGW,"26,249",$87.60,652 mi,72,$0.1344
AMS,TTU,"26,246",$91.99,"1,295 mi",72,$0.0710
ATH,RAK,"26,245",$266.60,"1,801 mi",72,$0.1480
MAN,BLL,"26,230",$155.76,471 mi,72,$0.3307
HEL,NAP,"26,226",$284.21,"1,461 mi",72,$0.1945
SNN,EWR,"26,220",$516.38,"3,180 mi",72,$0.1624
GVA,KRK,"26,209",$178.93,703 mi,72,$0.2545
ATH,SPU,"26,203",$178.93,573 mi,72,$0.3123
MXP,SDQ,"26,181",$283.31,"4,619 mi",72,$0.0613
EDI,EXT,"26,179",$135.32,349 mi,72,$0.3877
BUD,LUX,"26,172",$193.84,597 mi,72,$0.3247
NTE,BER,"26,165",$123.60,785 mi,72,$0.1575
PRG,ACE,"26,161",$141.90,"2,123 mi",72,$0.0668
PRG,HND,"26,156","$1,074.43","5,821 mi",72,$0.1846
BUD,TRS,"26,150",$49.30,305 mi,72,$0.1616
HEL,BVA,"26,133",$85.16,"1,203 mi",72,$0.0708
ATH,HKG,"26,123",$665.43,"5,443 mi",72,$0.1223
VKO,BLQ,"26,121",$529.12,"1,410 mi",72,$0.3753
EDI,HKG,"26,115",$952.74,"5,736 mi",72,$0.1661
LGW,KUL,"26,115",$371.34,"6,780 mi",72,$0.0548
CDG,IBZ,"26,104",$204.75,724 mi,72,$0.2828
DUB,BDS,"26,090",$172.78,"1,472 mi",71,$0.1174
WAW,IAD,"26,064",$920.39,"4,340 mi",71,$0.2121
MAD,STR,"26,059",$237.81,869 mi,71,$0.2737
BCN,MLE,"26,053",$444.85,"4,915 mi",71,$0.0905
MAD,YVR,"26,047",$563.97,"5,392 mi",71,$0.1046
FCO,NOS,"26,032",$604.57,"4,579 mi",71,$0.1320
NCE,ICN,"26,030",$662.59,"5,494 mi",71,$0.1206
BHX,HKG,"26,021",$533.94,"5,813 mi",71,$0.0919
ARN,MRS,"26,018",$158.27,"1,204 mi",71,$0.1315
OSL,ACE,"26,017",$174.62,"2,519 mi",71,$0.0693
BCN,CFU,"26,016",$160.38,915 mi,71,$0.1753
ZRH,PUJ,"25,996",$379.91,"4,816 mi",71,$0.0789
OSL,TIA,"25,991",$145.07,"1,308 mi",71,$0.1109
MAN,RUH,"25,983",$783.52,"3,088 mi",71,$0.2537
MXP,PER,"25,981",$976.59,"8,287 mi",71,$0.1178
LGW,DOH,"25,979",$300.49,"3,337 mi",71,$0.0900
BRU,FUE,"25,953",$190.43,"1,876 mi",71,$0.1015
MRS,REG,"25,953",$64.60,639 mi,71,$0.1011
PRG,CHQ,"25,933",$157.41,"1,088 mi",71,$0.1447
CPH,BGW,"25,924",$179.07,"2,094 mi",71,$0.0855
ZRH,WRO,"25,914",$219.24,466 mi,71,$0.4705
ATH,DAC,"25,914",$307.97,"3,856 mi",71,$0.0799
PMI,EWR,"25,912",$880.41,"4,042 mi",71,$0.2178
NAP,PHL,"25,910",$478.98,"4,617 mi",71,$0.1037
LGW,DUS,"25,879",$103.09,292 mi,71,$0.3530
EDI,YVR,"25,855",$460.97,"4,523 mi",71,$0.1019
ARN,AAL,"25,826",$117.85,351 mi,71,$0.3358
PMI,SVG,"25,803",$149.23,"1,381 mi",71,$0.1081
ZAG,BEG,"25,763",$85.95,222 mi,71,$0.3872
DUB,YHZ,"25,758",$135.38,"2,502 mi",71,$0.0541
LGW,ASB,"25,757",$656.30,"3,024 mi",71,$0.2170
EDI,JER,"25,732",$159.27,454 mi,70,$0.3508
FCO,BNA,"25,729",$681.94,"4,864 mi",70,$0.1402
DBV,NTE,"25,723",$186.42,"1,052 mi",70,$0.1772
OTP,MIA,"25,703",$500.91,"5,897 mi",70,$0.0849
CPH,HKG,"25,698",$842.30,"5,215 mi",70,$0.1615
AGP,BRQ,"25,698",$75.88,"1,409 mi",70,$0.0539
DUB,BGO,"25,689",$104.97,622 mi,70,$0.1688
MAD,MEL,"25,687","$1,370.63","11,062 mi",70,$0.1239
CPH,KUL,"25,673",$496.45,"5,844 mi",70,$0.0850
OSL,SVJ,"25,672",$176.54,549 mi,70,$0.3216
LED,NUX,"25,658",$137.10,"1,523 mi",70,$0.0900
BHX,NCE,"25,656",$124.04,756 mi,70,$0.1641
MAN,OLB,"25,652",$105.87,"1,052 mi",70,$0.1006
CPH,UME,"25,641",$91.13,604 mi,70,$0.1509
ZRH,HAN,"25,634",$534.12,"5,637 mi",70,$0.0948
BCN,CAN,"25,633",$410.05,"5,984 mi",70,$0.0685
AGP,VST,"25,629",$63.15,"1,786 mi",70,$0.0354
NCE,VKO,"25,626","$1,058.48","1,606 mi",70,$0.6591
MXP,ZAD,"25,621",$46.35,351 mi,70,$0.1321
LHR,MGQ,"25,619",$292.45,"4,188 mi",70,$0.0698
BRU,AMM,"25,606",$186.80,"2,140 mi",70,$0.0873
OSL,BIO,"25,563",$183.37,"1,345 mi",70,$0.1363
NCL,JFK,"25,553",$607.92,"3,225 mi",70,$0.1885
BRU,DBV,"25,537",$246.39,842 mi,70,$0.2926
WAW,SKG,"25,529",$161.66,786 mi,70,$0.2057
LHR,CHS,"25,522",$818.55,"3,934 mi",70,$0.2081
PRG,HKG,"25,509",$708.81,"5,619 mi",70,$0.1261
ARN,LYS,"25,463",$164.69,"1,065 mi",70,$0.1546
PRG,DPS,"25,462",$522.41,"7,379 mi",70,$0.0708
MAN,SDR,"25,460",$97.16,710 mi,70,$0.1368
ZAG,ACE,"25,452",$105.95,"1,923 mi",70,$0.0551
PMI,MME,"25,437",$60.19,"1,019 mi",70,$0.0591
DME,GNJ,"25,432",$112.78,"1,051 mi",70,$0.1073
CPH,MLE,"25,426",$423.62,"4,722 mi",70,$0.0897
FCO,HRG,"25,416",$113.14,"1,535 mi",70,$0.0737
PMI,KGS,"25,404",$204.77,"1,292 mi",70,$0.1585
NCE,BOS,"25,398",$741.38,"3,910 mi",70,$0.1896
GOT,SKG,"25,395",$100.46,"1,238 mi",70,$0.0811
AMS,MAA,"25,382",$478.36,"4,748 mi",70,$0.1007
DUB,DPS,"25,382",$624.65,"8,214 mi",70,$0.0760
GOT,UME,"25,354",$197.36,517 mi,69,$0.3817
LHR,YWG,"25,348",$401.00,"4,024 mi",69,$0.0997
BGY,CDT,"25,335",$67.10,633 mi,69,$0.1060
NCL,MLA,"25,323",$70.48,"1,577 mi",69,$0.0447
BCN,JNB,"25,314",$689.94,"5,100 mi",69,$0.1353
BUD,SIN,"25,313",$724.05,"6,080 mi",69,$0.1191
MXP,DMM,"25,308",$533.27,"2,531 mi",69,$0.2107
BGY,OSL,"25,291",$129.72,975 mi,69,$0.1330
ORY,DZA,"25,279",$542.49,"4,843 mi",69,$0.1120
DBV,LBA,"25,262",$68.83,"1,162 mi",69,$0.0592
MAD,FOC,"25,220",$234.21,"6,381 mi",69,$0.0367
HEL,BLQ,"25,219",$200.69,"1,191 mi",69,$0.1685
OSL,SGN,"25,174",$348.29,"5,586 mi",69,$0.0624
FCO,NAP,"25,164",$51.69,128 mi,69,$0.4038
MRS,TIA,"25,164",$98.07,729 mi,69,$0.1345
PRG,TAS,"25,153",$274.66,"2,582 mi",69,$0.1064
NCL,DUS,"25,140",$135.31,448 mi,69,$0.3020
STN,RTM,"25,134",$24.75,184 mi,69,$0.1345
ZRH,TOS,"25,126",$225.33,"1,528 mi",69,$0.1475
FCO,JSI,"25,111",$97.37,637 mi,69,$0.1529
ORY,KGS,"25,109",$118.71,"1,535 mi",69,$0.0773
BUD,RIX,"25,091",$117.61,664 mi,69,$0.1771
BGY,NTE,"25,081",$84.85,532 mi,69,$0.1595
LHR,KGL,"25,067",$507.58,"3,982 mi",69,$0.1275
BCN,AUS,"25,054",$689.52,"5,492 mi",69,$0.1255
EDI,LCA,"25,050",$301.69,"2,334 mi",69,$0.1293
ARN,ICN,"25,050",$652.22,"4,738 mi",69,$0.1377
CDG,SNN,"25,019",$293.75,544 mi,69,$0.5400
NAP,CLJ,"25,011",$89.49,601 mi,69,$0.1489
GVA,DPS,"24,992",$614.00,"7,335 mi",68,$0.0837
MRS,FDF,"24,973",$455.01,"4,211 mi",68,$0.1081
CDG,FUE,"24,969",$123.61,"1,715 mi",68,$0.0721
GVA,NBO,"24,961",$671.96,"3,895 mi",68,$0.1725
GLA,AGA,"24,948",$119.96,"1,835 mi",68,$0.0654
DBV,EWR,"24,946",$884.24,"4,379 mi",68,$0.2019
EDI,PEK,"24,931",$482.21,"4,783 mi",68,$0.1008
OSL,AAR,"24,930",$173.39,277 mi,68,$0.6260
NCE,AGA,"24,927",$70.86,"1,335 mi",68,$0.0531
ZRH,DOH,"24,921",$551.40,"2,877 mi",68,$0.1917
LED,DLM,"24,919",$330.89,"1,644 mi",68,$0.2013
CPH,RHO,"24,913",$190.83,"1,467 mi",68,$0.1301
DBV,POZ,"24,911",$92.56,705 mi,68,$0.1313
STN,TLV,"24,907",$317.92,"2,280 mi",68,$0.1394
AGP,FMO,"24,892",$113.42,"1,185 mi",68,$0.0957
LIS,PHX,"24,884",$665.88,"5,258 mi",68,$0.1266
HEL,TPE,"24,870",$700.85,"5,080 mi",68,$0.1380
DUB,HKG,"24,865",$810.58,"5,926 mi",68,$0.1368
PRG,VNO,"24,854",$123.98,543 mi,68,$0.2283
PMI,CLO,"24,834",$424.58,"5,319 mi",68,$0.0798
NAP,OSL,"24,833",$257.81,"1,381 mi",68,$0.1867
MXP,ADL,"24,820","$1,097.53","10,029 mi",68,$0.1094
LHR,SMF,"24,819",$652.85,"5,426 mi",68,$0.1203
BOD,OLB,"24,813",$123.48,566 mi,68,$0.2182
NCL,CHQ,"24,796",$163.00,"1,767 mi",68,$0.0922
ATH,BKK,"24,787",$467.17,"4,779 mi",68,$0.0978
VCE,KIX,"24,786",$631.53,"5,688 mi",68,$0.1110
FCO,PIT,"24,783",$580.97,"4,690 mi",68,$0.1239
MAD,DOH,"24,774",$503.23,"3,213 mi",68,$0.1566
LHR,PBI,"24,769",$700.98,"4,233 mi",68,$0.1656
LGW,QSR,"24,767",$116.69,"1,055 mi",68,$0.1106
BCN,PKX,"24,753",$249.72,"5,662 mi",68,$0.0441
HEL,LJU,"24,746",$225.93,"1,095 mi",68,$0.2063
LHR,SVD,"24,744",$469.53,"4,390 mi",68,$0.1070
ORY,PUF,"24,736",$240.09,405 mi,68,$0.5928
LGW,DEL,"24,727",$345.81,"4,050 mi",68,$0.0854
WAW,LPA,"24,721",$257.45,"2,430 mi",68,$0.1059
GVA,TOS,"24,721",$127.63,"1,628 mi",68,$0.0784
MAN,ZAG,"24,712",$116.64,943 mi,68,$0.1237
NAP,RMO,"24,712",$87.04,863 mi,68,$0.1009
MXP,HAV,"24,711",$417.74,"4,996 mi",68,$0.0836
MRS,HRG,"24,692",$157.71,"2,007 mi",68,$0.0786
BGY,EMA,"24,687",$83.51,679 mi,68,$0.1230
NCE,OLB,"24,683",$152.68,231 mi,68,$0.6610
BGY,TLL,"24,674",$78.50,"1,103 mi",68,$0.0712
LED,SKX,"24,667",$142.51,705 mi,68,$0.2021
NAP,SKG,"24,659",$139.59,469 mi,68,$0.2976
MAN,YVR,"24,655",$604.41,"4,422 mi",68,$0.1367
CDG,JTR,"24,649",$257.36,"1,488 mi",68,$0.1730
BCN,DOH,"24,624",$422.46,"2,930 mi",67,$0.1442
FCO,CIY,"24,623",$79.16,366 mi,67,$0.2163
MXP,IAH,"24,619","$1,095.40","5,541 mi",67,$0.1977
WAW,SGN,"24,616",$428.24,"5,610 mi",67,$0.0763
OTP,AMM,"24,603",$108.83,"1,067 mi",67,$0.1020
MAN,AKL,"24,597","$1,345.93","11,637 mi",67,$0.1157
MAN,NBO,"24,597",$357.83,"4,529 mi",67,$0.0790
CDG,FLL,"24,585",$634.95,"4,697 mi",67,$0.1352
AGP,MME,"24,581",$111.81,"1,204 mi",67,$0.0929
BCN,JTR,"24,579",$207.65,"1,260 mi",67,$0.1648
GVA,MAH,"24,573",$111.41,465 mi,67,$0.2396
MAD,JNB,"24,564",$757.63,"4,886 mi",67,$0.1551
VCE,TLS,"24,540",$125.38,538 mi,67,$0.2330
CDG,LGA,"24,533",$581.24,"3,514 mi",67,$0.1654
VKO,RUH,"24,528",$344.89,"2,105 mi",67,$0.1638
CPH,BLL,"24,525",$105.63,141 mi,67,$0.7491
ZAG,HAM,"24,522",$270.18,590 mi,67,$0.4579
BHX,SPU,"24,519",$56.65,"1,063 mi",67,$0.0533
BOD,FEZ,"24,505",$81.30,811 mi,67,$0.1002
NCE,IAD,"24,496",$883.61,"4,082 mi",67,$0.2165
PRG,MNL,"24,496",$600.28,"5,981 mi",67,$0.1004
WAW,SFO,"24,496","$1,062.16","6,028 mi",67,$0.1762
DUB,TPA,"24,485",$527.25,"4,262 mi",67,$0.1237
DME,BHK,"24,481",$108.66,"1,577 mi",67,$0.0689
ATH,TPE,"24,470",$733.78,"5,708 mi",67,$0.1286
ATH,JTY,"24,463",$96.73,158 mi,67,$0.6122
GOT,MAD,"24,456",$243.53,"1,337 mi",67,$0.1821
STN,DTM,"24,451",$82.48,327 mi,67,$0.2522
SVO,BQT,"24,449",$160.93,591 mi,67,$0.2723
LGW,GRU,"24,441",$469.81,"5,693 mi",67,$0.0825
FCO,LOS,"24,412",$229.21,"2,569 mi",67,$0.0892
ZRH,PER,"24,407","$1,102.82","8,321 mi",67,$0.1325
AMS,HUY,"24,401",$230.40,237 mi,67,$0.9722
OSL,SKG,"24,401",$159.59,"1,495 mi",67,$0.1067
AGP,LBC,"24,400",$119.80,"1,431 mi",67,$0.0837
OSL,LLA,"24,400",$163.38,521 mi,67,$0.3136
ZRH,YUL,"24,376",$660.55,"3,837 mi",67,$0.1722
OTP,GOA,"24,363",$137.38,824 mi,67,$0.1667
OTP,JTR,"24,357",$87.19,549 mi,67,$0.1588
ARN,SIN,"24,348",$861.65,"6,180 mi",67,$0.1394
BGY,TBS,"24,346",$201.47,"1,822 mi",67,$0.1106
BRU,JTR,"24,333",$149.50,"1,484 mi",67,$0.1007
WAW,HKT,"24,315",$327.91,"5,083 mi",67,$0.0645
LIS,PSA,"24,311",$202.03,"1,035 mi",67,$0.1952
ARN,OUL,"24,310",$251.40,422 mi,67,$0.5957
MRS,JTR,"24,304",$162.08,"1,140 mi",67,$0.1422
VCE,MCO,"24,298",$588.31,"5,161 mi",67,$0.1140
FCO,PDX,"24,290",$593.12,"5,963 mi",67,$0.0995
DME,KRR,"24,256",$171.75,741 mi,66,$0.2318
CDG,TIA,"24,255",$124.89,954 mi,66,$0.1309
WAW,HKG,"24,253",$600.44,"5,287 mi",66,$0.1136
AGP,RUH,"24,243",$836.23,"3,013 mi",66,$0.2775
CDG,KTM,"24,223",$352.54,"4,352 mi",66,$0.0810
BGY,TLV,"24,217",$234.53,"1,591 mi",66,$0.1474
ORY,SKP,"24,202",$89.35,"1,010 mi",66,$0.0885
VIE,LEJ,"24,199",$529.90,309 mi,66,$1.7149
GVA,JNB,"24,182","$1,114.91","5,345 mi",66,$0.2086
CDG,WDH,"24,179",$533.83,"4,873 mi",66,$0.1095
BCN,BFS,"24,165",$177.64,968 mi,66,$0.1835
SVO,MNL,"24,164",$297.83,"5,298 mi",66,$0.0562
BUD,CDT,"24,140",$58.47,"1,043 mi",66,$0.0561
OSL,HKT,"24,137",$396.88,"5,805 mi",66,$0.0684
NCE,PHL,"24,135",$536.50,"3,952 mi",66,$0.1358
FCO,NBO,"24,124",$459.22,"3,254 mi",66,$0.1411
AMS,IKA,"24,124",$245.52,"2,456 mi",66,$0.1000
AMS,PUJ,"24,083",$388.08,"4,366 mi",66,$0.0889
EDI,BRI,"24,074",$182.45,"1,326 mi",66,$0.1376
PRG,PVG,"24,073",$480.15,"5,135 mi",66,$0.0935
LIS,PVG,"24,072",$736.39,"6,868 mi",66,$0.1072
STN,JSI,"24,067",$198.13,"1,374 mi",66,$0.1442
MAD,MRU,"24,067",$451.05,"5,584 mi",66,$0.0808
PMI,LNZ,"24,066",$152.58,851 mi,66,$0.1793
MXP,BLR,"24,056",$475.22,"4,420 mi",66,$0.1075
DUB,CHQ,"24,055",$185.11,"1,976 mi",66,$0.0937
LIS,MEX,"24,049",$754.19,"5,546 mi",66,$0.1360
ATH,JNB,"24,044",$577.37,"4,569 mi",66,$0.1264
EDI,TIA,"24,036",$94.52,"1,399 mi",66,$0.0676
LIS,MNL,"24,030",$737.60,"7,775 mi",66,$0.0949
ORY,KLX,"24,030",$73.88,"1,311 mi",66,$0.0564
AGP,TRN,"24,008",$114.00,890 mi,66,$0.1281
VIE,IKA,"23,992",$199.97,"1,905 mi",66,$0.1050
MAN,KIX,"23,972",$757.50,"5,683 mi",66,$0.1333
EDI,MIA,"23,950",$491.27,"4,132 mi",66,$0.1189
FCO,FNC,"23,935",$86.84,"1,756 mi",66,$0.0495
PRG,RMI,"23,934",$75.80,414 mi,66,$0.1831
LIS,NAT,"23,926",$581.70,"3,401 mi",66,$0.1710
GVA,VKO,"23,918",$769.13,"1,531 mi",66,$0.5024
MRS,ZRH,"23,915",$143.50,332 mi,66,$0.4322
BUD,SZX,"23,905",$283.97,"5,125 mi",65,$0.0554
FCO,MAH,"23,898",$118.63,427 mi,65,$0.2778
FCO,MCT,"23,885",$303.19,"2,828 mi",65,$0.1072
STN,TAT,"23,882",$72.50,871 mi,65,$0.0832
LED,TLV,"23,870",$332.47,"1,990 mi",65,$0.1671
WAW,BOM,"23,853",$386.98,"3,699 mi",65,$0.1046
LIS,DPS,"23,852",$894.16,"8,680 mi",65,$0.1030
NCE,IBZ,"23,840",$385.25,436 mi,65,$0.8836
MXP,TPS,"23,825",$84.89,551 mi,65,$0.1541
MRS,HAM,"23,822",$218.06,715 mi,65,$0.3050
MAN,HYD,"23,787",$407.80,"4,741 mi",65,$0.0860
MXP,CPT,"23,775",$561.30,"5,368 mi",65,$0.1046
OTP,ZAG,"23,771",$211.54,510 mi,65,$0.4148
OTP,PMO,"23,768",$116.80,780 mi,65,$0.1497
VCE,DEN,"23,764",$710.57,"5,530 mi",65,$0.1285
CPH,ZAD,"23,733",$116.01,780 mi,65,$0.1487
BUD,MNL,"23,726",$524.64,"5,836 mi",65,$0.0899
MAN,INV,"23,722",$183.95,288 mi,65,$0.6387
LHR,DND,"23,721",$194.05,370 mi,65,$0.5245
CDG,FUK,"23,709",$852.88,"5,717 mi",65,$0.1492
BUD,BLL,"23,682",$125.81,740 mi,65,$0.1700
FCO,RDO,"23,680",$96.21,810 mi,65,$0.1188
WAW,MNL,"23,678",$506.99,"5,670 mi",65,$0.0894
CPH,JNB,"23,662",$500.90,"5,895 mi",65,$0.0850
PMI,MIA,"23,654",$640.06,"4,898 mi",65,$0.1307
ZRH,ACE,"23,652",$229.11,"1,796 mi",65,$0.1276
VIE,YUL,"23,648",$506.33,"4,136 mi",65,$0.1224
DUB,BRI,"23,635",$168.90,"1,322 mi",65,$0.1278
LHR,BGO,"23,634",$151.21,666 mi,65,$0.2270
ZRH,KTT,"23,599",$369.23,"1,557 mi",65,$0.2371
CDG,DMM,"23,581",$645.14,"2,861 mi",65,$0.2255
GVA,HKT,"23,575",$425.65,"5,740 mi",65,$0.0742
MAD,TLL,"23,554",$239.56,"1,845 mi",65,$0.1298
VCE,OVD,"23,552",$120.11,886 mi,65,$0.1356
MAD,CFU,"23,544",$211.90,"1,203 mi",65,$0.1761
DUB,CAI,"23,533",$232.89,"2,400 mi",64,$0.0970
CDG,SVO,"23,524",$586.81,"1,479 mi",64,$0.3968
BHX,SKG,"23,521",$64.51,"1,382 mi",64,$0.0467
LED,MLE,"23,520",$813.30,"4,599 mi",64,$0.1768
OSL,PVG,"23,507",$529.63,"5,170 mi",64,$0.1024
MAD,SXB,"23,503",$282.27,759 mi,64,$0.3719
HEL,IST,"23,502",$225.41,"1,366 mi",64,$0.1650
DME,BAH,"23,501",$279.23,"2,176 mi",64,$0.1283
DUB,KUL,"23,493",$480.32,"6,591 mi",64,$0.0729
AMS,INV,"23,485",$244.11,487 mi,64,$0.5013
AMS,KRS,"23,481",$227.86,415 mi,64,$0.5491
EDI,WMI,"23,468",$154.75,"1,025 mi",64,$0.1510
WAW,GDN,"23,453",$82.51,178 mi,64,$0.4635
MRS,ZAD,"23,445",$74.66,522 mi,64,$0.1430
CDG,GYD,"23,434",$379.62,"2,292 mi",64,$0.1656
PRG,KIX,"23,426",$676.34,"5,410 mi",64,$0.1250
ZRH,SAN,"23,411",$947.92,"5,777 mi",64,$0.1641
BHX,DOH,"23,403",$276.72,"3,425 mi",64,$0.0808
LHR,DAD,"23,402",$589.19,"6,304 mi",64,$0.0935
MXP,DEN,"23,397",$804.26,"5,395 mi",64,$0.1491
NTE,HRG,"23,393",$199.73,"2,428 mi",64,$0.0823
CPH,TLV,"23,376",$362.80,"1,895 mi",64,$0.1915
DUB,RBA,"23,376",$97.57,"1,298 mi",64,$0.0752
LYS,EVN,"23,373",$154.68,"2,065 mi",64,$0.0749
ZRH,ESB,"23,367",$184.23,"1,352 mi",64,$0.1363
ATH,MPL,"23,361",$189.52,"1,080 mi",64,$0.1755
NCE,CHQ,"23,358",$109.20,"1,091 mi",64,$0.1001
EDI,SIN,"23,343",$807.56,"6,600 mi",64,$0.1224
AGP,YYZ,"23,330",$382.68,"3,975 mi",64,$0.0963
AMS,PTY,"23,324",$660.18,"5,640 mi",64,$0.1171
BUD,LBA,"23,306",$54.55,983 mi,64,$0.0555
BRU,GDN,"23,305",$217.67,651 mi,64,$0.3344
GLA,OPO,"23,300",$161.43,"1,060 mi",64,$0.1523
CPH,MCO,"23,297",$423.73,"4,623 mi",64,$0.0917
PMI,DOL,"23,290",$97.54,669 mi,64,$0.1458
VIE,JNB,"23,282",$631.92,"5,026 mi",64,$0.1257
MAN,SFO,"23,278",$780.74,"5,364 mi",64,$0.1456
ZRH,GDN,"23,271",$189.50,624 mi,64,$0.3037
OSL,IAD,"23,249",$629.37,"3,771 mi",64,$0.1669
LED,HTA,"23,237",$249.81,"2,952 mi",64,$0.0846
HEL,KIX,"23,233",$725.66,"4,948 mi",64,$0.1467
BGY,ZTH,"23,224",$108.15,770 mi,64,$0.1405
AGP,DXB,"23,220",$709.03,"3,683 mi",64,$0.1925
LYS,LIG,"23,219",$98.83,194 mi,64,$0.5094
LHR,LGA,"23,212",$627.97,"3,337 mi",64,$0.1882
LHR,ADD,"23,210",$507.91,"3,569 mi",64,$0.1423
STN,OMR,"23,183",$129.86,"1,056 mi",64,$0.1230
ZRH,BNE,"23,173","$1,233.18","10,382 mi",63,$0.1188
ZRH,KSC,"23,168",$153.42,573 mi,63,$0.2677
HEL,SYD,"23,159","$1,362.95","9,728 mi",63,$0.1401
NAP,LUX,"23,149",$151.25,742 mi,63,$0.2038
DUB,PVG,"23,148",$781.79,"5,993 mi",63,$0.1305
MRS,CAI,"23,142",$234.38,"1,756 mi",63,$0.1335
BCN,CMB,"23,117",$304.97,"5,417 mi",63,$0.0563
LGW,EZE,"23,114",$578.75,"7,119 mi",63,$0.0813
BUD,ZAD,"23,100",$73.09,288 mi,63,$0.2538
MXP,SOF,"23,090",$90.56,731 mi,63,$0.1239
VIE,EFL,"23,067",$116.42,740 mi,63,$0.1573
OSL,HFT,"23,042",$388.49,782 mi,63,$0.4968
MAD,AUS,"23,037",$776.05,"5,250 mi",63,$0.1478
DUB,AUH,"23,032",$579.81,"3,802 mi",63,$0.1525
MXP,RVN,"23,024",$228.99,"1,624 mi",63,$0.1410
ZRH,TGD,"23,024",$102.42,611 mi,63,$0.1676
WAW,HND,"23,012",$848.03,"5,185 mi",63,$0.1636
LHR,INN,"22,995",$276.45,623 mi,63,$0.4437
STN,KLX,"22,982",$166.04,"1,429 mi",63,$0.1162
OSL,OLA,"22,972",$183.17,240 mi,63,$0.7632
FCO,LED,"22,969",$380.90,"1,505 mi",63,$0.2531
ARN,HER,"22,956",$191.38,"1,660 mi",63,$0.1153
BRU,ATL,"22,950",$896.03,"4,547 mi",63,$0.1971
LIS,BOM,"22,937",$483.07,"4,833 mi",63,$0.1000
CDG,CKG,"22,931",$364.91,"5,435 mi",63,$0.0671
LHR,FUK,"22,900",$946.21,"5,674 mi",63,$0.1668
DUB,HND,"22,890","$1,282.50","5,783 mi",63,$0.2218
VIE,KLU,"22,871",$227.20,142 mi,63,$1.6000
CPH,DEN,"22,856",$593.76,"4,740 mi",63,$0.1253
VIE,CPT,"22,854",$606.26,"5,842 mi",63,$0.1038
FCO,HAN,"22,833",$452.21,"5,266 mi",63,$0.0859
PMI,WMI,"22,821",$92.58,"1,269 mi",63,$0.0730
MAD,CKG,"22,814",$270.17,"6,021 mi",63,$0.0449
MRS,CFU,"22,814",$93.96,828 mi,63,$0.1135
VKO,TIV,"22,813",$484.45,"1,195 mi",63,$0.4054
LIS,CLT,"22,794",$382.28,"3,981 mi",62,$0.0960
PMI,BOG,"22,783",$387.28,"5,154 mi",62,$0.0751
STN,SSH,"22,779",$128.03,"2,483 mi",62,$0.0516
AMS,MME,"22,767",$246.94,306 mi,62,$0.8070
BUD,NGB,"22,761",$187.96,"5,092 mi",62,$0.0369
MAN,ZYL,"22,754",$536.37,"4,864 mi",62,$0.1103
LED,SLY,"22,752",$122.85,"1,240 mi",62,$0.0991
OTP,YYZ,"22,749",$468.49,"4,969 mi",62,$0.0943
BCN,AMM,"22,740",$291.32,"2,040 mi",62,$0.1428
NCE,MRU,"22,740",$532.63,"5,296 mi",62,$0.1006
MAN,SVG,"22,726",$238.23,503 mi,62,$0.4736
ATH,HAJ,"22,701",$149.17,"1,179 mi",62,$0.1265
FCO,MRU,"22,690",$530.34,"5,031 mi",62,$0.1054
LIS,HGH,"22,682",$339.11,"6,470 mi",62,$0.0524
LIS,SMA,"22,667",$91.50,856 mi,62,$0.1069
LHR,LEJ,"22,665",$160.66,562 mi,62,$0.2859
SOF,JFK,"22,661",$416.98,"4,569 mi",62,$0.0913
GOT,BKK,"22,656",$381.82,"5,204 mi",62,$0.0734
NTE,MLA,"22,651",$128.16,"1,171 mi",62,$0.1094
CDG,PDL,"22,639",$126.51,"1,557 mi",62,$0.0813
NCL,FRA,"22,638",$304.16,569 mi,62,$0.5346
ARN,NBO,"22,616",$305.70,"4,206 mi",62,$0.0727
BUD,KIX,"22,615",$513.92,"5,700 mi",62,$0.0902
VIE,SYD,"22,600","$1,321.11","9,621 mi",62,$0.1373
GOT,LYS,"22,579",$205.92,853 mi,62,$0.2414
BRU,NSI,"22,575",$320.64,"3,186 mi",62,$0.1006
PMI,BEG,"22,552",$182.73,939 mi,62,$0.1946
MRS,CHQ,"22,550",$103.65,"1,178 mi",62,$0.0880
BHX,MLE,"22,547",$728.89,"5,532 mi",62,$0.1318
LIS,KIX,"22,530",$680.19,"7,096 mi",62,$0.0959
BRU,SGN,"22,522",$456.36,"6,343 mi",62,$0.0719
GLA,MCO,"22,521",$380.55,"3,993 mi",62,$0.0953
NCE,AAL,"22,519",$177.77,963 mi,62,$0.1846
FCO,LTN,"22,518",$73.40,887 mi,62,$0.0828
ARN,PVG,"22,517",$623.12,"4,979 mi",62,$0.1251
VKO,TLV,"22,516",$393.97,"1,585 mi",62,$0.2486
ORY,JED,"22,509",$219.26,"2,666 mi",62,$0.0822
MAD,SGN,"22,507",$465.07,"6,962 mi",62,$0.0668
CDG,PIT,"22,468",$698.84,"4,016 mi",62,$0.1740
FCO,CPT,"22,457",$623.11,"5,408 mi",62,$0.1152
MXP,PHL,"22,448",$579.10,"3,956 mi",62,$0.1464
OSL,LAX,"22,443",$593.22,"5,171 mi",61,$0.1147
STN,LEJ,"22,442",$55.04,530 mi,61,$0.1038
NCE,RUN,"22,439",$740.06,"5,245 mi",61,$0.1411
BHX,KEF,"22,435",$50.38,"1,057 mi",61,$0.0477
MAD,GMZ,"22,427",$132.66,"1,194 mi",61,$0.1111
BRU,BCM,"22,421",$82.04,"1,093 mi",61,$0.0751
LIS,PMO,"22,419",$189.57,"1,164 mi",61,$0.1629
AMS,BJV,"22,395",$178.47,"1,473 mi",61,$0.1212
BCN,HKT,"22,393",$349.94,"6,354 mi",61,$0.0551
LHR,SEZ,"22,393",$759.11,"5,232 mi",61,$0.1451
EDI,NQY,"22,360",$126.21,374 mi,61,$0.3375
HEL,NRT,"22,358",$768.30,"4,719 mi",61,$0.1628
LED,KRR,"22,353",$133.70,"1,052 mi",61,$0.1271
LHR,ORF,"22,335",$559.03,"3,819 mi",61,$0.1464
BCN,GIG,"22,334",$661.38,"5,136 mi",61,$0.1288
VIE,TZL,"22,332",$85.99,280 mi,61,$0.3071
HEL,BLL,"22,326",$142.73,677 mi,61,$0.2108
NCE,BGO,"22,323",$216.36,"1,187 mi",61,$0.1823
ARN,KLR,"22,309",$112.55,219 mi,61,$0.5139
NCL,VRN,"22,308",$156.82,891 mi,61,$0.1760
ARN,ESB,"22,306",$130.79,"1,543 mi",61,$0.0848
GVA,GIG,"22,304",$733.46,"5,851 mi",61,$0.1254
BGY,RTM,"22,302",$57.28,511 mi,61,$0.1121
LIS,KTM,"22,293",$427.74,"5,429 mi",61,$0.0788
HEL,KAO,"22,279",$103.18,426 mi,61,$0.2422
VIE,ZAG,"22,274",$141.62,160 mi,61,$0.8851
GLA,MAH,"22,270",$62.11,"1,209 mi",61,$0.0514
LIS,SKG,"22,246",$262.24,"1,754 mi",61,$0.1495
LHR,BDS,"22,243",$313.59,"1,116 mi",61,$0.2810
BUD,SSH,"22,239",$118.27,"1,525 mi",61,$0.0776
BRU,AHU,"22,238",$212.57,"1,198 mi",61,$0.1774
LHR,GYN,"22,237",$677.56,"5,710 mi",61,$0.1187
FCO,MSY,"22,228",$654.29,"5,284 mi",61,$0.1238
WAW,TPE,"22,228",$742.37,"5,118 mi",61,$0.1451
BHX,TLS,"22,215",$103.10,607 mi,61,$0.1699
ZRH,SJJ,"22,215",$87.39,519 mi,61,$0.1684
BRU,DLM,"22,208",$147.75,"1,592 mi",61,$0.0928
VIE,SGN,"22,201",$435.82,"5,837 mi",61,$0.0747
NAP,FMM,"22,187",$83.22,546 mi,61,$0.1524
LGW,CAN,"22,157",$360.21,"6,079 mi",61,$0.0593
AMS,KTT,"22,138",$256.35,"1,295 mi",61,$0.1980
NCL,BER,"22,132",$189.28,666 mi,61,$0.2842
BCN,VVI,"22,124",$377.87,"5,646 mi",61,$0.0669
BRU,HAN,"22,113",$413.72,"5,727 mi",61,$0.0722
DUB,YUL,"22,093",$403.18,"2,875 mi",61,$0.1402
CDG,SAT,"22,089",$829.70,"5,320 mi",61,$0.1560
LHR,PUJ,"22,089",$338.00,"4,148 mi",61,$0.0815
LIS,TPA,"22,079",$635.33,"4,315 mi",60,$0.1472
HEL,KUO,"22,058",$60.48,202 mi,60,$0.2994
BCN,VLC,"22,052",$134.99,190 mi,60,$0.7105
NAP,SFO,"22,051",$658.66,"6,170 mi",60,$0.1068
DME,CPT,"22,046",$607.49,"6,092 mi",60,$0.0997
NTE,FRA,"22,042",$436.06,490 mi,60,$0.8899
MXP,MCO,"22,010",$759.59,"4,990 mi",60,$0.1522
AGP,BES,"22,004",$174.64,789 mi,60,$0.2213
NCE,ALC,"22,003",$164.16,534 mi,60,$0.3074
EDI,DEL,"21,987",$476.31,"4,120 mi",60,$0.1156
ARN,AJR,"21,980",$123.26,401 mi,60,$0.3074
LED,BUS,"21,975",$296.94,"1,387 mi",60,$0.2141
CPH,MEL,"21,962","$1,062.27","10,217 mi",60,$0.1040
NAP,EIN,"21,955",$115.12,819 mi,60,$0.1406
MAN,IAH,"21,947",$927.22,"4,563 mi",60,$0.2032
LGW,AKL,"21,942","$1,165.04","11,086 mi",60,$0.1051
BCN,LED,"21,939",$462.90,"1,806 mi",60,$0.2563
CDG,COK,"21,937",$305.01,"5,109 mi",60,$0.0597
BRU,SZX,"21,924",$336.58,"5,623 mi",60,$0.0599
LHR,MEM,"21,917",$878.70,"4,486 mi",60,$0.1959
MAD,HER,"21,917",$226.36,"1,551 mi",60,$0.1459
BUD,DEL,"21,916",$407.78,"3,221 mi",60,$0.1266
MXP,BOG,"21,910",$456.32,"5,473 mi",60,$0.0834
VKO,FRA,"21,895",$350.94,"1,285 mi",60,$0.2731
ARN,HAJ,"21,887",$174.79,571 mi,60,$0.3061
DME,DPS,"21,855",$687.03,"6,411 mi",60,$0.1072
VIE,KWI,"21,849",$389.46,"2,050 mi",60,$0.1900
CDG,MBA,"21,842",$298.43,"4,156 mi",60,$0.0718
PMI,NDR,"21,828",$69.55,434 mi,60,$0.1603
BCN,VLL,"21,827",$42.54,349 mi,60,$0.1219
BCN,SJU,"21,824",$571.00,"4,388 mi",60,$0.1301
EDI,ADB,"21,817",$159.07,"1,913 mi",60,$0.0832
CPH,KIX,"21,811",$535.88,"5,196 mi",60,$0.1031
VIE,BLR,"21,796",$524.27,"4,346 mi",60,$0.1206
ZRH,PHX,"21,787",$693.19,"5,573 mi",60,$0.1244
AMS,BNA,"21,779",$804.53,"4,483 mi",60,$0.1795
HEL,GDN,"21,771",$172.04,490 mi,60,$0.3511
PRG,MEX,"21,770",$521.00,"6,341 mi",60,$0.0822
ORY,TOE,"21,765",$118.77,"1,031 mi",60,$0.1152
VKO,KGD,"21,762",$136.64,677 mi,60,$0.2018
DME,MRU,"21,761",$662.41,"5,206 mi",60,$0.1272
ZRH,PDL,"21,756",$141.43,"1,793 mi",60,$0.0789
LGW,TAS,"21,752",$316.95,"3,166 mi",60,$0.1001
DBV,BVA,"21,744",$84.79,880 mi,60,$0.0964
LIS,SEA,"21,743",$659.84,"5,358 mi",60,$0.1232
AMS,VAR,"21,739",$214.17,"1,270 mi",60,$0.1686
ATH,BOM,"21,724",$386.35,"3,295 mi",60,$0.1173
ORY,PPT,"21,723",$486.85,"9,479 mi",60,$0.0514
VIE,EZE,"21,722",$976.20,"7,580 mi",60,$0.1288
VIE,JSI,"21,721",$106.59,686 mi,60,$0.1554
BUD,DPS,"21,717",$529.84,"6,730 mi",59,$0.0787
LIS,VRA,"21,716",$261.44,"4,441 mi",59,$0.0589
LIS,MLE,"21,691",$515.51,"5,811 mi",59,$0.0887
FCO,SJU,"21,688",$588.08,"4,639 mi",59,$0.1268
CDG,STL,"21,688",$697.69,"4,518 mi",59,$0.1544
BRU,WRO,"21,672",$199.37,523 mi,59,$0.3812
AMS,VKO,"21,671",$584.27,"1,288 mi",59,$0.4536
CPH,HRG,"21,670",$158.84,"2,297 mi",59,$0.0692
ATH,HND,"21,662",$932.69,"6,087 mi",59,$0.1532
CDG,CLE,"21,661",$707.30,"3,807 mi",59,$0.1858
OSL,BOJ,"21,656",$181.96,"1,442 mi",59,$0.1262
NAP,MAH,"21,654",$105.03,551 mi,59,$0.1906
ZRH,MAA,"21,652",$441.60,"4,563 mi",59,$0.0968
AGP,PAD,"21,649",$107.99,"1,252 mi",59,$0.0863
VIE,ZNZ,"21,628",$322.30,"3,878 mi",59,$0.0831
CDG,MCI,"21,624",$785.00,"4,393 mi",59,$0.1787
LHR,KBV,"21,620",$477.39,"5,998 mi",59,$0.0796
EDI,PMO,"21,609",$112.79,"1,487 mi",59,$0.0759
NAP,KUN,"21,609",$79.20,"1,039 mi",59,$0.0762
GVA,BIQ,"21,608",$207.54,433 mi,59,$0.4793
LIS,AEP,"21,607",$767.15,"5,787 mi",59,$0.1326
CDG,PTY,"21,605",$628.26,"5,542 mi",59,$0.1134
GLA,BEB,"21,602",$220.72,152 mi,59,$1.4521
LGW,LRH,"21,589",$145.44,336 mi,59,$0.4329
OSL,PEK,"21,588",$433.99,"4,469 mi",59,$0.0971
OTP,PEG,"21,586",$36.54,663 mi,59,$0.0551
FCO,STL,"21,568",$636.56,"4,900 mi",59,$0.1299
LHR,ABQ,"21,566",$697.16,"4,832 mi",59,$0.1443
MAD,VNO,"21,558",$250.10,"1,594 mi",59,$0.1569
DUB,PIT,"21,551",$528.05,"3,538 mi",59,$0.1493
ZAG,SJJ,"21,546",$79.97,178 mi,59,$0.4493
ZRH,SEZ,"21,527",$623.89,"4,452 mi",59,$0.1401
VCE,ORK,"21,523",$109.20,"1,011 mi",59,$0.1080
FCO,DTM,"21,522",$51.51,727 mi,59,$0.0709
OSL,BNN,"21,511",$196.51,355 mi,59,$0.5535
BGY,VKO,"21,504",$269.22,"1,335 mi",59,$0.2017
ORY,GIG,"21,480",$433.33,"5,858 mi",59,$0.0740
MAN,RBA,"21,472",$162.78,"1,311 mi",59,$0.1242
LHR,GND,"21,460",$576.32,"4,218 mi",59,$0.1366
LGW,CGO,"21,454",$340.41,"5,137 mi",59,$0.0663
ARN,BGW,"21,446",$189.18,"2,246 mi",59,$0.0842
ARN,IKA,"21,433",$239.21,"2,304 mi",59,$0.1038
EDI,SYD,"21,432","$1,194.78","10,179 mi",59,$0.1174
BUD,RUH,"21,429",$259.07,"2,093 mi",59,$0.1238
VIE,QSR,"21,423",$77.44,540 mi,59,$0.1434
OTP,SUF,"21,405",$120.97,622 mi,59,$0.1945
NCE,DPS,"21,401",$593.12,"7,304 mi",59,$0.0812
LGW,YYT,"21,400",$137.39,"2,396 mi",59,$0.0573
HEL,LAX,"21,399",$711.55,"5,768 mi",59,$0.1234
DUB,SAN,"21,387",$751.06,"5,352 mi",59,$0.1403
BHX,BOD,"21,366",$102.95,513 mi,59,$0.2007
NTE,CLY,"21,362",$113.27,619 mi,59,$0.1830
ORY,NDR,"21,336",$176.26,"1,018 mi",58,$0.1731
NCL,WRO,"21,331",$78.25,839 mi,58,$0.0933
BOD,DBV,"21,320",$102.75,930 mi,58,$0.1105
MRS,PTP,"21,318",$522.60,"4,420 mi",58,$0.1182
MXP,BNE,"21,311","$1,159.29","10,424 mi",58,$0.1112
LGW,GND,"21,300",$971.25,"4,484 mi",58,$0.2166
CDG,PKX,"21,299",$271.70,"5,266 mi",58,$0.0516
ATH,SVQ,"21,287",$330.64,"1,674 mi",58,$0.1975
MAN,DAC,"21,269",$538.91,"4,866 mi",58,$0.1108
MRS,ZAG,"21,266",$119.88,574 mi,58,$0.2089
OSL,SOF,"21,263",$128.83,"1,276 mi",58,$0.1010
MAD,CUC,"21,248",$511.44,"4,903 mi",58,$0.1043
LHR,PEN,"21,239",$723.49,"6,582 mi",58,$0.1099
LGW,BOM,"21,237",$369.16,"4,336 mi",58,$0.0851
MAD,HAJ,"21,215",$223.62,"1,005 mi",58,$0.2225
DME,BOM,"21,213",$527.38,"3,192 mi",58,$0.1652
CDG,HNL,"21,197",$883.09,"7,207 mi",58,$0.1225
DUB,CTA,"21,194",$212.60,"1,455 mi",58,$0.1461
WAW,SEZ,"21,190",$286.68,"4,285 mi",58,$0.0669
MAD,TPA,"21,182",$555.93,"4,578 mi",58,$0.1214
ATH,RDU,"21,177",$667.85,"5,502 mi",58,$0.1214
BGY,CHQ,"21,172",$141.78,"1,060 mi",58,$0.1338
MXP,SEZ,"21,170",$422.70,"4,372 mi",58,$0.0967
CDG,MAH,"21,169",$131.49,656 mi,58,$0.2004
SVO,CGQ,"21,169",$237.64,"3,843 mi",58,$0.0618
MAD,ZNZ,"21,160",$290.57,"4,090 mi",58,$0.0710
PRG,HAM,"21,156",$181.62,313 mi,58,$0.5803
NAP,EFL,"21,143",$132.75,393 mi,58,$0.3378
ARN,SZG,"21,129",$105.26,818 mi,58,$0.1287
OSL,BOS,"21,127",$499.09,"3,599 mi",58,$0.1387
VCE,ZTH,"21,121",$143.22,672 mi,58,$0.2131
WAW,DOH,"21,120",$275.73,"2,525 mi",58,$0.1092
PRG,CMB,"21,118",$351.03,"4,909 mi",58,$0.0715
OSL,ANX,"21,116",$217.59,626 mi,58,$0.3476
OTP,TRS,"21,093",$77.33,639 mi,58,$0.1210
HEL,MIA,"21,092",$900.18,"5,329 mi",58,$0.1689
MRS,BLQ,"21,069",$110.40,303 mi,58,$0.3644
BHX,BOM,"21,069",$389.32,"4,401 mi",58,$0.0885
NTE,PGF,"21,069",$99.88,386 mi,58,$0.2588
NAP,SNN,"21,067",$107.65,"1,317 mi",58,$0.0817
SNN,MLA,"21,046",$155.80,"1,676 mi",58,$0.0930
OSL,RHO,"21,030",$186.50,"1,861 mi",58,$0.1002
LYS,TLV,"21,028",$279.37,"1,901 mi",58,$0.1470
ATH,JED,"20,996",$262.32,"1,400 mi",58,$0.1874
SVO,ALG,"20,992",$418.65,"2,008 mi",58,$0.2085
CDG,YEG,"20,987",$370.70,"4,580 mi",57,$0.0809
BHX,HRG,"20,981",$114.37,"2,450 mi",57,$0.0467
MXP,GIG,"20,981",$685.04,"5,570 mi",57,$0.1230
CPH,NBO,"20,965",$316.80,"4,040 mi",57,$0.0784
LIS,HER,"20,958",$249.67,"1,953 mi",57,$0.1278
NCE,RUH,"20,954","$1,016.18","2,487 mi",57,$0.4086
FCO,ISB,"20,952",$284.94,"3,194 mi",57,$0.0892
PRG,PVK,"20,947",$184.53,860 mi,57,$0.2146
GOT,ZAD,"20,932",$103.89,918 mi,57,$0.1132
OSL,HER,"20,926",$216.03,"1,774 mi",57,$0.1218
DUB,PDX,"20,924",$609.05,"4,777 mi",57,$0.1275
BRU,ORN,"20,922",$163.46,"1,053 mi",57,$0.1552
MXP,NBO,"20,909",$321.15,"3,563 mi",57,$0.0901
ORY,MUC,"20,908",$81.69,444 mi,57,$0.1840
DBV,GVA,"20,899",$119.36,631 mi,57,$0.1892
DUB,CAG,"20,898",$120.01,"1,252 mi",57,$0.0959
MAD,JTR,"20,896",$224.84,"1,542 mi",57,$0.1458
SVO,GME,"20,879",$138.58,340 mi,57,$0.4076
PMI,KUN,"20,873",$125.14,"1,494 mi",57,$0.0838
AGP,EAS,"20,870",$159.30,469 mi,57,$0.3397
CPH,ACE,"20,861",$158.06,"2,319 mi",57,$0.0682
OSL,BSL,"20,855",$118.33,856 mi,57,$0.1382
PRG,EVN,"20,829",$99.13,"1,559 mi",57,$0.0636
LHR,SVG,"20,828",$310.61,547 mi,57,$0.5678
NCE,WRO,"20,814",$106.72,703 mi,57,$0.1518
BCN,BEY,"20,807",$357.12,"1,945 mi",57,$0.1836
ARN,WMI,"20,799",$96.96,493 mi,57,$0.1967
LIS,EZE,"20,799",$707.60,"5,805 mi",57,$0.1219
ARN,TKU,"20,781",$89.82,156 mi,57,$0.5758
BOD,CRL,"20,774",$74.32,471 mi,57,$0.1578
CDG,ORK,"20,770",$184.27,539 mi,57,$0.3419
LED,DPS,"20,765",$437.22,"6,367 mi",57,$0.0687
LIS,CGK,"20,751",$904.33,"7,629 mi",57,$0.1185
ORY,BJV,"20,746",$144.19,"1,538 mi",57,$0.0938
ATH,SAN,"20,737",$717.48,"7,160 mi",57,$0.1002
EDI,DFW,"20,735",$543.28,"4,637 mi",57,$0.1172
ARN,BOO,"20,724",$136.69,553 mi,57,$0.2472
BGY,FOG,"20,702",$61.39,425 mi,57,$0.1444
AMS,UME,"20,698",$165.27,941 mi,57,$0.1756
EDI,VRN,"20,692",$141.49,985 mi,57,$0.1436
NAP,ATL,"20,684",$862.37,"5,302 mi",57,$0.1626
LGW,BDS,"20,675",$157.49,"1,094 mi",57,$0.1440
GVA,MNL,"20,658",$843.59,"6,818 mi",57,$0.1237
PMI,RMO,"20,652",$155.11,"1,447 mi",57,$0.1072
CDG,XIY,"20,652",$365.31,"5,264 mi",57,$0.0694
MAN,SOF,"20,650",$162.63,"1,427 mi",57,$0.1140
ZRH,SSH,"20,628",$268.79,"1,992 mi",57,$0.1349
GLA,CUN,"20,608",$506.39,"4,877 mi",56,$0.1038
EDI,BIQ,"20,595",$104.77,892 mi,56,$0.1175
WAW,RHO,"20,593",$116.15,"1,109 mi",56,$0.1047
BRU,EVN,"20,588",$273.76,"1,979 mi",56,$0.1383
ARN,INI,"20,584",$87.40,"1,105 mi",56,$0.0791
SNN,FNC,"20,574",$93.92,"1,394 mi",56,$0.0674
CPH,YUL,"20,560",$453.29,"3,497 mi",56,$0.1296
EDI,BGO,"20,557",$211.34,446 mi,56,$0.4739
EDI,REU,"20,551",$104.81,"1,012 mi",56,$0.1036
VKO,ASB,"20,548",$273.19,"1,607 mi",56,$0.1700
VIE,INN,"20,543",$123.51,242 mi,56,$0.5104
MAD,JMK,"20,536",$265.25,"1,514 mi",56,$0.1752
EDI,EGC,"20,535",$92.86,763 mi,56,$0.1217
AMS,JMK,"20,521",$208.22,"1,473 mi",56,$0.1414
CPH,AMM,"20,516",$184.79,"1,941 mi",56,$0.0952
FCO,MVD,"20,512",$555.66,"6,626 mi",56,$0.0839
LYS,HAM,"20,510",$180.74,570 mi,56,$0.3171
AMS,TFN,"20,489",$179.81,"1,911 mi",56,$0.0941
BCN,JER,"20,486",$368.49,603 mi,56,$0.6111
GVA,BIA,"20,484",$114.98,313 mi,56,$0.3673
EDI,LAS,"20,484",$592.76,"5,077 mi",56,$0.1168
LIS,SCL,"20,477",$789.77,"6,168 mi",56,$0.1280
PRG,TRS,"20,472",$53.55,288 mi,56,$0.1859
VCE,IAS,"20,471",$53.27,758 mi,56,$0.0703
HEL,SOF,"20,468",$178.35,"1,182 mi",56,$0.1509
VKO,MUC,"20,463",$415.86,"1,221 mi",56,$0.3406
WAW,CMB,"20,452",$332.18,"4,397 mi",56,$0.0755
ORY,TBS,"20,447",$221.00,"2,037 mi",56,$0.1085
BHX,JTR,"20,443",$138.62,"1,672 mi",56,$0.0829
ZAG,JFK,"20,443",$367.66,"4,420 mi",56,$0.0832
EDI,ZTH,"20,441",$128.73,"1,633 mi",56,$0.0788
GVA,RMF,"20,427",$102.75,"2,183 mi",56,$0.0471
BRU,MCO,"20,405",$628.72,"4,681 mi",56,$0.1343
BOD,PMO,"20,390",$156.86,873 mi,56,$0.1797
DBV,KTW,"20,386",$65.26,564 mi,56,$0.1157
LGW,ADL,"20,370","$1,021.51","10,415 mi",56,$0.0981
BRU,PRN,"20,358",$194.25,998 mi,56,$0.1946
NTE,PSA,"20,355",$91.09,648 mi,56,$0.1406
ZRH,CLT,"20,349",$756.85,"4,325 mi",56,$0.1750
HEL,PRN,"20,339",$135.14,"1,200 mi",56,$0.1126
LHR,CNX,"20,333",$516.85,"5,769 mi",56,$0.0896
ARN,SYD,"20,324","$1,000.58","9,983 mi",56,$0.1002
VIE,CGK,"20,322",$758.45,"6,340 mi",56,$0.1196
MAD,RVN,"20,317",$294.19,"2,061 mi",56,$0.1427
LYS,KUT,"20,312",$131.45,"1,915 mi",56,$0.0686
NCE,VNO,"20,310",$189.31,"1,141 mi",56,$0.1659
BRU,LEI,"20,287",$121.61,997 mi,56,$0.1220
AMS,HYD,"20,274",$483.72,"4,733 mi",56,$0.1022
BCN,PUJ,"20,274",$307.95,"4,246 mi",56,$0.0725
NAP,CHQ,"20,270",$198.48,630 mi,56,$0.3150
MAD,CPT,"20,263",$821.23,"5,175 mi",56,$0.1587
MAD,REC,"20,262",$401.74,"4,025 mi",56,$0.0998
FCO,MCI,"20,252",$596.15,"5,358 mi",55,$0.1113
BRU,CGK,"20,249",$639.34,"6,864 mi",55,$0.0931
BGY,ORK,"20,248",$125.05,956 mi,55,$0.1308
NAP,IAD,"20,238",$608.30,"4,478 mi",55,$0.1358
AMS,PRN,"20,237",$159.42,981 mi,55,$0.1625
LHR,EVN,"20,232",$304.55,"2,324 mi",55,$0.1310
SOF,BOJ,"20,206",$30.47,215 mi,55,$0.1417
CDG,WRO,"20,200",$196.99,671 mi,55,$0.2936
LHR,UIO,"20,195",$708.06,"5,877 mi",55,$0.1205
NAP,RMF,"20,193",$169.22,"1,620 mi",55,$0.1045
LYS,HND,"20,180",$946.95,"5,966 mi",55,$0.1587
LHR,KLX,"20,178",$400.21,"1,438 mi",55,$0.2783
STN,BZR,"20,163",$71.67,591 mi,55,$0.1213
PRG,ZAG,"20,162",$198.13,303 mi,55,$0.6539
AMS,MRU,"20,155",$615.02,"6,122 mi",55,$0.1005
NAP,BIO,"20,147",$149.63,923 mi,55,$0.1621
VIE,RMI,"20,145",$77.84,351 mi,55,$0.2218
ARN,BDS,"20,144",$136.25,"1,351 mi",55,$0.1009
VCE,EZE,"20,139",$641.53,"6,879 mi",55,$0.0933
VCE,PHL,"20,133",$479.82,"4,110 mi",55,$0.1167
HEL,SGN,"20,131",$333.97,"5,445 mi",55,$0.0613
DUB,NRT,"20,106",$834.52,"5,780 mi",55,$0.1444
MRS,CFK,"20,101",$84.66,524 mi,55,$0.1616
PRG,PSR,"20,098",$79.68,546 mi,55,$0.1459
VCE,JTR,"20,097",$157.30,956 mi,55,$0.1645
NCL,EFL,"20,091",$114.04,"1,607 mi",55,$0.0710
MAN,RMO,"20,089",$113.44,"1,395 mi",55,$0.0813
LIS,LCA,"20,084",$340.86,"2,430 mi",55,$0.1403
HEL,VRN,"20,077",$209.65,"1,216 mi",55,$0.1724
DUB,WAW,"20,077",$247.11,"1,100 mi",55,$0.2246
BGY,SSH,"20,049",$141.92,"1,764 mi",55,$0.0805
OTP,KRK,"20,048",$119.75,468 mi,55,$0.2559
VKO,CMB,"20,029",$194.33,"4,195 mi",55,$0.0463
BCN,PEG,"20,026",$84.18,532 mi,55,$0.1582
LIS,MSP,"20,021",$650.16,"4,026 mi",55,$0.1615
BGY,BFS,"20,017",$76.32,907 mi,55,$0.0841
LHR,XMN,"20,017",$503.58,"6,185 mi",55,$0.0814
LIS,VIX,"20,006",$567.08,"4,414 mi",55,$0.1285
AMS,SPC,"19,987",$309.98,"1,942 mi",55,$0.1596
ARN,BIO,"19,975",$223.46,"1,386 mi",55,$0.1612
VCE,IAH,"19,966",$728.62,"5,368 mi",55,$0.1357
MAD,LOS,"19,964",$262.64,"2,453 mi",55,$0.1071
MAN,IAD,"19,961",$681.17,"3,448 mi",55,$0.1976
EDI,CWL,"19,960",$125.70,306 mi,55,$0.4108
GOT,CAG,"19,956",$53.61,"1,242 mi",55,$0.0432
BGY,LPP,"19,954",$82.82,"1,258 mi",55,$0.0658
SVO,WUH,"19,938",$349.95,"4,108 mi",55,$0.0852
MAN,MAA,"19,935",$484.79,"5,034 mi",55,$0.0963
BHX,JSI,"19,915",$110.44,"1,465 mi",55,$0.0754
MXP,CLT,"19,907",$635.64,"4,386 mi",55,$0.1449
DBV,NRN,"19,899",$87.88,819 mi,55,$0.1073
BCN,PIS,"19,893",$60.76,387 mi,55,$0.1570
VCE,MEX,"19,893",$616.44,"6,421 mi",55,$0.0960
BUD,WRO,"19,884",$72.04,283 mi,54,$0.2546
LIS,AGA,"19,880",$56.42,566 mi,54,$0.0997
MXP,EFL,"19,870",$125.06,820 mi,54,$0.1525
BRU,GYN,"19,863",$570.30,"5,510 mi",54,$0.1035
PMI,SXB,"19,854",$57.28,647 mi,54,$0.0885
AMS,SJJ,"19,852",$131.86,829 mi,54,$0.1591
FCO,FLR,"19,846",$47.66,144 mi,54,$0.3310
MXP,JSI,"19,845",$117.25,848 mi,54,$0.1383
ZRH,ADL,"19,828","$1,306.72","9,456 mi",54,$0.1382
CPH,PLQ,"19,826",$159.54,319 mi,54,$0.5001
LIS,ALG,"19,825",$212.33,668 mi,54,$0.3179
ZRH,CFU,"19,772",$174.55,809 mi,54,$0.2158
WAW,BOS,"19,759",$641.58,"4,191 mi",54,$0.1531
GOT,PVG,"19,754",$539.02,"5,230 mi",54,$0.1031
VIE,ASR,"19,743",$112.83,"1,109 mi",54,$0.1017
DBV,NCL,"19,734",$121.73,"1,281 mi",54,$0.0950
HEL,LIN,"19,733",$196.50,"1,247 mi",54,$0.1576
ARN,AMM,"19,721",$183.35,"2,165 mi",54,$0.0847
GVA,TIV,"19,718",$123.94,656 mi,54,$0.1889
ARN,HKG,"19,710",$847.58,"5,253 mi",54,$0.1614
MXP,PDL,"19,709",$116.71,"1,787 mi",54,$0.0653
NAP,LDE,"19,704",$139.22,728 mi,54,$0.1912
WAW,ZTH,"19,704",$76.66,"1,026 mi",54,$0.0747
LHR,PVK,"19,702",$282.97,"1,380 mi",54,$0.2051
GVA,MLE,"19,700",$691.32,"5,086 mi",54,$0.1359
FCO,LDE,"19,695",$123.60,611 mi,54,$0.2023
NTE,HAM,"19,695",$180.17,697 mi,54,$0.2585
ZRH,HYD,"19,690",$897.06,"4,545 mi",54,$0.1974
LYS,AYT,"19,669",$139.36,"1,503 mi",54,$0.0927
MXP,SCL,"19,668",$844.23,"7,592 mi",54,$0.1112
MXP,XIY,"19,660",$329.39,"5,146 mi",54,$0.0640
EDI,OLB,"19,653",$100.74,"1,228 mi",54,$0.0820
BHX,CTA,"19,649",$67.86,"1,354 mi",54,$0.0501
FCO,LHE,"19,643",$261.84,"3,545 mi",54,$0.0739
DME,AMM,"19,638",$221.44,"1,688 mi",54,$0.1312
GOT,GVA,"19,637",$193.70,806 mi,54,$0.2403
AGP,VCE,"19,637",$219.34,"1,097 mi",54,$0.1999
BRU,CFU,"19,632",$164.15,"1,111 mi",54,$0.1477
LYS,FLR,"19,632",$124.69,318 mi,54,$0.3921
AGP,LAX,"19,631",$841.84,"5,786 mi",54,$0.1455
LYS,CTA,"19,614",$136.66,745 mi,54,$0.1834
EDI,FLR,"19,609",$272.91,"1,088 mi",54,$0.2508
CDG,GZT,"19,607",$284.21,"1,872 mi",54,$0.1518
ATH,TUN,"19,604",$154.58,779 mi,54,$0.1984
DME,VVO,"19,579",$573.85,"4,102 mi",54,$0.1399
AMS,AES,"19,579",$293.67,731 mi,54,$0.4017
LHR,OMA,"19,577",$613.24,"4,144 mi",54,$0.1480
BGY,BTS,"19,565",$49.68,382 mi,54,$0.1301
LYS,JTR,"19,549",$109.36,"1,274 mi",54,$0.0858
OTP,BAY,"19,547",$81.49,241 mi,54,$0.3381
GLA,ZTH,"19,542",$123.44,"1,662 mi",54,$0.0743
BOD,JFK,"19,524",$629.18,"3,699 mi",53,$0.1701
PRG,EFL,"19,518",$148.71,857 mi,53,$0.1735
ZRH,ZNZ,"19,518",$419.12,"4,279 mi",53,$0.0979
ARN,ADD,"19,517",$350.62,"3,556 mi",53,$0.0986
STN,HRG,"19,516",$141.60,"2,361 mi",53,$0.0600
MXP,LAS,"19,514",$833.39,"5,624 mi",53,$0.1482
LHR,CEB,"19,471",$600.80,"7,253 mi",53,$0.0828
FCO,BES,"19,470",$157.82,958 mi,53,$0.1647
ATH,KIX,"19,449",$588.19,"5,950 mi",53,$0.0989
OSL,FLR,"19,449",$207.11,"1,098 mi",53,$0.1886
ZRH,MSP,"19,433",$718.30,"4,357 mi",53,$0.1649
AMS,JRO,"19,432",$616.70,"4,159 mi",53,$0.1483
CDG,CFK,"19,413",$103.01,859 mi,53,$0.1199
CDG,BAH,"19,402",$552.28,"2,906 mi",53,$0.1900
MAN,MCT,"19,389",$300.37,"3,832 mi",53,$0.0784
CDG,NKG,"19,389",$299.86,"5,792 mi",53,$0.0518
LED,KRO,"19,384",$134.51,"1,277 mi",53,$0.1053
DME,GDZ,"19,375",$172.08,726 mi,53,$0.2370
EDI,PHL,"19,374",$506.57,"3,439 mi",53,$0.1473
EDI,KGS,"19,363",$133.46,"1,994 mi",53,$0.0669
LGW,LXR,"19,359",$120.46,"2,392 mi",53,$0.0504
SOF,RHO,"19,356",$67.66,486 mi,53,$0.1392
SOF,BTS,"19,355",$76.40,469 mi,53,$0.1629
BUD,BEG,"19,352",$63.33,182 mi,53,$0.3480
CPH,HER,"19,351",$201.15,"1,476 mi",53,$0.1363
MRS,MIA,"19,350",$606.32,"4,945 mi",53,$0.1226
LED,BQS,"19,336",$499.59,"3,645 mi",53,$0.1371
GOT,PSA,"19,331",$52.05,940 mi,53,$0.0554
OTP,KTM,"19,331",$425.15,"3,527 mi",53,$0.1205
BGY,NOC,"19,325",$82.92,968 mi,53,$0.0857
MAN,CMF,"19,324",$27.28,627 mi,53,$0.0435
GLA,SIN,"19,320",$904.90,"6,640 mi",53,$0.1363
LYS,DPS,"19,317",$457.79,"7,844 mi",53,$0.0584
OTP,JSI,"19,308",$117.02,384 mi,53,$0.3047
BRU,MRU,"19,301",$505.75,"6,066 mi",53,$0.0834
BCN,ABZ,"19,296",$292.49,"1,082 mi",53,$0.2703
VKO,NCU,"19,290",$82.41,"1,388 mi",53,$0.0594
STN,TIV,"19,286",$89.98,"1,051 mi",53,$0.0856
LHR,RVN,"19,285",$300.66,"1,338 mi",53,$0.2247
LYS,YYZ,"19,285",$344.28,"3,836 mi",53,$0.0897
AMS,OHD,"19,283",$170.77,"1,106 mi",53,$0.1544
FCO,IND,"19,267",$618.05,"4,696 mi",53,$0.1316
ZRH,LIM,"19,262",$692.82,"6,827 mi",53,$0.1015
SVO,RUH,"19,231",$332.91,"2,127 mi",53,$0.1565
CPH,MRU,"19,225",$429.73,"5,702 mi",53,$0.0754
OSL,PRN,"19,206",$174.11,"1,326 mi",53,$0.1313
ZRH,RVN,"19,205",$308.75,"1,503 mi",53,$0.2054
FCO,TLL,"19,203",$186.87,"1,371 mi",53,$0.1363
FCO,SZX,"19,194",$371.98,"5,920 mi",53,$0.0628
MRS,PVG,"19,181",$555.25,"5,734 mi",53,$0.0968
BCN,TBS,"19,173",$262.08,"2,130 mi",53,$0.1230
CPH,RDU,"19,173",$739.29,"4,399 mi",53,$0.1681
BCN,NBO,"19,159",$421.00,"3,555 mi",52,$0.1184
PMI,LEN,"19,151",$157.94,470 mi,52,$0.3360
WAW,LJU,"19,149",$190.97,489 mi,52,$0.3905
CDG,TRD,"19,133",$164.90,"1,078 mi",52,$0.1530
WAW,IEG,"19,127",$35.32,212 mi,52,$0.1666
MRS,HND,"19,126",$862.75,"6,089 mi",52,$0.1417
EDI,SPU,"19,121",$108.38,"1,256 mi",52,$0.0863
FCO,KGS,"19,108",$121.03,891 mi,52,$0.1358
MAN,FMM,"19,093",$58.02,680 mi,52,$0.0853
MAN,FOC,"19,088",$208.08,"6,132 mi",52,$0.0339
BCN,GYD,"19,084",$355.23,"2,400 mi",52,$0.1480
BUD,GRO,"19,075",$62.00,921 mi,52,$0.0673
DUB,MCI,"19,074",$541.91,"4,169 mi",52,$0.1300
VCE,PHX,"19,062",$711.88,"6,148 mi",52,$0.1158
CDG,TFN,"19,058",$232.55,"1,787 mi",52,$0.1301
MXP,CKG,"19,057",$284.92,"4,979 mi",52,$0.0572
DUB,ZAD,"19,052",$126.61,"1,204 mi",52,$0.1052
PRG,DWC,"19,051",$113.35,"2,700 mi",52,$0.0420
CPH,AES,"19,046",$144.55,516 mi,52,$0.2801
FCO,POA,"19,040",$690.35,"6,585 mi",52,$0.1048
LIS,ZAG,"19,036",$207.80,"1,410 mi",52,$0.1474
VIE,DOH,"19,034",$374.89,"2,539 mi",52,$0.1477
ATH,GDN,"19,032",$234.53,"1,130 mi",52,$0.2075
OTP,BEY,"19,030",$219.09,922 mi,52,$0.2376
LGW,JNB,"19,027",$305.07,"5,446 mi",52,$0.0560
HEL,FAO,"19,016",$261.23,"2,094 mi",52,$0.1248
BCN,FNC,"19,006",$85.90,"1,231 mi",52,$0.0698
ATH,GOT,"18,998",$212.09,"1,506 mi",52,$0.1408
EDI,MEL,"18,998","$1,160.14","10,818 mi",52,$0.1072
CDG,WUH,"18,997",$327.04,"5,343 mi",52,$0.0612
FCO,SAT,"18,986",$576.91,"6,000 mi",52,$0.0962
BGY,BRQ,"18,982",$47.85,394 mi,52,$0.1214
AMS,MLE,"18,974",$522.67,"5,253 mi",52,$0.0995
CDG,VRN,"18,944",$118.50,450 mi,52,$0.2633
LHR,CNS,"18,934",$959.66,"9,696 mi",52,$0.0990
ATH,AUS,"18,933",$772.43,"6,601 mi",52,$0.1170
GVA,DOH,"18,923",$848.99,"2,794 mi",52,$0.3039
ORY,EZE,"18,913",$628.40,"7,084 mi",52,$0.0887
BRU,AUH,"18,910",$607.98,"3,306 mi",52,$0.1839
CDG,CTU,"18,909",$439.22,"5,280 mi",52,$0.0832
EDI,YHZ,"18,902",$165.20,"2,582 mi",52,$0.0640
LIS,SAN,"18,891",$684.47,"5,851 mi",52,$0.1170
LHR,IOM,"18,891",$215.58,258 mi,52,$0.8356
DUB,HYD,"18,890",$546.63,"4,900 mi",52,$0.1116
STN,QSR,"18,882",$95.12,"1,013 mi",52,$0.0939
OSL,FNC,"18,878",$164.94,"2,213 mi",52,$0.0745
NTE,BDS,"18,871",$190.28,"1,036 mi",52,$0.1837
BUD,ADB,"18,870",$192.51,769 mi,52,$0.2503
CPH,ESB,"18,869",$123.02,"1,374 mi",52,$0.0895
NCE,CTA,"18,858",$108.16,576 mi,52,$0.1878
FCO,EFL,"18,854",$119.01,521 mi,52,$0.2284
NCE,MLA,"18,853",$180.53,683 mi,52,$0.2643
STN,EBL,"18,844",$157.14,"2,450 mi",52,$0.0641
OTP,LAX,"18,836",$538.16,"6,375 mi",52,$0.0844
OSL,HND,"18,825","$1,074.55","5,367 mi",52,$0.2002
CPH,DOH,"18,823",$263.10,"2,778 mi",52,$0.0947
ARN,SEA,"18,816",$532.68,"4,563 mi",52,$0.1167
BCN,CPT,"18,813",$709.65,"5,464 mi",52,$0.1299
LIS,TFS,"18,807",$141.65,830 mi,52,$0.1707
LIS,DAC,"18,806",$587.23,"5,512 mi",52,$0.1065
NCL,ADB,"18,804",$97.91,"1,822 mi",52,$0.0537
BRU,WDH,"18,791",$355.30,"5,285 mi",51,$0.0672
VCE,CLT,"18,781",$578.28,"4,542 mi",51,$0.1273
STN,CFE,"18,781",$61.02,429 mi,51,$0.1422
LGW,AES,"18,759",$169.96,798 mi,51,$0.2130
ATH,TLL,"18,757",$186.96,"1,439 mi",51,$0.1299
EDI,DEN,"18,753",$680.95,"4,252 mi",51,$0.1601
CDG,BWI,"18,752",$524.27,"3,694 mi",51,$0.1419
CPH,WMI,"18,741",$45.66,403 mi,51,$0.1133
AGP,LIL,"18,738",$133.27,"1,000 mi",51,$0.1333
CDG,JMK,"18,737",$287.29,"1,432 mi",51,$0.2006
FCO,HGH,"18,734",$308.02,"5,855 mi",51,$0.0526
AMS,FLL,"18,721",$734.92,"4,466 mi",51,$0.1646
GLA,BOS,"18,717",$470.68,"3,112 mi",51,$0.1512
GVA,SOU,"18,702",$71.87,457 mi,51,$0.1573
CDG,KGL,"18,700",$400.22,"3,772 mi",51,$0.1061
CDG,ITM,"18,694","$1,222.03","5,786 mi",51,$0.2112
LYS,BRS,"18,693",$77.44,513 mi,51,$0.1510
MXP,FOR,"18,692",$528.58,"4,340 mi",51,$0.1218
LHR,ESB,"18,675",$301.03,"1,824 mi",51,$0.1650
DUB,EXT,"18,669",$81.11,229 mi,51,$0.3542
LHR,ITM,"18,645","$1,577.73","5,728 mi",51,$0.2754
PRG,MAH,"18,644",$108.35,885 mi,51,$0.1224
BHX,TIV,"18,639",$77.66,"1,210 mi",51,$0.0642
MRS,LAX,"18,639",$813.64,"6,200 mi",51,$0.1312
PMI,LEI,"18,637",$205.80,344 mi,51,$0.5983
CPH,JHS,"18,632",$201.89,"2,145 mi",51,$0.0941
MAN,BDS,"18,628",$157.06,"1,248 mi",51,$0.1258
BRU,TPE,"18,623",$617.21,"5,755 mi",51,$0.1072
OSL,TPE,"18,622",$801.07,"5,530 mi",51,$0.1449
ZRH,TIA,"18,619",$132.90,670 mi,51,$0.1984
LHR,CNF,"18,615",$817.39,"5,739 mi",51,$0.1424
BRU,LFW,"18,614",$220.39,"3,003 mi",51,$0.0734
BCN,PEI,"18,603",$554.93,"5,528 mi",51,$0.1004
LHR,PFO,"18,586",$312.69,"2,059 mi",51,$0.1519
ZRH,DTW,"18,574",$879.38,"4,370 mi",51,$0.2012
ATH,LIL,"18,568",$166.23,"1,303 mi",51,$0.1276
FCO,TFN,"18,565",$254.72,"1,901 mi",51,$0.1340
LIS,RUH,"18,564",$723.26,"3,459 mi",51,$0.2091
GLA,LSI,"18,564",$266.12,309 mi,51,$0.8612
HEL,DFW,"18,561",$871.97,"5,368 mi",51,$0.1624
CDG,ACC,"18,555",$499.36,"3,093 mi",51,$0.1614
EDI,NBE,"18,554",$129.55,"1,564 mi",51,$0.0828
DUB,ZTH,"18,553",$170.97,"1,735 mi",51,$0.0985
BCN,IKA,"18,543",$334.65,"2,734 mi",51,$0.1224
ARN,BOM,"18,534",$464.43,"3,766 mi",51,$0.1233
DME,UUA,"18,521",$129.95,573 mi,51,$0.2268
PRG,OLB,"18,502",$137.90,656 mi,51,$0.2102
EDI,PVG,"18,502",$651.96,"5,780 mi",51,$0.1128
GLA,ADB,"18,491",$71.48,"1,834 mi",51,$0.0390
BHX,PVK,"18,491",$101.68,"1,380 mi",51,$0.0737
AGP,MNL,"18,490",$549.69,"7,207 mi",51,$0.0763
GOT,KUN,"18,481",$51.96,503 mi,51,$0.1033
ZRH,AKL,"18,472","$1,242.81","11,774 mi",51,$0.1056
MAD,BLL,"18,460",$298.05,"1,237 mi",51,$0.2409
PMI,FEZ,"18,460",$57.20,594 mi,51,$0.0963
CDG,VAR,"18,458",$154.90,"1,230 mi",51,$0.1259
ZRH,TUN,"18,451",$124.16,760 mi,51,$0.1634
LHR,ISU,"18,445",$246.65,"2,567 mi",51,$0.0961
DUB,AHO,"18,443",$41.57,"1,081 mi",51,$0.0385
BHX,IOM,"18,437",$95.63,159 mi,51,$0.6014
LGW,ICN,"18,436",$337.57,"5,350 mi",51,$0.0631
CDG,KTT,"18,431",$201.00,"1,459 mi",50,$0.1378
ATH,JKL,"18,421",$100.70,173 mi,50,$0.5821
MAN,ICN,"18,409",$688.86,"5,618 mi",50,$0.1226
PRG,SGN,"18,408",$383.21,"5,924 mi",50,$0.0647
ARN,GRU,"18,402","$1,058.72","6,581 mi",50,$0.1609
CPH,EVE,"18,387",$136.94,871 mi,50,$0.1572
VCE,VKO,"18,382",$468.47,"1,247 mi",50,$0.3757
BHX,MXP,"18,382",$124.86,647 mi,50,$0.1930
EDI,HKT,"18,381",$379.19,"6,013 mi",50,$0.0631
BCN,JMK,"18,364",$246.03,"1,229 mi",50,$0.2002
ZRH,NBO,"18,364",$463.97,"3,893 mi",50,$0.1192
PRG,KWI,"18,360",$158.60,"2,336 mi",50,$0.0679
CPH,CPT,"18,356",$573.02,"6,013 mi",50,$0.0953
BCN,PDX,"18,354",$700.04,"5,367 mi",50,$0.1304
ORY,SFG,"18,348",$398.54,"4,297 mi",50,$0.0927
FCO,CMH,"18,348",$582.22,"4,827 mi",50,$0.1206
DUB,FNI,"18,346",$78.82,800 mi,50,$0.0985
LIS,SYD,"18,346","$1,475.88","10,955 mi",50,$0.1347
MRS,OLB,"18,342",$91.54,274 mi,50,$0.3341
LHR,FNA,"18,339",$497.72,"2,957 mi",50,$0.1683
MAN,GOA,"18,338",$82.04,772 mi,50,$0.1063
FCO,CVG,"18,334",$594.89,"4,657 mi",50,$0.1277
ATH,KEF,"18,329",$222.64,"2,688 mi",50,$0.0828
LED,ABA,"18,322",$175.09,"2,334 mi",50,$0.0750
LIS,TLL,"18,319",$263.29,"1,994 mi",50,$0.1320
OTP,JMK,"18,315",$94.85,480 mi,50,$0.1976
MAN,HAN,"18,311",$515.76,"5,924 mi",50,$0.0871
CPH,DFW,"18,306",$601.78,"5,212 mi",50,$0.1155
ZRH,RDU,"18,305",$992.92,"4,208 mi",50,$0.2360
LED,OSW,"18,304",$133.16,"1,288 mi",50,$0.1034
GLA,KOI,"18,298",$222.92,214 mi,50,$1.0417
VIE,NBO,"18,295",$409.95,"3,518 mi",50,$0.1165
CDG,GDN,"18,291",$180.05,797 mi,50,$0.2259
LHR,HGA,"18,289",$426.36,"3,946 mi",50,$0.1080
CDG,IND,"18,288",$904.82,"4,054 mi",50,$0.2232
BHX,MRU,"18,284",$405.57,"6,349 mi",50,$0.0639
BCN,BTS,"18,277",$115.33,905 mi,50,$0.1274
GLA,MIA,"18,275",$431.49,"4,347 mi",50,$0.0993
LHR,SHE,"18,262",$219.33,"5,332 mi",50,$0.0411
VIE,ALG,"18,257",$138.54,"1,009 mi",50,$0.1373
AGP,BKK,"18,254",$395.64,"6,276 mi",50,$0.0630
PMI,NYO,"18,250",$111.34,"1,424 mi",50,$0.0782
MAN,IKA,"18,249",$255.43,"2,747 mi",50,$0.0930
PRG,ATL,"18,225",$751.91,"4,682 mi",50,$0.1606
VIE,SJO,"18,172",$459.10,"6,380 mi",50,$0.0720
HEL,ORD,"18,172",$674.12,"4,290 mi",50,$0.1571
DBV,FMM,"18,168",$69.34,557 mi,50,$0.1245
BHX,SDR,"18,165",$82.28,650 mi,50,$0.1266
BRU,LAS,"18,149",$513.56,"5,563 mi",50,$0.0923
VCE,LCA,"18,140",$176.77,"1,295 mi",50,$0.1365
MRS,CIA,"18,137",$81.42,380 mi,50,$0.2143
BRU,SYD,"18,124","$1,272.54","10,712 mi",50,$0.1188
BUD,ATL,"18,115",$554.67,"4,963 mi",50,$0.1118
WAW,KUL,"18,115",$508.96,"5,507 mi",50,$0.0924
BRU,POZ,"18,108",$184.61,523 mi,50,$0.3530
PMI,KSF,"18,106",$95.55,905 mi,50,$0.1056
MAD,IGU,"18,103",$540.74,"5,447 mi",50,$0.0993
NCE,GRU,"18,102","$1,248.03","5,576 mi",50,$0.2238
CPH,YVR,"18,099",$478.25,"4,617 mi",50,$0.1036
STN,VKO,"18,096",$266.27,"1,561 mi",50,$0.1706
ORY,ZTH,"18,093",$99.17,"1,159 mi",50,$0.0856
MAD,CRA,"18,075",$136.01,"1,461 mi",50,$0.0931
OTP,OPO,"18,066",$280.43,"1,709 mi",49,$0.1641
WAW,EVN,"18,036",$128.90,"1,343 mi",49,$0.0960
CPH,MEX,"18,035",$579.76,"5,734 mi",49,$0.1011
GVA,KEF,"18,026",$205.40,"1,692 mi",49,$0.1214
MAN,SID,"18,023",$45.43,"2,848 mi",49,$0.0160
OSL,YYZ,"18,017",$364.30,"3,586 mi",49,$0.1016
CDG,OUA,"18,006",$354.18,"2,467 mi",49,$0.1436
FCO,FLL,"18,001",$443.71,"5,311 mi",49,$0.0835
SVO,WNZ,"17,989",$312.86,"4,527 mi",49,$0.0691
DBV,FKB,"17,983",$53.86,672 mi,49,$0.0801
DUB,HER,"17,979",$245.58,"1,907 mi",49,$0.1288
CDG,AAL,"17,979",$190.93,654 mi,49,$0.2919
DBV,TRF,"17,965",$25.65,"1,163 mi",49,$0.0221
DUB,LHE,"17,956",$387.05,"4,259 mi",49,$0.0909
VCE,SIN,"17,944",$599.11,"6,043 mi",49,$0.0991
SVO,URC,"17,943",$241.97,"2,387 mi",49,$0.1014
NCE,CAI,"17,941",$322.36,"1,671 mi",49,$0.1929
BUD,HKG,"17,911",$610.09,"5,463 mi",49,$0.1117
BOD,ALC,"17,896",$142.68,466 mi,49,$0.3062
LHR,LUN,"17,895",$624.97,"5,081 mi",49,$0.1230
ZRH,CAG,"17,887",$118.20,551 mi,49,$0.2145
AMS,MSY,"17,875",$821.15,"4,662 mi",49,$0.1761
SVO,GNJ,"17,848",$109.94,"1,161 mi",49,$0.0947
BCN,BLR,"17,847",$616.17,"5,023 mi",49,$0.1227
AGP,TMP,"17,846",$181.22,"2,160 mi",49,$0.0839
LGW,KHI,"17,845",$342.69,"4,045 mi",49,$0.0847
HEL,RAK,"17,839",$225.10,"2,412 mi",49,$0.0933
LED,NYM,"17,837",$137.89,"1,415 mi",49,$0.0974
GVA,SOF,"17,837",$194.37,912 mi,49,$0.2131
AMS,SID,"17,822",$252.81,"2,797 mi",49,$0.0904
LIS,DTW,"17,818",$643.72,"3,666 mi",49,$0.1756
ATH,CLE,"17,816",$597.07,"5,393 mi",49,$0.1107
VCE,OPO,"17,813",$182.90,"1,126 mi",49,$0.1624
PRG,ALA,"17,808",$253.16,"3,008 mi",49,$0.0842
LIS,VKO,"17,800",$468.00,"2,337 mi",49,$0.2003
STN,FNI,"17,800",$107.46,612 mi,49,$0.1756
MAN,TRV,"17,778",$268.65,"5,144 mi",49,$0.0522
CDG,PBI,"17,772",$945.73,"4,392 mi",49,$0.2153
ZRH,SCL,"17,763","$1,110.74","7,652 mi",49,$0.1452
DME,RUH,"17,760",$468.75,"2,216 mi",49,$0.2115
LHR,RIC,"17,759",$674.87,"3,839 mi",49,$0.1758
VIE,SZX,"17,756",$375.30,"5,547 mi",49,$0.0677
ARN,GEV,"17,739",$128.48,540 mi,49,$0.2379
MXP,MUH,"17,736",$250.04,"1,357 mi",49,$0.1843
BHX,MED,"17,735",$235.21,"2,978 mi",49,$0.0790
ARN,OER,"17,732",$108.54,270 mi,49,$0.4020
LYS,SXB,"17,731",$172.04,236 mi,49,$0.7290
VCE,DAC,"17,724",$351.60,"4,362 mi",49,$0.0806
GOT,LIS,"17,720",$274.76,"1,670 mi",49,$0.1645
CDG,JAX,"17,719",$731.35,"4,547 mi",49,$0.1608
NCE,KEF,"17,711",$179.01,"1,769 mi",49,$0.1012
MAD,ASR,"17,710",$232.99,"2,003 mi",49,$0.1163
BUD,PVK,"17,706",$51.95,611 mi,49,$0.0850
CPH,GRU,"17,706",$981.01,"6,659 mi",49,$0.1473
FCO,BLQ,"17,704",$47.47,189 mi,49,$0.2512
DUB,OLB,"17,696",$87.16,"1,100 mi",48,$0.0792
AGP,ORD,"17,691",$532.52,"4,419 mi",48,$0.1205
FCO,BLR,"17,689",$340.16,"4,486 mi",48,$0.0758
MRS,ZNZ,"17,689",$274.72,"4,156 mi",48,$0.0661
MXP,MJI,"17,683",$244.98,886 mi,48,$0.2765
OSL,DPS,"17,679",$481.92,"7,441 mi",48,$0.0648
ATH,LPA,"17,675",$396.74,"2,293 mi",48,$0.1730
GLA,SPU,"17,672",$93.31,"1,288 mi",48,$0.0724
ATH,PER,"17,660",$962.59,"7,400 mi",48,$0.1301
OSL,FAE,"17,653",$180.24,644 mi,48,$0.2799
LGW,YHZ,"17,649",$131.30,"2,780 mi",48,$0.0472
MRS,HAH,"17,630",$489.09,"4,355 mi",48,$0.1123
NCE,FDF,"17,626",$465.40,"4,309 mi",48,$0.1080
MAD,KWI,"17,624",$548.56,"2,890 mi",48,$0.1898
BGY,HAJ,"17,623",$226.69,483 mi,48,$0.4693
ARN,HRG,"17,618",$133.12,"2,296 mi",48,$0.0580
GLA,FNC,"17,599",$149.21,"1,657 mi",48,$0.0900
MAD,VKO,"17,598",$345.24,"2,176 mi",48,$0.1587
ORY,AHO,"17,585",$86.38,649 mi,48,$0.1331
LHR,BUF,"17,581",$545.50,"3,648 mi",48,$0.1495
LGW,ZNZ,"17,555",$341.67,"4,462 mi",48,$0.0766
EDI,PER,"17,554",$974.92,"9,405 mi",48,$0.1037
LHR,TRD,"17,550",$175.84,954 mi,48,$0.1843
FCO,COR,"17,541",$582.73,"7,214 mi",48,$0.0808
AMS,KTM,"17,528",$355.19,"4,473 mi",48,$0.0794
GLA,MAD,"17,523",$397.83,"1,095 mi",48,$0.3633
DME,BSR,"17,522",$792.15,"1,730 mi",48,$0.4579
NCL,BJV,"17,512",$143.91,"1,787 mi",48,$0.0805
VCE,SEA,"17,507",$630.72,"5,616 mi",48,$0.1123
WAW,KIX,"17,476",$649.79,"5,423 mi",48,$0.1198
MAN,SEA,"17,471",$638.84,"4,775 mi",48,$0.1338
ARN,GZP,"17,469",$167.64,"1,684 mi",48,$0.0995
LHR,ADB,"17,466",$227.49,"1,663 mi",48,$0.1368
LIS,CWB,"17,463",$654.44,"4,987 mi",48,$0.1312
CDG,SJU,"17,462",$610.38,"4,169 mi",48,$0.1464
GVA,EZE,"17,462","$1,097.95","7,098 mi",48,$0.1547
BUD,VIE,"17,455",$116.91,129 mi,48,$0.9063
LCY,IOM,"17,451",$181.09,256 mi,48,$0.7074
HEL,BOS,"17,442",$609.79,"3,807 mi",48,$0.1602
BCN,BNE,"17,429","$1,131.28","10,854 mi",48,$0.1042
DUB,STL,"17,429",$655.72,"3,794 mi",48,$0.1728
NCE,PVG,"17,425",$967.47,"5,649 mi",48,$0.1713
OSL,SFO,"17,404",$737.81,"5,337 mi",48,$0.1382
LHR,RHO,"17,403",$240.50,"1,691 mi",48,$0.1422
MAN,SHA,"17,402",$276.67,"5,519 mi",48,$0.0501
LIS,PEK,"17,392",$643.13,"6,180 mi",48,$0.1041
OSL,TLS,"17,391",$186.26,"1,250 mi",48,$0.1490
CDG,KTI,"17,385",$490.11,"5,990 mi",48,$0.0818
GVA,KIX,"17,376",$762.02,"5,846 mi",48,$0.1303
MAD,GDN,"17,375",$165.90,"1,438 mi",48,$0.1154
OTP,BKK,"17,373",$493.88,"4,950 mi",48,$0.0998
LED,MXP,"17,347",$643.09,"1,359 mi",48,$0.4732
ZRH,BLL,"17,341",$270.39,555 mi,48,$0.4872
EDI,SKG,"17,341",$156.21,"1,645 mi",48,$0.0950
BRU,EZE,"17,335",$805.95,"6,838 mi",47,$0.1179
MAD,TBS,"17,335",$201.33,"2,419 mi",47,$0.0832
CDG,ABZ,"17,329",$253.28,617 mi,47,$0.4105
CDG,CCU,"17,329",$304.71,"4,724 mi",47,$0.0645
LIS,YYC,"17,326",$437.49,"4,896 mi",47,$0.0894
MAN,SLC,"17,322","$1,004.06","4,851 mi",47,$0.2070
MXP,PHX,"17,313",$810.67,"6,014 mi",47,$0.1348
MAN,RVN,"17,311",$110.88,"1,351 mi",47,$0.0821
FCO,FOR,"17,311",$555.53,"4,608 mi",47,$0.1206
MAD,IKA,"17,308",$411.66,"2,865 mi",47,$0.1437
AMS,RNS,"17,303",$234.62,422 mi,47,$0.5560
HEL,TLV,"17,303",$428.71,"1,948 mi",47,$0.2201
OTP,IAD,"17,300",$727.54,"4,816 mi",47,$0.1511
BRU,MEX,"17,295",$605.99,"5,919 mi",47,$0.1024
VKO,TGD,"17,294",$397.85,"1,182 mi",47,$0.3366
ATH,BNA,"17,292",$746.38,"5,840 mi",47,$0.1278
OSL,DEL,"17,282",$351.81,"3,597 mi",47,$0.0978
MAN,SKT,"17,282",$442.52,"3,805 mi",47,$0.1163
ZRH,SDQ,"17,267",$366.60,"4,886 mi",47,$0.0750
MRS,PFO,"17,244",$96.89,"1,526 mi",47,$0.0635
ATH,PDX,"17,243",$652.30,"6,113 mi",47,$0.1067
NCL,BKK,"17,243",$496.99,"6,103 mi",47,$0.0814
PMI,MPL,"17,242",$44.39,295 mi,47,$0.1505
SVO,CIT,"17,237",$133.77,"1,652 mi",47,$0.0810
CDG,SAI,"17,236",$553.66,"6,219 mi",47,$0.0890
NCE,SIN,"17,224","$1,228.31","6,296 mi",47,$0.1951
GLA,KGS,"17,224",$171.78,"1,911 mi",47,$0.0899
ATH,CPT,"17,209",$638.63,"4,830 mi",47,$0.1322
VIE,TAS,"17,208",$393.37,"2,503 mi",47,$0.1572
MAN,SGN,"17,207",$645.62,"6,184 mi",47,$0.1044
ARN,RVN,"17,199",$200.12,553 mi,47,$0.3619
OTP,VRN,"17,195",$267.16,767 mi,47,$0.3483
VIE,DLM,"17,189",$102.17,"1,032 mi",47,$0.0990
LIS,BEL,"17,186",$720.73,"3,843 mi",47,$0.1875
OSL,ABZ,"17,173",$266.84,503 mi,47,$0.5305
PMI,LAX,"17,172","$1,067.22","6,304 mi",47,$0.1693
OSL,NBO,"17,172",$288.86,"4,336 mi",47,$0.0666
LGW,MAA,"17,164",$418.77,"5,259 mi",47,$0.0796
PMI,SOU,"17,154",$120.75,788 mi,47,$0.1532
BGY,AMM,"17,153",$90.50,"1,753 mi",47,$0.0516
LED,BSZ,"17,152",$320.37,"2,105 mi",47,$0.1522
VIE,EBL,"17,151",$228.99,"1,660 mi",47,$0.1379
MAD,SID,"17,136",$237.63,"2,068 mi",47,$0.1149
SVO,NKG,"17,112",$276.57,"3,991 mi",47,$0.0693
BCN,ALA,"17,096",$416.03,"3,808 mi",47,$0.1093
ARN,MNL,"17,084",$439.66,"5,626 mi",47,$0.0781
SVO,CSX,"17,076",$373.45,"3,965 mi",47,$0.0942
WAW,JTR,"17,075",$134.52,"1,078 mi",47,$0.1248
CDG,ALA,"17,065",$386.97,"3,337 mi",47,$0.1160
NAP,YYZ,"17,061",$354.80,"4,662 mi",47,$0.0761
CDG,OLB,"17,058",$202.96,635 mi,47,$0.3196
STN,BVE,"17,054",$62.86,455 mi,47,$0.1382
LIS,CCS,"17,048",$503.74,"3,919 mi",47,$0.1285
AMS,LCG,"17,038",$273.20,843 mi,47,$0.3241
BCN,LXR,"17,032",$247.59,"2,114 mi",47,$0.1171
CDG,TGD,"17,024",$119.15,897 mi,47,$0.1328
VKO,ZRH,"17,017",$607.68,"1,303 mi",47,$0.4664
LHR,BKI,"17,011",$628.40,"7,208 mi",47,$0.0872
BGY,FKB,"17,009",$42.90,221 mi,47,$0.1941
ZRH,COK,"17,008",$325.07,"4,812 mi",47,$0.0676
DUB,MEX,"17,008",$626.87,"5,418 mi",47,$0.1157
LGW,BIA,"17,008",$216.64,770 mi,47,$0.2814
HEL,CMB,"16,992",$418.90,"4,489 mi",47,$0.0933
ZRH,BGO,"16,988",$252.67,869 mi,47,$0.2908
ORY,COO,"16,986",$298.20,"2,839 mi",47,$0.1050
SOF,RIX,"16,984",$157.06,"1,012 mi",47,$0.1552
CPH,HAJ,"16,983",$144.16,256 mi,47,$0.5631
VIE,YVR,"16,978",$562.97,"5,139 mi",47,$0.1095
BCN,SVO,"16,968",$564.44,"1,819 mi",46,$0.3103
GVA,BOG,"16,961",$749.82,"5,684 mi",46,$0.1319
MAN,MJT,"16,956",$130.40,"1,729 mi",46,$0.0754
BHX,GIB,"16,953",$132.52,"1,174 mi",46,$0.1129
CPH,JED,"16,944",$238.69,"2,792 mi",46,$0.0855
BUD,BOM,"16,941",$498.26,"3,677 mi",46,$0.1355
ORY,LPY,"16,937",$155.96,268 mi,46,$0.5819
MRS,AYT,"16,936",$153.99,"1,461 mi",46,$0.1054
ORY,SSA,"16,934",$388.60,"4,783 mi",46,$0.0812
MAD,MSP,"16,932",$698.72,"4,449 mi",46,$0.1571
AGP,BOS,"16,929",$545.72,"3,372 mi",46,$0.1618
BGY,PVK,"16,929",$156.79,709 mi,46,$0.2211
HEL,MEL,"16,926","$1,398.25","9,719 mi",46,$0.1439
MAN,JMK,"16,926",$110.89,"1,766 mi",46,$0.0628
MXP,BAH,"16,921",$411.72,"2,577 mi",46,$0.1598
SNN,LPA,"16,907",$242.45,"1,691 mi",46,$0.1434
BRU,MLE,"16,900",$406.84,"4,935 mi",46,$0.0824
NCE,JMK,"16,895",$214.40,"1,073 mi",46,$0.1998
MAN,ORY,"16,887",$91.96,389 mi,46,$0.2364
BUD,HKT,"16,883",$232.33,"5,136 mi",46,$0.0452
VCE,HAJ,"16,879",$187.21,510 mi,46,$0.3671
MXP,SSA,"16,877",$514.96,"5,143 mi",46,$0.1001
MAN,LUX,"16,876",$212.73,459 mi,46,$0.4635
HEL,MLA,"16,874",$253.78,"1,806 mi",46,$0.1405
VKO,UTP,"16,872",$196.64,"4,346 mi",46,$0.0452
CPH,PRN,"16,863",$122.16,"1,005 mi",46,$0.1216
OTP,GDN,"16,860",$192.12,781 mi,46,$0.2460
BRU,TOS,"16,857",$104.31,"1,421 mi",46,$0.0734
BUD,TLL,"16,857",$140.29,884 mi,46,$0.1587
CDG,TFU,"16,845",$401.36,"5,004 mi",46,$0.0802
AMS,DMM,"16,830",$657.13,"2,835 mi",46,$0.2318
AMS,EBB,"16,827",$367.76,"4,068 mi",46,$0.0904
DME,SIN,"16,823",$569.71,"5,062 mi",46,$0.1125
WAW,POZ,"16,823",$68.26,181 mi,46,$0.3771
LYS,CHQ,"16,797",$111.91,"1,255 mi",46,$0.0892
SVO,PES,"16,795",$137.19,412 mi,46,$0.3330
OSL,MJF,"16,793",$222.90,380 mi,46,$0.5866
STN,MLE,"16,785","$1,715.03","5,439 mi",46,$0.3153
BUD,CKG,"16,784",$178.10,"4,763 mi",46,$0.0374
AMS,CWL,"16,774",$220.27,340 mi,46,$0.6479
CPH,IKA,"16,742",$188.79,"2,214 mi",46,$0.0853
LHR,LBA,"16,737",$160.93,167 mi,46,$0.9637
EDI,HND,"16,720","$1,520.87","5,580 mi",46,$0.2726
CDG,RSW,"16,712",$911.42,"4,471 mi",46,$0.2039
BRU,ZNZ,"16,687",$355.49,"4,588 mi",46,$0.0775
LHR,CTU,"16,671",$257.53,"5,313 mi",46,$0.0485
AGP,OUL,"16,671",$380.62,"2,232 mi",46,$0.1705
VIE,SBZ,"16,670",$86.48,401 mi,46,$0.2157
BRU,EBB,"16,667",$255.49,"3,761 mi",46,$0.0679
ARN,DPS,"16,665",$489.24,"7,202 mi",46,$0.0679
LHR,KTT,"16,661",$318.94,"1,365 mi",46,$0.2337
MAN,EWR,"16,659",$558.31,"3,445 mi",46,$0.1621
AMS,EVE,"16,652",$120.02,"1,149 mi",46,$0.1045
PRG,HKT,"16,643",$377.58,"5,359 mi",46,$0.0705
LHR,OUL,"16,639",$331.16,"1,343 mi",46,$0.2466
MXP,ASB,"16,636",$564.07,"2,645 mi",46,$0.2133
LHR,PDL,"16,632",$235.00,"1,595 mi",46,$0.1473
DME,JNB,"16,624",$687.35,"5,493 mi",46,$0.1251
AMS,SCL,"16,621",$961.86,"7,682 mi",46,$0.1252
LIS,DOH,"16,606",$397.13,"3,719 mi",45,$0.1068
FCO,SSA,"16,600",$468.83,"4,811 mi",45,$0.0974
BCN,SPC,"16,594",$337.93,"1,375 mi",45,$0.2458
BCN,CCS,"16,591",$391.28,"4,513 mi",45,$0.0867
FCO,PVK,"16,576",$62.59,476 mi,45,$0.1315
WAW,MEX,"16,573",$548.62,"6,134 mi",45,$0.0894
NTE,FDF,"16,540",$305.39,"4,177 mi",45,$0.0731
ARN,LYC,"16,524",$121.78,349 mi,45,$0.3489
ATH,JSH,"16,519",$67.28,216 mi,45,$0.3115
DBV,DUS,"16,513",$165.98,785 mi,45,$0.2114
AGP,IAD,"16,510",$458.49,"3,990 mi",45,$0.1149
WAW,ACE,"16,501",$267.47,"2,454 mi",45,$0.1090
BOD,BES,"16,499",$328.57,315 mi,45,$1.0431
EDI,MAH,"16,499",$108.58,"1,199 mi",45,$0.0906
PMI,PED,"16,499",$118.37,990 mi,45,$0.1196
MXP,KTT,"16,490",$168.64,"1,582 mi",45,$0.1066
VIE,MCT,"16,490",$384.55,"2,917 mi",45,$0.1318
BRU,BLL,"16,489",$199.04,374 mi,45,$0.5322
DUB,KGS,"16,487",$210.79,"1,904 mi",45,$0.1107
LGW,RMI,"16,476",$125.13,749 mi,45,$0.1671
MAD,LHE,"16,476",$341.24,"4,133 mi",45,$0.0826
ARN,SOF,"16,468",$149.08,"1,230 mi",45,$0.1212
BUD,TAS,"16,468",$370.89,"2,391 mi",45,$0.1551
OTP,JED,"16,466",$210.69,"1,696 mi",45,$0.1242
BOD,BRI,"16,459",$177.12,945 mi,45,$0.1874
AMS,HGH,"16,455",$269.45,"5,378 mi",45,$0.0501
MAN,AMM,"16,449",$221.67,"2,481 mi",45,$0.0893
AMS,STL,"16,435",$781.98,"4,228 mi",45,$0.1850
LED,RMO,"16,416",$219.57,864 mi,45,$0.2541
LHR,UVF,"16,415",$811.83,"4,092 mi",45,$0.1984
ORY,REC,"16,415",$538.23,"4,668 mi",45,$0.1153
HEL,BOM,"16,411",$433.16,"3,571 mi",45,$0.1213
ATH,JSY,"16,409",$73.33,63 mi,45,$1.1640
OSL,CMB,"16,401",$372.13,"4,914 mi",45,$0.0757
CDG,VTE,"16,396",$527.67,"5,552 mi",45,$0.0950
GOT,IST,"16,393",$178.78,"1,385 mi",45,$0.1291
FCO,AEP,"16,388",$643.32,"6,706 mi",45,$0.0959
AMS,MCI,"16,380",$831.08,"4,623 mi",45,$0.1798
OSL,SJJ,"16,375",$106.17,"1,135 mi",45,$0.0935
PMI,FUE,"16,373",$207.15,"1,181 mi",45,$0.1754
FCO,AKL,"16,370","$1,254.72","11,794 mi",45,$0.1064
SVO,XMN,"16,369",$291.84,"4,340 mi",45,$0.0672
DUB,JER,"16,368",$178.14,330 mi,45,$0.5398
HEL,SFO,"16,357","$1,162.51","5,258 mi",45,$0.2211
DME,SEZ,"16,343",$626.19,"4,143 mi",45,$0.1511
MXP,LXR,"16,339",$189.19,"1,970 mi",45,$0.0960
CPH,DTW,"16,320",$623.37,"4,219 mi",45,$0.1478
LHR,PNH,"16,320",$775.39,"6,423 mi",45,$0.1207
PMI,NOC,"16,319",$53.49,"1,164 mi",45,$0.0460
MAD,RDU,"16,315",$723.81,"4,090 mi",45,$0.1770
OTP,ORD,"16,313",$478.07,"5,358 mi",45,$0.0892
MAD,SHA,"16,312",$369.52,"6,551 mi",45,$0.0564
NCE,PTP,"16,310",$505.59,"4,260 mi",45,$0.1187
GVA,FIH,"16,303",$466.19,"3,438 mi",45,$0.1356
GVA,DEN,"16,300",$776.32,"5,271 mi",45,$0.1473
LHR,JRO,"16,295",$600.84,"4,255 mi",45,$0.1412
GLA,BJV,"16,294",$86.92,"1,905 mi",45,$0.0456
LIS,BOG,"16,287",$587.90,"4,817 mi",45,$0.1220
LIS,TIA,"16,283",$164.93,"1,575 mi",45,$0.1047
CPH,KBV,"16,281",$436.99,"5,782 mi",45,$0.0756
LGW,ABV,"16,277",$171.62,"2,854 mi",45,$0.0601
CDG,POZ,"16,277",$180.90,686 mi,45,$0.2637
OSL,MLA,"16,275",$191.52,"1,637 mi",45,$0.1170
OTP,DPS,"16,261",$539.71,"6,398 mi",45,$0.0844
AMS,LHE,"16,256",$332.99,"3,806 mi",45,$0.0875
STN,AMM,"16,250",$138.87,"2,204 mi",45,$0.0630
VCE,TPA,"16,247",$557.77,"5,240 mi",45,$0.1064
OTP,CMB,"16,246",$355.14,"3,997 mi",45,$0.0889
PRG,SMI,"16,246",$92.96,"1,093 mi",45,$0.0851
CPH,TRF,"16,239",$110.32,254 mi,44,$0.4343
GVA,RHO,"16,235",$128.64,"1,361 mi",44,$0.0945
LIS,BVC,"16,224",$193.03,"1,825 mi",44,$0.1058
OTP,DOH,"16,215",$254.70,"1,892 mi",44,$0.1346
PMI,ACE,"16,209",$221.00,"1,218 mi",44,$0.1814
DUB,ADL,"16,194","$1,073.91","10,001 mi",44,$0.1074
ORY,BRS,"16,192",$74.86,282 mi,44,$0.2655
HEL,BOJ,"16,187",$188.79,"1,268 mi",44,$0.1489
BHX,TRN,"16,164",$88.59,637 mi,44,$0.1391
VCE,DTW,"16,163",$584.64,"4,335 mi",44,$0.1349
GVA,CPT,"16,160","$1,057.63","5,428 mi",44,$0.1948
CPH,OUL,"16,158",$252.36,796 mi,44,$0.3170
BHX,PUY,"16,158",$79.29,908 mi,44,$0.0873
BCN,LJU,"16,155",$208.27,725 mi,44,$0.2873
BHX,SIN,"16,150",$712.03,"7,004 mi",44,$0.1017
NCE,DEL,"16,148",$562.06,"3,801 mi",44,$0.1479
ATH,LRS,"16,141",$82.15,160 mi,44,$0.5134
BUD,KTW,"16,136",$81.61,216 mi,44,$0.3778
BHX,KLX,"16,134",$116.97,"1,612 mi",44,$0.0726
CPH,USM,"16,133",$539.39,"5,407 mi",44,$0.0998
BUD,SYD,"16,118","$1,181.86","10,093 mi",44,$0.1171
CDG,BDS,"16,115",$100.52,919 mi,44,$0.1094
NCE,LCA,"16,106",$316.39,"1,575 mi",44,$0.2009
PRG,DEN,"16,100",$596.49,"5,047 mi",44,$0.1182
LIS,LAS,"16,091",$673.97,"5,278 mi",44,$0.1277
MAD,PKX,"16,086",$233.71,"5,914 mi",44,$0.0395
OTP,ICN,"16,079",$631.54,"4,759 mi",44,$0.1327
HEL,IAD,"16,078",$620.72,"4,440 mi",44,$0.1398
ATH,DOH,"16,066",$329.86,"1,893 mi",44,$0.1743
MAD,TAS,"16,063",$345.75,"3,575 mi",44,$0.0967
BRU,SJO,"16,061",$459.47,"5,458 mi",44,$0.0842
OSL,PUY,"16,051",$150.95,"1,031 mi",44,$0.1464
BUD,HAJ,"16,049",$215.08,532 mi,44,$0.4043
NCE,HKG,"16,044","$1,521.26","6,120 mi",44,$0.2486
BOD,OSL,"16,032",$222.16,"1,133 mi",44,$0.1961
EDI,BOM,"16,022",$491.73,"4,741 mi",44,$0.1037
OTP,HHN,"16,018",$45.80,926 mi,44,$0.0495
OSL,SKN,"16,015",$218.51,573 mi,44,$0.3813
GLA,MUC,"16,004",$229.03,885 mi,44,$0.2588
MAD,BLR,"16,003",$704.06,"5,329 mi",44,$0.1321
ARN,ATL,"16,003",$727.38,"4,501 mi",44,$0.1616
FCO,JAX,"16,002",$634.64,"4,885 mi",44,$0.1299
LHR,GRZ,"16,002",$295.13,756 mi,44,$0.3904
ORY,ZSA,"15,993",$302.91,"4,270 mi",44,$0.0709
DME,DAC,"15,982",$939.26,"3,320 mi",44,$0.2829
DUB,LOS,"15,981",$469.82,"3,183 mi",44,$0.1476
BOD,PTP,"15,981",$338.36,"4,129 mi",44,$0.0819
BRU,BOG,"15,978",$519.14,"5,635 mi",44,$0.0921
PRG,YUL,"15,953",$351.88,"3,969 mi",44,$0.0887
BCN,SGN,"15,946",$522.46,"6,269 mi",44,$0.0833
FCO,TGD,"15,941",$77.22,351 mi,44,$0.2200
GOT,JFK,"15,941",$461.74,"3,665 mi",44,$0.1260
AGP,JCU,"15,937",$73.92,68 mi,44,$1.0871
GVA,CGK,"15,931",$971.55,"7,238 mi",44,$0.1342
GVA,AUH,"15,926","$1,236.57","3,153 mi",44,$0.3922
MXP,HGH,"15,916",$405.98,"5,507 mi",44,$0.0737
LHR,SAI,"15,883",$672.52,"5,927 mi",44,$0.1135
LIS,NBJ,"15,881",$643.99,"3,718 mi",44,$0.1732
AMS,XMN,"15,870",$504.34,"5,615 mi",43,$0.0898
ZRH,JMK,"15,869",$274.83,"1,065 mi",43,$0.2581
OTP,DWC,"15,861",$321.33,"2,182 mi",43,$0.1473
NCL,FNC,"15,856",$111.29,"1,759 mi",43,$0.0633
PRG,KUL,"15,854",$472.19,"5,781 mi",43,$0.0817
MAD,DTW,"15,846",$744.97,"4,097 mi",43,$0.1818
VKO,DUS,"15,832",$364.72,"1,316 mi",43,$0.2771
PMI,BES,"15,831",$76.15,688 mi,43,$0.1107
CPH,LAS,"15,821",$608.94,"5,557 mi",43,$0.1096
LHR,TYS,"15,806",$636.73,"4,200 mi",43,$0.1516
ZRH,TBS,"15,800",$173.19,"1,873 mi",43,$0.0925
DBV,JFK,"15,793",$699.67,"4,635 mi",43,$0.1510
DUB,TLV,"15,793",$487.51,"2,432 mi",43,$0.2005
ARN,BLR,"15,792",$609.75,"4,262 mi",43,$0.1431
PMI,BRQ,"15,791",$148.06,983 mi,43,$0.1506
GVA,SSH,"15,786",$119.25,"2,047 mi",43,$0.0583
VIE,BOG,"15,786",$712.76,"5,830 mi",43,$0.1223
VIE,LAS,"15,781",$815.74,"6,081 mi",43,$0.1341
PMI,CLJ,"15,769",$124.16,"1,128 mi",43,$0.1101
VIE,PUY,"15,763",$80.81,264 mi,43,$0.3061
GVA,LRH,"15,761",$74.27,339 mi,43,$0.2191
BHX,INN,"15,756",$97.37,703 mi,43,$0.1385
VCE,BEG,"15,750",$147.27,378 mi,43,$0.3896
PMI,TRD,"15,741",$138.33,"1,737 mi",43,$0.0796
AGP,LLA,"15,740",$151.75,"2,334 mi",43,$0.0650
ZRH,CHQ,"15,725",$187.85,"1,116 mi",43,$0.1683
OTP,YUL,"15,721",$351.79,"4,660 mi",43,$0.0755
PMI,ILD,"15,721",$179.94,196 mi,43,$0.9181
AMS,MMX,"15,710",$181.17,403 mi,43,$0.4496
MAD,LJU,"15,706",$301.26,955 mi,43,$0.3155
BCN,AAL,"15,689",$206.13,"1,179 mi",43,$0.1748
FCO,NUE,"15,680",$228.21,551 mi,43,$0.4142
CPH,KTM,"15,676",$360.76,"4,117 mi",43,$0.0876
ATH,GLA,"15,675",$292.34,"1,747 mi",43,$0.1673
CPH,CGN,"15,672",$95.42,411 mi,43,$0.2322
ARN,JNB,"15,672",$669.75,"6,135 mi",43,$0.1092
LIS,TUN,"15,667",$214.81,"1,095 mi",43,$0.1962
PRG,CGN,"15,662",$150.02,307 mi,43,$0.4887
GLA,BKK,"15,658",$638.64,"6,188 mi",43,$0.1032
BRU,DOH,"15,655",$434.51,"2,949 mi",43,$0.1473
VIE,PVK,"15,653",$112.74,688 mi,43,$0.1639
VCE,LAS,"15,640",$660.65,"6,098 mi",43,$0.1083
CDG,ABV,"15,636",$581.98,"2,694 mi",43,$0.2160
BCN,CLE,"15,635",$607.16,"4,288 mi",43,$0.1416
NCL,RAK,"15,632",$124.10,"1,697 mi",43,$0.0731
CPH,ISB,"15,628",$240.99,"3,107 mi",43,$0.0776
LHR,BSB,"15,626",$746.24,"5,621 mi",43,$0.1328
AMS,KRN,"15,625",$135.62,"1,155 mi",43,$0.1174
BCN,BNA,"15,614",$674.57,"4,442 mi",43,$0.1519
MAN,PUY,"15,612",$80.85,905 mi,43,$0.0893
CDG,CHQ,"15,608",$234.63,"1,478 mi",43,$0.1587
LED,ALA,"15,604",$152.43,"2,175 mi",43,$0.0701
BOD,MLA,"15,599",$107.99,"1,039 mi",43,$0.1039
VCE,DSS,"15,596",$269.33,"2,814 mi",43,$0.0957
OTP,TLL,"15,589",$188.63,996 mi,43,$0.1894
BUD,VKO,"15,586",$580.40,982 mi,43,$0.5910
BCN,ACC,"15,586",$246.37,"2,544 mi",43,$0.0968
CPH,RMO,"15,582",$105.25,893 mi,43,$0.1179
LHR,MTY,"15,582",$766.67,"5,390 mi",43,$0.1422
WAW,CHQ,"15,574",$126.27,"1,125 mi",43,$0.1122
NAP,HND,"15,574",$837.06,"6,309 mi",43,$0.1327
BGY,BIQ,"15,568",$76.72,590 mi,43,$0.1300
DUB,FLL,"15,566",$546.04,"4,014 mi",43,$0.1360
STN,COV,"15,561",$211.90,"1,921 mi",43,$0.1103
CDG,JIB,"15,559",$620.63,"3,370 mi",43,$0.1842
PMI,ABZ,"15,552",$186.37,"1,203 mi",43,$0.1549
ORY,REU,"15,549",$161.48,543 mi,43,$0.2974
NAP,LBA,"15,547",$71.24,"1,126 mi",43,$0.0633
MRS,RHO,"15,545",$89.14,"1,339 mi",43,$0.0666
ARN,MCO,"15,543",$385.94,"4,702 mi",43,$0.0821
FCO,CCS,"15,531",$472.95,"5,334 mi",43,$0.0887
NCE,RAI,"15,531",$264.94,"2,603 mi",43,$0.1018
GVA,CFU,"15,529",$119.63,809 mi,43,$0.1479
DME,TJM,"15,513",$141.21,"1,083 mi",43,$0.1304
CDG,YWG,"15,509",$321.34,"3,996 mi",42,$0.0804
BUD,KUL,"15,508",$435.34,"5,554 mi",42,$0.0784
MXP,AOK,"15,507",$258.77,"1,157 mi",42,$0.2237
BUD,XIY,"15,498",$163.76,"4,361 mi",42,$0.0376
MAD,ACC,"15,494",$255.03,"2,347 mi",42,$0.1087
BGY,DBV,"15,487",$89.14,490 mi,42,$0.1819
PRG,SYD,"15,485","$1,164.58","9,704 mi",42,$0.1200
MXP,IKA,"15,480",$383.83,"2,238 mi",42,$0.1715
BHX,LDY,"15,476",$51.26,275 mi,42,$0.1864
LED,CMB,"15,472",$234.18,"4,587 mi",42,$0.0511
ARN,TRS,"15,472",$41.11,944 mi,42,$0.0435
SOF,VKO,"15,462",$326.10,"1,052 mi",42,$0.3100
ZRH,GWT,"15,461",$203.99,500 mi,42,$0.4080
PMI,EAS,"15,454",$160.74,363 mi,42,$0.4428
ARN,YUL,"15,451",$509.81,"3,537 mi",42,$0.1441
OSL,SSJ,"15,441",$235.60,388 mi,42,$0.6072
MAN,USM,"15,425",$544.32,"6,003 mi",42,$0.0907
LED,TBW,"15,408",$133.91,664 mi,42,$0.2017
VCE,SKP,"15,390",$68.06,539 mi,42,$0.1263
ARN,CPT,"15,386",$535.87,"6,274 mi",42,$0.0854
DME,JED,"15,385",$209.46,"2,261 mi",42,$0.0926
FCO,TAS,"15,383",$298.96,"2,807 mi",42,$0.1065
BRU,BJL,"15,378",$292.29,"2,767 mi",42,$0.1056
VCE,MLE,"15,370",$409.94,"4,775 mi",42,$0.0859
FCO,ZAD,"15,368",$71.54,217 mi,42,$0.3297
OSL,ORD,"15,354",$504.07,"3,921 mi",42,$0.1286
BCN,SLC,"15,348",$702.22,"5,587 mi",42,$0.1257
LYS,LPA,"15,347",$197.73,"1,611 mi",42,$0.1227
GVA,FLR,"15,346",$198.76,291 mi,42,$0.6830
FCO,ATQ,"15,335",$335.51,"3,559 mi",42,$0.0943
LHR,DSS,"15,333",$631.23,"2,624 mi",42,$0.2406
AMS,ASR,"15,323",$131.66,"1,789 mi",42,$0.0736
MXP,ASM,"15,322",$293.53,"2,811 mi",42,$0.1044
LHR,KBL,"15,320",$504.60,"3,668 mi",42,$0.1376
DME,UKK,"15,315",$133.81,"1,924 mi",42,$0.0695
DUB,AKL,"15,315","$1,240.33","11,640 mi",42,$0.1066
BCN,BRE,"15,308",$211.78,896 mi,42,$0.2364
LGW,TFN,"15,302",$166.12,"1,829 mi",42,$0.0908
FCO,CNF,"15,301",$645.13,"5,389 mi",42,$0.1197
DBV,HAM,"15,296",$197.67,828 mi,42,$0.2387
ARN,ADB,"15,293",$186.19,"1,577 mi",42,$0.1181
CDG,EBB,"15,292",$425.21,"3,706 mi",42,$0.1147
AMS,CVG,"15,291",$906.06,"4,007 mi",42,$0.2261
MXP,MAA,"15,290",$570.46,"4,545 mi",42,$0.1255
LHR,PTY,"15,287",$688.79,"5,094 mi",42,$0.1352
OSL,MCO,"15,278",$398.79,"4,750 mi",42,$0.0840
EDI,IAH,"15,270",$846.47,"4,738 mi",42,$0.1787
LYS,CMB,"15,262",$305.27,"4,978 mi",42,$0.0613
LHR,GCM,"15,261","$1,198.71","4,652 mi",42,$0.2577
FCO,YEG,"15,256",$337.70,"5,274 mi",42,$0.0640
MXP,DTW,"15,255",$776.95,"4,449 mi",42,$0.1746
ATH,PIT,"15,254",$655.61,"5,364 mi",42,$0.1222
ORY,TLL,"15,245",$150.38,"1,197 mi",42,$0.1256
LED,NOJ,"15,241",$133.88,"1,427 mi",42,$0.0938
STN,OSI,"15,240",$58.47,982 mi,42,$0.0595
GOT,DXB,"15,216",$423.28,"3,164 mi",42,$0.1338
VCE,RIX,"15,214",$206.64,961 mi,42,$0.2150
BCN,PTY,"15,213",$584.67,"5,525 mi",42,$0.1058
CDG,LAD,"15,212",$898.58,"4,172 mi",42,$0.2154
AMS,DAR,"15,202",$485.09,"4,701 mi",42,$0.1032
ARN,MLE,"15,194",$627.36,"4,668 mi",42,$0.1344
DBV,LAX,"15,190",$832.99,"6,677 mi",42,$0.1248
CDG,CMH,"15,187",$741.30,"4,151 mi",42,$0.1786
MRS,DXB,"15,182",$563.73,"3,161 mi",42,$0.1783
BRU,INN,"15,180",$119.26,387 mi,42,$0.3082
VIE,MEL,"15,180","$1,285.49","9,481 mi",42,$0.1356
EDI,JNB,"15,173",$687.54,"6,147 mi",42,$0.1118
LHR,OKC,"15,167",$750.83,"4,493 mi",42,$0.1671
NCE,DSS,"15,164",$289.72,"2,388 mi",42,$0.1213
VKO,KRR,"15,155",$158.05,712 mi,42,$0.2220
MRS,YYZ,"15,145",$384.04,"4,165 mi",41,$0.0922
FCO,TBS,"15,141",$225.85,"1,726 mi",41,$0.1309
BRU,BLR,"15,128",$630.17,"4,640 mi",41,$0.1358
DME,CEK,"15,123",$245.42,894 mi,41,$0.2745
VKO,MLE,"15,115",$507.73,"4,200 mi",41,$0.1209
NCE,LBA,"15,108",$120.73,787 mi,41,$0.1534
BRU,ISB,"15,103",$285.44,"3,449 mi",41,$0.0828
LED,SGN,"15,100",$326.15,"4,948 mi",41,$0.0659
LIS,MEL,"15,095","$1,530.88","10,695 mi",41,$0.1431
VIE,TLS,"15,094",$286.09,817 mi,41,$0.3502
ARN,MRU,"15,089",$492.94,"6,149 mi",41,$0.0802
ARN,CMB,"15,086",$374.16,"4,975 mi",41,$0.0752
CDG,RZE,"15,085",$183.40,847 mi,41,$0.2165
ZRH,YYC,"15,079",$611.00,"4,968 mi",41,$0.1230
MRS,DPS,"15,065",$564.85,"7,402 mi",41,$0.0763
MAD,BNE,"15,054","$1,365.29","11,155 mi",41,$0.1224
BCN,TIV,"15,048",$413.09,833 mi,41,$0.4959
GVA,TPE,"15,040",$939.14,"5,877 mi",41,$0.1598
MAD,BGA,"15,038",$544.71,"4,976 mi",41,$0.1095
VIE,KLX,"15,037",$110.58,787 mi,41,$0.1405
GVA,HAN,"15,035",$427.18,"5,779 mi",41,$0.0739
ZRH,POZ,"15,033",$225.84,487 mi,41,$0.4637
BCN,RVN,"15,028",$276.81,"2,026 mi",41,$0.1366
SOF,CFU,"15,023",$47.85,289 mi,41,$0.1656
BHX,CMB,"15,022",$514.69,"5,309 mi",41,$0.0969
PMI,MMX,"15,019",$242.45,"1,244 mi",41,$0.1949
BRU,SEA,"15,010",$638.86,"4,796 mi",41,$0.1332
LED,ICN,"15,002",$380.88,"4,351 mi",41,$0.0875
AMS,VGO,"15,001",$218.83,906 mi,41,$0.2415
MAN,ISU,"15,000",$286.57,"2,508 mi",41,$0.1143
WAW,SKP,"14,977",$140.08,727 mi,41,$0.1927
VCE,BOH,"14,976",$94.25,769 mi,41,$0.1226
VCE,SYD,"14,973","$1,322.75","9,832 mi",41,$0.1345
EDI,BNE,"14,966","$1,133.40","9,840 mi",41,$0.1152
EDI,ISB,"14,964",$305.75,"3,706 mi",41,$0.0825
BGY,SVG,"14,963",$178.77,900 mi,41,$0.1986
BUD,NCL,"14,955",$132.41,"1,010 mi",41,$0.1311
SOF,BOS,"14,954",$446.39,"4,387 mi",41,$0.1018
LGW,SEA,"14,953",$370.57,"4,666 mi",41,$0.0794
ARN,SHA,"14,946",$472.93,"4,960 mi",41,$0.0953
CPH,VBY,"14,946",$126.61,266 mi,41,$0.4760
BHX,COK,"14,946",$411.43,"5,010 mi",41,$0.0821
LHR,SAV,"14,924","$1,118.95","4,017 mi",41,$0.2786
ARN,SGN,"14,921",$388.73,"5,696 mi",41,$0.0682
LGW,AEY,"14,917",$93.00,"1,220 mi",41,$0.0762
STN,CMF,"14,911",$113.03,517 mi,41,$0.2186
MXP,USM,"14,908",$504.88,"5,986 mi",41,$0.0843
LIS,AUS,"14,906",$704.57,"5,024 mi",41,$0.1402
DME,MXP,"14,905",$669.08,"1,477 mi",41,$0.4530
ARN,KBV,"14,901",$449.73,"5,587 mi",41,$0.0805
BUD,MEL,"14,899","$1,076.62","9,357 mi",41,$0.1151
CPH,ZNZ,"14,898",$299.35,"4,399 mi",41,$0.0680
NAP,JSI,"14,886",$118.44,516 mi,41,$0.2295
STN,ORB,"14,883",$80.19,743 mi,41,$0.1079
AGP,VKO,"14,873",$669.75,"2,406 mi",41,$0.2784
OSL,ICN,"14,873",$665.56,"4,622 mi",41,$0.1440
BCN,PIT,"14,871",$562.78,"4,247 mi",41,$0.1325
PRG,TBS,"14,868",$128.88,"1,526 mi",41,$0.0845
GVA,AMM,"14,864",$315.34,"1,931 mi",41,$0.1633
NCE,NRT,"14,864",$758.84,"6,396 mi",41,$0.1186
AMS,IND,"14,862",$776.77,"4,034 mi",41,$0.1926
OTP,SFO,"14,858",$806.96,"6,234 mi",41,$0.1294
AGP,TLV,"14,852",$424.47,"2,322 mi",41,$0.1828
DUB,ICN,"14,850",$767.45,"5,384 mi",41,$0.1425
GVA,CMB,"14,847",$428.30,"5,239 mi",41,$0.0818
GVA,SGN,"14,846",$529.06,"5,989 mi",41,$0.0883
BCN,BHD,"14,844",$316.56,"1,020 mi",41,$0.3104
BUD,YUL,"14,833",$301.73,"4,020 mi",41,$0.0751
LIS,CTA,"14,824",$211.29,"1,276 mi",41,$0.1656
PMI,CHQ,"14,820",$159.55,"1,166 mi",41,$0.1368
ZRH,GZT,"14,817",$150.62,"1,685 mi",41,$0.0894
VCE,MNL,"14,808",$583.39,"6,561 mi",41,$0.0889
LIS,RDU,"14,800",$635.47,"3,624 mi",41,$0.1754
BRU,BOJ,"14,797",$184.98,"1,263 mi",41,$0.1465
ZRH,JTR,"14,794",$288.14,"1,189 mi",41,$0.2423
ARN,OLB,"14,786",$207.53,"1,385 mi",41,$0.1498
ATH,LAS,"14,784",$817.25,"6,492 mi",41,$0.1259
AGP,SFO,"14,784",$864.13,"5,772 mi",41,$0.1497
FCO,ADD,"14,776",$404.23,"2,700 mi",40,$0.1497
MXP,ABJ,"14,773",$236.09,"2,978 mi",40,$0.0793
AMS,MED,"14,771",$223.70,"2,726 mi",40,$0.0821
NCE,DJE,"14,770",$74.46,682 mi,40,$0.1092
FCO,REC,"14,760",$571.89,"4,419 mi",40,$0.1294
LHR,CRK,"14,760",$523.60,"6,435 mi",40,$0.0814
OSL,STR,"14,748",$189.74,774 mi,40,$0.2451
PMI,SKG,"14,744",$281.14,"1,038 mi",40,$0.2708
EDI,YUL,"14,737",$335.44,"3,112 mi",40,$0.1078
PMI,INN,"14,737",$267.46,706 mi,40,$0.3788
BCN,YHZ,"14,729",$226.67,"3,324 mi",40,$0.0682
OSL,KUL,"14,726",$504.55,"6,257 mi",40,$0.0806
MRS,AGB,"14,724",$114.30,453 mi,40,$0.2523
EDI,SYY,"14,715",$203.64,198 mi,40,$1.0285
ATH,IBZ,"14,710",$285.44,"1,258 mi",40,$0.2269
DUB,NBO,"14,700",$482.47,"4,656 mi",40,$0.1036
VCE,MEL,"14,699","$1,229.19","10,259 mi",40,$0.1198
BRU,DEN,"14,685",$711.19,"4,997 mi",40,$0.1423
BHX,PER,"14,680","$1,027.58","9,343 mi",40,$0.1100
PRG,PUJ,"14,680",$329.51,"4,771 mi",40,$0.0691
BRU,LIM,"14,678",$567.07,"6,696 mi",40,$0.0847
MAD,STI,"14,662",$287.15,"4,041 mi",40,$0.0711
MXP,SLL,"14,656",$376.03,"3,164 mi",40,$0.1188
GLA,BOJ,"14,656",$113.00,"1,636 mi",40,$0.0691
VCE,YVR,"14,655",$509.02,"5,529 mi",40,$0.0921
BCN,TAS,"14,652",$361.20,"3,294 mi",40,$0.1097
VIE,GDN,"14,649",$235.44,454 mi,40,$0.5186
CDG,CEB,"14,649",$548.83,"7,232 mi",40,$0.0759
FCO,SBZ,"14,647",$105.13,631 mi,40,$0.1666
LYS,LAX,"14,644",$603.12,"5,723 mi",40,$0.1054
BUD,DFW,"14,634",$570.53,"5,797 mi",40,$0.0984
LED,NCE,"14,632",$711.38,"1,517 mi",40,$0.4689
AMS,CAG,"14,625",$297.46,953 mi,40,$0.3121
LHR,IXC,"14,625",$321.87,"4,188 mi",40,$0.0769
BOD,EDI,"14,620",$160.82,754 mi,40,$0.2133
VCE,RDU,"14,619",$580.38,"4,697 mi",40,$0.1236
NCL,SIN,"14,610",$775.72,"6,959 mi",40,$0.1115
ARN,CAG,"14,594",$123.22,"1,418 mi",40,$0.0869
ZAG,MNL,"14,592",$456.67,"6,012 mi",40,$0.0760
MAD,POA,"14,591",$770.15,"5,916 mi",40,$0.1302
OSL,SEA,"14,586",$461.90,"4,416 mi",40,$0.1046
AMS,LED,"14,585",$435.68,"1,069 mi",40,$0.4076
ZAG,DUS,"14,576",$182.51,555 mi,40,$0.3288
OSL,HKG,"14,573",$688.31,"5,469 mi",40,$0.1259
VKO,VLC,"14,569",$500.15,"2,106 mi",40,$0.2375
NCL,CUN,"14,567",$305.99,"4,994 mi",40,$0.0613
ARN,DFW,"14,558",$789.04,"4,903 mi",40,$0.1609
MRS,EVN,"14,556",$227.46,"1,952 mi",40,$0.1165
CPH,BRI,"14,546",$156.72,987 mi,40,$0.1588
LED,IKA,"14,545",$524.09,"1,985 mi",40,$0.2640
SNN,CFU,"14,544",$83.13,"1,682 mi",40,$0.0494
CDG,CHS,"14,541",$878.81,"4,105 mi",40,$0.2141
LHR,SNA,"14,539",$825.12,"5,277 mi",40,$0.1564
VCE,LMP,"14,535",$208.92,671 mi,40,$0.3114
BRU,LHE,"14,529",$297.03,"3,606 mi",40,$0.0824
ATH,CAN,"14,527",$562.67,"5,365 mi",40,$0.1049
CPH,PUY,"14,527",$134.99,721 mi,40,$0.1872
NCL,ZAD,"14,525",$128.78,"1,100 mi",40,$0.1171
GVA,ATL,"14,522","$1,109.35","4,750 mi",40,$0.2335
STN,BOJ,"14,521",$158.28,"1,464 mi",40,$0.1081
ZAG,SIN,"14,510",$436.15,"5,869 mi",40,$0.0743
MAD,POZ,"14,498",$224.70,"1,303 mi",40,$0.1724
MAD,JRO,"14,495",$417.33,"3,854 mi",40,$0.1083
GLA,ORD,"14,488",$549.02,"3,555 mi",40,$0.1544
VCE,HKG,"14,485",$882.53,"5,829 mi",40,$0.1514
OTP,HKT,"14,481",$387.30,"5,100 mi",40,$0.0759
NAP,GRU,"14,480",$707.78,"6,084 mi",40,$0.1163
BOD,ORK,"14,478",$126.31,619 mi,40,$0.2041
BRU,YVR,"14,465",$579.84,"4,717 mi",40,$0.1229
SOF,AHO,"14,459",$44.93,768 mi,40,$0.0585
PRG,TGD,"14,457",$74.85,567 mi,40,$0.1320
VKO,JFK,"14,455",$896.35,"4,521 mi",40,$0.1983
AMS,ADD,"14,454",$310.66,"3,658 mi",40,$0.0849
CDG,CLO,"14,451",$542.96,"5,698 mi",40,$0.0953
LYS,EWR,"14,441",$484.10,"3,724 mi",40,$0.1300
BGY,DSS,"14,438",$336.93,"2,725 mi",40,$0.1236
BGY,BCM,"14,433",$72.44,800 mi,40,$0.0906
LHR,EFL,"14,430",$286.57,"1,413 mi",40,$0.2028
NAP,YUL,"14,426",$345.36,"4,340 mi",40,$0.0796
DUB,PGF,"14,417",$161.17,823 mi,39,$0.1958
GLA,HKG,"14,407",$752.64,"5,772 mi",39,$0.1304
LHR,BOI,"14,401",$668.96,"4,687 mi",39,$0.1427
OTP,DAM,"14,390",$217.75,922 mi,39,$0.2362
BRU,GIG,"14,387",$635.04,"6,037 mi",39,$0.1052
PMI,GDN,"14,387",$103.77,"1,220 mi",39,$0.0851
BGY,TOS,"14,384",$128.82,"1,638 mi",39,$0.0786
OTP,BGO,"14,383",$292.56,"1,343 mi",39,$0.2178
STN,TPS,"14,375",$93.61,"1,167 mi",39,$0.0802
VCE,CAI,"14,372",$220.22,"1,524 mi",39,$0.1445
BRU,CAN,"14,364",$223.40,"5,564 mi",39,$0.0402
CPH,CGK,"14,361",$854.20,"6,925 mi",39,$0.1234
ZRH,HNL,"14,358",$738.30,"7,837 mi",39,$0.0942
MAN,ABV,"14,356",$323.59,"3,017 mi",39,$0.1073
OSL,LUX,"14,356",$227.01,778 mi,39,$0.2918
BUD,JTR,"14,350",$102.39,801 mi,39,$0.1278
OSL,BOM,"14,348",$463.40,"3,994 mi",39,$0.1160
MXP,HAJ,"14,346",$198.58,488 mi,39,$0.4069
AMS,SXM,"14,344",$734.30,"4,437 mi",39,$0.1655
PMI,BOS,"14,343",$551.85,"3,839 mi",39,$0.1437
GVA,ESB,"14,340",$157.84,"1,369 mi",39,$0.1153
AMS,MBJ,"14,336",$377.11,"4,761 mi",39,$0.0792
MAD,LPB,"14,312",$726.88,"5,882 mi",39,$0.1236
LIS,TFN,"14,309",$183.37,797 mi,39,$0.2301
FCO,SJO,"14,308",$612.15,"5,904 mi",39,$0.1037
NAP,TUN,"14,307",$147.32,365 mi,39,$0.4036
MAN,TPS,"14,306",$190.42,"1,240 mi",39,$0.1536
LYS,ESU,"14,304",$57.36,"1,229 mi",39,$0.0467
GVA,IAH,"14,294","$1,492.35","5,092 mi",39,$0.2931
CPH,SVQ,"14,290",$183.75,"1,479 mi",39,$0.1242
MXP,SVO,"14,269",$602.66,"1,470 mi",39,$0.4100
NCL,HKG,"14,265",$694.41,"5,716 mi",39,$0.1215
BRU,PFO,"14,262",$170.51,"1,734 mi",39,$0.0983
AMS,KYA,"14,260",$134.90,"1,611 mi",39,$0.0837
GLA,DEL,"14,258",$466.54,"4,160 mi",39,$0.1121
LHR,TUS,"14,256",$776.19,"5,453 mi",39,$0.1423
LHR,MDE,"14,252",$759.24,"5,397 mi",39,$0.1407
OTP,VNO,"14,251",$200.32,675 mi,39,$0.2968
WAW,RZE,"14,241",$65.42,145 mi,39,$0.4512
LYS,BLJ,"14,238",$106.05,671 mi,39,$0.1580
CDG,TAO,"14,237",$422.51,"5,570 mi",39,$0.0759
GVA,DFW,"14,234","$1,126.21","5,021 mi",39,$0.2243
ATH,STL,"14,233",$706.98,"5,867 mi",39,$0.1205
LHR,PEW,"14,229",$296.35,"3,796 mi",39,$0.0781
WAW,BOG,"14,215",$564.58,"5,993 mi",39,$0.0942
DBV,IST,"14,211",$133.97,561 mi,39,$0.2388
LHR,AEP,"14,210",$779.28,"7,108 mi",39,$0.1096
BGY,BGO,"14,206",$161.09,"1,058 mi",39,$0.1523
LCY,FAO,"14,200",$278.72,"1,043 mi",39,$0.2672
DBV,ORD,"14,199",$670.81,"5,162 mi",39,$0.1300
FCO,SLL,"14,196",$338.42,"2,911 mi",39,$0.1163
CPH,AGA,"14,196",$147.01,"1,992 mi",39,$0.0738
MXP,COK,"14,192",$261.84,"4,782 mi",39,$0.0548
BUD,SHA,"14,191",$191.56,"5,330 mi",39,$0.0359
BCN,IND,"14,191",$661.76,"4,290 mi",39,$0.1543
OSL,MSP,"14,188",$393.98,"4,150 mi",39,$0.0949
LHR,GEG,"14,182",$646.50,"4,785 mi",39,$0.1351
BOD,IBZ,"14,179",$124.28,412 mi,39,$0.3017
ATH,SLC,"14,178",$891.20,"6,136 mi",39,$0.1452
PMI,ALG,"14,169",$130.98,193 mi,39,$0.6787
HEL,PSA,"14,163",$165.48,"1,338 mi",39,$0.1237
BHX,GNB,"14,152",$113.86,603 mi,39,$0.1888
ZAG,DEL,"14,151",$252.03,"3,576 mi",39,$0.0705
GLA,CRL,"14,141",$58.34,508 mi,39,$0.1148
MXP,CNF,"14,138",$689.83,"5,754 mi",39,$0.1199
GVA,NSI,"14,137",$456.98,"3,045 mi",39,$0.1501
PRG,LEI,"14,123",$136.06,"1,270 mi",39,$0.1071
BCN,POZ,"14,120",$178.00,"1,064 mi",39,$0.1673
NCE,HKT,"14,115",$433.38,"6,063 mi",39,$0.0715
OTP,PEK,"14,107",$499.34,"4,513 mi",39,$0.1106
MAN,BAH,"14,102",$440.47,"3,171 mi",39,$0.1389
LHR,LPA,"14,100",$287.92,"1,856 mi",39,$0.1551
EDI,BOJ,"14,096",$154.21,"1,600 mi",39,$0.0964
BCN,AEP,"14,089",$598.36,"6,689 mi",39,$0.0895
SOF,PVG,"14,086",$451.49,"5,027 mi",39,$0.0898
LHR,HRG,"14,081",$167.53,"2,518 mi",39,$0.0665
ZRH,PKX,"14,074",$352.01,"5,124 mi",39,$0.0687
OSL,ZAG,"14,070",$186.28,988 mi,39,$0.1885
CDG,OUL,"14,064",$305.60,"1,420 mi",39,$0.2152
CPH,MAA,"14,063",$382.99,"4,745 mi",39,$0.0807
LYS,OUD,"14,061",$127.49,865 mi,39,$0.1474
ARN,VHM,"14,060",$114.92,352 mi,39,$0.3265
SOF,IAD,"14,056",$650.27,"5,083 mi",39,$0.1279
PMI,NWI,"14,053",$175.72,936 mi,39,$0.1877
MAD,BSB,"14,053",$811.86,"4,967 mi",39,$0.1635
CDG,CLY,"14,051",$144.07,556 mi,38,$0.2591
AMS,RSW,"14,043",$758.12,"4,507 mi",38,$0.1682
CDG,DCA,"14,038",$715.43,"3,952 mi",38,$0.1810
BRU,IAH,"14,033","$1,425.90","5,185 mi",38,$0.2750
BUD,JMK,"14,033",$82.96,780 mi,38,$0.1064
CDG,MDE,"14,032",$678.87,"5,191 mi",38,$0.1308
AGP,DEL,"14,030",$371.41,"4,778 mi",38,$0.0777
VIE,GIG,"14,029",$752.53,"5,952 mi",38,$0.1264
CDG,SMF,"14,023",$599.30,"5,647 mi",38,$0.1061
LYS,PVG,"14,022",$816.09,"5,641 mi",38,$0.1447
NAP,LMP,"14,022",$179.50,372 mi,38,$0.4825
VIE,ATL,"14,020",$878.46,"5,136 mi",38,$0.1710
OSL,UME,"14,016",$118.10,399 mi,38,$0.2960
MAN,DFW,"14,009",$984.38,"4,752 mi",38,$0.2072
LHR,PEG,"14,006",$243.23,812 mi,38,$0.2995
ZRH,BJV,"14,005",$201.35,"1,163 mi",38,$0.1731
EDI,ADL,"14,003","$1,113.42","9,831 mi",38,$0.1133
LHR,YYJ,"14,002",$687.25,"4,604 mi",38,$0.1493
LHR,GRR,"13,978",$839.53,"3,923 mi",38,$0.2140
CPH,RVN,"13,970",$198.55,897 mi,38,$0.2213
AMS,BIQ,"13,967",$222.37,696 mi,38,$0.3195
LHR,LAD,"13,965",$947.12,"4,121 mi",38,$0.2298
SVO,CGK,"13,962",$655.70,"5,961 mi",38,$0.1100
NCE,BOM,"13,960",$639.49,"3,987 mi",38,$0.1604
ZRH,DLM,"13,959",$153.45,"1,232 mi",38,$0.1246
PRG,SEA,"13,958",$664.53,"5,060 mi",38,$0.1313
AMS,FEZ,"13,947",$106.87,"1,400 mi",38,$0.0763
BCN,HAV,"13,938",$296.15,"4,764 mi",38,$0.0622
LHR,WDH,"13,933",$804.91,"5,067 mi",38,$0.1589
BRU,TBS,"13,931",$225.09,"1,946 mi",38,$0.1157
BRU,DFW,"13,930",$903.19,"5,095 mi",38,$0.1773
EDI,SEA,"13,928",$606.15,"4,337 mi",38,$0.1398
LHR,MVD,"13,928","$1,031.22","6,641 mi",38,$0.1553
LHR,CGO,"13,927",$301.76,"5,450 mi",38,$0.0554
OTP,BOS,"13,921",$545.62,"4,692 mi",38,$0.1163
LHR,OPO,"13,919",$179.76,784 mi,38,$0.2293
DUB,MSY,"13,914",$479.11,"4,216 mi",38,$0.1136
EDI,RUH,"13,911",$538.91,"3,185 mi",38,$0.1692
BUD,IAH,"13,908",$968.74,"5,897 mi",38,$0.1643
CDG,XMN,"13,908",$464.69,"5,817 mi",38,$0.0799
LHR,HAK,"13,901",$557.88,"5,810 mi",38,$0.0960
PRG,VCE,"13,887",$117.50,320 mi,38,$0.3672
GVA,RIX,"13,885",$178.55,"1,026 mi",38,$0.1740
MXP,SEA,"13,885",$769.28,"5,517 mi",38,$0.1394
BGY,BBU,"13,883",$44.42,827 mi,38,$0.0537
FCO,BSB,"13,880",$770.81,"5,358 mi",38,$0.1439
CPH,BNE,"13,874","$1,032.08","9,384 mi",38,$0.1100
AMS,CTG,"13,861",$598.82,"5,081 mi",38,$0.1179
LHR,PLZ,"13,861",$588.46,"5,930 mi",38,$0.0992
STN,OZZ,"13,849",$85.95,"1,537 mi",38,$0.0559
MXP,YVR,"13,846",$607.15,"5,118 mi",38,$0.1186
LHR,LLA,"13,831",$196.23,"1,216 mi",38,$0.1614
DUB,HAN,"13,822",$673.16,"6,071 mi",38,$0.1109
LHR,SKT,"13,809",$413.42,"3,990 mi",38,$0.1036
BRU,GRZ,"13,802",$198.01,582 mi,38,$0.3402
BOD,MRU,"13,797",$367.86,"5,639 mi",38,$0.0652
VIE,LTN,"13,791",$58.48,818 mi,38,$0.0715
CPH,AUH,"13,781",$569.23,"2,926 mi",38,$0.1945
OSL,SYD,"13,772","$1,223.34","10,191 mi",38,$0.1200
LED,HMA,"13,768",$136.12,"1,347 mi",38,$0.1011
BRU,BDS,"13,757",$113.40,986 mi,38,$0.1150
AMS,FOR,"13,757",$434.34,"4,763 mi",38,$0.0912
LHR,CLO,"13,754",$677.68,"5,260 mi",38,$0.1288
MAD,ISB,"13,750",$268.80,"3,986 mi",38,$0.0674
FCO,BEN,"13,749",$295.51,827 mi,38,$0.3573
CPH,BOJ,"13,734",$140.98,"1,086 mi",38,$0.1298
LGW,BVC,"13,734",$72.15,"2,806 mi",38,$0.0257
OTP,MLE,"13,722",$528.16,"3,878 mi",38,$0.1362
BRU,SID,"13,718",$168.42,"2,719 mi",38,$0.0619
FCO,CRV,"13,717",$56.31,310 mi,38,$0.1816
LYS,MIA,"13,712",$400.43,"4,608 mi",38,$0.0869
VKO,GME,"13,708",$128.33,340 mi,38,$0.3774
FCO,CRL,"13,707",$85.65,725 mi,38,$0.1181
GVA,TLL,"13,707",$213.75,"1,227 mi",38,$0.1742
HEL,YYZ,"13,707",$516.77,"3,978 mi",38,$0.1299
ARN,NRT,"13,698",$683.00,"5,229 mi",38,$0.1306
NCE,MCO,"13,695",$729.41,"4,678 mi",38,$0.1559
CDG,SHE,"13,684",$350.97,"5,063 mi",37,$0.0693
BCN,STL,"13,679",$665.56,"4,780 mi",37,$0.1392
GVA,SEN,"13,675",$85.70,456 mi,37,$0.1879
LGW,SGN,"13,672",$481.22,"6,156 mi",37,$0.0782
NCE,EVN,"13,672",$284.31,"1,968 mi",37,$0.1445
GOT,PUY,"13,670",$64.67,858 mi,37,$0.0754
MXP,AKL,"13,669","$1,322.48","11,847 mi",37,$0.1116
PRG,DFW,"13,667",$592.53,"5,496 mi",37,$0.1078
ARN,MSP,"13,661",$499.57,"4,364 mi",37,$0.1145
BCN,AYT,"13,654",$254.42,"1,515 mi",37,$0.1679
NCE,DFW,"13,652","$1,051.98","5,158 mi",37,$0.2040
DUB,MAA,"13,637",$515.27,"5,193 mi",37,$0.0992
BRU,RUH,"13,637",$787.80,"2,769 mi",37,$0.2845
BRU,BJM,"13,636",$275.51,"4,145 mi",37,$0.0665
LHR,BDL,"13,635",$708.26,"3,442 mi",37,$0.2058
MRS,EWR,"13,635",$511.75,"4,031 mi",37,$0.1270
PRG,TLS,"13,632",$233.84,777 mi,37,$0.3010
AMS,CLE,"13,629",$726.89,"4,027 mi",37,$0.1805
LGW,SZX,"13,619",$252.91,"6,143 mi",37,$0.0412
BRU,OUA,"13,615",$338.76,"2,766 mi",37,$0.1225
CDG,ADD,"13,611",$517.66,"3,363 mi",37,$0.1539
ZRH,JED,"13,606",$418.82,"2,535 mi",37,$0.1652
LYS,HKT,"13,606",$430.45,"6,151 mi",37,$0.0700
LHR,ZTH,"13,600",$259.17,"1,363 mi",37,$0.1901
LYS,CUN,"13,595",$308.70,"5,438 mi",37,$0.0568
GOT,CFU,"13,592",$66.72,"1,255 mi",37,$0.0532
ZRH,KLX,"13,591",$209.54,963 mi,37,$0.2176
BCN,PER,"13,578",$996.04,"8,538 mi",37,$0.1167
ORY,HAV,"13,576",$208.34,"4,952 mi",37,$0.0421
ARN,JED,"13,571",$321.57,"2,737 mi",37,$0.1175
VIE,IAS,"13,568",$136.94,502 mi,37,$0.2728
HEL,GRO,"13,565",$202.69,"1,626 mi",37,$0.1247
GOT,HAM,"13,565",$173.79,302 mi,37,$0.5755
LGW,EBL,"13,562",$212.87,"2,461 mi",37,$0.0865
MXP,WDH,"13,554",$557.19,"4,596 mi",37,$0.1212
CPH,EZE,"13,554",$837.69,"7,290 mi",37,$0.1149
MAN,CGK,"13,552",$709.45,"7,114 mi",37,$0.0997
LYS,FUE,"13,539",$191.88,"1,624 mi",37,$0.1182
LHR,DLC,"13,531",$421.63,"5,120 mi",37,$0.0823
LHR,BSR,"13,530",$684.10,"2,742 mi",37,$0.2495
MAD,EVN,"13,529",$278.55,"2,570 mi",37,$0.1084
MXP,GYE,"13,527",$380.23,"6,069 mi",37,$0.0627
DUB,ISB,"13,525",$357.62,"3,852 mi",37,$0.0928
PMI,OST,"13,521",$134.43,781 mi,37,$0.1721
BRU,WNZ,"13,514",$219.44,"5,932 mi",37,$0.0370
MAD,NUE,"13,513",$280.52,973 mi,37,$0.2883
MAD,BNA,"13,512",$702.76,"4,212 mi",37,$0.1668
ZRH,JRO,"13,509",$467.67,"3,800 mi",37,$0.1231
MAD,CNF,"13,507",$696.81,"5,045 mi",37,$0.1381
WAW,BGO,"13,507",$177.36,796 mi,37,$0.2228
AMS,EVN,"13,507",$217.96,"1,979 mi",37,$0.1101
LHR,FIH,"13,502",$493.33,"4,091 mi",37,$0.1206
STN,MED,"13,501",$148.91,"2,715 mi",37,$0.0548
ATH,CVG,"13,498",$642.10,"5,618 mi",37,$0.1143
EDI,CLT,"13,496",$459.79,"3,901 mi",37,$0.1179
LYS,SFO,"13,496",$843.70,"5,644 mi",37,$0.1495
GVA,SKG,"13,490",$216.15,960 mi,37,$0.2252
DME,TYN,"13,478",$390.30,"3,666 mi",37,$0.1065
MAD,ASW,"13,478",$237.03,"2,318 mi",37,$0.1023
BRU,PDL,"13,472",$112.68,"1,781 mi",37,$0.0633
ARN,ASM,"13,471",$410.55,"3,341 mi",37,$0.1229
CPH,IAH,"13,470",$954.94,"5,326 mi",37,$0.1793
AGP,HAU,"13,464",$168.27,"1,576 mi",37,$0.1068
CDG,DAD,"13,462",$589.28,"6,247 mi",37,$0.0943
BCN,MSY,"13,461",$541.66,"4,848 mi",37,$0.1117
WAW,JNB,"13,460",$525.51,"5,265 mi",37,$0.0998
NAP,PVK,"13,457",$80.94,358 mi,37,$0.2261
CPH,KRN,"13,456",$125.68,904 mi,37,$0.1390
LHR,JAI,"13,453",$328.65,"4,340 mi",37,$0.0757
SNN,BZR,"13,436",$167.21,833 mi,37,$0.2007
MXP,TPA,"13,412",$692.42,"4,773 mi",37,$0.1451
PMI,VCE,"13,412",$211.16,620 mi,37,$0.3406
OSL,DOH,"13,407",$371.87,"2,988 mi",37,$0.1245
HEL,STR,"13,398",$336.91,"1,046 mi",37,$0.3221
CDG,FAE,"13,386",$245.16,949 mi,37,$0.2583
FCO,UIO,"13,380",$491.40,"6,066 mi",37,$0.0810
OTP,NRT,"13,377",$633.60,"5,698 mi",37,$0.1112
OSL,ISB,"13,376",$307.10,"3,183 mi",37,$0.0965
LHR,GDL,"13,370",$605.55,"5,475 mi",37,$0.1106
ZAG,CFU,"13,354",$95.26,481 mi,37,$0.1980
MAD,BRE,"13,351",$242.13,"1,074 mi",37,$0.2254
WAW,INN,"13,338",$149.21,563 mi,37,$0.2650
BOD,OTP,"13,337",$213.05,"1,272 mi",37,$0.1675
LED,MAD,"13,320",$329.99,"2,027 mi",36,$0.1628
BRU,COO,"13,318",$297.93,"3,172 mi",36,$0.0939
CPH,WRO,"13,317",$122.10,368 mi,36,$0.3318
ORY,CKY,"13,313",$235.83,"2,945 mi",36,$0.0801
ARN,DEN,"13,309",$634.64,"4,682 mi",36,$0.1355
GOT,TLL,"13,308",$113.37,482 mi,36,$0.2352
LHR,NAN,"13,308",$916.93,"9,800 mi",36,$0.0936
LGW,GEO,"13,302",$784.47,"4,647 mi",36,$0.1688
VCE,MSP,"13,294",$580.36,"4,860 mi",36,$0.1194
BGY,JSI,"13,293",$126.01,808 mi,36,$0.1560
LHR,SYR,"13,293",$565.83,"3,534 mi",36,$0.1601
LIS,BLL,"13,293",$273.49,"1,400 mi",36,$0.1954
MXP,PUJ,"13,293",$370.25,"4,552 mi",36,$0.0813
BUD,SGN,"13,287",$415.08,"5,714 mi",36,$0.0726
GLA,LAX,"13,283",$886.74,"4,969 mi",36,$0.1785
HEL,BNE,"13,282","$1,315.92","8,857 mi",36,$0.1486
CDG,PUS,"13,275",$973.63,"5,928 mi",36,$0.1642
CDG,BRE,"13,274",$262.83,377 mi,36,$0.6972
EDI,MSP,"13,273",$556.62,"3,629 mi",36,$0.1534
BRU,MJT,"13,272",$140.09,"1,307 mi",36,$0.1072
VIE,DFW,"13,268",$779.42,"5,668 mi",36,$0.1375
VIE,IAH,"13,252",$938.10,"5,429 mi",36,$0.1728
LHR,KRS,"13,246",$209.49,558 mi,36,$0.3754
GVA,SYD,"13,244","$1,831.29","10,112 mi",36,$0.1811
DUB,MAH,"13,241",$197.35,"1,026 mi",36,$0.1923
BCN,BCM,"13,231",$145.15,"1,320 mi",36,$0.1100
MRS,MXP,"13,228",$288.28,237 mi,36,$1.2164
ARN,TLS,"13,228",$234.50,"1,345 mi",36,$0.1743
HEL,WRO,"13,224",$226.01,688 mi,36,$0.3285
BUD,DEN,"13,223",$591.41,"5,658 mi",36,$0.1045
GVA,SEA,"13,222",$994.99,"5,095 mi",36,$0.1953
WAW,CUN,"13,219",$383.59,"5,963 mi",36,$0.0643
LIS,AUH,"13,213",$554.58,"3,691 mi",36,$0.1503
DUB,KIX,"13,210",$766.96,"5,766 mi",36,$0.1330
GOT,BLQ,"13,205",$221.29,881 mi,36,$0.2512
CPH,PER,"13,197",$906.47,"8,254 mi",36,$0.1098
PRG,YVR,"13,192",$485.12,"4,974 mi",36,$0.0975
LHR,GDN,"13,178",$239.64,835 mi,36,$0.2870
WAW,SYD,"13,177","$1,082.40","9,403 mi",36,$0.1151
HEL,TIV,"13,175",$157.91,"1,227 mi",36,$0.1287
ZAG,ORD,"13,173",$413.51,"4,643 mi",36,$0.0891
ORY,SOU,"13,165",$55.04,220 mi,36,$0.2502
AMS,USM,"13,165",$606.14,"5,740 mi",36,$0.1056
MAD,NCL,"13,159",$349.77,"1,039 mi",36,$0.3366
BHX,KHI,"13,159",$299.69,"3,874 mi",36,$0.0774
BOD,FUE,"13,152",$134.98,"1,302 mi",36,$0.1037
BRU,BVC,"13,152",$154.86,"2,754 mi",36,$0.0562
SOF,MIA,"13,145",$557.18,"5,499 mi",36,$0.1013
GLA,EWR,"13,144",$424.95,"3,317 mi",36,$0.1281
VIE,BGO,"13,118",$188.24,927 mi,36,$0.2031
CPH,DWC,"13,108",$226.79,"3,098 mi",36,$0.0732
EDI,BNJ,"13,107",$132.11,545 mi,36,$0.2424
VKO,BGW,"13,099",$777.80,"1,532 mi",36,$0.5077
MAD,DCA,"13,085",$450.29,"3,675 mi",36,$0.1225
CDG,BGF,"13,080",$556.12,"3,319 mi",36,$0.1676
GOT,VCE,"13,078",$166.57,815 mi,36,$0.2044
VKO,SVX,"13,073",$311.95,932 mi,36,$0.3347
AGP,BOG,"13,072",$407.41,"4,753 mi",36,$0.0857
BRU,TRD,"13,070",$117.09,926 mi,36,$0.1264
CDG,CTS,"13,067",$715.55,"5,797 mi",36,$0.1234
EDI,KUL,"13,063",$605.66,"6,439 mi",36,$0.0941
GVA,VNO,"13,062",$186.17,"1,050 mi",36,$0.1773
CDG,FAO,"13,060",$190.88,"1,011 mi",36,$0.1888
AGP,ASU,"13,055",$387.71,"5,330 mi",36,$0.0727
BGY,LMP,"13,046",$199.15,741 mi,36,$0.2688
LHR,RNO,"13,042",$932.10,"5,012 mi",36,$0.1860
AMS,HNL,"13,039",$636.72,"7,026 mi",36,$0.0906
WAW,ZNZ,"13,036",$203.01,"4,050 mi",36,$0.0501
CDG,AMD,"13,035",$332.07,"4,263 mi",36,$0.0779
VIE,MBA,"13,033",$244.32,"3,746 mi",36,$0.0652
VCE,SAN,"13,033",$762.55,"5,992 mi",36,$0.1273
STN,MJT,"13,030",$146.79,"1,587 mi",36,$0.0925
CPH,FUE,"13,026",$312.62,"2,358 mi",36,$0.1326
LYS,MXP,"13,020",$308.23,171 mi,36,$1.8025
PMI,EVE,"13,011",$215.53,"2,005 mi",36,$0.1075
BHX,KUL,"13,011",$489.17,"6,430 mi",36,$0.0761
EDI,GCI,"12,992",$139.00,465 mi,36,$0.2989
GLA,PER,"12,987","$1,225.12","9,447 mi",36,$0.1297
CPH,TKU,"12,986",$75.75,472 mi,36,$0.1605
MXP,SAN,"12,984",$881.55,"6,236 mi",36,$0.1414
VCE,CMB,"12,984",$322.23,"4,639 mi",36,$0.0695
VCE,SDQ,"12,984",$274.89,"5,086 mi",36,$0.0540
BRU,SJJ,"12,983",$230.34,786 mi,36,$0.2931
BGY,HAM,"12,977",$62.20,566 mi,36,$0.1099
NAP,KGS,"12,977",$130.62,722 mi,36,$0.1809
FCO,CWB,"12,964",$732.38,"6,263 mi",36,$0.1169
ARN,MEX,"12,949",$554.58,"6,115 mi",35,$0.0907
BRU,ASR,"12,936",$169.21,"1,769 mi",35,$0.0957
AMS,IVL,"12,929",$264.84,"1,387 mi",35,$0.1909
AMS,CHC,"12,928","$1,098.63","11,258 mi",35,$0.0976
ARN,KRF,"12,924",$107.79,242 mi,35,$0.4454
MAN,HAJ,"12,917",$224.23,517 mi,35,$0.4337
ZRH,WDH,"12,913",$616.52,"5,010 mi",35,$0.1231
MAD,SSH,"12,912",$204.33,"2,244 mi",35,$0.0911
LHR,KIN,"12,905",$405.32,"4,531 mi",35,$0.0895
DUB,RUH,"12,901",$838.56,"3,442 mi",35,$0.2436
LHR,ACE,"12,899",$77.05,"1,749 mi",35,$0.0441
LIS,TSF,"12,885",$118.91,"1,222 mi",35,$0.0973
AMS,ISB,"12,883",$326.88,"3,426 mi",35,$0.0954
HEL,FUE,"12,880",$308.42,"2,757 mi",35,$0.1119
ATH,IND,"12,879",$757.26,"5,655 mi",35,$0.1339
GOT,LIN,"12,874",$192.31,879 mi,35,$0.2188
VIE,WMI,"12,869",$37.50,340 mi,35,$0.1103
BCN,LOS,"12,866",$382.79,"2,328 mi",35,$0.1644
ATH,DAM,"12,865",$255.00,794 mi,35,$0.3212
GOT,LAX,"12,865",$409.82,"5,327 mi",35,$0.0769
FCO,SMF,"12,863",$582.32,"6,349 mi",35,$0.0917
LHR,VNO,"12,862",$191.84,"1,118 mi",35,$0.1716
MAD,CWB,"12,851",$703.86,"5,583 mi",35,$0.1261
BHX,JFK,"12,849",$479.20,"3,269 mi",35,$0.1466
ARN,TLV,"12,836",$415.28,"2,125 mi",35,$0.1954
AMS,PIT,"12,835",$750.81,"3,775 mi",35,$0.1989
NCE,MLE,"12,833",$773.31,"4,989 mi",35,$0.1550
ORY,PFO,"12,828",$132.34,"1,865 mi",35,$0.0710
PMI,CFU,"12,816",$264.43,940 mi,35,$0.2813
MAD,SBZ,"12,814",$137.70,"1,477 mi",35,$0.0932
VIE,MIR,"12,812",$264.33,931 mi,35,$0.2839
LIS,SJZ,"12,811",$101.22,994 mi,35,$0.1018
LIS,KUL,"12,810",$618.09,"7,423 mi",35,$0.0833
CDG,BSB,"12,809",$764.14,"5,603 mi",35,$0.1364
VIE,SEA,"12,809",$853.14,"5,226 mi",35,$0.1632
SOF,MLE,"12,800",$442.17,"3,934 mi",35,$0.1124
BRU,SKP,"12,799",$199.23,"1,050 mi",35,$0.1897
HEL,OPO,"12,796",$307.73,"1,879 mi",35,$0.1638
BGY,KLX,"12,795",$124.36,897 mi,35,$0.1386
GLA,VIE,"12,793",$185.85,"1,005 mi",35,$0.1849
GVA,ABJ,"12,790",$633.76,"2,981 mi",35,$0.2126
MRS,SFO,"12,784",$787.78,"5,768 mi",35,$0.1366
PMI,BHD,"12,773",$86.58,"1,082 mi",35,$0.0800
NCL,JSI,"12,772",$126.00,"1,550 mi",35,$0.0813
BRU,ZTH,"12,771",$182.27,"1,176 mi",35,$0.1550
CPH,ADL,"12,768","$1,192.03","9,826 mi",35,$0.1213
PRG,GRU,"12,762",$935.00,"6,476 mi",35,$0.1444
LED,DEL,"12,761",$351.77,"2,970 mi",35,$0.1184
PMI,SLM,"12,754",$140.67,432 mi,35,$0.3256
DME,RMZ,"12,750",$121.00,"1,192 mi",35,$0.1015
BUD,MEX,"12,744",$799.37,"6,639 mi",35,$0.1204
ATH,MCI,"12,742",$688.54,"5,660 mi",35,$0.1217
NCE,SVG,"12,741",$223.63,"1,021 mi",35,$0.2190
LGW,BLR,"12,739",$553.03,"5,138 mi",35,$0.1076
AMS,CEB,"12,733",$499.87,"6,617 mi",35,$0.0755
GOT,MIA,"12,731",$335.31,"4,674 mi",35,$0.0717
CDG,SUF,"12,725",$88.91,"1,001 mi",35,$0.0888
VKO,CCS,"12,724","$1,565.99","6,343 mi",35,$0.2469
ORY,CNF,"12,722",$655.79,"5,681 mi",35,$0.1154
BCN,MLN,"12,719",$298.24,512 mi,35,$0.5825
BCN,DAC,"12,719",$524.05,"4,914 mi",35,$0.1066
VCE,JMK,"12,718",$159.42,898 mi,35,$0.1775
SVO,CTU,"12,716",$252.53,"3,496 mi",35,$0.0722
GOT,FAO,"12,714",$165.13,"1,749 mi",35,$0.0944
BRU,KTW,"12,709",$171.58,620 mi,35,$0.2767
MAD,PDX,"12,704",$661.99,"5,560 mi",35,$0.1191
LGW,HYD,"12,702",$345.86,"4,951 mi",35,$0.0699
GOT,STR,"12,697",$205.70,652 mi,35,$0.3155
BRU,MCT,"12,690",$459.41,"3,509 mi",35,$0.1309
FCO,FOC,"12,690",$196.10,"6,034 mi",35,$0.0325
LHR,GUA,"12,685",$584.40,"5,273 mi",35,$0.1108
MAN,AEY,"12,684",$99.13,978 mi,35,$0.1014
NAP,SXB,"12,679",$69.10,602 mi,35,$0.1148
ZRH,BNA,"12,667",$782.37,"4,795 mi",35,$0.1632
MXP,BGO,"12,666",$192.97,992 mi,35,$0.1945
ATH,GIG,"12,664",$814.50,"5,865 mi",35,$0.1389
BOD,DJE,"12,646",$118.46,943 mi,35,$0.1256
CDG,GRZ,"12,645",$216.50,629 mi,35,$0.3442
HEL,KEM,"12,642",$117.43,367 mi,35,$0.3200
AMS,COV,"12,636",$175.73,"1,757 mi",35,$0.1000
NAP,IAH,"12,631",$725.42,"5,967 mi",35,$0.1216
ARN,TUN,"12,630",$225.94,"1,564 mi",35,$0.1445
BRU,RMF,"12,601",$218.81,"2,434 mi",35,$0.0899
MAN,TPE,"12,596",$744.94,"5,871 mi",35,$0.1269
ATH,YYC,"12,586",$504.14,"5,606 mi",34,$0.0899
NCL,EXT,"12,586",$130.28,315 mi,34,$0.4136
OSL,IAH,"12,572","$1,381.24","5,112 mi",34,$0.2702
CPH,ABZ,"12,564",$300.29,594 mi,34,$0.5055
CPH,NUE,"12,564",$188.36,441 mi,34,$0.4271
ARN,PUY,"12,562",$134.91,"1,002 mi",34,$0.1346
LHR,DRS,"12,556",$199.83,596 mi,34,$0.3353
BRU,MEL,"12,554","$1,233.04","9,997 mi",34,$0.1233
MAD,BGO,"12,554",$336.23,"1,376 mi",34,$0.2444
LHR,BWN,"12,550","$1,076.54","6,800 mi",34,$0.1583
LED,UUS,"12,543",$335.16,"4,023 mi",34,$0.0833
VKO,GDZ,"12,540",$172.04,785 mi,34,$0.2192
OTP,SUJ,"12,535",$74.45,257 mi,34,$0.2897
LHR,ROC,"12,525",$633.03,"3,388 mi",34,$0.1868
MRS,BOS,"12,519",$666.05,"3,604 mi",34,$0.1848
VIE,LOS,"12,516",$350.21,"2,885 mi",34,$0.1214
LHR,SDF,"12,507",$704.84,"4,156 mi",34,$0.1696
AMS,YWG,"12,499",$371.10,"4,158 mi",34,$0.0892
ORY,OTP,"12,499",$59.52,"1,121 mi",34,$0.0531
AMS,BWI,"12,485",$521.15,"3,701 mi",34,$0.1408
DUB,SGN,"12,477",$720.16,"6,328 mi",34,$0.1138
LED,TIV,"12,475",$422.14,"1,259 mi",34,$0.3353
LIS,LIM,"12,474",$689.10,"5,432 mi",34,$0.1269
BGY,PNL,"12,473",$164.24,604 mi,34,$0.2719
NAP,HRG,"12,468",$192.83,"1,502 mi",34,$0.1284
DME,HKT,"12,468",$313.04,"4,478 mi",34,$0.0699
WAW,CAN,"12,455",$456.66,"4,899 mi",34,$0.0932
NCE,DEN,"12,451",$951.11,"5,435 mi",34,$0.1750
AMS,TAS,"12,450",$279.58,"2,948 mi",34,$0.0948
AMS,CMH,"12,444",$783.40,"3,896 mi",34,$0.2011
BGY,LED,"12,440",$241.67,"1,329 mi",34,$0.1818
ARN,SCL,"12,432",$749.46,"7,890 mi",34,$0.0950
LED,KSQ,"12,425",$108.17,"2,178 mi",34,$0.0497
LHR,DSM,"12,423",$646.69,"4,053 mi",34,$0.1596
CDG,MTY,"12,410",$668.38,"5,263 mi",34,$0.1270
MRS,OSL,"12,408",$215.40,"1,148 mi",34,$0.1876
BCN,ZAD,"12,404",$152.75,679 mi,34,$0.2250
NCL,JER,"12,404",$101.07,391 mi,34,$0.2585
CDG,LCG,"12,403",$324.92,634 mi,34,$0.5125
DUB,GOT,"12,402",$177.22,802 mi,34,$0.2210
VIE,ALA,"12,399",$271.78,"2,773 mi",34,$0.0980
ARN,DTW,"12,389",$522.17,"3,992 mi",34,$0.1308
ATH,JAX,"12,387",$750.41,"5,878 mi",34,$0.1277
MXP,POA,"12,387",$778.83,"6,237 mi",34,$0.1249
BCN,CVG,"12,384",$735.98,"4,244 mi",34,$0.1734
CDG,SJJ,"12,383",$168.30,856 mi,34,$0.1966
ZRH,AUS,"12,380",$906.90,"5,553 mi",34,$0.1633
MRS,SIN,"12,375","$1,036.51","6,790 mi",34,$0.1527
AMS,ASM,"12,375",$439.26,"3,261 mi",34,$0.1347
NCE,HER,"12,366",$295.86,"1,081 mi",34,$0.2737
CPH,LHE,"12,358",$297.59,"3,267 mi",34,$0.0911
EDI,BZR,"12,358",$99.86,950 mi,34,$0.1051
LCY,EAS,"12,354",$332.66,587 mi,34,$0.5667
PRG,JSI,"12,353",$97.43,905 mi,34,$0.1077
WAW,SJJ,"12,351",$128.57,607 mi,34,$0.2118
AMS,GYD,"12,348",$350.68,"2,332 mi",34,$0.1504
GVA,ABZ,"12,347",$215.40,861 mi,34,$0.2502
CPH,CFU,"12,344",$195.65,"1,191 mi",34,$0.1643
SVO,JFK,"12,342",$775.37,"4,787 mi",34,$0.1620
DBV,ORK,"12,342",$167.48,"1,357 mi",34,$0.1234
NCE,KIX,"12,342",$800.42,"5,944 mi",34,$0.1347
AMS,OUL,"12,341",$334.25,"1,168 mi",34,$0.2862
ARN,MEL,"12,340","$1,022.92","9,973 mi",34,$0.1026
DUB,SLC,"12,340",$819.60,"4,442 mi",34,$0.1845
MAN,BVC,"12,339",$214.81,"2,887 mi",34,$0.0744
MRS,CUN,"12,338",$334.91,"5,492 mi",34,$0.0610
HEL,CTA,"12,335",$328.39,"1,686 mi",34,$0.1948
LHR,GZT,"12,332",$206.74,"2,035 mi",34,$0.1016
BRU,RZE,"12,331",$274.80,748 mi,34,$0.3674
CPH,SLC,"12,329",$665.98,"5,179 mi",34,$0.1286
CPH,HAU,"12,326",$146.40,366 mi,34,$0.4000
EDI,BNA,"12,326",$476.28,"3,835 mi",34,$0.1242
MXP,SID,"12,321",$249.21,"2,784 mi",34,$0.0895
VIE,DJE,"12,314",$209.73,997 mi,34,$0.2104
LIS,ISB,"12,312",$376.85,"4,561 mi",34,$0.0826
ZRH,IND,"12,310","$1,032.08","4,338 mi",34,$0.2379
SVO,GMP,"12,308",$379.02,"3,976 mi",34,$0.0953
WAW,VRN,"12,306",$74.43,674 mi,34,$0.1104
EDI,JED,"12,300",$302.14,"3,110 mi",34,$0.0972
ZRH,KTM,"12,298",$425.08,"4,367 mi",34,$0.0973
MXP,CGO,"12,288",$285.39,"5,042 mi",34,$0.0566
DUB,MLE,"12,288",$609.26,"5,733 mi",34,$0.1063
AMS,GRZ,"12,286",$215.69,583 mi,34,$0.3700
AMS,CCU,"12,280",$400.10,"4,589 mi",34,$0.0872
MAD,SLC,"12,274",$750.52,"5,406 mi",34,$0.1388
AMS,TUN,"12,253",$235.23,"1,067 mi",34,$0.2205
BHX,STR,"12,244",$216.93,562 mi,34,$0.3860
LHR,FSC,"12,244",$368.59,849 mi,34,$0.4341
LHR,NQZ,"12,242",$929.49,"3,069 mi",34,$0.3029
LHR,VFA,"12,240",$502.99,"4,911 mi",34,$0.1024
PRG,BLR,"12,234",$530.22,"4,220 mi",34,$0.1256
BHX,HAM,"12,227",$211.05,479 mi,33,$0.4406
ARN,KYA,"12,226",$200.17,"1,581 mi",33,$0.1266
MAN,SZX,"12,218",$258.54,"6,133 mi",33,$0.0422
BHX,SYD,"12,216","$1,327.83","10,905 mi",33,$0.1218
CDG,CWB,"12,211",$795.18,"5,872 mi",33,$0.1354
MAD,FLN,"12,207",$672.00,"5,688 mi",33,$0.1181
LYS,CLY,"12,206",$101.95,279 mi,33,$0.3654
MXP,UGC,"12,196",$269.03,"2,490 mi",33,$0.1080
CPH,AKL,"12,187","$1,089.10","10,577 mi",33,$0.1030
VIE,COV,"12,180",$123.40,"1,250 mi",33,$0.0987
BHX,EBL,"12,175",$229.40,"2,394 mi",33,$0.0958
ARN,SKP,"12,164",$151.80,"1,269 mi",33,$0.1196
MRS,IAD,"12,162",$608.50,"4,250 mi",33,$0.1432
CDG,ELU,"12,157",$100.38,"1,060 mi",33,$0.0947
FCO,SEZ,"12,156",$337.36,"4,333 mi",33,$0.0779
ARN,BZR,"12,155",$95.96,"1,245 mi",33,$0.0771
SOF,DUS,"12,147",$169.88,951 mi,33,$0.1786
AMS,SZX,"12,146",$392.57,"5,912 mi",33,$0.0664
GOT,TFS,"12,144",$175.99,"2,402 mi",33,$0.0733
LHR,CTS,"12,142","$1,035.10","5,375 mi",33,$0.1926
BUD,SEA,"12,139",$613.77,"5,319 mi",33,$0.1154
BUD,QSR,"12,138",$30.31,534 mi,33,$0.0568
MAN,ZAD,"12,134",$78.78,990 mi,33,$0.0796
BCN,MCI,"12,130",$575.58,"4,950 mi",33,$0.1163
CDG,PRN,"12,123",$145.64,"1,022 mi",33,$0.1425
FCO,YOW,"12,116",$493.56,"4,302 mi",33,$0.1147
WAW,FLR,"12,116",$217.60,710 mi,33,$0.3065
HEL,KUL,"12,107",$773.25,"5,434 mi",33,$0.1423
STN,IKA,"12,106",$149.84,"2,638 mi",33,$0.0568
VIE,NUE,"12,104",$360.47,260 mi,33,$1.3864
VCE,LHE,"12,090",$172.20,"3,300 mi",33,$0.0522
OTP,POZ,"12,087",$249.53,667 mi,33,$0.3741
LCY,JFK,"12,077","$1,511.75","3,358 mi",33,$0.4502
PRG,CGK,"12,076",$897.46,"6,848 mi",33,$0.1311
AMS,SAT,"12,076",$833.48,"5,297 mi",33,$0.1573
MAD,CUZ,"12,075",$661.70,"5,912 mi",33,$0.1119
GLA,LDY,"12,072",$100.91,125 mi,33,$0.8073
FCO,RSW,"12,072",$743.23,"5,368 mi",33,$0.1385
ORY,LXR,"12,071",$327.65,"2,347 mi",33,$0.1396
LYS,ABJ,"12,066",$505.15,"2,933 mi",33,$0.1722
SOF,YYZ,"12,062",$427.68,"4,665 mi",33,$0.0917
FCO,OMA,"12,049",$494.28,"4,999 mi",33,$0.0989
AGP,VGO,"12,042",$167.69,455 mi,33,$0.3685
SOF,BEG,"12,040",$93.44,207 mi,33,$0.4514
LIS,FLW,"12,035",$109.82,"1,142 mi",33,$0.0962
ORY,SCQ,"12,033",$371.38,636 mi,33,$0.5839
LHR,NGB,"12,024",$472.07,"5,634 mi",33,$0.0838
NAP,DEN,"12,021",$664.31,"5,838 mi",33,$0.1138
BRU,USM,"12,014",$437.16,"6,125 mi",33,$0.0714
LHR,LSI,"12,014",$323.45,564 mi,33,$0.5735
GOT,KEF,"12,007",$164.97,"1,198 mi",33,$0.1377
DBV,PRG,"12,006",$229.10,538 mi,33,$0.4258
AMS,SFT,"12,000",$128.75,998 mi,33,$0.1290
EDI,ZAD,"12,000",$120.66,"1,194 mi",33,$0.1011
GVA,RVN,"12,000",$185.00,"1,625 mi",33,$0.1138
NCE,JNB,"11,987",$833.61,"5,154 mi",33,$0.1617
MAN,ZNZ,"11,985",$468.31,"4,628 mi",33,$0.1012
OSL,ATL,"11,980",$695.04,"4,279 mi",33,$0.1624
MAD,SCU,"11,976",$230.53,"4,550 mi",33,$0.0507
CDG,GDL,"11,972",$545.72,"5,660 mi",33,$0.0964
BCN,BJX,"11,969",$516.69,"5,755 mi",33,$0.0898
VIE,MCO,"11,963",$686.16,"4,966 mi",33,$0.1382
ARN,RJK,"11,962",$102.22,977 mi,33,$0.1046
LHR,TUL,"11,959",$677.53,"4,390 mi",33,$0.1543
ZRH,MAH,"11,958",$162.52,585 mi,33,$0.2778
LCY,CTA,"11,958",$86.16,"1,179 mi",33,$0.0731
LHR,AAL,"11,957",$171.39,551 mi,33,$0.3111
FCO,MTY,"11,957",$542.55,"5,899 mi",33,$0.0920
PRG,DTW,"11,956",$595.95,"4,228 mi",33,$0.1410
CDG,QSF,"11,949",$91.21,871 mi,33,$0.1047
MAN,BGW,"11,944",$230.86,"2,574 mi",33,$0.0897
ZRH,PDX,"11,936",$671.30,"5,521 mi",33,$0.1216
BUD,DTW,"11,936",$588.35,"4,791 mi",33,$0.1228
ATH,NUE,"11,934",$177.63,"1,054 mi",33,$0.1685
VCE,LIM,"11,932",$604.53,"6,580 mi",33,$0.0919
GVA,CUN,"11,930",$405.29,"5,157 mi",33,$0.0786
HEL,HAN,"11,925",$384.87,"4,780 mi",33,$0.0805
OSL,VLC,"11,923",$218.39,"1,561 mi",33,$0.1399
CPH,KTW,"11,920",$60.75,457 mi,33,$0.1329
ARN,ZNZ,"11,914",$314.73,"4,558 mi",33,$0.0691
OTP,HAJ,"11,905",$264.14,953 mi,33,$0.2772
ARN,EVE,"11,900",$140.76,594 mi,33,$0.2370
GLA,IAD,"11,900",$560.29,"3,326 mi",33,$0.1685
OSL,ADB,"11,895",$205.25,"1,617 mi",33,$0.1269
ATH,HAN,"11,890",$417.56,"4,754 mi",33,$0.0878
MAN,TLV,"11,889",$371.22,"2,423 mi",33,$0.1532
CPH,NRN,"11,887",$72.80,397 mi,33,$0.1834
MAN,RNS,"11,887",$89.14,355 mi,33,$0.2511
MRS,BLJ,"11,885",$94.79,550 mi,33,$0.1723
WAW,SVG,"11,884",$159.49,732 mi,33,$0.2179
LCY,GRU,"11,883",$441.55,"6,071 mi",33,$0.0727
CDG,SDQ,"11,882",$346.03,"4,598 mi",33,$0.0753
LIS,MAO,"11,876",$593.77,"4,466 mi",33,$0.1330
WAW,CGK,"11,869",$624.61,"6,179 mi",33,$0.1011
AGP,FLR,"11,868",$324.08,932 mi,33,$0.3477
OSL,MMX,"11,865",$199.06,342 mi,33,$0.5820
LHR,POA,"11,864",$975.31,"6,606 mi",33,$0.1476
ZRH,AMM,"11,861",$305.46,"1,860 mi",32,$0.1642
NCE,ACE,"11,858",$199.02,"1,488 mi",32,$0.1338
AMS,BVC,"11,855",$312.72,"3,007 mi",32,$0.1040
MXP,PKX,"11,853",$291.14,"4,898 mi",32,$0.0594
LHR,HSR,"11,848",$324.07,"4,107 mi",32,$0.0789
VIE,DMM,"11,845",$307.63,"2,399 mi",32,$0.1282
LGW,FNA,"11,842",$179.00,"2,940 mi",32,$0.0609
ARN,NUE,"11,833",$235.12,775 mi,32,$0.3034
MXP,FLN,"11,829",$637.54,"6,393 mi",32,$0.0997
FCO,PUJ,"11,820",$266.19,"5,044 mi",32,$0.0528
BUD,PHX,"11,818",$583.66,"6,268 mi",32,$0.0931
PMI,MLN,"11,817",$195.39,417 mi,32,$0.4686
GLA,NAP,"11,814",$190.93,"1,297 mi",32,$0.1472
LHR,ELP,"11,814",$374.61,"4,994 mi",32,$0.0750
GVA,MCO,"11,811",$633.24,"4,572 mi",32,$0.1385
GLA,YVR,"11,800",$478.96,"4,238 mi",32,$0.1130
ZAG,CAI,"11,799",$235.56,"1,319 mi",32,$0.1786
ARN,KRS,"11,798",$132.75,375 mi,32,$0.3540
MAD,IND,"11,796",$702.46,"4,070 mi",32,$0.1726
VIE,TOS,"11,791",$240.07,"1,538 mi",32,$0.1561
BOD,PRG,"11,788",$166.34,763 mi,32,$0.2180
WAW,KTW,"11,777",$41.75,146 mi,32,$0.2860
VIE,DEN,"11,776",$803.17,"5,537 mi",32,$0.1451
PMI,RIX,"11,773",$192.24,"1,580 mi",32,$0.1217
VKO,MIA,"11,768",$856.24,"5,555 mi",32,$0.1541
GVA,MCT,"11,765",$551.51,"3,368 mi",32,$0.1638
AGP,SKG,"11,753",$247.12,"1,456 mi",32,$0.1697
AMS,BGW,"11,750",$219.49,"2,423 mi",32,$0.0906
NCL,MUC,"11,750",$279.25,715 mi,32,$0.3906
CPH,SHA,"11,749",$618.04,"5,279 mi",32,$0.1171
BCN,CMH,"11,736",$570.06,"4,388 mi",32,$0.1299
MAN,AMD,"11,734",$334.44,"4,467 mi",32,$0.0749
LGW,TIA,"11,725",$35.07,"1,193 mi",32,$0.0294
BHX,ZAD,"11,714",$120.41,"1,000 mi",32,$0.1204
BCN,TRF,"11,713",$147.03,"1,325 mi",32,$0.1110
LYS,MRS,"11,712",$210.28,163 mi,32,$1.2901
HEL,PEK,"11,711",$477.86,"4,037 mi",32,$0.1184
LGW,ZAD,"11,709",$176.80,843 mi,32,$0.2097
EDI,PHX,"11,707",$634.42,"4,833 mi",32,$0.1313
NCE,FLR,"11,698",$158.17,205 mi,32,$0.7716
DUB,YYT,"11,696",$178.86,"1,982 mi",32,$0.0902
BCN,HGH,"11,696",$306.60,"6,307 mi",32,$0.0486
HEL,DPS,"11,685",$443.38,"6,952 mi",32,$0.0638
LHR,LXR,"11,684",$198.21,"2,564 mi",32,$0.0773
CPH,PHL,"11,681",$594.78,"3,818 mi",32,$0.1558
LED,UUD,"11,676",$243.65,"2,785 mi",32,$0.0875
MAD,DMM,"11,676",$891.18,"3,268 mi",32,$0.2727
MXP,BCM,"11,676",$19.58,846 mi,32,$0.0231
ZRH,CMN,"11,663",$229.46,"1,248 mi",32,$0.1839
BHX,PVG,"11,662",$784.31,"5,907 mi",32,$0.1328
BUD,MCO,"11,660",$463.07,"5,410 mi",32,$0.0856
PRG,JNB,"11,656",$511.41,"5,497 mi",32,$0.0930
FCO,MDE,"11,654",$435.69,"5,640 mi",32,$0.0773
FCO,AYT,"11,651",$134.45,"1,014 mi",32,$0.1326
ZRH,SID,"11,650",$288.98,"2,858 mi",32,$0.1011
VKO,GOI,"11,649",$158.14,"3,486 mi",32,$0.0454
CPH,JTR,"11,644",$210.61,"1,414 mi",32,$0.1489
LYS,BSK,"11,641",$103.64,779 mi,32,$0.1330
AMS,COK,"11,638",$363.49,"4,744 mi",32,$0.0766
CPH,SJO,"11,631",$503.42,"5,737 mi",32,$0.0877
MAD,FOR,"11,628",$536.07,"3,660 mi",32,$0.1465
ATH,BES,"11,627",$261.55,"1,638 mi",32,$0.1597
MAN,YUL,"11,623",$567.61,"3,027 mi",32,$0.1875
ZRH,ZTH,"11,616",$121.89,889 mi,32,$0.1371
VCE,JNB,"11,610",$544.89,"4,898 mi",32,$0.1112
LHR,PNS,"11,610",$601.80,"4,336 mi",32,$0.1388
AMS,DAC,"11,609",$682.89,"4,608 mi",32,$0.1482
WAW,TRN,"11,605",$125.92,796 mi,32,$0.1582
MAN,KTM,"11,601",$475.88,"4,474 mi",32,$0.1064
NAP,MCO,"11,594",$626.48,"5,074 mi",32,$0.1235
GLA,SYD,"11,579","$1,409.24","10,845 mi",32,$0.1299
AMS,TGD,"11,579",$167.95,933 mi,32,$0.1800
EDI,CPT,"11,573",$820.83,"6,536 mi",32,$0.1256
EDI,PIS,"11,572",$93.83,646 mi,32,$0.1452
CPH,DAC,"11,569",$460.24,"4,268 mi",32,$0.1078
ORY,LIM,"11,567",$604.89,"6,563 mi",32,$0.0922
SOF,LAX,"11,561",$612.05,"6,418 mi",32,$0.0954
CPH,BIA,"11,551",$209.06,887 mi,32,$0.2357
BUD,DOH,"11,547",$286.31,"2,404 mi",32,$0.1191
LHR,OGG,"11,540","$1,238.34","7,445 mi",32,$0.1663
LHR,LGK,"11,538",$746.39,"6,499 mi",32,$0.1148
AMS,GUA,"11,534",$399.26,"5,474 mi",32,$0.0729
CDG,POA,"11,531",$674.40,"6,572 mi",32,$0.1026
ORY,NKC,"11,526",$207.70,"2,408 mi",32,$0.0863
VCE,ACC,"11,521",$362.12,"2,944 mi",32,$0.1230
LIS,YHZ,"11,512",$307.57,"2,861 mi",32,$0.1075
ARN,SDL,"11,510",$101.18,205 mi,32,$0.4936
MXP,HYD,"11,510",$446.72,"4,268 mi",32,$0.1047
OSL,CAI,"11,510",$257.86,"2,212 mi",32,$0.1166
AMS,VBY,"11,507",$156.62,671 mi,32,$0.2334
STN,ZPE,"11,507",$122.88,343 mi,32,$0.3583
EDI,RDU,"11,500",$534.36,"3,782 mi",32,$0.1413
CDG,TLM,"11,498",$124.11,"1,018 mi",32,$0.1219
DME,ICN,"11,490",$465.44,"3,966 mi",31,$0.1174
BRU,SCL,"11,488",$928.88,"7,174 mi",31,$0.1295
LHR,BDQ,"11,487",$304.43,"4,460 mi",31,$0.0683
ZRH,STR,"11,487",$123.55,93 mi,31,$1.3285
BRU,VAR,"11,486",$230.98,"1,177 mi",31,$0.1962
SOF,ZAD,"11,484",$60.50,404 mi,31,$0.1498
BOD,CFU,"11,475",$154.65,"1,079 mi",31,$0.1433
DBV,BOS,"11,472",$547.06,"4,185 mi",31,$0.1307
GOT,CRL,"11,471",$57.32,607 mi,31,$0.0944
PRG,IAH,"11,470",$824.73,"5,270 mi",31,$0.1565
NAP,RIX,"11,468",$268.14,"1,225 mi",31,$0.2189
ATH,SKU,"11,463",$47.86,79 mi,31,$0.6058
HEL,TRD,"11,456",$160.74,520 mi,31,$0.3091
PRG,JTR,"11,453",$121.64,"1,066 mi",31,$0.1141
LHR,BZN,"11,452","$1,204.60","4,695 mi",31,$0.2566
NAP,XRJ,"11,449",$75.16,113 mi,31,$0.6651
GLA,MRU,"11,444",$473.74,"6,581 mi",31,$0.0720
FCO,RVN,"11,440",$287.83,"1,734 mi",31,$0.1660
MAD,HRG,"11,438",$176.66,"2,381 mi",31,$0.0742
MXP,REC,"11,437",$527.21,"4,728 mi",31,$0.1115
GOT,IKA,"11,428",$315.08,"2,419 mi",31,$0.1303
LHR,NAV,"11,423",$237.77,"1,951 mi",31,$0.1219
ATH,ISB,"11,420",$221.47,"2,809 mi",31,$0.0788
MAN,PDV,"11,419",$78.43,"1,513 mi",31,$0.0518
CDG,CNF,"11,415",$772.67,"5,370 mi",31,$0.1439
HEL,GRU,"11,414",$974.04,"7,229 mi",31,$0.1347
MAD,PIT,"11,414",$634.35,"3,772 mi",31,$0.1682
BHX,PGF,"11,413",$53.12,725 mi,31,$0.0733
LHR,PUS,"11,411","$1,058.57","5,883 mi",31,$0.1799
GOT,OPO,"11,409",$170.21,"1,506 mi",31,$0.1130
GVA,LIM,"11,409",$886.65,"6,693 mi",31,$0.1325
MAN,YYC,"11,409",$433.60,"4,084 mi",31,$0.1062
GOT,BLR,"11,405",$625.58,"4,412 mi",31,$0.1418
STN,ASR,"11,385",$186.88,"1,969 mi",31,$0.0949
LHR,UME,"11,376",$166.83,"1,101 mi",31,$0.1515
PRG,MEL,"11,365","$1,180.22","10,179 mi",31,$0.1159
MAD,DAC,"11,363",$517.68,"5,524 mi",31,$0.0937
ZRH,DWC,"11,362",$352.29,"3,059 mi",31,$0.1152
NCE,FEZ,"11,360",$84.58,910 mi,31,$0.0929
BOD,GLA,"11,359",$93.36,803 mi,31,$0.1163
BRU,TFN,"11,357",$148.65,"1,833 mi",31,$0.0811
MXP,MSP,"11,354",$783.27,"4,718 mi",31,$0.1660
LGW,HAV,"11,346",$305.45,"4,525 mi",31,$0.0675
GLA,PVG,"11,346",$891.40,"5,476 mi",31,$0.1628
ARN,LJU,"11,342",$185.94,911 mi,31,$0.2041
WAW,ALA,"11,340",$343.35,"2,527 mi",31,$0.1359
CDG,SBH,"11,335",$891.85,"4,307 mi",31,$0.2071
MAN,ACC,"11,331",$348.18,"3,400 mi",31,$0.1024
NCE,TRD,"11,330",$203.63,"1,416 mi",31,$0.1438
BCN,HRG,"11,317",$179.54,"2,102 mi",31,$0.0854
DME,CMB,"11,315",$308.09,"3,925 mi",31,$0.0785
OSL,HRG,"11,311",$154.39,"2,595 mi",31,$0.0595
AGP,SIN,"11,301",$964.54,"7,393 mi",31,$0.1305
CDG,BIA,"11,299",$214.00,540 mi,31,$0.3963
LYS,ZNZ,"11,296",$331.68,"4,285 mi",31,$0.0774
OTP,EWR,"11,295",$551.99,"4,898 mi",31,$0.1127
CDG,ORF,"11,294",$735.42,"3,770 mi",31,$0.1951
MAN,MSP,"11,294",$710.63,"3,753 mi",31,$0.1893
CDG,GUA,"11,292",$625.30,"5,430 mi",31,$0.1152
AGP,GRU,"11,291",$698.11,"4,823 mi",31,$0.1447
OTP,ABZ,"11,291",$492.27,"1,538 mi",31,$0.3201
VCE,PIT,"11,286",$631.16,"4,551 mi",31,$0.1387
AMS,LPI,"11,281",$318.43,577 mi,31,$0.5519
BHX,MEL,"11,280","$1,271.21","10,222 mi",31,$0.1244
AMS,PBI,"11,279",$965.24,"4,434 mi",31,$0.2177
DUB,YEG,"11,272",$302.58,"3,851 mi",31,$0.0786
CDG,ASR,"11,267",$167.86,"1,716 mi",31,$0.0978
LGW,VKO,"11,262",$652.17,"1,507 mi",31,$0.4328
MXP,RDU,"11,261",$918.80,"4,531 mi",31,$0.2028
BUD,SKP,"11,260",$98.27,408 mi,31,$0.2409
LYS,SGN,"11,256",$369.87,"6,418 mi",31,$0.0576
ZRH,CAN,"11,254",$441.99,"5,855 mi",31,$0.0755
AGP,NRT,"11,247",$558.77,"7,156 mi",31,$0.0781
AMS,BES,"11,246",$301.79,499 mi,31,$0.6048
ORY,BOG,"11,243",$360.38,"5,200 mi",31,$0.0693
HEL,ZAD,"11,241",$119.07,"1,225 mi",31,$0.0972
ATH,IKA,"11,241",$332.12,"1,557 mi",31,$0.2133
LHR,ABJ,"11,241",$876.64,"3,103 mi",31,$0.2825
ATH,BLL,"11,237",$212.67,"1,450 mi",31,$0.1467
PRG,MSP,"11,233",$502.64,"4,705 mi",31,$0.1068
NTE,VIE,"11,233",$301.85,822 mi,31,$0.3672
VCE,SKG,"11,232",$210.49,618 mi,31,$0.3406
ATH,FLL,"11,228",$680.29,"6,006 mi",31,$0.1133
BHX,CMF,"11,227",$24.52,566 mi,31,$0.0433
BHX,GRZ,"11,226",$221.54,879 mi,31,$0.2520
GLA,BOM,"11,224",$848.09,"4,783 mi",31,$0.1773
AMS,BOO,"11,223",$164.89,"1,051 mi",31,$0.1569
ZRH,NUE,"11,219",$350.81,177 mi,31,$1.9820
EDI,DTW,"11,214",$573.95,"3,632 mi",31,$0.1580
NAP,EZE,"11,201",$697.23,"7,186 mi",31,$0.0970
OTP,LJU,"11,198",$210.62,559 mi,31,$0.3768
ORY,PDL,"11,193",$109.93,"1,543 mi",31,$0.0712
NCE,DOH,"11,187",$733.69,"2,871 mi",31,$0.2556
AGP,DPS,"11,185",$521.64,"7,968 mi",31,$0.0655
MXP,WMI,"11,184",$84.96,736 mi,31,$0.1154
MXP,NCE,"11,184",$184.61,150 mi,31,$1.2307
MXP,IVL,"11,183",$302.43,"1,667 mi",31,$0.1814
LHR,SHJ,"11,182",$223.87,"3,522 mi",31,$0.0636
DME,KVK,"11,178",$197.54,826 mi,31,$0.2392
VCE,TPE,"11,174",$762.71,"6,009 mi",31,$0.1269
ARN,BSL,"11,168",$188.84,905 mi,31,$0.2087
SOF,VNO,"11,158",$187.37,854 mi,31,$0.2194
ARN,BOG,"11,154",$546.30,"5,830 mi",31,$0.0937
LIS,JED,"11,154",$424.05,"2,982 mi",31,$0.1422
ATH,GOA,"11,153",$181.23,929 mi,31,$0.1951
WAW,YUL,"11,153",$507.50,"3,896 mi",31,$0.1303
BCN,LEJ,"11,139",$206.33,824 mi,31,$0.2504
BCN,ADL,"11,134","$1,110.39","9,752 mi",31,$0.1139
GVA,MXP,"11,133",$252.26,136 mi,31,$1.8549
ORY,BLJ,"11,131",$77.87,946 mi,30,$0.0823
MXP,AUS,"11,126",$836.05,"5,630 mi",30,$0.1485
LYS,BOS,"11,123",$700.08,"3,529 mi",30,$0.1984
CPH,ALF,"11,119",$145.37,"1,075 mi",30,$0.1352
BRU,LCG,"11,118",$251.93,775 mi,30,$0.3251
LHR,YLW,"11,118",$474.49,"4,704 mi",30,$0.1009
MAN,DTW,"11,118",$865.99,"3,742 mi",30,$0.2314
BUD,JSI,"11,116",$96.46,591 mi,30,$0.1632
ZRH,CLJ,"11,109",$183.17,733 mi,30,$0.2499
CDG,NQZ,"11,104",$445.83,"2,860 mi",30,$0.1559
AMS,ALA,"11,100",$355.00,"3,168 mi",30,$0.1121
LHR,KMG,"11,099",$239.34,"5,254 mi",30,$0.0456
BUD,ACE,"11,094",$137.48,"2,104 mi",30,$0.0653
EDI,TPA,"11,094",$569.65,"4,356 mi",30,$0.1308
NCE,BLR,"11,087",$765.25,"4,759 mi",30,$0.1608
BOD,VIE,"11,085",$258.08,826 mi,30,$0.3124
ATH,CMH,"11,081",$678.67,"5,179 mi",30,$0.1310
PRG,CLT,"11,071",$532.61,"4,749 mi",30,$0.1122
BRU,XRY,"11,067",$213.84,"1,075 mi",30,$0.1989
ZRH,HAV,"11,063",$305.45,"5,258 mi",30,$0.0581
NCL,VIE,"11,061",$199.95,888 mi,30,$0.2252
ZAG,EWR,"11,061",$458.05,"4,176 mi",30,$0.1097
MRS,MNL,"11,054",$538.12,"6,547 mi",30,$0.0822
LHR,WRO,"11,051",$204.29,726 mi,30,$0.2814
NAP,DFW,"11,051",$770.33,"5,896 mi",30,$0.1307
FCO,ESB,"11,048",$214.58,"1,119 mi",30,$0.1918
DUB,GNB,"11,042",$85.57,738 mi,30,$0.1159
BOD,BKK,"11,040",$496.67,"6,283 mi",30,$0.0790
OSL,VRN,"11,039",$165.12,"1,053 mi",30,$0.1568
ARN,BOJ,"11,038",$160.86,"1,285 mi",30,$0.1252
MAN,TRD,"11,034",$176.38,817 mi,30,$0.2159
ORY,TNR,"11,034",$368.30,"5,263 mi",30,$0.0700
LHR,KRN,"11,031",$161.70,"1,288 mi",30,$0.1255
BCN,AGA,"11,030",$83.25,"1,023 mi",30,$0.0814
VIE,BEY,"11,026",$274.42,"1,430 mi",30,$0.1919
VIE,COK,"11,026",$261.07,"4,189 mi",30,$0.0623
AGP,UME,"11,021",$174.21,"2,204 mi",30,$0.0790
BHX,DAC,"11,013",$792.77,"4,863 mi",30,$0.1630
LHR,MSN,"11,013",$736.24,"4,060 mi",30,$0.1813
BCN,RHO,"11,004",$241.97,"1,477 mi",30,$0.1638
ARN,HAN,"11,002",$420.96,"5,035 mi",30,$0.0836
LCY,BRI,"11,002",$85.72,"1,099 mi",30,$0.0780
NAP,EVN,"10,996",$150.99,"1,621 mi",30,$0.0931
DME,HAN,"10,996",$729.91,"4,284 mi",30,$0.1704
CPH,TPA,"10,991",$506.38,"4,981 mi",30,$0.1017
VCE,PEK,"10,991",$489.56,"4,751 mi",30,$0.1030
OSL,CFU,"10,986",$167.57,"1,517 mi",30,$0.1105
EDI,HRG,"10,983",$92.39,"2,625 mi",30,$0.0352
LHR,POZ,"10,979",$192.39,715 mi,30,$0.2691
AGP,LGG,"10,979",$173.37,"1,115 mi",30,$0.1555
OSL,NRT,"10,977",$598.00,"5,367 mi",30,$0.1114
ARN,AAR,"10,976",$151.50,364 mi,30,$0.4162
LHR,PNQ,"10,973",$744.70,"4,690 mi",30,$0.1588
FCO,ORF,"10,968",$551.06,"4,654 mi",30,$0.1184
PMI,ANR,"10,965",$88.73,784 mi,30,$0.1132
BUD,TPA,"10,962",$502.40,"5,486 mi",30,$0.0916
LIS,LJU,"10,958",$262.14,"1,262 mi",30,$0.2077
PMI,FNC,"10,953",$174.09,"1,221 mi",30,$0.1426
MRS,FUE,"10,943",$176.44,"1,436 mi",30,$0.1229
DBV,YYZ,"10,942",$396.24,"4,753 mi",30,$0.0834
VCE,BOG,"10,934",$472.48,"5,642 mi",30,$0.0837
BHX,DPS,"10,933",$559.92,"7,583 mi",30,$0.0738
CPH,OSD,"10,932",$97.67,543 mi,30,$0.1799
DUB,JED,"10,931",$339.30,"3,326 mi",30,$0.1020
PRG,CUN,"10,930",$621.54,"5,416 mi",30,$0.1148
GLA,ZRH,"10,927",$263.98,826 mi,30,$0.3196
MXP,MIR,"10,924",$136.62,669 mi,30,$0.2042
CDG,BGW,"10,923",$499.84,"2,315 mi",30,$0.2159
CPH,RUH,"10,923",$699.47,"2,806 mi",30,$0.2493
AMS,RAI,"10,921",$166.09,"2,921 mi",30,$0.0569
VIE,GRZ,"10,917",$114.20,91 mi,30,$1.2549
BGY,BLL,"10,915",$62.07,717 mi,30,$0.0866
BUD,PKX,"10,913",$124.99,"4,437 mi",30,$0.0282
ORY,FOR,"10,911",$482.66,"4,510 mi",30,$0.1070
VIE,POZ,"10,906",$196.37,289 mi,30,$0.6795
MAD,YYC,"10,899",$584.91,"4,997 mi",30,$0.1171
EDI,GNB,"10,898",$143.78,798 mi,30,$0.1802
PMI,DSS,"10,897",$363.93,"2,033 mi",30,$0.1790
BGY,MLE,"10,896",$236.47,"4,619 mi",30,$0.0512
MAD,GYN,"10,895",$614.98,"5,061 mi",30,$0.1215
VKO,MMK,"10,893",$107.75,894 mi,30,$0.1205
GOT,WRO,"10,892",$171.64,474 mi,30,$0.3621
LCY,PMO,"10,888",$91.10,"1,083 mi",30,$0.0841
AMS,JAX,"10,887",$730.85,"4,307 mi",30,$0.1697
MRS,FNC,"10,884",$110.15,"1,443 mi",30,$0.0763
LHR,CTG,"10,878",$832.85,"5,163 mi",30,$0.1613
BCN,TRD,"10,874",$235.47,"1,619 mi",30,$0.1454
FCO,PTY,"10,862",$558.99,"6,061 mi",30,$0.0922
LYS,SIN,"10,858",$863.35,"6,382 mi",30,$0.1353
PMI,MVD,"10,856",$458.83,"6,168 mi",30,$0.0744
LYS,PUF,"10,852",$293.40,306 mi,30,$0.9588
MAD,ABJ,"10,851",$490.11,"2,507 mi",30,$0.1955
ATH,MSY,"10,850",$759.95,"5,927 mi",30,$0.1282
BCN,GRZ,"10,844",$235.30,746 mi,30,$0.3154
FCO,CHS,"10,835",$747.02,"4,711 mi",30,$0.1586
LIS,LHE,"10,833",$430.32,"4,443 mi",30,$0.0969
BUD,BNE,"10,829","$1,112.23","9,893 mi",30,$0.1124
BRU,JRO,"10,828",$366.64,"4,345 mi",30,$0.0844
ATH,VAR,"10,827",$197.20,406 mi,30,$0.4857
CPH,CUN,"10,822",$384.12,"5,223 mi",30,$0.0735
VCE,LPA,"10,822",$198.78,"1,883 mi",30,$0.1056
AMS,RZE,"10,821",$235.92,737 mi,30,$0.3201
MAD,BKO,"10,819",$173.22,"2,008 mi",30,$0.0863
LYS,ORD,"10,808",$665.66,"4,231 mi",30,$0.1573
PMI,LLA,"10,808",$163.29,"2,012 mi",30,$0.0812
BCN,TTU,"10,802",$63.15,579 mi,30,$0.1091
BCN,AKL,"10,801","$1,310.71","11,588 mi",30,$0.1131
BCN,BBU,"10,798",$98.10,"1,194 mi",30,$0.0822
FCO,BLL,"10,797",$213.27,944 mi,30,$0.2259
FCO,AAL,"10,793",$187.22,"1,030 mi",30,$0.1818
LGW,FOC,"10,793",$250.35,"6,160 mi",30,$0.0406
LIS,SPU,"10,792",$271.76,"1,398 mi",30,$0.1944
CPH,SFJ,"10,790",$200.39,"2,194 mi",30,$0.0913
LHR,AES,"10,789",$201.00,828 mi,30,$0.2428
FCO,SVO,"10,788",$528.39,"1,446 mi",30,$0.3654
ORY,LLA,"10,787",$119.80,"1,324 mi",30,$0.0905
AMS,YOW,"10,777",$529.10,"3,394 mi",30,$0.1559
LHR,BUQ,"10,776",$371.89,"5,401 mi",30,$0.0689
VIE,DTW,"10,772",$851.86,"4,389 mi",30,$0.1941
VKO,COV,"10,772",$217.94,"1,335 mi",30,$0.1633
FCO,XMN,"10,770",$299.08,"6,032 mi",30,$0.0496
ATH,DPS,"10,766",$583.04,"6,855 mi",29,$0.0851
ATH,LIN,"10,764",$178.82,942 mi,29,$0.1898
FCO,FUK,"10,764","$1,097.41","5,742 mi",29,$0.1911
CDG,DME,"10,750",$915.77,"1,496 mi",29,$0.6121
ZRH,SLC,"10,746",$900.66,"5,494 mi",29,$0.1639
NCL,DEL,"10,741",$445.17,"4,318 mi",29,$0.1031
SVO,DMM,"10,740",$167.71,"2,066 mi",29,$0.0812
GOT,SVG,"10,739",$187.29,263 mi,29,$0.7121
ARN,MHQ,"10,736",$109.42,74 mi,29,$1.4786
DUB,CVG,"10,726",$651.55,"3,786 mi",29,$0.1721
SVO,TIV,"10,723",$713.95,"1,291 mi",29,$0.5530
FCO,ABZ,"10,717",$305.56,"1,203 mi",29,$0.2540
VCE,CUN,"10,713",$329.10,"5,786 mi",29,$0.0569
ARN,LAS,"10,710",$477.07,"5,461 mi",29,$0.0874
VCE,LOS,"10,706",$204.91,"2,661 mi",29,$0.0770
EDI,EIN,"10,705",$62.74,487 mi,29,$0.1288
CDG,BJV,"10,695",$333.08,"1,539 mi",29,$0.2164
ZAG,MEL,"10,694",$938.43,"9,490 mi",29,$0.0989
PMI,LCA,"10,691",$269.91,"1,773 mi",29,$0.1522
STN,OVD,"10,691",$54.12,625 mi,29,$0.0866
CDG,DAR,"10,687",$551.52,"4,584 mi",29,$0.1203
BRU,SVG,"10,686",$186.12,570 mi,29,$0.3265
DUB,CMH,"10,683",$633.70,"3,669 mi",29,$0.1727
CDG,AEP,"10,680",$586.79,"6,672 mi",29,$0.0879
MXP,SVG,"10,677",$227.34,952 mi,29,$0.2388
WAW,CPT,"10,675",$618.03,"6,131 mi",29,$0.1008
BRU,TAS,"10,671",$308.67,"3,164 mi",29,$0.0976
SOF,JSI,"10,671",$37.69,236 mi,29,$0.1597
NCE,CUN,"10,664",$384.59,"5,259 mi",29,$0.0731
VIE,HAV,"10,660",$391.09,"5,605 mi",29,$0.0698
ATH,KUL,"10,658",$438.41,"5,599 mi",29,$0.0783
DBV,LIL,"10,642",$267.15,933 mi,29,$0.2863
CPH,TIV,"10,637",$171.27,924 mi,29,$0.1854
GVA,SCL,"10,630","$1,079.09","7,067 mi",29,$0.1527
NCL,PER,"10,622","$1,053.68","8,796 mi",29,$0.1198
SVO,FOC,"10,619",$281.72,"4,323 mi",29,$0.0652
AMS,SDQ,"10,617",$459.62,"4,427 mi",29,$0.1038
NCE,IAH,"10,613","$1,112.26","5,547 mi",29,$0.2005
CPH,CAN,"10,612",$332.37,"5,451 mi",29,$0.0610
MAD,ESB,"10,611",$235.14,"1,969 mi",29,$0.1194
CDG,LLA,"10,609",$209.87,"1,384 mi",29,$0.1516
LHR,GSP,"10,606",$716.58,"3,928 mi",29,$0.1824
BRU,KTM,"10,602",$418.38,"4,243 mi",29,$0.0986
WAW,GRU,"10,602",$863.38,"6,409 mi",29,$0.1347
BCN,CBB,"10,602",$591.73,"5,771 mi",29,$0.1025
MAN,FLR,"10,596",$288.62,873 mi,29,$0.3306
VCE,RUH,"10,596",$596.28,"2,302 mi",29,$0.2590
BCN,GUA,"10,591",$663.46,"5,519 mi",29,$0.1202
LYS,GRU,"10,591",$818.75,"5,595 mi",29,$0.1463
LED,GME,"10,590",$147.98,489 mi,29,$0.3026
ARN,HMV,"10,588",$119.34,447 mi,29,$0.2670
EDI,FAE,"10,584",$206.37,432 mi,29,$0.4777
BHX,NBO,"10,583",$434.45,"4,468 mi",29,$0.0972
CDG,CGO,"10,581",$460.63,"5,452 mi",29,$0.0845
ZRH,BRS,"10,578",$152.73,590 mi,29,$0.2589
GLA,BRR,"10,573",$148.69,144 mi,29,$1.0326
ARN,MGQ,"10,566",$272.90,"4,115 mi",29,$0.0663
GOT,HND,"10,563",$975.35,"5,473 mi",29,$0.1782
LED,CAN,"10,562",$293.67,"4,455 mi",29,$0.0659
PMI,ORD,"10,560",$903.62,"4,640 mi",29,$0.1947
SOF,ICN,"10,558",$534.31,"4,938 mi",29,$0.1082
BHX,JNB,"10,550",$481.30,"5,896 mi",29,$0.0816
NCE,MNL,"10,543",$639.98,"6,453 mi",29,$0.0992
CPH,SFT,"10,536",$115.65,664 mi,29,$0.1742
BHX,BNE,"10,536","$1,289.52","10,582 mi",29,$0.1219
CPH,SAN,"10,535",$659.23,"5,484 mi",29,$0.1202
WAW,SEA,"10,530",$783.86,"5,378 mi",29,$0.1458
NCE,SUF,"10,527",$80.31,589 mi,29,$0.1363
ZAG,LAX,"10,525",$573.80,"6,054 mi",29,$0.0948
DUB,FLR,"10,517",$262.07,"1,002 mi",29,$0.2615
BCN,FLL,"10,512",$499.87,"4,810 mi",29,$0.1039
MAN,DMM,"10,511",$497.81,"3,128 mi",29,$0.1591
LHR,SJD,"10,509",$847.03,"5,575 mi",29,$0.1519
BUD,KWI,"10,506",$206.80,"2,040 mi",29,$0.1014
CDG,VGO,"10,496",$234.86,692 mi,29,$0.3394
HEL,VAA,"10,494",$80.84,210 mi,29,$0.3850
NTE,JFK,"10,492",$493.78,"3,387 mi",29,$0.1458
FCO,ASU,"10,491",$626.89,"6,227 mi",29,$0.1007
DBV,LIS,"10,479",$251.66,"1,409 mi",29,$0.1786
LIS,GDN,"10,477",$246.76,"1,628 mi",29,$0.1516
GVA,ZNZ,"10,476",$469.18,"4,281 mi",29,$0.1096
BCN,CTG,"10,474",$668.06,"4,948 mi",29,$0.1350
BUD,YVR,"10,468",$543.51,"5,554 mi",29,$0.0979
AMS,WUH,"10,466",$279.94,"5,458 mi",29,$0.0513
HEL,BIO,"10,461",$381.49,"1,600 mi",29,$0.2384
MAD,AKL,"10,460","$1,092.70","11,815 mi",29,$0.0925
FCO,YHZ,"10,453",$387.65,"3,779 mi",29,$0.1026
LED,PKC,"10,451",$319.74,"3,997 mi",29,$0.0800
MXP,BNA,"10,450",$850.93,"4,583 mi",29,$0.1857
CPH,GIG,"10,449",$751.47,"6,520 mi",29,$0.1153
BCN,DRS,"10,448",$166.28,852 mi,29,$0.1952
AMS,MBA,"10,447",$304.40,"4,524 mi",29,$0.0673
MXP,AEP,"10,446",$653.96,"7,150 mi",29,$0.0915
ARN,AGA,"10,444",$121.30,"2,318 mi",29,$0.0523
LIS,HKT,"10,444",$477.41,"6,990 mi",29,$0.0683
ATH,BRE,"10,442",$240.67,"1,309 mi",29,$0.1839
MAN,NUE,"10,439",$211.56,613 mi,29,$0.3451
VCE,SCL,"10,437",$855.16,"7,745 mi",29,$0.1104
ZRH,BEY,"10,437",$247.32,"1,633 mi",29,$0.1515
MAN,TLL,"10,436",$200.28,"1,141 mi",29,$0.1755
LGW,CCU,"10,434",$487.05,"5,104 mi",29,$0.0954
MAD,ADL,"10,433","$1,363.84","10,036 mi",29,$0.1359
ZAG,KGS,"10,428",$58.57,816 mi,29,$0.0718
CPH,GLA,"10,419",$269.27,683 mi,29,$0.3942
BUD,LED,"10,413",$449.65,992 mi,29,$0.4533
CDG,JER,"10,409",$370.58,221 mi,29,$1.6768
FCO,CKG,"10,408",$259.43,"4,939 mi",29,$0.0525
AGP,HND,"10,404",$864.88,"7,153 mi",29,$0.1209
VIE,RJK,"10,403",$41.99,214 mi,29,$0.1962
VCE,BOM,"10,400",$549.63,"3,753 mi",28,$0.1465
VKO,NUX,"10,396",$132.94,"1,429 mi",28,$0.0930
FCO,GUA,"10,395",$545.85,"5,999 mi",28,$0.0910
AGP,LCA,"10,395",$385.32,"2,063 mi",28,$0.1868
MXP,XMN,"10,394",$474.06,"6,055 mi",28,$0.0783
AMS,SMF,"10,383",$713.70,"5,212 mi",28,$0.1369
GVA,SEZ,"10,382",$611.30,"4,773 mi",28,$0.1281
AMS,EXT,"10,381",$272.01,357 mi,28,$0.7619
NCE,KUL,"10,379",$538.20,"6,501 mi",28,$0.0828
BUD,PHL,"10,378",$501.00,"4,318 mi",28,$0.1160
CDG,KRS,"10,377",$177.04,654 mi,28,$0.2707
PRG,DOH,"10,374",$337.91,"2,700 mi",28,$0.1252
MXP,MVD,"10,368",$642.99,"6,663 mi",28,$0.0965
DME,KUL,"10,367",$467.98,"4,903 mi",28,$0.0954
OSL,CPT,"10,362",$490.16,"6,715 mi",28,$0.0730
BRU,STR,"10,359",$224.86,253 mi,28,$0.8888
LGW,CKG,"10,359",$243.05,"5,147 mi",28,$0.0472
CPH,TBS,"10,353",$163.80,"1,789 mi",28,$0.0916
CDG,RNS,"10,352",$102.93,212 mi,28,$0.4855
ARN,TAS,"10,348",$241.26,"2,431 mi",28,$0.0992
ORY,VKO,"10,343",$302.24,"1,580 mi",28,$0.1913
CPH,SPX,"10,340",$93.98,"1,918 mi",28,$0.0490
FCO,PBI,"10,338",$778.63,"5,281 mi",28,$0.1474
AGP,BOM,"10,327",$500.33,"4,899 mi",28,$0.1021
MXP,DJE,"10,320",$188.69,794 mi,28,$0.2376
ZAG,SYD,"10,318",$942.07,"9,657 mi",28,$0.0976
CDG,ABQ,"10,310",$775.55,"5,345 mi",28,$0.1451
VIE,CMN,"10,308",$265.46,"1,660 mi",28,$0.1599
LYS,VKO,"10,307",$602.74,"1,593 mi",28,$0.3784
OSL,JED,"10,307",$257.66,"2,899 mi",28,$0.0889
VCE,KUL,"10,306",$433.24,"5,870 mi",28,$0.0738
MRS,ABJ,"10,303",$632.14,"2,615 mi",28,$0.2417
MAD,SKP,"10,292",$187.48,"1,269 mi",28,$0.1477
CDG,EBL,"10,281",$351.08,"2,182 mi",28,$0.1609
STN,RJK,"10,280",$96.02,775 mi,28,$0.1239
OTP,EVN,"10,275",$162.76,951 mi,28,$0.1711
AMS,OSD,"10,265",$152.03,806 mi,28,$0.1886
LYS,IBZ,"10,263",$118.25,495 mi,28,$0.2389
DBV,RIX,"10,263",$150.85,993 mi,28,$0.1519
LIS,LOS,"10,263",$451.42,"2,285 mi",28,$0.1976
ZRH,CCU,"10,261",$382.30,"4,757 mi",28,$0.0804
VKO,DEL,"10,260",$186.69,"2,623 mi",28,$0.0712
LGW,IKA,"10,257",$225.36,"2,653 mi",28,$0.0849
MAD,MSY,"10,256",$592.57,"4,891 mi",28,$0.1212
GOT,VBY,"10,255",$157.82,231 mi,28,$0.6832
LHR,ALB,"10,253",$770.22,"3,252 mi",28,$0.2368
AGP,DSS,"10,252",$150.59,"1,757 mi",28,$0.0857
MAD,MCT,"10,251",$651.90,"3,614 mi",28,$0.1804
PRG,LJU,"10,250",$259.74,276 mi,28,$0.9411
NCE,MEX,"10,243",$950.22,"5,884 mi",28,$0.1615
MRS,WAW,"10,243",$239.53,916 mi,28,$0.2615
BCN,BKO,"10,237",$180.04,"2,140 mi",28,$0.0841
BOD,CLY,"10,237",$127.19,486 mi,28,$0.2617
OSL,VDS,"10,237",$267.31,891 mi,28,$0.3000
EDI,AKL,"10,233","$1,360.65","11,459 mi",28,$0.1187
VKO,NVI,"10,228",$59.84,"1,709 mi",28,$0.0350
CDG,KMG,"10,227",$334.57,"5,529 mi",28,$0.0605
GVA,CAN,"10,226",$427.28,"5,650 mi",28,$0.0756
EDI,IOM,"10,224",$204.04,134 mi,28,$1.5227
OTP,IBZ,"10,221",$275.57,"1,289 mi",28,$0.2138
LIS,PDX,"10,220",$621.72,"5,140 mi",28,$0.1210
ZRH,ORK,"10,217",$391.89,843 mi,28,$0.4649
OSL,JTR,"10,214",$222.49,"1,816 mi",28,$0.1225
MAD,AXM,"10,210",$492.14,"4,933 mi",28,$0.0998
STN,BKK,"10,210",$462.31,"5,737 mi",28,$0.0806
HEL,LUX,"10,207",$304.22,"1,010 mi",28,$0.3012
NCE,PEK,"10,206",$904.28,"5,328 mi",28,$0.1697
BRU,LOS,"10,204",$446.49,"3,155 mi",28,$0.1415
BCN,SKT,"10,201",$248.39,"4,042 mi",28,$0.0615
ZRH,FOR,"10,193",$613.85,"4,406 mi",28,$0.1393
ZRH,IKA,"10,191",$192.14,"2,254 mi",28,$0.0852
LGW,TPE,"10,179",$404.45,"5,901 mi",28,$0.0685
NCE,FAO,"10,179",$124.81,892 mi,28,$0.1399
PMI,SFO,"10,174",$883.55,"6,253 mi",28,$0.1413
LHR,SJJ,"10,171",$212.41,"1,049 mi",28,$0.2025
OTP,CGN,"10,170",$159.84,"1,008 mi",28,$0.1586
CPH,TUN,"10,170",$184.01,"1,263 mi",28,$0.1457
ARN,BOD,"10,169",$278.69,"1,245 mi",28,$0.2238
BUD,TBS,"10,169",$262.23,"1,360 mi",28,$0.1928
MXP,FAO,"10,163",$92.06,"1,078 mi",28,$0.0854
MAN,GRU,"10,156",$851.03,"5,748 mi",28,$0.1481
EDI,DPS,"10,152",$599.17,"8,040 mi",28,$0.0745
PMI,KIV,"10,143",$128.73,"1,363 mi",28,$0.0944
PMI,TSR,"10,140",$135.46,"1,067 mi",28,$0.1270
VKO,CEK,"10,135",$193.71,973 mi,28,$0.1991
BRU,ADD,"10,134",$486.97,"3,596 mi",28,$0.1354
ATH,VKO,"10,132",$795.29,"1,327 mi",28,$0.5993
GVA,BLR,"10,126",$747.14,"4,545 mi",28,$0.1644
NCE,SYD,"10,124","$2,051.23","10,714 mi",28,$0.1915
PRG,PHX,"10,124",$716.66,"5,972 mi",28,$0.1200
GLA,ADL,"10,124","$1,628.69","9,870 mi",28,$0.1650
NTE,JTR,"10,122",$154.97,"1,523 mi",28,$0.1018
BCN,MCT,"10,117",$490.28,"3,329 mi",28,$0.1473
LHR,SJC,"10,114",$614.07,"5,516 mi",28,$0.1113
FCO,SCQ,"10,114",$314.09,"1,023 mi",28,$0.3070
MAD,SEZ,"10,112",$439.04,"5,006 mi",28,$0.0877
BCN,JAX,"10,105",$687.56,"4,704 mi",28,$0.1462
LHR,LLW,"10,102",$615.14,"4,807 mi",28,$0.1280
BRU,MAA,"10,098",$497.57,"4,755 mi",28,$0.1046
MRS,BEY,"10,097",$338.50,"1,805 mi",28,$0.1875
GLA,HND,"10,097","$1,506.31","5,605 mi",28,$0.2687
DUB,BLL,"10,096",$238.38,617 mi,28,$0.3864
OTP,ATL,"10,092",$671.16,"5,664 mi",28,$0.1185
BUD,ADL,"10,087","$1,159.78","8,972 mi",28,$0.1293
ATH,PKX,"10,087",$367.37,"4,881 mi",28,$0.0753
OTP,SEA,"10,078",$584.30,"5,621 mi",28,$0.1039
LHR,PLS,"10,074","$1,022.71","4,150 mi",28,$0.2464
AMS,HAV,"10,073",$370.46,"5,004 mi",28,$0.0740
MAD,ABZ,"10,072",$407.74,"1,121 mi",28,$0.3637
LHR,MMX,"10,053",$128.20,614 mi,28,$0.2088
AGP,MEX,"10,052",$657.78,"5,498 mi",28,$0.1196
ARN,KUL,"10,051",$511.48,"5,663 mi",28,$0.0903
FCO,SVG,"10,049",$247.41,"1,178 mi",28,$0.2100
FCO,ACC,"10,048",$319.02,"2,693 mi",28,$0.1185
FCO,YWG,"10,048",$372.97,"4,947 mi",28,$0.0754
WAW,PKX,"10,044",$288.06,"4,207 mi",28,$0.0685
PMI,TLL,"10,041",$207.39,"1,726 mi",28,$0.1202
LGW,CGK,"10,040",$789.19,"7,057 mi",28,$0.1118
PMI,ADB,"10,034",$132.26,"1,272 mi",27,$0.1040
CDG,SBZ,"10,030",$255.84,"1,059 mi",27,$0.2416
LHR,ZQN,"10,030","$1,086.06","12,123 mi",27,$0.0896
NAP,GHV,"10,022",$90.37,635 mi,27,$0.1423
NCL,HKT,"10,021",$469.42,"5,966 mi",27,$0.0787
SNN,MCO,"10,019",$474.41,"3,841 mi",27,$0.1235
CPH,IBZ,"10,018",$251.33,"1,230 mi",27,$0.2043
LGW,DUR,"10,017",$408.43,"6,074 mi",27,$0.0672
VIE,SCL,"10,016",$983.26,"8,012 mi",27,$0.1227
MXP,DWC,"10,007",$339.88,"3,020 mi",27,$0.1125
OSL,USM,"10,000",$448.14,"5,443 mi",27,$0.0823
FCO,GDL,"9,997",$507.67,"6,290 mi",27,$0.0807
PMI,VNO,"9,996",$106.37,"1,518 mi",27,$0.0701
DBV,SFO,"9,991",$872.07,"6,561 mi",27,$0.1329
CDG,LEJ,"9,988",$234.44,474 mi,27,$0.4946
LYS,BEG,"9,983",$156.49,764 mi,27,$0.2048
NCL,PVG,"9,982",$841.86,"5,441 mi",27,$0.1547
BCN,YEG,"9,975",$400.78,"5,013 mi",27,$0.0799
NCL,MNL,"9,974",$672.96,"6,791 mi",27,$0.0991
OTP,MNL,"9,972",$558.30,"5,928 mi",27,$0.0942
MXP,ASR,"9,971",$233.43,"1,485 mi",27,$0.1572
LYS,HAN,"9,969",$391.20,"5,500 mi",27,$0.0711
ZRH,CEB,"9,969",$529.70,"6,624 mi",27,$0.0800
GOT,OTP,"9,968",$188.30,"1,113 mi",27,$0.1692
LED,LHR,"9,964",$836.93,"1,274 mi",27,$0.6569
NAP,SZG,"9,962",$101.65,468 mi,27,$0.2172
LIS,ZNZ,"9,960",$310.46,"4,514 mi",27,$0.0688
CDG,FLN,"9,959",$637.40,"5,976 mi",27,$0.1067
ZRH,TAS,"9,958",$607.62,"3,042 mi",27,$0.1997
ZRH,MDE,"9,958",$424.29,"5,792 mi",27,$0.0733
SOF,EWR,"9,954",$511.03,"4,581 mi",27,$0.1116
BUD,JNB,"9,950",$537.35,"5,267 mi",27,$0.1020
BUD,MSP,"9,946",$495.76,"5,006 mi",27,$0.0990
AMS,GZT,"9,941",$170.00,"1,959 mi",27,$0.0868
FCO,BWI,"9,929",$474.35,"4,582 mi",27,$0.1035
HEL,NBO,"9,927",$402.93,"4,178 mi",27,$0.0964
OTP,HKG,"9,920",$625.64,"4,896 mi",27,$0.1278
BRU,YOW,"9,919",$515.61,"3,426 mi",27,$0.1505
SVO,JNB,"9,915",$378.11,"5,528 mi",27,$0.0684
HEL,LYS,"9,914",$271.80,"1,332 mi",27,$0.2041
LHR,NAG,"9,911",$273.78,"4,505 mi",27,$0.0608
ORY,LCG,"9,911",$318.79,618 mi,27,$0.5158
GVA,SJO,"9,906",$714.34,"5,908 mi",27,$0.1209
DUB,TRV,"9,904",$440.07,"5,304 mi",27,$0.0830
BCN,SAT,"9,887",$623.32,"5,560 mi",27,$0.1121
CDG,KGS,"9,887",$174.65,"1,446 mi",27,$0.1208
LIS,NUE,"9,884",$232.64,"1,276 mi",27,$0.1823
HEL,DOH,"9,880",$406.78,"2,814 mi",27,$0.1446
MXP,OUA,"9,879",$147.21,"2,305 mi",27,$0.0639
EDI,MLE,"9,878","$1,186.48","5,637 mi",27,$0.2105
BCN,COR,"9,861",$563.11,"6,357 mi",27,$0.0886
BRU,TIV,"9,861",$178.08,919 mi,27,$0.1938
ZAG,TIA,"9,861",$222.09,340 mi,27,$0.6532
VCE,BNA,"9,854",$633.65,"4,734 mi",27,$0.1339
HEL,SEA,"9,853",$749.17,"4,911 mi",27,$0.1525
LGW,BOJ,"9,853",$240.50,"1,469 mi",27,$0.1637
MRS,HKT,"9,848",$381.96,"6,167 mi",27,$0.0619
BRU,SAN,"9,848","$1,061.44","5,828 mi",27,$0.1821
MAD,TAO,"9,846",$410.35,"6,218 mi",27,$0.0660
CPH,BOG,"9,844",$499.72,"5,650 mi",27,$0.0884
DUB,RDZ,"9,844",$66.31,760 mi,27,$0.0873
CPH,KUT,"9,842",$69.71,"1,574 mi",27,$0.0443
BOD,BUD,"9,841",$215.52,941 mi,27,$0.2290
AMS,ALG,"9,840",$212.07,"1,113 mi",27,$0.1905
LHR,SDQ,"9,839",$571.49,"4,209 mi",27,$0.1358
GVA,IKA,"9,836",$389.64,"2,507 mi",27,$0.1554
FCO,BHD,"9,834",$342.68,"1,173 mi",27,$0.2921
BRU,PHX,"9,832",$691.06,"5,614 mi",27,$0.1231
AGP,CAI,"9,828",$266.20,"2,044 mi",27,$0.1302
GOT,BEY,"9,827",$235.88,"2,029 mi",27,$0.1163
OSL,LHE,"9,827",$350.41,"3,551 mi",27,$0.0987
CDG,BOO,"9,826",$216.42,"1,368 mi",27,$0.1582
MXP,JRO,"9,819",$488.79,"3,924 mi",27,$0.1246
FCO,BAH,"9,818",$449.80,"2,493 mi",27,$0.1804
MXP,SHA,"9,817",$361.71,"5,491 mi",27,$0.0659
DBV,BFS,"9,816",$93.01,"1,426 mi",27,$0.0652
ZRH,YHZ,"9,815",$392.64,"3,425 mi",27,$0.1146
EDI,BLR,"9,814",$646.03,"4,967 mi",27,$0.1301
LYS,BLQ,"9,808",$262.00,323 mi,27,$0.8111
ZRH,REC,"9,807",$536.04,"4,809 mi",27,$0.1115
MRS,GJL,"9,804",$73.56,474 mi,27,$0.1552
CDG,RIC,"9,799",$604.31,"4,025 mi",27,$0.1501
NCE,CPT,"9,798",$806.07,"5,249 mi",27,$0.1536
MXP,EVE,"9,793",$205.68,"1,556 mi",27,$0.1322
GOT,OSD,"9,785",$203.72,402 mi,27,$0.5068
LIS,YOW,"9,783",$396.13,"3,246 mi",27,$0.1220
NAP,CUN,"9,783",$451.09,"6,003 mi",27,$0.0751
VCE,CPT,"9,783",$598.84,"5,339 mi",27,$0.1122
CPH,KSU,"9,780",$212.77,528 mi,27,$0.4030
CPH,AUS,"9,774",$654.06,"5,393 mi",27,$0.1213
EDI,AUS,"9,774",$838.59,"4,533 mi",27,$0.1850
VIE,KSC,"9,774",$123.79,224 mi,27,$0.5526
LHR,DAY,"9,773",$733.05,"3,778 mi",27,$0.1940
BCN,TOS,"9,765",$235.09,"2,114 mi",27,$0.1112
MXP,CRK,"9,763",$380.41,"6,665 mi",27,$0.0571
EDI,MNL,"9,755",$728.91,"6,411 mi",27,$0.1137
LED,TGD,"9,754",$411.92,"1,253 mi",27,$0.3287
CPH,LYR,"9,746",$168.21,"1,518 mi",27,$0.1108
AGP,MCO,"9,744",$614.67,"4,523 mi",27,$0.1359
LIS,CAN,"9,742",$674.95,"6,958 mi",27,$0.0970
STN,COK,"9,742",$352.61,"5,230 mi",27,$0.0674
SVO,BOM,"9,742",$333.43,"3,233 mi",27,$0.1031
PMI,SPU,"9,739",$205.29,729 mi,27,$0.2816
LHR,KOI,"9,738",$257.00,542 mi,27,$0.4742
BRU,TRN,"9,738",$145.34,433 mi,27,$0.3357
ZRH,LEJ,"9,732",$264.66,310 mi,27,$0.8537
SVO,GUW,"9,730",$175.46,841 mi,27,$0.2086
LHR,NNG,"9,730",$212.44,"5,927 mi",27,$0.0358
FCO,MAA,"9,723",$338.86,"4,626 mi",27,$0.0733
CDG,CHC,"9,718","$1,035.69","11,470 mi",27,$0.0903
BHX,BLR,"9,716",$764.14,"4,903 mi",27,$0.1559
EDI,WAW,"9,713",$289.12,985 mi,27,$0.2935
SOF,CAI,"9,694",$229.32,946 mi,27,$0.2424
BRU,TGD,"9,693",$241.52,940 mi,27,$0.2569
MAD,BJX,"9,693",$494.25,"5,513 mi",27,$0.0897
VCE,STL,"9,690",$690.53,"4,756 mi",27,$0.1452
LHR,EVE,"9,688",$155.82,"1,345 mi",27,$0.1159
BUD,BLR,"9,686",$648.68,"4,210 mi",27,$0.1541
SOF,TLL,"9,685",$212.36,"1,122 mi",27,$0.1893
NTE,AYT,"9,684",$194.68,"1,738 mi",27,$0.1120
NAP,SEA,"9,679",$839.94,"5,606 mi",27,$0.1498
NCL,GRO,"9,674",$118.07,902 mi,27,$0.1309
VIE,CAN,"9,674",$360.06,"5,164 mi",27,$0.0697
GLA,SFO,"9,669",$722.26,"5,176 mi",26,$0.1395
ARN,DOH,"9,669",$330.70,"2,955 mi",26,$0.1119
GOT,SFT,"9,665",$197.18,545 mi,26,$0.3618
LGW,KTM,"9,664",$375.44,"4,704 mi",26,$0.0798
DME,EZE,"9,663",$946.59,"8,142 mi",26,$0.1163
AGP,VXO,"9,658",$130.14,"1,706 mi",26,$0.0763
DUB,KHI,"9,657",$385.53,"4,055 mi",26,$0.0951
LHR,LIR,"9,646",$647.19,"5,273 mi",26,$0.1227
BOD,LAX,"9,641","$1,031.19","5,913 mi",26,$0.1744
PRG,JED,"9,641",$292.55,"2,312 mi",26,$0.1265
LED,KIX,"9,641",$304.41,"4,809 mi",26,$0.0633
VIE,MSP,"9,641",$677.93,"4,881 mi",26,$0.1389
ZRH,SLL,"9,641",$328.11,"3,219 mi",26,$0.1019
PRG,SAN,"9,639",$737.57,"5,810 mi",26,$0.1269
CPH,INN,"9,638",$160.82,563 mi,26,$0.2856
NCE,AYT,"9,638",$252.60,"1,283 mi",26,$0.1969
BRU,FBM,"9,628",$780.38,"4,671 mi",26,$0.1671
BRU,TFU,"9,628",$227.87,"4,871 mi",26,$0.0468
DUB,SHA,"9,621",$292.22,"5,628 mi",26,$0.0519
GVA,EVN,"9,620",$233.31,"2,013 mi",26,$0.1159
LGW,CTU,"9,619",$267.67,"5,314 mi",26,$0.0504
SNN,ORD,"9,619",$597.84,"3,687 mi",26,$0.1621
LYS,BDS,"9,617",$102.18,757 mi,26,$0.1350
OTP,BRE,"9,616",$214.74,948 mi,26,$0.2265
GVA,PHX,"9,615",$865.50,"5,546 mi",26,$0.1561
AMS,SSA,"9,614",$452.04,"5,028 mi",26,$0.0899
ZRH,DJE,"9,614",$72.64,918 mi,26,$0.0791
LIS,HAN,"9,613",$547.06,"6,730 mi",26,$0.0813
AMS,ADL,"9,612","$1,121.94","10,185 mi",26,$0.1102
CDG,TTU,"9,611",$64.30,"1,039 mi",26,$0.0619
LHR,FLN,"9,609",$713.66,"6,012 mi",26,$0.1187
PMI,DXB,"9,608",$849.13,"3,081 mi",26,$0.2756
ARN,PRN,"9,604",$117.87,"1,223 mi",26,$0.0964
GLA,MEL,"9,599","$1,443.59","10,858 mi",26,$0.1330
VIE,WDH,"9,596",$374.32,"4,731 mi",26,$0.0791
ZRH,TLS,"9,596",$242.57,423 mi,26,$0.5735
NCE,RVN,"9,594",$172.63,"1,677 mi",26,$0.1029
NAP,PHX,"9,592",$741.50,"6,457 mi",26,$0.1148
ARN,YVR,"9,590",$670.26,"4,743 mi",26,$0.1413
MXP,CLE,"9,590",$817.11,"4,163 mi",26,$0.1963
MRS,SDQ,"9,581",$305.43,"4,740 mi",26,$0.0644
VKO,KSQ,"9,581",$68.54,"1,801 mi",26,$0.0381
CDG,CAG,"9,580",$218.40,725 mi,26,$0.3012
AMS,ORF,"9,576",$658.96,"4,021 mi",26,$0.1639
MAD,CHQ,"9,574",$267.93,"1,494 mi",26,$0.1793
BGY,SID,"9,569",$297.69,"2,824 mi",26,$0.1054
LED,RMZ,"9,568",$136.08,"1,304 mi",26,$0.1044
VIE,BRS,"9,567",$112.66,861 mi,26,$0.1308
LHR,BOO,"9,566",$175.47,"1,238 mi",26,$0.1417
NCE,SEA,"9,559","$1,057.79","5,595 mi",26,$0.1891
AGP,JED,"9,554",$538.39,"2,885 mi",26,$0.1866
LIS,BGO,"9,551",$328.45,"1,564 mi",26,$0.2100
DBV,CGN,"9,546",$155.37,800 mi,26,$0.1942
DUB,HRG,"9,546",$171.86,"2,806 mi",26,$0.0612
LHR,SSH,"9,543",$284.76,"2,351 mi",26,$0.1211
ZAG,KTM,"9,540",$421.31,"4,023 mi",26,$0.1047
MAN,PKX,"9,539",$273.71,"4,904 mi",26,$0.0558
AMS,SJU,"9,538",$541.65,"4,277 mi",26,$0.1266
MAN,CMN,"9,537",$213.84,"1,447 mi",26,$0.1478
GVA,YVR,"9,537",$939.50,"5,330 mi",26,$0.1763
MAD,SAT,"9,536",$583.42,"5,317 mi",26,$0.1097
LHR,WNZ,"9,533",$271.03,"6,077 mi",26,$0.0446
OTP,IAH,"9,531",$680.57,"5,921 mi",26,$0.1149
VCE,HER,"9,523",$167.58,"1,001 mi",26,$0.1674
ZAG,DOH,"9,519",$307.86,"2,344 mi",26,$0.1313
SOF,HER,"9,513",$103.67,533 mi,26,$0.1945
NCL,ZRH,"9,512",$268.45,705 mi,26,$0.3808
ZRH,TRD,"9,512",$203.25,"1,142 mi",26,$0.1780
OSL,KBV,"9,511",$397.06,"5,831 mi",26,$0.0681
MRS,ORD,"9,510",$662.37,"4,322 mi",26,$0.1533
LYS,PFO,"9,506",$125.52,"1,573 mi",26,$0.0798
ARN,AES,"9,505",$144.79,455 mi,26,$0.3182
MXP,ESB,"9,503",$233.17,"1,243 mi",26,$0.1876
SVO,DLC,"9,502",$364.03,"3,953 mi",26,$0.0921
OSL,OLB,"9,499",$255.20,"1,295 mi",26,$0.1971
NCE,TPE,"9,490",$955.93,"5,932 mi",26,$0.1611
DUB,MRU,"9,489",$577.08,"6,166 mi",26,$0.0936
PMI,BRI,"9,485",$281.19,768 mi,26,$0.3661
VKO,KZN,"9,482",$94.49,483 mi,26,$0.1956
BUD,CLT,"9,481",$480.26,"5,047 mi",26,$0.0952
LIS,MCZ,"9,479",$635.14,"3,864 mi",26,$0.1644
FCO,FLN,"9,475",$705.60,"5,983 mi",26,$0.1179
EDI,NRT,"9,474",$880.55,"5,578 mi",26,$0.1579
ATH,ASR,"9,470",$90.88,609 mi,26,$0.1492
CPH,TSF,"9,470",$67.79,668 mi,26,$0.1015
FCO,LGA,"9,470",$357.09,"4,137 mi",26,$0.0863
LHR,MYR,"9,465",$588.24,"4,091 mi",26,$0.1438
VIE,TIV,"9,464",$122.63,420 mi,26,$0.2920
ZRH,STL,"9,463",$761.55,"4,537 mi",26,$0.1679
GLA,CPT,"9,461","$1,022.05","6,163 mi",26,$0.1658
ZRH,SJU,"9,457",$675.28,"4,435 mi",26,$0.1523
OSL,GIG,"9,456","$1,194.41","6,298 mi",26,$0.1896
LED,ECN,"9,454",$197.09,"1,760 mi",26,$0.1120
BRU,KBL,"9,453",$493.39,"3,455 mi",26,$0.1428
VIE,LIM,"9,453",$790.35,"6,794 mi",26,$0.1163
OSL,JNB,"9,447",$522.74,"5,862 mi",26,$0.0892
LIS,CLE,"9,447",$538.25,"3,618 mi",26,$0.1488
ARN,IBZ,"9,446",$290.38,"1,560 mi",26,$0.1861
NAP,BEG,"9,446",$154.48,420 mi,26,$0.3678
MAN,XRY,"9,443",$82.04,"1,197 mi",26,$0.0685
LYS,RVN,"9,443",$153.14,"1,677 mi",26,$0.0913
BRU,SEZ,"9,438",$406.32,"4,732 mi",26,$0.0859
OTP,WRO,"9,435",$212.69,602 mi,26,$0.3533
WAW,CLJ,"9,431",$149.07,379 mi,26,$0.3933
PMI,BJX,"9,427",$437.01,"5,835 mi",26,$0.0749
PRG,MCT,"9,427",$311.58,"2,891 mi",26,$0.1078
ATH,HAV,"9,427",$397.68,"5,895 mi",26,$0.0675
FCO,LCG,"9,425",$230.95,"1,020 mi",26,$0.2264
GVA,SDQ,"9,422",$589.13,"4,495 mi",26,$0.1311
NCE,JTR,"9,420",$169.94,"1,119 mi",26,$0.1519
ZRH,SCQ,"9,418",$237.02,908 mi,26,$0.2610
MXP,SHE,"9,416",$314.91,"5,037 mi",26,$0.0625
LHR,RMI,"9,414",$187.91,770 mi,26,$0.2440
GVA,TAS,"9,409",$477.46,"3,181 mi",26,$0.1501
AMS,CTU,"9,401",$261.42,"5,083 mi",26,$0.0514
CDG,RAI,"9,393",$134.09,"2,859 mi",26,$0.0469
ZRH,IVL,"9,392",$311.26,"1,648 mi",26,$0.1889
MAN,RDU,"9,390",$698.24,"3,641 mi",26,$0.1918
LHR,CWB,"9,388",$824.96,"5,902 mi",26,$0.1398
BCN,SAL,"9,388",$516.70,"5,496 mi",26,$0.0940
FCO,SHA,"9,382",$372.91,"5,846 mi",26,$0.0638
VIE,KTM,"9,382",$297.23,"3,981 mi",26,$0.0747
HEL,TAY,"9,380",$110.59,157 mi,26,$0.7044
LIS,SJO,"9,371",$655.05,"4,835 mi",26,$0.1355
OTP,SVG,"9,371",$336.36,"1,349 mi",26,$0.2493
MAD,RJL,"9,370",$106.50,154 mi,26,$0.6916
NCL,SVG,"9,370",$379.83,393 mi,26,$0.9665
CDG,GCI,"9,370",$138.28,227 mi,26,$0.6092
NCE,SGN,"9,369",$465.45,"5,981 mi",26,$0.0778
CPH,UAK,"9,368",$420.99,"2,127 mi",26,$0.1979
ARN,TSF,"9,357",$45.38,"1,026 mi",26,$0.0442
PRG,AMM,"9,356",$196.19,"1,741 mi",26,$0.1127
LHR,LKO,"9,355",$376.32,"4,566 mi",26,$0.0824
BOD,LUX,"9,354",$211.41,449 mi,26,$0.4708
BGY,HBE,"9,353",$75.42,"1,436 mi",26,$0.0525
DUB,CEB,"9,351",$592.54,"6,943 mi",26,$0.0853
MAN,PEW,"9,350",$396.66,"3,624 mi",26,$0.1095
BRU,JMK,"9,345",$231.56,"1,423 mi",26,$0.1627
BCN,CHQ,"9,343",$217.68,"1,217 mi",26,$0.1789
GLA,SEA,"9,340",$554.63,"4,581 mi",26,$0.1211
BOD,RVN,"9,336",$151.12,"1,847 mi",26,$0.0818
LHR,YQB,"9,335",$445.06,"3,002 mi",26,$0.1483
LCY,GIG,"9,332",$425.39,"5,938 mi",26,$0.0716
NTE,VAR,"9,330",$140.83,"1,492 mi",26,$0.0944
VCE,AUS,"9,328",$673.07,"5,786 mi",26,$0.1163
NCE,HAN,"9,328",$450.03,"5,456 mi",26,$0.0825
GLA,MLE,"9,327","$1,340.38","5,678 mi",26,$0.2361
CDG,EVE,"9,325",$202.02,"1,387 mi",26,$0.1457
BHX,CPT,"9,319",$577.97,"6,279 mi",26,$0.0920
EDI,JTR,"9,317",$161.64,"1,848 mi",26,$0.0875
VKO,STR,"9,313",$314.69,"1,232 mi",26,$0.2554
FCO,BRE,"9,312",$220.79,817 mi,26,$0.2702
BCN,ESB,"9,311",$225.95,"1,661 mi",26,$0.1360
PMI,TFS,"9,309",$308.94,"1,400 mi",26,$0.2207
LHR,SFT,"9,306",$200.81,"1,226 mi",25,$0.1638
AMS,GRR,"9,303",$671.87,"3,859 mi",25,$0.1741
CDG,FSP,"9,301",$416.14,"2,736 mi",25,$0.1521
BRU,FNA,"9,300",$348.10,"2,998 mi",25,$0.1161
ATH,GYD,"9,298",$227.96,"1,361 mi",25,$0.1675
VCE,IND,"9,296",$775.53,"4,556 mi",25,$0.1702
NCL,LAX,"9,292",$675.82,"5,086 mi",25,$0.1329
LIS,BNA,"9,280",$689.51,"3,998 mi",25,$0.1725
BCN,SMF,"9,278",$630.88,"5,695 mi",25,$0.1108
BCN,RMI,"9,275",$108.59,584 mi,25,$0.1859
DUB,GIG,"9,273",$603.52,"5,883 mi",25,$0.1026
LHR,MUX,"9,272",$337.13,"3,976 mi",25,$0.0848
LGW,REU,"9,270",$50.87,715 mi,25,$0.0711
CDG,IVL,"9,265",$295.90,"1,643 mi",25,$0.1801
ATH,NAV,"9,264",$149.35,559 mi,25,$0.2672
VCE,DPS,"9,258",$589.81,"7,050 mi",25,$0.0837
OSL,DEN,"9,250",$599.77,"4,770 mi",25,$0.1257
VIE,PHX,"9,250",$668.11,"5,791 mi",25,$0.1154
CDG,MVD,"9,246",$714.43,"6,612 mi",25,$0.1081
MAD,CJC,"9,242","$1,051.33","6,222 mi",25,$0.1690
LIS,YEG,"9,241",$436.84,"4,790 mi",25,$0.0912
LHR,BHJ,"9,239",$394.05,"4,252 mi",25,$0.0927
OSL,EBL,"9,230",$250.07,"2,265 mi",25,$0.1104
VKO,NJC,"9,227",$146.19,"1,405 mi",25,$0.1040
MXP,TRD,"9,226",$234.42,"1,198 mi",25,$0.1957
AMS,MEM,"9,225","$1,234.98","4,397 mi",25,$0.2809
MRS,GDN,"9,224",$359.88,992 mi,25,$0.3628
FCO,CCU,"9,220",$365.02,"4,634 mi",25,$0.0788
SOF,SIN,"9,220",$470.62,"5,507 mi",25,$0.0855
LHR,REC,"9,218",$684.34,"4,737 mi",25,$0.1445
LIS,NCL,"9,218",$297.66,"1,211 mi",25,$0.2458
MXP,SPU,"9,216",$169.70,412 mi,25,$0.4119
BUD,ESB,"9,210",$132.81,824 mi,25,$0.1612
LGW,LIM,"9,208",$519.94,"6,122 mi",25,$0.0849
LYS,JNB,"9,208",$442.58,"5,329 mi",25,$0.0831
LHR,BZE,"9,207",$364.93,"5,341 mi",25,$0.0683
MXP,VIX,"9,203",$646.53,"5,655 mi",25,$0.1143
VIE,BJV,"9,203",$156.24,908 mi,25,$0.1721
STN,PDL,"9,199",$84.91,"1,541 mi",25,$0.0551
AMS,FAE,"9,196",$260.98,785 mi,25,$0.3325
ZRH,TFN,"9,194",$142.36,"1,926 mi",25,$0.0739
LHR,BHM,"9,189",$748.62,"4,428 mi",25,$0.1691
FCO,ABQ,"9,189",$607.80,"5,692 mi",25,$0.1068
LGW,BZO,"9,189",$159.25,633 mi,25,$0.2516
ARN,EVN,"9,184",$222.43,"1,819 mi",25,$0.1223
MRS,ICN,"9,178",$774.57,"5,916 mi",25,$0.1309
AGP,TIA,"9,176",$173.35,"1,295 mi",25,$0.1339
LHR,IDR,"9,168",$325.49,"4,554 mi",25,$0.0715
NAP,TPS,"9,162",$32.36,234 mi,25,$0.1383
ATH,SMF,"9,158",$685.75,"6,506 mi",25,$0.1054
EDI,ICN,"9,157",$818.10,"5,182 mi",25,$0.1579
ARN,KIX,"9,156",$620.35,"4,875 mi",25,$0.1273
FCO,MEM,"9,156",$626.44,"5,359 mi",25,$0.1169
LIS,AYT,"9,155",$400.83,"2,101 mi",25,$0.1908
DUB,CAN,"9,150",$433.52,"6,205 mi",25,$0.0699
AMS,MDE,"9,149",$459.11,"5,303 mi",25,$0.0866
BCN,DME,"9,149",$497.05,"1,826 mi",25,$0.2722
HEL,ZAG,"9,145",$281.06,"1,102 mi",25,$0.2550
ZAG,BKK,"9,141",$467.99,"5,449 mi",25,$0.0859
BCN,SAP,"9,140",$393.42,"5,352 mi",25,$0.0735
LIS,JTR,"9,139",$239.54,"1,948 mi",25,$0.1230
BCN,RSW,"9,137",$811.99,"4,872 mi",25,$0.1667
ZRH,SSA,"9,133",$552.46,"4,919 mi",25,$0.1123
OSL,AMM,"9,133",$225.89,"2,340 mi",25,$0.0965
VCE,GIG,"9,130",$678.98,"6,044 mi",25,$0.1123
AMS,FOC,"9,126",$264.27,"5,937 mi",25,$0.0445
CDG,BDL,"9,126",$744.29,"3,632 mi",25,$0.2049
OTP,ADB,"9,125",$128.47,424 mi,25,$0.3030
GVA,PUJ,"9,123",$356.50,"4,702 mi",25,$0.0758
MAN,DEN,"9,121",$784.77,"4,656 mi",25,$0.1686
BRU,MSP,"9,121",$728.28,"4,327 mi",25,$0.1683
GOT,MLA,"9,114",$142.04,"1,465 mi",25,$0.0970
GVA,FUE,"9,113",$240.89,"1,589 mi",25,$0.1516
OSL,DTW,"9,113",$504.29,"4,009 mi",25,$0.1258
BHX,SID,"9,113",$196.70,"2,806 mi",25,$0.0701
HEL,MCO,"9,109",$583.44,"5,198 mi",25,$0.1122
ZRH,MBA,"9,108",$393.10,"3,905 mi",25,$0.1007
OSL,HAJ,"9,106",$176.27,521 mi,25,$0.3383
GVA,SUF,"9,102",$68.98,700 mi,25,$0.0985
BUD,CUN,"9,098",$385.97,"5,689 mi",25,$0.0678
MAN,EBB,"9,097",$276.24,"4,059 mi",25,$0.0681
CDG,GYN,"9,093",$656.33,"5,364 mi",25,$0.1224
FCO,WDH,"9,093",$464.89,"4,588 mi",25,$0.1013
BUD,RDU,"9,092",$563.43,"4,639 mi",25,$0.1215
OTP,ESB,"9,091",$93.38,481 mi,25,$0.1941
MXP,SAL,"9,089",$404.53,"6,102 mi",25,$0.0663
AMS,REC,"9,088",$502.16,"4,930 mi",25,$0.1019
ZRH,COV,"9,086",$143.35,"1,485 mi",25,$0.0965
LED,ASB,"9,078",$346.24,"1,887 mi",25,$0.1835
LHR,VIX,"9,070",$705.41,"5,675 mi",25,$0.1243
MXP,PIT,"9,069",$740.38,"4,392 mi",25,$0.1686
BRU,IKA,"9,068",$293.67,"2,607 mi",25,$0.1126
BOD,YYZ,"9,067",$416.18,"3,854 mi",25,$0.1080
OSL,SZG,"9,065",$119.38,834 mi,25,$0.1431
GLA,TRE,"9,062",$94.45,106 mi,25,$0.8910
BUD,CGK,"9,061",$773.58,"6,601 mi",25,$0.1172
LIS,BLR,"9,055",$694.61,"5,318 mi",25,$0.1306
ATH,NCL,"9,048",$348.41,"1,630 mi",25,$0.2137
VKO,JED,"9,044",$220.12,"2,275 mi",25,$0.0968
WAW,JED,"9,043",$381.85,"2,249 mi",25,$0.1698
CDG,COV,"9,038",$216.67,"1,881 mi",25,$0.1152
LHR,MKE,"9,034",$718.70,"3,779 mi",25,$0.1902
STN,RDZ,"9,031",$60.09,511 mi,25,$0.1176
LHR,ALC,"9,030",$217.93,939 mi,25,$0.2321
BUD,TRN,"9,028",$151.45,591 mi,25,$0.2563
SVO,NGB,"9,028",$336.07,"4,444 mi",25,$0.0756
SVO,ZRH,"9,027",$730.36,"1,396 mi",25,$0.5232
DME,SSH,"9,023",$210.31,"1,960 mi",25,$0.1073
FCO,IKA,"9,019",$337.02,"2,064 mi",25,$0.1633
WAW,GRO,"9,005",$124.82,"1,074 mi",25,$0.1162
BRU,ORF,"9,003",$769.34,"4,042 mi",25,$0.1903
OTP,RHO,"8,995",$116.76,557 mi,25,$0.2096
MAN,BNA,"8,993",$674.68,"4,175 mi",25,$0.1616
PRG,RDU,"8,993",$513.15,"4,629 mi",25,$0.1109
BCN,MRU,"8,992",$578.96,"5,720 mi",25,$0.1012
ORY,BSB,"8,991",$574.88,"5,585 mi",25,$0.1029
PRG,MCO,"8,986",$599.86,"5,117 mi",25,$0.1172
DME,YYZ,"8,985",$439.12,"4,821 mi",25,$0.0911
NAP,TPA,"8,983",$804.64,"5,468 mi",25,$0.1472
VKO,ICN,"8,975",$430.35,"3,985 mi",25,$0.1080
GVA,MEL,"8,972","$1,548.73","9,954 mi",25,$0.1556
AGP,ICN,"8,972",$555.94,"6,624 mi",25,$0.0839
PRG,KBV,"8,968",$474.40,"5,389 mi",25,$0.0880
BCN,ESU,"8,962",$201.30,973 mi,25,$0.2069
DME,TMJ,"8,961",$87.60,"1,799 mi",25,$0.0487
AMS,BDS,"8,959",$92.25,"1,048 mi",25,$0.0880
BCN,SUF,"8,959",$78.48,743 mi,25,$0.1056
LHR,SKP,"8,958",$216.68,"1,265 mi",25,$0.1713
FCO,ASR,"8,953",$190.50,"1,203 mi",25,$0.1584
CDG,BSK,"8,951",$95.99,966 mi,25,$0.0994
ATH,BLR,"8,949",$583.72,"3,588 mi",25,$0.1627
PRG,BLL,"8,949",$214.45,431 mi,25,$0.4976
ATH,NBO,"8,948",$364.11,"2,751 mi",25,$0.1324
MXP,IND,"8,943",$837.34,"4,411 mi",25,$0.1898
FCO,MUH,"8,941",$331.33,"1,132 mi",24,$0.2927
VKO,LAX,"8,940",$951.19,"5,902 mi",24,$0.1612
BCN,HYD,"8,937",$723.00,"4,598 mi",24,$0.1572
LED,CXR,"8,935",$194.13,"5,274 mi",24,$0.0368
ARN,EBB,"8,933",$268.47,"4,066 mi",24,$0.0660
NCE,KWI,"8,931",$902.26,"2,371 mi",24,$0.3805
VIE,RVN,"8,928",$263.12,"1,278 mi",24,$0.2059
EDI,PVK,"8,925",$130.70,"1,565 mi",24,$0.0835
OSL,HAN,"8,923",$373.90,"5,264 mi",24,$0.0710
PMI,YYZ,"8,922",$553.56,"4,204 mi",24,$0.1317
BRU,MAH,"8,917",$159.66,740 mi,24,$0.2158
BUD,MRU,"8,916",$485.35,"5,103 mi",24,$0.0951
CDG,TSR,"8,916",$207.19,930 mi,24,$0.2228
LIS,SLC,"8,911",$683.32,"4,950 mi",24,$0.1380
ARN,DAC,"8,900",$390.35,"4,074 mi",24,$0.0958
ZRH,EBL,"8,899",$201.24,"2,018 mi",24,$0.0997
OSL,SKP,"8,897",$138.14,"1,376 mi",24,$0.1004
BRU,MPL,"8,895",$74.07,491 mi,24,$0.1509
PRG,SHA,"8,894",$208.43,"5,116 mi",24,$0.0407
CPH,PHX,"8,893",$575.48,"5,639 mi",24,$0.1021
VKO,PYJ,"8,888",$160.88,"2,516 mi",24,$0.0639
ZRH,AMD,"8,888",$400.29,"3,746 mi",24,$0.1069
ZRH,ZHT,"8,887",$764.79,147 mi,24,$5.2027
NCL,MIA,"8,887",$445.50,"4,462 mi",24,$0.0998
HEL,DAC,"8,883",$492.64,"4,081 mi",24,$0.1207
LHR,BJL,"8,879",$328.65,"2,702 mi",24,$0.1216
NCE,PHX,"8,878",$824.39,"6,055 mi",24,$0.1362
NCL,BOS,"8,878",$719.05,"3,233 mi",24,$0.2224
CPH,SKP,"8,870",$126.96,995 mi,24,$0.1276
ARN,ZAD,"8,865",$100.76,"1,047 mi",24,$0.0962
ATH,KWI,"8,865",$414.59,"1,547 mi",24,$0.2680
PRG,VKO,"8,863",$452.41,995 mi,24,$0.4547
VIE,BNE,"8,862","$1,215.19","10,005 mi",24,$0.1215
OTP,BIO,"8,860",$273.20,"1,482 mi",24,$0.1843
MXP,TAO,"8,860",$695.34,"5,505 mi",24,$0.1263
ARN,INN,"8,859",$165.65,924 mi,24,$0.1793
NAP,MEX,"8,859",$395.44,"6,669 mi",24,$0.0593
LED,BOM,"8,858",$513.79,"3,612 mi",24,$0.1422
LIS,WDH,"8,856",$426.37,"4,432 mi",24,$0.0962
LIS,HRG,"8,843",$264.79,"2,666 mi",24,$0.0993
ZRH,PIT,"8,833",$816.66,"4,068 mi",24,$0.2008
MRS,LPA,"8,831",$287.15,"1,615 mi",24,$0.1778
BHX,IKA,"8,830",$259.63,"2,890 mi",24,$0.0898
ARN,ZTH,"8,827",$199.22,"1,565 mi",24,$0.1273
GOT,RAK,"8,826",$125.47,"2,102 mi",24,$0.0597
CDG,FOC,"8,825",$318.61,"5,796 mi",24,$0.0550
MXP,KHI,"8,823",$320.37,"3,400 mi",24,$0.0942
HEL,MRS,"8,812",$354.31,"1,470 mi",24,$0.2410
BRU,RDU,"8,811",$898.03,"4,200 mi",24,$0.2138
BRU,DAC,"8,806",$547.80,"4,925 mi",24,$0.1112
VCE,CLE,"8,804",$567.32,"4,311 mi",24,$0.1316
AGP,SPU,"8,802",$263.35,"1,157 mi",24,$0.2276
SOF,NRT,"8,800",$577.22,"5,547 mi",24,$0.1041
SVO,BAH,"8,800",$121.77,"2,091 mi",24,$0.0582
GOT,FLR,"8,794",$252.46,987 mi,24,$0.2558
MAN,CHC,"8,791","$1,257.30","12,066 mi",24,$0.1042
NCL,SKG,"8,789",$138.97,"1,553 mi",24,$0.0895
ORY,IVL,"8,784",$189.61,"1,664 mi",24,$0.1139
VIE,PDL,"8,775",$165.93,"2,291 mi",24,$0.0724
WAW,MEL,"8,775","$1,006.03","9,307 mi",24,$0.1081
LHR,SLL,"8,774",$443.01,"3,909 mi",24,$0.1133
PRG,PHL,"8,772",$590.09,"4,288 mi",24,$0.1376
DUB,TPE,"8,771",$857.27,"5,987 mi",24,$0.1432
AMS,DAM,"8,769",$306.26,"1,982 mi",24,$0.1545
CDG,OMA,"8,768",$583.96,"4,611 mi",24,$0.1266
CDG,REC,"8,768",$466.49,"4,415 mi",24,$0.1057
BHX,OLB,"8,768",$56.76,987 mi,24,$0.0575
DUB,RSW,"8,764",$786.47,"4,055 mi",24,$0.1940
GVA,SAN,"8,761",$952.81,"5,758 mi",24,$0.1655
BRU,OLB,"8,760",$220.29,754 mi,24,$0.2922
GLA,LIS,"8,757",$353.65,"1,237 mi",24,$0.2859
PMI,PMO,"8,757",$146.13,548 mi,24,$0.2667
MXP,PTP,"8,754",$545.95,"4,338 mi",24,$0.1259
MXP,CCU,"8,750",$345.86,"4,491 mi",24,$0.0770
NCE,JED,"8,749",$766.03,"2,303 mi",24,$0.3326
EDI,SAN,"8,746",$741.24,"5,342 mi",24,$0.1388
LGW,AAL,"8,746",$177.47,594 mi,24,$0.2988
PMI,IAD,"8,746",$570.02,"4,011 mi",24,$0.1421
NCE,GIG,"8,743",$899.81,"5,763 mi",24,$0.1561
AGP,IKA,"8,741",$222.78,"3,157 mi",24,$0.0706
AGP,AUH,"8,740",$863.16,"3,670 mi",24,$0.2352
OSL,YUL,"8,731",$481.30,"3,520 mi",24,$0.1367
LED,AUH,"8,726",$331.66,"2,792 mi",24,$0.1188
BRU,KTT,"8,722",$280.54,"1,392 mi",24,$0.2015
ATH,CGK,"8,713",$688.98,"5,901 mi",24,$0.1168
ZAG,PVG,"8,712",$727.54,"5,225 mi",24,$0.1392
AMS,AMD,"8,712",$386.60,"3,923 mi",24,$0.0985
ATH,TRS,"8,712",$155.41,788 mi,24,$0.1972
CDG,MEM,"8,698","$1,453.04","4,683 mi",24,$0.3103
PMI,WDH,"8,697","$1,128.28","4,522 mi",24,$0.2495
NCL,MRU,"8,695",$479.56,"6,080 mi",24,$0.0789
ARN,GRZ,"8,694",$272.44,906 mi,24,$0.3007
PMI,PEI,"8,694",$423.17,"5,231 mi",24,$0.0809
ZRH,PTY,"8,688",$717.84,"5,831 mi",24,$0.1231
DME,ZNZ,"8,688",$317.27,"4,387 mi",24,$0.0723
VIE,WNZ,"8,687",$222.65,"5,247 mi",24,$0.0424
CDG,AES,"8,687",$193.15,918 mi,24,$0.2104
NTE,MRU,"8,687",$399.98,"6,121 mi",24,$0.0653
SOF,SFO,"8,686",$687.04,"6,291 mi",24,$0.1092
DUB,YWG,"8,684",$315.81,"3,523 mi",24,$0.0896
CDG,CSX,"8,674",$317.37,"5,780 mi",24,$0.0549
MAD,MAA,"8,674",$529.00,"5,154 mi",24,$0.1026
VCE,JSI,"8,674",$172.47,739 mi,24,$0.2334
OTP,ZAD,"8,670",$95.46,548 mi,24,$0.1742
VCE,BNE,"8,670","$1,209.42","10,255 mi",24,$0.1179
GVA,LAS,"8,670",$794.38,"5,851 mi",24,$0.1358
WAW,PUJ,"8,667",$409.46,"5,028 mi",24,$0.0814
SVO,MVQ,"8,666",$148.58,331 mi,24,$0.4489
DUB,PBI,"8,664",$821.73,"4,227 mi",24,$0.1944
BHX,KTM,"8,662",$447.54,"4,745 mi",24,$0.0943
NCE,EZE,"8,658",$962.44,"7,020 mi",24,$0.1371
AMS,XIY,"8,654",$299.29,"4,758 mi",24,$0.0629
FCO,JER,"8,652",$370.20,838 mi,24,$0.4418
HEL,DEN,"8,651",$670.49,"5,101 mi",24,$0.1314
PRG,RAK,"8,651",$271.21,"1,767 mi",24,$0.1535
DUB,JAX,"8,643",$747.59,"3,856 mi",24,$0.1939
MAN,GIG,"8,636",$834.53,"5,630 mi",24,$0.1482
DUB,YOW,"8,633",$366.31,"3,136 mi",24,$0.1168
MAD,AYT,"8,633",$204.29,"1,802 mi",24,$0.1134
MXP,BIQ,"8,630",$140.98,510 mi,24,$0.2764
DME,RMO,"8,627",$243.76,723 mi,24,$0.3372
PRG,CPT,"8,625",$534.66,"5,640 mi",24,$0.0948
LED,SOF,"8,625",$228.18,"1,180 mi",24,$0.1934
ATH,BAH,"8,624",$392.51,"1,697 mi",24,$0.2313
ZRH,EBB,"8,623",$290.71,"3,685 mi",24,$0.0789
MXP,FLL,"8,619",$530.99,"5,048 mi",24,$0.1052
CDG,MBJ,"8,619",$459.81,"4,689 mi",24,$0.0981
DUB,EZE,"8,616",$937.72,"6,645 mi",24,$0.1411
NCE,HAJ,"8,614",$230.20,637 mi,24,$0.3614
NCL,MLE,"8,606",$531.05,"5,560 mi",24,$0.0955
LED,GDZ,"8,597",$127.87,"1,067 mi",24,$0.1198
MXP,CWB,"8,597",$818.08,"6,293 mi",24,$0.1300
EDI,COK,"8,596",$300.11,"5,086 mi",24,$0.0590
LHR,KOA,"8,594","$1,509.82","7,080 mi",24,$0.2133
LHR,LIT,"8,593",$693.40,"4,593 mi",24,$0.1510
FCO,BUF,"8,591",$484.18,"4,525 mi",24,$0.1070
OSL,ZNZ,"8,591",$319.93,"4,692 mi",24,$0.0682
LGW,FSC,"8,590",$352.54,823 mi,24,$0.4284
OSL,MPL,"8,590",$233.38,"1,150 mi",24,$0.2029
AMS,PUY,"8,585",$177.69,640 mi,24,$0.2776
EDI,MAN,"8,585",$74.27,191 mi,24,$0.3888
SOF,HKT,"8,582",$368.59,"4,921 mi",24,$0.0749
CDG,CLJ,"8,581",$245.79,"1,018 mi",24,$0.2414
FCO,PTP,"8,580",$413.64,"4,785 mi",24,$0.0864
LYS,IAD,"8,579",$607.02,"4,173 mi",24,$0.1455
ZRH,CLE,"8,577",$755.86,"4,346 mi",23,$0.1739
VIE,MAA,"8,574",$385.05,"4,211 mi",23,$0.0914
BHX,PEK,"8,573",$607.68,"5,209 mi",23,$0.1167
BRU,LAD,"8,571",$596.15,"4,287 mi",23,$0.1391
WAW,PDL,"8,570",$149.38,"2,365 mi",23,$0.0632
BRU,SUF,"8,568",$97.52,"1,036 mi",23,$0.0941
ATH,SGN,"8,565",$508.54,"5,204 mi",23,$0.0977
GOT,SIN,"8,562",$840.05,"6,388 mi",23,$0.1315
VCE,SLC,"8,554",$813.47,"5,388 mi",23,$0.1510
AGP,LIN,"8,550",$246.47,909 mi,23,$0.2711
WAW,HAJ,"8,548",$237.65,490 mi,23,$0.4850
WAW,BLR,"8,544",$783.61,"3,986 mi",23,$0.1966
EDI,NBO,"8,542",$455.06,"4,692 mi",23,$0.0970
OSL,MEL,"8,540","$1,235.92","10,201 mi",23,$0.1212
VKO,LCA,"8,540",$719.39,"1,485 mi",23,$0.4844
NCE,LAS,"8,535","$1,100.42","5,672 mi",23,$0.1940
VIE,RDU,"8,529",$860.62,"4,791 mi",23,$0.1796
MAD,XIY,"8,526",$242.64,"5,534 mi",23,$0.0438
WAW,YVR,"8,526",$607.61,"4,970 mi",23,$0.1223
LHR,BRE,"8,525",$181.84,418 mi,23,$0.4350
PRG,TPA,"8,524",$643.84,"4,891 mi",23,$0.1316
DUB,DAC,"8,523",$730.71,"5,016 mi",23,$0.1457
MXP,NAV,"8,523",$175.68,"1,438 mi",23,$0.1222
ORY,EUN,"8,518",$154.07,"1,657 mi",23,$0.0930
VIE,AUS,"8,518",$871.34,"5,503 mi",23,$0.1583
VIE,TRD,"8,517",$194.85,"1,050 mi",23,$0.1856
GOT,SFO,"8,509",$621.89,"5,189 mi",23,$0.1198
EDI,MEX,"8,508",$566.61,"5,167 mi",23,$0.1097
GOT,EWR,"8,507",$566.40,"3,674 mi",23,$0.1542
GLA,BNE,"8,507","$1,362.49","9,869 mi",23,$0.1381
ZRH,CTG,"8,502",$431.39,"5,250 mi",23,$0.0822
NCE,YVR,"8,501",$705.49,"5,516 mi",23,$0.1279
ATH,LED,"8,499",$520.60,"1,490 mi",23,$0.3494
PMI,LCG,"8,498",$241.11,650 mi,23,$0.3709
MAD,MCI,"8,494",$569.04,"4,729 mi",23,$0.1203
EDI,SLC,"8,493",$640.65,"4,426 mi",23,$0.1447
LHR,ASM,"8,493",$297.68,"3,407 mi",23,$0.0874
VIE,ECN,"8,490",$57.63,"1,208 mi",23,$0.0477
MXP,KTM,"8,489",$376.12,"4,385 mi",23,$0.0858
BOD,LHR,"8,488",$240.76,474 mi,23,$0.5079
MAD,KTM,"8,488",$506.92,"4,803 mi",23,$0.1055
MAN,TFU,"8,486",$314.26,"5,034 mi",23,$0.0624
AMS,VXE,"8,486",$327.55,"3,027 mi",23,$0.1082
GVA,LED,"8,485",$560.54,"1,400 mi",23,$0.4004
BUD,GRU,"8,484","$1,010.86","6,559 mi",23,$0.1541
BUD,BRE,"8,482",$223.36,584 mi,23,$0.3825
AMS,KHI,"8,477",$366.67,"3,607 mi",23,$0.1017
EDI,CAN,"8,477",$377.15,"6,003 mi",23,$0.0628
MAN,BUQ,"8,476",$372.97,"5,232 mi",23,$0.0713
HEL,JTR,"8,473",$232.42,"1,603 mi",23,$0.1450
VIE,AKL,"8,473","$1,123.35","11,429 mi",23,$0.0983
FCO,BJL,"8,472",$186.89,"2,699 mi",23,$0.0692
LYS,HKG,"8,472","$1,001.61","6,146 mi",23,$0.1630
CDG,CTG,"8,471",$665.01,"5,289 mi",23,$0.1257
NTE,TIA,"8,469",$152.14,"1,157 mi",23,$0.1315
LGW,BJL,"8,465",$236.90,"2,687 mi",23,$0.0882
HEL,LLA,"8,464",$145.69,383 mi,23,$0.3804
BUD,CIT,"8,463",$240.96,"2,512 mi",23,$0.0959
DME,GRU,"8,462","$1,110.64","7,106 mi",23,$0.1563
BUD,FLR,"8,461",$265.60,449 mi,23,$0.5915
GVA,ACC,"8,461",$736.51,"2,917 mi",23,$0.2525
SOF,PEK,"8,459",$537.85,"4,429 mi",23,$0.1214
GLA,PEK,"8,457",$897.52,"4,814 mi",23,$0.1864
BRU,SMI,"8,456",$169.65,"1,469 mi",23,$0.1155
HEL,VLC,"8,456",$313.22,"1,753 mi",23,$0.1787
ATH,YEG,"8,454",$447.38,"5,472 mi",23,$0.0818
LHR,UBN,"8,450",$832.42,"4,486 mi",23,$0.1856
PRG,CAN,"8,447",$237.90,"5,533 mi",23,$0.0430
FCO,SDF,"8,445",$668.72,"4,737 mi",23,$0.1412
BHX,MNL,"8,444",$629.07,"6,496 mi",23,$0.0968
AMS,WDH,"8,441",$393.52,"5,067 mi",23,$0.0777
ATH,CMN,"8,441",$384.82,"1,843 mi",23,$0.2088
PMI,CUN,"8,441",$373.54,"5,445 mi",23,$0.0686
ATH,EBL,"8,440",$220.43,"1,140 mi",23,$0.1934
ORY,CIY,"8,438",$87.78,986 mi,23,$0.0890
LGW,ORD,"8,436",$208.11,"4,081 mi",23,$0.0510
LYS,ICN,"8,433",$643.47,"5,802 mi",23,$0.1109
AMS,ALF,"8,430",$200.63,"1,315 mi",23,$0.1526
FCO,TRD,"8,428",$215.08,"1,542 mi",23,$0.1395
NCE,SEZ,"8,427",$638.24,"4,353 mi",23,$0.1466
GLA,HAM,"8,423",$218.25,576 mi,23,$0.3789
PMI,KVA,"8,422",$123.78,"1,120 mi",23,$0.1105
BOD,HRG,"8,421",$145.07,"2,189 mi",23,$0.0663
BHX,YYZ,"8,419",$382.81,"3,573 mi",23,$0.1071
CPH,JRO,"8,416",$346.24,"4,438 mi",23,$0.0780
ATH,BOG,"8,411",$723.55,"6,651 mi",23,$0.1088
OSL,AGA,"8,410",$175.50,"2,203 mi",23,$0.0797
VIE,SAN,"8,407",$990.81,"5,978 mi",23,$0.1657
BRU,HAV,"8,405",$297.36,"5,014 mi",23,$0.0593
LIS,NBO,"8,405",$561.11,"3,903 mi",23,$0.1438
MAD,STL,"8,404",$616.62,"4,550 mi",23,$0.1355
STN,ZRH,"8,400",$121.82,495 mi,23,$0.2461
STN,MRU,"8,399",$497.60,"6,255 mi",23,$0.0796
FCO,ABJ,"8,397",$383.13,"2,795 mi",23,$0.1371
LHR,SVQ,"8,395",$335.81,977 mi,23,$0.3437
MAD,SZG,"8,393",$207.42,932 mi,23,$0.2226
DME,KHV,"8,390",$277.09,"3,936 mi",23,$0.0704
WAW,MAH,"8,390",$130.65,"1,129 mi",23,$0.1157
OSL,OUL,"8,390",$268.12,574 mi,23,$0.4671
LED,ASF,"8,388",$128.84,"1,147 mi",23,$0.1123
MRS,DZA,"8,385","$1,127.43","4,495 mi",23,$0.2508
MRS,HAN,"8,384",$385.27,"5,552 mi",23,$0.0694
ARN,BIA,"8,382",$152.43,"1,272 mi",23,$0.1198
MXP,PVK,"8,376",$158.82,746 mi,23,$0.2129
LYS,PEK,"8,375",$628.15,"5,001 mi",23,$0.1256
LIS,BRE,"8,373",$260.00,"1,263 mi",23,$0.2059
ZAG,TAS,"8,372",$329.85,"2,714 mi",23,$0.1215
VCE,CGK,"8,370",$719.57,"6,526 mi",23,$0.1103
GVA,RAI,"8,353",$312.74,"2,839 mi",23,$0.1102
GVA,PDL,"8,348",$110.12,"1,774 mi",23,$0.0621
PMI,MDE,"8,346",$354.48,"5,477 mi",23,$0.0647
VCE,PDX,"8,345",$765.59,"5,737 mi",23,$0.1334
LHR,SSA,"8,344",$757.78,"4,844 mi",23,$0.1564
SOF,OPO,"8,337",$222.00,"1,592 mi",23,$0.1394
FCO,PKX,"8,336",$357.01,"5,233 mi",23,$0.0682
NCE,SKG,"8,336",$293.81,860 mi,23,$0.3416
AGP,HER,"8,335",$294.29,"1,605 mi",23,$0.1834
GOT,BOS,"8,335",$733.10,"3,485 mi",23,$0.2104
MAD,BCM,"8,332",$112.40,"1,619 mi",23,$0.0694
GLA,LAS,"8,331",$682.49,"5,046 mi",23,$0.1353
OSL,SSH,"8,321",$84.26,"2,553 mi",23,$0.0330
BCN,ZNZ,"8,319",$379.93,"3,915 mi",23,$0.0970
DUB,OMA,"8,319",$540.69,"4,113 mi",23,$0.1315
NAP,AAL,"8,319",$144.25,"1,103 mi",23,$0.1308
MXP,MBJ,"8,317",$532.42,"5,308 mi",23,$0.1003
MAN,KTT,"8,316",$215.14,"1,372 mi",23,$0.1568
OSL,MRU,"8,316",$467.29,"6,334 mi",23,$0.0738
FCO,LUZ,"8,313",$189.36,793 mi,23,$0.2388
MXP,BJL,"8,313",$194.15,"2,758 mi",23,$0.0704
CDG,IGU,"8,312",$537.07,"6,048 mi",23,$0.0888
WAW,TRD,"8,311",$176.73,887 mi,23,$0.1992
HEL,EWR,"8,307",$578.11,"4,237 mi",23,$0.1364
DBV,IAD,"8,302",$684.80,"4,868 mi",23,$0.1407
MAN,HGH,"8,295",$567.32,"5,549 mi",23,$0.1022
OSL,GRU,"8,292",$940.45,"6,418 mi",23,$0.1465
WAW,MCT,"8,290",$302.65,"2,698 mi",23,$0.1122
PRG,AKL,"8,289",$995.52,"11,447 mi",23,$0.0870
SVO,KBL,"8,284",$579.00,"2,169 mi",23,$0.2669
AMS,CLJ,"8,280",$251.34,899 mi,23,$0.2796
ORY,ERH,"8,280",$124.73,"1,248 mi",23,$0.0999
BCN,NQZ,"8,280",$323.04,"3,359 mi",23,$0.0962
VCE,HAV,"8,271",$316.49,"5,479 mi",23,$0.0578
MXP,FUK,"8,270",$779.12,"5,689 mi",23,$0.1370
AGP,MLA,"8,267",$311.14,"1,089 mi",23,$0.2857
BRU,PER,"8,266",$954.06,"9,062 mi",23,$0.1053
FCO,BRQ,"8,262",$127.88,569 mi,23,$0.2247
GVA,RMO,"8,261",$145.63,"1,049 mi",23,$0.1388
LYS,MLE,"8,256",$336.87,"5,127 mi",23,$0.0657
PRG,DMM,"8,254",$257.37,"2,411 mi",23,$0.1067
PRG,BGO,"8,251",$173.45,812 mi,23,$0.2136
NAP,SAN,"8,249",$959.34,"6,680 mi",23,$0.1436
NTE,QSR,"8,248",$255.77,964 mi,23,$0.2653
PMI,HUY,"8,244",$187.77,951 mi,23,$0.1974
LHR,GSO,"8,244",$826.99,"4,016 mi",23,$0.2059
OTP,VCE,"8,243",$189.56,654 mi,23,$0.2898
LED,FRA,"8,240",$271.09,"1,119 mi",23,$0.2423
NCL,SYD,"8,237","$1,210.15","10,797 mi",23,$0.1121
VKO,CGN,"8,237",$338.19,"1,315 mi",23,$0.2572
LHR,VPS,"8,232",$671.98,"4,309 mi",23,$0.1559
HEL,HRG,"8,231",$173.11,"2,397 mi",23,$0.0722
AMS,KGL,"8,231",$521.58,"3,910 mi",23,$0.1334
ORY,MVD,"8,229",$588.25,"7,001 mi",23,$0.0840
VCE,ISB,"8,221",$176.44,"3,150 mi",23,$0.0560
ARN,USM,"8,220",$575.86,"5,214 mi",23,$0.1104
BGY,VAR,"8,218",$42.03,935 mi,23,$0.0450
LIS,TBS,"8,217",$303.32,"2,897 mi",23,$0.1047
ORY,JFK,"8,212",$503.72,"3,516 mi",22,$0.1433
LHR,SRQ,"8,210",$946.54,"4,299 mi",22,$0.2202
AMS,BAH,"8,207",$473.83,"3,056 mi",22,$0.1550
BRU,CLT,"8,206",$794.11,"4,323 mi",22,$0.1837
MAD,CCP,"8,203","$1,030.10","7,123 mi",22,$0.1446
LIS,SJU,"8,200",$481.73,"3,549 mi",22,$0.1357
STN,RUH,"8,198",$185.12,"2,959 mi",22,$0.0626
MXP,NQZ,"8,196",$386.85,"2,733 mi",22,$0.1415
LIS,BRI,"8,196",$206.91,"1,417 mi",22,$0.1460
SOF,RMO,"8,196",$120.16,386 mi,22,$0.3113
GOT,TRN,"8,194",$224.89,909 mi,22,$0.2474
DUB,LCA,"8,189",$463.10,"2,243 mi",22,$0.2065
MAD,PER,"8,186","$1,357.89","8,808 mi",22,$0.1542
LGW,TLV,"8,182",$167.69,"2,144 mi",22,$0.0782
VIE,TPA,"8,181",$641.60,"5,350 mi",22,$0.1199
MAD,CVG,"8,180",$827.05,"4,019 mi",22,$0.2058
OTP,BOM,"8,176",$491.84,"3,104 mi",22,$0.1585
PRG,VRN,"8,174",$102.31,350 mi,22,$0.2923
FCO,JRO,"8,174",$421.82,"3,597 mi",22,$0.1173
LIS,YWG,"8,171",$364.63,"4,290 mi",22,$0.0850
LED,BQT,"8,170",$170.43,603 mi,22,$0.2826
GVA,BLQ,"8,169",$229.42,286 mi,22,$0.8022
GOT,YYZ,"8,169",$462.13,"3,928 mi",22,$0.1177
BRU,YYC,"8,168",$467.38,"4,659 mi",22,$0.1003
ARN,TBS,"8,166",$150.41,"1,642 mi",22,$0.0916
CPH,GRZ,"8,164",$270.47,626 mi,22,$0.4321
LIS,GRW,"8,164",$112.84,"1,044 mi",22,$0.1081
PRG,PUS,"8,164",$644.39,"5,488 mi",22,$0.1174
PMI,SDQ,"8,163",$285.65,"4,627 mi",22,$0.0617
BCN,BDS,"8,161",$81.93,853 mi,22,$0.0960
LGW,SEZ,"8,160",$417.89,"5,211 mi",22,$0.0802
LHR,OSD,"8,160",$182.59,949 mi,22,$0.1924
BOD,HAM,"8,159",$264.17,752 mi,22,$0.3513
VCE,ADL,"8,159","$1,062.37","9,848 mi",22,$0.1079
CPH,PDX,"8,158",$622.44,"4,826 mi",22,$0.1290
GLA,NCE,"8,155",$334.04,958 mi,22,$0.3487
LIS,MDE,"8,155",$300.64,"4,540 mi",22,$0.0662
DBV,BEG,"8,154",$77.75,192 mi,22,$0.4049
LIS,CMB,"8,145",$496.48,"6,031 mi",22,$0.0823
ZRH,SVG,"8,145",$175.66,773 mi,22,$0.2272
ARN,MAA,"8,143",$473.00,"4,353 mi",22,$0.1087
FCO,DMM,"8,143",$397.54,"2,299 mi",22,$0.1729
OTP,RUH,"8,141",$414.32,"1,832 mi",22,$0.2262
NAP,BKK,"8,140",$435.04,"5,583 mi",22,$0.0779
BHX,BVC,"8,137",$208.48,"2,679 mi",22,$0.0778
OSL,TIV,"8,133",$183.39,"1,232 mi",22,$0.1489
GOT,TRD,"8,132",$165.06,391 mi,22,$0.4221
LHR,MYJ,"8,132",$984.39,"5,718 mi",22,$0.1722
BRU,VKO,"8,124",$444.29,"1,338 mi",22,$0.3321
FCO,HYD,"8,119",$375.13,"4,088 mi",22,$0.0918
BCN,POA,"8,116",$769.47,"6,162 mi",22,$0.1249
AMS,POS,"8,108",$872.51,"4,776 mi",22,$0.1827
ATH,BGO,"8,102",$275.12,"1,695 mi",22,$0.1623
BHX,XRY,"8,102",$51.47,"1,138 mi",22,$0.0452
VIE,SSH,"8,096",$155.37,"1,737 mi",22,$0.0894
OSL,BRI,"8,088",$221.70,"1,379 mi",22,$0.1608
ATH,SJU,"8,086",$652.02,"5,278 mi",22,$0.1235
LCY,EGC,"8,085",$196.27,448 mi,22,$0.4381
STN,AAL,"8,084",$70.02,511 mi,22,$0.1370
DUB,BWI,"8,084",$365.20,"3,454 mi",22,$0.1057
VCE,VLC,"8,083",$198.30,796 mi,22,$0.2491
ZRH,MCI,"8,081",$812.20,"4,672 mi",22,$0.1738
BRU,TPA,"8,080",$704.87,"4,758 mi",22,$0.1481
LGW,USM,"8,080",$586.38,"6,326 mi",22,$0.0927
VIE,NQZ,"8,079",$352.44,"2,338 mi",22,$0.1507
ARN,LIM,"8,077",$703.03,"7,322 mi",22,$0.0960
LHR,PPT,"8,072","$1,482.02","9,836 mi",22,$0.1507
NCE,MEL,"8,070","$1,872.82","9,896 mi",22,$0.1893
BRU,MBA,"8,067",$294.27,"4,196 mi",22,$0.0701
AGP,YVR,"8,063",$523.63,"5,582 mi",22,$0.0938
ZRH,CNX,"8,060",$523.08,"5,448 mi",22,$0.0960
BRU,OVD,"8,059",$333.00,727 mi,22,$0.4580
MAD,SNU,"8,057",$368.05,"4,665 mi",22,$0.0789
LHR,KKN,"8,055",$128.28,"1,545 mi",22,$0.0830
CPH,EBB,"8,054",$273.80,"3,878 mi",22,$0.0706
ARN,SSH,"8,054",$123.65,"2,253 mi",22,$0.0549
HEL,FLR,"8,052",$209.67,"1,238 mi",22,$0.1694
CDG,UBN,"8,050",$557.83,"4,506 mi",22,$0.1238
DUB,LEJ,"8,049",$183.06,766 mi,22,$0.2390
DUB,BSB,"8,049",$570.47,"5,548 mi",22,$0.1028
VCE,BLL,"8,048",$295.68,699 mi,22,$0.4230
ARN,SVQ,"8,045",$187.10,"1,917 mi",22,$0.0976
SNN,LAX,"8,045",$828.39,"5,262 mi",22,$0.1574
STN,BGW,"8,045",$152.13,"2,605 mi",22,$0.0584
AGP,KUL,"8,044",$442.76,"6,785 mi",22,$0.0653
ATH,POZ,"8,044",$203.16,"1,026 mi",22,$0.1980
FCO,DCA,"8,042",$681.78,"4,612 mi",22,$0.1478
GVA,HAJ,"8,041",$207.47,445 mi,22,$0.4662
FCO,BVC,"8,041",$336.79,"2,815 mi",22,$0.1196
VKO,IAR,"8,034",$104.69,170 mi,22,$0.6158
LHR,NJF,"8,032",$220.37,"2,699 mi",22,$0.0816
LHR,HSV,"8,028",$767.04,"4,120 mi",22,$0.1862
MAD,NKC,"8,027",$229.46,"1,752 mi",22,$0.1310
ARN,HAU,"8,027",$140.07,433 mi,22,$0.3235
NTE,IBZ,"8,025",$130.87,574 mi,22,$0.2280
LHR,HFE,"8,025",$241.77,"5,372 mi",22,$0.0450
BOD,DPS,"8,023",$505.01,"7,667 mi",22,$0.0659
ZAG,SFO,"8,023",$709.39,"5,941 mi",22,$0.1194
DUB,GCI,"8,020",$126.12,327 mi,22,$0.3857
LHR,DLA,"8,018",$384.07,"3,232 mi",22,$0.1188
DUB,CMB,"8,014",$489.79,"5,832 mi",22,$0.0840
BCN,FOC,"8,010",$232.55,"6,503 mi",22,$0.0358
ORY,SCL,"8,010",$720.12,"7,452 mi",22,$0.0966
PRG,ZNZ,"8,010",$368.00,"4,044 mi",22,$0.0910
WAW,BEY,"8,009",$274.51,"1,502 mi",22,$0.1828
BHX,GOT,"8,002",$219.64,640 mi,22,$0.3432
BCN,YOW,"8,001",$412.58,"3,649 mi",22,$0.1131
AGP,PVG,"7,999",$646.42,"6,803 mi",22,$0.0950
EDI,SHA,"7,998",$292.17,"5,428 mi",22,$0.0538
LED,LYS,"7,998",$330.31,"1,460 mi",22,$0.2262
SOF,LJU,"7,998",$186.96,519 mi,22,$0.3602
MAN,ADD,"7,994",$308.49,"3,704 mi",22,$0.0833
LHR,HRB,"7,990",$268.00,"4,866 mi",22,$0.0551
NTE,BOH,"7,990",$73.48,243 mi,22,$0.3024
CDG,VFA,"7,987",$586.21,"4,998 mi",22,$0.1173
ZRH,EVN,"7,986",$212.19,"1,784 mi",22,$0.1189
PMI,MCO,"7,985",$615.33,"4,844 mi",22,$0.1270
MAN,CLT,"7,984",$688.30,"3,988 mi",22,$0.1726
CDG,MYR,"7,982",$669.14,"4,024 mi",22,$0.1663
SVO,PQC,"7,977",$231.93,"4,880 mi",22,$0.0475
LED,SZX,"7,977",$418.85,"4,514 mi",22,$0.0928
LHR,BBI,"7,974",$369.88,"5,125 mi",22,$0.0722
BRU,LED,"7,971",$389.64,"1,208 mi",22,$0.3225
EDI,EZE,"7,969",$864.21,"7,270 mi",22,$0.1189
MXP,OUL,"7,968",$380.07,"1,431 mi",22,$0.2656
LIS,ADL,"7,966","$1,350.01","10,958 mi",22,$0.1232
FCO,TRV,"7,966",$250.07,"4,394 mi",22,$0.0569
LYS,KUL,"7,966",$496.49,"6,209 mi",22,$0.0800
LYS,DEL,"7,965",$552.57,"3,879 mi",22,$0.1425
ZRH,RZE,"7,964",$132.73,620 mi,22,$0.2141
NAP,CLT,"7,963",$484.47,"5,072 mi",22,$0.0955
BCN,SSA,"7,962",$536.79,"4,681 mi",22,$0.1147
DUB,HAJ,"7,959",$210.83,686 mi,22,$0.3073
LIS,MVD,"7,958",$646.21,"6,080 mi",22,$0.1063
VIE,ADL,"7,955","$1,254.75","9,659 mi",22,$0.1299
GLA,VRN,"7,950",$66.04,954 mi,22,$0.0692
HEL,AGA,"7,949",$162.50,"2,525 mi",22,$0.0644
LIS,PER,"7,949","$1,383.78","9,634 mi",22,$0.1436
HEL,YUL,"7,944",$634.95,"3,718 mi",22,$0.1708
PMI,TPA,"7,943",$570.74,"4,639 mi",22,$0.1230
LGW,HGH,"7,937",$323.09,"5,931 mi",22,$0.0545
ARN,VRN,"7,937",$202.64,"1,058 mi",22,$0.1915
PMI,GRU,"7,934",$844.22,"5,547 mi",22,$0.1522
WAW,RVN,"7,933",$319.34,979 mi,22,$0.3262
OSL,BNE,"7,926","$1,156.20","9,270 mi",22,$0.1247
FCO,SID,"7,925",$286.95,"2,624 mi",22,$0.1094
VIE,HYD,"7,925",$562.81,"3,926 mi",22,$0.1434
AMS,AAR,"7,923",$191.09,374 mi,22,$0.5109
EDI,LOS,"7,920",$455.90,"3,328 mi",22,$0.1370
BRU,DTW,"7,919",$824.96,"4,083 mi",22,$0.2020
LIS,BEY,"7,917",$459.03,"2,559 mi",22,$0.1794
CDG,SDF,"7,916",$682.10,"4,100 mi",22,$0.1664
PRG,SPC,"7,916",$267.02,"2,301 mi",22,$0.1160
DUB,SAT,"7,914",$712.94,"4,833 mi",22,$0.1475
PRG,FAO,"7,914",$104.62,"1,467 mi",22,$0.0713
AGP,BTS,"7,911",$99.75,"1,314 mi",22,$0.0759
ZAG,HND,"7,911",$724.10,"5,642 mi",22,$0.1283
WAW,ATL,"7,908",$738.72,"4,854 mi",22,$0.1522
OSL,LJU,"7,904",$196.70,946 mi,22,$0.2079
LIS,OUL,"7,903",$337.16,"2,206 mi",22,$0.1528
MAN,CCU,"7,898",$481.00,"4,853 mi",22,$0.0991
LIS,BNE,"7,897","$1,460.10","10,812 mi",22,$0.1350
CDG,OKA,"7,897",$585.99,"6,052 mi",22,$0.0968
CDG,CNX,"7,894",$430.80,"5,694 mi",22,$0.0757
GVA,MSP,"7,893",$849.91,"4,324 mi",22,$0.1966
LIS,FLL,"7,893",$384.65,"4,256 mi",22,$0.0904
FCO,ACE,"7,890",$324.91,"1,746 mi",22,$0.1861
CPH,SSH,"7,884",$115.86,"2,127 mi",22,$0.0545
BRU,OUL,"7,883",$309.91,"1,260 mi",22,$0.2460
DUB,TRD,"7,883",$182.54,953 mi,22,$0.1915
LGW,GIG,"7,883",$557.25,"5,912 mi",22,$0.0943
VKO,NAJ,"7,882",$116.73,"1,230 mi",22,$0.0949
CPH,KKN,"7,881",$167.45,"1,141 mi",22,$0.1468
CDG,SKP,"7,878",$172.89,"1,071 mi",22,$0.1614
ATH,AKL,"7,877","$1,372.57","10,518 mi",22,$0.1305
MAN,EZE,"7,869","$1,065.99","6,750 mi",22,$0.1579
GOT,MNL,"7,868",$384.27,"5,858 mi",22,$0.0656
BUD,HGH,"7,865",$149.69,"5,031 mi",22,$0.0298
LHR,LYR,"7,865",$230.30,"1,835 mi",22,$0.1255
MRS,QSF,"7,861",$107.16,517 mi,22,$0.2073
NAP,AOK,"7,860",$184.58,769 mi,22,$0.2400
MAD,LRM,"7,859",$198.61,"4,239 mi",22,$0.0469
BOD,DXB,"7,858",$624.32,"3,271 mi",22,$0.1909
CDG,BUF,"7,857",$536.89,"3,847 mi",22,$0.1396
AMS,CNF,"7,853",$634.54,"5,593 mi",22,$0.1135
ATH,OLB,"7,850",$206.04,772 mi,22,$0.2669
OSL,BEY,"7,848",$188.99,"2,063 mi",22,$0.0916
ARN,FUE,"7,839",$218.17,"2,700 mi",21,$0.0808
ATH,AYT,"7,835",$155.57,372 mi,21,$0.4182
MXP,SLC,"7,834",$806.09,"5,271 mi",21,$0.1529
ATH,TGD,"7,832",$144.94,381 mi,21,$0.3804
BCN,ASR,"7,832",$220.28,"1,712 mi",21,$0.1287
HEL,PER,"7,823","$1,238.05","7,897 mi",21,$0.1568
MRS,GRU,"7,823",$867.08,"5,833 mi",21,$0.1487
MAD,CDT,"7,823",$56.18,199 mi,21,$0.2823
BRU,BGW,"7,820",$203.79,"2,405 mi",21,$0.0847
AGP,CUN,"7,807",$303.84,"5,104 mi",21,$0.0595
CDG,GRR,"7,807",$769.27,"4,128 mi",21,$0.1864
OSL,NUE,"7,807",$219.40,761 mi,21,$0.2883
PRG,NBO,"7,806",$395.02,"3,912 mi",21,$0.1010
BCN,SJJ,"7,803",$168.86,819 mi,21,$0.2062
LIS,PIT,"7,801",$603.21,"3,787 mi",21,$0.1593
ATH,ORF,"7,799",$828.01,"5,341 mi",21,$0.1550
CDG,YYJ,"7,798",$411.22,"5,111 mi",21,$0.0805
STN,BNE,"7,796","$1,294.43","10,545 mi",21,$0.1228
BHX,AKL,"7,794","$1,384.76","11,697 mi",21,$0.1184
OTP,AES,"7,792",$357.38,"1,431 mi",21,$0.2497
VKO,SVQ,"7,792",$152.53,"2,280 mi",21,$0.0669
BUD,KRK,"7,791",$200.51,178 mi,21,$1.1265
LYS,FDF,"7,791",$529.02,"4,221 mi",21,$0.1253
MAN,PHL,"7,791",$854.44,"3,322 mi",21,$0.2572
MAN,BSR,"7,791",$557.84,"3,016 mi",21,$0.1850
WAW,EZE,"7,791",$953.63,"7,903 mi",21,$0.1207
OSL,OSY,"7,790",$183.01,305 mi,21,$0.6000
GVA,GYD,"7,789",$597.20,"2,280 mi",21,$0.2619
ZRH,RMO,"7,789",$216.50,984 mi,21,$0.2200
OSL,PER,"7,788","$1,364.67","8,348 mi",21,$0.1635
BHX,ADL,"7,784","$1,162.26","9,849 mi",21,$0.1180
CDG,CSK,"7,784",$318.83,"2,843 mi",21,$0.1121
CPH,VRN,"7,782",$152.60,732 mi,21,$0.2085
EDI,BLL,"7,779",$259.10,500 mi,21,$0.5182
AGP,KIX,"7,775",$425.67,"6,677 mi",21,$0.0638
OSL,SHA,"7,775",$289.54,"4,852 mi",21,$0.0597
OSL,MLE,"7,774",$527.20,"4,890 mi",21,$0.1078
VCE,PER,"7,773",$974.81,"8,622 mi",21,$0.1131
ZRH,AGA,"7,773",$196.93,"1,474 mi",21,$0.1336
CDG,VAA,"7,770",$352.54,"1,247 mi",21,$0.2827
ATH,TRN,"7,769",$117.80,949 mi,21,$0.1241
LHR,DRW,"7,769","$1,192.54","8,878 mi",21,$0.1343
NAP,SIN,"7,766",$799.12,"6,325 mi",21,$0.1263
DUB,SVG,"7,765",$178.12,610 mi,21,$0.2920
OSL,RVN,"7,760",$226.46,612 mi,21,$0.3700
ZAG,NRT,"7,760",$637.29,"5,649 mi",21,$0.1128
NCE,SAN,"7,758","$1,119.59","5,918 mi",21,$0.1892
MAD,ANF,"7,755","$1,185.24","5,971 mi",21,$0.1985
VCE,ALG,"7,754",$226.13,749 mi,21,$0.3019
ARN,CUN,"7,752",$392.55,"5,628 mi",21,$0.0697
CPH,CLT,"7,750",$578.75,"4,252 mi",21,$0.1361
CPH,TNG,"7,749",$232.78,"1,580 mi",21,$0.1473
ATH,RSW,"7,749",$965.56,"6,063 mi",21,$0.1593
NCE,TRF,"7,747",$107.81,"1,048 mi",21,$0.1029
LGW,GRO,"7,743",$92.72,674 mi,21,$0.1376
SVO,DWC,"7,740",$845.41,"2,256 mi",21,$0.3747
HEL,BLR,"7,738",$655.34,"4,316 mi",21,$0.1518
ZRH,CVG,"7,735",$807.59,"4,305 mi",21,$0.1876
LHR,LEX,"7,734",$659.19,"4,117 mi",21,$0.1601
MAN,WUH,"7,733",$363.09,"5,659 mi",21,$0.0642
ATH,LOS,"7,731",$643.32,"2,447 mi",21,$0.2629
DUB,SJU,"7,731",$900.06,"4,084 mi",21,$0.2204
GLA,LIN,"7,731",$313.31,906 mi,21,$0.3458
BUD,NTE,"7,725",$201.03,946 mi,21,$0.2125
ARN,RUH,"7,721",$645.19,"2,683 mi",21,$0.2405
NCE,NCL,"7,719",$271.78,906 mi,21,$0.3000
ARN,NCL,"7,715",$279.45,818 mi,21,$0.3416
NAP,DTW,"7,712",$718.89,"4,880 mi",21,$0.1473
AGP,TOS,"7,710",$183.41,"2,515 mi",21,$0.0729
STN,TZX,"7,709",$179.60,"1,938 mi",21,$0.0927
ATH,SAT,"7,707",$764.95,"6,669 mi",21,$0.1147
LHR,OKA,"7,707","$1,447.94","6,402 mi",21,$0.2262
ZRH,SPC,"7,707",$338.99,"1,859 mi",21,$0.1824
HEL,CAI,"7,706",$260.53,"2,170 mi",21,$0.1201
ZRH,TIV,"7,702",$164.00,589 mi,21,$0.2784
HEL,ATL,"7,701",$902.57,"4,971 mi",21,$0.1816
BUD,GZP,"7,701",$139.79,987 mi,21,$0.1416
MRS,TNR,"7,701",$478.45,"4,913 mi",21,$0.0974
HEL,CGK,"7,700","$1,241.84","6,114 mi",21,$0.2031
MAD,TUC,"7,699",$521.20,"6,282 mi",21,$0.0830
GLA,GRO,"7,693",$87.06,"1,049 mi",21,$0.0830
LIS,SGN,"7,689",$631.01,"6,866 mi",21,$0.0919
DME,JFK,"7,688","$1,151.61","4,547 mi",21,$0.2533
LGW,DAR,"7,684",$393.08,"4,780 mi",21,$0.0822
ARN,PER,"7,680","$1,045.82","8,618 mi",21,$0.1214
VKO,ARH,"7,680",$148.68,614 mi,21,$0.2421
LHR,PSP,"7,677","$1,099.98","5,225 mi",21,$0.2105
ZAG,MIA,"7,673",$616.03,"5,408 mi",21,$0.1139
CDG,YYT,"7,669",$317.30,"2,561 mi",21,$0.1239
CDG,PAS,"7,665",$276.13,"1,443 mi",21,$0.1914
CPH,SCL,"7,664",$827.22,"7,614 mi",21,$0.1086
NCE,BBU,"7,664",$53.16,909 mi,21,$0.0585
LHR,CJB,"7,663",$422.44,"5,240 mi",21,$0.0806
NCE,LPA,"7,660",$532.16,"1,709 mi",21,$0.3114
GLA,JNB,"7,656",$804.97,"6,162 mi",21,$0.1306
MXP,VVI,"7,656",$436.77,"6,442 mi",21,$0.0678
BGY,LGW,"7,654",$82.95,608 mi,21,$0.1364
MXP,ACC,"7,654",$218.42,"2,732 mi",21,$0.0799
GOT,HRG,"7,653",$116.90,"2,281 mi",21,$0.0512
OSL,CAN,"7,647",$321.25,"5,069 mi",21,$0.0634
LED,ZRH,"7,647",$389.43,"1,184 mi",21,$0.3289
WAW,OMR,"7,647",$78.54,369 mi,21,$0.2128
MRS,SGN,"7,645",$468.06,"6,455 mi",21,$0.0725
SOF,YUL,"7,641",$343.76,"4,370 mi",21,$0.0787
SOF,BKK,"7,638",$474.23,"5,090 mi",21,$0.0932
GVA,ADD,"7,638",$481.42,"3,312 mi",21,$0.1454
ATH,SVG,"7,637",$303.98,"1,710 mi",21,$0.1778
CDG,VIX,"7,637",$648.90,"5,298 mi",21,$0.1225
ATH,SCL,"7,635",$889.98,"7,582 mi",21,$0.1174
ATH,HKT,"7,635",$300.79,"5,174 mi",21,$0.0581
SVO,TNA,"7,628",$297.28,"3,672 mi",21,$0.0810
BCN,JRO,"7,625",$443.53,"3,680 mi",21,$0.1205
LGW,LLA,"7,625",$244.31,"1,306 mi",21,$0.1871
LHR,ICT,"7,623",$941.42,"4,376 mi",21,$0.2151
LHR,FOR,"7,622",$696.46,"4,292 mi",21,$0.1623
MAD,SMR,"7,621",$627.89,"4,567 mi",21,$0.1375
NAP,HAJ,"7,620",$167.43,854 mi,21,$0.1961
AMS,SHE,"7,614",$248.64,"5,136 mi",21,$0.0484
VKO,SKG,"7,612",$704.89,"1,190 mi",21,$0.5923
EDI,HYD,"7,611",$359.03,"4,774 mi",21,$0.0752
HEL,JNB,"7,606",$632.38,"6,155 mi",21,$0.1027
MAD,CLE,"7,602",$653.77,"4,053 mi",21,$0.1613
MAD,FLL,"7,600",$356.33,"4,530 mi",21,$0.0787
AMS,SUF,"7,597",$111.95,"1,044 mi",21,$0.1072
CPH,LIM,"7,597",$710.29,"6,686 mi",21,$0.1062
BUD,PER,"7,596","$1,187.55","7,853 mi",21,$0.1512
PMI,DEL,"7,596",$332.67,"4,079 mi",21,$0.0816
CDG,SZF,"7,590",$187.25,"1,778 mi",21,$0.1053
BOD,BOS,"7,586",$779.60,"3,306 mi",21,$0.2358
MXP,ZAG,"7,582",$177.45,366 mi,21,$0.4848
NCL,OSL,"7,580",$350.44,573 mi,21,$0.6116
OSL,LAS,"7,576",$540.32,"5,276 mi",21,$0.1024
MRS,GIG,"7,575",$691.09,"5,348 mi",21,$0.1292
OSL,PMO,"7,575",$162.59,"1,569 mi",21,$0.1036
AGP,LIM,"7,573",$642.33,"5,609 mi",21,$0.1145
CDG,UME,"7,566",$149.61,"1,180 mi",21,$0.1268
BRU,COV,"7,553",$201.59,"1,839 mi",21,$0.1096
NAP,MLE,"7,551",$262.12,"4,576 mi",21,$0.0573
LED,BER,"7,542",$272.99,846 mi,21,$0.3227
CDG,SRQ,"7,542",$988.49,"4,464 mi",21,$0.2214
LED,CMN,"7,541",$260.47,"2,575 mi",21,$0.1012
AMS,MVD,"7,539",$621.76,"7,255 mi",21,$0.0857
MXP,CVG,"7,538",$944.44,"4,645 mi",21,$0.2033
WAW,TLS,"7,535",$265.49,"1,045 mi",21,$0.2541
AGP,JNB,"7,535",$715.13,"4,689 mi",21,$0.1525
LCY,PRG,"7,535",$185.87,646 mi,21,$0.2877
BHX,OSL,"7,534",$244.53,702 mi,21,$0.3483
GVA,ZAG,"7,534",$204.79,465 mi,21,$0.4404
WAW,NUE,"7,530",$309.02,483 mi,21,$0.6398
MAN,TPA,"7,530",$508.04,"4,172 mi",21,$0.1218
BUD,ALA,"7,529",$313.63,"2,836 mi",21,$0.1106
BGY,RMF,"7,528",$234.69,"2,014 mi",21,$0.1165
BCN,MAA,"7,527",$622.12,"4,865 mi",21,$0.1279
LYS,PTP,"7,523",$510.15,"4,426 mi",21,$0.1153
MAD,YOW,"7,523",$639.71,"3,646 mi",21,$0.1755
BRU,SZG,"7,519",$348.76,452 mi,21,$0.7716
AGP,DOH,"7,514",$594.85,"3,469 mi",21,$0.1715
GVA,BSB,"7,511",$955.57,"5,611 mi",21,$0.1703
CDG,VXE,"7,507",$225.69,"2,627 mi",21,$0.0859
ATH,AAL,"7,504",$399.43,"1,427 mi",21,$0.2799
LHR,FAI,"7,500",$734.42,"4,341 mi",21,$0.1692
NCE,ABJ,"7,498",$792.78,"2,821 mi",21,$0.2810
AMS,HAU,"7,497",$261.84,502 mi,21,$0.5216
BCN,DMM,"7,496",$504.55,"2,795 mi",21,$0.1805
OTP,HND,"7,495",$925.00,"5,355 mi",21,$0.1727
MXP,SJO,"7,493",$627.80,"5,690 mi",21,$0.1103
LHR,ONT,"7,487",$424.86,"5,572 mi",21,$0.0762
BUD,AUS,"7,486",$692.62,"5,625 mi",21,$0.1231
DME,BEY,"7,485",$151.62,"1,451 mi",21,$0.1045
AMS,LGA,"7,484",$516.06,"3,740 mi",21,$0.1380
GLA,EFL,"7,480",$121.47,"1,730 mi",20,$0.0702
BCN,CHS,"7,479",$757.61,"4,525 mi",20,$0.1674
AMS,BUS,"7,477",$200.35,"1,806 mi",20,$0.1109
LGW,ADD,"7,468",$412.42,"3,545 mi",20,$0.1163
BUD,CMB,"7,465",$568.71,"4,632 mi",20,$0.1228
MAD,NKG,"7,464",$346.85,"6,052 mi",20,$0.0573
PMI,KRS,"7,463",$147.99,"1,271 mi",20,$0.1164
CDG,SZG,"7,461",$246.91,472 mi,20,$0.5231
VCE,ALC,"7,459",$211.43,854 mi,20,$0.2476
OSL,CGK,"7,457",$912.19,"6,573 mi",20,$0.1388
DUB,CCJ,"7,453",$352.81,"5,440 mi",20,$0.0649
BRU,DAR,"7,451",$314.48,"4,360 mi",20,$0.0721
VCE,FOG,"7,450",$49.82,313 mi,20,$0.1592
PRG,EZE,"7,445",$851.40,"7,130 mi",20,$0.1194
ORY,SJO,"7,445",$448.45,"5,380 mi",20,$0.0834
NCL,BOM,"7,444",$616.06,"4,672 mi",20,$0.1319
LGW,GOI,"7,443",$166.04,"4,564 mi",20,$0.0364
OSL,VBY,"7,441",$145.07,321 mi,20,$0.4519
LED,VIE,"7,435",$374.35,"1,006 mi",20,$0.3721
GVA,CLO,"7,433",$652.97,"5,853 mi",20,$0.1116
ATH,ABZ,"7,430",$379.69,"1,730 mi",20,$0.2195
CPH,JEG,"7,425",$208.38,"2,229 mi",20,$0.0935
NCL,ORD,"7,425",$819.55,"3,901 mi",20,$0.2101
VIE,CEB,"7,422",$474.02,"6,663 mi",20,$0.0711
VKO,ASR,"7,418",$175.34,"1,130 mi",20,$0.1552
LGW,XIY,"7,416",$315.47,"4,971 mi",20,$0.0635
OSL,DFW,"7,412",$755.95,"4,694 mi",20,$0.1610
WAW,GNB,"7,408",$44.78,876 mi,20,$0.0511
CPH,AEY,"7,407",$331.46,"1,194 mi",20,$0.2776
GVA,EBB,"7,404",$542.28,"3,462 mi",20,$0.1566
OTP,MRU,"7,404",$577.25,"5,060 mi",20,$0.1141
AGP,AYT,"7,403",$343.97,"2,000 mi",20,$0.1720
MAN,SOU,"7,401",$154.97,176 mi,20,$0.8805
LHR,AAR,"7,396",$185.43,577 mi,20,$0.3214
VKO,PEE,"7,396",$211.49,704 mi,20,$0.3004
BHX,LAX,"7,395",$608.90,"5,518 mi",20,$0.1103
NCL,JTR,"7,389",$147.84,"1,870 mi",20,$0.0791
HEL,UME,"7,389",$122.38,293 mi,20,$0.4177
LYS,HAJ,"7,388",$197.38,495 mi,20,$0.3987
FCO,CLO,"7,386",$527.15,"6,164 mi",20,$0.0855
VIE,TRN,"7,384",$203.26,482 mi,20,$0.4217
GVA,FOR,"7,383",$587.09,"4,267 mi",20,$0.1376
HEL,SVG,"7,382",$211.29,660 mi,20,$0.3201
AMS,KNO,"7,379",$636.53,"6,378 mi",20,$0.0998
LED,DUS,"7,378",$303.81,"1,114 mi",20,$0.2727
BGY,SCV,"7,377",$140.04,776 mi,20,$0.1805
CDG,KBV,"7,377",$481.31,"5,903 mi",20,$0.0815
SVO,HFE,"7,377",$311.67,"4,151 mi",20,$0.0751
AMS,DSS,"7,374",$431.20,"2,950 mi",20,$0.1462
MAN,DUR,"7,373",$599.22,"5,891 mi",20,$0.1017
AMS,OMA,"7,370",$618.44,"4,559 mi",20,$0.1357
DUB,FOC,"7,370",$283.21,"6,255 mi",20,$0.0453
LIS,IND,"7,368",$575.74,"4,111 mi",20,$0.1400
FCO,AJA,"7,365",$136.57,182 mi,20,$0.7504
EDI,AUH,"7,364",$396.70,"3,716 mi",20,$0.1068
FCO,HNL,"7,363",$703.63,"8,270 mi",20,$0.0851
BHX,SZG,"7,362",$140.33,705 mi,20,$0.1990
LED,SIN,"7,362",$610.58,"5,409 mi",20,$0.1129
BCN,SSH,"7,360",$216.62,"2,099 mi",20,$0.1032
CDG,BEL,"7,357",$807.97,"4,752 mi",20,$0.1700
ATH,YOW,"7,356",$416.45,"4,971 mi",20,$0.0838
ZAG,IAD,"7,349",$816.25,"4,381 mi",20,$0.1863
CDG,DRS,"7,346",$316.99,502 mi,20,$0.6315
OSL,TLV,"7,346",$386.19,"2,296 mi",20,$0.1682
VCE,TLL,"7,346",$185.38,"1,058 mi",20,$0.1752
MRS,AMM,"7,346",$140.75,"1,911 mi",20,$0.0737
GLA,MXP,"7,344",$184.77,882 mi,20,$0.2095
CDG,PEI,"7,342",$592.52,"5,600 mi",20,$0.1058
SOF,TRN,"7,341",$74.38,825 mi,20,$0.0902
MAD,LEJ,"7,339",$222.43,"1,035 mi",20,$0.2149
MXP,MDE,"7,337",$455.20,"5,462 mi",20,$0.0833
LED,MUC,"7,336",$381.89,"1,114 mi",20,$0.3428
STN,PER,"7,330","$1,014.35","9,256 mi",20,$0.1096
AGP,RMO,"7,327",$307.11,"1,899 mi",20,$0.1617
CDG,SAV,"7,325",$964.29,"4,187 mi",20,$0.2303
BHX,WAW,"7,322",$234.87,985 mi,20,$0.2384
HEL,BEG,"7,321",$279.66,"1,121 mi",20,$0.2495
WAW,LAS,"7,317",$775.82,"5,965 mi",20,$0.1301
OTP,YVR,"7,316",$553.09,"5,869 mi",20,$0.0942
AMS,CHS,"7,311",$772.65,"4,381 mi",20,$0.1764
GVA,USM,"7,310",$441.97,"5,752 mi",20,$0.0768
MAD,LAD,"7,309",$647.52,"3,467 mi",20,$0.1868
LHR,RZE,"7,307",$203.34,"1,011 mi",20,$0.2011
AMS,CSX,"7,307",$236.75,"5,246 mi",20,$0.0451
AMS,DUR,"7,307",$637.54,"6,056 mi",20,$0.1053
GOT,IAD,"7,306",$631.40,"4,113 mi",20,$0.1535
MAN,SEZ,"7,306",$588.44,"5,367 mi",20,$0.1096
LGW,NUM,"7,301",$687.43,"2,512 mi",20,$0.2737
MXP,PUS,"7,299",$810.40,"5,553 mi",20,$0.1459
MAD,SVG,"7,298",$367.89,"1,372 mi",20,$0.2681
NTE,DUS,"7,298",$236.68,487 mi,20,$0.4860
ATH,CHS,"7,296",$817.39,"5,692 mi",20,$0.1436
BGY,BVC,"7,286",$385.53,"2,691 mi",20,$0.1433
NCL,YYZ,"7,285",$427.25,"3,302 mi",20,$0.1294
WAW,DFW,"7,285","$1,163.88","5,637 mi",20,$0.2065
LED,CAI,"7,279",$390.27,"2,113 mi",20,$0.1847
AGP,RVN,"7,272",$229.83,"2,317 mi",20,$0.0992
MRS,DEL,"7,272",$487.76,"3,900 mi",20,$0.1251
BCN,LLA,"7,272",$191.46,"1,793 mi",20,$0.1068
DME,LHR,"7,270","$1,124.17","1,534 mi",20,$0.7328
VIE,CLT,"7,269",$676.25,"4,626 mi",20,$0.1462
SVO,CPT,"7,265",$533.77,"6,123 mi",20,$0.0872
ORY,VAR,"7,263",$138.02,"1,234 mi",20,$0.1118
LHR,TNR,"7,262",$627.32,"5,481 mi",20,$0.1145
GVA,BJV,"7,259",$552.46,"1,229 mi",20,$0.4495
NCE,CLT,"7,255",$548.77,"4,380 mi",20,$0.1253
GVA,LJU,"7,253",$219.24,387 mi,20,$0.5665
MXP,ADD,"7,251",$360.85,"3,004 mi",20,$0.1201
STN,ISB,"7,251",$520.46,"3,838 mi",20,$0.1356
MXP,FOC,"7,249",$304.19,"5,694 mi",20,$0.0534
ATH,CMB,"7,245",$385.78,"3,954 mi",20,$0.0976
MAD,RHO,"7,245",$295.98,"1,674 mi",20,$0.1768
VIE,SVG,"7,241",$226.33,841 mi,20,$0.2691
DME,LAD,"7,239","$1,217.43","4,802 mi",20,$0.2535
BCN,SHA,"7,235",$455.62,"5,925 mi",20,$0.0769
WAW,AMM,"7,235",$272.38,"1,554 mi",20,$0.1753
BCN,TAO,"7,232",$317.43,"5,619 mi",20,$0.0565
NCE,BDS,"7,232",$110.68,569 mi,20,$0.1945
VIE,UBN,"7,230",$339.66,"3,803 mi",20,$0.0893
DBV,BSL,"7,229",$118.24,609 mi,20,$0.1942
NCL,HAM,"7,229",$304.62,466 mi,20,$0.6537
LHR,CUZ,"7,228",$764.02,"6,366 mi",20,$0.1200
BHX,MAA,"7,227",$649.45,"5,015 mi",20,$0.1295
PRG,IBZ,"7,226",$252.99,970 mi,20,$0.2608
FCO,MDZ,"7,225",$732.68,"7,493 mi",20,$0.0978
WAW,SHA,"7,225",$399.84,"4,802 mi",20,$0.0833
DUB,SMF,"7,221",$668.53,"4,849 mi",20,$0.1379
BHX,ORD,"7,220",$609.95,"3,746 mi",20,$0.1628
MAD,CMH,"7,218",$638.63,"3,908 mi",20,$0.1634
LGW,SHE,"7,212",$279.73,"5,343 mi",20,$0.0524
MAN,LJU,"7,211",$214.87,918 mi,20,$0.2341
LED,HND,"7,207",$476.21,"4,878 mi",20,$0.0976
PMI,FLR,"7,206",$280.64,510 mi,20,$0.5503
OTP,TLS,"7,204",$269.13,"1,187 mi",20,$0.2267
BCN,ZAZ,"7,200",$47.97,168 mi,20,$0.2855
ARN,IAH,"7,199",$875.60,"5,338 mi",20,$0.1640
NAP,PVG,"7,197",$528.73,"5,478 mi",20,$0.0965
NCE,DTW,"7,194",$898.84,"4,462 mi",20,$0.2014
CPH,HYD,"7,192",$328.27,"4,429 mi",20,$0.0741
BRU,BSL,"7,190",$190.70,274 mi,20,$0.6960
NAP,EMA,"7,185",$111.04,"1,135 mi",20,$0.0978
VIE,GZT,"7,185",$93.27,"1,346 mi",20,$0.0693
BUD,SAN,"7,185",$727.57,"6,462 mi",20,$0.1126
FCO,GYE,"7,181",$455.71,"6,234 mi",20,$0.0731
WAW,IBZ,"7,177",$256.86,"1,351 mi",20,$0.1901
GVA,KGL,"7,176",$559.25,"3,529 mi",20,$0.1585
LHR,VBY,"7,176",$210.66,888 mi,20,$0.2372
GLA,CHQ,"7,175",$167.55,"1,884 mi",20,$0.0889
MAD,SLP,"7,167",$534.89,"5,767 mi",20,$0.0928
OTP,TUN,"7,165",$325.86,955 mi,20,$0.3412
PMI,CTA,"7,163",$186.12,661 mi,20,$0.2816
BRU,BNE,"7,162","$1,164.59","10,434 mi",20,$0.1116
LYS,SID,"7,157",$201.93,"2,648 mi",20,$0.0763
LYS,NUE,"7,154",$229.01,392 mi,20,$0.5842
MXP,BOO,"7,153",$199.67,"1,554 mi",20,$0.1285
ARN,TPA,"7,149",$425.30,"5,060 mi",20,$0.0841
AMS,BOI,"7,147",$868.71,"4,792 mi",20,$0.1813
ARN,BRI,"7,145",$198.53,"1,242 mi",20,$0.1598
ZAG,OPO,"7,140",$204.33,"1,235 mi",20,$0.1654
ORY,SBH,"7,134","$1,017.95","4,297 mi",20,$0.2369
DUB,SJO,"7,134",$955.29,"5,324 mi",20,$0.1794
AMS,BGI,"7,133",$598.89,"4,292 mi",20,$0.1395
PRG,LAS,"7,133",$617.00,"5,559 mi",20,$0.1110
DUB,GYN,"7,133",$575.11,"5,305 mi",20,$0.1084
PMI,IST,"7,130",$354.09,"1,409 mi",20,$0.2513
VIE,SPC,"7,130",$579.40,"2,334 mi",20,$0.2482
OSL,MEX,"7,129",$469.57,"5,543 mi",20,$0.0847
SVO,TGD,"7,129",$496.68,"1,277 mi",20,$0.3889
HEL,AAL,"7,125",$169.38,567 mi,20,$0.2987
CDG,ATQ,"7,122",$282.15,"3,717 mi",20,$0.0759
DUB,DSM,"7,122",$435.43,"3,782 mi",20,$0.1151
GOT,HKT,"7,115",$451.78,"5,766 mi",19,$0.0784
GOT,DEL,"7,113",$486.03,"3,762 mi",19,$0.1292
GLA,HKT,"7,110",$541.83,"6,428 mi",19,$0.0843
CDG,OGG,"7,108","$1,132.47","7,213 mi",19,$0.1570
GOT,VNO,"7,108",$128.03,557 mi,19,$0.2299
BCN,PBI,"7,106",$746.48,"4,781 mi",19,$0.1561
AMS,CWB,"7,101",$696.28,"6,094 mi",19,$0.1143
ARN,GLA,"7,100",$316.77,885 mi,19,$0.3579
SOF,LUX,"7,098",$233.16,977 mi,19,$0.2386
LYS,MEX,"7,098",$723.28,"6,089 mi",19,$0.1188
NCE,CMB,"7,097",$323.85,"4,862 mi",19,$0.0666
CPH,YYC,"7,096",$441.48,"4,321 mi",19,$0.1022
HEL,MLE,"7,096",$469.48,"4,770 mi",19,$0.0984
VKO,HAM,"7,096",$406.27,"1,125 mi",19,$0.3611
BGY,OMR,"7,094",$66.03,607 mi,19,$0.1088
GVA,DMM,"7,094",$608.72,"2,659 mi",19,$0.2289
LED,GDX,"7,094",$315.16,"3,678 mi",19,$0.0857
BCN,FUK,"7,094",$755.54,"6,122 mi",19,$0.1234
LHR,PVR,"7,092",$677.95,"5,541 mi",19,$0.1224
NTE,TLN,"7,087",$54.54,456 mi,19,$0.1196
ATH,SXB,"7,086",$148.58,"1,129 mi",19,$0.1316
ARN,SAN,"7,084",$557.79,"5,727 mi",19,$0.0974
BCN,IGU,"7,083",$587.02,"6,044 mi",19,$0.0971
BCN,QSR,"7,079",$138.42,691 mi,19,$0.2003
ARN,UBN,"7,078",$294.27,"3,344 mi",19,$0.0880
FCO,ELP,"7,077",$429.60,"5,849 mi",19,$0.0734
MAD,QRO,"7,077",$558.33,"5,805 mi",19,$0.0962
MRS,KIX,"7,077",$662.00,"6,018 mi",19,$0.1100
BRU,CUR,"7,074",$358.38,"4,992 mi",19,$0.0718
LHR,VAR,"7,073",$218.09,"1,473 mi",19,$0.1481
ZAG,BOS,"7,072",$511.52,"3,981 mi",19,$0.1285
ZRH,CHC,"7,071","$1,139.94","11,963 mi",19,$0.0953
LIS,LCG,"7,069",$278.09,324 mi,19,$0.8583
GVA,WRO,"7,063",$168.64,613 mi,19,$0.2751
DME,ALA,"7,060",$148.54,"1,971 mi",19,$0.0754
SVO,GRU,"7,056",$898.54,"7,100 mi",19,$0.1266
ATH,TRD,"7,056",$251.26,"1,900 mi",19,$0.1322
BHX,HAJ,"7,049",$176.06,495 mi,19,$0.3557
LGW,EVE,"7,047",$198.32,"1,363 mi",19,$0.1455
ORY,MDE,"7,045",$339.90,"5,183 mi",19,$0.0656
VCE,PNL,"7,044",$148.56,619 mi,19,$0.2400
MAN,SAN,"7,043",$912.75,"5,491 mi",19,$0.1662
MRS,JNB,"7,043",$582.32,"5,175 mi",19,$0.1125
OTP,DMM,"7,043",$303.35,"1,761 mi",19,$0.1723
LGW,SKB,"7,042",$979.90,"3,986 mi",19,$0.2458
MXP,NAT,"7,042",$490.43,"4,602 mi",19,$0.1066
VCE,NBO,"7,041",$603.60,"3,674 mi",19,$0.1643
DBV,MIA,"7,037",$823.95,"5,276 mi",19,$0.1562
AMS,CKG,"7,036",$278.37,"5,234 mi",19,$0.0532
MRS,TLL,"7,035",$254.70,"1,338 mi",19,$0.1904
FCO,SAL,"7,033",$509.35,"6,352 mi",19,$0.0802
NCE,USM,"7,032",$446.36,"6,082 mi",19,$0.0734
VCE,TFN,"7,032",$202.62,"2,014 mi",19,$0.1006
BCN,CNF,"7,032",$708.06,"4,984 mi",19,$0.1421
BRU,BSB,"7,025",$731.80,"5,423 mi",19,$0.1349
CPH,CMN,"7,023",$225.31,"1,873 mi",19,$0.1203
ARN,EZE,"7,023",$932.81,"7,593 mi",19,$0.1229
DUB,BEY,"7,019",$385.86,"2,365 mi",19,$0.1632
HEL,KTM,"7,019",$409.25,"3,462 mi",19,$0.1182
LIS,HAV,"7,013",$212.81,"4,234 mi",19,$0.0503
PRG,LIN,"7,011",$230.53,384 mi,19,$0.6003
PRG,SJO,"7,008",$643.19,"5,877 mi",19,$0.1094
BHX,BLQ,"7,008",$250.64,784 mi,19,$0.3197
PRG,SKP,"7,007",$145.30,643 mi,19,$0.2260
AGP,CLO,"7,005",$505.31,"4,919 mi",19,$0.1027
LIS,STL,"7,003",$706.70,"4,089 mi",19,$0.1728
BOD,MIA,"7,003",$702.89,"4,357 mi",19,$0.1613
LYS,BEY,"7,002",$230.85,"1,743 mi",19,$0.1324
MXP,CCS,"7,002",$388.70,"4,857 mi",19,$0.0800
DME,CMN,"7,000",$358.63,"2,723 mi",19,$0.1317
PRG,BNE,"7,000","$1,106.29","10,064 mi",19,$0.1099
PRG,BEY,"6,994",$203.58,"1,603 mi",19,$0.1270
VCE,SAT,"6,992",$560.27,"5,513 mi",19,$0.1016
FCO,TOS,"6,988",$245.62,"1,883 mi",19,$0.1304
LIS,JAX,"6,988",$784.76,"4,179 mi",19,$0.1878
OTP,FLR,"6,984",$211.72,717 mi,19,$0.2953
GLA,VCE,"6,980",$245.36,"1,052 mi",19,$0.2332
BUD,NBO,"6,979",$387.53,"3,640 mi",19,$0.1065
BCN,BAQ,"6,978",$697.75,"5,194 mi",19,$0.1343
PRG,ESB,"6,975",$99.21,"1,173 mi",19,$0.0846
ORY,GUA,"6,975",$481.00,"5,763 mi",19,$0.0835
HEL,LAS,"6,973",$873.22,"5,241 mi",19,$0.1666
LHR,CJU,"6,968",$675.44,"5,915 mi",19,$0.1142
CPH,VAR,"6,965",$237.20,"1,056 mi",19,$0.2246
GVA,HAH,"6,965",$526.19,"4,470 mi",19,$0.1177
VCE,CVG,"6,963",$721.79,"4,523 mi",19,$0.1596
MRS,MEX,"6,962",$719.07,"6,160 mi",19,$0.1167
VIE,DAC,"6,960",$514.48,"4,404 mi",19,$0.1168
VCE,HAN,"6,959",$545.91,"5,505 mi",19,$0.0992
AMS,HBE,"6,958",$158.58,"1,883 mi",19,$0.0842
CDG,TUS,"6,958",$762.50,"5,337 mi",19,$0.1429
MAD,GRZ,"6,957",$278.64,"1,015 mi",19,$0.2745
EDI,HAN,"6,956",$451.51,"5,537 mi",19,$0.0815
EDI,CLE,"6,954",$472.74,"3,615 mi",19,$0.1308
LIS,ABZ,"6,950",$369.76,"1,350 mi",19,$0.2739
MAN,PHX,"6,949","$1,003.19","5,274 mi",19,$0.1902
CDG,KKN,"6,948",$169.47,"1,744 mi",19,$0.0972
VIE,PUS,"6,948",$637.45,"5,175 mi",19,$0.1232
WAW,NBO,"6,946",$413.46,"3,924 mi",19,$0.1054
WAW,AUH,"6,938",$333.70,"2,526 mi",19,$0.1321
VCE,XMN,"6,937",$263.22,"5,902 mi",19,$0.0446
ARN,RDU,"6,934",$707.42,"4,465 mi",19,$0.1584
FCO,SAV,"6,934",$732.36,"4,795 mi",19,$0.1527
GVA,PKX,"6,934",$439.77,"4,964 mi",19,$0.0886
ARN,BNE,"6,931","$1,094.06","9,092 mi",19,$0.1203
WAW,GIG,"6,931",$714.69,"6,651 mi",19,$0.1075
FCO,DAR,"6,930",$368.94,"3,883 mi",19,$0.0950
MAD,GOA,"6,930",$150.44,666 mi,19,$0.2259
NAP,CMB,"6,926",$429.32,"4,486 mi",19,$0.0957
NCE,BLL,"6,922",$178.00,814 mi,19,$0.2187
DUB,BGI,"6,917",$745.57,"3,891 mi",19,$0.1916
VKO,TUN,"6,916",$242.72,"1,861 mi",19,$0.1304
HEL,HAJ,"6,911",$310.96,770 mi,19,$0.4038
BRU,GLA,"6,908",$217.21,517 mi,19,$0.4201
GVA,ASR,"6,908",$190.45,"1,620 mi",19,$0.1176
GOT,ORD,"6,906",$423.22,"4,044 mi",19,$0.1047
VCE,HKT,"6,906",$428.61,"5,793 mi",19,$0.0740
LYS,SKG,"6,906",$175.54,940 mi,19,$0.1867
VCE,RAK,"6,905",$205.82,"1,410 mi",19,$0.1460
OTP,DTW,"6,905",$596.81,"5,180 mi",19,$0.1152
WAW,LIN,"6,905",$319.66,683 mi,19,$0.4680
OTP,GRU,"6,904",$864.67,"6,352 mi",19,$0.1361
VCE,FNC,"6,904",$146.88,"1,834 mi",19,$0.0801
WAW,CEB,"6,903",$833.08,"6,011 mi",19,$0.1386
ZRH,DAC,"6,903",$695.05,"4,791 mi",19,$0.1451
ZRH,EVE,"6,900",$267.91,"1,436 mi",19,$0.1866
BOD,ABJ,"6,891",$598.26,"2,659 mi",19,$0.2250
CDG,OKC,"6,886",$702.42,"4,977 mi",19,$0.1411
ZAG,AYT,"6,886",$202.62,"1,005 mi",19,$0.2016
ZRH,OUL,"6,885",$350.70,"1,400 mi",19,$0.2505
BHX,HRE,"6,884",$511.51,"5,403 mi",19,$0.0947
BCN,KHI,"6,878",$372.92,"3,956 mi",19,$0.0943
BOD,DUS,"6,878",$277.20,547 mi,19,$0.5068
ATH,PBI,"6,870","$1,019.41","5,627 mi",19,$0.1812
CDG,KSC,"6,862",$211.08,873 mi,19,$0.2418
LHR,CGQ,"6,858",$248.27,"4,945 mi",19,$0.0502
MAD,JAX,"6,855",$697.98,"4,177 mi",19,$0.1671
MAN,BRE,"6,855",$217.02,472 mi,19,$0.4598
ATH,HBE,"6,854",$130.82,603 mi,19,$0.2169
LHR,ILM,"6,850",$727.93,"4,018 mi",19,$0.1812
DBV,HND,"6,846",$756.18,"5,724 mi",19,$0.1321
MAN,AAL,"6,845",$214.02,526 mi,19,$0.4069
CDG,YTZ,"6,844",$200.29,"3,845 mi",19,$0.0521
NCE,HRG,"6,841",$131.43,"1,923 mi",19,$0.0683
DUB,SCL,"6,841",$849.39,"7,342 mi",19,$0.1157
WAW,SZX,"6,841",$511.94,"5,264 mi",19,$0.0973
VCE,CMH,"6,839",$743.11,"4,412 mi",19,$0.1684
CPH,VAA,"6,839",$218.05,586 mi,19,$0.3721
GVA,RDU,"6,839","$1,044.82","4,139 mi",19,$0.2524
EDI,STL,"6,837",$528.37,"4,072 mi",19,$0.1298
NTE,YYZ,"6,836",$371.34,"3,738 mi",19,$0.0993
ARN,KUO,"6,834",$210.78,389 mi,19,$0.5419
BHX,BOS,"6,833",$523.75,"3,278 mi",19,$0.1598
GVA,CLT,"6,832",$711.70,"4,258 mi",19,$0.1671
LHR,CTA,"6,832",$219.63,"1,192 mi",19,$0.1843
BCN,KTM,"6,831",$399.87,"4,795 mi",19,$0.0834
LHR,TFN,"6,828",$261.80,"1,843 mi",19,$0.1421
ZRH,KTW,"6,828",$135.75,504 mi,19,$0.2693
BHX,LOS,"6,827",$406.49,"3,278 mi",19,$0.1240
SOF,LAS,"6,826",$545.54,"6,592 mi",19,$0.0828
STN,MEL,"6,826","$1,569.61","10,784 mi",19,$0.1455
PMI,JTR,"6,825",$551.64,"1,216 mi",19,$0.4537
LHR,BLZ,"6,824",$575.76,"4,953 mi",19,$0.1162
LHR,XNA,"6,822",$783.58,"4,596 mi",19,$0.1705
BCN,GDL,"6,822",$665.16,"5,860 mi",19,$0.1135
VIE,PHL,"6,822",$666.22,"4,192 mi",19,$0.1589
MAN,MEX,"6,821",$704.15,"5,583 mi",19,$0.1261
HEL,INN,"6,820",$227.36,"1,023 mi",19,$0.2222
VIE,OUL,"6,819",$311.95,"1,243 mi",19,$0.2510
OTP,KIX,"6,813",$712.83,"5,242 mi",19,$0.1360
FCO,PUS,"6,809",$838.77,"5,608 mi",19,$0.1496
GVA,BGO,"6,809",$192.93,"1,001 mi",19,$0.1927
VIE,PER,"6,806","$1,028.94","8,475 mi",19,$0.1214
SVO,KMG,"6,805",$307.49,"3,973 mi",19,$0.0774
GOT,CAI,"6,801",$237.98,"2,174 mi",19,$0.1095
AMS,DCA,"6,797",$707.43,"3,730 mi",19,$0.1897
AMS,AHO,"6,793",$79.19,799 mi,19,$0.0991
LGW,CHC,"6,792","$1,205.68","11,453 mi",19,$0.1053
AGP,SJJ,"6,791",$282.43,"1,335 mi",19,$0.2116
OTP,KEF,"6,790",$355.96,"2,362 mi",19,$0.1507
BRU,ADL,"6,790","$1,120.12","9,618 mi",19,$0.1165
LIS,MRU,"6,789",$669.22,"6,123 mi",19,$0.1093
MXP,SJU,"6,788",$640.13,"4,447 mi",19,$0.1439
AMS,POA,"6,787",$646.22,"6,809 mi",19,$0.0949
PRG,AUH,"6,785",$417.38,"2,704 mi",19,$0.1544
ZAG,VNO,"6,783",$184.08,758 mi,19,$0.2428
BGY,ADB,"6,783",$166.65,"1,059 mi",19,$0.1574
NCL,HND,"6,783","$1,495.95","5,602 mi",19,$0.2670
FCO,CEB,"6,779",$586.79,"7,029 mi",19,$0.0835
MXP,COR,"6,777",$554.03,"7,210 mi",19,$0.0768
STN,CMB,"6,776",$577.84,"5,225 mi",19,$0.1106
MAD,RMU,"6,770",$86.25,220 mi,19,$0.3920
OSL,SFT,"6,770",$106.26,454 mi,19,$0.2341
AMS,KTW,"6,769",$149.99,610 mi,19,$0.2459
STN,DPS,"6,769",$710.65,"7,516 mi",19,$0.0946
ZAG,RIX,"6,766",$157.88,818 mi,19,$0.1930
VCE,FOC,"6,762",$203.71,"5,552 mi",19,$0.0367
ZRH,LCG,"6,761",$234.91,894 mi,19,$0.2628
BRU,DRS,"6,759",$246.72,392 mi,19,$0.6294
LED,HBE,"6,759",$173.09,"1,936 mi",19,$0.0894
LHR,GBE,"6,757",$952.30,"5,327 mi",19,$0.1788
OTP,KUL,"6,756",$541.09,"5,218 mi",19,$0.1037
FCO,BOI,"6,748",$600.30,"5,556 mi",18,$0.1080
ZAG,KUL,"6,748",$569.00,"5,696 mi",18,$0.0999
BRU,AKL,"6,745","$1,272.37","11,023 mi",18,$0.1154
SOF,DPS,"6,743",$456.79,"6,515 mi",18,$0.0701
MAN,CCJ,"6,742",$298.21,"5,272 mi",18,$0.0566
GVA,DTW,"6,740",$865.44,"4,317 mi",18,$0.2005
NCE,AUS,"6,737","$1,026.44","5,311 mi",18,$0.1933
AMS,BDL,"6,736",$628.07,"3,638 mi",18,$0.1726
LYS,RMO,"6,735",$107.11,"1,102 mi",18,$0.0972
LIS,OLB,"6,734",$258.66,968 mi,18,$0.2672
NCL,CPT,"6,734",$884.84,"6,454 mi",18,$0.1371
BRU,PHL,"6,732",$781.08,"3,638 mi",18,$0.2147
MXP,PDX,"6,731",$886.14,"5,307 mi",18,$0.1670
MAN,AUS,"6,727",$861.74,"4,638 mi",18,$0.1858
NAP,LCA,"6,722",$285.88,"1,164 mi",18,$0.2456
VIE,ACC,"6,720",$361.52,"3,191 mi",18,$0.1133
PMI,SKP,"6,719",$192.84,"1,030 mi",18,$0.1872
LED,KUL,"6,715",$410.37,"5,578 mi",18,$0.0736
MRS,TFN,"6,711",$200.64,"1,532 mi",18,$0.1310
BUD,PUS,"6,706",$382.97,"5,425 mi",18,$0.0706
VKO,BSL,"6,706",$442.98,"1,336 mi",18,$0.3316
FCO,LXR,"6,703",$103.35,"1,564 mi",18,$0.0661
VIE,LBA,"6,701",$159.63,911 mi,18,$0.1752
MAD,NAT,"6,701",$501.12,"3,893 mi",18,$0.1287
FCO,BJV,"6,699",$230.24,905 mi,18,$0.2544
LHR,TRN,"6,699",$197.06,554 mi,18,$0.3557
PRG,OUL,"6,697",$211.49,"1,133 mi",18,$0.1867
MAD,SJJ,"6,694",$280.07,"1,107 mi",18,$0.2530
MRS,ATL,"6,687",$980.13,"4,515 mi",18,$0.2171
BUD,LAS,"6,687",$648.91,"6,195 mi",18,$0.1047
SVO,SYD,"6,687",$642.67,"9,289 mi",18,$0.0692
GVA,WDH,"6,686",$552.23,"4,945 mi",18,$0.1117
CDG,UIO,"6,682",$626.55,"5,639 mi",18,$0.1111
MXP,STL,"6,680",$911.34,"4,612 mi",18,$0.1976
BOD,RUN,"6,674",$716.79,"5,581 mi",18,$0.1284
BRU,PLQ,"6,670",$214.36,789 mi,18,$0.2717
LHR,IGU,"6,670","$1,143.91","6,062 mi",18,$0.1887
PMI,LAS,"6,668",$803.16,"6,064 mi",18,$0.1324
MXP,GYN,"6,666",$757.79,"5,449 mi",18,$0.1391
VCE,VNO,"6,666",$260.42,824 mi,18,$0.3160
LHR,YXE,"6,664",$474.60,"3,971 mi",18,$0.1195
PRG,AOK,"6,661",$108.55,"1,239 mi",18,$0.0876
LYS,CAG,"6,659",$141.60,506 mi,18,$0.2798
MXP,BVC,"6,659",$357.41,"2,817 mi",18,$0.1269
DUB,AAL,"6,658",$177.88,661 mi,18,$0.2691
LYS,PRN,"6,657",$171.25,794 mi,18,$0.2157
EDI,TRN,"6,655",$92.97,857 mi,18,$0.1085
VCE,KRK,"6,647",$241.22,453 mi,18,$0.5325
NCL,KEF,"6,646",$79.99,922 mi,18,$0.0868
OSL,DWC,"6,646",$242.90,"3,304 mi",18,$0.0735
BHX,LYS,"6,644",$198.53,541 mi,18,$0.3670
ZRH,ASR,"6,642",$155.57,"1,520 mi",18,$0.1023
GOT,BOM,"6,640",$395.63,"4,153 mi",18,$0.0953
AMS,RIC,"6,639",$705.51,"3,802 mi",18,$0.1856
LIS,CMH,"6,638",$707.01,"3,934 mi",18,$0.1797
VIE,AOK,"6,638",$105.04,"1,061 mi",18,$0.0990
MAD,SLA,"6,634",$514.90,"5,833 mi",18,$0.0883
EDI,MSY,"6,633",$671.10,"4,280 mi",18,$0.1568
GVA,BLL,"6,631",$198.37,650 mi,18,$0.3052
EDI,CGK,"6,630",$969.39,"7,558 mi",18,$0.1283
BCN,SID,"6,629",$156.88,"2,188 mi",18,$0.0717
GLA,WAW,"6,628",$353.34,"1,088 mi",18,$0.3248
HEL,KAJ,"6,628",$96.01,297 mi,18,$0.3233
SOF,VCE,"6,625",$198.67,598 mi,18,$0.3322
ZRH,PEN,"6,625",$901.76,"5,848 mi",18,$0.1542
DUB,SSH,"6,624",$193.35,"2,621 mi",18,$0.0738
DUB,GRR,"6,621",$665.41,"3,425 mi",18,$0.1943
LHR,SXM,"6,620","$1,068.44","4,201 mi",18,$0.2543
MRS,SJO,"6,619",$530.42,"5,887 mi",18,$0.0901
CDG,YLW,"6,617",$358.04,"4,640 mi",18,$0.0772
HEL,YVR,"6,617",$758.72,"4,803 mi",18,$0.1580
BHX,PEW,"6,614",$374.94,"3,838 mi",18,$0.0977
EDI,PKX,"6,612",$486.30,"4,811 mi",18,$0.1011
GOT,NAP,"6,612",$210.55,"1,128 mi",18,$0.1867
LYS,BLR,"6,612",$625.10,"4,875 mi",18,$0.1282
MRS,RAI,"6,612",$177.26,"2,517 mi",18,$0.0704
OTP,CAN,"6,608",$563.86,"5,117 mi",18,$0.1102
OSL,VAR,"6,606",$178.89,"1,323 mi",18,$0.1352
ATH,LIM,"6,603",$765.40,"7,105 mi",18,$0.1077
FCO,BGW,"6,603",$367.65,"1,782 mi",18,$0.2063
VCE,DOH,"6,602",$337.50,"2,501 mi",18,$0.1349
BRU,CNF,"6,599",$732.37,"5,860 mi",18,$0.1250
LHR,KWE,"6,593",$314.39,"5,650 mi",18,$0.0556
MXP,NGO,"6,593",$652.58,"5,822 mi",18,$0.1121
GOT,KRN,"6,592",$160.76,767 mi,18,$0.2096
BCN,DCA,"6,590",$532.06,"4,154 mi",18,$0.1281
MAD,GYD,"6,589",$545.20,"2,855 mi",18,$0.1910
BHX,HYD,"6,587",$535.99,"4,723 mi",18,$0.1135
OSL,SCL,"6,587",$746.55,"8,168 mi",18,$0.0914
PRG,AUS,"6,584",$753.36,"5,672 mi",18,$0.1328
EDI,KWI,"6,583",$455.67,"3,001 mi",18,$0.1518
MXP,WRO,"6,583",$259.87,548 mi,18,$0.4742
AMS,FUK,"6,581",$703.72,"5,830 mi",18,$0.1207
LCY,BDS,"6,578",$94.51,"1,167 mi",18,$0.0810
VCE,CLO,"6,577",$460.77,"5,803 mi",18,$0.0794
MXP,AMD,"6,576",$522.76,"3,734 mi",18,$0.1400
LHR,TSN,"6,576",$431.50,"4,989 mi",18,$0.0865
NAP,FUE,"6,575",$207.09,"1,750 mi",18,$0.1183
LHR,SYY,"6,574",$372.44,504 mi,18,$0.7390
BUD,WNZ,"6,574",$197.47,"5,161 mi",18,$0.0383
CPH,DLM,"6,572",$150.96,"1,464 mi",18,$0.1031
EDI,DMM,"6,572",$490.36,"3,412 mi",18,$0.1437
AMS,UIO,"6,567",$657.24,"6,113 mi",18,$0.1075
LGW,TAB,"6,567",$321.88,"4,229 mi",18,$0.0761
VCE,MCI,"6,562",$557.19,"5,194 mi",18,$0.1073
VIE,YOW,"6,561",$621.56,"4,218 mi",18,$0.1474
AGP,SVO,"6,560",$584.30,"2,419 mi",18,$0.2415
FCO,TUL,"6,554",$539.95,"5,557 mi",18,$0.0972
AMS,PUS,"6,543",$874.85,"5,355 mi",18,$0.1634
CDG,KTW,"6,541",$133.23,721 mi,18,$0.1848
SOF,ATL,"6,540",$510.40,"5,305 mi",18,$0.0962
BCN,MDZ,"6,539",$700.01,"7,023 mi",18,$0.0997
FCO,GRR,"6,538",$549.65,"4,816 mi",18,$0.1141
LHR,RGN,"6,537",$482.25,"5,754 mi",18,$0.0838
FCO,LEJ,"6,535",$200.74,645 mi,18,$0.3112
MRS,KUL,"6,535",$657.98,"6,221 mi",18,$0.1058
CDG,ROC,"6,535",$586.39,"3,795 mi",18,$0.1545
GLA,CAL,"6,532",$59.19,59 mi,18,$1.0032
AMS,JER,"6,531",$260.29,383 mi,18,$0.6796
AMS,BUF,"6,529",$523.22,"3,833 mi",18,$0.1365
LCY,SUF,"6,529",$101.41,"1,134 mi",18,$0.0894
MAN,MSY,"6,528",$519.16,"4,640 mi",18,$0.1119
LED,HAN,"6,526",$338.86,"4,593 mi",18,$0.0738
ATH,YWG,"6,526",$429.02,"5,229 mi",18,$0.0820
CPH,SZX,"6,526",$473.57,"5,192 mi",18,$0.0912
ZRH,ABZ,"6,525",$305.71,786 mi,18,$0.3889
ZRH,DMM,"6,525",$640.62,"2,735 mi",18,$0.2342
BCN,BWI,"6,524",$447.36,"4,124 mi",18,$0.1085
PMI,MBA,"6,522",$242.36,"3,700 mi",18,$0.0655
LED,VLC,"6,516",$524.52,"1,874 mi",18,$0.2799
MXP,BSB,"6,515",$684.53,"5,358 mi",18,$0.1278
CDG,KOA,"6,514","$1,324.62","7,732 mi",18,$0.1713
ZRH,KBV,"6,512",$498.08,"5,652 mi",18,$0.0881
MAD,SVO,"6,511",$509.72,"2,060 mi",18,$0.2474
AGP,CTA,"6,511",$294.83,"1,110 mi",18,$0.2656
VCE,BRE,"6,507",$211.53,561 mi,18,$0.3771
ARN,CAN,"6,505",$394.40,"5,166 mi",18,$0.0763
LGW,EWR,"6,503",$207.57,"3,370 mi",18,$0.0616
FCO,ALA,"6,501",$301.10,"3,117 mi",18,$0.0966
ATH,DWC,"6,500",$144.58,"1,975 mi",18,$0.0732
AMS,TAO,"6,499",$448.23,"5,028 mi",18,$0.0891
OTP,HAN,"6,499",$437.70,"4,847 mi",18,$0.0903
NCE,IKA,"6,498",$298.87,"2,451 mi",18,$0.1219
LGW,MBA,"6,497",$233.42,"4,342 mi",18,$0.0538
OTP,SPU,"6,497",$171.00,507 mi,18,$0.3373
DBV,LUX,"6,497",$175.38,732 mi,18,$0.2396
BRU,REU,"6,496",$70.83,671 mi,18,$0.1056
CPH,ACC,"6,491",$335.71,"3,421 mi",18,$0.0981
BRU,GYD,"6,490",$341.14,"2,341 mi",18,$0.1457
CPH,ASR,"6,489",$140.54,"1,521 mi",18,$0.0924
CPH,CEB,"6,489",$496.23,"6,627 mi",18,$0.0749
ZRH,UIO,"6,488",$518.31,"5,898 mi",18,$0.0879
STN,LHE,"6,487",$561.58,"4,007 mi",18,$0.1401
AMS,MKE,"6,486",$697.70,"4,183 mi",18,$0.1668
DUB,CHS,"6,486",$584.99,"3,674 mi",18,$0.1592
HEL,MRU,"6,485",$528.77,"6,049 mi",18,$0.0874
ATH,SDF,"6,484",$588.69,"5,703 mi",18,$0.1032
CPH,ECN,"6,484",$138.43,"1,671 mi",18,$0.0828
LYS,PUJ,"6,478",$300.00,"4,653 mi",18,$0.0645
NCE,EFL,"6,476",$73.67,815 mi,18,$0.0904
LHR,HAU,"6,474",$213.04,605 mi,18,$0.3521
FCO,DSM,"6,472",$578.45,"4,905 mi",18,$0.1179
LYS,KIX,"6,469",$684.00,"6,269 mi",18,$0.1091
NAP,LHE,"6,468",$164.39,"3,247 mi",18,$0.0506
VIE,PKX,"6,468",$272.32,"4,791 mi",18,$0.0568
FCO,CRK,"6,463",$434.17,"6,615 mi",18,$0.0656
HEL,MGQ,"6,456",$343.62,"4,295 mi",18,$0.0800
ZRH,CMH,"6,455",$806.21,"4,193 mi",18,$0.1923
GVA,JER,"6,455",$268.38,424 mi,18,$0.6330
GVA,CNF,"6,453",$873.79,"5,686 mi",18,$0.1537
WAW,DEN,"6,450",$729.72,"5,451 mi",18,$0.1339
VKO,SJJ,"6,449",$253.71,"1,131 mi",18,$0.2243
MRS,BOG,"6,448",$524.92,"5,626 mi",18,$0.0933
LHR,KHN,"6,448",$494.89,"5,510 mi",18,$0.0898
NCE,GDN,"6,447",$171.72,869 mi,18,$0.1976
PMI,BKK,"6,446",$478.25,"5,854 mi",18,$0.0817
AMS,NQZ,"6,445",$386.01,"2,673 mi",18,$0.1444
ZRH,RSW,"6,445",$695.32,"5,051 mi",18,$0.1377
ARN,RMO,"6,444",$162.18,957 mi,18,$0.1695
GOT,ICN,"6,444",$679.70,"4,989 mi",18,$0.1362
MAN,SPC,"6,443",$141.55,"1,936 mi",18,$0.0731
ZRH,XRY,"6,441",$352.75,"1,018 mi",18,$0.3465
FCO,RIC,"6,440",$573.47,"4,408 mi",18,$0.1301
ZRH,VAR,"6,438",$180.89,"1,007 mi",18,$0.1796
GLA,CFN,"6,433",$110.59,168 mi,18,$0.6583
FCO,VGO,"6,430",$266.52,"1,101 mi",18,$0.2421
ZRH,ADD,"6,430",$392.60,"3,098 mi",18,$0.1267
EDI,EBL,"6,427",$255.96,"2,652 mi",18,$0.0965
GVA,JRO,"6,426",$526.52,"3,800 mi",18,$0.1386
CDG,ANC,"6,422","$1,329.96","4,812 mi",18,$0.2764
AMS,NKG,"6,422",$351.84,"5,243 mi",18,$0.0671
NTE,TNG,"6,421",$177.14,795 mi,18,$0.2228
LGW,EIS,"6,419",$637.68,"4,251 mi",18,$0.1500
OTP,KTW,"6,419",$220.39,539 mi,18,$0.4089
BRU,BNA,"6,418",$789.98,"4,252 mi",18,$0.1858
GVA,CLY,"6,416",$88.49,280 mi,18,$0.3160
FCO,GHV,"6,415",$82.41,736 mi,18,$0.1120
LHR,SYZ,"6,412",$284.26,"3,178 mi",18,$0.0894
VCE,JED,"6,412",$375.14,"2,302 mi",18,$0.1630
AGP,MLE,"6,411",$393.71,"5,221 mi",18,$0.0754
LYS,TLL,"6,411",$204.55,"1,285 mi",18,$0.1592
AMS,KSU,"6,410",$368.33,732 mi,18,$0.5032
ATH,ALG,"6,410",$215.19,"1,106 mi",18,$0.1946
GVA,UIO,"6,409",$606.11,"6,139 mi",18,$0.0987
ARN,DWC,"6,408",$259.49,"3,079 mi",18,$0.0843
MXP,BLL,"6,407",$216.94,720 mi,18,$0.3013
PMI,EBL,"6,405",$266.77,"2,307 mi",18,$0.1156
AGP,SCL,"6,404",$836.21,"6,259 mi",18,$0.1336
PMI,GRQ,"6,402",$134.02,926 mi,18,$0.1447
NCL,BGO,"6,398",$269.32,430 mi,18,$0.6263
NCL,HRG,"6,396",$192.88,"2,696 mi",18,$0.0715
EDI,GRU,"6,395",$906.96,"5,856 mi",18,$0.1549
LYS,ATL,"6,394",$891.60,"4,719 mi",18,$0.1889
OSL,RVK,"6,394",$182.96,311 mi,18,$0.5883
MAD,PMV,"6,393",$343.79,"4,058 mi",18,$0.0847
LGW,IAD,"6,392",$241.36,"3,796 mi",18,$0.0636
VIE,FRU,"6,391",$264.17,"2,837 mi",18,$0.0931
EDI,PIT,"6,390",$522.52,"3,391 mi",18,$0.1541
MRS,SID,"6,390",$182.18,"2,547 mi",18,$0.0715
ZRH,LHE,"6,389",$532.62,"3,673 mi",18,$0.1450
EDI,CAI,"6,388",$403.29,"2,530 mi",18,$0.1594
MXP,KSC,"6,388",$270.34,605 mi,18,$0.4468
MXP,CMH,"6,386",$728.38,"4,263 mi",17,$0.1709
VCE,OUA,"6,385",$200.88,"2,504 mi",17,$0.0802
LED,STN,"6,382",$223.07,"1,310 mi",17,$0.1703
CDG,BZN,"6,381",$928.12,"4,916 mi",17,$0.1888
ARN,PHX,"6,377",$562.91,"5,563 mi",17,$0.1012
ATH,YHZ,"6,377",$442.96,"4,202 mi",17,$0.1054
LGW,TAO,"6,376",$297.78,"5,555 mi",17,$0.0536
NAP,SDQ,"6,374",$365.96,"5,238 mi",17,$0.0699
ARN,KTW,"6,369",$143.54,655 mi,17,$0.2191
SVO,VLC,"6,367",$575.69,"1,996 mi",17,$0.2884
LHR,ASR,"6,365",$543.77,"1,992 mi",17,$0.2730
OSL,RUH,"6,364",$545.84,"2,875 mi",17,$0.1899
GVA,STR,"6,363",$231.02,230 mi,17,$1.0044
BCN,GYN,"6,357",$725.81,"5,017 mi",17,$0.1447
SVO,KHN,"6,356",$247.00,"4,280 mi",17,$0.0577
CDG,RNO,"6,355",$868.94,"5,221 mi",17,$0.1664
BRU,GUA,"6,352",$464.74,"5,484 mi",17,$0.0847
ZRH,OVD,"6,351",$279.08,731 mi,17,$0.3818
MAD,LEU,"6,351",$136.93,279 mi,17,$0.4908
LGW,AUH,"6,350",$246.66,"3,310 mi",17,$0.0745
NAP,BTS,"6,348",$77.94,539 mi,17,$0.1446
MXP,BRQ,"6,347",$40.04,432 mi,17,$0.0927
BCN,FOR,"6,344",$528.09,"4,148 mi",17,$0.1273
NCL,ATL,"6,343","$1,016.76","4,202 mi",17,$0.2420
OTP,MCO,"6,343",$554.87,"5,804 mi",17,$0.0956
GVA,TNR,"6,340",$517.13,"5,027 mi",17,$0.1029
CPH,MED,"6,337",$224.72,"2,621 mi",17,$0.0857
OSL,CEB,"6,337",$542.63,"6,547 mi",17,$0.0829
GVA,BNE,"6,336","$1,731.52","9,913 mi",17,$0.1747
BCN,KGS,"6,336",$172.58,"1,332 mi",17,$0.1296
HEL,MEX,"6,334",$558.07,"5,925 mi",17,$0.0942
OSL,BRE,"6,334",$239.50,516 mi,17,$0.4641
CPH,LOS,"6,333",$438.87,"3,324 mi",17,$0.1320
PMI,KSC,"6,333",$113.23,"1,075 mi",17,$0.1053
DME,PVG,"6,332",$361.26,"4,121 mi",17,$0.0877
LIS,RVN,"6,331",$302.51,"2,280 mi",17,$0.1327
NCL,LIN,"6,328",$321.85,844 mi,17,$0.3813
STN,ADJ,"6,328",$272.64,"2,327 mi",17,$0.1172
BHX,RVN,"6,326",$86.82,"1,392 mi",17,$0.0624
CDG,KUO,"6,322",$304.34,"1,315 mi",17,$0.2314
LIS,MSY,"6,321",$633.48,"4,379 mi",17,$0.1447
LED,JFK,"6,320",$829.53,"4,408 mi",17,$0.1882
DUB,GOX,"6,318",$293.94,"5,093 mi",17,$0.0577
MXP,ASU,"6,317",$639.52,"6,224 mi",17,$0.1028
MAN,FLL,"6,316",$379.11,"4,174 mi",17,$0.0908
MXP,PNH,"6,316",$527.73,"5,763 mi",17,$0.0916
CPH,BWI,"6,314",$285.57,"4,144 mi",17,$0.0689
WAW,DTW,"6,313",$632.83,"4,375 mi",17,$0.1446
NCE,SVQ,"6,309",$289.72,835 mi,17,$0.3470
LIS,EVN,"6,306",$232.80,"2,897 mi",17,$0.0804
MAD,TOS,"6,306",$255.36,"2,109 mi",17,$0.1211
BCN,LGA,"6,305",$338.30,"3,936 mi",17,$0.0860
BCN,DLM,"6,304",$383.85,"1,419 mi",17,$0.2705
ATH,OMA,"6,302",$645.86,"5,951 mi",17,$0.1085
LHR,VTZ,"6,298",$401.77,"4,848 mi",17,$0.0829
LYS,SJO,"6,295",$501.10,"5,862 mi",17,$0.0855
DUB,CHC,"6,294","$1,108.61","12,100 mi",17,$0.0916
BCN,BSB,"6,288",$645.33,"4,926 mi",17,$0.1310
NCL,JNB,"6,288",$763.41,"5,706 mi",17,$0.1338
CPH,EVN,"6,285",$239.32,"1,847 mi",17,$0.1296
PMI,SCL,"6,283",$716.71,"6,679 mi",17,$0.1073
FCO,SHE,"6,282",$251.36,"5,097 mi",17,$0.0493
PMI,HND,"6,282","$1,141.17","6,373 mi",17,$0.1791
MAD,AAL,"6,281",$324.65,"1,255 mi",17,$0.2587
WAW,TUN,"6,279",$296.83,"1,215 mi",17,$0.2443
DUB,XMN,"6,278",$284.49,"6,293 mi",17,$0.0452
GOT,SGN,"6,278",$386.21,"5,576 mi",17,$0.0693
BCN,YWG,"6,276",$443.11,"4,340 mi",17,$0.1021
MAN,SHJ,"6,275",$212.32,"3,621 mi",17,$0.0586
PRG,UBN,"6,274",$369.51,"3,806 mi",17,$0.0971
GVA,QSR,"6,271",$79.61,605 mi,17,$0.1316
LHR,RMO,"6,270",$246.28,"1,395 mi",17,$0.1765
CDG,MKE,"6,269",$631.84,"3,974 mi",17,$0.1590
MXP,MSY,"6,269",$868.98,"5,010 mi",17,$0.1734
VIE,YYC,"6,267",$586.86,"5,134 mi",17,$0.1143
GVA,DLA,"6,265",$407.52,"2,838 mi",17,$0.1436
NAP,LAS,"6,264",$652.68,"6,042 mi",17,$0.1080
ZAG,OMO,"6,264",$58.04,197 mi,17,$0.2946
DME,PKX,"6,260",$250.64,"3,724 mi",17,$0.0673
FCO,TUS,"6,258",$641.19,"6,368 mi",17,$0.1007
PMI,MLA,"6,256",$184.76,669 mi,17,$0.2762
LGW,LUN,"6,256",$365.93,"4,761 mi",17,$0.0769
CDG,NAT,"6,254",$403.98,"4,286 mi",17,$0.0943
VCE,MSY,"6,254",$535.49,"5,164 mi",17,$0.1037
HEL,PKX,"6,251",$259.85,"3,828 mi",17,$0.0679
PMI,UIO,"6,250",$345.07,"5,578 mi",17,$0.0619
VKO,BEY,"6,248",$447.03,"1,552 mi",17,$0.2880
LYS,VNO,"6,245",$135.22,"1,111 mi",17,$0.1217
GOT,BMA,"6,244",$118.51,228 mi,17,$0.5198
VCE,FLL,"6,243",$670.21,"4,918 mi",17,$0.1363
ARN,BRE,"6,241",$222.83,557 mi,17,$0.4001
LIS,SVO,"6,241",$544.09,"2,492 mi",17,$0.2183
LHR,KHH,"6,240",$983.44,"6,381 mi",17,$0.1541
NCL,SFO,"6,239",$766.34,"5,296 mi",17,$0.1447
LED,GSV,"6,238",$156.60,855 mi,17,$0.1832
VIE,CCU,"6,237",$315.56,"4,370 mi",17,$0.0722
LGW,IVL,"6,237",$276.78,"1,557 mi",17,$0.1778
DME,MCT,"6,235",$355.19,"2,505 mi",17,$0.1418
LED,LCA,"6,234",$743.40,"1,781 mi",17,$0.4174
VKO,VAR,"6,233",$345.11,922 mi,17,$0.3743
GLA,LHE,"6,231",$506.84,"4,149 mi",17,$0.1222
BRU,SCQ,"6,229",$356.20,796 mi,17,$0.4475
VCE,SGN,"6,226",$536.30,"5,715 mi",17,$0.0938
VIE,SMI,"6,226",$150.40,861 mi,17,$0.1747
PMI,OSR,"6,225",$118.18,996 mi,17,$0.1187
LED,CIT,"6,223",$240.16,"2,099 mi",17,$0.1144
MXP,DAR,"6,222",$345.54,"4,210 mi",17,$0.0821
NAP,TSR,"6,220",$87.65,506 mi,17,$0.1732
ORY,OUA,"6,220",$220.79,"2,447 mi",17,$0.0902
LYS,CKY,"6,215",$356.58,"2,650 mi",17,$0.1346
FCO,TNR,"6,210",$517.13,"4,896 mi",17,$0.1056
GOT,HER,"6,210",$233.63,"1,603 mi",17,$0.1457
LHR,FAT,"6,209",$581.63,"5,481 mi",17,$0.1061
VIE,BAH,"6,208",$363.10,"2,303 mi",17,$0.1577
OSL,TUN,"6,207",$212.82,"1,565 mi",17,$0.1360
LGW,SPC,"6,206",$402.75,"1,749 mi",17,$0.2303
CDG,GSP,"6,200",$788.59,"4,359 mi",17,$0.1809
LHR,VRN,"6,194",$188.70,687 mi,17,$0.2747
ATH,DCA,"6,193",$617.89,"5,295 mi",17,$0.1167
LHR,KSU,"6,190",$183.20,886 mi,17,$0.2068
LHR,XNB,"6,187",$204.83,"3,321 mi",17,$0.0617
MAD,BGW,"6,186",$335.96,"2,736 mi",17,$0.1228
BCN,SDF,"6,186",$528.59,"4,591 mi",17,$0.1151
BUD,BGO,"6,186",$230.29,"1,084 mi",17,$0.2124
BCN,ABJ,"6,184",$481.01,"2,441 mi",17,$0.1971
AMS,YLW,"6,183",$499.25,"4,794 mi",17,$0.1041
BRU,AAL,"6,177",$215.23,466 mi,17,$0.4619
MAD,RMO,"6,175",$236.00,"1,719 mi",17,$0.1373
ATH,SJJ,"6,173",$194.52,486 mi,17,$0.4002
MAN,LRH,"6,172",$168.50,513 mi,17,$0.3285
DBV,NCE,"6,170",$271.84,545 mi,17,$0.4988
DUB,VKO,"6,170",$463.68,"1,776 mi",17,$0.2611
ORY,LAD,"6,170",$581.15,"4,154 mi",17,$0.1399
FCO,PAS,"6,169",$287.82,785 mi,17,$0.3666
ARN,BIQ,"6,169",$267.53,"1,343 mi",17,$0.1992
LIS,MCI,"6,167",$755.37,"4,269 mi",17,$0.1769
VCE,CAN,"6,167",$663.59,"5,745 mi",17,$0.1155
ZRH,SMI,"6,166",$234.26,"1,114 mi",17,$0.2103
NCL,SSH,"6,164",$189.89,"2,668 mi",17,$0.0712
ZRH,VGO,"6,161",$186.39,886 mi,17,$0.2104
VCE,TAS,"6,160",$298.65,"2,897 mi",17,$0.1031
FCO,NKG,"6,159",$288.93,"5,379 mi",17,$0.0537
ZRH,ACC,"6,156",$491.20,"3,026 mi",17,$0.1623
BOD,ATL,"6,155","$1,057.86","4,477 mi",17,$0.2363
DME,ADD,"6,153",$583.87,"3,112 mi",17,$0.1876
CPH,MCT,"6,151",$357.83,"3,288 mi",17,$0.1088
LED,CGN,"6,147",$197.25,"1,056 mi",17,$0.1868
LED,NBC,"6,147",$156.33,879 mi,17,$0.1778
PMI,ZNZ,"6,144",$433.57,"3,808 mi",17,$0.1139
NAP,LOS,"6,137",$186.39,"2,391 mi",17,$0.0780
BOD,FDF,"6,136",$422.20,"3,942 mi",17,$0.1071
NCE,ZNZ,"6,135",$334.68,"3,864 mi",17,$0.0866
GOT,POZ,"6,132",$171.53,392 mi,17,$0.4376
OTP,MEX,"6,131",$800.12,"6,623 mi",17,$0.1208
OTP,GYD,"6,128",$272.48,"1,284 mi",17,$0.2122
AMS,SEZ,"6,127",$537.09,"5,072 mi",17,$0.1059
BCN,PSA,"6,127",$111.87,440 mi,17,$0.2543
LIS,CVG,"6,124",$625.07,"3,815 mi",17,$0.1638
LYS,USM,"6,121",$381.07,"6,164 mi",17,$0.0618
MAD,CGO,"6,121",$384.77,"5,726 mi",17,$0.0672
PRG,AAL,"6,121",$153.19,501 mi,17,$0.3058
CDG,KRN,"6,120",$189.37,"1,395 mi",17,$0.1357
LHR,POS,"6,114",$516.20,"4,275 mi",17,$0.1207
WAW,HAV,"6,108",$395.19,"5,345 mi",17,$0.0739
BOD,SIN,"6,108","$1,179.84","7,073 mi",17,$0.1668
LHR,ALF,"6,105",$186.39,"1,443 mi",17,$0.1292
MAN,LIM,"6,105",$700.14,"6,087 mi",17,$0.1150
LIS,BPS,"6,102",$618.74,"4,150 mi",17,$0.1491
WAW,LUZ,"6,099",$41.49,95 mi,17,$0.4367
OSL,KIX,"6,098",$482.36,"5,330 mi",17,$0.0905
CDG,AUA,"6,093",$739.19,"4,923 mi",17,$0.1502
VIE,SZF,"6,093",$181.23,"1,053 mi",17,$0.1721
OTP,EFL,"6,090",$89.99,548 mi,17,$0.1642
VKO,HAV,"6,089",$554.41,"6,141 mi",17,$0.0903
LYS,AMM,"6,089",$170.31,"1,966 mi",17,$0.0866
CDG,TUL,"6,085",$656.59,"4,868 mi",17,$0.1349
ZAG,TLL,"6,085",$233.13,982 mi,17,$0.2374
MAD,ADD,"6,083",$389.55,"3,486 mi",17,$0.1117
PMI,ZTH,"6,082",$224.38,955 mi,17,$0.2350
ZRH,MSY,"6,082",$676.04,"5,253 mi",17,$0.1287
ZAG,ATL,"6,082",$667.75,"4,898 mi",17,$0.1363
HEL,TIA,"6,080",$329.98,"1,285 mi",17,$0.2568
AMS,BSB,"6,079",$655.91,"5,492 mi",17,$0.1194
MRS,LIM,"6,077",$604.12,"6,602 mi",17,$0.0915
NCL,BLL,"6,077",$325.84,441 mi,17,$0.7389
PMI,BOJ,"6,076",$196.51,"1,264 mi",17,$0.1555
LYS,SEZ,"6,074",$407.64,"4,795 mi",17,$0.0850
BHX,ACC,"6,072",$341.85,"3,141 mi",17,$0.1088
BOD,TIA,"6,070",$132.74,"1,086 mi",17,$0.1222
CDG,NAV,"6,068",$215.53,"1,778 mi",17,$0.1212
FCO,TYS,"6,068",$587.42,"5,057 mi",17,$0.1162
LED,BJV,"6,068",$499.64,"1,515 mi",17,$0.3298
MAD,PUS,"6,068",$697.12,"6,208 mi",17,$0.1123
CDG,KAO,"6,067",$280.97,"1,467 mi",17,$0.1915
OSL,KRN,"6,067",$133.18,577 mi,17,$0.2308
BRU,MED,"6,065",$178.06,"2,683 mi",17,$0.0664
AMS,SNA,"6,065","$1,014.49","5,397 mi",17,$0.1880
PMI,VAR,"6,065",$167.71,"1,280 mi",17,$0.1310
AGP,JER,"6,063",$323.16,848 mi,17,$0.3811
STN,SHJ,"6,063",$242.79,"3,292 mi",17,$0.0738
VIE,SCV,"6,061",$93.18,467 mi,17,$0.1995
AMS,LYR,"6,058",$213.78,"1,866 mi",17,$0.1146
ARN,CLT,"6,055",$591.77,"4,574 mi",17,$0.1294
DBV,PMI,"6,054",$257.38,859 mi,17,$0.2996
FCO,OUA,"6,053",$167.53,"2,263 mi",17,$0.0740
FCO,USM,"6,053",$409.48,"5,498 mi",17,$0.0745
NCL,NBE,"6,052",$102.78,"1,388 mi",17,$0.0740
BRU,CEB,"6,046",$500.94,"7,087 mi",17,$0.0707
EDI,INN,"6,046",$39.82,894 mi,17,$0.0445
VCE,MRU,"6,046",$527.57,"5,209 mi",17,$0.1013
VCE,SJU,"6,045",$612.16,"4,904 mi",17,$0.1248
AMS,FLN,"6,043",$513.96,"6,584 mi",17,$0.0781
CPH,KTT,"6,040",$226.52,950 mi,17,$0.2384
LYS,CPT,"6,039",$466.34,"5,737 mi",17,$0.0813
ARN,YOW,"6,038",$602.39,"3,824 mi",17,$0.1575
PMI,PUJ,"6,038",$379.27,"4,550 mi",17,$0.0834
GOT,GRZ,"6,037",$218.74,727 mi,17,$0.3009
CDG,SYR,"6,036",$561.43,"3,730 mi",17,$0.1505
DBV,DEN,"6,032",$788.89,"5,546 mi",17,$0.1422
DUB,MEM,"6,032",$825.28,"4,200 mi",17,$0.1965
MAD,IQQ,"6,031","$1,232.20","6,181 mi",17,$0.1994
HEL,CGO,"6,027",$415.41,"4,020 mi",17,$0.1033
AMS,MGA,"6,026",$486.72,"5,427 mi",17,$0.0897
VCE,SVQ,"6,025",$252.09,"1,127 mi",17,$0.2237
CPH,TGD,"6,024",$162.95,992 mi,17,$0.1643
LED,NER,"6,024",$297.25,"3,232 mi",17,$0.0920
CPH,KSC,"6,022",$261.33,584 mi,16,$0.4475
GLA,ATL,"6,022",$858.87,"4,080 mi",16,$0.2105
SNN,SFO,"6,022",$991.67,"4,884 mi",16,$0.2030
ATH,TFN,"6,021",$407.27,"2,470 mi",16,$0.1649
ZRH,YOW,"6,019",$650.08,"3,694 mi",16,$0.1760
OSL,RZE,"6,018",$206.65,792 mi,16,$0.2609
OTP,TRD,"6,017",$381.22,"1,477 mi",16,$0.2581
BUD,SEZ,"6,014",$270.05,"4,347 mi",16,$0.0621
AGP,IAH,"6,013",$846.86,"4,908 mi",16,$0.1725
CDG,BJM,"6,013",$491.05,"3,837 mi",16,$0.1280
EDI,JAX,"6,013",$503.60,"3,940 mi",16,$0.1278
AGP,SEA,"6,010",$696.67,"5,310 mi",16,$0.1312
AMS,SDF,"6,009",$860.82,"4,088 mi",16,$0.2106
AMS,OKC,"6,008",$925.70,"4,940 mi",16,$0.1874
ZRH,ECN,"6,008",$250.76,"1,584 mi",16,$0.1583
VKO,BOM,"6,007",$345.94,"3,221 mi",16,$0.1074
CDG,YXE,"6,005",$630.73,"4,181 mi",16,$0.1509
AMS,ABQ,"6,004",$634.62,"5,282 mi",16,$0.1201
BRU,AUS,"6,003",$877.12,"4,960 mi",16,$0.1768
DUB,USM,"6,003",$462.65,"6,155 mi",16,$0.0752
GVA,ABV,"6,003",$879.32,"2,650 mi",16,$0.3318
MXP,MED,"6,001",$238.16,"2,321 mi",16,$0.1026
CDG,TYS,"6,000",$727.40,"4,136 mi",16,$0.1759
LGW,KTT,"6,000",$139.29,"1,379 mi",16,$0.1010
FCO,EBB,"5,999",$367.75,"3,242 mi",16,$0.1134
NAP,KIX,"5,998",$538.15,"5,842 mi",16,$0.0921
VCE,FAO,"5,994",$129.84,"1,166 mi",16,$0.1114
ATH,KZI,"5,992",$80.21,204 mi,16,$0.3932
LHR,KCH,"5,991",$718.47,"6,808 mi",16,$0.1055
EDI,MCT,"5,989",$498.39,"3,906 mi",16,$0.1276
WAW,RMF,"5,988",$159.21,"1,912 mi",16,$0.0833
CDG,KHI,"5,986",$407.20,"3,689 mi",16,$0.1104
NCE,MSP,"5,984",$793.18,"4,751 mi",16,$0.1670
LYS,BOG,"5,984",$560.86,"5,631 mi",16,$0.0996
ZRH,GUA,"5,978",$529.79,"5,715 mi",16,$0.0927
ARN,NTE,"5,978",$247.11,"1,206 mi",16,$0.2049
AGP,DBV,"5,977",$247.04,"1,235 mi",16,$0.2000
ORY,KTT,"5,977",$103.46,"1,480 mi",16,$0.0699
SOF,GYD,"5,976",$221.99,"1,421 mi",16,$0.1562
GOT,LCA,"5,973",$184.92,"1,802 mi",16,$0.1026
DUB,PKX,"5,972",$442.85,"5,011 mi",16,$0.0884
GVA,AUS,"5,971","$1,064.26","5,177 mi",16,$0.2056
GLA,DFW,"5,970","$1,283.94","4,600 mi",16,$0.2791
SOF,TBS,"5,966",$125.80,"1,069 mi",16,$0.1177
MAD,BHD,"5,966",$388.17,953 mi,16,$0.4073
BRU,VGO,"5,962",$230.34,888 mi,16,$0.2594
DUB,PUJ,"5,962",$420.84,"3,931 mi",16,$0.1071
GVA,PTY,"5,960","$1,016.72","5,385 mi",16,$0.1888
ARN,LHE,"5,958",$380.55,"3,113 mi",16,$0.1222
BRU,UIO,"5,955",$570.41,"6,090 mi",16,$0.0937
LED,BLQ,"5,952",$377.70,"1,277 mi",16,$0.2958
SVO,OKA,"5,952",$267.88,"4,886 mi",16,$0.0548
CDG,TRV,"5,949",$294.10,"5,221 mi",16,$0.0563
MAD,MPL,"5,948",$328.13,428 mi,16,$0.7667
DUB,BUF,"5,945",$404.11,"3,168 mi",16,$0.1276
LCY,EZE,"5,945",$671.74,"6,729 mi",16,$0.0998
FCO,ITM,"5,944",$831.30,"6,221 mi",16,$0.1336
MAD,VIX,"5,942",$646.43,"4,671 mi",16,$0.1384
NAP,BRE,"5,941",$261.04,853 mi,16,$0.3060
MAD,HYD,"5,941",$667.17,"4,888 mi",16,$0.1365
AMS,MSN,"5,940",$639.83,"4,226 mi",16,$0.1514
LHR,JAN,"5,940",$625.17,"4,360 mi",16,$0.1434
BRU,HYD,"5,938",$596.66,"4,466 mi",16,$0.1336
FCO,DRS,"5,938",$204.59,630 mi,16,$0.3247
GLA,DUS,"5,938",$199.08,540 mi,16,$0.3687
NCL,PEK,"5,934",$770.50,"5,077 mi",16,$0.1518
ZRH,YEG,"5,933",$488.22,"4,833 mi",16,$0.1010
PRG,TRD,"5,931",$188.48,959 mi,16,$0.1965
BUD,CLE,"5,929",$482.23,"4,495 mi",16,$0.1073
VIE,JRO,"5,929",$423.89,"3,883 mi",16,$0.1092
MAN,MBA,"5,926",$308.89,"4,784 mi",16,$0.0646
ZRH,ALA,"5,926",$577.27,"3,322 mi",16,$0.1738
ZRH,CNF,"5,925",$802.41,"5,493 mi",16,$0.1461
LIS,ACC,"5,922",$485.81,"2,430 mi",16,$0.1999
MXP,SKD,"5,922",$291.93,"3,010 mi",16,$0.0970
AMS,KSC,"5,921",$241.68,742 mi,16,$0.3257
BRU,IVL,"5,920",$301.92,"1,484 mi",16,$0.2035
FCO,ONT,"5,920",$318.44,"6,496 mi",16,$0.0490
AMS,KKN,"5,915",$157.06,"1,402 mi",16,$0.1120
AMS,SHJ,"5,915",$168.05,"3,118 mi",16,$0.0539
LHR,SDK,"5,913",$475.76,"7,289 mi",16,$0.0653
AMS,GYN,"5,912",$496.85,"5,922 mi",16,$0.0839
LYS,ZAD,"5,912",$136.70,499 mi,16,$0.2739
BCN,MGA,"5,908",$561.76,"5,410 mi",16,$0.1038
BRU,RVN,"5,906",$278.41,"1,350 mi",16,$0.2062
BRU,VFA,"5,905",$432.91,"5,088 mi",16,$0.0851
LHR,TNA,"5,905",$235.08,"5,110 mi",16,$0.0460
ZAG,TLV,"5,905",$312.39,"1,422 mi",16,$0.2197
NTE,OSL,"5,902",$273.28,"1,005 mi",16,$0.2719
AMS,SVO,"5,901",$504.88,"1,372 mi",16,$0.3680
VIE,RLG,"5,901",$97.17,429 mi,16,$0.2265
BOD,ORD,"5,900",$816.50,"4,032 mi",16,$0.2025
VKO,NER,"5,898",$282.03,"3,221 mi",16,$0.0876
CPH,HDS,"5,897",$342.48,"5,460 mi",16,$0.0627
NCE,TPA,"5,897","$1,020.67","4,754 mi",16,$0.2147
ARN,SZX,"5,895",$361.01,"4,925 mi",16,$0.0733
GVA,MAA,"5,894",$718.59,"4,958 mi",16,$0.1449
NCE,SPU,"5,894",$253.09,468 mi,16,$0.5408
BGY,OMO,"5,893",$121.27,421 mi,16,$0.2881
OSL,YVR,"5,891",$634.18,"4,593 mi",16,$0.1381
WAW,XRY,"5,889",$224.09,"1,740 mi",16,$0.1288
EDI,HAJ,"5,887",$179.79,562 mi,16,$0.3199
ARN,KKN,"5,884",$145.08,754 mi,16,$0.1924
LGW,XRY,"5,884",$354.06,"1,067 mi",16,$0.3318
PRG,YYC,"5,884",$400.82,"4,956 mi",16,$0.0809
GLA,DEN,"5,883",$553.07,"4,484 mi",16,$0.1233
NAP,GIG,"5,883",$659.61,"5,569 mi",16,$0.1184
EDI,MAA,"5,879",$612.40,"5,385 mi",16,$0.1137
DUB,DCA,"5,878",$546.16,"3,281 mi",16,$0.1665
VKO,CXR,"5,876",$191.67,"4,978 mi",16,$0.0385
HEL,SZG,"5,871",$197.69,958 mi,16,$0.2064
CPH,ALG,"5,869",$220.39,"1,339 mi",16,$0.1646
PMI,LIM,"5,868",$531.54,"6,404 mi",16,$0.0830
VCE,FOR,"5,866",$490.55,"4,476 mi",16,$0.1096
BCN,MTY,"5,864",$650.81,"5,814 mi",16,$0.1119
MAD,ALA,"5,864",$468.12,"3,860 mi",16,$0.1213
DBV,SVG,"5,863",$203.49,"1,213 mi",16,$0.1678
NTE,BKK,"5,862",$634.72,"6,274 mi",16,$0.1012
LYS,NSI,"5,858",$313.11,"2,840 mi",16,$0.1103
ORY,RMO,"5,858",$200.59,"1,269 mi",16,$0.1581
WAW,ALG,"5,858",$282.71,"1,415 mi",16,$0.1998
BCN,FLN,"5,857",$754.95,"5,932 mi",16,$0.1273
ARN,TIV,"5,856",$165.45,"1,228 mi",16,$0.1347
BUD,POZ,"5,856",$174.04,350 mi,16,$0.4973
MRS,MLE,"5,852",$335.47,"5,086 mi",16,$0.0660
FCO,KHI,"5,851",$359.57,"3,415 mi",16,$0.1053
PMI,BJZ,"5,851",$194.62,498 mi,16,$0.3908
WAW,IAH,"5,849",$887.06,"5,753 mi",16,$0.1542
STN,FLR,"5,848",$181.10,730 mi,16,$0.2481
OSL,BLR,"5,846",$557.64,"4,492 mi",16,$0.1241
BOD,WAW,"5,846",$262.06,"1,142 mi",16,$0.2295
BHX,CAI,"5,845",$240.03,"2,344 mi",16,$0.1024
NCE,PUJ,"5,844",$392.14,"4,490 mi",16,$0.0873
BRU,MSY,"5,844",$606.19,"4,978 mi",16,$0.1218
FCO,OKC,"5,843",$744.77,"5,337 mi",16,$0.1395
OTP,GIG,"5,838",$858.81,"6,570 mi",16,$0.1307
LHR,BTV,"5,837",$921.72,"3,158 mi",16,$0.2919
MAD,MID,"5,836",$694.59,"4,940 mi",16,$0.1406
CDG,GOA,"5,834",$160.25,422 mi,16,$0.3797
LIS,SVG,"5,834",$355.31,"1,581 mi",16,$0.2247
HEL,MAA,"5,831",$580.11,"4,150 mi",16,$0.1398
NTE,OTP,"5,831",$367.18,"1,378 mi",16,$0.2665
BRU,HAJ,"5,826",$195.24,255 mi,16,$0.7656
MAD,SAI,"5,825",$401.12,"6,715 mi",16,$0.0597
GOT,TIA,"5,825",$119.46,"1,204 mi",16,$0.0992
MAN,BEG,"5,824",$180.91,"1,137 mi",16,$0.1591
WAW,YOW,"5,824",$710.76,"3,968 mi",16,$0.1791
ARN,ISU,"5,818",$257.79,"2,004 mi",16,$0.1286
MAD,BAH,"5,818",$576.42,"3,127 mi",16,$0.1843
OTP,SJJ,"5,817",$170.94,376 mi,16,$0.4546
MAN,VNO,"5,815",$172.77,"1,083 mi",16,$0.1595
ORY,POA,"5,812",$552.33,"6,171 mi",16,$0.0895
LIS,CHQ,"5,811",$268.92,"1,781 mi",16,$0.1510
ATH,FAO,"5,810",$344.60,"1,794 mi",16,$0.1921
GOT,HKG,"5,809",$840.24,"5,496 mi",16,$0.1529
OSL,WRO,"5,806",$165.67,687 mi,16,$0.2411
VCE,IBZ,"5,805",$292.71,746 mi,16,$0.3924
BCN,SEZ,"5,804",$444.81,"4,762 mi",16,$0.0934
NCE,LLA,"5,804",$130.38,"1,663 mi",16,$0.0784
PMI,YUL,"5,804",$380.46,"3,654 mi",16,$0.1041
GVA,BAH,"5,801",$999.90,"2,873 mi",16,$0.3480
PRG,STR,"5,800",$216.74,254 mi,16,$0.8533
GLA,KUL,"5,800",$739.18,"6,479 mi",16,$0.1141
WAW,KUO,"5,799",$261.98,766 mi,16,$0.3420
FCO,RNO,"5,797",$678.10,"6,246 mi",16,$0.1086
GVA,SHA,"5,797",$523.74,"5,906 mi",16,$0.0887
NCE,BRE,"5,796",$244.89,672 mi,16,$0.3644
BCN,CWB,"5,795",$758.34,"5,493 mi",16,$0.1381
FCO,GRX,"5,795",$303.29,883 mi,16,$0.3435
OTP,KWI,"5,795",$348.69,"1,646 mi",16,$0.2118
MXP,CIY,"5,793",$117.54,690 mi,16,$0.1703
ARN,SLC,"5,789",$759.82,"5,083 mi",16,$0.1495
GVA,EMA,"5,789",$12.73,547 mi,16,$0.0233
PRG,SJJ,"5,787",$149.08,460 mi,16,$0.3241
MXP,CEB,"5,786",$557.50,"7,083 mi",16,$0.0787
ZAG,PUY,"5,785",$28.68,116 mi,16,$0.2472
BHX,BRE,"5,783",$182.85,429 mi,16,$0.4262
LGW,NAV,"5,780",$143.45,"1,821 mi",16,$0.0788
CDG,PRI,"5,779",$425.33,"4,718 mi",16,$0.0902
EDI,KIX,"5,777",$835.92,"5,906 mi",16,$0.1415
FCO,PNL,"5,775",$139.19,335 mi,16,$0.4155
MXP,EBB,"5,773",$264.28,"3,569 mi",16,$0.0740
VIE,ATQ,"5,772",$218.50,"3,105 mi",16,$0.0704
DUB,TYS,"5,771",$528.39,"3,691 mi",16,$0.1432
ZAG,BOM,"5,769",$336.43,"3,805 mi",16,$0.0884
VKO,OMS,"5,767",$96.43,"1,445 mi",16,$0.0667
ARN,CGK,"5,763",$729.20,"6,735 mi",16,$0.1083
AGP,HKG,"5,760","$1,036.30","6,518 mi",16,$0.1590
LHR,BEL,"5,758","$1,138.35","4,737 mi",16,$0.2403
GOT,HAJ,"5,757",$254.13,363 mi,16,$0.7001
ARN,ALF,"5,755",$175.76,752 mi,16,$0.2337
ATH,FIH,"5,755",$433.38,"2,885 mi",16,$0.1502
GVA,DAC,"5,752",$765.17,"4,925 mi",16,$0.1554
STN,HKT,"5,750",$525.00,"6,302 mi",16,$0.0833
ZRH,BHD,"5,748",$292.76,771 mi,16,$0.3797
MRS,LBV,"5,747",$799.78,"2,892 mi",16,$0.2765
LED,HAM,"5,743",$342.69,848 mi,16,$0.4041
DUB,BEG,"5,741",$271.96,"1,290 mi",16,$0.2108
LGW,KBL,"5,741",$525.64,"3,446 mi",16,$0.1525
CDG,BJL,"5,740",$277.10,"2,777 mi",16,$0.0998
CDG,BOI,"5,739",$959.59,"5,198 mi",16,$0.1846
BCN,STI,"5,737",$311.30,"4,324 mi",16,$0.0720
NTE,BLQ,"5,737",$321.34,665 mi,16,$0.4832
LHR,COV,"5,736",$426.16,"1,940 mi",16,$0.2197
PRG,USM,"5,733",$466.06,"5,361 mi",16,$0.0869
NAP,VKO,"5,731",$700.18,"1,409 mi",16,$0.4969
WAW,OUL,"5,731",$307.53,922 mi,16,$0.3335
GOT,OUL,"5,727",$282.33,681 mi,16,$0.4146
AMS,RNB,"5,726",$414.96,518 mi,16,$0.8011
PRG,PER,"5,723","$1,013.52","8,617 mi",16,$0.1176
GVA,SKP,"5,720",$155.40,798 mi,16,$0.1947
GLA,NRT,"5,719",$912.62,"5,602 mi",16,$0.1629
LHR,AVL,"5,719",$546.94,"3,916 mi",16,$0.1397
MXP,PAS,"5,718",$292.07,"1,005 mi",16,$0.2906
ZAG,BLL,"5,714",$299.05,730 mi,16,$0.4097
NAP,NRT,"5,711",$544.73,"6,318 mi",16,$0.0862
PRG,HYD,"5,710","$1,099.07","4,047 mi",16,$0.2716
LHR,TYN,"5,710",$282.67,"4,919 mi",16,$0.0575
MAN,CKG,"5,709",$318.24,"5,460 mi",16,$0.0583
GVA,ALA,"5,709",$547.65,"3,263 mi",16,$0.1678
NAP,ICN,"5,709",$619.43,"5,700 mi",16,$0.1087
MAN,XIY,"5,706",$565.91,"5,259 mi",16,$0.1076
GVA,REC,"5,704",$683.19,"4,391 mi",16,$0.1556
BRU,SDQ,"5,702",$389.13,"4,414 mi",16,$0.0882
EDI,PDX,"5,702",$524.81,"4,725 mi",16,$0.1111
EDI,CVG,"5,701",$608.27,"3,843 mi",16,$0.1583
MAD,ZCO,"5,699",$767.92,"6,792 mi",16,$0.1131
CPH,BNA,"5,698",$584.96,"4,670 mi",16,$0.1253
STN,DAC,"5,697",$629.62,"5,092 mi",16,$0.1236
LHR,GNB,"5,695",$242.87,514 mi,16,$0.4725
BCN,SHE,"5,693",$406.98,"5,469 mi",16,$0.0744
MRS,HKG,"5,693","$1,104.36","6,218 mi",16,$0.1776
OTP,TBS,"5,693",$206.76,940 mi,16,$0.2200
LHR,SVO,"5,692",$843.70,"1,605 mi",16,$0.5257
MAD,SMF,"5,692",$661.21,"5,543 mi",16,$0.1193
VIE,KYA,"5,691",$96.54,"1,097 mi",16,$0.0880
GVA,TPA,"5,689",$653.82,"4,645 mi",16,$0.1408
SVO,CEB,"5,689",$213.53,"5,331 mi",16,$0.0401
BRU,SBZ,"5,688",$164.94,993 mi,16,$0.1661
CDG,GEG,"5,688",$970.39,"5,008 mi",16,$0.1938
LHR,CKY,"5,688","$1,033.63","2,899 mi",16,$0.3565
AGP,BKO,"5,687",$137.31,"1,632 mi",16,$0.0841
CPH,COV,"5,687",$133.73,"1,714 mi",16,$0.0780
ZAG,LUX,"5,684",$190.83,515 mi,16,$0.3705
GVA,YOW,"5,678",$877.96,"3,867 mi",16,$0.2270
VCE,JAX,"5,678",$717.65,"5,079 mi",16,$0.1413
OTP,LIN,"5,677",$201.10,797 mi,16,$0.2523
LED,COV,"5,674",$250.59,"1,645 mi",16,$0.1523
OSL,TBS,"5,674",$186.73,"1,858 mi",16,$0.1005
WAW,KTM,"5,672",$367.61,"3,552 mi",16,$0.1035
NAP,DEL,"5,669",$369.40,"3,481 mi",16,$0.1061
BOD,SFO,"5,668",$990.20,"5,511 mi",16,$0.1797
MRS,BOM,"5,668",$803.79,"4,336 mi",16,$0.1854
NCE,BFS,"5,664",$218.98,998 mi,16,$0.2194
GVA,RUN,"5,664",$537.55,"5,737 mi",16,$0.0937
MAD,VER,"5,657",$704.21,"5,666 mi",15,$0.1243
AGP,ATL,"5,655",$767.14,"4,250 mi",15,$0.1805
BCN,AES,"5,655",$198.79,"1,434 mi",15,$0.1386
SOF,HKG,"5,654",$580.78,"5,056 mi",15,$0.1149
CDG,NGB,"5,653",$613.67,"5,995 mi",15,$0.1024
LYS,SDQ,"5,651",$300.28,"4,449 mi",15,$0.0675
LIS,CFU,"5,649",$289.78,"1,596 mi",15,$0.1816
MAD,EBB,"5,644",$350.89,"3,485 mi",15,$0.1007
LHR,KTI,"5,643",$732.78,"6,436 mi",15,$0.1139
MXP,BSR,"5,643","$1,193.44","2,400 mi",15,$0.4973
DME,DMM,"5,642",$403.99,"2,150 mi",15,$0.1879
BCN,OMA,"5,641",$571.18,"4,629 mi",15,$0.1234
LGW,UME,"5,641",$169.21,"1,182 mi",15,$0.1432
BRU,NBE,"5,640",$105.24,"1,098 mi",15,$0.0958
EDI,FLL,"5,640",$594.47,"4,367 mi",15,$0.1361
ARN,SEZ,"5,639",$355.44,"4,746 mi",15,$0.0749
AMS,RBA,"5,638",$217.87,"1,342 mi",15,$0.1623
MRS,PEK,"5,637",$839.31,"5,100 mi",15,$0.1646
SOF,DEL,"5,636",$309.43,"3,020 mi",15,$0.1025
WAW,CGN,"5,636",$219.28,618 mi,15,$0.3548
BRU,NCL,"5,635",$227.25,372 mi,15,$0.6109
FCO,XIY,"5,632",$263.85,"4,833 mi",15,$0.0546
BUD,AKL,"5,628",$983.70,"10,671 mi",15,$0.0922
CDG,BHM,"5,627",$751.93,"4,350 mi",15,$0.1729
BCN,KZN,"5,626",$558.02,"2,391 mi",15,$0.2334
EDI,KHI,"5,626",$295.32,"3,940 mi",15,$0.0750
MRS,CMB,"5,624",$240.72,"4,957 mi",15,$0.0486
PRG,TIV,"5,624",$108.51,590 mi,15,$0.1839
LIS,TRD,"5,622",$362.38,"1,953 mi",15,$0.1856
BCN,CKG,"5,619",$310.57,"5,403 mi",15,$0.0575
LYS,BIO,"5,619",$202.34,441 mi,15,$0.4588
CPH,BJV,"5,617",$235.49,"1,406 mi",15,$0.1675
HEL,MHQ,"5,614",$56.28,179 mi,15,$0.3144
SVO,JED,"5,613",$232.69,"2,442 mi",15,$0.0953
CDG,DSM,"5,612",$595.71,"4,513 mi",15,$0.1320
NCL,GCI,"5,612",$176.62,401 mi,15,$0.4404
BCN,OUL,"5,611",$335.91,"1,816 mi",15,$0.1850
AGP,ALC,"5,610",$234.94,250 mi,15,$0.9398
GLA,PUY,"5,609",$115.90,"1,069 mi",15,$0.1084
BHX,MJT,"5,607",$111.93,"1,585 mi",15,$0.0706
MAN,GOX,"5,606",$353.26,"4,924 mi",15,$0.0717
ARN,ISB,"5,606",$366.34,"2,951 mi",15,$0.1241
CPH,GOA,"5,606",$196.50,768 mi,15,$0.2559
CPH,YOW,"5,605",$513.94,"3,568 mi",15,$0.1440
VIE,KBV,"5,603",$442.80,"5,289 mi",15,$0.0837
HEL,RMO,"5,602",$173.56,911 mi,15,$0.1905
HEL,GRZ,"5,599",$343.45,967 mi,15,$0.3552
MRS,SKG,"5,599",$236.70,904 mi,15,$0.2618
ORY,VGO,"5,599",$200.57,717 mi,15,$0.2797
ATH,ESB,"5,597",$156.55,494 mi,15,$0.3169
MXP,SAI,"5,597",$553.15,"5,646 mi",15,$0.0980
NCE,ABZ,"5,595",$384.59,990 mi,15,$0.3885
LHR,PEI,"5,594",$588.59,"5,486 mi",15,$0.1073
GVA,MVD,"5,594","$1,087.07","6,599 mi",15,$0.1647
PMI,MEX,"5,593",$887.04,"6,147 mi",15,$0.1443
MXP,KZN,"5,591",$547.36,"1,930 mi",15,$0.2836
OSL,AJA,"5,591",$198.25,"1,228 mi",15,$0.1614
MXP,JAX,"5,590",$794.11,"4,624 mi",15,$0.1717
EDI,MED,"5,588",$218.33,"2,965 mi",15,$0.0736
ZRH,AAL,"5,588",$241.73,687 mi,15,$0.3519
CDG,SNA,"5,587","$1,627.90","5,823 mi",15,$0.2796
BUD,EZE,"5,586",$955.68,"7,214 mi",15,$0.1325
LGW,FDH,"5,583",$69.55,512 mi,15,$0.1358
NAP,OMO,"5,583",$112.10,253 mi,15,$0.4431
ARN,DAM,"5,581",$215.16,"2,061 mi",15,$0.1044
OSL,ADD,"5,580",$338.18,"3,932 mi",15,$0.0860
ZAG,YUL,"5,579",$301.35,"4,212 mi",15,$0.0715
MAD,XMN,"5,577",$511.62,"6,392 mi",15,$0.0800
LYS,GIG,"5,573",$625.99,"5,452 mi",15,$0.1148
LHR,TGD,"5,573",$206.24,"1,152 mi",15,$0.1790
CDG,UGC,"5,569",$268.27,"2,883 mi",15,$0.0931
EDI,YWG,"5,568",$335.35,"3,732 mi",15,$0.0899
BOD,IAD,"5,568",$789.52,"3,704 mi",15,$0.2132
LYS,DOH,"5,568",$244.33,"2,832 mi",15,$0.0863
GOT,BIO,"5,567",$247.27,"1,226 mi",15,$0.2017
ZRH,LIR,"5,566",$821.11,"6,045 mi",15,$0.1358
LHR,STI,"5,564",$349.17,"4,198 mi",15,$0.0832
CDG,LYR,"5,563",$254.17,"1,986 mi",15,$0.1280
BUD,STL,"5,562",$544.75,"4,927 mi",15,$0.1106
LHR,AUA,"5,560",$745.33,"4,528 mi",15,$0.1646
PRG,PDX,"5,560",$539.98,"5,498 mi",15,$0.0982
FCO,ICT,"5,557",$455.87,"5,225 mi",15,$0.0872
PMI,UME,"5,557",$120.66,"1,766 mi",15,$0.0683
OSL,EBB,"5,555",$221.65,"4,181 mi",15,$0.0530
ZAG,OSI,"5,554",$28.19,138 mi,15,$0.2043
AMS,SAV,"5,552",$944.88,"4,468 mi",15,$0.2115
BGY,RUH,"5,551",$169.15,"2,570 mi",15,$0.0658
FCO,BDL,"5,550",$524.93,"4,045 mi",15,$0.1298
BRU,ROB,"5,550",$383.49,"3,298 mi",15,$0.1163
BRU,CLJ,"5,549",$166.47,942 mi,15,$0.1767
CDG,SLL,"5,549",$237.89,"3,723 mi",15,$0.0639
ZRH,PNH,"5,548",$642.74,"6,099 mi",15,$0.1054
ORY,BJL,"5,546",$188.04,"2,755 mi",15,$0.0683
OTP,SZG,"5,543",$80.72,684 mi,15,$0.1180
PMI,PNA,"5,543",$278.81,328 mi,15,$0.8500
DME,DLA,"5,543",$305.22,"3,765 mi",15,$0.0811
ARN,GIG,"5,540",$718.88,"6,454 mi",15,$0.1114
WAW,LIM,"5,539",$731.33,"6,998 mi",15,$0.1045
FCO,ABV,"5,538",$548.02,"2,217 mi",15,$0.2472
BOD,AHO,"5,537",$65.09,525 mi,15,$0.1240
LHR,PAS,"5,535",$415.63,"1,647 mi",15,$0.2524
BUD,NKG,"5,535",$176.63,"5,198 mi",15,$0.0340
BUD,XMN,"5,531",$131.48,"5,537 mi",15,$0.0237
CDG,PNS,"5,530",$818.25,"4,792 mi",15,$0.1708
VCE,RHO,"5,530",$149.72,"1,062 mi",15,$0.1410
ATH,PTY,"5,529",$665.69,"6,349 mi",15,$0.1048
BCN,KRS,"5,529",$206.39,"1,233 mi",15,$0.1674
CDG,FBM,"5,526",$670.82,"4,321 mi",15,$0.1552
SOF,HAN,"5,525",$363.89,"4,715 mi",15,$0.0772
BUD,YYC,"5,524",$402.18,"5,238 mi",15,$0.0768
BUD,TAO,"5,523",$184.47,"4,723 mi",15,$0.0391
PMI,ESB,"5,523",$301.93,"1,646 mi",15,$0.1834
GOT,ATL,"5,522",$714.73,"4,656 mi",15,$0.1535
FCO,CCJ,"5,522",$298.56,"4,228 mi",15,$0.0706
AMS,TNR,"5,521",$600.43,"5,707 mi",15,$0.1052
ATH,RIC,"5,519",$576.88,"5,053 mi",15,$0.1142
DUB,NUE,"5,519",$217.93,816 mi,15,$0.2671
OSL,OSD,"5,515",$126.58,242 mi,15,$0.5231
VKO,KWI,"5,515",$266.25,"1,840 mi",15,$0.1447
BRU,CKG,"5,515",$140.20,"5,292 mi",15,$0.0265
MAD,LSC,"5,513","$1,122.69","6,702 mi",15,$0.1675
MAN,BOO,"5,513",$195.13,"1,142 mi",15,$0.1709
GVA,PHL,"5,510",$616.57,"4,065 mi",15,$0.1517
NCL,GNB,"5,509",$61.36,714 mi,15,$0.0859
VKO,HAJ,"5,509",$312.25,"1,166 mi",15,$0.2678
ORY,QSR,"5,508",$276.68,805 mi,15,$0.3437
ZAG,PEK,"5,508",$508.50,"4,603 mi",15,$0.1105
PMI,PVK,"5,507",$257.40,935 mi,15,$0.2753
GVA,HYD,"5,504",$758.91,"4,662 mi",15,$0.1628
HEL,CPT,"5,503",$554.96,"6,720 mi",15,$0.0826
VCE,TBS,"5,503",$223.33,"1,592 mi",15,$0.1403
ATH,MEM,"5,498",$731.38,"5,681 mi",15,$0.1287
BUD,NQZ,"5,498",$313.05,"2,389 mi",15,$0.1310
AGP,LJU,"5,494",$292.88,"1,213 mi",15,$0.2415
DME,WDH,"5,492",$758.09,"5,680 mi",15,$0.1335
BHX,NUE,"5,492",$187.57,575 mi,15,$0.3262
ARN,ALG,"5,489",$189.60,"1,767 mi",15,$0.1073
OSL,PHX,"5,487",$730.73,"5,368 mi",15,$0.1361
AMS,GEO,"5,486",$933.33,"4,596 mi",15,$0.2031
BCN,RDO,"5,484",$131.38,"1,109 mi",15,$0.1185
HEL,JOE,"5,483",$79.16,216 mi,15,$0.3665
ZRH,CLO,"5,477",$555.06,"5,975 mi",15,$0.0929
NCL,LAS,"5,476",$742.38,"4,868 mi",15,$0.1525
GLA,MSP,"5,474",$672.98,"3,819 mi",15,$0.1762
BCN,SOU,"5,473",$182.51,708 mi,15,$0.2578
ATH,CLJ,"5,472",$155.59,594 mi,15,$0.2619
BOD,LPA,"5,472",$239.43,"1,376 mi",15,$0.1740
CDG,KYA,"5,470",$203.22,"1,721 mi",15,$0.1181
WAW,FAO,"5,469",$170.13,"1,696 mi",15,$0.1003
NAP,ORF,"5,469",$669.16,"4,503 mi",15,$0.1486
AGP,CGK,"5,468",$420.59,"7,411 mi",15,$0.0568
WAW,AAL,"5,468",$240.42,542 mi,15,$0.4436
ATH,SKP,"5,466",$136.04,295 mi,15,$0.4612
CDG,AAR,"5,462",$224.25,588 mi,15,$0.3814
LIS,SDU,"5,461",$495.58,"4,653 mi",15,$0.1065
BCN,CKY,"5,461",$234.18,"2,319 mi",15,$0.1010
BRU,NGO,"5,461","$1,632.84","6,016 mi",15,$0.2714
WAW,TOS,"5,461",$186.07,"1,176 mi",15,$0.1582
LCY,JSI,"5,460",$408.04,"1,454 mi",15,$0.2806
PMI,LEU,"5,459",$99.13,199 mi,15,$0.4981
CDG,LIT,"5,457",$933.13,"4,793 mi",15,$0.1947
PRG,ORK,"5,457",$259.37,963 mi,15,$0.2693
NTE,MIA,"5,456","$1,170.81","4,551 mi",15,$0.2573
ZRH,ASU,"5,456",$672.13,"6,286 mi",15,$0.1069
PRG,SVG,"5,454",$175.26,718 mi,15,$0.2441
NAP,DSS,"5,453",$211.79,"2,689 mi",15,$0.0788
ZRH,CNS,"5,452",$989.76,"9,502 mi",15,$0.1042
AMS,MTY,"5,451",$770.44,"5,572 mi",15,$0.1383
ATH,SZG,"5,450",$304.08,850 mi,15,$0.3577
LCY,CMF,"5,449",$309.37,470 mi,15,$0.6582
MXP,UIO,"5,447",$397.21,"6,265 mi",15,$0.0634
DBV,YUL,"5,445",$358.30,"4,437 mi",15,$0.0808
BOD,HND,"5,443","$1,091.74","6,167 mi",15,$0.1770
ZRH,CWB,"5,439",$979.18,"6,000 mi",15,$0.1632
HEL,SCL,"5,434",$972.79,"8,632 mi",15,$0.1127
EDI,TLL,"5,432",$161.48,"1,092 mi",15,$0.1479
WAW,MCO,"5,432",$853.64,"5,017 mi",15,$0.1701
GVA,GDN,"5,431",$156.48,758 mi,15,$0.2064
PRG,SLC,"5,431",$689.81,"5,525 mi",15,$0.1249
ZAG,HKG,"5,431",$802.92,"5,652 mi",15,$0.1421
ATH,BWI,"5,430",$620.95,"5,265 mi",15,$0.1179
DUB,BES,"5,430",$162.29,342 mi,15,$0.4745
LED,STW,"5,429",$132.92,"1,093 mi",15,$0.1216
SNN,TRN,"5,427",$72.81,937 mi,15,$0.0777
SVO,LHW,"5,427",$294.50,"3,188 mi",15,$0.0924
LED,MNL,"5,427",$508.29,"5,541 mi",15,$0.0917
LIS,CGB,"5,425",$425.15,"4,976 mi",15,$0.0854
GVA,BHD,"5,425",$309.01,758 mi,15,$0.4077
MXP,TNR,"5,424",$608.85,"4,918 mi",15,$0.1238
ATH,SAV,"5,423","$1,059.68","5,780 mi",15,$0.1833
VKO,LLK,"5,420",$100.52,"1,317 mi",15,$0.0763
DUB,AMM,"5,418",$366.31,"2,642 mi",15,$0.1386
ATH,LCG,"5,416",$419.51,"1,776 mi",15,$0.2362
AGP,DEN,"5,416",$751.92,"4,965 mi",15,$0.1514
LYS,EZE,"5,415",$815.06,"7,036 mi",15,$0.1158
MRS,HAJ,"5,414",$231.52,677 mi,15,$0.3420
BRU,KSC,"5,413",$203.20,739 mi,15,$0.2750
BRU,FRU,"5,412",$216.92,"3,120 mi",15,$0.0695
MAN,ADJ,"5,411",$190.29,"2,468 mi",15,$0.0771
VKO,LJU,"5,411",$559.06,"1,212 mi",15,$0.4613
LIS,JMK,"5,407",$297.28,"1,810 mi",15,$0.1642
DUB,TBS,"5,405",$202.76,"2,537 mi",15,$0.0799
AMS,ROC,"5,404",$620.17,"3,783 mi",15,$0.1639
BOD,CAI,"5,402",$286.62,"2,074 mi",15,$0.1382
DUB,CCU,"5,402",$498.83,"5,315 mi",15,$0.0939
AMS,ABJ,"5,401",$891.61,"3,189 mi",15,$0.2796
ZRH,TFU,"5,401",$452.30,"4,813 mi",15,$0.0940
NAP,PIT,"5,400",$630.60,"4,817 mi",15,$0.1309
LHR,NTE,"5,397",$270.52,312 mi,15,$0.8671
LHR,PHC,"5,397",$733.77,"3,335 mi",15,$0.2200
PRG,SEZ,"5,397",$405.31,"4,376 mi",15,$0.0926
AGP,CFU,"5,396",$404.62,"1,298 mi",15,$0.3117
VKO,SFO,"5,395",$547.59,"5,708 mi",15,$0.0959
NTE,PTP,"5,393",$383.11,"3,875 mi",15,$0.0989
ARN,KSU,"5,393",$199.80,422 mi,15,$0.4735
EDI,YOW,"5,393",$420.35,"3,006 mi",15,$0.1398
CDG,BHD,"5,390",$253.97,544 mi,15,$0.4669
GVA,KTT,"5,390",$356.11,"1,676 mi",15,$0.2125
DME,NCE,"5,386","$1,738.45","1,626 mi",15,$1.0692
LHR,SAL,"5,386",$442.37,"5,597 mi",15,$0.0790
OTP,DAC,"5,382",$429.42,"3,950 mi",15,$0.1087
AMS,LAD,"5,381",$812.75,"4,384 mi",15,$0.1854
BCN,CTU,"5,380",$330.57,"5,248 mi",15,$0.0630
FCO,SYR,"5,380",$475.00,"4,404 mi",15,$0.1079
GLA,BGI,"5,373",$769.37,"4,268 mi",15,$0.1803
WAW,TPA,"5,372",$506.33,"5,085 mi",15,$0.0996
NAP,AUS,"5,371",$854.50,"6,058 mi",15,$0.1411
HEL,MSP,"5,368",$746.07,"4,251 mi",15,$0.1755
ORY,CCS,"5,367",$485.37,"4,874 mi",15,$0.0996
LIS,AAL,"5,365",$282.78,"1,575 mi",15,$0.1795
EDI,SZG,"5,364",$172.50,921 mi,15,$0.1873
VCE,SPU,"5,363",$184.37,230 mi,15,$0.8016
GVA,SSA,"5,362",$543.60,"5,077 mi",15,$0.1071
NTE,RUN,"5,362",$557.59,"6,064 mi",15,$0.0920
LHR,OVD,"5,362",$348.54,623 mi,15,$0.5595
HEL,NUE,"5,361",$242.36,953 mi,15,$0.2543
GOT,VLC,"5,358",$253.78,"1,420 mi",15,$0.1787
SVO,HTA,"5,356",$209.24,"3,024 mi",15,$0.0692
OTP,DFW,"5,356",$737.89,"6,184 mi",15,$0.1193
OSL,VAA,"5,354",$242.65,389 mi,15,$0.6238
NCL,OTP,"5,351",$301.54,"1,378 mi",15,$0.2188
MRS,VIL,"5,350",$64.12,"1,762 mi",15,$0.0364
CPH,FLL,"5,349",$498.36,"4,708 mi",15,$0.1059
LED,MCT,"5,349",$422.41,"2,929 mi",15,$0.1442
LHR,PVD,"5,342",$563.27,"3,200 mi",15,$0.1760
DME,COV,"5,342",$162.86,"1,325 mi",15,$0.1229
PMI,MNL,"5,341",$589.60,"7,202 mi",15,$0.0819
DBV,VCE,"5,340",$189.61,346 mi,15,$0.5480
NAP,RDU,"5,340",$729.60,"4,656 mi",15,$0.1567
LED,CGK,"5,338",$966.47,"6,301 mi",15,$0.1534
MXP,WUH,"5,336",$446.46,"5,237 mi",15,$0.0853
LHR,PRN,"5,335",$301.01,"1,143 mi",15,$0.2634
EDI,SVG,"5,332",$423.31,379 mi,15,$1.1169
LGW,FUK,"5,332",$448.72,"6,036 mi",15,$0.0743
ZRH,IGU,"5,331",$720.82,"6,192 mi",15,$0.1164
NAP,DAC,"5,329",$335.24,"4,322 mi",15,$0.0776
BOD,BFS,"5,325",$153.10,700 mi,15,$0.2187
NTE,RIX,"5,325",$263.19,"1,306 mi",15,$0.2015
FCO,CTG,"5,322",$486.13,"5,455 mi",15,$0.0891
ZRH,KWI,"5,322",$870.60,"2,370 mi",15,$0.3673
LHR,IXE,"5,320",$393.87,"5,038 mi",15,$0.0782
ZAG,LCA,"5,320",$230.69,"1,223 mi",15,$0.1886
AGP,MDE,"5,318",$385.47,"4,762 mi",15,$0.0809
PRG,SCL,"5,317",$916.17,"7,512 mi",15,$0.1220
OTP,SEZ,"5,317",$503.44,"3,743 mi",15,$0.1345
BRU,MDE,"5,316",$461.53,"5,611 mi",15,$0.0823
GLA,LOS,"5,316",$470.88,"3,535 mi",15,$0.1332
MXP,MTY,"5,313",$751.21,"5,617 mi",15,$0.1337
ZRH,LOS,"5,311",$905.80,"2,757 mi",15,$0.3285
BRU,LXR,"5,309",$281.34,"2,223 mi",15,$0.1266
MXP,CLO,"5,309",$468.92,"5,633 mi",15,$0.0832
BUD,SVG,"5,309",$215.44,938 mi,15,$0.2297
LYS,NCL,"5,309",$134.33,729 mi,15,$0.1843
ATH,MLE,"5,305",$651.12,"3,773 mi",15,$0.1726
CDG,INN,"5,305",$149.63,436 mi,15,$0.3432
EDI,IND,"5,305",$547.91,"3,870 mi",15,$0.1416
WAW,DMM,"5,304",$413.83,"2,250 mi",15,$0.1839
CDG,DLC,"5,302",$386.10,"5,469 mi",15,$0.0706
LYS,YVR,"5,301",$531.44,"5,334 mi",15,$0.0996
FCO,KTM,"5,300",$424.90,"4,015 mi",15,$0.1058
BRU,FLL,"5,298",$534.97,"4,753 mi",15,$0.1126
CPH,JSU,"5,297",$231.69,"2,280 mi",15,$0.1016
ARN,RZE,"5,296",$152.94,659 mi,15,$0.2321
MAN,KBL,"5,295",$508.72,"3,723 mi",15,$0.1366
VIE,EBB,"5,292",$300.71,"3,350 mi",14,$0.0898
LHR,FNC,"5,292",$114.93,"1,490 mi",14,$0.0771
MAN,DAR,"5,291",$365.29,"4,668 mi",14,$0.0783
GLA,IAH,"5,289",$904.43,"4,426 mi",14,$0.2043
BUD,SLC,"5,288",$620.34,"5,817 mi",14,$0.1066
GLA,BNA,"5,288",$553.11,"4,035 mi",14,$0.1371
MAD,CKY,"5,288",$319.16,"2,156 mi",14,$0.1480
LYS,PDL,"5,286",$110.00,"1,618 mi",14,$0.0680
GOT,SOF,"5,284",$149.78,"1,108 mi",14,$0.1352
CPH,ADD,"5,283",$271.89,"3,629 mi",14,$0.0749
MRS,CAY,"5,283",$864.52,"4,521 mi",14,$0.1912
WAW,KWI,"5,282",$562.50,"2,163 mi",14,$0.2601
NCE,LIM,"5,281",$721.94,"6,316 mi",14,$0.1143
WAW,PHX,"5,279",$584.74,"6,052 mi",14,$0.0966
NCE,BOG,"5,278",$794.15,"5,395 mi",14,$0.1472
GVA,CVG,"5,277","$1,561.57","4,512 mi",14,$0.3461
AMS,TKU,"5,277",$139.51,898 mi,14,$0.1554
FCO,SNA,"5,276",$537.38,"6,527 mi",14,$0.0823
BCN,IVL,"5,275",$313.53,"2,040 mi",14,$0.1537
CDG,MSN,"5,273",$802.12,"4,268 mi",14,$0.1879
MXP,YYC,"5,272",$546.92,"4,785 mi",14,$0.1143
MRS,RIX,"5,271",$214.73,"1,276 mi",14,$0.1683
ATH,CUN,"5,269",$575.66,"6,571 mi",14,$0.0876
PRG,SZX,"5,267",$277.17,"5,596 mi",14,$0.0495
GLA,PHL,"5,266",$653.57,"3,201 mi",14,$0.2042
GVA,KTM,"5,262",$553.39,"4,240 mi",14,$0.1305
MAN,XMN,"5,260",$430.40,"5,806 mi",14,$0.0741
AMS,IGU,"5,260",$412.16,"6,650 mi",14,$0.0620
AGP,PEI,"5,259",$484.29,"5,131 mi",14,$0.0944
BUD,PUJ,"5,257",$396.02,"5,017 mi",14,$0.0789
CDG,CGH,"5,255",$444.71,"5,685 mi",14,$0.0782
OSL,TPA,"5,255",$605.20,"4,538 mi",14,$0.1334
LED,HKG,"5,254",$413.53,"4,537 mi",14,$0.0911
LIS,SKP,"5,254",$192.86,"1,576 mi",14,$0.1224
BCN,ODB,"5,254",$132.95,452 mi,14,$0.2941
SOF,RAK,"5,254",$205.23,"1,935 mi",14,$0.1061
CDG,FRU,"5,248",$336.55,"3,443 mi",14,$0.0977
MRS,YVR,"5,247",$532.91,"5,477 mi",14,$0.0973
BHX,BLL,"5,243",$272.96,481 mi,14,$0.5675
OTP,PTY,"5,242",$525.59,"6,720 mi",14,$0.0782
ZRH,DSS,"5,242",$306.48,"2,781 mi",14,$0.1102
FCO,LLA,"5,241",$244.77,"1,736 mi",14,$0.1410
PMI,JMK,"5,241",$311.22,"1,265 mi",14,$0.2460
GLA,BLR,"5,240",$865.78,"5,317 mi",14,$0.1628
CDG,HAU,"5,239",$165.19,700 mi,14,$0.2360
ATH,COV,"5,236",$211.18,632 mi,14,$0.3341
GOT,CTA,"5,232",$184.98,"1,443 mi",14,$0.1282
ATH,KSO,"5,232",$89.27,217 mi,14,$0.4114
ZRH,GYD,"5,231",$455.51,"2,156 mi",14,$0.2113
ZRH,JAX,"5,229",$830.09,"4,852 mi",14,$0.1711
LYS,SSH,"5,229",$114.73,"1,953 mi",14,$0.0587
EDI,CMB,"5,227",$636.98,"5,713 mi",14,$0.1115
GVA,LOS,"5,223","$1,069.15","2,663 mi",14,$0.4015
NCE,BNE,"5,222","$1,834.38","9,929 mi",14,$0.1847
MXP,PBI,"5,221",$858.82,"5,017 mi",14,$0.1712
GVA,PTP,"5,220",$511.35,"4,479 mi",14,$0.1142
AMS,MGQ,"5,219",$299.42,"4,056 mi",14,$0.0738
DUB,LLA,"5,217",$194.60,"1,244 mi",14,$0.1564
OSL,KUO,"5,215",$177.12,597 mi,14,$0.2967
LYS,BOM,"5,214",$706.62,"4,093 mi",14,$0.1726
ZAG,BRE,"5,213",$278.22,619 mi,14,$0.4495
BCN,TRU,"5,212",$687.08,"5,950 mi",14,$0.1155
OTP,CPT,"5,211",$590.20,"5,610 mi",14,$0.1052
BCN,BAH,"5,204",$443.14,"2,844 mi",14,$0.1558
FCO,LIT,"5,204",$579.18,"5,154 mi",14,$0.1124
AGP,ASR,"5,201",$329.38,"2,108 mi",14,$0.1563
DME,NBO,"5,201",$677.84,"3,802 mi",14,$0.1783
LIS,PBI,"5,199",$756.95,"4,230 mi",14,$0.1789
CDG,WLS,"5,197","$1,350.32","10,263 mi",14,$0.1316
WAW,BRE,"5,197",$256.74,499 mi,14,$0.5145
WAW,DAC,"5,192",$715.35,"3,948 mi",14,$0.1812
NTE,WAW,"5,192",$292.66,"1,030 mi",14,$0.2841
DUB,RIC,"5,191",$471.99,"3,560 mi",14,$0.1326
NAP,NCL,"5,190",$292.14,"1,183 mi",14,$0.2469
OSL,ASM,"5,190",$372.30,"3,504 mi",14,$0.1063
BRU,VXE,"5,188",$276.91,"2,776 mi",14,$0.0998
CPH,IAS,"5,188",$129.17,840 mi,14,$0.1538
BRU,ALA,"5,186",$409.23,"3,212 mi",14,$0.1274
AGP,BEY,"5,185",$488.70,"2,182 mi",14,$0.2240
NAP,YVR,"5,183",$592.61,"5,868 mi",14,$0.1010
OTP,LAS,"5,183",$758.37,"6,551 mi",14,$0.1158
BRU,LEJ,"5,181",$280.56,328 mi,14,$0.8554
LIS,CHS,"5,181",$655.14,"3,775 mi",14,$0.1735
EDI,AAL,"5,180",$291.47,524 mi,14,$0.5562
FCO,FMO,"5,180",$204.71,767 mi,14,$0.2669
OTP,HAU,"5,180",$280.88,"1,302 mi",14,$0.2157
FCO,VIX,"5,179",$646.33,"5,279 mi",14,$0.1224
MAD,FIH,"5,178",$552.67,"3,426 mi",14,$0.1613
BUD,ZNZ,"5,177",$330.09,"4,020 mi",14,$0.0821
PRG,GIG,"5,174",$655.54,"6,322 mi",14,$0.1037
AGP,CPT,"5,171",$704.04,"5,255 mi",14,$0.1340
LGW,SHA,"5,169",$316.22,"5,559 mi",14,$0.0569
GVA,NUE,"5,168",$252.97,332 mi,14,$0.7620
NCE,FNC,"5,168",$109.97,"1,454 mi",14,$0.0756
CDG,XNB,"5,165",$192.64,"3,361 mi",14,$0.0573
DUB,CRK,"5,164",$551.25,"6,955 mi",14,$0.0793
HEL,CLT,"5,160",$622.71,"4,771 mi",14,$0.1305
MAN,CVG,"5,160",$764.95,"3,948 mi",14,$0.1938
BRU,HGH,"5,158",$252.19,"5,445 mi",14,$0.0463
LGW,KMG,"5,157",$297.79,"5,253 mi",14,$0.0567
NTE,LAX,"5,157",$783.63,"5,434 mi",14,$0.1442
VCE,LCG,"5,156",$215.49,"1,062 mi",14,$0.2029
BUD,CTU,"5,155",$174.74,"4,331 mi",14,$0.0403
MAN,IND,"5,155",$821.04,"3,979 mi",14,$0.2063
NCL,KUL,"5,155",$648.22,"6,391 mi",14,$0.1014
HEL,TLS,"5,154",$369.30,"1,557 mi",14,$0.2372
VKO,KVK,"5,153",$154.78,861 mi,14,$0.1798
ARN,CTU,"5,149",$315.49,"4,414 mi",14,$0.0715
VCE,YYC,"5,147",$424.72,"5,186 mi",14,$0.0819
AGP,PMO,"5,147",$232.66,941 mi,14,$0.2472
MAD,CGN,"5,146",$295.42,856 mi,14,$0.3451
LHR,MUB,"5,144",$996.54,"5,298 mi",14,$0.1881
LHR,COS,"5,142",$712.92,"4,855 mi",14,$0.1468
AMS,NAT,"5,139",$396.61,"4,791 mi",14,$0.0828
NTE,ZRH,"5,138",$306.33,462 mi,14,$0.6631
HEL,DCA,"5,137",$853.92,"4,433 mi",14,$0.1926
LGW,COR,"5,136",$544.67,"6,687 mi",14,$0.0815
ZRH,CHS,"5,136",$832.10,"4,664 mi",14,$0.1784
ZRH,GYN,"5,135",$660.08,"5,513 mi",14,$0.1197
BRU,MGQ,"5,133",$394.58,"4,250 mi",14,$0.0928
LHR,MPL,"5,132",$337.86,600 mi,14,$0.5631
SOF,HND,"5,131","$1,001.80","5,536 mi",14,$0.1810
BHX,GDN,"5,130",$127.96,865 mi,14,$0.1479
CDG,DLM,"5,126",$300.00,"1,612 mi",14,$0.1861
GLA,OSL,"5,125",$326.54,621 mi,14,$0.5258
BHX,CIA,"5,124",$75.57,"1,025 mi",14,$0.0737
DBV,OPO,"5,124",$245.88,"1,342 mi",14,$0.1832
MXP,BJV,"5,123",$363.67,"1,101 mi",14,$0.3303
ARN,SJO,"5,123",$524.70,"5,858 mi",14,$0.0896
HEL,VBY,"5,123",$129.94,307 mi,14,$0.4233
BOD,CTA,"5,122",$187.73,934 mi,14,$0.2010
CDG,SSG,"5,121",$928.09,"3,242 mi",14,$0.2863
DUB,CGK,"5,120","$1,010.64","7,718 mi",14,$0.1309
NCL,MEL,"5,120","$1,319.97","10,157 mi",14,$0.1300
BHX,AMD,"5,120",$368.57,"4,188 mi",14,$0.0880
ORY,BEL,"5,120",$556.04,"4,735 mi",14,$0.1174
FCO,AUA,"5,119",$563.67,"5,092 mi",14,$0.1107
ARN,BGI,"5,118",$481.83,"4,852 mi",14,$0.0993
ORY,DXB,"5,118",$248.58,"3,161 mi",14,$0.0786
MXP,PTY,"5,116",$529.37,"5,850 mi",14,$0.0905
ARN,ADL,"5,114","$1,316.21","9,595 mi",14,$0.1372
AMS,GUW,"5,113",$572.11,"2,031 mi",14,$0.2817
FCO,SKD,"5,113",$286.26,"2,905 mi",14,$0.0985
LIS,MAA,"5,113",$456.91,"5,791 mi",14,$0.0789
ZRH,PAS,"5,112",$201.18,"1,077 mi",14,$0.1868
BGY,JED,"5,109",$123.35,"2,275 mi",14,$0.0542
DUB,MCT,"5,108",$564.29,"3,767 mi",14,$0.1498
PRG,TUN,"5,106",$329.13,965 mi,14,$0.3411
OSL,IBZ,"5,105",$182.47,"1,487 mi",14,$0.1227
SVO,USM,"5,105",$339.16,"4,489 mi",14,$0.0756
VKO,VOG,"5,103",$99.87,540 mi,14,$0.1849
VCE,SSA,"5,102",$475.59,"4,968 mi",14,$0.0957
CDG,DIE,"5,101",$323.61,"4,951 mi",14,$0.0654
LGW,BAH,"5,101",$400.92,"3,054 mi",14,$0.1313
OTP,SYD,"5,101","$1,237.74","9,750 mi",14,$0.1269
LHR,VGA,"5,100",$381.46,"4,807 mi",14,$0.0794
MAN,SJU,"5,100",$557.11,"4,001 mi",14,$0.1392
AGP,TBS,"5,098",$258.80,"2,714 mi",14,$0.0954
ZRH,NQY,"5,098",$144.72,628 mi,14,$0.2304
GLA,AKL,"5,097","$1,681.64","11,467 mi",14,$0.1467
NAP,ADB,"5,095",$254.91,728 mi,14,$0.3502
MXP,COO,"5,092",$163.88,"2,658 mi",14,$0.0617
ORY,JSI,"5,092",$182.00,"1,197 mi",14,$0.1520
CPH,QKL,"5,089",$223.40,387 mi,14,$0.5773
DUB,KTM,"5,089",$495.06,"4,911 mi",14,$0.1008
BUD,WUH,"5,088",$115.10,"4,753 mi",14,$0.0242
FCO,NQZ,"5,088",$407.20,"2,728 mi",14,$0.1493
PMI,JER,"5,088",$383.99,689 mi,14,$0.5573
WAW,CLT,"5,087",$562.20,"4,650 mi",14,$0.1209
ATH,ABQ,"5,086",$638.50,"6,289 mi",14,$0.1015
VCE,ABJ,"5,085",$406.40,"3,036 mi",14,$0.1339
ARN,AKL,"5,082","$1,092.20","10,249 mi",14,$0.1066
BHX,ICN,"5,082",$852.99,"5,324 mi",14,$0.1602
LYS,RUH,"5,082",$609.85,"2,625 mi",14,$0.2323
ATH,BTS,"5,080",$63.14,808 mi,14,$0.0781
NCE,ALA,"5,077",$839.40,"3,491 mi",14,$0.2404
BCN,REC,"5,074",$604.51,"4,018 mi",14,$0.1505
ZAG,GRU,"5,071",$751.80,"5,992 mi",14,$0.1255
ARN,GYD,"5,070",$193.17,"1,969 mi",14,$0.0981
LHR,HAV,"5,070",$504.17,"4,790 mi",14,$0.1053
PRG,CMN,"5,069",$305.45,"1,555 mi",14,$0.1964
VIE,DAR,"5,069",$351.96,"3,920 mi",14,$0.0898
MAD,BEL,"5,068",$676.96,"3,919 mi",14,$0.1727
LHR,TLH,"5,066",$578.82,"4,226 mi",14,$0.1370
AMS,MYR,"5,062",$751.95,"4,044 mi",14,$0.1859
GOT,NBO,"5,061",$278.17,"4,168 mi",14,$0.0667
GOT,SDL,"5,061",$202.28,369 mi,14,$0.5482
PRG,ABZ,"5,061",$253.81,855 mi,14,$0.2969
AMS,AMQ,"5,060",$465.14,"7,555 mi",14,$0.0616
CDG,NAS,"5,058",$716.35,"4,356 mi",14,$0.1645
ARN,EVG,"5,056",$153.82,209 mi,14,$0.7360
DUB,SYR,"5,056",$362.98,"3,060 mi",14,$0.1186
ZRH,BSB,"5,053",$912.65,"5,759 mi",14,$0.1585
HEL,BSL,"5,052",$193.91,"1,156 mi",14,$0.1677
GVA,DAR,"5,050",$975.28,"4,070 mi",14,$0.2396
CPH,CHC,"5,048",$923.47,"10,877 mi",14,$0.0849
EDI,SCL,"5,047",$849.34,"7,547 mi",14,$0.1125
FCO,NGO,"5,045",$637.65,"6,267 mi",14,$0.1017
DUB,DUR,"5,044",$535.55,"5,974 mi",14,$0.0896
MXP,TFN,"5,044",$299.52,"1,860 mi",14,$0.1610
GLA,MNL,"5,042",$812.53,"6,446 mi",14,$0.1261
MAD,COK,"5,041",$267.99,"5,396 mi",14,$0.0497
BCN,CWL,"5,041",$233.78,722 mi,14,$0.3238
ZRH,TZX,"5,039",$124.23,"1,646 mi",14,$0.0755
AMS,GYE,"5,038",$764.20,"6,293 mi",14,$0.1214
OTP,SGN,"5,038",$465.39,"5,075 mi",14,$0.0917
DME,DAD,"5,037",$303.88,"4,403 mi",14,$0.0690
OTP,DEN,"5,036",$698.53,"6,027 mi",14,$0.1159
LHR,MPM,"5,035",$966.39,"5,541 mi",14,$0.1744
ZRH,JER,"5,033",$324.22,522 mi,14,$0.6211
GOT,OSL,"5,032",$194.48,185 mi,14,$1.0512
PRG,ASR,"5,031",$138.10,"1,339 mi",14,$0.1031
ATH,BBU,"5,030",$42.95,481 mi,14,$0.0893
BRU,XIY,"5,029",$182.73,"4,818 mi",14,$0.0379
ATH,ALA,"5,028",$339.12,"2,844 mi",14,$0.1192
LGW,BOG,"5,028",$427.83,"5,430 mi",14,$0.0788
LIS,ABJ,"5,027",$554.17,"2,268 mi",14,$0.2443
AGP,LHE,"5,026",$252.67,"4,530 mi",14,$0.0558
BUD,AAL,"5,026",$225.87,752 mi,14,$0.3004
BHX,KBL,"5,026",$594.82,"3,495 mi",14,$0.1702
HEL,IKA,"5,025",$213.81,"2,138 mi",14,$0.1000
AGP,DFW,"5,024",$707.50,"4,883 mi",14,$0.1449
LGW,FIH,"5,023",$295.76,"3,829 mi",14,$0.0772
NCE,RHO,"5,022",$156.49,"1,172 mi",14,$0.1335
PRG,STL,"5,020",$629.37,"4,930 mi",14,$0.1277
BUD,IKA,"5,018",$292.45,"1,777 mi",14,$0.1646
MAD,SHE,"5,016",$382.29,"6,041 mi",14,$0.0633
ZRH,SAT,"5,014",$802.24,"5,293 mi",14,$0.1516
NTE,LCA,"5,012",$257.68,"1,941 mi",14,$0.1328
ATH,ADD,"5,012",$292.83,"2,270 mi",14,$0.1290
MXP,STI,"5,011",$330.83,"4,619 mi",14,$0.0716
MAN,KRS,"5,008",$170.42,507 mi,14,$0.3361
LCY,AHO,"5,007",$76.11,822 mi,14,$0.0926
MAD,LGA,"5,006",$240.91,"3,687 mi",14,$0.0653
AMS,RNO,"5,006",$841.95,"5,117 mi",14,$0.1645
GVA,GUA,"5,005",$884.55,"5,978 mi",14,$0.1480
AMS,YIA,"5,005",$633.54,"7,076 mi",14,$0.0895
MAN,ESB,"5,004",$228.71,"1,821 mi",14,$0.1256
GLA,YUL,"5,001",$575.42,"3,074 mi",14,$0.1872
HEL,TBS,"5,000",$177.95,"1,495 mi",14,$0.1190
MXP,MCI,"5,000",$849.51,"5,046 mi",14,$0.1684
NCE,ZAG,"4,999",$302.61,472 mi,14,$0.6411
ZAG,TGD,"4,996",$164.66,290 mi,14,$0.5678
AMS,PNH,"4,995",$534.89,"5,826 mi",14,$0.0918
LYS,SYD,"4,993","$1,402.29","10,167 mi",14,$0.1379
BUD,MCT,"4,991",$373.45,"2,781 mi",14,$0.1343
CDG,LPQ,"4,991",$479.34,"5,774 mi",14,$0.0830
MXP,BKO,"4,991",$133.63,"2,412 mi",14,$0.0554
GLA,ICN,"4,990","$1,047.76","5,211 mi",14,$0.2011
LGW,NKG,"4,990",$220.55,"5,788 mi",14,$0.0381
LIS,TRN,"4,989",$248.47,996 mi,14,$0.2495
SVO,VIE,"4,988",$653.26,"1,064 mi",14,$0.6140
DUB,SAV,"4,987",$670.03,"3,758 mi",14,$0.1783
STN,SIN,"4,985",$858.50,"6,524 mi",14,$0.1316
EDI,RVN,"4,985",$195.39,"1,234 mi",14,$0.1583
WAW,CVG,"4,985","$1,099.96","4,579 mi",14,$0.2402
ARN,AUS,"4,983",$741.38,"5,080 mi",14,$0.1459
PMI,GYE,"4,982",$277.06,"6,099 mi",14,$0.0454
EDI,MCI,"4,980",$668.01,"4,200 mi",14,$0.1591
LIS,RHO,"4,978",$355.43,"1,969 mi",14,$0.1805
LYS,PNH,"4,977",$464.18,"5,927 mi",14,$0.0783
AMS,KOA,"4,975",$784.87,"7,546 mi",14,$0.1040
STN,TBS,"4,973",$104.21,"2,125 mi",14,$0.0490
ZAG,PER,"4,973",$812.02,"8,449 mi",14,$0.0961
WAW,HYD,"4,973",$823.13,"4,035 mi",14,$0.2040
AMS,SYR,"4,972",$560.86,"3,721 mi",14,$0.1507
MAN,COV,"4,972",$154.42,"2,048 mi",14,$0.0754
NCE,NUE,"4,972",$235.40,429 mi,14,$0.5487
BHX,RUH,"4,970",$503.54,"3,049 mi",14,$0.1651
CPH,TAS,"4,968",$226.65,"2,772 mi",14,$0.0818
LYS,CGK,"4,968",$691.01,"7,291 mi",14,$0.0948
MAD,DAR,"4,968",$467.43,"4,380 mi",14,$0.1067
BUD,FOC,"4,967",$239.63,"5,211 mi",14,$0.0460
GOT,BGW,"4,967",$331.14,"2,182 mi",14,$0.1518
BRU,AHO,"4,966",$94.49,711 mi,14,$0.1329
FCO,TAO,"4,965",$423.01,"5,215 mi",14,$0.0811
NCL,BNE,"4,965","$1,193.32","9,843 mi",14,$0.1212
CPH,SCR,"4,963",$139.02,394 mi,14,$0.3528
MXP,DCA,"4,963",$673.71,"4,071 mi",14,$0.1655
WAW,YWG,"4,963",$420.10,"4,378 mi",14,$0.0960
CDG,NVT,"4,962",$754.01,"6,302 mi",14,$0.1196
GLA,KIX,"4,962",$876.76,"5,588 mi",14,$0.1569
LGW,FAE,"4,960",$162.32,776 mi,14,$0.2092
HEL,NTE,"4,957",$426.45,"1,357 mi",14,$0.3143
VIE,FDF,"4,955",$454.35,"4,754 mi",14,$0.0956
NTE,TGD,"4,953",$136.95,"1,104 mi",14,$0.1240
ORY,TOS,"4,952",$108.23,"1,596 mi",14,$0.0678
OTP,BJV,"4,952",$115.83,497 mi,14,$0.2331
GOT,VAA,"4,952",$232.23,508 mi,14,$0.4571
OTP,SKP,"4,951",$155.44,298 mi,14,$0.5216
OTP,LAD,"4,949",$864.79,"3,891 mi",14,$0.2223
LYS,LIM,"4,947",$631.44,"6,635 mi",14,$0.0952
CPH,GZT,"4,946",$149.13,"1,785 mi",14,$0.0835
LGW,YYC,"4,945",$355.47,"4,514 mi",14,$0.0787
DBV,IAH,"4,944",$828.75,"6,068 mi",14,$0.1366
EDI,SGN,"4,944",$574.06,"6,158 mi",14,$0.0932
PMI,CPT,"4,944",$676.86,"5,334 mi",14,$0.1269
ARN,HYD,"4,943",$488.98,"4,052 mi",14,$0.1207
MXP,CTS,"4,943",$646.72,"5,510 mi",14,$0.1174
AMS,ASU,"4,943",$469.96,"6,340 mi",14,$0.0741
NCE,CGK,"4,943",$943.26,"6,772 mi",14,$0.1393
VCE,SMF,"4,941",$591.50,"5,776 mi",14,$0.1024
BHX,HEL,"4,941",$267.68,"1,112 mi",14,$0.2407
LYS,ESB,"4,940",$167.30,"1,412 mi",14,$0.1185
MAN,LUN,"4,940",$347.93,"5,237 mi",14,$0.0664
FCO,GEG,"4,938",$651.70,"5,705 mi",14,$0.1142
GVA,KGS,"4,937",$183.64,"1,223 mi",14,$0.1502
ORY,SJU,"4,937",$543.63,"4,418 mi",14,$0.1230
LED,NUE,"4,936",$184.28,"1,071 mi",14,$0.1721
NAP,MSP,"4,934",$651.55,"4,859 mi",14,$0.1341
LHR,YQR,"4,933",$370.73,"3,995 mi",14,$0.0928
LHR,GYE,"4,932",$641.49,"6,058 mi",14,$0.1059
GLA,OTP,"4,931",$280.03,"1,587 mi",14,$0.1765
LED,HGH,"4,930",$383.06,"4,575 mi",14,$0.0837
LED,CGO,"4,929",$480.53,"3,859 mi",14,$0.1245
MAD,RAI,"4,929",$219.12,"2,070 mi",14,$0.1059
FCO,BKO,"4,927",$151.25,"2,288 mi",13,$0.0661
CDG,LIH,"4,926","$1,402.30","7,628 mi",13,$0.1838
NCE,CRL,"4,926",$159.34,502 mi,13,$0.3174
LHR,MDT,"4,924",$554.74,"3,476 mi",13,$0.1596
ARN,DAR,"4,924",$347.34,"4,601 mi",13,$0.0755
ARN,LYR,"4,923",$177.74,"1,325 mi",13,$0.1341
MAN,GRZ,"4,922",$210.39,868 mi,13,$0.2424
PMI,AES,"4,921",$190.87,"1,548 mi",13,$0.1233
CPH,BGI,"4,920",$448.63,"4,637 mi",13,$0.0968
MAN,MUX,"4,919",$336.97,"4,038 mi",13,$0.0834
BUD,IND,"4,919",$528.38,"4,736 mi",13,$0.1116
OTP,CUN,"4,918",$511.58,"6,061 mi",13,$0.0844
DUB,HRE,"4,916",$386.09,"5,245 mi",13,$0.0736
FCO,ROC,"4,915",$486.38,"4,472 mi",13,$0.1088
CDG,REG,"4,914",$92.98,"1,028 mi",13,$0.0904
MAD,RZE,"4,914",$209.98,"1,442 mi",13,$0.1456
NAP,HKG,"4,914",$864.86,"5,525 mi",13,$0.1565
STN,MUC,"4,913",$213.73,549 mi,13,$0.3893
NCL,RIX,"4,913",$274.35,964 mi,13,$0.2846
BHX,ATL,"4,911",$928.88,"4,252 mi",13,$0.2185
AMS,OGG,"4,910","$1,146.09","7,035 mi",13,$0.1629
DUB,RNS,"4,910",$146.82,406 mi,13,$0.3616
FCO,FIH,"4,910",$414.82,"3,101 mi",13,$0.1338
NCL,LOS,"4,910",$476.75,"3,461 mi",13,$0.1377
VIE,DRS,"4,910",$183.95,251 mi,13,$0.7329
FCO,PNS,"4,906",$708.71,"5,129 mi",13,$0.1382
MAD,TRD,"4,905",$356.70,"1,744 mi",13,$0.2045
LHR,FUE,"4,902",$133.73,"1,684 mi",13,$0.0794
AMS,YYJ,"4,900",$513.67,"4,972 mi",13,$0.1033
AMS,TYS,"4,899",$710.26,"4,392 mi",13,$0.1617
BHX,SFO,"4,899",$517.58,"5,109 mi",13,$0.1013
NCE,HAH,"4,899",$496.08,"4,570 mi",13,$0.1086
MRS,STR,"4,898",$231.99,399 mi,13,$0.5814
CPH,LCY,"4,897",$195.96,607 mi,13,$0.3228
OSL,IKA,"4,897",$225.04,"2,535 mi",13,$0.0888
PRG,TOS,"4,896",$153.48,"1,403 mi",13,$0.1094
DBV,SIN,"4,896",$763.83,"6,115 mi",13,$0.1249
BHX,SKT,"4,895",$489.87,"4,031 mi",13,$0.1215
MAD,WUH,"4,894",$428.48,"5,925 mi",13,$0.0723
ATH,BUS,"4,893",$188.93,998 mi,13,$0.1893
MAD,ORF,"4,892",$777.32,"3,925 mi",13,$0.1980
EDI,LUX,"4,892",$233.50,574 mi,13,$0.4068
BRU,PIT,"4,891","$1,033.62","4,040 mi",13,$0.2558
DUB,SDF,"4,890",$497.33,"3,872 mi",13,$0.1284
MAD,PMC,"4,886",$919.70,"7,352 mi",13,$0.1251
PRG,BOG,"4,885",$692.42,"6,075 mi",13,$0.1140
BUD,PDX,"4,881",$531.09,"5,775 mi",13,$0.0920
MAN,TSR,"4,880",$202.89,"1,207 mi",13,$0.1681
OTP,BLR,"4,880",$579.21,"3,604 mi",13,$0.1607
AMS,GSP,"4,879",$902.88,"4,367 mi",13,$0.2068
ZRH,POA,"4,877",$852.86,"6,703 mi",13,$0.1272
ZAG,KRK,"4,876",$146.24,335 mi,13,$0.4365
ARN,ABZ,"4,871",$345.38,766 mi,13,$0.4509
ATH,LGA,"4,871",$304.78,"4,779 mi",13,$0.0638
GVA,HRE,"4,870","$1,107.70","4,559 mi",13,$0.2430
MAD,CRK,"4,869",$477.04,"6,968 mi",13,$0.0685
VCE,SJO,"4,867",$609.58,"6,221 mi",13,$0.0980
LGW,ECN,"4,866",$134.39,"2,059 mi",13,$0.0653
HEL,ACE,"4,866",$454.22,"2,889 mi",13,$0.1572
NCL,IAD,"4,866",$676.31,"3,441 mi",13,$0.1965
OSL,KTM,"4,865",$412.91,"3,920 mi",13,$0.1053
GVA,LFW,"4,864",$384.07,"2,868 mi",13,$0.1339
DUB,LJU,"4,863",$307.38,"1,075 mi",13,$0.2859
ATH,TAS,"4,862",$338.52,"2,469 mi",13,$0.1371
OTP,TKU,"4,862",$112.62,"1,080 mi",13,$0.1043
GOT,BSL,"4,861",$197.94,701 mi,13,$0.2824
WAW,BAH,"4,859",$431.25,"2,431 mi",13,$0.1774
CDG,GZP,"4,856",$190.30,"1,784 mi",13,$0.1067
EDI,BIO,"4,856",$265.83,900 mi,13,$0.2954
VCE,BLR,"4,855",$638.90,"4,251 mi",13,$0.1503
GVA,OVD,"4,854",$268.73,603 mi,13,$0.4457
AGP,EVE,"4,853",$220.85,"2,413 mi",13,$0.0915
OSL,SZZ,"4,853",$110.80,464 mi,13,$0.2388
PRG,COV,"4,852",$135.62,"1,336 mi",13,$0.1015
ARN,TGD,"4,852",$168.46,"1,160 mi",13,$0.1452
NAP,DRS,"4,851",$121.66,688 mi,13,$0.1768
MAD,AGU,"4,849",$425.72,"5,862 mi",13,$0.0726
SNN,LAS,"4,849",$544.96,"4,734 mi",13,$0.1151
HEL,PMO,"4,849",$352.10,"1,566 mi",13,$0.2248
OSL,GRZ,"4,849",$167.51,957 mi,13,$0.1750
BRU,RAI,"4,847",$200.80,"3,019 mi",13,$0.0665
CPH,HGH,"4,847",$393.74,"5,304 mi",13,$0.0742
LIS,BHD,"4,847",$356.99,"1,072 mi",13,$0.3330
NCL,TPE,"4,847",$780.73,"5,781 mi",13,$0.1351
GVA,SLC,"4,846",$821.81,"5,159 mi",13,$0.1593
EDI,LAD,"4,844","$1,030.06","4,441 mi",13,$0.2319
ZAG,BIO,"4,842",$269.16,920 mi,13,$0.2926
DME,AKL,"4,841","$1,151.79","10,371 mi",13,$0.1111
LYS,NOU,"4,838",$933.18,"10,799 mi",13,$0.0864
VIE,HGH,"4,837",$306.53,"5,114 mi",13,$0.0599
BHX,DAR,"4,836",$389.47,"4,895 mi",13,$0.0796
ATH,KTM,"4,835",$460.29,"3,464 mi",13,$0.1329
MAD,BWI,"4,834",$339.99,"3,874 mi",13,$0.0878
AMS,IAS,"4,834",$257.99,"1,043 mi",13,$0.2474
GLA,BLL,"4,834",$265.11,543 mi,13,$0.4882
AMS,PUF,"4,833",$234.30,642 mi,13,$0.3650
DBV,AYT,"4,832",$267.31,748 mi,13,$0.3574
WAW,HGH,"4,832",$448.49,"4,819 mi",13,$0.0931
ZRH,KYA,"4,832",$128.35,"1,335 mi",13,$0.0961
AGP,KRS,"4,831",$162.30,"1,641 mi",13,$0.0989
FCO,WUH,"4,831",$371.22,"5,225 mi",13,$0.0710
OSL,PVK,"4,831",$75.60,"1,482 mi",13,$0.0510
OTP,TPE,"4,831",$724.97,"5,418 mi",13,$0.1338
WAW,YYC,"4,830",$577.82,"4,689 mi",13,$0.1232
ZRH,SMF,"4,827",$759.80,"5,912 mi",13,$0.1285
FCO,PDL,"4,827",$134.00,"2,078 mi",13,$0.0645
FCO,OMO,"4,825",$79.92,294 mi,13,$0.2718
LED,ADB,"4,825",$255.59,"1,447 mi",13,$0.1766
MRS,USM,"4,824",$439.89,"5,826 mi",13,$0.0755
MXP,SKT,"4,823",$237.82,"3,426 mi",13,$0.0694
EDI,CMH,"4,822",$686.16,"3,727 mi",13,$0.1841
MXP,BGW,"4,822",$385.97,"2,119 mi",13,$0.1821
LCY,MAD,"4,822",$286.91,803 mi,13,$0.3573
BCN,ORF,"4,821",$587.39,"4,183 mi",13,$0.1404
EDI,TPE,"4,819",$770.79,"5,789 mi",13,$0.1331
HEL,BEY,"4,817",$313.45,"1,948 mi",13,$0.1609
STN,KHI,"4,814",$318.27,"4,026 mi",13,$0.0791
GVA,CKY,"4,812",$410.23,"2,871 mi",13,$0.1429
HEL,IAH,"4,812",$933.35,"5,509 mi",13,$0.1694
LGW,WUH,"4,810",$248.43,"5,352 mi",13,$0.0464
NCL,VCE,"4,810",$264.77,874 mi,13,$0.3029
CDG,ELP,"4,810",$480.58,"5,192 mi",13,$0.0926
MRS,CAG,"4,809",$102.10,340 mi,13,$0.3003
PRG,HGH,"4,808",$196.00,"5,451 mi",13,$0.0360
AMS,KOI,"4,807",$204.15,531 mi,13,$0.3845
DME,VIE,"4,807",$661.45,"1,067 mi",13,$0.6199
AMS,GDL,"4,806",$684.12,"5,648 mi",13,$0.1211
BHX,PDV,"4,806",$119.04,"1,384 mi",13,$0.0860
GOT,MRS,"4,805",$231.80,998 mi,13,$0.2323
VIE,LRM,"4,805",$390.85,"4,920 mi",13,$0.0794
VIE,VRA,"4,804",$678.11,"5,236 mi",13,$0.1295
DUB,ROC,"4,802",$505.73,"3,314 mi",13,$0.1526
AMS,ANC,"4,801","$1,203.40","4,607 mi",13,$0.2612
CDG,BGI,"4,800",$763.12,"4,152 mi",13,$0.1838
LHR,YYT,"4,799",$699.99,"2,378 mi",13,$0.2944
AMS,DSM,"4,797",$724.11,"4,206 mi",13,$0.1722
OSL,BJV,"4,793",$228.53,"1,692 mi",13,$0.1351
ZAG,GDN,"4,793",$155.52,588 mi,13,$0.2645
CDG,MCZ,"4,793",$631.15,"4,804 mi",13,$0.1314
CDG,KZN,"4,792",$467.54,"2,046 mi",13,$0.2285
MXP,SMI,"4,792",$180.49,"1,117 mi",13,$0.1616
MAN,GYD,"4,791",$348.79,"2,636 mi",13,$0.1323
ATH,MCT,"4,790",$366.60,"2,316 mi",13,$0.1583
CDG,HIJ,"4,788","$1,055.31","5,738 mi",13,$0.1839
MAD,CHS,"4,786",$758.50,"4,260 mi",13,$0.1781
BHX,SGN,"4,786",$630.16,"6,186 mi",13,$0.1019
PMI,HAV,"4,786",$180.35,"5,125 mi",13,$0.0352
MRS,DWC,"4,785",$186.12,"3,166 mi",13,$0.0588
VIE,BNA,"4,785",$858.55,"4,801 mi",13,$0.1788
LHR,CAE,"4,783",$611.59,"4,172 mi",13,$0.1466
SOF,SJJ,"4,783",$199.25,275 mi,13,$0.7245
LYS,MCT,"4,783",$347.04,"3,214 mi",13,$0.1080
VIE,PIT,"4,782",$779.69,"4,623 mi",13,$0.1687
LHR,HIJ,"4,782","$1,375.55","5,687 mi",13,$0.2419
DUB,DRS,"4,781",$225.26,885 mi,13,$0.2545
MAD,HMO,"4,779",$593.46,"5,584 mi",13,$0.1063
MXP,AAL,"4,777",$224.15,817 mi,13,$0.2744
ATH,DSS,"4,776",$434.22,"2,882 mi",13,$0.1507
ZRH,CUR,"4,776",$679.43,"5,169 mi",13,$0.1314
AGP,HRG,"4,775",$261.52,"2,253 mi",13,$0.1161
BOD,VLC,"4,774",$202.97,380 mi,13,$0.5341
LHR,VTE,"4,774",$567.85,"5,615 mi",13,$0.1011
LHR,URC,"4,773",$351.80,"3,987 mi",13,$0.0882
DBV,DFW,"4,773",$847.62,"5,636 mi",13,$0.1504
NAP,CAI,"4,772",$173.01,"1,177 mi",13,$0.1470
NCL,DPS,"4,772",$766.82,"7,996 mi",13,$0.0959
BUD,TFU,"4,764",$145.44,"4,634 mi",13,$0.0314
PMI,VVI,"4,763",$353.18,"5,966 mi",13,$0.0592
SNN,DEN,"4,762",$687.75,"4,182 mi",13,$0.1645
VCE,AYT,"4,762",$202.35,"1,090 mi",13,$0.1856
BHX,FLR,"4,759",$260.99,867 mi,13,$0.3010
MRS,RUH,"4,758",$610.42,"2,576 mi",13,$0.2370
SNN,RDU,"4,758",$589.27,"3,388 mi",13,$0.1739
WAW,AKL,"4,758","$1,144.01","10,468 mi",13,$0.1093
NCE,PER,"4,756","$1,496.44","8,840 mi",13,$0.1693
VKO,DOH,"4,756",$291.91,"2,150 mi",13,$0.1358
SOF,CMB,"4,754",$282.74,"4,077 mi",13,$0.0694
LCY,NAP,"4,753",$127.44,968 mi,13,$0.1317
LHR,SGF,"4,753",$496.45,"4,247 mi",13,$0.1169
VKO,IKA,"4,753",$504.88,"1,495 mi",13,$0.3377
ATH,GSP,"4,752",$823.69,"5,369 mi",13,$0.1534
LIS,SAT,"4,752",$714.78,"4,795 mi",13,$0.1491
AMS,GEG,"4,751",$731.80,"4,884 mi",13,$0.1498
DUB,GRZ,"4,750",$202.23,"1,020 mi",13,$0.1983
VKO,ZAG,"4,750",$628.02,"1,177 mi",13,$0.5336
GVA,PER,"4,749","$1,431.04","8,934 mi",13,$0.1602
MRS,ADD,"4,749",$371.89,"3,216 mi",13,$0.1156
BOD,HEL,"4,747",$324.33,"1,546 mi",13,$0.2098
VKO,ORD,"4,747",$585.56,"5,120 mi",13,$0.1144
VIE,IND,"4,746",$944.15,"4,612 mi",13,$0.2047
OSL,EZE,"4,746","$1,006.37","7,877 mi",13,$0.1278
CDG,ALF,"4,745",$201.11,"1,651 mi",13,$0.1218
CDG,SHJ,"4,744",$193.72,"3,356 mi",13,$0.0577
DUB,LGA,"4,740",$559.26,"3,263 mi",13,$0.1714
ORY,BZV,"4,740",$263.41,"3,629 mi",13,$0.0726
BOD,CAY,"4,739",$993.25,"4,281 mi",13,$0.2320
VCE,XVY,"4,739",$46.89,7 mi,13,$6.6986
ZRH,NQZ,"4,739",$393.27,"2,844 mi",13,$0.1383
GVA,NQZ,"4,738",$295.69,"2,991 mi",13,$0.0989
GVA,YYC,"4,737",$752.40,"4,682 mi",13,$0.1607
VCE,ASR,"4,737",$195.41,"1,306 mi",13,$0.1496
ORY,FLN,"4,736",$534.66,"6,326 mi",13,$0.0845
AMS,CFR,"4,736",$183.92,323 mi,13,$0.5694
AMS,ABV,"4,735",$602.46,"2,905 mi",13,$0.2074
ATH,LEJ,"4,735",$270.33,"1,059 mi",13,$0.2553
ZAG,YVR,"4,735",$448.06,"5,272 mi",13,$0.0850
CPH,BRE,"4,734",$230.03,229 mi,13,$1.0045
FCO,ANC,"4,733",$903.63,"5,410 mi",13,$0.1670
FCO,MKE,"4,732",$645.06,"4,911 mi",13,$0.1314
NCL,WAW,"4,730",$370.05,973 mi,13,$0.3803
AMS,VIX,"4,729",$623.46,"5,868 mi",13,$0.1062
CPH,DAR,"4,727",$284.43,"4,715 mi",13,$0.0603
CPH,KUO,"4,727",$219.28,713 mi,13,$0.3075
VIE,ABZ,"4,726",$328.91,971 mi,13,$0.3387
BRU,PNH,"4,723",$414.64,"6,224 mi",13,$0.0666
AMS,KMG,"4,719",$289.18,"5,345 mi",13,$0.0541
BCN,ABQ,"4,718",$566.73,"5,329 mi",13,$0.1063
PMI,VLL,"4,718",$145.35,438 mi,13,$0.3318
VIE,BGW,"4,717",$254.65,"1,813 mi",13,$0.1405
VKO,DMM,"4,717",$266.56,"2,045 mi",13,$0.1303
VIE,CLE,"4,714",$822.21,"4,372 mi",13,$0.1881
BCN,YQB,"4,713",$351.43,"3,428 mi",13,$0.1025
MAN,SJO,"4,712",$721.65,"5,173 mi",13,$0.1395
STN,SYD,"4,712","$1,572.50","10,220 mi",13,$0.1539
LHR,CID,"4,711",$875.88,"4,212 mi",13,$0.2079
VIE,MAH,"4,709",$205.03,811 mi,13,$0.2528
MRS,DFW,"4,708",$726.66,"5,399 mi",13,$0.1346
LED,LGW,"4,707",$425.51,"1,358 mi",13,$0.3133
GVA,HAV,"4,706",$642.18,"4,867 mi",13,$0.1319
BRU,VRN,"4,703",$162.77,467 mi,13,$0.3485
OSL,CUN,"4,703",$321.89,"5,387 mi",13,$0.0598
LHR,LDB,"4,702",$689.85,"5,830 mi",13,$0.1183
PMI,TOS,"4,702",$226.40,"2,099 mi",13,$0.1079
MAD,INN,"4,701",$127.52,901 mi,13,$0.1415
ATH,ZNZ,"4,699",$263.53,"3,301 mi",13,$0.0798
FCO,IVL,"4,699",$292.51,"1,992 mi",13,$0.1468
LHR,OOL,"4,699","$1,068.06","10,647 mi",13,$0.1003
ZRH,FLN,"4,694",$710.82,"6,474 mi",13,$0.1098
HEL,POZ,"4,694",$218.27,608 mi,13,$0.3590
NCE,BIO,"4,693",$395.33,523 mi,13,$0.7559
BCN,CIY,"4,692",$246.61,755 mi,13,$0.3266
AMS,SCR,"4,690",$155.69,663 mi,13,$0.2348
AMS,TUS,"4,688",$786.38,"5,600 mi",13,$0.1404
NAP,MNL,"4,685",$458.72,"6,595 mi",13,$0.0696
LHR,GZP,"4,683",$97.45,"1,972 mi",13,$0.0494
LHR,BHO,"4,682",$307.16,"4,324 mi",13,$0.0710
SOF,KUL,"4,681",$381.14,"5,662 mi",13,$0.0673
BCN,BGA,"4,680",$553.32,"4,976 mi",13,$0.1112
OTP,TGD,"4,680",$165.75,365 mi,13,$0.4541
MXP,CHS,"4,680",$972.04,"4,447 mi",13,$0.2186
VIE,TZX,"4,679",$69.89,"1,275 mi",13,$0.0548
CDG,SKD,"4,675",$352.47,"3,243 mi",13,$0.1087
BUD,CPT,"4,674",$589.52,"5,793 mi",13,$0.1018
AGP,ISB,"4,674",$220.58,"4,379 mi",13,$0.0504
CPH,KWI,"4,673",$405.82,"2,589 mi",13,$0.1567
CDG,IAS,"4,672",$205.76,"1,194 mi",13,$0.1723
MRS,VKO,"4,672",$490.48,"1,594 mi",13,$0.3077
PRG,PIT,"4,672",$626.68,"4,196 mi",13,$0.1494
AMS,TFU,"4,668",$404.29,"4,818 mi",13,$0.0839
CPH,ORK,"4,668",$342.58,926 mi,13,$0.3700
AMS,UBN,"4,668",$547.70,"4,276 mi",13,$0.1281
BCN,CCU,"4,667",$463.57,"4,869 mi",13,$0.0952
GOT,JNB,"4,667",$556.61,"5,688 mi",13,$0.0979
LHR,LCG,"4,667",$392.71,694 mi,13,$0.5659
ZRH,ALG,"4,667",$203.24,768 mi,13,$0.2646
BHX,CGN,"4,666",$106.81,408 mi,13,$0.2618
NCE,VLC,"4,666",$325.25,506 mi,13,$0.6428
PMI,KEF,"4,666",$214.02,"2,036 mi",13,$0.1051
LIS,RSW,"4,666",$922.64,"4,325 mi",13,$0.2133
NCE,BJV,"4,661",$541.75,"1,124 mi",13,$0.4820
FCO,KZN,"4,661",$294.96,"1,850 mi",13,$0.1594
LHR,BRI,"4,658",$152.02,"1,051 mi",13,$0.1446
LIS,KRS,"4,657",$350.56,"1,501 mi",13,$0.2336
DUB,BOG,"4,650",$710.68,"4,903 mi",13,$0.1449
ZAG,VLC,"4,650",$328.36,915 mi,13,$0.3589
CDG,PNQ,"4,649",$627.82,"4,285 mi",13,$0.1465
VKO,MUX,"4,649",$383.41,"2,491 mi",13,$0.1539
LHR,EUG,"4,648",$648.90,"4,850 mi",13,$0.1338
MXP,COV,"4,648",$370.90,"1,532 mi",13,$0.2421
MAN,SCL,"4,646",$994.66,"7,473 mi",13,$0.1331
ZRH,YWG,"4,644",$377.45,"4,259 mi",13,$0.0886
DBV,DXB,"4,644",$530.43,"2,485 mi",13,$0.2135
NAP,CLE,"4,643",$667.61,"4,567 mi",13,$0.1462
VIE,GUA,"4,643",$476.91,"6,415 mi",13,$0.0743
BCN,MEM,"4,642",$593.00,"4,631 mi",13,$0.1281
BRU,ZAD,"4,641",$102.63,711 mi,13,$0.1443
MAD,ELP,"4,640",$357.41,"5,263 mi",13,$0.0679
BUD,PIT,"4,640",$496.02,"4,478 mi",13,$0.1108
SOF,DOH,"4,640",$182.74,"1,939 mi",13,$0.0942
LGW,XMN,"4,639",$259.46,"5,829 mi",13,$0.0445
AGP,LEJ,"4,639",$221.33,"1,348 mi",13,$0.1642
VIE,FMO,"4,636",$208.39,468 mi,13,$0.4453
DBV,SYD,"4,633","$1,255.74","10,143 mi",13,$0.1238
SOF,WMI,"4,631",$77.23,665 mi,13,$0.1161
LIS,AKL,"4,631","$1,569.61","11,824 mi",13,$0.1327
BRU,STL,"4,630","$1,002.94","4,264 mi",13,$0.2352
BHX,BIO,"4,629",$246.99,616 mi,13,$0.4010
PMI,TLV,"4,628",$387.51,"1,920 mi",13,$0.2018
EDI,RBA,"4,627",$117.74,"1,476 mi",13,$0.0798
ATH,VGO,"4,626",$343.80,"1,684 mi",13,$0.2042
VIE,AAL,"4,624",$210.41,661 mi,13,$0.3183
MAN,MGQ,"4,620",$249.01,"4,590 mi",13,$0.0543
MXP,CNX,"4,616",$396.90,"5,152 mi",13,$0.0770
BCN,RIC,"4,615",$584.11,"4,216 mi",13,$0.1385
ORY,DLA,"4,612",$210.06,"3,214 mi",13,$0.0654
GVA,TFN,"4,610",$240.50,"1,779 mi",13,$0.1352
VIE,WRO,"4,609",$195.46,213 mi,13,$0.9177
LYS,DRS,"4,608",$280.30,529 mi,13,$0.5299
BOD,CUN,"4,607",$321.82,"4,872 mi",13,$0.0661
EDI,YEG,"4,605",$373.00,"3,801 mi",13,$0.0981
GOT,CPT,"4,605",$551.60,"6,151 mi",13,$0.0897
SOF,HAJ,"4,604",$202.89,954 mi,13,$0.2127
BCN,SAV,"4,604",$692.60,"4,345 mi",13,$0.1594
ATH,BJV,"4,601",$270.55,203 mi,13,$1.3328
PRG,WNZ,"4,600",$226.15,"5,595 mi",13,$0.0404
ZAG,IAH,"4,600",$655.30,"5,503 mi",13,$0.1191
GVA,FDF,"4,599",$872.66,"4,537 mi",13,$0.1923
ARN,IVL,"4,598",$202.65,700 mi,13,$0.2895
MAD,DRS,"4,598",$254.94,"1,074 mi",13,$0.2374
OSL,BGI,"4,598",$581.24,"4,629 mi",13,$0.1256
BRU,BZG,"4,598",$169.18,611 mi,13,$0.2769
VKO,CMN,"4,595",$330.82,"2,544 mi",13,$0.1300
DBV,MCO,"4,594",$756.95,"5,202 mi",13,$0.1455
FCO,YYJ,"4,594",$419.34,"5,799 mi",13,$0.0723
CPH,HNL,"4,593",$657.06,"7,304 mi",13,$0.0900
AGP,DRS,"4,592",$224.99,"1,303 mi",13,$0.1727
BCN,VAR,"4,592",$311.51,"1,278 mi",13,$0.2437
BRU,GOA,"4,590",$194.82,477 mi,13,$0.4084
GLA,DPS,"4,588",$733.98,"8,081 mi",13,$0.0908
BRU,TNR,"4,587",$541.33,"5,639 mi",13,$0.0960
ZAG,KIX,"4,586",$529.90,"5,897 mi",13,$0.0899
BUD,CVG,"4,583",$581.81,"5,001 mi",13,$0.1163
OSL,BOG,"4,582",$571.49,"5,946 mi",13,$0.0961
LYS,DLA,"4,582",$310.77,"2,983 mi",13,$0.1042
AGP,BOO,"4,580",$267.51,"2,307 mi",13,$0.1160
GOT,SEA,"4,578",$546.55,"4,582 mi",13,$0.1193
LED,HRB,"4,578",$538.15,"3,877 mi",13,$0.1388
MRS,CPT,"4,578",$632.28,"5,252 mi",13,$0.1204
NCL,CMB,"4,577",$538.33,"5,315 mi",13,$0.1013
BHX,HND,"4,575","$1,167.99","6,108 mi",13,$0.1912
VKO,MCT,"4,574",$414.96,"2,382 mi",13,$0.1742
FCO,GSP,"4,574",$587.67,"4,725 mi",13,$0.1244
BOD,BLQ,"4,573",$391.87,608 mi,13,$0.6445
PRG,MAA,"4,573",$496.83,"4,335 mi",13,$0.1146
AGP,RHO,"4,572",$224.96,"1,746 mi",13,$0.1288
CDG,ASU,"4,572",$737.37,"6,510 mi",13,$0.1133
BUD,ABZ,"4,572",$303.19,"1,156 mi",13,$0.2623
ZAG,KEF,"4,572",$209.82,"1,879 mi",13,$0.1117
HEL,SVL,"4,571",$103.61,169 mi,13,$0.6131
ZRH,VVI,"4,570",$456.30,"6,112 mi",13,$0.0747
BHX,IAD,"4,566",$473.45,"3,486 mi",13,$0.1358
MAN,TAS,"4,566",$291.98,"3,207 mi",13,$0.0910
AGP,LOS,"4,565",$395.24,"2,073 mi",13,$0.1907
FCO,CSX,"4,565",$306.39,"5,626 mi",13,$0.0545
CDG,CNS,"4,564",$870.85,"9,692 mi",13,$0.0899
VKO,EZE,"4,563","$1,217.94","8,122 mi",13,$0.1500
LYS,ADB,"4,560",$110.55,"1,276 mi",12,$0.0866
AMS,VAA,"4,559",$304.66,995 mi,12,$0.3062
BCN,KTT,"4,559",$335.81,"2,073 mi",12,$0.1620
BUD,LEJ,"4,554",$247.02,432 mi,12,$0.5718
HEL,TAS,"4,551",$336.11,"2,344 mi",12,$0.1434
MAN,KBV,"4,548",$480.68,"6,041 mi",12,$0.0796
BRU,CVG,"4,548","$1,113.67","4,038 mi",12,$0.2758
ARN,LOS,"4,543",$367.78,"3,635 mi",12,$0.1012
DUB,ORF,"4,543",$493.94,"3,543 mi",12,$0.1394
ATH,PSA,"4,541",$258.55,835 mi,12,$0.3096
BUD,SJO,"4,539",$713.73,"6,516 mi",12,$0.1095
CDG,GOX,"4,538",$258.11,"4,422 mi",12,$0.0584
MAD,MAO,"4,537",$584.08,"4,514 mi",12,$0.1294
DUB,TIA,"4,535",$227.42,"1,414 mi",12,$0.1608
OSL,SLC,"4,534",$571.74,"4,897 mi",12,$0.1168
CDG,AJU,"4,533",$566.94,"4,937 mi",12,$0.1148
NCL,EWR,"4,533",$576.04,"3,437 mi",12,$0.1676
VCE,RSW,"4,532",$865.12,"4,966 mi",12,$0.1742
EDI,CUN,"4,531",$636.55,"4,918 mi",12,$0.1294
MAD,ORK,"4,531",$406.10,793 mi,12,$0.5121
MRS,EZE,"4,531",$964.83,"6,932 mi",12,$0.1392
PMI,KLR,"4,531",$231.94,"1,293 mi",12,$0.1794
BCN,HNL,"4,530",$775.94,"7,686 mi",12,$0.1010
FCO,CGO,"4,530",$295.16,"5,045 mi",12,$0.0585
MAD,DLA,"4,530",$174.57,"2,733 mi",12,$0.0639
BRU,IND,"4,530",$895.52,"4,320 mi",12,$0.2073
FCO,GYN,"4,529",$788.83,"5,789 mi",12,$0.1363
ZRH,FUK,"4,529",$889.18,"5,609 mi",12,$0.1585
MAD,SJD,"4,528",$707.26,"5,798 mi",12,$0.1220
MAD,TRC,"4,526",$705.37,"5,737 mi",12,$0.1230
CPH,MBA,"4,525",$333.66,"4,264 mi",12,$0.0783
DME,DOH,"4,524",$398.73,"2,260 mi",12,$0.1764
WAW,SCL,"4,521",$845.61,"7,825 mi",12,$0.1081
LYS,ORK,"4,521",$206.36,725 mi,12,$0.2846
ZRH,ISB,"4,521",$420.65,"3,306 mi",12,$0.1272
LCY,MUC,"4,520",$286.58,582 mi,12,$0.4924
LHR,TUU,"4,519",$581.55,"2,413 mi",12,$0.2410
GVA,DRS,"4,518",$206.03,471 mi,12,$0.4374
MAD,NGO,"4,518",$869.65,"6,852 mi",12,$0.1269
AMS,AJA,"4,517",$261.16,720 mi,12,$0.3627
LGW,PKX,"4,513",$351.51,"4,947 mi",12,$0.0711
CPH,MCI,"4,508",$716.92,"4,483 mi",12,$0.1599
GOT,PEK,"4,506",$464.34,"4,534 mi",12,$0.1024
PMI,JNB,"4,505",$907.42,"4,972 mi",12,$0.1825
SVO,PUS,"4,505",$454.41,"4,431 mi",12,$0.1026
AGP,LED,"4,503",$564.37,"2,280 mi",12,$0.2475
GVA,GRZ,"4,503",$257.07,459 mi,12,$0.5601
DBV,ATL,"4,502",$870.12,"5,101 mi",12,$0.1706
NCE,AKL,"4,502","$1,687.05","11,987 mi",12,$0.1407
LYS,MED,"4,501",$160.79,"2,484 mi",12,$0.0647
GOT,SYD,"4,501",$940.41,"10,228 mi",12,$0.0919
PMI,PVG,"4,500",$939.48,"5,998 mi",12,$0.1566
LHR,TSR,"4,499",$250.28,"1,096 mi",12,$0.2284
ZRH,MVD,"4,499",$848.00,"7,154 mi",12,$0.1185
NTE,GPA,"4,496",$196.13,"1,358 mi",12,$0.1444
GVA,SJJ,"4,495",$230.27,638 mi,12,$0.3609
HEL,ADD,"4,495",$353.63,"3,509 mi",12,$0.1008
VIE,SDQ,"4,494",$606.33,"5,261 mi",12,$0.1152
ATH,DMM,"4,492",$266.43,"1,647 mi",12,$0.1618
BGY,AYT,"4,491",$132.03,"1,283 mi",12,$0.1029
BHX,BSL,"4,491",$230.32,514 mi,12,$0.4481
LED,CPT,"4,490",$679.36,"6,707 mi",12,$0.1013
ARN,HGH,"4,489",$375.56,"4,990 mi",12,$0.0753
WAW,YEG,"4,489",$496.34,"4,832 mi",12,$0.1027
BGY,AOK,"4,488",$196.68,"1,188 mi",12,$0.1656
BCN,RNO,"4,488",$634.03,"5,593 mi",12,$0.1134
LHR,GRJ,"4,487",$679.36,"6,249 mi",12,$0.1087
BCN,NGO,"4,486",$559.64,"6,249 mi",12,$0.0896
LED,LIS,"4,485",$626.82,"2,306 mi",12,$0.2718
DME,LCA,"4,483","$2,283.97","1,390 mi",12,$1.6431
BUD,IBZ,"4,479",$289.59,"1,042 mi",12,$0.2779
LHR,PAT,"4,478",$339.61,"4,809 mi",12,$0.0706
BRU,SHA,"4,478",$304.58,"5,757 mi",12,$0.0529
BHX,MRS,"4,475",$243.29,680 mi,12,$0.3578
DBV,SPU,"4,475",$83.71,124 mi,12,$0.6751
NCE,SCL,"4,474","$1,056.19","7,020 mi",12,$0.1505
MAD,YEG,"4,472",$525.18,"4,596 mi",12,$0.1143
VIE,CMH,"4,472","$1,022.84","4,752 mi",12,$0.2152
DUB,TUN,"4,471",$316.86,"1,350 mi",12,$0.2347
AMS,BZN,"4,470",$838.33,"4,812 mi",12,$0.1742
CDG,SAL,"4,470",$725.76,"5,424 mi",12,$0.1338
DME,TBS,"4,468",$141.32,"1,031 mi",12,$0.1371
BRU,YQB,"4,467",$347.40,"3,405 mi",12,$0.1020
BOD,LIN,"4,462",$298.58,474 mi,12,$0.6299
BUD,CGO,"4,461",$164.06,"4,847 mi",12,$0.0338
AMS,DRS,"4,460",$268.29,382 mi,12,$0.7023
VKO,IKT,"4,460",$179.38,"2,553 mi",12,$0.0703
LED,PRG,"4,459",$270.38,946 mi,12,$0.2858
BOD,ZNZ,"4,458",$329.67,"4,436 mi",12,$0.0743
GVA,RTM,"4,458",$22.63,390 mi,12,$0.0580
CDG,GRX,"4,457",$317.87,850 mi,12,$0.3740
AMS,AGH,"4,455",$189.54,439 mi,12,$0.4318
BUD,OUL,"4,455",$327.45,"1,193 mi",12,$0.2745
BCN,UME,"4,454",$208.41,"1,666 mi",12,$0.1251
MAD,BJV,"4,454",$367.52,"1,737 mi",12,$0.2116
VIE,ABV,"4,454",$599.15,"2,673 mi",12,$0.2241
PMI,SMI,"4,452",$140.66,"1,268 mi",12,$0.1109
CDG,MMX,"4,451",$243.83,660 mi,12,$0.3694
PRG,SSH,"4,451",$113.37,"1,803 mi",12,$0.0629
GVA,UBN,"4,450",$434.24,"4,252 mi",12,$0.1021
MAN,GOI,"4,448",$326.54,"4,942 mi",12,$0.0661
OSL,TRN,"4,447",$217.60,"1,014 mi",12,$0.2146
NTE,LIN,"4,445",$289.22,548 mi,12,$0.5278
MXP,IGU,"4,444",$662.30,"6,504 mi",12,$0.1018
GVA,SZX,"4,442",$498.49,"5,709 mi",12,$0.0873
ZRH,BOO,"4,442",$177.73,"1,426 mi",12,$0.1246
MAN,BEY,"4,441",$297.49,"2,349 mi",12,$0.1266
NCL,NRT,"4,441","$1,104.38","5,600 mi",12,$0.1972
ARN,CMN,"4,440",$302.71,"2,220 mi",12,$0.1364
LHR,PQC,"4,440",$673.61,"6,089 mi",12,$0.1106
MAD,TNR,"4,439",$647.66,"5,088 mi",12,$0.1273
ARN,MPL,"4,438",$273.17,"1,217 mi",12,$0.2245
FCO,CAY,"4,438","$1,324.51","4,557 mi",12,$0.2907
ATH,TUS,"4,437",$682.47,"6,588 mi",12,$0.1036
LIS,DRS,"4,437",$304.17,"1,440 mi",12,$0.2112
MAD,LAP,"4,437",$393.08,"6,143 mi",12,$0.0640
LHR,BEB,"4,435",$364.83,513 mi,12,$0.7112
BUD,SPU,"4,435",$182.54,314 mi,12,$0.5813
CPH,CAG,"4,433",$166.78,"1,109 mi",12,$0.1504
VIE,SLC,"4,433",$733.27,"5,703 mi",12,$0.1286
AMS,CFE,"4,431",$228.83,442 mi,12,$0.5177
BRU,PDX,"4,431",$732.29,"5,213 mi",12,$0.1405
VKO,GZT,"4,429",$178.82,"1,249 mi",12,$0.1432
ORY,RVN,"4,428",$123.81,"1,442 mi",12,$0.0859
PMI,BRN,"4,428",$148.70,545 mi,12,$0.2728
MAD,ABQ,"4,426",$915.31,"5,449 mi",12,$0.1680
CPH,IND,"4,425",$710.88,"4,457 mi",12,$0.1595
GLA,CLT,"4,424",$463.39,"3,860 mi",12,$0.1200
LHR,KAN,"4,424",$537.78,"2,687 mi",12,$0.2001
PRG,CLJ,"4,424",$148.32,473 mi,12,$0.3136
NAP,BOM,"4,424",$501.40,"3,849 mi",12,$0.1303
NAP,TLL,"4,424",$281.29,"1,400 mi",12,$0.2009
ARN,KTT,"4,423",$201.73,576 mi,12,$0.3502
ZRH,KHI,"4,423",$489.48,"3,628 mi",12,$0.1349
LGW,TFU,"4,420",$288.34,"5,036 mi",12,$0.0573
WAW,LEI,"4,420",$136.24,"1,596 mi",12,$0.0854
LIS,PVH,"4,420",$557.19,"4,660 mi",12,$0.1196
NCE,SDQ,"4,419",$451.79,"4,560 mi",12,$0.0991
MAD,AQP,"4,418",$743.54,"6,035 mi",12,$0.1232
VIE,DSS,"4,418",$371.64,"2,910 mi",12,$0.1277
LGW,RUH,"4,417",$704.41,"3,144 mi",12,$0.2240
LYS,YQB,"4,417",$240.82,"3,396 mi",12,$0.0709
SNN,ATL,"4,416",$737.32,"3,717 mi",12,$0.1984
BHX,ZNZ,"4,415",$601.61,"4,570 mi",12,$0.1316
CPH,BTS,"4,415",$88.56,566 mi,12,$0.1565
LCY,DEL,"4,414",$373.35,"4,285 mi",12,$0.0871
LHR,MJI,"4,412",$746.15,"1,503 mi",12,$0.4964
FCO,MYR,"4,409",$546.00,"4,916 mi",12,$0.1111
WAW,COV,"4,409",$227.43,"1,297 mi",12,$0.1754
LGW,MCT,"4,408",$446.47,"3,718 mi",12,$0.1201
CDG,OVD,"4,407",$394.90,573 mi,12,$0.6892
NAP,BNA,"4,407",$909.86,"5,291 mi",12,$0.1720
AGP,MMX,"4,406",$210.32,"1,503 mi",12,$0.1399
DME,LOS,"4,405",$527.88,"3,988 mi",12,$0.1324
MAD,WDH,"4,399",$399.65,"4,419 mi",12,$0.0904
BCN,FAE,"4,396",$285.09,"1,442 mi",12,$0.1977
CDG,DUR,"4,396",$766.66,"5,882 mi",12,$0.1303
AMS,LSI,"4,395",$420.32,555 mi,12,$0.7573
BCN,SKD,"4,394",$479.97,"3,429 mi",12,$0.1400
GLA,LYS,"4,393",$223.07,789 mi,12,$0.2827
AGP,PEK,"4,392",$647.05,"5,772 mi",12,$0.1121
VIE,ISB,"4,392",$511.81,"3,124 mi",12,$0.1638
ATH,DUR,"4,391",$520.95,"4,831 mi",12,$0.1078
GLA,RUH,"4,391",$986.11,"3,420 mi",12,$0.2883
SOF,GDN,"4,391",$187.77,863 mi,12,$0.2176
NAP,XIK,"4,390",$93.96,420 mi,12,$0.2237
LGW,YEG,"4,389",$217.34,"4,384 mi",12,$0.0496
CDG,HUI,"4,385",$737.38,"5,845 mi",12,$0.1262
AGP,SFT,"4,384",$177.91,"2,265 mi",12,$0.0785
CPH,JER,"4,384",$320.57,787 mi,12,$0.4073
CPH,LBA,"4,384",$182.95,599 mi,12,$0.3054
SVO,KWE,"4,383",$152.87,"4,047 mi",12,$0.0378
BHX,CCU,"4,382",$513.20,"4,847 mi",12,$0.1059
VIE,SJU,"4,381",$509.64,"4,792 mi",12,$0.1064
LHR,MSO,"4,380",$990.11,"4,723 mi",12,$0.2096
GVA,MED,"4,379",$225.68,"2,312 mi",12,$0.0976
MAD,CNX,"4,379",$395.48,"5,829 mi",12,$0.0678
ZRH,FLL,"4,376",$627.59,"5,001 mi",12,$0.1255
MRS,QSR,"4,376",$33.47,518 mi,12,$0.0646
OSL,MGQ,"4,375",$271.97,"4,277 mi",12,$0.0636
DBV,MXP,"4,371",$207.86,502 mi,12,$0.4141
FCO,YQB,"4,370",$304.58,"3,831 mi",12,$0.0795
BRU,FOC,"4,370",$197.88,"5,654 mi",12,$0.0350
FCO,NAT,"4,370",$564.87,"4,312 mi",12,$0.1310
AMS,LEJ,"4,369",$282.17,335 mi,12,$0.8423
MRS,NCL,"4,369",$248.63,833 mi,12,$0.2985
LIS,CAG,"4,367",$280.28,"1,005 mi",12,$0.2789
VCE,KEF,"4,367",$238.45,"1,903 mi",12,$0.1253
LYS,ZAG,"4,366",$263.84,545 mi,12,$0.4841
AMS,SUB,"4,365",$863.54,"7,159 mi",12,$0.1206
LED,DOH,"4,363",$325.04,"2,673 mi",12,$0.1216
LHR,ECP,"4,362",$806.29,"4,286 mi",12,$0.1881
VIE,PTY,"4,362",$511.69,"6,205 mi",12,$0.0825
AMS,PNQ,"4,362",$517.24,"4,463 mi",12,$0.1159
BHX,NRT,"4,361",$883.31,"5,751 mi",12,$0.1536
MAD,HNL,"4,361",$883.45,"8,094 mi",12,$0.1091
AGP,SYD,"4,360","$1,177.17","10,724 mi",12,$0.1098
DUB,EBB,"4,360",$373.40,"4,172 mi",12,$0.0895
MAN,PDX,"4,360",$925.97,"4,608 mi",12,$0.2009
LED,VCE,"4,359",$531.60,"1,269 mi",12,$0.4189
ORY,ASU,"4,359",$585.44,"6,491 mi",12,$0.0902
MAD,CUU,"4,358",$510.75,"5,713 mi",12,$0.0894
ZRH,DAR,"4,357",$498.79,"4,321 mi",12,$0.1154
LYS,DWC,"4,357",$271.49,"3,012 mi",12,$0.0901
LED,BSL,"4,356",$196.14,"1,281 mi",12,$0.1531
AMS,NGO,"4,355",$733.91,"5,584 mi",12,$0.1314
NCE,TBS,"4,355",$424.38,"1,849 mi",12,$0.2295
AMS,YXE,"4,355",$428.10,"4,327 mi",12,$0.0989
DBV,TPA,"4,354",$833.54,"5,603 mi",12,$0.1488
BUD,TRD,"4,353",$161.31,"1,187 mi",12,$0.1359
OTP,SZZ,"4,353",$205.63,825 mi,12,$0.2492
ATH,BHD,"4,350",$378.57,"1,754 mi",12,$0.2158
MRS,IAH,"4,350",$737.97,"5,465 mi",12,$0.1350
SNN,MIA,"4,349",$622.11,"3,929 mi",12,$0.1583
LIS,LGA,"4,349",$319.31,"3,461 mi",12,$0.0923
LHR,CHA,"4,347",$585.79,"4,039 mi",12,$0.1450
LYS,FIH,"4,347",$625.14,"3,626 mi",12,$0.1724
MRS,BLL,"4,347",$341.93,894 mi,12,$0.3825
BUD,FUE,"4,345",$216.38,"2,270 mi",12,$0.0953
GVA,ISB,"4,345",$586.21,"3,429 mi",12,$0.1710
PMI,LGG,"4,345",$105.44,754 mi,12,$0.1398
VIE,DIY,"4,342",$144.80,"1,337 mi",12,$0.1083
DUB,OKC,"4,340",$402.38,"4,484 mi",12,$0.0897
CDG,HRB,"4,340",$401.29,"5,226 mi",12,$0.0768
LYS,DZA,"4,338",$755.99,"4,612 mi",12,$0.1639
EDI,KTM,"4,338",$539.32,"4,468 mi",12,$0.1207
SVO,BLR,"4,337",$297.25,"3,756 mi",12,$0.0791
GOT,MEX,"4,337",$504.12,"6,007 mi",12,$0.0839
BCN,GRR,"4,336",$624.49,"4,144 mi",12,$0.1507
NCL,YVR,"4,335",$560.82,"4,348 mi",12,$0.1290
LYS,WRO,"4,334",$165.27,635 mi,12,$0.2603
SVO,FEG,"4,334",$45.37,"1,827 mi",12,$0.0248
LYS,SEA,"4,334",$949.74,"5,413 mi",12,$0.1755
OTP,INN,"4,333",$203.98,710 mi,12,$0.2873
FCO,EAS,"4,331",$301.29,699 mi,12,$0.4310
MXP,UBN,"4,331",$430.10,"4,187 mi",12,$0.1027
NAP,ACC,"4,330",$187.25,"2,518 mi",12,$0.0744
HEL,TRN,"4,328",$304.09,"1,300 mi",12,$0.2339
CDG,PEN,"4,327",$795.11,"6,101 mi",12,$0.1303
ZRH,VFA,"4,327",$730.63,"4,795 mi",12,$0.1524
AMS,JPA,"4,326",$415.64,"4,583 mi",12,$0.0907
MRS,NOU,"4,326","$1,250.30","10,917 mi",12,$0.1145
ZRH,PUY,"4,326",$134.00,321 mi,12,$0.4174
MXP,KMG,"4,325",$301.46,"5,346 mi",12,$0.0564
VCE,CHS,"4,324",$691.43,"4,606 mi",12,$0.1501
GVA,AKL,"4,324","$1,857.06","11,920 mi",12,$0.1558
VCE,POZ,"4,324",$298.36,503 mi,12,$0.5932
ATH,BGW,"4,323",$232.96,"1,147 mi",12,$0.2031
LGW,TRV,"4,323",$305.95,"5,360 mi",12,$0.0571
DBV,BGO,"4,323",$241.45,"1,302 mi",12,$0.1854
BHX,BGO,"4,322",$182.10,585 mi,12,$0.3113
BRU,ABV,"4,321",$576.47,"2,812 mi",12,$0.2050
SVO,SLL,"4,317",$286.48,"2,914 mi",12,$0.0983
ARN,BJV,"4,316",$150.73,"1,559 mi",12,$0.0967
PMI,RMF,"4,314",$263.12,"2,138 mi",12,$0.1231
CPH,CTU,"4,313",$398.29,"4,414 mi",12,$0.0902
HEL,ADL,"4,313","$1,239.64","9,343 mi",12,$0.1327
CPH,RZE,"4,312",$125.87,529 mi,12,$0.2379
ARN,HGA,"4,311",$421.62,"3,833 mi",12,$0.1100
CDG,CXR,"4,311",$709.82,"6,516 mi",12,$0.1089
ATH,TYS,"4,306",$708.82,"5,738 mi",12,$0.1235
EDI,TRD,"4,306",$332.23,737 mi,12,$0.4508
AGP,HAN,"4,305",$315.62,"6,581 mi",12,$0.0480
MAD,CEB,"4,305",$613.53,"7,818 mi",12,$0.0785
MAD,GRR,"4,305",$653.23,"4,176 mi",12,$0.1564
BCN,INV,"4,305",$329.38,"1,119 mi",12,$0.2944
BCN,RNS,"4,305",$190.08,489 mi,12,$0.3887
VIE,MED,"4,304",$177.03,"1,996 mi",12,$0.0887
GLA,BSL,"4,303",$221.38,742 mi,12,$0.2984
BRU,DAM,"4,302",$313.33,"2,072 mi",12,$0.1512
BUD,BNA,"4,302",$574.63,"4,925 mi",12,$0.1167
LHR,NUM,"4,302",$834.71,"2,386 mi",12,$0.3498
MAD,OMA,"4,301","$1,159.24","4,703 mi",12,$0.2465
BCN,XIY,"4,298",$389.73,"5,276 mi",12,$0.0739
SVO,DAC,"4,297",$664.98,"3,557 mi",12,$0.1869
VKO,TZX,"4,296",$191.12,"1,045 mi",12,$0.1829
PRG,ALG,"4,295",$219.60,"1,109 mi",12,$0.1980
OTP,HAV,"4,293",$680.54,"5,778 mi",12,$0.1178
BHX,SEA,"4,293","$1,142.63","4,839 mi",12,$0.2361
ARN,YYC,"4,291",$588.49,"4,197 mi",12,$0.1402
FCO,AOI,"4,291",$70.30,142 mi,12,$0.4951
ATH,OKC,"4,289",$627.47,"6,324 mi",12,$0.0992
VIE,SHA,"4,287",$455.12,"5,100 mi",12,$0.0892
SOF,SEA,"4,282",$496.46,"6,042 mi",12,$0.0822
BCN,BOI,"4,281",$655.48,"5,597 mi",12,$0.1171
ZRH,KHH,"4,281",$750.72,"5,836 mi",12,$0.1286
GOT,YUL,"4,279",$497.94,"3,422 mi",12,$0.1455
CDG,WLG,"4,279","$1,196.51","11,432 mi",12,$0.1047
MXP,SJJ,"4,279",$184.28,473 mi,12,$0.3896
EDI,CMF,"4,278",$60.76,842 mi,12,$0.0722
OTP,CGK,"4,277",$809.36,"6,236 mi",12,$0.1298
AMS,KBL,"4,276",$497.04,"3,432 mi",12,$0.1448
NCE,TFN,"4,276",$382.76,"1,722 mi",12,$0.2223
OTP,TPA,"4,276",$494.44,"5,880 mi",12,$0.0841
ZRH,ZAD,"4,275",$128.53,389 mi,12,$0.3304
VCE,PUJ,"4,274",$222.70,"4,723 mi",12,$0.0472
AMS,TUL,"4,273",$564.26,"4,551 mi",12,$0.1240
MAD,VIT,"4,272",$126.59,166 mi,12,$0.7626
BUD,LIN,"4,272",$220.05,509 mi,12,$0.4323
MAN,BWI,"4,271",$427.43,"3,618 mi",12,$0.1181
SOF,TAS,"4,271",$268.97,"2,399 mi",12,$0.1121
ATH,BOI,"4,269",$867.31,"6,466 mi",12,$0.1341
AMS,LIT,"4,267",$632.81,"4,495 mi",12,$0.1408
BRU,SLC,"4,266",$680.74,"5,187 mi",12,$0.1312
MXP,GHV,"4,266",$99.80,786 mi,12,$0.1270
LHR,MAH,"4,264",$207.62,808 mi,12,$0.2570
PRG,BRE,"4,264",$222.05,302 mi,12,$0.7353
GVA,BNA,"4,263",$847.44,"4,457 mi",12,$0.1901
AMS,TZX,"4,262",$255.70,"1,867 mi",12,$0.1370
LHR,GPT,"4,262",$385.78,"4,686 mi",12,$0.0823
SVO,YIW,"4,262",$254.43,"4,157 mi",12,$0.0612
LHR,FSD,"4,261",$549.20,"4,317 mi",12,$0.1272
NCE,TOS,"4,261",$216.88,"1,899 mi",12,$0.1142
LHR,FCA,"4,260","$1,302.18","4,650 mi",12,$0.2800
MAD,UGC,"4,259",$237.77,"3,364 mi",12,$0.0707
ATH,WMI,"4,258",$80.22,985 mi,12,$0.0814
LYS,BFS,"4,258",$133.25,768 mi,12,$0.1735
BCN,XMN,"4,255",$477.44,"6,131 mi",12,$0.0779
CDG,ALB,"4,254",$674.42,"3,646 mi",12,$0.1850
LHR,ECN,"4,251",$150.88,"1,956 mi",12,$0.0771
MAN,SYZ,"4,251",$260.39,"3,274 mi",12,$0.0795
FCO,LAD,"4,249",$724.20,"3,396 mi",12,$0.2133
AMS,CCS,"4,248",$478.80,"4,725 mi",12,$0.1013
NCE,SJO,"4,247",$569.83,"5,987 mi",12,$0.0952
VCE,BGO,"4,246",$206.10,"1,031 mi",12,$0.1999
LGW,DLC,"4,246",$324.40,"5,127 mi",12,$0.0633
CDG,ICT,"4,245",$796.01,"4,572 mi",12,$0.1741
VCE,AMM,"4,245",$309.46,"1,629 mi",12,$0.1900
PRG,IKA,"4,245",$478.65,"2,162 mi",12,$0.2214
BCN,TUS,"4,242",$620.30,"5,988 mi",12,$0.1036
MRS,DEN,"4,242",$798.62,"5,057 mi",12,$0.1579
VCE,FUE,"4,241",$244.11,"1,795 mi",12,$0.1360
AGP,PUJ,"4,240",$254.52,"4,151 mi",12,$0.0613
LIS,SMF,"4,239",$707.02,"5,754 mi",12,$0.1229
MAN,CEB,"4,238",$673.96,"6,819 mi",12,$0.0988
FCO,YXE,"4,237",$415.12,"5,140 mi",12,$0.0808
DME,HKG,"4,235",$654.81,"4,550 mi",12,$0.1439
GOT,MSP,"4,234",$580.94,"4,294 mi",12,$0.1353
CDG,CRK,"4,232",$608.92,"6,811 mi",12,$0.0894
GVA,RZE,"4,231",$202.08,801 mi,12,$0.2523
OSL,RMO,"4,231",$121.91,"1,200 mi",12,$0.1016
ZAG,TBS,"4,231",$142.78,"1,506 mi",12,$0.0948
WAW,ADL,"4,230",$782.98,"9,481 mi",12,$0.0826
DUB,TSR,"4,230",$164.96,"1,292 mi",12,$0.1277
FCO,SRQ,"4,227",$653.02,"5,056 mi",12,$0.1292
SOF,KTW,"4,227",$140.67,558 mi,12,$0.2521
MAD,CPO,"4,226",$766.25,"6,550 mi",12,$0.1170
PRG,CLE,"4,225",$498.37,"4,473 mi",12,$0.1114
DUB,BAH,"4,225",$583.05,"3,328 mi",12,$0.1752
ATH,IAS,"4,223",$153.97,685 mi,12,$0.2248
BOD,MEX,"4,222",$641.92,"5,503 mi",12,$0.1166
WAW,WDH,"4,221",$389.31,"5,007 mi",12,$0.0778
ZRH,ZDH,"4,221",$267.71,44 mi,12,$6.0843
CPH,SDL,"4,219",$120.76,491 mi,12,$0.2459
MAN,BOG,"4,219",$594.40,"5,058 mi",12,$0.1175
NCE,AUH,"4,219",$477.46,"2,883 mi",12,$0.1656
DBV,ICN,"4,218",$462.77,"5,144 mi",12,$0.0900
ATH,RNO,"4,218",$640.07,"6,811 mi",12,$0.0940
LYS,TPE,"4,217",$776.73,"6,304 mi",12,$0.1232
FCO,YLW,"4,216",$389.25,"5,290 mi",12,$0.0736
LED,RUH,"4,216",$536.99,"2,458 mi",12,$0.2185
AGP,AES,"4,215",$194.85,"1,900 mi",12,$0.1026
VIE,KHI,"4,214",$380.77,"3,064 mi",12,$0.1243
ARN,JTR,"4,213",$229.59,"1,691 mi",12,$0.1358
VIE,GOA,"4,212",$219.35,436 mi,12,$0.5031
AGP,MVD,"4,211",$473.95,"5,769 mi",12,$0.0822
EDI,GIG,"4,210",$983.13,"5,744 mi",12,$0.1712
MAN,CLE,"4,210",$748.12,"3,720 mi",12,$0.2011
OSL,LIM,"4,208",$741.95,"6,671 mi",12,$0.1112
FCO,BHM,"4,207",$746.42,"5,284 mi",12,$0.1413
VCE,GDN,"4,207",$210.24,650 mi,12,$0.3234
AGP,FNC,"4,205",$343.95,727 mi,12,$0.4731
BRU,SKD,"4,205",$316.89,"2,946 mi",12,$0.1076
GOT,PRN,"4,205",$144.23,"1,143 mi",12,$0.1262
GVA,YQB,"4,205",$467.71,"3,632 mi",12,$0.1288
NAP,BLL,"4,205",$153.06,"1,084 mi",12,$0.1412
FCO,MPM,"4,204",$637.70,"4,710 mi",12,$0.1354
ARN,TYF,"4,203",$73.97,179 mi,12,$0.4132
STN,DEL,"4,203",$434.02,"4,272 mi",12,$0.1016
LIS,CGR,"4,201",$467.41,"4,892 mi",12,$0.0955
VIE,SLL,"4,201",$322.76,"2,920 mi",12,$0.1105
HEL,RUH,"4,200",$598.52,"2,734 mi",12,$0.2189
VCE,MBA,"4,200",$385.75,"3,924 mi",12,$0.0983
HEL,JED,"4,198",$553.32,"2,674 mi",12,$0.2069
HEL,RDU,"4,198",$606.80,"4,393 mi",12,$0.1381
STN,KUL,"4,198",$417.06,"6,752 mi",12,$0.0618
CDG,MYJ,"4,196","$1,013.95","6,123 mi",11,$0.1656
VKO,LBD,"4,195",$156.70,"1,867 mi",11,$0.0839
CPH,PKX,"4,194",$224.83,"4,631 mi",11,$0.0485
LHR,JAC,"4,194","$1,470.43","4,801 mi",11,$0.3063
MRS,BRE,"4,193",$225.33,705 mi,11,$0.3196
AMS,CNS,"4,191",$848.83,"9,478 mi",11,$0.0896
WAW,SAN,"4,191","$1,030.06","5,868 mi",11,$0.1755
AMS,KLR,"4,190",$188.18,534 mi,11,$0.3524
ZAG,HAJ,"4,190",$280.43,530 mi,11,$0.5291
BRU,GZT,"4,190",$261.15,"1,825 mi",11,$0.1431
AMS,ALB,"4,189",$640.81,"3,434 mi",11,$0.1866
BHX,USM,"4,188",$569.10,"5,998 mi",11,$0.0949
NAP,XRY,"4,188",$635.98,"1,163 mi",11,$0.5468
LHR,NSI,"4,187",$594.84,"3,473 mi",11,$0.1713
GVA,CGN,"4,186",$252.28,313 mi,11,$0.8060
CPH,PDL,"4,185",$174.84,"2,091 mi",11,$0.0836
FCO,FAT,"4,185",$564.74,"6,406 mi",11,$0.0882
FCO,VAR,"4,184",$154.71,823 mi,11,$0.1880
MRS,SEA,"4,181",$810.27,"5,229 mi",11,$0.1550
EDI,GYD,"4,181",$455.88,"2,680 mi",11,$0.1701
NCE,SLC,"4,181","$1,082.29","5,651 mi",11,$0.1915
PMI,BJV,"4,181",$232.26,"1,314 mi",11,$0.1768
AMS,LOP,"4,180",$533.27,"7,372 mi",11,$0.0723
LIS,PKX,"4,180",$289.37,"5,844 mi",11,$0.0495
MAN,AES,"4,179",$291.04,684 mi,11,$0.4255
BCN,TYS,"4,178",$512.17,"4,602 mi",11,$0.1113
CDG,INV,"4,176",$295.31,630 mi,11,$0.4687
PMI,CMN,"4,176",$277.52,736 mi,11,$0.3771
ATH,TFU,"4,174",$399.49,"4,355 mi",11,$0.0917
VCE,MCT,"4,170",$470.10,"3,055 mi",11,$0.1539
BUD,DBV,"4,169",$214.51,330 mi,11,$0.6500
LYS,NRT,"4,169",$653.67,"5,971 mi",11,$0.1095
LIS,AMM,"4,168",$393.80,"2,643 mi",11,$0.1490
MAN,BJL,"4,168",$210.52,"2,961 mi",11,$0.0711
LGW,ASR,"4,167",$167.25,"1,860 mi",11,$0.0899
PMI,YYC,"4,166",$422.54,"4,951 mi",11,$0.0853
LED,OVS,"4,165",$133.06,"1,091 mi",11,$0.1220
ORY,SDU,"4,164",$231.95,"5,861 mi",11,$0.0396
AGP,DTW,"4,164",$621.28,"4,193 mi",11,$0.1482
LIS,LEJ,"4,164",$318.25,"1,311 mi",11,$0.2428
PRG,LIM,"4,163",$772.70,"7,121 mi",11,$0.1085
BRU,CLE,"4,162","$1,015.71","4,061 mi",11,$0.2501
BCN,CEB,"4,161",$669.59,"7,530 mi",11,$0.0889
VIE,AMD,"4,161",$413.37,"3,391 mi",11,$0.1219
LYS,BLL,"4,160",$336.76,693 mi,11,$0.4859
VIE,OVD,"4,159",$385.28,"1,162 mi",11,$0.3316
LGW,MVD,"4,158",$629.85,"7,042 mi",11,$0.0894
WAW,AUS,"4,158",$844.04,"5,480 mi",11,$0.1540
OTP,SZF,"4,157",$122.62,593 mi,11,$0.2068
GOT,MCO,"4,155",$300.84,"4,847 mi",11,$0.0621
CDG,PLQ,"4,155",$232.93,939 mi,11,$0.2481
ORY,IAD,"4,154",$408.11,"3,735 mi",11,$0.1093
DUB,TOS,"4,152",$147.62,"1,416 mi",11,$0.1043
LYS,STR,"4,152",$244.70,290 mi,11,$0.8438
LHR,BES,"4,151",$358.10,265 mi,11,$1.3513
NCE,SVO,"4,150",$671.57,"1,620 mi",11,$0.4145
LHR,PWM,"4,149",$936.94,"3,270 mi",11,$0.2865
LYS,LAS,"4,148",$550.07,"5,502 mi",11,$0.1000
CPH,KGS,"4,145",$146.35,"1,422 mi",11,$0.1029
LYS,MNL,"4,145",$631.15,"6,879 mi",11,$0.0918
BGY,ESB,"4,144",$152.59,"1,197 mi",11,$0.1275
ZAG,EZE,"4,143",$763.55,"7,464 mi",11,$0.1023
MAD,JER,"4,142",$385.19,588 mi,11,$0.6551
WAW,PER,"4,140",$852.79,"7,881 mi",11,$0.1082
NCE,FLL,"4,140",$754.21,"4,727 mi",11,$0.1596
ZRH,MJT,"4,140",$176.30,"1,106 mi",11,$0.1594
FCO,WRO,"4,139",$168.15,699 mi,11,$0.2406
OTP,PHX,"4,139",$633.73,"6,632 mi",11,$0.0956
MAD,MTR,"4,138",$577.59,"4,746 mi",11,$0.1217
CPH,PUJ,"4,137",$361.58,"4,673 mi",11,$0.0774
HEL,AKL,"4,137","$1,150.51","10,043 mi",11,$0.1146
LIS,PTY,"4,137",$530.33,"4,908 mi",11,$0.1081
PRG,BNA,"4,137",$624.16,"4,930 mi",11,$0.1266
ZAG,DMM,"4,136",$307.17,"2,211 mi",11,$0.1389
DME,HRE,"4,136",$765.95,"4,931 mi",11,$0.1553
AGP,VBY,"4,135",$194.53,"1,731 mi",11,$0.1124
SNN,IAH,"4,134",$915.78,"4,591 mi",11,$0.1995
MRS,SEZ,"4,132",$244.49,"4,699 mi",11,$0.0520
BUD,MCI,"4,131",$604.50,"5,358 mi",11,$0.1128
LHR,RNB,"4,130",$185.41,697 mi,11,$0.2660
CPH,HAV,"4,130",$456.14,"4,956 mi",11,$0.0920
GLA,MRS,"4,127",$286.98,988 mi,11,$0.2905
MAN,TBS,"4,127",$194.16,"2,229 mi",11,$0.0871
CPH,CVG,"4,126",$773.04,"4,179 mi",11,$0.1850
WAW,JRO,"4,126",$354.91,"3,836 mi",11,$0.0925
BRU,NIM,"4,124",$195.17,"2,667 mi",11,$0.0732
GVA,POZ,"4,124",$201.14,662 mi,11,$0.3038
ATH,SJO,"4,124",$709.26,"6,958 mi",11,$0.1019
VKO,AZN,"4,121",$143.68,"1,939 mi",11,$0.0741
DUB,ABQ,"4,120",$588.05,"4,562 mi",11,$0.1289
HEL,JYV,"4,119",$30.56,142 mi,11,$0.2152
MAD,CTU,"4,119",$523.46,"5,860 mi",11,$0.0893
CDG,PQC,"4,117",$733.97,"6,012 mi",11,$0.1221
CPH,MOL,"4,113",$186.66,511 mi,11,$0.3653
VIE,SCQ,"4,113",$451.08,"1,294 mi",11,$0.3486
ZAG,BNE,"4,113",$984.68,"9,486 mi",11,$0.1038
DUB,KWI,"4,112",$505.18,"3,266 mi",11,$0.1547
NCE,MCT,"4,112",$510.13,"3,092 mi",11,$0.1650
MXP,POZ,"4,111",$291.53,613 mi,11,$0.4756
LYS,MCO,"4,109",$465.64,"4,537 mi",11,$0.1026
MAD,NQZ,"4,106",$381.26,"3,423 mi",11,$0.1114
MRS,PPT,"4,105",$949.92,"9,818 mi",11,$0.0968
AMS,NAS,"4,102",$731.89,"4,411 mi",11,$0.1659
ARN,FAE,"4,100",$191.58,885 mi,11,$0.2165
LYS,RIX,"4,099",$159.13,"1,151 mi",11,$0.1383
WAW,SJO,"4,099",$863.05,"6,491 mi",11,$0.1330
BCN,BJV,"4,098",$380.97,"1,349 mi",11,$0.2824
ZRH,MED,"4,098",$174.11,"2,255 mi",11,$0.0772
ATH,ETM,"4,098",$229.04,876 mi,11,$0.2615
CPH,IVL,"4,098",$241.78,"1,040 mi",11,$0.2325
BCN,AXM,"4,094",$532.56,"5,547 mi",11,$0.0960
NTE,ATL,"4,093",$777.18,"4,122 mi",11,$0.1885
FCO,BEL,"4,092",$810.48,"4,665 mi",11,$0.1737
PRG,HAJ,"4,090",$238.51,264 mi,11,$0.9034
LED,BAH,"4,088",$467.95,"2,587 mi",11,$0.1809
BCN,EVE,"4,086",$265.16,"2,014 mi",11,$0.1317
OSL,BGW,"4,086",$220.47,"2,313 mi",11,$0.0953
BRU,NUE,"4,085",$250.20,298 mi,11,$0.8396
CDG,ULH,"4,085",$908.08,"2,378 mi",11,$0.3819
LHR,AEY,"4,085",$489.34,"1,123 mi",11,$0.4357
AMS,HSV,"4,084",$773.07,"4,564 mi",11,$0.1694
GOT,DTW,"4,082",$763.60,"3,892 mi",11,$0.1962
VCE,MLA,"4,081",$169.87,696 mi,11,$0.2441
BRU,CNX,"4,080",$453.09,"5,246 mi",11,$0.0864
VIE,BHD,"4,079",$278.72,"1,094 mi",11,$0.2548
AMS,CNX,"4,078",$503.80,"5,210 mi",11,$0.0967
EDI,TLV,"4,078",$536.20,"2,393 mi",11,$0.2241
BCN,ELP,"4,076",$434.53,"5,471 mi",11,$0.0794
BUD,SVO,"4,075",$590.50,"1,000 mi",11,$0.5905
MXP,PRI,"4,074",$575.43,"4,629 mi",11,$0.1243
AMS,NVT,"4,073",$615.77,"6,158 mi",11,$0.1000
MXP,CKY,"4,072",$219.90,"2,905 mi",11,$0.0757
MXP,CTU,"4,071",$419.54,"5,124 mi",11,$0.0819
NTE,KRK,"4,069",$279.11,"1,024 mi",11,$0.2726
NCE,TAS,"4,068",$411.42,"2,999 mi",11,$0.1372
OTP,MCT,"4,067",$411.98,"2,248 mi",11,$0.1833
AMS,TIV,"4,065",$181.18,915 mi,11,$0.1980
CPH,PIT,"4,065",$449.31,"4,202 mi",11,$0.1069
CPH,BHD,"4,064",$290.71,711 mi,11,$0.4089
PMI,SFT,"4,064",$119.60,"1,827 mi",11,$0.0655
CDG,NGS,"4,063","$1,335.79","5,739 mi",11,$0.2328
VCE,ORF,"4,063",$495.18,"4,536 mi",11,$0.1092
GLA,TPA,"4,061",$518.31,"4,063 mi",11,$0.1276
ORY,UIO,"4,061",$560.93,"5,629 mi",11,$0.0997
PRG,BAH,"4,058",$375.94,"2,454 mi",11,$0.1532
OSL,CMN,"4,058",$277.57,"2,098 mi",11,$0.1323
DBV,JTR,"4,055",$252.28,590 mi,11,$0.4276
ATH,SDQ,"4,055",$616.89,"5,464 mi",11,$0.1129
VIE,TFN,"4,054",$353.98,"2,280 mi",11,$0.1553
NCL,IST,"4,054",$393.09,"1,724 mi",11,$0.2280
VCE,REC,"4,054",$606.10,"4,860 mi",11,$0.1247
OTP,PUJ,"4,053",$383.23,"5,372 mi",11,$0.0713
LGW,CEB,"4,053",$558.06,"7,256 mi",11,$0.0769
ATH,SVO,"4,052",$552.63,"1,351 mi",11,$0.4091
GVA,LAD,"4,051",$886.49,"3,717 mi",11,$0.2385
BRU,BOO,"4,047",$139.20,"1,146 mi",11,$0.1215
HEL,KRS,"4,046",$210.22,594 mi,11,$0.3539
AGP,ADB,"4,045",$310.64,"1,783 mi",11,$0.1742
LIS,SDQ,"4,042",$517.44,"3,741 mi",11,$0.1383
OSL,POZ,"4,042",$189.37,597 mi,11,$0.3172
GVA,OUA,"4,040",$543.27,"2,312 mi",11,$0.2350
WAW,CMN,"4,040",$392.26,"1,865 mi",11,$0.2103
NCE,AMM,"4,040",$333.37,"1,817 mi",11,$0.1835
AGP,PHL,"4,039",$651.59,"3,628 mi",11,$0.1796
CDG,LCY,"4,039",$186.66,199 mi,11,$0.9380
LCY,SKG,"4,037",$361.24,"1,367 mi",11,$0.2643
MXP,LUZ,"4,037",$136.24,768 mi,11,$0.1774
DME,CKY,"4,036",$963.76,"4,338 mi",11,$0.2222
LIS,IKA,"4,036",$409.59,"3,172 mi",11,$0.1291
EDI,HRE,"4,036",$441.25,"5,650 mi",11,$0.0781
MXP,JAI,"4,035",$262.21,"3,724 mi",11,$0.0704
BCN,COK,"4,033",$385.61,"5,093 mi",11,$0.0757
ZAG,DTW,"4,033",$561.41,"4,742 mi",11,$0.1184
ATH,MVD,"4,032",$861.18,"7,386 mi",11,$0.1166
LHR,GOA,"4,030",$238.85,670 mi,11,$0.3565
AGP,GIG,"4,029",$718.58,"4,969 mi",11,$0.1446
LHR,LHW,"4,029",$295.78,"4,974 mi",11,$0.0595
AMS,CGO,"4,028",$276.24,"4,927 mi",11,$0.0561
LHR,MGA,"4,028",$449.38,"5,219 mi",11,$0.0861
AGP,NBO,"4,027",$495.13,"3,844 mi",11,$0.1288
LYS,RAI,"4,027",$172.66,"2,776 mi",11,$0.0622
ATH,SSH,"4,026",$108.01,888 mi,11,$0.1216
ARN,BJL,"4,026",$303.20,"3,761 mi",11,$0.0806
SOF,GRU,"4,026",$702.85,"6,558 mi",11,$0.1072
VIE,TMP,"4,026",$117.85,989 mi,11,$0.1192
ZAG,ZAD,"4,024",$38.64,114 mi,11,$0.3389
CDG,TRS,"4,024",$116.96,538 mi,11,$0.2174
BCN,MED,"4,023",$218.28,"2,370 mi",11,$0.0921
VIE,POP,"4,023",$686.40,"4,931 mi",11,$0.1392
MAD,SKD,"4,019",$281.51,"3,732 mi",11,$0.0754
MXP,VAR,"4,019",$172.51,926 mi,11,$0.1863
VKO,DPS,"4,016",$346.51,"6,440 mi",11,$0.0538
VCE,WRO,"4,015",$167.24,452 mi,11,$0.3700
DME,DAT,"4,014",$207.76,"3,587 mi",11,$0.0579
MAN,LAD,"4,014",$728.97,"4,262 mi",11,$0.1710
CDG,JPA,"4,011",$470.60,"4,357 mi",11,$0.1080
LGW,BRS,"4,008",$99.52,114 mi,11,$0.8730
GOT,LAS,"4,008",$313.95,"5,438 mi",11,$0.0577
MAD,TUS,"4,008",$680.49,"5,443 mi",11,$0.1250
AMS,HRE,"4,007",$448.43,"4,951 mi",11,$0.0906
ZRH,MBJ,"4,007",$644.07,"5,276 mi",11,$0.1221
CDG,LEX,"4,005",$728.56,"4,062 mi",11,$0.1794
AMS,ZYR,"4,004",$151.19,95 mi,11,$1.5915
DME,CGK,"4,004","$1,235.02","5,582 mi",11,$0.2213
PMI,BOO,"4,001",$209.19,"2,025 mi",11,$0.1033
GVA,ZTH,"4,000",$260.31,985 mi,11,$0.2643
PRG,RVN,"3,999",$256.03,"1,172 mi",11,$0.2185
DBV,SEA,"3,996",$995.12,"5,941 mi",11,$0.1675
BCN,AMD,"3,996",$448.14,"4,071 mi",11,$0.1101
BUD,JAX,"3,996",$550.39,"5,319 mi",11,$0.1035
LYS,IAH,"3,996","$1,163.55","5,381 mi",11,$0.2162
CDG,ASW,"3,994",$252.64,"2,312 mi",11,$0.1093
ATH,GRR,"3,993",$677.86,"5,477 mi",11,$0.1238
PRG,IAS,"3,991",$131.57,660 mi,11,$0.1993
MXP,FSC,"3,990",$135.52,295 mi,11,$0.4594
STN,CMN,"3,990",$199.00,"1,378 mi",11,$0.1444
WAW,HAU,"3,989",$169.17,761 mi,11,$0.2223
LIS,SZG,"3,989",$239.50,"1,307 mi",11,$0.1832
ZRH,BAH,"3,989",$798.44,"2,782 mi",11,$0.2870
LHR,CUR,"3,988",$809.22,"4,778 mi",11,$0.1694
AMS,TMP,"3,986",$96.42,916 mi,11,$0.1053
BGY,ZNZ,"3,983",$382.57,"3,900 mi",11,$0.0981
LGW,BOO,"3,983",$277.29,"1,183 mi",11,$0.2344
BOD,EWR,"3,982",$654.23,"3,499 mi",11,$0.1870
CDG,KHN,"3,982",$423.90,"5,505 mi",11,$0.0770
WAW,IKA,"3,982",$388.94,"1,820 mi",11,$0.2137
ATH,CAG,"3,981",$364.52,784 mi,11,$0.4649
AMS,CLO,"3,979",$580.80,"5,821 mi",11,$0.0998
BCN,NKC,"3,979",$149.41,"1,970 mi",11,$0.0758
BHX,MCT,"3,978",$310.70,"3,578 mi",11,$0.0868
LHR,CGB,"3,977",$852.49,"5,884 mi",11,$0.1449
LIS,SJJ,"3,977",$233.36,"1,416 mi",11,$0.1648
MXP,FOG,"3,977",$110.79,460 mi,11,$0.2408
MXP,CTG,"3,975",$473.84,"5,264 mi",11,$0.0900
MAN,DAD,"3,974",$813.08,"6,319 mi",11,$0.1287
GVA,SJU,"3,973",$846.00,"4,325 mi",11,$0.1956
LCY,BOS,"3,971",$637.46,"3,178 mi",11,$0.2006
OTP,JNB,"3,970",$591.19,"4,740 mi",11,$0.1247
MRS,SYD,"3,969",$863.22,"10,818 mi",11,$0.0798
GVA,EBL,"3,969",$220.46,"2,000 mi",11,$0.1102
LIS,NVT,"3,968",$672.05,"5,360 mi",11,$0.1254
MRS,LCA,"3,968",$221.10,"1,672 mi",11,$0.1322
DBV,GRU,"3,967","$1,033.83","5,957 mi",11,$0.1735
FCO,DJE,"3,967",$132.16,570 mi,11,$0.2319
AGP,MGA,"3,965",$617.61,"5,420 mi",11,$0.1140
PMI,PHL,"3,965",$757.34,"4,120 mi",11,$0.1838
CDG,AHO,"3,964",$92.24,662 mi,11,$0.1393
MAN,VKO,"3,963",$419.52,"1,526 mi",11,$0.2749
MAD,BJL,"3,962",$173.62,"2,098 mi",11,$0.0828
VIE,RBA,"3,961",$403.29,"1,499 mi",11,$0.2690
AMS,NGB,"3,960",$380.63,"5,433 mi",11,$0.0701
LGW,SDQ,"3,959",$422.45,"4,219 mi",11,$0.1001
NCE,LIN,"3,959",$205.38,165 mi,11,$1.2447
ZRH,DAD,"3,959",$695.09,"5,668 mi",11,$0.1226
MRS,MCO,"3,956",$541.92,"4,593 mi",11,$0.1180
AMS,SZZ,"3,955",$218.79,418 mi,11,$0.5234
BCN,NKG,"3,955",$522.92,"6,162 mi",11,$0.0849
BRU,CLO,"3,953",$493.56,"5,800 mi",11,$0.0851
PMI,BOM,"3,953",$529.03,"4,214 mi",11,$0.1255
MAN,LLA,"3,951",$170.15,"1,223 mi",11,$0.1391
BRU,TMP,"3,949",$147.82,"1,057 mi",11,$0.1398
WAW,VAA,"3,949",$214.67,776 mi,11,$0.2766
GOT,LUX,"3,948",$226.33,626 mi,11,$0.3615
BCN,TGD,"3,948",$161.01,913 mi,11,$0.1764
LYS,MEL,"3,947","$1,489.81","10,621 mi",11,$0.1403
SVO,AEP,"3,945",$599.11,"8,620 mi",11,$0.0695
OTP,BTS,"3,943",$90.15,506 mi,11,$0.1782
BCN,ERH,"3,942",$107.83,717 mi,11,$0.1504
HEL,EZE,"3,942",$885.32,"7,824 mi",11,$0.1132
GVA,PDX,"3,941",$857.60,"5,528 mi",11,$0.1551
BOD,PVG,"3,938","$1,130.64","6,249 mi",11,$0.1809
NCE,RDU,"3,938",$779.84,"4,522 mi",11,$0.1725
FCO,IGU,"3,934",$695.06,"6,117 mi",11,$0.1136
STN,MAA,"3,934",$508.78,"5,240 mi",11,$0.0971
HEL,AMM,"3,934",$195.84,"1,978 mi",11,$0.0990
PMI,RSW,"3,934",$468.74,"4,944 mi",11,$0.0948
AGP,VAR,"3,933",$255.18,"1,706 mi",11,$0.1496
BCN,INN,"3,932",$156.72,634 mi,11,$0.2472
MXP,NUE,"3,932",$210.69,298 mi,11,$0.7070
ARN,JRO,"3,931",$369.95,"4,347 mi",11,$0.0851
ATH,BUF,"3,929",$554.87,"4,894 mi",11,$0.1134
LIS,TAS,"3,929",$849.93,"4,124 mi",11,$0.2061
WAW,FRU,"3,929",$338.86,"2,434 mi",11,$0.1392
ATH,DSM,"3,928",$645.42,"5,857 mi",11,$0.1102
SNN,TPA,"3,928",$562.68,"3,913 mi",11,$0.1438
BOD,SEA,"3,927",$927.67,"4,990 mi",11,$0.1859
VIE,TNG,"3,926",$433.52,"1,387 mi",11,$0.3126
PRG,BHD,"3,926",$266.29,928 mi,11,$0.2870
VKO,NUE,"3,926",$334.42,"1,205 mi",11,$0.2775
ATH,AHO,"3,925",$103.71,830 mi,11,$0.1250
CDG,SFT,"3,925",$158.64,"1,314 mi",11,$0.1207
CDG,HSV,"3,925",$832.29,"4,568 mi",11,$0.1822
MAD,TRS,"3,925",$130.57,904 mi,11,$0.1444
VIE,PDX,"3,924",$655.60,"5,674 mi",11,$0.1155
AGP,KGS,"3,924",$251.48,"1,793 mi",11,$0.1403
CDG,HFE,"3,923",$631.44,"5,709 mi",11,$0.1106
BCN,BOJ,"3,922",$393.15,"1,266 mi",11,$0.3105
CDG,KHH,"3,921",$648.89,"6,003 mi",11,$0.1081
ORY,GYN,"3,921",$543.75,"5,347 mi",11,$0.1017
DUB,TFU,"3,920",$333.69,"5,166 mi",11,$0.0646
MAD,LBA,"3,919",$278.53,956 mi,11,$0.2913
DBV,MEL,"3,918","$1,334.73","9,929 mi",11,$0.1344
MRS,VXE,"3,917",$312.10,"2,474 mi",11,$0.1262
VIE,HNL,"3,916",$632.57,"7,856 mi",11,$0.0805
LYS,QSR,"3,915",$66.73,625 mi,11,$0.1068
WAW,AGA,"3,912",$182.69,"2,219 mi",11,$0.0823
EDI,HGH,"3,909",$481.58,"5,799 mi",11,$0.0830
LGW,DMM,"3,909",$528.83,"3,010 mi",11,$0.1757
ARN,BNA,"3,908",$618.06,"4,427 mi",11,$0.1396
BCN,CUC,"3,908",$513.56,"5,211 mi",11,$0.0986
BRU,MCI,"3,907",$571.24,"4,395 mi",11,$0.1300
AMS,PEN,"3,907",$782.98,"6,345 mi",11,$0.1234
FCO,MIR,"3,906",$42.62,412 mi,11,$0.1034
VCE,ESB,"3,906",$268.79,"1,073 mi",11,$0.2505
LHR,PTP,"3,905",$572.55,"4,230 mi",11,$0.1354
LGW,REC,"3,905",$539.20,"4,450 mi",11,$0.1212
GVA,MDE,"3,902",$541.23,"5,671 mi",11,$0.0954
MXP,MCZ,"3,900",$669.77,"4,561 mi",11,$0.1468
PMI,SIN,"3,896","$1,244.71","6,958 mi",11,$0.1789
BRU,KHI,"3,896",$339.50,"3,611 mi",11,$0.0940
FCO,KRS,"3,895",$225.37,"1,182 mi",11,$0.1907
LYS,POZ,"3,895",$168.20,724 mi,11,$0.2323
OTP,PDX,"3,895",$563.00,"5,741 mi",11,$0.0981
CPH,COK,"3,894",$303.14,"4,766 mi",11,$0.0636
DME,USM,"3,894",$306.21,"4,459 mi",11,$0.0687
GVA,SZG,"3,889",$313.46,352 mi,11,$0.8905
OTP,CMN,"3,886",$358.30,"2,010 mi",11,$0.1783
BOD,KRK,"3,885",$309.20,"1,051 mi",11,$0.2942
DME,TIV,"3,884",$324.81,"1,206 mi",11,$0.2693
OSL,ALG,"3,884",$238.31,"1,611 mi",11,$0.1479
OTP,LIM,"3,884",$670.54,"7,670 mi",11,$0.0874
LGW,DSS,"3,883",$304.42,"2,608 mi",11,$0.1167
LHR,PSC,"3,883",$758.41,"4,622 mi",11,$0.1641
VIE,SYX,"3,882",$253.45,"5,573 mi",11,$0.0455
BRU,PTY,"3,881",$538.74,"5,302 mi",11,$0.1016
CDG,YQR,"3,881",$335.62,"4,464 mi",11,$0.0752
OTP,SDR,"3,880",$129.86,"1,525 mi",11,$0.0852
OSL,ACC,"3,880",$419.86,"3,703 mi",11,$0.1134
ZRH,TNR,"3,879",$386.87,"5,020 mi",11,$0.0771
BHX,WRO,"3,878",$181.18,824 mi,11,$0.2199
BCN,DSM,"3,878",$557.64,"4,809 mi",11,$0.1160
DME,GVA,"3,878","$2,507.69","1,463 mi",11,$1.7141
ARN,ECN,"3,877",$191.23,"1,777 mi",11,$0.1076
VCE,SDF,"3,877",$642.17,"4,888 mi",11,$0.1314
AMS,SKD,"3,875",$350.13,"2,919 mi",11,$0.1199
BCN,FDF,"3,875",$507.85,"4,291 mi",11,$0.1184
VIE,BSZ,"3,873",$232.15,"2,671 mi",11,$0.0869
CDG,SUB,"3,872","$1,012.39","7,291 mi",11,$0.1389
GLA,IST,"3,872",$469.65,"1,849 mi",11,$0.2540
GVA,DLM,"3,872",$273.29,"1,379 mi",11,$0.1982
SVO,VTE,"3,872",$426.11,"4,365 mi",11,$0.0976
CPH,MSY,"3,871",$671.76,"4,848 mi",11,$0.1386
WAW,ALF,"3,871",$150.22,"1,196 mi",11,$0.1256
AMS,ONT,"3,871",$717.84,"5,368 mi",11,$0.1337
ZAG,MEX,"3,869",$660.21,"6,573 mi",11,$0.1004
MRS,LAS,"3,868",$548.02,"5,963 mi",11,$0.0919
ARN,PDX,"3,868",$543.77,"4,975 mi",11,$0.1093
ZRH,MTY,"3,867",$843.67,"5,891 mi",11,$0.1432
PRG,FRU,"3,866",$194.26,"2,736 mi",11,$0.0710
NCL,SEA,"3,864",$739.62,"4,699 mi",11,$0.1574
BRU,KAO,"3,863",$299.80,"1,314 mi",11,$0.2282
NAP,JNB,"3,862",$736.49,"4,575 mi",11,$0.1610
NAP,RUH,"3,861",$488.56,"2,094 mi",11,$0.2333
HEL,KOK,"3,861",$76.40,235 mi,11,$0.3251
MAD,MED,"3,861",$238.75,"2,799 mi",11,$0.0853
MAN,ATQ,"3,861",$336.89,"4,101 mi",11,$0.0821
MAD,KBV,"3,860",$404.56,"6,699 mi",11,$0.0604
MAD,DLM,"3,859",$310.04,"1,810 mi",11,$0.1713
LHR,VNS,"3,858",$306.79,"4,719 mi",11,$0.0650
NAP,LIM,"3,857",$680.52,"7,037 mi",11,$0.0967
OSL,RDU,"3,856",$572.41,"4,226 mi",11,$0.1354
DUB,LIM,"3,853",$801.06,"5,939 mi",11,$0.1349
CDG,OKJ,"3,853","$1,125.36","6,101 mi",11,$0.1845
VIE,DYU,"3,851",$491.88,"2,574 mi",11,$0.1911
FCO,HSV,"3,849",$624.19,"5,235 mi",11,$0.1192
SOF,ALA,"3,849",$342.29,"2,581 mi",11,$0.1326
MAN,SKP,"3,848",$251.65,"1,311 mi",11,$0.1920
OSL,LOS,"3,848",$438.67,"3,615 mi",11,$0.1213
ARN,AUH,"3,848",$419.02,"2,914 mi",11,$0.1438
LGW,SCL,"3,848",$642.23,"7,020 mi",11,$0.0915
HEL,AUH,"3,847",$676.21,"2,941 mi",11,$0.2299
GLA,TPE,"3,847",$876.87,"5,822 mi",11,$0.1506
MXP,VGO,"3,846",$226.15,920 mi,11,$0.2458
NTE,CAI,"3,846",$289.89,"2,048 mi",11,$0.1415
CDG,VBY,"3,844",$234.48,855 mi,11,$0.2742
DUB,MED,"3,844",$206.33,"3,184 mi",11,$0.0648
VIE,GZP,"3,844",$34.44,"1,107 mi",11,$0.0311
WAW,HRE,"3,841",$322.48,"5,027 mi",11,$0.0641
ARN,ACC,"3,841",$313.36,"3,970 mi",11,$0.0789
ZRH,RUN,"3,840",$499.59,"5,382 mi",11,$0.0928
NCE,BLQ,"3,840",$187.31,217 mi,11,$0.8632
MRS,VNO,"3,839",$305.40,"1,150 mi",11,$0.2656
BRU,TSR,"3,839",$159.34,822 mi,11,$0.1938
GOT,KUO,"3,839",$289.45,663 mi,11,$0.4366
WAW,ABZ,"3,838",$391.20,"1,012 mi",11,$0.3866
GLA,TLS,"3,837",$347.06,909 mi,11,$0.3818
GLA,RDU,"3,836",$487.47,"3,523 mi",11,$0.1384
MAN,HGA,"3,835",$425.45,"4,084 mi",11,$0.1042
VCE,ABZ,"3,835",$264.21,"1,050 mi",11,$0.2516
ATH,SZX,"3,834",$545.90,"5,107 mi",11,$0.1069
LHR,SBA,"3,834","$1,073.63","5,624 mi",11,$0.1909
GLA,DTW,"3,832",$580.45,"3,594 mi",10,$0.1615
MAN,LEJ,"3,832",$200.59,644 mi,10,$0.3115
PRG,CVG,"3,831",$602.20,"4,426 mi",10,$0.1361
ARN,LCY,"3,830",$322.49,865 mi,10,$0.3728
MAN,PEN,"3,830",$588.12,"6,243 mi",10,$0.0942
LHR,OIT,"3,829",$889.12,"5,714 mi",10,$0.1556
OSL,ESB,"3,829",$215.09,"1,724 mi",10,$0.1248
HEL,CAN,"3,828",$282.95,"4,625 mi",10,$0.0612
BHX,HAN,"3,826",$800.21,"5,586 mi",10,$0.1433
SOF,POZ,"3,826",$242.46,716 mi,10,$0.3386
VKO,IAD,"3,826",$681.61,"5,013 mi",10,$0.1360
CPH,SEZ,"3,825",$441.68,"4,678 mi",10,$0.0944
PMI,MRU,"3,824",$967.33,"5,286 mi",10,$0.1830
GVA,GYN,"3,823",$547.93,"5,375 mi",10,$0.1019
AMS,BEL,"3,822",$656.04,"4,960 mi",10,$0.1323
CPH,CNX,"3,820",$474.53,"4,862 mi",10,$0.0976
BUD,CMH,"3,819",$674.62,"4,884 mi",10,$0.1381
BCN,EBB,"3,819",$410.95,"3,527 mi",10,$0.1165
ATH,YQB,"3,818",$307.91,"4,460 mi",10,$0.0690
ZRH,STI,"3,817",$322.38,"4,882 mi",10,$0.0660
LGW,BDU,"3,816",$547.71,"1,423 mi",10,$0.3849
CPH,BIQ,"3,815",$249.70,"1,018 mi",10,$0.2453
FCO,OUL,"3,814",$281.46,"1,729 mi",10,$0.1628
AMS,DAD,"3,813",$587.72,"6,069 mi",10,$0.0968
OSL,PDX,"3,813",$514.13,"4,537 mi",10,$0.1133
SOF,HAV,"3,813",$344.29,"5,722 mi",10,$0.0602
SOF,BLL,"3,811",$172.95,"1,070 mi",10,$0.1616
AMS,RUN,"3,811",$616.88,"6,081 mi",10,$0.1014
BCN,BDL,"3,809",$548.03,"3,842 mi",10,$0.1426
WAW,BNE,"3,808",$955.57,"9,166 mi",10,$0.1043
EDI,RSW,"3,808",$873.49,"4,405 mi",10,$0.1983
BRU,KWI,"3,806",$610.39,"2,769 mi",10,$0.2204
LGW,MGQ,"3,806",$298.21,"4,424 mi",10,$0.0674
NAP,KUL,"3,806",$512.58,"6,138 mi",10,$0.0835
VIE,FRL,"3,806",$131.44,356 mi,10,$0.3692
GLA,MSY,"3,805",$535.92,"4,243 mi",10,$0.1263
WAW,ADD,"3,805",$175.99,"3,243 mi",10,$0.0543
MRS,NBO,"3,804",$464.71,"3,552 mi",10,$0.1308
MXP,BRE,"3,804",$197.18,527 mi,10,$0.3742
ZRH,FRU,"3,803",$383.86,"3,217 mi",10,$0.1193
NCE,BHD,"3,802",$402.70,928 mi,10,$0.4339
ZRH,NGO,"3,802",$733.74,"5,733 mi",10,$0.1280
LIS,JER,"3,801",$362.36,822 mi,10,$0.4408
ORY,NAT,"3,797",$605.88,"4,268 mi",10,$0.1420
DUB,UBN,"3,796",$427.63,"4,299 mi",10,$0.0995
LIS,KTW,"3,796",$196.58,"1,639 mi",10,$0.1199
VIE,BDS,"3,796",$138.46,503 mi,10,$0.2753
AGP,LAS,"3,795",$791.99,"5,901 mi",10,$0.1342
PMI,DPS,"3,793",$548.27,"7,560 mi",10,$0.0725
OSL,TGD,"3,792",$135.34,"1,317 mi",10,$0.1028
AMS,AVL,"3,792",$778.63,"4,099 mi",10,$0.1900
NAP,STL,"3,792",$773.31,"5,330 mi",10,$0.1451
GVA,PNH,"3,790",$639.33,"5,871 mi",10,$0.1089
HEL,NCL,"3,790",$359.71,"1,072 mi",10,$0.3356
LYS,BRE,"3,789",$218.77,548 mi,10,$0.3992
CDG,KMJ,"3,787","$1,293.74","5,772 mi",10,$0.2241
LGW,MDE,"3,787",$419.39,"5,091 mi",10,$0.0824
DBV,OUL,"3,785",$365.24,"1,523 mi",10,$0.2398
ORY,COR,"3,784",$546.34,"7,087 mi",10,$0.0771
LYS,TAS,"3,782",$744.17,"3,239 mi",10,$0.2298
MRS,HAV,"3,782",$359.07,"4,876 mi",10,$0.0736
GLA,BIO,"3,780",$259.84,845 mi,10,$0.3075
HEL,BGW,"3,779",$278.16,"2,124 mi",10,$0.1310
DUB,CMN,"3,778",$317.30,"1,345 mi",10,$0.2359
AMS,TER,"3,776",$113.33,"1,729 mi",10,$0.0655
MAD,SNN,"3,775",$196.19,906 mi,10,$0.2165
BRU,MVD,"3,774",$729.44,"7,178 mi",10,$0.1016
MAD,CCU,"3,774",$389.67,"5,478 mi",10,$0.0711
ARN,NKG,"3,774",$260.94,"4,848 mi",10,$0.0538
SVO,ZNZ,"3,774",$375.89,"4,427 mi",10,$0.0849
GOT,MGQ,"3,773",$333.17,"4,373 mi",10,$0.0762
LIS,GYD,"3,772",$505.00,"2,998 mi",10,$0.1684
VIE,KVA,"3,772",$89.10,616 mi,10,$0.1446
NTE,OUD,"3,772",$133.24,881 mi,10,$0.1512
LED,XIY,"3,771",$430.63,"3,695 mi",10,$0.1165
BCN,FRU,"3,770",$207.11,"3,480 mi",10,$0.0595
WAW,MSP,"3,770",$808.70,"4,818 mi",10,$0.1678
GVA,RNS,"3,769",$77.77,377 mi,10,$0.2063
VIE,LCG,"3,769",$377.95,"1,206 mi",10,$0.3134
VCE,VIX,"3,768",$596.99,"5,782 mi",10,$0.1032
FCO,NAV,"3,767",$188.34,"1,226 mi",10,$0.1536
GOT,HAN,"3,767",$339.66,"4,962 mi",10,$0.0685
BRU,DMM,"3,767",$700.78,"2,990 mi",10,$0.2344
AMS,SZF,"3,766",$173.26,"1,619 mi",10,$0.1070
ZRH,TUS,"3,766","$1,088.27","5,609 mi",10,$0.1940
AMS,MCZ,"3,764",$541.89,"4,751 mi",10,$0.1141
NAP,FLL,"3,764",$649.81,"5,121 mi",10,$0.1269
SOF,TIA,"3,763",$196.60,203 mi,10,$0.9685
AMS,PNS,"3,762",$674.08,"4,521 mi",10,$0.1491
BHX,LEJ,"3,762",$334.98,617 mi,10,$0.5429
BCN,KSC,"3,761",$196.52,"1,030 mi",10,$0.1908
BHX,LUX,"3,760",$206.57,409 mi,10,$0.5051
AMS,LUN,"3,759",$469.73,"4,737 mi",10,$0.0992
DUB,KRS,"3,757",$247.17,627 mi,10,$0.3942
HEL,FAE,"3,757",$218.34,"1,037 mi",10,$0.2105
NTE,GDN,"3,756",$373.60,974 mi,10,$0.3836
MAD,PBI,"3,756",$927.31,"4,240 mi",10,$0.2187
VIE,STL,"3,754",$719.97,"4,804 mi",10,$0.1499
DUB,GSP,"3,752",$576.67,"3,891 mi",10,$0.1482
MAD,BLA,"3,752",$336.90,"4,384 mi",10,$0.0768
CDG,NWI,"3,750",$169.46,267 mi,10,$0.6347
EDI,NUE,"3,750",$182.72,726 mi,10,$0.2517
VCE,DRS,"3,750",$397.10,406 mi,10,$0.9781
NCE,UME,"3,750",$128.75,"1,527 mi",10,$0.0843
GOT,SCL,"3,749",$566.82,"7,658 mi",10,$0.0740
GVA,HGH,"3,748",$570.86,"5,579 mi",10,$0.1023
VKO,CAN,"3,748",$248.13,"4,227 mi",10,$0.0587
ZRH,SZF,"3,748",$130.39,"1,397 mi",10,$0.0933
ZAG,RUH,"3,747",$428.89,"2,288 mi",10,$0.1875
LGW,ASU,"3,744",$649.17,"6,510 mi",10,$0.0997
BRU,LLA,"3,744",$139.32,"1,225 mi",10,$0.1137
FCO,CHC,"3,743","$1,184.81","11,087 mi",10,$0.1069
SVO,YNT,"3,743",$548.25,"4,002 mi",10,$0.1370
VKO,CPT,"3,741",$722.83,"6,096 mi",10,$0.1186
GVA,CLE,"3,740","$1,237.91","4,038 mi",10,$0.3066
MAN,FMO,"3,740",$215.87,412 mi,10,$0.5240
MXP,MPM,"3,738",$726.23,"5,321 mi",10,$0.1365
FCO,INV,"3,737",$356.24,"1,340 mi",10,$0.2659
MAD,CSX,"3,736",$392.57,"6,385 mi",10,$0.0615
CDG,CGQ,"3,734",$568.36,"5,306 mi",10,$0.1071
HEL,MMX,"3,734",$74.47,553 mi,10,$0.1347
GLA,HEL,"3,734",$351.08,"1,139 mi",10,$0.3082
BCN,SSG,"3,734",$421.27,"2,705 mi",10,$0.1557
LHR,BIL,"3,734",$558.57,"4,609 mi",10,$0.1212
LIS,SAW,"3,731",$215.46,"1,967 mi",10,$0.1095
OSL,ISU,"3,731",$251.46,"2,209 mi",10,$0.1138
FCO,BIA,"3,730",$131.39,146 mi,10,$0.8999
EDI,MRU,"3,730",$647.77,"6,549 mi",10,$0.0989
BCN,ATQ,"3,728",$218.05,"3,856 mi",10,$0.0565
ZAG,GYD,"3,728",$207.84,"1,790 mi",10,$0.1161
GVA,STL,"3,728","$1,479.07","4,488 mi",10,$0.3296
BCN,OKC,"3,727",$585.59,"5,251 mi",10,$0.1115
BUD,USM,"3,726",$393.85,"5,463 mi",10,$0.0721
EDI,ZAG,"3,726",$265.55,"1,063 mi",10,$0.2498
ZAG,MCT,"3,726",$200.01,"2,883 mi",10,$0.0694
ATH,OVD,"3,723",$434.21,"1,655 mi",10,$0.2624
VKO,KTM,"3,723",$899.46,"2,958 mi",10,$0.3041
MAN,XNB,"3,722",$228.48,"3,415 mi",10,$0.0669
FCO,NSI,"3,720",$429.97,"2,552 mi",10,$0.1685
PMI,SJO,"3,719",$821.33,"5,787 mi",10,$0.1419
PRG,MCI,"3,717",$608.76,"5,057 mi",10,$0.1204
OTP,EZE,"3,716",$894.32,"7,388 mi",10,$0.1211
LIS,COK,"3,716",$355.48,"5,375 mi",10,$0.0661
ZAG,AUH,"3,715",$332.62,"2,516 mi",10,$0.1322
GOT,CMB,"3,714",$349.51,"5,129 mi",10,$0.0681
GVA,FLL,"3,713",$577.14,"4,626 mi",10,$0.1248
AGP,EVN,"3,712",$422.63,"2,704 mi",10,$0.1563
BRU,SSA,"3,712",$434.60,"5,258 mi",10,$0.0827
VCE,VGO,"3,712",$230.67,"1,034 mi",10,$0.2231
LHR,IXB,"3,711",$293.10,"4,889 mi",10,$0.0600
LYS,ZRH,"3,710",$295.19,198 mi,10,$1.4909
MXP,GZT,"3,710",$283.17,"1,646 mi",10,$0.1720
STN,KWI,"3,710",$155.53,"2,796 mi",10,$0.0556
VCE,POA,"3,708",$641.38,"6,756 mi",10,$0.0949
LGW,SSA,"3,707",$503.49,"5,132 mi",10,$0.0981
LHR,DOM,"3,705",$478.32,"4,012 mi",10,$0.1192
WAW,KSC,"3,705",$82.31,249 mi,10,$0.3306
ATH,DRS,"3,705",$241.91,"1,007 mi",10,$0.2402
DUB,ICT,"3,705",$410.55,"4,105 mi",10,$0.1000
CPH,FOC,"3,704",$290.18,"5,532 mi",10,$0.0525
VKO,CAI,"3,704",$246.49,"1,730 mi",10,$0.1425
OSL,RBA,"3,703",$215.12,"2,036 mi",10,$0.1057
WAW,MBA,"3,703",$244.60,"4,154 mi",10,$0.0589
STN,BEY,"3,702",$194.71,"2,082 mi",10,$0.0935
NTE,MNL,"3,702",$737.97,"7,106 mi",10,$0.1039
LED,MIA,"3,700",$712.20,"5,191 mi",10,$0.1372
OTP,COV,"3,699",$138.93,729 mi,10,$0.1906
VIE,RSW,"3,699",$704.91,"5,391 mi",10,$0.1308
LIS,KHI,"3,699",$450.00,"4,319 mi",10,$0.1042
SOF,KIX,"3,698",$610.65,"5,423 mi",10,$0.1126
ARN,KLX,"3,698",$239.56,"1,618 mi",10,$0.1481
LIS,ASU,"3,695",$528.60,"5,578 mi",10,$0.0948
CPH,PTY,"3,694",$775.48,"5,953 mi",10,$0.1303
LYS,SCL,"3,689",$741.94,"7,009 mi",10,$0.1059
AGP,HAV,"3,688",$217.19,"4,780 mi",10,$0.0454
GVA,ORK,"3,688",$472.89,787 mi,10,$0.6009
LHR,ROA,"3,688",$605.16,"3,729 mi",10,$0.1623
MXP,RSW,"3,688",$926.70,"5,102 mi",10,$0.1816
VCE,MTY,"3,687",$825.60,"6,122 mi",10,$0.1349
BUD,TUN,"3,686",$362.58,890 mi,10,$0.4074
ARN,DLM,"3,685",$142.39,"1,607 mi",10,$0.0886
ATH,HRG,"3,685",$88.79,910 mi,10,$0.0976
LHR,GAU,"3,685",$405.40,"5,058 mi",10,$0.0802
LIS,ORF,"3,685",$611.25,"3,469 mi",10,$0.1762
LHR,RBA,"3,682",$539.69,"1,281 mi",10,$0.4213
PMI,TIA,"3,682",$219.57,927 mi,10,$0.2369
SVO,NNG,"3,680",$286.66,"4,322 mi",10,$0.0663
DBV,OSI,"3,679",$49.13,196 mi,10,$0.2507
FCO,PNR,"3,679",$762.70,"3,124 mi",10,$0.2441
ARN,KGL,"3,679",$345.50,"4,438 mi",10,$0.0779
ZAG,MSP,"3,679",$581.60,"4,981 mi",10,$0.1168
ZRH,SAI,"3,678",$640.93,"5,626 mi",10,$0.1139
ARN,JOE,"3,676",$232.56,454 mi,10,$0.5122
LYS,LBV,"3,675",$509.04,"3,233 mi",10,$0.1575
CDG,SJC,"3,675",$781.22,"5,737 mi",10,$0.1362
GOT,CBG,"3,674",$3.52,591 mi,10,$0.0060
BCN,ROC,"3,674",$656.02,"4,037 mi",10,$0.1625
NAP,SCL,"3,674",$716.96,"7,672 mi",10,$0.0935
AMS,ATQ,"3,673",$243.45,"3,814 mi",10,$0.0638
VCE,LEJ,"3,673",$198.11,398 mi,10,$0.4978
GVA,SBZ,"3,672",$236.49,836 mi,10,$0.2829
FCO,EBL,"3,670",$285.60,"1,787 mi",10,$0.1598
NAP,OUA,"3,669",$116.02,"2,125 mi",10,$0.0546
HEL,OLB,"3,669",$247.18,"1,449 mi",10,$0.1706
OTP,HRG,"3,668",$101.53,"1,237 mi",10,$0.0821
ARN,PLQ,"3,667",$123.56,288 mi,10,$0.4290
LIS,GRZ,"3,665",$345.23,"1,401 mi",10,$0.2464
SNN,DFW,"3,665",$673.09,"4,245 mi",10,$0.1586
FCO,TNG,"3,664",$280.83,"1,094 mi",10,$0.2567
MAD,CUR,"3,662",$640.19,"4,253 mi",10,$0.1505
PMI,HKG,"3,662","$1,594.89","6,469 mi",10,$0.2465
MAD,BES,"3,661",$433.90,568 mi,10,$0.7639
FCO,AMD,"3,661",$337.31,"3,560 mi",10,$0.0948
VCE,AKL,"3,661","$1,368.39","11,014 mi",10,$0.1242
BCN,CRK,"3,659",$575.31,"6,699 mi",10,$0.0859
ZRH,TRV,"3,658",$377.79,"4,638 mi",10,$0.0815
LHR,PUF,"3,656",$278.42,542 mi,10,$0.5137
SVO,FRA,"3,655",$665.49,"1,219 mi",10,$0.5459
ATH,TUL,"3,654",$770.37,"5,853 mi",10,$0.1316
EDI,TFU,"3,653",$331.24,"5,288 mi",10,$0.0626
CDG,KSU,"3,652",$274.89,"1,025 mi",10,$0.2682
GLA,BWI,"3,652",$386.50,"3,286 mi",10,$0.1176
AMS,BIA,"3,652",$160.77,688 mi,10,$0.2337
LIS,YQB,"3,651",$244.67,"3,027 mi",10,$0.0808
BUD,BEY,"3,651",$331.61,"1,226 mi",10,$0.2705
ARN,KBL,"3,650",$505.11,"2,948 mi",10,$0.1713
LED,BEY,"3,650",$393.68,"1,757 mi",10,$0.2241
LYS,DEN,"3,649",$797.09,"5,257 mi",10,$0.1516
PRG,BER,"3,649",$198.45,155 mi,10,$1.2803
CDG,MAO,"3,649",$887.32,"5,326 mi",10,$0.1666
GVA,BRE,"3,648",$260.33,470 mi,10,$0.5539
MAD,FUK,"3,647",$998.04,"6,735 mi",10,$0.1482
HEL,SFT,"3,646",$104.03,332 mi,10,$0.3133
HEL,TUN,"3,646",$285.70,"1,694 mi",10,$0.1687
BRU,BRE,"3,645",$267.58,243 mi,10,$1.1012
CPH,DAD,"3,644",$515.51,"5,685 mi",10,$0.0907
HEL,CUN,"3,643",$449.68,"5,492 mi",10,$0.0819
ZRH,HGH,"3,640",$699.63,"5,441 mi",10,$0.1286
PRG,LLA,"3,639",$145.28,"1,136 mi",10,$0.1279
MXP,SCQ,"3,638",$296.50,841 mi,10,$0.3526
ATH,TFS,"3,638",$305.11,"2,352 mi",10,$0.1297
GLA,PKX,"3,638",$578.80,"5,142 mi",10,$0.1126
BUD,BOG,"3,637",$935.43,"5,953 mi",10,$0.1571
STN,AKL,"3,637","$1,613.52","11,716 mi",10,$0.1377
VIE,LHE,"3,637",$414.63,"3,095 mi",10,$0.1340
AMS,SJC,"3,635",$718.94,"5,298 mi",10,$0.1357
AMS,HAD,"3,633",$137.31,455 mi,10,$0.3018
FCO,PUF,"3,633",$345.10,672 mi,10,$0.5135
BCN,TER,"3,632",$86.17,"1,592 mi",10,$0.0541
MXP,CSX,"3,630",$550.55,"5,323 mi",10,$0.1034
NCL,DOH,"3,630",$613.55,"3,266 mi",10,$0.1879
BCN,BUF,"3,629",$506.69,"4,091 mi",10,$0.1239
HEL,PHX,"3,628",$824.32,"5,350 mi",10,$0.1541
SVO,TYN,"3,628",$416.06,"3,676 mi",10,$0.1132
ATH,WNZ,"3,626",$283.44,"5,567 mi",10,$0.0509
DME,HRG,"3,625",$162.41,"2,020 mi",10,$0.0804
ZRH,KAO,"3,625",$269.21,"1,530 mi",10,$0.1760
LED,MAN,"3,624",$159.60,"1,261 mi",10,$0.1266
PMI,NRT,"3,624",$731.52,"6,379 mi",10,$0.1147
VCE,RIC,"3,621",$471.29,"4,293 mi",10,$0.1098
VKO,NAV,"3,620",$218.16,"1,134 mi",10,$0.1924
VIE,YEG,"3,619",$555.38,"4,701 mi",10,$0.1181
GOT,GRU,"3,618","$1,011.59","6,737 mi",10,$0.1502
GVA,TRD,"3,618",$210.16,"1,240 mi",10,$0.1695
MXP,ITM,"3,618","$1,162.75","6,142 mi",10,$0.1893
CDG,GSO,"3,616",$705.86,"4,203 mi",10,$0.1679
VIE,ITM,"3,615","$1,306.86","5,415 mi",10,$0.2413
AMS,TRS,"3,614",$202.34,578 mi,10,$0.3501
LHR,MAO,"3,614",$836.58,"5,276 mi",10,$0.1586
SVO,DUS,"3,613",$469.31,"1,324 mi",10,$0.3545
BCN,SHJ,"3,612",$196.35,"3,318 mi",10,$0.0592
DUB,BOI,"3,609",$675.68,"4,426 mi",10,$0.1527
BRU,NQZ,"3,608",$422.63,"2,894 mi",10,$0.1460
MXP,TRV,"3,607",$306.20,"4,892 mi",10,$0.0626
SVO,DAD,"3,607",$405.49,"4,700 mi",10,$0.0863
CDG,TNA,"3,606",$291.91,"5,125 mi",10,$0.0570
CPH,PTP,"3,606",$471.35,"4,820 mi",10,$0.0978
MRS,JRO,"3,606",$357.29,"3,909 mi",10,$0.0914
BCN,WUH,"3,605",$477.85,"6,018 mi",10,$0.0794
VIE,UME,"3,605",$200.54,"1,059 mi",10,$0.1894
AMS,ORN,"3,605",$234.85,"1,218 mi",10,$0.1928
GVA,TNG,"3,605",$411.21,928 mi,10,$0.4431
BUD,DRS,"3,604",$203.11,344 mi,10,$0.5904
PRG,TFN,"3,603",$233.49,"2,254 mi",10,$0.1036
AMS,RGN,"3,603",$411.17,"5,195 mi",10,$0.0791
AMS,YQR,"3,599",$422.14,"4,107 mi",10,$0.1028
AGP,MDZ,"3,598",$583.77,"6,153 mi",10,$0.0949
LIS,HYD,"3,598",$685.31,"5,191 mi",10,$0.1320
VCE,IKA,"3,598",$392.38,"2,196 mi",10,$0.1787
LHR,CLJ,"3,598",$230.33,"1,099 mi",10,$0.2096
NCE,NBO,"3,597",$541.44,"3,502 mi",10,$0.1546
VKO,BAH,"3,597",$201.07,"2,198 mi",10,$0.0915
CDG,FAT,"3,596",$559.55,"5,370 mi",10,$0.1042
LHR,STT,"3,596",$836.80,"4,019 mi",10,$0.2082
OSL,SAN,"3,596",$665.77,"5,219 mi",10,$0.1276
ARN,KEM,"3,593",$153.10,486 mi,10,$0.3150
CDG,BSR,"3,593","$1,269.14","2,582 mi",10,$0.4915
GLA,MAA,"3,593",$745.58,"5,111 mi",10,$0.1459
MAD,TIJ,"3,593",$731.31,"5,668 mi",10,$0.1290
ZRH,TER,"3,593",$100.56,"1,820 mi",10,$0.0553
ZRH,AHO,"3,592",$87.88,458 mi,10,$0.1919
OTP,MEL,"3,591","$1,077.12","9,567 mi",10,$0.1126
AMS,GSO,"3,590",$763.50,"3,968 mi",10,$0.1924
MXP,NSI,"3,589",$306.48,"2,987 mi",10,$0.1026
AMS,ECN,"3,586",$143.35,"1,784 mi",10,$0.0804
ORY,MED,"3,585",$169.60,"2,694 mi",10,$0.0630
CPH,CLJ,"3,585",$226.35,750 mi,10,$0.3018
WAW,TNR,"3,585",$368.80,"5,001 mi",10,$0.0737
BUD,HAV,"3,584",$582.27,"5,408 mi",10,$0.1077
NTE,CHQ,"3,584",$208.51,"1,594 mi",10,$0.1308
LHR,DAM,"3,584",$394.33,"2,292 mi",10,$0.1720
LHR,ZUH,"3,584",$168.83,"6,160 mi",10,$0.0274
MRS,PDL,"3,584",$123.17,"1,709 mi",10,$0.0721
LED,NRT,"3,583",$388.70,"4,882 mi",10,$0.0796
LHR,KLR,"3,583",$169.17,789 mi,10,$0.2144
SOF,KEF,"3,582",$265.98,"2,389 mi",10,$0.1113
ATH,HNL,"3,582",$978.40,"8,090 mi",10,$0.1209
MAD,USM,"3,582",$601.20,"6,686 mi",10,$0.0899
LED,ULV,"3,581",$163.57,749 mi,10,$0.2184
BUD,CLJ,"3,581",$155.40,207 mi,10,$0.7507
SNN,PHX,"3,579",$736.24,"5,060 mi",10,$0.1455
AMS,BHM,"3,578",$794.50,"4,350 mi",10,$0.1826
SOF,EZE,"3,578",$806.23,"7,212 mi",10,$0.1118
BRU,KYA,"3,576",$137.19,"1,681 mi",10,$0.0816
NCL,HAN,"3,576",$629.98,"5,848 mi",10,$0.1077
ARN,MED,"3,575",$309.07,"2,564 mi",10,$0.1205
BCN,TFU,"3,574",$291.63,"5,281 mi",10,$0.0552
BRU,YHZ,"3,574",$379.83,"3,156 mi",10,$0.1204
MRS,NRT,"3,574",$523.14,"6,470 mi",10,$0.0809
SVO,TPE,"3,574",$405.64,"4,701 mi",10,$0.0863
STN,BLR,"3,573",$807.78,"5,119 mi",10,$0.1578
LGW,DEN,"3,573",$256.84,"4,541 mi",10,$0.0566
OSL,SOJ,"3,573",$227.69,743 mi,10,$0.3064
HEL,POR,"3,572",$178.29,136 mi,10,$1.3110
OTP,MSY,"3,572",$494.29,"6,090 mi",10,$0.0812
ZRH,CCS,"3,570",$464.38,"4,856 mi",10,$0.0956
BUD,HYD,"3,570",$784.29,"4,033 mi",10,$0.1945
VCE,DCA,"3,570",$583.84,"4,225 mi",10,$0.1382
STN,GYD,"3,569",$87.62,"2,382 mi",10,$0.0368
LHR,KTW,"3,567",$165.14,824 mi,10,$0.2004
MRS,SCL,"3,566",$735.96,"7,358 mi",10,$0.1000
FCO,ALB,"3,565",$451.41,"4,316 mi",10,$0.1046
MXP,EBL,"3,564",$286.86,"1,874 mi",10,$0.1531
WAW,RDU,"3,563",$775.11,"4,541 mi",10,$0.1707
CPH,YEG,"3,563",$431.43,"4,187 mi",10,$0.1030
SOF,ETM,"3,563",$146.53,"1,135 mi",10,$0.1291
ZAG,BWK,"3,563",$54.74,177 mi,10,$0.3093
CDG,TAK,"3,562","$1,304.59","5,781 mi",10,$0.2257
ARN,COV,"3,561",$211.77,"1,695 mi",10,$0.1249
FCO,BIQ,"3,561",$330.33,687 mi,10,$0.4808
AMS,DLC,"3,560",$311.11,"4,928 mi",10,$0.0631
WAW,EBB,"3,560",$327.57,"3,772 mi",10,$0.0868
BUD,NGO,"3,559",$996.52,"5,732 mi",10,$0.1739
VCE,PBI,"3,559",$865.94,"5,190 mi",10,$0.1668
MAD,ABV,"3,557",$589.08,"2,343 mi",10,$0.2514
BHX,KIX,"3,557",$893.22,"6,075 mi",10,$0.1470
BRU,CCU,"3,556",$488.19,"4,903 mi",10,$0.0996
DUB,YYJ,"3,555",$425.71,"4,354 mi",10,$0.0978
VIE,ORK,"3,554",$398.09,"1,171 mi",10,$0.3400
LIS,ORK,"3,554",$370.32,930 mi,10,$0.3982
FCO,COV,"3,553",$173.64,"1,300 mi",10,$0.1336
LYS,TFN,"3,552",$260.88,"1,717 mi",10,$0.1519
DUB,LED,"3,551",$318.66,"1,393 mi",10,$0.2288
LIS,DMM,"3,551",$666.02,"3,369 mi",10,$0.1977
CDG,ZFJ,"3,550",$243.05,209 mi,10,$1.1629
ATH,VRN,"3,550",$198.55,872 mi,10,$0.2277
MRS,DTW,"3,550",$669.74,"4,129 mi",10,$0.1622
ZAG,DPS,"3,550",$482.81,"7,301 mi",10,$0.0661
GOT,AMM,"3,548",$254.08,"2,050 mi",10,$0.1239
BRU,COK,"3,547",$344.92,"5,036 mi",10,$0.0685
GOT,KSC,"3,546",$222.62,701 mi,10,$0.3176
FCO,UME,"3,545",$212.09,"1,600 mi",10,$0.1326
OSL,DAR,"3,545",$322.58,"4,735 mi",10,$0.0681
LHR,MFR,"3,545",$813.24,"5,245 mi",10,$0.1551
AMS,LIH,"3,544","$1,120.01","6,999 mi",10,$0.1600
MAN,JRO,"3,543",$457.06,"4,670 mi",10,$0.0979
STN,PEK,"3,543",$602.42,"4,874 mi",10,$0.1236
BUD,ALG,"3,542",$291.05,"1,137 mi",10,$0.2560
PRG,KTM,"3,542",$450.43,"3,838 mi",10,$0.1174
AGP,YYC,"3,542",$457.08,"5,177 mi",10,$0.0883
CDG,MPM,"3,540","$1,423.54","5,663 mi",10,$0.2514
SVO,NKC,"3,539",$556.40,"3,669 mi",10,$0.1516
ZAG,SEA,"3,537",$696.39,"5,688 mi",10,$0.1224
DME,UUS,"3,536",$408.17,"4,261 mi",10,$0.0958
LGW,ALA,"3,536",$434.72,"3,387 mi",10,$0.1283
VCE,ZNZ,"3,536",$334.25,"3,822 mi",10,$0.0875
ATH,HYD,"3,535",$545.13,"3,679 mi",10,$0.1482
AGP,PTY,"3,534",$505.04,"4,859 mi",10,$0.1039
LYS,TNR,"3,533",$606.06,"5,032 mi",10,$0.1204
DBV,MSP,"3,532",$718.50,"4,918 mi",10,$0.1461
SVO,LCA,"3,532",$924.57,"1,425 mi",10,$0.6488
LHR,STV,"3,530",$310.25,"4,241 mi",10,$0.0732
LHR,AGS,"3,529",$837.83,"3,989 mi",10,$0.2100
PMI,SEA,"3,529","$1,002.64","5,709 mi",10,$0.1756
ARN,GZT,"3,527",$167.95,"1,739 mi",10,$0.0966
BCN,VIT,"3,527",$85.07,261 mi,10,$0.3259
ORY,ZAZ,"3,527",$135.35,500 mi,10,$0.2707
ZRH,BWI,"3,527",$410.59,"4,226 mi",10,$0.0972
CDG,GOI,"3,526",$373.96,"4,438 mi",10,$0.0843
PMI,BZG,"3,526",$126.45,"1,215 mi",10,$0.1041
LED,STR,"3,524",$226.06,"1,170 mi",10,$0.1932
MAD,PUQ,"3,524",$792.45,"7,372 mi",10,$0.1075
NAP,DCA,"3,524",$623.49,"4,464 mi",10,$0.1397
AGP,PKX,"3,524",$227.44,"5,793 mi",10,$0.0393
LIS,KWI,"3,524",$602.81,"3,381 mi",10,$0.1783
CDG,ZFQ,"3,522",$124.41,315 mi,10,$0.3950
VIE,FUK,"3,520",$695.91,"5,311 mi",10,$0.1310
VKO,OPO,"3,520",$320.14,"2,207 mi",10,$0.1451
MRS,MSP,"3,520",$804.00,"4,683 mi",10,$0.1717
VIE,MJT,"3,520",$147.36,825 mi,10,$0.1786
CDG,AVL,"3,518",$689.96,"4,094 mi",10,$0.1685
SOF,TLS,"3,518",$200.11,"1,076 mi",10,$0.1860
LGW,NGO,"3,516",$306.88,"5,768 mi",10,$0.0532
NAP,LEJ,"3,516",$170.51,713 mi,10,$0.2391
BOD,CFR,"3,515",$245.16,309 mi,10,$0.7934
ARN,KAO,"3,514",$145.93,546 mi,10,$0.2673
ZRH,SDF,"3,513",$834.79,"4,385 mi",10,$0.1904
ZRH,YLW,"3,511",$554.65,"4,874 mi",10,$0.1138
LGW,WNZ,"3,511",$308.42,"5,729 mi",10,$0.0538
MAD,RCH,"3,511",$547.06,"4,483 mi",10,$0.1220
NCE,BNA,"3,511",$950.06,"4,871 mi",10,$0.1950
ATH,SYR,"3,510",$626.49,"4,782 mi",10,$0.1310
GOT,RVN,"3,510",$210.34,775 mi,10,$0.2714
ZRH,MPL,"3,509",$330.59,338 mi,10,$0.9781
CDG,KNO,"3,508",$657.49,"6,125 mi",10,$0.1073
CDG,MME,"3,507",$232.78,428 mi,10,$0.5439
STN,DIY,"3,506",$186.86,"2,210 mi",10,$0.0846
CDG,FNA,"3,505",$463.35,"2,848 mi",10,$0.1627
ZRH,NSI,"3,505",$333.88,"2,936 mi",10,$0.1137
NAP,SYD,"3,505","$1,345.41","10,348 mi",10,$0.1300
MXP,CHC,"3,502","$1,256.85","11,278 mi",10,$0.1114
ZRH,POP,"3,500",$510.22,"4,579 mi",10,$0.1114
LED,TZX,"3,499",$221.74,"1,403 mi",10,$0.1580
CDG,TVC,"3,498",$836.81,"4,047 mi",10,$0.2068
LYS,DTW,"3,498",$854.80,"4,042 mi",10,$0.2115
GOT,EBL,"3,497",$343.71,"2,006 mi",10,$0.1713
CPH,DAM,"3,494",$360.41,"1,856 mi",10,$0.1942
CDG,TLH,"3,494",$866.95,"4,671 mi",10,$0.1856
FCO,CWL,"3,494",$284.71,"1,020 mi",10,$0.2791
BRU,CMH,"3,493",$852.86,"4,170 mi",10,$0.2045
AGP,DOL,"3,493",$162.86,934 mi,10,$0.1744
DME,LGW,"3,492",$548.09,"1,627 mi",10,$0.3369
PRG,PMO,"3,492",$181.85,800 mi,10,$0.2273
SVO,AKL,"3,491",$604.82,"10,380 mi",10,$0.0583
ATH,JER,"3,491",$526.77,"1,466 mi",10,$0.3593
GLA,GOT,"3,491",$282.74,662 mi,10,$0.4271
AMS,LEX,"3,490",$705.48,"4,053 mi",10,$0.1741
OTP,NBO,"3,490",$406.03,"3,337 mi",10,$0.1217
ATH,MJI,"3,489",$198.81,672 mi,10,$0.2958
GLA,SGN,"3,489",$612.66,"6,196 mi",10,$0.0989
CPH,HUY,"3,487",$308.83,554 mi,10,$0.5575
DUB,ESB,"3,487",$265.98,"1,977 mi",10,$0.1345
PMI,RZE,"3,487",$177.89,"1,224 mi",10,$0.1453
NCE,CLE,"3,487",$741.43,"4,172 mi",10,$0.1777
NAP,PDX,"3,486",$653.83,"6,073 mi",10,$0.1077
MAD,IGR,"3,486",$611.80,"5,791 mi",10,$0.1056
EDI,CCU,"3,484",$361.13,"5,151 mi",10,$0.0701
LYS,LJU,"3,484",$299.25,465 mi,10,$0.6435
NAP,PEK,"3,482",$476.87,"5,170 mi",10,$0.0922
AGP,GRZ,"3,482",$199.99,"1,207 mi",10,$0.1657
NCL,BLQ,"3,482",$386.60,954 mi,10,$0.4052
NAP,ZNZ,"3,481",$306.86,"3,509 mi",10,$0.0874
BCN,PEN,"3,480",$722.09,"6,207 mi",10,$0.1163
LHR,HDS,"3,479",$887.75,"5,742 mi",10,$0.1546
ARN,DIY,"3,477",$114.64,"1,741 mi",10,$0.0658
ATH,FOC,"3,476",$559.91,"5,591 mi",10,$0.1001
AGP,TUN,"3,476",$207.82,838 mi,10,$0.2480
LYS,CLT,"3,476",$582.72,"4,491 mi",10,$0.1298
VIE,TNR,"3,474",$400.81,"5,152 mi",10,$0.0778
GLA,SAN,"3,471","$1,181.70","5,311 mi",10,$0.2225
BCN,CUZ,"3,470",$672.23,"5,852 mi",10,$0.1149
BOD,STR,"3,470",$340.25,556 mi,10,$0.6120
MRS,CGK,"3,470",$605.65,"7,294 mi",10,$0.0830
BRU,BHD,"3,469",$231.12,518 mi,10,$0.4462
MAD,RIC,"3,468",$663.98,"3,730 mi",10,$0.1780
LGW,CNS,"3,468",$896.45,"9,703 mi",10,$0.0924
NCE,TRS,"3,468",$108.76,351 mi,10,$0.3099
GOT,TLV,"3,465",$367.00,"2,130 mi",9,$0.1723
NCE,JER,"3,464",$485.21,607 mi,9,$0.7994
NCE,STL,"3,464",$783.47,"4,627 mi",9,$0.1693
GOT,CLT,"3,463",$774.95,"4,443 mi",9,$0.1744
GOT,MLE,"3,463",$405.55,"4,788 mi",9,$0.0847
SOF,TPA,"3,462",$397.84,"5,493 mi",9,$0.0724
ARN,BHD,"3,462",$245.53,922 mi,9,$0.2663
DUB,LEX,"3,460",$513.98,"3,610 mi",9,$0.1424
NAP,BOG,"3,458",$547.00,"5,746 mi",9,$0.0952
DUB,SNA,"3,458","$1,244.87","5,321 mi",9,$0.2340
BUD,CSX,"3,457",$169.86,"5,134 mi",9,$0.0331
SVO,MIA,"3,457",$818.41,"5,545 mi",9,$0.1476
DME,ACC,"3,456",$682.28,"4,150 mi",9,$0.1644
SOF,SGN,"3,454",$369.72,"5,533 mi",9,$0.0668
VIE,KUO,"3,453",$295.01,"1,148 mi",9,$0.2570
OSL,DLM,"3,450",$146.40,"1,854 mi",9,$0.0790
MRS,NOS,"3,450",$428.63,"4,627 mi",9,$0.0926
NTE,ABJ,"3,449",$410.37,"2,985 mi",9,$0.1375
AGP,ACC,"3,448",$315.54,"2,229 mi",9,$0.1416
LHR,DVO,"3,447",$591.95,"7,070 mi",9,$0.0837
BUD,BHD,"3,447",$298.02,"1,155 mi",9,$0.2580
CDG,GMP,"3,447",$530.44,"5,385 mi",9,$0.0985
HEL,DTW,"3,447",$671.74,"4,417 mi",9,$0.1521
PMI,DEN,"3,447",$892.68,"5,454 mi",9,$0.1637
VCE,AAL,"3,447",$273.76,784 mi,9,$0.3492
GLA,ISB,"3,446",$519.31,"3,978 mi",9,$0.1305
LED,JED,"3,446",$442.02,"2,590 mi",9,$0.1707
VCE,YEG,"3,443",$411.87,"4,756 mi",9,$0.0866
NCL,HYD,"3,441",$511.78,"5,005 mi",9,$0.1023
CPH,XMN,"3,439",$383.28,"5,236 mi",9,$0.0732
STN,HKG,"3,439",$741.98,"6,121 mi",9,$0.1212
AMS,SAL,"3,437",$387.23,"5,814 mi",9,$0.0666
CDG,MJT,"3,436",$231.10,"1,411 mi",9,$0.1638
VCE,MVD,"3,435",$530.10,"7,207 mi",9,$0.0736
GLA,COK,"3,433",$512.33,"5,443 mi",9,$0.0941
LHR,YKA,"3,433",$323.99,"4,416 mi",9,$0.0734
MXP,LAD,"3,432",$913.34,"3,888 mi",9,$0.2349
AMS,STI,"3,431",$395.71,"4,689 mi",9,$0.0844
AGP,DMM,"3,430",$546.08,"3,327 mi",9,$0.1641
AGP,MSP,"3,429",$716.84,"4,307 mi",9,$0.1664
CDG,OSD,"3,429",$152.94,"1,047 mi",9,$0.1461
MXP,BPS,"3,429",$688.49,"5,068 mi",9,$0.1359
PRG,RMU,"3,428",$120.41,"1,173 mi",9,$0.1027
AGP,BAH,"3,426",$729.85,"3,184 mi",9,$0.2292
DUB,ZNZ,"3,426",$473.67,"4,747 mi",9,$0.0998
BRU,CSX,"3,426",$146.69,"5,305 mi",9,$0.0277
BRU,DUR,"3,426",$634.19,"5,621 mi",9,$0.1128
FCO,BZN,"3,426",$673.07,"5,619 mi",9,$0.1198
NAP,ISB,"3,425",$192.21,"3,104 mi",9,$0.0619
HEL,SAN,"3,422",$849.04,"5,489 mi",9,$0.1547
MAN,ASR,"3,422",$208.82,"1,978 mi",9,$0.1056
BHX,MSP,"3,421",$734.49,"3,802 mi",9,$0.1932
DME,DBB,"3,421",$127.67,"1,807 mi",9,$0.0707
DUB,MSN,"3,421",$678.96,"3,553 mi",9,$0.1911
GLA,FLR,"3,421",$353.12,"1,049 mi",9,$0.3366
HEL,LIM,"3,421",$773.81,"7,572 mi",9,$0.1022
BRU,SAI,"3,420",$546.00,"6,096 mi",9,$0.0896
ZAG,HER,"3,420",$185.39,836 mi,9,$0.2218
SNN,FLL,"3,418",$517.08,"3,910 mi",9,$0.1322
OTP,VKO,"3,417",$632.47,879 mi,9,$0.7195
SVO,SWA,"3,417",$240.75,"4,600 mi",9,$0.0523
ZRH,GRR,"3,417",$735.74,"4,169 mi",9,$0.1765
PRG,YOW,"3,415",$418.65,"3,813 mi",9,$0.1098
LHR,BTR,"3,414",$890.63,"4,489 mi",9,$0.1984
EDI,MUX,"3,414",$252.00,"3,824 mi",9,$0.0659
LGW,SKT,"3,414",$414.64,"3,983 mi",9,$0.1041
ATH,SUF,"3,413",$138.55,409 mi,9,$0.3388
DME,MED,"3,413",$138.05,"2,070 mi",9,$0.0667
CDG,CGB,"3,413",$779.98,"5,551 mi",9,$0.1405
GVA,COV,"3,411",$184.72,"1,570 mi",9,$0.1177
LYS,AKL,"3,411",$937.64,"11,982 mi",9,$0.0783
LYS,LCA,"3,411",$295.45,"1,718 mi",9,$0.1720
ZRH,GSP,"3,411",$860.70,"4,664 mi",9,$0.1845
BRU,UDI,"3,410",$600.79,"5,953 mi",9,$0.1009
MAD,VFA,"3,410",$510.77,"4,601 mi",9,$0.1110
DUB,ACC,"3,408",$534.81,"3,222 mi",9,$0.1660
MXP,SAT,"3,406",$769.10,"5,366 mi",9,$0.1433
ATH,ORK,"3,405",$424.73,"1,888 mi",9,$0.2250
BCN,PRN,"3,404",$295.13,"1,005 mi",9,$0.2937
HEL,BRI,"3,404",$303.83,"1,411 mi",9,$0.2153
DME,MNL,"3,403",$571.48,"5,281 mi",9,$0.1082
ZRH,DIY,"3,403",$232.82,"1,775 mi",9,$0.1312
SOF,DEN,"3,403",$673.08,"6,051 mi",9,$0.1112
ATH,LIT,"3,402",$715.92,"5,784 mi",9,$0.1238
MXP,ABV,"3,399",$457.01,"2,456 mi",9,$0.1861
AMS,PTP,"3,399",$555.33,"4,207 mi",9,$0.1320
CPH,CCU,"3,399",$312.63,"4,521 mi",9,$0.0692
ORY,CWB,"3,399",$532.59,"6,216 mi",9,$0.0857
NCL,COK,"3,398",$388.24,"5,019 mi",9,$0.0774
FCO,BOO,"3,397",$243.08,"1,708 mi",9,$0.1423
WAW,PRN,"3,397",$235.77,643 mi,9,$0.3667
ZRH,KRS,"3,397",$221.83,764 mi,9,$0.2904
SOF,LIM,"3,397",$553.19,"7,092 mi",9,$0.0780
LIS,UIO,"3,396",$523.21,"5,267 mi",9,$0.0993
LYS,DFW,"3,395",$662.96,"5,308 mi",9,$0.1249
OSL,SJO,"3,395",$503.85,"5,627 mi",9,$0.0895
ZAG,STL,"3,394",$362.54,"4,885 mi",9,$0.0742
SOF,MRU,"3,392",$363.45,"5,023 mi",9,$0.0724
AGP,TPA,"3,392",$658.03,"4,606 mi",9,$0.1429
MAD,TRU,"3,392",$601.72,"6,010 mi",9,$0.1001
OTP,TAS,"3,391",$428.97,"2,106 mi",9,$0.2037
LGW,MOL,"3,391",$240.10,823 mi,9,$0.2917
BGY,CMB,"3,390",$347.10,"5,057 mi",9,$0.0686
LIS,PNA,"3,389",$370.42,465 mi,9,$0.7966
CDG,JAN,"3,389",$615.98,"4,823 mi",9,$0.1277
VKO,SZF,"3,389",$224.81,"1,021 mi",9,$0.2202
LHR,NVT,"3,388",$819.55,"5,967 mi",9,$0.1373
ATH,INN,"3,386",$177.99,933 mi,9,$0.1908
BUD,KMG,"3,386",$102.78,"4,535 mi",9,$0.0227
OTP,TFN,"3,386",$258.85,"2,646 mi",9,$0.0978
NCL,LAD,"3,385","$1,029.31","4,633 mi",9,$0.2222
ZAG,DAC,"3,384",$504.67,"4,447 mi",9,$0.1135
CPH,SHJ,"3,384",$129.99,"2,905 mi",9,$0.0447
DME,DAR,"3,384",$807.99,"4,175 mi",9,$0.1935
SOF,TPE,"3,384",$600.43,"5,271 mi",9,$0.1139
BRU,EVE,"3,383",$121.93,"1,244 mi",9,$0.0980
HEL,BMA,"3,383",$117.82,245 mi,9,$0.4809
LHR,SUB,"3,383","$1,591.35","7,381 mi",9,$0.2156
VKO,REN,"3,383",$160.78,762 mi,9,$0.2110
ZRH,DLA,"3,382",$284.08,"2,913 mi",9,$0.0975
LIS,ASR,"3,380",$262.57,"2,308 mi",9,$0.1138
OTP,FAO,"3,380",$203.61,"1,897 mi",9,$0.1073
DUB,TUL,"3,379",$415.30,"4,121 mi",9,$0.1008
LIS,MGF,"3,379",$448.49,"4,963 mi",9,$0.0904
MAD,KMG,"3,379",$437.55,"5,724 mi",9,$0.0764
GOT,TOS,"3,377",$188.25,828 mi,9,$0.2274
LHR,RDM,"3,377","$1,010.52","4,788 mi",9,$0.2111
DBV,HKG,"3,377",$839.07,"5,627 mi",9,$0.1491
BOD,GRU,"3,376","$1,030.33","5,693 mi",9,$0.1810
ORY,MEX,"3,376",$405.21,"5,545 mi",9,$0.0731
NTE,BLL,"3,375",$362.10,728 mi,9,$0.4974
SOF,ESB,"3,375",$121.79,511 mi,9,$0.2383
BUD,MAA,"3,375",$739.28,"4,336 mi",9,$0.1705
ZAG,JNB,"3,375",$585.33,"4,874 mi",9,$0.1201
AGP,SJO,"3,374",$689.30,"5,082 mi",9,$0.1356
HEL,IBZ,"3,374",$272.09,"1,745 mi",9,$0.1559
CDG,QJZ,"3,374",$113.33,219 mi,9,$0.5175
NCL,IAH,"3,374","$1,134.95","4,543 mi",9,$0.2498
SOF,SEZ,"3,373",$309.53,"3,955 mi",9,$0.0783
CDG,CHA,"3,373",$661.52,"4,220 mi",9,$0.1568
VCE,YOW,"3,372",$405.13,"3,913 mi",9,$0.1035
LHR,GEO,"3,372",$864.20,"4,644 mi",9,$0.1861
BHX,ZAG,"3,371",$200.62,954 mi,9,$0.2103
ZRH,DUR,"3,371",$778.65,"5,342 mi",9,$0.1458
BCN,YYJ,"3,370",$588.71,"5,554 mi",9,$0.1060
ATH,HGH,"3,370",$496.61,"5,448 mi",9,$0.0912
MAD,MEM,"3,370",$934.07,"4,402 mi",9,$0.2122
MAN,WDH,"3,370",$405.70,"5,210 mi",9,$0.0779
BRU,TRS,"3,369",$126.91,557 mi,9,$0.2278
SOF,SYD,"3,369",$770.99,"9,300 mi",9,$0.0829
MAD,ARI,"3,369",$914.83,"6,077 mi",9,$0.1505
ATH,BDS,"3,368",$179.99,383 mi,9,$0.4699
NAP,ZMS,"3,368",$87.02,245 mi,9,$0.3552
MAD,NSI,"3,367",$244.86,"2,628 mi",9,$0.0932
MRS,SOF,"3,367",$264.33,890 mi,9,$0.2970
PRG,BJV,"3,367",$165.18,"1,076 mi",9,$0.1535
CPH,MBJ,"3,366",$472.66,"5,347 mi",9,$0.0884
EDI,IKA,"3,366",$222.61,"2,804 mi",9,$0.0794
DME,FCO,"3,365",$806.54,"1,533 mi",9,$0.5261
LYS,ASR,"3,364",$163.89,"1,666 mi",9,$0.0984
ZRH,RNO,"3,364",$773.80,"5,810 mi",9,$0.1332
EDI,DAC,"3,364",$612.46,"5,157 mi",9,$0.1188
NCL,OPO,"3,363",$358.57,975 mi,9,$0.3678
ZAG,LIN,"3,363",$185.11,339 mi,9,$0.5460
CDG,YQM,"3,363",$295.23,"3,128 mi",9,$0.0944
ZAG,TPE,"3,363",$653.39,"5,839 mi",9,$0.1119
BRU,ABZ,"3,362",$232.41,527 mi,9,$0.4410
GVA,SVG,"3,362",$213.18,847 mi,9,$0.2517
MRS,MBA,"3,360",$227.63,"3,798 mi",9,$0.0599
NCL,ICN,"3,358",$789.64,"5,190 mi",9,$0.1521
LCY,HKG,"3,357",$962.20,"5,785 mi",9,$0.1663
AMS,SRQ,"3,355","$1,012.54","4,495 mi",9,$0.2253
MAD,INV,"3,355",$393.44,"1,213 mi",9,$0.3244
AGP,HKT,"3,354",$410.15,"6,779 mi",9,$0.0605
VCE,BWI,"3,354",$556.83,"4,456 mi",9,$0.1250
PRG,CMH,"3,353",$697.46,"4,316 mi",9,$0.1616
LGW,CNX,"3,352",$325.54,"5,766 mi",9,$0.0565
LGW,JRO,"3,352",$345.46,"4,232 mi",9,$0.0816
GLA,HYD,"3,351",$664.23,"5,112 mi",9,$0.1299
NCE,FUE,"3,351",$235.88,"1,617 mi",9,$0.1459
ATH,BHM,"3,346",$888.33,"5,965 mi",9,$0.1489
CPH,SAT,"3,346",$466.74,"5,459 mi",9,$0.0855
EDI,AMM,"3,345",$285.02,"2,598 mi",9,$0.1097
LHR,FRU,"3,345",$693.35,"3,506 mi",9,$0.1978
FCO,YQR,"3,344",$352.94,"4,866 mi",9,$0.0725
VCE,CHQ,"3,344",$247.01,897 mi,9,$0.2754
ZRH,LXR,"3,344",$306.87,"2,059 mi",9,$0.1490
NCL,MCO,"3,342",$557.56,"4,359 mi",9,$0.1279
VCE,OMA,"3,342",$469.04,"4,837 mi",9,$0.0970
GLA,BLQ,"3,341",$299.98,"1,012 mi",9,$0.2964
EDI,CHS,"3,340",$722.82,"3,989 mi",9,$0.1812
SNN,IND,"3,339",$624.60,"3,511 mi",9,$0.1779
ZRH,XMN,"3,338",$780.14,"5,997 mi",9,$0.1301
LIS,BDS,"3,337",$209.00,"1,482 mi",9,$0.1410
ZRH,TYS,"3,336",$588.42,"4,697 mi",9,$0.1253
GVA,IND,"3,335","$1,007.54","4,551 mi",9,$0.2214
VIE,MTY,"3,334",$894.58,"6,185 mi",9,$0.1446
BHX,YVR,"3,333",$383.78,"4,761 mi",9,$0.0806
PMI,YVR,"3,333",$759.41,"5,312 mi",9,$0.1430
ATH,ROC,"3,333",$628.12,"5,144 mi",9,$0.1221
DME,BLR,"3,331",$658.71,"3,500 mi",9,$0.1882
DME,TRV,"3,331",$673.95,"3,992 mi",9,$0.1688
MXP,GRZ,"3,331",$181.08,324 mi,9,$0.5589
MAN,PRN,"3,330",$140.10,"1,340 mi",9,$0.1046
NAP,PUJ,"3,329",$380.76,"5,162 mi",9,$0.0738
LHR,AHB,"3,327",$358.16,"3,178 mi",9,$0.1127
CDG,LPI,"3,327",$341.61,810 mi,9,$0.4217
VKO,AMM,"3,327",$287.54,"1,700 mi",9,$0.1691
MAN,OUL,"3,326",$290.52,"1,284 mi",9,$0.2263
MAN,CNS,"3,324",$910.08,"9,667 mi",9,$0.0941
MRS,ADB,"3,324",$108.98,"1,160 mi",9,$0.0939
VIE,MPL,"3,322",$320.27,662 mi,9,$0.4838
FCO,COO,"3,320",$193.06,"2,598 mi",9,$0.0743
GLA,PDX,"3,319",$491.25,"4,700 mi",9,$0.1045
DUB,VAR,"3,318",$209.16,"1,747 mi",9,$0.1197
LED,ESB,"3,318",$259.94,"1,405 mi",9,$0.1850
ZAG,CGK,"3,318",$902.63,"6,745 mi",9,$0.1338
MAN,WLG,"3,317","$1,279.32","11,246 mi",9,$0.1138
BRU,KRS,"3,315",$146.30,541 mi,9,$0.2704
LHR,HAD,"3,315",$219.95,627 mi,9,$0.3508
FCO,AOK,"3,315",$164.56,889 mi,9,$0.1851
WAW,KBL,"3,314",$299.82,"2,569 mi",9,$0.1167
DME,IKA,"3,314",$717.34,"1,563 mi",9,$0.4590
LYS,PER,"3,314","$1,153.50","8,455 mi",9,$0.1364
VIE,ADD,"3,312",$382.54,"2,908 mi",9,$0.1315
CDG,JAI,"3,312",$381.78,"4,226 mi",9,$0.0903
EDI,TRV,"3,312",$322.52,"5,519 mi",9,$0.0584
CDG,SLZ,"3,310",$562.99,"4,390 mi",9,$0.1282
SNN,AUS,"3,309",$659.37,"4,675 mi",9,$0.1410
HEL,BRE,"3,309",$185.69,766 mi,9,$0.2424
HEL,LOS,"3,309",$443.69,"3,997 mi",9,$0.1110
OSL,INN,"3,308",$165.54,867 mi,9,$0.1909
GVA,CTU,"3,307",$431.25,"5,221 mi",9,$0.0826
VKO,UKK,"3,307",$167.67,"1,835 mi",9,$0.0914
NCE,ADB,"3,307",$286.60,"1,134 mi",9,$0.2527
SOF,LPA,"3,307",$277.95,"2,458 mi",9,$0.1131
LYS,CAY,"3,306",$685.20,"4,306 mi",9,$0.1591
BOD,JNB,"3,306",$515.49,"5,075 mi",9,$0.1016
AMS,AEP,"3,305",$515.04,"6,890 mi",9,$0.0748
BUD,ACC,"3,305",$457.43,"3,018 mi",9,$0.1516
MRS,CLJ,"3,303",$399.22,899 mi,9,$0.4441
LCY,OLB,"3,302",$431.18,834 mi,9,$0.5170
BRU,AES,"3,301",$179.29,784 mi,9,$0.2287
AMS,FRU,"3,299",$333.54,"3,080 mi",9,$0.1083
AGP,PDL,"3,299",$132.43,"1,131 mi",9,$0.1171
FCO,UGC,"3,299",$288.04,"2,389 mi",9,$0.1206
GLA,NBO,"3,298",$561.89,"4,444 mi",9,$0.1264
MAD,TUL,"3,298",$598.42,"4,623 mi",9,$0.1294
NAP,BJV,"3,298",$349.57,782 mi,9,$0.4470
ARN,SKD,"3,294",$263.22,"2,583 mi",9,$0.1019
FCO,LEX,"3,294",$562.83,"4,987 mi",9,$0.1129
LYS,GDN,"3,294",$165.95,865 mi,9,$0.1918
AGP,SZG,"3,292",$264.44,"1,210 mi",9,$0.2185
BOD,HKG,"3,290","$1,206.75","6,054 mi",9,$0.1993
NTE,BOS,"3,290",$782.94,"3,406 mi",9,$0.2299
ATH,POA,"3,290",$858.68,"6,944 mi",9,$0.1237
GOT,TUN,"3,289",$193.17,"1,398 mi",9,$0.1382
MAD,BVC,"3,289",$284.39,"1,981 mi",9,$0.1436
EDI,BWI,"3,288",$410.37,"3,530 mi",9,$0.1163
MAN,EXT,"3,288",$149.30,181 mi,9,$0.8249
STN,BOM,"3,287",$564.68,"4,318 mi",9,$0.1308
BOD,LIM,"3,287",$573.37,"5,969 mi",9,$0.0961
VKO,CTA,"3,286",$355.41,"1,672 mi",9,$0.2126
ARN,PIT,"3,286",$582.56,"4,242 mi",9,$0.1373
DUB,TUS,"3,285",$816.08,"5,166 mi",9,$0.1580
DME,HYD,"3,284",$768.85,"3,488 mi",9,$0.2204
NAP,VNO,"3,284",$363.74,"1,108 mi",9,$0.3283
ARN,VKO,"3,283",$368.78,742 mi,9,$0.4970
AGP,MPL,"3,283",$248.43,633 mi,9,$0.3925
LHR,SYX,"3,282",$450.57,"5,860 mi",9,$0.0769
BCN,RUN,"3,281",$594.00,"5,655 mi",9,$0.1050
AMS,TRV,"3,280",$370.16,"4,854 mi",9,$0.0763
VCE,BEY,"3,280",$317.93,"1,419 mi",9,$0.2241
BGY,IKA,"3,278",$219.36,"2,328 mi",9,$0.0942
LIS,GOA,"3,275",$248.04,974 mi,9,$0.2547
MAD,RSW,"3,275","$1,249.85","4,595 mi",9,$0.2720
VIE,JAX,"3,275",$759.18,"4,881 mi",9,$0.1555
VIE,TRV,"3,275",$235.54,"4,563 mi",9,$0.0516
ARN,MXX,"3,274",$87.39,143 mi,9,$0.6111
NCE,SXM,"3,274","$1,062.49","4,259 mi",9,$0.2495
BRU,REC,"3,274",$547.36,"4,565 mi",9,$0.1199
SOF,QSR,"3,273",$45.72,447 mi,9,$0.1023
VIE,LLA,"3,273",$228.22,"1,184 mi",9,$0.1928
CPH,NWI,"3,272",$254.48,487 mi,9,$0.5225
HEL,AAR,"3,271",$173.72,570 mi,9,$0.3048
EDI,BSR,"3,270",$968.81,"3,101 mi",9,$0.3124
GOT,NUE,"3,269",$243.54,549 mi,9,$0.4436
LHR,LST,"3,269","$1,059.35","10,447 mi",9,$0.1014
LHR,TRZ,"3,269",$251.73,"5,327 mi",9,$0.0473
SVO,FUK,"3,269",$259.80,"4,575 mi",9,$0.0568
BCN,HUY,"3,268",$234.84,830 mi,9,$0.2829
GLA,JED,"3,268",$392.71,"3,337 mi",9,$0.1177
DUB,ALB,"3,267",$757.74,"2,988 mi",9,$0.2536
BGY,ASR,"3,267",$220.95,"1,438 mi",9,$0.1537
LHR,QRO,"3,267",$759.21,"5,679 mi",9,$0.1337
LYS,SLC,"3,267",$863.69,"5,151 mi",9,$0.1677
OSL,YOW,"3,266",$541.85,"3,381 mi",9,$0.1603
OSL,YYC,"3,266",$563.45,"4,039 mi",9,$0.1395
MXP,VFA,"3,264",$599.32,"4,396 mi",9,$0.1363
NAP,JAX,"3,263",$769.06,"5,004 mi",9,$0.1537
BRU,RSW,"3,263",$911.53,"4,519 mi",9,$0.2017
NCL,FLR,"3,263",$339.62,936 mi,9,$0.3628
LGW,TBS,"3,262",$210.95,"2,275 mi",9,$0.0927
EDI,SMF,"3,262",$599.11,"4,816 mi",9,$0.1244
NTE,PVG,"3,261","$1,091.65","6,166 mi",9,$0.1770
PRG,IND,"3,261",$568.17,"4,728 mi",9,$0.1202
BUD,LEI,"3,260",$349.72,"1,281 mi",9,$0.2730
MXP,LGA,"3,260",$330.57,"4,102 mi",9,$0.0806
LHR,BUS,"3,260",$273.65,"2,141 mi",9,$0.1278
LGW,TLS,"3,256",$77.64,508 mi,9,$0.1528
NTE,MEX,"3,254",$539.34,"5,412 mi",9,$0.0997
PMI,MLE,"3,253",$641.26,"4,864 mi",9,$0.1318
AMS,ELP,"3,252",$683.27,"5,461 mi",9,$0.1251
OTP,NAV,"3,251",$71.36,573 mi,9,$0.1245
VKO,BKK,"3,250",$230.53,"4,545 mi",9,$0.0507
LHR,RMQ,"3,249","$1,660.58","5,923 mi",9,$0.2804
BUD,DMM,"3,248",$336.32,"2,264 mi",9,$0.1486
SOF,MNL,"3,248",$543.98,"5,740 mi",9,$0.0948
LHR,HOU,"3,248",$923.38,"4,983 mi",9,$0.1853
LHR,CCS,"3,247",$627.64,"4,781 mi",9,$0.1313
MAD,CFE,"3,247",$261.36,483 mi,9,$0.5411
CDG,HUY,"3,246",$157.61,329 mi,9,$0.4791
GOT,DPS,"3,244",$546.72,"7,420 mi",9,$0.0737
LYS,NBO,"3,244",$384.83,"3,900 mi",9,$0.0987
MXP,KYA,"3,244",$290.91,"1,370 mi",9,$0.2123
AMS,YYT,"3,244",$933.49,"2,583 mi",9,$0.3614
GOT,OLB,"3,244",$309.30,"1,200 mi",9,$0.2578
NAP,TFN,"3,243",$364.14,"1,984 mi",9,$0.1835
GOT,YVR,"3,243",$574.17,"4,492 mi",9,$0.1278
BRU,ALP,"3,242",$266.75,"1,963 mi",9,$0.1359
BCN,CUR,"3,242",$681.14,"4,825 mi",9,$0.1412
PMI,ASU,"3,241",$434.90,"6,101 mi",9,$0.0713
GVA,LEJ,"3,240",$262.08,440 mi,9,$0.5956
OTP,SAN,"3,239",$633.14,"6,817 mi",9,$0.0929
LCY,MSP,"3,239",$873.24,"3,899 mi",9,$0.2240
PMI,CAI,"3,238",$413.92,"1,794 mi",9,$0.2307
WAW,MAA,"3,237",$489.56,"4,093 mi",9,$0.1196
MAD,CGB,"3,237",$587.70,"5,290 mi",9,$0.1111
NCE,EVE,"3,237",$143.71,"1,697 mi",9,$0.0847
BCN,NAS,"3,236",$796.97,"4,440 mi",9,$0.1795
BCN,LPB,"3,235",$617.72,"6,178 mi",9,$0.1000
LED,GNJ,"3,235",$146.99,"1,442 mi",9,$0.1019
HEL,AUS,"3,234",$890.76,"5,558 mi",9,$0.1603
ORY,OXB,"3,233",$277.05,"2,829 mi",9,$0.0979
LHR,TIV,"3,232",$229.13,"1,129 mi",9,$0.2029
MAN,YEG,"3,231",$432.18,"3,960 mi",9,$0.1091
MAD,OUL,"3,229",$328.24,"2,100 mi",9,$0.1563
VCE,MAA,"3,228",$439.09,"4,376 mi",9,$0.1003
DBV,CLT,"3,228",$823.95,"5,189 mi",9,$0.1588
CDG,BAQ,"3,226",$742.77,"4,927 mi",9,$0.1508
FCO,ETM,"3,226",$246.13,"1,471 mi",9,$0.1673
AGP,SDQ,"3,226",$343.08,"4,230 mi",9,$0.0811
VIE,TAO,"3,226",$625.80,"4,798 mi",9,$0.1304
MXP,GUA,"3,225",$625.41,"5,758 mi",9,$0.1086
BCN,FAT,"3,224",$629.80,"5,732 mi",9,$0.1099
MRS,CKY,"3,224",$643.81,"2,521 mi",9,$0.2554
VIE,PAS,"3,224",$281.07,906 mi,9,$0.3102
BCN,PNS,"3,222",$545.58,"4,977 mi",9,$0.1096
BCN,SAI,"3,222",$783.07,"6,410 mi",9,$0.1222
DME,DAM,"3,222",$193.76,"1,567 mi",9,$0.1237
MAD,NAV,"3,221",$256.93,"1,955 mi",9,$0.1314
BRU,ASM,"3,220",$432.50,"3,020 mi",9,$0.1432
DME,VFA,"3,220",$790.54,"4,974 mi",9,$0.1589
BCN,CHC,"3,219","$1,250.46","12,284 mi",9,$0.1018
LIS,ACE,"3,219",$169.72,704 mi,9,$0.2411
CPH,CLE,"3,219",$623.11,"3,964 mi",9,$0.1572
BUD,CMN,"3,218",$352.02,"1,752 mi",9,$0.2009
DBV,BOM,"3,217",$443.82,"3,655 mi",9,$0.1214
CPH,GYD,"3,217",$244.65,"2,045 mi",9,$0.1196
MXP,OKA,"3,217",$475.63,"6,355 mi",9,$0.0748
NCE,PDX,"3,217",$915.25,"5,380 mi",9,$0.1701
LHR,NSN,"3,215","$1,100.54","11,322 mi",9,$0.0972
GOT,JED,"3,214",$248.25,"2,743 mi",9,$0.0905
NAP,CHS,"3,214",$725.05,"5,129 mi",9,$0.1414
OSL,JRO,"3,214",$345.62,"4,752 mi",9,$0.0727
ZAG,MLE,"3,214",$482.81,"4,607 mi",9,$0.1048
MAN,ASM,"3,213",$327.35,"3,341 mi",9,$0.0980
MAN,IVL,"3,213",$334.28,"1,465 mi",9,$0.2282
BUD,GSP,"3,213",$594.01,"5,115 mi",9,$0.1161
NCL,GIG,"3,213","$1,089.26","6,088 mi",9,$0.1789
MAN,EVE,"3,211",$128.00,"1,177 mi",9,$0.1088
LGW,KBV,"3,209",$702.60,"6,361 mi",9,$0.1105
AMS,BZG,"3,208",$147.69,572 mi,9,$0.2582
ZRH,SAV,"3,208",$988.11,"4,475 mi",9,$0.2208
HEL,SJJ,"3,208",$178.92,"1,137 mi",9,$0.1574
BHX,DMM,"3,207",$534.13,"3,285 mi",9,$0.1626
OSL,AUH,"3,206",$349.98,"3,124 mi",9,$0.1120
GOT,MRU,"3,205",$422.13,"6,172 mi",9,$0.0684
LHR,ELQ,"3,204",$264.45,"2,967 mi",9,$0.0891
BHX,AUH,"3,203",$293.97,"3,600 mi",9,$0.0817
EDI,BGI,"3,203",$856.39,"4,058 mi",9,$0.2110
DUB,RNO,"3,203",$925.31,"4,751 mi",9,$0.1948
CDG,KBL,"3,202",$578.63,"3,562 mi",9,$0.1624
CDG,DAB,"3,202",$808.59,"4,317 mi",9,$0.1873
BUD,DAC,"3,201",$667.74,"4,281 mi",9,$0.1560
CDG,TKU,"3,201",$219.94,"1,142 mi",9,$0.1926
HEL,TRS,"3,199",$289.29,"1,072 mi",9,$0.2699
CDG,CBR,"3,198","$1,877.23","10,190 mi",9,$0.1842
LGW,TNA,"3,198",$248.63,"5,117 mi",9,$0.0486
CDG,SJD,"3,197",$771.91,"5,770 mi",9,$0.1338
FCO,DLM,"3,197",$235.38,980 mi,9,$0.2402
FCO,MBJ,"3,197",$515.85,"5,221 mi",9,$0.0988
NAP,CCS,"3,197",$445.10,"5,128 mi",9,$0.0868
STN,HYD,"3,197",$577.03,"4,643 mi",9,$0.1243
MAD,CGR,"3,196",$715.75,"5,179 mi",9,$0.1382
BUD,YOW,"3,195",$394.04,"4,096 mi",9,$0.0962
FCO,XNA,"3,193",$697.22,"5,167 mi",9,$0.1349
ZAG,DFW,"3,192",$675.08,"5,418 mi",9,$0.1246
OSL,AUS,"3,191",$699.16,"4,869 mi",9,$0.1436
BHX,DTW,"3,191",$812.75,"3,568 mi",9,$0.2278
HEL,ESB,"3,190",$205.81,"1,480 mi",9,$0.1391
BHX,MIA,"3,190",$543.06,"4,484 mi",9,$0.1211
EDI,BEG,"3,190",$224.60,"1,324 mi",9,$0.1696
CPH,ZTH,"3,189",$140.16,"1,332 mi",9,$0.1052
LHR,CXR,"3,187",$497.03,"6,195 mi",9,$0.0802
AMS,CAY,"3,187",$776.60,"4,739 mi",9,$0.1639
CDG,CAE,"3,186",$702.86,"4,357 mi",9,$0.1613
GOT,DEN,"3,186",$954.14,"4,637 mi",9,$0.2058
OSL,MCT,"3,186",$297.19,"3,482 mi",9,$0.0854
ZRH,TNG,"3,186",$341.08,"1,132 mi",9,$0.3013
EDI,RZE,"3,185",$103.39,"1,156 mi",9,$0.0894
MAD,TGD,"3,183",$196.23,"1,150 mi",9,$0.1706
DME,MAA,"3,182",$659.87,"3,587 mi",9,$0.1840
BCN,DUR,"3,181",$532.90,"5,082 mi",9,$0.1049
MAN,CUR,"3,180",$762.88,"4,726 mi",9,$0.1614
SOF,CMN,"3,180",$330.95,"1,847 mi",9,$0.1792
HEL,PLQ,"3,179",$94.92,321 mi,9,$0.2957
ZAG,BGO,"3,178",$224.88,"1,131 mi",9,$0.1988
PMI,SPC,"3,178",$270.67,"1,431 mi",9,$0.1891
ZRH,BIQ,"3,178",$295.60,577 mi,9,$0.5123
MAN,DIY,"3,177",$220.74,"2,201 mi",9,$0.1003
FCO,AGA,"3,176",$137.40,"1,482 mi",9,$0.0927
NCL,DTW,"3,175","$1,039.64","3,718 mi",9,$0.2796
SOF,RUH,"3,173",$389.12,"1,748 mi",9,$0.2226
WAW,PMO,"3,173",$237.56,"1,007 mi",9,$0.2359
MAN,DSS,"3,172",$544.38,"2,708 mi",9,$0.2010
SOF,MCO,"3,172",$536.34,"5,755 mi",9,$0.0932
GOT,BRE,"3,171",$289.80,357 mi,9,$0.8118
MAD,YHZ,"3,170",$413.42,"2,900 mi",9,$0.1426
BCN,SYR,"3,170",$601.76,"3,734 mi",9,$0.1612
ARN,KOK,"3,169",$195.28,319 mi,9,$0.6122
LHR,XRY,"3,168",$462.62,"1,022 mi",9,$0.4527
CDG,ONT,"3,167",$811.32,"5,792 mi",9,$0.1401
BOD,SJO,"3,166",$530.16,"5,253 mi",9,$0.1009
DUB,ABV,"3,166",$542.77,"3,255 mi",9,$0.1667
GOT,TLS,"3,165",$234.73,"1,046 mi",9,$0.2244
DME,NRT,"3,164","$1,463.31","4,528 mi",9,$0.3232
ATH,GEG,"3,164",$738.10,"5,885 mi",9,$0.1254
FCO,NVT,"3,164",$761.21,"5,947 mi",9,$0.1280
STN,SKT,"3,163",$500.76,"3,954 mi",9,$0.1266
VIE,UIO,"3,163",$681.61,"6,258 mi",9,$0.1089
PMI,OMR,"3,162",$127.24,"1,122 mi",9,$0.1134
MAN,ROC,"3,162",$455.52,"3,273 mi",9,$0.1392
GVA,KTW,"3,161",$165.18,682 mi,9,$0.2422
AMS,ICT,"3,160",$893.05,"4,810 mi",9,$0.1857
OTP,AUS,"3,160",$730.86,"5,991 mi",9,$0.1220
MRS,RMU,"3,159",$166.09,497 mi,9,$0.3342
VKO,SKP,"3,158",$277.75,"1,140 mi",9,$0.2436
LIS,DUR,"3,158",$556.67,"5,551 mi",9,$0.1003
NCL,RUH,"3,158",$856.72,"3,295 mi",9,$0.2600
GVA,VFA,"3,155",$500.14,"4,475 mi",9,$0.1118
ZAG,GIG,"3,155",$916.73,"6,199 mi",9,$0.1479
AGP,HGH,"3,153",$190.97,"6,797 mi",9,$0.0281
BCN,DAR,"3,153",$522.36,"4,195 mi",9,$0.1245
VCE,SEZ,"3,153",$436.09,"4,234 mi",9,$0.1030
ARN,KAJ,"3,152",$144.18,436 mi,9,$0.3307
ARN,KGS,"3,152",$230.56,"1,582 mi",9,$0.1457
LHR,KNO,"3,152","$1,001.56","6,228 mi",9,$0.1608
BCN,PUS,"3,152",$530.31,"5,986 mi",9,$0.0886
DUB,SRQ,"3,152",$736.01,"4,293 mi",9,$0.1714
LHR,GMP,"3,152",$816.58,"5,675 mi",9,$0.1439
ZRH,ABJ,"3,152",$845.02,"3,098 mi",9,$0.2728
LHR,MHD,"3,151",$297.29,"2,985 mi",9,$0.0996
CDG,THD,"3,151",$443.28,"5,574 mi",9,$0.0795
PMI,CRA,"3,150",$121.20,"1,166 mi",9,$0.1039
NAP,CPT,"3,150",$765.33,"5,334 mi",9,$0.1435
PRG,VGO,"3,149",$248.08,"1,180 mi",9,$0.2102
LGW,PLQ,"3,147",$137.34,902 mi,9,$0.1523
ATH,MKE,"3,146",$664.12,"5,566 mi",9,$0.1193
MAD,AXD,"3,146",$277.22,"1,494 mi",9,$0.1856
LHR,JNU,"3,146",$911.77,"4,554 mi",9,$0.2002
NTE,BOG,"3,146",$465.00,"5,008 mi",9,$0.0929
PRG,CEB,"3,146",$519.76,"6,322 mi",9,$0.0822
VCE,MEM,"3,145",$651.23,"4,914 mi",9,$0.1325
ATH,PUS,"3,145",$806.44,"5,636 mi",9,$0.1431
ZAG,DEN,"3,145",$567.48,"5,317 mi",9,$0.1067
PMI,GIG,"3,144","$1,066.45","5,387 mi",9,$0.1980
FCO,CUR,"3,144",$510.15,"5,365 mi",9,$0.0951
BOD,MCO,"3,142",$734.17,"4,292 mi",9,$0.1711
CDG,PVR,"3,142",$643.56,"5,728 mi",9,$0.1124
MAN,DRS,"3,142",$255.66,673 mi,9,$0.3799
MRS,KEF,"3,142",$285.71,"1,843 mi",9,$0.1550
BRU,BKO,"3,141",$275.00,"2,824 mi",9,$0.0974
EDI,BAH,"3,140",$534.72,"3,456 mi",9,$0.1547
WAW,DAR,"3,140",$305.21,"4,346 mi",9,$0.0702
ZRH,TSR,"3,139",$161.70,598 mi,9,$0.2704
SOF,FLR,"3,139",$155.05,637 mi,9,$0.2434
FCO,HRE,"3,138",$569.13,"4,428 mi",9,$0.1285
AMS,MPM,"3,137",$597.17,"5,490 mi",9,$0.1088
LCY,SPU,"3,137",$282.96,961 mi,9,$0.2944
GVA,AAL,"3,137",$218.55,744 mi,9,$0.2938
OSL,RNB,"3,137",$162.85,302 mi,9,$0.5392
ATH,REC,"3,136",$901.43,"5,090 mi",9,$0.1771
CDG,TIV,"3,136",$204.70,874 mi,9,$0.2342
CDG,UIH,"3,135",$693.04,"6,027 mi",9,$0.1150
LHR,BJX,"3,135",$561.06,"5,711 mi",9,$0.0982
FCO,GSO,"3,134",$737.16,"4,861 mi",9,$0.1516
MXP,OVD,"3,134",$343.49,717 mi,9,$0.4791
CDG,ECN,"3,133",$174.97,"1,779 mi",9,$0.0984
GVA,MBA,"3,132",$431.10,"4,153 mi",9,$0.1038
ZRH,OGG,"3,131",$687.70,"7,850 mi",9,$0.0876
CDG,SWF,"3,131",$448.06,"3,495 mi",9,$0.1282
DME,NJC,"3,131",$143.15,"1,476 mi",9,$0.0970
BRU,CAG,"3,130",$223.80,860 mi,9,$0.2602
PMI,FAO,"3,129",$214.51,588 mi,9,$0.3648
LHR,DAL,"3,129","$1,026.22","4,876 mi",9,$0.2105
LYS,BGO,"3,129",$203.56,977 mi,9,$0.2084
EDI,AES,"3,128",$353.21,582 mi,9,$0.6069
CPH,LEJ,"3,127",$339.10,281 mi,9,$1.2068
LED,MJZ,"3,126",$259.38,"2,522 mi",9,$0.1028
OSL,EVN,"3,125",$228.57,"1,924 mi",9,$0.1188
PRG,KRS,"3,125",$197.11,594 mi,9,$0.3318
OTP,BAH,"3,124",$482.23,"1,915 mi",9,$0.2518
ARN,PTP,"3,123",$511.09,"5,032 mi",9,$0.1016
GOT,LJU,"3,123",$239.27,820 mi,9,$0.2918
LIS,SEZ,"3,123",$773.33,"5,241 mi",9,$0.1476
VIE,NGO,"3,123",$737.20,"5,454 mi",9,$0.1352
ZRH,KUO,"3,122",$315.89,"1,264 mi",9,$0.2499
WAW,BOO,"3,122",$149.43,"1,099 mi",9,$0.1360
BCN,SNA,"3,120",$874.16,"5,825 mi",9,$0.1501
LGW,ESB,"3,119",$211.15,"1,702 mi",9,$0.1241
PMI,VBY,"3,119",$231.85,"1,389 mi",9,$0.1669
AMS,MAO,"3,118",$438.41,"5,509 mi",9,$0.0796
BCN,GSP,"3,117",$610.36,"4,287 mi",9,$0.1424
MAD,AUA,"3,117",$752.96,"4,560 mi",9,$0.1651
STN,SZF,"3,117",$243.94,"1,795 mi",9,$0.1359
MAN,ALG,"3,116",$297.23,"1,146 mi",9,$0.2594
BCN,MKE,"3,116",$580.13,"4,502 mi",9,$0.1289
WAW,AES,"3,115",$224.67,929 mi,9,$0.2418
ZRH,UBN,"3,114",$547.15,"4,114 mi",9,$0.1330
VCE,UIO,"3,113",$517.82,"6,446 mi",9,$0.0803
MXP,LFW,"3,112",$261.99,"2,846 mi",9,$0.0921
MRS,AUH,"3,112",$531.36,"3,161 mi",9,$0.1681
BCN,USM,"3,111",$543.48,"6,378 mi",9,$0.0852
PRG,HAV,"3,110",$480.76,"5,454 mi",9,$0.0881
BUD,GIG,"3,110",$838.15,"6,395 mi",9,$0.1311
OSL,BNA,"3,110",$498.61,"4,468 mi",9,$0.1116
ORY,YYZ,"3,109",$175.06,"3,855 mi",9,$0.0454
DUB,YLW,"3,109",$409.40,"4,178 mi",9,$0.0980
DUB,SZX,"3,107",$612.35,"5,903 mi",9,$0.1037
LYS,ORY,"3,107",$125.11,250 mi,9,$0.5004
VKO,MRU,"3,107",$556.47,"5,550 mi",9,$0.1003
MXP,KTW,"3,106",$142.87,566 mi,9,$0.2524
HEL,OSD,"3,106",$112.68,383 mi,9,$0.2942
VCE,HNL,"3,106",$835.25,"8,011 mi",9,$0.1043
BRU,WUH,"3,102",$253.45,"5,524 mi",8,$0.0459
CDG,JOE,"3,102",$343.63,"1,434 mi",8,$0.2396
ZRH,KGL,"3,102",$341.91,"3,546 mi",8,$0.0964
ARN,CLJ,"3,100",$206.03,948 mi,8,$0.2173
BUD,RSW,"3,100",$584.17,"5,205 mi",8,$0.1122
OTP,MSP,"3,100",$648.19,"5,069 mi",8,$0.1279
GLA,PHX,"3,099",$757.40,"5,100 mi",8,$0.1485
BOD,ICN,"3,099",$772.93,"6,042 mi",8,$0.1279
VIE,DAD,"3,099",$492.02,"5,307 mi",8,$0.0927
NCL,CRL,"3,096",$58.71,395 mi,8,$0.1486
SOF,IAH,"3,096",$790.80,"5,906 mi",8,$0.1339
VIE,CVG,"3,096",$696.53,"4,585 mi",8,$0.1519
ARN,QKL,"3,096",$222.08,716 mi,8,$0.3102
VIE,FLL,"3,096",$718.10,"5,034 mi",8,$0.1426
BOD,PEK,"3,095","$1,031.62","5,239 mi",8,$0.1969
FCO,NAS,"3,095",$534.67,"4,920 mi",8,$0.1087
LYS,HAV,"3,095",$389.96,"4,831 mi",8,$0.0807
NCL,BLR,"3,093",$690.22,"4,902 mi",8,$0.1408
OTP,ASR,"3,093",$138.00,647 mi,8,$0.2133
GOT,NRT,"3,092",$663.48,"5,157 mi",8,$0.1287
PMI,ZAD,"3,092",$203.95,698 mi,8,$0.2922
CDG,DAY,"3,091",$761.65,"4,211 mi",8,$0.1809
LHR,LPB,"3,090",$861.03,"6,389 mi",8,$0.1348
SOF,MEX,"3,090",$736.08,"7,004 mi",8,$0.1051
VIE,LPL,"3,090",$110.41,891 mi,8,$0.1239
ZAG,MCO,"3,090",$434.73,"5,323 mi",8,$0.0817
MXP,AES,"3,089",$225.69,"1,139 mi",8,$0.1981
ZAG,CUN,"3,089",$507.73,"5,604 mi",8,$0.0906
HEL,KRN,"3,088",$115.61,553 mi,8,$0.2091
WAW,SAW,"3,088",$205.77,898 mi,8,$0.2291
EDI,TOS,"3,088",$227.05,"1,132 mi",8,$0.2006
CPH,KHI,"3,087",$261.19,"3,341 mi",8,$0.0782
EDI,LIM,"3,087",$745.33,"6,105 mi",8,$0.1221
LHR,GRX,"3,087",$302.02,970 mi,8,$0.3114
NCL,CGN,"3,086",$111.25,481 mi,8,$0.2313
ATH,KRS,"3,086",$320.77,"1,618 mi",8,$0.1983
BCN,TUL,"3,086",$651.17,"4,838 mi",8,$0.1346
LYS,PHL,"3,085",$416.28,"4,035 mi",8,$0.1032
SOF,CAN,"3,085",$587.74,"5,288 mi",8,$0.1111
HEL,ADB,"3,085",$183.29,"1,571 mi",8,$0.1167
NCE,MAA,"3,085",$566.87,"4,610 mi",8,$0.1230
PRG,KTT,"3,083",$280.98,"1,231 mi",8,$0.2283
AMS,FDF,"3,083",$396.85,"4,537 mi",8,$0.0875
LED,BSR,"3,082",$529.48,"2,111 mi",8,$0.2508
LIS,ECN,"3,082",$284.55,"2,275 mi",8,$0.1251
NCE,PIT,"3,082",$687.86,"4,141 mi",8,$0.1661
BCN,NAV,"3,081",$248.61,"1,767 mi",8,$0.1407
MXP,YHZ,"3,081",$371.88,"3,286 mi",8,$0.1132
ZRH,PLZ,"3,081",$765.65,"5,554 mi",8,$0.1379
DBV,YVR,"3,080",$670.38,"5,510 mi",8,$0.1217
GVA,FRU,"3,080",$283.51,"3,359 mi",8,$0.0844
MAD,MPM,"3,080",$638.42,"5,296 mi",8,$0.1205
LYS,VIL,"3,080",$118.29,"1,862 mi",8,$0.0635
BUD,KTM,"3,079",$371.99,"3,633 mi",8,$0.1024
DUB,ALG,"3,079",$289.43,"1,279 mi",8,$0.2263
AMS,SBW,"3,079",$756.59,"7,016 mi",8,$0.1078
MAD,MLH,"3,079",$141.26,759 mi,8,$0.1861
LGW,CSX,"3,078",$267.38,"5,460 mi",8,$0.0490
MXP,PDV,"3,078",$41.64,814 mi,8,$0.0512
AMS,JAN,"3,078",$951.80,"4,818 mi",8,$0.1976
CDG,MSO,"3,078",$821.58,"4,945 mi",8,$0.1661
LYS,LFW,"3,078",$369.84,"2,661 mi",8,$0.1390
WAW,CLE,"3,077",$612.83,"4,366 mi",8,$0.1404
DUB,YXE,"3,077",$325.75,"3,711 mi",8,$0.0878
MXP,NCL,"3,077",$255.64,770 mi,8,$0.3320
MXP,DLA,"3,076",$323.34,"2,790 mi",8,$0.1159
DBV,NRT,"3,076",$735.72,"5,734 mi",8,$0.1283
LIS,YTZ,"3,076",$140.50,"3,450 mi",8,$0.0407
PMI,KTT,"3,075",$344.70,"2,182 mi",8,$0.1580
BRU,VIL,"3,075",$180.69,"2,106 mi",8,$0.0858
LHR,SCR,"3,074",$103.93,863 mi,8,$0.1204
ORY,PTY,"3,072",$340.89,"5,212 mi",8,$0.0654
BOD,HKT,"3,071",$336.19,"6,072 mi",8,$0.0554
PRG,JAX,"3,071",$601.32,"4,732 mi",8,$0.1271
VCE,CCS,"3,070",$372.40,"5,027 mi",8,$0.0741
MRS,TPE,"3,069",$805.79,"6,021 mi",8,$0.1338
VIE,JER,"3,069",$332.73,832 mi,8,$0.3999
OTP,ORF,"3,068",$737.90,"4,862 mi",8,$0.1518
VCE,ACE,"3,068",$208.95,"1,762 mi",8,$0.1186
NCE,POZ,"3,067",$176.04,727 mi,8,$0.2421
ORY,PKX,"3,067",$82.02,"4,978 mi",8,$0.0165
FCO,CTU,"3,065",$362.62,"5,077 mi",8,$0.0714
ZRH,PNQ,"3,065",$751.55,"4,261 mi",8,$0.1764
PRG,BUS,"3,063",$162.46,"1,473 mi",8,$0.1103
WAW,UBN,"3,063",$364.66,"3,495 mi",8,$0.1043
AMS,DAY,"3,061",$571.43,"3,950 mi",8,$0.1447
ZRH,SBZ,"3,061",$336.82,723 mi,8,$0.4659
CDG,STI,"3,060",$432.35,"4,324 mi",8,$0.1000
LIS,ABQ,"3,060",$610.52,"5,262 mi",8,$0.1160
WAW,PHL,"3,060",$849.61,"4,476 mi",8,$0.1898
MRS,DLA,"3,059",$493.03,"2,820 mi",8,$0.1748
CDG,ECP,"3,058",$872.78,"4,737 mi",8,$0.1842
MXP,NVT,"3,057",$769.62,"6,351 mi",8,$0.1212
WAW,SXB,"3,057",$351.24,657 mi,8,$0.5346
ATH,TAO,"3,057",$698.65,"4,875 mi",8,$0.1433
HEL,CFU,"3,057",$191.87,"1,491 mi",8,$0.1287
LHR,YNT,"3,056",$438.87,"5,497 mi",8,$0.0798
LIS,RIC,"3,056",$541.90,"3,723 mi",8,$0.1456
ARN,BRS,"3,055",$275.45,"1,011 mi",8,$0.2725
SVO,MAA,"3,055",$372.81,"3,624 mi",8,$0.1029
AMS,PLZ,"3,054",$667.79,"6,277 mi",8,$0.1064
MAN,PIT,"3,053",$870.12,"3,485 mi",8,$0.2497
DUB,MKE,"3,053",$719.21,"3,727 mi",8,$0.1930
MRS,BEG,"3,053",$263.28,731 mi,8,$0.3602
LHR,WUX,"3,052",$493.52,"5,508 mi",8,$0.0896
CPH,STL,"3,051",$629.86,"4,379 mi",8,$0.1438
GLA,GIB,"3,051",$408.62,"1,404 mi",8,$0.2910
PRG,OVD,"3,050",$337.32,"1,024 mi",8,$0.3294
VIE,MVD,"3,050",$789.92,"7,047 mi",8,$0.1121
ZRH,INV,"3,050",$322.97,846 mi,8,$0.3818
MXP,TER,"3,048",$141.64,"1,821 mi",8,$0.0778
MAN,ECN,"3,047",$240.44,"2,199 mi",8,$0.1093
BRU,MQM,"3,046",$130.47,"2,061 mi",8,$0.0633
LED,TUN,"3,046",$225.30,"1,872 mi",8,$0.1204
OTP,DLM,"3,046",$108.78,578 mi,8,$0.1882
LGW,VVI,"3,046",$405.63,"6,258 mi",8,$0.0648
MAD,HUY,"3,046",$351.72,943 mi,8,$0.3730
VKO,IAH,"3,046","$1,768.83","6,074 mi",8,$0.2912
VCE,BHD,"3,045",$290.20,"1,050 mi",8,$0.2764
CDG,YNT,"3,043",$456.18,"5,204 mi",8,$0.0877
LHR,EYW,"3,041",$789.81,"4,406 mi",8,$0.1793
OTP,PRN,"3,040",$327.63,280 mi,8,$1.1701
AMS,BSR,"3,039","$1,168.33","2,547 mi",8,$0.4587
GOT,DFW,"3,039",$560.87,"4,820 mi",8,$0.1164
LIS,SSH,"3,038",$326.59,"2,515 mi",8,$0.1299
MAN,YHZ,"3,038",$391.67,"2,823 mi",8,$0.1387
LYS,LEJ,"3,037",$248.64,527 mi,8,$0.4718
MAD,AMD,"3,037",$568.43,"4,631 mi",8,$0.1227
NCE,VBY,"3,035",$158.27,"1,048 mi",8,$0.1510
PMI,MGA,"3,033",$544.10,"5,460 mi",8,$0.0997
BCN,COV,"3,032",$326.17,"1,838 mi",8,$0.1775
LIS,MCT,"3,032",$596.78,"3,909 mi",8,$0.1527
ATH,KLX,"3,031",$83.75,117 mi,8,$0.7158
CDG,ILM,"3,030",$872.57,"4,199 mi",8,$0.2078
PRG,YEG,"3,030",$504.45,"4,815 mi",8,$0.1048
NTE,CUN,"3,029",$411.12,"5,095 mi",8,$0.0807
NTE,HAJ,"3,029",$323.48,641 mi,8,$0.5046
CDG,MDZ,"3,028",$745.41,"6,935 mi",8,$0.1075
SOF,CLJ,"3,027",$166.38,275 mi,8,$0.6050
BUD,SHE,"3,026",$257.15,"4,596 mi",8,$0.0560
NAP,BGO,"3,026",$348.79,"1,438 mi",8,$0.2426
ZRH,PUS,"3,024",$955.80,"5,473 mi",8,$0.1746
ARN,CLO,"3,024",$476.85,"5,972 mi",8,$0.0798
FCO,FSD,"3,023",$561.13,"5,231 mi",8,$0.1073
SVO,MEL,"3,023",$573.95,"9,232 mi",8,$0.0622
LED,HAJ,"3,022",$182.98,963 mi,8,$0.1900
DUB,UME,"3,022",$199.74,"1,145 mi",8,$0.1744
NCL,BGI,"3,021",$889.59,"4,350 mi",8,$0.2045
OSL,MED,"3,021",$251.66,"2,900 mi",8,$0.0868
PRG,ECN,"3,018",$89.48,"1,455 mi",8,$0.0615
LHR,YXX,"3,018",$272.14,"4,838 mi",8,$0.0563
LIS,VRN,"3,017",$238.12,"1,086 mi",8,$0.2193
LIS,RZE,"3,016",$288.16,"1,657 mi",8,$0.1739
VIE,PNH,"3,015",$565.82,"5,381 mi",8,$0.1052
VIE,VGO,"3,015",$371.85,"1,247 mi",8,$0.2982
FCO,BJX,"3,013",$567.56,"6,190 mi",8,$0.0917
BOD,VKO,"3,013",$701.73,"1,862 mi",8,$0.3769
FCO,GZT,"3,013",$142.02,"1,342 mi",8,$0.1058
VKO,SGN,"3,013",$251.76,"4,658 mi",8,$0.0540
AGP,AGH,"3,012",$201.88,"1,624 mi",8,$0.1243
BRU,AXD,"3,010",$485.85,"1,274 mi",8,$0.3814
EDI,ACC,"3,009",$501.33,"3,379 mi",8,$0.1484
OTP,BNE,"3,008","$1,072.36","9,587 mi",8,$0.1119
AGP,COR,"3,007",$481.19,"6,261 mi",8,$0.0769
VCE,SVG,"3,007",$243.99,994 mi,8,$0.2455
FCO,DAY,"3,006",$578.28,"4,605 mi",8,$0.1256
LHR,TNG,"3,006",$328.42,"1,087 mi",8,$0.3021
OSL,HGH,"3,005",$471.26,"5,185 mi",8,$0.0909
LIS,EAS,"3,004",$307.65,481 mi,8,$0.6396
VIE,EMA,"3,003",$45.79,824 mi,8,$0.0556
VKO,GRU,"3,002","$1,602.04","7,525 mi",8,$0.2129
BRU,PAS,"3,002",$261.20,"1,438 mi",8,$0.1816
AMS,VPS,"3,001","$1,021.01","4,773 mi",8,$0.2139
CDG,DLI,"3,001",$572.34,"6,492 mi",8,$0.0882
CPH,ABV,"3,001",$547.18,"3,137 mi",8,$0.1744
BUD,MSY,"3,000",$565.05,"5,698 mi",8,$0.0992
GLA,AUS,"3,000",$641.30,"4,776 mi",8,$0.1343
WAW,LAD,"3,000",$629.45,"4,114 mi",8,$0.1530
BRU,TER,"2,999",$131.91,"1,689 mi",8,$0.0781
EDI,SAT,"2,999",$690.82,"4,880 mi",8,$0.1416
ZAG,JED,"2,999",$335.59,"2,174 mi",8,$0.1544
PMI,IAS,"2,998",$233.66,"1,389 mi",8,$0.1682
ARN,ORK,"2,997",$300.74,"1,115 mi",8,$0.2697
CDG,DIY,"2,997",$221.74,"1,953 mi",8,$0.1135
GLA,CAN,"2,997",$346.77,"5,689 mi",8,$0.0610
GLA,CMB,"2,997",$543.87,"5,756 mi",8,$0.0945
BOD,SDQ,"2,997",$259.35,"4,177 mi",8,$0.0621
GVA,PEI,"2,997",$573.83,"5,757 mi",8,$0.0997
BRU,ITM,"2,996","$1,784.37","5,983 mi",8,$0.2982
LHR,CAG,"2,996",$333.79,990 mi,8,$0.3372
ATH,YYJ,"2,995",$585.99,"6,312 mi",8,$0.0928
ARN,DRS,"2,994",$285.94,628 mi,8,$0.4553
FCO,DUR,"2,994",$577.63,"4,927 mi",8,$0.1172
DBV,TLS,"2,994",$170.09,828 mi,8,$0.2054
GLA,SVG,"2,994",$546.96,441 mi,8,$1.2403
BCN,KMG,"2,993",$356.26,"5,782 mi",8,$0.0616
ZRH,AES,"2,992",$204.69,"1,078 mi",8,$0.1899
BUD,YEG,"2,991",$471.03,"5,094 mi",8,$0.0925
VIE,OKA,"2,991",$441.49,"5,942 mi",8,$0.0743
NAP,MSY,"2,990",$738.61,"5,404 mi",8,$0.1367
AMS,TSR,"2,989",$184.41,845 mi,8,$0.2182
PMI,EVN,"2,989",$267.56,"2,123 mi",8,$0.1260
CPH,PNH,"2,989",$509.73,"5,477 mi",8,$0.0931
BOD,DEL,"2,988",$487.33,"4,159 mi",8,$0.1172
DUB,CNF,"2,988",$772.13,"5,691 mi",8,$0.1357
NCL,BIO,"2,988",$318.04,789 mi,8,$0.4031
CDG,HAK,"2,988",$526.77,"5,772 mi",8,$0.0913
LIS,VAR,"2,987",$285.73,"1,877 mi",8,$0.1522
PMI,DFW,"2,987","$1,279.87","5,433 mi",8,$0.2356
NAP,CVG,"2,986",$874.01,"5,073 mi",8,$0.1723
CDG,NIM,"2,985",$303.23,"2,529 mi",8,$0.1199
CPH,MGQ,"2,984",$374.59,"4,002 mi",8,$0.0936
MXP,SLZ,"2,984",$928.02,"4,777 mi",8,$0.1943
MAN,HAU,"2,983",$221.85,488 mi,8,$0.4546
MXP,SCO,"2,983",$306.32,"1,996 mi",8,$0.1535
LIS,SZX,"2,981",$469.56,"6,611 mi",8,$0.0710
EDI,RIC,"2,980",$461.44,"3,640 mi",8,$0.1268
VCE,SZX,"2,980",$452.67,"5,469 mi",8,$0.0828
ZRH,RIC,"2,980",$680.88,"4,077 mi",8,$0.1670
BHX,TPE,"2,979",$781.51,"6,259 mi",8,$0.1249
ATH,ACC,"2,978",$524.27,"2,780 mi",8,$0.1886
ATH,FNC,"2,976",$234.90,"2,237 mi",8,$0.1050
PMI,FOC,"2,975",$374.72,"6,168 mi",8,$0.0608
STN,MNL,"2,975",$842.49,"6,450 mi",8,$0.1306
BRU,EBL,"2,974",$180.38,"2,252 mi",8,$0.0801
LYS,COO,"2,973",$325.93,"2,807 mi",8,$0.1161
OTP,AAL,"2,973",$469.60,"1,080 mi",8,$0.4348
DME,GDX,"2,973",$301.24,"3,551 mi",8,$0.0848
GOT,IAH,"2,972",$808.94,"4,933 mi",8,$0.1640
BUD,TSA,"2,970",$324.17,"5,660 mi",8,$0.0573
CDG,CJU,"2,970",$455.73,"5,603 mi",8,$0.0813
VCE,NUE,"2,969",$336.20,274 mi,8,$1.2270
ARN,LEJ,"2,968",$317.29,627 mi,8,$0.5060
PRG,RSW,"2,968",$717.55,"4,931 mi",8,$0.1455
MAD,KRS,"2,967",$317.26,"1,367 mi",8,$0.2321
LCY,BLL,"2,966",$276.73,487 mi,8,$0.5682
LIS,CKY,"2,965",$373.42,"1,975 mi",8,$0.1891
VIE,SKD,"2,964",$256.88,"2,452 mi",8,$0.1048
BCN,NAT,"2,964",$524.50,"4,142 mi",8,$0.1266
BGY,DMM,"2,964",$169.69,"2,488 mi",8,$0.0682
NTE,DXB,"2,964",$898.15,"3,324 mi",8,$0.2702
LHR,BIQ,"2,963",$314.95,539 mi,8,$0.5843
BGY,BJV,"2,963",$280.34,"1,060 mi",8,$0.2645
ARN,ALA,"2,962",$205.16,"2,750 mi",8,$0.0746
OTP,ADD,"2,962",$492.32,"2,497 mi",8,$0.1972
VKO,LYP,"2,962",$510.09,"2,333 mi",8,$0.2186
BOD,MSP,"2,962",$713.04,"4,129 mi",8,$0.1727
GOT,NCL,"2,962",$334.51,547 mi,8,$0.6115
LGW,VNO,"2,962",$139.27,"1,050 mi",8,$0.1326
NAP,TBS,"2,961",$220.51,"1,537 mi",8,$0.1435
BHX,EBB,"2,960",$317.46,"4,248 mi",8,$0.0747
CPH,RUN,"2,960",$477.93,"6,028 mi",8,$0.0793
HEL,ZNZ,"2,960",$397.80,"4,802 mi",8,$0.0828
LCY,ACC,"2,959",$404.30,"3,076 mi",8,$0.1314
PMI,OLB,"2,959",$232.85,380 mi,8,$0.6128
BOD,HAN,"2,958",$436.35,"5,773 mi",8,$0.0756
NCE,BOO,"2,958",$226.99,"1,702 mi",8,$0.1334
LGW,HRB,"2,958",$330.73,"4,877 mi",8,$0.0678
LYS,MAA,"2,958",$513.99,"4,716 mi",8,$0.1090
MAN,MPL,"2,958",$342.33,754 mi,8,$0.4540
BUD,SCL,"2,957",$936.33,"7,636 mi",8,$0.1226
CDG,BJX,"2,957",$558.70,"5,906 mi",8,$0.0946
DUB,MMX,"2,957",$192.22,823 mi,8,$0.2336
CDG,BIL,"2,956",$936.11,"4,830 mi",8,$0.1938
CDG,PWM,"2,955",$877.30,"3,461 mi",8,$0.2535
BRU,KBV,"2,954",$383.83,"5,800 mi",8,$0.0662
AMS,KAO,"2,954",$202.62,"1,304 mi",8,$0.1554
ZRH,GDL,"2,953",$543.68,"5,945 mi",8,$0.0915
MAD,COV,"2,952",$240.81,"2,144 mi",8,$0.1123
ARN,MHD,"2,952",$259.55,"2,526 mi",8,$0.1028
BRU,AAR,"2,952",$191.79,436 mi,8,$0.4399
BRU,SAL,"2,952",$454.25,"5,822 mi",8,$0.0780
DUB,OUL,"2,950",$267.24,"1,390 mi",8,$0.1923
GVA,PIT,"2,950",$846.76,"4,258 mi",8,$0.1989
MXP,BUF,"2,950",$646.59,"4,224 mi",8,$0.1531
NAP,AYT,"2,947",$202.59,956 mi,8,$0.2119
MAD,OUA,"2,946",$228.60,"1,890 mi",8,$0.1210
ZAG,CPT,"2,946",$470.90,"5,344 mi",8,$0.0881
BUD,SAT,"2,946",$586.38,"6,040 mi",8,$0.0971
PRG,TFU,"2,946",$247.63,"4,512 mi",8,$0.0549
WAW,SLC,"2,946",$745.84,"5,260 mi",8,$0.1418
ZAG,SVG,"2,945",$227.41,976 mi,8,$0.2330
ATH,MRU,"2,944",$753.93,"4,727 mi",8,$0.1595
MAN,TUN,"2,944",$403.55,"1,328 mi",8,$0.3039
ZRH,BGW,"2,944",$231.34,"2,031 mi",8,$0.1139
ARN,SCR,"2,944",$40.08,208 mi,8,$0.1927
MRS,ABZ,"2,944",$376.66,974 mi,8,$0.3867
NCE,NOU,"2,944",$948.57,"10,202 mi",8,$0.0930
OSL,KWI,"2,943",$295.01,"2,653 mi",8,$0.1112
AMS,KCH,"2,942",$528.65,"6,585 mi",8,$0.0803
DBV,EZE,"2,942",$968.78,"6,995 mi",8,$0.1385
EDI,ZNZ,"2,942",$551.75,"5,077 mi",8,$0.1087
NCE,BAH,"2,942",$985.73,"2,616 mi",8,$0.3768
GVA,COO,"2,941",$451.45,"2,681 mi",8,$0.1684
LYS,KEF,"2,940",$227.01,"1,697 mi",8,$0.1338
LED,JNB,"2,939",$419.32,"5,761 mi",8,$0.0728
CDG,YXX,"2,939",$289.41,"4,766 mi",8,$0.0607
MXP,SMF,"2,937",$861.33,"6,021 mi",8,$0.1431
VIE,MSY,"2,937",$995.36,"5,564 mi",8,$0.1789
LGW,DTW,"2,936",$267.93,"3,663 mi",8,$0.0731
VCE,ABQ,"2,936",$525.84,"5,866 mi",8,$0.0896
ZRH,LBA,"2,934",$240.36,647 mi,8,$0.3715
CPH,NKG,"2,933",$431.96,"4,861 mi",8,$0.0889
FCO,KGL,"2,932",$448.31,"3,322 mi",8,$0.1350
LHR,ROB,"2,930",$916.81,"3,082 mi",8,$0.2975
AMS,CGB,"2,928",$498.78,"5,751 mi",8,$0.0867
MAD,NWI,"2,928",$359.52,846 mi,8,$0.4250
SOF,GIG,"2,927",$769.14,"6,382 mi",8,$0.1205
WAW,KHI,"2,926",$453.38,"3,140 mi",8,$0.1444
AGP,SKP,"2,926",$142.45,"1,394 mi",8,$0.1022
NTE,SIN,"2,926",$938.70,"7,082 mi",8,$0.1325
OSL,MAA,"2,926",$371.12,"4,584 mi",8,$0.0810
CPH,KRP,"2,925",$245.35,140 mi,8,$1.7525
GLA,BGO,"2,925",$430.84,452 mi,8,$0.9532
MAD,YWG,"2,925",$396.42,"4,431 mi",8,$0.0895
BUD,SMF,"2,924",$519.76,"5,836 mi",8,$0.0891
OTP,SCL,"2,924",$960.34,"7,857 mi",8,$0.1222
MAN,TAO,"2,923",$696.36,"5,506 mi",8,$0.1265
VCE,SAV,"2,923",$682.39,"4,979 mi",8,$0.1371
BHX,SBZ,"2,922",$132.59,"1,285 mi",8,$0.1032
AMS,OUD,"2,922",$178.68,"1,293 mi",8,$0.1382
LYS,VXE,"2,922",$271.55,"2,722 mi",8,$0.0998
CPH,FDF,"2,921",$416.07,"4,610 mi",8,$0.0903
ZRH,FDF,"2,921",$546.06,"4,392 mi",8,$0.1243
GVA,KHI,"2,920",$671.40,"3,741 mi",8,$0.1795
BRU,SPC,"2,920",$279.87,"1,982 mi",8,$0.1412
CPH,KBL,"2,919",$448.77,"3,101 mi",8,$0.1447
ZRH,FIH,"2,919",$386.35,"3,715 mi",8,$0.1040
SOF,BEY,"2,919",$260.33,923 mi,8,$0.2820
DUB,PEN,"2,917","$1,188.72","6,396 mi",8,$0.1859
SOF,BIO,"2,916",$225.37,"1,285 mi",8,$0.1754
CDG,SOU,"2,916",$239.70,212 mi,8,$1.1307
LHR,MDZ,"2,914",$900.14,"6,927 mi",8,$0.1299
NCL,SID,"2,913",$220.70,"2,790 mi",8,$0.0791
SVO,HOG,"2,913",$460.67,"5,710 mi",8,$0.0807
EDI,DCA,"2,912",$506.32,"3,561 mi",8,$0.1422
ATH,CRA,"2,910",$88.62,454 mi,8,$0.1952
CPH,LCG,"2,910",$223.41,"1,300 mi",8,$0.1719
DME,PEK,"2,909",$526.37,"3,486 mi",8,$0.1510
ZRH,PBI,"2,909",$949.13,"4,968 mi",8,$0.1910
AGP,PHX,"2,908","$1,041.02","5,882 mi",8,$0.1770
SVO,ZAH,"2,907",$247.53,"2,227 mi",8,$0.1111
DBV,GLA,"2,906",$206.55,"1,406 mi",8,$0.1469
EDI,SDF,"2,906",$545.45,"3,700 mi",8,$0.1474
NTE,JNB,"2,906",$560.39,"5,233 mi",8,$0.1071
BRU,JAX,"2,904",$789.27,"4,592 mi",8,$0.1719
VCE,PTY,"2,904",$593.25,"5,679 mi",8,$0.1045
LGW,CRK,"2,903",$412.61,"6,438 mi",8,$0.0641
LGW,PEW,"2,903",$390.27,"3,787 mi",8,$0.1031
VKO,ALG,"2,903",$457.96,"1,992 mi",8,$0.2299
BCN,LAD,"2,900",$713.87,"3,643 mi",8,$0.1960
AGP,SAN,"2,899","$1,132.78","6,149 mi",8,$0.1842
DUB,PRN,"2,898",$169.86,"1,499 mi",8,$0.1133
ZRH,RAI,"2,898",$270.43,"2,811 mi",8,$0.0962
GVA,TRS,"2,897",$93.65,365 mi,8,$0.2566
LHR,CFE,"2,897",$257.70,439 mi,8,$0.5870
STN,ALA,"2,897",$138.23,"3,352 mi",8,$0.0412
SOF,CUN,"2,896",$420.64,"6,010 mi",8,$0.0700
LCY,ATL,"2,894",$795.47,"4,094 mi",8,$0.1943
WAW,WNZ,"2,894",$488.52,"4,955 mi",8,$0.0986
ATH,CRP,"2,894",$745.30,"6,722 mi",8,$0.1109
VCE,TUS,"2,894",$591.58,"6,187 mi",8,$0.0956
BCN,PFO,"2,893",$272.77,"1,656 mi",8,$0.1647
VIE,AHO,"2,893",$132.97,678 mi,8,$0.1961
NCL,NQY,"2,892",$134.70,356 mi,8,$0.3784
SVO,TLV,"2,892",$311.70,"1,610 mi",8,$0.1936
EDI,ORF,"2,891",$620.54,"3,416 mi",8,$0.1817
GOT,RHO,"2,891",$182.96,"1,588 mi",8,$0.1152
LHR,DAB,"2,890",$768.06,"4,152 mi",8,$0.1850
WAW,JMK,"2,890",$279.66,"1,071 mi",8,$0.2611
AGP,AMM,"2,890",$518.98,"2,252 mi",8,$0.2305
CDG,KOJ,"2,889","$1,475.61","6,187 mi",8,$0.2385
GLA,STR,"2,889",$234.61,782 mi,8,$0.3000
CPH,HGA,"2,888",$407.41,"3,721 mi",8,$0.1095
AGP,BHD,"2,887",$365.84,"1,278 mi",8,$0.2863
SOF,DFW,"2,887",$867.82,"6,178 mi",8,$0.1405
AGP,VRN,"2,886",$218.65,970 mi,8,$0.2254
EDI,GRR,"2,886",$492.01,"3,679 mi",8,$0.1337
MRS,MCT,"2,886",$384.46,"3,384 mi",8,$0.1136
BUD,UBN,"2,886",$332.56,"3,963 mi",8,$0.0839
CDG,TYN,"2,886",$295.13,"5,230 mi",8,$0.0564
BOD,LBV,"2,885","$1,011.47","3,222 mi",8,$0.3139
CDG,BLJ,"2,883",$108.87,908 mi,8,$0.1199
PRG,BWI,"2,883",$387.21,"4,124 mi",8,$0.0939
DBV,DTW,"2,883",$569.48,"4,681 mi",8,$0.1217
FCO,SAP,"2,881",$547.79,"5,836 mi",8,$0.0939
VCE,YHZ,"2,881",$359.37,"3,653 mi",8,$0.0984
HEL,BHD,"2,881",$372.49,"1,162 mi",8,$0.3206
LHR,DUD,"2,881","$1,130.10","11,508 mi",8,$0.0982
LYS,PIS,"2,881",$30.79,229 mi,8,$0.1345
CDG,TZX,"2,880",$200.55,"1,824 mi",8,$0.1100
ARN,PHL,"2,879",$503.18,"3,878 mi",8,$0.1298
NCL,AKL,"2,879","$1,385.13","11,515 mi",8,$0.1203
SNN,IAD,"2,879",$502.87,"3,397 mi",8,$0.1480
AMS,SDL,"2,879",$187.45,871 mi,8,$0.2152
VIE,MCI,"2,878",$821.87,"4,927 mi",8,$0.1668
CDG,SYX,"2,878",$489.79,"5,815 mi",8,$0.0842
DME,BGW,"2,877",$929.27,"1,513 mi",8,$0.6142
DBV,IBZ,"2,876",$321.07,947 mi,8,$0.3390
GVA,BES,"2,874",$268.06,501 mi,8,$0.5350
DBV,ALC,"2,873",$316.07,"1,062 mi",8,$0.2976
LED,MRU,"2,873","$1,045.93","5,582 mi",8,$0.1874
LGW,DFW,"2,873",$465.70,"4,617 mi",8,$0.1009
NCL,DFW,"2,872",$848.35,"4,726 mi",8,$0.1795
MXP,SDF,"2,871",$698.60,"4,455 mi",8,$0.1568
LIS,JRO,"2,871",$530.61,"4,264 mi",8,$0.1244
FCO,AES,"2,870",$286.63,"1,500 mi",8,$0.1911
CDG,VPS,"2,869","$1,083.66","4,484 mi",8,$0.2417
SOF,LEJ,"2,869",$298.15,775 mi,8,$0.3847
EDI,VAR,"2,868",$270.32,"1,580 mi",8,$0.1711
SNN,RVN,"2,868",$77.62,"1,468 mi",8,$0.0529
GOT,TKU,"2,868",$92.51,417 mi,8,$0.2218
MXP,AGA,"2,868",$173.84,"1,397 mi",8,$0.1244
AMS,VVI,"2,866",$378.24,"6,111 mi",8,$0.0619
CDG,LOP,"2,865",$470.28,"7,511 mi",8,$0.0626
CDG,XNA,"2,865",$656.94,"4,800 mi",8,$0.1369
BHX,DUR,"2,864",$654.18,"5,827 mi",8,$0.1123
AMS,TRF,"2,863",$148.74,505 mi,8,$0.2945
ATH,DLM,"2,863",$183.20,287 mi,8,$0.6383
CDG,GYE,"2,863",$719.16,"5,809 mi",8,$0.1238
DBV,PVG,"2,863","$1,110.13","5,250 mi",8,$0.2115
HEL,TPA,"2,863",$846.60,"5,264 mi",8,$0.1608
VKO,SIN,"2,863",$483.21,"5,404 mi",8,$0.0894
NAP,MCI,"2,862",$738.11,"5,164 mi",8,$0.1429
EDI,SJO,"2,862",$582.30,"5,452 mi",8,$0.1068
ORY,NIM,"2,862",$250.44,"2,508 mi",8,$0.0999
SOF,SKG,"2,861",$120.26,147 mi,8,$0.8181
WAW,ISB,"2,861",$489.69,"2,763 mi",8,$0.1772
GOT,SAW,"2,860",$79.82,"1,422 mi",8,$0.0561
MAD,DLC,"2,859",$405.93,"6,125 mi",8,$0.0663
ORY,ORD,"2,859",$308.39,"4,020 mi",8,$0.0767
CDG,AXD,"2,859",$241.35,"1,231 mi",8,$0.1961
LIS,LBA,"2,859",$253.21,"1,067 mi",8,$0.2373
MAN,SJJ,"2,859",$141.02,"1,176 mi",8,$0.1199
BRU,KUO,"2,857",$305.41,"1,236 mi",8,$0.2471
OSL,SVQ,"2,855",$362.21,"1,793 mi",8,$0.2020
AMS,FSC,"2,853",$216.92,751 mi,8,$0.2888
VIE,NKG,"2,852",$375.03,"4,978 mi",8,$0.0753
LHR,RPR,"2,852",$368.99,"4,897 mi",8,$0.0754
CPH,RBA,"2,850",$283.20,"1,807 mi",8,$0.1567
LHR,TAK,"2,850","$1,914.94","5,728 mi",8,$0.3343
VKO,EYK,"2,850",$124.09,"1,121 mi",8,$0.1107
DME,LGK,"2,849",$572.43,"4,915 mi",8,$0.1165
EDI,PRN,"2,849",$179.56,"1,381 mi",8,$0.1300
DUB,FSD,"2,847",$451.76,"3,796 mi",8,$0.1190
MAD,SDF,"2,846",$759.83,"4,097 mi",8,$0.1855
BCN,YLW,"2,846",$453.03,"5,050 mi",8,$0.0897
FCO,PRN,"2,846",$145.43,439 mi,8,$0.3313
MXP,MDZ,"2,846",$766.25,"7,044 mi",8,$0.1088
AGP,CHQ,"2,845",$268.02,"1,547 mi",8,$0.1733
BCN,PBM,"2,844",$985.66,"4,423 mi",8,$0.2228
LIS,BWI,"2,844",$426.83,"3,644 mi",8,$0.1171
VIE,CTS,"2,843",$489.05,"5,485 mi",8,$0.0892
AGP,AUS,"2,842",$601.24,"5,014 mi",8,$0.1199
ORY,PVK,"2,842",$100.75,"1,168 mi",8,$0.0863
ZAG,POZ,"2,842",$140.27,449 mi,8,$0.3124
LIS,HNL,"2,841",$894.77,"7,583 mi",8,$0.1180
ZRH,LLA,"2,840",$278.52,"1,385 mi",8,$0.2011
MAD,SHJ,"2,840",$163.94,"3,410 mi",8,$0.0481
ORY,LFW,"2,840",$241.11,"2,853 mi",8,$0.0845
VCE,MDE,"2,837",$450.18,"5,981 mi",8,$0.0753
LCY,OSL,"2,837",$353.09,713 mi,8,$0.4952
LHR,ASU,"2,834","$1,023.41","6,136 mi",8,$0.1668
EDI,SJJ,"2,833",$149.58,"1,307 mi",8,$0.1144
EDI,FOC,"2,832",$220.52,"6,046 mi",8,$0.0365
CDG,RGN,"2,831",$481.29,"5,666 mi",8,$0.0849
MRS,TAS,"2,831",$347.68,"3,096 mi",8,$0.1123
OTP,CLT,"2,831",$483.47,"5,125 mi",8,$0.0943
BCN,ONT,"2,830",$466.79,"5,796 mi",8,$0.0805
VCE,PDL,"2,830",$149.05,"2,076 mi",8,$0.0718
ATH,DAR,"2,830",$383.78,"3,345 mi",8,$0.1147
MAD,VAR,"2,830",$167.51,"1,568 mi",8,$0.1068
VCE,AOK,"2,829",$196.10,"1,072 mi",8,$0.1829
DUB,DAR,"2,829",$427.11,"5,082 mi",8,$0.0840
PRG,DIY,"2,829",$188.10,"1,482 mi",8,$0.1269
GVA,CMH,"2,829",$951.96,"4,394 mi",8,$0.2166
FCO,CAE,"2,828",$604.60,"5,008 mi",8,$0.1207
HEL,BNA,"2,828",$748.60,"4,598 mi",8,$0.1628
LHR,TVC,"2,827",$867.45,"3,840 mi",8,$0.2259
HEL,ORF,"2,827",$724.82,"4,525 mi",8,$0.1602
NCE,ORK,"2,827",$486.49,947 mi,8,$0.5137
PMI,ATL,"2,827",$838.91,"4,796 mi",8,$0.1749
BCN,BGW,"2,826",$357.88,"2,288 mi",8,$0.1564
CPH,CMH,"2,825",$496.67,"4,071 mi",8,$0.1220
BUD,GRR,"2,824",$461.81,"4,838 mi",8,$0.0955
MRS,SAN,"2,824",$706.14,"5,861 mi",8,$0.1205
LED,LAX,"2,824","$1,067.32","5,545 mi",8,$0.1925
LIS,ABV,"2,824",$471.41,"2,363 mi",8,$0.1995
ARN,SAL,"2,823",$370.60,"6,172 mi",8,$0.0600
BRU,SJU,"2,823",$926.32,"4,523 mi",8,$0.2048
GOT,KUL,"2,823",$564.20,"5,856 mi",8,$0.0963
DBV,DEL,"2,821",$739.48,"3,273 mi",8,$0.2259
LCY,NUE,"2,821",$215.22,518 mi,8,$0.4155
ATH,KHI,"2,819",$295.68,"2,595 mi",8,$0.1139
GVA,FOC,"2,819",$297.46,"5,772 mi",8,$0.0515
MXP,DLM,"2,819",$317.23,"1,243 mi",8,$0.2552
SVO,WUX,"2,818",$233.20,"4,312 mi",8,$0.0541
DME,PRG,"2,816",$291.62,"1,079 mi",8,$0.2703
MAD,BBA,"2,816",$655.70,"7,079 mi",8,$0.0926
ARN,BWI,"2,815",$327.21,"3,960 mi",8,$0.0826
ATH,MAH,"2,815",$427.00,"1,035 mi",8,$0.4126
ARN,DSS,"2,814",$379.21,"3,683 mi",8,$0.1030
GLA,MEX,"2,814",$624.76,"5,130 mi",8,$0.1218
SOF,IKA,"2,811",$246.42,"1,610 mi",8,$0.1531
CDG,MUB,"2,811",$686.83,"4,788 mi",8,$0.1434
ATH,TIV,"2,810",$201.76,402 mi,8,$0.5019
CDG,PSP,"2,810","$1,431.96","5,768 mi",8,$0.2483
MAD,BUF,"2,810",$714.19,"3,633 mi",8,$0.1966
OTP,CAG,"2,810",$327.88,976 mi,8,$0.3359
HEL,ACC,"2,809",$399.96,"4,122 mi",8,$0.0970
ORY,SVO,"2,808",$327.85,"1,588 mi",8,$0.2065
LYS,MSP,"2,807",$767.66,"4,309 mi",8,$0.1782
OTP,GRZ,"2,807",$228.15,524 mi,8,$0.4354
LGW,KRS,"2,807",$267.69,570 mi,8,$0.4696
LHR,SWA,"2,807",$144.27,"6,185 mi",8,$0.0233
OSL,VKO,"2,807",$388.57,974 mi,8,$0.3989
CPH,HFT,"2,806",$467.81,"1,059 mi",8,$0.4417
LYS,BJV,"2,806",$220.14,"1,340 mi",8,$0.1643
NAP,FAO,"2,805",$210.97,"1,259 mi",8,$0.1676
NCL,SGN,"2,805",$632.61,"6,121 mi",8,$0.1034
ATH,MAA,"2,804",$578.19,"3,725 mi",8,$0.1552
VKO,LEJ,"2,804",$292.93,"1,029 mi",8,$0.2847
HEL,SVQ,"2,803",$349.87,"2,139 mi",8,$0.1636
LGW,SFO,"2,803",$504.78,"5,217 mi",8,$0.0968
LHR,MOB,"2,803",$596.15,"4,637 mi",8,$0.1286
LHR,MID,"2,803",$552.15,"4,911 mi",8,$0.1124
EDI,CHQ,"2,802",$239.75,"1,969 mi",8,$0.1218
FCO,STI,"2,802",$334.62,"5,123 mi",8,$0.0653
NCE,CLJ,"2,802",$333.98,853 mi,8,$0.3915
CPH,CKG,"2,801",$320.47,"4,837 mi",8,$0.0663
BHX,CGK,"2,800",$769.15,"7,105 mi",8,$0.1083
WAW,BGW,"2,800",$338.48,"1,797 mi",8,$0.1884
DME,MAD,"2,799",$715.54,"2,199 mi",8,$0.3254
AMS,WLG,"2,798","$1,208.01","11,199 mi",8,$0.1079
BOD,DTW,"2,798",$812.94,"4,074 mi",8,$0.1995
CPH,DIY,"2,798",$152.47,"1,820 mi",8,$0.0838
LYS,SAN,"2,798",$863.51,"6,104 mi",8,$0.1415
VCE,BUF,"2,797",$542.95,"4,381 mi",8,$0.1239
LHR,GNV,"2,795",$639.90,"4,434 mi",8,$0.1443
PRG,ADL,"2,794","$1,132.60","9,204 mi",8,$0.1231
WAW,EVE,"2,793",$185.30,"1,103 mi",8,$0.1680
NAP,MEL,"2,792","$1,109.81","9,523 mi",8,$0.1165
OTP,ZNZ,"2,792",$458.58,"3,495 mi",8,$0.1312
OTP,YYC,"2,791",$526.88,"5,571 mi",8,$0.0946
AGP,OSD,"2,791",$211.33,"1,940 mi",8,$0.1089
AMS,SLL,"2,790",$261.76,"3,499 mi",8,$0.0748
MXP,KRS,"2,789",$267.43,895 mi,8,$0.2988
DUB,LUN,"2,789",$536.55,"5,022 mi",8,$0.1068
CDG,DRW,"2,788","$1,356.75","8,826 mi",8,$0.1537
EDI,TAS,"2,788",$275.94,"3,203 mi",8,$0.0862
CDG,KOK,"2,787",$301.79,"1,312 mi",8,$0.2300
ORY,LBV,"2,786",$289.25,"3,462 mi",8,$0.0835
MXP,CGQ,"2,786",$409.54,"5,296 mi",8,$0.0773
CDG,YIA,"2,785",$598.23,"7,199 mi",8,$0.0831
HEL,HYD,"2,785",$657.59,"4,084 mi",8,$0.1610
MXP,LEJ,"2,784",$223.22,445 mi,8,$0.5016
MAD,PVR,"2,783",$593.38,"6,056 mi",8,$0.0980
PRG,EBB,"2,783",$547.43,"3,730 mi",8,$0.1468
LHR,CCC,"2,783",$538.49,"4,368 mi",8,$0.1233
LHR,DYU,"2,783",$596.60,"3,467 mi",8,$0.1721
AGP,RDU,"2,782",$636.33,"4,146 mi",8,$0.1535
EDI,XMN,"2,779",$240.60,"6,086 mi",8,$0.0395
SNN,DTW,"2,779",$502.79,"3,289 mi",8,$0.1529
AMS,FSD,"2,778",$635.82,"4,209 mi",8,$0.1511
PRG,GRO,"2,778",$157.90,813 mi,8,$0.1942
VKO,BSR,"2,778",$645.79,"1,858 mi",8,$0.3476
BCN,SRQ,"2,776","$1,140.66","4,593 mi",8,$0.2483
VKO,KHI,"2,776",$333.56,"2,679 mi",8,$0.1245
VKO,MLA,"2,776",$530.24,"1,682 mi",8,$0.3152
BCN,YTZ,"2,775",$207.16,"4,098 mi",8,$0.0506
ZRH,SHJ,"2,775",$147.52,"2,877 mi",8,$0.0513
ARN,GOA,"2,774",$229.27,"1,153 mi",8,$0.1988
GLA,YYC,"2,774",$591.30,"4,145 mi",8,$0.1427
GVA,LHE,"2,774",$617.93,"3,803 mi",8,$0.1625
WAW,MPL,"2,774",$328.15,953 mi,8,$0.3443
SVO,PNH,"2,773",$336.05,"4,550 mi",8,$0.0739
BRU,BWI,"2,772",$405.37,"3,954 mi",8,$0.1025
ATH,PNS,"2,771",$838.41,"5,775 mi",8,$0.1452
PRG,NGO,"2,771","$1,154.09","5,433 mi",8,$0.2124
VIE,KTT,"2,771",$226.41,"1,342 mi",8,$0.1687
MRS,DOH,"2,769",$285.50,"2,796 mi",8,$0.1021
MXP,DUR,"2,766",$656.29,"5,547 mi",8,$0.1183
BUD,TOS,"2,766",$216.76,"1,583 mi",8,$0.1369
WAW,KRS,"2,765",$171.70,636 mi,8,$0.2700
ARN,KTM,"2,763",$381.93,"3,918 mi",8,$0.0975
ZRH,ABQ,"2,762",$698.97,"5,306 mi",8,$0.1317
PRG,TZX,"2,762",$111.38,"1,418 mi",8,$0.0785
CPH,DUR,"2,761",$418.00,"6,169 mi",8,$0.0678
MAD,MME,"2,761",$315.89,944 mi,8,$0.3346
STN,SKP,"2,761",$62.05,"1,177 mi",8,$0.0527
MXP,ORF,"2,761",$687.83,"4,369 mi",8,$0.1574
EDI,CHC,"2,760","$1,147.04","11,209 mi",8,$0.1023
BUD,DLC,"2,759",$264.32,"4,653 mi",8,$0.0568
OSL,AKL,"2,758","$1,203.67","10,361 mi",8,$0.1162
DUB,LSI,"2,756",$223.88,469 mi,8,$0.4774
VKO,PQC,"2,755",$182.47,"4,879 mi",8,$0.0374
AMS,GOI,"2,754",$355.85,"4,635 mi",8,$0.0768
ORY,FIH,"2,754",$234.81,"3,640 mi",8,$0.0645
OTP,SLC,"2,754",$741.73,"6,172 mi",8,$0.1202
NCE,TGD,"2,753",$235.20,596 mi,8,$0.3946
GOT,PMO,"2,753",$193.01,"1,306 mi",8,$0.1478
GVA,SID,"2,753",$406.63,"2,553 mi",8,$0.1593
SVO,NBO,"2,752",$581.66,"4,077 mi",8,$0.1427
AMS,ZWE,"2,751",$420.41,79 mi,8,$5.3216
NAP,CRA,"2,751",$91.59,526 mi,8,$0.1741
BHX,LCY,"2,751",$916.04,98 mi,8,$9.3473
BCN,MME,"2,750",$254.00,955 mi,8,$0.2660
NCE,KRS,"2,750",$172.50,975 mi,8,$0.1769
AMS,XPG,"2,750",$176.37,267 mi,8,$0.6606
BUD,RBA,"2,750",$422.17,"1,682 mi",8,$0.2510
MAN,LLW,"2,750",$533.58,"4,952 mi",8,$0.1078
FCO,CID,"2,749",$541.25,"4,816 mi",8,$0.1124
MRS,NUE,"2,749",$196.37,488 mi,8,$0.4024
ATH,SCQ,"2,748",$423.13,"1,777 mi",8,$0.2381
CPH,JMK,"2,748",$239.36,"1,431 mi",8,$0.1673
WAW,GRZ,"2,747",$191.08,421 mi,8,$0.4539
STN,ISU,"2,746",$232.90,"2,540 mi",8,$0.0917
GVA,GZT,"2,746",$234.07,"1,677 mi",8,$0.1396
LIS,BAH,"2,746",$629.39,"3,630 mi",8,$0.1734
PMI,MSP,"2,746","$1,650.34","4,482 mi",8,$0.3682
GVA,BJL,"2,743",$284.33,"2,710 mi",8,$0.1049
CDG,COS,"2,743",$814.79,"4,775 mi",8,$0.1706
DBV,PER,"2,743","$1,208.68","7,787 mi",8,$0.1552
BRU,GRX,"2,741",$293.62,"1,000 mi",8,$0.2936
LIS,VGO,"2,740",$159.69,233 mi,8,$0.6854
LIS,DCA,"2,739",$568.03,"3,672 mi",8,$0.1547
NAP,BAH,"2,737",$700.41,"2,232 mi",7,$0.3138
MAD,NAS,"2,736","$1,002.64","4,171 mi",7,$0.2404
NCE,DLM,"2,736",$412.74,"1,268 mi",7,$0.3255
WAW,ECN,"2,735",$135.93,"1,287 mi",7,$0.1056
PRG,LCG,"2,734",$348.65,"1,130 mi",7,$0.3085
LIS,BJV,"2,734",$621.93,"2,052 mi",7,$0.3031
AMS,KHH,"2,733",$719.30,"6,159 mi",7,$0.1168
OTP,BGW,"2,733",$456.97,"1,207 mi",7,$0.3786
PRG,MSY,"2,732",$628.93,"5,398 mi",7,$0.1165
DBV,OTP,"2,732",$175.45,428 mi,7,$0.4099
MXP,DRS,"2,732",$206.57,458 mi,7,$0.4510
VIE,XRY,"2,732",$499.55,"1,430 mi",7,$0.3493
FCO,FDF,"2,732",$620.67,"4,833 mi",7,$0.1284
LED,SJJ,"2,731",$122.74,"1,247 mi",7,$0.0984
LHR,SBP,"2,731",$865.74,"5,276 mi",7,$0.1641
BOD,VIL,"2,731",$87.45,"1,640 mi",7,$0.0533
MRS,BLR,"2,730",$885.77,"4,577 mi",7,$0.1935
NAP,SLC,"2,730",$811.55,"6,041 mi",7,$0.1343
NCE,MSY,"2,730",$813.92,"5,317 mi",7,$0.1531
GVA,TGD,"2,730",$232.21,723 mi,7,$0.3212
ZAG,BLR,"2,728",$419.96,"4,082 mi",7,$0.1029
BOD,CMB,"2,728",$349.14,"5,247 mi",7,$0.0665
MAD,NVT,"2,728",$737.35,"5,316 mi",7,$0.1387
VKO,KBL,"2,728",$407.70,"2,034 mi",7,$0.2004
DUB,GEG,"2,727",$632.81,"4,513 mi",7,$0.1402
MXP,ELQ,"2,727",$218.19,"2,273 mi",7,$0.0960
NCL,BSL,"2,727",$196.76,668 mi,7,$0.2946
NTE,BRE,"2,727",$300.58,632 mi,7,$0.4756
GVA,MSY,"2,725",$793.81,"5,185 mi",7,$0.1531
BRU,LUN,"2,725",$487.98,"4,944 mi",7,$0.0987
MAN,BRI,"2,725",$254.09,"1,185 mi",7,$0.2144
NCL,BHD,"2,725",$83.17,164 mi,7,$0.5071
ZAG,PRN,"2,724",$178.07,339 mi,7,$0.5253
NCE,YOW,"2,723",$517.48,"4,011 mi",7,$0.1290
BRU,CHC,"2,723",$973.83,"12,028 mi",7,$0.0810
SOF,TUN,"2,723",$218.16,831 mi,7,$0.2625
OSL,TKU,"2,722",$144.14,371 mi,7,$0.3885
VCE,WDH,"2,722",$432.59,"4,849 mi",7,$0.0892
LIS,ALA,"2,722",$567.91,"4,420 mi",7,$0.1285
SNN,SEA,"2,722",$593.21,"4,353 mi",7,$0.1363
BHX,NTE,"2,721",$277.84,355 mi,7,$0.7826
LHR,VGO,"2,721",$374.27,767 mi,7,$0.4880
OTP,RZE,"2,721",$265.12,441 mi,7,$0.6012
EDI,MEM,"2,721",$522.34,"4,256 mi",7,$0.1227
DUB,FMO,"2,720",$196.13,607 mi,7,$0.3231
NCL,DAC,"2,720",$501.89,"4,812 mi",7,$0.1043
ZAG,ADB,"2,720",$153.10,789 mi,7,$0.1940
GLA,HAN,"2,719",$498.72,"5,919 mi",7,$0.0843
BOD,BOG,"2,718",$491.62,"5,335 mi",7,$0.0921
MRS,MED,"2,718",$147.16,"2,412 mi",7,$0.0610
ZAG,TRD,"2,717",$207.99,"1,203 mi",7,$0.1729
CDG,CUR,"2,716",$903.76,"4,891 mi",7,$0.1848
WAW,BZG,"2,715",$49.95,137 mi,7,$0.3646
ARN,CEB,"2,715",$494.69,"5,966 mi",7,$0.0829
ARN,YEG,"2,715",$490.02,"4,057 mi",7,$0.1208
GOT,CUN,"2,715",$396.23,"5,484 mi",7,$0.0723
DUB,AES,"2,714",$203.48,752 mi,7,$0.2706
EDI,EMA,"2,714",$42.91,238 mi,7,$0.1803
BHX,DRS,"2,713",$213.88,688 mi,7,$0.3109
LHR,IDA,"2,712",$884.33,"4,849 mi",7,$0.1824
CDG,KEM,"2,712",$258.59,"1,445 mi",7,$0.1790
FCO,MGA,"2,712",$600.75,"6,268 mi",7,$0.0958
ZRH,REG,"2,712",$85.38,720 mi,7,$0.1186
BHX,TLL,"2,711",$259.26,"1,159 mi",7,$0.2237
WAW,SZG,"2,710",$209.85,479 mi,7,$0.4381
DUB,ADD,"2,709",$362.48,"4,074 mi",7,$0.0890
GVA,VIL,"2,709",$198.11,"1,921 mi",7,$0.1031
MXP,BWI,"2,709",$386.19,"4,043 mi",7,$0.0955
DUB,DMM,"2,708",$543.50,"3,285 mi",7,$0.1654
ZRH,YYJ,"2,708",$563.40,"5,356 mi",7,$0.1052
AMS,TVC,"2,707",$786.07,"4,009 mi",7,$0.1961
DBV,PHX,"2,706",$869.25,"6,505 mi",7,$0.1336
GOT,IBZ,"2,706",$288.32,"1,346 mi",7,$0.2142
DBV,BIO,"2,706",$231.26,"1,038 mi",7,$0.2228
SOF,MEL,"2,706",$786.52,"9,106 mi",7,$0.0864
ATH,SGF,"2,705",$465.94,"6,063 mi",7,$0.0768
BUD,RVN,"2,705",$269.69,"1,303 mi",7,$0.2070
CDG,NNG,"2,705",$438.05,"5,543 mi",7,$0.0790
VIE,CNX,"2,703",$440.18,"5,062 mi",7,$0.0870
BRU,BAH,"2,702",$733.54,"3,036 mi",7,$0.2416
FCO,SZF,"2,702",$108.36,"1,293 mi",7,$0.0838
NTE,ESU,"2,702",$144.21,"1,205 mi",7,$0.1197
FCO,RBA,"2,702",$373.13,"1,197 mi",7,$0.3117
BCN,NWI,"2,701",$217.39,763 mi,7,$0.2849
ZAG,LPA,"2,701",$334.96,"2,046 mi",7,$0.1637
NAP,ALG,"2,700",$201.65,682 mi,7,$0.2957
NCL,MSP,"2,700",$669.85,"3,944 mi",7,$0.1698
AMS,ECP,"2,700",$801.17,"4,474 mi",7,$0.1791
ARN,VAR,"2,700",$193.13,"1,245 mi",7,$0.1551
LIS,AMD,"2,700",$333.27,"4,666 mi",7,$0.0714
NTE,HND,"2,698","$1,148.85","6,429 mi",7,$0.1787
BOD,SCL,"2,698",$940.71,"6,750 mi",7,$0.1394
MAN,CNX,"2,697",$437.81,"5,799 mi",7,$0.0755
CPH,SKT,"2,697",$214.79,"3,414 mi",7,$0.0629
CPH,BJL,"2,696",$308.53,"3,215 mi",7,$0.0960
OTP,KHI,"2,696",$262.71,"2,739 mi",7,$0.0959
MRS,PHX,"2,695",$765.88,"5,989 mi",7,$0.1279
LIS,SLZ,"2,694",$675.19,"3,735 mi",7,$0.1808
NCE,GYD,"2,694",$561.53,"2,118 mi",7,$0.2651
OSL,OVD,"2,694",$397.70,"1,394 mi",7,$0.2853
WAW,COK,"2,693",$402.05,"4,355 mi",7,$0.0923
LED,EZE,"2,690","$1,191.30","8,469 mi",7,$0.1407
VCE,GRR,"2,690",$665.03,"4,388 mi",7,$0.1516
HEL,PDX,"2,689",$610.31,"4,748 mi",7,$0.1285
BHX,MUX,"2,688",$295.58,"3,789 mi",7,$0.0780
BRU,VAA,"2,687",$257.84,"1,023 mi",7,$0.2520
NCE,HYD,"2,686",$724.38,"4,606 mi",7,$0.1573
BGY,MCT,"2,684",$201.26,"3,000 mi",7,$0.0671
CDG,KWE,"2,684",$318.18,"5,286 mi",7,$0.0602
BCN,FMO,"2,683",$189.24,818 mi,7,$0.2313
NCL,USM,"2,683",$645.59,"5,952 mi",7,$0.1085
ATH,HSV,"2,683",$802.02,"5,915 mi",7,$0.1356
AGP,TAS,"2,682",$364.50,"3,970 mi",7,$0.0918
MRS,LAD,"2,682","$1,130.00","3,539 mi",7,$0.3193
NCL,TLS,"2,682",$283.40,776 mi,7,$0.3652
CDG,CID,"2,681",$733.64,"4,421 mi",7,$0.1659
ARN,FDF,"2,681",$496.08,"5,114 mi",7,$0.0970
BCN,EBL,"2,681",$275.63,"2,329 mi",7,$0.1183
LGW,TMP,"2,681",$86.41,"1,179 mi",7,$0.0733
OSL,EFL,"2,681",$98.56,"1,532 mi",7,$0.0643
CPH,VKO,"2,680",$383.86,984 mi,7,$0.3901
OTP,LOS,"2,680",$630.43,"3,051 mi",7,$0.2066
LYS,AUH,"2,680",$219.08,"3,009 mi",7,$0.0728
MXP,NBE,"2,678",$149.54,646 mi,7,$0.2315
BUD,HNL,"2,677",$698.25,"7,912 mi",7,$0.0883
VIE,CUR,"2,677",$439.90,"5,551 mi",7,$0.0792
MAD,BDL,"2,677",$632.92,"3,386 mi",7,$0.1869
MXP,LOP,"2,675",$771.60,"7,271 mi",7,$0.1061
NTE,LIM,"2,674",$754.15,"5,979 mi",7,$0.1261
BRU,SAT,"2,673",$840.89,"5,334 mi",7,$0.1576
DUB,JRO,"2,673",$560.81,"4,795 mi",7,$0.1170
OSL,BWI,"2,672",$372.08,"3,966 mi",7,$0.0938
SNN,MCI,"2,672",$453.85,"4,087 mi",7,$0.1110
GOT,RDU,"2,672",$658.26,"4,078 mi",7,$0.1614
LGW,PNH,"2,671",$454.46,"6,419 mi",7,$0.0708
WAW,USM,"2,670",$558.49,"5,079 mi",7,$0.1100
MAN,RSW,"2,670",$927.43,"4,474 mi",7,$0.2073
LHR,OKJ,"2,667","$1,413.76","6,043 mi",7,$0.2340
PRG,MPL,"2,667",$297.85,682 mi,7,$0.4367
ZRH,SZG,"2,667",$498.39,203 mi,7,$2.4551
FCO,KMG,"2,665",$310.88,"4,963 mi",7,$0.0626
BHX,SEZ,"2,665",$908.17,"5,006 mi",7,$0.1814
BUD,BWI,"2,664",$457.03,"4,677 mi",7,$0.0977
CPH,LKN,"2,664",$172.38,841 mi,7,$0.2050
LGW,MAN,"2,664",$200.39,171 mi,7,$1.1719
MAD,TER,"2,663",$80.03,"1,292 mi",7,$0.0619
ZRH,AEP,"2,662",$924.41,"7,226 mi",7,$0.1279
GVA,DIY,"2,662",$219.13,"1,770 mi",7,$0.1238
MXP,OMA,"2,662",$594.65,"4,993 mi",7,$0.1191
MXP,KHH,"2,661",$825.27,"5,892 mi",7,$0.1401
PMI,RUH,"2,661",$770.03,"2,809 mi",7,$0.2741
ATH,CHC,"2,660","$1,406.06","11,081 mi",7,$0.1269
GOT,SAN,"2,660",$613.27,"5,372 mi",7,$0.1142
BCN,CSX,"2,660",$390.34,"6,107 mi",7,$0.0639
GVA,COK,"2,659",$450.23,"4,631 mi",7,$0.0972
CDG,PVD,"2,659","$1,012.01","3,586 mi",7,$0.2822
GVA,POA,"2,659",$918.40,"6,557 mi",7,$0.1401
DBV,LAS,"2,658",$936.75,"6,073 mi",7,$0.1542
DME,PKC,"2,658",$386.63,"4,083 mi",7,$0.0947
STN,CCU,"2,658",$671.05,"4,777 mi",7,$0.1405
ORY,EFL,"2,657",$78.10,"1,128 mi",7,$0.0692
MAN,MCI,"2,657",$841.84,"4,324 mi",7,$0.1947
SOF,ADB,"2,656",$120.85,373 mi,7,$0.3240
VIE,VFA,"2,656",$593.10,"4,472 mi",7,$0.1326
HEL,BOG,"2,656",$707.53,"6,433 mi",7,$0.1100
VIE,MJI,"2,656",$301.76,"1,033 mi",7,$0.2921
LHR,NGS,"2,655","$1,441.93","5,699 mi",7,$0.2530
VCE,MPL,"2,655",$263.29,421 mi,7,$0.6254
LHR,PLQ,"2,655",$209.81,958 mi,7,$0.2190
NTE,VNO,"2,655",$202.22,"1,309 mi",7,$0.1545
FCO,EVE,"2,654",$254.20,"1,907 mi",7,$0.1333
VKO,PTY,"2,654","$1,340.86","6,494 mi",7,$0.2065
DUB,MPL,"2,653",$254.49,799 mi,7,$0.3185
BOD,CGK,"2,653",$617.81,"7,144 mi",7,$0.0865
LHR,LIH,"2,651","$1,201.97","6,986 mi",7,$0.1721
PMI,COR,"2,651",$447.07,"6,312 mi",7,$0.0708
AGP,CCS,"2,649",$434.08,"4,391 mi",7,$0.0989
FCO,DLC,"2,649",$333.34,"5,468 mi",7,$0.0610
LGW,LLW,"2,647",$444.15,"4,782 mi",7,$0.0929
LHR,BZV,"2,647",$738.70,"3,842 mi",7,$0.1923
VKO,DAC,"2,646",$911.08,"3,554 mi",7,$0.2564
DUB,CID,"2,646",$429.59,"3,696 mi",7,$0.1162
CDG,DAL,"2,645",$666.50,"4,783 mi",7,$0.1393
CPH,DRS,"2,645",$209.30,304 mi,7,$0.6885
LHR,FAE,"2,645",$285.96,798 mi,7,$0.3583
PRG,PKX,"2,645",$279.93,"4,518 mi",7,$0.0620
MXP,GRX,"2,644",$319.49,896 mi,7,$0.3566
VKO,KYA,"2,643",$165.92,"1,199 mi",7,$0.1384
AMS,ISU,"2,643",$222.47,"2,215 mi",7,$0.1004
GLA,CAI,"2,642",$408.54,"2,414 mi",7,$0.1692
MRS,BIO,"2,641",$339.34,420 mi,7,$0.8080
NTE,SFO,"2,641",$709.93,"5,368 mi",7,$0.1323
DUB,SFT,"2,640",$432.56,"1,189 mi",7,$0.3638
NCE,PPT,"2,640","$1,134.33","9,878 mi",7,$0.1148
ZAG,KWI,"2,640",$335.62,"2,005 mi",7,$0.1674
OTP,IKA,"2,639",$291.63,"1,505 mi",7,$0.1938
SOF,AMM,"2,639",$265.61,"1,056 mi",7,$0.2515
LGW,BGW,"2,639",$358.20,"2,460 mi",7,$0.1456
NCE,LBV,"2,639","$1,249.81","2,898 mi",7,$0.4313
FCO,SJC,"2,637",$367.15,"6,439 mi",7,$0.0570
MAN,YOW,"2,636",$480.62,"3,297 mi",7,$0.1458
LED,ASR,"2,635",$150.73,"1,515 mi",7,$0.0995
MAD,DSM,"2,635",$944.63,"4,326 mi",7,$0.2184
AMS,MYY,"2,634",$997.42,"6,575 mi",7,$0.1517
BUD,LIM,"2,634",$928.01,"6,910 mi",7,$0.1343
SOF,TGD,"2,634",$172.74,207 mi,7,$0.8345
PMI,BEY,"2,634",$307.12,"1,791 mi",7,$0.1715
BOD,VNO,"2,632",$340.02,"1,373 mi",7,$0.2476
LIS,YYJ,"2,631",$507.40,"5,028 mi",7,$0.1009
AMS,NAV,"2,629",$331.64,"1,648 mi",7,$0.2012
CDG,GNV,"2,628",$685.52,"4,345 mi",7,$0.1578
LGW,ABJ,"2,627",$194.72,"3,273 mi",7,$0.0595
LIS,FUE,"2,627",$301.29,786 mi,7,$0.3833
GVA,MAO,"2,625",$495.94,"5,413 mi",7,$0.0916
FCO,MSN,"2,625",$587.73,"4,962 mi",7,$0.1184
MXP,KBV,"2,625",$414.69,"5,657 mi",7,$0.0733
FCO,SOU,"2,623",$260.77,930 mi,7,$0.2804
CPH,DMM,"2,623",$389.24,"2,652 mi",7,$0.1468
AMS,SWF,"2,622",$398.76,"3,715 mi",7,$0.1073
CPH,CUR,"2,622",$657.64,"5,042 mi",7,$0.1304
AMS,CAE,"2,621",$665.72,"4,371 mi",7,$0.1523
LED,NAL,"2,621",$154.60,"1,295 mi",7,$0.1194
EDI,PBI,"2,620",$825.87,"4,079 mi",7,$0.2025
BCN,WDH,"2,619",$417.46,"4,381 mi",7,$0.0953
CDG,KAN,"2,619",$402.47,"2,500 mi",7,$0.1610
VKO,SEA,"2,619",$667.98,"5,376 mi",7,$0.1243
ZAG,CLT,"2,619",$978.84,"4,976 mi",7,$0.1967
ZRH,KOA,"2,619",$666.17,"7,926 mi",7,$0.0840
ARN,MBJ,"2,618",$467.83,"5,479 mi",7,$0.0854
NCL,VLC,"2,617",$320.71,"1,044 mi",7,$0.3072
MXP,YWG,"2,616",$466.47,"4,354 mi",7,$0.1071
NAP,ESB,"2,616",$263.96,"1,011 mi",7,$0.2611
BRU,DIY,"2,615",$217.60,"1,894 mi",7,$0.1149
OSL,PKX,"2,615",$302.49,"4,236 mi",7,$0.0714
NAP,RVN,"2,615",$159.50,"1,774 mi",7,$0.0899
NCL,STR,"2,615",$200.96,619 mi,7,$0.3247
VCE,CWB,"2,615",$696.11,"6,429 mi",7,$0.1083
BOD,GOT,"2,614",$230.51,"1,077 mi",7,$0.2140
MAD,IVL,"2,614",$292.66,"2,184 mi",7,$0.1340
WAW,KGL,"2,613",$404.54,"3,665 mi",7,$0.1104
CDG,CGN,"2,613",$470.80,234 mi,7,$2.0120
OSL,TFU,"2,613",$323.18,"4,669 mi",7,$0.0692
CDG,MHD,"2,612",$742.37,"2,869 mi",7,$0.2588
MXP,GRR,"2,612",$823.34,"4,508 mi",7,$0.1826
NCE,YYC,"2,611",$738.45,"4,854 mi",7,$0.1521
AMS,XNA,"2,611",$913.55,"4,769 mi",7,$0.1916
BHX,EWR,"2,610",$435.42,"3,484 mi",7,$0.1250
AGP,UIO,"2,609",$490.28,"5,173 mi",7,$0.0948
ZAG,LAS,"2,609",$568.32,"5,839 mi",7,$0.0973
CDG,MDT,"2,608",$556.76,"3,655 mi",7,$0.1523
WAW,EBL,"2,608",$322.58,"1,524 mi",7,$0.2117
LGW,GDN,"2,607",$211.29,833 mi,7,$0.2536
ATH,INI,"2,607",$82.12,401 mi,7,$0.2048
EDI,BRE,"2,607",$208.79,543 mi,7,$0.3845
LIS,BJL,"2,606",$222.31,"1,872 mi",7,$0.1188
WAW,PDX,"2,606",$613.23,"5,185 mi",7,$0.1183
CPH,CNS,"2,605",$753.53,"8,545 mi",7,$0.0882
MAN,TBZ,"2,605",$257.43,"2,579 mi",7,$0.0998
ZRH,BOI,"2,605",$575.00,"5,465 mi",7,$0.1052
GVA,VAR,"2,605",$214.38,"1,114 mi",7,$0.1924
LGW,CGQ,"2,605",$228.31,"5,262 mi",7,$0.0434
LGW,EXT,"2,605",$30.44,139 mi,7,$0.2190
MXP,MEM,"2,605",$898.64,"4,766 mi",7,$0.1886
ATH,LLA,"2,604",$188.80,"1,966 mi",7,$0.0960
DME,TNR,"2,603",$653.23,"5,313 mi",7,$0.1229
NCE,REG,"2,603",$82.81,568 mi,7,$0.1458
MAN,LXR,"2,603",$174.20,"2,702 mi",7,$0.0645
LGW,NQZ,"2,602",$511.99,"2,892 mi",7,$0.1770
LHR,PBM,"2,602",$897.43,"4,315 mi",7,$0.2080
MAD,NQN,"2,601",$544.24,"6,627 mi",7,$0.0821
CDG,BUS,"2,601",$420.32,"1,884 mi",7,$0.2231
ZRH,LRM,"2,600",$506.16,"4,566 mi",7,$0.1109
ZRH,NAV,"2,600",$160.72,"1,476 mi",7,$0.1089
ATH,CCS,"2,599",$553.76,"5,645 mi",7,$0.0981
GLA,YHZ,"2,599",$618.14,"2,544 mi",7,$0.2430
MXP,AXD,"2,599",$142.86,954 mi,7,$0.1497
OSL,KAO,"2,599",$337.91,711 mi,7,$0.4753
WAW,BHD,"2,598",$349.79,"1,145 mi",7,$0.3055
ORY,VVI,"2,598",$390.88,"6,271 mi",7,$0.0623
BUD,BAH,"2,597",$341.88,"2,175 mi",7,$0.1572
FCO,SZG,"2,597",$194.02,428 mi,7,$0.4533
BHX,LIM,"2,596","$1,045.30","6,464 mi",7,$0.1617
DUB,BZN,"2,596",$585.66,"4,416 mi",7,$0.1326
VIE,CRK,"2,596",$573.01,"6,244 mi",7,$0.0918
CDG,KMQ,"2,595","$1,006.19","5,716 mi",7,$0.1760
PRG,PTY,"2,594",$600.03,"6,075 mi",7,$0.0988
ZRH,LPI,"2,594",$327.70,833 mi,7,$0.3934
ORY,TER,"2,593",$119.39,"1,563 mi",7,$0.0764
OSL,BRS,"2,593",$302.26,784 mi,7,$0.3855
EDI,LJU,"2,593",$204.58,988 mi,7,$0.2071
OSL,BJF,"2,592",$261.42,861 mi,7,$0.3036
AMS,EZS,"2,591",$182.44,"1,840 mi",7,$0.0992
OTP,BOO,"2,591",$220.49,"1,577 mi",7,$0.1398
GLA,VLC,"2,591",$299.46,"1,112 mi",7,$0.2693
NCL,JED,"2,590",$480.48,"3,024 mi",7,$0.1589
DME,EBB,"2,587",$633.04,"3,953 mi",7,$0.1601
ZRH,RBA,"2,587",$360.19,"1,257 mi",7,$0.2865
CPH,INV,"2,587",$312.64,628 mi,7,$0.4978
OTP,VGO,"2,587",$226.71,"1,686 mi",7,$0.1345
BRU,GPA,"2,586",$185.87,"1,244 mi",7,$0.1494
LHR,NOS,"2,584",$417.76,"5,503 mi",7,$0.0759
MAD,SAV,"2,584",$736.58,"4,349 mi",7,$0.1694
LHR,AGH,"2,582",$171.16,653 mi,7,$0.2621
MRS,PUJ,"2,582",$329.51,"4,666 mi",7,$0.0706
HEL,LED,"2,581",$345.15,180 mi,7,$1.9175
CDG,BZG,"2,581",$186.19,747 mi,7,$0.2493
ZRH,OMA,"2,580",$685.84,"4,619 mi",7,$0.1485
ATH,ILM,"2,580",$750.66,"5,532 mi",7,$0.1357
LED,SKG,"2,579",$719.14,"1,328 mi",7,$0.5415
MRS,CLT,"2,579",$427.00,"4,298 mi",7,$0.0993
EDI,SHJ,"2,578",$177.30,"3,483 mi",7,$0.0509
GVA,SVO,"2,578",$868.23,"1,453 mi",7,$0.5975
BUD,KRS,"2,576",$221.88,901 mi,7,$0.2463
FCO,KSC,"2,576",$186.96,626 mi,7,$0.2987
CDG,LUN,"2,575",$905.03,"4,862 mi",7,$0.1861
PRG,JMK,"2,575",$276.48,"1,002 mi",7,$0.2759
DUB,LIT,"2,574",$474.09,"4,057 mi",7,$0.1169
EDI,BOG,"2,573",$719.05,"5,367 mi",7,$0.1340
LIS,SDF,"2,573",$668.62,"3,891 mi",7,$0.1718
DUB,PNS,"2,572",$577.18,"4,073 mi",7,$0.1417
HEL,SLC,"2,571",$815.77,"4,887 mi",7,$0.1669
MRS,BGO,"2,571",$281.50,"1,130 mi",7,$0.2491
ATH,ICT,"2,570",$650.12,"6,199 mi",7,$0.1049
BOD,SGN,"2,568",$492.06,"6,322 mi",7,$0.0778
DUB,BRE,"2,568",$173.26,603 mi,7,$0.2873
VIE,XIY,"2,568",$327.63,"4,450 mi",7,$0.0736
GVA,IVL,"2,567",$347.41,"1,767 mi",7,$0.1966
VKO,MED,"2,567",$330.23,"2,084 mi",7,$0.1585
DUB,OMR,"2,566",$175.41,"1,350 mi",7,$0.1299
AMS,AJU,"2,566",$665.69,"5,178 mi",7,$0.1286
BHX,SVG,"2,566",$298.77,512 mi,7,$0.5835
BHX,MCO,"2,565",$612.50,"4,389 mi",7,$0.1396
CPH,MME,"2,565",$271.37,578 mi,7,$0.4695
AGP,ABJ,"2,565",$230.92,"2,106 mi",7,$0.1096
AMS,OKA,"2,565",$537.73,"6,194 mi",7,$0.0868
BRU,XMN,"2,565",$284.89,"5,676 mi",7,$0.0502
PRG,OMA,"2,565",$604.32,"4,988 mi",7,$0.1212
AMS,CTS,"2,564",$667.16,"5,221 mi",7,$0.1278
MAN,BLZ,"2,564",$580.18,"5,098 mi",7,$0.1138
PRG,KBL,"2,564",$405.31,"2,841 mi",7,$0.1427
LHR,GRB,"2,563",$566.95,"3,950 mi",7,$0.1435
BCN,MYR,"2,563",$798.09,"4,180 mi",7,$0.1909
DBV,BOG,"2,563",$699.23,"6,305 mi",7,$0.1109
DBV,SAN,"2,563",$808.45,"6,323 mi",7,$0.1279
DME,FIH,"2,562",$451.92,"4,455 mi",7,$0.1014
GVA,LUN,"2,562",$934.37,"4,342 mi",7,$0.2152
HEL,CEB,"2,562",$618.30,"6,082 mi",7,$0.1017
NCL,TLV,"2,562",$624.06,"2,451 mi",7,$0.2546
BRU,LGA,"2,562",$158.90,"3,765 mi",7,$0.0422
CDG,HRE,"2,562",$704.03,"5,094 mi",7,$0.1382
HEL,GIG,"2,561",$916.13,"6,677 mi",7,$0.1372
NCL,MEX,"2,560",$770.91,"5,570 mi",7,$0.1384
VIE,CKG,"2,560",$420.88,"4,867 mi",7,$0.0865
BOD,IAH,"2,559",$823.04,"4,850 mi",7,$0.1697
BUD,FUK,"2,559","$1,222.55","5,244 mi",7,$0.2331
GVA,SAL,"2,559",$718.12,"5,618 mi",7,$0.1278
ZRH,CKG,"2,559",$464.99,"4,931 mi",7,$0.0943
GVA,FLN,"2,558",$728.30,"6,327 mi",7,$0.1151
OSL,ORK,"2,556",$272.85,917 mi,7,$0.2975
LHR,MCY,"2,556","$1,124.95","10,539 mi",7,$0.1067
PMI,REU,"2,556",$40.49,142 mi,7,$0.2851
PRG,PRN,"2,556",$200.49,630 mi,7,$0.3182
ZRH,GYE,"2,555",$624.33,"6,067 mi",7,$0.1029
LYS,IKA,"2,555",$310.03,"2,409 mi",7,$0.1287
MXP,PNR,"2,555",$878.01,"3,596 mi",7,$0.2442
GLA,ZAG,"2,554",$240.44,"1,095 mi",7,$0.2196
ZRH,MEM,"2,554",$851.30,"4,985 mi",7,$0.1708
EDI,ATQ,"2,553",$303.86,"4,112 mi",7,$0.0739
GVA,OUL,"2,553",$314.94,"1,436 mi",7,$0.2193
VKO,PEK,"2,553",$389.16,"3,722 mi",7,$0.1046
BCN,KYA,"2,553",$223.08,"1,581 mi",7,$0.1411
BCN,UVF,"2,553",$849.79,"4,076 mi",7,$0.2085
AMS,DIY,"2,552",$192.23,"2,025 mi",7,$0.0949
WAW,MED,"2,552",$415.47,"2,211 mi",7,$0.1879
BCN,ICT,"2,552",$522.18,"5,142 mi",7,$0.1016
OSL,SZX,"2,552",$326.84,"5,128 mi",7,$0.0637
HEL,EBL,"2,551",$252.30,"1,920 mi",7,$0.1314
MAN,CRK,"2,550",$567.40,"6,424 mi",7,$0.0883
GVA,ECN,"2,550",$178.28,"1,566 mi",7,$0.1138
LHR,SHV,"2,550",$452.60,"4,498 mi",7,$0.1006
AMS,DAB,"2,549",$628.68,"4,616 mi",7,$0.1362
VCE,SCQ,"2,549",$281.18,"1,010 mi",7,$0.2784
GOT,VRN,"2,548",$164.35,824 mi,7,$0.1995
ZRH,SAL,"2,548",$506.48,"5,707 mi",7,$0.0887
AGP,SGN,"2,547",$544.30,"7,110 mi",7,$0.0766
BUD,TNA,"2,547",$176.78,"4,589 mi",7,$0.0385
LIS,BES,"2,547",$473.54,729 mi,7,$0.6496
VKO,RAK,"2,546",$238.11,"2,815 mi",7,$0.0846
MXP,DLC,"2,546",$519.51,"5,106 mi",7,$0.1017
GVA,LIN,"2,544",$263.32,157 mi,7,$1.6772
CDG,QRO,"2,543",$940.79,"5,529 mi",7,$0.1702
DUB,KOI,"2,543",$175.21,392 mi,7,$0.4470
OTP,PUS,"2,543",$658.90,"4,963 mi",7,$0.1328
BRU,CHS,"2,543",$677.65,"4,144 mi",7,$0.1635
FCO,TZX,"2,542",$145.75,"1,380 mi",7,$0.1056
EDI,CKG,"2,542",$687.80,"5,398 mi",7,$0.1274
PRG,NOS,"2,542",$259.43,"4,698 mi",7,$0.0552
VIE,GPA,"2,542",$47.25,708 mi,7,$0.0667
CDG,CUU,"2,541",$700.43,"5,337 mi",7,$0.1312
OSL,CLT,"2,541",$534.98,"4,084 mi",7,$0.1310
BCN,BOO,"2,540",$208.31,"1,798 mi",7,$0.1159
MAD,BRC,"2,540",$462.07,"6,840 mi",7,$0.0676
MAD,COO,"2,540",$358.57,"2,315 mi",7,$0.1549
LGW,SAI,"2,540",$769.29,"6,290 mi",7,$0.1223
NCE,YQB,"2,540",$295.18,"3,555 mi",7,$0.0830
OSL,HGA,"2,540",$397.04,"3,774 mi",7,$0.1052
GLA,TLV,"2,539",$472.20,"2,427 mi",7,$0.1946
VKO,LIM,"2,538","$1,841.63","7,612 mi",7,$0.2419
ARN,ASR,"2,538",$125.57,"1,684 mi",7,$0.0746
DUB,GSO,"2,538",$660.41,"3,519 mi",7,$0.1877
BCN,QYG,"2,537",$168.43,"1,042 mi",7,$0.1616
MAN,BUF,"2,536",$486.08,"3,526 mi",7,$0.1379
SOF,YVR,"2,536",$656.61,"5,599 mi",7,$0.1173
GOT,BRI,"2,535",$174.75,"1,194 mi",7,$0.1464
VIE,YHZ,"2,535",$340.05,"3,746 mi",7,$0.0908
MXP,MPL,"2,534",$265.24,266 mi,7,$0.9971
PRG,UME,"2,534",$159.44,"1,001 mi",7,$0.1593
NTE,OVD,"2,533",$209.17,318 mi,7,$0.6578
GVA,BEL,"2,532","$1,140.67","4,801 mi",7,$0.2376
MAD,PSO,"2,532",$506.03,"5,463 mi",7,$0.0926
VIE,CNF,"2,532",$965.48,"5,804 mi",7,$0.1663
CDG,ZTH,"2,532",$175.90,"1,164 mi",7,$0.1511
ARN,POR,"2,531",$250.69,177 mi,7,$1.4163
VKO,RIX,"2,531","$1,103.55",501 mi,7,$2.2027
BOD,YVR,"2,531",$706.83,"4,923 mi",7,$0.1436
STN,HRE,"2,531",$520.96,"5,014 mi",7,$0.1039
VCE,TRD,"2,530",$247.80,"1,205 mi",7,$0.2056
BRU,HBE,"2,529",$168.66,"1,832 mi",7,$0.0921
BRU,NTE,"2,529",$261.89,389 mi,7,$0.6732
CPH,ABJ,"2,529",$731.40,"3,706 mi",7,$0.1974
SOF,JNB,"2,529",$528.08,"4,909 mi",7,$0.1076
MRS,PHL,"2,528",$872.53,"3,872 mi",7,$0.2253
OSL,TAS,"2,528",$249.17,"2,662 mi",7,$0.0936
FCO,PPT,"2,528",$568.33,"10,134 mi",7,$0.0561
MXP,GDL,"2,527",$622.40,"6,385 mi",7,$0.0975
ZRH,GZP,"2,527",$98.19,"1,393 mi",7,$0.0705
MAN,MMX,"2,526",$114.92,626 mi,7,$0.1836
VIE,ASB,"2,523",$580.80,"2,258 mi",7,$0.2572
BHX,CHC,"2,522","$1,172.65","11,410 mi",7,$0.1028
HEL,BWI,"2,522",$403.42,"4,403 mi",7,$0.0916
WAW,XER,"2,522",$157.68,613 mi,7,$0.2572
BHX,BEG,"2,521",$185.69,"1,165 mi",7,$0.1594
ATH,ELP,"2,520",$663.82,"6,454 mi",7,$0.1029
VCE,GUA,"2,520",$679.26,"6,289 mi",7,$0.1080
LED,KHI,"2,520",$421.43,"3,075 mi",7,$0.1371
LGW,GRX,"2,520",$318.67,"1,009 mi",7,$0.3158
ARN,MOL,"2,519",$158.99,401 mi,7,$0.3965
PMI,IAH,"2,519",$971.65,"5,482 mi",7,$0.1772
VIE,BOO,"2,519",$171.32,"1,286 mi",7,$0.1332
ATH,EBB,"2,519",$294.89,"2,593 mi",7,$0.1137
ATH,OUL,"2,518",$348.55,"1,810 mi",7,$0.1926
MAN,MEM,"2,518",$631.90,"4,108 mi",7,$0.1538
NTE,PEK,"2,517","$1,378.24","5,156 mi",7,$0.2673
NCE,LEJ,"2,517",$207.53,603 mi,7,$0.3442
LYS,BNE,"2,516","$1,370.72","10,587 mi",7,$0.1295
ATH,GSO,"2,516",$616.84,"5,544 mi",7,$0.1113
STN,TAS,"2,516",$158.41,"3,135 mi",7,$0.0505
CPH,JFR,"2,515",$207.88,"2,117 mi",7,$0.0982
FCO,VXE,"2,515",$341.18,"2,713 mi",7,$0.1258
BOD,CPT,"2,514",$419.35,"5,744 mi",7,$0.0730
LHR,AXD,"2,513",$190.92,"1,494 mi",7,$0.1278
OTP,LYP,"2,513",$363.22,"2,750 mi",7,$0.1321
ORY,XRY,"2,513",$601.46,958 mi,7,$0.6278
DME,ABV,"2,512",$493.98,"3,507 mi",7,$0.1409
MRS,YYC,"2,511",$522.64,"5,109 mi",7,$0.1023
GVA,CCU,"2,511",$548.84,"4,888 mi",7,$0.1123
BCN,PTP,"2,510",$637.86,"3,997 mi",7,$0.1596
AMS,PSC,"2,510",$868.50,"5,007 mi",7,$0.1735
LIS,INV,"2,510",$421.47,"1,357 mi",7,$0.3106
EDI,TNG,"2,509",$55.03,"1,444 mi",7,$0.0381
GLA,CHC,"2,509","$1,143.95","11,223 mi",7,$0.1019
BUD,OVD,"2,509",$301.34,"1,285 mi",7,$0.2345
ZRH,KBL,"2,509",$703.29,"3,295 mi",7,$0.2134
LHR,TRS,"2,508",$179.37,766 mi,7,$0.2342
AMS,JKH,"2,508",$266.79,"1,365 mi",7,$0.1955
AGP,KRN,"2,507",$176.51,"2,429 mi",7,$0.0727
DME,ABJ,"2,507",$628.03,"4,285 mi",7,$0.1466
LHR,NLA,"2,507",$532.20,"4,636 mi",7,$0.1148
MXP,AAR,"2,506",$156.06,764 mi,7,$0.2043
ZAG,CMB,"2,506",$471.26,"4,472 mi",7,$0.1054
LIS,CUR,"2,506",$874.81,"3,953 mi",7,$0.2213
ZRH,BDL,"2,506",$636.99,"3,936 mi",7,$0.1618
BCN,BHM,"2,505",$642.35,"4,544 mi",7,$0.1414
MXP,HAU,"2,505",$271.12,930 mi,7,$0.2915
VCE,OKC,"2,505",$664.93,"5,187 mi",7,$0.1282
AMS,YQB,"2,504",$475.86,"3,177 mi",7,$0.1498
BHX,KWI,"2,504",$409.20,"3,062 mi",7,$0.1336
BCN,GEG,"2,504",$677.45,"5,112 mi",7,$0.1325
CDG,TSN,"2,503",$394.72,"5,010 mi",7,$0.0788
ARN,MQM,"2,502",$185.37,"1,902 mi",7,$0.0975
MAD,KGL,"2,502",$643.39,"3,512 mi",7,$0.1832
MRS,FLR,"2,502",$316.61,292 mi,7,$1.0843
NCE,AES,"2,502",$242.08,"1,345 mi",7,$0.1800
PMI,GOA,"2,502",$187.36,445 mi,7,$0.4210
EDI,TBS,"2,502",$236.05,"2,280 mi",7,$0.1035
FCO,LFW,"2,502",$340.84,"2,476 mi",7,$0.1377
OTP,ALG,"2,501",$350.57,"1,351 mi",7,$0.2595
BCN,ITM,"2,501","$1,155.22","6,597 mi",7,$0.1751
LCY,YYZ,"2,501",$581.87,"3,458 mi",7,$0.1683
LIS,GOX,"2,501",$319.20,"5,017 mi",7,$0.0636
DUB,POA,"2,500",$628.02,"6,551 mi",7,$0.0959
MAD,OKC,"2,500",$845.70,"5,022 mi",7,$0.1684
NCE,LOS,"2,499",$963.01,"2,650 mi",7,$0.3634
AMS,ILM,"2,499",$759.74,"4,222 mi",7,$0.1799
CPH,BES,"2,499",$389.07,849 mi,7,$0.4583
GVA,VXE,"2,499",$370.25,"2,785 mi",7,$0.1329
MXP,HNL,"2,499",$665.08,"7,503 mi",7,$0.0886
FCO,VPS,"2,498",$796.19,"5,415 mi",7,$0.1470
LYS,TGD,"2,498",$160.93,762 mi,7,$0.2112
DUB,XNB,"2,498",$272.47,"3,795 mi",7,$0.0718
MXP,EAS,"2,497",$283.86,525 mi,7,$0.5407
PRG,KHI,"2,497",$352.70,"3,191 mi",7,$0.1105
AGP,PRN,"2,496",$153.09,"1,454 mi",7,$0.1053
PMI,SUF,"2,496",$198.26,701 mi,7,$0.2828
ARN,CCU,"2,496",$291.23,"4,075 mi",7,$0.0715
HEL,KHH,"2,496",$646.24,"5,203 mi",7,$0.1242
LGW,RDU,"2,495",$346.21,"3,996 mi",7,$0.0866
DUB,WLG,"2,495","$1,244.71","11,947 mi",7,$0.1042
FCO,ECN,"2,495",$85.81,"1,196 mi",7,$0.0717
WAW,KAO,"2,495",$246.02,967 mi,7,$0.2544
BOD,AYT,"2,494",$167.31,"1,775 mi",7,$0.0943
AGP,JMK,"2,494",$323.64,"1,591 mi",7,$0.2034
DUB,MYR,"2,494",$706.33,"3,816 mi",7,$0.1851
OTP,PHL,"2,494",$488.17,"4,980 mi",7,$0.0980
FCO,BSR,"2,493","$1,243.00","2,168 mi",7,$0.5733
MXP,VAA,"2,492",$356.80,"1,346 mi",7,$0.2651
ZRH,NAS,"2,492","$1,022.09","4,928 mi",7,$0.2074
AGP,AGA,"2,491",$139.31,506 mi,7,$0.2753
CPH,ALA,"2,491",$222.20,"2,983 mi",7,$0.0745
LGW,KHN,"2,491",$436.45,"5,514 mi",7,$0.0792
FCO,OKA,"2,491",$603.78,"6,375 mi",7,$0.0947
MAD,KTT,"2,491",$326.40,"2,226 mi",7,$0.1466
OTP,BHD,"2,491",$387.13,"1,526 mi",7,$0.2537
SVO,MJZ,"2,491",$183.98,"2,657 mi",7,$0.0692
HEL,AES,"2,490",$214.44,658 mi,7,$0.3259
SOF,BOM,"2,488",$514.50,"3,394 mi",7,$0.1516
CDG,FSD,"2,488",$747.06,"4,266 mi",7,$0.1751
GLA,HAJ,"2,487",$210.48,598 mi,7,$0.3520
ORY,ACC,"2,486",$250.31,"2,894 mi",7,$0.0865
ARN,PTY,"2,485",$643.90,"6,108 mi",7,$0.1054
LGW,BUQ,"2,485",$351.56,"5,375 mi",7,$0.0654
BRU,FOR,"2,484",$496.72,"4,686 mi",7,$0.1060
BCN,IOM,"2,483",$315.64,908 mi,7,$0.3476
EDI,DSS,"2,482",$946.08,"2,855 mi",7,$0.3314
MXP,BEL,"2,482",$710.60,"4,897 mi",7,$0.1451
LYS,MBA,"2,482",$279.45,"4,158 mi",7,$0.0672
MXP,ASW,"2,482",$174.63,"1,951 mi",7,$0.0895
FCO,XRY,"2,480",$450.19,"1,068 mi",7,$0.4215
CPH,YHZ,"2,479",$413.73,"3,366 mi",7,$0.1229
ARN,MBA,"2,478",$382.17,"4,693 mi",7,$0.0814
CPH,BAH,"2,478",$386.19,"2,857 mi",7,$0.1352
VIE,CHC,"2,478","$1,021.17","11,577 mi",7,$0.0882
BUD,YNT,"2,477",$195.33,"4,695 mi",7,$0.0416
EDI,VKO,"2,476",$849.15,"1,509 mi",7,$0.5627
FCO,ECP,"2,475",$897.54,"5,387 mi",7,$0.1666
BOD,DEN,"2,474",$809.21,"5,074 mi",7,$0.1595
LCY,VIE,"2,474",$263.97,748 mi,7,$0.3529
ZAG,SVQ,"2,474",$527.83,"1,305 mi",7,$0.4045
CDG,INI,"2,473",$107.41,"1,030 mi",7,$0.1043
GOT,MEL,"2,473",$718.35,"9,610 mi",7,$0.0748
PMI,SYD,"2,472","$1,236.76","10,336 mi",7,$0.1197
FCO,CHA,"2,472",$714.87,"5,147 mi",7,$0.1389
STN,SEZ,"2,471",$548.54,"4,917 mi",7,$0.1116
NCE,MCI,"2,470",$868.51,"4,774 mi",7,$0.1819
WAW,PIT,"2,469",$635.02,"4,358 mi",7,$0.1457
LHR,LOP,"2,468",$966.11,"7,595 mi",7,$0.1272
NCL,ISB,"2,468",$512.69,"3,880 mi",7,$0.1321
LHR,MGF,"2,467",$732.88,"5,865 mi",7,$0.1250
NCL,LIM,"2,467",$654.76,"6,145 mi",7,$0.1066
HEL,MVD,"2,466",$937.59,"7,749 mi",7,$0.1210
MAD,ROC,"2,466",$929.94,"3,802 mi",7,$0.2446
ZRH,MGA,"2,463",$470.80,"5,644 mi",7,$0.0834
AMS,REG,"2,463",$99.72,"1,148 mi",7,$0.0869
BCN,LIT,"2,463",$526.29,"5,035 mi",7,$0.1045
CDG,BGA,"2,463",$636.79,"5,357 mi",7,$0.1189
CDG,BTR,"2,462",$710.15,"4,959 mi",7,$0.1432
FCO,JAN,"2,462",$682.36,"5,172 mi",7,$0.1319
STN,VAN,"2,462",$276.20,"2,321 mi",7,$0.1190
BRU,ECN,"2,461",$144.40,"1,859 mi",7,$0.0777
BHX,AAL,"2,461",$287.87,578 mi,7,$0.4980
LHR,JIB,"2,461",$548.74,"3,569 mi",7,$0.1538
FCO,FRU,"2,460",$239.22,"3,007 mi",7,$0.0796
LHR,KGS,"2,460",$245.66,"1,634 mi",7,$0.1503
MAD,PBM,"2,460",$720.00,"3,879 mi",7,$0.1856
MAN,AAR,"2,460",$173.23,534 mi,7,$0.3244
LHR,LYP,"2,459",$528.60,"3,988 mi",7,$0.1325
MAD,SLZ,"2,459",$672.84,"3,809 mi",7,$0.1766
LHR,SKD,"2,458",$567.85,"3,142 mi",7,$0.1807
MXP,KGL,"2,458",$357.65,"3,434 mi",7,$0.1041
AMS,CHA,"2,458",$695.02,"4,480 mi",7,$0.1551
GLA,LUX,"2,456",$239.11,600 mi,7,$0.3985
OTP,LCG,"2,456",$239.29,"1,756 mi",7,$0.1363
BGY,KWI,"2,455",$104.66,"2,427 mi",7,$0.0431
ZRH,BUF,"2,455",$603.37,"4,149 mi",7,$0.1454
MXP,DAD,"2,454",$789.26,"6,050 mi",7,$0.1305
BCN,MSN,"2,454",$796.69,"4,292 mi",7,$0.1856
LYS,WDH,"2,454",$551.21,"4,633 mi",7,$0.1190
ATH,FAT,"2,453",$697.61,"6,980 mi",7,$0.0999
GOT,TPE,"2,453",$984.70,"5,255 mi",7,$0.1874
LHR,KOJ,"2,453",$890.94,"5,786 mi",7,$0.1540
ARN,OVD,"2,453",$276.31,"1,542 mi",7,$0.1792
LGW,ACI,"2,452",$162.32,130 mi,7,$1.2486
NCL,PLQ,"2,452",$639.85,917 mi,7,$0.6978
BRU,SZF,"2,451",$136.63,"1,709 mi",7,$0.0799
FCO,SMI,"2,451",$160.91,853 mi,7,$0.1886
BOD,KIX,"2,450",$825.80,"6,116 mi",7,$0.1350
DUB,DAY,"2,450",$716.08,"3,509 mi",7,$0.2041
AGP,CLT,"2,449",$807.63,"4,280 mi",7,$0.1887
GVA,BGW,"2,448",$282.94,"2,254 mi",7,$0.1255
OSL,KLR,"2,448",$178.31,297 mi,7,$0.6004
LHR,NPE,"2,448","$1,147.97","11,248 mi",7,$0.1021
VCE,AUH,"2,448",$394.41,"2,675 mi",7,$0.1474
CDG,FAI,"2,447","$2,827.77","4,545 mi",7,$0.6222
ORY,BGF,"2,447",$258.67,"3,303 mi",7,$0.0783
LHR,KMQ,"2,446","$1,832.98","6,003 mi",7,$0.3053
ZRH,DRW,"2,446","$1,120.73","8,093 mi",7,$0.1385
GLA,MCT,"2,445",$638.66,"3,717 mi",7,$0.1718
MAD,MFE,"2,445",$401.80,"5,455 mi",7,$0.0737
GVA,GYE,"2,445",$630.11,"6,319 mi",7,$0.0997
MAN,DCA,"2,445",$638.48,"3,437 mi",7,$0.1858
PRG,SCQ,"2,443",$352.92,"1,217 mi",7,$0.2900
BCN,AUA,"2,443",$637.28,"4,867 mi",7,$0.1309
BRU,SVO,"2,442",$528.73,"1,427 mi",7,$0.3705
AGP,BLR,"2,441",$510.91,"5,092 mi",7,$0.1003
GVA,HNL,"2,441",$681.56,"7,892 mi",7,$0.0864
ORY,PEI,"2,441",$490.17,"5,590 mi",7,$0.0877
PMI,EFL,"2,440",$246.21,930 mi,7,$0.2647
ZRH,LZS,"2,440",$175.31,280 mi,7,$0.6261
OSL,KTT,"2,439",$214.12,683 mi,7,$0.3135
HEL,SKP,"2,439",$201.91,"1,238 mi",7,$0.1631
ARN,CVG,"2,438",$627.34,"4,464 mi",7,$0.1405
NCE,CVG,"2,438",$999.66,"4,653 mi",7,$0.2148
STN,PVG,"2,438",$827.62,"5,872 mi",7,$0.1409
AGP,OLB,"2,437",$415.42,832 mi,7,$0.4993
ARN,CUR,"2,437",$648.72,"5,222 mi",7,$0.1242
MAD,LPI,"2,436",$213.00,"1,539 mi",7,$0.1384
AGP,RUN,"2,436",$595.32,"5,409 mi",7,$0.1101
EDI,KRS,"2,436",$362.92,471 mi,7,$0.7705
LCY,DXB,"2,435",$597.07,"3,293 mi",7,$0.1813
LGW,KKN,"2,435",$244.42,"1,560 mi",7,$0.1567
LHR,LKN,"2,435",$188.49,"1,208 mi",7,$0.1560
BCN,XNA,"2,434",$660.91,"5,062 mi",7,$0.1306
NCE,CAN,"2,433",$976.51,"6,037 mi",7,$0.1618
LYS,LIN,"2,433",$227.96,210 mi,7,$1.0855
SVO,JRO,"2,433",$664.58,"4,227 mi",7,$0.1572
PRG,CCU,"2,432",$473.74,"4,210 mi",7,$0.1125
BOD,HAV,"2,431",$374.25,"4,861 mi",7,$0.0770
ORY,MAO,"2,431",$539.95,"5,001 mi",7,$0.1080
VCE,BJV,"2,431",$249.92,"1,004 mi",7,$0.2489
NAP,DOH,"2,430",$476.51,"2,462 mi",7,$0.1935
OSL,GOA,"2,430",$190.91,"1,127 mi",7,$0.1694
FCO,PBM,"2,430",$695.67,"4,666 mi",7,$0.1491
OTP,ACC,"2,430",$532.45,"3,219 mi",7,$0.1654
STN,CPT,"2,430",$629.76,"5,854 mi",7,$0.1076
BRU,CCS,"2,429",$359.91,"4,991 mi",7,$0.0721
FCO,YQM,"2,429",$346.03,"3,574 mi",7,$0.0968
LHR,ATW,"2,429",$802.60,"3,975 mi",7,$0.2019
NAP,SVG,"2,429",$310.60,"1,260 mi",7,$0.2465
AMS,SYY,"2,428",$529.79,614 mi,7,$0.8629
VKO,DIY,"2,428",$98.64,"1,193 mi",7,$0.0827
NCE,TNR,"2,427",$652.30,"4,862 mi",7,$0.1342
EDI,BDL,"2,426",$408.78,"3,050 mi",7,$0.1340
MXP,FAE,"2,426",$231.01,"1,341 mi",7,$0.1723
LHR,VAA,"2,426",$341.85,"1,176 mi",7,$0.2907
VCE,COR,"2,425",$570.58,"6,929 mi",7,$0.0823
HEL,CMN,"2,424",$398.68,"2,438 mi",7,$0.1635
MRS,WDH,"2,424",$531.79,"4,481 mi",7,$0.1187
VIE,KRN,"2,424",$236.89,"1,327 mi",7,$0.1785
FCO,DLA,"2,423",$221.80,"2,694 mi",7,$0.0823
HEL,DAR,"2,423",$352.99,"4,566 mi",7,$0.0773
SOF,BRE,"2,423",$207.37,953 mi,7,$0.2176
CPH,DSS,"2,422",$498.34,"3,336 mi",7,$0.1494
VCE,ELP,"2,422",$480.39,"5,688 mi",7,$0.0845
LED,SVQ,"2,421",$146.16,"2,147 mi",7,$0.0681
MAD,KHI,"2,420",$559.58,"4,016 mi",7,$0.1393
SVO,LJU,"2,420",$552.88,"1,229 mi",7,$0.4499
AMS,LKN,"2,420",$186.85,"1,099 mi",7,$0.1700
NAP,IND,"2,419",$715.28,"5,113 mi",7,$0.1399
PMI,AGA,"2,419",$255.26,908 mi,7,$0.2811
VIE,MBJ,"2,419",$651.89,"5,311 mi",7,$0.1227
ARN,HAV,"2,418",$395.71,"5,047 mi",7,$0.0784
SVO,BER,"2,418",$656.29,963 mi,7,$0.6815
CDG,CCS,"2,417",$558.20,"4,600 mi",7,$0.1213
MAN,LGA,"2,416",$515.50,"3,229 mi",7,$0.1596
VIE,ABJ,"2,416",$974.10,"3,294 mi",7,$0.2957
GLA,DOH,"2,416",$490.44,"3,380 mi",7,$0.1451
LYS,GRZ,"2,415",$275.51,516 mi,7,$0.5339
BCN,RZE,"2,415",$152.57,"1,099 mi",7,$0.1388
BRU,UME,"2,415",$135.34,"1,093 mi",7,$0.1238
BUD,COV,"2,415",$116.23,"1,119 mi",7,$0.1039
BGY,EVE,"2,414",$174.54,"1,644 mi",7,$0.1062
DBV,BKK,"2,414",$833.68,"5,359 mi",7,$0.1556
ZRH,PRI,"2,414",$780.33,"4,439 mi",7,$0.1758
BHX,CAN,"2,414",$928.57,"5,732 mi",7,$0.1620
GVA,OUD,"2,414",$194.35,922 mi,7,$0.2108
ZRH,ABV,"2,414",$507.80,"2,578 mi",7,$0.1970
LHR,YIW,"2,413",$230.04,"5,964 mi",7,$0.0386
MAD,BHM,"2,413",$779.25,"4,307 mi",7,$0.1809
CDG,PSA,"2,412",$161.36,540 mi,7,$0.2988
GVA,PAS,"2,411",$475.58,"1,201 mi",7,$0.3960
LGW,COV,"2,411",$143.89,"2,042 mi",7,$0.0705
VIE,EVE,"2,411",$203.35,"1,366 mi",7,$0.1489
NAP,SJU,"2,409",$855.82,"5,042 mi",7,$0.1697
SOF,PHX,"2,409",$529.37,"6,663 mi",7,$0.0794
LIS,GUA,"2,409",$581.29,"5,287 mi",7,$0.1099
DME,KHI,"2,408",$524.52,"2,497 mi",7,$0.2101
ATH,XRY,"2,408",$655.50,"1,594 mi",7,$0.4112
GOT,RUH,"2,408",$444.70,"2,907 mi",7,$0.1530
GOT,AUH,"2,407",$694.01,"3,004 mi",7,$0.2310
OSL,HYD,"2,405",$510.93,"4,547 mi",7,$0.1124
OTP,ALA,"2,405",$372.69,"2,418 mi",7,$0.1541
SOF,SVQ,"2,404",$357.86,"1,630 mi",7,$0.2195
MAN,CGO,"2,404",$413.78,"5,108 mi",7,$0.0810
MXP,ABZ,"2,404",$430.67,953 mi,7,$0.4519
AMS,FCA,"2,403",$991.73,"4,754 mi",7,$0.2086
BCN,ABV,"2,403",$641.08,"2,321 mi",7,$0.2762
OSL,HAV,"2,403",$541.62,"4,818 mi",7,$0.1124
BRU,PBI,"2,402",$804.25,"4,445 mi",7,$0.1809
FCO,GRB,"2,402",$616.34,"4,571 mi",7,$0.1348
AMS,CGQ,"2,401",$302.13,"4,766 mi",7,$0.0634
LHR,CUU,"2,401",$768.14,"5,142 mi",7,$0.1494
ARN,KHI,"2,400",$265.27,"3,250 mi",7,$0.0816
LIS,SAV,"2,399","$1,010.38","4,096 mi",7,$0.2467
LYS,OUA,"2,399",$273.67,"2,408 mi",7,$0.1137
AMS,SBZ,"2,398",$265.18,951 mi,7,$0.2788
LIS,PRN,"2,398",$386.22,"1,642 mi",7,$0.2352
PMI,KLX,"2,398",$146.02,"1,025 mi",7,$0.1425
GOT,CWB,"2,398",$792.48,"6,546 mi",7,$0.1211
LHR,MDW,"2,398",$817.17,"3,827 mi",7,$0.2135
ARN,STL,"2,397",$723.10,"4,654 mi",7,$0.1554
MAN,PMO,"2,397",$226.11,"1,240 mi",7,$0.1823
PRG,SKD,"2,396",$234.36,"2,540 mi",7,$0.0923
LIS,PUS,"2,395",$617.39,"6,468 mi",7,$0.0955
SOF,TFN,"2,393",$226.33,"2,340 mi",7,$0.0967
FCO,SGF,"2,392",$656.85,"5,401 mi",7,$0.1216
LHR,JUB,"2,392",$450.58,"3,597 mi",7,$0.1253
OTP,GZP,"2,391",$221.82,637 mi,7,$0.3482
OTP,BOG,"2,391",$793.25,"6,296 mi",7,$0.1260
ATH,TOS,"2,390",$290.48,"2,267 mi",7,$0.1281
PMI,SJJ,"2,390",$263.11,829 mi,7,$0.3174
ATH,MYR,"2,390",$704.05,"5,279 mi",7,$0.1334
VKO,MQM,"2,389",$97.51,"1,241 mi",7,$0.0786
MRS,COO,"2,389",$435.00,"2,491 mi",7,$0.1746
DME,GIG,"2,388","$1,674.05","7,387 mi",7,$0.2266
FCO,SXM,"2,387",$859.08,"4,511 mi",7,$0.1904
WAW,BRS,"2,387",$285.31,980 mi,7,$0.2911
MAN,CLJ,"2,385",$262.68,"1,266 mi",7,$0.2075
VIE,SAI,"2,384","$1,411.97","5,589 mi",7,$0.2526
ZAG,TLS,"2,384",$230.33,714 mi,7,$0.3226
FCO,ASM,"2,383",$273.77,"2,351 mi",7,$0.1164
DBV,RDU,"2,383",$707.12,"4,769 mi",7,$0.1483
EDI,DUR,"2,382",$440.69,"6,063 mi",7,$0.0727
FCO,AVL,"2,382",$770.13,"4,716 mi",7,$0.1633
VIE,KGL,"2,382",$413.43,"3,448 mi",7,$0.1199
STN,AUH,"2,381",$165.38,"3,506 mi",7,$0.0472
LGW,CCS,"2,381",$657.21,"4,510 mi",7,$0.1457
DUB,ASR,"2,379",$312.72,"2,267 mi",7,$0.1379
NTE,ORD,"2,378",$836.93,"3,918 mi",7,$0.2136
VIE,BJX,"2,378",$646.97,"6,513 mi",7,$0.0993
VIE,YWG,"2,378",$511.02,"4,745 mi",7,$0.1077
ARN,FIH,"2,377",$277.84,"4,293 mi",7,$0.0647
CPH,SZF,"2,377",$128.51,"1,509 mi",7,$0.0852
LGW,BQT,"2,377",$103.93,999 mi,7,$0.1040
OSL,VAW,"2,376",$193.54,927 mi,7,$0.2088
ATH,SSA,"2,375",$701.41,"5,179 mi",7,$0.1354
FCO,MAO,"2,375",$636.68,"5,293 mi",7,$0.1203
BCN,ALB,"2,374",$655.19,"3,869 mi",7,$0.1693
NCE,MMX,"2,374",$189.95,839 mi,7,$0.2264
SOF,ALG,"2,374",$145.07,"1,113 mi",7,$0.1303
FCO,CKY,"2,373",$244.27,"2,806 mi",7,$0.0871
DBV,FLR,"2,373",$273.79,355 mi,7,$0.7712
AMS,ANU,"2,372",$473.25,"4,430 mi",6,$0.1068
ARN,MCT,"2,372",$385.86,"3,064 mi",6,$0.1259
BRU,POA,"2,372",$761.73,"6,338 mi",6,$0.1202
GVA,CWB,"2,372",$865.73,"5,862 mi",6,$0.1477
MAD,SYR,"2,372","$1,311.49","3,728 mi",6,$0.3518
CDG,TSA,"2,371",$517.20,"6,275 mi",6,$0.0824
GVA,CCS,"2,371",$809.79,"5,032 mi",6,$0.1609
GOT,ESB,"2,370",$235.54,"1,475 mi",6,$0.1597
LHR,SSG,"2,370","$1,212.43","3,239 mi",6,$0.3743
GLA,BSR,"2,369","$1,204.50","3,142 mi",6,$0.3834
MAD,VSA,"2,369",$494.99,"5,541 mi",6,$0.0893
AMS,CID,"2,368",$721.42,"4,378 mi",6,$0.1648
SOF,KWI,"2,368",$419.15,"1,600 mi",6,$0.2620
EDI,OMA,"2,368",$500.23,"4,134 mi",6,$0.1210
NCL,MSY,"2,368",$726.40,"4,358 mi",6,$0.1667
LYS,TBS,"2,367",$264.21,"1,930 mi",6,$0.1369
MRS,PUF,"2,367",$250.24,291 mi,6,$0.8599
MAN,CMH,"2,366",$667.42,"3,831 mi",6,$0.1742
LGW,BWI,"2,366",$233.11,"3,752 mi",6,$0.0621
ZAG,WRO,"2,365",$187.39,383 mi,6,$0.4893
ATH,MDE,"2,364",$673.88,"6,268 mi",6,$0.1075
HEL,LCG,"2,363",$468.78,"1,759 mi",6,$0.2665
ZAG,ESB,"2,363",$162.85,966 mi,6,$0.1686
PRG,RBA,"2,362",$360.56,"1,582 mi",6,$0.2279
GOT,SZG,"2,362",$198.26,703 mi,6,$0.2820
AMS,ZAD,"2,361",$185.23,768 mi,6,$0.2412
CDG,KAJ,"2,361",$282.56,"1,363 mi",6,$0.2073
LGW,CKY,"2,360",$279.34,"2,883 mi",6,$0.0969
PRG,SMF,"2,360",$520.94,"5,568 mi",6,$0.0936
PRG,KUO,"2,360",$282.59,994 mi,6,$0.2843
ZAG,EVN,"2,360",$373.18,"1,519 mi",6,$0.2457
ZRH,CTS,"2,360",$648.75,"5,745 mi",6,$0.1129
MAD,PNS,"2,359","$1,099.03","4,717 mi",6,$0.2330
BUD,OMA,"2,358",$476.27,"5,289 mi",6,$0.0900
VIE,CHS,"2,358",$916.66,"4,701 mi",6,$0.1950
BCN,GZT,"2,358",$305.93,"1,965 mi",6,$0.1557
ZRH,FMO,"2,358",$225.30,335 mi,6,$0.6725
BRU,MPM,"2,357",$480.31,"5,410 mi",6,$0.0888
VIE,EZS,"2,357",$86.59,"1,270 mi",6,$0.0682
AMS,CRK,"2,356",$475.56,"6,222 mi",6,$0.0764
BHX,BGW,"2,356",$264.80,"2,698 mi",6,$0.0981
MAN,PNH,"2,356",$605.69,"6,452 mi",6,$0.0939
ARN,KWI,"2,356",$315.06,"2,451 mi",6,$0.1285
PRG,RZE,"2,356",$182.59,354 mi,6,$0.5158
VKO,HBE,"2,355",$448.25,"1,796 mi",6,$0.2496
EDI,TYS,"2,355",$726.42,"3,987 mi",6,$0.1822
HEL,PNQ,"2,355","$1,168.52","3,856 mi",6,$0.3030
ORY,GLN,"2,355",$173.38,"1,467 mi",6,$0.1182
LED,SEZ,"2,354",$800.52,"4,802 mi",6,$0.1667
CDG,MID,"2,353",$710.54,"5,391 mi",6,$0.1318
LHR,SMI,"2,353",$240.63,"1,585 mi",6,$0.1518
SOF,LIN,"2,353",$128.71,704 mi,6,$0.1828
LHR,SAF,"2,352","$1,234.62","5,080 mi",6,$0.2430
PRG,ACC,"2,352",$622.52,"3,090 mi",6,$0.2015
SNN,PIT,"2,352",$613.64,"3,242 mi",6,$0.1893
STN,SWF,"2,352",$393.46,"3,540 mi",6,$0.1111
VKO,SCL,"2,352","$1,579.47","9,030 mi",6,$0.1749
ZRH,AAR,"2,352",$214.72,598 mi,6,$0.3591
OTP,DAR,"2,351",$472.58,"3,756 mi",6,$0.1258
CPH,SJU,"2,351",$308.51,"4,875 mi",6,$0.0633
MXP,BHD,"2,351",$347.31,920 mi,6,$0.3775
CDG,MGA,"2,350",$705.07,"5,695 mi",6,$0.1238
MAD,PRN,"2,350",$210.30,"1,314 mi",6,$0.1600
NCL,SZG,"2,350",$177.75,780 mi,6,$0.2279
BHX,TSR,"2,349",$239.06,"1,100 mi",6,$0.2173
LHR,EAS,"2,349",$385.63,547 mi,6,$0.7050
CPH,GOX,"2,348",$271.60,"4,338 mi",6,$0.0626
AMS,MSO,"2,347",$735.83,"4,549 mi",6,$0.1618
DUB,BHM,"2,347",$523.83,"3,904 mi",6,$0.1342
ZAG,ADL,"2,347",$975.80,"9,667 mi",6,$0.1009
LED,DAC,"2,346",$854.08,"3,889 mi",6,$0.2196
WAW,QKL,"2,346",$178.19,589 mi,6,$0.3025
DME,BER,"2,346",$300.58,980 mi,6,$0.3067
NCE,VAR,"2,345",$277.31,"1,063 mi",6,$0.2609
VKO,DAM,"2,344",$439.36,"1,487 mi",6,$0.2955
VKO,LUX,"2,344",$857.76,"1,395 mi",6,$0.6149
LHR,LBV,"2,344","$1,503.50","3,465 mi",6,$0.4339
ZAG,ABZ,"2,343",$481.51,"1,142 mi",6,$0.4216
CPH,XER,"2,343",$163.07,545 mi,6,$0.2992
MAD,VUP,"2,342",$557.34,"4,828 mi",6,$0.1154
ZRH,NAT,"2,342",$637.96,"4,680 mi",6,$0.1363
ATH,CNF,"2,342",$930.44,"5,752 mi",6,$0.1618
LHR,FAR,"2,342",$556.50,"3,912 mi",6,$0.1423
LIS,BIQ,"2,342",$440.65,526 mi,6,$0.8377
SNN,CLT,"2,342",$649.34,"3,505 mi",6,$0.1853
BHX,ISU,"2,341",$364.44,"2,632 mi",6,$0.1385
LYS,RDU,"2,341",$909.58,"4,109 mi",6,$0.2214
MXP,LLA,"2,339",$144.59,"1,509 mi",6,$0.0958
BUD,ETM,"2,339",$228.43,"1,439 mi",6,$0.1587
LHR,LVI,"2,338",$983.30,"4,893 mi",6,$0.2010
NCE,CMH,"2,338",$789.69,"4,534 mi",6,$0.1742
CDG,LPB,"2,337",$763.00,"6,433 mi",6,$0.1186
LGW,YOW,"2,336",$256.02,"3,442 mi",6,$0.0744
PMI,IOM,"2,335",$129.75,"1,029 mi",6,$0.1261
VKO,ERZ,"2,335",$144.05,"1,128 mi",6,$0.1277
BCN,OUA,"2,334",$123.22,"2,071 mi",6,$0.0595
WAW,ASR,"2,334",$258.35,"1,123 mi",6,$0.2301
GLA,KTM,"2,334",$506.25,"4,508 mi",6,$0.1123
MXP,SAV,"2,334","$1,090.38","4,811 mi",6,$0.2266
GOT,USM,"2,333",$430.22,"5,747 mi",6,$0.0749
PMI,VXO,"2,332",$137.28,"1,357 mi",6,$0.1012
BRU,BRS,"2,332",$192.63,323 mi,6,$0.5964
WAW,KBV,"2,332",$294.79,"5,112 mi",6,$0.0577
ORY,SHJ,"2,331",$150.62,"3,360 mi",6,$0.0448
CPH,MJT,"2,331",$148.16,"1,273 mi",6,$0.1164
LHR,BAQ,"2,331",$740.68,"4,808 mi",6,$0.1541
STN,SGN,"2,331",$583.30,"6,123 mi",6,$0.0953
GLA,NUE,"2,330",$175.20,759 mi,6,$0.2308
AMS,PSP,"2,330",$835.01,"5,349 mi",6,$0.1561
BRU,SZZ,"2,330",$206.92,492 mi,6,$0.4206
LED,XMN,"2,330",$373.71,"4,833 mi",6,$0.0773
ATH,ALB,"2,329",$565.86,"4,703 mi",6,$0.1203
LHR,UDI,"2,329",$746.48,"5,820 mi",6,$0.1283
GLA,RIX,"2,329",$182.14,"1,113 mi",6,$0.1636
GLA,USM,"2,328",$705.82,"6,036 mi",6,$0.1169
MRS,BJV,"2,328",$273.37,"1,290 mi",6,$0.2119
VKO,KUL,"2,328",$362.75,"4,931 mi",6,$0.0736
AGP,TGD,"2,328",$610.19,"1,360 mi",6,$0.4487
EDI,ABQ,"2,328",$609.06,"4,574 mi",6,$0.1332
BOD,BLL,"2,327",$269.20,843 mi,6,$0.3193
LHR,YQQ,"2,327",$403.69,"4,864 mi",6,$0.0830
CDG,HBE,"2,326",$157.13,"1,944 mi",6,$0.0808
DME,SGC,"2,326",$134.39,"1,371 mi",6,$0.0980
MXP,MAO,"2,325",$629.19,"5,200 mi",6,$0.1210
VCE,SYR,"2,325",$513.56,"4,264 mi",6,$0.1204
FCO,TLH,"2,324",$608.45,"5,318 mi",6,$0.1144
MAN,WNZ,"2,324",$417.54,"5,696 mi",6,$0.0733
NCL,MAA,"2,324",$629.35,"5,009 mi",6,$0.1256
VIE,XER,"2,324",$201.54,419 mi,6,$0.4810
BHX,YUL,"2,324",$450.40,"3,068 mi",6,$0.1468
GOT,ZNZ,"2,323",$297.97,"4,805 mi",6,$0.0620
SNN,SAN,"2,323",$853.75,"4,980 mi",6,$0.1714
ZRH,GOX,"2,322",$320.65,"4,402 mi",6,$0.0728
ZAG,PHX,"2,322",$614.20,"5,896 mi",6,$0.1042
PRG,AES,"2,321",$363.91,941 mi,6,$0.3867
BHX,SYZ,"2,321",$233.30,"3,243 mi",6,$0.0719
CPH,KGL,"2,321",$346.84,"3,977 mi",6,$0.0872
LHR,KYA,"2,320",$237.00,"1,902 mi",6,$0.1246
AGP,TPE,"2,319",$763.79,"7,106 mi",6,$0.1075
FCO,VVI,"2,319",$487.45,"6,119 mi",6,$0.0797
LGW,OKA,"2,319",$323.47,"6,037 mi",6,$0.0536
ATH,GUA,"2,318",$640.91,"6,654 mi",6,$0.0963
ZAG,NBO,"2,318",$487.86,"3,597 mi",6,$0.1356
LIS,KBV,"2,317",$495.03,"7,027 mi",6,$0.0704
HEL,COV,"2,316",$326.38,"1,629 mi",6,$0.2004
EDI,LGA,"2,316",$758.32,"3,147 mi",6,$0.2410
FCO,HUY,"2,316",$293.54,969 mi,6,$0.3029
GLA,GDN,"2,316",$370.10,933 mi,6,$0.3967
ATH,SHA,"2,315",$599.43,"5,134 mi",6,$0.1168
ZRH,OKC,"2,315",$673.69,"4,968 mi",6,$0.1356
CPH,BDU,"2,315",$261.85,918 mi,6,$0.2852
MAD,KIN,"2,315",$866.77,"4,688 mi",6,$0.1849
ZRH,DAM,"2,315",$210.21,"1,799 mi",6,$0.1168
ZRH,ERZ,"2,315",$124.82,"1,644 mi",6,$0.0759
MAD,YYJ,"2,314",$458.06,"5,112 mi",6,$0.0896
CDG,MJN,"2,314",$521.71,"5,054 mi",6,$0.1032
MXP,CNS,"2,314",$804.93,"9,550 mi",6,$0.0843
LHR,TZX,"2,313",$397.89,"2,086 mi",6,$0.1907
FCO,BZV,"2,313",$788.51,"3,091 mi",6,$0.2551
MAN,GZT,"2,313",$204.18,"2,270 mi",6,$0.0899
MXP,JER,"2,313",$368.30,549 mi,6,$0.6709
BOD,MNL,"2,312",$666.41,"7,162 mi",6,$0.0930
VIE,MDE,"2,312",$487.74,"5,813 mi",6,$0.0839
EDI,ABV,"2,312",$536.31,"3,195 mi",6,$0.1679
GLA,SID,"2,311",$207.89,"2,788 mi",6,$0.0746
LHR,MFM,"2,310",$324.29,"5,802 mi",6,$0.0559
OTP,PER,"2,309",$996.32,"7,950 mi",6,$0.1253
STN,LOS,"2,308",$277.98,"3,229 mi",6,$0.0861
BCN,CTS,"2,308",$459.25,"5,924 mi",6,$0.0775
AMS,COR,"2,306",$520.42,"6,899 mi",6,$0.0754
MAN,ORF,"2,305","$1,020.80","3,494 mi",6,$0.2922
LCY,LAX,"2,304",$875.94,"5,622 mi",6,$0.1558
MAN,SCQ,"2,304",$309.65,752 mi,6,$0.4118
LYS,LCG,"2,303",$249.02,703 mi,6,$0.3542
NAP,PBI,"2,302","$1,048.41","5,092 mi",6,$0.2059
DUB,AAR,"2,302",$172.59,677 mi,6,$0.2549
GOT,LIM,"2,302",$671.62,"6,689 mi",6,$0.1004
LHR,MLB,"2,301","$1,244.43","4,445 mi",6,$0.2800
PMI,PTY,"2,301",$516.42,"5,240 mi",6,$0.0986
GLA,KWI,"2,301",$695.06,"3,227 mi",6,$0.2154
ARN,MCI,"2,300",$534.20,"4,744 mi",6,$0.1126
OTP,SSH,"2,298",$184.63,"1,271 mi",6,$0.1453
MAD,KYA,"2,298",$407.15,"1,986 mi",6,$0.2050
MAN,UME,"2,298",$203.20,"1,108 mi",6,$0.1834
MRS,PTY,"2,298",$605.28,"5,684 mi",6,$0.1065
VIE,MLX,"2,297",$102.91,"1,227 mi",6,$0.0839
PRG,RUN,"2,296",$420.91,"5,349 mi",6,$0.0787
DUB,SKT,"2,296",$468.44,"4,205 mi",6,$0.1114
LIS,OMA,"2,296",$703.58,"4,254 mi",6,$0.1654
LIS,SKT,"2,296",$439.86,"4,404 mi",6,$0.0999
ATH,SEZ,"2,295",$389.84,"3,680 mi",6,$0.1059
GLA,GRU,"2,295","$1,013.62","5,828 mi",6,$0.1739
VIE,BGI,"2,295",$885.23,"5,055 mi",6,$0.1751
CDG,SGF,"2,294",$630.23,"4,440 mi",6,$0.1419
AMS,MHD,"2,294",$238.93,"2,938 mi",6,$0.0813
AMS,TLH,"2,294",$676.00,"4,415 mi",6,$0.1531
NCL,YUL,"2,294",$623.42,"3,197 mi",6,$0.1950
ARN,TMP,"2,293",$62.02,221 mi,6,$0.2806
MAD,BHI,"2,293",$589.42,"6,405 mi",6,$0.0920
ZRH,ORF,"2,293",$677.72,"4,308 mi",6,$0.1573
GOT,FNC,"2,293",$231.14,"2,263 mi",6,$0.1021
MAN,STL,"2,292",$753.46,"4,186 mi",6,$0.1800
AMS,MDT,"2,292",$548.31,"3,658 mi",6,$0.1499
ZRH,ANC,"2,291",$830.83,"4,981 mi",6,$0.1668
LED,VAR,"2,291",$319.49,"1,183 mi",6,$0.2701
BGY,KTM,"2,290",$308.71,"4,084 mi",6,$0.0756
NAP,CMH,"2,290",$633.14,"4,954 mi",6,$0.1278
LIS,CTG,"2,290",$587.14,"4,634 mi",6,$0.1267
ZRH,UME,"2,288",$222.95,"1,249 mi",6,$0.1785
MXP,RAI,"2,288",$217.66,"2,740 mi",6,$0.0794
NCL,BSR,"2,288","$1,075.11","3,020 mi",6,$0.3560
CPH,KLX,"2,287",$172.68,"1,314 mi",6,$0.1314
BCN,SXM,"2,286",$781.99,"4,250 mi",6,$0.1840
LGW,KWI,"2,285",$483.72,"2,801 mi",6,$0.1727
ATH,CWB,"2,284",$776.59,"6,256 mi",6,$0.1241
BRU,VTE,"2,284",$428.62,"5,433 mi",6,$0.0789
VCE,TUL,"2,284",$578.89,"5,084 mi",6,$0.1139
SVO,YYZ,"2,284",$774.23,"4,500 mi",6,$0.1721
VIE,RTB,"2,284",$711.14,"5,786 mi",6,$0.1229
MXP,YOW,"2,283",$600.33,"3,767 mi",6,$0.1594
MAD,SOU,"2,282",$299.46,708 mi,6,$0.4230
AMS,CLY,"2,282",$135.54,723 mi,6,$0.1875
CPH,PVK,"2,282",$151.42,"1,249 mi",6,$0.1212
BCN,UBN,"2,281",$431.47,"4,622 mi",6,$0.0934
BOD,HAJ,"2,281",$366.96,687 mi,6,$0.5341
ATH,XNA,"2,280",$655.17,"6,148 mi",6,$0.1066
CPH,RSW,"2,280",$445.06,"5,034 mi",6,$0.0884
CPH,SCQ,"2,280",$297.18,"1,246 mi",6,$0.2385
SVO,NER,"2,280",$256.86,"3,012 mi",6,$0.0853
AGP,PED,"2,279",$89.90,"1,405 mi",6,$0.0640
DUB,STI,"2,279",$348.21,"4,221 mi",6,$0.0825
MRS,PNR,"2,279",$929.48,"3,461 mi",6,$0.2686
AMS,GNV,"2,278",$577.68,"4,640 mi",6,$0.1245
NCE,BVE,"2,278",$167.92,310 mi,6,$0.5417
DBV,MSY,"2,276",$842.18,"5,510 mi",6,$0.1528
LHR,BGR,"2,276",$988.22,"3,161 mi",6,$0.3126
LHR,TAE,"2,276",$826.87,"5,831 mi",6,$0.1418
VKO,BRI,"2,275",$382.88,"1,321 mi",6,$0.2898
CDG,MFM,"2,275",$543.69,"5,776 mi",6,$0.0941
LHR,AXM,"2,275",$479.99,"5,187 mi",6,$0.0925
MXP,BES,"2,275",$359.61,667 mi,6,$0.5391
LHR,ASE,"2,274","$2,121.21","4,624 mi",6,$0.4587
OTP,CUR,"2,273",$680.59,"5,698 mi",6,$0.1194
CDG,DAM,"2,272",$336.57,"2,104 mi",6,$0.1600
LHR,KCZ,"2,272","$1,475.08","6,115 mi",6,$0.2412
OTP,PKX,"2,271",$468.04,"4,531 mi",6,$0.1033
DUB,DSS,"2,271",$748.83,"2,823 mi",6,$0.2653
ARN,KSC,"2,270",$94.43,748 mi,6,$0.1262
CDG,MDW,"2,270",$526.41,"4,020 mi",6,$0.1309
LHR,BUR,"2,269","$1,167.84","5,263 mi",6,$0.2219
LYS,YYC,"2,269",$362.13,"4,682 mi",6,$0.0773
CDG,UKB,"2,268",$916.44,"5,789 mi",6,$0.1583
AMS,HAK,"2,267",$433.97,"5,592 mi",6,$0.0776
LGW,CMF,"2,267",$292.29,485 mi,6,$0.6027
SVO,INI,"2,267",$240.27,"1,144 mi",6,$0.2100
AMS,PWM,"2,266",$822.06,"3,465 mi",6,$0.2372
LHR,LPI,"2,266",$322.93,815 mi,6,$0.3962
LYS,KGS,"2,266",$194.67,"1,254 mi",6,$0.1552
MRS,NSI,"2,266",$438.69,"2,854 mi",6,$0.1537
ATH,XER,"2,265",$180.03,"1,127 mi",6,$0.1597
VIE,GDL,"2,265",$572.64,"6,612 mi",6,$0.0866
MAD,SKT,"2,265",$236.19,"4,348 mi",6,$0.0543
PRG,CKG,"2,265",$145.76,"4,915 mi",6,$0.0297
LIS,TOS,"2,264",$262.56,"2,298 mi",6,$0.1143
BOD,BRE,"2,264",$279.68,733 mi,6,$0.3816
BRU,NKC,"2,264",$253.79,"2,591 mi",6,$0.0980
LHR,IXR,"2,263",$394.52,"4,651 mi",6,$0.0848
DUB,BTV,"2,262",$597.32,"2,892 mi",6,$0.2065
OTP,DRS,"2,262",$272.10,706 mi,6,$0.3854
VIE,KRS,"2,262",$188.09,803 mi,6,$0.2342
OTP,OLB,"2,261",$258.94,851 mi,6,$0.3043
DUB,SJJ,"2,260",$135.57,"1,256 mi",6,$0.1079
MRS,RMO,"2,260",$294.97,"1,140 mi",6,$0.2587
AMS,VAN,"2,259",$160.96,"2,131 mi",6,$0.0755
EDI,SAV,"2,259",$730.55,"4,076 mi",6,$0.1792
OTP,BNA,"2,258",$672.38,"5,622 mi",6,$0.1196
AMS,BDU,"2,258",$213.80,"1,204 mi",6,$0.1776
AMS,JAC,"2,258",$935.38,"4,924 mi",6,$0.1900
ARN,RBA,"2,257",$323.77,"2,029 mi",6,$0.1596
ZRH,ROC,"2,257",$805.48,"3,859 mi",6,$0.2087
CPH,JAX,"2,257",$655.84,"4,526 mi",6,$0.1449
MAD,RNO,"2,256",$932.92,"5,438 mi",6,$0.1716
FCO,COS,"2,256",$512.99,"5,772 mi",6,$0.0889
LGW,HAU,"2,256",$248.98,586 mi,6,$0.4249
CPH,SMF,"2,255",$531.64,"5,225 mi",6,$0.1017
AGP,WNZ,"2,254",$280.23,"6,534 mi",6,$0.0429
HEL,MSY,"2,254","$1,104.79","5,368 mi",6,$0.2058
MAD,MCZ,"2,254",$582.95,"4,141 mi",6,$0.1408
GOT,KIX,"2,253",$551.19,"5,110 mi",6,$0.1079
BUD,TZX,"2,253",$112.38,"1,073 mi",6,$0.1047
DBV,BNE,"2,253","$1,345.78","9,421 mi",6,$0.1428
SOF,JED,"2,253",$332.65,"1,764 mi",6,$0.1886
HEL,USM,"2,252",$581.41,"5,291 mi",6,$0.1099
BCN,TNR,"2,252",$783.99,"4,915 mi",6,$0.1595
LHR,AJA,"2,252",$344.65,815 mi,6,$0.4229
VIE,SID,"2,251",$408.99,"3,013 mi",6,$0.1357
ATH,SZF,"2,250",$218.46,688 mi,6,$0.3175
PRG,QKL,"2,249",$111.15,316 mi,6,$0.3517
BOD,SOF,"2,248",$192.52,"1,244 mi",6,$0.1548
AGP,ZAZ,"2,248",$144.10,379 mi,6,$0.3802
MXP,LYR,"2,248",$257.96,"2,193 mi",6,$0.1176
SOF,DTW,"2,247",$499.85,"4,867 mi",6,$0.1027
EDI,DSM,"2,247",$533.60,"3,808 mi",6,$0.1401
VCE,FLN,"2,247",$576.22,"6,524 mi",6,$0.0883
PRG,MTY,"2,247",$789.45,"6,015 mi",6,$0.1312
BUD,FRU,"2,246",$189.88,"2,567 mi",6,$0.0740
HEL,ALG,"2,246",$307.84,"1,835 mi",6,$0.1678
LHR,EIS,"2,246",$880.21,"3,995 mi",6,$0.2203
STN,BAH,"2,245",$197.53,"3,237 mi",6,$0.0610
DUB,XNA,"2,245",$402.26,"4,308 mi",6,$0.0934
LGW,CAI,"2,245",$207.98,"2,239 mi",6,$0.0929
OSL,BHD,"2,244",$297.85,715 mi,6,$0.4166
PMI,CLT,"2,244",$831.49,"4,563 mi",6,$0.1822
PRG,LOS,"2,244","$1,101.20","3,165 mi",6,$0.3479
BCN,SEN,"2,243",$153.57,692 mi,6,$0.2219
CPH,OGU,"2,243",$185.50,"1,485 mi",6,$0.1249
NCE,LJU,"2,243",$326.33,408 mi,6,$0.7998
MXP,HFE,"2,243",$420.32,"5,286 mi",6,$0.0795
CDG,VCA,"2,240",$528.14,"6,093 mi",6,$0.0867
DUB,MDT,"2,240",$318.34,"3,211 mi",6,$0.0991
NCE,PUF,"2,240",$306.56,372 mi,6,$0.8241
PRG,JER,"2,240",$336.71,759 mi,6,$0.4436
BCN,YXE,"2,239",$450.98,"4,846 mi",6,$0.0931
FCO,NWI,"2,239",$258.77,881 mi,6,$0.2937
LCY,LIS,"2,238",$235.42,955 mi,6,$0.2465
ATH,GRZ,"2,237",$201.29,737 mi,6,$0.2731
NCE,PNH,"2,237",$487.19,"5,862 mi",6,$0.0831
VCE,GYD,"2,237",$251.53,"1,976 mi",6,$0.1273
CDG,NAG,"2,236",$337.39,"4,390 mi",6,$0.0769
ZRH,AUA,"2,235",$645.89,"5,204 mi",6,$0.1241
STN,VAS,"2,235",$189.76,"1,867 mi",6,$0.1016
BCN,NGY,"2,234",$502.74,"6,234 mi",6,$0.0806
CPH,TMP,"2,234",$91.23,544 mi,6,$0.1677
CPH,ORF,"2,234",$507.22,"4,001 mi",6,$0.1268
MAN,NGO,"2,232","$1,036.63","6,043 mi",6,$0.1715
OTP,KBV,"2,232",$572.01,"5,135 mi",6,$0.1114
PRG,BOO,"2,232",$196.12,"1,222 mi",6,$0.1605
ATH,BDL,"2,231",$546.22,"4,686 mi",6,$0.1166
GVA,MPM,"2,231",$782.59,"5,096 mi",6,$0.1536
MAD,NIM,"2,231",$211.83,"1,841 mi",6,$0.1151
GVA,PPT,"2,231","$1,721.03","10,318 mi",6,$0.1668
LHR,LFW,"2,231",$769.63,"3,226 mi",6,$0.2386
LCY,DTW,"2,230",$893.51,"3,888 mi",6,$0.2298
NCL,NBO,"2,230",$787.61,"4,598 mi",6,$0.1713
CPH,SVJ,"2,230",$201.20,901 mi,6,$0.2233
MAD,EBL,"2,230",$307.69,"2,483 mi",6,$0.1239
DME,BEN,"2,229",$375.49,"1,769 mi",6,$0.2123
EDI,TRF,"2,229",$43.64,568 mi,6,$0.0768
ARN,OSR,"2,228",$128.31,709 mi,6,$0.1810
STN,RZV,"2,227",$231.98,"2,096 mi",6,$0.1107
CDG,RNB,"2,227",$207.59,708 mi,6,$0.2932
HEL,SJO,"2,227",$635.06,"6,067 mi",6,$0.1047
LGW,PUS,"2,227",$360.21,"5,550 mi",6,$0.0649
MAD,ONT,"2,227",$605.28,"5,620 mi",6,$0.1077
AMS,KBV,"2,226",$507.90,"5,774 mi",6,$0.0880
CPH,BSR,"2,226",$251.24,"2,355 mi",6,$0.1067
NTE,ICN,"2,226",$901.44,"5,941 mi",6,$0.1517
NCE,SJU,"2,226",$927.57,"4,381 mi",6,$0.2117
MXP,FRU,"2,225",$274.77,"3,255 mi",6,$0.0844
AMS,ALP,"2,225",$224.75,"1,872 mi",6,$0.1201
LED,TAO,"2,225",$523.33,"4,205 mi",6,$0.1245
WAW,FDF,"2,224",$639.69,"5,240 mi",6,$0.1221
AMS,FAI,"2,224",$944.05,"4,339 mi",6,$0.2176
FCO,CNX,"2,224",$390.82,"5,042 mi",6,$0.0775
GOT,GSO,"2,223",$848.83,"4,358 mi",6,$0.1948
CDG,FCA,"2,222","$1,129.99","4,589 mi",6,$0.2462
CPH,XIY,"2,221",$439.77,"4,649 mi",6,$0.0946
CPH,EZS,"2,221",$134.94,"1,749 mi",6,$0.0772
MAN,PHC,"2,221",$496.80,"3,481 mi",6,$0.1427
MAD,QYG,"2,220",$157.23,"1,244 mi",6,$0.1264
GLA,SKG,"2,219",$274.64,"1,679 mi",6,$0.1636
NAP,HAV,"2,219",$409.93,"5,690 mi",6,$0.0720
LIS,GRR,"2,219",$683.12,"3,978 mi",6,$0.1717
BCN,ILM,"2,218",$675.54,"4,111 mi",6,$0.1643
BOD,EZE,"2,218",$881.65,"6,387 mi",6,$0.1380
LYS,JRO,"2,218",$418.88,"4,039 mi",6,$0.1037
LHR,KGC,"2,217","$1,266.18","9,808 mi",6,$0.1291
LGW,WLG,"2,217","$1,344.50","12,069 mi",6,$0.1114
OTP,TIV,"2,217",$136.53,387 mi,6,$0.3528
BOD,JED,"2,216","$1,044.35","2,845 mi",6,$0.3671
HEL,VKO,"2,216",$401.96,538 mi,6,$0.7471
NTE,GRU,"2,215",$924.41,"5,788 mi",6,$0.1597
STN,EZS,"2,215",$221.88,"2,015 mi",6,$0.1101
VIE,DUR,"2,215",$482.59,"5,282 mi",6,$0.0914
GVA,PUF,"2,214",$192.38,387 mi,6,$0.4971
AGP,GYE,"2,213",$383.10,"5,668 mi",6,$0.0676
DUB,HSV,"2,212",$618.58,"3,854 mi",6,$0.1605
LHR,ILY,"2,212",$297.54,364 mi,6,$0.8174
VCE,DMM,"2,212",$566.32,"2,513 mi",6,$0.2254
FCO,WLG,"2,211","$1,192.56","11,190 mi",6,$0.1066
PRG,EBL,"2,211",$254.36,"1,812 mi",6,$0.1404
PRG,SAT,"2,211",$554.07,"5,739 mi",6,$0.0965
DME,BKO,"2,210",$755.54,"3,728 mi",6,$0.2027
LED,DMM,"2,210",$617.54,"2,409 mi",6,$0.2563
NTE,TFN,"2,210",$306.97,"1,560 mi",6,$0.1968
AMS,MJI,"2,209",$540.21,"1,449 mi",6,$0.3728
WAW,CCU,"2,208",$428.93,"3,928 mi",6,$0.1092
SVO,MFM,"2,207",$257.26,"4,564 mi",6,$0.0564
ZAG,RAK,"2,207",$349.07,"1,663 mi",6,$0.2099
BRU,BEL,"2,207",$913.35,"4,613 mi",6,$0.1980
LYS,LGA,"2,206",$145.10,"3,707 mi",6,$0.0391
AMS,FAT,"2,206",$604.62,"5,272 mi",6,$0.1147
PMI,LJU,"2,206",$263.72,728 mi,6,$0.3623
ATH,CCU,"2,205",$422.06,"4,029 mi",6,$0.1048
CPH,MQM,"2,205",$132.14,"1,873 mi",6,$0.0705
PRG,DAC,"2,205",$480.43,"4,236 mi",6,$0.1134
BRU,VVI,"2,205",$413.05,"6,430 mi",6,$0.0642
CDG,GEO,"2,203",$994.93,"4,438 mi",6,$0.2242
ATH,YQR,"2,203",$468.68,"5,413 mi",6,$0.0866
NAP,MRU,"2,202",$772.76,"5,220 mi",6,$0.1480
BCN,RAI,"2,202",$191.01,"2,307 mi",6,$0.0828
CDG,PBM,"2,202","$1,159.68","4,366 mi",6,$0.2656
DUB,AMD,"2,202",$762.25,"4,636 mi",6,$0.1644
DME,BZV,"2,201",$800.95,"4,449 mi",6,$0.1800
ORY,BOS,"2,201",$409.33,"3,542 mi",6,$0.1156
LHR,PMR,"2,200","$1,109.90","11,294 mi",6,$0.0983
SOF,BLR,"2,200",$427.29,"3,692 mi",6,$0.1157
SVO,TUN,"2,200",$330.38,"1,882 mi",6,$0.1755
EDI,GOX,"2,199",$358.16,"4,684 mi",6,$0.0765
VKO,BOS,"2,199",$652.60,"4,346 mi",6,$0.1502
OTP,ZSB,"2,198",$577.41,642 mi,6,$0.8994
SOF,CPT,"2,198",$777.12,"5,146 mi",6,$0.1510
PRG,YHZ,"2,197",$335.82,"3,585 mi",6,$0.0937
LED,CGQ,"2,197",$220.71,"3,951 mi",6,$0.0559
STN,DOH,"2,196",$111.01,"3,332 mi",6,$0.0333
LHR,YCD,"2,196",$418.06,"4,592 mi",6,$0.0910
WAW,ACC,"2,196",$459.48,"3,538 mi",6,$0.1299
PRG,DLM,"2,195",$111.27,"1,209 mi",6,$0.0920
EDI,SZX,"2,195",$430.06,"6,067 mi",6,$0.0709
EDI,TUS,"2,195",$880.64,"5,174 mi",6,$0.1702
FCO,PEI,"2,195",$445.46,"5,716 mi",6,$0.0779
VCE,YWG,"2,195",$527.56,"4,475 mi",6,$0.1179
ZRH,OGU,"2,195",$123.48,"1,473 mi",6,$0.0838
BUD,LOS,"2,194",$653.18,"2,887 mi",6,$0.2262
VIE,GWT,"2,194",$169.28,570 mi,6,$0.2970
CPH,SXM,"2,194",$777.25,"4,503 mi",6,$0.1726
NCL,YYC,"2,194",$623.66,"4,264 mi",6,$0.1463
VIE,RUN,"2,192",$433.17,"5,181 mi",6,$0.0836
WAW,IVL,"2,192",$251.39,"1,121 mi",6,$0.2243
FCO,PNH,"2,192",$531.38,"5,996 mi",6,$0.0886
BOD,LAS,"2,191",$753.16,"5,674 mi",6,$0.1327
LED,CKG,"2,191",$292.06,"3,881 mi",6,$0.0753
ZRH,BDA,"2,191","$2,179.57","3,753 mi",6,$0.5808
CDG,GPT,"2,190",$912.31,"4,876 mi",6,$0.1871
MAN,EVN,"2,190",$284.54,"2,410 mi",6,$0.1181
AMS,XRY,"2,189",$547.31,"1,233 mi",6,$0.4439
BOD,GIG,"2,189",$794.54,"5,225 mi",6,$0.1521
MAN,SHE,"2,189",$227.31,"5,280 mi",6,$0.0431
ARN,LCG,"2,188",$420.24,"1,626 mi",6,$0.2585
SVO,AGA,"2,188",$439.46,"2,781 mi",6,$0.1580
ARN,RSW,"2,187",$491.55,"5,121 mi",6,$0.0960
HEL,CLJ,"2,187",$231.07,908 mi,6,$0.2545
CPH,AMD,"2,187",$392.65,"3,865 mi",6,$0.1016
OTP,CLE,"2,187",$465.31,"4,864 mi",6,$0.0957
VKO,ZNZ,"2,186",$375.12,"4,400 mi",6,$0.0853
ATH,DAY,"2,186",$684.92,"5,236 mi",6,$0.1308
CPH,KAJ,"2,186",$213.13,765 mi,6,$0.2786
MAD,JAI,"2,186",$294.99,"4,376 mi",6,$0.0674
SNN,PHL,"2,186",$398.51,"3,071 mi",6,$0.1298
CPH,HOV,"2,185",$176.48,495 mi,6,$0.3565
SOF,PMO,"2,185",$98.04,606 mi,6,$0.1618
LHR,TRI,"2,184",$722.03,"3,863 mi",6,$0.1869
LHR,MJT,"2,184",$246.36,"1,604 mi",6,$0.1536
BUD,ORK,"2,183",$344.85,"1,232 mi",6,$0.2799
HEL,YOW,"2,183",$683.54,"3,779 mi",6,$0.1809
CDG,JDO,"2,182",$540.54,"4,771 mi",6,$0.1133
VIE,POA,"2,182",$907.03,"6,622 mi",6,$0.1370
BHX,COV,"2,182",$160.99,"2,010 mi",6,$0.0801
BOD,CKY,"2,182",$456.38,"2,631 mi",6,$0.1735
PMI,TBS,"2,181",$304.10,"2,263 mi",6,$0.1344
CPH,CHS,"2,181",$775.29,"4,610 mi",6,$0.1682
CPH,TRV,"2,181",$357.08,"4,600 mi",6,$0.0776
EDI,BEY,"2,180",$335.76,"2,317 mi",6,$0.1449
FCO,UBN,"2,180",$474.49,"4,490 mi",6,$0.1057
BOD,TFN,"2,179",$192.08,"1,461 mi",6,$0.1315
FCO,MLO,"2,179",$314.23,720 mi,6,$0.4364
GVA,SPC,"2,179",$360.06,"1,827 mi",6,$0.1971
LHR,SXR,"2,179",$230.05,"3,937 mi",6,$0.0584
MAD,PTP,"2,179",$427.51,"3,706 mi",6,$0.1154
ZRH,LOP,"2,179",$594.81,"7,714 mi",6,$0.0771
OSL,CUR,"2,178",$620.03,"5,302 mi",6,$0.1169
BUD,ASR,"2,177",$98.24,"1,041 mi",6,$0.0944
CDG,KIN,"2,177",$618.05,"4,667 mi",6,$0.1324
BCN,CFE,"2,176",$278.50,324 mi,6,$0.8596
AMS,RZV,"2,176",$297.59,"1,793 mi",6,$0.1660
GVA,LBV,"2,176",$922.47,"3,074 mi",6,$0.3001
MAD,PMW,"2,176",$511.40,"4,388 mi",6,$0.1165
FCO,RGN,"2,175",$435.18,"4,983 mi",6,$0.0873
OSL,MJT,"2,175",$172.19,"1,656 mi",6,$0.1040
HEL,BOO,"2,174",$169.36,560 mi,6,$0.3024
VIE,SSA,"2,174",$718.67,"5,227 mi",6,$0.1375
ZRH,MME,"2,174",$256.80,631 mi,6,$0.4070
BRU,TKU,"2,173",$130.20,982 mi,6,$0.1326
AGP,YHZ,"2,173",$284.16,"2,978 mi",6,$0.0954
MRS,MEL,"2,172",$953.52,"9,992 mi",6,$0.0954
NCE,PBI,"2,172","$1,243.77","4,988 mi",6,$0.2494
LCY,ORD,"2,172",$844.90,"3,841 mi",6,$0.2200
MRS,SVO,"2,172",$371.66,"1,607 mi",6,$0.2313
AMS,CKY,"2,171",$560.59,"3,222 mi",6,$0.1740
BOD,BEY,"2,171",$386.63,"1,996 mi",6,$0.1937
CDG,VRA,"2,171",$243.87,"4,909 mi",6,$0.0497
ARN,MDE,"2,171",$516.50,"6,146 mi",6,$0.0840
BUD,YHZ,"2,171",$351.28,"3,881 mi",6,$0.0905
AMS,DAL,"2,170",$718.75,"5,051 mi",6,$0.1423
BOD,LCA,"2,170",$219.19,"1,988 mi",6,$0.1103
LIS,TGD,"2,170",$233.17,"1,548 mi",6,$0.1506
ZRH,BVC,"2,170",$354.78,"2,723 mi",6,$0.1303
ZRH,VAA,"2,170",$355.41,"1,226 mi",6,$0.2899
DUB,GCM,"2,170",$961.21,"4,682 mi",6,$0.2053
FCO,MME,"2,170",$281.70,"1,109 mi",6,$0.2540
ZRH,HUY,"2,170",$245.56,558 mi,6,$0.4401
GOT,AAL,"2,169",$160.16,102 mi,6,$1.5702
LGW,FOR,"2,169",$592.63,"4,284 mi",6,$0.1383
CDG,OMR,"2,169",$200.92,929 mi,6,$0.2163
GLA,LAD,"2,169","$1,166.85","4,448 mi",6,$0.2623
SNN,STL,"2,169",$509.32,"3,711 mi",6,$0.1372
VKO,WAW,"2,169",$492.22,724 mi,6,$0.6799
VCE,ALA,"2,167",$288.93,"3,200 mi",6,$0.0903
LIS,IGU,"2,166",$667.83,"5,166 mi",6,$0.1293
ARN,CMH,"2,166",$524.93,"4,100 mi",6,$0.1280
DUB,PLZ,"2,166",$414.73,"6,524 mi",6,$0.0636
MAN,VAA,"2,166",$312.31,"1,124 mi",6,$0.2779
ZRH,VIX,"2,166",$767.95,"5,406 mi",6,$0.1421
PRG,COK,"2,165",$430.03,"4,591 mi",6,$0.0937
VKO,RGK,"2,165",$158.94,"2,017 mi",6,$0.0788
DUB,DIY,"2,165",$287.87,"2,359 mi",6,$0.1220
ZRH,LYR,"2,165",$320.09,"2,198 mi",6,$0.1456
AMS,IOM,"2,164",$159.22,395 mi,6,$0.4031
FCO,GRZ,"2,164",$272.67,380 mi,6,$0.7176
MAD,CID,"2,164","$2,018.03","4,493 mi",6,$0.4491
ZRH,COR,"2,164",$695.18,"6,851 mi",6,$0.1015
NAP,SAT,"2,163",$908.06,"5,770 mi",6,$0.1574
OSL,KEM,"2,163",$281.56,587 mi,6,$0.4797
LGW,ATL,"2,163",$262.15,"4,346 mi",6,$0.0603
PMI,FAE,"2,163",$322.85,"1,660 mi",6,$0.1945
LGW,CTS,"2,162",$414.38,"5,722 mi",6,$0.0724
ZRH,CRK,"2,160",$811.72,"6,615 mi",6,$0.1227
ATH,FOR,"2,159",$857.55,"5,062 mi",6,$0.1694
MXP,ABQ,"2,159",$576.59,"5,727 mi",6,$0.1007
OTP,RDU,"2,159",$757.12,"5,010 mi",6,$0.1511
DUB,SKP,"2,158",$189.17,"1,550 mi",6,$0.1220
CPH,MDE,"2,157",$613.26,"5,618 mi",6,$0.1092
OSL,XER,"2,157",$120.49,789 mi,6,$0.1527
VIE,PEN,"2,157",$692.74,"5,825 mi",6,$0.1189
ZRH,BGI,"2,157",$910.60,"4,669 mi",6,$0.1950
AGP,MEL,"2,156","$1,311.96","10,432 mi",6,$0.1258
EDI,VNO,"2,156",$246.79,"1,157 mi",6,$0.2133
NAP,JED,"2,156",$505.14,"1,907 mi",6,$0.2649
NTE,DEL,"2,155",$496.26,"4,421 mi",6,$0.1123
LHR,KWL,"2,155",$316.39,"5,508 mi",6,$0.0574
OSL,LEJ,"2,155",$233.84,589 mi,6,$0.3970
AMS,EUX,"2,153",$714.43,"4,461 mi",6,$0.1602
NAP,TPE,"2,153",$781.09,"6,086 mi",6,$0.1283
ATH,BEN,"2,153",$241.36,468 mi,6,$0.5157
MXP,HBE,"2,153",$183.32,"1,563 mi",6,$0.1173
BUD,MPL,"2,152",$314.56,761 mi,6,$0.4134
EDI,SJU,"2,152",$421.69,"3,993 mi",6,$0.1056
NCE,GRZ,"2,152",$184.69,447 mi,6,$0.4132
DUB,SGF,"2,152",$552.37,"3,977 mi",6,$0.1389
ARN,CKG,"2,151",$269.08,"4,292 mi",6,$0.0627
CDG,HBA,"2,151","$1,162.47","11,037 mi",6,$0.1053
VIE,CTG,"2,151",$435.19,"5,951 mi",6,$0.0731
CDG,URC,"2,150",$777.52,"3,955 mi",6,$0.1966
OTP,YOW,"2,150",$710.01,"4,741 mi",6,$0.1498
GLA,CVG,"2,150",$805.15,"3,582 mi",6,$0.2248
DUB,BOO,"2,146",$151.40,"1,141 mi",6,$0.1327
LGW,CCJ,"2,146",$194.76,"4,870 mi",6,$0.0400
LHR,HAS,"2,145",$292.82,"2,655 mi",6,$0.1103
MAD,FRU,"2,145",$337.13,"3,988 mi",6,$0.0845
CDG,MLB,"2,144","$1,177.55","4,349 mi",6,$0.2708
FCO,PSP,"2,144","$1,121.62","6,471 mi",6,$0.1733
GVA,CUR,"2,144",$516.03,"4,754 mi",6,$0.1085
VKO,YYZ,"2,144","$1,300.47","4,794 mi",6,$0.2713
LED,ORY,"2,143",$308.12,"1,385 mi",6,$0.2225
MAN,FUK,"2,143",$774.31,"5,622 mi",6,$0.1377
NAP,ABJ,"2,143",$345.32,"2,626 mi",6,$0.1315
SOF,INN,"2,143",$95.01,688 mi,6,$0.1381
HEL,BRS,"2,143",$287.84,"1,188 mi",6,$0.2423
HEL,DRS,"2,143",$223.71,744 mi,6,$0.3007
MXP,ALF,"2,143",$248.38,"1,702 mi",6,$0.1459
ARN,WNZ,"2,142",$245.08,"4,845 mi",6,$0.0506
DUB,BDA,"2,141","$1,786.07","3,280 mi",6,$0.5445
ZRH,MAO,"2,140",$566.15,"5,554 mi",6,$0.1019
EDI,MPL,"2,140",$281.72,941 mi,6,$0.2994
LED,INI,"2,140",$227.79,"1,227 mi",6,$0.1856
VIE,HBE,"2,140",$98.23,"1,415 mi",6,$0.0694
PMI,GCI,"2,138",$147.88,753 mi,6,$0.1964
CPH,SWF,"2,138",$411.02,"3,927 mi",6,$0.1047
WAW,STL,"2,137","$1,168.56","4,780 mi",6,$0.2445
BCN,VAA,"2,137",$600.38,"1,754 mi",6,$0.3423
MRS,VAR,"2,137",$364.57,"1,167 mi",6,$0.3124
MAN,KGL,"2,136",$301.22,"4,126 mi",6,$0.0730
DBV,AUS,"2,136",$821.76,"5,795 mi",6,$0.1418
MAD,PNH,"2,134",$546.36,"6,835 mi",6,$0.0799
DUB,ELP,"2,134",$662.96,"5,015 mi",6,$0.1322
EDI,USM,"2,134",$451.86,"5,997 mi",6,$0.0753
OTP,BES,"2,134",$496.78,"1,422 mi",6,$0.3494
CDG,JAC,"2,133","$1,249.73","4,729 mi",6,$0.2643
BRU,PKX,"2,133",$356.92,"4,813 mi",6,$0.0742
MXP,SRQ,"2,132",$993.83,"5,097 mi",6,$0.1950
LGW,VGO,"2,132",$229.67,711 mi,6,$0.3230
NCL,HAJ,"2,132",$308.47,512 mi,6,$0.6025
CPH,KOK,"2,131",$230.67,647 mi,6,$0.3565
VCE,BOI,"2,131",$801.92,"5,356 mi",6,$0.1497
MRS,DRS,"2,131",$341.35,685 mi,6,$0.4983
MRS,SLC,"2,131",$665.44,"5,592 mi",6,$0.1190
NCL,KIX,"2,130",$739.10,"5,578 mi",6,$0.1325
ARN,COK,"2,130",$385.71,"4,673 mi",6,$0.0825
LIS,RUN,"2,130",$925.62,"6,043 mi",6,$0.1532
ARN,JER,"2,128",$314.55,"1,108 mi",6,$0.2839
MAN,ALA,"2,128",$442.48,"3,619 mi",6,$0.1223
DBV,MEX,"2,127",$806.62,"6,788 mi",6,$0.1188
NTE,SJO,"2,127",$576.77,"5,205 mi",6,$0.1108
MXP,VTE,"2,126",$459.83,"5,351 mi",6,$0.0859
VCE,TYS,"2,126",$577.68,"4,640 mi",6,$0.1245
HEL,ECN,"2,126",$205.19,"1,832 mi",6,$0.1120
MRS,CGN,"2,126",$232.25,537 mi,6,$0.4325
NAP,BEY,"2,125",$374.81,"1,220 mi",6,$0.3072
BRU,RMU,"2,125",$102.83,918 mi,6,$0.1120
LHR,VVI,"2,125",$626.54,"6,260 mi",6,$0.1001
AMS,GRB,"2,124",$534.44,"4,115 mi",6,$0.1299
LIS,GYE,"2,124",$652.82,"5,127 mi",6,$0.1273
ZRH,SYR,"2,124",$643.36,"4,032 mi",6,$0.1596
NAP,RSW,"2,124","$1,027.49","5,175 mi",6,$0.1985
SVO,KWI,"2,124",$174.11,"1,861 mi",6,$0.0936
DUB,YQB,"2,123",$295.22,"2,734 mi",6,$0.1080
GOT,NTE,"2,123",$325.65,901 mi,6,$0.3614
LHR,MHT,"2,122","$1,506.87","3,348 mi",6,$0.4501
MAN,GBE,"2,122",$442.67,"5,811 mi",6,$0.0762
ZRH,SZX,"2,122",$798.53,"5,916 mi",6,$0.1350
DME,MJZ,"2,121",$267.27,"2,670 mi",6,$0.1001
BOD,TLL,"2,121",$252.30,"1,507 mi",6,$0.1674
HEL,KLX,"2,121",$227.62,"1,659 mi",6,$0.1372
MAD,SRQ,"2,121",$844.79,"4,602 mi",6,$0.1836
OSL,TMP,"2,121",$43.47,442 mi,6,$0.0983
DBV,VLC,"2,120",$197.87,"1,028 mi",6,$0.1925
PRG,SJU,"2,120",$520.34,"4,966 mi",6,$0.1048
ZAG,SCL,"2,120",$839.08,"7,916 mi",6,$0.1060
FCO,MED,"2,119",$216.17,"1,912 mi",6,$0.1131
LHR,FWA,"2,119",$510.44,"3,767 mi",6,$0.1355
VKO,URC,"2,119",$238.66,"2,393 mi",6,$0.0997
LHR,BIA,"2,118",$242.42,796 mi,6,$0.3045
LIS,BEW,"2,118",$436.13,"4,801 mi",6,$0.0908
DUB,HGH,"2,117",$734.01,"6,010 mi",6,$0.1221
LHR,KAO,"2,117",$403.54,"1,480 mi",6,$0.2727
NCE,JRO,"2,117",$529.87,"3,633 mi",6,$0.1458
SNN,CLE,"2,117",$492.59,"3,266 mi",6,$0.1508
MXP,AUA,"2,116",$636.15,"5,213 mi",6,$0.1220
BHX,MEX,"2,116",$535.21,"5,295 mi",6,$0.1011
FCO,ILM,"2,115",$573.66,"4,561 mi",6,$0.1258
GLA,GIG,"2,115","$1,031.37","6,070 mi",6,$0.1699
ATH,SRQ,"2,115",$993.47,"5,708 mi",6,$0.1740
LGW,PDX,"2,115",$428.20,"4,776 mi",6,$0.0897
CPH,PEN,"2,114",$906.19,"5,649 mi",6,$0.1604
LYS,PHX,"2,114",$602.07,"5,876 mi",6,$0.1025
GOT,BNE,"2,114",$899.72,"9,906 mi",6,$0.0908
GVA,SZF,"2,114",$211.02,"1,595 mi",6,$0.1323
ZRH,JNX,"2,114",$293.82,"1,083 mi",6,$0.2713
LGW,OUD,"2,113",$144.85,"1,100 mi",6,$0.1317
MXP,RUN,"2,113",$849.86,"5,287 mi",6,$0.1607
NAP,ASR,"2,113",$286.96,"1,166 mi",6,$0.2461
AMS,RNN,"2,113",$251.08,465 mi,6,$0.5400
VCE,KSC,"2,113",$178.32,457 mi,6,$0.3902
PRG,CHC,"2,112","$1,076.04","11,657 mi",6,$0.0923
BUD,YWG,"2,112",$340.61,"4,863 mi",6,$0.0700
GVA,CNX,"2,112",$403.04,"5,585 mi",6,$0.0722
ZAG,BOG,"2,112",$645.32,"5,816 mi",6,$0.1110
VCE,DNZ,"2,110",$330.44,"1,008 mi",6,$0.3278
ATH,ACE,"2,110",$514.29,"2,169 mi",6,$0.2371
ZRH,BSZ,"2,109",$332.65,"3,217 mi",6,$0.1034
LYS,BOH,"2,109",$56.19,486 mi,6,$0.1156
NAP,LCG,"2,109",$357.21,"1,205 mi",6,$0.2964
LHR,ASW,"2,108",$249.06,"2,668 mi",6,$0.0934
NCE,RSW,"2,107","$1,246.09","4,780 mi",6,$0.2607
BRU,ASU,"2,106",$590.28,"6,274 mi",6,$0.0941
VIE,MHD,"2,106",$276.65,"2,387 mi",6,$0.1159
ZAG,AKL,"2,106","$1,068.84","11,520 mi",6,$0.0928
LED,CSX,"2,106",$392.62,"4,185 mi",6,$0.0938
LGW,MJT,"2,106",$159.81,"1,492 mi",6,$0.1071
MRS,AKL,"2,106",$901.20,"12,082 mi",6,$0.0746
ZRH,FSC,"2,106",$174.51,401 mi,6,$0.4352
NTE,CKY,"2,105",$347.97,"2,771 mi",6,$0.1256
AMS,BIL,"2,105",$718.64,"4,457 mi",6,$0.1612
BGY,FCO,"2,105",$91.96,287 mi,6,$0.3204
SVO,DYG,"2,104",$202.06,"4,050 mi",6,$0.0499
ARN,ITM,"2,104",$875.60,"4,859 mi",6,$0.1802
MXP,AHB,"2,104",$469.59,"2,628 mi",6,$0.1787
MXP,MKE,"2,104",$694.97,"4,333 mi",6,$0.1604
BCN,UGC,"2,103",$569.57,"3,061 mi",6,$0.1861
CDG,ZYR,"2,103",$397.25,152 mi,6,$2.6135
WAW,LOS,"2,103",$581.53,"3,405 mi",6,$0.1708
BCN,GZP,"2,102",$161.95,"1,604 mi",6,$0.1010
BOD,BOM,"2,102",$860.02,"4,637 mi",6,$0.1855
LGW,DYU,"2,102",$280.16,"3,461 mi",6,$0.0809
ZRH,LAD,"2,102",$600.90,"3,785 mi",6,$0.1588
OSL,DMM,"2,102",$655.69,"2,866 mi",6,$0.2288
MXP,FIH,"2,101",$696.89,"3,584 mi",6,$0.1944
NCL,TLL,"2,100",$226.52,"1,060 mi",6,$0.2137
VKO,HTY,"2,100",$174.53,"1,290 mi",6,$0.1353
AGP,GOA,"2,099",$340.57,905 mi,6,$0.3763
EDI,LEJ,"2,098",$184.73,730 mi,6,$0.2531
BRU,KZN,"2,098",$179.17,"1,901 mi",6,$0.0943
LYS,KTM,"2,098",$386.80,"4,294 mi",6,$0.0901
AMS,LLW,"2,097",$465.42,"5,031 mi",6,$0.0925
DME,NQZ,"2,097",$176.86,"1,448 mi",6,$0.1221
LIS,SXM,"2,097",$896.18,"3,626 mi",6,$0.2472
MAD,SCV,"2,097",$212.81,"1,601 mi",6,$0.1329
GLA,AMM,"2,096",$393.43,"2,634 mi",6,$0.1494
LGW,TSN,"2,095",$347.42,"4,996 mi",6,$0.0695
MXP,YEG,"2,095",$501.81,"4,659 mi",6,$0.1077
CPH,MHD,"2,094",$181.79,"2,480 mi",6,$0.0733
LED,CSY,"2,094",$153.63,694 mi,6,$0.2214
AGP,QYG,"2,093",$190.98,"1,503 mi",6,$0.1271
MAD,RUN,"2,093",$771.00,"5,859 mi",6,$0.1316
VIE,JNX,"2,093",$224.89,856 mi,6,$0.2627
AMS,GND,"2,092",$478.46,"4,715 mi",6,$0.1015
MAN,FIH,"2,092",$353.02,"4,244 mi",6,$0.0832
CDG,MOB,"2,091",$749.32,"4,827 mi",6,$0.1552
OTP,KRS,"2,091",$280.00,"1,177 mi",6,$0.2379
GVA,DUR,"2,091",$895.65,"5,633 mi",6,$0.1590
BRU,JER,"2,090",$308.52,308 mi,6,$1.0017
FCO,RUN,"2,090","$1,484.43","4,984 mi",6,$0.2978
FCO,YXX,"2,090",$370.77,"5,415 mi",6,$0.0685
ATH,LEX,"2,089",$796.26,"5,332 mi",6,$0.1493
BCN,JAI,"2,089",$297.33,"4,337 mi",6,$0.0686
BCN,VCP,"2,089",$412.87,"5,609 mi",6,$0.0736
BRU,CNS,"2,089",$896.29,"9,544 mi",6,$0.0939
MAN,PLZ,"2,089",$575.80,"6,074 mi",6,$0.0948
FCO,DWC,"2,088",$471.65,"2,622 mi",6,$0.1799
DBV,KIX,"2,088",$842.51,"5,620 mi",6,$0.1499
LED,SHA,"2,088",$280.27,"4,548 mi",6,$0.0616
PRG,ADD,"2,088",$196.41,"3,075 mi",6,$0.0639
BRU,HAU,"2,087",$95.21,602 mi,6,$0.1582
LHR,YQM,"2,087",$417.11,"2,766 mi",6,$0.1508
SVO,IAD,"2,087",$657.53,"5,000 mi",6,$0.1315
VKO,EZS,"2,087",$68.68,"1,212 mi",6,$0.0567
WAW,TSR,"2,087",$232.83,452 mi,6,$0.5151
ATH,RBA,"2,087",$540.91,"1,781 mi",6,$0.3037
CDG,ANU,"2,087",$748.35,"4,299 mi",6,$0.1741
SVO,YUL,"2,087",$643.55,"4,505 mi",6,$0.1429
VIE,BES,"2,087",$418.24,934 mi,6,$0.4478
DBV,JMK,"2,086",$245.86,500 mi,6,$0.4917
HEL,PHL,"2,086","$1,130.15","4,319 mi",6,$0.2617
LIS,UDI,"2,086",$545.63,"4,576 mi",6,$0.1192
AMS,DRW,"2,086","$1,006.77","8,644 mi",6,$0.1165
SOF,DRS,"2,085",$266.97,760 mi,6,$0.3513
MRS,SXM,"2,085",$824.82,"4,161 mi",6,$0.1982
PMI,OSD,"2,085",$176.17,"1,653 mi",6,$0.1066
BUD,SJJ,"2,084",$171.06,262 mi,6,$0.6529
SVO,ZUH,"2,084",$299.68,"4,563 mi",6,$0.0657
ATH,CKG,"2,084",$514.81,"4,485 mi",6,$0.1148
DBV,JNB,"2,083",$709.36,"4,645 mi",6,$0.1527
LHR,NTG,"2,083",$205.68,"5,832 mi",6,$0.0353
OSL,ADL,"2,083","$1,512.62","9,829 mi",6,$0.1539
STN,DMM,"2,083",$196.56,"3,191 mi",6,$0.0616
MAN,DLA,"2,083",$339.15,"3,373 mi",6,$0.1005
VCE,BES,"2,083",$365.11,791 mi,6,$0.4616
ATH,JRO,"2,082",$428.63,"3,068 mi",6,$0.1397
PMI,SAN,"2,082",$967.18,"6,320 mi",6,$0.1530
GVA,NDJ,"2,081",$795.24,"2,341 mi",6,$0.3397
HEL,TFU,"2,081",$306.08,"4,191 mi",6,$0.0730
GOT,GYD,"2,081",$164.72,"2,102 mi",6,$0.0784
AGP,VAA,"2,080",$324.25,"2,196 mi",6,$0.1477
ATH,INV,"2,078",$513.27,"1,908 mi",6,$0.2690
SOF,NBO,"2,078",$382.81,"3,250 mi",6,$0.1178
DUB,KBL,"2,077",$462.09,"3,663 mi",6,$0.1262
MAN,YWG,"2,077",$653.86,"3,653 mi",6,$0.1790
NTE,STR,"2,077",$311.57,527 mi,6,$0.5912
NTE,TLL,"2,077",$175.29,"1,325 mi",6,$0.1323
VIE,SHE,"2,076",$371.68,"4,949 mi",6,$0.0751
ORY,LEI,"2,076",$323.06,881 mi,6,$0.3667
BRU,AMD,"2,075",$601.31,"4,175 mi",6,$0.1440
DUB,PWM,"2,075",$544.23,"2,989 mi",6,$0.1821
OSL,EGS,"2,075",$456.72,898 mi,6,$0.5086
MAD,OAX,"2,074",$562.98,"5,792 mi",6,$0.0972
MAD,ZAL,"2,074",$752.11,"7,266 mi",6,$0.1035
LCY,JED,"2,073",$118.68,"2,844 mi",6,$0.0417
LHR,OAX,"2,073",$449.68,"5,400 mi",6,$0.0833
ORY,SSH,"2,073",$184.88,"2,289 mi",6,$0.0808
NCE,IND,"2,071",$800.92,"4,421 mi",6,$0.1812
ARN,XIY,"2,071",$399.56,"4,100 mi",6,$0.0975
LHR,PNR,"2,071","$1,094.65","3,838 mi",6,$0.2852
DUB,MTY,"2,070",$680.00,"5,106 mi",6,$0.1332
BRU,SHJ,"2,070",$166.93,"3,105 mi",6,$0.0538
ARN,XER,"2,069",$202.56,840 mi,6,$0.2411
GOT,SVQ,"2,069",$250.04,"1,673 mi",6,$0.1495
NCE,PTY,"2,069",$869.60,"5,448 mi",6,$0.1596
OSL,CLJ,"2,069",$212.52,"1,025 mi",6,$0.2073
OSL,ORF,"2,069",$613.27,"3,843 mi",6,$0.1596
ZRH,BEL,"2,069",$688.05,"4,946 mi",6,$0.1391
FCO,CBR,"2,068","$1,732.50","10,396 mi",6,$0.1667
BRU,NKG,"2,068",$420.74,"5,310 mi",6,$0.0792
HEL,GYD,"2,068",$305.56,"1,791 mi",6,$0.1706
OSL,MSY,"2,068",$753.41,"4,663 mi",6,$0.1616
ARN,IND,"2,067",$637.36,"4,214 mi",6,$0.1512
MAD,SNA,"2,067","$1,513.43","5,648 mi",6,$0.2680
VCE,AGA,"2,067",$553.18,"1,621 mi",6,$0.3413
AGP,CMB,"2,066",$342.93,"5,780 mi",6,$0.0593
HEL,EVN,"2,066",$234.64,"1,574 mi",6,$0.1491
GOT,TPA,"2,066",$305.13,"4,631 mi",6,$0.0659
VKO,KSY,"2,066",$58.59,"1,040 mi",6,$0.0563
VCE,FMO,"2,064",$288.33,490 mi,6,$0.5884
ZRH,NWI,"2,064",$261.37,497 mi,6,$0.5259
GVA,REG,"2,063",$87.61,723 mi,6,$0.1212
LHR,CGR,"2,063",$726.37,"6,128 mi",6,$0.1185
MAD,XNB,"2,063",$267.43,"3,626 mi",6,$0.0738
EDI,YYJ,"2,063",$387.04,"4,562 mi",6,$0.0848
ZRH,SXM,"2,063","$1,191.33","4,590 mi",6,$0.2595
ORY,VIX,"2,062",$437.52,"5,279 mi",6,$0.0829
OSL,GYD,"2,062",$249.55,"2,205 mi",6,$0.1132
ZRH,MLX,"2,062",$154.75,"1,655 mi",6,$0.0935
LIS,FIH,"2,061",$804.08,"3,471 mi",6,$0.2317
MAN,KSU,"2,061",$274.38,789 mi,6,$0.3478
AGP,PER,"2,061",$774.03,"9,349 mi",6,$0.0828
BHX,GRU,"2,061","$1,004.81","6,070 mi",6,$0.1655
VCE,PNS,"2,061",$620.03,"5,325 mi",6,$0.1164
ZRH,MUB,"2,061",$963.54,"4,892 mi",6,$0.1970
ARN,JMK,"2,060",$306.25,"1,617 mi",6,$0.1894
BCN,CGQ,"2,060",$444.70,"5,417 mi",6,$0.0821
BRU,CWB,"2,060",$769.30,"6,021 mi",6,$0.1278
ARN,CLE,"2,059",$604.51,"4,238 mi",6,$0.1426
VKO,NKC,"2,059",$467.97,"3,654 mi",6,$0.1281
BUD,AES,"2,059",$230.03,"1,197 mi",6,$0.1922
FCO,SNN,"2,059",$645.71,"1,275 mi",6,$0.5064
SVO,BLQ,"2,059",$661.83,"1,427 mi",6,$0.4638
LIS,YYT,"2,058",$418.75,"2,181 mi",6,$0.1920
BRU,UBN,"2,058",$402.98,"4,097 mi",6,$0.0984
FCO,BOJ,"2,058",$224.13,806 mi,6,$0.2781
LIS,MEM,"2,058",$786.97,"4,191 mi",6,$0.1878
VKO,MEX,"2,058","$1,183.25","6,858 mi",6,$0.1725
LHR,SDL,"2,057",$121.16,"1,041 mi",6,$0.1164
MRS,LIN,"2,057",$252.31,237 mi,6,$1.0646
MXP,PPT,"2,057",$668.35,"9,827 mi",6,$0.0680
LED,AMM,"2,056",$221.73,"2,017 mi",6,$0.1099
VIE,INV,"2,056",$264.84,"1,105 mi",6,$0.2397
LIS,THE,"2,055",$669.38,"3,604 mi",6,$0.1857
MAD,AES,"2,055",$287.57,"1,623 mi",6,$0.1772
PMI,PER,"2,055","$1,057.76","9,002 mi",6,$0.1175
MAD,YQB,"2,054",$400.77,"3,412 mi",6,$0.1175
OSL,KBL,"2,054",$496.83,"3,008 mi",6,$0.1652
BRU,SKT,"2,054",$344.44,"3,779 mi",6,$0.0911
GOT,BZO,"2,054",$208.09,752 mi,6,$0.2767
MXP,NGB,"2,054",$611.84,"5,566 mi",6,$0.1099
NTE,LBV,"2,054",$524.65,"3,195 mi",6,$0.1642
ZRH,MKE,"2,054",$640.96,"4,254 mi",6,$0.1507
LIS,RNO,"2,053",$777.29,"5,640 mi",6,$0.1378
LIS,FDF,"2,053",$515.91,"3,446 mi",6,$0.1497
VIE,BSB,"2,053",$940.98,"5,751 mi",6,$0.1636
BCN,SMR,"2,053",$611.44,"4,855 mi",6,$0.1259
BGY,DLM,"2,053",$149.89,"1,130 mi",6,$0.1326
LED,MRS,"2,052",$590.89,"1,587 mi",6,$0.3723
ZAG,CLE,"2,052",$562.58,"4,719 mi",6,$0.1192
PMI,CUR,"2,052",$532.52,"4,572 mi",6,$0.1165
LYS,COV,"2,051",$155.81,"1,710 mi",6,$0.0911
HEL,KGL,"2,050",$451.81,"4,441 mi",6,$0.1017
ZRH,VTE,"2,050",$654.87,"5,326 mi",6,$0.1230
LIS,SUF,"2,049",$170.13,"1,402 mi",6,$0.1213
MAD,HAK,"2,048",$289.55,"6,689 mi",6,$0.0433
ARN,HNL,"2,048",$502.83,"6,631 mi",6,$0.0758
AMS,YMM,"2,047",$234.79,"4,204 mi",6,$0.0558
SNN,CVG,"2,046",$909.01,"3,694 mi",6,$0.2461
VKO,NYM,"2,046",$128.74,"1,317 mi",6,$0.0978
FCO,LUN,"2,046",$655.36,"4,203 mi",6,$0.1559
SVO,TRV,"2,046",$433.77,"3,799 mi",6,$0.1142
FCO,CNS,"2,045",$826.02,"8,927 mi",6,$0.0925
LGW,UIO,"2,045",$402.51,"5,543 mi",6,$0.0726
AGP,YOW,"2,044",$328.02,"3,746 mi",6,$0.0876
NAP,PER,"2,044","$1,055.02","8,427 mi",6,$0.1252
ZRH,YYT,"2,044",$422.53,"2,865 mi",6,$0.1475
ZRH,MQM,"2,043",$137.47,"1,821 mi",6,$0.0755
PRG,MED,"2,042",$218.53,"2,296 mi",6,$0.0952
VCE,NAT,"2,042",$485.67,"4,463 mi",6,$0.1088
MAD,CHC,"2,042","$1,218.84","11,784 mi",6,$0.1034
LIS,TUS,"2,041",$961.01,"5,267 mi",6,$0.1825
AMS,UVF,"2,040",$608.71,"4,582 mi",6,$0.1328
BCN,HSV,"2,040",$629.92,"4,782 mi",6,$0.1317
CPH,BDS,"2,040",$146.88,"1,029 mi",6,$0.1427
GLA,PIT,"2,040",$661.56,"3,354 mi",6,$0.1972
BCN,DEB,"2,039",$143.51,"1,019 mi",6,$0.1408
CPH,JOE,"2,039",$191.59,746 mi,6,$0.2568
MAN,LGK,"2,039",$835.53,"6,547 mi",6,$0.1276
MRS,SSH,"2,039",$223.96,"1,997 mi",6,$0.1121
ARN,FLL,"2,039",$374.81,"5,095 mi",6,$0.0736
FCO,JAI,"2,038",$248.33,"3,797 mi",6,$0.0654
OSL,AGH,"2,038",$102.45,285 mi,6,$0.3595
WAW,PUS,"2,038",$742.80,"5,161 mi",6,$0.1439
LIS,LDB,"2,036",$551.82,"5,230 mi",6,$0.1055
MAN,ZQN,"2,036","$1,106.71","12,085 mi",6,$0.0916
NTE,MSP,"2,036",$950.63,"4,004 mi",6,$0.2374
GLA,CGK,"2,035","$1,149.33","7,158 mi",6,$0.1606
LHR,SMR,"2,034",$737.79,"5,070 mi",6,$0.1455
ZAG,SLC,"2,034",$561.98,"5,483 mi",6,$0.1025
VCE,XRY,"2,034",$464.14,"1,163 mi",6,$0.3991
DME,BGF,"2,033",$550.68,"3,574 mi",6,$0.1541
FCO,CGQ,"2,032",$264.30,"5,062 mi",6,$0.0522
AMS,BZE,"2,032",$467.42,"5,230 mi",6,$0.0894
ARN,PDL,"2,032",$178.72,"2,503 mi",6,$0.0714
CPH,WUH,"2,032",$358.31,"4,760 mi",6,$0.0753
EDI,ISU,"2,031",$274.46,"2,580 mi",6,$0.1064
PMI,JKG,"2,030",$111.71,"1,315 mi",6,$0.0850
GVA,WUH,"2,029",$282.62,"5,645 mi",6,$0.0501
SNN,PDX,"2,029",$685.25,"4,460 mi",6,$0.1536
ATH,TSR,"2,029",$194.87,577 mi,6,$0.3377
LHR,KKJ,"2,028","$2,533.48","5,674 mi",6,$0.4465
FCO,GNV,"2,028",$613.30,"4,945 mi",6,$0.1240
FCO,POS,"2,027",$741.51,"4,741 mi",6,$0.1564
LHR,BEN,"2,027",$399.14,"1,751 mi",6,$0.2279
NCE,AHO,"2,027",$99.39,210 mi,6,$0.4733
LIS,GRX,"2,026",$329.09,321 mi,6,$1.0252
LHR,MFE,"2,025",$623.28,"4,984 mi",6,$0.1251
BCN,FIH,"2,024","$1,249.20","3,365 mi",6,$0.3712
FCO,BIL,"2,024",$467.98,"5,534 mi",6,$0.0846
OTP,PNR,"2,024",$782.92,"3,418 mi",6,$0.2291
ZAG,HKT,"2,024",$489.46,"5,607 mi",6,$0.0873
CDG,PSC,"2,023",$941.31,"5,130 mi",6,$0.1835
FCO,OGU,"2,023",$110.50,"1,376 mi",6,$0.0803
AGP,SID,"2,023",$282.15,"1,727 mi",6,$0.1634
VCE,RNO,"2,023",$598.34,"6,033 mi",6,$0.0992
BRU,BSZ,"2,022",$316.87,"3,120 mi",6,$0.1016
EDI,BGW,"2,022",$280.70,"2,657 mi",6,$0.1056
LIS,INN,"2,022",$153.76,"1,220 mi",6,$0.1260
BCN,POS,"2,022",$814.41,"4,493 mi",6,$0.1813
BCN,CGO,"2,021",$361.16,"5,813 mi",6,$0.0621
BOD,SKG,"2,021",$187.59,"1,198 mi",6,$0.1566
CDG,TKS,"2,021","$1,234.51","5,802 mi",6,$0.2128
LGW,MUX,"2,021",$369.73,"3,736 mi",6,$0.0990
MXP,CUZ,"2,021",$595.45,"6,251 mi",6,$0.0953
AMS,PVD,"2,021",$589.44,"3,387 mi",6,$0.1740
NCE,CFU,"2,021",$372.93,733 mi,6,$0.5088
GVA,NAS,"2,021","$1,951.33","4,834 mi",6,$0.4037
PMI,TQO,"2,020",$400.66,"5,201 mi",6,$0.0770
MAD,VXE,"2,019",$360.65,"2,016 mi",6,$0.1789
BRU,GYE,"2,019",$499.71,"5,906 mi",6,$0.0846
FCO,VFA,"2,019",$433.96,"4,356 mi",6,$0.0996
OTP,AKL,"2,019","$1,236.24","10,407 mi",6,$0.1188
CDG,JKH,"2,018",$398.68,"1,422 mi",6,$0.2804
ATH,XMN,"2,017",$422.50,"5,571 mi",6,$0.0758
PRG,TMP,"2,017",$100.94,886 mi,6,$0.1139
BCN,TZX,"2,016",$201.26,"1,888 mi",6,$0.1066
AMS,LKO,"2,016",$439.32,"4,330 mi",6,$0.1015
BRU,JIB,"2,016",$402.92,"3,377 mi",6,$0.1193
VCE,TSR,"2,016",$153.80,421 mi,6,$0.3653
BRU,OSR,"2,015",$118.18,624 mi,6,$0.1894
GOT,KBV,"2,015",$426.25,"5,456 mi",6,$0.0781
HEL,HGA,"2,015",$453.93,"3,537 mi",6,$0.1283
FCO,RNS,"2,015",$286.63,831 mi,6,$0.3449
CDG,SBA,"2,014","$1,145.68","5,844 mi",6,$0.1960
NCE,DRS,"2,014",$273.20,582 mi,6,$0.4694
WAW,KGS,"2,014",$145.80,"1,070 mi",6,$0.1363
ZRH,SOU,"2,014",$250.26,522 mi,6,$0.4794
BCN,LEX,"2,014",$545.16,"4,279 mi",6,$0.1274
NTE,SOF,"2,014",$265.39,"1,294 mi",6,$0.2051
VIE,AES,"2,013",$276.87,"1,045 mi",6,$0.2649
MXP,DNZ,"2,013",$290.87,"1,241 mi",6,$0.2344
VIE,OGU,"2,013",$66.14,"1,198 mi",6,$0.0552
AMS,COS,"2,012",$645.39,"5,003 mi",6,$0.1290
ARN,CNX,"2,012",$377.19,"4,937 mi",6,$0.0764
CPH,UIO,"2,012",$632.58,"6,452 mi",6,$0.0980
DBV,PDX,"2,012",$780.51,"5,711 mi",6,$0.1367
MAD,SXM,"2,012",$876.26,"3,944 mi",6,$0.2222
LED,ALG,"2,011",$236.61,"2,055 mi",6,$0.1151
HEL,ALA,"2,011",$426.73,"2,501 mi",6,$0.1706
BCN,MPM,"2,010",$490.58,"4,887 mi",6,$0.1004
FCO,YYT,"2,010",$439.59,"3,028 mi",6,$0.1452
MAD,DUR,"2,009",$694.40,"5,169 mi",6,$0.1343
MAD,SDU,"2,009",$640.96,"4,914 mi",6,$0.1304
GOT,KEM,"2,008",$210.14,709 mi,6,$0.2964
CDG,BPS,"2,007",$671.40,"5,035 mi",5,$0.1333
MXP,RIC,"2,007",$738.54,"4,393 mi",5,$0.1681
EDI,BOI,"2,007",$528.40,"4,395 mi",5,$0.1202
MAN,SAV,"2,007",$788.19,"4,157 mi",5,$0.1896
BHX,DFW,"2,006",$945.07,"4,520 mi",5,$0.2091
GVA,BKO,"2,006",$310.94,"2,543 mi",5,$0.1223
SVO,TSN,"2,006",$382.51,"3,786 mi",5,$0.1010
ATH,LCY,"2,006",$278.39,"1,535 mi",5,$0.1814
EDI,DRS,"2,006",$228.47,799 mi,5,$0.2859
GVA,CLJ,"2,006",$233.50,810 mi,5,$0.2883
HEL,SMI,"2,005",$282.62,"1,613 mi",5,$0.1752
LHR,GGR,"2,005",$538.87,"3,936 mi",5,$0.1369
LED,AZN,"2,004",$218.36,"2,285 mi",5,$0.0956
LIS,LLA,"2,004",$243.63,"2,159 mi",5,$0.1128
BOD,PPT,"2,004",$907.46,"9,539 mi",5,$0.0951
MRS,BDS,"2,004",$220.76,660 mi,5,$0.3345
VIE,VAN,"2,004",$116.70,"1,446 mi",5,$0.0807
EDI,OKC,"2,003",$649.44,"4,255 mi",5,$0.1526
MAD,CGQ,"2,003",$277.99,"5,628 mi",5,$0.0494
OTP,MAA,"2,003",$525.16,"3,956 mi",5,$0.1328
CPH,WDH,"2,002",$304.80,"5,241 mi",5,$0.0582
BUD,TYS,"2,002",$479.54,"4,840 mi",5,$0.0991
LHR,BSZ,"2,002",$706.96,"3,506 mi",5,$0.2016
GVA,KSC,"2,001",$196.80,703 mi,5,$0.2799
STN,KSY,"2,001",$232.64,"2,222 mi",5,$0.1047
MXP,YNT,"2,000",$748.27,"5,471 mi",5,$0.1368
GVA,CKG,"1,999",$370.40,"5,068 mi",5,$0.0731
MAN,PDL,"1,999",$103.81,"1,598 mi",5,$0.0650
AGP,MOL,"1,999",$189.94,"1,925 mi",5,$0.0987
BRU,YEG,"1,998",$352.18,"4,261 mi",5,$0.0827
BRU,YWG,"1,998",$346.51,"3,971 mi",5,$0.0873
GVA,ASU,"1,998","$1,010.23","6,527 mi",5,$0.1548
STN,CAI,"1,998",$152.99,"2,250 mi",5,$0.0680
BCN,ECN,"1,996",$208.42,"1,694 mi",5,$0.1230
MAD,CTS,"1,996",$558.91,"6,099 mi",5,$0.0916
NTE,YVR,"1,995",$548.70,"5,067 mi",5,$0.1083
GOT,OER,"1,994",$146.92,443 mi,5,$0.3316
PMI,HAU,"1,994",$163.80,"1,331 mi",5,$0.1231
AMS,EGS,"1,994",$668.01,"1,153 mi",5,$0.5794
LHR,AXT,"1,994","$1,344.43","5,882 mi",5,$0.2286
LHR,HUI,"1,994",$321.47,"5,899 mi",5,$0.0545
EDI,WUH,"1,993",$323.34,"5,254 mi",5,$0.0615
AMS,DNZ,"1,993",$278.89,"1,611 mi",5,$0.1731
DUB,TGD,"1,993",$210.05,"1,354 mi",5,$0.1551
VIE,SAL,"1,993",$517.44,"6,039 mi",5,$0.0857
WAW,RBA,"1,993",$341.00,"1,912 mi",5,$0.1783
ZAG,TPA,"1,993",$443.83,"5,086 mi",5,$0.0873
MAN,FDF,"1,991",$439.31,"4,012 mi",5,$0.1095
STN,VIT,"1,991",$113.58,618 mi,5,$0.1838
VIE,CWB,"1,991",$906.58,"6,704 mi",5,$0.1352
NAP,IBT,"1,991",$101.52,283 mi,5,$0.3587
BGY,COV,"1,990",$131.72,"1,399 mi",5,$0.0942
MAD,POS,"1,990",$957.38,"4,184 mi",5,$0.2288
OSL,SDL,"1,990",$155.35,273 mi,5,$0.5690
ZRH,AXD,"1,990",$327.60,944 mi,5,$0.3470
CPH,NQZ,"1,989",$253.10,"2,445 mi",5,$0.1035
BCN,XNB,"1,988",$304.23,"3,323 mi",5,$0.0916
BRU,HRE,"1,988",$490.35,"5,173 mi",5,$0.0948
MXP,XRY,"1,988",$321.28,952 mi,5,$0.3375
LED,MUX,"1,988",$429.03,"2,872 mi",5,$0.1494
LIS,YLW,"1,988",$440.55,"5,138 mi",5,$0.0857
OSL,FUE,"1,988",$231.87,"2,409 mi",5,$0.0963
MRS,CAN,"1,988",$276.23,"6,135 mi",5,$0.0450
CPH,MLX,"1,987",$212.99,"1,619 mi",5,$0.1316
VIE,ERZ,"1,987",$81.28,"1,297 mi",5,$0.0627
ZAG,YYC,"1,987",$603.50,"5,267 mi",5,$0.1146
EDI,CGO,"1,987",$168.24,"5,028 mi",5,$0.0335
FCO,PWM,"1,987",$580.57,"4,127 mi",5,$0.1407
SNN,BNA,"1,987",$498.11,"3,918 mi",5,$0.1271
STN,IST,"1,987",$62.48,"1,572 mi",5,$0.0397
AMS,LGK,"1,986",$584.59,"5,899 mi",5,$0.0991
BCN,CID,"1,986",$671.38,"4,436 mi",5,$0.1513
LCY,LOS,"1,986",$527.50,"3,203 mi",5,$0.1647
ARN,LBA,"1,985",$323.00,863 mi,5,$0.3743
VKO,BAL,"1,985",$133.81,"1,196 mi",5,$0.1119
VKO,OGU,"1,985",$49.46,981 mi,5,$0.0504
WAW,BNA,"1,985",$898.79,"5,096 mi",5,$0.1764
WAW,HNL,"1,985",$692.56,"7,579 mi",5,$0.0914
ZRH,GNY,"1,985",$192.67,"1,731 mi",5,$0.1113
AGP,CAG,"1,984",$386.09,782 mi,5,$0.4937
CPH,KUS,"1,983",$352.84,"1,818 mi",5,$0.1941
DUB,FLN,"1,983",$558.79,"5,965 mi",5,$0.0937
MAD,TYS,"1,983","$1,172.64","4,352 mi",5,$0.2694
FCO,ANU,"1,982",$431.60,"4,761 mi",5,$0.0907
BCN,ASW,"1,982",$251.39,"2,070 mi",5,$0.1214
FCO,MCZ,"1,981",$647.76,"4,528 mi",5,$0.1431
PRG,FDF,"1,981",$547.48,"4,654 mi",5,$0.1176
BCN,DLA,"1,980",$232.21,"2,699 mi",5,$0.0860
AMS,NNG,"1,980",$333.54,"5,695 mi",5,$0.0586
LED,RAK,"1,979",$203.20,"2,697 mi",5,$0.0753
FCO,TVC,"1,979","$1,248.73","4,463 mi",5,$0.2798
HEL,ABZ,"1,978",$258.21,"1,019 mi",5,$0.2534
STN,DUR,"1,978","$1,066.13","6,112 mi",5,$0.1744
ZRH,ICT,"1,978",$836.74,"5,151 mi",5,$0.1624
FCO,DAB,"1,977",$862.27,"4,912 mi",5,$0.1755
MAN,CSX,"1,977",$305.64,"5,779 mi",5,$0.0529
NCL,NUE,"1,977",$286.93,680 mi,5,$0.4220
SVO,CCU,"1,977",$206.93,"3,345 mi",5,$0.0619
BUD,VGO,"1,976",$343.05,"1,362 mi",5,$0.2519
DME,CAN,"1,976",$293.22,"4,204 mi",5,$0.0697
MAD,ADZ,"1,976",$621.17,"4,886 mi",5,$0.1271
VCE,HGH,"1,976",$398.32,"5,703 mi",5,$0.0698
LHR,ENU,"1,975",$308.28,"3,237 mi",5,$0.0952
LED,BTK,"1,975",$278.21,"2,417 mi",5,$0.1151
SVO,LXA,"1,975",$417.47,"3,077 mi",5,$0.1357
BRU,MLN,"1,973",$471.52,"1,107 mi",5,$0.4259
NTE,CPT,"1,973",$503.66,"5,915 mi",5,$0.0851
LYS,ABZ,"1,973",$220.98,878 mi,5,$0.2517
GVA,VVI,"1,972",$658.86,"6,345 mi",5,$0.1038
SVO,NUE,"1,972",$335.24,"1,145 mi",5,$0.2928
LGW,SJU,"1,970",$515.25,"4,064 mi",5,$0.1268
OSL,DAC,"1,970",$547.22,"4,303 mi",5,$0.1272
LIS,SKD,"1,969",$251.06,"3,823 mi",5,$0.0657
FCO,KYA,"1,968",$111.79,"1,139 mi",5,$0.0981
LHR,TSV,"1,968","$1,170.02","9,301 mi",5,$0.1258
AMS,YQU,"1,967",$404.04,"4,473 mi",5,$0.0903
ZRH,GEG,"1,967",$589.31,"5,265 mi",5,$0.1119
BHX,ABV,"1,967",$465.15,"2,953 mi",5,$0.1575
MAN,SXM,"1,966",$996.79,"4,151 mi",5,$0.2401
NTE,HKG,"1,966",$895.43,"6,375 mi",5,$0.1405
BCN,KUO,"1,965",$395.33,"1,773 mi",5,$0.2230
MAD,BOI,"1,965","$1,095.47","5,436 mi",5,$0.2015
MAD,NGB,"1,965",$395.65,"6,246 mi",5,$0.0633
MXP,HRE,"1,965",$478.00,"4,472 mi",5,$0.1069
NCE,MAH,"1,965",$338.28,314 mi,5,$1.0773
BRU,BUS,"1,964",$266.70,"1,806 mi",5,$0.1477
WAW,VAR,"1,964",$211.65,715 mi,5,$0.2960
MRS,KGS,"1,963",$244.37,"1,202 mi",5,$0.2033
NCE,JAX,"1,963","$1,006.69","4,894 mi",5,$0.2057
BRU,MUB,"1,962",$432.94,"4,879 mi",5,$0.0887
VCE,BJL,"1,962",$250.87,"2,879 mi",5,$0.0871
FCO,BTV,"1,962",$574.35,"4,224 mi",5,$0.1360
MAD,OUD,"1,962",$151.14,392 mi,5,$0.3856
VIE,VAA,"1,961",$263.48,"1,083 mi",5,$0.2433
CDG,VCS,"1,961",$532.67,"6,581 mi",5,$0.0809
LGW,PTY,"1,961",$471.94,"5,105 mi",5,$0.0924
MAN,CHS,"1,961",$794.97,"3,832 mi",5,$0.2075
VCE,KHI,"1,961",$235.82,"3,229 mi",5,$0.0730
DME,COK,"1,960",$246.48,"3,644 mi",5,$0.0676
DME,KTM,"1,960",$307.43,"2,931 mi",5,$0.1049
FCO,SBA,"1,960",$601.33,"6,167 mi",5,$0.0975
LIS,LDE,"1,960",$52.92,582 mi,5,$0.0909
BUD,LCG,"1,959",$365.45,"1,323 mi",5,$0.2762
OSL,LAD,"1,959",$800.20,"4,629 mi",5,$0.1729
MAN,ALF,"1,957",$154.48,"1,442 mi",5,$0.1071
BCN,KBV,"1,957",$438.88,"6,018 mi",5,$0.0729
MAD,PVH,"1,957",$641.04,"5,275 mi",5,$0.1215
NCE,SSH,"1,957",$603.75,"1,799 mi",5,$0.3356
LHR,ULH,"1,956",$907.93,"2,567 mi",5,$0.3537
WAW,PTY,"1,956",$769.33,"5,971 mi",5,$0.1288
ZRH,KTI,"1,956",$654.17,"6,112 mi",5,$0.1070
GOT,RMO,"1,955",$116.39,"1,048 mi",5,$0.1111
BCN,BZN,"1,954",$671.98,"5,306 mi",5,$0.1266
MXP,GOI,"1,954",$354.54,"4,138 mi",5,$0.0857
ZRH,LGA,"1,953",$490.62,"3,801 mi",5,$0.1291
EDI,EAS,"1,952",$300.09,899 mi,5,$0.3338
LHR,JKH,"1,952",$283.06,"1,526 mi",5,$0.1855
MAD,ECN,"1,952",$212.88,"2,101 mi",5,$0.1013
BCN,KIN,"1,952",$572.25,"4,984 mi",5,$0.1148
SNN,MSP,"1,952",$493.83,"3,761 mi",5,$0.1313
SOF,CLT,"1,952",$658.79,"5,408 mi",5,$0.1218
FCO,SLA,"1,951",$688.46,"6,557 mi",5,$0.1050
VCE,TFU,"1,951",$209.67,"4,999 mi",5,$0.0419
MAD,MGF,"1,951",$753.86,"5,567 mi",5,$0.1354
VIE,SAT,"1,951",$807.16,"5,910 mi",5,$0.1366
CDG,ROA,"1,950",$474.77,"4,149 mi",5,$0.1144
VCE,COV,"1,950",$416.43,"1,355 mi",5,$0.3073
DUB,ECN,"1,950",$225.75,"2,361 mi",5,$0.0956
DUB,EVN,"1,950",$292.80,"2,429 mi",5,$0.1205
VIE,XMN,"1,949",$368.24,"5,635 mi",5,$0.0653
CDG,DNZ,"1,949",$421.85,"1,603 mi",5,$0.2632
GOT,BOG,"1,948",$499.33,"5,986 mi",5,$0.0834
WAW,VFA,"1,948",$294.03,"4,717 mi",5,$0.0623
BUD,QYG,"1,947",$143.82,513 mi,5,$0.2804
GOT,TBS,"1,947",$304.24,"1,857 mi",5,$0.1638
NCL,AMM,"1,947",$456.84,"2,508 mi",5,$0.1822
BCN,GSO,"1,946",$511.06,"4,395 mi",5,$0.1163
LED,TPE,"1,946",$437.83,"4,909 mi",5,$0.0892
LHR,BON,"1,946",$603.63,"4,475 mi",5,$0.1349
ARN,LUN,"1,946",$584.67,"5,370 mi",5,$0.1089
LED,LJU,"1,946",$579.61,"1,105 mi",5,$0.5245
BGY,ELQ,"1,945",$69.62,"2,369 mi",5,$0.0294
DUB,GDL,"1,945",$851.23,"5,529 mi",5,$0.1540
NCL,ACC,"1,945",$650.34,"3,314 mi",5,$0.1962
BCN,DLC,"1,944",$824.99,"5,882 mi",5,$0.1403
AGP,BJX,"1,944",$984.09,"5,902 mi",5,$0.1667
MAN,SAT,"1,944",$871.64,"4,702 mi",5,$0.1854
ATH,GDL,"1,942",$501.26,"7,357 mi",5,$0.0681
DME,GOI,"1,942",$252.26,"3,457 mi",5,$0.0730
FCO,TUC,"1,942",$647.92,"7,040 mi",5,$0.0920
MRS,ACC,"1,942",$876.03,"2,713 mi",5,$0.3229
AMS,HGA,"1,941",$360.38,"3,573 mi",5,$0.1009
LIS,YXE,"1,941",$451.97,"4,317 mi",5,$0.1047
CDG,VII,"1,941",$476.00,"5,642 mi",5,$0.0844
DUB,SDQ,"1,941",$572.48,"4,236 mi",5,$0.1351
CDG,PLS,"1,940",$743.03,"4,284 mi",5,$0.1734
OTP,HYD,"1,939",$605.50,"3,659 mi",5,$0.1655
SVO,AMD,"1,938",$448.02,"2,975 mi",5,$0.1506
BOD,NOU,"1,937","$1,811.41","10,373 mi",5,$0.1746
GOT,LEJ,"1,937",$375.41,443 mi,5,$0.8474
NCL,DMM,"1,937",$812.83,"3,330 mi",5,$0.2441
OTP,MPL,"1,937",$483.83,"1,065 mi",5,$0.4543
ZRH,PPT,"1,937","$1,315.84","9,727 mi",5,$0.1353
CDG,IDA,"1,937","$1,167.59","4,774 mi",5,$0.2446
STN,BIO,"1,937",$208.87,593 mi,5,$0.3522
DUB,PTY,"1,936",$690.90,"5,173 mi",5,$0.1336
GVA,CTG,"1,936",$688.38,"5,458 mi",5,$0.1261
MAN,ABJ,"1,936",$648.57,"3,224 mi",5,$0.2012
BOD,KUL,"1,936",$713.91,"6,890 mi",5,$0.1036
BUD,SDF,"1,935",$581.94,"4,790 mi",5,$0.1215
GOT,ABZ,"1,935",$345.53,554 mi,5,$0.6237
NCE,PKX,"1,933",$377.75,"5,350 mi",5,$0.0706
PRG,JRO,"1,933",$566.00,"3,822 mi",5,$0.1481
VKO,TPE,"1,933",$428.98,"4,437 mi",5,$0.0967
MAN,CWL,"1,932",$84.46,147 mi,5,$0.5746
FCO,MFE,"1,932",$581.01,"5,802 mi",5,$0.1001
OTP,ABJ,"1,932",$709.64,"3,364 mi",5,$0.2110
PRG,RIC,"1,932",$482.95,"4,488 mi",5,$0.1076
GOT,TGD,"1,931",$111.11,"1,067 mi",5,$0.1041
BCN,AVL,"1,931",$703.07,"4,546 mi",5,$0.1547
LHR,IFN,"1,931",$493.31,"2,988 mi",5,$0.1651
LHR,EVV,"1,930",$937.14,"4,236 mi",5,$0.2212
ZAG,ALA,"1,930",$363.85,"2,845 mi",5,$0.1279
AMS,AXD,"1,929",$234.12,"1,234 mi",5,$0.1897
ARN,JAX,"1,927",$567.67,"4,596 mi",5,$0.1235
BUD,BJV,"1,927",$151.12,798 mi,5,$0.1894
OSL,MBA,"1,927",$328.15,"4,556 mi",5,$0.0720
BCN,DAY,"1,927",$466.97,"4,193 mi",5,$0.1114
LHR,KSC,"1,927",$250.89,949 mi,5,$0.2644
ZAG,LLA,"1,927",$100.54,"1,345 mi",5,$0.0748
CDG,ZAD,"1,926",$151.98,674 mi,5,$0.2255
SVO,LAX,"1,926",$666.59,"6,245 mi",5,$0.1067
OSL,DSS,"1,926",$397.93,"3,554 mi",5,$0.1120
MRS,TPA,"1,925",$504.40,"4,956 mi",5,$0.1018
MAN,GZP,"1,925",$176.50,"2,093 mi",5,$0.0843
BCN,PAS,"1,924",$364.21,"1,228 mi",5,$0.2966
NCL,CAI,"1,924",$444.06,"2,438 mi",5,$0.1821
BRU,SMF,"1,924",$564.76,"5,603 mi",5,$0.1008
GOT,KBL,"1,924",$483.34,"2,947 mi",5,$0.1640
MAN,UIO,"1,924",$776.00,"5,825 mi",5,$0.1332
OSL,BFS,"1,924",$56.72,724 mi,5,$0.0783
BOD,NCL,"1,923",$247.43,686 mi,5,$0.3607
OSL,DAD,"1,923",$438.29,"5,664 mi",5,$0.0774
ARN,VVI,"1,923",$546.27,"7,171 mi",5,$0.0762
BRU,KUF,"1,923",$168.38,"1,852 mi",5,$0.0909
EDI,BUF,"1,923",$426.19,"3,222 mi",5,$0.1323
GOT,EBB,"1,923",$294.80,"4,009 mi",5,$0.0735
MRS,NKC,"1,923",$346.01,"2,193 mi",5,$0.1578
DUB,HNL,"1,922",$750.55,"6,791 mi",5,$0.1105
FCO,VIL,"1,922",$140.71,"1,982 mi",5,$0.0710
CDG,EYW,"1,921",$630.91,"4,847 mi",5,$0.1302
DUB,DLC,"1,921",$283.38,"5,176 mi",5,$0.0547
WAW,NWI,"1,921",$308.37,803 mi,5,$0.3840
DUB,AUA,"1,920",$705.79,"4,319 mi",5,$0.1634
LIS,MTY,"1,919",$838.76,"5,330 mi",5,$0.1574
MRS,WNZ,"1,918",$195.30,"5,862 mi",5,$0.0333
AMS,HFE,"1,918",$380.45,"5,168 mi",5,$0.0736
DUB,SEZ,"1,917",$618.01,"5,520 mi",5,$0.1120
BOD,TNR,"1,916",$640.28,"5,498 mi",5,$0.1165
DUB,REC,"1,915",$643.00,"4,434 mi",5,$0.1450
LHR,YIA,"1,915","$1,025.24","7,750 mi",5,$0.1323
PMI,ODE,"1,915",$118.69,"1,119 mi",5,$0.1061
BRU,BVE,"1,914",$57.14,434 mi,5,$0.1317
GVA,XIY,"1,914",$364.30,"4,928 mi",5,$0.0739
AMS,GOX,"1,912",$336.09,"4,349 mi",5,$0.0773
ATH,AES,"1,912",$313.13,"1,804 mi",5,$0.1736
LYS,PPT,"1,912",$970.49,"10,308 mi",5,$0.0941
VKO,EWR,"1,911","$1,558.31","4,529 mi",5,$0.3441
LHR,KZN,"1,911",$985.53,"2,078 mi",5,$0.4743
MAN,BDL,"1,910",$540.32,"3,327 mi",5,$0.1624
CDG,LGK,"1,909",$577.36,"6,397 mi",5,$0.0903
AMS,URC,"1,908",$349.50,"3,757 mi",5,$0.0930
WAW,KEM,"1,908",$277.41,977 mi,5,$0.2839
FCO,BTR,"1,907",$649.18,"5,626 mi",5,$0.1154
VIE,DAM,"1,907",$425.45,"1,491 mi",5,$0.2853
WAW,SLL,"1,907",$257.86,"2,931 mi",5,$0.0880
HEL,MCI,"1,906",$824.03,"4,901 mi",5,$0.1681
MAN,SYR,"1,906",$422.81,"3,412 mi",5,$0.1239
MXP,LDB,"1,906",$825.26,"6,244 mi",5,$0.1322
VCE,GRX,"1,906",$285.70,982 mi,5,$0.2909
VIE,VRN,"1,906",$250.21,338 mi,5,$0.7403
DBV,LPA,"1,906",$351.65,"2,067 mi",5,$0.1701
DBV,TFS,"1,906",$287.43,"2,119 mi",5,$0.1356
NCL,SAW,"1,906",$351.71,"1,764 mi",5,$0.1994
PMI,TIV,"1,906",$304.65,829 mi,5,$0.3675
AGP,PDX,"1,905",$613.00,"5,740 mi",5,$0.1068
EDI,ESB,"1,905",$296.27,"1,911 mi",5,$0.1550
HEL,LHE,"1,905",$398.55,"3,076 mi",5,$0.1296
MAD,EZS,"1,905",$220.78,"2,332 mi",5,$0.0947
BGY,TZX,"1,904",$175.25,"1,583 mi",5,$0.1107
FCO,SJW,"1,904",$310.00,"5,219 mi",5,$0.0594
MAD,TAM,"1,904",$794.37,"5,610 mi",5,$0.1416
AMS,DLA,"1,904",$469.91,"3,449 mi",5,$0.1362
DUB,CAE,"1,904",$658.79,"3,668 mi",5,$0.1796
LGW,BNA,"1,904",$231.76,"4,064 mi",5,$0.0570
LHR,ELS,"1,904",$469.29,"6,269 mi",5,$0.0749
MXP,HET,"1,904",$196.01,"4,956 mi",5,$0.0396
ZAG,TRN,"1,904",$285.93,397 mi,5,$0.7202
BCN,CNX,"1,903",$541.82,"5,543 mi",5,$0.0977
BRU,ORK,"1,903",$273.77,546 mi,5,$0.5014
VCE,LGA,"1,903",$433.29,"4,266 mi",5,$0.1016
BHX,VNO,"1,903",$205.43,"1,146 mi",5,$0.1793
BOD,ZAG,"1,903",$397.24,792 mi,5,$0.5016
ZRH,BZG,"1,903",$145.20,552 mi,5,$0.2630
VIE,PRI,"1,902",$524.19,"4,454 mi",5,$0.1177
ZRH,OMO,"1,902",$146.51,551 mi,5,$0.2659
ARN,PUJ,"1,901",$552.40,"4,838 mi",5,$0.1142
ZRH,TRS,"1,901",$106.59,251 mi,5,$0.4247
BUD,OKC,"1,901",$525.08,"5,347 mi",5,$0.0982
VCE,SJJ,"1,901",$231.63,325 mi,5,$0.7127
AMS,AOI,"1,900",$245.42,697 mi,5,$0.3521
ATH,KZS,"1,900",$104.15,344 mi,5,$0.3028
MAD,GSP,"1,900",$782.31,"4,047 mi",5,$0.1933
NAP,TAS,"1,900",$314.13,"2,899 mi",5,$0.1084
NTE,BEG,"1,900",$245.35,"1,029 mi",5,$0.2384
CPH,NNG,"1,899",$301.45,"5,302 mi",5,$0.0569
OTP,LRM,"1,899","$1,138.51","5,737 mi",5,$0.1985
CDG,GIB,"1,898",$479.86,"1,003 mi",5,$0.4784
NAP,BKO,"1,898",$122.33,"2,447 mi",5,$0.0500
ORY,DLM,"1,898",$280.34,"1,612 mi",5,$0.1739
LGW,YWG,"1,897",$261.48,"4,049 mi",5,$0.0646
BGY,KHI,"1,897",$141.63,"3,562 mi",5,$0.0398
CDG,POS,"1,897",$976.64,"4,356 mi",5,$0.2242
MAD,YYT,"1,897",$338.69,"2,376 mi",5,$0.1425
BUD,ABQ,"1,896",$558.39,"5,653 mi",5,$0.0988
LHR,CFS,"1,896",$785.31,"10,134 mi",5,$0.0775
VIE,BZG,"1,896",$163.58,340 mi,5,$0.4811
DME,TLK,"1,895",$291.42,"2,659 mi",5,$0.1096
LHR,SDU,"1,895",$832.56,"5,581 mi",5,$0.1492
STN,AMD,"1,895",$355.69,"4,363 mi",5,$0.0815
LHR,RNS,"1,894",$255.40,235 mi,5,$1.0868
OTP,ETM,"1,894",$155.96,"1,101 mi",5,$0.1417
VKO,KBV,"1,894",$263.72,"4,810 mi",5,$0.0548
ARN,HFT,"1,894",$438.33,802 mi,5,$0.5465
NTE,TRN,"1,894",$254.26,449 mi,5,$0.5663
WAW,KOK,"1,894",$207.83,778 mi,5,$0.2671
BCN,SZF,"1,893",$370.24,"1,726 mi",5,$0.2145
BUD,KZN,"1,893",$357.13,"1,353 mi",5,$0.2640
DUB,ANC,"1,893",$620.58,"4,401 mi",5,$0.1410
LHR,INC,"1,893",$363.50,"4,664 mi",5,$0.0779
NCL,CGK,"1,893",$911.00,"7,068 mi",5,$0.1289
BCN,FSD,"1,892",$796.95,"4,570 mi",5,$0.1744
GOT,BLL,"1,892",$193.64,183 mi,5,$1.0581
MRS,LJU,"1,892",$446.26,507 mi,5,$0.8802
OSL,DUR,"1,892",$369.33,"6,119 mi",5,$0.0604
VIE,NAV,"1,892",$97.88,"1,071 mi",5,$0.0914
ARN,MSY,"1,892",$520.83,"4,882 mi",5,$0.1067
ATH,YLW,"1,892",$557.44,"5,787 mi",5,$0.0963
SVO,VCE,"1,892",$595.14,"1,341 mi",5,$0.4438
CDG,GRB,"1,891",$520.54,"3,917 mi",5,$0.1329
LHR,HET,"1,891",$231.02,"4,728 mi",5,$0.0489
BGY,DOH,"1,890",$144.72,"2,623 mi",5,$0.0552
BHX,HGA,"1,889",$481.64,"4,031 mi",5,$0.1195
VIE,MGA,"1,889",$381.44,"5,983 mi",5,$0.0638
LHR,LPQ,"1,888",$748.94,"5,499 mi",5,$0.1362
MAD,FTE,"1,888",$576.59,"7,738 mi",5,$0.0745
CDG,TRF,"1,888",$124.84,745 mi,5,$0.1676
FCO,BGI,"1,888","$1,014.44","4,822 mi",5,$0.2104
BOD,BLR,"1,886",$882.15,"4,864 mi",5,$0.1814
EDI,GIB,"1,886",$484.74,"1,412 mi",5,$0.3433
GOT,CHS,"1,885",$649.50,"4,543 mi",5,$0.1430
LYS,DLM,"1,885",$136.38,"1,414 mi",5,$0.0964
MAD,GZT,"1,885",$283.88,"2,272 mi",5,$0.1249
VKO,DMB,"1,885",$227.08,"1,797 mi",5,$0.1264
AMS,DWC,"1,884",$102.59,"3,319 mi",5,$0.0309
BUD,EBB,"1,884",$277.63,"3,470 mi",5,$0.0800
ZRH,YQB,"1,884",$455.85,"3,474 mi",5,$0.1312
DUB,PVD,"1,883",$413.49,"3,120 mi",5,$0.1325
AGP,JTR,"1,882",$263.58,"1,607 mi",5,$0.1640
ATH,NGO,"1,882",$583.88,"5,997 mi",5,$0.0974
MAN,VFA,"1,882",$455.00,"5,369 mi",5,$0.0847
VIE,ABQ,"1,882",$842.17,"5,538 mi",5,$0.1521
VKO,BOG,"1,882","$1,295.46","6,969 mi",5,$0.1859
BRU,YIA,"1,882",$672.72,"7,539 mi",5,$0.0892
LHR,MAF,"1,882",$805.56,"4,835 mi",5,$0.1666
VCE,KWI,"1,882",$428.67,"2,163 mi",5,$0.1982
VKO,ISB,"1,882",$428.02,"2,345 mi",5,$0.1825
FCO,BAQ,"1,881",$552.93,"5,733 mi",5,$0.0964
MAN,VAR,"1,881",$246.71,"1,581 mi",5,$0.1560
NCE,DMM,"1,881",$827.92,"2,569 mi",5,$0.3223
MRS,LOS,"1,880",$916.86,"2,625 mi",5,$0.3493
ARN,ABJ,"1,880",$499.28,"4,049 mi",5,$0.1233
CDG,CGR,"1,880",$777.19,"6,124 mi",5,$0.1269
NCE,SZG,"1,880",$285.55,387 mi,5,$0.7379
CDG,CUC,"1,879",$586.62,"4,975 mi",5,$0.1179
ARN,WUH,"1,879",$343.95,"4,476 mi",5,$0.0768
HEL,YYC,"1,879",$749.79,"4,275 mi",5,$0.1754
MAD,RNS,"1,879",$298.58,515 mi,5,$0.5798
NTE,CAY,"1,879",$602.31,"4,064 mi",5,$0.1482
DME,LAX,"1,878","$1,694.75","6,289 mi",5,$0.2695
VKO,PWE,"1,878",$232.58,"3,572 mi",5,$0.0651
ARN,SUF,"1,878",$158.05,"1,478 mi",5,$0.1069
ATH,ZDH,"1,878",$190.89,"1,027 mi",5,$0.1859
LHR,EGS,"1,877",$792.98,"1,042 mi",5,$0.7610
ORY,CLO,"1,877",$556.17,"5,689 mi",5,$0.0978
DUB,PBM,"1,877",$395.49,"4,427 mi",5,$0.0893
MRS,YQB,"1,877",$235.05,"3,482 mi",5,$0.0675
BCN,BIA,"1,876",$152.10,402 mi,5,$0.3784
LYS,LAD,"1,876",$567.49,"3,691 mi",5,$0.1537
NTE,SDQ,"1,876",$304.84,"4,397 mi",5,$0.0693
OTP,KYA,"1,876",$144.57,582 mi,5,$0.2484
LHR,BNK,"1,875","$1,102.90","10,689 mi",5,$0.1032
MXP,SVX,"1,875",$423.74,"2,388 mi",5,$0.1774
NTE,SCL,"1,874",$695.26,"6,811 mi",5,$0.1021
BCN,BUS,"1,874",$319.69,"1,967 mi",5,$0.1625
HEL,EBB,"1,874",$353.35,"4,310 mi",5,$0.0820
DME,NDJ,"1,872",$562.56,"3,137 mi",5,$0.1793
DUB,GRB,"1,872",$464.01,"3,663 mi",5,$0.1267
ARN,ACE,"1,871",$355.57,"2,660 mi",5,$0.1337
BUD,DSM,"1,870",$684.76,"4,897 mi",5,$0.1398
MRS,TBS,"1,870",$194.48,"2,067 mi",5,$0.0941
VCE,CLJ,"1,870",$244.60,533 mi,5,$0.4589
AMS,QYG,"1,869",$822.74,349 mi,5,$2.3574
LGW,VIL,"1,869",$191.12,"2,135 mi",5,$0.0895
BHX,ASM,"1,869",$443.68,"3,493 mi",5,$0.1270
FCO,HOU,"1,869",$521.99,"5,513 mi",5,$0.0947
NCE,SFT,"1,869",$104.95,"1,499 mi",5,$0.0700
CPH,ITM,"1,868",$992.20,"5,181 mi",5,$0.1915
LIS,SDR,"1,868",$282.86,411 mi,5,$0.6882
STN,ADL,"1,868","$1,242.53","9,781 mi",5,$0.1270
ARN,SVJ,"1,868",$190.48,620 mi,5,$0.3072
FCO,CFE,"1,867",$264.87,545 mi,5,$0.4860
ATH,FSD,"1,866",$585.01,"5,864 mi",5,$0.0998
LIS,PBM,"1,866",$755.72,"3,790 mi",5,$0.1994
GOT,ZWS,"1,865",$207.16,646 mi,5,$0.3207
VKO,VAN,"1,865",$98.99,"1,252 mi",5,$0.0791
BUD,SJU,"1,864",$774.59,"5,222 mi",5,$0.1483
LIS,SAL,"1,864",$685.00,"5,255 mi",5,$0.1304
BRU,IAS,"1,864",$218.80,"1,106 mi",5,$0.1978
LHR,TER,"1,864",$149.82,"1,507 mi",5,$0.0994
AGP,GYD,"1,863",$337.34,"2,998 mi",5,$0.1125
DME,MEX,"1,863","$1,480.78","6,885 mi",5,$0.2151
FCO,IOM,"1,863",$381.47,"1,181 mi",5,$0.3230
HEL,ITM,"1,863",$970.30,"4,644 mi",5,$0.2089
NCE,LCG,"1,863",$374.81,804 mi,5,$0.4662
VCE,COO,"1,863",$318.98,"2,687 mi",5,$0.1187
ZRH,OSR,"1,863",$209.46,477 mi,5,$0.4391
LIS,SOU,"1,862",$399.63,894 mi,5,$0.4470
VKO,HAN,"1,862",$407.93,"4,311 mi",5,$0.0946
FCO,GPT,"1,862",$646.17,"5,214 mi",5,$0.1239
LYS,ACC,"1,861",$685.36,"2,706 mi",5,$0.2533
CDG,VIL,"1,860",$137.50,"1,955 mi",5,$0.0703
GLA,ACC,"1,859",$563.40,"3,377 mi",5,$0.1668
OSL,NWI,"1,859",$419.32,620 mi,5,$0.6763
MRS,LEJ,"1,858",$356.56,661 mi,5,$0.5394
BUD,BUF,"1,858",$442.90,"4,579 mi",5,$0.0967
MAD,XNA,"1,858",$699.46,"4,832 mi",5,$0.1448
MXP,KTI,"1,858",$492.69,"5,775 mi",5,$0.0853
LGW,RBA,"1,857",$179.73,"1,263 mi",5,$0.1423
LGW,TKU,"1,857",$66.82,"1,044 mi",5,$0.0640
MAD,MBA,"1,857",$426.01,"3,987 mi",5,$0.1068
OSL,MBJ,"1,857",$301.44,"4,928 mi",5,$0.0612
CDG,BON,"1,857",$647.28,"4,863 mi",5,$0.1331
NAP,VGO,"1,857",$462.79,"1,221 mi",5,$0.3790
AMS,ASB,"1,856",$422.03,"2,802 mi",5,$0.1506
CPH,TAO,"1,856",$425.20,"4,934 mi",5,$0.0862
DUB,COV,"1,856",$223.73,"2,203 mi",5,$0.1016
LGW,DIY,"1,856",$288.14,"2,221 mi",5,$0.1297
VCE,DSM,"1,856",$735.53,"4,747 mi",5,$0.1549
EDI,ALG,"1,854",$304.74,"1,407 mi",5,$0.2166
STN,KYA,"1,854",$121.86,"1,883 mi",5,$0.0647
VCE,PTP,"1,854",$535.23,"4,508 mi",5,$0.1187
FCO,OGG,"1,854","$1,016.51","8,285 mi",5,$0.1227
OSL,FOR,"1,854",$541.72,"5,005 mi",5,$0.1082
GOT,AES,"1,853",$170.06,387 mi,5,$0.4394
LIS,YQM,"1,853",$337.88,"2,904 mi",5,$0.1163
VCE,BJX,"1,853",$553.89,"6,441 mi",5,$0.0860
CDG,EZS,"1,853",$261.41,"2,003 mi",5,$0.1305
MAD,FDF,"1,853",$579.63,"3,751 mi",5,$0.1545
ZRH,PBM,"1,853",$488.90,"4,869 mi",5,$0.1004
BOD,NUE,"1,852",$268.73,621 mi,5,$0.4327
MAD,CWL,"1,852",$293.19,730 mi,5,$0.4016
ATH,SKT,"1,852",$218.78,"2,750 mi",5,$0.0796
LHR,BIS,"1,852",$556.45,"4,298 mi",5,$0.1295
BRU,VIX,"1,851",$738.37,"5,448 mi",5,$0.1355
CDG,ROB,"1,851",$635.76,"3,142 mi",5,$0.2023
AGP,BNA,"1,850",$791.36,"4,545 mi",5,$0.1741
BUD,GZT,"1,850",$98.43,"1,211 mi",5,$0.0813
NAP,BNE,"1,850","$1,402.83","9,633 mi",5,$0.1456
BGY,GZT,"1,849",$182.72,"1,599 mi",5,$0.1143
LHR,NAT,"1,849",$711.67,"4,327 mi",5,$0.1645
MXP,SXB,"1,849",$42.92,202 mi,5,$0.2125
MAD,JPA,"1,849",$677.15,"3,964 mi",5,$0.1708
ATH,MSN,"1,848",$564.59,"5,614 mi",5,$0.1006
PRG,INV,"1,848",$182.76,875 mi,5,$0.2089
AMS,SDR,"1,847",$300.11,752 mi,5,$0.3991
CPH,EGS,"1,847",$302.75,"1,090 mi",5,$0.2778
LIS,HUY,"1,847",$277.49,"1,137 mi",5,$0.2441
NTE,EZE,"1,847",$706.31,"6,471 mi",5,$0.1092
MRS,OUA,"1,847",$258.93,"2,119 mi",5,$0.1222
VKO,AHB,"1,847",$384.44,"2,518 mi",5,$0.1527
ARN,JYV,"1,846",$203.04,331 mi,5,$0.6134
BUD,CHS,"1,846",$530.48,"5,126 mi",5,$0.1035
CDG,TAY,"1,846",$231.73,"1,204 mi",5,$0.1925
VIE,SMF,"1,846",$703.95,"6,090 mi",5,$0.1156
HEL,OVD,"1,846",$344.09,"1,779 mi",5,$0.1934
LHR,RUN,"1,845",$729.24,"6,214 mi",5,$0.1174
LYS,KGL,"1,845",$442.99,"3,743 mi",5,$0.1184
ATH,PUJ,"1,845",$580.47,"5,392 mi",5,$0.1077
NAP,FOR,"1,845",$413.64,"4,670 mi",5,$0.0886
MXP,HRB,"1,844",$461.90,"5,226 mi",5,$0.0884
LGW,AXD,"1,844",$204.28,"1,388 mi",5,$0.1472
DUB,NWI,"1,843",$233.22,328 mi,5,$0.7110
MAD,OKA,"1,843",$426.96,"7,072 mi",5,$0.0604
NAP,DPS,"1,843","$1,127.02","6,965 mi",5,$0.1618
ARN,HFS,"1,842",$86.00,158 mi,5,$0.5443
PMI,OHD,"1,842",$221.47,924 mi,5,$0.2397
HEL,ORK,"1,842",$438.86,"1,355 mi",5,$0.3239
MAD,BON,"1,842",$894.23,"4,483 mi",5,$0.1995
ZAG,LIM,"1,842",$628.42,"6,754 mi",5,$0.0930
CDG,MLX,"1,841",$217.59,"1,841 mi",5,$0.1182
HEL,PUJ,"1,841",$275.52,"5,063 mi",5,$0.0544
BCN,PSP,"1,840",$956.74,"6,123 mi",5,$0.1563
BCN,VIX,"1,840",$811.36,"5,195 mi",5,$0.1562
CPH,PUF,"1,840",$304.19,994 mi,5,$0.3060
HEL,PIT,"1,840",$651.30,"4,173 mi",5,$0.1561
CDG,HOU,"1,838",$859.60,"4,879 mi",5,$0.1762
FCO,KHN,"1,838",$323.33,"5,385 mi",5,$0.0600
CDG,EUX,"1,838",$532.88,"4,335 mi",5,$0.1229
MXP,CGB,"1,838",$651.18,"5,673 mi",5,$0.1148
PMI,ODB,"1,838",$56.25,439 mi,5,$0.1281
ZAG,CAN,"1,838",$541.15,"5,244 mi",5,$0.1032
DME,GOX,"1,837",$161.98,"3,436 mi",5,$0.0471
FCO,MID,"1,836",$723.66,"5,668 mi",5,$0.1277
AGP,PTP,"1,836",$306.98,"3,850 mi",5,$0.0797
AGP,SLC,"1,836",$812.48,"5,551 mi",5,$0.1464
AMS,YXS,"1,836",$567.50,"4,367 mi",5,$0.1300
BUD,CGQ,"1,836",$220.08,"4,842 mi",5,$0.0455
CPH,RNS,"1,836",$340.74,827 mi,5,$0.4120
GLA,BAH,"1,836",$606.80,"3,496 mi",5,$0.1736
VKO,DAR,"1,836",$483.53,"4,187 mi",5,$0.1155
NTE,BOM,"1,835",$487.61,"4,674 mi",5,$0.1043
WAW,TFU,"1,834",$386.08,"4,461 mi",5,$0.0865
BRU,CTG,"1,833",$786.97,"5,067 mi",5,$0.1553
ZAG,SGN,"1,833",$306.05,"5,541 mi",5,$0.0552
ZRH,LIT,"1,833",$558.84,"4,798 mi",5,$0.1165
LHR,TKU,"1,833",$162.55,"1,101 mi",5,$0.1476
VCE,ROC,"1,832",$477.03,"4,329 mi",5,$0.1102
BUD,URC,"1,832",$284.47,"3,291 mi",5,$0.0864
BUD,HUY,"1,831",$204.63,927 mi,5,$0.2207
LIS,BOI,"1,831",$775.97,"4,999 mi",5,$0.1552
LHR,SZF,"1,829",$230.26,"1,933 mi",5,$0.1191
MXP,MUB,"1,829",$623.83,"4,765 mi",5,$0.1309
STN,BSR,"1,829",$156.16,"2,720 mi",5,$0.0574
BUD,KHI,"1,828",$364.50,"3,119 mi",5,$0.1169
HEL,CWB,"1,828","$1,035.92","7,445 mi",5,$0.1391
LCY,TLV,"1,828",$243.56,"2,144 mi",5,$0.1136
BUD,DLM,"1,827",$130.88,913 mi,5,$0.1434
OSL,ABJ,"1,827",$506.18,"3,761 mi",5,$0.1346
SOF,PUJ,"1,827",$520.55,"5,607 mi",5,$0.0928
VCE,CNF,"1,827",$723.78,"5,545 mi",5,$0.1305
LIS,PTP,"1,827",$568.51,"3,405 mi",5,$0.1670
BHX,WMI,"1,827",$83.85,911 mi,5,$0.0920
ORY,NSI,"1,827",$203.29,"3,251 mi",5,$0.0625
AGP,SOU,"1,826",$363.77,"1,028 mi",5,$0.3539
MAN,MJI,"1,826",$665.60,"1,561 mi",5,$0.4264
OSL,BES,"1,826",$447.66,"1,050 mi",5,$0.4263
AMS,MLX,"1,826",$245.70,"1,800 mi",5,$0.1365
FCO,BIS,"1,826",$492.46,"5,221 mi",5,$0.0943
GOT,FUE,"1,826",$245.67,"2,450 mi",5,$0.1003
OTP,HGH,"1,826",$389.13,"5,134 mi",5,$0.0758
OSL,FDF,"1,825",$396.00,"4,875 mi",5,$0.0812
ARN,HBE,"1,825",$120.88,"1,997 mi",5,$0.0605
DUB,NAV,"1,825",$190.20,"2,227 mi",5,$0.0854
BHX,MHD,"1,824",$281.11,"3,032 mi",5,$0.0927
OSL,HAD,"1,824",$78.93,242 mi,5,$0.3262
PRG,YWG,"1,823",$443.51,"4,301 mi",5,$0.1031
FCO,CUZ,"1,822",$711.10,"6,349 mi",5,$0.1120
OTP,KBL,"1,822",$342.09,"2,438 mi",5,$0.1403
CPH,QYG,"1,822",$126.84,110 mi,5,$1.1531
DUB,ILM,"1,821",$801.17,"3,525 mi",5,$0.2273
FCO,NGY,"1,821",$542.18,"6,252 mi",5,$0.0867
LHR,RAI,"1,821",$399.03,"2,913 mi",5,$0.1370
WAW,CRK,"1,821",$706.99,"5,963 mi",5,$0.1186
ATH,LXR,"1,820",$136.83,"1,020 mi",5,$0.1341
CPH,BZO,"1,820",$180.28,616 mi,5,$0.2927
VIE,SXM,"1,820",$815.00,"4,682 mi",5,$0.1741
BCN,BRQ,"1,819",$167.16,865 mi,5,$0.1932
LED,KYZ,"1,819",$258.22,"2,379 mi",5,$0.1085
LGW,MSP,"1,818",$345.51,"3,904 mi",5,$0.0885
MRS,BNE,"1,818","$1,132.56","10,645 mi",5,$0.1064
PRG,GZT,"1,817",$145.24,"1,422 mi",5,$0.1021
SVO,BOS,"1,817",$661.12,"4,334 mi",5,$0.1525
GVA,SXM,"1,817","$1,068.80","4,209 mi",5,$0.2539
LCY,VCE,"1,817",$170.28,719 mi,5,$0.2368
LHR,OAK,"1,817",$527.47,"5,503 mi",5,$0.0959
NCE,ACC,"1,816",$829.37,"2,748 mi",5,$0.3018
VCE,PKX,"1,816",$333.24,"4,770 mi",5,$0.0699
BUD,JER,"1,816",$478.73,"1,020 mi",5,$0.4693
STN,MLX,"1,816",$209.24,"2,095 mi",5,$0.0999
ZAG,HAV,"1,816",$516.85,"5,645 mi",5,$0.0916
CDG,FAR,"1,815",$656.51,"4,370 mi",5,$0.1502
GOT,DRS,"1,815",$239.38,441 mi,5,$0.5428
WAW,ASB,"1,815",$444.64,"2,101 mi",5,$0.2116
ZRH,EFL,"1,814",$194.27,857 mi,5,$0.2267
AGP,MCT,"1,814",$470.49,"3,906 mi",5,$0.1205
BUD,COK,"1,814",$488.17,"4,060 mi",5,$0.1202
GLA,YOW,"1,813",$497.52,"3,154 mi",5,$0.1577
VIE,HAK,"1,813",$179.92,"5,536 mi",5,$0.0325
CPH,LGA,"1,813",$425.16,"3,726 mi",5,$0.1141
LCY,IAD,"1,813",$775.66,"3,576 mi",5,$0.2169
ZRH,ALB,"1,813",$797.07,"3,720 mi",5,$0.2143
ATH,AAR,"1,812",$202.50,"1,368 mi",5,$0.1480
MRS,LFW,"1,812",$546.32,"2,508 mi",5,$0.2178
ZRH,DSM,"1,812",$635.63,"4,808 mi",5,$0.1322
LIS,AHO,"1,812",$222.71,905 mi,5,$0.2461
BGY,DAC,"1,811",$227.73,"4,761 mi",5,$0.0478
GVA,LXR,"1,811",$255.90,"1,978 mi",5,$0.1294
NCE,CHS,"1,811","$1,061.55","4,708 mi",5,$0.2255
ATH,TNR,"1,810",$619.92,"4,081 mi",5,$0.1519
FCO,MLB,"1,810",$768.42,"4,938 mi",5,$0.1556
LHR,YFC,"1,810",$393.12,"2,847 mi",5,$0.1381
NCE,HAV,"1,810",$475.56,"5,273 mi",5,$0.0902
PRG,ISB,"1,810",$617.75,"3,227 mi",5,$0.1914
LED,KUT,"1,809",$139.66,"1,284 mi",5,$0.1088
NCE,NQZ,"1,809",$437.82,"2,864 mi",5,$0.1529
WAW,LLA,"1,809",$140.36,953 mi,5,$0.1473
BHX,LAS,"1,808",$713.75,"4,977 mi",5,$0.1434
LIS,CCU,"1,808",$475.55,"5,468 mi",5,$0.0870
VIE,RNS,"1,808",$260.26,868 mi,5,$0.2998
AGP,BDS,"1,808",$290.67,"1,201 mi",5,$0.2420
BRU,SDF,"1,807",$613.45,"4,373 mi",5,$0.1403
ATH,PWM,"1,807",$493.51,"4,527 mi",5,$0.1090
CDG,HMO,"1,806",$710.20,"5,502 mi",5,$0.1291
GVA,NKC,"1,806",$547.94,"2,373 mi",5,$0.2309
AMS,IDR,"1,806",$303.55,"4,070 mi",5,$0.0746
CPH,CRK,"1,806",$449.27,"6,207 mi",5,$0.0724
LED,KVX,"1,805",$134.28,659 mi,5,$0.2038
FCO,PRI,"1,803",$411.95,"4,068 mi",5,$0.1013
MAN,SAI,"1,803",$767.76,"5,952 mi",5,$0.1290
DME,LIS,"1,802",$891.22,"2,505 mi",5,$0.3558
LED,OTP,"1,802",$382.16,"1,034 mi",5,$0.3696
MAN,LSI,"1,802",$480.67,466 mi,5,$1.0315
ARN,LED,"1,802",$252.14,442 mi,5,$0.5705
VCE,GSP,"1,801",$683.61,"4,608 mi",5,$0.1484
ZAG,AAL,"1,800",$332.62,803 mi,5,$0.4142
VKO,MHD,"1,800",$168.26,"1,752 mi",5,$0.0960
BHX,DIY,"1,799",$286.00,"2,169 mi",5,$0.1319
GVA,VTE,"1,799",$439.63,"5,795 mi",5,$0.0759
MXP,OUD,"1,799",$163.20,907 mi,5,$0.1799
PRG,AMD,"1,799",$514.97,"3,511 mi",5,$0.1467
BOD,SLC,"1,799",$919.22,"5,308 mi",5,$0.1732
HEL,MPL,"1,799",$318.55,"1,405 mi",5,$0.2267
LHR,LBB,"1,798",$559.37,"4,734 mi",5,$0.1182
LGW,SKD,"1,797",$305.81,"3,330 mi",5,$0.0918
BRU,CRK,"1,797",$451.75,"6,279 mi",5,$0.0719
LHR,RAP,"1,797",$579.50,"4,519 mi",5,$0.1282
MAN,KOI,"1,797",$335.57,400 mi,5,$0.8389
LHR,AVV,"1,796","$1,139.70","10,822 mi",5,$0.1053
AGP,OUA,"1,796",$152.97,"1,640 mi",5,$0.0933
VKO,GUW,"1,796",$252.69,829 mi,5,$0.3048
CDG,TBB,"1,795",$498.22,"6,086 mi",5,$0.0819
HEL,NQZ,"1,795",$276.06,"1,932 mi",5,$0.1429
MAN,KUO,"1,795",$258.13,"1,303 mi",5,$0.1981
ZRH,YXT,"1,794",$405.33,"5,112 mi",5,$0.0793
LHR,CRW,"1,794",$437.31,"3,745 mi",5,$0.1168
MAN,NAV,"1,794",$220.53,"1,940 mi",5,$0.1137
ZAG,TUN,"1,794",$347.22,664 mi,5,$0.5229
LIS,ATQ,"1,793",$286.10,"4,730 mi",5,$0.0605
BRU,MMX,"1,793",$115.96,502 mi,5,$0.2310
NCE,SJJ,"1,793",$376.98,572 mi,5,$0.6591
BOD,BEG,"1,792",$307.39,996 mi,5,$0.3086
PRG,DSS,"1,792",$342.40,"3,101 mi",5,$0.1104
CDG,BUR,"1,791","$2,106.40","5,809 mi",5,$0.3626
DUB,BGW,"1,791",$297.82,"2,902 mi",5,$0.1026
MAD,UDI,"1,791",$775.32,"4,855 mi",5,$0.1597
BHX,BAH,"1,790",$458.44,"3,331 mi",5,$0.1376
EDI,ROC,"1,790",$485.77,"3,177 mi",5,$0.1529
LHR,AOI,"1,790",$166.07,815 mi,5,$0.2038
PRG,CHS,"1,790",$726.42,"4,832 mi",5,$0.1503
ARN,SMI,"1,789",$193.97,"1,616 mi",5,$0.1200
LGW,PEN,"1,789",$695.03,"6,574 mi",5,$0.1057
NTE,SEA,"1,787","$1,646.07","4,840 mi",5,$0.3401
BRU,HNL,"1,787",$690.17,"7,552 mi",5,$0.0914
LGW,ALF,"1,787",$127.29,"1,460 mi",5,$0.0872
HEL,LEJ,"1,786",$464.89,809 mi,5,$0.5746
LCY,MAN,"1,786",$170.68,156 mi,5,$1.0941
NTE,ZAG,"1,786",$291.12,820 mi,5,$0.3550
HEL,CGN,"1,785",$286.01,921 mi,5,$0.3105
CDG,YXS,"1,785",$335.14,"4,785 mi",5,$0.0700
SVO,BNE,"1,785",$498.43,"8,487 mi",5,$0.0587
CPH,TFU,"1,784",$243.29,"4,720 mi",5,$0.0515
GVA,PBI,"1,784","$1,468.99","4,880 mi",5,$0.3010
LIS,AES,"1,784",$239.80,"1,710 mi",5,$0.1402
LIS,NWI,"1,784",$297.60,"1,049 mi",5,$0.2837
BOD,RIX,"1,783",$232.11,"1,390 mi",5,$0.1670
ZAG,TFS,"1,783",$355.09,"2,220 mi",5,$0.1600
CPH,PUS,"1,783",$571.65,"4,978 mi",5,$0.1148
MAN,LYP,"1,783",$549.37,"3,808 mi",5,$0.1443
PRG,HNL,"1,782",$871.02,"7,254 mi",5,$0.1201
CDG,AXT,"1,782","$1,114.06","5,617 mi",5,$0.1983
DUB,SSA,"1,782",$534.21,"5,108 mi",5,$0.1046
BCN,LPI,"1,781",$201.05,"1,359 mi",5,$0.1479
LED,GOX,"1,781",$175.09,"3,633 mi",5,$0.0482
NTE,BIO,"1,781",$310.19,266 mi,5,$1.1661
HEL,CUR,"1,781",$694.38,"5,452 mi",5,$0.1274
BRU,GRR,"1,780",$600.42,"3,896 mi",5,$0.1541
GVA,SAI,"1,780",$636.45,"5,755 mi",5,$0.1106
LIS,DAR,"1,779",$625.90,"4,284 mi",5,$0.1461
MXP,GSP,"1,779",$762.94,"4,453 mi",5,$0.1713
ARN,MIR,"1,779",$255.52,"1,732 mi",5,$0.1475
MAD,LFW,"1,779",$380.42,"2,318 mi",5,$0.1641
ZRH,CWL,"1,779",$390.70,616 mi,5,$0.6343
CDG,LHW,"1,778",$430.98,"4,955 mi",5,$0.0870
LIS,DSM,"1,778",$638.32,"4,405 mi",5,$0.1449
LCY,OTP,"1,778",$266.08,"1,248 mi",5,$0.2132
LGW,GYN,"1,778",$511.60,"5,703 mi",5,$0.0897
LGW,NNG,"1,778",$257.38,"5,581 mi",5,$0.0461
GVA,JAX,"1,777",$817.59,"4,774 mi",5,$0.1713
LYS,GUA,"1,777",$533.38,"5,592 mi",5,$0.0954
BUD,ORF,"1,777",$538.90,"4,490 mi",5,$0.1200
MRS,AUS,"1,776",$583.30,"5,559 mi",5,$0.1049
WAW,ORK,"1,776",$410.17,"1,281 mi",5,$0.3202
MAD,SZF,"1,776",$274.29,"2,140 mi",5,$0.1282
GOT,SLC,"1,775",$721.00,"5,059 mi",5,$0.1425
BCN,EUG,"1,775",$612.45,"5,461 mi",5,$0.1121
LCY,TRS,"1,775",$107.16,747 mi,5,$0.1435
MAN,NAS,"1,775",$635.84,"4,119 mi",5,$0.1544
MAN,TNR,"1,775",$592.97,"5,622 mi",5,$0.1055
SOF,KTM,"1,775",$340.61,"3,458 mi",5,$0.0985
AGP,RMF,"1,774",$271.77,"2,344 mi",5,$0.1159
AMS,BIS,"1,773",$492.91,"4,434 mi",5,$0.1112
ATH,YYT,"1,773",$412.01,"3,672 mi",5,$0.1122
BOD,DFW,"1,773",$710.25,"5,088 mi",5,$0.1396
DME,DUR,"1,773",$700.12,"5,711 mi",5,$0.1226
MAN,BDA,"1,773",$895.99,"3,449 mi",5,$0.2598
ZAG,NUE,"1,773",$225.30,359 mi,5,$0.6276
CDG,TMP,"1,772",$99.61,"1,218 mi",5,$0.0818
MRS,PNH,"1,772",$526.49,"6,328 mi",5,$0.0832
PMI,AUS,"1,772",$867.50,"5,259 mi",5,$0.1650
SOF,RDU,"1,772",$713.02,"4,975 mi",5,$0.1433
GVA,INV,"1,771",$512.79,918 mi,5,$0.5586
ZRH,SDR,"1,771",$369.34,680 mi,5,$0.5431
OSL,QKL,"1,770",$319.40,639 mi,5,$0.4998
ZRH,BON,"1,769",$591.09,"4,839 mi",5,$0.1222
OTP,TUU,"1,769",$260.78,"1,222 mi",5,$0.2134
MAD,LIT,"1,768",$549.21,"4,515 mi",5,$0.1216
LHR,CRP,"1,767",$940.83,"4,873 mi",5,$0.1931
NAP,OMA,"1,767","$1,117.35","5,117 mi",5,$0.2184
ARN,LKN,"1,767",$190.08,583 mi,5,$0.3260
BOD,BGO,"1,766",$257.97,"1,063 mi",5,$0.2427
CPH,SHE,"1,766",$289.11,"4,734 mi",5,$0.0611
LED,KWI,"1,766",$385.50,"2,201 mi",5,$0.1751
MXP,DSM,"1,765",$961.51,"4,896 mi",5,$0.1964
MXP,LUN,"1,765",$455.54,"4,257 mi",5,$0.1070
SVO,HYD,"1,765",$378.94,"3,320 mi",5,$0.1141
EDI,OUL,"1,765",$284.49,"1,178 mi",5,$0.2415
OTP,HUY,"1,765",$403.41,"1,298 mi",5,$0.3108
GOT,PHX,"1,764",$545.22,"5,203 mi",5,$0.1048
SOF,AUS,"1,764",$647.50,"6,351 mi",5,$0.1020
AGP,FDF,"1,763",$257.38,"3,662 mi",5,$0.0703
BRU,LBV,"1,763",$323.54,"3,602 mi",5,$0.0898
LIS,KGS,"1,763",$251.82,"2,029 mi",5,$0.1241
BRU,FUK,"1,763",$635.64,"5,911 mi",5,$0.1075
VKO,EBL,"1,763",$548.95,"1,333 mi",5,$0.4118
VIE,PTP,"1,762",$463.71,"4,697 mi",5,$0.0987
VKO,HER,"1,762","$1,449.91","1,557 mi",5,$0.9312
AMS,COO,"1,762",$557.97,"3,083 mi",5,$0.1810
NCL,DEN,"1,762",$677.31,"4,608 mi",5,$0.1470
EDI,EBB,"1,761",$292.10,"4,220 mi",5,$0.0692
PRG,SLL,"1,761",$285.56,"3,267 mi",5,$0.0874
ZRH,PVK,"1,761",$197.69,877 mi,5,$0.2254
VCE,BHM,"1,760",$638.27,"4,854 mi",5,$0.1315
ZAG,BAH,"1,760",$400.17,"2,396 mi",5,$0.1670
VCE,COK,"1,760",$385.90,"4,335 mi",5,$0.0890
MAD,ERH,"1,759",$129.54,574 mi,5,$0.2257
CPH,SMI,"1,759",$243.35,"1,363 mi",5,$0.1785
GOT,BRS,"1,759",$338.94,717 mi,5,$0.4727
MXP,PEN,"1,759",$968.13,"6,213 mi",5,$0.1558
CDG,BSZ,"1,758",$450.49,"3,243 mi",5,$0.1389
FCO,SLZ,"1,758",$734.04,"4,530 mi",5,$0.1620
LED,SFO,"1,758",$600.18,"5,361 mi",5,$0.1120
ATH,AVL,"1,757",$928.47,"5,359 mi",5,$0.1733
ATH,PRN,"1,757",$207.74,366 mi,5,$0.5676
BUD,TFN,"1,757",$323.75,"2,240 mi",5,$0.1445
LHR,COO,"1,757",$659.70,"3,028 mi",5,$0.2179
AMS,HRB,"1,757",$209.43,"4,980 mi",5,$0.0421
FCO,BJM,"1,757",$497.96,"3,198 mi",5,$0.1557
DUB,ONT,"1,756",$670.96,"5,289 mi",5,$0.1269
VIE,LPI,"1,756",$176.30,733 mi,5,$0.2405
SVO,CGN,"1,756",$172.79,"1,323 mi",5,$0.1306
BHX,BSR,"1,755",$736.27,"2,807 mi",5,$0.2623
ZRH,TUL,"1,755",$729.07,"4,865 mi",5,$0.1499
BCN,ZTH,"1,755",$194.10,998 mi,5,$0.1945
AMS,ERH,"1,754",$157.45,"1,524 mi",5,$0.1033
LIS,EBB,"1,754",$731.05,"3,864 mi",5,$0.1892
AGP,BOJ,"1,754",$178.35,"1,793 mi",5,$0.0995
LHR,BJM,"1,754",$403.37,"4,046 mi",5,$0.0997
OSL,CGN,"1,754",$198.77,642 mi,5,$0.3096
AMS,SGF,"1,753",$499.07,"4,410 mi",5,$0.1132
EDI,GRZ,"1,753",$283.11,983 mi,5,$0.2880
GVA,QKL,"1,753",$262.96,337 mi,5,$0.7803
NTE,IAD,"1,753",$839.81,"3,607 mi",5,$0.2328
BUD,OLB,"1,753",$270.76,680 mi,5,$0.3982
CPH,TNR,"1,752",$549.66,"5,364 mi",5,$0.1025
NCL,PHL,"1,752",$954.56,"3,520 mi",5,$0.2712
ARN,IAS,"1,752",$244.26,920 mi,5,$0.2655
ORY,REG,"1,751",$69.04,960 mi,5,$0.0719
BRU,FLN,"1,751",$673.21,"6,504 mi",5,$0.1035
LYS,DMM,"1,750",$841.76,"2,698 mi",5,$0.3120
MAD,ZOS,"1,750",$819.41,"7,311 mi",5,$0.1121
ZRH,MSN,"1,750",$795.41,"4,564 mi",5,$0.1743
AGP,RNB,"1,749",$220.47,"1,586 mi",5,$0.1390
BCN,HRE,"1,749",$589.91,"4,359 mi",5,$0.1353
AMS,VAS,"1,749",$354.13,"1,694 mi",5,$0.2090
MAD,ICT,"1,749","$1,343.39","4,920 mi",5,$0.2730
GOT,ADD,"1,748",$342.36,"3,757 mi",5,$0.0911
CDG,CWL,"1,747",$281.22,299 mi,5,$0.9405
BCN,BEL,"1,747",$682.58,"4,450 mi",5,$0.1534
MAN,GCM,"1,747",$807.65,"4,569 mi",5,$0.1768
MAD,BPS,"1,746",$626.54,"4,410 mi",5,$0.1421
OTP,EVE,"1,746",$218.09,"1,636 mi",5,$0.1333
VIE,LJU,"1,746",$285.33,169 mi,5,$1.6883
BRU,BDL,"1,746",$855.23,"3,449 mi",5,$0.2480
STN,PRN,"1,746",$174.60,"1,127 mi",5,$0.1549
ZAG,BLQ,"1,746",$272.46,240 mi,5,$1.1353
OTP,QYG,"1,745",$165.43,850 mi,5,$0.1946
STN,GNY,"1,745",$144.25,"2,175 mi",5,$0.0663
STN,MQM,"1,745",$243.86,"2,260 mi",5,$0.1079
MRS,RDU,"1,745",$645.46,"4,177 mi",5,$0.1545
ATH,CAE,"1,744",$677.48,"5,363 mi",5,$0.1263
ARN,SJU,"1,743",$335.96,"5,060 mi",5,$0.0664
MRS,ORF,"1,743",$898.74,"4,272 mi",5,$0.2104
OSL,BIQ,"1,743",$239.65,"1,232 mi",5,$0.1945
LYS,LUX,"1,743",$217.59,282 mi,5,$0.7716
NCE,DUR,"1,743",$446.63,"5,125 mi",5,$0.0871
ZRH,KNO,"1,743",$905.21,"6,229 mi",5,$0.1453
FCO,CGP,"1,742",$298.53,"4,546 mi",5,$0.0657
HEL,MCT,"1,742",$432.11,"3,086 mi",5,$0.1400
LHR,KIS,"1,742",$984.21,"3,987 mi",5,$0.2469
MAD,SYX,"1,742",$418.86,"6,723 mi",5,$0.0623
NCE,SKP,"1,742",$336.08,761 mi,5,$0.4416
ZAG,KTW,"1,742",$133.10,344 mi,5,$0.3869
ZRH,JSI,"1,742",$205.08,914 mi,5,$0.2244
CDG,BTV,"1,741",$614.29,"3,343 mi",5,$0.1838
OTP,RBA,"1,741",$424.53,"1,942 mi",5,$0.2186
LIS,MME,"1,741",$272.07,"1,179 mi",5,$0.2308
BUD,ZAG,"1,740",$228.79,197 mi,5,$1.1614
NAP,PAS,"1,740",$223.20,659 mi,5,$0.3387
NCE,OVD,"1,740",$534.81,682 mi,5,$0.7842
ZAG,YEG,"1,740",$297.61,"5,127 mi",5,$0.0580
ARN,SZZ,"1,740",$155.62,421 mi,5,$0.3696
BUD,BOI,"1,740",$696.16,"5,757 mi",5,$0.1209
ATH,ABV,"1,739",$576.70,"2,320 mi",5,$0.2486
PRG,PNA,"1,739",$222.16,881 mi,5,$0.2522
NCE,CAY,"1,738",$674.55,"4,354 mi",5,$0.1549
DME,JRO,"1,738",$584.74,"4,187 mi",5,$0.1397
VCE,MKE,"1,738",$608.10,"4,750 mi",5,$0.1280
BUD,RIC,"1,737",$415.82,"4,506 mi",5,$0.0923
OTP,ECN,"1,737",$127.96,781 mi,5,$0.1638
ATH,PLQ,"1,737",$333.53,"1,215 mi",5,$0.2745
LGW,KWE,"1,736",$317.72,"5,321 mi",5,$0.0597
MAD,LBV,"1,736",$731.49,"2,797 mi",5,$0.2615
SNN,DXB,"1,736",$757.83,"3,670 mi",5,$0.2065
MXP,ELP,"1,736",$627.23,"5,552 mi",5,$0.1130
OSL,PTY,"1,736",$577.49,"5,520 mi",5,$0.1046
ZRH,GRX,"1,736",$395.95,975 mi,5,$0.4061
MAD,FAT,"1,735","$1,462.13","5,913 mi",5,$0.2473
AMS,MOB,"1,735",$933.76,"4,832 mi",5,$0.1932
BUD,LJU,"1,735",$266.55,235 mi,5,$1.1343
BUD,ISB,"1,734",$487.87,"2,997 mi",5,$0.1628
DUB,CUR,"1,734",$652.68,"4,296 mi",5,$0.1519
FCO,LBV,"1,734",$667.41,"2,948 mi",5,$0.2264
EDI,SCQ,"1,733",$283.64,901 mi,5,$0.3148
VKO,BIO,"1,733",$717.15,"1,900 mi",5,$0.3774
FCO,EUG,"1,732",$726.45,"6,067 mi",5,$0.1197
OSL,SEZ,"1,732",$442.17,"5,234 mi",5,$0.0845
ARN,YHZ,"1,731",$392.13,"3,251 mi",5,$0.1206
CPH,KEM,"1,731",$240.10,782 mi,5,$0.3070
PRG,SZF,"1,731",$75.64,"1,268 mi",5,$0.0597
VIE,CTU,"1,731",$268.37,"4,430 mi",5,$0.0606
AMS,LIR,"1,730",$662.44,"5,823 mi",5,$0.1138
SVO,BEY,"1,730",$263.18,"1,487 mi",5,$0.1770
NAP,KEF,"1,730",$486.38,"2,106 mi",5,$0.2309
BOD,MLE,"1,729",$385.35,"5,087 mi",5,$0.0758
DUB,CWB,"1,729",$663.68,"5,848 mi",5,$0.1135
ARN,BJM,"1,729",$355.41,"4,263 mi",5,$0.0834
GVA,RSW,"1,729","$1,199.71","4,676 mi",5,$0.2566
NCL,NTE,"1,729",$352.09,560 mi,5,$0.6287
ARN,ABV,"1,728",$443.65,"3,437 mi",5,$0.1291
OSL,PUJ,"1,728",$329.31,"4,892 mi",5,$0.0673
DME,SSG,"1,728",$626.85,"4,038 mi",5,$0.1552
EDI,YLW,"1,728",$326.39,"4,381 mi",5,$0.0745
CPH,MTY,"1,727",$683.90,"5,406 mi",5,$0.1265
LED,NAP,"1,727",$711.50,"1,432 mi",5,$0.4969
ZAG,DRS,"1,726",$404.54,375 mi,5,$1.0788
ZRH,VAS,"1,726",$124.65,"1,548 mi",5,$0.0805
NAP,GYD,"1,726",$481.24,"1,917 mi",5,$0.2510
PMI,KRN,"1,726",$257.37,"2,126 mi",5,$0.1211
BHX,PHL,"1,724",$483.31,"3,567 mi",5,$0.1355
FCO,FAR,"1,724",$620.88,"5,074 mi",5,$0.1224
DUB,SWF,"1,724",$382.14,"3,052 mi",5,$0.1252
LHR,KMJ,"1,724","$1,299.74","5,729 mi",5,$0.2269
OSL,YEG,"1,724",$540.47,"4,143 mi",5,$0.1305
ZRH,NKG,"1,724",$691.03,"5,305 mi",5,$0.1303
ATH,NAS,"1,723",$890.72,"5,575 mi",5,$0.1598
FCO,JKH,"1,723",$170.61,795 mi,5,$0.2146
MAD,NVA,"1,723",$510.47,"5,283 mi",5,$0.0966
DME,ISB,"1,723",$977.28,"2,316 mi",5,$0.4220
LCY,SIN,"1,722","$1,210.44","6,537 mi",5,$0.1852
AGP,BJL,"1,722",$162.19,"1,832 mi",5,$0.0885
AMS,BDA,"1,722","$1,376.32","3,755 mi",5,$0.3665
BGY,AHB,"1,722",$295.97,"2,592 mi",5,$0.1142
NCE,BWI,"1,721",$755.19,"4,039 mi",5,$0.1870
AGP,ALF,"1,721",$291.59,"2,597 mi",5,$0.1123
LYS,TSR,"1,721",$260.23,805 mi,5,$0.3233
ZRH,KKN,"1,721",$224.90,"1,647 mi",5,$0.1366
GOT,CHQ,"1,720",$206.65,"1,673 mi",5,$0.1235
ZRH,AEY,"1,720",$354.19,"1,637 mi",5,$0.2164
ATH,WUH,"1,719",$389.03,"5,113 mi",5,$0.0761
CDG,ZQN,"1,719","$1,302.63","12,083 mi",5,$0.1078
ZRH,VXE,"1,719",$322.81,"2,762 mi",5,$0.1169
BUD,HRB,"1,719",$217.75,"4,779 mi",5,$0.0456
ARN,NQZ,"1,718",$260.75,"2,058 mi",5,$0.1267
NCE,PRI,"1,718",$966.49,"4,609 mi",5,$0.2097
PMI,PHX,"1,718","$1,291.81","5,718 mi",5,$0.2259
DUB,VBY,"1,718",$180.07,970 mi,5,$0.1856
LGW,LAD,"1,718",$589.11,"4,096 mi",5,$0.1438
MAD,QKL,"1,718",$336.06,907 mi,5,$0.3705
ATH,DRW,"1,717",$801.55,"7,431 mi",5,$0.1079
MAN,PLQ,"1,717",$217.02,918 mi,5,$0.2364
HEL,SEZ,"1,716",$515.58,"4,641 mi",5,$0.1111
AMS,SYZ,"1,715",$177.99,"2,791 mi",5,$0.0638
ATH,CID,"1,715",$707.41,"5,429 mi",5,$0.1303
CDG,OPS,"1,715",$675.56,"5,653 mi",5,$0.1195
MAD,HRB,"1,715",$352.20,"5,556 mi",5,$0.0634
MXP,VIL,"1,715",$186.31,"1,985 mi",5,$0.0939
LIS,SMI,"1,714",$237.27,"2,003 mi",5,$0.1185
SOF,SVG,"1,714",$231.80,"1,393 mi",5,$0.1664
VIE,GOX,"1,714",$311.03,"4,035 mi",5,$0.0771
AMS,PEI,"1,713",$523.98,"5,721 mi",5,$0.0916
ORY,ECN,"1,713",$199.97,"1,779 mi",5,$0.1124
VCE,UGC,"1,713",$454.30,"2,469 mi",5,$0.1840
FCO,NGB,"1,712",$456.73,"5,920 mi",5,$0.0772
GVA,KRS,"1,712",$196.26,806 mi,5,$0.2435
CDG,SLP,"1,712",$623.98,"5,476 mi",5,$0.1139
AGP,MRU,"1,711",$966.08,"5,823 mi",5,$0.1659
DUB,JMK,"1,711",$401.30,"1,921 mi",5,$0.2089
NTE,DTW,"1,711",$879.86,"3,727 mi",5,$0.2361
LGW,TNR,"1,711",$477.21,"5,795 mi",5,$0.0823
MAD,CJS,"1,711",$687.01,"5,598 mi",5,$0.1227
VKO,HAS,"1,711",$225.07,"1,899 mi",5,$0.1185
WAW,IND,"1,711","$1,154.73","4,598 mi",5,$0.2511
FCO,HFE,"1,710",$318.51,"5,617 mi",5,$0.0567
VIE,SDF,"1,710",$744.89,"4,666 mi",5,$0.1596
NAP,SCQ,"1,710",$345.87,"1,207 mi",5,$0.2866
DBV,CLE,"1,709",$747.04,"4,945 mi",5,$0.1511
NCL,BAH,"1,709",$638.28,"3,373 mi",5,$0.1892
MXP,PUF,"1,708",$236.47,462 mi,5,$0.5118
OTP,NWI,"1,708",$494.79,"1,294 mi",5,$0.3824
ORY,LOS,"1,707",$268.56,"2,999 mi",5,$0.0895
SOF,BJV,"1,707",$275.62,425 mi,5,$0.6485
DUB,GZT,"1,706",$314.73,"2,436 mi",5,$0.1292
PRG,TSR,"1,706",$178.20,428 mi,5,$0.4164
SOF,TFS,"1,705",$271.83,"2,368 mi",5,$0.1148
ATH,GRB,"1,705",$732.42,"5,183 mi",5,$0.1413
BUD,KTT,"1,705",$219.80,"1,372 mi",5,$0.1602
HEL,PDL,"1,705",$240.71,"2,756 mi",5,$0.0873
LHR,UKB,"1,705","$1,648.95","5,732 mi",5,$0.2877
NCE,TNG,"1,705",$323.66,859 mi,5,$0.3768
WAW,CFE,"1,705",$325.82,889 mi,5,$0.3665
WAW,CUR,"1,705",$572.03,"5,385 mi",5,$0.1062
AMS,GPT,"1,704",$836.76,"4,880 mi",5,$0.1715
ARN,HUY,"1,704",$256.05,832 mi,5,$0.3078
CPH,CSX,"1,704",$422.95,"4,867 mi",5,$0.0869
ORY,DOH,"1,704",$260.38,"3,183 mi",5,$0.0818
AMS,EAS,"1,703",$426.90,667 mi,5,$0.6400
LIS,MDZ,"1,703",$875.08,"6,440 mi",5,$0.1359
MXP,TNA,"1,703",$431.34,"5,369 mi",5,$0.0803
WAW,BSZ,"1,703",$421.89,"2,434 mi",5,$0.1733
MXP,MLO,"1,703",$352.61,992 mi,5,$0.3555
VCE,ASU,"1,703",$502.82,"6,756 mi",5,$0.0744
CPH,TZX,"1,702",$196.20,"1,539 mi",5,$0.1275
VIE,GSP,"1,702",$874.59,"4,691 mi",5,$0.1864
AMS,IDA,"1,702",$983.57,"4,680 mi",5,$0.2102
BRU,KOK,"1,702",$249.92,"1,084 mi",5,$0.2306
BUD,MEM,"1,702",$672.31,"5,099 mi",5,$0.1319
EDI,LLA,"1,702",$115.67,"1,106 mi",5,$0.1046
MRS,MAA,"1,702",$663.19,"4,999 mi",5,$0.1327
LED,SHE,"1,701",$592.39,"4,015 mi",5,$0.1475
VIE,TYS,"1,701",$958.74,"5,007 mi",5,$0.1915
ATH,NKG,"1,701",$430.97,"5,308 mi",5,$0.0812
BUD,LCY,"1,701",$232.57,931 mi,5,$0.2498
PRG,PTP,"1,700",$446.68,"4,593 mi",5,$0.0973
AGP,CUR,"1,700","$1,088.18","4,179 mi",5,$0.2604
ATH,SNA,"1,700",$845.07,"7,121 mi",5,$0.1187
VIE,FOR,"1,699",$870.91,"5,024 mi",5,$0.1733
ZRH,CLY,"1,699",$189.52,332 mi,5,$0.5708
BCN,PLQ,"1,698",$205.25,"1,366 mi",5,$0.1503
GOT,AAR,"1,698",$160.55,110 mi,5,$1.4595
LHR,MCZ,"1,698",$842.20,"4,569 mi",5,$0.1843
DBV,MLA,"1,698",$230.28,521 mi,5,$0.4420
LIS,COV,"1,698",$245.06,"2,464 mi",5,$0.0995
BRU,YTZ,"1,697",$289.70,"3,861 mi",5,$0.0750
FCO,HRB,"1,697",$333.74,"5,004 mi",5,$0.0667
OSL,KAJ,"1,697",$174.35,584 mi,5,$0.2985
HEL,BGI,"1,697",$428.32,"5,403 mi",5,$0.0793
NCE,SCQ,"1,697",$356.57,811 mi,5,$0.4397
AMS,FAR,"1,696",$501.56,"4,047 mi",5,$0.1239
LED,OSL,"1,696",$221.84,640 mi,5,$0.3466
LHR,CHO,"1,696",$656.56,"3,632 mi",5,$0.1808
MAD,TGZ,"1,696",$449.88,"5,289 mi",5,$0.0851
PRG,FLL,"1,696",$280.16,"5,193 mi",5,$0.0539
VKO,CRL,"1,696",$339.92,"1,352 mi",5,$0.2514
ARN,SHJ,"1,696",$199.68,"2,884 mi",5,$0.0692
FCO,YNT,"1,696",$366.80,"5,510 mi",5,$0.0666
NCL,KWI,"1,696",$403.88,"2,924 mi",5,$0.1381
ARN,INV,"1,695",$306.25,776 mi,5,$0.3947
BCN,SGF,"1,695",$502.39,"4,979 mi",5,$0.1009
LHR,HBE,"1,695",$248.79,"2,026 mi",5,$0.1228
PMI,TRN,"1,695",$217.26,478 mi,5,$0.4545
LED,SZF,"1,695",$165.63,"1,348 mi",5,$0.1229
OSL,JOE,"1,694",$229.99,613 mi,5,$0.3752
AMS,SVD,"1,694",$953.76,"4,357 mi",5,$0.2189
MXP,DIY,"1,694",$211.15,"1,644 mi",5,$0.1284
SOF,SPU,"1,694",$199.16,374 mi,5,$0.5325
ZRH,MHD,"1,694",$236.26,"2,608 mi",5,$0.0906
MAD,OGG,"1,693","$1,785.00","7,614 mi",5,$0.2344
OSL,SKT,"1,693",$314.76,"3,492 mi",5,$0.0901
OTP,AHB,"1,693",$305.23,"1,993 mi",5,$0.1532
BUD,PRN,"1,693",$242.74,337 mi,5,$0.7203
GLA,LIM,"1,693",$686.28,"6,066 mi",5,$0.1131
LHR,CAK,"1,693",$699.78,"3,851 mi",5,$0.1817
VCE,QKL,"1,693",$116.26,464 mi,5,$0.2506
ZRH,HSV,"1,692",$800.21,"4,588 mi",5,$0.1744
FCO,LJU,"1,692",$216.83,315 mi,5,$0.6883
AMS,YNT,"1,691",$554.04,"4,984 mi",5,$0.1112
NCE,YHZ,"1,691",$400.77,"3,486 mi",5,$0.1150
MXP,LJU,"1,691",$278.83,271 mi,5,$1.0289
MXP,SDJ,"1,691",$616.11,"6,111 mi",5,$0.1008
BHX,ECN,"1,690",$155.84,"2,156 mi",5,$0.0723
CPH,YWG,"1,690",$403.60,"3,987 mi",5,$0.1012
LYS,PTY,"1,690",$474.97,"5,339 mi",5,$0.0890
NCE,DCA,"1,690","$1,207.12","4,319 mi",5,$0.2795
LYS,BKO,"1,689",$172.20,"2,490 mi",5,$0.0692
MRS,ALA,"1,689",$298.46,"3,591 mi",5,$0.0831
NCE,KGS,"1,689",$315.76,"1,181 mi",5,$0.2674
NCL,PKX,"1,689",$595.74,"5,106 mi",5,$0.1167
AGP,FOC,"1,688",$294.02,"6,993 mi",5,$0.0420
FCO,GIB,"1,688",$883.97,989 mi,5,$0.8938
MAD,ALB,"1,688",$931.68,"3,416 mi",5,$0.2727
MAD,CUL,"1,687",$619.14,"5,972 mi",5,$0.1037
WAW,LEJ,"1,687",$302.32,365 mi,5,$0.8283
MXP,BOI,"1,687",$750.54,"5,573 mi",5,$0.1347
NCE,LAD,"1,687","$1,360.88","3,757 mi",5,$0.3622
ATH,BIQ,"1,685",$340.45,"1,423 mi",5,$0.2392
ARN,RUN,"1,684",$502.45,"6,134 mi",5,$0.0819
VIE,AUA,"1,684",$743.44,"5,259 mi",5,$0.1414
DME,RGN,"1,683",$830.29,"3,907 mi",5,$0.2125
DUB,HAV,"1,683",$551.55,"4,260 mi",5,$0.1295
FCO,CUU,"1,683",$556.36,"5,989 mi",5,$0.0929
EDI,CUR,"1,683","$1,891.23","4,722 mi",5,$0.4005
ORY,SDR,"1,683",$305.95,457 mi,5,$0.6695
FCO,TER,"1,682",$145.01,"2,127 mi",5,$0.0682
MAD,MQM,"1,682",$238.24,"2,435 mi",5,$0.0978
MAN,DAM,"1,682",$224.96,"2,411 mi",5,$0.0933
BCN,CAE,"1,681",$520.74,"4,272 mi",5,$0.1219
CDG,BOJ,"1,681",$149.78,"1,237 mi",5,$0.1211
GLA,YEG,"1,681",$358.07,"4,012 mi",5,$0.0892
OTP,USM,"1,681",$506.31,"4,819 mi",5,$0.1051
ARN,BDU,"1,680",$280.21,670 mi,5,$0.4182
LED,GRU,"1,680","$1,841.44","6,953 mi",5,$0.2648
LHR,NDJ,"1,680",$788.59,"2,940 mi",5,$0.2682
PRG,EVE,"1,680",$302.78,"1,311 mi",5,$0.2310
ATH,COS,"1,680",$638.62,"6,026 mi",5,$0.1060
HEL,VAR,"1,680",$258.91,"1,222 mi",5,$0.2119
BRU,LBA,"1,679",$149.78,320 mi,5,$0.4681
GLA,IND,"1,679",$623.79,"3,608 mi",5,$0.1729
MXP,JKH,"1,679",$148.85,"1,054 mi",5,$0.1412
ZAG,LAD,"1,679",$996.45,"3,664 mi",5,$0.2720
CPH,PNQ,"1,678",$470.87,"4,174 mi",5,$0.1128
DUB,LLW,"1,678",$662.58,"5,055 mi",5,$0.1311
ARN,CTS,"1,678",$495.08,"4,816 mi",5,$0.1028
BOD,YYC,"1,678",$509.65,"4,566 mi",5,$0.1116
LYS,NKC,"1,678",$266.14,"2,312 mi",5,$0.1151
CDG,ISU,"1,677",$374.32,"2,267 mi",5,$0.1651
PRG,TYS,"1,677",$522.07,"4,841 mi",5,$0.1078
GVA,XMN,"1,677",$485.25,"6,143 mi",5,$0.0790
BRU,LLW,"1,676",$676.45,"4,662 mi",5,$0.1451
VCE,DAR,"1,676",$508.45,"4,101 mi",5,$0.1240
MAN,SFT,"1,675",$197.33,"1,093 mi",5,$0.1805
BUD,TUS,"1,675",$523.19,"6,316 mi",5,$0.0828
AMS,JDO,"1,674",$421.34,"4,713 mi",5,$0.0894
BGY,ECN,"1,674",$213.31,"1,396 mi",5,$0.1528
FCO,PNA,"1,674",$295.48,733 mi,5,$0.4031
LED,WUH,"1,674",$428.13,"4,074 mi",5,$0.1051
GOT,HAU,"1,674",$160.20,288 mi,5,$0.5563
MXP,ORN,"1,674",$311.77,821 mi,5,$0.3797
AGP,SJU,"1,673",$648.49,"3,787 mi",5,$0.1712
MRS,ESB,"1,673",$265.35,"1,399 mi",5,$0.1897
OSL,CAG,"1,673",$238.76,"1,406 mi",5,$0.1698
ZRH,PLQ,"1,673",$97.11,818 mi,5,$0.1187
DUB,FAT,"1,672",$914.17,"5,202 mi",5,$0.1757
SOF,MSP,"1,672",$559.84,"5,081 mi",5,$0.1102
MAD,HOU,"1,672",$408.58,"4,856 mi",5,$0.0841
CPH,FOR,"1,671",$682.76,"5,168 mi",5,$0.1321
MXP,ROC,"1,671",$637.57,"4,172 mi",5,$0.1528
NAP,NBO,"1,671",$626.39,"3,147 mi",5,$0.1990
PRG,DAR,"1,671",$403.96,"4,085 mi",5,$0.0989
BUD,ROC,"1,670",$473.26,"4,529 mi",5,$0.1045
BGY,EZS,"1,670",$126.23,"1,535 mi",5,$0.0822
ATH,AMD,"1,669",$380.60,"3,127 mi",5,$0.1217
BOD,PHL,"1,669",$642.84,"3,796 mi",5,$0.1693
GOT,QKL,"1,669",$271.43,526 mi,5,$0.5160
AMS,MDC,"1,668",$587.75,"7,586 mi",5,$0.0775
ATH,ABJ,"1,668",$690.67,"2,943 mi",5,$0.2347
DUB,OSD,"1,668",$151.23,"1,034 mi",5,$0.1463
VCE,BDL,"1,668",$583.04,"3,924 mi",5,$0.1486
CPH,SBZ,"1,668",$221.79,817 mi,5,$0.2715
MAD,MKE,"1,668",$808.29,"4,032 mi",5,$0.2005
NCL,AAL,"1,668",$457.63,453 mi,5,$1.0102
CDG,RRG,"1,667",$461.53,"6,217 mi",5,$0.0742
CDG,KKJ,"1,667","$2,018.94","5,719 mi",5,$0.3530
CDG,DYU,"1,665",$699.02,"3,374 mi",5,$0.2072
LHR,ORN,"1,665",$261.05,"1,062 mi",5,$0.2458
NCL,AGA,"1,664",$142.14,"1,801 mi",5,$0.0789
PMI,LOS,"1,664",$761.25,"2,210 mi",5,$0.3445
VKO,ATL,"1,664",$665.87,"5,542 mi",5,$0.1201
BRU,OKC,"1,664",$948.72,"4,982 mi",5,$0.1904
MAN,HAV,"1,664",$394.52,"4,419 mi",5,$0.0893
OSL,KYA,"1,664",$265.08,"1,744 mi",5,$0.1520
SVO,NGO,"1,663",$290.98,"4,732 mi",5,$0.0615
VKO,BRE,"1,663",$353.17,"1,117 mi",5,$0.3162
ZRH,RZV,"1,663",$209.47,"1,592 mi",5,$0.1316
FCO,GEO,"1,663",$512.03,"4,769 mi",5,$0.1074
LHR,DNZ,"1,663",$143.83,"1,688 mi",5,$0.0852
ATH,GRX,"1,662",$476.17,"1,469 mi",5,$0.3241
DUB,YQR,"1,662",$272.32,"3,733 mi",5,$0.0729
MRS,BHD,"1,662",$284.65,891 mi,5,$0.3195
SOF,LOS,"1,662",$401.99,"2,697 mi",5,$0.1491
VIE,ASU,"1,662",$680.08,"7,027 mi",5,$0.0968
BRU,PNA,"1,662",$358.02,651 mi,5,$0.5500
CDG,BDA,"1,662","$1,368.40","3,471 mi",5,$0.3942
DBV,TLL,"1,662",$184.71,"1,161 mi",5,$0.1591
MAN,JAX,"1,661",$716.20,"4,014 mi",5,$0.1784
STN,NQZ,"1,661",$173.32,"3,029 mi",5,$0.0572
AGP,LEN,"1,661",$133.76,401 mi,5,$0.3336
LGW,PDL,"1,661",$86.11,"1,595 mi",5,$0.0540
LIS,BIA,"1,660",$488.85,978 mi,5,$0.4998
LED,ELQ,"1,659",$363.41,"2,330 mi",5,$0.1560
NTE,PLQ,"1,659",$425.41,"1,108 mi",5,$0.3839
FCO,YQT,"1,659",$372.29,"4,456 mi",5,$0.0835
GOT,ADB,"1,659",$205.77,"1,542 mi",5,$0.1334
LHR,POM,"1,659","$2,129.11","8,736 mi",5,$0.2437
BRU,KKN,"1,657",$157.36,"1,585 mi",5,$0.0993
BGY,SKT,"1,656",$249.49,"3,590 mi",5,$0.0695
BHX,PKX,"1,656",$577.25,"4,931 mi",5,$0.1171
AGP,IND,"1,656",$759.24,"4,155 mi",5,$0.1827
PRG,DAD,"1,656",$415.44,"5,709 mi",5,$0.0728
VIE,LAD,"1,656","$1,155.06","4,059 mi",5,$0.2846
ARN,QYG,"1,655",$167.13,419 mi,5,$0.3989
ZRH,KZN,"1,655",$401.11,"1,755 mi",5,$0.2286
ZAG,RMO,"1,655",$267.06,637 mi,5,$0.4192
EDI,LBA,"1,654",$57.49,164 mi,5,$0.3505
VKO,TLS,"1,654",$416.75,"1,833 mi",5,$0.2274
LCY,DUS,"1,653",$286.53,281 mi,5,$1.0197
ZRH,BES,"1,653",$409.05,621 mi,5,$0.6587
BHX,LJU,"1,653",$311.56,819 mi,5,$0.3804
VCE,LIL,"1,652",$130.98,535 mi,5,$0.2448
BRU,HOR,"1,652",$132.55,"1,875 mi",5,$0.0707
LCY,ALG,"1,652",$83.97,"1,004 mi",5,$0.0836
AMS,BSZ,"1,651",$346.93,"3,080 mi",5,$0.1126
GOT,CGK,"1,651",$862.01,"6,939 mi",5,$0.1242
LCY,WAW,"1,651",$314.67,918 mi,5,$0.3428
MAD,OXB,"1,651",$376.76,"2,171 mi",5,$0.1735
CDG,ERH,"1,650",$251.23,"1,270 mi",5,$0.1978
AMS,SAI,"1,650",$748.74,"6,056 mi",5,$0.1236
BHX,TAS,"1,649",$421.95,"3,401 mi",5,$0.1241
DUB,EVE,"1,649",$169.73,"1,316 mi",5,$0.1290
LYS,AUS,"1,649",$928.31,"5,471 mi",5,$0.1697
MAN,OSD,"1,649",$126.49,881 mi,5,$0.1436
NAP,MEM,"1,649",$874.55,"5,487 mi",5,$0.1594
NCL,CAN,"1,649",$383.03,"5,983 mi",5,$0.0640
BCN,CHA,"1,648",$773.14,"4,691 mi",5,$0.1648
GVA,BGI,"1,648","$1,378.62","4,539 mi",5,$0.3037
AMS,MQM,"1,648",$180.77,"1,955 mi",5,$0.0925
BHX,TRD,"1,648",$334.98,860 mi,5,$0.3895
LHR,ASP,"1,648","$1,205.33","9,086 mi",5,$0.1327
CPH,GUA,"1,647",$481.90,"6,065 mi",5,$0.0795
CPH,VAN,"1,647",$191.85,"1,787 mi",5,$0.1074
DUB,MVD,"1,647",$760.73,"6,989 mi",5,$0.1088
LYS,OVD,"1,647",$342.23,583 mi,5,$0.5870
SOF,MCT,"1,647",$346.65,"2,313 mi",5,$0.1499
GVA,FNA,"1,646",$699.51,"2,754 mi",5,$0.2540
ZRH,DNZ,"1,646",$215.13,"1,298 mi",5,$0.1657
MRS,PDX,"1,646",$839.12,"5,338 mi",5,$0.1572
ORY,MCO,"1,645",$267.59,"4,630 mi",5,$0.0578
ATH,VPS,"1,644","$1,139.11","6,102 mi",5,$0.1867
LCY,LHR,"1,644",$489.56,21 mi,5,$23.3124
FCO,GZP,"1,644",$100.18,"1,172 mi",5,$0.0855
NCE,PDL,"1,644",$125.90,"1,706 mi",5,$0.0738
BRU,MEM,"1,643",$794.61,"4,703 mi",5,$0.1690
GOT,MHD,"1,643",$310.36,"2,680 mi",5,$0.1158
LYS,STL,"1,643",$821.55,"4,466 mi",5,$0.1840
VIE,NWI,"1,643",$255.37,764 mi,5,$0.3343
BCN,MSQ,"1,643",$413.16,"1,432 mi",5,$0.2885
FCO,CGB,"1,643",$787.80,"6,058 mi",5,$0.1300
NAP,ACE,"1,643",$417.12,"1,719 mi",5,$0.2427
OTP,ORK,"1,643",$413.05,"1,702 mi",5,$0.2427
ATH,UME,"1,642",$179.13,"1,847 mi",4,$0.0970
LHR,IXM,"1,642",$304.41,"5,040 mi",4,$0.0604
SVO,COK,"1,642",$343.37,"3,683 mi",4,$0.0932
LGW,NGB,"1,642",$353.61,"5,641 mi",4,$0.0627
MXP,NAS,"1,642",$947.27,"4,970 mi",4,$0.1906
ATH,XIY,"1,641",$370.19,"4,424 mi",4,$0.0837
PRG,MME,"1,641",$224.88,705 mi,4,$0.3190
VIE,MQM,"1,641",$187.80,"1,383 mi",4,$0.1358
DUB,KUO,"1,640",$241.00,"1,342 mi",4,$0.1796
LHR,SAP,"1,640",$487.58,"5,437 mi",4,$0.0897
BOD,TLV,"1,639",$432.96,"2,162 mi",4,$0.2003
NTE,VRN,"1,639",$134.61,590 mi,4,$0.2282
BRU,KSU,"1,639",$124.22,879 mi,4,$0.1413
OSL,LBA,"1,639",$362.40,628 mi,4,$0.5771
VCE,DLA,"1,639",$317.75,"2,958 mi",4,$0.1074
ZRH,PEI,"1,639",$510.81,"5,536 mi",4,$0.0923
SOF,TRD,"1,638",$164.07,"1,565 mi",4,$0.1048
VIE,CCS,"1,638","$1,069.57","5,540 mi",4,$0.1931
ZRH,GOI,"1,638",$409.80,"4,419 mi",4,$0.0927
LCY,REG,"1,638",$83.58,"1,161 mi",4,$0.0720
AMS,SBA,"1,637","$1,010.04","5,411 mi",4,$0.1867
BCN,HAU,"1,637",$243.08,"1,216 mi",4,$0.1999
OTP,SJO,"1,637",$837.67,"6,902 mi",4,$0.1214
SOF,SAN,"1,637",$612.73,"6,459 mi",4,$0.0949
LHR,YQU,"1,637",$363.96,"4,396 mi",4,$0.0828
STN,SKD,"1,637",$193.90,"3,299 mi",4,$0.0588
VCE,GYE,"1,637",$441.58,"6,626 mi",4,$0.0666
ATH,YXE,"1,636",$490.64,"5,374 mi",4,$0.0913
MAD,BIA,"1,636",$234.87,710 mi,4,$0.3308
VKO,GZP,"1,636",$436.29,"1,312 mi",4,$0.3325
GVA,KMG,"1,636",$315.96,"5,132 mi",4,$0.0616
SOF,PTY,"1,636",$763.45,"6,624 mi",4,$0.1153
LYS,PRI,"1,635",$889.14,"4,781 mi",4,$0.1860
MAN,DLC,"1,635",$354.45,"5,076 mi",4,$0.0698
MRS,JIB,"1,635",$798.23,"3,251 mi",4,$0.2455
BHX,KBV,"1,635",$661.66,"6,034 mi",4,$0.1097
MAD,FSD,"1,635",$781.11,"4,650 mi",4,$0.1680
PMI,TNG,"1,635",$194.58,526 mi,4,$0.3699
BCN,PPT,"1,634","$1,696.88","10,395 mi",4,$0.1632
LGW,SKP,"1,634",$115.21,"1,172 mi",4,$0.0983
CDG,AGH,"1,633",$151.53,682 mi,4,$0.2222
DUB,FAR,"1,633",$574.73,"3,869 mi",4,$0.1485
NCL,PHX,"1,633",$960.31,"5,224 mi",4,$0.1838
PRG,UIO,"1,633",$745.35,"6,531 mi",4,$0.1141
AMS,KWE,"1,632",$267.25,"5,103 mi",4,$0.0524
BHX,ESB,"1,632",$180.90,"1,895 mi",4,$0.0955
BRU,MGA,"1,632",$405.73,"5,429 mi",4,$0.0747
CPH,ANC,"1,632",$924.18,"4,183 mi",4,$0.2209
DUB,TNG,"1,632",$192.22,"1,186 mi",4,$0.1621
OSL,CKG,"1,632",$325.89,"4,778 mi",4,$0.0682
AGP,YQB,"1,632",$272.68,"3,311 mi",4,$0.0824
BRU,PEN,"1,632",$819.57,"5,999 mi",4,$0.1366
EDI,ALA,"1,632",$303.29,"3,591 mi",4,$0.0845
LHR,FDF,"1,631",$962.67,"4,300 mi",4,$0.2239
ORY,MCZ,"1,630",$519.42,"4,505 mi",4,$0.1153
WAW,TUU,"1,630",$264.07,"1,776 mi",4,$0.1487
ZAG,COK,"1,630",$333.63,"4,169 mi",4,$0.0800
CDG,HSG,"1,629","$1,057.22","5,738 mi",4,$0.1842
CPH,MVD,"1,629",$766.91,"7,660 mi",4,$0.1001
GLA,NTE,"1,629",$358.76,596 mi,4,$0.6019
MAN,PBM,"1,629",$683.32,"4,572 mi",4,$0.1495
CDG,HAD,"1,629",$178.09,701 mi,4,$0.2541
LHR,PIA,"1,629",$592.20,"4,193 mi",4,$0.1412
GVA,BZV,"1,628","$1,231.05","3,639 mi",4,$0.3383
ZAG,SKD,"1,628",$245.46,"2,496 mi",4,$0.0983
PRG,WDH,"1,628",$831.62,"4,867 mi",4,$0.1709
MAD,FMO,"1,627",$273.56,994 mi,4,$0.2752
LHR,TMS,"1,627",$718.45,"3,448 mi",4,$0.2084
BHX,CMN,"1,626",$308.67,"1,310 mi",4,$0.2356
GOT,GOA,"1,626",$269.46,955 mi,4,$0.2822
LHR,PZB,"1,626",$781.27,"5,734 mi",4,$0.1363
LHR,GIZ,"1,626",$384.57,"3,449 mi",4,$0.1115
OTP,ISB,"1,626",$426.44,"2,504 mi",4,$0.1703
DUB,ZQN,"1,624","$1,137.12","11,460 mi",4,$0.0992
VIE,RZE,"1,624",$192.19,274 mi,4,$0.7014
ARN,GRR,"1,624",$545.83,"4,016 mi",4,$0.1359
LGW,MEX,"1,624",$451.51,"5,718 mi",4,$0.0790
OTP,EBL,"1,624",$345.82,"1,131 mi",4,$0.3058
PRG,EAS,"1,624",$326.69,916 mi,4,$0.3566
VCE,FDF,"1,624",$465.48,"4,560 mi",4,$0.1021
AGP,SAP,"1,622",$421.40,"5,070 mi",4,$0.0831
MRS,BKO,"1,622",$282.01,"2,207 mi",4,$0.1278
VIE,ORF,"1,622",$768.23,"4,633 mi",4,$0.1658
ZRH,ELP,"1,622",$560.94,"5,469 mi",4,$0.1026
CDG,HPH,"1,621",$366.08,"5,577 mi",4,$0.0656
DBV,HAJ,"1,621",$197.62,767 mi,4,$0.2577
MAD,ROS,"1,621",$403.31,"6,059 mi",4,$0.0666
WAW,GUA,"1,621",$645.39,"6,481 mi",4,$0.0996
AMS,MLB,"1,620","$1,001.82","4,384 mi",4,$0.2285
GOT,PER,"1,620",$963.79,"8,800 mi",4,$0.1095
LHR,YMM,"1,620",$273.66,"3,877 mi",4,$0.0706
AMS,LEI,"1,620",$342.25,"1,157 mi",4,$0.2958
GVA,SHJ,"1,620",$248.67,"3,152 mi",4,$0.0789
NCE,ADL,"1,620","$1,537.88","9,510 mi",4,$0.1617
SOF,ABZ,"1,619",$340.19,"1,546 mi",4,$0.2200
BCN,SJC,"1,619",$387.75,"6,134 mi",4,$0.0632
DBV,PIT,"1,619",$687.11,"4,919 mi",4,$0.1397
EDI,RNO,"1,618",$492.27,"4,720 mi",4,$0.1043
BCN,SBA,"1,618",$711.73,"5,857 mi",4,$0.1215
GOT,INN,"1,618",$97.00,742 mi,4,$0.1307
MAD,CIX,"1,618",$673.55,"5,637 mi",4,$0.1195
MRS,JMK,"1,618",$293.02,"1,099 mi",4,$0.2666
ARN,NWI,"1,617",$231.17,774 mi,4,$0.2987
GOT,DAC,"1,617",$452.46,"4,273 mi",4,$0.1059
ZAG,SAN,"1,617",$629.30,"6,466 mi",4,$0.0973
OSL,KOK,"1,617",$208.04,474 mi,4,$0.4389
PRG,IVL,"1,617",$248.45,"1,394 mi",4,$0.1782
ATH,YTZ,"1,616",$455.10,"5,194 mi",4,$0.0876
LYS,SVG,"1,616",$309.81,936 mi,4,$0.3310
LHR,AMA,"1,615",$354.42,"4,650 mi",4,$0.0762
MAD,SJC,"1,615",$802.61,"5,620 mi",4,$0.1428
MXP,TYS,"1,615",$973.75,"4,765 mi",4,$0.2044
NCL,SCL,"1,615","$1,095.56","7,123 mi",4,$0.1538
ATH,MED,"1,615",$241.15,"1,347 mi",4,$0.1790
NCE,CFE,"1,614",$288.96,254 mi,4,$1.1376
DUB,GYD,"1,614",$506.20,"2,641 mi",4,$0.1917
LED,OPO,"1,614",$513.58,"2,026 mi",4,$0.2535
LHR,UGC,"1,614",$363.79,"2,981 mi",4,$0.1220
NTE,DPS,"1,614",$898.73,"7,672 mi",4,$0.1171
CDG,EXT,"1,613",$122.44,282 mi,4,$0.4342
OTP,YEG,"1,613",$440.80,"5,424 mi",4,$0.0813
GOT,CEB,"1,612",$386.92,"6,198 mi",4,$0.0624
AMS,LBV,"1,612","$1,189.27","3,700 mi",4,$0.3214
ARN,BES,"1,612",$464.91,"1,147 mi",4,$0.4053
ORY,SPC,"1,612",$464.41,"1,698 mi",4,$0.2735
ZRH,HRE,"1,611",$909.01,"4,588 mi",4,$0.1981
NTE,BGO,"1,611",$322.06,976 mi,4,$0.3300
PRG,GRX,"1,611",$308.21,"1,224 mi",4,$0.2518
VCE,USM,"1,611",$394.27,"5,807 mi",4,$0.0679
DME,SYD,"1,610","$1,564.53","8,727 mi",4,$0.1793
DUB,PDL,"1,610",$130.95,"1,381 mi",4,$0.0948
GOT,GIG,"1,609",$690.18,"6,602 mi",4,$0.1045
DME,LUN,"1,609",$879.07,"5,067 mi",4,$0.1735
GLA,AAL,"1,609",$336.37,566 mi,4,$0.5943
MXP,SHJ,"1,608",$234.18,"3,017 mi",4,$0.0776
OSL,KGL,"1,608",$409.70,"4,548 mi",4,$0.0901
PRG,ABV,"1,608",$404.76,"2,781 mi",4,$0.1455
ZRH,GSO,"1,608",$780.09,"4,508 mi",4,$0.1730
CPH,MAH,"1,606",$379.23,"1,190 mi",4,$0.3187
HEL,CCU,"1,606",$617.35,"4,085 mi",4,$0.1511
MAN,MHD,"1,606",$225.96,"3,050 mi",4,$0.0741
BRU,ALF,"1,606",$135.19,"1,496 mi",4,$0.0904
CDG,AEY,"1,606",$550.21,"1,328 mi",4,$0.4143
LGW,DCA,"1,606",$242.55,"3,782 mi",4,$0.0641
ARN,TZX,"1,605",$228.68,"1,546 mi",4,$0.1479
BCN,OKA,"1,605",$442.77,"6,817 mi",4,$0.0650
CDG,GND,"1,605",$480.27,"4,570 mi",4,$0.1051
LED,LYP,"1,605",$470.26,"2,851 mi",4,$0.1649
AMS,SJD,"1,604",$971.55,"5,732 mi",4,$0.1695
LGW,HFE,"1,604",$244.47,"5,378 mi",4,$0.0455
ZRH,FAT,"1,604",$777.90,"5,625 mi",4,$0.1383
MAD,MZT,"1,603",$801.72,"5,989 mi",4,$0.1339
SVO,TFS,"1,603",$502.49,"3,160 mi",4,$0.1590
AGP,YEG,"1,603",$653.84,"5,067 mi",4,$0.1290
ATH,TNG,"1,603",$442.05,"1,601 mi",4,$0.2761
BHX,MGQ,"1,603",$304.48,"4,270 mi",4,$0.0713
LGW,BEY,"1,603",$287.31,"2,081 mi",4,$0.1381
MAD,THE,"1,603",$605.18,"3,890 mi",4,$0.1556
ORY,AHU,"1,603",$187.14,"1,018 mi",4,$0.1838
EDI,COV,"1,602",$312.48,"2,144 mi",4,$0.1457
FCO,QKL,"1,602",$158.54,700 mi,4,$0.2265
NCL,LUX,"1,602",$245.22,515 mi,4,$0.4762
PMI,PEK,"1,601",$400.30,"5,370 mi",4,$0.0745
HEL,CMH,"1,600","$1,365.59","4,273 mi",4,$0.3196
ARN,ALP,"1,600",$197.93,"1,781 mi",4,$0.1111
BRU,NAV,"1,600",$223.89,"1,627 mi",4,$0.1376
HEL,ISB,"1,600",$345.27,"2,904 mi",4,$0.1189
LYS,CAN,"1,600",$486.57,"5,708 mi",4,$0.0852
PRG,SDF,"1,600",$567.29,"4,786 mi",4,$0.1185
STN,HAN,"1,600",$470.60,"5,530 mi",4,$0.0851
AMS,LXR,"1,599",$209.68,"2,275 mi",4,$0.0922
CDG,AHB,"1,599",$504.46,"2,985 mi",4,$0.1690
HEL,KWI,"1,599",$796.25,"2,471 mi",4,$0.3222
NCL,VNO,"1,599",$239.95,"1,035 mi",4,$0.2318
BUD,ECN,"1,598",$84.27,"1,087 mi",4,$0.0775
PMI,BAQ,"1,598",$508.27,"5,230 mi",4,$0.0972
ATH,CLO,"1,597",$953.30,"6,428 mi",4,$0.1483
BCN,BGI,"1,597",$744.34,"4,281 mi",4,$0.1739
VCE,TOS,"1,597",$242.13,"1,737 mi",4,$0.1394
GOT,DAR,"1,596",$338.00,"4,567 mi",4,$0.0740
LYS,TRD,"1,596",$249.51,"1,209 mi",4,$0.2064
SOF,XER,"1,596",$181.61,883 mi,4,$0.2057
ZRH,TMP,"1,596",$145.90,"1,166 mi",4,$0.1251
GVA,MCI,"1,595",$874.73,"4,916 mi",4,$0.1779
DUB,DAM,"1,595",$243.09,"2,424 mi",4,$0.1003
OTP,HNL,"1,595",$829.51,"7,640 mi",4,$0.1086
GVA,KUO,"1,594",$307.16,"1,389 mi",4,$0.2211
OSL,WDH,"1,594",$293.50,"5,551 mi",4,$0.0529
LIS,TNR,"1,594",$682.99,"5,241 mi",4,$0.1303
AGP,PLQ,"1,593",$233.00,"1,841 mi",4,$0.1266
NAP,BWI,"1,593",$522.13,"4,710 mi",4,$0.1109
CDG,UVF,"1,593",$448.82,"4,181 mi",4,$0.1073
DBV,LCA,"1,593",$304.50,"1,010 mi",4,$0.3015
PRG,HUY,"1,592",$214.11,647 mi,4,$0.3309
BUD,DAR,"1,592",$356.84,"3,828 mi",4,$0.0932
CDG,SKB,"1,592",$730.80,"4,080 mi",4,$0.1791
FCO,PVD,"1,592",$515.49,"3,998 mi",4,$0.1289
LIS,BDL,"1,592",$619.66,"3,373 mi",4,$0.1837
SVO,CJU,"1,592",$310.47,"4,174 mi",4,$0.0744
BCN,GOX,"1,591",$400.83,"4,705 mi",4,$0.0852
VCE,BAH,"1,591",$480.57,"2,562 mi",4,$0.1876
MXP,GOX,"1,590",$381.16,"4,123 mi",4,$0.0924
NTE,NUE,"1,590",$312.86,621 mi,4,$0.5038
SOF,SSH,"1,590",$114.00,"1,152 mi",4,$0.0990
CPH,VGO,"1,589",$212.72,"1,287 mi",4,$0.1653
GLA,SCL,"1,589","$1,108.94","7,072 mi",4,$0.1568
PRG,ORF,"1,589",$583.62,"4,212 mi",4,$0.1386
VIE,HUY,"1,589",$180.73,802 mi,4,$0.2253
BUD,NWI,"1,589",$180.74,898 mi,4,$0.2013
LHR,WVB,"1,589","$1,221.14","5,382 mi",4,$0.2269
LIS,TFU,"1,589",$394.21,"5,851 mi",4,$0.0674
ZAG,PDX,"1,589",$637.81,"5,811 mi",4,$0.1098
OSL,PHL,"1,588",$617.04,"3,879 mi",4,$0.1591
PRG,PFO,"1,588",$150.51,"1,446 mi",4,$0.1041
ZRH,CUZ,"1,588",$697.39,"6,665 mi",4,$0.1046
DBV,SVQ,"1,588",$300.96,"1,282 mi",4,$0.2348
BCN,OSR,"1,587",$193.95,937 mi,4,$0.2070
DUB,BSR,"1,587",$808.58,"3,184 mi",4,$0.2540
NCL,GRU,"1,587","$1,027.50","6,212 mi",4,$0.1654
SOF,AKL,"1,587",$851.82,"11,203 mi",4,$0.0760
BRU,DAD,"1,586",$586.44,"6,116 mi",4,$0.0959
NAP,SMF,"1,586",$702.80,"6,087 mi",4,$0.1155
AGP,FLL,"1,585",$411.68,"4,278 mi",4,$0.0962
DME,MIA,"1,585","$1,453.59","5,928 mi",4,$0.2452
AMS,KLU,"1,585",$268.23,597 mi,4,$0.4493
ATH,MFR,"1,584",$643.64,"6,704 mi",4,$0.0960
BCN,ADD,"1,584",$349.64,"3,256 mi",4,$0.1074
LED,TLK,"1,584",$272.91,"2,704 mi",4,$0.1009
MXP,TNG,"1,584",$280.25,994 mi,4,$0.2819
DBV,CAI,"1,584",$202.17,"1,092 mi",4,$0.1851
VKO,SKT,"1,584",$406.87,"2,459 mi",4,$0.1655
LYS,LBA,"1,583",$245.39,656 mi,4,$0.3741
AMS,KUO,"1,582",$298.99,"1,083 mi",4,$0.2761
CDG,YMM,"1,582",$449.52,"4,339 mi",4,$0.1036
MRS,PER,"1,582","$1,011.60","8,417 mi",4,$0.1202
BOD,TRN,"1,581",$263.99,421 mi,4,$0.6271
GOT,KLR,"1,581",$46.85,170 mi,4,$0.2756
GVA,AMD,"1,581","$1,024.74","3,857 mi",4,$0.2657
ZAG,FLR,"1,581",$179.43,281 mi,4,$0.6385
ZRH,MGQ,"1,581",$428.89,"3,946 mi",4,$0.1087
OSL,NAT,"1,580",$506.58,"5,360 mi",4,$0.0945
PMI,INV,"1,580",$336.60,"1,317 mi",4,$0.2556
CPH,PBI,"1,580",$739.94,"4,963 mi",4,$0.1491
ATH,FDF,"1,579",$503.79,"5,172 mi",4,$0.0974
LIS,CLO,"1,579",$729.60,"4,991 mi",4,$0.1462
OTP,SXM,"1,579",$794.50,"5,472 mi",4,$0.1452
VCE,PRN,"1,579",$410.41,462 mi,4,$0.8883
CDG,CEI,"1,578",$497.35,"5,671 mi",4,$0.0877
GVA,ADL,"1,578","$1,532.76","10,159 mi",4,$0.1509
LHR,TKS,"1,578","$1,650.47","5,747 mi",4,$0.2872
BHX,SKP,"1,578",$177.20,"1,345 mi",4,$0.1317
FCO,ERZ,"1,578",$136.31,"1,555 mi",4,$0.0877
FCO,SAI,"1,577",$590.72,"5,535 mi",4,$0.1067
LED,BRE,"1,577",$224.52,910 mi,4,$0.2467
MAN,TYS,"1,576",$740.39,"4,083 mi",4,$0.1813
NAP,YOW,"1,576",$337.50,"4,171 mi",4,$0.0809
VIE,SAV,"1,576",$987.37,"5,079 mi",4,$0.1944
ZRH,ITM,"1,576","$2,130.42","6,049 mi",4,$0.3522
FCO,HMO,"1,576",$604.69,"6,540 mi",4,$0.0925
PMI,SIR,"1,576",$135.74,501 mi,4,$0.2709
WAW,ORF,"1,576",$747.90,"4,397 mi",4,$0.1701
GVA,NKG,"1,575",$411.21,"5,780 mi",4,$0.0711
WAW,HUY,"1,575",$278.40,918 mi,4,$0.3033
LGW,FRU,"1,575",$215.76,"3,504 mi",4,$0.0616
SOF,PKX,"1,575",$335.31,"4,719 mi",4,$0.0711
FCO,XPL,"1,574",$552.96,"5,867 mi",4,$0.0942
LHR,SID,"1,574",$177.63,"2,618 mi",4,$0.0678
BHX,SJO,"1,574","$1,088.03","5,516 mi",4,$0.1972
OTP,NQZ,"1,574",$272.86,"2,053 mi",4,$0.1329
HEL,KBV,"1,573",$652.25,"5,032 mi",4,$0.1296
MAN,QYG,"1,573",$145.29,606 mi,4,$0.2398
VKO,BTS,"1,573",$328.53,"1,022 mi",4,$0.3215
ZRH,XIY,"1,573",$468.74,"4,789 mi",4,$0.0979
AMS,YKA,"1,573",$332.76,"4,775 mi",4,$0.0697
VCE,BKO,"1,572",$152.99,"2,494 mi",4,$0.0613
LCY,HAJ,"1,572",$217.09,427 mi,4,$0.5084
VCE,GZT,"1,572",$232.51,"1,382 mi",4,$0.1682
ZRH,SKD,"1,572",$192.50,"2,816 mi",4,$0.0684
ATH,ONT,"1,571",$498.32,"7,091 mi",4,$0.0703
AGP,NKC,"1,571",$176.96,"1,405 mi",4,$0.1260
PRG,OKC,"1,571",$632.74,"5,376 mi",4,$0.1177
ATH,PTP,"1,570",$385.19,"5,451 mi",4,$0.0707
SVO,KER,"1,569",$220.37,"1,955 mi",4,$0.1127
VKO,PMO,"1,569",$471.38,"1,690 mi",4,$0.2789
GVA,AHO,"1,569",$99.26,415 mi,4,$0.2392
LGW,HGA,"1,569",$472.68,"3,695 mi",4,$0.1279
FCO,LEI,"1,568",$313.84,825 mi,4,$0.3804
FCO,YTZ,"1,567",$191.81,"4,263 mi",4,$0.0450
MAD,HFE,"1,567",$363.10,"5,969 mi",4,$0.0608
MAN,PBI,"1,567","$1,475.55","4,397 mi",4,$0.3356
NAP,ABZ,"1,567",$409.36,"1,385 mi",4,$0.2956
PRG,GZP,"1,567",$133.30,"1,349 mi",4,$0.0988
AMS,PVR,"1,566",$843.65,"6,064 mi",4,$0.1391
MAD,ILM,"1,566",$745.47,"4,101 mi",4,$0.1818
OTP,TNG,"1,566",$398.90,"1,730 mi",4,$0.2306
OSL,DRS,"1,566",$195.47,653 mi,4,$0.2993
CDG,XRY,"1,565",$484.92,980 mi,4,$0.4948
LIS,GDL,"1,565",$670.88,"5,723 mi",4,$0.1172
OSL,HUY,"1,565",$357.82,647 mi,4,$0.5530
ZAG,LEJ,"1,565",$172.44,417 mi,4,$0.4135
BUD,OKA,"1,564",$206.18,"5,858 mi",4,$0.0352
HEL,CLE,"1,564",$687.41,"4,165 mi",4,$0.1650
LYS,ERH,"1,564",$92.07,"1,110 mi",4,$0.0829
ARN,DUR,"1,563",$435.90,"6,399 mi",4,$0.0681
MAD,AJA,"1,563",$217.26,670 mi,4,$0.3243
FCO,LPI,"1,562",$419.24,"1,191 mi",4,$0.3520
SOF,BGO,"1,561",$226.46,"1,392 mi",4,$0.1627
AMS,TUU,"1,561",$466.69,"2,391 mi",4,$0.1952
CDG,VDC,"1,560",$552.17,"5,308 mi",4,$0.1040
LHR,ISG,"1,560",$958.54,"6,030 mi",4,$0.1590
MXP,OSR,"1,560",$53.15,535 mi,4,$0.0993
AMS,BTV,"1,559",$780.62,"3,542 mi",4,$0.2204
LCY,HAM,"1,559",$229.63,455 mi,4,$0.5047
WAW,MSY,"1,559",$708.83,"5,573 mi",4,$0.1272
BRU,PEW,"1,558",$338.55,"3,375 mi",4,$0.1003
MAN,KYA,"1,558",$435.38,"2,019 mi",4,$0.2156
AMS,SAB,"1,558",$804.94,"4,204 mi",4,$0.1915
GVA,BJM,"1,558",$462.29,"3,596 mi",4,$0.1286
MAD,URC,"1,558",$465.14,"4,281 mi",4,$0.1087
LED,PUS,"1,557",$535.40,"4,300 mi",4,$0.1245
ZRH,KSU,"1,557",$140.91,"1,113 mi",4,$0.1266
CPH,ASM,"1,557",$343.86,"3,021 mi",4,$0.1138
MAN,HBE,"1,557",$139.66,"2,288 mi",4,$0.0610
MAN,YYJ,"1,557",$457.29,"4,735 mi",4,$0.0966
AMS,CGR,"1,556",$526.37,"5,975 mi",4,$0.0881
BRU,MTY,"1,556",$580.52,"5,606 mi",4,$0.1036
DME,NCU,"1,556",$149.19,"1,279 mi",4,$0.1166
BUD,FMO,"1,556",$165.08,591 mi,4,$0.2793
SVO,YCU,"1,556",$160.94,"3,751 mi",4,$0.0429
ARN,SXM,"1,555",$897.11,"4,691 mi",4,$0.1912
EDI,JRO,"1,555","$1,066.56","4,552 mi",4,$0.2343
BCN,KLX,"1,555",$355.70,"1,138 mi",4,$0.3126
GVA,CTS,"1,555",$659.40,"5,540 mi",4,$0.1190
OSL,HAA,"1,555",$227.42,799 mi,4,$0.2846
BHX,GOX,"1,554",$366.77,"4,614 mi",4,$0.0795
DUB,SHJ,"1,554",$241.77,"3,570 mi",4,$0.0677
GVA,KZN,"1,554","$1,200.04","1,893 mi",4,$0.6339
SOF,GRZ,"1,554",$184.48,475 mi,4,$0.3884
VKO,TRN,"1,554",$557.91,"1,517 mi",4,$0.3678
OTP,FNC,"1,554",$477.22,"2,350 mi",4,$0.2031
ARN,XMN,"1,553",$379.30,"5,260 mi",4,$0.0721
BCN,KVA,"1,553",$288.07,"1,135 mi",4,$0.2538
DUB,SJC,"1,553",$939.21,"4,932 mi",4,$0.1904
GLA,BEG,"1,552",$255.06,"1,360 mi",4,$0.1875
MXP,RGN,"1,552",$440.88,"5,424 mi",4,$0.0813
VCE,VAR,"1,552",$280.03,756 mi,4,$0.3704
DME,KGL,"1,552",$535.93,"4,109 mi",4,$0.1304
GOT,KSU,"1,552",$215.86,394 mi,4,$0.5479
LIS,CFE,"1,552",$364.24,768 mi,4,$0.4743
MXP,CBB,"1,552",$610.47,"6,568 mi",4,$0.0929
WAW,AMD,"1,552",$559.92,"3,266 mi",4,$0.1714
DUB,VAA,"1,551",$258.39,"1,238 mi",4,$0.2087
STN,OGU,"1,551",$184.37,"1,985 mi",4,$0.0929
LHR,GUM,"1,551","$1,567.50","7,713 mi",4,$0.2032
STN,FRU,"1,550",$208.29,"3,467 mi",4,$0.0601
DUB,CKG,"1,550",$317.06,"5,272 mi",4,$0.0601
NAP,CAN,"1,550",$647.12,"5,786 mi",4,$0.1118
BCN,MBJ,"1,549",$518.93,"5,019 mi",4,$0.1034
LIS,LPI,"1,549",$370.74,"1,795 mi",4,$0.2065
WAW,CMH,"1,549",$832.11,"4,748 mi",4,$0.1753
WAW,IAS,"1,549",$199.64,441 mi,4,$0.4527
ATH,FAR,"1,548",$719.46,"5,694 mi",4,$0.1264
VIE,BIQ,"1,548",$281.06,955 mi,4,$0.2943
GLA,UVF,"1,548","$1,201.80","4,283 mi",4,$0.2806
HEL,CRK,"1,548",$528.27,"5,663 mi",4,$0.0933
HEL,JRO,"1,548",$400.05,"4,319 mi",4,$0.0926
LYS,HYD,"1,547",$629.83,"4,439 mi",4,$0.1419
BCN,HRB,"1,547",$402.85,"5,680 mi",4,$0.0709
OSL,TNR,"1,547",$470.65,"5,650 mi",4,$0.0833
EDI,SYR,"1,546",$346.82,"3,314 mi",4,$0.1047
FCO,DIY,"1,546",$152.17,"1,456 mi",4,$0.1045
NAP,PTY,"1,546",$665.27,"5,819 mi",4,$0.1143
VCE,CTG,"1,546",$519.46,"5,770 mi",4,$0.0900
VKO,ERC,"1,545",$58.98,"1,069 mi",4,$0.0552
BCN,YNT,"1,545",$498.87,"5,586 mi",4,$0.0893
BRU,KTI,"1,545",$329.25,"5,874 mi",4,$0.0561
EDI,RUN,"1,545",$621.35,"6,507 mi",4,$0.0955
MAN,TZX,"1,543",$142.03,"2,051 mi",4,$0.0692
OTP,TOS,"1,543",$274.50,"1,806 mi",4,$0.1520
DUB,CHA,"1,543",$702.31,"3,774 mi",4,$0.1861
LIS,MED,"1,543",$562.64,"3,086 mi",4,$0.1823
VCE,LIT,"1,542",$528.83,"5,326 mi",4,$0.0993
BHX,TBS,"1,542",$234.14,"2,207 mi",4,$0.1061
CPH,AJA,"1,542",$320.88,933 mi,4,$0.3439
EDI,PNS,"1,542",$362.91,"4,399 mi",4,$0.0825
GOT,CGN,"1,542",$183.91,498 mi,4,$0.3693
LGW,FLL,"1,542",$342.61,"4,544 mi",4,$0.0754
LHR,MGM,"1,542",$625.49,"4,476 mi",4,$0.1397
MXP,MSQ,"1,542",$518.57,"1,059 mi",4,$0.4897
WAW,LCG,"1,542",$365.43,"1,525 mi",4,$0.2396
ATH,NQZ,"1,541",$488.40,"2,387 mi",4,$0.2046
BCN,PNH,"1,541",$643.53,"6,529 mi",4,$0.0986
VCE,KZN,"1,541",$444.54,"1,687 mi",4,$0.2635
DBV,MNL,"1,541",$691.26,"5,985 mi",4,$0.1155
MXP,SNA,"1,541","$1,010.53","6,203 mi",4,$0.1629
PRG,ABQ,"1,541",$580.88,"5,372 mi",4,$0.1081
PMI,ASR,"1,540",$324.65,"1,798 mi",4,$0.1806
WAW,HBE,"1,540",$338.98,"1,487 mi",4,$0.2280
ZRH,BHM,"1,540",$656.41,"4,923 mi",4,$0.1333
ATH,NGB,"1,539",$617.09,"5,516 mi",4,$0.1119
BRU,REG,"1,539",$115.77,"1,072 mi",4,$0.1080
DUB,CNX,"1,539",$425.32,"5,954 mi",4,$0.0714
LED,TIA,"1,539",$142.09,"1,308 mi",4,$0.1086
LHR,POR,"1,539",$324.16,"1,052 mi",4,$0.3081
OSL,UBN,"1,539",$312.76,"3,741 mi",4,$0.0836
SOF,IBZ,"1,539",$236.32,"1,144 mi",4,$0.2066
BCN,PWM,"1,538",$694.87,"3,464 mi",4,$0.2006
MAN,RUN,"1,538",$508.87,"5,989 mi",4,$0.0850
NCE,ESB,"1,538",$287.98,"1,302 mi",4,$0.2212
GVA,CHS,"1,538",$973.97,"4,319 mi",4,$0.2255
GLA,HRE,"1,537",$386.22,"5,668 mi",4,$0.0681
MAN,KKN,"1,536",$122.34,"1,559 mi",4,$0.0785
BHX,RIX,"1,536",$241.26,"1,097 mi",4,$0.2199
CDG,NDR,"1,536",$67.08,"1,039 mi",4,$0.0646
DBV,HER,"1,536",$204.50,640 mi,4,$0.3195
STN,JNB,"1,536",$497.90,"5,822 mi",4,$0.0855
AMS,BUR,"1,536","$1,760.93","5,382 mi",4,$0.3272
BCN,ECP,"1,536",$580.30,"4,628 mi",4,$0.1254
MAD,DAM,"1,536",$263.74,"2,179 mi",4,$0.1210
PRG,WUH,"1,536",$212.64,"5,174 mi",4,$0.0411
PRG,MBA,"1,535",$318.23,"4,154 mi",4,$0.0766
ATH,POS,"1,535",$694.74,"5,679 mi",4,$0.1223
LHR,SVJ,"1,535",$182.07,"1,302 mi",4,$0.1398
VIE,TSR,"1,535",$229.39,267 mi,4,$0.8591
GVA,MRS,"1,534",$284.13,192 mi,4,$1.4798
AGP,BJV,"1,533",$660.88,"1,820 mi",4,$0.3631
PRG,BGW,"1,533",$236.87,"1,971 mi",4,$0.1202
SNN,PBI,"1,533",$904.77,"3,878 mi",4,$0.2333
OSL,JMK,"1,532",$269.22,"1,743 mi",4,$0.1545
PRG,VAA,"1,532",$279.60,966 mi,4,$0.2894
STN,MHD,"1,532",$106.76,"3,136 mi",4,$0.0340
VCE,EBB,"1,532",$640.38,"3,270 mi",4,$0.1958
AMS,BKO,"1,532",$381.81,"2,752 mi",4,$0.1387
VCE,MAH,"1,532",$266.37,584 mi,4,$0.4561
VIE,SYZ,"1,532",$187.32,"2,224 mi",4,$0.0842
FCO,INN,"1,531",$194.04,391 mi,4,$0.4963
FCO,SKT,"1,531",$241.44,"3,507 mi",4,$0.0688
MXP,TSR,"1,531",$169.48,626 mi,4,$0.2707
SOF,SZG,"1,531",$366.13,634 mi,4,$0.5775
CPH,CWL,"1,530",$267.38,739 mi,4,$0.3618
LHR,SCE,"1,530",$842.80,"3,490 mi",4,$0.2415
STN,DAM,"1,530",$265.03,"2,273 mi",4,$0.1166
AMS,ATW,"1,530",$650.48,"4,141 mi",4,$0.1571
LHR,VSA,"1,530",$711.08,"5,190 mi",4,$0.1370
AMS,GIB,"1,529",$356.62,"1,184 mi",4,$0.3012
LHR,MLO,"1,529",$486.68,"1,543 mi",4,$0.3154
WAW,LYR,"1,529",$196.71,"1,861 mi",4,$0.1057
CPH,TFN,"1,528",$273.51,"2,287 mi",4,$0.1196
OTP,GEO,"1,528",$980.17,"5,795 mi",4,$0.1691
PMI,SJU,"1,528",$935.08,"4,167 mi",4,$0.2244
CPH,OVD,"1,527",$353.22,"1,139 mi",4,$0.3101
MAN,FNA,"1,527",$441.45,"3,056 mi",4,$0.1445
SNN,CMH,"1,527",$628.49,"3,575 mi",4,$0.1758
STN,ERZ,"1,527",$224.63,"2,162 mi",4,$0.1039
ZRH,SPX,"1,527",$626.92,"1,738 mi",4,$0.3607
BRU,GDL,"1,527",$694.94,"5,679 mi",4,$0.1224
CPH,TRS,"1,527",$264.49,658 mi,4,$0.4020
PRG,DYU,"1,527",$186.25,"2,828 mi",4,$0.0659
PMI,BDS,"1,526",$187.40,830 mi,4,$0.2258
ATH,KGL,"1,526",$391.71,"2,869 mi",4,$0.1365
ZRH,LPQ,"1,526",$684.59,"5,539 mi",4,$0.1236
AGP,DAC,"1,525",$588.06,"5,671 mi",4,$0.1037
VKO,YUL,"1,525",$936.26,"4,520 mi",4,$0.2071
ZAG,HRG,"1,525",$113.99,"1,562 mi",4,$0.0730
CDG,SKT,"1,525",$370.07,"3,663 mi",4,$0.1010
FCO,YIA,"1,525",$703.68,"7,194 mi",4,$0.0978
LHR,GUW,"1,525","$1,080.81","2,394 mi",4,$0.4515
NCL,SOF,"1,525",$297.60,"1,369 mi",4,$0.2174
PRG,SBZ,"1,524",$221.51,559 mi,4,$0.3963
BCN,BON,"1,524",$428.29,"4,791 mi",4,$0.0894
AMS,LUZ,"1,523",$121.34,745 mi,4,$0.1629
AMS,PPT,"1,523","$1,597.67","9,952 mi",4,$0.1605
PRG,ZHT,"1,523",$269.59,474 mi,4,$0.5688
VIE,CLO,"1,523",$585.76,"6,357 mi",4,$0.0921
ZRH,BOJ,"1,523",$438.48,"1,012 mi",4,$0.4333
MXP,GPA,"1,522",$108.52,806 mi,4,$0.1346
VIE,GRR,"1,522","$1,249.48","4,435 mi",4,$0.2817
BOD,KEF,"1,522",$266.69,"1,525 mi",4,$0.1749
LHR,IXJ,"1,522",$461.34,"4,003 mi",4,$0.1152
LHR,SLP,"1,522",$538.23,"5,619 mi",4,$0.0958
CDG,CCJ,"1,521",$229.99,"4,742 mi",4,$0.0485
CDG,SXB,"1,521",$136.77,241 mi,4,$0.5675
MXP,SZG,"1,521",$311.28,260 mi,4,$1.1972
DBV,PHL,"1,521",$400.82,"4,731 mi",4,$0.0847
VCE,QYG,"1,521",$123.33,606 mi,4,$0.2035
ZRH,RNS,"1,520",$334.29,465 mi,4,$0.7189
CDG,VTZ,"1,520",$313.67,"4,737 mi",4,$0.0662
SVO,RAK,"1,520",$350.65,"2,665 mi",4,$0.1316
GOT,CMN,"1,519",$232.48,"1,976 mi",4,$0.1177
LYS,KTW,"1,519",$167.98,745 mi,4,$0.2255
AMS,EUG,"1,519",$649.83,"5,244 mi",4,$0.1239
GVA,SMF,"1,519",$716.58,"5,564 mi",4,$0.1288
LGW,TYN,"1,519",$259.03,"4,925 mi",4,$0.0526
MAN,JAI,"1,519",$312.28,"4,144 mi",4,$0.0754
OSL,IVL,"1,519",$291.11,776 mi,4,$0.3751
SNN,YYZ,"1,519",$447.76,"3,086 mi",4,$0.1451
VKO,LGK,"1,519",$282.17,"4,944 mi",4,$0.0571
VCE,LBA,"1,518",$245.12,874 mi,4,$0.2805
PRG,GUA,"1,518",$577.36,"5,899 mi",4,$0.0979
GVA,MTY,"1,517",$867.57,"5,491 mi",4,$0.1580
MAD,ITM,"1,517","$1,206.69","6,419 mi",4,$0.1880
ZAG,MAA,"1,517",$348.63,"4,205 mi",4,$0.0829
BUD,AGA,"1,517",$109.01,"1,982 mi",4,$0.0550
ARN,SZF,"1,516",$165.23,"1,546 mi",4,$0.1069
SOF,SLC,"1,516",$681.99,"6,213 mi",4,$0.1098
PRG,LHE,"1,516",$435.23,"3,195 mi",4,$0.1362
ATH,LBA,"1,515",$296.86,"1,586 mi",4,$0.1872
BUD,KBL,"1,515",$377.07,"2,619 mi",4,$0.1440
MXP,YIA,"1,515",$531.40,"7,371 mi",4,$0.0721
BRU,KRN,"1,515",$126.23,"1,325 mi",4,$0.0953
LYS,MSY,"1,514",$420.83,"4,855 mi",4,$0.0867
WAW,AAR,"1,514",$201.02,490 mi,4,$0.4102
ZAG,DSM,"1,514",$379.41,"4,867 mi",4,$0.0780
AGP,SSH,"1,514",$307.47,"2,262 mi",4,$0.1359
HEL,DMM,"1,513",$652.03,"2,538 mi",4,$0.2569
BCN,KHH,"1,513",$767.42,"6,321 mi",4,$0.1214
VIE,OMA,"1,513",$718.31,"5,163 mi",4,$0.1391
BUD,TSN,"1,512",$126.88,"4,767 mi",4,$0.0266
CDG,VVI,"1,512",$570.63,"6,288 mi",4,$0.0907
GVA,EVE,"1,512",$143.97,"1,535 mi",4,$0.0938
MAN,PTY,"1,512",$690.80,"5,341 mi",4,$0.1293
WAW,JYV,"1,512",$310.40,706 mi,4,$0.4397
CDG,YQU,"1,511",$357.69,"4,349 mi",4,$0.0822
GLA,DMM,"1,511",$668.69,"3,250 mi",4,$0.2058
LIS,DLM,"1,511",$548.75,"2,000 mi",4,$0.2744
PRG,KYA,"1,511",$114.26,"1,267 mi",4,$0.0902
SVO,JJN,"1,511",$306.36,"4,612 mi",4,$0.0664
BHX,BOG,"1,511",$798.83,"5,066 mi",4,$0.1577
CDG,IOM,"1,511",$205.62,480 mi,4,$0.4284
GOT,QYG,"1,511",$151.10,247 mi,4,$0.6117
MRS,SKP,"1,511",$312.66,863 mi,4,$0.3623
PRG,PNH,"1,511",$503.74,"5,464 mi",4,$0.0922
SVO,DYU,"1,511",$89.26,"1,931 mi",4,$0.0462
CPH,CFE,"1,510",$260.10,771 mi,4,$0.3374
LHR,POP,"1,510",$589.13,"4,179 mi",4,$0.1410
LIS,BUF,"1,510",$740.54,"3,649 mi",4,$0.2029
BHX,SJJ,"1,510",$153.60,"1,128 mi",4,$0.1362
DBV,LIN,"1,510",$241.71,474 mi,4,$0.5099
GVA,BSZ,"1,510",$157.47,"3,359 mi",4,$0.0469
SOF,CGK,"1,510",$719.19,"5,980 mi",4,$0.1203
FCO,MOB,"1,509",$531.33,"5,485 mi",4,$0.0969
FCO,EZS,"1,509",$137.23,"1,395 mi",4,$0.0984
LGW,CNF,"1,509",$576.18,"5,729 mi",4,$0.1006
OSL,PIT,"1,509",$519.83,"3,774 mi",4,$0.1377
VIE,WUH,"1,508",$354.47,"4,842 mi",4,$0.0732
BCN,MBA,"1,508",$380.98,"3,804 mi",4,$0.1002
BUD,FDF,"1,508",$601.53,"5,178 mi",4,$0.1162
NCE,INV,"1,508",$653.49,"1,107 mi",4,$0.5903
PMI,MEL,"1,508","$1,361.98","10,089 mi",4,$0.1350
BRU,UFA,"1,507",$177.28,"2,181 mi",4,$0.0813
FCO,GOX,"1,507",$400.41,"4,167 mi",4,$0.0961
BHX,SCL,"1,506",$904.41,"7,453 mi",4,$0.1213
MAD,DNZ,"1,506",$313.56,"1,729 mi",4,$0.1814
AGP,JRO,"1,506",$411.06,"3,734 mi",4,$0.1101
BCN,YIA,"1,506",$681.34,"7,285 mi",4,$0.0935
VIE,TKU,"1,506",$85.47,913 mi,4,$0.0936
BOD,RUH,"1,505",$843.63,"2,875 mi",4,$0.2934
LYS,YOW,"1,505",$408.42,"3,618 mi",4,$0.1129
GVA,VIX,"1,505",$595.25,"5,268 mi",4,$0.1130
MRS,QYG,"1,505",$145.78,786 mi,4,$0.1855
BOD,TAS,"1,504",$410.12,"3,328 mi",4,$0.1232
MAN,KMG,"1,504",$278.28,"5,589 mi",4,$0.0498
OSL,YHZ,"1,504",$436.77,"3,209 mi",4,$0.1361
OSL,HVG,"1,504",$387.84,828 mi,4,$0.4684
WAW,CKG,"1,504",$402.96,"4,317 mi",4,$0.0933
AGP,CAN,"1,503",$660.79,"6,440 mi",4,$0.1026
CDG,TMM,"1,503",$445.07,"5,290 mi",4,$0.0841
DBV,SLC,"1,503",$966.83,"6,072 mi",4,$0.1592
GOT,DOH,"1,503",$325.46,"2,862 mi",4,$0.1137
AMS,KTI,"1,503",$383.70,"5,838 mi",4,$0.0657
GOT,AKL,"1,503",$917.31,"10,478 mi",4,$0.0875
BCN,NSI,"1,502",$328.29,"2,582 mi",4,$0.1271
LHR,MQP,"1,502",$698.65,"5,815 mi",4,$0.1201
MAD,USH,"1,502",$616.01,"7,836 mi",4,$0.0786
NAP,HKT,"1,502",$398.27,"5,374 mi",4,$0.0741
NTE,SKG,"1,502",$335.80,"1,340 mi",4,$0.2506
BUD,FLL,"1,502",$468.88,"5,482 mi",4,$0.0855
MRS,SSA,"1,502",$546.87,"4,620 mi",4,$0.1184
MXP,OKC,"1,502",$945.15,"5,046 mi",4,$0.1873
OTP,EBB,"1,502",$542.39,"3,008 mi",4,$0.1803
DUB,MSO,"1,501",$503.02,"4,187 mi",4,$0.1201
GVA,DYU,"1,501","$1,206.01","3,065 mi",4,$0.3935
ARN,TSR,"1,501",$254.35,996 mi,4,$0.2554
HEL,BDS,"1,501",$535.98,"1,349 mi",4,$0.3973
BRU,CTS,"1,500",$998.65,"5,636 mi",4,$0.1772
DUB,OVD,"1,500",$469.35,661 mi,4,$0.7101
AMS,JAI,"1,500",$413.72,"4,107 mi",4,$0.1007
GOT,MAA,"1,500",$522.26,"4,788 mi",4,$0.1091
OSL,PUS,"1,500",$589.44,"4,821 mi",4,$0.1223
MAD,LEX,"1,499",$620.99,"4,300 mi",4,$0.1444
EDI,UME,"1,499",$181.00,"1,003 mi",4,$0.1805
NAP,IKA,"1,499",$268.46,"2,084 mi",4,$0.1288
CDG,IDR,"1,498",$338.27,"4,171 mi",4,$0.0811
GVA,VRN,"1,498",$256.52,230 mi,4,$1.1153
NTE,HAV,"1,498",$396.62,"4,786 mi",4,$0.0829
FCO,UVF,"1,498",$745.40,"4,586 mi",4,$0.1625
LHR,LFT,"1,498",$659.69,"4,538 mi",4,$0.1454
NAP,AMM,"1,498",$622.97,"1,400 mi",4,$0.4450
NCL,BNA,"1,498","$1,021.75","3,916 mi",4,$0.2609
BRU,SOU,"1,497",$125.13,262 mi,4,$0.4776
GLA,BRE,"1,497",$280.87,582 mi,4,$0.4826
VKO,SCO,"1,497",$156.43,"1,045 mi",4,$0.1497
MRS,YOW,"1,496",$477.71,"3,933 mi",4,$0.1215
CPH,PQC,"1,496",$420.91,"5,520 mi",4,$0.0763
ZAG,UGC,"1,496",$322.33,"2,284 mi",4,$0.1411
LYS,KYA,"1,495",$313.34,"1,458 mi",4,$0.2149
WAW,PTP,"1,495",$653.27,"4,869 mi",4,$0.1342
CDG,TIJ,"1,495",$728.46,"5,859 mi",4,$0.1243
MAD,YNT,"1,495",$254.08,"6,179 mi",4,$0.0411
PMI,KIX,"1,495",$767.94,"6,299 mi",4,$0.1219
BCN,YYT,"1,494",$439.85,"2,602 mi",4,$0.1690
BCN,BTV,"1,494",$737.51,"3,566 mi",4,$0.2068
EDI,TGD,"1,494",$137.47,"1,417 mi",4,$0.0970
BHX,MPL,"1,493",$297.25,647 mi,4,$0.4594
NCL,ADL,"1,493","$1,119.69","9,794 mi",4,$0.1143
AMS,DYU,"1,492",$939.69,"3,230 mi",4,$0.2909
NCL,ORK,"1,492",$251.89,345 mi,4,$0.7301
BCN,YQR,"1,492",$437.68,"4,573 mi",4,$0.0957
CDG,NGY,"1,492",$608.53,"5,801 mi",4,$0.1049
ZRH,BTV,"1,492",$635.30,"3,628 mi",4,$0.1751
GLA,ANU,"1,491",$569.50,"3,872 mi",4,$0.1471
AMS,TNA,"1,491",$331.05,"4,910 mi",4,$0.0674
ZRH,NVT,"1,491",$853.57,"6,431 mi",4,$0.1327
EDI,MKE,"1,490",$543.61,"3,763 mi",4,$0.1445
OTP,STL,"1,490",$609.07,"5,291 mi",4,$0.1151
PMI,LHE,"1,490",$224.51,"4,080 mi",4,$0.0550
ARN,SHE,"1,490",$349.33,"4,400 mi",4,$0.0794
GVA,BOO,"1,490",$152.52,"1,439 mi",4,$0.1060
HEL,AGH,"1,490",$159.85,503 mi,4,$0.3178
LHR,CLY,"1,490",$168.97,733 mi,4,$0.2305
OTP,DSS,"1,490",$692.44,"3,354 mi",4,$0.2065
LHR,AZO,"1,488","$1,326.03","3,725 mi",4,$0.3560
MAD,BGI,"1,488",$932.95,"3,972 mi",4,$0.2349
BHX,BEY,"1,488",$244.76,"2,171 mi",4,$0.1127
VKO,ADD,"1,488",$568.20,"3,319 mi",4,$0.1712
BHX,IAH,"1,487",$568.64,"4,605 mi",4,$0.1235
LCY,MEX,"1,487",$620.86,"5,720 mi",4,$0.1085
VIE,MME,"1,487",$305.85,864 mi,4,$0.3540
EDI,INV,"1,487",$245.64,110 mi,4,$2.2331
CPH,MEM,"1,486",$692.64,"4,847 mi",4,$0.1429
LCY,OPO,"1,486",$192.61,846 mi,4,$0.2277
AMS,EYW,"1,486",$847.14,"4,607 mi",4,$0.1839
MAD,AJU,"1,486","$1,039.53","4,276 mi",4,$0.2431
EDI,CMN,"1,485",$370.60,"1,620 mi",4,$0.2288
LIS,CEB,"1,485",$712.00,"8,137 mi",4,$0.0875
NCE,OUL,"1,485",$247.99,"1,578 mi",4,$0.1572
OTP,PAS,"1,485",$225.12,541 mi,4,$0.4161
WAW,TRV,"1,485",$374.59,"4,473 mi",4,$0.0837
AMS,YCD,"1,484",$496.35,"4,957 mi",4,$0.1001
NAP,DAR,"1,484",$627.80,"3,769 mi",4,$0.1666
SNN,SLC,"1,484",$681.10,"4,655 mi",4,$0.1463
ARN,TAY,"1,484",$173.30,316 mi,4,$0.5484
CDG,STT,"1,484",$566.00,"4,384 mi",4,$0.1291
LHR,FMO,"1,484",$212.44,362 mi,4,$0.5869
MRS,POZ,"1,484",$250.50,844 mi,4,$0.2968
NTE,BLR,"1,484",$685.87,"5,205 mi",4,$0.1318
PRG,SOU,"1,484",$245.10,666 mi,4,$0.3680
SVO,LOS,"1,483",$518.49,"4,005 mi",4,$0.1295
VCE,JER,"1,483",$426.68,748 mi,4,$0.5704
AGP,STL,"1,483",$520.22,"4,642 mi",4,$0.1121
GVA,SHE,"1,483",$295.27,"5,408 mi",4,$0.0546
MXP,TUS,"1,483",$772.82,"5,698 mi",4,$0.1356
LED,NKG,"1,482",$346.28,"4,174 mi",4,$0.0830
CDG,GBE,"1,482",$633.37,"5,125 mi",4,$0.1236
VCE,CRK,"1,482",$547.56,"6,504 mi",4,$0.0842
MAD,TIN,"1,481",$168.31,950 mi,4,$0.1772
VCE,BIQ,"1,481",$266.52,719 mi,4,$0.3707
AGP,ALA,"1,481",$332.31,"4,290 mi",4,$0.0775
DUB,QYG,"1,481",$158.83,763 mi,4,$0.2082
FCO,BPS,"1,481",$548.26,"5,028 mi",4,$0.1090
CDG,BBI,"1,480",$299.67,"5,019 mi",4,$0.0597
CDG,TLE,"1,480","$1,400.99","5,776 mi",4,$0.2426
NCL,ZAG,"1,480",$337.45,977 mi,4,$0.3454
PMI,MDZ,"1,480",$643.52,"6,977 mi",4,$0.0922
ATH,BOO,"1,480",$183.64,"2,123 mi",4,$0.0865
LHR,NKC,"1,480","$1,060.04","2,370 mi",4,$0.4473
NCL,BRE,"1,480",$275.03,459 mi,4,$0.5992
OSL,INV,"1,480",$421.95,587 mi,4,$0.7188
WAW,LHE,"1,480",$640.08,"2,921 mi",4,$0.2191
EDI,GSP,"1,479",$520.46,"3,736 mi",4,$0.1393
LHR,JDH,"1,479",$315.16,"4,248 mi",4,$0.0742
MRS,ASR,"1,479",$156.42,"1,648 mi",4,$0.0949
PMI,KSD,"1,479",$144.21,"1,406 mi",4,$0.1026
FCO,AAR,"1,478",$164.91,975 mi,4,$0.1691
LIS,PAS,"1,478",$426.79,"1,917 mi",4,$0.2226
AGP,BNE,"1,478","$1,174.67","11,310 mi",4,$0.1039
FCO,CTS,"1,478",$658.96,"5,976 mi",4,$0.1103
WAW,KTT,"1,478",$262.41,"1,049 mi",4,$0.2502
BHX,TBZ,"1,477",$286.01,"2,404 mi",4,$0.1190
AMS,BTR,"1,476","$1,165.50","4,956 mi",4,$0.2352
NCL,RDU,"1,476","$1,134.52","3,637 mi",4,$0.3119
OSL,SDQ,"1,476",$491.57,"4,947 mi",4,$0.0994
SOF,DLM,"1,476",$116.95,518 mi,4,$0.2258
VCE,NAV,"1,476",$231.35,"1,260 mi",4,$0.1836
LED,NCU,"1,475",$138.76,"1,772 mi",4,$0.0783
OSL,QYG,"1,475",$158.53,421 mi,4,$0.3766
VIE,TUS,"1,475",$877.75,"5,835 mi",4,$0.1504
ZRH,UGC,"1,475",$410.03,"2,625 mi",4,$0.1562
NCE,WDH,"1,474","$1,051.65","4,754 mi",4,$0.2212
AMS,PLS,"1,474",$779.83,"4,363 mi",4,$0.1787
CPH,YQB,"1,474",$514.86,"3,564 mi",4,$0.1445
HEL,CTS,"1,474",$662.98,"4,608 mi",4,$0.1439
BRU,ABQ,"1,473",$689.71,"5,023 mi",4,$0.1373
CPH,CTS,"1,473",$495.67,"4,864 mi",4,$0.1019
VIE,RZV,"1,473",$106.57,"1,240 mi",4,$0.0859
EDI,EVN,"1,472",$307.75,"2,327 mi",4,$0.1323
LIS,MKE,"1,472",$677.38,"3,851 mi",4,$0.1759
WAW,DSS,"1,472",$675.53,"3,226 mi",4,$0.2094
FCO,KRN,"1,472",$132.87,"1,768 mi",4,$0.0752
MAD,MHD,"1,472",$326.86,"3,262 mi",4,$0.1002
ATH,SJC,"1,471",$687.36,"6,593 mi",4,$0.1043
ATH,YQM,"1,471",$432.31,"4,474 mi",4,$0.0966
FCO,CZL,"1,471",$154.51,501 mi,4,$0.3084
LHR,AGA,"1,471",$214.34,"1,578 mi",4,$0.1358
WAW,KAJ,"1,471",$280.94,845 mi,4,$0.3325
MAD,UBN,"1,471",$472.53,"5,156 mi",4,$0.0916
BOD,NKC,"1,471",$256.15,"2,093 mi",4,$0.1224
CDG,ATW,"1,470",$746.12,"3,940 mi",4,$0.1894
CDG,EUG,"1,470",$683.95,"5,060 mi",4,$0.1352
LHR,KUO,"1,470",$403.35,"1,344 mi",4,$0.3001
VIE,LUN,"1,470",$620.16,"4,311 mi",4,$0.1439
CPH,NAS,"1,470",$548.81,"4,954 mi",4,$0.1108
MRS,MSY,"1,470",$680.79,"4,927 mi",4,$0.1382
ZRH,KLU,"1,470",$217.79,270 mi,4,$0.8066
PRG,GRR,"1,469",$605.44,"4,273 mi",4,$0.1417
STN,EVN,"1,469",$144.41,"2,295 mi",4,$0.0629
VCE,GEG,"1,469",$743.70,"5,484 mi",4,$0.1356
VIE,MEM,"1,469",$879.77,"5,283 mi",4,$0.1665
EDI,YXE,"1,469",$266.82,"3,678 mi",4,$0.0725
GVA,SDR,"1,469",$476.86,539 mi,4,$0.8847
LED,TNA,"1,469",$344.30,"4,080 mi",4,$0.0844
MRS,AAL,"1,469",$296.53,994 mi,4,$0.2983
OTP,CVG,"1,469","$1,256.48","5,391 mi",4,$0.2331
BUD,QKL,"1,468",$356.40,623 mi,4,$0.5721
LHR,SBN,"1,468",$546.23,"3,776 mi",4,$0.1447
OSL,DAM,"1,468",$308.10,"2,112 mi",4,$0.1459
BRU,TUS,"1,468",$730.56,"5,654 mi",4,$0.1292
CPH,FUK,"1,468",$850.96,"5,112 mi",4,$0.1665
BRU,DCA,"1,467",$788.25,"3,753 mi",4,$0.2100
SVO,ISB,"1,467",$514.34,"2,353 mi",4,$0.2186
ZRH,BZN,"1,466","$1,023.42","5,186 mi",4,$0.1973
AMS,AEY,"1,466",$318.20,"1,252 mi",4,$0.2542
MRS,LCG,"1,465",$408.67,702 mi,4,$0.5822
MAD,KHN,"1,465",$574.80,"6,462 mi",4,$0.0890
GVA,CEB,"1,464",$779.12,"7,179 mi",4,$0.1085
ATH,CTG,"1,464",$727.94,"6,094 mi",4,$0.1195
VCE,HYD,"1,464",$667.84,"4,097 mi",4,$0.1630
LHR,CFN,"1,463",$190.92,420 mi,4,$0.4546
VCE,GDL,"1,463",$724.89,"6,544 mi",4,$0.1108
MAN,SLL,"1,463",$328.72,"3,790 mi",4,$0.0867
BRU,LUZ,"1,462",$253.07,813 mi,4,$0.3113
CDG,DIN,"1,462",$424.43,"5,397 mi",4,$0.0786
ZRH,ATQ,"1,462",$299.86,"3,469 mi",4,$0.0864
MAD,PNZ,"1,461",$646.83,"4,300 mi",4,$0.1504
BRU,GSP,"1,461",$736.11,"4,393 mi",4,$0.1676
BRU,JKH,"1,461",$368.11,"1,406 mi",4,$0.2618
LED,DLC,"1,461",$467.08,"3,864 mi",4,$0.1209
MRS,SVG,"1,461",$340.88,"1,035 mi",4,$0.3294
DUB,KRN,"1,460",$335.26,"1,282 mi",4,$0.2615
PRG,XMN,"1,460",$241.15,"5,671 mi",4,$0.0425
EDI,BHM,"1,460",$620.03,"3,968 mi",4,$0.1563
LGW,SYZ,"1,460",$224.85,"2,978 mi",4,$0.0755
ARN,NNG,"1,458",$288.14,"5,035 mi",4,$0.0572
ATH,CRK,"1,458",$504.55,"6,105 mi",4,$0.0826
LIS,ELP,"1,458",$548.85,"5,390 mi",4,$0.1018
PRG,FOC,"1,458",$179.75,"5,327 mi",4,$0.0337
BUD,RNO,"1,458",$616.62,"5,745 mi",4,$0.1073
CPH,ABQ,"1,458",$415.45,"5,069 mi",4,$0.0820
CPH,WNZ,"1,457",$256.10,"5,456 mi",4,$0.0469
HEL,GOA,"1,457",$398.48,"1,324 mi",4,$0.3010
BCN,GRB,"1,457",$532.28,"4,454 mi",4,$0.1195
BUD,LPI,"1,457",$287.73,750 mi,4,$0.3836
VCE,TNG,"1,457",$340.16,"1,203 mi",4,$0.2828
BUD,MME,"1,456",$195.30,"1,050 mi",4,$0.1860
EDI,CCJ,"1,456",$279.21,"5,015 mi",4,$0.0557
STN,ZNZ,"1,456",$475.14,"4,486 mi",4,$0.1059
BUD,MTY,"1,455",$910.97,"6,316 mi",4,$0.1442
HEL,SUB,"1,455","$1,255.18","6,785 mi",4,$0.1850
VCE,ALB,"1,455",$426.13,"4,181 mi",4,$0.1019
BUD,ABV,"1,454",$611.83,"2,665 mi",4,$0.2296
BCN,COO,"1,454",$439.18,"2,342 mi",4,$0.1875
BUD,CCU,"1,453",$557.54,"3,996 mi",4,$0.1395
BUD,UGC,"1,453",$357.78,"1,991 mi",4,$0.1797
CDG,CJB,"1,452",$369.31,"5,091 mi",4,$0.0725
DUB,ATW,"1,452",$520.45,"3,687 mi",4,$0.1412
WAW,PNH,"1,452",$527.55,"5,491 mi",4,$0.0961
ATH,SXM,"1,452",$804.26,"5,463 mi",4,$0.1472
OSL,JYV,"1,452",$145.39,491 mi,4,$0.2961
ARN,DMM,"1,451",$437.04,"2,829 mi",4,$0.1545
LGW,HAK,"1,451",$413.34,"6,170 mi",4,$0.0670
OSL,CNX,"1,451",$395.09,"5,176 mi",4,$0.0763
WAW,FAE,"1,451",$217.61,"1,283 mi",4,$0.1696
AMS,ZQN,"1,451",$940.79,"11,899 mi",4,$0.0791
ARN,ORF,"1,451",$624.38,"4,321 mi",4,$0.1445
AGP,ZNZ,"1,450",$398.20,"4,216 mi",4,$0.0944
EDI,BOO,"1,450",$272.41,997 mi,4,$0.2732
AMS,OZZ,"1,449",$147.11,"1,638 mi",4,$0.0898
GVA,MGA,"1,449",$506.81,"5,894 mi",4,$0.0860
NCL,LHE,"1,449",$662.99,"3,814 mi",4,$0.1738
SVO,INC,"1,449",$252.99,"3,379 mi",4,$0.0749
LGW,LGK,"1,449","$1,323.51","6,114 mi",4,$0.2165
NCE,HAU,"1,449",$136.10,"1,120 mi",4,$0.1215
GVA,VGO,"1,448",$347.43,756 mi,4,$0.4596
BRU,RIC,"1,447",$817.50,"3,824 mi",4,$0.2138
BHX,PRN,"1,447",$184.88,"1,293 mi",4,$0.1430
DUB,LCG,"1,447",$413.68,727 mi,4,$0.5690
CDG,GCM,"1,446",$924.17,"5,097 mi",4,$0.1813
MXP,ORK,"1,446",$349.70,864 mi,4,$0.4047
LHR,SDR,"1,446",$365.46,561 mi,4,$0.6514
FCO,BUS,"1,445",$436.61,"1,552 mi",4,$0.2813
FCO,LDB,"1,444",$812.27,"5,868 mi",4,$0.1384
NCL,SAN,"1,444",$787.85,"5,118 mi",4,$0.1539
VIE,FIH,"1,444",$657.58,"3,519 mi",4,$0.1869
AMS,SAP,"1,444",$550.40,"5,324 mi",4,$0.1034
BOD,TBS,"1,444",$498.49,"2,210 mi",4,$0.2256
DUB,HUY,"1,444",$195.52,236 mi,4,$0.8285
LGW,DAD,"1,444",$660.28,"5,935 mi",4,$0.1113
OSL,SJU,"1,444",$612.79,"4,816 mi",4,$0.1272
LGW,ISU,"1,443",$249.84,"2,403 mi",4,$0.1040
LYS,FOR,"1,443",$613.49,"4,209 mi",4,$0.1458
CPH,FDE,"1,442",$188.91,455 mi,4,$0.4152
BUD,SKD,"1,442",$246.49,"2,337 mi",4,$0.1055
DME,YUL,"1,442",$876.97,"4,547 mi",4,$0.1929
LGW,LXS,"1,441",$171.79,"1,401 mi",4,$0.1226
ATH,ROA,"1,441",$728.97,"5,492 mi",4,$0.1327
BHX,CLE,"1,441",$560.39,"3,546 mi",4,$0.1580
CDG,AOJ,"1,441","$1,227.26","5,904 mi",4,$0.2079
MAN,KRN,"1,441",$62.49,"1,208 mi",4,$0.0517
ZRH,LFW,"1,441",$344.98,"2,973 mi",4,$0.1160
DME,NSI,"1,440",$502.45,"3,744 mi",4,$0.1342
BUD,SAV,"1,440",$692.35,"5,215 mi",4,$0.1328
CDG,AGS,"1,440",$850.40,"4,421 mi",4,$0.1924
AGP,ESB,"1,439",$282.84,"1,968 mi",4,$0.1437
MRS,YHZ,"1,439",$620.67,"3,203 mi",4,$0.1938
PMI,ICN,"1,439",$812.47,"6,210 mi",4,$0.1308
PRG,FUK,"1,439",$700.07,"5,631 mi",4,$0.1243
OSL,TSR,"1,439",$199.32,"1,110 mi",4,$0.1796
AMS,NUM,"1,439",$997.51,"2,231 mi",4,$0.4471
DBV,YYC,"1,439",$633.01,"5,198 mi",4,$0.1218
FCO,QYG,"1,438",$154.92,819 mi,4,$0.1892
LYS,LOS,"1,438",$508.48,"2,626 mi",4,$0.1936
MAD,GSO,"1,438","$1,114.51","3,898 mi",4,$0.2859
WAW,CTU,"1,438",$532.80,"4,169 mi",4,$0.1278
DBV,TPE,"1,438",$714.44,"5,844 mi",4,$0.1223
ARN,MME,"1,437",$290.47,829 mi,4,$0.3504
CDG,LKN,"1,437",$222.07,"1,417 mi",4,$0.1567
GLA,SAW,"1,437",$327.51,"1,889 mi",4,$0.1734
MAD,YLW,"1,437",$747.06,"4,926 mi",4,$0.1517
AMS,HBA,"1,437","$1,080.09","10,287 mi",4,$0.1050
GOT,BNA,"1,437",$432.40,"4,321 mi",4,$0.1001
MAN,TUU,"1,437",$826.82,"2,691 mi",4,$0.3073
WAW,MOL,"1,437",$185.23,914 mi,4,$0.2027
ZRH,EZS,"1,437",$134.55,"1,605 mi",4,$0.0838
STN,CHC,"1,436","$1,105.11","12,108 mi",4,$0.0913
WAW,HSV,"1,436","$1,054.22","4,881 mi",4,$0.2160
AGP,GZP,"1,435",$85.51,"1,970 mi",4,$0.0434
OTP,SLL,"1,435",$379.11,"2,425 mi",4,$0.1563
BRU,HAK,"1,435",$280.46,"5,642 mi",4,$0.0497
LCY,SEA,"1,435",$866.28,"4,941 mi",4,$0.1753
MAD,VAS,"1,434",$252.95,"2,183 mi",4,$0.1159
BRU,SDR,"1,434",$280.28,627 mi,4,$0.4470
BRU,TZX,"1,433",$280.87,"1,754 mi",4,$0.1601
MXP,SYR,"1,433",$732.52,"3,866 mi",4,$0.1895
NAP,BLR,"1,433",$758.81,"4,368 mi",4,$0.1737
LHR,BPS,"1,433",$959.05,"5,394 mi",4,$0.1778
SVO,KWL,"1,433",$200.40,"4,002 mi",4,$0.0501
BRU,UGC,"1,432",$460.03,"2,609 mi",4,$0.1763
LGW,BLQ,"1,432",$169.74,722 mi,4,$0.2351
MAN,SZF,"1,432",$193.76,"2,030 mi",4,$0.0954
PMI,JRO,"1,432",$411.30,"3,793 mi",4,$0.1084
ZRH,LEX,"1,432",$636.80,"4,616 mi",4,$0.1380
ARN,FRU,"1,431",$295.36,"2,673 mi",4,$0.1105
NCE,SSA,"1,431",$646.16,"4,702 mi",4,$0.1374
NCE,TIV,"1,431",$315.04,605 mi,4,$0.5207
ZAG,HAN,"1,431",$399.67,"5,013 mi",4,$0.0797
BHX,LUN,"1,431",$634.98,"4,868 mi",4,$0.1304
NAP,MCT,"1,431",$604.20,"2,882 mi",4,$0.2096
VIE,CGO,"1,431",$267.56,"4,649 mi",4,$0.0576
AMS,MDZ,"1,430",$739.75,"7,577 mi",4,$0.0976
MAD,MSN,"1,430",$972.00,"4,340 mi",4,$0.2240
WAW,MUX,"1,429",$368.66,"3,040 mi",4,$0.1213
DUB,MHT,"1,429",$344.48,"3,066 mi",4,$0.1124
MRS,CTG,"1,429",$552.29,"5,418 mi",4,$0.1019
MXP,NNG,"1,429",$468.41,"5,381 mi",4,$0.0870
NAP,COO,"1,429",$328.84,"2,421 mi",4,$0.1358
GLA,INV,"1,428",$268.97,119 mi,4,$2.2603
MXP,UME,"1,428",$113.23,"1,372 mi",4,$0.0825
CDG,SMR,"1,428",$796.15,"5,193 mi",4,$0.1533
LHR,NPL,"1,428","$1,021.97","11,191 mi",4,$0.0913
ORY,HOR,"1,428",$176.55,"1,641 mi",4,$0.1076
WAW,AHB,"1,428",$355.86,"2,701 mi",4,$0.1318
BRU,GSO,"1,427",$820.88,"4,237 mi",4,$0.1937
VCE,SAL,"1,427",$703.96,"5,912 mi",4,$0.1191
BRU,SHE,"1,426",$213.34,"5,217 mi",4,$0.0409
VKO,GNY,"1,426",$89.07,"1,218 mi",4,$0.0731
AMS,TRI,"1,425",$799.47,"4,295 mi",4,$0.1861
FCO,MGQ,"1,425",$599.69,"3,326 mi",4,$0.1803
WAW,ABV,"1,425",$550.17,"2,988 mi",4,$0.1841
PMI,JED,"1,424",$635.39,"2,542 mi",4,$0.2500
BGY,HAS,"1,423",$220.96,"2,088 mi",4,$0.1058
BHX,TUN,"1,423",$505.44,"1,187 mi",4,$0.4258
GOT,KAO,"1,423",$225.39,817 mi,4,$0.2759
OSL,BJL,"1,423",$328.12,"3,635 mi",4,$0.0903
LCY,BKK,"1,423",$558.55,"6,107 mi",4,$0.0915
LIS,GCM,"1,423",$736.76,"4,318 mi",4,$0.1706
VKO,NJF,"1,423",$122.47,"1,717 mi",4,$0.0713
AGP,BUS,"1,422",$300.45,"2,390 mi",4,$0.1257
MAD,KHH,"1,422",$882.05,"6,580 mi",4,$0.1341
PMI,AGH,"1,422",$152.36,"1,282 mi",4,$0.1188
ZRH,OKA,"1,422",$677.46,"6,281 mi",4,$0.1079
LHR,TIF,"1,422",$341.53,"2,924 mi",4,$0.1168
MAN,NQZ,"1,422",$426.75,"2,895 mi",4,$0.1474
OTP,MBA,"1,422",$420.64,"3,564 mi",4,$0.1180
DBV,CHQ,"1,421",$208.27,596 mi,4,$0.3494
LIS,OKC,"1,421",$877.11,"4,816 mi",4,$0.1821
VIE,SOU,"1,421",$326.19,801 mi,4,$0.4072
BGY,GYD,"1,420",$153.63,"2,107 mi",4,$0.0729
AMS,ITM,"1,420","$1,707.44","5,897 mi",4,$0.2895
BGY,GIZ,"1,419",$157.89,"2,825 mi",4,$0.0559
BRU,PUY,"1,419",$96.22,620 mi,4,$0.1552
CDG,JYV,"1,419",$223.91,"1,315 mi",4,$0.1703
MAN,LCG,"1,419",$340.25,726 mi,4,$0.4687
ZRH,IAS,"1,419",$232.32,864 mi,4,$0.2689
VCE,RBA,"1,418",$795.72,"1,319 mi",4,$0.6033
FCO,ASW,"1,418",$146.21,"1,758 mi",4,$0.0832
MXP,PNS,"1,418",$782.65,"4,860 mi",4,$0.1610
VIE,KBL,"1,418",$566.93,"2,910 mi",4,$0.1948
BHX,CEB,"1,417",$503.90,"6,837 mi",4,$0.0737
NCE,CEB,"1,417",$677.19,"7,213 mi",4,$0.0939
ATH,HUY,"1,417",$524.41,"1,626 mi",4,$0.3225
GVA,KAO,"1,417",$279.97,"1,561 mi",4,$0.1794
MXP,PNQ,"1,417",$535.99,"3,995 mi",4,$0.1342
WAW,SAT,"1,417",$740.60,"5,885 mi",4,$0.1258
BRU,MLX,"1,416",$172.99,"1,895 mi",4,$0.0913
DUB,TAS,"1,416",$906.93,"3,566 mi",4,$0.2543
LED,LAD,"1,416","$1,012.22","4,691 mi",4,$0.2158
BRU,NOS,"1,416",$646.10,"5,005 mi",4,$0.1291
CPH,OMA,"1,416",$674.71,"4,683 mi",4,$0.1441
VCE,FAT,"1,416",$534.58,"6,196 mi",4,$0.0863
ZRH,XNA,"1,416",$761.34,"5,098 mi",4,$0.1493
BCN,DIY,"1,415",$292.31,"2,088 mi",4,$0.1400
EDI,EVE,"1,415",$332.87,"1,102 mi",4,$0.3021
GLA,TIA,"1,415",$230.45,"1,518 mi",4,$0.1518
BRU,NDJ,"1,415",$316.12,"2,826 mi",4,$0.1119
NAP,RIC,"1,415",$890.50,"4,808 mi",4,$0.1852
ZRH,UTH,"1,415",$533.76,"5,366 mi",4,$0.0995
SOF,PHL,"1,414",$442.37,"4,947 mi",4,$0.0894
VCE,NSI,"1,414",$445.10,"2,800 mi",4,$0.1590
WAW,CAG,"1,414",$252.97,"1,090 mi",4,$0.2321
DUB,WUH,"1,414",$327.47,"5,786 mi",4,$0.0566
MAD,LDB,"1,414",$722.22,"5,525 mi",4,$0.1307
MAD,MLX,"1,414",$226.82,"2,272 mi",4,$0.0998
PMI,GWT,"1,414",$269.10,"1,126 mi",4,$0.2390
SOF,PIT,"1,414",$651.00,"4,828 mi",4,$0.1348
ATH,FMO,"1,413",$195.89,"1,218 mi",4,$0.1608
CPH,DLC,"1,413",$365.85,"4,547 mi",4,$0.0805
EDI,TUL,"1,413",$957.61,"4,155 mi",4,$0.2305
GLA,KHI,"1,413",$527.73,"3,980 mi",4,$0.1326
GLA,STL,"1,413",$556.51,"4,035 mi",4,$0.1379
LYS,MDE,"1,413",$494.25,"5,292 mi",4,$0.0934
PRG,BSZ,"1,413",$256.32,"2,906 mi",4,$0.0882
WAW,MME,"1,413",$278.51,906 mi,4,$0.3074
ZRH,DCA,"1,413","$1,074.12","4,257 mi",4,$0.2523
ZRH,KRN,"1,413",$212.41,"1,422 mi",4,$0.1494
OSL,KSC,"1,412",$65.08,866 mi,4,$0.0752
BRU,SAV,"1,412",$917.86,"4,489 mi",4,$0.2045
EDI,LED,"1,412",$200.03,"1,288 mi",4,$0.1553
GOT,PUJ,"1,412",$428.37,"4,652 mi",4,$0.0921
MXP,CXR,"1,412",$658.41,"5,939 mi",4,$0.1109
BUD,EVE,"1,411",$205.31,"1,413 mi",4,$0.1453
DUB,IKA,"1,411",$284.57,"3,087 mi",4,$0.0922
MRS,FOR,"1,411",$556.43,"4,118 mi",4,$0.1351
OSL,KHI,"1,411",$306.48,"3,693 mi",4,$0.0830
CDG,EIS,"1,411",$877.54,"4,359 mi",4,$0.2013
FCO,GND,"1,411",$589.00,"4,993 mi",4,$0.1180
ARN,YWG,"1,410",$407.83,"3,924 mi",4,$0.1039
LGW,MFM,"1,410",$285.76,"5,804 mi",4,$0.0492
VCE,RVN,"1,410",$316.12,"1,583 mi",4,$0.1997
EDI,WLG,"1,409","$1,241.95","11,766 mi",4,$0.1056
GVA,YHZ,"1,409",$484.47,"3,354 mi",4,$0.1444
OSL,HNL,"1,409",$505.68,"6,567 mi",4,$0.0770
BUD,CUR,"1,408",$819.59,"5,351 mi",4,$0.1532
CDG,TUU,"1,408",$685.78,"2,363 mi",4,$0.2902
HEL,KLR,"1,408",$109.62,389 mi,4,$0.2818
ZAG,PHL,"1,408",$638.49,"4,516 mi",4,$0.1414
BUD,SCQ,"1,407",$396.74,"1,417 mi",4,$0.2800
DUB,FOR,"1,407",$486.78,"4,502 mi",4,$0.1081
DUB,MIR,"1,407",$294.53,"1,428 mi",4,$0.2063
MAD,YTZ,"1,407",$310.59,"3,868 mi",4,$0.0803
FCO,LIL,"1,407",$129.09,724 mi,4,$0.1783
GVA,GSP,"1,407",$877.15,"4,326 mi",4,$0.2028
AGP,BDU,"1,406",$282.51,"2,329 mi",4,$0.1213
CPH,NKT,"1,406",$249.02,"1,914 mi",4,$0.1301
NAP,LGA,"1,406",$357.88,"4,521 mi",4,$0.0792
WAW,XMN,"1,406",$586.74,"5,028 mi",4,$0.1167
ARN,FUK,"1,406",$752.45,"5,093 mi",4,$0.1477
EDI,ECN,"1,406",$252.35,"2,313 mi",4,$0.1091
SOF,RZE,"1,406",$408.25,533 mi,4,$0.7659
LHR,TIJ,"1,405",$765.51,"5,640 mi",4,$0.1357
ZAG,DAR,"1,405",$280.39,"3,789 mi",4,$0.0740
EDI,SKP,"1,405",$165.18,"1,431 mi",4,$0.1154
LHR,PQQ,"1,405",$905.76,"10,186 mi",4,$0.0889
SOF,COV,"1,405",$88.67,759 mi,4,$0.1168
ORY,COV,"1,404",$155.69,"1,884 mi",4,$0.0826
HEL,LUN,"1,403",$499.86,"5,073 mi",4,$0.0985
MXP,ICT,"1,403","$1,561.00","5,237 mi",4,$0.2981
SOF,BUS,"1,403",$160.50,905 mi,4,$0.1773
VIE,ROR,"1,403",$960.62,"7,288 mi",4,$0.1318
ATH,PBM,"1,402",$584.54,"5,557 mi",4,$0.1052
CDG,JUB,"1,402",$464.77,"3,387 mi",4,$0.1372
VKO,AJI,"1,402",$36.15,"1,098 mi",4,$0.0329
SVO,OPO,"1,401",$509.02,"2,353 mi",4,$0.2163
CPH,GOI,"1,401",$353.86,"4,357 mi",4,$0.0812
LGW,YTZ,"1,401",$138.53,"3,666 mi",4,$0.0378
MAN,HNL,"1,401",$665.51,"6,863 mi",4,$0.0970
ZAG,FAO,"1,401",$321.47,"1,336 mi",4,$0.2406
NTE,SGN,"1,400",$568.41,"6,307 mi",4,$0.0901
MXP,GIZ,"1,399",$273.45,"2,863 mi",4,$0.0955
ARN,UIO,"1,399",$677.30,"6,637 mi",4,$0.1020
MRS,FIH,"1,399",$889.04,"3,466 mi",4,$0.2565
NAP,KHI,"1,399",$210.32,"3,110 mi",4,$0.0676
VIE,KTI,"1,399",$409.09,"5,727 mi",4,$0.0714
VIE,NAS,"1,399","$1,029.60","5,280 mi",4,$0.1950
EDI,LIT,"1,398",$507.77,"4,104 mi",4,$0.1237
WAW,FOR,"1,398",$610.09,"5,338 mi",4,$0.1143
LED,ZAG,"1,398",$470.48,"1,167 mi",4,$0.4032
VIE,IVL,"1,398",$228.15,"1,508 mi",4,$0.1513
AGP,KKN,"1,397",$243.71,"2,537 mi",4,$0.0961
GOT,CAN,"1,397",$269.67,"5,410 mi",4,$0.0498
ATH,FRU,"1,396",$310.03,"2,717 mi",4,$0.1141
CDG,PUY,"1,396",$144.83,624 mi,4,$0.2321
GLA,CLE,"1,396",$653.53,"3,369 mi",4,$0.1940
OSL,DIY,"1,396",$218.43,"1,935 mi",4,$0.1129
BRU,OSD,"1,396",$89.63,954 mi,4,$0.0940
FCO,HBA,"1,396","$1,368.15","10,482 mi",4,$0.1305
FCO,ZUH,"1,396",$493.40,"5,584 mi",4,$0.0884
SOF,USM,"1,396",$492.36,"4,943 mi",4,$0.0996
ATH,YFC,"1,395",$336.75,"4,296 mi",4,$0.0784
BOD,SXM,"1,395",$881.78,"4,123 mi",4,$0.2139
MRS,GUA,"1,395",$639.64,"5,636 mi",4,$0.1135
BUD,BDL,"1,395",$368.30,"4,130 mi",4,$0.0892
LIS,YQR,"1,395",$324.85,"4,570 mi",4,$0.0711
MRS,LBA,"1,395",$237.94,761 mi,4,$0.3127
SOF,ZNZ,"1,395",$426.29,"3,417 mi",4,$0.1248
SOF,BNA,"1,394",$922.30,"5,601 mi",4,$0.1647
MAN,POS,"1,394",$523.61,"4,505 mi",4,$0.1162
ZRH,PSP,"1,394","$1,134.45","5,695 mi",4,$0.1992
AMS,YXX,"1,393",$578.54,"4,923 mi",4,$0.1175
GVA,NIM,"1,393",$237.64,"2,207 mi",4,$0.1077
PMI,GYN,"1,393",$616.87,"4,970 mi",4,$0.1241
ATH,ECP,"1,393","$1,039.92","5,721 mi",4,$0.1818
CDG,AQJ,"1,393",$276.68,"2,100 mi",4,$0.1318
CPH,SKD,"1,393",$601.01,"2,593 mi",4,$0.2318
MAN,LPI,"1,393",$385.90,747 mi,4,$0.5166
VIE,JIB,"1,392",$413.25,"2,866 mi",4,$0.1442
FCO,YCD,"1,391",$713.41,"5,448 mi",4,$0.1309
MXP,TZX,"1,391",$237.48,"1,632 mi",4,$0.1455
ATH,DLC,"1,390",$779.94,"5,139 mi",4,$0.1518
MXP,YQB,"1,390",$535.93,"3,545 mi",4,$0.1512
CPH,HTY,"1,389",$254.94,"1,679 mi",4,$0.1518
FCO,BGA,"1,389",$444.81,"5,485 mi",4,$0.0811
HEL,LBA,"1,389",$305.58,"1,052 mi",4,$0.2905
OTP,LLA,"1,389",$314.09,"1,501 mi",4,$0.2093
BOD,COO,"1,389",$518.91,"2,745 mi",4,$0.1890
DME,HGH,"1,389",$332.22,"4,371 mi",4,$0.0760
FCO,YQQ,"1,389",$302.19,"5,769 mi",4,$0.0524
HEL,CVG,"1,389",$998.90,"4,375 mi",4,$0.2283
NTE,EWR,"1,388",$705.89,"3,402 mi",4,$0.2075
SVO,MED,"1,388",$201.08,"2,109 mi",4,$0.0953
VCE,FUK,"1,388","$1,263.28","5,915 mi",4,$0.2136
ARN,ANU,"1,388",$765.36,"4,988 mi",4,$0.1534
ATH,CHA,"1,388","$1,050.88","5,828 mi",4,$0.1803
BHX,SLC,"1,388",$640.80,"4,624 mi",4,$0.1386
AGP,SKD,"1,387",$329.58,"3,894 mi",4,$0.0846
CDG,TRC,"1,387",$832.52,"5,737 mi",4,$0.1451
LIS,SSG,"1,387",$658.56,"2,587 mi",4,$0.2546
ZAG,MRU,"1,387",$667.24,"5,421 mi",4,$0.1231
DUB,GIB,"1,387",$405.09,"1,158 mi",4,$0.3498
OSL,MME,"1,386",$326.97,590 mi,4,$0.5542
AGP,CKY,"1,386",$189.14,"2,016 mi",4,$0.0938
DBV,CPT,"1,386","$1,143.42","5,128 mi",4,$0.2230
ORY,CGB,"1,386",$579.01,"5,534 mi",4,$0.1046
LIS,NQZ,"1,385",$457.32,"3,947 mi",4,$0.1159
ZRH,PNA,"1,385",$286.39,611 mi,4,$0.4687
ARN,PNH,"1,384",$379.86,"5,261 mi",4,$0.0722
DUB,MBJ,"1,384",$509.57,"4,313 mi",4,$0.1181
DUB,PSP,"1,384","$1,036.21","4,959 mi",4,$0.2090
AMS,OGU,"1,384",$93.95,"1,691 mi",4,$0.0556
CDG,VCL,"1,384",$395.65,"6,305 mi",4,$0.0628
FCO,BSZ,"1,384",$208.76,"3,193 mi",4,$0.0654
PRG,SAV,"1,384",$813.92,"4,919 mi",4,$0.1655
NCL,CLT,"1,383","$1,559.56","3,982 mi",4,$0.3917
BUD,CWL,"1,383",$197.27,"1,016 mi",4,$0.1942
NCL,TPA,"1,383",$390.70,"4,433 mi",4,$0.0881
PRG,DLA,"1,383",$457.02,"3,292 mi",4,$0.1388
BCN,ANC,"1,382",$682.00,"5,029 mi",4,$0.1356
WAW,DAD,"1,382",$456.15,"5,074 mi",4,$0.0899
DME,PZU,"1,381",$364.88,"2,411 mi",4,$0.1513
OTP,BSR,"1,381",$532.75,"1,473 mi",4,$0.3617
NCE,SAT,"1,381",$802.60,"5,375 mi",4,$0.1493
BCN,HFE,"1,380",$492.29,"5,719 mi",4,$0.0861
BHX,TIA,"1,380",$130.80,"1,298 mi",4,$0.1008
DUB,GBE,"1,380",$318.19,"5,550 mi",4,$0.0573
DUB,PEW,"1,380",$426.70,"4,013 mi",4,$0.1063
PMI,SBZ,"1,380",$182.21,"1,198 mi",4,$0.1521
NAP,ELQ,"1,380",$226.25,"2,018 mi",4,$0.1121
ZAG,AMM,"1,380",$259.76,"1,396 mi",4,$0.1861
BRU,CGO,"1,379",$311.45,"5,300 mi",4,$0.0588
CDG,YCD,"1,379",$449.96,"4,802 mi",4,$0.0937
GVA,GRX,"1,379",$316.45,829 mi,4,$0.3817
ZAG,CLJ,"1,379",$177.13,360 mi,4,$0.4920
WAW,MTY,"1,379","$1,194.29","6,167 mi",4,$0.1937
WAW,SVX,"1,379",$166.50,"1,655 mi",4,$0.1006
LIS,PMW,"1,378",$639.84,"4,353 mi",4,$0.1470
GOT,EZE,"1,378",$735.13,"7,812 mi",4,$0.0941
GVA,GDL,"1,378",$635.27,"5,886 mi",4,$0.1079
LED,KBL,"1,378",$562.99,"2,538 mi",4,$0.2218
FCO,SHJ,"1,377",$232.36,"2,623 mi",4,$0.0886
PRG,NWI,"1,377",$217.46,568 mi,4,$0.3829
BCN,SBZ,"1,377",$173.09,"1,107 mi",4,$0.1564
MAN,BIQ,"1,377",$276.23,663 mi,4,$0.4166
ORY,SEA,"1,377",$395.80,"4,863 mi",4,$0.0814
LIS,AUA,"1,376",$896.44,"3,994 mi",4,$0.2244
ARN,TFU,"1,375",$368.92,"4,447 mi",4,$0.0830
CDG,LFT,"1,375",$921.84,"5,012 mi",4,$0.1839
DBV,STR,"1,375",$178.24,590 mi,4,$0.3021
PMI,HKT,"1,375",$517.00,"6,340 mi",4,$0.0815
ARN,OGU,"1,375",$194.46,"1,601 mi",4,$0.1215
LCY,BLQ,"1,375",$343.88,728 mi,4,$0.4724
MXP,TUU,"1,375",$495.35,"1,988 mi",4,$0.2492
ARN,SAT,"1,374",$944.22,"5,140 mi",4,$0.1837
GVA,NAT,"1,374",$703.56,"4,534 mi",4,$0.1552
LED,MLA,"1,374",$565.01,"1,852 mi",4,$0.3051
ZRH,CEI,"1,374",$540.05,"5,114 mi",4,$0.1056
MAN,BES,"1,373",$354.86,363 mi,4,$0.9776
LYS,BNA,"1,372",$789.01,"4,431 mi",4,$0.1781
AMS,BKI,"1,372",$482.65,"6,567 mi",4,$0.0735
ARN,JIB,"1,371",$235.59,"3,675 mi",4,$0.0641
GVA,FUK,"1,371",$836.41,"6,101 mi",4,$0.1371
LHR,TRG,"1,371","$1,504.80","11,125 mi",4,$0.1353
ZAG,NQZ,"1,371",$320.31,"2,432 mi",4,$0.1317
AMS,VFA,"1,371",$565.88,"5,177 mi",4,$0.1093
CDG,SAB,"1,371",$453.66,"4,086 mi",4,$0.1110
LGW,MHD,"1,371",$300.71,"2,975 mi",4,$0.1011
LED,DIY,"1,370",$137.88,"1,623 mi",4,$0.0850
VIE,BUS,"1,370",$274.33,"1,337 mi",4,$0.2052
BCN,PVD,"1,370",$699.77,"3,788 mi",4,$0.1847
BUD,EBL,"1,370",$151.75,"1,523 mi",4,$0.0996
GVA,PUS,"1,370",$495.63,"5,958 mi",4,$0.0832
PRG,LPI,"1,370",$305.33,593 mi,4,$0.5149
DUB,GZP,"1,369",$511.58,"2,255 mi",4,$0.2269
ZRH,LUN,"1,369",$908.31,"4,645 mi",4,$0.1955
SOF,SCL,"1,369","$1,158.74","7,687 mi",4,$0.1507
CDG,KLR,"1,368",$161.53,755 mi,4,$0.2139
OSL,ANU,"1,368",$357.25,"4,747 mi",4,$0.0753
AMS,ROA,"1,367",$542.29,"4,154 mi",4,$0.1305
DUB,SXM,"1,367",$727.86,"3,988 mi",4,$0.1825
MAN,BKI,"1,367",$603.17,"7,220 mi",4,$0.0835
OSL,COV,"1,367",$246.50,"1,866 mi",4,$0.1321
OSL,TNG,"1,366",$133.66,"1,796 mi",4,$0.0744
PRG,FOR,"1,366",$611.91,"5,005 mi",4,$0.1223
LGW,SYX,"1,366",$478.52,"5,860 mi",4,$0.0817
LHR,IXD,"1,366",$375.90,"4,671 mi",4,$0.0805
NCE,CKY,"1,366","$1,041.96","2,587 mi",4,$0.4028
SOF,JMK,"1,366",$193.29,389 mi,4,$0.4969
LHR,PUY,"1,365",$281.38,777 mi,4,$0.3621
MAD,KWE,"1,365",$425.48,"6,187 mi",4,$0.0688
AGP,PBM,"1,365",$514.52,"3,969 mi",4,$0.1296
DME,HAS,"1,365",$188.33,"1,884 mi",4,$0.1000
HEL,IND,"1,365",$976.62,"4,650 mi",4,$0.2100
AMS,BJX,"1,364",$625.10,"5,555 mi",4,$0.1125
CDG,MGF,"1,364",$608.70,"5,846 mi",4,$0.1041
ATH,COK,"1,363",$327.50,"3,649 mi",4,$0.0898
VIE,DLA,"1,363",$440.38,"3,166 mi",4,$0.1391
MAD,MJI,"1,363",$456.90,"1,101 mi",4,$0.4150
NAP,MBA,"1,362",$314.36,"3,385 mi",4,$0.0929
STN,MSR,"1,362",$211.11,"2,106 mi",4,$0.1002
BGY,BAH,"1,361",$189.15,"2,691 mi",4,$0.0703
GVA,NOS,"1,361",$711.83,"5,023 mi",4,$0.1417
LGW,BUF,"1,361",$292.56,"3,669 mi",4,$0.0797
EDI,SSH,"1,361",$222.60,"2,599 mi",4,$0.0856
OSL,CMH,"1,361",$469.04,"3,881 mi",4,$0.1209
SNN,JAX,"1,361","$1,065.90","3,989 mi",4,$0.2672
MAD,BZV,"1,360",$883.25,"3,412 mi",4,$0.2589
ZRH,LUZ,"1,360",$98.74,707 mi,4,$0.1397
GVA,TSR,"1,360",$202.28,752 mi,4,$0.2690
EDI,YQB,"1,359",$434.44,"2,791 mi",4,$0.1557
GVA,DAM,"1,359",$367.74,"1,880 mi",4,$0.1956
AMS,UPG,"1,359",$666.46,"7,755 mi",4,$0.0859
GLA,SKT,"1,359",$486.97,"4,093 mi",4,$0.1190
LYS,GZT,"1,359",$202.17,"1,825 mi",4,$0.1108
NAP,YYC,"1,359",$437.85,"5,520 mi",4,$0.0793
SVO,ELQ,"1,359",$113.02,"2,012 mi",4,$0.0562
ZRH,LPB,"1,359",$725.63,"6,265 mi",4,$0.1158
LCY,SFO,"1,358","$1,250.00","5,206 mi",4,$0.2401
MXP,BJX,"1,358",$730.53,"5,914 mi",4,$0.1235
MXP,MOL,"1,358",$310.72,"1,220 mi",4,$0.2547
NTE,GIG,"1,358",$847.93,"5,320 mi",4,$0.1594
CPH,DCA,"1,358",$353.16,"4,175 mi",4,$0.0846
LGW,MBJ,"1,358",$249.07,"4,843 mi",4,$0.0514
LHR,ARM,"1,358",$833.82,"10,719 mi",4,$0.0778
VIE,FAE,"1,358",$324.60,"1,374 mi",4,$0.2362
ZAG,SEZ,"1,357",$406.53,"4,115 mi",4,$0.0988
AGP,KLR,"1,357",$237.80,"1,633 mi",4,$0.1456
EDI,SRQ,"1,357",$897.99,"4,133 mi",4,$0.2173
GVA,TER,"1,357",$93.87,"1,701 mi",4,$0.0552
DUB,DVO,"1,356",$609.80,"7,183 mi",4,$0.0849
GLA,SLC,"1,356",$951.96,"4,398 mi",4,$0.2165
OSL,ECN,"1,356",$213.60,"2,057 mi",4,$0.1038
BRU,LNZ,"1,355",$186.12,458 mi,4,$0.4064
LCY,AAL,"1,355",$271.90,534 mi,4,$0.5092
LIS,TYS,"1,355",$843.56,"3,880 mi",4,$0.2174
MXP,SXM,"1,355","$1,099.42","4,330 mi",4,$0.2539
AMS,POR,"1,355",$304.67,870 mi,4,$0.3502
BCN,COS,"1,355",$646.94,"5,083 mi",4,$0.1273
DUB,TLH,"1,355",$609.47,"4,211 mi",4,$0.1447
GVA,ORN,"1,355",$147.15,788 mi,4,$0.1867
OTP,POS,"1,355",$726.64,"5,414 mi",4,$0.1342
OTP,SJU,"1,355",$655.38,"5,269 mi",4,$0.1244
ZRH,HAU,"1,355",$309.36,807 mi,4,$0.3833
DUB,AVL,"1,354",$944.06,"3,878 mi",4,$0.2434
FCO,BON,"1,353",$772.84,"5,021 mi",4,$0.1539
GLA,SSH,"1,353",$208.12,"2,793 mi",4,$0.0745
GOT,ASM,"1,353",$412.21,"3,139 mi",4,$0.1313
VCE,ONT,"1,353",$437.23,"5,930 mi",4,$0.0737
MAD,REL,"1,353",$496.59,"7,150 mi",4,$0.0695
MRS,GRZ,"1,353",$196.09,537 mi,4,$0.3652
MXP,GRB,"1,353",$619.45,"4,541 mi",4,$0.1364
OTP,FIH,"1,353",$404.04,"3,343 mi",4,$0.1209
BUD,PTY,"1,352",$668.27,"6,341 mi",4,$0.1054
GVA,CSX,"1,352",$339.24,"5,741 mi",4,$0.0591
DUB,INN,"1,352",$194.43,908 mi,4,$0.2141
ATH,BSB,"1,351",$934.64,"5,771 mi",4,$0.1620
CPH,CGO,"1,351",$390.04,"4,827 mi",4,$0.0808
CPH,SAI,"1,351",$587.78,"5,353 mi",4,$0.1098
MAD,DGO,"1,351",$588.05,"5,517 mi",4,$0.1066
OSL,JKH,"1,351",$328.43,"1,597 mi",4,$0.2057
FCO,MDT,"1,350",$432.93,"4,282 mi",4,$0.1011
CPH,LUN,"1,350",$445.34,"4,838 mi",4,$0.0921
DBV,TLV,"1,350",$369.09,"1,200 mi",4,$0.3076
MXP,MGF,"1,349",$637.58,"6,287 mi",4,$0.1014
VCE,OUL,"1,349",$264.36,"1,473 mi",4,$0.1795
LIS,COR,"1,348",$508.07,"5,817 mi",4,$0.0873
VCE,KGS,"1,348",$126.74,"1,001 mi",4,$0.1266
OSL,STL,"1,348",$514.72,"4,428 mi",4,$0.1162
WAW,JER,"1,348",$338.17,999 mi,4,$0.3385
ZRH,YXJ,"1,348",$318.05,"4,839 mi",4,$0.0657
BRU,ERH,"1,347",$132.59,"1,428 mi",4,$0.0929
MAN,OVD,"1,347",$304.86,677 mi,4,$0.4503
VIE,PNA,"1,347",$329.68,925 mi,4,$0.3564
LHR,OUA,"1,346",$767.79,"2,623 mi",4,$0.2927
PRG,QYG,"1,346",$111.18,283 mi,4,$0.3929
BRU,INV,"1,346",$289.52,590 mi,4,$0.4907
SVO,LBD,"1,346",$157.00,"1,873 mi",4,$0.0838
VIE,TDX,"1,346",$627.50,"5,556 mi",4,$0.1129
LHR,HPN,"1,345",$562.68,"3,524 mi",4,$0.1597
LHR,SPC,"1,345",$387.46,"1,760 mi",4,$0.2201
BCN,LBV,"1,345",$800.38,"2,773 mi",4,$0.2886
MAD,BUS,"1,345",$326.06,"2,257 mi",4,$0.1445
OTP,BUS,"1,345",$210.32,783 mi,4,$0.2686
VIE,PSA,"1,345",$298.05,439 mi,4,$0.6789
LIS,USM,"1,344",$680.52,"7,014 mi",4,$0.0970
ZRH,BJL,"1,344",$367.72,"2,686 mi",4,$0.1369
NCE,FOR,"1,344",$926.42,"4,204 mi",4,$0.2204
ORY,EAS,"1,344",$335.29,434 mi,4,$0.7726
WAW,SKT,"1,344",$567.72,"2,872 mi",4,$0.1977
DBV,AKL,"1,343","$1,452.48","11,471 mi",4,$0.1266
GOT,JTR,"1,343",$160.21,"1,637 mi",4,$0.0979
MAN,CAG,"1,343",$228.53,"1,078 mi",4,$0.2120
NTE,IAH,"1,343",$850.73,"4,748 mi",4,$0.1792
WAW,MCI,"1,343",$797.19,"4,884 mi",4,$0.1632
LIS,DJE,"1,343",$178.40,"1,121 mi",4,$0.1591
PRG,GOA,"1,342",$187.72,454 mi,4,$0.4135
WAW,YHZ,"1,342",$528.01,"3,565 mi",4,$0.1481
HEL,COK,"1,342",$357.95,"4,469 mi",4,$0.0801
LHR,TBZ,"1,342",$325.92,"2,345 mi",4,$0.1390
VIE,DNZ,"1,342",$163.18,943 mi,4,$0.1730
ZRH,BPS,"1,342",$649.02,"5,147 mi",4,$0.1261
ATH,ASB,"1,342",$321.99,"1,920 mi",4,$0.1677
ZAG,XER,"1,342",$124.33,425 mi,4,$0.2925
CDG,THE,"1,341",$486.89,"4,483 mi",4,$0.1086
FCO,GCM,"1,341","$1,007.02","5,351 mi",4,$0.1882
HEL,QYG,"1,341",$370.47,605 mi,4,$0.6123
MXP,LXA,"1,341",$421.20,"4,314 mi",4,$0.0976
PMI,RJL,"1,341",$233.90,322 mi,4,$0.7264
VIE,CUZ,"1,341",$631.99,"7,049 mi",4,$0.0897
LGW,PHC,"1,340",$211.86,"3,118 mi",4,$0.0679
WAW,JAX,"1,340",$783.49,"5,226 mi",4,$0.1499
BHX,ASR,"1,339",$289.67,"1,943 mi",4,$0.1491
DUB,GOA,"1,339",$207.21,895 mi,4,$0.2315
LYS,SJJ,"1,339",$134.52,642 mi,4,$0.2095
BCN,MAO,"1,339",$667.70,"4,798 mi",4,$0.1392
BRU,PLZ,"1,338",$644.02,"5,824 mi",4,$0.1106
VKO,YVR,"1,338","$1,103.67","4,956 mi",4,$0.2227
PMI,CCS,"1,338",$412.01,"4,816 mi",4,$0.0856
ZRH,HDS,"1,337",$648.46,"5,309 mi",4,$0.1221
AMS,GCM,"1,336",$869.60,"5,160 mi",4,$0.1685
CDG,SCV,"1,336",$230.43,"1,125 mi",4,$0.2048
LED,CTA,"1,336",$493.36,"1,633 mi",4,$0.3021
LIS,LEI,"1,336",$291.91,380 mi,4,$0.7682
MAD,HSV,"1,336",$771.63,"4,533 mi",4,$0.1702
MAN,BEN,"1,336",$212.16,"1,900 mi",4,$0.1117
CPH,TSR,"1,336",$186.17,799 mi,4,$0.2330
SVO,KBV,"1,336",$233.97,"4,533 mi",4,$0.0516
VCE,CUR,"1,336",$488.37,"5,357 mi",4,$0.0912
FCO,JNX,"1,335",$265.64,749 mi,4,$0.3547
NCE,NSI,"1,334",$578.18,"2,689 mi",4,$0.2150
OTP,KSC,"1,334",$282.47,354 mi,4,$0.7979
DUB,CNS,"1,333",$932.22,"9,212 mi",4,$0.1012
GOT,BHD,"1,333",$301.30,705 mi,4,$0.4274
WAW,SMF,"1,333",$478.41,"5,940 mi",4,$0.0805
DBV,BRE,"1,333",$225.97,871 mi,4,$0.2594
NTE,YYC,"1,333",$383.76,"4,418 mi",4,$0.0869
AGP,KTT,"1,332",$354.33,"2,354 mi",4,$0.1505
ATH,UIO,"1,332",$722.78,"6,685 mi",4,$0.1081
CDG,SDL,"1,332",$205.92,"1,060 mi",4,$0.1943
PMI,HGH,"1,332",$305.50,"6,360 mi",4,$0.0480
GOT,KAJ,"1,332",$205.26,666 mi,4,$0.3082
LYS,PDX,"1,332",$792.77,"5,530 mi",4,$0.1434
OTP,QKL,"1,332",$195.62,"1,018 mi",4,$0.1922
BCN,MOL,"1,331",$293.35,"1,452 mi",4,$0.2020
GLA,SVQ,"1,331",$376.25,"1,239 mi",4,$0.3037
HEL,PNH,"1,331",$598.09,"5,335 mi",4,$0.1121
ORY,IKA,"1,331",$119.52,"2,536 mi",4,$0.0471
OSL,CVG,"1,331",$598.31,"4,232 mi",4,$0.1414
ZAG,CMN,"1,331",$397.31,"1,469 mi",4,$0.2705
BCN,KGL,"1,331",$734.40,"3,365 mi",4,$0.2182
CDG,NAN,"1,331","$1,293.50","10,566 mi",4,$0.1224
GOT,EVN,"1,331",$217.81,"1,921 mi",4,$0.1134
FCO,MOL,"1,330",$274.09,"1,417 mi",4,$0.1934
MXP,SAP,"1,330",$674.59,"5,945 mi",4,$0.1135
ATH,MTY,"1,330","$1,210.71","6,937 mi",4,$0.1745
MAN,PTP,"1,330",$531.10,"3,942 mi",4,$0.1347
SOF,JTR,"1,330",$136.57,462 mi,4,$0.2956
ORY,SAL,"1,329",$435.30,"5,420 mi",4,$0.0803
VCE,ADD,"1,329",$374.67,"2,883 mi",4,$0.1300
ZRH,LEI,"1,329",$348.17,893 mi,4,$0.3899
EDI,TUN,"1,329",$328.09,"1,420 mi",4,$0.2310
MRS,ERH,"1,329",$53.26,980 mi,4,$0.0543
WAW,CWB,"1,329",$790.43,"6,619 mi",4,$0.1194
ZRH,DYU,"1,329",$770.47,"3,120 mi",4,$0.2469
DUB,MGQ,"1,328",$350.31,"4,458 mi",4,$0.0786
LHR,CEI,"1,328",$621.09,"5,742 mi",4,$0.1082
PMI,DOH,"1,328",$573.49,"3,065 mi",4,$0.1871
PMI,WNZ,"1,328",$338.70,"6,120 mi",4,$0.0553
WAW,RUN,"1,328",$788.78,"5,624 mi",4,$0.1403
AGP,KUO,"1,328",$287.37,"2,203 mi",4,$0.1304
LHR,KLU,"1,328",$232.69,725 mi,4,$0.3210
CPH,AOI,"1,327",$179.77,805 mi,4,$0.2233
CPH,AUA,"1,327",$645.31,"5,379 mi",4,$0.1200
LED,CEB,"1,327",$368.31,"5,904 mi",4,$0.0624
MAN,CTS,"1,327",$780.03,"5,623 mi",4,$0.1387
CPH,SOU,"1,327",$271.21,641 mi,4,$0.4231
DUB,JAN,"1,327",$979.15,"4,093 mi",4,$0.2392
NCL,AES,"1,327",$366.65,607 mi,4,$0.6040
ZRH,PNS,"1,327",$941.83,"4,800 mi",4,$0.1962
AGP,CTG,"1,326",$505.03,"4,598 mi",4,$0.1098
CPH,RIC,"1,326",$601.47,"4,009 mi",4,$0.1500
MAD,PEM,"1,326",$677.10,"5,733 mi",4,$0.1181
SOF,DMM,"1,326",$379.45,"1,916 mi",4,$0.1980
ARN,SCQ,"1,326",$375.45,"1,555 mi",4,$0.2414
CDG,MLO,"1,326",$461.80,"1,432 mi",4,$0.3225
GVA,SMI,"1,326",$361.70,"1,180 mi",4,$0.3065
VKO,BSZ,"1,326",$251.57,"1,800 mi",4,$0.1398
CDG,TRI,"1,325",$954.03,"4,043 mi",4,$0.2360
VIE,LXR,"1,325",$208.46,"1,833 mi",4,$0.1137
WAW,ELQ,"1,325",$316.12,"2,208 mi",4,$0.1432
ZRH,POS,"1,325",$668.15,"4,601 mi",4,$0.1452
ARN,SMF,"1,325",$474.83,"5,102 mi",4,$0.0931
BCN,VFA,"1,325",$649.32,"4,508 mi",4,$0.1440
NAP,OVD,"1,324",$385.25,"1,085 mi",4,$0.3551
OTP,CFE,"1,324",$331.40,"1,149 mi",4,$0.2884
LHR,SJW,"1,324",$182.64,"5,261 mi",4,$0.0347
SNN,YVR,"1,324",$451.77,"4,284 mi",4,$0.1055
ATH,CUR,"1,323",$738.98,"5,682 mi",4,$0.1301
BGY,BEY,"1,323",$185.92,"1,537 mi",4,$0.1210
BHX,ALG,"1,323",$202.70,"1,082 mi",4,$0.1873
VCE,ECN,"1,323",$98.04,"1,357 mi",4,$0.0722
FCO,ROA,"1,323",$662.89,"4,530 mi",4,$0.1463
NAP,POA,"1,323",$636.91,"6,244 mi",4,$0.1020
ORY,CAP,"1,323",$534.29,"4,372 mi",4,$0.1222
ORY,GYE,"1,323",$447.81,"6,158 mi",4,$0.0727
SOF,FNC,"1,323",$234.18,"2,347 mi",4,$0.0998
LHR,DQA,"1,322",$168.44,"4,775 mi",4,$0.0353
PRG,SDQ,"1,322",$583.37,"4,834 mi",4,$0.1207
SOF,QYG,"1,322",$143.46,886 mi,4,$0.1619
SOF,TRS,"1,322",$136.08,521 mi,4,$0.2612
VCE,CKY,"1,322",$201.75,"2,832 mi",4,$0.0712
LIS,FUK,"1,321",$863.80,"7,010 mi",4,$0.1232
AGP,TKU,"1,321",$266.60,"2,083 mi",4,$0.1280
ATH,RZE,"1,321",$201.65,871 mi,4,$0.2315
DUB,ECP,"1,321","$1,078.36","4,025 mi",4,$0.2679
GLA,GEO,"1,321","$1,073.64","4,625 mi",4,$0.2321
NTE,VIL,"1,321",$132.46,"1,856 mi",4,$0.0714
BGY,SZF,"1,320",$125.94,"1,333 mi",4,$0.0945
DUB,EBL,"1,320",$586.51,"2,583 mi",4,$0.2271
NAP,AUH,"1,320",$495.21,"2,502 mi",4,$0.1979
GOT,KTW,"1,320",$128.27,550 mi,4,$0.2332
NCE,RIC,"1,320",$792.75,"4,387 mi",4,$0.1807
OTP,ASB,"1,320",$234.20,"1,671 mi",4,$0.1402
BUD,KBV,"1,319",$459.84,"5,488 mi",4,$0.0838
EDI,ABJ,"1,319","$1,130.94","3,607 mi",4,$0.3135
GLA,MAN,"1,319",$191.58,188 mi,4,$1.0190
HEL,TGD,"1,319",$303.91,"1,226 mi",4,$0.2479
MAN,VBY,"1,319",$137.07,830 mi,4,$0.1651
WAW,JOE,"1,319",$208.69,768 mi,4,$0.2717
CDG,KWL,"1,319",$392.20,"5,818 mi",4,$0.0674
NTE,ZNZ,"1,318",$386.11,"4,316 mi",4,$0.0895
ARN,PBI,"1,318",$382.95,"4,763 mi",4,$0.0804
MXP,KUO,"1,318",$300.04,"1,455 mi",4,$0.2062
OSL,FLL,"1,318",$469.44,"4,570 mi",4,$0.1027
PMI,AUH,"1,318",$627.99,"3,073 mi",4,$0.2044
BCN,AQP,"1,317",$554.51,"5,966 mi",4,$0.0929
LIS,MJT,"1,317",$309.08,"1,966 mi",4,$0.1572
GOT,PHL,"1,317",$792.33,"3,984 mi",4,$0.1989
MAD,GEG,"1,316","$1,151.28","4,976 mi",4,$0.2314
MXP,RNO,"1,316","$1,278.78","5,919 mi",4,$0.2160
BOD,NBO,"1,316",$665.19,"4,053 mi",4,$0.1641
GVA,ERH,"1,316",$137.70,"1,101 mi",4,$0.1251
LED,WNZ,"1,316",$355.60,"4,727 mi",4,$0.0752
SOF,BAH,"1,316",$571.65,"1,850 mi",4,$0.3090
MRS,DAR,"1,315",$671.57,"3,953 mi",4,$0.1699
MAD,GMP,"1,315",$269.75,"6,011 mi",4,$0.0449
VIE,PBI,"1,315",$862.37,"5,312 mi",4,$0.1623
WAW,BES,"1,314",$386.61,"1,177 mi",4,$0.3285
BOD,SYD,"1,314","$1,410.14","11,092 mi",4,$0.1271
DUB,PUF,"1,314",$266.80,765 mi,4,$0.3488
LED,BGW,"1,314",$796.91,"1,883 mi",4,$0.4232
LGW,DOM,"1,314",$424.27,"4,018 mi",4,$0.1056
CPH,ANU,"1,313",$470.76,"4,780 mi",4,$0.0985
HEL,RNB,"1,313",$115.13,436 mi,4,$0.2641
BRU,VBY,"1,313",$147.88,748 mi,4,$0.1977
GLA,TLL,"1,313",$224.76,"1,067 mi",4,$0.2106
MXP,ZHA,"1,313",$646.24,"5,881 mi",4,$0.1099
NAP,CTG,"1,313",$547.73,"5,565 mi",4,$0.0984
CPH,CWB,"1,312",$833.87,"6,475 mi",4,$0.1288
VCE,YQB,"1,312",$301.60,"3,693 mi",4,$0.0817
SNN,SIN,"1,312","$1,449.00","6,871 mi",4,$0.2109
ATH,FLN,"1,311",$952.78,"6,321 mi",4,$0.1507
BCN,JAN,"1,311",$684.96,"4,744 mi",4,$0.1444
CDG,AGU,"1,311",$514.85,"5,559 mi",4,$0.0926
GVA,RIC,"1,311","$1,018.96","4,010 mi",4,$0.2541
HEL,DLM,"1,311",$222.72,"1,591 mi",4,$0.1400
MXP,KRN,"1,311",$167.14,"1,541 mi",4,$0.1085
VIE,YQB,"1,311",$428.39,"3,987 mi",4,$0.1074
ZRH,WUH,"1,311",$672.28,"5,179 mi",4,$0.1298
BCN,NGB,"1,310",$780.60,"6,371 mi",4,$0.1225
MRS,ORK,"1,310",$360.36,834 mi,4,$0.4321
BCN,QKL,"1,310",$124.17,685 mi,4,$0.1813
CDG,AOI,"1,310",$246.67,616 mi,4,$0.4004
LGW,PRN,"1,310",$149.20,"1,194 mi",4,$0.1250
LED,PTY,"1,310","$1,000.15","6,150 mi",4,$0.1626
ARN,TNR,"1,309",$463.54,"5,840 mi",4,$0.0794
CPH,JKH,"1,309",$260.70,"1,387 mi",4,$0.1880
ZRH,SUB,"1,309",$813.85,"7,475 mi",4,$0.1089
STN,USM,"1,308",$624.42,"6,296 mi",4,$0.0992
LHR,CZX,"1,308",$400.80,"5,801 mi",4,$0.0691
MXP,MMX,"1,308",$157.87,693 mi,4,$0.2278
ZRH,BUS,"1,308",$298.33,"1,714 mi",4,$0.1741
BRU,JOE,"1,307",$229.87,"1,274 mi",4,$0.1804
BUD,HFE,"1,307",$194.51,"4,809 mi",4,$0.0404
CPH,JJU,"1,307",$212.63,"2,030 mi",4,$0.1047
MXP,DYU,"1,307",$281.49,"3,138 mi",4,$0.0897
BRU,LYR,"1,307",$227.89,"1,852 mi",4,$0.1231
GVA,YEG,"1,307",$508.35,"4,558 mi",4,$0.1115
MAD,GRB,"1,307",$880.45,"4,239 mi",4,$0.2077
LGW,BUS,"1,306",$267.05,"2,128 mi",4,$0.1255
VCE,TGD,"1,306",$234.38,418 mi,4,$0.5607
BCN,VPS,"1,306",$609.27,"4,944 mi",4,$0.1232
VCE,ICT,"1,306","$1,005.12","5,383 mi",4,$0.1867
HEL,XER,"1,305",$137.78,"1,091 mi",4,$0.1263
LIS,KGL,"1,305",$476.31,"3,648 mi",4,$0.1306
OTP,JAX,"1,305",$675.74,"5,714 mi",4,$0.1183
BUD,TIV,"1,304",$174.13,339 mi,4,$0.5137
OSL,VGO,"1,304",$428.34,"1,539 mi",4,$0.2783
OTP,XMN,"1,304",$588.69,"5,296 mi",4,$0.1112
MXP,LIT,"1,304",$772.92,"4,869 mi",4,$0.1587
NTE,PTY,"1,304",$577.30,"5,342 mi",4,$0.1081
BRU,KMG,"1,303",$289.99,"5,394 mi",4,$0.0538
AGP,LAD,"1,303","$1,700.05","3,450 mi",4,$0.4928
CPH,HRE,"1,302",$469.84,"5,039 mi",4,$0.0932
CPH,SSA,"1,302",$685.30,"5,741 mi",4,$0.1194
MAN,PUJ,"1,302","$1,093.43","4,088 mi",4,$0.2675
STN,NRT,"1,302",$884.81,"6,098 mi",4,$0.1451
VIE,AEP,"1,302",$512.51,"7,561 mi",4,$0.0678
AMS,LDY,"1,302",$251.69,507 mi,4,$0.4964
CDG,KCH,"1,302",$656.16,"7,146 mi",4,$0.0918
DME,CGP,"1,301",$284.16,"3,672 mi",4,$0.0774
MAN,HRB,"1,301",$269.52,"4,807 mi",4,$0.0561
VIE,ROC,"1,301",$976.08,"4,141 mi",4,$0.2357
HEL,HNL,"1,300",$600.88,"6,997 mi",4,$0.0859
MXP,SDR,"1,300",$318.44,617 mi,4,$0.5161
OSL,LPL,"1,300",$108.88,686 mi,4,$0.1587
VIE,KHH,"1,299",$361.64,"5,496 mi",4,$0.0658
GVA,PRI,"1,298",$841.16,"4,481 mi",4,$0.1877
NCE,CAG,"1,298",$348.92,330 mi,4,$1.0573
BOD,DLA,"1,298",$519.86,"2,978 mi",4,$0.1746
FCO,SDU,"1,298",$572.03,"5,871 mi",4,$0.0974
ZAG,ORF,"1,298",$801.58,"4,692 mi",4,$0.1708
ZRH,ERC,"1,298",$262.18,"1,676 mi",4,$0.1564
AGP,SUF,"1,297",$253.52,"1,106 mi",4,$0.2292
CDG,SVD,"1,297",$465.64,"4,221 mi",4,$0.1103
GVA,BWI,"1,297",$578.22,"3,915 mi",4,$0.1477
SOF,OLB,"1,297",$231.38,703 mi,4,$0.3291
BGY,OGU,"1,296",$116.76,"1,499 mi",4,$0.0779
MAD,INC,"1,296",$344.93,"5,564 mi",4,$0.0620
LHR,QYG,"1,296",$147.52,570 mi,4,$0.2588
MXP,TSN,"1,296",$555.20,"5,257 mi",4,$0.1056
BOD,PTY,"1,295",$638.96,"5,380 mi",4,$0.1188
CDG,MOL,"1,295",$229.16,937 mi,4,$0.2446
NCL,MCT,"1,295",$622.20,"3,827 mi",4,$0.1626
VIE,EAS,"1,295",$370.19,914 mi,4,$0.4050
BCN,TLH,"1,294",$702.39,"4,559 mi",4,$0.1541
LGW,YNT,"1,294",$484.69,"5,185 mi",4,$0.0935
VCE,DUR,"1,294",$426.59,"5,482 mi",4,$0.0778
ZAG,MSY,"1,294",$538.53,"5,305 mi",4,$0.1015
LIS,HRE,"1,294",$757.32,"4,562 mi",4,$0.1660
MAD,HRE,"1,294",$720.61,"4,748 mi",4,$0.1518
PMI,ACH,"1,294",$134.30,626 mi,4,$0.2145
PRG,HBE,"1,294",$158.60,"1,501 mi",4,$0.1057
SVO,CNX,"1,294",$215.98,"3,935 mi",4,$0.0549
LHR,ASB,"1,293",$605.49,"2,858 mi",4,$0.2119
OTP,MUX,"1,293",$232.05,"2,559 mi",4,$0.0907
LED,HYD,"1,292",$837.96,"3,900 mi",4,$0.2149
MRS,BVE,"1,292",$101.55,213 mi,4,$0.4768
NAP,SDF,"1,292",$966.84,"4,858 mi",4,$0.1990
DBV,FAO,"1,292",$303.75,"1,481 mi",4,$0.2051
AGP,ALG,"1,291",$275.50,440 mi,4,$0.6261
BRU,PBM,"1,291",$998.87,"4,490 mi",4,$0.2225
DUB,INV,"1,291",$247.52,306 mi,4,$0.8089
FCO,GOI,"1,291",$442.56,"3,937 mi",4,$0.1124
MAD,GCM,"1,291","$1,052.69","4,875 mi",4,$0.2159
PRG,CUR,"1,291",$496.84,"5,117 mi",4,$0.0971
LGW,YQB,"1,290",$271.55,"3,208 mi",4,$0.0846
MXP,LPQ,"1,290",$526.67,"5,243 mi",4,$0.1005
BUD,PBI,"1,290",$542.91,"5,448 mi",4,$0.0997
NAP,HAN,"1,290",$485.95,"5,507 mi",4,$0.0882
ORY,FNA,"1,290",$228.79,"2,828 mi",4,$0.0809
ZRH,ISU,"1,290",$285.84,"1,987 mi",4,$0.1439
BUD,CXR,"1,289",$272.09,"5,776 mi",4,$0.0471
PRG,TUS,"1,289",$767.14,"5,668 mi",4,$0.1353
ARN,DCA,"1,289",$335.38,"3,989 mi",4,$0.0841
LYS,PIT,"1,288",$734.38,"3,984 mi",4,$0.1843
NAP,YHZ,"1,288",$391.35,"3,907 mi",4,$0.1002
SVO,BKI,"1,288",$251.03,"5,277 mi",4,$0.0476
ATH,LFW,"1,288",$644.37,"2,694 mi",4,$0.2392
CDG,YIW,"1,288",$652.87,"5,624 mi",4,$0.1161
NCE,SBH,"1,288","$1,762.33","4,516 mi",4,$0.3902
CDG,CUZ,"1,287",$701.69,"6,055 mi",4,$0.1159
CPH,SDN,"1,287",$167.17,473 mi,4,$0.3534
HEL,FUK,"1,287",$921.20,"4,575 mi",4,$0.2014
FCO,NNG,"1,286",$895.27,"5,317 mi",4,$0.1684
BUD,MKE,"1,286",$465.11,"4,921 mi",4,$0.0945
GOT,KOK,"1,286",$204.55,538 mi,4,$0.3802
FCO,ORN,"1,285",$176.96,837 mi,4,$0.2114
NCE,INN,"1,285",$387.44,329 mi,4,$1.1776
NCE,CUR,"1,285",$762.92,"5,100 mi",4,$0.1496
ARN,CSX,"1,284",$412.91,"4,590 mi",4,$0.0900
ARN,MLX,"1,284",$209.46,"1,763 mi",4,$0.1188
BRU,DYU,"1,284",$754.47,"3,069 mi",4,$0.2458
DBV,VNO,"1,284",$184.60,866 mi,4,$0.2132
LIS,NGO,"1,284","$1,048.56","6,696 mi",4,$0.1566
CPH,YYJ,"1,284",$502.40,"4,655 mi",4,$0.1079
DUB,SBN,"1,284",$512.68,"3,507 mi",4,$0.1462
FCO,LFT,"1,284",$858.97,"5,349 mi",4,$0.1606
VKO,DSS,"1,284",$289.79,"3,896 mi",4,$0.0744
ATH,BGI,"1,283",$759.02,"5,471 mi",4,$0.1387
LIS,INC,"1,283",$68.37,"5,529 mi",4,$0.0124
LIS,NAV,"1,283",$266.91,"2,399 mi",4,$0.1113
ORY,JER,"1,283",$242.54,216 mi,4,$1.1229
AMS,YIW,"1,282",$202.77,"5,748 mi",4,$0.0353
GVA,SAT,"1,282","$1,126.52","5,565 mi",4,$0.2024
MAD,JJD,"1,282",$540.92,"3,906 mi",4,$0.1385
VCE,JRO,"1,282",$502.59,"3,817 mi",4,$0.1317
VKO,HOF,"1,282",$267.59,"2,118 mi",4,$0.1263
WAW,INV,"1,282",$533.54,"1,087 mi",4,$0.4908
BCN,GMP,"1,281",$270.58,"6,147 mi",4,$0.0440
SVO,BSR,"1,281",$743.89,"1,881 mi",4,$0.3955
ZRH,SHA,"1,281","$1,181.30","5,759 mi",4,$0.2051
MAD,COS,"1,281",$796.27,"5,194 mi",4,$0.1533
NCL,BOG,"1,281",$692.22,"5,419 mi",4,$0.1277
ZRH,TDX,"1,281",$530.01,"5,596 mi",4,$0.0947
HEL,DSS,"1,280",$383.15,"3,903 mi",4,$0.0982
LYS,SZG,"1,280",$215.09,389 mi,4,$0.5529
MXP,KKN,"1,280",$205.26,"1,872 mi",4,$0.1096
VIE,VLL,"1,280",$107.18,"1,099 mi",4,$0.0975
BRU,TAO,"1,280",$301.95,"5,414 mi",4,$0.0558
BRU,YYT,"1,280",$606.49,"2,449 mi",4,$0.2476
STN,TRV,"1,280",$269.33,"5,035 mi",4,$0.0535
AMS,VTE,"1,279",$355.19,"5,393 mi",4,$0.0659
OSL,SHJ,"1,279",$204.59,"3,288 mi",4,$0.0622
ARN,CGO,"1,279",$265.10,"4,256 mi",4,$0.0623
EDI,MSN,"1,279",$805.34,"3,583 mi",4,$0.2248
LYS,RZE,"1,279",$225.86,863 mi,4,$0.2617
VKO,CKY,"1,279",$924.12,"4,070 mi",4,$0.2271
DUB,UIO,"1,278",$774.88,"5,660 mi",4,$0.1369
LGW,BLZ,"1,278",$488.71,"4,929 mi",4,$0.0991
VIE,GNY,"1,278",$190.48,"1,303 mi",4,$0.1462
LYS,SSA,"1,277",$551.18,"5,015 mi",3,$0.1099
MXP,BZG,"1,277",$139.83,682 mi,3,$0.2050
AMS,FIH,"1,277",$867.82,"3,848 mi",3,$0.2255
OSL,GZT,"1,277",$226.39,"1,921 mi",3,$0.1179
LCY,GYN,"1,276",$586.41,"5,729 mi",3,$0.1024
FCO,DAL,"1,276",$368.89,"5,763 mi",3,$0.0640
HEL,PTY,"1,276",$652.84,"6,341 mi",3,$0.1030
SOF,PDX,"1,276","$1,059.32","6,169 mi",3,$0.1717
NCE,CRK,"1,275",$443.84,"6,796 mi",3,$0.0653
CPH,ERZ,"1,275",$173.63,"1,740 mi",3,$0.0998
DUB,PTP,"1,275",$384.03,"4,025 mi",3,$0.0954
FCO,RAI,"1,275",$475.11,"2,906 mi",3,$0.1635
GOT,CLJ,"1,274",$241.26,918 mi,3,$0.2628
LGW,GMP,"1,274",$182.11,"5,353 mi",3,$0.0340
LHR,SZZ,"1,274",$212.54,681 mi,3,$0.3121
SNN,SYD,"1,274",$802.73,"10,487 mi",3,$0.0765
STN,MCT,"1,274",$390.65,"3,492 mi",3,$0.1119
ZRH,EAS,"1,274",$311.06,593 mi,3,$0.5246
ARN,RNS,"1,274",$234.68,"1,090 mi",3,$0.2153
BUD,BGW,"1,274",$180.85,"1,677 mi",3,$0.1078
CDG,BHK,"1,274",$807.28,"3,127 mi",3,$0.2582
LIS,TRS,"1,274",$247.13,"1,211 mi",3,$0.2041
SVO,SKG,"1,274",$580.58,"1,290 mi",3,$0.4501
VCE,EAS,"1,274",$253.13,733 mi,3,$0.3453
ZRH,VAN,"1,274",$139.98,"1,902 mi",3,$0.0736
ARN,MJT,"1,273",$158.15,"1,429 mi",3,$0.1107
NTE,BRI,"1,273",$332.42,"1,028 mi",3,$0.3234
ARN,SYZ,"1,273",$255.05,"2,711 mi",3,$0.0941
FCO,QRO,"1,273",$473.97,"6,533 mi",3,$0.0726
ORY,NVT,"1,273",$445.91,"5,915 mi",3,$0.0754
OSL,PTP,"1,273",$390.13,"4,512 mi",3,$0.0865
NCE,FIH,"1,272","$1,674.18","3,258 mi",3,$0.5139
NTE,SLC,"1,272",$703.37,"4,863 mi",3,$0.1446
ZRH,SMR,"1,272",$582.37,"5,158 mi",3,$0.1129
AMS,MID,"1,271",$752.62,"5,422 mi",3,$0.1388
BOD,NSI,"1,271",$366.44,"3,024 mi",3,$0.1212
BRU,ERZ,"1,271",$339.20,"1,965 mi",3,$0.1726
BUD,VRN,"1,271",$274.55,435 mi,3,$0.6311
OTP,YHZ,"1,271",$503.67,"4,027 mi",3,$0.1251
CDG,LDB,"1,270",$872.73,"5,809 mi",3,$0.1502
DBV,BNA,"1,270",$767.11,"5,394 mi",3,$0.1422
VIE,HRE,"1,270",$616.76,"4,510 mi",3,$0.1368
BRU,SFT,"1,270",$128.54,"1,087 mi",3,$0.1183
NCL,BEG,"1,270",$304.50,"1,234 mi",3,$0.2468
OTP,SZX,"1,270",$738.72,"5,178 mi",3,$0.1427
VKO,FRU,"1,270",$312.90,"1,800 mi",3,$0.1738
ZRH,YQQ,"1,270",$291.05,"5,326 mi",3,$0.0546
LHR,PNA,"1,269",$367.63,586 mi,3,$0.6274
NAP,BJL,"1,269",$135.34,"2,584 mi",3,$0.0524
CPH,FRU,"1,269",$221.69,"2,727 mi",3,$0.0813
GOT,AUS,"1,269",$691.53,"5,301 mi",3,$0.1305
LYS,BVC,"1,269",$270.59,"2,526 mi",3,$0.1071
NCL,SLC,"1,269",$973.73,"4,514 mi",3,$0.2157
AGP,MSY,"1,268",$570.76,"4,947 mi",3,$0.1154
VKO,TOF,"1,268",$156.67,"1,762 mi",3,$0.0889
AMS,BLZ,"1,268",$434.52,"4,882 mi",3,$0.0890
DME,SAW,"1,268",$144.77,"1,044 mi",3,$0.1387
MXP,SYX,"1,267",$668.22,"5,642 mi",3,$0.1184
VCE,TNR,"1,267",$547.51,"4,810 mi",3,$0.1138
AGP,KZN,"1,267",$788.40,"2,881 mi",3,$0.2737
ATH,QSF,"1,267",$76.86,"1,063 mi",3,$0.0723
CDG,SVJ,"1,267",$260.71,"1,351 mi",3,$0.1930
OSL,MEH,"1,267",$351.84,855 mi,3,$0.4115
SOF,MSY,"1,267",$695.96,"5,710 mi",3,$0.1219
BGY,KBL,"1,266",$362.75,"3,066 mi",3,$0.1183
BRU,BZV,"1,266",$665.28,"3,980 mi",3,$0.1672
DME,HBE,"1,266",$142.37,"1,687 mi",3,$0.0844
MAN,SDF,"1,266",$720.40,"3,799 mi",3,$0.1896
AGP,AEP,"1,266",$470.09,"6,200 mi",3,$0.0758
MXP,BHM,"1,266",$796.21,"4,702 mi",3,$0.1693
LIS,ROC,"1,265",$530.03,"3,383 mi",3,$0.1567
NCE,SMF,"1,265",$607.22,"5,733 mi",3,$0.1059
NCE,PRN,"1,265",$200.82,679 mi,3,$0.2958
AMS,OSR,"1,264",$131.75,589 mi,3,$0.2237
BRU,DAY,"1,264",$657.72,"4,228 mi",3,$0.1556
MAD,CUE,"1,264",$537.79,"5,756 mi",3,$0.0934
BCN,ATW,"1,264",$587.42,"4,478 mi",3,$0.1312
BRU,BGI,"1,264",$938.01,"4,260 mi",3,$0.2202
BUD,VAR,"1,264",$151.18,522 mi,3,$0.2896
CPH,VFA,"1,264",$318.19,"4,996 mi",3,$0.0637
OSL,AEY,"1,264",$306.25,952 mi,3,$0.3217
OTP,FMO,"1,264",$430.19,960 mi,3,$0.4481
MXP,HAK,"1,263",$476.43,"5,609 mi",3,$0.0849
ARN,PBM,"1,263",$745.43,"5,148 mi",3,$0.1448
GVA,NGO,"1,263",$592.04,"6,230 mi",3,$0.0950
LCY,KRK,"1,262",$266.59,839 mi,3,$0.3177
LYS,OZZ,"1,262",$130.55,"1,172 mi",3,$0.1114
WAW,TAY,"1,262",$169.82,494 mi,3,$0.3438
ARN,BAH,"1,261",$457.92,"2,698 mi",3,$0.1697
MAD,BTV,"1,261",$801.97,"3,550 mi",3,$0.2259
MXP,KWE,"1,261",$321.01,"5,452 mi",3,$0.0589
WAW,DYU,"1,261",$350.63,"2,527 mi",3,$0.1388
MRS,HBE,"1,261",$154.64,"1,544 mi",3,$0.1002
MXP,VBY,"1,261",$200.48,898 mi,3,$0.2233
NTE,HAN,"1,261",$582.29,"6,096 mi",3,$0.0955
OTP,ELQ,"1,261",$236.44,"1,552 mi",3,$0.1523
WAW,NKG,"1,261",$591.31,"4,974 mi",3,$0.1189
LHR,YGJ,"1,260","$1,525.03","5,980 mi",3,$0.2550
ORY,ASR,"1,260",$161.47,"1,720 mi",3,$0.0939
STN,CGK,"1,260",$877.80,"7,466 mi",3,$0.1176
NAP,MPL,"1,259",$355.65,577 mi,3,$0.6164
WAW,LYP,"1,259",$425.53,"2,870 mi",3,$0.1483
GOT,RZE,"1,258",$152.22,674 mi,3,$0.2258
BCN,NVT,"1,258",$751.84,"5,891 mi",3,$0.1276
LIS,PNS,"1,258",$700.04,"4,471 mi",3,$0.1566
AMS,WVB,"1,257","$1,010.17","5,393 mi",3,$0.1873
FCO,DAD,"1,257",$503.19,"5,956 mi",3,$0.0845
MAD,DAY,"1,257",$754.54,"3,971 mi",3,$0.1900
AGP,TIV,"1,257",$271.93,"1,333 mi",3,$0.2040
BRU,SYX,"1,257",$275.79,"5,687 mi",3,$0.0485
GOT,BOO,"1,257",$194.38,687 mi,3,$0.2829
LIS,SCQ,"1,257",$281.28,296 mi,3,$0.9503
LIS,UME,"1,257",$221.53,"2,043 mi",3,$0.1084
NCL,SVQ,"1,257",$353.47,"1,196 mi",3,$0.2955
NTE,MCO,"1,257",$686.90,"4,474 mi",3,$0.1535
EDI,HSV,"1,256",$548.73,"4,156 mi",3,$0.1320
LED,GZT,"1,256",$128.02,"1,563 mi",3,$0.0819
LHR,VCP,"1,256",$542.16,"6,047 mi",3,$0.0897
ARN,WDH,"1,256",$421.68,"5,505 mi",3,$0.0766
MAN,AUA,"1,256",$710.49,"4,751 mi",3,$0.1495
BCN,SPX,"1,255",$523.53,"1,834 mi",3,$0.2855
CDG,RMF,"1,255",$212.39,"2,290 mi",3,$0.0927
LHR,YTZ,"1,255",$151.83,"3,645 mi",3,$0.0417
PRG,SCO,"1,255",$162.43,"1,822 mi",3,$0.0891
VCE,MYR,"1,255",$510.59,"4,524 mi",3,$0.1129
VKO,HKG,"1,255",$527.61,"4,309 mi",3,$0.1224
BRU,SMR,"1,255","$1,807.99","4,979 mi",3,$0.3631
DBV,DOH,"1,255",$344.34,"2,165 mi",3,$0.1590
PRG,SSA,"1,255",$514.80,"5,549 mi",3,$0.0928
WAW,LUN,"1,255",$357.89,"4,826 mi",3,$0.0742
CPH,POS,"1,254",$585.05,"4,842 mi",3,$0.1208
DME,KRW,"1,254",$125.43,"1,228 mi",3,$0.1021
OSL,ALA,"1,254",$392.82,"2,989 mi",3,$0.1314
NCL,SPU,"1,253",$330.14,"1,095 mi",3,$0.3015
STN,PEW,"1,253",$487.55,"3,540 mi",3,$0.1377
VCE,HSV,"1,253",$635.26,"5,103 mi",3,$0.1245
CPH,PBM,"1,252",$859.14,"5,203 mi",3,$0.1651
BUD,BZG,"1,251",$86.06,383 mi,3,$0.2247
CPH,GEG,"1,251",$856.52,"4,601 mi",3,$0.1862
WAW,SSH,"1,251",$247.28,"1,863 mi",3,$0.1327
BCN,ROA,"1,251",$475.84,"4,351 mi",3,$0.1094
BRU,ROC,"1,251",$836.87,"3,815 mi",3,$0.2194
BUD,INV,"1,251",$288.01,"1,158 mi",3,$0.2487
CPH,GRR,"1,251",$568.14,"4,257 mi",3,$0.1335
GVA,KBL,"1,251",$939.82,"3,225 mi",3,$0.2914
LGW,VFA,"1,251",$370.28,"4,886 mi",3,$0.0758
MAD,PPT,"1,251","$2,702.76","9,575 mi",3,$0.2823
NAP,ITT,"1,251",$69.74,428 mi,3,$0.1629
BGY,BKK,"1,250",$156.83,"5,763 mi",3,$0.0272
BCN,BSZ,"1,250",$203.78,"3,480 mi",3,$0.0586
BOD,USM,"1,249",$425.39,"6,085 mi",3,$0.0699
MXP,TKU,"1,249",$121.12,"1,202 mi",3,$0.1008
MAN,RIC,"1,249",$457.05,"3,727 mi",3,$0.1226
SNN,SJU,"1,249",$944.24,"3,961 mi",3,$0.2384
ZRH,SGF,"1,249",$539.07,"4,721 mi",3,$0.1142
DME,ELQ,"1,248",$141.79,"1,972 mi",3,$0.0719
DME,OUA,"1,248",$567.15,"3,539 mi",3,$0.1603
NTE,BRS,"1,248",$263.26,305 mi,3,$0.8631
SVO,LIM,"1,248","$1,138.97","8,081 mi",3,$0.1409
CPH,CTG,"1,248",$544.05,"5,719 mi",3,$0.0951
NAP,MVD,"1,248",$625.65,"6,668 mi",3,$0.0938
FCO,SCO,"1,247",$179.68,"2,015 mi",3,$0.0892
GVA,VAA,"1,247",$231.61,"1,350 mi",3,$0.1716
LIS,SNA,"1,247",$980.96,"5,837 mi",3,$0.1681
NAP,GRR,"1,247",$702.17,"4,943 mi",3,$0.1421
FCO,MFR,"1,246",$653.61,"5,804 mi",3,$0.1126
OTP,SVX,"1,246",$350.86,"1,762 mi",3,$0.1991
CDG,GUM,"1,246",$908.27,"7,316 mi",3,$0.1241
MAN,NAG,"1,246",$263.58,"4,847 mi",3,$0.0544
GLA,BOG,"1,245",$875.75,"5,325 mi",3,$0.1645
LED,DAR,"1,245",$739.92,"4,494 mi",3,$0.1646
LHR,KAJ,"1,245",$236.81,"1,301 mi",3,$0.1820
MAD,MUB,"1,245",$820.46,"4,388 mi",3,$0.1870
DUB,TKU,"1,245",$122.09,"1,204 mi",3,$0.1014
VIE,NSI,"1,245",$605.59,"3,173 mi",3,$0.1909
ZRH,FAE,"1,245",$216.68,"1,218 mi",3,$0.1779
BCN,BDA,"1,245",$737.62,"3,542 mi",3,$0.2082
BCN,HOR,"1,245",$143.16,"1,684 mi",3,$0.0850
BUD,KUO,"1,245",$302.50,"1,091 mi",3,$0.2773
GLA,CGN,"1,245",$264.03,570 mi,3,$0.4632
BRU,RGN,"1,244",$709.02,"5,549 mi",3,$0.1278
OSL,PBM,"1,244",$506.32,"5,242 mi",3,$0.0966
VCE,DAY,"1,244",$596.54,"4,468 mi",3,$0.1335
ZRH,PUF,"1,244",$283.46,502 mi,3,$0.5647
LHR,YYG,"1,243",$523.19,"2,864 mi",3,$0.1827
VKO,LHE,"1,243",$308.81,"2,517 mi",3,$0.1227
ZRH,GCM,"1,243","$1,213.15","5,083 mi",3,$0.2387
PMI,AKL,"1,243","$1,553.57","12,330 mi",3,$0.1260
GLA,CTA,"1,242",$368.40,"1,607 mi",3,$0.2292
OTP,TAO,"1,242",$609.97,"4,550 mi",3,$0.1341
HEL,YEG,"1,242",$667.95,"4,387 mi",3,$0.1523
VCE,CCU,"1,242",$542.44,"4,324 mi",3,$0.1254
DUB,PSC,"1,241",$565.37,"4,636 mi",3,$0.1220
MXP,RSI,"1,241",$765.65,"2,151 mi",3,$0.3560
PMI,PUY,"1,241",$158.62,700 mi,3,$0.2266
DUB,POS,"1,241",$530.39,"4,095 mi",3,$0.1295
MXP,CID,"1,241",$954.14,"4,522 mi",3,$0.2110
AMS,BDQ,"1,240",$342.26,"3,984 mi",3,$0.0859
BUD,SOU,"1,240",$252.87,929 mi,3,$0.2722
MAD,LUN,"1,240",$769.72,"4,501 mi",3,$0.1710
OTP,INV,"1,240",$472.02,"1,613 mi",3,$0.2926
VCE,AES,"1,240",$292.09,"1,168 mi",3,$0.2501
BOD,TPA,"1,239",$638.92,"4,638 mi",3,$0.1378
NCE,MVD,"1,239","$1,012.09","6,925 mi",3,$0.1462
VIE,DSM,"1,239",$783.99,"5,074 mi",3,$0.1545
BRU,XNB,"1,239",$243.13,"3,110 mi",3,$0.0782
BCN,GEO,"1,238",$700.79,"4,528 mi",3,$0.1548
BHX,IND,"1,238",$703.48,"3,790 mi",3,$0.1856
BRU,RZV,"1,238",$284.27,"1,791 mi",3,$0.1587
GVA,KYA,"1,238",$155.41,"1,506 mi",3,$0.1032
LYS,GRX,"1,238",$342.47,768 mi,3,$0.4459
NAP,NAV,"1,238",$174.87,"1,114 mi",3,$0.1570
ZRH,DAY,"1,238",$668.36,"4,512 mi",3,$0.1481
DBV,STL,"1,238",$966.46,"5,102 mi",3,$0.1894
SOF,EBL,"1,238",$208.58,"1,145 mi",3,$0.1822
SVO,ORD,"1,238",$640.57,"4,805 mi",3,$0.1333
OSL,BEL,"1,237","$1,627.36","5,137 mi",3,$0.3168
ZRH,ILM,"1,237","$1,643.69","4,242 mi",3,$0.3875
AMS,CJB,"1,236",$449.43,"5,016 mi",3,$0.0896
GVA,CBR,"1,236","$1,834.75","10,073 mi",3,$0.1821
LHR,AGU,"1,236",$576.98,"5,706 mi",3,$0.1011
GLA,NQY,"1,236",$138.63,387 mi,3,$0.3582
VCE,HRG,"1,236",$288.71,"1,781 mi",3,$0.1621
BUD,RUN,"1,235",$691.37,"5,387 mi",3,$0.1283
VCE,SNA,"1,235",$553.74,"6,327 mi",3,$0.0875
BHX,BRI,"1,235",$224.10,"1,133 mi",3,$0.1978
DUB,SAL,"1,235",$410.41,"5,024 mi",3,$0.0817
ATH,FPO,"1,234",$964.38,"5,568 mi",3,$0.1732
CDG,SMI,"1,234",$246.16,"1,486 mi",3,$0.1657
MAN,ENU,"1,234",$316.87,"3,187 mi",3,$0.0994
PRG,ROC,"1,234",$632.92,"3,983 mi",3,$0.1589
ATH,PUF,"1,234",$290.13,"1,366 mi",3,$0.2124
ZRH,MCZ,"1,234",$641.07,"4,924 mi",3,$0.1302
BOD,TPE,"1,233",$838.41,"6,190 mi",3,$0.1354
DBV,GDN,"1,233",$165.46,792 mi,3,$0.2089
DUB,RUN,"1,233",$558.71,"6,498 mi",3,$0.0860
LED,IAH,"1,233",$951.66,"5,344 mi",3,$0.1781
BGY,OVB,"1,233",$464.86,"3,223 mi",3,$0.1442
SOF,BOG,"1,233",$529.11,"6,188 mi",3,$0.0855
WAW,YQB,"1,233",$543.09,"3,757 mi",3,$0.1446
AMS,CBR,"1,232","$1,755.41","10,651 mi",3,$0.1648
FCO,ATW,"1,232",$629.06,"4,594 mi",3,$0.1369
OTP,LHE,"1,232",$499.58,"2,652 mi",3,$0.1884
AGP,XPL,"1,232",$504.05,"5,092 mi",3,$0.0990
BRU,JYV,"1,232",$270.20,"1,087 mi",3,$0.2486
BRU,OZZ,"1,232",$279.41,"1,543 mi",3,$0.1811
CDG,TAE,"1,232",$531.60,"5,534 mi",3,$0.0961
DME,MBA,"1,232",$532.50,"3,985 mi",3,$0.1336
LCY,SVG,"1,232",$381.83,537 mi,3,$0.7110
PMI,RDZ,"1,232",$33.68,326 mi,3,$0.1033
VCE,ILM,"1,232",$676.24,"4,455 mi",3,$0.1518
CDG,IXE,"1,231",$331.36,"4,889 mi",3,$0.0678
EDI,SGF,"1,231",$639.88,"4,263 mi",3,$0.1501
GLA,SNN,"1,231",$172.49,293 mi,3,$0.5887
ZRH,SNA,"1,231","$1,426.15","6,101 mi",3,$0.2338
BUD,JRO,"1,231",$699.33,"3,567 mi",3,$0.1961
MAN,IFN,"1,231",$288.83,"2,900 mi",3,$0.0996
NCE,MBA,"1,231",$366.54,"3,977 mi",3,$0.0922
VCE,NGO,"1,231",$455.48,"6,069 mi",3,$0.0751
VKO,TIA,"1,231",$294.76,"1,297 mi",3,$0.2273
BCN,SNN,"1,230",$684.19,969 mi,3,$0.7061
CPH,ALP,"1,230",$202.90,"1,823 mi",3,$0.1113
EDI,DAR,"1,230",$603.22,"4,821 mi",3,$0.1251
LGW,RMF,"1,230",$154.35,"2,466 mi",3,$0.0626
NCE,YEG,"1,230",$682.70,"4,731 mi",3,$0.1443
WAW,BWI,"1,230",$672.49,"4,566 mi",3,$0.1473
ARN,MTY,"1,229",$752.00,"5,743 mi",3,$0.1309
NAP,FNC,"1,229",$186.40,"1,853 mi",3,$0.1006
VKO,NBO,"1,229",$427.23,"3,814 mi",3,$0.1120
CDG,WUX,"1,229",$435.01,"5,862 mi",3,$0.0742
OSL,CCU,"1,229",$433.42,"4,305 mi",3,$0.1007
BOD,ADB,"1,228",$256.42,"1,546 mi",3,$0.1659
FCO,MSO,"1,228","$1,026.82","5,317 mi",3,$0.1931
LGW,ASM,"1,228",$404.99,"3,384 mi",3,$0.1197
MAD,PWM,"1,228","$1,251.27","3,236 mi",3,$0.3867
NCE,RZE,"1,228",$208.10,802 mi,3,$0.2595
OTP,PIT,"1,228",$596.70,"4,848 mi",3,$0.1231
WAW,ABJ,"1,228",$918.32,"3,432 mi",3,$0.2676
CDG,VDH,"1,227",$617.13,"5,741 mi",3,$0.1075
MAD,REG,"1,227",$142.18,"1,070 mi",3,$0.1329
VIE,PNQ,"1,227",$428.38,"3,888 mi",3,$0.1102
DUB,LPI,"1,226",$260.11,933 mi,3,$0.2788
LYS,ALA,"1,226",$336.94,"3,527 mi",3,$0.0955
MXP,GMP,"1,226",$316.12,"5,356 mi",3,$0.0590
VKO,BUS,"1,226",$199.64,956 mi,3,$0.2088
LED,DAD,"1,226",$471.37,"4,990 mi",3,$0.0945
VIE,FOC,"1,226",$222.78,"5,299 mi",3,$0.0420
CDG,MFR,"1,225",$519.79,"5,467 mi",3,$0.0951
EDI,SKT,"1,225",$301.67,"4,050 mi",3,$0.0745
LHR,AQP,"1,225",$909.56,"6,514 mi",3,$0.1396
ATH,LEI,"1,225",$443.16,"1,485 mi",3,$0.2984
BHX,CUR,"1,224","$1,086.79","4,735 mi",3,$0.2295
DME,CXR,"1,224",$287.97,"4,951 mi",3,$0.0582
DUB,SYY,"1,224",$113.17,321 mi,3,$0.3526
EDI,AMD,"1,224",$328.77,"4,504 mi",3,$0.0730
EDI,LPI,"1,224",$302.30,703 mi,3,$0.4300
GOT,KRS,"1,224",$194.41,163 mi,3,$1.1927
AGP,CMH,"1,224",$687.52,"4,234 mi",3,$0.1624
ATH,XNB,"1,224",$132.11,"1,982 mi",3,$0.0667
DME,KUT,"1,224",$130.06,965 mi,3,$0.1348
MXP,BAQ,"1,224",$586.09,"5,530 mi",3,$0.1060
NCL,TRD,"1,224",$480.44,752 mi,3,$0.6389
SOF,DAC,"1,224",$586.85,"3,856 mi",3,$0.1522
SVO,KUT,"1,223",$141.59,951 mi,3,$0.1489
ZRH,RDM,"1,223","$1,056.91","5,563 mi",3,$0.1900
BOD,AAL,"1,223",$311.12,990 mi,3,$0.3143
GLA,DUR,"1,223","$1,045.17","6,078 mi",3,$0.1720
HEL,STL,"1,223",$927.14,"4,821 mi",3,$0.1923
SOF,STL,"1,223",$501.43,"5,285 mi",3,$0.0949
BUD,VAA,"1,222",$333.86,"1,051 mi",3,$0.3177
CPH,KAO,"1,222",$236.38,930 mi,3,$0.2542
PMI,BNA,"1,222",$916.33,"4,808 mi",3,$0.1906
EDI,GSO,"1,221",$561.89,"3,593 mi",3,$0.1564
BUD,SYR,"1,221",$450.98,"4,468 mi",3,$0.1009
LYS,JMK,"1,221",$387.59,"1,225 mi",3,$0.3164
AMS,SYX,"1,220",$321.39,"5,641 mi",3,$0.0570
PRG,KMG,"1,220",$227.04,"4,994 mi",3,$0.0455
AMS,HOU,"1,220",$972.45,"5,168 mi",3,$0.1882
LED,HAK,"1,220",$146.24,"4,837 mi",3,$0.0302
BOD,PHX,"1,219",$889.00,"5,694 mi",3,$0.1561
GOT,JYV,"1,219",$256.57,582 mi,3,$0.4408
LIS,TIV,"1,219",$326.45,"1,432 mi",3,$0.2280
OSL,COK,"1,219",$357.78,"4,914 mi",3,$0.0728
DME,BLQ,"1,218",$641.01,"1,430 mi",3,$0.4483
FCO,SLP,"1,218",$579.06,"6,104 mi",3,$0.0949
GLA,EZE,"1,218",$985.84,"7,237 mi",3,$0.1362
PRG,ICT,"1,218",$546.65,"4,938 mi",3,$0.1107
PMI,SAL,"1,218",$825.04,"5,896 mi",3,$0.1399
VKO,SYX,"1,218",$99.69,"4,622 mi",3,$0.0216
BOD,RHO,"1,217",$250.19,"1,656 mi",3,$0.1511
DUB,KGL,"1,217",$561.46,"4,232 mi",3,$0.1327
MRS,DLM,"1,217",$143.81,"1,365 mi",3,$0.1054
ARN,CHC,"1,217","$1,187.45","10,567 mi",3,$0.1124
BCN,CLY,"1,217",$486.40,344 mi,3,$1.4140
ZRH,HBE,"1,217",$158.34,"1,551 mi",3,$0.1021
MXP,BSZ,"1,216",$241.44,"3,065 mi",3,$0.0788
NAP,SJO,"1,216",$648.99,"6,018 mi",3,$0.1078
BCN,WLG,"1,216","$1,311.17","11,697 mi",3,$0.1121
CDG,MFE,"1,216",$481.79,"5,489 mi",3,$0.0878
OSL,LCG,"1,216",$398.95,"1,465 mi",3,$0.2723
ZRH,ALF,"1,216",$180.29,"1,682 mi",3,$0.1072
FCO,MJT,"1,215",$181.44,755 mi,3,$0.2403
NAP,HNL,"1,215",$857.79,"7,866 mi",3,$0.1091
ZRH,FOC,"1,215",$482.21,"5,635 mi",3,$0.0856
BRU,GBE,"1,215",$583.86,"5,214 mi",3,$0.1120
FCO,JIB,"1,215",$621.21,"2,885 mi",3,$0.2153
NAP,VAR,"1,215",$233.56,691 mi,3,$0.3380
LCY,LJU,"1,214",$209.58,726 mi,3,$0.2887
VIE,CWL,"1,214",$255.36,942 mi,3,$0.2711
AMS,YQQ,"1,214",$634.84,"4,941 mi",3,$0.1285
MRS,OVD,"1,214",$358.42,580 mi,3,$0.6180
DBV,RUH,"1,213",$607.35,"1,959 mi",3,$0.3100
HEL,SDL,"1,213",$79.83,282 mi,3,$0.2831
VCE,GSO,"1,213",$699.72,"4,737 mi",3,$0.1477
ATH,SOU,"1,213",$394.11,"1,480 mi",3,$0.2663
BUD,MUX,"1,213",$489.33,"3,074 mi",3,$0.1592
AGP,CVG,"1,212",$772.43,"4,351 mi",3,$0.1775
ATH,WLG,"1,212","$1,232.84","10,550 mi",3,$0.1169
FCO,SBN,"1,212",$674.71,"4,900 mi",3,$0.1377
HEL,NWI,"1,212",$285.66,"1,007 mi",3,$0.2837
AGP,FOR,"1,212",$608.39,"3,658 mi",3,$0.1663
AGP,OMR,"1,212",$448.99,"1,571 mi",3,$0.2858
ATH,EUG,"1,212",$828.07,"6,215 mi",3,$0.1332
ATH,JAN,"1,212",$883.98,"5,811 mi",3,$0.1521
PRG,XIY,"1,212",$371.87,"4,760 mi",3,$0.0781
CDG,YKA,"1,212",$419.00,"4,912 mi",3,$0.0853
PMI,SVO,"1,212",$736.89,"1,996 mi",3,$0.3692
PRG,RNS,"1,212",$267.76,758 mi,3,$0.3532
LGW,ERH,"1,211",$214.52,"1,304 mi",3,$0.1645
MXP,ERH,"1,211",$146.23,"1,142 mi",3,$0.1280
CPH,OSR,"1,211",$141.98,455 mi,3,$0.3120
SNN,DCA,"1,211",$567.56,"3,384 mi",3,$0.1677
ATH,RUN,"1,210",$861.40,"4,415 mi",3,$0.1951
BRU,PNR,"1,210",$801.45,"3,991 mi",3,$0.2008
STN,BWI,"1,210",$202.74,"3,753 mi",3,$0.0540
WAW,OSR,"1,210",$65.48,205 mi,3,$0.3194
DME,LFW,"1,210",$554.08,"4,073 mi",3,$0.1360
LHR,BOJ,"1,210",$316.02,"1,486 mi",3,$0.2127
AMS,NKC,"1,209",$597.93,"2,525 mi",3,$0.2368
FCO,NKC,"1,209",$251.02,"2,250 mi",3,$0.1116
LED,URC,"1,209",$351.34,"2,653 mi",3,$0.1324
MAD,MXL,"1,209",$859.68,"5,594 mi",3,$0.1537
BHX,PTY,"1,209",$576.57,"5,046 mi",3,$0.1143
LGW,GZP,"1,209",$146.41,"1,839 mi",3,$0.0796
BRU,DLC,"1,208",$253.49,"5,311 mi",3,$0.0477
EDI,HNL,"1,208",$735.20,"7,100 mi",3,$0.1035
FCO,HAU,"1,208",$153.66,"1,286 mi",3,$0.1195
MAD,MYR,"1,208",$919.04,"4,175 mi",3,$0.2201
FCO,MFM,"1,208",$237.59,"5,587 mi",3,$0.0425
FCO,MSQ,"1,208",$710.57,"1,072 mi",3,$0.6628
SVO,UBN,"1,208",$964.34,"2,803 mi",3,$0.3440
PRG,DSM,"1,207",$575.92,"4,613 mi",3,$0.1248
VCE,NQZ,"1,207",$325.15,"2,751 mi",3,$0.1182
ZAG,AUS,"1,207",$618.42,"5,925 mi",3,$0.1044
GLA,AES,"1,207",$541.99,574 mi,3,$0.9442
GOT,SJO,"1,207",$403.68,"6,049 mi",3,$0.0667
LYS,AAL,"1,207",$311.36,835 mi,3,$0.3729
WAW,NJF,"1,207",$193.02,"1,879 mi",3,$0.1027
ARN,MVD,"1,206",$746.20,"7,987 mi",3,$0.0934
NTE,KIX,"1,206",$768.15,"6,383 mi",3,$0.1203
AGP,VVI,"1,206",$298.56,"5,514 mi",3,$0.0541
AMS,NDJ,"1,206",$410.05,"2,919 mi",3,$0.1405
ARN,VGO,"1,205",$479.19,"1,696 mi",3,$0.2825
ATH,SZZ,"1,205",$222.22,"1,128 mi",3,$0.1970
CDG,SYO,"1,205","$1,114.23","6,005 mi",3,$0.1856
GLA,ABV,"1,205",$600.21,"3,201 mi",3,$0.1875
HEL,VGO,"1,205",$445.62,"1,824 mi",3,$0.2443
NCE,ABV,"1,205","$1,350.88","2,467 mi",3,$0.5476
OSL,MCI,"1,205",$894.16,"4,262 mi",3,$0.2098
AGP,IGU,"1,205",$556.29,"5,231 mi",3,$0.1063
AGP,KVA,"1,205",$219.81,"1,539 mi",3,$0.1428
BOD,LBA,"1,205",$347.92,607 mi,3,$0.5732
LED,DYR,"1,205",$256.49,"3,778 mi",3,$0.0679
MAD,KZN,"1,205",$144.84,"2,501 mi",3,$0.0579
BCN,YQM,"1,204",$308.18,"3,350 mi",3,$0.0920
DME,ZRH,"1,204","$2,421.39","1,324 mi",3,$1.8288
LCY,GOA,"1,204",$160.56,655 mi,3,$0.2451
VKO,DFW,"1,204","$1,432.42","5,928 mi",3,$0.2416
CPH,GND,"1,204",$471.92,"5,077 mi",3,$0.0930
ZAG,PKX,"1,204",$414.32,"4,622 mi",3,$0.0896
LIS,TSR,"1,203",$242.03,"1,669 mi",3,$0.1450
VIE,PQC,"1,203",$467.37,"5,411 mi",3,$0.0864
GVA,MGQ,"1,203",$514.74,"3,976 mi",3,$0.1295
OSL,TUS,"1,203",$586.82,"5,425 mi",3,$0.1082
BUD,BOO,"1,202",$275.81,"1,422 mi",3,$0.1940
LED,GZP,"1,202",$406.13,"1,675 mi",3,$0.2425
BOD,NRT,"1,202",$756.53,"6,551 mi",3,$0.1155
DUB,ALA,"1,202",$565.51,"3,552 mi",3,$0.1592
MAD,FAR,"1,202","$1,223.56","4,261 mi",3,$0.2872
VCE,KTM,"1,202",$407.46,"3,963 mi",3,$0.1028
WAW,UIO,"1,202",$719.48,"6,420 mi",3,$0.1121
CPH,DLA,"1,201",$340.69,"3,463 mi",3,$0.0984
MAD,CLY,"1,201",$241.62,634 mi,3,$0.3811
MAD,EVE,"1,201",$176.48,"2,013 mi",3,$0.0877
NAP,TRD,"1,201",$202.74,"1,613 mi",3,$0.1257
OTP,WDH,"1,200",$969.91,"4,805 mi",3,$0.2019
SOF,BNE,"1,200",$810.36,"9,167 mi",3,$0.0884
AMS,BWN,"1,200","$1,626.05","6,984 mi",3,$0.2328
GVA,LEI,"1,200",$336.26,805 mi,3,$0.4177
CDG,SWA,"1,199",$328.70,"6,170 mi",3,$0.0533
EDI,BDA,"1,199","$1,618.08","3,408 mi",3,$0.4748
OTP,GZT,"1,199",$92.87,770 mi,3,$0.1206
PRG,DUR,"1,199",$505.08,"5,772 mi",3,$0.0875
ZAG,VAR,"1,199",$260.29,586 mi,3,$0.4442
GVA,TZX,"1,199",$148.26,"1,659 mi",3,$0.0894
LIS,SRQ,"1,199",$664.95,"4,085 mi",3,$0.1628
VKO,IGD,"1,199",$82.87,"1,155 mi",3,$0.0717
LHR,YCU,"1,198",$165.09,"5,008 mi",3,$0.0330
MXP,CCJ,"1,198",$245.86,"4,711 mi",3,$0.0522
BOD,DOH,"1,198",$604.49,"3,091 mi",3,$0.1956
LYS,SXM,"1,198",$793.87,"4,418 mi",3,$0.1797
MXP,NKC,"1,198",$211.42,"2,287 mi",3,$0.0924
DME,AMD,"1,197",$379.14,"2,934 mi",3,$0.1292
LGW,DLA,"1,197",$186.72,"3,406 mi",3,$0.0548
LYS,VTE,"1,197",$498.05,"5,853 mi",3,$0.0851
OTP,SMF,"1,197",$573.67,"6,531 mi",3,$0.0878
LIS,IPN,"1,197",$524.34,"4,703 mi",3,$0.1115
MAN,GEO,"1,197",$804.30,"4,356 mi",3,$0.1846
AGP,PNA,"1,196",$251.86,460 mi,3,$0.5475
OTP,MME,"1,196",$314.48,"1,357 mi",3,$0.2317
SNN,RSW,"1,196",$823.82,"4,196 mi",3,$0.1963
ATH,TZX,"1,195",$131.76,896 mi,3,$0.1471
HEL,YHZ,"1,195",$516.15,"3,666 mi",3,$0.1408
LHR,GET,"1,195",$954.95,"9,074 mi",3,$0.1052
LYS,NDJ,"1,195",$724.04,"2,321 mi",3,$0.3120
MAN,PUF,"1,195",$244.00,715 mi,3,$0.3413
VIE,TUL,"1,195",$953.15,"5,125 mi",3,$0.1860
ARN,GND,"1,195",$454.25,"4,991 mi",3,$0.0910
DUB,ROA,"1,195",$513.62,"3,464 mi",3,$0.1483
NCL,GEO,"1,195","$1,126.64","4,698 mi",3,$0.2398
AMS,KSY,"1,194",$247.06,"1,910 mi",3,$0.1294
ARN,BUS,"1,194",$180.83,"1,556 mi",3,$0.1162
BRU,FAE,"1,194",$202.17,863 mi,3,$0.2343
CDG,SJW,"1,194",$241.72,"5,275 mi",3,$0.0458
FCO,EYW,"1,194",$583.23,"5,142 mi",3,$0.1134
MXP,WLG,"1,194","$1,185.65","12,029 mi",3,$0.0986
VIE,GYE,"1,194",$746.44,"6,428 mi",3,$0.1161
LYS,COK,"1,193",$440.53,"4,673 mi",3,$0.0943
OSL,ABV,"1,193",$483.00,"3,648 mi",3,$0.1324
MXP,PLQ,"1,193",$138.89,920 mi,3,$0.1510
VIE,BJL,"1,193",$667.60,"2,972 mi",3,$0.2246
CPH,REC,"1,192",$771.43,"5,330 mi",3,$0.1447
LYS,GYD,"1,192",$300.85,"2,335 mi",3,$0.1288
NCE,GRX,"1,192",$346.66,752 mi,3,$0.4610
ZRH,JAI,"1,192",$286.60,"3,953 mi",3,$0.0725
BHX,QYG,"1,192",$166.40,637 mi,3,$0.2612
EDI,GEG,"1,192",$441.02,"4,467 mi",3,$0.0987
PRG,SVO,"1,192",$605.11,"1,007 mi",3,$0.6009
VKO,SZG,"1,192",$677.67,"1,127 mi",3,$0.6013
EDI,CAG,"1,191",$235.37,"1,247 mi",3,$0.1887
GVA,KBV,"1,190",$535.54,"6,130 mi",3,$0.0874
BCN,CRW,"1,190",$439.22,"4,388 mi",3,$0.1001
AGP,SXM,"1,189",$822.96,"3,645 mi",3,$0.2258
FCO,NQN,"1,189",$684.01,"7,743 mi",3,$0.0883
PRG,MEM,"1,189",$568.75,"4,816 mi",3,$0.1181
GOT,JOE,"1,189",$212.68,706 mi,3,$0.3012
GVA,ASM,"1,188",$297.64,"2,767 mi",3,$0.1076
LCY,GDN,"1,188",$598.18,765 mi,3,$0.7819
MRS,EUN,"1,188",$181.10,"1,479 mi",3,$0.1224
BCN,BTR,"1,188",$599.98,"4,866 mi",3,$0.1233
GVA,XPL,"1,188",$700.84,"5,844 mi",3,$0.1199
VCE,INV,"1,188",$284.27,"1,051 mi",3,$0.2705
LED,TUU,"1,187",$332.10,"2,126 mi",3,$0.1562
BOD,LJU,"1,187",$439.02,762 mi,3,$0.5761
HEL,YQB,"1,187",$634.95,"3,581 mi",3,$0.1773
MAD,PIU,"1,187",$760.68,"5,606 mi",3,$0.1357
PRG,GSP,"1,187",$547.46,"4,817 mi",3,$0.1137
SOF,FMO,"1,187",$221.84,"1,008 mi",3,$0.2201
ZAG,DSS,"1,187",$631.31,"2,795 mi",3,$0.2259
BUD,TUL,"1,186",$632.95,"5,571 mi",3,$0.1136
SNN,HND,"1,186","$2,164.61","5,873 mi",3,$0.3686
AGP,IOM,"1,185",$208.43,"1,167 mi",3,$0.1786
BHX,AMM,"1,185",$264.80,"2,294 mi",3,$0.1154
OTP,PLQ,"1,184",$345.67,793 mi,3,$0.4359
CDG,BIS,"1,184",$888.64,"4,253 mi",3,$0.2089
VCE,SHE,"1,184",$224.98,"4,921 mi",3,$0.0457
FCO,KIN,"1,183",$724.79,"5,512 mi",3,$0.1315
LED,BLR,"1,183","$1,528.42","3,894 mi",3,$0.3925
AMS,MOL,"1,182",$268.49,705 mi,3,$0.3808
BOD,CLT,"1,182",$718.85,"4,247 mi",3,$0.1693
BCN,GPT,"1,182",$470.94,"5,072 mi",3,$0.0929
LHR,MLI,"1,182",$849.33,"3,943 mi",3,$0.2154
MRS,UIO,"1,182",$547.67,"6,079 mi",3,$0.0901
AGP,ZTH,"1,181",$220.87,"1,352 mi",3,$0.1634
CPH,AXD,"1,181",$254.15,"1,149 mi",3,$0.2212
CPH,VAS,"1,181",$111.57,"1,601 mi",3,$0.0697
CDG,TTJ,"1,180",$961.90,"5,708 mi",3,$0.1685
LHR,YSJ,"1,180",$480.79,"2,841 mi",3,$0.1692
MAD,MHC,"1,180",$795.96,"6,988 mi",3,$0.1139
BRU,LZS,"1,180",$599.45,460 mi,3,$1.3032
VCE,VPS,"1,180",$876.88,"4,987 mi",3,$0.1758
ZAG,CTA,"1,180",$257.87,557 mi,3,$0.4630
PMI,RNB,"1,180",$155.60,"1,327 mi",3,$0.1173
BHX,GIG,"1,179",$910.02,"5,942 mi",3,$0.1532
BRU,KAJ,"1,179",$296.73,"1,285 mi",3,$0.2309
OSL,TRS,"1,179",$170.20,967 mi,3,$0.1760
MXP,INC,"1,179",$599.74,"4,553 mi",3,$0.1317
CPH,BON,"1,178",$550.51,"5,330 mi",3,$0.1033
LYS,YHZ,"1,178",$482.91,"3,130 mi",3,$0.1543
BOD,SVG,"1,178",$581.94,"1,037 mi",3,$0.5612
CPH,KLU,"1,178",$250.05,606 mi,3,$0.4126
LHR,HMO,"1,178",$641.29,"5,629 mi",3,$0.1139
MAD,BDA,"1,178","$1,647.67","3,477 mi",3,$0.4739
MXP,OGG,"1,178","$1,155.70","7,978 mi",3,$0.1449
VIE,OKC,"1,178",$605.03,"5,226 mi",3,$0.1158
BUD,LHE,"1,177",$466.17,"2,975 mi",3,$0.1567
VIE,MSR,"1,177",$92.20,"1,448 mi",3,$0.0637
VIE,REC,"1,177",$842.72,"5,136 mi",3,$0.1641
BCN,MFR,"1,177",$629.05,"5,544 mi",3,$0.1135
GLA,SEZ,"1,177","$1,248.18","5,531 mi",3,$0.2257
ARN,EZS,"1,176",$153.97,"1,781 mi",3,$0.0865
BHX,TLV,"1,176",$538.84,"2,238 mi",3,$0.2408
OTP,OUL,"1,176",$629.02,"1,365 mi",3,$0.4608
WAW,SXM,"1,176",$839.68,"5,142 mi",3,$0.1633
HEL,CWL,"1,176",$309.47,"1,208 mi",3,$0.2562
MAD,CHA,"1,176",$739.65,"4,182 mi",3,$0.1769
AMS,KIN,"1,175",$765.51,"4,743 mi",3,$0.1614
BRU,DSM,"1,175",$638.85,"4,249 mi",3,$0.1504
CPH,JYV,"1,175",$227.60,677 mi,3,$0.3362
FCO,AGU,"1,175",$397.45,"6,191 mi",3,$0.0642
FCO,YQU,"1,175",$507.63,"4,993 mi",3,$0.1017
LIS,CWL,"1,175",$343.01,889 mi,3,$0.3858
LIS,HBE,"1,174",$203.16,"2,182 mi",3,$0.0931
NCE,DLA,"1,174",$503.94,"2,826 mi",3,$0.1783
OSL,IND,"1,174",$648.35,"3,997 mi",3,$0.1622
ZRH,TAO,"1,173",$765.45,"5,113 mi",3,$0.1497
EDI,ALB,"1,173",$559.06,"3,054 mi",3,$0.1831
FCO,FWA,"1,173",$468.67,"4,600 mi",3,$0.1019
FCO,GJT,"1,173",$524.50,"5,551 mi",3,$0.0945
LHR,MLX,"1,172",$279.02,"1,996 mi",3,$0.1398
MAN,SMF,"1,172",$462.92,"5,275 mi",3,$0.0878
PMI,NBO,"1,172",$757.17,"3,663 mi",3,$0.2067
AMS,VIL,"1,172",$139.92,"2,188 mi",3,$0.0639
MAD,FNA,"1,172",$369.57,"2,213 mi",3,$0.1670
OTP,KGS,"1,172",$110.08,524 mi,3,$0.2101
WAW,DUR,"1,172",$441.90,"5,513 mi",3,$0.0802
ARN,TAO,"1,171",$458.03,"4,611 mi",3,$0.0993
MXP,KSU,"1,171",$197.37,"1,244 mi",3,$0.1587
PRG,KTW,"1,171",$162.47,220 mi,3,$0.7385
VCE,CAE,"1,171",$734.80,"4,605 mi",3,$0.1596
AMS,AER,"1,171",$483.44,"1,669 mi",3,$0.2897
BCN,SYX,"1,171",$279.32,"6,052 mi",3,$0.0462
EDI,XNA,"1,171",$957.88,"4,096 mi",3,$0.2339
HEL,WDH,"1,171",$460.21,"5,908 mi",3,$0.0779
WAW,RNS,"1,171",$264.06,"1,009 mi",3,$0.2617
FCO,MLX,"1,170",$117.91,"1,339 mi",3,$0.0881
LCY,ALC,"1,170",$118.65,887 mi,3,$0.1338
LIS,BUS,"1,170",$463.23,"2,725 mi",3,$0.1700
NTE,AAL,"1,169",$408.58,864 mi,3,$0.4729
PRG,TNR,"1,169",$622.65,"5,019 mi",3,$0.1241
VCE,ZAG,"1,169",$194.71,185 mi,3,$1.0525
BUD,PEN,"1,169",$611.31,"5,363 mi",3,$0.1140
MAD,SRE,"1,168",$636.48,"5,882 mi",3,$0.1082
LHR,LNZ,"1,168",$248.05,710 mi,3,$0.3494
AGP,KSU,"1,167",$237.03,"1,842 mi",3,$0.1287
NCE,NAS,"1,167","$1,595.80","4,934 mi",3,$0.3234
SOF,YOW,"1,167",$405.89,"4,724 mi",3,$0.0859
WAW,JUB,"1,167",$448.42,"3,424 mi",3,$0.1310
AGP,AJA,"1,167",$293.13,821 mi,3,$0.3570
BRU,RJK,"1,167",$137.75,590 mi,3,$0.2335
VKO,RZV,"1,167",$157.67,979 mi,3,$0.1611
CDG,EAS,"1,166",$317.64,429 mi,3,$0.7404
CPH,BKI,"1,166",$467.67,"6,204 mi",3,$0.0754
HEL,ISU,"1,166",$259.34,"1,876 mi",3,$0.1382
LGW,RMO,"1,166",$104.70,"1,301 mi",3,$0.0805
MAD,BSZ,"1,166",$410.88,"3,988 mi",3,$0.1030
VIE,ZDJ,"1,166",$264.05,444 mi,3,$0.5947
ARN,SPX,"1,166",$151.65,"2,065 mi",3,$0.0734
LIS,KZN,"1,166",$823.06,"2,962 mi",3,$0.2779
CPH,CNF,"1,165",$828.04,"5,972 mi",3,$0.1387
ATH,MDT,"1,165",$681.32,"4,923 mi",3,$0.1384
OSL,ASR,"1,165",$264.62,"1,874 mi",3,$0.1412
DUB,TVC,"1,164",$681.12,"3,552 mi",3,$0.1918
MXP,MGA,"1,164",$541.60,"6,029 mi",3,$0.0898
BOD,SID,"1,164",$225.63,"2,400 mi",3,$0.0940
BRU,KHH,"1,164",$562.67,"5,863 mi",3,$0.0960
MAD,TLH,"1,164",$970.39,"4,310 mi",3,$0.2251
ATH,PDL,"1,163",$294.15,"2,595 mi",3,$0.1134
BCN,RGN,"1,163",$553.39,"5,828 mi",3,$0.0950
GLA,TRN,"1,163",$232.13,878 mi,3,$0.2644
LED,ORD,"1,163",$627.07,"4,719 mi",3,$0.1329
NAP,KZN,"1,163",$358.21,"1,930 mi",3,$0.1856
PMI,TUN,"1,163",$278.13,460 mi,3,$0.6046
LED,MED,"1,162",$320.92,"2,403 mi",3,$0.1335
MAN,DVO,"1,162",$499.79,"7,060 mi",3,$0.0708
NCL,MED,"1,162",$212.42,"2,881 mi",3,$0.0737
PMI,CDT,"1,162",$114.50,153 mi,3,$0.7484
PRG,BOI,"1,162",$586.31,"5,471 mi",3,$0.1072
DBV,LJU,"1,162",$145.85,324 mi,3,$0.4502
LYS,QKL,"1,162",$171.45,382 mi,3,$0.4488
NAP,KWI,"1,162",$531.02,"1,990 mi",3,$0.2668
PMI,AXM,"1,161",$440.45,"5,248 mi",3,$0.0839
ZRH,AVL,"1,161",$806.94,"4,651 mi",3,$0.1735
ZRH,YQR,"1,161",$407.56,"4,458 mi",3,$0.0914
ATH,KYA,"1,161",$96.27,455 mi,3,$0.2116
LIS,AJA,"1,161",$215.91,996 mi,3,$0.2168
NCL,DSS,"1,161",$656.21,"2,995 mi",3,$0.2191
OTP,FPO,"1,161",$850.26,"5,449 mi",3,$0.1560
LYS,BHD,"1,160",$261.03,804 mi,3,$0.3247
NCE,OSD,"1,160",$195.99,"1,421 mi",3,$0.1379
MXP,KBL,"1,160",$470.21,"3,304 mi",3,$0.1423
LCY,BOM,"1,159",$684.25,"4,594 mi",3,$0.1489
BHX,DEN,"1,159",$580.90,"4,437 mi",3,$0.1309
PRG,HAU,"1,159",$175.24,710 mi,3,$0.2468
PRG,SVX,"1,159",$318.38,"1,872 mi",3,$0.1701
MXP,URC,"1,158",$718.82,"3,589 mi",3,$0.2003
WAW,PQC,"1,158",$468.70,"5,208 mi",3,$0.0900
DME,KBL,"1,157",$649.20,"2,007 mi",3,$0.3235
OTP,FDF,"1,157",$575.85,"5,213 mi",3,$0.1105
STN,NBO,"1,157",$734.76,"4,379 mi",3,$0.1678
CPH,SZZ,"1,157",$211.05,172 mi,3,$1.2270
MXP,WUX,"1,157",$268.50,"5,442 mi",3,$0.0493
OTP,BIQ,"1,157",$412.87,"1,409 mi",3,$0.2930
CPH,MQN,"1,156",$200.69,722 mi,3,$0.2780
AMS,TSA,"1,156",$302.48,"6,054 mi",3,$0.0500
ATH,TVC,"1,156",$535.43,"5,393 mi",3,$0.0993
LCY,BRS,"1,156",$101.51,116 mi,3,$0.8751
VCE,SRQ,"1,156",$636.60,"4,962 mi",3,$0.1283
VCE,SGF,"1,155",$488.53,"5,246 mi",3,$0.0931
ZRH,IOM,"1,155",$210.93,711 mi,3,$0.2967
EDI,LUN,"1,155",$549.67,"5,102 mi",3,$0.1077
LHR,ABX,"1,155","$1,046.35","10,834 mi",3,$0.0966
DBV,JAX,"1,154",$919.18,"5,126 mi",3,$0.1793
EDI,FEZ,"1,154",$45.73,"1,477 mi",3,$0.0310
LIS,QYG,"1,154",$281.26,"1,434 mi",3,$0.1961
SVO,BKO,"1,154",$549.10,"3,733 mi",3,$0.1471
BCN,CNS,"1,153",$955.36,"9,993 mi",3,$0.0956
MAN,NKG,"1,153",$634.97,"5,750 mi",3,$0.1104
NAP,SYR,"1,153",$453.25,"4,267 mi",3,$0.1062
PRG,ABJ,"1,153",$664.83,"3,371 mi",3,$0.1972
PRG,CIT,"1,152",$233.29,"2,709 mi",3,$0.0861
VIE,CSX,"1,152",$371.39,"5,232 mi",3,$0.0710
ZAG,ALG,"1,152",$312.27,886 mi,3,$0.3524
AGP,SSA,"1,152",$333.20,"3,950 mi",3,$0.0844
ATH,FUK,"1,152",$718.84,"5,440 mi",3,$0.1321
SOF,SUF,"1,152",$75.92,471 mi,3,$0.1612
VCE,CKG,"1,152",$360.03,"5,127 mi",3,$0.0702
VCE,COS,"1,152",$793.19,"5,264 mi",3,$0.1507
ATH,MME,"1,151",$421.96,"1,701 mi",3,$0.2481
BCN,DNZ,"1,151",$341.70,"1,530 mi",3,$0.2233
BRU,CUZ,"1,151",$633.49,"6,558 mi",3,$0.0966
BRU,PEI,"1,151",$509.06,"5,701 mi",3,$0.0893
AGP,FAO,"1,151",$127.85,187 mi,3,$0.6837
CPH,LAD,"1,151","$1,408.62","4,589 mi",3,$0.3070
FCO,KKN,"1,151",$192.42,"1,969 mi",3,$0.0977
VCE,SXM,"1,151",$932.78,"4,779 mi",3,$0.1952
BHX,GYD,"1,150",$307.07,"2,615 mi",3,$0.1174
ORY,RUH,"1,150",$306.73,"2,978 mi",3,$0.1030
OSL,BDS,"1,150",$145.79,"1,340 mi",3,$0.1088
ZAG,YOW,"1,150",$313.47,"4,296 mi",3,$0.0730
AGP,HAD,"1,149",$213.36,"1,646 mi",3,$0.1296
ATH,GZT,"1,149",$119.65,767 mi,3,$0.1560
GLA,PSA,"1,149",$282.24,"1,034 mi",3,$0.2730
PRG,ETM,"1,149",$254.35,"1,720 mi",3,$0.1479
BCN,BZV,"1,149",$840.94,"3,157 mi",3,$0.2664
BUD,RNS,"1,149",$323.47,"1,002 mi",3,$0.3228
FCO,VAA,"1,149",$220.75,"1,472 mi",3,$0.1500
ATH,LBB,"1,148",$564.55,"6,580 mi",3,$0.0858
CDG,VER,"1,148",$572.63,"5,776 mi",3,$0.0991
EDI,PUJ,"1,148",$370.03,"4,325 mi",3,$0.0856
LYS,SHJ,"1,148",$140.17,"3,010 mi",3,$0.0466
MXP,BEN,"1,148",$617.59,"1,086 mi",3,$0.5687
VCE,MSN,"1,148",$684.21,"4,517 mi",3,$0.1515
AGP,KEM,"1,148",$255.63,"2,396 mi",3,$0.1067
DME,CCJ,"1,148",$283.49,"3,792 mi",3,$0.0748
LYS,TPA,"1,148",$745.61,"4,897 mi",3,$0.1523
DME,VCE,"1,147",$779.85,"1,344 mi",3,$0.5802
LCY,LAS,"1,147",$918.17,"5,388 mi",3,$0.1704
LED,UKK,"1,147",$130.44,"2,181 mi",3,$0.0598
LGW,SHJ,"1,147",$213.12,"3,301 mi",3,$0.0646
OSL,SCQ,"1,147",$322.77,"1,491 mi",3,$0.2165
PRG,CWL,"1,147",$208.90,750 mi,3,$0.2785
PMI,KWI,"1,147",$818.09,"2,725 mi",3,$0.3002
VKO,MSR,"1,147",$73.36,"1,146 mi",3,$0.0640
AMS,LFW,"1,146",$494.50,"3,098 mi",3,$0.1596
ATH,MOB,"1,146",$676.75,"6,170 mi",3,$0.1097
CDG,ELQ,"1,146",$478.43,"2,616 mi",3,$0.1829
SOF,ANC,"1,146",$469.29,"5,408 mi",3,$0.0868
AGP,HUY,"1,146",$503.61,"1,148 mi",3,$0.4387
ARN,GOX,"1,146",$243.88,"4,241 mi",3,$0.0575
ARN,PVR,"1,146",$339.70,"5,854 mi",3,$0.0580
CPH,HBE,"1,146",$157.68,"1,955 mi",3,$0.0807
ZAG,IKA,"1,146",$350.49,"2,014 mi",3,$0.1740
ZRH,HOR,"1,146",$185.87,"1,901 mi",3,$0.0978
MXP,KHN,"1,145",$210.13,"5,398 mi",3,$0.0389
VIE,LIR,"1,145",$265.21,"6,409 mi",3,$0.0414
AMS,QRO,"1,145",$798.11,"5,527 mi",3,$0.1444
LED,HTY,"1,145",$139.32,"1,691 mi",3,$0.0824
PMI,DWC,"1,145",$410.36,"3,083 mi",3,$0.1331
STN,KIX,"1,145",$893.65,"5,706 mi",3,$0.1566
ZRH,KKC,"1,144",$492.49,"5,745 mi",3,$0.0857
CPH,SUF,"1,144",$119.75,"1,131 mi",3,$0.1059
OTP,DUR,"1,144",$601.74,"4,981 mi",3,$0.1208
AGP,GUA,"1,143",$727.69,"5,566 mi",3,$0.1307
ATH,AUA,"1,143",$845.24,"5,724 mi",3,$0.1477
LYS,UBN,"1,143",$757.40,"4,576 mi",3,$0.1655
MXP,TUL,"1,143",$999.29,"5,248 mi",3,$0.1904
ATH,KHH,"1,143",$514.90,"5,771 mi",3,$0.0892
DME,JUB,"1,143",$689.98,"3,404 mi",3,$0.2027
DUB,COS,"1,143",$602.53,"4,303 mi",3,$0.1400
MRS,BSL,"1,143",$273.28,318 mi,3,$0.8594
MXP,ZUH,"1,143",$891.76,"5,980 mi",3,$0.1491
NTE,NKC,"1,143",$234.74,"2,088 mi",3,$0.1124
VCE,ABV,"1,143",$701.32,"2,464 mi",3,$0.2846
WAW,AXD,"1,143",$154.94,792 mi,3,$0.1956
BRU,OMA,"1,142",$599.08,"4,606 mi",3,$0.1301
GLA,XMN,"1,142",$309.41,"5,766 mi",3,$0.0537
LYS,ITM,"1,142",$960.10,"6,253 mi",3,$0.1535
MXP,SUB,"1,142","$1,455.58","7,043 mi",3,$0.2067
OTP,RUN,"1,142",$754.74,"4,742 mi",3,$0.1592
BCN,KWE,"1,142",$238.45,"5,898 mi",3,$0.0404
CDG,BKI,"1,141",$660.46,"7,151 mi",3,$0.0924
HEL,ASR,"1,141",$195.65,"1,510 mi",3,$0.1296
OSL,JAX,"1,141",$779.66,"4,640 mi",3,$0.1680
LGW,KZN,"1,141",$813.56,"1,957 mi",3,$0.4157
BOD,GDN,"1,140",$379.78,"1,045 mi",3,$0.3634
LHR,UDR,"1,140",$444.91,"4,370 mi",3,$0.1018
VKO,NRT,"1,140",$744.79,"4,823 mi",3,$0.1544
BOD,ABZ,"1,140",$356.79,831 mi,3,$0.4294
FCO,CJU,"1,140",$531.69,"5,598 mi",3,$0.0950
OSL,CLE,"1,140",$579.31,"4,007 mi",3,$0.1446
VCE,CEB,"1,140",$659.74,"6,922 mi",3,$0.0953
LCY,BRE,"1,139",$241.74,396 mi,3,$0.6105
PRG,PBI,"1,139",$675.63,"5,158 mi",3,$0.1310
STN,BSZ,"1,139",$172.34,"3,265 mi",3,$0.0528
BHX,VKO,"1,139",$504.48,"1,624 mi",3,$0.3106
DBV,PAS,"1,139",$267.19,545 mi,3,$0.4903
DUB,VPS,"1,139",$432.57,"4,296 mi",3,$0.1007
AGP,KAO,"1,138",$377.21,"2,506 mi",3,$0.1505
LGW,WDH,"1,138",$525.79,"5,043 mi",3,$0.1043
STN,OSS,"1,138",$130.47,"3,302 mi",3,$0.0395
VCE,TAO,"1,138",$906.37,"5,058 mi",3,$0.1792
BGY,MUX,"1,137",$218.95,"3,541 mi",3,$0.0618
GOT,KGS,"1,137",$241.74,"1,641 mi",3,$0.1473
PRG,WRO,"1,137",$209.42,130 mi,3,$1.6109
STN,HND,"1,137",$715.66,"6,098 mi",3,$0.1174
ATH,CEB,"1,137",$699.48,"6,508 mi",3,$0.1075
ARN,HRE,"1,136",$540.56,"5,249 mi",3,$0.1030
BUD,BHM,"1,136",$518.85,"5,367 mi",3,$0.0967
GVA,MME,"1,136",$227.16,680 mi,3,$0.3341
LIS,GEO,"1,136",$879.43,"3,892 mi",3,$0.2260
MAD,SGF,"1,136",$674.36,"4,473 mi",3,$0.1508
VIE,YLW,"1,136",$469.76,"5,017 mi",3,$0.0936
BHX,CLT,"1,135",$658.80,"3,793 mi",3,$0.1737
GOT,SEZ,"1,135",$384.29,"4,783 mi",3,$0.0803
OTP,PBM,"1,135",$794.31,"5,691 mi",3,$0.1396
BUD,ADD,"1,134",$390.99,"2,980 mi",3,$0.1312
BUD,KHN,"1,134",$405.33,"4,914 mi",3,$0.0825
SOF,ECN,"1,134",$161.42,772 mi,3,$0.2091
BCN,WUX,"1,134",$168.25,"6,239 mi",3,$0.0270
CDG,OGU,"1,134",$222.35,"1,858 mi",3,$0.1197
OSL,NAV,"1,134",$148.81,"1,741 mi",3,$0.0855
WAW,VAN,"1,134",$202.07,"1,473 mi",3,$0.1372
ARN,MGA,"1,133",$634.81,"6,154 mi",3,$0.1032
BUD,CEB,"1,133",$680.72,"6,175 mi",3,$0.1102
LIS,GSP,"1,133",$906.05,"3,822 mi",3,$0.2371
NCL,ABV,"1,133",$562.24,"3,121 mi",3,$0.1801
EDI,JMK,"1,133",$457.22,"1,788 mi",3,$0.2557
WAW,DIY,"1,133",$176.65,"1,394 mi",3,$0.1267
AGP,NWI,"1,132",$276.67,"1,174 mi",3,$0.2357
ZAG,PTY,"1,132",$768.34,"6,211 mi",3,$0.1237
ZRH,YXS,"1,132",$315.42,"5,022 mi",3,$0.0628
ARN,GUA,"1,132",$417.67,"5,791 mi",3,$0.0721
FCO,SKB,"1,132",$663.84,"4,522 mi",3,$0.1468
NTE,SVG,"1,132",$390.18,889 mi,3,$0.4389
VIE,AAR,"1,132",$196.31,600 mi,3,$0.3272
ZRH,BAL,"1,132",$226.91,"1,711 mi",3,$0.1326
CDG,PEW,"1,131",$305.22,"3,477 mi",3,$0.0878
MAD,DAD,"1,131",$724.73,"6,778 mi",3,$0.1069
PRG,MUX,"1,131",$307.76,"3,125 mi",3,$0.0985
ZRH,GRJ,"1,131","$1,487.01","5,865 mi",3,$0.2535
AGP,GDL,"1,131",$437.35,"5,669 mi",3,$0.0771
CDG,OOL,"1,131","$1,340.00","10,641 mi",3,$0.1259
DBV,CVG,"1,131",$834.46,"5,171 mi",3,$0.1614
MAD,KOA,"1,131","$1,423.35","8,151 mi",3,$0.1746
ATH,SDR,"1,130",$436.34,"1,541 mi",3,$0.2832
GVA,BZG,"1,130",$163.24,731 mi,3,$0.2233
GVA,GBE,"1,130",$552.05,"4,895 mi",3,$0.1128
MAD,CAE,"1,130",$898.01,"4,277 mi",3,$0.2100
AGP,NQZ,"1,130",$731.02,"3,624 mi",3,$0.2017
GVA,SAV,"1,129","$1,797.48","4,675 mi",3,$0.3845
MXP,TIV,"1,129",$252.96,528 mi,3,$0.4791
WAW,BIQ,"1,129",$317.95,"1,233 mi",3,$0.2579
FCO,BDA,"1,129",$802.69,"4,024 mi",3,$0.1995
GVA,KIN,"1,129","$1,259.29","5,146 mi",3,$0.2447
LHR,SBZ,"1,129",$363.15,"1,146 mi",3,$0.3169
PRG,POA,"1,129",$802.57,"6,619 mi",3,$0.1213
BGY,EVN,"1,128",$124.99,"1,835 mi",3,$0.0681
NTE,NOU,"1,128","$1,620.13","10,254 mi",3,$0.1580
HEL,BES,"1,127",$422.14,"1,463 mi",3,$0.2885
NAP,BHD,"1,127",$484.66,"1,284 mi",3,$0.3775
SVO,WEH,"1,127",$490.84,"3,835 mi",3,$0.1280
VKO,GOX,"1,127",$102.16,"3,262 mi",3,$0.0313
BCN,AAR,"1,127",$135.30,"1,072 mi",3,$0.1262
MAD,SJP,"1,127",$914.33,"5,314 mi",3,$0.1721
LIS,CHC,"1,126","$1,375.38","11,736 mi",3,$0.1172
PMI,AEP,"1,126",$664.64,"6,628 mi",3,$0.1003
ATH,QYG,"1,126",$161.47,"1,262 mi",3,$0.1279
CDG,VSA,"1,126",$730.96,"5,356 mi",3,$0.1365
CPH,PLZ,"1,126",$701.08,"6,051 mi",3,$0.1159
EDI,GCM,"1,126",$791.43,"4,519 mi",3,$0.1751
MRS,BVC,"1,126",$255.91,"2,430 mi",3,$0.1053
NAP,SAV,"1,126",$802.03,"4,915 mi",3,$0.1632
ZAG,RDU,"1,126",$598.49,"4,851 mi",3,$0.1234
ZRH,SFT,"1,126",$332.34,"1,237 mi",3,$0.2687
LHR,AVP,"1,125",$837.65,"3,386 mi",3,$0.2474
LHR,TQO,"1,125",$524.14,"4,868 mi",3,$0.1077
MXP,PQC,"1,125",$671.24,"6,148 mi",3,$0.1092
WAW,BJV,"1,125",$344.95,"1,113 mi",3,$0.3099
BRU,EAS,"1,125",$385.75,580 mi,3,$0.6651
GOT,PLQ,"1,125",$201.95,342 mi,3,$0.5905
OTP,ABV,"1,124",$708.93,"2,622 mi",3,$0.2704
VIE,PLQ,"1,124",$163.15,559 mi,3,$0.2919
VKO,KUT,"1,124",$138.09,927 mi,3,$0.1490
FCO,TIJ,"1,123",$660.96,"6,562 mi",3,$0.1007
GVA,LLW,"1,123","$1,024.90","4,355 mi",3,$0.2353
PRG,GRZ,"1,123",$249.02,228 mi,3,$1.0922
PRG,XER,"1,123",$282.19,303 mi,3,$0.9313
ZAG,IBZ,"1,123",$757.35,859 mi,3,$0.8817
DBV,SMF,"1,123",$761.96,"6,095 mi",3,$0.1250
NCE,CNF,"1,123","$1,056.67","5,278 mi",3,$0.2002
NCE,LGA,"1,123",$961.74,"4,099 mi",3,$0.2346
WAW,CWL,"1,123",$418.56,"1,005 mi",3,$0.4165
DUB,BIL,"1,122",$385.64,"4,076 mi",3,$0.0946
FCO,TRI,"1,122",$624.86,"4,668 mi",3,$0.1339
LHR,YQT,"1,122",$270.14,"3,816 mi",3,$0.0708
SNN,MUC,"1,122",$721.78,983 mi,3,$0.7343
SOF,NQZ,"1,122",$295.86,"2,367 mi",3,$0.1250
FCO,FNA,"1,122",$659.98,"2,684 mi",3,$0.2459
GVA,WNZ,"1,122",$293.70,"6,069 mi",3,$0.0484
LHR,BGA,"1,121",$743.59,"4,939 mi",3,$0.1506
BCN,CAY,"1,121","$1,028.62","4,313 mi",3,$0.2385
BHX,EZE,"1,121","$1,405.36","6,721 mi",3,$0.2091
EDI,PTY,"1,121",$595.97,"5,004 mi",3,$0.1191
PMI,CMB,"1,121",$306.58,"5,062 mi",3,$0.0606
BRU,AOI,"1,120",$286.48,672 mi,3,$0.4263
CPH,GNY,"1,120",$244.47,"1,698 mi",3,$0.1440
MAN,NKT,"1,120",$306.43,"2,298 mi",3,$0.1333
AGP,CLE,"1,120",$585.93,"3,901 mi",3,$0.1502
AMS,IFN,"1,120",$220.72,"2,770 mi",3,$0.0797
MAD,ZTH,"1,120",$266.43,"1,360 mi",3,$0.1959
PMI,SID,"1,120",$316.07,"2,271 mi",3,$0.1392
WAW,ZAD,"1,120",$153.24,632 mi,3,$0.2425
DME,PEW,"1,119",$273.42,"2,244 mi",3,$0.1218
MAN,NSI,"1,119",$265.70,"3,412 mi",3,$0.0779
AGP,DLM,"1,119",$657.44,"1,780 mi",3,$0.3693
BCN,GOI,"1,119",$602.18,"4,444 mi",3,$0.1355
BUD,XER,"1,119",$271.15,554 mi,3,$0.4894
ZRH,PQC,"1,119",$528.66,"5,774 mi",3,$0.0916
MRS,CUR,"1,118",$744.18,"4,704 mi",3,$0.1582
BUD,MYR,"1,118",$568.20,"5,041 mi",3,$0.1127
CDG,BDQ,"1,118",$405.78,"4,076 mi",3,$0.0996
DBV,CHS,"1,118",$846.66,"4,950 mi",3,$0.1710
ATH,TLH,"1,117",$636.28,"6,007 mi",3,$0.1059
OSL,KGS,"1,117",$218.91,"1,711 mi",3,$0.1279
DUB,YQM,"1,117",$777.71,"2,503 mi",3,$0.3107
FCO,FAE,"1,117",$259.04,"1,566 mi",3,$0.1654
BUD,MED,"1,116",$460.99,"1,996 mi",3,$0.2310
BUD,MOL,"1,116",$174.29,"1,120 mi",3,$0.1556
NCE,SAV,"1,116","$1,079.88","4,797 mi",3,$0.2251
BUD,KGS,"1,116",$204.41,812 mi,3,$0.2517
CDG,LLW,"1,116",$724.20,"4,598 mi",3,$0.1575
LHR,DED,"1,116",$469.55,"4,272 mi",3,$0.1099
VCE,XNA,"1,116",$566.53,"5,331 mi",3,$0.1063
ATH,BZN,"1,115",$967.14,"5,836 mi",3,$0.1657
DUB,FIH,"1,115",$409.85,"4,314 mi",3,$0.0950
LHR,XPL,"1,115",$660.14,"5,478 mi",3,$0.1205
EDI,LEX,"1,115",$687.36,"3,893 mi",3,$0.1766
GLA,VNO,"1,115",$238.04,"1,129 mi",3,$0.2108
NCE,LFW,"1,115",$740.81,"2,538 mi",3,$0.2919
ATH,EAS,"1,114",$399.94,"1,436 mi",3,$0.2785
LHR,PUQ,"1,114","$1,110.99","8,038 mi",3,$0.1382
VKO,PVG,"1,114",$727.70,"4,141 mi",3,$0.1757
ZRH,CID,"1,114",$640.49,"4,716 mi",3,$0.1358
LED,MEX,"1,114","$1,473.85","6,082 mi",3,$0.2423
ARN,KLU,"1,113",$126.13,884 mi,3,$0.1427
ATH,BTR,"1,113",$953.61,"6,306 mi",3,$0.1512
FCO,AGS,"1,113",$924.96,"4,777 mi",3,$0.1936
VIE,AXD,"1,113",$304.10,701 mi,3,$0.4338
ZRH,WLG,"1,113","$1,106.52","11,289 mi",3,$0.0980
CPH,LED,"1,112",$361.16,730 mi,3,$0.4947
FCO,KBL,"1,112",$656.12,"2,985 mi",3,$0.2198
LHR,TMW,"1,112",$869.94,"10,722 mi",3,$0.0811
MXP,TAE,"1,112",$859.85,"5,506 mi",3,$0.1562
VCE,NVT,"1,112",$917.65,"6,106 mi",3,$0.1503
BGY,MLX,"1,112",$104.80,"1,576 mi",3,$0.0665
BHX,TRV,"1,112",$437.66,"5,119 mi",3,$0.0855
EDI,YYT,"1,112",$555.43,"2,201 mi",3,$0.2524
ZAG,PIT,"1,112",$819.07,"4,423 mi",3,$0.1852
NTE,WRO,"1,111",$263.87,851 mi,3,$0.3101
SOF,HGH,"1,111",$577.02,"5,007 mi",3,$0.1152
ARN,CWL,"1,111",$269.40,971 mi,3,$0.2774
BHX,LPI,"1,110",$424.81,813 mi,3,$0.5225
AGP,QSF,"1,110",$155.39,563 mi,3,$0.2760
ARN,AMD,"1,110",$427.60,"3,528 mi",3,$0.1212
ATH,DLA,"1,110",$655.38,"2,585 mi",3,$0.2535
ATH,SNN,"1,110","$1,017.57","1,926 mi",3,$0.5283
OTP,CEB,"1,110",$602.26,"6,284 mi",3,$0.0958
BOD,SAN,"1,109","$1,381.12","5,588 mi",3,$0.2472
CDG,MQP,"1,109","$1,278.05","5,270 mi",3,$0.2425
BCN,TSN,"1,109",$371.23,"5,718 mi",3,$0.0649
BCN,MDT,"1,108",$490.58,"3,855 mi",3,$0.1273
LHR,HUZ,"1,108",$253.35,"5,787 mi",3,$0.0438
LIS,BHM,"1,108",$800.00,"4,085 mi",3,$0.1958
OSL,SXM,"1,108",$957.25,"4,739 mi",3,$0.2020
PMI,BNE,"1,108","$1,374.93","10,861 mi",3,$0.1266
VIE,VAS,"1,108",$70.93,"1,192 mi",3,$0.0595
AMS,GRJ,"1,108",$837.03,"6,240 mi",3,$0.1341
HEL,HAU,"1,108",$189.05,666 mi,3,$0.2839
CPH,SYZ,"1,107",$194.79,"2,574 mi",3,$0.0757
NAP,INP,"1,107",$52.29,3 mi,3,$17.4300
PRG,SXM,"1,107",$616.94,"4,855 mi",3,$0.1271
PRG,VII,"1,107",$331.10,"5,452 mi",3,$0.0607
BHX,SZX,"1,107",$420.35,"6,149 mi",3,$0.0684
HEL,OMR,"1,107",$218.06,899 mi,3,$0.2426
VCE,CFE,"1,107",$223.02,457 mi,3,$0.4880
LYS,NAV,"1,106",$469.18,"1,524 mi",3,$0.3079
AMS,AHU,"1,106",$290.44,"1,219 mi",3,$0.2383
BRU,SYR,"1,106",$713.28,"3,534 mi",3,$0.2018
GVA,FMO,"1,106",$156.55,426 mi,3,$0.3675
LCY,YYC,"1,106",$411.67,"4,502 mi",3,$0.0914
DUB,JAI,"1,105",$400.97,"4,567 mi",3,$0.0878
BGY,ERZ,"1,104",$144.11,"1,583 mi",3,$0.0910
HEL,RIC,"1,104",$909.64,"4,259 mi",3,$0.2136
LHR,FNT,"1,104",$698.41,"3,849 mi",3,$0.1815
PRG,MKE,"1,104",$576.22,"4,351 mi",3,$0.1324
WAW,MBJ,"1,104",$717.23,"5,746 mi",3,$0.1248
NCE,TKU,"1,104",$128.24,"1,281 mi",3,$0.1001
OSL,CWL,"1,104",$342.79,849 mi,3,$0.4038
ZAG,BDS,"1,104",$263.40,375 mi,3,$0.7024
EDI,SEZ,"1,103","$1,072.58","5,177 mi",3,$0.2072
BUD,DSS,"1,103",$727.50,"3,164 mi",3,$0.2299
LIS,EBL,"1,103",$411.02,"2,788 mi",3,$0.1474
PMI,COV,"1,103",$281.08,"1,702 mi",3,$0.1651
DUB,DRW,"1,102",$787.93,"9,025 mi",3,$0.0873
LHR,ZAD,"1,102",$264.88,917 mi,3,$0.2889
AMS,STT,"1,102",$368.80,"4,240 mi",3,$0.0870
BGY,DEL,"1,102",$171.92,"3,892 mi",3,$0.0442
BUD,BSZ,"1,102",$288.55,"2,567 mi",3,$0.1124
FCO,CGR,"1,102",$834.88,"6,239 mi",3,$0.1338
LYS,KWI,"1,102",$823.11,"2,651 mi",3,$0.3105
DBV,SJU,"1,101",$847.97,"5,231 mi",3,$0.1621
GVA,SNN,"1,101",$508.10,831 mi,3,$0.6114
VCE,JIB,"1,101","$1,059.47","2,875 mi",3,$0.3685
VIE,PUF,"1,101",$407.99,906 mi,3,$0.4503
AGP,PIT,"1,101",$688.54,"3,850 mi",3,$0.1788
CPH,RGN,"1,101",$489.74,"5,156 mi",3,$0.0950
GLA,SOF,"1,101",$324.69,"1,579 mi",3,$0.2056
HEL,MME,"1,101",$427.31,"1,084 mi",3,$0.3942
BUD,SXM,"1,100",$782.36,"4,807 mi",3,$0.1628
CPH,KMG,"1,100",$301.05,"4,668 mi",3,$0.0645
GOT,LCY,"1,100",$411.10,628 mi,3,$0.6546
LIS,POS,"1,100",$851.93,"3,857 mi",3,$0.2209
ZAG,GEO,"1,100",$989.49,"4,988 mi",3,$0.1984
BGY,ISB,"1,099",$282.12,"3,473 mi",3,$0.0812
CPH,POP,"1,099",$413.60,"4,983 mi",3,$0.0830
MAN,LYR,"1,099",$324.19,"1,720 mi",3,$0.1885
LGW,TBZ,"1,099",$507.71,"2,477 mi",3,$0.2050
OSL,GND,"1,099",$279.06,"5,061 mi",3,$0.0551
PMI,GUA,"1,098",$531.50,"5,578 mi",3,$0.0953
GLA,CCU,"1,098",$977.01,"4,891 mi",3,$0.1998
MAD,IOM,"1,098",$436.94,912 mi,3,$0.4791
MAD,NNG,"1,098",$363.48,"6,071 mi",3,$0.0599
NAP,ETM,"1,098",$211.46,"1,435 mi",3,$0.1474
CPH,BSB,"1,097",$872.44,"6,237 mi",3,$0.1399
LIS,IOS,"1,097",$517.79,"4,051 mi",3,$0.1278
OTP,MJI,"1,097",$247.48,"1,027 mi",3,$0.2410
VCE,SBZ,"1,097",$193.15,584 mi,3,$0.3307
CPH,BUS,"1,097",$257.78,"1,668 mi",3,$0.1545
LCY,SZG,"1,097",$146.25,613 mi,3,$0.2386
LGW,LYP,"1,097",$425.28,"3,748 mi",3,$0.1135
PMI,CGK,"1,097",$646.49,"7,011 mi",3,$0.0922
SOF,GOA,"1,096",$84.61,760 mi,3,$0.1113
ZAG,JAX,"1,096",$472.75,"4,932 mi",3,$0.0959
ARN,TUS,"1,096",$690.75,"5,296 mi",3,$0.1304
LCY,STR,"1,096",$164.15,436 mi,3,$0.3765
NCL,SJO,"1,096","$1,116.32","5,196 mi",3,$0.2148
VKO,MJI,"1,096",$168.91,"2,004 mi",3,$0.0843
PMI,DTW,"1,095","$1,314.24","4,167 mi",3,$0.3154
BGY,EBL,"1,095",$135.86,"1,829 mi",3,$0.0743
DME,IAD,"1,095","$1,411.24","4,747 mi",3,$0.2973
MRS,SAI,"1,095",$568.05,"5,846 mi",3,$0.0972
MXP,BDL,"1,095",$621.85,"3,770 mi",3,$0.1649
NCL,CVG,"1,095","$1,544.02","3,928 mi",3,$0.3931
BUD,VTE,"1,094",$337.40,"4,852 mi",3,$0.0695
LED,TRV,"1,094",$622.66,"4,157 mi",3,$0.1498
NAP,SJJ,"1,094",$206.78,280 mi,3,$0.7385
GVA,LPB,"1,094",$803.69,"6,130 mi",3,$0.1311
MXP,SBA,"1,094",$725.98,"5,861 mi",3,$0.1239
NCE,NWI,"1,094",$225.51,699 mi,3,$0.3226
VCE,RZE,"1,094",$264.04,533 mi,3,$0.4954
AMS,KHN,"1,093",$229.70,"5,630 mi",3,$0.0408
LIS,SYR,"1,093",$621.49,"3,516 mi",3,$0.1768
LIS,XER,"1,093",$146.67,"1,110 mi",3,$0.1321
NAP,ABQ,"1,093",$711.00,"5,809 mi",3,$0.1224
CPH,TAY,"1,093",$208.25,542 mi,3,$0.3842
LYS,NQZ,"1,093",$197.72,"3,053 mi",3,$0.0648
DME,CEB,"1,092",$523.37,"5,643 mi",3,$0.0927
AMS,DVO,"1,092",$646.35,"6,857 mi",3,$0.0943
AMS,SBP,"1,092",$768.29,"5,720 mi",3,$0.1343
FCO,DRW,"1,091",$909.07,"8,503 mi",3,$0.1069
AGP,TRS,"1,091",$226.73,"1,089 mi",3,$0.2082
MAD,EUN,"1,091",$156.64,"1,106 mi",3,$0.1416
MRS,YEG,"1,091",$378.68,"4,980 mi",3,$0.0760
FCO,HAK,"1,090",$215.16,"5,885 mi",3,$0.0366
HEL,XMN,"1,090",$469.29,"4,716 mi",3,$0.0995
LYS,VAS,"1,090",$286.49,"1,703 mi",3,$0.1682
EDI,PGF,"1,090",$130.29,925 mi,3,$0.1409
SNN,ROC,"1,090",$326.09,"3,220 mi",3,$0.1013
ARN,FOC,"1,089",$688.93,"4,922 mi",3,$0.1400
DBV,MCI,"1,089",$866.31,"5,559 mi",3,$0.1558
DBV,SOF,"1,089",$237.65,253 mi,3,$0.9393
VCE,KRS,"1,089",$296.18,869 mi,3,$0.3408
HEL,BAH,"1,089",$580.15,"2,725 mi",3,$0.2129
NAP,BDL,"1,089",$463.60,"4,165 mi",3,$0.1113
SVO,HET,"1,089",$239.09,"3,488 mi",3,$0.0685
GLA,MCI,"1,088","$1,131.89","3,922 mi",3,$0.2886
PMI,PDX,"1,088",$608.35,"5,821 mi",3,$0.1045
AMS,MDW,"1,088",$985.02,"3,989 mi",3,$0.2469
BGY,SPX,"1,088",$281.64,"1,522 mi",3,$0.1850
MRS,QKL,"1,088",$249.35,509 mi,3,$0.4899
WAW,UME,"1,088",$207.54,780 mi,3,$0.2661
GOT,LOS,"1,087",$611.90,"3,455 mi",3,$0.1771
GVA,UGC,"1,087",$500.47,"2,599 mi",3,$0.1926
PRG,BGI,"1,087",$665.51,"4,954 mi",3,$0.1343
BUD,SYX,"1,087",$201.52,"5,460 mi",3,$0.0369
LYS,TIV,"1,087",$169.01,693 mi,3,$0.2439
CDG,PLZ,"1,086","$1,099.35","6,084 mi",3,$0.1807
OSL,YWG,"1,086",$616.02,"3,966 mi",3,$0.1553
PRG,BUF,"1,086",$427.89,"4,279 mi",3,$0.1000
CDG,KLX,"1,086",$143.72,"1,315 mi",3,$0.1093
GOT,TSR,"1,086",$297.94,931 mi,3,$0.3200
LHR,UBJ,"1,086",$720.44,"6,027 mi",3,$0.1195
MXP,OXB,"1,086",$290.67,"2,817 mi",3,$0.1032
OSL,SVD,"1,086",$401.30,"4,681 mi",3,$0.0857
BOD,YQB,"1,085",$311.32,"3,387 mi",3,$0.0919
MAD,AVL,"1,085","$1,101.13","4,293 mi",3,$0.2565
MXP,XNN,"1,085",$389.65,"4,480 mi",3,$0.0870
NAP,RUN,"1,085",$450.83,"4,869 mi",3,$0.0926
NCL,HRE,"1,085",$842.38,"5,235 mi",3,$0.1609
BGY,DAR,"1,084",$246.89,"4,184 mi",3,$0.0590
LGW,URC,"1,084",$238.49,"3,756 mi",3,$0.0635
ZRH,ROA,"1,084",$685.03,"4,453 mi",3,$0.1538
AGP,DAR,"1,084",$391.66,"4,003 mi",3,$0.0978
FCO,PLQ,"1,084",$268.67,"1,089 mi",3,$0.2467
ARN,TRV,"1,083",$403.87,"4,795 mi",3,$0.0842
GVA,LGA,"1,083",$448.00,"3,736 mi",3,$0.1199
MAD,TSN,"1,083",$267.85,"5,621 mi",3,$0.0477
MXP,JUZ,"1,083",$291.16,"5,851 mi",3,$0.0498
NCE,KRN,"1,083",$243.91,"1,685 mi",3,$0.1448
ZRH,PWM,"1,083","$1,105.38","3,545 mi",3,$0.3118
ARN,MPM,"1,083",$546.74,"5,792 mi",3,$0.0944
LHR,IZO,"1,083",$954.75,"5,628 mi",3,$0.1696
CDG,SYZ,"1,083",$340.45,"2,840 mi",3,$0.1199
EDI,PBM,"1,083","$1,017.08","4,623 mi",3,$0.2200
LYS,EBB,"1,083",$339.50,"3,461 mi",3,$0.0981
ORY,TTA,"1,083",$162.83,"1,528 mi",3,$0.1066
OSL,PUF,"1,083",$349.93,"1,295 mi",3,$0.2702
VCE,RNS,"1,083",$281.60,667 mi,3,$0.4222
GVA,AAR,"1,082",$137.69,700 mi,3,$0.1967
MAD,PEN,"1,082",$966.85,"6,498 mi",3,$0.1488
NCE,LPI,"1,082",$410.15,"1,110 mi",3,$0.3695
STN,CAN,"1,082",$715.78,"5,684 mi",3,$0.1259
ARN,VAN,"1,082",$201.21,"1,893 mi",3,$0.1063
NCE,AAR,"1,082",$219.83,859 mi,3,$0.2559
NTE,NBO,"1,082",$722.38,"3,955 mi",3,$0.1826
STN,LUN,"1,082",$547.70,"5,091 mi",3,$0.1076
GVA,KTI,"1,081",$541.80,"5,884 mi",3,$0.0921
PRG,KZN,"1,081",$643.27,"1,447 mi",3,$0.4446
BUD,INN,"1,080",$204.39,359 mi,3,$0.5693
HEL,KHI,"1,080",$221.09,"3,061 mi",3,$0.0722
ARN,TFN,"1,079",$367.80,"2,766 mi",3,$0.1330
MAD,DIY,"1,079",$293.24,"2,396 mi",3,$0.1224
PRG,MVD,"1,079",$813.51,"7,480 mi",3,$0.1088
AMS,ZUH,"1,079",$365.21,"5,586 mi",3,$0.0654
LIS,RNS,"1,079",$331.96,719 mi,3,$0.4617
DBV,BLL,"1,078",$166.88,"1,027 mi",3,$0.1625
NCL,CHC,"1,078","$1,135.25","11,946 mi",3,$0.0950
VKO,ERF,"1,078",$109.59,"1,090 mi",3,$0.1005
ATH,BIA,"1,078",$207.88,850 mi,3,$0.2446
GVA,PNA,"1,078",$359.99,437 mi,3,$0.8238
LIS,FSC,"1,078",$474.01,"1,008 mi",3,$0.4702
NCL,CTA,"1,078",$386.64,"1,403 mi",3,$0.2756
ARN,DAD,"1,077",$488.73,"5,432 mi",3,$0.0900
LED,KMG,"1,077",$168.75,"4,258 mi",3,$0.0396
CPH,BEL,"1,077","$1,021.81","5,363 mi",3,$0.1905
GVA,EZS,"1,077",$187.29,"1,811 mi",3,$0.1034
GVA,TAO,"1,076",$568.38,"5,576 mi",3,$0.1019
MAN,CFE,"1,076",$228.58,559 mi,3,$0.4089
NCE,BGI,"1,076","$1,077.81","4,570 mi",3,$0.2358
VIE,SZZ,"1,076",$124.53,397 mi,3,$0.3137
WAW,LGK,"1,076",$533.40,"5,235 mi",3,$0.1019
LIS,ZTH,"1,075",$303.73,"1,574 mi",3,$0.1930
NCL,DUR,"1,075",$587.89,"6,349 mi",3,$0.0926
OSL,GOX,"1,075",$248.39,"4,483 mi",3,$0.0554
DUB,MBA,"1,075",$370.43,"4,914 mi",3,$0.0754
VKO,EZV,"1,075",$129.86,"1,078 mi",3,$0.1205
ZAG,CID,"1,075",$346.42,"5,079 mi",3,$0.0682
AGP,SSG,"1,074",$526.09,"2,351 mi",3,$0.2238
CPH,CKY,"1,074",$761.42,"3,591 mi",3,$0.2120
DBV,KUL,"1,074",$512.08,"5,583 mi",3,$0.0917
BCN,MUX,"1,074",$285.67,"3,976 mi",3,$0.0718
NCE,HUY,"1,074",$348.99,743 mi,3,$0.4697
BOD,VRN,"1,073",$174.32,584 mi,3,$0.2985
VIE,PBM,"1,073",$441.12,"4,947 mi",3,$0.0892
ARN,PQC,"1,073",$439.78,"5,640 mi",3,$0.0780
LHR,GJT,"1,073",$646.75,"4,684 mi",3,$0.1381
MAD,JIB,"1,073",$693.45,"3,361 mi",3,$0.2063
NCE,PLQ,"1,073",$187.57,"1,016 mi",3,$0.1846
VKO,CGK,"1,073",$706.94,"5,956 mi",3,$0.1187
WAW,MLX,"1,073",$141.14,"1,218 mi",3,$0.1159
WAW,PBM,"1,073",$470.39,"5,175 mi",3,$0.0909
CPH,BFS,"1,072",$51.06,768 mi,3,$0.0665
DUB,FWA,"1,072",$667.46,"3,713 mi",3,$0.1798
FCO,AXD,"1,072",$198.17,735 mi,3,$0.2696
GOT,PDX,"1,072",$926.99,"4,702 mi",3,$0.1971
BOD,EBL,"1,072",$592.81,"2,316 mi",3,$0.2560
BRU,LON,"1,072",$102.44,216 mi,3,$0.4743
CDG,LJG,"1,072",$535.20,"5,020 mi",3,$0.1066
NAP,SAL,"1,071",$500.46,"6,099 mi",3,$0.0821
ARN,MAH,"1,071",$325.16,"1,536 mi",3,$0.2117
NAP,PRN,"1,071",$350.13,378 mi,3,$0.9263
ZRH,CHA,"1,071",$427.04,"4,507 mi",3,$0.0948
GLA,GRZ,"1,070",$202.07,"1,078 mi",3,$0.1874
GVA,TFU,"1,070",$350.47,"4,950 mi",3,$0.0708
VKO,SPX,"1,070",$431.78,"1,734 mi",3,$0.2490
ZRH,GRB,"1,070",$688.03,"4,455 mi",3,$0.1544
ZRH,LGK,"1,070","$1,021.88","5,772 mi",3,$0.1770
DME,CCU,"1,070",$611.92,"3,520 mi",3,$0.1738
NAP,AOI,"1,070",$62.20,189 mi,3,$0.3291
NAP,EAS,"1,070",$324.30,815 mi,3,$0.3979
BCN,LFW,"1,069",$379.37,"2,501 mi",3,$0.1517
BHX,LAD,"1,069","$1,745.38","4,198 mi",3,$0.4158
AMS,PNR,"1,068",$947.41,"4,088 mi",3,$0.2318
BCN,MFE,"1,068",$593.69,"5,706 mi",3,$0.1040
CDG,SAP,"1,068",$750.37,"5,275 mi",3,$0.1423
LCY,AKL,"1,068",$813.08,"11,744 mi",3,$0.0692
LYS,SAI,"1,068",$646.86,"6,170 mi",3,$0.1048
LYS,VAR,"1,068",$179.76,"1,164 mi",3,$0.1544
BOD,MPL,"1,067",$311.95,240 mi,3,$1.2998
CDG,LUZ,"1,067",$66.10,929 mi,3,$0.0712
CDG,PHC,"1,067",$602.94,"3,143 mi",3,$0.1918
CPH,BOI,"1,067",$682.40,"5,111 mi",3,$0.1335
DBV,PEK,"1,067",$544.00,"4,930 mi",3,$0.1103
HEL,SAV,"1,067","$1,738.68","4,678 mi",3,$0.3717
MAD,VPS,"1,067",$643.15,"4,682 mi",3,$0.1374
NCE,ASR,"1,067",$199.79,"1,455 mi",3,$0.1373
FCO,KWE,"1,066",$250.28,"5,396 mi",3,$0.0464
HEL,KKN,"1,066",$214.99,645 mi,3,$0.3333
VCE,STI,"1,066",$285.79,"4,789 mi",3,$0.0597
WAW,MJT,"1,066",$202.02,973 mi,3,$0.2076
WAW,PLQ,"1,066",$146.52,271 mi,3,$0.5407
ZRH,INI,"1,066",$174.12,683 mi,3,$0.2549
AMS,GNY,"1,066",$282.81,"1,877 mi",3,$0.1507
ATH,KIN,"1,066",$816.99,"5,841 mi",3,$0.1399
ATH,SBZ,"1,066",$248.33,526 mi,3,$0.4721
BOD,OUD,"1,066",$124.82,718 mi,3,$0.1738
MXP,SFT,"1,066",$217.55,"1,352 mi",3,$0.1609
BUD,GDL,"1,065",$789.04,"6,350 mi",3,$0.1243
GOT,ISB,"1,065",$323.08,"3,128 mi",3,$0.1033
BHX,SHJ,"1,065",$231.57,"3,379 mi",3,$0.0685
CPH,YYT,"1,065","$1,022.46","2,834 mi",3,$0.3608
PMI,CTG,"1,064",$516.18,"5,291 mi",3,$0.0976
ZRH,YXE,"1,064",$691.03,"4,430 mi",3,$0.1560
LYS,ECN,"1,064",$147.73,"1,601 mi",3,$0.0923
NTE,BIQ,"1,064",$368.48,263 mi,3,$1.4011
ATH,FUE,"1,063",$488.99,"2,197 mi",3,$0.2226
NCE,CCU,"1,063",$544.29,"4,870 mi",3,$0.1118
NCE,KKN,"1,063",$292.00,"1,909 mi",3,$0.1530
CDG,YQQ,"1,063",$401.81,"4,789 mi",3,$0.0839
MAD,GZP,"1,063",$355.86,"1,892 mi",3,$0.1881
NCE,VGO,"1,063",$415.48,782 mi,3,$0.5313
BUD,BES,"1,062",$407.77,"1,127 mi",3,$0.3618
LIS,TUL,"1,062",$677.31,"4,702 mi",3,$0.1440
SNN,MSY,"1,062",$652.67,"4,123 mi",3,$0.1583
GLA,JAX,"1,061",$830.81,"4,143 mi",3,$0.2005
LHR,SKB,"1,061",$587.65,"3,978 mi",3,$0.1477
NAP,SVO,"1,061",$537.64,"1,517 mi",3,$0.3544
ORY,EBL,"1,061",$277.21,"2,186 mi",3,$0.1268
OTP,SAV,"1,061",$613.32,"5,609 mi",3,$0.1093
AGP,INN,"1,061",$286.31,"1,057 mi",3,$0.2709
DME,SYX,"1,061",$111.80,"4,595 mi",3,$0.0243
LHR,SHO,"1,061","$1,328.88","5,550 mi",3,$0.2394
NCE,ORF,"1,061",$654.42,"4,359 mi",3,$0.1501
WAW,NGB,"1,061",$620.83,"4,878 mi",3,$0.1273
LIS,YQT,"1,060",$270.67,"3,767 mi",3,$0.0719
PRG,SHJ,"1,060",$201.01,"2,859 mi",3,$0.0703
ARN,KHH,"1,060",$489.13,"5,455 mi",3,$0.0897
CDG,CAC,"1,060",$598.76,"5,982 mi",3,$0.1001
LGW,KUF,"1,060",$500.11,"2,024 mi",3,$0.2471
MAN,ANU,"1,060",$394.80,"3,906 mi",3,$0.1011
SVO,RGN,"1,060",$412.22,"3,936 mi",3,$0.1047
CPH,SSJ,"1,059",$251.24,735 mi,3,$0.3418
MRS,SJJ,"1,059",$277.29,676 mi,3,$0.4102
NCL,COV,"1,059",$226.63,"2,191 mi",3,$0.1034
BCN,PUY,"1,059",$188.97,627 mi,3,$0.3014
MAD,ANC,"1,059","$1,094.14","5,008 mi",3,$0.2185
ORY,CUZ,"1,059",$587.01,"6,041 mi",3,$0.0972
CPH,TUS,"1,058",$903.37,"5,691 mi",3,$0.1587
GVA,JIB,"1,058",$573.43,"3,326 mi",3,$0.1724
OSL,YYT,"1,058","$1,024.48","2,701 mi",3,$0.3793
ARN,DLC,"1,058",$435.67,"4,501 mi",3,$0.0968
BRU,BGF,"1,058",$353.24,"3,413 mi",3,$0.1035
PMI,TKU,"1,058",$207.71,"1,723 mi",3,$0.1206
SOF,ELQ,"1,058",$199.24,"1,565 mi",3,$0.1273
BCN,MTR,"1,057",$657.92,"5,034 mi",3,$0.1307
GVA,FEZ,"1,057",$204.06,"1,062 mi",3,$0.1921
VKO,HND,"1,057",$918.46,"4,535 mi",3,$0.2025
LYS,KBV,"1,057",$287.63,"5,825 mi",3,$0.0494
MXP,JAN,"1,057","$1,209.20","4,895 mi",3,$0.2470
OSL,ATQ,"1,057",$279.46,"3,555 mi",3,$0.0786
BHX,TFU,"1,056",$491.31,"5,047 mi",3,$0.0973
MAD,ZWS,"1,056",$210.25,822 mi,3,$0.2558
LYS,SZX,"1,056",$877.06,"5,768 mi",3,$0.1521
VCE,CFU,"1,056",$151.46,543 mi,3,$0.2789
BRU,AGH,"1,055",$86.23,521 mi,3,$0.1655
MRS,NQZ,"1,055",$289.50,"3,136 mi",3,$0.0923
VKO,PAD,"1,055",$35.31,"1,161 mi",3,$0.0304
GOT,GZP,"1,055",$239.43,"1,685 mi",3,$0.1421
MAD,CAY,"1,055",$538.54,"4,012 mi",3,$0.1342
ATH,NWI,"1,054",$339.47,"1,533 mi",3,$0.2214
BUD,SYZ,"1,054",$329.88,"2,095 mi",3,$0.1575
DUB,SBA,"1,054","$1,258.96","5,031 mi",3,$0.2502
MXP,ATW,"1,054","$1,449.00","4,300 mi",3,$0.3370
PRG,MOL,"1,054",$210.28,885 mi,3,$0.2376
AMS,AGS,"1,053",$974.70,"4,435 mi",3,$0.2198
LGW,LHW,"1,053",$279.35,"4,977 mi",3,$0.0561
NCE,LIG,"1,053",$307.50,343 mi,3,$0.8965
ATH,SBA,"1,053",$813.73,"6,716 mi",3,$0.1212
BHX,KUF,"1,053",$163.35,"2,175 mi",3,$0.0751
NAP,BUF,"1,053",$732.28,"4,381 mi",3,$0.1671
VCE,LAD,"1,052",$718.00,"3,869 mi",3,$0.1856
SNN,DSM,"1,051",$505.11,"3,937 mi",3,$0.1283
ATH,STI,"1,051",$493.98,"5,810 mi",3,$0.0850
HEL,HUY,"1,051",$273.16,"1,021 mi",3,$0.2675
LIS,ADD,"1,051",$495.34,"3,495 mi",3,$0.1417
ARN,SVD,"1,051",$348.92,"5,209 mi",3,$0.0670
LHR,PMW,"1,051",$625.50,"5,285 mi",3,$0.1184
BRU,KWE,"1,050",$393.16,"5,473 mi",3,$0.0718
CPH,GYE,"1,050",$606.32,"6,633 mi",3,$0.0914
GOT,YYC,"1,050",$661.98,"4,461 mi",3,$0.1484
GVA,HUY,"1,050",$216.97,599 mi,3,$0.3622
NCE,AMD,"1,050","$1,272.26","3,807 mi",3,$0.3342
SNN,DEL,"1,050",$509.21,"4,379 mi",3,$0.1163
BCN,NNG,"1,049",$727.40,"6,154 mi",3,$0.1182
BUD,PTP,"1,049",$678.83,"5,118 mi",3,$0.1326
LIS,AJU,"1,049",$778.16,"3,764 mi",3,$0.2067
VCE,LFW,"1,049",$400.12,"2,714 mi",3,$0.1474
AGP,MAA,"1,049",$539.34,"5,232 mi",3,$0.1031
BHX,WLG,"1,049","$1,330.14","11,301 mi",3,$0.1177
MRS,BNA,"1,049",$904.35,"4,790 mi",3,$0.1888
WAW,SAI,"1,049",$798.55,"5,051 mi",3,$0.1581
CPH,PAS,"1,048",$363.89,"1,454 mi",3,$0.2503
GVA,YWG,"1,048",$669.89,"4,241 mi",3,$0.1580
NCL,CCU,"1,048",$675.60,"4,803 mi",3,$0.1407
PMI,SGN,"1,048",$444.79,"6,272 mi",3,$0.0709
VKO,TUU,"1,048",$482.43,"1,825 mi",3,$0.2643
VCE,AUA,"1,048",$725.11,"5,080 mi",3,$0.1427
ARN,PAS,"1,047",$395.43,"1,645 mi",3,$0.2404
MXP,ANC,"1,047",$517.00,"4,813 mi",3,$0.1074
BRU,VAN,"1,046",$221.45,"2,124 mi",3,$0.1043
BUD,MSN,"1,046",$550.90,"4,673 mi",3,$0.1179
NCE,SDF,"1,046",$841.76,"4,462 mi",3,$0.1887
NCE,ALF,"1,046",$185.26,"1,846 mi",3,$0.1004
ATH,CTU,"1,045",$423.59,"4,322 mi",3,$0.0980
BCN,EXT,"1,045",$272.25,724 mi,3,$0.3760
BHX,YYC,"1,045",$453.05,"4,400 mi",3,$0.1030
DUB,GOI,"1,045",$315.79,"4,814 mi",3,$0.0656
HEL,TSA,"1,045",$889.89,"5,091 mi",3,$0.1748
LIS,PUY,"1,045",$167.43,"1,293 mi",3,$0.1295
VCE,PUF,"1,045",$356.82,665 mi,3,$0.5366
VIE,BUF,"1,045",$930.35,"4,447 mi",3,$0.2092
LED,UTP,"1,044",$389.83,"4,652 mi",3,$0.0838
ATH,CBR,"1,044","$1,451.76","9,156 mi",3,$0.1586
AMS,HOV,"1,043",$204.87,705 mi,3,$0.2906
BGY,BGW,"1,043",$192.24,"2,071 mi",3,$0.0928
LIS,BGI,"1,043",$755.69,"3,646 mi",3,$0.2073
MAD,CXJ,"1,043",$779.71,"5,528 mi",3,$0.1410
BUD,ALB,"1,042",$413.60,"4,138 mi",3,$0.1000
CPH,LGK,"1,042",$379.46,"5,915 mi",3,$0.0642
VIE,NOS,"1,042",$653.09,"4,810 mi",3,$0.1358
GVA,OKA,"1,042",$435.76,"6,428 mi",3,$0.0678
GVA,TUS,"1,041","$1,001.47","5,579 mi",3,$0.1795
MAD,PSP,"1,041","$1,018.61","5,934 mi",3,$0.1717
STN,TPE,"1,041",$818.88,"5,857 mi",3,$0.1398
BRU,DUS,"1,041",$262.65,106 mi,3,$2.4778
GVA,DLC,"1,041",$335.18,"5,167 mi",3,$0.0649
HEL,DLA,"1,041",$383.16,"3,854 mi",3,$0.0994
AGP,BAQ,"1,040",$479.36,"4,821 mi",3,$0.0994
WAW,CTG,"1,040",$691.10,"5,743 mi",3,$0.1203
ARN,SGD,"1,039",$178.81,430 mi,3,$0.4158
BCN,DTM,"1,039",$218.47,776 mi,3,$0.2815
GVA,JUB,"1,039",$712.43,"3,143 mi",3,$0.2267
VIE,GRX,"1,039",$374.44,"1,236 mi",3,$0.3029
DBV,CMH,"1,039",$772.21,"4,759 mi",3,$0.1623
EDI,PEW,"1,038",$342.06,"3,636 mi",3,$0.0941
GLA,CUR,"1,038",$636.16,"4,407 mi",3,$0.1444
MAD,FSC,"1,038",$386.05,643 mi,3,$0.6004
LYS,YEG,"1,038","$1,025.34","4,560 mi",3,$0.2249
NCE,PNR,"1,038","$1,052.71","3,261 mi",3,$0.3228
ORY,SZF,"1,038",$144.79,"1,680 mi",3,$0.0862
PRG,KAO,"1,038",$238.59,"1,182 mi",3,$0.2019
BOD,RDU,"1,037","$1,012.48","4,118 mi",3,$0.2459
GVA,AES,"1,037",$356.03,"1,162 mi",3,$0.3064
MXP,FNA,"1,037",$305.06,"2,784 mi",3,$0.1096
ZRH,ASM,"1,037",$354.11,"2,734 mi",3,$0.1295
DME,TPE,"1,037",$781.67,"4,689 mi",3,$0.1667
LIS,MYR,"1,037",$654.81,"3,925 mi",3,$0.1668
GLA,SZG,"1,036",$172.36,898 mi,3,$0.1919
MXP,HNY,"1,036",$250.30,"5,361 mi",3,$0.0467
DUB,ABJ,"1,036","$1,022.63","3,230 mi",3,$0.3166
FCO,RDM,"1,036",$817.43,"6,003 mi",3,$0.1362
LIS,OUD,"1,036",$109.63,500 mi,3,$0.2193
MAD,KUO,"1,036",$261.20,"2,074 mi",3,$0.1259
BRU,OMR,"1,035",$138.43,857 mi,3,$0.1615
CPH,NGO,"1,035",$560.51,"5,213 mi",3,$0.1075
EDI,ESU,"1,035",$67.17,"1,776 mi",3,$0.0378
GVA,PBM,"1,035",$984.83,"4,454 mi",3,$0.2211
SVO,BNX,"1,035",$257.15,"1,195 mi",3,$0.2152
GVA,GZP,"1,035",$359.31,"1,558 mi",3,$0.2306
GVA,LPI,"1,035",$376.40,900 mi,3,$0.4182
LHR,YNB,"1,035","$1,170.56","2,855 mi",3,$0.4100
LIS,CGH,"1,035",$963.29,"4,799 mi",3,$0.2007
MAD,HME,"1,035",$74.16,838 mi,3,$0.0885
NCL,AUS,"1,035",$903.74,"4,901 mi",3,$0.1844
WAW,LPI,"1,035",$280.49,467 mi,3,$0.6006
DUB,GUA,"1,034",$500.68,"5,332 mi",3,$0.0939
LHR,HSG,"1,034","$2,645.74","5,696 mi",3,$0.4645
NAP,USM,"1,034",$381.25,"5,735 mi",3,$0.0665
NCE,COK,"1,034",$420.84,"4,839 mi",3,$0.0870
ZRH,YXY,"1,034",$427.54,"4,832 mi",3,$0.0885
AMS,BBI,"1,033",$502.97,"4,889 mi",3,$0.1029
GOT,ORK,"1,033",$438.11,889 mi,3,$0.4928
ZRH,YKA,"1,033",$802.35,"4,859 mi",3,$0.1651
ATH,ASW,"1,033",$116.62,"1,131 mi",3,$0.1031
FCO,LPB,"1,033",$889.18,"6,693 mi",3,$0.1329
HEL,FDF,"1,033",$485.64,"5,363 mi",3,$0.0906
LGW,INC,"1,033",$598.84,"4,956 mi",3,$0.1208
NCE,COV,"1,033",$249.60,"1,579 mi",3,$0.1581
GLA,LJU,"1,032",$315.22,"1,083 mi",3,$0.2911
LED,SKP,"1,032",$187.07,"1,325 mi",3,$0.1412
STN,ICN,"1,032",$732.46,"5,629 mi",3,$0.1301
LED,HER,"1,032",$400.56,"1,756 mi",3,$0.2281
LYS,HAH,"1,032",$423.75,"4,475 mi",3,$0.0947
VIE,KZN,"1,032","$1,015.81","1,428 mi",3,$0.7114
ARN,BSB,"1,031",$930.93,"6,174 mi",3,$0.1508
BHX,LSI,"1,031",$447.66,528 mi,3,$0.8478
LHR,WGA,"1,031",$965.23,"10,809 mi",3,$0.0893
LIS,TAO,"1,031","$1,131.90","6,130 mi",3,$0.1846
MRS,DMM,"1,031",$407.50,"2,825 mi",3,$0.1442
ZAG,IND,"1,031",$876.37,"4,978 mi",3,$0.1760
FCO,NDJ,"1,031",$533.20,"1,995 mi",3,$0.2673
ZRH,OSD,"1,031",$219.18,"1,078 mi",3,$0.2033
FCO,YKA,"1,030",$287.58,"5,601 mi",3,$0.0513
NCE,REC,"1,030",$678.24,"4,577 mi",3,$0.1482
MAD,PAS,"1,030",$407.98,"1,605 mi",3,$0.2542
SOF,SJO,"1,030",$687.99,"6,819 mi",3,$0.1009
ZRH,YYD,"1,030",$400.87,"4,767 mi",3,$0.0841
CDG,PXU,"1,029",$640.44,"6,352 mi",3,$0.1008
EDI,CID,"1,029",$828.07,"3,955 mi",3,$0.2094
LHR,DYG,"1,029",$240.55,"5,312 mi",3,$0.0453
LYS,BAH,"1,029",$446.86,"2,914 mi",3,$0.1533
PRG,OKA,"1,029",$541.07,"5,608 mi",3,$0.0965
HEL,CKG,"1,028",$404.11,"4,053 mi",3,$0.0997
LIS,LIT,"1,028",$804.44,"4,575 mi",3,$0.1758
ZAG,FMO,"1,028",$270.55,565 mi,3,$0.4788
AMS,HDS,"1,027",$546.61,"5,693 mi",3,$0.0960
BCN,PVH,"1,027",$510.93,"5,249 mi",3,$0.0973
BUD,IAS,"1,027",$166.81,404 mi,3,$0.4129
GLA,CMH,"1,027",$820.88,"3,688 mi",3,$0.2226
GVA,NWI,"1,027",$249.32,510 mi,3,$0.4889
ATH,CFE,"1,026",$427.16,"1,158 mi",3,$0.3689
CDG,SVB,"1,026","$2,831.22","5,408 mi",3,$0.5235
NAP,DMM,"1,026",$315.68,"2,319 mi",3,$0.1361
NTE,POZ,"1,026",$303.45,869 mi,3,$0.3492
ZRH,MYR,"1,026",$510.26,"4,311 mi",3,$0.1184
ARN,SBZ,"1,025",$266.63,"1,021 mi",3,$0.2611
GVA,SKD,"1,025",$639.10,"3,125 mi",3,$0.2045
MXP,SZF,"1,025",$264.08,"1,464 mi",3,$0.1804
ZRH,AOK,"1,025",$427.61,"1,229 mi",3,$0.3479
ATH,CSX,"1,024",$363.53,"5,165 mi",3,$0.0704
CDG,XAP,"1,024",$626.64,"6,450 mi",3,$0.0972
VIE,OMO,"1,024",$99.95,329 mi,3,$0.3038
ATH,EVE,"1,023",$217.78,"2,193 mi",3,$0.0993
MRS,EBB,"1,023",$436.67,"3,334 mi",3,$0.1310
DUB,FDF,"1,022",$468.18,"4,101 mi",3,$0.1142
FCO,SJD,"1,022",$765.22,"6,419 mi",3,$0.1192
GLA,DAC,"1,022",$938.54,"5,199 mi",3,$0.1805
LGW,ENU,"1,022",$254.35,"3,212 mi",3,$0.0792
LYS,YTZ,"1,022",$195.13,"3,830 mi",3,$0.0509
OTP,KRN,"1,022",$379.91,"1,571 mi",3,$0.2418
BCN,DAB,"1,021",$597.42,"4,726 mi",3,$0.1264
GVA,EAS,"1,021",$218.32,448 mi,3,$0.4873
LHR,KUH,"1,021",$581.73,"5,738 mi",3,$0.1014
AMS,MAF,"1,020","$1,679.82","4,993 mi",3,$0.3364
BCN,LJG,"1,020",$350.27,"5,254 mi",3,$0.0667
BRU,EZS,"1,020",$148.58,"1,941 mi",3,$0.0765
DUB,AZO,"1,020","$1,177.00","3,455 mi",3,$0.3407
HEL,LCY,"1,020",$308.10,"1,164 mi",3,$0.2647
MXP,BTV,"1,020",$620.12,"3,925 mi",3,$0.1580
NCE,SNN,"1,020",$737.15,938 mi,3,$0.7859
VIE,YYJ,"1,020",$779.48,"5,497 mi",3,$0.1418
LED,GNY,"1,019",$131.35,"1,639 mi",3,$0.0801
LHR,TRC,"1,019",$535.41,"5,212 mi",3,$0.1027
MAN,GSP,"1,019",$622.04,"4,057 mi",3,$0.1533
CDG,BZE,"1,018",$807.77,"5,508 mi",3,$0.1467
ZRH,YIA,"1,018",$731.68,"6,943 mi",3,$0.1054
BOD,LOS,"1,018",$803.23,"2,734 mi",3,$0.2938
CDG,ERZ,"1,018",$151.81,"1,920 mi",3,$0.0791
MXP,CRV,"1,018",$68.95,607 mi,3,$0.1136
MAD,XER,"1,017",$247.70,811 mi,3,$0.3054
MAN,UBN,"1,017",$847.06,"4,450 mi",3,$0.1904
MRS,CVG,"1,016",$781.63,"4,307 mi",3,$0.1815
PRG,TNG,"1,016",$361.92,"1,374 mi",3,$0.2634
AMS,LHW,"1,015",$308.23,"4,748 mi",3,$0.0649
BUD,LIT,"1,015",$498.51,"5,195 mi",3,$0.0960
OTP,DNZ,"1,015",$66.89,520 mi,3,$0.1286
VKO,JNB,"1,015",$704.90,"5,502 mi",3,$0.1281
CDG,RDM,"1,014","$1,463.15","5,307 mi",3,$0.2757
ATH,PSP,"1,012","$1,194.85","7,072 mi",3,$0.1690
HEL,SJU,"1,012",$890.53,"5,303 mi",3,$0.1679
MXP,KAO,"1,012",$289.17,"1,551 mi",3,$0.1864
HEL,BJV,"1,011",$291.01,"1,550 mi",3,$0.1877
NAP,SSA,"1,011",$534.58,"5,157 mi",3,$0.1037
WAW,SPX,"1,011",$517.25,"1,558 mi",3,$0.3320
AMS,JUB,"1,010",$293.45,"3,508 mi",3,$0.0837
BUD,TNG,"1,010",$274.39,"1,568 mi",3,$0.1750
VIE,ERC,"1,010",$104.70,"1,236 mi",3,$0.0847
GVA,KLX,"1,009",$239.04,"1,003 mi",3,$0.2383
LGW,ROC,"1,009",$516.78,"3,407 mi",3,$0.1517
LGW,UBN,"1,009",$454.78,"4,231 mi",3,$0.1075
MAN,KUF,"1,009",$163.22,"2,172 mi",3,$0.0751
VCE,HUY,"1,009",$264.44,771 mi,3,$0.3430
HEL,EVE,"1,008",$202.14,633 mi,3,$0.3193
MXP,PEW,"1,008",$327.59,"3,440 mi",3,$0.0952
PRG,ELP,"1,008",$546.80,"5,889 mi",3,$0.0929
ZRH,VBY,"1,008",$252.99,838 mi,3,$0.3019
AMS,MUB,"1,007",$598.34,"5,273 mi",3,$0.1135
EDI,AVL,"1,007",$590.65,"3,951 mi",3,$0.1495
AGP,SAW,"1,006",$192.35,"1,777 mi",3,$0.1082
MXP,SAW,"1,006",$59.80,"1,051 mi",3,$0.0569
PRG,JOE,"1,006",$168.90,"1,011 mi",3,$0.1671
ZAG,CHQ,"1,006",$180.07,847 mi,3,$0.2126
AGP,ANU,"1,005",$742.41,"3,831 mi",3,$0.1938
CPH,SAV,"1,004",$777.74,"4,697 mi",3,$0.1656
LYS,EUN,"1,004",$202.72,"1,678 mi",3,$0.1208
LYS,JIB,"1,004",$430.65,"3,152 mi",3,$0.1366
ATH,SCV,"1,003",$149.44,664 mi,3,$0.2251
ATH,PVD,"1,002",$658.40,"4,641 mi",3,$0.1419
BUD,CHC,"1,002","$1,373.57","11,454 mi",3,$0.1199
AMS,ERZ,"1,001",$197.79,"1,971 mi",3,$0.1004
BRU,TRF,"1,001",$149.77,598 mi,3,$0.2505
BUD,GEG,"1,001",$557.24,"5,535 mi",3,$0.1007
EDI,AUA,"1,001",$907.21,"4,468 mi",3,$0.2030
DBV,SCL,"1,000","$1,254.01","7,916 mi",3,$0.1584
LYS,SZF,"1,000",$137.25,"1,549 mi",3,$0.0886
OTP,CCU,"1,000",$464.46,"3,905 mi",3,$0.1189
PMI,ANC,"1,000",$590.61,"5,151 mi",3,$0.1147