ORIGIN,DESTINATION,PAX IN/OUT,AVG. FARE ($),DISTANCE (MI),DAILY PAX I/O,RPM ($/MI)
YVR,YYZ,"1,631,956",$268.68,"2,017 mi","4,471",$0.1332
YYC,YYZ,"1,375,270",$224.92,"1,721 mi","3,768",$0.1307
YVR,YYC,"1,335,603",$105.53,413 mi,"3,659",$0.2555
YUL,YYZ,"1,130,198",$220.12,324 mi,"3,096",$0.6794
YYZ,LGA,"936,437",$200.03,345 mi,"2,566",$0.5798
YYZ,CUN,"867,542",$175.20,"1,668 mi","2,377",$0.1050
YEG,YYZ,"814,525",$173.15,"1,721 mi","2,232",$0.1006
YEG,YVR,"759,118",$113.15,517 mi,"2,080",$0.2189
YHZ,YYZ,"745,135",$157.91,776 mi,"2,041",$0.2035
YYZ,PUJ,"742,559",$174.47,"1,910 mi","2,034",$0.0913
YUL,CDG,"734,773",$237.92,"3,535 mi","2,013",$0.0673
YWG,YYZ,"695,569",$165.16,907 mi,"1,906",$0.1821
YYZ,LHR,"609,653",$593.94,"3,652 mi","1,670",$0.1626
YVR,LAX,"608,595",$191.60,"1,114 mi","1,667",$0.1720
YYZ,FLL,"571,033",$185.71,"1,254 mi","1,564",$0.1481
YYZ,MCO,"564,230",$168.03,"1,026 mi","1,546",$0.1638
YYZ,DEL,"556,937",$524.69,"7,015 mi","1,526",$0.0748
YUL,CUN,"551,917",$168.25,"1,790 mi","1,512",$0.0940
YTZ,YUL,"548,557",$181.77,297 mi,"1,503",$0.6120
YYZ,LAX,"521,996",$330.83,"2,106 mi","1,430",$0.1571
YYZ,YOW,"501,948",$197.16,219 mi,"1,375",$0.9003
YUL,FLL,"499,311",$197.87,"1,428 mi","1,368",$0.1386
YVR,SFO,"479,250",$177.28,777 mi,"1,313",$0.2282
YUL,PUJ,"476,003",$189.82,"1,827 mi","1,304",$0.1039
YWG,YYC,"422,160",$154.23,718 mi,"1,157",$0.2148
YVR,YLW,"417,109",$114.01,183 mi,"1,143",$0.6230
YUL,YVR,"407,242",$304.37,"2,219 mi","1,116",$0.1372
YYZ,LAS,"397,952",$246.46,"1,997 mi","1,090",$0.1234
YYC,YXX,"385,770",$74.06,409 mi,"1,057",$0.1811
YYZ,SFO,"382,102",$365.22,"2,323 mi","1,047",$0.1572
YVR,YWG,"361,843",$149.41,"1,123 mi",991,$0.1330
YYZ,ORD,"352,157",$204.16,448 mi,965,$0.4557
YEG,YXX,"348,607",$64.08,467 mi,955,$0.1372
YUL,YYC,"347,393",$269.17,"1,923 mi",952,$0.1400
YYC,YLW,"334,499",$117.42,255 mi,916,$0.4605
YVR,LHR,"326,851",$626.45,"4,850 mi",895,$0.1292
YYZ,MIA,"321,568",$238.79,"1,273 mi",881,$0.1876
YVR,DEL,"320,582",$570.84,"6,712 mi",878,$0.0850
YYZ,MBJ,"318,295",$195.77,"1,794 mi",872,$0.1091
YYC,YYJ,"318,025",$131.68,438 mi,871,$0.3006
YEG,YYC,"312,426",$139.75,158 mi,856,$0.8845
YTZ,YOW,"310,505",$154.99,211 mi,851,$0.7345
YYZ,EWR,"306,240",$193.92,337 mi,839,$0.5754
YTZ,EWR,"299,714",$134.65,346 mi,821,$0.3892
YVR,CUN,"290,651",$208.31,"2,698 mi",796,$0.0772
YVR,HKG,"289,585",$740.37,"6,190 mi",793,$0.1196
YUL,LGA,"283,937",$211.13,314 mi,778,$0.6724
YVR,LAS,"280,392",$166.48,"1,022 mi",768,$0.1629
YYZ,CDG,"279,457",$320.11,"3,628 mi",766,$0.0882
YYZ,TPA,"275,896",$163.59,"1,130 mi",756,$0.1448
YYT,YYZ,"269,512",$249.05,"1,279 mi",738,$0.1947
YVR,YOW,"264,347",$293.75,"2,273 mi",724,$0.1292
YHZ,YUL,"263,460",$188.31,514 mi,722,$0.3664
YEG,YLW,"258,286",$110.86,329 mi,708,$0.3370
YYC,YOW,"255,654",$207.15,"1,843 mi",700,$0.1124
YYZ,LIS,"252,866",$253.23,"3,460 mi",693,$0.0732
YEG,YWG,"250,904",$153.96,760 mi,687,$0.2026
YYZ,HKG,"246,241","$1,185.89","8,031 mi",675,$0.1477
YVR,YXY,"244,566",$199.44,950 mi,670,$0.2099
YYZ,RSW,"243,777",$187.42,"1,154 mi",668,$0.1624
YYZ,FCO,"241,394",$307.74,"4,271 mi",661,$0.0721
YYZ,YXE,"240,848",$206.43,"1,414 mi",660,$0.1460
YUL,MCO,"231,857",$183.04,"1,285 mi",635,$0.1424
YVR,NRT,"231,781",$398.49,"4,522 mi",635,$0.0881
YYZ,YYJ,"228,231",$251.12,"2,031 mi",625,$0.1236
YYZ,YLW,"227,880",$228.76,"1,848 mi",624,$0.1238
YVR,YYJ,"223,427",$70.20,40 mi,612,$1.7550
YYZ,DFW,"223,003",$362.51,"1,162 mi",611,$0.3120
YHZ,YOW,"219,732",$198.59,575 mi,602,$0.3454
YYC,CUN,"219,112",$242.94,"2,466 mi",600,$0.0985
YYC,LHR,"218,395",$366.21,"4,227 mi",598,$0.0866
YVR,EWR,"216,259",$386.97,"2,350 mi",592,$0.1647
YYZ,DUB,"215,211",$288.12,"3,367 mi",590,$0.0856
YVR,ICN,"215,105",$572.86,"4,942 mi",589,$0.1159
YYZ,LGW,"214,362",$184.02,"3,673 mi",587,$0.0501
YYC,YXE,"212,367",$160.62,312 mi,582,$0.5148
YYC,PHX,"212,315",$209.28,"1,189 mi",582,$0.1760
YHZ,YYT,"210,311",$195.27,563 mi,576,$0.3468
YYZ,PHX,"210,045",$283.46,"1,928 mi",575,$0.1470
YVR,YXS,"208,591",$194.61,335 mi,571,$0.5809
YYZ,BOS,"208,039",$269.70,432 mi,570,$0.6243
YYC,LAS,"207,274",$190.92,"1,071 mi",568,$0.1783
YYZ,JFK,"206,195",$148.10,355 mi,565,$0.4172
YVR,HNL,"204,401",$295.19,"2,624 mi",560,$0.1125
YVR,PVR,"204,178",$185.41,"2,138 mi",559,$0.0867
YYZ,MEX,"202,127",$347.42,"2,078 mi",554,$0.1672
YUL,ALG,"191,304",$292.07,"4,016 mi",524,$0.0727
YQB,YYZ,"191,265",$249.95,469 mi,524,$0.5329
YYC,YQR,"188,682",$207.52,400 mi,517,$0.5188
YYC,IAH,"186,452",$278.26,"1,696 mi",511,$0.1641
YYC,LAX,"185,519",$198.45,"1,171 mi",508,$0.1695
YQB,YUL,"183,862",$108.80,141 mi,504,$0.7716
YVR,ORD,"180,322",$302.77,"1,812 mi",494,$0.1671
YYZ,YQR,"179,433",$218.29,"1,222 mi",492,$0.1786
YYZ,MNL,"179,109",$680.44,"8,456 mi",491,$0.0805
YYZ,ICN,"176,951",$818.87,"6,795 mi",485,$0.1205
YEG,CUN,"175,235",$223.71,"2,559 mi",480,$0.0874
YVR,YXE,"174,746",$163.88,727 mi,479,$0.2254
YEG,YYJ,"173,950",$125.65,551 mi,477,$0.2280
YEG,YOW,"173,286",$203.69,"1,824 mi",475,$0.1117
YYZ,VRA,"172,871",$182.62,"1,473 mi",474,$0.1240
YYZ,YQT,"171,605",$216.95,583 mi,470,$0.3721
YYC,PVR,"170,212",$203.60,"2,221 mi",466,$0.0917
YUL,LIS,"170,176",$190.34,"3,351 mi",466,$0.0568
YYZ,KIN,"169,917",$198.07,"1,732 mi",466,$0.1144
YTZ,BOS,"169,051",$184.80,420 mi,463,$0.4400
YVR,PHX,"168,615",$234.69,"1,194 mi",462,$0.1966
YUL,LHR,"167,822",$614.06,"3,143 mi",460,$0.1954
YYZ,SEA,"165,225",$298.68,"1,993 mi",453,$0.1499
YYZ,AMS,"163,170",$308.01,"3,610 mi",447,$0.0853
YYC,SFO,"162,971",$184.97,"1,049 mi",446,$0.1763
YWG,YOW,"162,475",$220.60,"1,080 mi",445,$0.2043
YYZ,ATL,"159,504",$353.79,762 mi,437,$0.4643
YEG,YUL,"158,350",$271.60,"1,790 mi",434,$0.1517
YUL,CMN,"155,566",$299.15,"3,632 mi",426,$0.0824
YYZ,IAH,"150,076",$377.35,"1,242 mi",411,$0.3038
YYZ,YXX,"148,371",$158.14,"2,104 mi",406,$0.0752
YVR,PSP,"146,694",$219.43,"1,148 mi",402,$0.1911
YYC,ORD,"146,656",$271.80,"1,423 mi",402,$0.1910
YHZ,YYC,"146,572",$267.46,"2,397 mi",402,$0.1116
YVR,MNL,"143,350",$507.80,"6,755 mi",393,$0.0752
YVR,YQR,"143,141",$156.49,803 mi,392,$0.1949
YYZ,LIR,"143,113",$258.22,"2,244 mi",392,$0.1151
YYZ,DCA,"142,528",$216.16,370 mi,390,$0.5842
YVR,MEX,"142,012",$306.06,"2,377 mi",389,$0.1288
YUL,VRA,"140,718",$186.17,"1,561 mi",386,$0.1193
YYZ,DXB,"140,636",$808.35,"7,093 mi",385,$0.1140
YUL,FCO,"139,394",$246.89,"4,214 mi",382,$0.0586
YUL,LAX,"137,018",$352.95,"2,394 mi",375,$0.1474
YYZ,ATH,"136,671",$398.52,"5,203 mi",374,$0.0766
YYZ,BNA,"136,612",$207.50,660 mi,374,$0.3144
YVR,SJD,"135,461",$190.93,"1,885 mi",371,$0.1013
YYZ,FRA,"135,353",$371.95,"4,060 mi",371,$0.0916
YUL,LAS,"134,520",$308.57,"2,301 mi",369,$0.1341
YYC,DEL,"132,150",$469.71,"7,096 mi",362,$0.0662
YYZ,HND,"131,641",$967.18,"6,235 mi",361,$0.1551
YYZ,BOM,"130,328",$552.72,"7,530 mi",357,$0.0734
YYC,YMM,"130,206",$227.99,411 mi,357,$0.5547
YVR,PVG,"130,186",$744.41,"5,434 mi",357,$0.1370
YVR,DFW,"129,811",$324.43,"1,699 mi",356,$0.1910
YVR,DEN,"129,440",$300.48,"1,145 mi",355,$0.2624
YUL,LYS,"128,857",$215.55,"3,753 mi",353,$0.0574
YTZ,YQT,"127,911",$167.53,561 mi,350,$0.2986
YUL,MEX,"127,890",$308.29,"2,376 mi",350,$0.1298
YYZ,BCN,"127,767",$390.44,"3,868 mi",350,$0.1009
YVR,YXT,"126,144",$343.55,444 mi,346,$0.7738
YUL,YWG,"125,218",$256.24,"1,096 mi",343,$0.2338
YUL,CCC,"124,805",$156.63,"1,659 mi",342,$0.0944
YYZ,PVG,"124,558","$1,065.79","7,305 mi",341,$0.1459
YYZ,POP,"123,701",$195.81,"1,682 mi",339,$0.1164
YYZ,SAN,"123,325",$345.75,"2,088 mi",338,$0.1656
YYZ,NAS,"121,833",$214.38,"1,254 mi",334,$0.1710
YVR,SAN,"120,831",$245.10,"1,214 mi",331,$0.2019
YVR,JFK,"120,216",$337.74,"2,369 mi",329,$0.1426
YUL,EWR,"119,501",$184.78,341 mi,327,$0.5419
YUL,MIA,"119,341",$225.84,"1,449 mi",327,$0.1559
YVR,TPE,"119,260",$717.03,"5,781 mi",327,$0.1240
YYC,CDG,"118,704",$312.32,"4,711 mi",325,$0.0663
YYZ,YQM,"118,293",$211.46,771 mi,324,$0.2743
YYZ,IST,"117,532",$405.15,"5,229 mi",322,$0.0775
YYZ,POS,"116,359",$339.09,"2,458 mi",319,$0.1380
YYZ,CCC,"115,101",$128.57,"1,424 mi",315,$0.0903
YEG,LAS,"114,869",$158.77,"1,229 mi",315,$0.1292
YYZ,PVR,"114,862",$220.17,"2,231 mi",315,$0.0987
YYC,YKF,"113,172",$86.85,"1,597 mi",310,$0.0544
YVR,OGG,"113,110",$383.08,"2,753 mi",310,$0.1392
YYC,YQU,"112,026",$228.59,356 mi,307,$0.6421
YUL,ORD,"110,269",$264.01,724 mi,302,$0.3647
YEG,PVR,"109,971",$203.02,"2,366 mi",301,$0.0858
YYC,DFW,"108,955",$404.22,"1,569 mi",299,$0.2576
YUL,BCN,"108,092",$245.16,"3,563 mi",296,$0.0688
YYZ,BGI,"107,778",$292.33,"2,501 mi",295,$0.1169
YYZ,AUA,"107,391",$261.73,"2,162 mi",294,$0.1211
YYC,PSP,"107,222",$229.70,"1,237 mi",294,$0.1857
YYC,MCO,"107,163",$280.32,"2,237 mi",294,$0.1253
YYZ,YYG,"106,854",$211.92,800 mi,293,$0.2649
YUL,YYT,"106,854",$287.91,"1,035 mi",293,$0.2782
YYZ,PEK,"106,733",$874.49,"6,365 mi",292,$0.1374
YYZ,PHL,"106,512",$251.61,357 mi,292,$0.7048
YQB,CUN,"105,401",$185.45,"2,039 mi",289,$0.0910
YYZ,IAD,"104,638",$188.00,336 mi,287,$0.5595
YVR,YXJ,"104,082",$240.34,482 mi,285,$0.4986
YYC,NRT,"103,646",$513.39,"5,085 mi",284,$0.1010
YHZ,YVR,"103,523",$294.00,"2,835 mi",284,$0.1037
YYC,SEA,"102,897",$164.34,465 mi,282,$0.3534
YYZ,BOG,"102,853",$313.36,"2,633 mi",282,$0.1190
YYZ,IKA,"100,992",$545.79,"5,973 mi",277,$0.0914
YVR,IAH,"100,280",$348.84,"1,910 mi",275,$0.1826
YHZ,MCO,"98,911",$175.99,"1,453 mi",271,$0.1211
YYC,DEN,"98,765",$223.88,871 mi,271,$0.2570
YVR,MCO,"98,483",$254.88,"2,545 mi",270,$0.1001
YYZ,MSP,"98,457",$253.26,697 mi,270,$0.3634
YYZ,CAI,"98,311",$344.66,"5,562 mi",269,$0.0620
YVR,FRA,"98,149",$430.65,"5,160 mi",269,$0.0835
YYZ,DEN,"97,467",$325.02,"1,273 mi",267,$0.2553
YQB,CDG,"97,404",$238.99,"3,387 mi",267,$0.0706
YVR,CDG,"96,996",$426.07,"5,072 mi",266,$0.0840
YYZ,CLT,"96,098",$267.92,607 mi,263,$0.4414
YYC,YQQ,"95,730",$158.97,473 mi,262,$0.3361
YYZ,MAN,"95,548",$314.41,"3,321 mi",262,$0.0947
YUL,ORY,"95,468",$163.01,"3,331 mi",262,$0.0489
YUL,ATH,"95,011",$325.18,"4,600 mi",260,$0.0707
YUL,SFO,"94,327",$381.45,"2,457 mi",258,$0.1553
YYZ,CMB,"93,588",$540.70,"8,957 mi",256,$0.0604
YVR,BOS,"93,428",$300.87,"2,582 mi",256,$0.1165
YUL,POP,"93,171",$198.01,"1,732 mi",255,$0.1143
YEG,DEL,"93,125",$525.89,"6,541 mi",255,$0.0804
YEG,YHZ,"92,915",$258.96,"2,219 mi",255,$0.1167
YUL,HOG,"92,872",$143.65,"1,763 mi",254,$0.0815
YYZ,SGN,"92,469",$720.77,"8,910 mi",253,$0.0809
YUL,TUN,"92,297",$266.62,"4,081 mi",253,$0.0653
YYC,ATL,"91,656",$295.83,"1,855 mi",251,$0.1595
YEG,PHX,"90,897",$203.53,"1,334 mi",249,$0.1526
YUL,AGP,"90,685",$212.74,"3,439 mi",248,$0.0619
YYC,EWR,"90,625",$378.24,"1,956 mi",248,$0.1934
YVR,PEK,"90,531",$735.81,"5,119 mi",248,$0.1437
YUL,MRS,"90,398",$212.56,"3,619 mi",248,$0.0587
YWG,DEL,"90,376",$448.04,"7,213 mi",248,$0.0621
YYZ,NRT,"89,782",$748.50,"6,208 mi",246,$0.1206
YUL,FDF,"87,976",$234.24,"2,191 mi",241,$0.1069
YQB,PUJ,"87,860",$190.96,"2,017 mi",241,$0.0947
YYZ,OPO,"87,203",$193.07,"3,401 mi",239,$0.0568
YYT,YOW,"87,043",$249.27,"1,131 mi",238,$0.2204
YYZ,EDI,"86,951",$244.45,"3,420 mi",238,$0.0715
YUL,TLS,"86,757",$355.36,"3,666 mi",238,$0.0969
YYZ,AUS,"84,766",$418.23,"1,399 mi",232,$0.2989
YUL,BEY,"84,332",$437.12,"5,563 mi",231,$0.0786
YUL,PTP,"83,668",$292.05,"2,202 mi",229,$0.1326
YVR,SEA,"83,370",$118.81,123 mi,228,$0.9659
YUL,YOW,"83,205",$77.74,91 mi,228,$0.8543
YYZ,CAN,"82,968",$840.89,"7,498 mi",227,$0.1121
YYZ,AMD,"82,964",$567.95,"7,275 mi",227,$0.0781
YYZ,HOG,"81,997",$143.93,"1,641 mi",225,$0.0877
YYC,MNL,"81,741",$486.05,"6,622 mi",224,$0.0734
YVR,MIA,"81,226",$369.22,"2,882 mi",223,$0.1281
YVR,ATL,"80,886",$302.62,"2,311 mi",222,$0.1309
YEG,LAX,"79,666",$177.76,"1,318 mi",218,$0.1349
YVR,AMS,"79,524",$458.98,"4,933 mi",218,$0.0930
YYZ,PBI,"79,523",$243.06,"1,209 mi",218,$0.2010
YVR,SNA,"79,446",$252.37,"1,073 mi",218,$0.2352
YUL,MBJ,"79,163",$218.80,"1,934 mi",217,$0.1131
YEG,YZF,"78,961",$496.86,653 mi,216,$0.7609
YYC,YXU,"78,849",$209.08,"1,579 mi",216,$0.1324
YUL,ATL,"78,619",$318.61,964 mi,215,$0.3305
YYZ,LHE,"77,984",$725.41,"6,778 mi",214,$0.1070
YHM,YYC,"77,240",$150.50,"1,626 mi",212,$0.0926
YWG,CUN,"76,633",$204.05,"2,136 mi",210,$0.0955
YUL,DCA,"74,979",$237.46,472 mi,205,$0.5031
YYZ,GEO,"74,922",$479.00,"2,791 mi",205,$0.1716
YYZ,GRU,"74,242",$740.55,"4,938 mi",203,$0.1500
YHZ,YKF,"73,245",$213.53,815 mi,201,$0.2620
YYZ,MAD,"73,024",$450.59,"3,651 mi",200,$0.1234
YVR,YQQ,"72,675",$122.09,87 mi,199,$1.4033
YYC,SJD,"72,473",$236.29,"1,888 mi",199,$0.1252
YYZ,DAC,"72,338",$829.77,"7,496 mi",198,$0.1107
YYC,SAN,"71,890",$208.62,"1,242 mi",197,$0.1680
YYC,YCD,"71,665",$177.91,473 mi,196,$0.3761
YQB,FLL,"71,088",$254.19,"1,465 mi",195,$0.1735
YWG,MNL,"70,550",$474.17,"7,193 mi",193,$0.0659
YHZ,YWG,"70,513",$313.44,"1,649 mi",193,$0.1901
YEG,YXE,"70,466",$178.19,307 mi,193,$0.5804
YYC,FCO,"70,156",$319.47,"5,092 mi",192,$0.0627
YUL,DFW,"69,918",$308.12,"1,466 mi",192,$0.2102
YYZ,JED,"69,670",$458.41,"6,295 mi",191,$0.0728
YYZ,BDA,"69,644",$230.38,"1,091 mi",191,$0.2112
YYZ,SJO,"69,564",$328.64,"2,413 mi",191,$0.1362
YUL,YQM,"68,665",$254.05,425 mi,188,$0.5978
YYZ,KHI,"68,617",$631.40,"7,469 mi",188,$0.0845
YWG,YXE,"68,410",$189.97,426 mi,187,$0.4459
YYZ,SNU,"68,373",$131.22,"1,420 mi",187,$0.0924
YUL,AMS,"67,555",$344.06,"3,522 mi",185,$0.0977
YEG,MNL,"66,720",$486.92,"6,548 mi",183,$0.0744
YTZ,MDW,"66,688",$145.85,430 mi,183,$0.3392
YYZ,YFC,"66,496",$214.82,639 mi,182,$0.3362
YYZ,LOS,"66,383",$394.08,"5,386 mi",182,$0.0732
YVR,BKK,"66,150",$628.95,"7,554 mi",181,$0.0833
YUL,BOS,"65,969",$253.01,246 mi,181,$1.0285
YVR,YXC,"65,164",$182.37,324 mi,179,$0.5629
YYZ,GLA,"65,045",$212.34,"3,381 mi",178,$0.0628
YVR,YKA,"65,000",$210.79,155 mi,178,$1.3599
YYZ,YSJ,"64,933",$197.57,707 mi,178,$0.2794
YHZ,CUN,"64,882",$228.78,"2,053 mi",178,$0.1114
YUL,BRU,"64,424",$268.78,"3,555 mi",177,$0.0756
YYZ,VCE,"64,264",$341.29,"4,386 mi",176,$0.0778
YUL,PVR,"64,082",$236.18,"2,399 mi",176,$0.0984
YYC,JFK,"63,494",$313.08,"2,097 mi",174,$0.1493
YYC,AMS,"63,327",$429.10,"4,588 mi",173,$0.0935
YVR,SYD,"63,315","$1,237.97","8,000 mi",173,$0.1547
YEG,YQR,"63,249",$182.75,442 mi,173,$0.4135
YUL,TPA,"62,626",$216.55,"1,340 mi",172,$0.1616
YYZ,LIM,"62,604",$383.65,"3,736 mi",172,$0.1027
YVR,MSP,"62,154",$350.33,"1,475 mi",170,$0.2375
YYC,ICN,"62,150",$552.70,"5,467 mi",170,$0.1011
YUL,NTE,"61,918",$224.11,"3,217 mi",170,$0.0697
YVR,HND,"61,834",$862.78,"4,556 mi",169,$0.1894
YHZ,YTZ,"61,108",$150.59,813 mi,167,$0.1852
YYZ,UVF,"60,787",$282.13,"2,416 mi",167,$0.1168
YYZ,ZRH,"60,759",$619.95,"3,912 mi",166,$0.1585
YTZ,IAD,"60,734",$121.01,329 mi,166,$0.3678
YYZ,SJD,"60,577",$281.84,"2,152 mi",166,$0.1310
YVR,SGN,"60,470",$537.41,"7,527 mi",166,$0.0714
YYZ,YDF,"60,168",$266.72,"1,155 mi",165,$0.2309
YUL,MAD,"60,108",$340.90,"3,552 mi",165,$0.0960
YYZ,HNL,"59,815",$434.34,"4,502 mi",164,$0.0965
YUL,NCE,"59,550",$330.01,"3,922 mi",163,$0.0841
YVR,YCD,"59,322",$80.42,32 mi,163,$2.5131
YEG,YQQ,"59,118",$164.63,561 mi,162,$0.2935
YYZ,BKK,"58,848",$800.10,"8,727 mi",161,$0.0917
YHM,YVR,"58,804",$156.35,"2,143 mi",161,$0.0730
YYC,MSP,"58,277",$268.75,"1,018 mi",160,$0.2640
YVR,AUS,"58,273",$266.20,"1,814 mi",160,$0.1467
YYZ,KEF,"57,996",$271.97,"2,669 mi",159,$0.1019
YYC,YXS,"57,873",$209.47,423 mi,159,$0.4952
YYZ,SXM,"57,662",$257.66,"1,955 mi",158,$0.1318
YEG,YMM,"57,598",$263.29,242 mi,158,$1.0880
YYC,SNA,"57,484",$201.29,"1,183 mi",157,$0.1702
YUL,NRT,"57,155",$863.87,"6,240 mi",157,$0.1384
YUL,SNU,"56,802",$153.58,"1,577 mi",156,$0.0974
YUL,GVA,"56,584",$477.15,"3,779 mi",155,$0.1263
YVR,GDL,"56,527",$69.44,"2,331 mi",155,$0.0298
YVR,PDX,"56,401",$185.02,259 mi,155,$0.7144
YYZ,TPE,"56,301",$919.65,"7,730 mi",154,$0.1190
YYC,YZF,"55,958",$289.68,809 mi,153,$0.3581
YYZ,SLC,"55,722",$384.48,"1,606 mi",153,$0.2394
YYZ,COK,"55,712",$539.72,"8,171 mi",153,$0.0661
YEG,IAH,"55,522",$355.10,"1,910 mi",152,$0.1859
YUL,YVP,"55,437","$1,090.44",873 mi,152,$1.2491
YVR,YKF,"55,339",$128.58,"2,114 mi",152,$0.0608
YYZ,MXP,"55,279",$563.63,"4,231 mi",151,$0.1332
YYZ,ATQ,"55,224",$700.13,"6,774 mi",151,$0.1034
YWG,PVR,"55,104",$248.07,"2,005 mi",151,$0.1237
YUL,LIR,"55,035",$265.28,"2,584 mi",151,$0.1027
YYZ,RDU,"54,906",$365.77,525 mi,150,$0.6967
YHZ,LHR,"54,438",$345.93,"2,933 mi",149,$0.1179
YVR,DUB,"54,305",$424.69,"4,318 mi",149,$0.0984
YYC,FLL,"54,273",$263.80,"2,552 mi",149,$0.1034
YUL,TQO,"54,157",$122.80,"1,977 mi",148,$0.0621
YYC,HNL,"53,936",$299.74,"3,218 mi",148,$0.0931
YYZ,SYD,"53,911","$1,767.82","9,955 mi",148,$0.1776
YVR,IAD,"53,803",$331.52,"2,268 mi",147,$0.1462
YUL,BOD,"53,133",$244.89,"3,532 mi",146,$0.0693
YVR,YZF,"52,783",$293.02,"1,005 mi",145,$0.2916
YUL,GUA,"52,746",$408.54,"2,277 mi",145,$0.1794
YYZ,TLV,"52,193",$769.04,"5,948 mi",143,$0.1293
YVR,LGW,"52,017",$435.55,"4,592 mi",143,$0.0948
YUL,PHX,"51,816",$288.43,"2,244 mi",142,$0.1285
YHZ,PUJ,"51,761",$266.07,"1,785 mi",142,$0.1491
YYZ,PSP,"51,643",$329.85,"2,142 mi",141,$0.1540
YQB,YZV,"51,584",$311.40,324 mi,141,$0.9611
YHZ,EWR,"51,275",$229.40,630 mi,140,$0.3641
YUL,RAK,"51,258",$232.05,"3,467 mi",140,$0.0669
YYZ,GCM,"51,247",$261.85,"1,739 mi",140,$0.1506
YYC,BOS,"50,912",$278.95,"2,028 mi",139,$0.1375
YVR,FLL,"50,818",$286.37,"2,706 mi",139,$0.1058
YYC,BNA,"50,667",$213.25,"1,648 mi",139,$0.1294
YVR,FCO,"50,471",$413.07,"5,760 mi",138,$0.0717
YWG,YTH,"50,401",$556.54,420 mi,138,$1.3251
YUL,PHL,"49,855",$199.72,406 mi,137,$0.4919
YYC,YKA,"49,812",$226.28,273 mi,136,$0.8289
YVR,BNA,"49,694",$256.49,"1,976 mi",136,$0.1298
YVR,MEL,"49,508","$1,057.58","8,448 mi",136,$0.1252
YYZ,GDL,"49,347",$102.56,"2,038 mi",135,$0.0503
YUL,YZV,"49,303",$329.30,463 mi,135,$0.7112
YWG,MCO,"48,678",$209.89,"1,755 mi",133,$0.1196
YYC,YYT,"48,355",$359.46,"2,768 mi",132,$0.1299
YYZ,HYD,"48,143",$593.15,"7,765 mi",132,$0.0764
YTZ,YAM,"47,928",$157.36,308 mi,131,$0.5109
YUL,DXB,"47,778",$815.76,"6,796 mi",131,$0.1200
YEG,PSP,"47,428",$208.38,"1,312 mi",130,$0.1588
YUL,SJO,"47,304",$274.12,"2,452 mi",130,$0.1118
YYC,DUB,"47,259",$288.20,"4,218 mi",129,$0.0683
YUL,LGW,"47,156",$219.16,"3,161 mi",129,$0.0693
YUL,CAI,"46,944",$283.94,"5,587 mi",129,$0.0508
YUL,CLT,"46,712",$303.33,779 mi,128,$0.3894
YYZ,BLR,"46,545",$641.67,"8,007 mi",128,$0.0801
YWG,YLW,"46,314",$185.90,"1,010 mi",127,$0.1841
YYZ,BEG,"46,274",$305.22,"4,459 mi",127,$0.0685
YUL,IST,"46,223",$362.43,"4,633 mi",127,$0.0782
YVR,DTW,"46,086",$278.67,"1,898 mi",126,$0.1468
YYZ,MSY,"46,045",$323.06,"1,144 mi",126,$0.2824
YYZ,ISB,"45,969",$683.25,"6,620 mi",126,$0.1032
YYZ,CPH,"45,416",$425.25,"4,012 mi",124,$0.1060
YUL,IAD,"45,141",$225.39,504 mi,124,$0.4472
YYC,YQM,"44,992",$279.69,"2,169 mi",123,$0.1289
YYZ,SIN,"44,704","$1,368.03","9,037 mi",122,$0.1514
YUL,AZS,"44,481",$272.38,"1,880 mi",122,$0.1449
YVR,BCN,"44,462",$463.62,"5,517 mi",122,$0.0840
YVR,SIN,"44,106",$830.69,"8,200 mi",121,$0.1013
YEG,YXY,"44,099",$214.43,978 mi,121,$0.2193
YVR,TPA,"44,032",$302.21,"2,516 mi",121,$0.1201
YYC,YXJ,"43,917",$238.98,461 mi,120,$0.5184
YYC,YXY,"43,785",$220.38,"1,074 mi",120,$0.2052
YYZ,FAO,"43,570",$214.99,"3,573 mi",119,$0.0602
YUL,YYJ,"43,395",$345.30,"2,238 mi",119,$0.1543
YUL,LIM,"43,293",$347.53,"4,097 mi",119,$0.0848
YUL,MNL,"43,159",$636.35,"8,437 mi",118,$0.0754
YYZ,BER,"42,915",$545.07,"3,920 mi",118,$0.1390
YUL,IAH,"42,786",$424.25,"1,632 mi",117,$0.2600
YYZ,PDL,"42,437",$251.29,"2,888 mi",116,$0.0870
YWG,LAS,"42,298",$175.75,"1,349 mi",116,$0.1303
YUL,DEL,"42,211",$528.74,"6,793 mi",116,$0.0778
YYZ,BEY,"42,160",$444.30,"5,534 mi",116,$0.0803
YYC,IAD,"41,957",$320.47,"2,005 mi",115,$0.1598
YYC,BCN,"41,836",$372.71,"4,836 mi",115,$0.0771
YYZ,MUC,"41,835",$592.45,"4,002 mi",115,$0.1480
YVR,IKA,"41,786",$615.43,"6,777 mi",114,$0.0908
YEG,MCO,"41,779",$263.07,"2,299 mi",114,$0.1144
YYZ,SAL,"41,680",$281.35,"2,098 mi",114,$0.1341
YYZ,PLS,"41,608",$360.15,"1,618 mi",114,$0.2226
YQB,YTZ,"41,540",$181.00,433 mi,114,$0.4180
YVR,BNE,"41,508","$1,109.04","7,139 mi",114,$0.1553
YVR,SLC,"41,505",$317.23,773 mi,114,$0.4104
YUL,VCE,"41,491",$238.86,"3,832 mi",114,$0.0623
YUL,OPO,"41,468",$171.07,"3,287 mi",114,$0.0520
YYZ,WAW,"41,275",$377.68,"4,180 mi",113,$0.0904
YYZ,PDX,"41,075",$332.94,"2,154 mi",113,$0.1546
YYZ,AMM,"40,998",$471.59,"6,008 mi",112,$0.0785
YUL,SXM,"40,836",$252.27,"1,931 mi",112,$0.1306
YYZ,YZF,"40,791",$376.73,"1,958 mi",112,$0.1924
YVR,ZNA,"40,755",$43.98,35 mi,112,$1.2566
YUL,SEA,"40,542",$398.95,"2,346 mi",111,$0.1701
YWG,YYJ,"40,381",$214.82,"1,142 mi",111,$0.1881
YYZ,DTW,"40,364",$237.40,220 mi,111,$1.0791
YVR,TFU,"40,347",$564.44,"6,397 mi",111,$0.0882
YVR,SMF,"40,342",$247.23,752 mi,111,$0.3288
YEG,AMS,"40,311",$371.21,"4,191 mi",110,$0.0886
YVR,GRU,"40,284",$814.16,"7,073 mi",110,$0.1151
YYZ,MAA,"40,130",$669.70,"8,569 mi",110,$0.0782
YYZ,GUA,"40,090",$337.08,"2,047 mi",110,$0.1647
YVR,CAN,"39,971",$509.23,"6,150 mi",110,$0.0828
YUL,MSP,"39,716",$310.42,975 mi,109,$0.3184
YWG,PHX,"39,703",$198.55,"1,406 mi",109,$0.1412
YYC,LIR,"39,602",$333.29,"3,325 mi",108,$0.1002
YYZ,CVG,"39,251",$376.62,425 mi,108,$0.8862
YEG,SFO,"39,250",$220.75,"1,128 mi",108,$0.1957
YYZ,FOC,"39,189",$744.79,"7,249 mi",107,$0.1027
YYC,OGG,"39,135",$360.69,"3,182 mi",107,$0.1134
YYZ,CUR,"38,855",$364.59,"2,334 mi",106,$0.1562
YVR,KOA,"38,786",$350.40,"2,807 mi",106,$0.1248
YWG,YQR,"38,507",$157.61,320 mi,105,$0.4925
YVR,IST,"38,269",$617.96,"5,778 mi",105,$0.1070
YQB,MCO,"38,238",$228.49,"1,418 mi",105,$0.1611
YYC,FRA,"38,035",$405.85,"4,818 mi",104,$0.0842
YQB,EWR,"37,916",$305.30,456 mi,104,$0.6695
YUL,YFC,"37,881",$239.02,359 mi,104,$0.6658
YVR,YPW,"37,857",$124.31,76 mi,104,$1.6357
YUL,ICN,"37,767",$897.31,"6,767 mi",103,$0.1326
YYZ,ANU,"37,727",$312.25,"2,172 mi",103,$0.1438
YVR,LIS,"37,454",$445.41,"4,996 mi",103,$0.0892
YWG,YRT,"37,333",$987.88,885 mi,102,$1.1162
YYZ,NBO,"37,183",$550.07,"7,360 mi",102,$0.0747
YYT,YDF,"37,169",$265.29,232 mi,102,$1.1435
YYZ,STL,"37,077",$299.43,633 mi,102,$0.4730
YYZ,ZAG,"37,033",$278.01,"4,527 mi",101,$0.0614
YVR,PHL,"36,709",$323.06,"2,332 mi",101,$0.1385
YVR,ATH,"36,660",$568.78,"5,907 mi",100,$0.0963
YVR,AKL,"36,571",$999.10,"7,271 mi",100,$0.1374
YYZ,VIE,"36,522",$521.71,"4,448 mi",100,$0.1173
YQB,YHU,"36,500",$119.23,127 mi,100,$0.9388
YTZ,YQM,"36,477",$150.81,761 mi,100,$0.1982
YYC,PUJ,"36,469",$256.92,"3,245 mi",100,$0.0792
YUL,BOG,"36,358",$311.75,"2,732 mi",100,$0.1141
YYZ,MDE,"36,283",$344.66,"2,526 mi",99,$0.1364
YVR,YBL,"36,165",$143.10,104 mi,99,$1.3760
YYZ,PTY,"36,071",$388.22,"2,463 mi",99,$0.1576
YEG,SEA,"36,006",$152.76,540 mi,99,$0.2829
YYZ,BRU,"35,974",$413.86,"3,643 mi",99,$0.1136
YHZ,BOS,"35,844",$271.58,401 mi,98,$0.6773
YUL,YXE,"35,782",$360.42,"1,601 mi",98,$0.2251
YVR,KIX,"35,763",$643.30,"5,077 mi",98,$0.1267
YWG,YQT,"35,624",$342.61,384 mi,98,$0.8922
YWG,LAX,"35,583",$196.94,"1,585 mi",97,$0.1243
YVR,ZRH,"35,569",$615.20,"5,317 mi",97,$0.1157
YYZ,HAN,"35,454",$709.53,"8,177 mi",97,$0.0868
YYZ,ACC,"35,440",$369.99,"5,588 mi",97,$0.0662
YYZ,YTS,"35,172",$274.70,358 mi,96,$0.7673
YYC,DTW,"35,156",$257.93,"1,611 mi",96,$0.1601
YUL,YLW,"34,947",$355.97,"2,173 mi",96,$0.1638
YHZ,YDF,"34,836",$213.07,403 mi,95,$0.5287
YQB,YVR,"34,571",$400.98,"2,282 mi",95,$0.1757
YEG,SJD,"34,535",$168.84,"2,156 mi",95,$0.0783
YYC,LGA,"34,523",$306.23,"1,966 mi",95,$0.1558
YTZ,YFC,"34,414",$167.46,630 mi,94,$0.2658
YEG,ATL,"34,353",$268.70,"1,912 mi",94,$0.1405
YUL,DEN,"34,347",$401.09,"1,656 mi",94,$0.2422
YUL,YYG,"34,243",$219.32,498 mi,94,$0.4404
YUL,YVO,"34,113",$355.62,270 mi,93,$1.3171
YYZ,TIA,"33,782",$302.38,"4,581 mi",93,$0.0660
YUL,GRU,"33,748",$720.82,"5,212 mi",92,$0.1383
YUL,MXP,"33,631",$462.11,"3,912 mi",92,$0.1181
YHZ,FLL,"33,530",$220.40,"1,643 mi",92,$0.1341
YUL,BKK,"33,496",$690.78,"8,085 mi",92,$0.0854
YYZ,PRG,"33,383",$422.10,"4,028 mi",91,$0.1048
YYT,MCO,"33,329",$216.11,"2,083 mi",91,$0.1037
YYZ,CMN,"33,320",$341.68,"3,721 mi",91,$0.0918
YEG,MSP,"33,247",$232.34,"1,051 mi",91,$0.2211
YHZ,CDG,"33,242",$217.56,"3,120 mi",91,$0.0697
YYZ,BUD,"33,206",$351.24,"4,312 mi",91,$0.0815
YUL,BNA,"32,729",$268.91,905 mi,90,$0.2971
YYC,AUS,"32,729",$236.85,"1,722 mi",90,$0.1375
YYC,HKG,"32,635",$725.38,"6,787 mi",89,$0.1069
YYZ,TQO,"32,615",$175.80,"1,740 mi",89,$0.1010
YYZ,SJU,"32,262",$315.53,"1,972 mi",88,$0.1600
YYZ,IND,"31,924",$362.54,452 mi,87,$0.8021
YYZ,KIX,"31,867",$777.65,"6,809 mi",87,$0.1142
YUL,PLS,"31,831",$377.50,"1,590 mi",87,$0.2374
YQB,VRA,"31,565",$189.28,"1,682 mi",86,$0.1125
YHZ,TPA,"31,508",$211.02,"1,615 mi",86,$0.1307
YVR,DXB,"31,371",$866.83,"7,511 mi",86,$0.1154
YYT,YYR,"31,293",$434.63,502 mi,86,$0.8658
YEG,DEN,"31,281",$300.73,988 mi,86,$0.3044
YVR,YYF,"31,197",$142.15,157 mi,85,$0.9054
YYC,TPA,"31,063",$276.07,"2,216 mi",85,$0.1246
YUL,PVG,"30,755","$1,132.85","6,842 mi",84,$0.1656
YHZ,AMS,"30,740",$175.14,"3,134 mi",84,$0.0559
YUL,SAN,"30,431",$332.73,"2,381 mi",83,$0.1397
YEG,YKF,"30,327",$130.27,"1,698 mi",83,$0.0767
YUL,FRA,"30,228",$478.30,"3,529 mi",83,$0.1355
YQB,YYC,"30,220",$323.38,"1,987 mi",83,$0.1627
YQB,YGR,"29,989",$371.38,440 mi,82,$0.8440
YYZ,MEL,"29,972","$1,414.24","10,401 mi",82,$0.1360
YVR,YWL,"29,906",$180.85,218 mi,82,$0.8296
YYC,EDI,"29,792",$337.52,"4,170 mi",82,$0.0809
YEG,YYT,"29,747",$357.70,"2,543 mi",81,$0.1407
YYZ,SCL,"29,735",$845.59,"5,193 mi",81,$0.1628
YVR,CLT,"29,533",$379.61,"2,400 mi",81,$0.1582
YWG,ATL,"29,476",$210.96,"1,339 mi",81,$0.1576
YVR,HAN,"29,394",$549.77,"6,919 mi",81,$0.0795
YYC,MEX,"29,381",$323.30,"2,265 mi",80,$0.1427
YYZ,MCI,"29,342",$384.68,811 mi,80,$0.4743
YYZ,NCE,"29,293",$598.91,"4,244 mi",80,$0.1411
YHM,YHZ,"29,040",$146.93,798 mi,80,$0.1841
YYZ,ARN,"28,967",$456.84,"4,040 mi",79,$0.1131
YVR,RDU,"28,771",$308.31,"2,471 mi",79,$0.1248
YQB,YOW,"28,754",$268.90,222 mi,79,$1.2113
YUL,YWK,"28,434",$478.28,619 mi,78,$0.7727
YUL,CTG,"28,425",$224.35,"2,349 mi",78,$0.0955
YEG,LHR,"28,349",$367.75,"4,104 mi",78,$0.0896
YYC,YXT,"28,078",$323.25,630 mi,77,$0.5131
YTZ,YTS,"27,572",$182.11,365 mi,76,$0.4989
YEG,ORD,"27,451",$266.55,"1,374 mi",75,$0.1940
YYC,SLC,"27,441",$306.38,698 mi,75,$0.4389
YUL,DSS,"27,216",$402.38,"3,780 mi",75,$0.1064
YEG,YHM,"27,208",$148.74,"1,630 mi",75,$0.0913
YYZ,GVA,"27,202",$706.45,"4,098 mi",75,$0.1724
YVR,LGA,"27,064",$403.32,"2,360 mi",74,$0.1709
YYZ,YMM,"26,876",$321.86,"1,688 mi",74,$0.1907
YUL,TLV,"26,670",$635.60,"5,634 mi",73,$0.1128
YYC,HUX,"26,623",$303.71,"2,553 mi",73,$0.1190
YUL,SAL,"26,617",$265.37,"2,316 mi",73,$0.1146
YUL,YQR,"26,576",$331.85,"1,416 mi",73,$0.2344
YEG,YQU,"26,512",$186.56,242 mi,73,$0.7709
YVR,STL,"26,155",$315.06,"1,819 mi",72,$0.1732
YYZ,YSB,"26,123",$192.54,205 mi,72,$0.9392
YVR,MUC,"26,082",$580.59,"5,027 mi",71,$0.1155
YVR,MAD,"26,047",$563.97,"5,392 mi",71,$0.1046
YYZ,YQQ,"25,938",$268.44,"2,086 mi",71,$0.1287
YYZ,YXU,"25,877",$70.41,85 mi,71,$0.8284
YVR,EDI,"25,855",$460.97,"4,523 mi",71,$0.1019
YUL,HKG,"25,797","$1,224.04","7,961 mi",71,$0.1538
YHZ,DUB,"25,758",$135.38,"2,502 mi",71,$0.0541
YVR,YZZ,"25,747",$208.49,260 mi,71,$0.8019
YYZ,YAM,"25,684",$224.20,316 mi,70,$0.7095
YYC,YQT,"25,607",$327.91,"1,080 mi",70,$0.3036
YVR,HUX,"25,547",$249.73,"2,844 mi",70,$0.0878
YUL,PDL,"25,532",$144.04,"2,575 mi",70,$0.0559
YYZ,SNA,"25,510",$322.66,"2,218 mi",70,$0.1455
YVR,YYD,"25,456",$299.17,437 mi,70,$0.6846
YWG,LHR,"25,348",$401.00,"4,024 mi",69,$0.0997
YYC,MZT,"25,308",$260.95,"1,916 mi",69,$0.1362
YYZ,SRQ,"25,236",$260.11,"1,103 mi",69,$0.2358
YYZ,JNB,"25,197",$841.53,"8,556 mi",69,$0.0984
YYZ,SMF,"25,092",$339.39,"2,119 mi",69,$0.1602
YVR,LIM,"24,969",$568.51,"4,919 mi",68,$0.1156
YUL,DTW,"24,915",$299.29,545 mi,68,$0.5492
YEG,HNL,"24,907",$283.30,"3,301 mi",68,$0.0858
YQB,ORD,"24,850",$312.38,904 mi,68,$0.3456
YHZ,YYJ,"24,848",$384.68,"2,857 mi",68,$0.1346
YYZ,MTY,"24,774",$358.22,"1,739 mi",68,$0.2060
YUL,YUY,"24,655",$254.14,315 mi,68,$0.8068
YVR,MAN,"24,655",$604.41,"4,422 mi",68,$0.1367
YVR,MZT,"24,626",$182.44,"2,082 mi",67,$0.0876
YYC,YXC,"24,399",$158.50,134 mi,67,$1.1828
YUL,ZRH,"24,376",$660.55,"3,837 mi",67,$0.1722
YTZ,YSB,"24,342",$141.30,211 mi,67,$0.6697
YVR,YGG,"24,227",$200.58,29 mi,66,$6.9166
YUL,MUC,"24,191",$671.22,"3,937 mi",66,$0.1705
YYC,RDU,"24,177",$232.27,"2,089 mi",66,$0.1112
YYZ,CMH,"24,116",$349.33,314 mi,66,$1.1125
YUL,SGN,"23,973",$600.20,"8,291 mi",66,$0.0724
YVR,PIT,"23,966",$293.10,"2,221 mi",66,$0.1320
YVR,YWH,"23,924",$52.78,52 mi,66,$1.0150
YVR,BOM,"23,873",$595.54,"7,844 mi",65,$0.0759
YYZ,SAT,"23,872",$291.52,"1,467 mi",65,$0.1987
YYZ,YQX,"23,729",$350.02,"1,207 mi",65,$0.2900
YUL,VIE,"23,648",$506.33,"4,136 mi",65,$0.1224
YWG,ORD,"23,585",$296.21,728 mi,65,$0.4069
YYZ,CTG,"23,423",$257.45,"2,240 mi",64,$0.1149
YYC,PDX,"23,418",$207.27,564 mi,64,$0.3675
YYZ,AGP,"23,330",$382.68,"3,975 mi",64,$0.0963
YVR,MCI,"23,299",$316.93,"1,507 mi",64,$0.2103
YYC,YYF,"23,283",$130.61,279 mi,64,$0.4681
YUL,PEK,"23,236",$930.92,"6,686 mi",64,$0.1392
YUL,RSW,"23,134",$158.49,"1,340 mi",63,$0.1183
YVR,LIH,"23,114",$331.64,"2,641 mi",63,$0.1256
YYZ,EZE,"23,101",$781.96,"5,752 mi",63,$0.1359
YUL,RDU,"23,090",$360.92,692 mi,63,$0.5216
YEG,YQM,"23,081",$333.67,"2,261 mi",63,$0.1476
YUL,YGW,"23,001",$766.34,679 mi,63,$1.1286
YEG,FLL,"22,975",$300.17,"2,621 mi",63,$0.1145
YVR,BOG,"22,921",$450.62,"4,069 mi",63,$0.1107
YYZ,YQY,"22,904",$354.80,"1,000 mi",63,$0.3548
YVR,NAN,"22,826",$695.13,"5,700 mi",63,$0.1220
YWG,FLL,"22,775",$232.39,"1,937 mi",62,$0.1200
YYZ,OTP,"22,749",$468.49,"4,969 mi",62,$0.0943
YHZ,LGA,"22,666",$265.18,578 mi,62,$0.4588
YVR,YYT,"22,624",$437.93,"3,019 mi",62,$0.1451
YVR,BWI,"22,555",$298.22,"2,294 mi",62,$0.1300
YEG,LGA,"22,537",$351.81,"2,088 mi",62,$0.1685
YYZ,KTM,"22,516",$604.66,"7,192 mi",62,$0.0841
YYC,CLT,"22,382",$384.66,"2,030 mi",61,$0.1895
YYZ,BNE,"22,306","$1,697.93","9,043 mi",61,$0.1878
YUL,BER,"22,243",$574.95,"3,632 mi",61,$0.1583
YUL,DLA,"22,113",$400.76,"5,533 mi",61,$0.0724
YYZ,JAX,"22,108",$240.90,946 mi,61,$0.2547
YUL,DUB,"22,093",$403.18,"2,875 mi",61,$0.1402
YYZ,YQG,"22,041",$177.54,188 mi,60,$0.9444
YYZ,GND,"22,026",$374.88,"2,360 mi",60,$0.1588
YYT,CUN,"21,995",$224.17,"2,560 mi",60,$0.0876
YUL,IKA,"21,986",$547.62,"5,700 mi",60,$0.0961
YVR,DPS,"21,885",$730.92,"7,841 mi",60,$0.0932
YVR,KEF,"21,856",$390.15,"3,638 mi",60,$0.1072
YYZ,KRK,"21,802",$335.89,"4,223 mi",60,$0.0795
YUL,PTY,"21,773",$336.12,"2,613 mi",60,$0.1286
YUL,AUS,"21,713",$361.65,"1,718 mi",59,$0.2105
YEG,BEY,"21,484",$554.79,"5,953 mi",59,$0.0932
YVR,ANC,"21,440",$368.81,"1,367 mi",59,$0.2698
YVR,DCA,"21,407",$389.05,"2,431 mi",59,$0.1600
YEG,YXS,"21,401",$274.85,386 mi,59,$0.7120
YYT,LGW,"21,400",$137.39,"2,396 mi",59,$0.0573
YWG,MSP,"21,386",$182.13,407 mi,59,$0.4475
YVR,YXU,"21,327",$256.61,"1,969 mi",58,$0.1303
YEG,MZT,"21,284",$213.84,"2,182 mi",58,$0.0980
YYC,KOA,"21,212",$364.21,"3,232 mi",58,$0.1127
YYC,DCA,"21,211",$299.24,"2,028 mi",58,$0.1476
YVR,ATQ,"21,164",$585.08,"6,536 mi",58,$0.0895
YVR,CLE,"21,144",$320.22,"2,114 mi",58,$0.1515
YEG,CDG,"20,987",$370.70,"4,580 mi",57,$0.0809
YYC,SGN,"20,955",$516.81,"7,739 mi",57,$0.0668
YEG,BNA,"20,862",$247.40,"1,704 mi",57,$0.1452
YYC,KEF,"20,820",$145.70,"3,285 mi",57,$0.0444
YVR,SZX,"20,797",$530.05,"6,174 mi",57,$0.0859
YTZ,YQG,"20,766",$129.89,197 mi,57,$0.6593
YVR,YMM,"20,742",$225.48,694 mi,57,$0.3249
YVR,YPR,"20,677",$356.06,455 mi,57,$0.7825
YYZ,BZE,"20,564",$227.85,"1,932 mi",56,$0.1179
YUL,CPH,"20,560",$453.29,"3,497 mi",56,$0.1296
YHM,KEF,"20,459",$133.20,"2,550 mi",56,$0.0522
YHZ,VRA,"20,435",$166.95,"1,762 mi",56,$0.0948
YVR,YQU,"20,432",$190.54,438 mi,56,$0.4350
YYC,PHL,"20,428",$401.05,"1,944 mi",56,$0.2063
YUL,YDF,"20,346",$316.93,782 mi,56,$0.4053
YVR,SCL,"20,142","$1,156.46","6,746 mi",55,$0.1714
YQB,YWK,"20,116",$400.10,455 mi,55,$0.8793
YUL,YGL,"20,065",$774.68,573 mi,55,$1.3520
YYZ,SVD,"20,023",$391.63,"2,305 mi",55,$0.1699
YUL,ABJ,"19,997",$449.90,"4,836 mi",55,$0.0930
YYZ,CLE,"19,937",$338.86,199 mi,55,$1.7028
YUL,YQT,"19,910",$286.59,738 mi,55,$0.3883
YVR,MSY,"19,906",$371.84,"2,235 mi",55,$0.1664
YVR,PUJ,"19,885",$322.13,"3,791 mi",54,$0.0850
YYC,MIA,"19,811",$347.66,"2,414 mi",54,$0.1440
YYZ,KUL,"19,627",$930.55,"8,951 mi",54,$0.1040
YVR,SJO,"19,588",$452.96,"3,406 mi",54,$0.1330
YYZ,RUH,"19,573",$774.27,"6,405 mi",54,$0.1209
YYC,SYD,"19,449","$1,056.67","7,946 mi",53,$0.1330
YYZ,HAM,"19,407",$520.92,"3,986 mi",53,$0.1307
YYZ,FLR,"19,320",$451.51,"4,407 mi",53,$0.1025
YUL,SJU,"19,302",$314.90,"1,978 mi",53,$0.1592
YYZ,LYS,"19,285",$344.28,"3,836 mi",53,$0.0897
YUL,SLC,"19,197",$388.18,"1,878 mi",53,$0.2067
YVR,ADL,"19,185","$1,139.88","8,090 mi",53,$0.1409
YUL,JFK,"19,115",$174.67,344 mi,52,$0.5078
YVR,YZP,"19,101",$351.12,481 mi,52,$0.7300
YEG,DFW,"19,051",$380.83,"1,581 mi",52,$0.2409
YEG,YCD,"18,966",$217.46,549 mi,52,$0.3961
YWG,SFO,"18,914",$198.21,"1,459 mi",52,$0.1359
YHZ,EDI,"18,902",$165.20,"2,582 mi",52,$0.0640
YWG,LGA,"18,804",$327.00,"1,252 mi",52,$0.2612
YYZ,AZS,"18,787",$195.50,"1,834 mi",51,$0.1066
YYZ,AKL,"18,777","$1,212.88","8,364 mi",51,$0.1450
YYC,YYG,"18,768",$317.84,"2,366 mi",51,$0.1343
YHZ,LAS,"18,767",$280.67,"2,815 mi",51,$0.0997
YYZ,OGG,"18,754",$486.22,"4,448 mi",51,$0.1093
YUL,YBG,"18,746",$267.35,243 mi,51,$1.1002
YYZ,SJC,"18,732",$223.66,"2,306 mi",51,$0.0970
YYC,MCI,"18,697",$344.98,"1,201 mi",51,$0.2872
YUL,BSL,"18,670",$246.89,"3,569 mi",51,$0.0692
YYZ,YXS,"18,464",$354.99,"2,107 mi",51,$0.1685
YYZ,PIT,"18,359",$294.85,229 mi,50,$1.2876
YUL,MSY,"18,323",$349.90,"1,436 mi",50,$0.2437
YYZ,YCD,"18,298",$311.99,"2,048 mi",50,$0.1523
YYZ,CEB,"18,297",$605.13,"8,675 mi",50,$0.0698
YVR,CGK,"18,275","$1,034.99","8,539 mi",50,$0.1212
YVR,CMH,"18,158",$321.71,"2,116 mi",50,$0.1520
YHZ,YYR,"18,152",$368.77,617 mi,50,$0.5977
YVR,CPH,"18,099",$478.25,"4,617 mi",50,$0.1036
YYC,ZIH,"18,070",$340.94,"2,488 mi",50,$0.1370
YEG,NRT,"18,067",$616.05,"5,013 mi",49,$0.1229
YVR,IND,"18,045",$322.97,"1,968 mi",49,$0.1641
YYZ,OSL,"18,017",$364.30,"3,586 mi",49,$0.1016
YYZ,MED,"17,974",$433.34,"6,167 mi",49,$0.0703
YYZ,CRK,"17,963",$608.82,"7,929 mi",49,$0.0768
YYZ,AUH,"17,960",$704.91,"6,704 mi",49,$0.1051
YEG,YEV,"17,918",$944.66,"1,259 mi",49,$0.7503
YHZ,DEL,"17,818",$462.21,"6,584 mi",49,$0.0702
YVR,BER,"17,790",$558.37,"4,825 mi",49,$0.1157
YEG,OGG,"17,693",$354.89,"3,270 mi",48,$0.1085
YVR,YQM,"17,670",$353.24,"2,582 mi",48,$0.1368
YHZ,LGW,"17,649",$131.30,"2,780 mi",48,$0.0472
YUL,IND,"17,628",$272.58,728 mi,48,$0.3744
YYZ,GIG,"17,627",$675.80,"4,986 mi",48,$0.1355
YYC,DXB,"17,620",$885.18,"7,334 mi",48,$0.1207
YHZ,MBJ,"17,584",$186.71,"2,063 mi",48,$0.0905
YVR,YZT,"17,541",$223.20,206 mi,48,$1.0835
YEG,HUX,"17,394",$289.64,"2,675 mi",48,$0.1083
YYZ,CPT,"17,352",$819.70,"8,408 mi",48,$0.0975
YUL,PBI,"17,328",$297.94,"1,305 mi",47,$0.2283
YYC,LIS,"17,326",$437.49,"4,896 mi",47,$0.0894
YYZ,DOH,"17,190",$657.47,"6,556 mi",47,$0.1003
YUL,SCL,"17,128",$637.42,"5,288 mi",47,$0.1205
YVR,CVG,"17,127",$298.11,"2,069 mi",47,$0.1441
YYZ,NAP,"17,061",$354.80,"4,662 mi",47,$0.0761
YHZ,YQX,"17,024",$253.88,522 mi,47,$0.4864
YYZ,DAD,"16,986",$728.52,"8,528 mi",47,$0.0854
YYZ,YKA,"16,980",$405.04,"2,008 mi",47,$0.2017
YVR,VIE,"16,978",$562.97,"5,139 mi",47,$0.1095
YYZ,SUF,"16,962",$324.94,"4,832 mi",46,$0.0672
YUL,MDE,"16,928",$376.85,"2,636 mi",46,$0.1430
YUL,HNL,"16,904",$404.22,"4,759 mi",46,$0.0849
YUL,PIT,"16,886",$339.43,461 mi,46,$0.7363
YYZ,CZM,"16,840",$217.52,"1,604 mi",46,$0.1356
YVR,KUL,"16,819",$671.18,"8,200 mi",46,$0.0819
YYZ,SDF,"16,761",$310.28,481 mi,46,$0.6451
YYZ,UIO,"16,748",$355.00,"2,936 mi",46,$0.1209
YHZ,YXE,"16,692",$336.47,"1,947 mi",46,$0.1728
YUL,CVG,"16,689",$335.57,733 mi,46,$0.4578
YVR,PER,"16,673","$1,433.40","9,480 mi",46,$0.1512
YVR,YCG,"16,668",$230.09,242 mi,46,$0.9508
YYZ,DPS,"16,652",$969.13,"9,568 mi",46,$0.1013
YYC,YBR,"16,625",$227.46,642 mi,46,$0.3543
YYZ,CHS,"16,579",$305.66,723 mi,45,$0.4228
YQB,YGP,"16,553",$305.98,339 mi,45,$0.9026
YUL,SIN,"16,546","$1,352.66","9,474 mi",45,$0.1428
YYC,YFC,"16,506",$297.64,"2,101 mi",45,$0.1417
YVR,SAT,"16,456",$327.35,"1,821 mi",45,$0.1798
YUL,HAN,"16,437",$636.86,"7,593 mi",45,$0.0839
YQB,PVR,"16,419",$226.11,"2,538 mi",45,$0.0891
YWG,YXX,"16,416",$178.00,"1,090 mi",45,$0.1633
YUL,PDX,"16,390",$326.76,"2,397 mi",45,$0.1363
YEG,SLC,"16,366",$285.61,842 mi,45,$0.3392
YVR,RSW,"16,302",$385.49,"2,617 mi",45,$0.1473
YYC,BNE,"16,274","$1,126.93","8,020 mi",45,$0.1405
YWG,DEN,"16,186",$305.65,806 mi,44,$0.3792
YYZ,MID,"16,114",$175.30,"1,724 mi",44,$0.1017
YWG,YYT,"16,089",$381.38,"1,942 mi",44,$0.1964
YWG,PSP,"16,039",$198.98,"1,524 mi",44,$0.1306
YVR,TAO,"15,964",$548.82,"5,533 mi",44,$0.0992
YUL,PRG,"15,953",$351.88,"3,969 mi",44,$0.0887
YHZ,FRA,"15,868",$448.45,"3,351 mi",43,$0.1338
YUL,OTP,"15,721",$351.79,"4,660 mi",43,$0.0755
YVR,ITM,"15,714",$609.08,"5,051 mi",43,$0.1206
YUL,YQG,"15,626",$228.44,524 mi,43,$0.4360
YYZ,ABV,"15,624",$603.47,"5,466 mi",43,$0.1104
YWG,CDG,"15,509",$321.34,"3,996 mi",42,$0.0804
YEG,YKA,"15,476",$288.50,353 mi,42,$0.8173
YUL,ARN,"15,451",$509.81,"3,537 mi",42,$0.1441
YUL,YQY,"15,438",$362.26,680 mi,42,$0.5327
YYC,YXH,"15,414",$114.43,158 mi,42,$0.7242
YYC,MBJ,"15,409",$271.26,"2,900 mi",42,$0.0935
YYZ,RIC,"15,396",$289.60,430 mi,42,$0.6735
YUL,CMH,"15,297",$322.07,616 mi,42,$0.5228
YQB,POP,"15,289",$199.37,"1,812 mi",42,$0.1100
YEG,FCO,"15,256",$337.70,"5,274 mi",42,$0.0640
YUL,CLE,"15,251",$284.80,479 mi,42,$0.5946
YUL,JED,"15,238",$461.09,"6,364 mi",42,$0.0725
YQB,HOG,"15,213",$159.40,"1,763 mi",42,$0.0904
YWG,YRL,"15,182",$425.07,176 mi,42,$2.4152
YEG,YXT,"15,177",$407.75,632 mi,42,$0.6452
YYZ,MRS,"15,145",$384.04,"4,165 mi",41,$0.0922
YEG,BOS,"15,121",$335.20,"2,140 mi",41,$0.1566
YYZ,YQU,"15,116",$284.95,"1,845 mi",41,$0.1544
YHZ,LAX,"15,108",$404.00,"3,056 mi",41,$0.1322
YEG,FRA,"15,086",$385.25,"4,681 mi",41,$0.0823
YYC,ZRH,"15,079",$611.00,"4,968 mi",41,$0.1230
YYZ,EBL,"15,075",$392.69,"5,703 mi",41,$0.0689
YYC,BKK,"15,046",$703.29,"7,719 mi",41,$0.0911
YYZ,PRN,"14,954",$320.33,"4,866 mi",41,$0.0658
YUL,HND,"14,933",$941.73,"6,266 mi",41,$0.1503
YUL,SJD,"14,873",$282.50,"2,458 mi",41,$0.1149
YYZ,RIH,"14,855",$205.35,"2,366 mi",41,$0.0868
YUL,BUD,"14,833",$301.73,"4,020 mi",41,$0.0751
YWG,YYQ,"14,824",$823.71,642 mi,41,$1.2830
YUL,FIH,"14,792",$514.29,"6,587 mi",41,$0.0781
YUL,NAS,"14,789",$322.70,"1,470 mi",41,$0.2195
YYZ,SHA,"14,759",$939.70,"7,309 mi",40,$0.1286
YUL,EDI,"14,737",$335.44,"3,112 mi",40,$0.1078
YHZ,BCN,"14,729",$226.67,"3,324 mi",40,$0.0682
YVR,SAL,"14,710",$311.61,"3,231 mi",40,$0.0964
YYZ,OMA,"14,710",$305.10,868 mi,40,$0.3515
YYZ,NKG,"14,705",$982.24,"7,309 mi",40,$0.1344
YYZ,MEM,"14,694",$336.82,788 mi,40,$0.4274
YYC,BOG,"14,663",$625.10,"4,059 mi",40,$0.1540
YVR,VCE,"14,655",$509.02,"5,529 mi",40,$0.0921
YHZ,BDA,"14,634",$246.86,841 mi,40,$0.2935
YUL,MRU,"14,615",$583.65,"9,474 mi",40,$0.0616
YYC,MUC,"14,605",$682.74,"4,709 mi",40,$0.1450
YUL,YSJ,"14,600",$244.52,392 mi,40,$0.6238
YYZ,BGW,"14,596",$453.26,"6,235 mi",40,$0.0727
YYZ,LIN,"14,565",$540.40,"4,261 mi",40,$0.1268
YUL,LRM,"14,485",$128.07,"1,944 mi",40,$0.0659
YYZ,EBB,"14,477",$488.84,"7,087 mi",40,$0.0690
YVR,NKG,"14,472",$614.53,"5,841 mi",40,$0.1052
YWG,BNA,"14,468",$209.23,"1,122 mi",40,$0.1865
YVR,BRU,"14,465",$579.84,"4,717 mi",40,$0.1229
YYZ,PMO,"14,465",$332.59,"4,728 mi",40,$0.0703
YEG,SAN,"14,440",$276.85,"1,476 mi",40,$0.1876
YYC,BOM,"14,435",$543.43,"7,341 mi",40,$0.0740
YYZ,MSN,"14,430",$300.32,473 mi,40,$0.6349
YUL,NAP,"14,426",$345.36,"4,340 mi",40,$0.0796
YYZ,MKE,"14,423",$310.28,405 mi,40,$0.7661
YYZ,FNC,"14,395",$256.74,"3,311 mi",39,$0.0775
YYZ,SHE,"14,360",$672.16,"6,179 mi",39,$0.1088
YHZ,PHL,"14,235",$213.79,670 mi,39,$0.3191
YEG,ICN,"14,168",$579.78,"5,370 mi",39,$0.1080
YQB,SNU,"14,137",$141.28,"1,693 mi",39,$0.0834
YYZ,PKX,"14,121",$712.97,"6,800 mi",39,$0.1048
YYZ,SPU,"14,020",$442.31,"4,630 mi",38,$0.0955
YHZ,DCA,"14,007",$282.88,834 mi,38,$0.3392
YYZ,YYB,"14,000",$157.53,180 mi,38,$0.8752
YYC,YQL,"13,968",$89.54,113 mi,38,$0.7924
YUL,CUR,"13,959",$419.54,"2,247 mi",38,$0.1867
YVR,GUA,"13,942",$371.30,"3,110 mi",38,$0.1194
YYT,FLL,"13,912",$293.51,"2,166 mi",38,$0.1355
YUL,NSI,"13,911",$487.93,"5,981 mi",38,$0.0816
YVR,ZMT,"13,890",$332.27,493 mi,38,$0.6740
YUL,STL,"13,873",$335.00,939 mi,38,$0.3568
YVR,MXP,"13,846",$607.15,"5,118 mi",38,$0.1186
YVR,ZEL,"13,792",$289.30,309 mi,38,$0.9362
YEG,HKG,"13,787",$787.52,"6,687 mi",38,$0.1178
YWG,YQQ,"13,711",$247.54,"1,189 mi",38,$0.2082
YYZ,HEL,"13,707",$516.77,"3,978 mi",38,$0.1299
YYZ,HUX,"13,654",$275.84,"2,096 mi",37,$0.1316
YUL,BOM,"13,643",$556.31,"7,283 mi",37,$0.0764
YVR,SHE,"13,585",$426.64,"5,121 mi",37,$0.0833
YQB,LAX,"13,547",$404.95,"2,507 mi",37,$0.1615
YYT,YWK,"13,521",$467.92,699 mi,37,$0.6694
YHZ,YQB,"13,501",$360.21,413 mi,37,$0.8722
YVR,SHA,"13,472",$625.96,"5,448 mi",37,$0.1149
YYC,PIT,"13,404",$363.58,"1,818 mi",37,$0.2000
YYC,MSY,"13,302",$396.90,"1,959 mi",36,$0.2026
YYZ,SKG,"13,254",$425.05,"5,039 mi",36,$0.0844
YVR,HAM,"13,198",$551.14,"4,972 mi",36,$0.1108
YVR,PRG,"13,192",$485.12,"4,974 mi",36,$0.0975
YYZ,YKF,"13,171",$12.16,39 mi,36,$0.3118
YQB,CCC,"13,165",$162.34,"1,673 mi",36,$0.0970
YYZ,XNA,"13,153",$334.93,956 mi,36,$0.3503
YYZ,CCU,"13,131",$674.71,"8,025 mi",36,$0.0841
YYZ,MLA,"13,119",$385.19,"4,892 mi",36,$0.0787
YYZ,CGK,"13,089","$1,231.03","10,108 mi",36,$0.1218
YEG,MBJ,"13,078",$229.84,"3,158 mi",36,$0.0728
YEG,YFC,"13,062",$353.25,"2,064 mi",36,$0.1711
YEG,IST,"13,046",$483.84,"5,694 mi",36,$0.0850
YYZ,ANC,"13,037",$407.69,"3,115 mi",36,$0.1309
YYZ,DUS,"13,021",$633.73,"3,945 mi",36,$0.1606
YEG,YQB,"12,987",$424.41,"1,952 mi",36,$0.2174
YYZ,YXY,"12,977",$403.42,"2,603 mi",36,$0.1550
YUL,SYD,"12,963","$1,918.73","9,657 mi",36,$0.1987
YVR,MDE,"12,937",$321.85,"3,940 mi",35,$0.0817
YEG,SGN,"12,891",$525.05,"7,636 mi",35,$0.0688
YHZ,YQY,"12,860",$121.97,195 mi,35,$0.6255
YYC,PVG,"12,841",$791.78,"5,994 mi",35,$0.1321
YYC,RSW,"12,838",$333.98,"2,466 mi",35,$0.1354
YHZ,ORD,"12,825",$312.49,"1,272 mi",35,$0.2457
YQB,YUY,"12,810",$324.41,372 mi,35,$0.8721
YVR,CGO,"12,778",$567.97,"5,509 mi",35,$0.1031
YVR,YQT,"12,773",$393.42,"1,484 mi",35,$0.2651
YVR,CEB,"12,766",$438.47,"6,871 mi",35,$0.0638
YYZ,TUS,"12,737",$431.67,"1,926 mi",35,$0.2241
YVR,LIR,"12,735",$363.95,"3,325 mi",35,$0.1095
YEG,YQT,"12,731",$374.55,"1,073 mi",35,$0.3491
YEG,EWR,"12,689",$405.77,"1,957 mi",35,$0.2073
YYC,VRA,"12,685",$420.99,"2,682 mi",35,$0.1570
YHZ,YQR,"12,680",$341.75,"1,985 mi",35,$0.1722
YVR,OMA,"12,674",$278.13,"1,382 mi",35,$0.2013
YYC,SMF,"12,639",$259.08,961 mi,35,$0.2696
YUL,TPE,"12,619",$981.96,"7,248 mi",35,$0.1355
YYZ,ORF,"12,603",$272.36,517 mi,35,$0.5268
YHZ,CCC,"12,590",$250.10,"1,709 mi",34,$0.1463
YYC,ATH,"12,586",$504.14,"5,606 mi",34,$0.0899
YYC,TPE,"12,552",$730.00,"6,381 mi",34,$0.1144
YVR,ZIH,"12,530",$276.88,"2,422 mi",34,$0.1143
YYC,ZLO,"12,516",$310.41,"2,200 mi",34,$0.1411
YWG,AMS,"12,499",$371.10,"4,158 mi",34,$0.0892
YYZ,ITM,"12,482",$906.54,"6,780 mi",34,$0.1337
YYZ,TLS,"12,474",$403.03,"3,757 mi",34,$0.1073
YUL,NBO,"12,457",$453.64,"7,493 mi",34,$0.0605
YYZ,GSP,"12,382",$314.17,603 mi,34,$0.5210
YVR,WUH,"12,327",$648.87,"6,058 mi",34,$0.1071
YUL,RIH,"12,298",$197.06,"2,513 mi",34,$0.0784
YWG,IAH,"12,260",$265.88,"1,339 mi",34,$0.1986
YYZ,BDL,"12,244",$336.42,383 mi,34,$0.8784
YWG,YQU,"12,225",$267.99,946 mi,33,$0.2833
YYZ,MYR,"12,216",$166.16,713 mi,33,$0.2330
YVR,YYG,"12,139",$371.19,"2,641 mi",33,$0.1405
YYT,YQM,"12,135",$276.57,590 mi,33,$0.4688
YUL,YSB,"12,071",$283.84,358 mi,33,$0.7928
YYZ,SOF,"12,062",$427.68,"4,665 mi",33,$0.0917
YWG,PUJ,"12,043",$197.28,"2,607 mi",33,$0.0757
YYZ,WRO,"12,041",$436.92,"4,335 mi",33,$0.1008
YYC,BEY,"12,014",$517.35,"6,094 mi",33,$0.0849
YUL,MCI,"11,962",$331.08,"1,114 mi",33,$0.2972
YEG,PUJ,"11,941",$267.73,"3,293 mi",33,$0.0813
YYZ,TYS,"11,887",$309.39,573 mi,33,$0.5399
YYZ,RNO,"11,882",$428.75,"2,136 mi",33,$0.2007
YYZ,ADD,"11,857",$481.32,"7,360 mi",32,$0.0654
YVR,GLA,"11,800",$478.96,"4,238 mi",32,$0.1130
YYZ,CNF,"11,799",$904.19,"4,775 mi",32,$0.1894
YYZ,SKP,"11,778",$320.62,"4,917 mi",32,$0.0652
YYZ,CLO,"11,766",$312.48,"2,863 mi",32,$0.1091
YYC,IST,"11,735",$624.67,"5,841 mi",32,$0.1069
YVR,MTY,"11,721",$349.35,"1,976 mi",32,$0.1768
YQB,LAS,"11,707",$344.40,"2,420 mi",32,$0.1423
YEG,COK,"11,706",$554.69,"7,772 mi",32,$0.0714
YYT,DUB,"11,696",$178.86,"1,982 mi",32,$0.0902
YYZ,BLQ,"11,691",$542.16,"4,126 mi",32,$0.1314
YUL,BGI,"11,683",$404.10,"2,461 mi",32,$0.1642
YYT,TPA,"11,655",$293.79,"2,032 mi",32,$0.1446
YVR,YFC,"11,637",$372.70,"2,669 mi",32,$0.1396
YVR,BLR,"11,633",$752.65,"7,703 mi",32,$0.0977
YVR,RNO,"11,633",$283.93,670 mi,32,$0.4238
YUL,MAN,"11,623",$567.61,"3,027 mi",32,$0.1875
YUL,KEF,"11,613",$335.07,"2,385 mi",32,$0.1405
YYC,AMD,"11,612",$549.64,"7,513 mi",32,$0.0732
YYZ,MGA,"11,585",$343.64,"2,147 mi",32,$0.1601
YYC,PEK,"11,558",$977.69,"5,599 mi",32,$0.1746
YYZ,MRU,"11,541",$503.21,"9,797 mi",32,$0.0514
YYC,STL,"11,518",$319.86,"1,385 mi",32,$0.2309
YHZ,LIS,"11,512",$307.57,"2,861 mi",32,$0.1075
YUL,DOH,"11,503",$592.03,"6,660 mi",32,$0.0889
YVR,XMN,"11,494",$588.53,"5,920 mi",31,$0.0994
YWG,YGX,"11,467",$685.65,472 mi,31,$1.4526
YVR,YQZ,"11,423",$170.04,258 mi,31,$0.6591
YYC,MAN,"11,409",$433.60,"4,084 mi",31,$0.1062
YYZ,RAK,"11,405",$401.09,"3,998 mi",31,$0.1003
YYZ,KBL,"11,394",$539.66,"6,485 mi",31,$0.0832
YUL,PMO,"11,366",$275.59,"4,148 mi",31,$0.0664
YYC,IND,"11,333",$327.21,"1,499 mi",31,$0.2183
YYC,LOS,"11,330",$595.20,"6,794 mi",31,$0.0876
YYZ,CTA,"11,328",$383.77,"4,846 mi",31,$0.0792
YHZ,YSJ,"11,300",$105.38,123 mi,31,$0.8567
YHZ,YLW,"11,296",$292.33,"2,496 mi",31,$0.1171
YYZ,TAO,"11,280",$825.99,"6,566 mi",31,$0.1258
YYT,LAS,"11,275",$416.66,"3,315 mi",31,$0.1257
YYT,IAH,"11,273",$725.17,"2,477 mi",31,$0.2928
YEG,DUB,"11,272",$302.58,"3,851 mi",31,$0.0786
YUL,EZE,"11,266",$657.71,"5,797 mi",31,$0.1135
YVR,TUS,"11,178",$334.14,"1,299 mi",31,$0.2572
YUL,WAW,"11,153",$507.50,"3,896 mi",31,$0.1303
YYZ,DSM,"11,153",$283.63,706 mi,31,$0.4017
YUL,YXU,"11,126",$324.84,415 mi,30,$0.7827
YWG,DFW,"11,095",$416.58,"1,140 mi",30,$0.3654
YYZ,TRV,"11,089",$591.26,"8,288 mi",30,$0.0713
YYZ,WUH,"11,084",$943.38,"7,435 mi",30,$0.1269
YYC,MEL,"11,073","$1,008.83","8,886 mi",30,$0.1135
YVR,GRR,"11,055",$308.81,"1,783 mi",30,$0.1732
YEG,DXB,"11,043",$699.42,"6,759 mi",30,$0.1035
YWG,MBJ,"11,028",$214.44,"2,492 mi",30,$0.0861
YUL,YPX,"11,025","$1,250.93",987 mi,30,$1.2674
YYC,CMH,"11,005",$314.94,"1,723 mi",30,$0.1828
YYC,BZE,"10,997",$280.13,"2,634 mi",30,$0.1064
YYC,ANC,"10,946",$380.05,"1,477 mi",30,$0.2573
YYZ,DBV,"10,942",$396.24,"4,753 mi",30,$0.0834
YVR,JAX,"10,934",$432.36,"2,583 mi",30,$0.1674
YYC,CLE,"10,932",$351.19,"1,709 mi",30,$0.2055
YWG,SEA,"10,921",$247.88,"1,116 mi",30,$0.2221
YYC,MAD,"10,899",$584.91,"4,997 mi",30,$0.1171
YHZ,YXX,"10,879",$188.30,"2,638 mi",30,$0.0714
YUL,JNB,"10,878",$872.70,"7,802 mi",30,$0.1119
YVR,YAZ,"10,872",$154.96,113 mi,30,$1.3713
YYZ,XIY,"10,845",$746.65,"7,223 mi",30,$0.1034
YYZ,OKC,"10,836",$324.34,"1,079 mi",30,$0.3006
YYZ,RZE,"10,831",$323.16,"4,564 mi",30,$0.0708
YYT,BOS,"10,793",$351.69,931 mi,30,$0.3778
YYZ,LEX,"10,751",$306.55,454 mi,29,$0.6752
YHZ,POP,"10,749",$168.91,"1,836 mi",29,$0.0920
YYZ,BWI,"10,730",$208.72,357 mi,29,$0.5846
YVR,XIY,"10,702",$523.43,"5,663 mi",29,$0.0924
YVR,PTY,"10,628",$512.05,"3,856 mi",29,$0.1328
YYZ,CGO,"10,594",$795.30,"6,758 mi",29,$0.1177
YYZ,SAV,"10,579",$336.18,827 mi,29,$0.4065
YYC,COK,"10,550",$578.92,"7,912 mi",29,$0.0732
YVR,EZE,"10,512","$1,109.16","6,814 mi",29,$0.1628
YVR,ONT,"10,512",$267.07,"1,051 mi",29,$0.2541
YEG,CAI,"10,499",$424.90,"6,490 mi",29,$0.0655
YYC,SAT,"10,492",$314.22,"1,744 mi",29,$0.1802
YUL,CYO,"10,472",$145.65,"1,655 mi",29,$0.0880
YVR,BUD,"10,468",$543.51,"5,554 mi",29,$0.0979
YWG,AMD,"10,460",$603.38,"7,576 mi",29,$0.0796
YHZ,FCO,"10,453",$387.65,"3,779 mi",29,$0.1026
YYT,PUJ,"10,450",$248.31,"2,258 mi",29,$0.1100
YHZ,FSP,"10,449",$163.91,387 mi,29,$0.4235
YUL,MSN,"10,427",$389.06,810 mi,29,$0.4803
YEG,PDX,"10,398",$250.90,688 mi,28,$0.3647
YYZ,KWI,"10,397",$534.01,"6,216 mi",28,$0.0859
YVR,HGH,"10,394",$875.85,"5,872 mi",28,$0.1492
YUL,FLR,"10,389",$436.76,"4,088 mi",28,$0.1068
YYT,MIA,"10,375",$365.26,"2,187 mi",28,$0.1670
YUL,BDA,"10,360",$205.12,996 mi,28,$0.2059
YUL,KGL,"10,317",$402.37,"7,195 mi",28,$0.0559
YYZ,TUL,"10,296",$359.41,"1,032 mi",28,$0.3483
YUL,YAM,"10,277",$258.26,505 mi,28,$0.5114
YUL,YQX,"10,268",$398.14,901 mi,28,$0.4419
YUL,ZBF,"10,258",$302.38,420 mi,28,$0.7200
YWG,YQM,"10,254",$421.23,"1,470 mi",28,$0.2866
YWG,YCD,"10,225",$271.13,"1,227 mi",28,$0.2210
YVR,BOI,"10,203",$231.39,496 mi,28,$0.4665
YUL,DPS,"10,130",$775.11,"9,549 mi",28,$0.0812
YUL,GIG,"10,129",$647.57,"4,939 mi",28,$0.1311
YEG,VRA,"10,128",$365.03,"2,601 mi",28,$0.1403
YUL,CMB,"10,118",$539.88,"8,196 mi",28,$0.0659
YYZ,ONT,"10,110",$340.19,"2,191 mi",28,$0.1553
YUL,YGR,"10,104",$304.84,567 mi,28,$0.5376
YQB,TQO,"10,088",$139.73,"1,993 mi",28,$0.0701
YUL,YTS,"10,088",$303.77,431 mi,28,$0.7048
YYZ,GSO,"10,076",$247.10,540 mi,28,$0.4576
YWG,FCO,"10,048",$372.97,"4,947 mi",28,$0.0754
YWG,YFO,"10,030",$605.78,390 mi,27,$1.5533
YYZ,MHD,"10,014",$596.43,"6,161 mi",27,$0.0968
YVR,VRA,"9,997",$359.82,"2,805 mi",27,$0.1283
YEG,BCN,"9,975",$400.78,"5,013 mi",27,$0.0799
YVR,MKE,"9,971",$303.49,"1,781 mi",27,$0.1704
YYZ,BHM,"9,968",$298.72,773 mi,27,$0.3864
YHZ,SNU,"9,955",$146.48,"1,751 mi",27,$0.0837
YUL,ZIH,"9,929",$353.31,"2,574 mi",27,$0.1373
YYC,ATQ,"9,880",$583.81,"6,488 mi",27,$0.0900
YEG,TPA,"9,876",$281.20,"2,284 mi",27,$0.1231
YHZ,IAH,"9,864",$418.37,"2,068 mi",27,$0.2023
YYZ,FPO,"9,859",$104.58,"1,220 mi",27,$0.0857
YVR,CAI,"9,827",$477.76,"6,535 mi",27,$0.0731
YWG,BOS,"9,826",$309.20,"1,392 mi",27,$0.2221
YUL,CKY,"9,824",$748.63,"4,184 mi",27,$0.1789
YHZ,ZRH,"9,815",$392.64,"3,425 mi",27,$0.1146
YYZ,SJJ,"9,808",$410.37,"4,426 mi",27,$0.0927
YQB,DFW,"9,808",$377.69,"1,603 mi",27,$0.2356
YUL,SAT,"9,755",$292.74,"1,786 mi",27,$0.1639
YYC,CAI,"9,747",$409.49,"6,249 mi",27,$0.0655
YVR,DAD,"9,742",$488.33,"6,738 mi",27,$0.0725
YUL,FPO,"9,731",$114.23,"1,295 mi",27,$0.0882
YUL,HAM,"9,731",$778.26,"3,467 mi",27,$0.2245
YTZ,MCO,"9,720",$189.84,"1,023 mi",27,$0.1856
YUL,RMO,"9,628",$295.03,"4,385 mi",26,$0.0673
YYZ,ADL,"9,626","$1,606.59","10,020 mi",26,$0.1603
YYT,EWR,"9,612",$333.15,"1,124 mi",26,$0.2964
YQB,YWG,"9,611",$430.20,"1,164 mi",26,$0.3696
YHZ,SFO,"9,604",$392.16,"2,941 mi",26,$0.1333
YYC,YDF,"9,603",$361.44,"2,374 mi",26,$0.1522
YUL,AMM,"9,593",$441.25,"5,694 mi",26,$0.0775
YVR,ARN,"9,590",$670.26,"4,743 mi",26,$0.1413
YYZ,HGH,"9,580","$1,456.81","6,960 mi",26,$0.2093
YYZ,PER,"9,561","$1,918.08","11,602 mi",26,$0.1653
YVR,GVA,"9,537",$939.50,"5,330 mi",26,$0.1763
YEG,BKK,"9,506",$609.45,"7,160 mi",26,$0.0851
YWG,YKA,"9,494",$341.62,990 mi,26,$0.3451
YWG,YXS,"9,419",$324.29,"1,145 mi",26,$0.2832
YWG,FRA,"9,393",$336.05,"4,137 mi",26,$0.0812
YYT,YQX,"9,362",$124.62,120 mi,26,$1.0385
YVR,NBO,"9,353",$640.48,"8,657 mi",26,$0.0740
YQB,LHR,"9,335",$445.06,"3,002 mi",26,$0.1483
YYC,GRU,"9,296",$869.30,"6,376 mi",25,$0.1363
YYC,BWI,"9,286",$287.80,"2,030 mi",25,$0.1418
YYC,ISB,"9,264",$605.99,"6,769 mi",25,$0.0895
YYZ,TFU,"9,257","$1,189.63","7,537 mi",25,$0.1578
YHZ,ATL,"9,256",$336.89,"1,397 mi",25,$0.2412
YEG,LIS,"9,241",$436.84,"4,790 mi",25,$0.0912
YWG,YQD,"9,211",$512.74,335 mi,25,$1.5306
YVR,JNB,"9,202",$858.69,"10,537 mi",25,$0.0815
YUL,CZM,"9,130",$199.43,"1,824 mi",25,$0.1093
YYZ,RIX,"9,100",$393.32,"4,084 mi",25,$0.0963
YYZ,DLC,"9,097",$859.15,"6,378 mi",25,$0.1347
YUL,DAC,"9,087",$806.25,"7,318 mi",25,$0.1102
YYZ,YXJ,"9,077",$366.06,"1,924 mi",25,$0.1903
YYZ,BOD,"9,067",$416.18,"3,854 mi",25,$0.1080
YYC,YQG,"9,060",$283.21,"1,532 mi",25,$0.1849
YVR,FAT,"9,059",$250.72,849 mi,25,$0.2953
YWG,HNL,"9,058",$303.84,"3,694 mi",25,$0.0823
YVR,QBC,"9,040",$289.07,274 mi,25,$1.0550
YVR,CMB,"9,009",$651.72,"8,051 mi",25,$0.0809
YVR,MBJ,"9,009",$336.63,"3,180 mi",25,$0.1059
YUL,FNC,"8,996",$196.21,"3,018 mi",25,$0.0650
YYZ,DME,"8,985",$439.12,"4,821 mi",25,$0.0911
YYZ,RTB,"8,965",$315.67,"1,991 mi",25,$0.1585
YWG,ICN,"8,951",$639.82,"6,013 mi",25,$0.1064
YEG,DTW,"8,949",$346.37,"1,630 mi",25,$0.2125
YYC,LIM,"8,945",$426.75,"4,745 mi",25,$0.0899
YYZ,PMI,"8,922",$553.56,"4,204 mi",24,$0.1317
YEG,AUS,"8,918",$287.94,"1,840 mi",24,$0.1565
YYZ,BSL,"8,887",$633.05,"4,107 mi",24,$0.1541
YYZ,TER,"8,862",$231.79,"2,787 mi",24,$0.0832
YYZ,AYT,"8,860",$295.33,"5,208 mi",24,$0.0567
YWG,TPA,"8,796",$279.58,"1,753 mi",24,$0.1595
YQB,YBC,"8,791",$265.02,226 mi,24,$1.1727
YUL,OSL,"8,731",$481.30,"3,520 mi",24,$0.1367
YWG,YFC,"8,729",$391.68,"1,482 mi",24,$0.2643
YYC,LHE,"8,691",$631.55,"6,503 mi",24,$0.0971
YYZ,KOA,"8,687",$528.26,"4,480 mi",24,$0.1179
YWG,DUB,"8,684",$315.81,"3,523 mi",24,$0.0896
YWG,LOS,"8,672",$390.62,"6,525 mi",24,$0.0599
YUL,CPT,"8,667",$753.33,"7,705 mi",24,$0.0978
YVR,TSN,"8,649",$415.94,"5,466 mi",24,$0.0761
YEG,YYG,"8,640",$293.46,"2,320 mi",24,$0.1265
YEG,JFK,"8,632",$348.72,"1,976 mi",24,$0.1765
YWG,NRT,"8,632",$516.58,"5,386 mi",24,$0.0959
YUL,YMT,"8,616",$479.04,290 mi,24,$1.6519
YEG,AMD,"8,577",$649.11,"6,932 mi",23,$0.0936
YHZ,PHX,"8,559",$341.24,"2,593 mi",23,$0.1316
YVR,WAW,"8,526",$607.61,"4,970 mi",23,$0.1223
YWG,YSK,"8,509",$720.97,896 mi,23,$0.8047
YUL,AGA,"8,507",$255.24,"3,453 mi",23,$0.0739
YYZ,XMN,"8,505",$869.10,"7,362 mi",23,$0.1181
YYZ,GYE,"8,503",$315.86,"3,262 mi",23,$0.0968
YVR,NCE,"8,501",$705.49,"5,516 mi",23,$0.1279
YEG,NBO,"8,484",$574.81,"8,215 mi",23,$0.0700
YVR,BEG,"8,473",$439.31,"5,411 mi",23,$0.0812
YUL,VLC,"8,470",$347.61,"3,734 mi",23,$0.0931
YEG,ATH,"8,454",$447.38,"5,472 mi",23,$0.0818
YVR,DAC,"8,424",$739.62,"6,774 mi",23,$0.1092
YYZ,BHX,"8,419",$382.81,"3,573 mi",23,$0.1071
YHZ,MIA,"8,409",$323.49,"1,664 mi",23,$0.1944
YHM,YYZ,"8,364",$12.82,38 mi,23,$0.3374
YYZ,FAT,"8,342",$298.86,"2,082 mi",23,$0.1435
YYZ,YXT,"8,339",$427.21,"2,353 mi",23,$0.1816
YUL,ZSA,"8,333",$647.30,"1,436 mi",23,$0.4508
YYC,HND,"8,330",$855.21,"5,119 mi",23,$0.1671
YUL,YYR,"8,299",$496.37,830 mi,23,$0.5980
YVR,GEG,"8,295",$223.88,273 mi,23,$0.8201
YVR,RIC,"8,294",$363.09,"2,471 mi",23,$0.1469
YVR,HYD,"8,290",$633.40,"7,889 mi",23,$0.0803
YYZ,CKG,"8,281",$726.23,"7,130 mi",23,$0.1019
YQB,MIA,"8,280",$379.60,"1,577 mi",23,$0.2407
YYZ,VLC,"8,275",$536.07,"3,822 mi",23,$0.1403
YYZ,BRI,"8,249",$397.09,"4,754 mi",23,$0.0835
YHZ,MNL,"8,248",$859.44,"8,573 mi",23,$0.1002
YYZ,MZT,"8,244",$166.45,"2,011 mi",23,$0.0828
YYC,CVG,"8,241",$348.56,"1,592 mi",23,$0.2189
YYZ,ADB,"8,241",$330.23,"5,316 mi",23,$0.0621
YYZ,YYR,"8,204",$502.32,"1,065 mi",22,$0.4717
YVR,CKG,"8,200",$652.13,"6,367 mi",22,$0.1024
YYC,SIN,"8,187","$1,093.25","7,937 mi",22,$0.1377
YWG,LIS,"8,171",$364.63,"4,290 mi",22,$0.0850
YEG,YPY,"8,169",$205.42,401 mi,22,$0.5123
YYZ,GOT,"8,169",$462.13,"3,928 mi",22,$0.1177
YVR,CPT,"8,168",$956.69,"10,537 mi",22,$0.0908
YYC,BRU,"8,168",$467.38,"4,659 mi",22,$0.1003
YEG,BOM,"8,156",$512.02,"7,197 mi",22,$0.0711
YYZ,GDN,"8,156",$336.85,"4,260 mi",22,$0.0791
YQB,PHL,"8,155",$361.40,501 mi,22,$0.7214
YHZ,DFW,"8,140",$340.42,"1,907 mi",22,$0.1785
YUL,ORN,"8,137",$243.58,"3,652 mi",22,$0.0667
YEG,SNA,"8,131",$236.49,"1,332 mi",22,$0.1775
YEG,YDF,"8,116",$465.87,"2,454 mi",22,$0.1898
YUL,BNE,"8,114","$2,496.12","9,309 mi",22,$0.2681
YVR,FUK,"8,113",$687.45,"5,000 mi",22,$0.1375
YHZ,DEN,"8,103",$364.88,"2,169 mi",22,$0.1682
YYZ,HAJ,"8,101",$814.87,"3,782 mi",22,$0.2155
YVR,AGP,"8,063",$523.63,"5,582 mi",22,$0.0938
YTZ,FLL,"8,058",$169.24,"1,250 mi",22,$0.1354
YUL,ACA,"8,045",$238.08,"2,562 mi",22,$0.0929
YYZ,BDQ,"8,038",$670.88,"7,788 mi",22,$0.0861
YYZ,GRR,"8,032",$316.83,292 mi,22,$1.0850
YEG,YXJ,"8,002",$291.47,359 mi,22,$0.8119
YQB,BOS,"7,953",$304.91,315 mi,22,$0.9680
YUL,HEL,"7,944",$634.95,"3,718 mi",22,$0.1708
YHZ,YQT,"7,942",$369.70,"1,279 mi",22,$0.2891
YUL,MTY,"7,941",$369.40,"1,934 mi",22,$0.1910
YWG,SGN,"7,915",$466.28,"7,758 mi",22,$0.0601
YHZ,HOG,"7,899",$196.87,"1,873 mi",22,$0.1051
YYZ,BOI,"7,896",$299.10,"1,869 mi",22,$0.1600
YUL,BLQ,"7,891",$472.55,"3,827 mi",22,$0.1235
YVR,BDL,"7,875",$436.31,"2,519 mi",22,$0.1732
YVR,FLR,"7,872",$548.11,"5,608 mi",22,$0.0977
YUL,PPT,"7,851",$794.61,"6,230 mi",22,$0.1275
YEG,ATQ,"7,833",$640.13,"6,345 mi",21,$0.1009
YYZ,ABQ,"7,822",$350.36,"1,504 mi",21,$0.2330
YEG,SYD,"7,809","$1,039.50","8,507 mi",21,$0.1222
YYZ,LCA,"7,783",$610.03,"5,413 mi",21,$0.1127
YEG,YCB,"7,717",$893.92,"1,159 mi",21,$0.7713
YUL,MKE,"7,717",$284.29,699 mi,21,$0.4067
YWG,EWR,"7,716",$371.73,"1,320 mi",21,$0.2816
YYT,FSP,"7,697",$136.55,176 mi,21,$0.7759
YVR,COK,"7,696",$608.79,"8,412 mi",21,$0.0724
YYT,CDG,"7,669",$317.30,"2,561 mi",21,$0.1239
YYC,SAL,"7,667",$351.08,"3,042 mi",21,$0.1154
YYC,YQY,"7,666",$279.91,"2,505 mi",21,$0.1117
YUL,SOF,"7,641",$343.76,"4,370 mi",21,$0.0787
YVR,DLC,"7,624",$616.53,"5,336 mi",21,$0.1155
YYZ,ILM,"7,614",$327.63,676 mi,21,$0.4847
YUL,RIC,"7,606",$292.21,597 mi,21,$0.4895
YEG,MIA,"7,600",$380.80,"2,480 mi",21,$0.1535
YYC,NAS,"7,585",$307.29,"2,557 mi",21,$0.1202
YVR,TLV,"7,573","$1,024.41","6,466 mi",21,$0.1584
YYZ,QRO,"7,569",$373.96,"2,044 mi",21,$0.1830
YYZ,SKB,"7,533",$517.00,"2,134 mi",21,$0.2423
YHZ,COK,"7,511",$526.44,"8,124 mi",21,$0.0648
YEG,YXU,"7,485",$335.44,"1,587 mi",21,$0.2114
YHZ,BNA,"7,478",$269.07,"1,312 mi",20,$0.2051
YYZ,YXC,"7,465",$296.31,"1,693 mi",20,$0.1750
YVR,CHS,"7,464",$339.66,"2,545 mi",20,$0.1335
YWG,SAN,"7,456",$248.57,"1,612 mi",20,$0.1542
YQB,SFO,"7,455",$440.01,"2,558 mi",20,$0.1720
YQB,PHX,"7,425",$418.96,"2,235 mi",20,$0.1875
YYC,SCL,"7,419",$726.00,"6,210 mi",20,$0.1169
YYZ,DAB,"7,417",$195.63,"1,035 mi",20,$0.1890
YUL,YZF,"7,413",$563.45,"2,036 mi",20,$0.2767
YYZ,ESB,"7,400",$406.92,"5,449 mi",20,$0.0747
YVR,OKC,"7,397",$345.75,"1,557 mi",20,$0.2221
YYZ,GEG,"7,389",$309.22,"1,777 mi",20,$0.1740
YVR,SJC,"7,387",$273.93,795 mi,20,$0.3446
YEG,PHL,"7,371",$418.62,"1,951 mi",20,$0.2146
YQB,IAH,"7,363",$427.16,"1,780 mi",20,$0.2400
YVR,NGO,"7,359",$607.03,"4,702 mi",20,$0.1291
YVR,OPO,"7,356",$444.32,"5,183 mi",20,$0.0857
YWG,SJD,"7,354",$244.28,"1,909 mi",20,$0.1280
YYZ,HKT,"7,346",$772.82,"9,122 mi",20,$0.0847
YYC,CEB,"7,329",$457.05,"6,758 mi",20,$0.0676
YVR,OTP,"7,316",$553.09,"5,869 mi",20,$0.0942
YYZ,NCL,"7,285",$427.25,"3,302 mi",20,$0.1294
YUL,GSP,"7,276",$315.25,830 mi,20,$0.3798
YVR,HKT,"7,250",$526.33,"7,985 mi",20,$0.0659
YVR,CTS,"7,241",$654.98,"4,404 mi",20,$0.1487
YQB,TPA,"7,240",$419.39,"1,476 mi",20,$0.2841
YUL,AUA,"7,237",$241.26,"2,219 mi",20,$0.1087
YVR,NAS,"7,236",$434.00,"2,868 mi",20,$0.1513
YUL,CLO,"7,231",$391.09,"2,988 mi",20,$0.1309
YUL,SMF,"7,222",$415.93,"2,534 mi",20,$0.1641
YUL,LOS,"7,220",$395.00,"5,426 mi",20,$0.0728
YVR,GIG,"7,201",$847.07,"7,177 mi",20,$0.1180
YEG,CEB,"7,183",$462.55,"7,109 mi",20,$0.0651
YEG,HND,"7,183",$544.65,"4,752 mi",20,$0.1146
YYZ,STR,"7,179",$611.49,"4,135 mi",20,$0.1479
YEG,MSY,"7,152",$431.80,"1,932 mi",20,$0.2235
YUL,OUA,"7,134",$514.10,"4,896 mi",20,$0.1050
YVR,DSM,"7,116",$392.91,"1,471 mi",19,$0.2671
YWG,DCA,"7,106",$263.33,"1,212 mi",19,$0.2173
YYC,CPH,"7,096",$441.48,"4,321 mi",19,$0.1022
YEG,SMF,"7,089",$253.30,"1,111 mi",19,$0.2280
YYC,KHI,"7,072",$542.72,"7,398 mi",19,$0.0734
YYZ,EVN,"7,066",$470.16,"5,508 mi",19,$0.0854
YEG,DCA,"7,038",$340.19,"1,925 mi",19,$0.1767
YYC,YSB,"7,015",$394.04,"1,482 mi",19,$0.2659
YVR,LIN,"7,004",$618.79,"5,141 mi",19,$0.1204
YEG,PVG,"6,999",$718.85,"5,553 mi",19,$0.1295
YYZ,DMM,"6,997",$695.65,"6,429 mi",19,$0.1082
YEG,SAL,"6,991",$323.21,"2,972 mi",19,$0.1088
YWG,RSW,"6,946",$298.10,"1,866 mi",19,$0.1598
YYC,ADD,"6,943",$488.30,"8,217 mi",19,$0.0594
YUL,ACC,"6,928",$382.21,"5,302 mi",19,$0.0721
YWG,YXT,"6,918",$425.19,"1,311 mi",19,$0.3243
YEG,MEX,"6,903",$360.57,"2,539 mi",19,$0.1420
YUL,SDF,"6,898",$280.59,772 mi,19,$0.3635
YUL,UIO,"6,872",$364.53,"3,258 mi",19,$0.1119
YYZ,PNH,"6,853",$788.94,"8,868 mi",19,$0.0890
YTZ,CDG,"6,844",$200.29,"3,845 mi",19,$0.0521
YUL,ORF,"6,844",$280.21,588 mi,19,$0.4765
YYZ,NTE,"6,836",$371.34,"3,738 mi",19,$0.0993
YUL,JAX,"6,832",$310.68,"1,086 mi",19,$0.2861
YUL,MEM,"6,820",$321.46,"1,082 mi",19,$0.2971
YYZ,TBS,"6,801",$405.81,"5,444 mi",19,$0.0745
YVR,ABQ,"6,789",$255.63,"1,328 mi",19,$0.1925
YYZ,LRM,"6,785",$149.61,"1,907 mi",19,$0.0785
YUL,GRR,"6,774",$329.22,628 mi,19,$0.5242
YUL,PNH,"6,772",$622.79,"8,241 mi",19,$0.0756
YWG,YZF,"6,757",$432.25,"1,117 mi",19,$0.3870
YQB,ATL,"6,746",$365.79,"1,170 mi",18,$0.3126
YVR,UIO,"6,744",$602.55,"4,448 mi",18,$0.1355
YHZ,YMM,"6,730",$367.78,"2,250 mi",18,$0.1635
YYZ,AVL,"6,729",$289.81,572 mi,18,$0.5067
YWG,MZT,"6,706",$172.90,"1,969 mi",18,$0.0878
YYZ,ALB,"6,666",$298.87,291 mi,18,$1.0270
YVR,TUL,"6,659",$362.01,"1,686 mi",18,$0.2147
YYC,NBO,"6,647",$524.89,"8,860 mi",18,$0.0592
YVR,HEL,"6,617",$758.72,"4,803 mi",18,$0.1580
YYZ,VNO,"6,612",$392.18,"4,476 mi",18,$0.0876
YHZ,YQQ,"6,597",$412.20,"2,730 mi",18,$0.1510
YUL,MGA,"6,589",$378.30,"2,488 mi",18,$0.1520
YQB,YVO,"6,572",$405.33,302 mi,18,$1.3422
YVR,SDF,"6,561",$405.10,"1,935 mi",18,$0.2094
YQB,BNA,"6,557",$375.22,"1,110 mi",18,$0.3380
YUL,BJM,"6,547",$433.84,"7,223 mi",18,$0.0601
YUL,RUH,"6,531",$884.41,"6,113 mi",18,$0.1447
YWG,ATH,"6,526",$429.02,"5,229 mi",18,$0.0820
YYZ,BIO,"6,526",$482.58,"3,809 mi",18,$0.1267
YQB,YYT,"6,510",$399.35,849 mi,18,$0.4704
YHZ,ICN,"6,489",$759.09,"6,913 mi",18,$0.1098
YYZ,SYZ,"6,485",$940.79,"6,348 mi",18,$0.1482
YYZ,DAR,"6,452",$600.87,"8,212 mi",18,$0.0732
YEG,IAD,"6,447",$349.27,"2,024 mi",18,$0.1726
YYZ,JAN,"6,447",$246.41,997 mi,18,$0.2472
YWG,YYG,"6,435",$398.36,"1,627 mi",18,$0.2448
YQB,CLT,"6,420",$324.14,969 mi,18,$0.3345
YUL,RUN,"6,417",$453.50,"9,392 mi",18,$0.0483
YVR,WPL,"6,390",$181.73,84 mi,18,$2.1635
YVR,FOC,"6,384",$533.92,"6,148 mi",17,$0.0868
YYZ,PNS,"6,384",$228.73,"1,032 mi",17,$0.2216
YTZ,YVR,"6,379",$167.51,"2,028 mi",17,$0.0826
YHZ,ATH,"6,377",$442.96,"4,202 mi",17,$0.1054
YYZ,HSV,"6,356",$294.54,754 mi,17,$0.3906
YYC,MAF,"6,352",$409.45,"1,499 mi",17,$0.2731
YYZ,CTU,"6,328",$645.64,"7,520 mi",17,$0.0859
YUL,MEL,"6,318","$1,807.44","10,704 mi",17,$0.1689
YVR,PKX,"6,283",$364.60,"5,473 mi",17,$0.0666
YQB,YYJ,"6,276",$434.32,"2,304 mi",17,$0.1885
YWG,BCN,"6,276",$443.11,"4,340 mi",17,$0.1021
YEG,MUC,"6,270",$476.85,"4,579 mi",17,$0.1041
YYC,VIE,"6,267",$586.86,"5,134 mi",17,$0.1143
YWG,YXU,"6,261",$353.42,871 mi,17,$0.4058
YYZ,CHA,"6,261",$321.00,687 mi,17,$0.4672
YYZ,LIT,"6,258",$379.76,886 mi,17,$0.4286
YWG,DTW,"6,248",$295.51,876 mi,17,$0.3373
YQB,YTS,"6,232",$358.35,466 mi,17,$0.7690
YYZ,PWM,"6,230",$281.50,480 mi,17,$0.5865
YWG,MIA,"6,227",$347.90,"1,953 mi",17,$0.1781
YQB,DEN,"6,226",$393.76,"1,777 mi",17,$0.2216
YUL,DUS,"6,224",$662.08,"3,633 mi",17,$0.1822
YTZ,YYT,"6,216",$142.16,"1,271 mi",17,$0.1118
YYC,SJO,"6,214",$495.36,"3,403 mi",17,$0.1456
YVR,PBI,"6,199",$419.15,"2,845 mi",17,$0.1473
YTZ,YYG,"6,196",$180.06,791 mi,17,$0.2276
YWG,HUX,"6,183",$286.81,"2,288 mi",17,$0.1254
YWG,HKG,"6,178",$817.42,"7,307 mi",17,$0.1119
YUL,BLR,"6,157",$860.53,"8,248 mi",17,$0.1043
YYC,AKL,"6,153",$934.48,"7,677 mi",17,$0.1217
YUL,YKA,"6,149",$444.29,"2,085 mi",17,$0.2131
YYZ,TUN,"6,121",$264.22,"4,385 mi",17,$0.0603
YYC,OMA,"6,096",$313.96,"1,062 mi",17,$0.2956
YVR,MEM,"6,092",$396.56,"1,998 mi",17,$0.1985
YYZ,ELP,"6,088",$300.18,"1,616 mi",17,$0.1858
YYZ,CAE,"6,085",$355.57,698 mi,17,$0.5094
YYZ,HER,"6,083",$409.90,"5,380 mi",17,$0.0762
YWG,AUS,"6,082",$266.14,"1,403 mi",17,$0.1897
YVR,BUF,"6,068",$298.00,"2,078 mi",17,$0.1434
YVR,PPT,"6,058",$826.65,"4,741 mi",17,$0.1744
YUL,ICT,"6,032",$394.95,"1,372 mi",17,$0.2879
YYZ,SDQ,"6,032",$345.06,"1,783 mi",17,$0.1935
YYC,BER,"6,029",$445.15,"4,802 mi",17,$0.0927
YYZ,ICT,"6,017",$299.58,988 mi,16,$0.3032
YYC,GRR,"5,989",$295.01,"1,404 mi",16,$0.2101
YUL,CAN,"5,986","$1,035.13","7,428 mi",16,$0.1394
YVR,PUS,"5,981",$710.97,"4,973 mi",16,$0.1430
YUL,ELP,"5,972",$376.62,"1,921 mi",16,$0.1961
YYC,HYD,"5,967",$589.39,"7,884 mi",16,$0.0748
YYC,TQO,"5,938",$355.61,"2,648 mi",16,$0.1343
YYZ,ZIH,"5,938",$409.81,"2,139 mi",16,$0.1916
YWG,YXJ,"5,933",$291.80,"1,030 mi",16,$0.2833
YEG,ZRH,"5,933",$488.22,"4,833 mi",16,$0.1010
YYC,BLR,"5,930",$764.77,"8,175 mi",16,$0.0935
YVR,MSN,"5,911",$375.82,"1,608 mi",16,$0.2337
YWG,YMM,"5,908",$326.97,762 mi,16,$0.4291
YYZ,MDT,"5,907",$337.34,290 mi,16,$1.1632
YYC,KUL,"5,892","$1,469.84","7,918 mi",16,$0.1856
YVR,OSL,"5,891",$634.18,"4,593 mi",16,$0.1381
YYC,PRG,"5,884",$400.82,"4,956 mi",16,$0.0809
YUL,LIN,"5,877",$547.84,"3,713 mi",16,$0.1475
YUL,LHE,"5,876",$582.66,"6,551 mi",16,$0.0889
YUL,MED,"5,843",$374.31,"6,232 mi",16,$0.0601
YUL,CTA,"5,830",$309.10,"4,259 mi",16,$0.0726
YUL,PMI,"5,804",$380.46,"3,654 mi",16,$0.1041
YVR,FAI,"5,803",$376.68,"1,447 mi",16,$0.2603
YUL,MDW,"5,798",$173.87,766 mi,16,$0.2270
YVR,MAA,"5,792",$754.89,"7,672 mi",16,$0.0984
YVR,KIN,"5,791",$263.93,"3,254 mi",16,$0.0811
YYZ,BJX,"5,788",$378.83,"1,948 mi",16,$0.1945
YYZ,ASM,"5,779",$443.18,"6,614 mi",16,$0.0670
YVR,CSX,"5,729",$453.89,"6,246 mi",16,$0.0727
YYC,RNO,"5,725",$337.18,874 mi,16,$0.3858
YEG,RDU,"5,724",$392.81,"2,123 mi",16,$0.1850
YYZ,LUX,"5,722",$831.39,"3,749 mi",16,$0.2218
YEG,PEK,"5,719",$642.20,"5,486 mi",16,$0.1171
YWG,YSB,"5,714",$543.58,764 mi,16,$0.7115
YQB,YXU,"5,713",$432.54,559 mi,16,$0.7738
YVR,KTM,"5,695",$574.65,"7,045 mi",16,$0.0816
YYC,OKC,"5,689",$394.84,"1,399 mi",16,$0.2822
YYZ,NGO,"5,656","$1,121.05","6,742 mi",15,$0.1663
YUL,OMA,"5,653",$358.35,"1,179 mi",15,$0.3039
YYC,JAX,"5,645",$347.40,"2,246 mi",15,$0.1547
YWG,IAD,"5,624",$258.01,"1,192 mi",15,$0.2165
YYZ,PEI,"5,616",$311.61,"2,615 mi",15,$0.1192
YYZ,CLJ,"5,591",$317.32,"4,774 mi",15,$0.0665
YUL,ZAG,"5,579",$301.35,"4,212 mi",15,$0.0715
YQB,MSP,"5,578",$406.88,"1,087 mi",15,$0.3743
YWG,EDI,"5,568",$335.35,"3,732 mi",15,$0.0899
YYZ,TRN,"5,560",$483.31,"3,958 mi",15,$0.1221
YHZ,MEX,"5,552",$473.34,"2,768 mi",15,$0.1710
YYT,YXE,"5,542",$399.99,"2,294 mi",15,$0.1744
YHZ,NAS,"5,538",$334.02,"1,624 mi",15,$0.2057
YQB,MEX,"5,524",$402.60,"2,377 mi",15,$0.1694
YYC,BUD,"5,524",$402.18,"5,238 mi",15,$0.0768
YYZ,ILO,"5,523",$702.52,"8,168 mi",15,$0.0860
YWG,YXL,"5,512",$568.10,230 mi,15,$2.4700
YYC,EBB,"5,503",$558.60,"8,647 mi",15,$0.0646
YYZ,POZ,"5,495",$457.28,"4,281 mi",15,$0.1068
YVR,TYS,"5,482",$408.95,"2,234 mi",15,$0.1831
YVR,LOS,"5,481",$628.40,"7,199 mi",15,$0.0873
YYZ,ROA,"5,470",$280.46,426 mi,15,$0.6584
YYC,TUL,"5,461",$402.10,"1,406 mi",15,$0.2860
YUL,DBV,"5,445",$358.30,"4,437 mi",15,$0.0808
YWG,PVG,"5,444",$773.74,"6,536 mi",15,$0.1184
YYZ,BLL,"5,420",$323.02,"3,885 mi",15,$0.0831
YUL,EVN,"5,413",$443.00,"5,231 mi",15,$0.0847
YYZ,PVD,"5,410",$303.60,451 mi,15,$0.6732
YQB,DCA,"5,408",$360.86,599 mi,15,$0.6024
YHZ,MSP,"5,401",$324.00,"1,489 mi",15,$0.2176
YUL,TYS,"5,397",$286.43,881 mi,15,$0.3251
YUL,SNA,"5,396",$364.61,"2,526 mi",15,$0.1443
YYZ,SZX,"5,394","$1,045.10","7,543 mi",15,$0.1386
YYZ,CSX,"5,392",$686.27,"7,626 mi",15,$0.0900
YHZ,NRT,"5,385",$785.02,"6,867 mi",15,$0.1143
YEG,YHY,"5,375",$808.61,511 mi,15,$1.5824
YVR,SYR,"5,373",$335.83,"2,186 mi",15,$0.1536
YYZ,PUS,"5,371","$1,103.40","6,901 mi",15,$0.1599
YYZ,TLL,"5,369",$516.96,"4,010 mi",15,$0.1289
YWG,ASU,"5,364",$618.16,"5,563 mi",15,$0.1111
YYC,ONT,"5,361",$246.32,"1,156 mi",15,$0.2131
YUL,KRK,"5,342",$458.12,"4,180 mi",15,$0.1096
YYZ,BZN,"5,341",$446.83,"1,498 mi",15,$0.2983
YUL,PSP,"5,331",$335.29,"2,310 mi",15,$0.1451
YYC,JNB,"5,330",$706.23,"10,109 mi",15,$0.0699
YYZ,FUK,"5,326","$1,175.42","6,974 mi",15,$0.1685
YYZ,BON,"5,325",$305.38,"2,214 mi",15,$0.1379
YHZ,CLT,"5,316",$296.11,"1,169 mi",15,$0.2533
YWG,SLC,"5,311",$388.92,978 mi,15,$0.3977
YYZ,LJU,"5,304",$420.92,"4,442 mi",15,$0.0948
YVR,LYS,"5,301",$531.44,"5,334 mi",15,$0.0996
YEG,ADD,"5,300",$563.65,"8,073 mi",15,$0.0698
YWG,VRA,"5,285",$257.45,"1,983 mi",14,$0.1298
YHM,CCC,"5,283",$116.10,"1,390 mi",14,$0.0835
YYC,MXP,"5,272",$546.92,"4,785 mi",14,$0.1143
YUL,BEG,"5,262",$376.97,"4,164 mi",14,$0.0905
YVR,MRS,"5,247",$532.91,"5,477 mi",14,$0.0973
YHZ,SEA,"5,246",$349.67,"2,668 mi",14,$0.1311
YUL,SAV,"5,246",$373.95,"1,034 mi",14,$0.3617
YVR,GSP,"5,242",$381.85,"2,218 mi",14,$0.1722
YHM,CUN,"5,231",$85.82,"1,533 mi",14,$0.0560
YHZ,MUC,"5,221",$365.96,"3,537 mi",14,$0.1035
YYC,MEM,"5,211",$331.85,"1,680 mi",14,$0.1975
YYT,LAX,"5,210",$515.23,"3,350 mi",14,$0.1538
YUL,KUL,"5,207",$853.56,"9,366 mi",14,$0.0911
YYC,HAN,"5,207",$631.23,"6,678 mi",14,$0.0945
YUL,ISB,"5,194",$579.72,"6,392 mi",14,$0.0907
YYZ,KGL,"5,185",$572.82,"7,074 mi",14,$0.0810
YUL,PKX,"5,184",$594.58,"6,335 mi",14,$0.0939
YVR,NAP,"5,183",$592.61,"5,868 mi",14,$0.1010
YYZ,KMG,"5,169",$742.19,"7,911 mi",14,$0.0938
YVR,CMN,"5,167",$540.62,"5,334 mi",14,$0.1014
YHM,VRA,"5,164",$36.95,"1,351 mi",14,$0.0274
YUL,COO,"5,162",$391.48,"5,391 mi",14,$0.0726
YYC,CRK,"5,159",$465.53,"7,007 mi",14,$0.0664
YVR,LHE,"5,151",$613.41,"6,552 mi",14,$0.0936
YVR,ALB,"5,150",$434.24,"2,440 mi",14,$0.1780
YUL,GSO,"5,147",$261.94,702 mi,14,$0.3731
YYC,VCE,"5,147",$424.72,"5,186 mi",14,$0.0819
YYC,DAC,"5,137",$787.28,"7,259 mi",14,$0.1085
YVR,DUS,"5,135",$499.00,"5,041 mi",14,$0.0990
YYZ,TSN,"5,132",$826.96,"6,817 mi",14,$0.1213
YYC,PER,"5,122","$1,491.26","9,313 mi",14,$0.1601
YYC,GDL,"5,117",$171.60,"2,126 mi",14,$0.0807
YYZ,ABZ,"5,102",$493.23,"3,234 mi",14,$0.1525
YYC,ADL,"5,088","$1,055.02","8,503 mi",14,$0.1241
YEG,CLT,"5,087",$386.75,"2,073 mi",14,$0.1866
YUL,TIA,"5,085",$278.77,"4,547 mi",14,$0.0613
YUL,TUS,"5,079",$416.80,"2,245 mi",14,$0.1857
YHZ,RDU,"5,074",$250.84,984 mi,14,$0.2549
YUL,MID,"5,074",$161.59,"1,862 mi",14,$0.0868
YQB,CYO,"5,073",$161.05,"1,775 mi",14,$0.0907
YYC,AYT,"5,061",$417.33,"5,812 mi",14,$0.0718
YYZ,FDF,"5,061",$316.42,"2,359 mi",14,$0.1341
YUL,YCD,"5,060",$417.07,"2,390 mi",14,$0.1745
YYZ,MCT,"5,052",$680.56,"7,290 mi",14,$0.0934
YEG,YCO,"5,038","$1,004.90","1,034 mi",14,$0.9719
YUL,LUX,"5,018",$677.51,"3,452 mi",14,$0.1963
YUL,CHS,"5,015",$344.56,959 mi,14,$0.3593
YHZ,IAD,"5,011",$331.47,799 mi,14,$0.4149
YYT,YYJ,"5,010",$441.75,"3,044 mi",14,$0.1451
YYZ,NAN,"5,010",$995.11,"7,465 mi",14,$0.1333
YHZ,BEY,"5,008",$457.73,"5,159 mi",14,$0.0887
YVR,CHC,"5,008",$944.02,"7,712 mi",14,$0.1224
YUL,GLA,"5,001",$575.42,"3,074 mi",14,$0.1872
YQB,IAD,"4,998",$377.54,604 mi,14,$0.6251
YUL,AKL,"4,996","$1,167.16","9,205 mi",14,$0.1268
YWG,PHL,"4,995",$396.66,"1,235 mi",14,$0.3212
YUL,HER,"4,989",$359.44,"5,060 mi",14,$0.0710
YUL,KIX,"4,986",$886.65,"6,825 mi",14,$0.1299
YYT,PHX,"4,982",$438.27,"3,274 mi",14,$0.1339
YYZ,TLH,"4,979",$368.31,983 mi,14,$0.3747
YYZ,SGF,"4,977",$341.15,822 mi,14,$0.4150
YWG,YEK,"4,974","$1,301.59",805 mi,14,$1.6169
YUL,CFG,"4,969",$136.00,"1,705 mi",14,$0.0798
YWG,WAW,"4,963",$420.10,"4,378 mi",14,$0.0960
YQB,YVP,"4,963",$865.77,766 mi,14,$1.1302
YYC,YSJ,"4,957",$381.66,"2,145 mi",14,$0.1779
YVR,SPU,"4,950",$552.12,"5,744 mi",14,$0.0961
YYC,LGW,"4,945",$355.47,"4,514 mi",14,$0.0787
YEG,YVQ,"4,943",$820.09,917 mi,14,$0.8943
YVR,SJU,"4,921",$499.96,"3,905 mi",13,$0.1280
YYC,IKA,"4,911",$432.68,"6,582 mi",13,$0.0657
YUL,LFW,"4,892",$495.64,"5,345 mi",13,$0.0927
YUL,SDQ,"4,886",$343.31,"1,827 mi",13,$0.1879
YYZ,BGO,"4,885",$477.69,"3,405 mi",13,$0.1403
YVR,ORF,"4,883",$363.13,"2,400 mi",13,$0.1513
YHZ,YQU,"4,874",$255.79,"2,411 mi",13,$0.1061
YEG,BOG,"4,870",$428.61,"4,148 mi",13,$0.1033
YVR,AMD,"4,869",$665.82,"7,129 mi",13,$0.0934
YYZ,CNX,"4,856",$781.32,"7,877 mi",13,$0.0992
YUL,GDL,"4,843",$353.69,"2,476 mi",13,$0.1428
YYC,MAA,"4,842",$628.19,"8,163 mi",13,$0.0770
YYZ,GNV,"4,834",$330.54,"1,006 mi",13,$0.3286
YYC,WAW,"4,830",$577.82,"4,689 mi",13,$0.1232
YYZ,BAQ,"4,811",$302.94,"2,215 mi",13,$0.1368
YYZ,CUZ,"4,806",$398.75,"3,864 mi",13,$0.1032
YUL,TNR,"4,805",$991.40,"8,378 mi",13,$0.1183
YQB,AZS,"4,802",$243.88,"1,847 mi",13,$0.1320
YYT,LHR,"4,799",$699.99,"2,378 mi",13,$0.2944
YUL,CMW,"4,778",$159.20,"1,728 mi",13,$0.0921
YYC,JED,"4,765",$442.57,"6,935 mi",13,$0.0638
YYZ,REC,"4,763",$581.14,"4,676 mi",13,$0.1243
YVR,SAV,"4,761",$431.45,"2,528 mi",13,$0.1707
YEG,LOS,"4,758",$529.90,"7,130 mi",13,$0.0743
YWG,YBK,"4,758","$1,498.16",965 mi,13,$1.5525
YVR,OKA,"4,757",$795.05,"5,826 mi",13,$0.1365
YYC,BDL,"4,752",$407.95,"2,095 mi",13,$0.1947
YEG,SAT,"4,749",$394.20,"1,865 mi",13,$0.2114
YYC,GVA,"4,737",$752.40,"4,682 mi",13,$0.1607
YVR,ZAG,"4,735",$448.06,"5,272 mi",13,$0.0850
YYZ,POA,"4,729",$688.77,"5,237 mi",13,$0.1315
YQB,YYR,"4,724",$537.47,683 mi,13,$0.7869
YHZ,DTW,"4,722",$300.57,978 mi,13,$0.3073
YYC,TUS,"4,719",$309.44,"1,282 mi",13,$0.2414
YUL,DSM,"4,714",$294.57,"1,062 mi",13,$0.2774
YQB,BCN,"4,713",$351.43,"3,428 mi",13,$0.1025
YVR,CLO,"4,710",$321.23,"4,301 mi",13,$0.0747
YTZ,YWG,"4,696",$516.21,974 mi,13,$0.5300
YYZ,ALG,"4,696",$410.63,"4,088 mi",13,$0.1004
YWG,CAI,"4,689",$361.62,"6,257 mi",13,$0.0578
YEG,RSW,"4,688",$300.78,"2,538 mi",13,$0.1185
YYZ,MOB,"4,687",$268.82,"1,043 mi",13,$0.2577
YUL,AYT,"4,684",$268.61,"5,217 mi",13,$0.0515
YWG,PDX,"4,681",$220.06,"1,173 mi",13,$0.1876
YYT,MBJ,"4,661",$265.63,"2,386 mi",13,$0.1113
YWG,ZRH,"4,644",$377.45,"4,259 mi",13,$0.0886
YTZ,LAS,"4,630",$166.94,"1,892 mi",13,$0.0882
YVR,SBA,"4,626",$322.26,"1,003 mi",13,$0.3213
YYC,CAN,"4,624",$553.66,"6,737 mi",13,$0.0822
YVR,MID,"4,619",$207.23,"2,601 mi",13,$0.0797
YYT,YAY,"4,619",$283.64,309 mi,13,$0.9179
YEG,SIN,"4,615",$839.07,"7,842 mi",13,$0.1070
YYT,LGA,"4,611",$345.51,"1,177 mi",13,$0.2936
YEG,EDI,"4,605",$373.00,"3,801 mi",13,$0.0981
YYC,KIX,"4,599",$757.09,"5,034 mi",13,$0.1504
YYC,MKE,"4,594",$341.73,"1,304 mi",13,$0.2621
YVR,YQL,"4,593",$152.75,482 mi,13,$0.3169
YUL,BHM,"4,587",$344.63,"1,105 mi",13,$0.3119
YYZ,DLA,"4,581",$430.95,"6,175 mi",13,$0.0698
YYZ,PPT,"4,577","$1,091.36","6,291 mi",13,$0.1735
YYC,DPS,"4,571",$883.62,"8,149 mi",13,$0.1084
YYZ,TNA,"4,571",$759.14,"6,570 mi",13,$0.1155
YYZ,KTW,"4,564",$266.05,"4,184 mi",13,$0.0636
YUL,MZT,"4,561",$224.72,"2,456 mi",12,$0.0915
YWG,MEX,"4,558",$384.84,"2,045 mi",12,$0.1882
YYC,HAM,"4,547",$398.60,"4,644 mi",12,$0.0858
YYZ,COS,"4,547",$290.24,"1,380 mi",12,$0.2103
YYC,SDF,"4,544",$326.02,"1,686 mi",12,$0.1934
YYC,KTM,"4,540",$650.84,"6,658 mi",12,$0.0978
YUL,BRI,"4,522",$330.01,"4,436 mi",12,$0.0744
YEG,WAW,"4,489",$496.34,"4,832 mi",12,$0.1027
YYZ,DAM,"4,487",$557.51,"5,592 mi",12,$0.0997
YUL,BKO,"4,482",$581.13,"4,302 mi",12,$0.1351
YYZ,SVQ,"4,482",$597.88,"3,879 mi",12,$0.1541
YYZ,CMW,"4,479",$150.21,"1,587 mi",12,$0.0947
YYZ,HRB,"4,479",$891.88,"5,884 mi",12,$0.1516
YEG,MAD,"4,472",$525.18,"4,596 mi",12,$0.1143
YQB,MSY,"4,470",$443.60,"1,492 mi",12,$0.2973
YQB,BRU,"4,467",$347.40,"3,405 mi",12,$0.1020
YYZ,MLB,"4,460",$196.18,"1,110 mi",12,$0.1767
YYZ,SAP,"4,458",$288.29,"1,950 mi",12,$0.1478
YYZ,IFN,"4,453",$574.09,"6,525 mi",12,$0.0880
YYC,PTY,"4,452",$452.48,"3,611 mi",12,$0.1253
YUL,YFB,"4,428","$1,331.66","1,241 mi",12,$1.0731
YYZ,BTR,"4,425",$338.87,"1,139 mi",12,$0.2975
YHZ,KEF,"4,421",$374.09,"2,110 mi",12,$0.1773
YQB,LYS,"4,417",$240.82,"3,396 mi",12,$0.0709
YYZ,SBA,"4,416",$368.04,"2,293 mi",12,$0.1605
YUL,HKT,"4,414",$758.20,"8,962 mi",12,$0.0846
YYT,CCC,"4,413",$332.48,"2,307 mi",12,$0.1441
YUL,POS,"4,405",$355.49,"2,595 mi",12,$0.1370
YHZ,KIN,"4,403",$244.97,"1,954 mi",12,$0.1254
YVR,BZE,"4,396",$321.65,"3,012 mi",12,$0.1068
YEG,LIR,"4,394",$414.33,"3,234 mi",12,$0.1281
YEG,LGW,"4,389",$217.34,"4,384 mi",12,$0.0496
YUL,BDL,"4,389",$349.58,242 mi,12,$1.4445
YYZ,MVD,"4,382",$633.82,"5,455 mi",12,$0.1162
YEG,PIT,"4,381",$418.63,"1,836 mi",12,$0.2280
YQB,YAM,"4,378",$390.35,641 mi,12,$0.6090
YWG,JFK,"4,374",$281.47,"1,339 mi",12,$0.2102
YEG,MEL,"4,373",$805.46,"8,952 mi",12,$0.0900
YQB,FCO,"4,370",$304.58,"3,831 mi",12,$0.0795
YVR,LIT,"4,364",$423.02,"1,915 mi",12,$0.2209
YYZ,CID,"4,358",$345.18,605 mi,12,$0.5705
YEG,CMB,"4,349",$542.20,"8,428 mi",12,$0.0643
YYC,DOH,"4,346",$806.51,"6,873 mi",12,$0.1173
YYZ,LIH,"4,345",$569.77,"4,822 mi",12,$0.1182
YVR,NCL,"4,335",$560.82,"4,348 mi",12,$0.1290
YYC,CMN,"4,335",$476.34,"5,248 mi",12,$0.0908
YHZ,BOM,"4,334",$411.55,"7,451 mi",12,$0.0552
YYZ,NUE,"4,316",$555.27,"3,934 mi",12,$0.1411
YYC,LTO,"4,314",$237.22,"1,690 mi",12,$0.1404
YYC,CHS,"4,307",$353.07,"2,185 mi",12,$0.1616
YHZ,RSW,"4,301",$271.20,"1,572 mi",12,$0.1725
YHZ,SAN,"4,299",$444.91,"3,041 mi",12,$0.1463
YUL,KWI,"4,299",$511.23,"6,297 mi",12,$0.0812
YYZ,CGQ,"4,298",$784.30,"6,366 mi",12,$0.1232
YVR,BGI,"4,294",$554.01,"4,486 mi",12,$0.1235
YYC,ARN,"4,291",$588.49,"4,197 mi",12,$0.1402
YUL,YXS,"4,283",$481.32,"2,150 mi",12,$0.2239
YUL,GOT,"4,279",$497.94,"3,422 mi",12,$0.1455
YEG,YXC,"4,271",$193.61,280 mi,12,$0.6915
YYZ,ZYL,"4,270",$797.12,"7,893 mi",12,$0.1010
YHZ,CAI,"4,269",$254.74,"5,155 mi",12,$0.0494
YYC,CMB,"4,266",$541.38,"8,574 mi",12,$0.0631
YYZ,CWB,"4,266",$644.03,"5,312 mi",12,$0.1212
YYZ,AGS,"4,257",$384.09,745 mi,12,$0.5156
YYC,BOI,"4,255",$315.76,548 mi,12,$0.5762
YQB,RDU,"4,252",$361.82,820 mi,12,$0.4412
YYZ,TGD,"4,250",$344.38,"4,523 mi",12,$0.0761
YUL,QRO,"4,246",$440.16,"2,212 mi",12,$0.1990
YVR,YSJ,"4,245",$529.50,"2,557 mi",12,$0.2071
YEG,KOA,"4,239",$394.24,"3,130 mi",12,$0.1260
YYZ,JRO,"4,233",$689.44,"7,931 mi",12,$0.0869
YHZ,IST,"4,231",$488.14,"4,527 mi",12,$0.1078
YEG,TPE,"4,227",$588.40,"5,924 mi",12,$0.0993
YQB,YQG,"4,223",$383.22,668 mi,12,$0.5737
YYC,ABQ,"4,220",$291.30,"1,135 mi",12,$0.2567
YTZ,CUN,"4,215",$196.26,"1,570 mi",12,$0.1250
YYC,RIC,"4,209",$372.44,"2,075 mi",12,$0.1795
YQB,GVA,"4,205",$467.71,"3,632 mi",12,$0.1288
YYZ,ALC,"4,205",$408.47,"3,862 mi",12,$0.1058
YYZ,STT,"4,202",$342.54,"2,005 mi",12,$0.1708
YUL,FAO,"4,199",$224.07,"3,471 mi",12,$0.0646
YTZ,YYC,"4,196",$177.47,"1,733 mi",11,$0.1024
YUL,DAM,"4,196",$427.93,"5,626 mi",11,$0.0761
YVR,BHM,"4,195",$394.36,"2,082 mi",11,$0.1894
YEG,YOJ,"4,188",$326.42,404 mi,11,$0.8080
YYZ,RMO,"4,182",$344.58,"4,958 mi",11,$0.0695
YQB,YXE,"4,179",$420.99,"1,659 mi",11,$0.2538
YVR,KRK,"4,178",$557.11,"5,392 mi",11,$0.1033
YVR,KHI,"4,177",$593.98,"7,495 mi",11,$0.0793
YYC,PMI,"4,166",$422.54,"4,951 mi",11,$0.0853
YYC,EZE,"4,159","$1,248.67","7,029 mi",11,$0.1776
YUL,TUL,"4,155",$357.99,"1,357 mi",11,$0.2638
YVR,BZN,"4,155",$281.36,626 mi,11,$0.4495
YYZ,BAH,"4,153",$586.95,"6,868 mi",11,$0.0855
YYZ,DAY,"4,145",$296.69,363 mi,11,$0.8173
YYZ,ECP,"4,141",$308.62,951 mi,11,$0.3245
YYZ,FIH,"4,136",$573.30,"6,881 mi",11,$0.0833
YVR,ICT,"4,134",$355.41,"1,462 mi",11,$0.2431
YWG,YTS,"4,133",$562.09,698 mi,11,$0.8053
YWG,YUT,"4,128","$1,416.71","1,247 mi",11,$1.1361
YUL,MYR,"4,125",$249.18,886 mi,11,$0.2812
YEG,CMH,"4,121",$380.92,"1,753 mi",11,$0.2173
YYZ,SMR,"4,119",$351.56,"2,340 mi",11,$0.1502
YEG,JED,"4,118",$551.68,"7,215 mi",11,$0.0765
YQB,DTW,"4,109",$368.52,648 mi,11,$0.5687
YHZ,YXU,"4,102",$414.54,858 mi,11,$0.4831
YWG,BKK,"4,099",$697.15,"8,145 mi",11,$0.0856
YEG,IND,"4,077",$332.16,"1,538 mi",11,$0.2160
YUL,LCA,"4,073",$620.18,"5,117 mi",11,$0.1212
YWG,YZS,"4,065","$1,897.26","1,078 mi",11,$1.7600
YUL,YGP,"4,063",$308.76,476 mi,11,$0.6487
YEG,LHE,"4,057",$619.94,"6,359 mi",11,$0.0975
YUL,PER,"4,057","$3,133.19","11,708 mi",11,$0.2676
YYZ,ALA,"4,055",$673.83,"6,065 mi",11,$0.1111
YYZ,TFS,"4,054",$532.04,"3,710 mi",11,$0.1434
YYZ,HAV,"4,054",$352.31,"1,395 mi",11,$0.2526
YYC,OPO,"4,050",$375.87,"4,779 mi",11,$0.0787
YYC,TLV,"4,048",$926.70,"6,197 mi",11,$0.1495
YVR,YDF,"4,048",$578.09,"2,786 mi",11,$0.2075
YUL,CEB,"4,046",$624.28,"8,681 mi",11,$0.0719
YVR,BLQ,"4,045",$571.21,"5,565 mi",11,$0.1026
YYZ,CHO,"4,041",$321.67,400 mi,11,$0.8042
YQB,YQT,"4,032",$354.31,866 mi,11,$0.4091
YUL,LEX,"4,031",$276.43,782 mi,11,$0.3535
YYT,FRA,"4,025",$333.90,"2,634 mi",11,$0.1268
YWG,YXY,"4,022",$482.61,"1,682 mi",11,$0.2869
YYC,LIH,"4,022",$361.69,"3,051 mi",11,$0.1185
YUL,YKL,"4,019",$705.80,735 mi,11,$0.9603
YVR,AMM,"4,014",$457.70,"6,500 mi",11,$0.0704
YEG,SCL,"4,007",$570.59,"6,321 mi",11,$0.0903
YVR,JED,"4,000",$627.95,"7,643 mi",11,$0.0822
YEG,AKL,"3,996",$908.15,"7,786 mi",11,$0.1166
YYZ,PHC,"3,986",$431.87,"5,982 mi",11,$0.0722
YEG,SJO,"3,985",$423.89,"3,305 mi",11,$0.1283
YVR,HAJ,"3,979",$563.98,"4,743 mi",11,$0.1189
YEG,BNE,"3,972","$1,116.72","7,609 mi",11,$0.1468
YQB,YBG,"3,970",$97.45,105 mi,11,$0.9281
YUL,RIX,"3,968",$607.14,"3,814 mi",11,$0.1592
YUL,MOB,"3,967",$336.13,"1,247 mi",11,$0.2696
YVR,ROC,"3,964",$369.49,"2,118 mi",11,$0.1745
YVR,WLG,"3,953","$1,009.16","7,079 mi",11,$0.1426
YVR,CNX,"3,949",$842.79,"6,865 mi",11,$0.1228
YUL,HYD,"3,945",$586.13,"7,999 mi",11,$0.0733
YHZ,YTS,"3,919",$410.28,855 mi,11,$0.4799
YUL,MLA,"3,919",$498.16,"4,302 mi",11,$0.1158
YWG,IST,"3,899",$514.51,"5,499 mi",11,$0.0936
YUL,ANC,"3,895",$461.86,"3,027 mi",11,$0.1526
YYC,GSP,"3,895",$407.68,"1,877 mi",11,$0.2172
YVR,CTG,"3,888",$299.49,"3,932 mi",11,$0.0762
YUL,ITM,"3,882","$1,003.27","6,797 mi",11,$0.1476
YEG,NAN,"3,881",$646.59,"6,569 mi",11,$0.0984
YVR,CNF,"3,869","$1,030.63","6,568 mi",11,$0.1569
YYT,YQT,"3,852",$429.61,"1,626 mi",11,$0.2642
YWG,DXB,"3,846",$670.82,"7,187 mi",11,$0.0933
YHZ,YAM,"3,842",$368.74,986 mi,11,$0.3740
YUL,MAA,"3,837",$625.35,"8,323 mi",11,$0.0751
YWG,RDU,"3,836",$285.02,"1,379 mi",11,$0.2067
YUL,RNO,"3,835",$464.51,"2,418 mi",11,$0.1921
YYZ,TAB,"3,834",$373.90,"2,437 mi",11,$0.1534
YUL,AMD,"3,832",$605.88,"7,032 mi",10,$0.0862
YWG,YXC,"3,827",$258.35,801 mi,10,$0.3225
YWG,YDF,"3,824",$523.82,"1,712 mi",10,$0.3060
YQB,ATH,"3,818",$307.91,"4,460 mi",10,$0.0690
YTZ,TLV,"3,810","$1,168.05","5,941 mi",10,$0.1966
YEG,MAA,"3,808",$662.82,"7,550 mi",10,$0.0878
YYT,YMM,"3,800",$449.10,"2,401 mi",10,$0.1870
YQB,LGA,"3,796",$332.94,420 mi,10,$0.7927
YVR,FAO,"3,794",$374.77,"5,127 mi",10,$0.0731
YHZ,MSY,"3,775",$475.45,"1,832 mi",10,$0.2595
YYZ,TRI,"3,774",$386.20,503 mi,10,$0.7678
YYZ,XPL,"3,767",$372.78,"2,010 mi",10,$0.1855
YYZ,VRN,"3,767",$522.23,"4,078 mi",10,$0.1281
YQB,MNL,"3,765",$859.72,"7,887 mi",10,$0.1090
YEG,CRK,"3,763",$481.19,"6,523 mi",10,$0.0738
YUL,YKU,"3,762",$889.18,639 mi,10,$1.3915
YUL,OKC,"3,758",$412.94,"1,384 mi",10,$0.2984
YVR,TLS,"3,753",$529.25,"5,045 mi",10,$0.1049
YVR,MFR,"3,751",$272.01,485 mi,10,$0.5608
YYC,PBI,"3,748",$404.97,"2,374 mi",10,$0.1706
YYC,YTS,"3,743",$513.47,"1,409 mi",10,$0.3644
YVR,BEY,"3,735",$519.81,"6,356 mi",10,$0.0818
YYC,DSM,"3,728",$374.86,"1,204 mi",10,$0.3113
YEG,EBB,"3,722",$485.89,"8,516 mi",10,$0.0571
YHZ,SLC,"3,722",$373.26,"2,508 mi",10,$0.1488
YVR,DOH,"3,716",$786.91,"7,499 mi",10,$0.1049
YUL,KIN,"3,704",$268.69,"1,853 mi",10,$0.1450
YQB,AUS,"3,701",$401.93,"1,865 mi",10,$0.2155
YYC,KIN,"3,695",$183.37,"2,971 mi",10,$0.0617
YVR,MHD,"3,684","$1,177.81","6,335 mi",10,$0.1859
YUL,HAJ,"3,683",$518.20,"3,708 mi",10,$0.1398
YVR,SKG,"3,678","$1,629.40","6,081 mi",10,$0.2679
YVR,EUG,"3,676",$214.94,360 mi,10,$0.5971
YHZ,BGI,"3,673",$383.47,"2,277 mi",10,$0.1684
YYZ,GYD,"3,659",$501.07,"5,659 mi",10,$0.0885
YVR,RUH,"3,654",$808.56,"7,057 mi",10,$0.1146
YQB,LIS,"3,651",$244.67,"3,027 mi",10,$0.0808
YVR,EBB,"3,646",$679.19,"8,477 mi",10,$0.0801
YYZ,BSB,"3,640",$849.61,"4,439 mi",10,$0.1914
YEG,MCI,"3,636",$362.00,"1,353 mi",10,$0.2676
YVR,CRK,"3,633",$507.02,"6,342 mi",10,$0.0799
YUL,EBB,"3,632",$554.53,"7,205 mi",10,$0.0770
YYZ,BRE,"3,627",$440.30,"3,732 mi",10,$0.1180
YQB,SEA,"3,627",$358.35,"2,280 mi",10,$0.1572
YEG,LIM,"3,625",$420.15,"4,850 mi",10,$0.0866
YEG,VIE,"3,619",$555.38,"4,701 mi",10,$0.1181
YUL,YPH,"3,617","$1,161.33",889 mi,10,$1.3063
YQB,BOG,"3,614",$369.61,"3,000 mi",10,$0.1232
YUL,OGG,"3,611",$602.92,"4,709 mi",10,$0.1280
YQB,YLW,"3,608",$374.34,"2,110 mi",10,$0.1774
YYZ,GPT,"3,605",$201.88,"1,021 mi",10,$0.1977
YVR,KMG,"3,602",$721.53,"6,374 mi",10,$0.1132
YVR,GCM,"3,601",$551.79,"3,187 mi",10,$0.1731
YYC,CPT,"3,585",$824.70,"10,101 mi",10,$0.0816
YQB,SAN,"3,584",$473.93,"2,499 mi",10,$0.1896
YYT,ORD,"3,579",$404.02,"1,698 mi",10,$0.2379
YHZ,BRU,"3,574",$379.83,"3,156 mi",10,$0.1204
YEG,CPH,"3,563",$431.43,"4,187 mi",10,$0.1030
YVR,ACC,"3,561",$807.47,"7,123 mi",10,$0.1134
YVR,SYZ,"3,561",$531.46,"6,780 mi",10,$0.0784
YYZ,FSD,"3,560",$342.89,828 mi,10,$0.4141
YWG,PEK,"3,558",$886.76,"6,065 mi",10,$0.1462
YUL,PNS,"3,554",$280.24,"1,303 mi",10,$0.2151
YVR,AUA,"3,547",$347.64,"4,048 mi",10,$0.0859
YUL,GCM,"3,546",$269.69,"1,804 mi",10,$0.1495
YVR,PNH,"3,545",$690.00,"7,108 mi",10,$0.0971
YYC,AGP,"3,542",$457.08,"5,177 mi",10,$0.0883
YUL,SAP,"3,539",$430.20,"2,299 mi",10,$0.1871
YYZ,WNZ,"3,529","$1,049.34","7,543 mi",10,$0.1391
YUL,YQQ,"3,527",$333.26,"2,425 mi",10,$0.1374
YUL,BIO,"3,525",$450.38,"3,282 mi",10,$0.1372
YVR,ISB,"3,523",$598.50,"6,436 mi",10,$0.0930
YHZ,PIT,"3,515",$286.90,927 mi,10,$0.3095
YUL,SKG,"3,507",$432.07,"4,447 mi",10,$0.0972
YVR,YQG,"3,507",$376.84,"1,914 mi",10,$0.1969
YYZ,DVO,"3,499",$715.42,"8,845 mi",10,$0.0809
YYZ,LBA,"3,492",$513.31,"3,538 mi",10,$0.1451
YEG,STL,"3,490",$408.04,"1,533 mi",10,$0.2662
YVR,ELP,"3,489",$291.21,"1,527 mi",10,$0.1907
YVR,XNA,"3,483",$393.03,"1,649 mi",10,$0.2383
YYZ,DOM,"3,480",$388.24,"2,155 mi",10,$0.1802
YHZ,GSP,"3,479",$322.38,"1,168 mi",10,$0.2760
YUL,GEG,"3,479",$416.72,"2,121 mi",10,$0.1965
YUL,BUF,"3,474",$292.62,312 mi,10,$0.9379
YVR,AYT,"3,473",$796.18,"6,466 mi",10,$0.1231
YYZ,ATW,"3,467",$358.66,456 mi,9,$0.7865
YUL,AAE,"3,465",$285.59,"4,224 mi",9,$0.0676
YEG,ANC,"3,464",$499.75,"1,399 mi",9,$0.3572
YEG,CMN,"3,460",$439.73,"5,147 mi",9,$0.0854
YHZ,DXB,"3,455",$665.36,"6,063 mi",9,$0.1097
YYZ,EYW,"3,449",$373.46,"1,367 mi",9,$0.2732
YVR,CTU,"3,448",$569.77,"6,395 mi",9,$0.0891
YEG,VCE,"3,443",$411.87,"4,756 mi",9,$0.0866
YVR,BLL,"3,439",$371.02,"4,825 mi",9,$0.0769
YVR,YSB,"3,438",$499.61,"1,887 mi",9,$0.2648
YVR,POA,"3,438",$770.27,"7,241 mi",9,$0.1064
YUL,SPU,"3,436",$281.76,"4,062 mi",9,$0.0694
YEG,GRU,"3,436",$836.43,"6,836 mi",9,$0.1224
YEG,YYD,"3,434",$397.30,543 mi,9,$0.7317
YEG,DPS,"3,432",$706.96,"8,093 mi",9,$0.0874
YQB,GRU,"3,431",$871.94,"5,248 mi",9,$0.1661
YYT,VRA,"3,430",$372.54,"2,389 mi",9,$0.1559
YYC,GUA,"3,423",$387.77,"2,927 mi",9,$0.1325
YEG,KTM,"3,422",$610.46,"6,927 mi",9,$0.0881
YYC,NAN,"3,409",$887.45,"6,481 mi",9,$0.1369
YYC,SJU,"3,403",$452.63,"3,548 mi",9,$0.1276
YYZ,OGL,"3,402",$468.53,"2,775 mi",9,$0.1688
YYT,YLW,"3,400",$417.11,"2,847 mi",9,$0.1465
YEG,RIX,"3,395",$791.31,"4,319 mi",9,$0.1832
YVR,PNS,"3,387",$365.39,"2,342 mi",9,$0.1560
YEG,KUL,"3,378",$760.01,"7,818 mi",9,$0.0972
YHZ,YQG,"3,369",$302.12,958 mi,9,$0.3154
YUL,SMR,"3,365",$366.81,"2,444 mi",9,$0.1501
YVR,FSD,"3,365",$370.39,"1,272 mi",9,$0.2912
YHZ,YCD,"3,365",$413.64,"2,868 mi",9,$0.1442
YQB,YSB,"3,363",$376.73,432 mi,9,$0.8721
YUL,ILM,"3,362",$348.30,780 mi,9,$0.4465
YYT,YTS,"3,353",$413.22,"1,354 mi",9,$0.3052
YYZ,BHD,"3,346",$577.07,"3,159 mi",9,$0.1827
YEG,KHI,"3,341",$699.53,"6,821 mi",9,$0.1026
YYZ,ORK,"3,339",$469.37,"3,121 mi",9,$0.1504
YVR,GSO,"3,334",$372.32,"2,268 mi",9,$0.1642
YVR,BHX,"3,333",$383.78,"4,761 mi",9,$0.0806
YVR,PMI,"3,333",$759.41,"5,312 mi",9,$0.1430
YUL,COK,"3,328",$536.26,"7,924 mi",9,$0.0677
YUL,CGK,"3,326","$1,181.33","10,010 mi",9,$0.1180
YVR,YDA,"3,319",$365.25,"1,148 mi",9,$0.3182
YVR,PWM,"3,317",$394.45,"2,420 mi",9,$0.1630
YYC,ORF,"3,317",$309.64,"2,026 mi",9,$0.1528
YYZ,MDZ,"3,310",$612.47,"5,490 mi",9,$0.1116
YYZ,TAS,"3,310",$640.80,"6,446 mi",9,$0.0994
YVR,QRO,"3,307",$316.53,"2,415 mi",9,$0.1311
YEG,CLE,"3,304",$325.68,"1,628 mi",9,$0.2000
YYC,AMM,"3,301",$483.15,"6,622 mi",9,$0.0730
YYZ,MGQ,"3,293",$555.63,"8,036 mi",9,$0.0691
YUL,SJJ,"3,287",$348.08,"4,129 mi",9,$0.0843
YUL,CID,"3,282",$364.58,901 mi,9,$0.4046
YWG,BOM,"3,276",$505.68,"7,860 mi",9,$0.0643
YVR,CID,"3,275",$388.20,"1,543 mi",9,$0.2516
YWG,COK,"3,270",$520.28,"8,517 mi",9,$0.0611
YEG,YSJ,"3,268",$442.54,"2,109 mi",9,$0.2098
YHZ,AMD,"3,268",$578.39,"6,779 mi",9,$0.0853
YYC,OSL,"3,266",$563.45,"4,039 mi",9,$0.1395
YYC,WDH,"3,265",$840.94,"8,913 mi",9,$0.0943
YYZ,DSS,"3,264",$659.01,"4,283 mi",9,$0.1539
YUL,BGW,"3,261",$504.12,"5,585 mi",9,$0.0903
YVR,VLC,"3,261",$525.56,"5,223 mi",9,$0.1006
YVR,ABZ,"3,259",$803.96,"4,221 mi",9,$0.1905
YUL,GYE,"3,255",$391.83,"3,213 mi",9,$0.1220
YUL,JRO,"3,251",$525.25,"7,167 mi",9,$0.0733
YWG,CLT,"3,244",$376.66,"1,344 mi",9,$0.2803
YVR,HRB,"3,244",$568.12,"4,533 mi",9,$0.1253
YYT,AMS,"3,244",$933.49,"2,583 mi",9,$0.3614
YVR,GOT,"3,243",$574.17,"4,492 mi",9,$0.1278
YUL,ATQ,"3,236",$687.75,"6,954 mi",9,$0.0989
YWG,STL,"3,234",$437.96,867 mi,9,$0.5051
YEG,MAN,"3,231",$432.18,"3,960 mi",9,$0.1091
YYC,MSN,"3,229",$420.61,"1,238 mi",9,$0.3397
YUL,ABQ,"3,223",$345.47,"1,805 mi",9,$0.1914
YVR,CTA,"3,220",$557.86,"5,749 mi",9,$0.0970
YUL,XNA,"3,219",$351.24,"1,280 mi",9,$0.2744
YUL,BWI,"3,217",$248.64,474 mi,9,$0.5246
YUL,BZE,"3,209",$281.97,"2,041 mi",9,$0.1382
YVR,BJX,"3,203",$294.97,"2,215 mi",9,$0.1332
YUL,TRN,"3,199",$346.30,"3,657 mi",9,$0.0947
YUL,BOI,"3,199",$402.19,"2,134 mi",9,$0.1885
YYZ,MLE,"3,194","$1,059.77","8,994 mi",9,$0.1178
YUL,MHD,"3,193",$524.85,"6,271 mi",9,$0.0837
YYC,ELP,"3,185",$315.16,"1,348 mi",9,$0.2338
YUL,CHQ,"3,182",$395.58,"4,716 mi",9,$0.0839
YVR,MGA,"3,175",$439.98,"3,216 mi",9,$0.1368
YVR,BUR,"3,174",$312.47,"1,033 mi",9,$0.3025
YUL,ADB,"3,173",$312.58,"5,000 mi",9,$0.0625
YWG,ATQ,"3,173",$575.62,"6,979 mi",9,$0.0825
YYZ,KHH,"3,173",$745.25,"7,917 mi",9,$0.0941
YHZ,MAD,"3,170",$413.42,"2,900 mi",9,$0.1426
YUL,RBA,"3,169",$274.26,"3,433 mi",9,$0.0799
YEG,YQY,"3,167",$504.00,"2,453 mi",9,$0.2055
YWG,IND,"3,164",$391.94,857 mi,9,$0.4573
YYZ,ABJ,"3,161","$1,074.11","5,096 mi",9,$0.2108
YWG,SNA,"3,160",$317.39,"1,489 mi",9,$0.2132
YYT,MSN,"3,158",$584.21,"1,839 mi",9,$0.3177
YYZ,DYU,"3,157",$525.70,"6,230 mi",9,$0.0844
YEG,AMM,"3,151",$413.93,"6,473 mi",9,$0.0639
YUL,OUD,"3,148",$301.40,"3,625 mi",9,$0.0831
YVR,KHH,"3,143",$535.79,"6,316 mi",9,$0.0848
YYT,YQR,"3,143",$423.08,"2,380 mi",9,$0.1778
YYC,ACC,"3,136",$661.80,"6,713 mi",9,$0.0986
YYC,ICT,"3,134",$327.76,"1,196 mi",9,$0.2740
YWG,YCS,"3,129","$1,306.38",931 mi,9,$1.4032
YUL,HSV,"3,126",$288.55,"1,045 mi",9,$0.2761
YUL,KHI,"3,126",$627.60,"6,779 mi",9,$0.0926
YWG,SAL,"3,126",$394.84,"2,485 mi",9,$0.1589
YVR,YQY,"3,120",$427.37,"2,944 mi",9,$0.1452
YUL,AVL,"3,119",$271.61,807 mi,9,$0.3366
YYZ,HRE,"3,116",$582.76,"8,336 mi",9,$0.0699
YYZ,ORY,"3,109",$175.06,"3,855 mi",9,$0.0454
YYC,MDE,"3,107",$487.51,"3,697 mi",9,$0.1319
YYT,BNA,"3,107",$278.99,"1,955 mi",9,$0.1427
YWG,SJO,"3,087",$444.52,"2,771 mi",8,$0.1604
YHZ,SJO,"3,083",$428.97,"2,626 mi",8,$0.1634
YYT,YSB,"3,082",$460.96,"1,352 mi",8,$0.3409
YHZ,MXP,"3,081",$371.88,"3,286 mi",8,$0.1132
YVR,DBV,"3,080",$670.38,"5,510 mi",8,$0.1217
YTZ,LIS,"3,076",$140.50,"3,450 mi",8,$0.0407
YEG,KIN,"3,072",$244.98,"3,231 mi",8,$0.0758
YYZ,PIA,"3,063",$340.55,572 mi,8,$0.5954
YYC,DMM,"3,062",$647.77,"6,776 mi",8,$0.0956
YEG,YSB,"3,055",$494.88,"1,558 mi",8,$0.3176
YWG,OGG,"3,055",$357.75,"3,877 mi",8,$0.0923
YUL,LJU,"3,049",$452.31,"4,127 mi",8,$0.1096
YYZ,VPS,"3,048",$250.10,956 mi,8,$0.2616
YYZ,FAI,"3,043",$485.98,"2,838 mi",8,$0.1712
YUL,STR,"3,041",$593.86,"3,820 mi",8,$0.1555
YWG,GRU,"3,041",$798.57,"6,121 mi",8,$0.1305
YEG,JNB,"3,040",$584.74,"9,436 mi",8,$0.0620
YHZ,BER,"3,040",$351.20,"3,283 mi",8,$0.1070
YHZ,MAN,"3,038",$391.67,"2,823 mi",8,$0.1387
YHZ,YZF,"3,031",$601.98,"2,397 mi",8,$0.2511
YEG,PRG,"3,030",$504.45,"4,815 mi",8,$0.1048
YWG,NBO,"3,025",$713.34,"8,382 mi",8,$0.0851
YEG,YTS,"3,023",$553.29,"1,384 mi",8,$0.3998
YYZ,BTV,"3,021",$286.34,336 mi,8,$0.8522
YEG,YQX,"3,020",$594.36,"2,428 mi",8,$0.2448
YEG,MAF,"3,017",$494.43,"1,534 mi",8,$0.3223
YUL,YMM,"3,016",$401.35,"1,825 mi",8,$0.2199
YYZ,SZZ,"3,010",$247.07,"3,924 mi",8,$0.0630
YUL,DAY,"3,006",$312.05,676 mi,8,$0.4616
YHZ,AYT,"3,000",$254.71,"4,530 mi",8,$0.0562
YQB,PIT,"2,993",$387.44,601 mi,8,$0.6447
YEG,BUD,"2,991",$471.03,"5,094 mi",8,$0.0925
YHZ,HAM,"2,990",$382.89,"3,120 mi",8,$0.1227
YYZ,CTS,"2,990",$912.51,"5,762 mi",8,$0.1584
YWG,YAM,"2,985",$476.24,612 mi,8,$0.7782
YYZ,INV,"2,984",$585.97,"3,359 mi",8,$0.1744
YEG,BER,"2,973",$409.57,"4,660 mi",8,$0.0879
YUL,KTM,"2,973",$662.24,"6,997 mi",8,$0.0946
YVR,YXH,"2,969",$154.12,577 mi,8,$0.2671
YYZ,TYN,"2,968",$991.66,"6,961 mi",8,$0.1425
YUL,PRN,"2,960",$284.95,"4,285 mi",8,$0.0665
YEG,BWI,"2,958",$356.09,"2,045 mi",8,$0.1741
YEG,OPO,"2,956",$332.46,"4,669 mi",8,$0.0712
YYZ,VIX,"2,956",$749.13,"5,224 mi",8,$0.1434
YHZ,GRU,"2,955",$862.59,"4,696 mi",8,$0.1837
YYZ,MFE,"2,950",$404.77,"1,548 mi",8,$0.2615
YEG,NAS,"2,940",$349.23,"2,778 mi",8,$0.1257
YUL,LIT,"2,932",$398.65,"1,259 mi",8,$0.3166
YVR,SGF,"2,928",$395.82,"1,646 mi",8,$0.2405
YWG,MAD,"2,925",$396.42,"4,431 mi",8,$0.0895
YYZ,ZNZ,"2,923",$653.67,"7,704 mi",8,$0.0848
YYZ,CFG,"2,922",$135.82,"1,443 mi",8,$0.0941
YUL,ESB,"2,920",$478.28,"4,841 mi",8,$0.0988
YYZ,MBA,"2,918",$439.75,"8,087 mi",8,$0.0544
YQB,YQM,"2,916",$370.12,332 mi,8,$1.1148
YYC,TYS,"2,914",$423.51,"1,764 mi",8,$0.2401
YQB,CLE,"2,913",$391.76,656 mi,8,$0.5972
YYZ,PNQ,"2,913",$968.68,"8,055 mi",8,$0.1203
YYC,ASM,"2,913",$586.65,"7,339 mi",8,$0.0799
YVR,MYR,"2,910",$343.95,"2,411 mi",8,$0.1427
YYZ,IBZ,"2,908",$617.27,"3,926 mi",8,$0.1572
YUL,YXY,"2,907",$462.75,"2,557 mi",8,$0.1810
YWG,MUC,"2,905",$411.41,"4,582 mi",8,$0.0898
YYZ,YYF,"2,896",$292.96,"1,859 mi",8,$0.1576
YYC,SYR,"2,895",$430.20,"1,898 mi",8,$0.2267
YVR,BIO,"2,887",$540.55,"4,944 mi",8,$0.1093
YUL,ATW,"2,886",$358.89,705 mi,8,$0.5091
YHZ,VCE,"2,881",$359.37,"3,653 mi",8,$0.0984
YUL,CNF,"2,874",$819.70,"4,725 mi",8,$0.1735
YUL,AUH,"2,873","$1,028.04","6,820 mi",8,$0.1507
YWG,YXN,"2,871","$1,586.79",844 mi,8,$1.8801
YUL,YUD,"2,871",$841.06,797 mi,8,$1.0553
YVR,IFN,"2,867",$874.53,"6,563 mi",8,$0.1333
YEG,HAN,"2,862",$540.91,"6,978 mi",8,$0.0775
YYZ,MLI,"2,861",$310.55,557 mi,8,$0.5575
YVR,COS,"2,859",$299.11,"1,195 mi",8,$0.2503
YYT,SFO,"2,859",$401.94,"3,591 mi",8,$0.1119
YYZ,SVG,"2,854",$616.74,"3,668 mi",8,$0.1681
YYZ,BGA,"2,849",$321.21,"2,632 mi",8,$0.1220
YYZ,EVV,"2,849",$317.72,550 mi,8,$0.5777
YTZ,YUY,"2,839",$339.31,307 mi,8,$1.1052
YYZ,VVI,"2,836",$456.62,"4,233 mi",8,$0.1079
YYZ,NGB,"2,836",$936.24,"7,401 mi",8,$0.1265
YHZ,AUS,"2,835",$440.88,"2,170 mi",8,$0.2032
YEG,BLR,"2,834",$605.99,"8,027 mi",8,$0.0755
YYZ,PTP,"2,829",$312.18,"2,236 mi",8,$0.1396
YEG,HYD,"2,829",$600.99,"7,735 mi",8,$0.0777
YEG,PTY,"2,825",$412.31,"3,491 mi",8,$0.1181
YYT,ATL,"2,824",$474.99,"1,959 mi",8,$0.2425
YUL,HUX,"2,811",$252.91,"2,505 mi",8,$0.1010
YYC,UIO,"2,810",$500.09,"3,984 mi",8,$0.1255
YVR,MLA,"2,806",$868.44,"6,193 mi",8,$0.1402
YVR,HER,"2,801",$648.14,"6,470 mi",8,$0.1002
YVR,PRN,"2,800",$317.44,"5,563 mi",8,$0.0571
YYZ,JTR,"2,799",$432.90,"5,341 mi",8,$0.0811
YUL,GRB,"2,797",$370.87,727 mi,8,$0.5101
YHZ,LIR,"2,795",$349.83,"2,625 mi",8,$0.1333
YWG,SYD,"2,793","$1,216.49","9,151 mi",8,$0.1329
YEG,GDL,"2,792",$208.52,"2,260 mi",8,$0.0923
YYC,YAM,"2,792",$536.26,"1,412 mi",8,$0.3798
YYC,OTP,"2,791",$526.88,"5,571 mi",8,$0.0946
YWG,YYF,"2,790",$263.99,"1,026 mi",8,$0.2573
YYZ,TSR,"2,788",$250.74,"4,730 mi",8,$0.0530
YWG,CMB,"2,786",$594.87,"8,743 mi",8,$0.0680
YVR,MRU,"2,786",$622.09,"10,761 mi",8,$0.0578
YHZ,GDL,"2,778",$214.58,"2,903 mi",8,$0.0739
YUL,CHA,"2,777",$360.27,967 mi,8,$0.3726
YUL,MPL,"2,777",$474.05,"3,562 mi",8,$0.1331
YEG,CAN,"2,776",$492.49,"6,249 mi",8,$0.0788
YTZ,BCN,"2,775",$207.16,"4,098 mi",8,$0.0506
YYC,GLA,"2,774",$591.30,"4,145 mi",8,$0.1427
YYT,MNL,"2,774",$860.25,"8,371 mi",8,$0.1028
YEG,YPR,"2,774",$419.58,711 mi,8,$0.5901
YEG,ACC,"2,766",$478.16,"6,641 mi",8,$0.0720
YVR,ILO,"2,758",$545.48,"6,502 mi",8,$0.0839
YUL,PEI,"2,757",$436.17,"2,728 mi",8,$0.1599
YEG,DAD,"2,751",$487.92,"6,831 mi",8,$0.0714
YYC,FSD,"2,749",$376.27,929 mi,8,$0.4050
YUL,MDT,"2,744",$321.27,383 mi,8,$0.8388
YUL,ANU,"2,738",$467.12,"2,013 mi",8,$0.2321
YWG,MSY,"2,738",$411.96,"1,466 mi",8,$0.2810
YYZ,GZT,"2,737",$499.60,"5,447 mi",7,$0.0917
YVR,ATW,"2,732",$397.88,"1,711 mi",7,$0.2325
YUL,FSP,"2,730",$206.01,869 mi,7,$0.2371
YUL,YYB,"2,727",$290.20,272 mi,7,$1.0669
YYZ,HFE,"2,724","$1,028.02","7,317 mi",7,$0.1405
YVR,LEX,"2,722",$393.03,"2,113 mi",7,$0.1860
YEG,ARN,"2,715",$490.02,"4,057 mi",7,$0.1208
YYZ,MHT,"2,715",$288.77,427 mi,7,$0.6763
YVR,BSL,"2,712",$531.04,"5,283 mi",7,$0.1005
YVR,CGQ,"2,710",$454.07,"4,919 mi",7,$0.0923
YWG,BOG,"2,704",$407.52,"3,299 mi",7,$0.1235
YYZ,JAC,"2,704",$425.24,"1,592 mi",7,$0.2671
YWG,YFB,"2,700","$1,266.43","1,467 mi",7,$0.8633
YYC,BUF,"2,696",$322.88,"1,684 mi",7,$0.1917
YYZ,UBN,"2,691","$1,102.20","6,297 mi",7,$0.1750
YEG,VVI,"2,688",$507.17,"5,572 mi",7,$0.0910
YYZ,IXC,"2,688",$825.99,"7,300 mi",7,$0.1131
YUL,ROA,"2,687",$324.40,667 mi,7,$0.4864
YYC,SJC,"2,687",$280.64,"1,057 mi",7,$0.2655
YYC,GEG,"2,685",$367.03,280 mi,7,$1.3108
YQB,STL,"2,684",$395.02,"1,074 mi",7,$0.3678
YUL,REC,"2,683",$568.63,"4,546 mi",7,$0.1251
YYZ,SSA,"2,682",$810.73,"4,836 mi",7,$0.1676
YYZ,FAR,"2,676",$395.88,889 mi,7,$0.4453
YYC,SAV,"2,673",$480.00,"2,177 mi",7,$0.2205
YVR,MFM,"2,672",$615.59,"6,209 mi",7,$0.0991
YQB,SJO,"2,669",$292.26,"2,571 mi",7,$0.1137
YUL,SVQ,"2,668",$487.18,"3,348 mi",7,$0.1455
YVR,ADD,"2,666",$557.48,"8,023 mi",7,$0.0695
YVR,HAK,"2,666",$358.44,"6,440 mi",7,$0.0557
YEG,TUL,"2,665",$441.81,"1,502 mi",7,$0.2941
YUL,SRQ,"2,665",$348.48,"1,299 mi",7,$0.2683
YYZ,AAL,"2,660",$326.85,"3,865 mi",7,$0.0846
YUL,SVD,"2,657",$410.35,"2,280 mi",7,$0.1800
YYC,HOG,"2,656",$358.09,"2,829 mi",7,$0.1266
YUL,ROC,"2,645",$291.94,261 mi,7,$1.1185
YYZ,YXH,"2,642",$278.01,"1,475 mi",7,$0.1885
YWG,CEB,"2,639",$493.16,"7,818 mi",7,$0.0631
YYZ,CHC,"2,633",$961.97,"8,679 mi",7,$0.1108
YYZ,YQL,"2,631",$282.38,"1,563 mi",7,$0.1807
YHZ,HKG,"2,629","$1,400.08","8,025 mi",7,$0.1745
YYZ,ASU,"2,625",$595.08,"4,815 mi",7,$0.1236
YWG,MXP,"2,616",$466.47,"4,354 mi",7,$0.1071
YYC,DUS,"2,616",$550.43,"4,424 mi",7,$0.1244
YUL,CAE,"2,615",$338.70,914 mi,7,$0.3706
YYZ,EIS,"2,615",$388.04,"2,010 mi",7,$0.1931
YHZ,LOS,"2,612",$558.22,"4,913 mi",7,$0.1136
YYC,NCE,"2,611",$738.45,"4,854 mi",7,$0.1521
YUL,CLJ,"2,606",$302.70,"4,467 mi",7,$0.0678
YUL,TFS,"2,606",$271.60,"3,407 mi",7,$0.0797
YYZ,PEN,"2,605","$1,243.46","8,781 mi",7,$0.1416
YYZ,SLP,"2,603",$404.02,"1,973 mi",7,$0.2048
YVR,TNA,"2,603",$566.12,"5,275 mi",7,$0.1073
YVR,RDM,"2,601",$262.42,366 mi,7,$0.7170
YUL,YXJ,"2,599",$483.81,"2,196 mi",7,$0.2203
YHZ,GLA,"2,599",$618.14,"2,544 mi",7,$0.2430
YEG,ISB,"2,589",$804.42,"6,616 mi",7,$0.1216
YUL,BLL,"2,585",$441.94,"3,375 mi",7,$0.1309
YYC,BGI,"2,582",$544.11,"4,122 mi",7,$0.1320
YYZ,MPL,"2,582",$606.82,"3,865 mi",7,$0.1570
YVR,ORK,"2,579",$511.45,"4,608 mi",7,$0.1110
YHZ,MAA,"2,578",$560.60,"8,072 mi",7,$0.0694
YYC,FAT,"2,578",$306.00,"1,061 mi",7,$0.2884
YYC,TFS,"2,577",$432.73,"5,187 mi",7,$0.0834
YYC,ADB,"2,575",$513.55,"6,003 mi",7,$0.0855
YEG,CVG,"2,573",$339.80,"1,630 mi",7,$0.2085
YYZ,NSI,"2,569",$543.07,"5,917 mi",7,$0.0918
YEG,RNO,"2,567",$427.18,968 mi,7,$0.4413
YQB,CVG,"2,567",$332.88,883 mi,7,$0.3770
YVR,GRB,"2,567",$417.82,"1,722 mi",7,$0.2426
YYZ,NNG,"2,563",$637.87,"8,065 mi",7,$0.0791
YYZ,GOA,"2,558",$486.88,"4,284 mi",7,$0.1137
YHZ,YKA,"2,557",$375.48,"2,528 mi",7,$0.1485
YYZ,OKA,"2,557",$714.97,"7,089 mi",7,$0.1009
YWG,SMF,"2,550",$336.36,"1,465 mi",7,$0.2296
YYZ,GRB,"2,546",$337.48,439 mi,7,$0.7687
YQB,IND,"2,543",$370.28,866 mi,7,$0.4276
YYZ,BGR,"2,541",$343.38,556 mi,7,$0.6176
YQB,NCE,"2,540",$295.18,"3,555 mi",7,$0.0830
YVR,SOF,"2,536",$656.61,"5,599 mi",7,$0.1173
YHZ,VIE,"2,535",$340.05,"3,746 mi",7,$0.0908
YWG,SAT,"2,534",$397.17,"1,367 mi",7,$0.2905
YVR,BOD,"2,531",$706.83,"4,923 mi",7,$0.1436
YYT,YZV,"2,530",$616.72,657 mi,7,$0.9387
YUL,ABV,"2,530",$547.50,"5,500 mi",7,$0.0995
YUL,MVD,"2,530",$744.49,"5,488 mi",7,$0.1357
YUL,SBZ,"2,530",$314.58,"4,264 mi",7,$0.0738
YUL,HAV,"2,524",$520.39,"1,579 mi",7,$0.3296
YYZ,EUG,"2,524",$359.56,"2,208 mi",7,$0.1628
YVR,AVL,"2,519",$361.12,"2,182 mi",7,$0.1655
YVR,UBN,"2,519",$700.24,"5,263 mi",7,$0.1330
YVR,ZLO,"2,519",$269.62,"2,249 mi",7,$0.1199
YVR,MDT,"2,517",$418.88,"2,254 mi",7,$0.1858
YYZ,YBG,"2,515",$384.06,508 mi,7,$0.7560
YHZ,OPO,"2,514",$313.71,"2,809 mi",7,$0.1117
YYC,MRS,"2,511",$522.64,"5,109 mi",7,$0.1023
YHZ,KWI,"2,509",$311.66,"5,921 mi",7,$0.0526
YYC,POS,"2,509",$658.38,"3,944 mi",7,$0.1669
YYZ,SOU,"2,507",$520.73,"3,420 mi",7,$0.1523
YQB,AMS,"2,504",$475.86,"3,177 mi",7,$0.1498
YYC,ABV,"2,502",$600.69,"6,806 mi",7,$0.0883
YUL,KOA,"2,501",$475.36,"5,037 mi",7,$0.0944
YYZ,LCY,"2,501",$581.87,"3,458 mi",7,$0.1683
YYZ,HOU,"2,500",$339.22,"1,335 mi",7,$0.2541
YUL,POA,"2,499",$703.73,"5,241 mi",7,$0.1343
YYC,MTY,"2,494",$356.27,"1,955 mi",7,$0.1822
YHZ,CPH,"2,479",$413.73,"3,366 mi",7,$0.1229
YYC,BHM,"2,479",$333.54,"1,772 mi",7,$0.1882
YVR,FAR,"2,474",$419.26,"1,258 mi",7,$0.3333
YYC,KWI,"2,473","$1,079.52","6,575 mi",7,$0.1642
YVR,STR,"2,468",$498.31,"5,257 mi",7,$0.0948
YYZ,RUN,"2,468",$803.95,"9,713 mi",7,$0.0828
YYC,BEG,"2,467",$398.94,"5,111 mi",7,$0.0781
YHZ,STL,"2,465",$322.65,"1,396 mi",7,$0.2311
YYZ,ASE,"2,464",$587.72,"1,394 mi",7,$0.4216
YUL,BRE,"2,463",$867.03,"3,654 mi",7,$0.2373
YYC,AUA,"2,463",$359.03,"3,733 mi",7,$0.0962
YYC,LPA,"2,462",$564.91,"5,242 mi",7,$0.1078
YYC,ALB,"2,452",$382.21,"1,897 mi",7,$0.2015
YVR,CNS,"2,450","$1,030.09","7,357 mi",7,$0.1400
YYC,CID,"2,449",$342.22,"1,268 mi",7,$0.2699
YHZ,HND,"2,444","$1,031.55","6,490 mi",7,$0.1589
YYT,YYG,"2,439",$448.89,512 mi,7,$0.8767
YEG,YHK,"2,438","$1,166.70","1,168 mi",7,$0.9989
YVR,DVO,"2,431",$666.67,"6,572 mi",7,$0.1014
YUL,SYZ,"2,430",$429.65,"6,070 mi",7,$0.0708
YEG,YSM,"2,428",$221.32,454 mi,7,$0.4875
YQB,RSW,"2,424",$341.10,"1,555 mi",7,$0.2194
YYC,SZX,"2,416",$494.36,"6,375 mi",7,$0.0775
YYZ,LPA,"2,414",$720.18,"3,555 mi",7,$0.2026
YEG,YBB,"2,413","$1,115.01","1,342 mi",7,$0.8309
YEG,MKE,"2,413",$344.95,"1,332 mi",7,$0.2590
YQB,YKL,"2,411",$661.31,571 mi,7,$1.1582
YYZ,GGT,"2,402",$330.46,"1,364 mi",7,$0.2423
YHZ,YSB,"2,400",$382.44,815 mi,7,$0.4693
YUL,BSB,"2,399",$709.55,"4,672 mi",7,$0.1519
YEG,TLV,"2,398",$865.96,"6,432 mi",7,$0.1346
YVR,BRI,"2,398",$499.95,"5,565 mi",7,$0.0898
YUL,DAB,"2,397",$234.68,"1,230 mi",7,$0.1908
YUL,DAR,"2,397",$528.35,"7,432 mi",7,$0.0711
YYC,HER,"2,397",$524.35,"5,791 mi",7,$0.0905
YVR,ALC,"2,392",$586.87,"5,288 mi",7,$0.1110
YVR,WNZ,"2,391",$555.91,"5,990 mi",7,$0.0928
YWG,TLV,"2,389",$591.03,"5,881 mi",7,$0.1005
YUL,YXT,"2,387",$883.45,"2,521 mi",7,$0.3504
YHZ,BLR,"2,385",$496.27,"7,978 mi",7,$0.0622
YYZ,KTI,"2,381",$819.07,"8,364 mi",7,$0.0979
YTZ,TPA,"2,378",$154.84,"1,128 mi",7,$0.1373
YWG,VIE,"2,378",$511.02,"4,745 mi",7,$0.1077
YUL,BAQ,"2,369",$353.01,"2,318 mi",6,$0.1523
YWG,YSJ,"2,365",$445.56,"1,527 mi",6,$0.2918
YVR,POS,"2,362",$502.96,"4,537 mi",6,$0.1109
YQB,FRA,"2,360",$515.79,"3,388 mi",6,$0.1522
YEG,DAC,"2,359",$820.65,"6,708 mi",6,$0.1223
YQB,SLC,"2,358",$455.85,"2,103 mi",6,$0.2168
YVR,GYE,"2,355",$438.63,"4,517 mi",6,$0.0971
YYZ,CHQ,"2,353",$442.89,"5,017 mi",6,$0.0883
YWG,HND,"2,350",$688.81,"5,752 mi",6,$0.1198
YQB,YVB,"2,348",$296.48,282 mi,6,$1.0513
YYC,PNS,"2,341",$322.01,"1,921 mi",6,$0.1676
YVR,PMO,"2,337",$453.76,"5,660 mi",6,$0.0802
YVR,BHD,"2,333",$706.57,"4,267 mi",6,$0.1656
YHZ,CLE,"2,333",$338.19,924 mi,6,$0.3660
YYZ,CUU,"2,327",$394.54,"1,730 mi",6,$0.2281
YWG,LIR,"2,324",$320.51,"2,713 mi",6,$0.1181
YUL,BHX,"2,324",$450.40,"3,068 mi",6,$0.1468
YYT,YXU,"2,322",$468.94,"1,365 mi",6,$0.3435
YYZ,LYH,"2,317",$234.31,452 mi,6,$0.5184
YYT,YSJ,"2,315",$475.46,625 mi,6,$0.7607
YEG,YTZ,"2,315",$142.85,"1,633 mi",6,$0.0875
YEG,IKA,"2,314",$493.17,"6,425 mi",6,$0.0768
YYZ,SHV,"2,311",$352.07,"1,059 mi",6,$0.3325
YYT,YQG,"2,308",$386.46,"1,557 mi",6,$0.2482
YVR,JNU,"2,306",$475.09,806 mi,6,$0.5894
YHZ,HYD,"2,305",$442.25,"7,297 mi",6,$0.0606
YVR,RAK,"2,304",$512.45,"5,414 mi",6,$0.0947
YUL,OLB,"2,302",$542.82,"3,892 mi",6,$0.1395
YHZ,PBI,"2,301",$412.26,"1,604 mi",6,$0.2570
YHZ,JAX,"2,300",$447.02,"1,441 mi",6,$0.3102
YUL,SUF,"2,297",$270.11,"4,511 mi",6,$0.0599
YYZ,TRD,"2,297",$558.69,"3,490 mi",6,$0.1601
YUL,TLH,"2,296",$353.29,"1,225 mi",6,$0.2884
YUL,NCL,"2,294",$623.42,"3,197 mi",6,$0.1950
YWG,RIX,"2,294",$666.46,"4,201 mi",6,$0.1586
YEG,BEG,"2,293",$399.26,"5,284 mi",6,$0.0756
YHZ,PEK,"2,288",$740.11,"6,763 mi",6,$0.1094
YVR,ASU,"2,287",$688.70,"6,336 mi",6,$0.1087
YVR,HSV,"2,285",$401.43,"2,034 mi",6,$0.1974
YWG,MCI,"2,285",$431.37,722 mi,6,$0.5975
YYZ,SVO,"2,284",$774.23,"4,500 mi",6,$0.1721
YYC,GIG,"2,283","$1,086.83","6,859 mi",6,$0.1585
YYZ,YFB,"2,277","$1,163.50","1,410 mi",6,$0.8252
YEG,MEM,"2,275",$506.66,"1,654 mi",6,$0.3063
YVR,GDN,"2,275",$568.18,"5,090 mi",6,$0.1116
YHZ,SJU,"2,274",$388.36,"1,778 mi",6,$0.2184
YYZ,SZG,"2,270",$756.36,"4,321 mi",6,$0.1750
YYC,LYS,"2,269",$362.13,"4,682 mi",6,$0.0773
YVR,SRQ,"2,266",$355.50,"2,542 mi",6,$0.1399
YYZ,HGA,"2,260",$488.11,"7,569 mi",6,$0.0645
YWG,CRK,"2,256",$556.95,"7,164 mi",6,$0.0777
YEG,KIX,"2,254",$679.59,"4,961 mi",6,$0.1370
YQB,RIX,"2,247",$670.08,"3,903 mi",6,$0.1717
YVR,PVD,"2,247",$402.51,"2,585 mi",6,$0.1557
YEG,YQG,"2,247",$435.14,"1,548 mi",6,$0.2811
YQB,YQR,"2,246",$402.21,"1,573 mi",6,$0.2557
YYZ,BRS,"2,245",$369.52,"3,564 mi",6,$0.1037
YVR,SXM,"2,243",$647.00,"3,821 mi",6,$0.1693
YYC,BLL,"2,241",$458.26,"4,239 mi",6,$0.1081
YQB,PTP,"2,237",$388.60,"2,250 mi",6,$0.1727
YUL,YXX,"2,236",$299.31,"2,186 mi",6,$0.1369
YVR,PEN,"2,235",$801.80,"8,094 mi",6,$0.0991
YUL,BJX,"2,229",$341.49,"2,376 mi",6,$0.1437
YUL,SJC,"2,229",$387.51,"2,595 mi",6,$0.1493
YUL,LBV,"2,228",$727.16,"5,688 mi",6,$0.1278
YUL,VRN,"2,226",$355.84,"4,012 mi",6,$0.0887
YYC,FLR,"2,225",$681.87,"4,952 mi",6,$0.1377
YUL,TRI,"2,221",$439.88,745 mi,6,$0.5904
YWG,ADD,"2,219",$554.43,"7,357 mi",6,$0.0754
YUL,KBL,"2,215",$644.96,"6,249 mi",6,$0.1032
YVR,CWB,"2,215",$647.63,"7,075 mi",6,$0.0915
YYZ,BDS,"2,212",$399.23,"4,544 mi",6,$0.0879
YYZ,CCS,"2,212",$622.06,"2,479 mi",6,$0.2509
YHZ,IND,"2,208",$349.40,"1,249 mi",6,$0.2797
YUL,CRK,"2,201",$577.82,"8,396 mi",6,$0.0688
YYZ,MFM,"2,201",$815.20,"8,046 mi",6,$0.1013
YYZ,FWA,"2,198",$362.09,329 mi,6,$1.1006
YHZ,PRG,"2,197",$335.82,"3,585 mi",6,$0.0937
YWG,VCE,"2,195",$527.56,"4,475 mi",6,$0.1179
YYC,NCL,"2,194",$623.66,"4,264 mi",6,$0.1463
YEG,BOI,"2,191",$316.69,705 mi,6,$0.4492
YUL,GND,"2,183",$380.30,"2,344 mi",6,$0.1622
YVR,SBP,"2,179",$333.75,944 mi,6,$0.3535
YUL,CZL,"2,177",$274.47,"3,948 mi",6,$0.0695
YVR,LCA,"2,174",$790.70,"6,262 mi",6,$0.1263
YHZ,PDX,"2,173",$368.62,"2,724 mi",6,$0.1353
YHZ,AGP,"2,173",$284.16,"2,978 mi",6,$0.0954
YQB,PDX,"2,173",$390.36,"2,334 mi",6,$0.1672
YHZ,BUD,"2,171",$351.28,"3,881 mi",6,$0.0905
YHZ,BKK,"2,170",$986.06,"8,519 mi",6,$0.1157
YYC,FAI,"2,169",$399.38,"1,575 mi",6,$0.2536
YWG,MEL,"2,168","$1,131.02","9,042 mi",6,$0.1251
YYZ,PSA,"2,165",$429.27,"4,379 mi",6,$0.0980
YYZ,YZV,"2,159",$590.64,751 mi,6,$0.7865
YUL,JAN,"2,155",$293.91,"1,297 mi",6,$0.2266
YUL,SBN,"2,153",$476.41,660 mi,6,$0.7218
YUL,BTR,"2,152",$345.81,"1,353 mi",6,$0.2556
YYZ,YWK,"2,152",$810.31,839 mi,6,$0.9658
YVR,ABV,"2,151",$763.75,"7,202 mi",6,$0.1060
YHZ,SGN,"2,150",$807.73,"8,283 mi",6,$0.0975
YYC,LIN,"2,145",$654.96,"4,809 mi",6,$0.1362
YWG,LIM,"2,145",$384.18,"4,584 mi",6,$0.0838
YYZ,VKO,"2,144","$1,300.47","4,794 mi",6,$0.2713
YUL,PIA,"2,142",$343.31,895 mi,6,$0.3836
YEG,TUN,"2,138",$346.55,"5,522 mi",6,$0.0628
YVR,CUZ,"2,138",$474.28,"5,178 mi",6,$0.0916
YVR,POP,"2,135",$278.46,"3,630 mi",6,$0.0767
YUL,ECP,"2,134",$352.17,"1,194 mi",6,$0.2949
YYZ,MAO,"2,134",$556.49,"3,346 mi",6,$0.1663
YYZ,LAO,"2,133",$752.81,"7,737 mi",6,$0.0973
YYZ,CGN,"2,132",$514.89,"3,743 mi",6,$0.1376
YYZ,BUR,"2,129",$381.73,"2,225 mi",6,$0.1716
YYT,DEN,"2,128",$547.80,"2,674 mi",6,$0.2049
YYZ,CKY,"2,128",$963.50,"4,706 mi",6,$0.2047
YYZ,YCG,"2,128",$499.96,"1,774 mi",6,$0.2818
YUL,CFE,"2,127",$506.55,"3,669 mi",6,$0.1381
YVR,IBZ,"2,126",$838.73,"5,312 mi",6,$0.1579
YQB,DUB,"2,123",$295.22,"2,734 mi",6,$0.1080
YYZ,VTE,"2,123",$819.93,"7,928 mi",6,$0.1034
YEG,LIH,"2,122",$386.39,"3,319 mi",6,$0.1164
YYZ,URC,"2,120",$914.21,"6,523 mi",6,$0.1402
YYZ,GRZ,"2,117",$579.98,"4,190 mi",6,$0.1384
YHZ,PVG,"2,116","$1,795.93","6,958 mi",6,$0.2581
YQB,SJU,"2,116",$456.50,"1,924 mi",6,$0.2373
YYZ,LUN,"2,115",$657.69,"8,078 mi",6,$0.0814
YEG,TUS,"2,114",$380.14,"1,514 mi",6,$0.2511
YVR,ZQN,"2,113","$1,133.44","7,919 mi",6,$0.1431
YUL,CWB,"2,112",$726.30,"4,989 mi",6,$0.1456
YWG,BUD,"2,112",$340.61,"4,863 mi",6,$0.0700
YYZ,BIL,"2,111",$382.07,"1,376 mi",6,$0.2777
YYC,GSO,"2,109",$280.98,"1,911 mi",6,$0.1470
YVR,CJU,"2,108",$517.01,"5,464 mi",6,$0.0946
YYZ,GOX,"2,105",$650.47,"8,243 mi",6,$0.0789
YYZ,KSC,"2,105",$553.83,"4,599 mi",6,$0.1204
YYT,ABZ,"2,101","$1,173.61","2,109 mi",6,$0.5565
YWG,CMH,"2,099",$370.58,948 mi,6,$0.3909
YVR,TBZ,"2,098",$595.55,"6,177 mi",6,$0.0964
YHZ,YXS,"2,097",$430.56,"2,730 mi",6,$0.1577
YEG,MXP,"2,095",$501.81,"4,659 mi",6,$0.1077
YUL,SVO,"2,087",$643.55,"4,505 mi",6,$0.1429
YYZ,NQZ,"2,085",$689.41,"5,498 mi",6,$0.1254
YYZ,SBZ,"2,081",$274.64,"4,554 mi",6,$0.0603
YVR,TRN,"2,078",$493.36,"5,117 mi",6,$0.0964
YWG,MAN,"2,077",$653.86,"3,653 mi",6,$0.1790
YVR,HIJ,"2,074","$1,027.66","5,169 mi",6,$0.1988
YYZ,YMO,"2,073",$693.08,544 mi,6,$1.2740
YYC,CCU,"2,071",$682.17,"7,374 mi",6,$0.0925
YWG,OPO,"2,067",$276.93,"4,192 mi",6,$0.0661
YUL,YQU,"2,065",$395.92,"2,122 mi",6,$0.1866
YYT,LIS,"2,058",$418.75,"2,181 mi",6,$0.1920
YYZ,LFT,"2,058",$387.49,"1,186 mi",6,$0.3267
YEG,YAM,"2,057",$526.03,"1,325 mi",6,$0.3970
YVR,CCU,"2,057",$749.08,"7,317 mi",6,$0.1024
YYC,TIA,"2,056",$666.28,"5,300 mi",6,$0.1257
YYZ,AGU,"2,056",$350.98,"1,937 mi",6,$0.1812
YQB,MAD,"2,054",$400.77,"3,412 mi",6,$0.1175
YHZ,ORF,"2,054",$448.90,835 mi,6,$0.5376
YQB,YYG,"2,054",$453.33,382 mi,6,$1.1867
YWG,CVG,"2,051",$426.14,942 mi,6,$0.4524
YQB,CMH,"2,046",$394.30,721 mi,6,$0.5469
YEG,ASM,"2,046",$652.67,"7,200 mi",6,$0.0906
YUL,ONT,"2,045",$396.51,"2,352 mi",6,$0.1686
YYT,ZRH,"2,044",$422.53,"2,865 mi",6,$0.1475
YVR,YTS,"2,035",$686.26,"1,820 mi",6,$0.3771
YWG,DAC,"2,031",$802.91,"7,539 mi",6,$0.1065
YYT,YFC,"2,031",$437.87,682 mi,6,$0.6420
YVR,TIA,"2,027",$381.62,"5,610 mi",6,$0.0680
YYZ,FLN,"2,026",$667.08,"5,467 mi",6,$0.1220
YVR,VRN,"2,023",$543.17,"5,181 mi",6,$0.1048
YWG,PIT,"2,022",$385.01,"1,080 mi",6,$0.3565
YEG,YZP,"2,021",$434.46,728 mi,6,$0.5968
YEG,KEF,"2,017",$392.12,"3,150 mi",6,$0.1245
YHZ,CMH,"2,016",$351.35,"1,010 mi",6,$0.3479
YYT,FCO,"2,010",$439.59,"3,028 mi",6,$0.1452
YYZ,CFU,"2,008",$403.32,"4,956 mi",6,$0.0814
YQB,MCI,"2,007",$440.92,"1,318 mi",5,$0.3345
YQB,TUN,"2,004",$232.61,"4,189 mi",5,$0.0555
YWG,SCL,"2,003",$597.76,"5,800 mi",5,$0.1031
YEG,BRU,"1,998",$352.18,"4,261 mi",5,$0.0827
YUL,UVF,"1,998",$347.48,"2,247 mi",5,$0.1546
YWG,BRU,"1,998",$346.51,"3,971 mi",5,$0.0873
YVR,NTE,"1,995",$548.70,"5,067 mi",5,$0.1083
YYZ,FOR,"1,989",$574.66,"4,028 mi",5,$0.1427
YYC,ZAG,"1,987",$603.50,"5,267 mi",5,$0.1146
YVR,DAY,"1,985",$360.24,"1,938 mi",5,$0.1859
YYZ,RHO,"1,985",$379.95,"5,447 mi",5,$0.0698
YYT,YBX,"1,981",$306.24,321 mi,5,$0.9540
YHZ,MCI,"1,981",$453.77,"1,684 mi",5,$0.2695
YYZ,CRP,"1,980",$496.26,"1,437 mi",5,$0.3453
YUL,ZNZ,"1,977",$559.58,"7,860 mi",5,$0.0712
YYT,YYY,"1,976",$283.29,736 mi,5,$0.3849
YVR,YAM,"1,972",$523.84,"1,838 mi",5,$0.2850
YYC,KRK,"1,969",$610.84,"4,789 mi",5,$0.1276
YEG,OKC,"1,965",$439.51,"1,417 mi",5,$0.3102
YWG,YQY,"1,965",$541.47,"1,667 mi",5,$0.3248
YVR,KBL,"1,964",$602.55,"6,797 mi",5,$0.0886
YYC,AUH,"1,963","$1,308.88","7,386 mi",5,$0.1772
YEG,POS,"1,960",$554.33,"3,990 mi",5,$0.1389
YUL,RZE,"1,959",$532.67,"4,013 mi",5,$0.1327
YUL,CHO,"1,957",$366.95,544 mi,5,$0.6745
YUL,BES,"1,956",$521.56,"3,256 mi",5,$0.1602
YYT,SEA,"1,951",$494.03,"3,224 mi",5,$0.1532
YUL,SGF,"1,949",$415.88,"1,197 mi",5,$0.3474
YYC,YPR,"1,946",$387.19,698 mi,5,$0.5547
YYZ,CXR,"1,944",$647.43,"8,805 mi",5,$0.0735
YWG,CLE,"1,943",$383.42,916 mi,5,$0.4186
YWG,ABV,"1,939",$571.27,"6,184 mi",5,$0.0924
YWG,BWI,"1,935",$406.73,"1,212 mi",5,$0.3356
YYC,SXM,"1,935",$452.18,"3,692 mi",5,$0.1225
YTZ,MIA,"1,932",$260.47,"1,270 mi",5,$0.2051
YVR,BRE,"1,932",$496.83,"4,691 mi",5,$0.1059
YYC,GCM,"1,928",$469.29,"2,910 mi",5,$0.1613
YYZ,QYG,"1,927","$1,062.60","3,845 mi",5,$0.2764
YWG,YYB,"1,927",$477.26,829 mi,5,$0.5757
YHZ,HNL,"1,926",$491.02,"5,235 mi",5,$0.0938
YYZ,VGA,"1,925",$694.98,"7,853 mi",5,$0.0885
YUL,YXC,"1,924",$393.55,"1,896 mi",5,$0.2076
YVR,CHA,"1,919",$464.85,"2,084 mi",5,$0.2231
YQB,MUC,"1,918",$481.29,"3,567 mi",5,$0.1349
YYZ,MFR,"1,917",$395.60,"2,096 mi",5,$0.1887
YYZ,SCE,"1,912",$316.43,222 mi,5,$1.4254
YEG,KRK,"1,911",$513.18,"4,940 mi",5,$0.1039
YUL,COS,"1,911",$282.90,"1,591 mi",5,$0.1778
YUL,NIM,"1,909",$519.31,"5,024 mi",5,$0.1034
YHZ,RIC,"1,908",$272.90,853 mi,5,$0.3199
YUL,FAT,"1,906",$398.92,"2,359 mi",5,$0.1691
YYZ,YUY,"1,904",$418.82,306 mi,5,$1.3687
YYZ,PBM,"1,901",$513.94,"2,939 mi",5,$0.1749
YQB,SAT,"1,899",$482.59,"1,821 mi",5,$0.2650
YYC,DAD,"1,899",$526.93,"7,358 mi",5,$0.0716
YUL,BZN,"1,898",$440.32,"1,737 mi",5,$0.2535
YWG,LGW,"1,897",$261.48,"4,049 mi",5,$0.0646
YYT,MAD,"1,897",$338.69,"2,376 mi",5,$0.1425
YYZ,COO,"1,894",$420.54,"5,681 mi",5,$0.0740
YYZ,MSO,"1,890",$416.33,"1,726 mi",5,$0.2412
YYZ,TVC,"1,887",$376.74,295 mi,5,$1.2771
YVR,CCC,"1,887",$288.88,"3,144 mi",5,$0.0919
YQB,ZRH,"1,884",$455.85,"3,474 mi",5,$0.1312
YVR,TYN,"1,884",$471.09,"5,364 mi",5,$0.0878
YYZ,KHN,"1,884",$901.53,"7,109 mi",5,$0.1268
YYZ,CAK,"1,883",$348.53,218 mi,5,$1.5988
YYZ,HAK,"1,879",$973.72,"8,235 mi",5,$0.1182
YYC,HEL,"1,879",$749.79,"4,275 mi",5,$0.1754
YQB,MRS,"1,877",$235.05,"3,482 mi",5,$0.0675
YYZ,FCA,"1,875",$407.15,"1,628 mi",5,$0.2501
YEG,DOH,"1,874",$703.10,"6,727 mi",5,$0.1045
YUL,DAD,"1,873",$671.52,"8,430 mi",5,$0.0797
YYC,LEX,"1,872",$407.14,"1,638 mi",5,$0.2486
YUL,GNV,"1,870",$399.72,"1,220 mi",5,$0.3276
YHZ,CVG,"1,864",$281.84,"1,120 mi",5,$0.2516
YYZ,OLB,"1,863",$810.03,"4,195 mi",5,$0.1931
YYC,RUH,"1,862",$606.01,"7,263 mi",5,$0.0834
YYC,ITM,"1,858",$817.15,"5,009 mi",5,$0.1631
YUL,DMM,"1,857",$627.87,"6,523 mi",5,$0.0963
YVR,BTV,"1,857",$412.57,"2,273 mi",5,$0.1815
YYC,LIT,"1,852",$389.39,"1,616 mi",5,$0.2410
YWG,MEM,"1,852",$407.25,"1,058 mi",5,$0.3849
YQB,TLS,"1,848",$261.70,"3,521 mi",5,$0.0743
YYZ,SBN,"1,848",$380.13,377 mi,5,$1.0083
YYT,YNP,"1,845",$670.25,696 mi,5,$0.9630
YYC,TRV,"1,841",$559.19,"8,515 mi",5,$0.0657
YYC,CCC,"1,839",$399.12,"2,830 mi",5,$0.1410
YUL,NUE,"1,836",$525.31,"3,640 mi",5,$0.1443
YYZ,PIX,"1,834",$219.09,"2,566 mi",5,$0.0854
YVR,CAE,"1,832",$367.78,"2,448 mi",5,$0.1502
YUL,GZT,"1,829",$366.83,"5,157 mi",5,$0.0711
YYT,MSY,"1,829",$637.88,"2,395 mi",5,$0.2663
YUL,CAP,"1,825",$571.78,"1,727 mi",5,$0.3311
YYZ,DAL,"1,824",$462.43,"1,229 mi",5,$0.3763
YUL,MCT,"1,823","$1,653.90","6,590 mi",5,$0.2510
YWG,PRG,"1,823",$443.51,"4,301 mi",5,$0.1031
YQB,YFC,"1,822",$426.73,234 mi,5,$1.8236
YUL,NAN,"1,822",$855.81,"8,230 mi",5,$0.1040
YUL,WRO,"1,821",$466.84,"3,796 mi",5,$0.1230
YYZ,LAD,"1,820",$575.89,"6,985 mi",5,$0.0824
YUL,TLL,"1,819",$646.15,"3,747 mi",5,$0.1724
YUL,NDJ,"1,818",$620.40,"5,397 mi",5,$0.1150
YWG,VVI,"1,817",$533.46,"4,957 mi",5,$0.1076
YUL,BIQ,"1,817",$404.69,"3,335 mi",5,$0.1213
YYZ,DNZ,"1,817",$878.47,"5,441 mi",5,$0.1615
YWG,LHE,"1,816",$739.82,"6,583 mi",5,$0.1124
YYT,YAM,"1,814",$483.55,"1,532 mi",5,$0.3156
YUL,SHE,"1,813","$1,121.44","6,135 mi",5,$0.1828
YYC,XNA,"1,812",$300.57,"1,455 mi",5,$0.2066
YYC,SPU,"1,809",$479.69,"5,410 mi",5,$0.0887
YEG,MDE,"1,809",$416.70,"4,015 mi",5,$0.1038
YEG,KGL,"1,808",$462.21,"8,582 mi",5,$0.0539
YYZ,PSC,"1,806",$395.47,"1,976 mi",5,$0.2001
YUL,SCE,"1,805",$310.28,369 mi,5,$0.8409
YUL,PVD,"1,804",$286.27,291 mi,5,$0.9837
YHZ,PVR,"1,800",$341.81,"2,985 mi",5,$0.1145
YYC,SRQ,"1,800",$380.11,"2,387 mi",5,$0.1592
YQB,NRT,"1,797",$945.33,"6,209 mi",5,$0.1523
YWG,KEF,"1,797",$308.35,"2,702 mi",5,$0.1141
YYZ,OAX,"1,797",$278.69,"2,033 mi",5,$0.1371
YYZ,TRC,"1,797",$454.48,"1,775 mi",5,$0.2560
YVR,SSA,"1,796",$993.10,"6,462 mi",5,$0.1537
YUL,FSD,"1,796",$436.36,"1,102 mi",5,$0.3960
YQB,FDF,"1,794",$287.94,"2,235 mi",5,$0.1288
YYZ,SYX,"1,794","$1,258.79","7,873 mi",5,$0.1599
YUL,AGS,"1,793",$413.91,915 mi,5,$0.4524
YWG,SDF,"1,787",$380.24,959 mi,5,$0.3965
YVR,PDL,"1,785",$342.83,"4,744 mi",5,$0.0723
YYZ,OAJ,"1,782",$261.71,602 mi,5,$0.4347
YYC,AVL,"1,781",$365.94,"1,953 mi",5,$0.1874
YUL,GEO,"1,779",$711.81,"2,933 mi",5,$0.2427
YUL,FWA,"1,776",$408.88,674 mi,5,$0.6066
YEG,GEG,"1,775",$365.64,443 mi,5,$0.8254
YUL,DRS,"1,774",$473.78,"3,911 mi",5,$0.1211
YYT,ATH,"1,773",$412.01,"3,672 mi",5,$0.1122
YUL,RTB,"1,769",$457.28,"2,210 mi",5,$0.2069
YYC,TLS,"1,767",$548.89,"4,980 mi",5,$0.1102
YUL,IFN,"1,762",$549.76,"6,233 mi",5,$0.0882
YVR,ADB,"1,762",$780.63,"6,310 mi",5,$0.1237
YYZ,BIQ,"1,760",$607.60,"3,640 mi",5,$0.1669
YVR,BGO,"1,759",$643.09,"4,473 mi",5,$0.1438
YYC,CLO,"1,758",$419.31,"3,822 mi",5,$0.1097
YYC,FAR,"1,753",$412.37,854 mi,5,$0.4829
YYZ,BCD,"1,750",$685.14,"8,665 mi",5,$0.0791
YVR,ILM,"1,749",$399.54,"2,431 mi",5,$0.1644
YVR,PQC,"1,749",$800.23,"7,662 mi",5,$0.1044
YYC,CTG,"1,745",$368.12,"3,656 mi",5,$0.1007
YHZ,AMM,"1,743",$508.70,"5,284 mi",5,$0.0963
YUL,VNO,"1,743",$453.30,"4,186 mi",5,$0.1083
YVR,OOL,"1,743",$981.25,"7,162 mi",5,$0.1370
YVR,BTR,"1,742",$394.61,"2,170 mi",5,$0.1818
YYZ,MGM,"1,741",$346.77,893 mi,5,$0.3883
YEG,ZAG,"1,740",$297.61,"5,127 mi",5,$0.0580
YVR,SDQ,"1,740",$596.96,"3,522 mi",5,$0.1695
YYC,BZN,"1,739",$326.13,403 mi,5,$0.8093
YYZ,CCJ,"1,738",$581.49,"8,099 mi",5,$0.0718
YUL,ABZ,"1,736",$886.57,"3,130 mi",5,$0.2832
YTZ,PUJ,"1,734",$79.41,"1,901 mi",5,$0.0418
YEG,YYF,"1,732",$175.63,382 mi,5,$0.4598
YUL,TAS,"1,732",$601.75,"5,843 mi",5,$0.1030
YYC,PLS,"1,732",$404.26,"3,105 mi",5,$0.1302
YYZ,MAF,"1,732",$431.75,"1,511 mi",5,$0.2857
YHZ,ARN,"1,731",$392.13,"3,251 mi",5,$0.1206
YVR,MAF,"1,729",$419.82,"1,660 mi",5,$0.2529
YYZ,VFA,"1,728",$710.11,"7,603 mi",5,$0.0934
YVR,NGB,"1,727",$915.89,"5,858 mi",5,$0.1563
YYZ,WLG,"1,727","$1,184.78","8,511 mi",5,$0.1392
YWG,KOA,"1,727",$355.10,"3,692 mi",5,$0.0962
YYT,DEL,"1,724",$610.74,"6,132 mi",5,$0.0996
YEG,OSL,"1,724",$540.47,"4,143 mi",5,$0.1305
YYZ,TRS,"1,717",$325.68,"4,419 mi",5,$0.0737
YUL,BZV,"1,716",$775.21,"6,570 mi",5,$0.1180
YQB,HKG,"1,715","$1,405.75","7,421 mi",5,$0.1894
YVR,BSB,"1,713","$1,258.22","6,213 mi",5,$0.2025
YVR,RAP,"1,712",$392.96,986 mi,5,$0.3985
YVR,LAO,"1,711",$588.58,"6,563 mi",5,$0.0897
YVR,WRO,"1,710",$577.85,"4,964 mi",5,$0.1164
YEG,JAX,"1,708",$376.67,"2,174 mi",5,$0.1733
YVR,EBL,"1,707",$648.33,"6,675 mi",5,$0.0971
YWG,PDL,"1,707",$328.25,"3,629 mi",5,$0.0905
YUL,IAS,"1,704",$277.62,"4,597 mi",5,$0.0604
YQB,BKK,"1,702",$777.97,"7,982 mi",5,$0.0975
YYC,CGK,"1,700",$891.85,"8,811 mi",5,$0.1012
YYZ,ACA,"1,699",$310.32,"2,267 mi",5,$0.1369
YTZ,BRU,"1,697",$289.70,"3,861 mi",5,$0.0750
YWG,BNE,"1,695","$1,487.60","8,241 mi",5,$0.1805
YQB,CMN,"1,693",$265.33,"3,298 mi",5,$0.0805
YUL,AJA,"1,692",$211.42,"4,059 mi",5,$0.0521
YVR,MOB,"1,692",$467.03,"2,152 mi",5,$0.2170
YVR,QYG,"1,692",$699.83,"4,719 mi",5,$0.1483
YHZ,NCE,"1,691",$400.77,"3,486 mi",5,$0.1150
YWG,CPH,"1,690",$403.60,"3,987 mi",5,$0.1012
YEG,YFB,"1,689","$1,702.56","1,783 mi",5,$0.9549
YYC,SGF,"1,689",$440.98,"1,434 mi",5,$0.3075
YWG,BER,"1,688",$330.26,"4,426 mi",5,$0.0746
YWG,TPE,"1,688",$880.08,"6,542 mi",5,$0.1345
YYZ,BJM,"1,685",$542.74,"7,099 mi",5,$0.0765
YYZ,TNR,"1,685",$715.98,"8,677 mi",5,$0.0825
YVR,REC,"1,684",$688.86,"6,367 mi",5,$0.1082
YWG,POP,"1,682",$308.25,"2,470 mi",5,$0.1248
YEG,GLA,"1,681",$358.07,"4,012 mi",5,$0.0892
YQB,SMF,"1,680",$538.99,"2,639 mi",5,$0.2042
YYC,BOD,"1,678",$509.65,"4,566 mi",5,$0.1116
YYZ,YNT,"1,677",$656.41,"6,470 mi",5,$0.1015
YYC,FAO,"1,676",$369.77,"4,740 mi",5,$0.0780
YWG,YYD,"1,670",$403.62,"1,258 mi",5,$0.3208
YYC,HKT,"1,668",$605.44,"7,677 mi",5,$0.0789
YYZ,RDM,"1,668",$476.43,"2,104 mi",5,$0.2264
YYZ,JER,"1,667",$556.76,"3,648 mi",5,$0.1526
YYC,MYR,"1,665",$323.47,"2,191 mi",5,$0.1476
YYZ,PHF,"1,663",$184.99,467 mi,5,$0.3961
YVR,SVQ,"1,661",$755.80,"5,492 mi",5,$0.1376
YUL,LPA,"1,658",$407.18,"3,471 mi",5,$0.1173
YYC,DLA,"1,656",$611.13,"7,619 mi",5,$0.0802
YVR,JAN,"1,651",$450.66,"2,001 mi",5,$0.2252
YUL,SBA,"1,650",$452.43,"2,596 mi",5,$0.1743
YVR,RIX,"1,649",$548.57,"5,013 mi",5,$0.1094
YYZ,YYD,"1,647",$520.09,"2,295 mi",5,$0.2266
YYC,POP,"1,643",$214.63,"3,288 mi",5,$0.0653
YEG,TRV,"1,642",$596.71,"8,367 mi",4,$0.0713
YVR,PLS,"1,642",$616.63,"3,447 mi",4,$0.1789
YYC,CUR,"1,641",$379.46,"3,572 mi",4,$0.1062
YUL,ALC,"1,640",$421.40,"3,556 mi",4,$0.1185
YUL,BGO,"1,640",$617.90,"3,324 mi",4,$0.1859
YYZ,AEP,"1,633",$638.28,"5,401 mi",4,$0.1182
YEG,KWI,"1,632",$742.86,"6,826 mi",4,$0.1088
YQB,AGP,"1,632",$272.68,"3,311 mi",4,$0.0824
YYC,JAN,"1,632",$434.50,"1,830 mi",4,$0.2374
YVR,SYX,"1,628",$991.33,"6,568 mi",4,$0.1509
YUL,PUF,"1,626",$461.71,"3,385 mi",4,$0.1364
YYT,YYB,"1,626",$429.69,"1,216 mi",4,$0.3534
YEG,OMA,"1,623",$323.82,"1,131 mi",4,$0.2863
YVR,JAC,"1,623",$436.54,727 mi,4,$0.6005
YYZ,HHH,"1,623",$298.83,770 mi,4,$0.3881
YWG,YQG,"1,620",$424.73,888 mi,4,$0.4783
YTZ,ATH,"1,616",$455.10,"5,194 mi",4,$0.0876
YEG,OTP,"1,613",$440.80,"5,424 mi",4,$0.0813
YVR,BDA,"1,613",$750.07,"3,280 mi",4,$0.2287
YYT,DCA,"1,613",$359.53,"1,315 mi",4,$0.2734
YYZ,CWL,"1,612",$331.52,"3,537 mi",4,$0.0937
YYC,YQX,"1,612",$450.22,"2,647 mi",4,$0.1701
YVR,TUN,"1,608",$473.22,"6,018 mi",4,$0.0786
YUL,CCU,"1,607",$770.36,"7,826 mi",4,$0.0984
YWG,EBB,"1,603",$510.12,"7,656 mi",4,$0.0666
YEG,AGP,"1,603",$653.84,"5,067 mi",4,$0.1290
YUL,GDN,"1,602",$345.70,"3,732 mi",4,$0.0926
YUL,EUN,"1,599",$372.31,"3,403 mi",4,$0.1094
YUL,VPS,"1,596",$235.30,"1,281 mi",4,$0.1837
YQB,HNL,"1,595",$524.78,"5,147 mi",4,$0.1020
YUL,NKC,"1,594",$433.19,"3,661 mi",4,$0.1183
YYZ,FAY,"1,594",$315.49,584 mi,4,$0.5402
YYZ,DRS,"1,594",$683.84,"3,973 mi",4,$0.1721
YYC,PVD,"1,587",$434.05,"2,034 mi",4,$0.2134
YWG,GRR,"1,584",$342.72,716 mi,4,$0.4787
YVR,TBS,"1,582",$587.11,"5,933 mi",4,$0.0990
YUL,ALA,"1,575",$479.46,"6,223 mi",4,$0.0770
YWG,BGI,"1,572",$452.20,"3,417 mi",4,$0.1323
YEG,EZE,"1,569",$918.90,"6,714 mi",4,$0.1369
YVR,KWI,"1,569",$701.71,"6,781 mi",4,$0.1035
YWG,CMN,"1,569",$362.40,"4,350 mi",4,$0.0833
YWG,JNB,"1,569",$704.18,"8,865 mi",4,$0.0794
YTZ,FCO,"1,567",$191.81,"4,263 mi",4,$0.0450
YHZ,ATQ,"1,563",$621.88,"6,728 mi",4,$0.0924
YHZ,IKA,"1,560",$328.00,"5,384 mi",4,$0.0609
YEG,BGI,"1,558",$420.18,"3,920 mi",4,$0.1072
YHM,YLW,"1,553",$251.39,"1,851 mi",4,$0.1358
YYZ,SUB,"1,553","$2,323.39","9,523 mi",4,$0.2440
YVR,JER,"1,552",$428.17,"4,933 mi",4,$0.0868
YYZ,EWN,"1,552",$248.45,592 mi,4,$0.4197
YEG,GUA,"1,551",$359.79,"3,045 mi",4,$0.1182
YUL,CAY,"1,551",$504.61,"2,996 mi",4,$0.1684
YUL,GPT,"1,550",$283.39,"1,290 mi",4,$0.2197
YUL,JIB,"1,545",$575.46,"6,680 mi",4,$0.0861
YWG,HAN,"1,544",$491.16,"7,103 mi",4,$0.0691
YVR,TLL,"1,542",$516.52,"4,862 mi",4,$0.1062
YUL,YKG,"1,542","$1,286.83","1,048 mi",4,$1.2279
YWG,KHI,"1,542",$594.04,"6,964 mi",4,$0.0853
YYT,MSP,"1,541",$427.49,"1,979 mi",4,$0.2160
YWG,ANC,"1,541",$420.86,"2,070 mi",4,$0.2033
YVR,NNG,"1,537",$577.76,"6,361 mi",4,$0.0908
YHZ,PTY,"1,536",$489.44,"2,570 mi",4,$0.1904
YEG,GRR,"1,535",$411.44,"1,424 mi",4,$0.2889
YHZ,YHU,"1,535",$208.81,499 mi,4,$0.4185
YYZ,NWI,"1,535",$478.38,"3,472 mi",4,$0.1378
YUL,DNZ,"1,535",$541.11,"4,830 mi",4,$0.1120
YYZ,ZLO,"1,533",$290.42,"2,159 mi",4,$0.1345
YYC,DVO,"1,531",$616.03,"7,301 mi",4,$0.0844
YYZ,KRS,"1,531",$770.08,"3,550 mi",4,$0.2169
YQB,OMA,"1,530",$486.42,"1,306 mi",4,$0.3725
YVR,LJU,"1,527",$795.33,"5,210 mi",4,$0.1527
YUL,VKO,"1,525",$936.26,"4,520 mi",4,$0.2071
YUL,ADD,"1,524",$510.62,"7,036 mi",4,$0.0726
YYC,ROC,"1,522",$435.05,"1,828 mi",4,$0.2380
YUL,SSA,"1,521",$685.01,"4,736 mi",4,$0.1446
YEG,YBR,"1,519",$306.35,610 mi,4,$0.5022
YYZ,SBP,"1,519",$461.01,"2,172 mi",4,$0.2123
YYZ,SNN,"1,519",$447.76,"3,086 mi",4,$0.1451
YUL,BIA,"1,518",$214.40,"3,828 mi",4,$0.0560
YYC,SBA,"1,518",$344.44,"1,225 mi",4,$0.2812
YYZ,RMQ,"1,518",$786.00,"7,796 mi",4,$0.1008
YHZ,DAC,"1,514",$794.22,"7,633 mi",4,$0.1041
YUL,CUC,"1,514",$372.47,"2,517 mi",4,$0.1480
YYZ,TBZ,"1,512","$1,071.62","6,024 mi",4,$0.1779
YVR,SJJ,"1,511",$668.57,"5,770 mi",4,$0.1159
YYZ,COV,"1,508",$609.49,"5,364 mi",4,$0.1136
YVR,VNO,"1,506",$470.25,"5,184 mi",4,$0.0907
YHZ,OSL,"1,504",$436.77,"3,209 mi",4,$0.1361
YUL,CUZ,"1,503",$507.40,"4,200 mi",4,$0.1208
YHZ,CMN,"1,503",$234.25,"2,947 mi",4,$0.0795
YYC,YYD,"1,502",$378.20,621 mi,4,$0.6090
YQB,PBI,"1,501",$425.66,"1,424 mi",4,$0.2989
YUL,FOR,"1,501",$607.73,"3,910 mi",4,$0.1554
YUL,IBZ,"1,499",$488.40,"3,619 mi",4,$0.1350
YYC,ABZ,"1,498",$947.16,"4,136 mi",4,$0.2290
YQB,JAX,"1,496",$441.84,"1,291 mi",4,$0.3422
YUL,MLB,"1,496",$267.41,"1,296 mi",4,$0.2063
YUL,MLI,"1,494",$281.95,911 mi,4,$0.3095
YWG,CAN,"1,494",$718.41,"7,248 mi",4,$0.0991
YYT,BCN,"1,494",$439.85,"2,602 mi",4,$0.1690
YUL,TFU,"1,492",$856.81,"6,983 mi",4,$0.1227
YEG,CPT,"1,491",$773.92,"9,472 mi",4,$0.0817
YYC,MDT,"1,489",$446.88,"1,867 mi",4,$0.2394
YVR,LUX,"1,486",$846.93,"4,830 mi",4,$0.1753
YVR,TVC,"1,484",$404.28,"1,727 mi",4,$0.2341
YWG,AMM,"1,482",$546.09,"6,294 mi",4,$0.0868
YYZ,IDR,"1,481",$776.65,"7,363 mi",4,$0.1055
YVR,YBR,"1,480",$301.89,"1,007 mi",4,$0.2998
YWG,BZE,"1,476",$298.23,"2,360 mi",4,$0.1264
YQB,CPH,"1,474",$514.86,"3,564 mi",4,$0.1445
YVR,RMQ,"1,473",$558.27,"5,847 mi",4,$0.0955
YEG,DVO,"1,472",$632.86,"7,242 mi",4,$0.0874
YHZ,SYD,"1,471","$1,565.83","10,769 mi",4,$0.1454
YWG,NAS,"1,471",$297.98,"2,079 mi",4,$0.1433
YVR,SUB,"1,469","$1,221.95","7,867 mi",4,$0.1553
YYC,LNZ,"1,469",$288.01,"4,773 mi",4,$0.0603
YYZ,KWE,"1,469",$611.48,"7,341 mi",4,$0.0833
YYC,RAK,"1,466",$459.61,"5,019 mi",4,$0.0916
YVR,NUE,"1,463",$639.14,"4,944 mi",4,$0.1293
YEG,ELP,"1,461",$321.97,"1,482 mi",4,$0.2173
YVR,TRV,"1,460",$621.37,"8,517 mi",4,$0.0730
YUL,KTI,"1,453",$736.43,"8,764 mi",4,$0.0840
YYZ,JMK,"1,453",$721.02,"4,976 mi",4,$0.1449
YUL,LYH,"1,451",$231.68,648 mi,4,$0.3575
YYZ,CUC,"1,449",$307.59,"2,582 mi",4,$0.1191
YUL,STI,"1,447",$225.59,"1,864 mi",4,$0.1210
YYC,PRN,"1,447",$370.40,"5,586 mi",4,$0.0663
YWG,AKL,"1,445","$1,110.62","7,791 mi",4,$0.1426
YYC,HAJ,"1,442",$310.09,"4,705 mi",4,$0.0659
YUL,BDS,"1,442",$381.51,"4,245 mi",4,$0.0899
YUL,DME,"1,442",$876.97,"4,547 mi",4,$0.1929
YYC,ILO,"1,442",$547.40,"7,201 mi",4,$0.0760
YVR,ALA,"1,440",$697.67,"5,748 mi",4,$0.1214
YHZ,MRS,"1,439",$620.67,"3,203 mi",4,$0.1938
YVR,BCD,"1,439",$572.38,"6,483 mi",4,$0.0883
YYC,DBV,"1,439",$633.01,"5,198 mi",4,$0.1218
YYZ,DAV,"1,439",$689.61,"2,371 mi",4,$0.2909
YQB,HND,"1,435","$1,070.81","6,234 mi",4,$0.1718
YVR,NGS,"1,435",$721.66,"5,054 mi",4,$0.1428
YVR,RMO,"1,434",$692.68,"5,420 mi",4,$0.1278
YYC,EBL,"1,434",$755.00,"6,067 mi",4,$0.1244
YEG,SJU,"1,432",$560.39,"3,385 mi",4,$0.1656
YHZ,YXJ,"1,432",$410.72,"2,472 mi",4,$0.1661
YYC,HSV,"1,431",$372.93,"1,824 mi",4,$0.2045
YVR,SAP,"1,430",$385.30,"3,151 mi",4,$0.1223
YYC,PNH,"1,430",$756.55,"7,747 mi",4,$0.0977
YQB,RIC,"1,429",$382.35,730 mi,4,$0.5238
YUL,TER,"1,428",$164.02,"2,329 mi",4,$0.0704
YYC,TUN,"1,428",$408.25,"5,650 mi",4,$0.0723
YYZ,RBA,"1,427",$420.75,"3,966 mi",4,$0.1061
YVR,BGW,"1,426",$546.92,"6,486 mi",4,$0.0843
YEG,ILO,"1,425",$640.95,"7,130 mi",4,$0.0899
YYZ,IDA,"1,422",$444.94,"1,565 mi",4,$0.2843
YHZ,HER,"1,421",$295.99,"4,361 mi",4,$0.0679
YYZ,GOI,"1,420",$872.59,"7,784 mi",4,$0.1121
YHZ,BOG,"1,419",$498.19,"2,936 mi",4,$0.1697
YVR,FOR,"1,419",$692.59,"5,990 mi",4,$0.1156
YYZ,HPN,"1,417",$183.29,363 mi,4,$0.5049
YYC,UVF,"1,415",$383.45,"4,024 mi",4,$0.0953
YUL,STT,"1,412",$509.26,"1,883 mi",4,$0.2705
YYZ,PQC,"1,412",$821.64,"8,970 mi",4,$0.0916
YVR,BIS,"1,411",$398.76,"1,016 mi",4,$0.3925
YYZ,NAG,"1,410",$551.21,"7,528 mi",4,$0.0732
YUL,VIL,"1,410",$343.13,"3,420 mi",4,$0.1003
YWG,ARN,"1,410",$407.83,"3,924 mi",4,$0.1039
YHZ,GVA,"1,409",$484.47,"3,354 mi",4,$0.1444
YQB,CHS,"1,407",$381.25,"1,094 mi",4,$0.3485
YTZ,MAD,"1,407",$310.59,"3,868 mi",4,$0.0803
YTZ,DEL,"1,407",$375.00,"7,014 mi",4,$0.0535
YYZ,STV,"1,406",$690.06,"7,858 mi",4,$0.0878
YVR,OLB,"1,402","$1,239.96","5,747 mi",4,$0.2158
YYZ,DGO,"1,401",$354.61,"1,892 mi",4,$0.1874
YTZ,LGW,"1,401",$138.53,"3,666 mi",4,$0.0378
YVR,TLH,"1,401",$400.11,"2,470 mi",4,$0.1620
YWG,SIN,"1,401",$947.43,"8,937 mi",4,$0.1060
YYZ,CAY,"1,401",$268.56,"3,251 mi",4,$0.0826
YUL,YZG,"1,400","$1,450.00","1,192 mi",4,$1.2164
YEG,SJC,"1,399",$300.56,"1,137 mi",4,$0.2643
YVR,RAR,"1,396",$992.38,"5,520 mi",4,$0.1798
YVR,SHV,"1,395",$508.05,"1,845 mi",4,$0.2754
YVR,YEV,"1,395",$498.09,"1,408 mi",4,$0.3538
YEG,CHS,"1,393",$378.74,"2,234 mi",4,$0.1695
YEG,MSN,"1,391",$458.07,"1,348 mi",4,$0.3398
YQB,MXP,"1,390",$535.93,"3,545 mi",4,$0.1512
YYC,CHC,"1,390","$1,001.97","8,109 mi",4,$0.1236
YYZ,PUF,"1,390","$1,368.66","3,918 mi",4,$0.3493
YEG,HGA,"1,389",$569.48,"7,665 mi",4,$0.0743
YQB,GUA,"1,389",$318.96,"2,409 mi",4,$0.1324
YVR,ECP,"1,387",$361.00,"2,268 mi",4,$0.1592
YVR,PSC,"1,387",$257.63,269 mi,4,$0.9577
YYC,BGW,"1,386",$682.38,"6,264 mi",4,$0.1089
YVR,OAX,"1,385",$425.23,"2,591 mi",4,$0.1641
YVR,NSN,"1,383",$980.84,"7,566 mi",4,$0.1296
YYC,FUE,"1,383",$414.99,"4,967 mi",4,$0.0835
YVR,GJT,"1,382",$317.51,973 mi,4,$0.3263
YHZ,SXM,"1,381",$311.70,"1,799 mi",4,$0.1733
YUL,FLN,"1,380",$785.57,"5,455 mi",4,$0.1440
YQB,IST,"1,380",$396.62,"4,770 mi",4,$0.0831
YHZ,DOH,"1,377",$627.14,"5,919 mi",4,$0.1060
YYZ,ACE,"1,377",$427.57,"3,602 mi",4,$0.1187
YHZ,LIM,"1,376",$517.59,"3,902 mi",4,$0.1326
YVR,TFS,"1,376",$374.69,"5,621 mi",4,$0.0667
YVR,KMJ,"1,375",$670.81,"5,024 mi",4,$0.1335
YYC,BTR,"1,375",$438.68,"1,897 mi",4,$0.2312
YYC,BUR,"1,375",$347.26,"1,225 mi",4,$0.2835
YEG,DLA,"1,375",$637.59,"7,525 mi",4,$0.0847
YVR,UVF,"1,375",$573.78,"4,129 mi",4,$0.1390
YYZ,BBI,"1,374",$818.62,"8,162 mi",4,$0.1003
YYZ,RNS,"1,374",$506.07,"3,703 mi",4,$0.1367
YUL,ASU,"1,373",$728.79,"4,841 mi",4,$0.1505
YWG,YKF,"1,372",$263.96,939 mi,4,$0.2811
YUL,DLC,"1,368",$940.67,"6,330 mi",4,$0.1486
YHZ,YXY,"1,368",$547.09,"2,917 mi",4,$0.1876
YEG,ABQ,"1,364",$347.54,"1,268 mi",4,$0.2741
YVR,HRE,"1,363",$674.39,"9,549 mi",4,$0.0706
YYZ,CAG,"1,363",$470.85,"4,240 mi",4,$0.1110
YUL,XGR,"1,360",$964.73,"1,000 mi",4,$0.9647
YWG,YQL,"1,360",$214.99,672 mi,4,$0.3199
YYC,KGL,"1,360",$489.85,"8,200 mi",4,$0.0597
YQB,EDI,"1,359",$434.44,"2,791 mi",4,$0.1557
YYZ,GYN,"1,359",$692.58,"4,451 mi",4,$0.1556
YVR,TRG,"1,359",$874.82,"6,839 mi",4,$0.1279
YYC,NAP,"1,359",$437.85,"5,520 mi",4,$0.0793
YHZ,CHS,"1,358",$354.95,"1,246 mi",4,$0.2849
YYC,MRU,"1,357","$1,139.24","9,961 mi",4,$0.1144
YYC,TVC,"1,357",$424.70,"1,419 mi",4,$0.2993
YYC,ATW,"1,356",$372.47,"1,307 mi",4,$0.2850
YUL,BHD,"1,354","$1,023.94","2,865 mi",4,$0.3574
YVR,KGL,"1,354",$644.20,"9,077 mi",4,$0.0710
YYC,FNC,"1,353",$294.20,"4,642 mi",4,$0.0634
YHZ,GEO,"1,352","$1,190.76","2,751 mi",4,$0.4328
YYZ,CJU,"1,350",$870.71,"6,649 mi",4,$0.1310
YUL,MLE,"1,349","$1,280.06","8,713 mi",4,$0.1469
YVR,ROA,"1,349",$380.38,"2,218 mi",4,$0.1715
YYT,IAD,"1,348",$473.77,"1,412 mi",4,$0.3355
YYC,BLQ,"1,347",$762.49,"5,217 mi",4,$0.1462
YYC,PPT,"1,346",$900.97,"5,054 mi",4,$0.1783
YWG,YQX,"1,346",$613.37,"1,836 mi",4,$0.3341
YYZ,WDH,"1,345",$669.65,"7,391 mi",4,$0.0906
YHZ,WAW,"1,342",$528.01,"3,565 mi",4,$0.1481
YHM,YXX,"1,341",$201.38,"2,106 mi",4,$0.0956
YVR,GRZ,"1,340",$554.04,"5,184 mi",4,$0.1069
YQB,SDF,"1,339",$397.71,912 mi,4,$0.4361
YYZ,SMA,"1,339",$272.73,"2,768 mi",4,$0.0985
YYT,CRP,"1,339",$909.25,"2,836 mi",4,$0.3206
YVR,VKO,"1,338","$1,103.67","4,956 mi",4,$0.2227
YYZ,HIJ,"1,337","$1,234.79","6,464 mi",4,$0.1910
YVR,TAK,"1,336",$897.76,"4,838 mi",4,$0.1856
YVR,IXC,"1,335",$855.98,"6,580 mi",4,$0.1301
YHZ,GCM,"1,333",$351.28,"1,982 mi",4,$0.1772
YYC,NTE,"1,333",$383.76,"4,418 mi",4,$0.0869
YEG,YRT,"1,332","$1,093.89",985 mi,4,$1.1105
YVR,OAK,"1,331",$252.57,818 mi,4,$0.3088
YYZ,BJL,"1,331",$453.34,"4,368 mi",4,$0.1038
YYZ,BJV,"1,331",$629.39,"5,074 mi",4,$0.1240
YQB,SCL,"1,330",$596.96,"5,706 mi",4,$0.1046
YQB,BER,"1,330",$418.36,"3,707 mi",4,$0.1129
YUL,CGN,"1,329",$886.85,"3,448 mi",4,$0.2572
YVR,INV,"1,329",$572.62,"4,162 mi",4,$0.1376
YEG,CGK,"1,329",$735.58,"8,218 mi",4,$0.0895
YUL,QYG,"1,329","$1,084.35","3,780 mi",4,$0.2869
YVR,DRS,"1,328",$695.26,"4,903 mi",4,$0.1418
YEG,AUA,"1,327",$336.84,"3,800 mi",4,$0.0886
YYC,MED,"1,326",$479.43,"7,178 mi",4,$0.0668
YHZ,FAO,"1,325",$303.00,"2,804 mi",4,$0.1081
YVR,SNN,"1,324",$451.77,"4,284 mi",4,$0.1055
YUL,MGM,"1,322",$355.18,"1,099 mi",4,$0.3232
YEG,SDF,"1,321",$350.51,"1,735 mi",4,$0.2020
YHZ,NBO,"1,316",$646.34,"6,997 mi",4,$0.0924
YYC,PWM,"1,314",$474.84,"2,014 mi",4,$0.2358
YYT,ZUM,"1,314",$445.72,663 mi,4,$0.6723
YQB,VCE,"1,312",$301.60,"3,693 mi",4,$0.0817
YVR,LFT,"1,312",$416.18,"2,152 mi",4,$0.1934
YQB,VIE,"1,311",$428.39,"3,987 mi",4,$0.1074
YVR,MVD,"1,311",$640.61,"6,900 mi",4,$0.0928
YYZ,STI,"1,310",$297.45,"1,809 mi",4,$0.1644
YWG,PTY,"1,309",$485.36,"2,912 mi",4,$0.1667
YEG,GVA,"1,307",$508.35,"4,558 mi",4,$0.1115
YVR,EVN,"1,307",$702.61,"6,404 mi",4,$0.1097
YVR,DAR,"1,306",$963.55,"9,618 mi",4,$0.1002
YVR,HFE,"1,305",$480.95,"5,893 mi",4,$0.0816
YUL,BGA,"1,304",$431.87,"2,728 mi",4,$0.1583
YHZ,CMB,"1,303",$476.13,"7,937 mi",4,$0.0600
YEG,FAT,"1,298",$311.75,"1,215 mi",4,$0.2566
YVR,MED,"1,298",$499.71,"7,450 mi",4,$0.0671
YYZ,MJI,"1,298",$603.86,"4,973 mi",4,$0.1214
YHZ,JNB,"1,296","$1,147.41","7,778 mi",4,$0.1475
YYC,MGA,"1,294",$305.95,"3,206 mi",4,$0.0954
YWG,ICT,"1,294",$384.43,822 mi,4,$0.4677
YYZ,SJW,"1,292",$563.42,"6,904 mi",4,$0.0816
YYZ,CRW,"1,291",$293.58,391 mi,4,$0.7508
YQB,LGW,"1,290",$271.55,"3,208 mi",4,$0.0846
YWG,YXH,"1,290",$227.82,616 mi,4,$0.3698
YYC,NGO,"1,290",$761.28,"4,959 mi",4,$0.1535
YYZ,VAR,"1,290",$488.87,"5,098 mi",4,$0.0959
YHZ,NAP,"1,288",$391.35,"3,907 mi",4,$0.1002
YYT,YZF,"1,285",$638.40,"2,605 mi",4,$0.2451
YQB,YZF,"1,283",$648.84,"2,038 mi",4,$0.3184
YUL,TVC,"1,282",$447.02,562 mi,4,$0.7954
YYC,CNX,"1,282",$612.19,"7,427 mi",4,$0.0824
YEG,ONT,"1,281",$358.99,"1,385 mi",4,$0.2592
YUL,CAG,"1,280",$449.26,"3,935 mi",4,$0.1142
YVR,FWA,"1,280",$436.31,"1,858 mi",4,$0.2348
YYT,BRU,"1,280",$606.49,"2,449 mi",4,$0.2476
YHZ,SMF,"1,279",$495.55,"3,047 mi",4,$0.1626
YYC,DAR,"1,278",$749.98,"8,746 mi",4,$0.0858
YYZ,FNA,"1,277",$431.00,"4,774 mi",3,$0.0903
YYZ,CJB,"1,276",$706.77,"8,633 mi",3,$0.0819
YYC,CRW,"1,274",$448.97,"1,744 mi",3,$0.2574
YYZ,VTZ,"1,274",$747.60,"7,815 mi",3,$0.0957
YYZ,HMO,"1,272",$644.42,"2,059 mi",3,$0.3130
YHZ,OTP,"1,271",$503.67,"4,027 mi",3,$0.1251
YWG,MKE,"1,271",$378.98,674 mi,3,$0.5623
YVR,MFE,"1,270",$414.62,"2,014 mi",3,$0.2059
YYZ,AGA,"1,270",$289.41,"3,981 mi",3,$0.0727
YVR,KMQ,"1,269",$567.15,"4,641 mi",3,$0.1222
YVR,JRO,"1,268",$753.11,"9,340 mi",3,$0.0806
YYC,MCT,"1,267",$918.92,"7,471 mi",3,$0.1230
YYC,XMN,"1,266",$583.68,"6,515 mi",3,$0.0896
YYZ,ADZ,"1,266",$307.36,"2,217 mi",3,$0.1386
YUL,RNS,"1,264",$475.99,"3,383 mi",3,$0.1407
YWG,BDL,"1,261",$429.27,"1,255 mi",3,$0.3420
YUL,CRW,"1,258",$337.29,653 mi,3,$0.5165
YHZ,TLV,"1,256",$622.70,"4,916 mi",3,$0.1267
YEG,CLO,"1,255",$485.55,"3,911 mi",3,$0.1241
YTZ,LHR,"1,255",$151.83,"3,645 mi",3,$0.0417
YVR,MSO,"1,253",$244.80,461 mi,3,$0.5310
YYZ,VER,"1,253",$555.44,"1,889 mi",3,$0.2940
YVR,JTR,"1,252",$502.62,"6,032 mi",3,$0.0833
YHZ,RIX,"1,252",$578.37,"3,738 mi",3,$0.1547
YHZ,YXT,"1,252",$575.07,"2,960 mi",3,$0.1943
YYC,EUG,"1,252",$294.60,625 mi,3,$0.4714
YYZ,CNS,"1,251","$1,340.96","8,938 mi",3,$0.1500
YYZ,JIB,"1,249",$576.90,"6,984 mi",3,$0.0826
YYC,DAY,"1,248",$421.80,"1,573 mi",3,$0.2682
YYT,DFW,"1,248",$583.93,"2,580 mi",3,$0.2263
YEG,PDL,"1,247",$420.53,"3,985 mi",3,$0.1055
YYZ,LEJ,"1,247",$648.12,"4,150 mi",3,$0.1562
YVR,DMM,"1,246",$611.37,"7,407 mi",3,$0.0825
YYC,SHV,"1,246",$448.21,"1,597 mi",3,$0.2807
YVR,BIL,"1,245",$259.67,699 mi,3,$0.3715
YUL,TBS,"1,245",$538.66,"5,490 mi",3,$0.0981
YVR,CUU,"1,242",$323.36,"1,632 mi",3,$0.1981
YEG,HEL,"1,242",$667.95,"4,387 mi",3,$0.1523
YUL,PHF,"1,241",$209.16,575 mi,3,$0.3638
YVR,KTI,"1,241",$587.59,"7,556 mi",3,$0.0778
YEG,DMM,"1,240",$727.91,"6,630 mi",3,$0.1098
YYZ,LPB,"1,239",$534.82,"4,348 mi",3,$0.1230
YHZ,BZE,"1,236",$351.30,"2,442 mi",3,$0.1439
YWG,IKA,"1,235",$687.17,"6,419 mi",3,$0.1071
YQB,WAW,"1,233",$543.09,"3,757 mi",3,$0.1446
YUL,LAD,"1,232",$748.65,"6,313 mi",3,$0.1186
YEG,NCE,"1,230",$682.70,"4,731 mi",3,$0.1443
YEG,YFS,"1,227","$1,111.75",667 mi,3,$1.6668
YQB,YSJ,"1,227",$366.44,275 mi,3,$1.3325
YUL,AKV,"1,225","$1,444.68","1,107 mi",3,$1.3050
YHZ,SAT,"1,224",$431.09,"2,238 mi",3,$0.1926
YYZ,AXM,"1,223",$321.94,"2,802 mi",3,$0.1149
YYZ,SAF,"1,223",$508.92,"1,460 mi",3,$0.3486
YWG,UIO,"1,222",$364.97,"3,524 mi",3,$0.1036
YUL,SZG,"1,221",$709.99,"4,007 mi",3,$0.1772
YUL,CUU,"1,218",$425.36,"2,036 mi",3,$0.2089
YYZ,LFW,"1,217",$602.78,"5,305 mi",3,$0.1136
YHZ,TLS,"1,215",$233.29,"3,029 mi",3,$0.0770
YUL,ADL,"1,215","$1,656.74","10,282 mi",3,$0.1611
YYZ,DLH,"1,214",$441.79,629 mi,3,$0.7024
YQB,ICN,"1,214",$913.50,"6,316 mi",3,$0.1446
YVR,PSA,"1,214",$692.56,"5,596 mi",3,$0.1238
YEG,PRN,"1,212",$321.49,"5,445 mi",3,$0.0590
YEG,BZE,"1,212",$342.75,"2,905 mi",3,$0.1180
YUL,OAX,"1,212",$318.14,"2,443 mi",3,$0.1302
YHZ,MEL,"1,212","$1,393.27","11,218 mi",3,$0.1242
YUL,ADZ,"1,211",$413.99,"2,390 mi",3,$0.1732
YWG,BOI,"1,211",$430.22,966 mi,3,$0.4454
YUL,JAC,"1,209",$589.52,"1,864 mi",3,$0.3163
YVR,VPS,"1,209",$399.07,"2,370 mi",3,$0.1684
YYC,SHE,"1,204",$509.79,"5,311 mi",3,$0.0960
YYC,BSL,"1,204",$451.85,"4,932 mi",3,$0.0916
YVR,VER,"1,203",$362.78,"2,635 mi",3,$0.1377
YYZ,HTS,"1,203",$229.98,385 mi,3,$0.5974
YYC,CTS,"1,202",$929.77,"4,660 mi",3,$0.1995
YUL,YNS,"1,201",$710.89,430 mi,3,$1.6532
YEG,YQL,"1,200",$218.05,248 mi,3,$0.8792
YUL,TSR,"1,199",$258.31,"4,420 mi",3,$0.0584
YHZ,SIN,"1,198","$1,396.49","9,424 mi",3,$0.1482
YWG,GUA,"1,197",$391.69,"2,396 mi",3,$0.1635
YWG,LIH,"1,197",$392.47,"3,953 mi",3,$0.0993
YWG,SRQ,"1,196",$421.96,"1,686 mi",3,$0.2503
YHZ,HEL,"1,195",$516.15,"3,666 mi",3,$0.1408
YVR,SBN,"1,192",$394.82,"1,895 mi",3,$0.2083
YQB,LIM,"1,191",$405.13,"4,201 mi",3,$0.0964
YVR,ALG,"1,191",$255.52,"5,827 mi",3,$0.0439
YEG,YYH,"1,189","$1,186.66","1,327 mi",3,$0.8942
YQB,HEL,"1,187",$634.95,"3,581 mi",3,$0.1773
YYZ,TAE,"1,186",$878.39,"6,459 mi",3,$0.1360
YVR,SUF,"1,185",$616.12,"6,041 mi",3,$0.1020
YVR,AUH,"1,184",$815.20,"7,128 mi",3,$0.1144
YVR,CBR,"1,183","$1,406.41","7,677 mi",3,$0.1832
YVR,YNT,"1,183",$553.81,"5,429 mi",3,$0.1020
YHZ,LYS,"1,178",$482.91,"3,130 mi",3,$0.1543
YYC,CUZ,"1,178",$424.08,"5,287 mi",3,$0.0802
YQB,YQY,"1,178",$526.34,557 mi,3,$0.9450
YVR,PMR,"1,178",$796.34,"7,434 mi",3,$0.1071
YHZ,TPE,"1,177","$1,066.95","7,821 mi",3,$0.1364
YQB,YPN,"1,176",$258.77,400 mi,3,$0.6469
YYZ,DRP,"1,175",$703.39,"7,999 mi",3,$0.0879
YVR,NPE,"1,174",$808.96,"7,344 mi",3,$0.1102
YYC,BIS,"1,172",$402.65,692 mi,3,$0.5819
YYZ,LKO,"1,172",$828.86,"7,193 mi",3,$0.1152
YYT,YUY,"1,172",$323.03,"1,239 mi",3,$0.2607
YYZ,ZBF,"1,171",$392.34,745 mi,3,$0.5266
YVR,ANU,"1,168",$589.11,"4,165 mi",3,$0.1414
YWG,KUL,"1,168",$739.71,"8,886 mi",3,$0.0832
YWG,BLR,"1,167",$707.63,"7,823 mi",3,$0.0905
YYC,STR,"1,162",$490.27,"4,628 mi",3,$0.1059
YUL,BAH,"1,161",$726.51,"6,184 mi",3,$0.1175
YYZ,MME,"1,159",$472.13,"3,530 mi",3,$0.1337
YVR,DUD,"1,158",$942.16,"7,460 mi",3,$0.1263
YUL,SHV,"1,157",$334.96,"1,356 mi",3,$0.2470
YYZ,DUR,"1,155",$706.51,"8,848 mi",3,$0.0798
YUL,XPL,"1,154",$363.61,"2,221 mi",3,$0.1637
YVR,CXR,"1,153",$473.90,"7,362 mi",3,$0.0644
YWG,KRK,"1,153",$261.39,"4,456 mi",3,$0.0587
YYZ,RAP,"1,153",$377.96,"1,128 mi",3,$0.3351
YUL,VAR,"1,152",$328.03,"4,510 mi",3,$0.0727
YHZ,ANU,"1,150",$443.05,"1,862 mi",3,$0.2379
YVR,SLP,"1,149",$410.96,"2,290 mi",3,$0.1795
YUL,NOU,"1,148","$1,073.78","8,992 mi",3,$0.1194
YVR,CAG,"1,148","$1,061.78","5,497 mi",3,$0.1932
YEG,DUS,"1,148",$458.30,"4,561 mi",3,$0.1005
YTZ,YDF,"1,147",$221.79,"1,145 mi",3,$0.1937
YYT,DTW,"1,147",$313.13,"1,486 mi",3,$0.2107
YYZ,LBB,"1,147",$297.14,"1,335 mi",3,$0.2226
YVR,TAS,"1,146",$706.72,"5,957 mi",3,$0.1186
YYZ,MDW,"1,146",$217.86,445 mi,3,$0.4896
YVR,KWE,"1,146",$459.35,"6,558 mi",3,$0.0700
YHZ,ANC,"1,145",$484.34,"3,577 mi",3,$0.1354
YUL,EBL,"1,143",$439.75,"5,420 mi",3,$0.0811
YEG,BDL,"1,143",$596.33,"2,087 mi",3,$0.2857
YVR,HBA,"1,141","$1,072.97","8,581 mi",3,$0.1250
YVR,KOJ,"1,140",$892.91,"5,082 mi",3,$0.1757
YQB,YYB,"1,140",$393.78,371 mi,3,$1.0614
YYZ,ASR,"1,138",$741.15,"5,612 mi",3,$0.1321
YEG,POP,"1,138",$252.89,"3,343 mi",3,$0.0756
YYZ,NJF,"1,136",$610.67,"6,313 mi",3,$0.0967
YVR,FLN,"1,135",$681.25,"6,798 mi",3,$0.1002
YYZ,EGE,"1,135",$530.64,"1,472 mi",3,$0.3605
YQB,OPO,"1,133",$227.90,"2,964 mi",3,$0.0769
YVR,USM,"1,132",$637.23,"7,836 mi",3,$0.0813
YUL,CAK,"1,129",$375.14,484 mi,3,$0.7751
YWG,HAM,"1,129",$306.83,"4,008 mi",3,$0.0766
YYZ,MUX,"1,129",$558.38,"7,223 mi",3,$0.0773
YEG,MED,"1,126",$916.60,"6,618 mi",3,$0.1385
YHZ,AKL,"1,126","$1,077.43","9,130 mi",3,$0.1180
YUL,GRZ,"1,126",$613.93,"3,895 mi",3,$0.1576
YVR,YTP,"1,125",$83.39,103 mi,3,$0.8096
YWG,JAX,"1,124",$410.00,"1,613 mi",3,$0.2542
YVR,PIA,"1,121",$407.24,"1,776 mi",3,$0.2293
YYC,QRO,"1,120",$382.42,"2,169 mi",3,$0.1763
YYZ,JAI,"1,117",$625.98,"7,543 mi",3,$0.0830
YQB,PLS,"1,113",$364.87,"1,677 mi",3,$0.2176
YVR,CLJ,"1,113",$450.00,"5,679 mi",3,$0.0792
YVR,BAQ,"1,112",$374.08,"3,937 mi",3,$0.0950
YYT,EDI,"1,112",$555.43,"2,201 mi",3,$0.2524
YYZ,IAS,"1,111",$344.82,"4,614 mi",3,$0.0747
YYC,PHC,"1,109",$965.41,"7,017 mi",3,$0.1376
YYC,WUH,"1,109",$485.63,"6,245 mi",3,$0.0778
YEG,FSD,"1,108",$416.00,988 mi,3,$0.4211
YUL,PWM,"1,108",$371.91,217 mi,3,$1.7139
YVR,CUR,"1,107",$643.07,"4,112 mi",3,$0.1564
YYC,LCY,"1,106",$411.67,"4,502 mi",3,$0.0914
YYC,HRE,"1,104",$620.22,"9,739 mi",3,$0.0637
YHM,YYJ,"1,103",$194.19,"2,033 mi",3,$0.0955
YVR,CGN,"1,103",$517.97,"4,780 mi",3,$0.1084
YUL,YKQ,"1,102",$725.77,488 mi,3,$1.4872
YYZ,YXL,"1,100",$638.96,751 mi,3,$0.8508
YHZ,AUA,"1,100",$337.81,"2,338 mi",3,$0.1445
YWG,ASM,"1,099",$522.96,"7,419 mi",3,$0.0705
YUL,VVI,"1,098",$598.44,"4,279 mi",3,$0.1399
YVR,YQX,"1,093",$605.33,"2,905 mi",3,$0.2084
YYC,MLA,"1,093",$743.73,"5,835 mi",3,$0.1275
YYT,SLC,"1,093",$454.31,"2,986 mi",3,$0.1521
YYZ,CGY,"1,092",$725.35,"8,265 mi",3,$0.0878
YHZ,CUR,"1,092",$399.92,"2,214 mi",3,$0.1806
YUL,ORK,"1,091",$597.31,"2,822 mi",3,$0.2117
YEG,MRS,"1,091",$378.68,"4,980 mi",3,$0.0760
YUL,MDZ,"1,090",$557.94,"5,256 mi",3,$0.1062
YHZ,UIO,"1,087",$418.05,"3,143 mi",3,$0.1330
YWG,OSL,"1,086",$616.02,"3,966 mi",3,$0.1553
YQB,BOD,"1,085",$311.32,"3,387 mi",3,$0.0919
YYZ,LNK,"1,085",$451.89,923 mi,3,$0.4896
YYZ,SYR,"1,085",$389.69,186 mi,3,$2.0951
YEG,MGQ,"1,083",$639.29,"8,171 mi",3,$0.0782
YVR,TRI,"1,082",$445.36,"2,146 mi",3,$0.2075
YYZ,YTH,"1,079",$954.77,"1,196 mi",3,$0.7983
YHM,YYT,"1,078",$208.81,"1,387 mi",3,$0.1505
YUL,EVV,"1,077",$364.38,849 mi,3,$0.4292
YYC,CRP,"1,072",$459.00,"1,883 mi",3,$0.2438
YEG,ABV,"1,070",$520.37,"6,715 mi",3,$0.0775
YYZ,FLO,"1,070",$254.20,636 mi,3,$0.3997
YUL,LFT,"1,069",$379.98,"1,487 mi",3,$0.2555
YVR,YBG,"1,069",$840.51,"2,400 mi",3,$0.3502
YYC,CWB,"1,069",$886.90,"6,791 mi",3,$0.1306
YYC,XIY,"1,067",$857.76,"6,158 mi",3,$0.1393
YYT,CPH,"1,065","$1,022.46","2,834 mi",3,$0.3608
YVR,ESB,"1,063","$1,024.23","6,279 mi",3,$0.1631
YVR,CHQ,"1,061",$592.20,"6,436 mi",3,$0.0920
YUL,NJF,"1,061",$498.74,"5,658 mi",3,$0.0881
YEG,HAM,"1,060",$397.25,"4,241 mi",3,$0.0937
YEG,UVF,"1,059",$425.70,"4,066 mi",3,$0.1047
YUL,JTR,"1,059",$605.00,"4,730 mi",3,$0.1279
YWG,ACC,"1,059",$355.28,"6,422 mi",3,$0.0553
YYT,OSL,"1,058","$1,024.48","2,701 mi",3,$0.3793
YHZ,PLS,"1,058",$431.88,"1,722 mi",3,$0.2508
YUL,XWG,"1,056",$214.67,"3,544 mi",3,$0.0606
YQB,PSP,"1,055",$422.76,"2,425 mi",3,$0.1743
YUL,SEZ,"1,055",$741.65,"8,542 mi",3,$0.0868
YQB,ZGS,"1,054",$206.11,529 mi,3,$0.3896
YEG,HRE,"1,053",$635.31,"9,067 mi",3,$0.0701
YYC,ESB,"1,053",$855.20,"6,000 mi",3,$0.1425
YYZ,HOR,"1,052",$179.16,"2,712 mi",3,$0.0661
YYZ,INN,"1,051",$823.11,"4,276 mi",3,$0.1925
YVR,TAG,"1,051",$472.89,"6,912 mi",3,$0.0684
YYC,MFR,"1,051",$368.96,712 mi,3,$0.5182
YYC,GOT,"1,050",$661.98,"4,461 mi",3,$0.1484
YEG,ICT,"1,049",$371.43,"1,368 mi",3,$0.2715
YQB,LIR,"1,048",$273.42,"2,714 mi",3,$0.1007
YWG,GVA,"1,048",$669.89,"4,241 mi",3,$0.1580
YYZ,USM,"1,046",$931.62,"8,496 mi",3,$0.1097
YYC,BHX,"1,045",$453.05,"4,400 mi",3,$0.1030
YYZ,BIS,"1,044",$372.36,"1,077 mi",3,$0.3457
YHZ,PSP,"1,043",$461.82,"2,964 mi",3,$0.1558
YHZ,SAV,"1,043",$359.38,"1,256 mi",3,$0.2861
YVR,SZG,"1,043",$668.14,"5,400 mi",3,$0.1237
YQB,ORF,"1,043",$397.27,705 mi,3,$0.5635
YHZ,BSL,"1,042",$467.88,"3,179 mi",3,$0.1472
YYZ,NDJ,"1,041",$493.25,"5,695 mi",3,$0.0866
YEG,AYT,"1,040",$358.40,"6,026 mi",3,$0.0595
YVR,CFU,"1,040",$496.07,"6,079 mi",3,$0.0816
YVR,HAV,"1,039",$399.31,"2,940 mi",3,$0.1358
YVR,TQO,"1,038",$308.66,"2,715 mi",3,$0.1137
YEG,LYS,"1,038","$1,025.34","4,560 mi",3,$0.2249
YYZ,LRD,"1,038",$429.55,"1,615 mi",3,$0.2660
YQB,SAV,"1,036",$453.97,"1,172 mi",3,$0.3873
YEG,SZX,"1,034",$507.62,"6,668 mi",3,$0.0761
YYC,BTV,"1,033",$461.32,"1,983 mi",3,$0.2326
YQB,GRR,"1,031",$509.28,764 mi,3,$0.6666
YWG,YYR,"1,030",$642.62,"1,626 mi",3,$0.3952
YYZ,SKD,"1,030",$810.97,"6,500 mi",3,$0.1248
YYZ,LUZ,"1,029",$395.89,"4,539 mi",3,$0.0872
YEG,UIO,"1,026",$517.45,"4,334 mi",3,$0.1194
YVR,NPL,"1,026","$1,038.47","6,974 mi",3,$0.1489
YVR,OKJ,"1,026",$938.64,"4,817 mi",3,$0.1949
YYC,BSR,"1,023","$1,550.07","6,886 mi",3,$0.2251
YTZ,LYS,"1,022",$195.13,"3,830 mi",3,$0.0509
YTZ,YQY,"1,020",$328.01,932 mi,3,$0.3519
YYZ,BES,"1,019",$630.31,"3,577 mi",3,$0.1762
YEG,FAO,"1,018",$659.19,"4,641 mi",3,$0.1420
YEG,EUG,"1,017",$298.55,793 mi,3,$0.3765
YVR,RHO,"1,016",$858.46,"6,078 mi",3,$0.1412
YYC,LFT,"1,014",$493.21,"1,779 mi",3,$0.2772
YYC,RMO,"1,006",$356.97,"5,155 mi",3,$0.0692
YHZ,YWK,"1,005",$718.52,558 mi,3,$1.2877
YQB,BHM,"1,002",$427.22,"1,180 mi",3,$0.3621
YYZ,XNB,"1,000",$852.95,"6,684 mi",3,$0.1276